,event_id,station,components,time,duration
0,20190101T000145Z,1J.TI3A.,"['CH1', 'CH2', 'CHZ']",2019-01-01T00:01:45.520000Z,9.57
1,20190101T000145Z,1J.TI8A.,"['CH1', 'CH2', 'CHZ']",2019-01-01T00:01:45.520000Z,9.57
2,20190101T000145Z,1J.TI6A.,"['CH1', 'CH2', 'CHZ']",2019-01-01T00:01:45.520000Z,9.57
3,20190101T000218Z,1J.TI6A.,"['CH1', 'CH2', 'CHZ']",2019-01-01T00:02:18.740000Z,6.61
4,20190101T000218Z,1J.TI7A.,"['CH1', 'CH2', 'CHZ']",2019-01-01T00:02:18.740000Z,6.61
5,20190101T000301Z,1J.TI4A.,"['CH1', 'CH2', 'CHZ']",2019-01-01T00:03:01.120000Z,7.89
6,20190101T000301Z,1J.TI8A.,"['CH1', 'CH2', 'CHZ']",2019-01-01T00:03:01.120000Z,7.89
7,20190101T000544Z,1J.TI8A.,"['CH1', 'CH2', 'CHZ']",2019-01-01T00:05:44.000000Z,6.43
8,20190101T000544Z,1J.TI6A.,"['CH1', 'CH2', 'CHZ']",2019-01-01T00:05:44.000000Z,6.43
9,20190101T000813Z,1J.TI6A.,"['CH1', 'CH2', 'CHZ']",2019-01-01T00:08:13.240000Z,6.61
10,20190101T000813Z,1J.TI7A.,"['CH1', 'CH2', 'CHZ']",2019-01-01T00:08:13.240000Z,6.61
11,20190101T001257Z,1J.TI4A.,"['CH1', 'CH2', 'CHZ']",2019-01-01T00:12:57.030000Z,7.39
12,20190101T001257Z,1J.TI8A.,"['CH1', 'CH2', 'CHZ']",2019-01-01T00:12:57.030000Z,7.39
13,20190101T001510Z,1J.TI6A.,"['CH1', 'CH2', 'CHZ']",2019-01-01T00:15:10.160000Z,6.61
14,20190101T001510Z,1J.TI7A.,"['CH1', 'CH2', 'CHZ']",2019-01-01T00:15:10.160000Z,6.61
15,20190101T002008Z,1J.TI8A.,"['CH1', 'CH2', 'CHZ']",2019-01-01T00:20:08.330000Z,6.43
16,20190101T002008Z,1J.TI6A.,"['CH1', 'CH2', 'CHZ']",2019-01-01T00:20:08.330000Z,6.43
17,20190101T002055Z,1J.TI3A.,"['CH1', 'CH2', 'CHZ']",2019-01-01T00:20:55.840000Z,7.49
18,20190101T002055Z,1J.TI8A.,"['CH1', 'CH2', 'CHZ']",2019-01-01T00:20:55.840000Z,7.49
19,20190101T002055Z,1J.TI6A.,"['CH1', 'CH2', 'CHZ']",2019-01-01T00:20:55.840000Z,7.49
20,20190101T002118Z,1J.TI6A.,"['CH1', 'CH2', 'CHZ']",2019-01-01T00:21:18.940000Z,6.61
21,20190101T002118Z,1J.TI7A.,"['CH1', 'CH2', 'CHZ']",2019-01-01T00:21:18.940000Z,6.61
22,20190101T002551Z,1J.TI6A.,"['CH1', 'CH2', 'CHZ']",2019-01-01T00:25:51.080000Z,6.61
23,20190101T002551Z,1J.TI7A.,"['CH1', 'CH2', 'CHZ']",2019-01-01T00:25:51.080000Z,6.61
24,20190101T002609Z,1J.TI6A.,"['CH1', 'CH2', 'CHZ']",2019-01-01T00:26:09.750000Z,6.61
25,20190101T002609Z,1J.TI7A.,"['CH1', 'CH2', 'CHZ']",2019-01-01T00:26:09.750000Z,6.61
26,20190101T002841Z,1J.TI8A.,"['CH1', 'CH2', 'CHZ']",2019-01-01T00:28:41.340000Z,10.89
27,20190101T002841Z,1J.TI6A.,"['CH1', 'CH2', 'CHZ']",2019-01-01T00:28:41.340000Z,10.89
28,20190101T002841Z,1J.TI7A.,"['CH1', 'CH2', 'CHZ']",2019-01-01T00:28:41.340000Z,10.89
29,20190101T003006Z,1J.TI6A.,"['CH1', 'CH2', 'CHZ']",2019-01-01T00:30:06.810000Z,6.61
30,20190101T003006Z,1J.TI7A.,"['CH1', 'CH2', 'CHZ']",2019-01-01T00:30:06.810000Z,6.61
31,20190101T003103Z,1J.TI3A.,"['CH1', 'CH2', 'CHZ']",2019-01-01T00:31:03.150000Z,6.77
32,20190101T003103Z,1J.TI6A.,"['CH1', 'CH2', 'CHZ']",2019-01-01T00:31:03.150000Z,6.77
33,20190101T003657Z,1J.TI8A.,"['CH1', 'CH2', 'CHZ']",2019-01-01T00:36:57.920000Z,10.89
34,20190101T003657Z,1J.TI6A.,"['CH1', 'CH2', 'CHZ']",2019-01-01T00:36:57.920000Z,10.89
35,20190101T003657Z,1J.TI7A.,"['CH1', 'CH2', 'CHZ']",2019-01-01T00:36:57.920000Z,10.89
36,20190101T003740Z,1J.TI6A.,"['CH1', 'CH2', 'CHZ']",2019-01-01T00:37:40.440000Z,6.61
37,20190101T003740Z,1J.TI7A.,"['CH1', 'CH2', 'CHZ']",2019-01-01T00:37:40.440000Z,6.61
38,20190101T004408Z,1J.TI6A.,"['CH1', 'CH2', 'CHZ']",2019-01-01T00:44:08.210000Z,6.61
39,20190101T004408Z,1J.TI7A.,"['CH1', 'CH2', 'CHZ']",2019-01-01T00:44:08.210000Z,6.61
40,20190101T004931Z,1J.TI6A.,"['CH1', 'CH2', 'CHZ']",2019-01-01T00:49:31.110000Z,6.61
41,20190101T004931Z,1J.TI7A.,"['CH1', 'CH2', 'CHZ']",2019-01-01T00:49:31.110000Z,6.61
42,20190101T005050Z,1J.TI6A.,"['CH1', 'CH2', 'CHZ']",2019-01-01T00:50:50.620000Z,6.61
43,20190101T005050Z,1J.TI7A.,"['CH1', 'CH2', 'CHZ']",2019-01-01T00:50:50.620000Z,6.61
44,20190101T005130Z,1J.TI6A.,"['CH1', 'CH2', 'CHZ']",2019-01-01T00:51:30.990000Z,6.61
45,20190101T005130Z,1J.TI7A.,"['CH1', 'CH2', 'CHZ']",2019-01-01T00:51:30.990000Z,6.61
46,20190101T005259Z,1J.TI3A.,"['CH1', 'CH2', 'CHZ']",2019-01-01T00:52:59.680000Z,6.77
47,20190101T005259Z,1J.TI6A.,"['CH1', 'CH2', 'CHZ']",2019-01-01T00:52:59.680000Z,6.77
48,20190101T005559Z,1J.TI6A.,"['CH1', 'CH2', 'CHZ']",2019-01-01T00:55:59.780000Z,6.61
49,20190101T005559Z,1J.TI7A.,"['CH1', 'CH2', 'CHZ']",2019-01-01T00:55:59.780000Z,6.61
50,20190101T010235Z,1J.TI6A.,"['CH1', 'CH2', 'CHZ']",2019-01-01T01:02:35.320000Z,6.61
51,20190101T010235Z,1J.TI7A.,"['CH1', 'CH2', 'CHZ']",2019-01-01T01:02:35.320000Z,6.61
52,20190101T010550Z,1J.TI6A.,"['CH1', 'CH2', 'CHZ']",2019-01-01T01:05:50.900000Z,6.61
53,20190101T010550Z,1J.TI7A.,"['CH1', 'CH2', 'CHZ']",2019-01-01T01:05:50.900000Z,6.61
54,20190101T010653Z,1J.TI4A.,"['CH1', 'CH2', 'CHZ']",2019-01-01T01:06:53.040000Z,7.39
55,20190101T010653Z,1J.TI8A.,"['CH1', 'CH2', 'CHZ']",2019-01-01T01:06:53.040000Z,7.39
56,20190101T010914Z,1J.TI3A.,"['CH1', 'CH2', 'CHZ']",2019-01-01T01:09:14.960000Z,6.77
57,20190101T010914Z,1J.TI6A.,"['CH1', 'CH2', 'CHZ']",2019-01-01T01:09:14.960000Z,6.77
58,20190101T010941Z,1J.TI6A.,"['CH1', 'CH2', 'CHZ']",2019-01-01T01:09:41.600000Z,6.61
59,20190101T010941Z,1J.TI7A.,"['CH1', 'CH2', 'CHZ']",2019-01-01T01:09:41.600000Z,6.61
60,20190101T011617Z,1J.TI6A.,"['CH1', 'CH2', 'CHZ']",2019-01-01T01:16:17.110000Z,6.61
61,20190101T011617Z,1J.TI7A.,"['CH1', 'CH2', 'CHZ']",2019-01-01T01:16:17.110000Z,6.61
62,20190101T011638Z,1J.TI8A.,"['CH1', 'CH2', 'CHZ']",2019-01-01T01:16:38.720000Z,10.89
63,20190101T011638Z,1J.TI6A.,"['CH1', 'CH2', 'CHZ']",2019-01-01T01:16:38.720000Z,10.89
64,20190101T011638Z,1J.TI7A.,"['CH1', 'CH2', 'CHZ']",2019-01-01T01:16:38.720000Z,10.89
65,20190101T011920Z,1J.TI4A.,"['CH1', 'CH2', 'CHZ']",2019-01-01T01:19:20.820000Z,7.39
66,20190101T011920Z,1J.TI8A.,"['CH1', 'CH2', 'CHZ']",2019-01-01T01:19:20.820000Z,7.39
67,20190101T012128Z,1J.TI6A.,"['CH1', 'CH2', 'CHZ']",2019-01-01T01:21:28.770000Z,6.61
68,20190101T012128Z,1J.TI7A.,"['CH1', 'CH2', 'CHZ']",2019-01-01T01:21:28.770000Z,6.61
69,20190101T012522Z,1J.TI6A.,"['CH1', 'CH2', 'CHZ']",2019-01-01T01:25:22.350000Z,6.61
70,20190101T012522Z,1J.TI7A.,"['CH1', 'CH2', 'CHZ']",2019-01-01T01:25:22.350000Z,6.61
71,20190101T012921Z,1J.TI6A.,"['CH1', 'CH2', 'CHZ']",2019-01-01T01:29:21.720000Z,6.61
72,20190101T012921Z,1J.TI7A.,"['CH1', 'CH2', 'CHZ']",2019-01-01T01:29:21.720000Z,6.61
73,20190101T013347Z,1J.TI6A.,"['CH1', 'CH2', 'CHZ']",2019-01-01T01:33:47.360000Z,6.61
74,20190101T013347Z,1J.TI7A.,"['CH1', 'CH2', 'CHZ']",2019-01-01T01:33:47.360000Z,6.61
75,20190101T013455Z,1J.TI8A.,"['CH1', 'CH2', 'CHZ']",2019-01-01T01:34:55.740000Z,10.89
76,20190101T013455Z,1J.TI6A.,"['CH1', 'CH2', 'CHZ']",2019-01-01T01:34:55.740000Z,10.89
77,20190101T013455Z,1J.TI7A.,"['CH1', 'CH2', 'CHZ']",2019-01-01T01:34:55.740000Z,10.89
78,20190101T013635Z,1J.TI3A.,"['CH1', 'CH2', 'CHZ']",2019-01-01T01:36:35.570000Z,6.77
79,20190101T013635Z,1J.TI6A.,"['CH1', 'CH2', 'CHZ']",2019-01-01T01:36:35.570000Z,6.77
80,20190101T013818Z,1J.TI6A.,"['CH1', 'CH2', 'CHZ']",2019-01-01T01:38:18.920000Z,6.61
81,20190101T013818Z,1J.TI7A.,"['CH1', 'CH2', 'CHZ']",2019-01-01T01:38:18.920000Z,6.61
82,20190101T013830Z,1J.TI6A.,"['CH1', 'CH2', 'CHZ']",2019-01-01T01:38:30.280000Z,6.61
83,20190101T013830Z,1J.TI7A.,"['CH1', 'CH2', 'CHZ']",2019-01-01T01:38:30.280000Z,6.61
84,20190101T014223Z,1J.TI4A.,"['CH1', 'CH2', 'CHZ']",2019-01-01T01:42:23.040000Z,7.39
85,20190101T014223Z,1J.TI8A.,"['CH1', 'CH2', 'CHZ']",2019-01-01T01:42:23.040000Z,7.39
86,20190101T014603Z,1J.TI6A.,"['CH1', 'CH2', 'CHZ']",2019-01-01T01:46:03.290000Z,6.61
87,20190101T014603Z,1J.TI7A.,"['CH1', 'CH2', 'CHZ']",2019-01-01T01:46:03.290000Z,6.61
88,20190101T014912Z,1J.TI6A.,"['CH1', 'CH2', 'CHZ']",2019-01-01T01:49:12.440000Z,6.61
89,20190101T014912Z,1J.TI7A.,"['CH1', 'CH2', 'CHZ']",2019-01-01T01:49:12.440000Z,6.61
90,20190101T015332Z,1J.TI6A.,"['CH1', 'CH2', 'CHZ']",2019-01-01T01:53:32.760000Z,6.61
91,20190101T015332Z,1J.TI7A.,"['CH1', 'CH2', 'CHZ']",2019-01-01T01:53:32.760000Z,6.61
92,20190101T015513Z,1J.TI4A.,"['CH1', 'CH2', 'CHZ']",2019-01-01T01:55:13.340000Z,7.39
93,20190101T015513Z,1J.TI8A.,"['CH1', 'CH2', 'CHZ']",2019-01-01T01:55:13.340000Z,7.39
94,20190101T015601Z,1J.TI3A.,"['CH1', 'CH2', 'CHZ']",2019-01-01T01:56:01.280000Z,6.77
95,20190101T015601Z,1J.TI6A.,"['CH1', 'CH2', 'CHZ']",2019-01-01T01:56:01.280000Z,6.77
96,20190101T015712Z,1J.TI6A.,"['CH1', 'CH2', 'CHZ']",2019-01-01T01:57:12.900000Z,6.61
97,20190101T015712Z,1J.TI7A.,"['CH1', 'CH2', 'CHZ']",2019-01-01T01:57:12.900000Z,6.61
98,20190101T020122Z,1J.TI8A.,"['CH1', 'CH2', 'CHZ']",2019-01-01T02:01:22.020000Z,8.05
99,20190101T020244Z,1J.TI6A.,"['CH1', 'CH2', 'CHZ']",2019-01-01T02:02:44.740000Z,6.61
100,20190101T020244Z,1J.TI7A.,"['CH1', 'CH2', 'CHZ']",2019-01-01T02:02:44.740000Z,6.61
101,20190101T020425Z,1J.TI6A.,"['CH1', 'CH2', 'CHZ']",2019-01-01T02:04:25.380000Z,6.61
102,20190101T020425Z,1J.TI7A.,"['CH1', 'CH2', 'CHZ']",2019-01-01T02:04:25.380000Z,6.61
103,20190101T020814Z,1J.TI3A.,"['CH1', 'CH2', 'CHZ']",2019-01-01T02:08:14.640000Z,7.49
104,20190101T020814Z,1J.TI8A.,"['CH1', 'CH2', 'CHZ']",2019-01-01T02:08:14.640000Z,7.49
105,20190101T020814Z,1J.TI6A.,"['CH1', 'CH2', 'CHZ']",2019-01-01T02:08:14.640000Z,7.49
106,20190101T020936Z,1J.TI4A.,"['CH1', 'CH2', 'CHZ']",2019-01-01T02:09:36.460000Z,7.39
107,20190101T020936Z,1J.TI8A.,"['CH1', 'CH2', 'CHZ']",2019-01-01T02:09:36.460000Z,7.39
108,20190101T021004Z,1J.TI6A.,"['CH1', 'CH2', 'CHZ']",2019-01-01T02:10:04.140000Z,6.61
109,20190101T021004Z,1J.TI7A.,"['CH1', 'CH2', 'CHZ']",2019-01-01T02:10:04.140000Z,6.61
110,20190101T021238Z,1J.TI8A.,"['CH1', 'CH2', 'CHZ']",2019-01-01T02:12:38.960000Z,6.43
111,20190101T021238Z,1J.TI6A.,"['CH1', 'CH2', 'CHZ']",2019-01-01T02:12:38.960000Z,6.43
112,20190101T021702Z,1J.TI6A.,"['CH1', 'CH2', 'CHZ']",2019-01-01T02:17:02.050000Z,6.61
113,20190101T021702Z,1J.TI7A.,"['CH1', 'CH2', 'CHZ']",2019-01-01T02:17:02.050000Z,6.61
114,20190101T022206Z,1J.TI6A.,"['CH1', 'CH2', 'CHZ']",2019-01-01T02:22:06.700000Z,6.61
115,20190101T022206Z,1J.TI7A.,"['CH1', 'CH2', 'CHZ']",2019-01-01T02:22:06.700000Z,6.61
116,20190101T022327Z,1J.TI4A.,"['CH1', 'CH2', 'CHZ']",2019-01-01T02:23:27.580000Z,7.39
117,20190101T022327Z,1J.TI8A.,"['CH1', 'CH2', 'CHZ']",2019-01-01T02:23:27.580000Z,7.39
118,20190101T022401Z,1J.TI8A.,"['CH1', 'CH2', 'CHZ']",2019-01-01T02:24:01.030000Z,8.05
119,20190101T022423Z,1J.TI3A.,"['CH1', 'CH2', 'CHZ']",2019-01-01T02:24:23.130000Z,6.77
120,20190101T022423Z,1J.TI6A.,"['CH1', 'CH2', 'CHZ']",2019-01-01T02:24:23.130000Z,6.77
121,20190101T022618Z,1J.TI3A.,"['CH1', 'CH2', 'CHZ']",2019-01-01T02:26:18.930000Z,6.77
122,20190101T022618Z,1J.TI6A.,"['CH1', 'CH2', 'CHZ']",2019-01-01T02:26:18.930000Z,6.77
123,20190101T022759Z,1J.TI6A.,"['CH1', 'CH2', 'CHZ']",2019-01-01T02:27:59.340000Z,6.61
124,20190101T022759Z,1J.TI7A.,"['CH1', 'CH2', 'CHZ']",2019-01-01T02:27:59.340000Z,6.61
125,20190101T023118Z,1J.TI6A.,"['CH1', 'CH2', 'CHZ']",2019-01-01T02:31:18.920000Z,6.61
126,20190101T023118Z,1J.TI7A.,"['CH1', 'CH2', 'CHZ']",2019-01-01T02:31:18.920000Z,6.61
127,20190101T023210Z,1J.TI6A.,"['CH1', 'CH2', 'CHZ']",2019-01-01T02:32:10.840000Z,6.61
128,20190101T023210Z,1J.TI7A.,"['CH1', 'CH2', 'CHZ']",2019-01-01T02:32:10.840000Z,6.61
129,20190101T023431Z,1J.TI4A.,"['CH1', 'CH2', 'CHZ']",2019-01-01T02:34:31.160000Z,7.39
130,20190101T023431Z,1J.TI8A.,"['CH1', 'CH2', 'CHZ']",2019-01-01T02:34:31.160000Z,7.39
131,20190101T023635Z,1J.TI6A.,"['CH1', 'CH2', 'CHZ']",2019-01-01T02:36:35.090000Z,6.61
132,20190101T023635Z,1J.TI7A.,"['CH1', 'CH2', 'CHZ']",2019-01-01T02:36:35.090000Z,6.61
133,20190101T023831Z,1J.TI3A.,"['CH1', 'CH2', 'CHZ']",2019-01-01T02:38:31.740000Z,7.49
134,20190101T023831Z,1J.TI8A.,"['CH1', 'CH2', 'CHZ']",2019-01-01T02:38:31.740000Z,7.49
135,20190101T023831Z,1J.TI6A.,"['CH1', 'CH2', 'CHZ']",2019-01-01T02:38:31.740000Z,7.49
136,20190101T024303Z,1J.TI6A.,"['CH1', 'CH2', 'CHZ']",2019-01-01T02:43:03.450000Z,6.61
137,20190101T024303Z,1J.TI7A.,"['CH1', 'CH2', 'CHZ']",2019-01-01T02:43:03.450000Z,6.61
138,20190101T024639Z,1J.TI4A.,"['CH1', 'CH2', 'CHZ']",2019-01-01T02:46:39.790000Z,7.39
139,20190101T024639Z,1J.TI8A.,"['CH1', 'CH2', 'CHZ']",2019-01-01T02:46:39.790000Z,7.39
140,20190101T024701Z,1J.TI6A.,"['CH1', 'CH2', 'CHZ']",2019-01-01T02:47:01.650000Z,6.61
141,20190101T024701Z,1J.TI7A.,"['CH1', 'CH2', 'CHZ']",2019-01-01T02:47:01.650000Z,6.61
142,20190101T024952Z,1J.TI3A.,"['CH1', 'CH2', 'CHZ']",2019-01-01T02:49:52.410000Z,6.77
143,20190101T024952Z,1J.TI6A.,"['CH1', 'CH2', 'CHZ']",2019-01-01T02:49:52.410000Z,6.77
144,20190101T025011Z,1J.TI6A.,"['CH1', 'CH2', 'CHZ']",2019-01-01T02:50:11.150000Z,6.61
145,20190101T025011Z,1J.TI7A.,"['CH1', 'CH2', 'CHZ']",2019-01-01T02:50:11.150000Z,6.61
146,20190101T025407Z,1J.TI6A.,"['CH1', 'CH2', 'CHZ']",2019-01-01T02:54:07.130000Z,6.61
147,20190101T025407Z,1J.TI7A.,"['CH1', 'CH2', 'CHZ']",2019-01-01T02:54:07.130000Z,6.61
148,20190101T025600Z,1J.TI3A.,"['CH1', 'CH2', 'CHZ']",2019-01-01T02:56:00.830000Z,6.77
149,20190101T025600Z,1J.TI6A.,"['CH1', 'CH2', 'CHZ']",2019-01-01T02:56:00.830000Z,6.77
150,20190101T025817Z,1J.TI4A.,"['CH1', 'CH2', 'CHZ']",2019-01-01T02:58:17.430000Z,7.39
151,20190101T025817Z,1J.TI8A.,"['CH1', 'CH2', 'CHZ']",2019-01-01T02:58:17.430000Z,7.39
152,20190101T030019Z,1J.TI4A.,"['CH1', 'CH2', 'CHZ']",2019-01-01T03:00:19.020000Z,12.12
153,20190101T030019Z,1J.TI3A.,"['CH1', 'CH2', 'CHZ']",2019-01-01T03:00:19.020000Z,12.12
154,20190101T030019Z,1J.TI8A.,"['CH1', 'CH2', 'CHZ']",2019-01-01T03:00:19.020000Z,12.12
155,20190101T030019Z,1J.TI6A.,"['CH1', 'CH2', 'CHZ']",2019-01-01T03:00:19.020000Z,12.12
156,20190101T030019Z,1J.TI1A.,"['CH1', 'CH2', 'CHZ']",2019-01-01T03:00:19.020000Z,12.12
157,20190101T030255Z,1J.TI3A.,"['CH1', 'CH2', 'CHZ']",2019-01-01T03:02:55.460000Z,6.77
158,20190101T030255Z,1J.TI6A.,"['CH1', 'CH2', 'CHZ']",2019-01-01T03:02:55.460000Z,6.77
159,20190101T030347Z,1J.TI6A.,"['CH1', 'CH2', 'CHZ']",2019-01-01T03:03:47.920000Z,6.61
160,20190101T030347Z,1J.TI7A.,"['CH1', 'CH2', 'CHZ']",2019-01-01T03:03:47.920000Z,6.61
161,20190101T030507Z,1J.TI6A.,"['CH1', 'CH2', 'CHZ']",2019-01-01T03:05:07.810000Z,6.61
162,20190101T030507Z,1J.TI7A.,"['CH1', 'CH2', 'CHZ']",2019-01-01T03:05:07.810000Z,6.61
163,20190101T031117Z,1J.TI6A.,"['CH1', 'CH2', 'CHZ']",2019-01-01T03:11:17.540000Z,6.61
164,20190101T031117Z,1J.TI7A.,"['CH1', 'CH2', 'CHZ']",2019-01-01T03:11:17.540000Z,6.61
165,20190101T031258Z,1J.TI3A.,"['CH1', 'CH2', 'CHZ']",2019-01-01T03:12:58.920000Z,6.77
166,20190101T031258Z,1J.TI6A.,"['CH1', 'CH2', 'CHZ']",2019-01-01T03:12:58.920000Z,6.77
167,20190101T031328Z,1J.TI6A.,"['CH1', 'CH2', 'CHZ']",2019-01-01T03:13:28.940000Z,6.61
168,20190101T031328Z,1J.TI7A.,"['CH1', 'CH2', 'CHZ']",2019-01-01T03:13:28.940000Z,6.61
169,20190101T031510Z,1J.TI3A.,"['CH1', 'CH2', 'CHZ']",2019-01-01T03:15:10.230000Z,7.49
170,20190101T031510Z,1J.TI8A.,"['CH1', 'CH2', 'CHZ']",2019-01-01T03:15:10.230000Z,7.49
171,20190101T031510Z,1J.TI6A.,"['CH1', 'CH2', 'CHZ']",2019-01-01T03:15:10.230000Z,7.49
172,20190101T031552Z,1J.TI6A.,"['CH1', 'CH2', 'CHZ']",2019-01-01T03:15:52.820000Z,6.61
173,20190101T031552Z,1J.TI7A.,"['CH1', 'CH2', 'CHZ']",2019-01-01T03:15:52.820000Z,6.61
174,20190101T032213Z,1J.TI6A.,"['CH1', 'CH2', 'CHZ']",2019-01-01T03:22:13.670000Z,6.61
175,20190101T032213Z,1J.TI7A.,"['CH1', 'CH2', 'CHZ']",2019-01-01T03:22:13.670000Z,6.61
176,20190101T032230Z,1J.TI6A.,"['CH1', 'CH2', 'CHZ']",2019-01-01T03:22:30.020000Z,6.61
177,20190101T032230Z,1J.TI7A.,"['CH1', 'CH2', 'CHZ']",2019-01-01T03:22:30.020000Z,6.61
178,20190101T032701Z,1J.TI4A.,"['CH1', 'CH2', 'CHZ']",2019-01-01T03:27:01.350000Z,7.39
179,20190101T032701Z,1J.TI8A.,"['CH1', 'CH2', 'CHZ']",2019-01-01T03:27:01.350000Z,7.39
180,20190101T032718Z,1J.TI6A.,"['CH1', 'CH2', 'CHZ']",2019-01-01T03:27:18.610000Z,6.61
181,20190101T032718Z,1J.TI7A.,"['CH1', 'CH2', 'CHZ']",2019-01-01T03:27:18.610000Z,6.61
182,20190101T032819Z,1J.TI8A.,"['CH1', 'CH2', 'CHZ']",2019-01-01T03:28:19.950000Z,10.89
183,20190101T032819Z,1J.TI6A.,"['CH1', 'CH2', 'CHZ']",2019-01-01T03:28:19.950000Z,10.89
184,20190101T032819Z,1J.TI7A.,"['CH1', 'CH2', 'CHZ']",2019-01-01T03:28:19.950000Z,10.89
185,20190101T033420Z,1J.TI6A.,"['CH1', 'CH2', 'CHZ']",2019-01-01T03:34:20.870000Z,6.61
186,20190101T033420Z,1J.TI7A.,"['CH1', 'CH2', 'CHZ']",2019-01-01T03:34:20.870000Z,6.61
187,20190101T033744Z,1J.TI6A.,"['CH1', 'CH2', 'CHZ']",2019-01-01T03:37:44.580000Z,6.61
188,20190101T033744Z,1J.TI7A.,"['CH1', 'CH2', 'CHZ']",2019-01-01T03:37:44.580000Z,6.61
189,20190101T033951Z,1J.TI6A.,"['CH1', 'CH2', 'CHZ']",2019-01-01T03:39:51.800000Z,6.61
190,20190101T033951Z,1J.TI7A.,"['CH1', 'CH2', 'CHZ']",2019-01-01T03:39:51.800000Z,6.61
191,20190101T034459Z,1J.TI6A.,"['CH1', 'CH2', 'CHZ']",2019-01-01T03:44:59.380000Z,6.61
192,20190101T034459Z,1J.TI7A.,"['CH1', 'CH2', 'CHZ']",2019-01-01T03:44:59.380000Z,6.61
193,20190101T034628Z,1J.TI4A.,"['CH1', 'CH2', 'CHZ']",2019-01-01T03:46:28.620000Z,7.39
194,20190101T034628Z,1J.TI8A.,"['CH1', 'CH2', 'CHZ']",2019-01-01T03:46:28.620000Z,7.39
195,20190101T034711Z,1J.TI6A.,"['CH1', 'CH2', 'CHZ']",2019-01-01T03:47:11.790000Z,6.61
196,20190101T034711Z,1J.TI7A.,"['CH1', 'CH2', 'CHZ']",2019-01-01T03:47:11.790000Z,6.61
197,20190101T034803Z,1J.TI3A.,"['CH1', 'CH2', 'CHZ']",2019-01-01T03:48:03.350000Z,6.77
198,20190101T034803Z,1J.TI6A.,"['CH1', 'CH2', 'CHZ']",2019-01-01T03:48:03.350000Z,6.77
199,20190101T034842Z,1J.TI6A.,"['CH1', 'CH2', 'CHZ']",2019-01-01T03:48:42.870000Z,6.61
200,20190101T034842Z,1J.TI7A.,"['CH1', 'CH2', 'CHZ']",2019-01-01T03:48:42.870000Z,6.61
201,20190101T034941Z,1J.TI3A.,"['CH1', 'CH2', 'CHZ']",2019-01-01T03:49:41.360000Z,6.77
202,20190101T034941Z,1J.TI6A.,"['CH1', 'CH2', 'CHZ']",2019-01-01T03:49:41.360000Z,6.77
203,20190101T035032Z,1J.TI8A.,"['CH1', 'CH2', 'CHZ']",2019-01-01T03:50:32.240000Z,10.89
204,20190101T035032Z,1J.TI6A.,"['CH1', 'CH2', 'CHZ']",2019-01-01T03:50:32.240000Z,10.89
205,20190101T035032Z,1J.TI7A.,"['CH1', 'CH2', 'CHZ']",2019-01-01T03:50:32.240000Z,10.89
206,20190101T035131Z,1J.TI3A.,"['CH1', 'CH2', 'CHZ']",2019-01-01T03:51:31.710000Z,6.77
207,20190101T035131Z,1J.TI6A.,"['CH1', 'CH2', 'CHZ']",2019-01-01T03:51:31.710000Z,6.77
208,20190101T035158Z,1J.TI6A.,"['CH1', 'CH2', 'CHZ']",2019-01-01T03:51:58.690000Z,6.61
209,20190101T035158Z,1J.TI7A.,"['CH1', 'CH2', 'CHZ']",2019-01-01T03:51:58.690000Z,6.61
210,20190101T035543Z,1J.TI8A.,"['CH1', 'CH2', 'CHZ']",2019-01-01T03:55:43.910000Z,8.05
211,20190101T035754Z,1J.TI6A.,"['CH1', 'CH2', 'CHZ']",2019-01-01T03:57:54.230000Z,6.61
212,20190101T035754Z,1J.TI7A.,"['CH1', 'CH2', 'CHZ']",2019-01-01T03:57:54.230000Z,6.61
213,20190101T035836Z,1J.TI8A.,"['CH1', 'CH2', 'CHZ']",2019-01-01T03:58:36.930000Z,10.89
214,20190101T035836Z,1J.TI6A.,"['CH1', 'CH2', 'CHZ']",2019-01-01T03:58:36.930000Z,10.89
215,20190101T035836Z,1J.TI7A.,"['CH1', 'CH2', 'CHZ']",2019-01-01T03:58:36.930000Z,10.89
216,20190101T040305Z,1J.TI6A.,"['CH1', 'CH2', 'CHZ']",2019-01-01T04:03:05.660000Z,6.61
217,20190101T040305Z,1J.TI7A.,"['CH1', 'CH2', 'CHZ']",2019-01-01T04:03:05.660000Z,6.61
218,20190101T040319Z,1J.TI6A.,"['CH1', 'CH2', 'CHZ']",2019-01-01T04:03:19.750000Z,6.61
219,20190101T040319Z,1J.TI7A.,"['CH1', 'CH2', 'CHZ']",2019-01-01T04:03:19.750000Z,6.61
220,20190101T040602Z,1J.TI8A.,"['CH1', 'CH2', 'CHZ']",2019-01-01T04:06:02.110000Z,10.89
221,20190101T040602Z,1J.TI6A.,"['CH1', 'CH2', 'CHZ']",2019-01-01T04:06:02.110000Z,10.89
222,20190101T040602Z,1J.TI7A.,"['CH1', 'CH2', 'CHZ']",2019-01-01T04:06:02.110000Z,10.89
223,20190101T040651Z,1J.TI6A.,"['CH1', 'CH2', 'CHZ']",2019-01-01T04:06:51.390000Z,6.61
224,20190101T040651Z,1J.TI7A.,"['CH1', 'CH2', 'CHZ']",2019-01-01T04:06:51.390000Z,6.61
225,20190101T040755Z,1J.TI3A.,"['CH1', 'CH2', 'CHZ']",2019-01-01T04:07:55.940000Z,6.77
226,20190101T040755Z,1J.TI6A.,"['CH1', 'CH2', 'CHZ']",2019-01-01T04:07:55.940000Z,6.77
227,20190101T040942Z,1J.TI4A.,"['CH1', 'CH2', 'CHZ']",2019-01-01T04:09:42.660000Z,7.39
228,20190101T040942Z,1J.TI8A.,"['CH1', 'CH2', 'CHZ']",2019-01-01T04:09:42.660000Z,7.39
229,20190101T041318Z,1J.TI6A.,"['CH1', 'CH2', 'CHZ']",2019-01-01T04:13:18.870000Z,6.61
230,20190101T041318Z,1J.TI7A.,"['CH1', 'CH2', 'CHZ']",2019-01-01T04:13:18.870000Z,6.61
231,20190101T041540Z,1J.TI6A.,"['CH1', 'CH2', 'CHZ']",2019-01-01T04:15:40.380000Z,6.61
232,20190101T041540Z,1J.TI7A.,"['CH1', 'CH2', 'CHZ']",2019-01-01T04:15:40.380000Z,6.61
233,20190101T041630Z,1J.TI6A.,"['CH1', 'CH2', 'CHZ']",2019-01-01T04:16:30.560000Z,6.61
234,20190101T041630Z,1J.TI7A.,"['CH1', 'CH2', 'CHZ']",2019-01-01T04:16:30.560000Z,6.61
235,20190101T041818Z,1J.TI8A.,"['CH1', 'CH2', 'CHZ']",2019-01-01T04:18:18.220000Z,10.89
236,20190101T041818Z,1J.TI6A.,"['CH1', 'CH2', 'CHZ']",2019-01-01T04:18:18.220000Z,10.89
237,20190101T041818Z,1J.TI7A.,"['CH1', 'CH2', 'CHZ']",2019-01-01T04:18:18.220000Z,10.89
238,20190101T041834Z,1J.TI8A.,"['CH1', 'CH2', 'CHZ']",2019-01-01T04:18:34.810000Z,10.89
239,20190101T041834Z,1J.TI6A.,"['CH1', 'CH2', 'CHZ']",2019-01-01T04:18:34.810000Z,10.89
240,20190101T041834Z,1J.TI7A.,"['CH1', 'CH2', 'CHZ']",2019-01-01T04:18:34.810000Z,10.89
241,20190101T042107Z,1J.TI3A.,"['CH1', 'CH2', 'CHZ']",2019-01-01T04:21:07.310000Z,6.77
242,20190101T042107Z,1J.TI6A.,"['CH1', 'CH2', 'CHZ']",2019-01-01T04:21:07.310000Z,6.77
243,20190101T042129Z,1J.TI4A.,"['CH1', 'CH2', 'CHZ']",2019-01-01T04:21:29.390000Z,9.21
244,20190101T042129Z,1J.TI3A.,"['CH1', 'CH2', 'CHZ']",2019-01-01T04:21:29.390000Z,9.21
245,20190101T042129Z,1J.TI8A.,"['CH1', 'CH2', 'CHZ']",2019-01-01T04:21:29.390000Z,9.21
246,20190101T042129Z,1J.TI6A.,"['CH1', 'CH2', 'CHZ']",2019-01-01T04:21:29.390000Z,9.21
247,20190101T042129Z,1J.TI1A.,"['CH1', 'CH2', 'CHZ']",2019-01-01T04:21:29.390000Z,9.21
248,20190101T042600Z,1J.TI6A.,"['CH1', 'CH2', 'CHZ']",2019-01-01T04:26:00.140000Z,6.61
249,20190101T042600Z,1J.TI7A.,"['CH1', 'CH2', 'CHZ']",2019-01-01T04:26:00.140000Z,6.61
250,20190101T042758Z,1J.TI6A.,"['CH1', 'CH2', 'CHZ']",2019-01-01T04:27:58.740000Z,6.61
251,20190101T042758Z,1J.TI7A.,"['CH1', 'CH2', 'CHZ']",2019-01-01T04:27:58.740000Z,6.61
252,20190101T042913Z,1J.TI3A.,"['CH1', 'CH2', 'CHZ']",2019-01-01T04:29:13.100000Z,7.49
253,20190101T042913Z,1J.TI8A.,"['CH1', 'CH2', 'CHZ']",2019-01-01T04:29:13.100000Z,7.49
254,20190101T042913Z,1J.TI6A.,"['CH1', 'CH2', 'CHZ']",2019-01-01T04:29:13.100000Z,7.49
255,20190101T043014Z,1J.TI8A.,"['CH1', 'CH2', 'CHZ']",2019-01-01T04:30:14.400000Z,10.89
256,20190101T043014Z,1J.TI6A.,"['CH1', 'CH2', 'CHZ']",2019-01-01T04:30:14.400000Z,10.89
257,20190101T043014Z,1J.TI7A.,"['CH1', 'CH2', 'CHZ']",2019-01-01T04:30:14.400000Z,10.89
258,20190101T043133Z,1J.TI3A.,"['CH1', 'CH2', 'CHZ']",2019-01-01T04:31:33.630000Z,6.77
259,20190101T043133Z,1J.TI6A.,"['CH1', 'CH2', 'CHZ']",2019-01-01T04:31:33.630000Z,6.77
260,20190101T043218Z,1J.TI8A.,"['CH1', 'CH2', 'CHZ']",2019-01-01T04:32:18.530000Z,6.43
261,20190101T043218Z,1J.TI6A.,"['CH1', 'CH2', 'CHZ']",2019-01-01T04:32:18.530000Z,6.43
262,20190101T043402Z,1J.TI6A.,"['CH1', 'CH2', 'CHZ']",2019-01-01T04:34:02.020000Z,6.61
263,20190101T043402Z,1J.TI7A.,"['CH1', 'CH2', 'CHZ']",2019-01-01T04:34:02.020000Z,6.61
264,20190101T043420Z,1J.TI4A.,"['CH1', 'CH2', 'CHZ']",2019-01-01T04:34:20.650000Z,7.39
265,20190101T043420Z,1J.TI8A.,"['CH1', 'CH2', 'CHZ']",2019-01-01T04:34:20.650000Z,7.39
266,20190101T043846Z,1J.TI6A.,"['CH1', 'CH2', 'CHZ']",2019-01-01T04:38:46.970000Z,6.61
267,20190101T043846Z,1J.TI7A.,"['CH1', 'CH2', 'CHZ']",2019-01-01T04:38:46.970000Z,6.61
268,20190101T043907Z,1J.TI6A.,"['CH1', 'CH2', 'CHZ']",2019-01-01T04:39:07.620000Z,6.61
269,20190101T043907Z,1J.TI7A.,"['CH1', 'CH2', 'CHZ']",2019-01-01T04:39:07.620000Z,6.61
270,20190101T044223Z,1J.TI3A.,"['CH1', 'CH2', 'CHZ']",2019-01-01T04:42:23.300000Z,6.77
271,20190101T044223Z,1J.TI6A.,"['CH1', 'CH2', 'CHZ']",2019-01-01T04:42:23.300000Z,6.77
272,20190101T044505Z,1J.TI6A.,"['CH1', 'CH2', 'CHZ']",2019-01-01T04:45:05.960000Z,6.61
273,20190101T044505Z,1J.TI7A.,"['CH1', 'CH2', 'CHZ']",2019-01-01T04:45:05.960000Z,6.61
274,20190101T044849Z,1J.TI6A.,"['CH1', 'CH2', 'CHZ']",2019-01-01T04:48:49.740000Z,6.61
275,20190101T044849Z,1J.TI7A.,"['CH1', 'CH2', 'CHZ']",2019-01-01T04:48:49.740000Z,6.61
276,20190101T044942Z,1J.TI3A.,"['CH1', 'CH2', 'CHZ']",2019-01-01T04:49:42.790000Z,9.57
277,20190101T044942Z,1J.TI8A.,"['CH1', 'CH2', 'CHZ']",2019-01-01T04:49:42.790000Z,9.57
278,20190101T044942Z,1J.TI6A.,"['CH1', 'CH2', 'CHZ']",2019-01-01T04:49:42.790000Z,9.57
279,20190101T045003Z,1J.TI6A.,"['CH1', 'CH2', 'CHZ']",2019-01-01T04:50:03.900000Z,6.61
280,20190101T045003Z,1J.TI7A.,"['CH1', 'CH2', 'CHZ']",2019-01-01T04:50:03.900000Z,6.61
281,20190101T045228Z,1J.TI8A.,"['CH1', 'CH2', 'CHZ']",2019-01-01T04:52:28.590000Z,6.43
282,20190101T045228Z,1J.TI6A.,"['CH1', 'CH2', 'CHZ']",2019-01-01T04:52:28.590000Z,6.43
283,20190101T045339Z,1J.TI6A.,"['CH1', 'CH2', 'CHZ']",2019-01-01T04:53:39.010000Z,6.61
284,20190101T045339Z,1J.TI7A.,"['CH1', 'CH2', 'CHZ']",2019-01-01T04:53:39.010000Z,6.61
285,20190101T045557Z,1J.TI8A.,"['CH1', 'CH2', 'CHZ']",2019-01-01T04:55:57.630000Z,10.89
286,20190101T045557Z,1J.TI6A.,"['CH1', 'CH2', 'CHZ']",2019-01-01T04:55:57.630000Z,10.89
287,20190101T045557Z,1J.TI7A.,"['CH1', 'CH2', 'CHZ']",2019-01-01T04:55:57.630000Z,10.89
288,20190101T045740Z,1J.TI6A.,"['CH1', 'CH2', 'CHZ']",2019-01-01T04:57:40.470000Z,6.61
289,20190101T045740Z,1J.TI7A.,"['CH1', 'CH2', 'CHZ']",2019-01-01T04:57:40.470000Z,6.61
290,20190101T045851Z,1J.TI8A.,"['CH1', 'CH2', 'CHZ']",2019-01-01T04:58:51.530000Z,6.43
291,20190101T045851Z,1J.TI6A.,"['CH1', 'CH2', 'CHZ']",2019-01-01T04:58:51.530000Z,6.43
292,20190101T045955Z,1J.TI4A.,"['CH1', 'CH2', 'CHZ']",2019-01-01T04:59:55.640000Z,7.39
293,20190101T045955Z,1J.TI8A.,"['CH1', 'CH2', 'CHZ']",2019-01-01T04:59:55.640000Z,7.39
294,20190101T050039Z,1J.TI6A.,"['CH1', 'CH2', 'CHZ']",2019-01-01T05:00:39.450000Z,6.61
295,20190101T050039Z,1J.TI7A.,"['CH1', 'CH2', 'CHZ']",2019-01-01T05:00:39.450000Z,6.61
296,20190101T050405Z,1J.TI6A.,"['CH1', 'CH2', 'CHZ']",2019-01-01T05:04:05.950000Z,6.61
297,20190101T050405Z,1J.TI7A.,"['CH1', 'CH2', 'CHZ']",2019-01-01T05:04:05.950000Z,6.61
298,20190101T050533Z,1J.TI8A.,"['CH1', 'CH2', 'CHZ']",2019-01-01T05:05:33.640000Z,10.89
299,20190101T050533Z,1J.TI6A.,"['CH1', 'CH2', 'CHZ']",2019-01-01T05:05:33.640000Z,10.89
300,20190101T050533Z,1J.TI7A.,"['CH1', 'CH2', 'CHZ']",2019-01-01T05:05:33.640000Z,10.89
301,20190101T050715Z,1J.TI3A.,"['CH1', 'CH2', 'CHZ']",2019-01-01T05:07:15.750000Z,6.77
302,20190101T050715Z,1J.TI6A.,"['CH1', 'CH2', 'CHZ']",2019-01-01T05:07:15.750000Z,6.77
303,20190101T051032Z,1J.TI6A.,"['CH1', 'CH2', 'CHZ']",2019-01-01T05:10:32.800000Z,6.61
304,20190101T051032Z,1J.TI7A.,"['CH1', 'CH2', 'CHZ']",2019-01-01T05:10:32.800000Z,6.61
305,20190101T051043Z,1J.TI3A.,"['CH1', 'CH2', 'CHZ']",2019-01-01T05:10:43.750000Z,6.77
306,20190101T051043Z,1J.TI6A.,"['CH1', 'CH2', 'CHZ']",2019-01-01T05:10:43.750000Z,6.77
307,20190101T051139Z,1J.TI6A.,"['CH1', 'CH2', 'CHZ']",2019-01-01T05:11:39.960000Z,6.61
308,20190101T051139Z,1J.TI7A.,"['CH1', 'CH2', 'CHZ']",2019-01-01T05:11:39.960000Z,6.61
309,20190101T051502Z,1J.TI3A.,"['CH1', 'CH2', 'CHZ']",2019-01-01T05:15:02.900000Z,6.77
310,20190101T051502Z,1J.TI6A.,"['CH1', 'CH2', 'CHZ']",2019-01-01T05:15:02.900000Z,6.77
311,20190101T051556Z,1J.TI6A.,"['CH1', 'CH2', 'CHZ']",2019-01-01T05:15:56.810000Z,6.61
312,20190101T051556Z,1J.TI7A.,"['CH1', 'CH2', 'CHZ']",2019-01-01T05:15:56.810000Z,6.61
313,20190101T051714Z,1J.TI4A.,"['CH1', 'CH2', 'CHZ']",2019-01-01T05:17:14.850000Z,7.39
314,20190101T051714Z,1J.TI8A.,"['CH1', 'CH2', 'CHZ']",2019-01-01T05:17:14.850000Z,7.39
315,20190101T051759Z,1J.TI3A.,"['CH1', 'CH2', 'CHZ']",2019-01-01T05:17:59.540000Z,6.77
316,20190101T051759Z,1J.TI6A.,"['CH1', 'CH2', 'CHZ']",2019-01-01T05:17:59.540000Z,6.77
317,20190101T051843Z,1J.TI6A.,"['CH1', 'CH2', 'CHZ']",2019-01-01T05:18:43.550000Z,6.61
318,20190101T051843Z,1J.TI7A.,"['CH1', 'CH2', 'CHZ']",2019-01-01T05:18:43.550000Z,6.61
319,20190101T052255Z,1J.TI6A.,"['CH1', 'CH2', 'CHZ']",2019-01-01T05:22:55.570000Z,6.61
320,20190101T052255Z,1J.TI7A.,"['CH1', 'CH2', 'CHZ']",2019-01-01T05:22:55.570000Z,6.61
321,20190101T052503Z,1J.TI3A.,"['CH1', 'CH2', 'CHZ']",2019-01-01T05:25:03.100000Z,9.57
322,20190101T052503Z,1J.TI8A.,"['CH1', 'CH2', 'CHZ']",2019-01-01T05:25:03.100000Z,9.57
323,20190101T052503Z,1J.TI6A.,"['CH1', 'CH2', 'CHZ']",2019-01-01T05:25:03.100000Z,9.57
324,20190101T052713Z,1J.TI6A.,"['CH1', 'CH2', 'CHZ']",2019-01-01T05:27:13.580000Z,6.61
325,20190101T052713Z,1J.TI7A.,"['CH1', 'CH2', 'CHZ']",2019-01-01T05:27:13.580000Z,6.61
326,20190101T053104Z,1J.TI6A.,"['CH1', 'CH2', 'CHZ']",2019-01-01T05:31:04.550000Z,6.61
327,20190101T053104Z,1J.TI7A.,"['CH1', 'CH2', 'CHZ']",2019-01-01T05:31:04.550000Z,6.61
328,20190101T053145Z,1J.TI4A.,"['CH1', 'CH2', 'CHZ']",2019-01-01T05:31:45.820000Z,7.39
329,20190101T053145Z,1J.TI8A.,"['CH1', 'CH2', 'CHZ']",2019-01-01T05:31:45.820000Z,7.39
330,20190101T053408Z,1J.TI6A.,"['CH1', 'CH2', 'CHZ']",2019-01-01T05:34:08.800000Z,6.61
331,20190101T053408Z,1J.TI7A.,"['CH1', 'CH2', 'CHZ']",2019-01-01T05:34:08.800000Z,6.61
332,20190101T053611Z,1J.TI4A.,"['CH1', 'CH2', 'CHZ']",2019-01-01T05:36:11.640000Z,9.21
333,20190101T053611Z,1J.TI3A.,"['CH1', 'CH2', 'CHZ']",2019-01-01T05:36:11.640000Z,9.21
334,20190101T053611Z,1J.TI8A.,"['CH1', 'CH2', 'CHZ']",2019-01-01T05:36:11.640000Z,9.21
335,20190101T053611Z,1J.TI6A.,"['CH1', 'CH2', 'CHZ']",2019-01-01T05:36:11.640000Z,9.21
336,20190101T053611Z,1J.TI1A.,"['CH1', 'CH2', 'CHZ']",2019-01-01T05:36:11.640000Z,9.21
337,20190101T054016Z,1J.TI6A.,"['CH1', 'CH2', 'CHZ']",2019-01-01T05:40:16.210000Z,6.61
338,20190101T054016Z,1J.TI7A.,"['CH1', 'CH2', 'CHZ']",2019-01-01T05:40:16.210000Z,6.61
339,20190101T054426Z,1J.TI6A.,"['CH1', 'CH2', 'CHZ']",2019-01-01T05:44:26.870000Z,6.61
340,20190101T054426Z,1J.TI7A.,"['CH1', 'CH2', 'CHZ']",2019-01-01T05:44:26.870000Z,6.61
341,20190101T054451Z,1J.TI4A.,"['CH1', 'CH2', 'CHZ']",2019-01-01T05:44:51.770000Z,7.39
342,20190101T054451Z,1J.TI8A.,"['CH1', 'CH2', 'CHZ']",2019-01-01T05:44:51.770000Z,7.39
343,20190101T054642Z,1J.TI4A.,"['CH1', 'CH2', 'CHZ']",2019-01-01T05:46:42.270000Z,9.24
344,20190101T054642Z,1J.TI3A.,"['CH1', 'CH2', 'CHZ']",2019-01-01T05:46:42.270000Z,9.24
345,20190101T054642Z,1J.TI8A.,"['CH1', 'CH2', 'CHZ']",2019-01-01T05:46:42.270000Z,9.24
346,20190101T054642Z,1J.TI6A.,"['CH1', 'CH2', 'CHZ']",2019-01-01T05:46:42.270000Z,9.24
347,20190101T054642Z,1J.TI1A.,"['CH1', 'CH2', 'CHZ']",2019-01-01T05:46:42.270000Z,9.24
348,20190101T054717Z,1J.TI6A.,"['CH1', 'CH2', 'CHZ']",2019-01-01T05:47:17.720000Z,6.61
349,20190101T054717Z,1J.TI7A.,"['CH1', 'CH2', 'CHZ']",2019-01-01T05:47:17.720000Z,6.61
350,20190101T054833Z,1J.TI6A.,"['CH1', 'CH2', 'CHZ']",2019-01-01T05:48:33.660000Z,6.61
351,20190101T054833Z,1J.TI7A.,"['CH1', 'CH2', 'CHZ']",2019-01-01T05:48:33.660000Z,6.61
352,20190101T055231Z,1J.TI6A.,"['CH1', 'CH2', 'CHZ']",2019-01-01T05:52:31.760000Z,6.61
353,20190101T055231Z,1J.TI7A.,"['CH1', 'CH2', 'CHZ']",2019-01-01T05:52:31.760000Z,6.61
354,20190101T055627Z,1J.TI6A.,"['CH1', 'CH2', 'CHZ']",2019-01-01T05:56:27.260000Z,6.61
355,20190101T055627Z,1J.TI7A.,"['CH1', 'CH2', 'CHZ']",2019-01-01T05:56:27.260000Z,6.61
356,20190101T055641Z,1J.TI6A.,"['CH1', 'CH2', 'CHZ']",2019-01-01T05:56:41.060000Z,6.61
357,20190101T055641Z,1J.TI7A.,"['CH1', 'CH2', 'CHZ']",2019-01-01T05:56:41.060000Z,6.61
358,20190101T055721Z,1J.TI4A.,"['CH1', 'CH2', 'CHZ']",2019-01-01T05:57:21.420000Z,7.39
359,20190101T055721Z,1J.TI8A.,"['CH1', 'CH2', 'CHZ']",2019-01-01T05:57:21.420000Z,7.39
360,20190101T060015Z,1J.TI6A.,"['CH1', 'CH2', 'CHZ']",2019-01-01T06:00:15.830000Z,6.61
361,20190101T060015Z,1J.TI7A.,"['CH1', 'CH2', 'CHZ']",2019-01-01T06:00:15.830000Z,6.61
362,20190101T060313Z,1J.TI6A.,"['CH1', 'CH2', 'CHZ']",2019-01-01T06:03:13.680000Z,6.61
363,20190101T060313Z,1J.TI7A.,"['CH1', 'CH2', 'CHZ']",2019-01-01T06:03:13.680000Z,6.61
364,20190101T060341Z,1J.TI8A.,"['CH1', 'CH2', 'CHZ']",2019-01-01T06:03:41.440000Z,10.89
365,20190101T060341Z,1J.TI6A.,"['CH1', 'CH2', 'CHZ']",2019-01-01T06:03:41.440000Z,10.89
366,20190101T060341Z,1J.TI7A.,"['CH1', 'CH2', 'CHZ']",2019-01-01T06:03:41.440000Z,10.89
367,20190101T060727Z,1J.TI6A.,"['CH1', 'CH2', 'CHZ']",2019-01-01T06:07:27.190000Z,6.61
368,20190101T060727Z,1J.TI7A.,"['CH1', 'CH2', 'CHZ']",2019-01-01T06:07:27.190000Z,6.61
369,20190101T061210Z,1J.TI6A.,"['CH1', 'CH2', 'CHZ']",2019-01-01T06:12:10.190000Z,6.61
370,20190101T061210Z,1J.TI7A.,"['CH1', 'CH2', 'CHZ']",2019-01-01T06:12:10.190000Z,6.61
371,20190101T061239Z,1J.TI4A.,"['CH1', 'CH2', 'CHZ']",2019-01-01T06:12:39.210000Z,7.39
372,20190101T061239Z,1J.TI8A.,"['CH1', 'CH2', 'CHZ']",2019-01-01T06:12:39.210000Z,7.39
373,20190101T061653Z,1J.TI6A.,"['CH1', 'CH2', 'CHZ']",2019-01-01T06:16:53.420000Z,6.61
374,20190101T061653Z,1J.TI7A.,"['CH1', 'CH2', 'CHZ']",2019-01-01T06:16:53.420000Z,6.61
375,20190101T061942Z,1J.TI6A.,"['CH1', 'CH2', 'CHZ']",2019-01-01T06:19:42.920000Z,6.61
376,20190101T061942Z,1J.TI7A.,"['CH1', 'CH2', 'CHZ']",2019-01-01T06:19:42.920000Z,6.61
377,20190101T062054Z,1J.TI3A.,"['CH1', 'CH2', 'CHZ']",2019-01-01T06:20:54.040000Z,6.77
378,20190101T062054Z,1J.TI6A.,"['CH1', 'CH2', 'CHZ']",2019-01-01T06:20:54.040000Z,6.77
379,20190101T062212Z,1J.TI6A.,"['CH1', 'CH2', 'CHZ']",2019-01-01T06:22:12.310000Z,6.61
380,20190101T062212Z,1J.TI7A.,"['CH1', 'CH2', 'CHZ']",2019-01-01T06:22:12.310000Z,6.61
381,20190101T062611Z,1J.TI3A.,"['CH1', 'CH2', 'CHZ']",2019-01-01T06:26:11.820000Z,9.57
382,20190101T062611Z,1J.TI8A.,"['CH1', 'CH2', 'CHZ']",2019-01-01T06:26:11.820000Z,9.57
383,20190101T062611Z,1J.TI6A.,"['CH1', 'CH2', 'CHZ']",2019-01-01T06:26:11.820000Z,9.57
384,20190101T062624Z,1J.TI6A.,"['CH1', 'CH2', 'CHZ']",2019-01-01T06:26:24.570000Z,6.61
385,20190101T062624Z,1J.TI7A.,"['CH1', 'CH2', 'CHZ']",2019-01-01T06:26:24.570000Z,6.61
386,20190101T062745Z,1J.TI3A.,"['CH1', 'CH2', 'CHZ']",2019-01-01T06:27:45.800000Z,6.77
387,20190101T062745Z,1J.TI6A.,"['CH1', 'CH2', 'CHZ']",2019-01-01T06:27:45.800000Z,6.77
388,20190101T062801Z,1J.TI4A.,"['CH1', 'CH2', 'CHZ']",2019-01-01T06:28:01.070000Z,7.39
389,20190101T062801Z,1J.TI8A.,"['CH1', 'CH2', 'CHZ']",2019-01-01T06:28:01.070000Z,7.39
390,20190101T062912Z,1J.TI6A.,"['CH1', 'CH2', 'CHZ']",2019-01-01T06:29:12.900000Z,6.61
391,20190101T062912Z,1J.TI7A.,"['CH1', 'CH2', 'CHZ']",2019-01-01T06:29:12.900000Z,6.61
392,20190101T063420Z,1J.TI6A.,"['CH1', 'CH2', 'CHZ']",2019-01-01T06:34:20.620000Z,6.61
393,20190101T063420Z,1J.TI7A.,"['CH1', 'CH2', 'CHZ']",2019-01-01T06:34:20.620000Z,6.61
394,20190101T063718Z,1J.TI6A.,"['CH1', 'CH2', 'CHZ']",2019-01-01T06:37:18.310000Z,6.61
395,20190101T063718Z,1J.TI7A.,"['CH1', 'CH2', 'CHZ']",2019-01-01T06:37:18.310000Z,6.61
396,20190101T063743Z,1J.TI6A.,"['CH1', 'CH2', 'CHZ']",2019-01-01T06:37:43.060000Z,6.61
397,20190101T063743Z,1J.TI7A.,"['CH1', 'CH2', 'CHZ']",2019-01-01T06:37:43.060000Z,6.61
398,20190101T063925Z,1J.TI6A.,"['CH1', 'CH2', 'CHZ']",2019-01-01T06:39:25.080000Z,6.61
399,20190101T063925Z,1J.TI7A.,"['CH1', 'CH2', 'CHZ']",2019-01-01T06:39:25.080000Z,6.61
400,20190101T064003Z,1J.TI4A.,"['CH1', 'CH2', 'CHZ']",2019-01-01T06:40:03.590000Z,7.39
401,20190101T064003Z,1J.TI8A.,"['CH1', 'CH2', 'CHZ']",2019-01-01T06:40:03.590000Z,7.39
402,20190101T064145Z,1J.TI6A.,"['CH1', 'CH2', 'CHZ']",2019-01-01T06:41:45.200000Z,6.61
403,20190101T064145Z,1J.TI7A.,"['CH1', 'CH2', 'CHZ']",2019-01-01T06:41:45.200000Z,6.61
404,20190101T064357Z,1J.TI6A.,"['CH1', 'CH2', 'CHZ']",2019-01-01T06:43:57.140000Z,6.61
405,20190101T064357Z,1J.TI7A.,"['CH1', 'CH2', 'CHZ']",2019-01-01T06:43:57.140000Z,6.61
406,20190101T064907Z,1J.TI6A.,"['CH1', 'CH2', 'CHZ']",2019-01-01T06:49:07.430000Z,6.61
407,20190101T064907Z,1J.TI7A.,"['CH1', 'CH2', 'CHZ']",2019-01-01T06:49:07.430000Z,6.61
408,20190101T065116Z,1J.TI3A.,"['CH1', 'CH2', 'CHZ']",2019-01-01T06:51:16.710000Z,6.77
409,20190101T065116Z,1J.TI6A.,"['CH1', 'CH2', 'CHZ']",2019-01-01T06:51:16.710000Z,6.77
410,20190101T065302Z,1J.TI3A.,"['CH1', 'CH2', 'CHZ']",2019-01-01T06:53:02.190000Z,7.49
411,20190101T065302Z,1J.TI8A.,"['CH1', 'CH2', 'CHZ']",2019-01-01T06:53:02.190000Z,7.49
412,20190101T065302Z,1J.TI6A.,"['CH1', 'CH2', 'CHZ']",2019-01-01T06:53:02.190000Z,7.49
413,20190101T065403Z,1J.TI6A.,"['CH1', 'CH2', 'CHZ']",2019-01-01T06:54:03.110000Z,6.61
414,20190101T065403Z,1J.TI7A.,"['CH1', 'CH2', 'CHZ']",2019-01-01T06:54:03.110000Z,6.61
415,20190101T065633Z,1J.TI4A.,"['CH1', 'CH2', 'CHZ']",2019-01-01T06:56:33.990000Z,7.39
416,20190101T065633Z,1J.TI8A.,"['CH1', 'CH2', 'CHZ']",2019-01-01T06:56:33.990000Z,7.39
417,20190101T065832Z,1J.TI6A.,"['CH1', 'CH2', 'CHZ']",2019-01-01T06:58:32.590000Z,6.61
418,20190101T065832Z,1J.TI7A.,"['CH1', 'CH2', 'CHZ']",2019-01-01T06:58:32.590000Z,6.61
419,20190101T070203Z,1J.TI6A.,"['CH1', 'CH2', 'CHZ']",2019-01-01T07:02:03.870000Z,6.61
420,20190101T070203Z,1J.TI7A.,"['CH1', 'CH2', 'CHZ']",2019-01-01T07:02:03.870000Z,6.61
421,20190101T070442Z,1J.TI3A.,"['CH1', 'CH2', 'CHZ']",2019-01-01T07:04:42.810000Z,6.77
422,20190101T070442Z,1J.TI6A.,"['CH1', 'CH2', 'CHZ']",2019-01-01T07:04:42.810000Z,6.77
423,20190101T070711Z,1J.TI6A.,"['CH1', 'CH2', 'CHZ']",2019-01-01T07:07:11.820000Z,6.61
424,20190101T070711Z,1J.TI7A.,"['CH1', 'CH2', 'CHZ']",2019-01-01T07:07:11.820000Z,6.61
425,20190101T071118Z,1J.TI6A.,"['CH1', 'CH2', 'CHZ']",2019-01-01T07:11:18.050000Z,6.61
426,20190101T071118Z,1J.TI7A.,"['CH1', 'CH2', 'CHZ']",2019-01-01T07:11:18.050000Z,6.61
427,20190101T071234Z,1J.TI4A.,"['CH1', 'CH2', 'CHZ']",2019-01-01T07:12:34.580000Z,7.39
428,20190101T071234Z,1J.TI8A.,"['CH1', 'CH2', 'CHZ']",2019-01-01T07:12:34.580000Z,7.39
429,20190101T071255Z,1J.TI6A.,"['CH1', 'CH2', 'CHZ']",2019-01-01T07:12:55.890000Z,6.61
430,20190101T071255Z,1J.TI7A.,"['CH1', 'CH2', 'CHZ']",2019-01-01T07:12:55.890000Z,6.61
431,20190101T071351Z,1J.TI8A.,"['CH1', 'CH2', 'CHZ']",2019-01-01T07:13:51.540000Z,10.89
432,20190101T071351Z,1J.TI6A.,"['CH1', 'CH2', 'CHZ']",2019-01-01T07:13:51.540000Z,10.89
433,20190101T071351Z,1J.TI7A.,"['CH1', 'CH2', 'CHZ']",2019-01-01T07:13:51.540000Z,10.89
434,20190101T071512Z,1J.TI6A.,"['CH1', 'CH2', 'CHZ']",2019-01-01T07:15:12.540000Z,6.61
435,20190101T071512Z,1J.TI7A.,"['CH1', 'CH2', 'CHZ']",2019-01-01T07:15:12.540000Z,6.61
436,20190101T071820Z,1J.TI3A.,"['CH1', 'CH2', 'CHZ']",2019-01-01T07:18:20.160000Z,9.57
437,20190101T071820Z,1J.TI8A.,"['CH1', 'CH2', 'CHZ']",2019-01-01T07:18:20.160000Z,9.57
438,20190101T071820Z,1J.TI6A.,"['CH1', 'CH2', 'CHZ']",2019-01-01T07:18:20.160000Z,9.57
439,20190101T071857Z,1J.TI6A.,"['CH1', 'CH2', 'CHZ']",2019-01-01T07:18:57.680000Z,6.61
440,20190101T071857Z,1J.TI7A.,"['CH1', 'CH2', 'CHZ']",2019-01-01T07:18:57.680000Z,6.61
441,20190101T072331Z,1J.TI6A.,"['CH1', 'CH2', 'CHZ']",2019-01-01T07:23:31.210000Z,6.61
442,20190101T072331Z,1J.TI7A.,"['CH1', 'CH2', 'CHZ']",2019-01-01T07:23:31.210000Z,6.61
443,20190101T072724Z,1J.TI6A.,"['CH1', 'CH2', 'CHZ']",2019-01-01T07:27:24.830000Z,6.61
444,20190101T072724Z,1J.TI7A.,"['CH1', 'CH2', 'CHZ']",2019-01-01T07:27:24.830000Z,6.61
445,20190101T073106Z,1J.TI6A.,"['CH1', 'CH2', 'CHZ']",2019-01-01T07:31:06.090000Z,6.61
446,20190101T073106Z,1J.TI7A.,"['CH1', 'CH2', 'CHZ']",2019-01-01T07:31:06.090000Z,6.61
447,20190101T073329Z,1J.TI3A.,"['CH1', 'CH2', 'CHZ']",2019-01-01T07:33:29.510000Z,6.77
448,20190101T073329Z,1J.TI6A.,"['CH1', 'CH2', 'CHZ']",2019-01-01T07:33:29.510000Z,6.77
449,20190101T073442Z,1J.TI4A.,"['CH1', 'CH2', 'CHZ']",2019-01-01T07:34:42.430000Z,7.39
450,20190101T073442Z,1J.TI8A.,"['CH1', 'CH2', 'CHZ']",2019-01-01T07:34:42.430000Z,7.39
451,20190101T073545Z,1J.TI6A.,"['CH1', 'CH2', 'CHZ']",2019-01-01T07:35:45.120000Z,6.61
452,20190101T073545Z,1J.TI7A.,"['CH1', 'CH2', 'CHZ']",2019-01-01T07:35:45.120000Z,6.61
453,20190101T073709Z,1J.TI6A.,"['CH1', 'CH2', 'CHZ']",2019-01-01T07:37:09.970000Z,6.61
454,20190101T073709Z,1J.TI7A.,"['CH1', 'CH2', 'CHZ']",2019-01-01T07:37:09.970000Z,6.61
455,20190101T074034Z,1J.TI6A.,"['CH1', 'CH2', 'CHZ']",2019-01-01T07:40:34.060000Z,6.61
456,20190101T074034Z,1J.TI7A.,"['CH1', 'CH2', 'CHZ']",2019-01-01T07:40:34.060000Z,6.61
457,20190101T074052Z,1J.TI8A.,"['CH1', 'CH2', 'CHZ']",2019-01-01T07:40:52.360000Z,8.05
458,20190101T074252Z,1J.TI8A.,"['CH1', 'CH2', 'CHZ']",2019-01-01T07:42:52.340000Z,10.89
459,20190101T074252Z,1J.TI6A.,"['CH1', 'CH2', 'CHZ']",2019-01-01T07:42:52.340000Z,10.89
460,20190101T074252Z,1J.TI7A.,"['CH1', 'CH2', 'CHZ']",2019-01-01T07:42:52.340000Z,10.89
461,20190101T074515Z,1J.TI8A.,"['CH1', 'CH2', 'CHZ']",2019-01-01T07:45:15.350000Z,6.43
462,20190101T074515Z,1J.TI6A.,"['CH1', 'CH2', 'CHZ']",2019-01-01T07:45:15.350000Z,6.43
463,20190101T074534Z,1J.TI6A.,"['CH1', 'CH2', 'CHZ']",2019-01-01T07:45:34.840000Z,6.61
464,20190101T074534Z,1J.TI7A.,"['CH1', 'CH2', 'CHZ']",2019-01-01T07:45:34.840000Z,6.61
465,20190101T074706Z,1J.TI6A.,"['CH1', 'CH2', 'CHZ']",2019-01-01T07:47:06.930000Z,6.61
466,20190101T074706Z,1J.TI7A.,"['CH1', 'CH2', 'CHZ']",2019-01-01T07:47:06.930000Z,6.61
467,20190101T074803Z,1J.TI3A.,"['CH1', 'CH2', 'CHZ']",2019-01-01T07:48:03.570000Z,6.77
468,20190101T074803Z,1J.TI6A.,"['CH1', 'CH2', 'CHZ']",2019-01-01T07:48:03.570000Z,6.77
469,20190101T075108Z,1J.TI6A.,"['CH1', 'CH2', 'CHZ']",2019-01-01T07:51:08.160000Z,6.61
470,20190101T075108Z,1J.TI7A.,"['CH1', 'CH2', 'CHZ']",2019-01-01T07:51:08.160000Z,6.61
471,20190101T075409Z,1J.TI6A.,"['CH1', 'CH2', 'CHZ']",2019-01-01T07:54:09.990000Z,6.61
472,20190101T075409Z,1J.TI7A.,"['CH1', 'CH2', 'CHZ']",2019-01-01T07:54:09.990000Z,6.61
473,20190101T075754Z,1J.TI6A.,"['CH1', 'CH2', 'CHZ']",2019-01-01T07:57:54.220000Z,6.61
474,20190101T075754Z,1J.TI7A.,"['CH1', 'CH2', 'CHZ']",2019-01-01T07:57:54.220000Z,6.61
475,20190101T075829Z,1J.TI3A.,"['CH1', 'CH2', 'CHZ']",2019-01-01T07:58:29.940000Z,6.77
476,20190101T075829Z,1J.TI6A.,"['CH1', 'CH2', 'CHZ']",2019-01-01T07:58:29.940000Z,6.77
477,20190101T075920Z,1J.TI6A.,"['CH1', 'CH2', 'CHZ']",2019-01-01T07:59:20.180000Z,6.61
478,20190101T075920Z,1J.TI7A.,"['CH1', 'CH2', 'CHZ']",2019-01-01T07:59:20.180000Z,6.61
479,20190101T080338Z,1J.TI4A.,"['CH1', 'CH2', 'CHZ']",2019-01-01T08:03:38.220000Z,7.39
480,20190101T080338Z,1J.TI8A.,"['CH1', 'CH2', 'CHZ']",2019-01-01T08:03:38.220000Z,7.39
481,20190101T080457Z,1J.TI6A.,"['CH1', 'CH2', 'CHZ']",2019-01-01T08:04:57.280000Z,6.61
482,20190101T080457Z,1J.TI7A.,"['CH1', 'CH2', 'CHZ']",2019-01-01T08:04:57.280000Z,6.61
483,20190101T080850Z,1J.TI3A.,"['CH1', 'CH2', 'CHZ']",2019-01-01T08:08:50.490000Z,6.77
484,20190101T080850Z,1J.TI6A.,"['CH1', 'CH2', 'CHZ']",2019-01-01T08:08:50.490000Z,6.77
485,20190101T080901Z,1J.TI6A.,"['CH1', 'CH2', 'CHZ']",2019-01-01T08:09:01.830000Z,6.61
486,20190101T080901Z,1J.TI7A.,"['CH1', 'CH2', 'CHZ']",2019-01-01T08:09:01.830000Z,6.61
487,20190101T081000Z,1J.TI8A.,"['CH1', 'CH2', 'CHZ']",2019-01-01T08:10:00.890000Z,10.89
488,20190101T081000Z,1J.TI6A.,"['CH1', 'CH2', 'CHZ']",2019-01-01T08:10:00.890000Z,10.89
489,20190101T081000Z,1J.TI7A.,"['CH1', 'CH2', 'CHZ']",2019-01-01T08:10:00.890000Z,10.89
490,20190101T081031Z,1J.TI4A.,"['CH1', 'CH2', 'CHZ']",2019-01-01T08:10:31.030000Z,8.73
491,20190101T081031Z,1J.TI3A.,"['CH1', 'CH2', 'CHZ']",2019-01-01T08:10:31.030000Z,8.73
492,20190101T081031Z,1J.TI8A.,"['CH1', 'CH2', 'CHZ']",2019-01-01T08:10:31.030000Z,8.73
493,20190101T081031Z,1J.TI6A.,"['CH1', 'CH2', 'CHZ']",2019-01-01T08:10:31.030000Z,8.73
494,20190101T081354Z,1J.TI6A.,"['CH1', 'CH2', 'CHZ']",2019-01-01T08:13:54.450000Z,6.61
495,20190101T081354Z,1J.TI7A.,"['CH1', 'CH2', 'CHZ']",2019-01-01T08:13:54.450000Z,6.61
496,20190101T081658Z,1J.TI8A.,"['CH1', 'CH2', 'CHZ']",2019-01-01T08:16:58.850000Z,8.05
497,20190101T081812Z,1J.TI6A.,"['CH1', 'CH2', 'CHZ']",2019-01-01T08:18:12.620000Z,6.61
498,20190101T081812Z,1J.TI7A.,"['CH1', 'CH2', 'CHZ']",2019-01-01T08:18:12.620000Z,6.61
499,20190101T081917Z,1J.TI8A.,"['CH1', 'CH2', 'CHZ']",2019-01-01T08:19:17.680000Z,10.89
500,20190101T081917Z,1J.TI6A.,"['CH1', 'CH2', 'CHZ']",2019-01-01T08:19:17.680000Z,10.89
501,20190101T081917Z,1J.TI7A.,"['CH1', 'CH2', 'CHZ']",2019-01-01T08:19:17.680000Z,10.89
502,20190101T082004Z,1J.TI6A.,"['CH1', 'CH2', 'CHZ']",2019-01-01T08:20:04.130000Z,6.61
503,20190101T082004Z,1J.TI7A.,"['CH1', 'CH2', 'CHZ']",2019-01-01T08:20:04.130000Z,6.61
504,20190101T082555Z,1J.TI6A.,"['CH1', 'CH2', 'CHZ']",2019-01-01T08:25:55.960000Z,6.61
505,20190101T082555Z,1J.TI7A.,"['CH1', 'CH2', 'CHZ']",2019-01-01T08:25:55.960000Z,6.61
506,20190101T082921Z,1J.TI3A.,"['CH1', 'CH2', 'CHZ']",2019-01-01T08:29:21.560000Z,6.77
507,20190101T082921Z,1J.TI6A.,"['CH1', 'CH2', 'CHZ']",2019-01-01T08:29:21.560000Z,6.77
508,20190101T082938Z,1J.TI4A.,"['CH1', 'CH2', 'CHZ']",2019-01-01T08:29:38.560000Z,7.39
509,20190101T082938Z,1J.TI8A.,"['CH1', 'CH2', 'CHZ']",2019-01-01T08:29:38.560000Z,7.39
510,20190101T083120Z,1J.TI6A.,"['CH1', 'CH2', 'CHZ']",2019-01-01T08:31:20.160000Z,6.61
511,20190101T083120Z,1J.TI7A.,"['CH1', 'CH2', 'CHZ']",2019-01-01T08:31:20.160000Z,6.61
512,20190101T083626Z,1J.TI6A.,"['CH1', 'CH2', 'CHZ']",2019-01-01T08:36:26.160000Z,6.61
513,20190101T083626Z,1J.TI7A.,"['CH1', 'CH2', 'CHZ']",2019-01-01T08:36:26.160000Z,6.61
514,20190101T083953Z,1J.TI6A.,"['CH1', 'CH2', 'CHZ']",2019-01-01T08:39:53.290000Z,6.61
515,20190101T083953Z,1J.TI7A.,"['CH1', 'CH2', 'CHZ']",2019-01-01T08:39:53.290000Z,6.61
516,20190101T084119Z,1J.TI6A.,"['CH1', 'CH2', 'CHZ']",2019-01-01T08:41:19.340000Z,6.61
517,20190101T084119Z,1J.TI7A.,"['CH1', 'CH2', 'CHZ']",2019-01-01T08:41:19.340000Z,6.61
518,20190101T084419Z,1J.TI3A.,"['CH1', 'CH2', 'CHZ']",2019-01-01T08:44:19.620000Z,6.77
519,20190101T084419Z,1J.TI6A.,"['CH1', 'CH2', 'CHZ']",2019-01-01T08:44:19.620000Z,6.77
520,20190101T084600Z,1J.TI4A.,"['CH1', 'CH2', 'CHZ']",2019-01-01T08:46:00.300000Z,7.39
521,20190101T084600Z,1J.TI8A.,"['CH1', 'CH2', 'CHZ']",2019-01-01T08:46:00.300000Z,7.39
522,20190101T084644Z,1J.TI6A.,"['CH1', 'CH2', 'CHZ']",2019-01-01T08:46:44.280000Z,6.61
523,20190101T084644Z,1J.TI7A.,"['CH1', 'CH2', 'CHZ']",2019-01-01T08:46:44.280000Z,6.61
524,20190101T085053Z,1J.TI6A.,"['CH1', 'CH2', 'CHZ']",2019-01-01T08:50:53.420000Z,6.61
525,20190101T085053Z,1J.TI7A.,"['CH1', 'CH2', 'CHZ']",2019-01-01T08:50:53.420000Z,6.61
526,20190101T085113Z,1J.TI6A.,"['CH1', 'CH2', 'CHZ']",2019-01-01T08:51:13.990000Z,6.61
527,20190101T085113Z,1J.TI7A.,"['CH1', 'CH2', 'CHZ']",2019-01-01T08:51:13.990000Z,6.61
528,20190101T085554Z,1J.TI6A.,"['CH1', 'CH2', 'CHZ']",2019-01-01T08:55:54.400000Z,6.61
529,20190101T085554Z,1J.TI7A.,"['CH1', 'CH2', 'CHZ']",2019-01-01T08:55:54.400000Z,6.61
530,20190101T085854Z,1J.TI3A.,"['CH1', 'CH2', 'CHZ']",2019-01-01T08:58:54.340000Z,6.77
531,20190101T085854Z,1J.TI6A.,"['CH1', 'CH2', 'CHZ']",2019-01-01T08:58:54.340000Z,6.77
532,20190101T090148Z,1J.TI6A.,"['CH1', 'CH2', 'CHZ']",2019-01-01T09:01:48.710000Z,6.61
533,20190101T090148Z,1J.TI7A.,"['CH1', 'CH2', 'CHZ']",2019-01-01T09:01:48.710000Z,6.61
534,20190101T090246Z,1J.TI4A.,"['CH1', 'CH2', 'CHZ']",2019-01-01T09:02:46.400000Z,7.39
535,20190101T090246Z,1J.TI8A.,"['CH1', 'CH2', 'CHZ']",2019-01-01T09:02:46.400000Z,7.39
536,20190101T090538Z,1J.TI6A.,"['CH1', 'CH2', 'CHZ']",2019-01-01T09:05:38.010000Z,6.61
537,20190101T090538Z,1J.TI7A.,"['CH1', 'CH2', 'CHZ']",2019-01-01T09:05:38.010000Z,6.61
538,20190101T091043Z,1J.TI6A.,"['CH1', 'CH2', 'CHZ']",2019-01-01T09:10:43.540000Z,6.61
539,20190101T091043Z,1J.TI7A.,"['CH1', 'CH2', 'CHZ']",2019-01-01T09:10:43.540000Z,6.61
540,20190101T091323Z,1J.TI6A.,"['CH1', 'CH2', 'CHZ']",2019-01-01T09:13:23.560000Z,6.61
541,20190101T091323Z,1J.TI7A.,"['CH1', 'CH2', 'CHZ']",2019-01-01T09:13:23.560000Z,6.61
542,20190101T091514Z,1J.TI3A.,"['CH1', 'CH2', 'CHZ']",2019-01-01T09:15:14.800000Z,11.93
543,20190101T091514Z,1J.TI8A.,"['CH1', 'CH2', 'CHZ']",2019-01-01T09:15:14.800000Z,11.93
544,20190101T091514Z,1J.TI6A.,"['CH1', 'CH2', 'CHZ']",2019-01-01T09:15:14.800000Z,11.93
545,20190101T091514Z,1J.TI1A.,"['CH1', 'CH2', 'CHZ']",2019-01-01T09:15:14.800000Z,11.93
546,20190101T091552Z,1J.TI6A.,"['CH1', 'CH2', 'CHZ']",2019-01-01T09:15:52.850000Z,6.61
547,20190101T091552Z,1J.TI7A.,"['CH1', 'CH2', 'CHZ']",2019-01-01T09:15:52.850000Z,6.61
548,20190101T092026Z,1J.TI6A.,"['CH1', 'CH2', 'CHZ']",2019-01-01T09:20:26.010000Z,6.61
549,20190101T092026Z,1J.TI7A.,"['CH1', 'CH2', 'CHZ']",2019-01-01T09:20:26.010000Z,6.61
550,20190101T092419Z,1J.TI6A.,"['CH1', 'CH2', 'CHZ']",2019-01-01T09:24:19.040000Z,6.61
551,20190101T092419Z,1J.TI7A.,"['CH1', 'CH2', 'CHZ']",2019-01-01T09:24:19.040000Z,6.61
552,20190101T092717Z,1J.TI3A.,"['CH1', 'CH2', 'CHZ']",2019-01-01T09:27:17.240000Z,6.77
553,20190101T092717Z,1J.TI6A.,"['CH1', 'CH2', 'CHZ']",2019-01-01T09:27:17.240000Z,6.77
554,20190101T092907Z,1J.TI3A.,"['CH1', 'CH2', 'CHZ']",2019-01-01T09:29:07.580000Z,6.77
555,20190101T092907Z,1J.TI6A.,"['CH1', 'CH2', 'CHZ']",2019-01-01T09:29:07.580000Z,6.77
556,20190101T093012Z,1J.TI6A.,"['CH1', 'CH2', 'CHZ']",2019-01-01T09:30:12.170000Z,6.61
557,20190101T093012Z,1J.TI7A.,"['CH1', 'CH2', 'CHZ']",2019-01-01T09:30:12.170000Z,6.61
558,20190101T093140Z,1J.TI4A.,"['CH1', 'CH2', 'CHZ']",2019-01-01T09:31:40.440000Z,7.39
559,20190101T093140Z,1J.TI8A.,"['CH1', 'CH2', 'CHZ']",2019-01-01T09:31:40.440000Z,7.39
560,20190101T093317Z,1J.TI8A.,"['CH1', 'CH2', 'CHZ']",2019-01-01T09:33:17.080000Z,6.43
561,20190101T093317Z,1J.TI6A.,"['CH1', 'CH2', 'CHZ']",2019-01-01T09:33:17.080000Z,6.43
562,20190101T093553Z,1J.TI6A.,"['CH1', 'CH2', 'CHZ']",2019-01-01T09:35:53.340000Z,6.61
563,20190101T093553Z,1J.TI7A.,"['CH1', 'CH2', 'CHZ']",2019-01-01T09:35:53.340000Z,6.61
564,20190101T094125Z,1J.TI6A.,"['CH1', 'CH2', 'CHZ']",2019-01-01T09:41:25.370000Z,6.61
565,20190101T094125Z,1J.TI7A.,"['CH1', 'CH2', 'CHZ']",2019-01-01T09:41:25.370000Z,6.61
566,20190101T094228Z,1J.TI8A.,"['CH1', 'CH2', 'CHZ']",2019-01-01T09:42:28.080000Z,6.43
567,20190101T094228Z,1J.TI6A.,"['CH1', 'CH2', 'CHZ']",2019-01-01T09:42:28.080000Z,6.43
568,20190101T094241Z,1J.TI3A.,"['CH1', 'CH2', 'CHZ']",2019-01-01T09:42:41.690000Z,7.49
569,20190101T094241Z,1J.TI8A.,"['CH1', 'CH2', 'CHZ']",2019-01-01T09:42:41.690000Z,7.49
570,20190101T094241Z,1J.TI6A.,"['CH1', 'CH2', 'CHZ']",2019-01-01T09:42:41.690000Z,7.49
571,20190101T094434Z,1J.TI4A.,"['CH1', 'CH2', 'CHZ']",2019-01-01T09:44:34.500000Z,7.39
572,20190101T094434Z,1J.TI8A.,"['CH1', 'CH2', 'CHZ']",2019-01-01T09:44:34.500000Z,7.39
573,20190101T094652Z,1J.TI6A.,"['CH1', 'CH2', 'CHZ']",2019-01-01T09:46:52.970000Z,6.61
574,20190101T094652Z,1J.TI7A.,"['CH1', 'CH2', 'CHZ']",2019-01-01T09:46:52.970000Z,6.61
575,20190101T095012Z,1J.TI6A.,"['CH1', 'CH2', 'CHZ']",2019-01-01T09:50:12.610000Z,6.61
576,20190101T095012Z,1J.TI7A.,"['CH1', 'CH2', 'CHZ']",2019-01-01T09:50:12.610000Z,6.61
577,20190101T095514Z,1J.TI6A.,"['CH1', 'CH2', 'CHZ']",2019-01-01T09:55:14.840000Z,6.61
578,20190101T095514Z,1J.TI7A.,"['CH1', 'CH2', 'CHZ']",2019-01-01T09:55:14.840000Z,6.61
579,20190101T095621Z,1J.TI3A.,"['CH1', 'CH2', 'CHZ']",2019-01-01T09:56:21.030000Z,6.77
580,20190101T095621Z,1J.TI6A.,"['CH1', 'CH2', 'CHZ']",2019-01-01T09:56:21.030000Z,6.77
581,20190101T095645Z,1J.TI4A.,"['CH1', 'CH2', 'CHZ']",2019-01-01T09:56:45.440000Z,7.39
582,20190101T095645Z,1J.TI8A.,"['CH1', 'CH2', 'CHZ']",2019-01-01T09:56:45.440000Z,7.39
583,20190101T095926Z,1J.TI3A.,"['CH1', 'CH2', 'CHZ']",2019-01-01T09:59:26.110000Z,9.57
584,20190101T095926Z,1J.TI8A.,"['CH1', 'CH2', 'CHZ']",2019-01-01T09:59:26.110000Z,9.57
585,20190101T095926Z,1J.TI6A.,"['CH1', 'CH2', 'CHZ']",2019-01-01T09:59:26.110000Z,9.57
586,20190101T095958Z,1J.TI6A.,"['CH1', 'CH2', 'CHZ']",2019-01-01T09:59:58.950000Z,6.61
587,20190101T095958Z,1J.TI7A.,"['CH1', 'CH2', 'CHZ']",2019-01-01T09:59:58.950000Z,6.61
588,20190101T100421Z,1J.TI6A.,"['CH1', 'CH2', 'CHZ']",2019-01-01T10:04:21.490000Z,6.61
589,20190101T100421Z,1J.TI7A.,"['CH1', 'CH2', 'CHZ']",2019-01-01T10:04:21.490000Z,6.61
590,20190101T100445Z,1J.TI3A.,"['CH1', 'CH2', 'CHZ']",2019-01-01T10:04:45.280000Z,6.77
591,20190101T100445Z,1J.TI6A.,"['CH1', 'CH2', 'CHZ']",2019-01-01T10:04:45.280000Z,6.77
592,20190101T100807Z,1J.TI6A.,"['CH1', 'CH2', 'CHZ']",2019-01-01T10:08:07.530000Z,6.61
593,20190101T100807Z,1J.TI7A.,"['CH1', 'CH2', 'CHZ']",2019-01-01T10:08:07.530000Z,6.61
594,20190101T100906Z,1J.TI3A.,"['CH1', 'CH2', 'CHZ']",2019-01-01T10:09:06.680000Z,11.93
595,20190101T100906Z,1J.TI8A.,"['CH1', 'CH2', 'CHZ']",2019-01-01T10:09:06.680000Z,11.93
596,20190101T100906Z,1J.TI6A.,"['CH1', 'CH2', 'CHZ']",2019-01-01T10:09:06.680000Z,11.93
597,20190101T100906Z,1J.TI1A.,"['CH1', 'CH2', 'CHZ']",2019-01-01T10:09:06.680000Z,11.93
598,20190101T101256Z,1J.TI6A.,"['CH1', 'CH2', 'CHZ']",2019-01-01T10:12:56.430000Z,6.61
599,20190101T101256Z,1J.TI7A.,"['CH1', 'CH2', 'CHZ']",2019-01-01T10:12:56.430000Z,6.61
600,20190101T101812Z,1J.TI6A.,"['CH1', 'CH2', 'CHZ']",2019-01-01T10:18:12.960000Z,6.61
601,20190101T101812Z,1J.TI7A.,"['CH1', 'CH2', 'CHZ']",2019-01-01T10:18:12.960000Z,6.61
602,20190101T101830Z,1J.TI3A.,"['CH1', 'CH2', 'CHZ']",2019-01-01T10:18:30.030000Z,7.49
603,20190101T101830Z,1J.TI8A.,"['CH1', 'CH2', 'CHZ']",2019-01-01T10:18:30.030000Z,7.49
604,20190101T101830Z,1J.TI6A.,"['CH1', 'CH2', 'CHZ']",2019-01-01T10:18:30.030000Z,7.49
605,20190101T101953Z,1J.TI4A.,"['CH1', 'CH2', 'CHZ']",2019-01-01T10:19:53.310000Z,7.39
606,20190101T101953Z,1J.TI8A.,"['CH1', 'CH2', 'CHZ']",2019-01-01T10:19:53.310000Z,7.39
607,20190101T102027Z,1J.TI6A.,"['CH1', 'CH2', 'CHZ']",2019-01-01T10:20:27.790000Z,6.61
608,20190101T102027Z,1J.TI7A.,"['CH1', 'CH2', 'CHZ']",2019-01-01T10:20:27.790000Z,6.61
609,20190101T102128Z,1J.TI6A.,"['CH1', 'CH2', 'CHZ']",2019-01-01T10:21:28.170000Z,6.61
610,20190101T102128Z,1J.TI7A.,"['CH1', 'CH2', 'CHZ']",2019-01-01T10:21:28.170000Z,6.61
611,20190101T102623Z,1J.TI6A.,"['CH1', 'CH2', 'CHZ']",2019-01-01T10:26:23.400000Z,6.61
612,20190101T102623Z,1J.TI7A.,"['CH1', 'CH2', 'CHZ']",2019-01-01T10:26:23.400000Z,6.61
613,20190101T102912Z,1J.TI8A.,"['CH1', 'CH2', 'CHZ']",2019-01-01T10:29:12.070000Z,10.89
614,20190101T102912Z,1J.TI6A.,"['CH1', 'CH2', 'CHZ']",2019-01-01T10:29:12.070000Z,10.89
615,20190101T102912Z,1J.TI7A.,"['CH1', 'CH2', 'CHZ']",2019-01-01T10:29:12.070000Z,10.89
616,20190101T103025Z,1J.TI6A.,"['CH1', 'CH2', 'CHZ']",2019-01-01T10:30:25.110000Z,6.61
617,20190101T103025Z,1J.TI7A.,"['CH1', 'CH2', 'CHZ']",2019-01-01T10:30:25.110000Z,6.61
618,20190101T103037Z,1J.TI8A.,"['CH1', 'CH2', 'CHZ']",2019-01-01T10:30:37.130000Z,6.43
619,20190101T103037Z,1J.TI6A.,"['CH1', 'CH2', 'CHZ']",2019-01-01T10:30:37.130000Z,6.43
620,20190101T103127Z,1J.TI6A.,"['CH1', 'CH2', 'CHZ']",2019-01-01T10:31:27.880000Z,6.61
621,20190101T103127Z,1J.TI7A.,"['CH1', 'CH2', 'CHZ']",2019-01-01T10:31:27.880000Z,6.61
622,20190101T103159Z,1J.TI4A.,"['CH1', 'CH2', 'CHZ']",2019-01-01T10:31:59.330000Z,9.21
623,20190101T103159Z,1J.TI3A.,"['CH1', 'CH2', 'CHZ']",2019-01-01T10:31:59.330000Z,9.21
624,20190101T103159Z,1J.TI8A.,"['CH1', 'CH2', 'CHZ']",2019-01-01T10:31:59.330000Z,9.21
625,20190101T103159Z,1J.TI6A.,"['CH1', 'CH2', 'CHZ']",2019-01-01T10:31:59.330000Z,9.21
626,20190101T103159Z,1J.TI1A.,"['CH1', 'CH2', 'CHZ']",2019-01-01T10:31:59.330000Z,9.21
627,20190101T103320Z,1J.TI3A.,"['CH1', 'CH2', 'CHZ']",2019-01-01T10:33:20.300000Z,6.77
628,20190101T103320Z,1J.TI6A.,"['CH1', 'CH2', 'CHZ']",2019-01-01T10:33:20.300000Z,6.77
629,20190101T103540Z,1J.TI6A.,"['CH1', 'CH2', 'CHZ']",2019-01-01T10:35:40.700000Z,6.61
630,20190101T103540Z,1J.TI7A.,"['CH1', 'CH2', 'CHZ']",2019-01-01T10:35:40.700000Z,6.61
631,20190101T104112Z,1J.TI6A.,"['CH1', 'CH2', 'CHZ']",2019-01-01T10:41:12.720000Z,6.61
632,20190101T104112Z,1J.TI7A.,"['CH1', 'CH2', 'CHZ']",2019-01-01T10:41:12.720000Z,6.61
633,20190101T104152Z,1J.TI4A.,"['CH1', 'CH2', 'CHZ']",2019-01-01T10:41:52.110000Z,7.39
634,20190101T104152Z,1J.TI8A.,"['CH1', 'CH2', 'CHZ']",2019-01-01T10:41:52.110000Z,7.39
635,20190101T104642Z,1J.TI6A.,"['CH1', 'CH2', 'CHZ']",2019-01-01T10:46:42.590000Z,6.61
636,20190101T104642Z,1J.TI7A.,"['CH1', 'CH2', 'CHZ']",2019-01-01T10:46:42.590000Z,6.61
637,20190101T105040Z,1J.TI8A.,"['CH1', 'CH2', 'CHZ']",2019-01-01T10:50:40.330000Z,10.89
638,20190101T105040Z,1J.TI6A.,"['CH1', 'CH2', 'CHZ']",2019-01-01T10:50:40.330000Z,10.89
639,20190101T105040Z,1J.TI7A.,"['CH1', 'CH2', 'CHZ']",2019-01-01T10:50:40.330000Z,10.89
640,20190101T105220Z,1J.TI6A.,"['CH1', 'CH2', 'CHZ']",2019-01-01T10:52:20.020000Z,6.61
641,20190101T105220Z,1J.TI7A.,"['CH1', 'CH2', 'CHZ']",2019-01-01T10:52:20.020000Z,6.61
642,20190101T105308Z,1J.TI6A.,"['CH1', 'CH2', 'CHZ']",2019-01-01T10:53:08.730000Z,6.61
643,20190101T105308Z,1J.TI7A.,"['CH1', 'CH2', 'CHZ']",2019-01-01T10:53:08.730000Z,6.61
644,20190101T105404Z,1J.TI4A.,"['CH1', 'CH2', 'CHZ']",2019-01-01T10:54:04.560000Z,12.12
645,20190101T105404Z,1J.TI3A.,"['CH1', 'CH2', 'CHZ']",2019-01-01T10:54:04.560000Z,12.12
646,20190101T105404Z,1J.TI8A.,"['CH1', 'CH2', 'CHZ']",2019-01-01T10:54:04.560000Z,12.12
647,20190101T105404Z,1J.TI6A.,"['CH1', 'CH2', 'CHZ']",2019-01-01T10:54:04.560000Z,12.12
648,20190101T105404Z,1J.TI1A.,"['CH1', 'CH2', 'CHZ']",2019-01-01T10:54:04.560000Z,12.12
649,20190101T105521Z,1J.TI3A.,"['CH1', 'CH2', 'CHZ']",2019-01-01T10:55:21.050000Z,6.77
650,20190101T105521Z,1J.TI6A.,"['CH1', 'CH2', 'CHZ']",2019-01-01T10:55:21.050000Z,6.77
651,20190101T105723Z,1J.TI8A.,"['CH1', 'CH2', 'CHZ']",2019-01-01T10:57:23.250000Z,6.43
652,20190101T105723Z,1J.TI6A.,"['CH1', 'CH2', 'CHZ']",2019-01-01T10:57:23.250000Z,6.43
653,20190101T105756Z,1J.TI6A.,"['CH1', 'CH2', 'CHZ']",2019-01-01T10:57:56.430000Z,6.61
654,20190101T105756Z,1J.TI7A.,"['CH1', 'CH2', 'CHZ']",2019-01-01T10:57:56.430000Z,6.61
655,20190101T110028Z,1J.TI4A.,"['CH1', 'CH2', 'CHZ']",2019-01-01T11:00:28.010000Z,7.39
656,20190101T110028Z,1J.TI8A.,"['CH1', 'CH2', 'CHZ']",2019-01-01T11:00:28.010000Z,7.39
657,20190101T110251Z,1J.TI6A.,"['CH1', 'CH2', 'CHZ']",2019-01-01T11:02:51.270000Z,6.61
658,20190101T110251Z,1J.TI7A.,"['CH1', 'CH2', 'CHZ']",2019-01-01T11:02:51.270000Z,6.61
659,20190101T110659Z,1J.TI6A.,"['CH1', 'CH2', 'CHZ']",2019-01-01T11:06:59.050000Z,6.61
660,20190101T110659Z,1J.TI7A.,"['CH1', 'CH2', 'CHZ']",2019-01-01T11:06:59.050000Z,6.61
661,20190101T111211Z,1J.TI6A.,"['CH1', 'CH2', 'CHZ']",2019-01-01T11:12:11.590000Z,6.61
662,20190101T111211Z,1J.TI7A.,"['CH1', 'CH2', 'CHZ']",2019-01-01T11:12:11.590000Z,6.61
663,20190101T111306Z,1J.TI4A.,"['CH1', 'CH2', 'CHZ']",2019-01-01T11:13:06.500000Z,7.39
664,20190101T111306Z,1J.TI8A.,"['CH1', 'CH2', 'CHZ']",2019-01-01T11:13:06.500000Z,7.39
665,20190101T111325Z,1J.TI6A.,"['CH1', 'CH2', 'CHZ']",2019-01-01T11:13:25.370000Z,6.61
666,20190101T111325Z,1J.TI7A.,"['CH1', 'CH2', 'CHZ']",2019-01-01T11:13:25.370000Z,6.61
667,20190101T111715Z,1J.TI6A.,"['CH1', 'CH2', 'CHZ']",2019-01-01T11:17:15.530000Z,6.61
668,20190101T111715Z,1J.TI7A.,"['CH1', 'CH2', 'CHZ']",2019-01-01T11:17:15.530000Z,6.61
669,20190101T112226Z,1J.TI6A.,"['CH1', 'CH2', 'CHZ']",2019-01-01T11:22:26.200000Z,6.61
670,20190101T112226Z,1J.TI7A.,"['CH1', 'CH2', 'CHZ']",2019-01-01T11:22:26.200000Z,6.61
671,20190101T112518Z,1J.TI4A.,"['CH1', 'CH2', 'CHZ']",2019-01-01T11:25:18.420000Z,7.39
672,20190101T112518Z,1J.TI8A.,"['CH1', 'CH2', 'CHZ']",2019-01-01T11:25:18.420000Z,7.39
673,20190101T112726Z,1J.TI3A.,"['CH1', 'CH2', 'CHZ']",2019-01-01T11:27:26.450000Z,9.57
674,20190101T112726Z,1J.TI8A.,"['CH1', 'CH2', 'CHZ']",2019-01-01T11:27:26.450000Z,9.57
675,20190101T112726Z,1J.TI6A.,"['CH1', 'CH2', 'CHZ']",2019-01-01T11:27:26.450000Z,9.57
676,20190101T112808Z,1J.TI6A.,"['CH1', 'CH2', 'CHZ']",2019-01-01T11:28:08.820000Z,6.61
677,20190101T112808Z,1J.TI7A.,"['CH1', 'CH2', 'CHZ']",2019-01-01T11:28:08.820000Z,6.61
678,20190101T112952Z,1J.TI6A.,"['CH1', 'CH2', 'CHZ']",2019-01-01T11:29:52.280000Z,6.61
679,20190101T112952Z,1J.TI7A.,"['CH1', 'CH2', 'CHZ']",2019-01-01T11:29:52.280000Z,6.61
680,20190101T113201Z,1J.TI6A.,"['CH1', 'CH2', 'CHZ']",2019-01-01T11:32:01.350000Z,6.61
681,20190101T113201Z,1J.TI7A.,"['CH1', 'CH2', 'CHZ']",2019-01-01T11:32:01.350000Z,6.61
682,20190101T113536Z,1J.TI8A.,"['CH1', 'CH2', 'CHZ']",2019-01-01T11:35:36.360000Z,6.43
683,20190101T113536Z,1J.TI6A.,"['CH1', 'CH2', 'CHZ']",2019-01-01T11:35:36.360000Z,6.43
684,20190101T113712Z,1J.TI4A.,"['CH1', 'CH2', 'CHZ']",2019-01-01T11:37:12.260000Z,7.39
685,20190101T113712Z,1J.TI8A.,"['CH1', 'CH2', 'CHZ']",2019-01-01T11:37:12.260000Z,7.39
686,20190101T113731Z,1J.TI6A.,"['CH1', 'CH2', 'CHZ']",2019-01-01T11:37:31.540000Z,6.61
687,20190101T113731Z,1J.TI7A.,"['CH1', 'CH2', 'CHZ']",2019-01-01T11:37:31.540000Z,6.61
688,20190101T113945Z,1J.TI6A.,"['CH1', 'CH2', 'CHZ']",2019-01-01T11:39:45.260000Z,6.61
689,20190101T113945Z,1J.TI7A.,"['CH1', 'CH2', 'CHZ']",2019-01-01T11:39:45.260000Z,6.61
690,20190101T114241Z,1J.TI6A.,"['CH1', 'CH2', 'CHZ']",2019-01-01T11:42:41.970000Z,6.61
691,20190101T114241Z,1J.TI7A.,"['CH1', 'CH2', 'CHZ']",2019-01-01T11:42:41.970000Z,6.61
692,20190101T114704Z,1J.TI6A.,"['CH1', 'CH2', 'CHZ']",2019-01-01T11:47:04.280000Z,6.61
693,20190101T114704Z,1J.TI7A.,"['CH1', 'CH2', 'CHZ']",2019-01-01T11:47:04.280000Z,6.61
694,20190101T114724Z,1J.TI3A.,"['CH1', 'CH2', 'CHZ']",2019-01-01T11:47:24.000000Z,6.77
695,20190101T114724Z,1J.TI6A.,"['CH1', 'CH2', 'CHZ']",2019-01-01T11:47:24.000000Z,6.77
696,20190101T115015Z,1J.TI4A.,"['CH1', 'CH2', 'CHZ']",2019-01-01T11:50:15.890000Z,7.39
697,20190101T115015Z,1J.TI8A.,"['CH1', 'CH2', 'CHZ']",2019-01-01T11:50:15.890000Z,7.39
698,20190101T115206Z,1J.TI6A.,"['CH1', 'CH2', 'CHZ']",2019-01-01T11:52:06.630000Z,6.61
699,20190101T115206Z,1J.TI7A.,"['CH1', 'CH2', 'CHZ']",2019-01-01T11:52:06.630000Z,6.61
700,20190101T115404Z,1J.TI4A.,"['CH1', 'CH2', 'CHZ']",2019-01-01T11:54:04.550000Z,10.26
701,20190101T115404Z,1J.TI3A.,"['CH1', 'CH2', 'CHZ']",2019-01-01T11:54:04.550000Z,10.26
702,20190101T115404Z,1J.TI8A.,"['CH1', 'CH2', 'CHZ']",2019-01-01T11:54:04.550000Z,10.26
703,20190101T115404Z,1J.TI6A.,"['CH1', 'CH2', 'CHZ']",2019-01-01T11:54:04.550000Z,10.26
704,20190101T115700Z,1J.TI6A.,"['CH1', 'CH2', 'CHZ']",2019-01-01T11:57:00.030000Z,6.61
705,20190101T115700Z,1J.TI7A.,"['CH1', 'CH2', 'CHZ']",2019-01-01T11:57:00.030000Z,6.61
706,20190101T120213Z,1J.TI4A.,"['CH1', 'CH2', 'CHZ']",2019-01-01T12:02:13.180000Z,7.39
707,20190101T120213Z,1J.TI8A.,"['CH1', 'CH2', 'CHZ']",2019-01-01T12:02:13.180000Z,7.39
708,20190101T120306Z,1J.TI6A.,"['CH1', 'CH2', 'CHZ']",2019-01-01T12:03:06.000000Z,6.61
709,20190101T120306Z,1J.TI7A.,"['CH1', 'CH2', 'CHZ']",2019-01-01T12:03:06.000000Z,6.61
710,20190101T120446Z,1J.TI6A.,"['CH1', 'CH2', 'CHZ']",2019-01-01T12:04:46.850000Z,6.61
711,20190101T120446Z,1J.TI7A.,"['CH1', 'CH2', 'CHZ']",2019-01-01T12:04:46.850000Z,6.61
712,20190101T120834Z,1J.TI6A.,"['CH1', 'CH2', 'CHZ']",2019-01-01T12:08:34.830000Z,6.61
713,20190101T120834Z,1J.TI7A.,"['CH1', 'CH2', 'CHZ']",2019-01-01T12:08:34.830000Z,6.61
714,20190101T120948Z,1J.TI8A.,"['CH1', 'CH2', 'CHZ']",2019-01-01T12:09:48.870000Z,8.05
715,20190101T121341Z,1J.TI3A.,"['CH1', 'CH2', 'CHZ']",2019-01-01T12:13:41.030000Z,6.77
716,20190101T121341Z,1J.TI6A.,"['CH1', 'CH2', 'CHZ']",2019-01-01T12:13:41.030000Z,6.77
717,20190101T121413Z,1J.TI4A.,"['CH1', 'CH2', 'CHZ']",2019-01-01T12:14:13.320000Z,7.39
718,20190101T121413Z,1J.TI8A.,"['CH1', 'CH2', 'CHZ']",2019-01-01T12:14:13.320000Z,7.39
719,20190101T121641Z,1J.TI6A.,"['CH1', 'CH2', 'CHZ']",2019-01-01T12:16:41.610000Z,6.61
720,20190101T121641Z,1J.TI7A.,"['CH1', 'CH2', 'CHZ']",2019-01-01T12:16:41.610000Z,6.61
721,20190101T122039Z,1J.TI6A.,"['CH1', 'CH2', 'CHZ']",2019-01-01T12:20:39.340000Z,6.61
722,20190101T122039Z,1J.TI7A.,"['CH1', 'CH2', 'CHZ']",2019-01-01T12:20:39.340000Z,6.61
723,20190101T122425Z,1J.TI6A.,"['CH1', 'CH2', 'CHZ']",2019-01-01T12:24:25.270000Z,6.61
724,20190101T122425Z,1J.TI7A.,"['CH1', 'CH2', 'CHZ']",2019-01-01T12:24:25.270000Z,6.61
725,20190101T122453Z,1J.TI6A.,"['CH1', 'CH2', 'CHZ']",2019-01-01T12:24:53.550000Z,6.61
726,20190101T122453Z,1J.TI7A.,"['CH1', 'CH2', 'CHZ']",2019-01-01T12:24:53.550000Z,6.61
727,20190101T122959Z,1J.TI3A.,"['CH1', 'CH2', 'CHZ']",2019-01-01T12:29:59.280000Z,6.77
728,20190101T122959Z,1J.TI6A.,"['CH1', 'CH2', 'CHZ']",2019-01-01T12:29:59.280000Z,6.77
729,20190101T123222Z,1J.TI3A.,"['CH1', 'CH2', 'CHZ']",2019-01-01T12:32:22.680000Z,6.77
730,20190101T123222Z,1J.TI6A.,"['CH1', 'CH2', 'CHZ']",2019-01-01T12:32:22.680000Z,6.77
731,20190101T123245Z,1J.TI6A.,"['CH1', 'CH2', 'CHZ']",2019-01-01T12:32:45.240000Z,6.61
732,20190101T123245Z,1J.TI7A.,"['CH1', 'CH2', 'CHZ']",2019-01-01T12:32:45.240000Z,6.61
733,20190101T123256Z,1J.TI4A.,"['CH1', 'CH2', 'CHZ']",2019-01-01T12:32:56.860000Z,9.21
734,20190101T123256Z,1J.TI3A.,"['CH1', 'CH2', 'CHZ']",2019-01-01T12:32:56.860000Z,9.21
735,20190101T123256Z,1J.TI8A.,"['CH1', 'CH2', 'CHZ']",2019-01-01T12:32:56.860000Z,9.21
736,20190101T123256Z,1J.TI6A.,"['CH1', 'CH2', 'CHZ']",2019-01-01T12:32:56.860000Z,9.21
737,20190101T123256Z,1J.TI1A.,"['CH1', 'CH2', 'CHZ']",2019-01-01T12:32:56.860000Z,9.21
738,20190101T123825Z,1J.TI6A.,"['CH1', 'CH2', 'CHZ']",2019-01-01T12:38:25.660000Z,6.61
739,20190101T123825Z,1J.TI7A.,"['CH1', 'CH2', 'CHZ']",2019-01-01T12:38:25.660000Z,6.61
740,20190101T123952Z,1J.TI4A.,"['CH1', 'CH2', 'CHZ']",2019-01-01T12:39:52.150000Z,7.39
741,20190101T123952Z,1J.TI8A.,"['CH1', 'CH2', 'CHZ']",2019-01-01T12:39:52.150000Z,7.39
742,20190101T124320Z,1J.TI6A.,"['CH1', 'CH2', 'CHZ']",2019-01-01T12:43:20.390000Z,6.61
743,20190101T124320Z,1J.TI7A.,"['CH1', 'CH2', 'CHZ']",2019-01-01T12:43:20.390000Z,6.61
744,20190101T124827Z,1J.TI6A.,"['CH1', 'CH2', 'CHZ']",2019-01-01T12:48:27.150000Z,6.61
745,20190101T124827Z,1J.TI7A.,"['CH1', 'CH2', 'CHZ']",2019-01-01T12:48:27.150000Z,6.61
746,20190101T124856Z,1J.TI8A.,"['CH1', 'CH2', 'CHZ']",2019-01-01T12:48:56.240000Z,10.89
747,20190101T124856Z,1J.TI6A.,"['CH1', 'CH2', 'CHZ']",2019-01-01T12:48:56.240000Z,10.89
748,20190101T124856Z,1J.TI7A.,"['CH1', 'CH2', 'CHZ']",2019-01-01T12:48:56.240000Z,10.89
749,20190101T125203Z,1J.TI4A.,"['CH1', 'CH2', 'CHZ']",2019-01-01T12:52:03.290000Z,7.39
750,20190101T125203Z,1J.TI8A.,"['CH1', 'CH2', 'CHZ']",2019-01-01T12:52:03.290000Z,7.39
751,20190101T125253Z,1J.TI6A.,"['CH1', 'CH2', 'CHZ']",2019-01-01T12:52:53.360000Z,6.61
752,20190101T125253Z,1J.TI7A.,"['CH1', 'CH2', 'CHZ']",2019-01-01T12:52:53.360000Z,6.61
753,20190101T125942Z,1J.TI6A.,"['CH1', 'CH2', 'CHZ']",2019-01-01T12:59:42.810000Z,6.61
754,20190101T125942Z,1J.TI7A.,"['CH1', 'CH2', 'CHZ']",2019-01-01T12:59:42.810000Z,6.61
755,20190101T130300Z,1J.TI4A.,"['CH1', 'CH2', 'CHZ']",2019-01-01T13:03:00.950000Z,7.39
756,20190101T130300Z,1J.TI8A.,"['CH1', 'CH2', 'CHZ']",2019-01-01T13:03:00.950000Z,7.39
757,20190101T130335Z,1J.TI3A.,"['CH1', 'CH2', 'CHZ']",2019-01-01T13:03:35.690000Z,7.49
758,20190101T130335Z,1J.TI8A.,"['CH1', 'CH2', 'CHZ']",2019-01-01T13:03:35.690000Z,7.49
759,20190101T130335Z,1J.TI6A.,"['CH1', 'CH2', 'CHZ']",2019-01-01T13:03:35.690000Z,7.49
760,20190101T130534Z,1J.TI6A.,"['CH1', 'CH2', 'CHZ']",2019-01-01T13:05:34.800000Z,6.61
761,20190101T130534Z,1J.TI7A.,"['CH1', 'CH2', 'CHZ']",2019-01-01T13:05:34.800000Z,6.61
762,20190101T130803Z,1J.TI3A.,"['CH1', 'CH2', 'CHZ']",2019-01-01T13:08:03.650000Z,6.77
763,20190101T130803Z,1J.TI6A.,"['CH1', 'CH2', 'CHZ']",2019-01-01T13:08:03.650000Z,6.77
764,20190101T131048Z,1J.TI6A.,"['CH1', 'CH2', 'CHZ']",2019-01-01T13:10:48.120000Z,6.61
765,20190101T131048Z,1J.TI7A.,"['CH1', 'CH2', 'CHZ']",2019-01-01T13:10:48.120000Z,6.61
766,20190101T131645Z,1J.TI4A.,"['CH1', 'CH2', 'CHZ']",2019-01-01T13:16:45.220000Z,8.73
767,20190101T131645Z,1J.TI3A.,"['CH1', 'CH2', 'CHZ']",2019-01-01T13:16:45.220000Z,8.73
768,20190101T131645Z,1J.TI8A.,"['CH1', 'CH2', 'CHZ']",2019-01-01T13:16:45.220000Z,8.73
769,20190101T131645Z,1J.TI6A.,"['CH1', 'CH2', 'CHZ']",2019-01-01T13:16:45.220000Z,8.73
770,20190101T131838Z,1J.TI6A.,"['CH1', 'CH2', 'CHZ']",2019-01-01T13:18:38.680000Z,6.61
771,20190101T131838Z,1J.TI7A.,"['CH1', 'CH2', 'CHZ']",2019-01-01T13:18:38.680000Z,6.61
772,20190101T132004Z,1J.TI4A.,"['CH1', 'CH2', 'CHZ']",2019-01-01T13:20:04.480000Z,7.39
773,20190101T132004Z,1J.TI8A.,"['CH1', 'CH2', 'CHZ']",2019-01-01T13:20:04.480000Z,7.39
774,20190101T132045Z,1J.TI8A.,"['CH1', 'CH2', 'CHZ']",2019-01-01T13:20:45.230000Z,10.89
775,20190101T132045Z,1J.TI6A.,"['CH1', 'CH2', 'CHZ']",2019-01-01T13:20:45.230000Z,10.89
776,20190101T132045Z,1J.TI7A.,"['CH1', 'CH2', 'CHZ']",2019-01-01T13:20:45.230000Z,10.89
777,20190101T132330Z,1J.TI6A.,"['CH1', 'CH2', 'CHZ']",2019-01-01T13:23:30.400000Z,6.61
778,20190101T132330Z,1J.TI7A.,"['CH1', 'CH2', 'CHZ']",2019-01-01T13:23:30.400000Z,6.61
779,20190101T133007Z,1J.TI6A.,"['CH1', 'CH2', 'CHZ']",2019-01-01T13:30:07.410000Z,6.61
780,20190101T133007Z,1J.TI7A.,"['CH1', 'CH2', 'CHZ']",2019-01-01T13:30:07.410000Z,6.61
781,20190101T133419Z,1J.TI3A.,"['CH1', 'CH2', 'CHZ']",2019-01-01T13:34:19.730000Z,6.77
782,20190101T133419Z,1J.TI6A.,"['CH1', 'CH2', 'CHZ']",2019-01-01T13:34:19.730000Z,6.77
783,20190101T133646Z,1J.TI6A.,"['CH1', 'CH2', 'CHZ']",2019-01-01T13:36:46.950000Z,6.61
784,20190101T133646Z,1J.TI7A.,"['CH1', 'CH2', 'CHZ']",2019-01-01T13:36:46.950000Z,6.61
785,20190101T134106Z,1J.TI3A.,"['CH1', 'CH2', 'CHZ']",2019-01-01T13:41:06.860000Z,7.49
786,20190101T134106Z,1J.TI8A.,"['CH1', 'CH2', 'CHZ']",2019-01-01T13:41:06.860000Z,7.49
787,20190101T134106Z,1J.TI6A.,"['CH1', 'CH2', 'CHZ']",2019-01-01T13:41:06.860000Z,7.49
788,20190101T134136Z,1J.TI6A.,"['CH1', 'CH2', 'CHZ']",2019-01-01T13:41:36.800000Z,6.61
789,20190101T134136Z,1J.TI7A.,"['CH1', 'CH2', 'CHZ']",2019-01-01T13:41:36.800000Z,6.61
790,20190101T134320Z,1J.TI8A.,"['CH1', 'CH2', 'CHZ']",2019-01-01T13:43:20.340000Z,8.05
791,20190101T134527Z,1J.TI6A.,"['CH1', 'CH2', 'CHZ']",2019-01-01T13:45:27.050000Z,6.61
792,20190101T134527Z,1J.TI7A.,"['CH1', 'CH2', 'CHZ']",2019-01-01T13:45:27.050000Z,6.61
793,20190101T134638Z,1J.TI4A.,"['CH1', 'CH2', 'CHZ']",2019-01-01T13:46:38.760000Z,7.39
794,20190101T134638Z,1J.TI8A.,"['CH1', 'CH2', 'CHZ']",2019-01-01T13:46:38.760000Z,7.39
795,20190101T135203Z,1J.TI3A.,"['CH1', 'CH2', 'CHZ']",2019-01-01T13:52:03.440000Z,6.77
796,20190101T135203Z,1J.TI6A.,"['CH1', 'CH2', 'CHZ']",2019-01-01T13:52:03.440000Z,6.77
797,20190101T135222Z,1J.TI6A.,"['CH1', 'CH2', 'CHZ']",2019-01-01T13:52:22.250000Z,6.61
798,20190101T135222Z,1J.TI7A.,"['CH1', 'CH2', 'CHZ']",2019-01-01T13:52:22.250000Z,6.61
799,20190101T135634Z,1J.TI6A.,"['CH1', 'CH2', 'CHZ']",2019-01-01T13:56:34.810000Z,6.61
800,20190101T135634Z,1J.TI7A.,"['CH1', 'CH2', 'CHZ']",2019-01-01T13:56:34.810000Z,6.61
801,20190101T135847Z,1J.TI8A.,"['CH1', 'CH2', 'CHZ']",2019-01-01T13:58:47.220000Z,10.89
802,20190101T135847Z,1J.TI6A.,"['CH1', 'CH2', 'CHZ']",2019-01-01T13:58:47.220000Z,10.89
803,20190101T135847Z,1J.TI7A.,"['CH1', 'CH2', 'CHZ']",2019-01-01T13:58:47.220000Z,10.89
804,20190101T140124Z,1J.TI6A.,"['CH1', 'CH2', 'CHZ']",2019-01-01T14:01:24.040000Z,6.61
805,20190101T140124Z,1J.TI7A.,"['CH1', 'CH2', 'CHZ']",2019-01-01T14:01:24.040000Z,6.61
806,20190101T140615Z,1J.TI6A.,"['CH1', 'CH2', 'CHZ']",2019-01-01T14:06:15.280000Z,6.61
807,20190101T140615Z,1J.TI7A.,"['CH1', 'CH2', 'CHZ']",2019-01-01T14:06:15.280000Z,6.61
808,20190101T141040Z,1J.TI4A.,"['CH1', 'CH2', 'CHZ']",2019-01-01T14:10:40.110000Z,7.39
809,20190101T141040Z,1J.TI8A.,"['CH1', 'CH2', 'CHZ']",2019-01-01T14:10:40.110000Z,7.39
810,20190101T141123Z,1J.TI6A.,"['CH1', 'CH2', 'CHZ']",2019-01-01T14:11:23.840000Z,6.61
811,20190101T141123Z,1J.TI7A.,"['CH1', 'CH2', 'CHZ']",2019-01-01T14:11:23.840000Z,6.61
812,20190101T141318Z,1J.TI3A.,"['CH1', 'CH2', 'CHZ']",2019-01-01T14:13:18.720000Z,11.93
813,20190101T141318Z,1J.TI8A.,"['CH1', 'CH2', 'CHZ']",2019-01-01T14:13:18.720000Z,11.93
814,20190101T141318Z,1J.TI6A.,"['CH1', 'CH2', 'CHZ']",2019-01-01T14:13:18.720000Z,11.93
815,20190101T141318Z,1J.TI1A.,"['CH1', 'CH2', 'CHZ']",2019-01-01T14:13:18.720000Z,11.93
816,20190101T141610Z,1J.TI3A.,"['CH1', 'CH2', 'CHZ']",2019-01-01T14:16:10.250000Z,6.77
817,20190101T141610Z,1J.TI6A.,"['CH1', 'CH2', 'CHZ']",2019-01-01T14:16:10.250000Z,6.77
818,20190101T141708Z,1J.TI6A.,"['CH1', 'CH2', 'CHZ']",2019-01-01T14:17:08.110000Z,6.61
819,20190101T141708Z,1J.TI7A.,"['CH1', 'CH2', 'CHZ']",2019-01-01T14:17:08.110000Z,6.61
820,20190101T142150Z,1J.TI6A.,"['CH1', 'CH2', 'CHZ']",2019-01-01T14:21:50.370000Z,6.61
821,20190101T142150Z,1J.TI7A.,"['CH1', 'CH2', 'CHZ']",2019-01-01T14:21:50.370000Z,6.61
822,20190101T142526Z,1J.TI8A.,"['CH1', 'CH2', 'CHZ']",2019-01-01T14:25:26.050000Z,10.89
823,20190101T142526Z,1J.TI6A.,"['CH1', 'CH2', 'CHZ']",2019-01-01T14:25:26.050000Z,10.89
824,20190101T142526Z,1J.TI7A.,"['CH1', 'CH2', 'CHZ']",2019-01-01T14:25:26.050000Z,10.89
825,20190101T142628Z,1J.TI6A.,"['CH1', 'CH2', 'CHZ']",2019-01-01T14:26:28.900000Z,6.61
826,20190101T142628Z,1J.TI7A.,"['CH1', 'CH2', 'CHZ']",2019-01-01T14:26:28.900000Z,6.61
827,20190101T142805Z,1J.TI4A.,"['CH1', 'CH2', 'CHZ']",2019-01-01T14:28:05.500000Z,7.39
828,20190101T142805Z,1J.TI8A.,"['CH1', 'CH2', 'CHZ']",2019-01-01T14:28:05.500000Z,7.39
829,20190101T143007Z,1J.TI6A.,"['CH1', 'CH2', 'CHZ']",2019-01-01T14:30:07.530000Z,6.61
830,20190101T143007Z,1J.TI7A.,"['CH1', 'CH2', 'CHZ']",2019-01-01T14:30:07.530000Z,6.61
831,20190101T143030Z,1J.TI8A.,"['CH1', 'CH2', 'CHZ']",2019-01-01T14:30:30.880000Z,10.89
832,20190101T143030Z,1J.TI6A.,"['CH1', 'CH2', 'CHZ']",2019-01-01T14:30:30.880000Z,10.89
833,20190101T143030Z,1J.TI7A.,"['CH1', 'CH2', 'CHZ']",2019-01-01T14:30:30.880000Z,10.89
834,20190101T143310Z,1J.TI3A.,"['CH1', 'CH2', 'CHZ']",2019-01-01T14:33:10.370000Z,6.77
835,20190101T143310Z,1J.TI6A.,"['CH1', 'CH2', 'CHZ']",2019-01-01T14:33:10.370000Z,6.77
836,20190101T143407Z,1J.TI6A.,"['CH1', 'CH2', 'CHZ']",2019-01-01T14:34:07.050000Z,6.61
837,20190101T143407Z,1J.TI7A.,"['CH1', 'CH2', 'CHZ']",2019-01-01T14:34:07.050000Z,6.61
838,20190101T143902Z,1J.TI6A.,"['CH1', 'CH2', 'CHZ']",2019-01-01T14:39:02.030000Z,6.61
839,20190101T143902Z,1J.TI7A.,"['CH1', 'CH2', 'CHZ']",2019-01-01T14:39:02.030000Z,6.61
840,20190101T144042Z,1J.TI4A.,"['CH1', 'CH2', 'CHZ']",2019-01-01T14:40:42.850000Z,7.39
841,20190101T144042Z,1J.TI8A.,"['CH1', 'CH2', 'CHZ']",2019-01-01T14:40:42.850000Z,7.39
842,20190101T144405Z,1J.TI6A.,"['CH1', 'CH2', 'CHZ']",2019-01-01T14:44:05.220000Z,6.61
843,20190101T144405Z,1J.TI7A.,"['CH1', 'CH2', 'CHZ']",2019-01-01T14:44:05.220000Z,6.61
844,20190101T144730Z,1J.TI6A.,"['CH1', 'CH2', 'CHZ']",2019-01-01T14:47:30.160000Z,6.61
845,20190101T144730Z,1J.TI7A.,"['CH1', 'CH2', 'CHZ']",2019-01-01T14:47:30.160000Z,6.61
846,20190101T145102Z,1J.TI6A.,"['CH1', 'CH2', 'CHZ']",2019-01-01T14:51:02.990000Z,6.61
847,20190101T145102Z,1J.TI7A.,"['CH1', 'CH2', 'CHZ']",2019-01-01T14:51:02.990000Z,6.61
848,20190101T145337Z,1J.TI4A.,"['CH1', 'CH2', 'CHZ']",2019-01-01T14:53:37.230000Z,7.39
849,20190101T145337Z,1J.TI8A.,"['CH1', 'CH2', 'CHZ']",2019-01-01T14:53:37.230000Z,7.39
850,20190101T145558Z,1J.TI6A.,"['CH1', 'CH2', 'CHZ']",2019-01-01T14:55:58.680000Z,6.61
851,20190101T145558Z,1J.TI7A.,"['CH1', 'CH2', 'CHZ']",2019-01-01T14:55:58.680000Z,6.61
852,20190101T150028Z,1J.TI8A.,"['CH1', 'CH2', 'CHZ']",2019-01-01T15:00:28.020000Z,6.43
853,20190101T150028Z,1J.TI6A.,"['CH1', 'CH2', 'CHZ']",2019-01-01T15:00:28.020000Z,6.43
854,20190101T150117Z,1J.TI3A.,"['CH1', 'CH2', 'CHZ']",2019-01-01T15:01:17.290000Z,6.77
855,20190101T150117Z,1J.TI6A.,"['CH1', 'CH2', 'CHZ']",2019-01-01T15:01:17.290000Z,6.77
856,20190101T150204Z,1J.TI6A.,"['CH1', 'CH2', 'CHZ']",2019-01-01T15:02:04.280000Z,6.61
857,20190101T150204Z,1J.TI7A.,"['CH1', 'CH2', 'CHZ']",2019-01-01T15:02:04.280000Z,6.61
858,20190101T150602Z,1J.TI8A.,"['CH1', 'CH2', 'CHZ']",2019-01-01T15:06:02.910000Z,6.43
859,20190101T150602Z,1J.TI6A.,"['CH1', 'CH2', 'CHZ']",2019-01-01T15:06:02.910000Z,6.43
860,20190101T150614Z,1J.TI4A.,"['CH1', 'CH2', 'CHZ']",2019-01-01T15:06:14.830000Z,7.39
861,20190101T150614Z,1J.TI8A.,"['CH1', 'CH2', 'CHZ']",2019-01-01T15:06:14.830000Z,7.39
862,20190101T150712Z,1J.TI3A.,"['CH1', 'CH2', 'CHZ']",2019-01-01T15:07:12.270000Z,6.77
863,20190101T150712Z,1J.TI6A.,"['CH1', 'CH2', 'CHZ']",2019-01-01T15:07:12.270000Z,6.77
864,20190101T150733Z,1J.TI6A.,"['CH1', 'CH2', 'CHZ']",2019-01-01T15:07:33.050000Z,6.61
865,20190101T150733Z,1J.TI7A.,"['CH1', 'CH2', 'CHZ']",2019-01-01T15:07:33.050000Z,6.61
866,20190101T151300Z,1J.TI6A.,"['CH1', 'CH2', 'CHZ']",2019-01-01T15:13:00.060000Z,6.61
867,20190101T151300Z,1J.TI7A.,"['CH1', 'CH2', 'CHZ']",2019-01-01T15:13:00.060000Z,6.61
868,20190101T151517Z,1J.TI3A.,"['CH1', 'CH2', 'CHZ']",2019-01-01T15:15:17.880000Z,9.57
869,20190101T151517Z,1J.TI8A.,"['CH1', 'CH2', 'CHZ']",2019-01-01T15:15:17.880000Z,9.57
870,20190101T151517Z,1J.TI6A.,"['CH1', 'CH2', 'CHZ']",2019-01-01T15:15:17.880000Z,9.57
871,20190101T151631Z,1J.TI4A.,"['CH1', 'CH2', 'CHZ']",2019-01-01T15:16:31.800000Z,8.73
872,20190101T151631Z,1J.TI3A.,"['CH1', 'CH2', 'CHZ']",2019-01-01T15:16:31.800000Z,8.73
873,20190101T151631Z,1J.TI8A.,"['CH1', 'CH2', 'CHZ']",2019-01-01T15:16:31.800000Z,8.73
874,20190101T151631Z,1J.TI6A.,"['CH1', 'CH2', 'CHZ']",2019-01-01T15:16:31.800000Z,8.73
875,20190101T151732Z,1J.TI3A.,"['CH1', 'CH2', 'CHZ']",2019-01-01T15:17:32.810000Z,7.49
876,20190101T151732Z,1J.TI8A.,"['CH1', 'CH2', 'CHZ']",2019-01-01T15:17:32.810000Z,7.49
877,20190101T151732Z,1J.TI6A.,"['CH1', 'CH2', 'CHZ']",2019-01-01T15:17:32.810000Z,7.49
878,20190101T151842Z,1J.TI6A.,"['CH1', 'CH2', 'CHZ']",2019-01-01T15:18:42.630000Z,6.61
879,20190101T151842Z,1J.TI7A.,"['CH1', 'CH2', 'CHZ']",2019-01-01T15:18:42.630000Z,6.61
880,20190101T152144Z,1J.TI3A.,"['CH1', 'CH2', 'CHZ']",2019-01-01T15:21:44.340000Z,6.77
881,20190101T152144Z,1J.TI6A.,"['CH1', 'CH2', 'CHZ']",2019-01-01T15:21:44.340000Z,6.77
882,20190101T152253Z,1J.TI4A.,"['CH1', 'CH2', 'CHZ']",2019-01-01T15:22:53.330000Z,8.73
883,20190101T152253Z,1J.TI3A.,"['CH1', 'CH2', 'CHZ']",2019-01-01T15:22:53.330000Z,8.73
884,20190101T152253Z,1J.TI8A.,"['CH1', 'CH2', 'CHZ']",2019-01-01T15:22:53.330000Z,8.73
885,20190101T152253Z,1J.TI6A.,"['CH1', 'CH2', 'CHZ']",2019-01-01T15:22:53.330000Z,8.73
886,20190101T152450Z,1J.TI8A.,"['CH1', 'CH2', 'CHZ']",2019-01-01T15:24:50.130000Z,10.89
887,20190101T152450Z,1J.TI6A.,"['CH1', 'CH2', 'CHZ']",2019-01-01T15:24:50.130000Z,10.89
888,20190101T152450Z,1J.TI7A.,"['CH1', 'CH2', 'CHZ']",2019-01-01T15:24:50.130000Z,10.89
889,20190101T152528Z,1J.TI6A.,"['CH1', 'CH2', 'CHZ']",2019-01-01T15:25:28.080000Z,6.61
890,20190101T152528Z,1J.TI7A.,"['CH1', 'CH2', 'CHZ']",2019-01-01T15:25:28.080000Z,6.61
891,20190101T152602Z,1J.TI3A.,"['CH1', 'CH2', 'CHZ']",2019-01-01T15:26:02.780000Z,6.77
892,20190101T152602Z,1J.TI6A.,"['CH1', 'CH2', 'CHZ']",2019-01-01T15:26:02.780000Z,6.77
893,20190101T153111Z,1J.TI6A.,"['CH1', 'CH2', 'CHZ']",2019-01-01T15:31:11.890000Z,6.61
894,20190101T153111Z,1J.TI7A.,"['CH1', 'CH2', 'CHZ']",2019-01-01T15:31:11.890000Z,6.61
895,20190101T153639Z,1J.TI6A.,"['CH1', 'CH2', 'CHZ']",2019-01-01T15:36:39.060000Z,6.61
896,20190101T153639Z,1J.TI7A.,"['CH1', 'CH2', 'CHZ']",2019-01-01T15:36:39.060000Z,6.61
897,20190101T154103Z,1J.TI8A.,"['CH1', 'CH2', 'CHZ']",2019-01-01T15:41:03.660000Z,6.43
898,20190101T154103Z,1J.TI6A.,"['CH1', 'CH2', 'CHZ']",2019-01-01T15:41:03.660000Z,6.43
899,20190101T154324Z,1J.TI4A.,"['CH1', 'CH2', 'CHZ']",2019-01-01T15:43:24.070000Z,7.39
900,20190101T154324Z,1J.TI8A.,"['CH1', 'CH2', 'CHZ']",2019-01-01T15:43:24.070000Z,7.39
901,20190101T154631Z,1J.TI3A.,"['CH1', 'CH2', 'CHZ']",2019-01-01T15:46:31.750000Z,7.49
902,20190101T154631Z,1J.TI8A.,"['CH1', 'CH2', 'CHZ']",2019-01-01T15:46:31.750000Z,7.49
903,20190101T154631Z,1J.TI6A.,"['CH1', 'CH2', 'CHZ']",2019-01-01T15:46:31.750000Z,7.49
904,20190101T154734Z,1J.TI3A.,"['CH1', 'CH2', 'CHZ']",2019-01-01T15:47:34.190000Z,6.77
905,20190101T154734Z,1J.TI6A.,"['CH1', 'CH2', 'CHZ']",2019-01-01T15:47:34.190000Z,6.77
906,20190101T154841Z,1J.TI6A.,"['CH1', 'CH2', 'CHZ']",2019-01-01T15:48:41.570000Z,6.61
907,20190101T154841Z,1J.TI7A.,"['CH1', 'CH2', 'CHZ']",2019-01-01T15:48:41.570000Z,6.61
908,20190101T155334Z,1J.TI6A.,"['CH1', 'CH2', 'CHZ']",2019-01-01T15:53:34.470000Z,6.61
909,20190101T155334Z,1J.TI7A.,"['CH1', 'CH2', 'CHZ']",2019-01-01T15:53:34.470000Z,6.61
910,20190101T155421Z,1J.TI3A.,"['CH1', 'CH2', 'CHZ']",2019-01-01T15:54:21.680000Z,6.77
911,20190101T155421Z,1J.TI6A.,"['CH1', 'CH2', 'CHZ']",2019-01-01T15:54:21.680000Z,6.77
912,20190101T155704Z,1J.TI4A.,"['CH1', 'CH2', 'CHZ']",2019-01-01T15:57:04.170000Z,7.39
913,20190101T155704Z,1J.TI8A.,"['CH1', 'CH2', 'CHZ']",2019-01-01T15:57:04.170000Z,7.39
914,20190101T160125Z,1J.TI3A.,"['CH1', 'CH2', 'CHZ']",2019-01-01T16:01:25.810000Z,6.77
915,20190101T160125Z,1J.TI6A.,"['CH1', 'CH2', 'CHZ']",2019-01-01T16:01:25.810000Z,6.77
916,20190101T160301Z,1J.TI3A.,"['CH1', 'CH2', 'CHZ']",2019-01-01T16:03:01.500000Z,9.57
917,20190101T160301Z,1J.TI8A.,"['CH1', 'CH2', 'CHZ']",2019-01-01T16:03:01.500000Z,9.57
918,20190101T160301Z,1J.TI6A.,"['CH1', 'CH2', 'CHZ']",2019-01-01T16:03:01.500000Z,9.57
919,20190101T160331Z,1J.TI6A.,"['CH1', 'CH2', 'CHZ']",2019-01-01T16:03:31.650000Z,6.61
920,20190101T160331Z,1J.TI7A.,"['CH1', 'CH2', 'CHZ']",2019-01-01T16:03:31.650000Z,6.61
921,20190101T160743Z,1J.TI6A.,"['CH1', 'CH2', 'CHZ']",2019-01-01T16:07:43.940000Z,6.61
922,20190101T160743Z,1J.TI7A.,"['CH1', 'CH2', 'CHZ']",2019-01-01T16:07:43.940000Z,6.61
923,20190101T160922Z,1J.TI4A.,"['CH1', 'CH2', 'CHZ']",2019-01-01T16:09:22.970000Z,7.39
924,20190101T160922Z,1J.TI8A.,"['CH1', 'CH2', 'CHZ']",2019-01-01T16:09:22.970000Z,7.39
925,20190101T161017Z,1J.TI3A.,"['CH1', 'CH2', 'CHZ']",2019-01-01T16:10:17.820000Z,11.93
926,20190101T161017Z,1J.TI8A.,"['CH1', 'CH2', 'CHZ']",2019-01-01T16:10:17.820000Z,11.93
927,20190101T161017Z,1J.TI6A.,"['CH1', 'CH2', 'CHZ']",2019-01-01T16:10:17.820000Z,11.93
928,20190101T161017Z,1J.TI1A.,"['CH1', 'CH2', 'CHZ']",2019-01-01T16:10:17.820000Z,11.93
929,20190101T161110Z,1J.TI8A.,"['CH1', 'CH2', 'CHZ']",2019-01-01T16:11:10.070000Z,6.43
930,20190101T161110Z,1J.TI6A.,"['CH1', 'CH2', 'CHZ']",2019-01-01T16:11:10.070000Z,6.43
931,20190101T161154Z,1J.TI6A.,"['CH1', 'CH2', 'CHZ']",2019-01-01T16:11:54.430000Z,6.61
932,20190101T161154Z,1J.TI7A.,"['CH1', 'CH2', 'CHZ']",2019-01-01T16:11:54.430000Z,6.61
933,20190101T161701Z,1J.TI6A.,"['CH1', 'CH2', 'CHZ']",2019-01-01T16:17:01.170000Z,6.61
934,20190101T161701Z,1J.TI7A.,"['CH1', 'CH2', 'CHZ']",2019-01-01T16:17:01.170000Z,6.61
935,20190101T162225Z,1J.TI4A.,"['CH1', 'CH2', 'CHZ']",2019-01-01T16:22:25.460000Z,7.39
936,20190101T162225Z,1J.TI8A.,"['CH1', 'CH2', 'CHZ']",2019-01-01T16:22:25.460000Z,7.39
937,20190101T162331Z,1J.TI6A.,"['CH1', 'CH2', 'CHZ']",2019-01-01T16:23:31.600000Z,6.61
938,20190101T162331Z,1J.TI7A.,"['CH1', 'CH2', 'CHZ']",2019-01-01T16:23:31.600000Z,6.61
939,20190101T162349Z,1J.TI4A.,"['CH1', 'CH2', 'CHZ']",2019-01-01T16:23:49.980000Z,9.12
940,20190101T162349Z,1J.TI3A.,"['CH1', 'CH2', 'CHZ']",2019-01-01T16:23:49.980000Z,9.12
941,20190101T162349Z,1J.TI8A.,"['CH1', 'CH2', 'CHZ']",2019-01-01T16:23:49.980000Z,9.12
942,20190101T162349Z,1J.TI6A.,"['CH1', 'CH2', 'CHZ']",2019-01-01T16:23:49.980000Z,9.12
943,20190101T162349Z,1J.TI1A.,"['CH1', 'CH2', 'CHZ']",2019-01-01T16:23:49.980000Z,9.12
944,20190101T162751Z,1J.TI6A.,"['CH1', 'CH2', 'CHZ']",2019-01-01T16:27:51.530000Z,6.61
945,20190101T162751Z,1J.TI7A.,"['CH1', 'CH2', 'CHZ']",2019-01-01T16:27:51.530000Z,6.61
946,20190101T163310Z,1J.TI6A.,"['CH1', 'CH2', 'CHZ']",2019-01-01T16:33:10.020000Z,6.61
947,20190101T163310Z,1J.TI7A.,"['CH1', 'CH2', 'CHZ']",2019-01-01T16:33:10.020000Z,6.61
948,20190101T163721Z,1J.TI6A.,"['CH1', 'CH2', 'CHZ']",2019-01-01T16:37:21.340000Z,6.61
949,20190101T163721Z,1J.TI7A.,"['CH1', 'CH2', 'CHZ']",2019-01-01T16:37:21.340000Z,6.61
950,20190101T163739Z,1J.TI3A.,"['CH1', 'CH2', 'CHZ']",2019-01-01T16:37:39.200000Z,6.77
951,20190101T163739Z,1J.TI6A.,"['CH1', 'CH2', 'CHZ']",2019-01-01T16:37:39.200000Z,6.77
952,20190101T164228Z,1J.TI6A.,"['CH1', 'CH2', 'CHZ']",2019-01-01T16:42:28.930000Z,6.61
953,20190101T164228Z,1J.TI7A.,"['CH1', 'CH2', 'CHZ']",2019-01-01T16:42:28.930000Z,6.61
954,20190101T164717Z,1J.TI6A.,"['CH1', 'CH2', 'CHZ']",2019-01-01T16:47:17.780000Z,6.61
955,20190101T164717Z,1J.TI7A.,"['CH1', 'CH2', 'CHZ']",2019-01-01T16:47:17.780000Z,6.61
956,20190101T164915Z,1J.TI3A.,"['CH1', 'CH2', 'CHZ']",2019-01-01T16:49:15.350000Z,11.93
957,20190101T164915Z,1J.TI8A.,"['CH1', 'CH2', 'CHZ']",2019-01-01T16:49:15.350000Z,11.93
958,20190101T164915Z,1J.TI6A.,"['CH1', 'CH2', 'CHZ']",2019-01-01T16:49:15.350000Z,11.93
959,20190101T164915Z,1J.TI1A.,"['CH1', 'CH2', 'CHZ']",2019-01-01T16:49:15.350000Z,11.93
960,20190101T165044Z,1J.TI4A.,"['CH1', 'CH2', 'CHZ']",2019-01-01T16:50:44.790000Z,7.39
961,20190101T165044Z,1J.TI8A.,"['CH1', 'CH2', 'CHZ']",2019-01-01T16:50:44.790000Z,7.39
962,20190101T165112Z,1J.TI6A.,"['CH1', 'CH2', 'CHZ']",2019-01-01T16:51:12.760000Z,6.61
963,20190101T165112Z,1J.TI7A.,"['CH1', 'CH2', 'CHZ']",2019-01-01T16:51:12.760000Z,6.61
964,20190101T165534Z,1J.TI6A.,"['CH1', 'CH2', 'CHZ']",2019-01-01T16:55:34.390000Z,6.61
965,20190101T165534Z,1J.TI7A.,"['CH1', 'CH2', 'CHZ']",2019-01-01T16:55:34.390000Z,6.61
966,20190101T165742Z,1J.TI8A.,"['CH1', 'CH2', 'CHZ']",2019-01-01T16:57:42.850000Z,6.43
967,20190101T165742Z,1J.TI6A.,"['CH1', 'CH2', 'CHZ']",2019-01-01T16:57:42.850000Z,6.43
968,20190101T165832Z,1J.TI3A.,"['CH1', 'CH2', 'CHZ']",2019-01-01T16:58:32.660000Z,7.49
969,20190101T165832Z,1J.TI8A.,"['CH1', 'CH2', 'CHZ']",2019-01-01T16:58:32.660000Z,7.49
970,20190101T165832Z,1J.TI6A.,"['CH1', 'CH2', 'CHZ']",2019-01-01T16:58:32.660000Z,7.49
971,20190101T170037Z,1J.TI6A.,"['CH1', 'CH2', 'CHZ']",2019-01-01T17:00:37.660000Z,6.61
972,20190101T170037Z,1J.TI7A.,"['CH1', 'CH2', 'CHZ']",2019-01-01T17:00:37.660000Z,6.61
973,20190101T170401Z,1J.TI4A.,"['CH1', 'CH2', 'CHZ']",2019-01-01T17:04:01.040000Z,7.39
974,20190101T170401Z,1J.TI8A.,"['CH1', 'CH2', 'CHZ']",2019-01-01T17:04:01.040000Z,7.39
975,20190101T170420Z,1J.TI6A.,"['CH1', 'CH2', 'CHZ']",2019-01-01T17:04:20.990000Z,6.61
976,20190101T170420Z,1J.TI7A.,"['CH1', 'CH2', 'CHZ']",2019-01-01T17:04:20.990000Z,6.61
977,20190101T170706Z,1J.TI4A.,"['CH1', 'CH2', 'CHZ']",2019-01-01T17:07:06.390000Z,8.73
978,20190101T170706Z,1J.TI3A.,"['CH1', 'CH2', 'CHZ']",2019-01-01T17:07:06.390000Z,8.73
979,20190101T170706Z,1J.TI8A.,"['CH1', 'CH2', 'CHZ']",2019-01-01T17:07:06.390000Z,8.73
980,20190101T170706Z,1J.TI6A.,"['CH1', 'CH2', 'CHZ']",2019-01-01T17:07:06.390000Z,8.73
981,20190101T170833Z,1J.TI8A.,"['CH1', 'CH2', 'CHZ']",2019-01-01T17:08:33.450000Z,6.43
982,20190101T170833Z,1J.TI6A.,"['CH1', 'CH2', 'CHZ']",2019-01-01T17:08:33.450000Z,6.43
983,20190101T171046Z,1J.TI6A.,"['CH1', 'CH2', 'CHZ']",2019-01-01T17:10:46.710000Z,6.61
984,20190101T171046Z,1J.TI7A.,"['CH1', 'CH2', 'CHZ']",2019-01-01T17:10:46.710000Z,6.61
985,20190101T171609Z,1J.TI6A.,"['CH1', 'CH2', 'CHZ']",2019-01-01T17:16:09.820000Z,6.61
986,20190101T171609Z,1J.TI7A.,"['CH1', 'CH2', 'CHZ']",2019-01-01T17:16:09.820000Z,6.61
987,20190101T171650Z,1J.TI3A.,"['CH1', 'CH2', 'CHZ']",2019-01-01T17:16:50.100000Z,6.77
988,20190101T171650Z,1J.TI6A.,"['CH1', 'CH2', 'CHZ']",2019-01-01T17:16:50.100000Z,6.77
989,20190101T171716Z,1J.TI4A.,"['CH1', 'CH2', 'CHZ']",2019-01-01T17:17:16.030000Z,7.39
990,20190101T171716Z,1J.TI8A.,"['CH1', 'CH2', 'CHZ']",2019-01-01T17:17:16.030000Z,7.39
991,20190101T172118Z,1J.TI6A.,"['CH1', 'CH2', 'CHZ']",2019-01-01T17:21:18.230000Z,6.61
992,20190101T172118Z,1J.TI7A.,"['CH1', 'CH2', 'CHZ']",2019-01-01T17:21:18.230000Z,6.61
993,20190101T172739Z,1J.TI6A.,"['CH1', 'CH2', 'CHZ']",2019-01-01T17:27:39.870000Z,6.61
994,20190101T172739Z,1J.TI7A.,"['CH1', 'CH2', 'CHZ']",2019-01-01T17:27:39.870000Z,6.61
995,20190101T173003Z,1J.TI8A.,"['CH1', 'CH2', 'CHZ']",2019-01-01T17:30:03.530000Z,6.43
996,20190101T173003Z,1J.TI6A.,"['CH1', 'CH2', 'CHZ']",2019-01-01T17:30:03.530000Z,6.43
997,20190101T173022Z,1J.TI4A.,"['CH1', 'CH2', 'CHZ']",2019-01-01T17:30:22.280000Z,7.39
998,20190101T173022Z,1J.TI8A.,"['CH1', 'CH2', 'CHZ']",2019-01-01T17:30:22.280000Z,7.39
999,20190101T173219Z,1J.TI6A.,"['CH1', 'CH2', 'CHZ']",2019-01-01T17:32:19.580000Z,6.61
1000,20190101T173219Z,1J.TI7A.,"['CH1', 'CH2', 'CHZ']",2019-01-01T17:32:19.580000Z,6.61
1001,20190101T173544Z,1J.TI6A.,"['CH1', 'CH2', 'CHZ']",2019-01-01T17:35:44.790000Z,6.61
1002,20190101T173544Z,1J.TI7A.,"['CH1', 'CH2', 'CHZ']",2019-01-01T17:35:44.790000Z,6.61
1003,20190101T173754Z,1J.TI6A.,"['CH1', 'CH2', 'CHZ']",2019-01-01T17:37:54.820000Z,6.61
1004,20190101T173754Z,1J.TI7A.,"['CH1', 'CH2', 'CHZ']",2019-01-01T17:37:54.820000Z,6.61
1005,20190101T174214Z,1J.TI4A.,"['CH1', 'CH2', 'CHZ']",2019-01-01T17:42:14.620000Z,7.39
1006,20190101T174214Z,1J.TI8A.,"['CH1', 'CH2', 'CHZ']",2019-01-01T17:42:14.620000Z,7.39
1007,20190101T174338Z,1J.TI6A.,"['CH1', 'CH2', 'CHZ']",2019-01-01T17:43:38.590000Z,6.61
1008,20190101T174338Z,1J.TI7A.,"['CH1', 'CH2', 'CHZ']",2019-01-01T17:43:38.590000Z,6.61
1009,20190101T174825Z,1J.TI6A.,"['CH1', 'CH2', 'CHZ']",2019-01-01T17:48:25.550000Z,6.61
1010,20190101T174825Z,1J.TI7A.,"['CH1', 'CH2', 'CHZ']",2019-01-01T17:48:25.550000Z,6.61
1011,20190101T175347Z,1J.TI6A.,"['CH1', 'CH2', 'CHZ']",2019-01-01T17:53:47.460000Z,6.61
1012,20190101T175347Z,1J.TI7A.,"['CH1', 'CH2', 'CHZ']",2019-01-01T17:53:47.460000Z,6.61
1013,20190101T175411Z,1J.TI3A.,"['CH1', 'CH2', 'CHZ']",2019-01-01T17:54:11.270000Z,9.57
1014,20190101T175411Z,1J.TI8A.,"['CH1', 'CH2', 'CHZ']",2019-01-01T17:54:11.270000Z,9.57
1015,20190101T175411Z,1J.TI6A.,"['CH1', 'CH2', 'CHZ']",2019-01-01T17:54:11.270000Z,9.57
1016,20190101T175725Z,1J.TI6A.,"['CH1', 'CH2', 'CHZ']",2019-01-01T17:57:25.210000Z,6.61
1017,20190101T175725Z,1J.TI7A.,"['CH1', 'CH2', 'CHZ']",2019-01-01T17:57:25.210000Z,6.61
1018,20190101T180029Z,1J.TI4A.,"['CH1', 'CH2', 'CHZ']",2019-01-01T18:00:29.570000Z,7.39
1019,20190101T180029Z,1J.TI8A.,"['CH1', 'CH2', 'CHZ']",2019-01-01T18:00:29.570000Z,7.39
1020,20190101T180448Z,1J.TI6A.,"['CH1', 'CH2', 'CHZ']",2019-01-01T18:04:48.600000Z,6.61
1021,20190101T180448Z,1J.TI7A.,"['CH1', 'CH2', 'CHZ']",2019-01-01T18:04:48.600000Z,6.61
1022,20190101T181017Z,1J.TI6A.,"['CH1', 'CH2', 'CHZ']",2019-01-01T18:10:17.710000Z,6.61
1023,20190101T181017Z,1J.TI7A.,"['CH1', 'CH2', 'CHZ']",2019-01-01T18:10:17.710000Z,6.61
1024,20190101T181343Z,1J.TI4A.,"['CH1', 'CH2', 'CHZ']",2019-01-01T18:13:43.510000Z,7.39
1025,20190101T181343Z,1J.TI8A.,"['CH1', 'CH2', 'CHZ']",2019-01-01T18:13:43.510000Z,7.39
1026,20190101T181655Z,1J.TI6A.,"['CH1', 'CH2', 'CHZ']",2019-01-01T18:16:55.240000Z,6.61
1027,20190101T181655Z,1J.TI7A.,"['CH1', 'CH2', 'CHZ']",2019-01-01T18:16:55.240000Z,6.61
1028,20190101T181831Z,1J.TI3A.,"['CH1', 'CH2', 'CHZ']",2019-01-01T18:18:31.220000Z,6.77
1029,20190101T181831Z,1J.TI6A.,"['CH1', 'CH2', 'CHZ']",2019-01-01T18:18:31.220000Z,6.77
1030,20190101T182337Z,1J.TI6A.,"['CH1', 'CH2', 'CHZ']",2019-01-01T18:23:37.740000Z,6.61
1031,20190101T182337Z,1J.TI7A.,"['CH1', 'CH2', 'CHZ']",2019-01-01T18:23:37.740000Z,6.61
1032,20190101T182758Z,1J.TI4A.,"['CH1', 'CH2', 'CHZ']",2019-01-01T18:27:58.030000Z,7.39
1033,20190101T182758Z,1J.TI8A.,"['CH1', 'CH2', 'CHZ']",2019-01-01T18:27:58.030000Z,7.39
1034,20190101T183037Z,1J.TI6A.,"['CH1', 'CH2', 'CHZ']",2019-01-01T18:30:37.170000Z,6.61
1035,20190101T183037Z,1J.TI7A.,"['CH1', 'CH2', 'CHZ']",2019-01-01T18:30:37.170000Z,6.61
1036,20190101T183412Z,1J.TI3A.,"['CH1', 'CH2', 'CHZ']",2019-01-01T18:34:12.850000Z,6.77
1037,20190101T183412Z,1J.TI6A.,"['CH1', 'CH2', 'CHZ']",2019-01-01T18:34:12.850000Z,6.77
1038,20190101T183453Z,1J.TI8A.,"['CH1', 'CH2', 'CHZ']",2019-01-01T18:34:53.680000Z,8.05
1039,20190101T183725Z,1J.TI6A.,"['CH1', 'CH2', 'CHZ']",2019-01-01T18:37:25.220000Z,6.61
1040,20190101T183725Z,1J.TI7A.,"['CH1', 'CH2', 'CHZ']",2019-01-01T18:37:25.220000Z,6.61
1041,20190101T184127Z,1J.TI4A.,"['CH1', 'CH2', 'CHZ']",2019-01-01T18:41:27.710000Z,7.39
1042,20190101T184127Z,1J.TI8A.,"['CH1', 'CH2', 'CHZ']",2019-01-01T18:41:27.710000Z,7.39
1043,20190101T184441Z,1J.TI6A.,"['CH1', 'CH2', 'CHZ']",2019-01-01T18:44:41.870000Z,6.61
1044,20190101T184441Z,1J.TI7A.,"['CH1', 'CH2', 'CHZ']",2019-01-01T18:44:41.870000Z,6.61
1045,20190101T185052Z,1J.TI6A.,"['CH1', 'CH2', 'CHZ']",2019-01-01T18:50:52.920000Z,6.61
1046,20190101T185052Z,1J.TI7A.,"['CH1', 'CH2', 'CHZ']",2019-01-01T18:50:52.920000Z,6.61
1047,20190101T185618Z,1J.TI6A.,"['CH1', 'CH2', 'CHZ']",2019-01-01T18:56:18.940000Z,6.61
1048,20190101T185618Z,1J.TI7A.,"['CH1', 'CH2', 'CHZ']",2019-01-01T18:56:18.940000Z,6.61
1049,20190101T185753Z,1J.TI4A.,"['CH1', 'CH2', 'CHZ']",2019-01-01T18:57:53.470000Z,7.39
1050,20190101T185753Z,1J.TI8A.,"['CH1', 'CH2', 'CHZ']",2019-01-01T18:57:53.470000Z,7.39
1051,20190101T190111Z,1J.TI8A.,"['CH1', 'CH2', 'CHZ']",2019-01-01T19:01:11.480000Z,10.89
1052,20190101T190111Z,1J.TI6A.,"['CH1', 'CH2', 'CHZ']",2019-01-01T19:01:11.480000Z,10.89
1053,20190101T190111Z,1J.TI7A.,"['CH1', 'CH2', 'CHZ']",2019-01-01T19:01:11.480000Z,10.89
1054,20190101T190230Z,1J.TI6A.,"['CH1', 'CH2', 'CHZ']",2019-01-01T19:02:30.300000Z,6.61
1055,20190101T190230Z,1J.TI7A.,"['CH1', 'CH2', 'CHZ']",2019-01-01T19:02:30.300000Z,6.61
1056,20190101T190434Z,1J.TI6A.,"['CH1', 'CH2', 'CHZ']",2019-01-01T19:04:34.380000Z,6.61
1057,20190101T190434Z,1J.TI7A.,"['CH1', 'CH2', 'CHZ']",2019-01-01T19:04:34.380000Z,6.61
1058,20190101T190455Z,1J.TI8A.,"['CH1', 'CH2', 'CHZ']",2019-01-01T19:04:55.160000Z,6.43
1059,20190101T190455Z,1J.TI6A.,"['CH1', 'CH2', 'CHZ']",2019-01-01T19:04:55.160000Z,6.43
1060,20190101T190956Z,1J.TI4A.,"['CH1', 'CH2', 'CHZ']",2019-01-01T19:09:56.160000Z,7.39
1061,20190101T190956Z,1J.TI8A.,"['CH1', 'CH2', 'CHZ']",2019-01-01T19:09:56.160000Z,7.39
1062,20190101T191057Z,1J.TI6A.,"['CH1', 'CH2', 'CHZ']",2019-01-01T19:10:57.500000Z,6.61
1063,20190101T191057Z,1J.TI7A.,"['CH1', 'CH2', 'CHZ']",2019-01-01T19:10:57.500000Z,6.61
1064,20190101T191127Z,1J.TI3A.,"['CH1', 'CH2', 'CHZ']",2019-01-01T19:11:27.480000Z,6.77
1065,20190101T191127Z,1J.TI6A.,"['CH1', 'CH2', 'CHZ']",2019-01-01T19:11:27.480000Z,6.77
1066,20190101T191359Z,1J.TI6A.,"['CH1', 'CH2', 'CHZ']",2019-01-01T19:13:59.110000Z,6.61
1067,20190101T191359Z,1J.TI7A.,"['CH1', 'CH2', 'CHZ']",2019-01-01T19:13:59.110000Z,6.61
1068,20190101T191543Z,1J.TI8A.,"['CH1', 'CH2', 'CHZ']",2019-01-01T19:15:43.990000Z,8.05
1069,20190101T191851Z,1J.TI6A.,"['CH1', 'CH2', 'CHZ']",2019-01-01T19:18:51.650000Z,6.61
1070,20190101T191851Z,1J.TI7A.,"['CH1', 'CH2', 'CHZ']",2019-01-01T19:18:51.650000Z,6.61
1071,20190101T192201Z,1J.TI6A.,"['CH1', 'CH2', 'CHZ']",2019-01-01T19:22:01.260000Z,6.61
1072,20190101T192201Z,1J.TI7A.,"['CH1', 'CH2', 'CHZ']",2019-01-01T19:22:01.260000Z,6.61
1073,20190101T192341Z,1J.TI6A.,"['CH1', 'CH2', 'CHZ']",2019-01-01T19:23:41.350000Z,6.61
1074,20190101T192341Z,1J.TI7A.,"['CH1', 'CH2', 'CHZ']",2019-01-01T19:23:41.350000Z,6.61
1075,20190101T192753Z,1J.TI3A.,"['CH1', 'CH2', 'CHZ']",2019-01-01T19:27:53.570000Z,11.93
1076,20190101T192753Z,1J.TI8A.,"['CH1', 'CH2', 'CHZ']",2019-01-01T19:27:53.570000Z,11.93
1077,20190101T192753Z,1J.TI6A.,"['CH1', 'CH2', 'CHZ']",2019-01-01T19:27:53.570000Z,11.93
1078,20190101T192753Z,1J.TI1A.,"['CH1', 'CH2', 'CHZ']",2019-01-01T19:27:53.570000Z,11.93
1079,20190101T192847Z,1J.TI6A.,"['CH1', 'CH2', 'CHZ']",2019-01-01T19:28:47.440000Z,6.61
1080,20190101T192847Z,1J.TI7A.,"['CH1', 'CH2', 'CHZ']",2019-01-01T19:28:47.440000Z,6.61
1081,20190101T192959Z,1J.TI4A.,"['CH1', 'CH2', 'CHZ']",2019-01-01T19:29:59.610000Z,7.39
1082,20190101T192959Z,1J.TI8A.,"['CH1', 'CH2', 'CHZ']",2019-01-01T19:29:59.610000Z,7.39
1083,20190101T193414Z,1J.TI4A.,"['CH1', 'CH2', 'CHZ']",2019-01-01T19:34:14.970000Z,7.89
1084,20190101T193414Z,1J.TI8A.,"['CH1', 'CH2', 'CHZ']",2019-01-01T19:34:14.970000Z,7.89
1085,20190101T193451Z,1J.TI6A.,"['CH1', 'CH2', 'CHZ']",2019-01-01T19:34:51.560000Z,6.61
1086,20190101T193451Z,1J.TI7A.,"['CH1', 'CH2', 'CHZ']",2019-01-01T19:34:51.560000Z,6.61
1087,20190101T193726Z,1J.TI4A.,"['CH1', 'CH2', 'CHZ']",2019-01-01T19:37:26.750000Z,7.89
1088,20190101T193726Z,1J.TI8A.,"['CH1', 'CH2', 'CHZ']",2019-01-01T19:37:26.750000Z,7.89
1089,20190101T193843Z,1J.TI4A.,"['CH1', 'CH2', 'CHZ']",2019-01-01T19:38:43.060000Z,7.89
1090,20190101T193843Z,1J.TI8A.,"['CH1', 'CH2', 'CHZ']",2019-01-01T19:38:43.060000Z,7.89
1091,20190101T193914Z,1J.TI4A.,"['CH1', 'CH2', 'CHZ']",2019-01-01T19:39:14.300000Z,7.89
1092,20190101T193914Z,1J.TI8A.,"['CH1', 'CH2', 'CHZ']",2019-01-01T19:39:14.300000Z,7.89
1093,20190101T193959Z,1J.TI4A.,"['CH1', 'CH2', 'CHZ']",2019-01-01T19:39:59.100000Z,7.89
1094,20190101T193959Z,1J.TI8A.,"['CH1', 'CH2', 'CHZ']",2019-01-01T19:39:59.100000Z,7.89
1095,20190101T194028Z,1J.TI6A.,"['CH1', 'CH2', 'CHZ']",2019-01-01T19:40:28.840000Z,6.61
1096,20190101T194028Z,1J.TI7A.,"['CH1', 'CH2', 'CHZ']",2019-01-01T19:40:28.840000Z,6.61
1097,20190101T194200Z,1J.TI4A.,"['CH1', 'CH2', 'CHZ']",2019-01-01T19:42:00.690000Z,7.39
1098,20190101T194200Z,1J.TI8A.,"['CH1', 'CH2', 'CHZ']",2019-01-01T19:42:00.690000Z,7.39
1099,20190101T194413Z,1J.TI8A.,"['CH1', 'CH2', 'CHZ']",2019-01-01T19:44:13.970000Z,6.43
1100,20190101T194413Z,1J.TI6A.,"['CH1', 'CH2', 'CHZ']",2019-01-01T19:44:13.970000Z,6.43
1101,20190101T194529Z,1J.TI6A.,"['CH1', 'CH2', 'CHZ']",2019-01-01T19:45:29.480000Z,6.61
1102,20190101T194529Z,1J.TI7A.,"['CH1', 'CH2', 'CHZ']",2019-01-01T19:45:29.480000Z,6.61
1103,20190101T194706Z,1J.TI3A.,"['CH1', 'CH2', 'CHZ']",2019-01-01T19:47:06.470000Z,6.77
1104,20190101T194706Z,1J.TI6A.,"['CH1', 'CH2', 'CHZ']",2019-01-01T19:47:06.470000Z,6.77
1105,20190101T194854Z,1J.TI6A.,"['CH1', 'CH2', 'CHZ']",2019-01-01T19:48:54.840000Z,6.61
1106,20190101T194854Z,1J.TI7A.,"['CH1', 'CH2', 'CHZ']",2019-01-01T19:48:54.840000Z,6.61
1107,20190101T194912Z,1J.TI8A.,"['CH1', 'CH2', 'CHZ']",2019-01-01T19:49:12.470000Z,10.89
1108,20190101T194912Z,1J.TI6A.,"['CH1', 'CH2', 'CHZ']",2019-01-01T19:49:12.470000Z,10.89
1109,20190101T194912Z,1J.TI7A.,"['CH1', 'CH2', 'CHZ']",2019-01-01T19:49:12.470000Z,10.89
1110,20190101T195307Z,1J.TI3A.,"['CH1', 'CH2', 'CHZ']",2019-01-01T19:53:07.060000Z,9.57
1111,20190101T195307Z,1J.TI8A.,"['CH1', 'CH2', 'CHZ']",2019-01-01T19:53:07.060000Z,9.57
1112,20190101T195307Z,1J.TI6A.,"['CH1', 'CH2', 'CHZ']",2019-01-01T19:53:07.060000Z,9.57
1113,20190101T195414Z,1J.TI6A.,"['CH1', 'CH2', 'CHZ']",2019-01-01T19:54:14.220000Z,6.61
1114,20190101T195414Z,1J.TI7A.,"['CH1', 'CH2', 'CHZ']",2019-01-01T19:54:14.220000Z,6.61
1115,20190101T195436Z,1J.TI4A.,"['CH1', 'CH2', 'CHZ']",2019-01-01T19:54:36.720000Z,7.39
1116,20190101T195436Z,1J.TI8A.,"['CH1', 'CH2', 'CHZ']",2019-01-01T19:54:36.720000Z,7.39
1117,20190101T195906Z,1J.TI6A.,"['CH1', 'CH2', 'CHZ']",2019-01-01T19:59:06.140000Z,6.61
1118,20190101T195906Z,1J.TI7A.,"['CH1', 'CH2', 'CHZ']",2019-01-01T19:59:06.140000Z,6.61
1119,20190101T200043Z,1J.TI3A.,"['CH1', 'CH2', 'CHZ']",2019-01-01T20:00:43.010000Z,7.49
1120,20190101T200043Z,1J.TI8A.,"['CH1', 'CH2', 'CHZ']",2019-01-01T20:00:43.010000Z,7.49
1121,20190101T200043Z,1J.TI6A.,"['CH1', 'CH2', 'CHZ']",2019-01-01T20:00:43.010000Z,7.49
1122,20190101T200115Z,1J.TI8A.,"['CH1', 'CH2', 'CHZ']",2019-01-01T20:01:15.070000Z,10.89
1123,20190101T200115Z,1J.TI6A.,"['CH1', 'CH2', 'CHZ']",2019-01-01T20:01:15.070000Z,10.89
1124,20190101T200115Z,1J.TI7A.,"['CH1', 'CH2', 'CHZ']",2019-01-01T20:01:15.070000Z,10.89
1125,20190101T200305Z,1J.TI6A.,"['CH1', 'CH2', 'CHZ']",2019-01-01T20:03:05.270000Z,6.61
1126,20190101T200305Z,1J.TI7A.,"['CH1', 'CH2', 'CHZ']",2019-01-01T20:03:05.270000Z,6.61
1127,20190101T200704Z,1J.TI6A.,"['CH1', 'CH2', 'CHZ']",2019-01-01T20:07:04.860000Z,6.61
1128,20190101T200704Z,1J.TI7A.,"['CH1', 'CH2', 'CHZ']",2019-01-01T20:07:04.860000Z,6.61
1129,20190101T200740Z,1J.TI4A.,"['CH1', 'CH2', 'CHZ']",2019-01-01T20:07:40.390000Z,7.89
1130,20190101T200740Z,1J.TI8A.,"['CH1', 'CH2', 'CHZ']",2019-01-01T20:07:40.390000Z,7.89
1131,20190101T200808Z,1J.TI4A.,"['CH1', 'CH2', 'CHZ']",2019-01-01T20:08:08.210000Z,7.39
1132,20190101T200808Z,1J.TI8A.,"['CH1', 'CH2', 'CHZ']",2019-01-01T20:08:08.210000Z,7.39
1133,20190101T201044Z,1J.TI6A.,"['CH1', 'CH2', 'CHZ']",2019-01-01T20:10:44.680000Z,6.61
1134,20190101T201044Z,1J.TI7A.,"['CH1', 'CH2', 'CHZ']",2019-01-01T20:10:44.680000Z,6.61
1135,20190101T201153Z,1J.TI4A.,"['CH1', 'CH2', 'CHZ']",2019-01-01T20:11:53.360000Z,7.89
1136,20190101T201153Z,1J.TI8A.,"['CH1', 'CH2', 'CHZ']",2019-01-01T20:11:53.360000Z,7.89
1137,20190101T201434Z,1J.TI6A.,"['CH1', 'CH2', 'CHZ']",2019-01-01T20:14:34.370000Z,6.61
1138,20190101T201434Z,1J.TI7A.,"['CH1', 'CH2', 'CHZ']",2019-01-01T20:14:34.370000Z,6.61
1139,20190101T201454Z,1J.TI4A.,"['CH1', 'CH2', 'CHZ']",2019-01-01T20:14:54.240000Z,7.39
1140,20190101T201454Z,1J.TI8A.,"['CH1', 'CH2', 'CHZ']",2019-01-01T20:14:54.240000Z,7.39
1141,20190101T202004Z,1J.TI6A.,"['CH1', 'CH2', 'CHZ']",2019-01-01T20:20:04.570000Z,6.61
1142,20190101T202004Z,1J.TI7A.,"['CH1', 'CH2', 'CHZ']",2019-01-01T20:20:04.570000Z,6.61
1143,20190101T202033Z,1J.TI4A.,"['CH1', 'CH2', 'CHZ']",2019-01-01T20:20:33.950000Z,7.89
1144,20190101T202033Z,1J.TI8A.,"['CH1', 'CH2', 'CHZ']",2019-01-01T20:20:33.950000Z,7.89
1145,20190101T202112Z,1J.TI4A.,"['CH1', 'CH2', 'CHZ']",2019-01-01T20:21:12.640000Z,7.39
1146,20190101T202112Z,1J.TI8A.,"['CH1', 'CH2', 'CHZ']",2019-01-01T20:21:12.640000Z,7.39
1147,20190101T202359Z,1J.TI6A.,"['CH1', 'CH2', 'CHZ']",2019-01-01T20:23:59.580000Z,6.61
1148,20190101T202359Z,1J.TI7A.,"['CH1', 'CH2', 'CHZ']",2019-01-01T20:23:59.580000Z,6.61
1149,20190101T202431Z,1J.TI8A.,"['CH1', 'CH2', 'CHZ']",2019-01-01T20:24:31.810000Z,6.43
1150,20190101T202431Z,1J.TI6A.,"['CH1', 'CH2', 'CHZ']",2019-01-01T20:24:31.810000Z,6.43
1151,20190101T202848Z,1J.TI6A.,"['CH1', 'CH2', 'CHZ']",2019-01-01T20:28:48.540000Z,6.61
1152,20190101T202848Z,1J.TI7A.,"['CH1', 'CH2', 'CHZ']",2019-01-01T20:28:48.540000Z,6.61
1153,20190101T203316Z,1J.TI4A.,"['CH1', 'CH2', 'CHZ']",2019-01-01T20:33:16.980000Z,7.39
1154,20190101T203316Z,1J.TI8A.,"['CH1', 'CH2', 'CHZ']",2019-01-01T20:33:16.980000Z,7.39
1155,20190101T203334Z,1J.TI6A.,"['CH1', 'CH2', 'CHZ']",2019-01-01T20:33:34.280000Z,6.61
1156,20190101T203334Z,1J.TI7A.,"['CH1', 'CH2', 'CHZ']",2019-01-01T20:33:34.280000Z,6.61
1157,20190101T203349Z,1J.TI8A.,"['CH1', 'CH2', 'CHZ']",2019-01-01T20:33:49.950000Z,8.05
1158,20190101T203754Z,1J.TI6A.,"['CH1', 'CH2', 'CHZ']",2019-01-01T20:37:54.930000Z,6.61
1159,20190101T203754Z,1J.TI7A.,"['CH1', 'CH2', 'CHZ']",2019-01-01T20:37:54.930000Z,6.61
1160,20190101T204129Z,1J.TI4A.,"['CH1', 'CH2', 'CHZ']",2019-01-01T20:41:29.000000Z,9.24
1161,20190101T204129Z,1J.TI3A.,"['CH1', 'CH2', 'CHZ']",2019-01-01T20:41:29.000000Z,9.24
1162,20190101T204129Z,1J.TI8A.,"['CH1', 'CH2', 'CHZ']",2019-01-01T20:41:29.000000Z,9.24
1163,20190101T204129Z,1J.TI6A.,"['CH1', 'CH2', 'CHZ']",2019-01-01T20:41:29.000000Z,9.24
1164,20190101T204129Z,1J.TI1A.,"['CH1', 'CH2', 'CHZ']",2019-01-01T20:41:29.000000Z,9.24
1165,20190101T204250Z,1J.TI6A.,"['CH1', 'CH2', 'CHZ']",2019-01-01T20:42:50.250000Z,6.61
1166,20190101T204250Z,1J.TI7A.,"['CH1', 'CH2', 'CHZ']",2019-01-01T20:42:50.250000Z,6.61
1167,20190101T204309Z,1J.TI8A.,"['CH1', 'CH2', 'CHZ']",2019-01-01T20:43:09.580000Z,6.43
1168,20190101T204309Z,1J.TI6A.,"['CH1', 'CH2', 'CHZ']",2019-01-01T20:43:09.580000Z,6.43
1169,20190101T204551Z,1J.TI4A.,"['CH1', 'CH2', 'CHZ']",2019-01-01T20:45:51.060000Z,7.39
1170,20190101T204551Z,1J.TI8A.,"['CH1', 'CH2', 'CHZ']",2019-01-01T20:45:51.060000Z,7.39
1171,20190101T204611Z,1J.TI6A.,"['CH1', 'CH2', 'CHZ']",2019-01-01T20:46:11.010000Z,6.61
1172,20190101T204611Z,1J.TI7A.,"['CH1', 'CH2', 'CHZ']",2019-01-01T20:46:11.010000Z,6.61
1173,20190101T204856Z,1J.TI6A.,"['CH1', 'CH2', 'CHZ']",2019-01-01T20:48:56.550000Z,6.61
1174,20190101T204856Z,1J.TI7A.,"['CH1', 'CH2', 'CHZ']",2019-01-01T20:48:56.550000Z,6.61
1175,20190101T205248Z,1J.TI4A.,"['CH1', 'CH2', 'CHZ']",2019-01-01T20:52:48.430000Z,9.21
1176,20190101T205248Z,1J.TI3A.,"['CH1', 'CH2', 'CHZ']",2019-01-01T20:52:48.430000Z,9.21
1177,20190101T205248Z,1J.TI8A.,"['CH1', 'CH2', 'CHZ']",2019-01-01T20:52:48.430000Z,9.21
1178,20190101T205248Z,1J.TI6A.,"['CH1', 'CH2', 'CHZ']",2019-01-01T20:52:48.430000Z,9.21
1179,20190101T205248Z,1J.TI1A.,"['CH1', 'CH2', 'CHZ']",2019-01-01T20:52:48.430000Z,9.21
1180,20190101T205329Z,1J.TI3A.,"['CH1', 'CH2', 'CHZ']",2019-01-01T20:53:29.570000Z,6.77
1181,20190101T205329Z,1J.TI6A.,"['CH1', 'CH2', 'CHZ']",2019-01-01T20:53:29.570000Z,6.77
1182,20190101T205433Z,1J.TI6A.,"['CH1', 'CH2', 'CHZ']",2019-01-01T20:54:33.720000Z,6.61
1183,20190101T205433Z,1J.TI7A.,"['CH1', 'CH2', 'CHZ']",2019-01-01T20:54:33.720000Z,6.61
1184,20190101T205938Z,1J.TI4A.,"['CH1', 'CH2', 'CHZ']",2019-01-01T20:59:38.380000Z,7.39
1185,20190101T205938Z,1J.TI8A.,"['CH1', 'CH2', 'CHZ']",2019-01-01T20:59:38.380000Z,7.39
1186,20190101T210005Z,1J.TI6A.,"['CH1', 'CH2', 'CHZ']",2019-01-01T21:00:05.540000Z,6.61
1187,20190101T210005Z,1J.TI7A.,"['CH1', 'CH2', 'CHZ']",2019-01-01T21:00:05.540000Z,6.61
1188,20190101T210548Z,1J.TI6A.,"['CH1', 'CH2', 'CHZ']",2019-01-01T21:05:48.890000Z,6.61
1189,20190101T210548Z,1J.TI7A.,"['CH1', 'CH2', 'CHZ']",2019-01-01T21:05:48.890000Z,6.61
1190,20190101T211129Z,1J.TI6A.,"['CH1', 'CH2', 'CHZ']",2019-01-01T21:11:29.330000Z,6.61
1191,20190101T211129Z,1J.TI7A.,"['CH1', 'CH2', 'CHZ']",2019-01-01T21:11:29.330000Z,6.61
1192,20190101T211312Z,1J.TI4A.,"['CH1', 'CH2', 'CHZ']",2019-01-01T21:13:12.930000Z,7.39
1193,20190101T211312Z,1J.TI8A.,"['CH1', 'CH2', 'CHZ']",2019-01-01T21:13:12.930000Z,7.39
1194,20190101T211548Z,1J.TI6A.,"['CH1', 'CH2', 'CHZ']",2019-01-01T21:15:48.490000Z,6.61
1195,20190101T211548Z,1J.TI7A.,"['CH1', 'CH2', 'CHZ']",2019-01-01T21:15:48.490000Z,6.61
1196,20190101T212146Z,1J.TI6A.,"['CH1', 'CH2', 'CHZ']",2019-01-01T21:21:46.340000Z,6.61
1197,20190101T212146Z,1J.TI7A.,"['CH1', 'CH2', 'CHZ']",2019-01-01T21:21:46.340000Z,6.61
1198,20190101T212557Z,1J.TI4A.,"['CH1', 'CH2', 'CHZ']",2019-01-01T21:25:57.880000Z,7.39
1199,20190101T212557Z,1J.TI8A.,"['CH1', 'CH2', 'CHZ']",2019-01-01T21:25:57.880000Z,7.39
1200,20190101T212816Z,1J.TI6A.,"['CH1', 'CH2', 'CHZ']",2019-01-01T21:28:16.490000Z,6.61
1201,20190101T212816Z,1J.TI7A.,"['CH1', 'CH2', 'CHZ']",2019-01-01T21:28:16.490000Z,6.61
1202,20190101T213155Z,1J.TI3A.,"['CH1', 'CH2', 'CHZ']",2019-01-01T21:31:55.170000Z,6.77
1203,20190101T213155Z,1J.TI6A.,"['CH1', 'CH2', 'CHZ']",2019-01-01T21:31:55.170000Z,6.77
1204,20190101T213242Z,1J.TI6A.,"['CH1', 'CH2', 'CHZ']",2019-01-01T21:32:42.710000Z,6.61
1205,20190101T213242Z,1J.TI7A.,"['CH1', 'CH2', 'CHZ']",2019-01-01T21:32:42.710000Z,6.61
1206,20190101T213629Z,1J.TI6A.,"['CH1', 'CH2', 'CHZ']",2019-01-01T21:36:29.030000Z,6.61
1207,20190101T213629Z,1J.TI7A.,"['CH1', 'CH2', 'CHZ']",2019-01-01T21:36:29.030000Z,6.61
1208,20190101T213837Z,1J.TI4A.,"['CH1', 'CH2', 'CHZ']",2019-01-01T21:38:37.350000Z,7.39
1209,20190101T213837Z,1J.TI8A.,"['CH1', 'CH2', 'CHZ']",2019-01-01T21:38:37.350000Z,7.39
1210,20190101T213913Z,1J.TI3A.,"['CH1', 'CH2', 'CHZ']",2019-01-01T21:39:13.910000Z,6.28
1211,20190101T213913Z,1J.TI8A.,"['CH1', 'CH2', 'CHZ']",2019-01-01T21:39:13.910000Z,6.28
1212,20190101T214002Z,1J.TI6A.,"['CH1', 'CH2', 'CHZ']",2019-01-01T21:40:02.430000Z,6.61
1213,20190101T214002Z,1J.TI7A.,"['CH1', 'CH2', 'CHZ']",2019-01-01T21:40:02.430000Z,6.61
1214,20190101T214255Z,1J.TI3A.,"['CH1', 'CH2', 'CHZ']",2019-01-01T21:42:55.070000Z,6.77
1215,20190101T214255Z,1J.TI6A.,"['CH1', 'CH2', 'CHZ']",2019-01-01T21:42:55.070000Z,6.77
1216,20190101T214338Z,1J.TI6A.,"['CH1', 'CH2', 'CHZ']",2019-01-01T21:43:38.060000Z,6.61
1217,20190101T214338Z,1J.TI7A.,"['CH1', 'CH2', 'CHZ']",2019-01-01T21:43:38.060000Z,6.61
1218,20190101T214823Z,1J.TI6A.,"['CH1', 'CH2', 'CHZ']",2019-01-01T21:48:23.930000Z,6.61
1219,20190101T214823Z,1J.TI7A.,"['CH1', 'CH2', 'CHZ']",2019-01-01T21:48:23.930000Z,6.61
1220,20190101T215055Z,1J.TI4A.,"['CH1', 'CH2', 'CHZ']",2019-01-01T21:50:55.280000Z,7.39
1221,20190101T215055Z,1J.TI8A.,"['CH1', 'CH2', 'CHZ']",2019-01-01T21:50:55.280000Z,7.39
1222,20190101T215210Z,1J.TI6A.,"['CH1', 'CH2', 'CHZ']",2019-01-01T21:52:10.090000Z,6.61
1223,20190101T215210Z,1J.TI7A.,"['CH1', 'CH2', 'CHZ']",2019-01-01T21:52:10.090000Z,6.61
1224,20190101T215506Z,1J.TI6A.,"['CH1', 'CH2', 'CHZ']",2019-01-01T21:55:06.550000Z,6.61
1225,20190101T215506Z,1J.TI7A.,"['CH1', 'CH2', 'CHZ']",2019-01-01T21:55:06.550000Z,6.61
1226,20190101T215745Z,1J.TI6A.,"['CH1', 'CH2', 'CHZ']",2019-01-01T21:57:45.870000Z,6.61
1227,20190101T215745Z,1J.TI7A.,"['CH1', 'CH2', 'CHZ']",2019-01-01T21:57:45.870000Z,6.61
1228,20190101T220328Z,1J.TI6A.,"['CH1', 'CH2', 'CHZ']",2019-01-01T22:03:28.930000Z,6.61
1229,20190101T220328Z,1J.TI7A.,"['CH1', 'CH2', 'CHZ']",2019-01-01T22:03:28.930000Z,6.61
1230,20190101T220651Z,1J.TI6A.,"['CH1', 'CH2', 'CHZ']",2019-01-01T22:06:51.730000Z,6.61
1231,20190101T220651Z,1J.TI7A.,"['CH1', 'CH2', 'CHZ']",2019-01-01T22:06:51.730000Z,6.61
1232,20190101T220858Z,1J.TI8A.,"['CH1', 'CH2', 'CHZ']",2019-01-01T22:08:58.490000Z,6.43
1233,20190101T220858Z,1J.TI6A.,"['CH1', 'CH2', 'CHZ']",2019-01-01T22:08:58.490000Z,6.43
1234,20190101T221246Z,1J.TI6A.,"['CH1', 'CH2', 'CHZ']",2019-01-01T22:12:46.650000Z,6.61
1235,20190101T221246Z,1J.TI7A.,"['CH1', 'CH2', 'CHZ']",2019-01-01T22:12:46.650000Z,6.61
1236,20190101T221600Z,1J.TI3A.,"['CH1', 'CH2', 'CHZ']",2019-01-01T22:16:00.410000Z,6.77
1237,20190101T221600Z,1J.TI6A.,"['CH1', 'CH2', 'CHZ']",2019-01-01T22:16:00.410000Z,6.77
1238,20190101T221619Z,1J.TI4A.,"['CH1', 'CH2', 'CHZ']",2019-01-01T22:16:19.440000Z,7.39
1239,20190101T221619Z,1J.TI8A.,"['CH1', 'CH2', 'CHZ']",2019-01-01T22:16:19.440000Z,7.39
1240,20190101T221921Z,1J.TI6A.,"['CH1', 'CH2', 'CHZ']",2019-01-01T22:19:21.250000Z,6.61
1241,20190101T221921Z,1J.TI7A.,"['CH1', 'CH2', 'CHZ']",2019-01-01T22:19:21.250000Z,6.61
1242,20190101T222448Z,1J.TI6A.,"['CH1', 'CH2', 'CHZ']",2019-01-01T22:24:48.860000Z,6.61
1243,20190101T222448Z,1J.TI7A.,"['CH1', 'CH2', 'CHZ']",2019-01-01T22:24:48.860000Z,6.61
1244,20190101T223006Z,1J.TI4A.,"['CH1', 'CH2', 'CHZ']",2019-01-01T22:30:06.700000Z,7.39
1245,20190101T223006Z,1J.TI8A.,"['CH1', 'CH2', 'CHZ']",2019-01-01T22:30:06.700000Z,7.39
1246,20190101T223040Z,1J.TI6A.,"['CH1', 'CH2', 'CHZ']",2019-01-01T22:30:40.120000Z,6.61
1247,20190101T223040Z,1J.TI7A.,"['CH1', 'CH2', 'CHZ']",2019-01-01T22:30:40.120000Z,6.61
1248,20190101T223351Z,1J.TI3A.,"['CH1', 'CH2', 'CHZ']",2019-01-01T22:33:51.870000Z,6.77
1249,20190101T223351Z,1J.TI6A.,"['CH1', 'CH2', 'CHZ']",2019-01-01T22:33:51.870000Z,6.77
1250,20190101T223606Z,1J.TI6A.,"['CH1', 'CH2', 'CHZ']",2019-01-01T22:36:06.660000Z,6.61
1251,20190101T223606Z,1J.TI7A.,"['CH1', 'CH2', 'CHZ']",2019-01-01T22:36:06.660000Z,6.61
1252,20190101T224053Z,1J.TI6A.,"['CH1', 'CH2', 'CHZ']",2019-01-01T22:40:53.030000Z,6.61
1253,20190101T224053Z,1J.TI7A.,"['CH1', 'CH2', 'CHZ']",2019-01-01T22:40:53.030000Z,6.61
1254,20190101T224720Z,1J.TI6A.,"['CH1', 'CH2', 'CHZ']",2019-01-01T22:47:20.650000Z,6.61
1255,20190101T224720Z,1J.TI7A.,"['CH1', 'CH2', 'CHZ']",2019-01-01T22:47:20.650000Z,6.61
1256,20190101T224811Z,1J.TI3A.,"['CH1', 'CH2', 'CHZ']",2019-01-01T22:48:11.440000Z,6.77
1257,20190101T224811Z,1J.TI6A.,"['CH1', 'CH2', 'CHZ']",2019-01-01T22:48:11.440000Z,6.77
1258,20190101T224852Z,1J.TI8A.,"['CH1', 'CH2', 'CHZ']",2019-01-01T22:48:52.740000Z,8.05
1259,20190101T225323Z,1J.TI6A.,"['CH1', 'CH2', 'CHZ']",2019-01-01T22:53:23.280000Z,6.61
1260,20190101T225323Z,1J.TI7A.,"['CH1', 'CH2', 'CHZ']",2019-01-01T22:53:23.280000Z,6.61
1261,20190101T225544Z,1J.TI4A.,"['CH1', 'CH2', 'CHZ']",2019-01-01T22:55:44.440000Z,7.39
1262,20190101T225544Z,1J.TI8A.,"['CH1', 'CH2', 'CHZ']",2019-01-01T22:55:44.440000Z,7.39
1263,20190101T225752Z,1J.TI6A.,"['CH1', 'CH2', 'CHZ']",2019-01-01T22:57:52.840000Z,6.61
1264,20190101T225752Z,1J.TI7A.,"['CH1', 'CH2', 'CHZ']",2019-01-01T22:57:52.840000Z,6.61
1265,20190101T230325Z,1J.TI6A.,"['CH1', 'CH2', 'CHZ']",2019-01-01T23:03:25.040000Z,6.61
1266,20190101T230325Z,1J.TI7A.,"['CH1', 'CH2', 'CHZ']",2019-01-01T23:03:25.040000Z,6.61
1267,20190101T230620Z,1J.TI6A.,"['CH1', 'CH2', 'CHZ']",2019-01-01T23:06:20.250000Z,6.61
1268,20190101T230620Z,1J.TI7A.,"['CH1', 'CH2', 'CHZ']",2019-01-01T23:06:20.250000Z,6.61
1269,20190101T230747Z,1J.TI4A.,"['CH1', 'CH2', 'CHZ']",2019-01-01T23:07:47.030000Z,7.39
1270,20190101T230747Z,1J.TI8A.,"['CH1', 'CH2', 'CHZ']",2019-01-01T23:07:47.030000Z,7.39
1271,20190101T231012Z,1J.TI6A.,"['CH1', 'CH2', 'CHZ']",2019-01-01T23:10:12.110000Z,6.61
1272,20190101T231012Z,1J.TI7A.,"['CH1', 'CH2', 'CHZ']",2019-01-01T23:10:12.110000Z,6.61
1273,20190101T231121Z,1J.TI3A.,"['CH1', 'CH2', 'CHZ']",2019-01-01T23:11:21.420000Z,11.93
1274,20190101T231121Z,1J.TI8A.,"['CH1', 'CH2', 'CHZ']",2019-01-01T23:11:21.420000Z,11.93
1275,20190101T231121Z,1J.TI6A.,"['CH1', 'CH2', 'CHZ']",2019-01-01T23:11:21.420000Z,11.93
1276,20190101T231121Z,1J.TI1A.,"['CH1', 'CH2', 'CHZ']",2019-01-01T23:11:21.420000Z,11.93
1277,20190101T231519Z,1J.TI6A.,"['CH1', 'CH2', 'CHZ']",2019-01-01T23:15:19.620000Z,6.61
1278,20190101T231519Z,1J.TI7A.,"['CH1', 'CH2', 'CHZ']",2019-01-01T23:15:19.620000Z,6.61
1279,20190101T231856Z,1J.TI4A.,"['CH1', 'CH2', 'CHZ']",2019-01-01T23:18:56.390000Z,7.39
1280,20190101T231856Z,1J.TI8A.,"['CH1', 'CH2', 'CHZ']",2019-01-01T23:18:56.390000Z,7.39
1281,20190101T232109Z,1J.TI6A.,"['CH1', 'CH2', 'CHZ']",2019-01-01T23:21:09.260000Z,6.61
1282,20190101T232109Z,1J.TI7A.,"['CH1', 'CH2', 'CHZ']",2019-01-01T23:21:09.260000Z,6.61
1283,20190101T232252Z,1J.TI3A.,"['CH1', 'CH2', 'CHZ']",2019-01-01T23:22:52.480000Z,6.77
1284,20190101T232252Z,1J.TI6A.,"['CH1', 'CH2', 'CHZ']",2019-01-01T23:22:52.480000Z,6.77
1285,20190101T232553Z,1J.TI6A.,"['CH1', 'CH2', 'CHZ']",2019-01-01T23:25:53.330000Z,6.61
1286,20190101T232553Z,1J.TI7A.,"['CH1', 'CH2', 'CHZ']",2019-01-01T23:25:53.330000Z,6.61
1287,20190101T233055Z,1J.TI6A.,"['CH1', 'CH2', 'CHZ']",2019-01-01T23:30:55.540000Z,6.61
1288,20190101T233055Z,1J.TI7A.,"['CH1', 'CH2', 'CHZ']",2019-01-01T23:30:55.540000Z,6.61
1289,20190101T233112Z,1J.TI4A.,"['CH1', 'CH2', 'CHZ']",2019-01-01T23:31:12.150000Z,7.39
1290,20190101T233112Z,1J.TI8A.,"['CH1', 'CH2', 'CHZ']",2019-01-01T23:31:12.150000Z,7.39
1291,20190101T233306Z,1J.TI8A.,"['CH1', 'CH2', 'CHZ']",2019-01-01T23:33:06.060000Z,8.05
1292,20190101T233508Z,1J.TI6A.,"['CH1', 'CH2', 'CHZ']",2019-01-01T23:35:08.470000Z,6.61
1293,20190101T233508Z,1J.TI7A.,"['CH1', 'CH2', 'CHZ']",2019-01-01T23:35:08.470000Z,6.61
1294,20190101T234011Z,1J.TI6A.,"['CH1', 'CH2', 'CHZ']",2019-01-01T23:40:11.310000Z,6.61
1295,20190101T234011Z,1J.TI7A.,"['CH1', 'CH2', 'CHZ']",2019-01-01T23:40:11.310000Z,6.61
1296,20190101T234144Z,1J.TI3A.,"['CH1', 'CH2', 'CHZ']",2019-01-01T23:41:44.470000Z,6.77
1297,20190101T234144Z,1J.TI6A.,"['CH1', 'CH2', 'CHZ']",2019-01-01T23:41:44.470000Z,6.77
1298,20190101T234403Z,1J.TI4A.,"['CH1', 'CH2', 'CHZ']",2019-01-01T23:44:03.220000Z,7.39
1299,20190101T234403Z,1J.TI8A.,"['CH1', 'CH2', 'CHZ']",2019-01-01T23:44:03.220000Z,7.39
1300,20190101T234519Z,1J.TI6A.,"['CH1', 'CH2', 'CHZ']",2019-01-01T23:45:19.090000Z,6.61
1301,20190101T234519Z,1J.TI7A.,"['CH1', 'CH2', 'CHZ']",2019-01-01T23:45:19.090000Z,6.61
1302,20190101T235057Z,1J.TI6A.,"['CH1', 'CH2', 'CHZ']",2019-01-01T23:50:57.440000Z,6.61
1303,20190101T235057Z,1J.TI7A.,"['CH1', 'CH2', 'CHZ']",2019-01-01T23:50:57.440000Z,6.61
1304,20190101T235623Z,1J.TI3A.,"['CH1', 'CH2', 'CHZ']",2019-01-01T23:56:23.440000Z,6.77
1305,20190101T235623Z,1J.TI6A.,"['CH1', 'CH2', 'CHZ']",2019-01-01T23:56:23.440000Z,6.77
1306,20190101T235655Z,1J.TI6A.,"['CH1', 'CH2', 'CHZ']",2019-01-01T23:56:55.440000Z,6.61
1307,20190101T235655Z,1J.TI7A.,"['CH1', 'CH2', 'CHZ']",2019-01-01T23:56:55.440000Z,6.61
1308,20190101T235737Z,1J.TI4A.,"['CH1', 'CH2', 'CHZ']",2019-01-01T23:57:37.450000Z,7.39
1309,20190101T235737Z,1J.TI8A.,"['CH1', 'CH2', 'CHZ']",2019-01-01T23:57:37.450000Z,7.39
