,event_id,station,components,time,duration
0,20181224T235955Z,1J.TI4A.,"['CH1', 'CH2', 'CHZ']",2018-12-24T23:59:55.420000Z,5.46
1,20181225T000139Z,1J.TI4A.,"['CH1', 'CH2', 'CHZ']",2018-12-25T00:01:41.180000Z,5.37
2,20181225T000252Z,1J.TI4A.,"['CH1', 'CH2', 'CHZ']",2018-12-25T00:02:52.410000Z,4.34
3,20181225T000517Z,1J.TI4A.,"['CH1', 'CH2', 'CHZ']",2018-12-25T00:05:17.910000Z,5.81
4,20181225T001205Z,1J.TI4A.,"['CH1', 'CH2', 'CHZ']",2018-12-25T00:12:06.530000Z,13.85
5,20181225T001311Z,1J.TI4A.,"['CH1', 'CH2', 'CHZ']",2018-12-25T00:13:11.740000Z,5.54
6,20181225T001431Z,1J.TI4A.,"['CH1', 'CH2', 'CHZ']",2018-12-25T00:14:31.220000Z,5.19
7,20181225T001609Z,1J.TI4A.,"['CH1', 'CH2', 'CHZ']",2018-12-25T00:16:12.650000Z,4.06
8,20181225T002326Z,1J.TI4A.,"['CH1', 'CH2', 'CHZ']",2018-12-25T00:23:26.260000Z,4.48
9,20181225T002952Z,1J.TI4A.,"['CH1', 'CH2', 'CHZ']",2018-12-25T00:29:53.740000Z,7.21
10,20181225T003014Z,1J.TI4A.,"['CH1', 'CH2', 'CHZ']",2018-12-25T00:30:17.180000Z,4.61
11,20181225T003328Z,1J.TI4A.,"['CH1', 'CH2', 'CHZ']",2018-12-25T00:33:28.440000Z,14.38
12,20181225T003519Z,1J.TI4A.,"['CH1', 'CH2', 'CHZ']",2018-12-25T00:35:19.980000Z,7.39
13,20181225T003821Z,1J.TI4A.,"['CH1', 'CH2', 'CHZ']",2018-12-25T00:38:21.070000Z,14.55
14,20181225T003925Z,1J.TI4A.,"['CH1', 'CH2', 'CHZ']",2018-12-25T00:39:25.180000Z,12.45
15,20181225T004851Z,1J.TI4A.,"['CH1', 'CH2', 'CHZ']",2018-12-25T00:48:53.010000Z,9.06
16,20181225T005011Z,1J.TI4A.,"['CH1', 'CH2', 'CHZ']",2018-12-25T00:50:19.290000Z,9.06
17,20181225T005445Z,1J.TI4A.,"['CH1', 'CH2', 'CHZ']",2018-12-25T00:54:47.880000Z,9.99
18,20181225T005513Z,1J.TI4A.,"['CH1', 'CH2', 'CHZ']",2018-12-25T00:55:22.940000Z,2.68
19,20181225T010405Z,1J.TI4A.,"['CH1', 'CH2', 'CHZ']",2018-12-25T01:04:05.980000Z,10.99
20,20181225T011534Z,1J.TI4A.,"['CH1', 'CH2', 'CHZ']",2018-12-25T01:15:34.330000Z,5.33
21,20181225T013326Z,1J.TI4A.,"['CH1', 'CH2', 'CHZ']",2018-12-25T01:33:27.770000Z,9.25
22,20181225T013433Z,1J.TI4A.,"['CH1', 'CH2', 'CHZ']",2018-12-25T01:34:36.460000Z,4.02
23,20181225T013800Z,1J.TI4A.,"['CH1', 'CH2', 'CHZ']",2018-12-25T01:38:00.890000Z,5.28
24,20181225T014506Z,1J.TI4A.,"['CH1', 'CH2', 'CHZ']",2018-12-25T01:45:06.690000Z,12.41
25,20181225T014724Z,1J.TI4A.,"['CH1', 'CH2', 'CHZ']",2018-12-25T01:47:24.290000Z,7.9
26,20181225T020327Z,1J.TI4A.,"['CH1', 'CH2', 'CHZ']",2018-12-25T02:03:27.540000Z,6.61
27,20181225T020441Z,1J.TI4A.,"['CH1', 'CH2', 'CHZ']",2018-12-25T02:04:41.650000Z,14.39
28,20181225T020525Z,1J.TI4A.,"['CH1', 'CH2', 'CHZ']",2018-12-25T02:05:25.190000Z,5.39
29,20181225T020543Z,1J.TI4A.,"['CH1', 'CH2', 'CHZ']",2018-12-25T02:05:43.020000Z,6.51
30,20181225T020558Z,1J.TI4A.,"['CH1', 'CH2', 'CHZ']",2018-12-25T02:05:58.980000Z,6.81
31,20181225T020908Z,1J.TI4A.,"['CH1', 'CH2', 'CHZ']",2018-12-25T02:09:11.010000Z,9.75
32,20181225T021227Z,1J.TI4A.,"['CH1', 'CH2', 'CHZ']",2018-12-25T02:12:27.580000Z,6.6
33,20181225T022445Z,1J.TI4A.,"['CH1', 'CH2', 'CHZ']",2018-12-25T02:24:45.210000Z,19.99
34,20181225T022557Z,1J.TI4A.,"['CH1', 'CH2', 'CHZ']",2018-12-25T02:25:57.360000Z,8.45
35,20181225T022648Z,1J.TI4A.,"['CH1', 'CH2', 'CHZ']",2018-12-25T02:26:48.600000Z,9.49
36,20181225T023451Z,1J.TI4A.,"['CH1', 'CH2', 'CHZ']",2018-12-25T02:34:56.690000Z,10.24
37,20181225T023613Z,1J.TI4A.,"['CH1', 'CH2', 'CHZ']",2018-12-25T02:36:19.740000Z,9.37
38,20181225T024333Z,1J.TI4A.,"['CH1', 'CH2', 'CHZ']",2018-12-25T02:43:38.800000Z,7.15
39,20181225T024646Z,1J.TI4A.,"['CH1', 'CH2', 'CHZ']",2018-12-25T02:46:46.720000Z,7.56
40,20181225T024745Z,1J.TI4A.,"['CH1', 'CH2', 'CHZ']",2018-12-25T02:47:45.950000Z,27.4
41,20181225T024841Z,1J.TI4A.,"['CH1', 'CH2', 'CHZ']",2018-12-25T02:48:42.990000Z,5.11
42,20181225T024914Z,1J.TI4A.,"['CH1', 'CH2', 'CHZ']",2018-12-25T02:49:14.110000Z,13.39
43,20181225T025043Z,1J.TI4A.,"['CH1', 'CH2', 'CHZ']",2018-12-25T02:50:44.250000Z,5.37
44,20181225T030331Z,1J.TI4A.,"['CH1', 'CH2', 'CHZ']",2018-12-25T03:03:33.430000Z,18.32
45,20181225T030543Z,1J.TI4A.,"['CH1', 'CH2', 'CHZ']",2018-12-25T03:05:47.310000Z,6.22
46,20181225T030626Z,1J.TI4A.,"['CH1', 'CH2', 'CHZ']",2018-12-25T03:06:30.710000Z,8.17
47,20181225T030652Z,1J.TI4A.,"['CH1', 'CH2', 'CHZ']",2018-12-25T03:07:01.010000Z,4.12
48,20181225T031010Z,1J.TI4A.,"['CH1', 'CH2', 'CHZ']",2018-12-25T03:10:12.770000Z,6.13
49,20181225T031103Z,1J.TI4A.,"['CH1', 'CH2', 'CHZ']",2018-12-25T03:11:03.390000Z,8.9
50,20181225T031144Z,1J.TI4A.,"['CH1', 'CH2', 'CHZ']",2018-12-25T03:11:44.830000Z,9.43
51,20181225T031335Z,1J.TI4A.,"['CH1', 'CH2', 'CHZ']",2018-12-25T03:13:40.270000Z,6.52
52,20181225T031934Z,1J.TI4A.,"['CH1', 'CH2', 'CHZ']",2018-12-25T03:19:34.320000Z,5.25
53,20181225T032434Z,1J.TI4A.,"['CH1', 'CH2', 'CHZ']",2018-12-25T03:24:34.050000Z,7.85
54,20181225T032740Z,1J.TI4A.,"['CH1', 'CH2', 'CHZ']",2018-12-25T03:27:40.610000Z,8.18
55,20181225T032928Z,1J.TI4A.,"['CH1', 'CH2', 'CHZ']",2018-12-25T03:29:28.280000Z,8.19
56,20181225T032950Z,1J.TI4A.,"['CH1', 'CH2', 'CHZ']",2018-12-25T03:29:53.280000Z,9.73
57,20181225T033040Z,1J.TI4A.,"['CH1', 'CH2', 'CHZ']",2018-12-25T03:30:42.410000Z,5.9
58,20181225T033621Z,1J.TI4A.,"['CH1', 'CH2', 'CHZ']",2018-12-25T03:36:21.280000Z,7.04
59,20181225T033828Z,1J.TI4A.,"['CH1', 'CH2', 'CHZ']",2018-12-25T03:38:28.190000Z,7.92
60,20181225T034235Z,1J.TI4A.,"['CH1', 'CH2', 'CHZ']",2018-12-25T03:42:41.590000Z,6.86
61,20181225T040659Z,1J.TI4A.,"['CH1', 'CH2', 'CHZ']",2018-12-25T04:06:59.360000Z,10.71
62,20181225T041010Z,1J.TI4A.,"['CH1', 'CH2', 'CHZ']",2018-12-25T04:10:12.650000Z,2.14
63,20181225T041205Z,1J.TI4A.,"['CH1', 'CH2', 'CHZ']",2018-12-25T04:12:10.300000Z,6.34
64,20181225T041224Z,1J.TI4A.,"['CH1', 'CH2', 'CHZ']",2018-12-25T04:12:29.430000Z,8.26
65,20181225T041252Z,1J.TI4A.,"['CH1', 'CH2', 'CHZ']",2018-12-25T04:12:59.910000Z,4.73
66,20181225T042158Z,1J.TI4A.,"['CH1', 'CH2', 'CHZ']",2018-12-25T04:22:02.180000Z,6.94
67,20181225T042352Z,1J.TI4A.,"['CH1', 'CH2', 'CHZ']",2018-12-25T04:23:57.130000Z,8.4
68,20181225T042612Z,1J.TI4A.,"['CH1', 'CH2', 'CHZ']",2018-12-25T04:26:15.880000Z,4.91
69,20181225T042934Z,1J.TI4A.,"['CH1', 'CH2', 'CHZ']",2018-12-25T04:29:38.170000Z,4.65
70,20181225T043726Z,1J.TI4A.,"['CH1', 'CH2', 'CHZ']",2018-12-25T04:37:30.240000Z,6.4
71,20181225T043926Z,1J.TI4A.,"['CH1', 'CH2', 'CHZ']",2018-12-25T04:39:26.780000Z,4.95
72,20181225T043946Z,1J.TI4A.,"['CH1', 'CH2', 'CHZ']",2018-12-25T04:39:47.740000Z,4.64
73,20181225T045253Z,1J.TI4A.,"['CH1', 'CH2', 'CHZ']",2018-12-25T04:52:55.490000Z,7.12
74,20181225T045522Z,1J.TI4A.,"['CH1', 'CH2', 'CHZ']",2018-12-25T04:55:33.820000Z,10.23
75,20181225T045559Z,1J.TI4A.,"['CH1', 'CH2', 'CHZ']",2018-12-25T04:56:07.060000Z,2.58
76,20181225T050108Z,1J.TI4A.,"['CH1', 'CH2', 'CHZ']",2018-12-25T05:01:08.620000Z,7.29
77,20181225T050703Z,1J.TI4A.,"['CH1', 'CH2', 'CHZ']",2018-12-25T05:07:06.930000Z,5.5
78,20181225T050735Z,1J.TI4A.,"['CH1', 'CH2', 'CHZ']",2018-12-25T05:07:52.310000Z,7.67
79,20181225T051410Z,1J.TI4A.,"['CH1', 'CH2', 'CHZ']",2018-12-25T05:14:10.720000Z,5.65
80,20181225T052916Z,1J.TI4A.,"['CH1', 'CH2', 'CHZ']",2018-12-25T05:29:18.870000Z,3.48
81,20181225T053329Z,1J.TI4A.,"['CH1', 'CH2', 'CHZ']",2018-12-25T05:33:33.250000Z,8.64
82,20181225T053728Z,1J.TI4A.,"['CH1', 'CH2', 'CHZ']",2018-12-25T05:37:34.540000Z,4.11
83,20181225T053934Z,1J.TI4A.,"['CH1', 'CH2', 'CHZ']",2018-12-25T05:39:38.770000Z,9.19
84,20181225T054000Z,1J.TI4A.,"['CH1', 'CH2', 'CHZ']",2018-12-25T05:40:06.530000Z,5.98
85,20181225T054837Z,1J.TI4A.,"['CH1', 'CH2', 'CHZ']",2018-12-25T05:48:41.040000Z,4.2
86,20181225T054943Z,1J.TI4A.,"['CH1', 'CH2', 'CHZ']",2018-12-25T05:49:43.010000Z,5.62
87,20181225T055237Z,1J.TI4A.,"['CH1', 'CH2', 'CHZ']",2018-12-25T05:52:41.190000Z,10.56
88,20181225T055306Z,1J.TI4A.,"['CH1', 'CH2', 'CHZ']",2018-12-25T05:53:15.410000Z,4.45
89,20181225T055432Z,1J.TI4A.,"['CH1', 'CH2', 'CHZ']",2018-12-25T05:54:32.200000Z,10.69
90,20181225T055553Z,1J.TI4A.,"['CH1', 'CH2', 'CHZ']",2018-12-25T05:55:53.520000Z,4.43
91,20181225T060105Z,1J.TI4A.,"['CH1', 'CH2', 'CHZ']",2018-12-25T06:01:07.570000Z,10.76
92,20181225T060519Z,1J.TI4A.,"['CH1', 'CH2', 'CHZ']",2018-12-25T06:05:20.340000Z,8.75
93,20181225T060621Z,1J.TI4A.,"['CH1', 'CH2', 'CHZ']",2018-12-25T06:06:32.310000Z,4.52
94,20181225T061100Z,1J.TI4A.,"['CH1', 'CH2', 'CHZ']",2018-12-25T06:11:00.160000Z,5.82
95,20181225T061503Z,1J.TI4A.,"['CH1', 'CH2', 'CHZ']",2018-12-25T06:15:03.920000Z,14.43
96,20181225T062146Z,1J.TI4A.,"['CH1', 'CH2', 'CHZ']",2018-12-25T06:21:51.280000Z,5.99
97,20181225T062551Z,1J.TI4A.,"['CH1', 'CH2', 'CHZ']",2018-12-25T06:25:51.100000Z,4.74
98,20181225T062602Z,1J.TI4A.,"['CH1', 'CH2', 'CHZ']",2018-12-25T06:26:11.430000Z,2.07
99,20181225T062911Z,1J.TI4A.,"['CH1', 'CH2', 'CHZ']",2018-12-25T06:29:11.100000Z,9.73
100,20181225T063714Z,1J.TI4A.,"['CH1', 'CH2', 'CHZ']",2018-12-25T06:37:29.930000Z,2.03
101,20181225T063932Z,1J.TI4A.,"['CH1', 'CH2', 'CHZ']",2018-12-25T06:39:37.190000Z,11.28
102,20181225T064033Z,1J.TI4A.,"['CH1', 'CH2', 'CHZ']",2018-12-25T06:40:33.070000Z,5.65
103,20181225T064136Z,1J.TI4A.,"['CH1', 'CH2', 'CHZ']",2018-12-25T06:41:40.060000Z,3.75
104,20181225T064933Z,1J.TI4A.,"['CH1', 'CH2', 'CHZ']",2018-12-25T06:49:36.310000Z,9.26
105,20181225T065541Z,1J.TI4A.,"['CH1', 'CH2', 'CHZ']",2018-12-25T06:55:41.410000Z,11.58
106,20181225T070111Z,1J.TI4A.,"['CH1', 'CH2', 'CHZ']",2018-12-25T07:01:12.060000Z,5.18
107,20181225T070343Z,1J.TI4A.,"['CH1', 'CH2', 'CHZ']",2018-12-25T07:03:43.260000Z,4.31
108,20181225T070356Z,1J.TI4A.,"['CH1', 'CH2', 'CHZ']",2018-12-25T07:03:56.380000Z,3.22
109,20181225T070608Z,1J.TI4A.,"['CH1', 'CH2', 'CHZ']",2018-12-25T07:06:08.660000Z,7.6
110,20181225T071251Z,1J.TI4A.,"['CH1', 'CH2', 'CHZ']",2018-12-25T07:12:53.110000Z,5.81
111,20181225T071322Z,1J.TI4A.,"['CH1', 'CH2', 'CHZ']",2018-12-25T07:13:22.000000Z,8.22
112,20181225T071803Z,1J.TI4A.,"['CH1', 'CH2', 'CHZ']",2018-12-25T07:18:03.510000Z,9.87
113,20181225T072507Z,1J.TI4A.,"['CH1', 'CH2', 'CHZ']",2018-12-25T07:25:07.210000Z,6.38
114,20181225T072927Z,1J.TI4A.,"['CH1', 'CH2', 'CHZ']",2018-12-25T07:29:28.950000Z,6.47
115,20181225T073150Z,1J.TI4A.,"['CH1', 'CH2', 'CHZ']",2018-12-25T07:31:50.330000Z,13.63
116,20181225T073259Z,1J.TI4A.,"['CH1', 'CH2', 'CHZ']",2018-12-25T07:32:59.630000Z,5.31
117,20181225T073410Z,1J.TI4A.,"['CH1', 'CH2', 'CHZ']",2018-12-25T07:34:10.630000Z,11.29
118,20181225T073912Z,1J.TI4A.,"['CH1', 'CH2', 'CHZ']",2018-12-25T07:39:14.280000Z,3.87
119,20181225T074345Z,1J.TI4A.,"['CH1', 'CH2', 'CHZ']",2018-12-25T07:43:52.220000Z,9.56
120,20181225T074553Z,1J.TI4A.,"['CH1', 'CH2', 'CHZ']",2018-12-25T07:45:54.270000Z,3.74
121,20181225T075413Z,1J.TI4A.,"['CH1', 'CH2', 'CHZ']",2018-12-25T07:54:17.880000Z,6.88
122,20181225T075959Z,1J.TI4A.,"['CH1', 'CH2', 'CHZ']",2018-12-25T08:00:03.980000Z,6.94
123,20181225T080957Z,1J.TI4A.,"['CH1', 'CH2', 'CHZ']",2018-12-25T08:10:02.030000Z,8.5
124,20181225T081025Z,1J.TI4A.,"['CH1', 'CH2', 'CHZ']",2018-12-25T08:10:34.640000Z,2.36
125,20181225T081237Z,1J.TI4A.,"['CH1', 'CH2', 'CHZ']",2018-12-25T08:12:44.230000Z,4.96
126,20181225T081330Z,1J.TI4A.,"['CH1', 'CH2', 'CHZ']",2018-12-25T08:13:34.490000Z,4.24
127,20181225T081814Z,1J.TI4A.,"['CH1', 'CH2', 'CHZ']",2018-12-25T08:18:14.900000Z,5.73
128,20181225T082220Z,1J.TI4A.,"['CH1', 'CH2', 'CHZ']",2018-12-25T08:22:24.920000Z,6.07
129,20181225T082633Z,1J.TI4A.,"['CH1', 'CH2', 'CHZ']",2018-12-25T08:26:40.230000Z,1.31
130,20181225T083228Z,1J.TI4A.,"['CH1', 'CH2', 'CHZ']",2018-12-25T08:32:28.990000Z,4.58
131,20181225T083731Z,1J.TI4A.,"['CH1', 'CH2', 'CHZ']",2018-12-25T08:37:36.430000Z,8.26
132,20181225T084252Z,1J.TI4A.,"['CH1', 'CH2', 'CHZ']",2018-12-25T08:42:56.630000Z,4.94
133,20181225T084827Z,1J.TI4A.,"['CH1', 'CH2', 'CHZ']",2018-12-25T08:48:35.050000Z,2.21
134,20181225T085327Z,1J.TI4A.,"['CH1', 'CH2', 'CHZ']",2018-12-25T08:53:29.610000Z,4.15
135,20181225T085532Z,1J.TI4A.,"['CH1', 'CH2', 'CHZ']",2018-12-25T08:55:42.410000Z,2.19
136,20181225T085619Z,1J.TI4A.,"['CH1', 'CH2', 'CHZ']",2018-12-25T08:56:20.010000Z,13.79
137,20181225T090803Z,1J.TI4A.,"['CH1', 'CH2', 'CHZ']",2018-12-25T09:08:03.390000Z,7.82
138,20181225T091400Z,1J.TI4A.,"['CH1', 'CH2', 'CHZ']",2018-12-25T09:14:05.840000Z,5.5
139,20181225T091647Z,1J.TI4A.,"['CH1', 'CH2', 'CHZ']",2018-12-25T09:16:47.050000Z,3.86
140,20181225T091814Z,1J.TI4A.,"['CH1', 'CH2', 'CHZ']",2018-12-25T09:18:17.610000Z,11.72
141,20181225T091904Z,1J.TI4A.,"['CH1', 'CH2', 'CHZ']",2018-12-25T09:19:10.880000Z,6.16
142,20181225T092121Z,1J.TI4A.,"['CH1', 'CH2', 'CHZ']",2018-12-25T09:21:21.890000Z,8.08
143,20181225T092147Z,1J.TI4A.,"['CH1', 'CH2', 'CHZ']",2018-12-25T09:21:49.560000Z,8.68
144,20181225T092320Z,1J.TI4A.,"['CH1', 'CH2', 'CHZ']",2018-12-25T09:23:20.550000Z,8.99
145,20181225T093232Z,1J.TI4A.,"['CH1', 'CH2', 'CHZ']",2018-12-25T09:32:37.110000Z,9.45
146,20181225T093508Z,1J.TI4A.,"['CH1', 'CH2', 'CHZ']",2018-12-25T09:35:20.160000Z,7.99
147,20181225T093841Z,1J.TI4A.,"['CH1', 'CH2', 'CHZ']",2018-12-25T09:38:45.410000Z,4.52
148,20181225T094646Z,1J.TI4A.,"['CH1', 'CH2', 'CHZ']",2018-12-25T09:46:51.910000Z,5.24
149,20181225T100031Z,1J.TI4A.,"['CH1', 'CH2', 'CHZ']",2018-12-25T10:00:34.830000Z,5.17
150,20181225T100225Z,1J.TI4A.,"['CH1', 'CH2', 'CHZ']",2018-12-25T10:02:28.410000Z,10.01
151,20181225T100253Z,1J.TI4A.,"['CH1', 'CH2', 'CHZ']",2018-12-25T10:03:02.370000Z,4.96
152,20181225T100641Z,1J.TI4A.,"['CH1', 'CH2', 'CHZ']",2018-12-25T10:06:41.340000Z,5.3
153,20181225T100826Z,1J.TI4A.,"['CH1', 'CH2', 'CHZ']",2018-12-25T10:08:32.290000Z,7.75
154,20181225T100854Z,1J.TI4A.,"['CH1', 'CH2', 'CHZ']",2018-12-25T10:09:01.900000Z,4.87
155,20181225T101022Z,1J.TI4A.,"['CH1', 'CH2', 'CHZ']",2018-12-25T10:10:27.510000Z,6.45
156,20181225T101105Z,1J.TI4A.,"['CH1', 'CH2', 'CHZ']",2018-12-25T10:11:10.470000Z,2.89
157,20181225T101322Z,1J.TI4A.,"['CH1', 'CH2', 'CHZ']",2018-12-25T10:13:22.110000Z,7.59
158,20181225T101453Z,1J.TI4A.,"['CH1', 'CH2', 'CHZ']",2018-12-25T10:14:56.240000Z,5.21
159,20181225T102226Z,1J.TI4A.,"['CH1', 'CH2', 'CHZ']",2018-12-25T10:22:30.360000Z,7.08
160,20181225T102304Z,1J.TI4A.,"['CH1', 'CH2', 'CHZ']",2018-12-25T10:23:09.540000Z,3.24
161,20181225T102338Z,1J.TI4A.,"['CH1', 'CH2', 'CHZ']",2018-12-25T10:23:38.240000Z,10.16
162,20181225T102904Z,1J.TI4A.,"['CH1', 'CH2', 'CHZ']",2018-12-25T10:29:04.040000Z,11.62
163,20181225T103416Z,1J.TI4A.,"['CH1', 'CH2', 'CHZ']",2018-12-25T10:34:21.500000Z,4.42
164,20181225T103448Z,1J.TI4A.,"['CH1', 'CH2', 'CHZ']",2018-12-25T10:34:52.700000Z,4.25
165,20181225T103609Z,1J.TI4A.,"['CH1', 'CH2', 'CHZ']",2018-12-25T10:36:12.910000Z,9.2
166,20181225T103707Z,1J.TI4A.,"['CH1', 'CH2', 'CHZ']",2018-12-25T10:37:11.240000Z,1.76
167,20181225T104059Z,1J.TI4A.,"['CH1', 'CH2', 'CHZ']",2018-12-25T10:41:04.250000Z,20.06
168,20181225T104237Z,1J.TI4A.,"['CH1', 'CH2', 'CHZ']",2018-12-25T10:42:41.160000Z,5.52
169,20181225T104820Z,1J.TI4A.,"['CH1', 'CH2', 'CHZ']",2018-12-25T10:48:21.600000Z,3.68
170,20181225T105139Z,1J.TI4A.,"['CH1', 'CH2', 'CHZ']",2018-12-25T10:51:44.120000Z,5.91
171,20181225T105354Z,1J.TI4A.,"['CH1', 'CH2', 'CHZ']",2018-12-25T10:53:54.780000Z,4.28
172,20181225T105827Z,1J.TI4A.,"['CH1', 'CH2', 'CHZ']",2018-12-25T10:58:29.560000Z,2.54
173,20181225T105919Z,1J.TI4A.,"['CH1', 'CH2', 'CHZ']",2018-12-25T10:59:29.370000Z,5.62
174,20181225T112018Z,1J.TI4A.,"['CH1', 'CH2', 'CHZ']",2018-12-25T11:20:22.130000Z,10.46
175,20181225T112135Z,1J.TI4A.,"['CH1', 'CH2', 'CHZ']",2018-12-25T11:21:39.320000Z,8.64
176,20181225T112351Z,1J.TI4A.,"['CH1', 'CH2', 'CHZ']",2018-12-25T11:23:51.260000Z,5.91
177,20181225T112501Z,1J.TI4A.,"['CH1', 'CH2', 'CHZ']",2018-12-25T11:25:03.570000Z,6.92
178,20181225T113022Z,1J.TI4A.,"['CH1', 'CH2', 'CHZ']",2018-12-25T11:30:27.060000Z,2.53
179,20181225T113259Z,1J.TI4A.,"['CH1', 'CH2', 'CHZ']",2018-12-25T11:33:04.750000Z,12.16
180,20181225T113918Z,1J.TI4A.,"['CH1', 'CH2', 'CHZ']",2018-12-25T11:39:31.310000Z,11.95
181,20181225T114554Z,1J.TI4A.,"['CH1', 'CH2', 'CHZ']",2018-12-25T11:45:58.560000Z,7.37
182,20181225T115434Z,1J.TI4A.,"['CH1', 'CH2', 'CHZ']",2018-12-25T11:54:40.470000Z,5.14
183,20181225T120037Z,1J.TI4A.,"['CH1', 'CH2', 'CHZ']",2018-12-25T12:00:42.780000Z,6.69
184,20181225T120218Z,1J.TI4A.,"['CH1', 'CH2', 'CHZ']",2018-12-25T12:02:22.120000Z,4.66
185,20181225T120245Z,1J.TI4A.,"['CH1', 'CH2', 'CHZ']",2018-12-25T12:02:52.620000Z,3.04
186,20181225T120904Z,1J.TI4A.,"['CH1', 'CH2', 'CHZ']",2018-12-25T12:09:07.070000Z,7.21
187,20181225T120931Z,1J.TI4A.,"['CH1', 'CH2', 'CHZ']",2018-12-25T12:09:38.290000Z,3.67
188,20181225T121337Z,1J.TI4A.,"['CH1', 'CH2', 'CHZ']",2018-12-25T12:13:50.330000Z,2.74
189,20181225T121457Z,1J.TI4A.,"['CH1', 'CH2', 'CHZ']",2018-12-25T12:15:00.370000Z,8.16
190,20181225T121524Z,1J.TI4A.,"['CH1', 'CH2', 'CHZ']",2018-12-25T12:15:30.420000Z,3.67
191,20181225T121649Z,1J.TI4A.,"['CH1', 'CH2', 'CHZ']",2018-12-25T12:16:50.770000Z,4.16
192,20181225T122331Z,1J.TI4A.,"['CH1', 'CH2', 'CHZ']",2018-12-25T12:23:37.730000Z,4.07
193,20181225T122800Z,1J.TI4A.,"['CH1', 'CH2', 'CHZ']",2018-12-25T12:28:02.940000Z,3.72
194,20181225T122826Z,1J.TI4A.,"['CH1', 'CH2', 'CHZ']",2018-12-25T12:28:30.920000Z,7.24
195,20181225T124934Z,1J.TI4A.,"['CH1', 'CH2', 'CHZ']",2018-12-25T12:49:39.230000Z,6.61
196,20181225T125555Z,1J.TI4A.,"['CH1', 'CH2', 'CHZ']",2018-12-25T12:55:55.200000Z,12.41
197,20181225T133126Z,1J.TI4A.,"['CH1', 'CH2', 'CHZ']",2018-12-25T13:31:31.680000Z,3.96
198,20181225T133433Z,1J.TI4A.,"['CH1', 'CH2', 'CHZ']",2018-12-25T13:34:33.360000Z,15.22
199,20181225T134322Z,1J.TI4A.,"['CH1', 'CH2', 'CHZ']",2018-12-25T13:43:27.390000Z,2.7
200,20181225T134608Z,1J.TI4A.,"['CH1', 'CH2', 'CHZ']",2018-12-25T13:46:14.540000Z,2.91
201,20181225T135223Z,1J.TI4A.,"['CH1', 'CH2', 'CHZ']",2018-12-25T13:52:32.500000Z,3.61
202,20181225T140113Z,1J.TI4A.,"['CH1', 'CH2', 'CHZ']",2018-12-25T14:01:16.260000Z,3.22
203,20181225T141151Z,1J.TI4A.,"['CH1', 'CH2', 'CHZ']",2018-12-25T14:11:56.200000Z,16.44
204,20181225T141330Z,1J.TI4A.,"['CH1', 'CH2', 'CHZ']",2018-12-25T14:13:35.100000Z,16.96
205,20181225T142305Z,1J.TI4A.,"['CH1', 'CH2', 'CHZ']",2018-12-25T14:23:05.080000Z,10.26
206,20181225T143340Z,1J.TI4A.,"['CH1', 'CH2', 'CHZ']",2018-12-25T14:33:42.700000Z,5.31
207,20181225T143529Z,1J.TI4A.,"['CH1', 'CH2', 'CHZ']",2018-12-25T14:35:33.210000Z,10.32
208,20181225T143629Z,1J.TI4A.,"['CH1', 'CH2', 'CHZ']",2018-12-25T14:36:34.350000Z,2.37
209,20181225T144647Z,1J.TI4A.,"['CH1', 'CH2', 'CHZ']",2018-12-25T14:46:47.510000Z,7.81
210,20181225T145523Z,1J.TI4A.,"['CH1', 'CH2', 'CHZ']",2018-12-25T14:55:23.700000Z,9.69
211,20181225T145900Z,1J.TI4A.,"['CH1', 'CH2', 'CHZ']",2018-12-25T14:59:00.430000Z,8.05
212,20181225T150242Z,1J.TI4A.,"['CH1', 'CH2', 'CHZ']",2018-12-25T15:02:42.140000Z,5.39
213,20181225T150845Z,1J.TI4A.,"['CH1', 'CH2', 'CHZ']",2018-12-25T15:08:46.480000Z,2.98
214,20181225T152520Z,1J.TI4A.,"['CH1', 'CH2', 'CHZ']",2018-12-25T15:25:31.520000Z,2.18
215,20181225T155329Z,1J.TI4A.,"['CH1', 'CH2', 'CHZ']",2018-12-25T15:53:34.090000Z,7.86
216,20181225T155903Z,1J.TI4A.,"['CH1', 'CH2', 'CHZ']",2018-12-25T15:59:07.890000Z,8.38
217,20181225T160725Z,1J.TI4A.,"['CH1', 'CH2', 'CHZ']",2018-12-25T16:07:27.170000Z,7.4
218,20181225T160938Z,1J.TI4A.,"['CH1', 'CH2', 'CHZ']",2018-12-25T16:09:40.200000Z,9.55
219,20181225T161006Z,1J.TI4A.,"['CH1', 'CH2', 'CHZ']",2018-12-25T16:10:13.340000Z,3.87
220,20181225T161148Z,1J.TI4A.,"['CH1', 'CH2', 'CHZ']",2018-12-25T16:11:48.590000Z,17.23
221,20181225T161226Z,1J.TI4A.,"['CH1', 'CH2', 'CHZ']",2018-12-25T16:12:31.570000Z,10.12
222,20181225T161257Z,1J.TI4A.,"['CH1', 'CH2', 'CHZ']",2018-12-25T16:13:04.610000Z,3.48
223,20181225T161619Z,1J.TI4A.,"['CH1', 'CH2', 'CHZ']",2018-12-25T16:16:19.380000Z,11.23
224,20181225T161757Z,1J.TI4A.,"['CH1', 'CH2', 'CHZ']",2018-12-25T16:17:57.180000Z,7.08
225,20181225T161830Z,1J.TI4A.,"['CH1', 'CH2', 'CHZ']",2018-12-25T16:18:30.660000Z,5.94
226,20181225T161907Z,1J.TI4A.,"['CH1', 'CH2', 'CHZ']",2018-12-25T16:19:08.710000Z,14.15
227,20181225T162126Z,1J.TI4A.,"['CH1', 'CH2', 'CHZ']",2018-12-25T16:21:26.370000Z,6.21
228,20181225T162337Z,1J.TI4A.,"['CH1', 'CH2', 'CHZ']",2018-12-25T16:23:43.600000Z,3.98
229,20181225T162405Z,1J.TI4A.,"['CH1', 'CH2', 'CHZ']",2018-12-25T16:24:10.600000Z,4.28
230,20181225T162455Z,1J.TI4A.,"['CH1', 'CH2', 'CHZ']",2018-12-25T16:24:58.090000Z,8.51
231,20181225T163544Z,1J.TI4A.,"['CH1', 'CH2', 'CHZ']",2018-12-25T16:35:44.760000Z,14.84
232,20181225T163604Z,1J.TI4A.,"['CH1', 'CH2', 'CHZ']",2018-12-25T16:36:04.750000Z,10.68
233,20181225T172034Z,1J.TI4A.,"['CH1', 'CH2', 'CHZ']",2018-12-25T17:20:37.620000Z,7.32
234,20181225T172816Z,1J.TI4A.,"['CH1', 'CH2', 'CHZ']",2018-12-25T17:28:16.080000Z,5.13
235,20181225T172835Z,1J.TI4A.,"['CH1', 'CH2', 'CHZ']",2018-12-25T17:28:35.780000Z,10.58
236,20181225T173828Z,1J.TI4A.,"['CH1', 'CH2', 'CHZ']",2018-12-25T17:38:38.460000Z,6.43
237,20181225T174004Z,1J.TI4A.,"['CH1', 'CH2', 'CHZ']",2018-12-25T17:40:04.520000Z,9.01
238,20181225T174102Z,1J.TI4A.,"['CH1', 'CH2', 'CHZ']",2018-12-25T17:41:04.080000Z,2.68
239,20181225T174411Z,1J.TI4A.,"['CH1', 'CH2', 'CHZ']",2018-12-25T17:44:11.700000Z,10.19
240,20181225T174808Z,1J.TI4A.,"['CH1', 'CH2', 'CHZ']",2018-12-25T17:48:12.080000Z,5.53
241,20181225T175105Z,1J.TI4A.,"['CH1', 'CH2', 'CHZ']",2018-12-25T17:51:05.800000Z,6.92
242,20181225T175154Z,1J.TI4A.,"['CH1', 'CH2', 'CHZ']",2018-12-25T17:51:54.070000Z,5.29
243,20181225T175246Z,1J.TI4A.,"['CH1', 'CH2', 'CHZ']",2018-12-25T17:52:47.740000Z,8.44
244,20181225T175313Z,1J.TI4A.,"['CH1', 'CH2', 'CHZ']",2018-12-25T17:53:17.440000Z,5.48
245,20181225T175539Z,1J.TI4A.,"['CH1', 'CH2', 'CHZ']",2018-12-25T17:55:40.190000Z,7.13
246,20181225T180713Z,1J.TI4A.,"['CH1', 'CH2', 'CHZ']",2018-12-25T18:07:16.020000Z,7.15
247,20181225T180847Z,1J.TI4A.,"['CH1', 'CH2', 'CHZ']",2018-12-25T18:08:48.300000Z,8.77
248,20181225T181158Z,1J.TI4A.,"['CH1', 'CH2', 'CHZ']",2018-12-25T18:11:59.630000Z,4.94
249,20181225T181438Z,1J.TI4A.,"['CH1', 'CH2', 'CHZ']",2018-12-25T18:14:42.620000Z,4.62
250,20181225T181502Z,1J.TI4A.,"['CH1', 'CH2', 'CHZ']",2018-12-25T18:15:03.520000Z,3.82
251,20181225T181842Z,1J.TI4A.,"['CH1', 'CH2', 'CHZ']",2018-12-25T18:18:42.420000Z,5.55
252,20181225T181931Z,1J.TI4A.,"['CH1', 'CH2', 'CHZ']",2018-12-25T18:19:32.070000Z,9.36
253,20181225T182840Z,1J.TI4A.,"['CH1', 'CH2', 'CHZ']",2018-12-25T18:28:40.420000Z,8.72
254,20181225T183115Z,1J.TI4A.,"['CH1', 'CH2', 'CHZ']",2018-12-25T18:31:19.180000Z,6.19
255,20181225T183236Z,1J.TI4A.,"['CH1', 'CH2', 'CHZ']",2018-12-25T18:32:36.640000Z,6.01
256,20181225T183648Z,1J.TI4A.,"['CH1', 'CH2', 'CHZ']",2018-12-25T18:36:48.530000Z,14.96
257,20181225T183821Z,1J.TI4A.,"['CH1', 'CH2', 'CHZ']",2018-12-25T18:38:24.760000Z,7.22
258,20181225T184237Z,1J.TI4A.,"['CH1', 'CH2', 'CHZ']",2018-12-25T18:42:37.610000Z,8.58
259,20181225T184407Z,1J.TI4A.,"['CH1', 'CH2', 'CHZ']",2018-12-25T18:44:07.990000Z,5.65
260,20181225T184518Z,1J.TI4A.,"['CH1', 'CH2', 'CHZ']",2018-12-25T18:45:19.180000Z,4.09
261,20181225T185434Z,1J.TI4A.,"['CH1', 'CH2', 'CHZ']",2018-12-25T18:54:34.530000Z,5.99
262,20181225T185538Z,1J.TI4A.,"['CH1', 'CH2', 'CHZ']",2018-12-25T18:55:38.870000Z,13.66
263,20181225T190536Z,1J.TI4A.,"['CH1', 'CH2', 'CHZ']",2018-12-25T19:05:36.920000Z,8.05
264,20181225T190642Z,1J.TI4A.,"['CH1', 'CH2', 'CHZ']",2018-12-25T19:06:42.680000Z,8.18
265,20181225T193253Z,1J.TI4A.,"['CH1', 'CH2', 'CHZ']",2018-12-25T19:32:53.850000Z,7.91
266,20181225T193322Z,1J.TI4A.,"['CH1', 'CH2', 'CHZ']",2018-12-25T19:33:23.930000Z,4.45
267,20181225T193840Z,1J.TI4A.,"['CH1', 'CH2', 'CHZ']",2018-12-25T19:38:40.020000Z,11.82
268,20181225T194040Z,1J.TI4A.,"['CH1', 'CH2', 'CHZ']",2018-12-25T19:40:40.140000Z,8.54
269,20181225T194201Z,1J.TI4A.,"['CH1', 'CH2', 'CHZ']",2018-12-25T19:42:05.650000Z,4.54
270,20181225T194332Z,1J.TI4A.,"['CH1', 'CH2', 'CHZ']",2018-12-25T19:43:32.900000Z,8.89
271,20181225T194819Z,1J.TI4A.,"['CH1', 'CH2', 'CHZ']",2018-12-25T19:48:19.030000Z,7.73
272,20181225T194903Z,1J.TI4A.,"['CH1', 'CH2', 'CHZ']",2018-12-25T19:49:14.500000Z,2.01
273,20181225T195233Z,1J.TI4A.,"['CH1', 'CH2', 'CHZ']",2018-12-25T19:52:33.500000Z,8.6
274,20181225T195645Z,1J.TI4A.,"['CH1', 'CH2', 'CHZ']",2018-12-25T19:56:45.060000Z,7.53
275,20181225T195733Z,1J.TI4A.,"['CH1', 'CH2', 'CHZ']",2018-12-25T19:57:33.310000Z,5.38
276,20181225T195831Z,1J.TI4A.,"['CH1', 'CH2', 'CHZ']",2018-12-25T19:58:37.440000Z,5.37
277,20181225T200129Z,1J.TI4A.,"['CH1', 'CH2', 'CHZ']",2018-12-25T20:01:29.310000Z,9.51
278,20181225T200715Z,1J.TI4A.,"['CH1', 'CH2', 'CHZ']",2018-12-25T20:07:15.790000Z,5.64
279,20181225T200731Z,1J.TI4A.,"['CH1', 'CH2', 'CHZ']",2018-12-25T20:07:31.010000Z,6.35
280,20181225T200831Z,1J.TI4A.,"['CH1', 'CH2', 'CHZ']",2018-12-25T20:08:31.360000Z,8.57
281,20181225T201700Z,1J.TI4A.,"['CH1', 'CH2', 'CHZ']",2018-12-25T20:17:00.040000Z,9.44
282,20181225T201833Z,1J.TI4A.,"['CH1', 'CH2', 'CHZ']",2018-12-25T20:18:34.850000Z,5.03
283,20181225T202622Z,1J.TI4A.,"['CH1', 'CH2', 'CHZ']",2018-12-25T20:26:24.420000Z,8.05
284,20181225T202640Z,1J.TI4A.,"['CH1', 'CH2', 'CHZ']",2018-12-25T20:26:41.080000Z,13.67
285,20181225T203055Z,1J.TI4A.,"['CH1', 'CH2', 'CHZ']",2018-12-25T20:30:55.610000Z,15.23
286,20181225T203255Z,1J.TI4A.,"['CH1', 'CH2', 'CHZ']",2018-12-25T20:32:55.870000Z,8.95
287,20181225T203345Z,1J.TI4A.,"['CH1', 'CH2', 'CHZ']",2018-12-25T20:33:45.270000Z,6.58
288,20181225T203533Z,1J.TI4A.,"['CH1', 'CH2', 'CHZ']",2018-12-25T20:35:33.100000Z,7.39
289,20181225T203751Z,1J.TI4A.,"['CH1', 'CH2', 'CHZ']",2018-12-25T20:37:51.890000Z,8.34
290,20181225T204039Z,1J.TI4A.,"['CH1', 'CH2', 'CHZ']",2018-12-25T20:40:39.290000Z,5.65
291,20181225T215347Z,1J.TI4A.,"['CH1', 'CH2', 'CHZ']",2018-12-25T21:53:47.910000Z,9.65
292,20181225T215607Z,1J.TI4A.,"['CH1', 'CH2', 'CHZ']",2018-12-25T21:56:07.540000Z,7.75
293,20181225T215712Z,1J.TI4A.,"['CH1', 'CH2', 'CHZ']",2018-12-25T21:57:12.110000Z,7.5
294,20181225T220101Z,1J.TI4A.,"['CH1', 'CH2', 'CHZ']",2018-12-25T22:01:06.900000Z,2.63
295,20181225T220346Z,1J.TI4A.,"['CH1', 'CH2', 'CHZ']",2018-12-25T22:03:46.970000Z,5.22
296,20181225T221039Z,1J.TI4A.,"['CH1', 'CH2', 'CHZ']",2018-12-25T22:10:41.360000Z,4.05
297,20181225T221103Z,1J.TI4A.,"['CH1', 'CH2', 'CHZ']",2018-12-25T22:11:10.030000Z,4.79
298,20181225T221214Z,1J.TI4A.,"['CH1', 'CH2', 'CHZ']",2018-12-25T22:12:14.860000Z,8.91
299,20181225T221332Z,1J.TI4A.,"['CH1', 'CH2', 'CHZ']",2018-12-25T22:13:32.530000Z,4.14
300,20181225T221649Z,1J.TI4A.,"['CH1', 'CH2', 'CHZ']",2018-12-25T22:16:49.820000Z,5.42
301,20181225T222621Z,1J.TI4A.,"['CH1', 'CH2', 'CHZ']",2018-12-25T22:26:21.610000Z,8.65
302,20181225T224123Z,1J.TI4A.,"['CH1', 'CH2', 'CHZ']",2018-12-25T22:41:23.900000Z,5.1
303,20181225T224547Z,1J.TI4A.,"['CH1', 'CH2', 'CHZ']",2018-12-25T22:45:47.850000Z,14.42
304,20181225T224742Z,1J.TI4A.,"['CH1', 'CH2', 'CHZ']",2018-12-25T22:47:42.470000Z,5.74
305,20181225T224804Z,1J.TI4A.,"['CH1', 'CH2', 'CHZ']",2018-12-25T22:48:04.560000Z,8.99
306,20181225T225116Z,1J.TI4A.,"['CH1', 'CH2', 'CHZ']",2018-12-25T22:51:22.900000Z,1.81
307,20181225T225551Z,1J.TI4A.,"['CH1', 'CH2', 'CHZ']",2018-12-25T22:55:53.440000Z,6.78
308,20181225T225643Z,1J.TI4A.,"['CH1', 'CH2', 'CHZ']",2018-12-25T22:56:50.040000Z,6.3
309,20181225T230845Z,1J.TI4A.,"['CH1', 'CH2', 'CHZ']",2018-12-25T23:08:45.610000Z,6.9
310,20181225T231156Z,1J.TI4A.,"['CH1', 'CH2', 'CHZ']",2018-12-25T23:11:56.030000Z,9.13
311,20181225T231952Z,1J.TI4A.,"['CH1', 'CH2', 'CHZ']",2018-12-25T23:19:52.820000Z,8.22
312,20181225T232023Z,1J.TI4A.,"['CH1', 'CH2', 'CHZ']",2018-12-25T23:20:30.760000Z,3.33
313,20181225T232453Z,1J.TI4A.,"['CH1', 'CH2', 'CHZ']",2018-12-25T23:24:53.330000Z,6.32
314,20181225T232612Z,1J.TI4A.,"['CH1', 'CH2', 'CHZ']",2018-12-25T23:26:13.260000Z,7.1
315,20181225T232719Z,1J.TI4A.,"['CH1', 'CH2', 'CHZ']",2018-12-25T23:27:19.770000Z,14.15
316,20181225T233124Z,1J.TI4A.,"['CH1', 'CH2', 'CHZ']",2018-12-25T23:31:24.260000Z,3.67
317,20181225T233547Z,1J.TI4A.,"['CH1', 'CH2', 'CHZ']",2018-12-25T23:35:53.980000Z,5.59
318,20181225T234248Z,1J.TI4A.,"['CH1', 'CH2', 'CHZ']",2018-12-25T23:42:48.850000Z,5.57
319,20181225T234432Z,1J.TI4A.,"['CH1', 'CH2', 'CHZ']",2018-12-25T23:44:33.820000Z,2.9
320,20181225T234805Z,1J.TI4A.,"['CH1', 'CH2', 'CHZ']",2018-12-25T23:48:05.300000Z,7.4
321,20181225T234852Z,1J.TI4A.,"['CH1', 'CH2', 'CHZ']",2018-12-25T23:48:52.750000Z,7.73
322,20181225T235221Z,1J.TI4A.,"['CH1', 'CH2', 'CHZ']",2018-12-25T23:52:23.150000Z,2.28
323,20181225T235916Z,1J.TI4A.,"['CH1', 'CH2', 'CHZ']",2018-12-25T23:59:16.030000Z,2.75
324,20181225T000139Z,1J.TI3A.,"['CH1', 'CH2', 'CHZ']",2018-12-25T00:01:39.210000Z,1.56
325,20181225T000857Z,1J.TI3A.,"['CH1', 'CH2', 'CHZ']",2018-12-25T00:08:57.300000Z,9.71
326,20181225T001205Z,1J.TI3A.,"['CH1', 'CH2', 'CHZ']",2018-12-25T00:12:05.700000Z,2.98
327,20181225T001357Z,1J.TI3A.,"['CH1', 'CH2', 'CHZ']",2018-12-25T00:13:57.090000Z,11.89
328,20181225T001609Z,1J.TI3A.,"['CH1', 'CH2', 'CHZ']",2018-12-25T00:16:09.840000Z,3.43
329,20181225T003431Z,1J.TI3A.,"['CH1', 'CH2', 'CHZ']",2018-12-25T00:34:31.280000Z,8.06
330,20181225T003605Z,1J.TI3A.,"['CH1', 'CH2', 'CHZ']",2018-12-25T00:36:06.500000Z,5.05
331,20181225T004851Z,1J.TI3A.,"['CH1', 'CH2', 'CHZ']",2018-12-25T00:48:51.520000Z,8.93
332,20181225T005011Z,1J.TI3A.,"['CH1', 'CH2', 'CHZ']",2018-12-25T00:50:20.080000Z,4.64
333,20181225T005445Z,1J.TI3A.,"['CH1', 'CH2', 'CHZ']",2018-12-25T00:54:45.340000Z,6.79
334,20181225T005513Z,1J.TI3A.,"['CH1', 'CH2', 'CHZ']",2018-12-25T00:55:13.250000Z,6.73
335,20181225T005818Z,1J.TI3A.,"['CH1', 'CH2', 'CHZ']",2018-12-25T00:58:18.110000Z,5.18
336,20181225T011534Z,1J.TI3A.,"['CH1', 'CH2', 'CHZ']",2018-12-25T01:15:36.470000Z,5.32
337,20181225T011651Z,1J.TI3A.,"['CH1', 'CH2', 'CHZ']",2018-12-25T01:16:51.430000Z,6.46
338,20181225T013326Z,1J.TI3A.,"['CH1', 'CH2', 'CHZ']",2018-12-25T01:33:26.040000Z,8.99
339,20181225T013433Z,1J.TI3A.,"['CH1', 'CH2', 'CHZ']",2018-12-25T01:34:34.630000Z,2.6
340,20181225T014257Z,1J.TI3A.,"['CH1', 'CH2', 'CHZ']",2018-12-25T01:42:57.940000Z,8.62
341,20181225T015858Z,1J.TI3A.,"['CH1', 'CH2', 'CHZ']",2018-12-25T01:58:58.640000Z,6.77
342,20181225T020441Z,1J.TI3A.,"['CH1', 'CH2', 'CHZ']",2018-12-25T02:04:52.200000Z,4.23
343,20181225T020558Z,1J.TI3A.,"['CH1', 'CH2', 'CHZ']",2018-12-25T02:06:05.150000Z,2.09
344,20181225T021956Z,1J.TI3A.,"['CH1', 'CH2', 'CHZ']",2018-12-25T02:19:56.740000Z,3.93
345,20181225T022545Z,1J.TI3A.,"['CH1', 'CH2', 'CHZ']",2018-12-25T02:25:45.520000Z,10.27
346,20181225T023451Z,1J.TI3A.,"['CH1', 'CH2', 'CHZ']",2018-12-25T02:34:51.880000Z,5.05
347,20181225T023613Z,1J.TI3A.,"['CH1', 'CH2', 'CHZ']",2018-12-25T02:36:19.010000Z,7.28
348,20181225T024333Z,1J.TI3A.,"['CH1', 'CH2', 'CHZ']",2018-12-25T02:43:33.520000Z,8.43
349,20181225T024745Z,1J.TI3A.,"['CH1', 'CH2', 'CHZ']",2018-12-25T02:48:10.040000Z,7.67
350,20181225T024914Z,1J.TI3A.,"['CH1', 'CH2', 'CHZ']",2018-12-25T02:49:26.720000Z,5.56
351,20181225T025452Z,1J.TI3A.,"['CH1', 'CH2', 'CHZ']",2018-12-25T02:54:52.790000Z,5.78
352,20181225T030331Z,1J.TI3A.,"['CH1', 'CH2', 'CHZ']",2018-12-25T03:03:31.930000Z,18.2
353,20181225T030431Z,1J.TI3A.,"['CH1', 'CH2', 'CHZ']",2018-12-25T03:04:31.760000Z,8.17
354,20181225T030626Z,1J.TI3A.,"['CH1', 'CH2', 'CHZ']",2018-12-25T03:06:26.390000Z,6.59
355,20181225T030652Z,1J.TI3A.,"['CH1', 'CH2', 'CHZ']",2018-12-25T03:06:52.800000Z,7.24
356,20181225T030839Z,1J.TI3A.,"['CH1', 'CH2', 'CHZ']",2018-12-25T03:08:39.280000Z,5.29
357,20181225T031010Z,1J.TI3A.,"['CH1', 'CH2', 'CHZ']",2018-12-25T03:10:16.020000Z,3.38
358,20181225T031511Z,1J.TI3A.,"['CH1', 'CH2', 'CHZ']",2018-12-25T03:15:11.750000Z,4.0
359,20181225T031926Z,1J.TI3A.,"['CH1', 'CH2', 'CHZ']",2018-12-25T03:19:26.960000Z,6.0
360,20181225T032109Z,1J.TI3A.,"['CH1', 'CH2', 'CHZ']",2018-12-25T03:21:09.370000Z,7.98
361,20181225T032950Z,1J.TI3A.,"['CH1', 'CH2', 'CHZ']",2018-12-25T03:29:50.640000Z,9.2
362,20181225T033621Z,1J.TI3A.,"['CH1', 'CH2', 'CHZ']",2018-12-25T03:36:21.960000Z,6.74
363,20181225T033828Z,1J.TI3A.,"['CH1', 'CH2', 'CHZ']",2018-12-25T03:38:37.540000Z,2.12
364,20181225T034036Z,1J.TI3A.,"['CH1', 'CH2', 'CHZ']",2018-12-25T03:40:36.820000Z,5.16
365,20181225T034235Z,1J.TI3A.,"['CH1', 'CH2', 'CHZ']",2018-12-25T03:42:35.330000Z,8.22
366,20181225T040340Z,1J.TI3A.,"['CH1', 'CH2', 'CHZ']",2018-12-25T04:03:40.520000Z,6.35
367,20181225T041010Z,1J.TI3A.,"['CH1', 'CH2', 'CHZ']",2018-12-25T04:10:10.040000Z,4.8
368,20181225T041224Z,1J.TI3A.,"['CH1', 'CH2', 'CHZ']",2018-12-25T04:12:24.360000Z,7.36
369,20181225T041252Z,1J.TI3A.,"['CH1', 'CH2', 'CHZ']",2018-12-25T04:12:52.900000Z,5.9
370,20181225T041825Z,1J.TI3A.,"['CH1', 'CH2', 'CHZ']",2018-12-25T04:18:25.760000Z,17.45
371,20181225T042158Z,1J.TI3A.,"['CH1', 'CH2', 'CHZ']",2018-12-25T04:21:58.050000Z,6.33
372,20181225T042225Z,1J.TI3A.,"['CH1', 'CH2', 'CHZ']",2018-12-25T04:22:25.740000Z,5.28
373,20181225T042352Z,1J.TI3A.,"['CH1', 'CH2', 'CHZ']",2018-12-25T04:23:53.330000Z,8.68
374,20181225T042656Z,1J.TI3A.,"['CH1', 'CH2', 'CHZ']",2018-12-25T04:26:56.900000Z,4.16
375,20181225T042934Z,1J.TI3A.,"['CH1', 'CH2', 'CHZ']",2018-12-25T04:29:36.200000Z,3.78
376,20181225T043547Z,1J.TI3A.,"['CH1', 'CH2', 'CHZ']",2018-12-25T04:35:47.760000Z,8.12
377,20181225T043726Z,1J.TI3A.,"['CH1', 'CH2', 'CHZ']",2018-12-25T04:37:26.720000Z,7.38
378,20181225T044713Z,1J.TI3A.,"['CH1', 'CH2', 'CHZ']",2018-12-25T04:47:13.600000Z,4.05
379,20181225T045037Z,1J.TI3A.,"['CH1', 'CH2', 'CHZ']",2018-12-25T04:50:37.610000Z,5.06
380,20181225T045253Z,1J.TI3A.,"['CH1', 'CH2', 'CHZ']",2018-12-25T04:52:59.750000Z,3.22
381,20181225T045522Z,1J.TI3A.,"['CH1', 'CH2', 'CHZ']",2018-12-25T04:55:22.480000Z,13.97
382,20181225T045559Z,1J.TI3A.,"['CH1', 'CH2', 'CHZ']",2018-12-25T04:55:59.190000Z,6.08
383,20181225T050108Z,1J.TI3A.,"['CH1', 'CH2', 'CHZ']",2018-12-25T05:01:09.740000Z,6.85
384,20181225T050123Z,1J.TI3A.,"['CH1', 'CH2', 'CHZ']",2018-12-25T05:01:23.970000Z,7.75
385,20181225T050347Z,1J.TI3A.,"['CH1', 'CH2', 'CHZ']",2018-12-25T05:03:54.280000Z,4.48
386,20181225T050547Z,1J.TI3A.,"['CH1', 'CH2', 'CHZ']",2018-12-25T05:05:47.030000Z,5.56
387,20181225T050703Z,1J.TI3A.,"['CH1', 'CH2', 'CHZ']",2018-12-25T05:07:03.320000Z,4.95
388,20181225T050735Z,1J.TI3A.,"['CH1', 'CH2', 'CHZ']",2018-12-25T05:07:49.040000Z,9.18
389,20181225T051024Z,1J.TI3A.,"['CH1', 'CH2', 'CHZ']",2018-12-25T05:10:24.010000Z,5.43
390,20181225T052039Z,1J.TI3A.,"['CH1', 'CH2', 'CHZ']",2018-12-25T05:20:39.220000Z,9.44
391,20181225T052916Z,1J.TI3A.,"['CH1', 'CH2', 'CHZ']",2018-12-25T05:29:16.650000Z,2.76
392,20181225T053157Z,1J.TI3A.,"['CH1', 'CH2', 'CHZ']",2018-12-25T05:31:59.250000Z,11.14
393,20181225T053329Z,1J.TI3A.,"['CH1', 'CH2', 'CHZ']",2018-12-25T05:33:29.500000Z,7.87
394,20181225T053606Z,1J.TI3A.,"['CH1', 'CH2', 'CHZ']",2018-12-25T05:36:06.820000Z,5.03
395,20181225T053633Z,1J.TI3A.,"['CH1', 'CH2', 'CHZ']",2018-12-25T05:36:33.820000Z,5.92
396,20181225T053728Z,1J.TI3A.,"['CH1', 'CH2', 'CHZ']",2018-12-25T05:37:28.570000Z,6.96
397,20181225T053934Z,1J.TI3A.,"['CH1', 'CH2', 'CHZ']",2018-12-25T05:39:34.530000Z,8.21
398,20181225T054000Z,1J.TI3A.,"['CH1', 'CH2', 'CHZ']",2018-12-25T05:40:00.910000Z,7.13
399,20181225T054402Z,1J.TI3A.,"['CH1', 'CH2', 'CHZ']",2018-12-25T05:44:02.850000Z,8.8
400,20181225T054837Z,1J.TI3A.,"['CH1', 'CH2', 'CHZ']",2018-12-25T05:48:37.940000Z,8.71
401,20181225T055237Z,1J.TI3A.,"['CH1', 'CH2', 'CHZ']",2018-12-25T05:52:37.310000Z,7.96
402,20181225T055306Z,1J.TI3A.,"['CH1', 'CH2', 'CHZ']",2018-12-25T05:53:06.600000Z,6.15
403,20181225T055707Z,1J.TI3A.,"['CH1', 'CH2', 'CHZ']",2018-12-25T05:57:07.650000Z,4.18
404,20181225T060105Z,1J.TI3A.,"['CH1', 'CH2', 'CHZ']",2018-12-25T06:01:05.080000Z,9.02
405,20181225T060621Z,1J.TI3A.,"['CH1', 'CH2', 'CHZ']",2018-12-25T06:06:21.500000Z,11.26
406,20181225T060955Z,1J.TI3A.,"['CH1', 'CH2', 'CHZ']",2018-12-25T06:09:55.700000Z,5.05
407,20181225T061907Z,1J.TI3A.,"['CH1', 'CH2', 'CHZ']",2018-12-25T06:19:15.480000Z,1.14
408,20181225T062602Z,1J.TI3A.,"['CH1', 'CH2', 'CHZ']",2018-12-25T06:26:02.340000Z,8.27
409,20181225T062742Z,1J.TI3A.,"['CH1', 'CH2', 'CHZ']",2018-12-25T06:27:42.890000Z,6.93
410,20181225T063714Z,1J.TI3A.,"['CH1', 'CH2', 'CHZ']",2018-12-25T06:37:23.300000Z,5.31
411,20181225T064933Z,1J.TI3A.,"['CH1', 'CH2', 'CHZ']",2018-12-25T06:49:33.150000Z,8.0
412,20181225T065411Z,1J.TI3A.,"['CH1', 'CH2', 'CHZ']",2018-12-25T06:54:11.840000Z,6.47
413,20181225T065500Z,1J.TI3A.,"['CH1', 'CH2', 'CHZ']",2018-12-25T06:55:02.040000Z,4.72
414,20181225T070111Z,1J.TI3A.,"['CH1', 'CH2', 'CHZ']",2018-12-25T07:01:11.770000Z,4.13
415,20181225T070356Z,1J.TI3A.,"['CH1', 'CH2', 'CHZ']",2018-12-25T07:04:02.140000Z,2.67
416,20181225T070608Z,1J.TI3A.,"['CH1', 'CH2', 'CHZ']",2018-12-25T07:06:12.130000Z,6.72
417,20181225T070822Z,1J.TI3A.,"['CH1', 'CH2', 'CHZ']",2018-12-25T07:08:23.270000Z,6.59
418,20181225T070935Z,1J.TI3A.,"['CH1', 'CH2', 'CHZ']",2018-12-25T07:09:35.010000Z,4.73
419,20181225T071322Z,1J.TI3A.,"['CH1', 'CH2', 'CHZ']",2018-12-25T07:13:29.520000Z,6.33
420,20181225T071937Z,1J.TI3A.,"['CH1', 'CH2', 'CHZ']",2018-12-25T07:19:37.160000Z,13.22
421,20181225T072110Z,1J.TI3A.,"['CH1', 'CH2', 'CHZ']",2018-12-25T07:21:10.190000Z,9.99
422,20181225T072557Z,1J.TI3A.,"['CH1', 'CH2', 'CHZ']",2018-12-25T07:25:57.200000Z,4.06
423,20181225T072915Z,1J.TI3A.,"['CH1', 'CH2', 'CHZ']",2018-12-25T07:29:15.030000Z,7.21
424,20181225T072927Z,1J.TI3A.,"['CH1', 'CH2', 'CHZ']",2018-12-25T07:29:32.500000Z,6.22
425,20181225T073912Z,1J.TI3A.,"['CH1', 'CH2', 'CHZ']",2018-12-25T07:39:12.260000Z,3.87
426,20181225T073943Z,1J.TI3A.,"['CH1', 'CH2', 'CHZ']",2018-12-25T07:39:46.130000Z,2.77
427,20181225T074050Z,1J.TI3A.,"['CH1', 'CH2', 'CHZ']",2018-12-25T07:40:50.230000Z,4.25
428,20181225T074345Z,1J.TI3A.,"['CH1', 'CH2', 'CHZ']",2018-12-25T07:43:50.290000Z,9.1
429,20181225T074729Z,1J.TI3A.,"['CH1', 'CH2', 'CHZ']",2018-12-25T07:47:30.710000Z,2.87
430,20181225T075031Z,1J.TI3A.,"['CH1', 'CH2', 'CHZ']",2018-12-25T07:50:31.380000Z,4.37
431,20181225T075303Z,1J.TI3A.,"['CH1', 'CH2', 'CHZ']",2018-12-25T07:53:03.160000Z,4.18
432,20181225T075413Z,1J.TI3A.,"['CH1', 'CH2', 'CHZ']",2018-12-25T07:54:13.740000Z,7.31
433,20181225T075959Z,1J.TI3A.,"['CH1', 'CH2', 'CHZ']",2018-12-25T07:59:59.370000Z,7.71
434,20181225T080957Z,1J.TI3A.,"['CH1', 'CH2', 'CHZ']",2018-12-25T08:09:57.860000Z,8.03
435,20181225T081025Z,1J.TI3A.,"['CH1', 'CH2', 'CHZ']",2018-12-25T08:10:25.320000Z,6.65
436,20181225T081237Z,1J.TI3A.,"['CH1', 'CH2', 'CHZ']",2018-12-25T08:12:37.920000Z,8.31
437,20181225T081330Z,1J.TI3A.,"['CH1', 'CH2', 'CHZ']",2018-12-25T08:13:31.320000Z,5.36
438,20181225T081438Z,1J.TI3A.,"['CH1', 'CH2', 'CHZ']",2018-12-25T08:14:41.730000Z,2.37
439,20181225T081642Z,1J.TI3A.,"['CH1', 'CH2', 'CHZ']",2018-12-25T08:16:42.440000Z,4.56
440,20181225T081904Z,1J.TI3A.,"['CH1', 'CH2', 'CHZ']",2018-12-25T08:19:04.600000Z,4.25
441,20181225T082108Z,1J.TI3A.,"['CH1', 'CH2', 'CHZ']",2018-12-25T08:21:09.770000Z,4.26
442,20181225T082220Z,1J.TI3A.,"['CH1', 'CH2', 'CHZ']",2018-12-25T08:22:20.680000Z,5.06
443,20181225T082633Z,1J.TI3A.,"['CH1', 'CH2', 'CHZ']",2018-12-25T08:26:34.730000Z,7.38
444,20181225T083052Z,1J.TI3A.,"['CH1', 'CH2', 'CHZ']",2018-12-25T08:30:52.980000Z,4.01
445,20181225T083139Z,1J.TI3A.,"['CH1', 'CH2', 'CHZ']",2018-12-25T08:31:39.670000Z,8.7
446,20181225T083431Z,1J.TI3A.,"['CH1', 'CH2', 'CHZ']",2018-12-25T08:34:31.200000Z,4.19
447,20181225T083731Z,1J.TI3A.,"['CH1', 'CH2', 'CHZ']",2018-12-25T08:37:31.670000Z,8.68
448,20181225T084051Z,1J.TI3A.,"['CH1', 'CH2', 'CHZ']",2018-12-25T08:40:53.030000Z,4.39
449,20181225T084252Z,1J.TI3A.,"['CH1', 'CH2', 'CHZ']",2018-12-25T08:42:52.060000Z,7.12
450,20181225T084654Z,1J.TI3A.,"['CH1', 'CH2', 'CHZ']",2018-12-25T08:46:54.440000Z,4.1
451,20181225T084827Z,1J.TI3A.,"['CH1', 'CH2', 'CHZ']",2018-12-25T08:48:27.780000Z,12.45
452,20181225T085052Z,1J.TI3A.,"['CH1', 'CH2', 'CHZ']",2018-12-25T08:50:53.460000Z,2.24
453,20181225T085327Z,1J.TI3A.,"['CH1', 'CH2', 'CHZ']",2018-12-25T08:53:27.140000Z,8.04
454,20181225T085732Z,1J.TI3A.,"['CH1', 'CH2', 'CHZ']",2018-12-25T08:57:32.890000Z,9.89
455,20181225T085813Z,1J.TI3A.,"['CH1', 'CH2', 'CHZ']",2018-12-25T08:58:13.000000Z,10.48
456,20181225T090529Z,1J.TI3A.,"['CH1', 'CH2', 'CHZ']",2018-12-25T09:05:30.100000Z,8.68
457,20181225T091400Z,1J.TI3A.,"['CH1', 'CH2', 'CHZ']",2018-12-25T09:14:00.430000Z,6.32
458,20181225T092147Z,1J.TI3A.,"['CH1', 'CH2', 'CHZ']",2018-12-25T09:21:47.000000Z,9.39
459,20181225T092524Z,1J.TI3A.,"['CH1', 'CH2', 'CHZ']",2018-12-25T09:25:24.540000Z,4.17
460,20181225T092801Z,1J.TI3A.,"['CH1', 'CH2', 'CHZ']",2018-12-25T09:28:01.150000Z,5.95
461,20181225T093232Z,1J.TI3A.,"['CH1', 'CH2', 'CHZ']",2018-12-25T09:32:35.800000Z,8.77
462,20181225T093823Z,1J.TI3A.,"['CH1', 'CH2', 'CHZ']",2018-12-25T09:38:23.400000Z,12.89
463,20181225T093841Z,1J.TI3A.,"['CH1', 'CH2', 'CHZ']",2018-12-25T09:38:41.820000Z,2.8
464,20181225T094646Z,1J.TI3A.,"['CH1', 'CH2', 'CHZ']",2018-12-25T09:46:46.540000Z,7.25
465,20181225T095130Z,1J.TI3A.,"['CH1', 'CH2', 'CHZ']",2018-12-25T09:51:30.400000Z,7.4
466,20181225T095401Z,1J.TI3A.,"['CH1', 'CH2', 'CHZ']",2018-12-25T09:54:01.390000Z,3.47
467,20181225T100031Z,1J.TI3A.,"['CH1', 'CH2', 'CHZ']",2018-12-25T10:00:32.720000Z,5.93
468,20181225T100225Z,1J.TI3A.,"['CH1', 'CH2', 'CHZ']",2018-12-25T10:02:25.120000Z,7.62
469,20181225T100253Z,1J.TI3A.,"['CH1', 'CH2', 'CHZ']",2018-12-25T10:02:53.660000Z,5.91
470,20181225T100826Z,1J.TI3A.,"['CH1', 'CH2', 'CHZ']",2018-12-25T10:08:26.170000Z,8.46
471,20181225T100854Z,1J.TI3A.,"['CH1', 'CH2', 'CHZ']",2018-12-25T10:08:54.680000Z,6.34
472,20181225T101022Z,1J.TI3A.,"['CH1', 'CH2', 'CHZ']",2018-12-25T10:10:22.210000Z,8.45
473,20181225T101453Z,1J.TI3A.,"['CH1', 'CH2', 'CHZ']",2018-12-25T10:14:54.270000Z,5.38
474,20181225T102226Z,1J.TI3A.,"['CH1', 'CH2', 'CHZ']",2018-12-25T10:22:26.860000Z,6.5
475,20181225T102811Z,1J.TI3A.,"['CH1', 'CH2', 'CHZ']",2018-12-25T10:28:16.300000Z,1.6
476,20181225T102904Z,1J.TI3A.,"['CH1', 'CH2', 'CHZ']",2018-12-25T10:29:13.520000Z,6.55
477,20181225T103609Z,1J.TI3A.,"['CH1', 'CH2', 'CHZ']",2018-12-25T10:36:09.600000Z,8.86
478,20181225T104237Z,1J.TI3A.,"['CH1', 'CH2', 'CHZ']",2018-12-25T10:42:39.150000Z,6.08
479,20181225T104353Z,1J.TI3A.,"['CH1', 'CH2', 'CHZ']",2018-12-25T10:43:53.080000Z,2.81
480,20181225T104820Z,1J.TI3A.,"['CH1', 'CH2', 'CHZ']",2018-12-25T10:48:21.120000Z,2.68
481,20181225T105139Z,1J.TI3A.,"['CH1', 'CH2', 'CHZ']",2018-12-25T10:51:39.370000Z,7.23
482,20181225T105354Z,1J.TI3A.,"['CH1', 'CH2', 'CHZ']",2018-12-25T10:53:57.190000Z,4.36
483,20181225T105515Z,1J.TI3A.,"['CH1', 'CH2', 'CHZ']",2018-12-25T10:55:15.520000Z,5.19
484,20181225T105741Z,1J.TI3A.,"['CH1', 'CH2', 'CHZ']",2018-12-25T10:57:44.090000Z,4.77
485,20181225T110530Z,1J.TI3A.,"['CH1', 'CH2', 'CHZ']",2018-12-25T11:05:30.790000Z,4.25
486,20181225T110622Z,1J.TI3A.,"['CH1', 'CH2', 'CHZ']",2018-12-25T11:06:22.250000Z,13.41
487,20181225T112018Z,1J.TI3A.,"['CH1', 'CH2', 'CHZ']",2018-12-25T11:20:22.980000Z,7.72
488,20181225T112135Z,1J.TI3A.,"['CH1', 'CH2', 'CHZ']",2018-12-25T11:21:35.760000Z,8.96
489,20181225T113259Z,1J.TI3A.,"['CH1', 'CH2', 'CHZ']",2018-12-25T11:32:59.970000Z,15.28
490,20181225T113652Z,1J.TI3A.,"['CH1', 'CH2', 'CHZ']",2018-12-25T11:36:52.130000Z,4.13
491,20181225T113918Z,1J.TI3A.,"['CH1', 'CH2', 'CHZ']",2018-12-25T11:39:35.620000Z,4.2
492,20181225T114554Z,1J.TI3A.,"['CH1', 'CH2', 'CHZ']",2018-12-25T11:45:54.790000Z,8.16
493,20181225T115020Z,1J.TI3A.,"['CH1', 'CH2', 'CHZ']",2018-12-25T11:50:20.300000Z,4.5
494,20181225T115434Z,1J.TI3A.,"['CH1', 'CH2', 'CHZ']",2018-12-25T11:54:34.810000Z,4.91
495,20181225T115502Z,1J.TI3A.,"['CH1', 'CH2', 'CHZ']",2018-12-25T11:55:02.330000Z,6.22
496,20181225T115543Z,1J.TI3A.,"['CH1', 'CH2', 'CHZ']",2018-12-25T11:55:43.140000Z,5.07
497,20181225T120245Z,1J.TI3A.,"['CH1', 'CH2', 'CHZ']",2018-12-25T12:02:45.350000Z,2.11
498,20181225T120931Z,1J.TI3A.,"['CH1', 'CH2', 'CHZ']",2018-12-25T12:09:31.650000Z,5.66
499,20181225T121524Z,1J.TI3A.,"['CH1', 'CH2', 'CHZ']",2018-12-25T12:15:24.590000Z,5.57
500,20181225T121724Z,1J.TI3A.,"['CH1', 'CH2', 'CHZ']",2018-12-25T12:17:24.270000Z,3.75
501,20181225T130244Z,1J.TI3A.,"['CH1', 'CH2', 'CHZ']",2018-12-25T13:02:44.520000Z,1.99
502,20181225T134254Z,1J.TI3A.,"['CH1', 'CH2', 'CHZ']",2018-12-25T13:42:54.910000Z,2.9
503,20181225T155329Z,1J.TI3A.,"['CH1', 'CH2', 'CHZ']",2018-12-25T15:53:30.960000Z,7.08
504,20181225T161006Z,1J.TI3A.,"['CH1', 'CH2', 'CHZ']",2018-12-25T16:10:06.700000Z,2.61
505,20181225T161257Z,1J.TI3A.,"['CH1', 'CH2', 'CHZ']",2018-12-25T16:12:57.230000Z,4.78
506,20181225T162405Z,1J.TI3A.,"['CH1', 'CH2', 'CHZ']",2018-12-25T16:24:05.470000Z,3.51
507,20181225T175313Z,1J.TI3A.,"['CH1', 'CH2', 'CHZ']",2018-12-25T17:53:14.170000Z,1.32
508,20181225T183648Z,1J.TI3A.,"['CH1', 'CH2', 'CHZ']",2018-12-25T18:37:02.140000Z,1.27
509,20181225T194332Z,1J.TI3A.,"['CH1', 'CH2', 'CHZ']",2018-12-25T19:43:33.370000Z,4.89
510,20181225T194606Z,1J.TI3A.,"['CH1', 'CH2', 'CHZ']",2018-12-25T19:46:09.790000Z,2.6
511,20181225T195139Z,1J.TI3A.,"['CH1', 'CH2', 'CHZ']",2018-12-25T19:51:39.050000Z,5.03
512,20181225T195831Z,1J.TI3A.,"['CH1', 'CH2', 'CHZ']",2018-12-25T19:58:31.280000Z,5.92
513,20181225T200129Z,1J.TI3A.,"['CH1', 'CH2', 'CHZ']",2018-12-25T20:01:29.450000Z,7.46
514,20181225T202640Z,1J.TI3A.,"['CH1', 'CH2', 'CHZ']",2018-12-25T20:26:51.260000Z,2.75
515,20181225T204804Z,1J.TI3A.,"['CH1', 'CH2', 'CHZ']",2018-12-25T20:48:05.630000Z,4.76
516,20181225T212007Z,1J.TI3A.,"['CH1', 'CH2', 'CHZ']",2018-12-25T21:20:07.820000Z,5.12
517,20181225T214518Z,1J.TI3A.,"['CH1', 'CH2', 'CHZ']",2018-12-25T21:45:18.860000Z,4.44
518,20181225T220101Z,1J.TI3A.,"['CH1', 'CH2', 'CHZ']",2018-12-25T22:01:01.050000Z,6.39
519,20181225T220824Z,1J.TI3A.,"['CH1', 'CH2', 'CHZ']",2018-12-25T22:08:24.760000Z,8.66
520,20181225T221103Z,1J.TI3A.,"['CH1', 'CH2', 'CHZ']",2018-12-25T22:11:03.670000Z,3.52
521,20181225T221332Z,1J.TI3A.,"['CH1', 'CH2', 'CHZ']",2018-12-25T22:13:32.140000Z,5.45
522,20181225T224040Z,1J.TI3A.,"['CH1', 'CH2', 'CHZ']",2018-12-25T22:40:41.710000Z,4.11
523,20181225T224145Z,1J.TI3A.,"['CH1', 'CH2', 'CHZ']",2018-12-25T22:41:45.490000Z,7.97
524,20181225T225116Z,1J.TI3A.,"['CH1', 'CH2', 'CHZ']",2018-12-25T22:51:16.060000Z,6.73
525,20181225T225643Z,1J.TI3A.,"['CH1', 'CH2', 'CHZ']",2018-12-25T22:56:43.710000Z,8.99
526,20181225T230854Z,1J.TI3A.,"['CH1', 'CH2', 'CHZ']",2018-12-25T23:08:54.760000Z,5.65
527,20181225T230951Z,1J.TI3A.,"['CH1', 'CH2', 'CHZ']",2018-12-25T23:09:51.490000Z,4.82
528,20181225T231515Z,1J.TI3A.,"['CH1', 'CH2', 'CHZ']",2018-12-25T23:15:21.510000Z,3.49
529,20181225T232023Z,1J.TI3A.,"['CH1', 'CH2', 'CHZ']",2018-12-25T23:20:23.170000Z,7.53
530,20181225T232051Z,1J.TI3A.,"['CH1', 'CH2', 'CHZ']",2018-12-25T23:20:51.410000Z,5.82
531,20181225T232719Z,1J.TI3A.,"['CH1', 'CH2', 'CHZ']",2018-12-25T23:27:20.120000Z,9.25
532,20181225T232749Z,1J.TI3A.,"['CH1', 'CH2', 'CHZ']",2018-12-25T23:27:49.060000Z,7.28
533,20181225T233038Z,1J.TI3A.,"['CH1', 'CH2', 'CHZ']",2018-12-25T23:30:38.840000Z,11.47
534,20181225T233124Z,1J.TI3A.,"['CH1', 'CH2', 'CHZ']",2018-12-25T23:31:26.790000Z,3.64
535,20181225T233547Z,1J.TI3A.,"['CH1', 'CH2', 'CHZ']",2018-12-25T23:35:47.420000Z,8.61
536,20181225T234050Z,1J.TI3A.,"['CH1', 'CH2', 'CHZ']",2018-12-25T23:40:50.490000Z,5.27
537,20181225T234432Z,1J.TI3A.,"['CH1', 'CH2', 'CHZ']",2018-12-25T23:44:32.000000Z,2.65
538,20181225T235221Z,1J.TI3A.,"['CH1', 'CH2', 'CHZ']",2018-12-25T23:52:21.110000Z,10.59
539,20181225T235916Z,1J.TI3A.,"['CH1', 'CH2', 'CHZ']",2018-12-25T23:59:16.680000Z,8.31
540,20181224T235955Z,1J.TI8A.,"['CH1', 'CH2', 'CHZ']",2018-12-25T00:00:00.580000Z,1.99
541,20181225T000139Z,1J.TI8A.,"['CH1', 'CH2', 'CHZ']",2018-12-25T00:01:40.230000Z,8.11
542,20181225T000252Z,1J.TI8A.,"['CH1', 'CH2', 'CHZ']",2018-12-25T00:02:54.160000Z,4.72
543,20181225T001017Z,1J.TI8A.,"['CH1', 'CH2', 'CHZ']",2018-12-25T00:10:17.510000Z,8.58
544,20181225T002326Z,1J.TI8A.,"['CH1', 'CH2', 'CHZ']",2018-12-25T00:23:26.650000Z,7.77
545,20181225T002952Z,1J.TI8A.,"['CH1', 'CH2', 'CHZ']",2018-12-25T00:29:52.320000Z,6.37
546,20181225T003925Z,1J.TI8A.,"['CH1', 'CH2', 'CHZ']",2018-12-25T00:39:30.310000Z,1.34
547,20181225T004851Z,1J.TI8A.,"['CH1', 'CH2', 'CHZ']",2018-12-25T00:48:53.490000Z,7.42
548,20181225T005011Z,1J.TI8A.,"['CH1', 'CH2', 'CHZ']",2018-12-25T00:50:11.740000Z,8.07
549,20181225T005445Z,1J.TI8A.,"['CH1', 'CH2', 'CHZ']",2018-12-25T00:54:47.700000Z,7.67
550,20181225T005513Z,1J.TI8A.,"['CH1', 'CH2', 'CHZ']",2018-12-25T00:55:18.420000Z,5.07
551,20181225T013326Z,1J.TI8A.,"['CH1', 'CH2', 'CHZ']",2018-12-25T01:33:27.800000Z,7.94
552,20181225T013433Z,1J.TI8A.,"['CH1', 'CH2', 'CHZ']",2018-12-25T01:34:33.070000Z,6.67
553,20181225T015832Z,1J.TI8A.,"['CH1', 'CH2', 'CHZ']",2018-12-25T01:58:32.360000Z,8.11
554,20181225T015858Z,1J.TI8A.,"['CH1', 'CH2', 'CHZ']",2018-12-25T01:59:02.860000Z,4.61
555,20181225T020053Z,1J.TI8A.,"['CH1', 'CH2', 'CHZ']",2018-12-25T02:00:53.240000Z,9.14
556,20181225T023451Z,1J.TI8A.,"['CH1', 'CH2', 'CHZ']",2018-12-25T02:34:57.390000Z,9.1
557,20181225T023613Z,1J.TI8A.,"['CH1', 'CH2', 'CHZ']",2018-12-25T02:36:13.830000Z,6.92
558,20181225T024333Z,1J.TI8A.,"['CH1', 'CH2', 'CHZ']",2018-12-25T02:43:36.780000Z,5.7
559,20181225T024914Z,1J.TI8A.,"['CH1', 'CH2', 'CHZ']",2018-12-25T02:49:30.500000Z,2.64
560,20181225T030331Z,1J.TI8A.,"['CH1', 'CH2', 'CHZ']",2018-12-25T03:03:43.470000Z,7.22
561,20181225T030626Z,1J.TI8A.,"['CH1', 'CH2', 'CHZ']",2018-12-25T03:06:34.520000Z,1.78
562,20181225T030652Z,1J.TI8A.,"['CH1', 'CH2', 'CHZ']",2018-12-25T03:06:59.500000Z,4.35
563,20181225T031010Z,1J.TI8A.,"['CH1', 'CH2', 'CHZ']",2018-12-25T03:10:10.570000Z,9.08
564,20181225T031335Z,1J.TI8A.,"['CH1', 'CH2', 'CHZ']",2018-12-25T03:13:35.390000Z,6.1
565,20181225T032423Z,1J.TI8A.,"['CH1', 'CH2', 'CHZ']",2018-12-25T03:24:23.540000Z,6.53
566,20181225T032950Z,1J.TI8A.,"['CH1', 'CH2', 'CHZ']",2018-12-25T03:29:52.860000Z,7.62
567,20181225T033828Z,1J.TI8A.,"['CH1', 'CH2', 'CHZ']",2018-12-25T03:38:32.540000Z,7.3
568,20181225T034235Z,1J.TI8A.,"['CH1', 'CH2', 'CHZ']",2018-12-25T03:42:38.570000Z,4.32
569,20181225T041224Z,1J.TI8A.,"['CH1', 'CH2', 'CHZ']",2018-12-25T04:12:28.370000Z,6.43
570,20181225T041252Z,1J.TI8A.,"['CH1', 'CH2', 'CHZ']",2018-12-25T04:12:57.680000Z,5.26
571,20181225T042158Z,1J.TI8A.,"['CH1', 'CH2', 'CHZ']",2018-12-25T04:22:01.270000Z,3.24
572,20181225T042225Z,1J.TI8A.,"['CH1', 'CH2', 'CHZ']",2018-12-25T04:22:31.280000Z,3.12
573,20181225T042352Z,1J.TI8A.,"['CH1', 'CH2', 'CHZ']",2018-12-25T04:23:56.470000Z,6.11
574,20181225T043406Z,1J.TI8A.,"['CH1', 'CH2', 'CHZ']",2018-12-25T04:34:06.120000Z,4.36
575,20181225T043726Z,1J.TI8A.,"['CH1', 'CH2', 'CHZ']",2018-12-25T04:37:31.720000Z,3.66
576,20181225T045253Z,1J.TI8A.,"['CH1', 'CH2', 'CHZ']",2018-12-25T04:52:53.650000Z,9.37
577,20181225T045522Z,1J.TI8A.,"['CH1', 'CH2', 'CHZ']",2018-12-25T04:55:33.030000Z,7.81
578,20181225T045559Z,1J.TI8A.,"['CH1', 'CH2', 'CHZ']",2018-12-25T04:56:03.880000Z,5.32
579,20181225T050108Z,1J.TI8A.,"['CH1', 'CH2', 'CHZ']",2018-12-25T05:01:12.640000Z,3.47
580,20181225T050148Z,1J.TI8A.,"['CH1', 'CH2', 'CHZ']",2018-12-25T05:01:53.660000Z,3.83
581,20181225T050735Z,1J.TI8A.,"['CH1', 'CH2', 'CHZ']",2018-12-25T05:07:52.230000Z,6.4
582,20181225T053157Z,1J.TI8A.,"['CH1', 'CH2', 'CHZ']",2018-12-25T05:32:00.210000Z,3.17
583,20181225T053329Z,1J.TI8A.,"['CH1', 'CH2', 'CHZ']",2018-12-25T05:33:32.070000Z,6.17
584,20181225T053633Z,1J.TI8A.,"['CH1', 'CH2', 'CHZ']",2018-12-25T05:36:39.390000Z,4.4
585,20181225T053728Z,1J.TI8A.,"['CH1', 'CH2', 'CHZ']",2018-12-25T05:37:32.060000Z,5.67
586,20181225T053934Z,1J.TI8A.,"['CH1', 'CH2', 'CHZ']",2018-12-25T05:39:37.100000Z,9.95
587,20181225T054000Z,1J.TI8A.,"['CH1', 'CH2', 'CHZ']",2018-12-25T05:40:04.950000Z,7.21
588,20181225T055237Z,1J.TI8A.,"['CH1', 'CH2', 'CHZ']",2018-12-25T05:52:40.140000Z,10.3
589,20181225T055306Z,1J.TI8A.,"['CH1', 'CH2', 'CHZ']",2018-12-25T05:53:11.580000Z,7.15
590,20181225T060105Z,1J.TI8A.,"['CH1', 'CH2', 'CHZ']",2018-12-25T06:01:07.100000Z,8.21
591,20181225T060621Z,1J.TI8A.,"['CH1', 'CH2', 'CHZ']",2018-12-25T06:06:29.270000Z,5.94
592,20181225T061503Z,1J.TI8A.,"['CH1', 'CH2', 'CHZ']",2018-12-25T06:15:07.840000Z,7.6
593,20181225T062602Z,1J.TI8A.,"['CH1', 'CH2', 'CHZ']",2018-12-25T06:26:04.310000Z,7.36
594,20181225T063714Z,1J.TI8A.,"['CH1', 'CH2', 'CHZ']",2018-12-25T06:37:24.710000Z,7.19
595,20181225T064933Z,1J.TI8A.,"['CH1', 'CH2', 'CHZ']",2018-12-25T06:49:35.430000Z,7.14
596,20181225T070111Z,1J.TI8A.,"['CH1', 'CH2', 'CHZ']",2018-12-25T07:01:14.610000Z,6.71
597,20181225T070343Z,1J.TI8A.,"['CH1', 'CH2', 'CHZ']",2018-12-25T07:03:46.400000Z,3.88
598,20181225T070356Z,1J.TI8A.,"['CH1', 'CH2', 'CHZ']",2018-12-25T07:03:59.210000Z,4.12
599,20181225T070608Z,1J.TI8A.,"['CH1', 'CH2', 'CHZ']",2018-12-25T07:06:14.780000Z,10.68
600,20181225T070935Z,1J.TI8A.,"['CH1', 'CH2', 'CHZ']",2018-12-25T07:09:37.660000Z,6.11
601,20181225T071251Z,1J.TI8A.,"['CH1', 'CH2', 'CHZ']",2018-12-25T07:12:51.030000Z,6.18
602,20181225T071322Z,1J.TI8A.,"['CH1', 'CH2', 'CHZ']",2018-12-25T07:13:34.270000Z,2.63
603,20181225T072110Z,1J.TI8A.,"['CH1', 'CH2', 'CHZ']",2018-12-25T07:21:18.630000Z,5.97
604,20181225T072915Z,1J.TI8A.,"['CH1', 'CH2', 'CHZ']",2018-12-25T07:29:18.570000Z,4.83
605,20181225T073912Z,1J.TI8A.,"['CH1', 'CH2', 'CHZ']",2018-12-25T07:39:15.170000Z,4.29
606,20181225T074345Z,1J.TI8A.,"['CH1', 'CH2', 'CHZ']",2018-12-25T07:43:51.610000Z,8.4
607,20181225T074553Z,1J.TI8A.,"['CH1', 'CH2', 'CHZ']",2018-12-25T07:45:55.460000Z,3.0
608,20181225T075413Z,1J.TI8A.,"['CH1', 'CH2', 'CHZ']",2018-12-25T07:54:15.700000Z,7.19
609,20181225T075959Z,1J.TI8A.,"['CH1', 'CH2', 'CHZ']",2018-12-25T08:00:01.360000Z,6.54
610,20181225T080957Z,1J.TI8A.,"['CH1', 'CH2', 'CHZ']",2018-12-25T08:10:00.330000Z,7.58
611,20181225T081025Z,1J.TI8A.,"['CH1', 'CH2', 'CHZ']",2018-12-25T08:10:31.070000Z,5.03
612,20181225T081237Z,1J.TI8A.,"['CH1', 'CH2', 'CHZ']",2018-12-25T08:12:41.280000Z,6.61
613,20181225T082108Z,1J.TI8A.,"['CH1', 'CH2', 'CHZ']",2018-12-25T08:21:12.210000Z,2.03
614,20181225T083228Z,1J.TI8A.,"['CH1', 'CH2', 'CHZ']",2018-12-25T08:32:33.440000Z,3.37
615,20181225T083731Z,1J.TI8A.,"['CH1', 'CH2', 'CHZ']",2018-12-25T08:37:33.710000Z,8.03
616,20181225T084252Z,1J.TI8A.,"['CH1', 'CH2', 'CHZ']",2018-12-25T08:42:54.540000Z,6.15
617,20181225T084827Z,1J.TI8A.,"['CH1', 'CH2', 'CHZ']",2018-12-25T08:48:29.830000Z,9.85
618,20181225T085133Z,1J.TI8A.,"['CH1', 'CH2', 'CHZ']",2018-12-25T08:51:33.590000Z,5.15
619,20181225T085327Z,1J.TI8A.,"['CH1', 'CH2', 'CHZ']",2018-12-25T08:53:30.060000Z,4.24
620,20181225T090529Z,1J.TI8A.,"['CH1', 'CH2', 'CHZ']",2018-12-25T09:05:31.910000Z,7.98
621,20181225T091400Z,1J.TI8A.,"['CH1', 'CH2', 'CHZ']",2018-12-25T09:14:03.100000Z,6.91
622,20181225T092024Z,1J.TI8A.,"['CH1', 'CH2', 'CHZ']",2018-12-25T09:20:24.860000Z,5.34
623,20181225T092147Z,1J.TI8A.,"['CH1', 'CH2', 'CHZ']",2018-12-25T09:21:48.350000Z,8.53
624,20181225T093232Z,1J.TI8A.,"['CH1', 'CH2', 'CHZ']",2018-12-25T09:32:37.790000Z,8.24
625,20181225T094646Z,1J.TI8A.,"['CH1', 'CH2', 'CHZ']",2018-12-25T09:46:49.700000Z,5.42
626,20181225T095130Z,1J.TI8A.,"['CH1', 'CH2', 'CHZ']",2018-12-25T09:51:34.860000Z,7.25
627,20181225T095401Z,1J.TI8A.,"['CH1', 'CH2', 'CHZ']",2018-12-25T09:54:04.460000Z,2.8
628,20181225T100225Z,1J.TI8A.,"['CH1', 'CH2', 'CHZ']",2018-12-25T10:02:27.440000Z,8.16
629,20181225T100253Z,1J.TI8A.,"['CH1', 'CH2', 'CHZ']",2018-12-25T10:02:56.590000Z,7.17
630,20181225T100826Z,1J.TI8A.,"['CH1', 'CH2', 'CHZ']",2018-12-25T10:08:29.350000Z,8.32
631,20181225T100854Z,1J.TI8A.,"['CH1', 'CH2', 'CHZ']",2018-12-25T10:08:58.890000Z,6.89
632,20181225T101022Z,1J.TI8A.,"['CH1', 'CH2', 'CHZ']",2018-12-25T10:10:24.440000Z,6.77
633,20181225T102226Z,1J.TI8A.,"['CH1', 'CH2', 'CHZ']",2018-12-25T10:22:29.270000Z,6.97
634,20181225T103448Z,1J.TI8A.,"['CH1', 'CH2', 'CHZ']",2018-12-25T10:34:48.820000Z,7.31
635,20181225T103609Z,1J.TI8A.,"['CH1', 'CH2', 'CHZ']",2018-12-25T10:36:11.800000Z,9.69
636,20181225T104237Z,1J.TI8A.,"['CH1', 'CH2', 'CHZ']",2018-12-25T10:42:39.780000Z,4.77
637,20181225T104353Z,1J.TI8A.,"['CH1', 'CH2', 'CHZ']",2018-12-25T10:43:55.790000Z,4.23
638,20181225T104820Z,1J.TI8A.,"['CH1', 'CH2', 'CHZ']",2018-12-25T10:48:23.740000Z,3.32
639,20181225T105139Z,1J.TI8A.,"['CH1', 'CH2', 'CHZ']",2018-12-25T10:51:42.490000Z,7.27
640,20181225T105515Z,1J.TI8A.,"['CH1', 'CH2', 'CHZ']",2018-12-25T10:55:18.960000Z,1.33
641,20181225T105741Z,1J.TI8A.,"['CH1', 'CH2', 'CHZ']",2018-12-25T10:57:46.050000Z,3.47
642,20181225T112018Z,1J.TI8A.,"['CH1', 'CH2', 'CHZ']",2018-12-25T11:20:26.160000Z,7.33
643,20181225T112135Z,1J.TI8A.,"['CH1', 'CH2', 'CHZ']",2018-12-25T11:21:37.830000Z,7.99
644,20181225T112501Z,1J.TI8A.,"['CH1', 'CH2', 'CHZ']",2018-12-25T11:25:01.330000Z,5.72
645,20181225T113022Z,1J.TI8A.,"['CH1', 'CH2', 'CHZ']",2018-12-25T11:30:22.210000Z,5.55
646,20181225T113259Z,1J.TI8A.,"['CH1', 'CH2', 'CHZ']",2018-12-25T11:33:03.050000Z,12.55
647,20181225T114554Z,1J.TI8A.,"['CH1', 'CH2', 'CHZ']",2018-12-25T11:45:56.760000Z,7.06
648,20181225T115434Z,1J.TI8A.,"['CH1', 'CH2', 'CHZ']",2018-12-25T11:54:37.830000Z,5.94
649,20181225T115502Z,1J.TI8A.,"['CH1', 'CH2', 'CHZ']",2018-12-25T11:55:07.690000Z,4.02
650,20181225T115543Z,1J.TI8A.,"['CH1', 'CH2', 'CHZ']",2018-12-25T11:55:48.580000Z,2.2
651,20181225T120037Z,1J.TI8A.,"['CH1', 'CH2', 'CHZ']",2018-12-25T12:00:37.560000Z,7.25
652,20181225T120218Z,1J.TI8A.,"['CH1', 'CH2', 'CHZ']",2018-12-25T12:02:19.870000Z,6.33
653,20181225T120245Z,1J.TI8A.,"['CH1', 'CH2', 'CHZ']",2018-12-25T12:02:48.790000Z,5.92
654,20181225T120904Z,1J.TI8A.,"['CH1', 'CH2', 'CHZ']",2018-12-25T12:09:05.530000Z,7.36
655,20181225T120931Z,1J.TI8A.,"['CH1', 'CH2', 'CHZ']",2018-12-25T12:09:36.480000Z,4.57
656,20181225T121337Z,1J.TI8A.,"['CH1', 'CH2', 'CHZ']",2018-12-25T12:13:45.330000Z,6.73
657,20181225T121457Z,1J.TI8A.,"['CH1', 'CH2', 'CHZ']",2018-12-25T12:14:58.870000Z,8.08
658,20181225T121524Z,1J.TI8A.,"['CH1', 'CH2', 'CHZ']",2018-12-25T12:15:26.620000Z,6.47
659,20181225T122331Z,1J.TI8A.,"['CH1', 'CH2', 'CHZ']",2018-12-25T12:23:33.790000Z,7.31
660,20181225T122826Z,1J.TI8A.,"['CH1', 'CH2', 'CHZ']",2018-12-25T12:28:28.400000Z,7.26
661,20181225T124505Z,1J.TI8A.,"['CH1', 'CH2', 'CHZ']",2018-12-25T12:45:07.220000Z,3.46
662,20181225T124934Z,1J.TI8A.,"['CH1', 'CH2', 'CHZ']",2018-12-25T12:49:36.310000Z,8.73
663,20181225T125733Z,1J.TI8A.,"['CH1', 'CH2', 'CHZ']",2018-12-25T12:57:33.580000Z,6.89
664,20181225T125929Z,1J.TI8A.,"['CH1', 'CH2', 'CHZ']",2018-12-25T12:59:32.100000Z,6.85
665,20181225T130458Z,1J.TI8A.,"['CH1', 'CH2', 'CHZ']",2018-12-25T13:04:59.900000Z,5.79
666,20181225T130524Z,1J.TI8A.,"['CH1', 'CH2', 'CHZ']",2018-12-25T13:05:26.730000Z,6.86
667,20181225T130822Z,1J.TI8A.,"['CH1', 'CH2', 'CHZ']",2018-12-25T13:08:27.790000Z,11.96
668,20181225T131108Z,1J.TI8A.,"['CH1', 'CH2', 'CHZ']",2018-12-25T13:11:09.810000Z,7.14
669,20181225T131137Z,1J.TI8A.,"['CH1', 'CH2', 'CHZ']",2018-12-25T13:11:40.940000Z,4.1
670,20181225T131518Z,1J.TI8A.,"['CH1', 'CH2', 'CHZ']",2018-12-25T13:15:21.080000Z,7.24
671,20181225T132908Z,1J.TI8A.,"['CH1', 'CH2', 'CHZ']",2018-12-25T13:29:10.310000Z,4.2
672,20181225T133126Z,1J.TI8A.,"['CH1', 'CH2', 'CHZ']",2018-12-25T13:31:28.890000Z,6.86
673,20181225T134608Z,1J.TI8A.,"['CH1', 'CH2', 'CHZ']",2018-12-25T13:46:08.400000Z,6.42
674,20181225T135409Z,1J.TI8A.,"['CH1', 'CH2', 'CHZ']",2018-12-25T13:54:09.170000Z,11.03
675,20181225T140113Z,1J.TI8A.,"['CH1', 'CH2', 'CHZ']",2018-12-25T14:01:13.440000Z,5.93
676,20181225T141330Z,1J.TI8A.,"['CH1', 'CH2', 'CHZ']",2018-12-25T14:13:30.180000Z,7.23
677,20181225T141713Z,1J.TI8A.,"['CH1', 'CH2', 'CHZ']",2018-12-25T14:17:13.680000Z,3.99
678,20181225T142644Z,1J.TI8A.,"['CH1', 'CH2', 'CHZ']",2018-12-25T14:26:44.990000Z,6.23
679,20181225T143340Z,1J.TI8A.,"['CH1', 'CH2', 'CHZ']",2018-12-25T14:33:40.410000Z,6.87
680,20181225T143629Z,1J.TI8A.,"['CH1', 'CH2', 'CHZ']",2018-12-25T14:36:29.280000Z,5.16
681,20181225T144647Z,1J.TI8A.,"['CH1', 'CH2', 'CHZ']",2018-12-25T14:46:51.370000Z,8.22
682,20181225T145019Z,1J.TI8A.,"['CH1', 'CH2', 'CHZ']",2018-12-25T14:50:32.850000Z,1.93
683,20181225T150231Z,1J.TI8A.,"['CH1', 'CH2', 'CHZ']",2018-12-25T15:02:31.150000Z,6.34
684,20181225T150845Z,1J.TI8A.,"['CH1', 'CH2', 'CHZ']",2018-12-25T15:08:50.210000Z,9.51
685,20181225T151936Z,1J.TI8A.,"['CH1', 'CH2', 'CHZ']",2018-12-25T15:19:36.940000Z,5.12
686,20181225T152139Z,1J.TI8A.,"['CH1', 'CH2', 'CHZ']",2018-12-25T15:21:42.110000Z,6.1
687,20181225T152520Z,1J.TI8A.,"['CH1', 'CH2', 'CHZ']",2018-12-25T15:25:20.750000Z,7.78
688,20181225T154520Z,1J.TI8A.,"['CH1', 'CH2', 'CHZ']",2018-12-25T15:45:20.000000Z,6.78
689,20181225T155329Z,1J.TI8A.,"['CH1', 'CH2', 'CHZ']",2018-12-25T15:53:30.160000Z,8.32
690,20181225T155429Z,1J.TI8A.,"['CH1', 'CH2', 'CHZ']",2018-12-25T15:54:29.740000Z,7.24
691,20181225T160725Z,1J.TI8A.,"['CH1', 'CH2', 'CHZ']",2018-12-25T16:07:25.060000Z,7.09
692,20181225T160938Z,1J.TI8A.,"['CH1', 'CH2', 'CHZ']",2018-12-25T16:09:39.190000Z,8.15
693,20181225T161006Z,1J.TI8A.,"['CH1', 'CH2', 'CHZ']",2018-12-25T16:10:10.100000Z,5.19
694,20181225T161148Z,1J.TI8A.,"['CH1', 'CH2', 'CHZ']",2018-12-25T16:12:01.010000Z,4.5
695,20181225T161257Z,1J.TI8A.,"['CH1', 'CH2', 'CHZ']",2018-12-25T16:13:02.230000Z,4.02
696,20181225T161757Z,1J.TI8A.,"['CH1', 'CH2', 'CHZ']",2018-12-25T16:17:59.420000Z,3.7
697,20181225T161907Z,1J.TI8A.,"['CH1', 'CH2', 'CHZ']",2018-12-25T16:19:07.030000Z,8.84
698,20181225T162337Z,1J.TI8A.,"['CH1', 'CH2', 'CHZ']",2018-12-25T16:23:37.720000Z,8.55
699,20181225T162405Z,1J.TI8A.,"['CH1', 'CH2', 'CHZ']",2018-12-25T16:24:05.700000Z,7.76
700,20181225T163604Z,1J.TI8A.,"['CH1', 'CH2', 'CHZ']",2018-12-25T16:36:06.740000Z,7.07
701,20181225T164321Z,1J.TI8A.,"['CH1', 'CH2', 'CHZ']",2018-12-25T16:43:24.010000Z,1.13
702,20181225T164546Z,1J.TI8A.,"['CH1', 'CH2', 'CHZ']",2018-12-25T16:45:46.990000Z,11.18
703,20181225T164750Z,1J.TI8A.,"['CH1', 'CH2', 'CHZ']",2018-12-25T16:47:50.390000Z,6.04
704,20181225T164946Z,1J.TI8A.,"['CH1', 'CH2', 'CHZ']",2018-12-25T16:49:46.100000Z,5.32
705,20181225T165228Z,1J.TI8A.,"['CH1', 'CH2', 'CHZ']",2018-12-25T16:52:28.770000Z,7.18
706,20181225T165345Z,1J.TI8A.,"['CH1', 'CH2', 'CHZ']",2018-12-25T16:53:45.660000Z,5.4
707,20181225T165416Z,1J.TI8A.,"['CH1', 'CH2', 'CHZ']",2018-12-25T16:54:19.320000Z,2.58
708,20181225T170737Z,1J.TI8A.,"['CH1', 'CH2', 'CHZ']",2018-12-25T17:07:37.010000Z,5.17
709,20181225T170954Z,1J.TI8A.,"['CH1', 'CH2', 'CHZ']",2018-12-25T17:09:54.650000Z,9.44
710,20181225T171023Z,1J.TI8A.,"['CH1', 'CH2', 'CHZ']",2018-12-25T17:10:25.550000Z,5.3
711,20181225T172034Z,1J.TI8A.,"['CH1', 'CH2', 'CHZ']",2018-12-25T17:20:34.220000Z,8.89
712,20181225T173828Z,1J.TI8A.,"['CH1', 'CH2', 'CHZ']",2018-12-25T17:38:28.080000Z,1.27
713,20181225T174004Z,1J.TI8A.,"['CH1', 'CH2', 'CHZ']",2018-12-25T17:40:04.620000Z,7.47
714,20181225T174102Z,1J.TI8A.,"['CH1', 'CH2', 'CHZ']",2018-12-25T17:41:02.050000Z,9.27
715,20181225T174411Z,1J.TI8A.,"['CH1', 'CH2', 'CHZ']",2018-12-25T17:44:15.050000Z,1.84
716,20181225T174808Z,1J.TI8A.,"['CH1', 'CH2', 'CHZ']",2018-12-25T17:48:08.750000Z,5.64
717,20181225T175105Z,1J.TI8A.,"['CH1', 'CH2', 'CHZ']",2018-12-25T17:51:10.010000Z,7.09
718,20181225T175246Z,1J.TI8A.,"['CH1', 'CH2', 'CHZ']",2018-12-25T17:52:46.130000Z,7.08
719,20181225T175313Z,1J.TI8A.,"['CH1', 'CH2', 'CHZ']",2018-12-25T17:53:13.510000Z,7.35
720,20181225T175539Z,1J.TI8A.,"['CH1', 'CH2', 'CHZ']",2018-12-25T17:55:39.500000Z,6.43
721,20181225T180410Z,1J.TI8A.,"['CH1', 'CH2', 'CHZ']",2018-12-25T18:04:10.250000Z,7.01
722,20181225T180713Z,1J.TI8A.,"['CH1', 'CH2', 'CHZ']",2018-12-25T18:07:13.310000Z,9.84
723,20181225T180847Z,1J.TI8A.,"['CH1', 'CH2', 'CHZ']",2018-12-25T18:08:47.760000Z,9.32
724,20181225T181438Z,1J.TI8A.,"['CH1', 'CH2', 'CHZ']",2018-12-25T18:14:38.560000Z,6.54
725,20181225T181711Z,1J.TI8A.,"['CH1', 'CH2', 'CHZ']",2018-12-25T18:17:13.580000Z,7.6
726,20181225T182223Z,1J.TI8A.,"['CH1', 'CH2', 'CHZ']",2018-12-25T18:22:23.450000Z,0.95
727,20181225T183236Z,1J.TI8A.,"['CH1', 'CH2', 'CHZ']",2018-12-25T18:32:36.430000Z,4.77
728,20181225T183821Z,1J.TI8A.,"['CH1', 'CH2', 'CHZ']",2018-12-25T18:38:21.190000Z,5.87
729,20181225T184237Z,1J.TI8A.,"['CH1', 'CH2', 'CHZ']",2018-12-25T18:42:37.860000Z,8.34
730,20181225T184407Z,1J.TI8A.,"['CH1', 'CH2', 'CHZ']",2018-12-25T18:44:07.410000Z,6.24
731,20181225T184518Z,1J.TI8A.,"['CH1', 'CH2', 'CHZ']",2018-12-25T18:45:20.010000Z,3.65
732,20181225T184927Z,1J.TI8A.,"['CH1', 'CH2', 'CHZ']",2018-12-25T18:49:27.520000Z,8.24
733,20181225T190943Z,1J.TI8A.,"['CH1', 'CH2', 'CHZ']",2018-12-25T19:09:43.620000Z,12.08
734,20181225T191555Z,1J.TI8A.,"['CH1', 'CH2', 'CHZ']",2018-12-25T19:15:55.320000Z,7.53
735,20181225T191831Z,1J.TI8A.,"['CH1', 'CH2', 'CHZ']",2018-12-25T19:18:31.220000Z,7.37
736,20181225T191958Z,1J.TI8A.,"['CH1', 'CH2', 'CHZ']",2018-12-25T19:19:58.400000Z,5.77
737,20181225T192027Z,1J.TI8A.,"['CH1', 'CH2', 'CHZ']",2018-12-25T19:20:27.130000Z,4.52
738,20181225T192255Z,1J.TI8A.,"['CH1', 'CH2', 'CHZ']",2018-12-25T19:22:55.750000Z,5.3
739,20181225T192559Z,1J.TI8A.,"['CH1', 'CH2', 'CHZ']",2018-12-25T19:25:59.610000Z,11.5
740,20181225T192841Z,1J.TI8A.,"['CH1', 'CH2', 'CHZ']",2018-12-25T19:28:41.280000Z,7.35
741,20181225T193253Z,1J.TI8A.,"['CH1', 'CH2', 'CHZ']",2018-12-25T19:32:57.050000Z,2.07
742,20181225T193322Z,1J.TI8A.,"['CH1', 'CH2', 'CHZ']",2018-12-25T19:33:22.470000Z,2.55
743,20181225T193818Z,1J.TI8A.,"['CH1', 'CH2', 'CHZ']",2018-12-25T19:38:18.650000Z,16.22
744,20181225T194040Z,1J.TI8A.,"['CH1', 'CH2', 'CHZ']",2018-12-25T19:40:40.580000Z,1.67
745,20181225T194136Z,1J.TI8A.,"['CH1', 'CH2', 'CHZ']",2018-12-25T19:41:36.860000Z,6.08
746,20181225T194332Z,1J.TI8A.,"['CH1', 'CH2', 'CHZ']",2018-12-25T19:43:34.150000Z,6.38
747,20181225T194421Z,1J.TI8A.,"['CH1', 'CH2', 'CHZ']",2018-12-25T19:44:21.600000Z,5.61
748,20181225T194606Z,1J.TI8A.,"['CH1', 'CH2', 'CHZ']",2018-12-25T19:46:06.230000Z,5.66
749,20181225T194903Z,1J.TI8A.,"['CH1', 'CH2', 'CHZ']",2018-12-25T19:49:03.120000Z,13.64
750,20181225T195805Z,1J.TI8A.,"['CH1', 'CH2', 'CHZ']",2018-12-25T19:58:05.270000Z,8.16
751,20181225T195831Z,1J.TI8A.,"['CH1', 'CH2', 'CHZ']",2018-12-25T19:58:36.230000Z,7.14
752,20181225T200129Z,1J.TI8A.,"['CH1', 'CH2', 'CHZ']",2018-12-25T20:01:29.210000Z,8.27
753,20181225T201700Z,1J.TI8A.,"['CH1', 'CH2', 'CHZ']",2018-12-25T20:17:00.420000Z,7.67
754,20181225T202622Z,1J.TI8A.,"['CH1', 'CH2', 'CHZ']",2018-12-25T20:26:22.530000Z,6.45
755,20181225T204804Z,1J.TI8A.,"['CH1', 'CH2', 'CHZ']",2018-12-25T20:48:04.400000Z,8.68
756,20181225T210629Z,1J.TI8A.,"['CH1', 'CH2', 'CHZ']",2018-12-25T21:06:29.140000Z,8.64
757,20181225T212007Z,1J.TI8A.,"['CH1', 'CH2', 'CHZ']",2018-12-25T21:20:09.400000Z,6.34
758,20181225T214518Z,1J.TI8A.,"['CH1', 'CH2', 'CHZ']",2018-12-25T21:45:18.090000Z,7.48
759,20181225T214856Z,1J.TI8A.,"['CH1', 'CH2', 'CHZ']",2018-12-25T21:48:56.890000Z,8.66
760,20181225T221039Z,1J.TI8A.,"['CH1', 'CH2', 'CHZ']",2018-12-25T22:10:39.010000Z,5.65
761,20181225T221103Z,1J.TI8A.,"['CH1', 'CH2', 'CHZ']",2018-12-25T22:11:07.780000Z,5.56
762,20181225T221332Z,1J.TI8A.,"['CH1', 'CH2', 'CHZ']",2018-12-25T22:13:32.270000Z,7.07
763,20181225T222621Z,1J.TI8A.,"['CH1', 'CH2', 'CHZ']",2018-12-25T22:26:21.730000Z,4.33
764,20181225T223631Z,1J.TI8A.,"['CH1', 'CH2', 'CHZ']",2018-12-25T22:36:31.100000Z,5.35
765,20181225T224145Z,1J.TI8A.,"['CH1', 'CH2', 'CHZ']",2018-12-25T22:41:47.720000Z,5.55
766,20181225T225116Z,1J.TI8A.,"['CH1', 'CH2', 'CHZ']",2018-12-25T22:51:21.080000Z,4.6
767,20181225T225429Z,1J.TI8A.,"['CH1', 'CH2', 'CHZ']",2018-12-25T22:54:29.350000Z,5.03
768,20181225T225551Z,1J.TI8A.,"['CH1', 'CH2', 'CHZ']",2018-12-25T22:55:51.970000Z,6.97
769,20181225T225643Z,1J.TI8A.,"['CH1', 'CH2', 'CHZ']",2018-12-25T22:56:49.210000Z,4.22
770,20181225T230608Z,1J.TI8A.,"['CH1', 'CH2', 'CHZ']",2018-12-25T23:06:08.500000Z,5.69
771,20181225T230854Z,1J.TI8A.,"['CH1', 'CH2', 'CHZ']",2018-12-25T23:08:56.140000Z,6.36
772,20181225T230951Z,1J.TI8A.,"['CH1', 'CH2', 'CHZ']",2018-12-25T23:09:56.250000Z,3.93
773,20181225T231515Z,1J.TI8A.,"['CH1', 'CH2', 'CHZ']",2018-12-25T23:15:15.030000Z,13.06
774,20181225T232023Z,1J.TI8A.,"['CH1', 'CH2', 'CHZ']",2018-12-25T23:20:25.350000Z,8.45
775,20181225T232051Z,1J.TI8A.,"['CH1', 'CH2', 'CHZ']",2018-12-25T23:20:56.210000Z,4.25
776,20181225T232719Z,1J.TI8A.,"['CH1', 'CH2', 'CHZ']",2018-12-25T23:27:23.130000Z,9.01
777,20181225T232749Z,1J.TI8A.,"['CH1', 'CH2', 'CHZ']",2018-12-25T23:27:52.970000Z,5.34
778,20181225T232856Z,1J.TI8A.,"['CH1', 'CH2', 'CHZ']",2018-12-25T23:28:56.590000Z,6.43
779,20181225T233038Z,1J.TI8A.,"['CH1', 'CH2', 'CHZ']",2018-12-25T23:30:42.440000Z,6.36
780,20181225T233547Z,1J.TI8A.,"['CH1', 'CH2', 'CHZ']",2018-12-25T23:35:49.550000Z,7.23
781,20181225T234050Z,1J.TI8A.,"['CH1', 'CH2', 'CHZ']",2018-12-25T23:40:54.880000Z,3.93
782,20181225T234432Z,1J.TI8A.,"['CH1', 'CH2', 'CHZ']",2018-12-25T23:44:35.300000Z,2.47
783,20181225T235145Z,1J.TI8A.,"['CH1', 'CH2', 'CHZ']",2018-12-25T23:51:45.800000Z,5.55
784,20181225T235916Z,1J.TI8A.,"['CH1', 'CH2', 'CHZ']",2018-12-25T23:59:18.940000Z,13.96
785,20181225T004851Z,1J.TI6A.,"['CH1', 'CH2', 'CHZ']",2018-12-25T00:48:52.020000Z,7.0
786,20181225T005011Z,1J.TI6A.,"['CH1', 'CH2', 'CHZ']",2018-12-25T00:50:13.390000Z,6.5
787,20181225T005445Z,1J.TI6A.,"['CH1', 'CH2', 'CHZ']",2018-12-25T00:54:48.460000Z,2.21
788,20181225T005513Z,1J.TI6A.,"['CH1', 'CH2', 'CHZ']",2018-12-25T00:55:16.190000Z,4.49
789,20181225T013326Z,1J.TI6A.,"['CH1', 'CH2', 'CHZ']",2018-12-25T01:33:27.460000Z,6.27
790,20181225T023613Z,1J.TI6A.,"['CH1', 'CH2', 'CHZ']",2018-12-25T02:36:16.780000Z,4.99
791,20181225T030331Z,1J.TI6A.,"['CH1', 'CH2', 'CHZ']",2018-12-25T03:03:42.310000Z,7.05
792,20181225T030652Z,1J.TI6A.,"['CH1', 'CH2', 'CHZ']",2018-12-25T03:06:57.470000Z,3.5
793,20181225T032950Z,1J.TI6A.,"['CH1', 'CH2', 'CHZ']",2018-12-25T03:29:55.110000Z,2.88
794,20181225T041010Z,1J.TI6A.,"['CH1', 'CH2', 'CHZ']",2018-12-25T04:10:14.450000Z,11.87
795,20181225T041224Z,1J.TI6A.,"['CH1', 'CH2', 'CHZ']",2018-12-25T04:12:27.550000Z,3.74
796,20181225T041252Z,1J.TI6A.,"['CH1', 'CH2', 'CHZ']",2018-12-25T04:12:56.050000Z,3.66
797,20181225T041825Z,1J.TI6A.,"['CH1', 'CH2', 'CHZ']",2018-12-25T04:18:41.010000Z,6.18
798,20181225T042225Z,1J.TI6A.,"['CH1', 'CH2', 'CHZ']",2018-12-25T04:22:28.960000Z,3.64
799,20181225T042352Z,1J.TI6A.,"['CH1', 'CH2', 'CHZ']",2018-12-25T04:23:52.840000Z,9.65
800,20181225T042656Z,1J.TI6A.,"['CH1', 'CH2', 'CHZ']",2018-12-25T04:27:01.610000Z,1.86
801,20181225T043406Z,1J.TI6A.,"['CH1', 'CH2', 'CHZ']",2018-12-25T04:34:08.080000Z,3.12
802,20181225T043821Z,1J.TI6A.,"['CH1', 'CH2', 'CHZ']",2018-12-25T04:38:21.470000Z,13.95
803,20181225T045522Z,1J.TI6A.,"['CH1', 'CH2', 'CHZ']",2018-12-25T04:55:33.090000Z,6.43
804,20181225T045559Z,1J.TI6A.,"['CH1', 'CH2', 'CHZ']",2018-12-25T04:56:00.970000Z,6.45
805,20181225T050123Z,1J.TI6A.,"['CH1', 'CH2', 'CHZ']",2018-12-25T05:01:30.070000Z,2.87
806,20181225T050148Z,1J.TI6A.,"['CH1', 'CH2', 'CHZ']",2018-12-25T05:01:52.630000Z,3.15
807,20181225T050347Z,1J.TI6A.,"['CH1', 'CH2', 'CHZ']",2018-12-25T05:03:50.930000Z,1.92
808,20181225T050703Z,1J.TI6A.,"['CH1', 'CH2', 'CHZ']",2018-12-25T05:07:03.060000Z,6.31
809,20181225T050735Z,1J.TI6A.,"['CH1', 'CH2', 'CHZ']",2018-12-25T05:07:35.050000Z,21.96
810,20181225T051650Z,1J.TI6A.,"['CH1', 'CH2', 'CHZ']",2018-12-25T05:16:50.470000Z,1.32
811,20181225T052119Z,1J.TI6A.,"['CH1', 'CH2', 'CHZ']",2018-12-25T05:21:19.040000Z,11.3
812,20181225T052203Z,1J.TI6A.,"['CH1', 'CH2', 'CHZ']",2018-12-25T05:22:03.310000Z,9.77
813,20181225T053329Z,1J.TI6A.,"['CH1', 'CH2', 'CHZ']",2018-12-25T05:33:30.680000Z,7.88
814,20181225T053633Z,1J.TI6A.,"['CH1', 'CH2', 'CHZ']",2018-12-25T05:36:36.720000Z,4.17
815,20181225T053934Z,1J.TI6A.,"['CH1', 'CH2', 'CHZ']",2018-12-25T05:39:37.090000Z,1.59
816,20181225T054000Z,1J.TI6A.,"['CH1', 'CH2', 'CHZ']",2018-12-25T05:40:04.280000Z,6.03
817,20181225T055237Z,1J.TI6A.,"['CH1', 'CH2', 'CHZ']",2018-12-25T05:52:38.850000Z,8.34
818,20181225T055306Z,1J.TI6A.,"['CH1', 'CH2', 'CHZ']",2018-12-25T05:53:08.730000Z,5.66
819,20181225T055707Z,1J.TI6A.,"['CH1', 'CH2', 'CHZ']",2018-12-25T05:57:10.320000Z,4.2
820,20181225T060105Z,1J.TI6A.,"['CH1', 'CH2', 'CHZ']",2018-12-25T06:01:05.060000Z,9.4
821,20181225T060621Z,1J.TI6A.,"['CH1', 'CH2', 'CHZ']",2018-12-25T06:06:26.370000Z,6.23
822,20181225T062602Z,1J.TI6A.,"['CH1', 'CH2', 'CHZ']",2018-12-25T06:26:03.450000Z,7.68
823,20181225T063714Z,1J.TI6A.,"['CH1', 'CH2', 'CHZ']",2018-12-25T06:37:14.570000Z,15.0
824,20181225T064226Z,1J.TI6A.,"['CH1', 'CH2', 'CHZ']",2018-12-25T06:42:26.010000Z,6.05
825,20181225T064636Z,1J.TI6A.,"['CH1', 'CH2', 'CHZ']",2018-12-25T06:46:36.240000Z,15.45
826,20181225T064933Z,1J.TI6A.,"['CH1', 'CH2', 'CHZ']",2018-12-25T06:49:33.110000Z,8.96
827,20181225T065500Z,1J.TI6A.,"['CH1', 'CH2', 'CHZ']",2018-12-25T06:55:00.700000Z,6.8
828,20181225T070111Z,1J.TI6A.,"['CH1', 'CH2', 'CHZ']",2018-12-25T07:01:13.120000Z,4.35
829,20181225T070343Z,1J.TI6A.,"['CH1', 'CH2', 'CHZ']",2018-12-25T07:03:46.780000Z,3.61
830,20181225T070356Z,1J.TI6A.,"['CH1', 'CH2', 'CHZ']",2018-12-25T07:04:02.100000Z,3.24
831,20181225T070608Z,1J.TI6A.,"['CH1', 'CH2', 'CHZ']",2018-12-25T07:06:12.400000Z,8.41
832,20181225T070822Z,1J.TI6A.,"['CH1', 'CH2', 'CHZ']",2018-12-25T07:08:22.180000Z,7.58
833,20181225T071251Z,1J.TI6A.,"['CH1', 'CH2', 'CHZ']",2018-12-25T07:12:57.540000Z,1.48
834,20181225T071322Z,1J.TI6A.,"['CH1', 'CH2', 'CHZ']",2018-12-25T07:13:33.230000Z,3.38
835,20181225T072110Z,1J.TI6A.,"['CH1', 'CH2', 'CHZ']",2018-12-25T07:21:10.380000Z,11.25
836,20181225T072557Z,1J.TI6A.,"['CH1', 'CH2', 'CHZ']",2018-12-25T07:25:58.570000Z,5.54
837,20181225T072915Z,1J.TI6A.,"['CH1', 'CH2', 'CHZ']",2018-12-25T07:29:15.090000Z,7.32
838,20181225T073856Z,1J.TI6A.,"['CH1', 'CH2', 'CHZ']",2018-12-25T07:38:56.230000Z,5.96
839,20181225T073943Z,1J.TI6A.,"['CH1', 'CH2', 'CHZ']",2018-12-25T07:39:43.670000Z,6.71
840,20181225T074050Z,1J.TI6A.,"['CH1', 'CH2', 'CHZ']",2018-12-25T07:40:51.590000Z,5.37
841,20181225T074345Z,1J.TI6A.,"['CH1', 'CH2', 'CHZ']",2018-12-25T07:43:45.050000Z,13.44
842,20181225T074553Z,1J.TI6A.,"['CH1', 'CH2', 'CHZ']",2018-12-25T07:45:53.350000Z,3.5
843,20181225T074729Z,1J.TI6A.,"['CH1', 'CH2', 'CHZ']",2018-12-25T07:47:29.310000Z,5.54
844,20181225T075031Z,1J.TI6A.,"['CH1', 'CH2', 'CHZ']",2018-12-25T07:50:32.610000Z,5.51
845,20181225T075303Z,1J.TI6A.,"['CH1', 'CH2', 'CHZ']",2018-12-25T07:53:04.630000Z,5.25
846,20181225T075413Z,1J.TI6A.,"['CH1', 'CH2', 'CHZ']",2018-12-25T07:54:13.350000Z,9.28
847,20181225T075959Z,1J.TI6A.,"['CH1', 'CH2', 'CHZ']",2018-12-25T07:59:59.000000Z,9.05
848,20181225T080957Z,1J.TI6A.,"['CH1', 'CH2', 'CHZ']",2018-12-25T08:09:59.200000Z,6.89
849,20181225T081025Z,1J.TI6A.,"['CH1', 'CH2', 'CHZ']",2018-12-25T08:10:28.160000Z,6.04
850,20181225T081237Z,1J.TI6A.,"['CH1', 'CH2', 'CHZ']",2018-12-25T08:12:39.010000Z,7.39
851,20181225T081330Z,1J.TI6A.,"['CH1', 'CH2', 'CHZ']",2018-12-25T08:13:30.440000Z,6.11
852,20181225T081642Z,1J.TI6A.,"['CH1', 'CH2', 'CHZ']",2018-12-25T08:16:43.860000Z,5.5
853,20181225T081904Z,1J.TI6A.,"['CH1', 'CH2', 'CHZ']",2018-12-25T08:19:07.100000Z,4.2
854,20181225T082108Z,1J.TI6A.,"['CH1', 'CH2', 'CHZ']",2018-12-25T08:21:08.200000Z,5.82
855,20181225T082633Z,1J.TI6A.,"['CH1', 'CH2', 'CHZ']",2018-12-25T08:26:33.810000Z,5.9
856,20181225T083052Z,1J.TI6A.,"['CH1', 'CH2', 'CHZ']",2018-12-25T08:30:54.600000Z,5.17
857,20181225T083431Z,1J.TI6A.,"['CH1', 'CH2', 'CHZ']",2018-12-25T08:34:32.740000Z,5.22
858,20181225T083731Z,1J.TI6A.,"['CH1', 'CH2', 'CHZ']",2018-12-25T08:37:31.260000Z,9.4
859,20181225T084051Z,1J.TI6A.,"['CH1', 'CH2', 'CHZ']",2018-12-25T08:40:51.930000Z,4.74
860,20181225T084252Z,1J.TI6A.,"['CH1', 'CH2', 'CHZ']",2018-12-25T08:42:52.140000Z,7.43
861,20181225T084654Z,1J.TI6A.,"['CH1', 'CH2', 'CHZ']",2018-12-25T08:46:55.990000Z,5.16
862,20181225T084827Z,1J.TI6A.,"['CH1', 'CH2', 'CHZ']",2018-12-25T08:48:28.490000Z,11.98
863,20181225T085052Z,1J.TI6A.,"['CH1', 'CH2', 'CHZ']",2018-12-25T08:50:52.400000Z,5.08
864,20181225T085327Z,1J.TI6A.,"['CH1', 'CH2', 'CHZ']",2018-12-25T08:53:29.520000Z,8.2
865,20181225T085619Z,1J.TI6A.,"['CH1', 'CH2', 'CHZ']",2018-12-25T08:56:19.190000Z,2.74
866,20181225T085813Z,1J.TI6A.,"['CH1', 'CH2', 'CHZ']",2018-12-25T08:58:21.050000Z,1.99
867,20181225T090529Z,1J.TI6A.,"['CH1', 'CH2', 'CHZ']",2018-12-25T09:05:29.610000Z,9.5
868,20181225T091400Z,1J.TI6A.,"['CH1', 'CH2', 'CHZ']",2018-12-25T09:14:00.480000Z,7.38
869,20181225T092147Z,1J.TI6A.,"['CH1', 'CH2', 'CHZ']",2018-12-25T09:21:47.060000Z,8.68
870,20181225T092524Z,1J.TI6A.,"['CH1', 'CH2', 'CHZ']",2018-12-25T09:25:25.600000Z,5.65
871,20181225T092801Z,1J.TI6A.,"['CH1', 'CH2', 'CHZ']",2018-12-25T09:28:03.120000Z,5.2
872,20181225T093232Z,1J.TI6A.,"['CH1', 'CH2', 'CHZ']",2018-12-25T09:32:35.450000Z,9.36
873,20181225T093823Z,1J.TI6A.,"['CH1', 'CH2', 'CHZ']",2018-12-25T09:38:24.610000Z,11.73
874,20181225T093841Z,1J.TI6A.,"['CH1', 'CH2', 'CHZ']",2018-12-25T09:38:41.930000Z,2.4
875,20181225T094646Z,1J.TI6A.,"['CH1', 'CH2', 'CHZ']",2018-12-25T09:46:46.400000Z,8.0
876,20181225T095130Z,1J.TI6A.,"['CH1', 'CH2', 'CHZ']",2018-12-25T09:51:30.560000Z,6.9
877,20181225T100031Z,1J.TI6A.,"['CH1', 'CH2', 'CHZ']",2018-12-25T10:00:31.390000Z,6.39
878,20181225T100225Z,1J.TI6A.,"['CH1', 'CH2', 'CHZ']",2018-12-25T10:02:26.100000Z,9.24
879,20181225T100253Z,1J.TI6A.,"['CH1', 'CH2', 'CHZ']",2018-12-25T10:02:55.970000Z,6.26
880,20181225T100826Z,1J.TI6A.,"['CH1', 'CH2', 'CHZ']",2018-12-25T10:08:27.850000Z,8.35
881,20181225T100854Z,1J.TI6A.,"['CH1', 'CH2', 'CHZ']",2018-12-25T10:08:56.210000Z,6.09
882,20181225T101022Z,1J.TI6A.,"['CH1', 'CH2', 'CHZ']",2018-12-25T10:10:22.660000Z,8.25
883,20181225T101453Z,1J.TI6A.,"['CH1', 'CH2', 'CHZ']",2018-12-25T10:14:53.220000Z,6.34
884,20181225T102226Z,1J.TI6A.,"['CH1', 'CH2', 'CHZ']",2018-12-25T10:22:26.890000Z,7.57
885,20181225T102904Z,1J.TI6A.,"['CH1', 'CH2', 'CHZ']",2018-12-25T10:29:12.550000Z,5.48
886,20181225T103448Z,1J.TI6A.,"['CH1', 'CH2', 'CHZ']",2018-12-25T10:34:51.730000Z,2.05
887,20181225T103609Z,1J.TI6A.,"['CH1', 'CH2', 'CHZ']",2018-12-25T10:36:09.430000Z,9.3
888,20181225T104237Z,1J.TI6A.,"['CH1', 'CH2', 'CHZ']",2018-12-25T10:42:37.280000Z,7.15
889,20181225T104353Z,1J.TI6A.,"['CH1', 'CH2', 'CHZ']",2018-12-25T10:43:54.030000Z,4.95
890,20181225T105139Z,1J.TI6A.,"['CH1', 'CH2', 'CHZ']",2018-12-25T10:51:40.090000Z,8.32
891,20181225T105354Z,1J.TI6A.,"['CH1', 'CH2', 'CHZ']",2018-12-25T10:53:58.480000Z,5.47
892,20181225T105515Z,1J.TI6A.,"['CH1', 'CH2', 'CHZ']",2018-12-25T10:55:15.280000Z,5.36
893,20181225T105741Z,1J.TI6A.,"['CH1', 'CH2', 'CHZ']",2018-12-25T10:57:43.440000Z,5.54
894,20181225T110530Z,1J.TI6A.,"['CH1', 'CH2', 'CHZ']",2018-12-25T11:05:32.070000Z,5.45
895,20181225T112018Z,1J.TI6A.,"['CH1', 'CH2', 'CHZ']",2018-12-25T11:20:23.620000Z,8.51
896,20181225T112135Z,1J.TI6A.,"['CH1', 'CH2', 'CHZ']",2018-12-25T11:21:35.830000Z,8.79
897,20181225T112501Z,1J.TI6A.,"['CH1', 'CH2', 'CHZ']",2018-12-25T11:25:02.890000Z,6.07
898,20181225T113259Z,1J.TI6A.,"['CH1', 'CH2', 'CHZ']",2018-12-25T11:33:00.740000Z,13.6
899,20181225T113652Z,1J.TI6A.,"['CH1', 'CH2', 'CHZ']",2018-12-25T11:36:53.500000Z,5.37
900,20181225T113918Z,1J.TI6A.,"['CH1', 'CH2', 'CHZ']",2018-12-25T11:39:38.060000Z,4.2
901,20181225T114554Z,1J.TI6A.,"['CH1', 'CH2', 'CHZ']",2018-12-25T11:45:54.660000Z,9.04
902,20181225T115020Z,1J.TI6A.,"['CH1', 'CH2', 'CHZ']",2018-12-25T11:50:21.880000Z,4.28
903,20181225T115434Z,1J.TI6A.,"['CH1', 'CH2', 'CHZ']",2018-12-25T11:54:35.800000Z,6.46
904,20181225T115502Z,1J.TI6A.,"['CH1', 'CH2', 'CHZ']",2018-12-25T11:55:04.620000Z,4.79
905,20181225T115543Z,1J.TI6A.,"['CH1', 'CH2', 'CHZ']",2018-12-25T11:55:46.340000Z,2.91
906,20181225T120037Z,1J.TI6A.,"['CH1', 'CH2', 'CHZ']",2018-12-25T12:00:41.800000Z,5.83
907,20181225T120218Z,1J.TI6A.,"['CH1', 'CH2', 'CHZ']",2018-12-25T12:02:18.480000Z,5.71
908,20181225T120245Z,1J.TI6A.,"['CH1', 'CH2', 'CHZ']",2018-12-25T12:02:46.180000Z,7.47
909,20181225T120904Z,1J.TI6A.,"['CH1', 'CH2', 'CHZ']",2018-12-25T12:09:04.070000Z,8.15
910,20181225T120931Z,1J.TI6A.,"['CH1', 'CH2', 'CHZ']",2018-12-25T12:09:32.450000Z,6.54
911,20181225T121337Z,1J.TI6A.,"['CH1', 'CH2', 'CHZ']",2018-12-25T12:13:43.070000Z,6.63
912,20181225T121457Z,1J.TI6A.,"['CH1', 'CH2', 'CHZ']",2018-12-25T12:14:57.290000Z,7.61
913,20181225T121524Z,1J.TI6A.,"['CH1', 'CH2', 'CHZ']",2018-12-25T12:15:25.780000Z,7.28
914,20181225T121724Z,1J.TI6A.,"['CH1', 'CH2', 'CHZ']",2018-12-25T12:17:25.670000Z,5.11
915,20181225T122331Z,1J.TI6A.,"['CH1', 'CH2', 'CHZ']",2018-12-25T12:23:31.630000Z,8.05
916,20181225T122826Z,1J.TI6A.,"['CH1', 'CH2', 'CHZ']",2018-12-25T12:28:26.780000Z,8.72
917,20181225T123854Z,1J.TI6A.,"['CH1', 'CH2', 'CHZ']",2018-12-25T12:38:54.710000Z,3.39
918,20181225T124505Z,1J.TI6A.,"['CH1', 'CH2', 'CHZ']",2018-12-25T12:45:05.260000Z,4.48
919,20181225T124934Z,1J.TI6A.,"['CH1', 'CH2', 'CHZ']",2018-12-25T12:49:34.670000Z,8.44
920,20181225T125929Z,1J.TI6A.,"['CH1', 'CH2', 'CHZ']",2018-12-25T12:59:29.930000Z,7.63
921,20181225T130244Z,1J.TI6A.,"['CH1', 'CH2', 'CHZ']",2018-12-25T13:02:44.160000Z,5.4
922,20181225T130458Z,1J.TI6A.,"['CH1', 'CH2', 'CHZ']",2018-12-25T13:04:58.440000Z,4.63
923,20181225T130524Z,1J.TI6A.,"['CH1', 'CH2', 'CHZ']",2018-12-25T13:05:24.400000Z,7.06
924,20181225T130822Z,1J.TI6A.,"['CH1', 'CH2', 'CHZ']",2018-12-25T13:08:28.450000Z,13.18
925,20181225T131108Z,1J.TI6A.,"['CH1', 'CH2', 'CHZ']",2018-12-25T13:11:08.400000Z,7.62
926,20181225T131137Z,1J.TI6A.,"['CH1', 'CH2', 'CHZ']",2018-12-25T13:11:37.650000Z,5.17
927,20181225T131518Z,1J.TI6A.,"['CH1', 'CH2', 'CHZ']",2018-12-25T13:15:18.740000Z,9.29
928,20181225T132514Z,1J.TI6A.,"['CH1', 'CH2', 'CHZ']",2018-12-25T13:25:14.150000Z,6.01
929,20181225T132908Z,1J.TI6A.,"['CH1', 'CH2', 'CHZ']",2018-12-25T13:29:08.190000Z,5.56
930,20181225T133126Z,1J.TI6A.,"['CH1', 'CH2', 'CHZ']",2018-12-25T13:31:26.600000Z,6.7
931,20181225T134236Z,1J.TI6A.,"['CH1', 'CH2', 'CHZ']",2018-12-25T13:42:36.410000Z,8.79
932,20181225T134254Z,1J.TI6A.,"['CH1', 'CH2', 'CHZ']",2018-12-25T13:42:57.740000Z,2.22
933,20181225T134608Z,1J.TI6A.,"['CH1', 'CH2', 'CHZ']",2018-12-25T13:46:08.880000Z,3.74
934,20181225T141330Z,1J.TI6A.,"['CH1', 'CH2', 'CHZ']",2018-12-25T14:13:30.150000Z,5.55
935,20181225T152520Z,1J.TI6A.,"['CH1', 'CH2', 'CHZ']",2018-12-25T15:25:24.330000Z,5.77
936,20181225T155329Z,1J.TI6A.,"['CH1', 'CH2', 'CHZ']",2018-12-25T15:53:29.420000Z,9.18
937,20181225T161006Z,1J.TI6A.,"['CH1', 'CH2', 'CHZ']",2018-12-25T16:10:06.940000Z,5.78
938,20181225T161226Z,1J.TI6A.,"['CH1', 'CH2', 'CHZ']",2018-12-25T16:12:26.300000Z,8.2
939,20181225T161257Z,1J.TI6A.,"['CH1', 'CH2', 'CHZ']",2018-12-25T16:12:58.970000Z,5.82
940,20181225T161907Z,1J.TI6A.,"['CH1', 'CH2', 'CHZ']",2018-12-25T16:19:07.920000Z,5.32
941,20181225T162405Z,1J.TI6A.,"['CH1', 'CH2', 'CHZ']",2018-12-25T16:24:05.450000Z,5.31
942,20181225T171023Z,1J.TI6A.,"['CH1', 'CH2', 'CHZ']",2018-12-25T17:10:23.390000Z,5.6
943,20181225T175313Z,1J.TI6A.,"['CH1', 'CH2', 'CHZ']",2018-12-25T17:53:14.630000Z,2.5
944,20181225T184237Z,1J.TI6A.,"['CH1', 'CH2', 'CHZ']",2018-12-25T18:42:40.900000Z,2.51
945,20181225T191831Z,1J.TI6A.,"['CH1', 'CH2', 'CHZ']",2018-12-25T19:18:32.040000Z,4.36
946,20181225T192027Z,1J.TI6A.,"['CH1', 'CH2', 'CHZ']",2018-12-25T19:20:27.150000Z,2.3
947,20181225T195831Z,1J.TI6A.,"['CH1', 'CH2', 'CHZ']",2018-12-25T19:58:34.120000Z,3.3
948,20181225T200129Z,1J.TI6A.,"['CH1', 'CH2', 'CHZ']",2018-12-25T20:01:30.720000Z,3.7
949,20181225T210629Z,1J.TI6A.,"['CH1', 'CH2', 'CHZ']",2018-12-25T21:06:36.860000Z,5.11
950,20181225T220101Z,1J.TI6A.,"['CH1', 'CH2', 'CHZ']",2018-12-25T22:01:04.360000Z,2.58
951,20181225T221103Z,1J.TI6A.,"['CH1', 'CH2', 'CHZ']",2018-12-25T22:11:05.860000Z,3.22
952,20181225T224145Z,1J.TI6A.,"['CH1', 'CH2', 'CHZ']",2018-12-25T22:41:48.980000Z,2.17
953,20181225T232051Z,1J.TI6A.,"['CH1', 'CH2', 'CHZ']",2018-12-25T23:20:54.820000Z,3.62
954,20181225T232719Z,1J.TI6A.,"['CH1', 'CH2', 'CHZ']",2018-12-25T23:27:23.580000Z,6.05
955,20181225T232749Z,1J.TI6A.,"['CH1', 'CH2', 'CHZ']",2018-12-25T23:27:50.860000Z,5.7
956,20181224T235955Z,1J.TI1A.,"['CH1', 'CH2', 'CHZ']",2018-12-24T23:59:55.470000Z,5.31
957,20181225T000826Z,1J.TI1A.,"['CH1', 'CH2', 'CHZ']",2018-12-25T00:08:26.670000Z,5.36
958,20181225T001311Z,1J.TI1A.,"['CH1', 'CH2', 'CHZ']",2018-12-25T00:13:12.330000Z,4.9
959,20181225T001431Z,1J.TI1A.,"['CH1', 'CH2', 'CHZ']",2018-12-25T00:14:31.240000Z,4.59
960,20181225T001609Z,1J.TI1A.,"['CH1', 'CH2', 'CHZ']",2018-12-25T00:16:12.530000Z,4.15
961,20181225T002326Z,1J.TI1A.,"['CH1', 'CH2', 'CHZ']",2018-12-25T00:23:27.990000Z,1.97
962,20181225T002604Z,1J.TI1A.,"['CH1', 'CH2', 'CHZ']",2018-12-25T00:26:04.940000Z,8.23
963,20181225T003014Z,1J.TI1A.,"['CH1', 'CH2', 'CHZ']",2018-12-25T00:30:14.990000Z,4.8
964,20181225T003328Z,1J.TI1A.,"['CH1', 'CH2', 'CHZ']",2018-12-25T00:33:42.470000Z,9.6
965,20181225T003605Z,1J.TI1A.,"['CH1', 'CH2', 'CHZ']",2018-12-25T00:36:05.580000Z,2.13
966,20181225T003925Z,1J.TI1A.,"['CH1', 'CH2', 'CHZ']",2018-12-25T00:39:36.270000Z,2.27
967,20181225T004851Z,1J.TI1A.,"['CH1', 'CH2', 'CHZ']",2018-12-25T00:48:55.260000Z,8.13
968,20181225T020908Z,1J.TI1A.,"['CH1', 'CH2', 'CHZ']",2018-12-25T02:09:08.050000Z,10.56
969,20181225T024745Z,1J.TI1A.,"['CH1', 'CH2', 'CHZ']",2018-12-25T02:47:46.020000Z,23.89
970,20181225T024841Z,1J.TI1A.,"['CH1', 'CH2', 'CHZ']",2018-12-25T02:48:41.680000Z,5.0
971,20181225T024914Z,1J.TI1A.,"['CH1', 'CH2', 'CHZ']",2018-12-25T02:49:20.730000Z,5.08
972,20181225T025043Z,1J.TI1A.,"['CH1', 'CH2', 'CHZ']",2018-12-25T02:50:43.960000Z,4.21
973,20181225T030543Z,1J.TI1A.,"['CH1', 'CH2', 'CHZ']",2018-12-25T03:05:48.200000Z,4.11
974,20181225T032928Z,1J.TI1A.,"['CH1', 'CH2', 'CHZ']",2018-12-25T03:29:28.590000Z,3.08
975,20181225T032950Z,1J.TI1A.,"['CH1', 'CH2', 'CHZ']",2018-12-25T03:29:56.200000Z,6.63
976,20181225T033040Z,1J.TI1A.,"['CH1', 'CH2', 'CHZ']",2018-12-25T03:30:40.610000Z,3.17
977,20181225T035204Z,1J.TI1A.,"['CH1', 'CH2', 'CHZ']",2018-12-25T03:52:04.260000Z,6.24
978,20181225T041205Z,1J.TI1A.,"['CH1', 'CH2', 'CHZ']",2018-12-25T04:12:05.220000Z,8.01
979,20181225T042158Z,1J.TI1A.,"['CH1', 'CH2', 'CHZ']",2018-12-25T04:22:05.450000Z,6.48
980,20181225T042612Z,1J.TI1A.,"['CH1', 'CH2', 'CHZ']",2018-12-25T04:26:12.910000Z,4.33
981,20181225T042934Z,1J.TI1A.,"['CH1', 'CH2', 'CHZ']",2018-12-25T04:29:37.720000Z,1.9
982,20181225T043144Z,1J.TI1A.,"['CH1', 'CH2', 'CHZ']",2018-12-25T04:31:44.670000Z,6.01
983,20181225T043926Z,1J.TI1A.,"['CH1', 'CH2', 'CHZ']",2018-12-25T04:39:26.210000Z,11.29
984,20181225T043946Z,1J.TI1A.,"['CH1', 'CH2', 'CHZ']",2018-12-25T04:39:46.760000Z,5.18
985,20181225T045326Z,1J.TI1A.,"['CH1', 'CH2', 'CHZ']",2018-12-25T04:53:26.470000Z,5.44
986,20181225T045522Z,1J.TI1A.,"['CH1', 'CH2', 'CHZ']",2018-12-25T04:55:32.470000Z,11.11
987,20181225T045559Z,1J.TI1A.,"['CH1', 'CH2', 'CHZ']",2018-12-25T04:56:06.900000Z,4.76
988,20181225T050148Z,1J.TI1A.,"['CH1', 'CH2', 'CHZ']",2018-12-25T05:01:48.990000Z,4.31
989,20181225T050735Z,1J.TI1A.,"['CH1', 'CH2', 'CHZ']",2018-12-25T05:07:53.400000Z,8.51
990,20181225T051525Z,1J.TI1A.,"['CH1', 'CH2', 'CHZ']",2018-12-25T05:15:25.980000Z,5.6
991,20181225T052531Z,1J.TI1A.,"['CH1', 'CH2', 'CHZ']",2018-12-25T05:25:31.450000Z,5.27
992,20181225T052622Z,1J.TI1A.,"['CH1', 'CH2', 'CHZ']",2018-12-25T05:26:22.190000Z,6.25
993,20181225T052916Z,1J.TI1A.,"['CH1', 'CH2', 'CHZ']",2018-12-25T05:29:17.000000Z,3.62
994,20181225T053157Z,1J.TI1A.,"['CH1', 'CH2', 'CHZ']",2018-12-25T05:31:57.330000Z,8.78
995,20181225T053301Z,1J.TI1A.,"['CH1', 'CH2', 'CHZ']",2018-12-25T05:33:01.980000Z,5.15
996,20181225T053633Z,1J.TI1A.,"['CH1', 'CH2', 'CHZ']",2018-12-25T05:36:42.260000Z,3.29
997,20181225T053728Z,1J.TI1A.,"['CH1', 'CH2', 'CHZ']",2018-12-25T05:37:33.460000Z,1.04
998,20181225T053934Z,1J.TI1A.,"['CH1', 'CH2', 'CHZ']",2018-12-25T05:39:37.510000Z,7.24
999,20181225T054000Z,1J.TI1A.,"['CH1', 'CH2', 'CHZ']",2018-12-25T05:40:08.830000Z,5.96
1000,20181225T054713Z,1J.TI1A.,"['CH1', 'CH2', 'CHZ']",2018-12-25T05:47:13.080000Z,10.13
1001,20181225T054913Z,1J.TI1A.,"['CH1', 'CH2', 'CHZ']",2018-12-25T05:49:13.590000Z,10.26
1002,20181225T055237Z,1J.TI1A.,"['CH1', 'CH2', 'CHZ']",2018-12-25T05:52:41.030000Z,7.88
1003,20181225T055306Z,1J.TI1A.,"['CH1', 'CH2', 'CHZ']",2018-12-25T05:53:13.490000Z,5.13
1004,20181225T055432Z,1J.TI1A.,"['CH1', 'CH2', 'CHZ']",2018-12-25T05:54:33.550000Z,2.42
1005,20181225T055553Z,1J.TI1A.,"['CH1', 'CH2', 'CHZ']",2018-12-25T05:55:54.330000Z,5.02
1006,20181225T055854Z,1J.TI1A.,"['CH1', 'CH2', 'CHZ']",2018-12-25T05:58:54.620000Z,14.65
1007,20181225T055956Z,1J.TI1A.,"['CH1', 'CH2', 'CHZ']",2018-12-25T05:59:56.100000Z,10.31
1008,20181225T060105Z,1J.TI1A.,"['CH1', 'CH2', 'CHZ']",2018-12-25T06:01:11.110000Z,8.94
1009,20181225T060519Z,1J.TI1A.,"['CH1', 'CH2', 'CHZ']",2018-12-25T06:05:19.290000Z,9.66
1010,20181225T061503Z,1J.TI1A.,"['CH1', 'CH2', 'CHZ']",2018-12-25T06:15:15.440000Z,4.95
1011,20181225T061907Z,1J.TI1A.,"['CH1', 'CH2', 'CHZ']",2018-12-25T06:19:07.060000Z,9.77
1012,20181225T062146Z,1J.TI1A.,"['CH1', 'CH2', 'CHZ']",2018-12-25T06:21:46.260000Z,6.27
1013,20181225T062551Z,1J.TI1A.,"['CH1', 'CH2', 'CHZ']",2018-12-25T06:25:52.190000Z,4.63
1014,20181225T063101Z,1J.TI1A.,"['CH1', 'CH2', 'CHZ']",2018-12-25T06:31:01.940000Z,15.82
1015,20181225T063932Z,1J.TI1A.,"['CH1', 'CH2', 'CHZ']",2018-12-25T06:39:32.010000Z,9.52
1016,20181225T064136Z,1J.TI1A.,"['CH1', 'CH2', 'CHZ']",2018-12-25T06:41:36.000000Z,5.89
1017,20181225T065541Z,1J.TI1A.,"['CH1', 'CH2', 'CHZ']",2018-12-25T06:55:48.440000Z,3.24
1018,20181225T071322Z,1J.TI1A.,"['CH1', 'CH2', 'CHZ']",2018-12-25T07:13:23.940000Z,4.83
1019,20181225T072110Z,1J.TI1A.,"['CH1', 'CH2', 'CHZ']",2018-12-25T07:21:23.260000Z,1.23
1020,20181225T072507Z,1J.TI1A.,"['CH1', 'CH2', 'CHZ']",2018-12-25T07:25:07.280000Z,6.02
1021,20181225T072927Z,1J.TI1A.,"['CH1', 'CH2', 'CHZ']",2018-12-25T07:29:27.160000Z,10.1
1022,20181225T073107Z,1J.TI1A.,"['CH1', 'CH2', 'CHZ']",2018-12-25T07:31:07.990000Z,6.27
1023,20181225T073828Z,1J.TI1A.,"['CH1', 'CH2', 'CHZ']",2018-12-25T07:38:28.450000Z,6.23
1024,20181225T073912Z,1J.TI1A.,"['CH1', 'CH2', 'CHZ']",2018-12-25T07:39:12.730000Z,4.35
1025,20181225T074345Z,1J.TI1A.,"['CH1', 'CH2', 'CHZ']",2018-12-25T07:43:53.250000Z,9.73
1026,20181225T081438Z,1J.TI1A.,"['CH1', 'CH2', 'CHZ']",2018-12-25T08:14:38.770000Z,5.04
1027,20181225T082731Z,1J.TI1A.,"['CH1', 'CH2', 'CHZ']",2018-12-25T08:27:31.630000Z,5.01
1028,20181225T082755Z,1J.TI1A.,"['CH1', 'CH2', 'CHZ']",2018-12-25T08:27:55.530000Z,6.98
1029,20181225T083659Z,1J.TI1A.,"['CH1', 'CH2', 'CHZ']",2018-12-25T08:36:59.100000Z,6.83
1030,20181225T084252Z,1J.TI1A.,"['CH1', 'CH2', 'CHZ']",2018-12-25T08:42:59.330000Z,1.54
1031,20181225T085327Z,1J.TI1A.,"['CH1', 'CH2', 'CHZ']",2018-12-25T08:53:27.780000Z,4.81
1032,20181225T085532Z,1J.TI1A.,"['CH1', 'CH2', 'CHZ']",2018-12-25T08:55:32.750000Z,16.21
1033,20181225T085646Z,1J.TI1A.,"['CH1', 'CH2', 'CHZ']",2018-12-25T08:56:46.790000Z,7.75
1034,20181225T085813Z,1J.TI1A.,"['CH1', 'CH2', 'CHZ']",2018-12-25T08:58:16.040000Z,3.47
1035,20181225T090803Z,1J.TI1A.,"['CH1', 'CH2', 'CHZ']",2018-12-25T09:08:09.270000Z,2.27
1036,20181225T091400Z,1J.TI1A.,"['CH1', 'CH2', 'CHZ']",2018-12-25T09:14:04.680000Z,6.1
1037,20181225T091647Z,1J.TI1A.,"['CH1', 'CH2', 'CHZ']",2018-12-25T09:16:50.890000Z,1.21
1038,20181225T091728Z,1J.TI1A.,"['CH1', 'CH2', 'CHZ']",2018-12-25T09:17:28.150000Z,6.27
1039,20181225T091814Z,1J.TI1A.,"['CH1', 'CH2', 'CHZ']",2018-12-25T09:18:14.100000Z,11.91
1040,20181225T091904Z,1J.TI1A.,"['CH1', 'CH2', 'CHZ']",2018-12-25T09:19:04.230000Z,10.62
1041,20181225T092024Z,1J.TI1A.,"['CH1', 'CH2', 'CHZ']",2018-12-25T09:20:26.640000Z,1.58
1042,20181225T092057Z,1J.TI1A.,"['CH1', 'CH2', 'CHZ']",2018-12-25T09:20:58.590000Z,5.29
1043,20181225T092147Z,1J.TI1A.,"['CH1', 'CH2', 'CHZ']",2018-12-25T09:21:49.980000Z,9.3
1044,20181225T092255Z,1J.TI1A.,"['CH1', 'CH2', 'CHZ']",2018-12-25T09:22:55.690000Z,5.76
1045,20181225T093232Z,1J.TI1A.,"['CH1', 'CH2', 'CHZ']",2018-12-25T09:32:32.240000Z,7.78
1046,20181225T093508Z,1J.TI1A.,"['CH1', 'CH2', 'CHZ']",2018-12-25T09:35:08.800000Z,17.46
1047,20181225T093841Z,1J.TI1A.,"['CH1', 'CH2', 'CHZ']",2018-12-25T09:38:42.920000Z,5.29
1048,20181225T095130Z,1J.TI1A.,"['CH1', 'CH2', 'CHZ']",2018-12-25T09:51:38.040000Z,2.58
1049,20181225T095413Z,1J.TI1A.,"['CH1', 'CH2', 'CHZ']",2018-12-25T09:54:13.660000Z,8.29
1050,20181225T100031Z,1J.TI1A.,"['CH1', 'CH2', 'CHZ']",2018-12-25T10:00:34.290000Z,3.56
1051,20181225T100225Z,1J.TI1A.,"['CH1', 'CH2', 'CHZ']",2018-12-25T10:02:27.420000Z,10.65
1052,20181225T100253Z,1J.TI1A.,"['CH1', 'CH2', 'CHZ']",2018-12-25T10:02:59.170000Z,7.17
1053,20181225T100641Z,1J.TI1A.,"['CH1', 'CH2', 'CHZ']",2018-12-25T10:06:42.440000Z,4.63
1054,20181225T100826Z,1J.TI1A.,"['CH1', 'CH2', 'CHZ']",2018-12-25T10:08:32.010000Z,4.98
1055,20181225T100854Z,1J.TI1A.,"['CH1', 'CH2', 'CHZ']",2018-12-25T10:09:00.130000Z,7.04
1056,20181225T101105Z,1J.TI1A.,"['CH1', 'CH2', 'CHZ']",2018-12-25T10:11:05.730000Z,8.01
1057,20181225T101322Z,1J.TI1A.,"['CH1', 'CH2', 'CHZ']",2018-12-25T10:13:22.600000Z,7.28
1058,20181225T101511Z,1J.TI1A.,"['CH1', 'CH2', 'CHZ']",2018-12-25T10:15:11.000000Z,8.97
1059,20181225T102226Z,1J.TI1A.,"['CH1', 'CH2', 'CHZ']",2018-12-25T10:22:32.320000Z,2.03
1060,20181225T102304Z,1J.TI1A.,"['CH1', 'CH2', 'CHZ']",2018-12-25T10:23:04.380000Z,7.94
1061,20181225T102338Z,1J.TI1A.,"['CH1', 'CH2', 'CHZ']",2018-12-25T10:23:39.320000Z,2.26
1062,20181225T102811Z,1J.TI1A.,"['CH1', 'CH2', 'CHZ']",2018-12-25T10:28:11.800000Z,7.6
1063,20181225T102904Z,1J.TI1A.,"['CH1', 'CH2', 'CHZ']",2018-12-25T10:29:08.230000Z,8.0
1064,20181225T103010Z,1J.TI1A.,"['CH1', 'CH2', 'CHZ']",2018-12-25T10:30:10.990000Z,5.09
1065,20181225T103416Z,1J.TI1A.,"['CH1', 'CH2', 'CHZ']",2018-12-25T10:34:16.290000Z,8.51
1066,20181225T103609Z,1J.TI1A.,"['CH1', 'CH2', 'CHZ']",2018-12-25T10:36:13.840000Z,8.97
1067,20181225T103707Z,1J.TI1A.,"['CH1', 'CH2', 'CHZ']",2018-12-25T10:37:07.770000Z,6.97
1068,20181225T104059Z,1J.TI1A.,"['CH1', 'CH2', 'CHZ']",2018-12-25T10:40:59.700000Z,22.04
1069,20181225T104820Z,1J.TI1A.,"['CH1', 'CH2', 'CHZ']",2018-12-25T10:48:20.000000Z,3.4
1070,20181225T105139Z,1J.TI1A.,"['CH1', 'CH2', 'CHZ']",2018-12-25T10:51:45.780000Z,0.74
1071,20181225T105354Z,1J.TI1A.,"['CH1', 'CH2', 'CHZ']",2018-12-25T10:53:55.230000Z,5.04
1072,20181225T105827Z,1J.TI1A.,"['CH1', 'CH2', 'CHZ']",2018-12-25T10:58:27.000000Z,4.36
1073,20181225T105919Z,1J.TI1A.,"['CH1', 'CH2', 'CHZ']",2018-12-25T10:59:19.020000Z,14.58
1074,20181225T110453Z,1J.TI1A.,"['CH1', 'CH2', 'CHZ']",2018-12-25T11:04:53.620000Z,12.78
1075,20181225T110805Z,1J.TI1A.,"['CH1', 'CH2', 'CHZ']",2018-12-25T11:08:05.060000Z,5.71
1076,20181225T111208Z,1J.TI1A.,"['CH1', 'CH2', 'CHZ']",2018-12-25T11:12:08.710000Z,5.93
1077,20181225T112018Z,1J.TI1A.,"['CH1', 'CH2', 'CHZ']",2018-12-25T11:20:18.890000Z,6.03
1078,20181225T112135Z,1J.TI1A.,"['CH1', 'CH2', 'CHZ']",2018-12-25T11:21:41.280000Z,8.69
1079,20181225T112501Z,1J.TI1A.,"['CH1', 'CH2', 'CHZ']",2018-12-25T11:25:05.820000Z,8.22
1080,20181225T113259Z,1J.TI1A.,"['CH1', 'CH2', 'CHZ']",2018-12-25T11:33:02.940000Z,14.96
1081,20181225T113753Z,1J.TI1A.,"['CH1', 'CH2', 'CHZ']",2018-12-25T11:37:53.930000Z,9.62
1082,20181225T113918Z,1J.TI1A.,"['CH1', 'CH2', 'CHZ']",2018-12-25T11:39:18.310000Z,20.12
1083,20181225T114554Z,1J.TI1A.,"['CH1', 'CH2', 'CHZ']",2018-12-25T11:46:00.080000Z,7.62
1084,20181225T115434Z,1J.TI1A.,"['CH1', 'CH2', 'CHZ']",2018-12-25T11:54:38.580000Z,5.3
1085,20181225T115934Z,1J.TI1A.,"['CH1', 'CH2', 'CHZ']",2018-12-25T11:59:34.560000Z,6.45
1086,20181225T120218Z,1J.TI1A.,"['CH1', 'CH2', 'CHZ']",2018-12-25T12:02:21.000000Z,8.79
1087,20181225T120618Z,1J.TI1A.,"['CH1', 'CH2', 'CHZ']",2018-12-25T12:06:18.430000Z,8.76
1088,20181225T120904Z,1J.TI1A.,"['CH1', 'CH2', 'CHZ']",2018-12-25T12:09:05.110000Z,8.69
1089,20181225T120931Z,1J.TI1A.,"['CH1', 'CH2', 'CHZ']",2018-12-25T12:09:37.640000Z,4.98
1090,20181225T121337Z,1J.TI1A.,"['CH1', 'CH2', 'CHZ']",2018-12-25T12:13:37.220000Z,7.56
1091,20181225T121457Z,1J.TI1A.,"['CH1', 'CH2', 'CHZ']",2018-12-25T12:14:59.460000Z,6.93
1092,20181225T121524Z,1J.TI1A.,"['CH1', 'CH2', 'CHZ']",2018-12-25T12:15:30.900000Z,5.47
1093,20181225T121637Z,1J.TI1A.,"['CH1', 'CH2', 'CHZ']",2018-12-25T12:16:37.830000Z,5.22
1094,20181225T121649Z,1J.TI1A.,"['CH1', 'CH2', 'CHZ']",2018-12-25T12:16:49.340000Z,4.49
1095,20181225T122331Z,1J.TI1A.,"['CH1', 'CH2', 'CHZ']",2018-12-25T12:23:36.560000Z,2.06
1096,20181225T122800Z,1J.TI1A.,"['CH1', 'CH2', 'CHZ']",2018-12-25T12:28:00.120000Z,5.03
1097,20181225T122826Z,1J.TI1A.,"['CH1', 'CH2', 'CHZ']",2018-12-25T12:28:35.820000Z,3.56
1098,20181225T123854Z,1J.TI1A.,"['CH1', 'CH2', 'CHZ']",2018-12-25T12:38:55.370000Z,4.81
1099,20181225T124822Z,1J.TI1A.,"['CH1', 'CH2', 'CHZ']",2018-12-25T12:48:22.670000Z,17.27
1100,20181225T125733Z,1J.TI1A.,"['CH1', 'CH2', 'CHZ']",2018-12-25T12:57:34.560000Z,4.25
1101,20181225T130458Z,1J.TI1A.,"['CH1', 'CH2', 'CHZ']",2018-12-25T13:05:00.350000Z,5.44
1102,20181225T131108Z,1J.TI1A.,"['CH1', 'CH2', 'CHZ']",2018-12-25T13:11:10.230000Z,7.41
1103,20181225T131137Z,1J.TI1A.,"['CH1', 'CH2', 'CHZ']",2018-12-25T13:11:42.590000Z,4.0
1104,20181225T131518Z,1J.TI1A.,"['CH1', 'CH2', 'CHZ']",2018-12-25T13:15:24.110000Z,8.02
1105,20181225T134322Z,1J.TI1A.,"['CH1', 'CH2', 'CHZ']",2018-12-25T13:43:22.430000Z,7.11
1106,20181225T135223Z,1J.TI1A.,"['CH1', 'CH2', 'CHZ']",2018-12-25T13:52:23.010000Z,15.63
1107,20181225T141151Z,1J.TI1A.,"['CH1', 'CH2', 'CHZ']",2018-12-25T14:11:51.710000Z,17.49
1108,20181225T141330Z,1J.TI1A.,"['CH1', 'CH2', 'CHZ']",2018-12-25T14:13:35.190000Z,16.66
1109,20181225T141508Z,1J.TI1A.,"['CH1', 'CH2', 'CHZ']",2018-12-25T14:15:08.430000Z,5.64
1110,20181225T141713Z,1J.TI1A.,"['CH1', 'CH2', 'CHZ']",2018-12-25T14:17:14.590000Z,4.5
1111,20181225T141907Z,1J.TI1A.,"['CH1', 'CH2', 'CHZ']",2018-12-25T14:19:07.610000Z,6.5
1112,20181225T142033Z,1J.TI1A.,"['CH1', 'CH2', 'CHZ']",2018-12-25T14:20:33.820000Z,8.51
1113,20181225T142245Z,1J.TI1A.,"['CH1', 'CH2', 'CHZ']",2018-12-25T14:22:45.080000Z,5.81
1114,20181225T142305Z,1J.TI1A.,"['CH1', 'CH2', 'CHZ']",2018-12-25T14:23:05.690000Z,7.68
1115,20181225T142536Z,1J.TI1A.,"['CH1', 'CH2', 'CHZ']",2018-12-25T14:25:36.920000Z,6.73
1116,20181225T143529Z,1J.TI1A.,"['CH1', 'CH2', 'CHZ']",2018-12-25T14:35:29.910000Z,10.52
1117,20181225T145019Z,1J.TI1A.,"['CH1', 'CH2', 'CHZ']",2018-12-25T14:50:19.150000Z,13.84
1118,20181225T150221Z,1J.TI1A.,"['CH1', 'CH2', 'CHZ']",2018-12-25T15:02:21.160000Z,8.58
1119,20181225T150558Z,1J.TI1A.,"['CH1', 'CH2', 'CHZ']",2018-12-25T15:05:58.370000Z,6.91
1120,20181225T150845Z,1J.TI1A.,"['CH1', 'CH2', 'CHZ']",2018-12-25T15:08:45.200000Z,8.13
1121,20181225T151156Z,1J.TI1A.,"['CH1', 'CH2', 'CHZ']",2018-12-25T15:11:56.320000Z,5.61
1122,20181225T152139Z,1J.TI1A.,"['CH1', 'CH2', 'CHZ']",2018-12-25T15:21:39.870000Z,8.15
1123,20181225T152520Z,1J.TI1A.,"['CH1', 'CH2', 'CHZ']",2018-12-25T15:25:25.270000Z,11.95
1124,20181225T152706Z,1J.TI1A.,"['CH1', 'CH2', 'CHZ']",2018-12-25T15:27:06.970000Z,12.1
1125,20181225T154955Z,1J.TI1A.,"['CH1', 'CH2', 'CHZ']",2018-12-25T15:49:55.560000Z,5.41
1126,20181225T155329Z,1J.TI1A.,"['CH1', 'CH2', 'CHZ']",2018-12-25T15:53:31.860000Z,10.27
1127,20181225T155903Z,1J.TI1A.,"['CH1', 'CH2', 'CHZ']",2018-12-25T15:59:03.410000Z,8.98
1128,20181225T160938Z,1J.TI1A.,"['CH1', 'CH2', 'CHZ']",2018-12-25T16:09:38.970000Z,9.19
1129,20181225T161006Z,1J.TI1A.,"['CH1', 'CH2', 'CHZ']",2018-12-25T16:10:11.600000Z,5.87
1130,20181225T161148Z,1J.TI1A.,"['CH1', 'CH2', 'CHZ']",2018-12-25T16:11:49.550000Z,1.88
1131,20181225T161226Z,1J.TI1A.,"['CH1', 'CH2', 'CHZ']",2018-12-25T16:12:30.050000Z,10.02
1132,20181225T161907Z,1J.TI1A.,"['CH1', 'CH2', 'CHZ']",2018-12-25T16:19:09.060000Z,7.04
1133,20181225T162337Z,1J.TI1A.,"['CH1', 'CH2', 'CHZ']",2018-12-25T16:23:39.600000Z,6.79
1134,20181225T162405Z,1J.TI1A.,"['CH1', 'CH2', 'CHZ']",2018-12-25T16:24:09.220000Z,6.44
1135,20181225T162455Z,1J.TI1A.,"['CH1', 'CH2', 'CHZ']",2018-12-25T16:24:55.710000Z,6.33
1136,20181225T163604Z,1J.TI1A.,"['CH1', 'CH2', 'CHZ']",2018-12-25T16:36:09.390000Z,6.83
1137,20181225T164321Z,1J.TI1A.,"['CH1', 'CH2', 'CHZ']",2018-12-25T16:43:21.050000Z,14.8
1138,20181225T164412Z,1J.TI1A.,"['CH1', 'CH2', 'CHZ']",2018-12-25T16:44:12.960000Z,5.5
1139,20181225T164503Z,1J.TI1A.,"['CH1', 'CH2', 'CHZ']",2018-12-25T16:45:03.850000Z,5.58
1140,20181225T165345Z,1J.TI1A.,"['CH1', 'CH2', 'CHZ']",2018-12-25T16:53:46.280000Z,4.41
1141,20181225T165416Z,1J.TI1A.,"['CH1', 'CH2', 'CHZ']",2018-12-25T16:54:16.590000Z,3.07
1142,20181225T165635Z,1J.TI1A.,"['CH1', 'CH2', 'CHZ']",2018-12-25T16:56:35.840000Z,9.54
1143,20181225T170954Z,1J.TI1A.,"['CH1', 'CH2', 'CHZ']",2018-12-25T17:09:54.870000Z,10.02
1144,20181225T171023Z,1J.TI1A.,"['CH1', 'CH2', 'CHZ']",2018-12-25T17:10:27.800000Z,5.47
1145,20181225T172034Z,1J.TI1A.,"['CH1', 'CH2', 'CHZ']",2018-12-25T17:20:40.360000Z,5.3
1146,20181225T173828Z,1J.TI1A.,"['CH1', 'CH2', 'CHZ']",2018-12-25T17:38:29.160000Z,12.96
1147,20181225T174411Z,1J.TI1A.,"['CH1', 'CH2', 'CHZ']",2018-12-25T17:44:15.980000Z,5.18
1148,20181225T175313Z,1J.TI1A.,"['CH1', 'CH2', 'CHZ']",2018-12-25T17:53:16.740000Z,2.29
1149,20181225T180847Z,1J.TI1A.,"['CH1', 'CH2', 'CHZ']",2018-12-25T18:08:50.020000Z,7.6
1150,20181225T181158Z,1J.TI1A.,"['CH1', 'CH2', 'CHZ']",2018-12-25T18:11:58.080000Z,5.04
1151,20181225T181438Z,1J.TI1A.,"['CH1', 'CH2', 'CHZ']",2018-12-25T18:14:43.290000Z,1.69
1152,20181225T181502Z,1J.TI1A.,"['CH1', 'CH2', 'CHZ']",2018-12-25T18:15:02.020000Z,4.8
1153,20181225T181931Z,1J.TI1A.,"['CH1', 'CH2', 'CHZ']",2018-12-25T18:19:31.800000Z,10.07
1154,20181225T182223Z,1J.TI1A.,"['CH1', 'CH2', 'CHZ']",2018-12-25T18:22:23.500000Z,7.44
1155,20181225T183115Z,1J.TI1A.,"['CH1', 'CH2', 'CHZ']",2018-12-25T18:31:15.740000Z,7.1
1156,20181225T183648Z,1J.TI1A.,"['CH1', 'CH2', 'CHZ']",2018-12-25T18:36:49.030000Z,13.67
1157,20181225T183821Z,1J.TI1A.,"['CH1', 'CH2', 'CHZ']",2018-12-25T18:38:25.130000Z,1.14
1158,20181225T184237Z,1J.TI1A.,"['CH1', 'CH2', 'CHZ']",2018-12-25T18:42:38.850000Z,7.47
1159,20181225T184518Z,1J.TI1A.,"['CH1', 'CH2', 'CHZ']",2018-12-25T18:45:18.480000Z,2.27
1160,20181225T191958Z,1J.TI1A.,"['CH1', 'CH2', 'CHZ']",2018-12-25T19:19:58.880000Z,3.4
1161,20181225T192027Z,1J.TI1A.,"['CH1', 'CH2', 'CHZ']",2018-12-25T19:20:28.670000Z,5.66
1162,20181225T193840Z,1J.TI1A.,"['CH1', 'CH2', 'CHZ']",2018-12-25T19:38:42.990000Z,3.93
1163,20181225T194201Z,1J.TI1A.,"['CH1', 'CH2', 'CHZ']",2018-12-25T19:42:01.550000Z,5.62
1164,20181225T201833Z,1J.TI1A.,"['CH1', 'CH2', 'CHZ']",2018-12-25T20:18:33.510000Z,3.72
1165,20181225T202640Z,1J.TI1A.,"['CH1', 'CH2', 'CHZ']",2018-12-25T20:26:40.060000Z,11.88
1166,20181225T232612Z,1J.TI1A.,"['CH1', 'CH2', 'CHZ']",2018-12-25T23:26:12.350000Z,7.1
1167,20181225T232719Z,1J.TI1A.,"['CH1', 'CH2', 'CHZ']",2018-12-25T23:27:20.890000Z,6.85
1168,20181225T234852Z,1J.TI1A.,"['CH1', 'CH2', 'CHZ']",2018-12-25T23:48:56.610000Z,2.29
1169,20181225T001205Z,1J.TI7A.,"['CH1', 'CH2', 'CHZ']",2018-12-25T00:12:09.850000Z,1.45
1170,20181225T003925Z,1J.TI7A.,"['CH1', 'CH2', 'CHZ']",2018-12-25T00:39:35.690000Z,2.36
1171,20181225T004851Z,1J.TI7A.,"['CH1', 'CH2', 'CHZ']",2018-12-25T00:48:59.090000Z,3.0
1172,20181225T005733Z,1J.TI7A.,"['CH1', 'CH2', 'CHZ']",2018-12-25T00:57:33.050000Z,5.03
1173,20181225T010348Z,1J.TI7A.,"['CH1', 'CH2', 'CHZ']",2018-12-25T01:03:48.030000Z,6.9
1174,20181225T011242Z,1J.TI7A.,"['CH1', 'CH2', 'CHZ']",2018-12-25T01:12:42.340000Z,8.46
1175,20181225T015337Z,1J.TI7A.,"['CH1', 'CH2', 'CHZ']",2018-12-25T01:53:37.860000Z,8.64
1176,20181225T015933Z,1J.TI7A.,"['CH1', 'CH2', 'CHZ']",2018-12-25T01:59:33.010000Z,6.15
1177,20181225T020827Z,1J.TI7A.,"['CH1', 'CH2', 'CHZ']",2018-12-25T02:08:27.110000Z,12.87
1178,20181225T021956Z,1J.TI7A.,"['CH1', 'CH2', 'CHZ']",2018-12-25T02:20:00.390000Z,1.95
1179,20181225T030000Z,1J.TI7A.,"['CH1', 'CH2', 'CHZ']",2018-12-25T03:00:00.350000Z,9.59
1180,20181225T030543Z,1J.TI7A.,"['CH1', 'CH2', 'CHZ']",2018-12-25T03:05:43.470000Z,6.19
1181,20181225T030626Z,1J.TI7A.,"['CH1', 'CH2', 'CHZ']",2018-12-25T03:06:35.400000Z,3.74
1182,20181225T031010Z,1J.TI7A.,"['CH1', 'CH2', 'CHZ']",2018-12-25T03:10:12.030000Z,4.8
1183,20181225T031144Z,1J.TI7A.,"['CH1', 'CH2', 'CHZ']",2018-12-25T03:11:45.530000Z,1.88
1184,20181225T031511Z,1J.TI7A.,"['CH1', 'CH2', 'CHZ']",2018-12-25T03:15:14.110000Z,2.79
1185,20181225T032142Z,1J.TI7A.,"['CH1', 'CH2', 'CHZ']",2018-12-25T03:21:42.430000Z,8.25
1186,20181225T032434Z,1J.TI7A.,"['CH1', 'CH2', 'CHZ']",2018-12-25T03:24:37.220000Z,6.86
1187,20181225T033040Z,1J.TI7A.,"['CH1', 'CH2', 'CHZ']",2018-12-25T03:30:41.440000Z,1.2
1188,20181225T034314Z,1J.TI7A.,"['CH1', 'CH2', 'CHZ']",2018-12-25T03:43:14.540000Z,5.34
1189,20181225T035110Z,1J.TI7A.,"['CH1', 'CH2', 'CHZ']",2018-12-25T03:51:10.940000Z,14.4
1190,20181225T040116Z,1J.TI7A.,"['CH1', 'CH2', 'CHZ']",2018-12-25T04:01:16.180000Z,8.48
1191,20181225T040638Z,1J.TI7A.,"['CH1', 'CH2', 'CHZ']",2018-12-25T04:06:38.000000Z,7.1
1192,20181225T041010Z,1J.TI7A.,"['CH1', 'CH2', 'CHZ']",2018-12-25T04:10:13.290000Z,2.18
1193,20181225T041205Z,1J.TI7A.,"['CH1', 'CH2', 'CHZ']",2018-12-25T04:12:13.890000Z,3.01
1194,20181225T041615Z,1J.TI7A.,"['CH1', 'CH2', 'CHZ']",2018-12-25T04:16:15.090000Z,10.28
1195,20181225T041825Z,1J.TI7A.,"['CH1', 'CH2', 'CHZ']",2018-12-25T04:18:32.650000Z,3.1
1196,20181225T042352Z,1J.TI7A.,"['CH1', 'CH2', 'CHZ']",2018-12-25T04:23:55.880000Z,3.22
1197,20181225T042434Z,1J.TI7A.,"['CH1', 'CH2', 'CHZ']",2018-12-25T04:24:34.440000Z,10.18
1198,20181225T042656Z,1J.TI7A.,"['CH1', 'CH2', 'CHZ']",2018-12-25T04:26:58.930000Z,2.81
1199,20181225T042934Z,1J.TI7A.,"['CH1', 'CH2', 'CHZ']",2018-12-25T04:29:34.450000Z,7.55
1200,20181225T043726Z,1J.TI7A.,"['CH1', 'CH2', 'CHZ']",2018-12-25T04:37:35.830000Z,3.01
1201,20181225T044314Z,1J.TI7A.,"['CH1', 'CH2', 'CHZ']",2018-12-25T04:43:14.770000Z,5.8
1202,20181225T044713Z,1J.TI7A.,"['CH1', 'CH2', 'CHZ']",2018-12-25T04:47:14.630000Z,7.25
1203,20181225T050123Z,1J.TI7A.,"['CH1', 'CH2', 'CHZ']",2018-12-25T05:01:30.150000Z,3.24
1204,20181225T050347Z,1J.TI7A.,"['CH1', 'CH2', 'CHZ']",2018-12-25T05:03:47.760000Z,7.09
1205,20181225T051650Z,1J.TI7A.,"['CH1', 'CH2', 'CHZ']",2018-12-25T05:16:50.840000Z,6.18
1206,20181225T052039Z,1J.TI7A.,"['CH1', 'CH2', 'CHZ']",2018-12-25T05:20:46.290000Z,3.35
1207,20181225T052236Z,1J.TI7A.,"['CH1', 'CH2', 'CHZ']",2018-12-25T05:22:36.020000Z,9.45
1208,20181225T053157Z,1J.TI7A.,"['CH1', 'CH2', 'CHZ']",2018-12-25T05:32:05.120000Z,3.79
1209,20181225T060105Z,1J.TI7A.,"['CH1', 'CH2', 'CHZ']",2018-12-25T06:01:11.870000Z,2.14
1210,20181225T060621Z,1J.TI7A.,"['CH1', 'CH2', 'CHZ']",2018-12-25T06:06:29.690000Z,2.27
1211,20181225T061503Z,1J.TI7A.,"['CH1', 'CH2', 'CHZ']",2018-12-25T06:15:16.420000Z,2.28
1212,20181225T072244Z,1J.TI7A.,"['CH1', 'CH2', 'CHZ']",2018-12-25T07:22:44.100000Z,5.1
1213,20181225T081814Z,1J.TI7A.,"['CH1', 'CH2', 'CHZ']",2018-12-25T08:18:18.550000Z,2.0
1214,20181225T090245Z,1J.TI7A.,"['CH1', 'CH2', 'CHZ']",2018-12-25T09:02:45.740000Z,5.74
1215,20181225T090623Z,1J.TI7A.,"['CH1', 'CH2', 'CHZ']",2018-12-25T09:06:23.840000Z,6.17
1216,20181225T091814Z,1J.TI7A.,"['CH1', 'CH2', 'CHZ']",2018-12-25T09:18:28.160000Z,1.9
1217,20181225T092057Z,1J.TI7A.,"['CH1', 'CH2', 'CHZ']",2018-12-25T09:20:57.740000Z,3.26
1218,20181225T092255Z,1J.TI7A.,"['CH1', 'CH2', 'CHZ']",2018-12-25T09:22:56.240000Z,3.58
1219,20181225T093858Z,1J.TI7A.,"['CH1', 'CH2', 'CHZ']",2018-12-25T09:38:58.430000Z,6.47
1220,20181225T100225Z,1J.TI7A.,"['CH1', 'CH2', 'CHZ']",2018-12-25T10:02:28.380000Z,9.49
1221,20181225T100253Z,1J.TI7A.,"['CH1', 'CH2', 'CHZ']",2018-12-25T10:02:57.210000Z,5.69
1222,20181225T100826Z,1J.TI7A.,"['CH1', 'CH2', 'CHZ']",2018-12-25T10:08:31.400000Z,3.27
1223,20181225T100854Z,1J.TI7A.,"['CH1', 'CH2', 'CHZ']",2018-12-25T10:08:58.390000Z,5.13
1224,20181225T104059Z,1J.TI7A.,"['CH1', 'CH2', 'CHZ']",2018-12-25T10:41:07.820000Z,0.49
1225,20181225T105741Z,1J.TI7A.,"['CH1', 'CH2', 'CHZ']",2018-12-25T10:57:41.880000Z,1.99
1226,20181225T105919Z,1J.TI7A.,"['CH1', 'CH2', 'CHZ']",2018-12-25T10:59:24.540000Z,2.74
1227,20181225T110622Z,1J.TI7A.,"['CH1', 'CH2', 'CHZ']",2018-12-25T11:06:29.090000Z,2.74
1228,20181225T111208Z,1J.TI7A.,"['CH1', 'CH2', 'CHZ']",2018-12-25T11:12:12.430000Z,1.94
1229,20181225T112135Z,1J.TI7A.,"['CH1', 'CH2', 'CHZ']",2018-12-25T11:21:41.080000Z,2.09
1230,20181225T113022Z,1J.TI7A.,"['CH1', 'CH2', 'CHZ']",2018-12-25T11:30:24.790000Z,2.72
1231,20181225T113259Z,1J.TI7A.,"['CH1', 'CH2', 'CHZ']",2018-12-25T11:33:02.350000Z,16.06
1232,20181225T113329Z,1J.TI7A.,"['CH1', 'CH2', 'CHZ']",2018-12-25T11:33:29.980000Z,6.89
1233,20181225T115434Z,1J.TI7A.,"['CH1', 'CH2', 'CHZ']",2018-12-25T11:54:37.810000Z,2.02
1234,20181225T115502Z,1J.TI7A.,"['CH1', 'CH2', 'CHZ']",2018-12-25T11:55:06.400000Z,4.23
1235,20181225T120245Z,1J.TI7A.,"['CH1', 'CH2', 'CHZ']",2018-12-25T12:02:48.600000Z,2.67
1236,20181225T121457Z,1J.TI7A.,"['CH1', 'CH2', 'CHZ']",2018-12-25T12:15:00.370000Z,1.23
1237,20181225T121524Z,1J.TI7A.,"['CH1', 'CH2', 'CHZ']",2018-12-25T12:15:28.510000Z,5.54
1238,20181225T130822Z,1J.TI7A.,"['CH1', 'CH2', 'CHZ']",2018-12-25T13:08:22.870000Z,5.27
1239,20181225T131518Z,1J.TI7A.,"['CH1', 'CH2', 'CHZ']",2018-12-25T13:15:21.640000Z,7.28
1240,20181225T135409Z,1J.TI7A.,"['CH1', 'CH2', 'CHZ']",2018-12-25T13:54:10.680000Z,3.29
1241,20181225T161006Z,1J.TI7A.,"['CH1', 'CH2', 'CHZ']",2018-12-25T16:10:10.300000Z,2.24
1242,20181225T161226Z,1J.TI7A.,"['CH1', 'CH2', 'CHZ']",2018-12-25T16:12:31.770000Z,5.42
1243,20181225T161257Z,1J.TI7A.,"['CH1', 'CH2', 'CHZ']",2018-12-25T16:13:00.830000Z,4.48
1244,20181225T171023Z,1J.TI7A.,"['CH1', 'CH2', 'CHZ']",2018-12-25T17:10:25.970000Z,3.27
1245,20181225T181711Z,1J.TI7A.,"['CH1', 'CH2', 'CHZ']",2018-12-25T18:17:11.560000Z,4.12
1246,20181225T210629Z,1J.TI7A.,"['CH1', 'CH2', 'CHZ']",2018-12-25T21:06:40.870000Z,2.32
1247,20181225T215308Z,1J.TI7A.,"['CH1', 'CH2', 'CHZ']",2018-12-25T21:53:08.480000Z,9.55
1248,20181225T223631Z,1J.TI7A.,"['CH1', 'CH2', 'CHZ']",2018-12-25T22:36:31.850000Z,9.63
1249,20181225T224040Z,1J.TI7A.,"['CH1', 'CH2', 'CHZ']",2018-12-25T22:40:40.480000Z,1.59
1250,20181225T230951Z,1J.TI7A.,"['CH1', 'CH2', 'CHZ']",2018-12-25T23:09:59.350000Z,2.14
1251,20181225T232719Z,1J.TI7A.,"['CH1', 'CH2', 'CHZ']",2018-12-25T23:27:25.520000Z,3.63
