,event_id,station,components,time,duration
0,20190101T000109Z,1J.TI4A.,"['CH1', 'CH2', 'CHZ']",2019-01-01T00:01:09.470000Z,6.15
1,20190101T000259Z,1J.TI4A.,"['CH1', 'CH2', 'CHZ']",2019-01-01T00:02:59.840000Z,6.92
2,20190101T000541Z,1J.TI4A.,"['CH1', 'CH2', 'CHZ']",2019-01-01T00:05:41.110000Z,5.1
3,20190101T001101Z,1J.TI4A.,"['CH1', 'CH2', 'CHZ']",2019-01-01T00:11:06.200000Z,3.23
4,20190101T001125Z,1J.TI4A.,"['CH1', 'CH2', 'CHZ']",2019-01-01T00:11:34.260000Z,2.9
5,20190101T001153Z,1J.TI4A.,"['CH1', 'CH2', 'CHZ']",2019-01-01T00:12:03.710000Z,1.47
6,20190101T001256Z,1J.TI4A.,"['CH1', 'CH2', 'CHZ']",2019-01-01T00:12:58.310000Z,6.11
7,20190101T001543Z,1J.TI4A.,"['CH1', 'CH2', 'CHZ']",2019-01-01T00:15:43.310000Z,5.4
8,20190101T001855Z,1J.TI4A.,"['CH1', 'CH2', 'CHZ']",2019-01-01T00:18:55.770000Z,15.11
9,20190101T002011Z,1J.TI4A.,"['CH1', 'CH2', 'CHZ']",2019-01-01T00:20:11.540000Z,8.96
10,20190101T002049Z,1J.TI4A.,"['CH1', 'CH2', 'CHZ']",2019-01-01T00:21:00.270000Z,5.76
11,20190101T002608Z,1J.TI4A.,"['CH1', 'CH2', 'CHZ']",2019-01-01T00:26:14.860000Z,3.3
12,20190101T003454Z,1J.TI4A.,"['CH1', 'CH2', 'CHZ']",2019-01-01T00:34:54.310000Z,6.53
13,20190101T003634Z,1J.TI4A.,"['CH1', 'CH2', 'CHZ']",2019-01-01T00:36:50.390000Z,2.65
14,20190101T003717Z,1J.TI4A.,"['CH1', 'CH2', 'CHZ']",2019-01-01T00:37:19.290000Z,13.43
15,20190101T003818Z,1J.TI4A.,"['CH1', 'CH2', 'CHZ']",2019-01-01T00:38:18.690000Z,17.6
16,20190101T004132Z,1J.TI4A.,"['CH1', 'CH2', 'CHZ']",2019-01-01T00:41:39.770000Z,14.93
17,20190101T004449Z,1J.TI4A.,"['CH1', 'CH2', 'CHZ']",2019-01-01T00:44:49.760000Z,13.97
18,20190101T004606Z,1J.TI4A.,"['CH1', 'CH2', 'CHZ']",2019-01-01T00:46:06.800000Z,6.19
19,20190101T004715Z,1J.TI4A.,"['CH1', 'CH2', 'CHZ']",2019-01-01T00:47:27.880000Z,1.77
20,20190101T005050Z,1J.TI4A.,"['CH1', 'CH2', 'CHZ']",2019-01-01T00:50:50.830000Z,3.76
21,20190101T005259Z,1J.TI4A.,"['CH1', 'CH2', 'CHZ']",2019-01-01T00:53:05.530000Z,2.29
22,20190101T005725Z,1J.TI4A.,"['CH1', 'CH2', 'CHZ']",2019-01-01T00:57:25.960000Z,6.89
23,20190101T010034Z,1J.TI4A.,"['CH1', 'CH2', 'CHZ']",2019-01-01T01:00:35.030000Z,6.73
24,20190101T010126Z,1J.TI4A.,"['CH1', 'CH2', 'CHZ']",2019-01-01T01:01:26.420000Z,14.29
25,20190101T010229Z,1J.TI4A.,"['CH1', 'CH2', 'CHZ']",2019-01-01T01:02:35.110000Z,3.85
26,20190101T010251Z,1J.TI4A.,"['CH1', 'CH2', 'CHZ']",2019-01-01T01:02:51.510000Z,5.2
27,20190101T010342Z,1J.TI4A.,"['CH1', 'CH2', 'CHZ']",2019-01-01T01:03:42.150000Z,15.98
28,20190101T010639Z,1J.TI4A.,"['CH1', 'CH2', 'CHZ']",2019-01-01T01:06:39.610000Z,6.2
29,20190101T010650Z,1J.TI4A.,"['CH1', 'CH2', 'CHZ']",2019-01-01T01:06:56.140000Z,3.4
30,20190101T010806Z,1J.TI4A.,"['CH1', 'CH2', 'CHZ']",2019-01-01T01:08:06.130000Z,6.21
31,20190101T010822Z,1J.TI4A.,"['CH1', 'CH2', 'CHZ']",2019-01-01T01:08:22.720000Z,8.52
32,20190101T010913Z,1J.TI4A.,"['CH1', 'CH2', 'CHZ']",2019-01-01T01:09:13.400000Z,6.47
33,20190101T010942Z,1J.TI4A.,"['CH1', 'CH2', 'CHZ']",2019-01-01T01:09:42.760000Z,11.61
34,20190101T011150Z,1J.TI4A.,"['CH1', 'CH2', 'CHZ']",2019-01-01T01:11:50.380000Z,9.61
35,20190101T011404Z,1J.TI4A.,"['CH1', 'CH2', 'CHZ']",2019-01-01T01:14:04.870000Z,7.1
36,20190101T011526Z,1J.TI4A.,"['CH1', 'CH2', 'CHZ']",2019-01-01T01:15:26.670000Z,13.03
37,20190101T011637Z,1J.TI4A.,"['CH1', 'CH2', 'CHZ']",2019-01-01T01:16:37.780000Z,9.8
38,20190101T011844Z,1J.TI4A.,"['CH1', 'CH2', 'CHZ']",2019-01-01T01:18:44.360000Z,11.43
39,20190101T011919Z,1J.TI4A.,"['CH1', 'CH2', 'CHZ']",2019-01-01T01:19:20.130000Z,1.82
40,20190101T012013Z,1J.TI4A.,"['CH1', 'CH2', 'CHZ']",2019-01-01T01:20:13.580000Z,12.6
41,20190101T012331Z,1J.TI4A.,"['CH1', 'CH2', 'CHZ']",2019-01-01T01:23:31.510000Z,10.83
42,20190101T012410Z,1J.TI4A.,"['CH1', 'CH2', 'CHZ']",2019-01-01T01:24:10.340000Z,6.72
43,20190101T012444Z,1J.TI4A.,"['CH1', 'CH2', 'CHZ']",2019-01-01T01:24:44.090000Z,10.72
44,20190101T012711Z,1J.TI4A.,"['CH1', 'CH2', 'CHZ']",2019-01-01T01:27:11.920000Z,14.34
45,20190101T012812Z,1J.TI4A.,"['CH1', 'CH2', 'CHZ']",2019-01-01T01:28:12.320000Z,6.41
46,20190101T012921Z,1J.TI4A.,"['CH1', 'CH2', 'CHZ']",2019-01-01T01:29:21.850000Z,9.94
47,20190101T013021Z,1J.TI4A.,"['CH1', 'CH2', 'CHZ']",2019-01-01T01:30:21.170000Z,7.71
48,20190101T013219Z,1J.TI4A.,"['CH1', 'CH2', 'CHZ']",2019-01-01T01:32:19.540000Z,23.84
49,20190101T013346Z,1J.TI4A.,"['CH1', 'CH2', 'CHZ']",2019-01-01T01:33:46.600000Z,11.74
50,20190101T013415Z,1J.TI4A.,"['CH1', 'CH2', 'CHZ']",2019-01-01T01:34:24.220000Z,13.34
51,20190101T013601Z,1J.TI4A.,"['CH1', 'CH2', 'CHZ']",2019-01-01T01:36:01.100000Z,6.03
52,20190101T013947Z,1J.TI4A.,"['CH1', 'CH2', 'CHZ']",2019-01-01T01:39:47.100000Z,14.48
53,20190101T014037Z,1J.TI4A.,"['CH1', 'CH2', 'CHZ']",2019-01-01T01:40:37.470000Z,15.08
54,20190101T014201Z,1J.TI4A.,"['CH1', 'CH2', 'CHZ']",2019-01-01T01:42:01.700000Z,10.07
55,20190101T014332Z,1J.TI4A.,"['CH1', 'CH2', 'CHZ']",2019-01-01T01:43:32.270000Z,5.1
56,20190101T014345Z,1J.TI4A.,"['CH1', 'CH2', 'CHZ']",2019-01-01T01:43:45.860000Z,6.9
57,20190101T014544Z,1J.TI4A.,"['CH1', 'CH2', 'CHZ']",2019-01-01T01:45:44.250000Z,18.07
58,20190101T014721Z,1J.TI4A.,"['CH1', 'CH2', 'CHZ']",2019-01-01T01:47:21.770000Z,8.9
59,20190101T014805Z,1J.TI4A.,"['CH1', 'CH2', 'CHZ']",2019-01-01T01:48:05.610000Z,2.79
60,20190101T014836Z,1J.TI4A.,"['CH1', 'CH2', 'CHZ']",2019-01-01T01:48:44.230000Z,8.24
61,20190101T015256Z,1J.TI4A.,"['CH1', 'CH2', 'CHZ']",2019-01-01T01:52:56.500000Z,11.67
62,20190101T015418Z,1J.TI4A.,"['CH1', 'CH2', 'CHZ']",2019-01-01T01:54:18.780000Z,11.27
63,20190101T015440Z,1J.TI4A.,"['CH1', 'CH2', 'CHZ']",2019-01-01T01:54:40.480000Z,7.84
64,20190101T020722Z,1J.TI4A.,"['CH1', 'CH2', 'CHZ']",2019-01-01T02:07:22.090000Z,9.61
65,20190101T020854Z,1J.TI4A.,"['CH1', 'CH2', 'CHZ']",2019-01-01T02:08:54.800000Z,5.81
66,20190101T021238Z,1J.TI4A.,"['CH1', 'CH2', 'CHZ']",2019-01-01T02:12:41.440000Z,2.47
67,20190101T021325Z,1J.TI4A.,"['CH1', 'CH2', 'CHZ']",2019-01-01T02:13:25.670000Z,13.07
68,20190101T022020Z,1J.TI4A.,"['CH1', 'CH2', 'CHZ']",2019-01-01T02:20:23.460000Z,6.24
69,20190101T022138Z,1J.TI4A.,"['CH1', 'CH2', 'CHZ']",2019-01-01T02:21:38.640000Z,13.24
70,20190101T022420Z,1J.TI4A.,"['CH1', 'CH2', 'CHZ']",2019-01-01T02:24:20.830000Z,13.59
71,20190101T022634Z,1J.TI4A.,"['CH1', 'CH2', 'CHZ']",2019-01-01T02:26:34.480000Z,5.14
72,20190101T022831Z,1J.TI4A.,"['CH1', 'CH2', 'CHZ']",2019-01-01T02:28:31.230000Z,12.69
73,20190101T023020Z,1J.TI4A.,"['CH1', 'CH2', 'CHZ']",2019-01-01T02:30:20.040000Z,17.05
74,20190101T024536Z,1J.TI4A.,"['CH1', 'CH2', 'CHZ']",2019-01-01T02:45:36.080000Z,7.76
75,20190101T025054Z,1J.TI4A.,"['CH1', 'CH2', 'CHZ']",2019-01-01T02:50:56.810000Z,5.23
76,20190101T025117Z,1J.TI4A.,"['CH1', 'CH2', 'CHZ']",2019-01-01T02:51:17.020000Z,18.17
77,20190101T025959Z,1J.TI4A.,"['CH1', 'CH2', 'CHZ']",2019-01-01T02:59:59.010000Z,7.9
78,20190101T030018Z,1J.TI4A.,"['CH1', 'CH2', 'CHZ']",2019-01-01T03:00:20.700000Z,11.11
79,20190101T030221Z,1J.TI4A.,"['CH1', 'CH2', 'CHZ']",2019-01-01T03:02:21.990000Z,18.24
80,20190101T031237Z,1J.TI4A.,"['CH1', 'CH2', 'CHZ']",2019-01-01T03:12:37.340000Z,10.96
81,20190101T032647Z,1J.TI4A.,"['CH1', 'CH2', 'CHZ']",2019-01-01T03:26:47.420000Z,17.9
82,20190101T033252Z,1J.TI4A.,"['CH1', 'CH2', 'CHZ']",2019-01-01T03:32:52.030000Z,14.39
83,20190101T035215Z,1J.TI4A.,"['CH1', 'CH2', 'CHZ']",2019-01-01T03:52:15.950000Z,6.65
84,20190101T035403Z,1J.TI4A.,"['CH1', 'CH2', 'CHZ']",2019-01-01T03:54:03.430000Z,6.64
85,20190101T040232Z,1J.TI4A.,"['CH1', 'CH2', 'CHZ']",2019-01-01T04:02:32.850000Z,15.07
86,20190101T060316Z,1J.TI4A.,"['CH1', 'CH2', 'CHZ']",2019-01-01T06:03:27.950000Z,2.7
87,20190101T075250Z,1J.TI4A.,"['CH1', 'CH2', 'CHZ']",2019-01-01T07:53:04.370000Z,5.02
88,20190101T083039Z,1J.TI4A.,"['CH1', 'CH2', 'CHZ']",2019-01-01T08:30:39.150000Z,11.22
89,20190101T085720Z,1J.TI4A.,"['CH1', 'CH2', 'CHZ']",2019-01-01T08:57:20.640000Z,7.37
90,20190101T090905Z,1J.TI4A.,"['CH1', 'CH2', 'CHZ']",2019-01-01T09:09:05.130000Z,5.62
91,20190101T091513Z,1J.TI4A.,"['CH1', 'CH2', 'CHZ']",2019-01-01T09:15:16.620000Z,10.91
92,20190101T092717Z,1J.TI4A.,"['CH1', 'CH2', 'CHZ']",2019-01-01T09:27:18.490000Z,2.91
93,20190101T092846Z,1J.TI4A.,"['CH1', 'CH2', 'CHZ']",2019-01-01T09:28:46.780000Z,7.1
94,20190101T093128Z,1J.TI4A.,"['CH1', 'CH2', 'CHZ']",2019-01-01T09:31:28.060000Z,5.17
95,20190101T093133Z,1J.TI4A.,"['CH1', 'CH2', 'CHZ']",2019-01-01T09:31:39.560000Z,3.05
96,20190101T093313Z,1J.TI4A.,"['CH1', 'CH2', 'CHZ']",2019-01-01T09:33:13.590000Z,6.51
97,20190101T093724Z,1J.TI4A.,"['CH1', 'CH2', 'CHZ']",2019-01-01T09:37:24.160000Z,8.4
98,20190101T093938Z,1J.TI4A.,"['CH1', 'CH2', 'CHZ']",2019-01-01T09:39:38.800000Z,6.06
99,20190101T094115Z,1J.TI4A.,"['CH1', 'CH2', 'CHZ']",2019-01-01T09:41:15.680000Z,6.44
100,20190101T094241Z,1J.TI4A.,"['CH1', 'CH2', 'CHZ']",2019-01-01T09:42:47.870000Z,3.4
101,20190101T094432Z,1J.TI4A.,"['CH1', 'CH2', 'CHZ']",2019-01-01T09:44:35.370000Z,6.37
102,20190101T094642Z,1J.TI4A.,"['CH1', 'CH2', 'CHZ']",2019-01-01T09:46:42.880000Z,7.95
103,20190101T094743Z,1J.TI4A.,"['CH1', 'CH2', 'CHZ']",2019-01-01T09:47:52.980000Z,4.93
104,20190101T095233Z,1J.TI4A.,"['CH1', 'CH2', 'CHZ']",2019-01-01T09:52:34.110000Z,6.09
105,20190101T095645Z,1J.TI4A.,"['CH1', 'CH2', 'CHZ']",2019-01-01T09:56:46.640000Z,6.27
106,20190101T095926Z,1J.TI4A.,"['CH1', 'CH2', 'CHZ']",2019-01-01T09:59:29.320000Z,7.01
107,20190101T100013Z,1J.TI4A.,"['CH1', 'CH2', 'CHZ']",2019-01-01T10:00:13.640000Z,9.85
108,20190101T100905Z,1J.TI4A.,"['CH1', 'CH2', 'CHZ']",2019-01-01T10:09:08.160000Z,11.13
109,20190101T101829Z,1J.TI4A.,"['CH1', 'CH2', 'CHZ']",2019-01-01T10:18:35.140000Z,4.74
110,20190101T101952Z,1J.TI4A.,"['CH1', 'CH2', 'CHZ']",2019-01-01T10:19:54.100000Z,6.85
111,20190101T102548Z,1J.TI4A.,"['CH1', 'CH2', 'CHZ']",2019-01-01T10:25:53.010000Z,5.07
112,20190101T103036Z,1J.TI4A.,"['CH1', 'CH2', 'CHZ']",2019-01-01T10:30:45.810000Z,4.37
113,20190101T103130Z,1J.TI4A.,"['CH1', 'CH2', 'CHZ']",2019-01-01T10:31:34.920000Z,10.78
114,20190101T103159Z,1J.TI4A.,"['CH1', 'CH2', 'CHZ']",2019-01-01T10:32:07.160000Z,4.0
115,20190101T103745Z,1J.TI4A.,"['CH1', 'CH2', 'CHZ']",2019-01-01T10:37:49.380000Z,14.9
116,20190101T103828Z,1J.TI4A.,"['CH1', 'CH2', 'CHZ']",2019-01-01T10:38:31.590000Z,10.74
117,20190101T104149Z,1J.TI4A.,"['CH1', 'CH2', 'CHZ']",2019-01-01T10:41:52.040000Z,7.33
118,20190101T104840Z,1J.TI4A.,"['CH1', 'CH2', 'CHZ']",2019-01-01T10:48:40.320000Z,14.42
119,20190101T112231Z,1J.TI4A.,"['CH1', 'CH2', 'CHZ']",2019-01-01T11:22:34.990000Z,12.49
120,20190101T112329Z,1J.TI4A.,"['CH1', 'CH2', 'CHZ']",2019-01-01T11:23:34.470000Z,6.35
121,20190101T112517Z,1J.TI4A.,"['CH1', 'CH2', 'CHZ']",2019-01-01T11:25:19.500000Z,6.21
122,20190101T112638Z,1J.TI4A.,"['CH1', 'CH2', 'CHZ']",2019-01-01T11:26:38.710000Z,18.46
123,20190101T112805Z,1J.TI4A.,"['CH1', 'CH2', 'CHZ']",2019-01-01T11:28:11.790000Z,4.59
124,20190101T113538Z,1J.TI4A.,"['CH1', 'CH2', 'CHZ']",2019-01-01T11:35:38.770000Z,7.07
125,20190101T113710Z,1J.TI4A.,"['CH1', 'CH2', 'CHZ']",2019-01-01T11:37:15.110000Z,3.92
126,20190101T114251Z,1J.TI4A.,"['CH1', 'CH2', 'CHZ']",2019-01-01T11:42:51.100000Z,7.63
127,20190101T114817Z,1J.TI4A.,"['CH1', 'CH2', 'CHZ']",2019-01-01T11:48:23.540000Z,10.07
128,20190101T115014Z,1J.TI4A.,"['CH1', 'CH2', 'CHZ']",2019-01-01T11:50:18.020000Z,4.68
129,20190101T115405Z,1J.TI4A.,"['CH1', 'CH2', 'CHZ']",2019-01-01T11:54:11.720000Z,3.74
130,20190101T115846Z,1J.TI4A.,"['CH1', 'CH2', 'CHZ']",2019-01-01T11:58:50.910000Z,5.33
131,20190101T120155Z,1J.TI4A.,"['CH1', 'CH2', 'CHZ']",2019-01-01T12:01:56.900000Z,3.47
132,20190101T120308Z,1J.TI4A.,"['CH1', 'CH2', 'CHZ']",2019-01-01T12:03:09.480000Z,4.71
133,20190101T120941Z,1J.TI4A.,"['CH1', 'CH2', 'CHZ']",2019-01-01T12:09:50.780000Z,9.0
134,20190101T121414Z,1J.TI4A.,"['CH1', 'CH2', 'CHZ']",2019-01-01T12:14:16.320000Z,4.46
135,20190101T122157Z,1J.TI4A.,"['CH1', 'CH2', 'CHZ']",2019-01-01T12:21:59.100000Z,8.49
136,20190101T122453Z,1J.TI4A.,"['CH1', 'CH2', 'CHZ']",2019-01-01T12:24:53.610000Z,3.87
137,20190101T122518Z,1J.TI4A.,"['CH1', 'CH2', 'CHZ']",2019-01-01T12:25:18.970000Z,5.72
138,20190101T122643Z,1J.TI4A.,"['CH1', 'CH2', 'CHZ']",2019-01-01T12:26:48.420000Z,2.57
139,20190101T122757Z,1J.TI4A.,"['CH1', 'CH2', 'CHZ']",2019-01-01T12:27:58.160000Z,10.83
140,20190101T122916Z,1J.TI4A.,"['CH1', 'CH2', 'CHZ']",2019-01-01T12:29:16.110000Z,9.84
141,20190101T123148Z,1J.TI4A.,"['CH1', 'CH2', 'CHZ']",2019-01-01T12:31:48.920000Z,5.9
142,20190101T123241Z,1J.TI4A.,"['CH1', 'CH2', 'CHZ']",2019-01-01T12:32:41.890000Z,6.7
143,20190101T123256Z,1J.TI4A.,"['CH1', 'CH2', 'CHZ']",2019-01-01T12:33:00.590000Z,2.27
144,20190101T123331Z,1J.TI4A.,"['CH1', 'CH2', 'CHZ']",2019-01-01T12:33:31.180000Z,20.34
145,20190101T123525Z,1J.TI4A.,"['CH1', 'CH2', 'CHZ']",2019-01-01T12:35:25.500000Z,1.73
146,20190101T123544Z,1J.TI4A.,"['CH1', 'CH2', 'CHZ']",2019-01-01T12:35:44.020000Z,6.06
147,20190101T124125Z,1J.TI4A.,"['CH1', 'CH2', 'CHZ']",2019-01-01T12:41:25.320000Z,14.39
148,20190101T124257Z,1J.TI4A.,"['CH1', 'CH2', 'CHZ']",2019-01-01T12:42:57.500000Z,16.16
149,20190101T124622Z,1J.TI4A.,"['CH1', 'CH2', 'CHZ']",2019-01-01T12:46:22.690000Z,15.84
150,20190101T125253Z,1J.TI4A.,"['CH1', 'CH2', 'CHZ']",2019-01-01T12:52:55.050000Z,1.99
151,20190101T125403Z,1J.TI4A.,"['CH1', 'CH2', 'CHZ']",2019-01-01T12:54:03.580000Z,7.46
152,20190101T130135Z,1J.TI4A.,"['CH1', 'CH2', 'CHZ']",2019-01-01T13:01:35.770000Z,8.45
153,20190101T130200Z,1J.TI4A.,"['CH1', 'CH2', 'CHZ']",2019-01-01T13:02:00.380000Z,10.08
154,20190101T130451Z,1J.TI4A.,"['CH1', 'CH2', 'CHZ']",2019-01-01T13:04:51.430000Z,11.69
155,20190101T132051Z,1J.TI4A.,"['CH1', 'CH2', 'CHZ']",2019-01-01T13:20:51.440000Z,13.75
156,20190101T132253Z,1J.TI4A.,"['CH1', 'CH2', 'CHZ']",2019-01-01T13:22:53.780000Z,9.38
157,20190101T132418Z,1J.TI4A.,"['CH1', 'CH2', 'CHZ']",2019-01-01T13:24:18.000000Z,10.39
158,20190101T132700Z,1J.TI4A.,"['CH1', 'CH2', 'CHZ']",2019-01-01T13:27:00.080000Z,9.77
159,20190101T132817Z,1J.TI4A.,"['CH1', 'CH2', 'CHZ']",2019-01-01T13:28:17.830000Z,6.16
160,20190101T133241Z,1J.TI4A.,"['CH1', 'CH2', 'CHZ']",2019-01-01T13:32:47.220000Z,3.53
161,20190101T134436Z,1J.TI4A.,"['CH1', 'CH2', 'CHZ']",2019-01-01T13:44:37.870000Z,1.62
162,20190101T134545Z,1J.TI4A.,"['CH1', 'CH2', 'CHZ']",2019-01-01T13:45:45.970000Z,5.56
163,20190101T134812Z,1J.TI4A.,"['CH1', 'CH2', 'CHZ']",2019-01-01T13:48:12.420000Z,1.94
164,20190101T135222Z,1J.TI4A.,"['CH1', 'CH2', 'CHZ']",2019-01-01T13:52:22.880000Z,8.0
165,20190101T135304Z,1J.TI4A.,"['CH1', 'CH2', 'CHZ']",2019-01-01T13:53:04.430000Z,5.75
166,20190101T135406Z,1J.TI4A.,"['CH1', 'CH2', 'CHZ']",2019-01-01T13:54:06.670000Z,6.82
167,20190101T135554Z,1J.TI4A.,"['CH1', 'CH2', 'CHZ']",2019-01-01T13:55:54.730000Z,5.97
168,20190101T135850Z,1J.TI4A.,"['CH1', 'CH2', 'CHZ']",2019-01-01T13:58:59.730000Z,2.73
169,20190101T140052Z,1J.TI4A.,"['CH1', 'CH2', 'CHZ']",2019-01-01T14:00:52.500000Z,13.0
170,20190101T140333Z,1J.TI4A.,"['CH1', 'CH2', 'CHZ']",2019-01-01T14:03:33.010000Z,7.08
171,20190101T140415Z,1J.TI4A.,"['CH1', 'CH2', 'CHZ']",2019-01-01T14:04:18.460000Z,16.11
172,20190101T140555Z,1J.TI4A.,"['CH1', 'CH2', 'CHZ']",2019-01-01T14:05:55.470000Z,5.64
173,20190101T140633Z,1J.TI4A.,"['CH1', 'CH2', 'CHZ']",2019-01-01T14:06:33.230000Z,5.59
174,20190101T140704Z,1J.TI4A.,"['CH1', 'CH2', 'CHZ']",2019-01-01T14:07:04.670000Z,6.13
175,20190101T140744Z,1J.TI4A.,"['CH1', 'CH2', 'CHZ']",2019-01-01T14:07:44.390000Z,21.19
176,20190101T141057Z,1J.TI4A.,"['CH1', 'CH2', 'CHZ']",2019-01-01T14:10:57.600000Z,17.6
177,20190101T141856Z,1J.TI4A.,"['CH1', 'CH2', 'CHZ']",2019-01-01T14:18:59.390000Z,6.73
178,20190101T142530Z,1J.TI4A.,"['CH1', 'CH2', 'CHZ']",2019-01-01T14:25:32.570000Z,17.4
179,20190101T142804Z,1J.TI4A.,"['CH1', 'CH2', 'CHZ']",2019-01-01T14:28:07.280000Z,19.25
180,20190101T143007Z,1J.TI4A.,"['CH1', 'CH2', 'CHZ']",2019-01-01T14:30:10.770000Z,9.53
181,20190101T143036Z,1J.TI4A.,"['CH1', 'CH2', 'CHZ']",2019-01-01T14:30:42.630000Z,4.3
182,20190101T144042Z,1J.TI4A.,"['CH1', 'CH2', 'CHZ']",2019-01-01T14:40:44.980000Z,5.26
183,20190101T145335Z,1J.TI4A.,"['CH1', 'CH2', 'CHZ']",2019-01-01T14:53:39.490000Z,4.99
184,20190101T145803Z,1J.TI4A.,"['CH1', 'CH2', 'CHZ']",2019-01-01T14:58:06.900000Z,8.75
185,20190101T145831Z,1J.TI4A.,"['CH1', 'CH2', 'CHZ']",2019-01-01T14:58:37.350000Z,4.7
186,20190101T150351Z,1J.TI4A.,"['CH1', 'CH2', 'CHZ']",2019-01-01T15:03:51.270000Z,5.79
187,20190101T150614Z,1J.TI4A.,"['CH1', 'CH2', 'CHZ']",2019-01-01T15:06:17.820000Z,3.84
188,20190101T151407Z,1J.TI4A.,"['CH1', 'CH2', 'CHZ']",2019-01-01T15:14:07.400000Z,14.63
189,20190101T152535Z,1J.TI4A.,"['CH1', 'CH2', 'CHZ']",2019-01-01T15:25:40.510000Z,4.58
190,20190101T163443Z,1J.TI4A.,"['CH1', 'CH2', 'CHZ']",2019-01-01T16:34:46.550000Z,5.36
191,20190101T173950Z,1J.TI4A.,"['CH1', 'CH2', 'CHZ']",2019-01-01T17:39:50.390000Z,6.56
192,20190101T175410Z,1J.TI4A.,"['CH1', 'CH2', 'CHZ']",2019-01-01T17:54:15.050000Z,7.77
193,20190101T175531Z,1J.TI4A.,"['CH1', 'CH2', 'CHZ']",2019-01-01T17:55:32.500000Z,0.63
194,20190101T180019Z,1J.TI4A.,"['CH1', 'CH2', 'CHZ']",2019-01-01T18:00:19.350000Z,6.99
195,20190101T180217Z,1J.TI4A.,"['CH1', 'CH2', 'CHZ']",2019-01-01T18:02:17.500000Z,5.42
196,20190101T181007Z,1J.TI4A.,"['CH1', 'CH2', 'CHZ']",2019-01-01T18:10:07.290000Z,6.92
197,20190101T181144Z,1J.TI4A.,"['CH1', 'CH2', 'CHZ']",2019-01-01T18:11:44.050000Z,13.07
198,20190101T181208Z,1J.TI4A.,"['CH1', 'CH2', 'CHZ']",2019-01-01T18:12:08.600000Z,6.12
199,20190101T183902Z,1J.TI4A.,"['CH1', 'CH2', 'CHZ']",2019-01-01T18:39:02.460000Z,10.56
200,20190101T190408Z,1J.TI4A.,"['CH1', 'CH2', 'CHZ']",2019-01-01T19:04:09.640000Z,4.23
201,20190101T192354Z,1J.TI4A.,"['CH1', 'CH2', 'CHZ']",2019-01-01T19:23:54.040000Z,17.7
202,20190101T192616Z,1J.TI4A.,"['CH1', 'CH2', 'CHZ']",2019-01-01T19:26:22.010000Z,19.57
203,20190101T192752Z,1J.TI4A.,"['CH1', 'CH2', 'CHZ']",2019-01-01T19:27:58.020000Z,7.98
204,20190101T192958Z,1J.TI4A.,"['CH1', 'CH2', 'CHZ']",2019-01-01T19:30:02.690000Z,3.47
205,20190101T193450Z,1J.TI4A.,"['CH1', 'CH2', 'CHZ']",2019-01-01T19:34:50.610000Z,10.97
206,20190101T194044Z,1J.TI4A.,"['CH1', 'CH2', 'CHZ']",2019-01-01T19:40:44.640000Z,5.15
207,20190101T194257Z,1J.TI4A.,"['CH1', 'CH2', 'CHZ']",2019-01-01T19:42:57.340000Z,5.17
208,20190101T194404Z,1J.TI4A.,"['CH1', 'CH2', 'CHZ']",2019-01-01T19:44:08.930000Z,1.99
209,20190101T194707Z,1J.TI4A.,"['CH1', 'CH2', 'CHZ']",2019-01-01T19:47:07.570000Z,2.01
210,20190101T194836Z,1J.TI4A.,"['CH1', 'CH2', 'CHZ']",2019-01-01T19:48:36.220000Z,9.47
211,20190101T194938Z,1J.TI4A.,"['CH1', 'CH2', 'CHZ']",2019-01-01T19:49:38.760000Z,7.81
212,20190101T195238Z,1J.TI4A.,"['CH1', 'CH2', 'CHZ']",2019-01-01T19:52:38.590000Z,11.09
213,20190101T195253Z,1J.TI4A.,"['CH1', 'CH2', 'CHZ']",2019-01-01T19:52:54.700000Z,6.16
214,20190101T195435Z,1J.TI4A.,"['CH1', 'CH2', 'CHZ']",2019-01-01T19:54:38.730000Z,12.7
215,20190101T195508Z,1J.TI4A.,"['CH1', 'CH2', 'CHZ']",2019-01-01T19:55:15.680000Z,11.68
216,20190101T195646Z,1J.TI4A.,"['CH1', 'CH2', 'CHZ']",2019-01-01T19:56:46.630000Z,7.82
217,20190101T195901Z,1J.TI4A.,"['CH1', 'CH2', 'CHZ']",2019-01-01T19:59:01.440000Z,6.78
218,20190101T200043Z,1J.TI4A.,"['CH1', 'CH2', 'CHZ']",2019-01-01T20:00:49.770000Z,6.09
219,20190101T200913Z,1J.TI4A.,"['CH1', 'CH2', 'CHZ']",2019-01-01T20:09:18.410000Z,4.85
220,20190101T200940Z,1J.TI4A.,"['CH1', 'CH2', 'CHZ']",2019-01-01T20:09:43.970000Z,2.87
221,20190101T201328Z,1J.TI4A.,"['CH1', 'CH2', 'CHZ']",2019-01-01T20:13:33.120000Z,2.67
222,20190101T201453Z,1J.TI4A.,"['CH1', 'CH2', 'CHZ']",2019-01-01T20:14:53.180000Z,9.42
223,20190101T201820Z,1J.TI4A.,"['CH1', 'CH2', 'CHZ']",2019-01-01T20:18:26.810000Z,4.25
224,20190101T202034Z,1J.TI4A.,"['CH1', 'CH2', 'CHZ']",2019-01-01T20:20:36.820000Z,3.17
225,20190101T202113Z,1J.TI4A.,"['CH1', 'CH2', 'CHZ']",2019-01-01T20:21:16.820000Z,2.64
226,20190101T202436Z,1J.TI4A.,"['CH1', 'CH2', 'CHZ']",2019-01-01T20:24:38.630000Z,3.95
227,20190101T203205Z,1J.TI4A.,"['CH1', 'CH2', 'CHZ']",2019-01-01T20:32:05.290000Z,7.17
228,20190101T203803Z,1J.TI4A.,"['CH1', 'CH2', 'CHZ']",2019-01-01T20:38:03.190000Z,16.49
229,20190101T215827Z,1J.TI4A.,"['CH1', 'CH2', 'CHZ']",2019-01-01T21:58:36.360000Z,1.86
230,20190101T221051Z,1J.TI4A.,"['CH1', 'CH2', 'CHZ']",2019-01-01T22:10:51.850000Z,4.9
231,20190101T222002Z,1J.TI4A.,"['CH1', 'CH2', 'CHZ']",2019-01-01T22:20:03.460000Z,11.52
232,20190101T232439Z,1J.TI4A.,"['CH1', 'CH2', 'CHZ']",2019-01-01T23:24:45.960000Z,4.89
233,20190101T232539Z,1J.TI4A.,"['CH1', 'CH2', 'CHZ']",2019-01-01T23:25:46.660000Z,1.86
234,20190101T000145Z,1J.TI3A.,"['CH1', 'CH2', 'CHZ']",2019-01-01T00:01:45.540000Z,8.03
235,20190101T000352Z,1J.TI3A.,"['CH1', 'CH2', 'CHZ']",2019-01-01T00:03:52.960000Z,5.03
236,20190101T001023Z,1J.TI3A.,"['CH1', 'CH2', 'CHZ']",2019-01-01T00:10:23.280000Z,5.59
237,20190101T001125Z,1J.TI3A.,"['CH1', 'CH2', 'CHZ']",2019-01-01T00:11:25.760000Z,6.55
238,20190101T001153Z,1J.TI3A.,"['CH1', 'CH2', 'CHZ']",2019-01-01T00:11:53.410000Z,5.3
239,20190101T001256Z,1J.TI3A.,"['CH1', 'CH2', 'CHZ']",2019-01-01T00:12:56.680000Z,5.88
240,20190101T001343Z,1J.TI3A.,"['CH1', 'CH2', 'CHZ']",2019-01-01T00:13:44.160000Z,6.85
241,20190101T002049Z,1J.TI3A.,"['CH1', 'CH2', 'CHZ']",2019-01-01T00:20:49.260000Z,13.32
242,20190101T003103Z,1J.TI3A.,"['CH1', 'CH2', 'CHZ']",2019-01-01T00:31:03.230000Z,4.23
243,20190101T004132Z,1J.TI3A.,"['CH1', 'CH2', 'CHZ']",2019-01-01T00:41:32.160000Z,4.34
244,20190101T004522Z,1J.TI3A.,"['CH1', 'CH2', 'CHZ']",2019-01-01T00:45:24.580000Z,6.92
245,20190101T005259Z,1J.TI3A.,"['CH1', 'CH2', 'CHZ']",2019-01-01T00:52:59.760000Z,4.24
246,20190101T010034Z,1J.TI3A.,"['CH1', 'CH2', 'CHZ']",2019-01-01T01:00:34.910000Z,0.64
247,20190101T010229Z,1J.TI3A.,"['CH1', 'CH2', 'CHZ']",2019-01-01T01:02:31.630000Z,7.17
248,20190101T010530Z,1J.TI3A.,"['CH1', 'CH2', 'CHZ']",2019-01-01T01:05:30.320000Z,6.86
249,20190101T010650Z,1J.TI3A.,"['CH1', 'CH2', 'CHZ']",2019-01-01T01:06:52.710000Z,5.69
250,20190101T010913Z,1J.TI3A.,"['CH1', 'CH2', 'CHZ']",2019-01-01T01:09:15.160000Z,3.89
251,20190101T011637Z,1J.TI3A.,"['CH1', 'CH2', 'CHZ']",2019-01-01T01:16:42.050000Z,1.96
252,20190101T011919Z,1J.TI3A.,"['CH1', 'CH2', 'CHZ']",2019-01-01T01:19:24.190000Z,1.38
253,20190101T012236Z,1J.TI3A.,"['CH1', 'CH2', 'CHZ']",2019-01-01T01:22:36.780000Z,10.42
254,20190101T013415Z,1J.TI3A.,"['CH1', 'CH2', 'CHZ']",2019-01-01T01:34:27.110000Z,6.01
255,20190101T013538Z,1J.TI3A.,"['CH1', 'CH2', 'CHZ']",2019-01-01T01:35:38.400000Z,5.42
256,20190101T013635Z,1J.TI3A.,"['CH1', 'CH2', 'CHZ']",2019-01-01T01:36:35.650000Z,4.26
257,20190101T014128Z,1J.TI3A.,"['CH1', 'CH2', 'CHZ']",2019-01-01T01:41:28.490000Z,6.97
258,20190101T014220Z,1J.TI3A.,"['CH1', 'CH2', 'CHZ']",2019-01-01T01:42:21.840000Z,6.47
259,20190101T014805Z,1J.TI3A.,"['CH1', 'CH2', 'CHZ']",2019-01-01T01:48:07.980000Z,8.21
260,20190101T014836Z,1J.TI3A.,"['CH1', 'CH2', 'CHZ']",2019-01-01T01:48:36.250000Z,6.03
261,20190101T015229Z,1J.TI3A.,"['CH1', 'CH2', 'CHZ']",2019-01-01T01:52:29.660000Z,8.28
262,20190101T015510Z,1J.TI3A.,"['CH1', 'CH2', 'CHZ']",2019-01-01T01:55:10.670000Z,8.23
263,20190101T015601Z,1J.TI3A.,"['CH1', 'CH2', 'CHZ']",2019-01-01T01:56:01.330000Z,4.06
264,20190101T015933Z,1J.TI3A.,"['CH1', 'CH2', 'CHZ']",2019-01-01T01:59:33.630000Z,6.02
265,20190101T020045Z,1J.TI3A.,"['CH1', 'CH2', 'CHZ']",2019-01-01T02:00:45.260000Z,4.01
266,20190101T020120Z,1J.TI3A.,"['CH1', 'CH2', 'CHZ']",2019-01-01T02:01:20.340000Z,9.04
267,20190101T020318Z,1J.TI3A.,"['CH1', 'CH2', 'CHZ']",2019-01-01T02:03:18.430000Z,8.45
268,20190101T020633Z,1J.TI3A.,"['CH1', 'CH2', 'CHZ']",2019-01-01T02:06:33.030000Z,7.02
269,20190101T020701Z,1J.TI3A.,"['CH1', 'CH2', 'CHZ']",2019-01-01T02:07:01.380000Z,5.87
270,20190101T020814Z,1J.TI3A.,"['CH1', 'CH2', 'CHZ']",2019-01-01T02:08:14.280000Z,6.57
271,20190101T020935Z,1J.TI3A.,"['CH1', 'CH2', 'CHZ']",2019-01-01T02:09:36.180000Z,6.13
272,20190101T021656Z,1J.TI3A.,"['CH1', 'CH2', 'CHZ']",2019-01-01T02:16:56.720000Z,6.4
273,20190101T021724Z,1J.TI3A.,"['CH1', 'CH2', 'CHZ']",2019-01-01T02:17:24.480000Z,7.09
274,20190101T021948Z,1J.TI3A.,"['CH1', 'CH2', 'CHZ']",2019-01-01T02:19:48.020000Z,11.08
275,20190101T022223Z,1J.TI3A.,"['CH1', 'CH2', 'CHZ']",2019-01-01T02:22:24.350000Z,6.03
276,20190101T022313Z,1J.TI3A.,"['CH1', 'CH2', 'CHZ']",2019-01-01T02:23:26.180000Z,6.68
277,20190101T022359Z,1J.TI3A.,"['CH1', 'CH2', 'CHZ']",2019-01-01T02:24:00.200000Z,6.38
278,20190101T022420Z,1J.TI3A.,"['CH1', 'CH2', 'CHZ']",2019-01-01T02:24:23.340000Z,3.81
279,20190101T022831Z,1J.TI3A.,"['CH1', 'CH2', 'CHZ']",2019-01-01T02:28:35.400000Z,5.98
280,20190101T023429Z,1J.TI3A.,"['CH1', 'CH2', 'CHZ']",2019-01-01T02:34:29.330000Z,7.34
281,20190101T023831Z,1J.TI3A.,"['CH1', 'CH2', 'CHZ']",2019-01-01T02:38:31.390000Z,6.88
282,20190101T024638Z,1J.TI3A.,"['CH1', 'CH2', 'CHZ']",2019-01-01T02:46:39.050000Z,6.28
283,20190101T024952Z,1J.TI3A.,"['CH1', 'CH2', 'CHZ']",2019-01-01T02:49:52.450000Z,4.13
284,20190101T025600Z,1J.TI3A.,"['CH1', 'CH2', 'CHZ']",2019-01-01T02:56:00.860000Z,4.36
285,20190101T025753Z,1J.TI3A.,"['CH1', 'CH2', 'CHZ']",2019-01-01T02:57:55.460000Z,6.36
286,20190101T030018Z,1J.TI3A.,"['CH1', 'CH2', 'CHZ']",2019-01-01T03:00:18.590000Z,8.81
287,20190101T030255Z,1J.TI3A.,"['CH1', 'CH2', 'CHZ']",2019-01-01T03:02:55.540000Z,4.26
288,20190101T030912Z,1J.TI3A.,"['CH1', 'CH2', 'CHZ']",2019-01-01T03:09:12.350000Z,8.93
289,20190101T030939Z,1J.TI3A.,"['CH1', 'CH2', 'CHZ']",2019-01-01T03:09:39.800000Z,6.61
290,20190101T031120Z,1J.TI3A.,"['CH1', 'CH2', 'CHZ']",2019-01-01T03:11:22.830000Z,5.53
291,20190101T031258Z,1J.TI3A.,"['CH1', 'CH2', 'CHZ']",2019-01-01T03:12:58.970000Z,4.18
292,20190101T031509Z,1J.TI3A.,"['CH1', 'CH2', 'CHZ']",2019-01-01T03:15:09.880000Z,7.82
293,20190101T032115Z,1J.TI3A.,"['CH1', 'CH2', 'CHZ']",2019-01-01T03:21:15.660000Z,5.5
294,20190101T032647Z,1J.TI3A.,"['CH1', 'CH2', 'CHZ']",2019-01-01T03:26:59.840000Z,6.79
295,20190101T033008Z,1J.TI3A.,"['CH1', 'CH2', 'CHZ']",2019-01-01T03:30:08.600000Z,6.25
296,20190101T033021Z,1J.TI3A.,"['CH1', 'CH2', 'CHZ']",2019-01-01T03:30:21.790000Z,4.39
297,20190101T033049Z,1J.TI3A.,"['CH1', 'CH2', 'CHZ']",2019-01-01T03:30:49.170000Z,6.21
298,20190101T033952Z,1J.TI3A.,"['CH1', 'CH2', 'CHZ']",2019-01-01T03:39:52.090000Z,9.57
299,20190101T034007Z,1J.TI3A.,"['CH1', 'CH2', 'CHZ']",2019-01-01T03:40:07.900000Z,7.81
300,20190101T034337Z,1J.TI3A.,"['CH1', 'CH2', 'CHZ']",2019-01-01T03:43:37.100000Z,5.28
301,20190101T034627Z,1J.TI3A.,"['CH1', 'CH2', 'CHZ']",2019-01-01T03:46:27.430000Z,6.46
302,20190101T034803Z,1J.TI3A.,"['CH1', 'CH2', 'CHZ']",2019-01-01T03:48:03.350000Z,4.19
303,20190101T035131Z,1J.TI3A.,"['CH1', 'CH2', 'CHZ']",2019-01-01T03:51:31.790000Z,4.21
304,20190101T035541Z,1J.TI3A.,"['CH1', 'CH2', 'CHZ']",2019-01-01T03:55:41.860000Z,9.11
305,20190101T035634Z,1J.TI3A.,"['CH1', 'CH2', 'CHZ']",2019-01-01T03:56:34.860000Z,4.21
306,20190101T035752Z,1J.TI3A.,"['CH1', 'CH2', 'CHZ']",2019-01-01T03:57:53.200000Z,5.93
307,20190101T035839Z,1J.TI3A.,"['CH1', 'CH2', 'CHZ']",2019-01-01T03:58:39.460000Z,8.25
308,20190101T040402Z,1J.TI3A.,"['CH1', 'CH2', 'CHZ']",2019-01-01T04:04:02.470000Z,4.26
309,20190101T040755Z,1J.TI3A.,"['CH1', 'CH2', 'CHZ']",2019-01-01T04:07:56.000000Z,4.23
310,20190101T040941Z,1J.TI3A.,"['CH1', 'CH2', 'CHZ']",2019-01-01T04:09:42.170000Z,6.31
311,20190101T041817Z,1J.TI3A.,"['CH1', 'CH2', 'CHZ']",2019-01-01T04:18:25.820000Z,1.2
312,20190101T041845Z,1J.TI3A.,"['CH1', 'CH2', 'CHZ']",2019-01-01T04:18:45.120000Z,7.44
313,20190101T041936Z,1J.TI3A.,"['CH1', 'CH2', 'CHZ']",2019-01-01T04:19:36.410000Z,7.42
314,20190101T042053Z,1J.TI3A.,"['CH1', 'CH2', 'CHZ']",2019-01-01T04:20:54.900000Z,16.53
315,20190101T042128Z,1J.TI3A.,"['CH1', 'CH2', 'CHZ']",2019-01-01T04:21:28.110000Z,4.98
316,20190101T042328Z,1J.TI3A.,"['CH1', 'CH2', 'CHZ']",2019-01-01T04:23:28.260000Z,5.75
317,20190101T042442Z,1J.TI3A.,"['CH1', 'CH2', 'CHZ']",2019-01-01T04:24:42.200000Z,3.51
318,20190101T042913Z,1J.TI3A.,"['CH1', 'CH2', 'CHZ']",2019-01-01T04:29:13.290000Z,9.75
319,20190101T043133Z,1J.TI3A.,"['CH1', 'CH2', 'CHZ']",2019-01-01T04:31:33.640000Z,4.13
320,20190101T043419Z,1J.TI3A.,"['CH1', 'CH2', 'CHZ']",2019-01-01T04:34:20.390000Z,5.92
321,20190101T044114Z,1J.TI3A.,"['CH1', 'CH2', 'CHZ']",2019-01-01T04:41:14.830000Z,6.66
322,20190101T044142Z,1J.TI3A.,"['CH1', 'CH2', 'CHZ']",2019-01-01T04:41:42.040000Z,5.69
323,20190101T044941Z,1J.TI3A.,"['CH1', 'CH2', 'CHZ']",2019-01-01T04:49:42.200000Z,8.37
324,20190101T045125Z,1J.TI3A.,"['CH1', 'CH2', 'CHZ']",2019-01-01T04:51:25.200000Z,4.52
325,20190101T045940Z,1J.TI3A.,"['CH1', 'CH2', 'CHZ']",2019-01-01T04:59:40.070000Z,5.9
326,20190101T050536Z,1J.TI3A.,"['CH1', 'CH2', 'CHZ']",2019-01-01T05:05:36.460000Z,11.57
327,20190101T050630Z,1J.TI3A.,"['CH1', 'CH2', 'CHZ']",2019-01-01T05:06:30.580000Z,7.73
328,20190101T050715Z,1J.TI3A.,"['CH1', 'CH2', 'CHZ']",2019-01-01T05:07:15.770000Z,4.3
329,20190101T051043Z,1J.TI3A.,"['CH1', 'CH2', 'CHZ']",2019-01-01T05:10:43.840000Z,4.24
330,20190101T051503Z,1J.TI3A.,"['CH1', 'CH2', 'CHZ']",2019-01-01T05:15:03.010000Z,4.11
331,20190101T051708Z,1J.TI3A.,"['CH1', 'CH2', 'CHZ']",2019-01-01T05:17:08.140000Z,11.96
332,20190101T051759Z,1J.TI3A.,"['CH1', 'CH2', 'CHZ']",2019-01-01T05:17:59.620000Z,4.03
333,20190101T051920Z,1J.TI3A.,"['CH1', 'CH2', 'CHZ']",2019-01-01T05:19:20.390000Z,5.93
334,20190101T052502Z,1J.TI3A.,"['CH1', 'CH2', 'CHZ']",2019-01-01T05:25:02.600000Z,8.57
335,20190101T053039Z,1J.TI3A.,"['CH1', 'CH2', 'CHZ']",2019-01-01T05:30:39.740000Z,8.29
336,20190101T053143Z,1J.TI3A.,"['CH1', 'CH2', 'CHZ']",2019-01-01T05:31:45.260000Z,5.59
337,20190101T053416Z,1J.TI3A.,"['CH1', 'CH2', 'CHZ']",2019-01-01T05:34:16.440000Z,5.84
338,20190101T053542Z,1J.TI3A.,"['CH1', 'CH2', 'CHZ']",2019-01-01T05:35:42.680000Z,7.46
339,20190101T053610Z,1J.TI3A.,"['CH1', 'CH2', 'CHZ']",2019-01-01T05:36:10.160000Z,7.32
340,20190101T053919Z,1J.TI3A.,"['CH1', 'CH2', 'CHZ']",2019-01-01T05:39:19.870000Z,7.28
341,20190101T054449Z,1J.TI3A.,"['CH1', 'CH2', 'CHZ']",2019-01-01T05:44:50.990000Z,5.92
342,20190101T054641Z,1J.TI3A.,"['CH1', 'CH2', 'CHZ']",2019-01-01T05:46:42.630000Z,6.68
343,20190101T054836Z,1J.TI3A.,"['CH1', 'CH2', 'CHZ']",2019-01-01T05:48:38.240000Z,4.19
344,20190101T055249Z,1J.TI3A.,"['CH1', 'CH2', 'CHZ']",2019-01-01T05:52:49.470000Z,4.66
345,20190101T055318Z,1J.TI3A.,"['CH1', 'CH2', 'CHZ']",2019-01-01T05:53:18.580000Z,5.6
346,20190101T055720Z,1J.TI3A.,"['CH1', 'CH2', 'CHZ']",2019-01-01T05:57:23.980000Z,1.98
347,20190101T060759Z,1J.TI3A.,"['CH1', 'CH2', 'CHZ']",2019-01-01T06:07:59.770000Z,1.95
348,20190101T061237Z,1J.TI3A.,"['CH1', 'CH2', 'CHZ']",2019-01-01T06:12:42.120000Z,1.67
349,20190101T062054Z,1J.TI3A.,"['CH1', 'CH2', 'CHZ']",2019-01-01T06:20:54.190000Z,3.9
350,20190101T062207Z,1J.TI3A.,"['CH1', 'CH2', 'CHZ']",2019-01-01T06:22:08.870000Z,4.71
351,20190101T062506Z,1J.TI3A.,"['CH1', 'CH2', 'CHZ']",2019-01-01T06:25:06.530000Z,2.86
352,20190101T063720Z,1J.TI3A.,"['CH1', 'CH2', 'CHZ']",2019-01-01T06:37:21.120000Z,2.48
353,20190101T064336Z,1J.TI3A.,"['CH1', 'CH2', 'CHZ']",2019-01-01T06:43:36.540000Z,12.12
354,20190101T064536Z,1J.TI3A.,"['CH1', 'CH2', 'CHZ']",2019-01-01T06:45:36.220000Z,11.03
355,20190101T065116Z,1J.TI3A.,"['CH1', 'CH2', 'CHZ']",2019-01-01T06:51:16.890000Z,4.06
356,20190101T065152Z,1J.TI3A.,"['CH1', 'CH2', 'CHZ']",2019-01-01T06:52:00.890000Z,4.24
357,20190101T065301Z,1J.TI3A.,"['CH1', 'CH2', 'CHZ']",2019-01-01T06:53:01.240000Z,8.86
358,20190101T070021Z,1J.TI3A.,"['CH1', 'CH2', 'CHZ']",2019-01-01T07:00:21.950000Z,5.5
359,20190101T070441Z,1J.TI3A.,"['CH1', 'CH2', 'CHZ']",2019-01-01T07:04:43.180000Z,3.62
360,20190101T070632Z,1J.TI3A.,"['CH1', 'CH2', 'CHZ']",2019-01-01T07:06:32.800000Z,5.34
361,20190101T071421Z,1J.TI3A.,"['CH1', 'CH2', 'CHZ']",2019-01-01T07:14:21.350000Z,3.48
362,20190101T071819Z,1J.TI3A.,"['CH1', 'CH2', 'CHZ']",2019-01-01T07:18:19.710000Z,9.8
363,20190101T071848Z,1J.TI3A.,"['CH1', 'CH2', 'CHZ']",2019-01-01T07:18:48.350000Z,2.88
364,20190101T073329Z,1J.TI3A.,"['CH1', 'CH2', 'CHZ']",2019-01-01T07:33:29.890000Z,3.6
365,20190101T073441Z,1J.TI3A.,"['CH1', 'CH2', 'CHZ']",2019-01-01T07:34:44.500000Z,2.94
366,20190101T073928Z,1J.TI3A.,"['CH1', 'CH2', 'CHZ']",2019-01-01T07:39:28.480000Z,5.41
367,20190101T074036Z,1J.TI3A.,"['CH1', 'CH2', 'CHZ']",2019-01-01T07:40:38.160000Z,21.0
368,20190101T074136Z,1J.TI3A.,"['CH1', 'CH2', 'CHZ']",2019-01-01T07:41:36.270000Z,3.67
369,20190101T074209Z,1J.TI3A.,"['CH1', 'CH2', 'CHZ']",2019-01-01T07:42:09.560000Z,7.04
370,20190101T074557Z,1J.TI3A.,"['CH1', 'CH2', 'CHZ']",2019-01-01T07:45:57.040000Z,4.34
371,20190101T074803Z,1J.TI3A.,"['CH1', 'CH2', 'CHZ']",2019-01-01T07:48:03.620000Z,4.26
372,20190101T075053Z,1J.TI3A.,"['CH1', 'CH2', 'CHZ']",2019-01-01T07:50:53.080000Z,11.32
373,20190101T075250Z,1J.TI3A.,"['CH1', 'CH2', 'CHZ']",2019-01-01T07:52:57.440000Z,2.01
374,20190101T075830Z,1J.TI3A.,"['CH1', 'CH2', 'CHZ']",2019-01-01T07:58:30.020000Z,4.04
375,20190101T075856Z,1J.TI3A.,"['CH1', 'CH2', 'CHZ']",2019-01-01T07:59:04.940000Z,1.82
376,20190101T075948Z,1J.TI3A.,"['CH1', 'CH2', 'CHZ']",2019-01-01T07:59:48.960000Z,7.26
377,20190101T080051Z,1J.TI3A.,"['CH1', 'CH2', 'CHZ']",2019-01-01T08:00:51.300000Z,4.08
378,20190101T080335Z,1J.TI3A.,"['CH1', 'CH2', 'CHZ']",2019-01-01T08:03:36.270000Z,7.34
379,20190101T080553Z,1J.TI3A.,"['CH1', 'CH2', 'CHZ']",2019-01-01T08:05:53.910000Z,1.96
380,20190101T080847Z,1J.TI3A.,"['CH1', 'CH2', 'CHZ']",2019-01-01T08:08:50.570000Z,4.01
381,20190101T081011Z,1J.TI3A.,"['CH1', 'CH2', 'CHZ']",2019-01-01T08:10:11.640000Z,2.71
382,20190101T081035Z,1J.TI3A.,"['CH1', 'CH2', 'CHZ']",2019-01-01T08:10:37.200000Z,2.86
383,20190101T081652Z,1J.TI3A.,"['CH1', 'CH2', 'CHZ']",2019-01-01T08:16:53.540000Z,11.58
384,20190101T082333Z,1J.TI3A.,"['CH1', 'CH2', 'CHZ']",2019-01-01T08:23:33.440000Z,8.65
385,20190101T082402Z,1J.TI3A.,"['CH1', 'CH2', 'CHZ']",2019-01-01T08:24:02.350000Z,6.91
386,20190101T082724Z,1J.TI3A.,"['CH1', 'CH2', 'CHZ']",2019-01-01T08:27:24.630000Z,6.43
387,20190101T082741Z,1J.TI3A.,"['CH1', 'CH2', 'CHZ']",2019-01-01T08:27:41.330000Z,17.22
388,20190101T082810Z,1J.TI3A.,"['CH1', 'CH2', 'CHZ']",2019-01-01T08:28:10.110000Z,4.15
389,20190101T082921Z,1J.TI3A.,"['CH1', 'CH2', 'CHZ']",2019-01-01T08:29:21.610000Z,4.01
390,20190101T083404Z,1J.TI3A.,"['CH1', 'CH2', 'CHZ']",2019-01-01T08:34:04.060000Z,6.38
391,20190101T083528Z,1J.TI3A.,"['CH1', 'CH2', 'CHZ']",2019-01-01T08:35:28.970000Z,5.86
392,20190101T084419Z,1J.TI3A.,"['CH1', 'CH2', 'CHZ']",2019-01-01T08:44:19.690000Z,4.03
393,20190101T084558Z,1J.TI3A.,"['CH1', 'CH2', 'CHZ']",2019-01-01T08:45:58.860000Z,6.68
394,20190101T085640Z,1J.TI3A.,"['CH1', 'CH2', 'CHZ']",2019-01-01T08:56:40.910000Z,6.58
395,20190101T085854Z,1J.TI3A.,"['CH1', 'CH2', 'CHZ']",2019-01-01T08:58:54.370000Z,4.09
396,20190101T090239Z,1J.TI3A.,"['CH1', 'CH2', 'CHZ']",2019-01-01T09:02:46.170000Z,5.57
397,20190101T090813Z,1J.TI3A.,"['CH1', 'CH2', 'CHZ']",2019-01-01T09:08:13.030000Z,7.36
398,20190101T091049Z,1J.TI3A.,"['CH1', 'CH2', 'CHZ']",2019-01-01T09:10:49.910000Z,4.08
399,20190101T091513Z,1J.TI3A.,"['CH1', 'CH2', 'CHZ']",2019-01-01T09:15:13.900000Z,9.35
400,20190101T092717Z,1J.TI3A.,"['CH1', 'CH2', 'CHZ']",2019-01-01T09:27:17.280000Z,4.3
401,20190101T092907Z,1J.TI3A.,"['CH1', 'CH2', 'CHZ']",2019-01-01T09:29:07.660000Z,3.94
402,20190101T093133Z,1J.TI3A.,"['CH1', 'CH2', 'CHZ']",2019-01-01T09:31:33.500000Z,11.56
403,20190101T093313Z,1J.TI3A.,"['CH1', 'CH2', 'CHZ']",2019-01-01T09:33:17.450000Z,9.45
404,20190101T093434Z,1J.TI3A.,"['CH1', 'CH2', 'CHZ']",2019-01-01T09:34:34.790000Z,9.75
405,20190101T094241Z,1J.TI3A.,"['CH1', 'CH2', 'CHZ']",2019-01-01T09:42:41.080000Z,6.87
406,20190101T094432Z,1J.TI3A.,"['CH1', 'CH2', 'CHZ']",2019-01-01T09:44:32.940000Z,6.88
407,20190101T094743Z,1J.TI3A.,"['CH1', 'CH2', 'CHZ']",2019-01-01T09:47:43.890000Z,7.08
408,20190101T095621Z,1J.TI3A.,"['CH1', 'CH2', 'CHZ']",2019-01-01T09:56:21.050000Z,4.31
409,20190101T095926Z,1J.TI3A.,"['CH1', 'CH2', 'CHZ']",2019-01-01T09:59:26.490000Z,6.79
410,20190101T100032Z,1J.TI3A.,"['CH1', 'CH2', 'CHZ']",2019-01-01T10:00:32.580000Z,2.01
411,20190101T100422Z,1J.TI3A.,"['CH1', 'CH2', 'CHZ']",2019-01-01T10:04:30.220000Z,3.36
412,20190101T100445Z,1J.TI3A.,"['CH1', 'CH2', 'CHZ']",2019-01-01T10:04:45.350000Z,4.28
413,20190101T100905Z,1J.TI3A.,"['CH1', 'CH2', 'CHZ']",2019-01-01T10:09:05.910000Z,9.58
414,20190101T101829Z,1J.TI3A.,"['CH1', 'CH2', 'CHZ']",2019-01-01T10:18:29.950000Z,5.65
415,20190101T101952Z,1J.TI3A.,"['CH1', 'CH2', 'CHZ']",2019-01-01T10:19:53.110000Z,5.97
416,20190101T102802Z,1J.TI3A.,"['CH1', 'CH2', 'CHZ']",2019-01-01T10:28:02.650000Z,4.26
417,20190101T103130Z,1J.TI3A.,"['CH1', 'CH2', 'CHZ']",2019-01-01T10:31:31.400000Z,8.49
418,20190101T103159Z,1J.TI3A.,"['CH1', 'CH2', 'CHZ']",2019-01-01T10:31:59.900000Z,5.6
419,20190101T103543Z,1J.TI3A.,"['CH1', 'CH2', 'CHZ']",2019-01-01T10:35:44.480000Z,4.1
420,20190101T103828Z,1J.TI3A.,"['CH1', 'CH2', 'CHZ']",2019-01-01T10:38:33.000000Z,2.37
421,20190101T104149Z,1J.TI3A.,"['CH1', 'CH2', 'CHZ']",2019-01-01T10:41:51.850000Z,5.52
422,20190101T105042Z,1J.TI3A.,"['CH1', 'CH2', 'CHZ']",2019-01-01T10:50:44.960000Z,3.29
423,20190101T105404Z,1J.TI3A.,"['CH1', 'CH2', 'CHZ']",2019-01-01T10:54:05.940000Z,6.27
424,20190101T105521Z,1J.TI3A.,"['CH1', 'CH2', 'CHZ']",2019-01-01T10:55:21.140000Z,4.03
425,20190101T110026Z,1J.TI3A.,"['CH1', 'CH2', 'CHZ']",2019-01-01T11:00:26.600000Z,6.69
426,20190101T110141Z,1J.TI3A.,"['CH1', 'CH2', 'CHZ']",2019-01-01T11:01:41.030000Z,8.19
427,20190101T111007Z,1J.TI3A.,"['CH1', 'CH2', 'CHZ']",2019-01-01T11:10:07.150000Z,5.21
428,20190101T112329Z,1J.TI3A.,"['CH1', 'CH2', 'CHZ']",2019-01-01T11:23:32.310000Z,3.87
429,20190101T112517Z,1J.TI3A.,"['CH1', 'CH2', 'CHZ']",2019-01-01T11:25:20.970000Z,2.37
430,20190101T112726Z,1J.TI3A.,"['CH1', 'CH2', 'CHZ']",2019-01-01T11:27:27.650000Z,5.53
431,20190101T112805Z,1J.TI3A.,"['CH1', 'CH2', 'CHZ']",2019-01-01T11:28:05.980000Z,5.62
432,20190101T113548Z,1J.TI3A.,"['CH1', 'CH2', 'CHZ']",2019-01-01T11:35:48.080000Z,4.18
433,20190101T114724Z,1J.TI3A.,"['CH1', 'CH2', 'CHZ']",2019-01-01T11:47:24.090000Z,4.2
434,20190101T115405Z,1J.TI3A.,"['CH1', 'CH2', 'CHZ']",2019-01-01T11:54:05.000000Z,6.39
435,20190101T115635Z,1J.TI3A.,"['CH1', 'CH2', 'CHZ']",2019-01-01T11:56:35.550000Z,4.28
436,20190101T115846Z,1J.TI3A.,"['CH1', 'CH2', 'CHZ']",2019-01-01T11:58:46.670000Z,6.02
437,20190101T120155Z,1J.TI3A.,"['CH1', 'CH2', 'CHZ']",2019-01-01T12:01:55.790000Z,3.8
438,20190101T120941Z,1J.TI3A.,"['CH1', 'CH2', 'CHZ']",2019-01-01T12:09:47.860000Z,7.92
439,20190101T121035Z,1J.TI3A.,"['CH1', 'CH2', 'CHZ']",2019-01-01T12:10:35.280000Z,5.6
440,20190101T121341Z,1J.TI3A.,"['CH1', 'CH2', 'CHZ']",2019-01-01T12:13:41.070000Z,4.08
441,20190101T121414Z,1J.TI3A.,"['CH1', 'CH2', 'CHZ']",2019-01-01T12:14:14.300000Z,4.3
442,20190101T122625Z,1J.TI3A.,"['CH1', 'CH2', 'CHZ']",2019-01-01T12:26:31.850000Z,1.95
443,20190101T122643Z,1J.TI3A.,"['CH1', 'CH2', 'CHZ']",2019-01-01T12:26:43.440000Z,4.38
444,20190101T122959Z,1J.TI3A.,"['CH1', 'CH2', 'CHZ']",2019-01-01T12:29:59.380000Z,4.2
445,20190101T123224Z,1J.TI3A.,"['CH1', 'CH2', 'CHZ']",2019-01-01T12:32:24.030000Z,2.78
446,20190101T123256Z,1J.TI3A.,"['CH1', 'CH2', 'CHZ']",2019-01-01T12:32:58.640000Z,4.1
447,20190101T125017Z,1J.TI3A.,"['CH1', 'CH2', 'CHZ']",2019-01-01T12:50:21.350000Z,1.69
448,20190101T130007Z,1J.TI3A.,"['CH1', 'CH2', 'CHZ']",2019-01-01T13:00:07.020000Z,4.19
449,20190101T130034Z,1J.TI3A.,"['CH1', 'CH2', 'CHZ']",2019-01-01T13:00:39.200000Z,2.05
450,20190101T130337Z,1J.TI3A.,"['CH1', 'CH2', 'CHZ']",2019-01-01T13:03:38.160000Z,3.21
451,20190101T133419Z,1J.TI3A.,"['CH1', 'CH2', 'CHZ']",2019-01-01T13:34:19.850000Z,4.06
452,20190101T134107Z,1J.TI3A.,"['CH1', 'CH2', 'CHZ']",2019-01-01T13:41:10.130000Z,1.94
453,20190101T134318Z,1J.TI3A.,"['CH1', 'CH2', 'CHZ']",2019-01-01T13:43:18.970000Z,8.28
454,20190101T135442Z,1J.TI3A.,"['CH1', 'CH2', 'CHZ']",2019-01-01T13:54:42.410000Z,1.98
455,20190101T135458Z,1J.TI3A.,"['CH1', 'CH2', 'CHZ']",2019-01-01T13:54:58.380000Z,6.66
456,20190101T135850Z,1J.TI3A.,"['CH1', 'CH2', 'CHZ']",2019-01-01T13:58:50.590000Z,5.3
457,20190101T140415Z,1J.TI3A.,"['CH1', 'CH2', 'CHZ']",2019-01-01T14:04:16.010000Z,14.16
458,20190101T141307Z,1J.TI3A.,"['CH1', 'CH2', 'CHZ']",2019-01-01T14:13:17.950000Z,9.64
459,20190101T141555Z,1J.TI3A.,"['CH1', 'CH2', 'CHZ']",2019-01-01T14:15:55.750000Z,5.35
460,20190101T142249Z,1J.TI3A.,"['CH1', 'CH2', 'CHZ']",2019-01-01T14:22:49.570000Z,4.25
461,20190101T142530Z,1J.TI3A.,"['CH1', 'CH2', 'CHZ']",2019-01-01T14:25:30.970000Z,6.52
462,20190101T142558Z,1J.TI3A.,"['CH1', 'CH2', 'CHZ']",2019-01-01T14:25:58.940000Z,5.95
463,20190101T142804Z,1J.TI3A.,"['CH1', 'CH2', 'CHZ']",2019-01-01T14:28:08.080000Z,4.61
464,20190101T143007Z,1J.TI3A.,"['CH1', 'CH2', 'CHZ']",2019-01-01T14:30:07.060000Z,7.99
465,20190101T143036Z,1J.TI3A.,"['CH1', 'CH2', 'CHZ']",2019-01-01T14:30:36.130000Z,5.92
466,20190101T144042Z,1J.TI3A.,"['CH1', 'CH2', 'CHZ']",2019-01-01T14:40:45.420000Z,2.34
467,20190101T144838Z,1J.TI3A.,"['CH1', 'CH2', 'CHZ']",2019-01-01T14:48:38.010000Z,5.88
468,20190101T145335Z,1J.TI3A.,"['CH1', 'CH2', 'CHZ']",2019-01-01T14:53:35.920000Z,6.61
469,20190101T145803Z,1J.TI3A.,"['CH1', 'CH2', 'CHZ']",2019-01-01T14:58:03.010000Z,7.84
470,20190101T145831Z,1J.TI3A.,"['CH1', 'CH2', 'CHZ']",2019-01-01T14:58:31.170000Z,6.6
471,20190101T150117Z,1J.TI3A.,"['CH1', 'CH2', 'CHZ']",2019-01-01T15:01:17.370000Z,4.2
472,20190101T150614Z,1J.TI3A.,"['CH1', 'CH2', 'CHZ']",2019-01-01T15:06:14.720000Z,5.11
473,20190101T150712Z,1J.TI3A.,"['CH1', 'CH2', 'CHZ']",2019-01-01T15:07:12.340000Z,4.22
474,20190101T151517Z,1J.TI3A.,"['CH1', 'CH2', 'CHZ']",2019-01-01T15:15:17.890000Z,7.96
475,20190101T151733Z,1J.TI3A.,"['CH1', 'CH2', 'CHZ']",2019-01-01T15:17:33.170000Z,4.62
476,20190101T151833Z,1J.TI3A.,"['CH1', 'CH2', 'CHZ']",2019-01-01T15:18:35.150000Z,4.0
477,20190101T152144Z,1J.TI3A.,"['CH1', 'CH2', 'CHZ']",2019-01-01T15:21:44.430000Z,4.1
478,20190101T152535Z,1J.TI3A.,"['CH1', 'CH2', 'CHZ']",2019-01-01T15:25:40.730000Z,7.93
479,20190101T153914Z,1J.TI3A.,"['CH1', 'CH2', 'CHZ']",2019-01-01T15:39:14.640000Z,5.35
480,20190101T154323Z,1J.TI3A.,"['CH1', 'CH2', 'CHZ']",2019-01-01T15:43:27.000000Z,1.99
481,20190101T154632Z,1J.TI3A.,"['CH1', 'CH2', 'CHZ']",2019-01-01T15:46:34.200000Z,3.0
482,20190101T154734Z,1J.TI3A.,"['CH1', 'CH2', 'CHZ']",2019-01-01T15:47:34.270000Z,4.25
483,20190101T155255Z,1J.TI3A.,"['CH1', 'CH2', 'CHZ']",2019-01-01T15:52:57.470000Z,3.7
484,20190101T155421Z,1J.TI3A.,"['CH1', 'CH2', 'CHZ']",2019-01-01T15:54:21.770000Z,4.26
485,20190101T155702Z,1J.TI3A.,"['CH1', 'CH2', 'CHZ']",2019-01-01T15:57:03.260000Z,7.28
486,20190101T160301Z,1J.TI3A.,"['CH1', 'CH2', 'CHZ']",2019-01-01T16:03:02.090000Z,8.51
487,20190101T160448Z,1J.TI3A.,"['CH1', 'CH2', 'CHZ']",2019-01-01T16:04:48.640000Z,5.65
488,20190101T161016Z,1J.TI3A.,"['CH1', 'CH2', 'CHZ']",2019-01-01T16:10:17.130000Z,9.78
489,20190101T162224Z,1J.TI3A.,"['CH1', 'CH2', 'CHZ']",2019-01-01T16:22:28.730000Z,1.62
490,20190101T162349Z,1J.TI3A.,"['CH1', 'CH2', 'CHZ']",2019-01-01T16:23:49.990000Z,6.16
491,20190101T163739Z,1J.TI3A.,"['CH1', 'CH2', 'CHZ']",2019-01-01T16:37:39.320000Z,3.95
492,20190101T163937Z,1J.TI3A.,"['CH1', 'CH2', 'CHZ']",2019-01-01T16:39:43.550000Z,1.61
493,20190101T164913Z,1J.TI3A.,"['CH1', 'CH2', 'CHZ']",2019-01-01T16:49:14.710000Z,9.08
494,20190101T165157Z,1J.TI3A.,"['CH1', 'CH2', 'CHZ']",2019-01-01T16:52:01.650000Z,2.15
495,20190101T165223Z,1J.TI3A.,"['CH1', 'CH2', 'CHZ']",2019-01-01T16:52:23.900000Z,7.62
496,20190101T165534Z,1J.TI3A.,"['CH1', 'CH2', 'CHZ']",2019-01-01T16:55:34.030000Z,4.06
497,20190101T165938Z,1J.TI3A.,"['CH1', 'CH2', 'CHZ']",2019-01-01T16:59:38.630000Z,4.4
498,20190101T170537Z,1J.TI3A.,"['CH1', 'CH2', 'CHZ']",2019-01-01T17:05:37.500000Z,4.82
499,20190101T171003Z,1J.TI3A.,"['CH1', 'CH2', 'CHZ']",2019-01-01T17:10:03.210000Z,4.07
500,20190101T171314Z,1J.TI3A.,"['CH1', 'CH2', 'CHZ']",2019-01-01T17:13:15.210000Z,9.05
501,20190101T171600Z,1J.TI3A.,"['CH1', 'CH2', 'CHZ']",2019-01-01T17:16:01.020000Z,7.04
502,20190101T171650Z,1J.TI3A.,"['CH1', 'CH2', 'CHZ']",2019-01-01T17:16:50.190000Z,4.07
503,20190101T175410Z,1J.TI3A.,"['CH1', 'CH2', 'CHZ']",2019-01-01T17:54:12.560000Z,5.46
504,20190101T175531Z,1J.TI3A.,"['CH1', 'CH2', 'CHZ']",2019-01-01T17:55:31.330000Z,3.92
505,20190101T181831Z,1J.TI3A.,"['CH1', 'CH2', 'CHZ']",2019-01-01T18:18:31.500000Z,3.87
506,20190101T183413Z,1J.TI3A.,"['CH1', 'CH2', 'CHZ']",2019-01-01T18:34:13.080000Z,3.92
507,20190101T183451Z,1J.TI3A.,"['CH1', 'CH2', 'CHZ']",2019-01-01T18:34:54.860000Z,4.54
508,20190101T184249Z,1J.TI3A.,"['CH1', 'CH2', 'CHZ']",2019-01-01T18:42:49.170000Z,3.95
509,20190101T184601Z,1J.TI3A.,"['CH1', 'CH2', 'CHZ']",2019-01-01T18:46:01.310000Z,2.1
510,20190101T185515Z,1J.TI3A.,"['CH1', 'CH2', 'CHZ']",2019-01-01T18:55:15.440000Z,3.79
511,20190101T190216Z,1J.TI3A.,"['CH1', 'CH2', 'CHZ']",2019-01-01T19:02:16.840000Z,4.97
512,20190101T190803Z,1J.TI3A.,"['CH1', 'CH2', 'CHZ']",2019-01-01T19:08:03.770000Z,5.16
513,20190101T190830Z,1J.TI3A.,"['CH1', 'CH2', 'CHZ']",2019-01-01T19:08:30.430000Z,5.89
514,20190101T191127Z,1J.TI3A.,"['CH1', 'CH2', 'CHZ']",2019-01-01T19:11:27.630000Z,4.01
515,20190101T191541Z,1J.TI3A.,"['CH1', 'CH2', 'CHZ']",2019-01-01T19:15:43.750000Z,7.13
516,20190101T192616Z,1J.TI3A.,"['CH1', 'CH2', 'CHZ']",2019-01-01T19:26:18.660000Z,2.09
517,20190101T192752Z,1J.TI3A.,"['CH1', 'CH2', 'CHZ']",2019-01-01T19:27:53.380000Z,8.64
518,20190101T194035Z,1J.TI3A.,"['CH1', 'CH2', 'CHZ']",2019-01-01T19:40:35.820000Z,4.1
519,20190101T194159Z,1J.TI3A.,"['CH1', 'CH2', 'CHZ']",2019-01-01T19:42:01.040000Z,4.08
520,20190101T194707Z,1J.TI3A.,"['CH1', 'CH2', 'CHZ']",2019-01-01T19:47:07.270000Z,3.28
521,20190101T195306Z,1J.TI3A.,"['CH1', 'CH2', 'CHZ']",2019-01-01T19:53:07.160000Z,7.98
522,20190101T195435Z,1J.TI3A.,"['CH1', 'CH2', 'CHZ']",2019-01-01T19:54:38.770000Z,6.23
523,20190101T195508Z,1J.TI3A.,"['CH1', 'CH2', 'CHZ']",2019-01-01T19:55:08.460000Z,5.28
524,20190101T200043Z,1J.TI3A.,"['CH1', 'CH2', 'CHZ']",2019-01-01T20:00:43.400000Z,5.58
525,20190101T200328Z,1J.TI3A.,"['CH1', 'CH2', 'CHZ']",2019-01-01T20:03:30.460000Z,5.45
526,20190101T200808Z,1J.TI3A.,"['CH1', 'CH2', 'CHZ']",2019-01-01T20:08:08.000000Z,5.59
527,20190101T200913Z,1J.TI3A.,"['CH1', 'CH2', 'CHZ']",2019-01-01T20:09:16.770000Z,2.16
528,20190101T200940Z,1J.TI3A.,"['CH1', 'CH2', 'CHZ']",2019-01-01T20:09:40.870000Z,4.33
529,20190101T201354Z,1J.TI3A.,"['CH1', 'CH2', 'CHZ']",2019-01-01T20:13:54.670000Z,3.1
530,20190101T201713Z,1J.TI3A.,"['CH1', 'CH2', 'CHZ']",2019-01-01T20:17:17.110000Z,2.27
531,20190101T202034Z,1J.TI3A.,"['CH1', 'CH2', 'CHZ']",2019-01-01T20:20:34.900000Z,3.24
532,20190101T202113Z,1J.TI3A.,"['CH1', 'CH2', 'CHZ']",2019-01-01T20:21:13.030000Z,4.74
533,20190101T203348Z,1J.TI3A.,"['CH1', 'CH2', 'CHZ']",2019-01-01T20:33:48.940000Z,9.53
534,20190101T203904Z,1J.TI3A.,"['CH1', 'CH2', 'CHZ']",2019-01-01T20:39:04.440000Z,5.36
535,20190101T203930Z,1J.TI3A.,"['CH1', 'CH2', 'CHZ']",2019-01-01T20:39:30.080000Z,5.63
536,20190101T204127Z,1J.TI3A.,"['CH1', 'CH2', 'CHZ']",2019-01-01T20:41:27.640000Z,8.71
537,20190101T204549Z,1J.TI3A.,"['CH1', 'CH2', 'CHZ']",2019-01-01T20:45:49.010000Z,7.41
538,20190101T205223Z,1J.TI3A.,"['CH1', 'CH2', 'CHZ']",2019-01-01T20:52:23.540000Z,5.23
539,20190101T205250Z,1J.TI3A.,"['CH1', 'CH2', 'CHZ']",2019-01-01T20:52:50.500000Z,6.2
540,20190101T205937Z,1J.TI3A.,"['CH1', 'CH2', 'CHZ']",2019-01-01T20:59:37.460000Z,6.41
541,20190101T210309Z,1J.TI3A.,"['CH1', 'CH2', 'CHZ']",2019-01-01T21:03:10.960000Z,7.7
542,20190101T210339Z,1J.TI3A.,"['CH1', 'CH2', 'CHZ']",2019-01-01T21:03:39.700000Z,5.7
543,20190101T210812Z,1J.TI3A.,"['CH1', 'CH2', 'CHZ']",2019-01-01T21:08:12.670000Z,13.87
544,20190101T212648Z,1J.TI3A.,"['CH1', 'CH2', 'CHZ']",2019-01-01T21:26:48.300000Z,3.99
545,20190101T213913Z,1J.TI3A.,"['CH1', 'CH2', 'CHZ']",2019-01-01T21:39:17.450000Z,2.08
546,20190101T215827Z,1J.TI3A.,"['CH1', 'CH2', 'CHZ']",2019-01-01T21:58:32.060000Z,1.66
547,20190101T220147Z,1J.TI3A.,"['CH1', 'CH2', 'CHZ']",2019-01-01T22:01:47.500000Z,5.52
548,20190101T220210Z,1J.TI3A.,"['CH1', 'CH2', 'CHZ']",2019-01-01T22:02:16.060000Z,5.7
549,20190101T221900Z,1J.TI3A.,"['CH1', 'CH2', 'CHZ']",2019-01-01T22:19:00.370000Z,10.45
550,20190101T224747Z,1J.TI3A.,"['CH1', 'CH2', 'CHZ']",2019-01-01T22:47:51.110000Z,7.54
551,20190101T225331Z,1J.TI3A.,"['CH1', 'CH2', 'CHZ']",2019-01-01T22:53:31.910000Z,8.31
552,20190101T225553Z,1J.TI3A.,"['CH1', 'CH2', 'CHZ']",2019-01-01T22:55:53.640000Z,12.86
553,20190101T225659Z,1J.TI3A.,"['CH1', 'CH2', 'CHZ']",2019-01-01T22:57:00.720000Z,1.47
554,20190101T225708Z,1J.TI3A.,"['CH1', 'CH2', 'CHZ']",2019-01-01T22:57:09.720000Z,5.1
555,20190101T225933Z,1J.TI3A.,"['CH1', 'CH2', 'CHZ']",2019-01-01T22:59:33.590000Z,5.31
556,20190101T230226Z,1J.TI3A.,"['CH1', 'CH2', 'CHZ']",2019-01-01T23:02:26.580000Z,15.38
557,20190101T230432Z,1J.TI3A.,"['CH1', 'CH2', 'CHZ']",2019-01-01T23:04:34.710000Z,3.45
558,20190101T231121Z,1J.TI3A.,"['CH1', 'CH2', 'CHZ']",2019-01-01T23:11:22.510000Z,8.04
559,20190101T232636Z,1J.TI3A.,"['CH1', 'CH2', 'CHZ']",2019-01-01T23:26:45.660000Z,4.26
560,20190101T233201Z,1J.TI3A.,"['CH1', 'CH2', 'CHZ']",2019-01-01T23:32:01.450000Z,1.99
561,20190101T234142Z,1J.TI3A.,"['CH1', 'CH2', 'CHZ']",2019-01-01T23:41:46.140000Z,2.17
562,20190101T235900Z,1J.TI3A.,"['CH1', 'CH2', 'CHZ']",2019-01-01T23:59:11.590000Z,2.88
563,20190101T235920Z,1J.TI3A.,"['CH1', 'CH2', 'CHZ']",2019-01-01T23:59:23.350000Z,2.18
564,20190101T000145Z,1J.TI8A.,"['CH1', 'CH2', 'CHZ']",2019-01-01T00:01:47.580000Z,7.09
565,20190101T000259Z,1J.TI8A.,"['CH1', 'CH2', 'CHZ']",2019-01-01T00:03:01.740000Z,4.83
566,20190101T001125Z,1J.TI8A.,"['CH1', 'CH2', 'CHZ']",2019-01-01T00:11:28.230000Z,6.27
567,20190101T001153Z,1J.TI8A.,"['CH1', 'CH2', 'CHZ']",2019-01-01T00:11:58.260000Z,4.73
568,20190101T001343Z,1J.TI8A.,"['CH1', 'CH2', 'CHZ']",2019-01-01T00:13:50.280000Z,3.04
569,20190101T001855Z,1J.TI8A.,"['CH1', 'CH2', 'CHZ']",2019-01-01T00:18:57.350000Z,7.18
570,20190101T001920Z,1J.TI8A.,"['CH1', 'CH2', 'CHZ']",2019-01-01T00:19:22.500000Z,3.72
571,20190101T002011Z,1J.TI8A.,"['CH1', 'CH2', 'CHZ']",2019-01-01T00:20:15.440000Z,5.01
572,20190101T002049Z,1J.TI8A.,"['CH1', 'CH2', 'CHZ']",2019-01-01T00:20:57.930000Z,5.99
573,20190101T003634Z,1J.TI8A.,"['CH1', 'CH2', 'CHZ']",2019-01-01T00:36:38.710000Z,1.95
574,20190101T004104Z,1J.TI8A.,"['CH1', 'CH2', 'CHZ']",2019-01-01T00:41:07.440000Z,4.18
575,20190101T004132Z,1J.TI8A.,"['CH1', 'CH2', 'CHZ']",2019-01-01T00:41:36.430000Z,4.78
576,20190101T004522Z,1J.TI8A.,"['CH1', 'CH2', 'CHZ']",2019-01-01T00:45:25.760000Z,6.75
577,20190101T005706Z,1J.TI8A.,"['CH1', 'CH2', 'CHZ']",2019-01-01T00:57:09.720000Z,3.52
578,20190101T010053Z,1J.TI8A.,"['CH1', 'CH2', 'CHZ']",2019-01-01T01:00:53.680000Z,5.89
579,20190101T010126Z,1J.TI8A.,"['CH1', 'CH2', 'CHZ']",2019-01-01T01:01:27.680000Z,0.79
580,20190101T010229Z,1J.TI8A.,"['CH1', 'CH2', 'CHZ']",2019-01-01T01:02:31.920000Z,9.47
581,20190101T010650Z,1J.TI8A.,"['CH1', 'CH2', 'CHZ']",2019-01-01T01:06:52.560000Z,6.64
582,20190101T010942Z,1J.TI8A.,"['CH1', 'CH2', 'CHZ']",2019-01-01T01:09:46.230000Z,2.03
583,20190101T011637Z,1J.TI8A.,"['CH1', 'CH2', 'CHZ']",2019-01-01T01:16:40.220000Z,4.23
584,20190101T011919Z,1J.TI8A.,"['CH1', 'CH2', 'CHZ']",2019-01-01T01:19:21.390000Z,5.64
585,20190101T013415Z,1J.TI8A.,"['CH1', 'CH2', 'CHZ']",2019-01-01T01:34:15.170000Z,11.49
586,20190101T014220Z,1J.TI8A.,"['CH1', 'CH2', 'CHZ']",2019-01-01T01:42:20.410000Z,8.81
587,20190101T014805Z,1J.TI8A.,"['CH1', 'CH2', 'CHZ']",2019-01-01T01:48:10.620000Z,8.12
588,20190101T014836Z,1J.TI8A.,"['CH1', 'CH2', 'CHZ']",2019-01-01T01:48:41.440000Z,6.04
589,20190101T015229Z,1J.TI8A.,"['CH1', 'CH2', 'CHZ']",2019-01-01T01:52:35.970000Z,4.16
590,20190101T015510Z,1J.TI8A.,"['CH1', 'CH2', 'CHZ']",2019-01-01T01:55:12.750000Z,6.94
591,20190101T020120Z,1J.TI8A.,"['CH1', 'CH2', 'CHZ']",2019-01-01T02:01:22.400000Z,8.14
592,20190101T020318Z,1J.TI8A.,"['CH1', 'CH2', 'CHZ']",2019-01-01T02:03:20.250000Z,7.23
593,20190101T020633Z,1J.TI8A.,"['CH1', 'CH2', 'CHZ']",2019-01-01T02:06:35.500000Z,7.94
594,20190101T020701Z,1J.TI8A.,"['CH1', 'CH2', 'CHZ']",2019-01-01T02:07:05.650000Z,6.15
595,20190101T020814Z,1J.TI8A.,"['CH1', 'CH2', 'CHZ']",2019-01-01T02:08:17.110000Z,6.67
596,20190101T020935Z,1J.TI8A.,"['CH1', 'CH2', 'CHZ']",2019-01-01T02:09:36.920000Z,4.91
597,20190101T021238Z,1J.TI8A.,"['CH1', 'CH2', 'CHZ']",2019-01-01T02:12:38.990000Z,6.05
598,20190101T021656Z,1J.TI8A.,"['CH1', 'CH2', 'CHZ']",2019-01-01T02:16:58.790000Z,8.07
599,20190101T021724Z,1J.TI8A.,"['CH1', 'CH2', 'CHZ']",2019-01-01T02:17:30.940000Z,4.93
600,20190101T021948Z,1J.TI8A.,"['CH1', 'CH2', 'CHZ']",2019-01-01T02:19:50.510000Z,1.9
601,20190101T022223Z,1J.TI8A.,"['CH1', 'CH2', 'CHZ']",2019-01-01T02:22:29.050000Z,3.37
602,20190101T022313Z,1J.TI8A.,"['CH1', 'CH2', 'CHZ']",2019-01-01T02:23:26.580000Z,6.31
603,20190101T022359Z,1J.TI8A.,"['CH1', 'CH2', 'CHZ']",2019-01-01T02:24:01.510000Z,7.82
604,20190101T023429Z,1J.TI8A.,"['CH1', 'CH2', 'CHZ']",2019-01-01T02:34:31.310000Z,5.19
605,20190101T023831Z,1J.TI8A.,"['CH1', 'CH2', 'CHZ']",2019-01-01T02:38:34.120000Z,6.07
606,20190101T024638Z,1J.TI8A.,"['CH1', 'CH2', 'CHZ']",2019-01-01T02:46:39.630000Z,6.33
607,20190101T030018Z,1J.TI8A.,"['CH1', 'CH2', 'CHZ']",2019-01-01T03:00:20.890000Z,8.3
608,20190101T030912Z,1J.TI8A.,"['CH1', 'CH2', 'CHZ']",2019-01-01T03:09:14.630000Z,9.46
609,20190101T030939Z,1J.TI8A.,"['CH1', 'CH2', 'CHZ']",2019-01-01T03:09:45.940000Z,5.78
610,20190101T031509Z,1J.TI8A.,"['CH1', 'CH2', 'CHZ']",2019-01-01T03:15:12.350000Z,6.75
611,20190101T032647Z,1J.TI8A.,"['CH1', 'CH2', 'CHZ']",2019-01-01T03:27:01.480000Z,6.04
612,20190101T032820Z,1J.TI8A.,"['CH1', 'CH2', 'CHZ']",2019-01-01T03:28:20.050000Z,6.81
613,20190101T033008Z,1J.TI8A.,"['CH1', 'CH2', 'CHZ']",2019-01-01T03:30:12.400000Z,2.11
614,20190101T033021Z,1J.TI8A.,"['CH1', 'CH2', 'CHZ']",2019-01-01T03:30:23.240000Z,7.58
615,20190101T033049Z,1J.TI8A.,"['CH1', 'CH2', 'CHZ']",2019-01-01T03:30:53.450000Z,7.22
616,20190101T034627Z,1J.TI8A.,"['CH1', 'CH2', 'CHZ']",2019-01-01T03:46:28.520000Z,5.48
617,20190101T034803Z,1J.TI8A.,"['CH1', 'CH2', 'CHZ']",2019-01-01T03:48:08.650000Z,2.1
618,20190101T035541Z,1J.TI8A.,"['CH1', 'CH2', 'CHZ']",2019-01-01T03:55:43.250000Z,8.97
619,20190101T035752Z,1J.TI8A.,"['CH1', 'CH2', 'CHZ']",2019-01-01T03:57:54.000000Z,6.18
620,20190101T035839Z,1J.TI8A.,"['CH1', 'CH2', 'CHZ']",2019-01-01T03:58:41.850000Z,8.96
621,20190101T040602Z,1J.TI8A.,"['CH1', 'CH2', 'CHZ']",2019-01-01T04:06:02.220000Z,5.61
622,20190101T040941Z,1J.TI8A.,"['CH1', 'CH2', 'CHZ']",2019-01-01T04:09:42.910000Z,5.09
623,20190101T041817Z,1J.TI8A.,"['CH1', 'CH2', 'CHZ']",2019-01-01T04:18:17.250000Z,6.92
624,20190101T042053Z,1J.TI8A.,"['CH1', 'CH2', 'CHZ']",2019-01-01T04:20:55.510000Z,14.09
625,20190101T042128Z,1J.TI8A.,"['CH1', 'CH2', 'CHZ']",2019-01-01T04:21:31.440000Z,6.51
626,20190101T042442Z,1J.TI8A.,"['CH1', 'CH2', 'CHZ']",2019-01-01T04:24:43.510000Z,4.21
627,20190101T042913Z,1J.TI8A.,"['CH1', 'CH2', 'CHZ']",2019-01-01T04:29:15.590000Z,6.9
628,20190101T043013Z,1J.TI8A.,"['CH1', 'CH2', 'CHZ']",2019-01-01T04:30:13.730000Z,6.46
629,20190101T043419Z,1J.TI8A.,"['CH1', 'CH2', 'CHZ']",2019-01-01T04:34:20.740000Z,5.14
630,20190101T044114Z,1J.TI8A.,"['CH1', 'CH2', 'CHZ']",2019-01-01T04:41:17.410000Z,6.81
631,20190101T044142Z,1J.TI8A.,"['CH1', 'CH2', 'CHZ']",2019-01-01T04:41:46.420000Z,6.36
632,20190101T044941Z,1J.TI8A.,"['CH1', 'CH2', 'CHZ']",2019-01-01T04:49:44.320000Z,8.38
633,20190101T045555Z,1J.TI8A.,"['CH1', 'CH2', 'CHZ']",2019-01-01T04:55:55.080000Z,7.55
634,20190101T045851Z,1J.TI8A.,"['CH1', 'CH2', 'CHZ']",2019-01-01T04:58:51.760000Z,5.69
635,20190101T045940Z,1J.TI8A.,"['CH1', 'CH2', 'CHZ']",2019-01-01T04:59:45.030000Z,4.52
636,20190101T050536Z,1J.TI8A.,"['CH1', 'CH2', 'CHZ']",2019-01-01T05:05:36.510000Z,8.56
637,20190101T050630Z,1J.TI8A.,"['CH1', 'CH2', 'CHZ']",2019-01-01T05:06:34.380000Z,6.21
638,20190101T051708Z,1J.TI8A.,"['CH1', 'CH2', 'CHZ']",2019-01-01T05:17:14.320000Z,6.88
639,20190101T052502Z,1J.TI8A.,"['CH1', 'CH2', 'CHZ']",2019-01-01T05:25:04.450000Z,7.55
640,20190101T053143Z,1J.TI8A.,"['CH1', 'CH2', 'CHZ']",2019-01-01T05:31:45.410000Z,6.86
641,20190101T053542Z,1J.TI8A.,"['CH1', 'CH2', 'CHZ']",2019-01-01T05:35:44.710000Z,8.3
642,20190101T053610Z,1J.TI8A.,"['CH1', 'CH2', 'CHZ']",2019-01-01T05:36:12.200000Z,8.0
643,20190101T054449Z,1J.TI8A.,"['CH1', 'CH2', 'CHZ']",2019-01-01T05:44:51.980000Z,6.33
644,20190101T054641Z,1J.TI8A.,"['CH1', 'CH2', 'CHZ']",2019-01-01T05:46:43.500000Z,8.04
645,20190101T055249Z,1J.TI8A.,"['CH1', 'CH2', 'CHZ']",2019-01-01T05:52:51.350000Z,8.7
646,20190101T055318Z,1J.TI8A.,"['CH1', 'CH2', 'CHZ']",2019-01-01T05:53:23.550000Z,4.48
647,20190101T055720Z,1J.TI8A.,"['CH1', 'CH2', 'CHZ']",2019-01-01T05:57:21.560000Z,6.31
648,20190101T060630Z,1J.TI8A.,"['CH1', 'CH2', 'CHZ']",2019-01-01T06:06:30.890000Z,6.95
649,20190101T060644Z,1J.TI8A.,"['CH1', 'CH2', 'CHZ']",2019-01-01T06:06:46.240000Z,5.7
650,20190101T060725Z,1J.TI8A.,"['CH1', 'CH2', 'CHZ']",2019-01-01T06:07:25.400000Z,5.94
651,20190101T060829Z,1J.TI8A.,"['CH1', 'CH2', 'CHZ']",2019-01-01T06:08:30.400000Z,5.41
652,20190101T061237Z,1J.TI8A.,"['CH1', 'CH2', 'CHZ']",2019-01-01T06:12:39.010000Z,5.51
653,20190101T061354Z,1J.TI8A.,"['CH1', 'CH2', 'CHZ']",2019-01-01T06:13:56.930000Z,2.03
654,20190101T062207Z,1J.TI8A.,"['CH1', 'CH2', 'CHZ']",2019-01-01T06:22:10.550000Z,9.08
655,20190101T062612Z,1J.TI8A.,"['CH1', 'CH2', 'CHZ']",2019-01-01T06:26:14.070000Z,7.88
656,20190101T062759Z,1J.TI8A.,"['CH1', 'CH2', 'CHZ']",2019-01-01T06:28:00.590000Z,9.3
657,20190101T063304Z,1J.TI8A.,"['CH1', 'CH2', 'CHZ']",2019-01-01T06:33:06.090000Z,4.89
658,20190101T063332Z,1J.TI8A.,"['CH1', 'CH2', 'CHZ']",2019-01-01T06:33:34.570000Z,4.94
659,20190101T064001Z,1J.TI8A.,"['CH1', 'CH2', 'CHZ']",2019-01-01T06:40:04.090000Z,5.83
660,20190101T064242Z,1J.TI8A.,"['CH1', 'CH2', 'CHZ']",2019-01-01T06:42:45.070000Z,3.6
661,20190101T065301Z,1J.TI8A.,"['CH1', 'CH2', 'CHZ']",2019-01-01T06:53:04.990000Z,6.29
662,20190101T065633Z,1J.TI8A.,"['CH1', 'CH2', 'CHZ']",2019-01-01T06:56:34.880000Z,3.74
663,20190101T065954Z,1J.TI8A.,"['CH1', 'CH2', 'CHZ']",2019-01-01T06:59:55.800000Z,8.89
664,20190101T070021Z,1J.TI8A.,"['CH1', 'CH2', 'CHZ']",2019-01-01T07:00:24.990000Z,6.64
665,20190101T071233Z,1J.TI8A.,"['CH1', 'CH2', 'CHZ']",2019-01-01T07:12:35.040000Z,4.91
666,20190101T071819Z,1J.TI8A.,"['CH1', 'CH2', 'CHZ']",2019-01-01T07:18:21.060000Z,9.28
667,20190101T072323Z,1J.TI8A.,"['CH1', 'CH2', 'CHZ']",2019-01-01T07:23:25.730000Z,6.36
668,20190101T073441Z,1J.TI8A.,"['CH1', 'CH2', 'CHZ']",2019-01-01T07:34:42.570000Z,5.19
669,20190101T074036Z,1J.TI8A.,"['CH1', 'CH2', 'CHZ']",2019-01-01T07:40:52.790000Z,7.89
670,20190101T074256Z,1J.TI8A.,"['CH1', 'CH2', 'CHZ']",2019-01-01T07:42:56.660000Z,5.39
671,20190101T074514Z,1J.TI8A.,"['CH1', 'CH2', 'CHZ']",2019-01-01T07:45:14.460000Z,6.49
672,20190101T075250Z,1J.TI8A.,"['CH1', 'CH2', 'CHZ']",2019-01-01T07:53:10.320000Z,6.42
673,20190101T075948Z,1J.TI8A.,"['CH1', 'CH2', 'CHZ']",2019-01-01T07:59:51.500000Z,9.78
674,20190101T080335Z,1J.TI8A.,"['CH1', 'CH2', 'CHZ']",2019-01-01T08:03:38.340000Z,7.44
675,20190101T081000Z,1J.TI8A.,"['CH1', 'CH2', 'CHZ']",2019-01-01T08:10:00.830000Z,5.87
676,20190101T081035Z,1J.TI8A.,"['CH1', 'CH2', 'CHZ']",2019-01-01T08:10:35.060000Z,5.88
677,20190101T081652Z,1J.TI8A.,"['CH1', 'CH2', 'CHZ']",2019-01-01T08:16:55.550000Z,11.51
678,20190101T081913Z,1J.TI8A.,"['CH1', 'CH2', 'CHZ']",2019-01-01T08:19:13.630000Z,9.67
679,20190101T082333Z,1J.TI8A.,"['CH1', 'CH2', 'CHZ']",2019-01-01T08:23:36.120000Z,9.07
680,20190101T082402Z,1J.TI8A.,"['CH1', 'CH2', 'CHZ']",2019-01-01T08:24:06.670000Z,7.26
681,20190101T082724Z,1J.TI8A.,"['CH1', 'CH2', 'CHZ']",2019-01-01T08:27:27.190000Z,7.09
682,20190101T082741Z,1J.TI8A.,"['CH1', 'CH2', 'CHZ']",2019-01-01T08:27:43.950000Z,6.92
683,20190101T083404Z,1J.TI8A.,"['CH1', 'CH2', 'CHZ']",2019-01-01T08:34:07.160000Z,6.07
684,20190101T084558Z,1J.TI8A.,"['CH1', 'CH2', 'CHZ']",2019-01-01T08:46:01.020000Z,5.61
685,20190101T085640Z,1J.TI8A.,"['CH1', 'CH2', 'CHZ']",2019-01-01T08:56:42.550000Z,7.03
686,20190101T090239Z,1J.TI8A.,"['CH1', 'CH2', 'CHZ']",2019-01-01T09:02:47.690000Z,3.35
687,20190101T090813Z,1J.TI8A.,"['CH1', 'CH2', 'CHZ']",2019-01-01T09:08:16.160000Z,7.09
688,20190101T091049Z,1J.TI8A.,"['CH1', 'CH2', 'CHZ']",2019-01-01T09:10:54.160000Z,3.83
689,20190101T091513Z,1J.TI8A.,"['CH1', 'CH2', 'CHZ']",2019-01-01T09:15:14.870000Z,10.94
690,20190101T093133Z,1J.TI8A.,"['CH1', 'CH2', 'CHZ']",2019-01-01T09:31:40.120000Z,8.33
691,20190101T093243Z,1J.TI8A.,"['CH1', 'CH2', 'CHZ']",2019-01-01T09:32:44.950000Z,4.27
692,20190101T093313Z,1J.TI8A.,"['CH1', 'CH2', 'CHZ']",2019-01-01T09:33:14.720000Z,8.52
693,20190101T094241Z,1J.TI8A.,"['CH1', 'CH2', 'CHZ']",2019-01-01T09:42:44.380000Z,5.15
694,20190101T094432Z,1J.TI8A.,"['CH1', 'CH2', 'CHZ']",2019-01-01T09:44:34.410000Z,7.18
695,20190101T094743Z,1J.TI8A.,"['CH1', 'CH2', 'CHZ']",2019-01-01T09:47:49.530000Z,5.36
696,20190101T095645Z,1J.TI8A.,"['CH1', 'CH2', 'CHZ']",2019-01-01T09:56:45.940000Z,4.72
697,20190101T095926Z,1J.TI8A.,"['CH1', 'CH2', 'CHZ']",2019-01-01T09:59:28.080000Z,8.03
698,20190101T100032Z,1J.TI8A.,"['CH1', 'CH2', 'CHZ']",2019-01-01T10:00:32.120000Z,5.19
699,20190101T100047Z,1J.TI8A.,"['CH1', 'CH2', 'CHZ']",2019-01-01T10:00:50.430000Z,3.24
700,20190101T100905Z,1J.TI8A.,"['CH1', 'CH2', 'CHZ']",2019-01-01T10:09:06.740000Z,10.6
701,20190101T101829Z,1J.TI8A.,"['CH1', 'CH2', 'CHZ']",2019-01-01T10:18:32.860000Z,5.72
702,20190101T101952Z,1J.TI8A.,"['CH1', 'CH2', 'CHZ']",2019-01-01T10:19:54.130000Z,5.19
703,20190101T102802Z,1J.TI8A.,"['CH1', 'CH2', 'CHZ']",2019-01-01T10:28:04.260000Z,2.3
704,20190101T102911Z,1J.TI8A.,"['CH1', 'CH2', 'CHZ']",2019-01-01T10:29:11.310000Z,6.45
705,20190101T103036Z,1J.TI8A.,"['CH1', 'CH2', 'CHZ']",2019-01-01T10:30:36.330000Z,6.6
706,20190101T103130Z,1J.TI8A.,"['CH1', 'CH2', 'CHZ']",2019-01-01T10:31:34.090000Z,9.71
707,20190101T103159Z,1J.TI8A.,"['CH1', 'CH2', 'CHZ']",2019-01-01T10:32:04.080000Z,6.44
708,20190101T104149Z,1J.TI8A.,"['CH1', 'CH2', 'CHZ']",2019-01-01T10:41:51.630000Z,7.12
709,20190101T105042Z,1J.TI8A.,"['CH1', 'CH2', 'CHZ']",2019-01-01T10:50:45.750000Z,6.76
710,20190101T105404Z,1J.TI8A.,"['CH1', 'CH2', 'CHZ']",2019-01-01T10:54:05.420000Z,8.3
711,20190101T105724Z,1J.TI8A.,"['CH1', 'CH2', 'CHZ']",2019-01-01T10:57:24.310000Z,4.34
712,20190101T110026Z,1J.TI8A.,"['CH1', 'CH2', 'CHZ']",2019-01-01T11:00:28.680000Z,5.65
713,20190101T111305Z,1J.TI8A.,"['CH1', 'CH2', 'CHZ']",2019-01-01T11:13:07.090000Z,5.75
714,20190101T112329Z,1J.TI8A.,"['CH1', 'CH2', 'CHZ']",2019-01-01T11:23:32.300000Z,7.34
715,20190101T112517Z,1J.TI8A.,"['CH1', 'CH2', 'CHZ']",2019-01-01T11:25:19.480000Z,5.36
716,20190101T112726Z,1J.TI8A.,"['CH1', 'CH2', 'CHZ']",2019-01-01T11:27:28.470000Z,7.14
717,20190101T112805Z,1J.TI8A.,"['CH1', 'CH2', 'CHZ']",2019-01-01T11:28:10.050000Z,5.42
718,20190101T113538Z,1J.TI8A.,"['CH1', 'CH2', 'CHZ']",2019-01-01T11:35:38.660000Z,5.89
719,20190101T113710Z,1J.TI8A.,"['CH1', 'CH2', 'CHZ']",2019-01-01T11:37:13.300000Z,5.54
720,20190101T115014Z,1J.TI8A.,"['CH1', 'CH2', 'CHZ']",2019-01-01T11:50:17.030000Z,5.04
721,20190101T115405Z,1J.TI8A.,"['CH1', 'CH2', 'CHZ']",2019-01-01T11:54:09.260000Z,5.42
722,20190101T115846Z,1J.TI8A.,"['CH1', 'CH2', 'CHZ']",2019-01-01T11:58:48.940000Z,7.53
723,20190101T120155Z,1J.TI8A.,"['CH1', 'CH2', 'CHZ']",2019-01-01T12:01:58.090000Z,3.78
724,20190101T120941Z,1J.TI8A.,"['CH1', 'CH2', 'CHZ']",2019-01-01T12:09:49.170000Z,7.34
725,20190101T121414Z,1J.TI8A.,"['CH1', 'CH2', 'CHZ']",2019-01-01T12:14:14.650000Z,3.29
726,20190101T121954Z,1J.TI8A.,"['CH1', 'CH2', 'CHZ']",2019-01-01T12:19:56.260000Z,6.66
727,20190101T122625Z,1J.TI8A.,"['CH1', 'CH2', 'CHZ']",2019-01-01T12:26:34.770000Z,1.56
728,20190101T122643Z,1J.TI8A.,"['CH1', 'CH2', 'CHZ']",2019-01-01T12:26:47.680000Z,4.32
729,20190101T123256Z,1J.TI8A.,"['CH1', 'CH2', 'CHZ']",2019-01-01T12:32:58.940000Z,6.56
730,20190101T123525Z,1J.TI8A.,"['CH1', 'CH2', 'CHZ']",2019-01-01T12:35:25.880000Z,9.74
731,20190101T123952Z,1J.TI8A.,"['CH1', 'CH2', 'CHZ']",2019-01-01T12:39:53.210000Z,4.29
732,20190101T124823Z,1J.TI8A.,"['CH1', 'CH2', 'CHZ']",2019-01-01T12:48:23.890000Z,6.08
733,20190101T124857Z,1J.TI8A.,"['CH1', 'CH2', 'CHZ']",2019-01-01T12:48:57.540000Z,4.37
734,20190101T125202Z,1J.TI8A.,"['CH1', 'CH2', 'CHZ']",2019-01-01T12:52:04.430000Z,3.66
735,20190101T125253Z,1J.TI8A.,"['CH1', 'CH2', 'CHZ']",2019-01-01T12:52:53.750000Z,2.05
736,20190101T130034Z,1J.TI8A.,"['CH1', 'CH2', 'CHZ']",2019-01-01T13:00:35.300000Z,6.9
737,20190101T130337Z,1J.TI8A.,"['CH1', 'CH2', 'CHZ']",2019-01-01T13:03:38.190000Z,6.02
738,20190101T131645Z,1J.TI8A.,"['CH1', 'CH2', 'CHZ']",2019-01-01T13:16:45.000000Z,10.18
739,20190101T132359Z,1J.TI8A.,"['CH1', 'CH2', 'CHZ']",2019-01-01T13:23:59.510000Z,2.02
740,20190101T134107Z,1J.TI8A.,"['CH1', 'CH2', 'CHZ']",2019-01-01T13:41:08.800000Z,6.59
741,20190101T134318Z,1J.TI8A.,"['CH1', 'CH2', 'CHZ']",2019-01-01T13:43:19.570000Z,8.96
742,20190101T134638Z,1J.TI8A.,"['CH1', 'CH2', 'CHZ']",2019-01-01T13:46:39.250000Z,4.87
743,20190101T135442Z,1J.TI8A.,"['CH1', 'CH2', 'CHZ']",2019-01-01T13:54:42.870000Z,5.67
744,20190101T135458Z,1J.TI8A.,"['CH1', 'CH2', 'CHZ']",2019-01-01T13:55:04.310000Z,3.97
745,20190101T135850Z,1J.TI8A.,"['CH1', 'CH2', 'CHZ']",2019-01-01T13:58:53.420000Z,8.07
746,20190101T140415Z,1J.TI8A.,"['CH1', 'CH2', 'CHZ']",2019-01-01T14:04:16.080000Z,17.99
747,20190101T141159Z,1J.TI8A.,"['CH1', 'CH2', 'CHZ']",2019-01-01T14:12:00.730000Z,5.18
748,20190101T141307Z,1J.TI8A.,"['CH1', 'CH2', 'CHZ']",2019-01-01T14:13:18.960000Z,11.28
749,20190101T141555Z,1J.TI8A.,"['CH1', 'CH2', 'CHZ']",2019-01-01T14:15:57.350000Z,6.73
750,20190101T142530Z,1J.TI8A.,"['CH1', 'CH2', 'CHZ']",2019-01-01T14:25:32.820000Z,8.43
751,20190101T142558Z,1J.TI8A.,"['CH1', 'CH2', 'CHZ']",2019-01-01T14:26:03.370000Z,6.12
752,20190101T143007Z,1J.TI8A.,"['CH1', 'CH2', 'CHZ']",2019-01-01T14:30:09.220000Z,9.18
753,20190101T143036Z,1J.TI8A.,"['CH1', 'CH2', 'CHZ']",2019-01-01T14:30:40.110000Z,5.9
754,20190101T144042Z,1J.TI8A.,"['CH1', 'CH2', 'CHZ']",2019-01-01T14:40:43.880000Z,5.28
755,20190101T144838Z,1J.TI8A.,"['CH1', 'CH2', 'CHZ']",2019-01-01T14:48:42.880000Z,1.99
756,20190101T145335Z,1J.TI8A.,"['CH1', 'CH2', 'CHZ']",2019-01-01T14:53:37.920000Z,5.68
757,20190101T145803Z,1J.TI8A.,"['CH1', 'CH2', 'CHZ']",2019-01-01T14:58:05.550000Z,8.63
758,20190101T145831Z,1J.TI8A.,"['CH1', 'CH2', 'CHZ']",2019-01-01T14:58:33.230000Z,7.44
759,20190101T151517Z,1J.TI8A.,"['CH1', 'CH2', 'CHZ']",2019-01-01T15:15:19.330000Z,7.75
760,20190101T151631Z,1J.TI8A.,"['CH1', 'CH2', 'CHZ']",2019-01-01T15:16:31.570000Z,9.95
761,20190101T151733Z,1J.TI8A.,"['CH1', 'CH2', 'CHZ']",2019-01-01T15:17:35.560000Z,5.67
762,20190101T151833Z,1J.TI8A.,"['CH1', 'CH2', 'CHZ']",2019-01-01T15:18:35.790000Z,5.95
763,20190101T152253Z,1J.TI8A.,"['CH1', 'CH2', 'CHZ']",2019-01-01T15:22:53.990000Z,9.03
764,20190101T152450Z,1J.TI8A.,"['CH1', 'CH2', 'CHZ']",2019-01-01T15:24:50.960000Z,7.31
765,20190101T152535Z,1J.TI8A.,"['CH1', 'CH2', 'CHZ']",2019-01-01T15:25:35.190000Z,8.74
766,20190101T153914Z,1J.TI8A.,"['CH1', 'CH2', 'CHZ']",2019-01-01T15:39:19.610000Z,4.2
767,20190101T154104Z,1J.TI8A.,"['CH1', 'CH2', 'CHZ']",2019-01-01T15:41:04.120000Z,5.44
768,20190101T154323Z,1J.TI8A.,"['CH1', 'CH2', 'CHZ']",2019-01-01T15:43:24.000000Z,5.41
769,20190101T154632Z,1J.TI8A.,"['CH1', 'CH2', 'CHZ']",2019-01-01T15:46:35.960000Z,4.73
770,20190101T155702Z,1J.TI8A.,"['CH1', 'CH2', 'CHZ']",2019-01-01T15:57:04.900000Z,5.58
771,20190101T160301Z,1J.TI8A.,"['CH1', 'CH2', 'CHZ']",2019-01-01T16:03:03.240000Z,8.36
772,20190101T160421Z,1J.TI8A.,"['CH1', 'CH2', 'CHZ']",2019-01-01T16:04:23.040000Z,6.3
773,20190101T160448Z,1J.TI8A.,"['CH1', 'CH2', 'CHZ']",2019-01-01T16:04:52.870000Z,5.71
774,20190101T161016Z,1J.TI8A.,"['CH1', 'CH2', 'CHZ']",2019-01-01T16:10:17.680000Z,10.96
775,20190101T161106Z,1J.TI8A.,"['CH1', 'CH2', 'CHZ']",2019-01-01T16:11:06.530000Z,9.02
776,20190101T162015Z,1J.TI8A.,"['CH1', 'CH2', 'CHZ']",2019-01-01T16:20:15.130000Z,7.87
777,20190101T162224Z,1J.TI8A.,"['CH1', 'CH2', 'CHZ']",2019-01-01T16:22:26.600000Z,4.25
778,20190101T162349Z,1J.TI8A.,"['CH1', 'CH2', 'CHZ']",2019-01-01T16:23:51.640000Z,7.5
779,20190101T163937Z,1J.TI8A.,"['CH1', 'CH2', 'CHZ']",2019-01-01T16:39:39.880000Z,9.2
780,20190101T164013Z,1J.TI8A.,"['CH1', 'CH2', 'CHZ']",2019-01-01T16:40:13.660000Z,20.12
781,20190101T164913Z,1J.TI8A.,"['CH1', 'CH2', 'CHZ']",2019-01-01T16:49:15.020000Z,11.08
782,20190101T165043Z,1J.TI8A.,"['CH1', 'CH2', 'CHZ']",2019-01-01T16:50:45.960000Z,4.15
783,20190101T165157Z,1J.TI8A.,"['CH1', 'CH2', 'CHZ']",2019-01-01T16:51:58.650000Z,8.59
784,20190101T165223Z,1J.TI8A.,"['CH1', 'CH2', 'CHZ']",2019-01-01T16:52:27.420000Z,6.45
785,20190101T165742Z,1J.TI8A.,"['CH1', 'CH2', 'CHZ']",2019-01-01T16:57:42.800000Z,5.86
786,20190101T165832Z,1J.TI8A.,"['CH1', 'CH2', 'CHZ']",2019-01-01T16:58:34.920000Z,8.38
787,20190101T170359Z,1J.TI8A.,"['CH1', 'CH2', 'CHZ']",2019-01-01T17:04:02.060000Z,4.13
788,20190101T170706Z,1J.TI8A.,"['CH1', 'CH2', 'CHZ']",2019-01-01T17:07:06.270000Z,9.9
789,20190101T170832Z,1J.TI8A.,"['CH1', 'CH2', 'CHZ']",2019-01-01T17:08:32.880000Z,6.24
790,20190101T171003Z,1J.TI8A.,"['CH1', 'CH2', 'CHZ']",2019-01-01T17:10:07.140000Z,5.22
791,20190101T171314Z,1J.TI8A.,"['CH1', 'CH2', 'CHZ']",2019-01-01T17:13:16.360000Z,8.88
792,20190101T171600Z,1J.TI8A.,"['CH1', 'CH2', 'CHZ']",2019-01-01T17:16:02.770000Z,7.18
793,20190101T173004Z,1J.TI8A.,"['CH1', 'CH2', 'CHZ']",2019-01-01T17:30:04.850000Z,4.74
794,20190101T173754Z,1J.TI8A.,"['CH1', 'CH2', 'CHZ']",2019-01-01T17:37:57.320000Z,5.18
795,20190101T175410Z,1J.TI8A.,"['CH1', 'CH2', 'CHZ']",2019-01-01T17:54:12.140000Z,8.53
796,20190101T180028Z,1J.TI8A.,"['CH1', 'CH2', 'CHZ']",2019-01-01T18:00:32.290000Z,2.63
797,20190101T180815Z,1J.TI8A.,"['CH1', 'CH2', 'CHZ']",2019-01-01T18:08:15.650000Z,18.71
798,20190101T181423Z,1J.TI8A.,"['CH1', 'CH2', 'CHZ']",2019-01-01T18:14:25.900000Z,5.47
799,20190101T182756Z,1J.TI8A.,"['CH1', 'CH2', 'CHZ']",2019-01-01T18:27:59.200000Z,5.4
800,20190101T183451Z,1J.TI8A.,"['CH1', 'CH2', 'CHZ']",2019-01-01T18:34:53.980000Z,8.17
801,20190101T184125Z,1J.TI8A.,"['CH1', 'CH2', 'CHZ']",2019-01-01T18:41:27.660000Z,6.35
802,20190101T184249Z,1J.TI8A.,"['CH1', 'CH2', 'CHZ']",2019-01-01T18:42:54.630000Z,3.25
803,20190101T185213Z,1J.TI8A.,"['CH1', 'CH2', 'CHZ']",2019-01-01T18:52:15.990000Z,6.33
804,20190101T185752Z,1J.TI8A.,"['CH1', 'CH2', 'CHZ']",2019-01-01T18:57:53.920000Z,4.87
805,20190101T190149Z,1J.TI8A.,"['CH1', 'CH2', 'CHZ']",2019-01-01T19:01:50.810000Z,8.21
806,20190101T190216Z,1J.TI8A.,"['CH1', 'CH2', 'CHZ']",2019-01-01T19:02:19.970000Z,5.7
807,20190101T190408Z,1J.TI8A.,"['CH1', 'CH2', 'CHZ']",2019-01-01T19:04:09.020000Z,2.42
808,20190101T190456Z,1J.TI8A.,"['CH1', 'CH2', 'CHZ']",2019-01-01T19:04:56.260000Z,4.51
809,20190101T190803Z,1J.TI8A.,"['CH1', 'CH2', 'CHZ']",2019-01-01T19:08:04.290000Z,8.61
810,20190101T190830Z,1J.TI8A.,"['CH1', 'CH2', 'CHZ']",2019-01-01T19:08:35.400000Z,6.68
811,20190101T190954Z,1J.TI8A.,"['CH1', 'CH2', 'CHZ']",2019-01-01T19:09:57.340000Z,3.76
812,20190101T191541Z,1J.TI8A.,"['CH1', 'CH2', 'CHZ']",2019-01-01T19:15:43.310000Z,9.08
813,20190101T192616Z,1J.TI8A.,"['CH1', 'CH2', 'CHZ']",2019-01-01T19:26:19.640000Z,4.07
814,20190101T192752Z,1J.TI8A.,"['CH1', 'CH2', 'CHZ']",2019-01-01T19:27:53.580000Z,11.73
815,20190101T192958Z,1J.TI8A.,"['CH1', 'CH2', 'CHZ']",2019-01-01T19:29:59.710000Z,6.73
816,20190101T193412Z,1J.TI8A.,"['CH1', 'CH2', 'CHZ']",2019-01-01T19:34:12.940000Z,5.55
817,20190101T194159Z,1J.TI8A.,"['CH1', 'CH2', 'CHZ']",2019-01-01T19:42:01.190000Z,4.83
818,20190101T194404Z,1J.TI8A.,"['CH1', 'CH2', 'CHZ']",2019-01-01T19:44:10.960000Z,8.8
819,20190101T195253Z,1J.TI8A.,"['CH1', 'CH2', 'CHZ']",2019-01-01T19:52:53.360000Z,2.75
820,20190101T195306Z,1J.TI8A.,"['CH1', 'CH2', 'CHZ']",2019-01-01T19:53:08.930000Z,7.08
821,20190101T195435Z,1J.TI8A.,"['CH1', 'CH2', 'CHZ']",2019-01-01T19:54:38.480000Z,12.86
822,20190101T195508Z,1J.TI8A.,"['CH1', 'CH2', 'CHZ']",2019-01-01T19:55:12.350000Z,4.86
823,20190101T200043Z,1J.TI8A.,"['CH1', 'CH2', 'CHZ']",2019-01-01T20:00:44.870000Z,6.83
824,20190101T200808Z,1J.TI8A.,"['CH1', 'CH2', 'CHZ']",2019-01-01T20:08:09.320000Z,4.36
825,20190101T200913Z,1J.TI8A.,"['CH1', 'CH2', 'CHZ']",2019-01-01T20:09:16.860000Z,2.12
826,20190101T200940Z,1J.TI8A.,"['CH1', 'CH2', 'CHZ']",2019-01-01T20:09:47.000000Z,4.09
827,20190101T203138Z,1J.TI8A.,"['CH1', 'CH2', 'CHZ']",2019-01-01T20:31:38.830000Z,5.54
828,20190101T203348Z,1J.TI8A.,"['CH1', 'CH2', 'CHZ']",2019-01-01T20:33:50.320000Z,8.24
829,20190101T203904Z,1J.TI8A.,"['CH1', 'CH2', 'CHZ']",2019-01-01T20:39:07.090000Z,6.24
830,20190101T204127Z,1J.TI8A.,"['CH1', 'CH2', 'CHZ']",2019-01-01T20:41:31.030000Z,7.18
831,20190101T204309Z,1J.TI8A.,"['CH1', 'CH2', 'CHZ']",2019-01-01T20:43:09.780000Z,5.39
832,20190101T204549Z,1J.TI8A.,"['CH1', 'CH2', 'CHZ']",2019-01-01T20:45:50.950000Z,5.81
833,20190101T205223Z,1J.TI8A.,"['CH1', 'CH2', 'CHZ']",2019-01-01T20:52:25.930000Z,6.03
834,20190101T205250Z,1J.TI8A.,"['CH1', 'CH2', 'CHZ']",2019-01-01T20:52:52.610000Z,7.64
835,20190101T210309Z,1J.TI8A.,"['CH1', 'CH2', 'CHZ']",2019-01-01T21:03:14.280000Z,5.76
836,20190101T210339Z,1J.TI8A.,"['CH1', 'CH2', 'CHZ']",2019-01-01T21:03:44.190000Z,4.93
837,20190101T211039Z,1J.TI8A.,"['CH1', 'CH2', 'CHZ']",2019-01-01T21:10:39.850000Z,6.89
838,20190101T212341Z,1J.TI8A.,"['CH1', 'CH2', 'CHZ']",2019-01-01T21:23:41.240000Z,5.8
839,20190101T212622Z,1J.TI8A.,"['CH1', 'CH2', 'CHZ']",2019-01-01T21:26:23.940000Z,6.58
840,20190101T212648Z,1J.TI8A.,"['CH1', 'CH2', 'CHZ']",2019-01-01T21:26:51.820000Z,5.58
841,20190101T213913Z,1J.TI8A.,"['CH1', 'CH2', 'CHZ']",2019-01-01T21:39:13.670000Z,7.62
842,20190101T215827Z,1J.TI8A.,"['CH1', 'CH2', 'CHZ']",2019-01-01T21:58:33.610000Z,5.13
843,20190101T220147Z,1J.TI8A.,"['CH1', 'CH2', 'CHZ']",2019-01-01T22:01:49.190000Z,10.69
844,20190101T220210Z,1J.TI8A.,"['CH1', 'CH2', 'CHZ']",2019-01-01T22:02:20.670000Z,6.56
845,20190101T221255Z,1J.TI8A.,"['CH1', 'CH2', 'CHZ']",2019-01-01T22:12:55.490000Z,7.14
846,20190101T221547Z,1J.TI8A.,"['CH1', 'CH2', 'CHZ']",2019-01-01T22:15:47.910000Z,5.04
847,20190101T222353Z,1J.TI8A.,"['CH1', 'CH2', 'CHZ']",2019-01-01T22:23:56.720000Z,4.27
848,20190101T222726Z,1J.TI8A.,"['CH1', 'CH2', 'CHZ']",2019-01-01T22:27:26.040000Z,5.83
849,20190101T225626Z,1J.TI8A.,"['CH1', 'CH2', 'CHZ']",2019-01-01T22:56:34.170000Z,5.18
850,20190101T225659Z,1J.TI8A.,"['CH1', 'CH2', 'CHZ']",2019-01-01T22:56:59.790000Z,8.19
851,20190101T231121Z,1J.TI8A.,"['CH1', 'CH2', 'CHZ']",2019-01-01T23:11:22.370000Z,11.22
852,20190101T231329Z,1J.TI8A.,"['CH1', 'CH2', 'CHZ']",2019-01-01T23:13:31.240000Z,2.02
853,20190101T231625Z,1J.TI8A.,"['CH1', 'CH2', 'CHZ']",2019-01-01T23:16:25.480000Z,7.81
854,20190101T232636Z,1J.TI8A.,"['CH1', 'CH2', 'CHZ']",2019-01-01T23:26:36.390000Z,17.89
855,20190101T233306Z,1J.TI8A.,"['CH1', 'CH2', 'CHZ']",2019-01-01T23:33:06.250000Z,8.0
856,20190101T233444Z,1J.TI8A.,"['CH1', 'CH2', 'CHZ']",2019-01-01T23:34:44.820000Z,6.55
857,20190101T234124Z,1J.TI8A.,"['CH1', 'CH2', 'CHZ']",2019-01-01T23:41:27.260000Z,4.68
858,20190101T235655Z,1J.TI8A.,"['CH1', 'CH2', 'CHZ']",2019-01-01T23:56:55.110000Z,3.58
859,20190101T235737Z,1J.TI8A.,"['CH1', 'CH2', 'CHZ']",2019-01-01T23:57:37.380000Z,6.34
860,20190101T235848Z,1J.TI8A.,"['CH1', 'CH2', 'CHZ']",2019-01-01T23:58:48.990000Z,7.65
861,20190101T235920Z,1J.TI8A.,"['CH1', 'CH2', 'CHZ']",2019-01-01T23:59:25.500000Z,1.91
862,20190101T000145Z,1J.TI6A.,"['CH1', 'CH2', 'CHZ']",2019-01-01T00:01:46.140000Z,7.58
863,20190101T001125Z,1J.TI6A.,"['CH1', 'CH2', 'CHZ']",2019-01-01T00:11:26.770000Z,6.44
864,20190101T001153Z,1J.TI6A.,"['CH1', 'CH2', 'CHZ']",2019-01-01T00:11:55.880000Z,5.83
865,20190101T001256Z,1J.TI6A.,"['CH1', 'CH2', 'CHZ']",2019-01-01T00:12:56.090000Z,5.91
866,20190101T001343Z,1J.TI6A.,"['CH1', 'CH2', 'CHZ']",2019-01-01T00:13:48.260000Z,3.47
867,20190101T001920Z,1J.TI6A.,"['CH1', 'CH2', 'CHZ']",2019-01-01T00:19:20.150000Z,2.42
868,20190101T002049Z,1J.TI6A.,"['CH1', 'CH2', 'CHZ']",2019-01-01T00:20:51.250000Z,11.91
869,20190101T003103Z,1J.TI6A.,"['CH1', 'CH2', 'CHZ']",2019-01-01T00:31:04.350000Z,5.57
870,20190101T004104Z,1J.TI6A.,"['CH1', 'CH2', 'CHZ']",2019-01-01T00:41:04.730000Z,5.65
871,20190101T004132Z,1J.TI6A.,"['CH1', 'CH2', 'CHZ']",2019-01-01T00:41:32.250000Z,6.73
872,20190101T004449Z,1J.TI6A.,"['CH1', 'CH2', 'CHZ']",2019-01-01T00:44:49.340000Z,1.97
873,20190101T004522Z,1J.TI6A.,"['CH1', 'CH2', 'CHZ']",2019-01-01T00:45:22.830000Z,8.79
874,20190101T005259Z,1J.TI6A.,"['CH1', 'CH2', 'CHZ']",2019-01-01T00:53:00.840000Z,5.61
875,20190101T005706Z,1J.TI6A.,"['CH1', 'CH2', 'CHZ']",2019-01-01T00:57:06.000000Z,4.39
876,20190101T005810Z,1J.TI6A.,"['CH1', 'CH2', 'CHZ']",2019-01-01T00:58:10.720000Z,6.57
877,20190101T010229Z,1J.TI6A.,"['CH1', 'CH2', 'CHZ']",2019-01-01T01:02:29.710000Z,9.19
878,20190101T010650Z,1J.TI6A.,"['CH1', 'CH2', 'CHZ']",2019-01-01T01:06:50.560000Z,8.15
879,20190101T010913Z,1J.TI6A.,"['CH1', 'CH2', 'CHZ']",2019-01-01T01:09:16.110000Z,5.76
880,20190101T011919Z,1J.TI6A.,"['CH1', 'CH2', 'CHZ']",2019-01-01T01:19:19.420000Z,7.07
881,20190101T012921Z,1J.TI6A.,"['CH1', 'CH2', 'CHZ']",2019-01-01T01:29:22.650000Z,2.0
882,20190101T013219Z,1J.TI6A.,"['CH1', 'CH2', 'CHZ']",2019-01-01T01:32:37.460000Z,1.96
883,20190101T013415Z,1J.TI6A.,"['CH1', 'CH2', 'CHZ']",2019-01-01T01:34:27.710000Z,7.71
884,20190101T013538Z,1J.TI6A.,"['CH1', 'CH2', 'CHZ']",2019-01-01T01:35:40.570000Z,4.02
885,20190101T013635Z,1J.TI6A.,"['CH1', 'CH2', 'CHZ']",2019-01-01T01:36:37.280000Z,5.1
886,20190101T014128Z,1J.TI6A.,"['CH1', 'CH2', 'CHZ']",2019-01-01T01:41:29.240000Z,6.8
887,20190101T014220Z,1J.TI6A.,"['CH1', 'CH2', 'CHZ']",2019-01-01T01:42:21.740000Z,6.95
888,20190101T014316Z,1J.TI6A.,"['CH1', 'CH2', 'CHZ']",2019-01-01T01:43:16.980000Z,10.26
889,20190101T014805Z,1J.TI6A.,"['CH1', 'CH2', 'CHZ']",2019-01-01T01:48:09.330000Z,7.47
890,20190101T014836Z,1J.TI6A.,"['CH1', 'CH2', 'CHZ']",2019-01-01T01:48:38.000000Z,5.89
891,20190101T015510Z,1J.TI6A.,"['CH1', 'CH2', 'CHZ']",2019-01-01T01:55:10.820000Z,8.04
892,20190101T015601Z,1J.TI6A.,"['CH1', 'CH2', 'CHZ']",2019-01-01T01:56:02.490000Z,5.65
893,20190101T020045Z,1J.TI6A.,"['CH1', 'CH2', 'CHZ']",2019-01-01T02:00:47.870000Z,4.01
894,20190101T020120Z,1J.TI6A.,"['CH1', 'CH2', 'CHZ']",2019-01-01T02:01:20.500000Z,8.8
895,20190101T020318Z,1J.TI6A.,"['CH1', 'CH2', 'CHZ']",2019-01-01T02:03:18.350000Z,8.11
896,20190101T020633Z,1J.TI6A.,"['CH1', 'CH2', 'CHZ']",2019-01-01T02:06:34.720000Z,7.86
897,20190101T020701Z,1J.TI6A.,"['CH1', 'CH2', 'CHZ']",2019-01-01T02:07:02.070000Z,7.72
898,20190101T020814Z,1J.TI6A.,"['CH1', 'CH2', 'CHZ']",2019-01-01T02:08:14.530000Z,7.62
899,20190101T020935Z,1J.TI6A.,"['CH1', 'CH2', 'CHZ']",2019-01-01T02:09:35.550000Z,6.11
900,20190101T021238Z,1J.TI6A.,"['CH1', 'CH2', 'CHZ']",2019-01-01T02:12:42.750000Z,3.39
901,20190101T021656Z,1J.TI6A.,"['CH1', 'CH2', 'CHZ']",2019-01-01T02:16:57.990000Z,7.96
902,20190101T021724Z,1J.TI6A.,"['CH1', 'CH2', 'CHZ']",2019-01-01T02:17:25.860000Z,6.53
903,20190101T021948Z,1J.TI6A.,"['CH1', 'CH2', 'CHZ']",2019-01-01T02:19:54.520000Z,4.58
904,20190101T022223Z,1J.TI6A.,"['CH1', 'CH2', 'CHZ']",2019-01-01T02:22:25.820000Z,5.83
905,20190101T022313Z,1J.TI6A.,"['CH1', 'CH2', 'CHZ']",2019-01-01T02:23:13.150000Z,17.88
906,20190101T022359Z,1J.TI6A.,"['CH1', 'CH2', 'CHZ']",2019-01-01T02:23:59.900000Z,8.53
907,20190101T022805Z,1J.TI6A.,"['CH1', 'CH2', 'CHZ']",2019-01-01T02:28:05.360000Z,8.5
908,20190101T023429Z,1J.TI6A.,"['CH1', 'CH2', 'CHZ']",2019-01-01T02:34:29.880000Z,6.3
909,20190101T023831Z,1J.TI6A.,"['CH1', 'CH2', 'CHZ']",2019-01-01T02:38:31.590000Z,7.46
910,20190101T024638Z,1J.TI6A.,"['CH1', 'CH2', 'CHZ']",2019-01-01T02:46:38.620000Z,6.17
911,20190101T024952Z,1J.TI6A.,"['CH1', 'CH2', 'CHZ']",2019-01-01T02:49:53.920000Z,5.35
912,20190101T025600Z,1J.TI6A.,"['CH1', 'CH2', 'CHZ']",2019-01-01T02:56:02.790000Z,4.81
913,20190101T025753Z,1J.TI6A.,"['CH1', 'CH2', 'CHZ']",2019-01-01T02:57:53.660000Z,7.56
914,20190101T030018Z,1J.TI6A.,"['CH1', 'CH2', 'CHZ']",2019-01-01T03:00:18.520000Z,9.54
915,20190101T030255Z,1J.TI6A.,"['CH1', 'CH2', 'CHZ']",2019-01-01T03:02:56.980000Z,5.26
916,20190101T030912Z,1J.TI6A.,"['CH1', 'CH2', 'CHZ']",2019-01-01T03:09:13.470000Z,8.88
917,20190101T030939Z,1J.TI6A.,"['CH1', 'CH2', 'CHZ']",2019-01-01T03:09:42.110000Z,7.65
918,20190101T031120Z,1J.TI6A.,"['CH1', 'CH2', 'CHZ']",2019-01-01T03:11:22.890000Z,4.71
919,20190101T031258Z,1J.TI6A.,"['CH1', 'CH2', 'CHZ']",2019-01-01T03:13:00.770000Z,4.94
920,20190101T031509Z,1J.TI6A.,"['CH1', 'CH2', 'CHZ']",2019-01-01T03:15:10.150000Z,7.19
921,20190101T032115Z,1J.TI6A.,"['CH1', 'CH2', 'CHZ']",2019-01-01T03:21:15.550000Z,3.72
922,20190101T032429Z,1J.TI6A.,"['CH1', 'CH2', 'CHZ']",2019-01-01T03:24:29.340000Z,6.47
923,20190101T032647Z,1J.TI6A.,"['CH1', 'CH2', 'CHZ']",2019-01-01T03:26:59.610000Z,6.7
924,20190101T032820Z,1J.TI6A.,"['CH1', 'CH2', 'CHZ']",2019-01-01T03:28:24.850000Z,5.14
925,20190101T033008Z,1J.TI6A.,"['CH1', 'CH2', 'CHZ']",2019-01-01T03:30:08.270000Z,8.26
926,20190101T033049Z,1J.TI6A.,"['CH1', 'CH2', 'CHZ']",2019-01-01T03:30:49.760000Z,7.66
927,20190101T033952Z,1J.TI6A.,"['CH1', 'CH2', 'CHZ']",2019-01-01T03:39:52.100000Z,9.59
928,20190101T034007Z,1J.TI6A.,"['CH1', 'CH2', 'CHZ']",2019-01-01T03:40:08.060000Z,7.29
929,20190101T034627Z,1J.TI6A.,"['CH1', 'CH2', 'CHZ']",2019-01-01T03:46:27.330000Z,6.48
930,20190101T034803Z,1J.TI6A.,"['CH1', 'CH2', 'CHZ']",2019-01-01T03:48:04.390000Z,5.75
931,20190101T035131Z,1J.TI6A.,"['CH1', 'CH2', 'CHZ']",2019-01-01T03:51:33.120000Z,5.34
932,20190101T035541Z,1J.TI6A.,"['CH1', 'CH2', 'CHZ']",2019-01-01T03:55:41.790000Z,9.51
933,20190101T035634Z,1J.TI6A.,"['CH1', 'CH2', 'CHZ']",2019-01-01T03:56:37.180000Z,4.35
934,20190101T035752Z,1J.TI6A.,"['CH1', 'CH2', 'CHZ']",2019-01-01T03:57:52.700000Z,6.21
935,20190101T035839Z,1J.TI6A.,"['CH1', 'CH2', 'CHZ']",2019-01-01T03:58:40.420000Z,8.16
936,20190101T040402Z,1J.TI6A.,"['CH1', 'CH2', 'CHZ']",2019-01-01T04:04:04.470000Z,4.7
937,20190101T040755Z,1J.TI6A.,"['CH1', 'CH2', 'CHZ']",2019-01-01T04:07:55.620000Z,7.1
938,20190101T040941Z,1J.TI6A.,"['CH1', 'CH2', 'CHZ']",2019-01-01T04:09:41.490000Z,6.21
939,20190101T041817Z,1J.TI6A.,"['CH1', 'CH2', 'CHZ']",2019-01-01T04:18:20.730000Z,7.35
940,20190101T041936Z,1J.TI6A.,"['CH1', 'CH2', 'CHZ']",2019-01-01T04:19:37.570000Z,3.92
941,20190101T042053Z,1J.TI6A.,"['CH1', 'CH2', 'CHZ']",2019-01-01T04:20:53.850000Z,12.41
942,20190101T042128Z,1J.TI6A.,"['CH1', 'CH2', 'CHZ']",2019-01-01T04:21:29.750000Z,4.87
943,20190101T042328Z,1J.TI6A.,"['CH1', 'CH2', 'CHZ']",2019-01-01T04:23:28.810000Z,5.49
944,20190101T042442Z,1J.TI6A.,"['CH1', 'CH2', 'CHZ']",2019-01-01T04:24:42.930000Z,2.64
945,20190101T042913Z,1J.TI6A.,"['CH1', 'CH2', 'CHZ']",2019-01-01T04:29:13.790000Z,9.14
946,20190101T043133Z,1J.TI6A.,"['CH1', 'CH2', 'CHZ']",2019-01-01T04:31:35.120000Z,5.26
947,20190101T043419Z,1J.TI6A.,"['CH1', 'CH2', 'CHZ']",2019-01-01T04:34:19.730000Z,6.0
948,20190101T044114Z,1J.TI6A.,"['CH1', 'CH2', 'CHZ']",2019-01-01T04:41:15.650000Z,7.16
949,20190101T044142Z,1J.TI6A.,"['CH1', 'CH2', 'CHZ']",2019-01-01T04:41:42.980000Z,7.03
950,20190101T044941Z,1J.TI6A.,"['CH1', 'CH2', 'CHZ']",2019-01-01T04:49:41.940000Z,9.46
951,20190101T045125Z,1J.TI6A.,"['CH1', 'CH2', 'CHZ']",2019-01-01T04:51:26.680000Z,4.75
952,20190101T045555Z,1J.TI6A.,"['CH1', 'CH2', 'CHZ']",2019-01-01T04:56:01.220000Z,6.27
953,20190101T045940Z,1J.TI6A.,"['CH1', 'CH2', 'CHZ']",2019-01-01T04:59:42.000000Z,5.46
954,20190101T050536Z,1J.TI6A.,"['CH1', 'CH2', 'CHZ']",2019-01-01T05:05:37.740000Z,6.05
955,20190101T050630Z,1J.TI6A.,"['CH1', 'CH2', 'CHZ']",2019-01-01T05:06:31.170000Z,9.12
956,20190101T050715Z,1J.TI6A.,"['CH1', 'CH2', 'CHZ']",2019-01-01T05:07:17.280000Z,5.23
957,20190101T051043Z,1J.TI6A.,"['CH1', 'CH2', 'CHZ']",2019-01-01T05:10:46.140000Z,4.41
958,20190101T051503Z,1J.TI6A.,"['CH1', 'CH2', 'CHZ']",2019-01-01T05:15:04.880000Z,4.81
959,20190101T051708Z,1J.TI6A.,"['CH1', 'CH2', 'CHZ']",2019-01-01T05:17:12.330000Z,8.09
960,20190101T051759Z,1J.TI6A.,"['CH1', 'CH2', 'CHZ']",2019-01-01T05:18:01.800000Z,4.52
961,20190101T052502Z,1J.TI6A.,"['CH1', 'CH2', 'CHZ']",2019-01-01T05:25:02.570000Z,9.16
962,20190101T053039Z,1J.TI6A.,"['CH1', 'CH2', 'CHZ']",2019-01-01T05:30:46.890000Z,2.14
963,20190101T053143Z,1J.TI6A.,"['CH1', 'CH2', 'CHZ']",2019-01-01T05:31:43.740000Z,8.09
964,20190101T053542Z,1J.TI6A.,"['CH1', 'CH2', 'CHZ']",2019-01-01T05:35:43.160000Z,9.66
965,20190101T053610Z,1J.TI6A.,"['CH1', 'CH2', 'CHZ']",2019-01-01T05:36:10.700000Z,7.49
966,20190101T054449Z,1J.TI6A.,"['CH1', 'CH2', 'CHZ']",2019-01-01T05:44:49.930000Z,7.51
967,20190101T054641Z,1J.TI6A.,"['CH1', 'CH2', 'CHZ']",2019-01-01T05:46:41.060000Z,9.04
968,20190101T054836Z,1J.TI6A.,"['CH1', 'CH2', 'CHZ']",2019-01-01T05:48:39.620000Z,5.27
969,20190101T055249Z,1J.TI6A.,"['CH1', 'CH2', 'CHZ']",2019-01-01T05:52:49.940000Z,7.67
970,20190101T055318Z,1J.TI6A.,"['CH1', 'CH2', 'CHZ']",2019-01-01T05:53:19.670000Z,6.91
971,20190101T055720Z,1J.TI6A.,"['CH1', 'CH2', 'CHZ']",2019-01-01T05:57:20.040000Z,6.78
972,20190101T060439Z,1J.TI6A.,"['CH1', 'CH2', 'CHZ']",2019-01-01T06:04:39.930000Z,5.42
973,20190101T060644Z,1J.TI6A.,"['CH1', 'CH2', 'CHZ']",2019-01-01T06:06:44.620000Z,7.04
974,20190101T060759Z,1J.TI6A.,"['CH1', 'CH2', 'CHZ']",2019-01-01T06:08:03.080000Z,2.32
975,20190101T060829Z,1J.TI6A.,"['CH1', 'CH2', 'CHZ']",2019-01-01T06:08:29.930000Z,2.59
976,20190101T061237Z,1J.TI6A.,"['CH1', 'CH2', 'CHZ']",2019-01-01T06:12:37.670000Z,6.51
977,20190101T061354Z,1J.TI6A.,"['CH1', 'CH2', 'CHZ']",2019-01-01T06:13:54.910000Z,5.16
978,20190101T062054Z,1J.TI6A.,"['CH1', 'CH2', 'CHZ']",2019-01-01T06:20:55.120000Z,5.68
979,20190101T062207Z,1J.TI6A.,"['CH1', 'CH2', 'CHZ']",2019-01-01T06:22:07.960000Z,9.43
980,20190101T062506Z,1J.TI6A.,"['CH1', 'CH2', 'CHZ']",2019-01-01T06:25:07.320000Z,4.88
981,20190101T062612Z,1J.TI6A.,"['CH1', 'CH2', 'CHZ']",2019-01-01T06:26:12.010000Z,8.7
982,20190101T062750Z,1J.TI6A.,"['CH1', 'CH2', 'CHZ']",2019-01-01T06:27:50.280000Z,2.16
983,20190101T062759Z,1J.TI6A.,"['CH1', 'CH2', 'CHZ']",2019-01-01T06:27:59.740000Z,7.34
984,20190101T063304Z,1J.TI6A.,"['CH1', 'CH2', 'CHZ']",2019-01-01T06:33:04.720000Z,4.74
985,20190101T063332Z,1J.TI6A.,"['CH1', 'CH2', 'CHZ']",2019-01-01T06:33:32.210000Z,5.29
986,20190101T063720Z,1J.TI6A.,"['CH1', 'CH2', 'CHZ']",2019-01-01T06:37:20.780000Z,5.66
987,20190101T064001Z,1J.TI6A.,"['CH1', 'CH2', 'CHZ']",2019-01-01T06:40:01.550000Z,7.59
988,20190101T064242Z,1J.TI6A.,"['CH1', 'CH2', 'CHZ']",2019-01-01T06:42:42.330000Z,5.77
989,20190101T065116Z,1J.TI6A.,"['CH1', 'CH2', 'CHZ']",2019-01-01T06:51:18.090000Z,5.4
990,20190101T065152Z,1J.TI6A.,"['CH1', 'CH2', 'CHZ']",2019-01-01T06:52:04.200000Z,2.05
991,20190101T065301Z,1J.TI6A.,"['CH1', 'CH2', 'CHZ']",2019-01-01T06:53:02.170000Z,7.77
992,20190101T065633Z,1J.TI6A.,"['CH1', 'CH2', 'CHZ']",2019-01-01T06:56:33.070000Z,6.15
993,20190101T065954Z,1J.TI6A.,"['CH1', 'CH2', 'CHZ']",2019-01-01T06:59:54.350000Z,6.78
994,20190101T070021Z,1J.TI6A.,"['CH1', 'CH2', 'CHZ']",2019-01-01T07:00:22.730000Z,6.91
995,20190101T070441Z,1J.TI6A.,"['CH1', 'CH2', 'CHZ']",2019-01-01T07:04:44.010000Z,5.72
996,20190101T070859Z,1J.TI6A.,"['CH1', 'CH2', 'CHZ']",2019-01-01T07:08:59.930000Z,5.38
997,20190101T071233Z,1J.TI6A.,"['CH1', 'CH2', 'CHZ']",2019-01-01T07:12:33.360000Z,6.95
998,20190101T071421Z,1J.TI6A.,"['CH1', 'CH2', 'CHZ']",2019-01-01T07:14:22.340000Z,5.31
999,20190101T071819Z,1J.TI6A.,"['CH1', 'CH2', 'CHZ']",2019-01-01T07:18:19.690000Z,9.43
1000,20190101T071848Z,1J.TI6A.,"['CH1', 'CH2', 'CHZ']",2019-01-01T07:18:50.270000Z,2.23
1001,20190101T072323Z,1J.TI6A.,"['CH1', 'CH2', 'CHZ']",2019-01-01T07:23:23.490000Z,7.82
1002,20190101T073329Z,1J.TI6A.,"['CH1', 'CH2', 'CHZ']",2019-01-01T07:33:30.620000Z,5.69
1003,20190101T073441Z,1J.TI6A.,"['CH1', 'CH2', 'CHZ']",2019-01-01T07:34:41.130000Z,6.49
1004,20190101T074036Z,1J.TI6A.,"['CH1', 'CH2', 'CHZ']",2019-01-01T07:40:50.380000Z,9.22
1005,20190101T074136Z,1J.TI6A.,"['CH1', 'CH2', 'CHZ']",2019-01-01T07:41:37.600000Z,4.15
1006,20190101T074256Z,1J.TI6A.,"['CH1', 'CH2', 'CHZ']",2019-01-01T07:42:56.930000Z,5.24
1007,20190101T074514Z,1J.TI6A.,"['CH1', 'CH2', 'CHZ']",2019-01-01T07:45:18.090000Z,6.08
1008,20190101T074557Z,1J.TI6A.,"['CH1', 'CH2', 'CHZ']",2019-01-01T07:45:59.200000Z,4.54
1009,20190101T074803Z,1J.TI6A.,"['CH1', 'CH2', 'CHZ']",2019-01-01T07:48:08.000000Z,2.21
1010,20190101T075830Z,1J.TI6A.,"['CH1', 'CH2', 'CHZ']",2019-01-01T07:58:31.540000Z,5.3
1011,20190101T075948Z,1J.TI6A.,"['CH1', 'CH2', 'CHZ']",2019-01-01T07:59:49.160000Z,8.89
1012,20190101T080051Z,1J.TI6A.,"['CH1', 'CH2', 'CHZ']",2019-01-01T08:00:53.270000Z,4.68
1013,20190101T080335Z,1J.TI6A.,"['CH1', 'CH2', 'CHZ']",2019-01-01T08:03:35.810000Z,8.03
1014,20190101T080847Z,1J.TI6A.,"['CH1', 'CH2', 'CHZ']",2019-01-01T08:08:47.550000Z,9.69
1015,20190101T081000Z,1J.TI6A.,"['CH1', 'CH2', 'CHZ']",2019-01-01T08:10:03.810000Z,5.11
1016,20190101T081035Z,1J.TI6A.,"['CH1', 'CH2', 'CHZ']",2019-01-01T08:10:37.360000Z,3.14
1017,20190101T081652Z,1J.TI6A.,"['CH1', 'CH2', 'CHZ']",2019-01-01T08:16:53.550000Z,12.67
1018,20190101T081913Z,1J.TI6A.,"['CH1', 'CH2', 'CHZ']",2019-01-01T08:19:19.020000Z,6.27
1019,20190101T082333Z,1J.TI6A.,"['CH1', 'CH2', 'CHZ']",2019-01-01T08:23:34.680000Z,9.0
1020,20190101T082402Z,1J.TI6A.,"['CH1', 'CH2', 'CHZ']",2019-01-01T08:24:04.450000Z,6.0
1021,20190101T082724Z,1J.TI6A.,"['CH1', 'CH2', 'CHZ']",2019-01-01T08:27:26.130000Z,5.75
1022,20190101T082741Z,1J.TI6A.,"['CH1', 'CH2', 'CHZ']",2019-01-01T08:27:42.660000Z,17.08
1023,20190101T082810Z,1J.TI6A.,"['CH1', 'CH2', 'CHZ']",2019-01-01T08:28:12.310000Z,3.86
1024,20190101T082921Z,1J.TI6A.,"['CH1', 'CH2', 'CHZ']",2019-01-01T08:29:25.300000Z,3.02
1025,20190101T083404Z,1J.TI6A.,"['CH1', 'CH2', 'CHZ']",2019-01-01T08:34:04.360000Z,7.2
1026,20190101T084419Z,1J.TI6A.,"['CH1', 'CH2', 'CHZ']",2019-01-01T08:44:20.740000Z,5.68
1027,20190101T084558Z,1J.TI6A.,"['CH1', 'CH2', 'CHZ']",2019-01-01T08:45:58.660000Z,7.45
1028,20190101T085640Z,1J.TI6A.,"['CH1', 'CH2', 'CHZ']",2019-01-01T08:56:40.490000Z,7.98
1029,20190101T085854Z,1J.TI6A.,"['CH1', 'CH2', 'CHZ']",2019-01-01T08:58:56.220000Z,4.89
1030,20190101T090239Z,1J.TI6A.,"['CH1', 'CH2', 'CHZ']",2019-01-01T09:02:39.930000Z,11.28
1031,20190101T090813Z,1J.TI6A.,"['CH1', 'CH2', 'CHZ']",2019-01-01T09:08:13.970000Z,5.88
1032,20190101T091049Z,1J.TI6A.,"['CH1', 'CH2', 'CHZ']",2019-01-01T09:10:51.030000Z,5.68
1033,20190101T091513Z,1J.TI6A.,"['CH1', 'CH2', 'CHZ']",2019-01-01T09:15:13.830000Z,9.98
1034,20190101T092717Z,1J.TI6A.,"['CH1', 'CH2', 'CHZ']",2019-01-01T09:27:18.630000Z,5.4
1035,20190101T092907Z,1J.TI6A.,"['CH1', 'CH2', 'CHZ']",2019-01-01T09:29:09.640000Z,4.69
1036,20190101T093133Z,1J.TI6A.,"['CH1', 'CH2', 'CHZ']",2019-01-01T09:31:35.880000Z,10.12
1037,20190101T093243Z,1J.TI6A.,"['CH1', 'CH2', 'CHZ']",2019-01-01T09:32:43.830000Z,4.03
1038,20190101T093313Z,1J.TI6A.,"['CH1', 'CH2', 'CHZ']",2019-01-01T09:33:16.110000Z,9.6
1039,20190101T093434Z,1J.TI6A.,"['CH1', 'CH2', 'CHZ']",2019-01-01T09:34:36.750000Z,8.89
1040,20190101T094241Z,1J.TI6A.,"['CH1', 'CH2', 'CHZ']",2019-01-01T09:42:41.360000Z,7.59
1041,20190101T094432Z,1J.TI6A.,"['CH1', 'CH2', 'CHZ']",2019-01-01T09:44:32.960000Z,7.27
1042,20190101T094743Z,1J.TI6A.,"['CH1', 'CH2', 'CHZ']",2019-01-01T09:47:46.430000Z,6.12
1043,20190101T095621Z,1J.TI6A.,"['CH1', 'CH2', 'CHZ']",2019-01-01T09:56:22.230000Z,5.57
1044,20190101T095926Z,1J.TI6A.,"['CH1', 'CH2', 'CHZ']",2019-01-01T09:59:26.580000Z,8.44
1045,20190101T100047Z,1J.TI6A.,"['CH1', 'CH2', 'CHZ']",2019-01-01T10:00:47.270000Z,4.51
1046,20190101T100445Z,1J.TI6A.,"['CH1', 'CH2', 'CHZ']",2019-01-01T10:04:46.850000Z,5.21
1047,20190101T100905Z,1J.TI6A.,"['CH1', 'CH2', 'CHZ']",2019-01-01T10:09:05.740000Z,10.01
1048,20190101T101829Z,1J.TI6A.,"['CH1', 'CH2', 'CHZ']",2019-01-01T10:18:30.830000Z,6.51
1049,20190101T101952Z,1J.TI6A.,"['CH1', 'CH2', 'CHZ']",2019-01-01T10:19:52.310000Z,6.1
1050,20190101T102802Z,1J.TI6A.,"['CH1', 'CH2', 'CHZ']",2019-01-01T10:28:04.280000Z,5.08
1051,20190101T103036Z,1J.TI6A.,"['CH1', 'CH2', 'CHZ']",2019-01-01T10:30:39.950000Z,6.09
1052,20190101T103130Z,1J.TI6A.,"['CH1', 'CH2', 'CHZ']",2019-01-01T10:31:32.610000Z,8.13
1053,20190101T103159Z,1J.TI6A.,"['CH1', 'CH2', 'CHZ']",2019-01-01T10:32:01.480000Z,6.14
1054,20190101T103543Z,1J.TI6A.,"['CH1', 'CH2', 'CHZ']",2019-01-01T10:35:46.180000Z,4.85
1055,20190101T103828Z,1J.TI6A.,"['CH1', 'CH2', 'CHZ']",2019-01-01T10:38:33.340000Z,4.63
1056,20190101T104149Z,1J.TI6A.,"['CH1', 'CH2', 'CHZ']",2019-01-01T10:41:49.610000Z,8.49
1057,20190101T104915Z,1J.TI6A.,"['CH1', 'CH2', 'CHZ']",2019-01-01T10:49:15.520000Z,5.68
1058,20190101T105042Z,1J.TI6A.,"['CH1', 'CH2', 'CHZ']",2019-01-01T10:50:42.660000Z,9.61
1059,20190101T105404Z,1J.TI6A.,"['CH1', 'CH2', 'CHZ']",2019-01-01T10:54:04.130000Z,8.33
1060,20190101T105521Z,1J.TI6A.,"['CH1', 'CH2', 'CHZ']",2019-01-01T10:55:22.390000Z,5.41
1061,20190101T105724Z,1J.TI6A.,"['CH1', 'CH2', 'CHZ']",2019-01-01T10:57:25.780000Z,5.04
1062,20190101T110026Z,1J.TI6A.,"['CH1', 'CH2', 'CHZ']",2019-01-01T11:00:26.070000Z,7.68
1063,20190101T111305Z,1J.TI6A.,"['CH1', 'CH2', 'CHZ']",2019-01-01T11:13:05.150000Z,7.82
1064,20190101T112329Z,1J.TI6A.,"['CH1', 'CH2', 'CHZ']",2019-01-01T11:23:29.670000Z,8.84
1065,20190101T112517Z,1J.TI6A.,"['CH1', 'CH2', 'CHZ']",2019-01-01T11:25:17.110000Z,6.88
1066,20190101T112726Z,1J.TI6A.,"['CH1', 'CH2', 'CHZ']",2019-01-01T11:27:26.180000Z,8.6
1067,20190101T112805Z,1J.TI6A.,"['CH1', 'CH2', 'CHZ']",2019-01-01T11:28:07.840000Z,4.87
1068,20190101T113548Z,1J.TI6A.,"['CH1', 'CH2', 'CHZ']",2019-01-01T11:35:48.970000Z,5.75
1069,20190101T113710Z,1J.TI6A.,"['CH1', 'CH2', 'CHZ']",2019-01-01T11:37:10.900000Z,7.12
1070,20190101T114724Z,1J.TI6A.,"['CH1', 'CH2', 'CHZ']",2019-01-01T11:47:25.690000Z,5.09
1071,20190101T115014Z,1J.TI6A.,"['CH1', 'CH2', 'CHZ']",2019-01-01T11:50:14.730000Z,7.03
1072,20190101T115405Z,1J.TI6A.,"['CH1', 'CH2', 'CHZ']",2019-01-01T11:54:06.270000Z,6.35
1073,20190101T115635Z,1J.TI6A.,"['CH1', 'CH2', 'CHZ']",2019-01-01T11:56:37.110000Z,5.12
1074,20190101T115846Z,1J.TI6A.,"['CH1', 'CH2', 'CHZ']",2019-01-01T11:58:46.540000Z,7.05
1075,20190101T120155Z,1J.TI6A.,"['CH1', 'CH2', 'CHZ']",2019-01-01T12:01:56.390000Z,3.93
1076,20190101T120941Z,1J.TI6A.,"['CH1', 'CH2', 'CHZ']",2019-01-01T12:09:41.900000Z,14.37
1077,20190101T121341Z,1J.TI6A.,"['CH1', 'CH2', 'CHZ']",2019-01-01T12:13:42.140000Z,5.67
1078,20190101T121414Z,1J.TI6A.,"['CH1', 'CH2', 'CHZ']",2019-01-01T12:14:15.840000Z,2.48
1079,20190101T121954Z,1J.TI6A.,"['CH1', 'CH2', 'CHZ']",2019-01-01T12:19:54.700000Z,7.83
1080,20190101T122157Z,1J.TI6A.,"['CH1', 'CH2', 'CHZ']",2019-01-01T12:21:58.330000Z,1.94
1081,20190101T122625Z,1J.TI6A.,"['CH1', 'CH2', 'CHZ']",2019-01-01T12:26:25.780000Z,10.18
1082,20190101T122643Z,1J.TI6A.,"['CH1', 'CH2', 'CHZ']",2019-01-01T12:26:44.950000Z,4.56
1083,20190101T122959Z,1J.TI6A.,"['CH1', 'CH2', 'CHZ']",2019-01-01T12:30:00.750000Z,5.31
1084,20190101T123224Z,1J.TI6A.,"['CH1', 'CH2', 'CHZ']",2019-01-01T12:32:24.280000Z,5.18
1085,20190101T123256Z,1J.TI6A.,"['CH1', 'CH2', 'CHZ']",2019-01-01T12:32:56.670000Z,7.31
1086,20190101T123525Z,1J.TI6A.,"['CH1', 'CH2', 'CHZ']",2019-01-01T12:35:32.100000Z,2.01
1087,20190101T123952Z,1J.TI6A.,"['CH1', 'CH2', 'CHZ']",2019-01-01T12:39:52.070000Z,4.91
1088,20190101T124857Z,1J.TI6A.,"['CH1', 'CH2', 'CHZ']",2019-01-01T12:49:01.300000Z,2.42
1089,20190101T125202Z,1J.TI6A.,"['CH1', 'CH2', 'CHZ']",2019-01-01T12:52:02.230000Z,6.1
1090,20190101T125253Z,1J.TI6A.,"['CH1', 'CH2', 'CHZ']",2019-01-01T12:52:54.820000Z,2.04
1091,20190101T130007Z,1J.TI6A.,"['CH1', 'CH2', 'CHZ']",2019-01-01T13:00:09.730000Z,3.91
1092,20190101T130034Z,1J.TI6A.,"['CH1', 'CH2', 'CHZ']",2019-01-01T13:00:34.510000Z,5.39
1093,20190101T130135Z,1J.TI6A.,"['CH1', 'CH2', 'CHZ']",2019-01-01T13:01:42.290000Z,1.52
1094,20190101T130337Z,1J.TI6A.,"['CH1', 'CH2', 'CHZ']",2019-01-01T13:03:37.110000Z,5.52
1095,20190101T131645Z,1J.TI6A.,"['CH1', 'CH2', 'CHZ']",2019-01-01T13:16:49.300000Z,5.13
1096,20190101T133419Z,1J.TI6A.,"['CH1', 'CH2', 'CHZ']",2019-01-01T13:34:23.600000Z,2.89
1097,20190101T134107Z,1J.TI6A.,"['CH1', 'CH2', 'CHZ']",2019-01-01T13:41:07.590000Z,6.61
1098,20190101T134318Z,1J.TI6A.,"['CH1', 'CH2', 'CHZ']",2019-01-01T13:43:18.300000Z,9.44
1099,20190101T134638Z,1J.TI6A.,"['CH1', 'CH2', 'CHZ']",2019-01-01T13:46:38.040000Z,5.54
1100,20190101T135458Z,1J.TI6A.,"['CH1', 'CH2', 'CHZ']",2019-01-01T13:55:00.820000Z,7.74
1101,20190101T135850Z,1J.TI6A.,"['CH1', 'CH2', 'CHZ']",2019-01-01T13:58:51.570000Z,6.71
1102,20190101T140415Z,1J.TI6A.,"['CH1', 'CH2', 'CHZ']",2019-01-01T14:04:15.290000Z,16.51
1103,20190101T140744Z,1J.TI6A.,"['CH1', 'CH2', 'CHZ']",2019-01-01T14:07:57.880000Z,1.96
1104,20190101T141159Z,1J.TI6A.,"['CH1', 'CH2', 'CHZ']",2019-01-01T14:11:59.650000Z,9.87
1105,20190101T141307Z,1J.TI6A.,"['CH1', 'CH2', 'CHZ']",2019-01-01T14:13:07.620000Z,20.17
1106,20190101T141555Z,1J.TI6A.,"['CH1', 'CH2', 'CHZ']",2019-01-01T14:15:56.690000Z,5.55
1107,20190101T142249Z,1J.TI6A.,"['CH1', 'CH2', 'CHZ']",2019-01-01T14:22:52.320000Z,8.92
1108,20190101T142530Z,1J.TI6A.,"['CH1', 'CH2', 'CHZ']",2019-01-01T14:25:31.950000Z,6.63
1109,20190101T142558Z,1J.TI6A.,"['CH1', 'CH2', 'CHZ']",2019-01-01T14:25:59.640000Z,6.85
1110,20190101T142804Z,1J.TI6A.,"['CH1', 'CH2', 'CHZ']",2019-01-01T14:28:04.610000Z,10.63
1111,20190101T143007Z,1J.TI6A.,"['CH1', 'CH2', 'CHZ']",2019-01-01T14:30:08.070000Z,9.41
1112,20190101T143036Z,1J.TI6A.,"['CH1', 'CH2', 'CHZ']",2019-01-01T14:30:37.480000Z,6.95
1113,20190101T144042Z,1J.TI6A.,"['CH1', 'CH2', 'CHZ']",2019-01-01T14:40:42.250000Z,6.37
1114,20190101T145335Z,1J.TI6A.,"['CH1', 'CH2', 'CHZ']",2019-01-01T14:53:37.430000Z,5.43
1115,20190101T145803Z,1J.TI6A.,"['CH1', 'CH2', 'CHZ']",2019-01-01T14:58:04.580000Z,7.6
1116,20190101T145831Z,1J.TI6A.,"['CH1', 'CH2', 'CHZ']",2019-01-01T14:58:31.150000Z,7.47
1117,20190101T150117Z,1J.TI6A.,"['CH1', 'CH2', 'CHZ']",2019-01-01T15:01:19.160000Z,4.9
1118,20190101T150614Z,1J.TI6A.,"['CH1', 'CH2', 'CHZ']",2019-01-01T15:06:14.160000Z,6.37
1119,20190101T150712Z,1J.TI6A.,"['CH1', 'CH2', 'CHZ']",2019-01-01T15:07:14.960000Z,3.94
1120,20190101T151407Z,1J.TI6A.,"['CH1', 'CH2', 'CHZ']",2019-01-01T15:14:15.610000Z,2.03
1121,20190101T151517Z,1J.TI6A.,"['CH1', 'CH2', 'CHZ']",2019-01-01T15:15:17.760000Z,9.03
1122,20190101T151631Z,1J.TI6A.,"['CH1', 'CH2', 'CHZ']",2019-01-01T15:16:35.730000Z,9.13
1123,20190101T151733Z,1J.TI6A.,"['CH1', 'CH2', 'CHZ']",2019-01-01T15:17:33.290000Z,5.65
1124,20190101T151833Z,1J.TI6A.,"['CH1', 'CH2', 'CHZ']",2019-01-01T15:18:33.870000Z,3.19
1125,20190101T151943Z,1J.TI6A.,"['CH1', 'CH2', 'CHZ']",2019-01-01T15:19:43.720000Z,5.89
1126,20190101T152144Z,1J.TI6A.,"['CH1', 'CH2', 'CHZ']",2019-01-01T15:21:46.660000Z,4.42
1127,20190101T152450Z,1J.TI6A.,"['CH1', 'CH2', 'CHZ']",2019-01-01T15:24:52.250000Z,7.9
1128,20190101T152535Z,1J.TI6A.,"['CH1', 'CH2', 'CHZ']",2019-01-01T15:25:37.170000Z,9.14
1129,20190101T153132Z,1J.TI6A.,"['CH1', 'CH2', 'CHZ']",2019-01-01T15:31:32.910000Z,5.54
1130,20190101T153914Z,1J.TI6A.,"['CH1', 'CH2', 'CHZ']",2019-01-01T15:39:16.900000Z,4.79
1131,20190101T154104Z,1J.TI6A.,"['CH1', 'CH2', 'CHZ']",2019-01-01T15:41:09.140000Z,1.8
1132,20190101T154323Z,1J.TI6A.,"['CH1', 'CH2', 'CHZ']",2019-01-01T15:43:23.190000Z,5.97
1133,20190101T154632Z,1J.TI6A.,"['CH1', 'CH2', 'CHZ']",2019-01-01T15:46:32.090000Z,6.6
1134,20190101T154734Z,1J.TI6A.,"['CH1', 'CH2', 'CHZ']",2019-01-01T15:47:35.680000Z,5.27
1135,20190101T155255Z,1J.TI6A.,"['CH1', 'CH2', 'CHZ']",2019-01-01T15:52:55.790000Z,6.99
1136,20190101T155421Z,1J.TI6A.,"['CH1', 'CH2', 'CHZ']",2019-01-01T15:54:23.310000Z,5.14
1137,20190101T155702Z,1J.TI6A.,"['CH1', 'CH2', 'CHZ']",2019-01-01T15:57:02.820000Z,7.6
1138,20190101T160301Z,1J.TI6A.,"['CH1', 'CH2', 'CHZ']",2019-01-01T16:03:01.560000Z,9.02
1139,20190101T160421Z,1J.TI6A.,"['CH1', 'CH2', 'CHZ']",2019-01-01T16:04:21.690000Z,5.86
1140,20190101T160448Z,1J.TI6A.,"['CH1', 'CH2', 'CHZ']",2019-01-01T16:04:49.900000Z,6.18
1141,20190101T160922Z,1J.TI6A.,"['CH1', 'CH2', 'CHZ']",2019-01-01T16:09:22.420000Z,5.61
1142,20190101T161016Z,1J.TI6A.,"['CH1', 'CH2', 'CHZ']",2019-01-01T16:10:16.740000Z,10.16
1143,20190101T162015Z,1J.TI6A.,"['CH1', 'CH2', 'CHZ']",2019-01-01T16:20:15.150000Z,3.19
1144,20190101T162224Z,1J.TI6A.,"['CH1', 'CH2', 'CHZ']",2019-01-01T16:22:24.380000Z,6.69
1145,20190101T162349Z,1J.TI6A.,"['CH1', 'CH2', 'CHZ']",2019-01-01T16:23:49.380000Z,7.6
1146,20190101T163454Z,1J.TI6A.,"['CH1', 'CH2', 'CHZ']",2019-01-01T16:34:54.350000Z,9.27
1147,20190101T163739Z,1J.TI6A.,"['CH1', 'CH2', 'CHZ']",2019-01-01T16:37:40.780000Z,5.37
1148,20190101T163937Z,1J.TI6A.,"['CH1', 'CH2', 'CHZ']",2019-01-01T16:39:37.480000Z,10.71
1149,20190101T164013Z,1J.TI6A.,"['CH1', 'CH2', 'CHZ']",2019-01-01T16:40:17.790000Z,6.72
1150,20190101T164913Z,1J.TI6A.,"['CH1', 'CH2', 'CHZ']",2019-01-01T16:49:13.380000Z,10.96
1151,20190101T165043Z,1J.TI6A.,"['CH1', 'CH2', 'CHZ']",2019-01-01T16:50:43.880000Z,5.85
1152,20190101T165157Z,1J.TI6A.,"['CH1', 'CH2', 'CHZ']",2019-01-01T16:51:57.350000Z,9.21
1153,20190101T165223Z,1J.TI6A.,"['CH1', 'CH2', 'CHZ']",2019-01-01T16:52:24.890000Z,8.11
1154,20190101T165534Z,1J.TI6A.,"['CH1', 'CH2', 'CHZ']",2019-01-01T16:55:35.530000Z,5.22
1155,20190101T165832Z,1J.TI6A.,"['CH1', 'CH2', 'CHZ']",2019-01-01T16:58:32.740000Z,7.19
1156,20190101T165938Z,1J.TI6A.,"['CH1', 'CH2', 'CHZ']",2019-01-01T16:59:40.810000Z,4.27
1157,20190101T170359Z,1J.TI6A.,"['CH1', 'CH2', 'CHZ']",2019-01-01T17:03:59.820000Z,6.89
1158,20190101T170537Z,1J.TI6A.,"['CH1', 'CH2', 'CHZ']",2019-01-01T17:05:38.880000Z,6.41
1159,20190101T170706Z,1J.TI6A.,"['CH1', 'CH2', 'CHZ']",2019-01-01T17:07:09.600000Z,6.07
1160,20190101T170832Z,1J.TI6A.,"['CH1', 'CH2', 'CHZ']",2019-01-01T17:08:35.090000Z,5.89
1161,20190101T171003Z,1J.TI6A.,"['CH1', 'CH2', 'CHZ']",2019-01-01T17:10:03.810000Z,5.95
1162,20190101T171314Z,1J.TI6A.,"['CH1', 'CH2', 'CHZ']",2019-01-01T17:13:14.690000Z,9.36
1163,20190101T171600Z,1J.TI6A.,"['CH1', 'CH2', 'CHZ']",2019-01-01T17:16:00.400000Z,9.41
1164,20190101T171650Z,1J.TI6A.,"['CH1', 'CH2', 'CHZ']",2019-01-01T17:16:51.650000Z,5.24
1165,20190101T173004Z,1J.TI6A.,"['CH1', 'CH2', 'CHZ']",2019-01-01T17:30:08.170000Z,3.17
1166,20190101T173754Z,1J.TI6A.,"['CH1', 'CH2', 'CHZ']",2019-01-01T17:37:54.290000Z,7.21
1167,20190101T174211Z,1J.TI6A.,"['CH1', 'CH2', 'CHZ']",2019-01-01T17:42:13.420000Z,6.27
1168,20190101T175410Z,1J.TI6A.,"['CH1', 'CH2', 'CHZ']",2019-01-01T17:54:10.740000Z,8.34
1169,20190101T175531Z,1J.TI6A.,"['CH1', 'CH2', 'CHZ']",2019-01-01T17:55:32.470000Z,5.34
1170,20190101T180028Z,1J.TI6A.,"['CH1', 'CH2', 'CHZ']",2019-01-01T18:00:28.920000Z,5.93
1171,20190101T180815Z,1J.TI6A.,"['CH1', 'CH2', 'CHZ']",2019-01-01T18:08:15.310000Z,17.74
1172,20190101T181342Z,1J.TI6A.,"['CH1', 'CH2', 'CHZ']",2019-01-01T18:13:42.540000Z,6.03
1173,20190101T181423Z,1J.TI6A.,"['CH1', 'CH2', 'CHZ']",2019-01-01T18:14:23.360000Z,7.47
1174,20190101T181831Z,1J.TI6A.,"['CH1', 'CH2', 'CHZ']",2019-01-01T18:18:32.600000Z,5.4
1175,20190101T182756Z,1J.TI6A.,"['CH1', 'CH2', 'CHZ']",2019-01-01T18:27:56.770000Z,7.23
1176,20190101T183413Z,1J.TI6A.,"['CH1', 'CH2', 'CHZ']",2019-01-01T18:34:14.130000Z,5.52
1177,20190101T183451Z,1J.TI6A.,"['CH1', 'CH2', 'CHZ']",2019-01-01T18:34:51.560000Z,9.52
1178,20190101T184125Z,1J.TI6A.,"['CH1', 'CH2', 'CHZ']",2019-01-01T18:41:25.750000Z,7.63
1179,20190101T184249Z,1J.TI6A.,"['CH1', 'CH2', 'CHZ']",2019-01-01T18:42:50.310000Z,5.41
1180,20190101T184601Z,1J.TI6A.,"['CH1', 'CH2', 'CHZ']",2019-01-01T18:46:01.610000Z,4.76
1181,20190101T185213Z,1J.TI6A.,"['CH1', 'CH2', 'CHZ']",2019-01-01T18:52:13.370000Z,7.99
1182,20190101T185515Z,1J.TI6A.,"['CH1', 'CH2', 'CHZ']",2019-01-01T18:55:15.050000Z,6.98
1183,20190101T185752Z,1J.TI6A.,"['CH1', 'CH2', 'CHZ']",2019-01-01T18:57:52.210000Z,6.4
1184,20190101T190149Z,1J.TI6A.,"['CH1', 'CH2', 'CHZ']",2019-01-01T19:01:49.590000Z,6.6
1185,20190101T190216Z,1J.TI6A.,"['CH1', 'CH2', 'CHZ']",2019-01-01T19:02:17.250000Z,6.88
1186,20190101T190456Z,1J.TI6A.,"['CH1', 'CH2', 'CHZ']",2019-01-01T19:04:56.840000Z,4.77
1187,20190101T190803Z,1J.TI6A.,"['CH1', 'CH2', 'CHZ']",2019-01-01T19:08:03.130000Z,7.94
1188,20190101T190830Z,1J.TI6A.,"['CH1', 'CH2', 'CHZ']",2019-01-01T19:08:33.150000Z,6.11
1189,20190101T190954Z,1J.TI6A.,"['CH1', 'CH2', 'CHZ']",2019-01-01T19:09:54.840000Z,6.44
1190,20190101T191127Z,1J.TI6A.,"['CH1', 'CH2', 'CHZ']",2019-01-01T19:11:28.860000Z,5.42
1191,20190101T191541Z,1J.TI6A.,"['CH1', 'CH2', 'CHZ']",2019-01-01T19:15:41.820000Z,9.58
1192,20190101T192616Z,1J.TI6A.,"['CH1', 'CH2', 'CHZ']",2019-01-01T19:26:16.110000Z,6.32
1193,20190101T192752Z,1J.TI6A.,"['CH1', 'CH2', 'CHZ']",2019-01-01T19:27:52.650000Z,9.96
1194,20190101T192958Z,1J.TI6A.,"['CH1', 'CH2', 'CHZ']",2019-01-01T19:29:58.110000Z,7.21
1195,20190101T194035Z,1J.TI6A.,"['CH1', 'CH2', 'CHZ']",2019-01-01T19:40:36.960000Z,5.5
1196,20190101T194159Z,1J.TI6A.,"['CH1', 'CH2', 'CHZ']",2019-01-01T19:41:59.360000Z,6.27
1197,20190101T194404Z,1J.TI6A.,"['CH1', 'CH2', 'CHZ']",2019-01-01T19:44:08.310000Z,12.92
1198,20190101T194707Z,1J.TI6A.,"['CH1', 'CH2', 'CHZ']",2019-01-01T19:47:09.420000Z,3.8
1199,20190101T195253Z,1J.TI6A.,"['CH1', 'CH2', 'CHZ']",2019-01-01T19:52:53.230000Z,3.5
1200,20190101T195306Z,1J.TI6A.,"['CH1', 'CH2', 'CHZ']",2019-01-01T19:53:06.910000Z,9.05
1201,20190101T195435Z,1J.TI6A.,"['CH1', 'CH2', 'CHZ']",2019-01-01T19:54:35.840000Z,12.97
1202,20190101T195508Z,1J.TI6A.,"['CH1', 'CH2', 'CHZ']",2019-01-01T19:55:09.770000Z,5.5
1203,20190101T195728Z,1J.TI6A.,"['CH1', 'CH2', 'CHZ']",2019-01-01T19:57:28.310000Z,8.92
1204,20190101T200043Z,1J.TI6A.,"['CH1', 'CH2', 'CHZ']",2019-01-01T20:00:45.150000Z,4.27
1205,20190101T200808Z,1J.TI6A.,"['CH1', 'CH2', 'CHZ']",2019-01-01T20:08:08.510000Z,4.37
1206,20190101T201354Z,1J.TI6A.,"['CH1', 'CH2', 'CHZ']",2019-01-01T20:13:56.210000Z,3.48
1207,20190101T201713Z,1J.TI6A.,"['CH1', 'CH2', 'CHZ']",2019-01-01T20:17:13.740000Z,7.67
1208,20190101T202113Z,1J.TI6A.,"['CH1', 'CH2', 'CHZ']",2019-01-01T20:21:15.510000Z,1.62
1209,20190101T203146Z,1J.TI6A.,"['CH1', 'CH2', 'CHZ']",2019-01-01T20:31:46.150000Z,1.66
1210,20190101T203348Z,1J.TI6A.,"['CH1', 'CH2', 'CHZ']",2019-01-01T20:33:50.650000Z,7.0
1211,20190101T203803Z,1J.TI6A.,"['CH1', 'CH2', 'CHZ']",2019-01-01T20:38:08.340000Z,1.73
1212,20190101T205937Z,1J.TI6A.,"['CH1', 'CH2', 'CHZ']",2019-01-01T20:59:41.620000Z,2.08
1213,20190101T210339Z,1J.TI6A.,"['CH1', 'CH2', 'CHZ']",2019-01-01T21:03:44.140000Z,1.18
1214,20190101T212648Z,1J.TI6A.,"['CH1', 'CH2', 'CHZ']",2019-01-01T21:26:53.610000Z,0.62
1215,20190101T220210Z,1J.TI6A.,"['CH1', 'CH2', 'CHZ']",2019-01-01T22:02:18.120000Z,3.85
1216,20190101T222002Z,1J.TI6A.,"['CH1', 'CH2', 'CHZ']",2019-01-01T22:20:02.660000Z,2.1
1217,20190101T225659Z,1J.TI6A.,"['CH1', 'CH2', 'CHZ']",2019-01-01T22:57:00.940000Z,2.83
1218,20190101T231121Z,1J.TI6A.,"['CH1', 'CH2', 'CHZ']",2019-01-01T23:11:21.770000Z,9.45
1219,20190101T232439Z,1J.TI6A.,"['CH1', 'CH2', 'CHZ']",2019-01-01T23:24:39.120000Z,7.88
1220,20190101T232520Z,1J.TI6A.,"['CH1', 'CH2', 'CHZ']",2019-01-01T23:25:20.950000Z,7.68
1221,20190101T232636Z,1J.TI6A.,"['CH1', 'CH2', 'CHZ']",2019-01-01T23:26:44.230000Z,8.42
1222,20190101T235900Z,1J.TI6A.,"['CH1', 'CH2', 'CHZ']",2019-01-01T23:59:14.270000Z,2.36
1223,20190101T000109Z,1J.TI1A.,"['CH1', 'CH2', 'CHZ']",2019-01-01T00:01:11.210000Z,2.64
1224,20190101T001101Z,1J.TI1A.,"['CH1', 'CH2', 'CHZ']",2019-01-01T00:11:01.590000Z,7.73
1225,20190101T001153Z,1J.TI1A.,"['CH1', 'CH2', 'CHZ']",2019-01-01T00:11:59.950000Z,5.59
1226,20190101T001343Z,1J.TI1A.,"['CH1', 'CH2', 'CHZ']",2019-01-01T00:13:43.460000Z,2.74
1227,20190101T001821Z,1J.TI1A.,"['CH1', 'CH2', 'CHZ']",2019-01-01T00:18:21.850000Z,6.79
1228,20190101T001855Z,1J.TI1A.,"['CH1', 'CH2', 'CHZ']",2019-01-01T00:19:01.750000Z,6.05
1229,20190101T001947Z,1J.TI1A.,"['CH1', 'CH2', 'CHZ']",2019-01-01T00:19:47.250000Z,18.34
1230,20190101T002011Z,1J.TI1A.,"['CH1', 'CH2', 'CHZ']",2019-01-01T00:20:12.310000Z,0.93
1231,20190101T002501Z,1J.TI1A.,"['CH1', 'CH2', 'CHZ']",2019-01-01T00:25:01.580000Z,10.47
1232,20190101T002608Z,1J.TI1A.,"['CH1', 'CH2', 'CHZ']",2019-01-01T00:26:08.820000Z,15.03
1233,20190101T003634Z,1J.TI1A.,"['CH1', 'CH2', 'CHZ']",2019-01-01T00:36:34.010000Z,16.72
1234,20190101T003717Z,1J.TI1A.,"['CH1', 'CH2', 'CHZ']",2019-01-01T00:37:17.910000Z,3.45
1235,20190101T003947Z,1J.TI1A.,"['CH1', 'CH2', 'CHZ']",2019-01-01T00:39:47.500000Z,5.96
1236,20190101T004132Z,1J.TI1A.,"['CH1', 'CH2', 'CHZ']",2019-01-01T00:41:47.860000Z,2.66
1237,20190101T004715Z,1J.TI1A.,"['CH1', 'CH2', 'CHZ']",2019-01-01T00:47:15.930000Z,12.96
1238,20190101T012812Z,1J.TI1A.,"['CH1', 'CH2', 'CHZ']",2019-01-01T01:28:12.250000Z,4.62
1239,20190101T014220Z,1J.TI1A.,"['CH1', 'CH2', 'CHZ']",2019-01-01T01:42:26.090000Z,5.5
1240,20190101T022020Z,1J.TI1A.,"['CH1', 'CH2', 'CHZ']",2019-01-01T02:20:20.740000Z,7.39
1241,20190101T022223Z,1J.TI1A.,"['CH1', 'CH2', 'CHZ']",2019-01-01T02:22:23.090000Z,9.12
1242,20190101T055150Z,1J.TI1A.,"['CH1', 'CH2', 'CHZ']",2019-01-01T05:51:50.230000Z,5.76
1243,20190101T060316Z,1J.TI1A.,"['CH1', 'CH2', 'CHZ']",2019-01-01T06:03:16.660000Z,13.69
1244,20190101T062750Z,1J.TI1A.,"['CH1', 'CH2', 'CHZ']",2019-01-01T06:27:51.160000Z,7.45
1245,20190101T065152Z,1J.TI1A.,"['CH1', 'CH2', 'CHZ']",2019-01-01T06:51:52.940000Z,13.81
1246,20190101T065633Z,1J.TI1A.,"['CH1', 'CH2', 'CHZ']",2019-01-01T06:56:35.360000Z,15.22
1247,20190101T065734Z,1J.TI1A.,"['CH1', 'CH2', 'CHZ']",2019-01-01T06:57:34.710000Z,14.43
1248,20190101T065954Z,1J.TI1A.,"['CH1', 'CH2', 'CHZ']",2019-01-01T06:59:56.440000Z,9.46
1249,20190101T070223Z,1J.TI1A.,"['CH1', 'CH2', 'CHZ']",2019-01-01T07:02:23.950000Z,12.46
1250,20190101T070441Z,1J.TI1A.,"['CH1', 'CH2', 'CHZ']",2019-01-01T07:04:41.740000Z,3.98
1251,20190101T071233Z,1J.TI1A.,"['CH1', 'CH2', 'CHZ']",2019-01-01T07:12:35.990000Z,5.75
1252,20190101T071819Z,1J.TI1A.,"['CH1', 'CH2', 'CHZ']",2019-01-01T07:18:21.910000Z,9.9
1253,20190101T072028Z,1J.TI1A.,"['CH1', 'CH2', 'CHZ']",2019-01-01T07:20:28.770000Z,5.77
1254,20190101T072323Z,1J.TI1A.,"['CH1', 'CH2', 'CHZ']",2019-01-01T07:23:27.820000Z,4.13
1255,20190101T072540Z,1J.TI1A.,"['CH1', 'CH2', 'CHZ']",2019-01-01T07:25:40.850000Z,10.35
1256,20190101T073017Z,1J.TI1A.,"['CH1', 'CH2', 'CHZ']",2019-01-01T07:30:19.070000Z,6.02
1257,20190101T073441Z,1J.TI1A.,"['CH1', 'CH2', 'CHZ']",2019-01-01T07:34:43.650000Z,6.16
1258,20190101T074844Z,1J.TI1A.,"['CH1', 'CH2', 'CHZ']",2019-01-01T07:48:44.790000Z,5.87
1259,20190101T075033Z,1J.TI1A.,"['CH1', 'CH2', 'CHZ']",2019-01-01T07:50:33.520000Z,5.47
1260,20190101T075108Z,1J.TI1A.,"['CH1', 'CH2', 'CHZ']",2019-01-01T07:51:08.750000Z,6.99
1261,20190101T075211Z,1J.TI1A.,"['CH1', 'CH2', 'CHZ']",2019-01-01T07:52:11.780000Z,13.94
1262,20190101T075250Z,1J.TI1A.,"['CH1', 'CH2', 'CHZ']",2019-01-01T07:52:50.740000Z,30.25
1263,20190101T075523Z,1J.TI1A.,"['CH1', 'CH2', 'CHZ']",2019-01-01T07:55:25.430000Z,3.04
1264,20190101T075632Z,1J.TI1A.,"['CH1', 'CH2', 'CHZ']",2019-01-01T07:56:32.600000Z,5.94
1265,20190101T075856Z,1J.TI1A.,"['CH1', 'CH2', 'CHZ']",2019-01-01T07:58:56.410000Z,20.08
1266,20190101T080553Z,1J.TI1A.,"['CH1', 'CH2', 'CHZ']",2019-01-01T08:05:54.670000Z,9.32
1267,20190101T080931Z,1J.TI1A.,"['CH1', 'CH2', 'CHZ']",2019-01-01T08:09:31.410000Z,6.51
1268,20190101T081011Z,1J.TI1A.,"['CH1', 'CH2', 'CHZ']",2019-01-01T08:10:13.840000Z,9.2
1269,20190101T081110Z,1J.TI1A.,"['CH1', 'CH2', 'CHZ']",2019-01-01T08:11:10.620000Z,10.3
1270,20190101T081132Z,1J.TI1A.,"['CH1', 'CH2', 'CHZ']",2019-01-01T08:11:32.440000Z,5.07
1271,20190101T081204Z,1J.TI1A.,"['CH1', 'CH2', 'CHZ']",2019-01-01T08:12:04.560000Z,7.8
1272,20190101T081718Z,1J.TI1A.,"['CH1', 'CH2', 'CHZ']",2019-01-01T08:17:18.920000Z,5.74
1273,20190101T091237Z,1J.TI1A.,"['CH1', 'CH2', 'CHZ']",2019-01-01T09:12:37.400000Z,11.86
1274,20190101T091513Z,1J.TI1A.,"['CH1', 'CH2', 'CHZ']",2019-01-01T09:15:18.950000Z,7.78
1275,20190101T093133Z,1J.TI1A.,"['CH1', 'CH2', 'CHZ']",2019-01-01T09:31:41.680000Z,2.35
1276,20190101T093313Z,1J.TI1A.,"['CH1', 'CH2', 'CHZ']",2019-01-01T09:33:15.620000Z,9.4
1277,20190101T094241Z,1J.TI1A.,"['CH1', 'CH2', 'CHZ']",2019-01-01T09:42:45.880000Z,5.84
1278,20190101T094432Z,1J.TI1A.,"['CH1', 'CH2', 'CHZ']",2019-01-01T09:44:35.470000Z,6.26
1279,20190101T094743Z,1J.TI1A.,"['CH1', 'CH2', 'CHZ']",2019-01-01T09:47:51.740000Z,2.98
1280,20190101T095233Z,1J.TI1A.,"['CH1', 'CH2', 'CHZ']",2019-01-01T09:52:33.290000Z,5.74
1281,20190101T095926Z,1J.TI1A.,"['CH1', 'CH2', 'CHZ']",2019-01-01T09:59:29.270000Z,2.91
1282,20190101T100422Z,1J.TI1A.,"['CH1', 'CH2', 'CHZ']",2019-01-01T10:04:22.700000Z,9.39
1283,20190101T100905Z,1J.TI1A.,"['CH1', 'CH2', 'CHZ']",2019-01-01T10:09:09.130000Z,10.15
1284,20190101T101548Z,1J.TI1A.,"['CH1', 'CH2', 'CHZ']",2019-01-01T10:15:48.750000Z,7.3
1285,20190101T102131Z,1J.TI1A.,"['CH1', 'CH2', 'CHZ']",2019-01-01T10:21:33.060000Z,4.21
1286,20190101T102548Z,1J.TI1A.,"['CH1', 'CH2', 'CHZ']",2019-01-01T10:25:48.780000Z,6.72
1287,20190101T103130Z,1J.TI1A.,"['CH1', 'CH2', 'CHZ']",2019-01-01T10:31:33.600000Z,10.82
1288,20190101T103159Z,1J.TI1A.,"['CH1', 'CH2', 'CHZ']",2019-01-01T10:32:06.140000Z,5.53
1289,20190101T103455Z,1J.TI1A.,"['CH1', 'CH2', 'CHZ']",2019-01-01T10:34:55.590000Z,6.07
1290,20190101T103745Z,1J.TI1A.,"['CH1', 'CH2', 'CHZ']",2019-01-01T10:37:45.610000Z,16.86
1291,20190101T103828Z,1J.TI1A.,"['CH1', 'CH2', 'CHZ']",2019-01-01T10:38:28.960000Z,10.73
1292,20190101T104025Z,1J.TI1A.,"['CH1', 'CH2', 'CHZ']",2019-01-01T10:40:25.770000Z,13.06
1293,20190101T104149Z,1J.TI1A.,"['CH1', 'CH2', 'CHZ']",2019-01-01T10:41:52.710000Z,6.94
1294,20190101T110922Z,1J.TI1A.,"['CH1', 'CH2', 'CHZ']",2019-01-01T11:09:22.510000Z,8.09
1295,20190101T112231Z,1J.TI1A.,"['CH1', 'CH2', 'CHZ']",2019-01-01T11:22:31.890000Z,11.19
1296,20190101T112638Z,1J.TI1A.,"['CH1', 'CH2', 'CHZ']",2019-01-01T11:26:42.490000Z,14.21
1297,20190101T114817Z,1J.TI1A.,"['CH1', 'CH2', 'CHZ']",2019-01-01T11:48:17.440000Z,18.53
1298,20190101T120308Z,1J.TI1A.,"['CH1', 'CH2', 'CHZ']",2019-01-01T12:03:10.460000Z,2.32
1299,20190101T122157Z,1J.TI1A.,"['CH1', 'CH2', 'CHZ']",2019-01-01T12:21:57.970000Z,7.95
1300,20190101T122625Z,1J.TI1A.,"['CH1', 'CH2', 'CHZ']",2019-01-01T12:26:35.580000Z,1.21
1301,20190101T124257Z,1J.TI1A.,"['CH1', 'CH2', 'CHZ']",2019-01-01T12:42:58.790000Z,1.29
1302,20190101T132253Z,1J.TI1A.,"['CH1', 'CH2', 'CHZ']",2019-01-01T13:22:56.490000Z,6.55
1303,20190101T132359Z,1J.TI1A.,"['CH1', 'CH2', 'CHZ']",2019-01-01T13:24:01.390000Z,14.37
1304,20190101T132502Z,1J.TI1A.,"['CH1', 'CH2', 'CHZ']",2019-01-01T13:25:02.000000Z,5.43
1305,20190101T132700Z,1J.TI1A.,"['CH1', 'CH2', 'CHZ']",2019-01-01T13:27:03.810000Z,3.89
1306,20190101T133241Z,1J.TI1A.,"['CH1', 'CH2', 'CHZ']",2019-01-01T13:32:41.110000Z,9.4
1307,20190101T133751Z,1J.TI1A.,"['CH1', 'CH2', 'CHZ']",2019-01-01T13:37:51.240000Z,9.18
1308,20190101T134107Z,1J.TI1A.,"['CH1', 'CH2', 'CHZ']",2019-01-01T13:41:11.640000Z,6.96
1309,20190101T134318Z,1J.TI1A.,"['CH1', 'CH2', 'CHZ']",2019-01-01T13:43:23.560000Z,8.76
1310,20190101T134436Z,1J.TI1A.,"['CH1', 'CH2', 'CHZ']",2019-01-01T13:44:36.330000Z,7.4
1311,20190101T134812Z,1J.TI1A.,"['CH1', 'CH2', 'CHZ']",2019-01-01T13:48:12.960000Z,7.69
1312,20190101T134946Z,1J.TI1A.,"['CH1', 'CH2', 'CHZ']",2019-01-01T13:49:46.280000Z,8.14
1313,20190101T135139Z,1J.TI1A.,"['CH1', 'CH2', 'CHZ']",2019-01-01T13:51:39.860000Z,8.94
1314,20190101T135304Z,1J.TI1A.,"['CH1', 'CH2', 'CHZ']",2019-01-01T13:53:05.430000Z,3.35
1315,20190101T140135Z,1J.TI1A.,"['CH1', 'CH2', 'CHZ']",2019-01-01T14:01:35.330000Z,6.41
1316,20190101T140555Z,1J.TI1A.,"['CH1', 'CH2', 'CHZ']",2019-01-01T14:05:57.460000Z,1.5
1317,20190101T141027Z,1J.TI1A.,"['CH1', 'CH2', 'CHZ']",2019-01-01T14:10:27.050000Z,5.43
1318,20190101T141544Z,1J.TI1A.,"['CH1', 'CH2', 'CHZ']",2019-01-01T14:15:44.550000Z,5.87
1319,20190101T141856Z,1J.TI1A.,"['CH1', 'CH2', 'CHZ']",2019-01-01T14:18:56.710000Z,5.3
1320,20190101T163443Z,1J.TI1A.,"['CH1', 'CH2', 'CHZ']",2019-01-01T16:34:43.960000Z,6.51
1321,20190101T173554Z,1J.TI1A.,"['CH1', 'CH2', 'CHZ']",2019-01-01T17:35:54.290000Z,6.87
1322,20190101T173950Z,1J.TI1A.,"['CH1', 'CH2', 'CHZ']",2019-01-01T17:39:52.270000Z,5.56
1323,20190101T174211Z,1J.TI1A.,"['CH1', 'CH2', 'CHZ']",2019-01-01T17:42:11.760000Z,5.18
1324,20190101T181144Z,1J.TI1A.,"['CH1', 'CH2', 'CHZ']",2019-01-01T18:11:46.340000Z,9.92
1325,20190101T190408Z,1J.TI1A.,"['CH1', 'CH2', 'CHZ']",2019-01-01T19:04:08.020000Z,2.39
1326,20190101T191946Z,1J.TI1A.,"['CH1', 'CH2', 'CHZ']",2019-01-01T19:19:46.750000Z,11.83
1327,20190101T192605Z,1J.TI1A.,"['CH1', 'CH2', 'CHZ']",2019-01-01T19:26:05.130000Z,7.16
1328,20190101T192616Z,1J.TI1A.,"['CH1', 'CH2', 'CHZ']",2019-01-01T19:26:17.680000Z,7.95
1329,20190101T192752Z,1J.TI1A.,"['CH1', 'CH2', 'CHZ']",2019-01-01T19:27:58.130000Z,7.4
1330,20190101T192834Z,1J.TI1A.,"['CH1', 'CH2', 'CHZ']",2019-01-01T19:28:34.020000Z,6.1
1331,20190101T192958Z,1J.TI1A.,"['CH1', 'CH2', 'CHZ']",2019-01-01T19:30:02.150000Z,2.09
1332,20190101T193100Z,1J.TI1A.,"['CH1', 'CH2', 'CHZ']",2019-01-01T19:31:00.910000Z,5.7
1333,20190101T193440Z,1J.TI1A.,"['CH1', 'CH2', 'CHZ']",2019-01-01T19:34:40.070000Z,6.5
1334,20190101T193450Z,1J.TI1A.,"['CH1', 'CH2', 'CHZ']",2019-01-01T19:34:56.530000Z,10.1
1335,20190101T194044Z,1J.TI1A.,"['CH1', 'CH2', 'CHZ']",2019-01-01T19:40:44.980000Z,2.5
1336,20190101T194404Z,1J.TI1A.,"['CH1', 'CH2', 'CHZ']",2019-01-01T19:44:04.920000Z,7.82
1337,20190101T194443Z,1J.TI1A.,"['CH1', 'CH2', 'CHZ']",2019-01-01T19:44:43.130000Z,10.59
1338,20190101T194938Z,1J.TI1A.,"['CH1', 'CH2', 'CHZ']",2019-01-01T19:49:45.350000Z,7.4
1339,20190101T195238Z,1J.TI1A.,"['CH1', 'CH2', 'CHZ']",2019-01-01T19:52:41.770000Z,3.66
1340,20190101T195435Z,1J.TI1A.,"['CH1', 'CH2', 'CHZ']",2019-01-01T19:54:40.970000Z,10.58
1341,20190101T195508Z,1J.TI1A.,"['CH1', 'CH2', 'CHZ']",2019-01-01T19:55:15.260000Z,3.57
1342,20190101T195646Z,1J.TI1A.,"['CH1', 'CH2', 'CHZ']",2019-01-01T19:56:48.490000Z,3.74
1343,20190101T195901Z,1J.TI1A.,"['CH1', 'CH2', 'CHZ']",2019-01-01T19:59:02.260000Z,5.94
1344,20190101T200043Z,1J.TI1A.,"['CH1', 'CH2', 'CHZ']",2019-01-01T20:00:48.330000Z,7.63
1345,20190101T200328Z,1J.TI1A.,"['CH1', 'CH2', 'CHZ']",2019-01-01T20:03:28.940000Z,1.8
1346,20190101T200913Z,1J.TI1A.,"['CH1', 'CH2', 'CHZ']",2019-01-01T20:09:13.380000Z,7.27
1347,20190101T200940Z,1J.TI1A.,"['CH1', 'CH2', 'CHZ']",2019-01-01T20:09:44.420000Z,9.8
1348,20190101T201328Z,1J.TI1A.,"['CH1', 'CH2', 'CHZ']",2019-01-01T20:13:28.490000Z,4.98
1349,20190101T201509Z,1J.TI1A.,"['CH1', 'CH2', 'CHZ']",2019-01-01T20:15:09.630000Z,5.57
1350,20190101T201820Z,1J.TI1A.,"['CH1', 'CH2', 'CHZ']",2019-01-01T20:18:20.960000Z,10.11
1351,20190101T202034Z,1J.TI1A.,"['CH1', 'CH2', 'CHZ']",2019-01-01T20:20:37.310000Z,3.4
1352,20190101T202436Z,1J.TI1A.,"['CH1', 'CH2', 'CHZ']",2019-01-01T20:24:36.990000Z,3.95
1353,20190101T203146Z,1J.TI1A.,"['CH1', 'CH2', 'CHZ']",2019-01-01T20:31:47.010000Z,6.03
1354,20190101T203205Z,1J.TI1A.,"['CH1', 'CH2', 'CHZ']",2019-01-01T20:32:05.370000Z,6.53
1355,20190101T203348Z,1J.TI1A.,"['CH1', 'CH2', 'CHZ']",2019-01-01T20:33:54.500000Z,2.7
1356,20190101T203904Z,1J.TI1A.,"['CH1', 'CH2', 'CHZ']",2019-01-01T20:39:04.840000Z,6.8
1357,20190101T204127Z,1J.TI1A.,"['CH1', 'CH2', 'CHZ']",2019-01-01T20:41:31.890000Z,8.81
1358,20190101T204309Z,1J.TI1A.,"['CH1', 'CH2', 'CHZ']",2019-01-01T20:43:11.610000Z,8.41
1359,20190101T204549Z,1J.TI1A.,"['CH1', 'CH2', 'CHZ']",2019-01-01T20:45:53.410000Z,1.1
1360,20190101T205250Z,1J.TI1A.,"['CH1', 'CH2', 'CHZ']",2019-01-01T20:52:57.410000Z,4.66
1361,20190101T205427Z,1J.TI1A.,"['CH1', 'CH2', 'CHZ']",2019-01-01T20:54:27.320000Z,5.05
1362,20190101T210309Z,1J.TI1A.,"['CH1', 'CH2', 'CHZ']",2019-01-01T21:03:09.180000Z,3.14
1363,20190101T211349Z,1J.TI1A.,"['CH1', 'CH2', 'CHZ']",2019-01-01T21:13:49.900000Z,7.04
1364,20190101T211628Z,1J.TI1A.,"['CH1', 'CH2', 'CHZ']",2019-01-01T21:16:28.710000Z,6.61
1365,20190101T211951Z,1J.TI1A.,"['CH1', 'CH2', 'CHZ']",2019-01-01T21:19:51.360000Z,13.03
1366,20190101T212020Z,1J.TI1A.,"['CH1', 'CH2', 'CHZ']",2019-01-01T21:20:20.840000Z,6.38
1367,20190101T212310Z,1J.TI1A.,"['CH1', 'CH2', 'CHZ']",2019-01-01T21:23:10.460000Z,6.86
1368,20190101T212341Z,1J.TI1A.,"['CH1', 'CH2', 'CHZ']",2019-01-01T21:23:41.760000Z,3.33
1369,20190101T212622Z,1J.TI1A.,"['CH1', 'CH2', 'CHZ']",2019-01-01T21:26:22.230000Z,3.41
1370,20190101T212648Z,1J.TI1A.,"['CH1', 'CH2', 'CHZ']",2019-01-01T21:26:54.750000Z,4.43
1371,20190101T212936Z,1J.TI1A.,"['CH1', 'CH2', 'CHZ']",2019-01-01T21:29:36.810000Z,8.53
1372,20190101T213219Z,1J.TI1A.,"['CH1', 'CH2', 'CHZ']",2019-01-01T21:32:19.930000Z,7.17
1373,20190101T213827Z,1J.TI1A.,"['CH1', 'CH2', 'CHZ']",2019-01-01T21:38:27.330000Z,5.69
1374,20190101T214031Z,1J.TI1A.,"['CH1', 'CH2', 'CHZ']",2019-01-01T21:40:31.500000Z,7.56
1375,20190101T214214Z,1J.TI1A.,"['CH1', 'CH2', 'CHZ']",2019-01-01T21:42:14.310000Z,6.65
1376,20190101T215057Z,1J.TI1A.,"['CH1', 'CH2', 'CHZ']",2019-01-01T21:50:57.270000Z,5.05
1377,20190101T215827Z,1J.TI1A.,"['CH1', 'CH2', 'CHZ']",2019-01-01T21:58:27.300000Z,11.6
1378,20190101T215924Z,1J.TI1A.,"['CH1', 'CH2', 'CHZ']",2019-01-01T21:59:24.460000Z,6.04
1379,20190101T220147Z,1J.TI1A.,"['CH1', 'CH2', 'CHZ']",2019-01-01T22:01:48.510000Z,10.64
1380,20190101T220210Z,1J.TI1A.,"['CH1', 'CH2', 'CHZ']",2019-01-01T22:02:10.220000Z,15.14
1381,20190101T221051Z,1J.TI1A.,"['CH1', 'CH2', 'CHZ']",2019-01-01T22:10:56.260000Z,2.66
1382,20190101T221255Z,1J.TI1A.,"['CH1', 'CH2', 'CHZ']",2019-01-01T22:13:01.380000Z,4.13
1383,20190101T221841Z,1J.TI1A.,"['CH1', 'CH2', 'CHZ']",2019-01-01T22:18:41.760000Z,8.19
1384,20190101T222353Z,1J.TI1A.,"['CH1', 'CH2', 'CHZ']",2019-01-01T22:23:53.380000Z,5.11
1385,20190101T223332Z,1J.TI1A.,"['CH1', 'CH2', 'CHZ']",2019-01-01T22:33:32.700000Z,11.47
1386,20190101T223424Z,1J.TI1A.,"['CH1', 'CH2', 'CHZ']",2019-01-01T22:34:24.440000Z,5.56
1387,20190101T224629Z,1J.TI1A.,"['CH1', 'CH2', 'CHZ']",2019-01-01T22:46:29.950000Z,6.68
1388,20190101T224702Z,1J.TI1A.,"['CH1', 'CH2', 'CHZ']",2019-01-01T22:47:02.230000Z,18.31
1389,20190101T224747Z,1J.TI1A.,"['CH1', 'CH2', 'CHZ']",2019-01-01T22:47:47.160000Z,4.74
1390,20190101T225626Z,1J.TI1A.,"['CH1', 'CH2', 'CHZ']",2019-01-01T22:56:26.860000Z,11.27
1391,20190101T225708Z,1J.TI1A.,"['CH1', 'CH2', 'CHZ']",2019-01-01T22:57:08.190000Z,2.15
1392,20190101T230432Z,1J.TI1A.,"['CH1', 'CH2', 'CHZ']",2019-01-01T23:04:32.730000Z,6.97
1393,20190101T230609Z,1J.TI1A.,"['CH1', 'CH2', 'CHZ']",2019-01-01T23:06:09.820000Z,8.53
1394,20190101T230957Z,1J.TI1A.,"['CH1', 'CH2', 'CHZ']",2019-01-01T23:09:57.060000Z,5.41
1395,20190101T231121Z,1J.TI1A.,"['CH1', 'CH2', 'CHZ']",2019-01-01T23:11:36.190000Z,2.66
1396,20190101T231329Z,1J.TI1A.,"['CH1', 'CH2', 'CHZ']",2019-01-01T23:13:32.240000Z,2.32
1397,20190101T231836Z,1J.TI1A.,"['CH1', 'CH2', 'CHZ']",2019-01-01T23:18:36.140000Z,6.04
1398,20190101T232539Z,1J.TI1A.,"['CH1', 'CH2', 'CHZ']",2019-01-01T23:25:39.830000Z,9.98
1399,20190101T232636Z,1J.TI1A.,"['CH1', 'CH2', 'CHZ']",2019-01-01T23:26:37.810000Z,15.63
1400,20190101T233201Z,1J.TI1A.,"['CH1', 'CH2', 'CHZ']",2019-01-01T23:32:02.070000Z,6.22
1401,20190101T233306Z,1J.TI1A.,"['CH1', 'CH2', 'CHZ']",2019-01-01T23:33:06.750000Z,2.16
1402,20190101T233410Z,1J.TI1A.,"['CH1', 'CH2', 'CHZ']",2019-01-01T23:34:10.880000Z,7.04
1403,20190101T233859Z,1J.TI1A.,"['CH1', 'CH2', 'CHZ']",2019-01-01T23:38:59.120000Z,8.21
1404,20190101T233919Z,1J.TI1A.,"['CH1', 'CH2', 'CHZ']",2019-01-01T23:39:19.560000Z,8.91
1405,20190101T234142Z,1J.TI1A.,"['CH1', 'CH2', 'CHZ']",2019-01-01T23:41:42.720000Z,6.59
1406,20190101T235046Z,1J.TI1A.,"['CH1', 'CH2', 'CHZ']",2019-01-01T23:50:46.290000Z,5.09
1407,20190101T235900Z,1J.TI1A.,"['CH1', 'CH2', 'CHZ']",2019-01-01T23:59:00.880000Z,12.58
1408,20190101T235920Z,1J.TI1A.,"['CH1', 'CH2', 'CHZ']",2019-01-01T23:59:20.300000Z,4.28
1409,20190101T002608Z,1J.TI7A.,"['CH1', 'CH2', 'CHZ']",2019-01-01T00:26:13.220000Z,2.05
1410,20190101T005050Z,1J.TI7A.,"['CH1', 'CH2', 'CHZ']",2019-01-01T00:50:53.490000Z,2.74
1411,20190101T010229Z,1J.TI7A.,"['CH1', 'CH2', 'CHZ']",2019-01-01T01:02:38.300000Z,2.61
1412,20190101T010318Z,1J.TI7A.,"['CH1', 'CH2', 'CHZ']",2019-01-01T01:03:18.480000Z,6.0
1413,20190101T010942Z,1J.TI7A.,"['CH1', 'CH2', 'CHZ']",2019-01-01T01:09:45.000000Z,2.14
1414,20190101T012921Z,1J.TI7A.,"['CH1', 'CH2', 'CHZ']",2019-01-01T01:29:25.160000Z,2.1
1415,20190101T013346Z,1J.TI7A.,"['CH1', 'CH2', 'CHZ']",2019-01-01T01:33:50.790000Z,2.19
1416,20190101T014220Z,1J.TI7A.,"['CH1', 'CH2', 'CHZ']",2019-01-01T01:42:30.640000Z,2.06
1417,20190101T021656Z,1J.TI7A.,"['CH1', 'CH2', 'CHZ']",2019-01-01T02:17:05.480000Z,2.11
1418,20190101T025054Z,1J.TI7A.,"['CH1', 'CH2', 'CHZ']",2019-01-01T02:50:54.920000Z,3.47
1419,20190101T030912Z,1J.TI7A.,"['CH1', 'CH2', 'CHZ']",2019-01-01T03:09:17.290000Z,5.06
1420,20190101T030939Z,1J.TI7A.,"['CH1', 'CH2', 'CHZ']",2019-01-01T03:09:45.340000Z,4.88
1421,20190101T031120Z,1J.TI7A.,"['CH1', 'CH2', 'CHZ']",2019-01-01T03:11:20.980000Z,2.09
1422,20190101T033049Z,1J.TI7A.,"['CH1', 'CH2', 'CHZ']",2019-01-01T03:30:52.540000Z,4.28
1423,20190101T033952Z,1J.TI7A.,"['CH1', 'CH2', 'CHZ']",2019-01-01T03:39:55.230000Z,2.1
1424,20190101T035752Z,1J.TI7A.,"['CH1', 'CH2', 'CHZ']",2019-01-01T03:57:57.660000Z,2.12
1425,20190101T042053Z,1J.TI7A.,"['CH1', 'CH2', 'CHZ']",2019-01-01T04:21:03.880000Z,6.86
1426,20190101T044142Z,1J.TI7A.,"['CH1', 'CH2', 'CHZ']",2019-01-01T04:41:46.050000Z,5.6
1427,20190101T050340Z,1J.TI7A.,"['CH1', 'CH2', 'CHZ']",2019-01-01T05:03:40.130000Z,5.2
1428,20190101T051503Z,1J.TI7A.,"['CH1', 'CH2', 'CHZ']",2019-01-01T05:15:04.540000Z,1.78
1429,20190101T051708Z,1J.TI7A.,"['CH1', 'CH2', 'CHZ']",2019-01-01T05:17:18.210000Z,2.01
1430,20190101T053542Z,1J.TI7A.,"['CH1', 'CH2', 'CHZ']",2019-01-01T05:35:45.350000Z,7.48
1431,20190101T053610Z,1J.TI7A.,"['CH1', 'CH2', 'CHZ']",2019-01-01T05:36:13.450000Z,7.17
1432,20190101T054836Z,1J.TI7A.,"['CH1', 'CH2', 'CHZ']",2019-01-01T05:48:36.500000Z,2.78
1433,20190101T055318Z,1J.TI7A.,"['CH1', 'CH2', 'CHZ']",2019-01-01T05:53:23.000000Z,4.33
1434,20190101T055840Z,1J.TI7A.,"['CH1', 'CH2', 'CHZ']",2019-01-01T05:58:40.450000Z,10.65
1435,20190101T060316Z,1J.TI7A.,"['CH1', 'CH2', 'CHZ']",2019-01-01T06:03:16.570000Z,2.73
1436,20190101T060644Z,1J.TI7A.,"['CH1', 'CH2', 'CHZ']",2019-01-01T06:06:50.990000Z,4.82
1437,20190101T060725Z,1J.TI7A.,"['CH1', 'CH2', 'CHZ']",2019-01-01T06:07:30.060000Z,2.75
1438,20190101T060759Z,1J.TI7A.,"['CH1', 'CH2', 'CHZ']",2019-01-01T06:08:01.400000Z,2.11
1439,20190101T062207Z,1J.TI7A.,"['CH1', 'CH2', 'CHZ']",2019-01-01T06:22:15.170000Z,2.75
1440,20190101T063332Z,1J.TI7A.,"['CH1', 'CH2', 'CHZ']",2019-01-01T06:33:33.680000Z,4.97
1441,20190101T063720Z,1J.TI7A.,"['CH1', 'CH2', 'CHZ']",2019-01-01T06:37:21.170000Z,2.74
1442,20190101T065954Z,1J.TI7A.,"['CH1', 'CH2', 'CHZ']",2019-01-01T06:59:57.310000Z,5.46
1443,20190101T070021Z,1J.TI7A.,"['CH1', 'CH2', 'CHZ']",2019-01-01T07:00:25.560000Z,5.64
1444,20190101T071819Z,1J.TI7A.,"['CH1', 'CH2', 'CHZ']",2019-01-01T07:18:22.120000Z,5.28
1445,20190101T071848Z,1J.TI7A.,"['CH1', 'CH2', 'CHZ']",2019-01-01T07:18:50.040000Z,5.22
1446,20190101T073017Z,1J.TI7A.,"['CH1', 'CH2', 'CHZ']",2019-01-01T07:30:17.870000Z,2.05
1447,20190101T074036Z,1J.TI7A.,"['CH1', 'CH2', 'CHZ']",2019-01-01T07:40:36.900000Z,2.78
1448,20190101T074803Z,1J.TI7A.,"['CH1', 'CH2', 'CHZ']",2019-01-01T07:48:06.210000Z,2.41
1449,20190101T075108Z,1J.TI7A.,"['CH1', 'CH2', 'CHZ']",2019-01-01T07:51:11.000000Z,2.78
1450,20190101T075523Z,1J.TI7A.,"['CH1', 'CH2', 'CHZ']",2019-01-01T07:55:23.260000Z,2.84
1451,20190101T080051Z,1J.TI7A.,"['CH1', 'CH2', 'CHZ']",2019-01-01T08:00:54.620000Z,6.17
1452,20190101T080256Z,1J.TI7A.,"['CH1', 'CH2', 'CHZ']",2019-01-01T08:02:56.510000Z,5.24
1453,20190101T081035Z,1J.TI7A.,"['CH1', 'CH2', 'CHZ']",2019-01-01T08:10:36.010000Z,6.25
1454,20190101T081110Z,1J.TI7A.,"['CH1', 'CH2', 'CHZ']",2019-01-01T08:11:15.370000Z,2.04
1455,20190101T081652Z,1J.TI7A.,"['CH1', 'CH2', 'CHZ']",2019-01-01T08:16:52.530000Z,1.99
1456,20190101T082333Z,1J.TI7A.,"['CH1', 'CH2', 'CHZ']",2019-01-01T08:23:36.940000Z,5.73
1457,20190101T082402Z,1J.TI7A.,"['CH1', 'CH2', 'CHZ']",2019-01-01T08:24:05.560000Z,5.81
1458,20190101T082724Z,1J.TI7A.,"['CH1', 'CH2', 'CHZ']",2019-01-01T08:27:28.490000Z,4.93
1459,20190101T082741Z,1J.TI7A.,"['CH1', 'CH2', 'CHZ']",2019-01-01T08:27:44.430000Z,15.55
1460,20190101T083039Z,1J.TI7A.,"['CH1', 'CH2', 'CHZ']",2019-01-01T08:30:47.140000Z,2.42
1461,20190101T084643Z,1J.TI7A.,"['CH1', 'CH2', 'CHZ']",2019-01-01T08:46:43.320000Z,6.54
1462,20190101T090239Z,1J.TI7A.,"['CH1', 'CH2', 'CHZ']",2019-01-01T09:02:43.860000Z,2.67
1463,20190101T091513Z,1J.TI7A.,"['CH1', 'CH2', 'CHZ']",2019-01-01T09:15:22.570000Z,6.63
1464,20190101T094743Z,1J.TI7A.,"['CH1', 'CH2', 'CHZ']",2019-01-01T09:47:48.760000Z,3.49
1465,20190101T100422Z,1J.TI7A.,"['CH1', 'CH2', 'CHZ']",2019-01-01T10:04:24.420000Z,2.65
1466,20190101T100905Z,1J.TI7A.,"['CH1', 'CH2', 'CHZ']",2019-01-01T10:09:15.530000Z,6.18
1467,20190101T102131Z,1J.TI7A.,"['CH1', 'CH2', 'CHZ']",2019-01-01T10:21:31.110000Z,2.61
1468,20190101T103130Z,1J.TI7A.,"['CH1', 'CH2', 'CHZ']",2019-01-01T10:31:30.740000Z,9.27
1469,20190101T103159Z,1J.TI7A.,"['CH1', 'CH2', 'CHZ']",2019-01-01T10:32:03.440000Z,6.49
1470,20190101T103543Z,1J.TI7A.,"['CH1', 'CH2', 'CHZ']",2019-01-01T10:35:43.640000Z,2.65
1471,20190101T112805Z,1J.TI7A.,"['CH1', 'CH2', 'CHZ']",2019-01-01T11:28:09.290000Z,5.19
1472,20190101T115405Z,1J.TI7A.,"['CH1', 'CH2', 'CHZ']",2019-01-01T11:54:08.780000Z,4.79
1473,20190101T120308Z,1J.TI7A.,"['CH1', 'CH2', 'CHZ']",2019-01-01T12:03:08.840000Z,2.77
1474,20190101T120802Z,1J.TI7A.,"['CH1', 'CH2', 'CHZ']",2019-01-01T12:08:02.200000Z,8.09
1475,20190101T122453Z,1J.TI7A.,"['CH1', 'CH2', 'CHZ']",2019-01-01T12:24:56.380000Z,2.78
1476,20190101T122625Z,1J.TI7A.,"['CH1', 'CH2', 'CHZ']",2019-01-01T12:26:35.020000Z,1.72
1477,20190101T122643Z,1J.TI7A.,"['CH1', 'CH2', 'CHZ']",2019-01-01T12:26:48.970000Z,4.36
1478,20190101T122757Z,1J.TI7A.,"['CH1', 'CH2', 'CHZ']",2019-01-01T12:27:57.570000Z,0.98
1479,20190101T123241Z,1J.TI7A.,"['CH1', 'CH2', 'CHZ']",2019-01-01T12:32:48.000000Z,2.84
1480,20190101T125017Z,1J.TI7A.,"['CH1', 'CH2', 'CHZ']",2019-01-01T12:50:17.520000Z,5.89
1481,20190101T125253Z,1J.TI7A.,"['CH1', 'CH2', 'CHZ']",2019-01-01T12:52:56.200000Z,2.77
1482,20190101T131645Z,1J.TI7A.,"['CH1', 'CH2', 'CHZ']",2019-01-01T13:16:49.470000Z,6.98
1483,20190101T132051Z,1J.TI7A.,"['CH1', 'CH2', 'CHZ']",2019-01-01T13:20:54.010000Z,1.99
1484,20190101T132700Z,1J.TI7A.,"['CH1', 'CH2', 'CHZ']",2019-01-01T13:27:06.000000Z,2.01
1485,20190101T135222Z,1J.TI7A.,"['CH1', 'CH2', 'CHZ']",2019-01-01T13:52:25.010000Z,2.86
1486,20190101T135850Z,1J.TI7A.,"['CH1', 'CH2', 'CHZ']",2019-01-01T13:58:53.950000Z,6.77
1487,20190101T140415Z,1J.TI7A.,"['CH1', 'CH2', 'CHZ']",2019-01-01T14:04:16.140000Z,18.71
1488,20190101T140704Z,1J.TI7A.,"['CH1', 'CH2', 'CHZ']",2019-01-01T14:07:04.250000Z,1.98
1489,20190101T141159Z,1J.TI7A.,"['CH1', 'CH2', 'CHZ']",2019-01-01T14:12:07.260000Z,3.25
1490,20190101T141307Z,1J.TI7A.,"['CH1', 'CH2', 'CHZ']",2019-01-01T14:13:25.610000Z,7.35
1491,20190101T142530Z,1J.TI7A.,"['CH1', 'CH2', 'CHZ']",2019-01-01T14:25:33.290000Z,7.21
1492,20190101T142558Z,1J.TI7A.,"['CH1', 'CH2', 'CHZ']",2019-01-01T14:26:02.710000Z,6.09
1493,20190101T143007Z,1J.TI7A.,"['CH1', 'CH2', 'CHZ']",2019-01-01T14:30:09.670000Z,4.32
1494,20190101T143036Z,1J.TI7A.,"['CH1', 'CH2', 'CHZ']",2019-01-01T14:30:39.730000Z,5.12
1495,20190101T143533Z,1J.TI7A.,"['CH1', 'CH2', 'CHZ']",2019-01-01T14:35:33.110000Z,6.22
1496,20190101T145803Z,1J.TI7A.,"['CH1', 'CH2', 'CHZ']",2019-01-01T14:58:06.030000Z,6.53
1497,20190101T145831Z,1J.TI7A.,"['CH1', 'CH2', 'CHZ']",2019-01-01T14:58:33.850000Z,8.7
1498,20190101T164013Z,1J.TI7A.,"['CH1', 'CH2', 'CHZ']",2019-01-01T16:40:16.670000Z,14.5
1499,20190101T164913Z,1J.TI7A.,"['CH1', 'CH2', 'CHZ']",2019-01-01T16:49:24.740000Z,3.53
1500,20190101T165157Z,1J.TI7A.,"['CH1', 'CH2', 'CHZ']",2019-01-01T16:51:59.800000Z,5.82
1501,20190101T165223Z,1J.TI7A.,"['CH1', 'CH2', 'CHZ']",2019-01-01T16:52:27.970000Z,5.47
1502,20190101T165534Z,1J.TI7A.,"['CH1', 'CH2', 'CHZ']",2019-01-01T16:55:37.250000Z,2.75
1503,20190101T170706Z,1J.TI7A.,"['CH1', 'CH2', 'CHZ']",2019-01-01T17:07:12.380000Z,3.32
1504,20190101T173754Z,1J.TI7A.,"['CH1', 'CH2', 'CHZ']",2019-01-01T17:37:58.260000Z,2.1
1505,20190101T190149Z,1J.TI7A.,"['CH1', 'CH2', 'CHZ']",2019-01-01T19:01:52.170000Z,3.72
1506,20190101T190216Z,1J.TI7A.,"['CH1', 'CH2', 'CHZ']",2019-01-01T19:02:20.390000Z,3.82
1507,20190101T190803Z,1J.TI7A.,"['CH1', 'CH2', 'CHZ']",2019-01-01T19:08:05.650000Z,5.45
1508,20190101T190830Z,1J.TI7A.,"['CH1', 'CH2', 'CHZ']",2019-01-01T19:08:34.680000Z,6.41
1509,20190101T192616Z,1J.TI7A.,"['CH1', 'CH2', 'CHZ']",2019-01-01T19:26:37.350000Z,2.01
1510,20190101T192752Z,1J.TI7A.,"['CH1', 'CH2', 'CHZ']",2019-01-01T19:28:02.610000Z,5.36
1511,20190101T193450Z,1J.TI7A.,"['CH1', 'CH2', 'CHZ']",2019-01-01T19:34:56.220000Z,0.79
1512,20190101T195508Z,1J.TI7A.,"['CH1', 'CH2', 'CHZ']",2019-01-01T19:55:11.700000Z,3.89
1513,20190101T212648Z,1J.TI7A.,"['CH1', 'CH2', 'CHZ']",2019-01-01T21:26:52.970000Z,4.25
1514,20190101T220147Z,1J.TI7A.,"['CH1', 'CH2', 'CHZ']",2019-01-01T22:01:50.810000Z,4.14
1515,20190101T220210Z,1J.TI7A.,"['CH1', 'CH2', 'CHZ']",2019-01-01T22:02:19.290000Z,4.3
1516,20190101T225626Z,1J.TI7A.,"['CH1', 'CH2', 'CHZ']",2019-01-01T22:56:34.020000Z,4.29
1517,20190101T231121Z,1J.TI7A.,"['CH1', 'CH2', 'CHZ']",2019-01-01T23:11:30.290000Z,6.81
1518,20190101T231329Z,1J.TI7A.,"['CH1', 'CH2', 'CHZ']",2019-01-01T23:13:29.070000Z,2.94
1519,20190101T232636Z,1J.TI7A.,"['CH1', 'CH2', 'CHZ']",2019-01-01T23:26:38.540000Z,17.0
1520,20190101T234124Z,1J.TI7A.,"['CH1', 'CH2', 'CHZ']",2019-01-01T23:41:24.950000Z,3.98
1521,20190101T235655Z,1J.TI7A.,"['CH1', 'CH2', 'CHZ']",2019-01-01T23:56:58.280000Z,2.75
