,event_id,station,components,time,duration
0,20181230T001956Z,1J.TI4A.,"['CH1', 'CH2', 'CHZ']",2018-12-30T00:19:58.080000Z,8.81
1,20181230T033053Z,1J.TI4A.,"['CH1', 'CH2', 'CHZ']",2018-12-30T03:30:53.830000Z,13.71
2,20181230T033846Z,1J.TI4A.,"['CH1', 'CH2', 'CHZ']",2018-12-30T03:38:46.000000Z,6.51
3,20181230T035113Z,1J.TI4A.,"['CH1', 'CH2', 'CHZ']",2018-12-30T03:51:14.140000Z,7.46
4,20181230T035305Z,1J.TI4A.,"['CH1', 'CH2', 'CHZ']",2018-12-30T03:53:11.680000Z,10.59
5,20181230T040338Z,1J.TI4A.,"['CH1', 'CH2', 'CHZ']",2018-12-30T04:03:40.000000Z,7.66
6,20181230T040817Z,1J.TI4A.,"['CH1', 'CH2', 'CHZ']",2018-12-30T04:08:17.980000Z,4.64
7,20181230T040901Z,1J.TI4A.,"['CH1', 'CH2', 'CHZ']",2018-12-30T04:09:01.790000Z,7.41
8,20181230T041316Z,1J.TI4A.,"['CH1', 'CH2', 'CHZ']",2018-12-30T04:13:16.750000Z,4.29
9,20181230T041548Z,1J.TI4A.,"['CH1', 'CH2', 'CHZ']",2018-12-30T04:15:49.880000Z,8.16
10,20181230T041923Z,1J.TI4A.,"['CH1', 'CH2', 'CHZ']",2018-12-30T04:19:26.040000Z,10.61
11,20181230T042751Z,1J.TI4A.,"['CH1', 'CH2', 'CHZ']",2018-12-30T04:27:57.890000Z,4.33
12,20181230T043214Z,1J.TI4A.,"['CH1', 'CH2', 'CHZ']",2018-12-30T04:32:17.040000Z,8.22
13,20181230T043251Z,1J.TI4A.,"['CH1', 'CH2', 'CHZ']",2018-12-30T04:32:53.800000Z,8.62
14,20181230T043416Z,1J.TI4A.,"['CH1', 'CH2', 'CHZ']",2018-12-30T04:34:16.550000Z,9.71
15,20181230T043557Z,1J.TI4A.,"['CH1', 'CH2', 'CHZ']",2018-12-30T04:36:01.150000Z,9.24
16,20181230T044015Z,1J.TI4A.,"['CH1', 'CH2', 'CHZ']",2018-12-30T04:40:15.640000Z,5.13
17,20181230T044446Z,1J.TI4A.,"['CH1', 'CH2', 'CHZ']",2018-12-30T04:44:49.510000Z,8.48
18,20181230T044552Z,1J.TI4A.,"['CH1', 'CH2', 'CHZ']",2018-12-30T04:45:58.660000Z,10.99
19,20181230T045203Z,1J.TI4A.,"['CH1', 'CH2', 'CHZ']",2018-12-30T04:52:04.720000Z,7.69
20,20181230T045231Z,1J.TI4A.,"['CH1', 'CH2', 'CHZ']",2018-12-30T04:52:34.930000Z,1.85
21,20181230T045304Z,1J.TI4A.,"['CH1', 'CH2', 'CHZ']",2018-12-30T04:53:07.610000Z,9.11
22,20181230T045724Z,1J.TI4A.,"['CH1', 'CH2', 'CHZ']",2018-12-30T04:57:31.350000Z,5.88
23,20181230T045808Z,1J.TI4A.,"['CH1', 'CH2', 'CHZ']",2018-12-30T04:58:08.550000Z,6.11
24,20181230T050544Z,1J.TI4A.,"['CH1', 'CH2', 'CHZ']",2018-12-30T05:05:47.090000Z,8.25
25,20181230T051643Z,1J.TI4A.,"['CH1', 'CH2', 'CHZ']",2018-12-30T05:16:46.870000Z,7.32
26,20181230T051826Z,1J.TI4A.,"['CH1', 'CH2', 'CHZ']",2018-12-30T05:18:27.200000Z,8.44
27,20181230T052912Z,1J.TI4A.,"['CH1', 'CH2', 'CHZ']",2018-12-30T05:29:12.920000Z,7.25
28,20181230T052932Z,1J.TI4A.,"['CH1', 'CH2', 'CHZ']",2018-12-30T05:29:32.740000Z,4.94
29,20181230T053034Z,1J.TI4A.,"['CH1', 'CH2', 'CHZ']",2018-12-30T05:30:36.540000Z,11.64
30,20181230T053227Z,1J.TI4A.,"['CH1', 'CH2', 'CHZ']",2018-12-30T05:32:32.050000Z,2.98
31,20181230T053534Z,1J.TI4A.,"['CH1', 'CH2', 'CHZ']",2018-12-30T05:35:36.240000Z,7.68
32,20181230T054033Z,1J.TI4A.,"['CH1', 'CH2', 'CHZ']",2018-12-30T05:40:33.580000Z,6.1
33,20181230T054248Z,1J.TI4A.,"['CH1', 'CH2', 'CHZ']",2018-12-30T05:42:48.110000Z,5.88
34,20181230T054356Z,1J.TI4A.,"['CH1', 'CH2', 'CHZ']",2018-12-30T05:43:57.100000Z,9.1
35,20181230T054646Z,1J.TI4A.,"['CH1', 'CH2', 'CHZ']",2018-12-30T05:46:49.350000Z,9.17
36,20181230T055743Z,1J.TI4A.,"['CH1', 'CH2', 'CHZ']",2018-12-30T05:57:45.330000Z,7.66
37,20181230T060240Z,1J.TI4A.,"['CH1', 'CH2', 'CHZ']",2018-12-30T06:02:45.280000Z,6.39
38,20181230T060307Z,1J.TI4A.,"['CH1', 'CH2', 'CHZ']",2018-12-30T06:03:16.580000Z,2.32
39,20181230T060638Z,1J.TI4A.,"['CH1', 'CH2', 'CHZ']",2018-12-30T06:06:43.460000Z,6.69
40,20181230T061001Z,1J.TI4A.,"['CH1', 'CH2', 'CHZ']",2018-12-30T06:10:08.350000Z,8.58
41,20181230T061428Z,1J.TI4A.,"['CH1', 'CH2', 'CHZ']",2018-12-30T06:14:38.640000Z,10.76
42,20181230T061526Z,1J.TI4A.,"['CH1', 'CH2', 'CHZ']",2018-12-30T06:15:37.600000Z,5.95
43,20181230T061735Z,1J.TI4A.,"['CH1', 'CH2', 'CHZ']",2018-12-30T06:17:37.480000Z,8.85
44,20181230T061958Z,1J.TI4A.,"['CH1', 'CH2', 'CHZ']",2018-12-30T06:20:09.360000Z,2.67
45,20181230T062200Z,1J.TI4A.,"['CH1', 'CH2', 'CHZ']",2018-12-30T06:22:02.020000Z,7.54
46,20181230T062217Z,1J.TI4A.,"['CH1', 'CH2', 'CHZ']",2018-12-30T06:22:23.360000Z,3.85
47,20181230T062926Z,1J.TI4A.,"['CH1', 'CH2', 'CHZ']",2018-12-30T06:29:29.790000Z,3.44
48,20181230T063159Z,1J.TI4A.,"['CH1', 'CH2', 'CHZ']",2018-12-30T06:32:02.220000Z,10.68
49,20181230T063359Z,1J.TI4A.,"['CH1', 'CH2', 'CHZ']",2018-12-30T06:34:00.780000Z,7.48
50,20181230T063538Z,1J.TI4A.,"['CH1', 'CH2', 'CHZ']",2018-12-30T06:35:43.990000Z,2.81
51,20181230T064554Z,1J.TI4A.,"['CH1', 'CH2', 'CHZ']",2018-12-30T06:45:58.500000Z,9.45
52,20181230T064623Z,1J.TI4A.,"['CH1', 'CH2', 'CHZ']",2018-12-30T06:46:32.870000Z,1.37
53,20181230T065349Z,1J.TI4A.,"['CH1', 'CH2', 'CHZ']",2018-12-30T06:53:53.740000Z,7.67
54,20181230T065412Z,1J.TI4A.,"['CH1', 'CH2', 'CHZ']",2018-12-30T06:54:13.430000Z,18.19
55,20181230T065756Z,1J.TI4A.,"['CH1', 'CH2', 'CHZ']",2018-12-30T06:57:59.360000Z,7.83
56,20181230T070158Z,1J.TI4A.,"['CH1', 'CH2', 'CHZ']",2018-12-30T07:01:59.750000Z,6.03
57,20181230T070338Z,1J.TI4A.,"['CH1', 'CH2', 'CHZ']",2018-12-30T07:03:39.870000Z,7.06
58,20181230T070757Z,1J.TI4A.,"['CH1', 'CH2', 'CHZ']",2018-12-30T07:07:59.430000Z,21.86
59,20181230T071138Z,1J.TI4A.,"['CH1', 'CH2', 'CHZ']",2018-12-30T07:11:40.250000Z,16.88
60,20181230T071306Z,1J.TI4A.,"['CH1', 'CH2', 'CHZ']",2018-12-30T07:13:12.440000Z,5.53
61,20181230T071723Z,1J.TI4A.,"['CH1', 'CH2', 'CHZ']",2018-12-30T07:17:25.940000Z,3.95
62,20181230T071939Z,1J.TI4A.,"['CH1', 'CH2', 'CHZ']",2018-12-30T07:19:39.160000Z,5.53
63,20181230T072555Z,1J.TI4A.,"['CH1', 'CH2', 'CHZ']",2018-12-30T07:25:55.880000Z,5.82
64,20181230T072957Z,1J.TI4A.,"['CH1', 'CH2', 'CHZ']",2018-12-30T07:29:57.530000Z,6.91
65,20181230T073119Z,1J.TI4A.,"['CH1', 'CH2', 'CHZ']",2018-12-30T07:31:21.950000Z,1.99
66,20181230T073153Z,1J.TI4A.,"['CH1', 'CH2', 'CHZ']",2018-12-30T07:31:57.130000Z,5.59
67,20181230T073725Z,1J.TI4A.,"['CH1', 'CH2', 'CHZ']",2018-12-30T07:37:30.100000Z,6.88
68,20181230T073828Z,1J.TI4A.,"['CH1', 'CH2', 'CHZ']",2018-12-30T07:38:35.970000Z,10.19
69,20181230T074021Z,1J.TI4A.,"['CH1', 'CH2', 'CHZ']",2018-12-30T07:40:22.140000Z,7.11
70,20181230T075109Z,1J.TI4A.,"['CH1', 'CH2', 'CHZ']",2018-12-30T07:51:13.100000Z,0.9
71,20181230T075124Z,1J.TI4A.,"['CH1', 'CH2', 'CHZ']",2018-12-30T07:51:24.800000Z,7.55
72,20181230T080140Z,1J.TI4A.,"['CH1', 'CH2', 'CHZ']",2018-12-30T08:01:41.920000Z,3.16
73,20181230T080228Z,1J.TI4A.,"['CH1', 'CH2', 'CHZ']",2018-12-30T08:02:31.750000Z,8.93
74,20181230T080255Z,1J.TI4A.,"['CH1', 'CH2', 'CHZ']",2018-12-30T08:03:04.410000Z,3.75
75,20181230T080341Z,1J.TI4A.,"['CH1', 'CH2', 'CHZ']",2018-12-30T08:03:41.580000Z,6.24
76,20181230T080510Z,1J.TI4A.,"['CH1', 'CH2', 'CHZ']",2018-12-30T08:05:15.380000Z,6.3
77,20181230T081541Z,1J.TI4A.,"['CH1', 'CH2', 'CHZ']",2018-12-30T08:15:43.070000Z,8.58
78,20181230T081742Z,1J.TI4A.,"['CH1', 'CH2', 'CHZ']",2018-12-30T08:17:44.580000Z,1.37
79,20181230T083605Z,1J.TI4A.,"['CH1', 'CH2', 'CHZ']",2018-12-30T08:36:14.190000Z,1.88
80,20181230T084153Z,1J.TI4A.,"['CH1', 'CH2', 'CHZ']",2018-12-30T08:41:53.240000Z,4.48
81,20181230T084416Z,1J.TI4A.,"['CH1', 'CH2', 'CHZ']",2018-12-30T08:44:22.410000Z,4.42
82,20181230T084906Z,1J.TI4A.,"['CH1', 'CH2', 'CHZ']",2018-12-30T08:49:10.920000Z,8.87
83,20181230T084933Z,1J.TI4A.,"['CH1', 'CH2', 'CHZ']",2018-12-30T08:49:42.030000Z,3.59
84,20181230T085659Z,1J.TI4A.,"['CH1', 'CH2', 'CHZ']",2018-12-30T08:57:03.230000Z,5.37
85,20181230T085845Z,1J.TI4A.,"['CH1', 'CH2', 'CHZ']",2018-12-30T08:58:45.310000Z,5.62
86,20181230T092036Z,1J.TI4A.,"['CH1', 'CH2', 'CHZ']",2018-12-30T09:20:38.980000Z,3.35
87,20181230T104431Z,1J.TI4A.,"['CH1', 'CH2', 'CHZ']",2018-12-30T10:44:36.370000Z,4.86
88,20181230T105600Z,1J.TI4A.,"['CH1', 'CH2', 'CHZ']",2018-12-30T10:56:08.260000Z,1.92
89,20181230T112123Z,1J.TI4A.,"['CH1', 'CH2', 'CHZ']",2018-12-30T11:21:29.930000Z,5.16
90,20181230T112514Z,1J.TI4A.,"['CH1', 'CH2', 'CHZ']",2018-12-30T11:25:25.600000Z,2.4
91,20181230T112556Z,1J.TI4A.,"['CH1', 'CH2', 'CHZ']",2018-12-30T11:25:57.810000Z,5.11
92,20181230T113522Z,1J.TI4A.,"['CH1', 'CH2', 'CHZ']",2018-12-30T11:35:22.630000Z,17.91
93,20181230T113727Z,1J.TI4A.,"['CH1', 'CH2', 'CHZ']",2018-12-30T11:37:27.340000Z,12.2
94,20181230T113907Z,1J.TI4A.,"['CH1', 'CH2', 'CHZ']",2018-12-30T11:39:11.350000Z,3.23
95,20181230T114542Z,1J.TI4A.,"['CH1', 'CH2', 'CHZ']",2018-12-30T11:45:43.620000Z,22.95
96,20181230T114914Z,1J.TI4A.,"['CH1', 'CH2', 'CHZ']",2018-12-30T11:49:15.080000Z,18.21
97,20181230T115141Z,1J.TI4A.,"['CH1', 'CH2', 'CHZ']",2018-12-30T11:51:43.640000Z,7.49
98,20181230T115302Z,1J.TI4A.,"['CH1', 'CH2', 'CHZ']",2018-12-30T11:53:06.520000Z,9.03
99,20181230T115330Z,1J.TI4A.,"['CH1', 'CH2', 'CHZ']",2018-12-30T11:53:38.140000Z,3.4
100,20181230T115739Z,1J.TI4A.,"['CH1', 'CH2', 'CHZ']",2018-12-30T11:57:39.280000Z,13.07
101,20181230T120415Z,1J.TI4A.,"['CH1', 'CH2', 'CHZ']",2018-12-30T12:04:16.120000Z,2.36
102,20181230T125327Z,1J.TI4A.,"['CH1', 'CH2', 'CHZ']",2018-12-30T12:53:29.620000Z,7.22
103,20181230T125442Z,1J.TI4A.,"['CH1', 'CH2', 'CHZ']",2018-12-30T12:54:44.170000Z,2.94
104,20181230T125755Z,1J.TI4A.,"['CH1', 'CH2', 'CHZ']",2018-12-30T12:58:00.710000Z,6.21
105,20181230T125946Z,1J.TI4A.,"['CH1', 'CH2', 'CHZ']",2018-12-30T12:59:47.460000Z,4.47
106,20181230T130304Z,1J.TI4A.,"['CH1', 'CH2', 'CHZ']",2018-12-30T13:03:05.900000Z,3.07
107,20181230T130615Z,1J.TI4A.,"['CH1', 'CH2', 'CHZ']",2018-12-30T13:06:17.710000Z,6.85
108,20181230T131247Z,1J.TI4A.,"['CH1', 'CH2', 'CHZ']",2018-12-30T13:12:47.110000Z,15.09
109,20181230T153921Z,1J.TI4A.,"['CH1', 'CH2', 'CHZ']",2018-12-30T15:39:21.010000Z,6.76
110,20181230T154149Z,1J.TI4A.,"['CH1', 'CH2', 'CHZ']",2018-12-30T15:41:51.170000Z,10.47
111,20181230T154242Z,1J.TI4A.,"['CH1', 'CH2', 'CHZ']",2018-12-30T15:42:42.170000Z,10.56
112,20181230T155309Z,1J.TI4A.,"['CH1', 'CH2', 'CHZ']",2018-12-30T15:53:09.400000Z,12.39
113,20181230T160111Z,1J.TI4A.,"['CH1', 'CH2', 'CHZ']",2018-12-30T16:01:20.460000Z,5.87
114,20181230T170906Z,1J.TI4A.,"['CH1', 'CH2', 'CHZ']",2018-12-30T17:09:06.580000Z,7.66
115,20181230T171030Z,1J.TI4A.,"['CH1', 'CH2', 'CHZ']",2018-12-30T17:10:30.500000Z,8.11
116,20181230T171108Z,1J.TI4A.,"['CH1', 'CH2', 'CHZ']",2018-12-30T17:11:08.080000Z,15.68
117,20181230T171251Z,1J.TI4A.,"['CH1', 'CH2', 'CHZ']",2018-12-30T17:12:51.150000Z,10.61
118,20181230T171510Z,1J.TI4A.,"['CH1', 'CH2', 'CHZ']",2018-12-30T17:15:15.900000Z,7.13
119,20181230T172114Z,1J.TI4A.,"['CH1', 'CH2', 'CHZ']",2018-12-30T17:21:14.950000Z,17.79
120,20181230T172928Z,1J.TI4A.,"['CH1', 'CH2', 'CHZ']",2018-12-30T17:29:29.230000Z,7.61
121,20181230T173041Z,1J.TI4A.,"['CH1', 'CH2', 'CHZ']",2018-12-30T17:30:41.660000Z,6.04
122,20181230T173229Z,1J.TI4A.,"['CH1', 'CH2', 'CHZ']",2018-12-30T17:32:29.640000Z,15.22
123,20181230T173446Z,1J.TI4A.,"['CH1', 'CH2', 'CHZ']",2018-12-30T17:34:46.470000Z,5.19
124,20181230T173559Z,1J.TI4A.,"['CH1', 'CH2', 'CHZ']",2018-12-30T17:36:00.550000Z,9.86
125,20181230T173651Z,1J.TI4A.,"['CH1', 'CH2', 'CHZ']",2018-12-30T17:36:51.030000Z,11.29
126,20181230T174809Z,1J.TI4A.,"['CH1', 'CH2', 'CHZ']",2018-12-30T17:48:09.950000Z,8.89
127,20181230T174825Z,1J.TI4A.,"['CH1', 'CH2', 'CHZ']",2018-12-30T17:48:25.310000Z,12.1
128,20181230T181419Z,1J.TI4A.,"['CH1', 'CH2', 'CHZ']",2018-12-30T18:14:29.970000Z,4.12
129,20181230T181944Z,1J.TI4A.,"['CH1', 'CH2', 'CHZ']",2018-12-30T18:19:44.820000Z,9.34
130,20181230T182155Z,1J.TI4A.,"['CH1', 'CH2', 'CHZ']",2018-12-30T18:21:59.710000Z,4.82
131,20181230T182515Z,1J.TI4A.,"['CH1', 'CH2', 'CHZ']",2018-12-30T18:25:15.040000Z,5.73
132,20181230T182525Z,1J.TI4A.,"['CH1', 'CH2', 'CHZ']",2018-12-30T18:25:25.970000Z,12.91
133,20181230T183837Z,1J.TI4A.,"['CH1', 'CH2', 'CHZ']",2018-12-30T18:38:39.470000Z,7.66
134,20181230T184316Z,1J.TI4A.,"['CH1', 'CH2', 'CHZ']",2018-12-30T18:43:18.400000Z,18.27
135,20181230T184603Z,1J.TI4A.,"['CH1', 'CH2', 'CHZ']",2018-12-30T18:46:03.030000Z,8.45
136,20181230T184825Z,1J.TI4A.,"['CH1', 'CH2', 'CHZ']",2018-12-30T18:48:25.940000Z,21.02
137,20181230T223559Z,1J.TI4A.,"['CH1', 'CH2', 'CHZ']",2018-12-30T22:35:59.990000Z,7.76
138,20181230T223615Z,1J.TI4A.,"['CH1', 'CH2', 'CHZ']",2018-12-30T22:36:15.310000Z,10.15
139,20181230T000504Z,1J.TI3A.,"['CH1', 'CH2', 'CHZ']",2018-12-30T00:05:05.390000Z,4.42
140,20181230T000656Z,1J.TI3A.,"['CH1', 'CH2', 'CHZ']",2018-12-30T00:06:58.540000Z,3.41
141,20181230T001956Z,1J.TI3A.,"['CH1', 'CH2', 'CHZ']",2018-12-30T00:20:04.530000Z,4.89
142,20181230T002831Z,1J.TI3A.,"['CH1', 'CH2', 'CHZ']",2018-12-30T00:28:31.290000Z,4.09
143,20181230T002918Z,1J.TI3A.,"['CH1', 'CH2', 'CHZ']",2018-12-30T00:29:18.120000Z,3.26
144,20181230T003307Z,1J.TI3A.,"['CH1', 'CH2', 'CHZ']",2018-12-30T00:33:13.830000Z,4.06
145,20181230T003356Z,1J.TI3A.,"['CH1', 'CH2', 'CHZ']",2018-12-30T00:33:57.250000Z,4.89
146,20181230T003801Z,1J.TI3A.,"['CH1', 'CH2', 'CHZ']",2018-12-30T00:38:01.550000Z,7.58
147,20181230T003829Z,1J.TI3A.,"['CH1', 'CH2', 'CHZ']",2018-12-30T00:38:29.650000Z,6.57
148,20181230T004335Z,1J.TI3A.,"['CH1', 'CH2', 'CHZ']",2018-12-30T00:43:35.390000Z,7.77
149,20181230T004828Z,1J.TI3A.,"['CH1', 'CH2', 'CHZ']",2018-12-30T00:48:28.550000Z,5.58
150,20181230T005217Z,1J.TI3A.,"['CH1', 'CH2', 'CHZ']",2018-12-30T00:52:17.070000Z,7.08
151,20181230T005244Z,1J.TI3A.,"['CH1', 'CH2', 'CHZ']",2018-12-30T00:52:44.370000Z,5.99
152,20181230T005853Z,1J.TI3A.,"['CH1', 'CH2', 'CHZ']",2018-12-30T00:58:53.660000Z,6.23
153,20181230T011226Z,1J.TI3A.,"['CH1', 'CH2', 'CHZ']",2018-12-30T01:12:27.420000Z,3.44
154,20181230T011811Z,1J.TI3A.,"['CH1', 'CH2', 'CHZ']",2018-12-30T01:18:13.420000Z,6.65
155,20181230T012142Z,1J.TI3A.,"['CH1', 'CH2', 'CHZ']",2018-12-30T01:21:42.370000Z,2.94
156,20181230T013448Z,1J.TI3A.,"['CH1', 'CH2', 'CHZ']",2018-12-30T01:34:48.420000Z,4.23
157,20181230T013631Z,1J.TI3A.,"['CH1', 'CH2', 'CHZ']",2018-12-30T01:36:32.480000Z,4.33
158,20181230T014055Z,1J.TI3A.,"['CH1', 'CH2', 'CHZ']",2018-12-30T01:40:56.540000Z,3.94
159,20181230T014259Z,1J.TI3A.,"['CH1', 'CH2', 'CHZ']",2018-12-30T01:42:59.340000Z,5.73
160,20181230T014730Z,1J.TI3A.,"['CH1', 'CH2', 'CHZ']",2018-12-30T01:47:31.180000Z,7.91
161,20181230T015411Z,1J.TI3A.,"['CH1', 'CH2', 'CHZ']",2018-12-30T01:54:11.350000Z,6.79
162,20181230T021449Z,1J.TI3A.,"['CH1', 'CH2', 'CHZ']",2018-12-30T02:14:49.780000Z,13.19
163,20181230T022003Z,1J.TI3A.,"['CH1', 'CH2', 'CHZ']",2018-12-30T02:20:03.430000Z,5.63
164,20181230T022330Z,1J.TI3A.,"['CH1', 'CH2', 'CHZ']",2018-12-30T02:23:31.840000Z,8.16
165,20181230T022428Z,1J.TI3A.,"['CH1', 'CH2', 'CHZ']",2018-12-30T02:24:28.540000Z,5.61
166,20181230T023222Z,1J.TI3A.,"['CH1', 'CH2', 'CHZ']",2018-12-30T02:32:22.460000Z,7.35
167,20181230T024643Z,1J.TI3A.,"['CH1', 'CH2', 'CHZ']",2018-12-30T02:46:43.140000Z,5.33
168,20181230T031030Z,1J.TI3A.,"['CH1', 'CH2', 'CHZ']",2018-12-30T03:10:30.960000Z,7.29
169,20181230T031058Z,1J.TI3A.,"['CH1', 'CH2', 'CHZ']",2018-12-30T03:10:58.850000Z,5.7
170,20181230T031219Z,1J.TI3A.,"['CH1', 'CH2', 'CHZ']",2018-12-30T03:12:19.710000Z,8.47
171,20181230T032235Z,1J.TI3A.,"['CH1', 'CH2', 'CHZ']",2018-12-30T03:22:35.910000Z,7.56
172,20181230T032400Z,1J.TI3A.,"['CH1', 'CH2', 'CHZ']",2018-12-30T03:24:00.310000Z,6.24
173,20181230T032429Z,1J.TI3A.,"['CH1', 'CH2', 'CHZ']",2018-12-30T03:24:29.110000Z,5.19
174,20181230T033243Z,1J.TI3A.,"['CH1', 'CH2', 'CHZ']",2018-12-30T03:32:43.310000Z,7.92
175,20181230T033311Z,1J.TI3A.,"['CH1', 'CH2', 'CHZ']",2018-12-30T03:33:11.620000Z,7.35
176,20181230T033824Z,1J.TI3A.,"['CH1', 'CH2', 'CHZ']",2018-12-30T03:38:24.730000Z,6.91
177,20181230T035113Z,1J.TI3A.,"['CH1', 'CH2', 'CHZ']",2018-12-30T03:51:13.250000Z,5.67
178,20181230T035305Z,1J.TI3A.,"['CH1', 'CH2', 'CHZ']",2018-12-30T03:53:05.710000Z,12.62
179,20181230T040338Z,1J.TI3A.,"['CH1', 'CH2', 'CHZ']",2018-12-30T04:03:38.140000Z,6.56
180,20181230T041053Z,1J.TI3A.,"['CH1', 'CH2', 'CHZ']",2018-12-30T04:10:58.130000Z,4.71
181,20181230T041548Z,1J.TI3A.,"['CH1', 'CH2', 'CHZ']",2018-12-30T04:15:48.040000Z,6.95
182,20181230T041923Z,1J.TI3A.,"['CH1', 'CH2', 'CHZ']",2018-12-30T04:19:23.400000Z,9.07
183,20181230T042751Z,1J.TI3A.,"['CH1', 'CH2', 'CHZ']",2018-12-30T04:27:51.640000Z,6.44
184,20181230T043214Z,1J.TI3A.,"['CH1', 'CH2', 'CHZ']",2018-12-30T04:32:14.800000Z,7.68
185,20181230T043251Z,1J.TI3A.,"['CH1', 'CH2', 'CHZ']",2018-12-30T04:32:51.490000Z,8.34
186,20181230T043557Z,1J.TI3A.,"['CH1', 'CH2', 'CHZ']",2018-12-30T04:35:57.670000Z,6.93
187,20181230T043625Z,1J.TI3A.,"['CH1', 'CH2', 'CHZ']",2018-12-30T04:36:25.950000Z,5.48
188,20181230T044015Z,1J.TI3A.,"['CH1', 'CH2', 'CHZ']",2018-12-30T04:40:15.930000Z,3.9
189,20181230T044446Z,1J.TI3A.,"['CH1', 'CH2', 'CHZ']",2018-12-30T04:44:46.730000Z,6.52
190,20181230T044552Z,1J.TI3A.,"['CH1', 'CH2', 'CHZ']",2018-12-30T04:45:54.600000Z,8.88
191,20181230T044618Z,1J.TI3A.,"['CH1', 'CH2', 'CHZ']",2018-12-30T04:46:18.730000Z,11.77
192,20181230T045203Z,1J.TI3A.,"['CH1', 'CH2', 'CHZ']",2018-12-30T04:52:03.280000Z,6.29
193,20181230T045231Z,1J.TI3A.,"['CH1', 'CH2', 'CHZ']",2018-12-30T04:52:31.720000Z,5.21
194,20181230T045304Z,1J.TI3A.,"['CH1', 'CH2', 'CHZ']",2018-12-30T04:53:04.540000Z,7.73
195,20181230T050544Z,1J.TI3A.,"['CH1', 'CH2', 'CHZ']",2018-12-30T05:05:44.990000Z,6.94
196,20181230T051421Z,1J.TI3A.,"['CH1', 'CH2', 'CHZ']",2018-12-30T05:14:21.170000Z,4.21
197,20181230T051643Z,1J.TI3A.,"['CH1', 'CH2', 'CHZ']",2018-12-30T05:16:43.430000Z,8.05
198,20181230T051826Z,1J.TI3A.,"['CH1', 'CH2', 'CHZ']",2018-12-30T05:18:26.750000Z,5.64
199,20181230T052912Z,1J.TI3A.,"['CH1', 'CH2', 'CHZ']",2018-12-30T05:29:14.000000Z,1.86
200,20181230T053257Z,1J.TI3A.,"['CH1', 'CH2', 'CHZ']",2018-12-30T05:32:58.600000Z,3.53
201,20181230T053534Z,1J.TI3A.,"['CH1', 'CH2', 'CHZ']",2018-12-30T05:35:35.490000Z,5.13
202,20181230T053626Z,1J.TI3A.,"['CH1', 'CH2', 'CHZ']",2018-12-30T05:36:27.460000Z,4.2
203,20181230T054356Z,1J.TI3A.,"['CH1', 'CH2', 'CHZ']",2018-12-30T05:43:56.220000Z,7.72
204,20181230T054646Z,1J.TI3A.,"['CH1', 'CH2', 'CHZ']",2018-12-30T05:46:46.450000Z,7.15
205,20181230T055233Z,1J.TI3A.,"['CH1', 'CH2', 'CHZ']",2018-12-30T05:52:39.380000Z,1.62
206,20181230T055313Z,1J.TI3A.,"['CH1', 'CH2', 'CHZ']",2018-12-30T05:53:13.420000Z,4.07
207,20181230T055432Z,1J.TI3A.,"['CH1', 'CH2', 'CHZ']",2018-12-30T05:54:32.650000Z,1.92
208,20181230T055743Z,1J.TI3A.,"['CH1', 'CH2', 'CHZ']",2018-12-30T05:57:43.500000Z,6.78
209,20181230T060240Z,1J.TI3A.,"['CH1', 'CH2', 'CHZ']",2018-12-30T06:02:40.120000Z,6.06
210,20181230T060307Z,1J.TI3A.,"['CH1', 'CH2', 'CHZ']",2018-12-30T06:03:07.660000Z,5.7
211,20181230T060549Z,1J.TI3A.,"['CH1', 'CH2', 'CHZ']",2018-12-30T06:05:49.480000Z,4.14
212,20181230T060638Z,1J.TI3A.,"['CH1', 'CH2', 'CHZ']",2018-12-30T06:06:38.430000Z,9.84
213,20181230T060842Z,1J.TI3A.,"['CH1', 'CH2', 'CHZ']",2018-12-30T06:08:42.160000Z,4.26
214,20181230T060946Z,1J.TI3A.,"['CH1', 'CH2', 'CHZ']",2018-12-30T06:09:47.210000Z,1.96
215,20181230T061001Z,1J.TI3A.,"['CH1', 'CH2', 'CHZ']",2018-12-30T06:10:05.880000Z,7.65
216,20181230T061958Z,1J.TI3A.,"['CH1', 'CH2', 'CHZ']",2018-12-30T06:19:58.700000Z,12.69
217,20181230T062200Z,1J.TI3A.,"['CH1', 'CH2', 'CHZ']",2018-12-30T06:22:01.160000Z,5.37
218,20181230T062217Z,1J.TI3A.,"['CH1', 'CH2', 'CHZ']",2018-12-30T06:22:17.050000Z,6.88
219,20181230T062428Z,1J.TI3A.,"['CH1', 'CH2', 'CHZ']",2018-12-30T06:24:28.670000Z,7.69
220,20181230T062707Z,1J.TI3A.,"['CH1', 'CH2', 'CHZ']",2018-12-30T06:27:07.590000Z,3.56
221,20181230T063159Z,1J.TI3A.,"['CH1', 'CH2', 'CHZ']",2018-12-30T06:31:59.130000Z,10.76
222,20181230T063359Z,1J.TI3A.,"['CH1', 'CH2', 'CHZ']",2018-12-30T06:33:59.890000Z,5.87
223,20181230T063538Z,1J.TI3A.,"['CH1', 'CH2', 'CHZ']",2018-12-30T06:35:43.500000Z,2.05
224,20181230T064554Z,1J.TI3A.,"['CH1', 'CH2', 'CHZ']",2018-12-30T06:45:54.400000Z,8.28
225,20181230T064623Z,1J.TI3A.,"['CH1', 'CH2', 'CHZ']",2018-12-30T06:46:23.320000Z,7.19
226,20181230T064952Z,1J.TI3A.,"['CH1', 'CH2', 'CHZ']",2018-12-30T06:49:52.220000Z,4.32
227,20181230T065349Z,1J.TI3A.,"['CH1', 'CH2', 'CHZ']",2018-12-30T06:53:49.410000Z,4.54
228,20181230T065412Z,1J.TI3A.,"['CH1', 'CH2', 'CHZ']",2018-12-30T06:54:14.170000Z,8.03
229,20181230T065756Z,1J.TI3A.,"['CH1', 'CH2', 'CHZ']",2018-12-30T06:57:56.030000Z,7.93
230,20181230T065903Z,1J.TI3A.,"['CH1', 'CH2', 'CHZ']",2018-12-30T06:59:05.610000Z,3.28
231,20181230T070158Z,1J.TI3A.,"['CH1', 'CH2', 'CHZ']",2018-12-30T07:01:58.010000Z,5.12
232,20181230T070757Z,1J.TI3A.,"['CH1', 'CH2', 'CHZ']",2018-12-30T07:08:08.980000Z,15.39
233,20181230T070920Z,1J.TI3A.,"['CH1', 'CH2', 'CHZ']",2018-12-30T07:09:20.930000Z,3.51
234,20181230T071138Z,1J.TI3A.,"['CH1', 'CH2', 'CHZ']",2018-12-30T07:11:42.350000Z,13.24
235,20181230T071239Z,1J.TI3A.,"['CH1', 'CH2', 'CHZ']",2018-12-30T07:12:39.960000Z,4.3
236,20181230T071306Z,1J.TI3A.,"['CH1', 'CH2', 'CHZ']",2018-12-30T07:13:09.980000Z,4.94
237,20181230T071453Z,1J.TI3A.,"['CH1', 'CH2', 'CHZ']",2018-12-30T07:14:53.910000Z,4.01
238,20181230T071640Z,1J.TI3A.,"['CH1', 'CH2', 'CHZ']",2018-12-30T07:16:40.920000Z,4.17
239,20181230T072621Z,1J.TI3A.,"['CH1', 'CH2', 'CHZ']",2018-12-30T07:26:22.010000Z,6.88
240,20181230T073119Z,1J.TI3A.,"['CH1', 'CH2', 'CHZ']",2018-12-30T07:31:19.970000Z,6.11
241,20181230T073153Z,1J.TI3A.,"['CH1', 'CH2', 'CHZ']",2018-12-30T07:31:53.240000Z,6.36
242,20181230T073725Z,1J.TI3A.,"['CH1', 'CH2', 'CHZ']",2018-12-30T07:37:25.190000Z,7.3
243,20181230T073818Z,1J.TI3A.,"['CH1', 'CH2', 'CHZ']",2018-12-30T07:38:18.750000Z,4.27
244,20181230T073901Z,1J.TI3A.,"['CH1', 'CH2', 'CHZ']",2018-12-30T07:39:01.480000Z,6.89
245,20181230T074021Z,1J.TI3A.,"['CH1', 'CH2', 'CHZ']",2018-12-30T07:40:24.760000Z,2.83
246,20181230T074223Z,1J.TI3A.,"['CH1', 'CH2', 'CHZ']",2018-12-30T07:42:23.450000Z,4.17
247,20181230T074505Z,1J.TI3A.,"['CH1', 'CH2', 'CHZ']",2018-12-30T07:45:05.480000Z,4.13
248,20181230T074546Z,1J.TI3A.,"['CH1', 'CH2', 'CHZ']",2018-12-30T07:45:48.560000Z,3.21
249,20181230T075109Z,1J.TI3A.,"['CH1', 'CH2', 'CHZ']",2018-12-30T07:51:10.580000Z,4.78
250,20181230T075124Z,1J.TI3A.,"['CH1', 'CH2', 'CHZ']",2018-12-30T07:51:24.290000Z,5.35
251,20181230T075136Z,1J.TI3A.,"['CH1', 'CH2', 'CHZ']",2018-12-30T07:51:36.900000Z,3.16
252,20181230T075717Z,1J.TI3A.,"['CH1', 'CH2', 'CHZ']",2018-12-30T07:57:18.110000Z,4.08
253,20181230T075814Z,1J.TI3A.,"['CH1', 'CH2', 'CHZ']",2018-12-30T07:58:14.940000Z,5.15
254,20181230T080010Z,1J.TI3A.,"['CH1', 'CH2', 'CHZ']",2018-12-30T08:00:10.290000Z,16.28
255,20181230T080140Z,1J.TI3A.,"['CH1', 'CH2', 'CHZ']",2018-12-30T08:01:40.370000Z,2.11
256,20181230T080228Z,1J.TI3A.,"['CH1', 'CH2', 'CHZ']",2018-12-30T08:02:28.160000Z,6.6
257,20181230T080255Z,1J.TI3A.,"['CH1', 'CH2', 'CHZ']",2018-12-30T08:02:55.740000Z,6.99
258,20181230T080341Z,1J.TI3A.,"['CH1', 'CH2', 'CHZ']",2018-12-30T08:03:44.910000Z,4.18
259,20181230T080510Z,1J.TI3A.,"['CH1', 'CH2', 'CHZ']",2018-12-30T08:05:10.070000Z,14.64
260,20181230T080531Z,1J.TI3A.,"['CH1', 'CH2', 'CHZ']",2018-12-30T08:05:31.710000Z,4.75
261,20181230T080912Z,1J.TI3A.,"['CH1', 'CH2', 'CHZ']",2018-12-30T08:09:12.240000Z,14.29
262,20181230T081541Z,1J.TI3A.,"['CH1', 'CH2', 'CHZ']",2018-12-30T08:15:43.210000Z,7.15
263,20181230T081939Z,1J.TI3A.,"['CH1', 'CH2', 'CHZ']",2018-12-30T08:19:39.500000Z,5.53
264,20181230T082145Z,1J.TI3A.,"['CH1', 'CH2', 'CHZ']",2018-12-30T08:21:45.960000Z,4.74
265,20181230T082652Z,1J.TI3A.,"['CH1', 'CH2', 'CHZ']",2018-12-30T08:26:52.570000Z,8.31
266,20181230T083203Z,1J.TI3A.,"['CH1', 'CH2', 'CHZ']",2018-12-30T08:32:04.070000Z,6.26
267,20181230T083303Z,1J.TI3A.,"['CH1', 'CH2', 'CHZ']",2018-12-30T08:33:09.430000Z,2.82
268,20181230T083355Z,1J.TI3A.,"['CH1', 'CH2', 'CHZ']",2018-12-30T08:33:55.070000Z,5.34
269,20181230T083514Z,1J.TI3A.,"['CH1', 'CH2', 'CHZ']",2018-12-30T08:35:15.130000Z,4.42
270,20181230T083605Z,1J.TI3A.,"['CH1', 'CH2', 'CHZ']",2018-12-30T08:36:05.190000Z,8.36
271,20181230T083755Z,1J.TI3A.,"['CH1', 'CH2', 'CHZ']",2018-12-30T08:37:57.280000Z,5.53
272,20181230T084416Z,1J.TI3A.,"['CH1', 'CH2', 'CHZ']",2018-12-30T08:44:16.950000Z,7.7
273,20181230T084906Z,1J.TI3A.,"['CH1', 'CH2', 'CHZ']",2018-12-30T08:49:06.200000Z,9.59
274,20181230T084933Z,1J.TI3A.,"['CH1', 'CH2', 'CHZ']",2018-12-30T08:49:33.030000Z,8.32
275,20181230T085343Z,1J.TI3A.,"['CH1', 'CH2', 'CHZ']",2018-12-30T08:53:44.200000Z,7.17
276,20181230T085659Z,1J.TI3A.,"['CH1', 'CH2', 'CHZ']",2018-12-30T08:56:59.850000Z,6.47
277,20181230T090000Z,1J.TI3A.,"['CH1', 'CH2', 'CHZ']",2018-12-30T09:00:01.820000Z,4.26
278,20181230T090908Z,1J.TI3A.,"['CH1', 'CH2', 'CHZ']",2018-12-30T09:09:08.370000Z,6.85
279,20181230T090930Z,1J.TI3A.,"['CH1', 'CH2', 'CHZ']",2018-12-30T09:09:30.970000Z,4.76
280,20181230T091041Z,1J.TI3A.,"['CH1', 'CH2', 'CHZ']",2018-12-30T09:10:41.700000Z,8.23
281,20181230T091411Z,1J.TI3A.,"['CH1', 'CH2', 'CHZ']",2018-12-30T09:14:11.630000Z,4.73
282,20181230T091620Z,1J.TI3A.,"['CH1', 'CH2', 'CHZ']",2018-12-30T09:16:26.420000Z,4.15
283,20181230T091753Z,1J.TI3A.,"['CH1', 'CH2', 'CHZ']",2018-12-30T09:17:53.270000Z,4.22
284,20181230T092202Z,1J.TI3A.,"['CH1', 'CH2', 'CHZ']",2018-12-30T09:22:02.080000Z,6.86
285,20181230T092614Z,1J.TI3A.,"['CH1', 'CH2', 'CHZ']",2018-12-30T09:26:14.700000Z,4.11
286,20181230T093315Z,1J.TI3A.,"['CH1', 'CH2', 'CHZ']",2018-12-30T09:33:17.670000Z,3.03
287,20181230T093500Z,1J.TI3A.,"['CH1', 'CH2', 'CHZ']",2018-12-30T09:35:00.410000Z,7.69
288,20181230T093540Z,1J.TI3A.,"['CH1', 'CH2', 'CHZ']",2018-12-30T09:35:43.200000Z,8.69
289,20181230T093802Z,1J.TI3A.,"['CH1', 'CH2', 'CHZ']",2018-12-30T09:38:02.610000Z,4.55
290,20181230T093844Z,1J.TI3A.,"['CH1', 'CH2', 'CHZ']",2018-12-30T09:38:51.320000Z,2.5
291,20181230T094458Z,1J.TI3A.,"['CH1', 'CH2', 'CHZ']",2018-12-30T09:44:58.690000Z,7.55
292,20181230T094737Z,1J.TI3A.,"['CH1', 'CH2', 'CHZ']",2018-12-30T09:47:37.440000Z,6.42
293,20181230T095609Z,1J.TI3A.,"['CH1', 'CH2', 'CHZ']",2018-12-30T09:56:12.310000Z,4.1
294,20181230T100224Z,1J.TI3A.,"['CH1', 'CH2', 'CHZ']",2018-12-30T10:02:24.990000Z,3.92
295,20181230T100538Z,1J.TI3A.,"['CH1', 'CH2', 'CHZ']",2018-12-30T10:05:38.530000Z,8.41
296,20181230T100805Z,1J.TI3A.,"['CH1', 'CH2', 'CHZ']",2018-12-30T10:08:06.840000Z,4.89
297,20181230T100929Z,1J.TI3A.,"['CH1', 'CH2', 'CHZ']",2018-12-30T10:09:29.470000Z,7.41
298,20181230T101106Z,1J.TI3A.,"['CH1', 'CH2', 'CHZ']",2018-12-30T10:11:06.940000Z,4.07
299,20181230T101823Z,1J.TI3A.,"['CH1', 'CH2', 'CHZ']",2018-12-30T10:18:23.080000Z,6.71
300,20181230T101912Z,1J.TI3A.,"['CH1', 'CH2', 'CHZ']",2018-12-30T10:19:15.030000Z,4.52
301,20181230T102116Z,1J.TI3A.,"['CH1', 'CH2', 'CHZ']",2018-12-30T10:21:16.240000Z,6.98
302,20181230T102251Z,1J.TI3A.,"['CH1', 'CH2', 'CHZ']",2018-12-30T10:22:51.020000Z,8.57
303,20181230T102319Z,1J.TI3A.,"['CH1', 'CH2', 'CHZ']",2018-12-30T10:23:19.900000Z,6.25
304,20181230T102458Z,1J.TI3A.,"['CH1', 'CH2', 'CHZ']",2018-12-30T10:24:58.920000Z,5.29
305,20181230T103347Z,1J.TI3A.,"['CH1', 'CH2', 'CHZ']",2018-12-30T10:33:48.450000Z,6.52
306,20181230T103936Z,1J.TI3A.,"['CH1', 'CH2', 'CHZ']",2018-12-30T10:39:36.520000Z,4.16
307,20181230T104124Z,1J.TI3A.,"['CH1', 'CH2', 'CHZ']",2018-12-30T10:41:24.920000Z,6.64
308,20181230T104152Z,1J.TI3A.,"['CH1', 'CH2', 'CHZ']",2018-12-30T10:41:52.850000Z,5.3
309,20181230T104634Z,1J.TI3A.,"['CH1', 'CH2', 'CHZ']",2018-12-30T10:46:34.540000Z,7.63
310,20181230T104716Z,1J.TI3A.,"['CH1', 'CH2', 'CHZ']",2018-12-30T10:47:16.960000Z,7.02
311,20181230T105132Z,1J.TI3A.,"['CH1', 'CH2', 'CHZ']",2018-12-30T10:51:32.010000Z,8.97
312,20181230T105459Z,1J.TI3A.,"['CH1', 'CH2', 'CHZ']",2018-12-30T10:54:59.250000Z,5.47
313,20181230T105600Z,1J.TI3A.,"['CH1', 'CH2', 'CHZ']",2018-12-30T10:56:05.350000Z,9.5
314,20181230T105910Z,1J.TI3A.,"['CH1', 'CH2', 'CHZ']",2018-12-30T10:59:11.520000Z,3.63
315,20181230T110004Z,1J.TI3A.,"['CH1', 'CH2', 'CHZ']",2018-12-30T11:00:04.250000Z,4.08
316,20181230T110204Z,1J.TI3A.,"['CH1', 'CH2', 'CHZ']",2018-12-30T11:02:04.150000Z,5.19
317,20181230T110447Z,1J.TI3A.,"['CH1', 'CH2', 'CHZ']",2018-12-30T11:04:48.790000Z,3.27
318,20181230T111306Z,1J.TI3A.,"['CH1', 'CH2', 'CHZ']",2018-12-30T11:13:06.730000Z,6.35
319,20181230T112123Z,1J.TI3A.,"['CH1', 'CH2', 'CHZ']",2018-12-30T11:21:23.180000Z,8.55
320,20181230T112514Z,1J.TI3A.,"['CH1', 'CH2', 'CHZ']",2018-12-30T11:25:14.200000Z,10.44
321,20181230T112556Z,1J.TI3A.,"['CH1', 'CH2', 'CHZ']",2018-12-30T11:25:56.360000Z,4.56
322,20181230T113308Z,1J.TI3A.,"['CH1', 'CH2', 'CHZ']",2018-12-30T11:33:08.960000Z,4.11
323,20181230T113907Z,1J.TI3A.,"['CH1', 'CH2', 'CHZ']",2018-12-30T11:39:07.860000Z,6.79
324,20181230T114542Z,1J.TI3A.,"['CH1', 'CH2', 'CHZ']",2018-12-30T11:45:42.090000Z,8.44
325,20181230T114937Z,1J.TI3A.,"['CH1', 'CH2', 'CHZ']",2018-12-30T11:49:37.820000Z,8.21
326,20181230T115019Z,1J.TI3A.,"['CH1', 'CH2', 'CHZ']",2018-12-30T11:50:19.610000Z,4.19
327,20181230T115141Z,1J.TI3A.,"['CH1', 'CH2', 'CHZ']",2018-12-30T11:51:41.940000Z,6.94
328,20181230T115302Z,1J.TI3A.,"['CH1', 'CH2', 'CHZ']",2018-12-30T11:53:02.820000Z,7.7
329,20181230T115330Z,1J.TI3A.,"['CH1', 'CH2', 'CHZ']",2018-12-30T11:53:30.880000Z,5.02
330,20181230T120025Z,1J.TI3A.,"['CH1', 'CH2', 'CHZ']",2018-12-30T12:00:27.300000Z,4.24
331,20181230T120829Z,1J.TI3A.,"['CH1', 'CH2', 'CHZ']",2018-12-30T12:08:29.230000Z,8.57
332,20181230T121038Z,1J.TI3A.,"['CH1', 'CH2', 'CHZ']",2018-12-30T12:10:38.940000Z,4.19
333,20181230T121150Z,1J.TI3A.,"['CH1', 'CH2', 'CHZ']",2018-12-30T12:11:50.550000Z,6.54
334,20181230T121545Z,1J.TI3A.,"['CH1', 'CH2', 'CHZ']",2018-12-30T12:15:45.820000Z,5.87
335,20181230T121849Z,1J.TI3A.,"['CH1', 'CH2', 'CHZ']",2018-12-30T12:18:49.360000Z,2.71
336,20181230T122055Z,1J.TI3A.,"['CH1', 'CH2', 'CHZ']",2018-12-30T12:20:56.740000Z,4.4
337,20181230T122214Z,1J.TI3A.,"['CH1', 'CH2', 'CHZ']",2018-12-30T12:22:14.280000Z,4.22
338,20181230T122359Z,1J.TI3A.,"['CH1', 'CH2', 'CHZ']",2018-12-30T12:23:59.290000Z,8.68
339,20181230T122429Z,1J.TI3A.,"['CH1', 'CH2', 'CHZ']",2018-12-30T12:24:29.580000Z,6.93
340,20181230T122623Z,1J.TI3A.,"['CH1', 'CH2', 'CHZ']",2018-12-30T12:26:23.840000Z,4.53
341,20181230T122647Z,1J.TI3A.,"['CH1', 'CH2', 'CHZ']",2018-12-30T12:26:47.600000Z,4.09
342,20181230T122823Z,1J.TI3A.,"['CH1', 'CH2', 'CHZ']",2018-12-30T12:28:25.270000Z,7.35
343,20181230T122959Z,1J.TI3A.,"['CH1', 'CH2', 'CHZ']",2018-12-30T12:29:59.030000Z,8.0
344,20181230T123226Z,1J.TI3A.,"['CH1', 'CH2', 'CHZ']",2018-12-30T12:32:26.330000Z,5.0
345,20181230T123253Z,1J.TI3A.,"['CH1', 'CH2', 'CHZ']",2018-12-30T12:32:53.940000Z,6.78
346,20181230T123641Z,1J.TI3A.,"['CH1', 'CH2', 'CHZ']",2018-12-30T12:36:41.320000Z,5.78
347,20181230T123828Z,1J.TI3A.,"['CH1', 'CH2', 'CHZ']",2018-12-30T12:38:28.070000Z,4.14
348,20181230T124041Z,1J.TI3A.,"['CH1', 'CH2', 'CHZ']",2018-12-30T12:40:41.970000Z,6.84
349,20181230T124832Z,1J.TI3A.,"['CH1', 'CH2', 'CHZ']",2018-12-30T12:48:32.700000Z,11.2
350,20181230T125327Z,1J.TI3A.,"['CH1', 'CH2', 'CHZ']",2018-12-30T12:53:27.890000Z,6.77
351,20181230T125442Z,1J.TI3A.,"['CH1', 'CH2', 'CHZ']",2018-12-30T12:54:42.250000Z,2.37
352,20181230T125755Z,1J.TI3A.,"['CH1', 'CH2', 'CHZ']",2018-12-30T12:57:55.040000Z,7.48
353,20181230T125946Z,1J.TI3A.,"['CH1', 'CH2', 'CHZ']",2018-12-30T12:59:46.470000Z,3.78
354,20181230T130007Z,1J.TI3A.,"['CH1', 'CH2', 'CHZ']",2018-12-30T13:00:09.900000Z,4.85
355,20181230T130246Z,1J.TI3A.,"['CH1', 'CH2', 'CHZ']",2018-12-30T13:02:46.140000Z,4.26
356,20181230T130615Z,1J.TI3A.,"['CH1', 'CH2', 'CHZ']",2018-12-30T13:06:16.160000Z,6.18
357,20181230T130851Z,1J.TI3A.,"['CH1', 'CH2', 'CHZ']",2018-12-30T13:08:51.580000Z,4.06
358,20181230T131632Z,1J.TI3A.,"['CH1', 'CH2', 'CHZ']",2018-12-30T13:16:32.340000Z,4.12
359,20181230T132252Z,1J.TI3A.,"['CH1', 'CH2', 'CHZ']",2018-12-30T13:22:53.790000Z,3.77
360,20181230T132347Z,1J.TI3A.,"['CH1', 'CH2', 'CHZ']",2018-12-30T13:23:47.970000Z,6.89
361,20181230T132631Z,1J.TI3A.,"['CH1', 'CH2', 'CHZ']",2018-12-30T13:26:31.320000Z,2.7
362,20181230T133021Z,1J.TI3A.,"['CH1', 'CH2', 'CHZ']",2018-12-30T13:30:21.180000Z,7.44
363,20181230T133124Z,1J.TI3A.,"['CH1', 'CH2', 'CHZ']",2018-12-30T13:31:24.790000Z,8.43
364,20181230T133616Z,1J.TI3A.,"['CH1', 'CH2', 'CHZ']",2018-12-30T13:36:18.870000Z,2.72
365,20181230T134800Z,1J.TI3A.,"['CH1', 'CH2', 'CHZ']",2018-12-30T13:48:00.380000Z,4.11
366,20181230T134925Z,1J.TI3A.,"['CH1', 'CH2', 'CHZ']",2018-12-30T13:49:27.930000Z,2.14
367,20181230T135248Z,1J.TI3A.,"['CH1', 'CH2', 'CHZ']",2018-12-30T13:52:48.900000Z,4.12
368,20181230T135955Z,1J.TI3A.,"['CH1', 'CH2', 'CHZ']",2018-12-30T13:59:56.600000Z,7.4
369,20181230T140333Z,1J.TI3A.,"['CH1', 'CH2', 'CHZ']",2018-12-30T14:03:34.340000Z,1.12
370,20181230T141056Z,1J.TI3A.,"['CH1', 'CH2', 'CHZ']",2018-12-30T14:10:56.630000Z,3.97
371,20181230T142330Z,1J.TI3A.,"['CH1', 'CH2', 'CHZ']",2018-12-30T14:23:30.160000Z,5.49
372,20181230T142356Z,1J.TI3A.,"['CH1', 'CH2', 'CHZ']",2018-12-30T14:23:56.600000Z,6.6
373,20181230T142711Z,1J.TI3A.,"['CH1', 'CH2', 'CHZ']",2018-12-30T14:27:12.140000Z,8.67
374,20181230T144223Z,1J.TI3A.,"['CH1', 'CH2', 'CHZ']",2018-12-30T14:42:23.370000Z,7.03
375,20181230T144653Z,1J.TI3A.,"['CH1', 'CH2', 'CHZ']",2018-12-30T14:46:55.390000Z,2.53
376,20181230T145336Z,1J.TI3A.,"['CH1', 'CH2', 'CHZ']",2018-12-30T14:53:36.930000Z,4.05
377,20181230T145501Z,1J.TI3A.,"['CH1', 'CH2', 'CHZ']",2018-12-30T14:55:01.760000Z,3.78
378,20181230T145942Z,1J.TI3A.,"['CH1', 'CH2', 'CHZ']",2018-12-30T14:59:42.880000Z,4.06
379,20181230T151112Z,1J.TI3A.,"['CH1', 'CH2', 'CHZ']",2018-12-30T15:11:12.940000Z,3.81
380,20181230T151914Z,1J.TI3A.,"['CH1', 'CH2', 'CHZ']",2018-12-30T15:19:14.490000Z,5.07
381,20181230T152328Z,1J.TI3A.,"['CH1', 'CH2', 'CHZ']",2018-12-30T15:23:29.720000Z,3.1
382,20181230T154216Z,1J.TI3A.,"['CH1', 'CH2', 'CHZ']",2018-12-30T15:42:16.070000Z,5.07
383,20181230T161633Z,1J.TI3A.,"['CH1', 'CH2', 'CHZ']",2018-12-30T16:16:33.220000Z,5.25
384,20181230T162548Z,1J.TI3A.,"['CH1', 'CH2', 'CHZ']",2018-12-30T16:25:48.520000Z,3.63
385,20181230T164215Z,1J.TI3A.,"['CH1', 'CH2', 'CHZ']",2018-12-30T16:42:15.780000Z,1.86
386,20181230T164240Z,1J.TI3A.,"['CH1', 'CH2', 'CHZ']",2018-12-30T16:42:40.700000Z,5.84
387,20181230T164951Z,1J.TI3A.,"['CH1', 'CH2', 'CHZ']",2018-12-30T16:49:53.360000Z,1.6
388,20181230T173446Z,1J.TI3A.,"['CH1', 'CH2', 'CHZ']",2018-12-30T17:34:49.220000Z,0.56
389,20181230T182012Z,1J.TI3A.,"['CH1', 'CH2', 'CHZ']",2018-12-30T18:20:12.870000Z,2.17
390,20181230T182155Z,1J.TI3A.,"['CH1', 'CH2', 'CHZ']",2018-12-30T18:21:55.940000Z,2.08
391,20181230T185410Z,1J.TI3A.,"['CH1', 'CH2', 'CHZ']",2018-12-30T18:54:10.090000Z,2.15
392,20181230T191037Z,1J.TI3A.,"['CH1', 'CH2', 'CHZ']",2018-12-30T19:10:37.670000Z,5.78
393,20181230T195015Z,1J.TI3A.,"['CH1', 'CH2', 'CHZ']",2018-12-30T19:50:15.320000Z,4.14
394,20181230T200250Z,1J.TI3A.,"['CH1', 'CH2', 'CHZ']",2018-12-30T20:02:50.960000Z,1.9
395,20181230T201543Z,1J.TI3A.,"['CH1', 'CH2', 'CHZ']",2018-12-30T20:15:43.600000Z,4.37
396,20181230T202630Z,1J.TI3A.,"['CH1', 'CH2', 'CHZ']",2018-12-30T20:26:32.430000Z,2.56
397,20181230T220710Z,1J.TI3A.,"['CH1', 'CH2', 'CHZ']",2018-12-30T22:07:10.710000Z,1.86
398,20181230T222636Z,1J.TI3A.,"['CH1', 'CH2', 'CHZ']",2018-12-30T22:26:36.480000Z,5.06
399,20181230T225821Z,1J.TI3A.,"['CH1', 'CH2', 'CHZ']",2018-12-30T22:58:21.680000Z,6.21
400,20181230T231156Z,1J.TI3A.,"['CH1', 'CH2', 'CHZ']",2018-12-30T23:11:56.800000Z,9.58
401,20181230T231446Z,1J.TI3A.,"['CH1', 'CH2', 'CHZ']",2018-12-30T23:14:46.480000Z,8.42
402,20181230T000404Z,1J.TI8A.,"['CH1', 'CH2', 'CHZ']",2018-12-30T00:04:04.900000Z,5.39
403,20181230T000504Z,1J.TI8A.,"['CH1', 'CH2', 'CHZ']",2018-12-30T00:05:04.870000Z,6.82
404,20181230T000656Z,1J.TI8A.,"['CH1', 'CH2', 'CHZ']",2018-12-30T00:06:56.820000Z,6.39
405,20181230T001956Z,1J.TI8A.,"['CH1', 'CH2', 'CHZ']",2018-12-30T00:20:03.960000Z,7.15
406,20181230T002918Z,1J.TI8A.,"['CH1', 'CH2', 'CHZ']",2018-12-30T00:29:20.410000Z,4.52
407,20181230T003356Z,1J.TI8A.,"['CH1', 'CH2', 'CHZ']",2018-12-30T00:33:56.940000Z,6.97
408,20181230T003801Z,1J.TI8A.,"['CH1', 'CH2', 'CHZ']",2018-12-30T00:38:03.800000Z,8.14
409,20181230T003829Z,1J.TI8A.,"['CH1', 'CH2', 'CHZ']",2018-12-30T00:38:33.520000Z,5.67
410,20181230T004335Z,1J.TI8A.,"['CH1', 'CH2', 'CHZ']",2018-12-30T00:43:37.990000Z,5.07
411,20181230T004828Z,1J.TI8A.,"['CH1', 'CH2', 'CHZ']",2018-12-30T00:48:28.670000Z,6.51
412,20181230T004928Z,1J.TI8A.,"['CH1', 'CH2', 'CHZ']",2018-12-30T00:49:28.160000Z,14.64
413,20181230T005217Z,1J.TI8A.,"['CH1', 'CH2', 'CHZ']",2018-12-30T00:52:19.050000Z,9.38
414,20181230T005244Z,1J.TI8A.,"['CH1', 'CH2', 'CHZ']",2018-12-30T00:52:47.020000Z,7.72
415,20181230T005826Z,1J.TI8A.,"['CH1', 'CH2', 'CHZ']",2018-12-30T00:58:27.480000Z,8.41
416,20181230T005853Z,1J.TI8A.,"['CH1', 'CH2', 'CHZ']",2018-12-30T00:58:57.680000Z,6.87
417,20181230T010134Z,1J.TI8A.,"['CH1', 'CH2', 'CHZ']",2018-12-30T01:01:34.970000Z,5.62
418,20181230T010915Z,1J.TI8A.,"['CH1', 'CH2', 'CHZ']",2018-12-30T01:09:15.160000Z,6.11
419,20181230T011143Z,1J.TI8A.,"['CH1', 'CH2', 'CHZ']",2018-12-30T01:11:43.690000Z,7.73
420,20181230T011811Z,1J.TI8A.,"['CH1', 'CH2', 'CHZ']",2018-12-30T01:18:13.330000Z,8.53
421,20181230T012142Z,1J.TI8A.,"['CH1', 'CH2', 'CHZ']",2018-12-30T01:21:46.410000Z,3.82
422,20181230T013207Z,1J.TI8A.,"['CH1', 'CH2', 'CHZ']",2018-12-30T01:32:07.960000Z,10.72
423,20181230T013448Z,1J.TI8A.,"['CH1', 'CH2', 'CHZ']",2018-12-30T01:34:49.000000Z,4.26
424,20181230T013631Z,1J.TI8A.,"['CH1', 'CH2', 'CHZ']",2018-12-30T01:36:31.360000Z,1.92
425,20181230T014055Z,1J.TI8A.,"['CH1', 'CH2', 'CHZ']",2018-12-30T01:40:57.110000Z,4.14
426,20181230T014259Z,1J.TI8A.,"['CH1', 'CH2', 'CHZ']",2018-12-30T01:43:02.340000Z,5.41
427,20181230T014730Z,1J.TI8A.,"['CH1', 'CH2', 'CHZ']",2018-12-30T01:47:33.230000Z,6.63
428,20181230T015411Z,1J.TI8A.,"['CH1', 'CH2', 'CHZ']",2018-12-30T01:54:12.560000Z,6.12
429,20181230T021449Z,1J.TI8A.,"['CH1', 'CH2', 'CHZ']",2018-12-30T02:15:01.820000Z,2.39
430,20181230T022003Z,1J.TI8A.,"['CH1', 'CH2', 'CHZ']",2018-12-30T02:20:04.400000Z,4.04
431,20181230T022330Z,1J.TI8A.,"['CH1', 'CH2', 'CHZ']",2018-12-30T02:23:31.600000Z,10.68
432,20181230T023222Z,1J.TI8A.,"['CH1', 'CH2', 'CHZ']",2018-12-30T02:32:24.940000Z,3.8
433,20181230T024643Z,1J.TI8A.,"['CH1', 'CH2', 'CHZ']",2018-12-30T02:46:44.060000Z,4.72
434,20181230T031030Z,1J.TI8A.,"['CH1', 'CH2', 'CHZ']",2018-12-30T03:10:34.380000Z,8.85
435,20181230T031058Z,1J.TI8A.,"['CH1', 'CH2', 'CHZ']",2018-12-30T03:11:03.660000Z,5.0
436,20181230T031219Z,1J.TI8A.,"['CH1', 'CH2', 'CHZ']",2018-12-30T03:12:25.110000Z,4.28
437,20181230T032126Z,1J.TI8A.,"['CH1', 'CH2', 'CHZ']",2018-12-30T03:21:26.210000Z,6.83
438,20181230T032235Z,1J.TI8A.,"['CH1', 'CH2', 'CHZ']",2018-12-30T03:22:40.530000Z,5.72
439,20181230T033243Z,1J.TI8A.,"['CH1', 'CH2', 'CHZ']",2018-12-30T03:32:46.510000Z,6.59
440,20181230T033311Z,1J.TI8A.,"['CH1', 'CH2', 'CHZ']",2018-12-30T03:33:15.320000Z,5.6
441,20181230T033824Z,1J.TI8A.,"['CH1', 'CH2', 'CHZ']",2018-12-30T03:38:26.140000Z,6.34
442,20181230T035305Z,1J.TI8A.,"['CH1', 'CH2', 'CHZ']",2018-12-30T03:53:11.660000Z,8.16
443,20181230T041548Z,1J.TI8A.,"['CH1', 'CH2', 'CHZ']",2018-12-30T04:15:50.410000Z,4.2
444,20181230T041923Z,1J.TI8A.,"['CH1', 'CH2', 'CHZ']",2018-12-30T04:19:25.370000Z,8.39
445,20181230T043214Z,1J.TI8A.,"['CH1', 'CH2', 'CHZ']",2018-12-30T04:32:17.190000Z,5.86
446,20181230T043251Z,1J.TI8A.,"['CH1', 'CH2', 'CHZ']",2018-12-30T04:32:55.370000Z,6.17
447,20181230T043557Z,1J.TI8A.,"['CH1', 'CH2', 'CHZ']",2018-12-30T04:36:00.920000Z,6.91
448,20181230T043625Z,1J.TI8A.,"['CH1', 'CH2', 'CHZ']",2018-12-30T04:36:31.790000Z,4.19
449,20181230T044446Z,1J.TI8A.,"['CH1', 'CH2', 'CHZ']",2018-12-30T04:44:52.340000Z,2.16
450,20181230T044552Z,1J.TI8A.,"['CH1', 'CH2', 'CHZ']",2018-12-30T04:45:57.940000Z,9.29
451,20181230T044618Z,1J.TI8A.,"['CH1', 'CH2', 'CHZ']",2018-12-30T04:46:29.970000Z,4.22
452,20181230T045203Z,1J.TI8A.,"['CH1', 'CH2', 'CHZ']",2018-12-30T04:52:04.360000Z,6.03
453,20181230T045304Z,1J.TI8A.,"['CH1', 'CH2', 'CHZ']",2018-12-30T04:53:06.450000Z,6.88
454,20181230T045724Z,1J.TI8A.,"['CH1', 'CH2', 'CHZ']",2018-12-30T04:57:24.030000Z,2.04
455,20181230T050544Z,1J.TI8A.,"['CH1', 'CH2', 'CHZ']",2018-12-30T05:05:46.730000Z,4.79
456,20181230T051643Z,1J.TI8A.,"['CH1', 'CH2', 'CHZ']",2018-12-30T05:16:46.540000Z,5.58
457,20181230T051826Z,1J.TI8A.,"['CH1', 'CH2', 'CHZ']",2018-12-30T05:18:28.000000Z,6.29
458,20181230T053227Z,1J.TI8A.,"['CH1', 'CH2', 'CHZ']",2018-12-30T05:32:27.370000Z,1.79
459,20181230T053534Z,1J.TI8A.,"['CH1', 'CH2', 'CHZ']",2018-12-30T05:35:36.340000Z,4.0
460,20181230T054356Z,1J.TI8A.,"['CH1', 'CH2', 'CHZ']",2018-12-30T05:43:59.630000Z,4.47
461,20181230T054646Z,1J.TI8A.,"['CH1', 'CH2', 'CHZ']",2018-12-30T05:46:48.600000Z,6.13
462,20181230T054810Z,1J.TI8A.,"['CH1', 'CH2', 'CHZ']",2018-12-30T05:48:10.840000Z,6.69
463,20181230T055743Z,1J.TI8A.,"['CH1', 'CH2', 'CHZ']",2018-12-30T05:57:44.970000Z,5.72
464,20181230T055848Z,1J.TI8A.,"['CH1', 'CH2', 'CHZ']",2018-12-30T05:58:52.260000Z,1.96
465,20181230T060240Z,1J.TI8A.,"['CH1', 'CH2', 'CHZ']",2018-12-30T06:02:43.290000Z,5.04
466,20181230T060307Z,1J.TI8A.,"['CH1', 'CH2', 'CHZ']",2018-12-30T06:03:12.380000Z,5.46
467,20181230T060638Z,1J.TI8A.,"['CH1', 'CH2', 'CHZ']",2018-12-30T06:06:39.840000Z,10.01
468,20181230T061001Z,1J.TI8A.,"['CH1', 'CH2', 'CHZ']",2018-12-30T06:10:08.100000Z,6.46
469,20181230T061610Z,1J.TI8A.,"['CH1', 'CH2', 'CHZ']",2018-12-30T06:16:16.400000Z,1.99
470,20181230T061958Z,1J.TI8A.,"['CH1', 'CH2', 'CHZ']",2018-12-30T06:20:03.180000Z,8.35
471,20181230T062200Z,1J.TI8A.,"['CH1', 'CH2', 'CHZ']",2018-12-30T06:22:01.390000Z,5.58
472,20181230T062217Z,1J.TI8A.,"['CH1', 'CH2', 'CHZ']",2018-12-30T06:22:19.660000Z,6.56
473,20181230T062428Z,1J.TI8A.,"['CH1', 'CH2', 'CHZ']",2018-12-30T06:24:30.710000Z,4.84
474,20181230T062926Z,1J.TI8A.,"['CH1', 'CH2', 'CHZ']",2018-12-30T06:29:26.760000Z,8.19
475,20181230T063159Z,1J.TI8A.,"['CH1', 'CH2', 'CHZ']",2018-12-30T06:32:01.450000Z,8.14
476,20181230T063359Z,1J.TI8A.,"['CH1', 'CH2', 'CHZ']",2018-12-30T06:34:00.370000Z,6.37
477,20181230T064234Z,1J.TI8A.,"['CH1', 'CH2', 'CHZ']",2018-12-30T06:42:37.850000Z,2.04
478,20181230T064554Z,1J.TI8A.,"['CH1', 'CH2', 'CHZ']",2018-12-30T06:45:57.620000Z,8.3
479,20181230T064623Z,1J.TI8A.,"['CH1', 'CH2', 'CHZ']",2018-12-30T06:46:29.140000Z,5.88
480,20181230T065412Z,1J.TI8A.,"['CH1', 'CH2', 'CHZ']",2018-12-30T06:54:20.300000Z,9.56
481,20181230T065756Z,1J.TI8A.,"['CH1', 'CH2', 'CHZ']",2018-12-30T06:57:58.260000Z,8.67
482,20181230T070402Z,1J.TI8A.,"['CH1', 'CH2', 'CHZ']",2018-12-30T07:04:04.340000Z,2.04
483,20181230T070757Z,1J.TI8A.,"['CH1', 'CH2', 'CHZ']",2018-12-30T07:08:10.030000Z,17.45
484,20181230T070920Z,1J.TI8A.,"['CH1', 'CH2', 'CHZ']",2018-12-30T07:09:25.570000Z,4.67
485,20181230T071306Z,1J.TI8A.,"['CH1', 'CH2', 'CHZ']",2018-12-30T07:13:08.190000Z,7.39
486,20181230T072621Z,1J.TI8A.,"['CH1', 'CH2', 'CHZ']",2018-12-30T07:26:23.120000Z,6.26
487,20181230T073119Z,1J.TI8A.,"['CH1', 'CH2', 'CHZ']",2018-12-30T07:31:24.760000Z,4.54
488,20181230T073153Z,1J.TI8A.,"['CH1', 'CH2', 'CHZ']",2018-12-30T07:31:55.510000Z,6.21
489,20181230T073725Z,1J.TI8A.,"['CH1', 'CH2', 'CHZ']",2018-12-30T07:37:27.240000Z,6.82
490,20181230T073828Z,1J.TI8A.,"['CH1', 'CH2', 'CHZ']",2018-12-30T07:38:43.540000Z,0.58
491,20181230T073901Z,1J.TI8A.,"['CH1', 'CH2', 'CHZ']",2018-12-30T07:39:03.060000Z,6.16
492,20181230T075000Z,1J.TI8A.,"['CH1', 'CH2', 'CHZ']",2018-12-30T07:50:00.070000Z,1.98
493,20181230T075124Z,1J.TI8A.,"['CH1', 'CH2', 'CHZ']",2018-12-30T07:51:24.720000Z,6.08
494,20181230T075136Z,1J.TI8A.,"['CH1', 'CH2', 'CHZ']",2018-12-30T07:51:41.340000Z,3.67
495,20181230T080140Z,1J.TI8A.,"['CH1', 'CH2', 'CHZ']",2018-12-30T08:01:42.480000Z,3.36
496,20181230T080228Z,1J.TI8A.,"['CH1', 'CH2', 'CHZ']",2018-12-30T08:02:30.500000Z,7.74
497,20181230T080255Z,1J.TI8A.,"['CH1', 'CH2', 'CHZ']",2018-12-30T08:02:59.230000Z,7.37
498,20181230T080510Z,1J.TI8A.,"['CH1', 'CH2', 'CHZ']",2018-12-30T08:05:12.660000Z,5.41
499,20181230T081541Z,1J.TI8A.,"['CH1', 'CH2', 'CHZ']",2018-12-30T08:15:44.680000Z,6.6
500,20181230T082652Z,1J.TI8A.,"['CH1', 'CH2', 'CHZ']",2018-12-30T08:26:54.500000Z,7.1
501,20181230T083203Z,1J.TI8A.,"['CH1', 'CH2', 'CHZ']",2018-12-30T08:32:04.460000Z,5.54
502,20181230T083514Z,1J.TI8A.,"['CH1', 'CH2', 'CHZ']",2018-12-30T08:35:16.930000Z,3.3
503,20181230T083605Z,1J.TI8A.,"['CH1', 'CH2', 'CHZ']",2018-12-30T08:36:07.890000Z,6.44
504,20181230T083755Z,1J.TI8A.,"['CH1', 'CH2', 'CHZ']",2018-12-30T08:38:02.750000Z,3.88
505,20181230T084416Z,1J.TI8A.,"['CH1', 'CH2', 'CHZ']",2018-12-30T08:44:18.880000Z,6.75
506,20181230T084906Z,1J.TI8A.,"['CH1', 'CH2', 'CHZ']",2018-12-30T08:49:08.570000Z,10.85
507,20181230T084933Z,1J.TI8A.,"['CH1', 'CH2', 'CHZ']",2018-12-30T08:49:38.360000Z,7.71
508,20181230T085343Z,1J.TI8A.,"['CH1', 'CH2', 'CHZ']",2018-12-30T08:53:45.820000Z,6.78
509,20181230T085659Z,1J.TI8A.,"['CH1', 'CH2', 'CHZ']",2018-12-30T08:57:00.540000Z,8.03
510,20181230T090908Z,1J.TI8A.,"['CH1', 'CH2', 'CHZ']",2018-12-30T09:09:09.860000Z,6.05
511,20181230T090930Z,1J.TI8A.,"['CH1', 'CH2', 'CHZ']",2018-12-30T09:09:32.350000Z,5.34
512,20181230T091041Z,1J.TI8A.,"['CH1', 'CH2', 'CHZ']",2018-12-30T09:10:44.510000Z,7.4
513,20181230T091411Z,1J.TI8A.,"['CH1', 'CH2', 'CHZ']",2018-12-30T09:14:16.580000Z,2.1
514,20181230T092202Z,1J.TI8A.,"['CH1', 'CH2', 'CHZ']",2018-12-30T09:22:03.530000Z,6.03
515,20181230T092347Z,1J.TI8A.,"['CH1', 'CH2', 'CHZ']",2018-12-30T09:23:47.780000Z,6.22
516,20181230T093402Z,1J.TI8A.,"['CH1', 'CH2', 'CHZ']",2018-12-30T09:34:02.900000Z,5.8
517,20181230T093500Z,1J.TI8A.,"['CH1', 'CH2', 'CHZ']",2018-12-30T09:35:02.990000Z,6.29
518,20181230T093540Z,1J.TI8A.,"['CH1', 'CH2', 'CHZ']",2018-12-30T09:35:45.170000Z,8.3
519,20181230T093802Z,1J.TI8A.,"['CH1', 'CH2', 'CHZ']",2018-12-30T09:38:08.680000Z,2.98
520,20181230T093844Z,1J.TI8A.,"['CH1', 'CH2', 'CHZ']",2018-12-30T09:38:44.980000Z,9.79
521,20181230T094458Z,1J.TI8A.,"['CH1', 'CH2', 'CHZ']",2018-12-30T09:45:01.060000Z,6.72
522,20181230T094737Z,1J.TI8A.,"['CH1', 'CH2', 'CHZ']",2018-12-30T09:47:39.030000Z,5.12
523,20181230T095040Z,1J.TI8A.,"['CH1', 'CH2', 'CHZ']",2018-12-30T09:50:40.470000Z,7.67
524,20181230T095956Z,1J.TI8A.,"['CH1', 'CH2', 'CHZ']",2018-12-30T09:59:56.200000Z,5.32
525,20181230T100224Z,1J.TI8A.,"['CH1', 'CH2', 'CHZ']",2018-12-30T10:02:29.770000Z,4.28
526,20181230T100538Z,1J.TI8A.,"['CH1', 'CH2', 'CHZ']",2018-12-30T10:05:40.250000Z,7.25
527,20181230T100805Z,1J.TI8A.,"['CH1', 'CH2', 'CHZ']",2018-12-30T10:08:10.030000Z,2.09
528,20181230T100929Z,1J.TI8A.,"['CH1', 'CH2', 'CHZ']",2018-12-30T10:09:32.690000Z,3.88
529,20181230T101823Z,1J.TI8A.,"['CH1', 'CH2', 'CHZ']",2018-12-30T10:18:25.730000Z,6.91
530,20181230T102054Z,1J.TI8A.,"['CH1', 'CH2', 'CHZ']",2018-12-30T10:20:54.600000Z,4.36
531,20181230T102251Z,1J.TI8A.,"['CH1', 'CH2', 'CHZ']",2018-12-30T10:22:53.820000Z,8.22
532,20181230T102319Z,1J.TI8A.,"['CH1', 'CH2', 'CHZ']",2018-12-30T10:23:24.680000Z,8.11
533,20181230T103347Z,1J.TI8A.,"['CH1', 'CH2', 'CHZ']",2018-12-30T10:33:49.000000Z,6.99
534,20181230T104124Z,1J.TI8A.,"['CH1', 'CH2', 'CHZ']",2018-12-30T10:41:27.890000Z,6.49
535,20181230T104152Z,1J.TI8A.,"['CH1', 'CH2', 'CHZ']",2018-12-30T10:42:00.080000Z,3.4
536,20181230T104634Z,1J.TI8A.,"['CH1', 'CH2', 'CHZ']",2018-12-30T10:46:37.510000Z,5.45
537,20181230T104716Z,1J.TI8A.,"['CH1', 'CH2', 'CHZ']",2018-12-30T10:47:18.660000Z,5.76
538,20181230T105132Z,1J.TI8A.,"['CH1', 'CH2', 'CHZ']",2018-12-30T10:51:34.400000Z,7.4
539,20181230T105600Z,1J.TI8A.,"['CH1', 'CH2', 'CHZ']",2018-12-30T10:56:00.260000Z,8.73
540,20181230T105801Z,1J.TI8A.,"['CH1', 'CH2', 'CHZ']",2018-12-30T10:58:01.100000Z,5.89
541,20181230T105910Z,1J.TI8A.,"['CH1', 'CH2', 'CHZ']",2018-12-30T10:59:14.970000Z,3.06
542,20181230T111306Z,1J.TI8A.,"['CH1', 'CH2', 'CHZ']",2018-12-30T11:13:07.510000Z,6.49
543,20181230T111528Z,1J.TI8A.,"['CH1', 'CH2', 'CHZ']",2018-12-30T11:15:28.760000Z,2.64
544,20181230T112123Z,1J.TI8A.,"['CH1', 'CH2', 'CHZ']",2018-12-30T11:21:26.070000Z,7.93
545,20181230T114542Z,1J.TI8A.,"['CH1', 'CH2', 'CHZ']",2018-12-30T11:45:44.970000Z,7.43
546,20181230T114937Z,1J.TI8A.,"['CH1', 'CH2', 'CHZ']",2018-12-30T11:49:40.130000Z,6.53
547,20181230T115019Z,1J.TI8A.,"['CH1', 'CH2', 'CHZ']",2018-12-30T11:50:25.780000Z,3.47
548,20181230T115141Z,1J.TI8A.,"['CH1', 'CH2', 'CHZ']",2018-12-30T11:51:43.130000Z,6.69
549,20181230T115302Z,1J.TI8A.,"['CH1', 'CH2', 'CHZ']",2018-12-30T11:53:06.010000Z,8.31
550,20181230T115330Z,1J.TI8A.,"['CH1', 'CH2', 'CHZ']",2018-12-30T11:53:34.180000Z,5.57
551,20181230T120829Z,1J.TI8A.,"['CH1', 'CH2', 'CHZ']",2018-12-30T12:08:31.480000Z,6.5
552,20181230T121545Z,1J.TI8A.,"['CH1', 'CH2', 'CHZ']",2018-12-30T12:15:48.860000Z,2.65
553,20181230T121849Z,1J.TI8A.,"['CH1', 'CH2', 'CHZ']",2018-12-30T12:18:50.850000Z,2.07
554,20181230T122359Z,1J.TI8A.,"['CH1', 'CH2', 'CHZ']",2018-12-30T12:24:03.880000Z,6.18
555,20181230T122429Z,1J.TI8A.,"['CH1', 'CH2', 'CHZ']",2018-12-30T12:24:34.930000Z,5.54
556,20181230T122823Z,1J.TI8A.,"['CH1', 'CH2', 'CHZ']",2018-12-30T12:28:23.410000Z,10.39
557,20181230T122959Z,1J.TI8A.,"['CH1', 'CH2', 'CHZ']",2018-12-30T12:30:01.590000Z,8.75
558,20181230T123253Z,1J.TI8A.,"['CH1', 'CH2', 'CHZ']",2018-12-30T12:32:59.060000Z,5.06
559,20181230T124041Z,1J.TI8A.,"['CH1', 'CH2', 'CHZ']",2018-12-30T12:40:43.370000Z,6.8
560,20181230T124832Z,1J.TI8A.,"['CH1', 'CH2', 'CHZ']",2018-12-30T12:48:37.620000Z,7.91
561,20181230T125327Z,1J.TI8A.,"['CH1', 'CH2', 'CHZ']",2018-12-30T12:53:29.560000Z,5.82
562,20181230T125442Z,1J.TI8A.,"['CH1', 'CH2', 'CHZ']",2018-12-30T12:54:46.420000Z,1.17
563,20181230T125755Z,1J.TI8A.,"['CH1', 'CH2', 'CHZ']",2018-12-30T12:57:57.520000Z,7.37
564,20181230T125946Z,1J.TI8A.,"['CH1', 'CH2', 'CHZ']",2018-12-30T12:59:50.700000Z,3.64
565,20181230T130007Z,1J.TI8A.,"['CH1', 'CH2', 'CHZ']",2018-12-30T13:00:11.450000Z,2.9
566,20181230T130304Z,1J.TI8A.,"['CH1', 'CH2', 'CHZ']",2018-12-30T13:03:07.280000Z,2.03
567,20181230T130615Z,1J.TI8A.,"['CH1', 'CH2', 'CHZ']",2018-12-30T13:06:17.060000Z,5.29
568,20181230T131950Z,1J.TI8A.,"['CH1', 'CH2', 'CHZ']",2018-12-30T13:19:50.490000Z,6.27
569,20181230T132347Z,1J.TI8A.,"['CH1', 'CH2', 'CHZ']",2018-12-30T13:23:49.850000Z,4.61
570,20181230T132631Z,1J.TI8A.,"['CH1', 'CH2', 'CHZ']",2018-12-30T13:26:34.450000Z,5.14
571,20181230T132927Z,1J.TI8A.,"['CH1', 'CH2', 'CHZ']",2018-12-30T13:29:33.600000Z,2.03
572,20181230T133021Z,1J.TI8A.,"['CH1', 'CH2', 'CHZ']",2018-12-30T13:30:24.280000Z,5.79
573,20181230T133616Z,1J.TI8A.,"['CH1', 'CH2', 'CHZ']",2018-12-30T13:36:16.280000Z,6.7
574,20181230T134925Z,1J.TI8A.,"['CH1', 'CH2', 'CHZ']",2018-12-30T13:49:26.030000Z,7.9
575,20181230T135221Z,1J.TI8A.,"['CH1', 'CH2', 'CHZ']",2018-12-30T13:52:22.520000Z,7.3
576,20181230T135248Z,1J.TI8A.,"['CH1', 'CH2', 'CHZ']",2018-12-30T13:52:52.830000Z,5.39
577,20181230T135534Z,1J.TI8A.,"['CH1', 'CH2', 'CHZ']",2018-12-30T13:55:34.300000Z,10.02
578,20181230T135603Z,1J.TI8A.,"['CH1', 'CH2', 'CHZ']",2018-12-30T13:56:05.830000Z,5.26
579,20181230T135756Z,1J.TI8A.,"['CH1', 'CH2', 'CHZ']",2018-12-30T13:57:56.730000Z,6.03
580,20181230T135955Z,1J.TI8A.,"['CH1', 'CH2', 'CHZ']",2018-12-30T13:59:57.930000Z,6.77
581,20181230T140229Z,1J.TI8A.,"['CH1', 'CH2', 'CHZ']",2018-12-30T14:02:30.790000Z,4.93
582,20181230T140333Z,1J.TI8A.,"['CH1', 'CH2', 'CHZ']",2018-12-30T14:03:36.010000Z,2.97
583,20181230T140635Z,1J.TI8A.,"['CH1', 'CH2', 'CHZ']",2018-12-30T14:06:35.610000Z,6.22
584,20181230T142330Z,1J.TI8A.,"['CH1', 'CH2', 'CHZ']",2018-12-30T14:23:30.870000Z,9.8
585,20181230T142356Z,1J.TI8A.,"['CH1', 'CH2', 'CHZ']",2018-12-30T14:23:59.780000Z,7.58
586,20181230T142711Z,1J.TI8A.,"['CH1', 'CH2', 'CHZ']",2018-12-30T14:27:12.940000Z,10.0
587,20181230T143537Z,1J.TI8A.,"['CH1', 'CH2', 'CHZ']",2018-12-30T14:35:37.550000Z,8.5
588,20181230T143723Z,1J.TI8A.,"['CH1', 'CH2', 'CHZ']",2018-12-30T14:37:23.690000Z,4.91
589,20181230T144008Z,1J.TI8A.,"['CH1', 'CH2', 'CHZ']",2018-12-30T14:40:08.730000Z,9.35
590,20181230T144223Z,1J.TI8A.,"['CH1', 'CH2', 'CHZ']",2018-12-30T14:42:24.620000Z,10.09
591,20181230T144653Z,1J.TI8A.,"['CH1', 'CH2', 'CHZ']",2018-12-30T14:46:53.040000Z,6.31
592,20181230T145024Z,1J.TI8A.,"['CH1', 'CH2', 'CHZ']",2018-12-30T14:50:25.800000Z,2.57
593,20181230T145501Z,1J.TI8A.,"['CH1', 'CH2', 'CHZ']",2018-12-30T14:55:05.970000Z,4.46
594,20181230T145917Z,1J.TI8A.,"['CH1', 'CH2', 'CHZ']",2018-12-30T14:59:17.310000Z,8.27
595,20181230T145942Z,1J.TI8A.,"['CH1', 'CH2', 'CHZ']",2018-12-30T14:59:46.370000Z,7.35
596,20181230T150147Z,1J.TI8A.,"['CH1', 'CH2', 'CHZ']",2018-12-30T15:01:47.680000Z,7.39
597,20181230T151455Z,1J.TI8A.,"['CH1', 'CH2', 'CHZ']",2018-12-30T15:14:57.960000Z,3.41
598,20181230T151826Z,1J.TI8A.,"['CH1', 'CH2', 'CHZ']",2018-12-30T15:18:29.750000Z,6.64
599,20181230T151848Z,1J.TI8A.,"['CH1', 'CH2', 'CHZ']",2018-12-30T15:18:49.350000Z,6.13
600,20181230T151914Z,1J.TI8A.,"['CH1', 'CH2', 'CHZ']",2018-12-30T15:19:18.790000Z,5.79
601,20181230T152328Z,1J.TI8A.,"['CH1', 'CH2', 'CHZ']",2018-12-30T15:23:29.320000Z,7.74
602,20181230T153653Z,1J.TI8A.,"['CH1', 'CH2', 'CHZ']",2018-12-30T15:37:07.490000Z,2.12
603,20181230T154149Z,1J.TI8A.,"['CH1', 'CH2', 'CHZ']",2018-12-30T15:41:49.670000Z,7.91
604,20181230T154216Z,1J.TI8A.,"['CH1', 'CH2', 'CHZ']",2018-12-30T15:42:21.860000Z,4.66
605,20181230T154611Z,1J.TI8A.,"['CH1', 'CH2', 'CHZ']",2018-12-30T15:46:11.690000Z,6.01
606,20181230T155510Z,1J.TI8A.,"['CH1', 'CH2', 'CHZ']",2018-12-30T15:55:13.030000Z,2.96
607,20181230T160111Z,1J.TI8A.,"['CH1', 'CH2', 'CHZ']",2018-12-30T16:01:18.280000Z,1.97
608,20181230T160206Z,1J.TI8A.,"['CH1', 'CH2', 'CHZ']",2018-12-30T16:02:06.840000Z,8.74
609,20181230T160233Z,1J.TI8A.,"['CH1', 'CH2', 'CHZ']",2018-12-30T16:02:36.620000Z,3.88
610,20181230T160839Z,1J.TI8A.,"['CH1', 'CH2', 'CHZ']",2018-12-30T16:08:39.100000Z,7.22
611,20181230T161204Z,1J.TI8A.,"['CH1', 'CH2', 'CHZ']",2018-12-30T16:12:04.400000Z,2.05
612,20181230T161349Z,1J.TI8A.,"['CH1', 'CH2', 'CHZ']",2018-12-30T16:13:49.080000Z,6.31
613,20181230T161607Z,1J.TI8A.,"['CH1', 'CH2', 'CHZ']",2018-12-30T16:16:07.130000Z,8.97
614,20181230T161633Z,1J.TI8A.,"['CH1', 'CH2', 'CHZ']",2018-12-30T16:16:36.290000Z,6.87
615,20181230T162241Z,1J.TI8A.,"['CH1', 'CH2', 'CHZ']",2018-12-30T16:22:41.690000Z,8.65
616,20181230T162626Z,1J.TI8A.,"['CH1', 'CH2', 'CHZ']",2018-12-30T16:26:26.860000Z,2.08
617,20181230T162725Z,1J.TI8A.,"['CH1', 'CH2', 'CHZ']",2018-12-30T16:27:25.460000Z,6.27
618,20181230T164215Z,1J.TI8A.,"['CH1', 'CH2', 'CHZ']",2018-12-30T16:42:15.590000Z,10.21
619,20181230T164240Z,1J.TI8A.,"['CH1', 'CH2', 'CHZ']",2018-12-30T16:42:42.930000Z,7.41
620,20181230T164628Z,1J.TI8A.,"['CH1', 'CH2', 'CHZ']",2018-12-30T16:46:28.180000Z,6.44
621,20181230T164951Z,1J.TI8A.,"['CH1', 'CH2', 'CHZ']",2018-12-30T16:49:51.680000Z,6.84
622,20181230T165656Z,1J.TI8A.,"['CH1', 'CH2', 'CHZ']",2018-12-30T16:56:56.570000Z,6.02
623,20181230T171030Z,1J.TI8A.,"['CH1', 'CH2', 'CHZ']",2018-12-30T17:10:30.220000Z,6.78
624,20181230T171108Z,1J.TI8A.,"['CH1', 'CH2', 'CHZ']",2018-12-30T17:11:21.100000Z,2.01
625,20181230T171510Z,1J.TI8A.,"['CH1', 'CH2', 'CHZ']",2018-12-30T17:15:10.390000Z,6.96
626,20181230T172928Z,1J.TI8A.,"['CH1', 'CH2', 'CHZ']",2018-12-30T17:29:28.020000Z,7.21
627,20181230T173559Z,1J.TI8A.,"['CH1', 'CH2', 'CHZ']",2018-12-30T17:35:59.480000Z,8.13
628,20181230T173911Z,1J.TI8A.,"['CH1', 'CH2', 'CHZ']",2018-12-30T17:39:11.730000Z,5.37
629,20181230T174233Z,1J.TI8A.,"['CH1', 'CH2', 'CHZ']",2018-12-30T17:42:33.980000Z,5.58
630,20181230T175248Z,1J.TI8A.,"['CH1', 'CH2', 'CHZ']",2018-12-30T17:52:48.160000Z,5.93
631,20181230T180537Z,1J.TI8A.,"['CH1', 'CH2', 'CHZ']",2018-12-30T18:05:37.440000Z,6.0
632,20181230T181419Z,1J.TI8A.,"['CH1', 'CH2', 'CHZ']",2018-12-30T18:14:25.140000Z,9.02
633,20181230T181714Z,1J.TI8A.,"['CH1', 'CH2', 'CHZ']",2018-12-30T18:17:14.320000Z,7.3
634,20181230T181759Z,1J.TI8A.,"['CH1', 'CH2', 'CHZ']",2018-12-30T18:17:59.790000Z,6.92
635,20181230T181944Z,1J.TI8A.,"['CH1', 'CH2', 'CHZ']",2018-12-30T18:19:45.340000Z,7.74
636,20181230T182012Z,1J.TI8A.,"['CH1', 'CH2', 'CHZ']",2018-12-30T18:20:16.310000Z,4.69
637,20181230T182129Z,1J.TI8A.,"['CH1', 'CH2', 'CHZ']",2018-12-30T18:21:29.240000Z,6.83
638,20181230T182155Z,1J.TI8A.,"['CH1', 'CH2', 'CHZ']",2018-12-30T18:21:55.750000Z,7.8
639,20181230T183252Z,1J.TI8A.,"['CH1', 'CH2', 'CHZ']",2018-12-30T18:32:52.220000Z,7.21
640,20181230T183837Z,1J.TI8A.,"['CH1', 'CH2', 'CHZ']",2018-12-30T18:38:37.890000Z,6.32
641,20181230T184603Z,1J.TI8A.,"['CH1', 'CH2', 'CHZ']",2018-12-30T18:46:03.570000Z,10.27
642,20181230T185343Z,1J.TI8A.,"['CH1', 'CH2', 'CHZ']",2018-12-30T18:53:43.320000Z,8.57
643,20181230T185410Z,1J.TI8A.,"['CH1', 'CH2', 'CHZ']",2018-12-30T18:54:12.780000Z,5.15
644,20181230T185840Z,1J.TI8A.,"['CH1', 'CH2', 'CHZ']",2018-12-30T18:58:40.970000Z,5.65
645,20181230T191010Z,1J.TI8A.,"['CH1', 'CH2', 'CHZ']",2018-12-30T19:10:10.530000Z,9.4
646,20181230T191037Z,1J.TI8A.,"['CH1', 'CH2', 'CHZ']",2018-12-30T19:10:42.860000Z,6.2
647,20181230T191324Z,1J.TI8A.,"['CH1', 'CH2', 'CHZ']",2018-12-30T19:13:24.390000Z,5.5
648,20181230T191636Z,1J.TI8A.,"['CH1', 'CH2', 'CHZ']",2018-12-30T19:16:36.870000Z,8.47
649,20181230T192402Z,1J.TI8A.,"['CH1', 'CH2', 'CHZ']",2018-12-30T19:24:02.090000Z,6.51
650,20181230T193735Z,1J.TI8A.,"['CH1', 'CH2', 'CHZ']",2018-12-30T19:37:35.910000Z,6.59
651,20181230T193834Z,1J.TI8A.,"['CH1', 'CH2', 'CHZ']",2018-12-30T19:38:34.300000Z,5.52
652,20181230T194517Z,1J.TI8A.,"['CH1', 'CH2', 'CHZ']",2018-12-30T19:45:17.770000Z,7.16
653,20181230T194729Z,1J.TI8A.,"['CH1', 'CH2', 'CHZ']",2018-12-30T19:47:29.640000Z,7.83
654,20181230T194947Z,1J.TI8A.,"['CH1', 'CH2', 'CHZ']",2018-12-30T19:49:47.140000Z,7.83
655,20181230T195015Z,1J.TI8A.,"['CH1', 'CH2', 'CHZ']",2018-12-30T19:50:17.900000Z,7.31
656,20181230T200250Z,1J.TI8A.,"['CH1', 'CH2', 'CHZ']",2018-12-30T20:02:51.440000Z,6.08
657,20181230T200909Z,1J.TI8A.,"['CH1', 'CH2', 'CHZ']",2018-12-30T20:09:09.360000Z,5.09
658,20181230T201516Z,1J.TI8A.,"['CH1', 'CH2', 'CHZ']",2018-12-30T20:15:16.900000Z,8.34
659,20181230T201543Z,1J.TI8A.,"['CH1', 'CH2', 'CHZ']",2018-12-30T20:15:47.280000Z,6.1
660,20181230T202630Z,1J.TI8A.,"['CH1', 'CH2', 'CHZ']",2018-12-30T20:26:30.140000Z,9.08
661,20181230T204238Z,1J.TI8A.,"['CH1', 'CH2', 'CHZ']",2018-12-30T20:42:38.140000Z,6.85
662,20181230T205548Z,1J.TI8A.,"['CH1', 'CH2', 'CHZ']",2018-12-30T20:55:48.410000Z,5.18
663,20181230T205855Z,1J.TI8A.,"['CH1', 'CH2', 'CHZ']",2018-12-30T20:58:55.240000Z,5.28
664,20181230T205938Z,1J.TI8A.,"['CH1', 'CH2', 'CHZ']",2018-12-30T20:59:38.100000Z,7.71
665,20181230T210938Z,1J.TI8A.,"['CH1', 'CH2', 'CHZ']",2018-12-30T21:09:38.970000Z,7.02
666,20181230T211758Z,1J.TI8A.,"['CH1', 'CH2', 'CHZ']",2018-12-30T21:17:58.880000Z,6.0
667,20181230T212058Z,1J.TI8A.,"['CH1', 'CH2', 'CHZ']",2018-12-30T21:20:58.530000Z,7.48
668,20181230T212304Z,1J.TI8A.,"['CH1', 'CH2', 'CHZ']",2018-12-30T21:23:04.710000Z,7.8
669,20181230T212709Z,1J.TI8A.,"['CH1', 'CH2', 'CHZ']",2018-12-30T21:27:09.680000Z,6.06
670,20181230T213526Z,1J.TI8A.,"['CH1', 'CH2', 'CHZ']",2018-12-30T21:35:26.480000Z,7.81
671,20181230T213556Z,1J.TI8A.,"['CH1', 'CH2', 'CHZ']",2018-12-30T21:35:56.150000Z,5.16
672,20181230T215331Z,1J.TI8A.,"['CH1', 'CH2', 'CHZ']",2018-12-30T21:53:31.860000Z,8.64
673,20181230T220407Z,1J.TI8A.,"['CH1', 'CH2', 'CHZ']",2018-12-30T22:04:07.490000Z,6.59
674,20181230T220710Z,1J.TI8A.,"['CH1', 'CH2', 'CHZ']",2018-12-30T22:07:11.850000Z,3.52
675,20181230T221715Z,1J.TI8A.,"['CH1', 'CH2', 'CHZ']",2018-12-30T22:17:15.300000Z,6.41
676,20181230T222636Z,1J.TI8A.,"['CH1', 'CH2', 'CHZ']",2018-12-30T22:26:40.580000Z,4.58
677,20181230T225005Z,1J.TI8A.,"['CH1', 'CH2', 'CHZ']",2018-12-30T22:50:07.450000Z,6.32
678,20181230T225217Z,1J.TI8A.,"['CH1', 'CH2', 'CHZ']",2018-12-30T22:52:17.610000Z,5.01
679,20181230T225756Z,1J.TI8A.,"['CH1', 'CH2', 'CHZ']",2018-12-30T22:57:56.170000Z,7.59
680,20181230T225821Z,1J.TI8A.,"['CH1', 'CH2', 'CHZ']",2018-12-30T22:58:25.570000Z,7.18
681,20181230T231156Z,1J.TI8A.,"['CH1', 'CH2', 'CHZ']",2018-12-30T23:12:01.450000Z,2.32
682,20181230T232226Z,1J.TI8A.,"['CH1', 'CH2', 'CHZ']",2018-12-30T23:22:26.300000Z,5.14
683,20181230T232517Z,1J.TI8A.,"['CH1', 'CH2', 'CHZ']",2018-12-30T23:25:17.500000Z,9.79
684,20181230T233255Z,1J.TI8A.,"['CH1', 'CH2', 'CHZ']",2018-12-30T23:32:55.060000Z,9.21
685,20181230T233324Z,1J.TI8A.,"['CH1', 'CH2', 'CHZ']",2018-12-30T23:33:24.700000Z,5.4
686,20181230T001956Z,1J.TI6A.,"['CH1', 'CH2', 'CHZ']",2018-12-30T00:20:06.830000Z,2.28
687,20181230T002831Z,1J.TI6A.,"['CH1', 'CH2', 'CHZ']",2018-12-30T00:28:34.960000Z,2.93
688,20181230T002918Z,1J.TI6A.,"['CH1', 'CH2', 'CHZ']",2018-12-30T00:29:20.530000Z,3.23
689,20181230T003356Z,1J.TI6A.,"['CH1', 'CH2', 'CHZ']",2018-12-30T00:33:56.340000Z,5.63
690,20181230T003801Z,1J.TI6A.,"['CH1', 'CH2', 'CHZ']",2018-12-30T00:38:03.500000Z,6.99
691,20181230T003829Z,1J.TI6A.,"['CH1', 'CH2', 'CHZ']",2018-12-30T00:38:31.580000Z,6.05
692,20181230T004335Z,1J.TI6A.,"['CH1', 'CH2', 'CHZ']",2018-12-30T00:43:36.510000Z,6.56
693,20181230T004828Z,1J.TI6A.,"['CH1', 'CH2', 'CHZ']",2018-12-30T00:48:30.910000Z,2.58
694,20181230T005217Z,1J.TI6A.,"['CH1', 'CH2', 'CHZ']",2018-12-30T00:52:18.480000Z,6.72
695,20181230T005244Z,1J.TI6A.,"['CH1', 'CH2', 'CHZ']",2018-12-30T00:52:46.010000Z,5.94
696,20181230T005826Z,1J.TI6A.,"['CH1', 'CH2', 'CHZ']",2018-12-30T00:58:26.610000Z,8.06
697,20181230T005853Z,1J.TI6A.,"['CH1', 'CH2', 'CHZ']",2018-12-30T00:58:55.330000Z,6.12
698,20181230T010134Z,1J.TI6A.,"['CH1', 'CH2', 'CHZ']",2018-12-30T01:01:37.000000Z,2.9
699,20181230T010833Z,1J.TI6A.,"['CH1', 'CH2', 'CHZ']",2018-12-30T01:08:33.000000Z,6.39
700,20181230T010915Z,1J.TI6A.,"['CH1', 'CH2', 'CHZ']",2018-12-30T01:09:21.120000Z,0.89
701,20181230T011226Z,1J.TI6A.,"['CH1', 'CH2', 'CHZ']",2018-12-30T01:12:26.640000Z,5.28
702,20181230T011811Z,1J.TI6A.,"['CH1', 'CH2', 'CHZ']",2018-12-30T01:18:11.760000Z,8.78
703,20181230T012142Z,1J.TI6A.,"['CH1', 'CH2', 'CHZ']",2018-12-30T01:21:44.080000Z,4.0
704,20181230T013448Z,1J.TI6A.,"['CH1', 'CH2', 'CHZ']",2018-12-30T01:34:50.120000Z,4.97
705,20181230T014055Z,1J.TI6A.,"['CH1', 'CH2', 'CHZ']",2018-12-30T01:40:55.820000Z,5.32
706,20181230T014259Z,1J.TI6A.,"['CH1', 'CH2', 'CHZ']",2018-12-30T01:43:00.980000Z,5.45
707,20181230T014730Z,1J.TI6A.,"['CH1', 'CH2', 'CHZ']",2018-12-30T01:47:30.710000Z,8.87
708,20181230T015411Z,1J.TI6A.,"['CH1', 'CH2', 'CHZ']",2018-12-30T01:54:12.970000Z,4.38
709,20181230T021449Z,1J.TI6A.,"['CH1', 'CH2', 'CHZ']",2018-12-30T02:14:59.240000Z,4.04
710,20181230T022003Z,1J.TI6A.,"['CH1', 'CH2', 'CHZ']",2018-12-30T02:20:06.390000Z,1.92
711,20181230T022330Z,1J.TI6A.,"['CH1', 'CH2', 'CHZ']",2018-12-30T02:23:33.500000Z,6.45
712,20181230T031058Z,1J.TI6A.,"['CH1', 'CH2', 'CHZ']",2018-12-30T03:11:01.610000Z,4.37
713,20181230T033311Z,1J.TI6A.,"['CH1', 'CH2', 'CHZ']",2018-12-30T03:33:13.370000Z,5.74
714,20181230T035305Z,1J.TI6A.,"['CH1', 'CH2', 'CHZ']",2018-12-30T03:53:17.120000Z,1.14
715,20181230T041923Z,1J.TI6A.,"['CH1', 'CH2', 'CHZ']",2018-12-30T04:19:25.790000Z,6.85
716,20181230T043557Z,1J.TI6A.,"['CH1', 'CH2', 'CHZ']",2018-12-30T04:36:01.180000Z,2.03
717,20181230T043625Z,1J.TI6A.,"['CH1', 'CH2', 'CHZ']",2018-12-30T04:36:29.500000Z,3.92
718,20181230T044552Z,1J.TI6A.,"['CH1', 'CH2', 'CHZ']",2018-12-30T04:46:00.340000Z,3.12
719,20181230T044618Z,1J.TI6A.,"['CH1', 'CH2', 'CHZ']",2018-12-30T04:46:28.510000Z,1.99
720,20181230T045304Z,1J.TI6A.,"['CH1', 'CH2', 'CHZ']",2018-12-30T04:53:05.720000Z,6.69
721,20181230T050544Z,1J.TI6A.,"['CH1', 'CH2', 'CHZ']",2018-12-30T05:05:49.560000Z,1.9
722,20181230T051322Z,1J.TI6A.,"['CH1', 'CH2', 'CHZ']",2018-12-30T05:13:22.110000Z,5.57
723,20181230T051421Z,1J.TI6A.,"['CH1', 'CH2', 'CHZ']",2018-12-30T05:14:22.860000Z,4.98
724,20181230T051643Z,1J.TI6A.,"['CH1', 'CH2', 'CHZ']",2018-12-30T05:16:43.940000Z,7.51
725,20181230T051826Z,1J.TI6A.,"['CH1', 'CH2', 'CHZ']",2018-12-30T05:18:26.050000Z,7.34
726,20181230T052300Z,1J.TI6A.,"['CH1', 'CH2', 'CHZ']",2018-12-30T05:23:00.530000Z,10.08
727,20181230T052828Z,1J.TI6A.,"['CH1', 'CH2', 'CHZ']",2018-12-30T05:28:28.870000Z,8.14
728,20181230T053257Z,1J.TI6A.,"['CH1', 'CH2', 'CHZ']",2018-12-30T05:32:57.680000Z,7.3
729,20181230T053534Z,1J.TI6A.,"['CH1', 'CH2', 'CHZ']",2018-12-30T05:35:34.800000Z,6.88
730,20181230T053626Z,1J.TI6A.,"['CH1', 'CH2', 'CHZ']",2018-12-30T05:36:26.790000Z,5.57
731,20181230T054356Z,1J.TI6A.,"['CH1', 'CH2', 'CHZ']",2018-12-30T05:43:57.790000Z,6.05
732,20181230T054549Z,1J.TI6A.,"['CH1', 'CH2', 'CHZ']",2018-12-30T05:45:49.040000Z,17.62
733,20181230T054646Z,1J.TI6A.,"['CH1', 'CH2', 'CHZ']",2018-12-30T05:46:46.610000Z,7.17
734,20181230T054810Z,1J.TI6A.,"['CH1', 'CH2', 'CHZ']",2018-12-30T05:48:14.320000Z,6.85
735,20181230T055153Z,1J.TI6A.,"['CH1', 'CH2', 'CHZ']",2018-12-30T05:51:53.610000Z,2.04
736,20181230T055313Z,1J.TI6A.,"['CH1', 'CH2', 'CHZ']",2018-12-30T05:53:15.010000Z,5.31
737,20181230T055743Z,1J.TI6A.,"['CH1', 'CH2', 'CHZ']",2018-12-30T05:57:43.650000Z,6.49
738,20181230T055823Z,1J.TI6A.,"['CH1', 'CH2', 'CHZ']",2018-12-30T05:58:26.190000Z,2.03
739,20181230T060123Z,1J.TI6A.,"['CH1', 'CH2', 'CHZ']",2018-12-30T06:01:24.190000Z,6.79
740,20181230T060240Z,1J.TI6A.,"['CH1', 'CH2', 'CHZ']",2018-12-30T06:02:41.050000Z,7.16
741,20181230T060307Z,1J.TI6A.,"['CH1', 'CH2', 'CHZ']",2018-12-30T06:03:08.620000Z,6.98
742,20181230T060549Z,1J.TI6A.,"['CH1', 'CH2', 'CHZ']",2018-12-30T06:05:52.150000Z,3.99
743,20181230T060638Z,1J.TI6A.,"['CH1', 'CH2', 'CHZ']",2018-12-30T06:06:38.220000Z,9.05
744,20181230T060842Z,1J.TI6A.,"['CH1', 'CH2', 'CHZ']",2018-12-30T06:08:43.500000Z,5.36
745,20181230T061001Z,1J.TI6A.,"['CH1', 'CH2', 'CHZ']",2018-12-30T06:10:06.860000Z,6.72
746,20181230T061048Z,1J.TI6A.,"['CH1', 'CH2', 'CHZ']",2018-12-30T06:10:48.890000Z,7.19
747,20181230T061958Z,1J.TI6A.,"['CH1', 'CH2', 'CHZ']",2018-12-30T06:20:00.990000Z,9.34
748,20181230T062200Z,1J.TI6A.,"['CH1', 'CH2', 'CHZ']",2018-12-30T06:22:00.460000Z,6.38
749,20181230T062217Z,1J.TI6A.,"['CH1', 'CH2', 'CHZ']",2018-12-30T06:22:17.290000Z,6.1
750,20181230T062428Z,1J.TI6A.,"['CH1', 'CH2', 'CHZ']",2018-12-30T06:24:28.490000Z,6.44
751,20181230T062707Z,1J.TI6A.,"['CH1', 'CH2', 'CHZ']",2018-12-30T06:27:09.320000Z,3.64
752,20181230T063159Z,1J.TI6A.,"['CH1', 'CH2', 'CHZ']",2018-12-30T06:31:59.050000Z,9.42
753,20181230T063359Z,1J.TI6A.,"['CH1', 'CH2', 'CHZ']",2018-12-30T06:33:59.160000Z,6.68
754,20181230T064109Z,1J.TI6A.,"['CH1', 'CH2', 'CHZ']",2018-12-30T06:41:09.720000Z,8.27
755,20181230T064234Z,1J.TI6A.,"['CH1', 'CH2', 'CHZ']",2018-12-30T06:42:34.450000Z,7.47
756,20181230T064554Z,1J.TI6A.,"['CH1', 'CH2', 'CHZ']",2018-12-30T06:45:56.590000Z,7.17
757,20181230T064623Z,1J.TI6A.,"['CH1', 'CH2', 'CHZ']",2018-12-30T06:46:25.510000Z,5.3
758,20181230T064952Z,1J.TI6A.,"['CH1', 'CH2', 'CHZ']",2018-12-30T06:49:56.100000Z,2.89
759,20181230T065412Z,1J.TI6A.,"['CH1', 'CH2', 'CHZ']",2018-12-30T06:54:17.290000Z,6.46
760,20181230T065756Z,1J.TI6A.,"['CH1', 'CH2', 'CHZ']",2018-12-30T06:57:57.550000Z,5.21
761,20181230T070158Z,1J.TI6A.,"['CH1', 'CH2', 'CHZ']",2018-12-30T07:02:01.110000Z,1.93
762,20181230T070402Z,1J.TI6A.,"['CH1', 'CH2', 'CHZ']",2018-12-30T07:04:02.990000Z,2.0
763,20181230T070757Z,1J.TI6A.,"['CH1', 'CH2', 'CHZ']",2018-12-30T07:08:11.000000Z,15.63
764,20181230T070920Z,1J.TI6A.,"['CH1', 'CH2', 'CHZ']",2018-12-30T07:09:22.350000Z,4.32
765,20181230T071239Z,1J.TI6A.,"['CH1', 'CH2', 'CHZ']",2018-12-30T07:12:41.620000Z,5.03
766,20181230T071306Z,1J.TI6A.,"['CH1', 'CH2', 'CHZ']",2018-12-30T07:13:06.660000Z,8.45
767,20181230T071453Z,1J.TI6A.,"['CH1', 'CH2', 'CHZ']",2018-12-30T07:14:55.790000Z,4.78
768,20181230T071640Z,1J.TI6A.,"['CH1', 'CH2', 'CHZ']",2018-12-30T07:16:44.280000Z,3.2
769,20181230T072621Z,1J.TI6A.,"['CH1', 'CH2', 'CHZ']",2018-12-30T07:26:21.950000Z,6.55
770,20181230T073119Z,1J.TI6A.,"['CH1', 'CH2', 'CHZ']",2018-12-30T07:31:21.980000Z,6.28
771,20181230T073153Z,1J.TI6A.,"['CH1', 'CH2', 'CHZ']",2018-12-30T07:31:53.720000Z,7.69
772,20181230T073725Z,1J.TI6A.,"['CH1', 'CH2', 'CHZ']",2018-12-30T07:37:25.310000Z,7.38
773,20181230T073818Z,1J.TI6A.,"['CH1', 'CH2', 'CHZ']",2018-12-30T07:38:19.990000Z,5.5
774,20181230T073901Z,1J.TI6A.,"['CH1', 'CH2', 'CHZ']",2018-12-30T07:39:01.740000Z,6.24
775,20181230T074223Z,1J.TI6A.,"['CH1', 'CH2', 'CHZ']",2018-12-30T07:42:24.820000Z,5.35
776,20181230T074505Z,1J.TI6A.,"['CH1', 'CH2', 'CHZ']",2018-12-30T07:45:09.220000Z,2.93
777,20181230T074546Z,1J.TI6A.,"['CH1', 'CH2', 'CHZ']",2018-12-30T07:45:46.810000Z,5.35
778,20181230T074715Z,1J.TI6A.,"['CH1', 'CH2', 'CHZ']",2018-12-30T07:47:20.080000Z,2.04
779,20181230T075000Z,1J.TI6A.,"['CH1', 'CH2', 'CHZ']",2018-12-30T07:50:01.840000Z,7.18
780,20181230T075109Z,1J.TI6A.,"['CH1', 'CH2', 'CHZ']",2018-12-30T07:51:09.970000Z,2.96
781,20181230T075124Z,1J.TI6A.,"['CH1', 'CH2', 'CHZ']",2018-12-30T07:51:24.560000Z,4.76
782,20181230T075136Z,1J.TI6A.,"['CH1', 'CH2', 'CHZ']",2018-12-30T07:51:38.800000Z,2.72
783,20181230T075717Z,1J.TI6A.,"['CH1', 'CH2', 'CHZ']",2018-12-30T07:57:17.060000Z,7.59
784,20181230T075814Z,1J.TI6A.,"['CH1', 'CH2', 'CHZ']",2018-12-30T07:58:14.750000Z,6.46
785,20181230T080140Z,1J.TI6A.,"['CH1', 'CH2', 'CHZ']",2018-12-30T08:01:42.160000Z,2.17
786,20181230T080228Z,1J.TI6A.,"['CH1', 'CH2', 'CHZ']",2018-12-30T08:02:29.400000Z,8.01
787,20181230T080255Z,1J.TI6A.,"['CH1', 'CH2', 'CHZ']",2018-12-30T08:02:57.170000Z,5.72
788,20181230T080510Z,1J.TI6A.,"['CH1', 'CH2', 'CHZ']",2018-12-30T08:05:10.170000Z,7.18
789,20181230T080531Z,1J.TI6A.,"['CH1', 'CH2', 'CHZ']",2018-12-30T08:05:34.160000Z,2.86
790,20181230T080912Z,1J.TI6A.,"['CH1', 'CH2', 'CHZ']",2018-12-30T08:09:16.030000Z,11.77
791,20181230T081541Z,1J.TI6A.,"['CH1', 'CH2', 'CHZ']",2018-12-30T08:15:43.350000Z,6.65
792,20181230T081939Z,1J.TI6A.,"['CH1', 'CH2', 'CHZ']",2018-12-30T08:19:40.120000Z,2.03
793,20181230T082145Z,1J.TI6A.,"['CH1', 'CH2', 'CHZ']",2018-12-30T08:21:45.370000Z,2.49
794,20181230T082652Z,1J.TI6A.,"['CH1', 'CH2', 'CHZ']",2018-12-30T08:26:52.270000Z,8.96
795,20181230T083203Z,1J.TI6A.,"['CH1', 'CH2', 'CHZ']",2018-12-30T08:32:03.530000Z,6.26
796,20181230T083355Z,1J.TI6A.,"['CH1', 'CH2', 'CHZ']",2018-12-30T08:33:58.550000Z,2.45
797,20181230T083514Z,1J.TI6A.,"['CH1', 'CH2', 'CHZ']",2018-12-30T08:35:14.230000Z,5.67
798,20181230T083605Z,1J.TI6A.,"['CH1', 'CH2', 'CHZ']",2018-12-30T08:36:05.270000Z,7.66
799,20181230T084416Z,1J.TI6A.,"['CH1', 'CH2', 'CHZ']",2018-12-30T08:44:17.470000Z,6.82
800,20181230T084906Z,1J.TI6A.,"['CH1', 'CH2', 'CHZ']",2018-12-30T08:49:07.560000Z,7.95
801,20181230T084933Z,1J.TI6A.,"['CH1', 'CH2', 'CHZ']",2018-12-30T08:49:34.670000Z,8.32
802,20181230T085343Z,1J.TI6A.,"['CH1', 'CH2', 'CHZ']",2018-12-30T08:53:43.670000Z,7.67
803,20181230T085659Z,1J.TI6A.,"['CH1', 'CH2', 'CHZ']",2018-12-30T08:56:59.100000Z,6.72
804,20181230T090908Z,1J.TI6A.,"['CH1', 'CH2', 'CHZ']",2018-12-30T09:09:08.200000Z,6.84
805,20181230T090930Z,1J.TI6A.,"['CH1', 'CH2', 'CHZ']",2018-12-30T09:09:32.290000Z,4.41
806,20181230T091041Z,1J.TI6A.,"['CH1', 'CH2', 'CHZ']",2018-12-30T09:10:42.010000Z,8.0
807,20181230T091411Z,1J.TI6A.,"['CH1', 'CH2', 'CHZ']",2018-12-30T09:14:13.890000Z,3.65
808,20181230T091620Z,1J.TI6A.,"['CH1', 'CH2', 'CHZ']",2018-12-30T09:16:20.740000Z,6.68
809,20181230T091753Z,1J.TI6A.,"['CH1', 'CH2', 'CHZ']",2018-12-30T09:17:54.400000Z,5.63
810,20181230T092202Z,1J.TI6A.,"['CH1', 'CH2', 'CHZ']",2018-12-30T09:22:02.240000Z,6.35
811,20181230T092347Z,1J.TI6A.,"['CH1', 'CH2', 'CHZ']",2018-12-30T09:23:50.820000Z,7.14
812,20181230T092614Z,1J.TI6A.,"['CH1', 'CH2', 'CHZ']",2018-12-30T09:26:15.710000Z,5.7
813,20181230T093315Z,1J.TI6A.,"['CH1', 'CH2', 'CHZ']",2018-12-30T09:33:15.370000Z,2.46
814,20181230T093500Z,1J.TI6A.,"['CH1', 'CH2', 'CHZ']",2018-12-30T09:35:01.620000Z,7.07
815,20181230T093540Z,1J.TI6A.,"['CH1', 'CH2', 'CHZ']",2018-12-30T09:35:42.730000Z,9.53
816,20181230T093802Z,1J.TI6A.,"['CH1', 'CH2', 'CHZ']",2018-12-30T09:38:04.830000Z,4.43
817,20181230T093844Z,1J.TI6A.,"['CH1', 'CH2', 'CHZ']",2018-12-30T09:38:49.710000Z,3.68
818,20181230T094458Z,1J.TI6A.,"['CH1', 'CH2', 'CHZ']",2018-12-30T09:44:58.960000Z,7.25
819,20181230T094737Z,1J.TI6A.,"['CH1', 'CH2', 'CHZ']",2018-12-30T09:47:38.890000Z,4.79
820,20181230T095040Z,1J.TI6A.,"['CH1', 'CH2', 'CHZ']",2018-12-30T09:50:45.580000Z,6.14
821,20181230T095609Z,1J.TI6A.,"['CH1', 'CH2', 'CHZ']",2018-12-30T09:56:09.060000Z,9.92
822,20181230T095956Z,1J.TI6A.,"['CH1', 'CH2', 'CHZ']",2018-12-30T10:00:01.180000Z,2.11
823,20181230T100224Z,1J.TI6A.,"['CH1', 'CH2', 'CHZ']",2018-12-30T10:02:26.420000Z,4.12
824,20181230T100326Z,1J.TI6A.,"['CH1', 'CH2', 'CHZ']",2018-12-30T10:03:32.580000Z,2.02
825,20181230T100538Z,1J.TI6A.,"['CH1', 'CH2', 'CHZ']",2018-12-30T10:05:38.350000Z,9.45
826,20181230T100805Z,1J.TI6A.,"['CH1', 'CH2', 'CHZ']",2018-12-30T10:08:05.990000Z,5.55
827,20181230T100855Z,1J.TI6A.,"['CH1', 'CH2', 'CHZ']",2018-12-30T10:08:55.250000Z,6.34
828,20181230T100929Z,1J.TI6A.,"['CH1', 'CH2', 'CHZ']",2018-12-30T10:09:29.700000Z,7.58
829,20181230T101106Z,1J.TI6A.,"['CH1', 'CH2', 'CHZ']",2018-12-30T10:11:08.000000Z,5.68
830,20181230T101823Z,1J.TI6A.,"['CH1', 'CH2', 'CHZ']",2018-12-30T10:18:23.280000Z,8.65
831,20181230T101912Z,1J.TI6A.,"['CH1', 'CH2', 'CHZ']",2018-12-30T10:19:12.740000Z,3.77
832,20181230T102054Z,1J.TI6A.,"['CH1', 'CH2', 'CHZ']",2018-12-30T10:20:55.960000Z,5.66
833,20181230T102116Z,1J.TI6A.,"['CH1', 'CH2', 'CHZ']",2018-12-30T10:21:17.760000Z,4.78
834,20181230T102251Z,1J.TI6A.,"['CH1', 'CH2', 'CHZ']",2018-12-30T10:22:52.270000Z,8.41
835,20181230T102319Z,1J.TI6A.,"['CH1', 'CH2', 'CHZ']",2018-12-30T10:23:21.850000Z,6.73
836,20181230T102458Z,1J.TI6A.,"['CH1', 'CH2', 'CHZ']",2018-12-30T10:24:59.870000Z,4.92
837,20181230T103347Z,1J.TI6A.,"['CH1', 'CH2', 'CHZ']",2018-12-30T10:33:47.830000Z,7.64
838,20181230T103936Z,1J.TI6A.,"['CH1', 'CH2', 'CHZ']",2018-12-30T10:39:37.770000Z,5.51
839,20181230T104124Z,1J.TI6A.,"['CH1', 'CH2', 'CHZ']",2018-12-30T10:41:26.090000Z,7.3
840,20181230T104152Z,1J.TI6A.,"['CH1', 'CH2', 'CHZ']",2018-12-30T10:41:54.870000Z,6.61
841,20181230T104634Z,1J.TI6A.,"['CH1', 'CH2', 'CHZ']",2018-12-30T10:46:34.790000Z,7.67
842,20181230T104716Z,1J.TI6A.,"['CH1', 'CH2', 'CHZ']",2018-12-30T10:47:16.530000Z,7.29
843,20181230T105026Z,1J.TI6A.,"['CH1', 'CH2', 'CHZ']",2018-12-30T10:50:26.600000Z,2.02
844,20181230T105132Z,1J.TI6A.,"['CH1', 'CH2', 'CHZ']",2018-12-30T10:51:32.090000Z,9.39
845,20181230T105459Z,1J.TI6A.,"['CH1', 'CH2', 'CHZ']",2018-12-30T10:55:01.870000Z,2.51
846,20181230T105600Z,1J.TI6A.,"['CH1', 'CH2', 'CHZ']",2018-12-30T10:56:03.790000Z,8.49
847,20181230T110004Z,1J.TI6A.,"['CH1', 'CH2', 'CHZ']",2018-12-30T11:00:07.630000Z,3.32
848,20181230T110204Z,1J.TI6A.,"['CH1', 'CH2', 'CHZ']",2018-12-30T11:02:06.220000Z,2.8
849,20181230T110447Z,1J.TI6A.,"['CH1', 'CH2', 'CHZ']",2018-12-30T11:04:47.030000Z,2.03
850,20181230T111306Z,1J.TI6A.,"['CH1', 'CH2', 'CHZ']",2018-12-30T11:13:06.770000Z,5.92
851,20181230T112123Z,1J.TI6A.,"['CH1', 'CH2', 'CHZ']",2018-12-30T11:21:24.600000Z,7.73
852,20181230T112514Z,1J.TI6A.,"['CH1', 'CH2', 'CHZ']",2018-12-30T11:25:23.120000Z,3.99
853,20181230T112556Z,1J.TI6A.,"['CH1', 'CH2', 'CHZ']",2018-12-30T11:25:56.490000Z,4.55
854,20181230T113308Z,1J.TI6A.,"['CH1', 'CH2', 'CHZ']",2018-12-30T11:33:11.190000Z,4.46
855,20181230T113907Z,1J.TI6A.,"['CH1', 'CH2', 'CHZ']",2018-12-30T11:39:09.810000Z,3.96
856,20181230T114542Z,1J.TI6A.,"['CH1', 'CH2', 'CHZ']",2018-12-30T11:45:42.400000Z,8.16
857,20181230T114937Z,1J.TI6A.,"['CH1', 'CH2', 'CHZ']",2018-12-30T11:49:38.340000Z,8.09
858,20181230T115019Z,1J.TI6A.,"['CH1', 'CH2', 'CHZ']",2018-12-30T11:50:22.320000Z,4.25
859,20181230T115141Z,1J.TI6A.,"['CH1', 'CH2', 'CHZ']",2018-12-30T11:51:42.470000Z,6.03
860,20181230T115302Z,1J.TI6A.,"['CH1', 'CH2', 'CHZ']",2018-12-30T11:53:04.510000Z,8.07
861,20181230T115330Z,1J.TI6A.,"['CH1', 'CH2', 'CHZ']",2018-12-30T11:53:31.160000Z,7.39
862,20181230T120025Z,1J.TI6A.,"['CH1', 'CH2', 'CHZ']",2018-12-30T12:00:29.400000Z,4.63
863,20181230T120829Z,1J.TI6A.,"['CH1', 'CH2', 'CHZ']",2018-12-30T12:08:29.930000Z,7.53
864,20181230T121038Z,1J.TI6A.,"['CH1', 'CH2', 'CHZ']",2018-12-30T12:10:40.730000Z,4.92
865,20181230T121545Z,1J.TI6A.,"['CH1', 'CH2', 'CHZ']",2018-12-30T12:15:49.090000Z,2.83
866,20181230T121849Z,1J.TI6A.,"['CH1', 'CH2', 'CHZ']",2018-12-30T12:18:49.840000Z,5.29
867,20181230T122055Z,1J.TI6A.,"['CH1', 'CH2', 'CHZ']",2018-12-30T12:20:55.640000Z,2.43
868,20181230T122214Z,1J.TI6A.,"['CH1', 'CH2', 'CHZ']",2018-12-30T12:22:15.620000Z,5.36
869,20181230T122359Z,1J.TI6A.,"['CH1', 'CH2', 'CHZ']",2018-12-30T12:24:02.810000Z,5.95
870,20181230T122429Z,1J.TI6A.,"['CH1', 'CH2', 'CHZ']",2018-12-30T12:24:30.690000Z,6.66
871,20181230T122647Z,1J.TI6A.,"['CH1', 'CH2', 'CHZ']",2018-12-30T12:26:50.390000Z,3.11
872,20181230T122823Z,1J.TI6A.,"['CH1', 'CH2', 'CHZ']",2018-12-30T12:28:24.610000Z,8.79
873,20181230T122959Z,1J.TI6A.,"['CH1', 'CH2', 'CHZ']",2018-12-30T12:29:59.440000Z,8.55
874,20181230T123226Z,1J.TI6A.,"['CH1', 'CH2', 'CHZ']",2018-12-30T12:32:27.510000Z,5.26
875,20181230T123253Z,1J.TI6A.,"['CH1', 'CH2', 'CHZ']",2018-12-30T12:32:55.400000Z,5.76
876,20181230T123641Z,1J.TI6A.,"['CH1', 'CH2', 'CHZ']",2018-12-30T12:36:43.010000Z,4.93
877,20181230T123828Z,1J.TI6A.,"['CH1', 'CH2', 'CHZ']",2018-12-30T12:38:29.580000Z,5.21
878,20181230T124041Z,1J.TI6A.,"['CH1', 'CH2', 'CHZ']",2018-12-30T12:40:42.230000Z,8.18
879,20181230T124832Z,1J.TI6A.,"['CH1', 'CH2', 'CHZ']",2018-12-30T12:48:35.780000Z,8.48
880,20181230T125327Z,1J.TI6A.,"['CH1', 'CH2', 'CHZ']",2018-12-30T12:53:28.060000Z,7.05
881,20181230T125755Z,1J.TI6A.,"['CH1', 'CH2', 'CHZ']",2018-12-30T12:57:55.810000Z,7.69
882,20181230T125946Z,1J.TI6A.,"['CH1', 'CH2', 'CHZ']",2018-12-30T12:59:49.210000Z,1.92
883,20181230T130007Z,1J.TI6A.,"['CH1', 'CH2', 'CHZ']",2018-12-30T13:00:07.820000Z,3.36
884,20181230T130246Z,1J.TI6A.,"['CH1', 'CH2', 'CHZ']",2018-12-30T13:02:47.430000Z,5.49
885,20181230T130615Z,1J.TI6A.,"['CH1', 'CH2', 'CHZ']",2018-12-30T13:06:15.890000Z,6.37
886,20181230T130851Z,1J.TI6A.,"['CH1', 'CH2', 'CHZ']",2018-12-30T13:08:53.880000Z,4.47
887,20181230T131614Z,1J.TI6A.,"['CH1', 'CH2', 'CHZ']",2018-12-30T13:16:17.610000Z,1.85
888,20181230T131632Z,1J.TI6A.,"['CH1', 'CH2', 'CHZ']",2018-12-30T13:16:35.700000Z,3.34
889,20181230T132252Z,1J.TI6A.,"['CH1', 'CH2', 'CHZ']",2018-12-30T13:22:52.310000Z,2.4
890,20181230T132347Z,1J.TI6A.,"['CH1', 'CH2', 'CHZ']",2018-12-30T13:23:47.970000Z,6.25
891,20181230T132614Z,1J.TI6A.,"['CH1', 'CH2', 'CHZ']",2018-12-30T13:26:14.490000Z,5.87
892,20181230T133021Z,1J.TI6A.,"['CH1', 'CH2', 'CHZ']",2018-12-30T13:30:23.070000Z,4.31
893,20181230T133616Z,1J.TI6A.,"['CH1', 'CH2', 'CHZ']",2018-12-30T13:36:16.050000Z,6.24
894,20181230T134800Z,1J.TI6A.,"['CH1', 'CH2', 'CHZ']",2018-12-30T13:48:03.680000Z,3.25
895,20181230T134925Z,1J.TI6A.,"['CH1', 'CH2', 'CHZ']",2018-12-30T13:49:25.060000Z,7.42
896,20181230T135221Z,1J.TI6A.,"['CH1', 'CH2', 'CHZ']",2018-12-30T13:52:21.950000Z,3.98
897,20181230T135248Z,1J.TI6A.,"['CH1', 'CH2', 'CHZ']",2018-12-30T13:52:50.520000Z,4.92
898,20181230T135534Z,1J.TI6A.,"['CH1', 'CH2', 'CHZ']",2018-12-30T13:55:37.000000Z,2.82
899,20181230T135603Z,1J.TI6A.,"['CH1', 'CH2', 'CHZ']",2018-12-30T13:56:03.180000Z,6.18
900,20181230T135955Z,1J.TI6A.,"['CH1', 'CH2', 'CHZ']",2018-12-30T13:59:55.700000Z,9.01
901,20181230T140229Z,1J.TI6A.,"['CH1', 'CH2', 'CHZ']",2018-12-30T14:02:29.990000Z,4.47
902,20181230T140333Z,1J.TI6A.,"['CH1', 'CH2', 'CHZ']",2018-12-30T14:03:34.320000Z,3.5
903,20181230T140958Z,1J.TI6A.,"['CH1', 'CH2', 'CHZ']",2018-12-30T14:09:58.460000Z,5.06
904,20181230T141056Z,1J.TI6A.,"['CH1', 'CH2', 'CHZ']",2018-12-30T14:10:59.970000Z,3.13
905,20181230T142330Z,1J.TI6A.,"['CH1', 'CH2', 'CHZ']",2018-12-30T14:23:30.760000Z,8.8
906,20181230T142356Z,1J.TI6A.,"['CH1', 'CH2', 'CHZ']",2018-12-30T14:23:57.720000Z,5.91
907,20181230T142711Z,1J.TI6A.,"['CH1', 'CH2', 'CHZ']",2018-12-30T14:27:11.640000Z,9.82
908,20181230T143723Z,1J.TI6A.,"['CH1', 'CH2', 'CHZ']",2018-12-30T14:37:23.130000Z,4.78
909,20181230T144223Z,1J.TI6A.,"['CH1', 'CH2', 'CHZ']",2018-12-30T14:42:23.150000Z,8.7
910,20181230T144653Z,1J.TI6A.,"['CH1', 'CH2', 'CHZ']",2018-12-30T14:46:53.410000Z,4.56
911,20181230T145336Z,1J.TI6A.,"['CH1', 'CH2', 'CHZ']",2018-12-30T14:53:40.260000Z,3.29
912,20181230T145501Z,1J.TI6A.,"['CH1', 'CH2', 'CHZ']",2018-12-30T14:55:03.600000Z,4.05
913,20181230T145917Z,1J.TI6A.,"['CH1', 'CH2', 'CHZ']",2018-12-30T14:59:17.210000Z,3.3
914,20181230T145942Z,1J.TI6A.,"['CH1', 'CH2', 'CHZ']",2018-12-30T14:59:43.390000Z,6.44
915,20181230T151112Z,1J.TI6A.,"['CH1', 'CH2', 'CHZ']",2018-12-30T15:11:16.310000Z,1.79
916,20181230T151455Z,1J.TI6A.,"['CH1', 'CH2', 'CHZ']",2018-12-30T15:14:55.830000Z,4.98
917,20181230T151826Z,1J.TI6A.,"['CH1', 'CH2', 'CHZ']",2018-12-30T15:18:30.410000Z,4.57
918,20181230T151848Z,1J.TI6A.,"['CH1', 'CH2', 'CHZ']",2018-12-30T15:18:48.820000Z,3.0
919,20181230T151914Z,1J.TI6A.,"['CH1', 'CH2', 'CHZ']",2018-12-30T15:19:16.230000Z,5.37
920,20181230T152328Z,1J.TI6A.,"['CH1', 'CH2', 'CHZ']",2018-12-30T15:23:28.210000Z,7.58
921,20181230T154149Z,1J.TI6A.,"['CH1', 'CH2', 'CHZ']",2018-12-30T15:41:49.140000Z,6.0
922,20181230T154216Z,1J.TI6A.,"['CH1', 'CH2', 'CHZ']",2018-12-30T15:42:17.150000Z,6.11
923,20181230T154611Z,1J.TI6A.,"['CH1', 'CH2', 'CHZ']",2018-12-30T15:46:12.260000Z,4.87
924,20181230T155510Z,1J.TI6A.,"['CH1', 'CH2', 'CHZ']",2018-12-30T15:55:10.010000Z,4.19
925,20181230T160233Z,1J.TI6A.,"['CH1', 'CH2', 'CHZ']",2018-12-30T16:02:33.400000Z,4.83
926,20181230T161349Z,1J.TI6A.,"['CH1', 'CH2', 'CHZ']",2018-12-30T16:13:51.910000Z,2.34
927,20181230T161607Z,1J.TI6A.,"['CH1', 'CH2', 'CHZ']",2018-12-30T16:16:08.810000Z,1.96
928,20181230T161633Z,1J.TI6A.,"['CH1', 'CH2', 'CHZ']",2018-12-30T16:16:34.990000Z,5.37
929,20181230T162241Z,1J.TI6A.,"['CH1', 'CH2', 'CHZ']",2018-12-30T16:22:48.730000Z,2.07
930,20181230T162548Z,1J.TI6A.,"['CH1', 'CH2', 'CHZ']",2018-12-30T16:25:50.620000Z,4.39
931,20181230T164240Z,1J.TI6A.,"['CH1', 'CH2', 'CHZ']",2018-12-30T16:42:42.970000Z,5.38
932,20181230T173559Z,1J.TI6A.,"['CH1', 'CH2', 'CHZ']",2018-12-30T17:36:00.230000Z,5.1
933,20181230T174233Z,1J.TI6A.,"['CH1', 'CH2', 'CHZ']",2018-12-30T17:42:33.180000Z,2.13
934,20181230T181419Z,1J.TI6A.,"['CH1', 'CH2', 'CHZ']",2018-12-30T18:14:33.530000Z,2.74
935,20181230T182012Z,1J.TI6A.,"['CH1', 'CH2', 'CHZ']",2018-12-30T18:20:14.890000Z,3.93
936,20181230T182155Z,1J.TI6A.,"['CH1', 'CH2', 'CHZ']",2018-12-30T18:21:56.520000Z,4.47
937,20181230T185410Z,1J.TI6A.,"['CH1', 'CH2', 'CHZ']",2018-12-30T18:54:11.960000Z,3.82
938,20181230T191037Z,1J.TI6A.,"['CH1', 'CH2', 'CHZ']",2018-12-30T19:10:39.650000Z,5.82
939,20181230T191636Z,1J.TI6A.,"['CH1', 'CH2', 'CHZ']",2018-12-30T19:16:38.410000Z,4.84
940,20181230T195015Z,1J.TI6A.,"['CH1', 'CH2', 'CHZ']",2018-12-30T19:50:16.080000Z,5.86
941,20181230T201516Z,1J.TI6A.,"['CH1', 'CH2', 'CHZ']",2018-12-30T20:15:17.780000Z,4.26
942,20181230T201543Z,1J.TI6A.,"['CH1', 'CH2', 'CHZ']",2018-12-30T20:15:44.800000Z,5.57
943,20181230T202630Z,1J.TI6A.,"['CH1', 'CH2', 'CHZ']",2018-12-30T20:26:30.530000Z,7.46
944,20181230T210240Z,1J.TI6A.,"['CH1', 'CH2', 'CHZ']",2018-12-30T21:02:40.110000Z,5.76
945,20181230T210444Z,1J.TI6A.,"['CH1', 'CH2', 'CHZ']",2018-12-30T21:04:44.230000Z,9.28
946,20181230T210615Z,1J.TI6A.,"['CH1', 'CH2', 'CHZ']",2018-12-30T21:06:15.650000Z,9.58
947,20181230T210938Z,1J.TI6A.,"['CH1', 'CH2', 'CHZ']",2018-12-30T21:09:39.530000Z,4.56
948,20181230T222636Z,1J.TI6A.,"['CH1', 'CH2', 'CHZ']",2018-12-30T22:26:37.610000Z,5.5
949,20181230T225821Z,1J.TI6A.,"['CH1', 'CH2', 'CHZ']",2018-12-30T22:58:23.230000Z,5.21
950,20181230T001956Z,1J.TI1A.,"['CH1', 'CH2', 'CHZ']",2018-12-30T00:19:56.670000Z,9.74
951,20181230T003307Z,1J.TI1A.,"['CH1', 'CH2', 'CHZ']",2018-12-30T00:33:07.740000Z,8.06
952,20181230T003356Z,1J.TI1A.,"['CH1', 'CH2', 'CHZ']",2018-12-30T00:34:03.040000Z,1.83
953,20181230T003931Z,1J.TI1A.,"['CH1', 'CH2', 'CHZ']",2018-12-30T00:39:31.450000Z,9.23
954,20181230T010134Z,1J.TI1A.,"['CH1', 'CH2', 'CHZ']",2018-12-30T01:01:34.160000Z,1.67
955,20181230T014702Z,1J.TI1A.,"['CH1', 'CH2', 'CHZ']",2018-12-30T01:47:02.110000Z,9.83
956,20181230T020554Z,1J.TI1A.,"['CH1', 'CH2', 'CHZ']",2018-12-30T02:05:54.990000Z,5.55
957,20181230T022330Z,1J.TI1A.,"['CH1', 'CH2', 'CHZ']",2018-12-30T02:23:30.160000Z,2.08
958,20181230T023230Z,1J.TI1A.,"['CH1', 'CH2', 'CHZ']",2018-12-30T02:32:30.730000Z,9.3
959,20181230T032608Z,1J.TI1A.,"['CH1', 'CH2', 'CHZ']",2018-12-30T03:26:08.310000Z,5.41
960,20181230T032758Z,1J.TI1A.,"['CH1', 'CH2', 'CHZ']",2018-12-30T03:27:58.910000Z,5.42
961,20181230T035305Z,1J.TI1A.,"['CH1', 'CH2', 'CHZ']",2018-12-30T03:53:13.500000Z,7.69
962,20181230T040817Z,1J.TI1A.,"['CH1', 'CH2', 'CHZ']",2018-12-30T04:08:17.610000Z,3.59
963,20181230T040901Z,1J.TI1A.,"['CH1', 'CH2', 'CHZ']",2018-12-30T04:09:01.420000Z,6.74
964,20181230T041053Z,1J.TI1A.,"['CH1', 'CH2', 'CHZ']",2018-12-30T04:10:53.890000Z,11.67
965,20181230T041316Z,1J.TI1A.,"['CH1', 'CH2', 'CHZ']",2018-12-30T04:13:18.600000Z,12.9
966,20181230T041548Z,1J.TI1A.,"['CH1', 'CH2', 'CHZ']",2018-12-30T04:15:51.120000Z,1.85
967,20181230T043214Z,1J.TI1A.,"['CH1', 'CH2', 'CHZ']",2018-12-30T04:32:18.480000Z,2.09
968,20181230T043251Z,1J.TI1A.,"['CH1', 'CH2', 'CHZ']",2018-12-30T04:32:54.900000Z,6.99
969,20181230T043557Z,1J.TI1A.,"['CH1', 'CH2', 'CHZ']",2018-12-30T04:36:00.410000Z,7.47
970,20181230T043829Z,1J.TI1A.,"['CH1', 'CH2', 'CHZ']",2018-12-30T04:38:29.110000Z,8.7
971,20181230T044552Z,1J.TI1A.,"['CH1', 'CH2', 'CHZ']",2018-12-30T04:45:52.480000Z,15.2
972,20181230T045145Z,1J.TI1A.,"['CH1', 'CH2', 'CHZ']",2018-12-30T04:51:45.550000Z,6.46
973,20181230T045304Z,1J.TI1A.,"['CH1', 'CH2', 'CHZ']",2018-12-30T04:53:09.040000Z,8.06
974,20181230T045724Z,1J.TI1A.,"['CH1', 'CH2', 'CHZ']",2018-12-30T04:57:24.190000Z,12.26
975,20181230T045808Z,1J.TI1A.,"['CH1', 'CH2', 'CHZ']",2018-12-30T04:58:08.070000Z,5.59
976,20181230T050544Z,1J.TI1A.,"['CH1', 'CH2', 'CHZ']",2018-12-30T05:05:47.860000Z,2.42
977,20181230T051035Z,1J.TI1A.,"['CH1', 'CH2', 'CHZ']",2018-12-30T05:10:35.030000Z,9.68
978,20181230T051643Z,1J.TI1A.,"['CH1', 'CH2', 'CHZ']",2018-12-30T05:16:47.650000Z,5.97
979,20181230T051826Z,1J.TI1A.,"['CH1', 'CH2', 'CHZ']",2018-12-30T05:18:28.300000Z,2.71
980,20181230T051958Z,1J.TI1A.,"['CH1', 'CH2', 'CHZ']",2018-12-30T05:19:58.850000Z,10.23
981,20181230T052912Z,1J.TI1A.,"['CH1', 'CH2', 'CHZ']",2018-12-30T05:29:12.270000Z,7.41
982,20181230T052932Z,1J.TI1A.,"['CH1', 'CH2', 'CHZ']",2018-12-30T05:29:32.510000Z,4.76
983,20181230T053034Z,1J.TI1A.,"['CH1', 'CH2', 'CHZ']",2018-12-30T05:30:34.180000Z,13.52
984,20181230T053227Z,1J.TI1A.,"['CH1', 'CH2', 'CHZ']",2018-12-30T05:32:27.990000Z,5.76
985,20181230T053534Z,1J.TI1A.,"['CH1', 'CH2', 'CHZ']",2018-12-30T05:35:36.850000Z,2.21
986,20181230T054356Z,1J.TI1A.,"['CH1', 'CH2', 'CHZ']",2018-12-30T05:43:58.270000Z,6.48
987,20181230T054430Z,1J.TI1A.,"['CH1', 'CH2', 'CHZ']",2018-12-30T05:44:30.530000Z,7.61
988,20181230T054646Z,1J.TI1A.,"['CH1', 'CH2', 'CHZ']",2018-12-30T05:46:50.020000Z,7.34
989,20181230T055322Z,1J.TI1A.,"['CH1', 'CH2', 'CHZ']",2018-12-30T05:53:22.820000Z,5.93
990,20181230T055743Z,1J.TI1A.,"['CH1', 'CH2', 'CHZ']",2018-12-30T05:57:46.050000Z,2.91
991,20181230T060123Z,1J.TI1A.,"['CH1', 'CH2', 'CHZ']",2018-12-30T06:01:23.920000Z,4.55
992,20181230T060240Z,1J.TI1A.,"['CH1', 'CH2', 'CHZ']",2018-12-30T06:02:44.270000Z,5.65
993,20181230T060307Z,1J.TI1A.,"['CH1', 'CH2', 'CHZ']",2018-12-30T06:03:14.830000Z,10.83
994,20181230T060638Z,1J.TI1A.,"['CH1', 'CH2', 'CHZ']",2018-12-30T06:06:45.460000Z,5.74
995,20181230T061001Z,1J.TI1A.,"['CH1', 'CH2', 'CHZ']",2018-12-30T06:10:09.380000Z,2.79
996,20181230T061428Z,1J.TI1A.,"['CH1', 'CH2', 'CHZ']",2018-12-30T06:14:28.510000Z,16.83
997,20181230T061526Z,1J.TI1A.,"['CH1', 'CH2', 'CHZ']",2018-12-30T06:15:27.570000Z,11.73
998,20181230T061735Z,1J.TI1A.,"['CH1', 'CH2', 'CHZ']",2018-12-30T06:17:35.600000Z,5.74
999,20181230T062200Z,1J.TI1A.,"['CH1', 'CH2', 'CHZ']",2018-12-30T06:22:02.830000Z,2.19
1000,20181230T062217Z,1J.TI1A.,"['CH1', 'CH2', 'CHZ']",2018-12-30T06:22:20.850000Z,3.12
1001,20181230T062407Z,1J.TI1A.,"['CH1', 'CH2', 'CHZ']",2018-12-30T06:24:07.080000Z,6.44
1002,20181230T062428Z,1J.TI1A.,"['CH1', 'CH2', 'CHZ']",2018-12-30T06:24:30.150000Z,4.2
1003,20181230T063159Z,1J.TI1A.,"['CH1', 'CH2', 'CHZ']",2018-12-30T06:32:03.880000Z,9.0
1004,20181230T063359Z,1J.TI1A.,"['CH1', 'CH2', 'CHZ']",2018-12-30T06:34:01.490000Z,2.89
1005,20181230T063538Z,1J.TI1A.,"['CH1', 'CH2', 'CHZ']",2018-12-30T06:35:38.120000Z,8.4
1006,20181230T064554Z,1J.TI1A.,"['CH1', 'CH2', 'CHZ']",2018-12-30T06:45:56.580000Z,10.13
1007,20181230T064623Z,1J.TI1A.,"['CH1', 'CH2', 'CHZ']",2018-12-30T06:46:30.610000Z,4.46
1008,20181230T065349Z,1J.TI1A.,"['CH1', 'CH2', 'CHZ']",2018-12-30T06:53:54.200000Z,4.81
1009,20181230T065412Z,1J.TI1A.,"['CH1', 'CH2', 'CHZ']",2018-12-30T06:54:12.410000Z,16.76
1010,20181230T065756Z,1J.TI1A.,"['CH1', 'CH2', 'CHZ']",2018-12-30T06:57:59.720000Z,4.86
1011,20181230T065903Z,1J.TI1A.,"['CH1', 'CH2', 'CHZ']",2018-12-30T06:59:03.470000Z,3.47
1012,20181230T070158Z,1J.TI1A.,"['CH1', 'CH2', 'CHZ']",2018-12-30T07:01:59.410000Z,2.22
1013,20181230T070338Z,1J.TI1A.,"['CH1', 'CH2', 'CHZ']",2018-12-30T07:03:38.140000Z,6.01
1014,20181230T070757Z,1J.TI1A.,"['CH1', 'CH2', 'CHZ']",2018-12-30T07:07:57.600000Z,22.12
1015,20181230T071138Z,1J.TI1A.,"['CH1', 'CH2', 'CHZ']",2018-12-30T07:11:38.640000Z,16.97
1016,20181230T071723Z,1J.TI1A.,"['CH1', 'CH2', 'CHZ']",2018-12-30T07:17:23.580000Z,5.14
1017,20181230T071939Z,1J.TI1A.,"['CH1', 'CH2', 'CHZ']",2018-12-30T07:19:41.210000Z,3.31
1018,20181230T072621Z,1J.TI1A.,"['CH1', 'CH2', 'CHZ']",2018-12-30T07:26:24.440000Z,2.47
1019,20181230T072957Z,1J.TI1A.,"['CH1', 'CH2', 'CHZ']",2018-12-30T07:29:57.980000Z,7.21
1020,20181230T073119Z,1J.TI1A.,"['CH1', 'CH2', 'CHZ']",2018-12-30T07:31:26.360000Z,3.03
1021,20181230T073153Z,1J.TI1A.,"['CH1', 'CH2', 'CHZ']",2018-12-30T07:31:57.670000Z,5.4
1022,20181230T073828Z,1J.TI1A.,"['CH1', 'CH2', 'CHZ']",2018-12-30T07:38:28.580000Z,12.55
1023,20181230T074021Z,1J.TI1A.,"['CH1', 'CH2', 'CHZ']",2018-12-30T07:40:21.250000Z,7.39
1024,20181230T074715Z,1J.TI1A.,"['CH1', 'CH2', 'CHZ']",2018-12-30T07:47:15.410000Z,4.79
1025,20181230T075109Z,1J.TI1A.,"['CH1', 'CH2', 'CHZ']",2018-12-30T07:51:14.010000Z,2.41
1026,20181230T075124Z,1J.TI1A.,"['CH1', 'CH2', 'CHZ']",2018-12-30T07:51:25.690000Z,2.25
1027,20181230T075842Z,1J.TI1A.,"['CH1', 'CH2', 'CHZ']",2018-12-30T07:58:42.930000Z,10.78
1028,20181230T080228Z,1J.TI1A.,"['CH1', 'CH2', 'CHZ']",2018-12-30T08:02:29.910000Z,9.9
1029,20181230T080255Z,1J.TI1A.,"['CH1', 'CH2', 'CHZ']",2018-12-30T08:03:02.550000Z,5.21
1030,20181230T080341Z,1J.TI1A.,"['CH1', 'CH2', 'CHZ']",2018-12-30T08:03:41.670000Z,6.16
1031,20181230T080510Z,1J.TI1A.,"['CH1', 'CH2', 'CHZ']",2018-12-30T08:05:15.600000Z,6.07
1032,20181230T081246Z,1J.TI1A.,"['CH1', 'CH2', 'CHZ']",2018-12-30T08:12:46.410000Z,5.21
1033,20181230T081541Z,1J.TI1A.,"['CH1', 'CH2', 'CHZ']",2018-12-30T08:15:41.760000Z,6.31
1034,20181230T081742Z,1J.TI1A.,"['CH1', 'CH2', 'CHZ']",2018-12-30T08:17:42.960000Z,6.26
1035,20181230T082652Z,1J.TI1A.,"['CH1', 'CH2', 'CHZ']",2018-12-30T08:26:56.980000Z,8.36
1036,20181230T083203Z,1J.TI1A.,"['CH1', 'CH2', 'CHZ']",2018-12-30T08:32:05.680000Z,2.8
1037,20181230T083303Z,1J.TI1A.,"['CH1', 'CH2', 'CHZ']",2018-12-30T08:33:03.810000Z,10.15
1038,20181230T083605Z,1J.TI1A.,"['CH1', 'CH2', 'CHZ']",2018-12-30T08:36:09.480000Z,6.69
1039,20181230T083755Z,1J.TI1A.,"['CH1', 'CH2', 'CHZ']",2018-12-30T08:37:55.580000Z,2.67
1040,20181230T084153Z,1J.TI1A.,"['CH1', 'CH2', 'CHZ']",2018-12-30T08:41:56.350000Z,3.41
1041,20181230T084416Z,1J.TI1A.,"['CH1', 'CH2', 'CHZ']",2018-12-30T08:44:20.090000Z,6.16
1042,20181230T084906Z,1J.TI1A.,"['CH1', 'CH2', 'CHZ']",2018-12-30T08:49:08.700000Z,9.48
1043,20181230T084933Z,1J.TI1A.,"['CH1', 'CH2', 'CHZ']",2018-12-30T08:49:42.010000Z,3.5
1044,20181230T085659Z,1J.TI1A.,"['CH1', 'CH2', 'CHZ']",2018-12-30T08:57:01.850000Z,6.31
1045,20181230T090000Z,1J.TI1A.,"['CH1', 'CH2', 'CHZ']",2018-12-30T09:00:00.230000Z,2.02
1046,20181230T090309Z,1J.TI1A.,"['CH1', 'CH2', 'CHZ']",2018-12-30T09:03:09.410000Z,5.77
1047,20181230T090908Z,1J.TI1A.,"['CH1', 'CH2', 'CHZ']",2018-12-30T09:09:11.050000Z,2.27
1048,20181230T090930Z,1J.TI1A.,"['CH1', 'CH2', 'CHZ']",2018-12-30T09:09:32.530000Z,2.32
1049,20181230T091041Z,1J.TI1A.,"['CH1', 'CH2', 'CHZ']",2018-12-30T09:10:46.260000Z,2.95
1050,20181230T092036Z,1J.TI1A.,"['CH1', 'CH2', 'CHZ']",2018-12-30T09:20:36.780000Z,5.82
1051,20181230T092614Z,1J.TI1A.,"['CH1', 'CH2', 'CHZ']",2018-12-30T09:26:21.030000Z,2.74
1052,20181230T093500Z,1J.TI1A.,"['CH1', 'CH2', 'CHZ']",2018-12-30T09:35:04.440000Z,1.8
1053,20181230T093540Z,1J.TI1A.,"['CH1', 'CH2', 'CHZ']",2018-12-30T09:35:50.300000Z,5.34
1054,20181230T094144Z,1J.TI1A.,"['CH1', 'CH2', 'CHZ']",2018-12-30T09:41:44.170000Z,5.44
1055,20181230T094458Z,1J.TI1A.,"['CH1', 'CH2', 'CHZ']",2018-12-30T09:45:02.810000Z,2.75
1056,20181230T094737Z,1J.TI1A.,"['CH1', 'CH2', 'CHZ']",2018-12-30T09:47:40.150000Z,2.17
1057,20181230T100326Z,1J.TI1A.,"['CH1', 'CH2', 'CHZ']",2018-12-30T10:03:26.100000Z,17.94
1058,20181230T100538Z,1J.TI1A.,"['CH1', 'CH2', 'CHZ']",2018-12-30T10:05:42.310000Z,8.52
1059,20181230T100929Z,1J.TI1A.,"['CH1', 'CH2', 'CHZ']",2018-12-30T10:09:32.420000Z,5.72
1060,20181230T101823Z,1J.TI1A.,"['CH1', 'CH2', 'CHZ']",2018-12-30T10:18:27.190000Z,6.65
1061,20181230T102116Z,1J.TI1A.,"['CH1', 'CH2', 'CHZ']",2018-12-30T10:21:18.880000Z,6.23
1062,20181230T102251Z,1J.TI1A.,"['CH1', 'CH2', 'CHZ']",2018-12-30T10:22:53.820000Z,10.34
1063,20181230T102319Z,1J.TI1A.,"['CH1', 'CH2', 'CHZ']",2018-12-30T10:23:26.650000Z,4.97
1064,20181230T103037Z,1J.TI1A.,"['CH1', 'CH2', 'CHZ']",2018-12-30T10:30:37.410000Z,8.49
1065,20181230T103347Z,1J.TI1A.,"['CH1', 'CH2', 'CHZ']",2018-12-30T10:33:50.210000Z,6.28
1066,20181230T103648Z,1J.TI1A.,"['CH1', 'CH2', 'CHZ']",2018-12-30T10:36:48.730000Z,9.79
1067,20181230T103936Z,1J.TI1A.,"['CH1', 'CH2', 'CHZ']",2018-12-30T10:39:42.620000Z,1.05
1068,20181230T104003Z,1J.TI1A.,"['CH1', 'CH2', 'CHZ']",2018-12-30T10:40:03.580000Z,6.4
1069,20181230T104124Z,1J.TI1A.,"['CH1', 'CH2', 'CHZ']",2018-12-30T10:41:29.260000Z,6.12
1070,20181230T104152Z,1J.TI1A.,"['CH1', 'CH2', 'CHZ']",2018-12-30T10:42:01.650000Z,3.57
1071,20181230T104431Z,1J.TI1A.,"['CH1', 'CH2', 'CHZ']",2018-12-30T10:44:31.590000Z,9.54
1072,20181230T104716Z,1J.TI1A.,"['CH1', 'CH2', 'CHZ']",2018-12-30T10:47:19.220000Z,2.21
1073,20181230T104740Z,1J.TI1A.,"['CH1', 'CH2', 'CHZ']",2018-12-30T10:47:40.130000Z,9.03
1074,20181230T104945Z,1J.TI1A.,"['CH1', 'CH2', 'CHZ']",2018-12-30T10:49:45.400000Z,6.04
1075,20181230T105026Z,1J.TI1A.,"['CH1', 'CH2', 'CHZ']",2018-12-30T10:50:28.590000Z,15.28
1076,20181230T105142Z,1J.TI1A.,"['CH1', 'CH2', 'CHZ']",2018-12-30T10:51:42.890000Z,15.47
1077,20181230T105600Z,1J.TI1A.,"['CH1', 'CH2', 'CHZ']",2018-12-30T10:56:04.510000Z,3.89
1078,20181230T105910Z,1J.TI1A.,"['CH1', 'CH2', 'CHZ']",2018-12-30T10:59:10.210000Z,5.48
1079,20181230T110742Z,1J.TI1A.,"['CH1', 'CH2', 'CHZ']",2018-12-30T11:07:42.230000Z,6.56
1080,20181230T111306Z,1J.TI1A.,"['CH1', 'CH2', 'CHZ']",2018-12-30T11:13:08.840000Z,6.12
1081,20181230T111528Z,1J.TI1A.,"['CH1', 'CH2', 'CHZ']",2018-12-30T11:15:28.540000Z,8.86
1082,20181230T112514Z,1J.TI1A.,"['CH1', 'CH2', 'CHZ']",2018-12-30T11:25:24.760000Z,2.56
1083,20181230T112556Z,1J.TI1A.,"['CH1', 'CH2', 'CHZ']",2018-12-30T11:25:58.440000Z,1.07
1084,20181230T113522Z,1J.TI1A.,"['CH1', 'CH2', 'CHZ']",2018-12-30T11:35:23.130000Z,17.77
1085,20181230T113727Z,1J.TI1A.,"['CH1', 'CH2', 'CHZ']",2018-12-30T11:37:28.230000Z,11.68
1086,20181230T114542Z,1J.TI1A.,"['CH1', 'CH2', 'CHZ']",2018-12-30T11:45:42.840000Z,20.02
1087,20181230T114914Z,1J.TI1A.,"['CH1', 'CH2', 'CHZ']",2018-12-30T11:49:14.160000Z,18.1
1088,20181230T115141Z,1J.TI1A.,"['CH1', 'CH2', 'CHZ']",2018-12-30T11:51:44.510000Z,2.42
1089,20181230T115302Z,1J.TI1A.,"['CH1', 'CH2', 'CHZ']",2018-12-30T11:53:05.760000Z,8.88
1090,20181230T120025Z,1J.TI1A.,"['CH1', 'CH2', 'CHZ']",2018-12-30T12:00:28.330000Z,14.13
1091,20181230T120415Z,1J.TI1A.,"['CH1', 'CH2', 'CHZ']",2018-12-30T12:04:15.240000Z,5.77
1092,20181230T121135Z,1J.TI1A.,"['CH1', 'CH2', 'CHZ']",2018-12-30T12:11:35.480000Z,8.02
1093,20181230T121206Z,1J.TI1A.,"['CH1', 'CH2', 'CHZ']",2018-12-30T12:12:06.620000Z,9.55
1094,20181230T121324Z,1J.TI1A.,"['CH1', 'CH2', 'CHZ']",2018-12-30T12:13:24.960000Z,11.16
1095,20181230T122429Z,1J.TI1A.,"['CH1', 'CH2', 'CHZ']",2018-12-30T12:24:36.600000Z,4.97
1096,20181230T122623Z,1J.TI1A.,"['CH1', 'CH2', 'CHZ']",2018-12-30T12:26:23.920000Z,5.09
1097,20181230T122823Z,1J.TI1A.,"['CH1', 'CH2', 'CHZ']",2018-12-30T12:28:27.910000Z,6.33
1098,20181230T122959Z,1J.TI1A.,"['CH1', 'CH2', 'CHZ']",2018-12-30T12:30:03.490000Z,12.02
1099,20181230T123253Z,1J.TI1A.,"['CH1', 'CH2', 'CHZ']",2018-12-30T12:33:02.730000Z,1.02
1100,20181230T124832Z,1J.TI1A.,"['CH1', 'CH2', 'CHZ']",2018-12-30T12:48:42.400000Z,5.12
1101,20181230T125327Z,1J.TI1A.,"['CH1', 'CH2', 'CHZ']",2018-12-30T12:53:30.320000Z,6.05
1102,20181230T125755Z,1J.TI1A.,"['CH1', 'CH2', 'CHZ']",2018-12-30T12:58:00.850000Z,3.65
1103,20181230T125946Z,1J.TI1A.,"['CH1', 'CH2', 'CHZ']",2018-12-30T12:59:46.520000Z,15.38
1104,20181230T130304Z,1J.TI1A.,"['CH1', 'CH2', 'CHZ']",2018-12-30T13:03:04.000000Z,2.75
1105,20181230T130615Z,1J.TI1A.,"['CH1', 'CH2', 'CHZ']",2018-12-30T13:06:18.280000Z,2.26
1106,20181230T131614Z,1J.TI1A.,"['CH1', 'CH2', 'CHZ']",2018-12-30T13:16:14.170000Z,10.7
1107,20181230T132631Z,1J.TI1A.,"['CH1', 'CH2', 'CHZ']",2018-12-30T13:26:31.470000Z,3.01
1108,20181230T132927Z,1J.TI1A.,"['CH1', 'CH2', 'CHZ']",2018-12-30T13:29:27.570000Z,8.26
1109,20181230T133021Z,1J.TI1A.,"['CH1', 'CH2', 'CHZ']",2018-12-30T13:30:27.440000Z,2.14
1110,20181230T133616Z,1J.TI1A.,"['CH1', 'CH2', 'CHZ']",2018-12-30T13:36:17.510000Z,6.36
1111,20181230T134743Z,1J.TI1A.,"['CH1', 'CH2', 'CHZ']",2018-12-30T13:47:43.160000Z,7.53
1112,20181230T134925Z,1J.TI1A.,"['CH1', 'CH2', 'CHZ']",2018-12-30T13:49:28.700000Z,7.74
1113,20181230T135221Z,1J.TI1A.,"['CH1', 'CH2', 'CHZ']",2018-12-30T13:52:23.070000Z,6.95
1114,20181230T135603Z,1J.TI1A.,"['CH1', 'CH2', 'CHZ']",2018-12-30T13:56:09.570000Z,1.41
1115,20181230T135955Z,1J.TI1A.,"['CH1', 'CH2', 'CHZ']",2018-12-30T13:59:59.980000Z,8.05
1116,20181230T140115Z,1J.TI1A.,"['CH1', 'CH2', 'CHZ']",2018-12-30T14:01:15.980000Z,5.58
1117,20181230T140333Z,1J.TI1A.,"['CH1', 'CH2', 'CHZ']",2018-12-30T14:03:33.100000Z,4.67
1118,20181230T141639Z,1J.TI1A.,"['CH1', 'CH2', 'CHZ']",2018-12-30T14:16:39.300000Z,7.07
1119,20181230T142330Z,1J.TI1A.,"['CH1', 'CH2', 'CHZ']",2018-12-30T14:23:31.190000Z,9.22
1120,20181230T142356Z,1J.TI1A.,"['CH1', 'CH2', 'CHZ']",2018-12-30T14:24:02.810000Z,6.97
1121,20181230T142437Z,1J.TI1A.,"['CH1', 'CH2', 'CHZ']",2018-12-30T14:24:37.540000Z,5.21
1122,20181230T142711Z,1J.TI1A.,"['CH1', 'CH2', 'CHZ']",2018-12-30T14:27:14.880000Z,9.7
1123,20181230T143031Z,1J.TI1A.,"['CH1', 'CH2', 'CHZ']",2018-12-30T14:30:31.670000Z,5.14
1124,20181230T144008Z,1J.TI1A.,"['CH1', 'CH2', 'CHZ']",2018-12-30T14:40:10.710000Z,1.99
1125,20181230T144223Z,1J.TI1A.,"['CH1', 'CH2', 'CHZ']",2018-12-30T14:42:27.620000Z,8.51
1126,20181230T144533Z,1J.TI1A.,"['CH1', 'CH2', 'CHZ']",2018-12-30T14:45:33.100000Z,17.26
1127,20181230T144653Z,1J.TI1A.,"['CH1', 'CH2', 'CHZ']",2018-12-30T14:46:54.270000Z,2.45
1128,20181230T145103Z,1J.TI1A.,"['CH1', 'CH2', 'CHZ']",2018-12-30T14:51:03.770000Z,6.48
1129,20181230T145917Z,1J.TI1A.,"['CH1', 'CH2', 'CHZ']",2018-12-30T14:59:18.930000Z,6.93
1130,20181230T150147Z,1J.TI1A.,"['CH1', 'CH2', 'CHZ']",2018-12-30T15:01:51.120000Z,4.85
1131,20181230T150340Z,1J.TI1A.,"['CH1', 'CH2', 'CHZ']",2018-12-30T15:03:40.580000Z,6.65
1132,20181230T151006Z,1J.TI1A.,"['CH1', 'CH2', 'CHZ']",2018-12-30T15:10:06.820000Z,12.86
1133,20181230T151826Z,1J.TI1A.,"['CH1', 'CH2', 'CHZ']",2018-12-30T15:18:26.310000Z,7.78
1134,20181230T151914Z,1J.TI1A.,"['CH1', 'CH2', 'CHZ']",2018-12-30T15:19:21.820000Z,4.36
1135,20181230T152316Z,1J.TI1A.,"['CH1', 'CH2', 'CHZ']",2018-12-30T15:23:16.260000Z,5.07
1136,20181230T153653Z,1J.TI1A.,"['CH1', 'CH2', 'CHZ']",2018-12-30T15:36:53.370000Z,20.0
1137,20181230T153854Z,1J.TI1A.,"['CH1', 'CH2', 'CHZ']",2018-12-30T15:38:54.600000Z,10.63
1138,20181230T154149Z,1J.TI1A.,"['CH1', 'CH2', 'CHZ']",2018-12-30T15:41:49.660000Z,9.69
1139,20181230T154216Z,1J.TI1A.,"['CH1', 'CH2', 'CHZ']",2018-12-30T15:42:22.430000Z,5.77
1140,20181230T154611Z,1J.TI1A.,"['CH1', 'CH2', 'CHZ']",2018-12-30T15:46:13.000000Z,2.87
1141,20181230T155309Z,1J.TI1A.,"['CH1', 'CH2', 'CHZ']",2018-12-30T15:53:11.470000Z,3.86
1142,20181230T155425Z,1J.TI1A.,"['CH1', 'CH2', 'CHZ']",2018-12-30T15:54:25.990000Z,8.97
1143,20181230T160111Z,1J.TI1A.,"['CH1', 'CH2', 'CHZ']",2018-12-30T16:01:11.980000Z,13.06
1144,20181230T161204Z,1J.TI1A.,"['CH1', 'CH2', 'CHZ']",2018-12-30T16:12:05.410000Z,5.16
1145,20181230T161349Z,1J.TI1A.,"['CH1', 'CH2', 'CHZ']",2018-12-30T16:13:50.140000Z,6.53
1146,20181230T161607Z,1J.TI1A.,"['CH1', 'CH2', 'CHZ']",2018-12-30T16:16:07.130000Z,9.58
1147,20181230T161633Z,1J.TI1A.,"['CH1', 'CH2', 'CHZ']",2018-12-30T16:16:38.590000Z,5.79
1148,20181230T162124Z,1J.TI1A.,"['CH1', 'CH2', 'CHZ']",2018-12-30T16:21:24.610000Z,17.05
1149,20181230T162241Z,1J.TI1A.,"['CH1', 'CH2', 'CHZ']",2018-12-30T16:22:50.570000Z,1.18
1150,20181230T162548Z,1J.TI1A.,"['CH1', 'CH2', 'CHZ']",2018-12-30T16:25:51.560000Z,6.9
1151,20181230T162626Z,1J.TI1A.,"['CH1', 'CH2', 'CHZ']",2018-12-30T16:26:27.210000Z,7.92
1152,20181230T164158Z,1J.TI1A.,"['CH1', 'CH2', 'CHZ']",2018-12-30T16:41:58.690000Z,5.72
1153,20181230T164215Z,1J.TI1A.,"['CH1', 'CH2', 'CHZ']",2018-12-30T16:42:18.300000Z,2.21
1154,20181230T164240Z,1J.TI1A.,"['CH1', 'CH2', 'CHZ']",2018-12-30T16:42:47.300000Z,5.61
1155,20181230T164338Z,1J.TI1A.,"['CH1', 'CH2', 'CHZ']",2018-12-30T16:43:38.550000Z,5.86
1156,20181230T181242Z,1J.TI1A.,"['CH1', 'CH2', 'CHZ']",2018-12-30T18:12:42.590000Z,9.55
1157,20181230T181419Z,1J.TI1A.,"['CH1', 'CH2', 'CHZ']",2018-12-30T18:14:19.790000Z,16.34
1158,20181230T181633Z,1J.TI1A.,"['CH1', 'CH2', 'CHZ']",2018-12-30T18:16:33.200000Z,10.56
1159,20181230T181753Z,1J.TI1A.,"['CH1', 'CH2', 'CHZ']",2018-12-30T18:17:53.430000Z,5.25
1160,20181230T181824Z,1J.TI1A.,"['CH1', 'CH2', 'CHZ']",2018-12-30T18:18:24.570000Z,8.97
1161,20181230T182012Z,1J.TI1A.,"['CH1', 'CH2', 'CHZ']",2018-12-30T18:20:17.870000Z,6.45
1162,20181230T182129Z,1J.TI1A.,"['CH1', 'CH2', 'CHZ']",2018-12-30T18:21:30.480000Z,6.22
1163,20181230T182155Z,1J.TI1A.,"['CH1', 'CH2', 'CHZ']",2018-12-30T18:21:58.200000Z,6.3
1164,20181230T182232Z,1J.TI1A.,"['CH1', 'CH2', 'CHZ']",2018-12-30T18:22:32.870000Z,6.32
1165,20181230T183720Z,1J.TI1A.,"['CH1', 'CH2', 'CHZ']",2018-12-30T18:37:20.400000Z,5.23
1166,20181230T183743Z,1J.TI1A.,"['CH1', 'CH2', 'CHZ']",2018-12-30T18:37:43.000000Z,7.64
1167,20181230T183920Z,1J.TI1A.,"['CH1', 'CH2', 'CHZ']",2018-12-30T18:39:20.760000Z,5.94
1168,20181230T184316Z,1J.TI1A.,"['CH1', 'CH2', 'CHZ']",2018-12-30T18:43:16.340000Z,20.25
1169,20181230T184825Z,1J.TI1A.,"['CH1', 'CH2', 'CHZ']",2018-12-30T18:48:37.120000Z,8.18
1170,20181230T220710Z,1J.TI1A.,"['CH1', 'CH2', 'CHZ']",2018-12-30T22:07:14.200000Z,1.9
1171,20181230T233133Z,1J.TI1A.,"['CH1', 'CH2', 'CHZ']",2018-12-30T23:31:33.820000Z,9.87
1172,20181230T003829Z,1J.TI7A.,"['CH1', 'CH2', 'CHZ']",2018-12-30T00:38:34.280000Z,3.48
1173,20181230T005244Z,1J.TI7A.,"['CH1', 'CH2', 'CHZ']",2018-12-30T00:52:48.500000Z,4.87
1174,20181230T005826Z,1J.TI7A.,"['CH1', 'CH2', 'CHZ']",2018-12-30T00:58:30.040000Z,4.56
1175,20181230T005853Z,1J.TI7A.,"['CH1', 'CH2', 'CHZ']",2018-12-30T00:58:57.380000Z,5.79
1176,20181230T021449Z,1J.TI7A.,"['CH1', 'CH2', 'CHZ']",2018-12-30T02:14:54.610000Z,2.09
1177,20181230T033311Z,1J.TI7A.,"['CH1', 'CH2', 'CHZ']",2018-12-30T03:33:16.420000Z,6.1
1178,20181230T041316Z,1J.TI7A.,"['CH1', 'CH2', 'CHZ']",2018-12-30T04:13:27.060000Z,2.59
1179,20181230T042751Z,1J.TI7A.,"['CH1', 'CH2', 'CHZ']",2018-12-30T04:28:00.520000Z,1.31
1180,20181230T043625Z,1J.TI7A.,"['CH1', 'CH2', 'CHZ']",2018-12-30T04:36:29.780000Z,5.42
1181,20181230T044552Z,1J.TI7A.,"['CH1', 'CH2', 'CHZ']",2018-12-30T04:45:59.010000Z,6.59
1182,20181230T044618Z,1J.TI7A.,"['CH1', 'CH2', 'CHZ']",2018-12-30T04:46:29.270000Z,4.15
1183,20181230T053034Z,1J.TI7A.,"['CH1', 'CH2', 'CHZ']",2018-12-30T05:30:39.950000Z,2.28
1184,20181230T054646Z,1J.TI7A.,"['CH1', 'CH2', 'CHZ']",2018-12-30T05:46:51.350000Z,2.04
1185,20181230T054810Z,1J.TI7A.,"['CH1', 'CH2', 'CHZ']",2018-12-30T05:48:13.610000Z,6.31
1186,20181230T055038Z,1J.TI7A.,"['CH1', 'CH2', 'CHZ']",2018-12-30T05:50:38.690000Z,5.78
1187,20181230T055153Z,1J.TI7A.,"['CH1', 'CH2', 'CHZ']",2018-12-30T05:51:54.640000Z,11.37
1188,20181230T055233Z,1J.TI7A.,"['CH1', 'CH2', 'CHZ']",2018-12-30T05:52:33.900000Z,11.62
1189,20181230T055322Z,1J.TI7A.,"['CH1', 'CH2', 'CHZ']",2018-12-30T05:53:23.530000Z,1.67
1190,20181230T055432Z,1J.TI7A.,"['CH1', 'CH2', 'CHZ']",2018-12-30T05:54:32.020000Z,9.81
1191,20181230T055631Z,1J.TI7A.,"['CH1', 'CH2', 'CHZ']",2018-12-30T05:56:31.490000Z,7.38
1192,20181230T055823Z,1J.TI7A.,"['CH1', 'CH2', 'CHZ']",2018-12-30T05:58:23.680000Z,12.48
1193,20181230T055848Z,1J.TI7A.,"['CH1', 'CH2', 'CHZ']",2018-12-30T05:58:48.840000Z,9.1
1194,20181230T060307Z,1J.TI7A.,"['CH1', 'CH2', 'CHZ']",2018-12-30T06:03:13.220000Z,2.93
1195,20181230T060745Z,1J.TI7A.,"['CH1', 'CH2', 'CHZ']",2018-12-30T06:07:45.670000Z,7.95
1196,20181230T060946Z,1J.TI7A.,"['CH1', 'CH2', 'CHZ']",2018-12-30T06:09:46.590000Z,7.28
1197,20181230T061001Z,1J.TI7A.,"['CH1', 'CH2', 'CHZ']",2018-12-30T06:10:01.630000Z,12.68
1198,20181230T061116Z,1J.TI7A.,"['CH1', 'CH2', 'CHZ']",2018-12-30T06:11:16.940000Z,10.52
1199,20181230T061259Z,1J.TI7A.,"['CH1', 'CH2', 'CHZ']",2018-12-30T06:12:59.820000Z,12.96
1200,20181230T061428Z,1J.TI7A.,"['CH1', 'CH2', 'CHZ']",2018-12-30T06:14:45.150000Z,3.19
1201,20181230T061526Z,1J.TI7A.,"['CH1', 'CH2', 'CHZ']",2018-12-30T06:15:26.370000Z,1.78
1202,20181230T061610Z,1J.TI7A.,"['CH1', 'CH2', 'CHZ']",2018-12-30T06:16:10.070000Z,11.26
1203,20181230T061813Z,1J.TI7A.,"['CH1', 'CH2', 'CHZ']",2018-12-30T06:18:13.760000Z,9.41
1204,20181230T061852Z,1J.TI7A.,"['CH1', 'CH2', 'CHZ']",2018-12-30T06:18:52.300000Z,5.78
1205,20181230T061958Z,1J.TI7A.,"['CH1', 'CH2', 'CHZ']",2018-12-30T06:20:08.100000Z,1.91
1206,20181230T062145Z,1J.TI7A.,"['CH1', 'CH2', 'CHZ']",2018-12-30T06:21:45.060000Z,5.7
1207,20181230T062828Z,1J.TI7A.,"['CH1', 'CH2', 'CHZ']",2018-12-30T06:28:28.380000Z,8.11
1208,20181230T063131Z,1J.TI7A.,"['CH1', 'CH2', 'CHZ']",2018-12-30T06:31:31.400000Z,8.69
1209,20181230T064554Z,1J.TI7A.,"['CH1', 'CH2', 'CHZ']",2018-12-30T06:45:57.330000Z,7.8
1210,20181230T064623Z,1J.TI7A.,"['CH1', 'CH2', 'CHZ']",2018-12-30T06:46:26.740000Z,5.13
1211,20181230T065349Z,1J.TI7A.,"['CH1', 'CH2', 'CHZ']",2018-12-30T06:53:52.780000Z,4.17
1212,20181230T065412Z,1J.TI7A.,"['CH1', 'CH2', 'CHZ']",2018-12-30T06:54:20.350000Z,5.5
1213,20181230T070402Z,1J.TI7A.,"['CH1', 'CH2', 'CHZ']",2018-12-30T07:04:05.920000Z,2.75
1214,20181230T070757Z,1J.TI7A.,"['CH1', 'CH2', 'CHZ']",2018-12-30T07:08:21.990000Z,7.68
1215,20181230T070920Z,1J.TI7A.,"['CH1', 'CH2', 'CHZ']",2018-12-30T07:09:23.820000Z,4.28
1216,20181230T073119Z,1J.TI7A.,"['CH1', 'CH2', 'CHZ']",2018-12-30T07:31:22.310000Z,4.6
1217,20181230T075136Z,1J.TI7A.,"['CH1', 'CH2', 'CHZ']",2018-12-30T07:51:39.200000Z,4.6
1218,20181230T080228Z,1J.TI7A.,"['CH1', 'CH2', 'CHZ']",2018-12-30T08:02:31.270000Z,5.28
1219,20181230T080255Z,1J.TI7A.,"['CH1', 'CH2', 'CHZ']",2018-12-30T08:02:59.620000Z,4.31
1220,20181230T080824Z,1J.TI7A.,"['CH1', 'CH2', 'CHZ']",2018-12-30T08:08:24.010000Z,7.46
1221,20181230T083303Z,1J.TI7A.,"['CH1', 'CH2', 'CHZ']",2018-12-30T08:33:09.090000Z,2.76
1222,20181230T084933Z,1J.TI7A.,"['CH1', 'CH2', 'CHZ']",2018-12-30T08:49:37.680000Z,8.01
1223,20181230T091411Z,1J.TI7A.,"['CH1', 'CH2', 'CHZ']",2018-12-30T09:14:16.290000Z,3.96
1224,20181230T091620Z,1J.TI7A.,"['CH1', 'CH2', 'CHZ']",2018-12-30T09:16:23.510000Z,2.83
1225,20181230T092347Z,1J.TI7A.,"['CH1', 'CH2', 'CHZ']",2018-12-30T09:23:55.630000Z,2.35
1226,20181230T093500Z,1J.TI7A.,"['CH1', 'CH2', 'CHZ']",2018-12-30T09:35:02.410000Z,3.59
1227,20181230T093540Z,1J.TI7A.,"['CH1', 'CH2', 'CHZ']",2018-12-30T09:35:40.740000Z,2.77
1228,20181230T093802Z,1J.TI7A.,"['CH1', 'CH2', 'CHZ']",2018-12-30T09:38:07.680000Z,1.95
1229,20181230T093844Z,1J.TI7A.,"['CH1', 'CH2', 'CHZ']",2018-12-30T09:38:50.250000Z,6.33
1230,20181230T100224Z,1J.TI7A.,"['CH1', 'CH2', 'CHZ']",2018-12-30T10:02:29.660000Z,4.35
1231,20181230T101221Z,1J.TI7A.,"['CH1', 'CH2', 'CHZ']",2018-12-30T10:12:21.930000Z,7.9
1232,20181230T102251Z,1J.TI7A.,"['CH1', 'CH2', 'CHZ']",2018-12-30T10:22:53.730000Z,9.96
1233,20181230T102319Z,1J.TI7A.,"['CH1', 'CH2', 'CHZ']",2018-12-30T10:23:23.530000Z,6.37
1234,20181230T103832Z,1J.TI7A.,"['CH1', 'CH2', 'CHZ']",2018-12-30T10:38:32.500000Z,5.98
1235,20181230T104124Z,1J.TI7A.,"['CH1', 'CH2', 'CHZ']",2018-12-30T10:41:27.780000Z,5.55
1236,20181230T104152Z,1J.TI7A.,"['CH1', 'CH2', 'CHZ']",2018-12-30T10:41:56.920000Z,4.18
1237,20181230T105459Z,1J.TI7A.,"['CH1', 'CH2', 'CHZ']",2018-12-30T10:55:01.930000Z,2.82
1238,20181230T112817Z,1J.TI7A.,"['CH1', 'CH2', 'CHZ']",2018-12-30T11:28:17.340000Z,9.03
1239,20181230T113522Z,1J.TI7A.,"['CH1', 'CH2', 'CHZ']",2018-12-30T11:35:27.070000Z,2.76
1240,20181230T115019Z,1J.TI7A.,"['CH1', 'CH2', 'CHZ']",2018-12-30T11:50:24.070000Z,2.04
1241,20181230T115302Z,1J.TI7A.,"['CH1', 'CH2', 'CHZ']",2018-12-30T11:53:05.680000Z,6.44
1242,20181230T115330Z,1J.TI7A.,"['CH1', 'CH2', 'CHZ']",2018-12-30T11:53:34.960000Z,5.51
1243,20181230T120025Z,1J.TI7A.,"['CH1', 'CH2', 'CHZ']",2018-12-30T12:00:25.380000Z,2.76
1244,20181230T122359Z,1J.TI7A.,"['CH1', 'CH2', 'CHZ']",2018-12-30T12:24:08.040000Z,3.11
1245,20181230T122429Z,1J.TI7A.,"['CH1', 'CH2', 'CHZ']",2018-12-30T12:24:34.060000Z,4.88
1246,20181230T122623Z,1J.TI7A.,"['CH1', 'CH2', 'CHZ']",2018-12-30T12:26:26.070000Z,0.89
1247,20181230T123226Z,1J.TI7A.,"['CH1', 'CH2', 'CHZ']",2018-12-30T12:32:29.820000Z,2.56
1248,20181230T123253Z,1J.TI7A.,"['CH1', 'CH2', 'CHZ']",2018-12-30T12:32:57.360000Z,5.79
1249,20181230T124041Z,1J.TI7A.,"['CH1', 'CH2', 'CHZ']",2018-12-30T12:40:43.360000Z,2.82
1250,20181230T134743Z,1J.TI7A.,"['CH1', 'CH2', 'CHZ']",2018-12-30T13:47:46.580000Z,2.75
1251,20181230T135221Z,1J.TI7A.,"['CH1', 'CH2', 'CHZ']",2018-12-30T13:52:22.580000Z,6.23
1252,20181230T135248Z,1J.TI7A.,"['CH1', 'CH2', 'CHZ']",2018-12-30T13:52:52.030000Z,4.71
1253,20181230T135534Z,1J.TI7A.,"['CH1', 'CH2', 'CHZ']",2018-12-30T13:55:35.960000Z,5.94
1254,20181230T135603Z,1J.TI7A.,"['CH1', 'CH2', 'CHZ']",2018-12-30T13:56:06.200000Z,4.23
1255,20181230T135955Z,1J.TI7A.,"['CH1', 'CH2', 'CHZ']",2018-12-30T14:00:05.300000Z,1.57
1256,20181230T140333Z,1J.TI7A.,"['CH1', 'CH2', 'CHZ']",2018-12-30T14:03:38.140000Z,3.58
1257,20181230T142330Z,1J.TI7A.,"['CH1', 'CH2', 'CHZ']",2018-12-30T14:23:31.430000Z,6.95
1258,20181230T142356Z,1J.TI7A.,"['CH1', 'CH2', 'CHZ']",2018-12-30T14:24:00.600000Z,5.68
1259,20181230T142711Z,1J.TI7A.,"['CH1', 'CH2', 'CHZ']",2018-12-30T14:27:21.900000Z,3.71
1260,20181230T143031Z,1J.TI7A.,"['CH1', 'CH2', 'CHZ']",2018-12-30T14:30:35.830000Z,1.78
1261,20181230T143537Z,1J.TI7A.,"['CH1', 'CH2', 'CHZ']",2018-12-30T14:35:43.210000Z,4.33
1262,20181230T145024Z,1J.TI7A.,"['CH1', 'CH2', 'CHZ']",2018-12-30T14:50:24.490000Z,5.59
1263,20181230T145501Z,1J.TI7A.,"['CH1', 'CH2', 'CHZ']",2018-12-30T14:55:04.500000Z,6.02
1264,20181230T145917Z,1J.TI7A.,"['CH1', 'CH2', 'CHZ']",2018-12-30T14:59:17.440000Z,5.97
1265,20181230T145942Z,1J.TI7A.,"['CH1', 'CH2', 'CHZ']",2018-12-30T14:59:43.480000Z,2.79
1266,20181230T151914Z,1J.TI7A.,"['CH1', 'CH2', 'CHZ']",2018-12-30T15:19:17.280000Z,6.47
1267,20181230T153854Z,1J.TI7A.,"['CH1', 'CH2', 'CHZ']",2018-12-30T15:38:54.690000Z,2.06
1268,20181230T154149Z,1J.TI7A.,"['CH1', 'CH2', 'CHZ']",2018-12-30T15:41:50.220000Z,7.34
1269,20181230T154216Z,1J.TI7A.,"['CH1', 'CH2', 'CHZ']",2018-12-30T15:42:19.460000Z,5.35
1270,20181230T161607Z,1J.TI7A.,"['CH1', 'CH2', 'CHZ']",2018-12-30T16:16:08.570000Z,5.34
1271,20181230T161633Z,1J.TI7A.,"['CH1', 'CH2', 'CHZ']",2018-12-30T16:16:37.050000Z,5.01
1272,20181230T164215Z,1J.TI7A.,"['CH1', 'CH2', 'CHZ']",2018-12-30T16:42:16.220000Z,6.79
1273,20181230T164240Z,1J.TI7A.,"['CH1', 'CH2', 'CHZ']",2018-12-30T16:42:45.410000Z,5.09
1274,20181230T181633Z,1J.TI7A.,"['CH1', 'CH2', 'CHZ']",2018-12-30T18:16:34.270000Z,2.1
1275,20181230T185343Z,1J.TI7A.,"['CH1', 'CH2', 'CHZ']",2018-12-30T18:53:44.770000Z,3.43
1276,20181230T185410Z,1J.TI7A.,"['CH1', 'CH2', 'CHZ']",2018-12-30T18:54:11.960000Z,5.48
1277,20181230T191010Z,1J.TI7A.,"['CH1', 'CH2', 'CHZ']",2018-12-30T19:10:10.710000Z,7.26
1278,20181230T191037Z,1J.TI7A.,"['CH1', 'CH2', 'CHZ']",2018-12-30T19:10:40.140000Z,8.79
1279,20181230T194947Z,1J.TI7A.,"['CH1', 'CH2', 'CHZ']",2018-12-30T19:49:49.380000Z,4.61
1280,20181230T195015Z,1J.TI7A.,"['CH1', 'CH2', 'CHZ']",2018-12-30T19:50:17.340000Z,5.93
1281,20181230T201516Z,1J.TI7A.,"['CH1', 'CH2', 'CHZ']",2018-12-30T20:15:17.550000Z,6.45
1282,20181230T201543Z,1J.TI7A.,"['CH1', 'CH2', 'CHZ']",2018-12-30T20:15:46.990000Z,5.5
1283,20181230T212304Z,1J.TI7A.,"['CH1', 'CH2', 'CHZ']",2018-12-30T21:23:09.310000Z,1.98
1284,20181230T222636Z,1J.TI7A.,"['CH1', 'CH2', 'CHZ']",2018-12-30T22:26:41.250000Z,2.27
1285,20181230T225005Z,1J.TI7A.,"['CH1', 'CH2', 'CHZ']",2018-12-30T22:50:05.650000Z,2.75
1286,20181230T225756Z,1J.TI7A.,"['CH1', 'CH2', 'CHZ']",2018-12-30T22:57:56.280000Z,6.23
1287,20181230T225821Z,1J.TI7A.,"['CH1', 'CH2', 'CHZ']",2018-12-30T22:58:26.220000Z,4.79
