,event_id,station,components,time,duration
0,20181229T000038Z,1J.TI4A.,"['CH1', 'CH2', 'CHZ']",2018-12-29T00:00:38.250000Z,9.33
1,20181229T000303Z,1J.TI4A.,"['CH1', 'CH2', 'CHZ']",2018-12-29T00:03:11.550000Z,5.62
2,20181229T000500Z,1J.TI4A.,"['CH1', 'CH2', 'CHZ']",2018-12-29T00:05:00.620000Z,17.84
3,20181229T000617Z,1J.TI4A.,"['CH1', 'CH2', 'CHZ']",2018-12-29T00:06:18.870000Z,5.06
4,20181229T000729Z,1J.TI4A.,"['CH1', 'CH2', 'CHZ']",2018-12-29T00:07:29.470000Z,10.69
5,20181229T000850Z,1J.TI4A.,"['CH1', 'CH2', 'CHZ']",2018-12-29T00:08:50.590000Z,7.0
6,20181229T001907Z,1J.TI4A.,"['CH1', 'CH2', 'CHZ']",2018-12-29T00:19:09.570000Z,10.06
7,20181229T002121Z,1J.TI4A.,"['CH1', 'CH2', 'CHZ']",2018-12-29T00:21:23.680000Z,14.63
8,20181229T002358Z,1J.TI4A.,"['CH1', 'CH2', 'CHZ']",2018-12-29T00:24:03.610000Z,10.84
9,20181229T002631Z,1J.TI4A.,"['CH1', 'CH2', 'CHZ']",2018-12-29T00:26:36.840000Z,5.28
10,20181229T002725Z,1J.TI4A.,"['CH1', 'CH2', 'CHZ']",2018-12-29T00:27:25.040000Z,19.8
11,20181229T002759Z,1J.TI4A.,"['CH1', 'CH2', 'CHZ']",2018-12-29T00:28:07.540000Z,4.21
12,20181229T002918Z,1J.TI4A.,"['CH1', 'CH2', 'CHZ']",2018-12-29T00:29:21.990000Z,8.87
13,20181229T003127Z,1J.TI4A.,"['CH1', 'CH2', 'CHZ']",2018-12-29T00:31:31.290000Z,10.61
14,20181229T003824Z,1J.TI4A.,"['CH1', 'CH2', 'CHZ']",2018-12-29T00:38:24.260000Z,5.05
15,20181229T004347Z,1J.TI4A.,"['CH1', 'CH2', 'CHZ']",2018-12-29T00:43:48.900000Z,15.43
16,20181229T004614Z,1J.TI4A.,"['CH1', 'CH2', 'CHZ']",2018-12-29T00:46:14.140000Z,7.26
17,20181229T004836Z,1J.TI4A.,"['CH1', 'CH2', 'CHZ']",2018-12-29T00:48:43.150000Z,5.48
18,20181229T005220Z,1J.TI4A.,"['CH1', 'CH2', 'CHZ']",2018-12-29T00:52:23.130000Z,2.49
19,20181229T005558Z,1J.TI4A.,"['CH1', 'CH2', 'CHZ']",2018-12-29T00:56:02.040000Z,8.02
20,20181229T005927Z,1J.TI4A.,"['CH1', 'CH2', 'CHZ']",2018-12-29T00:59:27.800000Z,5.73
21,20181229T010143Z,1J.TI4A.,"['CH1', 'CH2', 'CHZ']",2018-12-29T01:01:47.750000Z,7.07
22,20181229T010210Z,1J.TI4A.,"['CH1', 'CH2', 'CHZ']",2018-12-29T01:02:17.530000Z,5.89
23,20181229T011753Z,1J.TI4A.,"['CH1', 'CH2', 'CHZ']",2018-12-29T01:17:58.030000Z,7.73
24,20181229T011858Z,1J.TI4A.,"['CH1', 'CH2', 'CHZ']",2018-12-29T01:18:58.380000Z,6.91
25,20181229T011956Z,1J.TI4A.,"['CH1', 'CH2', 'CHZ']",2018-12-29T01:19:56.900000Z,9.05
26,20181229T012039Z,1J.TI4A.,"['CH1', 'CH2', 'CHZ']",2018-12-29T01:20:39.920000Z,10.1
27,20181229T012838Z,1J.TI4A.,"['CH1', 'CH2', 'CHZ']",2018-12-29T01:28:45.360000Z,3.34
28,20181229T013041Z,1J.TI4A.,"['CH1', 'CH2', 'CHZ']",2018-12-29T01:30:46.580000Z,7.75
29,20181229T014017Z,1J.TI4A.,"['CH1', 'CH2', 'CHZ']",2018-12-29T01:40:20.490000Z,9.99
30,20181229T014256Z,1J.TI4A.,"['CH1', 'CH2', 'CHZ']",2018-12-29T01:42:59.200000Z,7.99
31,20181229T014323Z,1J.TI4A.,"['CH1', 'CH2', 'CHZ']",2018-12-29T01:43:29.180000Z,3.71
32,20181229T015414Z,1J.TI4A.,"['CH1', 'CH2', 'CHZ']",2018-12-29T01:54:19.010000Z,7.02
33,20181229T015928Z,1J.TI4A.,"['CH1', 'CH2', 'CHZ']",2018-12-29T01:59:30.570000Z,5.69
34,20181229T022240Z,1J.TI4A.,"['CH1', 'CH2', 'CHZ']",2018-12-29T02:22:44.330000Z,7.86
35,20181229T022514Z,1J.TI4A.,"['CH1', 'CH2', 'CHZ']",2018-12-29T02:25:20.190000Z,4.41
36,20181229T022707Z,1J.TI4A.,"['CH1', 'CH2', 'CHZ']",2018-12-29T02:27:10.840000Z,10.04
37,20181229T022734Z,1J.TI4A.,"['CH1', 'CH2', 'CHZ']",2018-12-29T02:27:41.800000Z,4.88
38,20181229T023229Z,1J.TI4A.,"['CH1', 'CH2', 'CHZ']",2018-12-29T02:32:29.600000Z,18.91
39,20181229T023535Z,1J.TI4A.,"['CH1', 'CH2', 'CHZ']",2018-12-29T02:35:35.130000Z,14.09
40,20181229T023919Z,1J.TI4A.,"['CH1', 'CH2', 'CHZ']",2018-12-29T02:39:19.360000Z,18.91
41,20181229T024146Z,1J.TI4A.,"['CH1', 'CH2', 'CHZ']",2018-12-29T02:41:46.270000Z,19.2
42,20181229T024332Z,1J.TI4A.,"['CH1', 'CH2', 'CHZ']",2018-12-29T02:43:36.720000Z,12.68
43,20181229T024452Z,1J.TI4A.,"['CH1', 'CH2', 'CHZ']",2018-12-29T02:44:52.620000Z,14.29
44,20181229T024645Z,1J.TI4A.,"['CH1', 'CH2', 'CHZ']",2018-12-29T02:46:45.400000Z,6.2
45,20181229T024756Z,1J.TI4A.,"['CH1', 'CH2', 'CHZ']",2018-12-29T02:48:00.120000Z,8.96
46,20181229T025242Z,1J.TI4A.,"['CH1', 'CH2', 'CHZ']",2018-12-29T02:52:46.710000Z,2.63
47,20181229T025750Z,1J.TI4A.,"['CH1', 'CH2', 'CHZ']",2018-12-29T02:57:54.320000Z,7.54
48,20181229T030121Z,1J.TI4A.,"['CH1', 'CH2', 'CHZ']",2018-12-29T03:01:21.710000Z,22.77
49,20181229T030619Z,1J.TI4A.,"['CH1', 'CH2', 'CHZ']",2018-12-29T03:06:21.070000Z,14.94
50,20181229T030745Z,1J.TI4A.,"['CH1', 'CH2', 'CHZ']",2018-12-29T03:07:45.240000Z,7.49
51,20181229T030847Z,1J.TI4A.,"['CH1', 'CH2', 'CHZ']",2018-12-29T03:08:47.810000Z,10.39
52,20181229T030938Z,1J.TI4A.,"['CH1', 'CH2', 'CHZ']",2018-12-29T03:09:38.600000Z,12.27
53,20181229T031237Z,1J.TI4A.,"['CH1', 'CH2', 'CHZ']",2018-12-29T03:12:37.190000Z,12.64
54,20181229T031448Z,1J.TI4A.,"['CH1', 'CH2', 'CHZ']",2018-12-29T03:14:48.670000Z,13.76
55,20181229T031634Z,1J.TI4A.,"['CH1', 'CH2', 'CHZ']",2018-12-29T03:16:39.560000Z,12.04
56,20181229T031707Z,1J.TI4A.,"['CH1', 'CH2', 'CHZ']",2018-12-29T03:17:10.280000Z,10.93
57,20181229T031941Z,1J.TI4A.,"['CH1', 'CH2', 'CHZ']",2018-12-29T03:19:42.550000Z,6.77
58,20181229T032011Z,1J.TI4A.,"['CH1', 'CH2', 'CHZ']",2018-12-29T03:20:11.390000Z,7.51
59,20181229T032153Z,1J.TI4A.,"['CH1', 'CH2', 'CHZ']",2018-12-29T03:21:53.130000Z,8.91
60,20181229T032716Z,1J.TI4A.,"['CH1', 'CH2', 'CHZ']",2018-12-29T03:27:20.600000Z,7.17
61,20181229T032936Z,1J.TI4A.,"['CH1', 'CH2', 'CHZ']",2018-12-29T03:29:46.430000Z,6.59
62,20181229T033159Z,1J.TI4A.,"['CH1', 'CH2', 'CHZ']",2018-12-29T03:31:59.970000Z,7.38
63,20181229T033331Z,1J.TI4A.,"['CH1', 'CH2', 'CHZ']",2018-12-29T03:33:33.140000Z,7.58
64,20181229T034019Z,1J.TI4A.,"['CH1', 'CH2', 'CHZ']",2018-12-29T03:40:19.160000Z,12.45
65,20181229T034604Z,1J.TI4A.,"['CH1', 'CH2', 'CHZ']",2018-12-29T03:46:08.630000Z,4.44
66,20181229T035033Z,1J.TI4A.,"['CH1', 'CH2', 'CHZ']",2018-12-29T03:50:38.190000Z,14.27
67,20181229T035725Z,1J.TI4A.,"['CH1', 'CH2', 'CHZ']",2018-12-29T03:57:25.940000Z,5.65
68,20181229T040429Z,1J.TI4A.,"['CH1', 'CH2', 'CHZ']",2018-12-29T04:04:32.700000Z,8.17
69,20181229T040653Z,1J.TI4A.,"['CH1', 'CH2', 'CHZ']",2018-12-29T04:06:53.150000Z,5.74
70,20181229T040956Z,1J.TI4A.,"['CH1', 'CH2', 'CHZ']",2018-12-29T04:09:56.890000Z,7.86
71,20181229T041232Z,1J.TI4A.,"['CH1', 'CH2', 'CHZ']",2018-12-29T04:12:37.590000Z,6.24
72,20181229T042117Z,1J.TI4A.,"['CH1', 'CH2', 'CHZ']",2018-12-29T04:21:21.680000Z,9.22
73,20181229T042146Z,1J.TI4A.,"['CH1', 'CH2', 'CHZ']",2018-12-29T04:21:52.770000Z,5.21
74,20181229T043325Z,1J.TI4A.,"['CH1', 'CH2', 'CHZ']",2018-12-29T04:33:25.370000Z,18.14
75,20181229T043439Z,1J.TI4A.,"['CH1', 'CH2', 'CHZ']",2018-12-29T04:34:39.930000Z,7.38
76,20181229T043617Z,1J.TI4A.,"['CH1', 'CH2', 'CHZ']",2018-12-29T04:36:22.180000Z,4.33
77,20181229T044133Z,1J.TI4A.,"['CH1', 'CH2', 'CHZ']",2018-12-29T04:41:37.310000Z,9.38
78,20181229T044303Z,1J.TI4A.,"['CH1', 'CH2', 'CHZ']",2018-12-29T04:43:03.370000Z,5.15
79,20181229T045349Z,1J.TI4A.,"['CH1', 'CH2', 'CHZ']",2018-12-29T04:53:52.150000Z,8.13
80,20181229T045845Z,1J.TI4A.,"['CH1', 'CH2', 'CHZ']",2018-12-29T04:58:47.090000Z,5.06
81,20181229T050145Z,1J.TI4A.,"['CH1', 'CH2', 'CHZ']",2018-12-29T05:01:47.130000Z,7.97
82,20181229T050811Z,1J.TI4A.,"['CH1', 'CH2', 'CHZ']",2018-12-29T05:08:19.340000Z,9.36
83,20181229T050950Z,1J.TI4A.,"['CH1', 'CH2', 'CHZ']",2018-12-29T05:09:54.460000Z,9.43
84,20181229T051346Z,1J.TI4A.,"['CH1', 'CH2', 'CHZ']",2018-12-29T05:13:47.220000Z,7.34
85,20181229T052604Z,1J.TI4A.,"['CH1', 'CH2', 'CHZ']",2018-12-29T05:26:04.850000Z,8.08
86,20181229T053204Z,1J.TI4A.,"['CH1', 'CH2', 'CHZ']",2018-12-29T05:32:08.560000Z,9.69
87,20181229T053232Z,1J.TI4A.,"['CH1', 'CH2', 'CHZ']",2018-12-29T05:32:40.350000Z,3.39
88,20181229T053816Z,1J.TI4A.,"['CH1', 'CH2', 'CHZ']",2018-12-29T05:38:19.920000Z,9.91
89,20181229T054139Z,1J.TI4A.,"['CH1', 'CH2', 'CHZ']",2018-12-29T05:41:40.780000Z,9.93
90,20181229T054501Z,1J.TI4A.,"['CH1', 'CH2', 'CHZ']",2018-12-29T05:45:01.580000Z,5.86
91,20181229T054734Z,1J.TI4A.,"['CH1', 'CH2', 'CHZ']",2018-12-29T05:47:37.750000Z,10.2
92,20181229T054803Z,1J.TI4A.,"['CH1', 'CH2', 'CHZ']",2018-12-29T05:48:11.170000Z,3.89
93,20181229T055142Z,1J.TI4A.,"['CH1', 'CH2', 'CHZ']",2018-12-29T05:51:42.920000Z,8.04
94,20181229T060355Z,1J.TI4A.,"['CH1', 'CH2', 'CHZ']",2018-12-29T06:03:55.350000Z,6.89
95,20181229T060712Z,1J.TI4A.,"['CH1', 'CH2', 'CHZ']",2018-12-29T06:07:14.310000Z,9.73
96,20181229T060831Z,1J.TI4A.,"['CH1', 'CH2', 'CHZ']",2018-12-29T06:08:35.250000Z,23.44
97,20181229T061010Z,1J.TI4A.,"['CH1', 'CH2', 'CHZ']",2018-12-29T06:10:10.150000Z,5.09
98,20181229T061138Z,1J.TI4A.,"['CH1', 'CH2', 'CHZ']",2018-12-29T06:11:38.860000Z,4.67
99,20181229T061243Z,1J.TI4A.,"['CH1', 'CH2', 'CHZ']",2018-12-29T06:12:46.860000Z,9.06
100,20181229T061409Z,1J.TI4A.,"['CH1', 'CH2', 'CHZ']",2018-12-29T06:14:10.960000Z,12.06
101,20181229T061612Z,1J.TI4A.,"['CH1', 'CH2', 'CHZ']",2018-12-29T06:16:13.630000Z,4.43
102,20181229T061656Z,1J.TI4A.,"['CH1', 'CH2', 'CHZ']",2018-12-29T06:16:57.930000Z,8.66
103,20181229T062854Z,1J.TI4A.,"['CH1', 'CH2', 'CHZ']",2018-12-29T06:28:55.580000Z,7.9
104,20181229T063010Z,1J.TI4A.,"['CH1', 'CH2', 'CHZ']",2018-12-29T06:30:12.370000Z,7.19
105,20181229T063508Z,1J.TI4A.,"['CH1', 'CH2', 'CHZ']",2018-12-29T06:35:11.920000Z,10.03
106,20181229T063952Z,1J.TI4A.,"['CH1', 'CH2', 'CHZ']",2018-12-29T06:39:56.030000Z,4.43
107,20181229T064143Z,1J.TI4A.,"['CH1', 'CH2', 'CHZ']",2018-12-29T06:41:49.280000Z,4.36
108,20181229T064315Z,1J.TI4A.,"['CH1', 'CH2', 'CHZ']",2018-12-29T06:43:19.530000Z,9.28
109,20181229T065603Z,1J.TI4A.,"['CH1', 'CH2', 'CHZ']",2018-12-29T06:56:04.290000Z,8.1
110,20181229T070441Z,1J.TI4A.,"['CH1', 'CH2', 'CHZ']",2018-12-29T07:04:41.220000Z,17.52
111,20181229T070615Z,1J.TI4A.,"['CH1', 'CH2', 'CHZ']",2018-12-29T07:06:24.900000Z,4.36
112,20181229T070650Z,1J.TI4A.,"['CH1', 'CH2', 'CHZ']",2018-12-29T07:06:50.980000Z,5.9
113,20181229T070914Z,1J.TI4A.,"['CH1', 'CH2', 'CHZ']",2018-12-29T07:09:15.640000Z,8.69
114,20181229T071343Z,1J.TI4A.,"['CH1', 'CH2', 'CHZ']",2018-12-29T07:13:51.400000Z,9.39
115,20181229T071434Z,1J.TI4A.,"['CH1', 'CH2', 'CHZ']",2018-12-29T07:14:41.410000Z,7.06
116,20181229T071828Z,1J.TI4A.,"['CH1', 'CH2', 'CHZ']",2018-12-29T07:18:35.030000Z,3.43
117,20181229T072144Z,1J.TI4A.,"['CH1', 'CH2', 'CHZ']",2018-12-29T07:21:46.430000Z,7.77
118,20181229T072540Z,1J.TI4A.,"['CH1', 'CH2', 'CHZ']",2018-12-29T07:25:44.450000Z,13.82
119,20181229T073340Z,1J.TI4A.,"['CH1', 'CH2', 'CHZ']",2018-12-29T07:33:41.430000Z,8.09
120,20181229T074337Z,1J.TI4A.,"['CH1', 'CH2', 'CHZ']",2018-12-29T07:43:45.310000Z,8.63
121,20181229T074505Z,1J.TI4A.,"['CH1', 'CH2', 'CHZ']",2018-12-29T07:45:09.770000Z,7.56
122,20181229T074554Z,1J.TI4A.,"['CH1', 'CH2', 'CHZ']",2018-12-29T07:46:00.440000Z,8.27
123,20181229T074710Z,1J.TI4A.,"['CH1', 'CH2', 'CHZ']",2018-12-29T07:47:13.430000Z,6.52
124,20181229T075809Z,1J.TI4A.,"['CH1', 'CH2', 'CHZ']",2018-12-29T07:58:18.180000Z,1.96
125,20181229T075835Z,1J.TI4A.,"['CH1', 'CH2', 'CHZ']",2018-12-29T07:58:36.500000Z,5.89
126,20181229T080348Z,1J.TI4A.,"['CH1', 'CH2', 'CHZ']",2018-12-29T08:03:52.510000Z,9.31
127,20181229T080530Z,1J.TI4A.,"['CH1', 'CH2', 'CHZ']",2018-12-29T08:05:30.900000Z,10.22
128,20181229T080658Z,1J.TI4A.,"['CH1', 'CH2', 'CHZ']",2018-12-29T08:06:58.210000Z,4.74
129,20181229T080727Z,1J.TI4A.,"['CH1', 'CH2', 'CHZ']",2018-12-29T08:07:31.750000Z,2.11
130,20181229T081111Z,1J.TI4A.,"['CH1', 'CH2', 'CHZ']",2018-12-29T08:11:13.600000Z,8.18
131,20181229T082032Z,1J.TI4A.,"['CH1', 'CH2', 'CHZ']",2018-12-29T08:20:35.250000Z,9.87
132,20181229T082314Z,1J.TI4A.,"['CH1', 'CH2', 'CHZ']",2018-12-29T08:23:16.300000Z,6.89
133,20181229T083314Z,1J.TI4A.,"['CH1', 'CH2', 'CHZ']",2018-12-29T08:33:18.260000Z,8.3
134,20181229T083552Z,1J.TI4A.,"['CH1', 'CH2', 'CHZ']",2018-12-29T08:35:52.820000Z,8.58
135,20181229T083700Z,1J.TI4A.,"['CH1', 'CH2', 'CHZ']",2018-12-29T08:37:03.600000Z,11.51
136,20181229T083728Z,1J.TI4A.,"['CH1', 'CH2', 'CHZ']",2018-12-29T08:37:37.090000Z,4.3
137,20181229T084114Z,1J.TI4A.,"['CH1', 'CH2', 'CHZ']",2018-12-29T08:41:18.240000Z,2.95
138,20181229T084411Z,1J.TI4A.,"['CH1', 'CH2', 'CHZ']",2018-12-29T08:44:12.210000Z,5.19
139,20181229T085054Z,1J.TI4A.,"['CH1', 'CH2', 'CHZ']",2018-12-29T08:50:54.320000Z,6.97
140,20181229T085125Z,1J.TI4A.,"['CH1', 'CH2', 'CHZ']",2018-12-29T08:51:33.150000Z,4.0
141,20181229T085627Z,1J.TI4A.,"['CH1', 'CH2', 'CHZ']",2018-12-29T08:56:27.150000Z,3.57
142,20181229T090307Z,1J.TI4A.,"['CH1', 'CH2', 'CHZ']",2018-12-29T09:03:09.440000Z,5.11
143,20181229T090812Z,1J.TI4A.,"['CH1', 'CH2', 'CHZ']",2018-12-29T09:08:14.190000Z,8.14
144,20181229T091137Z,1J.TI4A.,"['CH1', 'CH2', 'CHZ']",2018-12-29T09:11:41.270000Z,8.19
145,20181229T091228Z,1J.TI4A.,"['CH1', 'CH2', 'CHZ']",2018-12-29T09:12:35.260000Z,6.29
146,20181229T091258Z,1J.TI4A.,"['CH1', 'CH2', 'CHZ']",2018-12-29T09:13:05.010000Z,2.84
147,20181229T091745Z,1J.TI4A.,"['CH1', 'CH2', 'CHZ']",2018-12-29T09:17:48.870000Z,10.09
148,20181229T091837Z,1J.TI4A.,"['CH1', 'CH2', 'CHZ']",2018-12-29T09:18:37.470000Z,8.25
149,20181229T092429Z,1J.TI4A.,"['CH1', 'CH2', 'CHZ']",2018-12-29T09:24:30.200000Z,6.57
150,20181229T093013Z,1J.TI4A.,"['CH1', 'CH2', 'CHZ']",2018-12-29T09:30:14.350000Z,8.82
151,20181229T093141Z,1J.TI4A.,"['CH1', 'CH2', 'CHZ']",2018-12-29T09:31:45.100000Z,4.23
152,20181229T093710Z,1J.TI4A.,"['CH1', 'CH2', 'CHZ']",2018-12-29T09:37:10.720000Z,17.06
153,20181229T093755Z,1J.TI4A.,"['CH1', 'CH2', 'CHZ']",2018-12-29T09:37:55.240000Z,7.47
154,20181229T094239Z,1J.TI4A.,"['CH1', 'CH2', 'CHZ']",2018-12-29T09:42:41.710000Z,2.15
155,20181229T094713Z,1J.TI4A.,"['CH1', 'CH2', 'CHZ']",2018-12-29T09:47:17.580000Z,14.76
156,20181229T095504Z,1J.TI4A.,"['CH1', 'CH2', 'CHZ']",2018-12-29T09:55:04.740000Z,13.21
157,20181229T095622Z,1J.TI4A.,"['CH1', 'CH2', 'CHZ']",2018-12-29T09:56:22.600000Z,7.44
158,20181229T100322Z,1J.TI4A.,"['CH1', 'CH2', 'CHZ']",2018-12-29T10:03:23.430000Z,3.72
159,20181229T100359Z,1J.TI4A.,"['CH1', 'CH2', 'CHZ']",2018-12-29T10:03:59.590000Z,5.89
160,20181229T100811Z,1J.TI4A.,"['CH1', 'CH2', 'CHZ']",2018-12-29T10:08:13.540000Z,8.11
161,20181229T101300Z,1J.TI4A.,"['CH1', 'CH2', 'CHZ']",2018-12-29T10:13:05.000000Z,7.04
162,20181229T102147Z,1J.TI4A.,"['CH1', 'CH2', 'CHZ']",2018-12-29T10:21:47.390000Z,7.67
163,20181229T102556Z,1J.TI4A.,"['CH1', 'CH2', 'CHZ']",2018-12-29T10:25:57.610000Z,8.14
164,20181229T103500Z,1J.TI4A.,"['CH1', 'CH2', 'CHZ']",2018-12-29T10:35:00.140000Z,9.7
165,20181229T103521Z,1J.TI4A.,"['CH1', 'CH2', 'CHZ']",2018-12-29T10:35:21.040000Z,4.83
166,20181229T103551Z,1J.TI4A.,"['CH1', 'CH2', 'CHZ']",2018-12-29T10:35:58.990000Z,4.56
167,20181229T103756Z,1J.TI4A.,"['CH1', 'CH2', 'CHZ']",2018-12-29T10:37:58.650000Z,8.05
168,20181229T104236Z,1J.TI4A.,"['CH1', 'CH2', 'CHZ']",2018-12-29T10:42:40.830000Z,7.32
169,20181229T105141Z,1J.TI4A.,"['CH1', 'CH2', 'CHZ']",2018-12-29T10:51:43.280000Z,7.62
170,20181229T105239Z,1J.TI4A.,"['CH1', 'CH2', 'CHZ']",2018-12-29T10:52:53.800000Z,13.25
171,20181229T105344Z,1J.TI4A.,"['CH1', 'CH2', 'CHZ']",2018-12-29T10:53:54.710000Z,7.9
172,20181229T105628Z,1J.TI4A.,"['CH1', 'CH2', 'CHZ']",2018-12-29T10:56:32.720000Z,4.7
173,20181229T105819Z,1J.TI4A.,"['CH1', 'CH2', 'CHZ']",2018-12-29T10:58:19.830000Z,10.58
174,20181229T105951Z,1J.TI4A.,"['CH1', 'CH2', 'CHZ']",2018-12-29T10:59:51.280000Z,17.68
175,20181229T110206Z,1J.TI4A.,"['CH1', 'CH2', 'CHZ']",2018-12-29T11:02:06.950000Z,5.6
176,20181229T110330Z,1J.TI4A.,"['CH1', 'CH2', 'CHZ']",2018-12-29T11:03:32.940000Z,6.97
177,20181229T110707Z,1J.TI4A.,"['CH1', 'CH2', 'CHZ']",2018-12-29T11:07:07.720000Z,11.04
178,20181229T111635Z,1J.TI4A.,"['CH1', 'CH2', 'CHZ']",2018-12-29T11:16:36.040000Z,7.75
179,20181229T112501Z,1J.TI4A.,"['CH1', 'CH2', 'CHZ']",2018-12-29T11:25:10.110000Z,4.96
180,20181229T112641Z,1J.TI4A.,"['CH1', 'CH2', 'CHZ']",2018-12-29T11:26:44.370000Z,7.78
181,20181229T112813Z,1J.TI4A.,"['CH1', 'CH2', 'CHZ']",2018-12-29T11:28:16.070000Z,6.25
182,20181229T113140Z,1J.TI4A.,"['CH1', 'CH2', 'CHZ']",2018-12-29T11:31:40.910000Z,12.15
183,20181229T113533Z,1J.TI4A.,"['CH1', 'CH2', 'CHZ']",2018-12-29T11:35:33.080000Z,10.37
184,20181229T113639Z,1J.TI4A.,"['CH1', 'CH2', 'CHZ']",2018-12-29T11:36:39.690000Z,7.25
185,20181229T113729Z,1J.TI4A.,"['CH1', 'CH2', 'CHZ']",2018-12-29T11:37:30.670000Z,4.35
186,20181229T114008Z,1J.TI4A.,"['CH1', 'CH2', 'CHZ']",2018-12-29T11:40:08.180000Z,17.82
187,20181229T114210Z,1J.TI4A.,"['CH1', 'CH2', 'CHZ']",2018-12-29T11:42:26.270000Z,2.84
188,20181229T122216Z,1J.TI4A.,"['CH1', 'CH2', 'CHZ']",2018-12-29T12:22:21.370000Z,2.9
189,20181229T122935Z,1J.TI4A.,"['CH1', 'CH2', 'CHZ']",2018-12-29T12:29:40.100000Z,2.82
190,20181229T123755Z,1J.TI4A.,"['CH1', 'CH2', 'CHZ']",2018-12-29T12:37:55.240000Z,9.97
191,20181229T125703Z,1J.TI4A.,"['CH1', 'CH2', 'CHZ']",2018-12-29T12:57:06.090000Z,9.07
192,20181229T152945Z,1J.TI4A.,"['CH1', 'CH2', 'CHZ']",2018-12-29T15:29:45.380000Z,16.54
193,20181229T153612Z,1J.TI4A.,"['CH1', 'CH2', 'CHZ']",2018-12-29T15:36:17.090000Z,1.77
194,20181229T155419Z,1J.TI4A.,"['CH1', 'CH2', 'CHZ']",2018-12-29T15:54:19.260000Z,9.28
195,20181229T155734Z,1J.TI4A.,"['CH1', 'CH2', 'CHZ']",2018-12-29T15:57:34.580000Z,7.82
196,20181229T155852Z,1J.TI4A.,"['CH1', 'CH2', 'CHZ']",2018-12-29T15:58:52.820000Z,6.67
197,20181229T160210Z,1J.TI4A.,"['CH1', 'CH2', 'CHZ']",2018-12-29T16:02:10.860000Z,7.13
198,20181229T160353Z,1J.TI4A.,"['CH1', 'CH2', 'CHZ']",2018-12-29T16:03:53.550000Z,9.56
199,20181229T160504Z,1J.TI4A.,"['CH1', 'CH2', 'CHZ']",2018-12-29T16:05:04.080000Z,21.3
200,20181229T161548Z,1J.TI4A.,"['CH1', 'CH2', 'CHZ']",2018-12-29T16:15:48.970000Z,7.16
201,20181229T161941Z,1J.TI4A.,"['CH1', 'CH2', 'CHZ']",2018-12-29T16:19:41.980000Z,5.68
202,20181229T162203Z,1J.TI4A.,"['CH1', 'CH2', 'CHZ']",2018-12-29T16:22:03.010000Z,8.11
203,20181229T162819Z,1J.TI4A.,"['CH1', 'CH2', 'CHZ']",2018-12-29T16:28:19.590000Z,9.03
204,20181229T162846Z,1J.TI4A.,"['CH1', 'CH2', 'CHZ']",2018-12-29T16:28:46.890000Z,8.94
205,20181229T162953Z,1J.TI4A.,"['CH1', 'CH2', 'CHZ']",2018-12-29T16:29:53.810000Z,16.62
206,20181229T163235Z,1J.TI4A.,"['CH1', 'CH2', 'CHZ']",2018-12-29T16:32:35.410000Z,10.46
207,20181229T163321Z,1J.TI4A.,"['CH1', 'CH2', 'CHZ']",2018-12-29T16:33:21.660000Z,6.93
208,20181229T163429Z,1J.TI4A.,"['CH1', 'CH2', 'CHZ']",2018-12-29T16:34:29.640000Z,20.97
209,20181229T164014Z,1J.TI4A.,"['CH1', 'CH2', 'CHZ']",2018-12-29T16:40:14.780000Z,12.34
210,20181229T164111Z,1J.TI4A.,"['CH1', 'CH2', 'CHZ']",2018-12-29T16:41:11.720000Z,7.77
211,20181229T164301Z,1J.TI4A.,"['CH1', 'CH2', 'CHZ']",2018-12-29T16:43:01.380000Z,15.93
212,20181229T164443Z,1J.TI4A.,"['CH1', 'CH2', 'CHZ']",2018-12-29T16:44:43.810000Z,14.59
213,20181229T164631Z,1J.TI4A.,"['CH1', 'CH2', 'CHZ']",2018-12-29T16:46:32.440000Z,7.19
214,20181229T165200Z,1J.TI4A.,"['CH1', 'CH2', 'CHZ']",2018-12-29T16:52:00.120000Z,16.53
215,20181229T173241Z,1J.TI4A.,"['CH1', 'CH2', 'CHZ']",2018-12-29T17:32:41.600000Z,6.11
216,20181229T173314Z,1J.TI4A.,"['CH1', 'CH2', 'CHZ']",2018-12-29T17:33:17.800000Z,4.16
217,20181229T173611Z,1J.TI4A.,"['CH1', 'CH2', 'CHZ']",2018-12-29T17:36:11.550000Z,6.22
218,20181229T174220Z,1J.TI4A.,"['CH1', 'CH2', 'CHZ']",2018-12-29T17:42:25.750000Z,5.77
219,20181229T175227Z,1J.TI4A.,"['CH1', 'CH2', 'CHZ']",2018-12-29T17:52:27.020000Z,7.49
220,20181229T175314Z,1J.TI4A.,"['CH1', 'CH2', 'CHZ']",2018-12-29T17:53:14.000000Z,3.99
221,20181229T175428Z,1J.TI4A.,"['CH1', 'CH2', 'CHZ']",2018-12-29T17:54:28.220000Z,7.62
222,20181229T175710Z,1J.TI4A.,"['CH1', 'CH2', 'CHZ']",2018-12-29T17:57:10.710000Z,9.96
223,20181229T175952Z,1J.TI4A.,"['CH1', 'CH2', 'CHZ']",2018-12-29T17:59:53.900000Z,8.32
224,20181229T180107Z,1J.TI4A.,"['CH1', 'CH2', 'CHZ']",2018-12-29T18:01:07.380000Z,12.13
225,20181229T180310Z,1J.TI4A.,"['CH1', 'CH2', 'CHZ']",2018-12-29T18:03:10.960000Z,7.81
226,20181229T180856Z,1J.TI4A.,"['CH1', 'CH2', 'CHZ']",2018-12-29T18:08:56.710000Z,9.59
227,20181229T180928Z,1J.TI4A.,"['CH1', 'CH2', 'CHZ']",2018-12-29T18:09:28.030000Z,7.93
228,20181229T181028Z,1J.TI4A.,"['CH1', 'CH2', 'CHZ']",2018-12-29T18:10:29.490000Z,10.09
229,20181229T181055Z,1J.TI4A.,"['CH1', 'CH2', 'CHZ']",2018-12-29T18:11:01.750000Z,4.8
230,20181229T181403Z,1J.TI4A.,"['CH1', 'CH2', 'CHZ']",2018-12-29T18:14:03.560000Z,9.38
231,20181229T181506Z,1J.TI4A.,"['CH1', 'CH2', 'CHZ']",2018-12-29T18:15:06.240000Z,5.25
232,20181229T181652Z,1J.TI4A.,"['CH1', 'CH2', 'CHZ']",2018-12-29T18:16:52.320000Z,5.21
233,20181229T181724Z,1J.TI4A.,"['CH1', 'CH2', 'CHZ']",2018-12-29T18:17:24.540000Z,16.15
234,20181229T182236Z,1J.TI4A.,"['CH1', 'CH2', 'CHZ']",2018-12-29T18:22:36.450000Z,5.03
235,20181229T182530Z,1J.TI4A.,"['CH1', 'CH2', 'CHZ']",2018-12-29T18:25:30.040000Z,7.36
236,20181229T182809Z,1J.TI4A.,"['CH1', 'CH2', 'CHZ']",2018-12-29T18:28:09.710000Z,8.78
237,20181229T183022Z,1J.TI4A.,"['CH1', 'CH2', 'CHZ']",2018-12-29T18:30:22.650000Z,16.8
238,20181229T183315Z,1J.TI4A.,"['CH1', 'CH2', 'CHZ']",2018-12-29T18:33:15.760000Z,5.31
239,20181229T183326Z,1J.TI4A.,"['CH1', 'CH2', 'CHZ']",2018-12-29T18:33:26.490000Z,16.02
240,20181229T183452Z,1J.TI4A.,"['CH1', 'CH2', 'CHZ']",2018-12-29T18:34:52.040000Z,13.26
241,20181229T184410Z,1J.TI4A.,"['CH1', 'CH2', 'CHZ']",2018-12-29T18:44:10.060000Z,5.53
242,20181229T184606Z,1J.TI4A.,"['CH1', 'CH2', 'CHZ']",2018-12-29T18:46:06.750000Z,14.11
243,20181229T185749Z,1J.TI4A.,"['CH1', 'CH2', 'CHZ']",2018-12-29T18:57:49.570000Z,10.15
244,20181229T190427Z,1J.TI4A.,"['CH1', 'CH2', 'CHZ']",2018-12-29T19:04:28.290000Z,8.21
245,20181229T190453Z,1J.TI4A.,"['CH1', 'CH2', 'CHZ']",2018-12-29T19:04:59.580000Z,5.75
246,20181229T190828Z,1J.TI4A.,"['CH1', 'CH2', 'CHZ']",2018-12-29T19:08:28.850000Z,7.66
247,20181229T191333Z,1J.TI4A.,"['CH1', 'CH2', 'CHZ']",2018-12-29T19:13:33.460000Z,8.53
248,20181229T191533Z,1J.TI4A.,"['CH1', 'CH2', 'CHZ']",2018-12-29T19:15:33.210000Z,7.81
249,20181229T191954Z,1J.TI4A.,"['CH1', 'CH2', 'CHZ']",2018-12-29T19:19:54.340000Z,7.32
250,20181229T192502Z,1J.TI4A.,"['CH1', 'CH2', 'CHZ']",2018-12-29T19:25:06.120000Z,11.94
251,20181229T193207Z,1J.TI4A.,"['CH1', 'CH2', 'CHZ']",2018-12-29T19:32:07.500000Z,7.22
252,20181229T193526Z,1J.TI4A.,"['CH1', 'CH2', 'CHZ']",2018-12-29T19:35:27.910000Z,2.71
253,20181229T194307Z,1J.TI4A.,"['CH1', 'CH2', 'CHZ']",2018-12-29T19:43:08.860000Z,8.46
254,20181229T195238Z,1J.TI4A.,"['CH1', 'CH2', 'CHZ']",2018-12-29T19:52:38.600000Z,8.73
255,20181229T195303Z,1J.TI4A.,"['CH1', 'CH2', 'CHZ']",2018-12-29T19:53:10.260000Z,3.87
256,20181229T195532Z,1J.TI4A.,"['CH1', 'CH2', 'CHZ']",2018-12-29T19:55:32.620000Z,7.12
257,20181229T200235Z,1J.TI4A.,"['CH1', 'CH2', 'CHZ']",2018-12-29T20:02:35.270000Z,12.28
258,20181229T200447Z,1J.TI4A.,"['CH1', 'CH2', 'CHZ']",2018-12-29T20:04:47.370000Z,6.67
259,20181229T200559Z,1J.TI4A.,"['CH1', 'CH2', 'CHZ']",2018-12-29T20:06:01.660000Z,7.95
260,20181229T200917Z,1J.TI4A.,"['CH1', 'CH2', 'CHZ']",2018-12-29T20:09:17.310000Z,7.66
261,20181229T201236Z,1J.TI4A.,"['CH1', 'CH2', 'CHZ']",2018-12-29T20:12:36.350000Z,8.24
262,20181229T201406Z,1J.TI4A.,"['CH1', 'CH2', 'CHZ']",2018-12-29T20:14:07.200000Z,9.0
263,20181229T201430Z,1J.TI4A.,"['CH1', 'CH2', 'CHZ']",2018-12-29T20:14:30.390000Z,7.98
264,20181229T202015Z,1J.TI4A.,"['CH1', 'CH2', 'CHZ']",2018-12-29T20:20:15.500000Z,10.14
265,20181229T202127Z,1J.TI4A.,"['CH1', 'CH2', 'CHZ']",2018-12-29T20:21:27.170000Z,10.52
266,20181229T202140Z,1J.TI4A.,"['CH1', 'CH2', 'CHZ']",2018-12-29T20:21:47.330000Z,13.89
267,20181229T202209Z,1J.TI4A.,"['CH1', 'CH2', 'CHZ']",2018-12-29T20:22:18.480000Z,2.59
268,20181229T202601Z,1J.TI4A.,"['CH1', 'CH2', 'CHZ']",2018-12-29T20:26:03.060000Z,24.6
269,20181229T203154Z,1J.TI4A.,"['CH1', 'CH2', 'CHZ']",2018-12-29T20:31:54.370000Z,6.3
270,20181229T203256Z,1J.TI4A.,"['CH1', 'CH2', 'CHZ']",2018-12-29T20:32:56.240000Z,6.27
271,20181229T213739Z,1J.TI4A.,"['CH1', 'CH2', 'CHZ']",2018-12-29T21:37:39.900000Z,8.32
272,20181229T213810Z,1J.TI4A.,"['CH1', 'CH2', 'CHZ']",2018-12-29T21:38:10.970000Z,8.16
273,20181229T214535Z,1J.TI4A.,"['CH1', 'CH2', 'CHZ']",2018-12-29T21:45:35.380000Z,15.35
274,20181229T214831Z,1J.TI4A.,"['CH1', 'CH2', 'CHZ']",2018-12-29T21:48:31.540000Z,16.93
275,20181229T215149Z,1J.TI4A.,"['CH1', 'CH2', 'CHZ']",2018-12-29T21:51:49.530000Z,8.21
276,20181229T215233Z,1J.TI4A.,"['CH1', 'CH2', 'CHZ']",2018-12-29T21:52:33.460000Z,15.51
277,20181229T215750Z,1J.TI4A.,"['CH1', 'CH2', 'CHZ']",2018-12-29T21:57:50.940000Z,15.9
278,20181229T000400Z,1J.TI3A.,"['CH1', 'CH2', 'CHZ']",2018-12-29T00:04:00.660000Z,6.21
279,20181229T001234Z,1J.TI3A.,"['CH1', 'CH2', 'CHZ']",2018-12-29T00:12:34.320000Z,5.5
280,20181229T001613Z,1J.TI3A.,"['CH1', 'CH2', 'CHZ']",2018-12-29T00:16:13.820000Z,4.37
281,20181229T001731Z,1J.TI3A.,"['CH1', 'CH2', 'CHZ']",2018-12-29T00:17:31.990000Z,3.37
282,20181229T001907Z,1J.TI3A.,"['CH1', 'CH2', 'CHZ']",2018-12-29T00:19:15.920000Z,5.53
283,20181229T002631Z,1J.TI3A.,"['CH1', 'CH2', 'CHZ']",2018-12-29T00:26:31.540000Z,6.14
284,20181229T002725Z,1J.TI3A.,"['CH1', 'CH2', 'CHZ']",2018-12-29T00:27:30.530000Z,7.51
285,20181229T002759Z,1J.TI3A.,"['CH1', 'CH2', 'CHZ']",2018-12-29T00:27:59.520000Z,6.86
286,20181229T002918Z,1J.TI3A.,"['CH1', 'CH2', 'CHZ']",2018-12-29T00:29:18.610000Z,9.23
287,20181229T003127Z,1J.TI3A.,"['CH1', 'CH2', 'CHZ']",2018-12-29T00:31:27.250000Z,9.57
288,20181229T003217Z,1J.TI3A.,"['CH1', 'CH2', 'CHZ']",2018-12-29T00:32:17.520000Z,12.69
289,20181229T004805Z,1J.TI3A.,"['CH1', 'CH2', 'CHZ']",2018-12-29T00:48:10.940000Z,4.51
290,20181229T004836Z,1J.TI3A.,"['CH1', 'CH2', 'CHZ']",2018-12-29T00:48:36.690000Z,6.68
291,20181229T005220Z,1J.TI3A.,"['CH1', 'CH2', 'CHZ']",2018-12-29T00:52:20.730000Z,5.57
292,20181229T005558Z,1J.TI3A.,"['CH1', 'CH2', 'CHZ']",2018-12-29T00:55:58.180000Z,8.22
293,20181229T010110Z,1J.TI3A.,"['CH1', 'CH2', 'CHZ']",2018-12-29T01:01:10.070000Z,6.4
294,20181229T010143Z,1J.TI3A.,"['CH1', 'CH2', 'CHZ']",2018-12-29T01:01:43.750000Z,5.79
295,20181229T010210Z,1J.TI3A.,"['CH1', 'CH2', 'CHZ']",2018-12-29T01:02:10.620000Z,7.3
296,20181229T010528Z,1J.TI3A.,"['CH1', 'CH2', 'CHZ']",2018-12-29T01:05:28.610000Z,5.77
297,20181229T011042Z,1J.TI3A.,"['CH1', 'CH2', 'CHZ']",2018-12-29T01:10:42.010000Z,6.39
298,20181229T011753Z,1J.TI3A.,"['CH1', 'CH2', 'CHZ']",2018-12-29T01:17:53.910000Z,9.25
299,20181229T011956Z,1J.TI3A.,"['CH1', 'CH2', 'CHZ']",2018-12-29T01:20:06.860000Z,5.36
300,20181229T012838Z,1J.TI3A.,"['CH1', 'CH2', 'CHZ']",2018-12-29T01:28:38.310000Z,18.63
301,20181229T013041Z,1J.TI3A.,"['CH1', 'CH2', 'CHZ']",2018-12-29T01:30:46.840000Z,7.96
302,20181229T014017Z,1J.TI3A.,"['CH1', 'CH2', 'CHZ']",2018-12-29T01:40:17.530000Z,9.51
303,20181229T014256Z,1J.TI3A.,"['CH1', 'CH2', 'CHZ']",2018-12-29T01:42:56.350000Z,13.6
304,20181229T014323Z,1J.TI3A.,"['CH1', 'CH2', 'CHZ']",2018-12-29T01:43:23.780000Z,5.95
305,20181229T014652Z,1J.TI3A.,"['CH1', 'CH2', 'CHZ']",2018-12-29T01:46:52.480000Z,5.1
306,20181229T015414Z,1J.TI3A.,"['CH1', 'CH2', 'CHZ']",2018-12-29T01:54:14.490000Z,8.18
307,20181229T015928Z,1J.TI3A.,"['CH1', 'CH2', 'CHZ']",2018-12-29T01:59:28.530000Z,5.22
308,20181229T022240Z,1J.TI3A.,"['CH1', 'CH2', 'CHZ']",2018-12-29T02:22:40.690000Z,8.5
309,20181229T022514Z,1J.TI3A.,"['CH1', 'CH2', 'CHZ']",2018-12-29T02:25:14.400000Z,7.25
310,20181229T022707Z,1J.TI3A.,"['CH1', 'CH2', 'CHZ']",2018-12-29T02:27:07.380000Z,6.62
311,20181229T022734Z,1J.TI3A.,"['CH1', 'CH2', 'CHZ']",2018-12-29T02:27:34.960000Z,6.08
312,20181229T023919Z,1J.TI3A.,"['CH1', 'CH2', 'CHZ']",2018-12-29T02:39:30.270000Z,5.24
313,20181229T024332Z,1J.TI3A.,"['CH1', 'CH2', 'CHZ']",2018-12-29T02:43:41.460000Z,14.22
314,20181229T024507Z,1J.TI3A.,"['CH1', 'CH2', 'CHZ']",2018-12-29T02:45:07.570000Z,6.79
315,20181229T024756Z,1J.TI3A.,"['CH1', 'CH2', 'CHZ']",2018-12-29T02:47:56.160000Z,8.53
316,20181229T025242Z,1J.TI3A.,"['CH1', 'CH2', 'CHZ']",2018-12-29T02:52:42.490000Z,5.65
317,20181229T025750Z,1J.TI3A.,"['CH1', 'CH2', 'CHZ']",2018-12-29T02:57:50.780000Z,7.87
318,20181229T030619Z,1J.TI3A.,"['CH1', 'CH2', 'CHZ']",2018-12-29T03:06:19.960000Z,5.76
319,20181229T031634Z,1J.TI3A.,"['CH1', 'CH2', 'CHZ']",2018-12-29T03:16:34.190000Z,10.14
320,20181229T031707Z,1J.TI3A.,"['CH1', 'CH2', 'CHZ']",2018-12-29T03:17:07.920000Z,5.54
321,20181229T031941Z,1J.TI3A.,"['CH1', 'CH2', 'CHZ']",2018-12-29T03:19:41.990000Z,4.39
322,20181229T032716Z,1J.TI3A.,"['CH1', 'CH2', 'CHZ']",2018-12-29T03:27:16.240000Z,8.42
323,20181229T032936Z,1J.TI3A.,"['CH1', 'CH2', 'CHZ']",2018-12-29T03:29:36.010000Z,13.32
324,20181229T033159Z,1J.TI3A.,"['CH1', 'CH2', 'CHZ']",2018-12-29T03:31:59.100000Z,5.11
325,20181229T033331Z,1J.TI3A.,"['CH1', 'CH2', 'CHZ']",2018-12-29T03:33:37.010000Z,3.37
326,20181229T034451Z,1J.TI3A.,"['CH1', 'CH2', 'CHZ']",2018-12-29T03:44:51.410000Z,6.18
327,20181229T034630Z,1J.TI3A.,"['CH1', 'CH2', 'CHZ']",2018-12-29T03:46:30.500000Z,13.59
328,20181229T035033Z,1J.TI3A.,"['CH1', 'CH2', 'CHZ']",2018-12-29T03:50:33.330000Z,19.37
329,20181229T040429Z,1J.TI3A.,"['CH1', 'CH2', 'CHZ']",2018-12-29T04:04:29.190000Z,7.46
330,20181229T040956Z,1J.TI3A.,"['CH1', 'CH2', 'CHZ']",2018-12-29T04:09:56.140000Z,5.05
331,20181229T041232Z,1J.TI3A.,"['CH1', 'CH2', 'CHZ']",2018-12-29T04:12:32.540000Z,7.76
332,20181229T042117Z,1J.TI3A.,"['CH1', 'CH2', 'CHZ']",2018-12-29T04:21:17.700000Z,8.5
333,20181229T042146Z,1J.TI3A.,"['CH1', 'CH2', 'CHZ']",2018-12-29T04:21:46.110000Z,7.29
334,20181229T043548Z,1J.TI3A.,"['CH1', 'CH2', 'CHZ']",2018-12-29T04:35:48.300000Z,5.57
335,20181229T043617Z,1J.TI3A.,"['CH1', 'CH2', 'CHZ']",2018-12-29T04:36:17.270000Z,5.68
336,20181229T044133Z,1J.TI3A.,"['CH1', 'CH2', 'CHZ']",2018-12-29T04:41:33.760000Z,8.44
337,20181229T044341Z,1J.TI3A.,"['CH1', 'CH2', 'CHZ']",2018-12-29T04:43:42.570000Z,4.37
338,20181229T044836Z,1J.TI3A.,"['CH1', 'CH2', 'CHZ']",2018-12-29T04:48:36.580000Z,5.56
339,20181229T045349Z,1J.TI3A.,"['CH1', 'CH2', 'CHZ']",2018-12-29T04:53:57.690000Z,4.19
340,20181229T050145Z,1J.TI3A.,"['CH1', 'CH2', 'CHZ']",2018-12-29T05:01:45.630000Z,6.94
341,20181229T050635Z,1J.TI3A.,"['CH1', 'CH2', 'CHZ']",2018-12-29T05:06:37.710000Z,4.69
342,20181229T050811Z,1J.TI3A.,"['CH1', 'CH2', 'CHZ']",2018-12-29T05:08:15.760000Z,8.34
343,20181229T050950Z,1J.TI3A.,"['CH1', 'CH2', 'CHZ']",2018-12-29T05:09:50.700000Z,8.6
344,20181229T051346Z,1J.TI3A.,"['CH1', 'CH2', 'CHZ']",2018-12-29T05:13:46.520000Z,5.29
345,20181229T052430Z,1J.TI3A.,"['CH1', 'CH2', 'CHZ']",2018-12-29T05:24:32.340000Z,4.12
346,20181229T052604Z,1J.TI3A.,"['CH1', 'CH2', 'CHZ']",2018-12-29T05:26:05.240000Z,4.49
347,20181229T052651Z,1J.TI3A.,"['CH1', 'CH2', 'CHZ']",2018-12-29T05:26:51.240000Z,10.61
348,20181229T053204Z,1J.TI3A.,"['CH1', 'CH2', 'CHZ']",2018-12-29T05:32:04.640000Z,7.56
349,20181229T053232Z,1J.TI3A.,"['CH1', 'CH2', 'CHZ']",2018-12-29T05:32:32.700000Z,6.74
350,20181229T053718Z,1J.TI3A.,"['CH1', 'CH2', 'CHZ']",2018-12-29T05:37:18.550000Z,5.9
351,20181229T053816Z,1J.TI3A.,"['CH1', 'CH2', 'CHZ']",2018-12-29T05:38:16.080000Z,10.61
352,20181229T054139Z,1J.TI3A.,"['CH1', 'CH2', 'CHZ']",2018-12-29T05:41:40.310000Z,4.65
353,20181229T054236Z,1J.TI3A.,"['CH1', 'CH2', 'CHZ']",2018-12-29T05:42:36.300000Z,7.96
354,20181229T054437Z,1J.TI3A.,"['CH1', 'CH2', 'CHZ']",2018-12-29T05:44:37.780000Z,9.84
355,20181229T054734Z,1J.TI3A.,"['CH1', 'CH2', 'CHZ']",2018-12-29T05:47:34.560000Z,13.69
356,20181229T054803Z,1J.TI3A.,"['CH1', 'CH2', 'CHZ']",2018-12-29T05:48:03.610000Z,5.73
357,20181229T055142Z,1J.TI3A.,"['CH1', 'CH2', 'CHZ']",2018-12-29T05:51:43.600000Z,2.94
358,20181229T055641Z,1J.TI3A.,"['CH1', 'CH2', 'CHZ']",2018-12-29T05:56:41.510000Z,8.61
359,20181229T060237Z,1J.TI3A.,"['CH1', 'CH2', 'CHZ']",2018-12-29T06:02:37.890000Z,9.73
360,20181229T060712Z,1J.TI3A.,"['CH1', 'CH2', 'CHZ']",2018-12-29T06:07:13.310000Z,5.5
361,20181229T061243Z,1J.TI3A.,"['CH1', 'CH2', 'CHZ']",2018-12-29T06:12:43.700000Z,8.62
362,20181229T061656Z,1J.TI3A.,"['CH1', 'CH2', 'CHZ']",2018-12-29T06:16:59.570000Z,2.87
363,20181229T062649Z,1J.TI3A.,"['CH1', 'CH2', 'CHZ']",2018-12-29T06:26:49.470000Z,9.48
364,20181229T062854Z,1J.TI3A.,"['CH1', 'CH2', 'CHZ']",2018-12-29T06:28:54.850000Z,5.43
365,20181229T063010Z,1J.TI3A.,"['CH1', 'CH2', 'CHZ']",2018-12-29T06:30:16.390000Z,3.43
366,20181229T063508Z,1J.TI3A.,"['CH1', 'CH2', 'CHZ']",2018-12-29T06:35:09.030000Z,8.58
367,20181229T063710Z,1J.TI3A.,"['CH1', 'CH2', 'CHZ']",2018-12-29T06:37:10.180000Z,4.13
368,20181229T064115Z,1J.TI3A.,"['CH1', 'CH2', 'CHZ']",2018-12-29T06:41:17.160000Z,5.43
369,20181229T064143Z,1J.TI3A.,"['CH1', 'CH2', 'CHZ']",2018-12-29T06:41:43.310000Z,4.81
370,20181229T064315Z,1J.TI3A.,"['CH1', 'CH2', 'CHZ']",2018-12-29T06:43:15.880000Z,9.24
371,20181229T064701Z,1J.TI3A.,"['CH1', 'CH2', 'CHZ']",2018-12-29T06:47:01.990000Z,3.32
372,20181229T065603Z,1J.TI3A.,"['CH1', 'CH2', 'CHZ']",2018-12-29T06:56:03.450000Z,6.24
373,20181229T070341Z,1J.TI3A.,"['CH1', 'CH2', 'CHZ']",2018-12-29T07:03:42.000000Z,6.95
374,20181229T070411Z,1J.TI3A.,"['CH1', 'CH2', 'CHZ']",2018-12-29T07:04:11.990000Z,4.16
375,20181229T070547Z,1J.TI3A.,"['CH1', 'CH2', 'CHZ']",2018-12-29T07:05:48.890000Z,5.29
376,20181229T070615Z,1J.TI3A.,"['CH1', 'CH2', 'CHZ']",2018-12-29T07:06:15.790000Z,6.4
377,20181229T070758Z,1J.TI3A.,"['CH1', 'CH2', 'CHZ']",2018-12-29T07:07:58.040000Z,6.61
378,20181229T070914Z,1J.TI3A.,"['CH1', 'CH2', 'CHZ']",2018-12-29T07:09:14.560000Z,6.42
379,20181229T071049Z,1J.TI3A.,"['CH1', 'CH2', 'CHZ']",2018-12-29T07:10:52.690000Z,3.84
380,20181229T071343Z,1J.TI3A.,"['CH1', 'CH2', 'CHZ']",2018-12-29T07:13:48.100000Z,8.39
381,20181229T071434Z,1J.TI3A.,"['CH1', 'CH2', 'CHZ']",2018-12-29T07:14:46.760000Z,1.82
382,20181229T071828Z,1J.TI3A.,"['CH1', 'CH2', 'CHZ']",2018-12-29T07:18:28.390000Z,6.31
383,20181229T072144Z,1J.TI3A.,"['CH1', 'CH2', 'CHZ']",2018-12-29T07:21:44.680000Z,6.41
384,20181229T072200Z,1J.TI3A.,"['CH1', 'CH2', 'CHZ']",2018-12-29T07:22:00.890000Z,3.77
385,20181229T072253Z,1J.TI3A.,"['CH1', 'CH2', 'CHZ']",2018-12-29T07:22:53.760000Z,7.51
386,20181229T073101Z,1J.TI3A.,"['CH1', 'CH2', 'CHZ']",2018-12-29T07:31:01.650000Z,4.2
387,20181229T073340Z,1J.TI3A.,"['CH1', 'CH2', 'CHZ']",2018-12-29T07:33:40.410000Z,5.43
388,20181229T074132Z,1J.TI3A.,"['CH1', 'CH2', 'CHZ']",2018-12-29T07:41:32.930000Z,4.37
389,20181229T074505Z,1J.TI3A.,"['CH1', 'CH2', 'CHZ']",2018-12-29T07:45:05.400000Z,8.75
390,20181229T074554Z,1J.TI3A.,"['CH1', 'CH2', 'CHZ']",2018-12-29T07:46:00.120000Z,5.4
391,20181229T074710Z,1J.TI3A.,"['CH1', 'CH2', 'CHZ']",2018-12-29T07:47:16.950000Z,3.48
392,20181229T075809Z,1J.TI3A.,"['CH1', 'CH2', 'CHZ']",2018-12-29T07:58:09.630000Z,6.48
393,20181229T075835Z,1J.TI3A.,"['CH1', 'CH2', 'CHZ']",2018-12-29T07:58:35.610000Z,3.16
394,20181229T080231Z,1J.TI3A.,"['CH1', 'CH2', 'CHZ']",2018-12-29T08:02:31.330000Z,6.92
395,20181229T080348Z,1J.TI3A.,"['CH1', 'CH2', 'CHZ']",2018-12-29T08:03:48.920000Z,8.48
396,20181229T081111Z,1J.TI3A.,"['CH1', 'CH2', 'CHZ']",2018-12-29T08:11:11.570000Z,6.79
397,20181229T082032Z,1J.TI3A.,"['CH1', 'CH2', 'CHZ']",2018-12-29T08:20:32.340000Z,8.1
398,20181229T082314Z,1J.TI3A.,"['CH1', 'CH2', 'CHZ']",2018-12-29T08:23:15.630000Z,5.17
399,20181229T082456Z,1J.TI3A.,"['CH1', 'CH2', 'CHZ']",2018-12-29T08:24:57.690000Z,3.82
400,20181229T082629Z,1J.TI3A.,"['CH1', 'CH2', 'CHZ']",2018-12-29T08:26:30.520000Z,14.39
401,20181229T083314Z,1J.TI3A.,"['CH1', 'CH2', 'CHZ']",2018-12-29T08:33:14.500000Z,7.53
402,20181229T083552Z,1J.TI3A.,"['CH1', 'CH2', 'CHZ']",2018-12-29T08:35:52.460000Z,5.85
403,20181229T083700Z,1J.TI3A.,"['CH1', 'CH2', 'CHZ']",2018-12-29T08:37:00.140000Z,7.22
404,20181229T083728Z,1J.TI3A.,"['CH1', 'CH2', 'CHZ']",2018-12-29T08:37:28.410000Z,6.49
405,20181229T084909Z,1J.TI3A.,"['CH1', 'CH2', 'CHZ']",2018-12-29T08:49:09.260000Z,5.99
406,20181229T085125Z,1J.TI3A.,"['CH1', 'CH2', 'CHZ']",2018-12-29T08:51:25.810000Z,8.18
407,20181229T085242Z,1J.TI3A.,"['CH1', 'CH2', 'CHZ']",2018-12-29T08:52:42.220000Z,6.18
408,20181229T090013Z,1J.TI3A.,"['CH1', 'CH2', 'CHZ']",2018-12-29T09:00:13.600000Z,11.17
409,20181229T090307Z,1J.TI3A.,"['CH1', 'CH2', 'CHZ']",2018-12-29T09:03:11.210000Z,3.52
410,20181229T091137Z,1J.TI3A.,"['CH1', 'CH2', 'CHZ']",2018-12-29T09:11:37.690000Z,7.32
411,20181229T091228Z,1J.TI3A.,"['CH1', 'CH2', 'CHZ']",2018-12-29T09:12:30.400000Z,4.67
412,20181229T091258Z,1J.TI3A.,"['CH1', 'CH2', 'CHZ']",2018-12-29T09:12:58.060000Z,5.28
413,20181229T091745Z,1J.TI3A.,"['CH1', 'CH2', 'CHZ']",2018-12-29T09:17:46.430000Z,8.0
414,20181229T091837Z,1J.TI3A.,"['CH1', 'CH2', 'CHZ']",2018-12-29T09:18:37.190000Z,5.85
415,20181229T093013Z,1J.TI3A.,"['CH1', 'CH2', 'CHZ']",2018-12-29T09:30:13.680000Z,5.95
416,20181229T093710Z,1J.TI3A.,"['CH1', 'CH2', 'CHZ']",2018-12-29T09:37:12.220000Z,15.56
417,20181229T093755Z,1J.TI3A.,"['CH1', 'CH2', 'CHZ']",2018-12-29T09:38:01.650000Z,9.91
418,20181229T094239Z,1J.TI3A.,"['CH1', 'CH2', 'CHZ']",2018-12-29T09:42:39.520000Z,6.22
419,20181229T094713Z,1J.TI3A.,"['CH1', 'CH2', 'CHZ']",2018-12-29T09:47:20.800000Z,21.96
420,20181229T094953Z,1J.TI3A.,"['CH1', 'CH2', 'CHZ']",2018-12-29T09:49:53.510000Z,4.04
421,20181229T095036Z,1J.TI3A.,"['CH1', 'CH2', 'CHZ']",2018-12-29T09:50:36.460000Z,7.72
422,20181229T095224Z,1J.TI3A.,"['CH1', 'CH2', 'CHZ']",2018-12-29T09:52:24.440000Z,4.17
423,20181229T095504Z,1J.TI3A.,"['CH1', 'CH2', 'CHZ']",2018-12-29T09:55:18.200000Z,6.86
424,20181229T095609Z,1J.TI3A.,"['CH1', 'CH2', 'CHZ']",2018-12-29T09:56:19.030000Z,2.38
425,20181229T095622Z,1J.TI3A.,"['CH1', 'CH2', 'CHZ']",2018-12-29T09:56:27.390000Z,2.0
426,20181229T100631Z,1J.TI3A.,"['CH1', 'CH2', 'CHZ']",2018-12-29T10:06:31.640000Z,4.3
427,20181229T100811Z,1J.TI3A.,"['CH1', 'CH2', 'CHZ']",2018-12-29T10:08:11.740000Z,6.72
428,20181229T101300Z,1J.TI3A.,"['CH1', 'CH2', 'CHZ']",2018-12-29T10:13:00.660000Z,6.91
429,20181229T101804Z,1J.TI3A.,"['CH1', 'CH2', 'CHZ']",2018-12-29T10:18:04.540000Z,5.32
430,20181229T102449Z,1J.TI3A.,"['CH1', 'CH2', 'CHZ']",2018-12-29T10:24:49.680000Z,4.04
431,20181229T102556Z,1J.TI3A.,"['CH1', 'CH2', 'CHZ']",2018-12-29T10:25:56.590000Z,11.98
432,20181229T103521Z,1J.TI3A.,"['CH1', 'CH2', 'CHZ']",2018-12-29T10:35:23.520000Z,8.03
433,20181229T103551Z,1J.TI3A.,"['CH1', 'CH2', 'CHZ']",2018-12-29T10:35:51.620000Z,6.84
434,20181229T103756Z,1J.TI3A.,"['CH1', 'CH2', 'CHZ']",2018-12-29T10:37:56.950000Z,6.47
435,20181229T104236Z,1J.TI3A.,"['CH1', 'CH2', 'CHZ']",2018-12-29T10:42:36.280000Z,9.04
436,20181229T104541Z,1J.TI3A.,"['CH1', 'CH2', 'CHZ']",2018-12-29T10:45:41.650000Z,4.34
437,20181229T104800Z,1J.TI3A.,"['CH1', 'CH2', 'CHZ']",2018-12-29T10:48:00.170000Z,4.3
438,20181229T105141Z,1J.TI3A.,"['CH1', 'CH2', 'CHZ']",2018-12-29T10:51:41.380000Z,6.83
439,20181229T105239Z,1J.TI3A.,"['CH1', 'CH2', 'CHZ']",2018-12-29T10:53:06.000000Z,8.82
440,20181229T105628Z,1J.TI3A.,"['CH1', 'CH2', 'CHZ']",2018-12-29T10:56:28.140000Z,8.36
441,20181229T105907Z,1J.TI3A.,"['CH1', 'CH2', 'CHZ']",2018-12-29T10:59:07.370000Z,4.18
442,20181229T110330Z,1J.TI3A.,"['CH1', 'CH2', 'CHZ']",2018-12-29T11:03:31.660000Z,5.52
443,20181229T111129Z,1J.TI3A.,"['CH1', 'CH2', 'CHZ']",2018-12-29T11:11:29.530000Z,4.65
444,20181229T111602Z,1J.TI3A.,"['CH1', 'CH2', 'CHZ']",2018-12-29T11:16:02.720000Z,5.57
445,20181229T112046Z,1J.TI3A.,"['CH1', 'CH2', 'CHZ']",2018-12-29T11:20:52.850000Z,3.39
446,20181229T112501Z,1J.TI3A.,"['CH1', 'CH2', 'CHZ']",2018-12-29T11:25:01.680000Z,10.12
447,20181229T112610Z,1J.TI3A.,"['CH1', 'CH2', 'CHZ']",2018-12-29T11:26:10.570000Z,6.62
448,20181229T112641Z,1J.TI3A.,"['CH1', 'CH2', 'CHZ']",2018-12-29T11:26:41.530000Z,7.35
449,20181229T112813Z,1J.TI3A.,"['CH1', 'CH2', 'CHZ']",2018-12-29T11:28:14.400000Z,5.28
450,20181229T113312Z,1J.TI3A.,"['CH1', 'CH2', 'CHZ']",2018-12-29T11:33:12.880000Z,6.73
451,20181229T113340Z,1J.TI3A.,"['CH1', 'CH2', 'CHZ']",2018-12-29T11:33:40.060000Z,5.2
452,20181229T114008Z,1J.TI3A.,"['CH1', 'CH2', 'CHZ']",2018-12-29T11:40:22.680000Z,5.9
453,20181229T114545Z,1J.TI3A.,"['CH1', 'CH2', 'CHZ']",2018-12-29T11:45:45.720000Z,9.55
454,20181229T115304Z,1J.TI3A.,"['CH1', 'CH2', 'CHZ']",2018-12-29T11:53:05.560000Z,3.61
455,20181229T115546Z,1J.TI3A.,"['CH1', 'CH2', 'CHZ']",2018-12-29T11:55:46.240000Z,4.5
456,20181229T115917Z,1J.TI3A.,"['CH1', 'CH2', 'CHZ']",2018-12-29T11:59:17.040000Z,3.8
457,20181229T115936Z,1J.TI3A.,"['CH1', 'CH2', 'CHZ']",2018-12-29T11:59:38.320000Z,10.91
458,20181229T120039Z,1J.TI3A.,"['CH1', 'CH2', 'CHZ']",2018-12-29T12:00:42.410000Z,1.9
459,20181229T121043Z,1J.TI3A.,"['CH1', 'CH2', 'CHZ']",2018-12-29T12:10:43.540000Z,2.06
460,20181229T122324Z,1J.TI3A.,"['CH1', 'CH2', 'CHZ']",2018-12-29T12:23:27.520000Z,3.12
461,20181229T123001Z,1J.TI3A.,"['CH1', 'CH2', 'CHZ']",2018-12-29T12:30:01.920000Z,5.05
462,20181229T123224Z,1J.TI3A.,"['CH1', 'CH2', 'CHZ']",2018-12-29T12:32:25.960000Z,2.94
463,20181229T123958Z,1J.TI3A.,"['CH1', 'CH2', 'CHZ']",2018-12-29T12:39:58.690000Z,3.87
464,20181229T124057Z,1J.TI3A.,"['CH1', 'CH2', 'CHZ']",2018-12-29T12:40:57.780000Z,2.79
465,20181229T125033Z,1J.TI3A.,"['CH1', 'CH2', 'CHZ']",2018-12-29T12:50:35.230000Z,4.29
466,20181229T125127Z,1J.TI3A.,"['CH1', 'CH2', 'CHZ']",2018-12-29T12:51:33.840000Z,3.67
467,20181229T130433Z,1J.TI3A.,"['CH1', 'CH2', 'CHZ']",2018-12-29T13:04:35.640000Z,3.07
468,20181229T134214Z,1J.TI3A.,"['CH1', 'CH2', 'CHZ']",2018-12-29T13:42:24.240000Z,3.35
469,20181229T134415Z,1J.TI3A.,"['CH1', 'CH2', 'CHZ']",2018-12-29T13:44:15.740000Z,4.19
470,20181229T134442Z,1J.TI3A.,"['CH1', 'CH2', 'CHZ']",2018-12-29T13:44:42.060000Z,5.2
471,20181229T144715Z,1J.TI3A.,"['CH1', 'CH2', 'CHZ']",2018-12-29T14:47:17.290000Z,3.42
472,20181229T150718Z,1J.TI3A.,"['CH1', 'CH2', 'CHZ']",2018-12-29T15:07:20.450000Z,6.53
473,20181229T153612Z,1J.TI3A.,"['CH1', 'CH2', 'CHZ']",2018-12-29T15:36:12.240000Z,4.16
474,20181229T155110Z,1J.TI3A.,"['CH1', 'CH2', 'CHZ']",2018-12-29T15:51:10.920000Z,3.65
475,20181229T165601Z,1J.TI3A.,"['CH1', 'CH2', 'CHZ']",2018-12-29T16:56:01.340000Z,5.63
476,20181229T165721Z,1J.TI3A.,"['CH1', 'CH2', 'CHZ']",2018-12-29T16:57:21.560000Z,3.23
477,20181229T173314Z,1J.TI3A.,"['CH1', 'CH2', 'CHZ']",2018-12-29T17:33:14.340000Z,2.79
478,20181229T175952Z,1J.TI3A.,"['CH1', 'CH2', 'CHZ']",2018-12-29T17:59:52.720000Z,5.94
479,20181229T181028Z,1J.TI3A.,"['CH1', 'CH2', 'CHZ']",2018-12-29T18:10:32.320000Z,2.08
480,20181229T181055Z,1J.TI3A.,"['CH1', 'CH2', 'CHZ']",2018-12-29T18:10:55.120000Z,5.49
481,20181229T181724Z,1J.TI3A.,"['CH1', 'CH2', 'CHZ']",2018-12-29T18:17:46.130000Z,3.85
482,20181229T182809Z,1J.TI3A.,"['CH1', 'CH2', 'CHZ']",2018-12-29T18:28:11.300000Z,3.27
483,20181229T183022Z,1J.TI3A.,"['CH1', 'CH2', 'CHZ']",2018-12-29T18:30:26.110000Z,7.97
484,20181229T183827Z,1J.TI3A.,"['CH1', 'CH2', 'CHZ']",2018-12-29T18:38:27.820000Z,1.9
485,20181229T184251Z,1J.TI3A.,"['CH1', 'CH2', 'CHZ']",2018-12-29T18:42:51.510000Z,1.62
486,20181229T184334Z,1J.TI3A.,"['CH1', 'CH2', 'CHZ']",2018-12-29T18:43:34.400000Z,6.61
487,20181229T185026Z,1J.TI3A.,"['CH1', 'CH2', 'CHZ']",2018-12-29T18:50:26.330000Z,4.65
488,20181229T185818Z,1J.TI3A.,"['CH1', 'CH2', 'CHZ']",2018-12-29T18:58:18.360000Z,5.45
489,20181229T190453Z,1J.TI3A.,"['CH1', 'CH2', 'CHZ']",2018-12-29T19:04:53.140000Z,5.58
490,20181229T191926Z,1J.TI3A.,"['CH1', 'CH2', 'CHZ']",2018-12-29T19:19:37.590000Z,3.58
491,20181229T194307Z,1J.TI3A.,"['CH1', 'CH2', 'CHZ']",2018-12-29T19:43:07.760000Z,3.61
492,20181229T195223Z,1J.TI3A.,"['CH1', 'CH2', 'CHZ']",2018-12-29T19:52:23.840000Z,3.69
493,20181229T195303Z,1J.TI3A.,"['CH1', 'CH2', 'CHZ']",2018-12-29T19:53:03.950000Z,4.6
494,20181229T200559Z,1J.TI3A.,"['CH1', 'CH2', 'CHZ']",2018-12-29T20:06:01.830000Z,1.99
495,20181229T202140Z,1J.TI3A.,"['CH1', 'CH2', 'CHZ']",2018-12-29T20:21:44.440000Z,5.52
496,20181229T202209Z,1J.TI3A.,"['CH1', 'CH2', 'CHZ']",2018-12-29T20:22:09.980000Z,7.56
497,20181229T203559Z,1J.TI3A.,"['CH1', 'CH2', 'CHZ']",2018-12-29T20:35:59.020000Z,9.35
498,20181229T205033Z,1J.TI3A.,"['CH1', 'CH2', 'CHZ']",2018-12-29T20:50:34.450000Z,3.81
499,20181229T205504Z,1J.TI3A.,"['CH1', 'CH2', 'CHZ']",2018-12-29T20:55:05.460000Z,5.68
500,20181229T212252Z,1J.TI3A.,"['CH1', 'CH2', 'CHZ']",2018-12-29T21:22:54.050000Z,3.48
501,20181229T215631Z,1J.TI3A.,"['CH1', 'CH2', 'CHZ']",2018-12-29T21:56:32.470000Z,2.66
502,20181229T220106Z,1J.TI3A.,"['CH1', 'CH2', 'CHZ']",2018-12-29T22:01:06.300000Z,3.27
503,20181229T220514Z,1J.TI3A.,"['CH1', 'CH2', 'CHZ']",2018-12-29T22:05:21.730000Z,5.56
504,20181229T221438Z,1J.TI3A.,"['CH1', 'CH2', 'CHZ']",2018-12-29T22:14:38.270000Z,3.97
505,20181229T221925Z,1J.TI3A.,"['CH1', 'CH2', 'CHZ']",2018-12-29T22:19:27.960000Z,3.04
506,20181229T223134Z,1J.TI3A.,"['CH1', 'CH2', 'CHZ']",2018-12-29T22:31:35.010000Z,6.05
507,20181229T223711Z,1J.TI3A.,"['CH1', 'CH2', 'CHZ']",2018-12-29T22:37:11.730000Z,3.3
508,20181229T233332Z,1J.TI3A.,"['CH1', 'CH2', 'CHZ']",2018-12-29T23:33:34.230000Z,1.72
509,20181229T235340Z,1J.TI3A.,"['CH1', 'CH2', 'CHZ']",2018-12-29T23:53:42.260000Z,2.98
510,20181229T000038Z,1J.TI8A.,"['CH1', 'CH2', 'CHZ']",2018-12-29T00:00:42.730000Z,1.5
511,20181229T001613Z,1J.TI8A.,"['CH1', 'CH2', 'CHZ']",2018-12-29T00:16:13.480000Z,2.65
512,20181229T001731Z,1J.TI8A.,"['CH1', 'CH2', 'CHZ']",2018-12-29T00:17:35.000000Z,3.19
513,20181229T001907Z,1J.TI8A.,"['CH1', 'CH2', 'CHZ']",2018-12-29T00:19:19.080000Z,2.1
514,20181229T002025Z,1J.TI8A.,"['CH1', 'CH2', 'CHZ']",2018-12-29T00:20:25.730000Z,3.4
515,20181229T002725Z,1J.TI8A.,"['CH1', 'CH2', 'CHZ']",2018-12-29T00:27:33.450000Z,10.88
516,20181229T002759Z,1J.TI8A.,"['CH1', 'CH2', 'CHZ']",2018-12-29T00:28:05.060000Z,6.01
517,20181229T002918Z,1J.TI8A.,"['CH1', 'CH2', 'CHZ']",2018-12-29T00:29:21.530000Z,6.79
518,20181229T003127Z,1J.TI8A.,"['CH1', 'CH2', 'CHZ']",2018-12-29T00:31:29.540000Z,7.01
519,20181229T004836Z,1J.TI8A.,"['CH1', 'CH2', 'CHZ']",2018-12-29T00:48:38.270000Z,8.45
520,20181229T005220Z,1J.TI8A.,"['CH1', 'CH2', 'CHZ']",2018-12-29T00:52:21.770000Z,7.35
521,20181229T005558Z,1J.TI8A.,"['CH1', 'CH2', 'CHZ']",2018-12-29T00:56:02.080000Z,2.57
522,20181229T010143Z,1J.TI8A.,"['CH1', 'CH2', 'CHZ']",2018-12-29T01:01:48.360000Z,3.78
523,20181229T010210Z,1J.TI8A.,"['CH1', 'CH2', 'CHZ']",2018-12-29T01:02:15.420000Z,4.88
524,20181229T010630Z,1J.TI8A.,"['CH1', 'CH2', 'CHZ']",2018-12-29T01:06:31.340000Z,6.25
525,20181229T013041Z,1J.TI8A.,"['CH1', 'CH2', 'CHZ']",2018-12-29T01:30:41.760000Z,6.88
526,20181229T014017Z,1J.TI8A.,"['CH1', 'CH2', 'CHZ']",2018-12-29T01:40:19.610000Z,8.44
527,20181229T022240Z,1J.TI8A.,"['CH1', 'CH2', 'CHZ']",2018-12-29T02:22:43.100000Z,6.62
528,20181229T022324Z,1J.TI8A.,"['CH1', 'CH2', 'CHZ']",2018-12-29T02:23:24.470000Z,5.13
529,20181229T022707Z,1J.TI8A.,"['CH1', 'CH2', 'CHZ']",2018-12-29T02:27:09.720000Z,13.68
530,20181229T022734Z,1J.TI8A.,"['CH1', 'CH2', 'CHZ']",2018-12-29T02:27:40.380000Z,3.75
531,20181229T024332Z,1J.TI8A.,"['CH1', 'CH2', 'CHZ']",2018-12-29T02:43:48.730000Z,3.62
532,20181229T024645Z,1J.TI8A.,"['CH1', 'CH2', 'CHZ']",2018-12-29T02:46:47.150000Z,7.82
533,20181229T024756Z,1J.TI8A.,"['CH1', 'CH2', 'CHZ']",2018-12-29T02:47:58.940000Z,6.42
534,20181229T025750Z,1J.TI8A.,"['CH1', 'CH2', 'CHZ']",2018-12-29T02:57:53.780000Z,5.11
535,20181229T030432Z,1J.TI8A.,"['CH1', 'CH2', 'CHZ']",2018-12-29T03:04:38.650000Z,1.99
536,20181229T031634Z,1J.TI8A.,"['CH1', 'CH2', 'CHZ']",2018-12-29T03:16:38.800000Z,9.77
537,20181229T031707Z,1J.TI8A.,"['CH1', 'CH2', 'CHZ']",2018-12-29T03:17:13.680000Z,3.49
538,20181229T033331Z,1J.TI8A.,"['CH1', 'CH2', 'CHZ']",2018-12-29T03:33:31.270000Z,8.4
539,20181229T035033Z,1J.TI8A.,"['CH1', 'CH2', 'CHZ']",2018-12-29T03:50:39.700000Z,16.26
540,20181229T042117Z,1J.TI8A.,"['CH1', 'CH2', 'CHZ']",2018-12-29T04:21:22.000000Z,6.57
541,20181229T042146Z,1J.TI8A.,"['CH1', 'CH2', 'CHZ']",2018-12-29T04:21:51.440000Z,4.44
542,20181229T042831Z,1J.TI8A.,"['CH1', 'CH2', 'CHZ']",2018-12-29T04:28:31.270000Z,1.87
543,20181229T043617Z,1J.TI8A.,"['CH1', 'CH2', 'CHZ']",2018-12-29T04:36:21.120000Z,3.04
544,20181229T044133Z,1J.TI8A.,"['CH1', 'CH2', 'CHZ']",2018-12-29T04:41:36.950000Z,5.93
545,20181229T050145Z,1J.TI8A.,"['CH1', 'CH2', 'CHZ']",2018-12-29T05:01:47.610000Z,3.8
546,20181229T050811Z,1J.TI8A.,"['CH1', 'CH2', 'CHZ']",2018-12-29T05:08:18.580000Z,7.4
547,20181229T050950Z,1J.TI8A.,"['CH1', 'CH2', 'CHZ']",2018-12-29T05:09:52.810000Z,7.61
548,20181229T052604Z,1J.TI8A.,"['CH1', 'CH2', 'CHZ']",2018-12-29T05:26:05.820000Z,4.15
549,20181229T053204Z,1J.TI8A.,"['CH1', 'CH2', 'CHZ']",2018-12-29T05:32:08.270000Z,7.29
550,20181229T053232Z,1J.TI8A.,"['CH1', 'CH2', 'CHZ']",2018-12-29T05:32:36.620000Z,5.79
551,20181229T053816Z,1J.TI8A.,"['CH1', 'CH2', 'CHZ']",2018-12-29T05:38:18.500000Z,9.79
552,20181229T054139Z,1J.TI8A.,"['CH1', 'CH2', 'CHZ']",2018-12-29T05:41:40.050000Z,7.71
553,20181229T054437Z,1J.TI8A.,"['CH1', 'CH2', 'CHZ']",2018-12-29T05:44:47.580000Z,2.29
554,20181229T054734Z,1J.TI8A.,"['CH1', 'CH2', 'CHZ']",2018-12-29T05:47:36.850000Z,7.81
555,20181229T054803Z,1J.TI8A.,"['CH1', 'CH2', 'CHZ']",2018-12-29T05:48:07.200000Z,6.57
556,20181229T055142Z,1J.TI8A.,"['CH1', 'CH2', 'CHZ']",2018-12-29T05:51:42.340000Z,5.05
557,20181229T060355Z,1J.TI8A.,"['CH1', 'CH2', 'CHZ']",2018-12-29T06:03:55.960000Z,3.99
558,20181229T060712Z,1J.TI8A.,"['CH1', 'CH2', 'CHZ']",2018-12-29T06:07:12.630000Z,8.0
559,20181229T061243Z,1J.TI8A.,"['CH1', 'CH2', 'CHZ']",2018-12-29T06:12:45.860000Z,7.15
560,20181229T061656Z,1J.TI8A.,"['CH1', 'CH2', 'CHZ']",2018-12-29T06:16:57.980000Z,5.39
561,20181229T062854Z,1J.TI8A.,"['CH1', 'CH2', 'CHZ']",2018-12-29T06:28:55.600000Z,5.07
562,20181229T063010Z,1J.TI8A.,"['CH1', 'CH2', 'CHZ']",2018-12-29T06:30:10.110000Z,9.96
563,20181229T063508Z,1J.TI8A.,"['CH1', 'CH2', 'CHZ']",2018-12-29T06:35:11.360000Z,7.7
564,20181229T064143Z,1J.TI8A.,"['CH1', 'CH2', 'CHZ']",2018-12-29T06:41:47.410000Z,5.4
565,20181229T064315Z,1J.TI8A.,"['CH1', 'CH2', 'CHZ']",2018-12-29T06:43:19.080000Z,7.88
566,20181229T064701Z,1J.TI8A.,"['CH1', 'CH2', 'CHZ']",2018-12-29T06:47:06.800000Z,3.18
567,20181229T064848Z,1J.TI8A.,"['CH1', 'CH2', 'CHZ']",2018-12-29T06:48:48.000000Z,6.08
568,20181229T065603Z,1J.TI8A.,"['CH1', 'CH2', 'CHZ']",2018-12-29T06:56:04.260000Z,6.57
569,20181229T070341Z,1J.TI8A.,"['CH1', 'CH2', 'CHZ']",2018-12-29T07:03:45.740000Z,2.66
570,20181229T070615Z,1J.TI8A.,"['CH1', 'CH2', 'CHZ']",2018-12-29T07:06:21.750000Z,4.74
571,20181229T070758Z,1J.TI8A.,"['CH1', 'CH2', 'CHZ']",2018-12-29T07:08:00.870000Z,3.74
572,20181229T070914Z,1J.TI8A.,"['CH1', 'CH2', 'CHZ']",2018-12-29T07:09:15.640000Z,6.27
573,20181229T071343Z,1J.TI8A.,"['CH1', 'CH2', 'CHZ']",2018-12-29T07:13:50.190000Z,7.52
574,20181229T071434Z,1J.TI8A.,"['CH1', 'CH2', 'CHZ']",2018-12-29T07:14:35.690000Z,6.49
575,20181229T071828Z,1J.TI8A.,"['CH1', 'CH2', 'CHZ']",2018-12-29T07:18:34.970000Z,2.59
576,20181229T072144Z,1J.TI8A.,"['CH1', 'CH2', 'CHZ']",2018-12-29T07:21:45.590000Z,5.39
577,20181229T072253Z,1J.TI8A.,"['CH1', 'CH2', 'CHZ']",2018-12-29T07:22:56.000000Z,6.11
578,20181229T073340Z,1J.TI8A.,"['CH1', 'CH2', 'CHZ']",2018-12-29T07:33:40.450000Z,5.43
579,20181229T074505Z,1J.TI8A.,"['CH1', 'CH2', 'CHZ']",2018-12-29T07:45:08.190000Z,7.46
580,20181229T074554Z,1J.TI8A.,"['CH1', 'CH2', 'CHZ']",2018-12-29T07:45:54.080000Z,11.68
581,20181229T074710Z,1J.TI8A.,"['CH1', 'CH2', 'CHZ']",2018-12-29T07:47:10.600000Z,9.94
582,20181229T075809Z,1J.TI8A.,"['CH1', 'CH2', 'CHZ']",2018-12-29T07:58:15.630000Z,3.36
583,20181229T075835Z,1J.TI8A.,"['CH1', 'CH2', 'CHZ']",2018-12-29T07:58:35.680000Z,3.05
584,20181229T080231Z,1J.TI8A.,"['CH1', 'CH2', 'CHZ']",2018-12-29T08:02:34.650000Z,3.63
585,20181229T080348Z,1J.TI8A.,"['CH1', 'CH2', 'CHZ']",2018-12-29T08:03:51.080000Z,8.39
586,20181229T081111Z,1J.TI8A.,"['CH1', 'CH2', 'CHZ']",2018-12-29T08:11:13.220000Z,6.22
587,20181229T082032Z,1J.TI8A.,"['CH1', 'CH2', 'CHZ']",2018-12-29T08:20:34.880000Z,13.03
588,20181229T082314Z,1J.TI8A.,"['CH1', 'CH2', 'CHZ']",2018-12-29T08:23:16.930000Z,3.12
589,20181229T082629Z,1J.TI8A.,"['CH1', 'CH2', 'CHZ']",2018-12-29T08:26:35.020000Z,2.26
590,20181229T083314Z,1J.TI8A.,"['CH1', 'CH2', 'CHZ']",2018-12-29T08:33:16.600000Z,8.09
591,20181229T083552Z,1J.TI8A.,"['CH1', 'CH2', 'CHZ']",2018-12-29T08:35:52.760000Z,5.44
592,20181229T083700Z,1J.TI8A.,"['CH1', 'CH2', 'CHZ']",2018-12-29T08:37:02.520000Z,8.11
593,20181229T083728Z,1J.TI8A.,"['CH1', 'CH2', 'CHZ']",2018-12-29T08:37:33.190000Z,6.38
594,20181229T084909Z,1J.TI8A.,"['CH1', 'CH2', 'CHZ']",2018-12-29T08:49:11.760000Z,3.54
595,20181229T085125Z,1J.TI8A.,"['CH1', 'CH2', 'CHZ']",2018-12-29T08:51:29.300000Z,7.31
596,20181229T085242Z,1J.TI8A.,"['CH1', 'CH2', 'CHZ']",2018-12-29T08:52:43.210000Z,5.88
597,20181229T090307Z,1J.TI8A.,"['CH1', 'CH2', 'CHZ']",2018-12-29T09:03:12.220000Z,5.66
598,20181229T090812Z,1J.TI8A.,"['CH1', 'CH2', 'CHZ']",2018-12-29T09:08:12.170000Z,8.44
599,20181229T091137Z,1J.TI8A.,"['CH1', 'CH2', 'CHZ']",2018-12-29T09:11:39.620000Z,8.55
600,20181229T091228Z,1J.TI8A.,"['CH1', 'CH2', 'CHZ']",2018-12-29T09:12:28.410000Z,11.01
601,20181229T091258Z,1J.TI8A.,"['CH1', 'CH2', 'CHZ']",2018-12-29T09:13:02.880000Z,5.3
602,20181229T091745Z,1J.TI8A.,"['CH1', 'CH2', 'CHZ']",2018-12-29T09:17:48.020000Z,7.75
603,20181229T091837Z,1J.TI8A.,"['CH1', 'CH2', 'CHZ']",2018-12-29T09:18:37.360000Z,5.76
604,20181229T092429Z,1J.TI8A.,"['CH1', 'CH2', 'CHZ']",2018-12-29T09:24:30.800000Z,6.39
605,20181229T093013Z,1J.TI8A.,"['CH1', 'CH2', 'CHZ']",2018-12-29T09:30:14.370000Z,6.66
606,20181229T093710Z,1J.TI8A.,"['CH1', 'CH2', 'CHZ']",2018-12-29T09:37:10.150000Z,17.36
607,20181229T093755Z,1J.TI8A.,"['CH1', 'CH2', 'CHZ']",2018-12-29T09:37:58.290000Z,6.95
608,20181229T094239Z,1J.TI8A.,"['CH1', 'CH2', 'CHZ']",2018-12-29T09:42:39.910000Z,5.78
609,20181229T094713Z,1J.TI8A.,"['CH1', 'CH2', 'CHZ']",2018-12-29T09:47:13.770000Z,24.4
610,20181229T095036Z,1J.TI8A.,"['CH1', 'CH2', 'CHZ']",2018-12-29T09:50:38.590000Z,5.36
611,20181229T095504Z,1J.TI8A.,"['CH1', 'CH2', 'CHZ']",2018-12-29T09:55:19.470000Z,8.04
612,20181229T095609Z,1J.TI8A.,"['CH1', 'CH2', 'CHZ']",2018-12-29T09:56:09.410000Z,12.96
613,20181229T100811Z,1J.TI8A.,"['CH1', 'CH2', 'CHZ']",2018-12-29T10:08:12.870000Z,7.33
614,20181229T101300Z,1J.TI8A.,"['CH1', 'CH2', 'CHZ']",2018-12-29T10:13:02.560000Z,7.96
615,20181229T101804Z,1J.TI8A.,"['CH1', 'CH2', 'CHZ']",2018-12-29T10:18:06.250000Z,1.93
616,20181229T102030Z,1J.TI8A.,"['CH1', 'CH2', 'CHZ']",2018-12-29T10:20:34.190000Z,0.94
617,20181229T102147Z,1J.TI8A.,"['CH1', 'CH2', 'CHZ']",2018-12-29T10:21:47.300000Z,7.08
618,20181229T102449Z,1J.TI8A.,"['CH1', 'CH2', 'CHZ']",2018-12-29T10:24:54.720000Z,2.39
619,20181229T102556Z,1J.TI8A.,"['CH1', 'CH2', 'CHZ']",2018-12-29T10:25:56.910000Z,14.21
620,20181229T103521Z,1J.TI8A.,"['CH1', 'CH2', 'CHZ']",2018-12-29T10:35:26.200000Z,8.33
621,20181229T103551Z,1J.TI8A.,"['CH1', 'CH2', 'CHZ']",2018-12-29T10:35:55.710000Z,8.24
622,20181229T103756Z,1J.TI8A.,"['CH1', 'CH2', 'CHZ']",2018-12-29T10:37:57.990000Z,6.55
623,20181229T104141Z,1J.TI8A.,"['CH1', 'CH2', 'CHZ']",2018-12-29T10:41:42.250000Z,1.23
624,20181229T104236Z,1J.TI8A.,"['CH1', 'CH2', 'CHZ']",2018-12-29T10:42:38.530000Z,8.71
625,20181229T105141Z,1J.TI8A.,"['CH1', 'CH2', 'CHZ']",2018-12-29T10:51:42.590000Z,6.29
626,20181229T105239Z,1J.TI8A.,"['CH1', 'CH2', 'CHZ']",2018-12-29T10:53:09.760000Z,6.21
627,20181229T105628Z,1J.TI8A.,"['CH1', 'CH2', 'CHZ']",2018-12-29T10:56:30.750000Z,9.0
628,20181229T105951Z,1J.TI8A.,"['CH1', 'CH2', 'CHZ']",2018-12-29T11:00:02.650000Z,1.3
629,20181229T110330Z,1J.TI8A.,"['CH1', 'CH2', 'CHZ']",2018-12-29T11:03:32.080000Z,5.52
630,20181229T111129Z,1J.TI8A.,"['CH1', 'CH2', 'CHZ']",2018-12-29T11:11:32.520000Z,4.52
631,20181229T111158Z,1J.TI8A.,"['CH1', 'CH2', 'CHZ']",2018-12-29T11:11:58.800000Z,5.2
632,20181229T111602Z,1J.TI8A.,"['CH1', 'CH2', 'CHZ']",2018-12-29T11:16:03.180000Z,5.46
633,20181229T111635Z,1J.TI8A.,"['CH1', 'CH2', 'CHZ']",2018-12-29T11:16:38.040000Z,2.18
634,20181229T112046Z,1J.TI8A.,"['CH1', 'CH2', 'CHZ']",2018-12-29T11:20:46.530000Z,9.97
635,20181229T112420Z,1J.TI8A.,"['CH1', 'CH2', 'CHZ']",2018-12-29T11:24:20.990000Z,5.3
636,20181229T112501Z,1J.TI8A.,"['CH1', 'CH2', 'CHZ']",2018-12-29T11:25:05.050000Z,8.36
637,20181229T112641Z,1J.TI8A.,"['CH1', 'CH2', 'CHZ']",2018-12-29T11:26:43.120000Z,7.85
638,20181229T112813Z,1J.TI8A.,"['CH1', 'CH2', 'CHZ']",2018-12-29T11:28:14.930000Z,5.2
639,20181229T112930Z,1J.TI8A.,"['CH1', 'CH2', 'CHZ']",2018-12-29T11:29:30.340000Z,6.48
640,20181229T113312Z,1J.TI8A.,"['CH1', 'CH2', 'CHZ']",2018-12-29T11:33:15.280000Z,7.53
641,20181229T113340Z,1J.TI8A.,"['CH1', 'CH2', 'CHZ']",2018-12-29T11:33:42.880000Z,6.4
642,20181229T114008Z,1J.TI8A.,"['CH1', 'CH2', 'CHZ']",2018-12-29T11:40:23.210000Z,6.14
643,20181229T114210Z,1J.TI8A.,"['CH1', 'CH2', 'CHZ']",2018-12-29T11:42:25.500000Z,2.97
644,20181229T114630Z,1J.TI8A.,"['CH1', 'CH2', 'CHZ']",2018-12-29T11:46:30.110000Z,8.33
645,20181229T115304Z,1J.TI8A.,"['CH1', 'CH2', 'CHZ']",2018-12-29T11:53:04.330000Z,5.96
646,20181229T115546Z,1J.TI8A.,"['CH1', 'CH2', 'CHZ']",2018-12-29T11:55:50.370000Z,5.49
647,20181229T115917Z,1J.TI8A.,"['CH1', 'CH2', 'CHZ']",2018-12-29T11:59:17.940000Z,12.65
648,20181229T120039Z,1J.TI8A.,"['CH1', 'CH2', 'CHZ']",2018-12-29T12:00:43.760000Z,4.27
649,20181229T120554Z,1J.TI8A.,"['CH1', 'CH2', 'CHZ']",2018-12-29T12:05:54.820000Z,5.3
650,20181229T122216Z,1J.TI8A.,"['CH1', 'CH2', 'CHZ']",2018-12-29T12:22:16.080000Z,6.5
651,20181229T122324Z,1J.TI8A.,"['CH1', 'CH2', 'CHZ']",2018-12-29T12:23:25.440000Z,8.17
652,20181229T122935Z,1J.TI8A.,"['CH1', 'CH2', 'CHZ']",2018-12-29T12:29:35.390000Z,8.02
653,20181229T123001Z,1J.TI8A.,"['CH1', 'CH2', 'CHZ']",2018-12-29T12:30:06.030000Z,5.57
654,20181229T123224Z,1J.TI8A.,"['CH1', 'CH2', 'CHZ']",2018-12-29T12:32:25.130000Z,6.93
655,20181229T123538Z,1J.TI8A.,"['CH1', 'CH2', 'CHZ']",2018-12-29T12:35:38.660000Z,6.81
656,20181229T124031Z,1J.TI8A.,"['CH1', 'CH2', 'CHZ']",2018-12-29T12:40:31.250000Z,4.29
657,20181229T124057Z,1J.TI8A.,"['CH1', 'CH2', 'CHZ']",2018-12-29T12:41:00.600000Z,6.82
658,20181229T124826Z,1J.TI8A.,"['CH1', 'CH2', 'CHZ']",2018-12-29T12:48:26.160000Z,6.62
659,20181229T125033Z,1J.TI8A.,"['CH1', 'CH2', 'CHZ']",2018-12-29T12:50:34.320000Z,8.44
660,20181229T130111Z,1J.TI8A.,"['CH1', 'CH2', 'CHZ']",2018-12-29T13:01:11.620000Z,6.28
661,20181229T130433Z,1J.TI8A.,"['CH1', 'CH2', 'CHZ']",2018-12-29T13:04:35.710000Z,5.58
662,20181229T131312Z,1J.TI8A.,"['CH1', 'CH2', 'CHZ']",2018-12-29T13:13:12.880000Z,6.12
663,20181229T131357Z,1J.TI8A.,"['CH1', 'CH2', 'CHZ']",2018-12-29T13:13:57.230000Z,7.1
664,20181229T132445Z,1J.TI8A.,"['CH1', 'CH2', 'CHZ']",2018-12-29T13:24:45.440000Z,8.17
665,20181229T132551Z,1J.TI8A.,"['CH1', 'CH2', 'CHZ']",2018-12-29T13:25:51.780000Z,6.43
666,20181229T132937Z,1J.TI8A.,"['CH1', 'CH2', 'CHZ']",2018-12-29T13:29:37.670000Z,6.24
667,20181229T133836Z,1J.TI8A.,"['CH1', 'CH2', 'CHZ']",2018-12-29T13:38:36.820000Z,7.91
668,20181229T134214Z,1J.TI8A.,"['CH1', 'CH2', 'CHZ']",2018-12-29T13:42:14.130000Z,18.37
669,20181229T134415Z,1J.TI8A.,"['CH1', 'CH2', 'CHZ']",2018-12-29T13:44:15.340000Z,9.45
670,20181229T134442Z,1J.TI8A.,"['CH1', 'CH2', 'CHZ']",2018-12-29T13:44:45.170000Z,6.23
671,20181229T135102Z,1J.TI8A.,"['CH1', 'CH2', 'CHZ']",2018-12-29T13:51:02.330000Z,6.34
672,20181229T140352Z,1J.TI8A.,"['CH1', 'CH2', 'CHZ']",2018-12-29T14:03:52.260000Z,5.95
673,20181229T141229Z,1J.TI8A.,"['CH1', 'CH2', 'CHZ']",2018-12-29T14:12:29.050000Z,6.24
674,20181229T142142Z,1J.TI8A.,"['CH1', 'CH2', 'CHZ']",2018-12-29T14:21:42.200000Z,9.85
675,20181229T142341Z,1J.TI8A.,"['CH1', 'CH2', 'CHZ']",2018-12-29T14:23:41.320000Z,13.78
676,20181229T142853Z,1J.TI8A.,"['CH1', 'CH2', 'CHZ']",2018-12-29T14:28:53.590000Z,6.51
677,20181229T143112Z,1J.TI8A.,"['CH1', 'CH2', 'CHZ']",2018-12-29T14:31:12.100000Z,5.37
678,20181229T144159Z,1J.TI8A.,"['CH1', 'CH2', 'CHZ']",2018-12-29T14:41:59.370000Z,6.16
679,20181229T144238Z,1J.TI8A.,"['CH1', 'CH2', 'CHZ']",2018-12-29T14:42:38.970000Z,6.96
680,20181229T144656Z,1J.TI8A.,"['CH1', 'CH2', 'CHZ']",2018-12-29T14:46:56.890000Z,7.88
681,20181229T144715Z,1J.TI8A.,"['CH1', 'CH2', 'CHZ']",2018-12-29T14:47:15.660000Z,7.72
682,20181229T145352Z,1J.TI8A.,"['CH1', 'CH2', 'CHZ']",2018-12-29T14:53:52.010000Z,7.93
683,20181229T150631Z,1J.TI8A.,"['CH1', 'CH2', 'CHZ']",2018-12-29T15:06:31.350000Z,9.02
684,20181229T150718Z,1J.TI8A.,"['CH1', 'CH2', 'CHZ']",2018-12-29T15:07:18.960000Z,1.97
685,20181229T150739Z,1J.TI8A.,"['CH1', 'CH2', 'CHZ']",2018-12-29T15:07:39.410000Z,7.09
686,20181229T151755Z,1J.TI8A.,"['CH1', 'CH2', 'CHZ']",2018-12-29T15:17:55.430000Z,6.31
687,20181229T151910Z,1J.TI8A.,"['CH1', 'CH2', 'CHZ']",2018-12-29T15:19:10.430000Z,5.53
688,20181229T153204Z,1J.TI8A.,"['CH1', 'CH2', 'CHZ']",2018-12-29T15:32:04.840000Z,5.6
689,20181229T153543Z,1J.TI8A.,"['CH1', 'CH2', 'CHZ']",2018-12-29T15:35:43.840000Z,11.57
690,20181229T153612Z,1J.TI8A.,"['CH1', 'CH2', 'CHZ']",2018-12-29T15:36:16.370000Z,5.67
691,20181229T154012Z,1J.TI8A.,"['CH1', 'CH2', 'CHZ']",2018-12-29T15:40:12.450000Z,12.5
692,20181229T154428Z,1J.TI8A.,"['CH1', 'CH2', 'CHZ']",2018-12-29T15:44:28.750000Z,6.22
693,20181229T154458Z,1J.TI8A.,"['CH1', 'CH2', 'CHZ']",2018-12-29T15:44:58.380000Z,5.87
694,20181229T154947Z,1J.TI8A.,"['CH1', 'CH2', 'CHZ']",2018-12-29T15:49:47.010000Z,5.03
695,20181229T155044Z,1J.TI8A.,"['CH1', 'CH2', 'CHZ']",2018-12-29T15:50:44.100000Z,8.2
696,20181229T155110Z,1J.TI8A.,"['CH1', 'CH2', 'CHZ']",2018-12-29T15:51:14.440000Z,6.13
697,20181229T160008Z,1J.TI8A.,"['CH1', 'CH2', 'CHZ']",2018-12-29T16:00:08.370000Z,7.38
698,20181229T160259Z,1J.TI8A.,"['CH1', 'CH2', 'CHZ']",2018-12-29T16:02:59.660000Z,7.53
699,20181229T160612Z,1J.TI8A.,"['CH1', 'CH2', 'CHZ']",2018-12-29T16:06:12.640000Z,8.32
700,20181229T160850Z,1J.TI8A.,"['CH1', 'CH2', 'CHZ']",2018-12-29T16:08:50.150000Z,7.32
701,20181229T161305Z,1J.TI8A.,"['CH1', 'CH2', 'CHZ']",2018-12-29T16:13:05.700000Z,5.51
702,20181229T161903Z,1J.TI8A.,"['CH1', 'CH2', 'CHZ']",2018-12-29T16:19:03.060000Z,6.75
703,20181229T162203Z,1J.TI8A.,"['CH1', 'CH2', 'CHZ']",2018-12-29T16:22:03.200000Z,5.27
704,20181229T162819Z,1J.TI8A.,"['CH1', 'CH2', 'CHZ']",2018-12-29T16:28:21.710000Z,2.19
705,20181229T163345Z,1J.TI8A.,"['CH1', 'CH2', 'CHZ']",2018-12-29T16:33:45.650000Z,8.33
706,20181229T163429Z,1J.TI8A.,"['CH1', 'CH2', 'CHZ']",2018-12-29T16:34:34.400000Z,3.81
707,20181229T164443Z,1J.TI8A.,"['CH1', 'CH2', 'CHZ']",2018-12-29T16:44:46.740000Z,12.09
708,20181229T164631Z,1J.TI8A.,"['CH1', 'CH2', 'CHZ']",2018-12-29T16:46:31.790000Z,5.06
709,20181229T165200Z,1J.TI8A.,"['CH1', 'CH2', 'CHZ']",2018-12-29T16:52:01.560000Z,4.1
710,20181229T165536Z,1J.TI8A.,"['CH1', 'CH2', 'CHZ']",2018-12-29T16:55:36.100000Z,7.53
711,20181229T165601Z,1J.TI8A.,"['CH1', 'CH2', 'CHZ']",2018-12-29T16:56:06.170000Z,5.31
712,20181229T165721Z,1J.TI8A.,"['CH1', 'CH2', 'CHZ']",2018-12-29T16:57:21.750000Z,5.49
713,20181229T165815Z,1J.TI8A.,"['CH1', 'CH2', 'CHZ']",2018-12-29T16:58:15.090000Z,5.99
714,20181229T165926Z,1J.TI8A.,"['CH1', 'CH2', 'CHZ']",2018-12-29T16:59:26.660000Z,6.56
715,20181229T170531Z,1J.TI8A.,"['CH1', 'CH2', 'CHZ']",2018-12-29T17:05:31.470000Z,9.81
716,20181229T170903Z,1J.TI8A.,"['CH1', 'CH2', 'CHZ']",2018-12-29T17:09:03.210000Z,5.04
717,20181229T171631Z,1J.TI8A.,"['CH1', 'CH2', 'CHZ']",2018-12-29T17:16:31.700000Z,13.9
718,20181229T172827Z,1J.TI8A.,"['CH1', 'CH2', 'CHZ']",2018-12-29T17:28:27.280000Z,10.59
719,20181229T173314Z,1J.TI8A.,"['CH1', 'CH2', 'CHZ']",2018-12-29T17:33:14.010000Z,6.25
720,20181229T173927Z,1J.TI8A.,"['CH1', 'CH2', 'CHZ']",2018-12-29T17:39:27.900000Z,8.75
721,20181229T174220Z,1J.TI8A.,"['CH1', 'CH2', 'CHZ']",2018-12-29T17:42:20.790000Z,5.0
722,20181229T174407Z,1J.TI8A.,"['CH1', 'CH2', 'CHZ']",2018-12-29T17:44:07.760000Z,5.61
723,20181229T174724Z,1J.TI8A.,"['CH1', 'CH2', 'CHZ']",2018-12-29T17:47:24.350000Z,7.09
724,20181229T174958Z,1J.TI8A.,"['CH1', 'CH2', 'CHZ']",2018-12-29T17:49:58.550000Z,22.03
725,20181229T175208Z,1J.TI8A.,"['CH1', 'CH2', 'CHZ']",2018-12-29T17:52:08.700000Z,6.02
726,20181229T175314Z,1J.TI8A.,"['CH1', 'CH2', 'CHZ']",2018-12-29T17:53:14.810000Z,9.86
727,20181229T175406Z,1J.TI8A.,"['CH1', 'CH2', 'CHZ']",2018-12-29T17:54:06.860000Z,10.08
728,20181229T175525Z,1J.TI8A.,"['CH1', 'CH2', 'CHZ']",2018-12-29T17:55:25.080000Z,5.52
729,20181229T175737Z,1J.TI8A.,"['CH1', 'CH2', 'CHZ']",2018-12-29T17:57:37.390000Z,10.45
730,20181229T175952Z,1J.TI8A.,"['CH1', 'CH2', 'CHZ']",2018-12-29T17:59:52.640000Z,8.17
731,20181229T180251Z,1J.TI8A.,"['CH1', 'CH2', 'CHZ']",2018-12-29T18:02:51.660000Z,5.28
732,20181229T180416Z,1J.TI8A.,"['CH1', 'CH2', 'CHZ']",2018-12-29T18:04:16.510000Z,8.07
733,20181229T180516Z,1J.TI8A.,"['CH1', 'CH2', 'CHZ']",2018-12-29T18:05:16.170000Z,5.4
734,20181229T180620Z,1J.TI8A.,"['CH1', 'CH2', 'CHZ']",2018-12-29T18:06:20.710000Z,9.23
735,20181229T181028Z,1J.TI8A.,"['CH1', 'CH2', 'CHZ']",2018-12-29T18:10:28.890000Z,9.76
736,20181229T181055Z,1J.TI8A.,"['CH1', 'CH2', 'CHZ']",2018-12-29T18:10:59.960000Z,5.64
737,20181229T181316Z,1J.TI8A.,"['CH1', 'CH2', 'CHZ']",2018-12-29T18:13:16.770000Z,10.75
738,20181229T181403Z,1J.TI8A.,"['CH1', 'CH2', 'CHZ']",2018-12-29T18:14:11.490000Z,4.83
739,20181229T181446Z,1J.TI8A.,"['CH1', 'CH2', 'CHZ']",2018-12-29T18:14:46.370000Z,6.08
740,20181229T181615Z,1J.TI8A.,"['CH1', 'CH2', 'CHZ']",2018-12-29T18:16:15.080000Z,8.68
741,20181229T181724Z,1J.TI8A.,"['CH1', 'CH2', 'CHZ']",2018-12-29T18:17:39.320000Z,9.46
742,20181229T181844Z,1J.TI8A.,"['CH1', 'CH2', 'CHZ']",2018-12-29T18:18:44.880000Z,5.78
743,20181229T181943Z,1J.TI8A.,"['CH1', 'CH2', 'CHZ']",2018-12-29T18:19:43.680000Z,6.7
744,20181229T182141Z,1J.TI8A.,"['CH1', 'CH2', 'CHZ']",2018-12-29T18:21:41.380000Z,13.21
745,20181229T182327Z,1J.TI8A.,"['CH1', 'CH2', 'CHZ']",2018-12-29T18:23:27.570000Z,6.42
746,20181229T182430Z,1J.TI8A.,"['CH1', 'CH2', 'CHZ']",2018-12-29T18:24:30.660000Z,7.48
747,20181229T182530Z,1J.TI8A.,"['CH1', 'CH2', 'CHZ']",2018-12-29T18:25:33.600000Z,2.64
748,20181229T182838Z,1J.TI8A.,"['CH1', 'CH2', 'CHZ']",2018-12-29T18:28:38.770000Z,7.55
749,20181229T183022Z,1J.TI8A.,"['CH1', 'CH2', 'CHZ']",2018-12-29T18:30:28.180000Z,9.72
750,20181229T183123Z,1J.TI8A.,"['CH1', 'CH2', 'CHZ']",2018-12-29T18:31:23.850000Z,7.81
751,20181229T183247Z,1J.TI8A.,"['CH1', 'CH2', 'CHZ']",2018-12-29T18:32:47.880000Z,5.71
752,20181229T183326Z,1J.TI8A.,"['CH1', 'CH2', 'CHZ']",2018-12-29T18:33:27.930000Z,4.76
753,20181229T183452Z,1J.TI8A.,"['CH1', 'CH2', 'CHZ']",2018-12-29T18:34:54.410000Z,1.76
754,20181229T183827Z,1J.TI8A.,"['CH1', 'CH2', 'CHZ']",2018-12-29T18:38:27.470000Z,7.46
755,20181229T184251Z,1J.TI8A.,"['CH1', 'CH2', 'CHZ']",2018-12-29T18:42:53.000000Z,5.57
756,20181229T184606Z,1J.TI8A.,"['CH1', 'CH2', 'CHZ']",2018-12-29T18:46:06.980000Z,5.42
757,20181229T184930Z,1J.TI8A.,"['CH1', 'CH2', 'CHZ']",2018-12-29T18:49:30.410000Z,8.89
758,20181229T185026Z,1J.TI8A.,"['CH1', 'CH2', 'CHZ']",2018-12-29T18:50:30.750000Z,5.56
759,20181229T185344Z,1J.TI8A.,"['CH1', 'CH2', 'CHZ']",2018-12-29T18:53:44.510000Z,6.53
760,20181229T185633Z,1J.TI8A.,"['CH1', 'CH2', 'CHZ']",2018-12-29T18:56:33.830000Z,6.16
761,20181229T185818Z,1J.TI8A.,"['CH1', 'CH2', 'CHZ']",2018-12-29T18:58:18.360000Z,8.56
762,20181229T190241Z,1J.TI8A.,"['CH1', 'CH2', 'CHZ']",2018-12-29T19:02:41.360000Z,10.15
763,20181229T190348Z,1J.TI8A.,"['CH1', 'CH2', 'CHZ']",2018-12-29T19:03:48.120000Z,5.53
764,20181229T190427Z,1J.TI8A.,"['CH1', 'CH2', 'CHZ']",2018-12-29T19:04:27.880000Z,5.11
765,20181229T190453Z,1J.TI8A.,"['CH1', 'CH2', 'CHZ']",2018-12-29T19:04:57.440000Z,5.11
766,20181229T191105Z,1J.TI8A.,"['CH1', 'CH2', 'CHZ']",2018-12-29T19:11:05.080000Z,9.33
767,20181229T191333Z,1J.TI8A.,"['CH1', 'CH2', 'CHZ']",2018-12-29T19:13:33.850000Z,5.84
768,20181229T191533Z,1J.TI8A.,"['CH1', 'CH2', 'CHZ']",2018-12-29T19:15:33.320000Z,11.35
769,20181229T191926Z,1J.TI8A.,"['CH1', 'CH2', 'CHZ']",2018-12-29T19:19:26.210000Z,19.23
770,20181229T192502Z,1J.TI8A.,"['CH1', 'CH2', 'CHZ']",2018-12-29T19:25:02.390000Z,11.61
771,20181229T192731Z,1J.TI8A.,"['CH1', 'CH2', 'CHZ']",2018-12-29T19:27:31.980000Z,5.82
772,20181229T193005Z,1J.TI8A.,"['CH1', 'CH2', 'CHZ']",2018-12-29T19:30:05.250000Z,9.84
773,20181229T193207Z,1J.TI8A.,"['CH1', 'CH2', 'CHZ']",2018-12-29T19:32:08.220000Z,2.04
774,20181229T193408Z,1J.TI8A.,"['CH1', 'CH2', 'CHZ']",2018-12-29T19:34:08.850000Z,6.5
775,20181229T193526Z,1J.TI8A.,"['CH1', 'CH2', 'CHZ']",2018-12-29T19:35:26.130000Z,8.27
776,20181229T193631Z,1J.TI8A.,"['CH1', 'CH2', 'CHZ']",2018-12-29T19:36:31.920000Z,8.73
777,20181229T194307Z,1J.TI8A.,"['CH1', 'CH2', 'CHZ']",2018-12-29T19:43:09.510000Z,2.62
778,20181229T194721Z,1J.TI8A.,"['CH1', 'CH2', 'CHZ']",2018-12-29T19:47:21.070000Z,6.79
779,20181229T195223Z,1J.TI8A.,"['CH1', 'CH2', 'CHZ']",2018-12-29T19:52:26.900000Z,2.06
780,20181229T195238Z,1J.TI8A.,"['CH1', 'CH2', 'CHZ']",2018-12-29T19:52:39.080000Z,4.21
781,20181229T195303Z,1J.TI8A.,"['CH1', 'CH2', 'CHZ']",2018-12-29T19:53:07.500000Z,4.47
782,20181229T195944Z,1J.TI8A.,"['CH1', 'CH2', 'CHZ']",2018-12-29T19:59:44.680000Z,13.89
783,20181229T200447Z,1J.TI8A.,"['CH1', 'CH2', 'CHZ']",2018-12-29T20:04:49.240000Z,2.04
784,20181229T200459Z,1J.TI8A.,"['CH1', 'CH2', 'CHZ']",2018-12-29T20:05:03.470000Z,2.51
785,20181229T200559Z,1J.TI8A.,"['CH1', 'CH2', 'CHZ']",2018-12-29T20:05:59.960000Z,6.73
786,20181229T200917Z,1J.TI8A.,"['CH1', 'CH2', 'CHZ']",2018-12-29T20:09:18.110000Z,9.09
787,20181229T201406Z,1J.TI8A.,"['CH1', 'CH2', 'CHZ']",2018-12-29T20:14:06.390000Z,6.2
788,20181229T202140Z,1J.TI8A.,"['CH1', 'CH2', 'CHZ']",2018-12-29T20:21:40.220000Z,13.8
789,20181229T202209Z,1J.TI8A.,"['CH1', 'CH2', 'CHZ']",2018-12-29T20:22:13.910000Z,7.14
790,20181229T202601Z,1J.TI8A.,"['CH1', 'CH2', 'CHZ']",2018-12-29T20:26:01.550000Z,2.4
791,20181229T202645Z,1J.TI8A.,"['CH1', 'CH2', 'CHZ']",2018-12-29T20:26:45.320000Z,8.05
792,20181229T203328Z,1J.TI8A.,"['CH1', 'CH2', 'CHZ']",2018-12-29T20:33:28.970000Z,5.75
793,20181229T204533Z,1J.TI8A.,"['CH1', 'CH2', 'CHZ']",2018-12-29T20:45:33.570000Z,5.98
794,20181229T205033Z,1J.TI8A.,"['CH1', 'CH2', 'CHZ']",2018-12-29T20:50:33.140000Z,7.49
795,20181229T205504Z,1J.TI8A.,"['CH1', 'CH2', 'CHZ']",2018-12-29T20:55:04.870000Z,8.0
796,20181229T205619Z,1J.TI8A.,"['CH1', 'CH2', 'CHZ']",2018-12-29T20:56:19.230000Z,5.99
797,20181229T210812Z,1J.TI8A.,"['CH1', 'CH2', 'CHZ']",2018-12-29T21:08:12.450000Z,6.5
798,20181229T211315Z,1J.TI8A.,"['CH1', 'CH2', 'CHZ']",2018-12-29T21:13:22.710000Z,2.55
799,20181229T211928Z,1J.TI8A.,"['CH1', 'CH2', 'CHZ']",2018-12-29T21:19:28.780000Z,6.87
800,20181229T212252Z,1J.TI8A.,"['CH1', 'CH2', 'CHZ']",2018-12-29T21:22:52.410000Z,7.03
801,20181229T212405Z,1J.TI8A.,"['CH1', 'CH2', 'CHZ']",2018-12-29T21:24:05.620000Z,10.39
802,20181229T212555Z,1J.TI8A.,"['CH1', 'CH2', 'CHZ']",2018-12-29T21:25:55.200000Z,7.17
803,20181229T213917Z,1J.TI8A.,"['CH1', 'CH2', 'CHZ']",2018-12-29T21:39:17.830000Z,5.27
804,20181229T215149Z,1J.TI8A.,"['CH1', 'CH2', 'CHZ']",2018-12-29T21:51:49.450000Z,6.01
805,20181229T215631Z,1J.TI8A.,"['CH1', 'CH2', 'CHZ']",2018-12-29T21:56:31.930000Z,7.03
806,20181229T220040Z,1J.TI8A.,"['CH1', 'CH2', 'CHZ']",2018-12-29T22:00:40.470000Z,7.24
807,20181229T220106Z,1J.TI8A.,"['CH1', 'CH2', 'CHZ']",2018-12-29T22:01:09.940000Z,5.53
808,20181229T220514Z,1J.TI8A.,"['CH1', 'CH2', 'CHZ']",2018-12-29T22:05:14.450000Z,14.69
809,20181229T221826Z,1J.TI8A.,"['CH1', 'CH2', 'CHZ']",2018-12-29T22:18:31.890000Z,2.05
810,20181229T221925Z,1J.TI8A.,"['CH1', 'CH2', 'CHZ']",2018-12-29T22:19:26.490000Z,6.43
811,20181229T222505Z,1J.TI8A.,"['CH1', 'CH2', 'CHZ']",2018-12-29T22:25:07.730000Z,3.5
812,20181229T222801Z,1J.TI8A.,"['CH1', 'CH2', 'CHZ']",2018-12-29T22:28:01.070000Z,4.89
813,20181229T222925Z,1J.TI8A.,"['CH1', 'CH2', 'CHZ']",2018-12-29T22:29:25.220000Z,7.58
814,20181229T223000Z,1J.TI8A.,"['CH1', 'CH2', 'CHZ']",2018-12-29T22:30:00.700000Z,2.04
815,20181229T223134Z,1J.TI8A.,"['CH1', 'CH2', 'CHZ']",2018-12-29T22:31:36.660000Z,5.62
816,20181229T223511Z,1J.TI8A.,"['CH1', 'CH2', 'CHZ']",2018-12-29T22:35:13.460000Z,3.12
817,20181229T223657Z,1J.TI8A.,"['CH1', 'CH2', 'CHZ']",2018-12-29T22:36:57.130000Z,4.9
818,20181229T224248Z,1J.TI8A.,"['CH1', 'CH2', 'CHZ']",2018-12-29T22:42:48.380000Z,6.84
819,20181229T224546Z,1J.TI8A.,"['CH1', 'CH2', 'CHZ']",2018-12-29T22:45:46.180000Z,5.23
820,20181229T224637Z,1J.TI8A.,"['CH1', 'CH2', 'CHZ']",2018-12-29T22:46:37.280000Z,9.09
821,20181229T224913Z,1J.TI8A.,"['CH1', 'CH2', 'CHZ']",2018-12-29T22:49:13.530000Z,5.15
822,20181229T225449Z,1J.TI8A.,"['CH1', 'CH2', 'CHZ']",2018-12-29T22:54:49.500000Z,6.06
823,20181229T225646Z,1J.TI8A.,"['CH1', 'CH2', 'CHZ']",2018-12-29T22:56:46.860000Z,5.33
824,20181229T225936Z,1J.TI8A.,"['CH1', 'CH2', 'CHZ']",2018-12-29T22:59:36.570000Z,7.58
825,20181229T230855Z,1J.TI8A.,"['CH1', 'CH2', 'CHZ']",2018-12-29T23:08:55.310000Z,5.03
826,20181229T231407Z,1J.TI8A.,"['CH1', 'CH2', 'CHZ']",2018-12-29T23:14:07.050000Z,11.23
827,20181229T231720Z,1J.TI8A.,"['CH1', 'CH2', 'CHZ']",2018-12-29T23:17:20.300000Z,9.2
828,20181229T232522Z,1J.TI8A.,"['CH1', 'CH2', 'CHZ']",2018-12-29T23:25:22.960000Z,5.61
829,20181229T233332Z,1J.TI8A.,"['CH1', 'CH2', 'CHZ']",2018-12-29T23:33:32.390000Z,8.12
830,20181229T233525Z,1J.TI8A.,"['CH1', 'CH2', 'CHZ']",2018-12-29T23:35:25.130000Z,6.31
831,20181229T234006Z,1J.TI8A.,"['CH1', 'CH2', 'CHZ']",2018-12-29T23:40:06.570000Z,12.7
832,20181229T235340Z,1J.TI8A.,"['CH1', 'CH2', 'CHZ']",2018-12-29T23:53:40.650000Z,6.66
833,20181229T002725Z,1J.TI6A.,"['CH1', 'CH2', 'CHZ']",2018-12-29T00:27:34.520000Z,5.15
834,20181229T002759Z,1J.TI6A.,"['CH1', 'CH2', 'CHZ']",2018-12-29T00:28:01.510000Z,6.24
835,20181229T002918Z,1J.TI6A.,"['CH1', 'CH2', 'CHZ']",2018-12-29T00:29:20.810000Z,5.24
836,20181229T003127Z,1J.TI6A.,"['CH1', 'CH2', 'CHZ']",2018-12-29T00:31:29.670000Z,6.63
837,20181229T003217Z,1J.TI6A.,"['CH1', 'CH2', 'CHZ']",2018-12-29T00:32:27.320000Z,2.66
838,20181229T010210Z,1J.TI6A.,"['CH1', 'CH2', 'CHZ']",2018-12-29T01:02:14.520000Z,3.34
839,20181229T013041Z,1J.TI6A.,"['CH1', 'CH2', 'CHZ']",2018-12-29T01:30:49.100000Z,2.21
840,20181229T030432Z,1J.TI6A.,"['CH1', 'CH2', 'CHZ']",2018-12-29T03:04:32.080000Z,8.73
841,20181229T031542Z,1J.TI6A.,"['CH1', 'CH2', 'CHZ']",2018-12-29T03:15:42.260000Z,6.77
842,20181229T032011Z,1J.TI6A.,"['CH1', 'CH2', 'CHZ']",2018-12-29T03:20:11.700000Z,1.95
843,20181229T035033Z,1J.TI6A.,"['CH1', 'CH2', 'CHZ']",2018-12-29T03:50:39.850000Z,16.0
844,20181229T040429Z,1J.TI6A.,"['CH1', 'CH2', 'CHZ']",2018-12-29T04:04:41.410000Z,3.59
845,20181229T040703Z,1J.TI6A.,"['CH1', 'CH2', 'CHZ']",2018-12-29T04:07:03.670000Z,6.21
846,20181229T041424Z,1J.TI6A.,"['CH1', 'CH2', 'CHZ']",2018-12-29T04:14:24.920000Z,6.35
847,20181229T041455Z,1J.TI6A.,"['CH1', 'CH2', 'CHZ']",2018-12-29T04:14:57.860000Z,5.46
848,20181229T042146Z,1J.TI6A.,"['CH1', 'CH2', 'CHZ']",2018-12-29T04:21:48.920000Z,4.0
849,20181229T042831Z,1J.TI6A.,"['CH1', 'CH2', 'CHZ']",2018-12-29T04:28:33.010000Z,8.98
850,20181229T044341Z,1J.TI6A.,"['CH1', 'CH2', 'CHZ']",2018-12-29T04:43:41.810000Z,7.07
851,20181229T050811Z,1J.TI6A.,"['CH1', 'CH2', 'CHZ']",2018-12-29T05:08:18.470000Z,3.06
852,20181229T053232Z,1J.TI6A.,"['CH1', 'CH2', 'CHZ']",2018-12-29T05:32:35.330000Z,4.24
853,20181229T053816Z,1J.TI6A.,"['CH1', 'CH2', 'CHZ']",2018-12-29T05:38:16.390000Z,1.91
854,20181229T054139Z,1J.TI6A.,"['CH1', 'CH2', 'CHZ']",2018-12-29T05:41:39.120000Z,7.72
855,20181229T054734Z,1J.TI6A.,"['CH1', 'CH2', 'CHZ']",2018-12-29T05:47:39.820000Z,2.11
856,20181229T054803Z,1J.TI6A.,"['CH1', 'CH2', 'CHZ']",2018-12-29T05:48:04.970000Z,6.48
857,20181229T060611Z,1J.TI6A.,"['CH1', 'CH2', 'CHZ']",2018-12-29T06:06:11.650000Z,9.67
858,20181229T060712Z,1J.TI6A.,"['CH1', 'CH2', 'CHZ']",2018-12-29T06:07:12.440000Z,7.08
859,20181229T061243Z,1J.TI6A.,"['CH1', 'CH2', 'CHZ']",2018-12-29T06:12:43.600000Z,8.41
860,20181229T061354Z,1J.TI6A.,"['CH1', 'CH2', 'CHZ']",2018-12-29T06:13:54.150000Z,5.13
861,20181229T061425Z,1J.TI6A.,"['CH1', 'CH2', 'CHZ']",2018-12-29T06:14:25.790000Z,6.25
862,20181229T061656Z,1J.TI6A.,"['CH1', 'CH2', 'CHZ']",2018-12-29T06:16:56.920000Z,6.23
863,20181229T061804Z,1J.TI6A.,"['CH1', 'CH2', 'CHZ']",2018-12-29T06:18:04.660000Z,6.05
864,20181229T062001Z,1J.TI6A.,"['CH1', 'CH2', 'CHZ']",2018-12-29T06:20:01.430000Z,8.11
865,20181229T062019Z,1J.TI6A.,"['CH1', 'CH2', 'CHZ']",2018-12-29T06:20:20.380000Z,5.61
866,20181229T062524Z,1J.TI6A.,"['CH1', 'CH2', 'CHZ']",2018-12-29T06:25:24.570000Z,11.71
867,20181229T062854Z,1J.TI6A.,"['CH1', 'CH2', 'CHZ']",2018-12-29T06:28:54.010000Z,6.6
868,20181229T062958Z,1J.TI6A.,"['CH1', 'CH2', 'CHZ']",2018-12-29T06:29:58.630000Z,5.45
869,20181229T063010Z,1J.TI6A.,"['CH1', 'CH2', 'CHZ']",2018-12-29T06:30:14.970000Z,3.55
870,20181229T063108Z,1J.TI6A.,"['CH1', 'CH2', 'CHZ']",2018-12-29T06:31:08.340000Z,10.74
871,20181229T063508Z,1J.TI6A.,"['CH1', 'CH2', 'CHZ']",2018-12-29T06:35:08.800000Z,9.42
872,20181229T063710Z,1J.TI6A.,"['CH1', 'CH2', 'CHZ']",2018-12-29T06:37:11.290000Z,5.62
873,20181229T064115Z,1J.TI6A.,"['CH1', 'CH2', 'CHZ']",2018-12-29T06:41:17.710000Z,4.86
874,20181229T064143Z,1J.TI6A.,"['CH1', 'CH2', 'CHZ']",2018-12-29T06:41:44.350000Z,5.13
875,20181229T064315Z,1J.TI6A.,"['CH1', 'CH2', 'CHZ']",2018-12-29T06:43:16.690000Z,8.54
876,20181229T064701Z,1J.TI6A.,"['CH1', 'CH2', 'CHZ']",2018-12-29T06:47:04.870000Z,3.27
877,20181229T064848Z,1J.TI6A.,"['CH1', 'CH2', 'CHZ']",2018-12-29T06:48:50.680000Z,2.02
878,20181229T065603Z,1J.TI6A.,"['CH1', 'CH2', 'CHZ']",2018-12-29T06:56:03.130000Z,6.55
879,20181229T070341Z,1J.TI6A.,"['CH1', 'CH2', 'CHZ']",2018-12-29T07:03:41.820000Z,6.79
880,20181229T070411Z,1J.TI6A.,"['CH1', 'CH2', 'CHZ']",2018-12-29T07:04:14.490000Z,4.09
881,20181229T070615Z,1J.TI6A.,"['CH1', 'CH2', 'CHZ']",2018-12-29T07:06:18.190000Z,4.97
882,20181229T070758Z,1J.TI6A.,"['CH1', 'CH2', 'CHZ']",2018-12-29T07:07:58.200000Z,5.87
883,20181229T070914Z,1J.TI6A.,"['CH1', 'CH2', 'CHZ']",2018-12-29T07:09:14.910000Z,5.85
884,20181229T071049Z,1J.TI6A.,"['CH1', 'CH2', 'CHZ']",2018-12-29T07:10:49.430000Z,7.88
885,20181229T071343Z,1J.TI6A.,"['CH1', 'CH2', 'CHZ']",2018-12-29T07:13:43.860000Z,11.92
886,20181229T071434Z,1J.TI6A.,"['CH1', 'CH2', 'CHZ']",2018-12-29T07:14:34.520000Z,10.98
887,20181229T071828Z,1J.TI6A.,"['CH1', 'CH2', 'CHZ']",2018-12-29T07:18:29.880000Z,5.02
888,20181229T072144Z,1J.TI6A.,"['CH1', 'CH2', 'CHZ']",2018-12-29T07:21:44.250000Z,6.67
889,20181229T072200Z,1J.TI6A.,"['CH1', 'CH2', 'CHZ']",2018-12-29T07:22:03.120000Z,2.99
890,20181229T072253Z,1J.TI6A.,"['CH1', 'CH2', 'CHZ']",2018-12-29T07:22:53.750000Z,7.77
891,20181229T073101Z,1J.TI6A.,"['CH1', 'CH2', 'CHZ']",2018-12-29T07:31:02.740000Z,5.66
892,20181229T073340Z,1J.TI6A.,"['CH1', 'CH2', 'CHZ']",2018-12-29T07:33:40.010000Z,6.59
893,20181229T074132Z,1J.TI6A.,"['CH1', 'CH2', 'CHZ']",2018-12-29T07:41:34.970000Z,4.69
894,20181229T074223Z,1J.TI6A.,"['CH1', 'CH2', 'CHZ']",2018-12-29T07:42:28.110000Z,2.08
895,20181229T074505Z,1J.TI6A.,"['CH1', 'CH2', 'CHZ']",2018-12-29T07:45:06.110000Z,8.92
896,20181229T074554Z,1J.TI6A.,"['CH1', 'CH2', 'CHZ']",2018-12-29T07:45:59.000000Z,6.84
897,20181229T074710Z,1J.TI6A.,"['CH1', 'CH2', 'CHZ']",2018-12-29T07:47:14.400000Z,5.46
898,20181229T075809Z,1J.TI6A.,"['CH1', 'CH2', 'CHZ']",2018-12-29T07:58:11.280000Z,5.25
899,20181229T075835Z,1J.TI6A.,"['CH1', 'CH2', 'CHZ']",2018-12-29T07:58:37.100000Z,2.22
900,20181229T080231Z,1J.TI6A.,"['CH1', 'CH2', 'CHZ']",2018-12-29T08:02:31.960000Z,6.31
901,20181229T080348Z,1J.TI6A.,"['CH1', 'CH2', 'CHZ']",2018-12-29T08:03:48.860000Z,9.05
902,20181229T081111Z,1J.TI6A.,"['CH1', 'CH2', 'CHZ']",2018-12-29T08:11:11.680000Z,7.0
903,20181229T082032Z,1J.TI6A.,"['CH1', 'CH2', 'CHZ']",2018-12-29T08:20:32.540000Z,8.08
904,20181229T082314Z,1J.TI6A.,"['CH1', 'CH2', 'CHZ']",2018-12-29T08:23:14.800000Z,6.45
905,20181229T082629Z,1J.TI6A.,"['CH1', 'CH2', 'CHZ']",2018-12-29T08:26:29.600000Z,15.55
906,20181229T082747Z,1J.TI6A.,"['CH1', 'CH2', 'CHZ']",2018-12-29T08:27:47.000000Z,5.07
907,20181229T083314Z,1J.TI6A.,"['CH1', 'CH2', 'CHZ']",2018-12-29T08:33:17.390000Z,5.28
908,20181229T083700Z,1J.TI6A.,"['CH1', 'CH2', 'CHZ']",2018-12-29T08:37:01.840000Z,7.01
909,20181229T083728Z,1J.TI6A.,"['CH1', 'CH2', 'CHZ']",2018-12-29T08:37:31.280000Z,5.63
910,20181229T085125Z,1J.TI6A.,"['CH1', 'CH2', 'CHZ']",2018-12-29T08:51:29.260000Z,4.73
911,20181229T091137Z,1J.TI6A.,"['CH1', 'CH2', 'CHZ']",2018-12-29T09:11:40.350000Z,4.79
912,20181229T091258Z,1J.TI6A.,"['CH1', 'CH2', 'CHZ']",2018-12-29T09:13:00.740000Z,3.82
913,20181229T091745Z,1J.TI6A.,"['CH1', 'CH2', 'CHZ']",2018-12-29T09:17:47.110000Z,7.7
914,20181229T091837Z,1J.TI6A.,"['CH1', 'CH2', 'CHZ']",2018-12-29T09:18:40.010000Z,2.3
915,20181229T092429Z,1J.TI6A.,"['CH1', 'CH2', 'CHZ']",2018-12-29T09:24:31.860000Z,1.81
916,20181229T093013Z,1J.TI6A.,"['CH1', 'CH2', 'CHZ']",2018-12-29T09:30:17.020000Z,2.27
917,20181229T093710Z,1J.TI6A.,"['CH1', 'CH2', 'CHZ']",2018-12-29T09:37:11.300000Z,17.09
918,20181229T093755Z,1J.TI6A.,"['CH1', 'CH2', 'CHZ']",2018-12-29T09:38:01.290000Z,5.61
919,20181229T094239Z,1J.TI6A.,"['CH1', 'CH2', 'CHZ']",2018-12-29T09:42:39.660000Z,5.03
920,20181229T094713Z,1J.TI6A.,"['CH1', 'CH2', 'CHZ']",2018-12-29T09:47:16.970000Z,24.16
921,20181229T094953Z,1J.TI6A.,"['CH1', 'CH2', 'CHZ']",2018-12-29T09:49:55.150000Z,5.22
922,20181229T095036Z,1J.TI6A.,"['CH1', 'CH2', 'CHZ']",2018-12-29T09:50:36.890000Z,7.11
923,20181229T095224Z,1J.TI6A.,"['CH1', 'CH2', 'CHZ']",2018-12-29T09:52:27.140000Z,3.84
924,20181229T095504Z,1J.TI6A.,"['CH1', 'CH2', 'CHZ']",2018-12-29T09:55:18.110000Z,7.01
925,20181229T095609Z,1J.TI6A.,"['CH1', 'CH2', 'CHZ']",2018-12-29T09:56:11.510000Z,5.35
926,20181229T095622Z,1J.TI6A.,"['CH1', 'CH2', 'CHZ']",2018-12-29T09:56:23.160000Z,2.2
927,20181229T100631Z,1J.TI6A.,"['CH1', 'CH2', 'CHZ']",2018-12-29T10:06:33.030000Z,5.35
928,20181229T100811Z,1J.TI6A.,"['CH1', 'CH2', 'CHZ']",2018-12-29T10:08:11.640000Z,6.75
929,20181229T101300Z,1J.TI6A.,"['CH1', 'CH2', 'CHZ']",2018-12-29T10:13:00.500000Z,7.99
930,20181229T101804Z,1J.TI6A.,"['CH1', 'CH2', 'CHZ']",2018-12-29T10:18:06.290000Z,4.6
931,20181229T102449Z,1J.TI6A.,"['CH1', 'CH2', 'CHZ']",2018-12-29T10:24:50.730000Z,5.71
932,20181229T102556Z,1J.TI6A.,"['CH1', 'CH2', 'CHZ']",2018-12-29T10:25:56.490000Z,13.38
933,20181229T103521Z,1J.TI6A.,"['CH1', 'CH2', 'CHZ']",2018-12-29T10:35:24.700000Z,9.9
934,20181229T103551Z,1J.TI6A.,"['CH1', 'CH2', 'CHZ']",2018-12-29T10:35:52.460000Z,9.31
935,20181229T103756Z,1J.TI6A.,"['CH1', 'CH2', 'CHZ']",2018-12-29T10:37:56.130000Z,7.24
936,20181229T104236Z,1J.TI6A.,"['CH1', 'CH2', 'CHZ']",2018-12-29T10:42:36.050000Z,9.59
937,20181229T104541Z,1J.TI6A.,"['CH1', 'CH2', 'CHZ']",2018-12-29T10:45:43.970000Z,4.42
938,20181229T104800Z,1J.TI6A.,"['CH1', 'CH2', 'CHZ']",2018-12-29T10:48:03.850000Z,3.01
939,20181229T105141Z,1J.TI6A.,"['CH1', 'CH2', 'CHZ']",2018-12-29T10:51:41.090000Z,6.98
940,20181229T105239Z,1J.TI6A.,"['CH1', 'CH2', 'CHZ']",2018-12-29T10:53:09.080000Z,7.64
941,20181229T105628Z,1J.TI6A.,"['CH1', 'CH2', 'CHZ']",2018-12-29T10:56:28.590000Z,8.89
942,20181229T105907Z,1J.TI6A.,"['CH1', 'CH2', 'CHZ']",2018-12-29T10:59:09.040000Z,5.04
943,20181229T110330Z,1J.TI6A.,"['CH1', 'CH2', 'CHZ']",2018-12-29T11:03:30.890000Z,6.29
944,20181229T111129Z,1J.TI6A.,"['CH1', 'CH2', 'CHZ']",2018-12-29T11:11:31.580000Z,4.79
945,20181229T111602Z,1J.TI6A.,"['CH1', 'CH2', 'CHZ']",2018-12-29T11:16:02.040000Z,6.36
946,20181229T112046Z,1J.TI6A.,"['CH1', 'CH2', 'CHZ']",2018-12-29T11:20:49.810000Z,6.18
947,20181229T112501Z,1J.TI6A.,"['CH1', 'CH2', 'CHZ']",2018-12-29T11:25:02.760000Z,9.48
948,20181229T112641Z,1J.TI6A.,"['CH1', 'CH2', 'CHZ']",2018-12-29T11:26:41.420000Z,7.97
949,20181229T112813Z,1J.TI6A.,"['CH1', 'CH2', 'CHZ']",2018-12-29T11:28:13.800000Z,6.17
950,20181229T112930Z,1J.TI6A.,"['CH1', 'CH2', 'CHZ']",2018-12-29T11:29:31.620000Z,6.82
951,20181229T113312Z,1J.TI6A.,"['CH1', 'CH2', 'CHZ']",2018-12-29T11:33:16.140000Z,2.17
952,20181229T113340Z,1J.TI6A.,"['CH1', 'CH2', 'CHZ']",2018-12-29T11:33:41.520000Z,5.34
953,20181229T114008Z,1J.TI6A.,"['CH1', 'CH2', 'CHZ']",2018-12-29T11:40:25.190000Z,2.95
954,20181229T115304Z,1J.TI6A.,"['CH1', 'CH2', 'CHZ']",2018-12-29T11:53:04.030000Z,5.2
955,20181229T115546Z,1J.TI6A.,"['CH1', 'CH2', 'CHZ']",2018-12-29T11:55:47.840000Z,4.51
956,20181229T115917Z,1J.TI6A.,"['CH1', 'CH2', 'CHZ']",2018-12-29T11:59:17.150000Z,8.67
957,20181229T115936Z,1J.TI6A.,"['CH1', 'CH2', 'CHZ']",2018-12-29T11:59:36.730000Z,15.6
958,20181229T120039Z,1J.TI6A.,"['CH1', 'CH2', 'CHZ']",2018-12-29T12:00:39.890000Z,6.25
959,20181229T120554Z,1J.TI6A.,"['CH1', 'CH2', 'CHZ']",2018-12-29T12:05:57.780000Z,1.71
960,20181229T122216Z,1J.TI6A.,"['CH1', 'CH2', 'CHZ']",2018-12-29T12:22:18.410000Z,2.46
961,20181229T122324Z,1J.TI6A.,"['CH1', 'CH2', 'CHZ']",2018-12-29T12:23:24.400000Z,7.97
962,20181229T122935Z,1J.TI6A.,"['CH1', 'CH2', 'CHZ']",2018-12-29T12:29:35.900000Z,3.78
963,20181229T123001Z,1J.TI6A.,"['CH1', 'CH2', 'CHZ']",2018-12-29T12:30:03.730000Z,5.65
964,20181229T123224Z,1J.TI6A.,"['CH1', 'CH2', 'CHZ']",2018-12-29T12:32:24.100000Z,6.67
965,20181229T123538Z,1J.TI6A.,"['CH1', 'CH2', 'CHZ']",2018-12-29T12:35:38.750000Z,5.01
966,20181229T123958Z,1J.TI6A.,"['CH1', 'CH2', 'CHZ']",2018-12-29T12:40:02.100000Z,3.09
967,20181229T124057Z,1J.TI6A.,"['CH1', 'CH2', 'CHZ']",2018-12-29T12:40:58.540000Z,4.09
968,20181229T124826Z,1J.TI6A.,"['CH1', 'CH2', 'CHZ']",2018-12-29T12:48:28.900000Z,1.76
969,20181229T125033Z,1J.TI6A.,"['CH1', 'CH2', 'CHZ']",2018-12-29T12:50:33.650000Z,6.95
970,20181229T130433Z,1J.TI6A.,"['CH1', 'CH2', 'CHZ']",2018-12-29T13:04:33.990000Z,6.33
971,20181229T133836Z,1J.TI6A.,"['CH1', 'CH2', 'CHZ']",2018-12-29T13:38:39.530000Z,1.83
972,20181229T134214Z,1J.TI6A.,"['CH1', 'CH2', 'CHZ']",2018-12-29T13:42:24.380000Z,6.05
973,20181229T134415Z,1J.TI6A.,"['CH1', 'CH2', 'CHZ']",2018-12-29T13:44:15.960000Z,4.83
974,20181229T134442Z,1J.TI6A.,"['CH1', 'CH2', 'CHZ']",2018-12-29T13:44:43.600000Z,6.4
975,20181229T144715Z,1J.TI6A.,"['CH1', 'CH2', 'CHZ']",2018-12-29T14:47:17.960000Z,3.67
976,20181229T153612Z,1J.TI6A.,"['CH1', 'CH2', 'CHZ']",2018-12-29T15:36:13.540000Z,5.08
977,20181229T155110Z,1J.TI6A.,"['CH1', 'CH2', 'CHZ']",2018-12-29T15:51:12.350000Z,4.51
978,20181229T165601Z,1J.TI6A.,"['CH1', 'CH2', 'CHZ']",2018-12-29T16:56:04.730000Z,2.6
979,20181229T181055Z,1J.TI6A.,"['CH1', 'CH2', 'CHZ']",2018-12-29T18:10:56.060000Z,6.17
980,20181229T183022Z,1J.TI6A.,"['CH1', 'CH2', 'CHZ']",2018-12-29T18:30:26.410000Z,8.4
981,20181229T185026Z,1J.TI6A.,"['CH1', 'CH2', 'CHZ']",2018-12-29T18:50:30.340000Z,1.97
982,20181229T190453Z,1J.TI6A.,"['CH1', 'CH2', 'CHZ']",2018-12-29T19:04:57.010000Z,3.75
983,20181229T195303Z,1J.TI6A.,"['CH1', 'CH2', 'CHZ']",2018-12-29T19:53:05.700000Z,3.0
984,20181229T202140Z,1J.TI6A.,"['CH1', 'CH2', 'CHZ']",2018-12-29T20:21:45.500000Z,5.02
985,20181229T202209Z,1J.TI6A.,"['CH1', 'CH2', 'CHZ']",2018-12-29T20:22:12.220000Z,6.5
986,20181229T205504Z,1J.TI6A.,"['CH1', 'CH2', 'CHZ']",2018-12-29T20:55:08.440000Z,2.84
987,20181229T205836Z,1J.TI6A.,"['CH1', 'CH2', 'CHZ']",2018-12-29T20:58:36.760000Z,11.84
988,20181229T210433Z,1J.TI6A.,"['CH1', 'CH2', 'CHZ']",2018-12-29T21:04:33.600000Z,15.13
989,20181229T211413Z,1J.TI6A.,"['CH1', 'CH2', 'CHZ']",2018-12-29T21:14:13.140000Z,9.63
990,20181229T215149Z,1J.TI6A.,"['CH1', 'CH2', 'CHZ']",2018-12-29T21:51:51.610000Z,2.64
991,20181229T215631Z,1J.TI6A.,"['CH1', 'CH2', 'CHZ']",2018-12-29T21:56:31.210000Z,5.56
992,20181229T220106Z,1J.TI6A.,"['CH1', 'CH2', 'CHZ']",2018-12-29T22:01:07.970000Z,5.61
993,20181229T220514Z,1J.TI6A.,"['CH1', 'CH2', 'CHZ']",2018-12-29T22:05:14.130000Z,13.1
994,20181229T221438Z,1J.TI6A.,"['CH1', 'CH2', 'CHZ']",2018-12-29T22:14:39.470000Z,5.35
995,20181229T221613Z,1J.TI6A.,"['CH1', 'CH2', 'CHZ']",2018-12-29T22:16:13.240000Z,5.88
996,20181229T221925Z,1J.TI6A.,"['CH1', 'CH2', 'CHZ']",2018-12-29T22:19:25.400000Z,6.52
997,20181229T222320Z,1J.TI6A.,"['CH1', 'CH2', 'CHZ']",2018-12-29T22:23:20.640000Z,6.29
998,20181229T223134Z,1J.TI6A.,"['CH1', 'CH2', 'CHZ']",2018-12-29T22:31:34.510000Z,7.24
999,20181229T223235Z,1J.TI6A.,"['CH1', 'CH2', 'CHZ']",2018-12-29T22:32:35.470000Z,5.45
1000,20181229T223657Z,1J.TI6A.,"['CH1', 'CH2', 'CHZ']",2018-12-29T22:36:58.140000Z,4.62
1001,20181229T224441Z,1J.TI6A.,"['CH1', 'CH2', 'CHZ']",2018-12-29T22:44:41.060000Z,22.7
1002,20181229T224546Z,1J.TI6A.,"['CH1', 'CH2', 'CHZ']",2018-12-29T22:45:47.570000Z,3.13
1003,20181229T231407Z,1J.TI6A.,"['CH1', 'CH2', 'CHZ']",2018-12-29T23:14:16.600000Z,2.08
1004,20181229T234454Z,1J.TI6A.,"['CH1', 'CH2', 'CHZ']",2018-12-29T23:44:54.210000Z,5.83
1005,20181229T000303Z,1J.TI1A.,"['CH1', 'CH2', 'CHZ']",2018-12-29T00:03:03.560000Z,10.02
1006,20181229T000617Z,1J.TI1A.,"['CH1', 'CH2', 'CHZ']",2018-12-29T00:06:17.380000Z,1.55
1007,20181229T001542Z,1J.TI1A.,"['CH1', 'CH2', 'CHZ']",2018-12-29T00:15:42.210000Z,5.5
1008,20181229T001613Z,1J.TI1A.,"['CH1', 'CH2', 'CHZ']",2018-12-29T00:16:15.570000Z,3.38
1009,20181229T001907Z,1J.TI1A.,"['CH1', 'CH2', 'CHZ']",2018-12-29T00:19:07.440000Z,8.34
1010,20181229T002025Z,1J.TI1A.,"['CH1', 'CH2', 'CHZ']",2018-12-29T00:20:26.540000Z,8.15
1011,20181229T002121Z,1J.TI1A.,"['CH1', 'CH2', 'CHZ']",2018-12-29T00:21:21.980000Z,15.26
1012,20181229T002358Z,1J.TI1A.,"['CH1', 'CH2', 'CHZ']",2018-12-29T00:23:58.870000Z,8.72
1013,20181229T002631Z,1J.TI1A.,"['CH1', 'CH2', 'CHZ']",2018-12-29T00:26:37.540000Z,2.06
1014,20181229T002725Z,1J.TI1A.,"['CH1', 'CH2', 'CHZ']",2018-12-29T00:27:27.050000Z,15.92
1015,20181229T002759Z,1J.TI1A.,"['CH1', 'CH2', 'CHZ']",2018-12-29T00:28:06.150000Z,6.44
1016,20181229T003813Z,1J.TI1A.,"['CH1', 'CH2', 'CHZ']",2018-12-29T00:38:13.140000Z,5.1
1017,20181229T004347Z,1J.TI1A.,"['CH1', 'CH2', 'CHZ']",2018-12-29T00:43:47.710000Z,14.65
1018,20181229T004645Z,1J.TI1A.,"['CH1', 'CH2', 'CHZ']",2018-12-29T00:46:45.750000Z,5.43
1019,20181229T004805Z,1J.TI1A.,"['CH1', 'CH2', 'CHZ']",2018-12-29T00:48:05.090000Z,6.51
1020,20181229T005927Z,1J.TI1A.,"['CH1', 'CH2', 'CHZ']",2018-12-29T00:59:28.770000Z,3.85
1021,20181229T010210Z,1J.TI1A.,"['CH1', 'CH2', 'CHZ']",2018-12-29T01:02:16.740000Z,3.44
1022,20181229T011956Z,1J.TI1A.,"['CH1', 'CH2', 'CHZ']",2018-12-29T01:20:04.750000Z,2.15
1023,20181229T012039Z,1J.TI1A.,"['CH1', 'CH2', 'CHZ']",2018-12-29T01:20:41.950000Z,3.08
1024,20181229T012838Z,1J.TI1A.,"['CH1', 'CH2', 'CHZ']",2018-12-29T01:28:46.860000Z,9.38
1025,20181229T014256Z,1J.TI1A.,"['CH1', 'CH2', 'CHZ']",2018-12-29T01:42:59.790000Z,3.18
1026,20181229T014323Z,1J.TI1A.,"['CH1', 'CH2', 'CHZ']",2018-12-29T01:43:30.500000Z,1.07
1027,20181229T022734Z,1J.TI1A.,"['CH1', 'CH2', 'CHZ']",2018-12-29T02:27:44.700000Z,4.08
1028,20181229T024253Z,1J.TI1A.,"['CH1', 'CH2', 'CHZ']",2018-12-29T02:42:53.950000Z,6.62
1029,20181229T024332Z,1J.TI1A.,"['CH1', 'CH2', 'CHZ']",2018-12-29T02:43:32.550000Z,12.21
1030,20181229T024452Z,1J.TI1A.,"['CH1', 'CH2', 'CHZ']",2018-12-29T02:44:56.430000Z,2.05
1031,20181229T024507Z,1J.TI1A.,"['CH1', 'CH2', 'CHZ']",2018-12-29T02:45:07.210000Z,5.5
1032,20181229T034304Z,1J.TI1A.,"['CH1', 'CH2', 'CHZ']",2018-12-29T03:43:04.200000Z,14.26
1033,20181229T034604Z,1J.TI1A.,"['CH1', 'CH2', 'CHZ']",2018-12-29T03:46:04.950000Z,6.36
1034,20181229T035033Z,1J.TI1A.,"['CH1', 'CH2', 'CHZ']",2018-12-29T03:50:37.730000Z,19.46
1035,20181229T035925Z,1J.TI1A.,"['CH1', 'CH2', 'CHZ']",2018-12-29T03:59:25.760000Z,7.93
1036,20181229T040429Z,1J.TI1A.,"['CH1', 'CH2', 'CHZ']",2018-12-29T04:04:33.140000Z,19.9
1037,20181229T040703Z,1J.TI1A.,"['CH1', 'CH2', 'CHZ']",2018-12-29T04:07:06.030000Z,2.08
1038,20181229T042117Z,1J.TI1A.,"['CH1', 'CH2', 'CHZ']",2018-12-29T04:21:20.480000Z,9.54
1039,20181229T042146Z,1J.TI1A.,"['CH1', 'CH2', 'CHZ']",2018-12-29T04:21:52.420000Z,3.07
1040,20181229T043325Z,1J.TI1A.,"['CH1', 'CH2', 'CHZ']",2018-12-29T04:33:30.900000Z,13.58
1041,20181229T043439Z,1J.TI1A.,"['CH1', 'CH2', 'CHZ']",2018-12-29T04:34:40.160000Z,8.24
1042,20181229T043617Z,1J.TI1A.,"['CH1', 'CH2', 'CHZ']",2018-12-29T04:36:20.230000Z,5.91
1043,20181229T044133Z,1J.TI1A.,"['CH1', 'CH2', 'CHZ']",2018-12-29T04:41:38.010000Z,8.55
1044,20181229T045349Z,1J.TI1A.,"['CH1', 'CH2', 'CHZ']",2018-12-29T04:53:49.850000Z,8.42
1045,20181229T045845Z,1J.TI1A.,"['CH1', 'CH2', 'CHZ']",2018-12-29T04:58:45.340000Z,5.89
1046,20181229T050145Z,1J.TI1A.,"['CH1', 'CH2', 'CHZ']",2018-12-29T05:01:47.960000Z,2.75
1047,20181229T050811Z,1J.TI1A.,"['CH1', 'CH2', 'CHZ']",2018-12-29T05:08:11.380000Z,12.12
1048,20181229T050950Z,1J.TI1A.,"['CH1', 'CH2', 'CHZ']",2018-12-29T05:09:58.110000Z,5.42
1049,20181229T051346Z,1J.TI1A.,"['CH1', 'CH2', 'CHZ']",2018-12-29T05:13:47.930000Z,2.18
1050,20181229T052430Z,1J.TI1A.,"['CH1', 'CH2', 'CHZ']",2018-12-29T05:24:30.360000Z,4.52
1051,20181229T052604Z,1J.TI1A.,"['CH1', 'CH2', 'CHZ']",2018-12-29T05:26:05.900000Z,3.21
1052,20181229T053204Z,1J.TI1A.,"['CH1', 'CH2', 'CHZ']",2018-12-29T05:32:07.620000Z,7.98
1053,20181229T053232Z,1J.TI1A.,"['CH1', 'CH2', 'CHZ']",2018-12-29T05:32:39.760000Z,3.98
1054,20181229T053816Z,1J.TI1A.,"['CH1', 'CH2', 'CHZ']",2018-12-29T05:38:20.470000Z,10.17
1055,20181229T054139Z,1J.TI1A.,"['CH1', 'CH2', 'CHZ']",2018-12-29T05:41:43.170000Z,7.67
1056,20181229T054659Z,1J.TI1A.,"['CH1', 'CH2', 'CHZ']",2018-12-29T05:46:59.800000Z,7.32
1057,20181229T054734Z,1J.TI1A.,"['CH1', 'CH2', 'CHZ']",2018-12-29T05:47:36.780000Z,10.27
1058,20181229T054803Z,1J.TI1A.,"['CH1', 'CH2', 'CHZ']",2018-12-29T05:48:09.640000Z,4.7
1059,20181229T055142Z,1J.TI1A.,"['CH1', 'CH2', 'CHZ']",2018-12-29T05:51:43.500000Z,2.82
1060,20181229T060257Z,1J.TI1A.,"['CH1', 'CH2', 'CHZ']",2018-12-29T06:02:57.310000Z,7.56
1061,20181229T060355Z,1J.TI1A.,"['CH1', 'CH2', 'CHZ']",2018-12-29T06:03:56.000000Z,1.94
1062,20181229T060712Z,1J.TI1A.,"['CH1', 'CH2', 'CHZ']",2018-12-29T06:07:16.040000Z,6.71
1063,20181229T060831Z,1J.TI1A.,"['CH1', 'CH2', 'CHZ']",2018-12-29T06:08:31.920000Z,21.14
1064,20181229T061138Z,1J.TI1A.,"['CH1', 'CH2', 'CHZ']",2018-12-29T06:11:41.620000Z,2.63
1065,20181229T061243Z,1J.TI1A.,"['CH1', 'CH2', 'CHZ']",2018-12-29T06:12:47.450000Z,7.85
1066,20181229T061409Z,1J.TI1A.,"['CH1', 'CH2', 'CHZ']",2018-12-29T06:14:09.080000Z,13.13
1067,20181229T061612Z,1J.TI1A.,"['CH1', 'CH2', 'CHZ']",2018-12-29T06:16:12.350000Z,3.84
1068,20181229T061656Z,1J.TI1A.,"['CH1', 'CH2', 'CHZ']",2018-12-29T06:16:59.030000Z,2.95
1069,20181229T062854Z,1J.TI1A.,"['CH1', 'CH2', 'CHZ']",2018-12-29T06:28:56.070000Z,2.25
1070,20181229T063010Z,1J.TI1A.,"['CH1', 'CH2', 'CHZ']",2018-12-29T06:30:16.460000Z,3.13
1071,20181229T063204Z,1J.TI1A.,"['CH1', 'CH2', 'CHZ']",2018-12-29T06:32:04.040000Z,6.02
1072,20181229T063508Z,1J.TI1A.,"['CH1', 'CH2', 'CHZ']",2018-12-29T06:35:14.880000Z,6.88
1073,20181229T063952Z,1J.TI1A.,"['CH1', 'CH2', 'CHZ']",2018-12-29T06:39:52.440000Z,6.5
1074,20181229T064143Z,1J.TI1A.,"['CH1', 'CH2', 'CHZ']",2018-12-29T06:41:51.720000Z,3.0
1075,20181229T064315Z,1J.TI1A.,"['CH1', 'CH2', 'CHZ']",2018-12-29T06:43:20.330000Z,5.41
1076,20181229T064604Z,1J.TI1A.,"['CH1', 'CH2', 'CHZ']",2018-12-29T06:46:04.520000Z,8.42
1077,20181229T065234Z,1J.TI1A.,"['CH1', 'CH2', 'CHZ']",2018-12-29T06:52:34.130000Z,7.42
1078,20181229T065603Z,1J.TI1A.,"['CH1', 'CH2', 'CHZ']",2018-12-29T06:56:05.240000Z,3.18
1079,20181229T070615Z,1J.TI1A.,"['CH1', 'CH2', 'CHZ']",2018-12-29T07:06:20.990000Z,5.75
1080,20181229T070650Z,1J.TI1A.,"['CH1', 'CH2', 'CHZ']",2018-12-29T07:06:50.350000Z,5.72
1081,20181229T070914Z,1J.TI1A.,"['CH1', 'CH2', 'CHZ']",2018-12-29T07:09:16.750000Z,3.15
1082,20181229T071343Z,1J.TI1A.,"['CH1', 'CH2', 'CHZ']",2018-12-29T07:13:51.910000Z,5.88
1083,20181229T071907Z,1J.TI1A.,"['CH1', 'CH2', 'CHZ']",2018-12-29T07:19:07.420000Z,12.05
1084,20181229T072144Z,1J.TI1A.,"['CH1', 'CH2', 'CHZ']",2018-12-29T07:21:46.740000Z,2.49
1085,20181229T072540Z,1J.TI1A.,"['CH1', 'CH2', 'CHZ']",2018-12-29T07:25:40.260000Z,12.26
1086,20181229T073340Z,1J.TI1A.,"['CH1', 'CH2', 'CHZ']",2018-12-29T07:33:42.020000Z,2.95
1087,20181229T074337Z,1J.TI1A.,"['CH1', 'CH2', 'CHZ']",2018-12-29T07:43:37.150000Z,12.57
1088,20181229T074505Z,1J.TI1A.,"['CH1', 'CH2', 'CHZ']",2018-12-29T07:45:10.080000Z,6.72
1089,20181229T074554Z,1J.TI1A.,"['CH1', 'CH2', 'CHZ']",2018-12-29T07:46:01.390000Z,3.27
1090,20181229T075835Z,1J.TI1A.,"['CH1', 'CH2', 'CHZ']",2018-12-29T07:58:36.180000Z,1.87
1091,20181229T080348Z,1J.TI1A.,"['CH1', 'CH2', 'CHZ']",2018-12-29T08:03:54.550000Z,7.25
1092,20181229T080658Z,1J.TI1A.,"['CH1', 'CH2', 'CHZ']",2018-12-29T08:06:58.120000Z,8.9
1093,20181229T080727Z,1J.TI1A.,"['CH1', 'CH2', 'CHZ']",2018-12-29T08:07:27.950000Z,5.36
1094,20181229T081111Z,1J.TI1A.,"['CH1', 'CH2', 'CHZ']",2018-12-29T08:11:14.210000Z,3.16
1095,20181229T082007Z,1J.TI1A.,"['CH1', 'CH2', 'CHZ']",2018-12-29T08:20:07.940000Z,6.69
1096,20181229T082314Z,1J.TI1A.,"['CH1', 'CH2', 'CHZ']",2018-12-29T08:23:17.000000Z,2.38
1097,20181229T083314Z,1J.TI1A.,"['CH1', 'CH2', 'CHZ']",2018-12-29T08:33:21.910000Z,5.1
1098,20181229T083552Z,1J.TI1A.,"['CH1', 'CH2', 'CHZ']",2018-12-29T08:35:53.890000Z,3.3
1099,20181229T083700Z,1J.TI1A.,"['CH1', 'CH2', 'CHZ']",2018-12-29T08:37:01.790000Z,10.8
1100,20181229T083728Z,1J.TI1A.,"['CH1', 'CH2', 'CHZ']",2018-12-29T08:37:35.150000Z,5.79
1101,20181229T084035Z,1J.TI1A.,"['CH1', 'CH2', 'CHZ']",2018-12-29T08:40:35.050000Z,6.23
1102,20181229T084114Z,1J.TI1A.,"['CH1', 'CH2', 'CHZ']",2018-12-29T08:41:14.450000Z,6.1
1103,20181229T084411Z,1J.TI1A.,"['CH1', 'CH2', 'CHZ']",2018-12-29T08:44:11.420000Z,4.97
1104,20181229T084916Z,1J.TI1A.,"['CH1', 'CH2', 'CHZ']",2018-12-29T08:49:16.680000Z,10.55
1105,20181229T085125Z,1J.TI1A.,"['CH1', 'CH2', 'CHZ']",2018-12-29T08:51:30.170000Z,4.15
1106,20181229T085242Z,1J.TI1A.,"['CH1', 'CH2', 'CHZ']",2018-12-29T08:52:44.740000Z,0.95
1107,20181229T090307Z,1J.TI1A.,"['CH1', 'CH2', 'CHZ']",2018-12-29T09:03:07.940000Z,3.53
1108,20181229T090812Z,1J.TI1A.,"['CH1', 'CH2', 'CHZ']",2018-12-29T09:08:16.870000Z,3.05
1109,20181229T091137Z,1J.TI1A.,"['CH1', 'CH2', 'CHZ']",2018-12-29T09:11:41.890000Z,6.38
1110,20181229T091228Z,1J.TI1A.,"['CH1', 'CH2', 'CHZ']",2018-12-29T09:12:33.460000Z,5.3
1111,20181229T091745Z,1J.TI1A.,"['CH1', 'CH2', 'CHZ']",2018-12-29T09:17:49.610000Z,10.11
1112,20181229T091837Z,1J.TI1A.,"['CH1', 'CH2', 'CHZ']",2018-12-29T09:18:38.430000Z,3.39
1113,20181229T092429Z,1J.TI1A.,"['CH1', 'CH2', 'CHZ']",2018-12-29T09:24:29.440000Z,11.2
1114,20181229T093013Z,1J.TI1A.,"['CH1', 'CH2', 'CHZ']",2018-12-29T09:30:15.540000Z,2.96
1115,20181229T093141Z,1J.TI1A.,"['CH1', 'CH2', 'CHZ']",2018-12-29T09:31:41.420000Z,8.06
1116,20181229T093710Z,1J.TI1A.,"['CH1', 'CH2', 'CHZ']",2018-12-29T09:37:11.290000Z,16.32
1117,20181229T093755Z,1J.TI1A.,"['CH1', 'CH2', 'CHZ']",2018-12-29T09:37:56.830000Z,7.68
1118,20181229T094239Z,1J.TI1A.,"['CH1', 'CH2', 'CHZ']",2018-12-29T09:42:41.260000Z,1.83
1119,20181229T094713Z,1J.TI1A.,"['CH1', 'CH2', 'CHZ']",2018-12-29T09:47:18.000000Z,16.47
1120,20181229T095504Z,1J.TI1A.,"['CH1', 'CH2', 'CHZ']",2018-12-29T09:55:05.890000Z,13.92
1121,20181229T100322Z,1J.TI1A.,"['CH1', 'CH2', 'CHZ']",2018-12-29T10:03:22.520000Z,3.9
1122,20181229T100741Z,1J.TI1A.,"['CH1', 'CH2', 'CHZ']",2018-12-29T10:07:41.110000Z,5.28
1123,20181229T100811Z,1J.TI1A.,"['CH1', 'CH2', 'CHZ']",2018-12-29T10:08:14.360000Z,2.36
1124,20181229T102030Z,1J.TI1A.,"['CH1', 'CH2', 'CHZ']",2018-12-29T10:20:30.460000Z,6.42
1125,20181229T102556Z,1J.TI1A.,"['CH1', 'CH2', 'CHZ']",2018-12-29T10:25:58.590000Z,2.94
1126,20181229T103521Z,1J.TI1A.,"['CH1', 'CH2', 'CHZ']",2018-12-29T10:35:22.650000Z,13.09
1127,20181229T103551Z,1J.TI1A.,"['CH1', 'CH2', 'CHZ']",2018-12-29T10:35:59.140000Z,5.27
1128,20181229T103756Z,1J.TI1A.,"['CH1', 'CH2', 'CHZ']",2018-12-29T10:37:59.240000Z,2.94
1129,20181229T104236Z,1J.TI1A.,"['CH1', 'CH2', 'CHZ']",2018-12-29T10:42:41.650000Z,7.77
1130,20181229T104626Z,1J.TI1A.,"['CH1', 'CH2', 'CHZ']",2018-12-29T10:46:26.340000Z,8.04
1131,20181229T104656Z,1J.TI1A.,"['CH1', 'CH2', 'CHZ']",2018-12-29T10:46:56.160000Z,6.03
1132,20181229T105141Z,1J.TI1A.,"['CH1', 'CH2', 'CHZ']",2018-12-29T10:51:43.880000Z,2.61
1133,20181229T105239Z,1J.TI1A.,"['CH1', 'CH2', 'CHZ']",2018-12-29T10:52:39.660000Z,24.37
1134,20181229T105344Z,1J.TI1A.,"['CH1', 'CH2', 'CHZ']",2018-12-29T10:53:44.400000Z,10.76
1135,20181229T105628Z,1J.TI1A.,"['CH1', 'CH2', 'CHZ']",2018-12-29T10:56:29.430000Z,4.01
1136,20181229T110206Z,1J.TI1A.,"['CH1', 'CH2', 'CHZ']",2018-12-29T11:02:08.260000Z,4.41
1137,20181229T110330Z,1J.TI1A.,"['CH1', 'CH2', 'CHZ']",2018-12-29T11:03:33.180000Z,2.32
1138,20181229T111028Z,1J.TI1A.,"['CH1', 'CH2', 'CHZ']",2018-12-29T11:10:28.430000Z,10.55
1139,20181229T111129Z,1J.TI1A.,"['CH1', 'CH2', 'CHZ']",2018-12-29T11:11:30.030000Z,5.82
1140,20181229T111602Z,1J.TI1A.,"['CH1', 'CH2', 'CHZ']",2018-12-29T11:16:04.300000Z,2.54
1141,20181229T111635Z,1J.TI1A.,"['CH1', 'CH2', 'CHZ']",2018-12-29T11:16:35.300000Z,2.0
1142,20181229T111710Z,1J.TI1A.,"['CH1', 'CH2', 'CHZ']",2018-12-29T11:17:10.980000Z,7.2
1143,20181229T112256Z,1J.TI1A.,"['CH1', 'CH2', 'CHZ']",2018-12-29T11:22:56.850000Z,6.69
1144,20181229T112501Z,1J.TI1A.,"['CH1', 'CH2', 'CHZ']",2018-12-29T11:25:10.230000Z,5.41
1145,20181229T112641Z,1J.TI1A.,"['CH1', 'CH2', 'CHZ']",2018-12-29T11:26:44.680000Z,7.52
1146,20181229T112813Z,1J.TI1A.,"['CH1', 'CH2', 'CHZ']",2018-12-29T11:28:15.950000Z,2.72
1147,20181229T113312Z,1J.TI1A.,"['CH1', 'CH2', 'CHZ']",2018-12-29T11:33:16.680000Z,5.59
1148,20181229T113340Z,1J.TI1A.,"['CH1', 'CH2', 'CHZ']",2018-12-29T11:33:46.200000Z,5.4
1149,20181229T113639Z,1J.TI1A.,"['CH1', 'CH2', 'CHZ']",2018-12-29T11:36:42.040000Z,4.84
1150,20181229T113729Z,1J.TI1A.,"['CH1', 'CH2', 'CHZ']",2018-12-29T11:37:29.990000Z,5.04
1151,20181229T114008Z,1J.TI1A.,"['CH1', 'CH2', 'CHZ']",2018-12-29T11:40:24.500000Z,2.27
1152,20181229T115304Z,1J.TI1A.,"['CH1', 'CH2', 'CHZ']",2018-12-29T11:53:05.510000Z,2.31
1153,20181229T115917Z,1J.TI1A.,"['CH1', 'CH2', 'CHZ']",2018-12-29T11:59:17.180000Z,11.8
1154,20181229T120039Z,1J.TI1A.,"['CH1', 'CH2', 'CHZ']",2018-12-29T12:00:47.310000Z,3.4
1155,20181229T120554Z,1J.TI1A.,"['CH1', 'CH2', 'CHZ']",2018-12-29T12:05:56.060000Z,2.27
1156,20181229T121043Z,1J.TI1A.,"['CH1', 'CH2', 'CHZ']",2018-12-29T12:10:45.160000Z,10.44
1157,20181229T121742Z,1J.TI1A.,"['CH1', 'CH2', 'CHZ']",2018-12-29T12:17:42.240000Z,7.83
1158,20181229T122216Z,1J.TI1A.,"['CH1', 'CH2', 'CHZ']",2018-12-29T12:22:17.290000Z,3.04
1159,20181229T122324Z,1J.TI1A.,"['CH1', 'CH2', 'CHZ']",2018-12-29T12:23:30.150000Z,5.77
1160,20181229T122935Z,1J.TI1A.,"['CH1', 'CH2', 'CHZ']",2018-12-29T12:29:35.150000Z,10.87
1161,20181229T123001Z,1J.TI1A.,"['CH1', 'CH2', 'CHZ']",2018-12-29T12:30:08.000000Z,5.99
1162,20181229T123224Z,1J.TI1A.,"['CH1', 'CH2', 'CHZ']",2018-12-29T12:32:27.790000Z,1.99
1163,20181229T123443Z,1J.TI1A.,"['CH1', 'CH2', 'CHZ']",2018-12-29T12:34:43.540000Z,8.24
1164,20181229T123538Z,1J.TI1A.,"['CH1', 'CH2', 'CHZ']",2018-12-29T12:35:40.340000Z,2.11
1165,20181229T123640Z,1J.TI1A.,"['CH1', 'CH2', 'CHZ']",2018-12-29T12:36:40.970000Z,12.21
1166,20181229T124031Z,1J.TI1A.,"['CH1', 'CH2', 'CHZ']",2018-12-29T12:40:32.070000Z,5.88
1167,20181229T124057Z,1J.TI1A.,"['CH1', 'CH2', 'CHZ']",2018-12-29T12:41:03.440000Z,1.86
1168,20181229T124826Z,1J.TI1A.,"['CH1', 'CH2', 'CHZ']",2018-12-29T12:48:27.220000Z,6.2
1169,20181229T125033Z,1J.TI1A.,"['CH1', 'CH2', 'CHZ']",2018-12-29T12:50:36.710000Z,8.41
1170,20181229T125127Z,1J.TI1A.,"['CH1', 'CH2', 'CHZ']",2018-12-29T12:51:27.050000Z,9.23
1171,20181229T125352Z,1J.TI1A.,"['CH1', 'CH2', 'CHZ']",2018-12-29T12:53:52.180000Z,5.92
1172,20181229T125703Z,1J.TI1A.,"['CH1', 'CH2', 'CHZ']",2018-12-29T12:57:03.380000Z,7.43
1173,20181229T130111Z,1J.TI1A.,"['CH1', 'CH2', 'CHZ']",2018-12-29T13:01:12.820000Z,2.93
1174,20181229T130433Z,1J.TI1A.,"['CH1', 'CH2', 'CHZ']",2018-12-29T13:04:37.040000Z,7.44
1175,20181229T131357Z,1J.TI1A.,"['CH1', 'CH2', 'CHZ']",2018-12-29T13:13:58.230000Z,3.27
1176,20181229T132445Z,1J.TI1A.,"['CH1', 'CH2', 'CHZ']",2018-12-29T13:24:50.050000Z,6.03
1177,20181229T132551Z,1J.TI1A.,"['CH1', 'CH2', 'CHZ']",2018-12-29T13:25:53.050000Z,2.68
1178,20181229T133459Z,1J.TI1A.,"['CH1', 'CH2', 'CHZ']",2018-12-29T13:34:59.610000Z,5.27
1179,20181229T133836Z,1J.TI1A.,"['CH1', 'CH2', 'CHZ']",2018-12-29T13:38:38.210000Z,3.12
1180,20181229T134214Z,1J.TI1A.,"['CH1', 'CH2', 'CHZ']",2018-12-29T13:42:14.680000Z,17.58
1181,20181229T134415Z,1J.TI1A.,"['CH1', 'CH2', 'CHZ']",2018-12-29T13:44:15.410000Z,10.87
1182,20181229T134442Z,1J.TI1A.,"['CH1', 'CH2', 'CHZ']",2018-12-29T13:44:49.240000Z,4.21
1183,20181229T135102Z,1J.TI1A.,"['CH1', 'CH2', 'CHZ']",2018-12-29T13:51:03.810000Z,2.35
1184,20181229T135417Z,1J.TI1A.,"['CH1', 'CH2', 'CHZ']",2018-12-29T13:54:17.540000Z,5.71
1185,20181229T140352Z,1J.TI1A.,"['CH1', 'CH2', 'CHZ']",2018-12-29T14:03:53.210000Z,8.18
1186,20181229T141214Z,1J.TI1A.,"['CH1', 'CH2', 'CHZ']",2018-12-29T14:12:16.700000Z,5.72
1187,20181229T141229Z,1J.TI1A.,"['CH1', 'CH2', 'CHZ']",2018-12-29T14:12:31.520000Z,8.28
1188,20181229T143429Z,1J.TI1A.,"['CH1', 'CH2', 'CHZ']",2018-12-29T14:34:29.670000Z,6.44
1189,20181229T143547Z,1J.TI1A.,"['CH1', 'CH2', 'CHZ']",2018-12-29T14:35:47.160000Z,7.74
1190,20181229T143841Z,1J.TI1A.,"['CH1', 'CH2', 'CHZ']",2018-12-29T14:38:41.890000Z,5.58
1191,20181229T144159Z,1J.TI1A.,"['CH1', 'CH2', 'CHZ']",2018-12-29T14:42:00.380000Z,3.15
1192,20181229T144238Z,1J.TI1A.,"['CH1', 'CH2', 'CHZ']",2018-12-29T14:42:40.120000Z,7.44
1193,20181229T144715Z,1J.TI1A.,"['CH1', 'CH2', 'CHZ']",2018-12-29T14:47:20.310000Z,6.24
1194,20181229T145352Z,1J.TI1A.,"['CH1', 'CH2', 'CHZ']",2018-12-29T14:53:53.210000Z,2.51
1195,20181229T150202Z,1J.TI1A.,"['CH1', 'CH2', 'CHZ']",2018-12-29T15:02:02.500000Z,6.1
1196,20181229T150410Z,1J.TI1A.,"['CH1', 'CH2', 'CHZ']",2018-12-29T15:04:10.460000Z,6.49
1197,20181229T150531Z,1J.TI1A.,"['CH1', 'CH2', 'CHZ']",2018-12-29T15:05:31.230000Z,7.32
1198,20181229T151457Z,1J.TI1A.,"['CH1', 'CH2', 'CHZ']",2018-12-29T15:14:57.980000Z,10.59
1199,20181229T152525Z,1J.TI1A.,"['CH1', 'CH2', 'CHZ']",2018-12-29T15:25:25.540000Z,10.43
1200,20181229T183022Z,1J.TI1A.,"['CH1', 'CH2', 'CHZ']",2018-12-29T18:30:31.220000Z,2.8
1201,20181229T201430Z,1J.TI1A.,"['CH1', 'CH2', 'CHZ']",2018-12-29T20:14:34.580000Z,1.96
1202,20181229T203931Z,1J.TI1A.,"['CH1', 'CH2', 'CHZ']",2018-12-29T20:39:31.410000Z,10.25
1203,20181229T220221Z,1J.TI1A.,"['CH1', 'CH2', 'CHZ']",2018-12-29T22:02:21.090000Z,9.17
1204,20181229T221826Z,1J.TI1A.,"['CH1', 'CH2', 'CHZ']",2018-12-29T22:18:26.180000Z,7.63
1205,20181229T221925Z,1J.TI1A.,"['CH1', 'CH2', 'CHZ']",2018-12-29T22:19:28.020000Z,9.83
1206,20181229T222505Z,1J.TI1A.,"['CH1', 'CH2', 'CHZ']",2018-12-29T22:25:05.330000Z,2.5
1207,20181229T222801Z,1J.TI1A.,"['CH1', 'CH2', 'CHZ']",2018-12-29T22:28:04.840000Z,6.83
1208,20181229T223000Z,1J.TI1A.,"['CH1', 'CH2', 'CHZ']",2018-12-29T22:30:00.560000Z,8.91
1209,20181229T223134Z,1J.TI1A.,"['CH1', 'CH2', 'CHZ']",2018-12-29T22:31:37.120000Z,7.3
1210,20181229T223235Z,1J.TI1A.,"['CH1', 'CH2', 'CHZ']",2018-12-29T22:32:37.050000Z,2.78
1211,20181229T223711Z,1J.TI1A.,"['CH1', 'CH2', 'CHZ']",2018-12-29T22:37:13.910000Z,6.23
1212,20181229T223824Z,1J.TI1A.,"['CH1', 'CH2', 'CHZ']",2018-12-29T22:38:24.810000Z,7.81
1213,20181229T224546Z,1J.TI1A.,"['CH1', 'CH2', 'CHZ']",2018-12-29T22:45:47.700000Z,1.8
1214,20181229T230031Z,1J.TI1A.,"['CH1', 'CH2', 'CHZ']",2018-12-29T23:00:31.240000Z,6.1
1215,20181229T231018Z,1J.TI1A.,"['CH1', 'CH2', 'CHZ']",2018-12-29T23:10:18.160000Z,11.75
1216,20181229T235152Z,1J.TI1A.,"['CH1', 'CH2', 'CHZ']",2018-12-29T23:51:52.780000Z,6.56
1217,20181229T002725Z,1J.TI7A.,"['CH1', 'CH2', 'CHZ']",2018-12-29T00:27:34.750000Z,7.67
1218,20181229T002759Z,1J.TI7A.,"['CH1', 'CH2', 'CHZ']",2018-12-29T00:28:03.070000Z,5.66
1219,20181229T010210Z,1J.TI7A.,"['CH1', 'CH2', 'CHZ']",2018-12-29T01:02:15.320000Z,3.18
1220,20181229T010630Z,1J.TI7A.,"['CH1', 'CH2', 'CHZ']",2018-12-29T01:06:30.870000Z,4.56
1221,20181229T012326Z,1J.TI7A.,"['CH1', 'CH2', 'CHZ']",2018-12-29T01:23:26.910000Z,8.55
1222,20181229T013041Z,1J.TI7A.,"['CH1', 'CH2', 'CHZ']",2018-12-29T01:30:50.760000Z,1.98
1223,20181229T035033Z,1J.TI7A.,"['CH1', 'CH2', 'CHZ']",2018-12-29T03:50:45.170000Z,13.14
1224,20181229T035725Z,1J.TI7A.,"['CH1', 'CH2', 'CHZ']",2018-12-29T03:57:30.340000Z,2.75
1225,20181229T041455Z,1J.TI7A.,"['CH1', 'CH2', 'CHZ']",2018-12-29T04:14:55.460000Z,2.92
1226,20181229T042117Z,1J.TI7A.,"['CH1', 'CH2', 'CHZ']",2018-12-29T04:21:22.690000Z,3.75
1227,20181229T042146Z,1J.TI7A.,"['CH1', 'CH2', 'CHZ']",2018-12-29T04:21:50.360000Z,3.4
1228,20181229T042831Z,1J.TI7A.,"['CH1', 'CH2', 'CHZ']",2018-12-29T04:28:36.390000Z,2.26
1229,20181229T044341Z,1J.TI7A.,"['CH1', 'CH2', 'CHZ']",2018-12-29T04:43:41.490000Z,2.01
1230,20181229T050635Z,1J.TI7A.,"['CH1', 'CH2', 'CHZ']",2018-12-29T05:06:35.850000Z,3.13
1231,20181229T051359Z,1J.TI7A.,"['CH1', 'CH2', 'CHZ']",2018-12-29T05:13:59.060000Z,13.35
1232,20181229T053204Z,1J.TI7A.,"['CH1', 'CH2', 'CHZ']",2018-12-29T05:32:09.460000Z,2.38
1233,20181229T053232Z,1J.TI7A.,"['CH1', 'CH2', 'CHZ']",2018-12-29T05:32:37.620000Z,3.27
1234,20181229T054437Z,1J.TI7A.,"['CH1', 'CH2', 'CHZ']",2018-12-29T05:44:43.410000Z,2.1
1235,20181229T054734Z,1J.TI7A.,"['CH1', 'CH2', 'CHZ']",2018-12-29T05:47:37.060000Z,6.75
1236,20181229T054803Z,1J.TI7A.,"['CH1', 'CH2', 'CHZ']",2018-12-29T05:48:06.610000Z,4.59
1237,20181229T062019Z,1J.TI7A.,"['CH1', 'CH2', 'CHZ']",2018-12-29T06:20:19.300000Z,2.7
1238,20181229T063010Z,1J.TI7A.,"['CH1', 'CH2', 'CHZ']",2018-12-29T06:30:15.730000Z,6.24
1239,20181229T064115Z,1J.TI7A.,"['CH1', 'CH2', 'CHZ']",2018-12-29T06:41:15.650000Z,1.94
1240,20181229T064143Z,1J.TI7A.,"['CH1', 'CH2', 'CHZ']",2018-12-29T06:41:46.410000Z,3.44
1241,20181229T070547Z,1J.TI7A.,"['CH1', 'CH2', 'CHZ']",2018-12-29T07:05:47.940000Z,2.08
1242,20181229T070615Z,1J.TI7A.,"['CH1', 'CH2', 'CHZ']",2018-12-29T07:06:20.850000Z,5.03
1243,20181229T071828Z,1J.TI7A.,"['CH1', 'CH2', 'CHZ']",2018-12-29T07:18:34.120000Z,2.01
1244,20181229T072200Z,1J.TI7A.,"['CH1', 'CH2', 'CHZ']",2018-12-29T07:22:04.750000Z,3.77
1245,20181229T074223Z,1J.TI7A.,"['CH1', 'CH2', 'CHZ']",2018-12-29T07:42:23.310000Z,6.7
1246,20181229T074710Z,1J.TI7A.,"['CH1', 'CH2', 'CHZ']",2018-12-29T07:47:16.380000Z,5.23
1247,20181229T075219Z,1J.TI7A.,"['CH1', 'CH2', 'CHZ']",2018-12-29T07:52:19.610000Z,6.22
1248,20181229T080348Z,1J.TI7A.,"['CH1', 'CH2', 'CHZ']",2018-12-29T08:03:58.120000Z,2.57
1249,20181229T082456Z,1J.TI7A.,"['CH1', 'CH2', 'CHZ']",2018-12-29T08:24:56.040000Z,2.02
1250,20181229T083700Z,1J.TI7A.,"['CH1', 'CH2', 'CHZ']",2018-12-29T08:37:02.950000Z,7.22
1251,20181229T083728Z,1J.TI7A.,"['CH1', 'CH2', 'CHZ']",2018-12-29T08:37:32.510000Z,6.7
1252,20181229T085627Z,1J.TI7A.,"['CH1', 'CH2', 'CHZ']",2018-12-29T08:56:30.140000Z,2.02
1253,20181229T091258Z,1J.TI7A.,"['CH1', 'CH2', 'CHZ']",2018-12-29T09:13:02.870000Z,4.33
1254,20181229T091745Z,1J.TI7A.,"['CH1', 'CH2', 'CHZ']",2018-12-29T09:17:45.390000Z,2.04
1255,20181229T092429Z,1J.TI7A.,"['CH1', 'CH2', 'CHZ']",2018-12-29T09:24:32.880000Z,5.44
1256,20181229T093710Z,1J.TI7A.,"['CH1', 'CH2', 'CHZ']",2018-12-29T09:37:10.520000Z,17.0
1257,20181229T093755Z,1J.TI7A.,"['CH1', 'CH2', 'CHZ']",2018-12-29T09:37:56.870000Z,5.99
1258,20181229T094713Z,1J.TI7A.,"['CH1', 'CH2', 'CHZ']",2018-12-29T09:47:21.820000Z,20.51
1259,20181229T095504Z,1J.TI7A.,"['CH1', 'CH2', 'CHZ']",2018-12-29T09:55:20.740000Z,3.43
1260,20181229T100322Z,1J.TI7A.,"['CH1', 'CH2', 'CHZ']",2018-12-29T10:03:26.310000Z,2.98
1261,20181229T101804Z,1J.TI7A.,"['CH1', 'CH2', 'CHZ']",2018-12-29T10:18:10.180000Z,2.51
1262,20181229T103500Z,1J.TI7A.,"['CH1', 'CH2', 'CHZ']",2018-12-29T10:35:09.310000Z,1.95
1263,20181229T103521Z,1J.TI7A.,"['CH1', 'CH2', 'CHZ']",2018-12-29T10:35:26.460000Z,6.47
1264,20181229T103551Z,1J.TI7A.,"['CH1', 'CH2', 'CHZ']",2018-12-29T10:35:55.870000Z,5.65
1265,20181229T104141Z,1J.TI7A.,"['CH1', 'CH2', 'CHZ']",2018-12-29T10:41:41.300000Z,5.52
1266,20181229T104236Z,1J.TI7A.,"['CH1', 'CH2', 'CHZ']",2018-12-29T10:42:39.660000Z,1.95
1267,20181229T105141Z,1J.TI7A.,"['CH1', 'CH2', 'CHZ']",2018-12-29T10:51:43.780000Z,2.59
1268,20181229T105628Z,1J.TI7A.,"['CH1', 'CH2', 'CHZ']",2018-12-29T10:56:30.300000Z,2.28
1269,20181229T110206Z,1J.TI7A.,"['CH1', 'CH2', 'CHZ']",2018-12-29T11:02:12.070000Z,2.08
1270,20181229T111129Z,1J.TI7A.,"['CH1', 'CH2', 'CHZ']",2018-12-29T11:11:36.050000Z,1.88
1271,20181229T112046Z,1J.TI7A.,"['CH1', 'CH2', 'CHZ']",2018-12-29T11:20:51.370000Z,6.97
1272,20181229T112501Z,1J.TI7A.,"['CH1', 'CH2', 'CHZ']",2018-12-29T11:25:11.950000Z,2.6
1273,20181229T113340Z,1J.TI7A.,"['CH1', 'CH2', 'CHZ']",2018-12-29T11:33:43.820000Z,8.36
1274,20181229T114008Z,1J.TI7A.,"['CH1', 'CH2', 'CHZ']",2018-12-29T11:40:09.300000Z,2.68
1275,20181229T114210Z,1J.TI7A.,"['CH1', 'CH2', 'CHZ']",2018-12-29T11:42:10.180000Z,15.67
1276,20181229T115546Z,1J.TI7A.,"['CH1', 'CH2', 'CHZ']",2018-12-29T11:55:50.650000Z,2.05
1277,20181229T115917Z,1J.TI7A.,"['CH1', 'CH2', 'CHZ']",2018-12-29T11:59:18.510000Z,5.24
1278,20181229T115936Z,1J.TI7A.,"['CH1', 'CH2', 'CHZ']",2018-12-29T11:59:47.750000Z,5.69
1279,20181229T120039Z,1J.TI7A.,"['CH1', 'CH2', 'CHZ']",2018-12-29T12:00:49.230000Z,1.99
1280,20181229T122935Z,1J.TI7A.,"['CH1', 'CH2', 'CHZ']",2018-12-29T12:29:36.530000Z,5.75
1281,20181229T123001Z,1J.TI7A.,"['CH1', 'CH2', 'CHZ']",2018-12-29T12:30:05.300000Z,4.68
1282,20181229T123755Z,1J.TI7A.,"['CH1', 'CH2', 'CHZ']",2018-12-29T12:38:02.570000Z,2.71
1283,20181229T124057Z,1J.TI7A.,"['CH1', 'CH2', 'CHZ']",2018-12-29T12:40:59.970000Z,5.13
1284,20181229T132937Z,1J.TI7A.,"['CH1', 'CH2', 'CHZ']",2018-12-29T13:29:41.260000Z,1.96
1285,20181229T134214Z,1J.TI7A.,"['CH1', 'CH2', 'CHZ']",2018-12-29T13:42:28.240000Z,5.41
1286,20181229T134415Z,1J.TI7A.,"['CH1', 'CH2', 'CHZ']",2018-12-29T13:44:16.350000Z,7.08
1287,20181229T134442Z,1J.TI7A.,"['CH1', 'CH2', 'CHZ']",2018-12-29T13:44:45.730000Z,4.69
1288,20181229T135657Z,1J.TI7A.,"['CH1', 'CH2', 'CHZ']",2018-12-29T13:56:57.430000Z,5.36
1289,20181229T141214Z,1J.TI7A.,"['CH1', 'CH2', 'CHZ']",2018-12-29T14:12:14.570000Z,2.71
1290,20181229T142142Z,1J.TI7A.,"['CH1', 'CH2', 'CHZ']",2018-12-29T14:21:48.270000Z,5.24
1291,20181229T143429Z,1J.TI7A.,"['CH1', 'CH2', 'CHZ']",2018-12-29T14:34:32.720000Z,2.73
1292,20181229T144238Z,1J.TI7A.,"['CH1', 'CH2', 'CHZ']",2018-12-29T14:42:39.310000Z,1.98
1293,20181229T153543Z,1J.TI7A.,"['CH1', 'CH2', 'CHZ']",2018-12-29T15:35:46.910000Z,5.68
1294,20181229T155044Z,1J.TI7A.,"['CH1', 'CH2', 'CHZ']",2018-12-29T15:50:44.120000Z,6.46
1295,20181229T155110Z,1J.TI7A.,"['CH1', 'CH2', 'CHZ']",2018-12-29T15:51:13.100000Z,6.38
1296,20181229T173130Z,1J.TI7A.,"['CH1', 'CH2', 'CHZ']",2018-12-29T17:31:30.530000Z,5.68
1297,20181229T180856Z,1J.TI7A.,"['CH1', 'CH2', 'CHZ']",2018-12-29T18:09:03.260000Z,3.57
1298,20181229T181055Z,1J.TI7A.,"['CH1', 'CH2', 'CHZ']",2018-12-29T18:10:57.610000Z,4.72
1299,20181229T185633Z,1J.TI7A.,"['CH1', 'CH2', 'CHZ']",2018-12-29T18:56:36.980000Z,2.06
1300,20181229T191926Z,1J.TI7A.,"['CH1', 'CH2', 'CHZ']",2018-12-29T19:19:45.310000Z,2.09
1301,20181229T195303Z,1J.TI7A.,"['CH1', 'CH2', 'CHZ']",2018-12-29T19:53:07.760000Z,4.66
1302,20181229T200459Z,1J.TI7A.,"['CH1', 'CH2', 'CHZ']",2018-12-29T20:04:59.930000Z,3.92
1303,20181229T201040Z,1J.TI7A.,"['CH1', 'CH2', 'CHZ']",2018-12-29T20:10:40.350000Z,8.46
1304,20181229T202140Z,1J.TI7A.,"['CH1', 'CH2', 'CHZ']",2018-12-29T20:21:45.800000Z,5.21
1305,20181229T202209Z,1J.TI7A.,"['CH1', 'CH2', 'CHZ']",2018-12-29T20:22:13.950000Z,6.46
1306,20181229T211315Z,1J.TI7A.,"['CH1', 'CH2', 'CHZ']",2018-12-29T21:13:15.310000Z,13.3
1307,20181229T223511Z,1J.TI7A.,"['CH1', 'CH2', 'CHZ']",2018-12-29T22:35:11.480000Z,2.08
1308,20181229T233332Z,1J.TI7A.,"['CH1', 'CH2', 'CHZ']",2018-12-29T23:33:34.560000Z,2.04
