,event_id,station,components,time,duration
0,20190121T000159Z,1J.TI3A.,"['CH1', 'CH2', 'CHZ']",2019-01-21T00:01:59.256000Z,5.212
1,20190121T000425Z,1J.TI3A.,"['CH1', 'CH2', 'CHZ']",2019-01-21T00:04:25.686000Z,0.216
2,20190121T000703Z,1J.TI3A.,"['CH1', 'CH2', 'CHZ']",2019-01-21T00:07:03.724000Z,13.276
3,20190121T001459Z,1J.TI3A.,"['CH1', 'CH2', 'CHZ']",2019-01-21T00:15:00.016000Z,11.646
4,20190121T001518Z,1J.TI3A.,"['CH1', 'CH2', 'CHZ']",2019-01-21T00:15:19.336000Z,13.612
5,20190121T002305Z,1J.TI3A.,"['CH1', 'CH2', 'CHZ']",2019-01-21T00:23:06.028000Z,16.356
6,20190121T002746Z,1J.TI3A.,"['CH1', 'CH2', 'CHZ']",2019-01-21T00:27:46.298000Z,6.278
7,20190121T003447Z,1J.TI3A.,"['CH1', 'CH2', 'CHZ']",2019-01-21T00:34:48.352000Z,16.342
8,20190121T003546Z,1J.TI3A.,"['CH1', 'CH2', 'CHZ']",2019-01-21T00:35:46.850000Z,2.41
9,20190121T003657Z,1J.TI3A.,"['CH1', 'CH2', 'CHZ']",2019-01-21T00:36:57.342000Z,0.946
10,20190121T003932Z,1J.TI3A.,"['CH1', 'CH2', 'CHZ']",2019-01-21T00:39:33.076000Z,2.93
11,20190121T004530Z,1J.TI3A.,"['CH1', 'CH2', 'CHZ']",2019-01-21T00:45:30.432000Z,27.192
12,20190121T005130Z,1J.TI3A.,"['CH1', 'CH2', 'CHZ']",2019-01-21T00:51:30.962000Z,3.216
13,20190121T005510Z,1J.TI3A.,"['CH1', 'CH2', 'CHZ']",2019-01-21T00:55:10.890000Z,0.094
14,20190121T005516Z,1J.TI3A.,"['CH1', 'CH2', 'CHZ']",2019-01-21T00:55:16.658000Z,7.066
15,20190121T010212Z,1J.TI3A.,"['CH1', 'CH2', 'CHZ']",2019-01-21T01:02:12.672000Z,7.118
16,20190121T010420Z,1J.TI3A.,"['CH1', 'CH2', 'CHZ']",2019-01-21T01:04:20.500000Z,21.768
17,20190121T010758Z,1J.TI3A.,"['CH1', 'CH2', 'CHZ']",2019-01-21T01:07:59.022000Z,6.102
18,20190121T010906Z,1J.TI3A.,"['CH1', 'CH2', 'CHZ']",2019-01-21T01:09:06.298000Z,2.712
19,20190121T011047Z,1J.TI3A.,"['CH1', 'CH2', 'CHZ']",2019-01-21T01:10:47.604000Z,0.094
20,20190121T011359Z,1J.TI3A.,"['CH1', 'CH2', 'CHZ']",2019-01-21T01:13:59.616000Z,0.078
21,20190121T011529Z,1J.TI3A.,"['CH1', 'CH2', 'CHZ']",2019-01-21T01:15:29.822000Z,5.668
22,20190121T011545Z,1J.TI3A.,"['CH1', 'CH2', 'CHZ']",2019-01-21T01:15:45.210000Z,9.47
23,20190121T013401Z,1J.TI3A.,"['CH1', 'CH2', 'CHZ']",2019-01-21T01:34:02.424000Z,13.618
24,20190121T013628Z,1J.TI3A.,"['CH1', 'CH2', 'CHZ']",2019-01-21T01:36:28.370000Z,19.658
25,20190121T014620Z,1J.TI3A.,"['CH1', 'CH2', 'CHZ']",2019-01-21T01:46:20.144000Z,22.672
26,20190121T015940Z,1J.TI3A.,"['CH1', 'CH2', 'CHZ']",2019-01-21T01:59:40.634000Z,7.04
27,20190121T020200Z,1J.TI3A.,"['CH1', 'CH2', 'CHZ']",2019-01-21T02:02:00.122000Z,9.388
28,20190121T021101Z,1J.TI3A.,"['CH1', 'CH2', 'CHZ']",2019-01-21T02:11:01.298000Z,13.536
29,20190121T022004Z,1J.TI3A.,"['CH1', 'CH2', 'CHZ']",2019-01-21T02:20:04.230000Z,9.008
30,20190121T023338Z,1J.TI3A.,"['CH1', 'CH2', 'CHZ']",2019-01-21T02:33:39.086000Z,20.058
31,20190121T024130Z,1J.TI3A.,"['CH1', 'CH2', 'CHZ']",2019-01-21T02:41:30.440000Z,16.13
32,20190121T025151Z,1J.TI3A.,"['CH1', 'CH2', 'CHZ']",2019-01-21T02:51:51.832000Z,15.224
33,20190121T025923Z,1J.TI3A.,"['CH1', 'CH2', 'CHZ']",2019-01-21T02:59:23.628000Z,9.254
34,20190121T030210Z,1J.TI3A.,"['CH1', 'CH2', 'CHZ']",2019-01-21T03:02:10.806000Z,9.492
35,20190121T031742Z,1J.TI3A.,"['CH1', 'CH2', 'CHZ']",2019-01-21T03:17:42.858000Z,11.446
36,20190121T032610Z,1J.TI3A.,"['CH1', 'CH2', 'CHZ']",2019-01-21T03:26:10.254000Z,10.132
37,20190121T033343Z,1J.TI3A.,"['CH1', 'CH2', 'CHZ']",2019-01-21T03:33:43.768000Z,3.518
38,20190121T035149Z,1J.TI3A.,"['CH1', 'CH2', 'CHZ']",2019-01-21T03:51:49.456000Z,7.678
39,20190121T035335Z,1J.TI3A.,"['CH1', 'CH2', 'CHZ']",2019-01-21T03:53:36.446000Z,14.362
40,20190121T035525Z,1J.TI3A.,"['CH1', 'CH2', 'CHZ']",2019-01-21T03:55:25.332000Z,5.118
41,20190121T040036Z,1J.TI3A.,"['CH1', 'CH2', 'CHZ']",2019-01-21T04:00:37.754000Z,5.306
42,20190121T040824Z,1J.TI3A.,"['CH1', 'CH2', 'CHZ']",2019-01-21T04:08:24.348000Z,3.088
43,20190121T042239Z,1J.TI3A.,"['CH1', 'CH2', 'CHZ']",2019-01-21T04:22:39.662000Z,0.108
44,20190121T042438Z,1J.TI3A.,"['CH1', 'CH2', 'CHZ']",2019-01-21T04:24:38.554000Z,8.76
45,20190121T042925Z,1J.TI3A.,"['CH1', 'CH2', 'CHZ']",2019-01-21T04:29:25.814000Z,3.482
46,20190121T043109Z,1J.TI3A.,"['CH1', 'CH2', 'CHZ']",2019-01-21T04:31:09.476000Z,16.368
47,20190121T043240Z,1J.TI3A.,"['CH1', 'CH2', 'CHZ']",2019-01-21T04:32:40.654000Z,4.624
48,20190121T043354Z,1J.TI3A.,"['CH1', 'CH2', 'CHZ']",2019-01-21T04:33:54.352000Z,0.078
49,20190121T043543Z,1J.TI3A.,"['CH1', 'CH2', 'CHZ']",2019-01-21T04:35:46.198000Z,5.22
50,20190121T043717Z,1J.TI3A.,"['CH1', 'CH2', 'CHZ']",2019-01-21T04:37:17.112000Z,0.12
51,20190121T044258Z,1J.TI3A.,"['CH1', 'CH2', 'CHZ']",2019-01-21T04:42:58.864000Z,0.102
52,20190121T044337Z,1J.TI3A.,"['CH1', 'CH2', 'CHZ']",2019-01-21T04:43:37.478000Z,1.276
53,20190121T044515Z,1J.TI3A.,"['CH1', 'CH2', 'CHZ']",2019-01-21T04:45:16.440000Z,10.576
54,20190121T045007Z,1J.TI3A.,"['CH1', 'CH2', 'CHZ']",2019-01-21T04:50:07.234000Z,0.11
55,20190121T045135Z,1J.TI3A.,"['CH1', 'CH2', 'CHZ']",2019-01-21T04:51:35.628000Z,0.096
56,20190121T045209Z,1J.TI3A.,"['CH1', 'CH2', 'CHZ']",2019-01-21T04:52:09.568000Z,0.658
57,20190121T045748Z,1J.TI3A.,"['CH1', 'CH2', 'CHZ']",2019-01-21T04:57:48.098000Z,0.104
58,20190121T050322Z,1J.TI3A.,"['CH1', 'CH2', 'CHZ']",2019-01-21T05:03:23.046000Z,5.842
59,20190121T050935Z,1J.TI3A.,"['CH1', 'CH2', 'CHZ']",2019-01-21T05:09:35.542000Z,0.09
60,20190121T051033Z,1J.TI3A.,"['CH1', 'CH2', 'CHZ']",2019-01-21T05:10:33.068000Z,8.496
61,20190121T051055Z,1J.TI3A.,"['CH1', 'CH2', 'CHZ']",2019-01-21T05:10:55.830000Z,18.95
62,20190121T051624Z,1J.TI3A.,"['CH1', 'CH2', 'CHZ']",2019-01-21T05:16:24.170000Z,2.798
63,20190121T053437Z,1J.TI3A.,"['CH1', 'CH2', 'CHZ']",2019-01-21T05:34:37.320000Z,6.01
64,20190121T053916Z,1J.TI3A.,"['CH1', 'CH2', 'CHZ']",2019-01-21T05:39:16.244000Z,0.104
65,20190121T055408Z,1J.TI3A.,"['CH1', 'CH2', 'CHZ']",2019-01-21T05:54:09.040000Z,7.838
66,20190121T055634Z,1J.TI3A.,"['CH1', 'CH2', 'CHZ']",2019-01-21T05:56:34.340000Z,8.642
67,20190121T055721Z,1J.TI3A.,"['CH1', 'CH2', 'CHZ']",2019-01-21T05:57:22.034000Z,3.83
68,20190121T055956Z,1J.TI3A.,"['CH1', 'CH2', 'CHZ']",2019-01-21T05:59:56.280000Z,3.002
69,20190121T061347Z,1J.TI3A.,"['CH1', 'CH2', 'CHZ']",2019-01-21T06:13:47.144000Z,12.782
70,20190121T061432Z,1J.TI3A.,"['CH1', 'CH2', 'CHZ']",2019-01-21T06:14:32.184000Z,2.806
71,20190121T061808Z,1J.TI3A.,"['CH1', 'CH2', 'CHZ']",2019-01-21T06:18:08.510000Z,4.5
72,20190121T062808Z,1J.TI3A.,"['CH1', 'CH2', 'CHZ']",2019-01-21T06:28:08.512000Z,11.294
73,20190121T063433Z,1J.TI3A.,"['CH1', 'CH2', 'CHZ']",2019-01-21T06:34:33.798000Z,22.32
74,20190121T064340Z,1J.TI3A.,"['CH1', 'CH2', 'CHZ']",2019-01-21T06:43:40.132000Z,8.692
75,20190121T065343Z,1J.TI3A.,"['CH1', 'CH2', 'CHZ']",2019-01-21T06:53:43.348000Z,5.6
76,20190121T065649Z,1J.TI3A.,"['CH1', 'CH2', 'CHZ']",2019-01-21T06:56:49.140000Z,4.574
77,20190121T065802Z,1J.TI3A.,"['CH1', 'CH2', 'CHZ']",2019-01-21T06:58:02.262000Z,15.696
78,20190121T065915Z,1J.TI3A.,"['CH1', 'CH2', 'CHZ']",2019-01-21T06:59:15.856000Z,1.134
79,20190121T071348Z,1J.TI3A.,"['CH1', 'CH2', 'CHZ']",2019-01-21T07:13:48.204000Z,10.404
80,20190121T071516Z,1J.TI3A.,"['CH1', 'CH2', 'CHZ']",2019-01-21T07:15:16.796000Z,1.22
81,20190121T071528Z,1J.TI3A.,"['CH1', 'CH2', 'CHZ']",2019-01-21T07:15:28.416000Z,9.06
82,20190121T071554Z,1J.TI3A.,"['CH1', 'CH2', 'CHZ']",2019-01-21T07:15:55.028000Z,16.964
83,20190121T072004Z,1J.TI3A.,"['CH1', 'CH2', 'CHZ']",2019-01-21T07:20:04.690000Z,5.408
84,20190121T072651Z,1J.TI3A.,"['CH1', 'CH2', 'CHZ']",2019-01-21T07:26:52.760000Z,4.87
85,20190121T073302Z,1J.TI3A.,"['CH1', 'CH2', 'CHZ']",2019-01-21T07:33:02.828000Z,18.02
86,20190121T074151Z,1J.TI3A.,"['CH1', 'CH2', 'CHZ']",2019-01-21T07:41:51.086000Z,7.534
87,20190121T074643Z,1J.TI3A.,"['CH1', 'CH2', 'CHZ']",2019-01-21T07:46:43.812000Z,4.906
88,20190121T082030Z,1J.TI3A.,"['CH1', 'CH2', 'CHZ']",2019-01-21T08:20:30.406000Z,14.306
89,20190121T082126Z,1J.TI3A.,"['CH1', 'CH2', 'CHZ']",2019-01-21T08:21:26.382000Z,0.272
90,20190121T082452Z,1J.TI3A.,"['CH1', 'CH2', 'CHZ']",2019-01-21T08:24:52.372000Z,3.342
91,20190121T082518Z,1J.TI3A.,"['CH1', 'CH2', 'CHZ']",2019-01-21T08:25:18.724000Z,15.678
92,20190121T082815Z,1J.TI3A.,"['CH1', 'CH2', 'CHZ']",2019-01-21T08:28:16.022000Z,6.106
93,20190121T083230Z,1J.TI3A.,"['CH1', 'CH2', 'CHZ']",2019-01-21T08:32:30.386000Z,19.972
94,20190121T083431Z,1J.TI3A.,"['CH1', 'CH2', 'CHZ']",2019-01-21T08:34:31.278000Z,3.954
95,20190121T083756Z,1J.TI3A.,"['CH1', 'CH2', 'CHZ']",2019-01-21T08:37:56.966000Z,0.414
96,20190121T084907Z,1J.TI3A.,"['CH1', 'CH2', 'CHZ']",2019-01-21T08:49:07.530000Z,8.144
97,20190121T085014Z,1J.TI3A.,"['CH1', 'CH2', 'CHZ']",2019-01-21T08:50:15.182000Z,5.25
98,20190121T085152Z,1J.TI3A.,"['CH1', 'CH2', 'CHZ']",2019-01-21T08:51:52.594000Z,19.208
99,20190121T085722Z,1J.TI3A.,"['CH1', 'CH2', 'CHZ']",2019-01-21T08:57:22.236000Z,4.768
100,20190121T090455Z,1J.TI3A.,"['CH1', 'CH2', 'CHZ']",2019-01-21T09:04:56.018000Z,7.662
101,20190121T091011Z,1J.TI3A.,"['CH1', 'CH2', 'CHZ']",2019-01-21T09:10:11.096000Z,21.998
102,20190121T091938Z,1J.TI3A.,"['CH1', 'CH2', 'CHZ']",2019-01-21T09:19:39.536000Z,8.41
103,20190121T092126Z,1J.TI3A.,"['CH1', 'CH2', 'CHZ']",2019-01-21T09:21:26.820000Z,0.114
104,20190121T092237Z,1J.TI3A.,"['CH1', 'CH2', 'CHZ']",2019-01-21T09:22:38.064000Z,0.108
105,20190121T092337Z,1J.TI3A.,"['CH1', 'CH2', 'CHZ']",2019-01-21T09:23:37.452000Z,0.138
106,20190121T093408Z,1J.TI3A.,"['CH1', 'CH2', 'CHZ']",2019-01-21T09:34:08.530000Z,8.106
107,20190121T093510Z,1J.TI3A.,"['CH1', 'CH2', 'CHZ']",2019-01-21T09:35:10.708000Z,0.112
108,20190121T093843Z,1J.TI3A.,"['CH1', 'CH2', 'CHZ']",2019-01-21T09:38:43.420000Z,0.14
109,20190121T093950Z,1J.TI3A.,"['CH1', 'CH2', 'CHZ']",2019-01-21T09:39:51.046000Z,0.104
110,20190121T094044Z,1J.TI3A.,"['CH1', 'CH2', 'CHZ']",2019-01-21T09:40:44.774000Z,15.168
111,20190121T094150Z,1J.TI3A.,"['CH1', 'CH2', 'CHZ']",2019-01-21T09:41:51.014000Z,0.098
112,20190121T094254Z,1J.TI3A.,"['CH1', 'CH2', 'CHZ']",2019-01-21T09:42:54.956000Z,0.122
113,20190121T094400Z,1J.TI3A.,"['CH1', 'CH2', 'CHZ']",2019-01-21T09:44:00.712000Z,0.116
114,20190121T094540Z,1J.TI3A.,"['CH1', 'CH2', 'CHZ']",2019-01-21T09:45:40.520000Z,5.448
115,20190121T094647Z,1J.TI3A.,"['CH1', 'CH2', 'CHZ']",2019-01-21T09:46:47.758000Z,0.096
116,20190121T094814Z,1J.TI3A.,"['CH1', 'CH2', 'CHZ']",2019-01-21T09:48:14.276000Z,0.094
117,20190121T095150Z,1J.TI3A.,"['CH1', 'CH2', 'CHZ']",2019-01-21T09:51:50.634000Z,0.124
118,20190121T095756Z,1J.TI3A.,"['CH1', 'CH2', 'CHZ']",2019-01-21T09:57:56.564000Z,8.698
119,20190121T095833Z,1J.TI3A.,"['CH1', 'CH2', 'CHZ']",2019-01-21T09:58:33.112000Z,3.79
120,20190121T095900Z,1J.TI3A.,"['CH1', 'CH2', 'CHZ']",2019-01-21T09:59:00.386000Z,28.52
121,20190121T100136Z,1J.TI3A.,"['CH1', 'CH2', 'CHZ']",2019-01-21T10:01:36.658000Z,0.13
122,20190121T100228Z,1J.TI3A.,"['CH1', 'CH2', 'CHZ']",2019-01-21T10:02:28.924000Z,0.098
123,20190121T100412Z,1J.TI3A.,"['CH1', 'CH2', 'CHZ']",2019-01-21T10:04:12.366000Z,0.142
124,20190121T100545Z,1J.TI3A.,"['CH1', 'CH2', 'CHZ']",2019-01-21T10:05:45.764000Z,0.114
125,20190121T100657Z,1J.TI3A.,"['CH1', 'CH2', 'CHZ']",2019-01-21T10:06:57.848000Z,20.174
126,20190121T101028Z,1J.TI3A.,"['CH1', 'CH2', 'CHZ']",2019-01-21T10:10:28.376000Z,0.086
127,20190121T101124Z,1J.TI3A.,"['CH1', 'CH2', 'CHZ']",2019-01-21T10:11:24.436000Z,5.402
128,20190121T101159Z,1J.TI3A.,"['CH1', 'CH2', 'CHZ']",2019-01-21T10:11:59.648000Z,0.098
129,20190121T101347Z,1J.TI3A.,"['CH1', 'CH2', 'CHZ']",2019-01-21T10:13:47.172000Z,0.122
130,20190121T101441Z,1J.TI3A.,"['CH1', 'CH2', 'CHZ']",2019-01-21T10:14:41.844000Z,0.118
131,20190121T101533Z,1J.TI3A.,"['CH1', 'CH2', 'CHZ']",2019-01-21T10:15:33.402000Z,0.156
132,20190121T101625Z,1J.TI3A.,"['CH1', 'CH2', 'CHZ']",2019-01-21T10:16:25.624000Z,0.16
133,20190121T102552Z,1J.TI3A.,"['CH1', 'CH2', 'CHZ']",2019-01-21T10:25:52.294000Z,0.11
134,20190121T102647Z,1J.TI3A.,"['CH1', 'CH2', 'CHZ']",2019-01-21T10:26:47.636000Z,0.13
135,20190121T102657Z,1J.TI3A.,"['CH1', 'CH2', 'CHZ']",2019-01-21T10:26:57.250000Z,9.224
136,20190121T102730Z,1J.TI3A.,"['CH1', 'CH2', 'CHZ']",2019-01-21T10:27:30.610000Z,0.154
137,20190121T102853Z,1J.TI3A.,"['CH1', 'CH2', 'CHZ']",2019-01-21T10:28:53.884000Z,22.16
138,20190121T102937Z,1J.TI3A.,"['CH1', 'CH2', 'CHZ']",2019-01-21T10:29:37.646000Z,0.13
139,20190121T103215Z,1J.TI3A.,"['CH1', 'CH2', 'CHZ']",2019-01-21T10:32:15.522000Z,0.078
140,20190121T103824Z,1J.TI3A.,"['CH1', 'CH2', 'CHZ']",2019-01-21T10:38:24.312000Z,2.428
141,20190121T105712Z,1J.TI3A.,"['CH1', 'CH2', 'CHZ']",2019-01-21T10:57:12.956000Z,3.026
142,20190121T110426Z,1J.TI3A.,"['CH1', 'CH2', 'CHZ']",2019-01-21T11:04:28.194000Z,0.278
143,20190121T111337Z,1J.TI3A.,"['CH1', 'CH2', 'CHZ']",2019-01-21T11:13:37.566000Z,4.43
144,20190121T112358Z,1J.TI3A.,"['CH1', 'CH2', 'CHZ']",2019-01-21T11:23:58.850000Z,4.546
145,20190121T120252Z,1J.TI3A.,"['CH1', 'CH2', 'CHZ']",2019-01-21T12:02:52.600000Z,4.95
146,20190121T120544Z,1J.TI3A.,"['CH1', 'CH2', 'CHZ']",2019-01-21T12:05:44.604000Z,2.454
147,20190121T122519Z,1J.TI3A.,"['CH1', 'CH2', 'CHZ']",2019-01-21T12:25:19.520000Z,11.576
148,20190121T123354Z,1J.TI3A.,"['CH1', 'CH2', 'CHZ']",2019-01-21T12:33:54.672000Z,4.162
149,20190121T124404Z,1J.TI3A.,"['CH1', 'CH2', 'CHZ']",2019-01-21T12:44:05.042000Z,13.014
150,20190121T124751Z,1J.TI3A.,"['CH1', 'CH2', 'CHZ']",2019-01-21T12:47:51.350000Z,15.978
151,20190121T124819Z,1J.TI3A.,"['CH1', 'CH2', 'CHZ']",2019-01-21T12:48:19.978000Z,0.764
152,20190121T125318Z,1J.TI3A.,"['CH1', 'CH2', 'CHZ']",2019-01-21T12:53:18.858000Z,4.046
153,20190121T131222Z,1J.TI3A.,"['CH1', 'CH2', 'CHZ']",2019-01-21T13:12:22.950000Z,6.336
154,20190121T132325Z,1J.TI3A.,"['CH1', 'CH2', 'CHZ']",2019-01-21T13:23:25.582000Z,16.096
155,20190121T133037Z,1J.TI3A.,"['CH1', 'CH2', 'CHZ']",2019-01-21T13:30:38.064000Z,0.208
156,20190121T134626Z,1J.TI3A.,"['CH1', 'CH2', 'CHZ']",2019-01-21T13:46:27.432000Z,17.638
157,20190121T135804Z,1J.TI3A.,"['CH1', 'CH2', 'CHZ']",2019-01-21T13:58:04.728000Z,0.09
158,20190121T140811Z,1J.TI3A.,"['CH1', 'CH2', 'CHZ']",2019-01-21T14:08:11.578000Z,0.14
159,20190121T141136Z,1J.TI3A.,"['CH1', 'CH2', 'CHZ']",2019-01-21T14:11:34.020000Z,10.37
160,20190121T141302Z,1J.TI3A.,"['CH1', 'CH2', 'CHZ']",2019-01-21T14:13:03.012000Z,0.13
161,20190121T141449Z,1J.TI3A.,"['CH1', 'CH2', 'CHZ']",2019-01-21T14:14:49.672000Z,15.5
162,20190121T141641Z,1J.TI3A.,"['CH1', 'CH2', 'CHZ']",2019-01-21T14:16:43.060000Z,10.652
163,20190121T141830Z,1J.TI3A.,"['CH1', 'CH2', 'CHZ']",2019-01-21T14:18:30.504000Z,0.114
164,20190121T141926Z,1J.TI3A.,"['CH1', 'CH2', 'CHZ']",2019-01-21T14:19:26.198000Z,0.098
165,20190121T142025Z,1J.TI3A.,"['CH1', 'CH2', 'CHZ']",2019-01-21T14:20:25.570000Z,0.082
166,20190121T142121Z,1J.TI3A.,"['CH1', 'CH2', 'CHZ']",2019-01-21T14:21:21.706000Z,0.112
167,20190121T142212Z,1J.TI3A.,"['CH1', 'CH2', 'CHZ']",2019-01-21T14:22:12.952000Z,0.11
168,20190121T142325Z,1J.TI3A.,"['CH1', 'CH2', 'CHZ']",2019-01-21T14:23:25.304000Z,2.234
169,20190121T142428Z,1J.TI3A.,"['CH1', 'CH2', 'CHZ']",2019-01-21T14:24:28.260000Z,0.152
170,20190121T142526Z,1J.TI3A.,"['CH1', 'CH2', 'CHZ']",2019-01-21T14:25:26.130000Z,0.136
171,20190121T142642Z,1J.TI3A.,"['CH1', 'CH2', 'CHZ']",2019-01-21T14:26:42.716000Z,0.116
172,20190121T143145Z,1J.TI3A.,"['CH1', 'CH2', 'CHZ']",2019-01-21T14:31:45.992000Z,0.098
173,20190121T143241Z,1J.TI3A.,"['CH1', 'CH2', 'CHZ']",2019-01-21T14:32:42.018000Z,0.084
174,20190121T143507Z,1J.TI3A.,"['CH1', 'CH2', 'CHZ']",2019-01-21T14:35:07.344000Z,0.154
175,20190121T143554Z,1J.TI3A.,"['CH1', 'CH2', 'CHZ']",2019-01-21T14:35:54.078000Z,0.096
176,20190121T143625Z,1J.TI3A.,"['CH1', 'CH2', 'CHZ']",2019-01-21T14:36:25.914000Z,0.112
177,20190121T143738Z,1J.TI3A.,"['CH1', 'CH2', 'CHZ']",2019-01-21T14:37:38.582000Z,0.124
178,20190121T144159Z,1J.TI3A.,"['CH1', 'CH2', 'CHZ']",2019-01-21T14:41:59.940000Z,5.012
179,20190121T144419Z,1J.TI3A.,"['CH1', 'CH2', 'CHZ']",2019-01-21T14:44:20.104000Z,15.224
180,20190121T144528Z,1J.TI3A.,"['CH1', 'CH2', 'CHZ']",2019-01-21T14:45:28.402000Z,0.444
181,20190121T145451Z,1J.TI3A.,"['CH1', 'CH2', 'CHZ']",2019-01-21T14:54:51.720000Z,0.088
182,20190121T145857Z,1J.TI3A.,"['CH1', 'CH2', 'CHZ']",2019-01-21T14:58:57.970000Z,2.624
183,20190121T150335Z,1J.TI3A.,"['CH1', 'CH2', 'CHZ']",2019-01-21T15:03:35.620000Z,0.076
184,20190121T150450Z,1J.TI3A.,"['CH1', 'CH2', 'CHZ']",2019-01-21T15:04:50.778000Z,0.214
185,20190121T150640Z,1J.TI3A.,"['CH1', 'CH2', 'CHZ']",2019-01-21T15:06:40.776000Z,0.112
186,20190121T150730Z,1J.TI3A.,"['CH1', 'CH2', 'CHZ']",2019-01-21T15:07:30.992000Z,0.108
187,20190121T150810Z,1J.TI3A.,"['CH1', 'CH2', 'CHZ']",2019-01-21T15:08:10.344000Z,17.284
188,20190121T150906Z,1J.TI3A.,"['CH1', 'CH2', 'CHZ']",2019-01-21T15:09:07.050000Z,0.128
189,20190121T151009Z,1J.TI3A.,"['CH1', 'CH2', 'CHZ']",2019-01-21T15:10:10.054000Z,0.146
190,20190121T151108Z,1J.TI3A.,"['CH1', 'CH2', 'CHZ']",2019-01-21T15:11:08.178000Z,0.224
191,20190121T151203Z,1J.TI3A.,"['CH1', 'CH2', 'CHZ']",2019-01-21T15:12:03.548000Z,0.09
192,20190121T151247Z,1J.TI3A.,"['CH1', 'CH2', 'CHZ']",2019-01-21T15:12:47.464000Z,0.074
193,20190121T151257Z,1J.TI3A.,"['CH1', 'CH2', 'CHZ']",2019-01-21T15:12:57.314000Z,3.018
194,20190121T151451Z,1J.TI3A.,"['CH1', 'CH2', 'CHZ']",2019-01-21T15:14:51.410000Z,0.154
195,20190121T151536Z,1J.TI3A.,"['CH1', 'CH2', 'CHZ']",2019-01-21T15:15:37.010000Z,0.088
196,20190121T151639Z,1J.TI3A.,"['CH1', 'CH2', 'CHZ']",2019-01-21T15:16:39.188000Z,0.106
197,20190121T151817Z,1J.TI3A.,"['CH1', 'CH2', 'CHZ']",2019-01-21T15:18:19.030000Z,0.924
198,20190121T151943Z,1J.TI3A.,"['CH1', 'CH2', 'CHZ']",2019-01-21T15:19:43.264000Z,0.096
199,20190121T152037Z,1J.TI3A.,"['CH1', 'CH2', 'CHZ']",2019-01-21T15:20:37.996000Z,0.148
200,20190121T152335Z,1J.TI3A.,"['CH1', 'CH2', 'CHZ']",2019-01-21T15:23:35.188000Z,0.09
201,20190121T152543Z,1J.TI3A.,"['CH1', 'CH2', 'CHZ']",2019-01-21T15:25:43.924000Z,0.148
202,20190121T152717Z,1J.TI3A.,"['CH1', 'CH2', 'CHZ']",2019-01-21T15:27:17.410000Z,0.35
203,20190121T152924Z,1J.TI3A.,"['CH1', 'CH2', 'CHZ']",2019-01-21T15:29:24.254000Z,0.128
204,20190121T153116Z,1J.TI3A.,"['CH1', 'CH2', 'CHZ']",2019-01-21T15:31:16.908000Z,0.096
205,20190121T153409Z,1J.TI3A.,"['CH1', 'CH2', 'CHZ']",2019-01-21T15:34:09.164000Z,0.118
206,20190121T153455Z,1J.TI3A.,"['CH1', 'CH2', 'CHZ']",2019-01-21T15:34:55.186000Z,0.114
207,20190121T153648Z,1J.TI3A.,"['CH1', 'CH2', 'CHZ']",2019-01-21T15:36:48.552000Z,0.08
208,20190121T153754Z,1J.TI3A.,"['CH1', 'CH2', 'CHZ']",2019-01-21T15:37:54.392000Z,0.124
209,20190121T153912Z,1J.TI3A.,"['CH1', 'CH2', 'CHZ']",2019-01-21T15:39:12.076000Z,0.104
210,20190121T154013Z,1J.TI3A.,"['CH1', 'CH2', 'CHZ']",2019-01-21T15:40:13.744000Z,0.106
211,20190121T154229Z,1J.TI3A.,"['CH1', 'CH2', 'CHZ']",2019-01-21T15:42:29.220000Z,0.098
212,20190121T154930Z,1J.TI3A.,"['CH1', 'CH2', 'CHZ']",2019-01-21T15:49:30.332000Z,0.092
213,20190121T155056Z,1J.TI3A.,"['CH1', 'CH2', 'CHZ']",2019-01-21T15:50:56.820000Z,6.962
214,20190121T155205Z,1J.TI3A.,"['CH1', 'CH2', 'CHZ']",2019-01-21T15:52:06.058000Z,0.154
215,20190121T155305Z,1J.TI3A.,"['CH1', 'CH2', 'CHZ']",2019-01-21T15:53:05.838000Z,0.138
216,20190121T155352Z,1J.TI3A.,"['CH1', 'CH2', 'CHZ']",2019-01-21T15:53:52.128000Z,0.118
217,20190121T155456Z,1J.TI3A.,"['CH1', 'CH2', 'CHZ']",2019-01-21T15:54:56.552000Z,0.102
218,20190121T155536Z,1J.TI3A.,"['CH1', 'CH2', 'CHZ']",2019-01-21T15:55:36.304000Z,0.108
219,20190121T155601Z,1J.TI3A.,"['CH1', 'CH2', 'CHZ']",2019-01-21T15:56:01.558000Z,0.206
220,20190121T155623Z,1J.TI3A.,"['CH1', 'CH2', 'CHZ']",2019-01-21T15:56:23.632000Z,0.096
221,20190121T155709Z,1J.TI3A.,"['CH1', 'CH2', 'CHZ']",2019-01-21T15:57:09.880000Z,10.784
222,20190121T155730Z,1J.TI3A.,"['CH1', 'CH2', 'CHZ']",2019-01-21T15:57:30.510000Z,0.114
223,20190121T155819Z,1J.TI3A.,"['CH1', 'CH2', 'CHZ']",2019-01-21T15:58:19.566000Z,0.108
224,20190121T155917Z,1J.TI3A.,"['CH1', 'CH2', 'CHZ']",2019-01-21T15:59:17.766000Z,0.124
225,20190121T160005Z,1J.TI3A.,"['CH1', 'CH2', 'CHZ']",2019-01-21T16:00:05.736000Z,0.096
226,20190121T160048Z,1J.TI3A.,"['CH1', 'CH2', 'CHZ']",2019-01-21T16:00:48.978000Z,0.114
227,20190121T160137Z,1J.TI3A.,"['CH1', 'CH2', 'CHZ']",2019-01-21T16:01:37.310000Z,0.088
228,20190121T160232Z,1J.TI3A.,"['CH1', 'CH2', 'CHZ']",2019-01-21T16:02:32.944000Z,0.116
229,20190121T160628Z,1J.TI3A.,"['CH1', 'CH2', 'CHZ']",2019-01-21T16:06:28.814000Z,0.108
230,20190121T160903Z,1J.TI3A.,"['CH1', 'CH2', 'CHZ']",2019-01-21T16:09:03.324000Z,0.128
231,20190121T161050Z,1J.TI3A.,"['CH1', 'CH2', 'CHZ']",2019-01-21T16:10:50.208000Z,0.086
232,20190121T161139Z,1J.TI3A.,"['CH1', 'CH2', 'CHZ']",2019-01-21T16:11:39.574000Z,0.114
233,20190121T162109Z,1J.TI3A.,"['CH1', 'CH2', 'CHZ']",2019-01-21T16:21:10.152000Z,16.308
234,20190121T162711Z,1J.TI3A.,"['CH1', 'CH2', 'CHZ']",2019-01-21T16:27:11.906000Z,0.15
235,20190121T162744Z,1J.TI3A.,"['CH1', 'CH2', 'CHZ']",2019-01-21T16:27:44.886000Z,0.1
236,20190121T163904Z,1J.TI3A.,"['CH1', 'CH2', 'CHZ']",2019-01-21T16:39:04.950000Z,10.17
237,20190121T164008Z,1J.TI3A.,"['CH1', 'CH2', 'CHZ']",2019-01-21T16:40:08.428000Z,15.326
238,20190121T164338Z,1J.TI3A.,"['CH1', 'CH2', 'CHZ']",2019-01-21T16:43:38.282000Z,3.688
239,20190121T164438Z,1J.TI3A.,"['CH1', 'CH2', 'CHZ']",2019-01-21T16:44:38.348000Z,0.094
240,20190121T165231Z,1J.TI3A.,"['CH1', 'CH2', 'CHZ']",2019-01-21T16:52:31.324000Z,0.096
241,20190121T170053Z,1J.TI3A.,"['CH1', 'CH2', 'CHZ']",2019-01-21T17:00:54.048000Z,3.118
242,20190121T172144Z,1J.TI3A.,"['CH1', 'CH2', 'CHZ']",2019-01-21T17:21:44.698000Z,0.098
243,20190121T172208Z,1J.TI3A.,"['CH1', 'CH2', 'CHZ']",2019-01-21T17:22:08.348000Z,5.886
244,20190121T172418Z,1J.TI3A.,"['CH1', 'CH2', 'CHZ']",2019-01-21T17:24:19.076000Z,14.932
245,20190121T173013Z,1J.TI3A.,"['CH1', 'CH2', 'CHZ']",2019-01-21T17:30:13.578000Z,0.12
246,20190121T173124Z,1J.TI3A.,"['CH1', 'CH2', 'CHZ']",2019-01-21T17:31:24.210000Z,0.144
247,20190121T173320Z,1J.TI3A.,"['CH1', 'CH2', 'CHZ']",2019-01-21T17:33:20.096000Z,0.098
248,20190121T173507Z,1J.TI3A.,"['CH1', 'CH2', 'CHZ']",2019-01-21T17:35:07.340000Z,5.63
249,20190121T174847Z,1J.TI3A.,"['CH1', 'CH2', 'CHZ']",2019-01-21T17:48:47.856000Z,2.992
250,20190121T174950Z,1J.TI3A.,"['CH1', 'CH2', 'CHZ']",2019-01-21T17:49:51.004000Z,0.118
251,20190121T175526Z,1J.TI3A.,"['CH1', 'CH2', 'CHZ']",2019-01-21T17:55:26.708000Z,0.106
252,20190121T180105Z,1J.TI3A.,"['CH1', 'CH2', 'CHZ']",2019-01-21T18:01:05.392000Z,0.092
253,20190121T180127Z,1J.TI3A.,"['CH1', 'CH2', 'CHZ']",2019-01-21T18:01:27.678000Z,4.19
254,20190121T180400Z,1J.TI3A.,"['CH1', 'CH2', 'CHZ']",2019-01-21T18:04:01.414000Z,3.854
255,20190121T180600Z,1J.TI3A.,"['CH1', 'CH2', 'CHZ']",2019-01-21T18:06:01.010000Z,0.082
256,20190121T181708Z,1J.TI3A.,"['CH1', 'CH2', 'CHZ']",2019-01-21T18:17:09.028000Z,7.078
257,20190121T182020Z,1J.TI3A.,"['CH1', 'CH2', 'CHZ']",2019-01-21T18:20:20.110000Z,2.654
258,20190121T183908Z,1J.TI3A.,"['CH1', 'CH2', 'CHZ']",2019-01-21T18:39:08.294000Z,4.392
259,20190121T184031Z,1J.TI3A.,"['CH1', 'CH2', 'CHZ']",2019-01-21T18:40:31.930000Z,12.144
260,20190121T184156Z,1J.TI3A.,"['CH1', 'CH2', 'CHZ']",2019-01-21T18:41:56.520000Z,2.938
261,20190121T184754Z,1J.TI3A.,"['CH1', 'CH2', 'CHZ']",2019-01-21T18:47:54.986000Z,23.728
262,20190121T185359Z,1J.TI3A.,"['CH1', 'CH2', 'CHZ']",2019-01-21T18:53:59.530000Z,4.704
263,20190121T190446Z,1J.TI3A.,"['CH1', 'CH2', 'CHZ']",2019-01-21T19:04:46.430000Z,3.062
264,20190121T191425Z,1J.TI3A.,"['CH1', 'CH2', 'CHZ']",2019-01-21T19:14:25.358000Z,4.502
265,20190121T194054Z,1J.TI3A.,"['CH1', 'CH2', 'CHZ']",2019-01-21T19:40:54.272000Z,8.598
266,20190121T194315Z,1J.TI3A.,"['CH1', 'CH2', 'CHZ']",2019-01-21T19:43:16.046000Z,16.192
267,20190121T194343Z,1J.TI3A.,"['CH1', 'CH2', 'CHZ']",2019-01-21T19:43:43.764000Z,17.384
268,20190121T200251Z,1J.TI3A.,"['CH1', 'CH2', 'CHZ']",2019-01-21T20:02:51.870000Z,12.754
269,20190121T200525Z,1J.TI3A.,"['CH1', 'CH2', 'CHZ']",2019-01-21T20:05:25.934000Z,20.97
270,20190121T202442Z,1J.TI3A.,"['CH1', 'CH2', 'CHZ']",2019-01-21T20:24:42.554000Z,5.092
271,20190121T202805Z,1J.TI3A.,"['CH1', 'CH2', 'CHZ']",2019-01-21T20:28:05.650000Z,4.888
272,20190121T203040Z,1J.TI3A.,"['CH1', 'CH2', 'CHZ']",2019-01-21T20:30:40.620000Z,3.92
273,20190121T203747Z,1J.TI3A.,"['CH1', 'CH2', 'CHZ']",2019-01-21T20:37:47.740000Z,2.826
274,20190121T204119Z,1J.TI3A.,"['CH1', 'CH2', 'CHZ']",2019-01-21T20:41:19.958000Z,0.222
275,20190121T205532Z,1J.TI3A.,"['CH1', 'CH2', 'CHZ']",2019-01-21T20:55:32.052000Z,0.136
276,20190121T211505Z,1J.TI3A.,"['CH1', 'CH2', 'CHZ']",2019-01-21T21:15:05.294000Z,18.65
277,20190121T212203Z,1J.TI3A.,"['CH1', 'CH2', 'CHZ']",2019-01-21T21:22:03.270000Z,4.358
278,20190121T212742Z,1J.TI3A.,"['CH1', 'CH2', 'CHZ']",2019-01-21T21:27:42.696000Z,20.718
279,20190121T212840Z,1J.TI3A.,"['CH1', 'CH2', 'CHZ']",2019-01-21T21:28:40.794000Z,2.264
280,20190121T213905Z,1J.TI3A.,"['CH1', 'CH2', 'CHZ']",2019-01-21T21:39:05.800000Z,12.32
281,20190121T214317Z,1J.TI3A.,"['CH1', 'CH2', 'CHZ']",2019-01-21T21:43:17.332000Z,4.368
282,20190121T215644Z,1J.TI3A.,"['CH1', 'CH2', 'CHZ']",2019-01-21T21:56:44.128000Z,0.214
283,20190121T223738Z,1J.TI3A.,"['CH1', 'CH2', 'CHZ']",2019-01-21T22:37:38.072000Z,6.28
284,20190121T231805Z,1J.TI3A.,"['CH1', 'CH2', 'CHZ']",2019-01-21T23:18:05.248000Z,3.576
285,20190121T231956Z,1J.TI3A.,"['CH1', 'CH2', 'CHZ']",2019-01-21T23:19:56.232000Z,3.202
286,20190121T232238Z,1J.TI3A.,"['CH1', 'CH2', 'CHZ']",2019-01-21T23:22:38.450000Z,3.308
287,20190121T232315Z,1J.TI3A.,"['CH1', 'CH2', 'CHZ']",2019-01-21T23:23:15.976000Z,2.5
288,20190121T232441Z,1J.TI3A.,"['CH1', 'CH2', 'CHZ']",2019-01-21T23:24:42.058000Z,18.956
289,20190121T233512Z,1J.TI3A.,"['CH1', 'CH2', 'CHZ']",2019-01-21T23:35:12.838000Z,2.92
290,20190121T234531Z,1J.TI3A.,"['CH1', 'CH2', 'CHZ']",2019-01-21T23:45:31.808000Z,12.886
291,20190121T234802Z,1J.TI3A.,"['CH1', 'CH2', 'CHZ']",2019-01-21T23:48:02.648000Z,0.304
292,20190121T235057Z,1J.TI3A.,"['CH1', 'CH2', 'CHZ']",2019-01-21T23:50:57.744000Z,9.914
293,20190121T235751Z,1J.TI3A.,"['CH1', 'CH2', 'CHZ']",2019-01-21T23:57:51.412000Z,4.01
294,20190121T235910Z,1J.TI3A.,"['CH1', 'CH2', 'CHZ']",2019-01-21T23:59:10.530000Z,6.374
295,20190121T000159Z,1J.TI3C.,"['CH1', 'CH2', 'CHZ']",2019-01-21T00:01:59.240000Z,6.374
296,20190121T000425Z,1J.TI3C.,"['CH1', 'CH2', 'CHZ']",2019-01-21T00:04:25.640000Z,0.334
297,20190121T000703Z,1J.TI3C.,"['CH1', 'CH2', 'CHZ']",2019-01-21T00:07:03.694000Z,13.992
298,20190121T001459Z,1J.TI3C.,"['CH1', 'CH2', 'CHZ']",2019-01-21T00:15:00.040000Z,13.534
299,20190121T001518Z,1J.TI3C.,"['CH1', 'CH2', 'CHZ']",2019-01-21T00:15:18.830000Z,14.26
300,20190121T002305Z,1J.TI3C.,"['CH1', 'CH2', 'CHZ']",2019-01-21T00:23:05.998000Z,16.894
301,20190121T002746Z,1J.TI3C.,"['CH1', 'CH2', 'CHZ']",2019-01-21T00:27:46.286000Z,6.574
302,20190121T003447Z,1J.TI3C.,"['CH1', 'CH2', 'CHZ']",2019-01-21T00:34:47.096000Z,18.834
303,20190121T003546Z,1J.TI3C.,"['CH1', 'CH2', 'CHZ']",2019-01-21T00:35:46.816000Z,2.436
304,20190121T003657Z,1J.TI3C.,"['CH1', 'CH2', 'CHZ']",2019-01-21T00:36:57.298000Z,1.126
305,20190121T003932Z,1J.TI3C.,"['CH1', 'CH2', 'CHZ']",2019-01-21T00:39:32.964000Z,3.108
306,20190121T004530Z,1J.TI3C.,"['CH1', 'CH2', 'CHZ']",2019-01-21T00:45:30.370000Z,29.242
307,20190121T005130Z,1J.TI3C.,"['CH1', 'CH2', 'CHZ']",2019-01-21T00:51:30.866000Z,4.19
308,20190121T005510Z,1J.TI3C.,"['CH1', 'CH2', 'CHZ']",2019-01-21T00:55:10.862000Z,0.138
309,20190121T005516Z,1J.TI3C.,"['CH1', 'CH2', 'CHZ']",2019-01-21T00:55:16.648000Z,7.514
310,20190121T005911Z,1J.TI3C.,"['CH1', 'CH2', 'CHZ']",2019-01-21T00:59:11.864000Z,0.138
311,20190121T010212Z,1J.TI3C.,"['CH1', 'CH2', 'CHZ']",2019-01-21T01:02:12.352000Z,9.676
312,20190121T010352Z,1J.TI3C.,"['CH1', 'CH2', 'CHZ']",2019-01-21T01:03:52.936000Z,0.144
313,20190121T010420Z,1J.TI3C.,"['CH1', 'CH2', 'CHZ']",2019-01-21T01:04:20.446000Z,21.734
314,20190121T010722Z,1J.TI3C.,"['CH1', 'CH2', 'CHZ']",2019-01-21T01:07:22.444000Z,0.146
315,20190121T010758Z,1J.TI3C.,"['CH1', 'CH2', 'CHZ']",2019-01-21T01:07:58.826000Z,6.662
316,20190121T010906Z,1J.TI3C.,"['CH1', 'CH2', 'CHZ']",2019-01-21T01:09:06.282000Z,0.366
317,20190121T010940Z,1J.TI3C.,"['CH1', 'CH2', 'CHZ']",2019-01-21T01:09:40.438000Z,0.132
318,20190121T011047Z,1J.TI3C.,"['CH1', 'CH2', 'CHZ']",2019-01-21T01:10:47.578000Z,0.126
319,20190121T011359Z,1J.TI3C.,"['CH1', 'CH2', 'CHZ']",2019-01-21T01:13:59.586000Z,0.11
320,20190121T011529Z,1J.TI3C.,"['CH1', 'CH2', 'CHZ']",2019-01-21T01:15:29.804000Z,6.1
321,20190121T011545Z,1J.TI3C.,"['CH1', 'CH2', 'CHZ']",2019-01-21T01:15:45.252000Z,9.58
322,20190121T012133Z,1J.TI3C.,"['CH1', 'CH2', 'CHZ']",2019-01-21T01:21:33.720000Z,0.152
323,20190121T012341Z,1J.TI3C.,"['CH1', 'CH2', 'CHZ']",2019-01-21T01:23:41.802000Z,0.12
324,20190121T013401Z,1J.TI3C.,"['CH1', 'CH2', 'CHZ']",2019-01-21T01:34:01.998000Z,14.426
325,20190121T013628Z,1J.TI3C.,"['CH1', 'CH2', 'CHZ']",2019-01-21T01:36:28.348000Z,19.718
326,20190121T014620Z,1J.TI3C.,"['CH1', 'CH2', 'CHZ']",2019-01-21T01:46:20.128000Z,23.248
327,20190121T015940Z,1J.TI3C.,"['CH1', 'CH2', 'CHZ']",2019-01-21T01:59:40.618000Z,7.37
328,20190121T020200Z,1J.TI3C.,"['CH1', 'CH2', 'CHZ']",2019-01-21T02:02:00.104000Z,9.904
329,20190121T021101Z,1J.TI3C.,"['CH1', 'CH2', 'CHZ']",2019-01-21T02:11:01.476000Z,13.55
330,20190121T022004Z,1J.TI3C.,"['CH1', 'CH2', 'CHZ']",2019-01-21T02:20:04.210000Z,10.304
331,20190121T023338Z,1J.TI3C.,"['CH1', 'CH2', 'CHZ']",2019-01-21T02:33:38.970000Z,20.144
332,20190121T024130Z,1J.TI3C.,"['CH1', 'CH2', 'CHZ']",2019-01-21T02:41:30.468000Z,16.286
333,20190121T025151Z,1J.TI3C.,"['CH1', 'CH2', 'CHZ']",2019-01-21T02:51:51.934000Z,15.246
334,20190121T025923Z,1J.TI3C.,"['CH1', 'CH2', 'CHZ']",2019-01-21T02:59:23.616000Z,9.364
335,20190121T030210Z,1J.TI3C.,"['CH1', 'CH2', 'CHZ']",2019-01-21T03:02:10.742000Z,9.738
336,20190121T031742Z,1J.TI3C.,"['CH1', 'CH2', 'CHZ']",2019-01-21T03:17:42.898000Z,11.624
337,20190121T032610Z,1J.TI3C.,"['CH1', 'CH2', 'CHZ']",2019-01-21T03:26:10.238000Z,10.516
338,20190121T033159Z,1J.TI3C.,"['CH1', 'CH2', 'CHZ']",2019-01-21T03:31:59.290000Z,12.524
339,20190121T033343Z,1J.TI3C.,"['CH1', 'CH2', 'CHZ']",2019-01-21T03:33:43.758000Z,3.6
340,20190121T035149Z,1J.TI3C.,"['CH1', 'CH2', 'CHZ']",2019-01-21T03:51:49.422000Z,10.116
341,20190121T035335Z,1J.TI3C.,"['CH1', 'CH2', 'CHZ']",2019-01-21T03:53:35.980000Z,15.312
342,20190121T035525Z,1J.TI3C.,"['CH1', 'CH2', 'CHZ']",2019-01-21T03:55:25.378000Z,4.636
343,20190121T040036Z,1J.TI3C.,"['CH1', 'CH2', 'CHZ']",2019-01-21T04:00:36.926000Z,6.554
344,20190121T040824Z,1J.TI3C.,"['CH1', 'CH2', 'CHZ']",2019-01-21T04:08:24.328000Z,3.918
345,20190121T042239Z,1J.TI3C.,"['CH1', 'CH2', 'CHZ']",2019-01-21T04:22:39.628000Z,0.142
346,20190121T042438Z,1J.TI3C.,"['CH1', 'CH2', 'CHZ']",2019-01-21T04:24:38.544000Z,8.966
347,20190121T042925Z,1J.TI3C.,"['CH1', 'CH2', 'CHZ']",2019-01-21T04:29:25.808000Z,3.388
348,20190121T043109Z,1J.TI3C.,"['CH1', 'CH2', 'CHZ']",2019-01-21T04:31:09.556000Z,16.622
349,20190121T043240Z,1J.TI3C.,"['CH1', 'CH2', 'CHZ']",2019-01-21T04:32:40.636000Z,4.576
350,20190121T043354Z,1J.TI3C.,"['CH1', 'CH2', 'CHZ']",2019-01-21T04:33:54.314000Z,0.13
351,20190121T043543Z,1J.TI3C.,"['CH1', 'CH2', 'CHZ']",2019-01-21T04:35:43.174000Z,8.288
352,20190121T043717Z,1J.TI3C.,"['CH1', 'CH2', 'CHZ']",2019-01-21T04:37:17.078000Z,0.156
353,20190121T043903Z,1J.TI3C.,"['CH1', 'CH2', 'CHZ']",2019-01-21T04:39:03.656000Z,0.108
354,20190121T044258Z,1J.TI3C.,"['CH1', 'CH2', 'CHZ']",2019-01-21T04:42:58.832000Z,0.13
355,20190121T044312Z,1J.TI3C.,"['CH1', 'CH2', 'CHZ']",2019-01-21T04:43:13.042000Z,0.19
356,20190121T044337Z,1J.TI3C.,"['CH1', 'CH2', 'CHZ']",2019-01-21T04:43:36.832000Z,1.872
357,20190121T044515Z,1J.TI3C.,"['CH1', 'CH2', 'CHZ']",2019-01-21T04:45:15.364000Z,11.528
358,20190121T045007Z,1J.TI3C.,"['CH1', 'CH2', 'CHZ']",2019-01-21T04:50:07.202000Z,0.14
359,20190121T045135Z,1J.TI3C.,"['CH1', 'CH2', 'CHZ']",2019-01-21T04:51:35.596000Z,0.122
360,20190121T045209Z,1J.TI3C.,"['CH1', 'CH2', 'CHZ']",2019-01-21T04:52:09.524000Z,0.74
361,20190121T045748Z,1J.TI3C.,"['CH1', 'CH2', 'CHZ']",2019-01-21T04:57:48.066000Z,0.13
362,20190121T050322Z,1J.TI3C.,"['CH1', 'CH2', 'CHZ']",2019-01-21T05:03:23.042000Z,5.204
363,20190121T050935Z,1J.TI3C.,"['CH1', 'CH2', 'CHZ']",2019-01-21T05:09:35.504000Z,0.128
364,20190121T051033Z,1J.TI3C.,"['CH1', 'CH2', 'CHZ']",2019-01-21T05:10:33.052000Z,8.402
365,20190121T051055Z,1J.TI3C.,"['CH1', 'CH2', 'CHZ']",2019-01-21T05:10:55.786000Z,18.996
366,20190121T053437Z,1J.TI3C.,"['CH1', 'CH2', 'CHZ']",2019-01-21T05:34:37.310000Z,5.816
367,20190121T053916Z,1J.TI3C.,"['CH1', 'CH2', 'CHZ']",2019-01-21T05:39:16.210000Z,0.128
368,20190121T054942Z,1J.TI3C.,"['CH1', 'CH2', 'CHZ']",2019-01-21T05:49:42.404000Z,0.126
369,20190121T055408Z,1J.TI3C.,"['CH1', 'CH2', 'CHZ']",2019-01-21T05:54:08.808000Z,8.654
370,20190121T055634Z,1J.TI3C.,"['CH1', 'CH2', 'CHZ']",2019-01-21T05:56:34.234000Z,11.338
371,20190121T055713Z,1J.TI3C.,"['CH1', 'CH2', 'CHZ']",2019-01-21T05:57:13.614000Z,1.538
372,20190121T055721Z,1J.TI3C.,"['CH1', 'CH2', 'CHZ']",2019-01-21T05:57:22.018000Z,5.954
373,20190121T055956Z,1J.TI3C.,"['CH1', 'CH2', 'CHZ']",2019-01-21T05:59:56.250000Z,3.392
374,20190121T061347Z,1J.TI3C.,"['CH1', 'CH2', 'CHZ']",2019-01-21T06:13:46.844000Z,13.278
375,20190121T061432Z,1J.TI3C.,"['CH1', 'CH2', 'CHZ']",2019-01-21T06:14:32.174000Z,2.796
376,20190121T061808Z,1J.TI3C.,"['CH1', 'CH2', 'CHZ']",2019-01-21T06:18:08.496000Z,4.618
377,20190121T062808Z,1J.TI3C.,"['CH1', 'CH2', 'CHZ']",2019-01-21T06:28:08.454000Z,13.782
378,20190121T063433Z,1J.TI3C.,"['CH1', 'CH2', 'CHZ']",2019-01-21T06:34:33.756000Z,22.24
379,20190121T064340Z,1J.TI3C.,"['CH1', 'CH2', 'CHZ']",2019-01-21T06:43:40.122000Z,8.66
380,20190121T065343Z,1J.TI3C.,"['CH1', 'CH2', 'CHZ']",2019-01-21T06:53:43.336000Z,5.874
381,20190121T065649Z,1J.TI3C.,"['CH1', 'CH2', 'CHZ']",2019-01-21T06:56:49.126000Z,4.726
382,20190121T065802Z,1J.TI3C.,"['CH1', 'CH2', 'CHZ']",2019-01-21T06:58:02.006000Z,16.166
383,20190121T065915Z,1J.TI3C.,"['CH1', 'CH2', 'CHZ']",2019-01-21T06:59:15.082000Z,1.94
384,20190121T070424Z,1J.TI3C.,"['CH1', 'CH2', 'CHZ']",2019-01-21T07:04:24.152000Z,2.038
385,20190121T071348Z,1J.TI3C.,"['CH1', 'CH2', 'CHZ']",2019-01-21T07:13:48.250000Z,10.802
386,20190121T071516Z,1J.TI3C.,"['CH1', 'CH2', 'CHZ']",2019-01-21T07:15:16.666000Z,1.572
387,20190121T071528Z,1J.TI3C.,"['CH1', 'CH2', 'CHZ']",2019-01-21T07:15:28.426000Z,10.596
388,20190121T071554Z,1J.TI3C.,"['CH1', 'CH2', 'CHZ']",2019-01-21T07:15:55.068000Z,17.096
389,20190121T072004Z,1J.TI3C.,"['CH1', 'CH2', 'CHZ']",2019-01-21T07:20:04.674000Z,5.544
390,20190121T072651Z,1J.TI3C.,"['CH1', 'CH2', 'CHZ']",2019-01-21T07:26:51.928000Z,6.304
391,20190121T073302Z,1J.TI3C.,"['CH1', 'CH2', 'CHZ']",2019-01-21T07:33:02.766000Z,18.762
392,20190121T074151Z,1J.TI3C.,"['CH1', 'CH2', 'CHZ']",2019-01-21T07:41:51.070000Z,7.69
393,20190121T074643Z,1J.TI3C.,"['CH1', 'CH2', 'CHZ']",2019-01-21T07:46:43.798000Z,6.638
394,20190121T074908Z,1J.TI3C.,"['CH1', 'CH2', 'CHZ']",2019-01-21T07:49:08.628000Z,1.384
395,20190121T082030Z,1J.TI3C.,"['CH1', 'CH2', 'CHZ']",2019-01-21T08:20:30.386000Z,14.588
396,20190121T082126Z,1J.TI3C.,"['CH1', 'CH2', 'CHZ']",2019-01-21T08:21:26.340000Z,0.5
397,20190121T082452Z,1J.TI3C.,"['CH1', 'CH2', 'CHZ']",2019-01-21T08:24:52.346000Z,4.118
398,20190121T082518Z,1J.TI3C.,"['CH1', 'CH2', 'CHZ']",2019-01-21T08:25:18.766000Z,15.734
399,20190121T082815Z,1J.TI3C.,"['CH1', 'CH2', 'CHZ']",2019-01-21T08:28:16.014000Z,6.126
400,20190121T083230Z,1J.TI3C.,"['CH1', 'CH2', 'CHZ']",2019-01-21T08:32:30.346000Z,20.072
401,20190121T083431Z,1J.TI3C.,"['CH1', 'CH2', 'CHZ']",2019-01-21T08:34:31.268000Z,3.914
402,20190121T083756Z,1J.TI3C.,"['CH1', 'CH2', 'CHZ']",2019-01-21T08:37:56.956000Z,2.886
403,20190121T084907Z,1J.TI3C.,"['CH1', 'CH2', 'CHZ']",2019-01-21T08:49:07.518000Z,8.462
404,20190121T085014Z,1J.TI3C.,"['CH1', 'CH2', 'CHZ']",2019-01-21T08:50:15.034000Z,5.304
405,20190121T085152Z,1J.TI3C.,"['CH1', 'CH2', 'CHZ']",2019-01-21T08:51:52.562000Z,19.334
406,20190121T085722Z,1J.TI3C.,"['CH1', 'CH2', 'CHZ']",2019-01-21T08:57:22.224000Z,4.82
407,20190121T090455Z,1J.TI3C.,"['CH1', 'CH2', 'CHZ']",2019-01-21T09:04:56.006000Z,7.892
408,20190121T091011Z,1J.TI3C.,"['CH1', 'CH2', 'CHZ']",2019-01-21T09:10:11.060000Z,21.98
409,20190121T091938Z,1J.TI3C.,"['CH1', 'CH2', 'CHZ']",2019-01-21T09:19:39.028000Z,9.062
410,20190121T092126Z,1J.TI3C.,"['CH1', 'CH2', 'CHZ']",2019-01-21T09:21:26.792000Z,0.168
411,20190121T092237Z,1J.TI3C.,"['CH1', 'CH2', 'CHZ']",2019-01-21T09:22:38.038000Z,0.142
412,20190121T092337Z,1J.TI3C.,"['CH1', 'CH2', 'CHZ']",2019-01-21T09:23:37.424000Z,0.166
413,20190121T093408Z,1J.TI3C.,"['CH1', 'CH2', 'CHZ']",2019-01-21T09:34:08.518000Z,8.356
414,20190121T093510Z,1J.TI3C.,"['CH1', 'CH2', 'CHZ']",2019-01-21T09:35:10.680000Z,0.164
415,20190121T093843Z,1J.TI3C.,"['CH1', 'CH2', 'CHZ']",2019-01-21T09:38:43.392000Z,0.166
416,20190121T093950Z,1J.TI3C.,"['CH1', 'CH2', 'CHZ']",2019-01-21T09:39:51.018000Z,0.148
417,20190121T094044Z,1J.TI3C.,"['CH1', 'CH2', 'CHZ']",2019-01-21T09:40:44.836000Z,15.27
418,20190121T094150Z,1J.TI3C.,"['CH1', 'CH2', 'CHZ']",2019-01-21T09:41:50.986000Z,0.14
419,20190121T094254Z,1J.TI3C.,"['CH1', 'CH2', 'CHZ']",2019-01-21T09:42:54.926000Z,0.188
420,20190121T094400Z,1J.TI3C.,"['CH1', 'CH2', 'CHZ']",2019-01-21T09:44:00.682000Z,0.174
421,20190121T094540Z,1J.TI3C.,"['CH1', 'CH2', 'CHZ']",2019-01-21T09:45:40.510000Z,5.656
422,20190121T094647Z,1J.TI3C.,"['CH1', 'CH2', 'CHZ']",2019-01-21T09:46:47.730000Z,0.164
423,20190121T094814Z,1J.TI3C.,"['CH1', 'CH2', 'CHZ']",2019-01-21T09:48:14.248000Z,0.142
424,20190121T095054Z,1J.TI3C.,"['CH1', 'CH2', 'CHZ']",2019-01-21T09:50:54.930000Z,0.182
425,20190121T095150Z,1J.TI3C.,"['CH1', 'CH2', 'CHZ']",2019-01-21T09:51:50.602000Z,0.228
426,20190121T095756Z,1J.TI3C.,"['CH1', 'CH2', 'CHZ']",2019-01-21T09:57:56.552000Z,9.324
427,20190121T095833Z,1J.TI3C.,"['CH1', 'CH2', 'CHZ']",2019-01-21T09:58:33.164000Z,6.31
428,20190121T095900Z,1J.TI3C.,"['CH1', 'CH2', 'CHZ']",2019-01-21T09:59:00.406000Z,28.638
429,20190121T100136Z,1J.TI3C.,"['CH1', 'CH2', 'CHZ']",2019-01-21T10:01:36.632000Z,0.172
430,20190121T100228Z,1J.TI3C.,"['CH1', 'CH2', 'CHZ']",2019-01-21T10:02:28.896000Z,0.148
431,20190121T100324Z,1J.TI3C.,"['CH1', 'CH2', 'CHZ']",2019-01-21T10:03:24.910000Z,0.148
432,20190121T100412Z,1J.TI3C.,"['CH1', 'CH2', 'CHZ']",2019-01-21T10:04:12.338000Z,0.174
433,20190121T100545Z,1J.TI3C.,"['CH1', 'CH2', 'CHZ']",2019-01-21T10:05:45.736000Z,0.178
434,20190121T100657Z,1J.TI3C.,"['CH1', 'CH2', 'CHZ']",2019-01-21T10:06:57.684000Z,20.116
435,20190121T100933Z,1J.TI3C.,"['CH1', 'CH2', 'CHZ']",2019-01-21T10:09:33.250000Z,0.116
436,20190121T101028Z,1J.TI3C.,"['CH1', 'CH2', 'CHZ']",2019-01-21T10:10:28.348000Z,0.13
437,20190121T101124Z,1J.TI3C.,"['CH1', 'CH2', 'CHZ']",2019-01-21T10:11:24.426000Z,5.612
438,20190121T101159Z,1J.TI3C.,"['CH1', 'CH2', 'CHZ']",2019-01-21T10:11:59.620000Z,0.198
439,20190121T101347Z,1J.TI3C.,"['CH1', 'CH2', 'CHZ']",2019-01-21T10:13:47.146000Z,0.196
440,20190121T101441Z,1J.TI3C.,"['CH1', 'CH2', 'CHZ']",2019-01-21T10:14:41.816000Z,0.128
441,20190121T101533Z,1J.TI3C.,"['CH1', 'CH2', 'CHZ']",2019-01-21T10:15:33.372000Z,0.188
442,20190121T101625Z,1J.TI3C.,"['CH1', 'CH2', 'CHZ']",2019-01-21T10:16:25.598000Z,0.24
443,20190121T102424Z,1J.TI3C.,"['CH1', 'CH2', 'CHZ']",2019-01-21T10:24:24.740000Z,0.124
444,20190121T102505Z,1J.TI3C.,"['CH1', 'CH2', 'CHZ']",2019-01-21T10:25:05.186000Z,0.138
445,20190121T102552Z,1J.TI3C.,"['CH1', 'CH2', 'CHZ']",2019-01-21T10:25:52.264000Z,0.162
446,20190121T102647Z,1J.TI3C.,"['CH1', 'CH2', 'CHZ']",2019-01-21T10:26:47.610000Z,0.16
447,20190121T102657Z,1J.TI3C.,"['CH1', 'CH2', 'CHZ']",2019-01-21T10:26:57.238000Z,9.658
448,20190121T102730Z,1J.TI3C.,"['CH1', 'CH2', 'CHZ']",2019-01-21T10:27:30.582000Z,0.182
449,20190121T102853Z,1J.TI3C.,"['CH1', 'CH2', 'CHZ']",2019-01-21T10:28:53.858000Z,21.974
450,20190121T102937Z,1J.TI3C.,"['CH1', 'CH2', 'CHZ']",2019-01-21T10:29:37.620000Z,0.15
451,20190121T103023Z,1J.TI3C.,"['CH1', 'CH2', 'CHZ']",2019-01-21T10:30:23.284000Z,0.138
452,20190121T103215Z,1J.TI3C.,"['CH1', 'CH2', 'CHZ']",2019-01-21T10:32:15.490000Z,0.134
453,20190121T103255Z,1J.TI3C.,"['CH1', 'CH2', 'CHZ']",2019-01-21T10:32:55.570000Z,0.164
454,20190121T103548Z,1J.TI3C.,"['CH1', 'CH2', 'CHZ']",2019-01-21T10:35:48.674000Z,0.128
455,20190121T103748Z,1J.TI3C.,"['CH1', 'CH2', 'CHZ']",2019-01-21T10:37:48.994000Z,5.728
456,20190121T103824Z,1J.TI3C.,"['CH1', 'CH2', 'CHZ']",2019-01-21T10:38:24.280000Z,2.716
457,20190121T105640Z,1J.TI3C.,"['CH1', 'CH2', 'CHZ']",2019-01-21T10:56:40.178000Z,0.106
458,20190121T105712Z,1J.TI3C.,"['CH1', 'CH2', 'CHZ']",2019-01-21T10:57:12.924000Z,7.034
459,20190121T105946Z,1J.TI3C.,"['CH1', 'CH2', 'CHZ']",2019-01-21T10:59:46.622000Z,0.294
460,20190121T110426Z,1J.TI3C.,"['CH1', 'CH2', 'CHZ']",2019-01-21T11:04:26.514000Z,2.956
461,20190121T111133Z,1J.TI3C.,"['CH1', 'CH2', 'CHZ']",2019-01-21T11:11:33.642000Z,11.598
462,20190121T111337Z,1J.TI3C.,"['CH1', 'CH2', 'CHZ']",2019-01-21T11:13:37.156000Z,8.726
463,20190121T112358Z,1J.TI3C.,"['CH1', 'CH2', 'CHZ']",2019-01-21T11:23:58.812000Z,9.602
464,20190121T112927Z,1J.TI3C.,"['CH1', 'CH2', 'CHZ']",2019-01-21T11:29:27.360000Z,3.062
465,20190121T113819Z,1J.TI3C.,"['CH1', 'CH2', 'CHZ']",2019-01-21T11:38:19.018000Z,0.13
466,20190121T114535Z,1J.TI3C.,"['CH1', 'CH2', 'CHZ']",2019-01-21T11:45:35.410000Z,0.142
467,20190121T120252Z,1J.TI3C.,"['CH1', 'CH2', 'CHZ']",2019-01-21T12:02:52.590000Z,5.064
468,20190121T120544Z,1J.TI3C.,"['CH1', 'CH2', 'CHZ']",2019-01-21T12:05:44.564000Z,2.634
469,20190121T122519Z,1J.TI3C.,"['CH1', 'CH2', 'CHZ']",2019-01-21T12:25:19.728000Z,11.574
470,20190121T123354Z,1J.TI3C.,"['CH1', 'CH2', 'CHZ']",2019-01-21T12:33:54.640000Z,4.038
471,20190121T124404Z,1J.TI3C.,"['CH1', 'CH2', 'CHZ']",2019-01-21T12:44:04.936000Z,12.972
472,20190121T124751Z,1J.TI3C.,"['CH1', 'CH2', 'CHZ']",2019-01-21T12:47:51.408000Z,16.182
473,20190121T124819Z,1J.TI3C.,"['CH1', 'CH2', 'CHZ']",2019-01-21T12:48:19.988000Z,0.768
474,20190121T125318Z,1J.TI3C.,"['CH1', 'CH2', 'CHZ']",2019-01-21T12:53:18.852000Z,4.168
475,20190121T131222Z,1J.TI3C.,"['CH1', 'CH2', 'CHZ']",2019-01-21T13:12:22.950000Z,7.22
476,20190121T131522Z,1J.TI3C.,"['CH1', 'CH2', 'CHZ']",2019-01-21T13:15:22.276000Z,2.692
477,20190121T132325Z,1J.TI3C.,"['CH1', 'CH2', 'CHZ']",2019-01-21T13:23:25.604000Z,16.9
478,20190121T132749Z,1J.TI3C.,"['CH1', 'CH2', 'CHZ']",2019-01-21T13:27:49.552000Z,0.114
479,20190121T133037Z,1J.TI3C.,"['CH1', 'CH2', 'CHZ']",2019-01-21T13:30:37.998000Z,5.988
480,20190121T133439Z,1J.TI3C.,"['CH1', 'CH2', 'CHZ']",2019-01-21T13:34:39.526000Z,0.08
481,20190121T133613Z,1J.TI3C.,"['CH1', 'CH2', 'CHZ']",2019-01-21T13:36:13.132000Z,0.348
482,20190121T133631Z,1J.TI3C.,"['CH1', 'CH2', 'CHZ']",2019-01-21T13:36:31.338000Z,0.098
483,20190121T133943Z,1J.TI3C.,"['CH1', 'CH2', 'CHZ']",2019-01-21T13:39:43.918000Z,0.086
484,20190121T134121Z,1J.TI3C.,"['CH1', 'CH2', 'CHZ']",2019-01-21T13:41:21.722000Z,0.114
485,20190121T134249Z,1J.TI3C.,"['CH1', 'CH2', 'CHZ']",2019-01-21T13:42:49.136000Z,0.14
486,20190121T134626Z,1J.TI3C.,"['CH1', 'CH2', 'CHZ']",2019-01-21T13:46:23.636000Z,23.35
487,20190121T134831Z,1J.TI3C.,"['CH1', 'CH2', 'CHZ']",2019-01-21T13:48:31.266000Z,0.176
488,20190121T134958Z,1J.TI3C.,"['CH1', 'CH2', 'CHZ']",2019-01-21T13:49:58.290000Z,0.162
489,20190121T135115Z,1J.TI3C.,"['CH1', 'CH2', 'CHZ']",2019-01-21T13:51:15.454000Z,0.248
490,20190121T135659Z,1J.TI3C.,"['CH1', 'CH2', 'CHZ']",2019-01-21T13:56:59.864000Z,0.104
491,20190121T135804Z,1J.TI3C.,"['CH1', 'CH2', 'CHZ']",2019-01-21T13:58:04.690000Z,0.28
492,20190121T135907Z,1J.TI3C.,"['CH1', 'CH2', 'CHZ']",2019-01-21T13:59:07.882000Z,0.202
493,20190121T140004Z,1J.TI3C.,"['CH1', 'CH2', 'CHZ']",2019-01-21T14:00:04.950000Z,0.104
494,20190121T140058Z,1J.TI3C.,"['CH1', 'CH2', 'CHZ']",2019-01-21T14:00:58.754000Z,0.116
495,20190121T140150Z,1J.TI3C.,"['CH1', 'CH2', 'CHZ']",2019-01-21T14:01:50.144000Z,0.178
496,20190121T140241Z,1J.TI3C.,"['CH1', 'CH2', 'CHZ']",2019-01-21T14:02:41.652000Z,0.206
497,20190121T140348Z,1J.TI3C.,"['CH1', 'CH2', 'CHZ']",2019-01-21T14:03:48.996000Z,0.118
498,20190121T140557Z,1J.TI3C.,"['CH1', 'CH2', 'CHZ']",2019-01-21T14:05:57.424000Z,0.148
499,20190121T140701Z,1J.TI3C.,"['CH1', 'CH2', 'CHZ']",2019-01-21T14:07:01.126000Z,0.158
500,20190121T140811Z,1J.TI3C.,"['CH1', 'CH2', 'CHZ']",2019-01-21T14:08:11.552000Z,0.168
501,20190121T140906Z,1J.TI3C.,"['CH1', 'CH2', 'CHZ']",2019-01-21T14:09:06.536000Z,0.154
502,20190121T140950Z,1J.TI3C.,"['CH1', 'CH2', 'CHZ']",2019-01-21T14:09:50.904000Z,0.142
503,20190121T141136Z,1J.TI3C.,"['CH1', 'CH2', 'CHZ']",2019-01-21T14:11:36.830000Z,14.274
504,20190121T141302Z,1J.TI3C.,"['CH1', 'CH2', 'CHZ']",2019-01-21T14:13:02.980000Z,0.252
505,20190121T141357Z,1J.TI3C.,"['CH1', 'CH2', 'CHZ']",2019-01-21T14:13:57.274000Z,0.186
506,20190121T141422Z,1J.TI3C.,"['CH1', 'CH2', 'CHZ']",2019-01-21T14:14:22.804000Z,2.696
507,20190121T141449Z,1J.TI3C.,"['CH1', 'CH2', 'CHZ']",2019-01-21T14:14:49.710000Z,16.072
508,20190121T141641Z,1J.TI3C.,"['CH1', 'CH2', 'CHZ']",2019-01-21T14:16:41.082000Z,13.19
509,20190121T141743Z,1J.TI3C.,"['CH1', 'CH2', 'CHZ']",2019-01-21T14:17:43.184000Z,0.176
510,20190121T141830Z,1J.TI3C.,"['CH1', 'CH2', 'CHZ']",2019-01-21T14:18:30.470000Z,0.322
511,20190121T141926Z,1J.TI3C.,"['CH1', 'CH2', 'CHZ']",2019-01-21T14:19:26.166000Z,0.31
512,20190121T142025Z,1J.TI3C.,"['CH1', 'CH2', 'CHZ']",2019-01-21T14:20:25.534000Z,0.256
513,20190121T142121Z,1J.TI3C.,"['CH1', 'CH2', 'CHZ']",2019-01-21T14:21:21.674000Z,0.37
514,20190121T142212Z,1J.TI3C.,"['CH1', 'CH2', 'CHZ']",2019-01-21T14:22:12.922000Z,0.274
515,20190121T142325Z,1J.TI3C.,"['CH1', 'CH2', 'CHZ']",2019-01-21T14:23:25.270000Z,0.334
516,20190121T142428Z,1J.TI3C.,"['CH1', 'CH2', 'CHZ']",2019-01-21T14:24:28.230000Z,0.282
517,20190121T142526Z,1J.TI3C.,"['CH1', 'CH2', 'CHZ']",2019-01-21T14:25:26.100000Z,0.29
518,20190121T142642Z,1J.TI3C.,"['CH1', 'CH2', 'CHZ']",2019-01-21T14:26:42.684000Z,0.372
519,20190121T142730Z,1J.TI3C.,"['CH1', 'CH2', 'CHZ']",2019-01-21T14:27:30.920000Z,0.204
520,20190121T142838Z,1J.TI3C.,"['CH1', 'CH2', 'CHZ']",2019-01-21T14:28:38.866000Z,0.368
521,20190121T142943Z,1J.TI3C.,"['CH1', 'CH2', 'CHZ']",2019-01-21T14:29:43.230000Z,0.314
522,20190121T143053Z,1J.TI3C.,"['CH1', 'CH2', 'CHZ']",2019-01-21T14:30:53.264000Z,0.322
523,20190121T143145Z,1J.TI3C.,"['CH1', 'CH2', 'CHZ']",2019-01-21T14:31:45.958000Z,0.412
524,20190121T143241Z,1J.TI3C.,"['CH1', 'CH2', 'CHZ']",2019-01-21T14:32:41.980000Z,0.312
525,20190121T143311Z,1J.TI3C.,"['CH1', 'CH2', 'CHZ']",2019-01-21T14:33:11.172000Z,0.158
526,20190121T143342Z,1J.TI3C.,"['CH1', 'CH2', 'CHZ']",2019-01-21T14:33:42.740000Z,0.176
527,20190121T143424Z,1J.TI3C.,"['CH1', 'CH2', 'CHZ']",2019-01-21T14:34:24.836000Z,0.244
528,20190121T143507Z,1J.TI3C.,"['CH1', 'CH2', 'CHZ']",2019-01-21T14:35:07.314000Z,0.43
529,20190121T143554Z,1J.TI3C.,"['CH1', 'CH2', 'CHZ']",2019-01-21T14:35:54.046000Z,0.304
530,20190121T143625Z,1J.TI3C.,"['CH1', 'CH2', 'CHZ']",2019-01-21T14:36:25.882000Z,0.158
531,20190121T143701Z,1J.TI3C.,"['CH1', 'CH2', 'CHZ']",2019-01-21T14:37:01.054000Z,0.15
532,20190121T143738Z,1J.TI3C.,"['CH1', 'CH2', 'CHZ']",2019-01-21T14:37:38.552000Z,0.192
533,20190121T143849Z,1J.TI3C.,"['CH1', 'CH2', 'CHZ']",2019-01-21T14:38:49.186000Z,0.146
534,20190121T143953Z,1J.TI3C.,"['CH1', 'CH2', 'CHZ']",2019-01-21T14:39:53.326000Z,0.15
535,20190121T144159Z,1J.TI3C.,"['CH1', 'CH2', 'CHZ']",2019-01-21T14:41:59.900000Z,8.098
536,20190121T144332Z,1J.TI3C.,"['CH1', 'CH2', 'CHZ']",2019-01-21T14:43:32.168000Z,0.238
537,20190121T144351Z,1J.TI3C.,"['CH1', 'CH2', 'CHZ']",2019-01-21T14:43:52.026000Z,0.454
538,20190121T144419Z,1J.TI3C.,"['CH1', 'CH2', 'CHZ']",2019-01-21T14:44:19.906000Z,16.33
539,20190121T144528Z,1J.TI3C.,"['CH1', 'CH2', 'CHZ']",2019-01-21T14:45:28.378000Z,2.598
540,20190121T144748Z,1J.TI3C.,"['CH1', 'CH2', 'CHZ']",2019-01-21T14:47:48.584000Z,0.138
541,20190121T144928Z,1J.TI3C.,"['CH1', 'CH2', 'CHZ']",2019-01-21T14:49:28.196000Z,0.146
542,20190121T145028Z,1J.TI3C.,"['CH1', 'CH2', 'CHZ']",2019-01-21T14:50:28.292000Z,0.144
543,20190121T145210Z,1J.TI3C.,"['CH1', 'CH2', 'CHZ']",2019-01-21T14:52:10.522000Z,0.186
544,20190121T145255Z,1J.TI3C.,"['CH1', 'CH2', 'CHZ']",2019-01-21T14:52:55.442000Z,0.214
545,20190121T145346Z,1J.TI3C.,"['CH1', 'CH2', 'CHZ']",2019-01-21T14:53:46.080000Z,0.192
546,20190121T145451Z,1J.TI3C.,"['CH1', 'CH2', 'CHZ']",2019-01-21T14:54:51.686000Z,1.728
547,20190121T145552Z,1J.TI3C.,"['CH1', 'CH2', 'CHZ']",2019-01-21T14:55:52.798000Z,0.15
548,20190121T145811Z,1J.TI3C.,"['CH1', 'CH2', 'CHZ']",2019-01-21T14:58:11.070000Z,0.186
549,20190121T145857Z,1J.TI3C.,"['CH1', 'CH2', 'CHZ']",2019-01-21T14:58:57.988000Z,6.688
550,20190121T145952Z,1J.TI3C.,"['CH1', 'CH2', 'CHZ']",2019-01-21T14:59:52.698000Z,0.212
551,20190121T150040Z,1J.TI3C.,"['CH1', 'CH2', 'CHZ']",2019-01-21T15:00:40.998000Z,0.176
552,20190121T150152Z,1J.TI3C.,"['CH1', 'CH2', 'CHZ']",2019-01-21T15:01:52.670000Z,0.282
553,20190121T150234Z,1J.TI3C.,"['CH1', 'CH2', 'CHZ']",2019-01-21T15:02:34.588000Z,0.148
554,20190121T150335Z,1J.TI3C.,"['CH1', 'CH2', 'CHZ']",2019-01-21T15:03:35.582000Z,0.234
555,20190121T150450Z,1J.TI3C.,"['CH1', 'CH2', 'CHZ']",2019-01-21T15:04:50.750000Z,0.362
556,20190121T150515Z,1J.TI3C.,"['CH1', 'CH2', 'CHZ']",2019-01-21T15:05:15.768000Z,4.464
557,20190121T150640Z,1J.TI3C.,"['CH1', 'CH2', 'CHZ']",2019-01-21T15:06:40.748000Z,0.188
558,20190121T150730Z,1J.TI3C.,"['CH1', 'CH2', 'CHZ']",2019-01-21T15:07:30.964000Z,0.168
559,20190121T150810Z,1J.TI3C.,"['CH1', 'CH2', 'CHZ']",2019-01-21T15:08:10.190000Z,18.178
560,20190121T150906Z,1J.TI3C.,"['CH1', 'CH2', 'CHZ']",2019-01-21T15:09:07.020000Z,0.26
561,20190121T151009Z,1J.TI3C.,"['CH1', 'CH2', 'CHZ']",2019-01-21T15:10:10.024000Z,0.252
562,20190121T151108Z,1J.TI3C.,"['CH1', 'CH2', 'CHZ']",2019-01-21T15:11:08.148000Z,0.398
563,20190121T151203Z,1J.TI3C.,"['CH1', 'CH2', 'CHZ']",2019-01-21T15:12:03.520000Z,0.18
564,20190121T151247Z,1J.TI3C.,"['CH1', 'CH2', 'CHZ']",2019-01-21T15:12:47.428000Z,0.202
565,20190121T151257Z,1J.TI3C.,"['CH1', 'CH2', 'CHZ']",2019-01-21T15:12:57.292000Z,3.478
566,20190121T151451Z,1J.TI3C.,"['CH1', 'CH2', 'CHZ']",2019-01-21T15:14:51.380000Z,0.364
567,20190121T151536Z,1J.TI3C.,"['CH1', 'CH2', 'CHZ']",2019-01-21T15:15:36.976000Z,0.32
568,20190121T151639Z,1J.TI3C.,"['CH1', 'CH2', 'CHZ']",2019-01-21T15:16:39.156000Z,0.314
569,20190121T151726Z,1J.TI3C.,"['CH1', 'CH2', 'CHZ']",2019-01-21T15:17:26.296000Z,0.158
570,20190121T151817Z,1J.TI3C.,"['CH1', 'CH2', 'CHZ']",2019-01-21T15:18:17.346000Z,4.322
571,20190121T151828Z,1J.TI3C.,"['CH1', 'CH2', 'CHZ']",2019-01-21T15:18:28.578000Z,0.154
572,20190121T151943Z,1J.TI3C.,"['CH1', 'CH2', 'CHZ']",2019-01-21T15:19:43.232000Z,0.362
573,20190121T152037Z,1J.TI3C.,"['CH1', 'CH2', 'CHZ']",2019-01-21T15:20:37.966000Z,0.304
574,20190121T152133Z,1J.TI3C.,"['CH1', 'CH2', 'CHZ']",2019-01-21T15:21:33.080000Z,0.164
575,20190121T152239Z,1J.TI3C.,"['CH1', 'CH2', 'CHZ']",2019-01-21T15:22:39.884000Z,0.224
576,20190121T152335Z,1J.TI3C.,"['CH1', 'CH2', 'CHZ']",2019-01-21T15:23:35.154000Z,0.248
577,20190121T152439Z,1J.TI3C.,"['CH1', 'CH2', 'CHZ']",2019-01-21T15:24:39.466000Z,0.188
578,20190121T152543Z,1J.TI3C.,"['CH1', 'CH2', 'CHZ']",2019-01-21T15:25:43.892000Z,0.336
579,20190121T152641Z,1J.TI3C.,"['CH1', 'CH2', 'CHZ']",2019-01-21T15:26:41.218000Z,0.238
580,20190121T152717Z,1J.TI3C.,"['CH1', 'CH2', 'CHZ']",2019-01-21T15:27:17.330000Z,0.528
581,20190121T152739Z,1J.TI3C.,"['CH1', 'CH2', 'CHZ']",2019-01-21T15:27:39.510000Z,0.216
582,20190121T152828Z,1J.TI3C.,"['CH1', 'CH2', 'CHZ']",2019-01-21T15:28:28.492000Z,0.164
583,20190121T152924Z,1J.TI3C.,"['CH1', 'CH2', 'CHZ']",2019-01-21T15:29:24.222000Z,0.226
584,20190121T153011Z,1J.TI3C.,"['CH1', 'CH2', 'CHZ']",2019-01-21T15:30:11.318000Z,0.228
585,20190121T153116Z,1J.TI3C.,"['CH1', 'CH2', 'CHZ']",2019-01-21T15:31:16.880000Z,0.152
586,20190121T153210Z,1J.TI3C.,"['CH1', 'CH2', 'CHZ']",2019-01-21T15:32:10.284000Z,0.2
587,20190121T153409Z,1J.TI3C.,"['CH1', 'CH2', 'CHZ']",2019-01-21T15:34:09.132000Z,0.188
588,20190121T153455Z,1J.TI3C.,"['CH1', 'CH2', 'CHZ']",2019-01-21T15:34:55.154000Z,0.218
589,20190121T153554Z,1J.TI3C.,"['CH1', 'CH2', 'CHZ']",2019-01-21T15:35:54.574000Z,0.198
590,20190121T153648Z,1J.TI3C.,"['CH1', 'CH2', 'CHZ']",2019-01-21T15:36:48.516000Z,0.25
591,20190121T153754Z,1J.TI3C.,"['CH1', 'CH2', 'CHZ']",2019-01-21T15:37:54.360000Z,0.23
592,20190121T153912Z,1J.TI3C.,"['CH1', 'CH2', 'CHZ']",2019-01-21T15:39:12.050000Z,0.138
593,20190121T154013Z,1J.TI3C.,"['CH1', 'CH2', 'CHZ']",2019-01-21T15:40:13.712000Z,0.186
594,20190121T154139Z,1J.TI3C.,"['CH1', 'CH2', 'CHZ']",2019-01-21T15:41:39.398000Z,0.128
595,20190121T154229Z,1J.TI3C.,"['CH1', 'CH2', 'CHZ']",2019-01-21T15:42:29.192000Z,0.18
596,20190121T154321Z,1J.TI3C.,"['CH1', 'CH2', 'CHZ']",2019-01-21T15:43:21.018000Z,0.118
597,20190121T154404Z,1J.TI3C.,"['CH1', 'CH2', 'CHZ']",2019-01-21T15:44:04.142000Z,0.136
598,20190121T154443Z,1J.TI3C.,"['CH1', 'CH2', 'CHZ']",2019-01-21T15:44:43.218000Z,0.1
599,20190121T154543Z,1J.TI3C.,"['CH1', 'CH2', 'CHZ']",2019-01-21T15:45:43.696000Z,0.226
600,20190121T154629Z,1J.TI3C.,"['CH1', 'CH2', 'CHZ']",2019-01-21T15:46:29.158000Z,0.202
601,20190121T154712Z,1J.TI3C.,"['CH1', 'CH2', 'CHZ']",2019-01-21T15:47:12.828000Z,0.156
602,20190121T154756Z,1J.TI3C.,"['CH1', 'CH2', 'CHZ']",2019-01-21T15:47:56.508000Z,0.16
603,20190121T154843Z,1J.TI3C.,"['CH1', 'CH2', 'CHZ']",2019-01-21T15:48:43.416000Z,0.206
604,20190121T154930Z,1J.TI3C.,"['CH1', 'CH2', 'CHZ']",2019-01-21T15:49:30.298000Z,0.238
605,20190121T155008Z,1J.TI3C.,"['CH1', 'CH2', 'CHZ']",2019-01-21T15:50:08.460000Z,0.18
606,20190121T155056Z,1J.TI3C.,"['CH1', 'CH2', 'CHZ']",2019-01-21T15:50:56.806000Z,9.16
607,20190121T155205Z,1J.TI3C.,"['CH1', 'CH2', 'CHZ']",2019-01-21T15:52:06.028000Z,0.288
608,20190121T155305Z,1J.TI3C.,"['CH1', 'CH2', 'CHZ']",2019-01-21T15:53:05.808000Z,0.304
609,20190121T155352Z,1J.TI3C.,"['CH1', 'CH2', 'CHZ']",2019-01-21T15:53:52.098000Z,0.206
610,20190121T155456Z,1J.TI3C.,"['CH1', 'CH2', 'CHZ']",2019-01-21T15:54:56.524000Z,0.214
611,20190121T155536Z,1J.TI3C.,"['CH1', 'CH2', 'CHZ']",2019-01-21T15:55:36.274000Z,0.172
612,20190121T155601Z,1J.TI3C.,"['CH1', 'CH2', 'CHZ']",2019-01-21T15:56:01.534000Z,2.588
613,20190121T155623Z,1J.TI3C.,"['CH1', 'CH2', 'CHZ']",2019-01-21T15:56:23.600000Z,0.256
614,20190121T155709Z,1J.TI3C.,"['CH1', 'CH2', 'CHZ']",2019-01-21T15:57:09.960000Z,11.404
615,20190121T155730Z,1J.TI3C.,"['CH1', 'CH2', 'CHZ']",2019-01-21T15:57:30.480000Z,0.168
616,20190121T155819Z,1J.TI3C.,"['CH1', 'CH2', 'CHZ']",2019-01-21T15:58:19.536000Z,0.254
617,20190121T155917Z,1J.TI3C.,"['CH1', 'CH2', 'CHZ']",2019-01-21T15:59:17.736000Z,0.286
618,20190121T160005Z,1J.TI3C.,"['CH1', 'CH2', 'CHZ']",2019-01-21T16:00:05.708000Z,0.154
619,20190121T160048Z,1J.TI3C.,"['CH1', 'CH2', 'CHZ']",2019-01-21T16:00:48.948000Z,0.17
620,20190121T160137Z,1J.TI3C.,"['CH1', 'CH2', 'CHZ']",2019-01-21T16:01:37.278000Z,0.242
621,20190121T160232Z,1J.TI3C.,"['CH1', 'CH2', 'CHZ']",2019-01-21T16:02:32.918000Z,0.194
622,20190121T160314Z,1J.TI3C.,"['CH1', 'CH2', 'CHZ']",2019-01-21T16:03:14.106000Z,0.142
623,20190121T160428Z,1J.TI3C.,"['CH1', 'CH2', 'CHZ']",2019-01-21T16:04:28.922000Z,0.14
624,20190121T160628Z,1J.TI3C.,"['CH1', 'CH2', 'CHZ']",2019-01-21T16:06:28.786000Z,0.184
625,20190121T160716Z,1J.TI3C.,"['CH1', 'CH2', 'CHZ']",2019-01-21T16:07:16.682000Z,0.152
626,20190121T160903Z,1J.TI3C.,"['CH1', 'CH2', 'CHZ']",2019-01-21T16:09:03.292000Z,0.358
627,20190121T161050Z,1J.TI3C.,"['CH1', 'CH2', 'CHZ']",2019-01-21T16:10:50.174000Z,0.236
628,20190121T161139Z,1J.TI3C.,"['CH1', 'CH2', 'CHZ']",2019-01-21T16:11:39.544000Z,0.27
629,20190121T161331Z,1J.TI3C.,"['CH1', 'CH2', 'CHZ']",2019-01-21T16:13:31.410000Z,0.13
630,20190121T161410Z,1J.TI3C.,"['CH1', 'CH2', 'CHZ']",2019-01-21T16:14:10.202000Z,1.914
631,20190121T161846Z,1J.TI3C.,"['CH1', 'CH2', 'CHZ']",2019-01-21T16:18:46.962000Z,0.154
632,20190121T161930Z,1J.TI3C.,"['CH1', 'CH2', 'CHZ']",2019-01-21T16:19:30.858000Z,0.152
633,20190121T162109Z,1J.TI3C.,"['CH1', 'CH2', 'CHZ']",2019-01-21T16:21:09.180000Z,18.348
634,20190121T162233Z,1J.TI3C.,"['CH1', 'CH2', 'CHZ']",2019-01-21T16:22:33.476000Z,0.158
635,20190121T162320Z,1J.TI3C.,"['CH1', 'CH2', 'CHZ']",2019-01-21T16:23:20.192000Z,0.17
636,20190121T162427Z,1J.TI3C.,"['CH1', 'CH2', 'CHZ']",2019-01-21T16:24:27.474000Z,0.156
637,20190121T162510Z,1J.TI3C.,"['CH1', 'CH2', 'CHZ']",2019-01-21T16:25:10.766000Z,0.15
638,20190121T162622Z,1J.TI3C.,"['CH1', 'CH2', 'CHZ']",2019-01-21T16:26:22.114000Z,0.27
639,20190121T162711Z,1J.TI3C.,"['CH1', 'CH2', 'CHZ']",2019-01-21T16:27:11.874000Z,0.264
640,20190121T162744Z,1J.TI3C.,"['CH1', 'CH2', 'CHZ']",2019-01-21T16:27:44.858000Z,0.17
641,20190121T163204Z,1J.TI3C.,"['CH1', 'CH2', 'CHZ']",2019-01-21T16:32:04.844000Z,0.182
642,20190121T163326Z,1J.TI3C.,"['CH1', 'CH2', 'CHZ']",2019-01-21T16:33:26.552000Z,4.542
643,20190121T163423Z,1J.TI3C.,"['CH1', 'CH2', 'CHZ']",2019-01-21T16:34:23.830000Z,0.392
644,20190121T163536Z,1J.TI3C.,"['CH1', 'CH2', 'CHZ']",2019-01-21T16:35:36.432000Z,0.216
645,20190121T163814Z,1J.TI3C.,"['CH1', 'CH2', 'CHZ']",2019-01-21T16:38:14.338000Z,0.142
646,20190121T163904Z,1J.TI3C.,"['CH1', 'CH2', 'CHZ']",2019-01-21T16:39:04.898000Z,12.91
647,20190121T164008Z,1J.TI3C.,"['CH1', 'CH2', 'CHZ']",2019-01-21T16:40:08.232000Z,15.934
648,20190121T164338Z,1J.TI3C.,"['CH1', 'CH2', 'CHZ']",2019-01-21T16:43:38.264000Z,4.174
649,20190121T164438Z,1J.TI3C.,"['CH1', 'CH2', 'CHZ']",2019-01-21T16:44:38.318000Z,0.17
650,20190121T164919Z,1J.TI3C.,"['CH1', 'CH2', 'CHZ']",2019-01-21T16:49:19.470000Z,0.152
651,20190121T165231Z,1J.TI3C.,"['CH1', 'CH2', 'CHZ']",2019-01-21T16:52:31.294000Z,0.182
652,20190121T165321Z,1J.TI3C.,"['CH1', 'CH2', 'CHZ']",2019-01-21T16:53:21.140000Z,0.134
653,20190121T165513Z,1J.TI3C.,"['CH1', 'CH2', 'CHZ']",2019-01-21T16:55:13.210000Z,0.142
654,20190121T165743Z,1J.TI3C.,"['CH1', 'CH2', 'CHZ']",2019-01-21T16:57:43.672000Z,0.148
655,20190121T170053Z,1J.TI3C.,"['CH1', 'CH2', 'CHZ']",2019-01-21T17:00:54.010000Z,3.344
656,20190121T170700Z,1J.TI3C.,"['CH1', 'CH2', 'CHZ']",2019-01-21T17:07:00.900000Z,0.196
657,20190121T170814Z,1J.TI3C.,"['CH1', 'CH2', 'CHZ']",2019-01-21T17:08:14.440000Z,0.128
658,20190121T171023Z,1J.TI3C.,"['CH1', 'CH2', 'CHZ']",2019-01-21T17:10:23.856000Z,0.142
659,20190121T171142Z,1J.TI3C.,"['CH1', 'CH2', 'CHZ']",2019-01-21T17:11:42.046000Z,0.136
660,20190121T171249Z,1J.TI3C.,"['CH1', 'CH2', 'CHZ']",2019-01-21T17:12:49.178000Z,0.128
661,20190121T171604Z,1J.TI3C.,"['CH1', 'CH2', 'CHZ']",2019-01-21T17:16:04.182000Z,0.116
662,20190121T171756Z,1J.TI3C.,"['CH1', 'CH2', 'CHZ']",2019-01-21T17:17:56.202000Z,0.162
663,20190121T172012Z,1J.TI3C.,"['CH1', 'CH2', 'CHZ']",2019-01-21T17:20:12.890000Z,0.144
664,20190121T172144Z,1J.TI3C.,"['CH1', 'CH2', 'CHZ']",2019-01-21T17:21:44.668000Z,0.164
665,20190121T172208Z,1J.TI3C.,"['CH1', 'CH2', 'CHZ']",2019-01-21T17:22:08.326000Z,8.158
666,20190121T172418Z,1J.TI3C.,"['CH1', 'CH2', 'CHZ']",2019-01-21T17:24:18.172000Z,16.286
667,20190121T173013Z,1J.TI3C.,"['CH1', 'CH2', 'CHZ']",2019-01-21T17:30:13.548000Z,0.174
668,20190121T173124Z,1J.TI3C.,"['CH1', 'CH2', 'CHZ']",2019-01-21T17:31:24.178000Z,0.208
669,20190121T173320Z,1J.TI3C.,"['CH1', 'CH2', 'CHZ']",2019-01-21T17:33:20.068000Z,0.154
670,20190121T173507Z,1J.TI3C.,"['CH1', 'CH2', 'CHZ']",2019-01-21T17:35:07.324000Z,6.888
671,20190121T174324Z,1J.TI3C.,"['CH1', 'CH2', 'CHZ']",2019-01-21T17:43:24.138000Z,0.152
672,20190121T174847Z,1J.TI3C.,"['CH1', 'CH2', 'CHZ']",2019-01-21T17:48:47.784000Z,3.0
673,20190121T174950Z,1J.TI3C.,"['CH1', 'CH2', 'CHZ']",2019-01-21T17:49:50.978000Z,0.144
674,20190121T175526Z,1J.TI3C.,"['CH1', 'CH2', 'CHZ']",2019-01-21T17:55:26.680000Z,0.184
675,20190121T175612Z,1J.TI3C.,"['CH1', 'CH2', 'CHZ']",2019-01-21T17:56:12.414000Z,0.146
676,20190121T175734Z,1J.TI3C.,"['CH1', 'CH2', 'CHZ']",2019-01-21T17:57:34.808000Z,0.138
677,20190121T180105Z,1J.TI3C.,"['CH1', 'CH2', 'CHZ']",2019-01-21T18:01:05.356000Z,0.224
678,20190121T180127Z,1J.TI3C.,"['CH1', 'CH2', 'CHZ']",2019-01-21T18:01:27.662000Z,4.718
679,20190121T180230Z,1J.TI3C.,"['CH1', 'CH2', 'CHZ']",2019-01-21T18:02:30.310000Z,0.144
680,20190121T180313Z,1J.TI3C.,"['CH1', 'CH2', 'CHZ']",2019-01-21T18:03:13.004000Z,0.142
681,20190121T180400Z,1J.TI3C.,"['CH1', 'CH2', 'CHZ']",2019-01-21T18:04:00.268000Z,5.866
682,20190121T180443Z,1J.TI3C.,"['CH1', 'CH2', 'CHZ']",2019-01-21T18:04:43.166000Z,0.134
683,20190121T180600Z,1J.TI3C.,"['CH1', 'CH2', 'CHZ']",2019-01-21T18:06:00.974000Z,0.17
684,20190121T181235Z,1J.TI3C.,"['CH1', 'CH2', 'CHZ']",2019-01-21T18:12:35.346000Z,0.15
685,20190121T181708Z,1J.TI3C.,"['CH1', 'CH2', 'CHZ']",2019-01-21T18:17:09.010000Z,8.654
686,20190121T182020Z,1J.TI3C.,"['CH1', 'CH2', 'CHZ']",2019-01-21T18:20:19.994000Z,3.122
687,20190121T183908Z,1J.TI3C.,"['CH1', 'CH2', 'CHZ']",2019-01-21T18:39:08.276000Z,5.132
688,20190121T184031Z,1J.TI3C.,"['CH1', 'CH2', 'CHZ']",2019-01-21T18:40:31.976000Z,12.57
689,20190121T184156Z,1J.TI3C.,"['CH1', 'CH2', 'CHZ']",2019-01-21T18:41:56.448000Z,3.432
690,20190121T184754Z,1J.TI3C.,"['CH1', 'CH2', 'CHZ']",2019-01-21T18:47:54.294000Z,24.614
691,20190121T185359Z,1J.TI3C.,"['CH1', 'CH2', 'CHZ']",2019-01-21T18:53:59.514000Z,4.894
692,20190121T185504Z,1J.TI3C.,"['CH1', 'CH2', 'CHZ']",2019-01-21T18:55:04.838000Z,1.302
693,20190121T190446Z,1J.TI3C.,"['CH1', 'CH2', 'CHZ']",2019-01-21T19:04:46.400000Z,3.694
694,20190121T191425Z,1J.TI3C.,"['CH1', 'CH2', 'CHZ']",2019-01-21T19:14:25.344000Z,4.932
695,20190121T194054Z,1J.TI3C.,"['CH1', 'CH2', 'CHZ']",2019-01-21T19:40:54.260000Z,9.176
696,20190121T194315Z,1J.TI3C.,"['CH1', 'CH2', 'CHZ']",2019-01-21T19:43:16.074000Z,16.128
697,20190121T194343Z,1J.TI3C.,"['CH1', 'CH2', 'CHZ']",2019-01-21T19:43:43.828000Z,17.484
698,20190121T200251Z,1J.TI3C.,"['CH1', 'CH2', 'CHZ']",2019-01-21T20:02:51.918000Z,12.938
699,20190121T200525Z,1J.TI3C.,"['CH1', 'CH2', 'CHZ']",2019-01-21T20:05:25.914000Z,21.004
700,20190121T201052Z,1J.TI3C.,"['CH1', 'CH2', 'CHZ']",2019-01-21T20:10:53.004000Z,0.65
701,20190121T202442Z,1J.TI3C.,"['CH1', 'CH2', 'CHZ']",2019-01-21T20:24:42.538000Z,5.816
702,20190121T202805Z,1J.TI3C.,"['CH1', 'CH2', 'CHZ']",2019-01-21T20:28:05.640000Z,5.152
703,20190121T203040Z,1J.TI3C.,"['CH1', 'CH2', 'CHZ']",2019-01-21T20:30:40.644000Z,4.34
704,20190121T203747Z,1J.TI3C.,"['CH1', 'CH2', 'CHZ']",2019-01-21T20:37:47.698000Z,3.418
705,20190121T204119Z,1J.TI3C.,"['CH1', 'CH2', 'CHZ']",2019-01-21T20:41:19.914000Z,2.626
706,20190121T205532Z,1J.TI3C.,"['CH1', 'CH2', 'CHZ']",2019-01-21T20:55:32.070000Z,0.31
707,20190121T211505Z,1J.TI3C.,"['CH1', 'CH2', 'CHZ']",2019-01-21T21:15:05.254000Z,19.198
708,20190121T212203Z,1J.TI3C.,"['CH1', 'CH2', 'CHZ']",2019-01-21T21:22:03.262000Z,5.488
709,20190121T212742Z,1J.TI3C.,"['CH1', 'CH2', 'CHZ']",2019-01-21T21:27:42.646000Z,20.684
710,20190121T212840Z,1J.TI3C.,"['CH1', 'CH2', 'CHZ']",2019-01-21T21:28:40.778000Z,2.302
711,20190121T213905Z,1J.TI3C.,"['CH1', 'CH2', 'CHZ']",2019-01-21T21:39:05.598000Z,14.13
712,20190121T214317Z,1J.TI3C.,"['CH1', 'CH2', 'CHZ']",2019-01-21T21:43:17.312000Z,5.448
713,20190121T215644Z,1J.TI3C.,"['CH1', 'CH2', 'CHZ']",2019-01-21T21:56:43.990000Z,3.698
714,20190121T225729Z,1J.TI3C.,"['CH1', 'CH2', 'CHZ']",2019-01-21T22:57:29.342000Z,3.048
715,20190121T231956Z,1J.TI3C.,"['CH1', 'CH2', 'CHZ']",2019-01-21T23:19:56.240000Z,3.072
716,20190121T232238Z,1J.TI3C.,"['CH1', 'CH2', 'CHZ']",2019-01-21T23:22:38.930000Z,2.752
717,20190121T232315Z,1J.TI3C.,"['CH1', 'CH2', 'CHZ']",2019-01-21T23:23:15.966000Z,2.588
718,20190121T232441Z,1J.TI3C.,"['CH1', 'CH2', 'CHZ']",2019-01-21T23:24:42.026000Z,18.972
719,20190121T233512Z,1J.TI3C.,"['CH1', 'CH2', 'CHZ']",2019-01-21T23:35:12.802000Z,3.052
720,20190121T234531Z,1J.TI3C.,"['CH1', 'CH2', 'CHZ']",2019-01-21T23:45:31.804000Z,13.558
721,20190121T234802Z,1J.TI3C.,"['CH1', 'CH2', 'CHZ']",2019-01-21T23:48:02.630000Z,0.34
722,20190121T235057Z,1J.TI3C.,"['CH1', 'CH2', 'CHZ']",2019-01-21T23:50:57.648000Z,11.178
723,20190121T235751Z,1J.TI3C.,"['CH1', 'CH2', 'CHZ']",2019-01-21T23:57:51.404000Z,4.088
724,20190121T235910Z,1J.TI3C.,"['CH1', 'CH2', 'CHZ']",2019-01-21T23:59:10.342000Z,6.922
725,20190121T000159Z,1J.TI3B.,"['CH1', 'CH2', 'CHZ']",2019-01-21T00:01:59.304000Z,6.152
726,20190121T000425Z,1J.TI3B.,"['CH1', 'CH2', 'CHZ']",2019-01-21T00:04:25.720000Z,0.262
727,20190121T000703Z,1J.TI3B.,"['CH1', 'CH2', 'CHZ']",2019-01-21T00:07:03.668000Z,14.424
728,20190121T001459Z,1J.TI3B.,"['CH1', 'CH2', 'CHZ']",2019-01-21T00:14:59.734000Z,13.796
729,20190121T001518Z,1J.TI3B.,"['CH1', 'CH2', 'CHZ']",2019-01-21T00:15:18.552000Z,14.66
730,20190121T002305Z,1J.TI3B.,"['CH1', 'CH2', 'CHZ']",2019-01-21T00:23:06.056000Z,16.574
731,20190121T002746Z,1J.TI3B.,"['CH1', 'CH2', 'CHZ']",2019-01-21T00:27:46.336000Z,6.522
732,20190121T003447Z,1J.TI3B.,"['CH1', 'CH2', 'CHZ']",2019-01-21T00:34:46.636000Z,19.648
733,20190121T003546Z,1J.TI3B.,"['CH1', 'CH2', 'CHZ']",2019-01-21T00:35:46.894000Z,2.5
734,20190121T003657Z,1J.TI3B.,"['CH1', 'CH2', 'CHZ']",2019-01-21T00:36:57.378000Z,0.884
735,20190121T003932Z,1J.TI3B.,"['CH1', 'CH2', 'CHZ']",2019-01-21T00:39:33.024000Z,2.804
736,20190121T004530Z,1J.TI3B.,"['CH1', 'CH2', 'CHZ']",2019-01-21T00:45:30.344000Z,29.742
737,20190121T005130Z,1J.TI3B.,"['CH1', 'CH2', 'CHZ']",2019-01-21T00:51:30.920000Z,4.224
738,20190121T005510Z,1J.TI3B.,"['CH1', 'CH2', 'CHZ']",2019-01-21T00:55:10.926000Z,0.11
739,20190121T005516Z,1J.TI3B.,"['CH1', 'CH2', 'CHZ']",2019-01-21T00:55:16.708000Z,7.094
740,20190121T005911Z,1J.TI3B.,"['CH1', 'CH2', 'CHZ']",2019-01-21T00:59:11.930000Z,0.096
741,20190121T010212Z,1J.TI3B.,"['CH1', 'CH2', 'CHZ']",2019-01-21T01:02:12.352000Z,10.192
742,20190121T010352Z,1J.TI3B.,"['CH1', 'CH2', 'CHZ']",2019-01-21T01:03:53.000000Z,0.102
743,20190121T010420Z,1J.TI3B.,"['CH1', 'CH2', 'CHZ']",2019-01-21T01:04:20.450000Z,21.588
744,20190121T010722Z,1J.TI3B.,"['CH1', 'CH2', 'CHZ']",2019-01-21T01:07:22.508000Z,0.106
745,20190121T010758Z,1J.TI3B.,"['CH1', 'CH2', 'CHZ']",2019-01-21T01:07:58.604000Z,6.772
746,20190121T010906Z,1J.TI3B.,"['CH1', 'CH2', 'CHZ']",2019-01-21T01:09:06.354000Z,0.31
747,20190121T010940Z,1J.TI3B.,"['CH1', 'CH2', 'CHZ']",2019-01-21T01:09:40.502000Z,0.094
748,20190121T011529Z,1J.TI3B.,"['CH1', 'CH2', 'CHZ']",2019-01-21T01:15:29.872000Z,5.26
749,20190121T011545Z,1J.TI3B.,"['CH1', 'CH2', 'CHZ']",2019-01-21T01:15:45.238000Z,9.948
750,20190121T012133Z,1J.TI3B.,"['CH1', 'CH2', 'CHZ']",2019-01-21T01:21:33.784000Z,0.112
751,20190121T012341Z,1J.TI3B.,"['CH1', 'CH2', 'CHZ']",2019-01-21T01:23:41.866000Z,0.106
752,20190121T013401Z,1J.TI3B.,"['CH1', 'CH2', 'CHZ']",2019-01-21T01:34:01.966000Z,14.484
753,20190121T013628Z,1J.TI3B.,"['CH1', 'CH2', 'CHZ']",2019-01-21T01:36:28.418000Z,19.602
754,20190121T014620Z,1J.TI3B.,"['CH1', 'CH2', 'CHZ']",2019-01-21T01:46:20.122000Z,23.166
755,20190121T015940Z,1J.TI3B.,"['CH1', 'CH2', 'CHZ']",2019-01-21T01:59:40.684000Z,6.932
756,20190121T020200Z,1J.TI3B.,"['CH1', 'CH2', 'CHZ']",2019-01-21T02:02:00.066000Z,10.668
757,20190121T021101Z,1J.TI3B.,"['CH1', 'CH2', 'CHZ']",2019-01-21T02:11:01.304000Z,13.614
758,20190121T022004Z,1J.TI3B.,"['CH1', 'CH2', 'CHZ']",2019-01-21T02:20:04.282000Z,9.954
759,20190121T023338Z,1J.TI3B.,"['CH1', 'CH2', 'CHZ']",2019-01-21T02:33:38.992000Z,19.854
760,20190121T024130Z,1J.TI3B.,"['CH1', 'CH2', 'CHZ']",2019-01-21T02:41:30.510000Z,16.132
761,20190121T025151Z,1J.TI3B.,"['CH1', 'CH2', 'CHZ']",2019-01-21T02:51:51.834000Z,15.196
762,20190121T025923Z,1J.TI3B.,"['CH1', 'CH2', 'CHZ']",2019-01-21T02:59:23.672000Z,8.728
763,20190121T030210Z,1J.TI3B.,"['CH1', 'CH2', 'CHZ']",2019-01-21T03:02:10.730000Z,10.478
764,20190121T031742Z,1J.TI3B.,"['CH1', 'CH2', 'CHZ']",2019-01-21T03:17:42.930000Z,11.648
765,20190121T032610Z,1J.TI3B.,"['CH1', 'CH2', 'CHZ']",2019-01-21T03:26:10.304000Z,10.102
766,20190121T033159Z,1J.TI3B.,"['CH1', 'CH2', 'CHZ']",2019-01-21T03:31:59.268000Z,12.76
767,20190121T033343Z,1J.TI3B.,"['CH1', 'CH2', 'CHZ']",2019-01-21T03:33:43.874000Z,3.4
768,20190121T035149Z,1J.TI3B.,"['CH1', 'CH2', 'CHZ']",2019-01-21T03:51:49.490000Z,9.836
769,20190121T035335Z,1J.TI3B.,"['CH1', 'CH2', 'CHZ']",2019-01-21T03:53:35.950000Z,15.65
770,20190121T035525Z,1J.TI3B.,"['CH1', 'CH2', 'CHZ']",2019-01-21T03:55:25.386000Z,4.674
771,20190121T040036Z,1J.TI3B.,"['CH1', 'CH2', 'CHZ']",2019-01-21T04:00:36.886000Z,7.09
772,20190121T040824Z,1J.TI3B.,"['CH1', 'CH2', 'CHZ']",2019-01-21T04:08:24.398000Z,3.168
773,20190121T042239Z,1J.TI3B.,"['CH1', 'CH2', 'CHZ']",2019-01-21T04:22:39.684000Z,0.102
774,20190121T042438Z,1J.TI3B.,"['CH1', 'CH2', 'CHZ']",2019-01-21T04:24:38.612000Z,8.262
775,20190121T042925Z,1J.TI3B.,"['CH1', 'CH2', 'CHZ']",2019-01-21T04:29:25.870000Z,2.918
776,20190121T043109Z,1J.TI3B.,"['CH1', 'CH2', 'CHZ']",2019-01-21T04:31:09.646000Z,16.198
777,20190121T043240Z,1J.TI3B.,"['CH1', 'CH2', 'CHZ']",2019-01-21T04:32:40.614000Z,5.032
778,20190121T043354Z,1J.TI3B.,"['CH1', 'CH2', 'CHZ']",2019-01-21T04:33:54.370000Z,0.102
779,20190121T043543Z,1J.TI3B.,"['CH1', 'CH2', 'CHZ']",2019-01-21T04:35:43.230000Z,7.86
780,20190121T043717Z,1J.TI3B.,"['CH1', 'CH2', 'CHZ']",2019-01-21T04:37:17.134000Z,0.124
781,20190121T043903Z,1J.TI3B.,"['CH1', 'CH2', 'CHZ']",2019-01-21T04:39:03.710000Z,0.086
782,20190121T044258Z,1J.TI3B.,"['CH1', 'CH2', 'CHZ']",2019-01-21T04:42:58.886000Z,0.118
783,20190121T044312Z,1J.TI3B.,"['CH1', 'CH2', 'CHZ']",2019-01-21T04:43:13.028000Z,0.16
784,20190121T044337Z,1J.TI3B.,"['CH1', 'CH2', 'CHZ']",2019-01-21T04:43:37.480000Z,1.358
785,20190121T044515Z,1J.TI3B.,"['CH1', 'CH2', 'CHZ']",2019-01-21T04:45:15.364000Z,11.574
786,20190121T045007Z,1J.TI3B.,"['CH1', 'CH2', 'CHZ']",2019-01-21T04:50:07.256000Z,0.11
787,20190121T045135Z,1J.TI3B.,"['CH1', 'CH2', 'CHZ']",2019-01-21T04:51:35.650000Z,0.106
788,20190121T045209Z,1J.TI3B.,"['CH1', 'CH2', 'CHZ']",2019-01-21T04:52:09.530000Z,0.712
789,20190121T045748Z,1J.TI3B.,"['CH1', 'CH2', 'CHZ']",2019-01-21T04:57:48.120000Z,0.09
790,20190121T050322Z,1J.TI3B.,"['CH1', 'CH2', 'CHZ']",2019-01-21T05:03:23.016000Z,7.838
791,20190121T050935Z,1J.TI3B.,"['CH1', 'CH2', 'CHZ']",2019-01-21T05:09:35.560000Z,0.092
792,20190121T051033Z,1J.TI3B.,"['CH1', 'CH2', 'CHZ']",2019-01-21T05:10:33.112000Z,8.3
793,20190121T051055Z,1J.TI3B.,"['CH1', 'CH2', 'CHZ']",2019-01-21T05:10:55.792000Z,18.968
794,20190121T051624Z,1J.TI3B.,"['CH1', 'CH2', 'CHZ']",2019-01-21T05:16:24.182000Z,2.682
795,20190121T053437Z,1J.TI3B.,"['CH1', 'CH2', 'CHZ']",2019-01-21T05:34:37.378000Z,5.736
796,20190121T053916Z,1J.TI3B.,"['CH1', 'CH2', 'CHZ']",2019-01-21T05:39:16.264000Z,0.114
797,20190121T054942Z,1J.TI3B.,"['CH1', 'CH2', 'CHZ']",2019-01-21T05:49:42.458000Z,0.11
798,20190121T055408Z,1J.TI3B.,"['CH1', 'CH2', 'CHZ']",2019-01-21T05:54:09.060000Z,8.066
799,20190121T055634Z,1J.TI3B.,"['CH1', 'CH2', 'CHZ']",2019-01-21T05:56:34.150000Z,11.448
800,20190121T055713Z,1J.TI3B.,"['CH1', 'CH2', 'CHZ']",2019-01-21T05:57:13.610000Z,1.434
801,20190121T055721Z,1J.TI3B.,"['CH1', 'CH2', 'CHZ']",2019-01-21T05:57:22.094000Z,5.46
802,20190121T055956Z,1J.TI3B.,"['CH1', 'CH2', 'CHZ']",2019-01-21T05:59:56.334000Z,3.466
803,20190121T061347Z,1J.TI3B.,"['CH1', 'CH2', 'CHZ']",2019-01-21T06:13:47.210000Z,12.98
804,20190121T061432Z,1J.TI3B.,"['CH1', 'CH2', 'CHZ']",2019-01-21T06:14:32.240000Z,2.626
805,20190121T061808Z,1J.TI3B.,"['CH1', 'CH2', 'CHZ']",2019-01-21T06:18:08.558000Z,4.362
806,20190121T062808Z,1J.TI3B.,"['CH1', 'CH2', 'CHZ']",2019-01-21T06:28:08.132000Z,14.07
807,20190121T063433Z,1J.TI3B.,"['CH1', 'CH2', 'CHZ']",2019-01-21T06:34:33.762000Z,21.98
808,20190121T064340Z,1J.TI3B.,"['CH1', 'CH2', 'CHZ']",2019-01-21T06:43:40.182000Z,8.356
809,20190121T065343Z,1J.TI3B.,"['CH1', 'CH2', 'CHZ']",2019-01-21T06:53:43.466000Z,5.144
810,20190121T065649Z,1J.TI3B.,"['CH1', 'CH2', 'CHZ']",2019-01-21T06:56:49.190000Z,4.178
811,20190121T065802Z,1J.TI3B.,"['CH1', 'CH2', 'CHZ']",2019-01-21T06:58:02.316000Z,15.794
812,20190121T065915Z,1J.TI3B.,"['CH1', 'CH2', 'CHZ']",2019-01-21T06:59:14.754000Z,2.176
813,20190121T070424Z,1J.TI3B.,"['CH1', 'CH2', 'CHZ']",2019-01-21T07:04:24.142000Z,1.586
814,20190121T071348Z,1J.TI3B.,"['CH1', 'CH2', 'CHZ']",2019-01-21T07:13:48.276000Z,10.852
815,20190121T071516Z,1J.TI3B.,"['CH1', 'CH2', 'CHZ']",2019-01-21T07:15:16.702000Z,1.482
816,20190121T071528Z,1J.TI3B.,"['CH1', 'CH2', 'CHZ']",2019-01-21T07:15:28.436000Z,12.038
817,20190121T071554Z,1J.TI3B.,"['CH1', 'CH2', 'CHZ']",2019-01-21T07:15:55.052000Z,16.884
818,20190121T072004Z,1J.TI3B.,"['CH1', 'CH2', 'CHZ']",2019-01-21T07:20:04.738000Z,5.366
819,20190121T072651Z,1J.TI3B.,"['CH1', 'CH2', 'CHZ']",2019-01-21T07:26:51.910000Z,7.648
820,20190121T073302Z,1J.TI3B.,"['CH1', 'CH2', 'CHZ']",2019-01-21T07:33:02.730000Z,18.454
821,20190121T074151Z,1J.TI3B.,"['CH1', 'CH2', 'CHZ']",2019-01-21T07:41:51.138000Z,6.842
822,20190121T074643Z,1J.TI3B.,"['CH1', 'CH2', 'CHZ']",2019-01-21T07:46:43.868000Z,5.718
823,20190121T074908Z,1J.TI3B.,"['CH1', 'CH2', 'CHZ']",2019-01-21T07:49:08.396000Z,1.798
824,20190121T082030Z,1J.TI3B.,"['CH1', 'CH2', 'CHZ']",2019-01-21T08:20:30.374000Z,14.566
825,20190121T082126Z,1J.TI3B.,"['CH1', 'CH2', 'CHZ']",2019-01-21T08:21:26.390000Z,0.26
826,20190121T082452Z,1J.TI3B.,"['CH1', 'CH2', 'CHZ']",2019-01-21T08:24:52.398000Z,3.614
827,20190121T082518Z,1J.TI3B.,"['CH1', 'CH2', 'CHZ']",2019-01-21T08:25:18.776000Z,15.696
828,20190121T082815Z,1J.TI3B.,"['CH1', 'CH2', 'CHZ']",2019-01-21T08:28:16.070000Z,5.976
829,20190121T083230Z,1J.TI3B.,"['CH1', 'CH2', 'CHZ']",2019-01-21T08:32:30.344000Z,19.772
830,20190121T083431Z,1J.TI3B.,"['CH1', 'CH2', 'CHZ']",2019-01-21T08:34:31.336000Z,3.902
831,20190121T083756Z,1J.TI3B.,"['CH1', 'CH2', 'CHZ']",2019-01-21T08:37:57.022000Z,0.422
832,20190121T084907Z,1J.TI3B.,"['CH1', 'CH2', 'CHZ']",2019-01-21T08:49:07.582000Z,7.906
833,20190121T085014Z,1J.TI3B.,"['CH1', 'CH2', 'CHZ']",2019-01-21T08:50:14.988000Z,7.082
834,20190121T085152Z,1J.TI3B.,"['CH1', 'CH2', 'CHZ']",2019-01-21T08:51:52.558000Z,19.18
835,20190121T085722Z,1J.TI3B.,"['CH1', 'CH2', 'CHZ']",2019-01-21T08:57:22.286000Z,4.5
836,20190121T090455Z,1J.TI3B.,"['CH1', 'CH2', 'CHZ']",2019-01-21T09:04:56.070000Z,7.076
837,20190121T091011Z,1J.TI3B.,"['CH1', 'CH2', 'CHZ']",2019-01-21T09:10:11.068000Z,21.852
838,20190121T091938Z,1J.TI3B.,"['CH1', 'CH2', 'CHZ']",2019-01-21T09:19:38.694000Z,10.198
839,20190121T092126Z,1J.TI3B.,"['CH1', 'CH2', 'CHZ']",2019-01-21T09:21:26.856000Z,0.124
840,20190121T092237Z,1J.TI3B.,"['CH1', 'CH2', 'CHZ']",2019-01-21T09:22:38.104000Z,0.086
841,20190121T092337Z,1J.TI3B.,"['CH1', 'CH2', 'CHZ']",2019-01-21T09:23:37.490000Z,0.126
842,20190121T093408Z,1J.TI3B.,"['CH1', 'CH2', 'CHZ']",2019-01-21T09:34:08.578000Z,7.664
843,20190121T093510Z,1J.TI3B.,"['CH1', 'CH2', 'CHZ']",2019-01-21T09:35:10.746000Z,0.134
844,20190121T093843Z,1J.TI3B.,"['CH1', 'CH2', 'CHZ']",2019-01-21T09:38:43.458000Z,0.134
845,20190121T093950Z,1J.TI3B.,"['CH1', 'CH2', 'CHZ']",2019-01-21T09:39:51.082000Z,0.13
846,20190121T094044Z,1J.TI3B.,"['CH1', 'CH2', 'CHZ']",2019-01-21T09:40:44.822000Z,15.056
847,20190121T094150Z,1J.TI3B.,"['CH1', 'CH2', 'CHZ']",2019-01-21T09:41:51.052000Z,0.09
848,20190121T094254Z,1J.TI3B.,"['CH1', 'CH2', 'CHZ']",2019-01-21T09:42:54.994000Z,0.124
849,20190121T094400Z,1J.TI3B.,"['CH1', 'CH2', 'CHZ']",2019-01-21T09:44:00.750000Z,0.122
850,20190121T094540Z,1J.TI3B.,"['CH1', 'CH2', 'CHZ']",2019-01-21T09:45:40.576000Z,5.402
851,20190121T094647Z,1J.TI3B.,"['CH1', 'CH2', 'CHZ']",2019-01-21T09:46:47.798000Z,0.088
852,20190121T095054Z,1J.TI3B.,"['CH1', 'CH2', 'CHZ']",2019-01-21T09:50:54.996000Z,0.096
853,20190121T095150Z,1J.TI3B.,"['CH1', 'CH2', 'CHZ']",2019-01-21T09:51:50.670000Z,0.15
854,20190121T095756Z,1J.TI3B.,"['CH1', 'CH2', 'CHZ']",2019-01-21T09:57:56.622000Z,8.386
855,20190121T095833Z,1J.TI3B.,"['CH1', 'CH2', 'CHZ']",2019-01-21T09:58:33.402000Z,8.058
856,20190121T095900Z,1J.TI3B.,"['CH1', 'CH2', 'CHZ']",2019-01-21T09:59:00.578000Z,28.208
857,20190121T100228Z,1J.TI3B.,"['CH1', 'CH2', 'CHZ']",2019-01-21T10:02:28.962000Z,0.106
858,20190121T100324Z,1J.TI3B.,"['CH1', 'CH2', 'CHZ']",2019-01-21T10:03:24.974000Z,0.092
859,20190121T100412Z,1J.TI3B.,"['CH1', 'CH2', 'CHZ']",2019-01-21T10:04:12.402000Z,0.156
860,20190121T100545Z,1J.TI3B.,"['CH1', 'CH2', 'CHZ']",2019-01-21T10:05:45.800000Z,0.106
861,20190121T100657Z,1J.TI3B.,"['CH1', 'CH2', 'CHZ']",2019-01-21T10:06:57.632000Z,20.31
862,20190121T100933Z,1J.TI3B.,"['CH1', 'CH2', 'CHZ']",2019-01-21T10:09:33.318000Z,0.074
863,20190121T101028Z,1J.TI3B.,"['CH1', 'CH2', 'CHZ']",2019-01-21T10:10:28.412000Z,0.106
864,20190121T101124Z,1J.TI3B.,"['CH1', 'CH2', 'CHZ']",2019-01-21T10:11:24.488000Z,5.292
865,20190121T101159Z,1J.TI3B.,"['CH1', 'CH2', 'CHZ']",2019-01-21T10:11:59.686000Z,0.096
866,20190121T101347Z,1J.TI3B.,"['CH1', 'CH2', 'CHZ']",2019-01-21T10:13:47.210000Z,0.114
867,20190121T101441Z,1J.TI3B.,"['CH1', 'CH2', 'CHZ']",2019-01-21T10:14:41.880000Z,0.104
868,20190121T101533Z,1J.TI3B.,"['CH1', 'CH2', 'CHZ']",2019-01-21T10:15:33.438000Z,0.176
869,20190121T101625Z,1J.TI3B.,"['CH1', 'CH2', 'CHZ']",2019-01-21T10:16:25.664000Z,0.136
870,20190121T102424Z,1J.TI3B.,"['CH1', 'CH2', 'CHZ']",2019-01-21T10:24:24.804000Z,0.096
871,20190121T102505Z,1J.TI3B.,"['CH1', 'CH2', 'CHZ']",2019-01-21T10:25:05.250000Z,0.094
872,20190121T102552Z,1J.TI3B.,"['CH1', 'CH2', 'CHZ']",2019-01-21T10:25:52.332000Z,0.128
873,20190121T102647Z,1J.TI3B.,"['CH1', 'CH2', 'CHZ']",2019-01-21T10:26:47.674000Z,0.126
874,20190121T102657Z,1J.TI3B.,"['CH1', 'CH2', 'CHZ']",2019-01-21T10:26:57.302000Z,9.09
875,20190121T102730Z,1J.TI3B.,"['CH1', 'CH2', 'CHZ']",2019-01-21T10:27:30.648000Z,0.174
876,20190121T102853Z,1J.TI3B.,"['CH1', 'CH2', 'CHZ']",2019-01-21T10:28:53.886000Z,21.912
877,20190121T102937Z,1J.TI3B.,"['CH1', 'CH2', 'CHZ']",2019-01-21T10:29:37.682000Z,0.146
878,20190121T103023Z,1J.TI3B.,"['CH1', 'CH2', 'CHZ']",2019-01-21T10:30:23.348000Z,0.106
879,20190121T103255Z,1J.TI3B.,"['CH1', 'CH2', 'CHZ']",2019-01-21T10:32:55.634000Z,0.116
880,20190121T103548Z,1J.TI3B.,"['CH1', 'CH2', 'CHZ']",2019-01-21T10:35:48.740000Z,0.092
881,20190121T103748Z,1J.TI3B.,"['CH1', 'CH2', 'CHZ']",2019-01-21T10:37:48.162000Z,8.584
882,20190121T103824Z,1J.TI3B.,"['CH1', 'CH2', 'CHZ']",2019-01-21T10:38:24.336000Z,2.56
883,20190121T105640Z,1J.TI3B.,"['CH1', 'CH2', 'CHZ']",2019-01-21T10:56:40.166000Z,0.106
884,20190121T105712Z,1J.TI3B.,"['CH1', 'CH2', 'CHZ']",2019-01-21T10:57:12.982000Z,7.038
885,20190121T105946Z,1J.TI3B.,"['CH1', 'CH2', 'CHZ']",2019-01-21T10:59:46.674000Z,2.78
886,20190121T110426Z,1J.TI3B.,"['CH1', 'CH2', 'CHZ']",2019-01-21T11:04:26.582000Z,2.856
887,20190121T111133Z,1J.TI3B.,"['CH1', 'CH2', 'CHZ']",2019-01-21T11:11:33.448000Z,12.31
888,20190121T111337Z,1J.TI3B.,"['CH1', 'CH2', 'CHZ']",2019-01-21T11:13:37.396000Z,8.298
889,20190121T112358Z,1J.TI3B.,"['CH1', 'CH2', 'CHZ']",2019-01-21T11:23:58.870000Z,8.8
890,20190121T112927Z,1J.TI3B.,"['CH1', 'CH2', 'CHZ']",2019-01-21T11:29:27.494000Z,2.814
891,20190121T113819Z,1J.TI3B.,"['CH1', 'CH2', 'CHZ']",2019-01-21T11:38:19.084000Z,0.086
892,20190121T114535Z,1J.TI3B.,"['CH1', 'CH2', 'CHZ']",2019-01-21T11:45:35.476000Z,0.11
893,20190121T120252Z,1J.TI3B.,"['CH1', 'CH2', 'CHZ']",2019-01-21T12:02:52.630000Z,6.462
894,20190121T120544Z,1J.TI3B.,"['CH1', 'CH2', 'CHZ']",2019-01-21T12:05:44.624000Z,2.706
895,20190121T122519Z,1J.TI3B.,"['CH1', 'CH2', 'CHZ']",2019-01-21T12:25:19.548000Z,12.886
896,20190121T123354Z,1J.TI3B.,"['CH1', 'CH2', 'CHZ']",2019-01-21T12:33:54.700000Z,5.262
897,20190121T124404Z,1J.TI3B.,"['CH1', 'CH2', 'CHZ']",2019-01-21T12:44:04.796000Z,15.168
898,20190121T124751Z,1J.TI3B.,"['CH1', 'CH2', 'CHZ']",2019-01-21T12:47:51.380000Z,16.144
899,20190121T124819Z,1J.TI3B.,"['CH1', 'CH2', 'CHZ']",2019-01-21T12:48:20.178000Z,0.646
900,20190121T125318Z,1J.TI3B.,"['CH1', 'CH2', 'CHZ']",2019-01-21T12:53:18.896000Z,5.268
901,20190121T131222Z,1J.TI3B.,"['CH1', 'CH2', 'CHZ']",2019-01-21T13:12:22.982000Z,8.304
902,20190121T131522Z,1J.TI3B.,"['CH1', 'CH2', 'CHZ']",2019-01-21T13:15:22.334000Z,0.388
903,20190121T132325Z,1J.TI3B.,"['CH1', 'CH2', 'CHZ']",2019-01-21T13:23:25.386000Z,17.288
904,20190121T132749Z,1J.TI3B.,"['CH1', 'CH2', 'CHZ']",2019-01-21T13:27:49.614000Z,0.116
905,20190121T133037Z,1J.TI3B.,"['CH1', 'CH2', 'CHZ']",2019-01-21T13:30:38.124000Z,7.464
906,20190121T133439Z,1J.TI3B.,"['CH1', 'CH2', 'CHZ']",2019-01-21T13:34:39.582000Z,0.126
907,20190121T133613Z,1J.TI3B.,"['CH1', 'CH2', 'CHZ']",2019-01-21T13:36:13.210000Z,0.352
908,20190121T133631Z,1J.TI3B.,"['CH1', 'CH2', 'CHZ']",2019-01-21T13:36:31.398000Z,0.12
909,20190121T133943Z,1J.TI3B.,"['CH1', 'CH2', 'CHZ']",2019-01-21T13:39:43.974000Z,0.11
910,20190121T134121Z,1J.TI3B.,"['CH1', 'CH2', 'CHZ']",2019-01-21T13:41:21.784000Z,0.09
911,20190121T134249Z,1J.TI3B.,"['CH1', 'CH2', 'CHZ']",2019-01-21T13:42:49.198000Z,0.138
912,20190121T134626Z,1J.TI3B.,"['CH1', 'CH2', 'CHZ']",2019-01-21T13:46:26.542000Z,20.564
913,20190121T134831Z,1J.TI3B.,"['CH1', 'CH2', 'CHZ']",2019-01-21T13:48:31.330000Z,0.11
914,20190121T134958Z,1J.TI3B.,"['CH1', 'CH2', 'CHZ']",2019-01-21T13:49:58.358000Z,0.098
915,20190121T135115Z,1J.TI3B.,"['CH1', 'CH2', 'CHZ']",2019-01-21T13:51:15.520000Z,0.142
916,20190121T135659Z,1J.TI3B.,"['CH1', 'CH2', 'CHZ']",2019-01-21T13:56:59.926000Z,0.138
917,20190121T135804Z,1J.TI3B.,"['CH1', 'CH2', 'CHZ']",2019-01-21T13:58:04.754000Z,0.21
918,20190121T135907Z,1J.TI3B.,"['CH1', 'CH2', 'CHZ']",2019-01-21T13:59:07.946000Z,0.126
919,20190121T140004Z,1J.TI3B.,"['CH1', 'CH2', 'CHZ']",2019-01-21T14:00:05.010000Z,0.136
920,20190121T140058Z,1J.TI3B.,"['CH1', 'CH2', 'CHZ']",2019-01-21T14:00:58.816000Z,0.114
921,20190121T140150Z,1J.TI3B.,"['CH1', 'CH2', 'CHZ']",2019-01-21T14:01:50.212000Z,0.152
922,20190121T140241Z,1J.TI3B.,"['CH1', 'CH2', 'CHZ']",2019-01-21T14:02:41.716000Z,0.132
923,20190121T140348Z,1J.TI3B.,"['CH1', 'CH2', 'CHZ']",2019-01-21T14:03:49.058000Z,0.13
924,20190121T140557Z,1J.TI3B.,"['CH1', 'CH2', 'CHZ']",2019-01-21T14:05:57.486000Z,0.146
925,20190121T140701Z,1J.TI3B.,"['CH1', 'CH2', 'CHZ']",2019-01-21T14:07:01.190000Z,0.148
926,20190121T140811Z,1J.TI3B.,"['CH1', 'CH2', 'CHZ']",2019-01-21T14:08:11.608000Z,0.334
927,20190121T140906Z,1J.TI3B.,"['CH1', 'CH2', 'CHZ']",2019-01-21T14:09:06.598000Z,0.168
928,20190121T140950Z,1J.TI3B.,"['CH1', 'CH2', 'CHZ']",2019-01-21T14:09:50.970000Z,0.104
929,20190121T141136Z,1J.TI3B.,"['CH1', 'CH2', 'CHZ']",2019-01-21T14:11:36.880000Z,14.284
930,20190121T141302Z,1J.TI3B.,"['CH1', 'CH2', 'CHZ']",2019-01-21T14:13:03.042000Z,0.27
931,20190121T141357Z,1J.TI3B.,"['CH1', 'CH2', 'CHZ']",2019-01-21T14:13:57.340000Z,0.152
932,20190121T141422Z,1J.TI3B.,"['CH1', 'CH2', 'CHZ']",2019-01-21T14:14:22.872000Z,3.592
933,20190121T141449Z,1J.TI3B.,"['CH1', 'CH2', 'CHZ']",2019-01-21T14:14:49.666000Z,16.25
934,20190121T141641Z,1J.TI3B.,"['CH1', 'CH2', 'CHZ']",2019-01-21T14:16:41.038000Z,13.576
935,20190121T141743Z,1J.TI3B.,"['CH1', 'CH2', 'CHZ']",2019-01-21T14:17:43.248000Z,0.124
936,20190121T141830Z,1J.TI3B.,"['CH1', 'CH2', 'CHZ']",2019-01-21T14:18:30.538000Z,0.29
937,20190121T141926Z,1J.TI3B.,"['CH1', 'CH2', 'CHZ']",2019-01-21T14:19:26.230000Z,0.234
938,20190121T142025Z,1J.TI3B.,"['CH1', 'CH2', 'CHZ']",2019-01-21T14:20:25.598000Z,0.198
939,20190121T142121Z,1J.TI3B.,"['CH1', 'CH2', 'CHZ']",2019-01-21T14:21:21.738000Z,0.268
940,20190121T142212Z,1J.TI3B.,"['CH1', 'CH2', 'CHZ']",2019-01-21T14:22:12.984000Z,0.202
941,20190121T142325Z,1J.TI3B.,"['CH1', 'CH2', 'CHZ']",2019-01-21T14:23:25.334000Z,0.254
942,20190121T142428Z,1J.TI3B.,"['CH1', 'CH2', 'CHZ']",2019-01-21T14:24:28.294000Z,0.174
943,20190121T142526Z,1J.TI3B.,"['CH1', 'CH2', 'CHZ']",2019-01-21T14:25:26.164000Z,0.186
944,20190121T142642Z,1J.TI3B.,"['CH1', 'CH2', 'CHZ']",2019-01-21T14:26:42.748000Z,0.274
945,20190121T142730Z,1J.TI3B.,"['CH1', 'CH2', 'CHZ']",2019-01-21T14:27:30.986000Z,0.116
946,20190121T142838Z,1J.TI3B.,"['CH1', 'CH2', 'CHZ']",2019-01-21T14:28:38.932000Z,0.224
947,20190121T142943Z,1J.TI3B.,"['CH1', 'CH2', 'CHZ']",2019-01-21T14:29:43.294000Z,0.238
948,20190121T143053Z,1J.TI3B.,"['CH1', 'CH2', 'CHZ']",2019-01-21T14:30:53.330000Z,0.222
949,20190121T143145Z,1J.TI3B.,"['CH1', 'CH2', 'CHZ']",2019-01-21T14:31:46.022000Z,0.302
950,20190121T143241Z,1J.TI3B.,"['CH1', 'CH2', 'CHZ']",2019-01-21T14:32:42.042000Z,0.242
951,20190121T143311Z,1J.TI3B.,"['CH1', 'CH2', 'CHZ']",2019-01-21T14:33:11.236000Z,0.22
952,20190121T143342Z,1J.TI3B.,"['CH1', 'CH2', 'CHZ']",2019-01-21T14:33:42.806000Z,0.118
953,20190121T143424Z,1J.TI3B.,"['CH1', 'CH2', 'CHZ']",2019-01-21T14:34:24.902000Z,0.148
954,20190121T143507Z,1J.TI3B.,"['CH1', 'CH2', 'CHZ']",2019-01-21T14:35:07.378000Z,0.328
955,20190121T143554Z,1J.TI3B.,"['CH1', 'CH2', 'CHZ']",2019-01-21T14:35:54.110000Z,0.22
956,20190121T143625Z,1J.TI3B.,"['CH1', 'CH2', 'CHZ']",2019-01-21T14:36:25.946000Z,0.102
957,20190121T143701Z,1J.TI3B.,"['CH1', 'CH2', 'CHZ']",2019-01-21T14:37:01.122000Z,0.084
958,20190121T143738Z,1J.TI3B.,"['CH1', 'CH2', 'CHZ']",2019-01-21T14:37:38.618000Z,0.148
959,20190121T143849Z,1J.TI3B.,"['CH1', 'CH2', 'CHZ']",2019-01-21T14:38:49.250000Z,0.11
960,20190121T143953Z,1J.TI3B.,"['CH1', 'CH2', 'CHZ']",2019-01-21T14:39:53.390000Z,0.1
961,20190121T144159Z,1J.TI3B.,"['CH1', 'CH2', 'CHZ']",2019-01-21T14:41:59.954000Z,7.742
962,20190121T144332Z,1J.TI3B.,"['CH1', 'CH2', 'CHZ']",2019-01-21T14:43:32.234000Z,0.142
963,20190121T144351Z,1J.TI3B.,"['CH1', 'CH2', 'CHZ']",2019-01-21T14:43:52.040000Z,0.398
964,20190121T144419Z,1J.TI3B.,"['CH1', 'CH2', 'CHZ']",2019-01-21T14:44:19.940000Z,16.106
965,20190121T144528Z,1J.TI3B.,"['CH1', 'CH2', 'CHZ']",2019-01-21T14:45:28.446000Z,2.606
966,20190121T144748Z,1J.TI3B.,"['CH1', 'CH2', 'CHZ']",2019-01-21T14:47:48.648000Z,0.106
967,20190121T144928Z,1J.TI3B.,"['CH1', 'CH2', 'CHZ']",2019-01-21T14:49:28.264000Z,0.084
968,20190121T145028Z,1J.TI3B.,"['CH1', 'CH2', 'CHZ']",2019-01-21T14:50:28.360000Z,0.106
969,20190121T145210Z,1J.TI3B.,"['CH1', 'CH2', 'CHZ']",2019-01-21T14:52:10.588000Z,0.116
970,20190121T145255Z,1J.TI3B.,"['CH1', 'CH2', 'CHZ']",2019-01-21T14:52:55.506000Z,0.156
971,20190121T145346Z,1J.TI3B.,"['CH1', 'CH2', 'CHZ']",2019-01-21T14:53:46.144000Z,0.152
972,20190121T145451Z,1J.TI3B.,"['CH1', 'CH2', 'CHZ']",2019-01-21T14:54:51.752000Z,0.146
973,20190121T145552Z,1J.TI3B.,"['CH1', 'CH2', 'CHZ']",2019-01-21T14:55:52.862000Z,0.13
974,20190121T145811Z,1J.TI3B.,"['CH1', 'CH2', 'CHZ']",2019-01-21T14:58:11.134000Z,0.116
975,20190121T145857Z,1J.TI3B.,"['CH1', 'CH2', 'CHZ']",2019-01-21T14:58:57.968000Z,6.552
976,20190121T145952Z,1J.TI3B.,"['CH1', 'CH2', 'CHZ']",2019-01-21T14:59:52.762000Z,0.108
977,20190121T150040Z,1J.TI3B.,"['CH1', 'CH2', 'CHZ']",2019-01-21T15:00:41.064000Z,0.09
978,20190121T150152Z,1J.TI3B.,"['CH1', 'CH2', 'CHZ']",2019-01-21T15:01:52.734000Z,0.204
979,20190121T150234Z,1J.TI3B.,"['CH1', 'CH2', 'CHZ']",2019-01-21T15:02:34.652000Z,0.12
980,20190121T150335Z,1J.TI3B.,"['CH1', 'CH2', 'CHZ']",2019-01-21T15:03:35.650000Z,0.142
981,20190121T150450Z,1J.TI3B.,"['CH1', 'CH2', 'CHZ']",2019-01-21T15:04:50.814000Z,0.288
982,20190121T150515Z,1J.TI3B.,"['CH1', 'CH2', 'CHZ']",2019-01-21T15:05:15.766000Z,7.918
983,20190121T150640Z,1J.TI3B.,"['CH1', 'CH2', 'CHZ']",2019-01-21T15:06:40.812000Z,0.128
984,20190121T150730Z,1J.TI3B.,"['CH1', 'CH2', 'CHZ']",2019-01-21T15:07:31.028000Z,0.126
985,20190121T150810Z,1J.TI3B.,"['CH1', 'CH2', 'CHZ']",2019-01-21T15:08:10.180000Z,17.312
986,20190121T150906Z,1J.TI3B.,"['CH1', 'CH2', 'CHZ']",2019-01-21T15:09:07.086000Z,0.176
987,20190121T151009Z,1J.TI3B.,"['CH1', 'CH2', 'CHZ']",2019-01-21T15:10:10.088000Z,0.172
988,20190121T151108Z,1J.TI3B.,"['CH1', 'CH2', 'CHZ']",2019-01-21T15:11:08.214000Z,0.232
989,20190121T151203Z,1J.TI3B.,"['CH1', 'CH2', 'CHZ']",2019-01-21T15:12:03.584000Z,0.106
990,20190121T151247Z,1J.TI3B.,"['CH1', 'CH2', 'CHZ']",2019-01-21T15:12:47.496000Z,0.114
991,20190121T151257Z,1J.TI3B.,"['CH1', 'CH2', 'CHZ']",2019-01-21T15:12:57.354000Z,3.166
992,20190121T151451Z,1J.TI3B.,"['CH1', 'CH2', 'CHZ']",2019-01-21T15:14:51.444000Z,0.26
993,20190121T151536Z,1J.TI3B.,"['CH1', 'CH2', 'CHZ']",2019-01-21T15:15:37.042000Z,0.22
994,20190121T151639Z,1J.TI3B.,"['CH1', 'CH2', 'CHZ']",2019-01-21T15:16:39.218000Z,0.242
995,20190121T151726Z,1J.TI3B.,"['CH1', 'CH2', 'CHZ']",2019-01-21T15:17:26.362000Z,0.094
996,20190121T151817Z,1J.TI3B.,"['CH1', 'CH2', 'CHZ']",2019-01-21T15:18:17.440000Z,4.006
997,20190121T151828Z,1J.TI3B.,"['CH1', 'CH2', 'CHZ']",2019-01-21T15:18:28.642000Z,0.12
998,20190121T151943Z,1J.TI3B.,"['CH1', 'CH2', 'CHZ']",2019-01-21T15:19:43.296000Z,0.228
999,20190121T152037Z,1J.TI3B.,"['CH1', 'CH2', 'CHZ']",2019-01-21T15:20:38.030000Z,0.186
1000,20190121T152133Z,1J.TI3B.,"['CH1', 'CH2', 'CHZ']",2019-01-21T15:21:33.146000Z,0.114
1001,20190121T152239Z,1J.TI3B.,"['CH1', 'CH2', 'CHZ']",2019-01-21T15:22:39.950000Z,0.13
1002,20190121T152335Z,1J.TI3B.,"['CH1', 'CH2', 'CHZ']",2019-01-21T15:23:35.220000Z,0.158
1003,20190121T152439Z,1J.TI3B.,"['CH1', 'CH2', 'CHZ']",2019-01-21T15:24:39.530000Z,0.132
1004,20190121T152543Z,1J.TI3B.,"['CH1', 'CH2', 'CHZ']",2019-01-21T15:25:43.956000Z,0.264
1005,20190121T152641Z,1J.TI3B.,"['CH1', 'CH2', 'CHZ']",2019-01-21T15:26:41.282000Z,0.138
1006,20190121T152717Z,1J.TI3B.,"['CH1', 'CH2', 'CHZ']",2019-01-21T15:27:17.444000Z,0.382
1007,20190121T152739Z,1J.TI3B.,"['CH1', 'CH2', 'CHZ']",2019-01-21T15:27:39.578000Z,0.138
1008,20190121T152828Z,1J.TI3B.,"['CH1', 'CH2', 'CHZ']",2019-01-21T15:28:28.558000Z,0.086
1009,20190121T152924Z,1J.TI3B.,"['CH1', 'CH2', 'CHZ']",2019-01-21T15:29:24.288000Z,0.17
1010,20190121T153011Z,1J.TI3B.,"['CH1', 'CH2', 'CHZ']",2019-01-21T15:30:11.382000Z,0.15
1011,20190121T153116Z,1J.TI3B.,"['CH1', 'CH2', 'CHZ']",2019-01-21T15:31:16.944000Z,0.126
1012,20190121T153210Z,1J.TI3B.,"['CH1', 'CH2', 'CHZ']",2019-01-21T15:32:10.354000Z,0.084
1013,20190121T153409Z,1J.TI3B.,"['CH1', 'CH2', 'CHZ']",2019-01-21T15:34:09.200000Z,0.148
1014,20190121T153455Z,1J.TI3B.,"['CH1', 'CH2', 'CHZ']",2019-01-21T15:34:55.222000Z,0.14
1015,20190121T153554Z,1J.TI3B.,"['CH1', 'CH2', 'CHZ']",2019-01-21T15:35:54.640000Z,0.148
1016,20190121T153648Z,1J.TI3B.,"['CH1', 'CH2', 'CHZ']",2019-01-21T15:36:48.582000Z,0.15
1017,20190121T153754Z,1J.TI3B.,"['CH1', 'CH2', 'CHZ']",2019-01-21T15:37:54.424000Z,0.254
1018,20190121T153912Z,1J.TI3B.,"['CH1', 'CH2', 'CHZ']",2019-01-21T15:39:12.114000Z,0.124
1019,20190121T154013Z,1J.TI3B.,"['CH1', 'CH2', 'CHZ']",2019-01-21T15:40:13.774000Z,0.206
1020,20190121T154139Z,1J.TI3B.,"['CH1', 'CH2', 'CHZ']",2019-01-21T15:41:39.462000Z,0.112
1021,20190121T154229Z,1J.TI3B.,"['CH1', 'CH2', 'CHZ']",2019-01-21T15:42:29.254000Z,0.196
1022,20190121T154321Z,1J.TI3B.,"['CH1', 'CH2', 'CHZ']",2019-01-21T15:43:21.082000Z,0.102
1023,20190121T154404Z,1J.TI3B.,"['CH1', 'CH2', 'CHZ']",2019-01-21T15:44:04.204000Z,0.14
1024,20190121T154443Z,1J.TI3B.,"['CH1', 'CH2', 'CHZ']",2019-01-21T15:44:43.280000Z,0.09
1025,20190121T154543Z,1J.TI3B.,"['CH1', 'CH2', 'CHZ']",2019-01-21T15:45:43.760000Z,0.14
1026,20190121T154629Z,1J.TI3B.,"['CH1', 'CH2', 'CHZ']",2019-01-21T15:46:29.224000Z,0.108
1027,20190121T154712Z,1J.TI3B.,"['CH1', 'CH2', 'CHZ']",2019-01-21T15:47:12.890000Z,0.132
1028,20190121T154756Z,1J.TI3B.,"['CH1', 'CH2', 'CHZ']",2019-01-21T15:47:56.572000Z,0.116
1029,20190121T154843Z,1J.TI3B.,"['CH1', 'CH2', 'CHZ']",2019-01-21T15:48:43.484000Z,0.13
1030,20190121T154930Z,1J.TI3B.,"['CH1', 'CH2', 'CHZ']",2019-01-21T15:49:30.366000Z,0.142
1031,20190121T155008Z,1J.TI3B.,"['CH1', 'CH2', 'CHZ']",2019-01-21T15:50:08.524000Z,0.13
1032,20190121T155056Z,1J.TI3B.,"['CH1', 'CH2', 'CHZ']",2019-01-21T15:50:56.874000Z,8.254
1033,20190121T155205Z,1J.TI3B.,"['CH1', 'CH2', 'CHZ']",2019-01-21T15:52:06.092000Z,0.192
1034,20190121T155305Z,1J.TI3B.,"['CH1', 'CH2', 'CHZ']",2019-01-21T15:53:05.872000Z,0.182
1035,20190121T155352Z,1J.TI3B.,"['CH1', 'CH2', 'CHZ']",2019-01-21T15:53:52.166000Z,0.122
1036,20190121T155456Z,1J.TI3B.,"['CH1', 'CH2', 'CHZ']",2019-01-21T15:54:56.588000Z,0.124
1037,20190121T155536Z,1J.TI3B.,"['CH1', 'CH2', 'CHZ']",2019-01-21T15:55:36.340000Z,0.14
1038,20190121T155601Z,1J.TI3B.,"['CH1', 'CH2', 'CHZ']",2019-01-21T15:56:01.592000Z,0.268
1039,20190121T155623Z,1J.TI3B.,"['CH1', 'CH2', 'CHZ']",2019-01-21T15:56:23.668000Z,0.208
1040,20190121T155709Z,1J.TI3B.,"['CH1', 'CH2', 'CHZ']",2019-01-21T15:57:09.876000Z,11.662
1041,20190121T155730Z,1J.TI3B.,"['CH1', 'CH2', 'CHZ']",2019-01-21T15:57:30.546000Z,0.132
1042,20190121T155819Z,1J.TI3B.,"['CH1', 'CH2', 'CHZ']",2019-01-21T15:58:19.602000Z,0.24
1043,20190121T155917Z,1J.TI3B.,"['CH1', 'CH2', 'CHZ']",2019-01-21T15:59:17.804000Z,0.154
1044,20190121T160005Z,1J.TI3B.,"['CH1', 'CH2', 'CHZ']",2019-01-21T16:00:05.772000Z,0.1
1045,20190121T160048Z,1J.TI3B.,"['CH1', 'CH2', 'CHZ']",2019-01-21T16:00:49.014000Z,0.134
1046,20190121T160137Z,1J.TI3B.,"['CH1', 'CH2', 'CHZ']",2019-01-21T16:01:37.346000Z,0.118
1047,20190121T160232Z,1J.TI3B.,"['CH1', 'CH2', 'CHZ']",2019-01-21T16:02:32.982000Z,0.14
1048,20190121T160314Z,1J.TI3B.,"['CH1', 'CH2', 'CHZ']",2019-01-21T16:03:14.174000Z,0.09
1049,20190121T160428Z,1J.TI3B.,"['CH1', 'CH2', 'CHZ']",2019-01-21T16:04:28.986000Z,0.12
1050,20190121T160628Z,1J.TI3B.,"['CH1', 'CH2', 'CHZ']",2019-01-21T16:06:28.850000Z,0.144
1051,20190121T160716Z,1J.TI3B.,"['CH1', 'CH2', 'CHZ']",2019-01-21T16:07:16.750000Z,0.096
1052,20190121T160903Z,1J.TI3B.,"['CH1', 'CH2', 'CHZ']",2019-01-21T16:09:03.356000Z,0.25
1053,20190121T161050Z,1J.TI3B.,"['CH1', 'CH2', 'CHZ']",2019-01-21T16:10:50.242000Z,0.14
1054,20190121T161139Z,1J.TI3B.,"['CH1', 'CH2', 'CHZ']",2019-01-21T16:11:39.610000Z,0.148
1055,20190121T161331Z,1J.TI3B.,"['CH1', 'CH2', 'CHZ']",2019-01-21T16:13:31.474000Z,0.102
1056,20190121T161410Z,1J.TI3B.,"['CH1', 'CH2', 'CHZ']",2019-01-21T16:14:10.122000Z,1.748
1057,20190121T161846Z,1J.TI3B.,"['CH1', 'CH2', 'CHZ']",2019-01-21T16:18:47.030000Z,0.106
1058,20190121T161930Z,1J.TI3B.,"['CH1', 'CH2', 'CHZ']",2019-01-21T16:19:30.926000Z,0.094
1059,20190121T162109Z,1J.TI3B.,"['CH1', 'CH2', 'CHZ']",2019-01-21T16:21:09.184000Z,18.26
1060,20190121T162233Z,1J.TI3B.,"['CH1', 'CH2', 'CHZ']",2019-01-21T16:22:33.542000Z,0.102
1061,20190121T162320Z,1J.TI3B.,"['CH1', 'CH2', 'CHZ']",2019-01-21T16:23:20.258000Z,0.12
1062,20190121T162427Z,1J.TI3B.,"['CH1', 'CH2', 'CHZ']",2019-01-21T16:24:27.542000Z,0.088
1063,20190121T162510Z,1J.TI3B.,"['CH1', 'CH2', 'CHZ']",2019-01-21T16:25:10.830000Z,0.1
1064,20190121T162622Z,1J.TI3B.,"['CH1', 'CH2', 'CHZ']",2019-01-21T16:26:22.178000Z,0.186
1065,20190121T162711Z,1J.TI3B.,"['CH1', 'CH2', 'CHZ']",2019-01-21T16:27:11.940000Z,0.178
1066,20190121T162744Z,1J.TI3B.,"['CH1', 'CH2', 'CHZ']",2019-01-21T16:27:44.922000Z,0.134
1067,20190121T163204Z,1J.TI3B.,"['CH1', 'CH2', 'CHZ']",2019-01-21T16:32:04.910000Z,0.128
1068,20190121T163326Z,1J.TI3B.,"['CH1', 'CH2', 'CHZ']",2019-01-21T16:33:26.532000Z,4.536
1069,20190121T163423Z,1J.TI3B.,"['CH1', 'CH2', 'CHZ']",2019-01-21T16:34:23.894000Z,0.27
1070,20190121T163536Z,1J.TI3B.,"['CH1', 'CH2', 'CHZ']",2019-01-21T16:35:36.500000Z,0.132
1071,20190121T163814Z,1J.TI3B.,"['CH1', 'CH2', 'CHZ']",2019-01-21T16:38:14.404000Z,0.154
1072,20190121T163904Z,1J.TI3B.,"['CH1', 'CH2', 'CHZ']",2019-01-21T16:39:04.962000Z,13.2
1073,20190121T164008Z,1J.TI3B.,"['CH1', 'CH2', 'CHZ']",2019-01-21T16:40:08.430000Z,15.74
1074,20190121T164338Z,1J.TI3B.,"['CH1', 'CH2', 'CHZ']",2019-01-21T16:43:38.326000Z,3.972
1075,20190121T164438Z,1J.TI3B.,"['CH1', 'CH2', 'CHZ']",2019-01-21T16:44:38.384000Z,0.124
1076,20190121T164919Z,1J.TI3B.,"['CH1', 'CH2', 'CHZ']",2019-01-21T16:49:19.534000Z,0.126
1077,20190121T165231Z,1J.TI3B.,"['CH1', 'CH2', 'CHZ']",2019-01-21T16:52:31.360000Z,0.124
1078,20190121T165321Z,1J.TI3B.,"['CH1', 'CH2', 'CHZ']",2019-01-21T16:53:21.208000Z,0.08
1079,20190121T165513Z,1J.TI3B.,"['CH1', 'CH2', 'CHZ']",2019-01-21T16:55:13.276000Z,0.094
1080,20190121T165743Z,1J.TI3B.,"['CH1', 'CH2', 'CHZ']",2019-01-21T16:57:43.736000Z,0.104
1081,20190121T170053Z,1J.TI3B.,"['CH1', 'CH2', 'CHZ']",2019-01-21T17:00:54.066000Z,3.296
1082,20190121T170700Z,1J.TI3B.,"['CH1', 'CH2', 'CHZ']",2019-01-21T17:07:00.968000Z,0.134
1083,20190121T170814Z,1J.TI3B.,"['CH1', 'CH2', 'CHZ']",2019-01-21T17:08:14.508000Z,0.088
1084,20190121T171023Z,1J.TI3B.,"['CH1', 'CH2', 'CHZ']",2019-01-21T17:10:23.920000Z,0.116
1085,20190121T171142Z,1J.TI3B.,"['CH1', 'CH2', 'CHZ']",2019-01-21T17:11:42.112000Z,0.094
1086,20190121T171249Z,1J.TI3B.,"['CH1', 'CH2', 'CHZ']",2019-01-21T17:12:49.246000Z,0.086
1087,20190121T171604Z,1J.TI3B.,"['CH1', 'CH2', 'CHZ']",2019-01-21T17:16:04.252000Z,0.072
1088,20190121T171756Z,1J.TI3B.,"['CH1', 'CH2', 'CHZ']",2019-01-21T17:17:56.266000Z,0.132
1089,20190121T172012Z,1J.TI3B.,"['CH1', 'CH2', 'CHZ']",2019-01-21T17:20:12.966000Z,0.078
1090,20190121T172144Z,1J.TI3B.,"['CH1', 'CH2', 'CHZ']",2019-01-21T17:21:44.732000Z,0.126
1091,20190121T172208Z,1J.TI3B.,"['CH1', 'CH2', 'CHZ']",2019-01-21T17:22:08.378000Z,7.482
1092,20190121T172418Z,1J.TI3B.,"['CH1', 'CH2', 'CHZ']",2019-01-21T17:24:18.920000Z,15.696
1093,20190121T173013Z,1J.TI3B.,"['CH1', 'CH2', 'CHZ']",2019-01-21T17:30:13.612000Z,0.174
1094,20190121T173124Z,1J.TI3B.,"['CH1', 'CH2', 'CHZ']",2019-01-21T17:31:24.242000Z,0.16
1095,20190121T173320Z,1J.TI3B.,"['CH1', 'CH2', 'CHZ']",2019-01-21T17:33:20.132000Z,0.118
1096,20190121T173507Z,1J.TI3B.,"['CH1', 'CH2', 'CHZ']",2019-01-21T17:35:07.382000Z,6.232
1097,20190121T174324Z,1J.TI3B.,"['CH1', 'CH2', 'CHZ']",2019-01-21T17:43:24.202000Z,0.096
1098,20190121T174847Z,1J.TI3B.,"['CH1', 'CH2', 'CHZ']",2019-01-21T17:48:47.798000Z,3.256
1099,20190121T174950Z,1J.TI3B.,"['CH1', 'CH2', 'CHZ']",2019-01-21T17:49:51.042000Z,0.178
1100,20190121T175526Z,1J.TI3B.,"['CH1', 'CH2', 'CHZ']",2019-01-21T17:55:26.746000Z,0.124
1101,20190121T175612Z,1J.TI3B.,"['CH1', 'CH2', 'CHZ']",2019-01-21T17:56:12.478000Z,0.1
1102,20190121T175734Z,1J.TI3B.,"['CH1', 'CH2', 'CHZ']",2019-01-21T17:57:34.874000Z,0.088
1103,20190121T180105Z,1J.TI3B.,"['CH1', 'CH2', 'CHZ']",2019-01-21T18:01:05.424000Z,0.156
1104,20190121T180127Z,1J.TI3B.,"['CH1', 'CH2', 'CHZ']",2019-01-21T18:01:27.730000Z,4.598
1105,20190121T180230Z,1J.TI3B.,"['CH1', 'CH2', 'CHZ']",2019-01-21T18:02:30.374000Z,0.104
1106,20190121T180313Z,1J.TI3B.,"['CH1', 'CH2', 'CHZ']",2019-01-21T18:03:13.068000Z,0.118
1107,20190121T180400Z,1J.TI3B.,"['CH1', 'CH2', 'CHZ']",2019-01-21T18:04:00.334000Z,5.542
1108,20190121T180443Z,1J.TI3B.,"['CH1', 'CH2', 'CHZ']",2019-01-21T18:04:43.230000Z,0.104
1109,20190121T180600Z,1J.TI3B.,"['CH1', 'CH2', 'CHZ']",2019-01-21T18:06:01.040000Z,0.108
1110,20190121T181235Z,1J.TI3B.,"['CH1', 'CH2', 'CHZ']",2019-01-21T18:12:35.422000Z,0.084
1111,20190121T181708Z,1J.TI3B.,"['CH1', 'CH2', 'CHZ']",2019-01-21T18:17:09.070000Z,7.972
1112,20190121T182020Z,1J.TI3B.,"['CH1', 'CH2', 'CHZ']",2019-01-21T18:20:20.086000Z,2.912
1113,20190121T183908Z,1J.TI3B.,"['CH1', 'CH2', 'CHZ']",2019-01-21T18:39:08.346000Z,4.918
1114,20190121T184031Z,1J.TI3B.,"['CH1', 'CH2', 'CHZ']",2019-01-21T18:40:31.476000Z,13.26
1115,20190121T184156Z,1J.TI3B.,"['CH1', 'CH2', 'CHZ']",2019-01-21T18:41:56.540000Z,3.38
1116,20190121T184754Z,1J.TI3B.,"['CH1', 'CH2', 'CHZ']",2019-01-21T18:47:54.934000Z,23.404
1117,20190121T185359Z,1J.TI3B.,"['CH1', 'CH2', 'CHZ']",2019-01-21T18:53:59.588000Z,4.73
1118,20190121T185504Z,1J.TI3B.,"['CH1', 'CH2', 'CHZ']",2019-01-21T18:55:04.806000Z,1.88
1119,20190121T190446Z,1J.TI3B.,"['CH1', 'CH2', 'CHZ']",2019-01-21T19:04:46.484000Z,3.126
1120,20190121T191425Z,1J.TI3B.,"['CH1', 'CH2', 'CHZ']",2019-01-21T19:14:25.362000Z,4.904
1121,20190121T194054Z,1J.TI3B.,"['CH1', 'CH2', 'CHZ']",2019-01-21T19:40:54.334000Z,9.174
1122,20190121T194315Z,1J.TI3B.,"['CH1', 'CH2', 'CHZ']",2019-01-21T19:43:16.056000Z,16.254
1123,20190121T194343Z,1J.TI3B.,"['CH1', 'CH2', 'CHZ']",2019-01-21T19:43:43.780000Z,17.166
1124,20190121T200251Z,1J.TI3B.,"['CH1', 'CH2', 'CHZ']",2019-01-21T20:02:51.886000Z,13.072
1125,20190121T200525Z,1J.TI3B.,"['CH1', 'CH2', 'CHZ']",2019-01-21T20:05:25.862000Z,20.734
1126,20190121T201052Z,1J.TI3B.,"['CH1', 'CH2', 'CHZ']",2019-01-21T20:10:53.010000Z,0.532
1127,20190121T202442Z,1J.TI3B.,"['CH1', 'CH2', 'CHZ']",2019-01-21T20:24:42.598000Z,5.232
1128,20190121T202805Z,1J.TI3B.,"['CH1', 'CH2', 'CHZ']",2019-01-21T20:28:05.704000Z,4.856
1129,20190121T203040Z,1J.TI3B.,"['CH1', 'CH2', 'CHZ']",2019-01-21T20:30:40.660000Z,5.118
1130,20190121T203747Z,1J.TI3B.,"['CH1', 'CH2', 'CHZ']",2019-01-21T20:37:47.786000Z,3.326
1131,20190121T204119Z,1J.TI3B.,"['CH1', 'CH2', 'CHZ']",2019-01-21T20:41:19.978000Z,2.438
1132,20190121T211505Z,1J.TI3B.,"['CH1', 'CH2', 'CHZ']",2019-01-21T21:15:05.254000Z,18.924
1133,20190121T212203Z,1J.TI3B.,"['CH1', 'CH2', 'CHZ']",2019-01-21T21:22:03.286000Z,5.4
1134,20190121T212742Z,1J.TI3B.,"['CH1', 'CH2', 'CHZ']",2019-01-21T21:27:42.652000Z,20.52
1135,20190121T212840Z,1J.TI3B.,"['CH1', 'CH2', 'CHZ']",2019-01-21T21:28:40.844000Z,2.298
1136,20190121T213905Z,1J.TI3B.,"['CH1', 'CH2', 'CHZ']",2019-01-21T21:39:05.648000Z,13.942
1137,20190121T214317Z,1J.TI3B.,"['CH1', 'CH2', 'CHZ']",2019-01-21T21:43:17.376000Z,5.356
1138,20190121T215644Z,1J.TI3B.,"['CH1', 'CH2', 'CHZ']",2019-01-21T21:56:44.158000Z,4.068
1139,20190121T223738Z,1J.TI3B.,"['CH1', 'CH2', 'CHZ']",2019-01-21T22:37:39.052000Z,6.022
1140,20190121T225729Z,1J.TI3B.,"['CH1', 'CH2', 'CHZ']",2019-01-21T22:57:28.988000Z,2.42
1141,20190121T231805Z,1J.TI3B.,"['CH1', 'CH2', 'CHZ']",2019-01-21T23:18:05.250000Z,4.506
1142,20190121T231956Z,1J.TI3B.,"['CH1', 'CH2', 'CHZ']",2019-01-21T23:19:56.282000Z,3.236
1143,20190121T232238Z,1J.TI3B.,"['CH1', 'CH2', 'CHZ']",2019-01-21T23:22:38.744000Z,2.8
1144,20190121T232315Z,1J.TI3B.,"['CH1', 'CH2', 'CHZ']",2019-01-21T23:23:16.032000Z,2.552
1145,20190121T232441Z,1J.TI3B.,"['CH1', 'CH2', 'CHZ']",2019-01-21T23:24:42.022000Z,18.906
1146,20190121T233512Z,1J.TI3B.,"['CH1', 'CH2', 'CHZ']",2019-01-21T23:35:12.890000Z,2.94
1147,20190121T234531Z,1J.TI3B.,"['CH1', 'CH2', 'CHZ']",2019-01-21T23:45:31.804000Z,13.6
1148,20190121T235057Z,1J.TI3B.,"['CH1', 'CH2', 'CHZ']",2019-01-21T23:50:57.662000Z,11.246
1149,20190121T235751Z,1J.TI3B.,"['CH1', 'CH2', 'CHZ']",2019-01-21T23:57:51.470000Z,4.876
1150,20190121T235910Z,1J.TI3B.,"['CH1', 'CH2', 'CHZ']",2019-01-21T23:59:10.342000Z,8.65
