,event_id,stations,network_time,ref_time,ref_duration,group
0,20190120T000001Z,"['1J.TI8A.', '1J.TI6A.']",0.0,2019-01-20T00:00:01.120000Z,18.6,0
1,20190120T000415Z,['1J.TI1A.'],0.0,2019-01-20T00:04:15.780000Z,11.52,0
2,20190120T000447Z,['1J.TI6A.'],0.0,2019-01-20T00:04:47.200000Z,14.05,0
3,20190120T001041Z,"['1J.TI8A.', '1J.TI1A.', '1J.TI3A.', '1J.TI6A.']",0.0,2019-01-20T00:10:41.130000Z,52.21,0
4,20190120T001257Z,"['1J.TI6A.', '1J.TI3A.', '1J.TI1A.']",0.0,2019-01-20T00:12:57.910000Z,3.59,0
5,20190120T001646Z,"['1J.TI3A.', '1J.TI6A.']",0.0,2019-01-20T00:16:46.850000Z,12.24,0
6,20190120T001956Z,['1J.TI3A.'],0.0,2019-01-20T00:19:56.040000Z,7.83,0
7,20190120T002247Z,['1J.TI8A.'],0.0,2019-01-20T00:22:47.560000Z,18.04,0
8,20190120T002619Z,['1J.TI1A.'],0.0,2019-01-20T00:26:19.880000Z,4.56,0
9,20190120T002652Z,"['1J.TI3A.', '1J.TI1A.', '1J.TI8A.', '1J.TI6A.', '1J.TI4A.']",0.0,2019-01-20T00:26:52.210000Z,55.37,0
10,20190120T002921Z,['1J.TI1A.'],0.0,2019-01-20T00:29:21.920000Z,3.35,0
11,20190120T003124Z,['1J.TI3A.'],0.0,2019-01-20T00:31:24.940000Z,1.52,0
12,20190120T003315Z,['1J.TI3A.'],0.0,2019-01-20T00:33:15.910000Z,4.76,0
13,20190120T003500Z,['1J.TI1A.'],0.0,2019-01-20T00:35:00.540000Z,10.46,0
14,20190120T003829Z,"['1J.TI3A.', '1J.TI6A.']",0.0,2019-01-20T00:38:29.200000Z,14.96,0
15,20190120T004102Z,['1J.TI3A.'],0.0,2019-01-20T00:41:02.820000Z,6.1,0
16,20190120T004251Z,['1J.TI8A.'],0.0,2019-01-20T00:42:51.330000Z,2.48,0
17,20190120T004344Z,['1J.TI1A.'],0.0,2019-01-20T00:43:44.660000Z,28.07,0
18,20190120T004631Z,"['1J.TI1A.', '1J.TI4A.', '1J.TI3A.']",0.0,2019-01-20T00:46:31.760000Z,14.9,0
19,20190120T004941Z,"['1J.TI1A.', '1J.TI4A.']",0.0,2019-01-20T00:49:41.020000Z,48.72,0
20,20190120T005152Z,['1J.TI8A.'],0.0,2019-01-20T00:51:52.960000Z,7.02,0
21,20190120T005553Z,['1J.TI4A.'],0.0,2019-01-20T00:55:53.040000Z,5.1,0
22,20190120T005758Z,['1J.TI8A.'],0.0,2019-01-20T00:57:58.010000Z,10.27,0
23,20190120T005944Z,['1J.TI1A.'],0.0,2019-01-20T00:59:44.790000Z,3.51,0
24,20190120T005951Z,['1J.TI8A.'],0.0,2019-01-20T00:59:51.160000Z,16.26,0
25,20190120T010216Z,"['1J.TI3A.', '1J.TI6A.']",0.0,2019-01-20T01:02:16.830000Z,17.74,0
26,20190120T010431Z,['1J.TI4A.'],0.0,2019-01-20T01:04:31.900000Z,2.38,0
27,20190120T010710Z,['1J.TI4A.'],0.0,2019-01-20T01:07:10.760000Z,4.22,0
28,20190120T010815Z,"['1J.TI4A.', '1J.TI8A.']",0.0,2019-01-20T01:08:15.760000Z,3.31,0
29,20190120T010944Z,['1J.TI3A.'],0.0,2019-01-20T01:09:44.400000Z,1.37,0
30,20190120T011037Z,['1J.TI3A.'],0.0,2019-01-20T01:10:37.240000Z,6.89,0
31,20190120T011156Z,"['1J.TI4A.', '1J.TI1A.']",0.0,2019-01-20T01:11:56.010000Z,31.14,0
32,20190120T011532Z,"['1J.TI1A.', '1J.TI4A.', '1J.TI8A.']",0.0,2019-01-20T01:15:32.380000Z,19.17,0
33,20190120T011720Z,"['1J.TI3A.', '1J.TI6A.', '1J.TI4A.', '1J.TI8A.', '1J.TI1A.']",0.0,2019-01-20T01:17:20.130000Z,25.51,0
34,20190120T011941Z,['1J.TI4A.'],0.0,2019-01-20T01:19:41.780000Z,3.3,0
35,20190120T012045Z,['1J.TI4A.'],0.0,2019-01-20T01:20:45.150000Z,1.11,0
36,20190120T012117Z,"['1J.TI1A.', '1J.TI4A.']",0.0,2019-01-20T01:21:17.720000Z,7.88,0
37,20190120T012212Z,['1J.TI4A.'],0.0,2019-01-20T01:22:12.950000Z,16.8,0
38,20190120T012255Z,"['1J.TI4A.', '1J.TI1A.']",0.0,2019-01-20T01:22:55.460000Z,7.09,0
39,20190120T012400Z,"['1J.TI1A.', '1J.TI4A.']",0.0,2019-01-20T01:24:00.480000Z,32.4,0
40,20190120T012440Z,"['1J.TI1A.', '1J.TI4A.']",0.0,2019-01-20T01:24:40.090000Z,15.72,0
41,20190120T012513Z,['1J.TI8A.'],0.0,2019-01-20T01:25:13.500000Z,2.01,0
42,20190120T012945Z,"['1J.TI8A.', '1J.TI1A.']",0.0,2019-01-20T01:29:45.680000Z,21.83,0
43,20190120T013012Z,"['1J.TI3A.', '1J.TI6A.', '1J.TI8A.']",0.0,2019-01-20T01:30:12.030000Z,21.13,0
44,20190120T013050Z,"['1J.TI1A.', '1J.TI3A.']",0.0,2019-01-20T01:30:50.510000Z,15.22,0
45,20190120T013329Z,['1J.TI8A.'],0.0,2019-01-20T01:33:29.030000Z,4.21,0
46,20190120T013814Z,['1J.TI8A.'],0.0,2019-01-20T01:38:14.710000Z,1.55,0
47,20190120T014221Z,['1J.TI1A.'],0.0,2019-01-20T01:42:21.380000Z,7.21,0
48,20190120T014434Z,['1J.TI1A.'],0.0,2019-01-20T01:44:34.820000Z,7.1,0
49,20190120T014532Z,"['1J.TI8A.', '1J.TI1A.']",0.0,2019-01-20T01:45:32.920000Z,35.9,0
50,20190120T014926Z,"['1J.TI1A.', '1J.TI4A.']",0.0,2019-01-20T01:49:26.130000Z,36.11,0
51,20190120T015011Z,['1J.TI3A.'],0.0,2019-01-20T01:50:11.430000Z,5.98,0
52,20190120T015031Z,"['1J.TI1A.', '1J.TI3A.']",0.0,2019-01-20T01:50:31.500000Z,14.8,0
53,20190120T015357Z,['1J.TI3A.'],0.0,2019-01-20T01:53:57.220000Z,9.88,0
54,20190120T015432Z,['1J.TI3A.'],0.0,2019-01-20T01:54:32.780000Z,1.51,0
55,20190120T015725Z,['1J.TI1A.'],0.0,2019-01-20T01:57:25.370000Z,15.0,0
56,20190120T015849Z,['1J.TI3A.'],0.0,2019-01-20T01:58:49.860000Z,10.79,0
57,20190120T020124Z,"['1J.TI3A.', '1J.TI1A.', '1J.TI4A.']",0.0,2019-01-20T02:01:24.340000Z,11.92,0
58,20190120T020219Z,['1J.TI1A.'],0.0,2019-01-20T02:02:19.010000Z,8.4,0
59,20190120T020339Z,['1J.TI1A.'],0.0,2019-01-20T02:03:39.340000Z,31.56,0
60,20190120T020416Z,['1J.TI1A.'],0.0,2019-01-20T02:04:16.720000Z,10.98,0
61,20190120T020750Z,"['1J.TI1A.', '1J.TI4A.']",0.0,2019-01-20T02:07:50.070000Z,29.73,0
62,20190120T021044Z,['1J.TI3A.'],0.0,2019-01-20T02:10:44.970000Z,2.03,0
63,20190120T021203Z,"['1J.TI3A.', '1J.TI6A.', '1J.TI8A.', '1J.TI4A.', '1J.TI1A.']",0.0,2019-01-20T02:12:03.380000Z,32.29,0
64,20190120T021334Z,['1J.TI3A.'],0.0,2019-01-20T02:13:34.610000Z,1.0,0
65,20190120T021424Z,['1J.TI1A.'],0.0,2019-01-20T02:14:24.720000Z,16.64,0
66,20190120T021537Z,"['1J.TI3A.', '1J.TI8A.', '1J.TI1A.']",0.0,2019-01-20T02:15:37.410000Z,23.78,0
67,20190120T021604Z,"['1J.TI3A.', '1J.TI6A.', '1J.TI8A.', '1J.TI1A.']",0.0,2019-01-20T02:16:04.880000Z,23.89,0
68,20190120T021727Z,['1J.TI3A.'],0.0,2019-01-20T02:17:27.040000Z,6.83,0
69,20190120T021834Z,"['1J.TI1A.', '1J.TI4A.']",0.0,2019-01-20T02:18:34.880000Z,53.95,0
70,20190120T022126Z,['1J.TI3A.'],0.0,2019-01-20T02:21:26.010000Z,1.25,0
71,20190120T022211Z,"['1J.TI1A.', '1J.TI8A.', '1J.TI3A.']",0.0,2019-01-20T02:22:11.030000Z,53.76,0
72,20190120T022317Z,['1J.TI3A.'],0.0,2019-01-20T02:23:17.360000Z,9.02,0
73,20190120T022450Z,['1J.TI3A.'],0.0,2019-01-20T02:24:50.660000Z,4.59,0
74,20190120T022614Z,['1J.TI3A.'],0.0,2019-01-20T02:26:14.570000Z,4.19,0
75,20190120T022853Z,['1J.TI3A.'],0.0,2019-01-20T02:28:53.810000Z,1.23,0
76,20190120T022935Z,['1J.TI4A.'],0.0,2019-01-20T02:29:35.330000Z,8.34,0
77,20190120T023003Z,"['1J.TI1A.', '1J.TI4A.']",0.0,2019-01-20T02:30:03.780000Z,18.58,0
78,20190120T023031Z,"['1J.TI1A.', '1J.TI4A.']",0.0,2019-01-20T02:30:31.030000Z,11.16,0
79,20190120T023107Z,['1J.TI3A.'],0.0,2019-01-20T02:31:07.740000Z,1.07,0
80,20190120T023109Z,['1J.TI1A.'],0.0,2019-01-20T02:31:09.900000Z,4.4,0
81,20190120T023514Z,"['1J.TI3A.', '1J.TI6A.', '1J.TI1A.', '1J.TI8A.']",0.0,2019-01-20T02:35:14.990000Z,25.22,0
82,20190120T023617Z,"['1J.TI1A.', '1J.TI4A.']",0.0,2019-01-20T02:36:17.680000Z,6.25,0
83,20190120T023741Z,['1J.TI3A.'],0.0,2019-01-20T02:37:41.390000Z,1.37,0
84,20190120T023850Z,['1J.TI1A.'],0.0,2019-01-20T02:38:50.470000Z,4.54,0
85,20190120T024005Z,['1J.TI3A.'],0.0,2019-01-20T02:40:05.480000Z,0.64,0
86,20190120T024150Z,['1J.TI3A.'],0.0,2019-01-20T02:41:50.600000Z,1.07,0
87,20190120T024240Z,['1J.TI3A.'],0.0,2019-01-20T02:42:40.660000Z,1.52,0
88,20190120T024251Z,['1J.TI1A.'],0.0,2019-01-20T02:42:51.040000Z,12.56,0
89,20190120T024415Z,['1J.TI3A.'],0.0,2019-01-20T02:44:15.010000Z,1.52,0
90,20190120T024527Z,['1J.TI3A.'],0.0,2019-01-20T02:45:27.970000Z,0.86,0
91,20190120T025255Z,['1J.TI4A.'],0.0,2019-01-20T02:52:55.710000Z,7.25,0
92,20190120T025350Z,['1J.TI4A.'],0.0,2019-01-20T02:53:50.920000Z,4.27,0
93,20190120T025459Z,['1J.TI3A.'],0.0,2019-01-20T02:54:59.900000Z,6.86,0
94,20190120T025643Z,"['1J.TI1A.', '1J.TI4A.']",0.0,2019-01-20T02:56:43.870000Z,13.2,0
95,20190120T025757Z,"['1J.TI3A.', '1J.TI8A.']",0.0,2019-01-20T02:57:57.490000Z,10.08,0
96,20190120T025823Z,"['1J.TI3A.', '1J.TI6A.', '1J.TI8A.', '1J.TI1A.']",0.0,2019-01-20T02:58:23.790000Z,37.73,0
97,20190120T030207Z,['1J.TI1A.'],0.0,2019-01-20T03:02:07.600000Z,4.43,0
98,20190120T030243Z,['1J.TI3A.'],0.0,2019-01-20T03:02:43.010000Z,2.75,0
99,20190120T030255Z,"['1J.TI3A.', '1J.TI6A.', '1J.TI8A.']",0.0,2019-01-20T03:02:55.140000Z,18.83,0
100,20190120T030609Z,['1J.TI3A.'],0.0,2019-01-20T03:06:09.400000Z,2.56,0
101,20190120T030635Z,"['1J.TI3A.', '1J.TI8A.']",0.0,2019-01-20T03:06:35.180000Z,10.44,0
102,20190120T030742Z,"['1J.TI1A.', '1J.TI4A.']",0.0,2019-01-20T03:07:42.520000Z,20.38,0
103,20190120T030910Z,['1J.TI1A.'],0.0,2019-01-20T03:09:10.030000Z,1.85,0
104,20190120T030912Z,"['1J.TI4A.', '1J.TI8A.']",0.0,2019-01-20T03:09:12.150000Z,7.4,0
105,20190120T030923Z,"['1J.TI8A.', '1J.TI3A.']",0.0,2019-01-20T03:09:23.930000Z,13.82,0
106,20190120T031011Z,"['1J.TI3A.', '1J.TI4A.', '1J.TI8A.', '1J.TI1A.']",0.0,2019-01-20T03:10:11.320000Z,19.04,0
107,20190120T031215Z,['1J.TI1A.'],0.0,2019-01-20T03:12:15.340000Z,1.79,0
108,20190120T031217Z,['1J.TI4A.'],0.0,2019-01-20T03:12:17.210000Z,4.41,0
109,20190120T031809Z,['1J.TI4A.'],0.0,2019-01-20T03:18:09.460000Z,4.55,0
110,20190120T032135Z,"['1J.TI1A.', '1J.TI4A.']",0.0,2019-01-20T03:21:35.120000Z,8.52,0
111,20190120T032352Z,"['1J.TI3A.', '1J.TI6A.', '1J.TI8A.', '1J.TI4A.']",0.0,2019-01-20T03:23:52.090000Z,21.5,0
112,20190120T032848Z,"['1J.TI3A.', '1J.TI4A.']",0.0,2019-01-20T03:28:48.800000Z,14.75,0
113,20190120T032913Z,['1J.TI4A.'],0.0,2019-01-20T03:29:13.650000Z,5.29,0
114,20190120T033011Z,['1J.TI4A.'],0.0,2019-01-20T03:30:11.060000Z,3.64,0
115,20190120T033134Z,"['1J.TI1A.', '1J.TI4A.']",0.0,2019-01-20T03:31:34.960000Z,9.22,0
116,20190120T033404Z,['1J.TI3A.'],0.0,2019-01-20T03:34:04.460000Z,7.5,0
117,20190120T033556Z,['1J.TI1A.'],0.0,2019-01-20T03:35:56.930000Z,11.16,0
118,20190120T033827Z,['1J.TI4A.'],0.0,2019-01-20T03:38:27.140000Z,3.02,0
119,20190120T033950Z,"['1J.TI1A.', '1J.TI4A.']",0.0,2019-01-20T03:39:50.670000Z,16.24,0
120,20190120T034008Z,"['1J.TI3A.', '1J.TI8A.']",0.0,2019-01-20T03:40:08.820000Z,21.87,0
121,20190120T034618Z,"['1J.TI4A.', '1J.TI1A.']",0.0,2019-01-20T03:46:18.970000Z,17.29,0
122,20190120T034721Z,"['1J.TI1A.', '1J.TI4A.']",0.0,2019-01-20T03:47:21.100000Z,30.16,0
123,20190120T034830Z,['1J.TI6A.'],0.0,2019-01-20T03:48:30.440000Z,1.16,0
124,20190120T035225Z,['1J.TI1A.'],0.0,2019-01-20T03:52:25.740000Z,22.63,0
125,20190120T035250Z,['1J.TI3A.'],0.0,2019-01-20T03:52:50.860000Z,11.41,0
126,20190120T035348Z,['1J.TI1A.'],0.0,2019-01-20T03:53:48.440000Z,1.64,0
127,20190120T035426Z,"['1J.TI3A.', '1J.TI6A.']",0.0,2019-01-20T03:54:26.770000Z,18.57,0
128,20190120T035645Z,['1J.TI6A.'],0.0,2019-01-20T03:56:45.930000Z,0.95,0
129,20190120T035823Z,['1J.TI1A.'],0.0,2019-01-20T03:58:23.960000Z,3.48,0
130,20190120T035829Z,"['1J.TI3A.', '1J.TI6A.']",0.0,2019-01-20T03:58:29.990000Z,4.74,0
131,20190120T035937Z,"['1J.TI3A.', '1J.TI6A.', '1J.TI4A.']",0.0,2019-01-20T03:59:37.130000Z,18.41,0
132,20190120T040024Z,"['1J.TI6A.', '1J.TI3A.', '1J.TI1A.', '1J.TI8A.']",0.0,2019-01-20T04:00:24.780000Z,19.58,0
133,20190120T040421Z,['1J.TI3A.'],0.0,2019-01-20T04:04:21.360000Z,1.71,0
134,20190120T040704Z,['1J.TI3A.'],0.0,2019-01-20T04:07:04.850000Z,2.14,0
135,20190120T040815Z,['1J.TI6A.'],0.0,2019-01-20T04:08:15.990000Z,0.99,0
136,20190120T040853Z,"['1J.TI1A.', '1J.TI6A.', '1J.TI3A.']",0.0,2019-01-20T04:08:53.990000Z,30.18,0
137,20190120T041057Z,"['1J.TI3A.', '1J.TI1A.', '1J.TI4A.']",0.0,2019-01-20T04:10:57.790000Z,16.39,0
138,20190120T041130Z,['1J.TI8A.'],0.0,2019-01-20T04:11:30.640000Z,9.51,0
139,20190120T041430Z,"['1J.TI3A.', '1J.TI6A.']",0.0,2019-01-20T04:14:30.980000Z,18.87,0
140,20190120T041531Z,['1J.TI3A.'],0.0,2019-01-20T04:15:31.490000Z,1.91,0
141,20190120T041555Z,['1J.TI3A.'],0.0,2019-01-20T04:15:55.800000Z,3.12,0
142,20190120T041625Z,['1J.TI6A.'],0.0,2019-01-20T04:16:25.130000Z,1.02,0
143,20190120T041723Z,['1J.TI3A.'],0.0,2019-01-20T04:17:23.130000Z,1.48,0
144,20190120T042027Z,['1J.TI6A.'],0.0,2019-01-20T04:20:27.170000Z,1.03,0
145,20190120T042042Z,"['1J.TI3A.', '1J.TI1A.', '1J.TI4A.', '1J.TI8A.']",0.0,2019-01-20T04:20:42.220000Z,16.99,0
146,20190120T042106Z,['1J.TI3A.'],0.0,2019-01-20T04:21:06.670000Z,12.37,0
147,20190120T042458Z,"['1J.TI1A.', '1J.TI4A.']",0.0,2019-01-20T04:24:58.900000Z,12.97,0
148,20190120T042521Z,['1J.TI6A.'],0.0,2019-01-20T04:25:21.710000Z,1.26,0
149,20190120T042525Z,['1J.TI3A.'],0.0,2019-01-20T04:25:25.810000Z,0.67,0
150,20190120T042658Z,"['1J.TI3A.', '1J.TI6A.']",0.0,2019-01-20T04:26:58.630000Z,18.66,0
151,20190120T042724Z,"['1J.TI8A.', '1J.TI6A.']",0.0,2019-01-20T04:27:24.070000Z,19.67,0
152,20190120T042932Z,"['1J.TI3A.', '1J.TI6A.', '1J.TI4A.', '1J.TI8A.', '1J.TI1A.']",0.0,2019-01-20T04:29:32.720000Z,33.19,0
153,20190120T043011Z,['1J.TI3A.'],0.0,2019-01-20T04:30:11.460000Z,2.26,0
154,20190120T043016Z,['1J.TI8A.'],0.0,2019-01-20T04:30:16.910000Z,2.7,0
155,20190120T043235Z,"['1J.TI4A.', '1J.TI1A.']",0.0,2019-01-20T04:32:35.630000Z,33.88,0
156,20190120T043320Z,"['1J.TI3A.', '1J.TI6A.', '1J.TI8A.', '1J.TI1A.']",0.0,2019-01-20T04:33:20.870000Z,54.62,0
157,20190120T043457Z,['1J.TI6A.'],0.0,2019-01-20T04:34:57.930000Z,1.02,0
158,20190120T043646Z,"['1J.TI3A.', '1J.TI6A.', '1J.TI8A.']",0.0,2019-01-20T04:36:46.990000Z,11.2,0
159,20190120T043816Z,['1J.TI6A.'],0.0,2019-01-20T04:38:16.960000Z,0.99,0
160,20190120T043902Z,"['1J.TI3A.', '1J.TI1A.', '1J.TI4A.', '1J.TI8A.']",0.0,2019-01-20T04:39:02.100000Z,19.13,0
161,20190120T044007Z,"['1J.TI3A.', '1J.TI1A.', '1J.TI4A.', '1J.TI6A.', '1J.TI8A.']",0.0,2019-01-20T04:40:07.800000Z,15.23,0
162,20190120T044029Z,['1J.TI1A.'],0.0,2019-01-20T04:40:29.260000Z,2.15,0
163,20190120T044511Z,['1J.TI6A.'],0.0,2019-01-20T04:45:11.540000Z,3.66,0
164,20190120T044633Z,"['1J.TI3A.', '1J.TI4A.']",0.0,2019-01-20T04:46:33.810000Z,8.87,0
165,20190120T044658Z,['1J.TI3A.'],0.0,2019-01-20T04:46:58.760000Z,11.19,0
166,20190120T044816Z,['1J.TI6A.'],0.0,2019-01-20T04:48:16.770000Z,3.0,0
167,20190120T044922Z,['1J.TI3A.'],0.0,2019-01-20T04:49:22.350000Z,1.2,0
168,20190120T045053Z,['1J.TI3A.'],0.0,2019-01-20T04:50:53.180000Z,1.06,0
169,20190120T045058Z,['1J.TI1A.'],0.0,2019-01-20T04:50:58.940000Z,1.47,0
170,20190120T045100Z,['1J.TI4A.'],0.0,2019-01-20T04:51:00.940000Z,2.5,0
171,20190120T045226Z,"['1J.TI1A.', '1J.TI4A.', '1J.TI3A.', '1J.TI8A.', '1J.TI6A.']",0.0,2019-01-20T04:52:26.370000Z,56.01,0
172,20190120T045404Z,['1J.TI6A.'],0.0,2019-01-20T04:54:04.400000Z,2.4,0
173,20190120T045542Z,['1J.TI6A.'],0.0,2019-01-20T04:55:42.920000Z,4.05,0
174,20190120T045553Z,"['1J.TI3A.', '1J.TI6A.', '1J.TI8A.']",0.0,2019-01-20T04:55:53.190000Z,11.15,0
175,20190120T045607Z,['1J.TI1A.'],0.0,2019-01-20T04:56:07.610000Z,35.54,0
176,20190120T050000Z,['1J.TI8A.'],0.0,2019-01-20T05:00:00.870000Z,1.7,0
177,20190120T050021Z,"['1J.TI4A.', '1J.TI6A.']",0.0,2019-01-20T05:00:21.900000Z,13.84,0
178,20190120T050038Z,['1J.TI4A.'],0.0,2019-01-20T05:00:38.920000Z,7.68,0
179,20190120T050113Z,['1J.TI3A.'],0.0,2019-01-20T05:01:13.610000Z,1.07,0
180,20190120T050412Z,['1J.TI6A.'],0.0,2019-01-20T05:04:12.380000Z,8.72,0
181,20190120T050502Z,"['1J.TI4A.', '1J.TI3A.', '1J.TI6A.', '1J.TI1A.']",0.0,2019-01-20T05:05:02.790000Z,29.2,0
182,20190120T050604Z,"['1J.TI3A.', '1J.TI6A.']",0.0,2019-01-20T05:06:04.660000Z,2.83,0
183,20190120T050837Z,"['1J.TI3A.', '1J.TI6A.', '1J.TI1A.', '1J.TI8A.', '1J.TI4A.']",0.0,2019-01-20T05:08:37.910000Z,55.84,0
184,20190120T051013Z,"['1J.TI3A.', '1J.TI6A.']",0.0,2019-01-20T05:10:13.100000Z,7.84,0
185,20190120T051250Z,['1J.TI6A.'],0.0,2019-01-20T05:12:50.130000Z,4.26,0
186,20190120T051256Z,['1J.TI3A.'],0.0,2019-01-20T05:12:56.060000Z,2.21,0
187,20190120T051321Z,['1J.TI6A.'],0.0,2019-01-20T05:13:21.250000Z,2.02,0
188,20190120T051525Z,"['1J.TI3A.', '1J.TI1A.', '1J.TI6A.', '1J.TI4A.', '1J.TI8A.']",0.0,2019-01-20T05:15:25.700000Z,20.97,0
189,20190120T051549Z,"['1J.TI3A.', '1J.TI6A.', '1J.TI8A.']",0.0,2019-01-20T05:15:49.700000Z,18.05,0
190,20190120T051645Z,['1J.TI6A.'],0.0,2019-01-20T05:16:45.300000Z,1.12,0
191,20190120T051814Z,['1J.TI3A.'],0.0,2019-01-20T05:18:14.600000Z,1.36,0
192,20190120T051927Z,"['1J.TI1A.', '1J.TI3A.', '1J.TI6A.', '1J.TI8A.']",0.0,2019-01-20T05:19:27.720000Z,87.29,0
193,20190120T052213Z,['1J.TI6A.'],0.0,2019-01-20T05:22:13.870000Z,3.75,0
194,20190120T052220Z,['1J.TI3A.'],0.0,2019-01-20T05:22:20.180000Z,1.16,0
195,20190120T052229Z,"['1J.TI1A.', '1J.TI3A.', '1J.TI4A.', '1J.TI8A.', '1J.TI6A.']",0.0,2019-01-20T05:22:29.810000Z,17.71,0
196,20190120T052307Z,"['1J.TI3A.', '1J.TI6A.', '1J.TI8A.']",0.0,2019-01-20T05:23:07.320000Z,22.0,0
197,20190120T052427Z,"['1J.TI6A.', '1J.TI3A.']",0.0,2019-01-20T05:24:27.900000Z,5.38,0
198,20190120T052454Z,"['1J.TI1A.', '1J.TI4A.', '1J.TI6A.', '1J.TI8A.']",0.0,2019-01-20T05:24:54.100000Z,17.46,0
199,20190120T052512Z,['1J.TI3A.'],0.0,2019-01-20T05:25:12.320000Z,4.34,0
200,20190120T052523Z,['1J.TI8A.'],0.0,2019-01-20T05:25:23.900000Z,4.67,0
201,20190120T052709Z,['1J.TI3A.'],0.0,2019-01-20T05:27:09.030000Z,0.99,0
202,20190120T052730Z,"['1J.TI6A.', '1J.TI3A.']",0.0,2019-01-20T05:27:30.180000Z,11.7,0
203,20190120T052747Z,"['1J.TI1A.', '1J.TI4A.', '1J.TI8A.']",0.0,2019-01-20T05:27:47.590000Z,14.96,0
204,20190120T052844Z,"['1J.TI3A.', '1J.TI6A.']",0.0,2019-01-20T05:28:44.290000Z,14.39,0
205,20190120T053031Z,['1J.TI3A.'],0.0,2019-01-20T05:30:31.880000Z,1.31,0
206,20190120T053049Z,['1J.TI6A.'],0.0,2019-01-20T05:30:49.290000Z,4.6,0
207,20190120T053220Z,"['1J.TI3A.', '1J.TI1A.', '1J.TI4A.', '1J.TI6A.', '1J.TI8A.']",0.0,2019-01-20T05:32:20.400000Z,41.37,0
208,20190120T053306Z,['1J.TI6A.'],0.0,2019-01-20T05:33:06.660000Z,9.03,0
209,20190120T053418Z,"['1J.TI3A.', '1J.TI6A.']",0.0,2019-01-20T05:34:18.660000Z,12.85,0
210,20190120T053504Z,['1J.TI3A.'],0.0,2019-01-20T05:35:04.650000Z,1.27,0
211,20190120T053614Z,"['1J.TI6A.', '1J.TI3A.', '1J.TI8A.', '1J.TI4A.', '1J.TI1A.']",0.0,2019-01-20T05:36:14.680000Z,25.11,0
212,20190120T053658Z,"['1J.TI1A.', '1J.TI4A.']",0.0,2019-01-20T05:36:58.720000Z,9.46,0
213,20190120T053827Z,['1J.TI6A.'],0.0,2019-01-20T05:38:27.210000Z,2.55,0
214,20190120T053944Z,['1J.TI1A.'],0.0,2019-01-20T05:39:44.720000Z,6.49,0
215,20190120T054009Z,['1J.TI3A.'],0.0,2019-01-20T05:40:09.000000Z,0.87,0
216,20190120T054157Z,"['1J.TI1A.', '1J.TI6A.', '1J.TI3A.', '1J.TI8A.']",0.0,2019-01-20T05:41:57.670000Z,64.6,0
217,20190120T054528Z,"['1J.TI1A.', '1J.TI3A.']",0.0,2019-01-20T05:45:28.830000Z,8.02,0
218,20190120T054730Z,"['1J.TI6A.', '1J.TI8A.']",0.0,2019-01-20T05:47:30.180000Z,4.24,0
219,20190120T054749Z,['1J.TI6A.'],0.0,2019-01-20T05:47:49.170000Z,5.14,0
220,20190120T054840Z,"['1J.TI6A.', '1J.TI8A.']",0.0,2019-01-20T05:48:40.120000Z,12.68,0
221,20190120T054942Z,['1J.TI3A.'],0.0,2019-01-20T05:49:42.570000Z,1.01,0
222,20190120T055002Z,['1J.TI3A.'],0.0,2019-01-20T05:50:02.710000Z,2.42,0
223,20190120T055037Z,"['1J.TI1A.', '1J.TI3A.', '1J.TI4A.', '1J.TI8A.']",0.0,2019-01-20T05:50:37.380000Z,9.24,0
224,20190120T055219Z,"['1J.TI8A.', '1J.TI3A.']",0.0,2019-01-20T05:52:19.560000Z,14.0,0
225,20190120T055245Z,"['1J.TI1A.', '1J.TI4A.', '1J.TI8A.']",0.0,2019-01-20T05:52:45.260000Z,7.17,0
226,20190120T055311Z,"['1J.TI3A.', '1J.TI6A.', '1J.TI8A.']",0.0,2019-01-20T05:53:11.060000Z,7.91,0
227,20190120T055400Z,"['1J.TI3A.', '1J.TI6A.']",0.0,2019-01-20T05:54:00.170000Z,15.88,0
228,20190120T055608Z,['1J.TI3A.'],0.0,2019-01-20T05:56:08.560000Z,1.89,0
229,20190120T055643Z,"['1J.TI8A.', '1J.TI4A.']",0.0,2019-01-20T05:56:43.800000Z,19.44,0
230,20190120T055744Z,['1J.TI4A.'],0.0,2019-01-20T05:57:44.940000Z,1.8,0
231,20190120T055805Z,['1J.TI6A.'],0.0,2019-01-20T05:58:05.310000Z,7.0,0
232,20190120T055848Z,"['1J.TI8A.', '1J.TI6A.']",0.0,2019-01-20T05:58:48.370000Z,4.03,0
233,20190120T060214Z,['1J.TI6A.'],0.0,2019-01-20T06:02:14.730000Z,15.73,0
234,20190120T060327Z,['1J.TI3A.'],0.0,2019-01-20T06:03:27.910000Z,14.84,0
235,20190120T060357Z,"['1J.TI1A.', '1J.TI4A.']",0.0,2019-01-20T06:03:57.090000Z,6.64,0
236,20190120T060538Z,['1J.TI3A.'],0.0,2019-01-20T06:05:38.330000Z,1.34,0
237,20190120T060617Z,"['1J.TI8A.', '1J.TI6A.', '1J.TI3A.']",0.0,2019-01-20T06:06:17.110000Z,17.22,0
238,20190120T060703Z,['1J.TI6A.'],0.0,2019-01-20T06:07:03.400000Z,2.65,0
239,20190120T060833Z,['1J.TI3A.'],0.0,2019-01-20T06:08:33.420000Z,1.13,0
240,20190120T061317Z,['1J.TI3A.'],0.0,2019-01-20T06:13:17.630000Z,2.48,0
241,20190120T061350Z,"['1J.TI8A.', '1J.TI6A.']",0.0,2019-01-20T06:13:50.530000Z,22.91,0
242,20190120T061452Z,"['1J.TI3A.', '1J.TI6A.']",0.0,2019-01-20T06:14:52.610000Z,19.62,0
243,20190120T061519Z,"['1J.TI3A.', '1J.TI6A.', '1J.TI8A.', '1J.TI4A.']",0.0,2019-01-20T06:15:19.000000Z,20.59,0
244,20190120T061640Z,['1J.TI6A.'],0.0,2019-01-20T06:16:40.230000Z,3.31,0
245,20190120T061741Z,['1J.TI3A.'],0.0,2019-01-20T06:17:41.840000Z,0.67,0
246,20190120T061940Z,['1J.TI3A.'],0.0,2019-01-20T06:19:40.240000Z,0.67,0
247,20190120T062035Z,"['1J.TI3A.', '1J.TI6A.', '1J.TI1A.', '1J.TI8A.', '1J.TI4A.']",0.0,2019-01-20T06:20:35.860000Z,53.16,0
248,20190120T062338Z,"['1J.TI3A.', '1J.TI6A.']",0.0,2019-01-20T06:23:38.890000Z,7.17,0
249,20190120T062404Z,"['1J.TI6A.', '1J.TI3A.', '1J.TI8A.']",0.0,2019-01-20T06:24:04.500000Z,8.49,0
250,20190120T062504Z,['1J.TI6A.'],0.0,2019-01-20T06:25:04.280000Z,3.12,0
251,20190120T062652Z,['1J.TI3A.'],0.0,2019-01-20T06:26:52.830000Z,3.61,0
252,20190120T062710Z,['1J.TI8A.'],0.0,2019-01-20T06:27:10.620000Z,1.31,0
253,20190120T062737Z,"['1J.TI6A.', '1J.TI8A.', '1J.TI3A.']",0.0,2019-01-20T06:27:37.770000Z,15.19,0
254,20190120T062949Z,['1J.TI3A.'],0.0,2019-01-20T06:29:49.510000Z,0.65,0
255,20190120T063218Z,['1J.TI3A.'],0.0,2019-01-20T06:32:18.300000Z,0.84,0
256,20190120T063303Z,"['1J.TI6A.', '1J.TI3A.', '1J.TI1A.', '1J.TI8A.', '1J.TI4A.']",0.0,2019-01-20T06:33:03.090000Z,90.64,0
257,20190120T063536Z,"['1J.TI3A.', '1J.TI6A.']",0.0,2019-01-20T06:35:36.020000Z,3.8,0
258,20190120T063803Z,"['1J.TI3A.', '1J.TI6A.', '1J.TI8A.']",0.0,2019-01-20T06:38:03.670000Z,21.99,0
259,20190120T063832Z,"['1J.TI3A.', '1J.TI6A.', '1J.TI8A.', '1J.TI1A.', '1J.TI4A.']",0.0,2019-01-20T06:38:32.560000Z,24.97,0
260,20190120T064051Z,"['1J.TI3A.', '1J.TI6A.', '1J.TI8A.', '1J.TI1A.']",0.0,2019-01-20T06:40:51.800000Z,11.66,0
261,20190120T064118Z,"['1J.TI3A.', '1J.TI6A.', '1J.TI8A.', '1J.TI1A.']",0.0,2019-01-20T06:41:18.950000Z,20.32,0
262,20190120T064311Z,['1J.TI8A.'],0.0,2019-01-20T06:43:11.400000Z,12.49,0
263,20190120T064329Z,['1J.TI3A.'],0.0,2019-01-20T06:43:29.330000Z,0.98,0
264,20190120T064357Z,['1J.TI6A.'],0.0,2019-01-20T06:43:57.140000Z,3.96,0
265,20190120T064405Z,['1J.TI8A.'],0.0,2019-01-20T06:44:05.860000Z,0.79,0
266,20190120T064427Z,['1J.TI6A.'],0.0,2019-01-20T06:44:27.980000Z,3.61,0
267,20190120T064538Z,['1J.TI4A.'],0.0,2019-01-20T06:45:38.450000Z,3.96,0
268,20190120T064654Z,['1J.TI3A.'],0.0,2019-01-20T06:46:54.040000Z,1.55,0
269,20190120T064817Z,['1J.TI8A.'],0.0,2019-01-20T06:48:17.590000Z,1.26,0
270,20190120T064940Z,['1J.TI3A.'],0.0,2019-01-20T06:49:40.280000Z,1.8,0
271,20190120T065122Z,['1J.TI6A.'],0.0,2019-01-20T06:51:22.720000Z,8.91,0
272,20190120T065145Z,['1J.TI3A.'],0.0,2019-01-20T06:51:45.520000Z,1.42,0
273,20190120T065221Z,"['1J.TI3A.', '1J.TI6A.', '1J.TI8A.']",0.0,2019-01-20T06:52:21.490000Z,27.6,0
274,20190120T065334Z,['1J.TI4A.'],0.0,2019-01-20T06:53:34.960000Z,35.2,0
275,20190120T065445Z,"['1J.TI8A.', '1J.TI6A.']",0.0,2019-01-20T06:54:45.260000Z,21.54,0
276,20190120T065522Z,"['1J.TI1A.', '1J.TI3A.', '1J.TI4A.', '1J.TI6A.']",0.0,2019-01-20T06:55:22.970000Z,15.12,0
277,20190120T065546Z,"['1J.TI1A.', '1J.TI3A.', '1J.TI8A.']",0.0,2019-01-20T06:55:46.410000Z,7.99,0
278,20190120T065640Z,"['1J.TI3A.', '1J.TI6A.']",0.0,2019-01-20T06:56:40.620000Z,21.28,0
279,20190120T065823Z,['1J.TI3A.'],0.0,2019-01-20T06:58:23.690000Z,0.98,0
280,20190120T065954Z,['1J.TI8A.'],0.0,2019-01-20T06:59:54.200000Z,1.63,0
281,20190120T070100Z,['1J.TI3A.'],0.0,2019-01-20T07:01:00.850000Z,1.25,0
282,20190120T070253Z,['1J.TI1A.'],0.0,2019-01-20T07:02:53.500000Z,12.36,0
283,20190120T070311Z,['1J.TI8A.'],0.0,2019-01-20T07:03:11.500000Z,1.35,0
284,20190120T070336Z,"['1J.TI3A.', '1J.TI6A.', '1J.TI8A.']",0.0,2019-01-20T07:03:36.080000Z,22.68,0
285,20190120T070404Z,['1J.TI6A.'],0.0,2019-01-20T07:04:04.080000Z,6.14,0
286,20190120T070422Z,"['1J.TI3A.', '1J.TI6A.', '1J.TI8A.', '1J.TI1A.', '1J.TI4A.']",0.0,2019-01-20T07:04:22.160000Z,72.59,0
287,20190120T070709Z,"['1J.TI3A.', '1J.TI6A.']",0.0,2019-01-20T07:07:09.320000Z,6.92,0
288,20190120T070923Z,['1J.TI6A.'],0.0,2019-01-20T07:09:23.870000Z,3.06,0
289,20190120T070952Z,['1J.TI3A.'],0.0,2019-01-20T07:09:52.370000Z,0.87,0
290,20190120T071042Z,['1J.TI1A.'],0.0,2019-01-20T07:10:42.860000Z,15.53,0
291,20190120T071145Z,['1J.TI4A.'],0.0,2019-01-20T07:11:45.720000Z,4.76,0
292,20190120T071339Z,['1J.TI6A.'],0.0,2019-01-20T07:13:39.300000Z,1.25,0
293,20190120T071417Z,['1J.TI1A.'],0.0,2019-01-20T07:14:17.730000Z,5.05,0
294,20190120T071426Z,"['1J.TI3A.', '1J.TI6A.']",0.0,2019-01-20T07:14:26.490000Z,5.92,0
295,20190120T071554Z,['1J.TI6A.'],0.0,2019-01-20T07:15:54.210000Z,7.76,0
296,20190120T071754Z,"['1J.TI6A.', '1J.TI3A.', '1J.TI8A.', '1J.TI1A.']",0.0,2019-01-20T07:17:54.570000Z,32.45,0
297,20190120T071955Z,['1J.TI8A.'],0.0,2019-01-20T07:19:55.400000Z,1.78,0
298,20190120T072002Z,"['1J.TI3A.', '1J.TI6A.']",0.0,2019-01-20T07:20:02.770000Z,12.01,0
299,20190120T072119Z,['1J.TI3A.'],0.0,2019-01-20T07:21:19.190000Z,1.18,0
300,20190120T072143Z,['1J.TI6A.'],0.0,2019-01-20T07:21:43.780000Z,4.58,0
301,20190120T072313Z,"['1J.TI3A.', '1J.TI6A.']",0.0,2019-01-20T07:23:13.720000Z,25.28,0
302,20190120T072552Z,['1J.TI4A.'],0.0,2019-01-20T07:25:52.490000Z,5.41,0
303,20190120T072617Z,['1J.TI4A.'],0.0,2019-01-20T07:26:17.340000Z,3.77,0
304,20190120T072625Z,['1J.TI8A.'],0.0,2019-01-20T07:26:25.450000Z,1.0,0
305,20190120T072645Z,['1J.TI3A.'],0.0,2019-01-20T07:26:45.610000Z,0.54,0
306,20190120T072722Z,['1J.TI8A.'],0.0,2019-01-20T07:27:22.170000Z,3.05,0
307,20190120T072745Z,"['1J.TI6A.', '1J.TI3A.', '1J.TI8A.']",0.0,2019-01-20T07:27:45.870000Z,18.04,0
308,20190120T072904Z,"['1J.TI3A.', '1J.TI6A.']",0.0,2019-01-20T07:29:04.310000Z,10.83,0
309,20190120T072922Z,['1J.TI3A.'],0.0,2019-01-20T07:29:22.950000Z,1.61,0
310,20190120T073028Z,['1J.TI8A.'],0.0,2019-01-20T07:30:28.010000Z,0.84,0
311,20190120T073139Z,['1J.TI3A.'],0.0,2019-01-20T07:31:39.040000Z,1.14,0
312,20190120T073153Z,['1J.TI3A.'],0.0,2019-01-20T07:31:53.450000Z,0.93,0
313,20190120T073205Z,['1J.TI6A.'],0.0,2019-01-20T07:32:05.880000Z,7.06,0
314,20190120T073224Z,['1J.TI3A.'],0.0,2019-01-20T07:32:24.700000Z,8.59,0
315,20190120T073304Z,['1J.TI8A.'],0.0,2019-01-20T07:33:04.130000Z,0.96,0
316,20190120T073715Z,['1J.TI8A.'],0.0,2019-01-20T07:37:15.050000Z,1.14,0
317,20190120T073718Z,['1J.TI6A.'],0.0,2019-01-20T07:37:18.600000Z,2.39,0
318,20190120T073733Z,['1J.TI1A.'],0.0,2019-01-20T07:37:33.510000Z,17.56,0
319,20190120T074005Z,['1J.TI3A.'],0.0,2019-01-20T07:40:05.860000Z,5.06,0
320,20190120T074038Z,['1J.TI8A.'],0.0,2019-01-20T07:40:38.830000Z,0.86,0
321,20190120T074049Z,['1J.TI1A.'],0.0,2019-01-20T07:40:49.400000Z,12.48,0
322,20190120T074113Z,"['1J.TI6A.', '1J.TI3A.']",0.0,2019-01-20T07:41:13.880000Z,9.95,0
323,20190120T074225Z,['1J.TI6A.'],0.0,2019-01-20T07:42:25.020000Z,1.9,0
324,20190120T074237Z,['1J.TI3A.'],0.0,2019-01-20T07:42:37.180000Z,5.87,0
325,20190120T074350Z,['1J.TI8A.'],0.0,2019-01-20T07:43:50.750000Z,0.97,0
326,20190120T074416Z,"['1J.TI3A.', '1J.TI6A.']",0.0,2019-01-20T07:44:16.040000Z,19.93,0
327,20190120T074447Z,['1J.TI1A.'],0.0,2019-01-20T07:44:47.800000Z,3.61,0
328,20190120T074510Z,['1J.TI6A.'],0.0,2019-01-20T07:45:10.890000Z,2.89,0
329,20190120T074516Z,['1J.TI8A.'],0.0,2019-01-20T07:45:16.590000Z,6.1,0
330,20190120T074818Z,['1J.TI8A.'],0.0,2019-01-20T07:48:18.890000Z,1.14,0
331,20190120T074920Z,['1J.TI6A.'],0.0,2019-01-20T07:49:20.720000Z,4.01,0
332,20190120T075109Z,['1J.TI6A.'],0.0,2019-01-20T07:51:09.790000Z,2.75,0
333,20190120T075219Z,"['1J.TI1A.', '1J.TI4A.', '1J.TI8A.']",0.0,2019-01-20T07:52:19.570000Z,12.76,0
334,20190120T075320Z,['1J.TI6A.'],0.0,2019-01-20T07:53:20.370000Z,4.47,0
335,20190120T075403Z,['1J.TI1A.'],0.0,2019-01-20T07:54:03.840000Z,2.42,0
336,20190120T075711Z,['1J.TI8A.'],0.0,2019-01-20T07:57:11.990000Z,1.32,0
337,20190120T075838Z,"['1J.TI1A.', '1J.TI6A.', '1J.TI4A.', '1J.TI8A.']",0.0,2019-01-20T07:58:38.760000Z,10.29,0
338,20190120T075854Z,"['1J.TI6A.', '1J.TI8A.', '1J.TI3A.']",0.0,2019-01-20T07:58:54.970000Z,49.68,0
339,20190120T080059Z,"['1J.TI1A.', '1J.TI4A.', '1J.TI6A.', '1J.TI3A.', '1J.TI8A.']",0.0,2019-01-20T08:00:59.730000Z,28.76,0
340,20190120T080206Z,['1J.TI6A.'],0.0,2019-01-20T08:02:06.350000Z,2.97,0
341,20190120T080234Z,['1J.TI1A.'],0.0,2019-01-20T08:02:34.910000Z,5.64,0
342,20190120T080309Z,"['1J.TI4A.', '1J.TI1A.']",0.0,2019-01-20T08:03:09.370000Z,22.0,0
343,20190120T080420Z,"['1J.TI3A.', '1J.TI6A.', '1J.TI1A.', '1J.TI4A.']",0.0,2019-01-20T08:04:20.780000Z,25.57,0
344,20190120T080717Z,['1J.TI6A.'],0.0,2019-01-20T08:07:17.940000Z,4.96,0
345,20190120T080801Z,['1J.TI6A.'],0.0,2019-01-20T08:08:01.170000Z,2.59,0
346,20190120T080807Z,['1J.TI1A.'],0.0,2019-01-20T08:08:07.160000Z,7.88,0
347,20190120T081007Z,['1J.TI6A.'],0.0,2019-01-20T08:10:07.860000Z,4.06,0
348,20190120T081046Z,['1J.TI6A.'],0.0,2019-01-20T08:10:46.480000Z,1.2,0
349,20190120T081121Z,['1J.TI6A.'],0.0,2019-01-20T08:11:21.250000Z,6.17,0
350,20190120T081412Z,['1J.TI3A.'],0.0,2019-01-20T08:14:12.400000Z,6.0,0
351,20190120T081438Z,['1J.TI6A.'],0.0,2019-01-20T08:14:38.320000Z,5.86,0
352,20190120T081523Z,"['1J.TI3A.', '1J.TI6A.']",0.0,2019-01-20T08:15:23.170000Z,11.92,0
353,20190120T081621Z,['1J.TI3A.'],0.0,2019-01-20T08:16:21.590000Z,0.81,0
354,20190120T081646Z,"['1J.TI8A.', '1J.TI4A.', '1J.TI6A.']",0.0,2019-01-20T08:16:46.180000Z,20.31,0
355,20190120T081732Z,['1J.TI1A.'],0.0,2019-01-20T08:17:32.490000Z,27.72,0
356,20190120T081841Z,['1J.TI3A.'],0.0,2019-01-20T08:18:41.000000Z,1.18,0
357,20190120T081903Z,['1J.TI6A.'],0.0,2019-01-20T08:19:03.940000Z,5.28,0
358,20190120T082045Z,['1J.TI1A.'],0.0,2019-01-20T08:20:45.590000Z,6.24,0
359,20190120T082056Z,"['1J.TI1A.', '1J.TI4A.', '1J.TI3A.', '1J.TI6A.']",0.0,2019-01-20T08:20:56.960000Z,37.3,0
360,20190120T082142Z,['1J.TI6A.'],0.0,2019-01-20T08:21:42.250000Z,1.32,0
361,20190120T082220Z,['1J.TI6A.'],0.0,2019-01-20T08:22:20.340000Z,3.39,0
362,20190120T082238Z,['1J.TI3A.'],0.0,2019-01-20T08:22:38.920000Z,1.34,0
363,20190120T082251Z,['1J.TI6A.'],0.0,2019-01-20T08:22:51.680000Z,2.48,0
364,20190120T082319Z,"['1J.TI8A.', '1J.TI6A.', '1J.TI3A.']",0.0,2019-01-20T08:23:19.190000Z,31.11,0
365,20190120T082453Z,['1J.TI6A.'],0.0,2019-01-20T08:24:53.200000Z,0.74,0
366,20190120T082458Z,['1J.TI3A.'],0.0,2019-01-20T08:24:58.440000Z,0.79,0
367,20190120T082511Z,['1J.TI6A.'],0.0,2019-01-20T08:25:11.840000Z,2.49,0
368,20190120T082636Z,['1J.TI6A.'],0.0,2019-01-20T08:26:36.280000Z,3.28,0
369,20190120T082713Z,['1J.TI6A.'],0.0,2019-01-20T08:27:13.330000Z,2.11,0
370,20190120T082809Z,['1J.TI6A.'],0.0,2019-01-20T08:28:09.780000Z,3.44,0
371,20190120T082902Z,"['1J.TI6A.', '1J.TI8A.']",0.0,2019-01-20T08:29:02.490000Z,19.3,0
372,20190120T083001Z,['1J.TI6A.'],0.0,2019-01-20T08:30:01.640000Z,1.62,0
373,20190120T083037Z,"['1J.TI3A.', '1J.TI6A.']",0.0,2019-01-20T08:30:37.440000Z,8.12,0
374,20190120T083117Z,['1J.TI3A.'],0.0,2019-01-20T08:31:17.710000Z,0.68,0
375,20190120T083121Z,['1J.TI1A.'],0.0,2019-01-20T08:31:21.390000Z,2.89,0
376,20190120T083128Z,['1J.TI6A.'],0.0,2019-01-20T08:31:28.390000Z,4.01,0
377,20190120T083137Z,['1J.TI1A.'],0.0,2019-01-20T08:31:37.100000Z,16.9,0
378,20190120T083201Z,['1J.TI6A.'],0.0,2019-01-20T08:32:01.200000Z,2.05,0
379,20190120T083305Z,['1J.TI4A.'],0.0,2019-01-20T08:33:05.260000Z,2.82,0
380,20190120T083324Z,['1J.TI3A.'],0.0,2019-01-20T08:33:24.150000Z,2.12,0
381,20190120T083347Z,['1J.TI6A.'],0.0,2019-01-20T08:33:47.140000Z,3.68,0
382,20190120T083524Z,['1J.TI6A.'],0.0,2019-01-20T08:35:24.070000Z,3.81,0
383,20190120T083536Z,['1J.TI3A.'],0.0,2019-01-20T08:35:36.320000Z,0.68,0
384,20190120T083703Z,"['1J.TI3A.', '1J.TI1A.', '1J.TI4A.', '1J.TI8A.', '1J.TI6A.']",0.0,2019-01-20T08:37:03.040000Z,23.09,0
385,20190120T083759Z,"['1J.TI6A.', '1J.TI3A.', '1J.TI4A.', '1J.TI1A.', '1J.TI8A.']",0.0,2019-01-20T08:37:59.740000Z,55.94,0
386,20190120T083906Z,['1J.TI3A.'],0.0,2019-01-20T08:39:06.600000Z,1.57,0
387,20190120T083921Z,"['1J.TI1A.', '1J.TI4A.']",0.0,2019-01-20T08:39:21.800000Z,13.21,0
388,20190120T083935Z,['1J.TI8A.'],0.0,2019-01-20T08:39:35.740000Z,12.14,0
389,20190120T084128Z,['1J.TI3A.'],0.0,2019-01-20T08:41:28.190000Z,0.86,0
390,20190120T084148Z,"['1J.TI6A.', '1J.TI3A.', '1J.TI8A.', '1J.TI4A.', '1J.TI1A.']",0.0,2019-01-20T08:41:48.990000Z,22.58,0
391,20190120T084319Z,['1J.TI6A.'],0.0,2019-01-20T08:43:19.080000Z,0.84,0
392,20190120T084407Z,['1J.TI3A.'],0.0,2019-01-20T08:44:07.260000Z,1.48,0
393,20190120T084455Z,['1J.TI6A.'],0.0,2019-01-20T08:44:55.300000Z,2.92,0
394,20190120T084536Z,"['1J.TI6A.', '1J.TI3A.', '1J.TI1A.', '1J.TI4A.', '1J.TI8A.']",0.0,2019-01-20T08:45:36.010000Z,11.02,0
395,20190120T084652Z,['1J.TI6A.'],0.0,2019-01-20T08:46:52.680000Z,1.89,0
396,20190120T084719Z,['1J.TI3A.'],0.0,2019-01-20T08:47:19.810000Z,1.93,0
397,20190120T084828Z,"['1J.TI3A.', '1J.TI6A.']",0.0,2019-01-20T08:48:28.610000Z,11.37,0
398,20190120T084908Z,['1J.TI6A.'],0.0,2019-01-20T08:49:08.110000Z,0.92,0
399,20190120T084955Z,['1J.TI6A.'],0.0,2019-01-20T08:49:55.960000Z,0.86,0
400,20190120T085025Z,"['1J.TI1A.', '1J.TI3A.', '1J.TI4A.']",0.0,2019-01-20T08:50:25.330000Z,4.13,0
401,20190120T085042Z,"['1J.TI6A.', '1J.TI3A.', '1J.TI8A.', '1J.TI1A.']",0.0,2019-01-20T08:50:42.160000Z,48.1,0
402,20190120T085222Z,['1J.TI6A.'],0.0,2019-01-20T08:52:22.170000Z,2.41,0
403,20190120T085256Z,['1J.TI3A.'],0.0,2019-01-20T08:52:56.620000Z,1.28,0
404,20190120T085317Z,['1J.TI6A.'],0.0,2019-01-20T08:53:17.070000Z,2.32,0
405,20190120T085409Z,['1J.TI1A.'],0.0,2019-01-20T08:54:09.980000Z,23.38,0
406,20190120T085458Z,"['1J.TI3A.', '1J.TI6A.']",0.0,2019-01-20T08:54:58.640000Z,11.3,0
407,20190120T085523Z,['1J.TI1A.'],0.0,2019-01-20T08:55:23.460000Z,13.61,0
408,20190120T085545Z,['1J.TI6A.'],0.0,2019-01-20T08:55:45.660000Z,2.53,0
409,20190120T085627Z,['1J.TI3A.'],0.0,2019-01-20T08:56:27.160000Z,1.81,0
410,20190120T085721Z,['1J.TI6A.'],0.0,2019-01-20T08:57:21.500000Z,3.34,0
411,20190120T085739Z,['1J.TI1A.'],0.0,2019-01-20T08:57:39.620000Z,2.58,0
412,20190120T085941Z,['1J.TI3A.'],0.0,2019-01-20T08:59:41.250000Z,2.65,0
413,20190120T090026Z,"['1J.TI6A.', '1J.TI4A.']",0.0,2019-01-20T09:00:26.890000Z,6.04,0
414,20190120T090039Z,['1J.TI6A.'],0.0,2019-01-20T09:00:39.870000Z,6.64,0
415,20190120T090154Z,['1J.TI8A.'],0.0,2019-01-20T09:01:54.820000Z,1.1,0
416,20190120T090156Z,['1J.TI6A.'],0.0,2019-01-20T09:01:56.250000Z,1.31,0
417,20190120T090307Z,"['1J.TI3A.', '1J.TI6A.']",0.0,2019-01-20T09:03:07.050000Z,13.51,0
418,20190120T090326Z,['1J.TI6A.'],0.0,2019-01-20T09:03:26.300000Z,1.72,0
419,20190120T090355Z,['1J.TI3A.'],0.0,2019-01-20T09:03:55.700000Z,1.38,0
420,20190120T090417Z,"['1J.TI8A.', '1J.TI4A.', '1J.TI6A.']",0.0,2019-01-20T09:04:17.410000Z,19.17,0
421,20190120T090450Z,"['1J.TI1A.', '1J.TI4A.']",0.0,2019-01-20T09:04:50.770000Z,15.93,0
422,20190120T090520Z,['1J.TI6A.'],0.0,2019-01-20T09:05:20.690000Z,3.81,0
423,20190120T090602Z,['1J.TI3A.'],0.0,2019-01-20T09:06:02.930000Z,2.32,0
424,20190120T090659Z,['1J.TI6A.'],0.0,2019-01-20T09:06:59.780000Z,10.12,0
425,20190120T090832Z,['1J.TI8A.'],0.0,2019-01-20T09:08:32.970000Z,0.79,0
426,20190120T090838Z,['1J.TI6A.'],0.0,2019-01-20T09:08:38.800000Z,3.74,0
427,20190120T090848Z,['1J.TI3A.'],0.0,2019-01-20T09:08:48.430000Z,3.08,0
428,20190120T090905Z,"['1J.TI3A.', '1J.TI6A.', '1J.TI8A.', '1J.TI1A.', '1J.TI4A.']",0.0,2019-01-20T09:09:05.880000Z,20.19,0
429,20190120T091033Z,['1J.TI6A.'],0.0,2019-01-20T09:10:33.010000Z,2.13,0
430,20190120T091055Z,"['1J.TI3A.', '1J.TI6A.']",0.0,2019-01-20T09:10:55.460000Z,21.66,0
431,20190120T091120Z,"['1J.TI1A.', '1J.TI4A.', '1J.TI8A.']",0.0,2019-01-20T09:11:20.710000Z,9.92,0
432,20190120T091150Z,['1J.TI8A.'],0.0,2019-01-20T09:11:50.430000Z,4.4,0
433,20190120T091239Z,['1J.TI6A.'],0.0,2019-01-20T09:12:39.020000Z,2.62,0
434,20190120T091249Z,['1J.TI6A.'],0.0,2019-01-20T09:12:49.340000Z,1.52,0
435,20190120T091317Z,"['1J.TI3A.', '1J.TI6A.']",0.0,2019-01-20T09:13:17.070000Z,12.94,0
436,20190120T091331Z,"['1J.TI1A.', '1J.TI4A.']",0.0,2019-01-20T09:13:31.930000Z,40.97,0
437,20190120T091419Z,['1J.TI6A.'],0.0,2019-01-20T09:14:19.120000Z,1.61,0
438,20190120T091441Z,['1J.TI3A.'],0.0,2019-01-20T09:14:41.380000Z,1.7,0
439,20190120T091451Z,"['1J.TI3A.', '1J.TI6A.', '1J.TI8A.']",0.0,2019-01-20T09:14:51.290000Z,19.9,0
440,20190120T091628Z,['1J.TI3A.'],0.0,2019-01-20T09:16:28.130000Z,0.76,0
441,20190120T091639Z,['1J.TI6A.'],0.0,2019-01-20T09:16:39.060000Z,2.35,0
442,20190120T091717Z,"['1J.TI8A.', '1J.TI6A.', '1J.TI4A.', '1J.TI3A.']",0.0,2019-01-20T09:17:17.860000Z,22.74,0
443,20190120T091811Z,['1J.TI6A.'],0.0,2019-01-20T09:18:11.580000Z,1.44,0
444,20190120T091907Z,['1J.TI3A.'],0.0,2019-01-20T09:19:07.120000Z,0.59,0
445,20190120T091941Z,['1J.TI6A.'],0.0,2019-01-20T09:19:41.180000Z,7.03,0
446,20190120T092047Z,"['1J.TI3A.', '1J.TI6A.']",0.0,2019-01-20T09:20:47.020000Z,18.02,0
447,20190120T092138Z,['1J.TI6A.'],0.0,2019-01-20T09:21:38.830000Z,0.9,0
448,20190120T092158Z,['1J.TI6A.'],0.0,2019-01-20T09:21:58.360000Z,2.29,0
449,20190120T092218Z,['1J.TI8A.'],0.0,2019-01-20T09:22:18.010000Z,1.14,0
450,20190120T092227Z,['1J.TI1A.'],0.0,2019-01-20T09:22:27.760000Z,5.33,0
451,20190120T092322Z,['1J.TI6A.'],0.0,2019-01-20T09:23:22.380000Z,1.92,0
452,20190120T092457Z,"['1J.TI6A.', '1J.TI3A.']",0.0,2019-01-20T09:24:57.720000Z,15.98,0
453,20190120T092539Z,['1J.TI3A.'],0.0,2019-01-20T09:25:39.020000Z,1.07,0
454,20190120T092557Z,['1J.TI6A.'],0.0,2019-01-20T09:25:57.030000Z,1.21,0
455,20190120T092608Z,['1J.TI6A.'],0.0,2019-01-20T09:26:08.520000Z,3.4,0
456,20190120T092641Z,"['1J.TI1A.', '1J.TI6A.', '1J.TI4A.']",0.0,2019-01-20T09:26:41.980000Z,28.74,0
457,20190120T092800Z,['1J.TI6A.'],0.0,2019-01-20T09:28:00.570000Z,1.47,0
458,20190120T092804Z,['1J.TI8A.'],0.0,2019-01-20T09:28:04.420000Z,1.01,0
459,20190120T092944Z,['1J.TI6A.'],0.0,2019-01-20T09:29:44.120000Z,1.68,0
460,20190120T093043Z,['1J.TI1A.'],0.0,2019-01-20T09:30:43.290000Z,3.58,0
461,20190120T093054Z,['1J.TI3A.'],0.0,2019-01-20T09:30:54.400000Z,2.59,0
462,20190120T093111Z,['1J.TI6A.'],0.0,2019-01-20T09:31:11.980000Z,0.74,0
463,20190120T093126Z,['1J.TI6A.'],0.0,2019-01-20T09:31:26.480000Z,4.33,0
464,20190120T093137Z,['1J.TI6A.'],0.0,2019-01-20T09:31:37.470000Z,1.22,0
465,20190120T093239Z,['1J.TI3A.'],0.0,2019-01-20T09:32:39.870000Z,1.35,0
466,20190120T093257Z,['1J.TI8A.'],0.0,2019-01-20T09:32:57.610000Z,1.08,0
467,20190120T093346Z,['1J.TI1A.'],0.0,2019-01-20T09:33:46.940000Z,0.94,0
468,20190120T093348Z,['1J.TI3A.'],0.0,2019-01-20T09:33:48.520000Z,8.78,0
469,20190120T093400Z,['1J.TI6A.'],0.0,2019-01-20T09:34:00.380000Z,1.86,0
470,20190120T093425Z,['1J.TI1A.'],0.0,2019-01-20T09:34:25.420000Z,4.86,0
471,20190120T093430Z,['1J.TI8A.'],0.0,2019-01-20T09:34:30.480000Z,2.42,0
472,20190120T093454Z,['1J.TI1A.'],0.0,2019-01-20T09:34:54.230000Z,9.37,0
473,20190120T093535Z,['1J.TI3A.'],0.0,2019-01-20T09:35:35.220000Z,1.28,0
474,20190120T093545Z,['1J.TI6A.'],0.0,2019-01-20T09:35:45.640000Z,0.7,0
475,20190120T093623Z,['1J.TI6A.'],0.0,2019-01-20T09:36:23.190000Z,3.17,0
476,20190120T093731Z,"['1J.TI1A.', '1J.TI3A.', '1J.TI4A.', '1J.TI6A.', '1J.TI8A.']",0.0,2019-01-20T09:37:31.470000Z,13.6,0
477,20190120T093755Z,['1J.TI3A.'],0.0,2019-01-20T09:37:55.710000Z,5.81,0
478,20190120T093815Z,['1J.TI3A.'],0.0,2019-01-20T09:38:15.260000Z,0.73,0
479,20190120T093845Z,"['1J.TI3A.', '1J.TI6A.']",0.0,2019-01-20T09:38:45.590000Z,13.46,0
480,20190120T093917Z,"['1J.TI6A.', '1J.TI3A.', '1J.TI8A.', '1J.TI1A.', '1J.TI4A.']",0.0,2019-01-20T09:39:17.930000Z,53.54,0
481,20190120T094112Z,['1J.TI8A.'],0.0,2019-01-20T09:41:12.940000Z,0.68,0
482,20190120T094122Z,['1J.TI6A.'],0.0,2019-01-20T09:41:22.370000Z,1.98,0
483,20190120T094141Z,['1J.TI6A.'],0.0,2019-01-20T09:41:41.640000Z,0.72,0
484,20190120T094214Z,['1J.TI6A.'],0.0,2019-01-20T09:42:14.580000Z,1.72,0
485,20190120T094220Z,['1J.TI8A.'],0.0,2019-01-20T09:42:20.560000Z,1.29,0
486,20190120T094233Z,['1J.TI3A.'],0.0,2019-01-20T09:42:33.380000Z,2.05,0
487,20190120T094238Z,['1J.TI1A.'],0.0,2019-01-20T09:42:38.890000Z,9.39,0
488,20190120T094331Z,['1J.TI6A.'],0.0,2019-01-20T09:43:31.260000Z,0.87,0
489,20190120T094504Z,['1J.TI6A.'],0.0,2019-01-20T09:45:04.360000Z,1.61,0
490,20190120T094541Z,"['1J.TI3A.', '1J.TI6A.', '1J.TI8A.', '1J.TI1A.', '1J.TI4A.']",0.0,2019-01-20T09:45:41.310000Z,19.0,0
491,20190120T094639Z,['1J.TI3A.'],0.0,2019-01-20T09:46:39.720000Z,1.16,0
492,20190120T094641Z,['1J.TI6A.'],0.0,2019-01-20T09:46:41.260000Z,2.24,0
493,20190120T094744Z,['1J.TI6A.'],0.0,2019-01-20T09:47:44.260000Z,1.36,0
494,20190120T094841Z,['1J.TI3A.'],0.0,2019-01-20T09:48:41.100000Z,1.7,0
495,20190120T094922Z,['1J.TI6A.'],0.0,2019-01-20T09:49:22.400000Z,1.04,0
496,20190120T095001Z,"['1J.TI1A.', '1J.TI3A.', '1J.TI8A.', '1J.TI4A.']",0.0,2019-01-20T09:50:01.370000Z,12.04,0
497,20190120T095026Z,"['1J.TI3A.', '1J.TI8A.']",0.0,2019-01-20T09:50:26.220000Z,17.95,0
498,20190120T095113Z,"['1J.TI3A.', '1J.TI6A.']",0.0,2019-01-20T09:51:13.240000Z,17.77,0
499,20190120T095350Z,['1J.TI3A.'],0.0,2019-01-20T09:53:50.210000Z,1.88,0
500,20190120T095524Z,"['1J.TI1A.', '1J.TI4A.']",0.0,2019-01-20T09:55:24.110000Z,12.1,0
501,20190120T095548Z,['1J.TI3A.'],0.0,2019-01-20T09:55:48.440000Z,4.4,0
502,20190120T095616Z,['1J.TI3A.'],0.0,2019-01-20T09:56:16.900000Z,2.04,0
503,20190120T095659Z,['1J.TI1A.'],0.0,2019-01-20T09:56:59.830000Z,21.22,0
504,20190120T095814Z,"['1J.TI6A.', '1J.TI3A.']",0.0,2019-01-20T09:58:14.370000Z,4.82,0
505,20190120T095829Z,"['1J.TI3A.', '1J.TI6A.']",0.0,2019-01-20T09:58:29.170000Z,15.17,0
506,20190120T095845Z,"['1J.TI1A.', '1J.TI4A.', '1J.TI8A.']",0.0,2019-01-20T09:58:45.190000Z,17.2,0
507,20190120T100002Z,['1J.TI8A.'],0.0,2019-01-20T10:00:02.710000Z,1.16,0
508,20190120T100018Z,['1J.TI8A.'],0.0,2019-01-20T10:00:18.750000Z,1.12,0
509,20190120T100021Z,['1J.TI4A.'],0.0,2019-01-20T10:00:21.180000Z,1.99,0
510,20190120T100048Z,['1J.TI3A.'],0.0,2019-01-20T10:00:48.300000Z,1.15,0
511,20190120T100158Z,"['1J.TI3A.', '1J.TI6A.', '1J.TI8A.']",0.0,2019-01-20T10:01:58.250000Z,16.22,0
512,20190120T100304Z,['1J.TI3A.'],0.0,2019-01-20T10:03:04.810000Z,1.42,0
513,20190120T100340Z,['1J.TI6A.'],0.0,2019-01-20T10:03:40.740000Z,4.24,0
514,20190120T100450Z,"['1J.TI8A.', '1J.TI4A.']",0.0,2019-01-20T10:04:50.030000Z,8.13,0
515,20190120T100506Z,"['1J.TI6A.', '1J.TI3A.', '1J.TI8A.', '1J.TI1A.', '1J.TI4A.']",0.0,2019-01-20T10:05:06.890000Z,16.55,0
516,20190120T100614Z,['1J.TI4A.'],0.0,2019-01-20T10:06:14.940000Z,2.88,0
517,20190120T100635Z,['1J.TI8A.'],0.0,2019-01-20T10:06:35.640000Z,2.4,0
518,20190120T100720Z,"['1J.TI3A.', '1J.TI6A.']",0.0,2019-01-20T10:07:20.000000Z,6.69,0
519,20190120T100751Z,['1J.TI6A.'],0.0,2019-01-20T10:07:51.010000Z,0.91,0
520,20190120T100807Z,['1J.TI3A.'],0.0,2019-01-20T10:08:07.150000Z,1.56,0
521,20190120T100852Z,"['1J.TI3A.', '1J.TI6A.', '1J.TI8A.']",0.0,2019-01-20T10:08:52.000000Z,20.26,0
522,20190120T100953Z,['1J.TI8A.'],0.0,2019-01-20T10:09:53.740000Z,1.7,0
523,20190120T101011Z,['1J.TI6A.'],0.0,2019-01-20T10:10:11.570000Z,3.08,0
524,20190120T101025Z,"['1J.TI1A.', '1J.TI3A.', '1J.TI4A.', '1J.TI8A.']",0.0,2019-01-20T10:10:25.130000Z,20.13,0
525,20190120T101048Z,['1J.TI3A.'],0.0,2019-01-20T10:10:48.970000Z,11.49,0
526,20190120T101242Z,"['1J.TI1A.', '1J.TI6A.']",0.0,2019-01-20T10:12:42.250000Z,24.58,0
527,20190120T101319Z,['1J.TI4A.'],0.0,2019-01-20T10:13:19.500000Z,2.64,0
528,20190120T101446Z,"['1J.TI3A.', '1J.TI6A.']",0.0,2019-01-20T10:14:46.160000Z,18.69,0
529,20190120T101524Z,['1J.TI6A.'],0.0,2019-01-20T10:15:24.920000Z,1.01,0
530,20190120T101530Z,['1J.TI8A.'],0.0,2019-01-20T10:15:30.040000Z,1.11,0
531,20190120T101547Z,['1J.TI3A.'],0.0,2019-01-20T10:15:47.230000Z,0.79,0
532,20190120T101712Z,['1J.TI3A.'],0.0,2019-01-20T10:17:12.200000Z,6.45,0
533,20190120T101821Z,['1J.TI8A.'],0.0,2019-01-20T10:18:21.350000Z,0.65,0
534,20190120T101927Z,['1J.TI3A.'],0.0,2019-01-20T10:19:27.910000Z,1.94,0
535,20190120T102048Z,['1J.TI6A.'],0.0,2019-01-20T10:20:48.970000Z,4.45,0
536,20190120T102131Z,['1J.TI8A.'],0.0,2019-01-20T10:21:31.760000Z,1.11,0
537,20190120T102200Z,"['1J.TI3A.', '1J.TI6A.']",0.0,2019-01-20T10:22:00.690000Z,17.04,0
538,20190120T102342Z,"['1J.TI8A.', '1J.TI4A.']",0.0,2019-01-20T10:23:42.740000Z,15.18,0
539,20190120T102454Z,"['1J.TI3A.', '1J.TI6A.']",0.0,2019-01-20T10:24:54.360000Z,9.68,0
540,20190120T102544Z,['1J.TI3A.'],0.0,2019-01-20T10:25:44.990000Z,0.87,0
541,20190120T102604Z,['1J.TI6A.'],0.0,2019-01-20T10:26:04.160000Z,1.98,0
542,20190120T102620Z,['1J.TI3A.'],0.0,2019-01-20T10:26:20.920000Z,0.7,0
543,20190120T102636Z,['1J.TI8A.'],0.0,2019-01-20T10:26:36.930000Z,0.86,0
544,20190120T102703Z,['1J.TI8A.'],0.0,2019-01-20T10:27:03.820000Z,1.7,0
545,20190120T102724Z,"['1J.TI1A.', '1J.TI4A.']",0.0,2019-01-20T10:27:24.790000Z,12.41,0
546,20190120T102858Z,"['1J.TI1A.', '1J.TI4A.']",0.0,2019-01-20T10:28:58.200000Z,9.4,0
547,20190120T103025Z,['1J.TI8A.'],0.0,2019-01-20T10:30:25.730000Z,0.83,0
548,20190120T103057Z,['1J.TI4A.'],0.0,2019-01-20T10:30:57.410000Z,6.63,0
549,20190120T103121Z,"['1J.TI6A.', '1J.TI3A.', '1J.TI8A.']",0.0,2019-01-20T10:31:21.590000Z,23.69,0
550,20190120T103213Z,"['1J.TI1A.', '1J.TI8A.', '1J.TI6A.']",0.0,2019-01-20T10:32:13.710000Z,17.95,0
551,20190120T103627Z,['1J.TI6A.'],0.0,2019-01-20T10:36:27.980000Z,3.96,0
552,20190120T103715Z,['1J.TI3A.'],0.0,2019-01-20T10:37:15.480000Z,0.82,0
553,20190120T103736Z,['1J.TI6A.'],0.0,2019-01-20T10:37:36.440000Z,1.36,0
554,20190120T103738Z,['1J.TI8A.'],0.0,2019-01-20T10:37:38.360000Z,0.86,0
555,20190120T104055Z,['1J.TI6A.'],0.0,2019-01-20T10:40:55.760000Z,4.09,0
556,20190120T104111Z,['1J.TI3A.'],0.0,2019-01-20T10:41:11.900000Z,1.9,0
557,20190120T104254Z,"['1J.TI6A.', '1J.TI3A.', '1J.TI8A.', '1J.TI1A.', '1J.TI4A.']",0.0,2019-01-20T10:42:54.940000Z,35.38,0
558,20190120T104422Z,['1J.TI1A.'],0.0,2019-01-20T10:44:22.300000Z,1.61,0
559,20190120T104424Z,['1J.TI4A.'],0.0,2019-01-20T10:44:24.190000Z,2.93,0
560,20190120T104505Z,['1J.TI6A.'],0.0,2019-01-20T10:45:05.780000Z,0.96,0
561,20190120T104522Z,['1J.TI8A.'],0.0,2019-01-20T10:45:22.910000Z,1.59,0
562,20190120T104636Z,"['1J.TI8A.', '1J.TI3A.', '1J.TI6A.', '1J.TI4A.']",0.0,2019-01-20T10:46:36.850000Z,7.8,0
563,20190120T104833Z,"['1J.TI6A.', '1J.TI3A.', '1J.TI1A.']",0.0,2019-01-20T10:48:33.850000Z,34.83,0
564,20190120T104956Z,"['1J.TI6A.', '1J.TI3A.', '1J.TI8A.', '1J.TI1A.', '1J.TI4A.']",0.0,2019-01-20T10:49:56.350000Z,29.81,0
565,20190120T105100Z,"['1J.TI3A.', '1J.TI6A.']",0.0,2019-01-20T10:51:00.280000Z,7.69,0
566,20190120T105244Z,"['1J.TI1A.', '1J.TI4A.']",0.0,2019-01-20T10:52:44.870000Z,5.64,0
567,20190120T105332Z,"['1J.TI6A.', '1J.TI3A.', '1J.TI8A.', '1J.TI1A.', '1J.TI4A.']",0.0,2019-01-20T10:53:32.860000Z,57.69,0
568,20190120T105520Z,['1J.TI3A.'],0.0,2019-01-20T10:55:20.560000Z,4.11,0
569,20190120T105605Z,['1J.TI1A.'],0.0,2019-01-20T10:56:05.090000Z,6.11,0
570,20190120T105634Z,['1J.TI1A.'],0.0,2019-01-20T10:56:34.410000Z,12.06,0
571,20190120T105820Z,['1J.TI8A.'],0.0,2019-01-20T10:58:20.350000Z,0.79,0
572,20190120T105916Z,['1J.TI3A.'],0.0,2019-01-20T10:59:16.220000Z,2.06,0
573,20190120T105958Z,"['1J.TI3A.', '1J.TI6A.', '1J.TI8A.', '1J.TI1A.', '1J.TI4A.']",0.0,2019-01-20T10:59:58.130000Z,53.22,0
574,20190120T110205Z,"['1J.TI3A.', '1J.TI6A.', '1J.TI8A.']",0.0,2019-01-20T11:02:05.960000Z,7.59,0
575,20190120T110233Z,"['1J.TI3A.', '1J.TI6A.']",0.0,2019-01-20T11:02:33.010000Z,7.46,0
576,20190120T110310Z,['1J.TI8A.'],0.0,2019-01-20T11:03:10.150000Z,0.73,0
577,20190120T110657Z,['1J.TI8A.'],0.0,2019-01-20T11:06:57.950000Z,1.05,0
578,20190120T110711Z,['1J.TI1A.'],0.0,2019-01-20T11:07:11.190000Z,7.69,0
579,20190120T110721Z,['1J.TI3A.'],0.0,2019-01-20T11:07:21.980000Z,12.72,0
580,20190120T110825Z,['1J.TI3A.'],0.0,2019-01-20T11:08:25.610000Z,1.16,0
581,20190120T110853Z,['1J.TI3A.'],0.0,2019-01-20T11:08:53.540000Z,1.15,0
582,20190120T111100Z,['1J.TI3A.'],0.0,2019-01-20T11:11:00.410000Z,1.03,0
583,20190120T111122Z,['1J.TI1A.'],0.0,2019-01-20T11:11:22.340000Z,3.81,0
584,20190120T111140Z,['1J.TI3A.'],0.0,2019-01-20T11:11:40.740000Z,0.73,0
585,20190120T111207Z,['1J.TI4A.'],0.0,2019-01-20T11:12:07.160000Z,9.27,0
586,20190120T111230Z,['1J.TI3A.'],0.0,2019-01-20T11:12:30.090000Z,2.62,0
587,20190120T111252Z,['1J.TI3A.'],0.0,2019-01-20T11:12:52.430000Z,6.0,0
588,20190120T111526Z,['1J.TI3A.'],0.0,2019-01-20T11:15:26.810000Z,4.03,0
589,20190120T111549Z,"['1J.TI1A.', '1J.TI4A.']",0.0,2019-01-20T11:15:49.540000Z,28.38,0
590,20190120T111618Z,"['1J.TI8A.', '1J.TI3A.', '1J.TI6A.']",0.0,2019-01-20T11:16:18.300000Z,29.37,0
591,20190120T111937Z,['1J.TI3A.'],0.0,2019-01-20T11:19:37.600000Z,12.66,0
592,20190120T112020Z,['1J.TI8A.'],0.0,2019-01-20T11:20:20.080000Z,1.35,0
593,20190120T112414Z,['1J.TI8A.'],0.0,2019-01-20T11:24:14.700000Z,0.98,0
594,20190120T112450Z,"['1J.TI4A.', '1J.TI1A.']",0.0,2019-01-20T11:24:50.160000Z,25.59,0
595,20190120T112539Z,['1J.TI3A.'],0.0,2019-01-20T11:25:39.730000Z,0.73,0
596,20190120T112546Z,['1J.TI4A.'],0.0,2019-01-20T11:25:46.770000Z,4.92,0
597,20190120T112609Z,['1J.TI8A.'],0.0,2019-01-20T11:26:09.590000Z,1.71,0
598,20190120T112640Z,['1J.TI3A.'],0.0,2019-01-20T11:26:40.130000Z,3.58,0
599,20190120T112653Z,['1J.TI8A.'],0.0,2019-01-20T11:26:53.340000Z,5.23,0
600,20190120T112818Z,['1J.TI8A.'],0.0,2019-01-20T11:28:18.400000Z,0.89,0
601,20190120T113236Z,['1J.TI8A.'],0.0,2019-01-20T11:32:36.100000Z,0.99,0
602,20190120T113325Z,['1J.TI1A.'],0.0,2019-01-20T11:33:25.140000Z,20.14,0
603,20190120T113440Z,['1J.TI1A.'],0.0,2019-01-20T11:34:40.710000Z,11.92,0
604,20190120T113626Z,"['1J.TI3A.', '1J.TI6A.']",0.0,2019-01-20T11:36:26.530000Z,15.25,0
605,20190120T113712Z,['1J.TI8A.'],0.0,2019-01-20T11:37:12.310000Z,11.95,0
606,20190120T113927Z,['1J.TI4A.'],0.0,2019-01-20T11:39:27.010000Z,10.43,0
607,20190120T114038Z,['1J.TI4A.'],0.0,2019-01-20T11:40:38.850000Z,5.27,0
608,20190120T114103Z,['1J.TI8A.'],0.0,2019-01-20T11:41:03.750000Z,0.87,0
609,20190120T114431Z,['1J.TI8A.'],0.0,2019-01-20T11:44:31.440000Z,0.82,0
610,20190120T114503Z,['1J.TI3A.'],0.0,2019-01-20T11:45:03.850000Z,7.72,0
611,20190120T114538Z,['1J.TI4A.'],0.0,2019-01-20T11:45:38.150000Z,1.57,0
612,20190120T114735Z,"['1J.TI1A.', '1J.TI8A.']",0.0,2019-01-20T11:47:35.390000Z,26.72,0
613,20190120T114834Z,"['1J.TI1A.', '1J.TI8A.']",0.0,2019-01-20T11:48:34.090000Z,25.11,0
614,20190120T114903Z,"['1J.TI3A.', '1J.TI6A.', '1J.TI8A.']",0.0,2019-01-20T11:49:03.310000Z,21.52,0
615,20190120T114947Z,['1J.TI1A.'],0.0,2019-01-20T11:49:47.640000Z,2.94,0
616,20190120T115205Z,['1J.TI8A.'],0.0,2019-01-20T11:52:05.420000Z,0.89,0
617,20190120T115548Z,['1J.TI4A.'],0.0,2019-01-20T11:55:48.120000Z,2.6,0
618,20190120T115943Z,['1J.TI1A.'],0.0,2019-01-20T11:59:43.340000Z,38.2,0
619,20190120T120044Z,['1J.TI4A.'],0.0,2019-01-20T12:00:44.990000Z,12.65,0
620,20190120T120116Z,"['1J.TI3A.', '1J.TI6A.', '1J.TI8A.', '1J.TI4A.']",0.0,2019-01-20T12:01:16.220000Z,63.61,0
621,20190120T120712Z,"['1J.TI6A.', '1J.TI8A.', '1J.TI3A.', '1J.TI4A.']",0.0,2019-01-20T12:07:12.180000Z,23.23,0
622,20190120T120832Z,['1J.TI8A.'],0.0,2019-01-20T12:08:32.330000Z,2.75,0
623,20190120T121544Z,['1J.TI8A.'],0.0,2019-01-20T12:15:44.140000Z,16.35,0
624,20190120T121724Z,"['1J.TI6A.', '1J.TI3A.', '1J.TI1A.', '1J.TI4A.', '1J.TI8A.']",0.0,2019-01-20T12:17:24.780000Z,52.81,0
625,20190120T122053Z,"['1J.TI8A.', '1J.TI1A.', '1J.TI4A.']",0.0,2019-01-20T12:20:53.820000Z,19.4,0
626,20190120T122236Z,['1J.TI8A.'],0.0,2019-01-20T12:22:36.230000Z,4.17,0
627,20190120T122804Z,['1J.TI6A.'],0.0,2019-01-20T12:28:04.650000Z,1.01,0
628,20190120T122945Z,['1J.TI1A.'],0.0,2019-01-20T12:29:45.230000Z,37.93,0
629,20190120T123744Z,['1J.TI4A.'],0.0,2019-01-20T12:37:44.620000Z,9.64,0
630,20190120T124001Z,['1J.TI1A.'],0.0,2019-01-20T12:40:01.640000Z,3.77,0
631,20190120T124737Z,['1J.TI1A.'],0.0,2019-01-20T12:47:37.480000Z,23.52,0
632,20190120T125153Z,"['1J.TI3A.', '1J.TI6A.']",0.0,2019-01-20T12:51:53.010000Z,12.41,0
633,20190120T125356Z,['1J.TI1A.'],0.0,2019-01-20T12:53:56.360000Z,21.68,0
634,20190120T125433Z,['1J.TI1A.'],0.0,2019-01-20T12:54:33.380000Z,9.52,0
635,20190120T125704Z,"['1J.TI1A.', '1J.TI3A.']",0.0,2019-01-20T12:57:04.450000Z,21.67,0
636,20190120T125953Z,"['1J.TI1A.', '1J.TI4A.']",0.0,2019-01-20T12:59:53.770000Z,28.86,0
637,20190120T130036Z,['1J.TI3A.'],0.0,2019-01-20T13:00:36.950000Z,0.94,0
638,20190120T130105Z,['1J.TI3A.'],0.0,2019-01-20T13:01:05.460000Z,8.98,0
639,20190120T130611Z,['1J.TI1A.'],0.0,2019-01-20T13:06:11.580000Z,41.8,0
640,20190120T130748Z,['1J.TI3A.'],0.0,2019-01-20T13:07:48.550000Z,2.13,0
641,20190120T131127Z,"['1J.TI1A.', '1J.TI4A.']",0.0,2019-01-20T13:11:27.240000Z,14.24,0
642,20190120T131357Z,['1J.TI1A.'],0.0,2019-01-20T13:13:57.490000Z,3.26,0
643,20190120T131413Z,['1J.TI1A.'],0.0,2019-01-20T13:14:13.380000Z,8.51,0
644,20190120T131528Z,['1J.TI1A.'],0.0,2019-01-20T13:15:28.240000Z,2.01,0
645,20190120T131708Z,['1J.TI4A.'],0.0,2019-01-20T13:17:08.080000Z,42.46,0
646,20190120T131903Z,['1J.TI4A.'],0.0,2019-01-20T13:19:03.810000Z,26.52,0
647,20190120T132325Z,['1J.TI8A.'],0.0,2019-01-20T13:23:25.540000Z,11.78,0
648,20190120T132408Z,['1J.TI8A.'],0.0,2019-01-20T13:24:08.550000Z,2.77,0
649,20190120T132626Z,['1J.TI1A.'],0.0,2019-01-20T13:26:26.340000Z,12.29,0
650,20190120T132718Z,['1J.TI1A.'],0.0,2019-01-20T13:27:18.230000Z,1.44,0
651,20190120T132824Z,['1J.TI1A.'],0.0,2019-01-20T13:28:24.880000Z,3.23,0
652,20190120T132925Z,['1J.TI3A.'],0.0,2019-01-20T13:29:25.110000Z,7.19,0
653,20190120T133009Z,['1J.TI1A.'],0.0,2019-01-20T13:30:09.030000Z,19.41,0
654,20190120T133314Z,['1J.TI3A.'],0.0,2019-01-20T13:33:14.200000Z,1.11,0
655,20190120T133627Z,['1J.TI3A.'],0.0,2019-01-20T13:36:27.490000Z,2.26,0
656,20190120T133631Z,['1J.TI1A.'],0.0,2019-01-20T13:36:31.420000Z,21.58,0
657,20190120T133658Z,"['1J.TI6A.', '1J.TI8A.', '1J.TI1A.']",0.0,2019-01-20T13:36:58.790000Z,21.29,0
658,20190120T134001Z,"['1J.TI1A.', '1J.TI8A.', '1J.TI4A.']",0.0,2019-01-20T13:40:01.230000Z,18.75,0
659,20190120T134107Z,"['1J.TI1A.', '1J.TI4A.']",0.0,2019-01-20T13:41:07.060000Z,32.5,0
660,20190120T134249Z,['1J.TI1A.'],0.0,2019-01-20T13:42:49.420000Z,2.51,0
661,20190120T134609Z,"['1J.TI3A.', '1J.TI6A.']",0.0,2019-01-20T13:46:09.070000Z,5.89,0
662,20190120T134707Z,['1J.TI8A.'],0.0,2019-01-20T13:47:07.950000Z,3.03,0
663,20190120T134723Z,['1J.TI1A.'],0.0,2019-01-20T13:47:23.210000Z,10.71,0
664,20190120T134818Z,['1J.TI3A.'],0.0,2019-01-20T13:48:18.050000Z,10.3,0
665,20190120T134905Z,['1J.TI3A.'],0.0,2019-01-20T13:49:05.550000Z,2.13,0
666,20190120T134924Z,['1J.TI3A.'],0.0,2019-01-20T13:49:24.110000Z,8.31,0
667,20190120T134943Z,"['1J.TI1A.', '1J.TI8A.']",0.0,2019-01-20T13:49:43.910000Z,13.43,0
668,20190120T135123Z,"['1J.TI3A.', '1J.TI1A.']",0.0,2019-01-20T13:51:23.290000Z,5.05,0
669,20190120T135131Z,['1J.TI3A.'],0.0,2019-01-20T13:51:31.160000Z,3.15,0
670,20190120T135310Z,['1J.TI1A.'],0.0,2019-01-20T13:53:10.270000Z,24.78,0
671,20190120T135341Z,['1J.TI3A.'],0.0,2019-01-20T13:53:41.280000Z,2.46,0
672,20190120T135441Z,['1J.TI3A.'],0.0,2019-01-20T13:54:41.600000Z,2.29,0
673,20190120T135518Z,['1J.TI1A.'],0.0,2019-01-20T13:55:18.000000Z,1.27,0
674,20190120T135540Z,['1J.TI3A.'],0.0,2019-01-20T13:55:40.440000Z,2.08,0
675,20190120T135600Z,['1J.TI3A.'],0.0,2019-01-20T13:56:00.040000Z,10.64,0
676,20190120T135610Z,['1J.TI1A.'],0.0,2019-01-20T13:56:10.830000Z,7.09,0
677,20190120T135636Z,['1J.TI3A.'],0.0,2019-01-20T13:56:36.340000Z,1.71,0
678,20190120T135735Z,['1J.TI3A.'],0.0,2019-01-20T13:57:35.830000Z,10.31,0
679,20190120T135808Z,['1J.TI1A.'],0.0,2019-01-20T13:58:08.410000Z,7.89,0
680,20190120T135912Z,['1J.TI3A.'],0.0,2019-01-20T13:59:12.670000Z,2.94,0
681,20190120T135947Z,['1J.TI3A.'],0.0,2019-01-20T13:59:47.740000Z,2.09,0
682,20190120T140006Z,['1J.TI3A.'],0.0,2019-01-20T14:00:06.440000Z,2.6,0
683,20190120T140048Z,['1J.TI1A.'],0.0,2019-01-20T14:00:48.380000Z,15.21,0
684,20190120T140131Z,['1J.TI3A.'],0.0,2019-01-20T14:01:31.760000Z,1.7,0
685,20190120T140256Z,"['1J.TI1A.', '1J.TI3A.']",0.0,2019-01-20T14:02:56.860000Z,30.29,0
686,20190120T140355Z,['1J.TI1A.'],0.0,2019-01-20T14:03:55.070000Z,16.27,0
687,20190120T140418Z,"['1J.TI1A.', '1J.TI3A.']",0.0,2019-01-20T14:04:18.260000Z,8.41,0
688,20190120T140534Z,"['1J.TI3A.', '1J.TI6A.']",0.0,2019-01-20T14:05:34.540000Z,8.4,0
689,20190120T140637Z,['1J.TI1A.'],0.0,2019-01-20T14:06:37.240000Z,1.27,0
690,20190120T140857Z,['1J.TI8A.'],0.0,2019-01-20T14:08:57.180000Z,5.6,0
691,20190120T141041Z,['1J.TI1A.'],0.0,2019-01-20T14:10:41.310000Z,4.38,0
692,20190120T141219Z,['1J.TI3A.'],0.0,2019-01-20T14:12:19.990000Z,6.09,0
693,20190120T141519Z,['1J.TI1A.'],0.0,2019-01-20T14:15:19.220000Z,17.71,0
694,20190120T141609Z,['1J.TI1A.'],0.0,2019-01-20T14:16:09.610000Z,2.9,0
695,20190120T142000Z,['1J.TI8A.'],0.0,2019-01-20T14:20:00.490000Z,4.43,0
696,20190120T142029Z,['1J.TI1A.'],0.0,2019-01-20T14:20:29.790000Z,3.02,0
697,20190120T142113Z,['1J.TI1A.'],0.0,2019-01-20T14:21:13.550000Z,10.06,0
698,20190120T142150Z,['1J.TI3A.'],0.0,2019-01-20T14:21:50.680000Z,6.78,0
699,20190120T142314Z,['1J.TI3A.'],0.0,2019-01-20T14:23:14.530000Z,2.39,0
700,20190120T142329Z,['1J.TI3A.'],0.0,2019-01-20T14:23:29.200000Z,11.66,0
701,20190120T142405Z,['1J.TI3A.'],0.0,2019-01-20T14:24:05.560000Z,2.08,0
702,20190120T142505Z,['1J.TI3A.'],0.0,2019-01-20T14:25:05.800000Z,11.52,0
703,20190120T142750Z,['1J.TI3A.'],0.0,2019-01-20T14:27:50.760000Z,1.76,0
704,20190120T142757Z,['1J.TI3A.'],0.0,2019-01-20T14:27:57.720000Z,6.54,0
705,20190120T142903Z,['1J.TI3A.'],0.0,2019-01-20T14:29:03.730000Z,4.23,0
706,20190120T143008Z,['1J.TI3A.'],0.0,2019-01-20T14:30:08.940000Z,1.61,0
707,20190120T143118Z,['1J.TI3A.'],0.0,2019-01-20T14:31:18.530000Z,1.57,0
708,20190120T143301Z,['1J.TI3A.'],0.0,2019-01-20T14:33:01.030000Z,1.59,0
709,20190120T143323Z,['1J.TI3A.'],0.0,2019-01-20T14:33:23.600000Z,1.31,0
710,20190120T143328Z,"['1J.TI8A.', '1J.TI3A.']",0.0,2019-01-20T14:33:28.420000Z,21.39,0
711,20190120T143356Z,['1J.TI3A.'],0.0,2019-01-20T14:33:56.530000Z,13.18,0
712,20190120T143525Z,['1J.TI3A.'],0.0,2019-01-20T14:35:25.590000Z,1.52,0
713,20190120T143542Z,['1J.TI1A.'],0.0,2019-01-20T14:35:42.380000Z,3.41,0
714,20190120T143548Z,['1J.TI3A.'],0.0,2019-01-20T14:35:48.310000Z,1.29,0
715,20190120T143719Z,['1J.TI3A.'],0.0,2019-01-20T14:37:19.460000Z,2.94,0
716,20190120T143905Z,['1J.TI3A.'],0.0,2019-01-20T14:39:05.620000Z,2.59,0
717,20190120T143933Z,"['1J.TI3A.', '1J.TI8A.']",0.0,2019-01-20T14:39:33.530000Z,41.45,0
718,20190120T144426Z,['1J.TI3A.'],0.0,2019-01-20T14:44:26.570000Z,4.13,0
719,20190120T144614Z,['1J.TI1A.'],0.0,2019-01-20T14:46:14.110000Z,4.6,0
720,20190120T144638Z,['1J.TI1A.'],0.0,2019-01-20T14:46:38.180000Z,8.32,0
721,20190120T144805Z,['1J.TI1A.'],0.0,2019-01-20T14:48:05.030000Z,31.11,0
722,20190120T144941Z,['1J.TI1A.'],0.0,2019-01-20T14:49:41.720000Z,7.7,0
723,20190120T145051Z,['1J.TI1A.'],0.0,2019-01-20T14:50:51.900000Z,5.45,0
724,20190120T145147Z,['1J.TI3A.'],0.0,2019-01-20T14:51:47.180000Z,1.64,0
725,20190120T145537Z,['1J.TI1A.'],0.0,2019-01-20T14:55:37.760000Z,22.26,0
726,20190120T145609Z,['1J.TI3A.'],0.0,2019-01-20T14:56:09.550000Z,5.15,0
727,20190120T145648Z,['1J.TI3A.'],0.0,2019-01-20T14:56:48.990000Z,3.68,0
728,20190120T145700Z,['1J.TI3A.'],0.0,2019-01-20T14:57:00.030000Z,13.3,0
729,20190120T145729Z,"['1J.TI6A.', '1J.TI8A.', '1J.TI1A.']",0.0,2019-01-20T14:57:29.930000Z,16.4,0
730,20190120T145748Z,['1J.TI3A.'],0.0,2019-01-20T14:57:48.300000Z,7.89,0
731,20190120T145906Z,['1J.TI3A.'],0.0,2019-01-20T14:59:06.180000Z,2.04,0
732,20190120T145921Z,['1J.TI3A.'],0.0,2019-01-20T14:59:21.800000Z,3.97,0
733,20190120T145930Z,['1J.TI1A.'],0.0,2019-01-20T14:59:30.320000Z,1.45,0
734,20190120T150220Z,['1J.TI1A.'],0.0,2019-01-20T15:02:20.850000Z,10.23,0
735,20190120T150248Z,"['1J.TI8A.', '1J.TI6A.', '1J.TI1A.', '1J.TI3A.']",0.0,2019-01-20T15:02:48.520000Z,22.03,0
736,20190120T150355Z,"['1J.TI1A.', '1J.TI3A.']",0.0,2019-01-20T15:03:55.480000Z,11.99,0
737,20190120T150421Z,"['1J.TI6A.', '1J.TI3A.', '1J.TI1A.', '1J.TI8A.']",0.0,2019-01-20T15:04:21.310000Z,22.85,0
738,20190120T150503Z,['1J.TI3A.'],0.0,2019-01-20T15:05:03.970000Z,3.82,0
739,20190120T150555Z,['1J.TI3A.'],0.0,2019-01-20T15:05:55.550000Z,1.82,0
740,20190120T150616Z,['1J.TI3A.'],0.0,2019-01-20T15:06:16.930000Z,7.38,0
741,20190120T150651Z,['1J.TI3A.'],0.0,2019-01-20T15:06:51.040000Z,3.43,0
742,20190120T150812Z,"['1J.TI1A.', '1J.TI3A.']",0.0,2019-01-20T15:08:12.260000Z,11.34,0
743,20190120T150914Z,['1J.TI3A.'],0.0,2019-01-20T15:09:14.400000Z,4.39,0
744,20190120T151013Z,"['1J.TI3A.', '1J.TI1A.']",0.0,2019-01-20T15:10:13.400000Z,12.54,0
745,20190120T151101Z,['1J.TI3A.'],0.0,2019-01-20T15:11:01.100000Z,1.86,0
746,20190120T151235Z,['1J.TI3A.'],0.0,2019-01-20T15:12:35.940000Z,3.12,0
747,20190120T151348Z,['1J.TI3A.'],0.0,2019-01-20T15:13:48.480000Z,6.36,0
748,20190120T151447Z,['1J.TI8A.'],0.0,2019-01-20T15:14:47.950000Z,3.17,0
749,20190120T151544Z,['1J.TI3A.'],0.0,2019-01-20T15:15:44.170000Z,4.88,0
750,20190120T151704Z,['1J.TI3A.'],0.0,2019-01-20T15:17:04.490000Z,1.25,0
751,20190120T151730Z,['1J.TI3A.'],0.0,2019-01-20T15:17:30.570000Z,1.12,0
752,20190120T151951Z,['1J.TI3A.'],0.0,2019-01-20T15:19:51.340000Z,1.52,0
753,20190120T152052Z,['1J.TI3A.'],0.0,2019-01-20T15:20:52.780000Z,5.99,0
754,20190120T152313Z,['1J.TI3A.'],0.0,2019-01-20T15:23:13.220000Z,1.53,0
755,20190120T152340Z,['1J.TI3A.'],0.0,2019-01-20T15:23:40.370000Z,1.15,0
756,20190120T152357Z,"['1J.TI3A.', '1J.TI6A.', '1J.TI1A.']",0.0,2019-01-20T15:23:57.140000Z,27.06,0
757,20190120T152731Z,['1J.TI1A.'],0.0,2019-01-20T15:27:31.670000Z,17.42,0
758,20190120T152755Z,['1J.TI3A.'],0.0,2019-01-20T15:27:55.520000Z,6.24,0
759,20190120T153009Z,['1J.TI3A.'],0.0,2019-01-20T15:30:09.360000Z,16.77,0
760,20190120T153146Z,['1J.TI3A.'],0.0,2019-01-20T15:31:46.520000Z,2.49,0
761,20190120T153150Z,['1J.TI1A.'],0.0,2019-01-20T15:31:50.510000Z,1.42,0
762,20190120T153509Z,['1J.TI3A.'],0.0,2019-01-20T15:35:09.860000Z,4.72,0
763,20190120T153546Z,['1J.TI1A.'],0.0,2019-01-20T15:35:46.480000Z,1.87,0
764,20190120T153622Z,['1J.TI1A.'],0.0,2019-01-20T15:36:22.730000Z,8.24,0
765,20190120T153723Z,['1J.TI1A.'],0.0,2019-01-20T15:37:23.710000Z,33.44,0
766,20190120T153848Z,['1J.TI1A.'],0.0,2019-01-20T15:38:48.560000Z,16.75,0
767,20190120T154059Z,['1J.TI1A.'],0.0,2019-01-20T15:40:59.500000Z,21.75,0
768,20190120T154246Z,"['1J.TI1A.', '1J.TI8A.']",0.0,2019-01-20T15:42:46.840000Z,28.77,0
769,20190120T154455Z,['1J.TI3A.'],0.0,2019-01-20T15:44:55.570000Z,4.7,0
770,20190120T154639Z,['1J.TI1A.'],0.0,2019-01-20T15:46:39.250000Z,4.39,0
771,20190120T154709Z,['1J.TI3A.'],0.0,2019-01-20T15:47:09.800000Z,2.02,0
772,20190120T154758Z,['1J.TI3A.'],0.0,2019-01-20T15:47:58.170000Z,1.64,0
773,20190120T155200Z,['1J.TI8A.'],0.0,2019-01-20T15:52:00.650000Z,0.98,0
774,20190120T155202Z,['1J.TI1A.'],0.0,2019-01-20T15:52:02.530000Z,11.04,0
775,20190120T155231Z,"['1J.TI1A.', '1J.TI8A.']",0.0,2019-01-20T15:52:31.120000Z,12.8,0
776,20190120T155255Z,"['1J.TI1A.', '1J.TI8A.']",0.0,2019-01-20T15:52:55.440000Z,17.81,0
777,20190120T155645Z,['1J.TI1A.'],0.0,2019-01-20T15:56:45.010000Z,4.52,0
778,20190120T155713Z,['1J.TI1A.'],0.0,2019-01-20T15:57:13.720000Z,13.31,0
779,20190120T155738Z,"['1J.TI1A.', '1J.TI8A.']",0.0,2019-01-20T15:57:38.190000Z,14.76,0
780,20190120T155906Z,['1J.TI1A.'],0.0,2019-01-20T15:59:06.700000Z,3.55,0
781,20190120T160035Z,['1J.TI8A.'],0.0,2019-01-20T16:00:35.130000Z,18.67,0
782,20190120T160106Z,['1J.TI1A.'],0.0,2019-01-20T16:01:06.350000Z,10.16,0
783,20190120T160150Z,['1J.TI1A.'],0.0,2019-01-20T16:01:50.620000Z,3.33,0
784,20190120T160321Z,['1J.TI1A.'],0.0,2019-01-20T16:03:21.110000Z,4.06,0
785,20190120T160515Z,"['1J.TI1A.', '1J.TI8A.']",0.0,2019-01-20T16:05:15.750000Z,20.51,0
786,20190120T160545Z,['1J.TI8A.'],0.0,2019-01-20T16:05:45.370000Z,13.1,0
787,20190120T160657Z,['1J.TI1A.'],0.0,2019-01-20T16:06:57.390000Z,3.49,0
788,20190120T160721Z,['1J.TI1A.'],0.0,2019-01-20T16:07:21.630000Z,2.15,0
789,20190120T160726Z,['1J.TI8A.'],0.0,2019-01-20T16:07:26.750000Z,2.93,0
790,20190120T161216Z,['1J.TI1A.'],0.0,2019-01-20T16:12:16.960000Z,1.86,0
791,20190120T161619Z,['1J.TI1A.'],0.0,2019-01-20T16:16:19.870000Z,35.86,0
792,20190120T161850Z,['1J.TI1A.'],0.0,2019-01-20T16:18:50.800000Z,23.33,0
793,20190120T161928Z,['1J.TI1A.'],0.0,2019-01-20T16:19:28.530000Z,19.7,0
794,20190120T162514Z,['1J.TI1A.'],0.0,2019-01-20T16:25:14.130000Z,15.49,0
795,20190120T162712Z,['1J.TI1A.'],0.0,2019-01-20T16:27:12.670000Z,5.14,0
796,20190120T162730Z,['1J.TI1A.'],0.0,2019-01-20T16:27:30.660000Z,11.53,0
797,20190120T162837Z,['1J.TI1A.'],0.0,2019-01-20T16:28:37.580000Z,1.2,0
798,20190120T163346Z,['1J.TI3A.'],0.0,2019-01-20T16:33:46.710000Z,1.37,0
799,20190120T163424Z,['1J.TI3A.'],0.0,2019-01-20T16:34:24.620000Z,1.85,0
800,20190120T163444Z,['1J.TI3A.'],0.0,2019-01-20T16:34:44.150000Z,1.04,0
801,20190120T163511Z,['1J.TI1A.'],0.0,2019-01-20T16:35:11.580000Z,12.88,0
802,20190120T163604Z,['1J.TI3A.'],0.0,2019-01-20T16:36:04.530000Z,1.19,0
803,20190120T163745Z,['1J.TI1A.'],0.0,2019-01-20T16:37:45.540000Z,1.94,0
804,20190120T163921Z,['1J.TI3A.'],0.0,2019-01-20T16:39:21.770000Z,2.56,0
805,20190120T164336Z,['1J.TI1A.'],0.0,2019-01-20T16:43:36.590000Z,13.59,0
806,20190120T164351Z,['1J.TI3A.'],0.0,2019-01-20T16:43:51.170000Z,3.76,0
807,20190120T164409Z,"['1J.TI3A.', '1J.TI8A.', '1J.TI4A.']",0.0,2019-01-20T16:44:09.090000Z,17.64,0
808,20190120T164514Z,['1J.TI3A.'],0.0,2019-01-20T16:45:14.720000Z,13.7,0
809,20190120T164724Z,['1J.TI4A.'],0.0,2019-01-20T16:47:24.380000Z,4.62,0
810,20190120T164743Z,['1J.TI4A.'],0.0,2019-01-20T16:47:43.250000Z,6.29,0
811,20190120T164816Z,"['1J.TI3A.', '1J.TI6A.', '1J.TI8A.', '1J.TI1A.', '1J.TI4A.']",0.0,2019-01-20T16:48:16.890000Z,22.68,0
812,20190120T164855Z,['1J.TI1A.'],0.0,2019-01-20T16:48:55.500000Z,16.77,0
813,20190120T164914Z,['1J.TI3A.'],0.0,2019-01-20T16:49:14.370000Z,10.97,0
814,20190120T164936Z,"['1J.TI4A.', '1J.TI1A.']",0.0,2019-01-20T16:49:36.390000Z,19.8,0
815,20190120T164959Z,"['1J.TI3A.', '1J.TI6A.', '1J.TI8A.', '1J.TI4A.']",0.0,2019-01-20T16:49:59.170000Z,20.16,0
816,20190120T165131Z,['1J.TI4A.'],0.0,2019-01-20T16:51:31.500000Z,8.16,0
817,20190120T165143Z,['1J.TI1A.'],0.0,2019-01-20T16:51:43.650000Z,3.01,0
818,20190120T165307Z,['1J.TI4A.'],0.0,2019-01-20T16:53:07.490000Z,9.04,0
819,20190120T165337Z,['1J.TI4A.'],0.0,2019-01-20T16:53:37.890000Z,54.68,0
820,20190120T165501Z,"['1J.TI3A.', '1J.TI1A.', '1J.TI4A.']",0.0,2019-01-20T16:55:01.650000Z,11.98,0
821,20190120T165529Z,['1J.TI4A.'],0.0,2019-01-20T16:55:29.440000Z,15.99,0
822,20190120T165641Z,['1J.TI8A.'],0.0,2019-01-20T16:56:41.010000Z,1.27,0
823,20190120T165746Z,['1J.TI3A.'],0.0,2019-01-20T16:57:46.520000Z,2.91,0
824,20190120T165759Z,['1J.TI3A.'],0.0,2019-01-20T16:57:59.950000Z,4.42,0
825,20190120T165912Z,['1J.TI3A.'],0.0,2019-01-20T16:59:12.450000Z,9.94,0
826,20190120T170007Z,['1J.TI8A.'],0.0,2019-01-20T17:00:07.060000Z,11.38,0
827,20190120T170100Z,['1J.TI1A.'],0.0,2019-01-20T17:01:00.890000Z,7.05,0
828,20190120T170301Z,['1J.TI3A.'],0.0,2019-01-20T17:03:01.850000Z,1.16,0
829,20190120T170434Z,"['1J.TI1A.', '1J.TI4A.']",0.0,2019-01-20T17:04:34.230000Z,3.99,0
830,20190120T170453Z,"['1J.TI1A.', '1J.TI4A.']",0.0,2019-01-20T17:04:53.350000Z,13.14,0
831,20190120T170557Z,"['1J.TI1A.', '1J.TI4A.']",0.0,2019-01-20T17:05:57.630000Z,10.5,0
832,20190120T170655Z,"['1J.TI1A.', '1J.TI4A.']",0.0,2019-01-20T17:06:55.450000Z,17.91,0
833,20190120T170747Z,['1J.TI8A.'],0.0,2019-01-20T17:07:47.380000Z,2.94,0
834,20190120T170855Z,['1J.TI4A.'],0.0,2019-01-20T17:08:55.350000Z,1.66,0
835,20190120T170916Z,"['1J.TI3A.', '1J.TI4A.']",0.0,2019-01-20T17:09:16.780000Z,22.46,0
836,20190120T170953Z,['1J.TI8A.'],0.0,2019-01-20T17:09:53.790000Z,1.12,0
837,20190120T171035Z,"['1J.TI1A.', '1J.TI4A.']",0.0,2019-01-20T17:10:35.880000Z,14.09,0
838,20190120T171059Z,['1J.TI3A.'],0.0,2019-01-20T17:10:59.870000Z,4.46,0
839,20190120T171208Z,"['1J.TI1A.', '1J.TI4A.']",0.0,2019-01-20T17:12:08.970000Z,6.49,0
840,20190120T171249Z,"['1J.TI1A.', '1J.TI4A.']",0.0,2019-01-20T17:12:49.210000Z,7.03,0
841,20190120T171344Z,"['1J.TI1A.', '1J.TI3A.', '1J.TI4A.']",0.0,2019-01-20T17:13:44.600000Z,7.67,0
842,20190120T171623Z,"['1J.TI1A.', '1J.TI4A.']",0.0,2019-01-20T17:16:23.970000Z,10.46,0
843,20190120T171736Z,"['1J.TI1A.', '1J.TI4A.']",0.0,2019-01-20T17:17:36.980000Z,20.2,0
844,20190120T171804Z,['1J.TI8A.'],0.0,2019-01-20T17:18:04.350000Z,1.27,0
845,20190120T171813Z,['1J.TI4A.'],0.0,2019-01-20T17:18:13.210000Z,0.98,0
846,20190120T171815Z,['1J.TI1A.'],0.0,2019-01-20T17:18:15.220000Z,12.99,0
847,20190120T171915Z,['1J.TI4A.'],0.0,2019-01-20T17:19:15.060000Z,1.2,0
848,20190120T172030Z,"['1J.TI3A.', '1J.TI8A.']",0.0,2019-01-20T17:20:30.190000Z,9.01,0
849,20190120T172048Z,['1J.TI4A.'],0.0,2019-01-20T17:20:48.200000Z,3.51,0
850,20190120T172151Z,"['1J.TI1A.', '1J.TI4A.', '1J.TI3A.']",0.0,2019-01-20T17:21:51.360000Z,39.24,0
851,20190120T172419Z,['1J.TI8A.'],0.0,2019-01-20T17:24:19.320000Z,0.86,0
852,20190120T172603Z,"['1J.TI1A.', '1J.TI4A.']",0.0,2019-01-20T17:26:03.790000Z,20.12,0
853,20190120T172628Z,['1J.TI3A.'],0.0,2019-01-20T17:26:28.230000Z,7.8,0
854,20190120T172839Z,['1J.TI3A.'],0.0,2019-01-20T17:28:39.090000Z,12.35,0
855,20190120T172939Z,['1J.TI8A.'],0.0,2019-01-20T17:29:39.350000Z,1.6,0
856,20190120T173102Z,['1J.TI3A.'],0.0,2019-01-20T17:31:02.900000Z,9.46,0
857,20190120T173234Z,['1J.TI3A.'],0.0,2019-01-20T17:32:34.080000Z,0.87,0
858,20190120T173306Z,['1J.TI4A.'],0.0,2019-01-20T17:33:06.110000Z,1.24,0
859,20190120T173410Z,['1J.TI3A.'],0.0,2019-01-20T17:34:10.030000Z,8.16,0
860,20190120T173553Z,"['1J.TI3A.', '1J.TI1A.', '1J.TI4A.']",0.0,2019-01-20T17:35:53.600000Z,20.87,0
861,20190120T173618Z,['1J.TI3A.'],0.0,2019-01-20T17:36:18.790000Z,4.69,0
862,20190120T173625Z,"['1J.TI1A.', '1J.TI4A.']",0.0,2019-01-20T17:36:25.950000Z,21.33,0
863,20190120T173742Z,"['1J.TI1A.', '1J.TI4A.']",0.0,2019-01-20T17:37:42.070000Z,4.77,0
864,20190120T174211Z,"['1J.TI1A.', '1J.TI4A.']",0.0,2019-01-20T17:42:11.970000Z,7.39,0
865,20190120T174527Z,['1J.TI1A.'],0.0,2019-01-20T17:45:27.120000Z,10.3,0
866,20190120T175006Z,"['1J.TI4A.', '1J.TI1A.']",0.0,2019-01-20T17:50:06.750000Z,6.44,0
867,20190120T175132Z,['1J.TI3A.'],0.0,2019-01-20T17:51:32.030000Z,2.27,0
868,20190120T180029Z,"['1J.TI1A.', '1J.TI4A.']",0.0,2019-01-20T18:00:29.280000Z,5.25,0
869,20190120T180050Z,['1J.TI8A.'],0.0,2019-01-20T18:00:50.080000Z,17.93,0
870,20190120T180200Z,['1J.TI3A.'],0.0,2019-01-20T18:02:00.030000Z,11.79,0
871,20190120T180338Z,['1J.TI4A.'],0.0,2019-01-20T18:03:38.150000Z,4.07,0
872,20190120T180624Z,['1J.TI1A.'],0.0,2019-01-20T18:06:24.680000Z,2.0,0
873,20190120T180727Z,"['1J.TI3A.', '1J.TI6A.']",0.0,2019-01-20T18:07:27.310000Z,17.45,0
874,20190120T180905Z,['1J.TI3A.'],0.0,2019-01-20T18:09:05.380000Z,2.36,0
875,20190120T181017Z,['1J.TI1A.'],0.0,2019-01-20T18:10:17.740000Z,2.11,0
876,20190120T181118Z,['1J.TI8A.'],0.0,2019-01-20T18:11:18.720000Z,2.24,0
877,20190120T181123Z,['1J.TI3A.'],0.0,2019-01-20T18:11:23.990000Z,12.16,0
878,20190120T181149Z,['1J.TI1A.'],0.0,2019-01-20T18:11:49.100000Z,8.42,0
879,20190120T181331Z,['1J.TI4A.'],0.0,2019-01-20T18:13:31.630000Z,1.57,0
880,20190120T181430Z,"['1J.TI3A.', '1J.TI1A.', '1J.TI8A.', '1J.TI4A.']",0.0,2019-01-20T18:14:30.290000Z,18.11,0
881,20190120T181456Z,"['1J.TI3A.', '1J.TI6A.', '1J.TI8A.', '1J.TI1A.', '1J.TI4A.']",0.0,2019-01-20T18:14:56.270000Z,23.73,0
882,20190120T182310Z,['1J.TI1A.'],0.0,2019-01-20T18:23:10.880000Z,1.55,0
883,20190120T182351Z,['1J.TI4A.'],0.0,2019-01-20T18:23:51.990000Z,5.18,0
884,20190120T182409Z,"['1J.TI1A.', '1J.TI4A.', '1J.TI8A.']",0.0,2019-01-20T18:24:09.980000Z,15.78,0
885,20190120T182450Z,['1J.TI1A.'],0.0,2019-01-20T18:24:50.420000Z,1.38,0
886,20190120T182458Z,"['1J.TI1A.', '1J.TI4A.']",0.0,2019-01-20T18:24:58.730000Z,6.13,0
887,20190120T182549Z,['1J.TI4A.'],0.0,2019-01-20T18:25:49.620000Z,1.98,0
888,20190120T182702Z,"['1J.TI6A.', '1J.TI3A.', '1J.TI4A.']",0.0,2019-01-20T18:27:02.430000Z,15.04,0
889,20190120T182745Z,['1J.TI1A.'],0.0,2019-01-20T18:27:45.080000Z,1.84,0
890,20190120T183024Z,['1J.TI1A.'],0.0,2019-01-20T18:30:24.220000Z,4.42,0
891,20190120T183114Z,"['1J.TI4A.', '1J.TI1A.']",0.0,2019-01-20T18:31:14.410000Z,7.21,0
892,20190120T183137Z,['1J.TI1A.'],0.0,2019-01-20T18:31:37.070000Z,1.48,0
893,20190120T183304Z,['1J.TI1A.'],0.0,2019-01-20T18:33:04.000000Z,1.86,0
894,20190120T183433Z,['1J.TI3A.'],0.0,2019-01-20T18:34:33.280000Z,16.08,0
895,20190120T183554Z,['1J.TI1A.'],0.0,2019-01-20T18:35:54.860000Z,1.04,0
896,20190120T183653Z,['1J.TI1A.'],0.0,2019-01-20T18:36:53.140000Z,1.49,0
897,20190120T183720Z,['1J.TI1A.'],0.0,2019-01-20T18:37:20.160000Z,2.73,0
898,20190120T183959Z,['1J.TI4A.'],0.0,2019-01-20T18:39:59.760000Z,1.43,0
899,20190120T184036Z,"['1J.TI1A.', '1J.TI4A.']",0.0,2019-01-20T18:40:36.350000Z,6.47,0
900,20190120T184309Z,['1J.TI4A.'],0.0,2019-01-20T18:43:09.760000Z,2.53,0
901,20190120T184428Z,['1J.TI1A.'],0.0,2019-01-20T18:44:28.420000Z,3.29,0
902,20190120T184510Z,['1J.TI1A.'],0.0,2019-01-20T18:45:10.260000Z,1.08,0
903,20190120T184524Z,['1J.TI1A.'],0.0,2019-01-20T18:45:24.620000Z,11.77,0
904,20190120T184723Z,['1J.TI1A.'],0.0,2019-01-20T18:47:23.690000Z,2.85,0
905,20190120T184743Z,['1J.TI1A.'],0.0,2019-01-20T18:47:43.890000Z,1.23,0
906,20190120T184753Z,['1J.TI8A.'],0.0,2019-01-20T18:47:53.250000Z,1.95,0
907,20190120T184802Z,['1J.TI1A.'],0.0,2019-01-20T18:48:02.910000Z,7.56,0
908,20190120T184817Z,['1J.TI4A.'],0.0,2019-01-20T18:48:17.520000Z,0.94,0
909,20190120T184826Z,['1J.TI3A.'],0.0,2019-01-20T18:48:26.120000Z,12.48,0
910,20190120T184907Z,['1J.TI4A.'],0.0,2019-01-20T18:49:07.960000Z,0.82,0
911,20190120T184953Z,['1J.TI1A.'],0.0,2019-01-20T18:49:53.890000Z,4.46,0
912,20190120T185024Z,['1J.TI3A.'],0.0,2019-01-20T18:50:24.390000Z,4.56,0
913,20190120T185139Z,"['1J.TI4A.', '1J.TI1A.']",0.0,2019-01-20T18:51:39.360000Z,11.09,0
914,20190120T185320Z,['1J.TI4A.'],0.0,2019-01-20T18:53:20.580000Z,2.46,0
915,20190120T185326Z,['1J.TI1A.'],0.0,2019-01-20T18:53:26.110000Z,0.98,0
916,20190120T185357Z,['1J.TI1A.'],0.0,2019-01-20T18:53:57.560000Z,0.76,0
917,20190120T185527Z,['1J.TI3A.'],0.0,2019-01-20T18:55:27.320000Z,11.73,0
918,20190120T185744Z,['1J.TI1A.'],0.0,2019-01-20T18:57:44.530000Z,1.85,0
919,20190120T185755Z,['1J.TI1A.'],0.0,2019-01-20T18:57:55.890000Z,2.68,0
920,20190120T185813Z,['1J.TI1A.'],0.0,2019-01-20T18:58:13.030000Z,3.61,0
921,20190120T185927Z,['1J.TI1A.'],0.0,2019-01-20T18:59:27.470000Z,1.81,0
922,20190120T185943Z,['1J.TI1A.'],0.0,2019-01-20T18:59:43.210000Z,2.03,0
923,20190120T185958Z,['1J.TI1A.'],0.0,2019-01-20T18:59:58.020000Z,5.42,0
924,20190120T190119Z,['1J.TI1A.'],0.0,2019-01-20T19:01:19.800000Z,1.76,0
925,20190120T190220Z,['1J.TI1A.'],0.0,2019-01-20T19:02:20.610000Z,4.98,0
926,20190120T190525Z,"['1J.TI3A.', '1J.TI6A.']",0.0,2019-01-20T19:05:25.170000Z,15.16,0
927,20190120T190618Z,['1J.TI1A.'],0.0,2019-01-20T19:06:18.380000Z,23.76,0
928,20190120T190758Z,['1J.TI1A.'],0.0,2019-01-20T19:07:58.050000Z,9.03,0
929,20190120T190856Z,['1J.TI1A.'],0.0,2019-01-20T19:08:56.730000Z,2.09,0
930,20190120T190959Z,['1J.TI8A.'],0.0,2019-01-20T19:09:59.080000Z,8.35,0
931,20190120T191010Z,['1J.TI1A.'],0.0,2019-01-20T19:10:10.620000Z,1.41,0
932,20190120T191111Z,['1J.TI1A.'],0.0,2019-01-20T19:11:11.210000Z,2.87,0
933,20190120T191120Z,['1J.TI1A.'],0.0,2019-01-20T19:11:20.340000Z,1.21,0
934,20190120T191207Z,"['1J.TI4A.', '1J.TI1A.']",0.0,2019-01-20T19:12:07.520000Z,1.39,0
935,20190120T191242Z,['1J.TI3A.'],0.0,2019-01-20T19:12:42.520000Z,12.81,0
936,20190120T191317Z,"['1J.TI1A.', '1J.TI8A.']",0.0,2019-01-20T19:13:17.090000Z,18.12,0
937,20190120T191447Z,['1J.TI1A.'],0.0,2019-01-20T19:14:47.170000Z,6.34,0
938,20190120T191638Z,['1J.TI4A.'],0.0,2019-01-20T19:16:38.180000Z,4.32,0
939,20190120T191645Z,['1J.TI1A.'],0.0,2019-01-20T19:16:45.400000Z,2.73,0
940,20190120T191744Z,['1J.TI1A.'],0.0,2019-01-20T19:17:44.610000Z,1.16,0
941,20190120T191926Z,['1J.TI3A.'],0.0,2019-01-20T19:19:26.060000Z,6.46,0
942,20190120T191941Z,['1J.TI1A.'],0.0,2019-01-20T19:19:41.950000Z,2.41,0
943,20190120T192024Z,['1J.TI1A.'],0.0,2019-01-20T19:20:24.460000Z,5.91,0
944,20190120T192043Z,['1J.TI4A.'],0.0,2019-01-20T19:20:43.850000Z,2.83,0
945,20190120T192111Z,['1J.TI1A.'],0.0,2019-01-20T19:21:11.450000Z,2.97,0
946,20190120T192128Z,"['1J.TI4A.', '1J.TI1A.']",0.0,2019-01-20T19:21:28.160000Z,20.88,0
947,20190120T192233Z,['1J.TI1A.'],0.0,2019-01-20T19:22:33.990000Z,0.9,0
948,20190120T192341Z,['1J.TI3A.'],0.0,2019-01-20T19:23:41.880000Z,10.76,0
949,20190120T192353Z,['1J.TI4A.'],0.0,2019-01-20T19:23:53.320000Z,1.27,0
950,20190120T192419Z,['1J.TI1A.'],0.0,2019-01-20T19:24:19.530000Z,6.01,0
951,20190120T192507Z,['1J.TI1A.'],0.0,2019-01-20T19:25:07.740000Z,0.85,0
952,20190120T192700Z,['1J.TI1A.'],0.0,2019-01-20T19:27:00.140000Z,2.58,0
953,20190120T192916Z,['1J.TI1A.'],0.0,2019-01-20T19:29:16.430000Z,7.04,0
954,20190120T193104Z,['1J.TI1A.'],0.0,2019-01-20T19:31:04.030000Z,1.34,0
955,20190120T193136Z,['1J.TI1A.'],0.0,2019-01-20T19:31:36.830000Z,1.15,0
956,20190120T193145Z,['1J.TI4A.'],0.0,2019-01-20T19:31:45.510000Z,1.18,0
957,20190120T193309Z,"['1J.TI4A.', '1J.TI1A.']",0.0,2019-01-20T19:33:09.100000Z,9.16,0
958,20190120T193334Z,"['1J.TI1A.', '1J.TI4A.']",0.0,2019-01-20T19:33:34.590000Z,14.29,0
959,20190120T193600Z,['1J.TI1A.'],0.0,2019-01-20T19:36:00.360000Z,3.66,0
960,20190120T193623Z,['1J.TI1A.'],0.0,2019-01-20T19:36:23.500000Z,1.46,0
961,20190120T193624Z,['1J.TI4A.'],0.0,2019-01-20T19:36:24.990000Z,4.71,0
962,20190120T193658Z,['1J.TI1A.'],0.0,2019-01-20T19:36:58.510000Z,7.86,0
963,20190120T193759Z,['1J.TI4A.'],0.0,2019-01-20T19:37:59.710000Z,2.64,0
964,20190120T193835Z,['1J.TI1A.'],0.0,2019-01-20T19:38:35.910000Z,11.3,0
965,20190120T193904Z,"['1J.TI3A.', '1J.TI6A.']",0.0,2019-01-20T19:39:04.540000Z,8.6,0
966,20190120T193954Z,['1J.TI1A.'],0.0,2019-01-20T19:39:54.050000Z,2.34,0
967,20190120T194019Z,['1J.TI1A.'],0.0,2019-01-20T19:40:19.060000Z,3.21,0
968,20190120T194106Z,"['1J.TI4A.', '1J.TI1A.']",0.0,2019-01-20T19:41:06.780000Z,3.78,0
969,20190120T194202Z,['1J.TI1A.'],0.0,2019-01-20T19:42:02.530000Z,3.88,0
970,20190120T194328Z,['1J.TI4A.'],0.0,2019-01-20T19:43:28.000000Z,1.77,0
971,20190120T194406Z,['1J.TI1A.'],0.0,2019-01-20T19:44:06.410000Z,5.04,0
972,20190120T194555Z,['1J.TI1A.'],0.0,2019-01-20T19:45:55.770000Z,9.74,0
973,20190120T194632Z,"['1J.TI4A.', '1J.TI1A.']",0.0,2019-01-20T19:46:32.160000Z,8.55,0
974,20190120T194852Z,['1J.TI1A.'],0.0,2019-01-20T19:48:52.930000Z,2.61,0
975,20190120T194915Z,['1J.TI1A.'],0.0,2019-01-20T19:49:15.420000Z,2.73,0
976,20190120T194952Z,['1J.TI1A.'],0.0,2019-01-20T19:49:52.830000Z,1.25,0
977,20190120T195014Z,['1J.TI1A.'],0.0,2019-01-20T19:50:14.990000Z,1.1,0
978,20190120T195047Z,['1J.TI1A.'],0.0,2019-01-20T19:50:47.810000Z,16.51,0
979,20190120T195136Z,['1J.TI4A.'],0.0,2019-01-20T19:51:36.580000Z,1.96,0
980,20190120T195151Z,['1J.TI1A.'],0.0,2019-01-20T19:51:51.580000Z,1.41,0
981,20190120T195218Z,['1J.TI1A.'],0.0,2019-01-20T19:52:18.500000Z,4.02,0
982,20190120T195247Z,['1J.TI1A.'],0.0,2019-01-20T19:52:47.970000Z,3.07,0
983,20190120T195259Z,['1J.TI3A.'],0.0,2019-01-20T19:52:59.900000Z,9.82,0
984,20190120T195338Z,['1J.TI1A.'],0.0,2019-01-20T19:53:38.510000Z,2.32,0
985,20190120T195451Z,"['1J.TI4A.', '1J.TI1A.']",0.0,2019-01-20T19:54:51.680000Z,1.97,0
986,20190120T195520Z,"['1J.TI1A.', '1J.TI4A.']",0.0,2019-01-20T19:55:20.510000Z,14.62,0
987,20190120T195542Z,['1J.TI1A.'],0.0,2019-01-20T19:55:42.250000Z,1.02,0
988,20190120T195602Z,['1J.TI1A.'],0.0,2019-01-20T19:56:02.650000Z,1.9,0
989,20190120T195613Z,['1J.TI4A.'],0.0,2019-01-20T19:56:13.060000Z,3.41,0
990,20190120T195712Z,['1J.TI1A.'],0.0,2019-01-20T19:57:12.640000Z,2.12,0
991,20190120T195740Z,"['1J.TI4A.', '1J.TI1A.']",0.0,2019-01-20T19:57:40.180000Z,13.3,0
992,20190120T195833Z,['1J.TI8A.'],0.0,2019-01-20T19:58:33.760000Z,2.07,0
993,20190120T195850Z,['1J.TI1A.'],0.0,2019-01-20T19:58:50.860000Z,6.55,0
994,20190120T195940Z,['1J.TI1A.'],0.0,2019-01-20T19:59:40.120000Z,0.87,0
995,20190120T200013Z,['1J.TI1A.'],0.0,2019-01-20T20:00:13.130000Z,0.95,0
996,20190120T200043Z,['1J.TI1A.'],0.0,2019-01-20T20:00:43.690000Z,1.37,0
997,20190120T200107Z,"['1J.TI8A.', '1J.TI3A.', '1J.TI6A.', '1J.TI1A.', '1J.TI4A.']",0.0,2019-01-20T20:01:07.990000Z,51.57,0
998,20190120T200226Z,['1J.TI1A.'],0.0,2019-01-20T20:02:26.480000Z,1.03,0
999,20190120T200259Z,['1J.TI1A.'],0.0,2019-01-20T20:02:59.510000Z,1.18,0
1000,20190120T200342Z,['1J.TI1A.'],0.0,2019-01-20T20:03:42.980000Z,1.96,0
1001,20190120T200446Z,['1J.TI1A.'],0.0,2019-01-20T20:04:46.250000Z,2.08,0
1002,20190120T200528Z,['1J.TI4A.'],0.0,2019-01-20T20:05:28.830000Z,1.21,0
1003,20190120T200600Z,['1J.TI1A.'],0.0,2019-01-20T20:06:00.200000Z,5.37,0
1004,20190120T200643Z,['1J.TI1A.'],0.0,2019-01-20T20:06:43.800000Z,0.85,0
1005,20190120T200733Z,['1J.TI1A.'],0.0,2019-01-20T20:07:33.080000Z,2.19,0
1006,20190120T200914Z,['1J.TI1A.'],0.0,2019-01-20T20:09:14.800000Z,1.75,0
1007,20190120T201016Z,['1J.TI8A.'],0.0,2019-01-20T20:10:16.630000Z,22.82,0
1008,20190120T201043Z,"['1J.TI1A.', '1J.TI4A.', '1J.TI8A.']",0.0,2019-01-20T20:10:43.560000Z,19.25,0
1009,20190120T201109Z,['1J.TI3A.'],0.0,2019-01-20T20:11:09.550000Z,13.02,0
1010,20190120T201344Z,['1J.TI1A.'],0.0,2019-01-20T20:13:44.870000Z,0.67,0
1011,20190120T201404Z,['1J.TI1A.'],0.0,2019-01-20T20:14:04.090000Z,1.67,0
1012,20190120T201443Z,['1J.TI1A.'],0.0,2019-01-20T20:14:43.990000Z,0.89,0
1013,20190120T201537Z,"['1J.TI3A.', '1J.TI6A.', '1J.TI8A.']",0.0,2019-01-20T20:15:37.710000Z,14.18,0
1014,20190120T201609Z,['1J.TI4A.'],0.0,2019-01-20T20:16:09.590000Z,13.54,0
1015,20190120T201712Z,['1J.TI8A.'],0.0,2019-01-20T20:17:12.620000Z,15.94,0
1016,20190120T201741Z,"['1J.TI1A.', '1J.TI3A.', '1J.TI6A.', '1J.TI8A.']",0.0,2019-01-20T20:17:41.010000Z,22.76,0
1017,20190120T201830Z,"['1J.TI4A.', '1J.TI1A.']",0.0,2019-01-20T20:18:30.320000Z,2.21,0
1018,20190120T201931Z,"['1J.TI4A.', '1J.TI1A.']",0.0,2019-01-20T20:19:31.370000Z,7.42,0
1019,20190120T201957Z,"['1J.TI4A.', '1J.TI1A.']",0.0,2019-01-20T20:19:57.190000Z,10.61,0
1020,20190120T202045Z,['1J.TI1A.'],0.0,2019-01-20T20:20:45.940000Z,1.1,0
1021,20190120T202057Z,['1J.TI1A.'],0.0,2019-01-20T20:20:57.540000Z,1.57,0
1022,20190120T202142Z,['1J.TI1A.'],0.0,2019-01-20T20:21:42.620000Z,0.76,0
1023,20190120T202150Z,['1J.TI1A.'],0.0,2019-01-20T20:21:50.820000Z,1.34,0
1024,20190120T202205Z,['1J.TI1A.'],0.0,2019-01-20T20:22:05.850000Z,1.02,0
1025,20190120T202237Z,['1J.TI4A.'],0.0,2019-01-20T20:22:37.390000Z,3.85,0
1026,20190120T202304Z,['1J.TI1A.'],0.0,2019-01-20T20:23:04.840000Z,1.01,0
1027,20190120T202407Z,"['1J.TI1A.', '1J.TI4A.']",0.0,2019-01-20T20:24:07.370000Z,2.95,0
1028,20190120T202423Z,"['1J.TI1A.', '1J.TI4A.']",0.0,2019-01-20T20:24:23.980000Z,34.28,0
1029,20190120T202745Z,['1J.TI1A.'],0.0,2019-01-20T20:27:45.170000Z,1.59,0
1030,20190120T202954Z,"['1J.TI1A.', '1J.TI4A.']",0.0,2019-01-20T20:29:54.540000Z,2.64,0
1031,20190120T203004Z,['1J.TI4A.'],0.0,2019-01-20T20:30:04.740000Z,1.78,0
1032,20190120T203045Z,['1J.TI1A.'],0.0,2019-01-20T20:30:45.880000Z,2.48,0
1033,20190120T203056Z,"['1J.TI4A.', '1J.TI1A.']",0.0,2019-01-20T20:30:56.980000Z,4.47,0
1034,20190120T203106Z,['1J.TI1A.'],0.0,2019-01-20T20:31:06.770000Z,4.21,0
1035,20190120T203114Z,['1J.TI4A.'],0.0,2019-01-20T20:31:14.980000Z,1.14,0
1036,20190120T203146Z,"['1J.TI1A.', '1J.TI4A.']",0.0,2019-01-20T20:31:46.950000Z,12.86,0
1037,20190120T203208Z,"['1J.TI4A.', '1J.TI1A.']",0.0,2019-01-20T20:32:08.380000Z,10.89,0
1038,20190120T203257Z,['1J.TI1A.'],0.0,2019-01-20T20:32:57.680000Z,1.74,0
1039,20190120T203326Z,"['1J.TI4A.', '1J.TI1A.']",0.0,2019-01-20T20:33:26.400000Z,2.15,0
1040,20190120T203420Z,['1J.TI1A.'],0.0,2019-01-20T20:34:20.590000Z,3.12,0
1041,20190120T203434Z,"['1J.TI4A.', '1J.TI1A.']",0.0,2019-01-20T20:34:34.060000Z,16.59,0
1042,20190120T203509Z,['1J.TI1A.'],0.0,2019-01-20T20:35:09.350000Z,0.86,0
1043,20190120T203523Z,"['1J.TI3A.', '1J.TI6A.']",0.0,2019-01-20T20:35:23.800000Z,17.16,0
1044,20190120T203549Z,['1J.TI1A.'],0.0,2019-01-20T20:35:49.200000Z,2.31,0
1045,20190120T203604Z,['1J.TI4A.'],0.0,2019-01-20T20:36:04.720000Z,3.2,0
1046,20190120T203627Z,"['1J.TI4A.', '1J.TI1A.']",0.0,2019-01-20T20:36:27.400000Z,2.37,0
1047,20190120T203656Z,['1J.TI4A.'],0.0,2019-01-20T20:36:56.040000Z,1.9,0
1048,20190120T203741Z,['1J.TI1A.'],0.0,2019-01-20T20:37:41.820000Z,6.57,0
1049,20190120T203807Z,"['1J.TI4A.', '1J.TI1A.']",0.0,2019-01-20T20:38:07.670000Z,6.73,0
1050,20190120T203847Z,"['1J.TI4A.', '1J.TI1A.']",0.0,2019-01-20T20:38:47.790000Z,6.03,0
1051,20190120T203956Z,"['1J.TI1A.', '1J.TI4A.']",0.0,2019-01-20T20:39:56.360000Z,15.29,0
1052,20190120T204035Z,['1J.TI1A.'],0.0,2019-01-20T20:40:35.660000Z,0.9,0
1053,20190120T204049Z,"['1J.TI4A.', '1J.TI1A.']",0.0,2019-01-20T20:40:49.550000Z,1.2,0
1054,20190120T204106Z,"['1J.TI4A.', '1J.TI1A.']",0.0,2019-01-20T20:41:06.640000Z,6.92,0
1055,20190120T204138Z,['1J.TI4A.'],0.0,2019-01-20T20:41:38.020000Z,2.49,0
1056,20190120T204150Z,['1J.TI8A.'],0.0,2019-01-20T20:41:50.640000Z,35.38,0
1057,20190120T204238Z,['1J.TI1A.'],0.0,2019-01-20T20:42:38.750000Z,3.57,0
1058,20190120T204319Z,['1J.TI3A.'],0.0,2019-01-20T20:43:19.450000Z,11.48,0
1059,20190120T204430Z,"['1J.TI4A.', '1J.TI1A.']",0.0,2019-01-20T20:44:30.260000Z,2.17,0
1060,20190120T204501Z,"['1J.TI4A.', '1J.TI1A.']",0.0,2019-01-20T20:45:01.730000Z,11.67,0
1061,20190120T204526Z,"['1J.TI4A.', '1J.TI1A.']",0.0,2019-01-20T20:45:26.860000Z,2.72,0
1062,20190120T204542Z,['1J.TI1A.'],0.0,2019-01-20T20:45:42.720000Z,8.3,0
1063,20190120T204603Z,"['1J.TI3A.', '1J.TI8A.', '1J.TI4A.', '1J.TI6A.', '1J.TI1A.']",0.0,2019-01-20T20:46:03.600000Z,54.71,0
1064,20190120T204722Z,['1J.TI4A.'],0.0,2019-01-20T20:47:22.150000Z,9.12,0
1065,20190120T204803Z,['1J.TI1A.'],0.0,2019-01-20T20:48:03.580000Z,1.62,0
1066,20190120T204810Z,['1J.TI3A.'],0.0,2019-01-20T20:48:10.200000Z,4.59,0
1067,20190120T204826Z,['1J.TI1A.'],0.0,2019-01-20T20:48:26.000000Z,5.27,0
1068,20190120T204929Z,['1J.TI1A.'],0.0,2019-01-20T20:49:29.850000Z,1.19,0
1069,20190120T205012Z,"['1J.TI4A.', '1J.TI1A.']",0.0,2019-01-20T20:50:12.500000Z,6.63,0
1070,20190120T205053Z,['1J.TI1A.'],0.0,2019-01-20T20:50:53.050000Z,22.45,0
1071,20190120T205145Z,['1J.TI1A.'],0.0,2019-01-20T20:51:45.650000Z,1.02,0
1072,20190120T205152Z,['1J.TI1A.'],0.0,2019-01-20T20:51:52.270000Z,0.67,0
1073,20190120T205210Z,['1J.TI3A.'],0.0,2019-01-20T20:52:10.780000Z,7.31,0
1074,20190120T205234Z,['1J.TI1A.'],0.0,2019-01-20T20:52:34.730000Z,1.49,0
1075,20190120T205252Z,"['1J.TI4A.', '1J.TI1A.']",0.0,2019-01-20T20:52:52.520000Z,13.39,0
1076,20190120T205320Z,['1J.TI4A.'],0.0,2019-01-20T20:53:20.950000Z,0.86,0
1077,20190120T205322Z,['1J.TI1A.'],0.0,2019-01-20T20:53:22.800000Z,0.79,0
1078,20190120T205336Z,['1J.TI1A.'],0.0,2019-01-20T20:53:36.640000Z,1.17,0
1079,20190120T205342Z,"['1J.TI8A.', '1J.TI4A.', '1J.TI1A.']",0.0,2019-01-20T20:53:42.660000Z,20.11,0
1080,20190120T205418Z,['1J.TI1A.'],0.0,2019-01-20T20:54:18.430000Z,14.2,0
1081,20190120T205439Z,['1J.TI4A.'],0.0,2019-01-20T20:54:39.820000Z,1.46,0
1082,20190120T205446Z,"['1J.TI4A.', '1J.TI1A.']",0.0,2019-01-20T20:54:46.290000Z,3.11,0
1083,20190120T205512Z,['1J.TI1A.'],0.0,2019-01-20T20:55:12.680000Z,1.87,0
1084,20190120T205517Z,['1J.TI4A.'],0.0,2019-01-20T20:55:17.740000Z,2.98,0
1085,20190120T205611Z,['1J.TI3A.'],0.0,2019-01-20T20:56:11.240000Z,0.96,0
1086,20190120T205615Z,['1J.TI1A.'],0.0,2019-01-20T20:56:15.830000Z,1.66,0
1087,20190120T205639Z,"['1J.TI4A.', '1J.TI1A.']",0.0,2019-01-20T20:56:39.000000Z,3.34,0
1088,20190120T205724Z,['1J.TI4A.'],0.0,2019-01-20T20:57:24.100000Z,4.05,0
1089,20190120T205737Z,"['1J.TI4A.', '1J.TI1A.']",0.0,2019-01-20T20:57:37.570000Z,6.1,0
1090,20190120T205809Z,"['1J.TI8A.', '1J.TI1A.']",0.0,2019-01-20T20:58:09.610000Z,15.96,0
1091,20190120T205826Z,['1J.TI4A.'],0.0,2019-01-20T20:58:26.180000Z,3.22,0
1092,20190120T205839Z,['1J.TI1A.'],0.0,2019-01-20T20:58:39.440000Z,1.61,0
1093,20190120T205850Z,['1J.TI1A.'],0.0,2019-01-20T20:58:50.300000Z,1.45,0
1094,20190120T205852Z,['1J.TI4A.'],0.0,2019-01-20T20:58:52.300000Z,1.38,0
1095,20190120T205923Z,"['1J.TI4A.', '1J.TI1A.']",0.0,2019-01-20T20:59:23.150000Z,2.03,0
1096,20190120T205930Z,"['1J.TI4A.', '1J.TI1A.']",0.0,2019-01-20T20:59:30.380000Z,15.16,0
1097,20190120T205951Z,['1J.TI4A.'],0.0,2019-01-20T20:59:51.880000Z,1.08,0
1098,20190120T210004Z,['1J.TI1A.'],0.0,2019-01-20T21:00:04.200000Z,0.65,0
1099,20190120T210021Z,['1J.TI1A.'],0.0,2019-01-20T21:00:21.040000Z,2.34,0
1100,20190120T210053Z,"['1J.TI8A.', '1J.TI1A.', '1J.TI3A.', '1J.TI6A.', '1J.TI4A.']",0.0,2019-01-20T21:00:53.260000Z,48.3,0
1101,20190120T210158Z,"['1J.TI4A.', '1J.TI1A.']",0.0,2019-01-20T21:01:58.040000Z,5.53,0
1102,20190120T210227Z,['1J.TI1A.'],0.0,2019-01-20T21:02:27.210000Z,0.77,0
1103,20190120T210239Z,"['1J.TI4A.', '1J.TI1A.']",0.0,2019-01-20T21:02:39.700000Z,3.62,0
1104,20190120T210318Z,"['1J.TI3A.', '1J.TI4A.']",0.0,2019-01-20T21:03:18.150000Z,9.81,0
1105,20190120T210341Z,['1J.TI1A.'],0.0,2019-01-20T21:03:41.820000Z,3.25,0
1106,20190120T210402Z,"['1J.TI4A.', '1J.TI1A.']",0.0,2019-01-20T21:04:02.020000Z,2.86,0
1107,20190120T210422Z,"['1J.TI1A.', '1J.TI4A.']",0.0,2019-01-20T21:04:22.280000Z,4.68,0
1108,20190120T210457Z,"['1J.TI4A.', '1J.TI1A.']",0.0,2019-01-20T21:04:57.910000Z,1.56,0
1109,20190120T210518Z,['1J.TI1A.'],0.0,2019-01-20T21:05:18.540000Z,0.71,0
1110,20190120T210558Z,"['1J.TI1A.', '1J.TI4A.']",0.0,2019-01-20T21:05:58.010000Z,10.25,0
1111,20190120T210610Z,['1J.TI4A.'],0.0,2019-01-20T21:06:10.260000Z,11.12,0
1112,20190120T210632Z,"['1J.TI4A.', '1J.TI1A.']",0.0,2019-01-20T21:06:32.570000Z,9.52,0
1113,20190120T210713Z,"['1J.TI4A.', '1J.TI1A.']",0.0,2019-01-20T21:07:13.300000Z,13.55,0
1114,20190120T210733Z,"['1J.TI4A.', '1J.TI1A.']",0.0,2019-01-20T21:07:33.370000Z,6.01,0
1115,20190120T210743Z,"['1J.TI8A.', '1J.TI4A.']",0.0,2019-01-20T21:07:43.360000Z,33.95,0
1116,20190120T210848Z,['1J.TI4A.'],0.0,2019-01-20T21:08:48.880000Z,1.91,0
1117,20190120T210905Z,"['1J.TI4A.', '1J.TI1A.']",0.0,2019-01-20T21:09:05.880000Z,2.01,0
1118,20190120T210915Z,"['1J.TI4A.', '1J.TI1A.']",0.0,2019-01-20T21:09:15.330000Z,2.26,0
1119,20190120T210946Z,"['1J.TI4A.', '1J.TI1A.']",0.0,2019-01-20T21:09:46.550000Z,5.35,0
1120,20190120T211025Z,"['1J.TI4A.', '1J.TI1A.']",0.0,2019-01-20T21:10:25.430000Z,12.45,0
1121,20190120T211058Z,['1J.TI1A.'],0.0,2019-01-20T21:10:58.660000Z,4.11,0
1122,20190120T211111Z,['1J.TI4A.'],0.0,2019-01-20T21:11:11.640000Z,1.82,0
1123,20190120T211126Z,['1J.TI1A.'],0.0,2019-01-20T21:11:26.490000Z,1.29,0
1124,20190120T211140Z,['1J.TI1A.'],0.0,2019-01-20T21:11:40.760000Z,2.27,0
1125,20190120T211203Z,['1J.TI1A.'],0.0,2019-01-20T21:12:03.820000Z,0.75,0
1126,20190120T211207Z,"['1J.TI4A.', '1J.TI1A.']",0.0,2019-01-20T21:12:07.580000Z,13.99,0
1127,20190120T211327Z,"['1J.TI3A.', '1J.TI1A.', '1J.TI4A.']",0.0,2019-01-20T21:13:27.710000Z,14.16,0
1128,20190120T211437Z,"['1J.TI1A.', '1J.TI4A.']",0.0,2019-01-20T21:14:37.380000Z,9.81,0
1129,20190120T211458Z,['1J.TI1A.'],0.0,2019-01-20T21:14:58.280000Z,1.03,0
1130,20190120T211605Z,['1J.TI1A.'],0.0,2019-01-20T21:16:05.110000Z,1.18,0
1131,20190120T211618Z,"['1J.TI4A.', '1J.TI1A.']",0.0,2019-01-20T21:16:18.430000Z,11.33,0
1132,20190120T211652Z,"['1J.TI4A.', '1J.TI1A.', '1J.TI3A.', '1J.TI8A.']",0.0,2019-01-20T21:16:52.780000Z,31.3,0
1133,20190120T211750Z,['1J.TI4A.'],0.0,2019-01-20T21:17:50.920000Z,1.26,0
1134,20190120T211802Z,['1J.TI1A.'],0.0,2019-01-20T21:18:02.930000Z,1.93,0
1135,20190120T211818Z,"['1J.TI1A.', '1J.TI4A.']",0.0,2019-01-20T21:18:18.390000Z,7.33,0
1136,20190120T211841Z,['1J.TI4A.'],0.0,2019-01-20T21:18:41.920000Z,1.15,0
1137,20190120T211848Z,['1J.TI1A.'],0.0,2019-01-20T21:18:48.790000Z,1.46,0
1138,20190120T211913Z,"['1J.TI1A.', '1J.TI3A.', '1J.TI4A.']",0.0,2019-01-20T21:19:13.270000Z,19.56,0
1139,20190120T211950Z,['1J.TI4A.'],0.0,2019-01-20T21:19:50.730000Z,2.38,0
1140,20190120T212037Z,['1J.TI1A.'],0.0,2019-01-20T21:20:37.290000Z,1.04,0
1141,20190120T212055Z,"['1J.TI4A.', '1J.TI1A.']",0.0,2019-01-20T21:20:55.690000Z,5.9,0
1142,20190120T212120Z,['1J.TI4A.'],0.0,2019-01-20T21:21:20.270000Z,6.21,0
1143,20190120T212135Z,['1J.TI8A.'],0.0,2019-01-20T21:21:35.630000Z,2.61,0
1144,20190120T212156Z,"['1J.TI4A.', '1J.TI1A.', '1J.TI3A.', '1J.TI8A.', '1J.TI6A.']",0.0,2019-01-20T21:21:56.100000Z,74.13,0
1145,20190120T212335Z,"['1J.TI1A.', '1J.TI4A.', '1J.TI6A.', '1J.TI8A.']",0.0,2019-01-20T21:23:35.010000Z,19.67,0
1146,20190120T212429Z,['1J.TI8A.'],0.0,2019-01-20T21:24:29.660000Z,13.13,0
1147,20190120T212546Z,['1J.TI1A.'],0.0,2019-01-20T21:25:46.030000Z,1.21,0
1148,20190120T212620Z,['1J.TI1A.'],0.0,2019-01-20T21:26:20.880000Z,2.44,0
1149,20190120T212639Z,"['1J.TI4A.', '1J.TI1A.']",0.0,2019-01-20T21:26:39.330000Z,1.38,0
1150,20190120T212659Z,['1J.TI1A.'],0.0,2019-01-20T21:26:59.090000Z,2.66,0
1151,20190120T212703Z,['1J.TI8A.'],0.0,2019-01-20T21:27:03.250000Z,1.24,0
1152,20190120T212813Z,['1J.TI4A.'],0.0,2019-01-20T21:28:13.100000Z,3.16,0
1153,20190120T212824Z,['1J.TI4A.'],0.0,2019-01-20T21:28:24.070000Z,3.47,0
1154,20190120T212850Z,['1J.TI3A.'],0.0,2019-01-20T21:28:50.290000Z,6.95,0
1155,20190120T212901Z,['1J.TI1A.'],0.0,2019-01-20T21:29:01.970000Z,1.2,0
1156,20190120T212909Z,['1J.TI1A.'],0.0,2019-01-20T21:29:09.030000Z,1.48,0
1157,20190120T212916Z,"['1J.TI1A.', '1J.TI4A.', '1J.TI8A.']",0.0,2019-01-20T21:29:16.910000Z,10.71,0
1158,20190120T212946Z,['1J.TI8A.'],0.0,2019-01-20T21:29:46.510000Z,1.94,0
1159,20190120T213002Z,['1J.TI1A.'],0.0,2019-01-20T21:30:02.550000Z,1.01,0
1160,20190120T213009Z,['1J.TI4A.'],0.0,2019-01-20T21:30:09.780000Z,3.71,0
1161,20190120T213115Z,['1J.TI1A.'],0.0,2019-01-20T21:31:15.020000Z,3.31,0
1162,20190120T213156Z,"['1J.TI4A.', '1J.TI1A.']",0.0,2019-01-20T21:31:56.410000Z,4.79,0
1163,20190120T213209Z,"['1J.TI4A.', '1J.TI1A.']",0.0,2019-01-20T21:32:09.260000Z,9.4,0
1164,20190120T213258Z,['1J.TI1A.'],0.0,2019-01-20T21:32:58.390000Z,1.11,0
1165,20190120T213308Z,['1J.TI4A.'],0.0,2019-01-20T21:33:08.100000Z,1.45,0
1166,20190120T213312Z,['1J.TI1A.'],0.0,2019-01-20T21:33:12.570000Z,2.31,0
1167,20190120T213336Z,['1J.TI1A.'],0.0,2019-01-20T21:33:36.140000Z,3.07,0
1168,20190120T213349Z,"['1J.TI1A.', '1J.TI4A.']",0.0,2019-01-20T21:33:49.490000Z,9.37,0
1169,20190120T213406Z,['1J.TI4A.'],0.0,2019-01-20T21:34:06.690000Z,2.92,0
1170,20190120T213433Z,"['1J.TI4A.', '1J.TI1A.']",0.0,2019-01-20T21:34:33.960000Z,2.88,0
1171,20190120T213511Z,['1J.TI3A.'],0.0,2019-01-20T21:35:11.600000Z,6.2,0
1172,20190120T213520Z,"['1J.TI1A.', '1J.TI4A.']",0.0,2019-01-20T21:35:20.670000Z,24.75,0
1173,20190120T213610Z,"['1J.TI3A.', '1J.TI1A.', '1J.TI6A.']",0.0,2019-01-20T21:36:10.130000Z,15.02,0
1174,20190120T213644Z,['1J.TI4A.'],0.0,2019-01-20T21:36:44.870000Z,1.02,0
1175,20190120T213647Z,['1J.TI1A.'],0.0,2019-01-20T21:36:47.760000Z,3.9,0
1176,20190120T213705Z,"['1J.TI1A.', '1J.TI4A.']",0.0,2019-01-20T21:37:05.820000Z,10.62,0
1177,20190120T213756Z,['1J.TI1A.'],0.0,2019-01-20T21:37:56.200000Z,1.55,0
1178,20190120T213825Z,"['1J.TI1A.', '1J.TI4A.']",0.0,2019-01-20T21:38:25.630000Z,17.82,0
1179,20190120T213956Z,['1J.TI4A.'],0.0,2019-01-20T21:39:56.040000Z,1.31,0
1180,20190120T214020Z,"['1J.TI4A.', '1J.TI1A.']",0.0,2019-01-20T21:40:20.490000Z,4.97,0
1181,20190120T214031Z,['1J.TI1A.'],0.0,2019-01-20T21:40:31.420000Z,3.48,0
1182,20190120T214050Z,['1J.TI1A.'],0.0,2019-01-20T21:40:50.010000Z,9.63,0
1183,20190120T214115Z,['1J.TI4A.'],0.0,2019-01-20T21:41:15.880000Z,2.72,0
1184,20190120T214124Z,"['1J.TI4A.', '1J.TI1A.']",0.0,2019-01-20T21:41:24.190000Z,13.42,0
1185,20190120T214150Z,"['1J.TI1A.', '1J.TI4A.']",0.0,2019-01-20T21:41:50.910000Z,5.42,0
1186,20190120T214240Z,"['1J.TI4A.', '1J.TI1A.']",0.0,2019-01-20T21:42:40.300000Z,6.44,0
1187,20190120T214252Z,['1J.TI1A.'],0.0,2019-01-20T21:42:52.720000Z,8.56,0
1188,20190120T214339Z,"['1J.TI1A.', '1J.TI4A.']",0.0,2019-01-20T21:43:39.650000Z,4.31,0
1189,20190120T214411Z,['1J.TI4A.'],0.0,2019-01-20T21:44:11.570000Z,3.18,0
1190,20190120T214430Z,['1J.TI1A.'],0.0,2019-01-20T21:44:30.300000Z,2.88,0
1191,20190120T214440Z,"['1J.TI4A.', '1J.TI1A.']",0.0,2019-01-20T21:44:40.140000Z,3.59,0
1192,20190120T214537Z,"['1J.TI8A.', '1J.TI1A.', '1J.TI4A.']",0.0,2019-01-20T21:45:37.250000Z,21.74,0
1193,20190120T214624Z,"['1J.TI4A.', '1J.TI1A.']",0.0,2019-01-20T21:46:24.550000Z,2.97,0
1194,20190120T214653Z,['1J.TI3A.'],0.0,2019-01-20T21:46:53.460000Z,11.72,0
1195,20190120T214706Z,['1J.TI1A.'],0.0,2019-01-20T21:47:06.050000Z,1.3,0
1196,20190120T214714Z,['1J.TI1A.'],0.0,2019-01-20T21:47:14.020000Z,12.26,0
1197,20190120T214749Z,['1J.TI1A.'],0.0,2019-01-20T21:47:49.960000Z,1.28,0
1198,20190120T214821Z,"['1J.TI4A.', '1J.TI1A.']",0.0,2019-01-20T21:48:21.670000Z,9.18,0
1199,20190120T214835Z,['1J.TI1A.'],0.0,2019-01-20T21:48:35.930000Z,6.14,0
1200,20190120T214851Z,"['1J.TI1A.', '1J.TI4A.']",0.0,2019-01-20T21:48:51.160000Z,9.39,0
1201,20190120T214912Z,"['1J.TI3A.', '1J.TI6A.', '1J.TI8A.', '1J.TI4A.']",0.0,2019-01-20T21:49:12.250000Z,21.95,0
1202,20190120T214943Z,['1J.TI1A.'],0.0,2019-01-20T21:49:43.920000Z,1.0,0
1203,20190120T214955Z,['1J.TI1A.'],0.0,2019-01-20T21:49:55.910000Z,2.05,0
1204,20190120T215013Z,"['1J.TI1A.', '1J.TI4A.']",0.0,2019-01-20T21:50:13.060000Z,34.46,0
1205,20190120T215134Z,['1J.TI1A.'],0.0,2019-01-20T21:51:34.920000Z,2.29,0
1206,20190120T215205Z,"['1J.TI4A.', '1J.TI1A.']",0.0,2019-01-20T21:52:05.600000Z,6.24,0
1207,20190120T215220Z,"['1J.TI1A.', '1J.TI4A.']",0.0,2019-01-20T21:52:20.430000Z,13.69,0
1208,20190120T215252Z,['1J.TI1A.'],0.0,2019-01-20T21:52:52.450000Z,1.03,0
1209,20190120T215313Z,['1J.TI1A.'],0.0,2019-01-20T21:53:13.560000Z,2.17,0
1210,20190120T215330Z,['1J.TI1A.'],0.0,2019-01-20T21:53:30.040000Z,0.73,0
1211,20190120T215345Z,['1J.TI4A.'],0.0,2019-01-20T21:53:45.520000Z,0.9,0
1212,20190120T215410Z,['1J.TI1A.'],0.0,2019-01-20T21:54:10.230000Z,1.87,0
1213,20190120T215439Z,['1J.TI1A.'],0.0,2019-01-20T21:54:39.370000Z,1.4,0
1214,20190120T215445Z,"['1J.TI4A.', '1J.TI1A.']",0.0,2019-01-20T21:54:45.610000Z,4.05,0
1215,20190120T215506Z,['1J.TI1A.'],0.0,2019-01-20T21:55:06.960000Z,1.03,0
1216,20190120T215522Z,['1J.TI1A.'],0.0,2019-01-20T21:55:22.670000Z,1.92,0
1217,20190120T215527Z,['1J.TI4A.'],0.0,2019-01-20T21:55:27.540000Z,4.75,0
1218,20190120T215541Z,['1J.TI1A.'],0.0,2019-01-20T21:55:41.130000Z,7.24,0
1219,20190120T215607Z,['1J.TI1A.'],0.0,2019-01-20T21:56:07.480000Z,0.9,0
1220,20190120T215628Z,"['1J.TI4A.', '1J.TI1A.']",0.0,2019-01-20T21:56:28.480000Z,11.37,0
1221,20190120T215649Z,['1J.TI3A.'],0.0,2019-01-20T21:56:49.360000Z,1.7,0
1222,20190120T215757Z,"['1J.TI4A.', '1J.TI1A.']",0.0,2019-01-20T21:57:57.940000Z,8.15,0
1223,20190120T215849Z,['1J.TI1A.'],0.0,2019-01-20T21:58:49.570000Z,3.27,0
1224,20190120T215902Z,['1J.TI1A.'],0.0,2019-01-20T21:59:02.110000Z,1.09,0
1225,20190120T215959Z,"['1J.TI4A.', '1J.TI1A.']",0.0,2019-01-20T21:59:59.640000Z,11.09,0
1226,20190120T220020Z,['1J.TI4A.'],0.0,2019-01-20T22:00:20.550000Z,6.97,0
1227,20190120T220052Z,"['1J.TI1A.', '1J.TI4A.']",0.0,2019-01-20T22:00:52.420000Z,17.19,0
1228,20190120T220134Z,"['1J.TI1A.', '1J.TI3A.', '1J.TI4A.', '1J.TI6A.', '1J.TI8A.']",0.0,2019-01-20T22:01:34.800000Z,28.25,0
1229,20190120T220218Z,['1J.TI1A.'],0.0,2019-01-20T22:02:18.090000Z,1.32,0
1230,20190120T220235Z,"['1J.TI1A.', '1J.TI4A.']",0.0,2019-01-20T22:02:35.320000Z,9.45,0
1231,20190120T220403Z,"['1J.TI3A.', '1J.TI1A.', '1J.TI4A.']",0.0,2019-01-20T22:04:03.790000Z,12.07,0
1232,20190120T220446Z,['1J.TI1A.'],0.0,2019-01-20T22:04:46.920000Z,2.2,0
1233,20190120T220555Z,"['1J.TI8A.', '1J.TI1A.']",0.0,2019-01-20T22:05:55.160000Z,19.95,0
1234,20190120T220627Z,['1J.TI3A.'],0.0,2019-01-20T22:06:27.180000Z,8.61,0
1235,20190120T220639Z,['1J.TI1A.'],0.0,2019-01-20T22:06:39.530000Z,2.04,0
1236,20190120T220805Z,"['1J.TI1A.', '1J.TI4A.']",0.0,2019-01-20T22:08:05.320000Z,29.16,0
1237,20190120T220854Z,"['1J.TI4A.', '1J.TI8A.', '1J.TI3A.', '1J.TI6A.']",0.0,2019-01-20T22:08:54.030000Z,51.41,0
1238,20190120T220954Z,['1J.TI4A.'],0.0,2019-01-20T22:09:54.670000Z,6.53,0
1239,20190120T221024Z,['1J.TI1A.'],0.0,2019-01-20T22:10:24.620000Z,2.42,0
1240,20190120T221048Z,['1J.TI1A.'],0.0,2019-01-20T22:10:48.620000Z,2.68,0
1241,20190120T221102Z,"['1J.TI4A.', '1J.TI1A.']",0.0,2019-01-20T22:11:02.900000Z,8.4,0
1242,20190120T221123Z,['1J.TI4A.'],0.0,2019-01-20T22:11:23.340000Z,1.86,0
1243,20190120T221135Z,['1J.TI1A.'],0.0,2019-01-20T22:11:35.980000Z,1.31,0
1244,20190120T221154Z,['1J.TI1A.'],0.0,2019-01-20T22:11:54.850000Z,0.71,0
1245,20190120T221206Z,['1J.TI1A.'],0.0,2019-01-20T22:12:06.090000Z,4.08,0
1246,20190120T221229Z,"['1J.TI1A.', '1J.TI4A.']",0.0,2019-01-20T22:12:29.610000Z,17.98,0
1247,20190120T221351Z,"['1J.TI1A.', '1J.TI4A.']",0.0,2019-01-20T22:13:51.000000Z,19.67,0
1248,20190120T221440Z,['1J.TI4A.'],0.0,2019-01-20T22:14:40.080000Z,1.59,0
1249,20190120T221451Z,['1J.TI4A.'],0.0,2019-01-20T22:14:51.130000Z,2.06,0
1250,20190120T221546Z,"['1J.TI4A.', '1J.TI1A.']",0.0,2019-01-20T22:15:46.380000Z,4.48,0
1251,20190120T221612Z,['1J.TI1A.'],0.0,2019-01-20T22:16:12.810000Z,3.87,0
1252,20190120T221642Z,['1J.TI1A.'],0.0,2019-01-20T22:16:42.980000Z,1.45,0
1253,20190120T221710Z,['1J.TI1A.'],0.0,2019-01-20T22:17:10.330000Z,2.73,0
1254,20190120T221728Z,"['1J.TI4A.', '1J.TI1A.']",0.0,2019-01-20T22:17:28.930000Z,12.05,0
1255,20190120T221816Z,['1J.TI1A.'],0.0,2019-01-20T22:18:16.580000Z,2.84,0
1256,20190120T221838Z,['1J.TI1A.'],0.0,2019-01-20T22:18:38.830000Z,0.71,0
1257,20190120T221909Z,['1J.TI1A.'],0.0,2019-01-20T22:19:09.250000Z,13.81,0
1258,20190120T222023Z,['1J.TI3A.'],0.0,2019-01-20T22:20:23.520000Z,0.69,0
1259,20190120T222102Z,"['1J.TI1A.', '1J.TI4A.']",0.0,2019-01-20T22:21:02.590000Z,4.48,0
1260,20190120T222136Z,"['1J.TI1A.', '1J.TI4A.']",0.0,2019-01-20T22:21:36.730000Z,5.97,0
1261,20190120T222153Z,['1J.TI1A.'],0.0,2019-01-20T22:21:53.620000Z,0.73,0
1262,20190120T222241Z,"['1J.TI4A.', '1J.TI1A.']",0.0,2019-01-20T22:22:41.680000Z,1.81,0
1263,20190120T222252Z,['1J.TI1A.'],0.0,2019-01-20T22:22:52.930000Z,6.52,0
1264,20190120T222315Z,['1J.TI4A.'],0.0,2019-01-20T22:23:15.170000Z,0.96,0
1265,20190120T222341Z,['1J.TI1A.'],0.0,2019-01-20T22:23:41.080000Z,4.2,0
1266,20190120T222358Z,['1J.TI1A.'],0.0,2019-01-20T22:23:58.410000Z,1.83,0
1267,20190120T222432Z,['1J.TI1A.'],0.0,2019-01-20T22:24:32.180000Z,1.08,0
1268,20190120T222446Z,['1J.TI1A.'],0.0,2019-01-20T22:24:46.590000Z,2.34,0
1269,20190120T222450Z,"['1J.TI4A.', '1J.TI1A.']",0.0,2019-01-20T22:24:50.090000Z,17.34,0
1270,20190120T222557Z,['1J.TI1A.'],0.0,2019-01-20T22:25:57.620000Z,1.14,0
1271,20190120T222617Z,"['1J.TI1A.', '1J.TI3A.', '1J.TI4A.']",0.0,2019-01-20T22:26:17.080000Z,15.01,0
1272,20190120T222657Z,['1J.TI1A.'],0.0,2019-01-20T22:26:57.350000Z,1.81,0
1273,20190120T222703Z,['1J.TI4A.'],0.0,2019-01-20T22:27:03.120000Z,16.58,0
1274,20190120T222745Z,['1J.TI1A.'],0.0,2019-01-20T22:27:45.050000Z,1.35,0
1275,20190120T222759Z,"['1J.TI1A.', '1J.TI4A.']",0.0,2019-01-20T22:27:59.570000Z,22.37,0
1276,20190120T222907Z,"['1J.TI1A.', '1J.TI4A.']",0.0,2019-01-20T22:29:07.610000Z,13.79,0
1277,20190120T222922Z,['1J.TI3A.'],0.0,2019-01-20T22:29:22.680000Z,5.02,0
1278,20190120T222931Z,['1J.TI1A.'],0.0,2019-01-20T22:29:31.870000Z,4.28,0
1279,20190120T223004Z,"['1J.TI4A.', '1J.TI1A.']",0.0,2019-01-20T22:30:04.470000Z,5.54,0
1280,20190120T223030Z,['1J.TI1A.'],0.0,2019-01-20T22:30:30.050000Z,2.45,0
1281,20190120T223047Z,['1J.TI4A.'],0.0,2019-01-20T22:30:47.340000Z,7.33,0
1282,20190120T223124Z,"['1J.TI1A.', '1J.TI4A.']",0.0,2019-01-20T22:31:24.690000Z,8.23,0
1283,20190120T223155Z,['1J.TI4A.'],0.0,2019-01-20T22:31:55.170000Z,1.28,0
1284,20190120T223258Z,['1J.TI1A.'],0.0,2019-01-20T22:32:58.620000Z,3.63,0
1285,20190120T223313Z,['1J.TI1A.'],0.0,2019-01-20T22:33:13.610000Z,1.23,0
1286,20190120T223328Z,['1J.TI1A.'],0.0,2019-01-20T22:33:28.730000Z,1.22,0
1287,20190120T223331Z,['1J.TI4A.'],0.0,2019-01-20T22:33:31.690000Z,2.67,0
1288,20190120T223346Z,['1J.TI1A.'],0.0,2019-01-20T22:33:46.130000Z,1.68,0
1289,20190120T223408Z,['1J.TI1A.'],0.0,2019-01-20T22:34:08.820000Z,2.5,0
1290,20190120T223436Z,['1J.TI1A.'],0.0,2019-01-20T22:34:36.110000Z,2.42,0
1291,20190120T223509Z,"['1J.TI1A.', '1J.TI4A.']",0.0,2019-01-20T22:35:09.890000Z,3.24,0
1292,20190120T223552Z,['1J.TI1A.'],0.0,2019-01-20T22:35:52.090000Z,1.44,0
1293,20190120T223600Z,['1J.TI1A.'],0.0,2019-01-20T22:36:00.350000Z,4.36,0
1294,20190120T223625Z,['1J.TI1A.'],0.0,2019-01-20T22:36:25.340000Z,1.61,0
1295,20190120T223633Z,['1J.TI4A.'],0.0,2019-01-20T22:36:33.890000Z,2.44,0
1296,20190120T223747Z,['1J.TI1A.'],0.0,2019-01-20T22:37:47.760000Z,12.51,0
1297,20190120T223907Z,['1J.TI1A.'],0.0,2019-01-20T22:39:07.560000Z,1.36,0
1298,20190120T223927Z,['1J.TI8A.'],0.0,2019-01-20T22:39:27.010000Z,1.34,0
1299,20190120T223953Z,['1J.TI1A.'],0.0,2019-01-20T22:39:53.700000Z,2.72,0
1300,20190120T224029Z,['1J.TI1A.'],0.0,2019-01-20T22:40:29.000000Z,1.77,0
1301,20190120T224037Z,"['1J.TI4A.', '1J.TI1A.']",0.0,2019-01-20T22:40:37.540000Z,7.34,0
1302,20190120T224054Z,"['1J.TI1A.', '1J.TI4A.']",0.0,2019-01-20T22:40:54.360000Z,14.59,0
1303,20190120T224129Z,['1J.TI1A.'],0.0,2019-01-20T22:41:29.290000Z,3.58,0
1304,20190120T224138Z,"['1J.TI1A.', '1J.TI4A.']",0.0,2019-01-20T22:41:38.650000Z,18.51,0
1305,20190120T224303Z,['1J.TI1A.'],0.0,2019-01-20T22:43:03.060000Z,1.29,0
1306,20190120T224314Z,['1J.TI4A.'],0.0,2019-01-20T22:43:14.620000Z,4.55,0
1307,20190120T224324Z,['1J.TI4A.'],0.0,2019-01-20T22:43:24.960000Z,7.26,0
1308,20190120T224350Z,"['1J.TI4A.', '1J.TI1A.']",0.0,2019-01-20T22:43:50.230000Z,1.61,0
1309,20190120T224415Z,['1J.TI1A.'],0.0,2019-01-20T22:44:15.960000Z,2.22,0
1310,20190120T224458Z,['1J.TI1A.'],0.0,2019-01-20T22:44:58.320000Z,0.73,0
1311,20190120T224517Z,"['1J.TI1A.', '1J.TI4A.']",0.0,2019-01-20T22:45:17.850000Z,14.31,0
1312,20190120T224556Z,"['1J.TI4A.', '1J.TI1A.']",0.0,2019-01-20T22:45:56.340000Z,6.63,0
1313,20190120T224611Z,"['1J.TI4A.', '1J.TI1A.']",0.0,2019-01-20T22:46:11.900000Z,2.25,0
1314,20190120T224624Z,['1J.TI1A.'],0.0,2019-01-20T22:46:24.790000Z,5.47,0
1315,20190120T224632Z,"['1J.TI3A.', '1J.TI8A.', '1J.TI4A.', '1J.TI6A.', '1J.TI1A.']",0.0,2019-01-20T22:46:32.500000Z,44.12,0
1316,20190120T224830Z,['1J.TI1A.'],0.0,2019-01-20T22:48:30.270000Z,1.27,0
1317,20190120T224900Z,['1J.TI1A.'],0.0,2019-01-20T22:49:00.970000Z,1.01,0
1318,20190120T224938Z,['1J.TI1A.'],0.0,2019-01-20T22:49:38.680000Z,2.75,0
1319,20190120T225000Z,"['1J.TI4A.', '1J.TI1A.']",0.0,2019-01-20T22:50:00.410000Z,1.95,0
1320,20190120T225055Z,['1J.TI3A.'],0.0,2019-01-20T22:50:55.380000Z,1.68,0
1321,20190120T225156Z,"['1J.TI1A.', '1J.TI4A.']",0.0,2019-01-20T22:51:56.480000Z,17.88,0
1322,20190120T225234Z,['1J.TI4A.'],0.0,2019-01-20T22:52:34.030000Z,13.25,0
1323,20190120T225303Z,['1J.TI4A.'],0.0,2019-01-20T22:53:03.720000Z,1.58,0
1324,20190120T225305Z,['1J.TI1A.'],0.0,2019-01-20T22:53:05.750000Z,6.23,0
1325,20190120T225329Z,['1J.TI1A.'],0.0,2019-01-20T22:53:29.670000Z,1.91,0
1326,20190120T225423Z,['1J.TI1A.'],0.0,2019-01-20T22:54:23.650000Z,5.36,0
1327,20190120T225440Z,"['1J.TI4A.', '1J.TI1A.']",0.0,2019-01-20T22:54:40.580000Z,17.63,0
1328,20190120T225512Z,['1J.TI1A.'],0.0,2019-01-20T22:55:12.030000Z,1.01,0
1329,20190120T225545Z,"['1J.TI1A.', '1J.TI4A.']",0.0,2019-01-20T22:55:45.390000Z,5.8,0
1330,20190120T225623Z,"['1J.TI4A.', '1J.TI1A.']",0.0,2019-01-20T22:56:23.350000Z,3.99,0
1331,20190120T225744Z,"['1J.TI1A.', '1J.TI4A.']",0.0,2019-01-20T22:57:44.800000Z,21.95,0
1332,20190120T225827Z,"['1J.TI1A.', '1J.TI4A.']",0.0,2019-01-20T22:58:27.960000Z,4.04,0
1333,20190120T225903Z,"['1J.TI4A.', '1J.TI1A.']",0.0,2019-01-20T22:59:03.800000Z,5.75,0
1334,20190120T225942Z,"['1J.TI3A.', '1J.TI1A.', '1J.TI8A.', '1J.TI4A.', '1J.TI6A.']",0.0,2019-01-20T22:59:42.350000Z,54.88,0
1335,20190120T230041Z,['1J.TI1A.'],0.0,2019-01-20T23:00:41.570000Z,4.88,0
1336,20190120T230106Z,['1J.TI4A.'],0.0,2019-01-20T23:01:06.380000Z,1.79,0
1337,20190120T230111Z,['1J.TI3A.'],0.0,2019-01-20T23:01:11.660000Z,2.86,0
1338,20190120T230146Z,"['1J.TI3A.', '1J.TI1A.', '1J.TI6A.']",0.0,2019-01-20T23:01:46.380000Z,11.7,0
1339,20190120T230256Z,['1J.TI1A.'],0.0,2019-01-20T23:02:56.880000Z,7.19,0
1340,20190120T230323Z,['1J.TI8A.'],0.0,2019-01-20T23:03:23.550000Z,7.09,0
1341,20190120T230359Z,"['1J.TI1A.', '1J.TI4A.']",0.0,2019-01-20T23:03:59.330000Z,9.68,0
1342,20190120T230533Z,['1J.TI1A.'],0.0,2019-01-20T23:05:33.590000Z,2.14,0
1343,20190120T230544Z,['1J.TI1A.'],0.0,2019-01-20T23:05:44.880000Z,24.59,0
1344,20190120T230708Z,['1J.TI1A.'],0.0,2019-01-20T23:07:08.520000Z,0.75,0
1345,20190120T230747Z,['1J.TI1A.'],0.0,2019-01-20T23:07:47.510000Z,1.0,0
1346,20190120T230813Z,"['1J.TI1A.', '1J.TI4A.']",0.0,2019-01-20T23:08:13.650000Z,12.57,0
1347,20190120T230913Z,['1J.TI1A.'],0.0,2019-01-20T23:09:13.680000Z,1.79,0
1348,20190120T230924Z,"['1J.TI1A.', '1J.TI3A.']",0.0,2019-01-20T23:09:24.110000Z,14.04,0
1349,20190120T231008Z,['1J.TI1A.'],0.0,2019-01-20T23:10:08.300000Z,2.24,0
1350,20190120T231030Z,['1J.TI1A.'],0.0,2019-01-20T23:10:30.160000Z,3.92,0
1351,20190120T231133Z,['1J.TI3A.'],0.0,2019-01-20T23:11:33.090000Z,6.47,0
1352,20190120T231203Z,"['1J.TI4A.', '1J.TI1A.', '1J.TI3A.', '1J.TI6A.']",0.0,2019-01-20T23:12:03.890000Z,40.59,0
1353,20190120T231401Z,['1J.TI1A.'],0.0,2019-01-20T23:14:01.880000Z,8.97,0
1354,20190120T231521Z,['1J.TI3A.'],0.0,2019-01-20T23:15:21.990000Z,7.53,0
1355,20190120T231542Z,['1J.TI1A.'],0.0,2019-01-20T23:15:42.070000Z,4.6,0
1356,20190120T231548Z,"['1J.TI3A.', '1J.TI6A.', '1J.TI1A.']",0.0,2019-01-20T23:15:48.860000Z,15.93,0
1357,20190120T231710Z,"['1J.TI4A.', '1J.TI1A.']",0.0,2019-01-20T23:17:10.510000Z,10.15,0
1358,20190120T231752Z,['1J.TI1A.'],0.0,2019-01-20T23:17:52.320000Z,1.12,0
1359,20190120T231850Z,['1J.TI1A.'],0.0,2019-01-20T23:18:50.600000Z,5.18,0
1360,20190120T231859Z,"['1J.TI3A.', '1J.TI6A.', '1J.TI8A.']",0.0,2019-01-20T23:18:59.170000Z,18.45,0
1361,20190120T231921Z,['1J.TI1A.'],0.0,2019-01-20T23:19:21.650000Z,1.59,0
1362,20190120T231937Z,['1J.TI1A.'],0.0,2019-01-20T23:19:37.740000Z,1.36,0
1363,20190120T232213Z,['1J.TI1A.'],0.0,2019-01-20T23:22:13.310000Z,8.96,0
1364,20190120T232256Z,['1J.TI1A.'],0.0,2019-01-20T23:22:56.400000Z,1.19,0
1365,20190120T232338Z,['1J.TI1A.'],0.0,2019-01-20T23:23:38.160000Z,4.08,0
1366,20190120T232445Z,"['1J.TI1A.', '1J.TI4A.']",0.0,2019-01-20T23:24:45.890000Z,7.51,0
1367,20190120T232751Z,['1J.TI1A.'],0.0,2019-01-20T23:27:51.680000Z,3.22,0
1368,20190120T232808Z,['1J.TI1A.'],0.0,2019-01-20T23:28:08.430000Z,8.83,0
1369,20190120T232837Z,['1J.TI1A.'],0.0,2019-01-20T23:28:37.950000Z,2.81,0
1370,20190120T232913Z,"['1J.TI4A.', '1J.TI1A.']",0.0,2019-01-20T23:29:13.320000Z,16.76,0
1371,20190120T232938Z,['1J.TI1A.'],0.0,2019-01-20T23:29:38.810000Z,9.38,0
1372,20190120T233013Z,"['1J.TI4A.', '1J.TI1A.']",0.0,2019-01-20T23:30:13.460000Z,13.4,0
1373,20190120T233228Z,['1J.TI1A.'],0.0,2019-01-20T23:32:28.490000Z,3.74,0
1374,20190120T233321Z,['1J.TI3A.'],0.0,2019-01-20T23:33:21.820000Z,15.79,0
1375,20190120T233342Z,"['1J.TI1A.', '1J.TI4A.']",0.0,2019-01-20T23:33:42.960000Z,21.63,0
1376,20190120T233533Z,"['1J.TI1A.', '1J.TI4A.', '1J.TI6A.']",0.0,2019-01-20T23:35:33.070000Z,53.17,0
1377,20190120T233633Z,"['1J.TI1A.', '1J.TI4A.']",0.0,2019-01-20T23:36:33.840000Z,14.68,0
1378,20190120T233728Z,['1J.TI1A.'],0.0,2019-01-20T23:37:28.560000Z,1.29,0
1379,20190120T233838Z,"['1J.TI8A.', '1J.TI6A.']",0.0,2019-01-20T23:38:38.290000Z,4.77,0
1380,20190120T233939Z,"['1J.TI3A.', '1J.TI6A.', '1J.TI8A.', '1J.TI4A.', '1J.TI1A.']",0.0,2019-01-20T23:39:39.150000Z,29.9,0
1381,20190120T234031Z,['1J.TI1A.'],0.0,2019-01-20T23:40:31.960000Z,4.2,0
1382,20190120T234052Z,['1J.TI3A.'],0.0,2019-01-20T23:40:52.700000Z,1.54,0
1383,20190120T234151Z,"['1J.TI1A.', '1J.TI3A.', '1J.TI6A.', '1J.TI4A.']",0.0,2019-01-20T23:41:51.910000Z,19.86,0
1384,20190120T234433Z,['1J.TI1A.'],0.0,2019-01-20T23:44:33.580000Z,5.54,0
1385,20190120T234445Z,['1J.TI1A.'],0.0,2019-01-20T23:44:45.260000Z,9.1,0
1386,20190120T234658Z,"['1J.TI4A.', '1J.TI1A.']",0.0,2019-01-20T23:46:58.750000Z,11.59,0
1387,20190120T234952Z,['1J.TI1A.'],0.0,2019-01-20T23:49:52.760000Z,19.56,0
1388,20190120T235131Z,"['1J.TI3A.', '1J.TI8A.']",0.0,2019-01-20T23:51:31.990000Z,12.26,0
1389,20190120T235723Z,"['1J.TI3A.', '1J.TI8A.']",0.0,2019-01-20T23:57:23.050000Z,19.69,0
1390,20190120T235751Z,['1J.TI4A.'],0.0,2019-01-20T23:57:51.620000Z,4.7,0
