,event_id,stations,network_time,ref_time,ref_duration,group
0,20190106T000007Z,['1J.TI3A.'],0.0,2019-01-06T00:00:07.000000Z,3.14,0
1,20190106T000035Z,['1J.TI8A.'],0.0,2019-01-06T00:00:35.660000Z,1.23,0
2,20190106T000040Z,['1J.TI1A.'],0.0,2019-01-06T00:00:40.580000Z,13.37,0
3,20190106T000149Z,['1J.TI7A.'],0.0,2019-01-06T00:01:49.170000Z,0.73,0
4,20190106T000236Z,['1J.TI1A.'],0.0,2019-01-06T00:02:36.590000Z,3.79,0
5,20190106T000310Z,['1J.TI1A.'],0.0,2019-01-06T00:03:10.630000Z,10.36,0
6,20190106T000451Z,['1J.TI1A.'],0.0,2019-01-06T00:04:51.390000Z,21.86,0
7,20190106T000537Z,['1J.TI7A.'],0.0,2019-01-06T00:05:37.860000Z,7.48,0
8,20190106T000929Z,['1J.TI1A.'],0.0,2019-01-06T00:09:29.730000Z,2.22,0
9,20190106T001320Z,"['1J.TI1A.', '1J.TI8A.']",0.0,2019-01-06T00:13:20.630000Z,26.6,0
10,20190106T001403Z,['1J.TI1A.'],0.0,2019-01-06T00:14:03.370000Z,12.41,0
11,20190106T002011Z,['1J.TI3A.'],0.0,2019-01-06T00:20:11.280000Z,5.59,0
12,20190106T002115Z,"['1J.TI1A.', '1J.TI7A.']",0.0,2019-01-06T00:21:15.170000Z,14.98,0
13,20190106T002328Z,['1J.TI8A.'],0.0,2019-01-06T00:23:28.350000Z,7.1,0
14,20190106T002528Z,"['1J.TI4A.', '1J.TI1A.']",0.0,2019-01-06T00:25:28.880000Z,7.89,0
15,20190106T002612Z,['1J.TI7A.'],0.0,2019-01-06T00:26:12.990000Z,1.48,0
16,20190106T002627Z,['1J.TI1A.'],0.0,2019-01-06T00:26:27.200000Z,3.32,0
17,20190106T002926Z,['1J.TI7A.'],0.0,2019-01-06T00:29:26.920000Z,1.88,0
18,20190106T003004Z,"['1J.TI3A.', '1J.TI8A.']",0.0,2019-01-06T00:30:04.150000Z,19.48,0
19,20190106T003032Z,"['1J.TI3A.', '1J.TI8A.']",0.0,2019-01-06T00:30:32.550000Z,22.71,0
20,20190106T003224Z,"['1J.TI8A.', '1J.TI6A.']",0.0,2019-01-06T00:32:24.810000Z,17.73,0
21,20190106T003346Z,['1J.TI7A.'],0.0,2019-01-06T00:33:46.940000Z,3.61,0
22,20190106T003351Z,['1J.TI3A.'],0.0,2019-01-06T00:33:51.120000Z,0.85,0
23,20190106T003402Z,['1J.TI8A.'],0.0,2019-01-06T00:34:02.120000Z,1.22,0
24,20190106T003427Z,['1J.TI3A.'],0.0,2019-01-06T00:34:27.210000Z,3.88,0
25,20190106T003457Z,['1J.TI3A.'],0.0,2019-01-06T00:34:57.260000Z,11.15,0
26,20190106T003626Z,['1J.TI3A.'],0.0,2019-01-06T00:36:26.230000Z,4.35,0
27,20190106T003726Z,"['1J.TI3A.', '1J.TI8A.', '1J.TI6A.']",0.0,2019-01-06T00:37:26.280000Z,27.15,0
28,20190106T003930Z,['1J.TI1A.'],0.0,2019-01-06T00:39:30.840000Z,18.28,0
29,20190106T004005Z,"['1J.TI8A.', '1J.TI1A.', '1J.TI6A.', '1J.TI7A.']",0.0,2019-01-06T00:40:05.050000Z,33.34,0
30,20190106T004146Z,"['1J.TI1A.', '1J.TI4A.', '1J.TI8A.']",0.0,2019-01-06T00:41:46.830000Z,32.93,0
31,20190106T004333Z,['1J.TI8A.'],0.0,2019-01-06T00:43:33.570000Z,1.4,0
32,20190106T004639Z,['1J.TI1A.'],0.0,2019-01-06T00:46:39.880000Z,4.52,0
33,20190106T004707Z,"['1J.TI8A.', '1J.TI3A.']",0.0,2019-01-06T00:47:07.090000Z,19.44,0
34,20190106T004943Z,['1J.TI8A.'],0.0,2019-01-06T00:49:43.880000Z,1.43,0
35,20190106T004959Z,['1J.TI3A.'],0.0,2019-01-06T00:49:59.560000Z,3.28,0
36,20190106T005225Z,['1J.TI8A.'],0.0,2019-01-06T00:52:25.610000Z,1.61,0
37,20190106T005400Z,['1J.TI7A.'],0.0,2019-01-06T00:54:00.300000Z,1.81,0
38,20190106T005450Z,['1J.TI3A.'],0.0,2019-01-06T00:54:50.040000Z,7.48,0
39,20190106T005546Z,['1J.TI8A.'],0.0,2019-01-06T00:55:46.570000Z,20.58,0
40,20190106T005742Z,['1J.TI8A.'],0.0,2019-01-06T00:57:42.540000Z,14.39,0
41,20190106T010016Z,['1J.TI7A.'],0.0,2019-01-06T01:00:16.530000Z,1.25,0
42,20190106T010504Z,['1J.TI8A.'],0.0,2019-01-06T01:05:04.050000Z,0.7,0
43,20190106T011013Z,['1J.TI8A.'],0.0,2019-01-06T01:10:13.330000Z,13.77,0
44,20190106T011335Z,['1J.TI1A.'],0.0,2019-01-06T01:13:35.410000Z,16.99,0
45,20190106T011543Z,"['1J.TI8A.', '1J.TI3A.']",0.0,2019-01-06T01:15:43.090000Z,19.4,0
46,20190106T011656Z,['1J.TI8A.'],0.0,2019-01-06T01:16:56.710000Z,1.1,0
47,20190106T012449Z,['1J.TI7A.'],0.0,2019-01-06T01:24:49.940000Z,5.31,0
48,20190106T012605Z,['1J.TI8A.'],0.0,2019-01-06T01:26:05.500000Z,1.38,0
49,20190106T012724Z,"['1J.TI8A.', '1J.TI3A.']",0.0,2019-01-06T01:27:24.760000Z,16.99,0
50,20190106T012953Z,['1J.TI3A.'],0.0,2019-01-06T01:29:53.650000Z,0.98,0
51,20190106T013307Z,"['1J.TI8A.', '1J.TI1A.', '1J.TI3A.', '1J.TI7A.', '1J.TI6A.', '1J.TI4A.']",0.0,2019-01-06T01:33:07.970000Z,53.87,0
52,20190106T013438Z,['1J.TI3A.'],0.0,2019-01-06T01:34:38.120000Z,2.02,0
53,20190106T013818Z,"['1J.TI4A.', '1J.TI1A.']",0.0,2019-01-06T01:38:18.430000Z,17.99,0
54,20190106T013859Z,['1J.TI7A.'],0.0,2019-01-06T01:38:59.580000Z,5.85,0
55,20190106T014108Z,"['1J.TI4A.', '1J.TI7A.']",0.0,2019-01-06T01:41:08.840000Z,8.35,0
56,20190106T014248Z,['1J.TI8A.'],0.0,2019-01-06T01:42:48.930000Z,3.03,0
57,20190106T014313Z,['1J.TI8A.'],0.0,2019-01-06T01:43:13.210000Z,1.18,0
58,20190106T014547Z,['1J.TI1A.'],0.0,2019-01-06T01:45:47.080000Z,12.12,0
59,20190106T014605Z,['1J.TI7A.'],0.0,2019-01-06T01:46:05.090000Z,16.86,0
60,20190106T014852Z,['1J.TI8A.'],0.0,2019-01-06T01:48:52.060000Z,3.13,0
61,20190106T015144Z,"['1J.TI3A.', '1J.TI8A.']",0.0,2019-01-06T01:51:44.740000Z,12.89,0
62,20190106T015621Z,['1J.TI1A.'],0.0,2019-01-06T01:56:21.300000Z,22.45,0
63,20190106T015840Z,"['1J.TI8A.', '1J.TI3A.']",0.0,2019-01-06T01:58:40.240000Z,17.26,0
64,20190106T015935Z,['1J.TI3A.'],0.0,2019-01-06T01:59:35.760000Z,6.14,0
65,20190106T020250Z,['1J.TI7A.'],0.0,2019-01-06T02:02:50.840000Z,20.12,0
66,20190106T020331Z,['1J.TI8A.'],0.0,2019-01-06T02:03:31.150000Z,2.3,0
67,20190106T020542Z,['1J.TI3A.'],0.0,2019-01-06T02:05:42.730000Z,2.87,0
68,20190106T020753Z,['1J.TI1A.'],0.0,2019-01-06T02:07:53.050000Z,20.97,0
69,20190106T020859Z,['1J.TI8A.'],0.0,2019-01-06T02:08:59.280000Z,8.12,0
70,20190106T020924Z,['1J.TI3A.'],0.0,2019-01-06T02:09:24.120000Z,3.54,0
71,20190106T020928Z,['1J.TI8A.'],0.0,2019-01-06T02:09:28.310000Z,15.49,0
72,20190106T021951Z,['1J.TI8A.'],0.0,2019-01-06T02:19:51.310000Z,2.72,0
73,20190106T022143Z,['1J.TI1A.'],0.0,2019-01-06T02:21:43.060000Z,35.78,0
74,20190106T022355Z,"['1J.TI1A.', '1J.TI3A.', '1J.TI4A.', '1J.TI6A.', '1J.TI8A.']",0.0,2019-01-06T02:23:55.890000Z,35.18,0
75,20190106T022614Z,['1J.TI3A.'],0.0,2019-01-06T02:26:14.100000Z,1.91,0
76,20190106T022928Z,['1J.TI8A.'],0.0,2019-01-06T02:29:28.700000Z,1.89,0
77,20190106T023024Z,"['1J.TI3A.', '1J.TI8A.']",0.0,2019-01-06T02:30:24.310000Z,12.49,0
78,20190106T023607Z,['1J.TI1A.'],0.0,2019-01-06T02:36:07.120000Z,7.07,0
79,20190106T023740Z,['1J.TI1A.'],0.0,2019-01-06T02:37:40.270000Z,20.65,0
80,20190106T023809Z,['1J.TI8A.'],0.0,2019-01-06T02:38:09.110000Z,1.08,0
81,20190106T023904Z,['1J.TI1A.'],0.0,2019-01-06T02:39:04.750000Z,8.45,0
82,20190106T024510Z,['1J.TI7A.'],0.0,2019-01-06T02:45:10.240000Z,5.43,0
83,20190106T024723Z,['1J.TI3A.'],0.0,2019-01-06T02:47:23.660000Z,0.93,0
84,20190106T024923Z,['1J.TI8A.'],0.0,2019-01-06T02:49:23.790000Z,2.19,0
85,20190106T025044Z,['1J.TI3A.'],0.0,2019-01-06T02:50:44.780000Z,18.99,0
86,20190106T025129Z,"['1J.TI1A.', '1J.TI4A.']",0.0,2019-01-06T02:51:29.170000Z,26.06,0
87,20190106T025203Z,['1J.TI7A.'],0.0,2019-01-06T02:52:03.120000Z,1.48,0
88,20190106T025249Z,['1J.TI3A.'],0.0,2019-01-06T02:52:49.690000Z,5.6,0
89,20190106T025428Z,"['1J.TI1A.', '1J.TI4A.', '1J.TI3A.']",0.0,2019-01-06T02:54:28.170000Z,15.04,0
90,20190106T025722Z,['1J.TI8A.'],0.0,2019-01-06T02:57:22.080000Z,18.89,0
91,20190106T025832Z,['1J.TI3A.'],0.0,2019-01-06T02:58:32.730000Z,0.82,0
92,20190106T025909Z,['1J.TI3A.'],0.0,2019-01-06T02:59:09.400000Z,9.17,0
93,20190106T030011Z,['1J.TI8A.'],0.0,2019-01-06T03:00:11.810000Z,1.66,0
94,20190106T030327Z,['1J.TI3A.'],0.0,2019-01-06T03:03:27.670000Z,6.43,0
95,20190106T030552Z,"['1J.TI3A.', '1J.TI4A.']",0.0,2019-01-06T03:05:52.780000Z,18.61,0
96,20190106T030809Z,"['1J.TI4A.', '1J.TI7A.']",0.0,2019-01-06T03:08:09.350000Z,21.05,0
97,20190106T030911Z,['1J.TI3A.'],0.0,2019-01-06T03:09:11.710000Z,13.01,0
98,20190106T031008Z,['1J.TI7A.'],0.0,2019-01-06T03:10:08.330000Z,4.7,0
99,20190106T031031Z,['1J.TI8A.'],0.0,2019-01-06T03:10:31.590000Z,14.71,0
100,20190106T031101Z,['1J.TI3A.'],0.0,2019-01-06T03:11:01.580000Z,0.8,0
101,20190106T031104Z,['1J.TI4A.'],0.0,2019-01-06T03:11:04.050000Z,9.58,0
102,20190106T031114Z,['1J.TI3A.'],0.0,2019-01-06T03:11:14.850000Z,1.53,0
103,20190106T031208Z,['1J.TI3A.'],0.0,2019-01-06T03:12:08.950000Z,12.61,0
104,20190106T031233Z,['1J.TI1A.'],0.0,2019-01-06T03:12:33.050000Z,32.55,0
105,20190106T031318Z,"['1J.TI4A.', '1J.TI7A.']",0.0,2019-01-06T03:13:18.970000Z,9.09,0
106,20190106T031405Z,['1J.TI1A.'],0.0,2019-01-06T03:14:05.410000Z,1.92,0
107,20190106T031433Z,['1J.TI3A.'],0.0,2019-01-06T03:14:33.650000Z,0.68,0
108,20190106T031444Z,['1J.TI1A.'],0.0,2019-01-06T03:14:44.700000Z,26.59,0
109,20190106T031544Z,"['1J.TI4A.', '1J.TI3A.']",0.0,2019-01-06T03:15:44.260000Z,20.49,0
110,20190106T031753Z,['1J.TI8A.'],0.0,2019-01-06T03:17:53.620000Z,1.99,0
111,20190106T032030Z,['1J.TI1A.'],0.0,2019-01-06T03:20:30.300000Z,14.37,0
112,20190106T032152Z,['1J.TI1A.'],0.0,2019-01-06T03:21:52.060000Z,9.08,0
113,20190106T032245Z,['1J.TI1A.'],0.0,2019-01-06T03:22:45.830000Z,7.5,0
114,20190106T032315Z,['1J.TI8A.'],0.0,2019-01-06T03:23:15.340000Z,12.1,0
115,20190106T032334Z,"['1J.TI4A.', '1J.TI3A.']",0.0,2019-01-06T03:23:34.540000Z,42.49,0
116,20190106T032425Z,['1J.TI1A.'],0.0,2019-01-06T03:24:25.170000Z,3.08,0
117,20190106T032647Z,['1J.TI8A.'],0.0,2019-01-06T03:26:47.510000Z,1.6,0
118,20190106T032834Z,['1J.TI3A.'],0.0,2019-01-06T03:28:34.700000Z,0.66,0
119,20190106T032858Z,['1J.TI3A.'],0.0,2019-01-06T03:28:58.370000Z,10.12,0
120,20190106T032914Z,['1J.TI1A.'],0.0,2019-01-06T03:29:14.290000Z,3.24,0
121,20190106T033039Z,['1J.TI1A.'],0.0,2019-01-06T03:30:39.090000Z,2.89,0
122,20190106T033135Z,['1J.TI1A.'],0.0,2019-01-06T03:31:35.610000Z,3.58,0
123,20190106T033308Z,"['1J.TI3A.', '1J.TI8A.', '1J.TI4A.', '1J.TI7A.', '1J.TI6A.']",0.0,2019-01-06T03:33:08.270000Z,54.85,0
124,20190106T033412Z,['1J.TI8A.'],0.0,2019-01-06T03:34:12.080000Z,10.15,0
125,20190106T033522Z,['1J.TI3A.'],0.0,2019-01-06T03:35:22.070000Z,2.88,0
126,20190106T033528Z,['1J.TI7A.'],0.0,2019-01-06T03:35:28.370000Z,1.31,0
127,20190106T033625Z,['1J.TI8A.'],0.0,2019-01-06T03:36:25.310000Z,1.62,0
128,20190106T033629Z,['1J.TI1A.'],0.0,2019-01-06T03:36:29.640000Z,5.98,0
129,20190106T033708Z,['1J.TI3A.'],0.0,2019-01-06T03:37:08.250000Z,2.46,0
130,20190106T034358Z,['1J.TI7A.'],0.0,2019-01-06T03:43:58.070000Z,6.58,0
131,20190106T034551Z,"['1J.TI3A.', '1J.TI6A.']",0.0,2019-01-06T03:45:51.810000Z,18.42,0
132,20190106T034633Z,['1J.TI4A.'],0.0,2019-01-06T03:46:33.830000Z,9.8,0
133,20190106T034727Z,"['1J.TI3A.', '1J.TI8A.']",0.0,2019-01-06T03:47:27.380000Z,18.78,0
134,20190106T034853Z,['1J.TI8A.'],0.0,2019-01-06T03:48:53.630000Z,1.91,0
135,20190106T035347Z,['1J.TI1A.'],0.0,2019-01-06T03:53:47.320000Z,2.15,0
136,20190106T035423Z,"['1J.TI1A.', '1J.TI4A.', '1J.TI3A.', '1J.TI8A.', '1J.TI6A.', '1J.TI7A.']",0.0,2019-01-06T03:54:23.330000Z,64.78,0
137,20190106T040139Z,['1J.TI8A.'],0.0,2019-01-06T04:01:39.820000Z,2.15,0
138,20190106T040424Z,"['1J.TI3A.', '1J.TI8A.', '1J.TI4A.']",0.0,2019-01-06T04:04:24.460000Z,50.69,0
139,20190106T040549Z,['1J.TI4A.'],0.0,2019-01-06T04:05:49.160000Z,20.16,0
140,20190106T040626Z,['1J.TI4A.'],0.0,2019-01-06T04:06:26.820000Z,1.38,0
141,20190106T040711Z,['1J.TI3A.'],0.0,2019-01-06T04:07:11.570000Z,11.51,0
142,20190106T040805Z,['1J.TI4A.'],0.0,2019-01-06T04:08:05.300000Z,23.34,0
143,20190106T040916Z,['1J.TI4A.'],0.0,2019-01-06T04:09:16.200000Z,3.17,0
144,20190106T041010Z,['1J.TI8A.'],0.0,2019-01-06T04:10:10.830000Z,0.78,0
145,20190106T041133Z,['1J.TI8A.'],0.0,2019-01-06T04:11:33.460000Z,19.7,0
146,20190106T041234Z,['1J.TI4A.'],0.0,2019-01-06T04:12:34.890000Z,11.32,0
147,20190106T041728Z,['1J.TI8A.'],0.0,2019-01-06T04:17:28.760000Z,2.7,0
148,20190106T041938Z,"['1J.TI3A.', '1J.TI8A.', '1J.TI6A.', '1J.TI4A.']",0.0,2019-01-06T04:19:38.270000Z,24.4,0
149,20190106T042207Z,"['1J.TI3A.', '1J.TI6A.']",0.0,2019-01-06T04:22:07.090000Z,14.44,0
150,20190106T042242Z,['1J.TI8A.'],0.0,2019-01-06T04:22:42.120000Z,16.42,0
151,20190106T042335Z,['1J.TI8A.'],0.0,2019-01-06T04:23:35.500000Z,0.89,0
152,20190106T042528Z,['1J.TI3A.'],0.0,2019-01-06T04:25:28.910000Z,14.23,0
153,20190106T042622Z,['1J.TI1A.'],0.0,2019-01-06T04:26:22.480000Z,1.44,0
154,20190106T042705Z,['1J.TI1A.'],0.0,2019-01-06T04:27:05.860000Z,3.05,0
155,20190106T042715Z,['1J.TI8A.'],0.0,2019-01-06T04:27:15.730000Z,0.73,0
156,20190106T042721Z,['1J.TI3A.'],0.0,2019-01-06T04:27:21.790000Z,7.15,0
157,20190106T042745Z,['1J.TI1A.'],0.0,2019-01-06T04:27:45.280000Z,4.67,0
158,20190106T042849Z,['1J.TI3A.'],0.0,2019-01-06T04:28:49.310000Z,1.93,0
159,20190106T042915Z,['1J.TI3A.'],0.0,2019-01-06T04:29:15.450000Z,5.83,0
160,20190106T042959Z,['1J.TI3A.'],0.0,2019-01-06T04:29:59.280000Z,5.25,0
161,20190106T043027Z,['1J.TI1A.'],0.0,2019-01-06T04:30:27.150000Z,21.05,0
162,20190106T043335Z,['1J.TI3A.'],0.0,2019-01-06T04:33:35.440000Z,5.11,0
163,20190106T043430Z,['1J.TI1A.'],0.0,2019-01-06T04:34:30.130000Z,2.22,0
164,20190106T043642Z,"['1J.TI1A.', '1J.TI3A.']",0.0,2019-01-06T04:36:42.410000Z,16.49,0
165,20190106T043728Z,['1J.TI8A.'],0.0,2019-01-06T04:37:28.110000Z,1.75,0
166,20190106T043828Z,['1J.TI1A.'],0.0,2019-01-06T04:38:28.110000Z,58.77,0
167,20190106T044621Z,"['1J.TI4A.', '1J.TI8A.', '1J.TI3A.']",0.0,2019-01-06T04:46:21.520000Z,24.46,0
168,20190106T044810Z,['1J.TI3A.'],0.0,2019-01-06T04:48:10.740000Z,8.66,0
169,20190106T044829Z,"['1J.TI8A.', '1J.TI3A.', '1J.TI6A.']",0.0,2019-01-06T04:48:29.230000Z,18.41,0
170,20190106T044942Z,['1J.TI4A.'],0.0,2019-01-06T04:49:42.560000Z,2.05,0
171,20190106T045016Z,['1J.TI3A.'],0.0,2019-01-06T04:50:16.450000Z,4.89,0
172,20190106T045045Z,['1J.TI3A.'],0.0,2019-01-06T04:50:45.170000Z,7.43,0
173,20190106T045403Z,"['1J.TI4A.', '1J.TI7A.']",0.0,2019-01-06T04:54:03.120000Z,16.94,0
174,20190106T045526Z,['1J.TI3A.'],0.0,2019-01-06T04:55:26.870000Z,17.32,0
175,20190106T045712Z,['1J.TI8A.'],0.0,2019-01-06T04:57:12.320000Z,2.11,0
176,20190106T045838Z,['1J.TI7A.'],0.0,2019-01-06T04:58:38.250000Z,1.9,0
177,20190106T045929Z,['1J.TI3A.'],0.0,2019-01-06T04:59:29.820000Z,13.47,0
178,20190106T050046Z,['1J.TI1A.'],0.0,2019-01-06T05:00:46.780000Z,5.66,0
179,20190106T050229Z,['1J.TI3A.'],0.0,2019-01-06T05:02:29.550000Z,7.73,0
180,20190106T050512Z,['1J.TI8A.'],0.0,2019-01-06T05:05:12.590000Z,2.36,0
181,20190106T050706Z,['1J.TI3A.'],0.0,2019-01-06T05:07:06.410000Z,4.75,0
182,20190106T050722Z,['1J.TI4A.'],0.0,2019-01-06T05:07:22.360000Z,19.92,0
183,20190106T050759Z,['1J.TI3A.'],0.0,2019-01-06T05:07:59.740000Z,17.66,0
184,20190106T050834Z,['1J.TI7A.'],0.0,2019-01-06T05:08:34.280000Z,4.19,0
185,20190106T051103Z,['1J.TI3A.'],0.0,2019-01-06T05:11:03.190000Z,6.12,0
186,20190106T051201Z,['1J.TI8A.'],0.0,2019-01-06T05:12:01.550000Z,1.88,0
187,20190106T051434Z,['1J.TI1A.'],0.0,2019-01-06T05:14:34.870000Z,11.93,0
188,20190106T051456Z,"['1J.TI3A.', '1J.TI8A.']",0.0,2019-01-06T05:14:56.960000Z,19.04,0
189,20190106T051637Z,['1J.TI4A.'],0.0,2019-01-06T05:16:37.280000Z,12.13,0
190,20190106T051655Z,['1J.TI1A.'],0.0,2019-01-06T05:16:55.520000Z,2.07,0
191,20190106T051929Z,"['1J.TI8A.', '1J.TI7A.', '1J.TI4A.', '1J.TI6A.', '1J.TI3A.', '1J.TI1A.']",0.0,2019-01-06T05:19:29.040000Z,76.01,0
192,20190106T052224Z,['1J.TI1A.'],0.0,2019-01-06T05:22:24.490000Z,6.83,0
193,20190106T052401Z,"['1J.TI1A.', '1J.TI4A.', '1J.TI3A.', '1J.TI8A.']",0.0,2019-01-06T05:24:01.730000Z,22.47,0
194,20190106T052517Z,['1J.TI3A.'],0.0,2019-01-06T05:25:17.830000Z,0.91,0
195,20190106T052817Z,['1J.TI8A.'],0.0,2019-01-06T05:28:17.340000Z,1.53,0
196,20190106T052823Z,['1J.TI1A.'],0.0,2019-01-06T05:28:23.190000Z,6.8,0
197,20190106T052904Z,['1J.TI1A.'],0.0,2019-01-06T05:29:04.430000Z,3.04,0
198,20190106T052959Z,['1J.TI7A.'],0.0,2019-01-06T05:29:59.680000Z,3.8,0
199,20190106T053027Z,['1J.TI1A.'],0.0,2019-01-06T05:30:27.110000Z,19.26,0
200,20190106T053212Z,"['1J.TI1A.', '1J.TI3A.']",0.0,2019-01-06T05:32:12.450000Z,54.45,0
201,20190106T053409Z,['1J.TI3A.'],0.0,2019-01-06T05:34:09.310000Z,17.14,0
202,20190106T053522Z,['1J.TI1A.'],0.0,2019-01-06T05:35:22.640000Z,2.25,0
203,20190106T053629Z,['1J.TI1A.'],0.0,2019-01-06T05:36:29.040000Z,6.34,0
204,20190106T053731Z,['1J.TI1A.'],0.0,2019-01-06T05:37:31.590000Z,16.97,0
205,20190106T053831Z,['1J.TI8A.'],0.0,2019-01-06T05:38:31.140000Z,3.14,0
206,20190106T053841Z,['1J.TI4A.'],0.0,2019-01-06T05:38:41.370000Z,4.45,0
207,20190106T053910Z,['1J.TI1A.'],0.0,2019-01-06T05:39:10.950000Z,10.26,0
208,20190106T053930Z,['1J.TI3A.'],0.0,2019-01-06T05:39:30.390000Z,18.43,0
209,20190106T053953Z,['1J.TI4A.'],0.0,2019-01-06T05:39:53.450000Z,13.62,0
210,20190106T054012Z,"['1J.TI3A.', '1J.TI8A.']",0.0,2019-01-06T05:40:12.040000Z,17.51,0
211,20190106T054036Z,"['1J.TI1A.', '1J.TI4A.']",0.0,2019-01-06T05:40:36.820000Z,17.36,0
212,20190106T054350Z,['1J.TI1A.'],0.0,2019-01-06T05:43:50.850000Z,2.0,0
213,20190106T054448Z,['1J.TI1A.'],0.0,2019-01-06T05:44:48.270000Z,8.72,0
214,20190106T054511Z,"['1J.TI1A.', '1J.TI4A.', '1J.TI7A.']",0.0,2019-01-06T05:45:11.220000Z,21.13,0
215,20190106T054554Z,['1J.TI8A.'],0.0,2019-01-06T05:45:54.700000Z,1.43,0
216,20190106T054736Z,['1J.TI1A.'],0.0,2019-01-06T05:47:36.900000Z,4.23,0
217,20190106T054817Z,['1J.TI1A.'],0.0,2019-01-06T05:48:17.670000Z,5.33,0
218,20190106T055207Z,['1J.TI1A.'],0.0,2019-01-06T05:52:07.870000Z,1.95,0
219,20190106T055231Z,['1J.TI4A.'],0.0,2019-01-06T05:52:31.420000Z,7.53,0
220,20190106T055314Z,"['1J.TI3A.', '1J.TI6A.', '1J.TI8A.']",0.0,2019-01-06T05:53:14.250000Z,23.71,0
221,20190106T055403Z,['1J.TI1A.'],0.0,2019-01-06T05:54:03.570000Z,14.23,0
222,20190106T055423Z,['1J.TI4A.'],0.0,2019-01-06T05:54:23.610000Z,6.79,0
223,20190106T055453Z,['1J.TI1A.'],0.0,2019-01-06T05:54:53.210000Z,10.89,0
224,20190106T055516Z,['1J.TI4A.'],0.0,2019-01-06T05:55:16.370000Z,7.37,0
225,20190106T055525Z,"['1J.TI3A.', '1J.TI8A.', '1J.TI7A.', '1J.TI6A.', '1J.TI4A.']",0.0,2019-01-06T05:55:25.740000Z,50.82,0
226,20190106T055754Z,['1J.TI4A.'],0.0,2019-01-06T05:57:54.050000Z,4.59,0
227,20190106T055943Z,"['1J.TI1A.', '1J.TI8A.']",0.0,2019-01-06T05:59:43.240000Z,11.29,0
228,20190106T060116Z,['1J.TI1A.'],0.0,2019-01-06T06:01:16.030000Z,14.08,0
229,20190106T060254Z,['1J.TI1A.'],0.0,2019-01-06T06:02:54.480000Z,22.42,0
230,20190106T060437Z,['1J.TI3A.'],0.0,2019-01-06T06:04:37.360000Z,2.8,0
231,20190106T060449Z,"['1J.TI3A.', '1J.TI6A.']",0.0,2019-01-06T06:04:49.210000Z,19.35,0
232,20190106T060519Z,['1J.TI1A.'],0.0,2019-01-06T06:05:19.450000Z,20.58,0
233,20190106T060713Z,['1J.TI4A.'],0.0,2019-01-06T06:07:13.680000Z,4.49,0
234,20190106T060728Z,"['1J.TI3A.', '1J.TI6A.']",0.0,2019-01-06T06:07:28.840000Z,13.72,0
235,20190106T060802Z,['1J.TI8A.'],0.0,2019-01-06T06:08:02.190000Z,1.91,0
236,20190106T060813Z,['1J.TI4A.'],0.0,2019-01-06T06:08:13.440000Z,8.46,0
237,20190106T060825Z,['1J.TI8A.'],0.0,2019-01-06T06:08:25.070000Z,17.22,0
238,20190106T060852Z,['1J.TI7A.'],0.0,2019-01-06T06:08:52.720000Z,2.17,0
239,20190106T060907Z,['1J.TI4A.'],0.0,2019-01-06T06:09:07.430000Z,1.05,0
240,20190106T060925Z,['1J.TI4A.'],0.0,2019-01-06T06:09:25.920000Z,1.23,0
241,20190106T060943Z,['1J.TI3A.'],0.0,2019-01-06T06:09:43.410000Z,7.19,0
242,20190106T061022Z,['1J.TI1A.'],0.0,2019-01-06T06:10:22.030000Z,16.36,0
243,20190106T061047Z,['1J.TI4A.'],0.0,2019-01-06T06:10:47.710000Z,9.09,0
244,20190106T061131Z,['1J.TI3A.'],0.0,2019-01-06T06:11:31.130000Z,0.84,0
245,20190106T061140Z,['1J.TI1A.'],0.0,2019-01-06T06:11:40.290000Z,8.45,0
246,20190106T061223Z,['1J.TI1A.'],0.0,2019-01-06T06:12:23.290000Z,2.53,0
247,20190106T061431Z,['1J.TI7A.'],0.0,2019-01-06T06:14:31.990000Z,8.37,0
248,20190106T061501Z,"['1J.TI1A.', '1J.TI8A.', '1J.TI4A.', '1J.TI7A.', '1J.TI3A.']",0.0,2019-01-06T06:15:01.890000Z,67.04,0
249,20190106T061648Z,['1J.TI8A.'],0.0,2019-01-06T06:16:48.650000Z,1.5,0
250,20190106T061727Z,['1J.TI4A.'],0.0,2019-01-06T06:17:27.210000Z,7.1,0
251,20190106T061903Z,['1J.TI7A.'],0.0,2019-01-06T06:19:03.790000Z,1.03,0
252,20190106T061922Z,"['1J.TI3A.', '1J.TI6A.', '1J.TI8A.']",0.0,2019-01-06T06:19:22.540000Z,21.98,0
253,20190106T062234Z,['1J.TI4A.'],0.0,2019-01-06T06:22:34.150000Z,1.23,0
254,20190106T062317Z,['1J.TI1A.'],0.0,2019-01-06T06:23:17.850000Z,3.01,0
255,20190106T062339Z,['1J.TI8A.'],0.0,2019-01-06T06:23:39.180000Z,1.83,0
256,20190106T062342Z,['1J.TI4A.'],0.0,2019-01-06T06:23:42.530000Z,3.56,0
257,20190106T062544Z,['1J.TI3A.'],0.0,2019-01-06T06:25:44.940000Z,1.04,0
258,20190106T062742Z,['1J.TI3A.'],0.0,2019-01-06T06:27:42.140000Z,12.02,0
259,20190106T062803Z,['1J.TI8A.'],0.0,2019-01-06T06:28:03.700000Z,14.83,0
260,20190106T062914Z,['1J.TI3A.'],0.0,2019-01-06T06:29:14.290000Z,0.67,0
261,20190106T062949Z,['1J.TI3A.'],0.0,2019-01-06T06:29:49.580000Z,0.84,0
262,20190106T063019Z,"['1J.TI3A.', '1J.TI4A.']",0.0,2019-01-06T06:30:19.670000Z,11.93,0
263,20190106T063048Z,['1J.TI8A.'],0.0,2019-01-06T06:30:48.280000Z,6.03,0
264,20190106T063125Z,['1J.TI8A.'],0.0,2019-01-06T06:31:25.910000Z,1.27,0
265,20190106T063409Z,['1J.TI4A.'],0.0,2019-01-06T06:34:09.270000Z,7.08,0
266,20190106T063523Z,['1J.TI3A.'],0.0,2019-01-06T06:35:23.090000Z,0.98,0
267,20190106T063526Z,['1J.TI1A.'],0.0,2019-01-06T06:35:26.890000Z,12.81,0
268,20190106T063640Z,['1J.TI4A.'],0.0,2019-01-06T06:36:40.230000Z,1.68,0
269,20190106T063852Z,['1J.TI7A.'],0.0,2019-01-06T06:38:52.180000Z,7.19,0
270,20190106T064002Z,['1J.TI8A.'],0.0,2019-01-06T06:40:02.370000Z,1.0,0
271,20190106T064105Z,['1J.TI1A.'],0.0,2019-01-06T06:41:05.220000Z,12.12,0
272,20190106T064232Z,['1J.TI4A.'],0.0,2019-01-06T06:42:32.760000Z,1.62,0
273,20190106T064401Z,"['1J.TI3A.', '1J.TI6A.', '1J.TI8A.']",0.0,2019-01-06T06:44:01.830000Z,23.02,0
274,20190106T064457Z,"['1J.TI3A.', '1J.TI6A.']",0.0,2019-01-06T06:44:57.270000Z,8.59,0
275,20190106T064614Z,['1J.TI8A.'],0.0,2019-01-06T06:46:14.130000Z,0.97,0
276,20190106T064657Z,['1J.TI3A.'],0.0,2019-01-06T06:46:57.570000Z,3.2,0
277,20190106T064828Z,['1J.TI3A.'],0.0,2019-01-06T06:48:28.320000Z,0.81,0
278,20190106T064908Z,['1J.TI3A.'],0.0,2019-01-06T06:49:08.820000Z,0.75,0
279,20190106T064955Z,['1J.TI3A.'],0.0,2019-01-06T06:49:55.120000Z,1.83,0
280,20190106T065014Z,['1J.TI7A.'],0.0,2019-01-06T06:50:14.590000Z,3.21,0
281,20190106T065050Z,"['1J.TI3A.', '1J.TI8A.']",0.0,2019-01-06T06:50:50.110000Z,19.33,0
282,20190106T065159Z,"['1J.TI4A.', '1J.TI3A.']",0.0,2019-01-06T06:51:59.540000Z,17.31,0
283,20190106T065241Z,['1J.TI7A.'],0.0,2019-01-06T06:52:41.220000Z,4.03,0
284,20190106T065415Z,"['1J.TI3A.', '1J.TI8A.']",0.0,2019-01-06T06:54:15.810000Z,7.93,0
285,20190106T065439Z,"['1J.TI1A.', '1J.TI7A.', '1J.TI4A.']",0.0,2019-01-06T06:54:39.030000Z,23.88,0
286,20190106T065609Z,['1J.TI1A.'],0.0,2019-01-06T06:56:09.140000Z,4.12,0
287,20190106T065620Z,['1J.TI8A.'],0.0,2019-01-06T06:56:20.080000Z,1.88,0
288,20190106T065657Z,['1J.TI3A.'],0.0,2019-01-06T06:56:57.420000Z,2.19,0
289,20190106T065826Z,['1J.TI3A.'],0.0,2019-01-06T06:58:26.130000Z,0.79,0
290,20190106T065855Z,"['1J.TI8A.', '1J.TI6A.', '1J.TI3A.']",0.0,2019-01-06T06:58:55.270000Z,69.29,0
291,20190106T070058Z,['1J.TI7A.'],0.0,2019-01-06T07:00:58.720000Z,1.08,0
292,20190106T070138Z,"['1J.TI3A.', '1J.TI6A.']",0.0,2019-01-06T07:01:38.980000Z,17.96,0
293,20190106T070300Z,"['1J.TI7A.', '1J.TI3A.']",0.0,2019-01-06T07:03:00.050000Z,1.97,0
294,20190106T070315Z,['1J.TI1A.'],0.0,2019-01-06T07:03:15.610000Z,12.49,0
295,20190106T070435Z,"['1J.TI4A.', '1J.TI3A.', '1J.TI1A.', '1J.TI6A.']",0.0,2019-01-06T07:04:35.910000Z,85.22,0
296,20190106T070612Z,['1J.TI7A.'],0.0,2019-01-06T07:06:12.710000Z,1.36,0
297,20190106T070646Z,['1J.TI4A.'],0.0,2019-01-06T07:06:46.130000Z,2.5,0
298,20190106T070730Z,['1J.TI4A.'],0.0,2019-01-06T07:07:30.080000Z,8.12,0
299,20190106T070759Z,['1J.TI4A.'],0.0,2019-01-06T07:07:59.630000Z,3.61,0
300,20190106T070805Z,['1J.TI3A.'],0.0,2019-01-06T07:08:05.960000Z,3.15,0
301,20190106T070909Z,['1J.TI3A.'],0.0,2019-01-06T07:09:09.770000Z,7.53,0
302,20190106T070958Z,['1J.TI8A.'],0.0,2019-01-06T07:09:58.630000Z,2.55,0
303,20190106T071036Z,['1J.TI4A.'],0.0,2019-01-06T07:10:36.430000Z,3.59,0
304,20190106T071152Z,"['1J.TI4A.', '1J.TI3A.', '1J.TI6A.']",0.0,2019-01-06T07:11:52.530000Z,21.13,0
305,20190106T071235Z,"['1J.TI1A.', '1J.TI4A.']",0.0,2019-01-06T07:12:35.740000Z,48.16,0
306,20190106T071404Z,['1J.TI4A.'],0.0,2019-01-06T07:14:04.610000Z,2.7,0
307,20190106T071600Z,"['1J.TI3A.', '1J.TI6A.', '1J.TI8A.']",0.0,2019-01-06T07:16:00.810000Z,17.67,0
308,20190106T071630Z,"['1J.TI3A.', '1J.TI6A.', '1J.TI8A.']",0.0,2019-01-06T07:16:30.220000Z,18.56,0
309,20190106T071702Z,['1J.TI4A.'],0.0,2019-01-06T07:17:02.180000Z,12.73,0
310,20190106T071835Z,['1J.TI8A.'],0.0,2019-01-06T07:18:35.860000Z,1.35,0
311,20190106T071933Z,['1J.TI6A.'],0.0,2019-01-06T07:19:33.070000Z,3.35,0
312,20190106T072001Z,['1J.TI3A.'],0.0,2019-01-06T07:20:01.030000Z,2.26,0
313,20190106T072112Z,['1J.TI1A.'],0.0,2019-01-06T07:21:12.490000Z,24.64,0
314,20190106T072157Z,"['1J.TI6A.', '1J.TI3A.', '1J.TI7A.']",0.0,2019-01-06T07:21:57.400000Z,20.17,0
315,20190106T072309Z,['1J.TI4A.'],0.0,2019-01-06T07:23:09.650000Z,1.81,0
316,20190106T072351Z,['1J.TI4A.'],0.0,2019-01-06T07:23:51.630000Z,8.13,0
317,20190106T072520Z,"['1J.TI3A.', '1J.TI4A.']",0.0,2019-01-06T07:25:20.320000Z,6.53,0
318,20190106T072557Z,"['1J.TI6A.', '1J.TI8A.', '1J.TI3A.']",0.0,2019-01-06T07:25:57.100000Z,13.91,0
319,20190106T072624Z,['1J.TI4A.'],0.0,2019-01-06T07:26:24.820000Z,3.53,0
320,20190106T072745Z,"['1J.TI1A.', '1J.TI8A.', '1J.TI6A.']",0.0,2019-01-06T07:27:45.420000Z,19.34,0
321,20190106T072844Z,"['1J.TI1A.', '1J.TI3A.']",0.0,2019-01-06T07:28:44.940000Z,32.68,0
322,20190106T073209Z,"['1J.TI3A.', '1J.TI6A.']",0.0,2019-01-06T07:32:09.050000Z,5.55,0
323,20190106T073232Z,['1J.TI3A.'],0.0,2019-01-06T07:32:32.950000Z,1.58,0
324,20190106T073316Z,['1J.TI7A.'],0.0,2019-01-06T07:33:16.950000Z,1.16,0
325,20190106T073355Z,['1J.TI8A.'],0.0,2019-01-06T07:33:55.730000Z,0.88,0
326,20190106T073432Z,['1J.TI4A.'],0.0,2019-01-06T07:34:32.810000Z,7.58,0
327,20190106T073623Z,['1J.TI4A.'],0.0,2019-01-06T07:36:23.200000Z,3.4,0
328,20190106T073655Z,['1J.TI8A.'],0.0,2019-01-06T07:36:55.670000Z,4.06,0
329,20190106T073752Z,"['1J.TI3A.', '1J.TI6A.', '1J.TI8A.', '1J.TI7A.']",0.0,2019-01-06T07:37:52.050000Z,32.74,0
330,20190106T073842Z,"['1J.TI1A.', '1J.TI4A.']",0.0,2019-01-06T07:38:42.960000Z,18.4,0
331,20190106T073915Z,"['1J.TI1A.', '1J.TI7A.', '1J.TI4A.']",0.0,2019-01-06T07:39:15.340000Z,22.02,0
332,20190106T073951Z,['1J.TI3A.'],0.0,2019-01-06T07:39:51.470000Z,2.74,0
333,20190106T074024Z,"['1J.TI3A.', '1J.TI6A.', '1J.TI4A.', '1J.TI8A.', '1J.TI1A.']",0.0,2019-01-06T07:40:24.200000Z,27.55,0
334,20190106T074134Z,['1J.TI4A.'],0.0,2019-01-06T07:41:34.140000Z,8.71,0
335,20190106T074343Z,['1J.TI7A.'],0.0,2019-01-06T07:43:43.350000Z,0.82,0
336,20190106T074610Z,"['1J.TI3A.', '1J.TI6A.', '1J.TI8A.']",0.0,2019-01-06T07:46:10.640000Z,21.9,0
337,20190106T074716Z,['1J.TI4A.'],0.0,2019-01-06T07:47:16.190000Z,3.91,0
338,20190106T074742Z,['1J.TI4A.'],0.0,2019-01-06T07:47:42.200000Z,3.15,0
339,20190106T074753Z,['1J.TI4A.'],0.0,2019-01-06T07:47:53.680000Z,3.59,0
340,20190106T074841Z,['1J.TI6A.'],0.0,2019-01-06T07:48:41.140000Z,1.19,0
341,20190106T074857Z,['1J.TI8A.'],0.0,2019-01-06T07:48:57.150000Z,2.31,0
342,20190106T074901Z,"['1J.TI3A.', '1J.TI7A.']",0.0,2019-01-06T07:49:01.760000Z,27.39,0
343,20190106T075013Z,"['1J.TI3A.', '1J.TI6A.']",0.0,2019-01-06T07:50:13.690000Z,5.27,0
344,20190106T075109Z,['1J.TI4A.'],0.0,2019-01-06T07:51:09.350000Z,5.15,0
345,20190106T075120Z,"['1J.TI4A.', '1J.TI7A.']",0.0,2019-01-06T07:51:20.190000Z,19.06,0
346,20190106T075301Z,['1J.TI4A.'],0.0,2019-01-06T07:53:01.540000Z,2.96,0
347,20190106T075348Z,['1J.TI7A.'],0.0,2019-01-06T07:53:48.140000Z,4.99,0
348,20190106T075429Z,['1J.TI3A.'],0.0,2019-01-06T07:54:29.120000Z,1.88,0
349,20190106T075455Z,['1J.TI4A.'],0.0,2019-01-06T07:54:55.710000Z,1.27,0
350,20190106T075513Z,['1J.TI1A.'],0.0,2019-01-06T07:55:13.960000Z,1.5,0
351,20190106T075544Z,['1J.TI8A.'],0.0,2019-01-06T07:55:44.520000Z,1.01,0
352,20190106T075559Z,['1J.TI3A.'],0.0,2019-01-06T07:55:59.190000Z,1.11,0
353,20190106T075608Z,"['1J.TI6A.', '1J.TI3A.', '1J.TI8A.']",0.0,2019-01-06T07:56:08.140000Z,21.98,0
354,20190106T075642Z,"['1J.TI3A.', '1J.TI6A.']",0.0,2019-01-06T07:56:42.430000Z,17.13,0
355,20190106T075845Z,"['1J.TI7A.', '1J.TI3A.', '1J.TI6A.']",0.0,2019-01-06T07:58:45.320000Z,8.71,0
356,20190106T075911Z,"['1J.TI8A.', '1J.TI6A.']",0.0,2019-01-06T07:59:11.030000Z,21.17,0
357,20190106T080031Z,"['1J.TI3A.', '1J.TI6A.']",0.0,2019-01-06T08:00:31.570000Z,17.5,0
358,20190106T080123Z,['1J.TI7A.'],0.0,2019-01-06T08:01:23.790000Z,0.83,0
359,20190106T080222Z,['1J.TI6A.'],0.0,2019-01-06T08:02:22.860000Z,2.43,0
360,20190106T080256Z,['1J.TI8A.'],0.0,2019-01-06T08:02:56.300000Z,1.62,0
361,20190106T080304Z,['1J.TI3A.'],0.0,2019-01-06T08:03:04.890000Z,1.82,0
362,20190106T080335Z,"['1J.TI3A.', '1J.TI6A.']",0.0,2019-01-06T08:03:35.030000Z,17.32,0
363,20190106T080423Z,"['1J.TI3A.', '1J.TI6A.']",0.0,2019-01-06T08:04:23.650000Z,8.56,0
364,20190106T080446Z,"['1J.TI8A.', '1J.TI4A.']",0.0,2019-01-06T08:04:46.650000Z,14.94,0
365,20190106T080512Z,['1J.TI3A.'],0.0,2019-01-06T08:05:12.740000Z,0.89,0
366,20190106T080613Z,"['1J.TI3A.', '1J.TI6A.']",0.0,2019-01-06T08:06:13.380000Z,7.24,0
367,20190106T080649Z,['1J.TI8A.'],0.0,2019-01-06T08:06:49.510000Z,5.13,0
368,20190106T080747Z,['1J.TI6A.'],0.0,2019-01-06T08:07:47.610000Z,1.79,0
369,20190106T080808Z,['1J.TI4A.'],0.0,2019-01-06T08:08:08.180000Z,8.03,0
370,20190106T080918Z,['1J.TI7A.'],0.0,2019-01-06T08:09:18.290000Z,1.13,0
371,20190106T080920Z,['1J.TI6A.'],0.0,2019-01-06T08:09:20.780000Z,3.74,0
372,20190106T081044Z,['1J.TI1A.'],0.0,2019-01-06T08:10:44.840000Z,5.75,0
373,20190106T081107Z,['1J.TI8A.'],0.0,2019-01-06T08:11:07.970000Z,6.49,0
374,20190106T081130Z,['1J.TI8A.'],0.0,2019-01-06T08:11:30.800000Z,1.21,0
375,20190106T081311Z,['1J.TI4A.'],0.0,2019-01-06T08:13:11.560000Z,5.28,0
376,20190106T081334Z,"['1J.TI6A.', '1J.TI4A.']",0.0,2019-01-06T08:13:34.820000Z,15.67,0
377,20190106T081354Z,['1J.TI7A.'],0.0,2019-01-06T08:13:54.590000Z,1.28,0
378,20190106T081820Z,['1J.TI8A.'],0.0,2019-01-06T08:18:20.540000Z,1.34,0
379,20190106T081926Z,"['1J.TI3A.', '1J.TI6A.', '1J.TI8A.']",0.0,2019-01-06T08:19:26.960000Z,19.62,0
380,20190106T082151Z,['1J.TI7A.'],0.0,2019-01-06T08:21:51.240000Z,0.88,0
381,20190106T082354Z,['1J.TI7A.'],0.0,2019-01-06T08:23:54.980000Z,1.09,0
382,20190106T082414Z,['1J.TI8A.'],0.0,2019-01-06T08:24:14.360000Z,1.32,0
383,20190106T082557Z,['1J.TI8A.'],0.0,2019-01-06T08:25:57.910000Z,10.62,0
384,20190106T082636Z,"['1J.TI1A.', '1J.TI4A.']",0.0,2019-01-06T08:26:36.330000Z,45.15,0
385,20190106T082739Z,"['1J.TI3A.', '1J.TI6A.', '1J.TI8A.']",0.0,2019-01-06T08:27:39.700000Z,15.15,0
386,20190106T082820Z,"['1J.TI8A.', '1J.TI7A.']",0.0,2019-01-06T08:28:20.770000Z,6.04,0
387,20190106T082907Z,['1J.TI8A.'],0.0,2019-01-06T08:29:07.160000Z,0.81,0
388,20190106T083033Z,['1J.TI7A.'],0.0,2019-01-06T08:30:33.070000Z,0.7,0
389,20190106T083201Z,"['1J.TI1A.', '1J.TI4A.', '1J.TI7A.', '1J.TI6A.']",0.0,2019-01-06T08:32:01.300000Z,27.76,0
390,20190106T083355Z,"['1J.TI3A.', '1J.TI6A.']",0.0,2019-01-06T08:33:55.020000Z,18.45,0
391,20190106T083554Z,['1J.TI8A.'],0.0,2019-01-06T08:35:54.970000Z,0.99,0
392,20190106T083640Z,"['1J.TI6A.', '1J.TI3A.', '1J.TI8A.']",0.0,2019-01-06T08:36:40.210000Z,23.52,0
393,20190106T083845Z,['1J.TI3A.'],0.0,2019-01-06T08:38:45.300000Z,4.93,0
394,20190106T083900Z,"['1J.TI3A.', '1J.TI6A.']",0.0,2019-01-06T08:39:00.050000Z,12.17,0
395,20190106T084142Z,['1J.TI6A.'],0.0,2019-01-06T08:41:42.770000Z,1.11,0
396,20190106T084436Z,['1J.TI8A.'],0.0,2019-01-06T08:44:36.400000Z,2.36,0
397,20190106T085056Z,"['1J.TI3A.', '1J.TI6A.']",0.0,2019-01-06T08:50:56.890000Z,15.76,0
398,20190106T085439Z,['1J.TI6A.'],0.0,2019-01-06T08:54:39.280000Z,10.29,0
399,20190106T085628Z,['1J.TI8A.'],0.0,2019-01-06T08:56:28.240000Z,3.03,0
400,20190106T085706Z,['1J.TI7A.'],0.0,2019-01-06T08:57:06.420000Z,9.55,0
401,20190106T085807Z,['1J.TI6A.'],0.0,2019-01-06T08:58:07.430000Z,5.31,0
402,20190106T085851Z,"['1J.TI3A.', '1J.TI6A.']",0.0,2019-01-06T08:58:51.260000Z,17.89,0
403,20190106T090051Z,['1J.TI8A.'],0.0,2019-01-06T09:00:51.670000Z,4.7,0
404,20190106T090105Z,"['1J.TI6A.', '1J.TI8A.']",0.0,2019-01-06T09:01:05.840000Z,47.06,0
405,20190106T090455Z,['1J.TI8A.'],0.0,2019-01-06T09:04:55.080000Z,1.86,0
406,20190106T090505Z,['1J.TI7A.'],0.0,2019-01-06T09:05:05.120000Z,1.08,0
407,20190106T090649Z,"['1J.TI8A.', '1J.TI6A.', '1J.TI3A.']",0.0,2019-01-06T09:06:49.370000Z,39.67,0
408,20190106T091219Z,['1J.TI6A.'],0.0,2019-01-06T09:12:19.180000Z,1.3,0
409,20190106T091240Z,"['1J.TI4A.', '1J.TI6A.']",0.0,2019-01-06T09:12:40.800000Z,5.68,0
410,20190106T091358Z,"['1J.TI6A.', '1J.TI8A.', '1J.TI7A.']",0.0,2019-01-06T09:13:58.860000Z,22.67,0
411,20190106T091426Z,"['1J.TI6A.', '1J.TI3A.', '1J.TI8A.', '1J.TI7A.']",0.0,2019-01-06T09:14:26.920000Z,22.33,0
412,20190106T091536Z,['1J.TI4A.'],0.0,2019-01-06T09:15:36.080000Z,7.32,0
413,20190106T091556Z,['1J.TI8A.'],0.0,2019-01-06T09:15:56.800000Z,1.73,0
414,20190106T091622Z,['1J.TI7A.'],0.0,2019-01-06T09:16:22.950000Z,0.98,0
415,20190106T091646Z,"['1J.TI6A.', '1J.TI8A.']",0.0,2019-01-06T09:16:46.480000Z,9.29,0
416,20190106T091755Z,['1J.TI7A.'],0.0,2019-01-06T09:17:55.060000Z,0.92,0
417,20190106T091830Z,"['1J.TI7A.', '1J.TI6A.', '1J.TI8A.']",0.0,2019-01-06T09:18:30.490000Z,15.09,0
418,20190106T091933Z,['1J.TI7A.'],0.0,2019-01-06T09:19:33.030000Z,1.11,0
419,20190106T092105Z,['1J.TI8A.'],0.0,2019-01-06T09:21:05.240000Z,4.29,0
420,20190106T092112Z,['1J.TI7A.'],0.0,2019-01-06T09:21:12.040000Z,0.97,0
421,20190106T092231Z,['1J.TI7A.'],0.0,2019-01-06T09:22:31.470000Z,0.72,0
422,20190106T092308Z,['1J.TI7A.'],0.0,2019-01-06T09:23:08.810000Z,1.32,0
423,20190106T092329Z,['1J.TI4A.'],0.0,2019-01-06T09:23:29.460000Z,6.37,0
424,20190106T092414Z,['1J.TI8A.'],0.0,2019-01-06T09:24:14.810000Z,2.8,0
425,20190106T092500Z,['1J.TI6A.'],0.0,2019-01-06T09:25:00.950000Z,0.79,0
426,20190106T092521Z,"['1J.TI8A.', '1J.TI7A.']",0.0,2019-01-06T09:25:21.890000Z,2.84,0
427,20190106T092743Z,['1J.TI7A.'],0.0,2019-01-06T09:27:43.560000Z,5.74,0
428,20190106T092833Z,"['1J.TI6A.', '1J.TI8A.', '1J.TI7A.', '1J.TI4A.', '1J.TI3A.', '1J.TI1A.']",0.0,2019-01-06T09:28:33.880000Z,54.53,0
429,20190106T093007Z,['1J.TI1A.'],0.0,2019-01-06T09:30:07.630000Z,2.51,0
430,20190106T093155Z,['1J.TI7A.'],0.0,2019-01-06T09:31:55.260000Z,0.95,0
431,20190106T093318Z,['1J.TI7A.'],0.0,2019-01-06T09:33:18.310000Z,0.72,0
432,20190106T093538Z,['1J.TI8A.'],0.0,2019-01-06T09:35:38.090000Z,3.71,0
433,20190106T093736Z,"['1J.TI3A.', '1J.TI6A.']",0.0,2019-01-06T09:37:36.380000Z,18.75,0
434,20190106T093903Z,['1J.TI4A.'],0.0,2019-01-06T09:39:03.990000Z,4.2,0
435,20190106T093917Z,['1J.TI7A.'],0.0,2019-01-06T09:39:17.660000Z,0.82,0
436,20190106T093945Z,['1J.TI1A.'],0.0,2019-01-06T09:39:45.520000Z,16.62,0
437,20190106T094019Z,"['1J.TI1A.', '1J.TI4A.', '1J.TI3A.', '1J.TI6A.']",0.0,2019-01-06T09:40:19.090000Z,12.58,0
438,20190106T094046Z,['1J.TI7A.'],0.0,2019-01-06T09:40:46.270000Z,18.3,0
439,20190106T094144Z,['1J.TI6A.'],0.0,2019-01-06T09:41:44.580000Z,1.08,0
440,20190106T094221Z,"['1J.TI3A.', '1J.TI6A.']",0.0,2019-01-06T09:42:21.820000Z,8.7,0
441,20190106T094251Z,['1J.TI6A.'],0.0,2019-01-06T09:42:51.480000Z,6.55,0
442,20190106T094342Z,['1J.TI7A.'],0.0,2019-01-06T09:43:42.570000Z,4.17,0
443,20190106T094351Z,['1J.TI7A.'],0.0,2019-01-06T09:43:51.890000Z,7.94,0
444,20190106T094446Z,"['1J.TI6A.', '1J.TI7A.']",0.0,2019-01-06T09:44:46.490000Z,47.27,0
445,20190106T094630Z,['1J.TI3A.'],0.0,2019-01-06T09:46:30.860000Z,2.62,0
446,20190106T094719Z,"['1J.TI6A.', '1J.TI8A.', '1J.TI7A.', '1J.TI4A.', '1J.TI1A.', '1J.TI3A.']",0.0,2019-01-06T09:47:19.540000Z,51.57,0
447,20190106T094914Z,"['1J.TI7A.', '1J.TI8A.', '1J.TI6A.']",0.0,2019-01-06T09:49:14.700000Z,21.26,0
448,20190106T095031Z,['1J.TI7A.'],0.0,2019-01-06T09:50:31.300000Z,3.19,0
449,20190106T095059Z,['1J.TI7A.'],0.0,2019-01-06T09:50:59.450000Z,1.06,0
450,20190106T095143Z,['1J.TI4A.'],0.0,2019-01-06T09:51:43.150000Z,10.81,0
451,20190106T095225Z,['1J.TI7A.'],0.0,2019-01-06T09:52:25.450000Z,1.06,0
452,20190106T095441Z,['1J.TI7A.'],0.0,2019-01-06T09:54:41.200000Z,1.57,0
453,20190106T095449Z,"['1J.TI3A.', '1J.TI6A.']",0.0,2019-01-06T09:54:49.330000Z,10.88,0
454,20190106T095500Z,['1J.TI8A.'],0.0,2019-01-06T09:55:00.760000Z,2.08,0
455,20190106T095609Z,"['1J.TI6A.', '1J.TI8A.', '1J.TI7A.', '1J.TI4A.']",0.0,2019-01-06T09:56:09.340000Z,18.28,0
456,20190106T095637Z,"['1J.TI3A.', '1J.TI6A.', '1J.TI8A.']",0.0,2019-01-06T09:56:37.220000Z,22.86,0
457,20190106T095921Z,['1J.TI7A.'],0.0,2019-01-06T09:59:21.090000Z,2.95,0
458,20190106T095927Z,['1J.TI4A.'],0.0,2019-01-06T09:59:27.120000Z,7.05,0
459,20190106T100037Z,['1J.TI7A.'],0.0,2019-01-06T10:00:37.170000Z,8.32,0
460,20190106T100129Z,['1J.TI6A.'],0.0,2019-01-06T10:01:29.880000Z,2.04,0
461,20190106T100202Z,['1J.TI7A.'],0.0,2019-01-06T10:02:02.670000Z,0.89,0
462,20190106T100222Z,['1J.TI6A.'],0.0,2019-01-06T10:02:22.760000Z,10.94,0
463,20190106T100316Z,['1J.TI7A.'],0.0,2019-01-06T10:03:16.000000Z,1.18,0
464,20190106T100345Z,['1J.TI1A.'],0.0,2019-01-06T10:03:45.970000Z,16.73,0
465,20190106T100431Z,['1J.TI7A.'],0.0,2019-01-06T10:04:31.960000Z,9.97,0
466,20190106T100444Z,"['1J.TI6A.', '1J.TI3A.', '1J.TI8A.']",0.0,2019-01-06T10:04:44.200000Z,19.37,0
467,20190106T100553Z,['1J.TI3A.'],0.0,2019-01-06T10:05:53.140000Z,3.87,0
468,20190106T100600Z,"['1J.TI7A.', '1J.TI1A.']",0.0,2019-01-06T10:06:00.000000Z,11.44,0
469,20190106T100643Z,['1J.TI8A.'],0.0,2019-01-06T10:06:43.430000Z,2.21,0
470,20190106T100727Z,['1J.TI7A.'],0.0,2019-01-06T10:07:27.550000Z,0.98,0
471,20190106T100738Z,"['1J.TI7A.', '1J.TI8A.']",0.0,2019-01-06T10:07:38.870000Z,19.63,0
472,20190106T100826Z,"['1J.TI1A.', '1J.TI4A.', '1J.TI3A.']",0.0,2019-01-06T10:08:26.580000Z,13.09,0
473,20190106T100852Z,['1J.TI7A.'],0.0,2019-01-06T10:08:52.100000Z,0.82,0
474,20190106T100928Z,['1J.TI6A.'],0.0,2019-01-06T10:09:28.320000Z,14.88,0
475,20190106T101141Z,['1J.TI7A.'],0.0,2019-01-06T10:11:41.560000Z,0.86,0
476,20190106T101212Z,['1J.TI4A.'],0.0,2019-01-06T10:12:12.780000Z,11.92,0
477,20190106T101326Z,"['1J.TI6A.', '1J.TI3A.', '1J.TI8A.', '1J.TI4A.']",0.0,2019-01-06T10:13:26.660000Z,23.8,0
478,20190106T101521Z,['1J.TI7A.'],0.0,2019-01-06T10:15:21.990000Z,11.04,0
479,20190106T101711Z,"['1J.TI1A.', '1J.TI4A.', '1J.TI3A.', '1J.TI6A.', '1J.TI8A.']",0.0,2019-01-06T10:17:11.920000Z,19.23,0
480,20190106T101736Z,"['1J.TI3A.', '1J.TI6A.', '1J.TI8A.']",0.0,2019-01-06T10:17:36.390000Z,19.31,0
481,20190106T101825Z,"['1J.TI3A.', '1J.TI6A.']",0.0,2019-01-06T10:18:25.430000Z,15.29,0
482,20190106T101900Z,['1J.TI7A.'],0.0,2019-01-06T10:19:00.450000Z,1.05,0
483,20190106T101936Z,['1J.TI1A.'],0.0,2019-01-06T10:19:36.800000Z,3.9,0
484,20190106T102112Z,"['1J.TI3A.', '1J.TI6A.']",0.0,2019-01-06T10:21:12.660000Z,7.87,0
485,20190106T102201Z,['1J.TI7A.'],0.0,2019-01-06T10:22:01.030000Z,0.99,0
486,20190106T102224Z,['1J.TI3A.'],0.0,2019-01-06T10:22:24.780000Z,2.94,0
487,20190106T102327Z,"['1J.TI4A.', '1J.TI3A.', '1J.TI6A.']",0.0,2019-01-06T10:23:27.350000Z,17.79,0
488,20190106T102355Z,['1J.TI7A.'],0.0,2019-01-06T10:23:55.810000Z,1.05,0
489,20190106T102441Z,"['1J.TI1A.', '1J.TI7A.']",0.0,2019-01-06T10:24:41.110000Z,10.5,0
490,20190106T102526Z,['1J.TI8A.'],0.0,2019-01-06T10:25:26.850000Z,4.44,0
491,20190106T102542Z,['1J.TI8A.'],0.0,2019-01-06T10:25:42.460000Z,1.24,0
492,20190106T102601Z,['1J.TI6A.'],0.0,2019-01-06T10:26:01.390000Z,6.15,0
493,20190106T102647Z,['1J.TI6A.'],0.0,2019-01-06T10:26:47.350000Z,0.95,0
494,20190106T102815Z,['1J.TI7A.'],0.0,2019-01-06T10:28:15.800000Z,0.97,0
495,20190106T102928Z,['1J.TI7A.'],0.0,2019-01-06T10:29:28.020000Z,0.88,0
496,20190106T103017Z,"['1J.TI1A.', '1J.TI4A.']",0.0,2019-01-06T10:30:17.900000Z,15.25,0
497,20190106T103110Z,['1J.TI7A.'],0.0,2019-01-06T10:31:10.260000Z,1.34,0
498,20190106T103131Z,['1J.TI3A.'],0.0,2019-01-06T10:31:31.000000Z,0.88,0
499,20190106T103309Z,['1J.TI1A.'],0.0,2019-01-06T10:33:09.780000Z,4.99,0
500,20190106T103317Z,['1J.TI6A.'],0.0,2019-01-06T10:33:17.150000Z,4.7,0
501,20190106T103323Z,['1J.TI1A.'],0.0,2019-01-06T10:33:23.900000Z,3.41,0
502,20190106T103333Z,"['1J.TI1A.', '1J.TI7A.']",0.0,2019-01-06T10:33:33.550000Z,22.47,0
503,20190106T103413Z,['1J.TI1A.'],0.0,2019-01-06T10:34:13.640000Z,1.9,0
504,20190106T103425Z,"['1J.TI1A.', '1J.TI7A.']",0.0,2019-01-06T10:34:25.730000Z,18.38,0
505,20190106T103534Z,['1J.TI7A.'],0.0,2019-01-06T10:35:34.550000Z,1.37,0
506,20190106T103537Z,['1J.TI8A.'],0.0,2019-01-06T10:35:37.560000Z,13.56,0
507,20190106T103558Z,"['1J.TI3A.', '1J.TI6A.', '1J.TI8A.', '1J.TI4A.', '1J.TI1A.']",0.0,2019-01-06T10:35:58.320000Z,26.75,0
508,20190106T103711Z,['1J.TI7A.'],0.0,2019-01-06T10:37:11.240000Z,0.89,0
509,20190106T103846Z,['1J.TI1A.'],0.0,2019-01-06T10:38:46.420000Z,3.79,0
510,20190106T103857Z,"['1J.TI3A.', '1J.TI6A.', '1J.TI8A.', '1J.TI7A.', '1J.TI4A.', '1J.TI1A.']",0.0,2019-01-06T10:38:57.740000Z,54.36,0
511,20190106T104129Z,"['1J.TI4A.', '1J.TI8A.', '1J.TI6A.', '1J.TI7A.']",0.0,2019-01-06T10:41:29.730000Z,8.49,0
512,20190106T104226Z,"['1J.TI3A.', '1J.TI6A.', '1J.TI8A.']",0.0,2019-01-06T10:42:26.970000Z,11.44,0
513,20190106T104305Z,['1J.TI7A.'],0.0,2019-01-06T10:43:05.110000Z,0.72,0
514,20190106T104311Z,"['1J.TI4A.', '1J.TI1A.']",0.0,2019-01-06T10:43:11.010000Z,31.23,0
515,20190106T104408Z,['1J.TI6A.'],0.0,2019-01-06T10:44:08.800000Z,3.47,0
516,20190106T104434Z,['1J.TI1A.'],0.0,2019-01-06T10:44:34.310000Z,4.07,0
517,20190106T104443Z,['1J.TI7A.'],0.0,2019-01-06T10:44:43.760000Z,0.91,0
518,20190106T104554Z,['1J.TI7A.'],0.0,2019-01-06T10:45:54.740000Z,1.02,0
519,20190106T104612Z,['1J.TI4A.'],0.0,2019-01-06T10:46:12.800000Z,4.57,0
520,20190106T104645Z,['1J.TI8A.'],0.0,2019-01-06T10:46:45.950000Z,2.64,0
521,20190106T104707Z,"['1J.TI1A.', '1J.TI7A.', '1J.TI3A.', '1J.TI6A.', '1J.TI8A.']",0.0,2019-01-06T10:47:07.160000Z,23.11,0
522,20190106T104807Z,"['1J.TI3A.', '1J.TI6A.']",0.0,2019-01-06T10:48:07.040000Z,15.97,0
523,20190106T104824Z,['1J.TI7A.'],0.0,2019-01-06T10:48:24.410000Z,2.05,0
524,20190106T104913Z,['1J.TI4A.'],0.0,2019-01-06T10:49:13.380000Z,6.38,0
525,20190106T105049Z,['1J.TI7A.'],0.0,2019-01-06T10:50:49.100000Z,0.91,0
526,20190106T105155Z,"['1J.TI1A.', '1J.TI4A.', '1J.TI8A.', '1J.TI3A.']",0.0,2019-01-06T10:51:55.150000Z,41.1,0
527,20190106T105259Z,['1J.TI3A.'],0.0,2019-01-06T10:52:59.680000Z,1.21,0
528,20190106T105315Z,['1J.TI7A.'],0.0,2019-01-06T10:53:15.370000Z,1.26,0
529,20190106T105429Z,['1J.TI7A.'],0.0,2019-01-06T10:54:29.350000Z,1.0,0
530,20190106T105455Z,['1J.TI7A.'],0.0,2019-01-06T10:54:55.520000Z,8.73,0
531,20190106T105546Z,['1J.TI7A.'],0.0,2019-01-06T10:55:46.450000Z,0.88,0
532,20190106T105648Z,"['1J.TI6A.', '1J.TI3A.', '1J.TI8A.', '1J.TI7A.', '1J.TI4A.']",0.0,2019-01-06T10:56:48.890000Z,53.76,0
533,20190106T105839Z,['1J.TI8A.'],0.0,2019-01-06T10:58:39.430000Z,1.27,0
534,20190106T105857Z,['1J.TI7A.'],0.0,2019-01-06T10:58:57.280000Z,1.11,0
535,20190106T110034Z,['1J.TI7A.'],0.0,2019-01-06T11:00:34.330000Z,0.7,0
536,20190106T110049Z,['1J.TI4A.'],0.0,2019-01-06T11:00:49.160000Z,1.72,0
537,20190106T110222Z,['1J.TI7A.'],0.0,2019-01-06T11:02:22.270000Z,1.68,0
538,20190106T110227Z,['1J.TI3A.'],0.0,2019-01-06T11:02:27.240000Z,0.76,0
539,20190106T110338Z,['1J.TI4A.'],0.0,2019-01-06T11:03:38.680000Z,8.83,0
540,20190106T110359Z,['1J.TI7A.'],0.0,2019-01-06T11:03:59.660000Z,1.07,0
541,20190106T110549Z,['1J.TI7A.'],0.0,2019-01-06T11:05:49.550000Z,0.91,0
542,20190106T110557Z,['1J.TI3A.'],0.0,2019-01-06T11:05:57.870000Z,4.71,0
543,20190106T110640Z,['1J.TI7A.'],0.0,2019-01-06T11:06:40.060000Z,2.92,0
544,20190106T110749Z,['1J.TI3A.'],0.0,2019-01-06T11:07:49.660000Z,0.81,0
545,20190106T110819Z,['1J.TI7A.'],0.0,2019-01-06T11:08:19.420000Z,2.24,0
546,20190106T110858Z,['1J.TI8A.'],0.0,2019-01-06T11:08:58.540000Z,3.74,0
547,20190106T111140Z,['1J.TI3A.'],0.0,2019-01-06T11:11:40.450000Z,0.97,0
548,20190106T111151Z,['1J.TI7A.'],0.0,2019-01-06T11:11:51.600000Z,3.15,0
549,20190106T111233Z,['1J.TI1A.'],0.0,2019-01-06T11:12:33.340000Z,30.51,0
550,20190106T111352Z,['1J.TI7A.'],0.0,2019-01-06T11:13:52.390000Z,3.27,0
551,20190106T111554Z,['1J.TI7A.'],0.0,2019-01-06T11:15:54.910000Z,2.57,0
552,20190106T111800Z,"['1J.TI8A.', '1J.TI6A.', '1J.TI3A.', '1J.TI7A.']",0.0,2019-01-06T11:18:00.090000Z,18.1,0
553,20190106T111826Z,['1J.TI7A.'],0.0,2019-01-06T11:18:26.940000Z,18.11,0
554,20190106T112538Z,['1J.TI8A.'],0.0,2019-01-06T11:25:38.790000Z,2.52,0
555,20190106T112912Z,['1J.TI3A.'],0.0,2019-01-06T11:29:12.020000Z,7.64,0
556,20190106T113003Z,['1J.TI7A.'],0.0,2019-01-06T11:30:03.560000Z,6.47,0
557,20190106T113153Z,['1J.TI7A.'],0.0,2019-01-06T11:31:53.590000Z,4.1,0
558,20190106T113211Z,"['1J.TI3A.', '1J.TI6A.']",0.0,2019-01-06T11:32:11.830000Z,18.83,0
559,20190106T113349Z,['1J.TI6A.'],0.0,2019-01-06T11:33:49.290000Z,0.8,0
560,20190106T113529Z,['1J.TI8A.'],0.0,2019-01-06T11:35:29.250000Z,3.92,0
561,20190106T113548Z,['1J.TI3A.'],0.0,2019-01-06T11:35:48.640000Z,2.44,0
562,20190106T113559Z,['1J.TI8A.'],0.0,2019-01-06T11:35:59.880000Z,2.62,0
563,20190106T113625Z,['1J.TI3A.'],0.0,2019-01-06T11:36:25.740000Z,5.28,0
564,20190106T113704Z,"['1J.TI3A.', '1J.TI6A.']",0.0,2019-01-06T11:37:04.410000Z,13.52,0
565,20190106T113728Z,['1J.TI6A.'],0.0,2019-01-06T11:37:28.660000Z,11.44,0
566,20190106T113816Z,['1J.TI1A.'],0.0,2019-01-06T11:38:16.080000Z,33.26,0
567,20190106T114133Z,['1J.TI8A.'],0.0,2019-01-06T11:41:33.730000Z,1.55,0
568,20190106T114302Z,['1J.TI1A.'],0.0,2019-01-06T11:43:02.360000Z,42.08,0
569,20190106T114445Z,"['1J.TI3A.', '1J.TI6A.', '1J.TI4A.']",0.0,2019-01-06T11:44:45.030000Z,26.21,0
570,20190106T114537Z,['1J.TI1A.'],0.0,2019-01-06T11:45:37.680000Z,1.48,0
571,20190106T114701Z,['1J.TI8A.'],0.0,2019-01-06T11:47:01.740000Z,4.25,0
572,20190106T114913Z,"['1J.TI6A.', '1J.TI3A.', '1J.TI8A.']",0.0,2019-01-06T11:49:13.390000Z,17.42,0
573,20190106T115109Z,['1J.TI8A.'],0.0,2019-01-06T11:51:09.270000Z,2.37,0
574,20190106T115240Z,['1J.TI7A.'],0.0,2019-01-06T11:52:40.150000Z,8.72,0
575,20190106T115432Z,['1J.TI7A.'],0.0,2019-01-06T11:54:32.360000Z,7.99,0
576,20190106T115501Z,['1J.TI7A.'],0.0,2019-01-06T11:55:01.650000Z,3.46,0
577,20190106T115555Z,['1J.TI1A.'],0.0,2019-01-06T11:55:55.360000Z,2.92,0
578,20190106T115700Z,['1J.TI7A.'],0.0,2019-01-06T11:57:00.560000Z,0.78,0
579,20190106T115731Z,['1J.TI7A.'],0.0,2019-01-06T11:57:31.800000Z,6.53,0
580,20190106T115801Z,['1J.TI6A.'],0.0,2019-01-06T11:58:01.130000Z,62.84,0
581,20190106T120013Z,['1J.TI7A.'],0.0,2019-01-06T12:00:13.620000Z,6.78,0
582,20190106T120037Z,['1J.TI8A.'],0.0,2019-01-06T12:00:37.740000Z,4.06,0
583,20190106T120402Z,['1J.TI7A.'],0.0,2019-01-06T12:04:02.730000Z,4.16,0
584,20190106T120422Z,['1J.TI1A.'],0.0,2019-01-06T12:04:22.020000Z,27.71,0
585,20190106T120511Z,['1J.TI1A.'],0.0,2019-01-06T12:05:11.910000Z,15.68,0
586,20190106T120534Z,['1J.TI7A.'],0.0,2019-01-06T12:05:34.040000Z,2.83,0
587,20190106T120657Z,['1J.TI7A.'],0.0,2019-01-06T12:06:57.760000Z,1.61,0
588,20190106T120710Z,['1J.TI1A.'],0.0,2019-01-06T12:07:10.000000Z,2.97,0
589,20190106T120943Z,['1J.TI7A.'],0.0,2019-01-06T12:09:43.110000Z,3.49,0
590,20190106T121011Z,['1J.TI8A.'],0.0,2019-01-06T12:10:11.930000Z,9.38,0
591,20190106T121048Z,"['1J.TI3A.', '1J.TI6A.']",0.0,2019-01-06T12:10:48.910000Z,16.45,0
592,20190106T121117Z,['1J.TI7A.'],0.0,2019-01-06T12:11:17.740000Z,1.29,0
593,20190106T121208Z,"['1J.TI3A.', '1J.TI8A.', '1J.TI1A.']",0.0,2019-01-06T12:12:08.850000Z,20.67,0
594,20190106T121253Z,['1J.TI7A.'],0.0,2019-01-06T12:12:53.140000Z,1.28,0
595,20190106T121318Z,"['1J.TI1A.', '1J.TI8A.']",0.0,2019-01-06T12:13:18.870000Z,8.03,0
596,20190106T121451Z,['1J.TI7A.'],0.0,2019-01-06T12:14:51.640000Z,2.18,0
597,20190106T121537Z,"['1J.TI8A.', '1J.TI3A.']",0.0,2019-01-06T12:15:37.810000Z,11.89,0
598,20190106T121614Z,['1J.TI7A.'],0.0,2019-01-06T12:16:14.730000Z,1.29,0
599,20190106T121804Z,['1J.TI7A.'],0.0,2019-01-06T12:18:04.910000Z,1.34,0
600,20190106T122000Z,['1J.TI7A.'],0.0,2019-01-06T12:20:00.240000Z,1.37,0
601,20190106T122015Z,['1J.TI1A.'],0.0,2019-01-06T12:20:15.450000Z,11.52,0
602,20190106T122112Z,['1J.TI8A.'],0.0,2019-01-06T12:21:12.060000Z,2.2,0
603,20190106T122233Z,['1J.TI7A.'],0.0,2019-01-06T12:22:33.610000Z,2.32,0
604,20190106T122530Z,['1J.TI7A.'],0.0,2019-01-06T12:25:30.380000Z,2.21,0
605,20190106T122548Z,['1J.TI8A.'],0.0,2019-01-06T12:25:48.500000Z,22.09,0
606,20190106T122617Z,['1J.TI8A.'],0.0,2019-01-06T12:26:17.930000Z,20.24,0
607,20190106T123020Z,"['1J.TI8A.', '1J.TI7A.', '1J.TI1A.', '1J.TI3A.', '1J.TI6A.']",0.0,2019-01-06T12:30:20.170000Z,49.94,0
608,20190106T123611Z,['1J.TI7A.'],0.0,2019-01-06T12:36:11.140000Z,3.26,0
609,20190106T123637Z,['1J.TI8A.'],0.0,2019-01-06T12:36:37.140000Z,23.68,0
610,20190106T123801Z,"['1J.TI3A.', '1J.TI8A.']",0.0,2019-01-06T12:38:01.650000Z,4.33,0
611,20190106T123846Z,['1J.TI7A.'],0.0,2019-01-06T12:38:46.640000Z,0.92,0
612,20190106T123858Z,['1J.TI4A.'],0.0,2019-01-06T12:38:58.880000Z,2.23,0
613,20190106T124011Z,"['1J.TI3A.', '1J.TI6A.']",0.0,2019-01-06T12:40:11.400000Z,15.21,0
614,20190106T124054Z,['1J.TI8A.'],0.0,2019-01-06T12:40:54.550000Z,9.86,0
615,20190106T124119Z,"['1J.TI8A.', '1J.TI6A.']",0.0,2019-01-06T12:41:19.490000Z,15.18,0
616,20190106T124150Z,['1J.TI7A.'],0.0,2019-01-06T12:41:50.260000Z,12.01,0
617,20190106T124251Z,['1J.TI3A.'],0.0,2019-01-06T12:42:51.050000Z,7.25,0
618,20190106T124337Z,['1J.TI7A.'],0.0,2019-01-06T12:43:37.800000Z,2.54,0
619,20190106T124446Z,"['1J.TI3A.', '1J.TI8A.']",0.0,2019-01-06T12:44:46.000000Z,6.73,0
620,20190106T124653Z,['1J.TI7A.'],0.0,2019-01-06T12:46:53.020000Z,2.77,0
621,20190106T124828Z,"['1J.TI8A.', '1J.TI7A.', '1J.TI1A.', '1J.TI3A.', '1J.TI6A.']",0.0,2019-01-06T12:48:28.610000Z,53.55,0
622,20190106T125002Z,['1J.TI7A.'],0.0,2019-01-06T12:50:02.610000Z,0.94,0
623,20190106T125030Z,['1J.TI8A.'],0.0,2019-01-06T12:50:30.820000Z,1.23,0
624,20190106T125220Z,['1J.TI7A.'],0.0,2019-01-06T12:52:20.590000Z,1.52,0
625,20190106T125245Z,['1J.TI7A.'],0.0,2019-01-06T12:52:45.670000Z,1.69,0
626,20190106T125500Z,['1J.TI3A.'],0.0,2019-01-06T12:55:00.050000Z,1.69,0
627,20190106T125504Z,['1J.TI8A.'],0.0,2019-01-06T12:55:04.580000Z,10.44,0
628,20190106T125519Z,['1J.TI3A.'],0.0,2019-01-06T12:55:19.680000Z,5.26,0
629,20190106T125735Z,['1J.TI7A.'],0.0,2019-01-06T12:57:35.370000Z,1.03,0
630,20190106T125855Z,['1J.TI1A.'],0.0,2019-01-06T12:58:55.740000Z,12.24,0
631,20190106T130035Z,['1J.TI7A.'],0.0,2019-01-06T13:00:35.110000Z,1.57,0
632,20190106T130114Z,['1J.TI7A.'],0.0,2019-01-06T13:01:14.750000Z,0.82,0
633,20190106T130247Z,['1J.TI8A.'],0.0,2019-01-06T13:02:47.960000Z,3.13,0
634,20190106T130308Z,['1J.TI8A.'],0.0,2019-01-06T13:03:08.940000Z,2.89,0
635,20190106T130316Z,['1J.TI7A.'],0.0,2019-01-06T13:03:16.220000Z,1.58,0
636,20190106T130402Z,['1J.TI1A.'],0.0,2019-01-06T13:04:02.250000Z,27.65,0
637,20190106T130637Z,"['1J.TI1A.', '1J.TI7A.']",0.0,2019-01-06T13:06:37.560000Z,75.75,0
638,20190106T130905Z,"['1J.TI3A.', '1J.TI8A.', '1J.TI7A.', '1J.TI6A.', '1J.TI1A.']",0.0,2019-01-06T13:09:05.250000Z,54.7,0
639,20190106T131054Z,['1J.TI3A.'],0.0,2019-01-06T13:10:54.850000Z,5.23,0
640,20190106T131100Z,['1J.TI8A.'],0.0,2019-01-06T13:11:00.600000Z,4.13,0
641,20190106T131233Z,['1J.TI1A.'],0.0,2019-01-06T13:12:33.130000Z,7.98,0
642,20190106T131303Z,['1J.TI7A.'],0.0,2019-01-06T13:13:03.770000Z,1.21,0
643,20190106T131317Z,['1J.TI1A.'],0.0,2019-01-06T13:13:17.530000Z,7.19,0
644,20190106T131424Z,['1J.TI8A.'],0.0,2019-01-06T13:14:24.500000Z,1.75,0
645,20190106T131511Z,['1J.TI7A.'],0.0,2019-01-06T13:15:11.530000Z,1.07,0
646,20190106T131543Z,['1J.TI7A.'],0.0,2019-01-06T13:15:43.000000Z,1.14,0
647,20190106T131702Z,"['1J.TI3A.', '1J.TI8A.']",0.0,2019-01-06T13:17:02.840000Z,10.28,0
648,20190106T131810Z,['1J.TI1A.'],0.0,2019-01-06T13:18:10.850000Z,1.22,0
649,20190106T131839Z,['1J.TI7A.'],0.0,2019-01-06T13:18:39.840000Z,0.96,0
650,20190106T131857Z,"['1J.TI3A.', '1J.TI6A.', '1J.TI8A.']",0.0,2019-01-06T13:18:57.360000Z,21.27,0
651,20190106T132508Z,['1J.TI8A.'],0.0,2019-01-06T13:25:08.970000Z,2.34,0
652,20190106T132554Z,['1J.TI1A.'],0.0,2019-01-06T13:25:54.920000Z,3.33,0
653,20190106T132621Z,"['1J.TI1A.', '1J.TI3A.', '1J.TI6A.']",0.0,2019-01-06T13:26:21.200000Z,28.3,0
654,20190106T132723Z,"['1J.TI8A.', '1J.TI3A.', '1J.TI6A.']",0.0,2019-01-06T13:27:23.860000Z,51.01,0
655,20190106T132853Z,['1J.TI7A.'],0.0,2019-01-06T13:28:53.140000Z,1.69,0
656,20190106T133417Z,['1J.TI1A.'],0.0,2019-01-06T13:34:17.210000Z,33.53,0
657,20190106T133511Z,"['1J.TI3A.', '1J.TI6A.']",0.0,2019-01-06T13:35:11.420000Z,15.13,0
658,20190106T133600Z,"['1J.TI1A.', '1J.TI4A.', '1J.TI8A.']",0.0,2019-01-06T13:36:00.010000Z,54.68,0
659,20190106T133932Z,['1J.TI1A.'],0.0,2019-01-06T13:39:32.020000Z,4.06,0
660,20190106T133952Z,['1J.TI1A.'],0.0,2019-01-06T13:39:52.230000Z,8.97,0
661,20190106T134007Z,"['1J.TI8A.', '1J.TI6A.']",0.0,2019-01-06T13:40:07.810000Z,20.96,0
662,20190106T134044Z,['1J.TI3A.'],0.0,2019-01-06T13:40:44.310000Z,8.47,0
663,20190106T134113Z,['1J.TI3A.'],0.0,2019-01-06T13:41:13.470000Z,2.98,0
664,20190106T134119Z,['1J.TI1A.'],0.0,2019-01-06T13:41:19.820000Z,24.89,0
665,20190106T134436Z,['1J.TI3A.'],0.0,2019-01-06T13:44:36.050000Z,4.49,0
666,20190106T134501Z,['1J.TI3A.'],0.0,2019-01-06T13:45:01.220000Z,13.68,0
667,20190106T134643Z,['1J.TI1A.'],0.0,2019-01-06T13:46:43.630000Z,1.32,0
668,20190106T134741Z,['1J.TI3A.'],0.0,2019-01-06T13:47:41.640000Z,5.94,0
669,20190106T134915Z,['1J.TI8A.'],0.0,2019-01-06T13:49:15.770000Z,2.71,0
670,20190106T135116Z,"['1J.TI3A.', '1J.TI8A.']",0.0,2019-01-06T13:51:16.070000Z,2.25,0
671,20190106T135316Z,['1J.TI1A.'],0.0,2019-01-06T13:53:16.870000Z,6.69,0
672,20190106T135345Z,['1J.TI8A.'],0.0,2019-01-06T13:53:45.980000Z,4.11,0
673,20190106T135425Z,['1J.TI7A.'],0.0,2019-01-06T13:54:25.130000Z,2.62,0
674,20190106T140009Z,['1J.TI8A.'],0.0,2019-01-06T14:00:09.430000Z,1.18,0
675,20190106T140142Z,['1J.TI1A.'],0.0,2019-01-06T14:01:42.360000Z,5.53,0
676,20190106T140203Z,"['1J.TI7A.', '1J.TI1A.']",0.0,2019-01-06T14:02:03.870000Z,14.33,0
677,20190106T140409Z,['1J.TI1A.'],0.0,2019-01-06T14:04:09.100000Z,14.61,0
678,20190106T140845Z,['1J.TI8A.'],0.0,2019-01-06T14:08:45.060000Z,5.28,0
679,20190106T140858Z,['1J.TI1A.'],0.0,2019-01-06T14:08:58.050000Z,6.65,0
680,20190106T140919Z,['1J.TI7A.'],0.0,2019-01-06T14:09:19.450000Z,2.92,0
681,20190106T141203Z,['1J.TI3A.'],0.0,2019-01-06T14:12:03.790000Z,6.38,0
682,20190106T141718Z,['1J.TI1A.'],0.0,2019-01-06T14:17:18.570000Z,12.27,0
683,20190106T141805Z,"['1J.TI3A.', '1J.TI1A.', '1J.TI6A.']",0.0,2019-01-06T14:18:05.510000Z,32.3,0
684,20190106T141924Z,"['1J.TI3A.', '1J.TI8A.']",0.0,2019-01-06T14:19:24.510000Z,15.37,0
685,20190106T142028Z,['1J.TI8A.'],0.0,2019-01-06T14:20:28.440000Z,1.15,0
686,20190106T142037Z,['1J.TI7A.'],0.0,2019-01-06T14:20:37.580000Z,0.94,0
687,20190106T142118Z,['1J.TI3A.'],0.0,2019-01-06T14:21:18.190000Z,8.99,0
688,20190106T142602Z,['1J.TI3A.'],0.0,2019-01-06T14:26:02.250000Z,12.66,0
689,20190106T142750Z,['1J.TI3A.'],0.0,2019-01-06T14:27:50.360000Z,0.98,0
690,20190106T143403Z,['1J.TI8A.'],0.0,2019-01-06T14:34:03.490000Z,7.63,0
691,20190106T143453Z,['1J.TI1A.'],0.0,2019-01-06T14:34:53.270000Z,31.64,0
692,20190106T143537Z,['1J.TI1A.'],0.0,2019-01-06T14:35:37.860000Z,4.57,0
693,20190106T143819Z,['1J.TI8A.'],0.0,2019-01-06T14:38:19.800000Z,3.13,0
694,20190106T144347Z,['1J.TI1A.'],0.0,2019-01-06T14:43:47.540000Z,5.99,0
695,20190106T144419Z,['1J.TI3A.'],0.0,2019-01-06T14:44:19.650000Z,17.2,0
696,20190106T144637Z,['1J.TI1A.'],0.0,2019-01-06T14:46:37.680000Z,3.56,0
697,20190106T145139Z,"['1J.TI3A.', '1J.TI8A.']",0.0,2019-01-06T14:51:39.010000Z,16.91,0
698,20190106T145530Z,['1J.TI8A.'],0.0,2019-01-06T14:55:30.650000Z,2.0,0
699,20190106T150328Z,['1J.TI8A.'],0.0,2019-01-06T15:03:28.280000Z,0.88,0
700,20190106T150528Z,['1J.TI1A.'],0.0,2019-01-06T15:05:28.050000Z,14.65,0
701,20190106T150543Z,['1J.TI8A.'],0.0,2019-01-06T15:05:43.810000Z,3.32,0
702,20190106T151119Z,['1J.TI1A.'],0.0,2019-01-06T15:11:19.010000Z,2.25,0
703,20190106T151146Z,['1J.TI1A.'],0.0,2019-01-06T15:11:46.810000Z,6.7,0
704,20190106T151605Z,['1J.TI8A.'],0.0,2019-01-06T15:16:05.140000Z,3.22,0
705,20190106T151839Z,['1J.TI8A.'],0.0,2019-01-06T15:18:39.780000Z,12.41,0
706,20190106T151911Z,['1J.TI1A.'],0.0,2019-01-06T15:19:11.590000Z,13.17,0
707,20190106T152004Z,"['1J.TI4A.', '1J.TI1A.', '1J.TI8A.']",0.0,2019-01-06T15:20:04.230000Z,23.04,0
708,20190106T152142Z,['1J.TI8A.'],0.0,2019-01-06T15:21:42.450000Z,1.0,0
709,20190106T152208Z,['1J.TI1A.'],0.0,2019-01-06T15:22:08.720000Z,1.09,0
710,20190106T152511Z,['1J.TI3A.'],0.0,2019-01-06T15:25:11.830000Z,5.39,0
711,20190106T152526Z,['1J.TI1A.'],0.0,2019-01-06T15:25:26.460000Z,10.94,0
712,20190106T152600Z,['1J.TI1A.'],0.0,2019-01-06T15:26:00.920000Z,1.46,0
713,20190106T152632Z,['1J.TI3A.'],0.0,2019-01-06T15:26:32.380000Z,17.72,0
714,20190106T152913Z,['1J.TI1A.'],0.0,2019-01-06T15:29:13.070000Z,11.28,0
715,20190106T152957Z,['1J.TI4A.'],0.0,2019-01-06T15:29:57.760000Z,4.9,0
716,20190106T153104Z,['1J.TI3A.'],0.0,2019-01-06T15:31:04.940000Z,7.41,0
717,20190106T153115Z,['1J.TI1A.'],0.0,2019-01-06T15:31:15.460000Z,15.44,0
718,20190106T153203Z,['1J.TI7A.'],0.0,2019-01-06T15:32:03.070000Z,0.84,0
719,20190106T153211Z,"['1J.TI3A.', '1J.TI8A.']",0.0,2019-01-06T15:32:11.000000Z,20.5,0
720,20190106T153257Z,['1J.TI8A.'],0.0,2019-01-06T15:32:57.670000Z,1.12,0
721,20190106T153315Z,['1J.TI1A.'],0.0,2019-01-06T15:33:15.450000Z,12.03,0
722,20190106T153356Z,['1J.TI3A.'],0.0,2019-01-06T15:33:56.760000Z,5.92,0
723,20190106T153423Z,['1J.TI7A.'],0.0,2019-01-06T15:34:23.740000Z,0.82,0
724,20190106T153505Z,['1J.TI3A.'],0.0,2019-01-06T15:35:05.540000Z,0.77,0
725,20190106T153516Z,['1J.TI7A.'],0.0,2019-01-06T15:35:16.780000Z,12.39,0
726,20190106T153542Z,['1J.TI3A.'],0.0,2019-01-06T15:35:42.500000Z,17.59,0
727,20190106T153737Z,['1J.TI3A.'],0.0,2019-01-06T15:37:37.510000Z,0.88,0
728,20190106T153811Z,['1J.TI7A.'],0.0,2019-01-06T15:38:11.090000Z,1.09,0
729,20190106T153828Z,['1J.TI3A.'],0.0,2019-01-06T15:38:28.030000Z,0.99,0
730,20190106T153928Z,['1J.TI3A.'],0.0,2019-01-06T15:39:28.080000Z,1.5,0
731,20190106T153955Z,['1J.TI3A.'],0.0,2019-01-06T15:39:55.210000Z,5.29,0
732,20190106T154106Z,['1J.TI3A.'],0.0,2019-01-06T15:41:06.560000Z,1.1,0
733,20190106T154128Z,['1J.TI3A.'],0.0,2019-01-06T15:41:28.530000Z,16.48,0
734,20190106T154215Z,['1J.TI7A.'],0.0,2019-01-06T15:42:15.690000Z,1.58,0
735,20190106T154324Z,['1J.TI7A.'],0.0,2019-01-06T15:43:24.270000Z,6.49,0
736,20190106T154334Z,['1J.TI3A.'],0.0,2019-01-06T15:43:34.290000Z,0.8,0
737,20190106T154338Z,['1J.TI8A.'],0.0,2019-01-06T15:43:38.790000Z,1.87,0
738,20190106T154418Z,['1J.TI3A.'],0.0,2019-01-06T15:44:18.000000Z,1.74,0
739,20190106T154454Z,['1J.TI3A.'],0.0,2019-01-06T15:44:54.500000Z,1.4,0
740,20190106T154528Z,"['1J.TI3A.', '1J.TI8A.', '1J.TI7A.']",0.0,2019-01-06T15:45:28.330000Z,14.11,0
741,20190106T154655Z,['1J.TI3A.'],0.0,2019-01-06T15:46:55.270000Z,16.5,0
742,20190106T154750Z,['1J.TI7A.'],0.0,2019-01-06T15:47:50.760000Z,0.96,0
743,20190106T154918Z,['1J.TI3A.'],0.0,2019-01-06T15:49:18.580000Z,0.85,0
744,20190106T155016Z,['1J.TI3A.'],0.0,2019-01-06T15:50:16.770000Z,2.72,0
745,20190106T155029Z,['1J.TI7A.'],0.0,2019-01-06T15:50:29.600000Z,1.46,0
746,20190106T155108Z,['1J.TI3A.'],0.0,2019-01-06T15:51:08.500000Z,13.15,0
747,20190106T155233Z,['1J.TI3A.'],0.0,2019-01-06T15:52:33.540000Z,5.88,0
748,20190106T155248Z,['1J.TI8A.'],0.0,2019-01-06T15:52:48.400000Z,1.13,0
749,20190106T155327Z,['1J.TI4A.'],0.0,2019-01-06T15:53:27.730000Z,1.08,0
750,20190106T155416Z,['1J.TI4A.'],0.0,2019-01-06T15:54:16.080000Z,13.84,0
751,20190106T155448Z,['1J.TI8A.'],0.0,2019-01-06T15:54:48.100000Z,3.23,0
752,20190106T155652Z,['1J.TI3A.'],0.0,2019-01-06T15:56:52.730000Z,12.3,0
753,20190106T155735Z,['1J.TI3A.'],0.0,2019-01-06T15:57:35.660000Z,0.76,0
754,20190106T155753Z,['1J.TI7A.'],0.0,2019-01-06T15:57:53.930000Z,1.32,0
755,20190106T155835Z,"['1J.TI3A.', '1J.TI1A.']",0.0,2019-01-06T15:58:35.110000Z,9.78,0
756,20190106T155922Z,['1J.TI3A.'],0.0,2019-01-06T15:59:22.350000Z,3.34,0
757,20190106T160140Z,['1J.TI3A.'],0.0,2019-01-06T16:01:40.800000Z,1.67,0
758,20190106T160158Z,['1J.TI8A.'],0.0,2019-01-06T16:01:58.580000Z,5.46,0
759,20190106T160241Z,['1J.TI3A.'],0.0,2019-01-06T16:02:41.200000Z,6.02,0
760,20190106T160307Z,"['1J.TI3A.', '1J.TI7A.']",0.0,2019-01-06T16:03:07.540000Z,24.57,0
761,20190106T160655Z,['1J.TI3A.'],0.0,2019-01-06T16:06:55.870000Z,5.25,0
762,20190106T160720Z,['1J.TI7A.'],0.0,2019-01-06T16:07:20.480000Z,2.12,0
763,20190106T160941Z,['1J.TI1A.'],0.0,2019-01-06T16:09:41.520000Z,10.95,0
764,20190106T160956Z,"['1J.TI8A.', '1J.TI1A.', '1J.TI4A.', '1J.TI3A.']",0.0,2019-01-06T16:09:56.910000Z,48.82,0
765,20190106T161243Z,['1J.TI1A.'],0.0,2019-01-06T16:12:43.160000Z,4.27,0
766,20190106T161450Z,['1J.TI4A.'],0.0,2019-01-06T16:14:50.520000Z,0.71,0
767,20190106T161520Z,['1J.TI3A.'],0.0,2019-01-06T16:15:20.840000Z,19.79,0
768,20190106T161658Z,['1J.TI7A.'],0.0,2019-01-06T16:16:58.820000Z,0.83,0
769,20190106T161910Z,"['1J.TI3A.', '1J.TI1A.', '1J.TI8A.']",0.0,2019-01-06T16:19:10.410000Z,14.26,0
770,20190106T161937Z,"['1J.TI3A.', '1J.TI8A.', '1J.TI1A.']",0.0,2019-01-06T16:19:37.220000Z,23.15,0
771,20190106T162109Z,['1J.TI3A.'],0.0,2019-01-06T16:21:09.970000Z,0.82,0
772,20190106T162212Z,['1J.TI8A.'],0.0,2019-01-06T16:22:12.760000Z,2.18,0
773,20190106T162255Z,['1J.TI8A.'],0.0,2019-01-06T16:22:55.380000Z,2.52,0
774,20190106T162301Z,"['1J.TI3A.', '1J.TI1A.']",0.0,2019-01-06T16:23:01.910000Z,22.71,0
775,20190106T162329Z,"['1J.TI3A.', '1J.TI7A.', '1J.TI8A.', '1J.TI1A.']",0.0,2019-01-06T16:23:29.940000Z,21.67,0
776,20190106T162741Z,['1J.TI4A.'],0.0,2019-01-06T16:27:41.440000Z,10.67,0
777,20190106T162818Z,['1J.TI7A.'],0.0,2019-01-06T16:28:18.810000Z,1.35,0
778,20190106T163059Z,['1J.TI1A.'],0.0,2019-01-06T16:30:59.040000Z,6.01,0
779,20190106T163517Z,['1J.TI8A.'],0.0,2019-01-06T16:35:17.930000Z,0.85,0
780,20190106T163704Z,['1J.TI1A.'],0.0,2019-01-06T16:37:04.780000Z,18.4,0
781,20190106T163836Z,['1J.TI3A.'],0.0,2019-01-06T16:38:36.750000Z,14.51,0
782,20190106T163918Z,['1J.TI3A.'],0.0,2019-01-06T16:39:18.180000Z,12.33,0
783,20190106T164000Z,['1J.TI1A.'],0.0,2019-01-06T16:40:00.260000Z,2.58,0
784,20190106T164309Z,['1J.TI4A.'],0.0,2019-01-06T16:43:09.350000Z,4.44,0
785,20190106T164340Z,['1J.TI1A.'],0.0,2019-01-06T16:43:40.560000Z,22.18,0
786,20190106T164422Z,['1J.TI4A.'],0.0,2019-01-06T16:44:22.530000Z,2.71,0
787,20190106T164450Z,['1J.TI8A.'],0.0,2019-01-06T16:44:50.510000Z,7.48,0
788,20190106T164522Z,"['1J.TI3A.', '1J.TI4A.']",0.0,2019-01-06T16:45:22.200000Z,49.25,0
789,20190106T164641Z,"['1J.TI4A.', '1J.TI8A.']",0.0,2019-01-06T16:46:41.310000Z,20.32,0
790,20190106T164752Z,['1J.TI8A.'],0.0,2019-01-06T16:47:52.240000Z,0.84,0
791,20190106T164824Z,['1J.TI8A.'],0.0,2019-01-06T16:48:24.450000Z,5.27,0
792,20190106T164850Z,['1J.TI4A.'],0.0,2019-01-06T16:48:50.410000Z,5.09,0
793,20190106T165026Z,"['1J.TI3A.', '1J.TI1A.']",0.0,2019-01-06T16:50:26.370000Z,36.61,0
794,20190106T165110Z,['1J.TI4A.'],0.0,2019-01-06T16:51:10.740000Z,1.74,0
795,20190106T165150Z,"['1J.TI8A.', '1J.TI3A.', '1J.TI1A.']",0.0,2019-01-06T16:51:50.520000Z,54.05,0
796,20190106T165357Z,['1J.TI4A.'],0.0,2019-01-06T16:53:57.540000Z,6.55,0
797,20190106T165431Z,['1J.TI3A.'],0.0,2019-01-06T16:54:31.770000Z,7.24,0
798,20190106T165534Z,['1J.TI3A.'],0.0,2019-01-06T16:55:34.140000Z,5.44,0
799,20190106T165730Z,['1J.TI3A.'],0.0,2019-01-06T16:57:30.380000Z,5.19,0
800,20190106T170028Z,['1J.TI8A.'],0.0,2019-01-06T17:00:28.910000Z,8.73,0
801,20190106T170230Z,['1J.TI1A.'],0.0,2019-01-06T17:02:30.720000Z,8.67,0
802,20190106T170536Z,['1J.TI1A.'],0.0,2019-01-06T17:05:36.540000Z,9.93,0
803,20190106T170723Z,['1J.TI8A.'],0.0,2019-01-06T17:07:23.930000Z,0.86,0
804,20190106T170827Z,['1J.TI3A.'],0.0,2019-01-06T17:08:27.440000Z,12.59,0
805,20190106T170957Z,['1J.TI8A.'],0.0,2019-01-06T17:09:57.630000Z,3.3,0
806,20190106T171335Z,['1J.TI1A.'],0.0,2019-01-06T17:13:35.370000Z,13.94,0
807,20190106T171622Z,"['1J.TI1A.', '1J.TI8A.']",0.0,2019-01-06T17:16:22.930000Z,14.92,0
808,20190106T171710Z,['1J.TI8A.'],0.0,2019-01-06T17:17:10.470000Z,4.0,0
809,20190106T171758Z,['1J.TI1A.'],0.0,2019-01-06T17:17:58.890000Z,5.72,0
810,20190106T171932Z,['1J.TI1A.'],0.0,2019-01-06T17:19:32.600000Z,5.19,0
811,20190106T171953Z,['1J.TI8A.'],0.0,2019-01-06T17:19:53.790000Z,7.45,0
812,20190106T172051Z,['1J.TI1A.'],0.0,2019-01-06T17:20:51.010000Z,2.74,0
813,20190106T172427Z,['1J.TI1A.'],0.0,2019-01-06T17:24:27.230000Z,26.27,0
814,20190106T172626Z,['1J.TI1A.'],0.0,2019-01-06T17:26:26.100000Z,22.43,0
815,20190106T172844Z,['1J.TI3A.'],0.0,2019-01-06T17:28:44.570000Z,17.51,0
816,20190106T173019Z,"['1J.TI1A.', '1J.TI4A.']",0.0,2019-01-06T17:30:19.150000Z,25.96,0
817,20190106T173053Z,['1J.TI3A.'],0.0,2019-01-06T17:30:53.330000Z,2.23,0
818,20190106T173124Z,['1J.TI4A.'],0.0,2019-01-06T17:31:24.740000Z,1.74,0
819,20190106T173158Z,['1J.TI8A.'],0.0,2019-01-06T17:31:58.370000Z,2.14,0
820,20190106T173539Z,['1J.TI1A.'],0.0,2019-01-06T17:35:39.490000Z,7.37,0
821,20190106T173601Z,['1J.TI8A.'],0.0,2019-01-06T17:36:01.410000Z,4.38,0
822,20190106T173744Z,['1J.TI3A.'],0.0,2019-01-06T17:37:44.000000Z,17.87,0
823,20190106T173827Z,"['1J.TI1A.', '1J.TI3A.', '1J.TI8A.', '1J.TI6A.', '1J.TI7A.']",0.0,2019-01-06T17:38:27.650000Z,35.86,0
824,20190106T173906Z,['1J.TI7A.'],0.0,2019-01-06T17:39:06.240000Z,3.49,0
825,20190106T174425Z,['1J.TI3A.'],0.0,2019-01-06T17:44:25.880000Z,2.62,0
826,20190106T174754Z,['1J.TI4A.'],0.0,2019-01-06T17:47:54.750000Z,7.12,0
827,20190106T174834Z,['1J.TI8A.'],0.0,2019-01-06T17:48:34.480000Z,2.73,0
828,20190106T175021Z,['1J.TI8A.'],0.0,2019-01-06T17:50:21.700000Z,11.59,0
829,20190106T175039Z,['1J.TI1A.'],0.0,2019-01-06T17:50:39.860000Z,12.76,0
830,20190106T175324Z,['1J.TI8A.'],0.0,2019-01-06T17:53:24.880000Z,3.19,0
831,20190106T175330Z,['1J.TI1A.'],0.0,2019-01-06T17:53:30.700000Z,2.07,0
832,20190106T175408Z,['1J.TI8A.'],0.0,2019-01-06T17:54:08.630000Z,19.93,0
833,20190106T175431Z,['1J.TI3A.'],0.0,2019-01-06T17:54:31.710000Z,18.07,0
834,20190106T175513Z,['1J.TI1A.'],0.0,2019-01-06T17:55:13.550000Z,20.62,0
835,20190106T175746Z,['1J.TI3A.'],0.0,2019-01-06T17:57:46.280000Z,17.6,0
836,20190106T175940Z,['1J.TI7A.'],0.0,2019-01-06T17:59:40.680000Z,1.25,0
837,20190106T180049Z,['1J.TI8A.'],0.0,2019-01-06T18:00:49.180000Z,1.22,0
838,20190106T180229Z,['1J.TI8A.'],0.0,2019-01-06T18:02:29.490000Z,1.45,0
839,20190106T180601Z,['1J.TI7A.'],0.0,2019-01-06T18:06:01.410000Z,10.51,0
840,20190106T180746Z,['1J.TI7A.'],0.0,2019-01-06T18:07:46.320000Z,1.19,0
841,20190106T180824Z,['1J.TI8A.'],0.0,2019-01-06T18:08:24.520000Z,1.41,0
842,20190106T180830Z,['1J.TI7A.'],0.0,2019-01-06T18:08:30.530000Z,8.57,0
843,20190106T181231Z,['1J.TI1A.'],0.0,2019-01-06T18:12:31.080000Z,12.63,0
844,20190106T181355Z,['1J.TI3A.'],0.0,2019-01-06T18:13:55.780000Z,17.21,0
845,20190106T181502Z,['1J.TI8A.'],0.0,2019-01-06T18:15:02.520000Z,2.88,0
846,20190106T181631Z,['1J.TI3A.'],0.0,2019-01-06T18:16:31.180000Z,5.87,0
847,20190106T181904Z,"['1J.TI8A.', '1J.TI3A.']",0.0,2019-01-06T18:19:04.930000Z,16.63,0
848,20190106T181942Z,['1J.TI8A.'],0.0,2019-01-06T18:19:42.270000Z,1.53,0
849,20190106T182231Z,['1J.TI1A.'],0.0,2019-01-06T18:22:31.310000Z,31.86,0
850,20190106T182455Z,['1J.TI8A.'],0.0,2019-01-06T18:24:55.420000Z,3.36,0
851,20190106T182505Z,['1J.TI4A.'],0.0,2019-01-06T18:25:05.410000Z,0.85,0
852,20190106T182518Z,['1J.TI8A.'],0.0,2019-01-06T18:25:18.410000Z,1.61,0
853,20190106T182555Z,['1J.TI1A.'],0.0,2019-01-06T18:25:55.580000Z,18.84,0
854,20190106T182624Z,['1J.TI7A.'],0.0,2019-01-06T18:26:24.300000Z,5.91,0
855,20190106T182631Z,"['1J.TI3A.', '1J.TI6A.', '1J.TI8A.', '1J.TI1A.']",0.0,2019-01-06T18:26:31.670000Z,34.85,0
856,20190106T182808Z,['1J.TI8A.'],0.0,2019-01-06T18:28:08.320000Z,1.45,0
857,20190106T182919Z,"['1J.TI3A.', '1J.TI1A.']",0.0,2019-01-06T18:29:19.480000Z,6.68,0
858,20190106T182952Z,['1J.TI8A.'],0.0,2019-01-06T18:29:52.710000Z,1.53,0
859,20190106T183236Z,"['1J.TI1A.', '1J.TI8A.']",0.0,2019-01-06T18:32:36.990000Z,13.82,0
860,20190106T183319Z,['1J.TI8A.'],0.0,2019-01-06T18:33:19.280000Z,1.44,0
861,20190106T183404Z,['1J.TI8A.'],0.0,2019-01-06T18:34:04.790000Z,2.9,0
862,20190106T183507Z,['1J.TI8A.'],0.0,2019-01-06T18:35:07.700000Z,4.48,0
863,20190106T183553Z,['1J.TI1A.'],0.0,2019-01-06T18:35:53.170000Z,13.35,0
864,20190106T183628Z,['1J.TI8A.'],0.0,2019-01-06T18:36:28.770000Z,4.14,0
865,20190106T183640Z,['1J.TI3A.'],0.0,2019-01-06T18:36:40.890000Z,8.08,0
866,20190106T183703Z,['1J.TI7A.'],0.0,2019-01-06T18:37:03.320000Z,7.63,0
867,20190106T183755Z,['1J.TI3A.'],0.0,2019-01-06T18:37:55.880000Z,4.16,0
868,20190106T183824Z,['1J.TI8A.'],0.0,2019-01-06T18:38:24.360000Z,2.09,0
869,20190106T183858Z,['1J.TI1A.'],0.0,2019-01-06T18:38:58.830000Z,12.33,0
870,20190106T183921Z,['1J.TI8A.'],0.0,2019-01-06T18:39:21.200000Z,3.12,0
871,20190106T184128Z,['1J.TI8A.'],0.0,2019-01-06T18:41:28.480000Z,4.56,0
872,20190106T184231Z,['1J.TI8A.'],0.0,2019-01-06T18:42:31.060000Z,3.59,0
873,20190106T184237Z,['1J.TI3A.'],0.0,2019-01-06T18:42:37.370000Z,18.53,0
874,20190106T184413Z,['1J.TI8A.'],0.0,2019-01-06T18:44:13.540000Z,1.6,0
875,20190106T184424Z,"['1J.TI8A.', '1J.TI3A.']",0.0,2019-01-06T18:44:24.220000Z,5.31,0
876,20190106T184559Z,['1J.TI4A.'],0.0,2019-01-06T18:45:59.600000Z,1.13,0
877,20190106T184606Z,['1J.TI8A.'],0.0,2019-01-06T18:46:06.010000Z,4.08,0
878,20190106T184613Z,['1J.TI7A.'],0.0,2019-01-06T18:46:13.820000Z,1.21,0
879,20190106T184746Z,['1J.TI1A.'],0.0,2019-01-06T18:47:46.520000Z,10.17,0
880,20190106T185027Z,"['1J.TI7A.', '1J.TI8A.']",0.0,2019-01-06T18:50:27.380000Z,9.33,0
881,20190106T185126Z,['1J.TI7A.'],0.0,2019-01-06T18:51:26.030000Z,4.16,0
882,20190106T185139Z,['1J.TI8A.'],0.0,2019-01-06T18:51:39.640000Z,2.94,0
883,20190106T185156Z,['1J.TI1A.'],0.0,2019-01-06T18:51:56.650000Z,3.53,0
884,20190106T185228Z,['1J.TI1A.'],0.0,2019-01-06T18:52:28.820000Z,1.52,0
885,20190106T185242Z,['1J.TI1A.'],0.0,2019-01-06T18:52:42.920000Z,2.06,0
886,20190106T185455Z,['1J.TI8A.'],0.0,2019-01-06T18:54:55.020000Z,2.65,0
887,20190106T185908Z,"['1J.TI3A.', '1J.TI1A.', '1J.TI8A.', '1J.TI7A.']",0.0,2019-01-06T18:59:08.200000Z,68.39,0
888,20190106T190102Z,['1J.TI3A.'],0.0,2019-01-06T19:01:02.030000Z,7.59,0
889,20190106T190410Z,['1J.TI3A.'],0.0,2019-01-06T19:04:10.520000Z,4.31,0
890,20190106T190457Z,['1J.TI8A.'],0.0,2019-01-06T19:04:57.360000Z,2.71,0
891,20190106T190622Z,['1J.TI8A.'],0.0,2019-01-06T19:06:22.480000Z,2.33,0
892,20190106T190714Z,"['1J.TI3A.', '1J.TI8A.']",0.0,2019-01-06T19:07:14.250000Z,8.73,0
893,20190106T190827Z,"['1J.TI3A.', '1J.TI8A.']",0.0,2019-01-06T19:08:27.590000Z,12.48,0
894,20190106T190914Z,['1J.TI3A.'],0.0,2019-01-06T19:09:14.750000Z,5.0,0
895,20190106T190946Z,['1J.TI1A.'],0.0,2019-01-06T19:09:46.810000Z,3.15,0
896,20190106T190956Z,['1J.TI8A.'],0.0,2019-01-06T19:09:56.160000Z,4.22,0
897,20190106T191101Z,['1J.TI8A.'],0.0,2019-01-06T19:11:01.260000Z,4.27,0
898,20190106T191113Z,['1J.TI1A.'],0.0,2019-01-06T19:11:13.510000Z,1.26,0
899,20190106T191212Z,['1J.TI1A.'],0.0,2019-01-06T19:12:12.350000Z,3.16,0
900,20190106T191233Z,['1J.TI1A.'],0.0,2019-01-06T19:12:33.400000Z,8.2,0
901,20190106T191254Z,"['1J.TI8A.', '1J.TI1A.']",0.0,2019-01-06T19:12:54.470000Z,6.68,0
902,20190106T191305Z,['1J.TI3A.'],0.0,2019-01-06T19:13:05.120000Z,5.58,0
903,20190106T191355Z,['1J.TI1A.'],0.0,2019-01-06T19:13:55.930000Z,3.44,0
904,20190106T191410Z,['1J.TI8A.'],0.0,2019-01-06T19:14:10.110000Z,6.07,0
905,20190106T191547Z,['1J.TI4A.'],0.0,2019-01-06T19:15:47.170000Z,2.74,0
906,20190106T191702Z,['1J.TI1A.'],0.0,2019-01-06T19:17:02.210000Z,6.27,0
907,20190106T191736Z,['1J.TI1A.'],0.0,2019-01-06T19:17:36.070000Z,1.71,0
908,20190106T191739Z,['1J.TI8A.'],0.0,2019-01-06T19:17:39.440000Z,4.53,0
909,20190106T191810Z,"['1J.TI3A.', '1J.TI8A.', '1J.TI7A.']",0.0,2019-01-06T19:18:10.980000Z,16.75,0
910,20190106T191852Z,"['1J.TI1A.', '1J.TI3A.']",0.0,2019-01-06T19:18:52.220000Z,15.47,0
911,20190106T191932Z,['1J.TI7A.'],0.0,2019-01-06T19:19:32.690000Z,1.61,0
912,20190106T192013Z,"['1J.TI1A.', '1J.TI3A.', '1J.TI8A.', '1J.TI7A.', '1J.TI6A.']",0.0,2019-01-06T19:20:13.820000Z,69.51,0
913,20190106T192148Z,['1J.TI1A.'],0.0,2019-01-06T19:21:48.520000Z,3.39,0
914,20190106T192157Z,['1J.TI8A.'],0.0,2019-01-06T19:21:57.480000Z,17.81,0
915,20190106T192438Z,"['1J.TI7A.', '1J.TI4A.']",0.0,2019-01-06T19:24:38.460000Z,2.76,0
916,20190106T192457Z,"['1J.TI1A.', '1J.TI7A.']",0.0,2019-01-06T19:24:57.730000Z,4.96,0
917,20190106T192559Z,['1J.TI1A.'],0.0,2019-01-06T19:25:59.540000Z,1.43,0
918,20190106T192721Z,['1J.TI1A.'],0.0,2019-01-06T19:27:21.290000Z,4.94,0
919,20190106T192732Z,['1J.TI7A.'],0.0,2019-01-06T19:27:32.270000Z,3.55,0
920,20190106T192829Z,"['1J.TI3A.', '1J.TI1A.', '1J.TI8A.']",0.0,2019-01-06T19:28:29.970000Z,15.76,0
921,20190106T192857Z,"['1J.TI3A.', '1J.TI8A.']",0.0,2019-01-06T19:28:57.180000Z,20.33,0
922,20190106T193006Z,['1J.TI1A.'],0.0,2019-01-06T19:30:06.140000Z,1.22,0
923,20190106T193039Z,['1J.TI3A.'],0.0,2019-01-06T19:30:39.310000Z,3.45,0
924,20190106T193302Z,"['1J.TI1A.', '1J.TI3A.', '1J.TI8A.', '1J.TI7A.']",0.0,2019-01-06T19:33:02.990000Z,57.95,0
925,20190106T193452Z,['1J.TI8A.'],0.0,2019-01-06T19:34:52.240000Z,1.2,0
926,20190106T193556Z,['1J.TI8A.'],0.0,2019-01-06T19:35:56.820000Z,0.89,0
927,20190106T193616Z,['1J.TI1A.'],0.0,2019-01-06T19:36:16.240000Z,5.56,0
928,20190106T193628Z,['1J.TI4A.'],0.0,2019-01-06T19:36:28.990000Z,6.51,0
929,20190106T193650Z,['1J.TI1A.'],0.0,2019-01-06T19:36:50.550000Z,3.59,0
930,20190106T193742Z,['1J.TI1A.'],0.0,2019-01-06T19:37:42.610000Z,1.14,0
931,20190106T193804Z,['1J.TI4A.'],0.0,2019-01-06T19:38:04.270000Z,12.89,0
932,20190106T193852Z,['1J.TI4A.'],0.0,2019-01-06T19:38:52.890000Z,12.85,0
933,20190106T193919Z,['1J.TI1A.'],0.0,2019-01-06T19:39:19.620000Z,2.08,0
934,20190106T194037Z,['1J.TI1A.'],0.0,2019-01-06T19:40:37.590000Z,2.66,0
935,20190106T194127Z,['1J.TI4A.'],0.0,2019-01-06T19:41:27.560000Z,1.4,0
936,20190106T194249Z,['1J.TI1A.'],0.0,2019-01-06T19:42:49.110000Z,2.18,0
937,20190106T194430Z,['1J.TI8A.'],0.0,2019-01-06T19:44:30.800000Z,0.95,0
938,20190106T194448Z,['1J.TI1A.'],0.0,2019-01-06T19:44:48.400000Z,18.95,0
939,20190106T194650Z,"['1J.TI8A.', '1J.TI3A.']",0.0,2019-01-06T19:46:50.720000Z,50.2,0
940,20190106T195023Z,['1J.TI1A.'],0.0,2019-01-06T19:50:23.100000Z,9.9,0
941,20190106T195051Z,['1J.TI3A.'],0.0,2019-01-06T19:50:51.330000Z,18.11,0
942,20190106T195123Z,['1J.TI8A.'],0.0,2019-01-06T19:51:23.600000Z,0.73,0
943,20190106T195240Z,['1J.TI1A.'],0.0,2019-01-06T19:52:40.960000Z,10.77,0
944,20190106T195304Z,['1J.TI8A.'],0.0,2019-01-06T19:53:04.030000Z,6.84,0
945,20190106T195319Z,['1J.TI1A.'],0.0,2019-01-06T19:53:19.220000Z,1.1,0
946,20190106T195604Z,['1J.TI4A.'],0.0,2019-01-06T19:56:04.910000Z,1.99,0
947,20190106T195639Z,['1J.TI1A.'],0.0,2019-01-06T19:56:39.050000Z,4.1,0
948,20190106T195654Z,['1J.TI8A.'],0.0,2019-01-06T19:56:54.440000Z,1.92,0
949,20190106T195758Z,['1J.TI1A.'],0.0,2019-01-06T19:57:58.330000Z,0.94,0
950,20190106T195805Z,['1J.TI1A.'],0.0,2019-01-06T19:58:05.830000Z,5.18,0
951,20190106T195818Z,"['1J.TI1A.', '1J.TI4A.']",0.0,2019-01-06T19:58:18.340000Z,69.24,0
952,20190106T195956Z,['1J.TI1A.'],0.0,2019-01-06T19:59:56.500000Z,0.58,0
953,20190106T200020Z,['1J.TI8A.'],0.0,2019-01-06T20:00:20.430000Z,6.7,0
954,20190106T200048Z,['1J.TI4A.'],0.0,2019-01-06T20:00:48.550000Z,9.32,0
955,20190106T200105Z,['1J.TI1A.'],0.0,2019-01-06T20:01:05.960000Z,1.27,0
956,20190106T200225Z,['1J.TI7A.'],0.0,2019-01-06T20:02:25.320000Z,6.43,0
957,20190106T200256Z,['1J.TI1A.'],0.0,2019-01-06T20:02:56.160000Z,1.8,0
958,20190106T200346Z,['1J.TI8A.'],0.0,2019-01-06T20:03:46.070000Z,5.8,0
959,20190106T200359Z,['1J.TI1A.'],0.0,2019-01-06T20:03:59.650000Z,1.39,0
960,20190106T200416Z,['1J.TI8A.'],0.0,2019-01-06T20:04:16.270000Z,1.42,0
961,20190106T200421Z,['1J.TI1A.'],0.0,2019-01-06T20:04:21.770000Z,1.09,0
962,20190106T200440Z,"['1J.TI3A.', '1J.TI8A.']",0.0,2019-01-06T20:04:40.440000Z,16.06,0
963,20190106T200653Z,"['1J.TI3A.', '1J.TI8A.']",0.0,2019-01-06T20:06:53.840000Z,11.85,0
964,20190106T200740Z,['1J.TI1A.'],0.0,2019-01-06T20:07:40.710000Z,2.3,0
965,20190106T200811Z,['1J.TI1A.'],0.0,2019-01-06T20:08:11.620000Z,5.95,0
966,20190106T200838Z,['1J.TI1A.'],0.0,2019-01-06T20:08:38.420000Z,3.08,0
967,20190106T200851Z,['1J.TI1A.'],0.0,2019-01-06T20:08:51.570000Z,1.36,0
968,20190106T200913Z,['1J.TI1A.'],0.0,2019-01-06T20:09:13.430000Z,2.77,0
969,20190106T201029Z,['1J.TI1A.'],0.0,2019-01-06T20:10:29.890000Z,2.0,0
970,20190106T201047Z,['1J.TI8A.'],0.0,2019-01-06T20:10:47.770000Z,1.35,0
971,20190106T201203Z,['1J.TI8A.'],0.0,2019-01-06T20:12:03.430000Z,3.97,0
972,20190106T201223Z,['1J.TI1A.'],0.0,2019-01-06T20:12:23.170000Z,42.87,0
973,20190106T201349Z,['1J.TI8A.'],0.0,2019-01-06T20:13:49.850000Z,5.57,0
974,20190106T201441Z,['1J.TI8A.'],0.0,2019-01-06T20:14:41.960000Z,7.97,0
975,20190106T201509Z,['1J.TI3A.'],0.0,2019-01-06T20:15:09.280000Z,17.49,0
976,20190106T201548Z,['1J.TI8A.'],0.0,2019-01-06T20:15:48.370000Z,2.56,0
977,20190106T201602Z,['1J.TI1A.'],0.0,2019-01-06T20:16:02.950000Z,1.95,0
978,20190106T201627Z,['1J.TI1A.'],0.0,2019-01-06T20:16:27.270000Z,2.38,0
979,20190106T201709Z,"['1J.TI8A.', '1J.TI1A.']",0.0,2019-01-06T20:17:09.670000Z,4.39,0
980,20190106T201728Z,['1J.TI1A.'],0.0,2019-01-06T20:17:28.640000Z,1.6,0
981,20190106T201735Z,['1J.TI8A.'],0.0,2019-01-06T20:17:35.100000Z,1.52,0
982,20190106T201804Z,"['1J.TI8A.', '1J.TI1A.']",0.0,2019-01-06T20:18:04.800000Z,7.91,0
983,20190106T201829Z,['1J.TI1A.'],0.0,2019-01-06T20:18:29.080000Z,0.95,0
984,20190106T201845Z,['1J.TI1A.'],0.0,2019-01-06T20:18:45.720000Z,1.44,0
985,20190106T201900Z,['1J.TI1A.'],0.0,2019-01-06T20:19:00.160000Z,0.83,0
986,20190106T202000Z,['1J.TI1A.'],0.0,2019-01-06T20:20:00.680000Z,1.92,0
987,20190106T202018Z,['1J.TI8A.'],0.0,2019-01-06T20:20:18.860000Z,2.39,0
988,20190106T202040Z,['1J.TI3A.'],0.0,2019-01-06T20:20:40.190000Z,2.29,0
989,20190106T202137Z,['1J.TI1A.'],0.0,2019-01-06T20:21:37.130000Z,3.05,0
990,20190106T202146Z,['1J.TI1A.'],0.0,2019-01-06T20:21:46.250000Z,3.48,0
991,20190106T202204Z,['1J.TI1A.'],0.0,2019-01-06T20:22:04.700000Z,7.89,0
992,20190106T202254Z,['1J.TI1A.'],0.0,2019-01-06T20:22:54.820000Z,1.78,0
993,20190106T202303Z,['1J.TI1A.'],0.0,2019-01-06T20:23:03.630000Z,6.51,0
994,20190106T202352Z,['1J.TI1A.'],0.0,2019-01-06T20:23:52.050000Z,1.48,0
995,20190106T202500Z,['1J.TI8A.'],0.0,2019-01-06T20:25:00.540000Z,1.38,0
996,20190106T202524Z,"['1J.TI8A.', '1J.TI1A.']",0.0,2019-01-06T20:25:24.820000Z,2.7,0
997,20190106T202538Z,['1J.TI1A.'],0.0,2019-01-06T20:25:38.100000Z,3.06,0
998,20190106T202555Z,['1J.TI1A.'],0.0,2019-01-06T20:25:55.390000Z,1.59,0
999,20190106T202602Z,['1J.TI8A.'],0.0,2019-01-06T20:26:02.430000Z,1.22,0
1000,20190106T202616Z,['1J.TI4A.'],0.0,2019-01-06T20:26:16.900000Z,1.53,0
1001,20190106T202623Z,['1J.TI1A.'],0.0,2019-01-06T20:26:23.270000Z,2.01,0
1002,20190106T202634Z,['1J.TI1A.'],0.0,2019-01-06T20:26:34.690000Z,0.99,0
1003,20190106T202650Z,['1J.TI8A.'],0.0,2019-01-06T20:26:50.010000Z,1.72,0
1004,20190106T202717Z,['1J.TI1A.'],0.0,2019-01-06T20:27:17.360000Z,2.1,0
1005,20190106T202734Z,['1J.TI1A.'],0.0,2019-01-06T20:27:34.400000Z,2.16,0
1006,20190106T202831Z,['1J.TI1A.'],0.0,2019-01-06T20:28:31.150000Z,8.47,0
1007,20190106T202911Z,['1J.TI7A.'],0.0,2019-01-06T20:29:11.490000Z,2.68,0
1008,20190106T202926Z,['1J.TI3A.'],0.0,2019-01-06T20:29:26.610000Z,3.38,0
1009,20190106T202940Z,"['1J.TI8A.', '1J.TI1A.']",0.0,2019-01-06T20:29:40.530000Z,21.83,0
1010,20190106T203045Z,['1J.TI1A.'],0.0,2019-01-06T20:30:45.630000Z,6.94,0
1011,20190106T203103Z,['1J.TI3A.'],0.0,2019-01-06T20:31:03.790000Z,18.03,0
1012,20190106T203137Z,['1J.TI1A.'],0.0,2019-01-06T20:31:37.590000Z,1.06,0
1013,20190106T203201Z,['1J.TI1A.'],0.0,2019-01-06T20:32:01.840000Z,1.31,0
1014,20190106T203249Z,['1J.TI7A.'],0.0,2019-01-06T20:32:49.550000Z,6.44,0
1015,20190106T203336Z,"['1J.TI3A.', '1J.TI1A.']",0.0,2019-01-06T20:33:36.420000Z,16.37,0
1016,20190106T203517Z,['1J.TI1A.'],0.0,2019-01-06T20:35:17.930000Z,0.72,0
1017,20190106T203537Z,"['1J.TI1A.', '1J.TI8A.']",0.0,2019-01-06T20:35:37.060000Z,27.23,0
1018,20190106T203645Z,['1J.TI4A.'],0.0,2019-01-06T20:36:45.640000Z,3.7,0
1019,20190106T203721Z,['1J.TI1A.'],0.0,2019-01-06T20:37:21.680000Z,1.89,0
1020,20190106T203744Z,['1J.TI1A.'],0.0,2019-01-06T20:37:44.560000Z,9.68,0
1021,20190106T203826Z,['1J.TI1A.'],0.0,2019-01-06T20:38:26.650000Z,0.84,0
1022,20190106T203830Z,"['1J.TI3A.', '1J.TI8A.']",0.0,2019-01-06T20:38:30.450000Z,13.78,0
1023,20190106T203852Z,"['1J.TI7A.', '1J.TI1A.']",0.0,2019-01-06T20:38:52.480000Z,32.4,0
1024,20190106T203936Z,['1J.TI1A.'],0.0,2019-01-06T20:39:36.030000Z,1.54,0
1025,20190106T203949Z,['1J.TI1A.'],0.0,2019-01-06T20:39:49.590000Z,2.72,0
1026,20190106T204019Z,['1J.TI1A.'],0.0,2019-01-06T20:40:19.030000Z,1.84,0
1027,20190106T204036Z,['1J.TI3A.'],0.0,2019-01-06T20:40:36.560000Z,4.77,0
1028,20190106T204048Z,['1J.TI1A.'],0.0,2019-01-06T20:40:48.730000Z,1.29,0
1029,20190106T204140Z,['1J.TI1A.'],0.0,2019-01-06T20:41:40.390000Z,3.65,0
1030,20190106T204159Z,['1J.TI1A.'],0.0,2019-01-06T20:41:59.070000Z,5.69,0
1031,20190106T204257Z,"['1J.TI1A.', '1J.TI8A.']",0.0,2019-01-06T20:42:57.040000Z,22.84,0
1032,20190106T204404Z,['1J.TI1A.'],0.0,2019-01-06T20:44:04.430000Z,3.09,0
1033,20190106T204440Z,['1J.TI1A.'],0.0,2019-01-06T20:44:40.670000Z,1.15,0
1034,20190106T204541Z,['1J.TI1A.'],0.0,2019-01-06T20:45:41.900000Z,6.51,0
1035,20190106T204614Z,['1J.TI1A.'],0.0,2019-01-06T20:46:14.700000Z,4.03,0
1036,20190106T204656Z,"['1J.TI8A.', '1J.TI1A.']",0.0,2019-01-06T20:46:56.490000Z,12.77,0
1037,20190106T204723Z,['1J.TI4A.'],0.0,2019-01-06T20:47:23.630000Z,3.7,0
1038,20190106T204737Z,"['1J.TI3A.', '1J.TI8A.', '1J.TI1A.']",0.0,2019-01-06T20:47:37.340000Z,15.79,0
1039,20190106T204913Z,['1J.TI1A.'],0.0,2019-01-06T20:49:13.000000Z,7.26,0
1040,20190106T204931Z,['1J.TI7A.'],0.0,2019-01-06T20:49:31.360000Z,15.56,0
1041,20190106T205020Z,['1J.TI1A.'],0.0,2019-01-06T20:50:20.560000Z,1.65,0
1042,20190106T205128Z,['1J.TI1A.'],0.0,2019-01-06T20:51:28.230000Z,1.26,0
1043,20190106T205137Z,['1J.TI8A.'],0.0,2019-01-06T20:51:37.290000Z,3.37,0
1044,20190106T205203Z,['1J.TI1A.'],0.0,2019-01-06T20:52:03.970000Z,14.05,0
1045,20190106T205238Z,['1J.TI3A.'],0.0,2019-01-06T20:52:38.630000Z,1.03,0
1046,20190106T205306Z,['1J.TI4A.'],0.0,2019-01-06T20:53:06.630000Z,6.38,0
1047,20190106T205323Z,['1J.TI1A.'],0.0,2019-01-06T20:53:23.160000Z,2.0,0
1048,20190106T205427Z,['1J.TI1A.'],0.0,2019-01-06T20:54:27.700000Z,0.84,0
1049,20190106T205430Z,['1J.TI4A.'],0.0,2019-01-06T20:54:30.700000Z,11.05,0
1050,20190106T205507Z,['1J.TI1A.'],0.0,2019-01-06T20:55:07.020000Z,6.22,0
1051,20190106T205526Z,['1J.TI1A.'],0.0,2019-01-06T20:55:26.840000Z,1.47,0
1052,20190106T205556Z,['1J.TI1A.'],0.0,2019-01-06T20:55:56.040000Z,3.13,0
1053,20190106T205712Z,['1J.TI1A.'],0.0,2019-01-06T20:57:12.380000Z,0.79,0
1054,20190106T205728Z,['1J.TI1A.'],0.0,2019-01-06T20:57:28.660000Z,10.65,0
1055,20190106T205757Z,"['1J.TI8A.', '1J.TI1A.']",0.0,2019-01-06T20:57:57.820000Z,16.68,0
1056,20190106T205817Z,"['1J.TI4A.', '1J.TI1A.']",0.0,2019-01-06T20:58:17.970000Z,13.06,0
1057,20190106T205853Z,"['1J.TI1A.', '1J.TI3A.']",0.0,2019-01-06T20:58:53.550000Z,18.86,0
1058,20190106T205936Z,['1J.TI1A.'],0.0,2019-01-06T20:59:36.200000Z,2.38,0
1059,20190106T210054Z,['1J.TI1A.'],0.0,2019-01-06T21:00:54.720000Z,3.19,0
1060,20190106T210116Z,['1J.TI4A.'],0.0,2019-01-06T21:01:16.440000Z,1.22,0
1061,20190106T210119Z,['1J.TI3A.'],0.0,2019-01-06T21:01:19.950000Z,8.73,0
1062,20190106T210143Z,['1J.TI1A.'],0.0,2019-01-06T21:01:43.310000Z,1.91,0
1063,20190106T210149Z,['1J.TI8A.'],0.0,2019-01-06T21:01:49.070000Z,1.99,0
1064,20190106T210211Z,['1J.TI1A.'],0.0,2019-01-06T21:02:11.060000Z,2.64,0
1065,20190106T210221Z,['1J.TI1A.'],0.0,2019-01-06T21:02:21.710000Z,2.36,0
1066,20190106T210303Z,['1J.TI1A.'],0.0,2019-01-06T21:03:03.340000Z,2.3,0
1067,20190106T210323Z,['1J.TI1A.'],0.0,2019-01-06T21:03:23.010000Z,1.4,0
1068,20190106T210359Z,['1J.TI3A.'],0.0,2019-01-06T21:03:59.300000Z,13.5,0
1069,20190106T210438Z,['1J.TI1A.'],0.0,2019-01-06T21:04:38.130000Z,1.35,0
1070,20190106T210455Z,['1J.TI1A.'],0.0,2019-01-06T21:04:55.620000Z,10.88,0
1071,20190106T210528Z,"['1J.TI7A.', '1J.TI1A.']",0.0,2019-01-06T21:05:28.390000Z,6.32,0
1072,20190106T210549Z,['1J.TI1A.'],0.0,2019-01-06T21:05:49.040000Z,4.26,0
1073,20190106T210645Z,['1J.TI1A.'],0.0,2019-01-06T21:06:45.110000Z,1.23,0
1074,20190106T210654Z,['1J.TI1A.'],0.0,2019-01-06T21:06:54.320000Z,1.47,0
1075,20190106T210704Z,['1J.TI1A.'],0.0,2019-01-06T21:07:04.610000Z,3.8,0
1076,20190106T210751Z,['1J.TI7A.'],0.0,2019-01-06T21:07:51.470000Z,1.51,0
1077,20190106T210831Z,['1J.TI1A.'],0.0,2019-01-06T21:08:31.130000Z,1.73,0
1078,20190106T210842Z,"['1J.TI3A.', '1J.TI8A.']",0.0,2019-01-06T21:08:42.250000Z,16.84,0
1079,20190106T210907Z,['1J.TI1A.'],0.0,2019-01-06T21:09:07.360000Z,2.17,0
1080,20190106T210941Z,['1J.TI8A.'],0.0,2019-01-06T21:09:41.040000Z,1.4,0
1081,20190106T211002Z,['1J.TI1A.'],0.0,2019-01-06T21:10:02.050000Z,0.99,0
1082,20190106T211148Z,"['1J.TI1A.', '1J.TI7A.']",0.0,2019-01-06T21:11:48.760000Z,18.42,0
1083,20190106T211229Z,['1J.TI7A.'],0.0,2019-01-06T21:12:29.460000Z,1.33,0
1084,20190106T211239Z,['1J.TI3A.'],0.0,2019-01-06T21:12:39.570000Z,0.87,0
1085,20190106T211334Z,['1J.TI3A.'],0.0,2019-01-06T21:13:34.010000Z,18.37,0
1086,20190106T211352Z,['1J.TI1A.'],0.0,2019-01-06T21:13:52.540000Z,2.58,0
1087,20190106T211418Z,['1J.TI1A.'],0.0,2019-01-06T21:14:18.270000Z,0.71,0
1088,20190106T211459Z,['1J.TI1A.'],0.0,2019-01-06T21:14:59.540000Z,1.65,0
1089,20190106T211517Z,"['1J.TI1A.', '1J.TI3A.']",0.0,2019-01-06T21:15:17.100000Z,12.11,0
1090,20190106T211620Z,['1J.TI1A.'],0.0,2019-01-06T21:16:20.390000Z,3.75,0
1091,20190106T211723Z,"['1J.TI1A.', '1J.TI7A.']",0.0,2019-01-06T21:17:23.690000Z,15.93,0
1092,20190106T211758Z,['1J.TI1A.'],0.0,2019-01-06T21:17:58.770000Z,2.27,0
1093,20190106T211822Z,['1J.TI1A.'],0.0,2019-01-06T21:18:22.800000Z,3.66,0
1094,20190106T211829Z,['1J.TI7A.'],0.0,2019-01-06T21:18:29.550000Z,2.16,0
1095,20190106T211847Z,['1J.TI1A.'],0.0,2019-01-06T21:18:47.670000Z,1.58,0
1096,20190106T211926Z,['1J.TI1A.'],0.0,2019-01-06T21:19:26.950000Z,1.6,0
1097,20190106T211931Z,['1J.TI8A.'],0.0,2019-01-06T21:19:31.710000Z,3.43,0
1098,20190106T211942Z,['1J.TI1A.'],0.0,2019-01-06T21:19:42.270000Z,2.56,0
1099,20190106T212003Z,['1J.TI1A.'],0.0,2019-01-06T21:20:03.380000Z,4.27,0
1100,20190106T212026Z,['1J.TI1A.'],0.0,2019-01-06T21:20:26.890000Z,13.73,0
1101,20190106T212141Z,['1J.TI1A.'],0.0,2019-01-06T21:21:41.640000Z,1.08,0
1102,20190106T212148Z,['1J.TI1A.'],0.0,2019-01-06T21:21:48.460000Z,1.29,0
1103,20190106T212155Z,['1J.TI1A.'],0.0,2019-01-06T21:21:55.300000Z,1.86,0
1104,20190106T212227Z,"['1J.TI3A.', '1J.TI1A.']",0.0,2019-01-06T21:22:27.390000Z,5.41,0
1105,20190106T212244Z,['1J.TI1A.'],0.0,2019-01-06T21:22:44.300000Z,3.39,0
1106,20190106T212332Z,"['1J.TI3A.', '1J.TI1A.']",0.0,2019-01-06T21:23:32.300000Z,23.24,0
1107,20190106T212411Z,['1J.TI1A.'],0.0,2019-01-06T21:24:11.810000Z,2.98,0
1108,20190106T212425Z,['1J.TI7A.'],0.0,2019-01-06T21:24:25.320000Z,3.77,0
1109,20190106T212436Z,"['1J.TI3A.', '1J.TI8A.']",0.0,2019-01-06T21:24:36.260000Z,20.81,0
1110,20190106T212458Z,['1J.TI1A.'],0.0,2019-01-06T21:24:58.170000Z,1.03,0
1111,20190106T212459Z,"['1J.TI3A.', '1J.TI8A.']",0.0,2019-01-06T21:24:59.750000Z,22.99,0
1112,20190106T212558Z,['1J.TI1A.'],0.0,2019-01-06T21:25:58.960000Z,2.65,0
1113,20190106T212614Z,['1J.TI1A.'],0.0,2019-01-06T21:26:14.170000Z,2.85,0
1114,20190106T212628Z,"['1J.TI8A.', '1J.TI3A.']",0.0,2019-01-06T21:26:28.650000Z,8.77,0
1115,20190106T212808Z,['1J.TI1A.'],0.0,2019-01-06T21:28:08.140000Z,2.55,0
1116,20190106T212823Z,['1J.TI4A.'],0.0,2019-01-06T21:28:23.810000Z,2.21,0
1117,20190106T212826Z,['1J.TI1A.'],0.0,2019-01-06T21:28:26.960000Z,11.69,0
1118,20190106T212847Z,['1J.TI8A.'],0.0,2019-01-06T21:28:47.760000Z,2.87,0
1119,20190106T212852Z,['1J.TI1A.'],0.0,2019-01-06T21:28:52.560000Z,1.82,0
1120,20190106T212921Z,['1J.TI1A.'],0.0,2019-01-06T21:29:21.950000Z,1.24,0
1121,20190106T213008Z,['1J.TI1A.'],0.0,2019-01-06T21:30:08.340000Z,6.55,0
1122,20190106T213021Z,['1J.TI1A.'],0.0,2019-01-06T21:30:21.550000Z,3.3,0
1123,20190106T213138Z,['1J.TI1A.'],0.0,2019-01-06T21:31:38.160000Z,2.76,0
1124,20190106T213204Z,['1J.TI1A.'],0.0,2019-01-06T21:32:04.030000Z,6.94,0
1125,20190106T213227Z,['1J.TI1A.'],0.0,2019-01-06T21:32:27.030000Z,0.93,0
1126,20190106T213302Z,['1J.TI1A.'],0.0,2019-01-06T21:33:02.250000Z,1.22,0
1127,20190106T213442Z,"['1J.TI6A.', '1J.TI1A.']",0.0,2019-01-06T21:34:42.570000Z,7.79,0
1128,20190106T213612Z,['1J.TI1A.'],0.0,2019-01-06T21:36:12.740000Z,3.41,0
1129,20190106T213627Z,['1J.TI1A.'],0.0,2019-01-06T21:36:27.080000Z,6.9,0
1130,20190106T213639Z,['1J.TI8A.'],0.0,2019-01-06T21:36:39.020000Z,1.78,0
1131,20190106T213658Z,"['1J.TI7A.', '1J.TI3A.', '1J.TI8A.', '1J.TI1A.']",0.0,2019-01-06T21:36:58.810000Z,25.6,0
1132,20190106T213751Z,['1J.TI1A.'],0.0,2019-01-06T21:37:51.150000Z,1.01,0
1133,20190106T213811Z,['1J.TI1A.'],0.0,2019-01-06T21:38:11.940000Z,1.39,0
1134,20190106T213823Z,['1J.TI1A.'],0.0,2019-01-06T21:38:23.540000Z,2.22,0
1135,20190106T213826Z,"['1J.TI3A.', '1J.TI6A.', '1J.TI1A.']",0.0,2019-01-06T21:38:26.640000Z,23.67,0
1136,20190106T214005Z,"['1J.TI1A.', '1J.TI8A.']",0.0,2019-01-06T21:40:05.510000Z,7.69,0
1137,20190106T214034Z,['1J.TI3A.'],0.0,2019-01-06T21:40:34.190000Z,2.74,0
1138,20190106T214043Z,['1J.TI1A.'],0.0,2019-01-06T21:40:43.000000Z,5.18,0
1139,20190106T214101Z,['1J.TI3A.'],0.0,2019-01-06T21:41:01.740000Z,4.86,0
1140,20190106T214124Z,['1J.TI1A.'],0.0,2019-01-06T21:41:24.560000Z,1.5,0
1141,20190106T214139Z,['1J.TI1A.'],0.0,2019-01-06T21:41:39.640000Z,0.76,0
1142,20190106T214148Z,['1J.TI1A.'],0.0,2019-01-06T21:41:48.780000Z,2.88,0
1143,20190106T214206Z,['1J.TI1A.'],0.0,2019-01-06T21:42:06.250000Z,0.73,0
1144,20190106T214229Z,['1J.TI1A.'],0.0,2019-01-06T21:42:29.050000Z,2.4,0
1145,20190106T214255Z,['1J.TI1A.'],0.0,2019-01-06T21:42:55.750000Z,0.89,0
1146,20190106T214304Z,['1J.TI1A.'],0.0,2019-01-06T21:43:04.870000Z,1.38,0
1147,20190106T214316Z,['1J.TI1A.'],0.0,2019-01-06T21:43:16.480000Z,3.24,0
1148,20190106T214327Z,['1J.TI1A.'],0.0,2019-01-06T21:43:27.970000Z,4.43,0
1149,20190106T214352Z,['1J.TI1A.'],0.0,2019-01-06T21:43:52.980000Z,1.31,0
1150,20190106T214358Z,"['1J.TI3A.', '1J.TI8A.']",0.0,2019-01-06T21:43:58.490000Z,52.39,0
1151,20190106T214506Z,['1J.TI1A.'],0.0,2019-01-06T21:45:06.370000Z,1.79,0
1152,20190106T214542Z,['1J.TI1A.'],0.0,2019-01-06T21:45:42.670000Z,3.31,0
1153,20190106T214608Z,['1J.TI1A.'],0.0,2019-01-06T21:46:08.940000Z,1.7,0
1154,20190106T214645Z,['1J.TI1A.'],0.0,2019-01-06T21:46:45.520000Z,1.64,0
1155,20190106T214701Z,['1J.TI1A.'],0.0,2019-01-06T21:47:01.970000Z,5.57,0
1156,20190106T214814Z,['1J.TI1A.'],0.0,2019-01-06T21:48:14.270000Z,1.03,0
1157,20190106T214829Z,['1J.TI7A.'],0.0,2019-01-06T21:48:29.840000Z,3.33,0
1158,20190106T214856Z,['1J.TI1A.'],0.0,2019-01-06T21:48:56.370000Z,2.63,0
1159,20190106T214903Z,['1J.TI3A.'],0.0,2019-01-06T21:49:03.810000Z,12.3,0
1160,20190106T214934Z,['1J.TI1A.'],0.0,2019-01-06T21:49:34.270000Z,0.86,0
1161,20190106T215004Z,['1J.TI1A.'],0.0,2019-01-06T21:50:04.730000Z,17.96,0
1162,20190106T215129Z,['1J.TI1A.'],0.0,2019-01-06T21:51:29.840000Z,5.84,0
1163,20190106T215155Z,"['1J.TI3A.', '1J.TI1A.']",0.0,2019-01-06T21:51:55.900000Z,18.41,0
1164,20190106T215219Z,['1J.TI1A.'],0.0,2019-01-06T21:52:19.390000Z,1.66,0
1165,20190106T215259Z,"['1J.TI8A.', '1J.TI1A.']",0.0,2019-01-06T21:52:59.270000Z,15.59,0
1166,20190106T215341Z,['1J.TI1A.'],0.0,2019-01-06T21:53:41.360000Z,1.76,0
1167,20190106T215352Z,['1J.TI1A.'],0.0,2019-01-06T21:53:52.750000Z,2.99,0
1168,20190106T215425Z,"['1J.TI1A.', '1J.TI4A.']",0.0,2019-01-06T21:54:25.190000Z,15.57,0
1169,20190106T215529Z,['1J.TI1A.'],0.0,2019-01-06T21:55:29.530000Z,5.37,0
1170,20190106T215547Z,"['1J.TI3A.', '1J.TI8A.', '1J.TI1A.']",0.0,2019-01-06T21:55:47.970000Z,49.62,0
1171,20190106T215711Z,['1J.TI1A.'],0.0,2019-01-06T21:57:11.330000Z,2.35,0
1172,20190106T215733Z,['1J.TI1A.'],0.0,2019-01-06T21:57:33.550000Z,0.92,0
1173,20190106T215742Z,['1J.TI1A.'],0.0,2019-01-06T21:57:42.550000Z,1.83,0
1174,20190106T215849Z,['1J.TI1A.'],0.0,2019-01-06T21:58:49.150000Z,1.95,0
1175,20190106T215920Z,['1J.TI1A.'],0.0,2019-01-06T21:59:20.780000Z,2.47,0
1176,20190106T215934Z,['1J.TI1A.'],0.0,2019-01-06T21:59:34.270000Z,10.19,0
1177,20190106T220018Z,['1J.TI1A.'],0.0,2019-01-06T22:00:18.850000Z,1.88,0
1178,20190106T220050Z,['1J.TI1A.'],0.0,2019-01-06T22:00:50.270000Z,2.11,0
1179,20190106T220112Z,['1J.TI1A.'],0.0,2019-01-06T22:01:12.990000Z,2.37,0
1180,20190106T220135Z,"['1J.TI1A.', '1J.TI4A.', '1J.TI3A.']",0.0,2019-01-06T22:01:35.060000Z,15.29,0
1181,20190106T220153Z,['1J.TI1A.'],0.0,2019-01-06T22:01:53.390000Z,1.29,0
1182,20190106T220209Z,"['1J.TI3A.', '1J.TI8A.', '1J.TI1A.']",0.0,2019-01-06T22:02:09.570000Z,21.48,0
1183,20190106T220253Z,['1J.TI1A.'],0.0,2019-01-06T22:02:53.060000Z,2.58,0
1184,20190106T220319Z,['1J.TI1A.'],0.0,2019-01-06T22:03:19.120000Z,2.71,0
1185,20190106T220327Z,['1J.TI1A.'],0.0,2019-01-06T22:03:27.170000Z,3.59,0
1186,20190106T220425Z,"['1J.TI3A.', '1J.TI1A.']",0.0,2019-01-06T22:04:25.650000Z,9.14,0
1187,20190106T220524Z,['1J.TI1A.'],0.0,2019-01-06T22:05:24.170000Z,11.15,0
1188,20190106T220601Z,['1J.TI1A.'],0.0,2019-01-06T22:06:01.720000Z,1.33,0
1189,20190106T220627Z,"['1J.TI7A.', '1J.TI1A.']",0.0,2019-01-06T22:06:27.630000Z,12.43,0
1190,20190106T220645Z,['1J.TI1A.'],0.0,2019-01-06T22:06:45.640000Z,3.4,0
1191,20190106T220711Z,['1J.TI1A.'],0.0,2019-01-06T22:07:11.660000Z,2.45,0
1192,20190106T220719Z,"['1J.TI7A.', '1J.TI1A.']",0.0,2019-01-06T22:07:19.850000Z,11.66,0
1193,20190106T220801Z,['1J.TI1A.'],0.0,2019-01-06T22:08:01.520000Z,2.15,0
1194,20190106T220818Z,['1J.TI7A.'],0.0,2019-01-06T22:08:18.010000Z,1.57,0
1195,20190106T220847Z,['1J.TI7A.'],0.0,2019-01-06T22:08:47.570000Z,2.53,0
1196,20190106T220900Z,['1J.TI1A.'],0.0,2019-01-06T22:09:00.150000Z,6.61,0
1197,20190106T221003Z,['1J.TI1A.'],0.0,2019-01-06T22:10:03.620000Z,6.58,0
1198,20190106T221035Z,['1J.TI1A.'],0.0,2019-01-06T22:10:35.840000Z,2.46,0
1199,20190106T221125Z,['1J.TI1A.'],0.0,2019-01-06T22:11:25.190000Z,10.65,0
1200,20190106T221150Z,['1J.TI1A.'],0.0,2019-01-06T22:11:50.600000Z,7.89,0
1201,20190106T221228Z,['1J.TI1A.'],0.0,2019-01-06T22:12:28.720000Z,0.96,0
1202,20190106T221246Z,['1J.TI1A.'],0.0,2019-01-06T22:12:46.920000Z,1.05,0
1203,20190106T221300Z,['1J.TI1A.'],0.0,2019-01-06T22:13:00.260000Z,4.27,0
1204,20190106T221334Z,"['1J.TI7A.', '1J.TI1A.']",0.0,2019-01-06T22:13:34.160000Z,3.96,0
1205,20190106T221416Z,['1J.TI1A.'],0.0,2019-01-06T22:14:16.070000Z,4.22,0
1206,20190106T221439Z,"['1J.TI1A.', '1J.TI8A.']",0.0,2019-01-06T22:14:39.050000Z,11.37,0
1207,20190106T221533Z,['1J.TI1A.'],0.0,2019-01-06T22:15:33.680000Z,3.88,0
1208,20190106T221608Z,['1J.TI1A.'],0.0,2019-01-06T22:16:08.900000Z,13.3,0
1209,20190106T221655Z,['1J.TI8A.'],0.0,2019-01-06T22:16:55.000000Z,3.49,0
1210,20190106T221723Z,['1J.TI1A.'],0.0,2019-01-06T22:17:23.680000Z,3.06,0
1211,20190106T221739Z,['1J.TI7A.'],0.0,2019-01-06T22:17:39.420000Z,3.72,0
1212,20190106T221752Z,['1J.TI7A.'],0.0,2019-01-06T22:17:52.910000Z,3.24,0
1213,20190106T221818Z,['1J.TI1A.'],0.0,2019-01-06T22:18:18.030000Z,1.89,0
1214,20190106T221833Z,"['1J.TI3A.', '1J.TI8A.']",0.0,2019-01-06T22:18:33.170000Z,19.73,0
1215,20190106T221900Z,['1J.TI1A.'],0.0,2019-01-06T22:19:00.850000Z,8.69,0
1216,20190106T221930Z,['1J.TI1A.'],0.0,2019-01-06T22:19:30.540000Z,1.31,0
1217,20190106T222007Z,"['1J.TI1A.', '1J.TI4A.', '1J.TI3A.']",0.0,2019-01-06T22:20:07.420000Z,20.46,0
1218,20190106T222039Z,['1J.TI7A.'],0.0,2019-01-06T22:20:39.470000Z,1.2,0
1219,20190106T222040Z,['1J.TI1A.'],0.0,2019-01-06T22:20:40.970000Z,1.31,0
1220,20190106T222050Z,"['1J.TI4A.', '1J.TI1A.', '1J.TI7A.']",0.0,2019-01-06T22:20:50.210000Z,4.24,0
1221,20190106T222110Z,"['1J.TI4A.', '1J.TI1A.']",0.0,2019-01-06T22:21:10.550000Z,5.79,0
1222,20190106T222123Z,['1J.TI7A.'],0.0,2019-01-06T22:21:23.020000Z,1.98,0
1223,20190106T222151Z,"['1J.TI1A.', '1J.TI4A.']",0.0,2019-01-06T22:21:51.930000Z,4.14,0
1224,20190106T222205Z,['1J.TI1A.'],0.0,2019-01-06T22:22:05.480000Z,13.08,0
1225,20190106T222228Z,['1J.TI1A.'],0.0,2019-01-06T22:22:28.910000Z,0.92,0
1226,20190106T222239Z,['1J.TI3A.'],0.0,2019-01-06T22:22:39.890000Z,17.41,0
1227,20190106T222259Z,['1J.TI1A.'],0.0,2019-01-06T22:22:59.980000Z,1.47,0
1228,20190106T222328Z,['1J.TI1A.'],0.0,2019-01-06T22:23:28.140000Z,8.48,0
1229,20190106T222348Z,['1J.TI1A.'],0.0,2019-01-06T22:23:48.850000Z,4.7,0
1230,20190106T222405Z,['1J.TI8A.'],0.0,2019-01-06T22:24:05.350000Z,1.77,0
1231,20190106T222434Z,"['1J.TI1A.', '1J.TI7A.']",0.0,2019-01-06T22:24:34.400000Z,5.57,0
1232,20190106T222500Z,['1J.TI1A.'],0.0,2019-01-06T22:25:00.240000Z,0.98,0
1233,20190106T222532Z,['1J.TI1A.'],0.0,2019-01-06T22:25:32.170000Z,0.94,0
1234,20190106T222543Z,"['1J.TI1A.', '1J.TI8A.']",0.0,2019-01-06T22:25:43.910000Z,12.08,0
1235,20190106T222645Z,['1J.TI1A.'],0.0,2019-01-06T22:26:45.790000Z,2.25,0
1236,20190106T222659Z,"['1J.TI4A.', '1J.TI1A.']",0.0,2019-01-06T22:26:59.100000Z,12.02,0
1237,20190106T222724Z,['1J.TI1A.'],0.0,2019-01-06T22:27:24.000000Z,2.67,0
1238,20190106T222748Z,['1J.TI1A.'],0.0,2019-01-06T22:27:48.530000Z,0.72,0
1239,20190106T222758Z,['1J.TI1A.'],0.0,2019-01-06T22:27:58.570000Z,1.38,0
1240,20190106T222822Z,['1J.TI1A.'],0.0,2019-01-06T22:28:22.330000Z,2.33,0
1241,20190106T222835Z,['1J.TI7A.'],0.0,2019-01-06T22:28:35.240000Z,1.0,0
1242,20190106T222839Z,['1J.TI1A.'],0.0,2019-01-06T22:28:39.570000Z,1.09,0
1243,20190106T222900Z,['1J.TI1A.'],0.0,2019-01-06T22:29:00.750000Z,2.52,0
1244,20190106T222905Z,"['1J.TI3A.', '1J.TI1A.']",0.0,2019-01-06T22:29:05.590000Z,7.36,0
1245,20190106T222923Z,['1J.TI7A.'],0.0,2019-01-06T22:29:23.000000Z,1.09,0
1246,20190106T222931Z,"['1J.TI3A.', '1J.TI1A.', '1J.TI7A.']",0.0,2019-01-06T22:29:31.570000Z,39.99,0
1247,20190106T223041Z,['1J.TI1A.'],0.0,2019-01-06T22:30:41.430000Z,1.52,0
1248,20190106T223047Z,"['1J.TI3A.', '1J.TI1A.']",0.0,2019-01-06T22:30:47.420000Z,16.28,0
1249,20190106T223113Z,['1J.TI1A.'],0.0,2019-01-06T22:31:13.890000Z,14.53,0
1250,20190106T223135Z,"['1J.TI1A.', '1J.TI4A.', '1J.TI3A.', '1J.TI8A.', '1J.TI6A.', '1J.TI7A.']",0.0,2019-01-06T22:31:35.390000Z,56.46,0
1251,20190106T223312Z,['1J.TI8A.'],0.0,2019-01-06T22:33:12.810000Z,0.86,0
1252,20190106T223356Z,['1J.TI1A.'],0.0,2019-01-06T22:33:56.450000Z,1.93,0
1253,20190106T223419Z,['1J.TI3A.'],0.0,2019-01-06T22:34:19.570000Z,2.1,0
1254,20190106T223448Z,['1J.TI1A.'],0.0,2019-01-06T22:34:48.800000Z,3.95,0
1255,20190106T223516Z,"['1J.TI8A.', '1J.TI1A.']",0.0,2019-01-06T22:35:16.560000Z,17.01,0
1256,20190106T223623Z,['1J.TI7A.'],0.0,2019-01-06T22:36:23.370000Z,1.88,0
1257,20190106T223656Z,['1J.TI1A.'],0.0,2019-01-06T22:36:56.480000Z,2.31,0
1258,20190106T223722Z,['1J.TI1A.'],0.0,2019-01-06T22:37:22.380000Z,8.39,0
1259,20190106T223748Z,['1J.TI1A.'],0.0,2019-01-06T22:37:48.980000Z,1.6,0
1260,20190106T223806Z,"['1J.TI1A.', '1J.TI4A.', '1J.TI3A.', '1J.TI8A.']",0.0,2019-01-06T22:38:06.970000Z,72.08,0
1261,20190106T223921Z,"['1J.TI1A.', '1J.TI4A.', '1J.TI3A.', '1J.TI6A.', '1J.TI8A.']",0.0,2019-01-06T22:39:21.920000Z,49.88,0
1262,20190106T224104Z,['1J.TI3A.'],0.0,2019-01-06T22:41:04.360000Z,2.61,0
1263,20190106T224128Z,['1J.TI7A.'],0.0,2019-01-06T22:41:28.050000Z,6.41,0
1264,20190106T224144Z,"['1J.TI1A.', '1J.TI4A.', '1J.TI3A.']",0.0,2019-01-06T22:41:44.260000Z,6.77,0
1265,20190106T224159Z,['1J.TI7A.'],0.0,2019-01-06T22:41:59.730000Z,1.56,0
1266,20190106T224230Z,['1J.TI7A.'],0.0,2019-01-06T22:42:30.340000Z,1.5,0
1267,20190106T224306Z,['1J.TI3A.'],0.0,2019-01-06T22:43:06.900000Z,1.63,0
1268,20190106T224323Z,['1J.TI1A.'],0.0,2019-01-06T22:43:23.090000Z,0.86,0
1269,20190106T224352Z,['1J.TI1A.'],0.0,2019-01-06T22:43:52.990000Z,1.48,0
1270,20190106T224425Z,['1J.TI1A.'],0.0,2019-01-06T22:44:25.580000Z,5.43,0
1271,20190106T224431Z,['1J.TI7A.'],0.0,2019-01-06T22:44:31.430000Z,4.5,0
1272,20190106T224447Z,['1J.TI8A.'],0.0,2019-01-06T22:44:47.670000Z,1.76,0
1273,20190106T224541Z,['1J.TI1A.'],0.0,2019-01-06T22:45:41.000000Z,1.09,0
1274,20190106T224607Z,['1J.TI1A.'],0.0,2019-01-06T22:46:07.320000Z,5.0,0
1275,20190106T224621Z,['1J.TI1A.'],0.0,2019-01-06T22:46:21.350000Z,5.64,0
1276,20190106T224629Z,['1J.TI7A.'],0.0,2019-01-06T22:46:29.730000Z,1.87,0
1277,20190106T224720Z,['1J.TI1A.'],0.0,2019-01-06T22:47:20.040000Z,0.95,0
1278,20190106T224740Z,['1J.TI1A.'],0.0,2019-01-06T22:47:40.510000Z,8.01,0
1279,20190106T224819Z,['1J.TI1A.'],0.0,2019-01-06T22:48:19.800000Z,2.17,0
1280,20190106T224823Z,['1J.TI7A.'],0.0,2019-01-06T22:48:23.320000Z,1.47,0
1281,20190106T224830Z,['1J.TI1A.'],0.0,2019-01-06T22:48:30.750000Z,1.88,0
1282,20190106T224846Z,['1J.TI1A.'],0.0,2019-01-06T22:48:46.300000Z,1.01,0
1283,20190106T224908Z,['1J.TI7A.'],0.0,2019-01-06T22:49:08.150000Z,2.15,0
1284,20190106T224918Z,"['1J.TI7A.', '1J.TI1A.']",0.0,2019-01-06T22:49:18.210000Z,27.0,0
1285,20190106T224950Z,"['1J.TI4A.', '1J.TI1A.']",0.0,2019-01-06T22:49:50.010000Z,6.52,0
1286,20190106T225009Z,['1J.TI1A.'],0.0,2019-01-06T22:50:09.420000Z,1.48,0
1287,20190106T225029Z,['1J.TI1A.'],0.0,2019-01-06T22:50:29.190000Z,3.83,0
1288,20190106T225056Z,['1J.TI1A.'],0.0,2019-01-06T22:50:56.440000Z,2.14,0
1289,20190106T225104Z,['1J.TI1A.'],0.0,2019-01-06T22:51:04.340000Z,0.71,0
1290,20190106T225111Z,['1J.TI1A.'],0.0,2019-01-06T22:51:11.180000Z,2.87,0
1291,20190106T225146Z,['1J.TI7A.'],0.0,2019-01-06T22:51:46.940000Z,4.06,0
1292,20190106T225154Z,['1J.TI1A.'],0.0,2019-01-06T22:51:54.480000Z,2.75,0
1293,20190106T225222Z,['1J.TI1A.'],0.0,2019-01-06T22:52:22.480000Z,5.79,0
1294,20190106T225235Z,['1J.TI1A.'],0.0,2019-01-06T22:52:35.720000Z,1.16,0
1295,20190106T225242Z,['1J.TI1A.'],0.0,2019-01-06T22:52:42.160000Z,12.24,0
1296,20190106T225351Z,['1J.TI1A.'],0.0,2019-01-06T22:53:51.610000Z,0.86,0
1297,20190106T225419Z,['1J.TI1A.'],0.0,2019-01-06T22:54:19.870000Z,2.93,0
1298,20190106T225455Z,['1J.TI1A.'],0.0,2019-01-06T22:54:55.500000Z,3.67,0
1299,20190106T225505Z,['1J.TI1A.'],0.0,2019-01-06T22:55:05.450000Z,12.67,0
1300,20190106T225537Z,['1J.TI7A.'],0.0,2019-01-06T22:55:37.250000Z,5.87,0
1301,20190106T225600Z,"['1J.TI1A.', '1J.TI7A.']",0.0,2019-01-06T22:56:00.370000Z,42.31,0
1302,20190106T225657Z,['1J.TI1A.'],0.0,2019-01-06T22:56:57.610000Z,6.2,0
1303,20190106T225729Z,"['1J.TI3A.', '1J.TI8A.', '1J.TI1A.', '1J.TI6A.']",0.0,2019-01-06T22:57:29.750000Z,99.24,0
1304,20190106T230159Z,['1J.TI1A.'],0.0,2019-01-06T23:01:59.990000Z,2.36,0
1305,20190106T230254Z,"['1J.TI4A.', '1J.TI1A.']",0.0,2019-01-06T23:02:54.240000Z,2.87,0
1306,20190106T230404Z,"['1J.TI7A.', '1J.TI1A.', '1J.TI8A.']",0.0,2019-01-06T23:04:04.730000Z,4.44,0
1307,20190106T230412Z,['1J.TI1A.'],0.0,2019-01-06T23:04:12.810000Z,1.54,0
1308,20190106T230459Z,"['1J.TI7A.', '1J.TI4A.', '1J.TI1A.']",0.0,2019-01-06T23:04:59.450000Z,9.85,0
1309,20190106T230518Z,['1J.TI8A.'],0.0,2019-01-06T23:05:18.290000Z,0.91,0
1310,20190106T230539Z,['1J.TI1A.'],0.0,2019-01-06T23:05:39.730000Z,0.89,0
1311,20190106T230547Z,['1J.TI3A.'],0.0,2019-01-06T23:05:47.660000Z,5.08,0
1312,20190106T230558Z,"['1J.TI7A.', '1J.TI1A.']",0.0,2019-01-06T23:05:58.320000Z,1.97,0
1313,20190106T230611Z,"['1J.TI4A.', '1J.TI1A.']",0.0,2019-01-06T23:06:11.680000Z,41.23,0
1314,20190106T230657Z,['1J.TI1A.'],0.0,2019-01-06T23:06:57.420000Z,4.6,0
1315,20190106T230702Z,['1J.TI8A.'],0.0,2019-01-06T23:07:02.300000Z,1.05,0
1316,20190106T230744Z,"['1J.TI7A.', '1J.TI1A.']",0.0,2019-01-06T23:07:44.690000Z,4.26,0
1317,20190106T230752Z,"['1J.TI3A.', '1J.TI1A.']",0.0,2019-01-06T23:07:52.090000Z,18.1,0
1318,20190106T230830Z,['1J.TI7A.'],0.0,2019-01-06T23:08:30.690000Z,1.9,0
1319,20190106T230847Z,['1J.TI1A.'],0.0,2019-01-06T23:08:47.540000Z,6.6,0
1320,20190106T230904Z,['1J.TI1A.'],0.0,2019-01-06T23:09:04.930000Z,1.98,0
1321,20190106T230929Z,['1J.TI1A.'],0.0,2019-01-06T23:09:29.780000Z,1.95,0
1322,20190106T230937Z,['1J.TI3A.'],0.0,2019-01-06T23:09:37.130000Z,1.73,0
1323,20190106T230939Z,['1J.TI4A.'],0.0,2019-01-06T23:09:39.900000Z,7.55,0
1324,20190106T231026Z,['1J.TI1A.'],0.0,2019-01-06T23:10:26.830000Z,3.43,0
1325,20190106T231116Z,['1J.TI1A.'],0.0,2019-01-06T23:11:16.600000Z,9.52,0
1326,20190106T231134Z,['1J.TI1A.'],0.0,2019-01-06T23:11:34.500000Z,11.17,0
1327,20190106T231225Z,['1J.TI7A.'],0.0,2019-01-06T23:12:25.720000Z,1.47,0
1328,20190106T231402Z,"['1J.TI3A.', '1J.TI8A.']",0.0,2019-01-06T23:14:02.700000Z,13.86,0
1329,20190106T231425Z,['1J.TI7A.'],0.0,2019-01-06T23:14:25.120000Z,2.29,0
1330,20190106T231440Z,['1J.TI8A.'],0.0,2019-01-06T23:14:40.910000Z,0.68,0
1331,20190106T231443Z,"['1J.TI1A.', '1J.TI7A.']",0.0,2019-01-06T23:14:43.120000Z,16.42,0
1332,20190106T231507Z,['1J.TI8A.'],0.0,2019-01-06T23:15:07.310000Z,0.66,0
1333,20190106T231513Z,['1J.TI3A.'],0.0,2019-01-06T23:15:13.580000Z,2.39,0
1334,20190106T231538Z,['1J.TI1A.'],0.0,2019-01-06T23:15:38.000000Z,2.67,0
1335,20190106T231553Z,['1J.TI8A.'],0.0,2019-01-06T23:15:53.070000Z,1.14,0
1336,20190106T231605Z,['1J.TI8A.'],0.0,2019-01-06T23:16:05.880000Z,0.92,0
1337,20190106T231625Z,['1J.TI1A.'],0.0,2019-01-06T23:16:25.230000Z,7.54,0
1338,20190106T231653Z,['1J.TI1A.'],0.0,2019-01-06T23:16:53.160000Z,1.65,0
1339,20190106T231708Z,"['1J.TI1A.', '1J.TI8A.']",0.0,2019-01-06T23:17:08.530000Z,1.46,0
1340,20190106T231710Z,['1J.TI7A.'],0.0,2019-01-06T23:17:10.970000Z,6.32,0
1341,20190106T231758Z,['1J.TI1A.'],0.0,2019-01-06T23:17:58.440000Z,6.29,0
1342,20190106T231820Z,"['1J.TI1A.', '1J.TI4A.']",0.0,2019-01-06T23:18:20.580000Z,7.45,0
1343,20190106T231830Z,"['1J.TI4A.', '1J.TI1A.', '1J.TI3A.', '1J.TI7A.']",0.0,2019-01-06T23:18:30.870000Z,54.96,0
1344,20190106T231925Z,['1J.TI8A.'],0.0,2019-01-06T23:19:25.900000Z,2.12,0
1345,20190106T231945Z,['1J.TI7A.'],0.0,2019-01-06T23:19:45.760000Z,1.33,0
1346,20190106T231956Z,['1J.TI3A.'],0.0,2019-01-06T23:19:56.620000Z,15.76,0
1347,20190106T232014Z,['1J.TI1A.'],0.0,2019-01-06T23:20:14.300000Z,5.39,0
1348,20190106T232032Z,['1J.TI7A.'],0.0,2019-01-06T23:20:32.890000Z,1.14,0
1349,20190106T232051Z,['1J.TI7A.'],0.0,2019-01-06T23:20:51.890000Z,4.83,0
1350,20190106T232102Z,['1J.TI1A.'],0.0,2019-01-06T23:21:02.170000Z,1.53,0
1351,20190106T232105Z,['1J.TI8A.'],0.0,2019-01-06T23:21:05.390000Z,1.22,0
1352,20190106T232110Z,['1J.TI1A.'],0.0,2019-01-06T23:21:10.890000Z,0.92,0
1353,20190106T232120Z,['1J.TI1A.'],0.0,2019-01-06T23:21:20.510000Z,5.23,0
1354,20190106T232138Z,['1J.TI1A.'],0.0,2019-01-06T23:21:38.050000Z,6.05,0
1355,20190106T232213Z,['1J.TI1A.'],0.0,2019-01-06T23:22:13.450000Z,2.27,0
1356,20190106T232226Z,"['1J.TI7A.', '1J.TI1A.']",0.0,2019-01-06T23:22:26.500000Z,6.79,0
1357,20190106T232303Z,"['1J.TI1A.', '1J.TI3A.', '1J.TI4A.']",0.0,2019-01-06T23:23:03.390000Z,15.19,0
1358,20190106T232327Z,['1J.TI1A.'],0.0,2019-01-06T23:23:27.480000Z,11.61,0
1359,20190106T232405Z,['1J.TI1A.'],0.0,2019-01-06T23:24:05.940000Z,8.66,0
1360,20190106T232422Z,"['1J.TI4A.', '1J.TI1A.']",0.0,2019-01-06T23:24:22.620000Z,4.11,0
1361,20190106T232445Z,['1J.TI3A.'],0.0,2019-01-06T23:24:45.130000Z,7.83,0
1362,20190106T232512Z,['1J.TI1A.'],0.0,2019-01-06T23:25:12.620000Z,2.93,0
1363,20190106T232601Z,"['1J.TI7A.', '1J.TI1A.']",0.0,2019-01-06T23:26:01.950000Z,17.08,0
1364,20190106T232627Z,['1J.TI8A.'],0.0,2019-01-06T23:26:27.270000Z,3.97,0
1365,20190106T232659Z,['1J.TI1A.'],0.0,2019-01-06T23:26:59.810000Z,4.86,0
1366,20190106T232716Z,"['1J.TI4A.', '1J.TI1A.']",0.0,2019-01-06T23:27:16.190000Z,1.9,0
1367,20190106T232719Z,['1J.TI3A.'],0.0,2019-01-06T23:27:19.550000Z,26.72,0
1368,20190106T232746Z,['1J.TI7A.'],0.0,2019-01-06T23:27:46.480000Z,1.3,0
1369,20190106T232818Z,"['1J.TI1A.', '1J.TI4A.', '1J.TI8A.']",0.0,2019-01-06T23:28:18.400000Z,30.3,0
1370,20190106T232849Z,"['1J.TI1A.', '1J.TI4A.']",0.0,2019-01-06T23:28:49.980000Z,17.99,0
1371,20190106T232913Z,['1J.TI1A.'],0.0,2019-01-06T23:29:13.940000Z,4.14,0
1372,20190106T232953Z,['1J.TI1A.'],0.0,2019-01-06T23:29:53.960000Z,1.1,0
1373,20190106T233018Z,['1J.TI1A.'],0.0,2019-01-06T23:30:18.730000Z,9.5,0
1374,20190106T233106Z,['1J.TI7A.'],0.0,2019-01-06T23:31:06.990000Z,4.7,0
1375,20190106T233125Z,['1J.TI1A.'],0.0,2019-01-06T23:31:25.600000Z,2.75,0
1376,20190106T233133Z,['1J.TI7A.'],0.0,2019-01-06T23:31:33.290000Z,13.52,0
1377,20190106T233204Z,"['1J.TI1A.', '1J.TI4A.']",0.0,2019-01-06T23:32:04.430000Z,7.52,0
1378,20190106T233226Z,['1J.TI1A.'],0.0,2019-01-06T23:32:26.380000Z,0.94,0
1379,20190106T233254Z,"['1J.TI4A.', '1J.TI1A.']",0.0,2019-01-06T23:32:54.290000Z,6.73,0
1380,20190106T233302Z,['1J.TI8A.'],0.0,2019-01-06T23:33:02.080000Z,0.91,0
1381,20190106T233314Z,['1J.TI7A.'],0.0,2019-01-06T23:33:14.270000Z,0.88,0
1382,20190106T233319Z,['1J.TI3A.'],0.0,2019-01-06T23:33:19.840000Z,17.06,0
1383,20190106T233340Z,['1J.TI1A.'],0.0,2019-01-06T23:33:40.560000Z,5.77,0
1384,20190106T233350Z,['1J.TI4A.'],0.0,2019-01-06T23:33:50.090000Z,1.64,0
1385,20190106T233400Z,['1J.TI1A.'],0.0,2019-01-06T23:34:00.400000Z,3.19,0
1386,20190106T233425Z,"['1J.TI7A.', '1J.TI1A.']",0.0,2019-01-06T23:34:25.390000Z,15.83,0
1387,20190106T233445Z,['1J.TI4A.'],0.0,2019-01-06T23:34:45.260000Z,9.42,0
1388,20190106T233503Z,['1J.TI7A.'],0.0,2019-01-06T23:35:03.270000Z,7.85,0
1389,20190106T233519Z,['1J.TI3A.'],0.0,2019-01-06T23:35:19.690000Z,7.69,0
1390,20190106T233539Z,['1J.TI1A.'],0.0,2019-01-06T23:35:39.270000Z,5.47,0
1391,20190106T233608Z,['1J.TI1A.'],0.0,2019-01-06T23:36:08.020000Z,1.69,0
1392,20190106T233621Z,['1J.TI7A.'],0.0,2019-01-06T23:36:21.580000Z,11.81,0
1393,20190106T233641Z,['1J.TI8A.'],0.0,2019-01-06T23:36:41.430000Z,1.16,0
1394,20190106T233708Z,['1J.TI1A.'],0.0,2019-01-06T23:37:08.230000Z,0.89,0
1395,20190106T233719Z,['1J.TI4A.'],0.0,2019-01-06T23:37:19.270000Z,5.43,0
1396,20190106T233733Z,['1J.TI7A.'],0.0,2019-01-06T23:37:33.800000Z,0.75,0
1397,20190106T233741Z,['1J.TI1A.'],0.0,2019-01-06T23:37:41.640000Z,2.37,0
1398,20190106T233746Z,"['1J.TI4A.', '1J.TI3A.', '1J.TI1A.']",0.0,2019-01-06T23:37:46.920000Z,47.61,0
1399,20190106T233835Z,['1J.TI1A.'],0.0,2019-01-06T23:38:35.130000Z,17.57,0
1400,20190106T233904Z,['1J.TI8A.'],0.0,2019-01-06T23:39:04.150000Z,0.96,0
1401,20190106T233944Z,['1J.TI1A.'],0.0,2019-01-06T23:39:44.160000Z,1.96,0
1402,20190106T234006Z,['1J.TI1A.'],0.0,2019-01-06T23:40:06.410000Z,1.89,0
1403,20190106T234012Z,"['1J.TI7A.', '1J.TI1A.']",0.0,2019-01-06T23:40:12.540000Z,4.03,0
1404,20190106T234045Z,"['1J.TI3A.', '1J.TI1A.', '1J.TI4A.']",0.0,2019-01-06T23:40:45.020000Z,19.21,0
1405,20190106T234108Z,['1J.TI7A.'],0.0,2019-01-06T23:41:08.930000Z,6.75,0
1406,20190106T234115Z,['1J.TI4A.'],0.0,2019-01-06T23:41:15.720000Z,7.0,0
1407,20190106T234138Z,['1J.TI1A.'],0.0,2019-01-06T23:41:38.780000Z,2.24,0
1408,20190106T234208Z,"['1J.TI1A.', '1J.TI4A.']",0.0,2019-01-06T23:42:08.400000Z,2.92,0
1409,20190106T234217Z,"['1J.TI7A.', '1J.TI1A.', '1J.TI4A.']",0.0,2019-01-06T23:42:17.580000Z,17.13,0
1410,20190106T234305Z,['1J.TI1A.'],0.0,2019-01-06T23:43:05.970000Z,2.1,0
1411,20190106T234320Z,['1J.TI1A.'],0.0,2019-01-06T23:43:20.500000Z,2.65,0
1412,20190106T234342Z,"['1J.TI4A.', '1J.TI1A.']",0.0,2019-01-06T23:43:42.150000Z,4.98,0
1413,20190106T234355Z,['1J.TI1A.'],0.0,2019-01-06T23:43:55.300000Z,2.59,0
1414,20190106T234408Z,['1J.TI4A.'],0.0,2019-01-06T23:44:08.440000Z,18.69,0
1415,20190106T234456Z,['1J.TI1A.'],0.0,2019-01-06T23:44:56.810000Z,1.29,0
1416,20190106T234506Z,['1J.TI7A.'],0.0,2019-01-06T23:45:06.820000Z,1.23,0
1417,20190106T234513Z,['1J.TI1A.'],0.0,2019-01-06T23:45:13.520000Z,3.58,0
1418,20190106T234523Z,['1J.TI7A.'],0.0,2019-01-06T23:45:23.370000Z,2.43,0
1419,20190106T234525Z,['1J.TI1A.'],0.0,2019-01-06T23:45:25.870000Z,4.34,0
1420,20190106T234603Z,"['1J.TI1A.', '1J.TI4A.']",0.0,2019-01-06T23:46:03.590000Z,10.07,0
1421,20190106T234619Z,['1J.TI3A.'],0.0,2019-01-06T23:46:19.030000Z,14.47,0
1422,20190106T234651Z,['1J.TI1A.'],0.0,2019-01-06T23:46:51.830000Z,8.09,0
1423,20190106T234727Z,['1J.TI4A.'],0.0,2019-01-06T23:47:27.760000Z,1.08,0
1424,20190106T234729Z,"['1J.TI1A.', '1J.TI4A.']",0.0,2019-01-06T23:47:29.810000Z,15.75,0
1425,20190106T234803Z,['1J.TI1A.'],0.0,2019-01-06T23:48:03.670000Z,0.77,0
1426,20190106T234813Z,['1J.TI7A.'],0.0,2019-01-06T23:48:13.290000Z,8.76,0
1427,20190106T234852Z,['1J.TI1A.'],0.0,2019-01-06T23:48:52.810000Z,2.88,0
1428,20190106T235038Z,['1J.TI1A.'],0.0,2019-01-06T23:50:38.620000Z,2.87,0
1429,20190106T235054Z,['1J.TI8A.'],0.0,2019-01-06T23:50:54.760000Z,1.98,0
1430,20190106T235058Z,"['1J.TI4A.', '1J.TI1A.']",0.0,2019-01-06T23:50:58.100000Z,5.66,0
1431,20190106T235105Z,['1J.TI7A.'],0.0,2019-01-06T23:51:05.140000Z,1.57,0
1432,20190106T235144Z,"['1J.TI4A.', '1J.TI1A.', '1J.TI7A.']",0.0,2019-01-06T23:51:44.760000Z,75.58,0
1433,20190106T235300Z,['1J.TI1A.'],0.0,2019-01-06T23:53:00.420000Z,1.22,0
1434,20190106T235407Z,['1J.TI1A.'],0.0,2019-01-06T23:54:07.150000Z,2.34,0
1435,20190106T235446Z,['1J.TI7A.'],0.0,2019-01-06T23:54:46.020000Z,2.56,0
1436,20190106T235609Z,['1J.TI3A.'],0.0,2019-01-06T23:56:09.120000Z,16.92,0
1437,20190106T235704Z,['1J.TI1A.'],0.0,2019-01-06T23:57:04.890000Z,8.13,0
1438,20190106T235719Z,['1J.TI3A.'],0.0,2019-01-06T23:57:19.700000Z,4.11,0
1439,20190106T235742Z,['1J.TI1A.'],0.0,2019-01-06T23:57:42.330000Z,1.9,0
1440,20190106T235809Z,['1J.TI1A.'],0.0,2019-01-06T23:58:09.980000Z,2.61,0
1441,20190106T235845Z,['1J.TI1A.'],0.0,2019-01-06T23:58:45.310000Z,3.56,0
1442,20190106T235909Z,['1J.TI7A.'],0.0,2019-01-06T23:59:09.260000Z,1.66,0
