,event_id,stations,network_time,ref_time,ref_duration,group
0,20181227T000104Z,"['1J.TI4A.', '1J.TI3A.']",0.0,2018-12-27T00:01:04.020000Z,11.45,0
1,20181227T000156Z,['1J.TI7A.'],0.0,2018-12-27T00:01:56.850000Z,1.13,0
2,20181227T000210Z,"['1J.TI4A.', '1J.TI3A.']",0.0,2018-12-27T00:02:10.200000Z,13.72,0
3,20181227T000249Z,['1J.TI3A.'],0.0,2018-12-27T00:02:49.150000Z,9.13,0
4,20181227T000320Z,['1J.TI4A.'],0.0,2018-12-27T00:03:20.660000Z,8.59,0
5,20181227T000338Z,['1J.TI4A.'],0.0,2018-12-27T00:03:38.320000Z,1.13,0
6,20181227T000347Z,"['1J.TI3A.', '1J.TI8A.', '1J.TI4A.', '1J.TI6A.']",0.0,2018-12-27T00:03:47.550000Z,59.36,0
7,20181227T000607Z,['1J.TI4A.'],0.0,2018-12-27T00:06:07.840000Z,2.73,0
8,20181227T000641Z,['1J.TI3A.'],0.0,2018-12-27T00:06:41.580000Z,0.79,0
9,20181227T000653Z,['1J.TI4A.'],0.0,2018-12-27T00:06:53.220000Z,5.7,0
10,20181227T000718Z,['1J.TI3A.'],0.0,2018-12-27T00:07:18.740000Z,1.05,0
11,20181227T000726Z,['1J.TI3A.'],0.0,2018-12-27T00:07:26.760000Z,3.97,0
12,20181227T000753Z,['1J.TI4A.'],0.0,2018-12-27T00:07:53.660000Z,1.44,0
13,20181227T000813Z,['1J.TI4A.'],0.0,2018-12-27T00:08:13.280000Z,2.85,0
14,20181227T000821Z,['1J.TI3A.'],0.0,2018-12-27T00:08:21.560000Z,0.98,0
15,20181227T000828Z,['1J.TI4A.'],0.0,2018-12-27T00:08:28.530000Z,5.8,0
16,20181227T000853Z,['1J.TI3A.'],0.0,2018-12-27T00:08:53.540000Z,0.89,0
17,20181227T000924Z,['1J.TI3A.'],0.0,2018-12-27T00:09:24.500000Z,0.8,0
18,20181227T000942Z,['1J.TI4A.'],0.0,2018-12-27T00:09:42.100000Z,2.82,0
19,20181227T000955Z,['1J.TI3A.'],0.0,2018-12-27T00:09:55.490000Z,1.0,0
20,20181227T001004Z,['1J.TI4A.'],0.0,2018-12-27T00:10:04.960000Z,3.97,0
21,20181227T001100Z,['1J.TI3A.'],0.0,2018-12-27T00:11:00.390000Z,1.75,0
22,20181227T001105Z,['1J.TI4A.'],0.0,2018-12-27T00:11:05.990000Z,1.67,0
23,20181227T001153Z,['1J.TI4A.'],0.0,2018-12-27T00:11:53.500000Z,5.12,0
24,20181227T001206Z,['1J.TI3A.'],0.0,2018-12-27T00:12:06.600000Z,8.98,0
25,20181227T001239Z,['1J.TI4A.'],0.0,2018-12-27T00:12:39.480000Z,1.77,0
26,20181227T001312Z,['1J.TI3A.'],0.0,2018-12-27T00:13:12.170000Z,0.92,0
27,20181227T001324Z,"['1J.TI4A.', '1J.TI1A.']",0.0,2018-12-27T00:13:24.970000Z,13.67,0
28,20181227T001341Z,['1J.TI3A.'],0.0,2018-12-27T00:13:41.250000Z,0.62,0
29,20181227T001352Z,['1J.TI4A.'],0.0,2018-12-27T00:13:52.760000Z,1.64,0
30,20181227T001419Z,['1J.TI3A.'],0.0,2018-12-27T00:14:19.810000Z,1.13,0
31,20181227T001453Z,['1J.TI4A.'],0.0,2018-12-27T00:14:53.380000Z,2.94,0
32,20181227T001510Z,"['1J.TI4A.', '1J.TI7A.']",0.0,2018-12-27T00:15:10.170000Z,4.6,0
33,20181227T001536Z,['1J.TI3A.'],0.0,2018-12-27T00:15:36.350000Z,0.61,0
34,20181227T001614Z,['1J.TI3A.'],0.0,2018-12-27T00:16:14.600000Z,1.03,0
35,20181227T001655Z,['1J.TI3A.'],0.0,2018-12-27T00:16:55.400000Z,1.17,0
36,20181227T001657Z,['1J.TI4A.'],0.0,2018-12-27T00:16:57.200000Z,14.45,0
37,20181227T001738Z,['1J.TI3A.'],0.0,2018-12-27T00:17:38.820000Z,1.21,0
38,20181227T001801Z,['1J.TI4A.'],0.0,2018-12-27T00:18:01.880000Z,3.71,0
39,20181227T001824Z,['1J.TI3A.'],0.0,2018-12-27T00:18:24.250000Z,1.32,0
40,20181227T001844Z,['1J.TI4A.'],0.0,2018-12-27T00:18:44.100000Z,4.58,0
41,20181227T001900Z,"['1J.TI4A.', '1J.TI3A.']",0.0,2018-12-27T00:19:00.220000Z,13.33,0
42,20181227T001943Z,['1J.TI3A.'],0.0,2018-12-27T00:19:43.310000Z,1.44,0
43,20181227T002019Z,['1J.TI3A.'],0.0,2018-12-27T00:20:19.700000Z,0.95,0
44,20181227T002101Z,['1J.TI3A.'],0.0,2018-12-27T00:21:01.010000Z,1.22,0
45,20181227T002105Z,['1J.TI4A.'],0.0,2018-12-27T00:21:05.840000Z,1.39,0
46,20181227T002134Z,['1J.TI4A.'],0.0,2018-12-27T00:21:34.640000Z,4.2,0
47,20181227T002142Z,"['1J.TI3A.', '1J.TI4A.']",0.0,2018-12-27T00:21:42.670000Z,18.57,0
48,20181227T002212Z,['1J.TI4A.'],0.0,2018-12-27T00:22:12.270000Z,1.73,0
49,20181227T002226Z,"['1J.TI3A.', '1J.TI4A.']",0.0,2018-12-27T00:22:26.230000Z,15.52,0
50,20181227T002311Z,['1J.TI4A.'],0.0,2018-12-27T00:23:11.380000Z,4.1,0
51,20181227T002323Z,['1J.TI4A.'],0.0,2018-12-27T00:23:23.100000Z,12.66,0
52,20181227T002343Z,['1J.TI4A.'],0.0,2018-12-27T00:23:43.910000Z,5.21,0
53,20181227T002428Z,['1J.TI3A.'],0.0,2018-12-27T00:24:28.020000Z,1.47,0
54,20181227T002441Z,"['1J.TI3A.', '1J.TI4A.']",0.0,2018-12-27T00:24:41.820000Z,15.39,0
55,20181227T002555Z,"['1J.TI7A.', '1J.TI4A.']",0.0,2018-12-27T00:25:55.050000Z,6.71,0
56,20181227T002628Z,['1J.TI3A.'],0.0,2018-12-27T00:26:28.360000Z,1.11,0
57,20181227T002706Z,['1J.TI3A.'],0.0,2018-12-27T00:27:06.560000Z,1.01,0
58,20181227T002825Z,['1J.TI3A.'],0.0,2018-12-27T00:28:25.330000Z,0.84,0
59,20181227T002855Z,['1J.TI4A.'],0.0,2018-12-27T00:28:55.530000Z,5.67,0
60,20181227T002903Z,['1J.TI3A.'],0.0,2018-12-27T00:29:03.440000Z,2.05,0
61,20181227T002943Z,['1J.TI3A.'],0.0,2018-12-27T00:29:43.890000Z,1.0,0
62,20181227T002951Z,['1J.TI4A.'],0.0,2018-12-27T00:29:51.520000Z,1.64,0
63,20181227T003020Z,['1J.TI3A.'],0.0,2018-12-27T00:30:20.920000Z,0.76,0
64,20181227T003055Z,['1J.TI3A.'],0.0,2018-12-27T00:30:55.380000Z,0.78,0
65,20181227T003122Z,['1J.TI4A.'],0.0,2018-12-27T00:31:22.190000Z,6.95,0
66,20181227T003204Z,['1J.TI3A.'],0.0,2018-12-27T00:32:04.050000Z,0.72,0
67,20181227T003207Z,['1J.TI4A.'],0.0,2018-12-27T00:32:07.660000Z,11.23,0
68,20181227T003242Z,['1J.TI3A.'],0.0,2018-12-27T00:32:42.410000Z,1.02,0
69,20181227T003253Z,['1J.TI3A.'],0.0,2018-12-27T00:32:53.630000Z,18.6,0
70,20181227T003336Z,['1J.TI4A.'],0.0,2018-12-27T00:33:36.410000Z,5.21,0
71,20181227T003350Z,['1J.TI4A.'],0.0,2018-12-27T00:33:50.060000Z,11.78,0
72,20181227T003422Z,['1J.TI4A.'],0.0,2018-12-27T00:34:22.350000Z,7.28,0
73,20181227T003504Z,['1J.TI3A.'],0.0,2018-12-27T00:35:04.560000Z,9.91,0
74,20181227T003558Z,['1J.TI4A.'],0.0,2018-12-27T00:35:58.490000Z,3.99,0
75,20181227T003624Z,['1J.TI3A.'],0.0,2018-12-27T00:36:24.880000Z,6.81,0
76,20181227T003649Z,['1J.TI4A.'],0.0,2018-12-27T00:36:49.190000Z,1.71,0
77,20181227T003758Z,['1J.TI3A.'],0.0,2018-12-27T00:37:58.430000Z,0.86,0
78,20181227T003815Z,"['1J.TI3A.', '1J.TI8A.', '1J.TI4A.']",0.0,2018-12-27T00:38:15.270000Z,20.34,0
79,20181227T003845Z,['1J.TI3A.'],0.0,2018-12-27T00:38:45.650000Z,7.99,0
80,20181227T003940Z,['1J.TI4A.'],0.0,2018-12-27T00:39:40.610000Z,3.37,0
81,20181227T004010Z,['1J.TI3A.'],0.0,2018-12-27T00:40:10.060000Z,8.22,0
82,20181227T004037Z,['1J.TI3A.'],0.0,2018-12-27T00:40:37.620000Z,17.29,0
83,20181227T004154Z,['1J.TI4A.'],0.0,2018-12-27T00:41:54.770000Z,6.78,0
84,20181227T004216Z,['1J.TI3A.'],0.0,2018-12-27T00:42:16.200000Z,2.19,0
85,20181227T004225Z,['1J.TI4A.'],0.0,2018-12-27T00:42:25.300000Z,4.44,0
86,20181227T004235Z,['1J.TI4A.'],0.0,2018-12-27T00:42:35.670000Z,8.89,0
87,20181227T004335Z,['1J.TI4A.'],0.0,2018-12-27T00:43:35.860000Z,4.64,0
88,20181227T004351Z,['1J.TI4A.'],0.0,2018-12-27T00:43:51.060000Z,9.51,0
89,20181227T004413Z,['1J.TI4A.'],0.0,2018-12-27T00:44:13.570000Z,6.01,0
90,20181227T004459Z,['1J.TI3A.'],0.0,2018-12-27T00:44:59.260000Z,0.75,0
91,20181227T004530Z,['1J.TI7A.'],0.0,2018-12-27T00:45:30.740000Z,1.03,0
92,20181227T004550Z,['1J.TI3A.'],0.0,2018-12-27T00:45:50.490000Z,0.66,0
93,20181227T004637Z,['1J.TI4A.'],0.0,2018-12-27T00:46:37.390000Z,2.27,0
94,20181227T004645Z,['1J.TI3A.'],0.0,2018-12-27T00:46:45.970000Z,0.76,0
95,20181227T004704Z,['1J.TI4A.'],0.0,2018-12-27T00:47:04.270000Z,10.84,0
96,20181227T004749Z,['1J.TI4A.'],0.0,2018-12-27T00:47:49.800000Z,32.17,0
97,20181227T004831Z,"['1J.TI3A.', '1J.TI6A.']",0.0,2018-12-27T00:48:31.880000Z,30.96,0
98,20181227T004908Z,['1J.TI4A.'],0.0,2018-12-27T00:49:08.410000Z,1.94,0
99,20181227T004925Z,['1J.TI4A.'],0.0,2018-12-27T00:49:25.180000Z,1.27,0
100,20181227T004949Z,['1J.TI4A.'],0.0,2018-12-27T00:49:49.430000Z,1.37,0
101,20181227T005005Z,['1J.TI4A.'],0.0,2018-12-27T00:50:05.060000Z,6.28,0
102,20181227T005037Z,['1J.TI4A.'],0.0,2018-12-27T00:50:37.090000Z,5.72,0
103,20181227T005106Z,['1J.TI7A.'],0.0,2018-12-27T00:51:06.260000Z,2.34,0
104,20181227T005134Z,['1J.TI4A.'],0.0,2018-12-27T00:51:34.830000Z,4.37,0
105,20181227T005258Z,['1J.TI4A.'],0.0,2018-12-27T00:52:58.400000Z,1.77,0
106,20181227T005305Z,['1J.TI4A.'],0.0,2018-12-27T00:53:05.850000Z,4.61,0
107,20181227T005354Z,"['1J.TI4A.', '1J.TI3A.']",0.0,2018-12-27T00:53:54.200000Z,18.78,0
108,20181227T005511Z,['1J.TI4A.'],0.0,2018-12-27T00:55:11.150000Z,3.93,0
109,20181227T005532Z,['1J.TI3A.'],0.0,2018-12-27T00:55:32.620000Z,9.57,0
110,20181227T005749Z,"['1J.TI4A.', '1J.TI1A.']",0.0,2018-12-27T00:57:49.470000Z,33.06,0
111,20181227T005844Z,['1J.TI4A.'],0.0,2018-12-27T00:58:44.390000Z,2.93,0
112,20181227T005930Z,"['1J.TI3A.', '1J.TI4A.', '1J.TI7A.']",0.0,2018-12-27T00:59:30.320000Z,58.99,0
113,20181227T010123Z,['1J.TI4A.'],0.0,2018-12-27T01:01:23.480000Z,3.77,0
114,20181227T010202Z,['1J.TI4A.'],0.0,2018-12-27T01:02:02.310000Z,3.05,0
115,20181227T010333Z,['1J.TI3A.'],0.0,2018-12-27T01:03:33.470000Z,1.04,0
116,20181227T010535Z,['1J.TI3A.'],0.0,2018-12-27T01:05:35.980000Z,10.84,0
117,20181227T010548Z,['1J.TI4A.'],0.0,2018-12-27T01:05:48.990000Z,4.24,0
118,20181227T010748Z,['1J.TI4A.'],0.0,2018-12-27T01:07:48.090000Z,10.36,0
119,20181227T010814Z,"['1J.TI4A.', '1J.TI8A.', '1J.TI3A.']",0.0,2018-12-27T01:08:14.300000Z,17.3,0
120,20181227T010911Z,"['1J.TI3A.', '1J.TI4A.']",0.0,2018-12-27T01:09:11.550000Z,4.45,0
121,20181227T010939Z,['1J.TI3A.'],0.0,2018-12-27T01:09:39.610000Z,0.66,0
122,20181227T011015Z,['1J.TI4A.'],0.0,2018-12-27T01:10:15.580000Z,6.91,0
123,20181227T011055Z,['1J.TI4A.'],0.0,2018-12-27T01:10:55.660000Z,1.44,0
124,20181227T011118Z,['1J.TI3A.'],0.0,2018-12-27T01:11:18.100000Z,1.37,0
125,20181227T011213Z,['1J.TI3A.'],0.0,2018-12-27T01:12:13.520000Z,13.8,0
126,20181227T011236Z,['1J.TI4A.'],0.0,2018-12-27T01:12:36.420000Z,3.02,0
127,20181227T011254Z,['1J.TI3A.'],0.0,2018-12-27T01:12:54.760000Z,0.81,0
128,20181227T011256Z,"['1J.TI4A.', '1J.TI1A.', '1J.TI8A.']",0.0,2018-12-27T01:12:56.430000Z,5.91,0
129,20181227T011357Z,['1J.TI8A.'],0.0,2018-12-27T01:13:57.220000Z,2.37,0
130,20181227T011415Z,['1J.TI4A.'],0.0,2018-12-27T01:14:15.910000Z,3.18,0
131,20181227T011507Z,['1J.TI8A.'],0.0,2018-12-27T01:15:07.010000Z,1.74,0
132,20181227T011531Z,['1J.TI4A.'],0.0,2018-12-27T01:15:31.220000Z,2.71,0
133,20181227T011602Z,['1J.TI8A.'],0.0,2018-12-27T01:16:02.540000Z,1.98,0
134,20181227T011629Z,['1J.TI4A.'],0.0,2018-12-27T01:16:29.030000Z,11.44,0
135,20181227T011930Z,['1J.TI8A.'],0.0,2018-12-27T01:19:30.370000Z,2.5,0
136,20181227T012027Z,['1J.TI4A.'],0.0,2018-12-27T01:20:27.190000Z,9.03,0
137,20181227T012045Z,['1J.TI3A.'],0.0,2018-12-27T01:20:45.200000Z,18.46,0
138,20181227T012423Z,"['1J.TI8A.', '1J.TI3A.', '1J.TI4A.']",0.0,2018-12-27T01:24:23.750000Z,29.36,0
139,20181227T012607Z,"['1J.TI3A.', '1J.TI8A.', '1J.TI4A.']",0.0,2018-12-27T01:26:07.730000Z,22.51,0
140,20181227T012817Z,['1J.TI3A.'],0.0,2018-12-27T01:28:17.260000Z,6.69,0
141,20181227T012859Z,['1J.TI3A.'],0.0,2018-12-27T01:28:59.610000Z,1.05,0
142,20181227T013120Z,"['1J.TI4A.', '1J.TI8A.']",0.0,2018-12-27T01:31:20.310000Z,56.5,0
143,20181227T013239Z,"['1J.TI3A.', '1J.TI6A.']",0.0,2018-12-27T01:32:39.410000Z,20.14,0
144,20181227T013545Z,['1J.TI3A.'],0.0,2018-12-27T01:35:45.610000Z,1.08,0
145,20181227T013603Z,['1J.TI8A.'],0.0,2018-12-27T01:36:03.730000Z,18.24,0
146,20181227T013659Z,['1J.TI3A.'],0.0,2018-12-27T01:36:59.620000Z,1.79,0
147,20181227T013701Z,['1J.TI7A.'],0.0,2018-12-27T01:37:01.760000Z,1.08,0
148,20181227T013748Z,['1J.TI3A.'],0.0,2018-12-27T01:37:48.680000Z,1.56,0
149,20181227T013823Z,['1J.TI3A.'],0.0,2018-12-27T01:38:23.260000Z,1.54,0
150,20181227T013843Z,['1J.TI1A.'],0.0,2018-12-27T01:38:43.320000Z,8.01,0
151,20181227T013901Z,['1J.TI3A.'],0.0,2018-12-27T01:39:01.930000Z,1.31,0
152,20181227T013929Z,['1J.TI3A.'],0.0,2018-12-27T01:39:29.920000Z,17.33,0
153,20181227T014009Z,['1J.TI3A.'],0.0,2018-12-27T01:40:09.390000Z,0.68,0
154,20181227T014027Z,['1J.TI3A.'],0.0,2018-12-27T01:40:27.420000Z,17.48,0
155,20181227T014132Z,['1J.TI3A.'],0.0,2018-12-27T01:41:32.590000Z,1.12,0
156,20181227T014206Z,['1J.TI3A.'],0.0,2018-12-27T01:42:06.510000Z,0.93,0
157,20181227T014220Z,['1J.TI3A.'],0.0,2018-12-27T01:42:20.860000Z,9.59,0
158,20181227T014242Z,['1J.TI7A.'],0.0,2018-12-27T01:42:42.970000Z,1.49,0
159,20181227T014334Z,['1J.TI3A.'],0.0,2018-12-27T01:43:34.580000Z,1.64,0
160,20181227T014421Z,['1J.TI3A.'],0.0,2018-12-27T01:44:21.380000Z,6.04,0
161,20181227T014455Z,['1J.TI3A.'],0.0,2018-12-27T01:44:55.630000Z,1.04,0
162,20181227T014504Z,['1J.TI3A.'],0.0,2018-12-27T01:45:04.980000Z,1.77,0
163,20181227T014558Z,['1J.TI3A.'],0.0,2018-12-27T01:45:58.660000Z,2.01,0
164,20181227T014706Z,['1J.TI3A.'],0.0,2018-12-27T01:47:06.100000Z,5.4,0
165,20181227T014742Z,['1J.TI7A.'],0.0,2018-12-27T01:47:42.950000Z,5.79,0
166,20181227T014816Z,['1J.TI3A.'],0.0,2018-12-27T01:48:16.600000Z,2.29,0
167,20181227T014853Z,['1J.TI3A.'],0.0,2018-12-27T01:48:53.070000Z,1.65,0
168,20181227T014922Z,"['1J.TI1A.', '1J.TI4A.', '1J.TI3A.']",0.0,2018-12-27T01:49:22.480000Z,29.85,0
169,20181227T015023Z,['1J.TI3A.'],0.0,2018-12-27T01:50:23.120000Z,1.89,0
170,20181227T015032Z,"['1J.TI1A.', '1J.TI4A.', '1J.TI3A.']",0.0,2018-12-27T01:50:32.980000Z,18.31,0
171,20181227T015057Z,"['1J.TI3A.', '1J.TI1A.']",0.0,2018-12-27T01:50:57.760000Z,16.89,0
172,20181227T015143Z,"['1J.TI3A.', '1J.TI1A.']",0.0,2018-12-27T01:51:43.810000Z,1.91,0
173,20181227T015220Z,['1J.TI3A.'],0.0,2018-12-27T01:52:20.460000Z,1.53,0
174,20181227T015245Z,['1J.TI3A.'],0.0,2018-12-27T01:52:45.600000Z,12.91,0
175,20181227T015333Z,['1J.TI3A.'],0.0,2018-12-27T01:53:33.580000Z,1.13,0
176,20181227T015425Z,['1J.TI3A.'],0.0,2018-12-27T01:54:25.030000Z,2.13,0
177,20181227T015451Z,['1J.TI3A.'],0.0,2018-12-27T01:54:51.840000Z,20.83,0
178,20181227T015603Z,['1J.TI3A.'],0.0,2018-12-27T01:56:03.700000Z,1.23,0
179,20181227T015623Z,['1J.TI1A.'],0.0,2018-12-27T01:56:23.120000Z,1.02,0
180,20181227T015630Z,"['1J.TI7A.', '1J.TI3A.', '1J.TI8A.']",0.0,2018-12-27T01:56:30.780000Z,21.4,0
181,20181227T015708Z,['1J.TI3A.'],0.0,2018-12-27T01:57:08.230000Z,1.64,0
182,20181227T015805Z,['1J.TI3A.'],0.0,2018-12-27T01:58:05.670000Z,2.24,0
183,20181227T015847Z,['1J.TI7A.'],0.0,2018-12-27T01:58:47.330000Z,1.4,0
184,20181227T015849Z,['1J.TI3A.'],0.0,2018-12-27T01:58:49.530000Z,2.02,0
185,20181227T015936Z,['1J.TI3A.'],0.0,2018-12-27T01:59:36.440000Z,2.19,0
186,20181227T015954Z,['1J.TI7A.'],0.0,2018-12-27T01:59:54.890000Z,4.88,0
187,20181227T020004Z,['1J.TI6A.'],0.0,2018-12-27T02:00:04.190000Z,1.98,0
188,20181227T020033Z,['1J.TI3A.'],0.0,2018-12-27T02:00:33.110000Z,2.49,0
189,20181227T020122Z,['1J.TI3A.'],0.0,2018-12-27T02:01:22.680000Z,2.07,0
190,20181227T020202Z,['1J.TI3A.'],0.0,2018-12-27T02:02:02.640000Z,2.24,0
191,20181227T020308Z,['1J.TI3A.'],0.0,2018-12-27T02:03:08.360000Z,2.35,0
192,20181227T020358Z,"['1J.TI1A.', '1J.TI3A.']",0.0,2018-12-27T02:03:58.530000Z,9.36,0
193,20181227T020416Z,['1J.TI1A.'],0.0,2018-12-27T02:04:16.070000Z,6.05,0
194,20181227T020459Z,['1J.TI3A.'],0.0,2018-12-27T02:04:59.340000Z,26.63,0
195,20181227T020538Z,"['1J.TI3A.', '1J.TI8A.']",0.0,2018-12-27T02:05:38.140000Z,31.63,0
196,20181227T020700Z,['1J.TI3A.'],0.0,2018-12-27T02:07:00.940000Z,1.32,0
197,20181227T020751Z,['1J.TI3A.'],0.0,2018-12-27T02:07:51.510000Z,1.99,0
198,20181227T020810Z,['1J.TI3A.'],0.0,2018-12-27T02:08:10.120000Z,6.9,0
199,20181227T020832Z,['1J.TI7A.'],0.0,2018-12-27T02:08:32.450000Z,1.15,0
200,20181227T020844Z,['1J.TI3A.'],0.0,2018-12-27T02:08:44.950000Z,1.15,0
201,20181227T020940Z,['1J.TI3A.'],0.0,2018-12-27T02:09:40.940000Z,2.5,0
202,20181227T021017Z,['1J.TI3A.'],0.0,2018-12-27T02:10:17.730000Z,1.29,0
203,20181227T021059Z,['1J.TI3A.'],0.0,2018-12-27T02:10:59.490000Z,1.69,0
204,20181227T021143Z,['1J.TI3A.'],0.0,2018-12-27T02:11:43.460000Z,2.69,0
205,20181227T021226Z,['1J.TI3A.'],0.0,2018-12-27T02:12:26.790000Z,1.83,0
206,20181227T021331Z,['1J.TI3A.'],0.0,2018-12-27T02:13:31.460000Z,2.6,0
207,20181227T021415Z,['1J.TI3A.'],0.0,2018-12-27T02:14:15.250000Z,1.82,0
208,20181227T021501Z,"['1J.TI3A.', '1J.TI6A.', '1J.TI8A.']",0.0,2018-12-27T02:15:01.750000Z,23.69,0
209,20181227T021626Z,"['1J.TI4A.', '1J.TI3A.']",0.0,2018-12-27T02:16:26.420000Z,29.69,0
210,20181227T021730Z,['1J.TI3A.'],0.0,2018-12-27T02:17:30.580000Z,2.26,0
211,20181227T021808Z,['1J.TI3A.'],0.0,2018-12-27T02:18:08.970000Z,1.44,0
212,20181227T021826Z,['1J.TI3A.'],0.0,2018-12-27T02:18:26.190000Z,4.58,0
213,20181227T021857Z,['1J.TI3A.'],0.0,2018-12-27T02:18:57.400000Z,1.3,0
214,20181227T021939Z,['1J.TI3A.'],0.0,2018-12-27T02:19:39.350000Z,1.44,0
215,20181227T022013Z,['1J.TI3A.'],0.0,2018-12-27T02:20:13.540000Z,1.35,0
216,20181227T022048Z,['1J.TI3A.'],0.0,2018-12-27T02:20:48.720000Z,0.97,0
217,20181227T022140Z,['1J.TI3A.'],0.0,2018-12-27T02:21:40.390000Z,1.17,0
218,20181227T022151Z,['1J.TI3A.'],0.0,2018-12-27T02:21:51.690000Z,2.6,0
219,20181227T022203Z,['1J.TI3A.'],0.0,2018-12-27T02:22:03.270000Z,5.0,0
220,20181227T022226Z,['1J.TI3A.'],0.0,2018-12-27T02:22:26.060000Z,13.73,0
221,20181227T022310Z,['1J.TI3A.'],0.0,2018-12-27T02:23:10.550000Z,1.3,0
222,20181227T022359Z,['1J.TI3A.'],0.0,2018-12-27T02:23:59.460000Z,2.31,0
223,20181227T022450Z,['1J.TI3A.'],0.0,2018-12-27T02:24:50.050000Z,19.61,0
224,20181227T022518Z,"['1J.TI3A.', '1J.TI8A.']",0.0,2018-12-27T02:25:18.390000Z,21.52,0
225,20181227T022633Z,"['1J.TI3A.', '1J.TI6A.', '1J.TI8A.']",0.0,2018-12-27T02:26:33.500000Z,21.14,0
226,20181227T022700Z,['1J.TI7A.'],0.0,2018-12-27T02:27:00.120000Z,9.8,0
227,20181227T022804Z,"['1J.TI3A.', '1J.TI8A.']",0.0,2018-12-27T02:28:04.820000Z,8.14,0
228,20181227T022852Z,['1J.TI3A.'],0.0,2018-12-27T02:28:52.800000Z,7.94,0
229,20181227T023020Z,['1J.TI3A.'],0.0,2018-12-27T02:30:20.030000Z,3.06,0
230,20181227T023110Z,['1J.TI3A.'],0.0,2018-12-27T02:31:10.820000Z,1.32,0
231,20181227T023117Z,"['1J.TI1A.', '1J.TI4A.']",0.0,2018-12-27T02:31:17.110000Z,12.34,0
232,20181227T023201Z,['1J.TI3A.'],0.0,2018-12-27T02:32:01.700000Z,2.32,0
233,20181227T023212Z,['1J.TI8A.'],0.0,2018-12-27T02:32:12.550000Z,2.84,0
234,20181227T023254Z,['1J.TI3A.'],0.0,2018-12-27T02:32:54.500000Z,1.68,0
235,20181227T023341Z,['1J.TI3A.'],0.0,2018-12-27T02:33:41.780000Z,1.47,0
236,20181227T023412Z,['1J.TI3A.'],0.0,2018-12-27T02:34:12.810000Z,7.13,0
237,20181227T023436Z,['1J.TI3A.'],0.0,2018-12-27T02:34:36.140000Z,1.23,0
238,20181227T023509Z,['1J.TI3A.'],0.0,2018-12-27T02:35:09.390000Z,21.66,0
239,20181227T023624Z,['1J.TI3A.'],0.0,2018-12-27T02:36:24.660000Z,1.16,0
240,20181227T023718Z,['1J.TI3A.'],0.0,2018-12-27T02:37:18.160000Z,2.33,0
241,20181227T023802Z,['1J.TI3A.'],0.0,2018-12-27T02:38:02.400000Z,2.38,0
242,20181227T023858Z,['1J.TI3A.'],0.0,2018-12-27T02:38:58.380000Z,16.71,0
243,20181227T024000Z,['1J.TI3A.'],0.0,2018-12-27T02:40:00.620000Z,1.39,0
244,20181227T024052Z,['1J.TI3A.'],0.0,2018-12-27T02:40:52.040000Z,7.89,0
245,20181227T024138Z,"['1J.TI4A.', '1J.TI3A.']",0.0,2018-12-27T02:41:38.610000Z,9.77,0
246,20181227T024228Z,['1J.TI3A.'],0.0,2018-12-27T02:42:28.240000Z,2.58,0
247,20181227T024245Z,['1J.TI3A.'],0.0,2018-12-27T02:42:45.680000Z,11.4,0
248,20181227T024319Z,"['1J.TI4A.', '1J.TI3A.']",0.0,2018-12-27T02:43:19.780000Z,23.68,0
249,20181227T024418Z,['1J.TI3A.'],0.0,2018-12-27T02:44:18.090000Z,2.13,0
250,20181227T024510Z,['1J.TI3A.'],0.0,2018-12-27T02:45:10.860000Z,2.21,0
251,20181227T024552Z,['1J.TI8A.'],0.0,2018-12-27T02:45:52.070000Z,9.67,0
252,20181227T024606Z,['1J.TI3A.'],0.0,2018-12-27T02:46:06.230000Z,2.6,0
253,20181227T024639Z,['1J.TI3A.'],0.0,2018-12-27T02:46:39.000000Z,12.24,0
254,20181227T024747Z,['1J.TI3A.'],0.0,2018-12-27T02:47:47.130000Z,1.56,0
255,20181227T024814Z,['1J.TI3A.'],0.0,2018-12-27T02:48:14.280000Z,6.16,0
256,20181227T024843Z,['1J.TI3A.'],0.0,2018-12-27T02:48:43.550000Z,1.21,0
257,20181227T024932Z,['1J.TI3A.'],0.0,2018-12-27T02:49:32.540000Z,1.7,0
258,20181227T025027Z,['1J.TI3A.'],0.0,2018-12-27T02:50:27.580000Z,2.63,0
259,20181227T025121Z,['1J.TI3A.'],0.0,2018-12-27T02:51:21.650000Z,2.08,0
260,20181227T025131Z,['1J.TI4A.'],0.0,2018-12-27T02:51:31.990000Z,20.82,0
261,20181227T025210Z,['1J.TI3A.'],0.0,2018-12-27T02:52:10.100000Z,2.12,0
262,20181227T025245Z,['1J.TI3A.'],0.0,2018-12-27T02:52:45.810000Z,2.67,0
263,20181227T025303Z,['1J.TI3A.'],0.0,2018-12-27T02:53:03.080000Z,1.76,0
264,20181227T025349Z,"['1J.TI3A.', '1J.TI6A.', '1J.TI8A.', '1J.TI4A.']",0.0,2018-12-27T02:53:49.630000Z,25.67,0
265,20181227T025507Z,['1J.TI3A.'],0.0,2018-12-27T02:55:07.740000Z,1.17,0
266,20181227T025548Z,['1J.TI3A.'],0.0,2018-12-27T02:55:48.780000Z,1.47,0
267,20181227T025636Z,['1J.TI3A.'],0.0,2018-12-27T02:56:36.850000Z,1.84,0
268,20181227T025716Z,"['1J.TI3A.', '1J.TI7A.']",0.0,2018-12-27T02:57:16.760000Z,18.65,0
269,20181227T025821Z,['1J.TI3A.'],0.0,2018-12-27T02:58:21.630000Z,1.52,0
270,20181227T025903Z,['1J.TI3A.'],0.0,2018-12-27T02:59:03.360000Z,1.78,0
271,20181227T025953Z,['1J.TI3A.'],0.0,2018-12-27T02:59:53.630000Z,2.4,0
272,20181227T030047Z,['1J.TI3A.'],0.0,2018-12-27T03:00:47.710000Z,2.9,0
273,20181227T030140Z,['1J.TI3A.'],0.0,2018-12-27T03:01:40.840000Z,2.78,0
274,20181227T030158Z,['1J.TI4A.'],0.0,2018-12-27T03:01:58.740000Z,10.53,0
275,20181227T030230Z,['1J.TI3A.'],0.0,2018-12-27T03:02:30.640000Z,2.21,0
276,20181227T030320Z,['1J.TI3A.'],0.0,2018-12-27T03:03:20.420000Z,2.28,0
277,20181227T030441Z,['1J.TI3A.'],0.0,2018-12-27T03:04:41.740000Z,1.08,0
278,20181227T030526Z,['1J.TI3A.'],0.0,2018-12-27T03:05:26.720000Z,0.73,0
279,20181227T030605Z,['1J.TI3A.'],0.0,2018-12-27T03:06:05.400000Z,1.26,0
280,20181227T030618Z,['1J.TI3A.'],0.0,2018-12-27T03:06:18.350000Z,3.75,0
281,20181227T030655Z,['1J.TI3A.'],0.0,2018-12-27T03:06:55.480000Z,1.48,0
282,20181227T030738Z,['1J.TI3A.'],0.0,2018-12-27T03:07:38.360000Z,1.63,0
283,20181227T030812Z,"['1J.TI4A.', '1J.TI3A.']",0.0,2018-12-27T03:08:12.090000Z,8.72,0
284,20181227T030828Z,['1J.TI3A.'],0.0,2018-12-27T03:08:28.250000Z,21.63,0
285,20181227T030919Z,['1J.TI3A.'],0.0,2018-12-27T03:09:19.720000Z,15.5,0
286,20181227T031021Z,['1J.TI3A.'],0.0,2018-12-27T03:10:21.650000Z,1.17,0
287,20181227T031109Z,['1J.TI3A.'],0.0,2018-12-27T03:11:09.410000Z,1.59,0
288,20181227T031123Z,['1J.TI3A.'],0.0,2018-12-27T03:11:23.520000Z,6.8,0
289,20181227T031154Z,['1J.TI3A.'],0.0,2018-12-27T03:11:54.560000Z,0.9,0
290,20181227T031213Z,['1J.TI4A.'],0.0,2018-12-27T03:12:13.520000Z,14.48,0
291,20181227T031236Z,['1J.TI3A.'],0.0,2018-12-27T03:12:36.870000Z,1.34,0
292,20181227T031301Z,"['1J.TI4A.', '1J.TI3A.']",0.0,2018-12-27T03:13:01.220000Z,30.99,0
293,20181227T031357Z,['1J.TI3A.'],0.0,2018-12-27T03:13:57.230000Z,1.25,0
294,20181227T031434Z,['1J.TI3A.'],0.0,2018-12-27T03:14:34.230000Z,1.42,0
295,20181227T031512Z,['1J.TI3A.'],0.0,2018-12-27T03:15:12.810000Z,1.7,0
296,20181227T031515Z,['1J.TI4A.'],0.0,2018-12-27T03:15:15.020000Z,10.98,0
297,20181227T031551Z,['1J.TI3A.'],0.0,2018-12-27T03:15:51.160000Z,1.54,0
298,20181227T031630Z,['1J.TI3A.'],0.0,2018-12-27T03:16:30.200000Z,1.44,0
299,20181227T031653Z,"['1J.TI4A.', '1J.TI6A.']",0.0,2018-12-27T03:16:53.410000Z,5.8,0
300,20181227T031708Z,['1J.TI3A.'],0.0,2018-12-27T03:17:08.340000Z,1.41,0
301,20181227T031731Z,"['1J.TI4A.', '1J.TI3A.']",0.0,2018-12-27T03:17:31.060000Z,55.04,0
302,20181227T031905Z,['1J.TI3A.'],0.0,2018-12-27T03:19:05.630000Z,1.13,0
303,20181227T031951Z,['1J.TI3A.'],0.0,2018-12-27T03:19:51.230000Z,1.5,0
304,20181227T032030Z,['1J.TI3A.'],0.0,2018-12-27T03:20:30.030000Z,1.04,0
305,20181227T032056Z,['1J.TI3A.'],0.0,2018-12-27T03:20:56.120000Z,0.69,0
306,20181227T032143Z,['1J.TI3A.'],0.0,2018-12-27T03:21:43.510000Z,1.52,0
307,20181227T032212Z,['1J.TI3A.'],0.0,2018-12-27T03:22:12.690000Z,1.32,0
308,20181227T032259Z,['1J.TI3A.'],0.0,2018-12-27T03:22:59.110000Z,1.44,0
309,20181227T032341Z,['1J.TI3A.'],0.0,2018-12-27T03:23:41.510000Z,1.04,0
310,20181227T032411Z,['1J.TI3A.'],0.0,2018-12-27T03:24:11.520000Z,0.6,0
311,20181227T032439Z,['1J.TI3A.'],0.0,2018-12-27T03:24:39.820000Z,0.84,0
312,20181227T032532Z,['1J.TI3A.'],0.0,2018-12-27T03:25:32.750000Z,1.8,0
313,20181227T032609Z,"['1J.TI4A.', '1J.TI3A.']",0.0,2018-12-27T03:26:09.390000Z,32.97,0
314,20181227T032646Z,['1J.TI3A.'],0.0,2018-12-27T03:26:46.730000Z,17.99,0
315,20181227T032719Z,['1J.TI6A.'],0.0,2018-12-27T03:27:19.960000Z,1.0,0
316,20181227T032753Z,['1J.TI3A.'],0.0,2018-12-27T03:27:53.440000Z,1.0,0
317,20181227T032815Z,['1J.TI3A.'],0.0,2018-12-27T03:28:15.540000Z,4.83,0
318,20181227T032913Z,['1J.TI3A.'],0.0,2018-12-27T03:29:13.430000Z,3.66,0
319,20181227T032937Z,['1J.TI3A.'],0.0,2018-12-27T03:29:37.190000Z,20.61,0
320,20181227T033004Z,['1J.TI4A.'],0.0,2018-12-27T03:30:04.480000Z,1.53,0
321,20181227T033052Z,['1J.TI3A.'],0.0,2018-12-27T03:30:52.050000Z,0.62,0
322,20181227T033123Z,['1J.TI3A.'],0.0,2018-12-27T03:31:23.270000Z,1.33,0
323,20181227T033137Z,['1J.TI3A.'],0.0,2018-12-27T03:31:37.580000Z,0.64,0
324,20181227T033153Z,['1J.TI3A.'],0.0,2018-12-27T03:31:53.120000Z,13.07,0
325,20181227T033437Z,['1J.TI8A.'],0.0,2018-12-27T03:34:37.910000Z,7.95,0
326,20181227T033457Z,['1J.TI3A.'],0.0,2018-12-27T03:34:57.990000Z,0.99,0
327,20181227T033536Z,['1J.TI3A.'],0.0,2018-12-27T03:35:36.340000Z,1.53,0
328,20181227T033624Z,['1J.TI3A.'],0.0,2018-12-27T03:36:24.450000Z,1.24,0
329,20181227T033656Z,['1J.TI3A.'],0.0,2018-12-27T03:36:56.840000Z,1.01,0
330,20181227T033739Z,['1J.TI3A.'],0.0,2018-12-27T03:37:39.980000Z,0.66,0
331,20181227T033816Z,['1J.TI3A.'],0.0,2018-12-27T03:38:16.310000Z,1.03,0
332,20181227T033858Z,['1J.TI3A.'],0.0,2018-12-27T03:38:58.460000Z,1.22,0
333,20181227T033935Z,['1J.TI3A.'],0.0,2018-12-27T03:39:35.760000Z,36.07,0
334,20181227T034021Z,['1J.TI4A.'],0.0,2018-12-27T03:40:21.730000Z,6.8,0
335,20181227T034045Z,['1J.TI6A.'],0.0,2018-12-27T03:40:45.680000Z,1.02,0
336,20181227T034055Z,"['1J.TI4A.', '1J.TI3A.']",0.0,2018-12-27T03:40:55.250000Z,27.96,0
337,20181227T034209Z,['1J.TI6A.'],0.0,2018-12-27T03:42:09.560000Z,2.43,0
338,20181227T034222Z,"['1J.TI6A.', '1J.TI3A.']",0.0,2018-12-27T03:42:22.610000Z,6.98,0
339,20181227T034314Z,"['1J.TI4A.', '1J.TI6A.', '1J.TI3A.']",0.0,2018-12-27T03:43:14.130000Z,45.74,0
340,20181227T034413Z,['1J.TI6A.'],0.0,2018-12-27T03:44:13.660000Z,0.84,0
341,20181227T034418Z,['1J.TI4A.'],0.0,2018-12-27T03:44:18.380000Z,9.71,0
342,20181227T034434Z,['1J.TI6A.'],0.0,2018-12-27T03:44:34.150000Z,4.91,0
343,20181227T034527Z,['1J.TI3A.'],0.0,2018-12-27T03:45:27.910000Z,0.92,0
344,20181227T034552Z,['1J.TI6A.'],0.0,2018-12-27T03:45:52.880000Z,2.3,0
345,20181227T034602Z,['1J.TI6A.'],0.0,2018-12-27T03:46:02.340000Z,0.85,0
346,20181227T034604Z,['1J.TI3A.'],0.0,2018-12-27T03:46:04.300000Z,1.06,0
347,20181227T034642Z,['1J.TI3A.'],0.0,2018-12-27T03:46:42.350000Z,1.09,0
348,20181227T034716Z,['1J.TI3A.'],0.0,2018-12-27T03:47:16.870000Z,1.2,0
349,20181227T034747Z,['1J.TI3A.'],0.0,2018-12-27T03:47:47.970000Z,1.19,0
350,20181227T034753Z,['1J.TI6A.'],0.0,2018-12-27T03:47:53.260000Z,0.72,0
351,20181227T034818Z,['1J.TI3A.'],0.0,2018-12-27T03:48:18.380000Z,1.08,0
352,20181227T034844Z,['1J.TI3A.'],0.0,2018-12-27T03:48:44.230000Z,1.1,0
353,20181227T034910Z,['1J.TI8A.'],0.0,2018-12-27T03:49:10.290000Z,0.96,0
354,20181227T034920Z,['1J.TI3A.'],0.0,2018-12-27T03:49:20.180000Z,1.18,0
355,20181227T034932Z,['1J.TI6A.'],0.0,2018-12-27T03:49:32.390000Z,3.44,0
356,20181227T034951Z,['1J.TI3A.'],0.0,2018-12-27T03:49:51.320000Z,0.74,0
357,20181227T035014Z,"['1J.TI4A.', '1J.TI8A.']",0.0,2018-12-27T03:50:14.070000Z,6.29,0
358,20181227T035021Z,['1J.TI3A.'],0.0,2018-12-27T03:50:21.570000Z,0.9,0
359,20181227T035053Z,['1J.TI8A.'],0.0,2018-12-27T03:50:53.180000Z,0.69,0
360,20181227T035056Z,['1J.TI6A.'],0.0,2018-12-27T03:50:56.720000Z,4.61,0
361,20181227T035117Z,['1J.TI3A.'],0.0,2018-12-27T03:51:17.830000Z,0.97,0
362,20181227T035137Z,['1J.TI8A.'],0.0,2018-12-27T03:51:37.030000Z,0.67,0
363,20181227T035146Z,['1J.TI3A.'],0.0,2018-12-27T03:51:46.810000Z,0.91,0
364,20181227T035221Z,['1J.TI3A.'],0.0,2018-12-27T03:52:21.120000Z,0.91,0
365,20181227T035233Z,['1J.TI6A.'],0.0,2018-12-27T03:52:33.220000Z,3.03,0
366,20181227T035251Z,['1J.TI3A.'],0.0,2018-12-27T03:52:51.700000Z,0.74,0
367,20181227T035400Z,['1J.TI6A.'],0.0,2018-12-27T03:54:00.490000Z,7.19,0
368,20181227T035518Z,"['1J.TI1A.', '1J.TI3A.', '1J.TI6A.']",0.0,2018-12-27T03:55:18.250000Z,43.23,0
369,20181227T035615Z,['1J.TI3A.'],0.0,2018-12-27T03:56:15.840000Z,2.21,0
370,20181227T035720Z,['1J.TI6A.'],0.0,2018-12-27T03:57:20.960000Z,3.01,0
371,20181227T035835Z,"['1J.TI6A.', '1J.TI3A.', '1J.TI8A.']",0.0,2018-12-27T03:58:35.420000Z,21.63,0
372,20181227T040015Z,['1J.TI6A.'],0.0,2018-12-27T04:00:15.070000Z,2.6,0
373,20181227T040040Z,"['1J.TI3A.', '1J.TI6A.', '1J.TI8A.', '1J.TI1A.', '1J.TI4A.']",0.0,2018-12-27T04:00:40.680000Z,35.99,0
374,20181227T040151Z,['1J.TI6A.'],0.0,2018-12-27T04:01:51.980000Z,4.27,0
375,20181227T040337Z,['1J.TI6A.'],0.0,2018-12-27T04:03:37.840000Z,10.32,0
376,20181227T040506Z,"['1J.TI6A.', '1J.TI3A.']",0.0,2018-12-27T04:05:06.170000Z,31.34,0
377,20181227T040541Z,"['1J.TI3A.', '1J.TI6A.']",0.0,2018-12-27T04:05:41.880000Z,15.59,0
378,20181227T040654Z,['1J.TI6A.'],0.0,2018-12-27T04:06:54.540000Z,2.26,0
379,20181227T040832Z,['1J.TI6A.'],0.0,2018-12-27T04:08:32.030000Z,4.5,0
380,20181227T040925Z,"['1J.TI6A.', '1J.TI3A.']",0.0,2018-12-27T04:09:25.150000Z,59.27,0
381,20181227T041054Z,['1J.TI3A.'],0.0,2018-12-27T04:10:54.930000Z,2.39,0
382,20181227T041123Z,['1J.TI3A.'],0.0,2018-12-27T04:11:23.810000Z,16.08,0
383,20181227T041232Z,['1J.TI4A.'],0.0,2018-12-27T04:12:32.140000Z,2.54,0
384,20181227T041242Z,['1J.TI4A.'],0.0,2018-12-27T04:12:42.170000Z,2.23,0
385,20181227T041254Z,['1J.TI6A.'],0.0,2018-12-27T04:12:54.560000Z,0.69,0
386,20181227T041318Z,"['1J.TI4A.', '1J.TI8A.']",0.0,2018-12-27T04:13:18.700000Z,35.18,0
387,20181227T041501Z,['1J.TI3A.'],0.0,2018-12-27T04:15:01.320000Z,3.16,0
388,20181227T041515Z,['1J.TI3A.'],0.0,2018-12-27T04:15:15.850000Z,48.79,0
389,20181227T041634Z,['1J.TI4A.'],0.0,2018-12-27T04:16:34.960000Z,11.37,0
390,20181227T041812Z,['1J.TI3A.'],0.0,2018-12-27T04:18:12.620000Z,5.61,0
391,20181227T042012Z,['1J.TI8A.'],0.0,2018-12-27T04:20:12.410000Z,0.84,0
392,20181227T042051Z,"['1J.TI6A.', '1J.TI8A.']",0.0,2018-12-27T04:20:51.470000Z,16.32,0
393,20181227T042240Z,['1J.TI8A.'],0.0,2018-12-27T04:22:40.100000Z,1.5,0
394,20181227T042406Z,['1J.TI6A.'],0.0,2018-12-27T04:24:06.240000Z,1.02,0
395,20181227T042522Z,['1J.TI6A.'],0.0,2018-12-27T04:25:22.800000Z,1.26,0
396,20181227T042616Z,['1J.TI3A.'],0.0,2018-12-27T04:26:16.310000Z,6.89,0
397,20181227T042700Z,['1J.TI3A.'],0.0,2018-12-27T04:27:00.610000Z,11.23,0
398,20181227T042739Z,['1J.TI8A.'],0.0,2018-12-27T04:27:39.100000Z,1.36,0
399,20181227T042907Z,['1J.TI8A.'],0.0,2018-12-27T04:29:07.670000Z,1.33,0
400,20181227T043045Z,['1J.TI6A.'],0.0,2018-12-27T04:30:45.860000Z,2.47,0
401,20181227T043058Z,['1J.TI8A.'],0.0,2018-12-27T04:30:58.810000Z,0.75,0
402,20181227T043113Z,['1J.TI8A.'],0.0,2018-12-27T04:31:13.130000Z,1.77,0
403,20181227T043157Z,"['1J.TI3A.', '1J.TI6A.']",0.0,2018-12-27T04:31:57.500000Z,57.43,0
404,20181227T043514Z,"['1J.TI4A.', '1J.TI3A.']",0.0,2018-12-27T04:35:14.590000Z,16.38,0
405,20181227T043642Z,['1J.TI6A.'],0.0,2018-12-27T04:36:42.220000Z,2.16,0
406,20181227T043645Z,['1J.TI8A.'],0.0,2018-12-27T04:36:45.940000Z,0.79,0
407,20181227T043704Z,['1J.TI6A.'],0.0,2018-12-27T04:37:04.690000Z,19.66,0
408,20181227T043740Z,['1J.TI4A.'],0.0,2018-12-27T04:37:40.070000Z,4.16,0
409,20181227T043802Z,"['1J.TI3A.', '1J.TI8A.']",0.0,2018-12-27T04:38:02.370000Z,52.48,0
410,20181227T043910Z,"['1J.TI6A.', '1J.TI3A.', '1J.TI8A.', '1J.TI4A.']",0.0,2018-12-27T04:39:10.550000Z,27.51,0
411,20181227T043939Z,['1J.TI4A.'],0.0,2018-12-27T04:39:39.750000Z,13.94,0
412,20181227T044019Z,['1J.TI1A.'],0.0,2018-12-27T04:40:19.250000Z,1.58,0
413,20181227T044035Z,"['1J.TI3A.', '1J.TI8A.']",0.0,2018-12-27T04:40:35.300000Z,9.61,0
414,20181227T044136Z,['1J.TI3A.'],0.0,2018-12-27T04:41:36.990000Z,4.08,0
415,20181227T044229Z,['1J.TI3A.'],0.0,2018-12-27T04:42:29.600000Z,5.86,0
416,20181227T044246Z,['1J.TI7A.'],0.0,2018-12-27T04:42:46.900000Z,1.81,0
417,20181227T044554Z,['1J.TI3A.'],0.0,2018-12-27T04:45:54.300000Z,17.64,0
418,20181227T044634Z,['1J.TI4A.'],0.0,2018-12-27T04:46:34.070000Z,7.95,0
419,20181227T044709Z,['1J.TI3A.'],0.0,2018-12-27T04:47:09.970000Z,31.68,0
420,20181227T044812Z,['1J.TI3A.'],0.0,2018-12-27T04:48:12.470000Z,3.72,0
421,20181227T044907Z,['1J.TI3A.'],0.0,2018-12-27T04:49:07.960000Z,1.11,0
422,20181227T044947Z,['1J.TI3A.'],0.0,2018-12-27T04:49:47.170000Z,11.41,0
423,20181227T045106Z,['1J.TI3A.'],0.0,2018-12-27T04:51:06.590000Z,1.08,0
424,20181227T045138Z,['1J.TI3A.'],0.0,2018-12-27T04:51:38.890000Z,4.27,0
425,20181227T045152Z,['1J.TI3A.'],0.0,2018-12-27T04:51:52.070000Z,14.91,0
426,20181227T045226Z,['1J.TI8A.'],0.0,2018-12-27T04:52:26.070000Z,16.7,0
427,20181227T045317Z,['1J.TI3A.'],0.0,2018-12-27T04:53:17.790000Z,2.25,0
428,20181227T045415Z,['1J.TI3A.'],0.0,2018-12-27T04:54:15.800000Z,1.45,0
429,20181227T045417Z,['1J.TI4A.'],0.0,2018-12-27T04:54:17.890000Z,22.07,0
430,20181227T045542Z,['1J.TI8A.'],0.0,2018-12-27T04:55:42.390000Z,2.29,0
431,20181227T045602Z,['1J.TI3A.'],0.0,2018-12-27T04:56:02.020000Z,4.3,0
432,20181227T045619Z,['1J.TI3A.'],0.0,2018-12-27T04:56:19.840000Z,2.93,0
433,20181227T045644Z,['1J.TI3A.'],0.0,2018-12-27T04:56:44.070000Z,1.51,0
434,20181227T045733Z,"['1J.TI4A.', '1J.TI8A.']",0.0,2018-12-27T04:57:33.580000Z,34.36,0
435,20181227T045941Z,['1J.TI8A.'],0.0,2018-12-27T04:59:41.760000Z,1.71,0
436,20181227T045958Z,['1J.TI4A.'],0.0,2018-12-27T04:59:58.070000Z,5.21,0
437,20181227T050054Z,['1J.TI4A.'],0.0,2018-12-27T05:00:54.760000Z,10.92,0
438,20181227T050147Z,"['1J.TI3A.', '1J.TI4A.']",0.0,2018-12-27T05:01:47.730000Z,26.68,0
439,20181227T050256Z,['1J.TI4A.'],0.0,2018-12-27T05:02:56.210000Z,7.1,0
440,20181227T050320Z,['1J.TI4A.'],0.0,2018-12-27T05:03:20.360000Z,19.39,0
441,20181227T050353Z,['1J.TI1A.'],0.0,2018-12-27T05:03:53.190000Z,2.84,0
442,20181227T050444Z,['1J.TI4A.'],0.0,2018-12-27T05:04:44.690000Z,13.52,0
443,20181227T050614Z,['1J.TI3A.'],0.0,2018-12-27T05:06:14.300000Z,5.01,0
444,20181227T050655Z,['1J.TI4A.'],0.0,2018-12-27T05:06:55.140000Z,10.01,0
445,20181227T050759Z,['1J.TI3A.'],0.0,2018-12-27T05:07:59.340000Z,17.74,0
446,20181227T050907Z,['1J.TI7A.'],0.0,2018-12-27T05:09:07.320000Z,1.9,0
447,20181227T051015Z,"['1J.TI4A.', '1J.TI3A.', '1J.TI8A.']",0.0,2018-12-27T05:10:15.640000Z,59.28,0
448,20181227T051134Z,"['1J.TI8A.', '1J.TI6A.']",0.0,2018-12-27T05:11:34.960000Z,17.49,0
449,20181227T051206Z,['1J.TI1A.'],0.0,2018-12-27T05:12:06.410000Z,7.08,0
450,20181227T051253Z,['1J.TI8A.'],0.0,2018-12-27T05:12:53.570000Z,1.39,0
451,20181227T051342Z,['1J.TI4A.'],0.0,2018-12-27T05:13:42.150000Z,13.09,0
452,20181227T051429Z,['1J.TI4A.'],0.0,2018-12-27T05:14:29.850000Z,30.51,0
453,20181227T051537Z,"['1J.TI3A.', '1J.TI4A.']",0.0,2018-12-27T05:15:37.990000Z,16.22,0
454,20181227T051642Z,['1J.TI3A.'],0.0,2018-12-27T05:16:42.150000Z,16.93,0
455,20181227T051703Z,['1J.TI4A.'],0.0,2018-12-27T05:17:03.130000Z,1.62,0
456,20181227T051746Z,['1J.TI4A.'],0.0,2018-12-27T05:17:46.340000Z,6.22,0
457,20181227T051803Z,['1J.TI4A.'],0.0,2018-12-27T05:18:03.890000Z,18.65,0
458,20181227T051832Z,['1J.TI4A.'],0.0,2018-12-27T05:18:32.700000Z,13.33,0
459,20181227T051929Z,['1J.TI4A.'],0.0,2018-12-27T05:19:29.870000Z,30.5,0
460,20181227T052030Z,['1J.TI4A.'],0.0,2018-12-27T05:20:30.240000Z,12.46,0
461,20181227T052158Z,['1J.TI4A.'],0.0,2018-12-27T05:21:58.620000Z,20.47,0
462,20181227T052304Z,"['1J.TI3A.', '1J.TI4A.']",0.0,2018-12-27T05:23:04.660000Z,58.12,0
463,20181227T052405Z,['1J.TI8A.'],0.0,2018-12-27T05:24:05.240000Z,1.77,0
464,20181227T052458Z,"['1J.TI3A.', '1J.TI4A.']",0.0,2018-12-27T05:24:58.550000Z,21.66,0
465,20181227T052635Z,['1J.TI3A.'],0.0,2018-12-27T05:26:35.000000Z,1.04,0
466,20181227T052657Z,['1J.TI4A.'],0.0,2018-12-27T05:26:57.290000Z,8.61,0
467,20181227T052752Z,['1J.TI3A.'],0.0,2018-12-27T05:27:52.640000Z,1.12,0
468,20181227T052826Z,['1J.TI8A.'],0.0,2018-12-27T05:28:26.830000Z,16.75,0
469,20181227T052846Z,['1J.TI3A.'],0.0,2018-12-27T05:28:46.090000Z,1.36,0
470,20181227T052902Z,['1J.TI4A.'],0.0,2018-12-27T05:29:02.000000Z,15.67,0
471,20181227T052930Z,['1J.TI3A.'],0.0,2018-12-27T05:29:30.680000Z,1.31,0
472,20181227T053007Z,['1J.TI3A.'],0.0,2018-12-27T05:30:07.490000Z,1.07,0
473,20181227T053017Z,['1J.TI7A.'],0.0,2018-12-27T05:30:17.210000Z,1.36,0
474,20181227T053021Z,['1J.TI3A.'],0.0,2018-12-27T05:30:21.760000Z,8.39,0
475,20181227T053119Z,['1J.TI3A.'],0.0,2018-12-27T05:31:19.590000Z,1.7,0
476,20181227T053149Z,['1J.TI3A.'],0.0,2018-12-27T05:31:49.750000Z,1.19,0
477,20181227T053219Z,['1J.TI3A.'],0.0,2018-12-27T05:32:19.820000Z,1.53,0
478,20181227T053250Z,['1J.TI3A.'],0.0,2018-12-27T05:32:50.290000Z,1.21,0
479,20181227T053256Z,['1J.TI7A.'],0.0,2018-12-27T05:32:56.800000Z,2.32,0
480,20181227T053322Z,['1J.TI3A.'],0.0,2018-12-27T05:33:22.770000Z,3.71,0
481,20181227T053355Z,['1J.TI3A.'],0.0,2018-12-27T05:33:55.060000Z,1.11,0
482,20181227T053410Z,"['1J.TI8A.', '1J.TI4A.', '1J.TI6A.', '1J.TI3A.']",0.0,2018-12-27T05:34:10.290000Z,18.82,0
483,20181227T053454Z,['1J.TI3A.'],0.0,2018-12-27T05:34:54.850000Z,1.52,0
484,20181227T053521Z,['1J.TI3A.'],0.0,2018-12-27T05:35:21.470000Z,1.13,0
485,20181227T053548Z,['1J.TI3A.'],0.0,2018-12-27T05:35:48.450000Z,1.33,0
486,20181227T053619Z,['1J.TI3A.'],0.0,2018-12-27T05:36:19.530000Z,1.09,0
487,20181227T053703Z,['1J.TI3A.'],0.0,2018-12-27T05:37:03.180000Z,2.06,0
488,20181227T053734Z,['1J.TI3A.'],0.0,2018-12-27T05:37:34.530000Z,1.09,0
489,20181227T053747Z,['1J.TI3A.'],0.0,2018-12-27T05:37:47.330000Z,18.69,0
490,20181227T053831Z,['1J.TI3A.'],0.0,2018-12-27T05:38:31.620000Z,7.73,0
491,20181227T053845Z,['1J.TI4A.'],0.0,2018-12-27T05:38:45.240000Z,10.58,0
492,20181227T053859Z,['1J.TI6A.'],0.0,2018-12-27T05:38:59.410000Z,1.04,0
493,20181227T053930Z,['1J.TI3A.'],0.0,2018-12-27T05:39:30.020000Z,0.76,0
494,20181227T053938Z,['1J.TI1A.'],0.0,2018-12-27T05:39:38.610000Z,2.49,0
495,20181227T054029Z,['1J.TI3A.'],0.0,2018-12-27T05:40:29.220000Z,0.92,0
496,20181227T054114Z,['1J.TI3A.'],0.0,2018-12-27T05:41:14.550000Z,1.69,0
497,20181227T054117Z,['1J.TI7A.'],0.0,2018-12-27T05:41:17.470000Z,3.11,0
498,20181227T054126Z,['1J.TI4A.'],0.0,2018-12-27T05:41:26.620000Z,9.42,0
499,20181227T054204Z,['1J.TI3A.'],0.0,2018-12-27T05:42:04.810000Z,4.02,0
500,20181227T054257Z,['1J.TI3A.'],0.0,2018-12-27T05:42:57.110000Z,0.9,0
501,20181227T054324Z,['1J.TI3A.'],0.0,2018-12-27T05:43:24.010000Z,1.11,0
502,20181227T054409Z,['1J.TI3A.'],0.0,2018-12-27T05:44:09.600000Z,16.98,0
503,20181227T054546Z,"['1J.TI3A.', '1J.TI4A.', '1J.TI1A.']",0.0,2018-12-27T05:45:46.270000Z,12.24,0
504,20181227T054619Z,['1J.TI3A.'],0.0,2018-12-27T05:46:19.240000Z,18.13,0
505,20181227T054717Z,['1J.TI3A.'],0.0,2018-12-27T05:47:17.270000Z,0.75,0
506,20181227T054805Z,['1J.TI4A.'],0.0,2018-12-27T05:48:05.020000Z,2.47,0
507,20181227T054903Z,['1J.TI3A.'],0.0,2018-12-27T05:49:03.680000Z,0.99,0
508,20181227T054927Z,"['1J.TI4A.', '1J.TI3A.']",0.0,2018-12-27T05:49:27.330000Z,10.6,0
509,20181227T054946Z,"['1J.TI3A.', '1J.TI8A.']",0.0,2018-12-27T05:49:46.760000Z,20.79,0
510,20181227T055056Z,"['1J.TI4A.', '1J.TI3A.']",0.0,2018-12-27T05:50:56.740000Z,36.19,0
511,20181227T055220Z,['1J.TI3A.'],0.0,2018-12-27T05:52:20.980000Z,0.99,0
512,20181227T055223Z,['1J.TI4A.'],0.0,2018-12-27T05:52:23.890000Z,2.34,0
513,20181227T055248Z,['1J.TI3A.'],0.0,2018-12-27T05:52:48.140000Z,1.16,0
514,20181227T055305Z,"['1J.TI4A.', '1J.TI3A.']",0.0,2018-12-27T05:53:05.750000Z,24.62,0
515,20181227T055333Z,"['1J.TI3A.', '1J.TI8A.']",0.0,2018-12-27T05:53:33.830000Z,70.37,0
516,20181227T055555Z,['1J.TI7A.'],0.0,2018-12-27T05:55:55.120000Z,3.19,0
517,20181227T055619Z,['1J.TI3A.'],0.0,2018-12-27T05:56:19.120000Z,0.86,0
518,20181227T055650Z,['1J.TI3A.'],0.0,2018-12-27T05:56:50.000000Z,1.09,0
519,20181227T055717Z,['1J.TI3A.'],0.0,2018-12-27T05:57:17.120000Z,1.21,0
520,20181227T055750Z,['1J.TI3A.'],0.0,2018-12-27T05:57:50.220000Z,0.88,0
521,20181227T055840Z,['1J.TI3A.'],0.0,2018-12-27T05:58:40.530000Z,0.83,0
522,20181227T055850Z,['1J.TI7A.'],0.0,2018-12-27T05:58:50.350000Z,7.19,0
523,20181227T055904Z,['1J.TI3A.'],0.0,2018-12-27T05:59:04.520000Z,0.8,0
524,20181227T055927Z,['1J.TI3A.'],0.0,2018-12-27T05:59:27.000000Z,0.92,0
525,20181227T060008Z,['1J.TI3A.'],0.0,2018-12-27T06:00:08.120000Z,16.61,0
526,20181227T060113Z,['1J.TI3A.'],0.0,2018-12-27T06:01:13.160000Z,0.88,0
527,20181227T060150Z,['1J.TI3A.'],0.0,2018-12-27T06:01:50.520000Z,0.89,0
528,20181227T060225Z,['1J.TI3A.'],0.0,2018-12-27T06:02:25.370000Z,1.31,0
529,20181227T060251Z,['1J.TI3A.'],0.0,2018-12-27T06:02:51.580000Z,0.84,0
530,20181227T060320Z,['1J.TI3A.'],0.0,2018-12-27T06:03:20.640000Z,0.88,0
531,20181227T060345Z,['1J.TI1A.'],0.0,2018-12-27T06:03:45.940000Z,2.77,0
532,20181227T060351Z,['1J.TI3A.'],0.0,2018-12-27T06:03:51.790000Z,17.53,0
533,20181227T060429Z,"['1J.TI7A.', '1J.TI4A.', '1J.TI3A.', '1J.TI8A.']",0.0,2018-12-27T06:04:29.500000Z,79.35,0
534,20181227T060555Z,"['1J.TI1A.', '1J.TI3A.']",0.0,2018-12-27T06:05:55.370000Z,19.98,0
535,20181227T060653Z,['1J.TI3A.'],0.0,2018-12-27T06:06:53.240000Z,0.96,0
536,20181227T060720Z,['1J.TI3A.'],0.0,2018-12-27T06:07:20.850000Z,0.9,0
537,20181227T060729Z,['1J.TI4A.'],0.0,2018-12-27T06:07:29.310000Z,3.4,0
538,20181227T060746Z,['1J.TI3A.'],0.0,2018-12-27T06:07:46.770000Z,1.31,0
539,20181227T060759Z,"['1J.TI1A.', '1J.TI4A.', '1J.TI3A.']",0.0,2018-12-27T06:07:59.300000Z,17.96,0
540,20181227T060823Z,['1J.TI3A.'],0.0,2018-12-27T06:08:23.640000Z,17.83,0
541,20181227T060846Z,['1J.TI1A.'],0.0,2018-12-27T06:08:46.750000Z,1.22,0
542,20181227T060945Z,['1J.TI3A.'],0.0,2018-12-27T06:09:45.610000Z,0.84,0
543,20181227T061011Z,['1J.TI3A.'],0.0,2018-12-27T06:10:11.120000Z,0.87,0
544,20181227T061017Z,"['1J.TI1A.', '1J.TI3A.']",0.0,2018-12-27T06:10:17.290000Z,35.33,0
545,20181227T061136Z,['1J.TI3A.'],0.0,2018-12-27T06:11:36.860000Z,21.01,0
546,20181227T061245Z,['1J.TI4A.'],0.0,2018-12-27T06:12:45.500000Z,2.75,0
547,20181227T061258Z,"['1J.TI4A.', '1J.TI1A.']",0.0,2018-12-27T06:12:58.190000Z,33.68,0
548,20181227T061334Z,['1J.TI3A.'],0.0,2018-12-27T06:13:34.480000Z,0.6,0
549,20181227T061346Z,"['1J.TI1A.', '1J.TI8A.', '1J.TI3A.']",0.0,2018-12-27T06:13:46.400000Z,18.28,0
550,20181227T061405Z,['1J.TI3A.'],0.0,2018-12-27T06:14:05.590000Z,2.62,0
551,20181227T061450Z,['1J.TI3A.'],0.0,2018-12-27T06:14:50.400000Z,0.78,0
552,20181227T061508Z,['1J.TI7A.'],0.0,2018-12-27T06:15:08.660000Z,0.75,0
553,20181227T061518Z,['1J.TI3A.'],0.0,2018-12-27T06:15:18.250000Z,1.69,0
554,20181227T061521Z,['1J.TI4A.'],0.0,2018-12-27T06:15:21.100000Z,10.8,0
555,20181227T061608Z,['1J.TI3A.'],0.0,2018-12-27T06:16:08.330000Z,1.12,0
556,20181227T061723Z,['1J.TI3A.'],0.0,2018-12-27T06:17:23.020000Z,15.77,0
557,20181227T061752Z,['1J.TI1A.'],0.0,2018-12-27T06:17:52.150000Z,6.29,0
558,20181227T061807Z,['1J.TI3A.'],0.0,2018-12-27T06:18:07.490000Z,6.03,0
559,20181227T061835Z,['1J.TI1A.'],0.0,2018-12-27T06:18:35.300000Z,1.77,0
560,20181227T061903Z,['1J.TI1A.'],0.0,2018-12-27T06:19:03.980000Z,1.31,0
561,20181227T061932Z,['1J.TI3A.'],0.0,2018-12-27T06:19:32.030000Z,0.73,0
562,20181227T061945Z,['1J.TI1A.'],0.0,2018-12-27T06:19:45.580000Z,3.4,0
563,20181227T061954Z,"['1J.TI1A.', '1J.TI3A.']",0.0,2018-12-27T06:19:54.990000Z,9.51,0
564,20181227T062005Z,['1J.TI4A.'],0.0,2018-12-27T06:20:05.790000Z,8.75,0
565,20181227T062026Z,"['1J.TI4A.', '1J.TI3A.', '1J.TI1A.']",0.0,2018-12-27T06:20:26.250000Z,41.46,0
566,20181227T062132Z,['1J.TI3A.'],0.0,2018-12-27T06:21:32.530000Z,1.68,0
567,20181227T062210Z,"['1J.TI3A.', '1J.TI6A.', '1J.TI8A.', '1J.TI1A.']",0.0,2018-12-27T06:22:10.430000Z,70.49,0
568,20181227T062432Z,['1J.TI3A.'],0.0,2018-12-27T06:24:32.140000Z,1.28,0
569,20181227T062523Z,['1J.TI3A.'],0.0,2018-12-27T06:25:23.710000Z,1.13,0
570,20181227T062556Z,['1J.TI1A.'],0.0,2018-12-27T06:25:56.120000Z,4.15,0
571,20181227T062604Z,['1J.TI6A.'],0.0,2018-12-27T06:26:04.960000Z,0.74,0
572,20181227T062617Z,['1J.TI3A.'],0.0,2018-12-27T06:26:17.790000Z,1.65,0
573,20181227T062632Z,['1J.TI3A.'],0.0,2018-12-27T06:26:32.720000Z,7.75,0
574,20181227T062711Z,['1J.TI3A.'],0.0,2018-12-27T06:27:11.740000Z,5.86,0
575,20181227T062742Z,['1J.TI3A.'],0.0,2018-12-27T06:27:42.230000Z,15.85,0
576,20181227T062803Z,['1J.TI7A.'],0.0,2018-12-27T06:28:03.400000Z,16.79,0
577,20181227T062836Z,['1J.TI3A.'],0.0,2018-12-27T06:28:36.400000Z,5.04,0
578,20181227T062849Z,['1J.TI1A.'],0.0,2018-12-27T06:28:49.730000Z,14.96,0
579,20181227T062920Z,['1J.TI7A.'],0.0,2018-12-27T06:29:20.050000Z,1.34,0
580,20181227T063010Z,['1J.TI1A.'],0.0,2018-12-27T06:30:10.180000Z,1.7,0
581,20181227T063021Z,['1J.TI7A.'],0.0,2018-12-27T06:30:21.500000Z,5.38,0
582,20181227T063035Z,['1J.TI4A.'],0.0,2018-12-27T06:30:35.130000Z,18.07,0
583,20181227T063409Z,['1J.TI1A.'],0.0,2018-12-27T06:34:09.010000Z,4.27,0
584,20181227T063435Z,['1J.TI3A.'],0.0,2018-12-27T06:34:35.740000Z,0.58,0
585,20181227T063452Z,['1J.TI3A.'],0.0,2018-12-27T06:34:52.150000Z,5.41,0
586,20181227T063508Z,['1J.TI7A.'],0.0,2018-12-27T06:35:08.660000Z,4.44,0
587,20181227T063601Z,['1J.TI1A.'],0.0,2018-12-27T06:36:01.630000Z,0.7,0
588,20181227T063607Z,"['1J.TI1A.', '1J.TI4A.']",0.0,2018-12-27T06:36:07.340000Z,11.96,0
589,20181227T063716Z,"['1J.TI3A.', '1J.TI1A.', '1J.TI8A.']",0.0,2018-12-27T06:37:16.390000Z,12.79,0
590,20181227T063737Z,['1J.TI7A.'],0.0,2018-12-27T06:37:37.420000Z,12.28,0
591,20181227T063926Z,['1J.TI3A.'],0.0,2018-12-27T06:39:26.080000Z,4.54,0
592,20181227T064032Z,"['1J.TI8A.', '1J.TI3A.']",0.0,2018-12-27T06:40:32.340000Z,9.28,0
593,20181227T064134Z,"['1J.TI1A.', '1J.TI4A.', '1J.TI8A.']",0.0,2018-12-27T06:41:34.400000Z,23.81,0
594,20181227T064304Z,"['1J.TI1A.', '1J.TI3A.']",0.0,2018-12-27T06:43:04.840000Z,23.15,0
595,20181227T064348Z,['1J.TI3A.'],0.0,2018-12-27T06:43:48.340000Z,0.64,0
596,20181227T064349Z,['1J.TI1A.'],0.0,2018-12-27T06:43:49.520000Z,12.64,0
597,20181227T064507Z,['1J.TI3A.'],0.0,2018-12-27T06:45:07.730000Z,1.02,0
598,20181227T064524Z,['1J.TI7A.'],0.0,2018-12-27T06:45:24.090000Z,4.12,0
599,20181227T064603Z,['1J.TI3A.'],0.0,2018-12-27T06:46:03.510000Z,0.95,0
600,20181227T064626Z,['1J.TI3A.'],0.0,2018-12-27T06:46:26.150000Z,32.0,0
601,20181227T064709Z,['1J.TI4A.'],0.0,2018-12-27T06:47:09.030000Z,7.74,0
602,20181227T064717Z,['1J.TI3A.'],0.0,2018-12-27T06:47:17.100000Z,15.89,0
603,20181227T064835Z,"['1J.TI7A.', '1J.TI1A.']",0.0,2018-12-27T06:48:35.620000Z,7.09,0
604,20181227T064857Z,"['1J.TI1A.', '1J.TI3A.']",0.0,2018-12-27T06:48:57.280000Z,41.54,0
605,20181227T065024Z,"['1J.TI7A.', '1J.TI1A.']",0.0,2018-12-27T06:50:24.130000Z,14.55,0
606,20181227T065514Z,['1J.TI8A.'],0.0,2018-12-27T06:55:14.370000Z,1.48,0
607,20181227T065527Z,"['1J.TI7A.', '1J.TI8A.']",0.0,2018-12-27T06:55:27.280000Z,9.81,0
608,20181227T065634Z,['1J.TI3A.'],0.0,2018-12-27T06:56:34.440000Z,0.98,0
609,20181227T065652Z,"['1J.TI3A.', '1J.TI8A.']",0.0,2018-12-27T06:56:52.280000Z,18.32,0
610,20181227T065716Z,['1J.TI1A.'],0.0,2018-12-27T06:57:16.250000Z,0.91,0
611,20181227T065749Z,['1J.TI3A.'],0.0,2018-12-27T06:57:49.710000Z,1.95,0
612,20181227T065834Z,['1J.TI7A.'],0.0,2018-12-27T06:58:34.700000Z,9.47,0
613,20181227T065851Z,['1J.TI6A.'],0.0,2018-12-27T06:58:51.520000Z,0.81,0
614,20181227T065853Z,['1J.TI8A.'],0.0,2018-12-27T06:58:53.430000Z,8.15,0
615,20181227T070113Z,['1J.TI8A.'],0.0,2018-12-27T07:01:13.530000Z,17.65,0
616,20181227T070240Z,['1J.TI8A.'],0.0,2018-12-27T07:02:40.410000Z,1.39,0
617,20181227T070403Z,"['1J.TI3A.', '1J.TI7A.']",0.0,2018-12-27T07:04:03.670000Z,12.61,0
618,20181227T070508Z,"['1J.TI6A.', '1J.TI8A.']",0.0,2018-12-27T07:05:08.580000Z,13.23,0
619,20181227T070532Z,"['1J.TI3A.', '1J.TI8A.']",0.0,2018-12-27T07:05:32.590000Z,12.62,0
620,20181227T070626Z,['1J.TI1A.'],0.0,2018-12-27T07:06:26.630000Z,1.59,0
621,20181227T070741Z,['1J.TI1A.'],0.0,2018-12-27T07:07:41.630000Z,3.12,0
622,20181227T070924Z,['1J.TI4A.'],0.0,2018-12-27T07:09:24.560000Z,7.53,0
623,20181227T071053Z,['1J.TI7A.'],0.0,2018-12-27T07:10:53.220000Z,17.5,0
624,20181227T071253Z,"['1J.TI8A.', '1J.TI4A.', '1J.TI7A.']",0.0,2018-12-27T07:12:53.820000Z,11.41,0
625,20181227T071316Z,"['1J.TI4A.', '1J.TI1A.']",0.0,2018-12-27T07:13:16.070000Z,42.21,0
626,20181227T071503Z,['1J.TI8A.'],0.0,2018-12-27T07:15:03.320000Z,6.08,0
627,20181227T071612Z,['1J.TI7A.'],0.0,2018-12-27T07:16:12.820000Z,4.71,0
628,20181227T071622Z,['1J.TI1A.'],0.0,2018-12-27T07:16:22.260000Z,1.38,0
629,20181227T071640Z,['1J.TI7A.'],0.0,2018-12-27T07:16:40.600000Z,1.71,0
630,20181227T071901Z,['1J.TI6A.'],0.0,2018-12-27T07:19:01.100000Z,1.54,0
631,20181227T071940Z,['1J.TI1A.'],0.0,2018-12-27T07:19:40.020000Z,2.57,0
632,20181227T072004Z,"['1J.TI4A.', '1J.TI8A.', '1J.TI3A.', '1J.TI6A.', '1J.TI7A.']",0.0,2018-12-27T07:20:04.360000Z,60.19,0
633,20181227T072135Z,['1J.TI7A.'],0.0,2018-12-27T07:21:35.180000Z,1.31,0
634,20181227T072303Z,"['1J.TI7A.', '1J.TI8A.']",0.0,2018-12-27T07:23:03.820000Z,19.09,0
635,20181227T072410Z,['1J.TI4A.'],0.0,2018-12-27T07:24:10.300000Z,1.78,0
636,20181227T072441Z,['1J.TI6A.'],0.0,2018-12-27T07:24:41.900000Z,3.42,0
637,20181227T072504Z,['1J.TI4A.'],0.0,2018-12-27T07:25:04.630000Z,5.25,0
638,20181227T072638Z,"['1J.TI8A.', '1J.TI4A.', '1J.TI3A.', '1J.TI6A.']",0.0,2018-12-27T07:26:38.150000Z,20.41,0
639,20181227T072756Z,"['1J.TI6A.', '1J.TI4A.']",0.0,2018-12-27T07:27:56.120000Z,4.47,0
640,20181227T072801Z,['1J.TI3A.'],0.0,2018-12-27T07:28:01.210000Z,0.6,0
641,20181227T072818Z,"['1J.TI3A.', '1J.TI8A.']",0.0,2018-12-27T07:28:18.790000Z,8.56,0
642,20181227T072848Z,['1J.TI8A.'],0.0,2018-12-27T07:28:48.410000Z,0.94,0
643,20181227T072953Z,['1J.TI6A.'],0.0,2018-12-27T07:29:53.020000Z,4.08,0
644,20181227T073024Z,['1J.TI7A.'],0.0,2018-12-27T07:30:24.470000Z,17.36,0
645,20181227T073120Z,['1J.TI3A.'],0.0,2018-12-27T07:31:20.160000Z,0.67,0
646,20181227T073126Z,"['1J.TI8A.', '1J.TI6A.']",0.0,2018-12-27T07:31:26.190000Z,4.21,0
647,20181227T073139Z,['1J.TI8A.'],0.0,2018-12-27T07:31:39.070000Z,0.63,0
648,20181227T073214Z,"['1J.TI6A.', '1J.TI4A.']",0.0,2018-12-27T07:32:14.130000Z,55.31,0
649,20181227T073449Z,['1J.TI3A.'],0.0,2018-12-27T07:34:49.180000Z,1.2,0
650,20181227T073513Z,['1J.TI4A.'],0.0,2018-12-27T07:35:13.050000Z,24.08,0
651,20181227T073553Z,"['1J.TI7A.', '1J.TI3A.']",0.0,2018-12-27T07:35:53.030000Z,20.15,0
652,20181227T073617Z,['1J.TI4A.'],0.0,2018-12-27T07:36:17.870000Z,2.19,0
653,20181227T073652Z,['1J.TI7A.'],0.0,2018-12-27T07:36:52.810000Z,5.39,0
654,20181227T073721Z,['1J.TI4A.'],0.0,2018-12-27T07:37:21.940000Z,21.9,0
655,20181227T073806Z,"['1J.TI3A.', '1J.TI6A.', '1J.TI8A.', '1J.TI7A.', '1J.TI4A.']",0.0,2018-12-27T07:38:06.680000Z,55.56,0
656,20181227T074020Z,"['1J.TI3A.', '1J.TI6A.', '1J.TI8A.']",0.0,2018-12-27T07:40:20.120000Z,10.77,0
657,20181227T074124Z,['1J.TI3A.'],0.0,2018-12-27T07:41:24.430000Z,1.26,0
658,20181227T074136Z,['1J.TI3A.'],0.0,2018-12-27T07:41:36.210000Z,1.05,0
659,20181227T074147Z,"['1J.TI7A.', '1J.TI4A.', '1J.TI8A.']",0.0,2018-12-27T07:41:47.740000Z,36.93,0
660,20181227T074325Z,"['1J.TI3A.', '1J.TI8A.', '1J.TI6A.']",0.0,2018-12-27T07:43:25.180000Z,10.12,0
661,20181227T074338Z,['1J.TI4A.'],0.0,2018-12-27T07:43:38.380000Z,45.31,0
662,20181227T074442Z,['1J.TI8A.'],0.0,2018-12-27T07:44:42.890000Z,4.14,0
663,20181227T074457Z,['1J.TI3A.'],0.0,2018-12-27T07:44:57.100000Z,0.88,0
664,20181227T074530Z,['1J.TI3A.'],0.0,2018-12-27T07:45:30.670000Z,0.98,0
665,20181227T074607Z,['1J.TI8A.'],0.0,2018-12-27T07:46:07.520000Z,4.63,0
666,20181227T074615Z,['1J.TI3A.'],0.0,2018-12-27T07:46:15.810000Z,7.78,0
667,20181227T074651Z,['1J.TI3A.'],0.0,2018-12-27T07:46:51.520000Z,1.3,0
668,20181227T074718Z,['1J.TI8A.'],0.0,2018-12-27T07:47:18.210000Z,4.56,0
669,20181227T074750Z,"['1J.TI7A.', '1J.TI8A.']",0.0,2018-12-27T07:47:50.800000Z,17.72,0
670,20181227T074839Z,['1J.TI4A.'],0.0,2018-12-27T07:48:39.600000Z,1.62,0
671,20181227T074903Z,['1J.TI7A.'],0.0,2018-12-27T07:49:03.890000Z,1.07,0
672,20181227T074920Z,['1J.TI3A.'],0.0,2018-12-27T07:49:20.840000Z,0.88,0
673,20181227T074933Z,['1J.TI4A.'],0.0,2018-12-27T07:49:33.480000Z,1.25,0
674,20181227T074948Z,"['1J.TI4A.', '1J.TI3A.', '1J.TI8A.', '1J.TI6A.']",0.0,2018-12-27T07:49:48.920000Z,63.66,0
675,20181227T075113Z,['1J.TI8A.'],0.0,2018-12-27T07:51:13.940000Z,4.76,0
676,20181227T075137Z,['1J.TI3A.'],0.0,2018-12-27T07:51:37.980000Z,1.39,0
677,20181227T075207Z,['1J.TI3A.'],0.0,2018-12-27T07:52:07.460000Z,1.09,0
678,20181227T075242Z,['1J.TI3A.'],0.0,2018-12-27T07:52:42.010000Z,1.28,0
679,20181227T075313Z,"['1J.TI8A.', '1J.TI3A.', '1J.TI6A.']",0.0,2018-12-27T07:53:13.870000Z,14.88,0
680,20181227T075359Z,['1J.TI3A.'],0.0,2018-12-27T07:53:59.900000Z,1.5,0
681,20181227T075419Z,['1J.TI8A.'],0.0,2018-12-27T07:54:19.670000Z,4.44,0
682,20181227T075452Z,['1J.TI7A.'],0.0,2018-12-27T07:54:52.730000Z,3.44,0
683,20181227T075456Z,"['1J.TI3A.', '1J.TI6A.']",0.0,2018-12-27T07:54:56.820000Z,16.5,0
684,20181227T075619Z,['1J.TI4A.'],0.0,2018-12-27T07:56:19.020000Z,19.71,0
685,20181227T075730Z,['1J.TI8A.'],0.0,2018-12-27T07:57:30.520000Z,14.62,0
686,20181227T080221Z,['1J.TI7A.'],0.0,2018-12-27T08:02:21.320000Z,1.05,0
687,20181227T080257Z,"['1J.TI3A.', '1J.TI6A.', '1J.TI7A.']",0.0,2018-12-27T08:02:57.500000Z,21.95,0
688,20181227T080525Z,"['1J.TI6A.', '1J.TI8A.', '1J.TI3A.', '1J.TI4A.']",0.0,2018-12-27T08:05:25.320000Z,44.71,0
689,20181227T080628Z,['1J.TI4A.'],0.0,2018-12-27T08:06:28.550000Z,13.31,0
690,20181227T080652Z,"['1J.TI6A.', '1J.TI4A.']",0.0,2018-12-27T08:06:52.900000Z,52.87,0
691,20181227T080827Z,['1J.TI3A.'],0.0,2018-12-27T08:08:27.960000Z,1.64,0
692,20181227T080909Z,['1J.TI7A.'],0.0,2018-12-27T08:09:09.310000Z,2.05,0
693,20181227T080917Z,['1J.TI3A.'],0.0,2018-12-27T08:09:17.370000Z,0.63,0
694,20181227T080928Z,"['1J.TI4A.', '1J.TI3A.']",0.0,2018-12-27T08:09:28.630000Z,23.36,0
695,20181227T081029Z,['1J.TI3A.'],0.0,2018-12-27T08:10:29.890000Z,1.14,0
696,20181227T081056Z,['1J.TI4A.'],0.0,2018-12-27T08:10:56.040000Z,1.48,0
697,20181227T081102Z,['1J.TI3A.'],0.0,2018-12-27T08:11:02.370000Z,6.73,0
698,20181227T081134Z,['1J.TI3A.'],0.0,2018-12-27T08:11:34.320000Z,1.01,0
699,20181227T081206Z,['1J.TI3A.'],0.0,2018-12-27T08:12:06.320000Z,0.97,0
700,20181227T081309Z,['1J.TI3A.'],0.0,2018-12-27T08:13:09.000000Z,0.61,0
701,20181227T081319Z,['1J.TI6A.'],0.0,2018-12-27T08:13:19.640000Z,0.74,0
702,20181227T081332Z,['1J.TI8A.'],0.0,2018-12-27T08:13:32.780000Z,3.89,0
703,20181227T081340Z,['1J.TI3A.'],0.0,2018-12-27T08:13:40.940000Z,0.98,0
704,20181227T081346Z,['1J.TI1A.'],0.0,2018-12-27T08:13:46.630000Z,1.55,0
705,20181227T081353Z,"['1J.TI1A.', '1J.TI3A.', '1J.TI6A.']",0.0,2018-12-27T08:13:53.390000Z,24.18,0
706,20181227T081431Z,['1J.TI8A.'],0.0,2018-12-27T08:14:31.650000Z,1.85,0
707,20181227T081447Z,['1J.TI4A.'],0.0,2018-12-27T08:14:47.660000Z,9.52,0
708,20181227T081517Z,['1J.TI3A.'],0.0,2018-12-27T08:15:17.880000Z,0.73,0
709,20181227T081518Z,['1J.TI8A.'],0.0,2018-12-27T08:15:18.780000Z,2.12,0
710,20181227T081552Z,['1J.TI6A.'],0.0,2018-12-27T08:15:52.900000Z,0.89,0
711,20181227T081625Z,"['1J.TI8A.', '1J.TI4A.']",0.0,2018-12-27T08:16:25.580000Z,3.37,0
712,20181227T081633Z,"['1J.TI6A.', '1J.TI4A.']",0.0,2018-12-27T08:16:33.070000Z,14.03,0
713,20181227T081709Z,['1J.TI4A.'],0.0,2018-12-27T08:17:09.060000Z,5.9,0
714,20181227T081739Z,['1J.TI8A.'],0.0,2018-12-27T08:17:39.680000Z,3.13,0
715,20181227T081743Z,"['1J.TI4A.', '1J.TI6A.']",0.0,2018-12-27T08:17:43.070000Z,51.31,0
716,20181227T081932Z,['1J.TI8A.'],0.0,2018-12-27T08:19:32.160000Z,3.73,0
717,20181227T081947Z,"['1J.TI6A.', '1J.TI3A.']",0.0,2018-12-27T08:19:47.260000Z,17.45,0
718,20181227T082031Z,['1J.TI8A.'],0.0,2018-12-27T08:20:31.450000Z,2.52,0
719,20181227T082056Z,"['1J.TI7A.', '1J.TI4A.']",0.0,2018-12-27T08:20:56.230000Z,8.12,0
720,20181227T082127Z,['1J.TI6A.'],0.0,2018-12-27T08:21:27.830000Z,7.36,0
721,20181227T082214Z,['1J.TI8A.'],0.0,2018-12-27T08:22:14.820000Z,0.96,0
722,20181227T082217Z,['1J.TI4A.'],0.0,2018-12-27T08:22:17.740000Z,1.66,0
723,20181227T082253Z,['1J.TI4A.'],0.0,2018-12-27T08:22:53.820000Z,12.46,0
724,20181227T082335Z,['1J.TI6A.'],0.0,2018-12-27T08:23:35.940000Z,1.27,0
725,20181227T082444Z,['1J.TI4A.'],0.0,2018-12-27T08:24:44.380000Z,9.45,0
726,20181227T082511Z,['1J.TI8A.'],0.0,2018-12-27T08:25:11.680000Z,5.01,0
727,20181227T082517Z,"['1J.TI4A.', '1J.TI8A.', '1J.TI6A.']",0.0,2018-12-27T08:25:17.890000Z,59.94,0
728,20181227T082643Z,"['1J.TI7A.', '1J.TI8A.']",0.0,2018-12-27T08:26:43.090000Z,11.13,0
729,20181227T082706Z,"['1J.TI4A.', '1J.TI6A.']",0.0,2018-12-27T08:27:06.070000Z,6.57,0
730,20181227T082734Z,['1J.TI7A.'],0.0,2018-12-27T08:27:34.470000Z,3.22,0
731,20181227T082810Z,['1J.TI3A.'],0.0,2018-12-27T08:28:10.660000Z,0.61,0
732,20181227T082822Z,['1J.TI8A.'],0.0,2018-12-27T08:28:22.220000Z,2.97,0
733,20181227T082902Z,['1J.TI3A.'],0.0,2018-12-27T08:29:02.950000Z,2.62,0
734,20181227T082916Z,['1J.TI8A.'],0.0,2018-12-27T08:29:16.190000Z,2.31,0
735,20181227T082932Z,"['1J.TI8A.', '1J.TI6A.', '1J.TI4A.']",0.0,2018-12-27T08:29:32.820000Z,16.46,0
736,20181227T083002Z,"['1J.TI6A.', '1J.TI3A.', '1J.TI8A.']",0.0,2018-12-27T08:30:02.810000Z,11.49,0
737,20181227T083026Z,"['1J.TI3A.', '1J.TI6A.', '1J.TI8A.', '1J.TI7A.', '1J.TI1A.']",0.0,2018-12-27T08:30:26.390000Z,54.76,0
738,20181227T083154Z,['1J.TI4A.'],0.0,2018-12-27T08:31:54.640000Z,8.57,0
739,20181227T083311Z,['1J.TI8A.'],0.0,2018-12-27T08:33:11.100000Z,1.81,0
740,20181227T083404Z,['1J.TI8A.'],0.0,2018-12-27T08:34:04.720000Z,2.61,0
741,20181227T083443Z,['1J.TI6A.'],0.0,2018-12-27T08:34:43.230000Z,3.63,0
742,20181227T083455Z,['1J.TI8A.'],0.0,2018-12-27T08:34:55.000000Z,1.14,0
743,20181227T083506Z,['1J.TI8A.'],0.0,2018-12-27T08:35:06.680000Z,2.56,0
744,20181227T083513Z,['1J.TI4A.'],0.0,2018-12-27T08:35:13.420000Z,2.33,0
745,20181227T083559Z,['1J.TI8A.'],0.0,2018-12-27T08:35:59.320000Z,2.98,0
746,20181227T083605Z,['1J.TI3A.'],0.0,2018-12-27T08:36:05.260000Z,1.5,0
747,20181227T083648Z,['1J.TI6A.'],0.0,2018-12-27T08:36:48.880000Z,1.38,0
748,20181227T083700Z,['1J.TI8A.'],0.0,2018-12-27T08:37:00.670000Z,3.04,0
749,20181227T083708Z,['1J.TI3A.'],0.0,2018-12-27T08:37:08.700000Z,4.55,0
750,20181227T083742Z,"['1J.TI3A.', '1J.TI6A.', '1J.TI8A.']",0.0,2018-12-27T08:37:42.410000Z,15.57,0
751,20181227T083814Z,['1J.TI6A.'],0.0,2018-12-27T08:38:14.150000Z,0.75,0
752,20181227T083847Z,['1J.TI3A.'],0.0,2018-12-27T08:38:47.320000Z,1.08,0
753,20181227T083854Z,['1J.TI8A.'],0.0,2018-12-27T08:38:54.390000Z,3.24,0
754,20181227T084008Z,['1J.TI8A.'],0.0,2018-12-27T08:40:08.470000Z,2.26,0
755,20181227T084031Z,"['1J.TI3A.', '1J.TI6A.']",0.0,2018-12-27T08:40:31.270000Z,12.52,0
756,20181227T084111Z,['1J.TI8A.'],0.0,2018-12-27T08:41:11.350000Z,3.62,0
757,20181227T084204Z,"['1J.TI6A.', '1J.TI3A.', '1J.TI8A.']",0.0,2018-12-27T08:42:04.780000Z,12.74,0
758,20181227T084241Z,['1J.TI3A.'],0.0,2018-12-27T08:42:41.090000Z,4.61,0
759,20181227T084315Z,['1J.TI8A.'],0.0,2018-12-27T08:43:15.220000Z,2.33,0
760,20181227T084349Z,['1J.TI8A.'],0.0,2018-12-27T08:43:49.820000Z,0.96,0
761,20181227T084413Z,['1J.TI8A.'],0.0,2018-12-27T08:44:13.200000Z,2.98,0
762,20181227T084439Z,['1J.TI4A.'],0.0,2018-12-27T08:44:39.830000Z,17.69,0
763,20181227T084506Z,['1J.TI6A.'],0.0,2018-12-27T08:45:06.980000Z,1.37,0
764,20181227T084519Z,['1J.TI8A.'],0.0,2018-12-27T08:45:19.820000Z,2.95,0
765,20181227T084555Z,['1J.TI4A.'],0.0,2018-12-27T08:45:55.500000Z,23.86,0
766,20181227T084622Z,['1J.TI1A.'],0.0,2018-12-27T08:46:22.280000Z,8.03,0
767,20181227T084653Z,['1J.TI6A.'],0.0,2018-12-27T08:46:53.340000Z,10.01,0
768,20181227T084727Z,['1J.TI8A.'],0.0,2018-12-27T08:47:27.900000Z,4.73,0
769,20181227T084753Z,"['1J.TI4A.', '1J.TI3A.']",0.0,2018-12-27T08:47:53.480000Z,26.82,0
770,20181227T084837Z,['1J.TI8A.'],0.0,2018-12-27T08:48:37.540000Z,4.07,0
771,20181227T084901Z,['1J.TI3A.'],0.0,2018-12-27T08:49:01.870000Z,11.54,0
772,20181227T084924Z,['1J.TI6A.'],0.0,2018-12-27T08:49:24.920000Z,1.23,0
773,20181227T084927Z,['1J.TI8A.'],0.0,2018-12-27T08:49:27.070000Z,2.26,0
774,20181227T084954Z,['1J.TI6A.'],0.0,2018-12-27T08:49:54.560000Z,1.02,0
775,20181227T085004Z,['1J.TI3A.'],0.0,2018-12-27T08:50:04.700000Z,1.45,0
776,20181227T085106Z,"['1J.TI6A.', '1J.TI3A.', '1J.TI8A.']",0.0,2018-12-27T08:51:06.510000Z,17.51,0
777,20181227T085127Z,['1J.TI7A.'],0.0,2018-12-27T08:51:27.830000Z,1.46,0
778,20181227T085210Z,"['1J.TI8A.', '1J.TI6A.']",0.0,2018-12-27T08:52:10.310000Z,4.59,0
779,20181227T085307Z,"['1J.TI4A.', '1J.TI3A.']",0.0,2018-12-27T08:53:07.030000Z,8.57,0
780,20181227T085343Z,['1J.TI8A.'],0.0,2018-12-27T08:53:43.230000Z,4.18,0
781,20181227T085348Z,"['1J.TI6A.', '1J.TI4A.', '1J.TI3A.']",0.0,2018-12-27T08:53:48.490000Z,9.06,0
782,20181227T085429Z,"['1J.TI3A.', '1J.TI6A.']",0.0,2018-12-27T08:54:29.220000Z,17.96,0
783,20181227T085449Z,['1J.TI4A.'],0.0,2018-12-27T08:54:49.440000Z,13.36,0
784,20181227T085505Z,['1J.TI8A.'],0.0,2018-12-27T08:55:05.610000Z,5.49,0
785,20181227T085529Z,"['1J.TI4A.', '1J.TI1A.']",0.0,2018-12-27T08:55:29.030000Z,32.58,0
786,20181227T085610Z,"['1J.TI1A.', '1J.TI8A.', '1J.TI6A.']",0.0,2018-12-27T08:56:10.000000Z,86.01,0
787,20181227T085808Z,['1J.TI1A.'],0.0,2018-12-27T08:58:08.590000Z,2.68,0
788,20181227T085839Z,['1J.TI3A.'],0.0,2018-12-27T08:58:39.920000Z,1.02,0
789,20181227T085842Z,['1J.TI8A.'],0.0,2018-12-27T08:58:42.480000Z,4.1,0
790,20181227T085911Z,['1J.TI1A.'],0.0,2018-12-27T08:59:11.290000Z,4.29,0
791,20181227T085915Z,['1J.TI4A.'],0.0,2018-12-27T08:59:15.610000Z,4.17,0
792,20181227T085925Z,['1J.TI4A.'],0.0,2018-12-27T08:59:25.590000Z,7.37,0
793,20181227T090000Z,['1J.TI6A.'],0.0,2018-12-27T09:00:00.970000Z,1.49,0
794,20181227T090008Z,['1J.TI8A.'],0.0,2018-12-27T09:00:08.010000Z,4.25,0
795,20181227T090101Z,['1J.TI4A.'],0.0,2018-12-27T09:01:01.750000Z,7.86,0
796,20181227T090150Z,['1J.TI4A.'],0.0,2018-12-27T09:01:50.000000Z,2.95,0
797,20181227T090202Z,['1J.TI8A.'],0.0,2018-12-27T09:02:02.150000Z,4.21,0
798,20181227T090212Z,['1J.TI7A.'],0.0,2018-12-27T09:02:12.470000Z,17.55,0
799,20181227T090236Z,['1J.TI4A.'],0.0,2018-12-27T09:02:36.900000Z,1.32,0
800,20181227T090249Z,['1J.TI8A.'],0.0,2018-12-27T09:02:49.960000Z,3.14,0
801,20181227T090326Z,"['1J.TI6A.', '1J.TI3A.', '1J.TI4A.', '1J.TI8A.', '1J.TI1A.']",0.0,2018-12-27T09:03:26.810000Z,50.58,0
802,20181227T090427Z,['1J.TI8A.'],0.0,2018-12-27T09:04:27.430000Z,1.58,0
803,20181227T090447Z,"['1J.TI6A.', '1J.TI3A.', '1J.TI8A.', '1J.TI1A.']",0.0,2018-12-27T09:04:47.040000Z,21.61,0
804,20181227T090621Z,['1J.TI4A.'],0.0,2018-12-27T09:06:21.680000Z,4.41,0
805,20181227T090703Z,['1J.TI8A.'],0.0,2018-12-27T09:07:03.790000Z,3.92,0
806,20181227T090708Z,['1J.TI4A.'],0.0,2018-12-27T09:07:08.160000Z,7.62,0
807,20181227T090716Z,"['1J.TI3A.', '1J.TI6A.', '1J.TI8A.']",0.0,2018-12-27T09:07:16.680000Z,16.23,0
808,20181227T090741Z,['1J.TI4A.'],0.0,2018-12-27T09:07:41.830000Z,7.45,0
809,20181227T090802Z,['1J.TI6A.'],0.0,2018-12-27T09:08:02.670000Z,2.56,0
810,20181227T090810Z,"['1J.TI4A.', '1J.TI8A.', '1J.TI6A.', '1J.TI7A.', '1J.TI3A.']",0.0,2018-12-27T09:08:10.530000Z,52.02,0
811,20181227T090927Z,"['1J.TI7A.', '1J.TI8A.']",0.0,2018-12-27T09:09:27.840000Z,24.31,0
812,20181227T091032Z,"['1J.TI3A.', '1J.TI6A.']",0.0,2018-12-27T09:10:32.780000Z,22.27,0
813,20181227T091112Z,['1J.TI8A.'],0.0,2018-12-27T09:11:12.290000Z,3.43,0
814,20181227T091137Z,['1J.TI8A.'],0.0,2018-12-27T09:11:37.970000Z,0.71,0
815,20181227T091241Z,['1J.TI8A.'],0.0,2018-12-27T09:12:41.380000Z,4.17,0
816,20181227T091339Z,['1J.TI3A.'],0.0,2018-12-27T09:13:39.910000Z,1.33,0
817,20181227T091342Z,['1J.TI4A.'],0.0,2018-12-27T09:13:42.060000Z,0.98,0
818,20181227T091355Z,['1J.TI8A.'],0.0,2018-12-27T09:13:55.830000Z,4.67,0
819,20181227T091412Z,['1J.TI4A.'],0.0,2018-12-27T09:14:12.590000Z,2.04,0
820,20181227T091427Z,['1J.TI4A.'],0.0,2018-12-27T09:14:27.890000Z,19.89,0
821,20181227T091523Z,['1J.TI8A.'],0.0,2018-12-27T09:15:23.650000Z,4.87,0
822,20181227T091533Z,['1J.TI6A.'],0.0,2018-12-27T09:15:33.610000Z,1.99,0
823,20181227T091619Z,"['1J.TI8A.', '1J.TI6A.', '1J.TI3A.']",0.0,2018-12-27T09:16:19.170000Z,19.79,0
824,20181227T091650Z,"['1J.TI4A.', '1J.TI1A.', '1J.TI3A.', '1J.TI8A.']",0.0,2018-12-27T09:16:50.350000Z,40.59,0
825,20181227T091753Z,"['1J.TI3A.', '1J.TI6A.']",0.0,2018-12-27T09:17:53.570000Z,13.44,0
826,20181227T091817Z,"['1J.TI3A.', '1J.TI6A.', '1J.TI8A.']",0.0,2018-12-27T09:18:17.400000Z,22.2,0
827,20181227T091853Z,['1J.TI7A.'],0.0,2018-12-27T09:18:53.500000Z,2.94,0
828,20181227T091935Z,['1J.TI6A.'],0.0,2018-12-27T09:19:35.000000Z,3.13,0
829,20181227T091953Z,['1J.TI8A.'],0.0,2018-12-27T09:19:53.110000Z,2.48,0
830,20181227T091958Z,"['1J.TI3A.', '1J.TI7A.']",0.0,2018-12-27T09:19:58.840000Z,18.49,0
831,20181227T092127Z,['1J.TI8A.'],0.0,2018-12-27T09:21:27.800000Z,0.78,0
832,20181227T092133Z,['1J.TI6A.'],0.0,2018-12-27T09:21:33.460000Z,4.81,0
833,20181227T092208Z,['1J.TI6A.'],0.0,2018-12-27T09:22:08.410000Z,5.29,0
834,20181227T092222Z,"['1J.TI3A.', '1J.TI6A.', '1J.TI8A.']",0.0,2018-12-27T09:22:22.310000Z,19.25,0
835,20181227T092307Z,['1J.TI8A.'],0.0,2018-12-27T09:23:07.700000Z,3.35,0
836,20181227T092322Z,['1J.TI6A.'],0.0,2018-12-27T09:23:22.510000Z,3.03,0
837,20181227T092501Z,"['1J.TI3A.', '1J.TI6A.']",0.0,2018-12-27T09:25:01.100000Z,17.85,0
838,20181227T092540Z,"['1J.TI8A.', '1J.TI6A.']",0.0,2018-12-27T09:25:40.250000Z,5.42,0
839,20181227T092638Z,['1J.TI8A.'],0.0,2018-12-27T09:26:38.850000Z,4.38,0
840,20181227T092657Z,['1J.TI3A.'],0.0,2018-12-27T09:26:57.330000Z,1.22,0
841,20181227T092715Z,['1J.TI3A.'],0.0,2018-12-27T09:27:15.480000Z,4.52,0
842,20181227T092737Z,"['1J.TI3A.', '1J.TI1A.']",0.0,2018-12-27T09:27:37.850000Z,42.3,0
843,20181227T092823Z,"['1J.TI6A.', '1J.TI8A.']",0.0,2018-12-27T09:28:23.570000Z,17.89,0
844,20181227T092857Z,['1J.TI8A.'],0.0,2018-12-27T09:28:57.490000Z,4.59,0
845,20181227T092948Z,['1J.TI3A.'],0.0,2018-12-27T09:29:48.210000Z,1.5,0
846,20181227T093030Z,['1J.TI8A.'],0.0,2018-12-27T09:30:30.500000Z,0.78,0
847,20181227T093047Z,['1J.TI6A.'],0.0,2018-12-27T09:30:47.390000Z,7.98,0
848,20181227T093124Z,['1J.TI6A.'],0.0,2018-12-27T09:31:24.120000Z,1.29,0
849,20181227T093141Z,"['1J.TI3A.', '1J.TI6A.', '1J.TI8A.', '1J.TI7A.']",0.0,2018-12-27T09:31:41.580000Z,24.83,0
850,20181227T093443Z,['1J.TI8A.'],0.0,2018-12-27T09:34:43.080000Z,0.71,0
851,20181227T093605Z,['1J.TI6A.'],0.0,2018-12-27T09:36:05.290000Z,4.05,0
852,20181227T093650Z,['1J.TI6A.'],0.0,2018-12-27T09:36:50.060000Z,6.02,0
853,20181227T093807Z,['1J.TI8A.'],0.0,2018-12-27T09:38:07.890000Z,0.64,0
854,20181227T093914Z,['1J.TI7A.'],0.0,2018-12-27T09:39:14.920000Z,18.08,0
855,20181227T093934Z,['1J.TI6A.'],0.0,2018-12-27T09:39:34.800000Z,2.51,0
856,20181227T093946Z,['1J.TI8A.'],0.0,2018-12-27T09:39:46.010000Z,5.27,0
857,20181227T094119Z,['1J.TI8A.'],0.0,2018-12-27T09:41:19.920000Z,1.12,0
858,20181227T094153Z,['1J.TI8A.'],0.0,2018-12-27T09:41:53.520000Z,1.21,0
859,20181227T094336Z,"['1J.TI6A.', '1J.TI8A.', '1J.TI3A.', '1J.TI1A.']",0.0,2018-12-27T09:43:36.120000Z,23.17,0
860,20181227T094420Z,['1J.TI7A.'],0.0,2018-12-27T09:44:20.990000Z,17.96,0
861,20181227T094541Z,['1J.TI7A.'],0.0,2018-12-27T09:45:41.730000Z,2.03,0
862,20181227T094556Z,['1J.TI7A.'],0.0,2018-12-27T09:45:56.900000Z,1.21,0
863,20181227T094647Z,['1J.TI6A.'],0.0,2018-12-27T09:46:47.400000Z,6.33,0
864,20181227T094732Z,['1J.TI6A.'],0.0,2018-12-27T09:47:32.170000Z,1.26,0
865,20181227T094811Z,['1J.TI8A.'],0.0,2018-12-27T09:48:11.810000Z,0.72,0
866,20181227T094820Z,['1J.TI6A.'],0.0,2018-12-27T09:48:20.360000Z,8.95,0
867,20181227T094840Z,"['1J.TI6A.', '1J.TI3A.', '1J.TI8A.']",0.0,2018-12-27T09:48:40.410000Z,15.82,0
868,20181227T094942Z,['1J.TI6A.'],0.0,2018-12-27T09:49:42.950000Z,3.72,0
869,20181227T095029Z,['1J.TI6A.'],0.0,2018-12-27T09:50:29.830000Z,2.38,0
870,20181227T095407Z,['1J.TI7A.'],0.0,2018-12-27T09:54:07.360000Z,18.08,0
871,20181227T095426Z,['1J.TI8A.'],0.0,2018-12-27T09:54:26.340000Z,16.57,0
872,20181227T095523Z,['1J.TI3A.'],0.0,2018-12-27T09:55:23.960000Z,4.77,0
873,20181227T095534Z,['1J.TI1A.'],0.0,2018-12-27T09:55:34.450000Z,34.88,0
874,20181227T095629Z,['1J.TI7A.'],0.0,2018-12-27T09:56:29.670000Z,3.17,0
875,20181227T095714Z,"['1J.TI8A.', '1J.TI6A.']",0.0,2018-12-27T09:57:14.790000Z,23.43,0
876,20181227T095748Z,['1J.TI6A.'],0.0,2018-12-27T09:57:48.730000Z,8.08,0
877,20181227T095820Z,"['1J.TI3A.', '1J.TI6A.']",0.0,2018-12-27T09:58:20.940000Z,17.41,0
878,20181227T095904Z,['1J.TI6A.'],0.0,2018-12-27T09:59:04.150000Z,2.21,0
879,20181227T095950Z,['1J.TI6A.'],0.0,2018-12-27T09:59:50.800000Z,1.32,0
880,20181227T100044Z,['1J.TI7A.'],0.0,2018-12-27T10:00:44.470000Z,1.24,0
881,20181227T100102Z,['1J.TI6A.'],0.0,2018-12-27T10:01:02.450000Z,6.16,0
882,20181227T100123Z,['1J.TI8A.'],0.0,2018-12-27T10:01:23.940000Z,10.83,0
883,20181227T100156Z,['1J.TI1A.'],0.0,2018-12-27T10:01:56.680000Z,2.99,0
884,20181227T100203Z,['1J.TI6A.'],0.0,2018-12-27T10:02:03.700000Z,2.68,0
885,20181227T100300Z,"['1J.TI7A.', '1J.TI3A.', '1J.TI6A.', '1J.TI8A.']",0.0,2018-12-27T10:03:00.830000Z,27.02,0
886,20181227T100331Z,['1J.TI1A.'],0.0,2018-12-27T10:03:31.670000Z,3.74,0
887,20181227T100339Z,['1J.TI6A.'],0.0,2018-12-27T10:03:39.170000Z,8.74,0
888,20181227T100444Z,['1J.TI6A.'],0.0,2018-12-27T10:04:44.550000Z,2.32,0
889,20181227T100458Z,['1J.TI8A.'],0.0,2018-12-27T10:04:58.700000Z,1.47,0
890,20181227T100500Z,['1J.TI3A.'],0.0,2018-12-27T10:05:00.720000Z,2.98,0
891,20181227T100507Z,['1J.TI7A.'],0.0,2018-12-27T10:05:07.970000Z,7.89,0
892,20181227T100523Z,['1J.TI6A.'],0.0,2018-12-27T10:05:23.090000Z,1.9,0
893,20181227T100546Z,"['1J.TI6A.', '1J.TI8A.', '1J.TI3A.', '1J.TI7A.']",0.0,2018-12-27T10:05:46.070000Z,20.75,0
894,20181227T100621Z,['1J.TI6A.'],0.0,2018-12-27T10:06:21.260000Z,1.03,0
895,20181227T100657Z,['1J.TI6A.'],0.0,2018-12-27T10:06:57.640000Z,3.43,0
896,20181227T100800Z,['1J.TI8A.'],0.0,2018-12-27T10:08:00.230000Z,6.47,0
897,20181227T100907Z,['1J.TI6A.'],0.0,2018-12-27T10:09:07.350000Z,5.88,0
898,20181227T100958Z,['1J.TI6A.'],0.0,2018-12-27T10:09:58.390000Z,2.48,0
899,20181227T101024Z,['1J.TI8A.'],0.0,2018-12-27T10:10:24.280000Z,8.55,0
900,20181227T101038Z,['1J.TI7A.'],0.0,2018-12-27T10:10:38.560000Z,1.75,0
901,20181227T101057Z,['1J.TI6A.'],0.0,2018-12-27T10:10:57.650000Z,5.52,0
902,20181227T101122Z,['1J.TI8A.'],0.0,2018-12-27T10:11:22.530000Z,6.05,0
903,20181227T101146Z,"['1J.TI3A.', '1J.TI6A.', '1J.TI7A.', '1J.TI8A.']",0.0,2018-12-27T10:11:46.470000Z,21.65,0
904,20181227T101228Z,['1J.TI6A.'],0.0,2018-12-27T10:12:28.350000Z,0.86,0
905,20181227T101250Z,['1J.TI8A.'],0.0,2018-12-27T10:12:50.810000Z,3.59,0
906,20181227T101350Z,"['1J.TI7A.', '1J.TI6A.']",0.0,2018-12-27T10:13:50.920000Z,5.19,0
907,20181227T101419Z,"['1J.TI3A.', '1J.TI1A.', '1J.TI6A.', '1J.TI8A.']",0.0,2018-12-27T10:14:19.190000Z,8.82,0
908,20181227T101443Z,"['1J.TI6A.', '1J.TI3A.']",0.0,2018-12-27T10:14:43.050000Z,8.82,0
909,20181227T101633Z,['1J.TI6A.'],0.0,2018-12-27T10:16:33.910000Z,5.57,0
910,20181227T101655Z,['1J.TI1A.'],0.0,2018-12-27T10:16:55.650000Z,1.31,0
911,20181227T101659Z,['1J.TI6A.'],0.0,2018-12-27T10:16:59.700000Z,4.66,0
912,20181227T101730Z,['1J.TI1A.'],0.0,2018-12-27T10:17:30.240000Z,1.6,0
913,20181227T101745Z,['1J.TI1A.'],0.0,2018-12-27T10:17:45.410000Z,3.74,0
914,20181227T101825Z,['1J.TI7A.'],0.0,2018-12-27T10:18:25.180000Z,17.71,0
915,20181227T101855Z,['1J.TI8A.'],0.0,2018-12-27T10:18:55.270000Z,7.66,0
916,20181227T101923Z,"['1J.TI6A.', '1J.TI7A.', '1J.TI3A.', '1J.TI8A.']",0.0,2018-12-27T10:19:23.370000Z,40.58,0
917,20181227T102051Z,['1J.TI6A.'],0.0,2018-12-27T10:20:51.640000Z,2.79,0
918,20181227T102153Z,['1J.TI6A.'],0.0,2018-12-27T10:21:53.870000Z,0.74,0
919,20181227T102309Z,['1J.TI6A.'],0.0,2018-12-27T10:23:09.340000Z,5.08,0
920,20181227T102328Z,['1J.TI6A.'],0.0,2018-12-27T10:23:28.400000Z,5.13,0
921,20181227T102602Z,['1J.TI6A.'],0.0,2018-12-27T10:26:02.460000Z,7.9,0
922,20181227T102704Z,['1J.TI7A.'],0.0,2018-12-27T10:27:04.750000Z,1.14,0
923,20181227T102717Z,['1J.TI1A.'],0.0,2018-12-27T10:27:17.700000Z,1.37,0
924,20181227T102750Z,['1J.TI4A.'],0.0,2018-12-27T10:27:50.200000Z,2.3,0
925,20181227T102904Z,"['1J.TI4A.', '1J.TI7A.']",0.0,2018-12-27T10:29:04.240000Z,18.78,0
926,20181227T102924Z,['1J.TI4A.'],0.0,2018-12-27T10:29:24.610000Z,33.52,0
927,20181227T103013Z,"['1J.TI1A.', '1J.TI3A.', '1J.TI6A.']",0.0,2018-12-27T10:30:13.930000Z,64.64,0
928,20181227T103129Z,['1J.TI1A.'],0.0,2018-12-27T10:31:29.270000Z,10.66,0
929,20181227T103211Z,['1J.TI7A.'],0.0,2018-12-27T10:32:11.180000Z,1.67,0
930,20181227T103324Z,"['1J.TI7A.', '1J.TI1A.']",0.0,2018-12-27T10:33:24.240000Z,1.99,0
931,20181227T103341Z,['1J.TI1A.'],0.0,2018-12-27T10:33:41.340000Z,1.68,0
932,20181227T103439Z,"['1J.TI7A.', '1J.TI3A.', '1J.TI6A.']",0.0,2018-12-27T10:34:39.100000Z,14.88,0
933,20181227T103536Z,['1J.TI8A.'],0.0,2018-12-27T10:35:36.340000Z,8.13,0
934,20181227T103605Z,['1J.TI1A.'],0.0,2018-12-27T10:36:05.290000Z,2.2,0
935,20181227T103627Z,['1J.TI1A.'],0.0,2018-12-27T10:36:27.480000Z,0.94,0
936,20181227T103710Z,"['1J.TI6A.', '1J.TI7A.', '1J.TI8A.']",0.0,2018-12-27T10:37:10.890000Z,16.89,0
937,20181227T103738Z,"['1J.TI3A.', '1J.TI6A.', '1J.TI7A.', '1J.TI8A.']",0.0,2018-12-27T10:37:38.910000Z,23.64,0
938,20181227T103841Z,['1J.TI8A.'],0.0,2018-12-27T10:38:41.500000Z,2.45,0
939,20181227T103918Z,['1J.TI7A.'],0.0,2018-12-27T10:39:18.790000Z,2.96,0
940,20181227T103933Z,['1J.TI8A.'],0.0,2018-12-27T10:39:33.290000Z,0.87,0
941,20181227T103942Z,['1J.TI8A.'],0.0,2018-12-27T10:39:42.180000Z,3.6,0
942,20181227T103952Z,['1J.TI7A.'],0.0,2018-12-27T10:39:52.390000Z,8.08,0
943,20181227T104039Z,['1J.TI8A.'],0.0,2018-12-27T10:40:39.280000Z,3.87,0
944,20181227T104059Z,"['1J.TI3A.', '1J.TI7A.']",0.0,2018-12-27T10:40:59.380000Z,18.74,0
945,20181227T104134Z,['1J.TI8A.'],0.0,2018-12-27T10:41:34.810000Z,4.0,0
946,20181227T104218Z,['1J.TI8A.'],0.0,2018-12-27T10:42:18.020000Z,1.12,0
947,20181227T104241Z,"['1J.TI8A.', '1J.TI7A.', '1J.TI6A.']",0.0,2018-12-27T10:42:41.440000Z,19.79,0
948,20181227T104356Z,['1J.TI8A.'],0.0,2018-12-27T10:43:56.900000Z,4.16,0
949,20181227T104521Z,['1J.TI7A.'],0.0,2018-12-27T10:45:21.360000Z,5.33,0
950,20181227T104542Z,['1J.TI8A.'],0.0,2018-12-27T10:45:42.430000Z,4.41,0
951,20181227T104652Z,['1J.TI8A.'],0.0,2018-12-27T10:46:52.100000Z,4.99,0
952,20181227T104733Z,"['1J.TI6A.', '1J.TI3A.']",0.0,2018-12-27T10:47:33.100000Z,19.52,0
953,20181227T104805Z,['1J.TI8A.'],0.0,2018-12-27T10:48:05.910000Z,4.06,0
954,20181227T104826Z,['1J.TI4A.'],0.0,2018-12-27T10:48:26.030000Z,19.72,0
955,20181227T104908Z,['1J.TI8A.'],0.0,2018-12-27T10:49:08.790000Z,3.93,0
956,20181227T104916Z,"['1J.TI3A.', '1J.TI6A.', '1J.TI8A.']",0.0,2018-12-27T10:49:16.570000Z,21.05,0
957,20181227T105018Z,['1J.TI6A.'],0.0,2018-12-27T10:50:18.960000Z,3.23,0
958,20181227T105025Z,"['1J.TI8A.', '1J.TI3A.', '1J.TI6A.', '1J.TI4A.']",0.0,2018-12-27T10:50:25.940000Z,14.07,0
959,20181227T105121Z,['1J.TI8A.'],0.0,2018-12-27T10:51:21.030000Z,2.34,0
960,20181227T105149Z,['1J.TI7A.'],0.0,2018-12-27T10:51:49.400000Z,17.6,0
961,20181227T105246Z,"['1J.TI3A.', '1J.TI4A.', '1J.TI6A.']",0.0,2018-12-27T10:52:46.710000Z,5.77,0
962,20181227T105258Z,"['1J.TI4A.', '1J.TI8A.']",0.0,2018-12-27T10:52:58.460000Z,52.37,0
963,20181227T105429Z,"['1J.TI8A.', '1J.TI3A.', '1J.TI6A.']",0.0,2018-12-27T10:54:29.380000Z,17.14,0
964,20181227T105542Z,['1J.TI8A.'],0.0,2018-12-27T10:55:42.940000Z,4.97,0
965,20181227T105657Z,"['1J.TI6A.', '1J.TI3A.']",0.0,2018-12-27T10:56:57.100000Z,13.3,0
966,20181227T105717Z,['1J.TI8A.'],0.0,2018-12-27T10:57:17.920000Z,4.8,0
967,20181227T105802Z,['1J.TI6A.'],0.0,2018-12-27T10:58:02.580000Z,6.36,0
968,20181227T105832Z,['1J.TI8A.'],0.0,2018-12-27T10:58:32.700000Z,1.2,0
969,20181227T105842Z,['1J.TI8A.'],0.0,2018-12-27T10:58:42.230000Z,5.1,0
970,20181227T105957Z,['1J.TI8A.'],0.0,2018-12-27T10:59:57.870000Z,5.03,0
971,20181227T110038Z,"['1J.TI3A.', '1J.TI6A.', '1J.TI8A.', '1J.TI7A.']",0.0,2018-12-27T11:00:38.710000Z,52.75,0
972,20181227T110211Z,['1J.TI8A.'],0.0,2018-12-27T11:02:11.550000Z,1.39,0
973,20181227T110304Z,"['1J.TI3A.', '1J.TI6A.', '1J.TI8A.', '1J.TI7A.']",0.0,2018-12-27T11:03:04.780000Z,11.11,0
974,20181227T110336Z,['1J.TI8A.'],0.0,2018-12-27T11:03:36.350000Z,1.35,0
975,20181227T110401Z,"['1J.TI8A.', '1J.TI6A.']",0.0,2018-12-27T11:04:01.180000Z,17.86,0
976,20181227T110447Z,['1J.TI8A.'],0.0,2018-12-27T11:04:47.520000Z,1.44,0
977,20181227T110536Z,['1J.TI8A.'],0.0,2018-12-27T11:05:36.540000Z,2.12,0
978,20181227T110604Z,['1J.TI7A.'],0.0,2018-12-27T11:06:04.520000Z,17.44,0
979,20181227T110644Z,['1J.TI8A.'],0.0,2018-12-27T11:06:44.310000Z,3.61,0
980,20181227T110750Z,['1J.TI8A.'],0.0,2018-12-27T11:07:50.720000Z,0.9,0
981,20181227T110800Z,['1J.TI8A.'],0.0,2018-12-27T11:08:00.010000Z,4.34,0
982,20181227T110917Z,['1J.TI8A.'],0.0,2018-12-27T11:09:17.770000Z,1.16,0
983,20181227T110930Z,['1J.TI8A.'],0.0,2018-12-27T11:09:30.320000Z,6.11,0
984,20181227T110942Z,['1J.TI6A.'],0.0,2018-12-27T11:09:42.730000Z,10.62,0
985,20181227T110953Z,['1J.TI7A.'],0.0,2018-12-27T11:09:53.830000Z,1.92,0
986,20181227T111032Z,['1J.TI4A.'],0.0,2018-12-27T11:10:32.430000Z,3.2,0
987,20181227T111038Z,['1J.TI8A.'],0.0,2018-12-27T11:10:38.270000Z,4.21,0
988,20181227T111131Z,"['1J.TI8A.', '1J.TI4A.']",0.0,2018-12-27T11:11:31.840000Z,4.48,0
989,20181227T111211Z,['1J.TI8A.'],0.0,2018-12-27T11:12:11.680000Z,0.91,0
990,20181227T111228Z,['1J.TI8A.'],0.0,2018-12-27T11:12:28.050000Z,3.22,0
991,20181227T111246Z,"['1J.TI6A.', '1J.TI3A.', '1J.TI7A.', '1J.TI8A.']",0.0,2018-12-27T11:12:46.380000Z,22.48,0
992,20181227T111321Z,['1J.TI8A.'],0.0,2018-12-27T11:13:21.200000Z,1.41,0
993,20181227T111428Z,['1J.TI8A.'],0.0,2018-12-27T11:14:28.970000Z,3.12,0
994,20181227T111433Z,"['1J.TI4A.', '1J.TI7A.']",0.0,2018-12-27T11:14:33.220000Z,6.98,0
995,20181227T111523Z,['1J.TI8A.'],0.0,2018-12-27T11:15:23.980000Z,1.42,0
996,20181227T111534Z,['1J.TI8A.'],0.0,2018-12-27T11:15:34.030000Z,3.75,0
997,20181227T111630Z,['1J.TI8A.'],0.0,2018-12-27T11:16:30.170000Z,2.72,0
998,20181227T111643Z,"['1J.TI7A.', '1J.TI8A.', '1J.TI6A.']",0.0,2018-12-27T11:16:43.800000Z,19.7,0
999,20181227T111722Z,"['1J.TI6A.', '1J.TI8A.']",0.0,2018-12-27T11:17:22.860000Z,7.96,0
1000,20181227T111757Z,['1J.TI6A.'],0.0,2018-12-27T11:17:57.640000Z,2.5,0
1001,20181227T111826Z,['1J.TI8A.'],0.0,2018-12-27T11:18:26.230000Z,2.27,0
1002,20181227T111832Z,['1J.TI7A.'],0.0,2018-12-27T11:18:32.740000Z,1.7,0
1003,20181227T111915Z,"['1J.TI3A.', '1J.TI6A.', '1J.TI8A.', '1J.TI4A.']",0.0,2018-12-27T11:19:15.910000Z,18.35,0
1004,20181227T111958Z,['1J.TI7A.'],0.0,2018-12-27T11:19:58.500000Z,17.68,0
1005,20181227T112029Z,['1J.TI7A.'],0.0,2018-12-27T11:20:29.030000Z,1.18,0
1006,20181227T112041Z,['1J.TI8A.'],0.0,2018-12-27T11:20:41.350000Z,2.97,0
1007,20181227T112128Z,['1J.TI8A.'],0.0,2018-12-27T11:21:28.730000Z,12.59,0
1008,20181227T112145Z,['1J.TI7A.'],0.0,2018-12-27T11:21:45.960000Z,1.09,0
1009,20181227T112229Z,['1J.TI8A.'],0.0,2018-12-27T11:22:29.270000Z,2.07,0
1010,20181227T112326Z,['1J.TI8A.'],0.0,2018-12-27T11:23:26.360000Z,2.88,0
1011,20181227T112400Z,['1J.TI7A.'],0.0,2018-12-27T11:24:00.810000Z,1.07,0
1012,20181227T112421Z,['1J.TI8A.'],0.0,2018-12-27T11:24:21.810000Z,3.29,0
1013,20181227T112514Z,"['1J.TI3A.', '1J.TI6A.', '1J.TI4A.']",0.0,2018-12-27T11:25:14.200000Z,14.67,0
1014,20181227T112538Z,['1J.TI8A.'],0.0,2018-12-27T11:25:38.640000Z,1.84,0
1015,20181227T112632Z,"['1J.TI8A.', '1J.TI3A.', '1J.TI6A.', '1J.TI7A.', '1J.TI4A.']",0.0,2018-12-27T11:26:32.840000Z,55.61,0
1016,20181227T112819Z,['1J.TI8A.'],0.0,2018-12-27T11:28:19.950000Z,0.71,0
1017,20181227T112913Z,['1J.TI8A.'],0.0,2018-12-27T11:29:13.870000Z,1.36,0
1018,20181227T112916Z,"['1J.TI6A.', '1J.TI4A.']",0.0,2018-12-27T11:29:16.630000Z,5.0,0
1019,20181227T112939Z,['1J.TI3A.'],0.0,2018-12-27T11:29:39.250000Z,3.82,0
1020,20181227T112944Z,['1J.TI8A.'],0.0,2018-12-27T11:29:44.590000Z,2.85,0
1021,20181227T112948Z,['1J.TI6A.'],0.0,2018-12-27T11:29:48.140000Z,2.76,0
1022,20181227T113006Z,['1J.TI8A.'],0.0,2018-12-27T11:30:06.010000Z,1.12,0
1023,20181227T113053Z,['1J.TI8A.'],0.0,2018-12-27T11:30:53.090000Z,2.11,0
1024,20181227T113131Z,['1J.TI8A.'],0.0,2018-12-27T11:31:31.220000Z,1.24,0
1025,20181227T113209Z,['1J.TI8A.'],0.0,2018-12-27T11:32:09.390000Z,1.52,0
1026,20181227T113230Z,['1J.TI7A.'],0.0,2018-12-27T11:32:30.560000Z,7.46,0
1027,20181227T113243Z,['1J.TI8A.'],0.0,2018-12-27T11:32:43.180000Z,1.18,0
1028,20181227T113317Z,"['1J.TI3A.', '1J.TI6A.', '1J.TI8A.']",0.0,2018-12-27T11:33:17.410000Z,16.9,0
1029,20181227T113419Z,['1J.TI8A.'],0.0,2018-12-27T11:34:19.350000Z,1.75,0
1030,20181227T113506Z,"['1J.TI6A.', '1J.TI8A.']",0.0,2018-12-27T11:35:06.150000Z,6.11,0
1031,20181227T113524Z,"['1J.TI6A.', '1J.TI8A.']",0.0,2018-12-27T11:35:24.800000Z,13.9,0
1032,20181227T113641Z,['1J.TI6A.'],0.0,2018-12-27T11:36:41.830000Z,5.6,0
1033,20181227T113649Z,"['1J.TI7A.', '1J.TI8A.']",0.0,2018-12-27T11:36:49.730000Z,18.26,0
1034,20181227T113746Z,['1J.TI8A.'],0.0,2018-12-27T11:37:46.460000Z,1.53,0
1035,20181227T113832Z,['1J.TI8A.'],0.0,2018-12-27T11:38:32.960000Z,1.54,0
1036,20181227T113918Z,['1J.TI8A.'],0.0,2018-12-27T11:39:18.940000Z,1.59,0
1037,20181227T113938Z,"['1J.TI3A.', '1J.TI6A.', '1J.TI7A.']",0.0,2018-12-27T11:39:38.620000Z,37.41,0
1038,20181227T114027Z,['1J.TI8A.'],0.0,2018-12-27T11:40:27.100000Z,1.9,0
1039,20181227T114116Z,['1J.TI7A.'],0.0,2018-12-27T11:41:16.190000Z,0.81,0
1040,20181227T114146Z,['1J.TI8A.'],0.0,2018-12-27T11:41:46.130000Z,2.04,0
1041,20181227T114205Z,['1J.TI7A.'],0.0,2018-12-27T11:42:05.840000Z,3.87,0
1042,20181227T114213Z,['1J.TI3A.'],0.0,2018-12-27T11:42:13.840000Z,8.75,0
1043,20181227T114224Z,['1J.TI8A.'],0.0,2018-12-27T11:42:24.550000Z,2.21,0
1044,20181227T114314Z,['1J.TI8A.'],0.0,2018-12-27T11:43:14.360000Z,0.8,0
1045,20181227T114341Z,['1J.TI8A.'],0.0,2018-12-27T11:43:41.940000Z,1.79,0
1046,20181227T114444Z,['1J.TI6A.'],0.0,2018-12-27T11:44:44.400000Z,10.01,0
1047,20181227T114614Z,['1J.TI4A.'],0.0,2018-12-27T11:46:14.660000Z,15.81,0
1048,20181227T114657Z,['1J.TI4A.'],0.0,2018-12-27T11:46:57.660000Z,60.69,0
1049,20181227T114812Z,['1J.TI6A.'],0.0,2018-12-27T11:48:12.150000Z,6.02,0
1050,20181227T114831Z,"['1J.TI6A.', '1J.TI3A.', '1J.TI8A.']",0.0,2018-12-27T11:48:31.520000Z,21.92,0
1051,20181227T114912Z,"['1J.TI3A.', '1J.TI6A.']",0.0,2018-12-27T11:49:12.990000Z,14.59,0
1052,20181227T115021Z,['1J.TI1A.'],0.0,2018-12-27T11:50:21.840000Z,17.1,0
1053,20181227T115050Z,['1J.TI6A.'],0.0,2018-12-27T11:50:50.550000Z,3.53,0
1054,20181227T115211Z,['1J.TI7A.'],0.0,2018-12-27T11:52:11.360000Z,17.91,0
1055,20181227T115512Z,"['1J.TI6A.', '1J.TI8A.']",0.0,2018-12-27T11:55:12.150000Z,6.2,0
1056,20181227T115716Z,"['1J.TI8A.', '1J.TI6A.']",0.0,2018-12-27T11:57:16.190000Z,18.24,0
1057,20181227T115836Z,['1J.TI6A.'],0.0,2018-12-27T11:58:36.810000Z,8.65,0
1058,20181227T115925Z,['1J.TI6A.'],0.0,2018-12-27T11:59:25.030000Z,2.66,0
1059,20181227T115955Z,"['1J.TI3A.', '1J.TI6A.']",0.0,2018-12-27T11:59:55.600000Z,13.43,0
1060,20181227T120011Z,['1J.TI7A.'],0.0,2018-12-27T12:00:11.230000Z,17.6,0
1061,20181227T120036Z,['1J.TI6A.'],0.0,2018-12-27T12:00:36.990000Z,7.26,0
1062,20181227T120207Z,['1J.TI7A.'],0.0,2018-12-27T12:02:07.120000Z,4.6,0
1063,20181227T120429Z,['1J.TI3A.'],0.0,2018-12-27T12:04:29.360000Z,1.44,0
1064,20181227T120633Z,['1J.TI6A.'],0.0,2018-12-27T12:06:33.370000Z,8.93,0
1065,20181227T120743Z,['1J.TI3A.'],0.0,2018-12-27T12:07:43.710000Z,1.08,0
1066,20181227T120750Z,['1J.TI6A.'],0.0,2018-12-27T12:07:50.290000Z,1.42,0
1067,20181227T120824Z,['1J.TI3A.'],0.0,2018-12-27T12:08:24.360000Z,3.95,0
1068,20181227T120913Z,"['1J.TI6A.', '1J.TI3A.', '1J.TI8A.', '1J.TI7A.']",0.0,2018-12-27T12:09:13.210000Z,25.47,0
1069,20181227T120946Z,['1J.TI7A.'],0.0,2018-12-27T12:09:46.100000Z,1.22,0
1070,20181227T121106Z,['1J.TI8A.'],0.0,2018-12-27T12:11:06.840000Z,0.83,0
1071,20181227T121111Z,['1J.TI3A.'],0.0,2018-12-27T12:11:11.020000Z,2.71,0
1072,20181227T121207Z,['1J.TI3A.'],0.0,2018-12-27T12:12:07.420000Z,2.78,0
1073,20181227T121225Z,['1J.TI8A.'],0.0,2018-12-27T12:12:25.150000Z,1.3,0
1074,20181227T121232Z,"['1J.TI3A.', '1J.TI6A.']",0.0,2018-12-27T12:12:32.800000Z,11.48,0
1075,20181227T121259Z,['1J.TI3A.'],0.0,2018-12-27T12:12:59.780000Z,1.08,0
1076,20181227T121332Z,['1J.TI8A.'],0.0,2018-12-27T12:13:32.490000Z,0.82,0
1077,20181227T121346Z,['1J.TI3A.'],0.0,2018-12-27T12:13:46.850000Z,8.6,0
1078,20181227T121418Z,['1J.TI3A.'],0.0,2018-12-27T12:14:18.200000Z,3.03,0
1079,20181227T121435Z,['1J.TI6A.'],0.0,2018-12-27T12:14:35.540000Z,1.4,0
1080,20181227T121502Z,"['1J.TI3A.', '1J.TI8A.']",0.0,2018-12-27T12:15:02.770000Z,2.98,0
1081,20181227T121518Z,['1J.TI3A.'],0.0,2018-12-27T12:15:18.850000Z,0.96,0
1082,20181227T121538Z,['1J.TI3A.'],0.0,2018-12-27T12:15:38.550000Z,1.12,0
1083,20181227T121551Z,['1J.TI8A.'],0.0,2018-12-27T12:15:51.660000Z,1.32,0
1084,20181227T121613Z,['1J.TI3A.'],0.0,2018-12-27T12:16:13.020000Z,4.87,0
1085,20181227T121633Z,['1J.TI3A.'],0.0,2018-12-27T12:16:33.180000Z,2.58,0
1086,20181227T121656Z,['1J.TI8A.'],0.0,2018-12-27T12:16:56.050000Z,6.2,0
1087,20181227T121719Z,"['1J.TI6A.', '1J.TI3A.']",0.0,2018-12-27T12:17:19.190000Z,11.5,0
1088,20181227T121814Z,"['1J.TI3A.', '1J.TI6A.', '1J.TI7A.']",0.0,2018-12-27T12:18:14.350000Z,8.58,0
1089,20181227T121838Z,['1J.TI3A.'],0.0,2018-12-27T12:18:38.230000Z,1.86,0
1090,20181227T121906Z,['1J.TI3A.'],0.0,2018-12-27T12:19:06.860000Z,0.75,0
1091,20181227T121935Z,['1J.TI3A.'],0.0,2018-12-27T12:19:35.940000Z,1.85,0
1092,20181227T121940Z,['1J.TI8A.'],0.0,2018-12-27T12:19:40.640000Z,0.88,0
1093,20181227T121942Z,['1J.TI4A.'],0.0,2018-12-27T12:19:42.280000Z,0.74,0
1094,20181227T122009Z,['1J.TI3A.'],0.0,2018-12-27T12:20:09.300000Z,0.94,0
1095,20181227T122024Z,['1J.TI8A.'],0.0,2018-12-27T12:20:24.770000Z,0.75,0
1096,20181227T122045Z,['1J.TI6A.'],0.0,2018-12-27T12:20:45.260000Z,1.96,0
1097,20181227T122121Z,['1J.TI3A.'],0.0,2018-12-27T12:21:21.450000Z,4.37,0
1098,20181227T122141Z,['1J.TI3A.'],0.0,2018-12-27T12:21:41.070000Z,0.71,0
1099,20181227T122148Z,['1J.TI8A.'],0.0,2018-12-27T12:21:48.850000Z,0.76,0
1100,20181227T122155Z,['1J.TI8A.'],0.0,2018-12-27T12:21:55.940000Z,1.3,0
1101,20181227T122209Z,['1J.TI3A.'],0.0,2018-12-27T12:22:09.930000Z,0.84,0
1102,20181227T122219Z,['1J.TI7A.'],0.0,2018-12-27T12:22:19.050000Z,17.26,0
1103,20181227T122252Z,['1J.TI3A.'],0.0,2018-12-27T12:22:52.660000Z,5.61,0
1104,20181227T122314Z,['1J.TI3A.'],0.0,2018-12-27T12:23:14.100000Z,1.82,0
1105,20181227T122325Z,"['1J.TI6A.', '1J.TI8A.', '1J.TI3A.']",0.0,2018-12-27T12:23:25.910000Z,20.35,0
1106,20181227T122411Z,['1J.TI3A.'],0.0,2018-12-27T12:24:11.550000Z,9.53,0
1107,20181227T122458Z,['1J.TI3A.'],0.0,2018-12-27T12:24:58.300000Z,0.89,0
1108,20181227T122530Z,['1J.TI3A.'],0.0,2018-12-27T12:25:30.650000Z,1.56,0
1109,20181227T122602Z,['1J.TI3A.'],0.0,2018-12-27T12:26:02.570000Z,1.86,0
1110,20181227T122609Z,['1J.TI8A.'],0.0,2018-12-27T12:26:09.900000Z,3.73,0
1111,20181227T122619Z,['1J.TI3A.'],0.0,2018-12-27T12:26:19.420000Z,3.94,0
1112,20181227T122644Z,['1J.TI3A.'],0.0,2018-12-27T12:26:44.090000Z,2.48,0
1113,20181227T122740Z,['1J.TI3A.'],0.0,2018-12-27T12:27:40.920000Z,1.98,0
1114,20181227T122751Z,"['1J.TI4A.', '1J.TI3A.']",0.0,2018-12-27T12:27:51.400000Z,9.67,0
1115,20181227T122805Z,['1J.TI3A.'],0.0,2018-12-27T12:28:05.970000Z,1.01,0
1116,20181227T122839Z,['1J.TI3A.'],0.0,2018-12-27T12:28:39.870000Z,6.71,0
1117,20181227T122914Z,['1J.TI3A.'],0.0,2018-12-27T12:29:14.240000Z,6.55,0
1118,20181227T122949Z,"['1J.TI4A.', '1J.TI3A.', '1J.TI6A.']",0.0,2018-12-27T12:29:49.240000Z,6.67,0
1119,20181227T123005Z,['1J.TI4A.'],0.0,2018-12-27T12:30:05.150000Z,5.28,0
1120,20181227T123017Z,['1J.TI6A.'],0.0,2018-12-27T12:30:17.690000Z,0.71,0
1121,20181227T123024Z,['1J.TI8A.'],0.0,2018-12-27T12:30:24.170000Z,0.71,0
1122,20181227T123027Z,['1J.TI3A.'],0.0,2018-12-27T12:30:27.050000Z,2.22,0
1123,20181227T123056Z,['1J.TI8A.'],0.0,2018-12-27T12:30:56.720000Z,11.17,0
1124,20181227T123145Z,['1J.TI6A.'],0.0,2018-12-27T12:31:45.020000Z,1.16,0
1125,20181227T123149Z,['1J.TI3A.'],0.0,2018-12-27T12:31:49.580000Z,0.62,0
1126,20181227T123202Z,['1J.TI4A.'],0.0,2018-12-27T12:32:02.710000Z,5.12,0
1127,20181227T123247Z,['1J.TI3A.'],0.0,2018-12-27T12:32:47.410000Z,1.8,0
1128,20181227T123334Z,"['1J.TI3A.', '1J.TI8A.']",0.0,2018-12-27T12:33:34.580000Z,2.62,0
1129,20181227T123438Z,['1J.TI3A.'],0.0,2018-12-27T12:34:38.940000Z,2.45,0
1130,20181227T123504Z,['1J.TI3A.'],0.0,2018-12-27T12:35:04.860000Z,1.05,0
1131,20181227T123542Z,"['1J.TI8A.', '1J.TI3A.']",0.0,2018-12-27T12:35:42.580000Z,15.74,0
1132,20181227T123602Z,['1J.TI3A.'],0.0,2018-12-27T12:36:02.060000Z,0.84,0
1133,20181227T123633Z,['1J.TI7A.'],0.0,2018-12-27T12:36:33.300000Z,17.22,0
1134,20181227T123713Z,['1J.TI3A.'],0.0,2018-12-27T12:37:13.060000Z,1.47,0
1135,20181227T123745Z,['1J.TI3A.'],0.0,2018-12-27T12:37:45.100000Z,2.5,0
1136,20181227T123748Z,['1J.TI8A.'],0.0,2018-12-27T12:37:48.530000Z,14.76,0
1137,20181227T123812Z,['1J.TI3A.'],0.0,2018-12-27T12:38:12.360000Z,1.0,0
1138,20181227T123848Z,['1J.TI3A.'],0.0,2018-12-27T12:38:48.240000Z,1.2,0
1139,20181227T123908Z,"['1J.TI1A.', '1J.TI4A.', '1J.TI8A.']",0.0,2018-12-27T12:39:08.730000Z,12.01,0
1140,20181227T123921Z,['1J.TI7A.'],0.0,2018-12-27T12:39:21.170000Z,1.2,0
1141,20181227T124004Z,['1J.TI3A.'],0.0,2018-12-27T12:40:04.330000Z,1.14,0
1142,20181227T124033Z,"['1J.TI3A.', '1J.TI7A.', '1J.TI8A.']",0.0,2018-12-27T12:40:33.080000Z,21.74,0
1143,20181227T124106Z,['1J.TI3A.'],0.0,2018-12-27T12:41:06.700000Z,0.79,0
1144,20181227T124127Z,['1J.TI3A.'],0.0,2018-12-27T12:41:27.630000Z,1.18,0
1145,20181227T124150Z,['1J.TI3A.'],0.0,2018-12-27T12:41:50.620000Z,2.92,0
1146,20181227T124259Z,['1J.TI6A.'],0.0,2018-12-27T12:42:59.160000Z,1.0,0
1147,20181227T124334Z,['1J.TI3A.'],0.0,2018-12-27T12:43:34.480000Z,1.45,0
1148,20181227T124354Z,['1J.TI3A.'],0.0,2018-12-27T12:43:54.600000Z,7.54,0
1149,20181227T124414Z,['1J.TI3A.'],0.0,2018-12-27T12:44:14.780000Z,1.06,0
1150,20181227T124508Z,['1J.TI3A.'],0.0,2018-12-27T12:45:08.870000Z,0.93,0
1151,20181227T124514Z,['1J.TI7A.'],0.0,2018-12-27T12:45:14.800000Z,11.37,0
1152,20181227T124555Z,['1J.TI3A.'],0.0,2018-12-27T12:45:55.330000Z,0.85,0
1153,20181227T124644Z,['1J.TI3A.'],0.0,2018-12-27T12:46:44.120000Z,1.62,0
1154,20181227T124651Z,['1J.TI8A.'],0.0,2018-12-27T12:46:51.380000Z,1.2,0
1155,20181227T124722Z,['1J.TI3A.'],0.0,2018-12-27T12:47:22.660000Z,3.62,0
1156,20181227T124739Z,['1J.TI3A.'],0.0,2018-12-27T12:47:39.000000Z,0.86,0
1157,20181227T124806Z,"['1J.TI3A.', '1J.TI6A.']",0.0,2018-12-27T12:48:06.560000Z,2.35,0
1158,20181227T124858Z,['1J.TI3A.'],0.0,2018-12-27T12:48:58.060000Z,2.69,0
1159,20181227T124952Z,['1J.TI3A.'],0.0,2018-12-27T12:49:52.350000Z,0.82,0
1160,20181227T124959Z,['1J.TI3A.'],0.0,2018-12-27T12:49:59.910000Z,0.85,0
1161,20181227T125047Z,['1J.TI3A.'],0.0,2018-12-27T12:50:47.110000Z,0.85,0
1162,20181227T125112Z,"['1J.TI8A.', '1J.TI3A.']",0.0,2018-12-27T12:51:12.610000Z,2.79,0
1163,20181227T125125Z,['1J.TI3A.'],0.0,2018-12-27T12:51:25.360000Z,1.48,0
1164,20181227T125235Z,['1J.TI3A.'],0.0,2018-12-27T12:52:35.920000Z,4.32,0
1165,20181227T125328Z,['1J.TI3A.'],0.0,2018-12-27T12:53:28.540000Z,2.1,0
1166,20181227T125346Z,"['1J.TI8A.', '1J.TI7A.']",0.0,2018-12-27T12:53:46.050000Z,30.5,0
1167,20181227T125511Z,['1J.TI3A.'],0.0,2018-12-27T12:55:11.460000Z,0.78,0
1168,20181227T125517Z,['1J.TI3A.'],0.0,2018-12-27T12:55:17.910000Z,0.91,0
1169,20181227T125749Z,['1J.TI3A.'],0.0,2018-12-27T12:57:49.650000Z,1.27,0
1170,20181227T125752Z,['1J.TI7A.'],0.0,2018-12-27T12:57:52.170000Z,17.21,0
1171,20181227T125838Z,['1J.TI8A.'],0.0,2018-12-27T12:58:38.180000Z,1.2,0
1172,20181227T125914Z,['1J.TI3A.'],0.0,2018-12-27T12:59:14.440000Z,0.78,0
1173,20181227T130153Z,"['1J.TI8A.', '1J.TI7A.']",0.0,2018-12-27T13:01:53.380000Z,19.14,0
1174,20181227T130303Z,['1J.TI6A.'],0.0,2018-12-27T13:03:03.210000Z,0.64,0
1175,20181227T130419Z,"['1J.TI6A.', '1J.TI3A.', '1J.TI8A.']",0.0,2018-12-27T13:04:19.570000Z,21.49,0
1176,20181227T130507Z,['1J.TI7A.'],0.0,2018-12-27T13:05:07.370000Z,1.95,0
1177,20181227T130537Z,['1J.TI3A.'],0.0,2018-12-27T13:05:37.550000Z,1.3,0
1178,20181227T130618Z,['1J.TI3A.'],0.0,2018-12-27T13:06:18.640000Z,1.12,0
1179,20181227T130634Z,['1J.TI7A.'],0.0,2018-12-27T13:06:34.230000Z,16.51,0
1180,20181227T130708Z,['1J.TI3A.'],0.0,2018-12-27T13:07:08.810000Z,8.51,0
1181,20181227T130913Z,['1J.TI8A.'],0.0,2018-12-27T13:09:13.230000Z,6.07,0
1182,20181227T130936Z,['1J.TI3A.'],0.0,2018-12-27T13:09:36.550000Z,3.11,0
1183,20181227T131052Z,['1J.TI8A.'],0.0,2018-12-27T13:10:52.130000Z,14.12,0
1184,20181227T131124Z,['1J.TI4A.'],0.0,2018-12-27T13:11:24.600000Z,1.05,0
1185,20181227T131209Z,['1J.TI8A.'],0.0,2018-12-27T13:12:09.160000Z,5.93,0
1186,20181227T131249Z,['1J.TI8A.'],0.0,2018-12-27T13:12:49.650000Z,7.78,0
1187,20181227T131540Z,['1J.TI8A.'],0.0,2018-12-27T13:15:40.390000Z,8.67,0
1188,20181227T131636Z,"['1J.TI8A.', '1J.TI7A.', '1J.TI3A.', '1J.TI6A.']",0.0,2018-12-27T13:16:36.760000Z,67.47,0
1189,20181227T131848Z,['1J.TI8A.'],0.0,2018-12-27T13:18:48.800000Z,19.21,0
1190,20181227T132116Z,['1J.TI8A.'],0.0,2018-12-27T13:21:16.260000Z,20.53,0
1191,20181227T132151Z,"['1J.TI3A.', '1J.TI6A.', '1J.TI7A.', '1J.TI8A.']",0.0,2018-12-27T13:21:51.510000Z,20.06,0
1192,20181227T132347Z,['1J.TI7A.'],0.0,2018-12-27T13:23:47.240000Z,1.68,0
1193,20181227T132350Z,['1J.TI3A.'],0.0,2018-12-27T13:23:50.760000Z,5.78,0
1194,20181227T132416Z,['1J.TI8A.'],0.0,2018-12-27T13:24:16.190000Z,1.76,0
1195,20181227T132451Z,['1J.TI8A.'],0.0,2018-12-27T13:24:51.290000Z,7.68,0
1196,20181227T132514Z,['1J.TI7A.'],0.0,2018-12-27T13:25:14.310000Z,0.72,0
1197,20181227T132608Z,['1J.TI8A.'],0.0,2018-12-27T13:26:08.170000Z,0.88,0
1198,20181227T132802Z,['1J.TI8A.'],0.0,2018-12-27T13:28:02.070000Z,1.16,0
1199,20181227T132855Z,['1J.TI8A.'],0.0,2018-12-27T13:28:55.390000Z,1.07,0
1200,20181227T133027Z,['1J.TI8A.'],0.0,2018-12-27T13:30:27.730000Z,2.07,0
1201,20181227T133126Z,['1J.TI8A.'],0.0,2018-12-27T13:31:26.180000Z,1.48,0
1202,20181227T133241Z,['1J.TI7A.'],0.0,2018-12-27T13:32:41.160000Z,18.76,0
1203,20181227T133447Z,"['1J.TI8A.', '1J.TI3A.']",0.0,2018-12-27T13:34:47.080000Z,28.25,0
1204,20181227T133752Z,['1J.TI8A.'],0.0,2018-12-27T13:37:52.390000Z,2.04,0
1205,20181227T133842Z,"['1J.TI8A.', '1J.TI6A.']",0.0,2018-12-27T13:38:42.360000Z,20.2,0
1206,20181227T134146Z,['1J.TI8A.'],0.0,2018-12-27T13:41:46.780000Z,0.72,0
1207,20181227T134249Z,"['1J.TI8A.', '1J.TI7A.']",0.0,2018-12-27T13:42:49.800000Z,21.09,0
1208,20181227T134314Z,"['1J.TI3A.', '1J.TI8A.']",0.0,2018-12-27T13:43:14.250000Z,15.41,0
1209,20181227T134505Z,['1J.TI8A.'],0.0,2018-12-27T13:45:05.710000Z,2.56,0
1210,20181227T134638Z,['1J.TI8A.'],0.0,2018-12-27T13:46:38.670000Z,0.77,0
1211,20181227T134754Z,['1J.TI8A.'],0.0,2018-12-27T13:47:54.290000Z,7.64,0
1212,20181227T134900Z,['1J.TI3A.'],0.0,2018-12-27T13:49:00.880000Z,5.77,0
1213,20181227T134908Z,['1J.TI8A.'],0.0,2018-12-27T13:49:08.520000Z,1.77,0
1214,20181227T135001Z,['1J.TI1A.'],0.0,2018-12-27T13:50:01.360000Z,17.47,0
1215,20181227T135158Z,['1J.TI8A.'],0.0,2018-12-27T13:51:58.630000Z,2.38,0
1216,20181227T135227Z,"['1J.TI7A.', '1J.TI8A.']",0.0,2018-12-27T13:52:27.560000Z,21.62,0
1217,20181227T135427Z,['1J.TI7A.'],0.0,2018-12-27T13:54:27.550000Z,17.38,0
1218,20181227T135705Z,['1J.TI8A.'],0.0,2018-12-27T13:57:05.540000Z,0.83,0
1219,20181227T135931Z,['1J.TI8A.'],0.0,2018-12-27T13:59:31.950000Z,1.42,0
1220,20181227T135949Z,['1J.TI7A.'],0.0,2018-12-27T13:59:49.080000Z,6.37,0
1221,20181227T140100Z,['1J.TI8A.'],0.0,2018-12-27T14:01:00.810000Z,0.96,0
1222,20181227T140119Z,['1J.TI8A.'],0.0,2018-12-27T14:01:19.150000Z,3.27,0
1223,20181227T140254Z,['1J.TI8A.'],0.0,2018-12-27T14:02:54.820000Z,2.03,0
1224,20181227T140343Z,['1J.TI8A.'],0.0,2018-12-27T14:03:43.720000Z,8.92,0
1225,20181227T140501Z,['1J.TI7A.'],0.0,2018-12-27T14:05:01.700000Z,3.26,0
1226,20181227T140513Z,['1J.TI8A.'],0.0,2018-12-27T14:05:13.350000Z,13.23,0
1227,20181227T140641Z,['1J.TI7A.'],0.0,2018-12-27T14:06:41.880000Z,2.69,0
1228,20181227T140919Z,['1J.TI8A.'],0.0,2018-12-27T14:09:19.810000Z,0.99,0
1229,20181227T141014Z,['1J.TI7A.'],0.0,2018-12-27T14:10:14.450000Z,17.31,0
1230,20181227T141114Z,['1J.TI8A.'],0.0,2018-12-27T14:11:14.570000Z,1.16,0
1231,20181227T141537Z,['1J.TI8A.'],0.0,2018-12-27T14:15:37.410000Z,4.82,0
1232,20181227T141636Z,['1J.TI8A.'],0.0,2018-12-27T14:16:36.650000Z,0.83,0
1233,20181227T141642Z,"['1J.TI8A.', '1J.TI3A.', '1J.TI6A.', '1J.TI7A.']",0.0,2018-12-27T14:16:42.980000Z,49.84,0
1234,20181227T141801Z,['1J.TI1A.'],0.0,2018-12-27T14:18:01.170000Z,42.73,0
1235,20181227T141943Z,['1J.TI3A.'],0.0,2018-12-27T14:19:43.570000Z,5.78,0
1236,20181227T142105Z,['1J.TI8A.'],0.0,2018-12-27T14:21:05.230000Z,1.26,0
1237,20181227T142112Z,['1J.TI8A.'],0.0,2018-12-27T14:21:12.890000Z,4.9,0
1238,20181227T142148Z,['1J.TI7A.'],0.0,2018-12-27T14:21:48.270000Z,17.16,0
1239,20181227T142442Z,['1J.TI7A.'],0.0,2018-12-27T14:24:42.120000Z,17.22,0
1240,20181227T142642Z,['1J.TI1A.'],0.0,2018-12-27T14:26:42.600000Z,1.64,0
1241,20181227T142758Z,"['1J.TI1A.', '1J.TI4A.']",0.0,2018-12-27T14:27:58.200000Z,28.29,0
1242,20181227T142937Z,['1J.TI1A.'],0.0,2018-12-27T14:29:37.450000Z,1.64,0
1243,20181227T143001Z,['1J.TI4A.'],0.0,2018-12-27T14:30:01.590000Z,9.13,0
1244,20181227T143020Z,['1J.TI1A.'],0.0,2018-12-27T14:30:20.950000Z,1.69,0
1245,20181227T143029Z,['1J.TI4A.'],0.0,2018-12-27T14:30:29.210000Z,52.1,0
1246,20181227T143325Z,"['1J.TI8A.', '1J.TI7A.']",0.0,2018-12-27T14:33:25.900000Z,50.45,0
1247,20181227T143654Z,['1J.TI3A.'],0.0,2018-12-27T14:36:54.480000Z,3.66,0
1248,20181227T143754Z,['1J.TI7A.'],0.0,2018-12-27T14:37:54.490000Z,17.36,0
1249,20181227T143917Z,['1J.TI1A.'],0.0,2018-12-27T14:39:17.480000Z,47.71,0
1250,20181227T144138Z,['1J.TI8A.'],0.0,2018-12-27T14:41:38.030000Z,4.9,0
1251,20181227T144155Z,['1J.TI3A.'],0.0,2018-12-27T14:41:55.360000Z,0.92,0
1252,20181227T144311Z,['1J.TI7A.'],0.0,2018-12-27T14:43:11.460000Z,13.37,0
1253,20181227T144504Z,['1J.TI8A.'],0.0,2018-12-27T14:45:04.840000Z,1.01,0
1254,20181227T144530Z,['1J.TI7A.'],0.0,2018-12-27T14:45:30.080000Z,1.61,0
1255,20181227T144531Z,['1J.TI8A.'],0.0,2018-12-27T14:45:31.830000Z,3.16,0
1256,20181227T144712Z,['1J.TI8A.'],0.0,2018-12-27T14:47:12.030000Z,1.71,0
1257,20181227T144729Z,"['1J.TI3A.', '1J.TI7A.']",0.0,2018-12-27T14:47:29.060000Z,26.57,0
1258,20181227T144822Z,"['1J.TI3A.', '1J.TI8A.']",0.0,2018-12-27T14:48:22.940000Z,4.08,0
1259,20181227T144923Z,['1J.TI8A.'],0.0,2018-12-27T14:49:23.970000Z,0.8,0
1260,20181227T144945Z,['1J.TI8A.'],0.0,2018-12-27T14:49:45.100000Z,3.38,0
1261,20181227T144956Z,"['1J.TI3A.', '1J.TI6A.', '1J.TI8A.']",0.0,2018-12-27T14:49:56.820000Z,24.85,0
1262,20181227T145117Z,['1J.TI8A.'],0.0,2018-12-27T14:51:17.590000Z,0.84,0
1263,20181227T145209Z,['1J.TI8A.'],0.0,2018-12-27T14:52:09.850000Z,0.97,0
1264,20181227T145258Z,['1J.TI8A.'],0.0,2018-12-27T14:52:58.420000Z,9.82,0
1265,20181227T145351Z,['1J.TI8A.'],0.0,2018-12-27T14:53:51.900000Z,0.86,0
1266,20181227T145441Z,['1J.TI8A.'],0.0,2018-12-27T14:54:41.590000Z,1.18,0
1267,20181227T145532Z,['1J.TI8A.'],0.0,2018-12-27T14:55:32.670000Z,0.76,0
1268,20181227T145551Z,"['1J.TI8A.', '1J.TI3A.']",0.0,2018-12-27T14:55:51.780000Z,15.57,0
1269,20181227T145826Z,['1J.TI8A.'],0.0,2018-12-27T14:58:26.980000Z,1.24,0
1270,20181227T145917Z,['1J.TI8A.'],0.0,2018-12-27T14:59:17.590000Z,0.69,0
1271,20181227T150030Z,['1J.TI8A.'],0.0,2018-12-27T15:00:30.660000Z,1.05,0
1272,20181227T150100Z,['1J.TI7A.'],0.0,2018-12-27T15:01:00.650000Z,17.03,0
1273,20181227T150120Z,['1J.TI8A.'],0.0,2018-12-27T15:01:20.190000Z,0.89,0
1274,20181227T150224Z,['1J.TI8A.'],0.0,2018-12-27T15:02:24.080000Z,1.12,0
1275,20181227T150314Z,['1J.TI8A.'],0.0,2018-12-27T15:03:14.370000Z,0.97,0
1276,20181227T150404Z,['1J.TI8A.'],0.0,2018-12-27T15:04:04.370000Z,1.01,0
1277,20181227T150418Z,['1J.TI3A.'],0.0,2018-12-27T15:04:18.050000Z,4.64,0
1278,20181227T150455Z,['1J.TI8A.'],0.0,2018-12-27T15:04:55.190000Z,1.41,0
1279,20181227T150548Z,['1J.TI8A.'],0.0,2018-12-27T15:05:48.320000Z,0.89,0
1280,20181227T150629Z,['1J.TI8A.'],0.0,2018-12-27T15:06:29.890000Z,0.73,0
1281,20181227T150746Z,['1J.TI8A.'],0.0,2018-12-27T15:07:46.770000Z,0.94,0
1282,20181227T150840Z,['1J.TI8A.'],0.0,2018-12-27T15:08:40.570000Z,0.97,0
1283,20181227T150905Z,['1J.TI8A.'],0.0,2018-12-27T15:09:05.500000Z,8.89,0
1284,20181227T150931Z,['1J.TI8A.'],0.0,2018-12-27T15:09:31.850000Z,26.6,0
1285,20181227T151014Z,['1J.TI8A.'],0.0,2018-12-27T15:10:14.560000Z,6.53,0
1286,20181227T151203Z,"['1J.TI3A.', '1J.TI8A.']",0.0,2018-12-27T15:12:03.290000Z,10.4,0
1287,20181227T151243Z,"['1J.TI8A.', '1J.TI7A.']",0.0,2018-12-27T15:12:43.000000Z,17.76,0
1288,20181227T151327Z,"['1J.TI7A.', '1J.TI8A.']",0.0,2018-12-27T15:13:27.350000Z,34.11,0
1289,20181227T151626Z,['1J.TI7A.'],0.0,2018-12-27T15:16:26.260000Z,1.77,0
1290,20181227T151631Z,['1J.TI8A.'],0.0,2018-12-27T15:16:31.720000Z,0.87,0
1291,20181227T151729Z,['1J.TI8A.'],0.0,2018-12-27T15:17:29.920000Z,0.79,0
1292,20181227T151800Z,['1J.TI8A.'],0.0,2018-12-27T15:18:00.440000Z,12.13,0
1293,20181227T152012Z,"['1J.TI7A.', '1J.TI3A.']",0.0,2018-12-27T15:20:12.600000Z,16.33,0
1294,20181227T152248Z,['1J.TI8A.'],0.0,2018-12-27T15:22:48.240000Z,0.66,0
1295,20181227T152249Z,['1J.TI7A.'],0.0,2018-12-27T15:22:49.060000Z,0.85,0
1296,20181227T152324Z,['1J.TI8A.'],0.0,2018-12-27T15:23:24.640000Z,12.46,0
1297,20181227T152516Z,"['1J.TI7A.', '1J.TI8A.']",0.0,2018-12-27T15:25:16.940000Z,1.64,0
1298,20181227T152528Z,['1J.TI8A.'],0.0,2018-12-27T15:25:28.140000Z,12.07,0
1299,20181227T152555Z,"['1J.TI8A.', '1J.TI7A.']",0.0,2018-12-27T15:25:55.390000Z,21.36,0
1300,20181227T152753Z,['1J.TI8A.'],0.0,2018-12-27T15:27:53.680000Z,4.55,0
1301,20181227T152854Z,['1J.TI8A.'],0.0,2018-12-27T15:28:54.290000Z,4.6,0
1302,20181227T153001Z,['1J.TI7A.'],0.0,2018-12-27T15:30:01.990000Z,2.25,0
1303,20181227T153016Z,['1J.TI7A.'],0.0,2018-12-27T15:30:16.430000Z,16.54,0
1304,20181227T153213Z,['1J.TI8A.'],0.0,2018-12-27T15:32:13.300000Z,5.09,0
1305,20181227T153323Z,['1J.TI4A.'],0.0,2018-12-27T15:33:23.660000Z,1.92,0
1306,20181227T153601Z,['1J.TI8A.'],0.0,2018-12-27T15:36:01.130000Z,0.93,0
1307,20181227T153723Z,['1J.TI1A.'],0.0,2018-12-27T15:37:23.290000Z,2.98,0
1308,20181227T153825Z,['1J.TI8A.'],0.0,2018-12-27T15:38:25.980000Z,12.36,0
1309,20181227T153946Z,['1J.TI7A.'],0.0,2018-12-27T15:39:46.210000Z,1.06,0
1310,20181227T154140Z,['1J.TI1A.'],0.0,2018-12-27T15:41:40.570000Z,1.96,0
1311,20181227T154201Z,['1J.TI1A.'],0.0,2018-12-27T15:42:01.800000Z,5.49,0
1312,20181227T154210Z,['1J.TI7A.'],0.0,2018-12-27T15:42:10.580000Z,16.86,0
1313,20181227T154349Z,['1J.TI1A.'],0.0,2018-12-27T15:43:49.530000Z,18.62,0
1314,20181227T154410Z,['1J.TI3A.'],0.0,2018-12-27T15:44:10.870000Z,3.33,0
1315,20181227T154440Z,"['1J.TI1A.', '1J.TI3A.']",0.0,2018-12-27T15:44:40.930000Z,47.08,0
1316,20181227T154746Z,['1J.TI8A.'],0.0,2018-12-27T15:47:46.740000Z,0.69,0
1317,20181227T154822Z,['1J.TI1A.'],0.0,2018-12-27T15:48:22.150000Z,20.16,0
1318,20181227T154938Z,['1J.TI3A.'],0.0,2018-12-27T15:49:38.290000Z,0.92,0
1319,20181227T155021Z,['1J.TI3A.'],0.0,2018-12-27T15:50:21.060000Z,2.39,0
1320,20181227T155134Z,['1J.TI1A.'],0.0,2018-12-27T15:51:34.850000Z,1.63,0
1321,20181227T155208Z,['1J.TI1A.'],0.0,2018-12-27T15:52:08.200000Z,2.44,0
1322,20181227T155213Z,['1J.TI8A.'],0.0,2018-12-27T15:52:13.810000Z,1.27,0
1323,20181227T155309Z,['1J.TI8A.'],0.0,2018-12-27T15:53:09.570000Z,18.22,0
1324,20181227T155410Z,['1J.TI8A.'],0.0,2018-12-27T15:54:10.070000Z,7.97,0
1325,20181227T155451Z,"['1J.TI1A.', '1J.TI8A.']",0.0,2018-12-27T15:54:51.650000Z,97.89,0
1326,20181227T155640Z,['1J.TI3A.'],0.0,2018-12-27T15:56:40.650000Z,21.81,0
1327,20181227T155727Z,['1J.TI3A.'],0.0,2018-12-27T15:57:27.060000Z,13.05,0
1328,20181227T155745Z,['1J.TI7A.'],0.0,2018-12-27T15:57:45.180000Z,15.21,0
1329,20181227T160113Z,['1J.TI8A.'],0.0,2018-12-27T16:01:13.300000Z,0.94,0
1330,20181227T160212Z,['1J.TI8A.'],0.0,2018-12-27T16:02:12.360000Z,0.93,0
1331,20181227T160438Z,['1J.TI8A.'],0.0,2018-12-27T16:04:38.640000Z,0.71,0
1332,20181227T160506Z,['1J.TI7A.'],0.0,2018-12-27T16:05:06.350000Z,12.2,0
1333,20181227T160549Z,"['1J.TI7A.', '1J.TI8A.']",0.0,2018-12-27T16:05:49.180000Z,23.85,0
1334,20181227T160748Z,['1J.TI7A.'],0.0,2018-12-27T16:07:48.970000Z,2.9,0
1335,20181227T160836Z,['1J.TI8A.'],0.0,2018-12-27T16:08:36.990000Z,3.25,0
1336,20181227T160938Z,['1J.TI7A.'],0.0,2018-12-27T16:09:38.390000Z,18.05,0
1337,20181227T161353Z,"['1J.TI8A.', '1J.TI6A.', '1J.TI7A.']",0.0,2018-12-27T16:13:53.340000Z,22.87,0
1338,20181227T161739Z,['1J.TI7A.'],0.0,2018-12-27T16:17:39.530000Z,12.66,0
1339,20181227T162616Z,['1J.TI8A.'],0.0,2018-12-27T16:26:16.390000Z,9.14,0
1340,20181227T162702Z,['1J.TI3A.'],0.0,2018-12-27T16:27:02.150000Z,7.8,0
1341,20181227T163115Z,"['1J.TI7A.', '1J.TI3A.']",0.0,2018-12-27T16:31:15.120000Z,19.2,0
1342,20181227T163330Z,['1J.TI7A.'],0.0,2018-12-27T16:33:30.730000Z,2.91,0
1343,20181227T163722Z,['1J.TI3A.'],0.0,2018-12-27T16:37:22.210000Z,2.6,0
1344,20181227T163920Z,['1J.TI1A.'],0.0,2018-12-27T16:39:20.980000Z,15.26,0
1345,20181227T164424Z,['1J.TI1A.'],0.0,2018-12-27T16:44:24.910000Z,14.28,0
1346,20181227T164644Z,['1J.TI1A.'],0.0,2018-12-27T16:46:44.290000Z,3.43,0
1347,20181227T164835Z,['1J.TI7A.'],0.0,2018-12-27T16:48:35.290000Z,16.55,0
1348,20181227T164854Z,['1J.TI8A.'],0.0,2018-12-27T16:48:54.140000Z,15.41,0
1349,20181227T165029Z,['1J.TI8A.'],0.0,2018-12-27T16:50:29.570000Z,10.03,0
1350,20181227T165437Z,"['1J.TI1A.', '1J.TI3A.']",0.0,2018-12-27T16:54:37.700000Z,61.93,0
1351,20181227T165650Z,['1J.TI1A.'],0.0,2018-12-27T16:56:50.340000Z,9.6,0
1352,20181227T165754Z,['1J.TI3A.'],0.0,2018-12-27T16:57:54.060000Z,2.11,0
1353,20181227T165827Z,"['1J.TI1A.', '1J.TI3A.', '1J.TI8A.']",0.0,2018-12-27T16:58:27.620000Z,36.87,0
1354,20181227T165906Z,"['1J.TI7A.', '1J.TI1A.']",0.0,2018-12-27T16:59:06.940000Z,14.05,0
1355,20181227T170157Z,['1J.TI1A.'],0.0,2018-12-27T17:01:57.160000Z,11.27,0
1356,20181227T170429Z,"['1J.TI3A.', '1J.TI8A.']",0.0,2018-12-27T17:04:29.620000Z,37.32,0
1357,20181227T170617Z,['1J.TI1A.'],0.0,2018-12-27T17:06:17.540000Z,36.22,0
1358,20181227T171157Z,['1J.TI8A.'],0.0,2018-12-27T17:11:57.330000Z,0.93,0
1359,20181227T171215Z,"['1J.TI8A.', '1J.TI3A.', '1J.TI7A.', '1J.TI6A.']",0.0,2018-12-27T17:12:15.120000Z,51.46,0
1360,20181227T171447Z,['1J.TI8A.'],0.0,2018-12-27T17:14:47.530000Z,5.9,0
1361,20181227T172008Z,['1J.TI3A.'],0.0,2018-12-27T17:20:08.340000Z,2.25,0
1362,20181227T172359Z,['1J.TI8A.'],0.0,2018-12-27T17:23:59.610000Z,4.75,0
1363,20181227T172431Z,['1J.TI1A.'],0.0,2018-12-27T17:24:31.860000Z,1.4,0
1364,20181227T172529Z,['1J.TI8A.'],0.0,2018-12-27T17:25:29.320000Z,7.09,0
1365,20181227T172952Z,['1J.TI7A.'],0.0,2018-12-27T17:29:52.960000Z,16.23,0
1366,20181227T173204Z,['1J.TI8A.'],0.0,2018-12-27T17:32:04.760000Z,3.34,0
1367,20181227T173333Z,['1J.TI8A.'],0.0,2018-12-27T17:33:33.900000Z,2.93,0
1368,20181227T173357Z,"['1J.TI1A.', '1J.TI4A.']",0.0,2018-12-27T17:33:57.100000Z,30.64,0
1369,20181227T173505Z,['1J.TI8A.'],0.0,2018-12-27T17:35:05.150000Z,10.56,0
1370,20181227T173547Z,['1J.TI8A.'],0.0,2018-12-27T17:35:47.660000Z,3.28,0
1371,20181227T173558Z,['1J.TI3A.'],0.0,2018-12-27T17:35:58.110000Z,10.08,0
1372,20181227T173612Z,['1J.TI7A.'],0.0,2018-12-27T17:36:12.440000Z,13.66,0
1373,20181227T173921Z,['1J.TI1A.'],0.0,2018-12-27T17:39:21.510000Z,6.83,0
1374,20181227T174003Z,['1J.TI8A.'],0.0,2018-12-27T17:40:03.920000Z,10.42,0
1375,20181227T174100Z,['1J.TI3A.'],0.0,2018-12-27T17:41:00.960000Z,4.72,0
1376,20181227T174116Z,['1J.TI8A.'],0.0,2018-12-27T17:41:16.720000Z,14.99,0
1377,20181227T174207Z,['1J.TI8A.'],0.0,2018-12-27T17:42:07.030000Z,4.02,0
1378,20181227T174349Z,['1J.TI1A.'],0.0,2018-12-27T17:43:49.400000Z,6.13,0
1379,20181227T174359Z,['1J.TI3A.'],0.0,2018-12-27T17:43:59.740000Z,1.3,0
1380,20181227T174537Z,['1J.TI3A.'],0.0,2018-12-27T17:45:37.990000Z,7.57,0
1381,20181227T174646Z,"['1J.TI1A.', '1J.TI7A.']",0.0,2018-12-27T17:46:46.110000Z,13.53,0
1382,20181227T174750Z,['1J.TI8A.'],0.0,2018-12-27T17:47:50.790000Z,20.3,0
1383,20181227T174837Z,['1J.TI3A.'],0.0,2018-12-27T17:48:37.050000Z,2.43,0
1384,20181227T174956Z,['1J.TI8A.'],0.0,2018-12-27T17:49:56.670000Z,4.96,0
1385,20181227T175127Z,['1J.TI8A.'],0.0,2018-12-27T17:51:27.360000Z,3.85,0
1386,20181227T175500Z,['1J.TI1A.'],0.0,2018-12-27T17:55:00.080000Z,11.38,0
1387,20181227T175542Z,['1J.TI7A.'],0.0,2018-12-27T17:55:42.410000Z,13.27,0
1388,20181227T175557Z,['1J.TI3A.'],0.0,2018-12-27T17:55:57.420000Z,7.56,0
1389,20181227T175622Z,['1J.TI8A.'],0.0,2018-12-27T17:56:22.010000Z,6.98,0
1390,20181227T180131Z,['1J.TI8A.'],0.0,2018-12-27T18:01:31.320000Z,2.77,0
1391,20181227T180237Z,"['1J.TI1A.', '1J.TI3A.', '1J.TI7A.', '1J.TI8A.']",0.0,2018-12-27T18:02:37.420000Z,55.43,0
1392,20181227T180417Z,['1J.TI3A.'],0.0,2018-12-27T18:04:17.880000Z,1.56,0
1393,20181227T180533Z,['1J.TI1A.'],0.0,2018-12-27T18:05:33.800000Z,5.18,0
1394,20181227T180708Z,['1J.TI8A.'],0.0,2018-12-27T18:07:08.420000Z,2.0,0
1395,20181227T181019Z,['1J.TI1A.'],0.0,2018-12-27T18:10:19.510000Z,8.8,0
1396,20181227T181039Z,['1J.TI7A.'],0.0,2018-12-27T18:10:39.540000Z,11.61,0
1397,20181227T181139Z,['1J.TI8A.'],0.0,2018-12-27T18:11:39.060000Z,2.31,0
1398,20181227T181312Z,['1J.TI8A.'],0.0,2018-12-27T18:13:12.990000Z,5.98,0
1399,20181227T181442Z,['1J.TI8A.'],0.0,2018-12-27T18:14:42.150000Z,11.0,0
1400,20181227T181520Z,['1J.TI8A.'],0.0,2018-12-27T18:15:20.840000Z,1.17,0
1401,20181227T181615Z,['1J.TI3A.'],0.0,2018-12-27T18:16:15.140000Z,8.17,0
1402,20181227T181700Z,['1J.TI8A.'],0.0,2018-12-27T18:17:00.640000Z,1.1,0
1403,20181227T181819Z,"['1J.TI8A.', '1J.TI3A.', '1J.TI1A.']",0.0,2018-12-27T18:18:19.440000Z,15.58,0
1404,20181227T181928Z,['1J.TI8A.'],0.0,2018-12-27T18:19:28.030000Z,2.07,0
1405,20181227T181945Z,['1J.TI8A.'],0.0,2018-12-27T18:19:45.040000Z,3.91,0
1406,20181227T182116Z,['1J.TI1A.'],0.0,2018-12-27T18:21:16.960000Z,15.82,0
1407,20181227T182214Z,['1J.TI1A.'],0.0,2018-12-27T18:22:14.840000Z,1.55,0
1408,20181227T182235Z,['1J.TI1A.'],0.0,2018-12-27T18:22:35.920000Z,36.7,0
1409,20181227T182409Z,['1J.TI1A.'],0.0,2018-12-27T18:24:09.790000Z,29.94,0
1410,20181227T182455Z,['1J.TI8A.'],0.0,2018-12-27T18:24:55.560000Z,2.65,0
1411,20181227T182506Z,['1J.TI1A.'],0.0,2018-12-27T18:25:06.300000Z,20.09,0
1412,20181227T182530Z,['1J.TI8A.'],0.0,2018-12-27T18:25:30.340000Z,5.32,0
1413,20181227T182716Z,['1J.TI1A.'],0.0,2018-12-27T18:27:16.560000Z,13.67,0
1414,20181227T182751Z,['1J.TI8A.'],0.0,2018-12-27T18:27:51.230000Z,0.83,0
1415,20181227T182843Z,['1J.TI1A.'],0.0,2018-12-27T18:28:43.800000Z,2.39,0
1416,20181227T182916Z,['1J.TI8A.'],0.0,2018-12-27T18:29:16.040000Z,3.1,0
1417,20181227T182930Z,['1J.TI8A.'],0.0,2018-12-27T18:29:30.590000Z,17.19,0
1418,20181227T183021Z,['1J.TI3A.'],0.0,2018-12-27T18:30:21.770000Z,10.07,0
1419,20181227T183123Z,['1J.TI1A.'],0.0,2018-12-27T18:31:23.410000Z,3.48,0
1420,20181227T183323Z,"['1J.TI1A.', '1J.TI3A.']",0.0,2018-12-27T18:33:23.070000Z,75.89,0
1421,20181227T183445Z,['1J.TI8A.'],0.0,2018-12-27T18:34:45.790000Z,4.49,0
1422,20181227T183725Z,['1J.TI8A.'],0.0,2018-12-27T18:37:25.790000Z,6.6,0
1423,20181227T184148Z,['1J.TI3A.'],0.0,2018-12-27T18:41:48.500000Z,10.22,0
1424,20181227T184632Z,['1J.TI3A.'],0.0,2018-12-27T18:46:32.870000Z,7.28,0
1425,20181227T184909Z,['1J.TI3A.'],0.0,2018-12-27T18:49:09.890000Z,3.55,0
1426,20181227T185550Z,['1J.TI8A.'],0.0,2018-12-27T18:55:50.260000Z,8.55,0
1427,20181227T185814Z,['1J.TI8A.'],0.0,2018-12-27T18:58:14.060000Z,1.34,0
1428,20181227T185913Z,['1J.TI8A.'],0.0,2018-12-27T18:59:13.870000Z,1.36,0
1429,20181227T185939Z,['1J.TI8A.'],0.0,2018-12-27T18:59:39.250000Z,3.5,0
1430,20181227T190112Z,['1J.TI8A.'],0.0,2018-12-27T19:01:12.580000Z,2.36,0
1431,20181227T190130Z,['1J.TI8A.'],0.0,2018-12-27T19:01:30.530000Z,3.02,0
1432,20181227T190301Z,['1J.TI3A.'],0.0,2018-12-27T19:03:01.400000Z,7.95,0
1433,20181227T190638Z,['1J.TI8A.'],0.0,2018-12-27T19:06:38.070000Z,1.54,0
1434,20181227T190852Z,['1J.TI8A.'],0.0,2018-12-27T19:08:52.660000Z,5.99,0
1435,20181227T190948Z,['1J.TI3A.'],0.0,2018-12-27T19:09:48.830000Z,4.14,0
1436,20181227T191013Z,['1J.TI3A.'],0.0,2018-12-27T19:10:13.380000Z,1.17,0
1437,20181227T191218Z,['1J.TI8A.'],0.0,2018-12-27T19:12:18.730000Z,3.58,0
1438,20181227T191327Z,['1J.TI8A.'],0.0,2018-12-27T19:13:27.220000Z,22.29,0
1439,20181227T191353Z,['1J.TI4A.'],0.0,2018-12-27T19:13:53.600000Z,3.31,0
1440,20181227T191502Z,['1J.TI8A.'],0.0,2018-12-27T19:15:02.240000Z,10.59,0
1441,20181227T191610Z,['1J.TI8A.'],0.0,2018-12-27T19:16:10.310000Z,8.79,0
1442,20181227T191639Z,['1J.TI8A.'],0.0,2018-12-27T19:16:39.370000Z,1.29,0
1443,20181227T191753Z,['1J.TI8A.'],0.0,2018-12-27T19:17:53.120000Z,4.4,0
1444,20181227T191832Z,['1J.TI8A.'],0.0,2018-12-27T19:18:32.320000Z,13.26,0
1445,20181227T191949Z,['1J.TI8A.'],0.0,2018-12-27T19:19:49.710000Z,3.19,0
1446,20181227T192244Z,"['1J.TI3A.', '1J.TI8A.']",0.0,2018-12-27T19:22:44.380000Z,21.31,0
1447,20181227T192350Z,"['1J.TI7A.', '1J.TI8A.']",0.0,2018-12-27T19:23:50.170000Z,16.87,0
1448,20181227T192437Z,['1J.TI7A.'],0.0,2018-12-27T19:24:37.950000Z,1.4,0
1449,20181227T192623Z,['1J.TI8A.'],0.0,2018-12-27T19:26:23.340000Z,2.98,0
1450,20181227T193245Z,['1J.TI8A.'],0.0,2018-12-27T19:32:45.210000Z,11.61,0
1451,20181227T193412Z,"['1J.TI1A.', '1J.TI8A.']",0.0,2018-12-27T19:34:12.410000Z,23.11,0
1452,20181227T193624Z,['1J.TI3A.'],0.0,2018-12-27T19:36:24.810000Z,8.95,0
1453,20181227T193713Z,['1J.TI8A.'],0.0,2018-12-27T19:37:13.070000Z,8.0,0
1454,20181227T193843Z,['1J.TI8A.'],0.0,2018-12-27T19:38:43.590000Z,7.35,0
1455,20181227T194014Z,['1J.TI8A.'],0.0,2018-12-27T19:40:14.690000Z,20.29,0
1456,20181227T194357Z,['1J.TI8A.'],0.0,2018-12-27T19:43:57.670000Z,16.62,0
1457,20181227T194423Z,"['1J.TI3A.', '1J.TI6A.', '1J.TI8A.']",0.0,2018-12-27T19:44:23.420000Z,21.64,0
1458,20181227T194732Z,['1J.TI8A.'],0.0,2018-12-27T19:47:32.750000Z,5.06,0
1459,20181227T194932Z,['1J.TI8A.'],0.0,2018-12-27T19:49:32.210000Z,5.32,0
1460,20181227T195028Z,['1J.TI1A.'],0.0,2018-12-27T19:50:28.880000Z,1.39,0
1461,20181227T195046Z,['1J.TI8A.'],0.0,2018-12-27T19:50:46.610000Z,7.28,0
1462,20181227T195118Z,['1J.TI3A.'],0.0,2018-12-27T19:51:18.070000Z,0.93,0
1463,20181227T195124Z,['1J.TI8A.'],0.0,2018-12-27T19:51:24.370000Z,2.81,0
1464,20181227T195202Z,['1J.TI3A.'],0.0,2018-12-27T19:52:02.780000Z,6.1,0
1465,20181227T195256Z,['1J.TI8A.'],0.0,2018-12-27T19:52:56.550000Z,3.42,0
1466,20181227T195405Z,['1J.TI8A.'],0.0,2018-12-27T19:54:05.670000Z,6.88,0
1467,20181227T195502Z,['1J.TI8A.'],0.0,2018-12-27T19:55:02.400000Z,4.31,0
1468,20181227T195658Z,['1J.TI1A.'],0.0,2018-12-27T19:56:58.530000Z,6.16,0
1469,20181227T195710Z,['1J.TI8A.'],0.0,2018-12-27T19:57:10.390000Z,6.71,0
1470,20181227T195736Z,['1J.TI8A.'],0.0,2018-12-27T19:57:36.670000Z,4.4,0
1471,20181227T195904Z,['1J.TI8A.'],0.0,2018-12-27T19:59:04.420000Z,13.66,0
1472,20181227T200013Z,['1J.TI3A.'],0.0,2018-12-27T20:00:13.850000Z,3.08,0
1473,20181227T200144Z,['1J.TI8A.'],0.0,2018-12-27T20:01:44.650000Z,5.67,0
1474,20181227T200240Z,['1J.TI8A.'],0.0,2018-12-27T20:02:40.170000Z,8.43,0
1475,20181227T200629Z,['1J.TI8A.'],0.0,2018-12-27T20:06:29.810000Z,2.36,0
1476,20181227T200827Z,['1J.TI8A.'],0.0,2018-12-27T20:08:27.350000Z,10.29,0
1477,20181227T201025Z,['1J.TI8A.'],0.0,2018-12-27T20:10:25.670000Z,2.37,0
1478,20181227T201111Z,['1J.TI8A.'],0.0,2018-12-27T20:11:11.780000Z,8.82,0
1479,20181227T201341Z,['1J.TI8A.'],0.0,2018-12-27T20:13:41.970000Z,7.04,0
1480,20181227T201424Z,['1J.TI8A.'],0.0,2018-12-27T20:14:24.300000Z,4.31,0
1481,20181227T201520Z,['1J.TI8A.'],0.0,2018-12-27T20:15:20.060000Z,7.03,0
1482,20181227T201717Z,['1J.TI1A.'],0.0,2018-12-27T20:17:17.030000Z,3.04,0
1483,20181227T201726Z,['1J.TI1A.'],0.0,2018-12-27T20:17:26.510000Z,1.87,0
1484,20181227T201751Z,['1J.TI8A.'],0.0,2018-12-27T20:17:51.100000Z,4.56,0
1485,20181227T202008Z,['1J.TI3A.'],0.0,2018-12-27T20:20:08.210000Z,7.63,0
1486,20181227T202219Z,['1J.TI7A.'],0.0,2018-12-27T20:22:19.610000Z,6.09,0
1487,20181227T202358Z,['1J.TI3A.'],0.0,2018-12-27T20:23:58.430000Z,4.21,0
1488,20181227T202540Z,['1J.TI3A.'],0.0,2018-12-27T20:25:40.390000Z,1.23,0
1489,20181227T202544Z,['1J.TI1A.'],0.0,2018-12-27T20:25:44.940000Z,1.22,0
1490,20181227T202616Z,['1J.TI1A.'],0.0,2018-12-27T20:26:16.350000Z,0.71,0
1491,20181227T202649Z,['1J.TI1A.'],0.0,2018-12-27T20:26:49.740000Z,0.9,0
1492,20181227T202740Z,['1J.TI1A.'],0.0,2018-12-27T20:27:40.770000Z,1.43,0
1493,20181227T202758Z,['1J.TI1A.'],0.0,2018-12-27T20:27:58.830000Z,10.04,0
1494,20181227T202841Z,['1J.TI1A.'],0.0,2018-12-27T20:28:41.030000Z,2.58,0
1495,20181227T202847Z,['1J.TI8A.'],0.0,2018-12-27T20:28:47.380000Z,11.11,0
1496,20181227T203003Z,['1J.TI1A.'],0.0,2018-12-27T20:30:03.970000Z,0.77,0
1497,20181227T203057Z,['1J.TI1A.'],0.0,2018-12-27T20:30:57.500000Z,0.83,0
1498,20181227T203230Z,['1J.TI1A.'],0.0,2018-12-27T20:32:30.530000Z,0.64,0
1499,20181227T203256Z,['1J.TI1A.'],0.0,2018-12-27T20:32:56.940000Z,0.85,0
1500,20181227T203337Z,['1J.TI1A.'],0.0,2018-12-27T20:33:37.670000Z,2.76,0
1501,20181227T203451Z,['1J.TI8A.'],0.0,2018-12-27T20:34:51.730000Z,0.66,0
1502,20181227T203550Z,['1J.TI8A.'],0.0,2018-12-27T20:35:50.910000Z,0.76,0
1503,20181227T203608Z,['1J.TI8A.'],0.0,2018-12-27T20:36:08.360000Z,1.48,0
1504,20181227T203712Z,['1J.TI1A.'],0.0,2018-12-27T20:37:12.300000Z,0.86,0
1505,20181227T203722Z,"['1J.TI8A.', '1J.TI1A.']",0.0,2018-12-27T20:37:22.850000Z,45.45,0
1506,20181227T203908Z,"['1J.TI3A.', '1J.TI8A.']",0.0,2018-12-27T20:39:08.890000Z,16.03,0
1507,20181227T204022Z,['1J.TI1A.'],0.0,2018-12-27T20:40:22.010000Z,19.55,0
1508,20181227T204055Z,"['1J.TI8A.', '1J.TI3A.']",0.0,2018-12-27T20:40:55.950000Z,17.66,0
1509,20181227T204211Z,"['1J.TI1A.', '1J.TI8A.']",0.0,2018-12-27T20:42:11.590000Z,34.77,0
1510,20181227T204344Z,['1J.TI8A.'],0.0,2018-12-27T20:43:44.130000Z,1.03,0
1511,20181227T204418Z,"['1J.TI8A.', '1J.TI3A.']",0.0,2018-12-27T20:44:18.760000Z,48.84,0
1512,20181227T204724Z,['1J.TI8A.'],0.0,2018-12-27T20:47:24.540000Z,0.92,0
1513,20181227T204758Z,['1J.TI3A.'],0.0,2018-12-27T20:47:58.120000Z,8.24,0
1514,20181227T204919Z,['1J.TI8A.'],0.0,2018-12-27T20:49:19.500000Z,0.8,0
1515,20181227T205010Z,['1J.TI7A.'],0.0,2018-12-27T20:50:10.450000Z,9.19,0
1516,20181227T205251Z,"['1J.TI8A.', '1J.TI6A.']",0.0,2018-12-27T20:52:51.150000Z,19.91,0
1517,20181227T205522Z,"['1J.TI3A.', '1J.TI8A.']",0.0,2018-12-27T20:55:22.910000Z,11.04,0
1518,20181227T205647Z,"['1J.TI3A.', '1J.TI8A.']",0.0,2018-12-27T20:56:47.450000Z,10.61,0
1519,20181227T205713Z,['1J.TI3A.'],0.0,2018-12-27T20:57:13.550000Z,9.82,0
1520,20181227T210004Z,['1J.TI1A.'],0.0,2018-12-27T21:00:04.560000Z,6.18,0
1521,20181227T210058Z,['1J.TI8A.'],0.0,2018-12-27T21:00:58.680000Z,1.97,0
1522,20181227T210449Z,['1J.TI8A.'],0.0,2018-12-27T21:04:49.640000Z,33.46,0
1523,20181227T210557Z,['1J.TI3A.'],0.0,2018-12-27T21:05:57.480000Z,11.99,0
1524,20181227T210829Z,['1J.TI3A.'],0.0,2018-12-27T21:08:29.560000Z,4.13,0
1525,20181227T210851Z,['1J.TI1A.'],0.0,2018-12-27T21:08:51.060000Z,3.17,0
1526,20181227T210856Z,['1J.TI8A.'],0.0,2018-12-27T21:08:56.320000Z,4.35,0
1527,20181227T210957Z,['1J.TI8A.'],0.0,2018-12-27T21:09:57.760000Z,0.74,0
1528,20181227T211122Z,['1J.TI3A.'],0.0,2018-12-27T21:11:22.270000Z,5.02,0
1529,20181227T211353Z,['1J.TI3A.'],0.0,2018-12-27T21:13:53.430000Z,7.84,0
1530,20181227T211457Z,['1J.TI1A.'],0.0,2018-12-27T21:14:57.980000Z,10.77,0
1531,20181227T211650Z,['1J.TI3A.'],0.0,2018-12-27T21:16:50.910000Z,5.68,0
1532,20181227T212016Z,['1J.TI4A.'],0.0,2018-12-27T21:20:16.220000Z,1.15,0
1533,20181227T212029Z,['1J.TI4A.'],0.0,2018-12-27T21:20:29.310000Z,2.91,0
1534,20181227T212133Z,['1J.TI4A.'],0.0,2018-12-27T21:21:33.150000Z,15.17,0
1535,20181227T212242Z,['1J.TI4A.'],0.0,2018-12-27T21:22:42.530000Z,6.3,0
1536,20181227T212307Z,['1J.TI4A.'],0.0,2018-12-27T21:23:07.280000Z,3.52,0
1537,20181227T212330Z,['1J.TI4A.'],0.0,2018-12-27T21:23:30.720000Z,0.67,0
1538,20181227T212346Z,"['1J.TI7A.', '1J.TI4A.']",0.0,2018-12-27T21:23:46.980000Z,6.01,0
1539,20181227T212415Z,['1J.TI4A.'],0.0,2018-12-27T21:24:15.230000Z,3.53,0
1540,20181227T212529Z,['1J.TI4A.'],0.0,2018-12-27T21:25:29.490000Z,8.71,0
1541,20181227T212626Z,"['1J.TI3A.', '1J.TI8A.']",0.0,2018-12-27T21:26:26.990000Z,20.78,0
1542,20181227T212652Z,['1J.TI4A.'],0.0,2018-12-27T21:26:52.630000Z,3.77,0
1543,20181227T212703Z,['1J.TI4A.'],0.0,2018-12-27T21:27:03.460000Z,2.2,0
1544,20181227T212713Z,['1J.TI4A.'],0.0,2018-12-27T21:27:13.640000Z,6.31,0
1545,20181227T212920Z,['1J.TI3A.'],0.0,2018-12-27T21:29:20.520000Z,7.98,0
1546,20181227T213354Z,['1J.TI8A.'],0.0,2018-12-27T21:33:54.620000Z,3.31,0
1547,20181227T213516Z,['1J.TI1A.'],0.0,2018-12-27T21:35:16.210000Z,3.73,0
1548,20181227T213544Z,['1J.TI1A.'],0.0,2018-12-27T21:35:44.610000Z,4.81,0
1549,20181227T213653Z,['1J.TI1A.'],0.0,2018-12-27T21:36:53.360000Z,3.13,0
1550,20181227T213711Z,['1J.TI1A.'],0.0,2018-12-27T21:37:11.900000Z,2.15,0
1551,20181227T213752Z,['1J.TI1A.'],0.0,2018-12-27T21:37:52.620000Z,43.38,0
1552,20181227T214105Z,['1J.TI3A.'],0.0,2018-12-27T21:41:05.550000Z,3.19,0
1553,20181227T214401Z,"['1J.TI3A.', '1J.TI8A.']",0.0,2018-12-27T21:44:01.190000Z,21.63,0
1554,20181227T214448Z,['1J.TI3A.'],0.0,2018-12-27T21:44:48.070000Z,13.37,0
1555,20181227T214641Z,['1J.TI3A.'],0.0,2018-12-27T21:46:41.480000Z,2.19,0
1556,20181227T215124Z,"['1J.TI4A.', '1J.TI8A.']",0.0,2018-12-27T21:51:24.790000Z,25.13,0
1557,20181227T215300Z,['1J.TI3A.'],0.0,2018-12-27T21:53:00.280000Z,12.9,0
1558,20181227T215332Z,['1J.TI4A.'],0.0,2018-12-27T21:53:32.880000Z,23.51,0
1559,20181227T215404Z,"['1J.TI3A.', '1J.TI8A.']",0.0,2018-12-27T21:54:04.370000Z,13.47,0
1560,20181227T215549Z,['1J.TI3A.'],0.0,2018-12-27T21:55:49.780000Z,4.47,0
1561,20181227T215737Z,['1J.TI3A.'],0.0,2018-12-27T21:57:37.170000Z,4.07,0
1562,20181227T215750Z,['1J.TI4A.'],0.0,2018-12-27T21:57:50.880000Z,1.99,0
1563,20181227T215827Z,['1J.TI4A.'],0.0,2018-12-27T21:58:27.950000Z,13.03,0
1564,20181227T220059Z,"['1J.TI4A.', '1J.TI3A.', '1J.TI8A.']",0.0,2018-12-27T22:00:59.860000Z,40.24,0
1565,20181227T220323Z,['1J.TI4A.'],0.0,2018-12-27T22:03:23.960000Z,25.72,0
1566,20181227T220513Z,['1J.TI8A.'],0.0,2018-12-27T22:05:13.490000Z,7.22,0
1567,20181227T220634Z,"['1J.TI3A.', '1J.TI4A.']",0.0,2018-12-27T22:06:34.500000Z,10.09,0
1568,20181227T220810Z,['1J.TI8A.'],0.0,2018-12-27T22:08:10.740000Z,7.0,0
1569,20181227T220818Z,['1J.TI4A.'],0.0,2018-12-27T22:08:18.740000Z,4.69,0
1570,20181227T220836Z,"['1J.TI3A.', '1J.TI8A.']",0.0,2018-12-27T22:08:36.400000Z,14.82,0
1571,20181227T221000Z,['1J.TI8A.'],0.0,2018-12-27T22:10:00.950000Z,2.45,0
1572,20181227T221113Z,"['1J.TI8A.', '1J.TI4A.']",0.0,2018-12-27T22:11:13.580000Z,5.42,0
1573,20181227T221233Z,['1J.TI4A.'],0.0,2018-12-27T22:12:33.270000Z,6.15,0
1574,20181227T221318Z,['1J.TI1A.'],0.0,2018-12-27T22:13:18.500000Z,1.81,0
1575,20181227T221342Z,['1J.TI8A.'],0.0,2018-12-27T22:13:42.460000Z,3.49,0
1576,20181227T221421Z,['1J.TI3A.'],0.0,2018-12-27T22:14:21.010000Z,15.14,0
1577,20181227T221530Z,['1J.TI8A.'],0.0,2018-12-27T22:15:30.440000Z,4.16,0
1578,20181227T221603Z,['1J.TI3A.'],0.0,2018-12-27T22:16:03.740000Z,3.61,0
1579,20181227T221649Z,['1J.TI8A.'],0.0,2018-12-27T22:16:49.940000Z,2.92,0
1580,20181227T221721Z,['1J.TI3A.'],0.0,2018-12-27T22:17:21.000000Z,9.56,0
1581,20181227T221813Z,['1J.TI8A.'],0.0,2018-12-27T22:18:13.090000Z,2.58,0
1582,20181227T221937Z,['1J.TI8A.'],0.0,2018-12-27T22:19:37.810000Z,3.8,0
1583,20181227T222055Z,['1J.TI8A.'],0.0,2018-12-27T22:20:55.320000Z,1.98,0
1584,20181227T222204Z,['1J.TI8A.'],0.0,2018-12-27T22:22:04.070000Z,3.44,0
1585,20181227T222335Z,['1J.TI8A.'],0.0,2018-12-27T22:23:35.840000Z,4.36,0
1586,20181227T222421Z,['1J.TI8A.'],0.0,2018-12-27T22:24:21.180000Z,2.89,0
1587,20181227T222435Z,"['1J.TI4A.', '1J.TI8A.', '1J.TI3A.']",0.0,2018-12-27T22:24:35.040000Z,19.91,0
1588,20181227T222519Z,['1J.TI4A.'],0.0,2018-12-27T22:25:19.260000Z,1.52,0
1589,20181227T222700Z,['1J.TI3A.'],0.0,2018-12-27T22:27:00.480000Z,10.39,0
1590,20181227T222919Z,['1J.TI4A.'],0.0,2018-12-27T22:29:19.250000Z,2.6,0
1591,20181227T222958Z,['1J.TI8A.'],0.0,2018-12-27T22:29:58.510000Z,1.54,0
1592,20181227T223008Z,['1J.TI4A.'],0.0,2018-12-27T22:30:08.870000Z,2.13,0
1593,20181227T223138Z,['1J.TI8A.'],0.0,2018-12-27T22:31:38.460000Z,2.82,0
1594,20181227T223316Z,['1J.TI3A.'],0.0,2018-12-27T22:33:16.420000Z,15.65,0
1595,20181227T223345Z,['1J.TI4A.'],0.0,2018-12-27T22:33:45.770000Z,1.97,0
1596,20181227T223520Z,['1J.TI3A.'],0.0,2018-12-27T22:35:20.580000Z,6.08,0
1597,20181227T223625Z,"['1J.TI3A.', '1J.TI8A.']",0.0,2018-12-27T22:36:25.400000Z,18.38,0
1598,20181227T223704Z,['1J.TI3A.'],0.0,2018-12-27T22:37:04.030000Z,1.43,0
1599,20181227T223716Z,['1J.TI3A.'],0.0,2018-12-27T22:37:16.760000Z,2.91,0
1600,20181227T223837Z,['1J.TI7A.'],0.0,2018-12-27T22:38:37.180000Z,2.81,0
1601,20181227T223919Z,['1J.TI4A.'],0.0,2018-12-27T22:39:19.380000Z,5.59,0
1602,20181227T224128Z,"['1J.TI3A.', '1J.TI4A.']",0.0,2018-12-27T22:41:28.630000Z,15.32,0
1603,20181227T224342Z,['1J.TI1A.'],0.0,2018-12-27T22:43:42.480000Z,1.27,0
1604,20181227T224408Z,['1J.TI4A.'],0.0,2018-12-27T22:44:08.320000Z,4.16,0
1605,20181227T224453Z,['1J.TI4A.'],0.0,2018-12-27T22:44:53.110000Z,9.79,0
1606,20181227T224615Z,['1J.TI1A.'],0.0,2018-12-27T22:46:15.290000Z,3.51,0
1607,20181227T224650Z,['1J.TI1A.'],0.0,2018-12-27T22:46:50.690000Z,3.0,0
1608,20181227T224746Z,['1J.TI1A.'],0.0,2018-12-27T22:47:46.490000Z,4.24,0
1609,20181227T224755Z,['1J.TI3A.'],0.0,2018-12-27T22:47:55.050000Z,13.59,0
1610,20181227T224906Z,"['1J.TI8A.', '1J.TI4A.']",0.0,2018-12-27T22:49:06.230000Z,10.27,0
1611,20181227T224937Z,['1J.TI3A.'],0.0,2018-12-27T22:49:37.110000Z,6.33,0
1612,20181227T225001Z,['1J.TI3A.'],0.0,2018-12-27T22:50:01.100000Z,4.24,0
1613,20181227T225022Z,['1J.TI8A.'],0.0,2018-12-27T22:50:22.390000Z,2.05,0
1614,20181227T225025Z,['1J.TI1A.'],0.0,2018-12-27T22:50:25.630000Z,1.79,0
1615,20181227T225030Z,"['1J.TI4A.', '1J.TI1A.']",0.0,2018-12-27T22:50:30.540000Z,12.9,0
1616,20181227T225125Z,['1J.TI1A.'],0.0,2018-12-27T22:51:25.220000Z,0.82,0
1617,20181227T225138Z,['1J.TI4A.'],0.0,2018-12-27T22:51:38.320000Z,3.96,0
1618,20181227T225324Z,"['1J.TI3A.', '1J.TI8A.', '1J.TI4A.']",0.0,2018-12-27T22:53:24.860000Z,21.68,0
1619,20181227T225514Z,['1J.TI8A.'],0.0,2018-12-27T22:55:14.380000Z,3.69,0
1620,20181227T225636Z,['1J.TI4A.'],0.0,2018-12-27T22:56:36.120000Z,4.51,0
1621,20181227T225836Z,['1J.TI4A.'],0.0,2018-12-27T22:58:36.350000Z,1.49,0
1622,20181227T225920Z,['1J.TI4A.'],0.0,2018-12-27T22:59:20.770000Z,1.1,0
1623,20181227T225931Z,['1J.TI4A.'],0.0,2018-12-27T22:59:31.430000Z,4.54,0
1624,20181227T230117Z,['1J.TI1A.'],0.0,2018-12-27T23:01:17.260000Z,2.04,0
1625,20181227T230122Z,"['1J.TI3A.', '1J.TI1A.']",0.0,2018-12-27T23:01:22.820000Z,11.75,0
1626,20181227T230143Z,"['1J.TI3A.', '1J.TI4A.']",0.0,2018-12-27T23:01:43.270000Z,12.42,0
1627,20181227T230300Z,['1J.TI4A.'],0.0,2018-12-27T23:03:00.440000Z,2.5,0
1628,20181227T230328Z,"['1J.TI3A.', '1J.TI8A.', '1J.TI4A.', '1J.TI6A.']",0.0,2018-12-27T23:03:28.210000Z,56.07,0
1629,20181227T230427Z,['1J.TI1A.'],0.0,2018-12-27T23:04:27.580000Z,2.37,0
1630,20181227T230541Z,"['1J.TI4A.', '1J.TI1A.']",0.0,2018-12-27T23:05:41.650000Z,7.52,0
1631,20181227T230727Z,['1J.TI4A.'],0.0,2018-12-27T23:07:27.780000Z,53.71,0
1632,20181227T230825Z,['1J.TI1A.'],0.0,2018-12-27T23:08:25.540000Z,1.24,0
1633,20181227T230900Z,['1J.TI8A.'],0.0,2018-12-27T23:09:00.730000Z,9.62,0
1634,20181227T230950Z,"['1J.TI4A.', '1J.TI3A.']",0.0,2018-12-27T23:09:50.010000Z,15.8,0
1635,20181227T231101Z,['1J.TI3A.'],0.0,2018-12-27T23:11:01.740000Z,18.1,0
1636,20181227T231211Z,"['1J.TI3A.', '1J.TI8A.', '1J.TI4A.']",0.0,2018-12-27T23:12:11.280000Z,20.76,0
1637,20181227T231335Z,['1J.TI1A.'],0.0,2018-12-27T23:13:35.210000Z,1.9,0
1638,20181227T231417Z,['1J.TI3A.'],0.0,2018-12-27T23:14:17.940000Z,11.52,0
1639,20181227T231443Z,"['1J.TI4A.', '1J.TI1A.']",0.0,2018-12-27T23:14:43.310000Z,47.48,0
1640,20181227T231630Z,['1J.TI4A.'],0.0,2018-12-27T23:16:30.450000Z,2.23,0
1641,20181227T231643Z,['1J.TI4A.'],0.0,2018-12-27T23:16:43.680000Z,15.35,0
1642,20181227T231925Z,['1J.TI4A.'],0.0,2018-12-27T23:19:25.890000Z,2.36,0
1643,20181227T231942Z,['1J.TI4A.'],0.0,2018-12-27T23:19:42.280000Z,1.91,0
1644,20181227T231945Z,['1J.TI8A.'],0.0,2018-12-27T23:19:45.280000Z,1.76,0
1645,20181227T231950Z,['1J.TI4A.'],0.0,2018-12-27T23:19:50.730000Z,2.71,0
1646,20181227T232221Z,"['1J.TI3A.', '1J.TI8A.', '1J.TI4A.', '1J.TI1A.']",0.0,2018-12-27T23:22:21.810000Z,49.53,0
1647,20181227T232328Z,['1J.TI1A.'],0.0,2018-12-27T23:23:28.430000Z,1.11,0
1648,20181227T232433Z,['1J.TI3A.'],0.0,2018-12-27T23:24:33.270000Z,10.29,0
1649,20181227T232449Z,['1J.TI4A.'],0.0,2018-12-27T23:24:49.720000Z,3.33,0
1650,20181227T232542Z,['1J.TI3A.'],0.0,2018-12-27T23:25:42.660000Z,3.11,0
1651,20181227T232727Z,['1J.TI4A.'],0.0,2018-12-27T23:27:27.850000Z,1.32,0
1652,20181227T232742Z,['1J.TI4A.'],0.0,2018-12-27T23:27:42.990000Z,2.59,0
1653,20181227T232810Z,['1J.TI4A.'],0.0,2018-12-27T23:28:10.980000Z,2.21,0
1654,20181227T232904Z,['1J.TI4A.'],0.0,2018-12-27T23:29:04.930000Z,1.01,0
1655,20181227T233029Z,"['1J.TI3A.', '1J.TI8A.', '1J.TI4A.']",0.0,2018-12-27T23:30:29.870000Z,21.03,0
1656,20181227T233236Z,['1J.TI4A.'],0.0,2018-12-27T23:32:36.540000Z,2.01,0
1657,20181227T233307Z,['1J.TI4A.'],0.0,2018-12-27T23:33:07.760000Z,27.41,0
1658,20181227T233345Z,['1J.TI8A.'],0.0,2018-12-27T23:33:45.090000Z,1.25,0
1659,20181227T233437Z,"['1J.TI3A.', '1J.TI8A.']",0.0,2018-12-27T23:34:37.740000Z,5.26,0
1660,20181227T233509Z,"['1J.TI3A.', '1J.TI4A.', '1J.TI6A.']",0.0,2018-12-27T23:35:09.290000Z,39.45,0
1661,20181227T233727Z,['1J.TI3A.'],0.0,2018-12-27T23:37:27.990000Z,2.56,0
1662,20181227T233806Z,['1J.TI4A.'],0.0,2018-12-27T23:38:06.180000Z,8.98,0
1663,20181227T233825Z,['1J.TI4A.'],0.0,2018-12-27T23:38:25.710000Z,71.19,0
1664,20181227T234047Z,['1J.TI1A.'],0.0,2018-12-27T23:40:47.950000Z,3.93,0
1665,20181227T234106Z,"['1J.TI3A.', '1J.TI1A.']",0.0,2018-12-27T23:41:06.170000Z,10.66,0
1666,20181227T234142Z,['1J.TI3A.'],0.0,2018-12-27T23:41:42.280000Z,1.62,0
1667,20181227T234210Z,['1J.TI1A.'],0.0,2018-12-27T23:42:10.680000Z,1.21,0
1668,20181227T234238Z,['1J.TI1A.'],0.0,2018-12-27T23:42:38.610000Z,1.7,0
1669,20181227T234325Z,['1J.TI3A.'],0.0,2018-12-27T23:43:25.320000Z,18.3,0
1670,20181227T234422Z,['1J.TI1A.'],0.0,2018-12-27T23:44:22.520000Z,0.8,0
1671,20181227T234423Z,['1J.TI8A.'],0.0,2018-12-27T23:44:23.670000Z,19.66,0
1672,20181227T234528Z,"['1J.TI3A.', '1J.TI8A.']",0.0,2018-12-27T23:45:28.270000Z,13.1,0
1673,20181227T234556Z,"['1J.TI3A.', '1J.TI8A.', '1J.TI1A.']",0.0,2018-12-27T23:45:56.400000Z,25.3,0
1674,20181227T234658Z,['1J.TI1A.'],0.0,2018-12-27T23:46:58.090000Z,7.15,0
1675,20181227T234858Z,['1J.TI8A.'],0.0,2018-12-27T23:48:58.770000Z,1.31,0
1676,20181227T234918Z,['1J.TI3A.'],0.0,2018-12-27T23:49:18.910000Z,16.18,0
1677,20181227T235457Z,['1J.TI1A.'],0.0,2018-12-27T23:54:57.720000Z,9.52,0
1678,20181227T235532Z,['1J.TI1A.'],0.0,2018-12-27T23:55:32.440000Z,4.42,0
1679,20181227T235641Z,['1J.TI3A.'],0.0,2018-12-27T23:56:41.990000Z,18.51,0
1680,20181227T235719Z,['1J.TI1A.'],0.0,2018-12-27T23:57:19.670000Z,0.83,0
1681,20181227T235829Z,['1J.TI1A.'],0.0,2018-12-27T23:58:29.330000Z,1.54,0
1682,20181227T235841Z,['1J.TI3A.'],0.0,2018-12-27T23:58:41.920000Z,8.64,0
1683,20181227T235934Z,['1J.TI1A.'],0.0,2018-12-27T23:59:34.450000Z,12.19,0
