,event_id,station,components,time,duration
0,20181225T000101Z,1J.TI4A.,"['CH1', 'CH2', 'CHZ']",2018-12-25T00:01:01.040000Z,14.14
1,20181225T000101Z,1J.TI3A.,"['CH1', 'CH2', 'CHZ']",2018-12-25T00:01:01.040000Z,14.14
2,20181225T000101Z,1J.TI1A.,"['CH1', 'CH2', 'CHZ']",2018-12-25T00:01:01.040000Z,14.14
3,20181225T000115Z,1J.TI4A.,"['CH1', 'CH2', 'CHZ']",2018-12-25T00:01:15.180000Z,14.14
4,20181225T000115Z,1J.TI3A.,"['CH1', 'CH2', 'CHZ']",2018-12-25T00:01:15.180000Z,14.14
5,20181225T000115Z,1J.TI1A.,"['CH1', 'CH2', 'CHZ']",2018-12-25T00:01:15.180000Z,14.14
6,20181225T000321Z,1J.TI4A.,"['CH1', 'CH2', 'CHZ']",2018-12-25T00:03:21.940000Z,14.14
7,20181225T000321Z,1J.TI3A.,"['CH1', 'CH2', 'CHZ']",2018-12-25T00:03:21.940000Z,14.14
8,20181225T000321Z,1J.TI1A.,"['CH1', 'CH2', 'CHZ']",2018-12-25T00:03:21.940000Z,14.14
9,20181225T000340Z,1J.TI4A.,"['CH1', 'CH2', 'CHZ']",2018-12-25T00:03:40.730000Z,14.14
10,20181225T000340Z,1J.TI3A.,"['CH1', 'CH2', 'CHZ']",2018-12-25T00:03:40.730000Z,14.14
11,20181225T000340Z,1J.TI1A.,"['CH1', 'CH2', 'CHZ']",2018-12-25T00:03:40.730000Z,14.14
12,20181225T000447Z,1J.TI4A.,"['CH1', 'CH2', 'CHZ']",2018-12-25T00:04:47.500000Z,14.14
13,20181225T000447Z,1J.TI3A.,"['CH1', 'CH2', 'CHZ']",2018-12-25T00:04:47.500000Z,14.14
14,20181225T000447Z,1J.TI1A.,"['CH1', 'CH2', 'CHZ']",2018-12-25T00:04:47.500000Z,14.14
15,20181225T000558Z,1J.TI4A.,"['CH1', 'CH2', 'CHZ']",2018-12-25T00:05:58.660000Z,14.14
16,20181225T000558Z,1J.TI3A.,"['CH1', 'CH2', 'CHZ']",2018-12-25T00:05:58.660000Z,14.14
17,20181225T000558Z,1J.TI1A.,"['CH1', 'CH2', 'CHZ']",2018-12-25T00:05:58.660000Z,14.14
18,20181225T000629Z,1J.TI4A.,"['CH1', 'CH2', 'CHZ']",2018-12-25T00:06:29.890000Z,14.14
19,20181225T000629Z,1J.TI3A.,"['CH1', 'CH2', 'CHZ']",2018-12-25T00:06:29.890000Z,14.14
20,20181225T000629Z,1J.TI1A.,"['CH1', 'CH2', 'CHZ']",2018-12-25T00:06:29.890000Z,14.14
21,20181225T000710Z,1J.TI4A.,"['CH1', 'CH2', 'CHZ']",2018-12-25T00:07:10.850000Z,14.14
22,20181225T000710Z,1J.TI3A.,"['CH1', 'CH2', 'CHZ']",2018-12-25T00:07:10.850000Z,14.14
23,20181225T000710Z,1J.TI1A.,"['CH1', 'CH2', 'CHZ']",2018-12-25T00:07:10.850000Z,14.14
24,20181225T000824Z,1J.TI3A.,"['CH1', 'CH2', 'CHZ']",2018-12-25T00:08:24.550000Z,27.17
25,20181225T000824Z,1J.TI8A.,"['CH1', 'CH2', 'CHZ']",2018-12-25T00:08:24.550000Z,27.17
26,20181225T000824Z,1J.TI6A.,"['CH1', 'CH2', 'CHZ']",2018-12-25T00:08:24.550000Z,27.17
27,20181225T000824Z,1J.TI1A.,"['CH1', 'CH2', 'CHZ']",2018-12-25T00:08:24.550000Z,27.17
28,20181225T000847Z,1J.TI4A.,"['CH1', 'CH2', 'CHZ']",2018-12-25T00:08:47.190000Z,14.14
29,20181225T000847Z,1J.TI3A.,"['CH1', 'CH2', 'CHZ']",2018-12-25T00:08:47.190000Z,14.14
30,20181225T000847Z,1J.TI1A.,"['CH1', 'CH2', 'CHZ']",2018-12-25T00:08:47.190000Z,14.14
31,20181225T000949Z,1J.TI3A.,"['CH1', 'CH2', 'CHZ']",2018-12-25T00:09:49.460000Z,27.17
32,20181225T000949Z,1J.TI8A.,"['CH1', 'CH2', 'CHZ']",2018-12-25T00:09:49.460000Z,27.17
33,20181225T000949Z,1J.TI6A.,"['CH1', 'CH2', 'CHZ']",2018-12-25T00:09:49.460000Z,27.17
34,20181225T000949Z,1J.TI1A.,"['CH1', 'CH2', 'CHZ']",2018-12-25T00:09:49.460000Z,27.17
35,20181225T001250Z,1J.TI4A.,"['CH1', 'CH2', 'CHZ']",2018-12-25T00:12:50.520000Z,14.14
36,20181225T001250Z,1J.TI3A.,"['CH1', 'CH2', 'CHZ']",2018-12-25T00:12:50.520000Z,14.14
37,20181225T001250Z,1J.TI1A.,"['CH1', 'CH2', 'CHZ']",2018-12-25T00:12:50.520000Z,14.14
38,20181225T001432Z,1J.TI4A.,"['CH1', 'CH2', 'CHZ']",2018-12-25T00:14:32.490000Z,14.14
39,20181225T001432Z,1J.TI3A.,"['CH1', 'CH2', 'CHZ']",2018-12-25T00:14:32.490000Z,14.14
40,20181225T001432Z,1J.TI1A.,"['CH1', 'CH2', 'CHZ']",2018-12-25T00:14:32.490000Z,14.14
41,20181225T001628Z,1J.TI4A.,"['CH1', 'CH2', 'CHZ']",2018-12-25T00:16:28.200000Z,14.14
42,20181225T001628Z,1J.TI3A.,"['CH1', 'CH2', 'CHZ']",2018-12-25T00:16:28.200000Z,14.14
43,20181225T001628Z,1J.TI1A.,"['CH1', 'CH2', 'CHZ']",2018-12-25T00:16:28.200000Z,14.14
44,20181225T001704Z,1J.TI3A.,"['CH1', 'CH2', 'CHZ']",2018-12-25T00:17:04.280000Z,27.17
45,20181225T001704Z,1J.TI8A.,"['CH1', 'CH2', 'CHZ']",2018-12-25T00:17:04.280000Z,27.17
46,20181225T001704Z,1J.TI6A.,"['CH1', 'CH2', 'CHZ']",2018-12-25T00:17:04.280000Z,27.17
47,20181225T001704Z,1J.TI1A.,"['CH1', 'CH2', 'CHZ']",2018-12-25T00:17:04.280000Z,27.17
48,20181225T001737Z,1J.TI4A.,"['CH1', 'CH2', 'CHZ']",2018-12-25T00:17:37.370000Z,14.14
49,20181225T001737Z,1J.TI3A.,"['CH1', 'CH2', 'CHZ']",2018-12-25T00:17:37.370000Z,14.14
50,20181225T001737Z,1J.TI1A.,"['CH1', 'CH2', 'CHZ']",2018-12-25T00:17:37.370000Z,14.14
51,20181225T001819Z,1J.TI4A.,"['CH1', 'CH2', 'CHZ']",2018-12-25T00:18:19.880000Z,14.14
52,20181225T001819Z,1J.TI3A.,"['CH1', 'CH2', 'CHZ']",2018-12-25T00:18:19.880000Z,14.14
53,20181225T001819Z,1J.TI1A.,"['CH1', 'CH2', 'CHZ']",2018-12-25T00:18:19.880000Z,14.14
54,20181225T001858Z,1J.TI4A.,"['CH1', 'CH2', 'CHZ']",2018-12-25T00:18:58.580000Z,14.14
55,20181225T001858Z,1J.TI3A.,"['CH1', 'CH2', 'CHZ']",2018-12-25T00:18:58.580000Z,14.14
56,20181225T001858Z,1J.TI1A.,"['CH1', 'CH2', 'CHZ']",2018-12-25T00:18:58.580000Z,14.14
57,20181225T001929Z,1J.TI3A.,"['CH1', 'CH2', 'CHZ']",2018-12-25T00:19:29.320000Z,27.17
58,20181225T001929Z,1J.TI8A.,"['CH1', 'CH2', 'CHZ']",2018-12-25T00:19:29.320000Z,27.17
59,20181225T001929Z,1J.TI6A.,"['CH1', 'CH2', 'CHZ']",2018-12-25T00:19:29.320000Z,27.17
60,20181225T001929Z,1J.TI1A.,"['CH1', 'CH2', 'CHZ']",2018-12-25T00:19:29.320000Z,27.17
61,20181225T002034Z,1J.TI4A.,"['CH1', 'CH2', 'CHZ']",2018-12-25T00:20:34.370000Z,14.14
62,20181225T002034Z,1J.TI3A.,"['CH1', 'CH2', 'CHZ']",2018-12-25T00:20:34.370000Z,14.14
63,20181225T002034Z,1J.TI1A.,"['CH1', 'CH2', 'CHZ']",2018-12-25T00:20:34.370000Z,14.14
64,20181225T002107Z,1J.TI4A.,"['CH1', 'CH2', 'CHZ']",2018-12-25T00:21:07.320000Z,14.14
65,20181225T002107Z,1J.TI3A.,"['CH1', 'CH2', 'CHZ']",2018-12-25T00:21:07.320000Z,14.14
66,20181225T002107Z,1J.TI1A.,"['CH1', 'CH2', 'CHZ']",2018-12-25T00:21:07.320000Z,14.14
67,20181225T002123Z,1J.TI4A.,"['CH1', 'CH2', 'CHZ']",2018-12-25T00:21:23.240000Z,14.14
68,20181225T002123Z,1J.TI3A.,"['CH1', 'CH2', 'CHZ']",2018-12-25T00:21:23.240000Z,14.14
69,20181225T002123Z,1J.TI1A.,"['CH1', 'CH2', 'CHZ']",2018-12-25T00:21:23.240000Z,14.14
70,20181225T002154Z,1J.TI4A.,"['CH1', 'CH2', 'CHZ']",2018-12-25T00:21:54.130000Z,14.14
71,20181225T002154Z,1J.TI3A.,"['CH1', 'CH2', 'CHZ']",2018-12-25T00:21:54.130000Z,14.14
72,20181225T002154Z,1J.TI1A.,"['CH1', 'CH2', 'CHZ']",2018-12-25T00:21:54.130000Z,14.14
73,20181225T002325Z,1J.TI4A.,"['CH1', 'CH2', 'CHZ']",2018-12-25T00:23:25.210000Z,24.15
74,20181225T002325Z,1J.TI3A.,"['CH1', 'CH2', 'CHZ']",2018-12-25T00:23:25.210000Z,24.15
75,20181225T002325Z,1J.TI8A.,"['CH1', 'CH2', 'CHZ']",2018-12-25T00:23:25.210000Z,24.15
76,20181225T002325Z,1J.TI6A.,"['CH1', 'CH2', 'CHZ']",2018-12-25T00:23:25.210000Z,24.15
77,20181225T002325Z,1J.TI1A.,"['CH1', 'CH2', 'CHZ']",2018-12-25T00:23:25.210000Z,24.15
78,20181225T002358Z,1J.TI4A.,"['CH1', 'CH2', 'CHZ']",2018-12-25T00:23:58.890000Z,14.14
79,20181225T002358Z,1J.TI3A.,"['CH1', 'CH2', 'CHZ']",2018-12-25T00:23:58.890000Z,14.14
80,20181225T002358Z,1J.TI1A.,"['CH1', 'CH2', 'CHZ']",2018-12-25T00:23:58.890000Z,14.14
81,20181225T002510Z,1J.TI3A.,"['CH1', 'CH2', 'CHZ']",2018-12-25T00:25:10.680000Z,27.17
82,20181225T002510Z,1J.TI8A.,"['CH1', 'CH2', 'CHZ']",2018-12-25T00:25:10.680000Z,27.17
83,20181225T002510Z,1J.TI6A.,"['CH1', 'CH2', 'CHZ']",2018-12-25T00:25:10.680000Z,27.17
84,20181225T002510Z,1J.TI1A.,"['CH1', 'CH2', 'CHZ']",2018-12-25T00:25:10.680000Z,27.17
85,20181225T002552Z,1J.TI4A.,"['CH1', 'CH2', 'CHZ']",2018-12-25T00:25:52.430000Z,14.14
86,20181225T002552Z,1J.TI3A.,"['CH1', 'CH2', 'CHZ']",2018-12-25T00:25:52.430000Z,14.14
87,20181225T002552Z,1J.TI1A.,"['CH1', 'CH2', 'CHZ']",2018-12-25T00:25:52.430000Z,14.14
88,20181225T002609Z,1J.TI4A.,"['CH1', 'CH2', 'CHZ']",2018-12-25T00:26:09.790000Z,14.14
89,20181225T002609Z,1J.TI3A.,"['CH1', 'CH2', 'CHZ']",2018-12-25T00:26:09.790000Z,14.14
90,20181225T002609Z,1J.TI1A.,"['CH1', 'CH2', 'CHZ']",2018-12-25T00:26:09.790000Z,14.14
91,20181225T002652Z,1J.TI4A.,"['CH1', 'CH2', 'CHZ']",2018-12-25T00:26:52.370000Z,14.14
92,20181225T002652Z,1J.TI3A.,"['CH1', 'CH2', 'CHZ']",2018-12-25T00:26:52.370000Z,14.14
93,20181225T002652Z,1J.TI1A.,"['CH1', 'CH2', 'CHZ']",2018-12-25T00:26:52.370000Z,14.14
94,20181225T002758Z,1J.TI4A.,"['CH1', 'CH2', 'CHZ']",2018-12-25T00:27:58.680000Z,14.14
95,20181225T002758Z,1J.TI3A.,"['CH1', 'CH2', 'CHZ']",2018-12-25T00:27:58.680000Z,14.14
96,20181225T002758Z,1J.TI1A.,"['CH1', 'CH2', 'CHZ']",2018-12-25T00:27:58.680000Z,14.14
97,20181225T002952Z,1J.TI3A.,"['CH1', 'CH2', 'CHZ']",2018-12-25T00:29:52.200000Z,27.17
98,20181225T002952Z,1J.TI8A.,"['CH1', 'CH2', 'CHZ']",2018-12-25T00:29:52.200000Z,27.17
99,20181225T002952Z,1J.TI6A.,"['CH1', 'CH2', 'CHZ']",2018-12-25T00:29:52.200000Z,27.17
100,20181225T002952Z,1J.TI1A.,"['CH1', 'CH2', 'CHZ']",2018-12-25T00:29:52.200000Z,27.17
101,20181225T003006Z,1J.TI4A.,"['CH1', 'CH2', 'CHZ']",2018-12-25T00:30:06.710000Z,14.14
102,20181225T003006Z,1J.TI3A.,"['CH1', 'CH2', 'CHZ']",2018-12-25T00:30:06.710000Z,14.14
103,20181225T003006Z,1J.TI1A.,"['CH1', 'CH2', 'CHZ']",2018-12-25T00:30:06.710000Z,14.14
104,20181225T003134Z,1J.TI3A.,"['CH1', 'CH2', 'CHZ']",2018-12-25T00:31:34.130000Z,12.22
105,20181225T003226Z,1J.TI4A.,"['CH1', 'CH2', 'CHZ']",2018-12-25T00:32:26.470000Z,14.14
106,20181225T003226Z,1J.TI3A.,"['CH1', 'CH2', 'CHZ']",2018-12-25T00:32:26.470000Z,14.14
107,20181225T003226Z,1J.TI1A.,"['CH1', 'CH2', 'CHZ']",2018-12-25T00:32:26.470000Z,14.14
108,20181225T003915Z,1J.TI4A.,"['CH1', 'CH2', 'CHZ']",2018-12-25T00:39:15.430000Z,14.14
109,20181225T003915Z,1J.TI3A.,"['CH1', 'CH2', 'CHZ']",2018-12-25T00:39:15.430000Z,14.14
110,20181225T003915Z,1J.TI1A.,"['CH1', 'CH2', 'CHZ']",2018-12-25T00:39:15.430000Z,14.14
111,20181225T003935Z,1J.TI4A.,"['CH1', 'CH2', 'CHZ']",2018-12-25T00:39:35.380000Z,14.14
112,20181225T003935Z,1J.TI3A.,"['CH1', 'CH2', 'CHZ']",2018-12-25T00:39:35.380000Z,14.14
113,20181225T003935Z,1J.TI1A.,"['CH1', 'CH2', 'CHZ']",2018-12-25T00:39:35.380000Z,14.14
114,20181225T004521Z,1J.TI4A.,"['CH1', 'CH2', 'CHZ']",2018-12-25T00:45:21.460000Z,14.14
115,20181225T004521Z,1J.TI3A.,"['CH1', 'CH2', 'CHZ']",2018-12-25T00:45:21.460000Z,14.14
116,20181225T004521Z,1J.TI1A.,"['CH1', 'CH2', 'CHZ']",2018-12-25T00:45:21.460000Z,14.14
117,20181225T004851Z,1J.TI4A.,"['CH1', 'CH2', 'CHZ']",2018-12-25T00:48:51.190000Z,24.48
118,20181225T004851Z,1J.TI3A.,"['CH1', 'CH2', 'CHZ']",2018-12-25T00:48:51.190000Z,24.48
119,20181225T004851Z,1J.TI8A.,"['CH1', 'CH2', 'CHZ']",2018-12-25T00:48:51.190000Z,24.48
120,20181225T004851Z,1J.TI6A.,"['CH1', 'CH2', 'CHZ']",2018-12-25T00:48:51.190000Z,24.48
121,20181225T005009Z,1J.TI3A.,"['CH1', 'CH2', 'CHZ']",2018-12-25T00:50:09.360000Z,27.17
122,20181225T005009Z,1J.TI8A.,"['CH1', 'CH2', 'CHZ']",2018-12-25T00:50:09.360000Z,27.17
123,20181225T005009Z,1J.TI6A.,"['CH1', 'CH2', 'CHZ']",2018-12-25T00:50:09.360000Z,27.17
124,20181225T005009Z,1J.TI1A.,"['CH1', 'CH2', 'CHZ']",2018-12-25T00:50:09.360000Z,27.17
125,20181225T005022Z,1J.TI4A.,"['CH1', 'CH2', 'CHZ']",2018-12-25T00:50:22.080000Z,24.48
126,20181225T005022Z,1J.TI3A.,"['CH1', 'CH2', 'CHZ']",2018-12-25T00:50:22.080000Z,24.48
127,20181225T005022Z,1J.TI8A.,"['CH1', 'CH2', 'CHZ']",2018-12-25T00:50:22.080000Z,24.48
128,20181225T005022Z,1J.TI6A.,"['CH1', 'CH2', 'CHZ']",2018-12-25T00:50:22.080000Z,24.48
129,20181225T005358Z,1J.TI4A.,"['CH1', 'CH2', 'CHZ']",2018-12-25T00:53:58.840000Z,24.15
130,20181225T005358Z,1J.TI3A.,"['CH1', 'CH2', 'CHZ']",2018-12-25T00:53:58.840000Z,24.15
131,20181225T005358Z,1J.TI8A.,"['CH1', 'CH2', 'CHZ']",2018-12-25T00:53:58.840000Z,24.15
132,20181225T005358Z,1J.TI6A.,"['CH1', 'CH2', 'CHZ']",2018-12-25T00:53:58.840000Z,24.15
133,20181225T005358Z,1J.TI1A.,"['CH1', 'CH2', 'CHZ']",2018-12-25T00:53:58.840000Z,24.15
134,20181225T005448Z,1J.TI4A.,"['CH1', 'CH2', 'CHZ']",2018-12-25T00:54:48.520000Z,24.48
135,20181225T005448Z,1J.TI3A.,"['CH1', 'CH2', 'CHZ']",2018-12-25T00:54:48.520000Z,24.48
136,20181225T005448Z,1J.TI8A.,"['CH1', 'CH2', 'CHZ']",2018-12-25T00:54:48.520000Z,24.48
137,20181225T005448Z,1J.TI6A.,"['CH1', 'CH2', 'CHZ']",2018-12-25T00:54:48.520000Z,24.48
138,20181225T005503Z,1J.TI4A.,"['CH1', 'CH2', 'CHZ']",2018-12-25T00:55:03.570000Z,14.14
139,20181225T005503Z,1J.TI3A.,"['CH1', 'CH2', 'CHZ']",2018-12-25T00:55:03.570000Z,14.14
140,20181225T005503Z,1J.TI1A.,"['CH1', 'CH2', 'CHZ']",2018-12-25T00:55:03.570000Z,14.14
141,20181225T011848Z,1J.TI4A.,"['CH1', 'CH2', 'CHZ']",2018-12-25T01:18:48.050000Z,14.14
142,20181225T011848Z,1J.TI3A.,"['CH1', 'CH2', 'CHZ']",2018-12-25T01:18:48.050000Z,14.14
143,20181225T011848Z,1J.TI1A.,"['CH1', 'CH2', 'CHZ']",2018-12-25T01:18:48.050000Z,14.14
144,20181225T013325Z,1J.TI4A.,"['CH1', 'CH2', 'CHZ']",2018-12-25T01:33:25.930000Z,24.48
145,20181225T013325Z,1J.TI3A.,"['CH1', 'CH2', 'CHZ']",2018-12-25T01:33:25.930000Z,24.48
146,20181225T013325Z,1J.TI8A.,"['CH1', 'CH2', 'CHZ']",2018-12-25T01:33:25.930000Z,24.48
147,20181225T013325Z,1J.TI6A.,"['CH1', 'CH2', 'CHZ']",2018-12-25T01:33:25.930000Z,24.48
148,20181225T013431Z,1J.TI3A.,"['CH1', 'CH2', 'CHZ']",2018-12-25T01:34:31.790000Z,15.92
149,20181225T013431Z,1J.TI8A.,"['CH1', 'CH2', 'CHZ']",2018-12-25T01:34:31.790000Z,15.92
150,20181225T013759Z,1J.TI4A.,"['CH1', 'CH2', 'CHZ']",2018-12-25T01:37:59.950000Z,24.48
151,20181225T013759Z,1J.TI3A.,"['CH1', 'CH2', 'CHZ']",2018-12-25T01:37:59.950000Z,24.48
152,20181225T013759Z,1J.TI8A.,"['CH1', 'CH2', 'CHZ']",2018-12-25T01:37:59.950000Z,24.48
153,20181225T013759Z,1J.TI6A.,"['CH1', 'CH2', 'CHZ']",2018-12-25T01:37:59.950000Z,24.48
154,20181225T014151Z,1J.TI3A.,"['CH1', 'CH2', 'CHZ']",2018-12-25T01:41:51.690000Z,2.13
155,20181225T020051Z,1J.TI4A.,"['CH1', 'CH2', 'CHZ']",2018-12-25T02:00:51.120000Z,24.15
156,20181225T020051Z,1J.TI3A.,"['CH1', 'CH2', 'CHZ']",2018-12-25T02:00:51.120000Z,24.15
157,20181225T020051Z,1J.TI8A.,"['CH1', 'CH2', 'CHZ']",2018-12-25T02:00:51.120000Z,24.15
158,20181225T020051Z,1J.TI6A.,"['CH1', 'CH2', 'CHZ']",2018-12-25T02:00:51.120000Z,24.15
159,20181225T020051Z,1J.TI1A.,"['CH1', 'CH2', 'CHZ']",2018-12-25T02:00:51.120000Z,24.15
160,20181225T020641Z,1J.TI3A.,"['CH1', 'CH2', 'CHZ']",2018-12-25T02:06:41.870000Z,2.13
161,20181225T023615Z,1J.TI4A.,"['CH1', 'CH2', 'CHZ']",2018-12-25T02:36:15.590000Z,24.15
162,20181225T023615Z,1J.TI3A.,"['CH1', 'CH2', 'CHZ']",2018-12-25T02:36:15.590000Z,24.15
163,20181225T023615Z,1J.TI8A.,"['CH1', 'CH2', 'CHZ']",2018-12-25T02:36:15.590000Z,24.15
164,20181225T023615Z,1J.TI6A.,"['CH1', 'CH2', 'CHZ']",2018-12-25T02:36:15.590000Z,24.15
165,20181225T023615Z,1J.TI1A.,"['CH1', 'CH2', 'CHZ']",2018-12-25T02:36:15.590000Z,24.15
166,20181225T024333Z,1J.TI4A.,"['CH1', 'CH2', 'CHZ']",2018-12-25T02:43:33.350000Z,24.15
167,20181225T024333Z,1J.TI3A.,"['CH1', 'CH2', 'CHZ']",2018-12-25T02:43:33.350000Z,24.15
168,20181225T024333Z,1J.TI8A.,"['CH1', 'CH2', 'CHZ']",2018-12-25T02:43:33.350000Z,24.15
169,20181225T024333Z,1J.TI6A.,"['CH1', 'CH2', 'CHZ']",2018-12-25T02:43:33.350000Z,24.15
170,20181225T024333Z,1J.TI1A.,"['CH1', 'CH2', 'CHZ']",2018-12-25T02:43:33.350000Z,24.15
171,20181225T030340Z,1J.TI4A.,"['CH1', 'CH2', 'CHZ']",2018-12-25T03:03:40.900000Z,24.48
172,20181225T030340Z,1J.TI3A.,"['CH1', 'CH2', 'CHZ']",2018-12-25T03:03:40.900000Z,24.48
173,20181225T030340Z,1J.TI8A.,"['CH1', 'CH2', 'CHZ']",2018-12-25T03:03:40.900000Z,24.48
174,20181225T030340Z,1J.TI6A.,"['CH1', 'CH2', 'CHZ']",2018-12-25T03:03:40.900000Z,24.48
175,20181225T030653Z,1J.TI3A.,"['CH1', 'CH2', 'CHZ']",2018-12-25T03:06:53.850000Z,27.17
176,20181225T030653Z,1J.TI8A.,"['CH1', 'CH2', 'CHZ']",2018-12-25T03:06:53.850000Z,27.17
177,20181225T030653Z,1J.TI6A.,"['CH1', 'CH2', 'CHZ']",2018-12-25T03:06:53.850000Z,27.17
178,20181225T030653Z,1J.TI1A.,"['CH1', 'CH2', 'CHZ']",2018-12-25T03:06:53.850000Z,27.17
179,20181225T030836Z,1J.TI4A.,"['CH1', 'CH2', 'CHZ']",2018-12-25T03:08:36.610000Z,24.15
180,20181225T030836Z,1J.TI3A.,"['CH1', 'CH2', 'CHZ']",2018-12-25T03:08:36.610000Z,24.15
181,20181225T030836Z,1J.TI8A.,"['CH1', 'CH2', 'CHZ']",2018-12-25T03:08:36.610000Z,24.15
182,20181225T030836Z,1J.TI6A.,"['CH1', 'CH2', 'CHZ']",2018-12-25T03:08:36.610000Z,24.15
183,20181225T030836Z,1J.TI1A.,"['CH1', 'CH2', 'CHZ']",2018-12-25T03:08:36.610000Z,24.15
184,20181225T031010Z,1J.TI8A.,"['CH1', 'CH2', 'CHZ']",2018-12-25T03:10:10.230000Z,20.43
185,20181225T031340Z,1J.TI4A.,"['CH1', 'CH2', 'CHZ']",2018-12-25T03:13:40.640000Z,24.48
186,20181225T031340Z,1J.TI3A.,"['CH1', 'CH2', 'CHZ']",2018-12-25T03:13:40.640000Z,24.48
187,20181225T031340Z,1J.TI8A.,"['CH1', 'CH2', 'CHZ']",2018-12-25T03:13:40.640000Z,24.48
188,20181225T031340Z,1J.TI6A.,"['CH1', 'CH2', 'CHZ']",2018-12-25T03:13:40.640000Z,24.48
189,20181225T031513Z,1J.TI3A.,"['CH1', 'CH2', 'CHZ']",2018-12-25T03:15:13.610000Z,2.13
190,20181225T032950Z,1J.TI4A.,"['CH1', 'CH2', 'CHZ']",2018-12-25T03:29:50.690000Z,24.48
191,20181225T032950Z,1J.TI3A.,"['CH1', 'CH2', 'CHZ']",2018-12-25T03:29:50.690000Z,24.48
192,20181225T032950Z,1J.TI8A.,"['CH1', 'CH2', 'CHZ']",2018-12-25T03:29:50.690000Z,24.48
193,20181225T032950Z,1J.TI6A.,"['CH1', 'CH2', 'CHZ']",2018-12-25T03:29:50.690000Z,24.48
194,20181225T033055Z,1J.TI3A.,"['CH1', 'CH2', 'CHZ']",2018-12-25T03:30:55.940000Z,3.78
195,20181225T033217Z,1J.TI3A.,"['CH1', 'CH2', 'CHZ']",2018-12-25T03:32:17.220000Z,2.13
196,20181225T033333Z,1J.TI3A.,"['CH1', 'CH2', 'CHZ']",2018-12-25T03:33:33.090000Z,2.13
197,20181225T033501Z,1J.TI4A.,"['CH1', 'CH2', 'CHZ']",2018-12-25T03:35:01.160000Z,14.14
198,20181225T033501Z,1J.TI3A.,"['CH1', 'CH2', 'CHZ']",2018-12-25T03:35:01.160000Z,14.14
199,20181225T033501Z,1J.TI1A.,"['CH1', 'CH2', 'CHZ']",2018-12-25T03:35:01.160000Z,14.14
200,20181225T033829Z,1J.TI4A.,"['CH1', 'CH2', 'CHZ']",2018-12-25T03:38:29.620000Z,24.48
201,20181225T033829Z,1J.TI3A.,"['CH1', 'CH2', 'CHZ']",2018-12-25T03:38:29.620000Z,24.48
202,20181225T033829Z,1J.TI8A.,"['CH1', 'CH2', 'CHZ']",2018-12-25T03:38:29.620000Z,24.48
203,20181225T033829Z,1J.TI6A.,"['CH1', 'CH2', 'CHZ']",2018-12-25T03:38:29.620000Z,24.48
204,20181225T034235Z,1J.TI4A.,"['CH1', 'CH2', 'CHZ']",2018-12-25T03:42:35.270000Z,24.15
205,20181225T034235Z,1J.TI3A.,"['CH1', 'CH2', 'CHZ']",2018-12-25T03:42:35.270000Z,24.15
206,20181225T034235Z,1J.TI8A.,"['CH1', 'CH2', 'CHZ']",2018-12-25T03:42:35.270000Z,24.15
207,20181225T034235Z,1J.TI6A.,"['CH1', 'CH2', 'CHZ']",2018-12-25T03:42:35.270000Z,24.15
208,20181225T034235Z,1J.TI1A.,"['CH1', 'CH2', 'CHZ']",2018-12-25T03:42:35.270000Z,24.15
209,20181225T034338Z,1J.TI3A.,"['CH1', 'CH2', 'CHZ']",2018-12-25T03:43:38.830000Z,3.78
210,20181225T035427Z,1J.TI3A.,"['CH1', 'CH2', 'CHZ']",2018-12-25T03:54:27.330000Z,3.78
211,20181225T035541Z,1J.TI4A.,"['CH1', 'CH2', 'CHZ']",2018-12-25T03:55:41.750000Z,24.15
212,20181225T035541Z,1J.TI3A.,"['CH1', 'CH2', 'CHZ']",2018-12-25T03:55:41.750000Z,24.15
213,20181225T035541Z,1J.TI8A.,"['CH1', 'CH2', 'CHZ']",2018-12-25T03:55:41.750000Z,24.15
214,20181225T035541Z,1J.TI6A.,"['CH1', 'CH2', 'CHZ']",2018-12-25T03:55:41.750000Z,24.15
215,20181225T035541Z,1J.TI1A.,"['CH1', 'CH2', 'CHZ']",2018-12-25T03:55:41.750000Z,24.15
216,20181225T040048Z,1J.TI3A.,"['CH1', 'CH2', 'CHZ']",2018-12-25T04:00:48.610000Z,23.96
217,20181225T040048Z,1J.TI8A.,"['CH1', 'CH2', 'CHZ']",2018-12-25T04:00:48.610000Z,23.96
218,20181225T040530Z,1J.TI3A.,"['CH1', 'CH2', 'CHZ']",2018-12-25T04:05:30.410000Z,3.78
219,20181225T041257Z,1J.TI4A.,"['CH1', 'CH2', 'CHZ']",2018-12-25T04:12:57.190000Z,24.48
220,20181225T041257Z,1J.TI3A.,"['CH1', 'CH2', 'CHZ']",2018-12-25T04:12:57.190000Z,24.48
221,20181225T041257Z,1J.TI8A.,"['CH1', 'CH2', 'CHZ']",2018-12-25T04:12:57.190000Z,24.48
222,20181225T041257Z,1J.TI6A.,"['CH1', 'CH2', 'CHZ']",2018-12-25T04:12:57.190000Z,24.48
223,20181225T042335Z,1J.TI4A.,"['CH1', 'CH2', 'CHZ']",2018-12-25T04:23:35.020000Z,24.48
224,20181225T042335Z,1J.TI3A.,"['CH1', 'CH2', 'CHZ']",2018-12-25T04:23:35.020000Z,24.48
225,20181225T042335Z,1J.TI8A.,"['CH1', 'CH2', 'CHZ']",2018-12-25T04:23:35.020000Z,24.48
226,20181225T042335Z,1J.TI6A.,"['CH1', 'CH2', 'CHZ']",2018-12-25T04:23:35.020000Z,24.48
227,20181225T042353Z,1J.TI4A.,"['CH1', 'CH2', 'CHZ']",2018-12-25T04:23:53.240000Z,24.15
228,20181225T042353Z,1J.TI3A.,"['CH1', 'CH2', 'CHZ']",2018-12-25T04:23:53.240000Z,24.15
229,20181225T042353Z,1J.TI8A.,"['CH1', 'CH2', 'CHZ']",2018-12-25T04:23:53.240000Z,24.15
230,20181225T042353Z,1J.TI6A.,"['CH1', 'CH2', 'CHZ']",2018-12-25T04:23:53.240000Z,24.15
231,20181225T042353Z,1J.TI1A.,"['CH1', 'CH2', 'CHZ']",2018-12-25T04:23:53.240000Z,24.15
232,20181225T042658Z,1J.TI3A.,"['CH1', 'CH2', 'CHZ']",2018-12-25T04:26:58.460000Z,3.78
233,20181225T043405Z,1J.TI3A.,"['CH1', 'CH2', 'CHZ']",2018-12-25T04:34:05.610000Z,27.17
234,20181225T043405Z,1J.TI8A.,"['CH1', 'CH2', 'CHZ']",2018-12-25T04:34:05.610000Z,27.17
235,20181225T043405Z,1J.TI6A.,"['CH1', 'CH2', 'CHZ']",2018-12-25T04:34:05.610000Z,27.17
236,20181225T043405Z,1J.TI1A.,"['CH1', 'CH2', 'CHZ']",2018-12-25T04:34:05.610000Z,27.17
237,20181225T044505Z,1J.TI3A.,"['CH1', 'CH2', 'CHZ']",2018-12-25T04:45:05.240000Z,3.78
238,20181225T044914Z,1J.TI3A.,"['CH1', 'CH2', 'CHZ']",2018-12-25T04:49:14.940000Z,2.13
239,20181225T045254Z,1J.TI8A.,"['CH1', 'CH2', 'CHZ']",2018-12-25T04:52:54.050000Z,20.43
240,20181225T050748Z,1J.TI4A.,"['CH1', 'CH2', 'CHZ']",2018-12-25T05:07:48.890000Z,24.15
241,20181225T050748Z,1J.TI3A.,"['CH1', 'CH2', 'CHZ']",2018-12-25T05:07:48.890000Z,24.15
242,20181225T050748Z,1J.TI8A.,"['CH1', 'CH2', 'CHZ']",2018-12-25T05:07:48.890000Z,24.15
243,20181225T050748Z,1J.TI6A.,"['CH1', 'CH2', 'CHZ']",2018-12-25T05:07:48.890000Z,24.15
244,20181225T050748Z,1J.TI1A.,"['CH1', 'CH2', 'CHZ']",2018-12-25T05:07:48.890000Z,24.15
245,20181225T053329Z,1J.TI4A.,"['CH1', 'CH2', 'CHZ']",2018-12-25T05:33:29.650000Z,24.15
246,20181225T053329Z,1J.TI3A.,"['CH1', 'CH2', 'CHZ']",2018-12-25T05:33:29.650000Z,24.15
247,20181225T053329Z,1J.TI8A.,"['CH1', 'CH2', 'CHZ']",2018-12-25T05:33:29.650000Z,24.15
248,20181225T053329Z,1J.TI6A.,"['CH1', 'CH2', 'CHZ']",2018-12-25T05:33:29.650000Z,24.15
249,20181225T053329Z,1J.TI1A.,"['CH1', 'CH2', 'CHZ']",2018-12-25T05:33:29.650000Z,24.15
250,20181225T053512Z,1J.TI4A.,"['CH1', 'CH2', 'CHZ']",2018-12-25T05:35:12.140000Z,14.14
251,20181225T053512Z,1J.TI3A.,"['CH1', 'CH2', 'CHZ']",2018-12-25T05:35:12.140000Z,14.14
252,20181225T053512Z,1J.TI1A.,"['CH1', 'CH2', 'CHZ']",2018-12-25T05:35:12.140000Z,14.14
253,20181225T053729Z,1J.TI4A.,"['CH1', 'CH2', 'CHZ']",2018-12-25T05:37:29.050000Z,24.98
254,20181225T053729Z,1J.TI3A.,"['CH1', 'CH2', 'CHZ']",2018-12-25T05:37:29.050000Z,24.98
255,20181225T053729Z,1J.TI8A.,"['CH1', 'CH2', 'CHZ']",2018-12-25T05:37:29.050000Z,24.98
256,20181225T053729Z,1J.TI6A.,"['CH1', 'CH2', 'CHZ']",2018-12-25T05:37:29.050000Z,24.98
257,20181225T053729Z,1J.TI1A.,"['CH1', 'CH2', 'CHZ']",2018-12-25T05:37:29.050000Z,24.98
258,20181225T054002Z,1J.TI3A.,"['CH1', 'CH2', 'CHZ']",2018-12-25T05:40:02.710000Z,23.07
259,20181225T054002Z,1J.TI8A.,"['CH1', 'CH2', 'CHZ']",2018-12-25T05:40:02.710000Z,23.07
260,20181225T054002Z,1J.TI6A.,"['CH1', 'CH2', 'CHZ']",2018-12-25T05:40:02.710000Z,23.07
261,20181225T054002Z,1J.TI1A.,"['CH1', 'CH2', 'CHZ']",2018-12-25T05:40:02.710000Z,23.07
262,20181225T054844Z,1J.TI3A.,"['CH1', 'CH2', 'CHZ']",2018-12-25T05:48:44.180000Z,3.78
263,20181225T054939Z,1J.TI4A.,"['CH1', 'CH2', 'CHZ']",2018-12-25T05:49:39.990000Z,24.48
264,20181225T054939Z,1J.TI3A.,"['CH1', 'CH2', 'CHZ']",2018-12-25T05:49:39.990000Z,24.48
265,20181225T054939Z,1J.TI8A.,"['CH1', 'CH2', 'CHZ']",2018-12-25T05:49:39.990000Z,24.48
266,20181225T054939Z,1J.TI6A.,"['CH1', 'CH2', 'CHZ']",2018-12-25T05:49:39.990000Z,24.48
267,20181225T055307Z,1J.TI3A.,"['CH1', 'CH2', 'CHZ']",2018-12-25T05:53:07.650000Z,27.17
268,20181225T055307Z,1J.TI8A.,"['CH1', 'CH2', 'CHZ']",2018-12-25T05:53:07.650000Z,27.17
269,20181225T055307Z,1J.TI6A.,"['CH1', 'CH2', 'CHZ']",2018-12-25T05:53:07.650000Z,27.17
270,20181225T055307Z,1J.TI1A.,"['CH1', 'CH2', 'CHZ']",2018-12-25T05:53:07.650000Z,27.17
271,20181225T055709Z,1J.TI3A.,"['CH1', 'CH2', 'CHZ']",2018-12-25T05:57:09.230000Z,3.78
272,20181225T060021Z,1J.TI4A.,"['CH1', 'CH2', 'CHZ']",2018-12-25T06:00:21.910000Z,14.14
273,20181225T060021Z,1J.TI3A.,"['CH1', 'CH2', 'CHZ']",2018-12-25T06:00:21.910000Z,14.14
274,20181225T060021Z,1J.TI1A.,"['CH1', 'CH2', 'CHZ']",2018-12-25T06:00:21.910000Z,14.14
275,20181225T060105Z,1J.TI4A.,"['CH1', 'CH2', 'CHZ']",2018-12-25T06:01:05.470000Z,24.15
276,20181225T060105Z,1J.TI3A.,"['CH1', 'CH2', 'CHZ']",2018-12-25T06:01:05.470000Z,24.15
277,20181225T060105Z,1J.TI8A.,"['CH1', 'CH2', 'CHZ']",2018-12-25T06:01:05.470000Z,24.15
278,20181225T060105Z,1J.TI6A.,"['CH1', 'CH2', 'CHZ']",2018-12-25T06:01:05.470000Z,24.15
279,20181225T060105Z,1J.TI1A.,"['CH1', 'CH2', 'CHZ']",2018-12-25T06:01:05.470000Z,24.15
280,20181225T060539Z,1J.TI3A.,"['CH1', 'CH2', 'CHZ']",2018-12-25T06:05:39.030000Z,15.92
281,20181225T060539Z,1J.TI8A.,"['CH1', 'CH2', 'CHZ']",2018-12-25T06:05:39.030000Z,15.92
282,20181225T062357Z,1J.TI3A.,"['CH1', 'CH2', 'CHZ']",2018-12-25T06:23:57.710000Z,23.96
283,20181225T062357Z,1J.TI8A.,"['CH1', 'CH2', 'CHZ']",2018-12-25T06:23:57.710000Z,23.96
284,20181225T062602Z,1J.TI4A.,"['CH1', 'CH2', 'CHZ']",2018-12-25T06:26:02.290000Z,24.15
285,20181225T062602Z,1J.TI3A.,"['CH1', 'CH2', 'CHZ']",2018-12-25T06:26:02.290000Z,24.15
286,20181225T062602Z,1J.TI8A.,"['CH1', 'CH2', 'CHZ']",2018-12-25T06:26:02.290000Z,24.15
287,20181225T062602Z,1J.TI6A.,"['CH1', 'CH2', 'CHZ']",2018-12-25T06:26:02.290000Z,24.15
288,20181225T062602Z,1J.TI1A.,"['CH1', 'CH2', 'CHZ']",2018-12-25T06:26:02.290000Z,24.15
289,20181225T062825Z,1J.TI4A.,"['CH1', 'CH2', 'CHZ']",2018-12-25T06:28:25.680000Z,24.48
290,20181225T062825Z,1J.TI3A.,"['CH1', 'CH2', 'CHZ']",2018-12-25T06:28:25.680000Z,24.48
291,20181225T062825Z,1J.TI8A.,"['CH1', 'CH2', 'CHZ']",2018-12-25T06:28:25.680000Z,24.48
292,20181225T062825Z,1J.TI6A.,"['CH1', 'CH2', 'CHZ']",2018-12-25T06:28:25.680000Z,24.48
293,20181225T063307Z,1J.TI3A.,"['CH1', 'CH2', 'CHZ']",2018-12-25T06:33:07.620000Z,3.78
294,20181225T064933Z,1J.TI4A.,"['CH1', 'CH2', 'CHZ']",2018-12-25T06:49:33.400000Z,24.15
295,20181225T064933Z,1J.TI3A.,"['CH1', 'CH2', 'CHZ']",2018-12-25T06:49:33.400000Z,24.15
296,20181225T064933Z,1J.TI8A.,"['CH1', 'CH2', 'CHZ']",2018-12-25T06:49:33.400000Z,24.15
297,20181225T064933Z,1J.TI6A.,"['CH1', 'CH2', 'CHZ']",2018-12-25T06:49:33.400000Z,24.15
298,20181225T064933Z,1J.TI1A.,"['CH1', 'CH2', 'CHZ']",2018-12-25T06:49:33.400000Z,24.15
299,20181225T065820Z,1J.TI3A.,"['CH1', 'CH2', 'CHZ']",2018-12-25T06:58:20.640000Z,12.22
300,20181225T070138Z,1J.TI3A.,"['CH1', 'CH2', 'CHZ']",2018-12-25T07:01:38.970000Z,23.07
301,20181225T070138Z,1J.TI8A.,"['CH1', 'CH2', 'CHZ']",2018-12-25T07:01:38.970000Z,23.07
302,20181225T070138Z,1J.TI6A.,"['CH1', 'CH2', 'CHZ']",2018-12-25T07:01:38.970000Z,23.07
303,20181225T070138Z,1J.TI1A.,"['CH1', 'CH2', 'CHZ']",2018-12-25T07:01:38.970000Z,23.07
304,20181225T070612Z,1J.TI4A.,"['CH1', 'CH2', 'CHZ']",2018-12-25T07:06:12.230000Z,24.98
305,20181225T070612Z,1J.TI3A.,"['CH1', 'CH2', 'CHZ']",2018-12-25T07:06:12.230000Z,24.98
306,20181225T070612Z,1J.TI8A.,"['CH1', 'CH2', 'CHZ']",2018-12-25T07:06:12.230000Z,24.98
307,20181225T070612Z,1J.TI6A.,"['CH1', 'CH2', 'CHZ']",2018-12-25T07:06:12.230000Z,24.98
308,20181225T070612Z,1J.TI1A.,"['CH1', 'CH2', 'CHZ']",2018-12-25T07:06:12.230000Z,24.98
309,20181225T071444Z,1J.TI3A.,"['CH1', 'CH2', 'CHZ']",2018-12-25T07:14:44.080000Z,22.89
310,20181225T071444Z,1J.TI8A.,"['CH1', 'CH2', 'CHZ']",2018-12-25T07:14:44.080000Z,22.89
311,20181225T071444Z,1J.TI6A.,"['CH1', 'CH2', 'CHZ']",2018-12-25T07:14:44.080000Z,22.89
312,20181225T072558Z,1J.TI3A.,"['CH1', 'CH2', 'CHZ']",2018-12-25T07:25:58.920000Z,2.13
313,20181225T072913Z,1J.TI4A.,"['CH1', 'CH2', 'CHZ']",2018-12-25T07:29:13.750000Z,24.15
314,20181225T072913Z,1J.TI3A.,"['CH1', 'CH2', 'CHZ']",2018-12-25T07:29:13.750000Z,24.15
315,20181225T072913Z,1J.TI8A.,"['CH1', 'CH2', 'CHZ']",2018-12-25T07:29:13.750000Z,24.15
316,20181225T072913Z,1J.TI6A.,"['CH1', 'CH2', 'CHZ']",2018-12-25T07:29:13.750000Z,24.15
317,20181225T072913Z,1J.TI1A.,"['CH1', 'CH2', 'CHZ']",2018-12-25T07:29:13.750000Z,24.15
318,20181225T072925Z,1J.TI4A.,"['CH1', 'CH2', 'CHZ']",2018-12-25T07:29:25.390000Z,24.48
319,20181225T072925Z,1J.TI3A.,"['CH1', 'CH2', 'CHZ']",2018-12-25T07:29:25.390000Z,24.48
320,20181225T072925Z,1J.TI8A.,"['CH1', 'CH2', 'CHZ']",2018-12-25T07:29:25.390000Z,24.48
321,20181225T072925Z,1J.TI6A.,"['CH1', 'CH2', 'CHZ']",2018-12-25T07:29:25.390000Z,24.48
322,20181225T074050Z,1J.TI4A.,"['CH1', 'CH2', 'CHZ']",2018-12-25T07:40:50.310000Z,14.14
323,20181225T074050Z,1J.TI3A.,"['CH1', 'CH2', 'CHZ']",2018-12-25T07:40:50.310000Z,14.14
324,20181225T074050Z,1J.TI1A.,"['CH1', 'CH2', 'CHZ']",2018-12-25T07:40:50.310000Z,14.14
325,20181225T074138Z,1J.TI4A.,"['CH1', 'CH2', 'CHZ']",2018-12-25T07:41:38.830000Z,24.48
326,20181225T074138Z,1J.TI3A.,"['CH1', 'CH2', 'CHZ']",2018-12-25T07:41:38.830000Z,24.48
327,20181225T074138Z,1J.TI8A.,"['CH1', 'CH2', 'CHZ']",2018-12-25T07:41:38.830000Z,24.48
328,20181225T074138Z,1J.TI6A.,"['CH1', 'CH2', 'CHZ']",2018-12-25T07:41:38.830000Z,24.48
329,20181225T074350Z,1J.TI4A.,"['CH1', 'CH2', 'CHZ']",2018-12-25T07:43:50.370000Z,24.48
330,20181225T074350Z,1J.TI3A.,"['CH1', 'CH2', 'CHZ']",2018-12-25T07:43:50.370000Z,24.48
331,20181225T074350Z,1J.TI8A.,"['CH1', 'CH2', 'CHZ']",2018-12-25T07:43:50.370000Z,24.48
332,20181225T074350Z,1J.TI6A.,"['CH1', 'CH2', 'CHZ']",2018-12-25T07:43:50.370000Z,24.48
333,20181225T075031Z,1J.TI4A.,"['CH1', 'CH2', 'CHZ']",2018-12-25T07:50:31.460000Z,14.14
334,20181225T075031Z,1J.TI3A.,"['CH1', 'CH2', 'CHZ']",2018-12-25T07:50:31.460000Z,14.14
335,20181225T075031Z,1J.TI1A.,"['CH1', 'CH2', 'CHZ']",2018-12-25T07:50:31.460000Z,14.14
336,20181225T075304Z,1J.TI3A.,"['CH1', 'CH2', 'CHZ']",2018-12-25T07:53:04.830000Z,2.13
337,20181225T075413Z,1J.TI4A.,"['CH1', 'CH2', 'CHZ']",2018-12-25T07:54:13.670000Z,24.15
338,20181225T075413Z,1J.TI3A.,"['CH1', 'CH2', 'CHZ']",2018-12-25T07:54:13.670000Z,24.15
339,20181225T075413Z,1J.TI8A.,"['CH1', 'CH2', 'CHZ']",2018-12-25T07:54:13.670000Z,24.15
340,20181225T075413Z,1J.TI6A.,"['CH1', 'CH2', 'CHZ']",2018-12-25T07:54:13.670000Z,24.15
341,20181225T075413Z,1J.TI1A.,"['CH1', 'CH2', 'CHZ']",2018-12-25T07:54:13.670000Z,24.15
342,20181225T075459Z,1J.TI4A.,"['CH1', 'CH2', 'CHZ']",2018-12-25T07:54:59.760000Z,14.14
343,20181225T075459Z,1J.TI3A.,"['CH1', 'CH2', 'CHZ']",2018-12-25T07:54:59.760000Z,14.14
344,20181225T075459Z,1J.TI1A.,"['CH1', 'CH2', 'CHZ']",2018-12-25T07:54:59.760000Z,14.14
345,20181225T075959Z,1J.TI4A.,"['CH1', 'CH2', 'CHZ']",2018-12-25T07:59:59.230000Z,24.15
346,20181225T075959Z,1J.TI3A.,"['CH1', 'CH2', 'CHZ']",2018-12-25T07:59:59.230000Z,24.15
347,20181225T075959Z,1J.TI8A.,"['CH1', 'CH2', 'CHZ']",2018-12-25T07:59:59.230000Z,24.15
348,20181225T075959Z,1J.TI6A.,"['CH1', 'CH2', 'CHZ']",2018-12-25T07:59:59.230000Z,24.15
349,20181225T075959Z,1J.TI1A.,"['CH1', 'CH2', 'CHZ']",2018-12-25T07:59:59.230000Z,24.15
350,20181225T080955Z,1J.TI4A.,"['CH1', 'CH2', 'CHZ']",2018-12-25T08:09:55.210000Z,24.48
351,20181225T080955Z,1J.TI3A.,"['CH1', 'CH2', 'CHZ']",2018-12-25T08:09:55.210000Z,24.48
352,20181225T080955Z,1J.TI8A.,"['CH1', 'CH2', 'CHZ']",2018-12-25T08:09:55.210000Z,24.48
353,20181225T080955Z,1J.TI6A.,"['CH1', 'CH2', 'CHZ']",2018-12-25T08:09:55.210000Z,24.48
354,20181225T082107Z,1J.TI3A.,"['CH1', 'CH2', 'CHZ']",2018-12-25T08:21:07.950000Z,22.89
355,20181225T082107Z,1J.TI8A.,"['CH1', 'CH2', 'CHZ']",2018-12-25T08:21:07.950000Z,22.89
356,20181225T082107Z,1J.TI6A.,"['CH1', 'CH2', 'CHZ']",2018-12-25T08:21:07.950000Z,22.89
357,20181225T083054Z,1J.TI3A.,"['CH1', 'CH2', 'CHZ']",2018-12-25T08:30:54.650000Z,2.13
358,20181225T083432Z,1J.TI3A.,"['CH1', 'CH2', 'CHZ']",2018-12-25T08:34:32.800000Z,3.78
359,20181225T083731Z,1J.TI4A.,"['CH1', 'CH2', 'CHZ']",2018-12-25T08:37:31.690000Z,24.15
360,20181225T083731Z,1J.TI3A.,"['CH1', 'CH2', 'CHZ']",2018-12-25T08:37:31.690000Z,24.15
361,20181225T083731Z,1J.TI8A.,"['CH1', 'CH2', 'CHZ']",2018-12-25T08:37:31.690000Z,24.15
362,20181225T083731Z,1J.TI6A.,"['CH1', 'CH2', 'CHZ']",2018-12-25T08:37:31.690000Z,24.15
363,20181225T083731Z,1J.TI1A.,"['CH1', 'CH2', 'CHZ']",2018-12-25T08:37:31.690000Z,24.15
364,20181225T084252Z,1J.TI4A.,"['CH1', 'CH2', 'CHZ']",2018-12-25T08:42:52.380000Z,24.98
365,20181225T084252Z,1J.TI3A.,"['CH1', 'CH2', 'CHZ']",2018-12-25T08:42:52.380000Z,24.98
366,20181225T084252Z,1J.TI8A.,"['CH1', 'CH2', 'CHZ']",2018-12-25T08:42:52.380000Z,24.98
367,20181225T084252Z,1J.TI6A.,"['CH1', 'CH2', 'CHZ']",2018-12-25T08:42:52.380000Z,24.98
368,20181225T084252Z,1J.TI1A.,"['CH1', 'CH2', 'CHZ']",2018-12-25T08:42:52.380000Z,24.98
369,20181225T084656Z,1J.TI3A.,"['CH1', 'CH2', 'CHZ']",2018-12-25T08:46:56.110000Z,2.13
370,20181225T084902Z,1J.TI3A.,"['CH1', 'CH2', 'CHZ']",2018-12-25T08:49:02.770000Z,22.89
371,20181225T084902Z,1J.TI8A.,"['CH1', 'CH2', 'CHZ']",2018-12-25T08:49:02.770000Z,22.89
372,20181225T084902Z,1J.TI6A.,"['CH1', 'CH2', 'CHZ']",2018-12-25T08:49:02.770000Z,22.89
373,20181225T085121Z,1J.TI4A.,"['CH1', 'CH2', 'CHZ']",2018-12-25T08:51:21.630000Z,14.14
374,20181225T085121Z,1J.TI3A.,"['CH1', 'CH2', 'CHZ']",2018-12-25T08:51:21.630000Z,14.14
375,20181225T085121Z,1J.TI1A.,"['CH1', 'CH2', 'CHZ']",2018-12-25T08:51:21.630000Z,14.14
376,20181225T085332Z,1J.TI3A.,"['CH1', 'CH2', 'CHZ']",2018-12-25T08:53:32.570000Z,3.78
377,20181225T085428Z,1J.TI3A.,"['CH1', 'CH2', 'CHZ']",2018-12-25T08:54:28.240000Z,27.17
378,20181225T085428Z,1J.TI8A.,"['CH1', 'CH2', 'CHZ']",2018-12-25T08:54:28.240000Z,27.17
379,20181225T085428Z,1J.TI6A.,"['CH1', 'CH2', 'CHZ']",2018-12-25T08:54:28.240000Z,27.17
380,20181225T085428Z,1J.TI1A.,"['CH1', 'CH2', 'CHZ']",2018-12-25T08:54:28.240000Z,27.17
381,20181225T085439Z,1J.TI4A.,"['CH1', 'CH2', 'CHZ']",2018-12-25T08:54:39.300000Z,14.14
382,20181225T085439Z,1J.TI3A.,"['CH1', 'CH2', 'CHZ']",2018-12-25T08:54:39.300000Z,14.14
383,20181225T085439Z,1J.TI1A.,"['CH1', 'CH2', 'CHZ']",2018-12-25T08:54:39.300000Z,14.14
384,20181225T085541Z,1J.TI4A.,"['CH1', 'CH2', 'CHZ']",2018-12-25T08:55:41.060000Z,14.14
385,20181225T085541Z,1J.TI3A.,"['CH1', 'CH2', 'CHZ']",2018-12-25T08:55:41.060000Z,14.14
386,20181225T085541Z,1J.TI1A.,"['CH1', 'CH2', 'CHZ']",2018-12-25T08:55:41.060000Z,14.14
387,20181225T090530Z,1J.TI4A.,"['CH1', 'CH2', 'CHZ']",2018-12-25T09:05:30.010000Z,24.15
388,20181225T090530Z,1J.TI3A.,"['CH1', 'CH2', 'CHZ']",2018-12-25T09:05:30.010000Z,24.15
389,20181225T090530Z,1J.TI8A.,"['CH1', 'CH2', 'CHZ']",2018-12-25T09:05:30.010000Z,24.15
390,20181225T090530Z,1J.TI6A.,"['CH1', 'CH2', 'CHZ']",2018-12-25T09:05:30.010000Z,24.15
391,20181225T090530Z,1J.TI1A.,"['CH1', 'CH2', 'CHZ']",2018-12-25T09:05:30.010000Z,24.15
392,20181225T090808Z,1J.TI4A.,"['CH1', 'CH2', 'CHZ']",2018-12-25T09:08:08.400000Z,14.14
393,20181225T090808Z,1J.TI3A.,"['CH1', 'CH2', 'CHZ']",2018-12-25T09:08:08.400000Z,14.14
394,20181225T090808Z,1J.TI1A.,"['CH1', 'CH2', 'CHZ']",2018-12-25T09:08:08.400000Z,14.14
395,20181225T090956Z,1J.TI4A.,"['CH1', 'CH2', 'CHZ']",2018-12-25T09:09:56.890000Z,14.14
396,20181225T090956Z,1J.TI3A.,"['CH1', 'CH2', 'CHZ']",2018-12-25T09:09:56.890000Z,14.14
397,20181225T090956Z,1J.TI1A.,"['CH1', 'CH2', 'CHZ']",2018-12-25T09:09:56.890000Z,14.14
398,20181225T091103Z,1J.TI4A.,"['CH1', 'CH2', 'CHZ']",2018-12-25T09:11:03.060000Z,14.14
399,20181225T091103Z,1J.TI3A.,"['CH1', 'CH2', 'CHZ']",2018-12-25T09:11:03.060000Z,14.14
400,20181225T091103Z,1J.TI1A.,"['CH1', 'CH2', 'CHZ']",2018-12-25T09:11:03.060000Z,14.14
401,20181225T091258Z,1J.TI4A.,"['CH1', 'CH2', 'CHZ']",2018-12-25T09:12:58.790000Z,14.14
402,20181225T091258Z,1J.TI3A.,"['CH1', 'CH2', 'CHZ']",2018-12-25T09:12:58.790000Z,14.14
403,20181225T091258Z,1J.TI1A.,"['CH1', 'CH2', 'CHZ']",2018-12-25T09:12:58.790000Z,14.14
404,20181225T091400Z,1J.TI4A.,"['CH1', 'CH2', 'CHZ']",2018-12-25T09:14:00.680000Z,24.98
405,20181225T091400Z,1J.TI3A.,"['CH1', 'CH2', 'CHZ']",2018-12-25T09:14:00.680000Z,24.98
406,20181225T091400Z,1J.TI8A.,"['CH1', 'CH2', 'CHZ']",2018-12-25T09:14:00.680000Z,24.98
407,20181225T091400Z,1J.TI6A.,"['CH1', 'CH2', 'CHZ']",2018-12-25T09:14:00.680000Z,24.98
408,20181225T091400Z,1J.TI1A.,"['CH1', 'CH2', 'CHZ']",2018-12-25T09:14:00.680000Z,24.98
409,20181225T091531Z,1J.TI4A.,"['CH1', 'CH2', 'CHZ']",2018-12-25T09:15:31.090000Z,14.14
410,20181225T091531Z,1J.TI3A.,"['CH1', 'CH2', 'CHZ']",2018-12-25T09:15:31.090000Z,14.14
411,20181225T091531Z,1J.TI1A.,"['CH1', 'CH2', 'CHZ']",2018-12-25T09:15:31.090000Z,14.14
412,20181225T091614Z,1J.TI4A.,"['CH1', 'CH2', 'CHZ']",2018-12-25T09:16:14.490000Z,14.14
413,20181225T091614Z,1J.TI3A.,"['CH1', 'CH2', 'CHZ']",2018-12-25T09:16:14.490000Z,14.14
414,20181225T091614Z,1J.TI1A.,"['CH1', 'CH2', 'CHZ']",2018-12-25T09:16:14.490000Z,14.14
415,20181225T091727Z,1J.TI4A.,"['CH1', 'CH2', 'CHZ']",2018-12-25T09:17:27.250000Z,14.14
416,20181225T091727Z,1J.TI3A.,"['CH1', 'CH2', 'CHZ']",2018-12-25T09:17:27.250000Z,14.14
417,20181225T091727Z,1J.TI1A.,"['CH1', 'CH2', 'CHZ']",2018-12-25T09:17:27.250000Z,14.14
418,20181225T092112Z,1J.TI4A.,"['CH1', 'CH2', 'CHZ']",2018-12-25T09:21:12.460000Z,14.14
419,20181225T092112Z,1J.TI3A.,"['CH1', 'CH2', 'CHZ']",2018-12-25T09:21:12.460000Z,14.14
420,20181225T092112Z,1J.TI1A.,"['CH1', 'CH2', 'CHZ']",2018-12-25T09:21:12.460000Z,14.14
421,20181225T092147Z,1J.TI4A.,"['CH1', 'CH2', 'CHZ']",2018-12-25T09:21:47.070000Z,24.48
422,20181225T092147Z,1J.TI3A.,"['CH1', 'CH2', 'CHZ']",2018-12-25T09:21:47.070000Z,24.48
423,20181225T092147Z,1J.TI8A.,"['CH1', 'CH2', 'CHZ']",2018-12-25T09:21:47.070000Z,24.48
424,20181225T092147Z,1J.TI6A.,"['CH1', 'CH2', 'CHZ']",2018-12-25T09:21:47.070000Z,24.48
425,20181225T092223Z,1J.TI4A.,"['CH1', 'CH2', 'CHZ']",2018-12-25T09:22:23.420000Z,14.14
426,20181225T092223Z,1J.TI3A.,"['CH1', 'CH2', 'CHZ']",2018-12-25T09:22:23.420000Z,14.14
427,20181225T092223Z,1J.TI1A.,"['CH1', 'CH2', 'CHZ']",2018-12-25T09:22:23.420000Z,14.14
428,20181225T092239Z,1J.TI4A.,"['CH1', 'CH2', 'CHZ']",2018-12-25T09:22:39.260000Z,14.14
429,20181225T092239Z,1J.TI3A.,"['CH1', 'CH2', 'CHZ']",2018-12-25T09:22:39.260000Z,14.14
430,20181225T092239Z,1J.TI1A.,"['CH1', 'CH2', 'CHZ']",2018-12-25T09:22:39.260000Z,14.14
431,20181225T092255Z,1J.TI4A.,"['CH1', 'CH2', 'CHZ']",2018-12-25T09:22:55.980000Z,14.14
432,20181225T092255Z,1J.TI3A.,"['CH1', 'CH2', 'CHZ']",2018-12-25T09:22:55.980000Z,14.14
433,20181225T092255Z,1J.TI1A.,"['CH1', 'CH2', 'CHZ']",2018-12-25T09:22:55.980000Z,14.14
434,20181225T092315Z,1J.TI3A.,"['CH1', 'CH2', 'CHZ']",2018-12-25T09:23:15.920000Z,27.17
435,20181225T092315Z,1J.TI8A.,"['CH1', 'CH2', 'CHZ']",2018-12-25T09:23:15.920000Z,27.17
436,20181225T092315Z,1J.TI6A.,"['CH1', 'CH2', 'CHZ']",2018-12-25T09:23:15.920000Z,27.17
437,20181225T092315Z,1J.TI1A.,"['CH1', 'CH2', 'CHZ']",2018-12-25T09:23:15.920000Z,27.17
438,20181225T092337Z,1J.TI3A.,"['CH1', 'CH2', 'CHZ']",2018-12-25T09:23:37.500000Z,23.07
439,20181225T092337Z,1J.TI8A.,"['CH1', 'CH2', 'CHZ']",2018-12-25T09:23:37.500000Z,23.07
440,20181225T092337Z,1J.TI6A.,"['CH1', 'CH2', 'CHZ']",2018-12-25T09:23:37.500000Z,23.07
441,20181225T092337Z,1J.TI1A.,"['CH1', 'CH2', 'CHZ']",2018-12-25T09:23:37.500000Z,23.07
442,20181225T092526Z,1J.TI3A.,"['CH1', 'CH2', 'CHZ']",2018-12-25T09:25:26.080000Z,3.78
443,20181225T092743Z,1J.TI4A.,"['CH1', 'CH2', 'CHZ']",2018-12-25T09:27:43.260000Z,14.14
444,20181225T092743Z,1J.TI3A.,"['CH1', 'CH2', 'CHZ']",2018-12-25T09:27:43.260000Z,14.14
445,20181225T092743Z,1J.TI1A.,"['CH1', 'CH2', 'CHZ']",2018-12-25T09:27:43.260000Z,14.14
446,20181225T092908Z,1J.TI4A.,"['CH1', 'CH2', 'CHZ']",2018-12-25T09:29:08.310000Z,14.14
447,20181225T092908Z,1J.TI3A.,"['CH1', 'CH2', 'CHZ']",2018-12-25T09:29:08.310000Z,14.14
448,20181225T092908Z,1J.TI1A.,"['CH1', 'CH2', 'CHZ']",2018-12-25T09:29:08.310000Z,14.14
449,20181225T093235Z,1J.TI4A.,"['CH1', 'CH2', 'CHZ']",2018-12-25T09:32:35.770000Z,24.15
450,20181225T093235Z,1J.TI3A.,"['CH1', 'CH2', 'CHZ']",2018-12-25T09:32:35.770000Z,24.15
451,20181225T093235Z,1J.TI8A.,"['CH1', 'CH2', 'CHZ']",2018-12-25T09:32:35.770000Z,24.15
452,20181225T093235Z,1J.TI6A.,"['CH1', 'CH2', 'CHZ']",2018-12-25T09:32:35.770000Z,24.15
453,20181225T093235Z,1J.TI1A.,"['CH1', 'CH2', 'CHZ']",2018-12-25T09:32:35.770000Z,24.15
454,20181225T093249Z,1J.TI4A.,"['CH1', 'CH2', 'CHZ']",2018-12-25T09:32:49.950000Z,14.14
455,20181225T093249Z,1J.TI3A.,"['CH1', 'CH2', 'CHZ']",2018-12-25T09:32:49.950000Z,14.14
456,20181225T093249Z,1J.TI1A.,"['CH1', 'CH2', 'CHZ']",2018-12-25T09:32:49.950000Z,14.14
457,20181225T093317Z,1J.TI4A.,"['CH1', 'CH2', 'CHZ']",2018-12-25T09:33:17.860000Z,14.14
458,20181225T093317Z,1J.TI3A.,"['CH1', 'CH2', 'CHZ']",2018-12-25T09:33:17.860000Z,14.14
459,20181225T093317Z,1J.TI1A.,"['CH1', 'CH2', 'CHZ']",2018-12-25T09:33:17.860000Z,14.14
460,20181225T093348Z,1J.TI4A.,"['CH1', 'CH2', 'CHZ']",2018-12-25T09:33:48.910000Z,14.14
461,20181225T093348Z,1J.TI3A.,"['CH1', 'CH2', 'CHZ']",2018-12-25T09:33:48.910000Z,14.14
462,20181225T093348Z,1J.TI1A.,"['CH1', 'CH2', 'CHZ']",2018-12-25T09:33:48.910000Z,14.14
463,20181225T093626Z,1J.TI4A.,"['CH1', 'CH2', 'CHZ']",2018-12-25T09:36:26.400000Z,14.14
464,20181225T093626Z,1J.TI3A.,"['CH1', 'CH2', 'CHZ']",2018-12-25T09:36:26.400000Z,14.14
465,20181225T093626Z,1J.TI1A.,"['CH1', 'CH2', 'CHZ']",2018-12-25T09:36:26.400000Z,14.14
466,20181225T093725Z,1J.TI4A.,"['CH1', 'CH2', 'CHZ']",2018-12-25T09:37:25.470000Z,14.14
467,20181225T093725Z,1J.TI3A.,"['CH1', 'CH2', 'CHZ']",2018-12-25T09:37:25.470000Z,14.14
468,20181225T093725Z,1J.TI1A.,"['CH1', 'CH2', 'CHZ']",2018-12-25T09:37:25.470000Z,14.14
469,20181225T094041Z,1J.TI3A.,"['CH1', 'CH2', 'CHZ']",2018-12-25T09:40:41.570000Z,27.17
470,20181225T094041Z,1J.TI8A.,"['CH1', 'CH2', 'CHZ']",2018-12-25T09:40:41.570000Z,27.17
471,20181225T094041Z,1J.TI6A.,"['CH1', 'CH2', 'CHZ']",2018-12-25T09:40:41.570000Z,27.17
472,20181225T094041Z,1J.TI1A.,"['CH1', 'CH2', 'CHZ']",2018-12-25T09:40:41.570000Z,27.17
473,20181225T094054Z,1J.TI4A.,"['CH1', 'CH2', 'CHZ']",2018-12-25T09:40:54.000000Z,14.14
474,20181225T094054Z,1J.TI3A.,"['CH1', 'CH2', 'CHZ']",2018-12-25T09:40:54.000000Z,14.14
475,20181225T094054Z,1J.TI1A.,"['CH1', 'CH2', 'CHZ']",2018-12-25T09:40:54.000000Z,14.14
476,20181225T094149Z,1J.TI3A.,"['CH1', 'CH2', 'CHZ']",2018-12-25T09:41:49.390000Z,3.78
477,20181225T094343Z,1J.TI4A.,"['CH1', 'CH2', 'CHZ']",2018-12-25T09:43:43.140000Z,14.14
478,20181225T094343Z,1J.TI3A.,"['CH1', 'CH2', 'CHZ']",2018-12-25T09:43:43.140000Z,14.14
479,20181225T094343Z,1J.TI1A.,"['CH1', 'CH2', 'CHZ']",2018-12-25T09:43:43.140000Z,14.14
480,20181225T094511Z,1J.TI4A.,"['CH1', 'CH2', 'CHZ']",2018-12-25T09:45:11.870000Z,14.14
481,20181225T094511Z,1J.TI3A.,"['CH1', 'CH2', 'CHZ']",2018-12-25T09:45:11.870000Z,14.14
482,20181225T094511Z,1J.TI1A.,"['CH1', 'CH2', 'CHZ']",2018-12-25T09:45:11.870000Z,14.14
483,20181225T094539Z,1J.TI4A.,"['CH1', 'CH2', 'CHZ']",2018-12-25T09:45:39.400000Z,14.14
484,20181225T094539Z,1J.TI3A.,"['CH1', 'CH2', 'CHZ']",2018-12-25T09:45:39.400000Z,14.14
485,20181225T094539Z,1J.TI1A.,"['CH1', 'CH2', 'CHZ']",2018-12-25T09:45:39.400000Z,14.14
486,20181225T094613Z,1J.TI4A.,"['CH1', 'CH2', 'CHZ']",2018-12-25T09:46:13.450000Z,14.14
487,20181225T094613Z,1J.TI3A.,"['CH1', 'CH2', 'CHZ']",2018-12-25T09:46:13.450000Z,14.14
488,20181225T094613Z,1J.TI1A.,"['CH1', 'CH2', 'CHZ']",2018-12-25T09:46:13.450000Z,14.14
489,20181225T094805Z,1J.TI4A.,"['CH1', 'CH2', 'CHZ']",2018-12-25T09:48:05.300000Z,14.14
490,20181225T094805Z,1J.TI3A.,"['CH1', 'CH2', 'CHZ']",2018-12-25T09:48:05.300000Z,14.14
491,20181225T094805Z,1J.TI1A.,"['CH1', 'CH2', 'CHZ']",2018-12-25T09:48:05.300000Z,14.14
492,20181225T094847Z,1J.TI3A.,"['CH1', 'CH2', 'CHZ']",2018-12-25T09:48:47.500000Z,22.89
493,20181225T094847Z,1J.TI8A.,"['CH1', 'CH2', 'CHZ']",2018-12-25T09:48:47.500000Z,22.89
494,20181225T094847Z,1J.TI6A.,"['CH1', 'CH2', 'CHZ']",2018-12-25T09:48:47.500000Z,22.89
495,20181225T095009Z,1J.TI4A.,"['CH1', 'CH2', 'CHZ']",2018-12-25T09:50:09.850000Z,14.14
496,20181225T095009Z,1J.TI3A.,"['CH1', 'CH2', 'CHZ']",2018-12-25T09:50:09.850000Z,14.14
497,20181225T095009Z,1J.TI1A.,"['CH1', 'CH2', 'CHZ']",2018-12-25T09:50:09.850000Z,14.14
498,20181225T095054Z,1J.TI4A.,"['CH1', 'CH2', 'CHZ']",2018-12-25T09:50:54.290000Z,14.14
499,20181225T095054Z,1J.TI3A.,"['CH1', 'CH2', 'CHZ']",2018-12-25T09:50:54.290000Z,14.14
500,20181225T095054Z,1J.TI1A.,"['CH1', 'CH2', 'CHZ']",2018-12-25T09:50:54.290000Z,14.14
501,20181225T095145Z,1J.TI4A.,"['CH1', 'CH2', 'CHZ']",2018-12-25T09:51:45.660000Z,14.14
502,20181225T095145Z,1J.TI3A.,"['CH1', 'CH2', 'CHZ']",2018-12-25T09:51:45.660000Z,14.14
503,20181225T095145Z,1J.TI1A.,"['CH1', 'CH2', 'CHZ']",2018-12-25T09:51:45.660000Z,14.14
504,20181225T095310Z,1J.TI4A.,"['CH1', 'CH2', 'CHZ']",2018-12-25T09:53:10.050000Z,14.14
505,20181225T095310Z,1J.TI3A.,"['CH1', 'CH2', 'CHZ']",2018-12-25T09:53:10.050000Z,14.14
506,20181225T095310Z,1J.TI1A.,"['CH1', 'CH2', 'CHZ']",2018-12-25T09:53:10.050000Z,14.14
507,20181225T095542Z,1J.TI4A.,"['CH1', 'CH2', 'CHZ']",2018-12-25T09:55:42.200000Z,14.14
508,20181225T095542Z,1J.TI3A.,"['CH1', 'CH2', 'CHZ']",2018-12-25T09:55:42.200000Z,14.14
509,20181225T095542Z,1J.TI1A.,"['CH1', 'CH2', 'CHZ']",2018-12-25T09:55:42.200000Z,14.14
510,20181225T095656Z,1J.TI4A.,"['CH1', 'CH2', 'CHZ']",2018-12-25T09:56:56.540000Z,14.14
511,20181225T095656Z,1J.TI3A.,"['CH1', 'CH2', 'CHZ']",2018-12-25T09:56:56.540000Z,14.14
512,20181225T095656Z,1J.TI1A.,"['CH1', 'CH2', 'CHZ']",2018-12-25T09:56:56.540000Z,14.14
513,20181225T095715Z,1J.TI4A.,"['CH1', 'CH2', 'CHZ']",2018-12-25T09:57:15.260000Z,14.14
514,20181225T095715Z,1J.TI3A.,"['CH1', 'CH2', 'CHZ']",2018-12-25T09:57:15.260000Z,14.14
515,20181225T095715Z,1J.TI1A.,"['CH1', 'CH2', 'CHZ']",2018-12-25T09:57:15.260000Z,14.14
516,20181225T100223Z,1J.TI4A.,"['CH1', 'CH2', 'CHZ']",2018-12-25T10:02:23.190000Z,24.48
517,20181225T100223Z,1J.TI3A.,"['CH1', 'CH2', 'CHZ']",2018-12-25T10:02:23.190000Z,24.48
518,20181225T100223Z,1J.TI8A.,"['CH1', 'CH2', 'CHZ']",2018-12-25T10:02:23.190000Z,24.48
519,20181225T100223Z,1J.TI6A.,"['CH1', 'CH2', 'CHZ']",2018-12-25T10:02:23.190000Z,24.48
520,20181225T100257Z,1J.TI4A.,"['CH1', 'CH2', 'CHZ']",2018-12-25T10:02:57.530000Z,24.48
521,20181225T100257Z,1J.TI3A.,"['CH1', 'CH2', 'CHZ']",2018-12-25T10:02:57.530000Z,24.48
522,20181225T100257Z,1J.TI8A.,"['CH1', 'CH2', 'CHZ']",2018-12-25T10:02:57.530000Z,24.48
523,20181225T100257Z,1J.TI6A.,"['CH1', 'CH2', 'CHZ']",2018-12-25T10:02:57.530000Z,24.48
524,20181225T100603Z,1J.TI3A.,"['CH1', 'CH2', 'CHZ']",2018-12-25T10:06:03.530000Z,27.17
525,20181225T100603Z,1J.TI8A.,"['CH1', 'CH2', 'CHZ']",2018-12-25T10:06:03.530000Z,27.17
526,20181225T100603Z,1J.TI6A.,"['CH1', 'CH2', 'CHZ']",2018-12-25T10:06:03.530000Z,27.17
527,20181225T100603Z,1J.TI1A.,"['CH1', 'CH2', 'CHZ']",2018-12-25T10:06:03.530000Z,27.17
528,20181225T100643Z,1J.TI4A.,"['CH1', 'CH2', 'CHZ']",2018-12-25T10:06:43.730000Z,14.14
529,20181225T100643Z,1J.TI3A.,"['CH1', 'CH2', 'CHZ']",2018-12-25T10:06:43.730000Z,14.14
530,20181225T100643Z,1J.TI1A.,"['CH1', 'CH2', 'CHZ']",2018-12-25T10:06:43.730000Z,14.14
531,20181225T101022Z,1J.TI4A.,"['CH1', 'CH2', 'CHZ']",2018-12-25T10:10:22.060000Z,24.15
532,20181225T101022Z,1J.TI3A.,"['CH1', 'CH2', 'CHZ']",2018-12-25T10:10:22.060000Z,24.15
533,20181225T101022Z,1J.TI8A.,"['CH1', 'CH2', 'CHZ']",2018-12-25T10:10:22.060000Z,24.15
534,20181225T101022Z,1J.TI6A.,"['CH1', 'CH2', 'CHZ']",2018-12-25T10:10:22.060000Z,24.15
535,20181225T101022Z,1J.TI1A.,"['CH1', 'CH2', 'CHZ']",2018-12-25T10:10:22.060000Z,24.15
536,20181225T101453Z,1J.TI3A.,"['CH1', 'CH2', 'CHZ']",2018-12-25T10:14:53.660000Z,17.2
537,20181225T101453Z,1J.TI6A.,"['CH1', 'CH2', 'CHZ']",2018-12-25T10:14:53.660000Z,17.2
538,20181225T101453Z,1J.TI7A.,"['CH1', 'CH2', 'CHZ']",2018-12-25T10:14:53.660000Z,17.2
539,20181225T101620Z,1J.TI4A.,"['CH1', 'CH2', 'CHZ']",2018-12-25T10:16:20.590000Z,14.14
540,20181225T101620Z,1J.TI3A.,"['CH1', 'CH2', 'CHZ']",2018-12-25T10:16:20.590000Z,14.14
541,20181225T101620Z,1J.TI1A.,"['CH1', 'CH2', 'CHZ']",2018-12-25T10:16:20.590000Z,14.14
542,20181225T101713Z,1J.TI4A.,"['CH1', 'CH2', 'CHZ']",2018-12-25T10:17:13.920000Z,14.14
543,20181225T101713Z,1J.TI3A.,"['CH1', 'CH2', 'CHZ']",2018-12-25T10:17:13.920000Z,14.14
544,20181225T101713Z,1J.TI1A.,"['CH1', 'CH2', 'CHZ']",2018-12-25T10:17:13.920000Z,14.14
545,20181225T101818Z,1J.TI4A.,"['CH1', 'CH2', 'CHZ']",2018-12-25T10:18:18.940000Z,14.14
546,20181225T101818Z,1J.TI3A.,"['CH1', 'CH2', 'CHZ']",2018-12-25T10:18:18.940000Z,14.14
547,20181225T101818Z,1J.TI1A.,"['CH1', 'CH2', 'CHZ']",2018-12-25T10:18:18.940000Z,14.14
548,20181225T101916Z,1J.TI4A.,"['CH1', 'CH2', 'CHZ']",2018-12-25T10:19:16.480000Z,14.14
549,20181225T101916Z,1J.TI3A.,"['CH1', 'CH2', 'CHZ']",2018-12-25T10:19:16.480000Z,14.14
550,20181225T101916Z,1J.TI1A.,"['CH1', 'CH2', 'CHZ']",2018-12-25T10:19:16.480000Z,14.14
551,20181225T101933Z,1J.TI4A.,"['CH1', 'CH2', 'CHZ']",2018-12-25T10:19:33.830000Z,14.14
552,20181225T101933Z,1J.TI3A.,"['CH1', 'CH2', 'CHZ']",2018-12-25T10:19:33.830000Z,14.14
553,20181225T101933Z,1J.TI1A.,"['CH1', 'CH2', 'CHZ']",2018-12-25T10:19:33.830000Z,14.14
554,20181225T102123Z,1J.TI4A.,"['CH1', 'CH2', 'CHZ']",2018-12-25T10:21:23.570000Z,14.14
555,20181225T102123Z,1J.TI3A.,"['CH1', 'CH2', 'CHZ']",2018-12-25T10:21:23.570000Z,14.14
556,20181225T102123Z,1J.TI1A.,"['CH1', 'CH2', 'CHZ']",2018-12-25T10:21:23.570000Z,14.14
557,20181225T102203Z,1J.TI4A.,"['CH1', 'CH2', 'CHZ']",2018-12-25T10:22:03.120000Z,14.14
558,20181225T102203Z,1J.TI3A.,"['CH1', 'CH2', 'CHZ']",2018-12-25T10:22:03.120000Z,14.14
559,20181225T102203Z,1J.TI1A.,"['CH1', 'CH2', 'CHZ']",2018-12-25T10:22:03.120000Z,14.14
560,20181225T102227Z,1J.TI4A.,"['CH1', 'CH2', 'CHZ']",2018-12-25T10:22:27.000000Z,24.98
561,20181225T102227Z,1J.TI3A.,"['CH1', 'CH2', 'CHZ']",2018-12-25T10:22:27.000000Z,24.98
562,20181225T102227Z,1J.TI8A.,"['CH1', 'CH2', 'CHZ']",2018-12-25T10:22:27.000000Z,24.98
563,20181225T102227Z,1J.TI6A.,"['CH1', 'CH2', 'CHZ']",2018-12-25T10:22:27.000000Z,24.98
564,20181225T102227Z,1J.TI1A.,"['CH1', 'CH2', 'CHZ']",2018-12-25T10:22:27.000000Z,24.98
565,20181225T102338Z,1J.TI4A.,"['CH1', 'CH2', 'CHZ']",2018-12-25T10:23:38.250000Z,14.14
566,20181225T102338Z,1J.TI3A.,"['CH1', 'CH2', 'CHZ']",2018-12-25T10:23:38.250000Z,14.14
567,20181225T102338Z,1J.TI1A.,"['CH1', 'CH2', 'CHZ']",2018-12-25T10:23:38.250000Z,14.14
568,20181225T102350Z,1J.TI3A.,"['CH1', 'CH2', 'CHZ']",2018-12-25T10:23:50.950000Z,22.89
569,20181225T102350Z,1J.TI8A.,"['CH1', 'CH2', 'CHZ']",2018-12-25T10:23:50.950000Z,22.89
570,20181225T102350Z,1J.TI6A.,"['CH1', 'CH2', 'CHZ']",2018-12-25T10:23:50.950000Z,22.89
571,20181225T102427Z,1J.TI4A.,"['CH1', 'CH2', 'CHZ']",2018-12-25T10:24:27.610000Z,14.14
572,20181225T102427Z,1J.TI3A.,"['CH1', 'CH2', 'CHZ']",2018-12-25T10:24:27.610000Z,14.14
573,20181225T102427Z,1J.TI1A.,"['CH1', 'CH2', 'CHZ']",2018-12-25T10:24:27.610000Z,14.14
574,20181225T102602Z,1J.TI4A.,"['CH1', 'CH2', 'CHZ']",2018-12-25T10:26:02.740000Z,14.14
575,20181225T102602Z,1J.TI3A.,"['CH1', 'CH2', 'CHZ']",2018-12-25T10:26:02.740000Z,14.14
576,20181225T102602Z,1J.TI1A.,"['CH1', 'CH2', 'CHZ']",2018-12-25T10:26:02.740000Z,14.14
577,20181225T102816Z,1J.TI4A.,"['CH1', 'CH2', 'CHZ']",2018-12-25T10:28:16.270000Z,14.14
578,20181225T102816Z,1J.TI3A.,"['CH1', 'CH2', 'CHZ']",2018-12-25T10:28:16.270000Z,14.14
579,20181225T102816Z,1J.TI1A.,"['CH1', 'CH2', 'CHZ']",2018-12-25T10:28:16.270000Z,14.14
580,20181225T102852Z,1J.TI4A.,"['CH1', 'CH2', 'CHZ']",2018-12-25T10:28:52.000000Z,14.14
581,20181225T102852Z,1J.TI3A.,"['CH1', 'CH2', 'CHZ']",2018-12-25T10:28:52.000000Z,14.14
582,20181225T102852Z,1J.TI1A.,"['CH1', 'CH2', 'CHZ']",2018-12-25T10:28:52.000000Z,14.14
583,20181225T103210Z,1J.TI4A.,"['CH1', 'CH2', 'CHZ']",2018-12-25T10:32:10.220000Z,14.14
584,20181225T103210Z,1J.TI3A.,"['CH1', 'CH2', 'CHZ']",2018-12-25T10:32:10.220000Z,14.14
585,20181225T103210Z,1J.TI1A.,"['CH1', 'CH2', 'CHZ']",2018-12-25T10:32:10.220000Z,14.14
586,20181225T103452Z,1J.TI4A.,"['CH1', 'CH2', 'CHZ']",2018-12-25T10:34:52.350000Z,14.14
587,20181225T103452Z,1J.TI3A.,"['CH1', 'CH2', 'CHZ']",2018-12-25T10:34:52.350000Z,14.14
588,20181225T103452Z,1J.TI1A.,"['CH1', 'CH2', 'CHZ']",2018-12-25T10:34:52.350000Z,14.14
589,20181225T103516Z,1J.TI4A.,"['CH1', 'CH2', 'CHZ']",2018-12-25T10:35:16.290000Z,14.14
590,20181225T103516Z,1J.TI3A.,"['CH1', 'CH2', 'CHZ']",2018-12-25T10:35:16.290000Z,14.14
591,20181225T103516Z,1J.TI1A.,"['CH1', 'CH2', 'CHZ']",2018-12-25T10:35:16.290000Z,14.14
592,20181225T103609Z,1J.TI4A.,"['CH1', 'CH2', 'CHZ']",2018-12-25T10:36:09.790000Z,24.15
593,20181225T103609Z,1J.TI3A.,"['CH1', 'CH2', 'CHZ']",2018-12-25T10:36:09.790000Z,24.15
594,20181225T103609Z,1J.TI8A.,"['CH1', 'CH2', 'CHZ']",2018-12-25T10:36:09.790000Z,24.15
595,20181225T103609Z,1J.TI6A.,"['CH1', 'CH2', 'CHZ']",2018-12-25T10:36:09.790000Z,24.15
596,20181225T103609Z,1J.TI1A.,"['CH1', 'CH2', 'CHZ']",2018-12-25T10:36:09.790000Z,24.15
597,20181225T104235Z,1J.TI3A.,"['CH1', 'CH2', 'CHZ']",2018-12-25T10:42:35.770000Z,27.17
598,20181225T104235Z,1J.TI8A.,"['CH1', 'CH2', 'CHZ']",2018-12-25T10:42:35.770000Z,27.17
599,20181225T104235Z,1J.TI6A.,"['CH1', 'CH2', 'CHZ']",2018-12-25T10:42:35.770000Z,27.17
600,20181225T104235Z,1J.TI1A.,"['CH1', 'CH2', 'CHZ']",2018-12-25T10:42:35.770000Z,27.17
601,20181225T105358Z,1J.TI3A.,"['CH1', 'CH2', 'CHZ']",2018-12-25T10:53:58.840000Z,3.78
602,20181225T105743Z,1J.TI3A.,"['CH1', 'CH2', 'CHZ']",2018-12-25T10:57:43.360000Z,22.89
603,20181225T105743Z,1J.TI8A.,"['CH1', 'CH2', 'CHZ']",2018-12-25T10:57:43.360000Z,22.89
604,20181225T105743Z,1J.TI6A.,"['CH1', 'CH2', 'CHZ']",2018-12-25T10:57:43.360000Z,22.89
605,20181225T110532Z,1J.TI3A.,"['CH1', 'CH2', 'CHZ']",2018-12-25T11:05:32.390000Z,3.78
606,20181225T110633Z,1J.TI3A.,"['CH1', 'CH2', 'CHZ']",2018-12-25T11:06:33.620000Z,12.22
607,20181225T110858Z,1J.TI3A.,"['CH1', 'CH2', 'CHZ']",2018-12-25T11:08:58.940000Z,12.22
608,20181225T112040Z,1J.TI3A.,"['CH1', 'CH2', 'CHZ']",2018-12-25T11:20:40.880000Z,23.96
609,20181225T112040Z,1J.TI8A.,"['CH1', 'CH2', 'CHZ']",2018-12-25T11:20:40.880000Z,23.96
610,20181225T112135Z,1J.TI4A.,"['CH1', 'CH2', 'CHZ']",2018-12-25T11:21:35.950000Z,55.77
611,20181225T112135Z,1J.TI3A.,"['CH1', 'CH2', 'CHZ']",2018-12-25T11:21:35.950000Z,55.77
612,20181225T112135Z,1J.TI8A.,"['CH1', 'CH2', 'CHZ']",2018-12-25T11:21:35.950000Z,55.77
613,20181225T112135Z,1J.TI6A.,"['CH1', 'CH2', 'CHZ']",2018-12-25T11:21:35.950000Z,55.77
614,20181225T112135Z,1J.TI1A.,"['CH1', 'CH2', 'CHZ']",2018-12-25T11:21:35.950000Z,55.77
615,20181225T112153Z,1J.TI3A.,"['CH1', 'CH2', 'CHZ']",2018-12-25T11:21:53.870000Z,3.78
616,20181225T112504Z,1J.TI4A.,"['CH1', 'CH2', 'CHZ']",2018-12-25T11:25:04.340000Z,24.48
617,20181225T112504Z,1J.TI3A.,"['CH1', 'CH2', 'CHZ']",2018-12-25T11:25:04.340000Z,24.48
618,20181225T112504Z,1J.TI8A.,"['CH1', 'CH2', 'CHZ']",2018-12-25T11:25:04.340000Z,24.48
619,20181225T112504Z,1J.TI6A.,"['CH1', 'CH2', 'CHZ']",2018-12-25T11:25:04.340000Z,24.48
620,20181225T113023Z,1J.TI4A.,"['CH1', 'CH2', 'CHZ']",2018-12-25T11:30:23.310000Z,24.48
621,20181225T113023Z,1J.TI3A.,"['CH1', 'CH2', 'CHZ']",2018-12-25T11:30:23.310000Z,24.48
622,20181225T113023Z,1J.TI8A.,"['CH1', 'CH2', 'CHZ']",2018-12-25T11:30:23.310000Z,24.48
623,20181225T113023Z,1J.TI6A.,"['CH1', 'CH2', 'CHZ']",2018-12-25T11:30:23.310000Z,24.48
624,20181225T113305Z,1J.TI4A.,"['CH1', 'CH2', 'CHZ']",2018-12-25T11:33:05.670000Z,24.48
625,20181225T113305Z,1J.TI3A.,"['CH1', 'CH2', 'CHZ']",2018-12-25T11:33:05.670000Z,24.48
626,20181225T113305Z,1J.TI8A.,"['CH1', 'CH2', 'CHZ']",2018-12-25T11:33:05.670000Z,24.48
627,20181225T113305Z,1J.TI6A.,"['CH1', 'CH2', 'CHZ']",2018-12-25T11:33:05.670000Z,24.48
628,20181225T113325Z,1J.TI3A.,"['CH1', 'CH2', 'CHZ']",2018-12-25T11:33:25.250000Z,27.17
629,20181225T113325Z,1J.TI8A.,"['CH1', 'CH2', 'CHZ']",2018-12-25T11:33:25.250000Z,27.17
630,20181225T113325Z,1J.TI6A.,"['CH1', 'CH2', 'CHZ']",2018-12-25T11:33:25.250000Z,27.17
631,20181225T113325Z,1J.TI1A.,"['CH1', 'CH2', 'CHZ']",2018-12-25T11:33:25.250000Z,27.17
632,20181225T113523Z,1J.TI3A.,"['CH1', 'CH2', 'CHZ']",2018-12-25T11:35:23.550000Z,22.89
633,20181225T113523Z,1J.TI8A.,"['CH1', 'CH2', 'CHZ']",2018-12-25T11:35:23.550000Z,22.89
634,20181225T113523Z,1J.TI6A.,"['CH1', 'CH2', 'CHZ']",2018-12-25T11:35:23.550000Z,22.89
635,20181225T113653Z,1J.TI3A.,"['CH1', 'CH2', 'CHZ']",2018-12-25T11:36:53.750000Z,3.78
636,20181225T114117Z,1J.TI3A.,"['CH1', 'CH2', 'CHZ']",2018-12-25T11:41:17.380000Z,3.78
637,20181225T114222Z,1J.TI3A.,"['CH1', 'CH2', 'CHZ']",2018-12-25T11:42:22.190000Z,2.13
638,20181225T114554Z,1J.TI4A.,"['CH1', 'CH2', 'CHZ']",2018-12-25T11:45:54.650000Z,24.15
639,20181225T114554Z,1J.TI3A.,"['CH1', 'CH2', 'CHZ']",2018-12-25T11:45:54.650000Z,24.15
640,20181225T114554Z,1J.TI8A.,"['CH1', 'CH2', 'CHZ']",2018-12-25T11:45:54.650000Z,24.15
641,20181225T114554Z,1J.TI6A.,"['CH1', 'CH2', 'CHZ']",2018-12-25T11:45:54.650000Z,24.15
642,20181225T114554Z,1J.TI1A.,"['CH1', 'CH2', 'CHZ']",2018-12-25T11:45:54.650000Z,24.15
643,20181225T115641Z,1J.TI4A.,"['CH1', 'CH2', 'CHZ']",2018-12-25T11:56:41.610000Z,24.48
644,20181225T115641Z,1J.TI3A.,"['CH1', 'CH2', 'CHZ']",2018-12-25T11:56:41.610000Z,24.48
645,20181225T115641Z,1J.TI8A.,"['CH1', 'CH2', 'CHZ']",2018-12-25T11:56:41.610000Z,24.48
646,20181225T115641Z,1J.TI6A.,"['CH1', 'CH2', 'CHZ']",2018-12-25T11:56:41.610000Z,24.48
647,20181225T115654Z,1J.TI3A.,"['CH1', 'CH2', 'CHZ']",2018-12-25T11:56:54.400000Z,27.17
648,20181225T115654Z,1J.TI8A.,"['CH1', 'CH2', 'CHZ']",2018-12-25T11:56:54.400000Z,27.17
649,20181225T115654Z,1J.TI6A.,"['CH1', 'CH2', 'CHZ']",2018-12-25T11:56:54.400000Z,27.17
650,20181225T115654Z,1J.TI1A.,"['CH1', 'CH2', 'CHZ']",2018-12-25T11:56:54.400000Z,27.17
651,20181225T120043Z,1J.TI4A.,"['CH1', 'CH2', 'CHZ']",2018-12-25T12:00:43.200000Z,24.48
652,20181225T120043Z,1J.TI3A.,"['CH1', 'CH2', 'CHZ']",2018-12-25T12:00:43.200000Z,24.48
653,20181225T120043Z,1J.TI8A.,"['CH1', 'CH2', 'CHZ']",2018-12-25T12:00:43.200000Z,24.48
654,20181225T120043Z,1J.TI6A.,"['CH1', 'CH2', 'CHZ']",2018-12-25T12:00:43.200000Z,24.48
655,20181225T120242Z,1J.TI3A.,"['CH1', 'CH2', 'CHZ']",2018-12-25T12:02:42.940000Z,27.17
656,20181225T120242Z,1J.TI8A.,"['CH1', 'CH2', 'CHZ']",2018-12-25T12:02:42.940000Z,27.17
657,20181225T120242Z,1J.TI6A.,"['CH1', 'CH2', 'CHZ']",2018-12-25T12:02:42.940000Z,27.17
658,20181225T120242Z,1J.TI1A.,"['CH1', 'CH2', 'CHZ']",2018-12-25T12:02:42.940000Z,27.17
659,20181225T121342Z,1J.TI4A.,"['CH1', 'CH2', 'CHZ']",2018-12-25T12:13:42.870000Z,55.77
660,20181225T121342Z,1J.TI3A.,"['CH1', 'CH2', 'CHZ']",2018-12-25T12:13:42.870000Z,55.77
661,20181225T121342Z,1J.TI8A.,"['CH1', 'CH2', 'CHZ']",2018-12-25T12:13:42.870000Z,55.77
662,20181225T121342Z,1J.TI6A.,"['CH1', 'CH2', 'CHZ']",2018-12-25T12:13:42.870000Z,55.77
663,20181225T121342Z,1J.TI1A.,"['CH1', 'CH2', 'CHZ']",2018-12-25T12:13:42.870000Z,55.77
664,20181225T121725Z,1J.TI3A.,"['CH1', 'CH2', 'CHZ']",2018-12-25T12:17:25.630000Z,3.78
665,20181225T122826Z,1J.TI4A.,"['CH1', 'CH2', 'CHZ']",2018-12-25T12:28:26.360000Z,24.15
666,20181225T122826Z,1J.TI3A.,"['CH1', 'CH2', 'CHZ']",2018-12-25T12:28:26.360000Z,24.15
667,20181225T122826Z,1J.TI8A.,"['CH1', 'CH2', 'CHZ']",2018-12-25T12:28:26.360000Z,24.15
668,20181225T122826Z,1J.TI6A.,"['CH1', 'CH2', 'CHZ']",2018-12-25T12:28:26.360000Z,24.15
669,20181225T122826Z,1J.TI1A.,"['CH1', 'CH2', 'CHZ']",2018-12-25T12:28:26.360000Z,24.15
670,20181225T122851Z,1J.TI3A.,"['CH1', 'CH2', 'CHZ']",2018-12-25T12:28:51.960000Z,23.96
671,20181225T122851Z,1J.TI8A.,"['CH1', 'CH2', 'CHZ']",2018-12-25T12:28:51.960000Z,23.96
672,20181225T124504Z,1J.TI3A.,"['CH1', 'CH2', 'CHZ']",2018-12-25T12:45:04.430000Z,22.89
673,20181225T124504Z,1J.TI8A.,"['CH1', 'CH2', 'CHZ']",2018-12-25T12:45:04.430000Z,22.89
674,20181225T124504Z,1J.TI6A.,"['CH1', 'CH2', 'CHZ']",2018-12-25T12:45:04.430000Z,22.89
675,20181225T124934Z,1J.TI4A.,"['CH1', 'CH2', 'CHZ']",2018-12-25T12:49:34.180000Z,24.15
676,20181225T124934Z,1J.TI3A.,"['CH1', 'CH2', 'CHZ']",2018-12-25T12:49:34.180000Z,24.15
677,20181225T124934Z,1J.TI8A.,"['CH1', 'CH2', 'CHZ']",2018-12-25T12:49:34.180000Z,24.15
678,20181225T124934Z,1J.TI6A.,"['CH1', 'CH2', 'CHZ']",2018-12-25T12:49:34.180000Z,24.15
679,20181225T124934Z,1J.TI1A.,"['CH1', 'CH2', 'CHZ']",2018-12-25T12:49:34.180000Z,24.15
680,20181225T125730Z,1J.TI3A.,"['CH1', 'CH2', 'CHZ']",2018-12-25T12:57:30.250000Z,23.96
681,20181225T125730Z,1J.TI8A.,"['CH1', 'CH2', 'CHZ']",2018-12-25T12:57:30.250000Z,23.96
682,20181225T125930Z,1J.TI4A.,"['CH1', 'CH2', 'CHZ']",2018-12-25T12:59:30.180000Z,24.98
683,20181225T125930Z,1J.TI3A.,"['CH1', 'CH2', 'CHZ']",2018-12-25T12:59:30.180000Z,24.98
684,20181225T125930Z,1J.TI8A.,"['CH1', 'CH2', 'CHZ']",2018-12-25T12:59:30.180000Z,24.98
685,20181225T125930Z,1J.TI6A.,"['CH1', 'CH2', 'CHZ']",2018-12-25T12:59:30.180000Z,24.98
686,20181225T125930Z,1J.TI1A.,"['CH1', 'CH2', 'CHZ']",2018-12-25T12:59:30.180000Z,24.98
687,20181225T130244Z,1J.TI3A.,"['CH1', 'CH2', 'CHZ']",2018-12-25T13:02:44.370000Z,3.78
688,20181225T130523Z,1J.TI3A.,"['CH1', 'CH2', 'CHZ']",2018-12-25T13:05:23.460000Z,27.17
689,20181225T130523Z,1J.TI8A.,"['CH1', 'CH2', 'CHZ']",2018-12-25T13:05:23.460000Z,27.17
690,20181225T130523Z,1J.TI6A.,"['CH1', 'CH2', 'CHZ']",2018-12-25T13:05:23.460000Z,27.17
691,20181225T130523Z,1J.TI1A.,"['CH1', 'CH2', 'CHZ']",2018-12-25T13:05:23.460000Z,27.17
692,20181225T131518Z,1J.TI4A.,"['CH1', 'CH2', 'CHZ']",2018-12-25T13:15:18.970000Z,24.15
693,20181225T131518Z,1J.TI3A.,"['CH1', 'CH2', 'CHZ']",2018-12-25T13:15:18.970000Z,24.15
694,20181225T131518Z,1J.TI8A.,"['CH1', 'CH2', 'CHZ']",2018-12-25T13:15:18.970000Z,24.15
695,20181225T131518Z,1J.TI6A.,"['CH1', 'CH2', 'CHZ']",2018-12-25T13:15:18.970000Z,24.15
696,20181225T131518Z,1J.TI1A.,"['CH1', 'CH2', 'CHZ']",2018-12-25T13:15:18.970000Z,24.15
697,20181225T132908Z,1J.TI3A.,"['CH1', 'CH2', 'CHZ']",2018-12-25T13:29:08.140000Z,22.89
698,20181225T132908Z,1J.TI8A.,"['CH1', 'CH2', 'CHZ']",2018-12-25T13:29:08.140000Z,22.89
699,20181225T132908Z,1J.TI6A.,"['CH1', 'CH2', 'CHZ']",2018-12-25T13:29:08.140000Z,22.89
700,20181225T134113Z,1J.TI3A.,"['CH1', 'CH2', 'CHZ']",2018-12-25T13:41:13.470000Z,27.17
701,20181225T134113Z,1J.TI8A.,"['CH1', 'CH2', 'CHZ']",2018-12-25T13:41:13.470000Z,27.17
702,20181225T134113Z,1J.TI6A.,"['CH1', 'CH2', 'CHZ']",2018-12-25T13:41:13.470000Z,27.17
703,20181225T134113Z,1J.TI1A.,"['CH1', 'CH2', 'CHZ']",2018-12-25T13:41:13.470000Z,27.17
704,20181225T134254Z,1J.TI3A.,"['CH1', 'CH2', 'CHZ']",2018-12-25T13:42:54.910000Z,2.13
705,20181225T134606Z,1J.TI4A.,"['CH1', 'CH2', 'CHZ']",2018-12-25T13:46:06.140000Z,24.15
706,20181225T134606Z,1J.TI3A.,"['CH1', 'CH2', 'CHZ']",2018-12-25T13:46:06.140000Z,24.15
707,20181225T134606Z,1J.TI8A.,"['CH1', 'CH2', 'CHZ']",2018-12-25T13:46:06.140000Z,24.15
708,20181225T134606Z,1J.TI6A.,"['CH1', 'CH2', 'CHZ']",2018-12-25T13:46:06.140000Z,24.15
709,20181225T134606Z,1J.TI1A.,"['CH1', 'CH2', 'CHZ']",2018-12-25T13:46:06.140000Z,24.15
710,20181225T135609Z,1J.TI4A.,"['CH1', 'CH2', 'CHZ']",2018-12-25T13:56:09.210000Z,24.48
711,20181225T135609Z,1J.TI3A.,"['CH1', 'CH2', 'CHZ']",2018-12-25T13:56:09.210000Z,24.48
712,20181225T135609Z,1J.TI8A.,"['CH1', 'CH2', 'CHZ']",2018-12-25T13:56:09.210000Z,24.48
713,20181225T135609Z,1J.TI6A.,"['CH1', 'CH2', 'CHZ']",2018-12-25T13:56:09.210000Z,24.48
714,20181225T141127Z,1J.TI4A.,"['CH1', 'CH2', 'CHZ']",2018-12-25T14:11:27.240000Z,24.48
715,20181225T141127Z,1J.TI3A.,"['CH1', 'CH2', 'CHZ']",2018-12-25T14:11:27.240000Z,24.48
716,20181225T141127Z,1J.TI8A.,"['CH1', 'CH2', 'CHZ']",2018-12-25T14:11:27.240000Z,24.48
717,20181225T141127Z,1J.TI6A.,"['CH1', 'CH2', 'CHZ']",2018-12-25T14:11:27.240000Z,24.48
718,20181225T141328Z,1J.TI4A.,"['CH1', 'CH2', 'CHZ']",2018-12-25T14:13:28.070000Z,24.15
719,20181225T141328Z,1J.TI3A.,"['CH1', 'CH2', 'CHZ']",2018-12-25T14:13:28.070000Z,24.15
720,20181225T141328Z,1J.TI8A.,"['CH1', 'CH2', 'CHZ']",2018-12-25T14:13:28.070000Z,24.15
721,20181225T141328Z,1J.TI6A.,"['CH1', 'CH2', 'CHZ']",2018-12-25T14:13:28.070000Z,24.15
722,20181225T141328Z,1J.TI1A.,"['CH1', 'CH2', 'CHZ']",2018-12-25T14:13:28.070000Z,24.15
723,20181225T141347Z,1J.TI4A.,"['CH1', 'CH2', 'CHZ']",2018-12-25T14:13:47.090000Z,14.14
724,20181225T141347Z,1J.TI3A.,"['CH1', 'CH2', 'CHZ']",2018-12-25T14:13:47.090000Z,14.14
725,20181225T141347Z,1J.TI1A.,"['CH1', 'CH2', 'CHZ']",2018-12-25T14:13:47.090000Z,14.14
726,20181225T142233Z,1J.TI3A.,"['CH1', 'CH2', 'CHZ']",2018-12-25T14:22:33.900000Z,3.78
727,20181225T143633Z,1J.TI4A.,"['CH1', 'CH2', 'CHZ']",2018-12-25T14:36:33.380000Z,14.14
728,20181225T143633Z,1J.TI3A.,"['CH1', 'CH2', 'CHZ']",2018-12-25T14:36:33.380000Z,14.14
729,20181225T143633Z,1J.TI1A.,"['CH1', 'CH2', 'CHZ']",2018-12-25T14:36:33.380000Z,14.14
730,20181225T144648Z,1J.TI4A.,"['CH1', 'CH2', 'CHZ']",2018-12-25T14:46:48.850000Z,24.48
731,20181225T144648Z,1J.TI3A.,"['CH1', 'CH2', 'CHZ']",2018-12-25T14:46:48.850000Z,24.48
732,20181225T144648Z,1J.TI8A.,"['CH1', 'CH2', 'CHZ']",2018-12-25T14:46:48.850000Z,24.48
733,20181225T144648Z,1J.TI6A.,"['CH1', 'CH2', 'CHZ']",2018-12-25T14:46:48.850000Z,24.48
734,20181225T144715Z,1J.TI3A.,"['CH1', 'CH2', 'CHZ']",2018-12-25T14:47:15.570000Z,15.92
735,20181225T144715Z,1J.TI8A.,"['CH1', 'CH2', 'CHZ']",2018-12-25T14:47:15.570000Z,15.92
736,20181225T145514Z,1J.TI4A.,"['CH1', 'CH2', 'CHZ']",2018-12-25T14:55:14.040000Z,24.15
737,20181225T145514Z,1J.TI3A.,"['CH1', 'CH2', 'CHZ']",2018-12-25T14:55:14.040000Z,24.15
738,20181225T145514Z,1J.TI8A.,"['CH1', 'CH2', 'CHZ']",2018-12-25T14:55:14.040000Z,24.15
739,20181225T145514Z,1J.TI6A.,"['CH1', 'CH2', 'CHZ']",2018-12-25T14:55:14.040000Z,24.15
740,20181225T145514Z,1J.TI1A.,"['CH1', 'CH2', 'CHZ']",2018-12-25T14:55:14.040000Z,24.15
741,20181225T145730Z,1J.TI3A.,"['CH1', 'CH2', 'CHZ']",2018-12-25T14:57:30.380000Z,23.07
742,20181225T145730Z,1J.TI8A.,"['CH1', 'CH2', 'CHZ']",2018-12-25T14:57:30.380000Z,23.07
743,20181225T145730Z,1J.TI6A.,"['CH1', 'CH2', 'CHZ']",2018-12-25T14:57:30.380000Z,23.07
744,20181225T145730Z,1J.TI1A.,"['CH1', 'CH2', 'CHZ']",2018-12-25T14:57:30.380000Z,23.07
745,20181225T150930Z,1J.TI4A.,"['CH1', 'CH2', 'CHZ']",2018-12-25T15:09:30.200000Z,14.14
746,20181225T150930Z,1J.TI3A.,"['CH1', 'CH2', 'CHZ']",2018-12-25T15:09:30.200000Z,14.14
747,20181225T150930Z,1J.TI1A.,"['CH1', 'CH2', 'CHZ']",2018-12-25T15:09:30.200000Z,14.14
748,20181225T151936Z,1J.TI3A.,"['CH1', 'CH2', 'CHZ']",2018-12-25T15:19:36.500000Z,23.96
749,20181225T151936Z,1J.TI8A.,"['CH1', 'CH2', 'CHZ']",2018-12-25T15:19:36.500000Z,23.96
750,20181225T152527Z,1J.TI4A.,"['CH1', 'CH2', 'CHZ']",2018-12-25T15:25:27.710000Z,24.48
751,20181225T152527Z,1J.TI3A.,"['CH1', 'CH2', 'CHZ']",2018-12-25T15:25:27.710000Z,24.48
752,20181225T152527Z,1J.TI8A.,"['CH1', 'CH2', 'CHZ']",2018-12-25T15:25:27.710000Z,24.48
753,20181225T152527Z,1J.TI6A.,"['CH1', 'CH2', 'CHZ']",2018-12-25T15:25:27.710000Z,24.48
754,20181225T153751Z,1J.TI3A.,"['CH1', 'CH2', 'CHZ']",2018-12-25T15:37:51.060000Z,23.07
755,20181225T153751Z,1J.TI8A.,"['CH1', 'CH2', 'CHZ']",2018-12-25T15:37:51.060000Z,23.07
756,20181225T153751Z,1J.TI6A.,"['CH1', 'CH2', 'CHZ']",2018-12-25T15:37:51.060000Z,23.07
757,20181225T153751Z,1J.TI1A.,"['CH1', 'CH2', 'CHZ']",2018-12-25T15:37:51.060000Z,23.07
758,20181225T154000Z,1J.TI4A.,"['CH1', 'CH2', 'CHZ']",2018-12-25T15:40:00.800000Z,14.14
759,20181225T154000Z,1J.TI3A.,"['CH1', 'CH2', 'CHZ']",2018-12-25T15:40:00.800000Z,14.14
760,20181225T154000Z,1J.TI1A.,"['CH1', 'CH2', 'CHZ']",2018-12-25T15:40:00.800000Z,14.14
761,20181225T154517Z,1J.TI4A.,"['CH1', 'CH2', 'CHZ']",2018-12-25T15:45:17.580000Z,24.15
762,20181225T154517Z,1J.TI3A.,"['CH1', 'CH2', 'CHZ']",2018-12-25T15:45:17.580000Z,24.15
763,20181225T154517Z,1J.TI8A.,"['CH1', 'CH2', 'CHZ']",2018-12-25T15:45:17.580000Z,24.15
764,20181225T154517Z,1J.TI6A.,"['CH1', 'CH2', 'CHZ']",2018-12-25T15:45:17.580000Z,24.15
765,20181225T154517Z,1J.TI1A.,"['CH1', 'CH2', 'CHZ']",2018-12-25T15:45:17.580000Z,24.15
766,20181225T154840Z,1J.TI3A.,"['CH1', 'CH2', 'CHZ']",2018-12-25T15:48:40.500000Z,17.2
767,20181225T154840Z,1J.TI6A.,"['CH1', 'CH2', 'CHZ']",2018-12-25T15:48:40.500000Z,17.2
768,20181225T154840Z,1J.TI7A.,"['CH1', 'CH2', 'CHZ']",2018-12-25T15:48:40.500000Z,17.2
769,20181225T155329Z,1J.TI3A.,"['CH1', 'CH2', 'CHZ']",2018-12-25T15:53:29.890000Z,27.17
770,20181225T155329Z,1J.TI8A.,"['CH1', 'CH2', 'CHZ']",2018-12-25T15:53:29.890000Z,27.17
771,20181225T155329Z,1J.TI6A.,"['CH1', 'CH2', 'CHZ']",2018-12-25T15:53:29.890000Z,27.17
772,20181225T155329Z,1J.TI1A.,"['CH1', 'CH2', 'CHZ']",2018-12-25T15:53:29.890000Z,27.17
773,20181225T155430Z,1J.TI3A.,"['CH1', 'CH2', 'CHZ']",2018-12-25T15:54:30.210000Z,27.17
774,20181225T155430Z,1J.TI8A.,"['CH1', 'CH2', 'CHZ']",2018-12-25T15:54:30.210000Z,27.17
775,20181225T155430Z,1J.TI6A.,"['CH1', 'CH2', 'CHZ']",2018-12-25T15:54:30.210000Z,27.17
776,20181225T155430Z,1J.TI1A.,"['CH1', 'CH2', 'CHZ']",2018-12-25T15:54:30.210000Z,27.17
777,20181225T160248Z,1J.TI3A.,"['CH1', 'CH2', 'CHZ']",2018-12-25T16:02:48.980000Z,23.96
778,20181225T160248Z,1J.TI8A.,"['CH1', 'CH2', 'CHZ']",2018-12-25T16:02:48.980000Z,23.96
779,20181225T160415Z,1J.TI4A.,"['CH1', 'CH2', 'CHZ']",2018-12-25T16:04:15.730000Z,14.14
780,20181225T160415Z,1J.TI3A.,"['CH1', 'CH2', 'CHZ']",2018-12-25T16:04:15.730000Z,14.14
781,20181225T160415Z,1J.TI1A.,"['CH1', 'CH2', 'CHZ']",2018-12-25T16:04:15.730000Z,14.14
782,20181225T160550Z,1J.TI3A.,"['CH1', 'CH2', 'CHZ']",2018-12-25T16:05:50.270000Z,3.78
783,20181225T160722Z,1J.TI4A.,"['CH1', 'CH2', 'CHZ']",2018-12-25T16:07:22.950000Z,24.15
784,20181225T160722Z,1J.TI3A.,"['CH1', 'CH2', 'CHZ']",2018-12-25T16:07:22.950000Z,24.15
785,20181225T160722Z,1J.TI8A.,"['CH1', 'CH2', 'CHZ']",2018-12-25T16:07:22.950000Z,24.15
786,20181225T160722Z,1J.TI6A.,"['CH1', 'CH2', 'CHZ']",2018-12-25T16:07:22.950000Z,24.15
787,20181225T160722Z,1J.TI1A.,"['CH1', 'CH2', 'CHZ']",2018-12-25T16:07:22.950000Z,24.15
788,20181225T161158Z,1J.TI3A.,"['CH1', 'CH2', 'CHZ']",2018-12-25T16:11:58.740000Z,27.17
789,20181225T161158Z,1J.TI8A.,"['CH1', 'CH2', 'CHZ']",2018-12-25T16:11:58.740000Z,27.17
790,20181225T161158Z,1J.TI6A.,"['CH1', 'CH2', 'CHZ']",2018-12-25T16:11:58.740000Z,27.17
791,20181225T161158Z,1J.TI1A.,"['CH1', 'CH2', 'CHZ']",2018-12-25T16:11:58.740000Z,27.17
792,20181225T161218Z,1J.TI3A.,"['CH1', 'CH2', 'CHZ']",2018-12-25T16:12:18.040000Z,23.07
793,20181225T161218Z,1J.TI8A.,"['CH1', 'CH2', 'CHZ']",2018-12-25T16:12:18.040000Z,23.07
794,20181225T161218Z,1J.TI6A.,"['CH1', 'CH2', 'CHZ']",2018-12-25T16:12:18.040000Z,23.07
795,20181225T161218Z,1J.TI1A.,"['CH1', 'CH2', 'CHZ']",2018-12-25T16:12:18.040000Z,23.07
796,20181225T161904Z,1J.TI3A.,"['CH1', 'CH2', 'CHZ']",2018-12-25T16:19:04.930000Z,27.17
797,20181225T161904Z,1J.TI8A.,"['CH1', 'CH2', 'CHZ']",2018-12-25T16:19:04.930000Z,27.17
798,20181225T161904Z,1J.TI6A.,"['CH1', 'CH2', 'CHZ']",2018-12-25T16:19:04.930000Z,27.17
799,20181225T161904Z,1J.TI1A.,"['CH1', 'CH2', 'CHZ']",2018-12-25T16:19:04.930000Z,27.17
800,20181225T161931Z,1J.TI3A.,"['CH1', 'CH2', 'CHZ']",2018-12-25T16:19:31.900000Z,3.78
801,20181225T162403Z,1J.TI3A.,"['CH1', 'CH2', 'CHZ']",2018-12-25T16:24:03.380000Z,27.17
802,20181225T162403Z,1J.TI8A.,"['CH1', 'CH2', 'CHZ']",2018-12-25T16:24:03.380000Z,27.17
803,20181225T162403Z,1J.TI6A.,"['CH1', 'CH2', 'CHZ']",2018-12-25T16:24:03.380000Z,27.17
804,20181225T162403Z,1J.TI1A.,"['CH1', 'CH2', 'CHZ']",2018-12-25T16:24:03.380000Z,27.17
805,20181225T162457Z,1J.TI4A.,"['CH1', 'CH2', 'CHZ']",2018-12-25T16:24:57.430000Z,14.14
806,20181225T162457Z,1J.TI3A.,"['CH1', 'CH2', 'CHZ']",2018-12-25T16:24:57.430000Z,14.14
807,20181225T162457Z,1J.TI1A.,"['CH1', 'CH2', 'CHZ']",2018-12-25T16:24:57.430000Z,14.14
808,20181225T163402Z,1J.TI3A.,"['CH1', 'CH2', 'CHZ']",2018-12-25T16:34:02.340000Z,3.78
809,20181225T163604Z,1J.TI4A.,"['CH1', 'CH2', 'CHZ']",2018-12-25T16:36:04.630000Z,24.15
810,20181225T163604Z,1J.TI3A.,"['CH1', 'CH2', 'CHZ']",2018-12-25T16:36:04.630000Z,24.15
811,20181225T163604Z,1J.TI8A.,"['CH1', 'CH2', 'CHZ']",2018-12-25T16:36:04.630000Z,24.15
812,20181225T163604Z,1J.TI6A.,"['CH1', 'CH2', 'CHZ']",2018-12-25T16:36:04.630000Z,24.15
813,20181225T163604Z,1J.TI1A.,"['CH1', 'CH2', 'CHZ']",2018-12-25T16:36:04.630000Z,24.15
814,20181225T165226Z,1J.TI4A.,"['CH1', 'CH2', 'CHZ']",2018-12-25T16:52:26.950000Z,55.77
815,20181225T165226Z,1J.TI3A.,"['CH1', 'CH2', 'CHZ']",2018-12-25T16:52:26.950000Z,55.77
816,20181225T165226Z,1J.TI8A.,"['CH1', 'CH2', 'CHZ']",2018-12-25T16:52:26.950000Z,55.77
817,20181225T165226Z,1J.TI6A.,"['CH1', 'CH2', 'CHZ']",2018-12-25T16:52:26.950000Z,55.77
818,20181225T165226Z,1J.TI1A.,"['CH1', 'CH2', 'CHZ']",2018-12-25T16:52:26.950000Z,55.77
819,20181225T170119Z,1J.TI3A.,"['CH1', 'CH2', 'CHZ']",2018-12-25T17:01:19.280000Z,3.78
820,20181225T170735Z,1J.TI3A.,"['CH1', 'CH2', 'CHZ']",2018-12-25T17:07:35.430000Z,15.92
821,20181225T170735Z,1J.TI8A.,"['CH1', 'CH2', 'CHZ']",2018-12-25T17:07:35.430000Z,15.92
822,20181225T171142Z,1J.TI3A.,"['CH1', 'CH2', 'CHZ']",2018-12-25T17:11:42.400000Z,3.78
823,20181225T172033Z,1J.TI4A.,"['CH1', 'CH2', 'CHZ']",2018-12-25T17:20:33.280000Z,24.15
824,20181225T172033Z,1J.TI3A.,"['CH1', 'CH2', 'CHZ']",2018-12-25T17:20:33.280000Z,24.15
825,20181225T172033Z,1J.TI8A.,"['CH1', 'CH2', 'CHZ']",2018-12-25T17:20:33.280000Z,24.15
826,20181225T172033Z,1J.TI6A.,"['CH1', 'CH2', 'CHZ']",2018-12-25T17:20:33.280000Z,24.15
827,20181225T172033Z,1J.TI1A.,"['CH1', 'CH2', 'CHZ']",2018-12-25T17:20:33.280000Z,24.15
828,20181225T173415Z,1J.TI3A.,"['CH1', 'CH2', 'CHZ']",2018-12-25T17:34:15.700000Z,2.13
829,20181225T173826Z,1J.TI3A.,"['CH1', 'CH2', 'CHZ']",2018-12-25T17:38:26.300000Z,27.17
830,20181225T173826Z,1J.TI8A.,"['CH1', 'CH2', 'CHZ']",2018-12-25T17:38:26.300000Z,27.17
831,20181225T173826Z,1J.TI6A.,"['CH1', 'CH2', 'CHZ']",2018-12-25T17:38:26.300000Z,27.17
832,20181225T173826Z,1J.TI1A.,"['CH1', 'CH2', 'CHZ']",2018-12-25T17:38:26.300000Z,27.17
833,20181225T174059Z,1J.TI3A.,"['CH1', 'CH2', 'CHZ']",2018-12-25T17:40:59.730000Z,27.17
834,20181225T174059Z,1J.TI8A.,"['CH1', 'CH2', 'CHZ']",2018-12-25T17:40:59.730000Z,27.17
835,20181225T174059Z,1J.TI6A.,"['CH1', 'CH2', 'CHZ']",2018-12-25T17:40:59.730000Z,27.17
836,20181225T174059Z,1J.TI1A.,"['CH1', 'CH2', 'CHZ']",2018-12-25T17:40:59.730000Z,27.17
837,20181225T174806Z,1J.TI4A.,"['CH1', 'CH2', 'CHZ']",2018-12-25T17:48:06.500000Z,24.15
838,20181225T174806Z,1J.TI3A.,"['CH1', 'CH2', 'CHZ']",2018-12-25T17:48:06.500000Z,24.15
839,20181225T174806Z,1J.TI8A.,"['CH1', 'CH2', 'CHZ']",2018-12-25T17:48:06.500000Z,24.15
840,20181225T174806Z,1J.TI6A.,"['CH1', 'CH2', 'CHZ']",2018-12-25T17:48:06.500000Z,24.15
841,20181225T174806Z,1J.TI1A.,"['CH1', 'CH2', 'CHZ']",2018-12-25T17:48:06.500000Z,24.15
842,20181225T175111Z,1J.TI3A.,"['CH1', 'CH2', 'CHZ']",2018-12-25T17:51:11.170000Z,15.92
843,20181225T175111Z,1J.TI8A.,"['CH1', 'CH2', 'CHZ']",2018-12-25T17:51:11.170000Z,15.92
844,20181225T175144Z,1J.TI3A.,"['CH1', 'CH2', 'CHZ']",2018-12-25T17:51:44.110000Z,23.07
845,20181225T175144Z,1J.TI8A.,"['CH1', 'CH2', 'CHZ']",2018-12-25T17:51:44.110000Z,23.07
846,20181225T175144Z,1J.TI6A.,"['CH1', 'CH2', 'CHZ']",2018-12-25T17:51:44.110000Z,23.07
847,20181225T175144Z,1J.TI1A.,"['CH1', 'CH2', 'CHZ']",2018-12-25T17:51:44.110000Z,23.07
848,20181225T175211Z,1J.TI4A.,"['CH1', 'CH2', 'CHZ']",2018-12-25T17:52:11.720000Z,24.48
849,20181225T175211Z,1J.TI3A.,"['CH1', 'CH2', 'CHZ']",2018-12-25T17:52:11.720000Z,24.48
850,20181225T175211Z,1J.TI8A.,"['CH1', 'CH2', 'CHZ']",2018-12-25T17:52:11.720000Z,24.48
851,20181225T175211Z,1J.TI6A.,"['CH1', 'CH2', 'CHZ']",2018-12-25T17:52:11.720000Z,24.48
852,20181225T175311Z,1J.TI3A.,"['CH1', 'CH2', 'CHZ']",2018-12-25T17:53:11.420000Z,27.17
853,20181225T175311Z,1J.TI8A.,"['CH1', 'CH2', 'CHZ']",2018-12-25T17:53:11.420000Z,27.17
854,20181225T175311Z,1J.TI6A.,"['CH1', 'CH2', 'CHZ']",2018-12-25T17:53:11.420000Z,27.17
855,20181225T175311Z,1J.TI1A.,"['CH1', 'CH2', 'CHZ']",2018-12-25T17:53:11.420000Z,27.17
856,20181225T180410Z,1J.TI3A.,"['CH1', 'CH2', 'CHZ']",2018-12-25T18:04:10.850000Z,27.17
857,20181225T180410Z,1J.TI8A.,"['CH1', 'CH2', 'CHZ']",2018-12-25T18:04:10.850000Z,27.17
858,20181225T180410Z,1J.TI6A.,"['CH1', 'CH2', 'CHZ']",2018-12-25T18:04:10.850000Z,27.17
859,20181225T180410Z,1J.TI1A.,"['CH1', 'CH2', 'CHZ']",2018-12-25T18:04:10.850000Z,27.17
860,20181225T180714Z,1J.TI8A.,"['CH1', 'CH2', 'CHZ']",2018-12-25T18:07:14.540000Z,20.43
861,20181225T180847Z,1J.TI4A.,"['CH1', 'CH2', 'CHZ']",2018-12-25T18:08:47.180000Z,24.48
862,20181225T180847Z,1J.TI3A.,"['CH1', 'CH2', 'CHZ']",2018-12-25T18:08:47.180000Z,24.48
863,20181225T180847Z,1J.TI8A.,"['CH1', 'CH2', 'CHZ']",2018-12-25T18:08:47.180000Z,24.48
864,20181225T180847Z,1J.TI6A.,"['CH1', 'CH2', 'CHZ']",2018-12-25T18:08:47.180000Z,24.48
865,20181225T181342Z,1J.TI3A.,"['CH1', 'CH2', 'CHZ']",2018-12-25T18:13:42.600000Z,3.78
866,20181225T181423Z,1J.TI3A.,"['CH1', 'CH2', 'CHZ']",2018-12-25T18:14:23.680000Z,23.07
867,20181225T181423Z,1J.TI8A.,"['CH1', 'CH2', 'CHZ']",2018-12-25T18:14:23.680000Z,23.07
868,20181225T181423Z,1J.TI6A.,"['CH1', 'CH2', 'CHZ']",2018-12-25T18:14:23.680000Z,23.07
869,20181225T181423Z,1J.TI1A.,"['CH1', 'CH2', 'CHZ']",2018-12-25T18:14:23.680000Z,23.07
870,20181225T181435Z,1J.TI4A.,"['CH1', 'CH2', 'CHZ']",2018-12-25T18:14:35.980000Z,24.15
871,20181225T181435Z,1J.TI3A.,"['CH1', 'CH2', 'CHZ']",2018-12-25T18:14:35.980000Z,24.15
872,20181225T181435Z,1J.TI8A.,"['CH1', 'CH2', 'CHZ']",2018-12-25T18:14:35.980000Z,24.15
873,20181225T181435Z,1J.TI6A.,"['CH1', 'CH2', 'CHZ']",2018-12-25T18:14:35.980000Z,24.15
874,20181225T181435Z,1J.TI1A.,"['CH1', 'CH2', 'CHZ']",2018-12-25T18:14:35.980000Z,24.15
875,20181225T181528Z,1J.TI3A.,"['CH1', 'CH2', 'CHZ']",2018-12-25T18:15:28.490000Z,23.07
876,20181225T181528Z,1J.TI8A.,"['CH1', 'CH2', 'CHZ']",2018-12-25T18:15:28.490000Z,23.07
877,20181225T181528Z,1J.TI6A.,"['CH1', 'CH2', 'CHZ']",2018-12-25T18:15:28.490000Z,23.07
878,20181225T181528Z,1J.TI1A.,"['CH1', 'CH2', 'CHZ']",2018-12-25T18:15:28.490000Z,23.07
879,20181225T183234Z,1J.TI4A.,"['CH1', 'CH2', 'CHZ']",2018-12-25T18:32:34.250000Z,24.48
880,20181225T183234Z,1J.TI3A.,"['CH1', 'CH2', 'CHZ']",2018-12-25T18:32:34.250000Z,24.48
881,20181225T183234Z,1J.TI8A.,"['CH1', 'CH2', 'CHZ']",2018-12-25T18:32:34.250000Z,24.48
882,20181225T183234Z,1J.TI6A.,"['CH1', 'CH2', 'CHZ']",2018-12-25T18:32:34.250000Z,24.48
883,20181225T183819Z,1J.TI3A.,"['CH1', 'CH2', 'CHZ']",2018-12-25T18:38:19.870000Z,27.17
884,20181225T183819Z,1J.TI8A.,"['CH1', 'CH2', 'CHZ']",2018-12-25T18:38:19.870000Z,27.17
885,20181225T183819Z,1J.TI6A.,"['CH1', 'CH2', 'CHZ']",2018-12-25T18:38:19.870000Z,27.17
886,20181225T183819Z,1J.TI1A.,"['CH1', 'CH2', 'CHZ']",2018-12-25T18:38:19.870000Z,27.17
887,20181225T184239Z,1J.TI4A.,"['CH1', 'CH2', 'CHZ']",2018-12-25T18:42:39.190000Z,24.15
888,20181225T184239Z,1J.TI3A.,"['CH1', 'CH2', 'CHZ']",2018-12-25T18:42:39.190000Z,24.15
889,20181225T184239Z,1J.TI8A.,"['CH1', 'CH2', 'CHZ']",2018-12-25T18:42:39.190000Z,24.15
890,20181225T184239Z,1J.TI6A.,"['CH1', 'CH2', 'CHZ']",2018-12-25T18:42:39.190000Z,24.15
891,20181225T184239Z,1J.TI1A.,"['CH1', 'CH2', 'CHZ']",2018-12-25T18:42:39.190000Z,24.15
892,20181225T190032Z,1J.TI3A.,"['CH1', 'CH2', 'CHZ']",2018-12-25T19:00:32.050000Z,23.07
893,20181225T190032Z,1J.TI8A.,"['CH1', 'CH2', 'CHZ']",2018-12-25T19:00:32.050000Z,23.07
894,20181225T190032Z,1J.TI6A.,"['CH1', 'CH2', 'CHZ']",2018-12-25T19:00:32.050000Z,23.07
895,20181225T190032Z,1J.TI1A.,"['CH1', 'CH2', 'CHZ']",2018-12-25T19:00:32.050000Z,23.07
896,20181225T190247Z,1J.TI3A.,"['CH1', 'CH2', 'CHZ']",2018-12-25T19:02:47.200000Z,3.78
897,20181225T191244Z,1J.TI3A.,"['CH1', 'CH2', 'CHZ']",2018-12-25T19:12:44.950000Z,27.17
898,20181225T191244Z,1J.TI8A.,"['CH1', 'CH2', 'CHZ']",2018-12-25T19:12:44.950000Z,27.17
899,20181225T191244Z,1J.TI6A.,"['CH1', 'CH2', 'CHZ']",2018-12-25T19:12:44.950000Z,27.17
900,20181225T191244Z,1J.TI1A.,"['CH1', 'CH2', 'CHZ']",2018-12-25T19:12:44.950000Z,27.17
901,20181225T191439Z,1J.TI3A.,"['CH1', 'CH2', 'CHZ']",2018-12-25T19:14:39.800000Z,3.78
902,20181225T191830Z,1J.TI3A.,"['CH1', 'CH2', 'CHZ']",2018-12-25T19:18:30.630000Z,23.07
903,20181225T191830Z,1J.TI8A.,"['CH1', 'CH2', 'CHZ']",2018-12-25T19:18:30.630000Z,23.07
904,20181225T191830Z,1J.TI6A.,"['CH1', 'CH2', 'CHZ']",2018-12-25T19:18:30.630000Z,23.07
905,20181225T191830Z,1J.TI1A.,"['CH1', 'CH2', 'CHZ']",2018-12-25T19:18:30.630000Z,23.07
906,20181225T192023Z,1J.TI3A.,"['CH1', 'CH2', 'CHZ']",2018-12-25T19:20:23.480000Z,27.17
907,20181225T192023Z,1J.TI8A.,"['CH1', 'CH2', 'CHZ']",2018-12-25T19:20:23.480000Z,27.17
908,20181225T192023Z,1J.TI6A.,"['CH1', 'CH2', 'CHZ']",2018-12-25T19:20:23.480000Z,27.17
909,20181225T192023Z,1J.TI1A.,"['CH1', 'CH2', 'CHZ']",2018-12-25T19:20:23.480000Z,27.17
910,20181225T192603Z,1J.TI3A.,"['CH1', 'CH2', 'CHZ']",2018-12-25T19:26:03.630000Z,15.92
911,20181225T192603Z,1J.TI8A.,"['CH1', 'CH2', 'CHZ']",2018-12-25T19:26:03.630000Z,15.92
912,20181225T195829Z,1J.TI3A.,"['CH1', 'CH2', 'CHZ']",2018-12-25T19:58:29.870000Z,27.17
913,20181225T195829Z,1J.TI8A.,"['CH1', 'CH2', 'CHZ']",2018-12-25T19:58:29.870000Z,27.17
914,20181225T195829Z,1J.TI6A.,"['CH1', 'CH2', 'CHZ']",2018-12-25T19:58:29.870000Z,27.17
915,20181225T195829Z,1J.TI1A.,"['CH1', 'CH2', 'CHZ']",2018-12-25T19:58:29.870000Z,27.17
916,20181225T200059Z,1J.TI3A.,"['CH1', 'CH2', 'CHZ']",2018-12-25T20:00:59.100000Z,3.78
917,20181225T200127Z,1J.TI3A.,"['CH1', 'CH2', 'CHZ']",2018-12-25T20:01:27.390000Z,23.07
918,20181225T200127Z,1J.TI8A.,"['CH1', 'CH2', 'CHZ']",2018-12-25T20:01:27.390000Z,23.07
919,20181225T200127Z,1J.TI6A.,"['CH1', 'CH2', 'CHZ']",2018-12-25T20:01:27.390000Z,23.07
920,20181225T200127Z,1J.TI1A.,"['CH1', 'CH2', 'CHZ']",2018-12-25T20:01:27.390000Z,23.07
921,20181225T200148Z,1J.TI4A.,"['CH1', 'CH2', 'CHZ']",2018-12-25T20:01:48.450000Z,24.15
922,20181225T200148Z,1J.TI3A.,"['CH1', 'CH2', 'CHZ']",2018-12-25T20:01:48.450000Z,24.15
923,20181225T200148Z,1J.TI8A.,"['CH1', 'CH2', 'CHZ']",2018-12-25T20:01:48.450000Z,24.15
924,20181225T200148Z,1J.TI6A.,"['CH1', 'CH2', 'CHZ']",2018-12-25T20:01:48.450000Z,24.15
925,20181225T200148Z,1J.TI1A.,"['CH1', 'CH2', 'CHZ']",2018-12-25T20:01:48.450000Z,24.15
926,20181225T201148Z,1J.TI4A.,"['CH1', 'CH2', 'CHZ']",2018-12-25T20:11:48.820000Z,14.14
927,20181225T201148Z,1J.TI3A.,"['CH1', 'CH2', 'CHZ']",2018-12-25T20:11:48.820000Z,14.14
928,20181225T201148Z,1J.TI1A.,"['CH1', 'CH2', 'CHZ']",2018-12-25T20:11:48.820000Z,14.14
929,20181225T202619Z,1J.TI4A.,"['CH1', 'CH2', 'CHZ']",2018-12-25T20:26:19.650000Z,24.15
930,20181225T202619Z,1J.TI3A.,"['CH1', 'CH2', 'CHZ']",2018-12-25T20:26:19.650000Z,24.15
931,20181225T202619Z,1J.TI8A.,"['CH1', 'CH2', 'CHZ']",2018-12-25T20:26:19.650000Z,24.15
932,20181225T202619Z,1J.TI6A.,"['CH1', 'CH2', 'CHZ']",2018-12-25T20:26:19.650000Z,24.15
933,20181225T202619Z,1J.TI1A.,"['CH1', 'CH2', 'CHZ']",2018-12-25T20:26:19.650000Z,24.15
934,20181225T202651Z,1J.TI3A.,"['CH1', 'CH2', 'CHZ']",2018-12-25T20:26:51.710000Z,3.78
935,20181225T202828Z,1J.TI3A.,"['CH1', 'CH2', 'CHZ']",2018-12-25T20:28:28.540000Z,23.96
936,20181225T202828Z,1J.TI8A.,"['CH1', 'CH2', 'CHZ']",2018-12-25T20:28:28.540000Z,23.96
937,20181225T203408Z,1J.TI4A.,"['CH1', 'CH2', 'CHZ']",2018-12-25T20:34:08.930000Z,14.14
938,20181225T203408Z,1J.TI3A.,"['CH1', 'CH2', 'CHZ']",2018-12-25T20:34:08.930000Z,14.14
939,20181225T203408Z,1J.TI1A.,"['CH1', 'CH2', 'CHZ']",2018-12-25T20:34:08.930000Z,14.14
940,20181225T204614Z,1J.TI3A.,"['CH1', 'CH2', 'CHZ']",2018-12-25T20:46:14.200000Z,3.78
941,20181225T204802Z,1J.TI3A.,"['CH1', 'CH2', 'CHZ']",2018-12-25T20:48:02.120000Z,27.17
942,20181225T204802Z,1J.TI8A.,"['CH1', 'CH2', 'CHZ']",2018-12-25T20:48:02.120000Z,27.17
943,20181225T204802Z,1J.TI6A.,"['CH1', 'CH2', 'CHZ']",2018-12-25T20:48:02.120000Z,27.17
944,20181225T204802Z,1J.TI1A.,"['CH1', 'CH2', 'CHZ']",2018-12-25T20:48:02.120000Z,27.17
945,20181225T205520Z,1J.TI3A.,"['CH1', 'CH2', 'CHZ']",2018-12-25T20:55:20.310000Z,3.78
946,20181225T210631Z,1J.TI3A.,"['CH1', 'CH2', 'CHZ']",2018-12-25T21:06:31.940000Z,23.07
947,20181225T210631Z,1J.TI8A.,"['CH1', 'CH2', 'CHZ']",2018-12-25T21:06:31.940000Z,23.07
948,20181225T210631Z,1J.TI6A.,"['CH1', 'CH2', 'CHZ']",2018-12-25T21:06:31.940000Z,23.07
949,20181225T210631Z,1J.TI1A.,"['CH1', 'CH2', 'CHZ']",2018-12-25T21:06:31.940000Z,23.07
950,20181225T210652Z,1J.TI4A.,"['CH1', 'CH2', 'CHZ']",2018-12-25T21:06:52.170000Z,24.15
951,20181225T210652Z,1J.TI3A.,"['CH1', 'CH2', 'CHZ']",2018-12-25T21:06:52.170000Z,24.15
952,20181225T210652Z,1J.TI8A.,"['CH1', 'CH2', 'CHZ']",2018-12-25T21:06:52.170000Z,24.15
953,20181225T210652Z,1J.TI6A.,"['CH1', 'CH2', 'CHZ']",2018-12-25T21:06:52.170000Z,24.15
954,20181225T210652Z,1J.TI1A.,"['CH1', 'CH2', 'CHZ']",2018-12-25T21:06:52.170000Z,24.15
955,20181225T211559Z,1J.TI3A.,"['CH1', 'CH2', 'CHZ']",2018-12-25T21:15:59.510000Z,23.96
956,20181225T211559Z,1J.TI8A.,"['CH1', 'CH2', 'CHZ']",2018-12-25T21:15:59.510000Z,23.96
957,20181225T214147Z,1J.TI3A.,"['CH1', 'CH2', 'CHZ']",2018-12-25T21:41:47.020000Z,2.13
958,20181225T214516Z,1J.TI4A.,"['CH1', 'CH2', 'CHZ']",2018-12-25T21:45:16.090000Z,24.15
959,20181225T214516Z,1J.TI3A.,"['CH1', 'CH2', 'CHZ']",2018-12-25T21:45:16.090000Z,24.15
960,20181225T214516Z,1J.TI8A.,"['CH1', 'CH2', 'CHZ']",2018-12-25T21:45:16.090000Z,24.15
961,20181225T214516Z,1J.TI6A.,"['CH1', 'CH2', 'CHZ']",2018-12-25T21:45:16.090000Z,24.15
962,20181225T214516Z,1J.TI1A.,"['CH1', 'CH2', 'CHZ']",2018-12-25T21:45:16.090000Z,24.15
963,20181225T214950Z,1J.TI4A.,"['CH1', 'CH2', 'CHZ']",2018-12-25T21:49:50.120000Z,14.14
964,20181225T214950Z,1J.TI3A.,"['CH1', 'CH2', 'CHZ']",2018-12-25T21:49:50.120000Z,14.14
965,20181225T214950Z,1J.TI1A.,"['CH1', 'CH2', 'CHZ']",2018-12-25T21:49:50.120000Z,14.14
966,20181225T215321Z,1J.TI3A.,"['CH1', 'CH2', 'CHZ']",2018-12-25T21:53:21.260000Z,23.07
967,20181225T215321Z,1J.TI8A.,"['CH1', 'CH2', 'CHZ']",2018-12-25T21:53:21.260000Z,23.07
968,20181225T215321Z,1J.TI6A.,"['CH1', 'CH2', 'CHZ']",2018-12-25T21:53:21.260000Z,23.07
969,20181225T215321Z,1J.TI1A.,"['CH1', 'CH2', 'CHZ']",2018-12-25T21:53:21.260000Z,23.07
970,20181225T220233Z,1J.TI3A.,"['CH1', 'CH2', 'CHZ']",2018-12-25T22:02:33.230000Z,27.17
971,20181225T220233Z,1J.TI8A.,"['CH1', 'CH2', 'CHZ']",2018-12-25T22:02:33.230000Z,27.17
972,20181225T220233Z,1J.TI6A.,"['CH1', 'CH2', 'CHZ']",2018-12-25T22:02:33.230000Z,27.17
973,20181225T220233Z,1J.TI1A.,"['CH1', 'CH2', 'CHZ']",2018-12-25T22:02:33.230000Z,27.17
974,20181225T220404Z,1J.TI4A.,"['CH1', 'CH2', 'CHZ']",2018-12-25T22:04:04.100000Z,14.14
975,20181225T220404Z,1J.TI3A.,"['CH1', 'CH2', 'CHZ']",2018-12-25T22:04:04.100000Z,14.14
976,20181225T220404Z,1J.TI1A.,"['CH1', 'CH2', 'CHZ']",2018-12-25T22:04:04.100000Z,14.14
977,20181225T221107Z,1J.TI3A.,"['CH1', 'CH2', 'CHZ']",2018-12-25T22:11:07.570000Z,17.2
978,20181225T221107Z,1J.TI6A.,"['CH1', 'CH2', 'CHZ']",2018-12-25T22:11:07.570000Z,17.2
979,20181225T221107Z,1J.TI7A.,"['CH1', 'CH2', 'CHZ']",2018-12-25T22:11:07.570000Z,17.2
980,20181225T221141Z,1J.TI4A.,"['CH1', 'CH2', 'CHZ']",2018-12-25T22:11:41.660000Z,14.14
981,20181225T221141Z,1J.TI3A.,"['CH1', 'CH2', 'CHZ']",2018-12-25T22:11:41.660000Z,14.14
982,20181225T221141Z,1J.TI1A.,"['CH1', 'CH2', 'CHZ']",2018-12-25T22:11:41.660000Z,14.14
983,20181225T221330Z,1J.TI4A.,"['CH1', 'CH2', 'CHZ']",2018-12-25T22:13:30.170000Z,24.15
984,20181225T221330Z,1J.TI3A.,"['CH1', 'CH2', 'CHZ']",2018-12-25T22:13:30.170000Z,24.15
985,20181225T221330Z,1J.TI8A.,"['CH1', 'CH2', 'CHZ']",2018-12-25T22:13:30.170000Z,24.15
986,20181225T221330Z,1J.TI6A.,"['CH1', 'CH2', 'CHZ']",2018-12-25T22:13:30.170000Z,24.15
987,20181225T221330Z,1J.TI1A.,"['CH1', 'CH2', 'CHZ']",2018-12-25T22:13:30.170000Z,24.15
988,20181225T221530Z,1J.TI4A.,"['CH1', 'CH2', 'CHZ']",2018-12-25T22:15:30.150000Z,14.14
989,20181225T221530Z,1J.TI3A.,"['CH1', 'CH2', 'CHZ']",2018-12-25T22:15:30.150000Z,14.14
990,20181225T221530Z,1J.TI1A.,"['CH1', 'CH2', 'CHZ']",2018-12-25T22:15:30.150000Z,14.14
991,20181225T222230Z,1J.TI4A.,"['CH1', 'CH2', 'CHZ']",2018-12-25T22:22:30.380000Z,14.14
992,20181225T222230Z,1J.TI3A.,"['CH1', 'CH2', 'CHZ']",2018-12-25T22:22:30.380000Z,14.14
993,20181225T222230Z,1J.TI1A.,"['CH1', 'CH2', 'CHZ']",2018-12-25T22:22:30.380000Z,14.14
994,20181225T222950Z,1J.TI4A.,"['CH1', 'CH2', 'CHZ']",2018-12-25T22:29:50.430000Z,14.14
995,20181225T222950Z,1J.TI3A.,"['CH1', 'CH2', 'CHZ']",2018-12-25T22:29:50.430000Z,14.14
996,20181225T222950Z,1J.TI1A.,"['CH1', 'CH2', 'CHZ']",2018-12-25T22:29:50.430000Z,14.14
997,20181225T223049Z,1J.TI4A.,"['CH1', 'CH2', 'CHZ']",2018-12-25T22:30:49.130000Z,14.14
998,20181225T223049Z,1J.TI3A.,"['CH1', 'CH2', 'CHZ']",2018-12-25T22:30:49.130000Z,14.14
999,20181225T223049Z,1J.TI1A.,"['CH1', 'CH2', 'CHZ']",2018-12-25T22:30:49.130000Z,14.14
1000,20181225T223204Z,1J.TI4A.,"['CH1', 'CH2', 'CHZ']",2018-12-25T22:32:04.800000Z,14.14
1001,20181225T223204Z,1J.TI3A.,"['CH1', 'CH2', 'CHZ']",2018-12-25T22:32:04.800000Z,14.14
1002,20181225T223204Z,1J.TI1A.,"['CH1', 'CH2', 'CHZ']",2018-12-25T22:32:04.800000Z,14.14
1003,20181225T223315Z,1J.TI3A.,"['CH1', 'CH2', 'CHZ']",2018-12-25T22:33:15.910000Z,27.17
1004,20181225T223315Z,1J.TI8A.,"['CH1', 'CH2', 'CHZ']",2018-12-25T22:33:15.910000Z,27.17
1005,20181225T223315Z,1J.TI6A.,"['CH1', 'CH2', 'CHZ']",2018-12-25T22:33:15.910000Z,27.17
1006,20181225T223315Z,1J.TI1A.,"['CH1', 'CH2', 'CHZ']",2018-12-25T22:33:15.910000Z,27.17
1007,20181225T223416Z,1J.TI3A.,"['CH1', 'CH2', 'CHZ']",2018-12-25T22:34:16.880000Z,22.89
1008,20181225T223416Z,1J.TI8A.,"['CH1', 'CH2', 'CHZ']",2018-12-25T22:34:16.880000Z,22.89
1009,20181225T223416Z,1J.TI6A.,"['CH1', 'CH2', 'CHZ']",2018-12-25T22:34:16.880000Z,22.89
1010,20181225T223519Z,1J.TI4A.,"['CH1', 'CH2', 'CHZ']",2018-12-25T22:35:19.430000Z,14.14
1011,20181225T223519Z,1J.TI3A.,"['CH1', 'CH2', 'CHZ']",2018-12-25T22:35:19.430000Z,14.14
1012,20181225T223519Z,1J.TI1A.,"['CH1', 'CH2', 'CHZ']",2018-12-25T22:35:19.430000Z,14.14
1013,20181225T223631Z,1J.TI3A.,"['CH1', 'CH2', 'CHZ']",2018-12-25T22:36:31.010000Z,23.96
1014,20181225T223631Z,1J.TI8A.,"['CH1', 'CH2', 'CHZ']",2018-12-25T22:36:31.010000Z,23.96
1015,20181225T223900Z,1J.TI4A.,"['CH1', 'CH2', 'CHZ']",2018-12-25T22:39:00.660000Z,14.14
1016,20181225T223900Z,1J.TI3A.,"['CH1', 'CH2', 'CHZ']",2018-12-25T22:39:00.660000Z,14.14
1017,20181225T223900Z,1J.TI1A.,"['CH1', 'CH2', 'CHZ']",2018-12-25T22:39:00.660000Z,14.14
1018,20181225T224043Z,1J.TI3A.,"['CH1', 'CH2', 'CHZ']",2018-12-25T22:40:43.260000Z,3.78
1019,20181225T224145Z,1J.TI4A.,"['CH1', 'CH2', 'CHZ']",2018-12-25T22:41:45.600000Z,24.15
1020,20181225T224145Z,1J.TI3A.,"['CH1', 'CH2', 'CHZ']",2018-12-25T22:41:45.600000Z,24.15
1021,20181225T224145Z,1J.TI8A.,"['CH1', 'CH2', 'CHZ']",2018-12-25T22:41:45.600000Z,24.15
1022,20181225T224145Z,1J.TI6A.,"['CH1', 'CH2', 'CHZ']",2018-12-25T22:41:45.600000Z,24.15
1023,20181225T224145Z,1J.TI1A.,"['CH1', 'CH2', 'CHZ']",2018-12-25T22:41:45.600000Z,24.15
1024,20181225T224254Z,1J.TI4A.,"['CH1', 'CH2', 'CHZ']",2018-12-25T22:42:54.790000Z,14.14
1025,20181225T224254Z,1J.TI3A.,"['CH1', 'CH2', 'CHZ']",2018-12-25T22:42:54.790000Z,14.14
1026,20181225T224254Z,1J.TI1A.,"['CH1', 'CH2', 'CHZ']",2018-12-25T22:42:54.790000Z,14.14
1027,20181225T224810Z,1J.TI4A.,"['CH1', 'CH2', 'CHZ']",2018-12-25T22:48:10.010000Z,14.14
1028,20181225T224810Z,1J.TI3A.,"['CH1', 'CH2', 'CHZ']",2018-12-25T22:48:10.010000Z,14.14
1029,20181225T224810Z,1J.TI1A.,"['CH1', 'CH2', 'CHZ']",2018-12-25T22:48:10.010000Z,14.14
1030,20181225T225236Z,1J.TI3A.,"['CH1', 'CH2', 'CHZ']",2018-12-25T22:52:36.780000Z,27.17
1031,20181225T225236Z,1J.TI8A.,"['CH1', 'CH2', 'CHZ']",2018-12-25T22:52:36.780000Z,27.17
1032,20181225T225236Z,1J.TI6A.,"['CH1', 'CH2', 'CHZ']",2018-12-25T22:52:36.780000Z,27.17
1033,20181225T225236Z,1J.TI1A.,"['CH1', 'CH2', 'CHZ']",2018-12-25T22:52:36.780000Z,27.17
1034,20181225T225341Z,1J.TI3A.,"['CH1', 'CH2', 'CHZ']",2018-12-25T22:53:41.510000Z,3.78
1035,20181225T225408Z,1J.TI4A.,"['CH1', 'CH2', 'CHZ']",2018-12-25T22:54:08.430000Z,14.14
1036,20181225T225408Z,1J.TI3A.,"['CH1', 'CH2', 'CHZ']",2018-12-25T22:54:08.430000Z,14.14
1037,20181225T225408Z,1J.TI1A.,"['CH1', 'CH2', 'CHZ']",2018-12-25T22:54:08.430000Z,14.14
1038,20181225T225556Z,1J.TI4A.,"['CH1', 'CH2', 'CHZ']",2018-12-25T22:55:56.680000Z,14.14
1039,20181225T225556Z,1J.TI3A.,"['CH1', 'CH2', 'CHZ']",2018-12-25T22:55:56.680000Z,14.14
1040,20181225T225556Z,1J.TI1A.,"['CH1', 'CH2', 'CHZ']",2018-12-25T22:55:56.680000Z,14.14
1041,20181225T225618Z,1J.TI4A.,"['CH1', 'CH2', 'CHZ']",2018-12-25T22:56:18.610000Z,14.14
1042,20181225T225618Z,1J.TI3A.,"['CH1', 'CH2', 'CHZ']",2018-12-25T22:56:18.610000Z,14.14
1043,20181225T225618Z,1J.TI1A.,"['CH1', 'CH2', 'CHZ']",2018-12-25T22:56:18.610000Z,14.14
1044,20181225T225742Z,1J.TI4A.,"['CH1', 'CH2', 'CHZ']",2018-12-25T22:57:42.220000Z,14.14
1045,20181225T225742Z,1J.TI3A.,"['CH1', 'CH2', 'CHZ']",2018-12-25T22:57:42.220000Z,14.14
1046,20181225T225742Z,1J.TI1A.,"['CH1', 'CH2', 'CHZ']",2018-12-25T22:57:42.220000Z,14.14
1047,20181225T225817Z,1J.TI4A.,"['CH1', 'CH2', 'CHZ']",2018-12-25T22:58:17.420000Z,14.14
1048,20181225T225817Z,1J.TI3A.,"['CH1', 'CH2', 'CHZ']",2018-12-25T22:58:17.420000Z,14.14
1049,20181225T225817Z,1J.TI1A.,"['CH1', 'CH2', 'CHZ']",2018-12-25T22:58:17.420000Z,14.14
1050,20181225T225952Z,1J.TI4A.,"['CH1', 'CH2', 'CHZ']",2018-12-25T22:59:52.470000Z,14.14
1051,20181225T225952Z,1J.TI3A.,"['CH1', 'CH2', 'CHZ']",2018-12-25T22:59:52.470000Z,14.14
1052,20181225T225952Z,1J.TI1A.,"['CH1', 'CH2', 'CHZ']",2018-12-25T22:59:52.470000Z,14.14
1053,20181225T230341Z,1J.TI4A.,"['CH1', 'CH2', 'CHZ']",2018-12-25T23:03:41.650000Z,14.14
1054,20181225T230341Z,1J.TI3A.,"['CH1', 'CH2', 'CHZ']",2018-12-25T23:03:41.650000Z,14.14
1055,20181225T230341Z,1J.TI1A.,"['CH1', 'CH2', 'CHZ']",2018-12-25T23:03:41.650000Z,14.14
1056,20181225T230530Z,1J.TI4A.,"['CH1', 'CH2', 'CHZ']",2018-12-25T23:05:30.720000Z,14.14
1057,20181225T230530Z,1J.TI3A.,"['CH1', 'CH2', 'CHZ']",2018-12-25T23:05:30.720000Z,14.14
1058,20181225T230530Z,1J.TI1A.,"['CH1', 'CH2', 'CHZ']",2018-12-25T23:05:30.720000Z,14.14
1059,20181225T230607Z,1J.TI3A.,"['CH1', 'CH2', 'CHZ']",2018-12-25T23:06:07.650000Z,27.17
1060,20181225T230607Z,1J.TI8A.,"['CH1', 'CH2', 'CHZ']",2018-12-25T23:06:07.650000Z,27.17
1061,20181225T230607Z,1J.TI6A.,"['CH1', 'CH2', 'CHZ']",2018-12-25T23:06:07.650000Z,27.17
1062,20181225T230607Z,1J.TI1A.,"['CH1', 'CH2', 'CHZ']",2018-12-25T23:06:07.650000Z,27.17
1063,20181225T230858Z,1J.TI3A.,"['CH1', 'CH2', 'CHZ']",2018-12-25T23:08:58.810000Z,17.2
1064,20181225T230858Z,1J.TI6A.,"['CH1', 'CH2', 'CHZ']",2018-12-25T23:08:58.810000Z,17.2
1065,20181225T230858Z,1J.TI7A.,"['CH1', 'CH2', 'CHZ']",2018-12-25T23:08:58.810000Z,17.2
1066,20181225T231116Z,1J.TI4A.,"['CH1', 'CH2', 'CHZ']",2018-12-25T23:11:16.720000Z,14.14
1067,20181225T231116Z,1J.TI3A.,"['CH1', 'CH2', 'CHZ']",2018-12-25T23:11:16.720000Z,14.14
1068,20181225T231116Z,1J.TI1A.,"['CH1', 'CH2', 'CHZ']",2018-12-25T23:11:16.720000Z,14.14
1069,20181225T231502Z,1J.TI4A.,"['CH1', 'CH2', 'CHZ']",2018-12-25T23:15:02.840000Z,14.14
1070,20181225T231502Z,1J.TI3A.,"['CH1', 'CH2', 'CHZ']",2018-12-25T23:15:02.840000Z,14.14
1071,20181225T231502Z,1J.TI1A.,"['CH1', 'CH2', 'CHZ']",2018-12-25T23:15:02.840000Z,14.14
1072,20181225T231722Z,1J.TI3A.,"['CH1', 'CH2', 'CHZ']",2018-12-25T23:17:22.580000Z,22.89
1073,20181225T231722Z,1J.TI8A.,"['CH1', 'CH2', 'CHZ']",2018-12-25T23:17:22.580000Z,22.89
1074,20181225T231722Z,1J.TI6A.,"['CH1', 'CH2', 'CHZ']",2018-12-25T23:17:22.580000Z,22.89
1075,20181225T231847Z,1J.TI4A.,"['CH1', 'CH2', 'CHZ']",2018-12-25T23:18:47.980000Z,14.14
1076,20181225T231847Z,1J.TI3A.,"['CH1', 'CH2', 'CHZ']",2018-12-25T23:18:47.980000Z,14.14
1077,20181225T231847Z,1J.TI1A.,"['CH1', 'CH2', 'CHZ']",2018-12-25T23:18:47.980000Z,14.14
1078,20181225T232225Z,1J.TI4A.,"['CH1', 'CH2', 'CHZ']",2018-12-25T23:22:25.280000Z,14.14
1079,20181225T232225Z,1J.TI3A.,"['CH1', 'CH2', 'CHZ']",2018-12-25T23:22:25.280000Z,14.14
1080,20181225T232225Z,1J.TI1A.,"['CH1', 'CH2', 'CHZ']",2018-12-25T23:22:25.280000Z,14.14
1081,20181225T232721Z,1J.TI4A.,"['CH1', 'CH2', 'CHZ']",2018-12-25T23:27:21.230000Z,55.77
1082,20181225T232721Z,1J.TI3A.,"['CH1', 'CH2', 'CHZ']",2018-12-25T23:27:21.230000Z,55.77
1083,20181225T232721Z,1J.TI8A.,"['CH1', 'CH2', 'CHZ']",2018-12-25T23:27:21.230000Z,55.77
1084,20181225T232721Z,1J.TI6A.,"['CH1', 'CH2', 'CHZ']",2018-12-25T23:27:21.230000Z,55.77
1085,20181225T232721Z,1J.TI1A.,"['CH1', 'CH2', 'CHZ']",2018-12-25T23:27:21.230000Z,55.77
1086,20181225T232746Z,1J.TI3A.,"['CH1', 'CH2', 'CHZ']",2018-12-25T23:27:46.710000Z,23.07
1087,20181225T232746Z,1J.TI8A.,"['CH1', 'CH2', 'CHZ']",2018-12-25T23:27:46.710000Z,23.07
1088,20181225T232746Z,1J.TI6A.,"['CH1', 'CH2', 'CHZ']",2018-12-25T23:27:46.710000Z,23.07
1089,20181225T232746Z,1J.TI1A.,"['CH1', 'CH2', 'CHZ']",2018-12-25T23:27:46.710000Z,23.07
1090,20181225T232820Z,1J.TI4A.,"['CH1', 'CH2', 'CHZ']",2018-12-25T23:28:20.210000Z,14.14
1091,20181225T232820Z,1J.TI3A.,"['CH1', 'CH2', 'CHZ']",2018-12-25T23:28:20.210000Z,14.14
1092,20181225T232820Z,1J.TI1A.,"['CH1', 'CH2', 'CHZ']",2018-12-25T23:28:20.210000Z,14.14
1093,20181225T232856Z,1J.TI3A.,"['CH1', 'CH2', 'CHZ']",2018-12-25T23:28:56.390000Z,27.17
1094,20181225T232856Z,1J.TI8A.,"['CH1', 'CH2', 'CHZ']",2018-12-25T23:28:56.390000Z,27.17
1095,20181225T232856Z,1J.TI6A.,"['CH1', 'CH2', 'CHZ']",2018-12-25T23:28:56.390000Z,27.17
1096,20181225T232856Z,1J.TI1A.,"['CH1', 'CH2', 'CHZ']",2018-12-25T23:28:56.390000Z,27.17
1097,20181225T232951Z,1J.TI4A.,"['CH1', 'CH2', 'CHZ']",2018-12-25T23:29:51.820000Z,14.14
1098,20181225T232951Z,1J.TI3A.,"['CH1', 'CH2', 'CHZ']",2018-12-25T23:29:51.820000Z,14.14
1099,20181225T232951Z,1J.TI1A.,"['CH1', 'CH2', 'CHZ']",2018-12-25T23:29:51.820000Z,14.14
1100,20181225T233018Z,1J.TI4A.,"['CH1', 'CH2', 'CHZ']",2018-12-25T23:30:18.520000Z,14.14
1101,20181225T233018Z,1J.TI3A.,"['CH1', 'CH2', 'CHZ']",2018-12-25T23:30:18.520000Z,14.14
1102,20181225T233018Z,1J.TI1A.,"['CH1', 'CH2', 'CHZ']",2018-12-25T23:30:18.520000Z,14.14
1103,20181225T233157Z,1J.TI4A.,"['CH1', 'CH2', 'CHZ']",2018-12-25T23:31:57.980000Z,14.14
1104,20181225T233157Z,1J.TI3A.,"['CH1', 'CH2', 'CHZ']",2018-12-25T23:31:57.980000Z,14.14
1105,20181225T233157Z,1J.TI1A.,"['CH1', 'CH2', 'CHZ']",2018-12-25T23:31:57.980000Z,14.14
1106,20181225T233547Z,1J.TI4A.,"['CH1', 'CH2', 'CHZ']",2018-12-25T23:35:47.410000Z,24.15
1107,20181225T233547Z,1J.TI3A.,"['CH1', 'CH2', 'CHZ']",2018-12-25T23:35:47.410000Z,24.15
1108,20181225T233547Z,1J.TI8A.,"['CH1', 'CH2', 'CHZ']",2018-12-25T23:35:47.410000Z,24.15
1109,20181225T233547Z,1J.TI6A.,"['CH1', 'CH2', 'CHZ']",2018-12-25T23:35:47.410000Z,24.15
1110,20181225T233547Z,1J.TI1A.,"['CH1', 'CH2', 'CHZ']",2018-12-25T23:35:47.410000Z,24.15
1111,20181225T233858Z,1J.TI4A.,"['CH1', 'CH2', 'CHZ']",2018-12-25T23:38:58.470000Z,14.14
1112,20181225T233858Z,1J.TI3A.,"['CH1', 'CH2', 'CHZ']",2018-12-25T23:38:58.470000Z,14.14
1113,20181225T233858Z,1J.TI1A.,"['CH1', 'CH2', 'CHZ']",2018-12-25T23:38:58.470000Z,14.14
1114,20181225T233916Z,1J.TI4A.,"['CH1', 'CH2', 'CHZ']",2018-12-25T23:39:16.680000Z,14.14
1115,20181225T233916Z,1J.TI3A.,"['CH1', 'CH2', 'CHZ']",2018-12-25T23:39:16.680000Z,14.14
1116,20181225T233916Z,1J.TI1A.,"['CH1', 'CH2', 'CHZ']",2018-12-25T23:39:16.680000Z,14.14
1117,20181225T234011Z,1J.TI4A.,"['CH1', 'CH2', 'CHZ']",2018-12-25T23:40:11.330000Z,14.14
1118,20181225T234011Z,1J.TI3A.,"['CH1', 'CH2', 'CHZ']",2018-12-25T23:40:11.330000Z,14.14
1119,20181225T234011Z,1J.TI1A.,"['CH1', 'CH2', 'CHZ']",2018-12-25T23:40:11.330000Z,14.14
1120,20181225T234250Z,1J.TI4A.,"['CH1', 'CH2', 'CHZ']",2018-12-25T23:42:50.880000Z,14.14
1121,20181225T234250Z,1J.TI3A.,"['CH1', 'CH2', 'CHZ']",2018-12-25T23:42:50.880000Z,14.14
1122,20181225T234250Z,1J.TI1A.,"['CH1', 'CH2', 'CHZ']",2018-12-25T23:42:50.880000Z,14.14
1123,20181225T234316Z,1J.TI4A.,"['CH1', 'CH2', 'CHZ']",2018-12-25T23:43:16.150000Z,14.14
1124,20181225T234316Z,1J.TI3A.,"['CH1', 'CH2', 'CHZ']",2018-12-25T23:43:16.150000Z,14.14
1125,20181225T234316Z,1J.TI1A.,"['CH1', 'CH2', 'CHZ']",2018-12-25T23:43:16.150000Z,14.14
1126,20181225T234524Z,1J.TI4A.,"['CH1', 'CH2', 'CHZ']",2018-12-25T23:45:24.780000Z,14.14
1127,20181225T234524Z,1J.TI3A.,"['CH1', 'CH2', 'CHZ']",2018-12-25T23:45:24.780000Z,14.14
1128,20181225T234524Z,1J.TI1A.,"['CH1', 'CH2', 'CHZ']",2018-12-25T23:45:24.780000Z,14.14
1129,20181225T234659Z,1J.TI4A.,"['CH1', 'CH2', 'CHZ']",2018-12-25T23:46:59.070000Z,14.14
1130,20181225T234659Z,1J.TI3A.,"['CH1', 'CH2', 'CHZ']",2018-12-25T23:46:59.070000Z,14.14
1131,20181225T234659Z,1J.TI1A.,"['CH1', 'CH2', 'CHZ']",2018-12-25T23:46:59.070000Z,14.14
1132,20181225T234836Z,1J.TI3A.,"['CH1', 'CH2', 'CHZ']",2018-12-25T23:48:36.550000Z,23.96
1133,20181225T234836Z,1J.TI8A.,"['CH1', 'CH2', 'CHZ']",2018-12-25T23:48:36.550000Z,23.96
1134,20181225T235040Z,1J.TI4A.,"['CH1', 'CH2', 'CHZ']",2018-12-25T23:50:40.060000Z,14.14
1135,20181225T235040Z,1J.TI3A.,"['CH1', 'CH2', 'CHZ']",2018-12-25T23:50:40.060000Z,14.14
1136,20181225T235040Z,1J.TI1A.,"['CH1', 'CH2', 'CHZ']",2018-12-25T23:50:40.060000Z,14.14
1137,20181225T235133Z,1J.TI4A.,"['CH1', 'CH2', 'CHZ']",2018-12-25T23:51:33.210000Z,14.14
1138,20181225T235133Z,1J.TI3A.,"['CH1', 'CH2', 'CHZ']",2018-12-25T23:51:33.210000Z,14.14
1139,20181225T235133Z,1J.TI1A.,"['CH1', 'CH2', 'CHZ']",2018-12-25T23:51:33.210000Z,14.14
1140,20181225T235145Z,1J.TI3A.,"['CH1', 'CH2', 'CHZ']",2018-12-25T23:51:45.870000Z,23.96
1141,20181225T235145Z,1J.TI8A.,"['CH1', 'CH2', 'CHZ']",2018-12-25T23:51:45.870000Z,23.96
1142,20181225T235222Z,1J.TI4A.,"['CH1', 'CH2', 'CHZ']",2018-12-25T23:52:22.070000Z,14.14
1143,20181225T235222Z,1J.TI3A.,"['CH1', 'CH2', 'CHZ']",2018-12-25T23:52:22.070000Z,14.14
1144,20181225T235222Z,1J.TI1A.,"['CH1', 'CH2', 'CHZ']",2018-12-25T23:52:22.070000Z,14.14
1145,20181225T235432Z,1J.TI4A.,"['CH1', 'CH2', 'CHZ']",2018-12-25T23:54:32.130000Z,14.14
1146,20181225T235432Z,1J.TI3A.,"['CH1', 'CH2', 'CHZ']",2018-12-25T23:54:32.130000Z,14.14
1147,20181225T235432Z,1J.TI1A.,"['CH1', 'CH2', 'CHZ']",2018-12-25T23:54:32.130000Z,14.14
1148,20181225T235513Z,1J.TI4A.,"['CH1', 'CH2', 'CHZ']",2018-12-25T23:55:13.520000Z,14.14
1149,20181225T235513Z,1J.TI3A.,"['CH1', 'CH2', 'CHZ']",2018-12-25T23:55:13.520000Z,14.14
1150,20181225T235513Z,1J.TI1A.,"['CH1', 'CH2', 'CHZ']",2018-12-25T23:55:13.520000Z,14.14
1151,20181225T235916Z,1J.TI4A.,"['CH1', 'CH2', 'CHZ']",2018-12-25T23:59:16.720000Z,24.15
1152,20181225T235916Z,1J.TI3A.,"['CH1', 'CH2', 'CHZ']",2018-12-25T23:59:16.720000Z,24.15
1153,20181225T235916Z,1J.TI8A.,"['CH1', 'CH2', 'CHZ']",2018-12-25T23:59:16.720000Z,24.15
1154,20181225T235916Z,1J.TI6A.,"['CH1', 'CH2', 'CHZ']",2018-12-25T23:59:16.720000Z,24.15
1155,20181225T235916Z,1J.TI1A.,"['CH1', 'CH2', 'CHZ']",2018-12-25T23:59:16.720000Z,24.15
