,event_id,station,components,time,duration
0,20181229T000228Z,1J.TI3A.,"['CH1', 'CH2', 'CHZ']",2018-12-29T00:02:28.000000Z,3.78
1,20181229T001410Z,1J.TI4A.,"['CH1', 'CH2', 'CHZ']",2018-12-29T00:14:10.480000Z,14.14
2,20181229T001410Z,1J.TI3A.,"['CH1', 'CH2', 'CHZ']",2018-12-29T00:14:10.480000Z,14.14
3,20181229T001410Z,1J.TI1A.,"['CH1', 'CH2', 'CHZ']",2018-12-29T00:14:10.480000Z,14.14
4,20181229T001422Z,1J.TI4A.,"['CH1', 'CH2', 'CHZ']",2018-12-29T00:14:22.120000Z,14.14
5,20181229T001422Z,1J.TI3A.,"['CH1', 'CH2', 'CHZ']",2018-12-29T00:14:22.120000Z,14.14
6,20181229T001422Z,1J.TI1A.,"['CH1', 'CH2', 'CHZ']",2018-12-29T00:14:22.120000Z,14.14
7,20181229T001537Z,1J.TI3A.,"['CH1', 'CH2', 'CHZ']",2018-12-29T00:15:37.850000Z,27.17
8,20181229T001537Z,1J.TI8A.,"['CH1', 'CH2', 'CHZ']",2018-12-29T00:15:37.850000Z,27.17
9,20181229T001537Z,1J.TI6A.,"['CH1', 'CH2', 'CHZ']",2018-12-29T00:15:37.850000Z,27.17
10,20181229T001537Z,1J.TI1A.,"['CH1', 'CH2', 'CHZ']",2018-12-29T00:15:37.850000Z,27.17
11,20181229T001726Z,1J.TI4A.,"['CH1', 'CH2', 'CHZ']",2018-12-29T00:17:26.890000Z,14.14
12,20181229T001726Z,1J.TI3A.,"['CH1', 'CH2', 'CHZ']",2018-12-29T00:17:26.890000Z,14.14
13,20181229T001726Z,1J.TI1A.,"['CH1', 'CH2', 'CHZ']",2018-12-29T00:17:26.890000Z,14.14
14,20181229T001810Z,1J.TI4A.,"['CH1', 'CH2', 'CHZ']",2018-12-29T00:18:10.680000Z,14.14
15,20181229T001810Z,1J.TI3A.,"['CH1', 'CH2', 'CHZ']",2018-12-29T00:18:10.680000Z,14.14
16,20181229T001810Z,1J.TI1A.,"['CH1', 'CH2', 'CHZ']",2018-12-29T00:18:10.680000Z,14.14
17,20181229T001910Z,1J.TI4A.,"['CH1', 'CH2', 'CHZ']",2018-12-29T00:19:10.330000Z,14.14
18,20181229T001910Z,1J.TI3A.,"['CH1', 'CH2', 'CHZ']",2018-12-29T00:19:10.330000Z,14.14
19,20181229T001910Z,1J.TI1A.,"['CH1', 'CH2', 'CHZ']",2018-12-29T00:19:10.330000Z,14.14
20,20181229T002031Z,1J.TI4A.,"['CH1', 'CH2', 'CHZ']",2018-12-29T00:20:31.490000Z,14.14
21,20181229T002031Z,1J.TI3A.,"['CH1', 'CH2', 'CHZ']",2018-12-29T00:20:31.490000Z,14.14
22,20181229T002031Z,1J.TI1A.,"['CH1', 'CH2', 'CHZ']",2018-12-29T00:20:31.490000Z,14.14
23,20181229T002241Z,1J.TI4A.,"['CH1', 'CH2', 'CHZ']",2018-12-29T00:22:41.750000Z,14.14
24,20181229T002241Z,1J.TI3A.,"['CH1', 'CH2', 'CHZ']",2018-12-29T00:22:41.750000Z,14.14
25,20181229T002241Z,1J.TI1A.,"['CH1', 'CH2', 'CHZ']",2018-12-29T00:22:41.750000Z,14.14
26,20181229T002314Z,1J.TI4A.,"['CH1', 'CH2', 'CHZ']",2018-12-29T00:23:14.140000Z,14.14
27,20181229T002314Z,1J.TI3A.,"['CH1', 'CH2', 'CHZ']",2018-12-29T00:23:14.140000Z,14.14
28,20181229T002314Z,1J.TI1A.,"['CH1', 'CH2', 'CHZ']",2018-12-29T00:23:14.140000Z,14.14
29,20181229T002345Z,1J.TI4A.,"['CH1', 'CH2', 'CHZ']",2018-12-29T00:23:45.970000Z,14.14
30,20181229T002345Z,1J.TI3A.,"['CH1', 'CH2', 'CHZ']",2018-12-29T00:23:45.970000Z,14.14
31,20181229T002345Z,1J.TI1A.,"['CH1', 'CH2', 'CHZ']",2018-12-29T00:23:45.970000Z,14.14
32,20181229T002436Z,1J.TI4A.,"['CH1', 'CH2', 'CHZ']",2018-12-29T00:24:36.720000Z,14.14
33,20181229T002436Z,1J.TI3A.,"['CH1', 'CH2', 'CHZ']",2018-12-29T00:24:36.720000Z,14.14
34,20181229T002436Z,1J.TI1A.,"['CH1', 'CH2', 'CHZ']",2018-12-29T00:24:36.720000Z,14.14
35,20181229T002600Z,1J.TI4A.,"['CH1', 'CH2', 'CHZ']",2018-12-29T00:26:00.660000Z,14.14
36,20181229T002600Z,1J.TI3A.,"['CH1', 'CH2', 'CHZ']",2018-12-29T00:26:00.660000Z,14.14
37,20181229T002600Z,1J.TI1A.,"['CH1', 'CH2', 'CHZ']",2018-12-29T00:26:00.660000Z,14.14
38,20181229T002614Z,1J.TI4A.,"['CH1', 'CH2', 'CHZ']",2018-12-29T00:26:14.150000Z,14.14
39,20181229T002614Z,1J.TI3A.,"['CH1', 'CH2', 'CHZ']",2018-12-29T00:26:14.150000Z,14.14
40,20181229T002614Z,1J.TI1A.,"['CH1', 'CH2', 'CHZ']",2018-12-29T00:26:14.150000Z,14.14
41,20181229T002624Z,1J.TI4A.,"['CH1', 'CH2', 'CHZ']",2018-12-29T00:26:24.660000Z,14.14
42,20181229T002624Z,1J.TI3A.,"['CH1', 'CH2', 'CHZ']",2018-12-29T00:26:24.660000Z,14.14
43,20181229T002624Z,1J.TI1A.,"['CH1', 'CH2', 'CHZ']",2018-12-29T00:26:24.660000Z,14.14
44,20181229T002636Z,1J.TI4A.,"['CH1', 'CH2', 'CHZ']",2018-12-29T00:26:36.530000Z,14.14
45,20181229T002636Z,1J.TI3A.,"['CH1', 'CH2', 'CHZ']",2018-12-29T00:26:36.530000Z,14.14
46,20181229T002636Z,1J.TI1A.,"['CH1', 'CH2', 'CHZ']",2018-12-29T00:26:36.530000Z,14.14
47,20181229T002758Z,1J.TI4A.,"['CH1', 'CH2', 'CHZ']",2018-12-29T00:27:58.840000Z,55.77
48,20181229T002758Z,1J.TI3A.,"['CH1', 'CH2', 'CHZ']",2018-12-29T00:27:58.840000Z,55.77
49,20181229T002758Z,1J.TI8A.,"['CH1', 'CH2', 'CHZ']",2018-12-29T00:27:58.840000Z,55.77
50,20181229T002758Z,1J.TI6A.,"['CH1', 'CH2', 'CHZ']",2018-12-29T00:27:58.840000Z,55.77
51,20181229T002758Z,1J.TI1A.,"['CH1', 'CH2', 'CHZ']",2018-12-29T00:27:58.840000Z,55.77
52,20181229T002918Z,1J.TI4A.,"['CH1', 'CH2', 'CHZ']",2018-12-29T00:29:18.580000Z,55.77
53,20181229T002918Z,1J.TI3A.,"['CH1', 'CH2', 'CHZ']",2018-12-29T00:29:18.580000Z,55.77
54,20181229T002918Z,1J.TI8A.,"['CH1', 'CH2', 'CHZ']",2018-12-29T00:29:18.580000Z,55.77
55,20181229T002918Z,1J.TI6A.,"['CH1', 'CH2', 'CHZ']",2018-12-29T00:29:18.580000Z,55.77
56,20181229T002918Z,1J.TI1A.,"['CH1', 'CH2', 'CHZ']",2018-12-29T00:29:18.580000Z,55.77
57,20181229T003051Z,1J.TI4A.,"['CH1', 'CH2', 'CHZ']",2018-12-29T00:30:51.600000Z,14.14
58,20181229T003051Z,1J.TI3A.,"['CH1', 'CH2', 'CHZ']",2018-12-29T00:30:51.600000Z,14.14
59,20181229T003051Z,1J.TI1A.,"['CH1', 'CH2', 'CHZ']",2018-12-29T00:30:51.600000Z,14.14
60,20181229T003129Z,1J.TI4A.,"['CH1', 'CH2', 'CHZ']",2018-12-29T00:31:29.860000Z,55.77
61,20181229T003129Z,1J.TI3A.,"['CH1', 'CH2', 'CHZ']",2018-12-29T00:31:29.860000Z,55.77
62,20181229T003129Z,1J.TI8A.,"['CH1', 'CH2', 'CHZ']",2018-12-29T00:31:29.860000Z,55.77
63,20181229T003129Z,1J.TI6A.,"['CH1', 'CH2', 'CHZ']",2018-12-29T00:31:29.860000Z,55.77
64,20181229T003129Z,1J.TI1A.,"['CH1', 'CH2', 'CHZ']",2018-12-29T00:31:29.860000Z,55.77
65,20181229T003437Z,1J.TI4A.,"['CH1', 'CH2', 'CHZ']",2018-12-29T00:34:37.860000Z,14.14
66,20181229T003437Z,1J.TI3A.,"['CH1', 'CH2', 'CHZ']",2018-12-29T00:34:37.860000Z,14.14
67,20181229T003437Z,1J.TI1A.,"['CH1', 'CH2', 'CHZ']",2018-12-29T00:34:37.860000Z,14.14
68,20181229T003815Z,1J.TI4A.,"['CH1', 'CH2', 'CHZ']",2018-12-29T00:38:15.000000Z,14.14
69,20181229T003815Z,1J.TI3A.,"['CH1', 'CH2', 'CHZ']",2018-12-29T00:38:15.000000Z,14.14
70,20181229T003815Z,1J.TI1A.,"['CH1', 'CH2', 'CHZ']",2018-12-29T00:38:15.000000Z,14.14
71,20181229T003828Z,1J.TI3A.,"['CH1', 'CH2', 'CHZ']",2018-12-29T00:38:28.470000Z,17.2
72,20181229T003828Z,1J.TI6A.,"['CH1', 'CH2', 'CHZ']",2018-12-29T00:38:28.470000Z,17.2
73,20181229T003828Z,1J.TI7A.,"['CH1', 'CH2', 'CHZ']",2018-12-29T00:38:28.470000Z,17.2
74,20181229T003942Z,1J.TI4A.,"['CH1', 'CH2', 'CHZ']",2018-12-29T00:39:42.350000Z,14.14
75,20181229T003942Z,1J.TI3A.,"['CH1', 'CH2', 'CHZ']",2018-12-29T00:39:42.350000Z,14.14
76,20181229T003942Z,1J.TI1A.,"['CH1', 'CH2', 'CHZ']",2018-12-29T00:39:42.350000Z,14.14
77,20181229T004139Z,1J.TI4A.,"['CH1', 'CH2', 'CHZ']",2018-12-29T00:41:39.040000Z,14.14
78,20181229T004139Z,1J.TI3A.,"['CH1', 'CH2', 'CHZ']",2018-12-29T00:41:39.040000Z,14.14
79,20181229T004139Z,1J.TI1A.,"['CH1', 'CH2', 'CHZ']",2018-12-29T00:41:39.040000Z,14.14
80,20181229T004221Z,1J.TI4A.,"['CH1', 'CH2', 'CHZ']",2018-12-29T00:42:21.090000Z,14.14
81,20181229T004221Z,1J.TI3A.,"['CH1', 'CH2', 'CHZ']",2018-12-29T00:42:21.090000Z,14.14
82,20181229T004221Z,1J.TI1A.,"['CH1', 'CH2', 'CHZ']",2018-12-29T00:42:21.090000Z,14.14
83,20181229T004241Z,1J.TI4A.,"['CH1', 'CH2', 'CHZ']",2018-12-29T00:42:41.180000Z,14.14
84,20181229T004241Z,1J.TI3A.,"['CH1', 'CH2', 'CHZ']",2018-12-29T00:42:41.180000Z,14.14
85,20181229T004241Z,1J.TI1A.,"['CH1', 'CH2', 'CHZ']",2018-12-29T00:42:41.180000Z,14.14
86,20181229T004538Z,1J.TI4A.,"['CH1', 'CH2', 'CHZ']",2018-12-29T00:45:38.300000Z,14.14
87,20181229T004538Z,1J.TI3A.,"['CH1', 'CH2', 'CHZ']",2018-12-29T00:45:38.300000Z,14.14
88,20181229T004538Z,1J.TI1A.,"['CH1', 'CH2', 'CHZ']",2018-12-29T00:45:38.300000Z,14.14
89,20181229T005050Z,1J.TI4A.,"['CH1', 'CH2', 'CHZ']",2018-12-29T00:50:50.930000Z,14.14
90,20181229T005050Z,1J.TI3A.,"['CH1', 'CH2', 'CHZ']",2018-12-29T00:50:50.930000Z,14.14
91,20181229T005050Z,1J.TI1A.,"['CH1', 'CH2', 'CHZ']",2018-12-29T00:50:50.930000Z,14.14
92,20181229T005134Z,1J.TI4A.,"['CH1', 'CH2', 'CHZ']",2018-12-29T00:51:34.010000Z,14.14
93,20181229T005134Z,1J.TI3A.,"['CH1', 'CH2', 'CHZ']",2018-12-29T00:51:34.010000Z,14.14
94,20181229T005134Z,1J.TI1A.,"['CH1', 'CH2', 'CHZ']",2018-12-29T00:51:34.010000Z,14.14
95,20181229T005220Z,1J.TI3A.,"['CH1', 'CH2', 'CHZ']",2018-12-29T00:52:20.270000Z,17.2
96,20181229T005220Z,1J.TI6A.,"['CH1', 'CH2', 'CHZ']",2018-12-29T00:52:20.270000Z,17.2
97,20181229T005220Z,1J.TI7A.,"['CH1', 'CH2', 'CHZ']",2018-12-29T00:52:20.270000Z,17.2
98,20181229T005520Z,1J.TI3A.,"['CH1', 'CH2', 'CHZ']",2018-12-29T00:55:20.080000Z,3.78
99,20181229T005558Z,1J.TI4A.,"['CH1', 'CH2', 'CHZ']",2018-12-29T00:55:58.110000Z,24.15
100,20181229T005558Z,1J.TI3A.,"['CH1', 'CH2', 'CHZ']",2018-12-29T00:55:58.110000Z,24.15
101,20181229T005558Z,1J.TI8A.,"['CH1', 'CH2', 'CHZ']",2018-12-29T00:55:58.110000Z,24.15
102,20181229T005558Z,1J.TI6A.,"['CH1', 'CH2', 'CHZ']",2018-12-29T00:55:58.110000Z,24.15
103,20181229T005558Z,1J.TI1A.,"['CH1', 'CH2', 'CHZ']",2018-12-29T00:55:58.110000Z,24.15
104,20181229T010212Z,1J.TI4A.,"['CH1', 'CH2', 'CHZ']",2018-12-29T01:02:12.240000Z,24.48
105,20181229T010212Z,1J.TI3A.,"['CH1', 'CH2', 'CHZ']",2018-12-29T01:02:12.240000Z,24.48
106,20181229T010212Z,1J.TI8A.,"['CH1', 'CH2', 'CHZ']",2018-12-29T01:02:12.240000Z,24.48
107,20181229T010212Z,1J.TI6A.,"['CH1', 'CH2', 'CHZ']",2018-12-29T01:02:12.240000Z,24.48
108,20181229T010410Z,1J.TI3A.,"['CH1', 'CH2', 'CHZ']",2018-12-29T01:04:10.140000Z,3.78
109,20181229T010615Z,1J.TI3A.,"['CH1', 'CH2', 'CHZ']",2018-12-29T01:06:15.470000Z,2.13
110,20181229T011430Z,1J.TI4A.,"['CH1', 'CH2', 'CHZ']",2018-12-29T01:14:30.620000Z,14.14
111,20181229T011430Z,1J.TI3A.,"['CH1', 'CH2', 'CHZ']",2018-12-29T01:14:30.620000Z,14.14
112,20181229T011430Z,1J.TI1A.,"['CH1', 'CH2', 'CHZ']",2018-12-29T01:14:30.620000Z,14.14
113,20181229T011646Z,1J.TI4A.,"['CH1', 'CH2', 'CHZ']",2018-12-29T01:16:46.510000Z,14.14
114,20181229T011646Z,1J.TI3A.,"['CH1', 'CH2', 'CHZ']",2018-12-29T01:16:46.510000Z,14.14
115,20181229T011646Z,1J.TI1A.,"['CH1', 'CH2', 'CHZ']",2018-12-29T01:16:46.510000Z,14.14
116,20181229T011656Z,1J.TI4A.,"['CH1', 'CH2', 'CHZ']",2018-12-29T01:16:56.580000Z,14.14
117,20181229T011656Z,1J.TI3A.,"['CH1', 'CH2', 'CHZ']",2018-12-29T01:16:56.580000Z,14.14
118,20181229T011656Z,1J.TI1A.,"['CH1', 'CH2', 'CHZ']",2018-12-29T01:16:56.580000Z,14.14
119,20181229T011746Z,1J.TI4A.,"['CH1', 'CH2', 'CHZ']",2018-12-29T01:17:46.060000Z,14.14
120,20181229T011746Z,1J.TI3A.,"['CH1', 'CH2', 'CHZ']",2018-12-29T01:17:46.060000Z,14.14
121,20181229T011746Z,1J.TI1A.,"['CH1', 'CH2', 'CHZ']",2018-12-29T01:17:46.060000Z,14.14
122,20181229T011806Z,1J.TI4A.,"['CH1', 'CH2', 'CHZ']",2018-12-29T01:18:06.930000Z,14.14
123,20181229T011806Z,1J.TI3A.,"['CH1', 'CH2', 'CHZ']",2018-12-29T01:18:06.930000Z,14.14
124,20181229T011806Z,1J.TI1A.,"['CH1', 'CH2', 'CHZ']",2018-12-29T01:18:06.930000Z,14.14
125,20181229T011924Z,1J.TI4A.,"['CH1', 'CH2', 'CHZ']",2018-12-29T01:19:24.440000Z,14.14
126,20181229T011924Z,1J.TI3A.,"['CH1', 'CH2', 'CHZ']",2018-12-29T01:19:24.440000Z,14.14
127,20181229T011924Z,1J.TI1A.,"['CH1', 'CH2', 'CHZ']",2018-12-29T01:19:24.440000Z,14.14
128,20181229T012006Z,1J.TI3A.,"['CH1', 'CH2', 'CHZ']",2018-12-29T01:20:06.110000Z,17.2
129,20181229T012006Z,1J.TI6A.,"['CH1', 'CH2', 'CHZ']",2018-12-29T01:20:06.110000Z,17.2
130,20181229T012006Z,1J.TI7A.,"['CH1', 'CH2', 'CHZ']",2018-12-29T01:20:06.110000Z,17.2
131,20181229T012050Z,1J.TI4A.,"['CH1', 'CH2', 'CHZ']",2018-12-29T01:20:50.700000Z,14.14
132,20181229T012050Z,1J.TI3A.,"['CH1', 'CH2', 'CHZ']",2018-12-29T01:20:50.700000Z,14.14
133,20181229T012050Z,1J.TI1A.,"['CH1', 'CH2', 'CHZ']",2018-12-29T01:20:50.700000Z,14.14
134,20181229T012126Z,1J.TI4A.,"['CH1', 'CH2', 'CHZ']",2018-12-29T01:21:26.080000Z,14.14
135,20181229T012126Z,1J.TI3A.,"['CH1', 'CH2', 'CHZ']",2018-12-29T01:21:26.080000Z,14.14
136,20181229T012126Z,1J.TI1A.,"['CH1', 'CH2', 'CHZ']",2018-12-29T01:21:26.080000Z,14.14
137,20181229T012213Z,1J.TI4A.,"['CH1', 'CH2', 'CHZ']",2018-12-29T01:22:13.560000Z,14.14
138,20181229T012213Z,1J.TI3A.,"['CH1', 'CH2', 'CHZ']",2018-12-29T01:22:13.560000Z,14.14
139,20181229T012213Z,1J.TI1A.,"['CH1', 'CH2', 'CHZ']",2018-12-29T01:22:13.560000Z,14.14
140,20181229T012237Z,1J.TI3A.,"['CH1', 'CH2', 'CHZ']",2018-12-29T01:22:37.100000Z,27.17
141,20181229T012237Z,1J.TI8A.,"['CH1', 'CH2', 'CHZ']",2018-12-29T01:22:37.100000Z,27.17
142,20181229T012237Z,1J.TI6A.,"['CH1', 'CH2', 'CHZ']",2018-12-29T01:22:37.100000Z,27.17
143,20181229T012237Z,1J.TI1A.,"['CH1', 'CH2', 'CHZ']",2018-12-29T01:22:37.100000Z,27.17
144,20181229T012300Z,1J.TI4A.,"['CH1', 'CH2', 'CHZ']",2018-12-29T01:23:00.650000Z,14.14
145,20181229T012300Z,1J.TI3A.,"['CH1', 'CH2', 'CHZ']",2018-12-29T01:23:00.650000Z,14.14
146,20181229T012300Z,1J.TI1A.,"['CH1', 'CH2', 'CHZ']",2018-12-29T01:23:00.650000Z,14.14
147,20181229T012346Z,1J.TI4A.,"['CH1', 'CH2', 'CHZ']",2018-12-29T01:23:46.050000Z,14.14
148,20181229T012346Z,1J.TI3A.,"['CH1', 'CH2', 'CHZ']",2018-12-29T01:23:46.050000Z,14.14
149,20181229T012346Z,1J.TI1A.,"['CH1', 'CH2', 'CHZ']",2018-12-29T01:23:46.050000Z,14.14
150,20181229T012405Z,1J.TI4A.,"['CH1', 'CH2', 'CHZ']",2018-12-29T01:24:05.780000Z,14.14
151,20181229T012405Z,1J.TI3A.,"['CH1', 'CH2', 'CHZ']",2018-12-29T01:24:05.780000Z,14.14
152,20181229T012405Z,1J.TI1A.,"['CH1', 'CH2', 'CHZ']",2018-12-29T01:24:05.780000Z,14.14
153,20181229T012503Z,1J.TI4A.,"['CH1', 'CH2', 'CHZ']",2018-12-29T01:25:03.650000Z,14.14
154,20181229T012503Z,1J.TI3A.,"['CH1', 'CH2', 'CHZ']",2018-12-29T01:25:03.650000Z,14.14
155,20181229T012503Z,1J.TI1A.,"['CH1', 'CH2', 'CHZ']",2018-12-29T01:25:03.650000Z,14.14
156,20181229T012542Z,1J.TI4A.,"['CH1', 'CH2', 'CHZ']",2018-12-29T01:25:42.450000Z,14.14
157,20181229T012542Z,1J.TI3A.,"['CH1', 'CH2', 'CHZ']",2018-12-29T01:25:42.450000Z,14.14
158,20181229T012542Z,1J.TI1A.,"['CH1', 'CH2', 'CHZ']",2018-12-29T01:25:42.450000Z,14.14
159,20181229T012737Z,1J.TI3A.,"['CH1', 'CH2', 'CHZ']",2018-12-29T01:27:37.900000Z,27.17
160,20181229T012737Z,1J.TI8A.,"['CH1', 'CH2', 'CHZ']",2018-12-29T01:27:37.900000Z,27.17
161,20181229T012737Z,1J.TI6A.,"['CH1', 'CH2', 'CHZ']",2018-12-29T01:27:37.900000Z,27.17
162,20181229T012737Z,1J.TI1A.,"['CH1', 'CH2', 'CHZ']",2018-12-29T01:27:37.900000Z,27.17
163,20181229T012748Z,1J.TI3A.,"['CH1', 'CH2', 'CHZ']",2018-12-29T01:27:48.320000Z,2.13
164,20181229T012845Z,1J.TI4A.,"['CH1', 'CH2', 'CHZ']",2018-12-29T01:28:45.810000Z,14.14
165,20181229T012845Z,1J.TI3A.,"['CH1', 'CH2', 'CHZ']",2018-12-29T01:28:45.810000Z,14.14
166,20181229T012845Z,1J.TI1A.,"['CH1', 'CH2', 'CHZ']",2018-12-29T01:28:45.810000Z,14.14
167,20181229T012919Z,1J.TI4A.,"['CH1', 'CH2', 'CHZ']",2018-12-29T01:29:19.930000Z,14.14
168,20181229T012919Z,1J.TI3A.,"['CH1', 'CH2', 'CHZ']",2018-12-29T01:29:19.930000Z,14.14
169,20181229T012919Z,1J.TI1A.,"['CH1', 'CH2', 'CHZ']",2018-12-29T01:29:19.930000Z,14.14
170,20181229T013043Z,1J.TI3A.,"['CH1', 'CH2', 'CHZ']",2018-12-29T01:30:43.330000Z,23.96
171,20181229T013043Z,1J.TI8A.,"['CH1', 'CH2', 'CHZ']",2018-12-29T01:30:43.330000Z,23.96
172,20181229T013201Z,1J.TI4A.,"['CH1', 'CH2', 'CHZ']",2018-12-29T01:32:01.720000Z,14.14
173,20181229T013201Z,1J.TI3A.,"['CH1', 'CH2', 'CHZ']",2018-12-29T01:32:01.720000Z,14.14
174,20181229T013201Z,1J.TI1A.,"['CH1', 'CH2', 'CHZ']",2018-12-29T01:32:01.720000Z,14.14
175,20181229T013226Z,1J.TI4A.,"['CH1', 'CH2', 'CHZ']",2018-12-29T01:32:26.410000Z,14.14
176,20181229T013226Z,1J.TI3A.,"['CH1', 'CH2', 'CHZ']",2018-12-29T01:32:26.410000Z,14.14
177,20181229T013226Z,1J.TI1A.,"['CH1', 'CH2', 'CHZ']",2018-12-29T01:32:26.410000Z,14.14
178,20181229T013321Z,1J.TI3A.,"['CH1', 'CH2', 'CHZ']",2018-12-29T01:33:21.350000Z,17.2
179,20181229T013321Z,1J.TI6A.,"['CH1', 'CH2', 'CHZ']",2018-12-29T01:33:21.350000Z,17.2
180,20181229T013321Z,1J.TI7A.,"['CH1', 'CH2', 'CHZ']",2018-12-29T01:33:21.350000Z,17.2
181,20181229T013439Z,1J.TI4A.,"['CH1', 'CH2', 'CHZ']",2018-12-29T01:34:39.660000Z,14.14
182,20181229T013439Z,1J.TI3A.,"['CH1', 'CH2', 'CHZ']",2018-12-29T01:34:39.660000Z,14.14
183,20181229T013439Z,1J.TI1A.,"['CH1', 'CH2', 'CHZ']",2018-12-29T01:34:39.660000Z,14.14
184,20181229T013536Z,1J.TI4A.,"['CH1', 'CH2', 'CHZ']",2018-12-29T01:35:36.680000Z,14.14
185,20181229T013536Z,1J.TI3A.,"['CH1', 'CH2', 'CHZ']",2018-12-29T01:35:36.680000Z,14.14
186,20181229T013536Z,1J.TI1A.,"['CH1', 'CH2', 'CHZ']",2018-12-29T01:35:36.680000Z,14.14
187,20181229T013554Z,1J.TI4A.,"['CH1', 'CH2', 'CHZ']",2018-12-29T01:35:54.520000Z,14.14
188,20181229T013554Z,1J.TI3A.,"['CH1', 'CH2', 'CHZ']",2018-12-29T01:35:54.520000Z,14.14
189,20181229T013554Z,1J.TI1A.,"['CH1', 'CH2', 'CHZ']",2018-12-29T01:35:54.520000Z,14.14
190,20181229T013628Z,1J.TI4A.,"['CH1', 'CH2', 'CHZ']",2018-12-29T01:36:28.680000Z,14.14
191,20181229T013628Z,1J.TI3A.,"['CH1', 'CH2', 'CHZ']",2018-12-29T01:36:28.680000Z,14.14
192,20181229T013628Z,1J.TI1A.,"['CH1', 'CH2', 'CHZ']",2018-12-29T01:36:28.680000Z,14.14
193,20181229T013723Z,1J.TI4A.,"['CH1', 'CH2', 'CHZ']",2018-12-29T01:37:23.460000Z,14.14
194,20181229T013723Z,1J.TI3A.,"['CH1', 'CH2', 'CHZ']",2018-12-29T01:37:23.460000Z,14.14
195,20181229T013723Z,1J.TI1A.,"['CH1', 'CH2', 'CHZ']",2018-12-29T01:37:23.460000Z,14.14
196,20181229T013759Z,1J.TI4A.,"['CH1', 'CH2', 'CHZ']",2018-12-29T01:37:59.050000Z,14.14
197,20181229T013759Z,1J.TI3A.,"['CH1', 'CH2', 'CHZ']",2018-12-29T01:37:59.050000Z,14.14
198,20181229T013759Z,1J.TI1A.,"['CH1', 'CH2', 'CHZ']",2018-12-29T01:37:59.050000Z,14.14
199,20181229T013839Z,1J.TI4A.,"['CH1', 'CH2', 'CHZ']",2018-12-29T01:38:39.830000Z,14.14
200,20181229T013839Z,1J.TI3A.,"['CH1', 'CH2', 'CHZ']",2018-12-29T01:38:39.830000Z,14.14
201,20181229T013839Z,1J.TI1A.,"['CH1', 'CH2', 'CHZ']",2018-12-29T01:38:39.830000Z,14.14
202,20181229T014017Z,1J.TI4A.,"['CH1', 'CH2', 'CHZ']",2018-12-29T01:40:17.410000Z,24.15
203,20181229T014017Z,1J.TI3A.,"['CH1', 'CH2', 'CHZ']",2018-12-29T01:40:17.410000Z,24.15
204,20181229T014017Z,1J.TI8A.,"['CH1', 'CH2', 'CHZ']",2018-12-29T01:40:17.410000Z,24.15
205,20181229T014017Z,1J.TI6A.,"['CH1', 'CH2', 'CHZ']",2018-12-29T01:40:17.410000Z,24.15
206,20181229T014017Z,1J.TI1A.,"['CH1', 'CH2', 'CHZ']",2018-12-29T01:40:17.410000Z,24.15
207,20181229T014041Z,1J.TI4A.,"['CH1', 'CH2', 'CHZ']",2018-12-29T01:40:41.440000Z,14.14
208,20181229T014041Z,1J.TI3A.,"['CH1', 'CH2', 'CHZ']",2018-12-29T01:40:41.440000Z,14.14
209,20181229T014041Z,1J.TI1A.,"['CH1', 'CH2', 'CHZ']",2018-12-29T01:40:41.440000Z,14.14
210,20181229T014100Z,1J.TI3A.,"['CH1', 'CH2', 'CHZ']",2018-12-29T01:41:00.280000Z,27.17
211,20181229T014100Z,1J.TI8A.,"['CH1', 'CH2', 'CHZ']",2018-12-29T01:41:00.280000Z,27.17
212,20181229T014100Z,1J.TI6A.,"['CH1', 'CH2', 'CHZ']",2018-12-29T01:41:00.280000Z,27.17
213,20181229T014100Z,1J.TI1A.,"['CH1', 'CH2', 'CHZ']",2018-12-29T01:41:00.280000Z,27.17
214,20181229T014143Z,1J.TI4A.,"['CH1', 'CH2', 'CHZ']",2018-12-29T01:41:43.460000Z,14.14
215,20181229T014143Z,1J.TI3A.,"['CH1', 'CH2', 'CHZ']",2018-12-29T01:41:43.460000Z,14.14
216,20181229T014143Z,1J.TI1A.,"['CH1', 'CH2', 'CHZ']",2018-12-29T01:41:43.460000Z,14.14
217,20181229T014614Z,1J.TI4A.,"['CH1', 'CH2', 'CHZ']",2018-12-29T01:46:14.050000Z,14.14
218,20181229T014614Z,1J.TI3A.,"['CH1', 'CH2', 'CHZ']",2018-12-29T01:46:14.050000Z,14.14
219,20181229T014614Z,1J.TI1A.,"['CH1', 'CH2', 'CHZ']",2018-12-29T01:46:14.050000Z,14.14
220,20181229T015048Z,1J.TI4A.,"['CH1', 'CH2', 'CHZ']",2018-12-29T01:50:48.670000Z,14.14
221,20181229T015048Z,1J.TI3A.,"['CH1', 'CH2', 'CHZ']",2018-12-29T01:50:48.670000Z,14.14
222,20181229T015048Z,1J.TI1A.,"['CH1', 'CH2', 'CHZ']",2018-12-29T01:50:48.670000Z,14.14
223,20181229T015101Z,1J.TI4A.,"['CH1', 'CH2', 'CHZ']",2018-12-29T01:51:01.170000Z,14.14
224,20181229T015101Z,1J.TI3A.,"['CH1', 'CH2', 'CHZ']",2018-12-29T01:51:01.170000Z,14.14
225,20181229T015101Z,1J.TI1A.,"['CH1', 'CH2', 'CHZ']",2018-12-29T01:51:01.170000Z,14.14
226,20181229T015238Z,1J.TI4A.,"['CH1', 'CH2', 'CHZ']",2018-12-29T01:52:38.450000Z,14.14
227,20181229T015238Z,1J.TI3A.,"['CH1', 'CH2', 'CHZ']",2018-12-29T01:52:38.450000Z,14.14
228,20181229T015238Z,1J.TI1A.,"['CH1', 'CH2', 'CHZ']",2018-12-29T01:52:38.450000Z,14.14
229,20181229T015322Z,1J.TI4A.,"['CH1', 'CH2', 'CHZ']",2018-12-29T01:53:22.560000Z,14.14
230,20181229T015322Z,1J.TI3A.,"['CH1', 'CH2', 'CHZ']",2018-12-29T01:53:22.560000Z,14.14
231,20181229T015322Z,1J.TI1A.,"['CH1', 'CH2', 'CHZ']",2018-12-29T01:53:22.560000Z,14.14
232,20181229T015346Z,1J.TI4A.,"['CH1', 'CH2', 'CHZ']",2018-12-29T01:53:46.250000Z,14.14
233,20181229T015346Z,1J.TI3A.,"['CH1', 'CH2', 'CHZ']",2018-12-29T01:53:46.250000Z,14.14
234,20181229T015346Z,1J.TI1A.,"['CH1', 'CH2', 'CHZ']",2018-12-29T01:53:46.250000Z,14.14
235,20181229T015450Z,1J.TI4A.,"['CH1', 'CH2', 'CHZ']",2018-12-29T01:54:50.570000Z,14.14
236,20181229T015450Z,1J.TI3A.,"['CH1', 'CH2', 'CHZ']",2018-12-29T01:54:50.570000Z,14.14
237,20181229T015450Z,1J.TI1A.,"['CH1', 'CH2', 'CHZ']",2018-12-29T01:54:50.570000Z,14.14
238,20181229T015927Z,1J.TI3A.,"['CH1', 'CH2', 'CHZ']",2018-12-29T01:59:27.650000Z,17.2
239,20181229T015927Z,1J.TI6A.,"['CH1', 'CH2', 'CHZ']",2018-12-29T01:59:27.650000Z,17.2
240,20181229T015927Z,1J.TI7A.,"['CH1', 'CH2', 'CHZ']",2018-12-29T01:59:27.650000Z,17.2
241,20181229T020203Z,1J.TI4A.,"['CH1', 'CH2', 'CHZ']",2018-12-29T02:02:03.650000Z,14.14
242,20181229T020203Z,1J.TI3A.,"['CH1', 'CH2', 'CHZ']",2018-12-29T02:02:03.650000Z,14.14
243,20181229T020203Z,1J.TI1A.,"['CH1', 'CH2', 'CHZ']",2018-12-29T02:02:03.650000Z,14.14
244,20181229T020222Z,1J.TI3A.,"['CH1', 'CH2', 'CHZ']",2018-12-29T02:02:22.660000Z,2.13
245,20181229T020602Z,1J.TI3A.,"['CH1', 'CH2', 'CHZ']",2018-12-29T02:06:02.870000Z,23.07
246,20181229T020602Z,1J.TI8A.,"['CH1', 'CH2', 'CHZ']",2018-12-29T02:06:02.870000Z,23.07
247,20181229T020602Z,1J.TI6A.,"['CH1', 'CH2', 'CHZ']",2018-12-29T02:06:02.870000Z,23.07
248,20181229T020602Z,1J.TI1A.,"['CH1', 'CH2', 'CHZ']",2018-12-29T02:06:02.870000Z,23.07
249,20181229T020704Z,1J.TI4A.,"['CH1', 'CH2', 'CHZ']",2018-12-29T02:07:04.250000Z,14.14
250,20181229T020704Z,1J.TI3A.,"['CH1', 'CH2', 'CHZ']",2018-12-29T02:07:04.250000Z,14.14
251,20181229T020704Z,1J.TI1A.,"['CH1', 'CH2', 'CHZ']",2018-12-29T02:07:04.250000Z,14.14
252,20181229T021119Z,1J.TI4A.,"['CH1', 'CH2', 'CHZ']",2018-12-29T02:11:19.060000Z,14.14
253,20181229T021119Z,1J.TI3A.,"['CH1', 'CH2', 'CHZ']",2018-12-29T02:11:19.060000Z,14.14
254,20181229T021119Z,1J.TI1A.,"['CH1', 'CH2', 'CHZ']",2018-12-29T02:11:19.060000Z,14.14
255,20181229T021239Z,1J.TI4A.,"['CH1', 'CH2', 'CHZ']",2018-12-29T02:12:39.410000Z,14.14
256,20181229T021239Z,1J.TI3A.,"['CH1', 'CH2', 'CHZ']",2018-12-29T02:12:39.410000Z,14.14
257,20181229T021239Z,1J.TI1A.,"['CH1', 'CH2', 'CHZ']",2018-12-29T02:12:39.410000Z,14.14
258,20181229T021412Z,1J.TI4A.,"['CH1', 'CH2', 'CHZ']",2018-12-29T02:14:12.430000Z,14.14
259,20181229T021412Z,1J.TI3A.,"['CH1', 'CH2', 'CHZ']",2018-12-29T02:14:12.430000Z,14.14
260,20181229T021412Z,1J.TI1A.,"['CH1', 'CH2', 'CHZ']",2018-12-29T02:14:12.430000Z,14.14
261,20181229T021557Z,1J.TI4A.,"['CH1', 'CH2', 'CHZ']",2018-12-29T02:15:57.510000Z,14.14
262,20181229T021557Z,1J.TI3A.,"['CH1', 'CH2', 'CHZ']",2018-12-29T02:15:57.510000Z,14.14
263,20181229T021557Z,1J.TI1A.,"['CH1', 'CH2', 'CHZ']",2018-12-29T02:15:57.510000Z,14.14
264,20181229T021729Z,1J.TI4A.,"['CH1', 'CH2', 'CHZ']",2018-12-29T02:17:29.570000Z,14.14
265,20181229T021729Z,1J.TI3A.,"['CH1', 'CH2', 'CHZ']",2018-12-29T02:17:29.570000Z,14.14
266,20181229T021729Z,1J.TI1A.,"['CH1', 'CH2', 'CHZ']",2018-12-29T02:17:29.570000Z,14.14
267,20181229T021752Z,1J.TI3A.,"['CH1', 'CH2', 'CHZ']",2018-12-29T02:17:52.220000Z,3.78
268,20181229T022240Z,1J.TI4A.,"['CH1', 'CH2', 'CHZ']",2018-12-29T02:22:40.520000Z,24.15
269,20181229T022240Z,1J.TI3A.,"['CH1', 'CH2', 'CHZ']",2018-12-29T02:22:40.520000Z,24.15
270,20181229T022240Z,1J.TI8A.,"['CH1', 'CH2', 'CHZ']",2018-12-29T02:22:40.520000Z,24.15
271,20181229T022240Z,1J.TI6A.,"['CH1', 'CH2', 'CHZ']",2018-12-29T02:22:40.520000Z,24.15
272,20181229T022240Z,1J.TI1A.,"['CH1', 'CH2', 'CHZ']",2018-12-29T02:22:40.520000Z,24.15
273,20181229T022324Z,1J.TI3A.,"['CH1', 'CH2', 'CHZ']",2018-12-29T02:23:24.220000Z,23.96
274,20181229T022324Z,1J.TI8A.,"['CH1', 'CH2', 'CHZ']",2018-12-29T02:23:24.220000Z,23.96
275,20181229T022554Z,1J.TI4A.,"['CH1', 'CH2', 'CHZ']",2018-12-29T02:25:54.210000Z,14.14
276,20181229T022554Z,1J.TI3A.,"['CH1', 'CH2', 'CHZ']",2018-12-29T02:25:54.210000Z,14.14
277,20181229T022554Z,1J.TI1A.,"['CH1', 'CH2', 'CHZ']",2018-12-29T02:25:54.210000Z,14.14
278,20181229T022717Z,1J.TI3A.,"['CH1', 'CH2', 'CHZ']",2018-12-29T02:27:17.880000Z,23.96
279,20181229T022717Z,1J.TI8A.,"['CH1', 'CH2', 'CHZ']",2018-12-29T02:27:17.880000Z,23.96
280,20181229T022745Z,1J.TI4A.,"['CH1', 'CH2', 'CHZ']",2018-12-29T02:27:45.530000Z,14.14
281,20181229T022745Z,1J.TI3A.,"['CH1', 'CH2', 'CHZ']",2018-12-29T02:27:45.530000Z,14.14
282,20181229T022745Z,1J.TI1A.,"['CH1', 'CH2', 'CHZ']",2018-12-29T02:27:45.530000Z,14.14
283,20181229T022905Z,1J.TI4A.,"['CH1', 'CH2', 'CHZ']",2018-12-29T02:29:05.350000Z,14.14
284,20181229T022905Z,1J.TI3A.,"['CH1', 'CH2', 'CHZ']",2018-12-29T02:29:05.350000Z,14.14
285,20181229T022905Z,1J.TI1A.,"['CH1', 'CH2', 'CHZ']",2018-12-29T02:29:05.350000Z,14.14
286,20181229T022935Z,1J.TI4A.,"['CH1', 'CH2', 'CHZ']",2018-12-29T02:29:35.850000Z,14.14
287,20181229T022935Z,1J.TI3A.,"['CH1', 'CH2', 'CHZ']",2018-12-29T02:29:35.850000Z,14.14
288,20181229T022935Z,1J.TI1A.,"['CH1', 'CH2', 'CHZ']",2018-12-29T02:29:35.850000Z,14.14
289,20181229T023028Z,1J.TI4A.,"['CH1', 'CH2', 'CHZ']",2018-12-29T02:30:28.090000Z,14.14
290,20181229T023028Z,1J.TI3A.,"['CH1', 'CH2', 'CHZ']",2018-12-29T02:30:28.090000Z,14.14
291,20181229T023028Z,1J.TI1A.,"['CH1', 'CH2', 'CHZ']",2018-12-29T02:30:28.090000Z,14.14
292,20181229T023040Z,1J.TI4A.,"['CH1', 'CH2', 'CHZ']",2018-12-29T02:30:40.650000Z,14.14
293,20181229T023040Z,1J.TI3A.,"['CH1', 'CH2', 'CHZ']",2018-12-29T02:30:40.650000Z,14.14
294,20181229T023040Z,1J.TI1A.,"['CH1', 'CH2', 'CHZ']",2018-12-29T02:30:40.650000Z,14.14
295,20181229T023154Z,1J.TI3A.,"['CH1', 'CH2', 'CHZ']",2018-12-29T02:31:54.610000Z,27.17
296,20181229T023154Z,1J.TI8A.,"['CH1', 'CH2', 'CHZ']",2018-12-29T02:31:54.610000Z,27.17
297,20181229T023154Z,1J.TI6A.,"['CH1', 'CH2', 'CHZ']",2018-12-29T02:31:54.610000Z,27.17
298,20181229T023154Z,1J.TI1A.,"['CH1', 'CH2', 'CHZ']",2018-12-29T02:31:54.610000Z,27.17
299,20181229T023343Z,1J.TI4A.,"['CH1', 'CH2', 'CHZ']",2018-12-29T02:33:43.180000Z,14.14
300,20181229T023343Z,1J.TI3A.,"['CH1', 'CH2', 'CHZ']",2018-12-29T02:33:43.180000Z,14.14
301,20181229T023343Z,1J.TI1A.,"['CH1', 'CH2', 'CHZ']",2018-12-29T02:33:43.180000Z,14.14
302,20181229T023353Z,1J.TI4A.,"['CH1', 'CH2', 'CHZ']",2018-12-29T02:33:53.890000Z,14.14
303,20181229T023353Z,1J.TI3A.,"['CH1', 'CH2', 'CHZ']",2018-12-29T02:33:53.890000Z,14.14
304,20181229T023353Z,1J.TI1A.,"['CH1', 'CH2', 'CHZ']",2018-12-29T02:33:53.890000Z,14.14
305,20181229T023418Z,1J.TI4A.,"['CH1', 'CH2', 'CHZ']",2018-12-29T02:34:18.000000Z,14.14
306,20181229T023418Z,1J.TI3A.,"['CH1', 'CH2', 'CHZ']",2018-12-29T02:34:18.000000Z,14.14
307,20181229T023418Z,1J.TI1A.,"['CH1', 'CH2', 'CHZ']",2018-12-29T02:34:18.000000Z,14.14
308,20181229T023621Z,1J.TI4A.,"['CH1', 'CH2', 'CHZ']",2018-12-29T02:36:21.300000Z,14.14
309,20181229T023621Z,1J.TI3A.,"['CH1', 'CH2', 'CHZ']",2018-12-29T02:36:21.300000Z,14.14
310,20181229T023621Z,1J.TI1A.,"['CH1', 'CH2', 'CHZ']",2018-12-29T02:36:21.300000Z,14.14
311,20181229T023636Z,1J.TI4A.,"['CH1', 'CH2', 'CHZ']",2018-12-29T02:36:36.410000Z,14.14
312,20181229T023636Z,1J.TI3A.,"['CH1', 'CH2', 'CHZ']",2018-12-29T02:36:36.410000Z,14.14
313,20181229T023636Z,1J.TI1A.,"['CH1', 'CH2', 'CHZ']",2018-12-29T02:36:36.410000Z,14.14
314,20181229T023652Z,1J.TI4A.,"['CH1', 'CH2', 'CHZ']",2018-12-29T02:36:52.970000Z,14.14
315,20181229T023652Z,1J.TI3A.,"['CH1', 'CH2', 'CHZ']",2018-12-29T02:36:52.970000Z,14.14
316,20181229T023652Z,1J.TI1A.,"['CH1', 'CH2', 'CHZ']",2018-12-29T02:36:52.970000Z,14.14
317,20181229T023750Z,1J.TI4A.,"['CH1', 'CH2', 'CHZ']",2018-12-29T02:37:50.690000Z,14.14
318,20181229T023750Z,1J.TI3A.,"['CH1', 'CH2', 'CHZ']",2018-12-29T02:37:50.690000Z,14.14
319,20181229T023750Z,1J.TI1A.,"['CH1', 'CH2', 'CHZ']",2018-12-29T02:37:50.690000Z,14.14
320,20181229T023845Z,1J.TI4A.,"['CH1', 'CH2', 'CHZ']",2018-12-29T02:38:45.210000Z,14.14
321,20181229T023845Z,1J.TI3A.,"['CH1', 'CH2', 'CHZ']",2018-12-29T02:38:45.210000Z,14.14
322,20181229T023845Z,1J.TI1A.,"['CH1', 'CH2', 'CHZ']",2018-12-29T02:38:45.210000Z,14.14
323,20181229T023929Z,1J.TI3A.,"['CH1', 'CH2', 'CHZ']",2018-12-29T02:39:29.510000Z,17.2
324,20181229T023929Z,1J.TI6A.,"['CH1', 'CH2', 'CHZ']",2018-12-29T02:39:29.510000Z,17.2
325,20181229T023929Z,1J.TI7A.,"['CH1', 'CH2', 'CHZ']",2018-12-29T02:39:29.510000Z,17.2
326,20181229T024030Z,1J.TI4A.,"['CH1', 'CH2', 'CHZ']",2018-12-29T02:40:30.810000Z,14.14
327,20181229T024030Z,1J.TI3A.,"['CH1', 'CH2', 'CHZ']",2018-12-29T02:40:30.810000Z,14.14
328,20181229T024030Z,1J.TI1A.,"['CH1', 'CH2', 'CHZ']",2018-12-29T02:40:30.810000Z,14.14
329,20181229T024129Z,1J.TI4A.,"['CH1', 'CH2', 'CHZ']",2018-12-29T02:41:29.250000Z,14.14
330,20181229T024129Z,1J.TI3A.,"['CH1', 'CH2', 'CHZ']",2018-12-29T02:41:29.250000Z,14.14
331,20181229T024129Z,1J.TI1A.,"['CH1', 'CH2', 'CHZ']",2018-12-29T02:41:29.250000Z,14.14
332,20181229T024227Z,1J.TI4A.,"['CH1', 'CH2', 'CHZ']",2018-12-29T02:42:27.260000Z,14.14
333,20181229T024227Z,1J.TI3A.,"['CH1', 'CH2', 'CHZ']",2018-12-29T02:42:27.260000Z,14.14
334,20181229T024227Z,1J.TI1A.,"['CH1', 'CH2', 'CHZ']",2018-12-29T02:42:27.260000Z,14.14
335,20181229T024455Z,1J.TI4A.,"['CH1', 'CH2', 'CHZ']",2018-12-29T02:44:55.350000Z,14.14
336,20181229T024455Z,1J.TI3A.,"['CH1', 'CH2', 'CHZ']",2018-12-29T02:44:55.350000Z,14.14
337,20181229T024455Z,1J.TI1A.,"['CH1', 'CH2', 'CHZ']",2018-12-29T02:44:55.350000Z,14.14
338,20181229T024603Z,1J.TI3A.,"['CH1', 'CH2', 'CHZ']",2018-12-29T02:46:03.640000Z,2.13
339,20181229T024648Z,1J.TI4A.,"['CH1', 'CH2', 'CHZ']",2018-12-29T02:46:48.180000Z,14.14
340,20181229T024648Z,1J.TI3A.,"['CH1', 'CH2', 'CHZ']",2018-12-29T02:46:48.180000Z,14.14
341,20181229T024648Z,1J.TI1A.,"['CH1', 'CH2', 'CHZ']",2018-12-29T02:46:48.180000Z,14.14
342,20181229T024756Z,1J.TI4A.,"['CH1', 'CH2', 'CHZ']",2018-12-29T02:47:56.220000Z,24.15
343,20181229T024756Z,1J.TI3A.,"['CH1', 'CH2', 'CHZ']",2018-12-29T02:47:56.220000Z,24.15
344,20181229T024756Z,1J.TI8A.,"['CH1', 'CH2', 'CHZ']",2018-12-29T02:47:56.220000Z,24.15
345,20181229T024756Z,1J.TI6A.,"['CH1', 'CH2', 'CHZ']",2018-12-29T02:47:56.220000Z,24.15
346,20181229T024756Z,1J.TI1A.,"['CH1', 'CH2', 'CHZ']",2018-12-29T02:47:56.220000Z,24.15
347,20181229T025241Z,1J.TI3A.,"['CH1', 'CH2', 'CHZ']",2018-12-29T02:52:41.710000Z,17.2
348,20181229T025241Z,1J.TI6A.,"['CH1', 'CH2', 'CHZ']",2018-12-29T02:52:41.710000Z,17.2
349,20181229T025241Z,1J.TI7A.,"['CH1', 'CH2', 'CHZ']",2018-12-29T02:52:41.710000Z,17.2
350,20181229T025751Z,1J.TI4A.,"['CH1', 'CH2', 'CHZ']",2018-12-29T02:57:51.190000Z,24.98
351,20181229T025751Z,1J.TI3A.,"['CH1', 'CH2', 'CHZ']",2018-12-29T02:57:51.190000Z,24.98
352,20181229T025751Z,1J.TI8A.,"['CH1', 'CH2', 'CHZ']",2018-12-29T02:57:51.190000Z,24.98
353,20181229T025751Z,1J.TI6A.,"['CH1', 'CH2', 'CHZ']",2018-12-29T02:57:51.190000Z,24.98
354,20181229T025751Z,1J.TI1A.,"['CH1', 'CH2', 'CHZ']",2018-12-29T02:57:51.190000Z,24.98
355,20181229T030619Z,1J.TI3A.,"['CH1', 'CH2', 'CHZ']",2018-12-29T03:06:19.380000Z,17.2
356,20181229T030619Z,1J.TI6A.,"['CH1', 'CH2', 'CHZ']",2018-12-29T03:06:19.380000Z,17.2
357,20181229T030619Z,1J.TI7A.,"['CH1', 'CH2', 'CHZ']",2018-12-29T03:06:19.380000Z,17.2
358,20181229T031633Z,1J.TI4A.,"['CH1', 'CH2', 'CHZ']",2018-12-29T03:16:33.990000Z,24.15
359,20181229T031633Z,1J.TI3A.,"['CH1', 'CH2', 'CHZ']",2018-12-29T03:16:33.990000Z,24.15
360,20181229T031633Z,1J.TI8A.,"['CH1', 'CH2', 'CHZ']",2018-12-29T03:16:33.990000Z,24.15
361,20181229T031633Z,1J.TI6A.,"['CH1', 'CH2', 'CHZ']",2018-12-29T03:16:33.990000Z,24.15
362,20181229T031633Z,1J.TI1A.,"['CH1', 'CH2', 'CHZ']",2018-12-29T03:16:33.990000Z,24.15
363,20181229T031811Z,1J.TI3A.,"['CH1', 'CH2', 'CHZ']",2018-12-29T03:18:11.860000Z,2.13
364,20181229T031940Z,1J.TI3A.,"['CH1', 'CH2', 'CHZ']",2018-12-29T03:19:40.570000Z,17.2
365,20181229T031940Z,1J.TI6A.,"['CH1', 'CH2', 'CHZ']",2018-12-29T03:19:40.570000Z,17.2
366,20181229T031940Z,1J.TI7A.,"['CH1', 'CH2', 'CHZ']",2018-12-29T03:19:40.570000Z,17.2
367,20181229T032124Z,1J.TI3A.,"['CH1', 'CH2', 'CHZ']",2018-12-29T03:21:24.470000Z,3.78
368,20181229T033158Z,1J.TI3A.,"['CH1', 'CH2', 'CHZ']",2018-12-29T03:31:58.240000Z,17.2
369,20181229T033158Z,1J.TI6A.,"['CH1', 'CH2', 'CHZ']",2018-12-29T03:31:58.240000Z,17.2
370,20181229T033158Z,1J.TI7A.,"['CH1', 'CH2', 'CHZ']",2018-12-29T03:31:58.240000Z,17.2
371,20181229T033331Z,1J.TI8A.,"['CH1', 'CH2', 'CHZ']",2018-12-29T03:33:31.310000Z,20.43
372,20181229T033931Z,1J.TI3A.,"['CH1', 'CH2', 'CHZ']",2018-12-29T03:39:31.470000Z,3.78
373,20181229T035036Z,1J.TI3A.,"['CH1', 'CH2', 'CHZ']",2018-12-29T03:50:36.300000Z,27.17
374,20181229T035036Z,1J.TI8A.,"['CH1', 'CH2', 'CHZ']",2018-12-29T03:50:36.300000Z,27.17
375,20181229T035036Z,1J.TI6A.,"['CH1', 'CH2', 'CHZ']",2018-12-29T03:50:36.300000Z,27.17
376,20181229T035036Z,1J.TI1A.,"['CH1', 'CH2', 'CHZ']",2018-12-29T03:50:36.300000Z,27.17
377,20181229T035352Z,1J.TI3A.,"['CH1', 'CH2', 'CHZ']",2018-12-29T03:53:52.340000Z,3.78
378,20181229T035710Z,1J.TI3A.,"['CH1', 'CH2', 'CHZ']",2018-12-29T03:57:10.990000Z,27.17
379,20181229T035710Z,1J.TI8A.,"['CH1', 'CH2', 'CHZ']",2018-12-29T03:57:10.990000Z,27.17
380,20181229T035710Z,1J.TI6A.,"['CH1', 'CH2', 'CHZ']",2018-12-29T03:57:10.990000Z,27.17
381,20181229T035710Z,1J.TI1A.,"['CH1', 'CH2', 'CHZ']",2018-12-29T03:57:10.990000Z,27.17
382,20181229T040429Z,1J.TI4A.,"['CH1', 'CH2', 'CHZ']",2018-12-29T04:04:29.540000Z,24.98
383,20181229T040429Z,1J.TI3A.,"['CH1', 'CH2', 'CHZ']",2018-12-29T04:04:29.540000Z,24.98
384,20181229T040429Z,1J.TI8A.,"['CH1', 'CH2', 'CHZ']",2018-12-29T04:04:29.540000Z,24.98
385,20181229T040429Z,1J.TI6A.,"['CH1', 'CH2', 'CHZ']",2018-12-29T04:04:29.540000Z,24.98
386,20181229T040429Z,1J.TI1A.,"['CH1', 'CH2', 'CHZ']",2018-12-29T04:04:29.540000Z,24.98
387,20181229T040955Z,1J.TI3A.,"['CH1', 'CH2', 'CHZ']",2018-12-29T04:09:55.280000Z,17.2
388,20181229T040955Z,1J.TI6A.,"['CH1', 'CH2', 'CHZ']",2018-12-29T04:09:55.280000Z,17.2
389,20181229T040955Z,1J.TI7A.,"['CH1', 'CH2', 'CHZ']",2018-12-29T04:09:55.280000Z,17.2
390,20181229T041232Z,1J.TI3A.,"['CH1', 'CH2', 'CHZ']",2018-12-29T04:12:32.550000Z,20.75
391,20181229T041232Z,1J.TI8A.,"['CH1', 'CH2', 'CHZ']",2018-12-29T04:12:32.550000Z,20.75
392,20181229T041232Z,1J.TI6A.,"['CH1', 'CH2', 'CHZ']",2018-12-29T04:12:32.550000Z,20.75
393,20181229T041635Z,1J.TI3A.,"['CH1', 'CH2', 'CHZ']",2018-12-29T04:16:35.600000Z,3.78
394,20181229T042243Z,1J.TI3A.,"['CH1', 'CH2', 'CHZ']",2018-12-29T04:22:43.920000Z,17.2
395,20181229T042243Z,1J.TI6A.,"['CH1', 'CH2', 'CHZ']",2018-12-29T04:22:43.920000Z,17.2
396,20181229T042243Z,1J.TI7A.,"['CH1', 'CH2', 'CHZ']",2018-12-29T04:22:43.920000Z,17.2
397,20181229T042526Z,1J.TI4A.,"['CH1', 'CH2', 'CHZ']",2018-12-29T04:25:26.810000Z,14.14
398,20181229T042526Z,1J.TI3A.,"['CH1', 'CH2', 'CHZ']",2018-12-29T04:25:26.810000Z,14.14
399,20181229T042526Z,1J.TI1A.,"['CH1', 'CH2', 'CHZ']",2018-12-29T04:25:26.810000Z,14.14
400,20181229T042954Z,1J.TI4A.,"['CH1', 'CH2', 'CHZ']",2018-12-29T04:29:54.700000Z,14.14
401,20181229T042954Z,1J.TI3A.,"['CH1', 'CH2', 'CHZ']",2018-12-29T04:29:54.700000Z,14.14
402,20181229T042954Z,1J.TI1A.,"['CH1', 'CH2', 'CHZ']",2018-12-29T04:29:54.700000Z,14.14
403,20181229T043547Z,1J.TI3A.,"['CH1', 'CH2', 'CHZ']",2018-12-29T04:35:47.420000Z,17.2
404,20181229T043547Z,1J.TI6A.,"['CH1', 'CH2', 'CHZ']",2018-12-29T04:35:47.420000Z,17.2
405,20181229T043547Z,1J.TI7A.,"['CH1', 'CH2', 'CHZ']",2018-12-29T04:35:47.420000Z,17.2
406,20181229T044133Z,1J.TI4A.,"['CH1', 'CH2', 'CHZ']",2018-12-29T04:41:33.690000Z,24.15
407,20181229T044133Z,1J.TI3A.,"['CH1', 'CH2', 'CHZ']",2018-12-29T04:41:33.690000Z,24.15
408,20181229T044133Z,1J.TI8A.,"['CH1', 'CH2', 'CHZ']",2018-12-29T04:41:33.690000Z,24.15
409,20181229T044133Z,1J.TI6A.,"['CH1', 'CH2', 'CHZ']",2018-12-29T04:41:33.690000Z,24.15
410,20181229T044133Z,1J.TI1A.,"['CH1', 'CH2', 'CHZ']",2018-12-29T04:41:33.690000Z,24.15
411,20181229T045359Z,1J.TI3A.,"['CH1', 'CH2', 'CHZ']",2018-12-29T04:53:59.280000Z,3.78
412,20181229T045826Z,1J.TI4A.,"['CH1', 'CH2', 'CHZ']",2018-12-29T04:58:26.730000Z,14.14
413,20181229T045826Z,1J.TI3A.,"['CH1', 'CH2', 'CHZ']",2018-12-29T04:58:26.730000Z,14.14
414,20181229T045826Z,1J.TI1A.,"['CH1', 'CH2', 'CHZ']",2018-12-29T04:58:26.730000Z,14.14
415,20181229T050103Z,1J.TI3A.,"['CH1', 'CH2', 'CHZ']",2018-12-29T05:01:03.210000Z,23.96
416,20181229T050103Z,1J.TI8A.,"['CH1', 'CH2', 'CHZ']",2018-12-29T05:01:03.210000Z,23.96
417,20181229T050146Z,1J.TI3A.,"['CH1', 'CH2', 'CHZ']",2018-12-29T05:01:46.130000Z,17.2
418,20181229T050146Z,1J.TI6A.,"['CH1', 'CH2', 'CHZ']",2018-12-29T05:01:46.130000Z,17.2
419,20181229T050146Z,1J.TI7A.,"['CH1', 'CH2', 'CHZ']",2018-12-29T05:01:46.130000Z,17.2
420,20181229T050637Z,1J.TI3A.,"['CH1', 'CH2', 'CHZ']",2018-12-29T05:06:37.020000Z,22.89
421,20181229T050637Z,1J.TI8A.,"['CH1', 'CH2', 'CHZ']",2018-12-29T05:06:37.020000Z,22.89
422,20181229T050637Z,1J.TI6A.,"['CH1', 'CH2', 'CHZ']",2018-12-29T05:06:37.020000Z,22.89
423,20181229T050816Z,1J.TI4A.,"['CH1', 'CH2', 'CHZ']",2018-12-29T05:08:16.580000Z,24.98
424,20181229T050816Z,1J.TI3A.,"['CH1', 'CH2', 'CHZ']",2018-12-29T05:08:16.580000Z,24.98
425,20181229T050816Z,1J.TI8A.,"['CH1', 'CH2', 'CHZ']",2018-12-29T05:08:16.580000Z,24.98
426,20181229T050816Z,1J.TI6A.,"['CH1', 'CH2', 'CHZ']",2018-12-29T05:08:16.580000Z,24.98
427,20181229T050816Z,1J.TI1A.,"['CH1', 'CH2', 'CHZ']",2018-12-29T05:08:16.580000Z,24.98
428,20181229T050950Z,1J.TI4A.,"['CH1', 'CH2', 'CHZ']",2018-12-29T05:09:50.990000Z,24.15
429,20181229T050950Z,1J.TI3A.,"['CH1', 'CH2', 'CHZ']",2018-12-29T05:09:50.990000Z,24.15
430,20181229T050950Z,1J.TI8A.,"['CH1', 'CH2', 'CHZ']",2018-12-29T05:09:50.990000Z,24.15
431,20181229T050950Z,1J.TI6A.,"['CH1', 'CH2', 'CHZ']",2018-12-29T05:09:50.990000Z,24.15
432,20181229T050950Z,1J.TI1A.,"['CH1', 'CH2', 'CHZ']",2018-12-29T05:09:50.990000Z,24.15
433,20181229T051345Z,1J.TI3A.,"['CH1', 'CH2', 'CHZ']",2018-12-29T05:13:45.690000Z,17.2
434,20181229T051345Z,1J.TI6A.,"['CH1', 'CH2', 'CHZ']",2018-12-29T05:13:45.690000Z,17.2
435,20181229T051345Z,1J.TI7A.,"['CH1', 'CH2', 'CHZ']",2018-12-29T05:13:45.690000Z,17.2
436,20181229T051650Z,1J.TI3A.,"['CH1', 'CH2', 'CHZ']",2018-12-29T05:16:50.330000Z,12.22
437,20181229T052433Z,1J.TI3A.,"['CH1', 'CH2', 'CHZ']",2018-12-29T05:24:33.950000Z,3.78
438,20181229T052555Z,1J.TI3A.,"['CH1', 'CH2', 'CHZ']",2018-12-29T05:25:55.570000Z,2.13
439,20181229T052856Z,1J.TI4A.,"['CH1', 'CH2', 'CHZ']",2018-12-29T05:28:56.690000Z,14.14
440,20181229T052856Z,1J.TI3A.,"['CH1', 'CH2', 'CHZ']",2018-12-29T05:28:56.690000Z,14.14
441,20181229T052856Z,1J.TI1A.,"['CH1', 'CH2', 'CHZ']",2018-12-29T05:28:56.690000Z,14.14
442,20181229T053815Z,1J.TI3A.,"['CH1', 'CH2', 'CHZ']",2018-12-29T05:38:15.700000Z,22.89
443,20181229T053815Z,1J.TI8A.,"['CH1', 'CH2', 'CHZ']",2018-12-29T05:38:15.700000Z,22.89
444,20181229T053815Z,1J.TI6A.,"['CH1', 'CH2', 'CHZ']",2018-12-29T05:38:15.700000Z,22.89
445,20181229T053934Z,1J.TI3A.,"['CH1', 'CH2', 'CHZ']",2018-12-29T05:39:34.500000Z,3.78
446,20181229T054137Z,1J.TI4A.,"['CH1', 'CH2', 'CHZ']",2018-12-29T05:41:37.990000Z,55.77
447,20181229T054137Z,1J.TI3A.,"['CH1', 'CH2', 'CHZ']",2018-12-29T05:41:37.990000Z,55.77
448,20181229T054137Z,1J.TI8A.,"['CH1', 'CH2', 'CHZ']",2018-12-29T05:41:37.990000Z,55.77
449,20181229T054137Z,1J.TI6A.,"['CH1', 'CH2', 'CHZ']",2018-12-29T05:41:37.990000Z,55.77
450,20181229T054137Z,1J.TI1A.,"['CH1', 'CH2', 'CHZ']",2018-12-29T05:41:37.990000Z,55.77
451,20181229T054501Z,1J.TI4A.,"['CH1', 'CH2', 'CHZ']",2018-12-29T05:45:01.480000Z,24.48
452,20181229T054501Z,1J.TI3A.,"['CH1', 'CH2', 'CHZ']",2018-12-29T05:45:01.480000Z,24.48
453,20181229T054501Z,1J.TI8A.,"['CH1', 'CH2', 'CHZ']",2018-12-29T05:45:01.480000Z,24.48
454,20181229T054501Z,1J.TI6A.,"['CH1', 'CH2', 'CHZ']",2018-12-29T05:45:01.480000Z,24.48
455,20181229T054744Z,1J.TI4A.,"['CH1', 'CH2', 'CHZ']",2018-12-29T05:47:44.450000Z,14.14
456,20181229T054744Z,1J.TI3A.,"['CH1', 'CH2', 'CHZ']",2018-12-29T05:47:44.450000Z,14.14
457,20181229T054744Z,1J.TI1A.,"['CH1', 'CH2', 'CHZ']",2018-12-29T05:47:44.450000Z,14.14
458,20181229T054803Z,1J.TI3A.,"['CH1', 'CH2', 'CHZ']",2018-12-29T05:48:03.350000Z,27.17
459,20181229T054803Z,1J.TI8A.,"['CH1', 'CH2', 'CHZ']",2018-12-29T05:48:03.350000Z,27.17
460,20181229T054803Z,1J.TI6A.,"['CH1', 'CH2', 'CHZ']",2018-12-29T05:48:03.350000Z,27.17
461,20181229T054803Z,1J.TI1A.,"['CH1', 'CH2', 'CHZ']",2018-12-29T05:48:03.350000Z,27.17
462,20181229T055141Z,1J.TI3A.,"['CH1', 'CH2', 'CHZ']",2018-12-29T05:51:41.410000Z,17.2
463,20181229T055141Z,1J.TI6A.,"['CH1', 'CH2', 'CHZ']",2018-12-29T05:51:41.410000Z,17.2
464,20181229T055141Z,1J.TI7A.,"['CH1', 'CH2', 'CHZ']",2018-12-29T05:51:41.410000Z,17.2
465,20181229T055347Z,1J.TI3A.,"['CH1', 'CH2', 'CHZ']",2018-12-29T05:53:47.140000Z,3.78
466,20181229T060353Z,1J.TI3A.,"['CH1', 'CH2', 'CHZ']",2018-12-29T06:03:53.360000Z,17.2
467,20181229T060353Z,1J.TI6A.,"['CH1', 'CH2', 'CHZ']",2018-12-29T06:03:53.360000Z,17.2
468,20181229T060353Z,1J.TI7A.,"['CH1', 'CH2', 'CHZ']",2018-12-29T06:03:53.360000Z,17.2
469,20181229T060711Z,1J.TI3A.,"['CH1', 'CH2', 'CHZ']",2018-12-29T06:07:11.480000Z,27.17
470,20181229T060711Z,1J.TI8A.,"['CH1', 'CH2', 'CHZ']",2018-12-29T06:07:11.480000Z,27.17
471,20181229T060711Z,1J.TI6A.,"['CH1', 'CH2', 'CHZ']",2018-12-29T06:07:11.480000Z,27.17
472,20181229T060711Z,1J.TI1A.,"['CH1', 'CH2', 'CHZ']",2018-12-29T06:07:11.480000Z,27.17
473,20181229T061139Z,1J.TI4A.,"['CH1', 'CH2', 'CHZ']",2018-12-29T06:11:39.800000Z,14.14
474,20181229T061139Z,1J.TI3A.,"['CH1', 'CH2', 'CHZ']",2018-12-29T06:11:39.800000Z,14.14
475,20181229T061139Z,1J.TI1A.,"['CH1', 'CH2', 'CHZ']",2018-12-29T06:11:39.800000Z,14.14
476,20181229T061243Z,1J.TI4A.,"['CH1', 'CH2', 'CHZ']",2018-12-29T06:12:43.820000Z,24.98
477,20181229T061243Z,1J.TI3A.,"['CH1', 'CH2', 'CHZ']",2018-12-29T06:12:43.820000Z,24.98
478,20181229T061243Z,1J.TI8A.,"['CH1', 'CH2', 'CHZ']",2018-12-29T06:12:43.820000Z,24.98
479,20181229T061243Z,1J.TI6A.,"['CH1', 'CH2', 'CHZ']",2018-12-29T06:12:43.820000Z,24.98
480,20181229T061243Z,1J.TI1A.,"['CH1', 'CH2', 'CHZ']",2018-12-29T06:12:43.820000Z,24.98
481,20181229T061657Z,1J.TI3A.,"['CH1', 'CH2', 'CHZ']",2018-12-29T06:16:57.090000Z,17.2
482,20181229T061657Z,1J.TI6A.,"['CH1', 'CH2', 'CHZ']",2018-12-29T06:16:57.090000Z,17.2
483,20181229T061657Z,1J.TI7A.,"['CH1', 'CH2', 'CHZ']",2018-12-29T06:16:57.090000Z,17.2
484,20181229T062153Z,1J.TI4A.,"['CH1', 'CH2', 'CHZ']",2018-12-29T06:21:53.620000Z,24.48
485,20181229T062153Z,1J.TI3A.,"['CH1', 'CH2', 'CHZ']",2018-12-29T06:21:53.620000Z,24.48
486,20181229T062153Z,1J.TI8A.,"['CH1', 'CH2', 'CHZ']",2018-12-29T06:21:53.620000Z,24.48
487,20181229T062153Z,1J.TI6A.,"['CH1', 'CH2', 'CHZ']",2018-12-29T06:21:53.620000Z,24.48
488,20181229T062853Z,1J.TI3A.,"['CH1', 'CH2', 'CHZ']",2018-12-29T06:28:53.830000Z,17.2
489,20181229T062853Z,1J.TI6A.,"['CH1', 'CH2', 'CHZ']",2018-12-29T06:28:53.830000Z,17.2
490,20181229T062853Z,1J.TI7A.,"['CH1', 'CH2', 'CHZ']",2018-12-29T06:28:53.830000Z,17.2
491,20181229T063010Z,1J.TI8A.,"['CH1', 'CH2', 'CHZ']",2018-12-29T06:30:10.690000Z,20.43
492,20181229T063509Z,1J.TI4A.,"['CH1', 'CH2', 'CHZ']",2018-12-29T06:35:09.230000Z,24.15
493,20181229T063509Z,1J.TI3A.,"['CH1', 'CH2', 'CHZ']",2018-12-29T06:35:09.230000Z,24.15
494,20181229T063509Z,1J.TI8A.,"['CH1', 'CH2', 'CHZ']",2018-12-29T06:35:09.230000Z,24.15
495,20181229T063509Z,1J.TI6A.,"['CH1', 'CH2', 'CHZ']",2018-12-29T06:35:09.230000Z,24.15
496,20181229T063509Z,1J.TI1A.,"['CH1', 'CH2', 'CHZ']",2018-12-29T06:35:09.230000Z,24.15
497,20181229T063711Z,1J.TI3A.,"['CH1', 'CH2', 'CHZ']",2018-12-29T06:37:11.760000Z,3.78
498,20181229T063932Z,1J.TI4A.,"['CH1', 'CH2', 'CHZ']",2018-12-29T06:39:32.480000Z,14.14
499,20181229T063932Z,1J.TI3A.,"['CH1', 'CH2', 'CHZ']",2018-12-29T06:39:32.480000Z,14.14
500,20181229T063932Z,1J.TI1A.,"['CH1', 'CH2', 'CHZ']",2018-12-29T06:39:32.480000Z,14.14
501,20181229T064142Z,1J.TI3A.,"['CH1', 'CH2', 'CHZ']",2018-12-29T06:41:42.940000Z,27.17
502,20181229T064142Z,1J.TI8A.,"['CH1', 'CH2', 'CHZ']",2018-12-29T06:41:42.940000Z,27.17
503,20181229T064142Z,1J.TI6A.,"['CH1', 'CH2', 'CHZ']",2018-12-29T06:41:42.940000Z,27.17
504,20181229T064142Z,1J.TI1A.,"['CH1', 'CH2', 'CHZ']",2018-12-29T06:41:42.940000Z,27.17
505,20181229T064908Z,1J.TI3A.,"['CH1', 'CH2', 'CHZ']",2018-12-29T06:49:08.130000Z,27.17
506,20181229T064908Z,1J.TI8A.,"['CH1', 'CH2', 'CHZ']",2018-12-29T06:49:08.130000Z,27.17
507,20181229T064908Z,1J.TI6A.,"['CH1', 'CH2', 'CHZ']",2018-12-29T06:49:08.130000Z,27.17
508,20181229T064908Z,1J.TI1A.,"['CH1', 'CH2', 'CHZ']",2018-12-29T06:49:08.130000Z,27.17
509,20181229T065603Z,1J.TI3A.,"['CH1', 'CH2', 'CHZ']",2018-12-29T06:56:03.390000Z,17.2
510,20181229T065603Z,1J.TI6A.,"['CH1', 'CH2', 'CHZ']",2018-12-29T06:56:03.390000Z,17.2
511,20181229T065603Z,1J.TI7A.,"['CH1', 'CH2', 'CHZ']",2018-12-29T06:56:03.390000Z,17.2
512,20181229T070413Z,1J.TI3A.,"['CH1', 'CH2', 'CHZ']",2018-12-29T07:04:13.470000Z,3.78
513,20181229T070758Z,1J.TI3A.,"['CH1', 'CH2', 'CHZ']",2018-12-29T07:07:58.330000Z,22.89
514,20181229T070758Z,1J.TI8A.,"['CH1', 'CH2', 'CHZ']",2018-12-29T07:07:58.330000Z,22.89
515,20181229T070758Z,1J.TI6A.,"['CH1', 'CH2', 'CHZ']",2018-12-29T07:07:58.330000Z,22.89
516,20181229T070914Z,1J.TI3A.,"['CH1', 'CH2', 'CHZ']",2018-12-29T07:09:14.790000Z,17.2
517,20181229T070914Z,1J.TI6A.,"['CH1', 'CH2', 'CHZ']",2018-12-29T07:09:14.790000Z,17.2
518,20181229T070914Z,1J.TI7A.,"['CH1', 'CH2', 'CHZ']",2018-12-29T07:09:14.790000Z,17.2
519,20181229T070935Z,1J.TI4A.,"['CH1', 'CH2', 'CHZ']",2018-12-29T07:09:35.070000Z,24.48
520,20181229T070935Z,1J.TI3A.,"['CH1', 'CH2', 'CHZ']",2018-12-29T07:09:35.070000Z,24.48
521,20181229T070935Z,1J.TI8A.,"['CH1', 'CH2', 'CHZ']",2018-12-29T07:09:35.070000Z,24.48
522,20181229T070935Z,1J.TI6A.,"['CH1', 'CH2', 'CHZ']",2018-12-29T07:09:35.070000Z,24.48
523,20181229T071348Z,1J.TI4A.,"['CH1', 'CH2', 'CHZ']",2018-12-29T07:13:48.170000Z,24.98
524,20181229T071348Z,1J.TI3A.,"['CH1', 'CH2', 'CHZ']",2018-12-29T07:13:48.170000Z,24.98
525,20181229T071348Z,1J.TI8A.,"['CH1', 'CH2', 'CHZ']",2018-12-29T07:13:48.170000Z,24.98
526,20181229T071348Z,1J.TI6A.,"['CH1', 'CH2', 'CHZ']",2018-12-29T07:13:48.170000Z,24.98
527,20181229T071348Z,1J.TI1A.,"['CH1', 'CH2', 'CHZ']",2018-12-29T07:13:48.170000Z,24.98
528,20181229T071436Z,1J.TI4A.,"['CH1', 'CH2', 'CHZ']",2018-12-29T07:14:36.900000Z,24.48
529,20181229T071436Z,1J.TI3A.,"['CH1', 'CH2', 'CHZ']",2018-12-29T07:14:36.900000Z,24.48
530,20181229T071436Z,1J.TI8A.,"['CH1', 'CH2', 'CHZ']",2018-12-29T07:14:36.900000Z,24.48
531,20181229T071436Z,1J.TI6A.,"['CH1', 'CH2', 'CHZ']",2018-12-29T07:14:36.900000Z,24.48
532,20181229T071449Z,1J.TI3A.,"['CH1', 'CH2', 'CHZ']",2018-12-29T07:14:49.220000Z,23.07
533,20181229T071449Z,1J.TI8A.,"['CH1', 'CH2', 'CHZ']",2018-12-29T07:14:49.220000Z,23.07
534,20181229T071449Z,1J.TI6A.,"['CH1', 'CH2', 'CHZ']",2018-12-29T07:14:49.220000Z,23.07
535,20181229T071449Z,1J.TI1A.,"['CH1', 'CH2', 'CHZ']",2018-12-29T07:14:49.220000Z,23.07
536,20181229T071827Z,1J.TI3A.,"['CH1', 'CH2', 'CHZ']",2018-12-29T07:18:27.810000Z,27.17
537,20181229T071827Z,1J.TI8A.,"['CH1', 'CH2', 'CHZ']",2018-12-29T07:18:27.810000Z,27.17
538,20181229T071827Z,1J.TI6A.,"['CH1', 'CH2', 'CHZ']",2018-12-29T07:18:27.810000Z,27.17
539,20181229T071827Z,1J.TI1A.,"['CH1', 'CH2', 'CHZ']",2018-12-29T07:18:27.810000Z,27.17
540,20181229T071845Z,1J.TI4A.,"['CH1', 'CH2', 'CHZ']",2018-12-29T07:18:45.420000Z,24.15
541,20181229T071845Z,1J.TI3A.,"['CH1', 'CH2', 'CHZ']",2018-12-29T07:18:45.420000Z,24.15
542,20181229T071845Z,1J.TI8A.,"['CH1', 'CH2', 'CHZ']",2018-12-29T07:18:45.420000Z,24.15
543,20181229T071845Z,1J.TI6A.,"['CH1', 'CH2', 'CHZ']",2018-12-29T07:18:45.420000Z,24.15
544,20181229T071845Z,1J.TI1A.,"['CH1', 'CH2', 'CHZ']",2018-12-29T07:18:45.420000Z,24.15
545,20181229T072144Z,1J.TI3A.,"['CH1', 'CH2', 'CHZ']",2018-12-29T07:21:44.660000Z,17.2
546,20181229T072144Z,1J.TI6A.,"['CH1', 'CH2', 'CHZ']",2018-12-29T07:21:44.660000Z,17.2
547,20181229T072144Z,1J.TI7A.,"['CH1', 'CH2', 'CHZ']",2018-12-29T07:21:44.660000Z,17.2
548,20181229T072200Z,1J.TI3A.,"['CH1', 'CH2', 'CHZ']",2018-12-29T07:22:00.010000Z,27.17
549,20181229T072200Z,1J.TI8A.,"['CH1', 'CH2', 'CHZ']",2018-12-29T07:22:00.010000Z,27.17
550,20181229T072200Z,1J.TI6A.,"['CH1', 'CH2', 'CHZ']",2018-12-29T07:22:00.010000Z,27.17
551,20181229T072200Z,1J.TI1A.,"['CH1', 'CH2', 'CHZ']",2018-12-29T07:22:00.010000Z,27.17
552,20181229T072253Z,1J.TI4A.,"['CH1', 'CH2', 'CHZ']",2018-12-29T07:22:53.360000Z,24.15
553,20181229T072253Z,1J.TI3A.,"['CH1', 'CH2', 'CHZ']",2018-12-29T07:22:53.360000Z,24.15
554,20181229T072253Z,1J.TI8A.,"['CH1', 'CH2', 'CHZ']",2018-12-29T07:22:53.360000Z,24.15
555,20181229T072253Z,1J.TI6A.,"['CH1', 'CH2', 'CHZ']",2018-12-29T07:22:53.360000Z,24.15
556,20181229T072253Z,1J.TI1A.,"['CH1', 'CH2', 'CHZ']",2018-12-29T07:22:53.360000Z,24.15
557,20181229T073103Z,1J.TI3A.,"['CH1', 'CH2', 'CHZ']",2018-12-29T07:31:03.260000Z,3.78
558,20181229T073339Z,1J.TI3A.,"['CH1', 'CH2', 'CHZ']",2018-12-29T07:33:39.610000Z,17.2
559,20181229T073339Z,1J.TI6A.,"['CH1', 'CH2', 'CHZ']",2018-12-29T07:33:39.610000Z,17.2
560,20181229T073339Z,1J.TI7A.,"['CH1', 'CH2', 'CHZ']",2018-12-29T07:33:39.610000Z,17.2
561,20181229T074559Z,1J.TI3A.,"['CH1', 'CH2', 'CHZ']",2018-12-29T07:45:59.590000Z,17.2
562,20181229T074559Z,1J.TI6A.,"['CH1', 'CH2', 'CHZ']",2018-12-29T07:45:59.590000Z,17.2
563,20181229T074559Z,1J.TI7A.,"['CH1', 'CH2', 'CHZ']",2018-12-29T07:45:59.590000Z,17.2
564,20181229T074711Z,1J.TI8A.,"['CH1', 'CH2', 'CHZ']",2018-12-29T07:47:11.070000Z,20.43
565,20181229T074727Z,1J.TI3A.,"['CH1', 'CH2', 'CHZ']",2018-12-29T07:47:27.530000Z,3.78
566,20181229T075026Z,1J.TI6A.,"['CH1', 'CH2', 'CHZ']",2018-12-29T07:50:26.290000Z,4.81
567,20181229T075833Z,1J.TI3A.,"['CH1', 'CH2', 'CHZ']",2018-12-29T07:58:33.800000Z,17.2
568,20181229T075833Z,1J.TI6A.,"['CH1', 'CH2', 'CHZ']",2018-12-29T07:58:33.800000Z,17.2
569,20181229T075833Z,1J.TI7A.,"['CH1', 'CH2', 'CHZ']",2018-12-29T07:58:33.800000Z,17.2
570,20181229T080232Z,1J.TI3A.,"['CH1', 'CH2', 'CHZ']",2018-12-29T08:02:32.040000Z,22.89
571,20181229T080232Z,1J.TI8A.,"['CH1', 'CH2', 'CHZ']",2018-12-29T08:02:32.040000Z,22.89
572,20181229T080232Z,1J.TI6A.,"['CH1', 'CH2', 'CHZ']",2018-12-29T08:02:32.040000Z,22.89
573,20181229T080348Z,1J.TI4A.,"['CH1', 'CH2', 'CHZ']",2018-12-29T08:03:48.920000Z,24.15
574,20181229T080348Z,1J.TI3A.,"['CH1', 'CH2', 'CHZ']",2018-12-29T08:03:48.920000Z,24.15
575,20181229T080348Z,1J.TI8A.,"['CH1', 'CH2', 'CHZ']",2018-12-29T08:03:48.920000Z,24.15
576,20181229T080348Z,1J.TI6A.,"['CH1', 'CH2', 'CHZ']",2018-12-29T08:03:48.920000Z,24.15
577,20181229T080348Z,1J.TI1A.,"['CH1', 'CH2', 'CHZ']",2018-12-29T08:03:48.920000Z,24.15
578,20181229T081112Z,1J.TI3A.,"['CH1', 'CH2', 'CHZ']",2018-12-29T08:11:12.150000Z,17.2
579,20181229T081112Z,1J.TI6A.,"['CH1', 'CH2', 'CHZ']",2018-12-29T08:11:12.150000Z,17.2
580,20181229T081112Z,1J.TI7A.,"['CH1', 'CH2', 'CHZ']",2018-12-29T08:11:12.150000Z,17.2
581,20181229T081221Z,1J.TI3A.,"['CH1', 'CH2', 'CHZ']",2018-12-29T08:12:21.780000Z,12.22
582,20181229T082032Z,1J.TI4A.,"['CH1', 'CH2', 'CHZ']",2018-12-29T08:20:32.810000Z,24.98
583,20181229T082032Z,1J.TI3A.,"['CH1', 'CH2', 'CHZ']",2018-12-29T08:20:32.810000Z,24.98
584,20181229T082032Z,1J.TI8A.,"['CH1', 'CH2', 'CHZ']",2018-12-29T08:20:32.810000Z,24.98
585,20181229T082032Z,1J.TI6A.,"['CH1', 'CH2', 'CHZ']",2018-12-29T08:20:32.810000Z,24.98
586,20181229T082032Z,1J.TI1A.,"['CH1', 'CH2', 'CHZ']",2018-12-29T08:20:32.810000Z,24.98
587,20181229T083315Z,1J.TI4A.,"['CH1', 'CH2', 'CHZ']",2018-12-29T08:33:15.020000Z,55.77
588,20181229T083315Z,1J.TI3A.,"['CH1', 'CH2', 'CHZ']",2018-12-29T08:33:15.020000Z,55.77
589,20181229T083315Z,1J.TI8A.,"['CH1', 'CH2', 'CHZ']",2018-12-29T08:33:15.020000Z,55.77
590,20181229T083315Z,1J.TI6A.,"['CH1', 'CH2', 'CHZ']",2018-12-29T08:33:15.020000Z,55.77
591,20181229T083315Z,1J.TI1A.,"['CH1', 'CH2', 'CHZ']",2018-12-29T08:33:15.020000Z,55.77
592,20181229T083551Z,1J.TI3A.,"['CH1', 'CH2', 'CHZ']",2018-12-29T08:35:51.990000Z,17.2
593,20181229T083551Z,1J.TI6A.,"['CH1', 'CH2', 'CHZ']",2018-12-29T08:35:51.990000Z,17.2
594,20181229T083551Z,1J.TI7A.,"['CH1', 'CH2', 'CHZ']",2018-12-29T08:35:51.990000Z,17.2
595,20181229T084909Z,1J.TI3A.,"['CH1', 'CH2', 'CHZ']",2018-12-29T08:49:09.080000Z,22.89
596,20181229T084909Z,1J.TI8A.,"['CH1', 'CH2', 'CHZ']",2018-12-29T08:49:09.080000Z,22.89
597,20181229T084909Z,1J.TI6A.,"['CH1', 'CH2', 'CHZ']",2018-12-29T08:49:09.080000Z,22.89
598,20181229T085455Z,1J.TI3A.,"['CH1', 'CH2', 'CHZ']",2018-12-29T08:54:55.740000Z,3.78
599,20181229T090020Z,1J.TI4A.,"['CH1', 'CH2', 'CHZ']",2018-12-29T09:00:20.530000Z,14.14
600,20181229T090020Z,1J.TI3A.,"['CH1', 'CH2', 'CHZ']",2018-12-29T09:00:20.530000Z,14.14
601,20181229T090020Z,1J.TI1A.,"['CH1', 'CH2', 'CHZ']",2018-12-29T09:00:20.530000Z,14.14
602,20181229T090233Z,1J.TI3A.,"['CH1', 'CH2', 'CHZ']",2018-12-29T09:02:33.510000Z,2.13
603,20181229T090813Z,1J.TI3A.,"['CH1', 'CH2', 'CHZ']",2018-12-29T09:08:13.120000Z,23.07
604,20181229T090813Z,1J.TI8A.,"['CH1', 'CH2', 'CHZ']",2018-12-29T09:08:13.120000Z,23.07
605,20181229T090813Z,1J.TI6A.,"['CH1', 'CH2', 'CHZ']",2018-12-29T09:08:13.120000Z,23.07
606,20181229T090813Z,1J.TI1A.,"['CH1', 'CH2', 'CHZ']",2018-12-29T09:08:13.120000Z,23.07
607,20181229T091137Z,1J.TI4A.,"['CH1', 'CH2', 'CHZ']",2018-12-29T09:11:37.720000Z,24.98
608,20181229T091137Z,1J.TI3A.,"['CH1', 'CH2', 'CHZ']",2018-12-29T09:11:37.720000Z,24.98
609,20181229T091137Z,1J.TI8A.,"['CH1', 'CH2', 'CHZ']",2018-12-29T09:11:37.720000Z,24.98
610,20181229T091137Z,1J.TI6A.,"['CH1', 'CH2', 'CHZ']",2018-12-29T09:11:37.720000Z,24.98
611,20181229T091137Z,1J.TI1A.,"['CH1', 'CH2', 'CHZ']",2018-12-29T09:11:37.720000Z,24.98
612,20181229T091746Z,1J.TI4A.,"['CH1', 'CH2', 'CHZ']",2018-12-29T09:17:46.740000Z,24.15
613,20181229T091746Z,1J.TI3A.,"['CH1', 'CH2', 'CHZ']",2018-12-29T09:17:46.740000Z,24.15
614,20181229T091746Z,1J.TI8A.,"['CH1', 'CH2', 'CHZ']",2018-12-29T09:17:46.740000Z,24.15
615,20181229T091746Z,1J.TI6A.,"['CH1', 'CH2', 'CHZ']",2018-12-29T09:17:46.740000Z,24.15
616,20181229T091746Z,1J.TI1A.,"['CH1', 'CH2', 'CHZ']",2018-12-29T09:17:46.740000Z,24.15
617,20181229T091836Z,1J.TI3A.,"['CH1', 'CH2', 'CHZ']",2018-12-29T09:18:36.600000Z,17.2
618,20181229T091836Z,1J.TI6A.,"['CH1', 'CH2', 'CHZ']",2018-12-29T09:18:36.600000Z,17.2
619,20181229T091836Z,1J.TI7A.,"['CH1', 'CH2', 'CHZ']",2018-12-29T09:18:36.600000Z,17.2
620,20181229T092406Z,1J.TI3A.,"['CH1', 'CH2', 'CHZ']",2018-12-29T09:24:06.750000Z,3.78
621,20181229T092424Z,1J.TI3A.,"['CH1', 'CH2', 'CHZ']",2018-12-29T09:24:24.890000Z,27.17
622,20181229T092424Z,1J.TI8A.,"['CH1', 'CH2', 'CHZ']",2018-12-29T09:24:24.890000Z,27.17
623,20181229T092424Z,1J.TI6A.,"['CH1', 'CH2', 'CHZ']",2018-12-29T09:24:24.890000Z,27.17
624,20181229T092424Z,1J.TI1A.,"['CH1', 'CH2', 'CHZ']",2018-12-29T09:24:24.890000Z,27.17
625,20181229T092544Z,1J.TI4A.,"['CH1', 'CH2', 'CHZ']",2018-12-29T09:25:44.750000Z,14.14
626,20181229T092544Z,1J.TI3A.,"['CH1', 'CH2', 'CHZ']",2018-12-29T09:25:44.750000Z,14.14
627,20181229T092544Z,1J.TI1A.,"['CH1', 'CH2', 'CHZ']",2018-12-29T09:25:44.750000Z,14.14
628,20181229T093013Z,1J.TI3A.,"['CH1', 'CH2', 'CHZ']",2018-12-29T09:30:13.620000Z,17.2
629,20181229T093013Z,1J.TI6A.,"['CH1', 'CH2', 'CHZ']",2018-12-29T09:30:13.620000Z,17.2
630,20181229T093013Z,1J.TI7A.,"['CH1', 'CH2', 'CHZ']",2018-12-29T09:30:13.620000Z,17.2
631,20181229T093503Z,1J.TI3A.,"['CH1', 'CH2', 'CHZ']",2018-12-29T09:35:03.100000Z,3.78
632,20181229T094238Z,1J.TI3A.,"['CH1', 'CH2', 'CHZ']",2018-12-29T09:42:38.690000Z,17.2
633,20181229T094238Z,1J.TI6A.,"['CH1', 'CH2', 'CHZ']",2018-12-29T09:42:38.690000Z,17.2
634,20181229T094238Z,1J.TI7A.,"['CH1', 'CH2', 'CHZ']",2018-12-29T09:42:38.690000Z,17.2
635,20181229T094955Z,1J.TI3A.,"['CH1', 'CH2', 'CHZ']",2018-12-29T09:49:55.200000Z,2.13
636,20181229T095036Z,1J.TI4A.,"['CH1', 'CH2', 'CHZ']",2018-12-29T09:50:36.320000Z,24.15
637,20181229T095036Z,1J.TI3A.,"['CH1', 'CH2', 'CHZ']",2018-12-29T09:50:36.320000Z,24.15
638,20181229T095036Z,1J.TI8A.,"['CH1', 'CH2', 'CHZ']",2018-12-29T09:50:36.320000Z,24.15
639,20181229T095036Z,1J.TI6A.,"['CH1', 'CH2', 'CHZ']",2018-12-29T09:50:36.320000Z,24.15
640,20181229T095036Z,1J.TI1A.,"['CH1', 'CH2', 'CHZ']",2018-12-29T09:50:36.320000Z,24.15
641,20181229T095226Z,1J.TI3A.,"['CH1', 'CH2', 'CHZ']",2018-12-29T09:52:26.080000Z,2.13
642,20181229T095518Z,1J.TI3A.,"['CH1', 'CH2', 'CHZ']",2018-12-29T09:55:18.730000Z,17.2
643,20181229T095518Z,1J.TI6A.,"['CH1', 'CH2', 'CHZ']",2018-12-29T09:55:18.730000Z,17.2
644,20181229T095518Z,1J.TI7A.,"['CH1', 'CH2', 'CHZ']",2018-12-29T09:55:18.730000Z,17.2
645,20181229T095611Z,1J.TI3A.,"['CH1', 'CH2', 'CHZ']",2018-12-29T09:56:11.580000Z,27.17
646,20181229T095611Z,1J.TI8A.,"['CH1', 'CH2', 'CHZ']",2018-12-29T09:56:11.580000Z,27.17
647,20181229T095611Z,1J.TI6A.,"['CH1', 'CH2', 'CHZ']",2018-12-29T09:56:11.580000Z,27.17
648,20181229T095611Z,1J.TI1A.,"['CH1', 'CH2', 'CHZ']",2018-12-29T09:56:11.580000Z,27.17
649,20181229T095623Z,1J.TI4A.,"['CH1', 'CH2', 'CHZ']",2018-12-29T09:56:23.210000Z,24.48
650,20181229T095623Z,1J.TI3A.,"['CH1', 'CH2', 'CHZ']",2018-12-29T09:56:23.210000Z,24.48
651,20181229T095623Z,1J.TI8A.,"['CH1', 'CH2', 'CHZ']",2018-12-29T09:56:23.210000Z,24.48
652,20181229T095623Z,1J.TI6A.,"['CH1', 'CH2', 'CHZ']",2018-12-29T09:56:23.210000Z,24.48
653,20181229T100633Z,1J.TI3A.,"['CH1', 'CH2', 'CHZ']",2018-12-29T10:06:33.370000Z,2.13
654,20181229T100812Z,1J.TI3A.,"['CH1', 'CH2', 'CHZ']",2018-12-29T10:08:12.130000Z,17.2
655,20181229T100812Z,1J.TI6A.,"['CH1', 'CH2', 'CHZ']",2018-12-29T10:08:12.130000Z,17.2
656,20181229T100812Z,1J.TI7A.,"['CH1', 'CH2', 'CHZ']",2018-12-29T10:08:12.130000Z,17.2
657,20181229T101300Z,1J.TI3A.,"['CH1', 'CH2', 'CHZ']",2018-12-29T10:13:00.550000Z,20.75
658,20181229T101300Z,1J.TI8A.,"['CH1', 'CH2', 'CHZ']",2018-12-29T10:13:00.550000Z,20.75
659,20181229T101300Z,1J.TI6A.,"['CH1', 'CH2', 'CHZ']",2018-12-29T10:13:00.550000Z,20.75
660,20181229T102147Z,1J.TI3A.,"['CH1', 'CH2', 'CHZ']",2018-12-29T10:21:47.720000Z,27.17
661,20181229T102147Z,1J.TI8A.,"['CH1', 'CH2', 'CHZ']",2018-12-29T10:21:47.720000Z,27.17
662,20181229T102147Z,1J.TI6A.,"['CH1', 'CH2', 'CHZ']",2018-12-29T10:21:47.720000Z,27.17
663,20181229T102147Z,1J.TI1A.,"['CH1', 'CH2', 'CHZ']",2018-12-29T10:21:47.720000Z,27.17
664,20181229T102226Z,1J.TI3A.,"['CH1', 'CH2', 'CHZ']",2018-12-29T10:22:26.220000Z,23.96
665,20181229T102226Z,1J.TI8A.,"['CH1', 'CH2', 'CHZ']",2018-12-29T10:22:26.220000Z,23.96
666,20181229T102451Z,1J.TI3A.,"['CH1', 'CH2', 'CHZ']",2018-12-29T10:24:51.250000Z,3.78
667,20181229T102556Z,1J.TI3A.,"['CH1', 'CH2', 'CHZ']",2018-12-29T10:25:56.780000Z,17.2
668,20181229T102556Z,1J.TI6A.,"['CH1', 'CH2', 'CHZ']",2018-12-29T10:25:56.780000Z,17.2
669,20181229T102556Z,1J.TI7A.,"['CH1', 'CH2', 'CHZ']",2018-12-29T10:25:56.780000Z,17.2
670,20181229T103757Z,1J.TI3A.,"['CH1', 'CH2', 'CHZ']",2018-12-29T10:37:57.280000Z,17.2
671,20181229T103757Z,1J.TI6A.,"['CH1', 'CH2', 'CHZ']",2018-12-29T10:37:57.280000Z,17.2
672,20181229T103757Z,1J.TI7A.,"['CH1', 'CH2', 'CHZ']",2018-12-29T10:37:57.280000Z,17.2
673,20181229T103940Z,1J.TI4A.,"['CH1', 'CH2', 'CHZ']",2018-12-29T10:39:40.670000Z,14.14
674,20181229T103940Z,1J.TI3A.,"['CH1', 'CH2', 'CHZ']",2018-12-29T10:39:40.670000Z,14.14
675,20181229T103940Z,1J.TI1A.,"['CH1', 'CH2', 'CHZ']",2018-12-29T10:39:40.670000Z,14.14
676,20181229T104236Z,1J.TI4A.,"['CH1', 'CH2', 'CHZ']",2018-12-29T10:42:36.410000Z,24.15
677,20181229T104236Z,1J.TI3A.,"['CH1', 'CH2', 'CHZ']",2018-12-29T10:42:36.410000Z,24.15
678,20181229T104236Z,1J.TI8A.,"['CH1', 'CH2', 'CHZ']",2018-12-29T10:42:36.410000Z,24.15
679,20181229T104236Z,1J.TI6A.,"['CH1', 'CH2', 'CHZ']",2018-12-29T10:42:36.410000Z,24.15
680,20181229T104236Z,1J.TI1A.,"['CH1', 'CH2', 'CHZ']",2018-12-29T10:42:36.410000Z,24.15
681,20181229T104800Z,1J.TI4A.,"['CH1', 'CH2', 'CHZ']",2018-12-29T10:48:00.200000Z,14.14
682,20181229T104800Z,1J.TI3A.,"['CH1', 'CH2', 'CHZ']",2018-12-29T10:48:00.200000Z,14.14
683,20181229T104800Z,1J.TI1A.,"['CH1', 'CH2', 'CHZ']",2018-12-29T10:48:00.200000Z,14.14
684,20181229T105017Z,1J.TI3A.,"['CH1', 'CH2', 'CHZ']",2018-12-29T10:50:17.080000Z,2.13
685,20181229T105141Z,1J.TI3A.,"['CH1', 'CH2', 'CHZ']",2018-12-29T10:51:41.790000Z,17.2
686,20181229T105141Z,1J.TI6A.,"['CH1', 'CH2', 'CHZ']",2018-12-29T10:51:41.790000Z,17.2
687,20181229T105141Z,1J.TI7A.,"['CH1', 'CH2', 'CHZ']",2018-12-29T10:51:41.790000Z,17.2
688,20181229T105309Z,1J.TI3A.,"['CH1', 'CH2', 'CHZ']",2018-12-29T10:53:09.860000Z,22.89
689,20181229T105309Z,1J.TI8A.,"['CH1', 'CH2', 'CHZ']",2018-12-29T10:53:09.860000Z,22.89
690,20181229T105309Z,1J.TI6A.,"['CH1', 'CH2', 'CHZ']",2018-12-29T10:53:09.860000Z,22.89
691,20181229T105626Z,1J.TI3A.,"['CH1', 'CH2', 'CHZ']",2018-12-29T10:56:26.560000Z,27.17
692,20181229T105626Z,1J.TI8A.,"['CH1', 'CH2', 'CHZ']",2018-12-29T10:56:26.560000Z,27.17
693,20181229T105626Z,1J.TI6A.,"['CH1', 'CH2', 'CHZ']",2018-12-29T10:56:26.560000Z,27.17
694,20181229T105626Z,1J.TI1A.,"['CH1', 'CH2', 'CHZ']",2018-12-29T10:56:26.560000Z,27.17
695,20181229T105907Z,1J.TI4A.,"['CH1', 'CH2', 'CHZ']",2018-12-29T10:59:07.450000Z,14.14
696,20181229T105907Z,1J.TI3A.,"['CH1', 'CH2', 'CHZ']",2018-12-29T10:59:07.450000Z,14.14
697,20181229T105907Z,1J.TI1A.,"['CH1', 'CH2', 'CHZ']",2018-12-29T10:59:07.450000Z,14.14
698,20181229T110331Z,1J.TI3A.,"['CH1', 'CH2', 'CHZ']",2018-12-29T11:03:31.040000Z,17.2
699,20181229T110331Z,1J.TI6A.,"['CH1', 'CH2', 'CHZ']",2018-12-29T11:03:31.040000Z,17.2
700,20181229T110331Z,1J.TI7A.,"['CH1', 'CH2', 'CHZ']",2018-12-29T11:03:31.040000Z,17.2
701,20181229T110633Z,1J.TI3A.,"['CH1', 'CH2', 'CHZ']",2018-12-29T11:06:33.530000Z,23.07
702,20181229T110633Z,1J.TI8A.,"['CH1', 'CH2', 'CHZ']",2018-12-29T11:06:33.530000Z,23.07
703,20181229T110633Z,1J.TI6A.,"['CH1', 'CH2', 'CHZ']",2018-12-29T11:06:33.530000Z,23.07
704,20181229T110633Z,1J.TI1A.,"['CH1', 'CH2', 'CHZ']",2018-12-29T11:06:33.530000Z,23.07
705,20181229T111602Z,1J.TI3A.,"['CH1', 'CH2', 'CHZ']",2018-12-29T11:16:02.300000Z,17.2
706,20181229T111602Z,1J.TI6A.,"['CH1', 'CH2', 'CHZ']",2018-12-29T11:16:02.300000Z,17.2
707,20181229T111602Z,1J.TI7A.,"['CH1', 'CH2', 'CHZ']",2018-12-29T11:16:02.300000Z,17.2
708,20181229T111624Z,1J.TI3A.,"['CH1', 'CH2', 'CHZ']",2018-12-29T11:16:24.250000Z,2.13
709,20181229T111939Z,1J.TI3A.,"['CH1', 'CH2', 'CHZ']",2018-12-29T11:19:39.570000Z,23.96
710,20181229T111939Z,1J.TI8A.,"['CH1', 'CH2', 'CHZ']",2018-12-29T11:19:39.570000Z,23.96
711,20181229T112047Z,1J.TI8A.,"['CH1', 'CH2', 'CHZ']",2018-12-29T11:20:47.090000Z,20.43
712,20181229T112420Z,1J.TI3A.,"['CH1', 'CH2', 'CHZ']",2018-12-29T11:24:20.480000Z,15.92
713,20181229T112420Z,1J.TI8A.,"['CH1', 'CH2', 'CHZ']",2018-12-29T11:24:20.480000Z,15.92
714,20181229T112503Z,1J.TI4A.,"['CH1', 'CH2', 'CHZ']",2018-12-29T11:25:03.160000Z,24.15
715,20181229T112503Z,1J.TI3A.,"['CH1', 'CH2', 'CHZ']",2018-12-29T11:25:03.160000Z,24.15
716,20181229T112503Z,1J.TI8A.,"['CH1', 'CH2', 'CHZ']",2018-12-29T11:25:03.160000Z,24.15
717,20181229T112503Z,1J.TI6A.,"['CH1', 'CH2', 'CHZ']",2018-12-29T11:25:03.160000Z,24.15
718,20181229T112503Z,1J.TI1A.,"['CH1', 'CH2', 'CHZ']",2018-12-29T11:25:03.160000Z,24.15
719,20181229T112641Z,1J.TI4A.,"['CH1', 'CH2', 'CHZ']",2018-12-29T11:26:41.600000Z,24.98
720,20181229T112641Z,1J.TI3A.,"['CH1', 'CH2', 'CHZ']",2018-12-29T11:26:41.600000Z,24.98
721,20181229T112641Z,1J.TI8A.,"['CH1', 'CH2', 'CHZ']",2018-12-29T11:26:41.600000Z,24.98
722,20181229T112641Z,1J.TI6A.,"['CH1', 'CH2', 'CHZ']",2018-12-29T11:26:41.600000Z,24.98
723,20181229T112641Z,1J.TI1A.,"['CH1', 'CH2', 'CHZ']",2018-12-29T11:26:41.600000Z,24.98
724,20181229T112813Z,1J.TI3A.,"['CH1', 'CH2', 'CHZ']",2018-12-29T11:28:13.620000Z,17.2
725,20181229T112813Z,1J.TI6A.,"['CH1', 'CH2', 'CHZ']",2018-12-29T11:28:13.620000Z,17.2
726,20181229T112813Z,1J.TI7A.,"['CH1', 'CH2', 'CHZ']",2018-12-29T11:28:13.620000Z,17.2
727,20181229T112931Z,1J.TI4A.,"['CH1', 'CH2', 'CHZ']",2018-12-29T11:29:31.790000Z,24.48
728,20181229T112931Z,1J.TI3A.,"['CH1', 'CH2', 'CHZ']",2018-12-29T11:29:31.790000Z,24.48
729,20181229T112931Z,1J.TI8A.,"['CH1', 'CH2', 'CHZ']",2018-12-29T11:29:31.790000Z,24.48
730,20181229T112931Z,1J.TI6A.,"['CH1', 'CH2', 'CHZ']",2018-12-29T11:29:31.790000Z,24.48
731,20181229T113339Z,1J.TI3A.,"['CH1', 'CH2', 'CHZ']",2018-12-29T11:33:39.900000Z,27.17
732,20181229T113339Z,1J.TI8A.,"['CH1', 'CH2', 'CHZ']",2018-12-29T11:33:39.900000Z,27.17
733,20181229T113339Z,1J.TI6A.,"['CH1', 'CH2', 'CHZ']",2018-12-29T11:33:39.900000Z,27.17
734,20181229T113339Z,1J.TI1A.,"['CH1', 'CH2', 'CHZ']",2018-12-29T11:33:39.900000Z,27.17
735,20181229T114022Z,1J.TI3A.,"['CH1', 'CH2', 'CHZ']",2018-12-29T11:40:22.220000Z,17.2
736,20181229T114022Z,1J.TI6A.,"['CH1', 'CH2', 'CHZ']",2018-12-29T11:40:22.220000Z,17.2
737,20181229T114022Z,1J.TI7A.,"['CH1', 'CH2', 'CHZ']",2018-12-29T11:40:22.220000Z,17.2
738,20181229T114656Z,1J.TI3A.,"['CH1', 'CH2', 'CHZ']",2018-12-29T11:46:56.080000Z,3.78
739,20181229T114827Z,1J.TI4A.,"['CH1', 'CH2', 'CHZ']",2018-12-29T11:48:27.650000Z,14.14
740,20181229T114827Z,1J.TI3A.,"['CH1', 'CH2', 'CHZ']",2018-12-29T11:48:27.650000Z,14.14
741,20181229T114827Z,1J.TI1A.,"['CH1', 'CH2', 'CHZ']",2018-12-29T11:48:27.650000Z,14.14
742,20181229T115015Z,1J.TI3A.,"['CH1', 'CH2', 'CHZ']",2018-12-29T11:50:15.210000Z,3.78
743,20181229T115303Z,1J.TI3A.,"['CH1', 'CH2', 'CHZ']",2018-12-29T11:53:03.380000Z,17.2
744,20181229T115303Z,1J.TI6A.,"['CH1', 'CH2', 'CHZ']",2018-12-29T11:53:03.380000Z,17.2
745,20181229T115303Z,1J.TI7A.,"['CH1', 'CH2', 'CHZ']",2018-12-29T11:53:03.380000Z,17.2
746,20181229T115320Z,1J.TI3A.,"['CH1', 'CH2', 'CHZ']",2018-12-29T11:53:20.270000Z,22.89
747,20181229T115320Z,1J.TI8A.,"['CH1', 'CH2', 'CHZ']",2018-12-29T11:53:20.270000Z,22.89
748,20181229T115320Z,1J.TI6A.,"['CH1', 'CH2', 'CHZ']",2018-12-29T11:53:20.270000Z,22.89
749,20181229T115545Z,1J.TI3A.,"['CH1', 'CH2', 'CHZ']",2018-12-29T11:55:45.840000Z,27.17
750,20181229T115545Z,1J.TI8A.,"['CH1', 'CH2', 'CHZ']",2018-12-29T11:55:45.840000Z,27.17
751,20181229T115545Z,1J.TI6A.,"['CH1', 'CH2', 'CHZ']",2018-12-29T11:55:45.840000Z,27.17
752,20181229T115545Z,1J.TI1A.,"['CH1', 'CH2', 'CHZ']",2018-12-29T11:55:45.840000Z,27.17
753,20181229T115924Z,1J.TI3A.,"['CH1', 'CH2', 'CHZ']",2018-12-29T11:59:24.280000Z,27.17
754,20181229T115924Z,1J.TI8A.,"['CH1', 'CH2', 'CHZ']",2018-12-29T11:59:24.280000Z,27.17
755,20181229T115924Z,1J.TI6A.,"['CH1', 'CH2', 'CHZ']",2018-12-29T11:59:24.280000Z,27.17
756,20181229T115924Z,1J.TI1A.,"['CH1', 'CH2', 'CHZ']",2018-12-29T11:59:24.280000Z,27.17
757,20181229T115946Z,1J.TI4A.,"['CH1', 'CH2', 'CHZ']",2018-12-29T11:59:46.200000Z,55.77
758,20181229T115946Z,1J.TI3A.,"['CH1', 'CH2', 'CHZ']",2018-12-29T11:59:46.200000Z,55.77
759,20181229T115946Z,1J.TI8A.,"['CH1', 'CH2', 'CHZ']",2018-12-29T11:59:46.200000Z,55.77
760,20181229T115946Z,1J.TI6A.,"['CH1', 'CH2', 'CHZ']",2018-12-29T11:59:46.200000Z,55.77
761,20181229T115946Z,1J.TI1A.,"['CH1', 'CH2', 'CHZ']",2018-12-29T11:59:46.200000Z,55.77
762,20181229T120015Z,1J.TI3A.,"['CH1', 'CH2', 'CHZ']",2018-12-29T12:00:15.510000Z,2.13
763,20181229T120038Z,1J.TI4A.,"['CH1', 'CH2', 'CHZ']",2018-12-29T12:00:38.490000Z,55.77
764,20181229T120038Z,1J.TI3A.,"['CH1', 'CH2', 'CHZ']",2018-12-29T12:00:38.490000Z,55.77
765,20181229T120038Z,1J.TI8A.,"['CH1', 'CH2', 'CHZ']",2018-12-29T12:00:38.490000Z,55.77
766,20181229T120038Z,1J.TI6A.,"['CH1', 'CH2', 'CHZ']",2018-12-29T12:00:38.490000Z,55.77
767,20181229T120038Z,1J.TI1A.,"['CH1', 'CH2', 'CHZ']",2018-12-29T12:00:38.490000Z,55.77
768,20181229T120553Z,1J.TI3A.,"['CH1', 'CH2', 'CHZ']",2018-12-29T12:05:53.750000Z,17.2
769,20181229T120553Z,1J.TI6A.,"['CH1', 'CH2', 'CHZ']",2018-12-29T12:05:53.750000Z,17.2
770,20181229T120553Z,1J.TI7A.,"['CH1', 'CH2', 'CHZ']",2018-12-29T12:05:53.750000Z,17.2
771,20181229T122215Z,1J.TI3A.,"['CH1', 'CH2', 'CHZ']",2018-12-29T12:22:15.160000Z,17.2
772,20181229T122215Z,1J.TI6A.,"['CH1', 'CH2', 'CHZ']",2018-12-29T12:22:15.160000Z,17.2
773,20181229T122215Z,1J.TI7A.,"['CH1', 'CH2', 'CHZ']",2018-12-29T12:22:15.160000Z,17.2
774,20181229T122323Z,1J.TI4A.,"['CH1', 'CH2', 'CHZ']",2018-12-29T12:23:23.420000Z,24.15
775,20181229T122323Z,1J.TI3A.,"['CH1', 'CH2', 'CHZ']",2018-12-29T12:23:23.420000Z,24.15
776,20181229T122323Z,1J.TI8A.,"['CH1', 'CH2', 'CHZ']",2018-12-29T12:23:23.420000Z,24.15
777,20181229T122323Z,1J.TI6A.,"['CH1', 'CH2', 'CHZ']",2018-12-29T12:23:23.420000Z,24.15
778,20181229T122323Z,1J.TI1A.,"['CH1', 'CH2', 'CHZ']",2018-12-29T12:23:23.420000Z,24.15
779,20181229T122350Z,1J.TI4A.,"['CH1', 'CH2', 'CHZ']",2018-12-29T12:23:50.850000Z,14.14
780,20181229T122350Z,1J.TI3A.,"['CH1', 'CH2', 'CHZ']",2018-12-29T12:23:50.850000Z,14.14
781,20181229T122350Z,1J.TI1A.,"['CH1', 'CH2', 'CHZ']",2018-12-29T12:23:50.850000Z,14.14
782,20181229T123223Z,1J.TI4A.,"['CH1', 'CH2', 'CHZ']",2018-12-29T12:32:23.250000Z,24.98
783,20181229T123223Z,1J.TI3A.,"['CH1', 'CH2', 'CHZ']",2018-12-29T12:32:23.250000Z,24.98
784,20181229T123223Z,1J.TI8A.,"['CH1', 'CH2', 'CHZ']",2018-12-29T12:32:23.250000Z,24.98
785,20181229T123223Z,1J.TI6A.,"['CH1', 'CH2', 'CHZ']",2018-12-29T12:32:23.250000Z,24.98
786,20181229T123223Z,1J.TI1A.,"['CH1', 'CH2', 'CHZ']",2018-12-29T12:32:23.250000Z,24.98
787,20181229T123337Z,1J.TI3A.,"['CH1', 'CH2', 'CHZ']",2018-12-29T12:33:37.370000Z,23.96
788,20181229T123337Z,1J.TI8A.,"['CH1', 'CH2', 'CHZ']",2018-12-29T12:33:37.370000Z,23.96
789,20181229T123538Z,1J.TI3A.,"['CH1', 'CH2', 'CHZ']",2018-12-29T12:35:38.040000Z,17.2
790,20181229T123538Z,1J.TI6A.,"['CH1', 'CH2', 'CHZ']",2018-12-29T12:35:38.040000Z,17.2
791,20181229T123538Z,1J.TI7A.,"['CH1', 'CH2', 'CHZ']",2018-12-29T12:35:38.040000Z,17.2
792,20181229T123636Z,1J.TI3A.,"['CH1', 'CH2', 'CHZ']",2018-12-29T12:36:36.880000Z,27.17
793,20181229T123636Z,1J.TI8A.,"['CH1', 'CH2', 'CHZ']",2018-12-29T12:36:36.880000Z,27.17
794,20181229T123636Z,1J.TI6A.,"['CH1', 'CH2', 'CHZ']",2018-12-29T12:36:36.880000Z,27.17
795,20181229T123636Z,1J.TI1A.,"['CH1', 'CH2', 'CHZ']",2018-12-29T12:36:36.880000Z,27.17
796,20181229T124000Z,1J.TI3A.,"['CH1', 'CH2', 'CHZ']",2018-12-29T12:40:00.210000Z,3.78
797,20181229T124442Z,1J.TI3A.,"['CH1', 'CH2', 'CHZ']",2018-12-29T12:44:42.740000Z,22.89
798,20181229T124442Z,1J.TI8A.,"['CH1', 'CH2', 'CHZ']",2018-12-29T12:44:42.740000Z,22.89
799,20181229T124442Z,1J.TI6A.,"['CH1', 'CH2', 'CHZ']",2018-12-29T12:44:42.740000Z,22.89
800,20181229T124750Z,1J.TI4A.,"['CH1', 'CH2', 'CHZ']",2018-12-29T12:47:50.380000Z,14.14
801,20181229T124750Z,1J.TI3A.,"['CH1', 'CH2', 'CHZ']",2018-12-29T12:47:50.380000Z,14.14
802,20181229T124750Z,1J.TI1A.,"['CH1', 'CH2', 'CHZ']",2018-12-29T12:47:50.380000Z,14.14
803,20181229T124825Z,1J.TI3A.,"['CH1', 'CH2', 'CHZ']",2018-12-29T12:48:25.390000Z,17.2
804,20181229T124825Z,1J.TI6A.,"['CH1', 'CH2', 'CHZ']",2018-12-29T12:48:25.390000Z,17.2
805,20181229T124825Z,1J.TI7A.,"['CH1', 'CH2', 'CHZ']",2018-12-29T12:48:25.390000Z,17.2
806,20181229T125032Z,1J.TI4A.,"['CH1', 'CH2', 'CHZ']",2018-12-29T12:50:32.080000Z,24.15
807,20181229T125032Z,1J.TI3A.,"['CH1', 'CH2', 'CHZ']",2018-12-29T12:50:32.080000Z,24.15
808,20181229T125032Z,1J.TI8A.,"['CH1', 'CH2', 'CHZ']",2018-12-29T12:50:32.080000Z,24.15
809,20181229T125032Z,1J.TI6A.,"['CH1', 'CH2', 'CHZ']",2018-12-29T12:50:32.080000Z,24.15
810,20181229T125032Z,1J.TI1A.,"['CH1', 'CH2', 'CHZ']",2018-12-29T12:50:32.080000Z,24.15
811,20181229T125135Z,1J.TI3A.,"['CH1', 'CH2', 'CHZ']",2018-12-29T12:51:35.210000Z,3.78
812,20181229T125203Z,1J.TI3A.,"['CH1', 'CH2', 'CHZ']",2018-12-29T12:52:03.860000Z,12.22
813,20181229T125403Z,1J.TI4A.,"['CH1', 'CH2', 'CHZ']",2018-12-29T12:54:03.410000Z,14.14
814,20181229T125403Z,1J.TI3A.,"['CH1', 'CH2', 'CHZ']",2018-12-29T12:54:03.410000Z,14.14
815,20181229T125403Z,1J.TI1A.,"['CH1', 'CH2', 'CHZ']",2018-12-29T12:54:03.410000Z,14.14
816,20181229T125553Z,1J.TI3A.,"['CH1', 'CH2', 'CHZ']",2018-12-29T12:55:53.490000Z,3.78
817,20181229T125816Z,1J.TI4A.,"['CH1', 'CH2', 'CHZ']",2018-12-29T12:58:16.720000Z,14.14
818,20181229T125816Z,1J.TI3A.,"['CH1', 'CH2', 'CHZ']",2018-12-29T12:58:16.720000Z,14.14
819,20181229T125816Z,1J.TI1A.,"['CH1', 'CH2', 'CHZ']",2018-12-29T12:58:16.720000Z,14.14
820,20181229T130110Z,1J.TI3A.,"['CH1', 'CH2', 'CHZ']",2018-12-29T13:01:10.880000Z,17.2
821,20181229T130110Z,1J.TI6A.,"['CH1', 'CH2', 'CHZ']",2018-12-29T13:01:10.880000Z,17.2
822,20181229T130110Z,1J.TI7A.,"['CH1', 'CH2', 'CHZ']",2018-12-29T13:01:10.880000Z,17.2
823,20181229T130433Z,1J.TI3A.,"['CH1', 'CH2', 'CHZ']",2018-12-29T13:04:33.150000Z,23.07
824,20181229T130433Z,1J.TI8A.,"['CH1', 'CH2', 'CHZ']",2018-12-29T13:04:33.150000Z,23.07
825,20181229T130433Z,1J.TI6A.,"['CH1', 'CH2', 'CHZ']",2018-12-29T13:04:33.150000Z,23.07
826,20181229T130433Z,1J.TI1A.,"['CH1', 'CH2', 'CHZ']",2018-12-29T13:04:33.150000Z,23.07
827,20181229T131356Z,1J.TI3A.,"['CH1', 'CH2', 'CHZ']",2018-12-29T13:13:56.460000Z,17.2
828,20181229T131356Z,1J.TI6A.,"['CH1', 'CH2', 'CHZ']",2018-12-29T13:13:56.460000Z,17.2
829,20181229T131356Z,1J.TI7A.,"['CH1', 'CH2', 'CHZ']",2018-12-29T13:13:56.460000Z,17.2
830,20181229T132221Z,1J.TI4A.,"['CH1', 'CH2', 'CHZ']",2018-12-29T13:22:21.680000Z,14.14
831,20181229T132221Z,1J.TI3A.,"['CH1', 'CH2', 'CHZ']",2018-12-29T13:22:21.680000Z,14.14
832,20181229T132221Z,1J.TI1A.,"['CH1', 'CH2', 'CHZ']",2018-12-29T13:22:21.680000Z,14.14
833,20181229T132443Z,1J.TI4A.,"['CH1', 'CH2', 'CHZ']",2018-12-29T13:24:43.330000Z,24.15
834,20181229T132443Z,1J.TI3A.,"['CH1', 'CH2', 'CHZ']",2018-12-29T13:24:43.330000Z,24.15
835,20181229T132443Z,1J.TI8A.,"['CH1', 'CH2', 'CHZ']",2018-12-29T13:24:43.330000Z,24.15
836,20181229T132443Z,1J.TI6A.,"['CH1', 'CH2', 'CHZ']",2018-12-29T13:24:43.330000Z,24.15
837,20181229T132443Z,1J.TI1A.,"['CH1', 'CH2', 'CHZ']",2018-12-29T13:24:43.330000Z,24.15
838,20181229T132550Z,1J.TI3A.,"['CH1', 'CH2', 'CHZ']",2018-12-29T13:25:50.950000Z,17.2
839,20181229T132550Z,1J.TI6A.,"['CH1', 'CH2', 'CHZ']",2018-12-29T13:25:50.950000Z,17.2
840,20181229T132550Z,1J.TI7A.,"['CH1', 'CH2', 'CHZ']",2018-12-29T13:25:50.950000Z,17.2
841,20181229T132603Z,1J.TI3A.,"['CH1', 'CH2', 'CHZ']",2018-12-29T13:26:03.060000Z,12.22
842,20181229T132641Z,1J.TI3A.,"['CH1', 'CH2', 'CHZ']",2018-12-29T13:26:41.230000Z,27.17
843,20181229T132641Z,1J.TI8A.,"['CH1', 'CH2', 'CHZ']",2018-12-29T13:26:41.230000Z,27.17
844,20181229T132641Z,1J.TI6A.,"['CH1', 'CH2', 'CHZ']",2018-12-29T13:26:41.230000Z,27.17
845,20181229T132641Z,1J.TI1A.,"['CH1', 'CH2', 'CHZ']",2018-12-29T13:26:41.230000Z,27.17
846,20181229T132837Z,1J.TI3A.,"['CH1', 'CH2', 'CHZ']",2018-12-29T13:28:37.620000Z,2.13
847,20181229T132959Z,1J.TI4A.,"['CH1', 'CH2', 'CHZ']",2018-12-29T13:29:59.610000Z,14.14
848,20181229T132959Z,1J.TI3A.,"['CH1', 'CH2', 'CHZ']",2018-12-29T13:29:59.610000Z,14.14
849,20181229T132959Z,1J.TI1A.,"['CH1', 'CH2', 'CHZ']",2018-12-29T13:29:59.610000Z,14.14
850,20181229T133142Z,1J.TI4A.,"['CH1', 'CH2', 'CHZ']",2018-12-29T13:31:42.970000Z,14.14
851,20181229T133142Z,1J.TI3A.,"['CH1', 'CH2', 'CHZ']",2018-12-29T13:31:42.970000Z,14.14
852,20181229T133142Z,1J.TI1A.,"['CH1', 'CH2', 'CHZ']",2018-12-29T13:31:42.970000Z,14.14
853,20181229T133835Z,1J.TI3A.,"['CH1', 'CH2', 'CHZ']",2018-12-29T13:38:35.950000Z,17.2
854,20181229T133835Z,1J.TI6A.,"['CH1', 'CH2', 'CHZ']",2018-12-29T13:38:35.950000Z,17.2
855,20181229T133835Z,1J.TI7A.,"['CH1', 'CH2', 'CHZ']",2018-12-29T13:38:35.950000Z,17.2
856,20181229T134441Z,1J.TI4A.,"['CH1', 'CH2', 'CHZ']",2018-12-29T13:44:41.740000Z,55.77
857,20181229T134441Z,1J.TI3A.,"['CH1', 'CH2', 'CHZ']",2018-12-29T13:44:41.740000Z,55.77
858,20181229T134441Z,1J.TI8A.,"['CH1', 'CH2', 'CHZ']",2018-12-29T13:44:41.740000Z,55.77
859,20181229T134441Z,1J.TI6A.,"['CH1', 'CH2', 'CHZ']",2018-12-29T13:44:41.740000Z,55.77
860,20181229T134441Z,1J.TI1A.,"['CH1', 'CH2', 'CHZ']",2018-12-29T13:44:41.740000Z,55.77
861,20181229T135101Z,1J.TI3A.,"['CH1', 'CH2', 'CHZ']",2018-12-29T13:51:01.600000Z,17.2
862,20181229T135101Z,1J.TI6A.,"['CH1', 'CH2', 'CHZ']",2018-12-29T13:51:01.600000Z,17.2
863,20181229T135101Z,1J.TI7A.,"['CH1', 'CH2', 'CHZ']",2018-12-29T13:51:01.600000Z,17.2
864,20181229T135503Z,1J.TI4A.,"['CH1', 'CH2', 'CHZ']",2018-12-29T13:55:03.110000Z,14.14
865,20181229T135503Z,1J.TI3A.,"['CH1', 'CH2', 'CHZ']",2018-12-29T13:55:03.110000Z,14.14
866,20181229T135503Z,1J.TI1A.,"['CH1', 'CH2', 'CHZ']",2018-12-29T13:55:03.110000Z,14.14
867,20181229T140103Z,1J.TI4A.,"['CH1', 'CH2', 'CHZ']",2018-12-29T14:01:03.360000Z,14.14
868,20181229T140103Z,1J.TI3A.,"['CH1', 'CH2', 'CHZ']",2018-12-29T14:01:03.360000Z,14.14
869,20181229T140103Z,1J.TI1A.,"['CH1', 'CH2', 'CHZ']",2018-12-29T14:01:03.360000Z,14.14
870,20181229T140220Z,1J.TI4A.,"['CH1', 'CH2', 'CHZ']",2018-12-29T14:02:20.610000Z,14.14
871,20181229T140220Z,1J.TI3A.,"['CH1', 'CH2', 'CHZ']",2018-12-29T14:02:20.610000Z,14.14
872,20181229T140220Z,1J.TI1A.,"['CH1', 'CH2', 'CHZ']",2018-12-29T14:02:20.610000Z,14.14
873,20181229T140351Z,1J.TI3A.,"['CH1', 'CH2', 'CHZ']",2018-12-29T14:03:51.170000Z,17.2
874,20181229T140351Z,1J.TI6A.,"['CH1', 'CH2', 'CHZ']",2018-12-29T14:03:51.170000Z,17.2
875,20181229T140351Z,1J.TI7A.,"['CH1', 'CH2', 'CHZ']",2018-12-29T14:03:51.170000Z,17.2
876,20181229T140407Z,1J.TI4A.,"['CH1', 'CH2', 'CHZ']",2018-12-29T14:04:07.870000Z,14.14
877,20181229T140407Z,1J.TI3A.,"['CH1', 'CH2', 'CHZ']",2018-12-29T14:04:07.870000Z,14.14
878,20181229T140407Z,1J.TI1A.,"['CH1', 'CH2', 'CHZ']",2018-12-29T14:04:07.870000Z,14.14
879,20181229T140801Z,1J.TI4A.,"['CH1', 'CH2', 'CHZ']",2018-12-29T14:08:01.610000Z,14.14
880,20181229T140801Z,1J.TI3A.,"['CH1', 'CH2', 'CHZ']",2018-12-29T14:08:01.610000Z,14.14
881,20181229T140801Z,1J.TI1A.,"['CH1', 'CH2', 'CHZ']",2018-12-29T14:08:01.610000Z,14.14
882,20181229T141000Z,1J.TI4A.,"['CH1', 'CH2', 'CHZ']",2018-12-29T14:10:00.380000Z,14.14
883,20181229T141000Z,1J.TI3A.,"['CH1', 'CH2', 'CHZ']",2018-12-29T14:10:00.380000Z,14.14
884,20181229T141000Z,1J.TI1A.,"['CH1', 'CH2', 'CHZ']",2018-12-29T14:10:00.380000Z,14.14
885,20181229T141329Z,1J.TI4A.,"['CH1', 'CH2', 'CHZ']",2018-12-29T14:13:29.950000Z,14.14
886,20181229T141329Z,1J.TI3A.,"['CH1', 'CH2', 'CHZ']",2018-12-29T14:13:29.950000Z,14.14
887,20181229T141329Z,1J.TI1A.,"['CH1', 'CH2', 'CHZ']",2018-12-29T14:13:29.950000Z,14.14
888,20181229T141354Z,1J.TI4A.,"['CH1', 'CH2', 'CHZ']",2018-12-29T14:13:54.640000Z,14.14
889,20181229T141354Z,1J.TI3A.,"['CH1', 'CH2', 'CHZ']",2018-12-29T14:13:54.640000Z,14.14
890,20181229T141354Z,1J.TI1A.,"['CH1', 'CH2', 'CHZ']",2018-12-29T14:13:54.640000Z,14.14
891,20181229T141548Z,1J.TI4A.,"['CH1', 'CH2', 'CHZ']",2018-12-29T14:15:48.610000Z,14.14
892,20181229T141548Z,1J.TI3A.,"['CH1', 'CH2', 'CHZ']",2018-12-29T14:15:48.610000Z,14.14
893,20181229T141548Z,1J.TI1A.,"['CH1', 'CH2', 'CHZ']",2018-12-29T14:15:48.610000Z,14.14
894,20181229T141637Z,1J.TI3A.,"['CH1', 'CH2', 'CHZ']",2018-12-29T14:16:37.960000Z,17.2
895,20181229T141637Z,1J.TI6A.,"['CH1', 'CH2', 'CHZ']",2018-12-29T14:16:37.960000Z,17.2
896,20181229T141637Z,1J.TI7A.,"['CH1', 'CH2', 'CHZ']",2018-12-29T14:16:37.960000Z,17.2
897,20181229T141803Z,1J.TI4A.,"['CH1', 'CH2', 'CHZ']",2018-12-29T14:18:03.230000Z,14.14
898,20181229T141803Z,1J.TI3A.,"['CH1', 'CH2', 'CHZ']",2018-12-29T14:18:03.230000Z,14.14
899,20181229T141803Z,1J.TI1A.,"['CH1', 'CH2', 'CHZ']",2018-12-29T14:18:03.230000Z,14.14
900,20181229T141954Z,1J.TI4A.,"['CH1', 'CH2', 'CHZ']",2018-12-29T14:19:54.710000Z,14.14
901,20181229T141954Z,1J.TI3A.,"['CH1', 'CH2', 'CHZ']",2018-12-29T14:19:54.710000Z,14.14
902,20181229T141954Z,1J.TI1A.,"['CH1', 'CH2', 'CHZ']",2018-12-29T14:19:54.710000Z,14.14
903,20181229T142142Z,1J.TI8A.,"['CH1', 'CH2', 'CHZ']",2018-12-29T14:21:42.720000Z,20.43
904,20181229T142346Z,1J.TI4A.,"['CH1', 'CH2', 'CHZ']",2018-12-29T14:23:46.130000Z,55.77
905,20181229T142346Z,1J.TI3A.,"['CH1', 'CH2', 'CHZ']",2018-12-29T14:23:46.130000Z,55.77
906,20181229T142346Z,1J.TI8A.,"['CH1', 'CH2', 'CHZ']",2018-12-29T14:23:46.130000Z,55.77
907,20181229T142346Z,1J.TI6A.,"['CH1', 'CH2', 'CHZ']",2018-12-29T14:23:46.130000Z,55.77
908,20181229T142346Z,1J.TI1A.,"['CH1', 'CH2', 'CHZ']",2018-12-29T14:23:46.130000Z,55.77
909,20181229T142456Z,1J.TI4A.,"['CH1', 'CH2', 'CHZ']",2018-12-29T14:24:56.150000Z,14.14
910,20181229T142456Z,1J.TI3A.,"['CH1', 'CH2', 'CHZ']",2018-12-29T14:24:56.150000Z,14.14
911,20181229T142456Z,1J.TI1A.,"['CH1', 'CH2', 'CHZ']",2018-12-29T14:24:56.150000Z,14.14
912,20181229T142852Z,1J.TI3A.,"['CH1', 'CH2', 'CHZ']",2018-12-29T14:28:52.830000Z,17.2
913,20181229T142852Z,1J.TI6A.,"['CH1', 'CH2', 'CHZ']",2018-12-29T14:28:52.830000Z,17.2
914,20181229T142852Z,1J.TI7A.,"['CH1', 'CH2', 'CHZ']",2018-12-29T14:28:52.830000Z,17.2
915,20181229T143657Z,1J.TI4A.,"['CH1', 'CH2', 'CHZ']",2018-12-29T14:36:57.650000Z,14.14
916,20181229T143657Z,1J.TI3A.,"['CH1', 'CH2', 'CHZ']",2018-12-29T14:36:57.650000Z,14.14
917,20181229T143657Z,1J.TI1A.,"['CH1', 'CH2', 'CHZ']",2018-12-29T14:36:57.650000Z,14.14
918,20181229T143749Z,1J.TI3A.,"['CH1', 'CH2', 'CHZ']",2018-12-29T14:37:49.980000Z,22.89
919,20181229T143749Z,1J.TI8A.,"['CH1', 'CH2', 'CHZ']",2018-12-29T14:37:49.980000Z,22.89
920,20181229T143749Z,1J.TI6A.,"['CH1', 'CH2', 'CHZ']",2018-12-29T14:37:49.980000Z,22.89
921,20181229T144119Z,1J.TI4A.,"['CH1', 'CH2', 'CHZ']",2018-12-29T14:41:19.910000Z,14.14
922,20181229T144119Z,1J.TI3A.,"['CH1', 'CH2', 'CHZ']",2018-12-29T14:41:19.910000Z,14.14
923,20181229T144119Z,1J.TI1A.,"['CH1', 'CH2', 'CHZ']",2018-12-29T14:41:19.910000Z,14.14
924,20181229T144158Z,1J.TI3A.,"['CH1', 'CH2', 'CHZ']",2018-12-29T14:41:58.430000Z,17.2
925,20181229T144158Z,1J.TI6A.,"['CH1', 'CH2', 'CHZ']",2018-12-29T14:41:58.430000Z,17.2
926,20181229T144158Z,1J.TI7A.,"['CH1', 'CH2', 'CHZ']",2018-12-29T14:41:58.430000Z,17.2
927,20181229T144236Z,1J.TI4A.,"['CH1', 'CH2', 'CHZ']",2018-12-29T14:42:36.480000Z,24.48
928,20181229T144236Z,1J.TI3A.,"['CH1', 'CH2', 'CHZ']",2018-12-29T14:42:36.480000Z,24.48
929,20181229T144236Z,1J.TI8A.,"['CH1', 'CH2', 'CHZ']",2018-12-29T14:42:36.480000Z,24.48
930,20181229T144236Z,1J.TI6A.,"['CH1', 'CH2', 'CHZ']",2018-12-29T14:42:36.480000Z,24.48
931,20181229T144302Z,1J.TI4A.,"['CH1', 'CH2', 'CHZ']",2018-12-29T14:43:02.490000Z,14.14
932,20181229T144302Z,1J.TI3A.,"['CH1', 'CH2', 'CHZ']",2018-12-29T14:43:02.490000Z,14.14
933,20181229T144302Z,1J.TI1A.,"['CH1', 'CH2', 'CHZ']",2018-12-29T14:43:02.490000Z,14.14
934,20181229T144637Z,1J.TI4A.,"['CH1', 'CH2', 'CHZ']",2018-12-29T14:46:37.290000Z,14.14
935,20181229T144637Z,1J.TI3A.,"['CH1', 'CH2', 'CHZ']",2018-12-29T14:46:37.290000Z,14.14
936,20181229T144637Z,1J.TI1A.,"['CH1', 'CH2', 'CHZ']",2018-12-29T14:46:37.290000Z,14.14
937,20181229T144713Z,1J.TI4A.,"['CH1', 'CH2', 'CHZ']",2018-12-29T14:47:13.520000Z,24.15
938,20181229T144713Z,1J.TI3A.,"['CH1', 'CH2', 'CHZ']",2018-12-29T14:47:13.520000Z,24.15
939,20181229T144713Z,1J.TI8A.,"['CH1', 'CH2', 'CHZ']",2018-12-29T14:47:13.520000Z,24.15
940,20181229T144713Z,1J.TI6A.,"['CH1', 'CH2', 'CHZ']",2018-12-29T14:47:13.520000Z,24.15
941,20181229T144713Z,1J.TI1A.,"['CH1', 'CH2', 'CHZ']",2018-12-29T14:47:13.520000Z,24.15
942,20181229T145319Z,1J.TI3A.,"['CH1', 'CH2', 'CHZ']",2018-12-29T14:53:19.080000Z,3.78
943,20181229T145351Z,1J.TI3A.,"['CH1', 'CH2', 'CHZ']",2018-12-29T14:53:51.130000Z,17.2
944,20181229T145351Z,1J.TI6A.,"['CH1', 'CH2', 'CHZ']",2018-12-29T14:53:51.130000Z,17.2
945,20181229T145351Z,1J.TI7A.,"['CH1', 'CH2', 'CHZ']",2018-12-29T14:53:51.130000Z,17.2
946,20181229T150630Z,1J.TI3A.,"['CH1', 'CH2', 'CHZ']",2018-12-29T15:06:30.310000Z,17.2
947,20181229T150630Z,1J.TI6A.,"['CH1', 'CH2', 'CHZ']",2018-12-29T15:06:30.310000Z,17.2
948,20181229T150630Z,1J.TI7A.,"['CH1', 'CH2', 'CHZ']",2018-12-29T15:06:30.310000Z,17.2
949,20181229T150725Z,1J.TI3A.,"['CH1', 'CH2', 'CHZ']",2018-12-29T15:07:25.090000Z,3.78
950,20181229T150737Z,1J.TI4A.,"['CH1', 'CH2', 'CHZ']",2018-12-29T15:07:37.190000Z,24.15
951,20181229T150737Z,1J.TI3A.,"['CH1', 'CH2', 'CHZ']",2018-12-29T15:07:37.190000Z,24.15
952,20181229T150737Z,1J.TI8A.,"['CH1', 'CH2', 'CHZ']",2018-12-29T15:07:37.190000Z,24.15
953,20181229T150737Z,1J.TI6A.,"['CH1', 'CH2', 'CHZ']",2018-12-29T15:07:37.190000Z,24.15
954,20181229T150737Z,1J.TI1A.,"['CH1', 'CH2', 'CHZ']",2018-12-29T15:07:37.190000Z,24.15
955,20181229T151909Z,1J.TI3A.,"['CH1', 'CH2', 'CHZ']",2018-12-29T15:19:09.540000Z,17.2
956,20181229T151909Z,1J.TI6A.,"['CH1', 'CH2', 'CHZ']",2018-12-29T15:19:09.540000Z,17.2
957,20181229T151909Z,1J.TI7A.,"['CH1', 'CH2', 'CHZ']",2018-12-29T15:19:09.540000Z,17.2
958,20181229T152207Z,1J.TI3A.,"['CH1', 'CH2', 'CHZ']",2018-12-29T15:22:07.140000Z,3.78
959,20181229T153204Z,1J.TI3A.,"['CH1', 'CH2', 'CHZ']",2018-12-29T15:32:04.050000Z,17.2
960,20181229T153204Z,1J.TI6A.,"['CH1', 'CH2', 'CHZ']",2018-12-29T15:32:04.050000Z,17.2
961,20181229T153204Z,1J.TI7A.,"['CH1', 'CH2', 'CHZ']",2018-12-29T15:32:04.050000Z,17.2
962,20181229T153313Z,1J.TI3A.,"['CH1', 'CH2', 'CHZ']",2018-12-29T15:33:13.250000Z,23.96
963,20181229T153313Z,1J.TI8A.,"['CH1', 'CH2', 'CHZ']",2018-12-29T15:33:13.250000Z,23.96
964,20181229T154015Z,1J.TI4A.,"['CH1', 'CH2', 'CHZ']",2018-12-29T15:40:15.160000Z,55.77
965,20181229T154015Z,1J.TI3A.,"['CH1', 'CH2', 'CHZ']",2018-12-29T15:40:15.160000Z,55.77
966,20181229T154015Z,1J.TI8A.,"['CH1', 'CH2', 'CHZ']",2018-12-29T15:40:15.160000Z,55.77
967,20181229T154015Z,1J.TI6A.,"['CH1', 'CH2', 'CHZ']",2018-12-29T15:40:15.160000Z,55.77
968,20181229T154015Z,1J.TI1A.,"['CH1', 'CH2', 'CHZ']",2018-12-29T15:40:15.160000Z,55.77
969,20181229T154427Z,1J.TI3A.,"['CH1', 'CH2', 'CHZ']",2018-12-29T15:44:27.870000Z,17.2
970,20181229T154427Z,1J.TI6A.,"['CH1', 'CH2', 'CHZ']",2018-12-29T15:44:27.870000Z,17.2
971,20181229T154427Z,1J.TI7A.,"['CH1', 'CH2', 'CHZ']",2018-12-29T15:44:27.870000Z,17.2
972,20181229T154823Z,1J.TI3A.,"['CH1', 'CH2', 'CHZ']",2018-12-29T15:48:23.240000Z,3.78
973,20181229T154943Z,1J.TI3A.,"['CH1', 'CH2', 'CHZ']",2018-12-29T15:49:43.330000Z,23.07
974,20181229T154943Z,1J.TI8A.,"['CH1', 'CH2', 'CHZ']",2018-12-29T15:49:43.330000Z,23.07
975,20181229T154943Z,1J.TI6A.,"['CH1', 'CH2', 'CHZ']",2018-12-29T15:49:43.330000Z,23.07
976,20181229T154943Z,1J.TI1A.,"['CH1', 'CH2', 'CHZ']",2018-12-29T15:49:43.330000Z,23.07
977,20181229T155040Z,1J.TI3A.,"['CH1', 'CH2', 'CHZ']",2018-12-29T15:50:40.050000Z,27.17
978,20181229T155040Z,1J.TI8A.,"['CH1', 'CH2', 'CHZ']",2018-12-29T15:50:40.050000Z,27.17
979,20181229T155040Z,1J.TI6A.,"['CH1', 'CH2', 'CHZ']",2018-12-29T15:50:40.050000Z,27.17
980,20181229T155040Z,1J.TI1A.,"['CH1', 'CH2', 'CHZ']",2018-12-29T15:50:40.050000Z,27.17
981,20181229T155112Z,1J.TI3A.,"['CH1', 'CH2', 'CHZ']",2018-12-29T15:51:12.090000Z,23.07
982,20181229T155112Z,1J.TI8A.,"['CH1', 'CH2', 'CHZ']",2018-12-29T15:51:12.090000Z,23.07
983,20181229T155112Z,1J.TI6A.,"['CH1', 'CH2', 'CHZ']",2018-12-29T15:51:12.090000Z,23.07
984,20181229T155112Z,1J.TI1A.,"['CH1', 'CH2', 'CHZ']",2018-12-29T15:51:12.090000Z,23.07
985,20181229T155236Z,1J.TI3A.,"['CH1', 'CH2', 'CHZ']",2018-12-29T15:52:36.510000Z,3.78
986,20181229T160007Z,1J.TI3A.,"['CH1', 'CH2', 'CHZ']",2018-12-29T16:00:07.450000Z,23.96
987,20181229T160007Z,1J.TI8A.,"['CH1', 'CH2', 'CHZ']",2018-12-29T16:00:07.450000Z,23.96
988,20181229T160130Z,1J.TI3A.,"['CH1', 'CH2', 'CHZ']",2018-12-29T16:01:30.450000Z,2.13
989,20181229T160849Z,1J.TI3A.,"['CH1', 'CH2', 'CHZ']",2018-12-29T16:08:49.250000Z,17.2
990,20181229T160849Z,1J.TI6A.,"['CH1', 'CH2', 'CHZ']",2018-12-29T16:08:49.250000Z,17.2
991,20181229T160849Z,1J.TI7A.,"['CH1', 'CH2', 'CHZ']",2018-12-29T16:08:49.250000Z,17.2
992,20181229T161303Z,1J.TI3A.,"['CH1', 'CH2', 'CHZ']",2018-12-29T16:13:03.110000Z,27.17
993,20181229T161303Z,1J.TI8A.,"['CH1', 'CH2', 'CHZ']",2018-12-29T16:13:03.110000Z,27.17
994,20181229T161303Z,1J.TI6A.,"['CH1', 'CH2', 'CHZ']",2018-12-29T16:13:03.110000Z,27.17
995,20181229T161303Z,1J.TI1A.,"['CH1', 'CH2', 'CHZ']",2018-12-29T16:13:03.110000Z,27.17
996,20181229T162202Z,1J.TI3A.,"['CH1', 'CH2', 'CHZ']",2018-12-29T16:22:02.320000Z,17.2
997,20181229T162202Z,1J.TI6A.,"['CH1', 'CH2', 'CHZ']",2018-12-29T16:22:02.320000Z,17.2
998,20181229T162202Z,1J.TI7A.,"['CH1', 'CH2', 'CHZ']",2018-12-29T16:22:02.320000Z,17.2
999,20181229T162259Z,1J.TI3A.,"['CH1', 'CH2', 'CHZ']",2018-12-29T16:22:59.980000Z,3.78
1000,20181229T163343Z,1J.TI4A.,"['CH1', 'CH2', 'CHZ']",2018-12-29T16:33:43.630000Z,55.77
1001,20181229T163343Z,1J.TI3A.,"['CH1', 'CH2', 'CHZ']",2018-12-29T16:33:43.630000Z,55.77
1002,20181229T163343Z,1J.TI8A.,"['CH1', 'CH2', 'CHZ']",2018-12-29T16:33:43.630000Z,55.77
1003,20181229T163343Z,1J.TI6A.,"['CH1', 'CH2', 'CHZ']",2018-12-29T16:33:43.630000Z,55.77
1004,20181229T163343Z,1J.TI1A.,"['CH1', 'CH2', 'CHZ']",2018-12-29T16:33:43.630000Z,55.77
1005,20181229T163432Z,1J.TI3A.,"['CH1', 'CH2', 'CHZ']",2018-12-29T16:34:32.240000Z,17.2
1006,20181229T163432Z,1J.TI6A.,"['CH1', 'CH2', 'CHZ']",2018-12-29T16:34:32.240000Z,17.2
1007,20181229T163432Z,1J.TI7A.,"['CH1', 'CH2', 'CHZ']",2018-12-29T16:34:32.240000Z,17.2
1008,20181229T163635Z,1J.TI3A.,"['CH1', 'CH2', 'CHZ']",2018-12-29T16:36:35.040000Z,3.78
1009,20181229T164630Z,1J.TI3A.,"['CH1', 'CH2', 'CHZ']",2018-12-29T16:46:30.770000Z,17.2
1010,20181229T164630Z,1J.TI6A.,"['CH1', 'CH2', 'CHZ']",2018-12-29T16:46:30.770000Z,17.2
1011,20181229T164630Z,1J.TI7A.,"['CH1', 'CH2', 'CHZ']",2018-12-29T16:46:30.770000Z,17.2
1012,20181229T164657Z,1J.TI3A.,"['CH1', 'CH2', 'CHZ']",2018-12-29T16:46:57.530000Z,3.78
1013,20181229T165601Z,1J.TI3A.,"['CH1', 'CH2', 'CHZ']",2018-12-29T16:56:01.520000Z,27.17
1014,20181229T165601Z,1J.TI8A.,"['CH1', 'CH2', 'CHZ']",2018-12-29T16:56:01.520000Z,27.17
1015,20181229T165601Z,1J.TI6A.,"['CH1', 'CH2', 'CHZ']",2018-12-29T16:56:01.520000Z,27.17
1016,20181229T165601Z,1J.TI1A.,"['CH1', 'CH2', 'CHZ']",2018-12-29T16:56:01.520000Z,27.17
1017,20181229T165719Z,1J.TI4A.,"['CH1', 'CH2', 'CHZ']",2018-12-29T16:57:19.370000Z,24.48
1018,20181229T165719Z,1J.TI3A.,"['CH1', 'CH2', 'CHZ']",2018-12-29T16:57:19.370000Z,24.48
1019,20181229T165719Z,1J.TI8A.,"['CH1', 'CH2', 'CHZ']",2018-12-29T16:57:19.370000Z,24.48
1020,20181229T165719Z,1J.TI6A.,"['CH1', 'CH2', 'CHZ']",2018-12-29T16:57:19.370000Z,24.48
1021,20181229T165814Z,1J.TI3A.,"['CH1', 'CH2', 'CHZ']",2018-12-29T16:58:14.010000Z,17.2
1022,20181229T165814Z,1J.TI6A.,"['CH1', 'CH2', 'CHZ']",2018-12-29T16:58:14.010000Z,17.2
1023,20181229T165814Z,1J.TI7A.,"['CH1', 'CH2', 'CHZ']",2018-12-29T16:58:14.010000Z,17.2
1024,20181229T170336Z,1J.TI3A.,"['CH1', 'CH2', 'CHZ']",2018-12-29T17:03:36.530000Z,3.78
1025,20181229T171416Z,1J.TI3A.,"['CH1', 'CH2', 'CHZ']",2018-12-29T17:14:16.520000Z,17.2
1026,20181229T171416Z,1J.TI6A.,"['CH1', 'CH2', 'CHZ']",2018-12-29T17:14:16.520000Z,17.2
1027,20181229T171416Z,1J.TI7A.,"['CH1', 'CH2', 'CHZ']",2018-12-29T17:14:16.520000Z,17.2
1028,20181229T172958Z,1J.TI3A.,"['CH1', 'CH2', 'CHZ']",2018-12-29T17:29:58.460000Z,3.78
1029,20181229T173310Z,1J.TI3A.,"['CH1', 'CH2', 'CHZ']",2018-12-29T17:33:10.450000Z,23.07
1030,20181229T173310Z,1J.TI8A.,"['CH1', 'CH2', 'CHZ']",2018-12-29T17:33:10.450000Z,23.07
1031,20181229T173310Z,1J.TI6A.,"['CH1', 'CH2', 'CHZ']",2018-12-29T17:33:10.450000Z,23.07
1032,20181229T173310Z,1J.TI1A.,"['CH1', 'CH2', 'CHZ']",2018-12-29T17:33:10.450000Z,23.07
1033,20181229T175426Z,1J.TI3A.,"['CH1', 'CH2', 'CHZ']",2018-12-29T17:54:26.740000Z,17.2
1034,20181229T175426Z,1J.TI6A.,"['CH1', 'CH2', 'CHZ']",2018-12-29T17:54:26.740000Z,17.2
1035,20181229T175426Z,1J.TI7A.,"['CH1', 'CH2', 'CHZ']",2018-12-29T17:54:26.740000Z,17.2
1036,20181229T175951Z,1J.TI3A.,"['CH1', 'CH2', 'CHZ']",2018-12-29T17:59:51.650000Z,20.75
1037,20181229T175951Z,1J.TI8A.,"['CH1', 'CH2', 'CHZ']",2018-12-29T17:59:51.650000Z,20.75
1038,20181229T175951Z,1J.TI6A.,"['CH1', 'CH2', 'CHZ']",2018-12-29T17:59:51.650000Z,20.75
1039,20181229T180620Z,1J.TI8A.,"['CH1', 'CH2', 'CHZ']",2018-12-29T18:06:20.520000Z,20.43
1040,20181229T181746Z,1J.TI4A.,"['CH1', 'CH2', 'CHZ']",2018-12-29T18:17:46.020000Z,14.14
1041,20181229T181746Z,1J.TI3A.,"['CH1', 'CH2', 'CHZ']",2018-12-29T18:17:46.020000Z,14.14
1042,20181229T181746Z,1J.TI1A.,"['CH1', 'CH2', 'CHZ']",2018-12-29T18:17:46.020000Z,14.14
1043,20181229T181818Z,1J.TI3A.,"['CH1', 'CH2', 'CHZ']",2018-12-29T18:18:18.370000Z,17.2
1044,20181229T181818Z,1J.TI6A.,"['CH1', 'CH2', 'CHZ']",2018-12-29T18:18:18.370000Z,17.2
1045,20181229T181818Z,1J.TI7A.,"['CH1', 'CH2', 'CHZ']",2018-12-29T18:18:18.370000Z,17.2
1046,20181229T182528Z,1J.TI4A.,"['CH1', 'CH2', 'CHZ']",2018-12-29T18:25:28.430000Z,24.48
1047,20181229T182528Z,1J.TI3A.,"['CH1', 'CH2', 'CHZ']",2018-12-29T18:25:28.430000Z,24.48
1048,20181229T182528Z,1J.TI8A.,"['CH1', 'CH2', 'CHZ']",2018-12-29T18:25:28.430000Z,24.48
1049,20181229T182528Z,1J.TI6A.,"['CH1', 'CH2', 'CHZ']",2018-12-29T18:25:28.430000Z,24.48
1050,20181229T182645Z,1J.TI3A.,"['CH1', 'CH2', 'CHZ']",2018-12-29T18:26:45.500000Z,20.75
1051,20181229T182645Z,1J.TI8A.,"['CH1', 'CH2', 'CHZ']",2018-12-29T18:26:45.500000Z,20.75
1052,20181229T182645Z,1J.TI6A.,"['CH1', 'CH2', 'CHZ']",2018-12-29T18:26:45.500000Z,20.75
1053,20181229T183026Z,1J.TI3A.,"['CH1', 'CH2', 'CHZ']",2018-12-29T18:30:26.000000Z,27.17
1054,20181229T183026Z,1J.TI8A.,"['CH1', 'CH2', 'CHZ']",2018-12-29T18:30:26.000000Z,27.17
1055,20181229T183026Z,1J.TI6A.,"['CH1', 'CH2', 'CHZ']",2018-12-29T18:30:26.000000Z,27.17
1056,20181229T183026Z,1J.TI1A.,"['CH1', 'CH2', 'CHZ']",2018-12-29T18:30:26.000000Z,27.17
1057,20181229T183756Z,1J.TI3A.,"['CH1', 'CH2', 'CHZ']",2018-12-29T18:37:56.830000Z,3.78
1058,20181229T184338Z,1J.TI3A.,"['CH1', 'CH2', 'CHZ']",2018-12-29T18:43:38.640000Z,2.13
1059,20181229T184512Z,1J.TI3A.,"['CH1', 'CH2', 'CHZ']",2018-12-29T18:45:12.440000Z,23.96
1060,20181229T184512Z,1J.TI8A.,"['CH1', 'CH2', 'CHZ']",2018-12-29T18:45:12.440000Z,23.96
1061,20181229T184554Z,1J.TI3A.,"['CH1', 'CH2', 'CHZ']",2018-12-29T18:45:54.880000Z,2.13
1062,20181229T185504Z,1J.TI3A.,"['CH1', 'CH2', 'CHZ']",2018-12-29T18:55:04.530000Z,17.2
1063,20181229T185504Z,1J.TI6A.,"['CH1', 'CH2', 'CHZ']",2018-12-29T18:55:04.530000Z,17.2
1064,20181229T185504Z,1J.TI7A.,"['CH1', 'CH2', 'CHZ']",2018-12-29T18:55:04.530000Z,17.2
1065,20181229T185815Z,1J.TI4A.,"['CH1', 'CH2', 'CHZ']",2018-12-29T18:58:15.650000Z,24.15
1066,20181229T185815Z,1J.TI3A.,"['CH1', 'CH2', 'CHZ']",2018-12-29T18:58:15.650000Z,24.15
1067,20181229T185815Z,1J.TI8A.,"['CH1', 'CH2', 'CHZ']",2018-12-29T18:58:15.650000Z,24.15
1068,20181229T185815Z,1J.TI6A.,"['CH1', 'CH2', 'CHZ']",2018-12-29T18:58:15.650000Z,24.15
1069,20181229T185815Z,1J.TI1A.,"['CH1', 'CH2', 'CHZ']",2018-12-29T18:58:15.650000Z,24.15
1070,20181229T190355Z,1J.TI3A.,"['CH1', 'CH2', 'CHZ']",2018-12-29T19:03:55.140000Z,3.78
1071,20181229T190827Z,1J.TI3A.,"['CH1', 'CH2', 'CHZ']",2018-12-29T19:08:27.390000Z,17.2
1072,20181229T190827Z,1J.TI6A.,"['CH1', 'CH2', 'CHZ']",2018-12-29T19:08:27.390000Z,17.2
1073,20181229T190827Z,1J.TI7A.,"['CH1', 'CH2', 'CHZ']",2018-12-29T19:08:27.390000Z,17.2
1074,20181229T191938Z,1J.TI3A.,"['CH1', 'CH2', 'CHZ']",2018-12-29T19:19:38.890000Z,2.13
1075,20181229T192047Z,1J.TI3A.,"['CH1', 'CH2', 'CHZ']",2018-12-29T19:20:47.480000Z,17.2
1076,20181229T192047Z,1J.TI6A.,"['CH1', 'CH2', 'CHZ']",2018-12-29T19:20:47.480000Z,17.2
1077,20181229T192047Z,1J.TI7A.,"['CH1', 'CH2', 'CHZ']",2018-12-29T19:20:47.480000Z,17.2
1078,20181229T192428Z,1J.TI3A.,"['CH1', 'CH2', 'CHZ']",2018-12-29T19:24:28.060000Z,2.13
1079,20181229T192506Z,1J.TI3A.,"['CH1', 'CH2', 'CHZ']",2018-12-29T19:25:06.580000Z,20.75
1080,20181229T192506Z,1J.TI8A.,"['CH1', 'CH2', 'CHZ']",2018-12-29T19:25:06.580000Z,20.75
1081,20181229T192506Z,1J.TI6A.,"['CH1', 'CH2', 'CHZ']",2018-12-29T19:25:06.580000Z,20.75
1082,20181229T194305Z,1J.TI4A.,"['CH1', 'CH2', 'CHZ']",2018-12-29T19:43:05.900000Z,24.98
1083,20181229T194305Z,1J.TI3A.,"['CH1', 'CH2', 'CHZ']",2018-12-29T19:43:05.900000Z,24.98
1084,20181229T194305Z,1J.TI8A.,"['CH1', 'CH2', 'CHZ']",2018-12-29T19:43:05.900000Z,24.98
1085,20181229T194305Z,1J.TI6A.,"['CH1', 'CH2', 'CHZ']",2018-12-29T19:43:05.900000Z,24.98
1086,20181229T194305Z,1J.TI1A.,"['CH1', 'CH2', 'CHZ']",2018-12-29T19:43:05.900000Z,24.98
1087,20181229T194318Z,1J.TI3A.,"['CH1', 'CH2', 'CHZ']",2018-12-29T19:43:18.680000Z,17.2
1088,20181229T194318Z,1J.TI6A.,"['CH1', 'CH2', 'CHZ']",2018-12-29T19:43:18.680000Z,17.2
1089,20181229T194318Z,1J.TI7A.,"['CH1', 'CH2', 'CHZ']",2018-12-29T19:43:18.680000Z,17.2
1090,20181229T195225Z,1J.TI3A.,"['CH1', 'CH2', 'CHZ']",2018-12-29T19:52:25.210000Z,3.78
1091,20181229T195302Z,1J.TI3A.,"['CH1', 'CH2', 'CHZ']",2018-12-29T19:53:02.540000Z,27.17
1092,20181229T195302Z,1J.TI8A.,"['CH1', 'CH2', 'CHZ']",2018-12-29T19:53:02.540000Z,27.17
1093,20181229T195302Z,1J.TI6A.,"['CH1', 'CH2', 'CHZ']",2018-12-29T19:53:02.540000Z,27.17
1094,20181229T195302Z,1J.TI1A.,"['CH1', 'CH2', 'CHZ']",2018-12-29T19:53:02.540000Z,27.17
1095,20181229T195530Z,1J.TI3A.,"['CH1', 'CH2', 'CHZ']",2018-12-29T19:55:30.900000Z,17.2
1096,20181229T195530Z,1J.TI6A.,"['CH1', 'CH2', 'CHZ']",2018-12-29T19:55:30.900000Z,17.2
1097,20181229T195530Z,1J.TI7A.,"['CH1', 'CH2', 'CHZ']",2018-12-29T19:55:30.900000Z,17.2
1098,20181229T200459Z,1J.TI3A.,"['CH1', 'CH2', 'CHZ']",2018-12-29T20:04:59.420000Z,27.17
1099,20181229T200459Z,1J.TI8A.,"['CH1', 'CH2', 'CHZ']",2018-12-29T20:04:59.420000Z,27.17
1100,20181229T200459Z,1J.TI6A.,"['CH1', 'CH2', 'CHZ']",2018-12-29T20:04:59.420000Z,27.17
1101,20181229T200459Z,1J.TI1A.,"['CH1', 'CH2', 'CHZ']",2018-12-29T20:04:59.420000Z,27.17
1102,20181229T200559Z,1J.TI3A.,"['CH1', 'CH2', 'CHZ']",2018-12-29T20:05:59.110000Z,15.92
1103,20181229T200559Z,1J.TI8A.,"['CH1', 'CH2', 'CHZ']",2018-12-29T20:05:59.110000Z,15.92
1104,20181229T200625Z,1J.TI3A.,"['CH1', 'CH2', 'CHZ']",2018-12-29T20:06:25.920000Z,3.78
1105,20181229T200916Z,1J.TI3A.,"['CH1', 'CH2', 'CHZ']",2018-12-29T20:09:16.010000Z,17.2
1106,20181229T200916Z,1J.TI6A.,"['CH1', 'CH2', 'CHZ']",2018-12-29T20:09:16.010000Z,17.2
1107,20181229T200916Z,1J.TI7A.,"['CH1', 'CH2', 'CHZ']",2018-12-29T20:09:16.010000Z,17.2
1108,20181229T201403Z,1J.TI3A.,"['CH1', 'CH2', 'CHZ']",2018-12-29T20:14:03.990000Z,23.07
1109,20181229T201403Z,1J.TI8A.,"['CH1', 'CH2', 'CHZ']",2018-12-29T20:14:03.990000Z,23.07
1110,20181229T201403Z,1J.TI6A.,"['CH1', 'CH2', 'CHZ']",2018-12-29T20:14:03.990000Z,23.07
1111,20181229T201403Z,1J.TI1A.,"['CH1', 'CH2', 'CHZ']",2018-12-29T20:14:03.990000Z,23.07
1112,20181229T202214Z,1J.TI3A.,"['CH1', 'CH2', 'CHZ']",2018-12-29T20:22:14.850000Z,23.07
1113,20181229T202214Z,1J.TI8A.,"['CH1', 'CH2', 'CHZ']",2018-12-29T20:22:14.850000Z,23.07
1114,20181229T202214Z,1J.TI6A.,"['CH1', 'CH2', 'CHZ']",2018-12-29T20:22:14.850000Z,23.07
1115,20181229T202214Z,1J.TI1A.,"['CH1', 'CH2', 'CHZ']",2018-12-29T20:22:14.850000Z,23.07
1116,20181229T202712Z,1J.TI3A.,"['CH1', 'CH2', 'CHZ']",2018-12-29T20:27:12.640000Z,12.22
1117,20181229T202846Z,1J.TI3A.,"['CH1', 'CH2', 'CHZ']",2018-12-29T20:28:46.050000Z,3.78
1118,20181229T203327Z,1J.TI3A.,"['CH1', 'CH2', 'CHZ']",2018-12-29T20:33:27.510000Z,17.2
1119,20181229T203327Z,1J.TI6A.,"['CH1', 'CH2', 'CHZ']",2018-12-29T20:33:27.510000Z,17.2
1120,20181229T203327Z,1J.TI7A.,"['CH1', 'CH2', 'CHZ']",2018-12-29T20:33:27.510000Z,17.2
1121,20181229T203606Z,1J.TI3A.,"['CH1', 'CH2', 'CHZ']",2018-12-29T20:36:06.120000Z,3.78
1122,20181229T204401Z,1J.TI3A.,"['CH1', 'CH2', 'CHZ']",2018-12-29T20:44:01.440000Z,3.78
1123,20181229T204532Z,1J.TI3A.,"['CH1', 'CH2', 'CHZ']",2018-12-29T20:45:32.660000Z,17.2
1124,20181229T204532Z,1J.TI6A.,"['CH1', 'CH2', 'CHZ']",2018-12-29T20:45:32.660000Z,17.2
1125,20181229T204532Z,1J.TI7A.,"['CH1', 'CH2', 'CHZ']",2018-12-29T20:45:32.660000Z,17.2
1126,20181229T204851Z,1J.TI6A.,"['CH1', 'CH2', 'CHZ']",2018-12-29T20:48:51.290000Z,4.81
1127,20181229T205030Z,1J.TI3A.,"['CH1', 'CH2', 'CHZ']",2018-12-29T20:50:30.710000Z,23.07
1128,20181229T205030Z,1J.TI8A.,"['CH1', 'CH2', 'CHZ']",2018-12-29T20:50:30.710000Z,23.07
1129,20181229T205030Z,1J.TI6A.,"['CH1', 'CH2', 'CHZ']",2018-12-29T20:50:30.710000Z,23.07
1130,20181229T205030Z,1J.TI1A.,"['CH1', 'CH2', 'CHZ']",2018-12-29T20:50:30.710000Z,23.07
1131,20181229T205502Z,1J.TI4A.,"['CH1', 'CH2', 'CHZ']",2018-12-29T20:55:02.510000Z,24.15
1132,20181229T205502Z,1J.TI3A.,"['CH1', 'CH2', 'CHZ']",2018-12-29T20:55:02.510000Z,24.15
1133,20181229T205502Z,1J.TI8A.,"['CH1', 'CH2', 'CHZ']",2018-12-29T20:55:02.510000Z,24.15
1134,20181229T205502Z,1J.TI6A.,"['CH1', 'CH2', 'CHZ']",2018-12-29T20:55:02.510000Z,24.15
1135,20181229T205502Z,1J.TI1A.,"['CH1', 'CH2', 'CHZ']",2018-12-29T20:55:02.510000Z,24.15
1136,20181229T205618Z,1J.TI3A.,"['CH1', 'CH2', 'CHZ']",2018-12-29T20:56:18.320000Z,17.2
1137,20181229T205618Z,1J.TI6A.,"['CH1', 'CH2', 'CHZ']",2018-12-29T20:56:18.320000Z,17.2
1138,20181229T205618Z,1J.TI7A.,"['CH1', 'CH2', 'CHZ']",2018-12-29T20:56:18.320000Z,17.2
1139,20181229T210548Z,1J.TI3A.,"['CH1', 'CH2', 'CHZ']",2018-12-29T21:05:48.590000Z,2.13
1140,20181229T210811Z,1J.TI3A.,"['CH1', 'CH2', 'CHZ']",2018-12-29T21:08:11.640000Z,17.2
1141,20181229T210811Z,1J.TI6A.,"['CH1', 'CH2', 'CHZ']",2018-12-29T21:08:11.640000Z,17.2
1142,20181229T210811Z,1J.TI7A.,"['CH1', 'CH2', 'CHZ']",2018-12-29T21:08:11.640000Z,17.2
1143,20181229T211929Z,1J.TI3A.,"['CH1', 'CH2', 'CHZ']",2018-12-29T21:19:29.420000Z,17.2
1144,20181229T211929Z,1J.TI6A.,"['CH1', 'CH2', 'CHZ']",2018-12-29T21:19:29.420000Z,17.2
1145,20181229T211929Z,1J.TI7A.,"['CH1', 'CH2', 'CHZ']",2018-12-29T21:19:29.420000Z,17.2
1146,20181229T212250Z,1J.TI4A.,"['CH1', 'CH2', 'CHZ']",2018-12-29T21:22:50.050000Z,24.15
1147,20181229T212250Z,1J.TI3A.,"['CH1', 'CH2', 'CHZ']",2018-12-29T21:22:50.050000Z,24.15
1148,20181229T212250Z,1J.TI8A.,"['CH1', 'CH2', 'CHZ']",2018-12-29T21:22:50.050000Z,24.15
1149,20181229T212250Z,1J.TI6A.,"['CH1', 'CH2', 'CHZ']",2018-12-29T21:22:50.050000Z,24.15
1150,20181229T212250Z,1J.TI1A.,"['CH1', 'CH2', 'CHZ']",2018-12-29T21:22:50.050000Z,24.15
1151,20181229T212406Z,1J.TI8A.,"['CH1', 'CH2', 'CHZ']",2018-12-29T21:24:06.620000Z,20.43
1152,20181229T212418Z,1J.TI4A.,"['CH1', 'CH2', 'CHZ']",2018-12-29T21:24:18.640000Z,14.14
1153,20181229T212418Z,1J.TI3A.,"['CH1', 'CH2', 'CHZ']",2018-12-29T21:24:18.640000Z,14.14
1154,20181229T212418Z,1J.TI1A.,"['CH1', 'CH2', 'CHZ']",2018-12-29T21:24:18.640000Z,14.14
1155,20181229T213319Z,1J.TI4A.,"['CH1', 'CH2', 'CHZ']",2018-12-29T21:33:19.630000Z,14.14
1156,20181229T213319Z,1J.TI3A.,"['CH1', 'CH2', 'CHZ']",2018-12-29T21:33:19.630000Z,14.14
1157,20181229T213319Z,1J.TI1A.,"['CH1', 'CH2', 'CHZ']",2018-12-29T21:33:19.630000Z,14.14
1158,20181229T213340Z,1J.TI3A.,"['CH1', 'CH2', 'CHZ']",2018-12-29T21:33:40.100000Z,22.89
1159,20181229T213340Z,1J.TI8A.,"['CH1', 'CH2', 'CHZ']",2018-12-29T21:33:40.100000Z,22.89
1160,20181229T213340Z,1J.TI6A.,"['CH1', 'CH2', 'CHZ']",2018-12-29T21:33:40.100000Z,22.89
1161,20181229T213916Z,1J.TI3A.,"['CH1', 'CH2', 'CHZ']",2018-12-29T21:39:16.890000Z,17.2
1162,20181229T213916Z,1J.TI6A.,"['CH1', 'CH2', 'CHZ']",2018-12-29T21:39:16.890000Z,17.2
1163,20181229T213916Z,1J.TI7A.,"['CH1', 'CH2', 'CHZ']",2018-12-29T21:39:16.890000Z,17.2
1164,20181229T213931Z,1J.TI6A.,"['CH1', 'CH2', 'CHZ']",2018-12-29T21:39:31.260000Z,4.81
1165,20181229T215148Z,1J.TI3A.,"['CH1', 'CH2', 'CHZ']",2018-12-29T21:51:48.640000Z,17.2
1166,20181229T215148Z,1J.TI6A.,"['CH1', 'CH2', 'CHZ']",2018-12-29T21:51:48.640000Z,17.2
1167,20181229T215148Z,1J.TI7A.,"['CH1', 'CH2', 'CHZ']",2018-12-29T21:51:48.640000Z,17.2
1168,20181229T215749Z,1J.TI6A.,"['CH1', 'CH2', 'CHZ']",2018-12-29T21:57:49.890000Z,4.81
1169,20181229T215816Z,1J.TI3A.,"['CH1', 'CH2', 'CHZ']",2018-12-29T21:58:16.170000Z,3.78
1170,20181229T220519Z,1J.TI4A.,"['CH1', 'CH2', 'CHZ']",2018-12-29T22:05:19.460000Z,24.15
1171,20181229T220519Z,1J.TI3A.,"['CH1', 'CH2', 'CHZ']",2018-12-29T22:05:19.460000Z,24.15
1172,20181229T220519Z,1J.TI8A.,"['CH1', 'CH2', 'CHZ']",2018-12-29T22:05:19.460000Z,24.15
1173,20181229T220519Z,1J.TI6A.,"['CH1', 'CH2', 'CHZ']",2018-12-29T22:05:19.460000Z,24.15
1174,20181229T220519Z,1J.TI1A.,"['CH1', 'CH2', 'CHZ']",2018-12-29T22:05:19.460000Z,24.15
1175,20181229T221925Z,1J.TI3A.,"['CH1', 'CH2', 'CHZ']",2018-12-29T22:19:25.880000Z,17.2
1176,20181229T221925Z,1J.TI6A.,"['CH1', 'CH2', 'CHZ']",2018-12-29T22:19:25.880000Z,17.2
1177,20181229T221925Z,1J.TI7A.,"['CH1', 'CH2', 'CHZ']",2018-12-29T22:19:25.880000Z,17.2
1178,20181229T222544Z,1J.TI3A.,"['CH1', 'CH2', 'CHZ']",2018-12-29T22:25:44.980000Z,3.78
1179,20181229T223134Z,1J.TI4A.,"['CH1', 'CH2', 'CHZ']",2018-12-29T22:31:34.250000Z,24.98
1180,20181229T223134Z,1J.TI3A.,"['CH1', 'CH2', 'CHZ']",2018-12-29T22:31:34.250000Z,24.98
1181,20181229T223134Z,1J.TI8A.,"['CH1', 'CH2', 'CHZ']",2018-12-29T22:31:34.250000Z,24.98
1182,20181229T223134Z,1J.TI6A.,"['CH1', 'CH2', 'CHZ']",2018-12-29T22:31:34.250000Z,24.98
1183,20181229T223134Z,1J.TI1A.,"['CH1', 'CH2', 'CHZ']",2018-12-29T22:31:34.250000Z,24.98
1184,20181229T223234Z,1J.TI3A.,"['CH1', 'CH2', 'CHZ']",2018-12-29T22:32:34.940000Z,17.2
1185,20181229T223234Z,1J.TI6A.,"['CH1', 'CH2', 'CHZ']",2018-12-29T22:32:34.940000Z,17.2
1186,20181229T223234Z,1J.TI7A.,"['CH1', 'CH2', 'CHZ']",2018-12-29T22:32:34.940000Z,17.2
1187,20181229T223707Z,1J.TI4A.,"['CH1', 'CH2', 'CHZ']",2018-12-29T22:37:07.620000Z,24.15
1188,20181229T223707Z,1J.TI3A.,"['CH1', 'CH2', 'CHZ']",2018-12-29T22:37:07.620000Z,24.15
1189,20181229T223707Z,1J.TI8A.,"['CH1', 'CH2', 'CHZ']",2018-12-29T22:37:07.620000Z,24.15
1190,20181229T223707Z,1J.TI6A.,"['CH1', 'CH2', 'CHZ']",2018-12-29T22:37:07.620000Z,24.15
1191,20181229T223707Z,1J.TI1A.,"['CH1', 'CH2', 'CHZ']",2018-12-29T22:37:07.620000Z,24.15
1192,20181229T224545Z,1J.TI3A.,"['CH1', 'CH2', 'CHZ']",2018-12-29T22:45:45.120000Z,17.2
1193,20181229T224545Z,1J.TI6A.,"['CH1', 'CH2', 'CHZ']",2018-12-29T22:45:45.120000Z,17.2
1194,20181229T224545Z,1J.TI7A.,"['CH1', 'CH2', 'CHZ']",2018-12-29T22:45:45.120000Z,17.2
1195,20181229T224713Z,1J.TI3A.,"['CH1', 'CH2', 'CHZ']",2018-12-29T22:47:13.870000Z,3.78
1196,20181229T224851Z,1J.TI6A.,"['CH1', 'CH2', 'CHZ']",2018-12-29T22:48:51.590000Z,4.81
1197,20181229T225938Z,1J.TI3A.,"['CH1', 'CH2', 'CHZ']",2018-12-29T22:59:38.280000Z,17.2
1198,20181229T225938Z,1J.TI6A.,"['CH1', 'CH2', 'CHZ']",2018-12-29T22:59:38.280000Z,17.2
1199,20181229T225938Z,1J.TI7A.,"['CH1', 'CH2', 'CHZ']",2018-12-29T22:59:38.280000Z,17.2
1200,20181229T230432Z,1J.TI4A.,"['CH1', 'CH2', 'CHZ']",2018-12-29T23:04:32.640000Z,24.15
1201,20181229T230432Z,1J.TI3A.,"['CH1', 'CH2', 'CHZ']",2018-12-29T23:04:32.640000Z,24.15
1202,20181229T230432Z,1J.TI8A.,"['CH1', 'CH2', 'CHZ']",2018-12-29T23:04:32.640000Z,24.15
1203,20181229T230432Z,1J.TI6A.,"['CH1', 'CH2', 'CHZ']",2018-12-29T23:04:32.640000Z,24.15
1204,20181229T230432Z,1J.TI1A.,"['CH1', 'CH2', 'CHZ']",2018-12-29T23:04:32.640000Z,24.15
1205,20181229T230830Z,1J.TI4A.,"['CH1', 'CH2', 'CHZ']",2018-12-29T23:08:30.560000Z,14.14
1206,20181229T230830Z,1J.TI3A.,"['CH1', 'CH2', 'CHZ']",2018-12-29T23:08:30.560000Z,14.14
1207,20181229T230830Z,1J.TI1A.,"['CH1', 'CH2', 'CHZ']",2018-12-29T23:08:30.560000Z,14.14
1208,20181229T231051Z,1J.TI6A.,"['CH1', 'CH2', 'CHZ']",2018-12-29T23:10:51.380000Z,4.81
1209,20181229T231139Z,1J.TI3A.,"['CH1', 'CH2', 'CHZ']",2018-12-29T23:11:39.240000Z,17.2
1210,20181229T231139Z,1J.TI6A.,"['CH1', 'CH2', 'CHZ']",2018-12-29T23:11:39.240000Z,17.2
1211,20181229T231139Z,1J.TI7A.,"['CH1', 'CH2', 'CHZ']",2018-12-29T23:11:39.240000Z,17.2
1212,20181229T233331Z,1J.TI3A.,"['CH1', 'CH2', 'CHZ']",2018-12-29T23:33:31.870000Z,15.92
1213,20181229T233331Z,1J.TI8A.,"['CH1', 'CH2', 'CHZ']",2018-12-29T23:33:31.870000Z,15.92
1214,20181229T233849Z,1J.TI3A.,"['CH1', 'CH2', 'CHZ']",2018-12-29T23:38:49.110000Z,3.78
1215,20181229T234005Z,1J.TI3A.,"['CH1', 'CH2', 'CHZ']",2018-12-29T23:40:05.640000Z,17.2
1216,20181229T234005Z,1J.TI6A.,"['CH1', 'CH2', 'CHZ']",2018-12-29T23:40:05.640000Z,17.2
1217,20181229T234005Z,1J.TI7A.,"['CH1', 'CH2', 'CHZ']",2018-12-29T23:40:05.640000Z,17.2
1218,20181229T234632Z,1J.TI3A.,"['CH1', 'CH2', 'CHZ']",2018-12-29T23:46:32.950000Z,3.78
1219,20181229T235339Z,1J.TI3A.,"['CH1', 'CH2', 'CHZ']",2018-12-29T23:53:39.920000Z,17.2
1220,20181229T235339Z,1J.TI6A.,"['CH1', 'CH2', 'CHZ']",2018-12-29T23:53:39.920000Z,17.2
1221,20181229T235339Z,1J.TI7A.,"['CH1', 'CH2', 'CHZ']",2018-12-29T23:53:39.920000Z,17.2
