,event_id,station,components,time,duration
0,20190101T000145Z,1J.TI3A.,"['CH1', 'CH2', 'CHZ']",2019-01-01T00:01:45.520000Z,20.75
1,20190101T000145Z,1J.TI8A.,"['CH1', 'CH2', 'CHZ']",2019-01-01T00:01:45.520000Z,20.75
2,20190101T000145Z,1J.TI6A.,"['CH1', 'CH2', 'CHZ']",2019-01-01T00:01:45.520000Z,20.75
3,20190101T000352Z,1J.TI3A.,"['CH1', 'CH2', 'CHZ']",2019-01-01T00:03:52.240000Z,22.89
4,20190101T000352Z,1J.TI8A.,"['CH1', 'CH2', 'CHZ']",2019-01-01T00:03:52.240000Z,22.89
5,20190101T000352Z,1J.TI6A.,"['CH1', 'CH2', 'CHZ']",2019-01-01T00:03:52.240000Z,22.89
6,20190101T000814Z,1J.TI6A.,"['CH1', 'CH2', 'CHZ']",2019-01-01T00:08:14.090000Z,4.81
7,20190101T001255Z,1J.TI3A.,"['CH1', 'CH2', 'CHZ']",2019-01-01T00:12:55.950000Z,17.2
8,20190101T001255Z,1J.TI6A.,"['CH1', 'CH2', 'CHZ']",2019-01-01T00:12:55.950000Z,17.2
9,20190101T001255Z,1J.TI7A.,"['CH1', 'CH2', 'CHZ']",2019-01-01T00:12:55.950000Z,17.2
10,20190101T002055Z,1J.TI3A.,"['CH1', 'CH2', 'CHZ']",2019-01-01T00:20:55.920000Z,23.07
11,20190101T002055Z,1J.TI8A.,"['CH1', 'CH2', 'CHZ']",2019-01-01T00:20:55.920000Z,23.07
12,20190101T002055Z,1J.TI6A.,"['CH1', 'CH2', 'CHZ']",2019-01-01T00:20:55.920000Z,23.07
13,20190101T002055Z,1J.TI1A.,"['CH1', 'CH2', 'CHZ']",2019-01-01T00:20:55.920000Z,23.07
14,20190101T002503Z,1J.TI3A.,"['CH1', 'CH2', 'CHZ']",2019-01-01T00:25:03.690000Z,22.89
15,20190101T002503Z,1J.TI8A.,"['CH1', 'CH2', 'CHZ']",2019-01-01T00:25:03.690000Z,22.89
16,20190101T002503Z,1J.TI6A.,"['CH1', 'CH2', 'CHZ']",2019-01-01T00:25:03.690000Z,22.89
17,20190101T002555Z,1J.TI6A.,"['CH1', 'CH2', 'CHZ']",2019-01-01T00:25:55.670000Z,4.81
18,20190101T002734Z,1J.TI3A.,"['CH1', 'CH2', 'CHZ']",2019-01-01T00:27:34.770000Z,17.2
19,20190101T002734Z,1J.TI6A.,"['CH1', 'CH2', 'CHZ']",2019-01-01T00:27:34.770000Z,17.2
20,20190101T002734Z,1J.TI7A.,"['CH1', 'CH2', 'CHZ']",2019-01-01T00:27:34.770000Z,17.2
21,20190101T003104Z,1J.TI3A.,"['CH1', 'CH2', 'CHZ']",2019-01-01T00:31:04.900000Z,2.13
22,20190101T003657Z,1J.TI3A.,"['CH1', 'CH2', 'CHZ']",2019-01-01T00:36:57.080000Z,27.17
23,20190101T003657Z,1J.TI8A.,"['CH1', 'CH2', 'CHZ']",2019-01-01T00:36:57.080000Z,27.17
24,20190101T003657Z,1J.TI6A.,"['CH1', 'CH2', 'CHZ']",2019-01-01T00:36:57.080000Z,27.17
25,20190101T003657Z,1J.TI1A.,"['CH1', 'CH2', 'CHZ']",2019-01-01T00:36:57.080000Z,27.17
26,20190101T003710Z,1J.TI3A.,"['CH1', 'CH2', 'CHZ']",2019-01-01T00:37:10.880000Z,17.2
27,20190101T003710Z,1J.TI6A.,"['CH1', 'CH2', 'CHZ']",2019-01-01T00:37:10.880000Z,17.2
28,20190101T003710Z,1J.TI7A.,"['CH1', 'CH2', 'CHZ']",2019-01-01T00:37:10.880000Z,17.2
29,20190101T004523Z,1J.TI3A.,"['CH1', 'CH2', 'CHZ']",2019-01-01T00:45:23.830000Z,20.75
30,20190101T004523Z,1J.TI8A.,"['CH1', 'CH2', 'CHZ']",2019-01-01T00:45:23.830000Z,20.75
31,20190101T004523Z,1J.TI6A.,"['CH1', 'CH2', 'CHZ']",2019-01-01T00:45:23.830000Z,20.75
32,20190101T004935Z,1J.TI6A.,"['CH1', 'CH2', 'CHZ']",2019-01-01T00:49:35.700000Z,4.81
33,20190101T005135Z,1J.TI6A.,"['CH1', 'CH2', 'CHZ']",2019-01-01T00:51:35.580000Z,4.81
34,20190101T005301Z,1J.TI3A.,"['CH1', 'CH2', 'CHZ']",2019-01-01T00:53:01.420000Z,2.13
35,20190101T005810Z,1J.TI3A.,"['CH1', 'CH2', 'CHZ']",2019-01-01T00:58:10.620000Z,22.89
36,20190101T005810Z,1J.TI8A.,"['CH1', 'CH2', 'CHZ']",2019-01-01T00:58:10.620000Z,22.89
37,20190101T005810Z,1J.TI6A.,"['CH1', 'CH2', 'CHZ']",2019-01-01T00:58:10.620000Z,22.89
38,20190101T010555Z,1J.TI6A.,"['CH1', 'CH2', 'CHZ']",2019-01-01T01:05:55.490000Z,4.81
39,20190101T010651Z,1J.TI3A.,"['CH1', 'CH2', 'CHZ']",2019-01-01T01:06:51.960000Z,17.2
40,20190101T010651Z,1J.TI6A.,"['CH1', 'CH2', 'CHZ']",2019-01-01T01:06:51.960000Z,17.2
41,20190101T010651Z,1J.TI7A.,"['CH1', 'CH2', 'CHZ']",2019-01-01T01:06:51.960000Z,17.2
42,20190101T010916Z,1J.TI3A.,"['CH1', 'CH2', 'CHZ']",2019-01-01T01:09:16.710000Z,2.13
43,20190101T011316Z,1J.TI3A.,"['CH1', 'CH2', 'CHZ']",2019-01-01T01:13:16.120000Z,22.89
44,20190101T011316Z,1J.TI8A.,"['CH1', 'CH2', 'CHZ']",2019-01-01T01:13:16.120000Z,22.89
45,20190101T011316Z,1J.TI6A.,"['CH1', 'CH2', 'CHZ']",2019-01-01T01:13:16.120000Z,22.89
46,20190101T011638Z,1J.TI3A.,"['CH1', 'CH2', 'CHZ']",2019-01-01T01:16:38.880000Z,23.96
47,20190101T011638Z,1J.TI8A.,"['CH1', 'CH2', 'CHZ']",2019-01-01T01:16:38.880000Z,23.96
48,20190101T011919Z,1J.TI3A.,"['CH1', 'CH2', 'CHZ']",2019-01-01T01:19:19.720000Z,17.2
49,20190101T011919Z,1J.TI6A.,"['CH1', 'CH2', 'CHZ']",2019-01-01T01:19:19.720000Z,17.2
50,20190101T011919Z,1J.TI7A.,"['CH1', 'CH2', 'CHZ']",2019-01-01T01:19:19.720000Z,17.2
51,20190101T013413Z,1J.TI3A.,"['CH1', 'CH2', 'CHZ']",2019-01-01T01:34:13.070000Z,15.92
52,20190101T013413Z,1J.TI8A.,"['CH1', 'CH2', 'CHZ']",2019-01-01T01:34:13.070000Z,15.92
53,20190101T013426Z,1J.TI4A.,"['CH1', 'CH2', 'CHZ']",2019-01-01T01:34:26.870000Z,55.77
54,20190101T013426Z,1J.TI3A.,"['CH1', 'CH2', 'CHZ']",2019-01-01T01:34:26.870000Z,55.77
55,20190101T013426Z,1J.TI8A.,"['CH1', 'CH2', 'CHZ']",2019-01-01T01:34:26.870000Z,55.77
56,20190101T013426Z,1J.TI6A.,"['CH1', 'CH2', 'CHZ']",2019-01-01T01:34:26.870000Z,55.77
57,20190101T013426Z,1J.TI1A.,"['CH1', 'CH2', 'CHZ']",2019-01-01T01:34:26.870000Z,55.77
58,20190101T013635Z,1J.TI4A.,"['CH1', 'CH2', 'CHZ']",2019-01-01T01:36:35.680000Z,14.14
59,20190101T013635Z,1J.TI3A.,"['CH1', 'CH2', 'CHZ']",2019-01-01T01:36:35.680000Z,14.14
60,20190101T013635Z,1J.TI1A.,"['CH1', 'CH2', 'CHZ']",2019-01-01T01:36:35.680000Z,14.14
61,20190101T013834Z,1J.TI6A.,"['CH1', 'CH2', 'CHZ']",2019-01-01T01:38:34.880000Z,4.81
62,20190101T014221Z,1J.TI3A.,"['CH1', 'CH2', 'CHZ']",2019-01-01T01:42:21.960000Z,17.2
63,20190101T014221Z,1J.TI6A.,"['CH1', 'CH2', 'CHZ']",2019-01-01T01:42:21.960000Z,17.2
64,20190101T014221Z,1J.TI7A.,"['CH1', 'CH2', 'CHZ']",2019-01-01T01:42:21.960000Z,17.2
65,20190101T014607Z,1J.TI6A.,"['CH1', 'CH2', 'CHZ']",2019-01-01T01:46:07.880000Z,4.81
66,20190101T014834Z,1J.TI3A.,"['CH1', 'CH2', 'CHZ']",2019-01-01T01:48:34.100000Z,23.07
67,20190101T014834Z,1J.TI8A.,"['CH1', 'CH2', 'CHZ']",2019-01-01T01:48:34.100000Z,23.07
68,20190101T014834Z,1J.TI6A.,"['CH1', 'CH2', 'CHZ']",2019-01-01T01:48:34.100000Z,23.07
69,20190101T014834Z,1J.TI1A.,"['CH1', 'CH2', 'CHZ']",2019-01-01T01:48:34.100000Z,23.07
70,20190101T015130Z,1J.TI3A.,"['CH1', 'CH2', 'CHZ']",2019-01-01T01:51:30.140000Z,12.22
71,20190101T015512Z,1J.TI3A.,"['CH1', 'CH2', 'CHZ']",2019-01-01T01:55:12.260000Z,17.2
72,20190101T015512Z,1J.TI6A.,"['CH1', 'CH2', 'CHZ']",2019-01-01T01:55:12.260000Z,17.2
73,20190101T015512Z,1J.TI7A.,"['CH1', 'CH2', 'CHZ']",2019-01-01T01:55:12.260000Z,17.2
74,20190101T015603Z,1J.TI3A.,"['CH1', 'CH2', 'CHZ']",2019-01-01T01:56:03.030000Z,2.13
75,20190101T020120Z,1J.TI4A.,"['CH1', 'CH2', 'CHZ']",2019-01-01T02:01:20.600000Z,55.77
76,20190101T020120Z,1J.TI3A.,"['CH1', 'CH2', 'CHZ']",2019-01-01T02:01:20.600000Z,55.77
77,20190101T020120Z,1J.TI8A.,"['CH1', 'CH2', 'CHZ']",2019-01-01T02:01:20.600000Z,55.77
78,20190101T020120Z,1J.TI6A.,"['CH1', 'CH2', 'CHZ']",2019-01-01T02:01:20.600000Z,55.77
79,20190101T020120Z,1J.TI1A.,"['CH1', 'CH2', 'CHZ']",2019-01-01T02:01:20.600000Z,55.77
80,20190101T020319Z,1J.TI4A.,"['CH1', 'CH2', 'CHZ']",2019-01-01T02:03:19.790000Z,55.77
81,20190101T020319Z,1J.TI3A.,"['CH1', 'CH2', 'CHZ']",2019-01-01T02:03:19.790000Z,55.77
82,20190101T020319Z,1J.TI8A.,"['CH1', 'CH2', 'CHZ']",2019-01-01T02:03:19.790000Z,55.77
83,20190101T020319Z,1J.TI6A.,"['CH1', 'CH2', 'CHZ']",2019-01-01T02:03:19.790000Z,55.77
84,20190101T020319Z,1J.TI1A.,"['CH1', 'CH2', 'CHZ']",2019-01-01T02:03:19.790000Z,55.77
85,20190101T020429Z,1J.TI6A.,"['CH1', 'CH2', 'CHZ']",2019-01-01T02:04:29.980000Z,4.81
86,20190101T020814Z,1J.TI4A.,"['CH1', 'CH2', 'CHZ']",2019-01-01T02:08:14.220000Z,24.98
87,20190101T020814Z,1J.TI3A.,"['CH1', 'CH2', 'CHZ']",2019-01-01T02:08:14.220000Z,24.98
88,20190101T020814Z,1J.TI8A.,"['CH1', 'CH2', 'CHZ']",2019-01-01T02:08:14.220000Z,24.98
89,20190101T020814Z,1J.TI6A.,"['CH1', 'CH2', 'CHZ']",2019-01-01T02:08:14.220000Z,24.98
90,20190101T020814Z,1J.TI1A.,"['CH1', 'CH2', 'CHZ']",2019-01-01T02:08:14.220000Z,24.98
91,20190101T020935Z,1J.TI3A.,"['CH1', 'CH2', 'CHZ']",2019-01-01T02:09:35.380000Z,17.2
92,20190101T020935Z,1J.TI6A.,"['CH1', 'CH2', 'CHZ']",2019-01-01T02:09:35.380000Z,17.2
93,20190101T020935Z,1J.TI7A.,"['CH1', 'CH2', 'CHZ']",2019-01-01T02:09:35.380000Z,17.2
94,20190101T021238Z,1J.TI3A.,"['CH1', 'CH2', 'CHZ']",2019-01-01T02:12:38.190000Z,27.17
95,20190101T021238Z,1J.TI8A.,"['CH1', 'CH2', 'CHZ']",2019-01-01T02:12:38.190000Z,27.17
96,20190101T021238Z,1J.TI6A.,"['CH1', 'CH2', 'CHZ']",2019-01-01T02:12:38.190000Z,27.17
97,20190101T021238Z,1J.TI1A.,"['CH1', 'CH2', 'CHZ']",2019-01-01T02:12:38.190000Z,27.17
98,20190101T021730Z,1J.TI3A.,"['CH1', 'CH2', 'CHZ']",2019-01-01T02:17:30.510000Z,23.07
99,20190101T021730Z,1J.TI8A.,"['CH1', 'CH2', 'CHZ']",2019-01-01T02:17:30.510000Z,23.07
100,20190101T021730Z,1J.TI6A.,"['CH1', 'CH2', 'CHZ']",2019-01-01T02:17:30.510000Z,23.07
101,20190101T021730Z,1J.TI1A.,"['CH1', 'CH2', 'CHZ']",2019-01-01T02:17:30.510000Z,23.07
102,20190101T022219Z,1J.TI3A.,"['CH1', 'CH2', 'CHZ']",2019-01-01T02:22:19.960000Z,27.17
103,20190101T022219Z,1J.TI8A.,"['CH1', 'CH2', 'CHZ']",2019-01-01T02:22:19.960000Z,27.17
104,20190101T022219Z,1J.TI6A.,"['CH1', 'CH2', 'CHZ']",2019-01-01T02:22:19.960000Z,27.17
105,20190101T022219Z,1J.TI1A.,"['CH1', 'CH2', 'CHZ']",2019-01-01T02:22:19.960000Z,27.17
106,20190101T022245Z,1J.TI3A.,"['CH1', 'CH2', 'CHZ']",2019-01-01T02:22:45.620000Z,22.89
107,20190101T022245Z,1J.TI8A.,"['CH1', 'CH2', 'CHZ']",2019-01-01T02:22:45.620000Z,22.89
108,20190101T022245Z,1J.TI6A.,"['CH1', 'CH2', 'CHZ']",2019-01-01T02:22:45.620000Z,22.89
109,20190101T022326Z,1J.TI3A.,"['CH1', 'CH2', 'CHZ']",2019-01-01T02:23:26.510000Z,17.2
110,20190101T022326Z,1J.TI6A.,"['CH1', 'CH2', 'CHZ']",2019-01-01T02:23:26.510000Z,17.2
111,20190101T022326Z,1J.TI7A.,"['CH1', 'CH2', 'CHZ']",2019-01-01T02:23:26.510000Z,17.2
112,20190101T022359Z,1J.TI4A.,"['CH1', 'CH2', 'CHZ']",2019-01-01T02:23:59.570000Z,55.77
113,20190101T022359Z,1J.TI3A.,"['CH1', 'CH2', 'CHZ']",2019-01-01T02:23:59.570000Z,55.77
114,20190101T022359Z,1J.TI8A.,"['CH1', 'CH2', 'CHZ']",2019-01-01T02:23:59.570000Z,55.77
115,20190101T022359Z,1J.TI6A.,"['CH1', 'CH2', 'CHZ']",2019-01-01T02:23:59.570000Z,55.77
116,20190101T022359Z,1J.TI1A.,"['CH1', 'CH2', 'CHZ']",2019-01-01T02:23:59.570000Z,55.77
117,20190101T022424Z,1J.TI3A.,"['CH1', 'CH2', 'CHZ']",2019-01-01T02:24:24.750000Z,3.78
118,20190101T022620Z,1J.TI3A.,"['CH1', 'CH2', 'CHZ']",2019-01-01T02:26:20.670000Z,2.13
119,20190101T023215Z,1J.TI6A.,"['CH1', 'CH2', 'CHZ']",2019-01-01T02:32:15.430000Z,4.81
120,20190101T023430Z,1J.TI3A.,"['CH1', 'CH2', 'CHZ']",2019-01-01T02:34:30.080000Z,17.2
121,20190101T023430Z,1J.TI6A.,"['CH1', 'CH2', 'CHZ']",2019-01-01T02:34:30.080000Z,17.2
122,20190101T023430Z,1J.TI7A.,"['CH1', 'CH2', 'CHZ']",2019-01-01T02:34:30.080000Z,17.2
123,20190101T023829Z,1J.TI3A.,"['CH1', 'CH2', 'CHZ']",2019-01-01T02:38:29.510000Z,27.17
124,20190101T023829Z,1J.TI8A.,"['CH1', 'CH2', 'CHZ']",2019-01-01T02:38:29.510000Z,27.17
125,20190101T023829Z,1J.TI6A.,"['CH1', 'CH2', 'CHZ']",2019-01-01T02:38:29.510000Z,27.17
126,20190101T023829Z,1J.TI1A.,"['CH1', 'CH2', 'CHZ']",2019-01-01T02:38:29.510000Z,27.17
127,20190101T024532Z,1J.TI3A.,"['CH1', 'CH2', 'CHZ']",2019-01-01T02:45:32.220000Z,22.89
128,20190101T024532Z,1J.TI8A.,"['CH1', 'CH2', 'CHZ']",2019-01-01T02:45:32.220000Z,22.89
129,20190101T024532Z,1J.TI6A.,"['CH1', 'CH2', 'CHZ']",2019-01-01T02:45:32.220000Z,22.89
130,20190101T024638Z,1J.TI3A.,"['CH1', 'CH2', 'CHZ']",2019-01-01T02:46:38.710000Z,17.2
131,20190101T024638Z,1J.TI6A.,"['CH1', 'CH2', 'CHZ']",2019-01-01T02:46:38.710000Z,17.2
132,20190101T024638Z,1J.TI7A.,"['CH1', 'CH2', 'CHZ']",2019-01-01T02:46:38.710000Z,17.2
133,20190101T024954Z,1J.TI3A.,"['CH1', 'CH2', 'CHZ']",2019-01-01T02:49:54.030000Z,3.78
134,20190101T025015Z,1J.TI6A.,"['CH1', 'CH2', 'CHZ']",2019-01-01T02:50:15.740000Z,4.81
135,20190101T025600Z,1J.TI4A.,"['CH1', 'CH2', 'CHZ']",2019-01-01T02:56:00.950000Z,14.14
136,20190101T025600Z,1J.TI3A.,"['CH1', 'CH2', 'CHZ']",2019-01-01T02:56:00.950000Z,14.14
137,20190101T025600Z,1J.TI1A.,"['CH1', 'CH2', 'CHZ']",2019-01-01T02:56:00.950000Z,14.14
138,20190101T025816Z,1J.TI3A.,"['CH1', 'CH2', 'CHZ']",2019-01-01T02:58:16.350000Z,17.2
139,20190101T025816Z,1J.TI6A.,"['CH1', 'CH2', 'CHZ']",2019-01-01T02:58:16.350000Z,17.2
140,20190101T025816Z,1J.TI7A.,"['CH1', 'CH2', 'CHZ']",2019-01-01T02:58:16.350000Z,17.2
141,20190101T030018Z,1J.TI4A.,"['CH1', 'CH2', 'CHZ']",2019-01-01T03:00:18.880000Z,24.15
142,20190101T030018Z,1J.TI3A.,"['CH1', 'CH2', 'CHZ']",2019-01-01T03:00:18.880000Z,24.15
143,20190101T030018Z,1J.TI8A.,"['CH1', 'CH2', 'CHZ']",2019-01-01T03:00:18.880000Z,24.15
144,20190101T030018Z,1J.TI6A.,"['CH1', 'CH2', 'CHZ']",2019-01-01T03:00:18.880000Z,24.15
145,20190101T030018Z,1J.TI1A.,"['CH1', 'CH2', 'CHZ']",2019-01-01T03:00:18.880000Z,24.15
146,20190101T030257Z,1J.TI3A.,"['CH1', 'CH2', 'CHZ']",2019-01-01T03:02:57.210000Z,2.13
147,20190101T030352Z,1J.TI6A.,"['CH1', 'CH2', 'CHZ']",2019-01-01T03:03:52.520000Z,4.81
148,20190101T030936Z,1J.TI3A.,"['CH1', 'CH2', 'CHZ']",2019-01-01T03:09:36.740000Z,23.07
149,20190101T030936Z,1J.TI8A.,"['CH1', 'CH2', 'CHZ']",2019-01-01T03:09:36.740000Z,23.07
150,20190101T030936Z,1J.TI6A.,"['CH1', 'CH2', 'CHZ']",2019-01-01T03:09:36.740000Z,23.07
151,20190101T030936Z,1J.TI1A.,"['CH1', 'CH2', 'CHZ']",2019-01-01T03:09:36.740000Z,23.07
152,20190101T031121Z,1J.TI3A.,"['CH1', 'CH2', 'CHZ']",2019-01-01T03:11:21.680000Z,17.2
153,20190101T031121Z,1J.TI6A.,"['CH1', 'CH2', 'CHZ']",2019-01-01T03:11:21.680000Z,17.2
154,20190101T031121Z,1J.TI7A.,"['CH1', 'CH2', 'CHZ']",2019-01-01T03:11:21.680000Z,17.2
155,20190101T031300Z,1J.TI3A.,"['CH1', 'CH2', 'CHZ']",2019-01-01T03:13:00.580000Z,3.78
156,20190101T031333Z,1J.TI6A.,"['CH1', 'CH2', 'CHZ']",2019-01-01T03:13:33.540000Z,4.81
157,20190101T031508Z,1J.TI3A.,"['CH1', 'CH2', 'CHZ']",2019-01-01T03:15:08.010000Z,27.17
158,20190101T031508Z,1J.TI8A.,"['CH1', 'CH2', 'CHZ']",2019-01-01T03:15:08.010000Z,27.17
159,20190101T031508Z,1J.TI6A.,"['CH1', 'CH2', 'CHZ']",2019-01-01T03:15:08.010000Z,27.17
160,20190101T031508Z,1J.TI1A.,"['CH1', 'CH2', 'CHZ']",2019-01-01T03:15:08.010000Z,27.17
161,20190101T032234Z,1J.TI6A.,"['CH1', 'CH2', 'CHZ']",2019-01-01T03:22:34.610000Z,4.81
162,20190101T032300Z,1J.TI3A.,"['CH1', 'CH2', 'CHZ']",2019-01-01T03:23:00.320000Z,27.17
163,20190101T032300Z,1J.TI8A.,"['CH1', 'CH2', 'CHZ']",2019-01-01T03:23:00.320000Z,27.17
164,20190101T032300Z,1J.TI6A.,"['CH1', 'CH2', 'CHZ']",2019-01-01T03:23:00.320000Z,27.17
165,20190101T032300Z,1J.TI1A.,"['CH1', 'CH2', 'CHZ']",2019-01-01T03:23:00.320000Z,27.17
166,20190101T032700Z,1J.TI3A.,"['CH1', 'CH2', 'CHZ']",2019-01-01T03:27:00.260000Z,17.2
167,20190101T032700Z,1J.TI6A.,"['CH1', 'CH2', 'CHZ']",2019-01-01T03:27:00.260000Z,17.2
168,20190101T032700Z,1J.TI7A.,"['CH1', 'CH2', 'CHZ']",2019-01-01T03:27:00.260000Z,17.2
169,20190101T032824Z,1J.TI4A.,"['CH1', 'CH2', 'CHZ']",2019-01-01T03:28:24.550000Z,55.77
170,20190101T032824Z,1J.TI3A.,"['CH1', 'CH2', 'CHZ']",2019-01-01T03:28:24.550000Z,55.77
171,20190101T032824Z,1J.TI8A.,"['CH1', 'CH2', 'CHZ']",2019-01-01T03:28:24.550000Z,55.77
172,20190101T032824Z,1J.TI6A.,"['CH1', 'CH2', 'CHZ']",2019-01-01T03:28:24.550000Z,55.77
173,20190101T032824Z,1J.TI1A.,"['CH1', 'CH2', 'CHZ']",2019-01-01T03:28:24.550000Z,55.77
174,20190101T033749Z,1J.TI6A.,"['CH1', 'CH2', 'CHZ']",2019-01-01T03:37:49.170000Z,4.81
175,20190101T034627Z,1J.TI3A.,"['CH1', 'CH2', 'CHZ']",2019-01-01T03:46:27.540000Z,17.2
176,20190101T034627Z,1J.TI6A.,"['CH1', 'CH2', 'CHZ']",2019-01-01T03:46:27.540000Z,17.2
177,20190101T034627Z,1J.TI7A.,"['CH1', 'CH2', 'CHZ']",2019-01-01T03:46:27.540000Z,17.2
178,20190101T034804Z,1J.TI3A.,"['CH1', 'CH2', 'CHZ']",2019-01-01T03:48:04.970000Z,3.78
179,20190101T034847Z,1J.TI6A.,"['CH1', 'CH2', 'CHZ']",2019-01-01T03:48:47.460000Z,4.81
180,20190101T034941Z,1J.TI4A.,"['CH1', 'CH2', 'CHZ']",2019-01-01T03:49:41.460000Z,14.14
181,20190101T034941Z,1J.TI3A.,"['CH1', 'CH2', 'CHZ']",2019-01-01T03:49:41.460000Z,14.14
182,20190101T034941Z,1J.TI1A.,"['CH1', 'CH2', 'CHZ']",2019-01-01T03:49:41.460000Z,14.14
183,20190101T035032Z,1J.TI3A.,"['CH1', 'CH2', 'CHZ']",2019-01-01T03:50:32.390000Z,23.96
184,20190101T035032Z,1J.TI8A.,"['CH1', 'CH2', 'CHZ']",2019-01-01T03:50:32.390000Z,23.96
185,20190101T035131Z,1J.TI4A.,"['CH1', 'CH2', 'CHZ']",2019-01-01T03:51:31.810000Z,14.14
186,20190101T035131Z,1J.TI3A.,"['CH1', 'CH2', 'CHZ']",2019-01-01T03:51:31.810000Z,14.14
187,20190101T035131Z,1J.TI1A.,"['CH1', 'CH2', 'CHZ']",2019-01-01T03:51:31.810000Z,14.14
188,20190101T035544Z,1J.TI3A.,"['CH1', 'CH2', 'CHZ']",2019-01-01T03:55:44.030000Z,15.92
189,20190101T035544Z,1J.TI8A.,"['CH1', 'CH2', 'CHZ']",2019-01-01T03:55:44.030000Z,15.92
190,20190101T035636Z,1J.TI3A.,"['CH1', 'CH2', 'CHZ']",2019-01-01T03:56:36.440000Z,3.78
191,20190101T035752Z,1J.TI3A.,"['CH1', 'CH2', 'CHZ']",2019-01-01T03:57:52.790000Z,17.2
192,20190101T035752Z,1J.TI6A.,"['CH1', 'CH2', 'CHZ']",2019-01-01T03:57:52.790000Z,17.2
193,20190101T035752Z,1J.TI7A.,"['CH1', 'CH2', 'CHZ']",2019-01-01T03:57:52.790000Z,17.2
194,20190101T035837Z,1J.TI3A.,"['CH1', 'CH2', 'CHZ']",2019-01-01T03:58:37.970000Z,27.17
195,20190101T035837Z,1J.TI8A.,"['CH1', 'CH2', 'CHZ']",2019-01-01T03:58:37.970000Z,27.17
196,20190101T035837Z,1J.TI6A.,"['CH1', 'CH2', 'CHZ']",2019-01-01T03:58:37.970000Z,27.17
197,20190101T035837Z,1J.TI1A.,"['CH1', 'CH2', 'CHZ']",2019-01-01T03:58:37.970000Z,27.17
198,20190101T040324Z,1J.TI6A.,"['CH1', 'CH2', 'CHZ']",2019-01-01T04:03:24.350000Z,4.81
199,20190101T040402Z,1J.TI4A.,"['CH1', 'CH2', 'CHZ']",2019-01-01T04:04:02.560000Z,14.14
200,20190101T040402Z,1J.TI3A.,"['CH1', 'CH2', 'CHZ']",2019-01-01T04:04:02.560000Z,14.14
201,20190101T040402Z,1J.TI1A.,"['CH1', 'CH2', 'CHZ']",2019-01-01T04:04:02.560000Z,14.14
202,20190101T040602Z,1J.TI3A.,"['CH1', 'CH2', 'CHZ']",2019-01-01T04:06:02.270000Z,23.96
203,20190101T040602Z,1J.TI8A.,"['CH1', 'CH2', 'CHZ']",2019-01-01T04:06:02.270000Z,23.96
204,20190101T040757Z,1J.TI3A.,"['CH1', 'CH2', 'CHZ']",2019-01-01T04:07:57.610000Z,3.78
205,20190101T040941Z,1J.TI3A.,"['CH1', 'CH2', 'CHZ']",2019-01-01T04:09:41.570000Z,17.2
206,20190101T040941Z,1J.TI6A.,"['CH1', 'CH2', 'CHZ']",2019-01-01T04:09:41.570000Z,17.2
207,20190101T040941Z,1J.TI7A.,"['CH1', 'CH2', 'CHZ']",2019-01-01T04:09:41.570000Z,17.2
208,20190101T041544Z,1J.TI6A.,"['CH1', 'CH2', 'CHZ']",2019-01-01T04:15:44.970000Z,4.81
209,20190101T041821Z,1J.TI4A.,"['CH1', 'CH2', 'CHZ']",2019-01-01T04:18:21.050000Z,55.77
210,20190101T041821Z,1J.TI3A.,"['CH1', 'CH2', 'CHZ']",2019-01-01T04:18:21.050000Z,55.77
211,20190101T041821Z,1J.TI8A.,"['CH1', 'CH2', 'CHZ']",2019-01-01T04:18:21.050000Z,55.77
212,20190101T041821Z,1J.TI6A.,"['CH1', 'CH2', 'CHZ']",2019-01-01T04:18:21.050000Z,55.77
213,20190101T041821Z,1J.TI1A.,"['CH1', 'CH2', 'CHZ']",2019-01-01T04:18:21.050000Z,55.77
214,20190101T041834Z,1J.TI3A.,"['CH1', 'CH2', 'CHZ']",2019-01-01T04:18:34.970000Z,23.96
215,20190101T041834Z,1J.TI8A.,"['CH1', 'CH2', 'CHZ']",2019-01-01T04:18:34.970000Z,23.96
216,20190101T042053Z,1J.TI3A.,"['CH1', 'CH2', 'CHZ']",2019-01-01T04:20:53.730000Z,17.2
217,20190101T042053Z,1J.TI6A.,"['CH1', 'CH2', 'CHZ']",2019-01-01T04:20:53.730000Z,17.2
218,20190101T042053Z,1J.TI7A.,"['CH1', 'CH2', 'CHZ']",2019-01-01T04:20:53.730000Z,17.2
219,20190101T042109Z,1J.TI3A.,"['CH1', 'CH2', 'CHZ']",2019-01-01T04:21:09.060000Z,2.13
220,20190101T042126Z,1J.TI3A.,"['CH1', 'CH2', 'CHZ']",2019-01-01T04:21:26.950000Z,27.17
221,20190101T042126Z,1J.TI8A.,"['CH1', 'CH2', 'CHZ']",2019-01-01T04:21:26.950000Z,27.17
222,20190101T042126Z,1J.TI6A.,"['CH1', 'CH2', 'CHZ']",2019-01-01T04:21:26.950000Z,27.17
223,20190101T042126Z,1J.TI1A.,"['CH1', 'CH2', 'CHZ']",2019-01-01T04:21:26.950000Z,27.17
224,20190101T042604Z,1J.TI6A.,"['CH1', 'CH2', 'CHZ']",2019-01-01T04:26:04.730000Z,4.81
225,20190101T043135Z,1J.TI3A.,"['CH1', 'CH2', 'CHZ']",2019-01-01T04:31:35.240000Z,3.78
226,20190101T043218Z,1J.TI3A.,"['CH1', 'CH2', 'CHZ']",2019-01-01T04:32:18.440000Z,23.96
227,20190101T043218Z,1J.TI8A.,"['CH1', 'CH2', 'CHZ']",2019-01-01T04:32:18.440000Z,23.96
228,20190101T043419Z,1J.TI3A.,"['CH1', 'CH2', 'CHZ']",2019-01-01T04:34:19.570000Z,17.2
229,20190101T043419Z,1J.TI6A.,"['CH1', 'CH2', 'CHZ']",2019-01-01T04:34:19.570000Z,17.2
230,20190101T043419Z,1J.TI7A.,"['CH1', 'CH2', 'CHZ']",2019-01-01T04:34:19.570000Z,17.2
231,20190101T043912Z,1J.TI6A.,"['CH1', 'CH2', 'CHZ']",2019-01-01T04:39:12.210000Z,4.81
232,20190101T044143Z,1J.TI3A.,"['CH1', 'CH2', 'CHZ']",2019-01-01T04:41:43.370000Z,27.17
233,20190101T044143Z,1J.TI8A.,"['CH1', 'CH2', 'CHZ']",2019-01-01T04:41:43.370000Z,27.17
234,20190101T044143Z,1J.TI6A.,"['CH1', 'CH2', 'CHZ']",2019-01-01T04:41:43.370000Z,27.17
235,20190101T044143Z,1J.TI1A.,"['CH1', 'CH2', 'CHZ']",2019-01-01T04:41:43.370000Z,27.17
236,20190101T044224Z,1J.TI3A.,"['CH1', 'CH2', 'CHZ']",2019-01-01T04:42:24.910000Z,3.78
237,20190101T044854Z,1J.TI6A.,"['CH1', 'CH2', 'CHZ']",2019-01-01T04:48:54.330000Z,4.81
238,20190101T044942Z,1J.TI4A.,"['CH1', 'CH2', 'CHZ']",2019-01-01T04:49:42.900000Z,55.77
239,20190101T044942Z,1J.TI3A.,"['CH1', 'CH2', 'CHZ']",2019-01-01T04:49:42.900000Z,55.77
240,20190101T044942Z,1J.TI8A.,"['CH1', 'CH2', 'CHZ']",2019-01-01T04:49:42.900000Z,55.77
241,20190101T044942Z,1J.TI6A.,"['CH1', 'CH2', 'CHZ']",2019-01-01T04:49:42.900000Z,55.77
242,20190101T044942Z,1J.TI1A.,"['CH1', 'CH2', 'CHZ']",2019-01-01T04:49:42.900000Z,55.77
243,20190101T045600Z,1J.TI4A.,"['CH1', 'CH2', 'CHZ']",2019-01-01T04:56:00.070000Z,55.77
244,20190101T045600Z,1J.TI3A.,"['CH1', 'CH2', 'CHZ']",2019-01-01T04:56:00.070000Z,55.77
245,20190101T045600Z,1J.TI8A.,"['CH1', 'CH2', 'CHZ']",2019-01-01T04:56:00.070000Z,55.77
246,20190101T045600Z,1J.TI6A.,"['CH1', 'CH2', 'CHZ']",2019-01-01T04:56:00.070000Z,55.77
247,20190101T045600Z,1J.TI1A.,"['CH1', 'CH2', 'CHZ']",2019-01-01T04:56:00.070000Z,55.77
248,20190101T045851Z,1J.TI3A.,"['CH1', 'CH2', 'CHZ']",2019-01-01T04:58:51.770000Z,23.96
249,20190101T045851Z,1J.TI8A.,"['CH1', 'CH2', 'CHZ']",2019-01-01T04:58:51.770000Z,23.96
250,20190101T045940Z,1J.TI4A.,"['CH1', 'CH2', 'CHZ']",2019-01-01T04:59:40.610000Z,24.98
251,20190101T045940Z,1J.TI3A.,"['CH1', 'CH2', 'CHZ']",2019-01-01T04:59:40.610000Z,24.98
252,20190101T045940Z,1J.TI8A.,"['CH1', 'CH2', 'CHZ']",2019-01-01T04:59:40.610000Z,24.98
253,20190101T045940Z,1J.TI6A.,"['CH1', 'CH2', 'CHZ']",2019-01-01T04:59:40.610000Z,24.98
254,20190101T045940Z,1J.TI1A.,"['CH1', 'CH2', 'CHZ']",2019-01-01T04:59:40.610000Z,24.98
255,20190101T045954Z,1J.TI3A.,"['CH1', 'CH2', 'CHZ']",2019-01-01T04:59:54.560000Z,17.2
256,20190101T045954Z,1J.TI6A.,"['CH1', 'CH2', 'CHZ']",2019-01-01T04:59:54.560000Z,17.2
257,20190101T045954Z,1J.TI7A.,"['CH1', 'CH2', 'CHZ']",2019-01-01T04:59:54.560000Z,17.2
258,20190101T050044Z,1J.TI6A.,"['CH1', 'CH2', 'CHZ']",2019-01-01T05:00:44.040000Z,4.81
259,20190101T050534Z,1J.TI3A.,"['CH1', 'CH2', 'CHZ']",2019-01-01T05:05:34.250000Z,27.17
260,20190101T050534Z,1J.TI8A.,"['CH1', 'CH2', 'CHZ']",2019-01-01T05:05:34.250000Z,27.17
261,20190101T050534Z,1J.TI6A.,"['CH1', 'CH2', 'CHZ']",2019-01-01T05:05:34.250000Z,27.17
262,20190101T050534Z,1J.TI1A.,"['CH1', 'CH2', 'CHZ']",2019-01-01T05:05:34.250000Z,27.17
263,20190101T050628Z,1J.TI3A.,"['CH1', 'CH2', 'CHZ']",2019-01-01T05:06:28.030000Z,27.17
264,20190101T050628Z,1J.TI8A.,"['CH1', 'CH2', 'CHZ']",2019-01-01T05:06:28.030000Z,27.17
265,20190101T050628Z,1J.TI6A.,"['CH1', 'CH2', 'CHZ']",2019-01-01T05:06:28.030000Z,27.17
266,20190101T050628Z,1J.TI1A.,"['CH1', 'CH2', 'CHZ']",2019-01-01T05:06:28.030000Z,27.17
267,20190101T050715Z,1J.TI4A.,"['CH1', 'CH2', 'CHZ']",2019-01-01T05:07:15.850000Z,14.14
268,20190101T050715Z,1J.TI3A.,"['CH1', 'CH2', 'CHZ']",2019-01-01T05:07:15.850000Z,14.14
269,20190101T050715Z,1J.TI1A.,"['CH1', 'CH2', 'CHZ']",2019-01-01T05:07:15.850000Z,14.14
270,20190101T050851Z,1J.TI3A.,"['CH1', 'CH2', 'CHZ']",2019-01-01T05:08:51.280000Z,22.89
271,20190101T050851Z,1J.TI8A.,"['CH1', 'CH2', 'CHZ']",2019-01-01T05:08:51.280000Z,22.89
272,20190101T050851Z,1J.TI6A.,"['CH1', 'CH2', 'CHZ']",2019-01-01T05:08:51.280000Z,22.89
273,20190101T051045Z,1J.TI3A.,"['CH1', 'CH2', 'CHZ']",2019-01-01T05:10:45.500000Z,2.13
274,20190101T051144Z,1J.TI6A.,"['CH1', 'CH2', 'CHZ']",2019-01-01T05:11:44.550000Z,4.81
275,20190101T051504Z,1J.TI3A.,"['CH1', 'CH2', 'CHZ']",2019-01-01T05:15:04.650000Z,2.13
276,20190101T051713Z,1J.TI3A.,"['CH1', 'CH2', 'CHZ']",2019-01-01T05:17:13.780000Z,17.2
277,20190101T051713Z,1J.TI6A.,"['CH1', 'CH2', 'CHZ']",2019-01-01T05:17:13.780000Z,17.2
278,20190101T051713Z,1J.TI7A.,"['CH1', 'CH2', 'CHZ']",2019-01-01T05:17:13.780000Z,17.2
279,20190101T051801Z,1J.TI3A.,"['CH1', 'CH2', 'CHZ']",2019-01-01T05:18:01.290000Z,2.13
280,20190101T052503Z,1J.TI3A.,"['CH1', 'CH2', 'CHZ']",2019-01-01T05:25:03.100000Z,20.75
281,20190101T052503Z,1J.TI8A.,"['CH1', 'CH2', 'CHZ']",2019-01-01T05:25:03.100000Z,20.75
282,20190101T052503Z,1J.TI6A.,"['CH1', 'CH2', 'CHZ']",2019-01-01T05:25:03.100000Z,20.75
283,20190101T053144Z,1J.TI3A.,"['CH1', 'CH2', 'CHZ']",2019-01-01T05:31:44.750000Z,17.2
284,20190101T053144Z,1J.TI6A.,"['CH1', 'CH2', 'CHZ']",2019-01-01T05:31:44.750000Z,17.2
285,20190101T053144Z,1J.TI7A.,"['CH1', 'CH2', 'CHZ']",2019-01-01T05:31:44.750000Z,17.2
286,20190101T053608Z,1J.TI3A.,"['CH1', 'CH2', 'CHZ']",2019-01-01T05:36:08.610000Z,23.07
287,20190101T053608Z,1J.TI8A.,"['CH1', 'CH2', 'CHZ']",2019-01-01T05:36:08.610000Z,23.07
288,20190101T053608Z,1J.TI6A.,"['CH1', 'CH2', 'CHZ']",2019-01-01T05:36:08.610000Z,23.07
289,20190101T053608Z,1J.TI1A.,"['CH1', 'CH2', 'CHZ']",2019-01-01T05:36:08.610000Z,23.07
290,20190101T054450Z,1J.TI3A.,"['CH1', 'CH2', 'CHZ']",2019-01-01T05:44:50.700000Z,17.2
291,20190101T054450Z,1J.TI6A.,"['CH1', 'CH2', 'CHZ']",2019-01-01T05:44:50.700000Z,17.2
292,20190101T054450Z,1J.TI7A.,"['CH1', 'CH2', 'CHZ']",2019-01-01T05:44:50.700000Z,17.2
293,20190101T054638Z,1J.TI4A.,"['CH1', 'CH2', 'CHZ']",2019-01-01T05:46:38.500000Z,55.77
294,20190101T054638Z,1J.TI3A.,"['CH1', 'CH2', 'CHZ']",2019-01-01T05:46:38.500000Z,55.77
295,20190101T054638Z,1J.TI8A.,"['CH1', 'CH2', 'CHZ']",2019-01-01T05:46:38.500000Z,55.77
296,20190101T054638Z,1J.TI6A.,"['CH1', 'CH2', 'CHZ']",2019-01-01T05:46:38.500000Z,55.77
297,20190101T054638Z,1J.TI1A.,"['CH1', 'CH2', 'CHZ']",2019-01-01T05:46:38.500000Z,55.77
298,20190101T054722Z,1J.TI6A.,"['CH1', 'CH2', 'CHZ']",2019-01-01T05:47:22.320000Z,4.81
299,20190101T055631Z,1J.TI6A.,"['CH1', 'CH2', 'CHZ']",2019-01-01T05:56:31.850000Z,4.81
300,20190101T055720Z,1J.TI3A.,"['CH1', 'CH2', 'CHZ']",2019-01-01T05:57:20.330000Z,17.2
301,20190101T055720Z,1J.TI6A.,"['CH1', 'CH2', 'CHZ']",2019-01-01T05:57:20.330000Z,17.2
302,20190101T055720Z,1J.TI7A.,"['CH1', 'CH2', 'CHZ']",2019-01-01T05:57:20.330000Z,17.2
303,20190101T060312Z,1J.TI3A.,"['CH1', 'CH2', 'CHZ']",2019-01-01T06:03:12.850000Z,27.17
304,20190101T060312Z,1J.TI8A.,"['CH1', 'CH2', 'CHZ']",2019-01-01T06:03:12.850000Z,27.17
305,20190101T060312Z,1J.TI6A.,"['CH1', 'CH2', 'CHZ']",2019-01-01T06:03:12.850000Z,27.17
306,20190101T060312Z,1J.TI1A.,"['CH1', 'CH2', 'CHZ']",2019-01-01T06:03:12.850000Z,27.17
307,20190101T060608Z,1J.TI6A.,"['CH1', 'CH2', 'CHZ']",2019-01-01T06:06:08.160000Z,4.81
308,20190101T060633Z,1J.TI3A.,"['CH1', 'CH2', 'CHZ']",2019-01-01T06:06:33.710000Z,27.17
309,20190101T060633Z,1J.TI8A.,"['CH1', 'CH2', 'CHZ']",2019-01-01T06:06:33.710000Z,27.17
310,20190101T060633Z,1J.TI6A.,"['CH1', 'CH2', 'CHZ']",2019-01-01T06:06:33.710000Z,27.17
311,20190101T060633Z,1J.TI1A.,"['CH1', 'CH2', 'CHZ']",2019-01-01T06:06:33.710000Z,27.17
312,20190101T060644Z,1J.TI3A.,"['CH1', 'CH2', 'CHZ']",2019-01-01T06:06:44.280000Z,23.07
313,20190101T060644Z,1J.TI8A.,"['CH1', 'CH2', 'CHZ']",2019-01-01T06:06:44.280000Z,23.07
314,20190101T060644Z,1J.TI6A.,"['CH1', 'CH2', 'CHZ']",2019-01-01T06:06:44.280000Z,23.07
315,20190101T060644Z,1J.TI1A.,"['CH1', 'CH2', 'CHZ']",2019-01-01T06:06:44.280000Z,23.07
316,20190101T060726Z,1J.TI3A.,"['CH1', 'CH2', 'CHZ']",2019-01-01T06:07:26.050000Z,23.96
317,20190101T060726Z,1J.TI8A.,"['CH1', 'CH2', 'CHZ']",2019-01-01T06:07:26.050000Z,23.96
318,20190101T061238Z,1J.TI3A.,"['CH1', 'CH2', 'CHZ']",2019-01-01T06:12:38.130000Z,17.2
319,20190101T061238Z,1J.TI6A.,"['CH1', 'CH2', 'CHZ']",2019-01-01T06:12:38.130000Z,17.2
320,20190101T061238Z,1J.TI7A.,"['CH1', 'CH2', 'CHZ']",2019-01-01T06:12:38.130000Z,17.2
321,20190101T061947Z,1J.TI6A.,"['CH1', 'CH2', 'CHZ']",2019-01-01T06:19:47.510000Z,4.81
322,20190101T062055Z,1J.TI3A.,"['CH1', 'CH2', 'CHZ']",2019-01-01T06:20:55.650000Z,3.78
323,20190101T062206Z,1J.TI3A.,"['CH1', 'CH2', 'CHZ']",2019-01-01T06:22:06.150000Z,27.17
324,20190101T062206Z,1J.TI8A.,"['CH1', 'CH2', 'CHZ']",2019-01-01T06:22:06.150000Z,27.17
325,20190101T062206Z,1J.TI6A.,"['CH1', 'CH2', 'CHZ']",2019-01-01T06:22:06.150000Z,27.17
326,20190101T062206Z,1J.TI1A.,"['CH1', 'CH2', 'CHZ']",2019-01-01T06:22:06.150000Z,27.17
327,20190101T062612Z,1J.TI4A.,"['CH1', 'CH2', 'CHZ']",2019-01-01T06:26:12.250000Z,55.77
328,20190101T062612Z,1J.TI3A.,"['CH1', 'CH2', 'CHZ']",2019-01-01T06:26:12.250000Z,55.77
329,20190101T062612Z,1J.TI8A.,"['CH1', 'CH2', 'CHZ']",2019-01-01T06:26:12.250000Z,55.77
330,20190101T062612Z,1J.TI6A.,"['CH1', 'CH2', 'CHZ']",2019-01-01T06:26:12.250000Z,55.77
331,20190101T062612Z,1J.TI1A.,"['CH1', 'CH2', 'CHZ']",2019-01-01T06:26:12.250000Z,55.77
332,20190101T062800Z,1J.TI3A.,"['CH1', 'CH2', 'CHZ']",2019-01-01T06:28:00.000000Z,17.2
333,20190101T062800Z,1J.TI6A.,"['CH1', 'CH2', 'CHZ']",2019-01-01T06:28:00.000000Z,17.2
334,20190101T062800Z,1J.TI7A.,"['CH1', 'CH2', 'CHZ']",2019-01-01T06:28:00.000000Z,17.2
335,20190101T062918Z,1J.TI6A.,"['CH1', 'CH2', 'CHZ']",2019-01-01T06:29:18.570000Z,4.81
336,20190101T063721Z,1J.TI3A.,"['CH1', 'CH2', 'CHZ']",2019-01-01T06:37:21.300000Z,3.78
337,20190101T063747Z,1J.TI6A.,"['CH1', 'CH2', 'CHZ']",2019-01-01T06:37:47.650000Z,4.81
338,20190101T064002Z,1J.TI3A.,"['CH1', 'CH2', 'CHZ']",2019-01-01T06:40:02.500000Z,17.2
339,20190101T064002Z,1J.TI6A.,"['CH1', 'CH2', 'CHZ']",2019-01-01T06:40:02.500000Z,17.2
340,20190101T064002Z,1J.TI7A.,"['CH1', 'CH2', 'CHZ']",2019-01-01T06:40:02.500000Z,17.2
341,20190101T064242Z,1J.TI3A.,"['CH1', 'CH2', 'CHZ']",2019-01-01T06:42:42.550000Z,22.89
342,20190101T064242Z,1J.TI8A.,"['CH1', 'CH2', 'CHZ']",2019-01-01T06:42:42.550000Z,22.89
343,20190101T064242Z,1J.TI6A.,"['CH1', 'CH2', 'CHZ']",2019-01-01T06:42:42.550000Z,22.89
344,20190101T064906Z,1J.TI6A.,"['CH1', 'CH2', 'CHZ']",2019-01-01T06:49:06.210000Z,4.81
345,20190101T065118Z,1J.TI3A.,"['CH1', 'CH2', 'CHZ']",2019-01-01T06:51:18.460000Z,2.13
346,20190101T065301Z,1J.TI4A.,"['CH1', 'CH2', 'CHZ']",2019-01-01T06:53:01.770000Z,24.98
347,20190101T065301Z,1J.TI3A.,"['CH1', 'CH2', 'CHZ']",2019-01-01T06:53:01.770000Z,24.98
348,20190101T065301Z,1J.TI8A.,"['CH1', 'CH2', 'CHZ']",2019-01-01T06:53:01.770000Z,24.98
349,20190101T065301Z,1J.TI6A.,"['CH1', 'CH2', 'CHZ']",2019-01-01T06:53:01.770000Z,24.98
350,20190101T065301Z,1J.TI1A.,"['CH1', 'CH2', 'CHZ']",2019-01-01T06:53:01.770000Z,24.98
351,20190101T065632Z,1J.TI3A.,"['CH1', 'CH2', 'CHZ']",2019-01-01T06:56:32.910000Z,17.2
352,20190101T065632Z,1J.TI6A.,"['CH1', 'CH2', 'CHZ']",2019-01-01T06:56:32.910000Z,17.2
353,20190101T065632Z,1J.TI7A.,"['CH1', 'CH2', 'CHZ']",2019-01-01T06:56:32.910000Z,17.2
354,20190101T070200Z,1J.TI6A.,"['CH1', 'CH2', 'CHZ']",2019-01-01T07:02:00.770000Z,4.81
355,20190101T070444Z,1J.TI3A.,"['CH1', 'CH2', 'CHZ']",2019-01-01T07:04:44.560000Z,2.13
356,20190101T070859Z,1J.TI3A.,"['CH1', 'CH2', 'CHZ']",2019-01-01T07:08:59.890000Z,22.89
357,20190101T070859Z,1J.TI8A.,"['CH1', 'CH2', 'CHZ']",2019-01-01T07:08:59.890000Z,22.89
358,20190101T070859Z,1J.TI6A.,"['CH1', 'CH2', 'CHZ']",2019-01-01T07:08:59.890000Z,22.89
359,20190101T071233Z,1J.TI3A.,"['CH1', 'CH2', 'CHZ']",2019-01-01T07:12:33.510000Z,17.2
360,20190101T071233Z,1J.TI6A.,"['CH1', 'CH2', 'CHZ']",2019-01-01T07:12:33.510000Z,17.2
361,20190101T071233Z,1J.TI7A.,"['CH1', 'CH2', 'CHZ']",2019-01-01T07:12:33.510000Z,17.2
362,20190101T071300Z,1J.TI6A.,"['CH1', 'CH2', 'CHZ']",2019-01-01T07:13:00.480000Z,4.81
363,20190101T071422Z,1J.TI3A.,"['CH1', 'CH2', 'CHZ']",2019-01-01T07:14:22.510000Z,3.78
364,20190101T071820Z,1J.TI4A.,"['CH1', 'CH2', 'CHZ']",2019-01-01T07:18:20.280000Z,55.77
365,20190101T071820Z,1J.TI3A.,"['CH1', 'CH2', 'CHZ']",2019-01-01T07:18:20.280000Z,55.77
366,20190101T071820Z,1J.TI8A.,"['CH1', 'CH2', 'CHZ']",2019-01-01T07:18:20.280000Z,55.77
367,20190101T071820Z,1J.TI6A.,"['CH1', 'CH2', 'CHZ']",2019-01-01T07:18:20.280000Z,55.77
368,20190101T071820Z,1J.TI1A.,"['CH1', 'CH2', 'CHZ']",2019-01-01T07:18:20.280000Z,55.77
369,20190101T071846Z,1J.TI3A.,"['CH1', 'CH2', 'CHZ']",2019-01-01T07:18:46.440000Z,27.17
370,20190101T071846Z,1J.TI8A.,"['CH1', 'CH2', 'CHZ']",2019-01-01T07:18:46.440000Z,27.17
371,20190101T071846Z,1J.TI6A.,"['CH1', 'CH2', 'CHZ']",2019-01-01T07:18:46.440000Z,27.17
372,20190101T071846Z,1J.TI1A.,"['CH1', 'CH2', 'CHZ']",2019-01-01T07:18:46.440000Z,27.17
373,20190101T072325Z,1J.TI4A.,"['CH1', 'CH2', 'CHZ']",2019-01-01T07:23:25.390000Z,24.48
374,20190101T072325Z,1J.TI3A.,"['CH1', 'CH2', 'CHZ']",2019-01-01T07:23:25.390000Z,24.48
375,20190101T072325Z,1J.TI8A.,"['CH1', 'CH2', 'CHZ']",2019-01-01T07:23:25.390000Z,24.48
376,20190101T072325Z,1J.TI6A.,"['CH1', 'CH2', 'CHZ']",2019-01-01T07:23:25.390000Z,24.48
377,20190101T072737Z,1J.TI6A.,"['CH1', 'CH2', 'CHZ']",2019-01-01T07:27:37.730000Z,4.81
378,20190101T073331Z,1J.TI3A.,"['CH1', 'CH2', 'CHZ']",2019-01-01T07:33:31.140000Z,3.78
379,20190101T073441Z,1J.TI3A.,"['CH1', 'CH2', 'CHZ']",2019-01-01T07:34:41.350000Z,17.2
380,20190101T073441Z,1J.TI6A.,"['CH1', 'CH2', 'CHZ']",2019-01-01T07:34:41.350000Z,17.2
381,20190101T073441Z,1J.TI7A.,"['CH1', 'CH2', 'CHZ']",2019-01-01T07:34:41.350000Z,17.2
382,20190101T073714Z,1J.TI6A.,"['CH1', 'CH2', 'CHZ']",2019-01-01T07:37:14.560000Z,4.81
383,20190101T074050Z,1J.TI4A.,"['CH1', 'CH2', 'CHZ']",2019-01-01T07:40:50.890000Z,55.77
384,20190101T074050Z,1J.TI3A.,"['CH1', 'CH2', 'CHZ']",2019-01-01T07:40:50.890000Z,55.77
385,20190101T074050Z,1J.TI8A.,"['CH1', 'CH2', 'CHZ']",2019-01-01T07:40:50.890000Z,55.77
386,20190101T074050Z,1J.TI6A.,"['CH1', 'CH2', 'CHZ']",2019-01-01T07:40:50.890000Z,55.77
387,20190101T074050Z,1J.TI1A.,"['CH1', 'CH2', 'CHZ']",2019-01-01T07:40:50.890000Z,55.77
388,20190101T074135Z,1J.TI3A.,"['CH1', 'CH2', 'CHZ']",2019-01-01T07:41:35.680000Z,27.17
389,20190101T074135Z,1J.TI8A.,"['CH1', 'CH2', 'CHZ']",2019-01-01T07:41:35.680000Z,27.17
390,20190101T074135Z,1J.TI6A.,"['CH1', 'CH2', 'CHZ']",2019-01-01T07:41:35.680000Z,27.17
391,20190101T074135Z,1J.TI1A.,"['CH1', 'CH2', 'CHZ']",2019-01-01T07:41:35.680000Z,27.17
392,20190101T074255Z,1J.TI4A.,"['CH1', 'CH2', 'CHZ']",2019-01-01T07:42:55.950000Z,24.15
393,20190101T074255Z,1J.TI3A.,"['CH1', 'CH2', 'CHZ']",2019-01-01T07:42:55.950000Z,24.15
394,20190101T074255Z,1J.TI8A.,"['CH1', 'CH2', 'CHZ']",2019-01-01T07:42:55.950000Z,24.15
395,20190101T074255Z,1J.TI6A.,"['CH1', 'CH2', 'CHZ']",2019-01-01T07:42:55.950000Z,24.15
396,20190101T074255Z,1J.TI1A.,"['CH1', 'CH2', 'CHZ']",2019-01-01T07:42:55.950000Z,24.15
397,20190101T074426Z,1J.TI3A.,"['CH1', 'CH2', 'CHZ']",2019-01-01T07:44:26.980000Z,12.22
398,20190101T074539Z,1J.TI6A.,"['CH1', 'CH2', 'CHZ']",2019-01-01T07:45:39.430000Z,4.81
399,20190101T074557Z,1J.TI4A.,"['CH1', 'CH2', 'CHZ']",2019-01-01T07:45:57.090000Z,14.14
400,20190101T074557Z,1J.TI3A.,"['CH1', 'CH2', 'CHZ']",2019-01-01T07:45:57.090000Z,14.14
401,20190101T074557Z,1J.TI1A.,"['CH1', 'CH2', 'CHZ']",2019-01-01T07:45:57.090000Z,14.14
402,20190101T074723Z,1J.TI3A.,"['CH1', 'CH2', 'CHZ']",2019-01-01T07:47:23.690000Z,12.22
403,20190101T074803Z,1J.TI4A.,"['CH1', 'CH2', 'CHZ']",2019-01-01T07:48:03.660000Z,14.14
404,20190101T074803Z,1J.TI3A.,"['CH1', 'CH2', 'CHZ']",2019-01-01T07:48:03.660000Z,14.14
405,20190101T074803Z,1J.TI1A.,"['CH1', 'CH2', 'CHZ']",2019-01-01T07:48:03.660000Z,14.14
406,20190101T075119Z,1J.TI3A.,"['CH1', 'CH2', 'CHZ']",2019-01-01T07:51:19.170000Z,27.17
407,20190101T075119Z,1J.TI8A.,"['CH1', 'CH2', 'CHZ']",2019-01-01T07:51:19.170000Z,27.17
408,20190101T075119Z,1J.TI6A.,"['CH1', 'CH2', 'CHZ']",2019-01-01T07:51:19.170000Z,27.17
409,20190101T075119Z,1J.TI1A.,"['CH1', 'CH2', 'CHZ']",2019-01-01T07:51:19.170000Z,27.17
410,20190101T075256Z,1J.TI3A.,"['CH1', 'CH2', 'CHZ']",2019-01-01T07:52:56.400000Z,12.22
411,20190101T075758Z,1J.TI6A.,"['CH1', 'CH2', 'CHZ']",2019-01-01T07:57:58.810000Z,4.81
412,20190101T075831Z,1J.TI3A.,"['CH1', 'CH2', 'CHZ']",2019-01-01T07:58:31.690000Z,2.13
413,20190101T075930Z,1J.TI3A.,"['CH1', 'CH2', 'CHZ']",2019-01-01T07:59:30.570000Z,12.22
414,20190101T075951Z,1J.TI4A.,"['CH1', 'CH2', 'CHZ']",2019-01-01T07:59:51.150000Z,24.48
415,20190101T075951Z,1J.TI3A.,"['CH1', 'CH2', 'CHZ']",2019-01-01T07:59:51.150000Z,24.48
416,20190101T075951Z,1J.TI8A.,"['CH1', 'CH2', 'CHZ']",2019-01-01T07:59:51.150000Z,24.48
417,20190101T075951Z,1J.TI6A.,"['CH1', 'CH2', 'CHZ']",2019-01-01T07:59:51.150000Z,24.48
418,20190101T080020Z,1J.TI4A.,"['CH1', 'CH2', 'CHZ']",2019-01-01T08:00:20.900000Z,14.14
419,20190101T080020Z,1J.TI3A.,"['CH1', 'CH2', 'CHZ']",2019-01-01T08:00:20.900000Z,14.14
420,20190101T080020Z,1J.TI1A.,"['CH1', 'CH2', 'CHZ']",2019-01-01T08:00:20.900000Z,14.14
421,20190101T080052Z,1J.TI3A.,"['CH1', 'CH2', 'CHZ']",2019-01-01T08:00:52.840000Z,3.78
422,20190101T080140Z,1J.TI3A.,"['CH1', 'CH2', 'CHZ']",2019-01-01T08:01:40.530000Z,22.89
423,20190101T080140Z,1J.TI8A.,"['CH1', 'CH2', 'CHZ']",2019-01-01T08:01:40.530000Z,22.89
424,20190101T080140Z,1J.TI6A.,"['CH1', 'CH2', 'CHZ']",2019-01-01T08:01:40.530000Z,22.89
425,20190101T080337Z,1J.TI3A.,"['CH1', 'CH2', 'CHZ']",2019-01-01T08:03:37.140000Z,17.2
426,20190101T080337Z,1J.TI6A.,"['CH1', 'CH2', 'CHZ']",2019-01-01T08:03:37.140000Z,17.2
427,20190101T080337Z,1J.TI7A.,"['CH1', 'CH2', 'CHZ']",2019-01-01T08:03:37.140000Z,17.2
428,20190101T080450Z,1J.TI3A.,"['CH1', 'CH2', 'CHZ']",2019-01-01T08:04:50.810000Z,12.22
429,20190101T080832Z,1J.TI3A.,"['CH1', 'CH2', 'CHZ']",2019-01-01T08:08:32.590000Z,12.22
430,20190101T080852Z,1J.TI3A.,"['CH1', 'CH2', 'CHZ']",2019-01-01T08:08:52.100000Z,3.78
431,20190101T081001Z,1J.TI3A.,"['CH1', 'CH2', 'CHZ']",2019-01-01T08:10:01.050000Z,23.96
432,20190101T081001Z,1J.TI8A.,"['CH1', 'CH2', 'CHZ']",2019-01-01T08:10:01.050000Z,23.96
433,20190101T081031Z,1J.TI8A.,"['CH1', 'CH2', 'CHZ']",2019-01-01T08:10:31.440000Z,20.43
434,20190101T081310Z,1J.TI3A.,"['CH1', 'CH2', 'CHZ']",2019-01-01T08:13:10.980000Z,12.22
435,20190101T081449Z,1J.TI3A.,"['CH1', 'CH2', 'CHZ']",2019-01-01T08:14:49.090000Z,12.22
436,20190101T081657Z,1J.TI3A.,"['CH1', 'CH2', 'CHZ']",2019-01-01T08:16:57.340000Z,20.75
437,20190101T081657Z,1J.TI8A.,"['CH1', 'CH2', 'CHZ']",2019-01-01T08:16:57.340000Z,20.75
438,20190101T081657Z,1J.TI6A.,"['CH1', 'CH2', 'CHZ']",2019-01-01T08:16:57.340000Z,20.75
439,20190101T081817Z,1J.TI6A.,"['CH1', 'CH2', 'CHZ']",2019-01-01T08:18:17.220000Z,4.81
440,20190101T081917Z,1J.TI3A.,"['CH1', 'CH2', 'CHZ']",2019-01-01T08:19:17.430000Z,23.07
441,20190101T081917Z,1J.TI8A.,"['CH1', 'CH2', 'CHZ']",2019-01-01T08:19:17.430000Z,23.07
442,20190101T081917Z,1J.TI6A.,"['CH1', 'CH2', 'CHZ']",2019-01-01T08:19:17.430000Z,23.07
443,20190101T081917Z,1J.TI1A.,"['CH1', 'CH2', 'CHZ']",2019-01-01T08:19:17.430000Z,23.07
444,20190101T082126Z,1J.TI3A.,"['CH1', 'CH2', 'CHZ']",2019-01-01T08:21:26.710000Z,12.22
445,20190101T082402Z,1J.TI3A.,"['CH1', 'CH2', 'CHZ']",2019-01-01T08:24:02.150000Z,23.07
446,20190101T082402Z,1J.TI8A.,"['CH1', 'CH2', 'CHZ']",2019-01-01T08:24:02.150000Z,23.07
447,20190101T082402Z,1J.TI6A.,"['CH1', 'CH2', 'CHZ']",2019-01-01T08:24:02.150000Z,23.07
448,20190101T082402Z,1J.TI1A.,"['CH1', 'CH2', 'CHZ']",2019-01-01T08:24:02.150000Z,23.07
449,20190101T082536Z,1J.TI3A.,"['CH1', 'CH2', 'CHZ']",2019-01-01T08:25:36.570000Z,12.22
450,20190101T082854Z,1J.TI6A.,"['CH1', 'CH2', 'CHZ']",2019-01-01T08:28:54.640000Z,4.81
451,20190101T082923Z,1J.TI3A.,"['CH1', 'CH2', 'CHZ']",2019-01-01T08:29:23.180000Z,3.78
452,20190101T082937Z,1J.TI3A.,"['CH1', 'CH2', 'CHZ']",2019-01-01T08:29:37.470000Z,17.2
453,20190101T082937Z,1J.TI6A.,"['CH1', 'CH2', 'CHZ']",2019-01-01T08:29:37.470000Z,17.2
454,20190101T082937Z,1J.TI7A.,"['CH1', 'CH2', 'CHZ']",2019-01-01T08:29:37.470000Z,17.2
455,20190101T083404Z,1J.TI4A.,"['CH1', 'CH2', 'CHZ']",2019-01-01T08:34:04.040000Z,24.98
456,20190101T083404Z,1J.TI3A.,"['CH1', 'CH2', 'CHZ']",2019-01-01T08:34:04.040000Z,24.98
457,20190101T083404Z,1J.TI8A.,"['CH1', 'CH2', 'CHZ']",2019-01-01T08:34:04.040000Z,24.98
458,20190101T083404Z,1J.TI6A.,"['CH1', 'CH2', 'CHZ']",2019-01-01T08:34:04.040000Z,24.98
459,20190101T083404Z,1J.TI1A.,"['CH1', 'CH2', 'CHZ']",2019-01-01T08:34:04.040000Z,24.98
460,20190101T083758Z,1J.TI3A.,"['CH1', 'CH2', 'CHZ']",2019-01-01T08:37:58.980000Z,12.22
461,20190101T083957Z,1J.TI6A.,"['CH1', 'CH2', 'CHZ']",2019-01-01T08:39:57.880000Z,4.81
462,20190101T084421Z,1J.TI3A.,"['CH1', 'CH2', 'CHZ']",2019-01-01T08:44:21.250000Z,3.78
463,20190101T084559Z,1J.TI3A.,"['CH1', 'CH2', 'CHZ']",2019-01-01T08:45:59.220000Z,17.2
464,20190101T084559Z,1J.TI6A.,"['CH1', 'CH2', 'CHZ']",2019-01-01T08:45:59.220000Z,17.2
465,20190101T084559Z,1J.TI7A.,"['CH1', 'CH2', 'CHZ']",2019-01-01T08:45:59.220000Z,17.2
466,20190101T085104Z,1J.TI3A.,"['CH1', 'CH2', 'CHZ']",2019-01-01T08:51:04.580000Z,22.89
467,20190101T085104Z,1J.TI8A.,"['CH1', 'CH2', 'CHZ']",2019-01-01T08:51:04.580000Z,22.89
468,20190101T085104Z,1J.TI6A.,"['CH1', 'CH2', 'CHZ']",2019-01-01T08:51:04.580000Z,22.89
469,20190101T085118Z,1J.TI6A.,"['CH1', 'CH2', 'CHZ']",2019-01-01T08:51:18.590000Z,4.81
470,20190101T085350Z,1J.TI3A.,"['CH1', 'CH2', 'CHZ']",2019-01-01T08:53:50.740000Z,12.22
471,20190101T085639Z,1J.TI4A.,"['CH1', 'CH2', 'CHZ']",2019-01-01T08:56:39.930000Z,55.77
472,20190101T085639Z,1J.TI3A.,"['CH1', 'CH2', 'CHZ']",2019-01-01T08:56:39.930000Z,55.77
473,20190101T085639Z,1J.TI8A.,"['CH1', 'CH2', 'CHZ']",2019-01-01T08:56:39.930000Z,55.77
474,20190101T085639Z,1J.TI6A.,"['CH1', 'CH2', 'CHZ']",2019-01-01T08:56:39.930000Z,55.77
475,20190101T085639Z,1J.TI1A.,"['CH1', 'CH2', 'CHZ']",2019-01-01T08:56:39.930000Z,55.77
476,20190101T085855Z,1J.TI3A.,"['CH1', 'CH2', 'CHZ']",2019-01-01T08:58:55.960000Z,3.78
477,20190101T085923Z,1J.TI3A.,"['CH1', 'CH2', 'CHZ']",2019-01-01T08:59:23.130000Z,12.22
478,20190101T085935Z,1J.TI6A.,"['CH1', 'CH2', 'CHZ']",2019-01-01T08:59:35.010000Z,4.81
479,20190101T090245Z,1J.TI3A.,"['CH1', 'CH2', 'CHZ']",2019-01-01T09:02:45.320000Z,17.2
480,20190101T090245Z,1J.TI6A.,"['CH1', 'CH2', 'CHZ']",2019-01-01T09:02:45.320000Z,17.2
481,20190101T090245Z,1J.TI7A.,"['CH1', 'CH2', 'CHZ']",2019-01-01T09:02:45.320000Z,17.2
482,20190101T090813Z,1J.TI3A.,"['CH1', 'CH2', 'CHZ']",2019-01-01T09:08:13.450000Z,23.07
483,20190101T090813Z,1J.TI8A.,"['CH1', 'CH2', 'CHZ']",2019-01-01T09:08:13.450000Z,23.07
484,20190101T090813Z,1J.TI6A.,"['CH1', 'CH2', 'CHZ']",2019-01-01T09:08:13.450000Z,23.07
485,20190101T090813Z,1J.TI1A.,"['CH1', 'CH2', 'CHZ']",2019-01-01T09:08:13.450000Z,23.07
486,20190101T091051Z,1J.TI3A.,"['CH1', 'CH2', 'CHZ']",2019-01-01T09:10:51.530000Z,3.78
487,20190101T091101Z,1J.TI3A.,"['CH1', 'CH2', 'CHZ']",2019-01-01T09:11:01.670000Z,22.89
488,20190101T091101Z,1J.TI8A.,"['CH1', 'CH2', 'CHZ']",2019-01-01T09:11:01.670000Z,22.89
489,20190101T091101Z,1J.TI6A.,"['CH1', 'CH2', 'CHZ']",2019-01-01T09:11:01.670000Z,22.89
490,20190101T091328Z,1J.TI6A.,"['CH1', 'CH2', 'CHZ']",2019-01-01T09:13:28.150000Z,4.81
491,20190101T091514Z,1J.TI3A.,"['CH1', 'CH2', 'CHZ']",2019-01-01T09:15:14.550000Z,27.17
492,20190101T091514Z,1J.TI8A.,"['CH1', 'CH2', 'CHZ']",2019-01-01T09:15:14.550000Z,27.17
493,20190101T091514Z,1J.TI6A.,"['CH1', 'CH2', 'CHZ']",2019-01-01T09:15:14.550000Z,27.17
494,20190101T091514Z,1J.TI1A.,"['CH1', 'CH2', 'CHZ']",2019-01-01T09:15:14.550000Z,27.17
495,20190101T091820Z,1J.TI3A.,"['CH1', 'CH2', 'CHZ']",2019-01-01T09:18:20.090000Z,12.22
496,20190101T092433Z,1J.TI6A.,"['CH1', 'CH2', 'CHZ']",2019-01-01T09:24:33.850000Z,4.81
497,20190101T092509Z,1J.TI3A.,"['CH1', 'CH2', 'CHZ']",2019-01-01T09:25:09.170000Z,12.22
498,20190101T092653Z,1J.TI3A.,"['CH1', 'CH2', 'CHZ']",2019-01-01T09:26:53.040000Z,12.22
499,20190101T092718Z,1J.TI3A.,"['CH1', 'CH2', 'CHZ']",2019-01-01T09:27:18.990000Z,2.13
500,20190101T092909Z,1J.TI3A.,"['CH1', 'CH2', 'CHZ']",2019-01-01T09:29:09.330000Z,2.13
501,20190101T093139Z,1J.TI3A.,"['CH1', 'CH2', 'CHZ']",2019-01-01T09:31:39.370000Z,17.2
502,20190101T093139Z,1J.TI6A.,"['CH1', 'CH2', 'CHZ']",2019-01-01T09:31:39.370000Z,17.2
503,20190101T093139Z,1J.TI7A.,"['CH1', 'CH2', 'CHZ']",2019-01-01T09:31:39.370000Z,17.2
504,20190101T093255Z,1J.TI3A.,"['CH1', 'CH2', 'CHZ']",2019-01-01T09:32:55.410000Z,12.22
505,20190101T093357Z,1J.TI6A.,"['CH1', 'CH2', 'CHZ']",2019-01-01T09:33:57.660000Z,4.81
506,20190101T093548Z,1J.TI3A.,"['CH1', 'CH2', 'CHZ']",2019-01-01T09:35:48.000000Z,12.22
507,20190101T093746Z,1J.TI3A.,"['CH1', 'CH2', 'CHZ']",2019-01-01T09:37:46.610000Z,12.22
508,20190101T094227Z,1J.TI3A.,"['CH1', 'CH2', 'CHZ']",2019-01-01T09:42:27.310000Z,27.17
509,20190101T094227Z,1J.TI8A.,"['CH1', 'CH2', 'CHZ']",2019-01-01T09:42:27.310000Z,27.17
510,20190101T094227Z,1J.TI6A.,"['CH1', 'CH2', 'CHZ']",2019-01-01T09:42:27.310000Z,27.17
511,20190101T094227Z,1J.TI1A.,"['CH1', 'CH2', 'CHZ']",2019-01-01T09:42:27.310000Z,27.17
512,20190101T094239Z,1J.TI3A.,"['CH1', 'CH2', 'CHZ']",2019-01-01T09:42:39.430000Z,27.17
513,20190101T094239Z,1J.TI8A.,"['CH1', 'CH2', 'CHZ']",2019-01-01T09:42:39.430000Z,27.17
514,20190101T094239Z,1J.TI6A.,"['CH1', 'CH2', 'CHZ']",2019-01-01T09:42:39.430000Z,27.17
515,20190101T094239Z,1J.TI1A.,"['CH1', 'CH2', 'CHZ']",2019-01-01T09:42:39.430000Z,27.17
516,20190101T094319Z,1J.TI6A.,"['CH1', 'CH2', 'CHZ']",2019-01-01T09:43:19.600000Z,4.81
517,20190101T094433Z,1J.TI3A.,"['CH1', 'CH2', 'CHZ']",2019-01-01T09:44:33.420000Z,17.2
518,20190101T094433Z,1J.TI6A.,"['CH1', 'CH2', 'CHZ']",2019-01-01T09:44:33.420000Z,17.2
519,20190101T094433Z,1J.TI7A.,"['CH1', 'CH2', 'CHZ']",2019-01-01T09:44:33.420000Z,17.2
520,20190101T094748Z,1J.TI3A.,"['CH1', 'CH2', 'CHZ']",2019-01-01T09:47:48.650000Z,23.96
521,20190101T094748Z,1J.TI8A.,"['CH1', 'CH2', 'CHZ']",2019-01-01T09:47:48.650000Z,23.96
522,20190101T095621Z,1J.TI4A.,"['CH1', 'CH2', 'CHZ']",2019-01-01T09:56:21.140000Z,14.14
523,20190101T095621Z,1J.TI3A.,"['CH1', 'CH2', 'CHZ']",2019-01-01T09:56:21.140000Z,14.14
524,20190101T095621Z,1J.TI1A.,"['CH1', 'CH2', 'CHZ']",2019-01-01T09:56:21.140000Z,14.14
525,20190101T095644Z,1J.TI3A.,"['CH1', 'CH2', 'CHZ']",2019-01-01T09:56:44.350000Z,17.2
526,20190101T095644Z,1J.TI6A.,"['CH1', 'CH2', 'CHZ']",2019-01-01T09:56:44.350000Z,17.2
527,20190101T095644Z,1J.TI7A.,"['CH1', 'CH2', 'CHZ']",2019-01-01T09:56:44.350000Z,17.2
528,20190101T095926Z,1J.TI4A.,"['CH1', 'CH2', 'CHZ']",2019-01-01T09:59:26.200000Z,55.77
529,20190101T095926Z,1J.TI3A.,"['CH1', 'CH2', 'CHZ']",2019-01-01T09:59:26.200000Z,55.77
530,20190101T095926Z,1J.TI8A.,"['CH1', 'CH2', 'CHZ']",2019-01-01T09:59:26.200000Z,55.77
531,20190101T095926Z,1J.TI6A.,"['CH1', 'CH2', 'CHZ']",2019-01-01T09:59:26.200000Z,55.77
532,20190101T095926Z,1J.TI1A.,"['CH1', 'CH2', 'CHZ']",2019-01-01T09:59:26.200000Z,55.77
533,20190101T100447Z,1J.TI3A.,"['CH1', 'CH2', 'CHZ']",2019-01-01T10:04:47.030000Z,2.13
534,20190101T100906Z,1J.TI3A.,"['CH1', 'CH2', 'CHZ']",2019-01-01T10:09:06.400000Z,27.17
535,20190101T100906Z,1J.TI8A.,"['CH1', 'CH2', 'CHZ']",2019-01-01T10:09:06.400000Z,27.17
536,20190101T100906Z,1J.TI6A.,"['CH1', 'CH2', 'CHZ']",2019-01-01T10:09:06.400000Z,27.17
537,20190101T100906Z,1J.TI1A.,"['CH1', 'CH2', 'CHZ']",2019-01-01T10:09:06.400000Z,27.17
538,20190101T101952Z,1J.TI3A.,"['CH1', 'CH2', 'CHZ']",2019-01-01T10:19:52.240000Z,17.2
539,20190101T101952Z,1J.TI6A.,"['CH1', 'CH2', 'CHZ']",2019-01-01T10:19:52.240000Z,17.2
540,20190101T101952Z,1J.TI7A.,"['CH1', 'CH2', 'CHZ']",2019-01-01T10:19:52.240000Z,17.2
541,20190101T102032Z,1J.TI6A.,"['CH1', 'CH2', 'CHZ']",2019-01-01T10:20:32.380000Z,4.81
542,20190101T102912Z,1J.TI3A.,"['CH1', 'CH2', 'CHZ']",2019-01-01T10:29:12.500000Z,23.96
543,20190101T102912Z,1J.TI8A.,"['CH1', 'CH2', 'CHZ']",2019-01-01T10:29:12.500000Z,23.96
544,20190101T103036Z,1J.TI3A.,"['CH1', 'CH2', 'CHZ']",2019-01-01T10:30:36.370000Z,27.17
545,20190101T103036Z,1J.TI8A.,"['CH1', 'CH2', 'CHZ']",2019-01-01T10:30:36.370000Z,27.17
546,20190101T103036Z,1J.TI6A.,"['CH1', 'CH2', 'CHZ']",2019-01-01T10:30:36.370000Z,27.17
547,20190101T103036Z,1J.TI1A.,"['CH1', 'CH2', 'CHZ']",2019-01-01T10:30:36.370000Z,27.17
548,20190101T103204Z,1J.TI4A.,"['CH1', 'CH2', 'CHZ']",2019-01-01T10:32:04.670000Z,24.48
549,20190101T103204Z,1J.TI3A.,"['CH1', 'CH2', 'CHZ']",2019-01-01T10:32:04.670000Z,24.48
550,20190101T103204Z,1J.TI8A.,"['CH1', 'CH2', 'CHZ']",2019-01-01T10:32:04.670000Z,24.48
551,20190101T103204Z,1J.TI6A.,"['CH1', 'CH2', 'CHZ']",2019-01-01T10:32:04.670000Z,24.48
552,20190101T103322Z,1J.TI3A.,"['CH1', 'CH2', 'CHZ']",2019-01-01T10:33:22.050000Z,2.13
553,20190101T103546Z,1J.TI3A.,"['CH1', 'CH2', 'CHZ']",2019-01-01T10:35:46.000000Z,2.13
554,20190101T103751Z,1J.TI4A.,"['CH1', 'CH2', 'CHZ']",2019-01-01T10:37:51.160000Z,14.14
555,20190101T103751Z,1J.TI3A.,"['CH1', 'CH2', 'CHZ']",2019-01-01T10:37:51.160000Z,14.14
556,20190101T103751Z,1J.TI1A.,"['CH1', 'CH2', 'CHZ']",2019-01-01T10:37:51.160000Z,14.14
557,20190101T104106Z,1J.TI6A.,"['CH1', 'CH2', 'CHZ']",2019-01-01T10:41:06.620000Z,4.81
558,20190101T104915Z,1J.TI3A.,"['CH1', 'CH2', 'CHZ']",2019-01-01T10:49:15.190000Z,17.2
559,20190101T104915Z,1J.TI6A.,"['CH1', 'CH2', 'CHZ']",2019-01-01T10:49:15.190000Z,17.2
560,20190101T104915Z,1J.TI7A.,"['CH1', 'CH2', 'CHZ']",2019-01-01T10:49:15.190000Z,17.2
561,20190101T105040Z,1J.TI3A.,"['CH1', 'CH2', 'CHZ']",2019-01-01T10:50:40.270000Z,27.17
562,20190101T105040Z,1J.TI8A.,"['CH1', 'CH2', 'CHZ']",2019-01-01T10:50:40.270000Z,27.17
563,20190101T105040Z,1J.TI6A.,"['CH1', 'CH2', 'CHZ']",2019-01-01T10:50:40.270000Z,27.17
564,20190101T105040Z,1J.TI1A.,"['CH1', 'CH2', 'CHZ']",2019-01-01T10:50:40.270000Z,27.17
565,20190101T105313Z,1J.TI6A.,"['CH1', 'CH2', 'CHZ']",2019-01-01T10:53:13.320000Z,4.81
566,20190101T105404Z,1J.TI3A.,"['CH1', 'CH2', 'CHZ']",2019-01-01T10:54:04.560000Z,20.75
567,20190101T105404Z,1J.TI8A.,"['CH1', 'CH2', 'CHZ']",2019-01-01T10:54:04.560000Z,20.75
568,20190101T105404Z,1J.TI6A.,"['CH1', 'CH2', 'CHZ']",2019-01-01T10:54:04.560000Z,20.75
569,20190101T105522Z,1J.TI3A.,"['CH1', 'CH2', 'CHZ']",2019-01-01T10:55:22.660000Z,3.78
570,20190101T110026Z,1J.TI3A.,"['CH1', 'CH2', 'CHZ']",2019-01-01T11:00:26.920000Z,17.2
571,20190101T110026Z,1J.TI6A.,"['CH1', 'CH2', 'CHZ']",2019-01-01T11:00:26.920000Z,17.2
572,20190101T110026Z,1J.TI7A.,"['CH1', 'CH2', 'CHZ']",2019-01-01T11:00:26.920000Z,17.2
573,20190101T110132Z,1J.TI6A.,"['CH1', 'CH2', 'CHZ']",2019-01-01T11:01:32.530000Z,4.81
574,20190101T110834Z,1J.TI3A.,"['CH1', 'CH2', 'CHZ']",2019-01-01T11:08:34.490000Z,22.89
575,20190101T110834Z,1J.TI8A.,"['CH1', 'CH2', 'CHZ']",2019-01-01T11:08:34.490000Z,22.89
576,20190101T110834Z,1J.TI6A.,"['CH1', 'CH2', 'CHZ']",2019-01-01T11:08:34.490000Z,22.89
577,20190101T111216Z,1J.TI6A.,"['CH1', 'CH2', 'CHZ']",2019-01-01T11:12:16.190000Z,4.81
578,20190101T111305Z,1J.TI3A.,"['CH1', 'CH2', 'CHZ']",2019-01-01T11:13:05.430000Z,17.2
579,20190101T111305Z,1J.TI6A.,"['CH1', 'CH2', 'CHZ']",2019-01-01T11:13:05.430000Z,17.2
580,20190101T111305Z,1J.TI7A.,"['CH1', 'CH2', 'CHZ']",2019-01-01T11:13:05.430000Z,17.2
581,20190101T112019Z,1J.TI6A.,"['CH1', 'CH2', 'CHZ']",2019-01-01T11:20:19.070000Z,4.81
582,20190101T112327Z,1J.TI3A.,"['CH1', 'CH2', 'CHZ']",2019-01-01T11:23:27.410000Z,27.17
583,20190101T112327Z,1J.TI8A.,"['CH1', 'CH2', 'CHZ']",2019-01-01T11:23:27.410000Z,27.17
584,20190101T112327Z,1J.TI6A.,"['CH1', 'CH2', 'CHZ']",2019-01-01T11:23:27.410000Z,27.17
585,20190101T112327Z,1J.TI1A.,"['CH1', 'CH2', 'CHZ']",2019-01-01T11:23:27.410000Z,27.17
586,20190101T112517Z,1J.TI3A.,"['CH1', 'CH2', 'CHZ']",2019-01-01T11:25:17.320000Z,17.2
587,20190101T112517Z,1J.TI6A.,"['CH1', 'CH2', 'CHZ']",2019-01-01T11:25:17.320000Z,17.2
588,20190101T112517Z,1J.TI7A.,"['CH1', 'CH2', 'CHZ']",2019-01-01T11:25:17.320000Z,17.2
589,20190101T112726Z,1J.TI3A.,"['CH1', 'CH2', 'CHZ']",2019-01-01T11:27:26.440000Z,20.75
590,20190101T112726Z,1J.TI8A.,"['CH1', 'CH2', 'CHZ']",2019-01-01T11:27:26.440000Z,20.75
591,20190101T112726Z,1J.TI6A.,"['CH1', 'CH2', 'CHZ']",2019-01-01T11:27:26.440000Z,20.75
592,20190101T112803Z,1J.TI4A.,"['CH1', 'CH2', 'CHZ']",2019-01-01T11:28:03.770000Z,55.77
593,20190101T112803Z,1J.TI3A.,"['CH1', 'CH2', 'CHZ']",2019-01-01T11:28:03.770000Z,55.77
594,20190101T112803Z,1J.TI8A.,"['CH1', 'CH2', 'CHZ']",2019-01-01T11:28:03.770000Z,55.77
595,20190101T112803Z,1J.TI6A.,"['CH1', 'CH2', 'CHZ']",2019-01-01T11:28:03.770000Z,55.77
596,20190101T112803Z,1J.TI1A.,"['CH1', 'CH2', 'CHZ']",2019-01-01T11:28:03.770000Z,55.77
597,20190101T112956Z,1J.TI6A.,"['CH1', 'CH2', 'CHZ']",2019-01-01T11:29:56.870000Z,4.81
598,20190101T113538Z,1J.TI3A.,"['CH1', 'CH2', 'CHZ']",2019-01-01T11:35:38.980000Z,23.96
599,20190101T113538Z,1J.TI8A.,"['CH1', 'CH2', 'CHZ']",2019-01-01T11:35:38.980000Z,23.96
600,20190101T113549Z,1J.TI3A.,"['CH1', 'CH2', 'CHZ']",2019-01-01T11:35:49.950000Z,2.13
601,20190101T113711Z,1J.TI3A.,"['CH1', 'CH2', 'CHZ']",2019-01-01T11:37:11.170000Z,17.2
602,20190101T113711Z,1J.TI6A.,"['CH1', 'CH2', 'CHZ']",2019-01-01T11:37:11.170000Z,17.2
603,20190101T113711Z,1J.TI7A.,"['CH1', 'CH2', 'CHZ']",2019-01-01T11:37:11.170000Z,17.2
604,20190101T113800Z,1J.TI3A.,"['CH1', 'CH2', 'CHZ']",2019-01-01T11:38:00.660000Z,22.89
605,20190101T113800Z,1J.TI8A.,"['CH1', 'CH2', 'CHZ']",2019-01-01T11:38:00.660000Z,22.89
606,20190101T113800Z,1J.TI6A.,"['CH1', 'CH2', 'CHZ']",2019-01-01T11:38:00.660000Z,22.89
607,20190101T113949Z,1J.TI6A.,"['CH1', 'CH2', 'CHZ']",2019-01-01T11:39:49.850000Z,4.81
608,20190101T114724Z,1J.TI4A.,"['CH1', 'CH2', 'CHZ']",2019-01-01T11:47:24.140000Z,14.14
609,20190101T114724Z,1J.TI3A.,"['CH1', 'CH2', 'CHZ']",2019-01-01T11:47:24.140000Z,14.14
610,20190101T114724Z,1J.TI1A.,"['CH1', 'CH2', 'CHZ']",2019-01-01T11:47:24.140000Z,14.14
611,20190101T114759Z,1J.TI6A.,"['CH1', 'CH2', 'CHZ']",2019-01-01T11:47:59.100000Z,4.81
612,20190101T115014Z,1J.TI3A.,"['CH1', 'CH2', 'CHZ']",2019-01-01T11:50:14.800000Z,17.2
613,20190101T115014Z,1J.TI6A.,"['CH1', 'CH2', 'CHZ']",2019-01-01T11:50:14.800000Z,17.2
614,20190101T115014Z,1J.TI7A.,"['CH1', 'CH2', 'CHZ']",2019-01-01T11:50:14.800000Z,17.2
615,20190101T115403Z,1J.TI4A.,"['CH1', 'CH2', 'CHZ']",2019-01-01T11:54:03.130000Z,55.77
616,20190101T115403Z,1J.TI3A.,"['CH1', 'CH2', 'CHZ']",2019-01-01T11:54:03.130000Z,55.77
617,20190101T115403Z,1J.TI8A.,"['CH1', 'CH2', 'CHZ']",2019-01-01T11:54:03.130000Z,55.77
618,20190101T115403Z,1J.TI6A.,"['CH1', 'CH2', 'CHZ']",2019-01-01T11:54:03.130000Z,55.77
619,20190101T115403Z,1J.TI1A.,"['CH1', 'CH2', 'CHZ']",2019-01-01T11:54:03.130000Z,55.77
620,20190101T115606Z,1J.TI6A.,"['CH1', 'CH2', 'CHZ']",2019-01-01T11:56:06.100000Z,4.81
621,20190101T115635Z,1J.TI4A.,"['CH1', 'CH2', 'CHZ']",2019-01-01T11:56:35.580000Z,14.14
622,20190101T115635Z,1J.TI3A.,"['CH1', 'CH2', 'CHZ']",2019-01-01T11:56:35.580000Z,14.14
623,20190101T115635Z,1J.TI1A.,"['CH1', 'CH2', 'CHZ']",2019-01-01T11:56:35.580000Z,14.14
624,20190101T115846Z,1J.TI3A.,"['CH1', 'CH2', 'CHZ']",2019-01-01T11:58:46.480000Z,27.17
625,20190101T115846Z,1J.TI8A.,"['CH1', 'CH2', 'CHZ']",2019-01-01T11:58:46.480000Z,27.17
626,20190101T115846Z,1J.TI6A.,"['CH1', 'CH2', 'CHZ']",2019-01-01T11:58:46.480000Z,27.17
627,20190101T115846Z,1J.TI1A.,"['CH1', 'CH2', 'CHZ']",2019-01-01T11:58:46.480000Z,27.17
628,20190101T120212Z,1J.TI3A.,"['CH1', 'CH2', 'CHZ']",2019-01-01T12:02:12.080000Z,17.2
629,20190101T120212Z,1J.TI6A.,"['CH1', 'CH2', 'CHZ']",2019-01-01T12:02:12.080000Z,17.2
630,20190101T120212Z,1J.TI7A.,"['CH1', 'CH2', 'CHZ']",2019-01-01T12:02:12.080000Z,17.2
631,20190101T120451Z,1J.TI6A.,"['CH1', 'CH2', 'CHZ']",2019-01-01T12:04:51.440000Z,4.81
632,20190101T120948Z,1J.TI3A.,"['CH1', 'CH2', 'CHZ']",2019-01-01T12:09:48.980000Z,15.92
633,20190101T120948Z,1J.TI8A.,"['CH1', 'CH2', 'CHZ']",2019-01-01T12:09:48.980000Z,15.92
634,20190101T121342Z,1J.TI3A.,"['CH1', 'CH2', 'CHZ']",2019-01-01T12:13:42.660000Z,3.78
635,20190101T121412Z,1J.TI3A.,"['CH1', 'CH2', 'CHZ']",2019-01-01T12:14:12.240000Z,17.2
636,20190101T121412Z,1J.TI6A.,"['CH1', 'CH2', 'CHZ']",2019-01-01T12:14:12.240000Z,17.2
637,20190101T121412Z,1J.TI7A.,"['CH1', 'CH2', 'CHZ']",2019-01-01T12:14:12.240000Z,17.2
638,20190101T122429Z,1J.TI6A.,"['CH1', 'CH2', 'CHZ']",2019-01-01T12:24:29.860000Z,4.81
639,20190101T123001Z,1J.TI3A.,"['CH1', 'CH2', 'CHZ']",2019-01-01T12:30:01.030000Z,2.13
640,20190101T123224Z,1J.TI3A.,"['CH1', 'CH2', 'CHZ']",2019-01-01T12:32:24.430000Z,2.13
641,20190101T123255Z,1J.TI4A.,"['CH1', 'CH2', 'CHZ']",2019-01-01T12:32:55.980000Z,24.98
642,20190101T123255Z,1J.TI3A.,"['CH1', 'CH2', 'CHZ']",2019-01-01T12:32:55.980000Z,24.98
643,20190101T123255Z,1J.TI8A.,"['CH1', 'CH2', 'CHZ']",2019-01-01T12:32:55.980000Z,24.98
644,20190101T123255Z,1J.TI6A.,"['CH1', 'CH2', 'CHZ']",2019-01-01T12:32:55.980000Z,24.98
645,20190101T123255Z,1J.TI1A.,"['CH1', 'CH2', 'CHZ']",2019-01-01T12:32:55.980000Z,24.98
646,20190101T123951Z,1J.TI3A.,"['CH1', 'CH2', 'CHZ']",2019-01-01T12:39:51.060000Z,17.2
647,20190101T123951Z,1J.TI6A.,"['CH1', 'CH2', 'CHZ']",2019-01-01T12:39:51.060000Z,17.2
648,20190101T123951Z,1J.TI7A.,"['CH1', 'CH2', 'CHZ']",2019-01-01T12:39:51.060000Z,17.2
649,20190101T124324Z,1J.TI6A.,"['CH1', 'CH2', 'CHZ']",2019-01-01T12:43:24.980000Z,4.81
650,20190101T124856Z,1J.TI3A.,"['CH1', 'CH2', 'CHZ']",2019-01-01T12:48:56.400000Z,23.96
651,20190101T124856Z,1J.TI8A.,"['CH1', 'CH2', 'CHZ']",2019-01-01T12:48:56.400000Z,23.96
652,20190101T125202Z,1J.TI3A.,"['CH1', 'CH2', 'CHZ']",2019-01-01T12:52:02.210000Z,17.2
653,20190101T125202Z,1J.TI6A.,"['CH1', 'CH2', 'CHZ']",2019-01-01T12:52:02.210000Z,17.2
654,20190101T125202Z,1J.TI7A.,"['CH1', 'CH2', 'CHZ']",2019-01-01T12:52:02.210000Z,17.2
655,20190101T125215Z,1J.TI6A.,"['CH1', 'CH2', 'CHZ']",2019-01-01T12:52:15.100000Z,4.81
656,20190101T130007Z,1J.TI4A.,"['CH1', 'CH2', 'CHZ']",2019-01-01T13:00:07.040000Z,14.14
657,20190101T130007Z,1J.TI3A.,"['CH1', 'CH2', 'CHZ']",2019-01-01T13:00:07.040000Z,14.14
658,20190101T130007Z,1J.TI1A.,"['CH1', 'CH2', 'CHZ']",2019-01-01T13:00:07.040000Z,14.14
659,20190101T130033Z,1J.TI3A.,"['CH1', 'CH2', 'CHZ']",2019-01-01T13:00:33.140000Z,20.75
660,20190101T130033Z,1J.TI8A.,"['CH1', 'CH2', 'CHZ']",2019-01-01T13:00:33.140000Z,20.75
661,20190101T130033Z,1J.TI6A.,"['CH1', 'CH2', 'CHZ']",2019-01-01T13:00:33.140000Z,20.75
662,20190101T130305Z,1J.TI3A.,"['CH1', 'CH2', 'CHZ']",2019-01-01T13:03:05.800000Z,3.78
663,20190101T130805Z,1J.TI3A.,"['CH1', 'CH2', 'CHZ']",2019-01-01T13:08:05.400000Z,2.13
664,20190101T131645Z,1J.TI8A.,"['CH1', 'CH2', 'CHZ']",2019-01-01T13:16:45.630000Z,20.43
665,20190101T132003Z,1J.TI3A.,"['CH1', 'CH2', 'CHZ']",2019-01-01T13:20:03.380000Z,17.2
666,20190101T132003Z,1J.TI6A.,"['CH1', 'CH2', 'CHZ']",2019-01-01T13:20:03.380000Z,17.2
667,20190101T132003Z,1J.TI7A.,"['CH1', 'CH2', 'CHZ']",2019-01-01T13:20:03.380000Z,17.2
668,20190101T133421Z,1J.TI3A.,"['CH1', 'CH2', 'CHZ']",2019-01-01T13:34:21.370000Z,3.78
669,20190101T133801Z,1J.TI4A.,"['CH1', 'CH2', 'CHZ']",2019-01-01T13:38:01.730000Z,14.14
670,20190101T133801Z,1J.TI3A.,"['CH1', 'CH2', 'CHZ']",2019-01-01T13:38:01.730000Z,14.14
671,20190101T133801Z,1J.TI1A.,"['CH1', 'CH2', 'CHZ']",2019-01-01T13:38:01.730000Z,14.14
672,20190101T134320Z,1J.TI3A.,"['CH1', 'CH2', 'CHZ']",2019-01-01T13:43:20.460000Z,15.92
673,20190101T134320Z,1J.TI8A.,"['CH1', 'CH2', 'CHZ']",2019-01-01T13:43:20.460000Z,15.92
674,20190101T134637Z,1J.TI3A.,"['CH1', 'CH2', 'CHZ']",2019-01-01T13:46:37.690000Z,17.2
675,20190101T134637Z,1J.TI6A.,"['CH1', 'CH2', 'CHZ']",2019-01-01T13:46:37.690000Z,17.2
676,20190101T134637Z,1J.TI7A.,"['CH1', 'CH2', 'CHZ']",2019-01-01T13:46:37.690000Z,17.2
677,20190101T135205Z,1J.TI3A.,"['CH1', 'CH2', 'CHZ']",2019-01-01T13:52:05.070000Z,3.78
678,20190101T135851Z,1J.TI3A.,"['CH1', 'CH2', 'CHZ']",2019-01-01T13:58:51.660000Z,27.17
679,20190101T135851Z,1J.TI8A.,"['CH1', 'CH2', 'CHZ']",2019-01-01T13:58:51.660000Z,27.17
680,20190101T135851Z,1J.TI6A.,"['CH1', 'CH2', 'CHZ']",2019-01-01T13:58:51.660000Z,27.17
681,20190101T135851Z,1J.TI1A.,"['CH1', 'CH2', 'CHZ']",2019-01-01T13:58:51.660000Z,27.17
682,20190101T141039Z,1J.TI3A.,"['CH1', 'CH2', 'CHZ']",2019-01-01T14:10:39.030000Z,17.2
683,20190101T141039Z,1J.TI6A.,"['CH1', 'CH2', 'CHZ']",2019-01-01T14:10:39.030000Z,17.2
684,20190101T141039Z,1J.TI7A.,"['CH1', 'CH2', 'CHZ']",2019-01-01T14:10:39.030000Z,17.2
685,20190101T141157Z,1J.TI3A.,"['CH1', 'CH2', 'CHZ']",2019-01-01T14:11:57.170000Z,27.17
686,20190101T141157Z,1J.TI8A.,"['CH1', 'CH2', 'CHZ']",2019-01-01T14:11:57.170000Z,27.17
687,20190101T141157Z,1J.TI6A.,"['CH1', 'CH2', 'CHZ']",2019-01-01T14:11:57.170000Z,27.17
688,20190101T141157Z,1J.TI1A.,"['CH1', 'CH2', 'CHZ']",2019-01-01T14:11:57.170000Z,27.17
689,20190101T141318Z,1J.TI3A.,"['CH1', 'CH2', 'CHZ']",2019-01-01T14:13:18.460000Z,27.17
690,20190101T141318Z,1J.TI8A.,"['CH1', 'CH2', 'CHZ']",2019-01-01T14:13:18.460000Z,27.17
691,20190101T141318Z,1J.TI6A.,"['CH1', 'CH2', 'CHZ']",2019-01-01T14:13:18.460000Z,27.17
692,20190101T141318Z,1J.TI1A.,"['CH1', 'CH2', 'CHZ']",2019-01-01T14:13:18.460000Z,27.17
693,20190101T141555Z,1J.TI4A.,"['CH1', 'CH2', 'CHZ']",2019-01-01T14:15:55.430000Z,24.48
694,20190101T141555Z,1J.TI3A.,"['CH1', 'CH2', 'CHZ']",2019-01-01T14:15:55.430000Z,24.48
695,20190101T141555Z,1J.TI8A.,"['CH1', 'CH2', 'CHZ']",2019-01-01T14:15:55.430000Z,24.48
696,20190101T141555Z,1J.TI6A.,"['CH1', 'CH2', 'CHZ']",2019-01-01T14:15:55.430000Z,24.48
697,20190101T141611Z,1J.TI3A.,"['CH1', 'CH2', 'CHZ']",2019-01-01T14:16:11.860000Z,3.78
698,20190101T142602Z,1J.TI3A.,"['CH1', 'CH2', 'CHZ']",2019-01-01T14:26:02.610000Z,27.17
699,20190101T142602Z,1J.TI8A.,"['CH1', 'CH2', 'CHZ']",2019-01-01T14:26:02.610000Z,27.17
700,20190101T142602Z,1J.TI6A.,"['CH1', 'CH2', 'CHZ']",2019-01-01T14:26:02.610000Z,27.17
701,20190101T142602Z,1J.TI1A.,"['CH1', 'CH2', 'CHZ']",2019-01-01T14:26:02.610000Z,27.17
702,20190101T142810Z,1J.TI3A.,"['CH1', 'CH2', 'CHZ']",2019-01-01T14:28:10.140000Z,3.78
703,20190101T143003Z,1J.TI3A.,"['CH1', 'CH2', 'CHZ']",2019-01-01T14:30:03.760000Z,27.17
704,20190101T143003Z,1J.TI8A.,"['CH1', 'CH2', 'CHZ']",2019-01-01T14:30:03.760000Z,27.17
705,20190101T143003Z,1J.TI6A.,"['CH1', 'CH2', 'CHZ']",2019-01-01T14:30:03.760000Z,27.17
706,20190101T143003Z,1J.TI1A.,"['CH1', 'CH2', 'CHZ']",2019-01-01T14:30:03.760000Z,27.17
707,20190101T143036Z,1J.TI3A.,"['CH1', 'CH2', 'CHZ']",2019-01-01T14:30:36.400000Z,20.75
708,20190101T143036Z,1J.TI8A.,"['CH1', 'CH2', 'CHZ']",2019-01-01T14:30:36.400000Z,20.75
709,20190101T143036Z,1J.TI6A.,"['CH1', 'CH2', 'CHZ']",2019-01-01T14:30:36.400000Z,20.75
710,20190101T143312Z,1J.TI3A.,"['CH1', 'CH2', 'CHZ']",2019-01-01T14:33:12.120000Z,2.13
711,20190101T144041Z,1J.TI3A.,"['CH1', 'CH2', 'CHZ']",2019-01-01T14:40:41.770000Z,17.2
712,20190101T144041Z,1J.TI6A.,"['CH1', 'CH2', 'CHZ']",2019-01-01T14:40:41.770000Z,17.2
713,20190101T144041Z,1J.TI7A.,"['CH1', 'CH2', 'CHZ']",2019-01-01T14:40:41.770000Z,17.2
714,20190101T145336Z,1J.TI3A.,"['CH1', 'CH2', 'CHZ']",2019-01-01T14:53:36.160000Z,17.2
715,20190101T145336Z,1J.TI6A.,"['CH1', 'CH2', 'CHZ']",2019-01-01T14:53:36.160000Z,17.2
716,20190101T145336Z,1J.TI7A.,"['CH1', 'CH2', 'CHZ']",2019-01-01T14:53:36.160000Z,17.2
717,20190101T145709Z,1J.TI3A.,"['CH1', 'CH2', 'CHZ']",2019-01-01T14:57:09.330000Z,22.89
718,20190101T145709Z,1J.TI8A.,"['CH1', 'CH2', 'CHZ']",2019-01-01T14:57:09.330000Z,22.89
719,20190101T145709Z,1J.TI6A.,"['CH1', 'CH2', 'CHZ']",2019-01-01T14:57:09.330000Z,22.89
720,20190101T145831Z,1J.TI3A.,"['CH1', 'CH2', 'CHZ']",2019-01-01T14:58:31.240000Z,27.17
721,20190101T145831Z,1J.TI8A.,"['CH1', 'CH2', 'CHZ']",2019-01-01T14:58:31.240000Z,27.17
722,20190101T145831Z,1J.TI6A.,"['CH1', 'CH2', 'CHZ']",2019-01-01T14:58:31.240000Z,27.17
723,20190101T145831Z,1J.TI1A.,"['CH1', 'CH2', 'CHZ']",2019-01-01T14:58:31.240000Z,27.17
724,20190101T150028Z,1J.TI3A.,"['CH1', 'CH2', 'CHZ']",2019-01-01T15:00:28.370000Z,15.92
725,20190101T150028Z,1J.TI8A.,"['CH1', 'CH2', 'CHZ']",2019-01-01T15:00:28.370000Z,15.92
726,20190101T150118Z,1J.TI3A.,"['CH1', 'CH2', 'CHZ']",2019-01-01T15:01:18.950000Z,3.78
727,20190101T150602Z,1J.TI3A.,"['CH1', 'CH2', 'CHZ']",2019-01-01T15:06:02.820000Z,23.96
728,20190101T150602Z,1J.TI8A.,"['CH1', 'CH2', 'CHZ']",2019-01-01T15:06:02.820000Z,23.96
729,20190101T150712Z,1J.TI4A.,"['CH1', 'CH2', 'CHZ']",2019-01-01T15:07:12.370000Z,14.14
730,20190101T150712Z,1J.TI3A.,"['CH1', 'CH2', 'CHZ']",2019-01-01T15:07:12.370000Z,14.14
731,20190101T150712Z,1J.TI1A.,"['CH1', 'CH2', 'CHZ']",2019-01-01T15:07:12.370000Z,14.14
732,20190101T151517Z,1J.TI3A.,"['CH1', 'CH2', 'CHZ']",2019-01-01T15:15:17.890000Z,20.75
733,20190101T151517Z,1J.TI8A.,"['CH1', 'CH2', 'CHZ']",2019-01-01T15:15:17.890000Z,20.75
734,20190101T151517Z,1J.TI6A.,"['CH1', 'CH2', 'CHZ']",2019-01-01T15:15:17.890000Z,20.75
735,20190101T151632Z,1J.TI8A.,"['CH1', 'CH2', 'CHZ']",2019-01-01T15:16:32.210000Z,20.43
736,20190101T151733Z,1J.TI4A.,"['CH1', 'CH2', 'CHZ']",2019-01-01T15:17:33.410000Z,24.48
737,20190101T151733Z,1J.TI3A.,"['CH1', 'CH2', 'CHZ']",2019-01-01T15:17:33.410000Z,24.48
738,20190101T151733Z,1J.TI8A.,"['CH1', 'CH2', 'CHZ']",2019-01-01T15:17:33.410000Z,24.48
739,20190101T151733Z,1J.TI6A.,"['CH1', 'CH2', 'CHZ']",2019-01-01T15:17:33.410000Z,24.48
740,20190101T152145Z,1J.TI3A.,"['CH1', 'CH2', 'CHZ']",2019-01-01T15:21:45.950000Z,3.78
741,20190101T152253Z,1J.TI8A.,"['CH1', 'CH2', 'CHZ']",2019-01-01T15:22:53.740000Z,20.43
742,20190101T152537Z,1J.TI3A.,"['CH1', 'CH2', 'CHZ']",2019-01-01T15:25:37.090000Z,27.17
743,20190101T152537Z,1J.TI8A.,"['CH1', 'CH2', 'CHZ']",2019-01-01T15:25:37.090000Z,27.17
744,20190101T152537Z,1J.TI6A.,"['CH1', 'CH2', 'CHZ']",2019-01-01T15:25:37.090000Z,27.17
745,20190101T152537Z,1J.TI1A.,"['CH1', 'CH2', 'CHZ']",2019-01-01T15:25:37.090000Z,27.17
746,20190101T152604Z,1J.TI3A.,"['CH1', 'CH2', 'CHZ']",2019-01-01T15:26:04.530000Z,2.13
747,20190101T154102Z,1J.TI3A.,"['CH1', 'CH2', 'CHZ']",2019-01-01T15:41:02.890000Z,27.17
748,20190101T154102Z,1J.TI8A.,"['CH1', 'CH2', 'CHZ']",2019-01-01T15:41:02.890000Z,27.17
749,20190101T154102Z,1J.TI6A.,"['CH1', 'CH2', 'CHZ']",2019-01-01T15:41:02.890000Z,27.17
750,20190101T154102Z,1J.TI1A.,"['CH1', 'CH2', 'CHZ']",2019-01-01T15:41:02.890000Z,27.17
751,20190101T154322Z,1J.TI3A.,"['CH1', 'CH2', 'CHZ']",2019-01-01T15:43:22.980000Z,17.2
752,20190101T154322Z,1J.TI6A.,"['CH1', 'CH2', 'CHZ']",2019-01-01T15:43:22.980000Z,17.2
753,20190101T154322Z,1J.TI7A.,"['CH1', 'CH2', 'CHZ']",2019-01-01T15:43:22.980000Z,17.2
754,20190101T154631Z,1J.TI4A.,"['CH1', 'CH2', 'CHZ']",2019-01-01T15:46:31.250000Z,55.77
755,20190101T154631Z,1J.TI3A.,"['CH1', 'CH2', 'CHZ']",2019-01-01T15:46:31.250000Z,55.77
756,20190101T154631Z,1J.TI8A.,"['CH1', 'CH2', 'CHZ']",2019-01-01T15:46:31.250000Z,55.77
757,20190101T154631Z,1J.TI6A.,"['CH1', 'CH2', 'CHZ']",2019-01-01T15:46:31.250000Z,55.77
758,20190101T154631Z,1J.TI1A.,"['CH1', 'CH2', 'CHZ']",2019-01-01T15:46:31.250000Z,55.77
759,20190101T154734Z,1J.TI4A.,"['CH1', 'CH2', 'CHZ']",2019-01-01T15:47:34.290000Z,14.14
760,20190101T154734Z,1J.TI3A.,"['CH1', 'CH2', 'CHZ']",2019-01-01T15:47:34.290000Z,14.14
761,20190101T154734Z,1J.TI1A.,"['CH1', 'CH2', 'CHZ']",2019-01-01T15:47:34.290000Z,14.14
762,20190101T154954Z,1J.TI6A.,"['CH1', 'CH2', 'CHZ']",2019-01-01T15:49:54.020000Z,4.81
763,20190101T155421Z,1J.TI4A.,"['CH1', 'CH2', 'CHZ']",2019-01-01T15:54:21.790000Z,14.14
764,20190101T155421Z,1J.TI3A.,"['CH1', 'CH2', 'CHZ']",2019-01-01T15:54:21.790000Z,14.14
765,20190101T155421Z,1J.TI1A.,"['CH1', 'CH2', 'CHZ']",2019-01-01T15:54:21.790000Z,14.14
766,20190101T155703Z,1J.TI3A.,"['CH1', 'CH2', 'CHZ']",2019-01-01T15:57:03.090000Z,17.2
767,20190101T155703Z,1J.TI6A.,"['CH1', 'CH2', 'CHZ']",2019-01-01T15:57:03.090000Z,17.2
768,20190101T155703Z,1J.TI7A.,"['CH1', 'CH2', 'CHZ']",2019-01-01T15:57:03.090000Z,17.2
769,20190101T160127Z,1J.TI3A.,"['CH1', 'CH2', 'CHZ']",2019-01-01T16:01:27.560000Z,2.13
770,20190101T160301Z,1J.TI4A.,"['CH1', 'CH2', 'CHZ']",2019-01-01T16:03:01.610000Z,55.77
771,20190101T160301Z,1J.TI3A.,"['CH1', 'CH2', 'CHZ']",2019-01-01T16:03:01.610000Z,55.77
772,20190101T160301Z,1J.TI8A.,"['CH1', 'CH2', 'CHZ']",2019-01-01T16:03:01.610000Z,55.77
773,20190101T160301Z,1J.TI6A.,"['CH1', 'CH2', 'CHZ']",2019-01-01T16:03:01.610000Z,55.77
774,20190101T160301Z,1J.TI1A.,"['CH1', 'CH2', 'CHZ']",2019-01-01T16:03:01.610000Z,55.77
775,20190101T160921Z,1J.TI3A.,"['CH1', 'CH2', 'CHZ']",2019-01-01T16:09:21.890000Z,17.2
776,20190101T160921Z,1J.TI6A.,"['CH1', 'CH2', 'CHZ']",2019-01-01T16:09:21.890000Z,17.2
777,20190101T160921Z,1J.TI7A.,"['CH1', 'CH2', 'CHZ']",2019-01-01T16:09:21.890000Z,17.2
778,20190101T161017Z,1J.TI3A.,"['CH1', 'CH2', 'CHZ']",2019-01-01T16:10:17.570000Z,27.17
779,20190101T161017Z,1J.TI8A.,"['CH1', 'CH2', 'CHZ']",2019-01-01T16:10:17.570000Z,27.17
780,20190101T161017Z,1J.TI6A.,"['CH1', 'CH2', 'CHZ']",2019-01-01T16:10:17.570000Z,27.17
781,20190101T161017Z,1J.TI1A.,"['CH1', 'CH2', 'CHZ']",2019-01-01T16:10:17.570000Z,27.17
782,20190101T162224Z,1J.TI3A.,"['CH1', 'CH2', 'CHZ']",2019-01-01T16:22:24.390000Z,17.2
783,20190101T162224Z,1J.TI6A.,"['CH1', 'CH2', 'CHZ']",2019-01-01T16:22:24.390000Z,17.2
784,20190101T162224Z,1J.TI7A.,"['CH1', 'CH2', 'CHZ']",2019-01-01T16:22:24.390000Z,17.2
785,20190101T162349Z,1J.TI4A.,"['CH1', 'CH2', 'CHZ']",2019-01-01T16:23:49.860000Z,24.98
786,20190101T162349Z,1J.TI3A.,"['CH1', 'CH2', 'CHZ']",2019-01-01T16:23:49.860000Z,24.98
787,20190101T162349Z,1J.TI8A.,"['CH1', 'CH2', 'CHZ']",2019-01-01T16:23:49.860000Z,24.98
788,20190101T162349Z,1J.TI6A.,"['CH1', 'CH2', 'CHZ']",2019-01-01T16:23:49.860000Z,24.98
789,20190101T162349Z,1J.TI1A.,"['CH1', 'CH2', 'CHZ']",2019-01-01T16:23:49.860000Z,24.98
790,20190101T163740Z,1J.TI3A.,"['CH1', 'CH2', 'CHZ']",2019-01-01T16:37:40.950000Z,2.13
791,20190101T164043Z,1J.TI3A.,"['CH1', 'CH2', 'CHZ']",2019-01-01T16:40:43.330000Z,17.2
792,20190101T164043Z,1J.TI6A.,"['CH1', 'CH2', 'CHZ']",2019-01-01T16:40:43.330000Z,17.2
793,20190101T164043Z,1J.TI7A.,"['CH1', 'CH2', 'CHZ']",2019-01-01T16:40:43.330000Z,17.2
794,20190101T164229Z,1J.TI3A.,"['CH1', 'CH2', 'CHZ']",2019-01-01T16:42:29.280000Z,27.17
795,20190101T164229Z,1J.TI8A.,"['CH1', 'CH2', 'CHZ']",2019-01-01T16:42:29.280000Z,27.17
796,20190101T164229Z,1J.TI6A.,"['CH1', 'CH2', 'CHZ']",2019-01-01T16:42:29.280000Z,27.17
797,20190101T164229Z,1J.TI1A.,"['CH1', 'CH2', 'CHZ']",2019-01-01T16:42:29.280000Z,27.17
798,20190101T164539Z,1J.TI6A.,"['CH1', 'CH2', 'CHZ']",2019-01-01T16:45:39.560000Z,4.81
799,20190101T164915Z,1J.TI3A.,"['CH1', 'CH2', 'CHZ']",2019-01-01T16:49:15.100000Z,27.17
800,20190101T164915Z,1J.TI8A.,"['CH1', 'CH2', 'CHZ']",2019-01-01T16:49:15.100000Z,27.17
801,20190101T164915Z,1J.TI6A.,"['CH1', 'CH2', 'CHZ']",2019-01-01T16:49:15.100000Z,27.17
802,20190101T164915Z,1J.TI1A.,"['CH1', 'CH2', 'CHZ']",2019-01-01T16:49:15.100000Z,27.17
803,20190101T165043Z,1J.TI3A.,"['CH1', 'CH2', 'CHZ']",2019-01-01T16:50:43.700000Z,17.2
804,20190101T165043Z,1J.TI6A.,"['CH1', 'CH2', 'CHZ']",2019-01-01T16:50:43.700000Z,17.2
805,20190101T165043Z,1J.TI7A.,"['CH1', 'CH2', 'CHZ']",2019-01-01T16:50:43.700000Z,17.2
806,20190101T165222Z,1J.TI3A.,"['CH1', 'CH2', 'CHZ']",2019-01-01T16:52:22.230000Z,23.07
807,20190101T165222Z,1J.TI8A.,"['CH1', 'CH2', 'CHZ']",2019-01-01T16:52:22.230000Z,23.07
808,20190101T165222Z,1J.TI6A.,"['CH1', 'CH2', 'CHZ']",2019-01-01T16:52:22.230000Z,23.07
809,20190101T165222Z,1J.TI1A.,"['CH1', 'CH2', 'CHZ']",2019-01-01T16:52:22.230000Z,23.07
810,20190101T165535Z,1J.TI3A.,"['CH1', 'CH2', 'CHZ']",2019-01-01T16:55:35.600000Z,3.78
811,20190101T165742Z,1J.TI3A.,"['CH1', 'CH2', 'CHZ']",2019-01-01T16:57:42.080000Z,27.17
812,20190101T165742Z,1J.TI8A.,"['CH1', 'CH2', 'CHZ']",2019-01-01T16:57:42.080000Z,27.17
813,20190101T165742Z,1J.TI6A.,"['CH1', 'CH2', 'CHZ']",2019-01-01T16:57:42.080000Z,27.17
814,20190101T165742Z,1J.TI1A.,"['CH1', 'CH2', 'CHZ']",2019-01-01T16:57:42.080000Z,27.17
815,20190101T170022Z,1J.TI4A.,"['CH1', 'CH2', 'CHZ']",2019-01-01T17:00:22.330000Z,24.48
816,20190101T170022Z,1J.TI3A.,"['CH1', 'CH2', 'CHZ']",2019-01-01T17:00:22.330000Z,24.48
817,20190101T170022Z,1J.TI8A.,"['CH1', 'CH2', 'CHZ']",2019-01-01T17:00:22.330000Z,24.48
818,20190101T170022Z,1J.TI6A.,"['CH1', 'CH2', 'CHZ']",2019-01-01T17:00:22.330000Z,24.48
819,20190101T170108Z,1J.TI6A.,"['CH1', 'CH2', 'CHZ']",2019-01-01T17:01:08.380000Z,4.81
820,20190101T170359Z,1J.TI3A.,"['CH1', 'CH2', 'CHZ']",2019-01-01T17:03:59.950000Z,17.2
821,20190101T170359Z,1J.TI6A.,"['CH1', 'CH2', 'CHZ']",2019-01-01T17:03:59.950000Z,17.2
822,20190101T170359Z,1J.TI7A.,"['CH1', 'CH2', 'CHZ']",2019-01-01T17:03:59.950000Z,17.2
823,20190101T170706Z,1J.TI8A.,"['CH1', 'CH2', 'CHZ']",2019-01-01T17:07:06.800000Z,20.43
824,20190101T170834Z,1J.TI4A.,"['CH1', 'CH2', 'CHZ']",2019-01-01T17:08:34.770000Z,24.15
825,20190101T170834Z,1J.TI3A.,"['CH1', 'CH2', 'CHZ']",2019-01-01T17:08:34.770000Z,24.15
826,20190101T170834Z,1J.TI8A.,"['CH1', 'CH2', 'CHZ']",2019-01-01T17:08:34.770000Z,24.15
827,20190101T170834Z,1J.TI6A.,"['CH1', 'CH2', 'CHZ']",2019-01-01T17:08:34.770000Z,24.15
828,20190101T170834Z,1J.TI1A.,"['CH1', 'CH2', 'CHZ']",2019-01-01T17:08:34.770000Z,24.15
829,20190101T171003Z,1J.TI4A.,"['CH1', 'CH2', 'CHZ']",2019-01-01T17:10:03.410000Z,24.98
830,20190101T171003Z,1J.TI3A.,"['CH1', 'CH2', 'CHZ']",2019-01-01T17:10:03.410000Z,24.98
831,20190101T171003Z,1J.TI8A.,"['CH1', 'CH2', 'CHZ']",2019-01-01T17:10:03.410000Z,24.98
832,20190101T171003Z,1J.TI6A.,"['CH1', 'CH2', 'CHZ']",2019-01-01T17:10:03.410000Z,24.98
833,20190101T171003Z,1J.TI1A.,"['CH1', 'CH2', 'CHZ']",2019-01-01T17:10:03.410000Z,24.98
834,20190101T171315Z,1J.TI3A.,"['CH1', 'CH2', 'CHZ']",2019-01-01T17:13:15.620000Z,27.17
835,20190101T171315Z,1J.TI8A.,"['CH1', 'CH2', 'CHZ']",2019-01-01T17:13:15.620000Z,27.17
836,20190101T171315Z,1J.TI6A.,"['CH1', 'CH2', 'CHZ']",2019-01-01T17:13:15.620000Z,27.17
837,20190101T171315Z,1J.TI1A.,"['CH1', 'CH2', 'CHZ']",2019-01-01T17:13:15.620000Z,27.17
838,20190101T171600Z,1J.TI3A.,"['CH1', 'CH2', 'CHZ']",2019-01-01T17:16:00.920000Z,20.75
839,20190101T171600Z,1J.TI8A.,"['CH1', 'CH2', 'CHZ']",2019-01-01T17:16:00.920000Z,20.75
840,20190101T171600Z,1J.TI6A.,"['CH1', 'CH2', 'CHZ']",2019-01-01T17:16:00.920000Z,20.75
841,20190101T171651Z,1J.TI3A.,"['CH1', 'CH2', 'CHZ']",2019-01-01T17:16:51.760000Z,3.78
842,20190101T171714Z,1J.TI3A.,"['CH1', 'CH2', 'CHZ']",2019-01-01T17:17:14.940000Z,17.2
843,20190101T171714Z,1J.TI6A.,"['CH1', 'CH2', 'CHZ']",2019-01-01T17:17:14.940000Z,17.2
844,20190101T171714Z,1J.TI7A.,"['CH1', 'CH2', 'CHZ']",2019-01-01T17:17:14.940000Z,17.2
845,20190101T173002Z,1J.TI3A.,"['CH1', 'CH2', 'CHZ']",2019-01-01T17:30:02.780000Z,27.17
846,20190101T173002Z,1J.TI8A.,"['CH1', 'CH2', 'CHZ']",2019-01-01T17:30:02.780000Z,27.17
847,20190101T173002Z,1J.TI6A.,"['CH1', 'CH2', 'CHZ']",2019-01-01T17:30:02.780000Z,27.17
848,20190101T173002Z,1J.TI1A.,"['CH1', 'CH2', 'CHZ']",2019-01-01T17:30:02.780000Z,27.17
849,20190101T173021Z,1J.TI3A.,"['CH1', 'CH2', 'CHZ']",2019-01-01T17:30:21.200000Z,17.2
850,20190101T173021Z,1J.TI6A.,"['CH1', 'CH2', 'CHZ']",2019-01-01T17:30:21.200000Z,17.2
851,20190101T173021Z,1J.TI7A.,"['CH1', 'CH2', 'CHZ']",2019-01-01T17:30:21.200000Z,17.2
852,20190101T174213Z,1J.TI3A.,"['CH1', 'CH2', 'CHZ']",2019-01-01T17:42:13.550000Z,17.2
853,20190101T174213Z,1J.TI6A.,"['CH1', 'CH2', 'CHZ']",2019-01-01T17:42:13.550000Z,17.2
854,20190101T174213Z,1J.TI7A.,"['CH1', 'CH2', 'CHZ']",2019-01-01T17:42:13.550000Z,17.2
855,20190101T175411Z,1J.TI3A.,"['CH1', 'CH2', 'CHZ']",2019-01-01T17:54:11.270000Z,20.75
856,20190101T175411Z,1J.TI8A.,"['CH1', 'CH2', 'CHZ']",2019-01-01T17:54:11.270000Z,20.75
857,20190101T175411Z,1J.TI6A.,"['CH1', 'CH2', 'CHZ']",2019-01-01T17:54:11.270000Z,20.75
858,20190101T175533Z,1J.TI3A.,"['CH1', 'CH2', 'CHZ']",2019-01-01T17:55:33.010000Z,2.13
859,20190101T180028Z,1J.TI3A.,"['CH1', 'CH2', 'CHZ']",2019-01-01T18:00:28.490000Z,17.2
860,20190101T180028Z,1J.TI6A.,"['CH1', 'CH2', 'CHZ']",2019-01-01T18:00:28.490000Z,17.2
861,20190101T180028Z,1J.TI7A.,"['CH1', 'CH2', 'CHZ']",2019-01-01T18:00:28.490000Z,17.2
862,20190101T181017Z,1J.TI6A.,"['CH1', 'CH2', 'CHZ']",2019-01-01T18:10:17.470000Z,4.81
863,20190101T181318Z,1J.TI3A.,"['CH1', 'CH2', 'CHZ']",2019-01-01T18:13:18.080000Z,22.89
864,20190101T181318Z,1J.TI8A.,"['CH1', 'CH2', 'CHZ']",2019-01-01T18:13:18.080000Z,22.89
865,20190101T181318Z,1J.TI6A.,"['CH1', 'CH2', 'CHZ']",2019-01-01T18:13:18.080000Z,22.89
866,20190101T181342Z,1J.TI3A.,"['CH1', 'CH2', 'CHZ']",2019-01-01T18:13:42.430000Z,17.2
867,20190101T181342Z,1J.TI6A.,"['CH1', 'CH2', 'CHZ']",2019-01-01T18:13:42.430000Z,17.2
868,20190101T181342Z,1J.TI7A.,"['CH1', 'CH2', 'CHZ']",2019-01-01T18:13:42.430000Z,17.2
869,20190101T181420Z,1J.TI4A.,"['CH1', 'CH2', 'CHZ']",2019-01-01T18:14:20.060000Z,24.15
870,20190101T181420Z,1J.TI3A.,"['CH1', 'CH2', 'CHZ']",2019-01-01T18:14:20.060000Z,24.15
871,20190101T181420Z,1J.TI8A.,"['CH1', 'CH2', 'CHZ']",2019-01-01T18:14:20.060000Z,24.15
872,20190101T181420Z,1J.TI6A.,"['CH1', 'CH2', 'CHZ']",2019-01-01T18:14:20.060000Z,24.15
873,20190101T181420Z,1J.TI1A.,"['CH1', 'CH2', 'CHZ']",2019-01-01T18:14:20.060000Z,24.15
874,20190101T181831Z,1J.TI4A.,"['CH1', 'CH2', 'CHZ']",2019-01-01T18:18:31.330000Z,14.14
875,20190101T181831Z,1J.TI3A.,"['CH1', 'CH2', 'CHZ']",2019-01-01T18:18:31.330000Z,14.14
876,20190101T181831Z,1J.TI1A.,"['CH1', 'CH2', 'CHZ']",2019-01-01T18:18:31.330000Z,14.14
877,20190101T182756Z,1J.TI3A.,"['CH1', 'CH2', 'CHZ']",2019-01-01T18:27:56.930000Z,17.2
878,20190101T182756Z,1J.TI6A.,"['CH1', 'CH2', 'CHZ']",2019-01-01T18:27:56.930000Z,17.2
879,20190101T182756Z,1J.TI7A.,"['CH1', 'CH2', 'CHZ']",2019-01-01T18:27:56.930000Z,17.2
880,20190101T183414Z,1J.TI3A.,"['CH1', 'CH2', 'CHZ']",2019-01-01T18:34:14.510000Z,3.78
881,20190101T183453Z,1J.TI3A.,"['CH1', 'CH2', 'CHZ']",2019-01-01T18:34:53.790000Z,15.92
882,20190101T183453Z,1J.TI8A.,"['CH1', 'CH2', 'CHZ']",2019-01-01T18:34:53.790000Z,15.92
883,20190101T184126Z,1J.TI3A.,"['CH1', 'CH2', 'CHZ']",2019-01-01T18:41:26.620000Z,17.2
884,20190101T184126Z,1J.TI6A.,"['CH1', 'CH2', 'CHZ']",2019-01-01T18:41:26.620000Z,17.2
885,20190101T184126Z,1J.TI7A.,"['CH1', 'CH2', 'CHZ']",2019-01-01T18:41:26.620000Z,17.2
886,20190101T184250Z,1J.TI3A.,"['CH1', 'CH2', 'CHZ']",2019-01-01T18:42:50.580000Z,3.78
887,20190101T184601Z,1J.TI3A.,"['CH1', 'CH2', 'CHZ']",2019-01-01T18:46:01.340000Z,2.13
888,20190101T185210Z,1J.TI4A.,"['CH1', 'CH2', 'CHZ']",2019-01-01T18:52:10.300000Z,24.15
889,20190101T185210Z,1J.TI3A.,"['CH1', 'CH2', 'CHZ']",2019-01-01T18:52:10.300000Z,24.15
890,20190101T185210Z,1J.TI8A.,"['CH1', 'CH2', 'CHZ']",2019-01-01T18:52:10.300000Z,24.15
891,20190101T185210Z,1J.TI6A.,"['CH1', 'CH2', 'CHZ']",2019-01-01T18:52:10.300000Z,24.15
892,20190101T185210Z,1J.TI1A.,"['CH1', 'CH2', 'CHZ']",2019-01-01T18:52:10.300000Z,24.15
893,20190101T185516Z,1J.TI3A.,"['CH1', 'CH2', 'CHZ']",2019-01-01T18:55:16.910000Z,3.78
894,20190101T185752Z,1J.TI3A.,"['CH1', 'CH2', 'CHZ']",2019-01-01T18:57:52.380000Z,17.2
895,20190101T185752Z,1J.TI6A.,"['CH1', 'CH2', 'CHZ']",2019-01-01T18:57:52.380000Z,17.2
896,20190101T185752Z,1J.TI7A.,"['CH1', 'CH2', 'CHZ']",2019-01-01T18:57:52.380000Z,17.2
897,20190101T190454Z,1J.TI3A.,"['CH1', 'CH2', 'CHZ']",2019-01-01T19:04:54.930000Z,15.92
898,20190101T190454Z,1J.TI8A.,"['CH1', 'CH2', 'CHZ']",2019-01-01T19:04:54.930000Z,15.92
899,20190101T190955Z,1J.TI3A.,"['CH1', 'CH2', 'CHZ']",2019-01-01T19:09:55.080000Z,17.2
900,20190101T190955Z,1J.TI6A.,"['CH1', 'CH2', 'CHZ']",2019-01-01T19:09:55.080000Z,17.2
901,20190101T190955Z,1J.TI7A.,"['CH1', 'CH2', 'CHZ']",2019-01-01T19:09:55.080000Z,17.2
902,20190101T191129Z,1J.TI3A.,"['CH1', 'CH2', 'CHZ']",2019-01-01T19:11:29.140000Z,3.78
903,20190101T191544Z,1J.TI3A.,"['CH1', 'CH2', 'CHZ']",2019-01-01T19:15:44.110000Z,15.92
904,20190101T191544Z,1J.TI8A.,"['CH1', 'CH2', 'CHZ']",2019-01-01T19:15:44.110000Z,15.92
905,20190101T192205Z,1J.TI6A.,"['CH1', 'CH2', 'CHZ']",2019-01-01T19:22:05.860000Z,4.81
906,20190101T192753Z,1J.TI3A.,"['CH1', 'CH2', 'CHZ']",2019-01-01T19:27:53.320000Z,27.17
907,20190101T192753Z,1J.TI8A.,"['CH1', 'CH2', 'CHZ']",2019-01-01T19:27:53.320000Z,27.17
908,20190101T192753Z,1J.TI6A.,"['CH1', 'CH2', 'CHZ']",2019-01-01T19:27:53.320000Z,27.17
909,20190101T192753Z,1J.TI1A.,"['CH1', 'CH2', 'CHZ']",2019-01-01T19:27:53.320000Z,27.17
910,20190101T193001Z,1J.TI4A.,"['CH1', 'CH2', 'CHZ']",2019-01-01T19:30:01.110000Z,14.14
911,20190101T193001Z,1J.TI3A.,"['CH1', 'CH2', 'CHZ']",2019-01-01T19:30:01.110000Z,14.14
912,20190101T193001Z,1J.TI1A.,"['CH1', 'CH2', 'CHZ']",2019-01-01T19:30:01.110000Z,14.14
913,20190101T193244Z,1J.TI4A.,"['CH1', 'CH2', 'CHZ']",2019-01-01T19:32:44.450000Z,14.14
914,20190101T193244Z,1J.TI3A.,"['CH1', 'CH2', 'CHZ']",2019-01-01T19:32:44.450000Z,14.14
915,20190101T193244Z,1J.TI1A.,"['CH1', 'CH2', 'CHZ']",2019-01-01T19:32:44.450000Z,14.14
916,20190101T193341Z,1J.TI4A.,"['CH1', 'CH2', 'CHZ']",2019-01-01T19:33:41.400000Z,14.14
917,20190101T193341Z,1J.TI3A.,"['CH1', 'CH2', 'CHZ']",2019-01-01T19:33:41.400000Z,14.14
918,20190101T193341Z,1J.TI1A.,"['CH1', 'CH2', 'CHZ']",2019-01-01T19:33:41.400000Z,14.14
919,20190101T193357Z,1J.TI3A.,"['CH1', 'CH2', 'CHZ']",2019-01-01T19:33:57.650000Z,27.17
920,20190101T193357Z,1J.TI8A.,"['CH1', 'CH2', 'CHZ']",2019-01-01T19:33:57.650000Z,27.17
921,20190101T193357Z,1J.TI6A.,"['CH1', 'CH2', 'CHZ']",2019-01-01T19:33:57.650000Z,27.17
922,20190101T193357Z,1J.TI1A.,"['CH1', 'CH2', 'CHZ']",2019-01-01T19:33:57.650000Z,27.17
923,20190101T193414Z,1J.TI4A.,"['CH1', 'CH2', 'CHZ']",2019-01-01T19:34:14.510000Z,24.48
924,20190101T193414Z,1J.TI3A.,"['CH1', 'CH2', 'CHZ']",2019-01-01T19:34:14.510000Z,24.48
925,20190101T193414Z,1J.TI8A.,"['CH1', 'CH2', 'CHZ']",2019-01-01T19:34:14.510000Z,24.48
926,20190101T193414Z,1J.TI6A.,"['CH1', 'CH2', 'CHZ']",2019-01-01T19:34:14.510000Z,24.48
927,20190101T193846Z,1J.TI4A.,"['CH1', 'CH2', 'CHZ']",2019-01-01T19:38:46.180000Z,14.14
928,20190101T193846Z,1J.TI3A.,"['CH1', 'CH2', 'CHZ']",2019-01-01T19:38:46.180000Z,14.14
929,20190101T193846Z,1J.TI1A.,"['CH1', 'CH2', 'CHZ']",2019-01-01T19:38:46.180000Z,14.14
930,20190101T193913Z,1J.TI3A.,"['CH1', 'CH2', 'CHZ']",2019-01-01T19:39:13.880000Z,27.17
931,20190101T193913Z,1J.TI8A.,"['CH1', 'CH2', 'CHZ']",2019-01-01T19:39:13.880000Z,27.17
932,20190101T193913Z,1J.TI6A.,"['CH1', 'CH2', 'CHZ']",2019-01-01T19:39:13.880000Z,27.17
933,20190101T193913Z,1J.TI1A.,"['CH1', 'CH2', 'CHZ']",2019-01-01T19:39:13.880000Z,27.17
934,20190101T193958Z,1J.TI4A.,"['CH1', 'CH2', 'CHZ']",2019-01-01T19:39:58.660000Z,24.48
935,20190101T193958Z,1J.TI3A.,"['CH1', 'CH2', 'CHZ']",2019-01-01T19:39:58.660000Z,24.48
936,20190101T193958Z,1J.TI8A.,"['CH1', 'CH2', 'CHZ']",2019-01-01T19:39:58.660000Z,24.48
937,20190101T193958Z,1J.TI6A.,"['CH1', 'CH2', 'CHZ']",2019-01-01T19:39:58.660000Z,24.48
938,20190101T194037Z,1J.TI3A.,"['CH1', 'CH2', 'CHZ']",2019-01-01T19:40:37.310000Z,3.78
939,20190101T194139Z,1J.TI4A.,"['CH1', 'CH2', 'CHZ']",2019-01-01T19:41:39.500000Z,14.14
940,20190101T194139Z,1J.TI3A.,"['CH1', 'CH2', 'CHZ']",2019-01-01T19:41:39.500000Z,14.14
941,20190101T194139Z,1J.TI1A.,"['CH1', 'CH2', 'CHZ']",2019-01-01T19:41:39.500000Z,14.14
942,20190101T194159Z,1J.TI3A.,"['CH1', 'CH2', 'CHZ']",2019-01-01T19:41:59.600000Z,17.2
943,20190101T194159Z,1J.TI6A.,"['CH1', 'CH2', 'CHZ']",2019-01-01T19:41:59.600000Z,17.2
944,20190101T194159Z,1J.TI7A.,"['CH1', 'CH2', 'CHZ']",2019-01-01T19:41:59.600000Z,17.2
945,20190101T194413Z,1J.TI3A.,"['CH1', 'CH2', 'CHZ']",2019-01-01T19:44:13.210000Z,27.17
946,20190101T194413Z,1J.TI8A.,"['CH1', 'CH2', 'CHZ']",2019-01-01T19:44:13.210000Z,27.17
947,20190101T194413Z,1J.TI6A.,"['CH1', 'CH2', 'CHZ']",2019-01-01T19:44:13.210000Z,27.17
948,20190101T194413Z,1J.TI1A.,"['CH1', 'CH2', 'CHZ']",2019-01-01T19:44:13.210000Z,27.17
949,20190101T194438Z,1J.TI3A.,"['CH1', 'CH2', 'CHZ']",2019-01-01T19:44:38.940000Z,27.17
950,20190101T194438Z,1J.TI8A.,"['CH1', 'CH2', 'CHZ']",2019-01-01T19:44:38.940000Z,27.17
951,20190101T194438Z,1J.TI6A.,"['CH1', 'CH2', 'CHZ']",2019-01-01T19:44:38.940000Z,27.17
952,20190101T194438Z,1J.TI1A.,"['CH1', 'CH2', 'CHZ']",2019-01-01T19:44:38.940000Z,27.17
953,20190101T194458Z,1J.TI4A.,"['CH1', 'CH2', 'CHZ']",2019-01-01T19:44:58.860000Z,14.14
954,20190101T194458Z,1J.TI3A.,"['CH1', 'CH2', 'CHZ']",2019-01-01T19:44:58.860000Z,14.14
955,20190101T194458Z,1J.TI1A.,"['CH1', 'CH2', 'CHZ']",2019-01-01T19:44:58.860000Z,14.14
956,20190101T194621Z,1J.TI4A.,"['CH1', 'CH2', 'CHZ']",2019-01-01T19:46:21.000000Z,14.14
957,20190101T194621Z,1J.TI3A.,"['CH1', 'CH2', 'CHZ']",2019-01-01T19:46:21.000000Z,14.14
958,20190101T194621Z,1J.TI1A.,"['CH1', 'CH2', 'CHZ']",2019-01-01T19:46:21.000000Z,14.14
959,20190101T194706Z,1J.TI4A.,"['CH1', 'CH2', 'CHZ']",2019-01-01T19:47:06.570000Z,14.14
960,20190101T194706Z,1J.TI3A.,"['CH1', 'CH2', 'CHZ']",2019-01-01T19:47:06.570000Z,14.14
961,20190101T194706Z,1J.TI1A.,"['CH1', 'CH2', 'CHZ']",2019-01-01T19:47:06.570000Z,14.14
962,20190101T194811Z,1J.TI4A.,"['CH1', 'CH2', 'CHZ']",2019-01-01T19:48:11.090000Z,14.14
963,20190101T194811Z,1J.TI3A.,"['CH1', 'CH2', 'CHZ']",2019-01-01T19:48:11.090000Z,14.14
964,20190101T194811Z,1J.TI1A.,"['CH1', 'CH2', 'CHZ']",2019-01-01T19:48:11.090000Z,14.14
965,20190101T194858Z,1J.TI3A.,"['CH1', 'CH2', 'CHZ']",2019-01-01T19:48:58.160000Z,27.17
966,20190101T194858Z,1J.TI8A.,"['CH1', 'CH2', 'CHZ']",2019-01-01T19:48:58.160000Z,27.17
967,20190101T194858Z,1J.TI6A.,"['CH1', 'CH2', 'CHZ']",2019-01-01T19:48:58.160000Z,27.17
968,20190101T194858Z,1J.TI1A.,"['CH1', 'CH2', 'CHZ']",2019-01-01T19:48:58.160000Z,27.17
969,20190101T194912Z,1J.TI3A.,"['CH1', 'CH2', 'CHZ']",2019-01-01T19:49:12.220000Z,23.07
970,20190101T194912Z,1J.TI8A.,"['CH1', 'CH2', 'CHZ']",2019-01-01T19:49:12.220000Z,23.07
971,20190101T194912Z,1J.TI6A.,"['CH1', 'CH2', 'CHZ']",2019-01-01T19:49:12.220000Z,23.07
972,20190101T194912Z,1J.TI1A.,"['CH1', 'CH2', 'CHZ']",2019-01-01T19:49:12.220000Z,23.07
973,20190101T195041Z,1J.TI4A.,"['CH1', 'CH2', 'CHZ']",2019-01-01T19:50:41.170000Z,14.14
974,20190101T195041Z,1J.TI3A.,"['CH1', 'CH2', 'CHZ']",2019-01-01T19:50:41.170000Z,14.14
975,20190101T195041Z,1J.TI1A.,"['CH1', 'CH2', 'CHZ']",2019-01-01T19:50:41.170000Z,14.14
976,20190101T195240Z,1J.TI4A.,"['CH1', 'CH2', 'CHZ']",2019-01-01T19:52:40.860000Z,14.14
977,20190101T195240Z,1J.TI3A.,"['CH1', 'CH2', 'CHZ']",2019-01-01T19:52:40.860000Z,14.14
978,20190101T195240Z,1J.TI1A.,"['CH1', 'CH2', 'CHZ']",2019-01-01T19:52:40.860000Z,14.14
979,20190101T195256Z,1J.TI4A.,"['CH1', 'CH2', 'CHZ']",2019-01-01T19:52:56.210000Z,14.14
980,20190101T195256Z,1J.TI3A.,"['CH1', 'CH2', 'CHZ']",2019-01-01T19:52:56.210000Z,14.14
981,20190101T195256Z,1J.TI1A.,"['CH1', 'CH2', 'CHZ']",2019-01-01T19:52:56.210000Z,14.14
982,20190101T195307Z,1J.TI3A.,"['CH1', 'CH2', 'CHZ']",2019-01-01T19:53:07.070000Z,20.75
983,20190101T195307Z,1J.TI8A.,"['CH1', 'CH2', 'CHZ']",2019-01-01T19:53:07.070000Z,20.75
984,20190101T195307Z,1J.TI6A.,"['CH1', 'CH2', 'CHZ']",2019-01-01T19:53:07.070000Z,20.75
985,20190101T195435Z,1J.TI3A.,"['CH1', 'CH2', 'CHZ']",2019-01-01T19:54:35.640000Z,17.2
986,20190101T195435Z,1J.TI6A.,"['CH1', 'CH2', 'CHZ']",2019-01-01T19:54:35.640000Z,17.2
987,20190101T195435Z,1J.TI7A.,"['CH1', 'CH2', 'CHZ']",2019-01-01T19:54:35.640000Z,17.2
988,20190101T195551Z,1J.TI4A.,"['CH1', 'CH2', 'CHZ']",2019-01-01T19:55:51.860000Z,14.14
989,20190101T195551Z,1J.TI3A.,"['CH1', 'CH2', 'CHZ']",2019-01-01T19:55:51.860000Z,14.14
990,20190101T195551Z,1J.TI1A.,"['CH1', 'CH2', 'CHZ']",2019-01-01T19:55:51.860000Z,14.14
991,20190101T195649Z,1J.TI4A.,"['CH1', 'CH2', 'CHZ']",2019-01-01T19:56:49.010000Z,14.14
992,20190101T195649Z,1J.TI3A.,"['CH1', 'CH2', 'CHZ']",2019-01-01T19:56:49.010000Z,14.14
993,20190101T195649Z,1J.TI1A.,"['CH1', 'CH2', 'CHZ']",2019-01-01T19:56:49.010000Z,14.14
994,20190101T195820Z,1J.TI3A.,"['CH1', 'CH2', 'CHZ']",2019-01-01T19:58:20.050000Z,27.17
995,20190101T195820Z,1J.TI8A.,"['CH1', 'CH2', 'CHZ']",2019-01-01T19:58:20.050000Z,27.17
996,20190101T195820Z,1J.TI6A.,"['CH1', 'CH2', 'CHZ']",2019-01-01T19:58:20.050000Z,27.17
997,20190101T195820Z,1J.TI1A.,"['CH1', 'CH2', 'CHZ']",2019-01-01T19:58:20.050000Z,27.17
998,20190101T195858Z,1J.TI3A.,"['CH1', 'CH2', 'CHZ']",2019-01-01T19:58:58.810000Z,27.17
999,20190101T195858Z,1J.TI8A.,"['CH1', 'CH2', 'CHZ']",2019-01-01T19:58:58.810000Z,27.17
1000,20190101T195858Z,1J.TI6A.,"['CH1', 'CH2', 'CHZ']",2019-01-01T19:58:58.810000Z,27.17
1001,20190101T195858Z,1J.TI1A.,"['CH1', 'CH2', 'CHZ']",2019-01-01T19:58:58.810000Z,27.17
1002,20190101T200005Z,1J.TI4A.,"['CH1', 'CH2', 'CHZ']",2019-01-01T20:00:05.150000Z,14.14
1003,20190101T200005Z,1J.TI3A.,"['CH1', 'CH2', 'CHZ']",2019-01-01T20:00:05.150000Z,14.14
1004,20190101T200005Z,1J.TI1A.,"['CH1', 'CH2', 'CHZ']",2019-01-01T20:00:05.150000Z,14.14
1005,20190101T200052Z,1J.TI4A.,"['CH1', 'CH2', 'CHZ']",2019-01-01T20:00:52.830000Z,14.14
1006,20190101T200052Z,1J.TI3A.,"['CH1', 'CH2', 'CHZ']",2019-01-01T20:00:52.830000Z,14.14
1007,20190101T200052Z,1J.TI1A.,"['CH1', 'CH2', 'CHZ']",2019-01-01T20:00:52.830000Z,14.14
1008,20190101T200115Z,1J.TI3A.,"['CH1', 'CH2', 'CHZ']",2019-01-01T20:01:15.230000Z,23.96
1009,20190101T200115Z,1J.TI8A.,"['CH1', 'CH2', 'CHZ']",2019-01-01T20:01:15.230000Z,23.96
1010,20190101T200215Z,1J.TI4A.,"['CH1', 'CH2', 'CHZ']",2019-01-01T20:02:15.920000Z,14.14
1011,20190101T200215Z,1J.TI3A.,"['CH1', 'CH2', 'CHZ']",2019-01-01T20:02:15.920000Z,14.14
1012,20190101T200215Z,1J.TI1A.,"['CH1', 'CH2', 'CHZ']",2019-01-01T20:02:15.920000Z,14.14
1013,20190101T200440Z,1J.TI4A.,"['CH1', 'CH2', 'CHZ']",2019-01-01T20:04:40.990000Z,14.14
1014,20190101T200440Z,1J.TI3A.,"['CH1', 'CH2', 'CHZ']",2019-01-01T20:04:40.990000Z,14.14
1015,20190101T200440Z,1J.TI1A.,"['CH1', 'CH2', 'CHZ']",2019-01-01T20:04:40.990000Z,14.14
1016,20190101T200713Z,1J.TI4A.,"['CH1', 'CH2', 'CHZ']",2019-01-01T20:07:13.920000Z,14.14
1017,20190101T200713Z,1J.TI3A.,"['CH1', 'CH2', 'CHZ']",2019-01-01T20:07:13.920000Z,14.14
1018,20190101T200713Z,1J.TI1A.,"['CH1', 'CH2', 'CHZ']",2019-01-01T20:07:13.920000Z,14.14
1019,20190101T200743Z,1J.TI4A.,"['CH1', 'CH2', 'CHZ']",2019-01-01T20:07:43.280000Z,14.14
1020,20190101T200743Z,1J.TI3A.,"['CH1', 'CH2', 'CHZ']",2019-01-01T20:07:43.280000Z,14.14
1021,20190101T200743Z,1J.TI1A.,"['CH1', 'CH2', 'CHZ']",2019-01-01T20:07:43.280000Z,14.14
1022,20190101T200807Z,1J.TI3A.,"['CH1', 'CH2', 'CHZ']",2019-01-01T20:08:07.120000Z,17.2
1023,20190101T200807Z,1J.TI6A.,"['CH1', 'CH2', 'CHZ']",2019-01-01T20:08:07.120000Z,17.2
1024,20190101T200807Z,1J.TI7A.,"['CH1', 'CH2', 'CHZ']",2019-01-01T20:08:07.120000Z,17.2
1025,20190101T200829Z,1J.TI4A.,"['CH1', 'CH2', 'CHZ']",2019-01-01T20:08:29.290000Z,14.14
1026,20190101T200829Z,1J.TI3A.,"['CH1', 'CH2', 'CHZ']",2019-01-01T20:08:29.290000Z,14.14
1027,20190101T200829Z,1J.TI1A.,"['CH1', 'CH2', 'CHZ']",2019-01-01T20:08:29.290000Z,14.14
1028,20190101T200908Z,1J.TI3A.,"['CH1', 'CH2', 'CHZ']",2019-01-01T20:09:08.780000Z,27.17
1029,20190101T200908Z,1J.TI8A.,"['CH1', 'CH2', 'CHZ']",2019-01-01T20:09:08.780000Z,27.17
1030,20190101T200908Z,1J.TI6A.,"['CH1', 'CH2', 'CHZ']",2019-01-01T20:09:08.780000Z,27.17
1031,20190101T200908Z,1J.TI1A.,"['CH1', 'CH2', 'CHZ']",2019-01-01T20:09:08.780000Z,27.17
1032,20190101T200937Z,1J.TI4A.,"['CH1', 'CH2', 'CHZ']",2019-01-01T20:09:37.770000Z,14.14
1033,20190101T200937Z,1J.TI3A.,"['CH1', 'CH2', 'CHZ']",2019-01-01T20:09:37.770000Z,14.14
1034,20190101T200937Z,1J.TI1A.,"['CH1', 'CH2', 'CHZ']",2019-01-01T20:09:37.770000Z,14.14
1035,20190101T201026Z,1J.TI4A.,"['CH1', 'CH2', 'CHZ']",2019-01-01T20:10:26.390000Z,14.14
1036,20190101T201026Z,1J.TI3A.,"['CH1', 'CH2', 'CHZ']",2019-01-01T20:10:26.390000Z,14.14
1037,20190101T201026Z,1J.TI1A.,"['CH1', 'CH2', 'CHZ']",2019-01-01T20:10:26.390000Z,14.14
1038,20190101T201054Z,1J.TI4A.,"['CH1', 'CH2', 'CHZ']",2019-01-01T20:10:54.430000Z,14.14
1039,20190101T201054Z,1J.TI3A.,"['CH1', 'CH2', 'CHZ']",2019-01-01T20:10:54.430000Z,14.14
1040,20190101T201054Z,1J.TI1A.,"['CH1', 'CH2', 'CHZ']",2019-01-01T20:10:54.430000Z,14.14
1041,20190101T201119Z,1J.TI4A.,"['CH1', 'CH2', 'CHZ']",2019-01-01T20:11:19.370000Z,14.14
1042,20190101T201119Z,1J.TI3A.,"['CH1', 'CH2', 'CHZ']",2019-01-01T20:11:19.370000Z,14.14
1043,20190101T201119Z,1J.TI1A.,"['CH1', 'CH2', 'CHZ']",2019-01-01T20:11:19.370000Z,14.14
1044,20190101T201200Z,1J.TI4A.,"['CH1', 'CH2', 'CHZ']",2019-01-01T20:12:00.880000Z,14.14
1045,20190101T201200Z,1J.TI3A.,"['CH1', 'CH2', 'CHZ']",2019-01-01T20:12:00.880000Z,14.14
1046,20190101T201200Z,1J.TI1A.,"['CH1', 'CH2', 'CHZ']",2019-01-01T20:12:00.880000Z,14.14
1047,20190101T201219Z,1J.TI4A.,"['CH1', 'CH2', 'CHZ']",2019-01-01T20:12:19.570000Z,14.14
1048,20190101T201219Z,1J.TI3A.,"['CH1', 'CH2', 'CHZ']",2019-01-01T20:12:19.570000Z,14.14
1049,20190101T201219Z,1J.TI1A.,"['CH1', 'CH2', 'CHZ']",2019-01-01T20:12:19.570000Z,14.14
1050,20190101T201305Z,1J.TI4A.,"['CH1', 'CH2', 'CHZ']",2019-01-01T20:13:05.070000Z,14.14
1051,20190101T201305Z,1J.TI3A.,"['CH1', 'CH2', 'CHZ']",2019-01-01T20:13:05.070000Z,14.14
1052,20190101T201305Z,1J.TI1A.,"['CH1', 'CH2', 'CHZ']",2019-01-01T20:13:05.070000Z,14.14
1053,20190101T201344Z,1J.TI4A.,"['CH1', 'CH2', 'CHZ']",2019-01-01T20:13:44.010000Z,14.14
1054,20190101T201344Z,1J.TI3A.,"['CH1', 'CH2', 'CHZ']",2019-01-01T20:13:44.010000Z,14.14
1055,20190101T201344Z,1J.TI1A.,"['CH1', 'CH2', 'CHZ']",2019-01-01T20:13:44.010000Z,14.14
1056,20190101T201409Z,1J.TI4A.,"['CH1', 'CH2', 'CHZ']",2019-01-01T20:14:09.080000Z,14.14
1057,20190101T201409Z,1J.TI3A.,"['CH1', 'CH2', 'CHZ']",2019-01-01T20:14:09.080000Z,14.14
1058,20190101T201409Z,1J.TI1A.,"['CH1', 'CH2', 'CHZ']",2019-01-01T20:14:09.080000Z,14.14
1059,20190101T201423Z,1J.TI4A.,"['CH1', 'CH2', 'CHZ']",2019-01-01T20:14:23.500000Z,14.14
1060,20190101T201423Z,1J.TI3A.,"['CH1', 'CH2', 'CHZ']",2019-01-01T20:14:23.500000Z,14.14
1061,20190101T201423Z,1J.TI1A.,"['CH1', 'CH2', 'CHZ']",2019-01-01T20:14:23.500000Z,14.14
1062,20190101T201511Z,1J.TI4A.,"['CH1', 'CH2', 'CHZ']",2019-01-01T20:15:11.060000Z,14.14
1063,20190101T201511Z,1J.TI3A.,"['CH1', 'CH2', 'CHZ']",2019-01-01T20:15:11.060000Z,14.14
1064,20190101T201511Z,1J.TI1A.,"['CH1', 'CH2', 'CHZ']",2019-01-01T20:15:11.060000Z,14.14
1065,20190101T201647Z,1J.TI4A.,"['CH1', 'CH2', 'CHZ']",2019-01-01T20:16:47.930000Z,14.14
1066,20190101T201647Z,1J.TI3A.,"['CH1', 'CH2', 'CHZ']",2019-01-01T20:16:47.930000Z,14.14
1067,20190101T201647Z,1J.TI1A.,"['CH1', 'CH2', 'CHZ']",2019-01-01T20:16:47.930000Z,14.14
1068,20190101T201659Z,1J.TI4A.,"['CH1', 'CH2', 'CHZ']",2019-01-01T20:16:59.200000Z,14.14
1069,20190101T201659Z,1J.TI3A.,"['CH1', 'CH2', 'CHZ']",2019-01-01T20:16:59.200000Z,14.14
1070,20190101T201659Z,1J.TI1A.,"['CH1', 'CH2', 'CHZ']",2019-01-01T20:16:59.200000Z,14.14
1071,20190101T201714Z,1J.TI4A.,"['CH1', 'CH2', 'CHZ']",2019-01-01T20:17:14.600000Z,14.14
1072,20190101T201714Z,1J.TI3A.,"['CH1', 'CH2', 'CHZ']",2019-01-01T20:17:14.600000Z,14.14
1073,20190101T201714Z,1J.TI1A.,"['CH1', 'CH2', 'CHZ']",2019-01-01T20:17:14.600000Z,14.14
1074,20190101T201743Z,1J.TI4A.,"['CH1', 'CH2', 'CHZ']",2019-01-01T20:17:43.770000Z,14.14
1075,20190101T201743Z,1J.TI3A.,"['CH1', 'CH2', 'CHZ']",2019-01-01T20:17:43.770000Z,14.14
1076,20190101T201743Z,1J.TI1A.,"['CH1', 'CH2', 'CHZ']",2019-01-01T20:17:43.770000Z,14.14
1077,20190101T201820Z,1J.TI4A.,"['CH1', 'CH2', 'CHZ']",2019-01-01T20:18:20.190000Z,14.14
1078,20190101T201820Z,1J.TI3A.,"['CH1', 'CH2', 'CHZ']",2019-01-01T20:18:20.190000Z,14.14
1079,20190101T201820Z,1J.TI1A.,"['CH1', 'CH2', 'CHZ']",2019-01-01T20:18:20.190000Z,14.14
1080,20190101T201910Z,1J.TI4A.,"['CH1', 'CH2', 'CHZ']",2019-01-01T20:19:10.580000Z,14.14
1081,20190101T201910Z,1J.TI3A.,"['CH1', 'CH2', 'CHZ']",2019-01-01T20:19:10.580000Z,14.14
1082,20190101T201910Z,1J.TI1A.,"['CH1', 'CH2', 'CHZ']",2019-01-01T20:19:10.580000Z,14.14
1083,20190101T202037Z,1J.TI4A.,"['CH1', 'CH2', 'CHZ']",2019-01-01T20:20:37.590000Z,14.14
1084,20190101T202037Z,1J.TI3A.,"['CH1', 'CH2', 'CHZ']",2019-01-01T20:20:37.590000Z,14.14
1085,20190101T202037Z,1J.TI1A.,"['CH1', 'CH2', 'CHZ']",2019-01-01T20:20:37.590000Z,14.14
1086,20190101T202111Z,1J.TI3A.,"['CH1', 'CH2', 'CHZ']",2019-01-01T20:21:11.550000Z,17.2
1087,20190101T202111Z,1J.TI6A.,"['CH1', 'CH2', 'CHZ']",2019-01-01T20:21:11.550000Z,17.2
1088,20190101T202111Z,1J.TI7A.,"['CH1', 'CH2', 'CHZ']",2019-01-01T20:21:11.550000Z,17.2
1089,20190101T202243Z,1J.TI4A.,"['CH1', 'CH2', 'CHZ']",2019-01-01T20:22:43.670000Z,14.14
1090,20190101T202243Z,1J.TI3A.,"['CH1', 'CH2', 'CHZ']",2019-01-01T20:22:43.670000Z,14.14
1091,20190101T202243Z,1J.TI1A.,"['CH1', 'CH2', 'CHZ']",2019-01-01T20:22:43.670000Z,14.14
1092,20190101T202437Z,1J.TI4A.,"['CH1', 'CH2', 'CHZ']",2019-01-01T20:24:37.180000Z,14.14
1093,20190101T202437Z,1J.TI3A.,"['CH1', 'CH2', 'CHZ']",2019-01-01T20:24:37.180000Z,14.14
1094,20190101T202437Z,1J.TI1A.,"['CH1', 'CH2', 'CHZ']",2019-01-01T20:24:37.180000Z,14.14
1095,20190101T202612Z,1J.TI4A.,"['CH1', 'CH2', 'CHZ']",2019-01-01T20:26:12.920000Z,14.14
1096,20190101T202612Z,1J.TI3A.,"['CH1', 'CH2', 'CHZ']",2019-01-01T20:26:12.920000Z,14.14
1097,20190101T202612Z,1J.TI1A.,"['CH1', 'CH2', 'CHZ']",2019-01-01T20:26:12.920000Z,14.14
1098,20190101T202720Z,1J.TI4A.,"['CH1', 'CH2', 'CHZ']",2019-01-01T20:27:20.570000Z,14.14
1099,20190101T202720Z,1J.TI3A.,"['CH1', 'CH2', 'CHZ']",2019-01-01T20:27:20.570000Z,14.14
1100,20190101T202720Z,1J.TI1A.,"['CH1', 'CH2', 'CHZ']",2019-01-01T20:27:20.570000Z,14.14
1101,20190101T202812Z,1J.TI4A.,"['CH1', 'CH2', 'CHZ']",2019-01-01T20:28:12.030000Z,14.14
1102,20190101T202812Z,1J.TI3A.,"['CH1', 'CH2', 'CHZ']",2019-01-01T20:28:12.030000Z,14.14
1103,20190101T202812Z,1J.TI1A.,"['CH1', 'CH2', 'CHZ']",2019-01-01T20:28:12.030000Z,14.14
1104,20190101T202833Z,1J.TI4A.,"['CH1', 'CH2', 'CHZ']",2019-01-01T20:28:33.430000Z,14.14
1105,20190101T202833Z,1J.TI3A.,"['CH1', 'CH2', 'CHZ']",2019-01-01T20:28:33.430000Z,14.14
1106,20190101T202833Z,1J.TI1A.,"['CH1', 'CH2', 'CHZ']",2019-01-01T20:28:33.430000Z,14.14
1107,20190101T202857Z,1J.TI4A.,"['CH1', 'CH2', 'CHZ']",2019-01-01T20:28:57.310000Z,14.14
1108,20190101T202857Z,1J.TI3A.,"['CH1', 'CH2', 'CHZ']",2019-01-01T20:28:57.310000Z,14.14
1109,20190101T202857Z,1J.TI1A.,"['CH1', 'CH2', 'CHZ']",2019-01-01T20:28:57.310000Z,14.14
1110,20190101T203006Z,1J.TI4A.,"['CH1', 'CH2', 'CHZ']",2019-01-01T20:30:06.260000Z,14.14
1111,20190101T203006Z,1J.TI3A.,"['CH1', 'CH2', 'CHZ']",2019-01-01T20:30:06.260000Z,14.14
1112,20190101T203006Z,1J.TI1A.,"['CH1', 'CH2', 'CHZ']",2019-01-01T20:30:06.260000Z,14.14
1113,20190101T203027Z,1J.TI4A.,"['CH1', 'CH2', 'CHZ']",2019-01-01T20:30:27.800000Z,14.14
1114,20190101T203027Z,1J.TI3A.,"['CH1', 'CH2', 'CHZ']",2019-01-01T20:30:27.800000Z,14.14
1115,20190101T203027Z,1J.TI1A.,"['CH1', 'CH2', 'CHZ']",2019-01-01T20:30:27.800000Z,14.14
1116,20190101T203052Z,1J.TI4A.,"['CH1', 'CH2', 'CHZ']",2019-01-01T20:30:52.230000Z,14.14
1117,20190101T203052Z,1J.TI3A.,"['CH1', 'CH2', 'CHZ']",2019-01-01T20:30:52.230000Z,14.14
1118,20190101T203052Z,1J.TI1A.,"['CH1', 'CH2', 'CHZ']",2019-01-01T20:30:52.230000Z,14.14
1119,20190101T203149Z,1J.TI4A.,"['CH1', 'CH2', 'CHZ']",2019-01-01T20:31:49.880000Z,14.14
1120,20190101T203149Z,1J.TI3A.,"['CH1', 'CH2', 'CHZ']",2019-01-01T20:31:49.880000Z,14.14
1121,20190101T203149Z,1J.TI1A.,"['CH1', 'CH2', 'CHZ']",2019-01-01T20:31:49.880000Z,14.14
1122,20190101T203223Z,1J.TI4A.,"['CH1', 'CH2', 'CHZ']",2019-01-01T20:32:23.620000Z,14.14
1123,20190101T203223Z,1J.TI3A.,"['CH1', 'CH2', 'CHZ']",2019-01-01T20:32:23.620000Z,14.14
1124,20190101T203223Z,1J.TI1A.,"['CH1', 'CH2', 'CHZ']",2019-01-01T20:32:23.620000Z,14.14
1125,20190101T203315Z,1J.TI3A.,"['CH1', 'CH2', 'CHZ']",2019-01-01T20:33:15.910000Z,17.2
1126,20190101T203315Z,1J.TI6A.,"['CH1', 'CH2', 'CHZ']",2019-01-01T20:33:15.910000Z,17.2
1127,20190101T203315Z,1J.TI7A.,"['CH1', 'CH2', 'CHZ']",2019-01-01T20:33:15.910000Z,17.2
1128,20190101T203353Z,1J.TI4A.,"['CH1', 'CH2', 'CHZ']",2019-01-01T20:33:53.840000Z,14.14
1129,20190101T203353Z,1J.TI3A.,"['CH1', 'CH2', 'CHZ']",2019-01-01T20:33:53.840000Z,14.14
1130,20190101T203353Z,1J.TI1A.,"['CH1', 'CH2', 'CHZ']",2019-01-01T20:33:53.840000Z,14.14
1131,20190101T203600Z,1J.TI4A.,"['CH1', 'CH2', 'CHZ']",2019-01-01T20:36:00.570000Z,14.14
1132,20190101T203600Z,1J.TI3A.,"['CH1', 'CH2', 'CHZ']",2019-01-01T20:36:00.570000Z,14.14
1133,20190101T203600Z,1J.TI1A.,"['CH1', 'CH2', 'CHZ']",2019-01-01T20:36:00.570000Z,14.14
1134,20190101T204128Z,1J.TI4A.,"['CH1', 'CH2', 'CHZ']",2019-01-01T20:41:28.850000Z,24.98
1135,20190101T204128Z,1J.TI3A.,"['CH1', 'CH2', 'CHZ']",2019-01-01T20:41:28.850000Z,24.98
1136,20190101T204128Z,1J.TI8A.,"['CH1', 'CH2', 'CHZ']",2019-01-01T20:41:28.850000Z,24.98
1137,20190101T204128Z,1J.TI6A.,"['CH1', 'CH2', 'CHZ']",2019-01-01T20:41:28.850000Z,24.98
1138,20190101T204128Z,1J.TI1A.,"['CH1', 'CH2', 'CHZ']",2019-01-01T20:41:28.850000Z,24.98
1139,20190101T204309Z,1J.TI3A.,"['CH1', 'CH2', 'CHZ']",2019-01-01T20:43:09.490000Z,23.96
1140,20190101T204309Z,1J.TI8A.,"['CH1', 'CH2', 'CHZ']",2019-01-01T20:43:09.490000Z,23.96
1141,20190101T204346Z,1J.TI4A.,"['CH1', 'CH2', 'CHZ']",2019-01-01T20:43:46.830000Z,14.14
1142,20190101T204346Z,1J.TI3A.,"['CH1', 'CH2', 'CHZ']",2019-01-01T20:43:46.830000Z,14.14
1143,20190101T204346Z,1J.TI1A.,"['CH1', 'CH2', 'CHZ']",2019-01-01T20:43:46.830000Z,14.14
1144,20190101T204455Z,1J.TI4A.,"['CH1', 'CH2', 'CHZ']",2019-01-01T20:44:55.670000Z,14.14
1145,20190101T204455Z,1J.TI3A.,"['CH1', 'CH2', 'CHZ']",2019-01-01T20:44:55.670000Z,14.14
1146,20190101T204455Z,1J.TI1A.,"['CH1', 'CH2', 'CHZ']",2019-01-01T20:44:55.670000Z,14.14
1147,20190101T204506Z,1J.TI4A.,"['CH1', 'CH2', 'CHZ']",2019-01-01T20:45:06.880000Z,14.14
1148,20190101T204506Z,1J.TI3A.,"['CH1', 'CH2', 'CHZ']",2019-01-01T20:45:06.880000Z,14.14
1149,20190101T204506Z,1J.TI1A.,"['CH1', 'CH2', 'CHZ']",2019-01-01T20:45:06.880000Z,14.14
1150,20190101T204522Z,1J.TI4A.,"['CH1', 'CH2', 'CHZ']",2019-01-01T20:45:22.190000Z,14.14
1151,20190101T204522Z,1J.TI3A.,"['CH1', 'CH2', 'CHZ']",2019-01-01T20:45:22.190000Z,14.14
1152,20190101T204522Z,1J.TI1A.,"['CH1', 'CH2', 'CHZ']",2019-01-01T20:45:22.190000Z,14.14
1153,20190101T204549Z,1J.TI3A.,"['CH1', 'CH2', 'CHZ']",2019-01-01T20:45:49.980000Z,17.2
1154,20190101T204549Z,1J.TI6A.,"['CH1', 'CH2', 'CHZ']",2019-01-01T20:45:49.980000Z,17.2
1155,20190101T204549Z,1J.TI7A.,"['CH1', 'CH2', 'CHZ']",2019-01-01T20:45:49.980000Z,17.2
1156,20190101T204714Z,1J.TI4A.,"['CH1', 'CH2', 'CHZ']",2019-01-01T20:47:14.590000Z,14.14
1157,20190101T204714Z,1J.TI3A.,"['CH1', 'CH2', 'CHZ']",2019-01-01T20:47:14.590000Z,14.14
1158,20190101T204714Z,1J.TI1A.,"['CH1', 'CH2', 'CHZ']",2019-01-01T20:47:14.590000Z,14.14
1159,20190101T204931Z,1J.TI4A.,"['CH1', 'CH2', 'CHZ']",2019-01-01T20:49:31.390000Z,14.14
1160,20190101T204931Z,1J.TI3A.,"['CH1', 'CH2', 'CHZ']",2019-01-01T20:49:31.390000Z,14.14
1161,20190101T204931Z,1J.TI1A.,"['CH1', 'CH2', 'CHZ']",2019-01-01T20:49:31.390000Z,14.14
1162,20190101T204958Z,1J.TI4A.,"['CH1', 'CH2', 'CHZ']",2019-01-01T20:49:58.080000Z,14.14
1163,20190101T204958Z,1J.TI3A.,"['CH1', 'CH2', 'CHZ']",2019-01-01T20:49:58.080000Z,14.14
1164,20190101T204958Z,1J.TI1A.,"['CH1', 'CH2', 'CHZ']",2019-01-01T20:49:58.080000Z,14.14
1165,20190101T205024Z,1J.TI3A.,"['CH1', 'CH2', 'CHZ']",2019-01-01T20:50:24.200000Z,27.17
1166,20190101T205024Z,1J.TI8A.,"['CH1', 'CH2', 'CHZ']",2019-01-01T20:50:24.200000Z,27.17
1167,20190101T205024Z,1J.TI6A.,"['CH1', 'CH2', 'CHZ']",2019-01-01T20:50:24.200000Z,27.17
1168,20190101T205024Z,1J.TI1A.,"['CH1', 'CH2', 'CHZ']",2019-01-01T20:50:24.200000Z,27.17
1169,20190101T205127Z,1J.TI4A.,"['CH1', 'CH2', 'CHZ']",2019-01-01T20:51:27.120000Z,14.14
1170,20190101T205127Z,1J.TI3A.,"['CH1', 'CH2', 'CHZ']",2019-01-01T20:51:27.120000Z,14.14
1171,20190101T205127Z,1J.TI1A.,"['CH1', 'CH2', 'CHZ']",2019-01-01T20:51:27.120000Z,14.14
1172,20190101T205331Z,1J.TI3A.,"['CH1', 'CH2', 'CHZ']",2019-01-01T20:53:31.320000Z,2.13
1173,20190101T205426Z,1J.TI4A.,"['CH1', 'CH2', 'CHZ']",2019-01-01T20:54:26.320000Z,14.14
1174,20190101T205426Z,1J.TI3A.,"['CH1', 'CH2', 'CHZ']",2019-01-01T20:54:26.320000Z,14.14
1175,20190101T205426Z,1J.TI1A.,"['CH1', 'CH2', 'CHZ']",2019-01-01T20:54:26.320000Z,14.14
1176,20190101T205514Z,1J.TI4A.,"['CH1', 'CH2', 'CHZ']",2019-01-01T20:55:14.120000Z,14.14
1177,20190101T205514Z,1J.TI3A.,"['CH1', 'CH2', 'CHZ']",2019-01-01T20:55:14.120000Z,14.14
1178,20190101T205514Z,1J.TI1A.,"['CH1', 'CH2', 'CHZ']",2019-01-01T20:55:14.120000Z,14.14
1179,20190101T205542Z,1J.TI4A.,"['CH1', 'CH2', 'CHZ']",2019-01-01T20:55:42.830000Z,14.14
1180,20190101T205542Z,1J.TI3A.,"['CH1', 'CH2', 'CHZ']",2019-01-01T20:55:42.830000Z,14.14
1181,20190101T205542Z,1J.TI1A.,"['CH1', 'CH2', 'CHZ']",2019-01-01T20:55:42.830000Z,14.14
1182,20190101T205658Z,1J.TI4A.,"['CH1', 'CH2', 'CHZ']",2019-01-01T20:56:58.260000Z,14.14
1183,20190101T205658Z,1J.TI3A.,"['CH1', 'CH2', 'CHZ']",2019-01-01T20:56:58.260000Z,14.14
1184,20190101T205658Z,1J.TI1A.,"['CH1', 'CH2', 'CHZ']",2019-01-01T20:56:58.260000Z,14.14
1185,20190101T205829Z,1J.TI3A.,"['CH1', 'CH2', 'CHZ']",2019-01-01T20:58:29.800000Z,27.17
1186,20190101T205829Z,1J.TI8A.,"['CH1', 'CH2', 'CHZ']",2019-01-01T20:58:29.800000Z,27.17
1187,20190101T205829Z,1J.TI6A.,"['CH1', 'CH2', 'CHZ']",2019-01-01T20:58:29.800000Z,27.17
1188,20190101T205829Z,1J.TI1A.,"['CH1', 'CH2', 'CHZ']",2019-01-01T20:58:29.800000Z,27.17
1189,20190101T205937Z,1J.TI3A.,"['CH1', 'CH2', 'CHZ']",2019-01-01T20:59:37.310000Z,17.2
1190,20190101T205937Z,1J.TI6A.,"['CH1', 'CH2', 'CHZ']",2019-01-01T20:59:37.310000Z,17.2
1191,20190101T205937Z,1J.TI7A.,"['CH1', 'CH2', 'CHZ']",2019-01-01T20:59:37.310000Z,17.2
1192,20190101T210252Z,1J.TI4A.,"['CH1', 'CH2', 'CHZ']",2019-01-01T21:02:52.350000Z,14.14
1193,20190101T210252Z,1J.TI3A.,"['CH1', 'CH2', 'CHZ']",2019-01-01T21:02:52.350000Z,14.14
1194,20190101T210252Z,1J.TI1A.,"['CH1', 'CH2', 'CHZ']",2019-01-01T21:02:52.350000Z,14.14
1195,20190101T210309Z,1J.TI4A.,"['CH1', 'CH2', 'CHZ']",2019-01-01T21:03:09.210000Z,14.14
1196,20190101T210309Z,1J.TI3A.,"['CH1', 'CH2', 'CHZ']",2019-01-01T21:03:09.210000Z,14.14
1197,20190101T210309Z,1J.TI1A.,"['CH1', 'CH2', 'CHZ']",2019-01-01T21:03:09.210000Z,14.14
1198,20190101T210716Z,1J.TI4A.,"['CH1', 'CH2', 'CHZ']",2019-01-01T21:07:16.220000Z,14.14
1199,20190101T210716Z,1J.TI3A.,"['CH1', 'CH2', 'CHZ']",2019-01-01T21:07:16.220000Z,14.14
1200,20190101T210716Z,1J.TI1A.,"['CH1', 'CH2', 'CHZ']",2019-01-01T21:07:16.220000Z,14.14
1201,20190101T211010Z,1J.TI4A.,"['CH1', 'CH2', 'CHZ']",2019-01-01T21:10:10.540000Z,14.14
1202,20190101T211010Z,1J.TI3A.,"['CH1', 'CH2', 'CHZ']",2019-01-01T21:10:10.540000Z,14.14
1203,20190101T211010Z,1J.TI1A.,"['CH1', 'CH2', 'CHZ']",2019-01-01T21:10:10.540000Z,14.14
1204,20190101T211116Z,1J.TI4A.,"['CH1', 'CH2', 'CHZ']",2019-01-01T21:11:16.630000Z,14.14
1205,20190101T211116Z,1J.TI3A.,"['CH1', 'CH2', 'CHZ']",2019-01-01T21:11:16.630000Z,14.14
1206,20190101T211116Z,1J.TI1A.,"['CH1', 'CH2', 'CHZ']",2019-01-01T21:11:16.630000Z,14.14
1207,20190101T211311Z,1J.TI3A.,"['CH1', 'CH2', 'CHZ']",2019-01-01T21:13:11.850000Z,17.2
1208,20190101T211311Z,1J.TI6A.,"['CH1', 'CH2', 'CHZ']",2019-01-01T21:13:11.850000Z,17.2
1209,20190101T211311Z,1J.TI7A.,"['CH1', 'CH2', 'CHZ']",2019-01-01T21:13:11.850000Z,17.2
1210,20190101T211353Z,1J.TI4A.,"['CH1', 'CH2', 'CHZ']",2019-01-01T21:13:53.870000Z,14.14
1211,20190101T211353Z,1J.TI3A.,"['CH1', 'CH2', 'CHZ']",2019-01-01T21:13:53.870000Z,14.14
1212,20190101T211353Z,1J.TI1A.,"['CH1', 'CH2', 'CHZ']",2019-01-01T21:13:53.870000Z,14.14
1213,20190101T211934Z,1J.TI4A.,"['CH1', 'CH2', 'CHZ']",2019-01-01T21:19:34.450000Z,14.14
1214,20190101T211934Z,1J.TI3A.,"['CH1', 'CH2', 'CHZ']",2019-01-01T21:19:34.450000Z,14.14
1215,20190101T211934Z,1J.TI1A.,"['CH1', 'CH2', 'CHZ']",2019-01-01T21:19:34.450000Z,14.14
1216,20190101T212216Z,1J.TI4A.,"['CH1', 'CH2', 'CHZ']",2019-01-01T21:22:16.300000Z,14.14
1217,20190101T212216Z,1J.TI3A.,"['CH1', 'CH2', 'CHZ']",2019-01-01T21:22:16.300000Z,14.14
1218,20190101T212216Z,1J.TI1A.,"['CH1', 'CH2', 'CHZ']",2019-01-01T21:22:16.300000Z,14.14
1219,20190101T212338Z,1J.TI3A.,"['CH1', 'CH2', 'CHZ']",2019-01-01T21:23:38.010000Z,27.17
1220,20190101T212338Z,1J.TI8A.,"['CH1', 'CH2', 'CHZ']",2019-01-01T21:23:38.010000Z,27.17
1221,20190101T212338Z,1J.TI6A.,"['CH1', 'CH2', 'CHZ']",2019-01-01T21:23:38.010000Z,27.17
1222,20190101T212338Z,1J.TI1A.,"['CH1', 'CH2', 'CHZ']",2019-01-01T21:23:38.010000Z,27.17
1223,20190101T212417Z,1J.TI4A.,"['CH1', 'CH2', 'CHZ']",2019-01-01T21:24:17.880000Z,14.14
1224,20190101T212417Z,1J.TI3A.,"['CH1', 'CH2', 'CHZ']",2019-01-01T21:24:17.880000Z,14.14
1225,20190101T212417Z,1J.TI1A.,"['CH1', 'CH2', 'CHZ']",2019-01-01T21:24:17.880000Z,14.14
1226,20190101T212556Z,1J.TI3A.,"['CH1', 'CH2', 'CHZ']",2019-01-01T21:25:56.790000Z,17.2
1227,20190101T212556Z,1J.TI6A.,"['CH1', 'CH2', 'CHZ']",2019-01-01T21:25:56.790000Z,17.2
1228,20190101T212556Z,1J.TI7A.,"['CH1', 'CH2', 'CHZ']",2019-01-01T21:25:56.790000Z,17.2
1229,20190101T212607Z,1J.TI4A.,"['CH1', 'CH2', 'CHZ']",2019-01-01T21:26:07.650000Z,14.14
1230,20190101T212607Z,1J.TI3A.,"['CH1', 'CH2', 'CHZ']",2019-01-01T21:26:07.650000Z,14.14
1231,20190101T212607Z,1J.TI1A.,"['CH1', 'CH2', 'CHZ']",2019-01-01T21:26:07.650000Z,14.14
1232,20190101T212622Z,1J.TI4A.,"['CH1', 'CH2', 'CHZ']",2019-01-01T21:26:22.250000Z,14.14
1233,20190101T212622Z,1J.TI3A.,"['CH1', 'CH2', 'CHZ']",2019-01-01T21:26:22.250000Z,14.14
1234,20190101T212622Z,1J.TI1A.,"['CH1', 'CH2', 'CHZ']",2019-01-01T21:26:22.250000Z,14.14
1235,20190101T212711Z,1J.TI4A.,"['CH1', 'CH2', 'CHZ']",2019-01-01T21:27:11.180000Z,14.14
1236,20190101T212711Z,1J.TI3A.,"['CH1', 'CH2', 'CHZ']",2019-01-01T21:27:11.180000Z,14.14
1237,20190101T212711Z,1J.TI1A.,"['CH1', 'CH2', 'CHZ']",2019-01-01T21:27:11.180000Z,14.14
1238,20190101T212941Z,1J.TI4A.,"['CH1', 'CH2', 'CHZ']",2019-01-01T21:29:41.830000Z,14.14
1239,20190101T212941Z,1J.TI3A.,"['CH1', 'CH2', 'CHZ']",2019-01-01T21:29:41.830000Z,14.14
1240,20190101T212941Z,1J.TI1A.,"['CH1', 'CH2', 'CHZ']",2019-01-01T21:29:41.830000Z,14.14
1241,20190101T213016Z,1J.TI4A.,"['CH1', 'CH2', 'CHZ']",2019-01-01T21:30:16.670000Z,14.14
1242,20190101T213016Z,1J.TI3A.,"['CH1', 'CH2', 'CHZ']",2019-01-01T21:30:16.670000Z,14.14
1243,20190101T213016Z,1J.TI1A.,"['CH1', 'CH2', 'CHZ']",2019-01-01T21:30:16.670000Z,14.14
1244,20190101T213155Z,1J.TI4A.,"['CH1', 'CH2', 'CHZ']",2019-01-01T21:31:55.280000Z,14.14
1245,20190101T213155Z,1J.TI3A.,"['CH1', 'CH2', 'CHZ']",2019-01-01T21:31:55.280000Z,14.14
1246,20190101T213155Z,1J.TI1A.,"['CH1', 'CH2', 'CHZ']",2019-01-01T21:31:55.280000Z,14.14
1247,20190101T213325Z,1J.TI4A.,"['CH1', 'CH2', 'CHZ']",2019-01-01T21:33:25.040000Z,14.14
1248,20190101T213325Z,1J.TI3A.,"['CH1', 'CH2', 'CHZ']",2019-01-01T21:33:25.040000Z,14.14
1249,20190101T213325Z,1J.TI1A.,"['CH1', 'CH2', 'CHZ']",2019-01-01T21:33:25.040000Z,14.14
1250,20190101T213836Z,1J.TI3A.,"['CH1', 'CH2', 'CHZ']",2019-01-01T21:38:36.270000Z,17.2
1251,20190101T213836Z,1J.TI6A.,"['CH1', 'CH2', 'CHZ']",2019-01-01T21:38:36.270000Z,17.2
1252,20190101T213836Z,1J.TI7A.,"['CH1', 'CH2', 'CHZ']",2019-01-01T21:38:36.270000Z,17.2
1253,20190101T213911Z,1J.TI4A.,"['CH1', 'CH2', 'CHZ']",2019-01-01T21:39:11.300000Z,55.77
1254,20190101T213911Z,1J.TI3A.,"['CH1', 'CH2', 'CHZ']",2019-01-01T21:39:11.300000Z,55.77
1255,20190101T213911Z,1J.TI8A.,"['CH1', 'CH2', 'CHZ']",2019-01-01T21:39:11.300000Z,55.77
1256,20190101T213911Z,1J.TI6A.,"['CH1', 'CH2', 'CHZ']",2019-01-01T21:39:11.300000Z,55.77
1257,20190101T213911Z,1J.TI1A.,"['CH1', 'CH2', 'CHZ']",2019-01-01T21:39:11.300000Z,55.77
1258,20190101T214015Z,1J.TI3A.,"['CH1', 'CH2', 'CHZ']",2019-01-01T21:40:15.480000Z,27.17
1259,20190101T214015Z,1J.TI8A.,"['CH1', 'CH2', 'CHZ']",2019-01-01T21:40:15.480000Z,27.17
1260,20190101T214015Z,1J.TI6A.,"['CH1', 'CH2', 'CHZ']",2019-01-01T21:40:15.480000Z,27.17
1261,20190101T214015Z,1J.TI1A.,"['CH1', 'CH2', 'CHZ']",2019-01-01T21:40:15.480000Z,27.17
1262,20190101T214029Z,1J.TI3A.,"['CH1', 'CH2', 'CHZ']",2019-01-01T21:40:29.860000Z,27.17
1263,20190101T214029Z,1J.TI8A.,"['CH1', 'CH2', 'CHZ']",2019-01-01T21:40:29.860000Z,27.17
1264,20190101T214029Z,1J.TI6A.,"['CH1', 'CH2', 'CHZ']",2019-01-01T21:40:29.860000Z,27.17
1265,20190101T214029Z,1J.TI1A.,"['CH1', 'CH2', 'CHZ']",2019-01-01T21:40:29.860000Z,27.17
1266,20190101T214043Z,1J.TI4A.,"['CH1', 'CH2', 'CHZ']",2019-01-01T21:40:43.230000Z,14.14
1267,20190101T214043Z,1J.TI3A.,"['CH1', 'CH2', 'CHZ']",2019-01-01T21:40:43.230000Z,14.14
1268,20190101T214043Z,1J.TI1A.,"['CH1', 'CH2', 'CHZ']",2019-01-01T21:40:43.230000Z,14.14
1269,20190101T214256Z,1J.TI3A.,"['CH1', 'CH2', 'CHZ']",2019-01-01T21:42:56.690000Z,3.78
1270,20190101T215626Z,1J.TI4A.,"['CH1', 'CH2', 'CHZ']",2019-01-01T21:56:26.240000Z,14.14
1271,20190101T215626Z,1J.TI3A.,"['CH1', 'CH2', 'CHZ']",2019-01-01T21:56:26.240000Z,14.14
1272,20190101T215626Z,1J.TI1A.,"['CH1', 'CH2', 'CHZ']",2019-01-01T21:56:26.240000Z,14.14
1273,20190101T215922Z,1J.TI3A.,"['CH1', 'CH2', 'CHZ']",2019-01-01T21:59:22.560000Z,27.17
1274,20190101T215922Z,1J.TI8A.,"['CH1', 'CH2', 'CHZ']",2019-01-01T21:59:22.560000Z,27.17
1275,20190101T215922Z,1J.TI6A.,"['CH1', 'CH2', 'CHZ']",2019-01-01T21:59:22.560000Z,27.17
1276,20190101T215922Z,1J.TI1A.,"['CH1', 'CH2', 'CHZ']",2019-01-01T21:59:22.560000Z,27.17
1277,20190101T220215Z,1J.TI3A.,"['CH1', 'CH2', 'CHZ']",2019-01-01T22:02:15.870000Z,27.17
1278,20190101T220215Z,1J.TI8A.,"['CH1', 'CH2', 'CHZ']",2019-01-01T22:02:15.870000Z,27.17
1279,20190101T220215Z,1J.TI6A.,"['CH1', 'CH2', 'CHZ']",2019-01-01T22:02:15.870000Z,27.17
1280,20190101T220215Z,1J.TI1A.,"['CH1', 'CH2', 'CHZ']",2019-01-01T22:02:15.870000Z,27.17
1281,20190101T220417Z,1J.TI3A.,"['CH1', 'CH2', 'CHZ']",2019-01-01T22:04:17.390000Z,27.17
1282,20190101T220417Z,1J.TI8A.,"['CH1', 'CH2', 'CHZ']",2019-01-01T22:04:17.390000Z,27.17
1283,20190101T220417Z,1J.TI6A.,"['CH1', 'CH2', 'CHZ']",2019-01-01T22:04:17.390000Z,27.17
1284,20190101T220417Z,1J.TI1A.,"['CH1', 'CH2', 'CHZ']",2019-01-01T22:04:17.390000Z,27.17
1285,20190101T220535Z,1J.TI4A.,"['CH1', 'CH2', 'CHZ']",2019-01-01T22:05:35.270000Z,14.14
1286,20190101T220535Z,1J.TI3A.,"['CH1', 'CH2', 'CHZ']",2019-01-01T22:05:35.270000Z,14.14
1287,20190101T220535Z,1J.TI1A.,"['CH1', 'CH2', 'CHZ']",2019-01-01T22:05:35.270000Z,14.14
1288,20190101T220555Z,1J.TI4A.,"['CH1', 'CH2', 'CHZ']",2019-01-01T22:05:55.040000Z,14.14
1289,20190101T220555Z,1J.TI3A.,"['CH1', 'CH2', 'CHZ']",2019-01-01T22:05:55.040000Z,14.14
1290,20190101T220555Z,1J.TI1A.,"['CH1', 'CH2', 'CHZ']",2019-01-01T22:05:55.040000Z,14.14
1291,20190101T221253Z,1J.TI3A.,"['CH1', 'CH2', 'CHZ']",2019-01-01T22:12:53.480000Z,20.75
1292,20190101T221253Z,1J.TI8A.,"['CH1', 'CH2', 'CHZ']",2019-01-01T22:12:53.480000Z,20.75
1293,20190101T221253Z,1J.TI6A.,"['CH1', 'CH2', 'CHZ']",2019-01-01T22:12:53.480000Z,20.75
1294,20190101T221600Z,1J.TI4A.,"['CH1', 'CH2', 'CHZ']",2019-01-01T22:16:00.510000Z,14.14
1295,20190101T221600Z,1J.TI3A.,"['CH1', 'CH2', 'CHZ']",2019-01-01T22:16:00.510000Z,14.14
1296,20190101T221600Z,1J.TI1A.,"['CH1', 'CH2', 'CHZ']",2019-01-01T22:16:00.510000Z,14.14
1297,20190101T221618Z,1J.TI3A.,"['CH1', 'CH2', 'CHZ']",2019-01-01T22:16:18.360000Z,17.2
1298,20190101T221618Z,1J.TI6A.,"['CH1', 'CH2', 'CHZ']",2019-01-01T22:16:18.360000Z,17.2
1299,20190101T221618Z,1J.TI7A.,"['CH1', 'CH2', 'CHZ']",2019-01-01T22:16:18.360000Z,17.2
1300,20190101T223005Z,1J.TI3A.,"['CH1', 'CH2', 'CHZ']",2019-01-01T22:30:05.630000Z,17.2
1301,20190101T223005Z,1J.TI6A.,"['CH1', 'CH2', 'CHZ']",2019-01-01T22:30:05.630000Z,17.2
1302,20190101T223005Z,1J.TI7A.,"['CH1', 'CH2', 'CHZ']",2019-01-01T22:30:05.630000Z,17.2
1303,20190101T223353Z,1J.TI3A.,"['CH1', 'CH2', 'CHZ']",2019-01-01T22:33:53.620000Z,2.13
1304,20190101T224731Z,1J.TI4A.,"['CH1', 'CH2', 'CHZ']",2019-01-01T22:47:31.710000Z,14.14
1305,20190101T224731Z,1J.TI3A.,"['CH1', 'CH2', 'CHZ']",2019-01-01T22:47:31.710000Z,14.14
1306,20190101T224731Z,1J.TI1A.,"['CH1', 'CH2', 'CHZ']",2019-01-01T22:47:31.710000Z,14.14
1307,20190101T224813Z,1J.TI3A.,"['CH1', 'CH2', 'CHZ']",2019-01-01T22:48:13.200000Z,2.13
1308,20190101T224854Z,1J.TI4A.,"['CH1', 'CH2', 'CHZ']",2019-01-01T22:48:54.430000Z,14.14
1309,20190101T224854Z,1J.TI3A.,"['CH1', 'CH2', 'CHZ']",2019-01-01T22:48:54.430000Z,14.14
1310,20190101T224854Z,1J.TI1A.,"['CH1', 'CH2', 'CHZ']",2019-01-01T22:48:54.430000Z,14.14
1311,20190101T230745Z,1J.TI3A.,"['CH1', 'CH2', 'CHZ']",2019-01-01T23:07:45.950000Z,17.2
1312,20190101T230745Z,1J.TI6A.,"['CH1', 'CH2', 'CHZ']",2019-01-01T23:07:45.950000Z,17.2
1313,20190101T230745Z,1J.TI7A.,"['CH1', 'CH2', 'CHZ']",2019-01-01T23:07:45.950000Z,17.2
1314,20190101T231121Z,1J.TI3A.,"['CH1', 'CH2', 'CHZ']",2019-01-01T23:11:21.170000Z,27.17
1315,20190101T231121Z,1J.TI8A.,"['CH1', 'CH2', 'CHZ']",2019-01-01T23:11:21.170000Z,27.17
1316,20190101T231121Z,1J.TI6A.,"['CH1', 'CH2', 'CHZ']",2019-01-01T23:11:21.170000Z,27.17
1317,20190101T231121Z,1J.TI1A.,"['CH1', 'CH2', 'CHZ']",2019-01-01T23:11:21.170000Z,27.17
1318,20190101T231624Z,1J.TI8A.,"['CH1', 'CH2', 'CHZ']",2019-01-01T23:16:24.770000Z,20.43
1319,20190101T231855Z,1J.TI3A.,"['CH1', 'CH2', 'CHZ']",2019-01-01T23:18:55.310000Z,17.2
1320,20190101T231855Z,1J.TI6A.,"['CH1', 'CH2', 'CHZ']",2019-01-01T23:18:55.310000Z,17.2
1321,20190101T231855Z,1J.TI7A.,"['CH1', 'CH2', 'CHZ']",2019-01-01T23:18:55.310000Z,17.2
1322,20190101T232254Z,1J.TI3A.,"['CH1', 'CH2', 'CHZ']",2019-01-01T23:22:54.130000Z,3.78
1323,20190101T233111Z,1J.TI3A.,"['CH1', 'CH2', 'CHZ']",2019-01-01T23:31:11.070000Z,17.2
1324,20190101T233111Z,1J.TI6A.,"['CH1', 'CH2', 'CHZ']",2019-01-01T23:31:11.070000Z,17.2
1325,20190101T233111Z,1J.TI7A.,"['CH1', 'CH2', 'CHZ']",2019-01-01T23:31:11.070000Z,17.2
1326,20190101T233306Z,1J.TI3A.,"['CH1', 'CH2', 'CHZ']",2019-01-01T23:33:06.180000Z,15.92
1327,20190101T233306Z,1J.TI8A.,"['CH1', 'CH2', 'CHZ']",2019-01-01T23:33:06.180000Z,15.92
1328,20190101T234146Z,1J.TI3A.,"['CH1', 'CH2', 'CHZ']",2019-01-01T23:41:46.120000Z,3.78
1329,20190101T234402Z,1J.TI3A.,"['CH1', 'CH2', 'CHZ']",2019-01-01T23:44:02.140000Z,17.2
1330,20190101T234402Z,1J.TI6A.,"['CH1', 'CH2', 'CHZ']",2019-01-01T23:44:02.140000Z,17.2
1331,20190101T234402Z,1J.TI7A.,"['CH1', 'CH2', 'CHZ']",2019-01-01T23:44:02.140000Z,17.2
1332,20190101T235625Z,1J.TI3A.,"['CH1', 'CH2', 'CHZ']",2019-01-01T23:56:25.100000Z,3.78
1333,20190101T235736Z,1J.TI3A.,"['CH1', 'CH2', 'CHZ']",2019-01-01T23:57:36.370000Z,17.2
1334,20190101T235736Z,1J.TI6A.,"['CH1', 'CH2', 'CHZ']",2019-01-01T23:57:36.370000Z,17.2
1335,20190101T235736Z,1J.TI7A.,"['CH1', 'CH2', 'CHZ']",2019-01-01T23:57:36.370000Z,17.2
1336,20190101T235906Z,1J.TI3A.,"['CH1', 'CH2', 'CHZ']",2019-01-01T23:59:06.920000Z,23.96
1337,20190101T235906Z,1J.TI8A.,"['CH1', 'CH2', 'CHZ']",2019-01-01T23:59:06.920000Z,23.96
