,event_id,station,components,time,duration
0,20190121T000201Z,1J.TI3A.,"['CH1', 'CH2', 'CHZ']",2019-01-21T00:02:01.010000Z,2.13
1,20190121T000335Z,1J.TI6A.,"['CH1', 'CH2', 'CHZ']",2019-01-21T00:03:35.390000Z,4.22
2,20190121T000427Z,1J.TI3A.,"['CH1', 'CH2', 'CHZ']",2019-01-21T00:04:27.230000Z,3.78
3,20190121T000702Z,1J.TI4A.,"['CH1', 'CH2', 'CHZ']",2019-01-21T00:07:02.190000Z,24.98
4,20190121T000702Z,1J.TI3A.,"['CH1', 'CH2', 'CHZ']",2019-01-21T00:07:02.190000Z,24.98
5,20190121T000702Z,1J.TI8A.,"['CH1', 'CH2', 'CHZ']",2019-01-21T00:07:02.190000Z,24.98
6,20190121T000702Z,1J.TI6A.,"['CH1', 'CH2', 'CHZ']",2019-01-21T00:07:02.190000Z,24.98
7,20190121T000702Z,1J.TI1A.,"['CH1', 'CH2', 'CHZ']",2019-01-21T00:07:02.190000Z,24.98
8,20190121T000857Z,1J.TI4A.,"['CH1', 'CH2', 'CHZ']",2019-01-21T00:08:57.780000Z,55.77
9,20190121T000857Z,1J.TI3A.,"['CH1', 'CH2', 'CHZ']",2019-01-21T00:08:57.780000Z,55.77
10,20190121T000857Z,1J.TI8A.,"['CH1', 'CH2', 'CHZ']",2019-01-21T00:08:57.780000Z,55.77
11,20190121T000857Z,1J.TI6A.,"['CH1', 'CH2', 'CHZ']",2019-01-21T00:08:57.780000Z,55.77
12,20190121T000857Z,1J.TI1A.,"['CH1', 'CH2', 'CHZ']",2019-01-21T00:08:57.780000Z,55.77
13,20190121T001200Z,1J.TI6A.,"['CH1', 'CH2', 'CHZ']",2019-01-21T00:12:00.480000Z,4.22
14,20190121T002245Z,1J.TI4A.,"['CH1', 'CH2', 'CHZ']",2019-01-21T00:22:45.000000Z,24.48
15,20190121T002245Z,1J.TI3A.,"['CH1', 'CH2', 'CHZ']",2019-01-21T00:22:45.000000Z,24.48
16,20190121T002245Z,1J.TI8A.,"['CH1', 'CH2', 'CHZ']",2019-01-21T00:22:45.000000Z,24.48
17,20190121T002245Z,1J.TI6A.,"['CH1', 'CH2', 'CHZ']",2019-01-21T00:22:45.000000Z,24.48
18,20190121T002614Z,1J.TI6A.,"['CH1', 'CH2', 'CHZ']",2019-01-21T00:26:14.120000Z,4.22
19,20190121T002748Z,1J.TI3A.,"['CH1', 'CH2', 'CHZ']",2019-01-21T00:27:48.070000Z,2.13
20,20190121T003354Z,1J.TI3A.,"['CH1', 'CH2', 'CHZ']",2019-01-21T00:33:54.700000Z,23.96
21,20190121T003354Z,1J.TI8A.,"['CH1', 'CH2', 'CHZ']",2019-01-21T00:33:54.700000Z,23.96
22,20190121T003451Z,1J.TI4A.,"['CH1', 'CH2', 'CHZ']",2019-01-21T00:34:51.620000Z,24.98
23,20190121T003451Z,1J.TI3A.,"['CH1', 'CH2', 'CHZ']",2019-01-21T00:34:51.620000Z,24.98
24,20190121T003451Z,1J.TI8A.,"['CH1', 'CH2', 'CHZ']",2019-01-21T00:34:51.620000Z,24.98
25,20190121T003451Z,1J.TI6A.,"['CH1', 'CH2', 'CHZ']",2019-01-21T00:34:51.620000Z,24.98
26,20190121T003451Z,1J.TI1A.,"['CH1', 'CH2', 'CHZ']",2019-01-21T00:34:51.620000Z,24.98
27,20190121T003525Z,1J.TI4A.,"['CH1', 'CH2', 'CHZ']",2019-01-21T00:35:25.140000Z,24.48
28,20190121T003525Z,1J.TI3A.,"['CH1', 'CH2', 'CHZ']",2019-01-21T00:35:25.140000Z,24.48
29,20190121T003525Z,1J.TI8A.,"['CH1', 'CH2', 'CHZ']",2019-01-21T00:35:25.140000Z,24.48
30,20190121T003525Z,1J.TI6A.,"['CH1', 'CH2', 'CHZ']",2019-01-21T00:35:25.140000Z,24.48
31,20190121T003548Z,1J.TI3A.,"['CH1', 'CH2', 'CHZ']",2019-01-21T00:35:48.440000Z,3.78
32,20190121T003645Z,1J.TI3A.,"['CH1', 'CH2', 'CHZ']",2019-01-21T00:36:45.160000Z,13.25
33,20190121T003645Z,1J.TI6A.,"['CH1', 'CH2', 'CHZ']",2019-01-21T00:36:45.160000Z,13.25
34,20190121T003933Z,1J.TI4A.,"['CH1', 'CH2', 'CHZ']",2019-01-21T00:39:33.110000Z,14.14
35,20190121T003933Z,1J.TI3A.,"['CH1', 'CH2', 'CHZ']",2019-01-21T00:39:33.110000Z,14.14
36,20190121T003933Z,1J.TI1A.,"['CH1', 'CH2', 'CHZ']",2019-01-21T00:39:33.110000Z,14.14
37,20190121T004051Z,1J.TI3A.,"['CH1', 'CH2', 'CHZ']",2019-01-21T00:40:51.900000Z,27.17
38,20190121T004051Z,1J.TI8A.,"['CH1', 'CH2', 'CHZ']",2019-01-21T00:40:51.900000Z,27.17
39,20190121T004051Z,1J.TI6A.,"['CH1', 'CH2', 'CHZ']",2019-01-21T00:40:51.900000Z,27.17
40,20190121T004051Z,1J.TI1A.,"['CH1', 'CH2', 'CHZ']",2019-01-21T00:40:51.900000Z,27.17
41,20190121T004200Z,1J.TI3A.,"['CH1', 'CH2', 'CHZ']",2019-01-21T00:42:00.570000Z,27.17
42,20190121T004200Z,1J.TI8A.,"['CH1', 'CH2', 'CHZ']",2019-01-21T00:42:00.570000Z,27.17
43,20190121T004200Z,1J.TI6A.,"['CH1', 'CH2', 'CHZ']",2019-01-21T00:42:00.570000Z,27.17
44,20190121T004200Z,1J.TI1A.,"['CH1', 'CH2', 'CHZ']",2019-01-21T00:42:00.570000Z,27.17
45,20190121T004407Z,1J.TI3A.,"['CH1', 'CH2', 'CHZ']",2019-01-21T00:44:07.470000Z,27.17
46,20190121T004407Z,1J.TI8A.,"['CH1', 'CH2', 'CHZ']",2019-01-21T00:44:07.470000Z,27.17
47,20190121T004407Z,1J.TI6A.,"['CH1', 'CH2', 'CHZ']",2019-01-21T00:44:07.470000Z,27.17
48,20190121T004407Z,1J.TI1A.,"['CH1', 'CH2', 'CHZ']",2019-01-21T00:44:07.470000Z,27.17
49,20190121T004843Z,1J.TI6A.,"['CH1', 'CH2', 'CHZ']",2019-01-21T00:48:43.250000Z,4.22
50,20190121T004906Z,1J.TI3A.,"['CH1', 'CH2', 'CHZ']",2019-01-21T00:49:06.060000Z,23.96
51,20190121T004906Z,1J.TI8A.,"['CH1', 'CH2', 'CHZ']",2019-01-21T00:49:06.060000Z,23.96
52,20190121T005133Z,1J.TI4A.,"['CH1', 'CH2', 'CHZ']",2019-01-21T00:51:33.580000Z,14.14
53,20190121T005133Z,1J.TI3A.,"['CH1', 'CH2', 'CHZ']",2019-01-21T00:51:33.580000Z,14.14
54,20190121T005133Z,1J.TI1A.,"['CH1', 'CH2', 'CHZ']",2019-01-21T00:51:33.580000Z,14.14
55,20190121T005516Z,1J.TI4A.,"['CH1', 'CH2', 'CHZ']",2019-01-21T00:55:16.780000Z,14.14
56,20190121T005516Z,1J.TI3A.,"['CH1', 'CH2', 'CHZ']",2019-01-21T00:55:16.780000Z,14.14
57,20190121T005516Z,1J.TI1A.,"['CH1', 'CH2', 'CHZ']",2019-01-21T00:55:16.780000Z,14.14
58,20190121T005637Z,1J.TI6A.,"['CH1', 'CH2', 'CHZ']",2019-01-21T00:56:37.190000Z,4.22
59,20190121T010209Z,1J.TI4A.,"['CH1', 'CH2', 'CHZ']",2019-01-21T01:02:09.830000Z,24.98
60,20190121T010209Z,1J.TI3A.,"['CH1', 'CH2', 'CHZ']",2019-01-21T01:02:09.830000Z,24.98
61,20190121T010209Z,1J.TI8A.,"['CH1', 'CH2', 'CHZ']",2019-01-21T01:02:09.830000Z,24.98
62,20190121T010209Z,1J.TI6A.,"['CH1', 'CH2', 'CHZ']",2019-01-21T01:02:09.830000Z,24.98
63,20190121T010209Z,1J.TI1A.,"['CH1', 'CH2', 'CHZ']",2019-01-21T01:02:09.830000Z,24.98
64,20190121T010420Z,1J.TI4A.,"['CH1', 'CH2', 'CHZ']",2019-01-21T01:04:20.690000Z,55.77
65,20190121T010420Z,1J.TI3A.,"['CH1', 'CH2', 'CHZ']",2019-01-21T01:04:20.690000Z,55.77
66,20190121T010420Z,1J.TI8A.,"['CH1', 'CH2', 'CHZ']",2019-01-21T01:04:20.690000Z,55.77
67,20190121T010420Z,1J.TI6A.,"['CH1', 'CH2', 'CHZ']",2019-01-21T01:04:20.690000Z,55.77
68,20190121T010420Z,1J.TI1A.,"['CH1', 'CH2', 'CHZ']",2019-01-21T01:04:20.690000Z,55.77
69,20190121T010727Z,1J.TI3A.,"['CH1', 'CH2', 'CHZ']",2019-01-21T01:07:27.510000Z,23.07
70,20190121T010727Z,1J.TI8A.,"['CH1', 'CH2', 'CHZ']",2019-01-21T01:07:27.510000Z,23.07
71,20190121T010727Z,1J.TI6A.,"['CH1', 'CH2', 'CHZ']",2019-01-21T01:07:27.510000Z,23.07
72,20190121T010727Z,1J.TI1A.,"['CH1', 'CH2', 'CHZ']",2019-01-21T01:07:27.510000Z,23.07
73,20190121T010906Z,1J.TI4A.,"['CH1', 'CH2', 'CHZ']",2019-01-21T01:09:06.350000Z,14.14
74,20190121T010906Z,1J.TI3A.,"['CH1', 'CH2', 'CHZ']",2019-01-21T01:09:06.350000Z,14.14
75,20190121T010906Z,1J.TI1A.,"['CH1', 'CH2', 'CHZ']",2019-01-21T01:09:06.350000Z,14.14
76,20190121T011531Z,1J.TI3A.,"['CH1', 'CH2', 'CHZ']",2019-01-21T01:15:31.560000Z,2.13
77,20190121T011712Z,1J.TI6A.,"['CH1', 'CH2', 'CHZ']",2019-01-21T01:17:12.500000Z,4.22
78,20190121T013144Z,1J.TI6A.,"['CH1', 'CH2', 'CHZ']",2019-01-21T01:31:44.860000Z,4.22
79,20190121T013400Z,1J.TI4A.,"['CH1', 'CH2', 'CHZ']",2019-01-21T01:34:00.450000Z,24.98
80,20190121T013400Z,1J.TI3A.,"['CH1', 'CH2', 'CHZ']",2019-01-21T01:34:00.450000Z,24.98
81,20190121T013400Z,1J.TI8A.,"['CH1', 'CH2', 'CHZ']",2019-01-21T01:34:00.450000Z,24.98
82,20190121T013400Z,1J.TI6A.,"['CH1', 'CH2', 'CHZ']",2019-01-21T01:34:00.450000Z,24.98
83,20190121T013400Z,1J.TI1A.,"['CH1', 'CH2', 'CHZ']",2019-01-21T01:34:00.450000Z,24.98
84,20190121T013554Z,1J.TI3A.,"['CH1', 'CH2', 'CHZ']",2019-01-21T01:35:54.940000Z,13.25
85,20190121T013554Z,1J.TI6A.,"['CH1', 'CH2', 'CHZ']",2019-01-21T01:35:54.940000Z,13.25
86,20190121T013629Z,1J.TI3A.,"['CH1', 'CH2', 'CHZ']",2019-01-21T01:36:29.620000Z,23.07
87,20190121T013629Z,1J.TI8A.,"['CH1', 'CH2', 'CHZ']",2019-01-21T01:36:29.620000Z,23.07
88,20190121T013629Z,1J.TI6A.,"['CH1', 'CH2', 'CHZ']",2019-01-21T01:36:29.620000Z,23.07
89,20190121T013629Z,1J.TI1A.,"['CH1', 'CH2', 'CHZ']",2019-01-21T01:36:29.620000Z,23.07
90,20190121T013828Z,1J.TI6A.,"['CH1', 'CH2', 'CHZ']",2019-01-21T01:38:28.000000Z,4.22
91,20190121T013848Z,1J.TI3A.,"['CH1', 'CH2', 'CHZ']",2019-01-21T01:38:48.360000Z,12.22
92,20190121T014007Z,1J.TI3A.,"['CH1', 'CH2', 'CHZ']",2019-01-21T01:40:07.910000Z,27.17
93,20190121T014007Z,1J.TI8A.,"['CH1', 'CH2', 'CHZ']",2019-01-21T01:40:07.910000Z,27.17
94,20190121T014007Z,1J.TI6A.,"['CH1', 'CH2', 'CHZ']",2019-01-21T01:40:07.910000Z,27.17
95,20190121T014007Z,1J.TI1A.,"['CH1', 'CH2', 'CHZ']",2019-01-21T01:40:07.910000Z,27.17
96,20190121T015940Z,1J.TI4A.,"['CH1', 'CH2', 'CHZ']",2019-01-21T01:59:40.760000Z,14.14
97,20190121T015940Z,1J.TI3A.,"['CH1', 'CH2', 'CHZ']",2019-01-21T01:59:40.760000Z,14.14
98,20190121T015940Z,1J.TI1A.,"['CH1', 'CH2', 'CHZ']",2019-01-21T01:59:40.760000Z,14.14
99,20190121T020126Z,1J.TI6A.,"['CH1', 'CH2', 'CHZ']",2019-01-21T02:01:26.400000Z,4.22
100,20190121T020158Z,1J.TI4A.,"['CH1', 'CH2', 'CHZ']",2019-01-21T02:01:58.590000Z,24.98
101,20190121T020158Z,1J.TI3A.,"['CH1', 'CH2', 'CHZ']",2019-01-21T02:01:58.590000Z,24.98
102,20190121T020158Z,1J.TI8A.,"['CH1', 'CH2', 'CHZ']",2019-01-21T02:01:58.590000Z,24.98
103,20190121T020158Z,1J.TI6A.,"['CH1', 'CH2', 'CHZ']",2019-01-21T02:01:58.590000Z,24.98
104,20190121T020158Z,1J.TI1A.,"['CH1', 'CH2', 'CHZ']",2019-01-21T02:01:58.590000Z,24.98
105,20190121T021209Z,1J.TI6A.,"['CH1', 'CH2', 'CHZ']",2019-01-21T02:12:09.360000Z,4.22
106,20190121T021923Z,1J.TI6A.,"['CH1', 'CH2', 'CHZ']",2019-01-21T02:19:23.330000Z,4.22
107,20190121T022005Z,1J.TI3A.,"['CH1', 'CH2', 'CHZ']",2019-01-21T02:20:05.980000Z,2.13
108,20190121T022844Z,1J.TI6A.,"['CH1', 'CH2', 'CHZ']",2019-01-21T02:28:44.300000Z,4.22
109,20190121T023316Z,1J.TI3A.,"['CH1', 'CH2', 'CHZ']",2019-01-21T02:33:16.240000Z,23.07
110,20190121T023316Z,1J.TI8A.,"['CH1', 'CH2', 'CHZ']",2019-01-21T02:33:16.240000Z,23.07
111,20190121T023316Z,1J.TI6A.,"['CH1', 'CH2', 'CHZ']",2019-01-21T02:33:16.240000Z,23.07
112,20190121T023316Z,1J.TI1A.,"['CH1', 'CH2', 'CHZ']",2019-01-21T02:33:16.240000Z,23.07
113,20190121T023336Z,1J.TI4A.,"['CH1', 'CH2', 'CHZ']",2019-01-21T02:33:36.400000Z,24.98
114,20190121T023336Z,1J.TI3A.,"['CH1', 'CH2', 'CHZ']",2019-01-21T02:33:36.400000Z,24.98
115,20190121T023336Z,1J.TI8A.,"['CH1', 'CH2', 'CHZ']",2019-01-21T02:33:36.400000Z,24.98
116,20190121T023336Z,1J.TI6A.,"['CH1', 'CH2', 'CHZ']",2019-01-21T02:33:36.400000Z,24.98
117,20190121T023336Z,1J.TI1A.,"['CH1', 'CH2', 'CHZ']",2019-01-21T02:33:36.400000Z,24.98
118,20190121T023700Z,1J.TI6A.,"['CH1', 'CH2', 'CHZ']",2019-01-21T02:37:00.620000Z,4.22
119,20190121T023756Z,1J.TI3A.,"['CH1', 'CH2', 'CHZ']",2019-01-21T02:37:56.200000Z,13.25
120,20190121T023756Z,1J.TI6A.,"['CH1', 'CH2', 'CHZ']",2019-01-21T02:37:56.200000Z,13.25
121,20190121T024131Z,1J.TI3A.,"['CH1', 'CH2', 'CHZ']",2019-01-21T02:41:31.750000Z,27.17
122,20190121T024131Z,1J.TI8A.,"['CH1', 'CH2', 'CHZ']",2019-01-21T02:41:31.750000Z,27.17
123,20190121T024131Z,1J.TI6A.,"['CH1', 'CH2', 'CHZ']",2019-01-21T02:41:31.750000Z,27.17
124,20190121T024131Z,1J.TI1A.,"['CH1', 'CH2', 'CHZ']",2019-01-21T02:41:31.750000Z,27.17
125,20190121T024159Z,1J.TI4A.,"['CH1', 'CH2', 'CHZ']",2019-01-21T02:41:59.990000Z,55.77
126,20190121T024159Z,1J.TI3A.,"['CH1', 'CH2', 'CHZ']",2019-01-21T02:41:59.990000Z,55.77
127,20190121T024159Z,1J.TI8A.,"['CH1', 'CH2', 'CHZ']",2019-01-21T02:41:59.990000Z,55.77
128,20190121T024159Z,1J.TI6A.,"['CH1', 'CH2', 'CHZ']",2019-01-21T02:41:59.990000Z,55.77
129,20190121T024159Z,1J.TI1A.,"['CH1', 'CH2', 'CHZ']",2019-01-21T02:41:59.990000Z,55.77
130,20190121T024525Z,1J.TI3A.,"['CH1', 'CH2', 'CHZ']",2019-01-21T02:45:25.370000Z,12.22
131,20190121T024821Z,1J.TI3A.,"['CH1', 'CH2', 'CHZ']",2019-01-21T02:48:21.470000Z,13.25
132,20190121T024821Z,1J.TI6A.,"['CH1', 'CH2', 'CHZ']",2019-01-21T02:48:21.470000Z,13.25
133,20190121T025152Z,1J.TI4A.,"['CH1', 'CH2', 'CHZ']",2019-01-21T02:51:52.730000Z,55.77
134,20190121T025152Z,1J.TI3A.,"['CH1', 'CH2', 'CHZ']",2019-01-21T02:51:52.730000Z,55.77
135,20190121T025152Z,1J.TI8A.,"['CH1', 'CH2', 'CHZ']",2019-01-21T02:51:52.730000Z,55.77
136,20190121T025152Z,1J.TI6A.,"['CH1', 'CH2', 'CHZ']",2019-01-21T02:51:52.730000Z,55.77
137,20190121T025152Z,1J.TI1A.,"['CH1', 'CH2', 'CHZ']",2019-01-21T02:51:52.730000Z,55.77
138,20190121T025823Z,1J.TI3A.,"['CH1', 'CH2', 'CHZ']",2019-01-21T02:58:23.970000Z,19.01
139,20190121T025923Z,1J.TI4A.,"['CH1', 'CH2', 'CHZ']",2019-01-21T02:59:23.760000Z,14.14
140,20190121T025923Z,1J.TI3A.,"['CH1', 'CH2', 'CHZ']",2019-01-21T02:59:23.760000Z,14.14
141,20190121T025923Z,1J.TI1A.,"['CH1', 'CH2', 'CHZ']",2019-01-21T02:59:23.760000Z,14.14
142,20190121T030209Z,1J.TI4A.,"['CH1', 'CH2', 'CHZ']",2019-01-21T03:02:09.230000Z,24.98
143,20190121T030209Z,1J.TI3A.,"['CH1', 'CH2', 'CHZ']",2019-01-21T03:02:09.230000Z,24.98
144,20190121T030209Z,1J.TI8A.,"['CH1', 'CH2', 'CHZ']",2019-01-21T03:02:09.230000Z,24.98
145,20190121T030209Z,1J.TI6A.,"['CH1', 'CH2', 'CHZ']",2019-01-21T03:02:09.230000Z,24.98
146,20190121T030209Z,1J.TI1A.,"['CH1', 'CH2', 'CHZ']",2019-01-21T03:02:09.230000Z,24.98
147,20190121T030445Z,1J.TI6A.,"['CH1', 'CH2', 'CHZ']",2019-01-21T03:04:45.130000Z,4.22
148,20190121T031738Z,1J.TI4A.,"['CH1', 'CH2', 'CHZ']",2019-01-21T03:17:38.890000Z,55.77
149,20190121T031738Z,1J.TI3A.,"['CH1', 'CH2', 'CHZ']",2019-01-21T03:17:38.890000Z,55.77
150,20190121T031738Z,1J.TI8A.,"['CH1', 'CH2', 'CHZ']",2019-01-21T03:17:38.890000Z,55.77
151,20190121T031738Z,1J.TI6A.,"['CH1', 'CH2', 'CHZ']",2019-01-21T03:17:38.890000Z,55.77
152,20190121T031738Z,1J.TI1A.,"['CH1', 'CH2', 'CHZ']",2019-01-21T03:17:38.890000Z,55.77
153,20190121T032612Z,1J.TI3A.,"['CH1', 'CH2', 'CHZ']",2019-01-21T03:26:12.010000Z,2.13
154,20190121T033157Z,1J.TI4A.,"['CH1', 'CH2', 'CHZ']",2019-01-21T03:31:57.410000Z,24.98
155,20190121T033157Z,1J.TI3A.,"['CH1', 'CH2', 'CHZ']",2019-01-21T03:31:57.410000Z,24.98
156,20190121T033157Z,1J.TI8A.,"['CH1', 'CH2', 'CHZ']",2019-01-21T03:31:57.410000Z,24.98
157,20190121T033157Z,1J.TI6A.,"['CH1', 'CH2', 'CHZ']",2019-01-21T03:31:57.410000Z,24.98
158,20190121T033157Z,1J.TI1A.,"['CH1', 'CH2', 'CHZ']",2019-01-21T03:31:57.410000Z,24.98
159,20190121T033345Z,1J.TI3A.,"['CH1', 'CH2', 'CHZ']",2019-01-21T03:33:45.500000Z,2.13
160,20190121T035151Z,1J.TI3A.,"['CH1', 'CH2', 'CHZ']",2019-01-21T03:51:51.190000Z,2.13
161,20190121T035431Z,1J.TI4A.,"['CH1', 'CH2', 'CHZ']",2019-01-21T03:54:31.310000Z,14.14
162,20190121T035431Z,1J.TI3A.,"['CH1', 'CH2', 'CHZ']",2019-01-21T03:54:31.310000Z,14.14
163,20190121T035431Z,1J.TI1A.,"['CH1', 'CH2', 'CHZ']",2019-01-21T03:54:31.310000Z,14.14
164,20190121T040035Z,1J.TI4A.,"['CH1', 'CH2', 'CHZ']",2019-01-21T04:00:35.390000Z,24.98
165,20190121T040035Z,1J.TI3A.,"['CH1', 'CH2', 'CHZ']",2019-01-21T04:00:35.390000Z,24.98
166,20190121T040035Z,1J.TI8A.,"['CH1', 'CH2', 'CHZ']",2019-01-21T04:00:35.390000Z,24.98
167,20190121T040035Z,1J.TI6A.,"['CH1', 'CH2', 'CHZ']",2019-01-21T04:00:35.390000Z,24.98
168,20190121T040035Z,1J.TI1A.,"['CH1', 'CH2', 'CHZ']",2019-01-21T04:00:35.390000Z,24.98
169,20190121T040046Z,1J.TI3A.,"['CH1', 'CH2', 'CHZ']",2019-01-21T04:00:46.300000Z,2.13
170,20190121T040234Z,1J.TI3A.,"['CH1', 'CH2', 'CHZ']",2019-01-21T04:02:34.630000Z,19.01
171,20190121T040314Z,1J.TI4A.,"['CH1', 'CH2', 'CHZ']",2019-01-21T04:03:14.000000Z,24.48
172,20190121T040314Z,1J.TI3A.,"['CH1', 'CH2', 'CHZ']",2019-01-21T04:03:14.000000Z,24.48
173,20190121T040314Z,1J.TI8A.,"['CH1', 'CH2', 'CHZ']",2019-01-21T04:03:14.000000Z,24.48
174,20190121T040314Z,1J.TI6A.,"['CH1', 'CH2', 'CHZ']",2019-01-21T04:03:14.000000Z,24.48
175,20190121T040826Z,1J.TI3A.,"['CH1', 'CH2', 'CHZ']",2019-01-21T04:08:26.080000Z,2.13
176,20190121T042438Z,1J.TI4A.,"['CH1', 'CH2', 'CHZ']",2019-01-21T04:24:38.670000Z,14.14
177,20190121T042438Z,1J.TI3A.,"['CH1', 'CH2', 'CHZ']",2019-01-21T04:24:38.670000Z,14.14
178,20190121T042438Z,1J.TI1A.,"['CH1', 'CH2', 'CHZ']",2019-01-21T04:24:38.670000Z,14.14
179,20190121T042925Z,1J.TI4A.,"['CH1', 'CH2', 'CHZ']",2019-01-21T04:29:25.860000Z,14.14
180,20190121T042925Z,1J.TI3A.,"['CH1', 'CH2', 'CHZ']",2019-01-21T04:29:25.860000Z,14.14
181,20190121T042925Z,1J.TI1A.,"['CH1', 'CH2', 'CHZ']",2019-01-21T04:29:25.860000Z,14.14
182,20190121T043107Z,1J.TI3A.,"['CH1', 'CH2', 'CHZ']",2019-01-21T04:31:07.720000Z,23.07
183,20190121T043107Z,1J.TI8A.,"['CH1', 'CH2', 'CHZ']",2019-01-21T04:31:07.720000Z,23.07
184,20190121T043107Z,1J.TI6A.,"['CH1', 'CH2', 'CHZ']",2019-01-21T04:31:07.720000Z,23.07
185,20190121T043107Z,1J.TI1A.,"['CH1', 'CH2', 'CHZ']",2019-01-21T04:31:07.720000Z,23.07
186,20190121T043239Z,1J.TI4A.,"['CH1', 'CH2', 'CHZ']",2019-01-21T04:32:39.110000Z,24.98
187,20190121T043239Z,1J.TI3A.,"['CH1', 'CH2', 'CHZ']",2019-01-21T04:32:39.110000Z,24.98
188,20190121T043239Z,1J.TI8A.,"['CH1', 'CH2', 'CHZ']",2019-01-21T04:32:39.110000Z,24.98
189,20190121T043239Z,1J.TI6A.,"['CH1', 'CH2', 'CHZ']",2019-01-21T04:32:39.110000Z,24.98
190,20190121T043239Z,1J.TI1A.,"['CH1', 'CH2', 'CHZ']",2019-01-21T04:32:39.110000Z,24.98
191,20190121T043546Z,1J.TI4A.,"['CH1', 'CH2', 'CHZ']",2019-01-21T04:35:46.290000Z,14.14
192,20190121T043546Z,1J.TI3A.,"['CH1', 'CH2', 'CHZ']",2019-01-21T04:35:46.290000Z,14.14
193,20190121T043546Z,1J.TI1A.,"['CH1', 'CH2', 'CHZ']",2019-01-21T04:35:46.290000Z,14.14
194,20190121T043653Z,1J.TI3A.,"['CH1', 'CH2', 'CHZ']",2019-01-21T04:36:53.710000Z,23.96
195,20190121T043653Z,1J.TI8A.,"['CH1', 'CH2', 'CHZ']",2019-01-21T04:36:53.710000Z,23.96
196,20190121T044334Z,1J.TI4A.,"['CH1', 'CH2', 'CHZ']",2019-01-21T04:43:34.420000Z,55.77
197,20190121T044334Z,1J.TI3A.,"['CH1', 'CH2', 'CHZ']",2019-01-21T04:43:34.420000Z,55.77
198,20190121T044334Z,1J.TI8A.,"['CH1', 'CH2', 'CHZ']",2019-01-21T04:43:34.420000Z,55.77
199,20190121T044334Z,1J.TI6A.,"['CH1', 'CH2', 'CHZ']",2019-01-21T04:43:34.420000Z,55.77
200,20190121T044334Z,1J.TI1A.,"['CH1', 'CH2', 'CHZ']",2019-01-21T04:43:34.420000Z,55.77
201,20190121T045209Z,1J.TI3A.,"['CH1', 'CH2', 'CHZ']",2019-01-21T04:52:09.650000Z,12.22
202,20190121T050321Z,1J.TI4A.,"['CH1', 'CH2', 'CHZ']",2019-01-21T05:03:21.150000Z,24.98
203,20190121T050321Z,1J.TI3A.,"['CH1', 'CH2', 'CHZ']",2019-01-21T05:03:21.150000Z,24.98
204,20190121T050321Z,1J.TI8A.,"['CH1', 'CH2', 'CHZ']",2019-01-21T05:03:21.150000Z,24.98
205,20190121T050321Z,1J.TI6A.,"['CH1', 'CH2', 'CHZ']",2019-01-21T05:03:21.150000Z,24.98
206,20190121T050321Z,1J.TI1A.,"['CH1', 'CH2', 'CHZ']",2019-01-21T05:03:21.150000Z,24.98
207,20190121T051033Z,1J.TI4A.,"['CH1', 'CH2', 'CHZ']",2019-01-21T05:10:33.180000Z,14.14
208,20190121T051033Z,1J.TI3A.,"['CH1', 'CH2', 'CHZ']",2019-01-21T05:10:33.180000Z,14.14
209,20190121T051033Z,1J.TI1A.,"['CH1', 'CH2', 'CHZ']",2019-01-21T05:10:33.180000Z,14.14
210,20190121T051056Z,1J.TI3A.,"['CH1', 'CH2', 'CHZ']",2019-01-21T05:10:56.460000Z,23.07
211,20190121T051056Z,1J.TI8A.,"['CH1', 'CH2', 'CHZ']",2019-01-21T05:10:56.460000Z,23.07
212,20190121T051056Z,1J.TI6A.,"['CH1', 'CH2', 'CHZ']",2019-01-21T05:10:56.460000Z,23.07
213,20190121T051056Z,1J.TI1A.,"['CH1', 'CH2', 'CHZ']",2019-01-21T05:10:56.460000Z,23.07
214,20190121T053437Z,1J.TI4A.,"['CH1', 'CH2', 'CHZ']",2019-01-21T05:34:37.450000Z,14.14
215,20190121T053437Z,1J.TI3A.,"['CH1', 'CH2', 'CHZ']",2019-01-21T05:34:37.450000Z,14.14
216,20190121T053437Z,1J.TI1A.,"['CH1', 'CH2', 'CHZ']",2019-01-21T05:34:37.450000Z,14.14
217,20190121T054801Z,1J.TI3A.,"['CH1', 'CH2', 'CHZ']",2019-01-21T05:48:01.190000Z,13.25
218,20190121T054801Z,1J.TI6A.,"['CH1', 'CH2', 'CHZ']",2019-01-21T05:48:01.190000Z,13.25
219,20190121T055409Z,1J.TI3A.,"['CH1', 'CH2', 'CHZ']",2019-01-21T05:54:09.490000Z,20.75
220,20190121T055409Z,1J.TI8A.,"['CH1', 'CH2', 'CHZ']",2019-01-21T05:54:09.490000Z,20.75
221,20190121T055409Z,1J.TI6A.,"['CH1', 'CH2', 'CHZ']",2019-01-21T05:54:09.490000Z,20.75
222,20190121T055711Z,1J.TI4A.,"['CH1', 'CH2', 'CHZ']",2019-01-21T05:57:11.040000Z,24.98
223,20190121T055711Z,1J.TI3A.,"['CH1', 'CH2', 'CHZ']",2019-01-21T05:57:11.040000Z,24.98
224,20190121T055711Z,1J.TI8A.,"['CH1', 'CH2', 'CHZ']",2019-01-21T05:57:11.040000Z,24.98
225,20190121T055711Z,1J.TI6A.,"['CH1', 'CH2', 'CHZ']",2019-01-21T05:57:11.040000Z,24.98
226,20190121T055711Z,1J.TI1A.,"['CH1', 'CH2', 'CHZ']",2019-01-21T05:57:11.040000Z,24.98
227,20190121T055723Z,1J.TI3A.,"['CH1', 'CH2', 'CHZ']",2019-01-21T05:57:23.650000Z,2.13
228,20190121T055958Z,1J.TI3A.,"['CH1', 'CH2', 'CHZ']",2019-01-21T05:59:58.020000Z,2.13
229,20190121T060830Z,1J.TI3A.,"['CH1', 'CH2', 'CHZ']",2019-01-21T06:08:30.800000Z,23.07
230,20190121T060830Z,1J.TI8A.,"['CH1', 'CH2', 'CHZ']",2019-01-21T06:08:30.800000Z,23.07
231,20190121T060830Z,1J.TI6A.,"['CH1', 'CH2', 'CHZ']",2019-01-21T06:08:30.800000Z,23.07
232,20190121T060830Z,1J.TI1A.,"['CH1', 'CH2', 'CHZ']",2019-01-21T06:08:30.800000Z,23.07
233,20190121T061432Z,1J.TI4A.,"['CH1', 'CH2', 'CHZ']",2019-01-21T06:14:32.340000Z,14.14
234,20190121T061432Z,1J.TI3A.,"['CH1', 'CH2', 'CHZ']",2019-01-21T06:14:32.340000Z,14.14
235,20190121T061432Z,1J.TI1A.,"['CH1', 'CH2', 'CHZ']",2019-01-21T06:14:32.340000Z,14.14
236,20190121T061808Z,1J.TI4A.,"['CH1', 'CH2', 'CHZ']",2019-01-21T06:18:08.630000Z,14.14
237,20190121T061808Z,1J.TI3A.,"['CH1', 'CH2', 'CHZ']",2019-01-21T06:18:08.630000Z,14.14
238,20190121T061808Z,1J.TI1A.,"['CH1', 'CH2', 'CHZ']",2019-01-21T06:18:08.630000Z,14.14
239,20190121T062806Z,1J.TI4A.,"['CH1', 'CH2', 'CHZ']",2019-01-21T06:28:06.140000Z,24.98
240,20190121T062806Z,1J.TI3A.,"['CH1', 'CH2', 'CHZ']",2019-01-21T06:28:06.140000Z,24.98
241,20190121T062806Z,1J.TI8A.,"['CH1', 'CH2', 'CHZ']",2019-01-21T06:28:06.140000Z,24.98
242,20190121T062806Z,1J.TI6A.,"['CH1', 'CH2', 'CHZ']",2019-01-21T06:28:06.140000Z,24.98
243,20190121T062806Z,1J.TI1A.,"['CH1', 'CH2', 'CHZ']",2019-01-21T06:28:06.140000Z,24.98
244,20190121T063434Z,1J.TI4A.,"['CH1', 'CH2', 'CHZ']",2019-01-21T06:34:34.040000Z,55.77
245,20190121T063434Z,1J.TI3A.,"['CH1', 'CH2', 'CHZ']",2019-01-21T06:34:34.040000Z,55.77
246,20190121T063434Z,1J.TI8A.,"['CH1', 'CH2', 'CHZ']",2019-01-21T06:34:34.040000Z,55.77
247,20190121T063434Z,1J.TI6A.,"['CH1', 'CH2', 'CHZ']",2019-01-21T06:34:34.040000Z,55.77
248,20190121T063434Z,1J.TI1A.,"['CH1', 'CH2', 'CHZ']",2019-01-21T06:34:34.040000Z,55.77
249,20190121T063616Z,1J.TI3A.,"['CH1', 'CH2', 'CHZ']",2019-01-21T06:36:16.820000Z,23.07
250,20190121T063616Z,1J.TI8A.,"['CH1', 'CH2', 'CHZ']",2019-01-21T06:36:16.820000Z,23.07
251,20190121T063616Z,1J.TI6A.,"['CH1', 'CH2', 'CHZ']",2019-01-21T06:36:16.820000Z,23.07
252,20190121T063616Z,1J.TI1A.,"['CH1', 'CH2', 'CHZ']",2019-01-21T06:36:16.820000Z,23.07
253,20190121T063803Z,1J.TI3A.,"['CH1', 'CH2', 'CHZ']",2019-01-21T06:38:03.170000Z,23.07
254,20190121T063803Z,1J.TI8A.,"['CH1', 'CH2', 'CHZ']",2019-01-21T06:38:03.170000Z,23.07
255,20190121T063803Z,1J.TI6A.,"['CH1', 'CH2', 'CHZ']",2019-01-21T06:38:03.170000Z,23.07
256,20190121T063803Z,1J.TI1A.,"['CH1', 'CH2', 'CHZ']",2019-01-21T06:38:03.170000Z,23.07
257,20190121T064340Z,1J.TI4A.,"['CH1', 'CH2', 'CHZ']",2019-01-21T06:43:40.260000Z,14.14
258,20190121T064340Z,1J.TI3A.,"['CH1', 'CH2', 'CHZ']",2019-01-21T06:43:40.260000Z,14.14
259,20190121T064340Z,1J.TI1A.,"['CH1', 'CH2', 'CHZ']",2019-01-21T06:43:40.260000Z,14.14
260,20190121T064413Z,1J.TI3A.,"['CH1', 'CH2', 'CHZ']",2019-01-21T06:44:13.880000Z,13.25
261,20190121T064413Z,1J.TI6A.,"['CH1', 'CH2', 'CHZ']",2019-01-21T06:44:13.880000Z,13.25
262,20190121T065343Z,1J.TI4A.,"['CH1', 'CH2', 'CHZ']",2019-01-21T06:53:43.460000Z,14.14
263,20190121T065343Z,1J.TI3A.,"['CH1', 'CH2', 'CHZ']",2019-01-21T06:53:43.460000Z,14.14
264,20190121T065343Z,1J.TI1A.,"['CH1', 'CH2', 'CHZ']",2019-01-21T06:53:43.460000Z,14.14
265,20190121T065650Z,1J.TI3A.,"['CH1', 'CH2', 'CHZ']",2019-01-21T06:56:50.880000Z,2.13
266,20190121T065803Z,1J.TI3A.,"['CH1', 'CH2', 'CHZ']",2019-01-21T06:58:03.290000Z,27.17
267,20190121T065803Z,1J.TI8A.,"['CH1', 'CH2', 'CHZ']",2019-01-21T06:58:03.290000Z,27.17
268,20190121T065803Z,1J.TI6A.,"['CH1', 'CH2', 'CHZ']",2019-01-21T06:58:03.290000Z,27.17
269,20190121T065803Z,1J.TI1A.,"['CH1', 'CH2', 'CHZ']",2019-01-21T06:58:03.290000Z,27.17
270,20190121T065913Z,1J.TI4A.,"['CH1', 'CH2', 'CHZ']",2019-01-21T06:59:13.220000Z,24.98
271,20190121T065913Z,1J.TI3A.,"['CH1', 'CH2', 'CHZ']",2019-01-21T06:59:13.220000Z,24.98
272,20190121T065913Z,1J.TI8A.,"['CH1', 'CH2', 'CHZ']",2019-01-21T06:59:13.220000Z,24.98
273,20190121T065913Z,1J.TI6A.,"['CH1', 'CH2', 'CHZ']",2019-01-21T06:59:13.220000Z,24.98
274,20190121T065913Z,1J.TI1A.,"['CH1', 'CH2', 'CHZ']",2019-01-21T06:59:13.220000Z,24.98
275,20190121T071316Z,1J.TI3A.,"['CH1', 'CH2', 'CHZ']",2019-01-21T07:13:16.380000Z,23.07
276,20190121T071316Z,1J.TI8A.,"['CH1', 'CH2', 'CHZ']",2019-01-21T07:13:16.380000Z,23.07
277,20190121T071316Z,1J.TI6A.,"['CH1', 'CH2', 'CHZ']",2019-01-21T07:13:16.380000Z,23.07
278,20190121T071316Z,1J.TI1A.,"['CH1', 'CH2', 'CHZ']",2019-01-21T07:13:16.380000Z,23.07
279,20190121T071345Z,1J.TI3A.,"['CH1', 'CH2', 'CHZ']",2019-01-21T07:13:45.990000Z,27.17
280,20190121T071345Z,1J.TI8A.,"['CH1', 'CH2', 'CHZ']",2019-01-21T07:13:45.990000Z,27.17
281,20190121T071345Z,1J.TI6A.,"['CH1', 'CH2', 'CHZ']",2019-01-21T07:13:45.990000Z,27.17
282,20190121T071345Z,1J.TI1A.,"['CH1', 'CH2', 'CHZ']",2019-01-21T07:13:45.990000Z,27.17
283,20190121T071509Z,1J.TI4A.,"['CH1', 'CH2', 'CHZ']",2019-01-21T07:15:09.330000Z,24.48
284,20190121T071509Z,1J.TI3A.,"['CH1', 'CH2', 'CHZ']",2019-01-21T07:15:09.330000Z,24.48
285,20190121T071509Z,1J.TI8A.,"['CH1', 'CH2', 'CHZ']",2019-01-21T07:15:09.330000Z,24.48
286,20190121T071509Z,1J.TI6A.,"['CH1', 'CH2', 'CHZ']",2019-01-21T07:15:09.330000Z,24.48
287,20190121T071523Z,1J.TI3A.,"['CH1', 'CH2', 'CHZ']",2019-01-21T07:15:23.740000Z,27.17
288,20190121T071523Z,1J.TI8A.,"['CH1', 'CH2', 'CHZ']",2019-01-21T07:15:23.740000Z,27.17
289,20190121T071523Z,1J.TI6A.,"['CH1', 'CH2', 'CHZ']",2019-01-21T07:15:23.740000Z,27.17
290,20190121T071523Z,1J.TI1A.,"['CH1', 'CH2', 'CHZ']",2019-01-21T07:15:23.740000Z,27.17
291,20190121T071946Z,1J.TI3A.,"['CH1', 'CH2', 'CHZ']",2019-01-21T07:19:46.620000Z,23.96
292,20190121T071946Z,1J.TI8A.,"['CH1', 'CH2', 'CHZ']",2019-01-21T07:19:46.620000Z,23.96
293,20190121T072006Z,1J.TI3A.,"['CH1', 'CH2', 'CHZ']",2019-01-21T07:20:06.450000Z,2.13
294,20190121T072650Z,1J.TI4A.,"['CH1', 'CH2', 'CHZ']",2019-01-21T07:26:50.090000Z,24.98
295,20190121T072650Z,1J.TI3A.,"['CH1', 'CH2', 'CHZ']",2019-01-21T07:26:50.090000Z,24.98
296,20190121T072650Z,1J.TI8A.,"['CH1', 'CH2', 'CHZ']",2019-01-21T07:26:50.090000Z,24.98
297,20190121T072650Z,1J.TI6A.,"['CH1', 'CH2', 'CHZ']",2019-01-21T07:26:50.090000Z,24.98
298,20190121T072650Z,1J.TI1A.,"['CH1', 'CH2', 'CHZ']",2019-01-21T07:26:50.090000Z,24.98
299,20190121T073233Z,1J.TI3A.,"['CH1', 'CH2', 'CHZ']",2019-01-21T07:32:33.700000Z,23.96
300,20190121T073233Z,1J.TI8A.,"['CH1', 'CH2', 'CHZ']",2019-01-21T07:32:33.700000Z,23.96
301,20190121T073330Z,1J.TI6A.,"['CH1', 'CH2', 'CHZ']",2019-01-21T07:33:30.330000Z,4.22
302,20190121T073812Z,1J.TI3A.,"['CH1', 'CH2', 'CHZ']",2019-01-21T07:38:12.440000Z,19.01
303,20190121T074151Z,1J.TI4A.,"['CH1', 'CH2', 'CHZ']",2019-01-21T07:41:51.220000Z,14.14
304,20190121T074151Z,1J.TI3A.,"['CH1', 'CH2', 'CHZ']",2019-01-21T07:41:51.220000Z,14.14
305,20190121T074151Z,1J.TI1A.,"['CH1', 'CH2', 'CHZ']",2019-01-21T07:41:51.220000Z,14.14
306,20190121T074224Z,1J.TI4A.,"['CH1', 'CH2', 'CHZ']",2019-01-21T07:42:24.850000Z,14.14
307,20190121T074224Z,1J.TI3A.,"['CH1', 'CH2', 'CHZ']",2019-01-21T07:42:24.850000Z,14.14
308,20190121T074224Z,1J.TI1A.,"['CH1', 'CH2', 'CHZ']",2019-01-21T07:42:24.850000Z,14.14
309,20190121T074645Z,1J.TI3A.,"['CH1', 'CH2', 'CHZ']",2019-01-21T07:46:45.560000Z,2.13
310,20190121T074905Z,1J.TI4A.,"['CH1', 'CH2', 'CHZ']",2019-01-21T07:49:05.830000Z,24.98
311,20190121T074905Z,1J.TI3A.,"['CH1', 'CH2', 'CHZ']",2019-01-21T07:49:05.830000Z,24.98
312,20190121T074905Z,1J.TI8A.,"['CH1', 'CH2', 'CHZ']",2019-01-21T07:49:05.830000Z,24.98
313,20190121T074905Z,1J.TI6A.,"['CH1', 'CH2', 'CHZ']",2019-01-21T07:49:05.830000Z,24.98
314,20190121T074905Z,1J.TI1A.,"['CH1', 'CH2', 'CHZ']",2019-01-21T07:49:05.830000Z,24.98
315,20190121T075311Z,1J.TI3A.,"['CH1', 'CH2', 'CHZ']",2019-01-21T07:53:11.000000Z,23.07
316,20190121T075311Z,1J.TI8A.,"['CH1', 'CH2', 'CHZ']",2019-01-21T07:53:11.000000Z,23.07
317,20190121T075311Z,1J.TI6A.,"['CH1', 'CH2', 'CHZ']",2019-01-21T07:53:11.000000Z,23.07
318,20190121T075311Z,1J.TI1A.,"['CH1', 'CH2', 'CHZ']",2019-01-21T07:53:11.000000Z,23.07
319,20190121T075809Z,1J.TI6A.,"['CH1', 'CH2', 'CHZ']",2019-01-21T07:58:09.660000Z,4.22
320,20190121T081500Z,1J.TI6A.,"['CH1', 'CH2', 'CHZ']",2019-01-21T08:15:00.800000Z,4.22
321,20190121T082029Z,1J.TI4A.,"['CH1', 'CH2', 'CHZ']",2019-01-21T08:20:29.130000Z,24.98
322,20190121T082029Z,1J.TI3A.,"['CH1', 'CH2', 'CHZ']",2019-01-21T08:20:29.130000Z,24.98
323,20190121T082029Z,1J.TI8A.,"['CH1', 'CH2', 'CHZ']",2019-01-21T08:20:29.130000Z,24.98
324,20190121T082029Z,1J.TI6A.,"['CH1', 'CH2', 'CHZ']",2019-01-21T08:20:29.130000Z,24.98
325,20190121T082029Z,1J.TI1A.,"['CH1', 'CH2', 'CHZ']",2019-01-21T08:20:29.130000Z,24.98
326,20190121T082042Z,1J.TI4A.,"['CH1', 'CH2', 'CHZ']",2019-01-21T08:20:42.600000Z,14.14
327,20190121T082042Z,1J.TI3A.,"['CH1', 'CH2', 'CHZ']",2019-01-21T08:20:42.600000Z,14.14
328,20190121T082042Z,1J.TI1A.,"['CH1', 'CH2', 'CHZ']",2019-01-21T08:20:42.600000Z,14.14
329,20190121T082817Z,1J.TI3A.,"['CH1', 'CH2', 'CHZ']",2019-01-21T08:28:17.800000Z,2.13
330,20190121T083115Z,1J.TI6A.,"['CH1', 'CH2', 'CHZ']",2019-01-21T08:31:15.080000Z,4.22
331,20190121T083229Z,1J.TI4A.,"['CH1', 'CH2', 'CHZ']",2019-01-21T08:32:29.320000Z,55.77
332,20190121T083229Z,1J.TI3A.,"['CH1', 'CH2', 'CHZ']",2019-01-21T08:32:29.320000Z,55.77
333,20190121T083229Z,1J.TI8A.,"['CH1', 'CH2', 'CHZ']",2019-01-21T08:32:29.320000Z,55.77
334,20190121T083229Z,1J.TI6A.,"['CH1', 'CH2', 'CHZ']",2019-01-21T08:32:29.320000Z,55.77
335,20190121T083229Z,1J.TI1A.,"['CH1', 'CH2', 'CHZ']",2019-01-21T08:32:29.320000Z,55.77
336,20190121T083433Z,1J.TI3A.,"['CH1', 'CH2', 'CHZ']",2019-01-21T08:34:33.040000Z,2.13
337,20190121T083758Z,1J.TI3A.,"['CH1', 'CH2', 'CHZ']",2019-01-21T08:37:58.690000Z,2.13
338,20190121T084551Z,1J.TI6A.,"['CH1', 'CH2', 'CHZ']",2019-01-21T08:45:51.470000Z,4.22
339,20190121T084907Z,1J.TI4A.,"['CH1', 'CH2', 'CHZ']",2019-01-21T08:49:07.650000Z,14.14
340,20190121T084907Z,1J.TI3A.,"['CH1', 'CH2', 'CHZ']",2019-01-21T08:49:07.650000Z,14.14
341,20190121T084907Z,1J.TI1A.,"['CH1', 'CH2', 'CHZ']",2019-01-21T08:49:07.650000Z,14.14
342,20190121T085012Z,1J.TI4A.,"['CH1', 'CH2', 'CHZ']",2019-01-21T08:50:12.600000Z,24.98
343,20190121T085012Z,1J.TI3A.,"['CH1', 'CH2', 'CHZ']",2019-01-21T08:50:12.600000Z,24.98
344,20190121T085012Z,1J.TI8A.,"['CH1', 'CH2', 'CHZ']",2019-01-21T08:50:12.600000Z,24.98
345,20190121T085012Z,1J.TI6A.,"['CH1', 'CH2', 'CHZ']",2019-01-21T08:50:12.600000Z,24.98
346,20190121T085012Z,1J.TI1A.,"['CH1', 'CH2', 'CHZ']",2019-01-21T08:50:12.600000Z,24.98
347,20190121T085153Z,1J.TI3A.,"['CH1', 'CH2', 'CHZ']",2019-01-21T08:51:53.370000Z,23.07
348,20190121T085153Z,1J.TI8A.,"['CH1', 'CH2', 'CHZ']",2019-01-21T08:51:53.370000Z,23.07
349,20190121T085153Z,1J.TI6A.,"['CH1', 'CH2', 'CHZ']",2019-01-21T08:51:53.370000Z,23.07
350,20190121T085153Z,1J.TI1A.,"['CH1', 'CH2', 'CHZ']",2019-01-21T08:51:53.370000Z,23.07
351,20190121T085418Z,1J.TI6A.,"['CH1', 'CH2', 'CHZ']",2019-01-21T08:54:18.830000Z,4.22
352,20190121T085722Z,1J.TI4A.,"['CH1', 'CH2', 'CHZ']",2019-01-21T08:57:22.350000Z,14.14
353,20190121T085722Z,1J.TI3A.,"['CH1', 'CH2', 'CHZ']",2019-01-21T08:57:22.350000Z,14.14
354,20190121T085722Z,1J.TI1A.,"['CH1', 'CH2', 'CHZ']",2019-01-21T08:57:22.350000Z,14.14
355,20190121T090210Z,1J.TI3A.,"['CH1', 'CH2', 'CHZ']",2019-01-21T09:02:10.130000Z,13.25
356,20190121T090210Z,1J.TI6A.,"['CH1', 'CH2', 'CHZ']",2019-01-21T09:02:10.130000Z,13.25
357,20190121T090457Z,1J.TI3A.,"['CH1', 'CH2', 'CHZ']",2019-01-21T09:04:57.770000Z,2.13
358,20190121T090541Z,1J.TI3A.,"['CH1', 'CH2', 'CHZ']",2019-01-21T09:05:41.090000Z,27.17
359,20190121T090541Z,1J.TI8A.,"['CH1', 'CH2', 'CHZ']",2019-01-21T09:05:41.090000Z,27.17
360,20190121T090541Z,1J.TI6A.,"['CH1', 'CH2', 'CHZ']",2019-01-21T09:05:41.090000Z,27.17
361,20190121T090541Z,1J.TI1A.,"['CH1', 'CH2', 'CHZ']",2019-01-21T09:05:41.090000Z,27.17
362,20190121T090554Z,1J.TI6A.,"['CH1', 'CH2', 'CHZ']",2019-01-21T09:05:54.210000Z,4.22
363,20190121T090656Z,1J.TI3A.,"['CH1', 'CH2', 'CHZ']",2019-01-21T09:06:56.310000Z,23.96
364,20190121T090656Z,1J.TI8A.,"['CH1', 'CH2', 'CHZ']",2019-01-21T09:06:56.310000Z,23.96
365,20190121T091011Z,1J.TI4A.,"['CH1', 'CH2', 'CHZ']",2019-01-21T09:10:11.300000Z,55.77
366,20190121T091011Z,1J.TI3A.,"['CH1', 'CH2', 'CHZ']",2019-01-21T09:10:11.300000Z,55.77
367,20190121T091011Z,1J.TI8A.,"['CH1', 'CH2', 'CHZ']",2019-01-21T09:10:11.300000Z,55.77
368,20190121T091011Z,1J.TI6A.,"['CH1', 'CH2', 'CHZ']",2019-01-21T09:10:11.300000Z,55.77
369,20190121T091011Z,1J.TI1A.,"['CH1', 'CH2', 'CHZ']",2019-01-21T09:10:11.300000Z,55.77
370,20190121T091811Z,1J.TI3A.,"['CH1', 'CH2', 'CHZ']",2019-01-21T09:18:11.550000Z,13.25
371,20190121T091811Z,1J.TI6A.,"['CH1', 'CH2', 'CHZ']",2019-01-21T09:18:11.550000Z,13.25
372,20190121T092454Z,1J.TI3A.,"['CH1', 'CH2', 'CHZ']",2019-01-21T09:24:54.130000Z,13.25
373,20190121T092454Z,1J.TI6A.,"['CH1', 'CH2', 'CHZ']",2019-01-21T09:24:54.130000Z,13.25
374,20190121T092722Z,1J.TI6A.,"['CH1', 'CH2', 'CHZ']",2019-01-21T09:27:22.000000Z,4.22
375,20190121T093408Z,1J.TI4A.,"['CH1', 'CH2', 'CHZ']",2019-01-21T09:34:08.670000Z,14.14
376,20190121T093408Z,1J.TI3A.,"['CH1', 'CH2', 'CHZ']",2019-01-21T09:34:08.670000Z,14.14
377,20190121T093408Z,1J.TI1A.,"['CH1', 'CH2', 'CHZ']",2019-01-21T09:34:08.670000Z,14.14
378,20190121T093642Z,1J.TI4A.,"['CH1', 'CH2', 'CHZ']",2019-01-21T09:36:42.000000Z,24.98
379,20190121T093642Z,1J.TI3A.,"['CH1', 'CH2', 'CHZ']",2019-01-21T09:36:42.000000Z,24.98
380,20190121T093642Z,1J.TI8A.,"['CH1', 'CH2', 'CHZ']",2019-01-21T09:36:42.000000Z,24.98
381,20190121T093642Z,1J.TI6A.,"['CH1', 'CH2', 'CHZ']",2019-01-21T09:36:42.000000Z,24.98
382,20190121T093642Z,1J.TI1A.,"['CH1', 'CH2', 'CHZ']",2019-01-21T09:36:42.000000Z,24.98
383,20190121T094045Z,1J.TI3A.,"['CH1', 'CH2', 'CHZ']",2019-01-21T09:40:45.560000Z,27.17
384,20190121T094045Z,1J.TI8A.,"['CH1', 'CH2', 'CHZ']",2019-01-21T09:40:45.560000Z,27.17
385,20190121T094045Z,1J.TI6A.,"['CH1', 'CH2', 'CHZ']",2019-01-21T09:40:45.560000Z,27.17
386,20190121T094045Z,1J.TI1A.,"['CH1', 'CH2', 'CHZ']",2019-01-21T09:40:45.560000Z,27.17
387,20190121T094308Z,1J.TI3A.,"['CH1', 'CH2', 'CHZ']",2019-01-21T09:43:08.870000Z,13.25
388,20190121T094308Z,1J.TI6A.,"['CH1', 'CH2', 'CHZ']",2019-01-21T09:43:08.870000Z,13.25
389,20190121T094540Z,1J.TI4A.,"['CH1', 'CH2', 'CHZ']",2019-01-21T09:45:40.640000Z,14.14
390,20190121T094540Z,1J.TI3A.,"['CH1', 'CH2', 'CHZ']",2019-01-21T09:45:40.640000Z,14.14
391,20190121T094540Z,1J.TI1A.,"['CH1', 'CH2', 'CHZ']",2019-01-21T09:45:40.640000Z,14.14
392,20190121T095606Z,1J.TI6A.,"['CH1', 'CH2', 'CHZ']",2019-01-21T09:56:06.560000Z,4.22
393,20190121T095758Z,1J.TI3A.,"['CH1', 'CH2', 'CHZ']",2019-01-21T09:57:58.330000Z,2.13
394,20190121T095910Z,1J.TI3A.,"['CH1', 'CH2', 'CHZ']",2019-01-21T09:59:10.560000Z,23.96
395,20190121T095910Z,1J.TI8A.,"['CH1', 'CH2', 'CHZ']",2019-01-21T09:59:10.560000Z,23.96
396,20190121T100655Z,1J.TI4A.,"['CH1', 'CH2', 'CHZ']",2019-01-21T10:06:55.450000Z,24.98
397,20190121T100655Z,1J.TI3A.,"['CH1', 'CH2', 'CHZ']",2019-01-21T10:06:55.450000Z,24.98
398,20190121T100655Z,1J.TI8A.,"['CH1', 'CH2', 'CHZ']",2019-01-21T10:06:55.450000Z,24.98
399,20190121T100655Z,1J.TI6A.,"['CH1', 'CH2', 'CHZ']",2019-01-21T10:06:55.450000Z,24.98
400,20190121T100655Z,1J.TI1A.,"['CH1', 'CH2', 'CHZ']",2019-01-21T10:06:55.450000Z,24.98
401,20190121T100741Z,1J.TI6A.,"['CH1', 'CH2', 'CHZ']",2019-01-21T10:07:41.060000Z,4.22
402,20190121T101126Z,1J.TI3A.,"['CH1', 'CH2', 'CHZ']",2019-01-21T10:11:26.200000Z,2.13
403,20190121T101833Z,1J.TI6A.,"['CH1', 'CH2', 'CHZ']",2019-01-21T10:18:33.640000Z,4.22
404,20190121T102659Z,1J.TI3A.,"['CH1', 'CH2', 'CHZ']",2019-01-21T10:26:59.010000Z,2.13
405,20190121T102854Z,1J.TI4A.,"['CH1', 'CH2', 'CHZ']",2019-01-21T10:28:54.110000Z,55.77
406,20190121T102854Z,1J.TI3A.,"['CH1', 'CH2', 'CHZ']",2019-01-21T10:28:54.110000Z,55.77
407,20190121T102854Z,1J.TI8A.,"['CH1', 'CH2', 'CHZ']",2019-01-21T10:28:54.110000Z,55.77
408,20190121T102854Z,1J.TI6A.,"['CH1', 'CH2', 'CHZ']",2019-01-21T10:28:54.110000Z,55.77
409,20190121T102854Z,1J.TI1A.,"['CH1', 'CH2', 'CHZ']",2019-01-21T10:28:54.110000Z,55.77
410,20190121T102950Z,1J.TI6A.,"['CH1', 'CH2', 'CHZ']",2019-01-21T10:29:50.340000Z,4.22
411,20190121T103746Z,1J.TI4A.,"['CH1', 'CH2', 'CHZ']",2019-01-21T10:37:46.650000Z,24.98
412,20190121T103746Z,1J.TI3A.,"['CH1', 'CH2', 'CHZ']",2019-01-21T10:37:46.650000Z,24.98
413,20190121T103746Z,1J.TI8A.,"['CH1', 'CH2', 'CHZ']",2019-01-21T10:37:46.650000Z,24.98
414,20190121T103746Z,1J.TI6A.,"['CH1', 'CH2', 'CHZ']",2019-01-21T10:37:46.650000Z,24.98
415,20190121T103746Z,1J.TI1A.,"['CH1', 'CH2', 'CHZ']",2019-01-21T10:37:46.650000Z,24.98
416,20190121T103824Z,1J.TI4A.,"['CH1', 'CH2', 'CHZ']",2019-01-21T10:38:24.440000Z,14.14
417,20190121T103824Z,1J.TI3A.,"['CH1', 'CH2', 'CHZ']",2019-01-21T10:38:24.440000Z,14.14
418,20190121T103824Z,1J.TI1A.,"['CH1', 'CH2', 'CHZ']",2019-01-21T10:38:24.440000Z,14.14
419,20190121T104310Z,1J.TI3A.,"['CH1', 'CH2', 'CHZ']",2019-01-21T10:43:10.580000Z,13.25
420,20190121T104310Z,1J.TI6A.,"['CH1', 'CH2', 'CHZ']",2019-01-21T10:43:10.580000Z,13.25
421,20190121T104959Z,1J.TI3A.,"['CH1', 'CH2', 'CHZ']",2019-01-21T10:49:59.880000Z,27.17
422,20190121T104959Z,1J.TI8A.,"['CH1', 'CH2', 'CHZ']",2019-01-21T10:49:59.880000Z,27.17
423,20190121T104959Z,1J.TI6A.,"['CH1', 'CH2', 'CHZ']",2019-01-21T10:49:59.880000Z,27.17
424,20190121T104959Z,1J.TI1A.,"['CH1', 'CH2', 'CHZ']",2019-01-21T10:49:59.880000Z,27.17
425,20190121T105713Z,1J.TI4A.,"['CH1', 'CH2', 'CHZ']",2019-01-21T10:57:13.050000Z,14.14
426,20190121T105713Z,1J.TI3A.,"['CH1', 'CH2', 'CHZ']",2019-01-21T10:57:13.050000Z,14.14
427,20190121T105713Z,1J.TI1A.,"['CH1', 'CH2', 'CHZ']",2019-01-21T10:57:13.050000Z,14.14
428,20190121T105946Z,1J.TI4A.,"['CH1', 'CH2', 'CHZ']",2019-01-21T10:59:46.650000Z,14.14
429,20190121T105946Z,1J.TI3A.,"['CH1', 'CH2', 'CHZ']",2019-01-21T10:59:46.650000Z,14.14
430,20190121T105946Z,1J.TI1A.,"['CH1', 'CH2', 'CHZ']",2019-01-21T10:59:46.650000Z,14.14
431,20190121T110426Z,1J.TI4A.,"['CH1', 'CH2', 'CHZ']",2019-01-21T11:04:26.570000Z,14.14
432,20190121T110426Z,1J.TI3A.,"['CH1', 'CH2', 'CHZ']",2019-01-21T11:04:26.570000Z,14.14
433,20190121T110426Z,1J.TI1A.,"['CH1', 'CH2', 'CHZ']",2019-01-21T11:04:26.570000Z,14.14
434,20190121T110828Z,1J.TI8A.,"['CH1', 'CH2', 'CHZ']",2019-01-21T11:08:28.240000Z,20.43
435,20190121T110839Z,1J.TI3A.,"['CH1', 'CH2', 'CHZ']",2019-01-21T11:08:39.280000Z,3.78
436,20190121T111131Z,1J.TI4A.,"['CH1', 'CH2', 'CHZ']",2019-01-21T11:11:31.230000Z,24.98
437,20190121T111131Z,1J.TI3A.,"['CH1', 'CH2', 'CHZ']",2019-01-21T11:11:31.230000Z,24.98
438,20190121T111131Z,1J.TI8A.,"['CH1', 'CH2', 'CHZ']",2019-01-21T11:11:31.230000Z,24.98
439,20190121T111131Z,1J.TI6A.,"['CH1', 'CH2', 'CHZ']",2019-01-21T11:11:31.230000Z,24.98
440,20190121T111131Z,1J.TI1A.,"['CH1', 'CH2', 'CHZ']",2019-01-21T11:11:31.230000Z,24.98
441,20190121T111732Z,1J.TI6A.,"['CH1', 'CH2', 'CHZ']",2019-01-21T11:17:32.440000Z,4.22
442,20190121T111953Z,1J.TI4A.,"['CH1', 'CH2', 'CHZ']",2019-01-21T11:19:53.530000Z,14.14
443,20190121T111953Z,1J.TI3A.,"['CH1', 'CH2', 'CHZ']",2019-01-21T11:19:53.530000Z,14.14
444,20190121T111953Z,1J.TI1A.,"['CH1', 'CH2', 'CHZ']",2019-01-21T11:19:53.530000Z,14.14
445,20190121T112400Z,1J.TI3A.,"['CH1', 'CH2', 'CHZ']",2019-01-21T11:24:00.580000Z,2.13
446,20190121T112927Z,1J.TI4A.,"['CH1', 'CH2', 'CHZ']",2019-01-21T11:29:27.470000Z,14.14
447,20190121T112927Z,1J.TI3A.,"['CH1', 'CH2', 'CHZ']",2019-01-21T11:29:27.470000Z,14.14
448,20190121T112927Z,1J.TI1A.,"['CH1', 'CH2', 'CHZ']",2019-01-21T11:29:27.470000Z,14.14
449,20190121T113257Z,1J.TI6A.,"['CH1', 'CH2', 'CHZ']",2019-01-21T11:32:57.610000Z,4.22
450,20190121T113926Z,1J.TI4A.,"['CH1', 'CH2', 'CHZ']",2019-01-21T11:39:26.090000Z,24.98
451,20190121T113926Z,1J.TI3A.,"['CH1', 'CH2', 'CHZ']",2019-01-21T11:39:26.090000Z,24.98
452,20190121T113926Z,1J.TI8A.,"['CH1', 'CH2', 'CHZ']",2019-01-21T11:39:26.090000Z,24.98
453,20190121T113926Z,1J.TI6A.,"['CH1', 'CH2', 'CHZ']",2019-01-21T11:39:26.090000Z,24.98
454,20190121T113926Z,1J.TI1A.,"['CH1', 'CH2', 'CHZ']",2019-01-21T11:39:26.090000Z,24.98
455,20190121T114816Z,1J.TI6A.,"['CH1', 'CH2', 'CHZ']",2019-01-21T11:48:16.540000Z,4.22
456,20190121T115652Z,1J.TI6A.,"['CH1', 'CH2', 'CHZ']",2019-01-21T11:56:52.180000Z,4.22
457,20190121T120146Z,1J.TI4A.,"['CH1', 'CH2', 'CHZ']",2019-01-21T12:01:46.390000Z,24.98
458,20190121T120146Z,1J.TI3A.,"['CH1', 'CH2', 'CHZ']",2019-01-21T12:01:46.390000Z,24.98
459,20190121T120146Z,1J.TI8A.,"['CH1', 'CH2', 'CHZ']",2019-01-21T12:01:46.390000Z,24.98
460,20190121T120146Z,1J.TI6A.,"['CH1', 'CH2', 'CHZ']",2019-01-21T12:01:46.390000Z,24.98
461,20190121T120146Z,1J.TI1A.,"['CH1', 'CH2', 'CHZ']",2019-01-21T12:01:46.390000Z,24.98
462,20190121T120252Z,1J.TI4A.,"['CH1', 'CH2', 'CHZ']",2019-01-21T12:02:52.690000Z,14.14
463,20190121T120252Z,1J.TI3A.,"['CH1', 'CH2', 'CHZ']",2019-01-21T12:02:52.690000Z,14.14
464,20190121T120252Z,1J.TI1A.,"['CH1', 'CH2', 'CHZ']",2019-01-21T12:02:52.690000Z,14.14
465,20190121T120527Z,1J.TI6A.,"['CH1', 'CH2', 'CHZ']",2019-01-21T12:05:27.230000Z,4.22
466,20190121T120544Z,1J.TI4A.,"['CH1', 'CH2', 'CHZ']",2019-01-21T12:05:44.650000Z,14.14
467,20190121T120544Z,1J.TI3A.,"['CH1', 'CH2', 'CHZ']",2019-01-21T12:05:44.650000Z,14.14
468,20190121T120544Z,1J.TI1A.,"['CH1', 'CH2', 'CHZ']",2019-01-21T12:05:44.650000Z,14.14
469,20190121T121414Z,1J.TI6A.,"['CH1', 'CH2', 'CHZ']",2019-01-21T12:14:14.640000Z,4.22
470,20190121T122220Z,1J.TI4A.,"['CH1', 'CH2', 'CHZ']",2019-01-21T12:22:20.270000Z,24.98
471,20190121T122220Z,1J.TI3A.,"['CH1', 'CH2', 'CHZ']",2019-01-21T12:22:20.270000Z,24.98
472,20190121T122220Z,1J.TI8A.,"['CH1', 'CH2', 'CHZ']",2019-01-21T12:22:20.270000Z,24.98
473,20190121T122220Z,1J.TI6A.,"['CH1', 'CH2', 'CHZ']",2019-01-21T12:22:20.270000Z,24.98
474,20190121T122220Z,1J.TI1A.,"['CH1', 'CH2', 'CHZ']",2019-01-21T12:22:20.270000Z,24.98
475,20190121T123031Z,1J.TI6A.,"['CH1', 'CH2', 'CHZ']",2019-01-21T12:30:31.530000Z,4.22
476,20190121T123356Z,1J.TI3A.,"['CH1', 'CH2', 'CHZ']",2019-01-21T12:33:56.390000Z,2.13
477,20190121T124207Z,1J.TI6A.,"['CH1', 'CH2', 'CHZ']",2019-01-21T12:42:07.360000Z,4.22
478,20190121T124755Z,1J.TI4A.,"['CH1', 'CH2', 'CHZ']",2019-01-21T12:47:55.240000Z,24.48
479,20190121T124755Z,1J.TI3A.,"['CH1', 'CH2', 'CHZ']",2019-01-21T12:47:55.240000Z,24.48
480,20190121T124755Z,1J.TI8A.,"['CH1', 'CH2', 'CHZ']",2019-01-21T12:47:55.240000Z,24.48
481,20190121T124755Z,1J.TI6A.,"['CH1', 'CH2', 'CHZ']",2019-01-21T12:47:55.240000Z,24.48
482,20190121T125136Z,1J.TI4A.,"['CH1', 'CH2', 'CHZ']",2019-01-21T12:51:36.580000Z,24.48
483,20190121T125136Z,1J.TI3A.,"['CH1', 'CH2', 'CHZ']",2019-01-21T12:51:36.580000Z,24.48
484,20190121T125136Z,1J.TI8A.,"['CH1', 'CH2', 'CHZ']",2019-01-21T12:51:36.580000Z,24.48
485,20190121T125136Z,1J.TI6A.,"['CH1', 'CH2', 'CHZ']",2019-01-21T12:51:36.580000Z,24.48
486,20190121T125307Z,1J.TI6A.,"['CH1', 'CH2', 'CHZ']",2019-01-21T12:53:07.400000Z,4.22
487,20190121T125318Z,1J.TI4A.,"['CH1', 'CH2', 'CHZ']",2019-01-21T12:53:18.980000Z,14.14
488,20190121T125318Z,1J.TI3A.,"['CH1', 'CH2', 'CHZ']",2019-01-21T12:53:18.980000Z,14.14
489,20190121T125318Z,1J.TI1A.,"['CH1', 'CH2', 'CHZ']",2019-01-21T12:53:18.980000Z,14.14
490,20190121T130500Z,1J.TI4A.,"['CH1', 'CH2', 'CHZ']",2019-01-21T13:05:00.620000Z,24.98
491,20190121T130500Z,1J.TI3A.,"['CH1', 'CH2', 'CHZ']",2019-01-21T13:05:00.620000Z,24.98
492,20190121T130500Z,1J.TI8A.,"['CH1', 'CH2', 'CHZ']",2019-01-21T13:05:00.620000Z,24.98
493,20190121T130500Z,1J.TI6A.,"['CH1', 'CH2', 'CHZ']",2019-01-21T13:05:00.620000Z,24.98
494,20190121T130500Z,1J.TI1A.,"['CH1', 'CH2', 'CHZ']",2019-01-21T13:05:00.620000Z,24.98
495,20190121T131223Z,1J.TI4A.,"['CH1', 'CH2', 'CHZ']",2019-01-21T13:12:23.050000Z,14.14
496,20190121T131223Z,1J.TI3A.,"['CH1', 'CH2', 'CHZ']",2019-01-21T13:12:23.050000Z,14.14
497,20190121T131223Z,1J.TI1A.,"['CH1', 'CH2', 'CHZ']",2019-01-21T13:12:23.050000Z,14.14
498,20190121T131522Z,1J.TI4A.,"['CH1', 'CH2', 'CHZ']",2019-01-21T13:15:22.320000Z,14.14
499,20190121T131522Z,1J.TI3A.,"['CH1', 'CH2', 'CHZ']",2019-01-21T13:15:22.320000Z,14.14
500,20190121T131522Z,1J.TI1A.,"['CH1', 'CH2', 'CHZ']",2019-01-21T13:15:22.320000Z,14.14
501,20190121T132745Z,1J.TI6A.,"['CH1', 'CH2', 'CHZ']",2019-01-21T13:27:45.110000Z,4.22
502,20190121T133039Z,1J.TI3A.,"['CH1', 'CH2', 'CHZ']",2019-01-21T13:30:39.690000Z,2.13
503,20190121T133614Z,1J.TI3A.,"['CH1', 'CH2', 'CHZ']",2019-01-21T13:36:14.850000Z,2.13
504,20190121T134223Z,1J.TI6A.,"['CH1', 'CH2', 'CHZ']",2019-01-21T13:42:23.500000Z,4.22
505,20190121T134625Z,1J.TI4A.,"['CH1', 'CH2', 'CHZ']",2019-01-21T13:46:25.490000Z,55.77
506,20190121T134625Z,1J.TI3A.,"['CH1', 'CH2', 'CHZ']",2019-01-21T13:46:25.490000Z,55.77
507,20190121T134625Z,1J.TI8A.,"['CH1', 'CH2', 'CHZ']",2019-01-21T13:46:25.490000Z,55.77
508,20190121T134625Z,1J.TI6A.,"['CH1', 'CH2', 'CHZ']",2019-01-21T13:46:25.490000Z,55.77
509,20190121T134625Z,1J.TI1A.,"['CH1', 'CH2', 'CHZ']",2019-01-21T13:46:25.490000Z,55.77
510,20190121T135017Z,1J.TI6A.,"['CH1', 'CH2', 'CHZ']",2019-01-21T13:50:17.880000Z,4.22
511,20190121T135620Z,1J.TI4A.,"['CH1', 'CH2', 'CHZ']",2019-01-21T13:56:20.130000Z,14.14
512,20190121T135620Z,1J.TI3A.,"['CH1', 'CH2', 'CHZ']",2019-01-21T13:56:20.130000Z,14.14
513,20190121T135620Z,1J.TI1A.,"['CH1', 'CH2', 'CHZ']",2019-01-21T13:56:20.130000Z,14.14
514,20190121T140903Z,1J.TI6A.,"['CH1', 'CH2', 'CHZ']",2019-01-21T14:09:03.960000Z,4.22
515,20190121T141138Z,1J.TI3A.,"['CH1', 'CH2', 'CHZ']",2019-01-21T14:11:38.610000Z,2.13
516,20190121T141335Z,1J.TI4A.,"['CH1', 'CH2', 'CHZ']",2019-01-21T14:13:35.540000Z,14.14
517,20190121T141335Z,1J.TI3A.,"['CH1', 'CH2', 'CHZ']",2019-01-21T14:13:35.540000Z,14.14
518,20190121T141335Z,1J.TI1A.,"['CH1', 'CH2', 'CHZ']",2019-01-21T14:13:35.540000Z,14.14
519,20190121T141635Z,1J.TI3A.,"['CH1', 'CH2', 'CHZ']",2019-01-21T14:16:35.030000Z,27.17
520,20190121T141635Z,1J.TI8A.,"['CH1', 'CH2', 'CHZ']",2019-01-21T14:16:35.030000Z,27.17
521,20190121T141635Z,1J.TI6A.,"['CH1', 'CH2', 'CHZ']",2019-01-21T14:16:35.030000Z,27.17
522,20190121T141635Z,1J.TI1A.,"['CH1', 'CH2', 'CHZ']",2019-01-21T14:16:35.030000Z,27.17
523,20190121T142633Z,1J.TI6A.,"['CH1', 'CH2', 'CHZ']",2019-01-21T14:26:33.370000Z,4.22
524,20190121T143603Z,1J.TI6A.,"['CH1', 'CH2', 'CHZ']",2019-01-21T14:36:03.990000Z,4.22
525,20190121T144200Z,1J.TI4A.,"['CH1', 'CH2', 'CHZ']",2019-01-21T14:42:00.050000Z,14.14
526,20190121T144200Z,1J.TI3A.,"['CH1', 'CH2', 'CHZ']",2019-01-21T14:42:00.050000Z,14.14
527,20190121T144200Z,1J.TI1A.,"['CH1', 'CH2', 'CHZ']",2019-01-21T14:42:00.050000Z,14.14
528,20190121T144530Z,1J.TI3A.,"['CH1', 'CH2', 'CHZ']",2019-01-21T14:45:30.140000Z,2.13
529,20190121T144744Z,1J.TI4A.,"['CH1', 'CH2', 'CHZ']",2019-01-21T14:47:44.980000Z,24.48
530,20190121T144744Z,1J.TI3A.,"['CH1', 'CH2', 'CHZ']",2019-01-21T14:47:44.980000Z,24.48
531,20190121T144744Z,1J.TI8A.,"['CH1', 'CH2', 'CHZ']",2019-01-21T14:47:44.980000Z,24.48
532,20190121T144744Z,1J.TI6A.,"['CH1', 'CH2', 'CHZ']",2019-01-21T14:47:44.980000Z,24.48
533,20190121T145513Z,1J.TI3A.,"['CH1', 'CH2', 'CHZ']",2019-01-21T14:55:13.130000Z,23.07
534,20190121T145513Z,1J.TI8A.,"['CH1', 'CH2', 'CHZ']",2019-01-21T14:55:13.130000Z,23.07
535,20190121T145513Z,1J.TI6A.,"['CH1', 'CH2', 'CHZ']",2019-01-21T14:55:13.130000Z,23.07
536,20190121T145513Z,1J.TI1A.,"['CH1', 'CH2', 'CHZ']",2019-01-21T14:55:13.130000Z,23.07
537,20190121T145558Z,1J.TI6A.,"['CH1', 'CH2', 'CHZ']",2019-01-21T14:55:58.320000Z,4.22
538,20190121T145855Z,1J.TI3A.,"['CH1', 'CH2', 'CHZ']",2019-01-21T14:58:55.630000Z,17.2
539,20190121T145855Z,1J.TI6A.,"['CH1', 'CH2', 'CHZ']",2019-01-21T14:58:55.630000Z,17.2
540,20190121T145855Z,1J.TI7A.,"['CH1', 'CH2', 'CHZ']",2019-01-21T14:58:55.630000Z,17.2
541,20190121T150823Z,1J.TI4A.,"['CH1', 'CH2', 'CHZ']",2019-01-21T15:08:23.040000Z,14.14
542,20190121T150823Z,1J.TI3A.,"['CH1', 'CH2', 'CHZ']",2019-01-21T15:08:23.040000Z,14.14
543,20190121T150823Z,1J.TI1A.,"['CH1', 'CH2', 'CHZ']",2019-01-21T15:08:23.040000Z,14.14
544,20190121T151257Z,1J.TI4A.,"['CH1', 'CH2', 'CHZ']",2019-01-21T15:12:57.440000Z,14.14
545,20190121T151257Z,1J.TI3A.,"['CH1', 'CH2', 'CHZ']",2019-01-21T15:12:57.440000Z,14.14
546,20190121T151257Z,1J.TI1A.,"['CH1', 'CH2', 'CHZ']",2019-01-21T15:12:57.440000Z,14.14
547,20190121T151817Z,1J.TI4A.,"['CH1', 'CH2', 'CHZ']",2019-01-21T15:18:17.420000Z,14.14
548,20190121T151817Z,1J.TI3A.,"['CH1', 'CH2', 'CHZ']",2019-01-21T15:18:17.420000Z,14.14
549,20190121T151817Z,1J.TI1A.,"['CH1', 'CH2', 'CHZ']",2019-01-21T15:18:17.420000Z,14.14
550,20190121T152719Z,1J.TI3A.,"['CH1', 'CH2', 'CHZ']",2019-01-21T15:27:19.080000Z,2.13
551,20190121T155058Z,1J.TI3A.,"['CH1', 'CH2', 'CHZ']",2019-01-21T15:50:58.590000Z,2.13
552,20190121T155601Z,1J.TI4A.,"['CH1', 'CH2', 'CHZ']",2019-01-21T15:56:01.510000Z,14.14
553,20190121T155601Z,1J.TI3A.,"['CH1', 'CH2', 'CHZ']",2019-01-21T15:56:01.510000Z,14.14
554,20190121T155601Z,1J.TI1A.,"['CH1', 'CH2', 'CHZ']",2019-01-21T15:56:01.510000Z,14.14
555,20190121T155707Z,1J.TI3A.,"['CH1', 'CH2', 'CHZ']",2019-01-21T15:57:07.890000Z,17.2
556,20190121T155707Z,1J.TI6A.,"['CH1', 'CH2', 'CHZ']",2019-01-21T15:57:07.890000Z,17.2
557,20190121T155707Z,1J.TI7A.,"['CH1', 'CH2', 'CHZ']",2019-01-21T15:57:07.890000Z,17.2
558,20190121T160132Z,1J.TI3A.,"['CH1', 'CH2', 'CHZ']",2019-01-21T16:01:32.790000Z,23.96
559,20190121T160132Z,1J.TI8A.,"['CH1', 'CH2', 'CHZ']",2019-01-21T16:01:32.790000Z,23.96
560,20190121T160648Z,1J.TI4A.,"['CH1', 'CH2', 'CHZ']",2019-01-21T16:06:48.330000Z,14.14
561,20190121T160648Z,1J.TI3A.,"['CH1', 'CH2', 'CHZ']",2019-01-21T16:06:48.330000Z,14.14
562,20190121T160648Z,1J.TI1A.,"['CH1', 'CH2', 'CHZ']",2019-01-21T16:06:48.330000Z,14.14
563,20190121T161041Z,1J.TI3A.,"['CH1', 'CH2', 'CHZ']",2019-01-21T16:10:41.540000Z,12.22
564,20190121T162107Z,1J.TI3A.,"['CH1', 'CH2', 'CHZ']",2019-01-21T16:21:07.120000Z,27.17
565,20190121T162107Z,1J.TI8A.,"['CH1', 'CH2', 'CHZ']",2019-01-21T16:21:07.120000Z,27.17
566,20190121T162107Z,1J.TI6A.,"['CH1', 'CH2', 'CHZ']",2019-01-21T16:21:07.120000Z,27.17
567,20190121T162107Z,1J.TI1A.,"['CH1', 'CH2', 'CHZ']",2019-01-21T16:21:07.120000Z,27.17
568,20190121T162843Z,1J.TI3A.,"['CH1', 'CH2', 'CHZ']",2019-01-21T16:28:43.000000Z,27.17
569,20190121T162843Z,1J.TI8A.,"['CH1', 'CH2', 'CHZ']",2019-01-21T16:28:43.000000Z,27.17
570,20190121T162843Z,1J.TI6A.,"['CH1', 'CH2', 'CHZ']",2019-01-21T16:28:43.000000Z,27.17
571,20190121T162843Z,1J.TI1A.,"['CH1', 'CH2', 'CHZ']",2019-01-21T16:28:43.000000Z,27.17
572,20190121T163210Z,1J.TI3A.,"['CH1', 'CH2', 'CHZ']",2019-01-21T16:32:10.050000Z,27.17
573,20190121T163210Z,1J.TI8A.,"['CH1', 'CH2', 'CHZ']",2019-01-21T16:32:10.050000Z,27.17
574,20190121T163210Z,1J.TI6A.,"['CH1', 'CH2', 'CHZ']",2019-01-21T16:32:10.050000Z,27.17
575,20190121T163210Z,1J.TI1A.,"['CH1', 'CH2', 'CHZ']",2019-01-21T16:32:10.050000Z,27.17
576,20190121T163324Z,1J.TI3A.,"['CH1', 'CH2', 'CHZ']",2019-01-21T16:33:24.150000Z,17.2
577,20190121T163324Z,1J.TI6A.,"['CH1', 'CH2', 'CHZ']",2019-01-21T16:33:24.150000Z,17.2
578,20190121T163324Z,1J.TI7A.,"['CH1', 'CH2', 'CHZ']",2019-01-21T16:33:24.150000Z,17.2
579,20190121T163905Z,1J.TI4A.,"['CH1', 'CH2', 'CHZ']",2019-01-21T16:39:05.040000Z,14.14
580,20190121T163905Z,1J.TI3A.,"['CH1', 'CH2', 'CHZ']",2019-01-21T16:39:05.040000Z,14.14
581,20190121T163905Z,1J.TI1A.,"['CH1', 'CH2', 'CHZ']",2019-01-21T16:39:05.040000Z,14.14
582,20190121T164338Z,1J.TI4A.,"['CH1', 'CH2', 'CHZ']",2019-01-21T16:43:38.390000Z,14.14
583,20190121T164338Z,1J.TI3A.,"['CH1', 'CH2', 'CHZ']",2019-01-21T16:43:38.390000Z,14.14
584,20190121T164338Z,1J.TI1A.,"['CH1', 'CH2', 'CHZ']",2019-01-21T16:43:38.390000Z,14.14
585,20190121T170054Z,1J.TI4A.,"['CH1', 'CH2', 'CHZ']",2019-01-21T17:00:54.130000Z,14.14
586,20190121T170054Z,1J.TI3A.,"['CH1', 'CH2', 'CHZ']",2019-01-21T17:00:54.130000Z,14.14
587,20190121T170054Z,1J.TI1A.,"['CH1', 'CH2', 'CHZ']",2019-01-21T17:00:54.130000Z,14.14
588,20190121T172208Z,1J.TI4A.,"['CH1', 'CH2', 'CHZ']",2019-01-21T17:22:08.440000Z,14.14
589,20190121T172208Z,1J.TI3A.,"['CH1', 'CH2', 'CHZ']",2019-01-21T17:22:08.440000Z,14.14
590,20190121T172208Z,1J.TI1A.,"['CH1', 'CH2', 'CHZ']",2019-01-21T17:22:08.440000Z,14.14
591,20190121T173507Z,1J.TI4A.,"['CH1', 'CH2', 'CHZ']",2019-01-21T17:35:07.460000Z,14.14
592,20190121T173507Z,1J.TI3A.,"['CH1', 'CH2', 'CHZ']",2019-01-21T17:35:07.460000Z,14.14
593,20190121T173507Z,1J.TI1A.,"['CH1', 'CH2', 'CHZ']",2019-01-21T17:35:07.460000Z,14.14
594,20190121T174606Z,1J.TI3A.,"['CH1', 'CH2', 'CHZ']",2019-01-21T17:46:06.630000Z,17.2
595,20190121T174606Z,1J.TI6A.,"['CH1', 'CH2', 'CHZ']",2019-01-21T17:46:06.630000Z,17.2
596,20190121T174606Z,1J.TI7A.,"['CH1', 'CH2', 'CHZ']",2019-01-21T17:46:06.630000Z,17.2
597,20190121T174841Z,1J.TI4A.,"['CH1', 'CH2', 'CHZ']",2019-01-21T17:48:41.970000Z,24.48
598,20190121T174841Z,1J.TI3A.,"['CH1', 'CH2', 'CHZ']",2019-01-21T17:48:41.970000Z,24.48
599,20190121T174841Z,1J.TI8A.,"['CH1', 'CH2', 'CHZ']",2019-01-21T17:48:41.970000Z,24.48
600,20190121T174841Z,1J.TI6A.,"['CH1', 'CH2', 'CHZ']",2019-01-21T17:48:41.970000Z,24.48
601,20190121T174855Z,1J.TI3A.,"['CH1', 'CH2', 'CHZ']",2019-01-21T17:48:55.600000Z,23.96
602,20190121T174855Z,1J.TI8A.,"['CH1', 'CH2', 'CHZ']",2019-01-21T17:48:55.600000Z,23.96
603,20190121T175150Z,1J.TI3A.,"['CH1', 'CH2', 'CHZ']",2019-01-21T17:51:50.780000Z,23.07
604,20190121T175150Z,1J.TI8A.,"['CH1', 'CH2', 'CHZ']",2019-01-21T17:51:50.780000Z,23.07
605,20190121T175150Z,1J.TI6A.,"['CH1', 'CH2', 'CHZ']",2019-01-21T17:51:50.780000Z,23.07
606,20190121T175150Z,1J.TI1A.,"['CH1', 'CH2', 'CHZ']",2019-01-21T17:51:50.780000Z,23.07
607,20190121T180127Z,1J.TI4A.,"['CH1', 'CH2', 'CHZ']",2019-01-21T18:01:27.810000Z,14.14
608,20190121T180127Z,1J.TI3A.,"['CH1', 'CH2', 'CHZ']",2019-01-21T18:01:27.810000Z,14.14
609,20190121T180127Z,1J.TI1A.,"['CH1', 'CH2', 'CHZ']",2019-01-21T18:01:27.810000Z,14.14
610,20190121T180403Z,1J.TI3A.,"['CH1', 'CH2', 'CHZ']",2019-01-21T18:04:03.100000Z,2.13
611,20190121T181710Z,1J.TI3A.,"['CH1', 'CH2', 'CHZ']",2019-01-21T18:17:10.790000Z,2.13
612,20190121T182020Z,1J.TI4A.,"['CH1', 'CH2', 'CHZ']",2019-01-21T18:20:20.150000Z,14.14
613,20190121T182020Z,1J.TI3A.,"['CH1', 'CH2', 'CHZ']",2019-01-21T18:20:20.150000Z,14.14
614,20190121T182020Z,1J.TI1A.,"['CH1', 'CH2', 'CHZ']",2019-01-21T18:20:20.150000Z,14.14
615,20190121T182657Z,1J.TI4A.,"['CH1', 'CH2', 'CHZ']",2019-01-21T18:26:57.820000Z,14.14
616,20190121T182657Z,1J.TI3A.,"['CH1', 'CH2', 'CHZ']",2019-01-21T18:26:57.820000Z,14.14
617,20190121T182657Z,1J.TI1A.,"['CH1', 'CH2', 'CHZ']",2019-01-21T18:26:57.820000Z,14.14
618,20190121T183909Z,1J.TI3A.,"['CH1', 'CH2', 'CHZ']",2019-01-21T18:39:09.940000Z,3.78
619,20190121T184029Z,1J.TI3A.,"['CH1', 'CH2', 'CHZ']",2019-01-21T18:40:29.990000Z,17.2
620,20190121T184029Z,1J.TI6A.,"['CH1', 'CH2', 'CHZ']",2019-01-21T18:40:29.990000Z,17.2
621,20190121T184029Z,1J.TI7A.,"['CH1', 'CH2', 'CHZ']",2019-01-21T18:40:29.990000Z,17.2
622,20190121T184158Z,1J.TI3A.,"['CH1', 'CH2', 'CHZ']",2019-01-21T18:41:58.170000Z,2.13
623,20190121T184302Z,1J.TI4A.,"['CH1', 'CH2', 'CHZ']",2019-01-21T18:43:02.280000Z,14.14
624,20190121T184302Z,1J.TI3A.,"['CH1', 'CH2', 'CHZ']",2019-01-21T18:43:02.280000Z,14.14
625,20190121T184302Z,1J.TI1A.,"['CH1', 'CH2', 'CHZ']",2019-01-21T18:43:02.280000Z,14.14
626,20190121T185401Z,1J.TI3A.,"['CH1', 'CH2', 'CHZ']",2019-01-21T18:54:01.290000Z,2.13
627,20190121T185705Z,1J.TI4A.,"['CH1', 'CH2', 'CHZ']",2019-01-21T18:57:05.780000Z,14.14
628,20190121T185705Z,1J.TI3A.,"['CH1', 'CH2', 'CHZ']",2019-01-21T18:57:05.780000Z,14.14
629,20190121T185705Z,1J.TI1A.,"['CH1', 'CH2', 'CHZ']",2019-01-21T18:57:05.780000Z,14.14
630,20190121T190026Z,1J.TI4A.,"['CH1', 'CH2', 'CHZ']",2019-01-21T19:00:26.880000Z,14.14
631,20190121T190026Z,1J.TI3A.,"['CH1', 'CH2', 'CHZ']",2019-01-21T19:00:26.880000Z,14.14
632,20190121T190026Z,1J.TI1A.,"['CH1', 'CH2', 'CHZ']",2019-01-21T19:00:26.880000Z,14.14
633,20190121T190414Z,1J.TI4A.,"['CH1', 'CH2', 'CHZ']",2019-01-21T19:04:14.180000Z,14.14
634,20190121T190414Z,1J.TI3A.,"['CH1', 'CH2', 'CHZ']",2019-01-21T19:04:14.180000Z,14.14
635,20190121T190414Z,1J.TI1A.,"['CH1', 'CH2', 'CHZ']",2019-01-21T19:04:14.180000Z,14.14
636,20190121T190446Z,1J.TI4A.,"['CH1', 'CH2', 'CHZ']",2019-01-21T19:04:46.540000Z,14.14
637,20190121T190446Z,1J.TI3A.,"['CH1', 'CH2', 'CHZ']",2019-01-21T19:04:46.540000Z,14.14
638,20190121T190446Z,1J.TI1A.,"['CH1', 'CH2', 'CHZ']",2019-01-21T19:04:46.540000Z,14.14
639,20190121T191425Z,1J.TI4A.,"['CH1', 'CH2', 'CHZ']",2019-01-21T19:14:25.400000Z,14.14
640,20190121T191425Z,1J.TI3A.,"['CH1', 'CH2', 'CHZ']",2019-01-21T19:14:25.400000Z,14.14
641,20190121T191425Z,1J.TI1A.,"['CH1', 'CH2', 'CHZ']",2019-01-21T19:14:25.400000Z,14.14
642,20190121T191437Z,1J.TI4A.,"['CH1', 'CH2', 'CHZ']",2019-01-21T19:14:37.350000Z,14.14
643,20190121T191437Z,1J.TI3A.,"['CH1', 'CH2', 'CHZ']",2019-01-21T19:14:37.350000Z,14.14
644,20190121T191437Z,1J.TI1A.,"['CH1', 'CH2', 'CHZ']",2019-01-21T19:14:37.350000Z,14.14
645,20190121T191812Z,1J.TI4A.,"['CH1', 'CH2', 'CHZ']",2019-01-21T19:18:12.400000Z,14.14
646,20190121T191812Z,1J.TI3A.,"['CH1', 'CH2', 'CHZ']",2019-01-21T19:18:12.400000Z,14.14
647,20190121T191812Z,1J.TI1A.,"['CH1', 'CH2', 'CHZ']",2019-01-21T19:18:12.400000Z,14.14
648,20190121T191850Z,1J.TI4A.,"['CH1', 'CH2', 'CHZ']",2019-01-21T19:18:50.630000Z,14.14
649,20190121T191850Z,1J.TI3A.,"['CH1', 'CH2', 'CHZ']",2019-01-21T19:18:50.630000Z,14.14
650,20190121T191850Z,1J.TI1A.,"['CH1', 'CH2', 'CHZ']",2019-01-21T19:18:50.630000Z,14.14
651,20190121T191918Z,1J.TI4A.,"['CH1', 'CH2', 'CHZ']",2019-01-21T19:19:18.170000Z,14.14
652,20190121T191918Z,1J.TI3A.,"['CH1', 'CH2', 'CHZ']",2019-01-21T19:19:18.170000Z,14.14
653,20190121T191918Z,1J.TI1A.,"['CH1', 'CH2', 'CHZ']",2019-01-21T19:19:18.170000Z,14.14
654,20190121T192024Z,1J.TI4A.,"['CH1', 'CH2', 'CHZ']",2019-01-21T19:20:24.840000Z,14.14
655,20190121T192024Z,1J.TI3A.,"['CH1', 'CH2', 'CHZ']",2019-01-21T19:20:24.840000Z,14.14
656,20190121T192024Z,1J.TI1A.,"['CH1', 'CH2', 'CHZ']",2019-01-21T19:20:24.840000Z,14.14
657,20190121T192034Z,1J.TI3A.,"['CH1', 'CH2', 'CHZ']",2019-01-21T19:20:34.970000Z,27.17
658,20190121T192034Z,1J.TI8A.,"['CH1', 'CH2', 'CHZ']",2019-01-21T19:20:34.970000Z,27.17
659,20190121T192034Z,1J.TI6A.,"['CH1', 'CH2', 'CHZ']",2019-01-21T19:20:34.970000Z,27.17
660,20190121T192034Z,1J.TI1A.,"['CH1', 'CH2', 'CHZ']",2019-01-21T19:20:34.970000Z,27.17
661,20190121T192054Z,1J.TI4A.,"['CH1', 'CH2', 'CHZ']",2019-01-21T19:20:54.140000Z,14.14
662,20190121T192054Z,1J.TI3A.,"['CH1', 'CH2', 'CHZ']",2019-01-21T19:20:54.140000Z,14.14
663,20190121T192054Z,1J.TI1A.,"['CH1', 'CH2', 'CHZ']",2019-01-21T19:20:54.140000Z,14.14
664,20190121T192242Z,1J.TI4A.,"['CH1', 'CH2', 'CHZ']",2019-01-21T19:22:42.940000Z,14.14
665,20190121T192242Z,1J.TI3A.,"['CH1', 'CH2', 'CHZ']",2019-01-21T19:22:42.940000Z,14.14
666,20190121T192242Z,1J.TI1A.,"['CH1', 'CH2', 'CHZ']",2019-01-21T19:22:42.940000Z,14.14
667,20190121T192258Z,1J.TI4A.,"['CH1', 'CH2', 'CHZ']",2019-01-21T19:22:58.570000Z,14.14
668,20190121T192258Z,1J.TI3A.,"['CH1', 'CH2', 'CHZ']",2019-01-21T19:22:58.570000Z,14.14
669,20190121T192258Z,1J.TI1A.,"['CH1', 'CH2', 'CHZ']",2019-01-21T19:22:58.570000Z,14.14
670,20190121T192310Z,1J.TI4A.,"['CH1', 'CH2', 'CHZ']",2019-01-21T19:23:10.380000Z,14.14
671,20190121T192310Z,1J.TI3A.,"['CH1', 'CH2', 'CHZ']",2019-01-21T19:23:10.380000Z,14.14
672,20190121T192310Z,1J.TI1A.,"['CH1', 'CH2', 'CHZ']",2019-01-21T19:23:10.380000Z,14.14
673,20190121T192358Z,1J.TI4A.,"['CH1', 'CH2', 'CHZ']",2019-01-21T19:23:58.320000Z,14.14
674,20190121T192358Z,1J.TI3A.,"['CH1', 'CH2', 'CHZ']",2019-01-21T19:23:58.320000Z,14.14
675,20190121T192358Z,1J.TI1A.,"['CH1', 'CH2', 'CHZ']",2019-01-21T19:23:58.320000Z,14.14
676,20190121T192434Z,1J.TI4A.,"['CH1', 'CH2', 'CHZ']",2019-01-21T19:24:34.560000Z,14.14
677,20190121T192434Z,1J.TI3A.,"['CH1', 'CH2', 'CHZ']",2019-01-21T19:24:34.560000Z,14.14
678,20190121T192434Z,1J.TI1A.,"['CH1', 'CH2', 'CHZ']",2019-01-21T19:24:34.560000Z,14.14
679,20190121T192637Z,1J.TI4A.,"['CH1', 'CH2', 'CHZ']",2019-01-21T19:26:37.830000Z,14.14
680,20190121T192637Z,1J.TI3A.,"['CH1', 'CH2', 'CHZ']",2019-01-21T19:26:37.830000Z,14.14
681,20190121T192637Z,1J.TI1A.,"['CH1', 'CH2', 'CHZ']",2019-01-21T19:26:37.830000Z,14.14
682,20190121T192722Z,1J.TI4A.,"['CH1', 'CH2', 'CHZ']",2019-01-21T19:27:22.580000Z,14.14
683,20190121T192722Z,1J.TI3A.,"['CH1', 'CH2', 'CHZ']",2019-01-21T19:27:22.580000Z,14.14
684,20190121T192722Z,1J.TI1A.,"['CH1', 'CH2', 'CHZ']",2019-01-21T19:27:22.580000Z,14.14
685,20190121T192809Z,1J.TI4A.,"['CH1', 'CH2', 'CHZ']",2019-01-21T19:28:09.480000Z,14.14
686,20190121T192809Z,1J.TI3A.,"['CH1', 'CH2', 'CHZ']",2019-01-21T19:28:09.480000Z,14.14
687,20190121T192809Z,1J.TI1A.,"['CH1', 'CH2', 'CHZ']",2019-01-21T19:28:09.480000Z,14.14
688,20190121T192832Z,1J.TI4A.,"['CH1', 'CH2', 'CHZ']",2019-01-21T19:28:32.680000Z,14.14
689,20190121T192832Z,1J.TI3A.,"['CH1', 'CH2', 'CHZ']",2019-01-21T19:28:32.680000Z,14.14
690,20190121T192832Z,1J.TI1A.,"['CH1', 'CH2', 'CHZ']",2019-01-21T19:28:32.680000Z,14.14
691,20190121T192923Z,1J.TI4A.,"['CH1', 'CH2', 'CHZ']",2019-01-21T19:29:23.060000Z,14.14
692,20190121T192923Z,1J.TI3A.,"['CH1', 'CH2', 'CHZ']",2019-01-21T19:29:23.060000Z,14.14
693,20190121T192923Z,1J.TI1A.,"['CH1', 'CH2', 'CHZ']",2019-01-21T19:29:23.060000Z,14.14
694,20190121T193137Z,1J.TI4A.,"['CH1', 'CH2', 'CHZ']",2019-01-21T19:31:37.180000Z,14.14
695,20190121T193137Z,1J.TI3A.,"['CH1', 'CH2', 'CHZ']",2019-01-21T19:31:37.180000Z,14.14
696,20190121T193137Z,1J.TI1A.,"['CH1', 'CH2', 'CHZ']",2019-01-21T19:31:37.180000Z,14.14
697,20190121T193204Z,1J.TI4A.,"['CH1', 'CH2', 'CHZ']",2019-01-21T19:32:04.700000Z,14.14
698,20190121T193204Z,1J.TI3A.,"['CH1', 'CH2', 'CHZ']",2019-01-21T19:32:04.700000Z,14.14
699,20190121T193204Z,1J.TI1A.,"['CH1', 'CH2', 'CHZ']",2019-01-21T19:32:04.700000Z,14.14
700,20190121T193237Z,1J.TI4A.,"['CH1', 'CH2', 'CHZ']",2019-01-21T19:32:37.630000Z,14.14
701,20190121T193237Z,1J.TI3A.,"['CH1', 'CH2', 'CHZ']",2019-01-21T19:32:37.630000Z,14.14
702,20190121T193237Z,1J.TI1A.,"['CH1', 'CH2', 'CHZ']",2019-01-21T19:32:37.630000Z,14.14
703,20190121T193427Z,1J.TI4A.,"['CH1', 'CH2', 'CHZ']",2019-01-21T19:34:27.680000Z,14.14
704,20190121T193427Z,1J.TI3A.,"['CH1', 'CH2', 'CHZ']",2019-01-21T19:34:27.680000Z,14.14
705,20190121T193427Z,1J.TI1A.,"['CH1', 'CH2', 'CHZ']",2019-01-21T19:34:27.680000Z,14.14
706,20190121T193512Z,1J.TI4A.,"['CH1', 'CH2', 'CHZ']",2019-01-21T19:35:12.280000Z,14.14
707,20190121T193512Z,1J.TI3A.,"['CH1', 'CH2', 'CHZ']",2019-01-21T19:35:12.280000Z,14.14
708,20190121T193512Z,1J.TI1A.,"['CH1', 'CH2', 'CHZ']",2019-01-21T19:35:12.280000Z,14.14
709,20190121T193600Z,1J.TI4A.,"['CH1', 'CH2', 'CHZ']",2019-01-21T19:36:00.700000Z,14.14
710,20190121T193600Z,1J.TI3A.,"['CH1', 'CH2', 'CHZ']",2019-01-21T19:36:00.700000Z,14.14
711,20190121T193600Z,1J.TI1A.,"['CH1', 'CH2', 'CHZ']",2019-01-21T19:36:00.700000Z,14.14
712,20190121T193654Z,1J.TI4A.,"['CH1', 'CH2', 'CHZ']",2019-01-21T19:36:54.560000Z,14.14
713,20190121T193654Z,1J.TI3A.,"['CH1', 'CH2', 'CHZ']",2019-01-21T19:36:54.560000Z,14.14
714,20190121T193654Z,1J.TI1A.,"['CH1', 'CH2', 'CHZ']",2019-01-21T19:36:54.560000Z,14.14
715,20190121T193729Z,1J.TI4A.,"['CH1', 'CH2', 'CHZ']",2019-01-21T19:37:29.500000Z,14.14
716,20190121T193729Z,1J.TI3A.,"['CH1', 'CH2', 'CHZ']",2019-01-21T19:37:29.500000Z,14.14
717,20190121T193729Z,1J.TI1A.,"['CH1', 'CH2', 'CHZ']",2019-01-21T19:37:29.500000Z,14.14
718,20190121T194056Z,1J.TI3A.,"['CH1', 'CH2', 'CHZ']",2019-01-21T19:40:56.020000Z,2.13
719,20190121T194127Z,1J.TI4A.,"['CH1', 'CH2', 'CHZ']",2019-01-21T19:41:27.570000Z,14.14
720,20190121T194127Z,1J.TI3A.,"['CH1', 'CH2', 'CHZ']",2019-01-21T19:41:27.570000Z,14.14
721,20190121T194127Z,1J.TI1A.,"['CH1', 'CH2', 'CHZ']",2019-01-21T19:41:27.570000Z,14.14
722,20190121T194144Z,1J.TI4A.,"['CH1', 'CH2', 'CHZ']",2019-01-21T19:41:44.230000Z,14.14
723,20190121T194144Z,1J.TI3A.,"['CH1', 'CH2', 'CHZ']",2019-01-21T19:41:44.230000Z,14.14
724,20190121T194144Z,1J.TI1A.,"['CH1', 'CH2', 'CHZ']",2019-01-21T19:41:44.230000Z,14.14
725,20190121T194249Z,1J.TI4A.,"['CH1', 'CH2', 'CHZ']",2019-01-21T19:42:49.560000Z,14.14
726,20190121T194249Z,1J.TI3A.,"['CH1', 'CH2', 'CHZ']",2019-01-21T19:42:49.560000Z,14.14
727,20190121T194249Z,1J.TI1A.,"['CH1', 'CH2', 'CHZ']",2019-01-21T19:42:49.560000Z,14.14
728,20190121T194345Z,1J.TI4A.,"['CH1', 'CH2', 'CHZ']",2019-01-21T19:43:45.180000Z,24.98
729,20190121T194345Z,1J.TI3A.,"['CH1', 'CH2', 'CHZ']",2019-01-21T19:43:45.180000Z,24.98
730,20190121T194345Z,1J.TI8A.,"['CH1', 'CH2', 'CHZ']",2019-01-21T19:43:45.180000Z,24.98
731,20190121T194345Z,1J.TI6A.,"['CH1', 'CH2', 'CHZ']",2019-01-21T19:43:45.180000Z,24.98
732,20190121T194345Z,1J.TI1A.,"['CH1', 'CH2', 'CHZ']",2019-01-21T19:43:45.180000Z,24.98
733,20190121T194504Z,1J.TI4A.,"['CH1', 'CH2', 'CHZ']",2019-01-21T19:45:04.530000Z,14.14
734,20190121T194504Z,1J.TI3A.,"['CH1', 'CH2', 'CHZ']",2019-01-21T19:45:04.530000Z,14.14
735,20190121T194504Z,1J.TI1A.,"['CH1', 'CH2', 'CHZ']",2019-01-21T19:45:04.530000Z,14.14
736,20190121T194516Z,1J.TI4A.,"['CH1', 'CH2', 'CHZ']",2019-01-21T19:45:16.030000Z,14.14
737,20190121T194516Z,1J.TI3A.,"['CH1', 'CH2', 'CHZ']",2019-01-21T19:45:16.030000Z,14.14
738,20190121T194516Z,1J.TI1A.,"['CH1', 'CH2', 'CHZ']",2019-01-21T19:45:16.030000Z,14.14
739,20190121T194533Z,1J.TI4A.,"['CH1', 'CH2', 'CHZ']",2019-01-21T19:45:33.660000Z,14.14
740,20190121T194533Z,1J.TI3A.,"['CH1', 'CH2', 'CHZ']",2019-01-21T19:45:33.660000Z,14.14
741,20190121T194533Z,1J.TI1A.,"['CH1', 'CH2', 'CHZ']",2019-01-21T19:45:33.660000Z,14.14
742,20190121T194607Z,1J.TI4A.,"['CH1', 'CH2', 'CHZ']",2019-01-21T19:46:07.230000Z,14.14
743,20190121T194607Z,1J.TI3A.,"['CH1', 'CH2', 'CHZ']",2019-01-21T19:46:07.230000Z,14.14
744,20190121T194607Z,1J.TI1A.,"['CH1', 'CH2', 'CHZ']",2019-01-21T19:46:07.230000Z,14.14
745,20190121T194722Z,1J.TI4A.,"['CH1', 'CH2', 'CHZ']",2019-01-21T19:47:22.160000Z,14.14
746,20190121T194722Z,1J.TI3A.,"['CH1', 'CH2', 'CHZ']",2019-01-21T19:47:22.160000Z,14.14
747,20190121T194722Z,1J.TI1A.,"['CH1', 'CH2', 'CHZ']",2019-01-21T19:47:22.160000Z,14.14
748,20190121T194742Z,1J.TI4A.,"['CH1', 'CH2', 'CHZ']",2019-01-21T19:47:42.760000Z,14.14
749,20190121T194742Z,1J.TI3A.,"['CH1', 'CH2', 'CHZ']",2019-01-21T19:47:42.760000Z,14.14
750,20190121T194742Z,1J.TI1A.,"['CH1', 'CH2', 'CHZ']",2019-01-21T19:47:42.760000Z,14.14
751,20190121T194757Z,1J.TI4A.,"['CH1', 'CH2', 'CHZ']",2019-01-21T19:47:57.050000Z,14.14
752,20190121T194757Z,1J.TI3A.,"['CH1', 'CH2', 'CHZ']",2019-01-21T19:47:57.050000Z,14.14
753,20190121T194757Z,1J.TI1A.,"['CH1', 'CH2', 'CHZ']",2019-01-21T19:47:57.050000Z,14.14
754,20190121T194809Z,1J.TI3A.,"['CH1', 'CH2', 'CHZ']",2019-01-21T19:48:09.610000Z,27.17
755,20190121T194809Z,1J.TI8A.,"['CH1', 'CH2', 'CHZ']",2019-01-21T19:48:09.610000Z,27.17
756,20190121T194809Z,1J.TI6A.,"['CH1', 'CH2', 'CHZ']",2019-01-21T19:48:09.610000Z,27.17
757,20190121T194809Z,1J.TI1A.,"['CH1', 'CH2', 'CHZ']",2019-01-21T19:48:09.610000Z,27.17
758,20190121T194822Z,1J.TI4A.,"['CH1', 'CH2', 'CHZ']",2019-01-21T19:48:22.800000Z,14.14
759,20190121T194822Z,1J.TI3A.,"['CH1', 'CH2', 'CHZ']",2019-01-21T19:48:22.800000Z,14.14
760,20190121T194822Z,1J.TI1A.,"['CH1', 'CH2', 'CHZ']",2019-01-21T19:48:22.800000Z,14.14
761,20190121T194957Z,1J.TI4A.,"['CH1', 'CH2', 'CHZ']",2019-01-21T19:49:57.860000Z,14.14
762,20190121T194957Z,1J.TI3A.,"['CH1', 'CH2', 'CHZ']",2019-01-21T19:49:57.860000Z,14.14
763,20190121T194957Z,1J.TI1A.,"['CH1', 'CH2', 'CHZ']",2019-01-21T19:49:57.860000Z,14.14
764,20190121T195014Z,1J.TI3A.,"['CH1', 'CH2', 'CHZ']",2019-01-21T19:50:14.240000Z,27.17
765,20190121T195014Z,1J.TI8A.,"['CH1', 'CH2', 'CHZ']",2019-01-21T19:50:14.240000Z,27.17
766,20190121T195014Z,1J.TI6A.,"['CH1', 'CH2', 'CHZ']",2019-01-21T19:50:14.240000Z,27.17
767,20190121T195014Z,1J.TI1A.,"['CH1', 'CH2', 'CHZ']",2019-01-21T19:50:14.240000Z,27.17
768,20190121T195035Z,1J.TI4A.,"['CH1', 'CH2', 'CHZ']",2019-01-21T19:50:35.320000Z,14.14
769,20190121T195035Z,1J.TI3A.,"['CH1', 'CH2', 'CHZ']",2019-01-21T19:50:35.320000Z,14.14
770,20190121T195035Z,1J.TI1A.,"['CH1', 'CH2', 'CHZ']",2019-01-21T19:50:35.320000Z,14.14
771,20190121T195051Z,1J.TI4A.,"['CH1', 'CH2', 'CHZ']",2019-01-21T19:50:51.190000Z,14.14
772,20190121T195051Z,1J.TI3A.,"['CH1', 'CH2', 'CHZ']",2019-01-21T19:50:51.190000Z,14.14
773,20190121T195051Z,1J.TI1A.,"['CH1', 'CH2', 'CHZ']",2019-01-21T19:50:51.190000Z,14.14
774,20190121T195103Z,1J.TI4A.,"['CH1', 'CH2', 'CHZ']",2019-01-21T19:51:03.230000Z,14.14
775,20190121T195103Z,1J.TI3A.,"['CH1', 'CH2', 'CHZ']",2019-01-21T19:51:03.230000Z,14.14
776,20190121T195103Z,1J.TI1A.,"['CH1', 'CH2', 'CHZ']",2019-01-21T19:51:03.230000Z,14.14
777,20190121T195116Z,1J.TI4A.,"['CH1', 'CH2', 'CHZ']",2019-01-21T19:51:16.160000Z,14.14
778,20190121T195116Z,1J.TI3A.,"['CH1', 'CH2', 'CHZ']",2019-01-21T19:51:16.160000Z,14.14
779,20190121T195116Z,1J.TI1A.,"['CH1', 'CH2', 'CHZ']",2019-01-21T19:51:16.160000Z,14.14
780,20190121T195215Z,1J.TI4A.,"['CH1', 'CH2', 'CHZ']",2019-01-21T19:52:15.610000Z,14.14
781,20190121T195215Z,1J.TI3A.,"['CH1', 'CH2', 'CHZ']",2019-01-21T19:52:15.610000Z,14.14
782,20190121T195215Z,1J.TI1A.,"['CH1', 'CH2', 'CHZ']",2019-01-21T19:52:15.610000Z,14.14
783,20190121T195250Z,1J.TI4A.,"['CH1', 'CH2', 'CHZ']",2019-01-21T19:52:50.300000Z,14.14
784,20190121T195250Z,1J.TI3A.,"['CH1', 'CH2', 'CHZ']",2019-01-21T19:52:50.300000Z,14.14
785,20190121T195250Z,1J.TI1A.,"['CH1', 'CH2', 'CHZ']",2019-01-21T19:52:50.300000Z,14.14
786,20190121T195400Z,1J.TI4A.,"['CH1', 'CH2', 'CHZ']",2019-01-21T19:54:00.210000Z,14.14
787,20190121T195400Z,1J.TI3A.,"['CH1', 'CH2', 'CHZ']",2019-01-21T19:54:00.210000Z,14.14
788,20190121T195400Z,1J.TI1A.,"['CH1', 'CH2', 'CHZ']",2019-01-21T19:54:00.210000Z,14.14
789,20190121T195439Z,1J.TI4A.,"['CH1', 'CH2', 'CHZ']",2019-01-21T19:54:39.840000Z,14.14
790,20190121T195439Z,1J.TI3A.,"['CH1', 'CH2', 'CHZ']",2019-01-21T19:54:39.840000Z,14.14
791,20190121T195439Z,1J.TI1A.,"['CH1', 'CH2', 'CHZ']",2019-01-21T19:54:39.840000Z,14.14
792,20190121T195605Z,1J.TI4A.,"['CH1', 'CH2', 'CHZ']",2019-01-21T19:56:05.730000Z,14.14
793,20190121T195605Z,1J.TI3A.,"['CH1', 'CH2', 'CHZ']",2019-01-21T19:56:05.730000Z,14.14
794,20190121T195605Z,1J.TI1A.,"['CH1', 'CH2', 'CHZ']",2019-01-21T19:56:05.730000Z,14.14
795,20190121T195731Z,1J.TI4A.,"['CH1', 'CH2', 'CHZ']",2019-01-21T19:57:31.060000Z,14.14
796,20190121T195731Z,1J.TI3A.,"['CH1', 'CH2', 'CHZ']",2019-01-21T19:57:31.060000Z,14.14
797,20190121T195731Z,1J.TI1A.,"['CH1', 'CH2', 'CHZ']",2019-01-21T19:57:31.060000Z,14.14
798,20190121T195744Z,1J.TI4A.,"['CH1', 'CH2', 'CHZ']",2019-01-21T19:57:44.020000Z,14.14
799,20190121T195744Z,1J.TI3A.,"['CH1', 'CH2', 'CHZ']",2019-01-21T19:57:44.020000Z,14.14
800,20190121T195744Z,1J.TI1A.,"['CH1', 'CH2', 'CHZ']",2019-01-21T19:57:44.020000Z,14.14
801,20190121T195756Z,1J.TI4A.,"['CH1', 'CH2', 'CHZ']",2019-01-21T19:57:56.560000Z,14.14
802,20190121T195756Z,1J.TI3A.,"['CH1', 'CH2', 'CHZ']",2019-01-21T19:57:56.560000Z,14.14
803,20190121T195756Z,1J.TI1A.,"['CH1', 'CH2', 'CHZ']",2019-01-21T19:57:56.560000Z,14.14
804,20190121T195925Z,1J.TI3A.,"['CH1', 'CH2', 'CHZ']",2019-01-21T19:59:25.950000Z,27.17
805,20190121T195925Z,1J.TI8A.,"['CH1', 'CH2', 'CHZ']",2019-01-21T19:59:25.950000Z,27.17
806,20190121T195925Z,1J.TI6A.,"['CH1', 'CH2', 'CHZ']",2019-01-21T19:59:25.950000Z,27.17
807,20190121T195925Z,1J.TI1A.,"['CH1', 'CH2', 'CHZ']",2019-01-21T19:59:25.950000Z,27.17
808,20190121T200004Z,1J.TI4A.,"['CH1', 'CH2', 'CHZ']",2019-01-21T20:00:04.790000Z,14.14
809,20190121T200004Z,1J.TI3A.,"['CH1', 'CH2', 'CHZ']",2019-01-21T20:00:04.790000Z,14.14
810,20190121T200004Z,1J.TI1A.,"['CH1', 'CH2', 'CHZ']",2019-01-21T20:00:04.790000Z,14.14
811,20190121T200017Z,1J.TI4A.,"['CH1', 'CH2', 'CHZ']",2019-01-21T20:00:17.590000Z,14.14
812,20190121T200017Z,1J.TI3A.,"['CH1', 'CH2', 'CHZ']",2019-01-21T20:00:17.590000Z,14.14
813,20190121T200017Z,1J.TI1A.,"['CH1', 'CH2', 'CHZ']",2019-01-21T20:00:17.590000Z,14.14
814,20190121T200410Z,1J.TI4A.,"['CH1', 'CH2', 'CHZ']",2019-01-21T20:04:10.420000Z,14.14
815,20190121T200410Z,1J.TI3A.,"['CH1', 'CH2', 'CHZ']",2019-01-21T20:04:10.420000Z,14.14
816,20190121T200410Z,1J.TI1A.,"['CH1', 'CH2', 'CHZ']",2019-01-21T20:04:10.420000Z,14.14
817,20190121T200428Z,1J.TI4A.,"['CH1', 'CH2', 'CHZ']",2019-01-21T20:04:28.690000Z,14.14
818,20190121T200428Z,1J.TI3A.,"['CH1', 'CH2', 'CHZ']",2019-01-21T20:04:28.690000Z,14.14
819,20190121T200428Z,1J.TI1A.,"['CH1', 'CH2', 'CHZ']",2019-01-21T20:04:28.690000Z,14.14
820,20190121T200439Z,1J.TI4A.,"['CH1', 'CH2', 'CHZ']",2019-01-21T20:04:39.750000Z,14.14
821,20190121T200439Z,1J.TI3A.,"['CH1', 'CH2', 'CHZ']",2019-01-21T20:04:39.750000Z,14.14
822,20190121T200439Z,1J.TI1A.,"['CH1', 'CH2', 'CHZ']",2019-01-21T20:04:39.750000Z,14.14
823,20190121T200451Z,1J.TI4A.,"['CH1', 'CH2', 'CHZ']",2019-01-21T20:04:51.550000Z,14.14
824,20190121T200451Z,1J.TI3A.,"['CH1', 'CH2', 'CHZ']",2019-01-21T20:04:51.550000Z,14.14
825,20190121T200451Z,1J.TI1A.,"['CH1', 'CH2', 'CHZ']",2019-01-21T20:04:51.550000Z,14.14
826,20190121T200527Z,1J.TI3A.,"['CH1', 'CH2', 'CHZ']",2019-01-21T20:05:27.830000Z,23.96
827,20190121T200527Z,1J.TI8A.,"['CH1', 'CH2', 'CHZ']",2019-01-21T20:05:27.830000Z,23.96
828,20190121T200622Z,1J.TI4A.,"['CH1', 'CH2', 'CHZ']",2019-01-21T20:06:22.550000Z,14.14
829,20190121T200622Z,1J.TI3A.,"['CH1', 'CH2', 'CHZ']",2019-01-21T20:06:22.550000Z,14.14
830,20190121T200622Z,1J.TI1A.,"['CH1', 'CH2', 'CHZ']",2019-01-21T20:06:22.550000Z,14.14
831,20190121T200635Z,1J.TI4A.,"['CH1', 'CH2', 'CHZ']",2019-01-21T20:06:35.090000Z,14.14
832,20190121T200635Z,1J.TI3A.,"['CH1', 'CH2', 'CHZ']",2019-01-21T20:06:35.090000Z,14.14
833,20190121T200635Z,1J.TI1A.,"['CH1', 'CH2', 'CHZ']",2019-01-21T20:06:35.090000Z,14.14
834,20190121T200706Z,1J.TI4A.,"['CH1', 'CH2', 'CHZ']",2019-01-21T20:07:06.400000Z,14.14
835,20190121T200706Z,1J.TI3A.,"['CH1', 'CH2', 'CHZ']",2019-01-21T20:07:06.400000Z,14.14
836,20190121T200706Z,1J.TI1A.,"['CH1', 'CH2', 'CHZ']",2019-01-21T20:07:06.400000Z,14.14
837,20190121T200754Z,1J.TI4A.,"['CH1', 'CH2', 'CHZ']",2019-01-21T20:07:54.760000Z,14.14
838,20190121T200754Z,1J.TI3A.,"['CH1', 'CH2', 'CHZ']",2019-01-21T20:07:54.760000Z,14.14
839,20190121T200754Z,1J.TI1A.,"['CH1', 'CH2', 'CHZ']",2019-01-21T20:07:54.760000Z,14.14
840,20190121T200817Z,1J.TI4A.,"['CH1', 'CH2', 'CHZ']",2019-01-21T20:08:17.600000Z,14.14
841,20190121T200817Z,1J.TI3A.,"['CH1', 'CH2', 'CHZ']",2019-01-21T20:08:17.600000Z,14.14
842,20190121T200817Z,1J.TI1A.,"['CH1', 'CH2', 'CHZ']",2019-01-21T20:08:17.600000Z,14.14
843,20190121T201045Z,1J.TI4A.,"['CH1', 'CH2', 'CHZ']",2019-01-21T20:10:45.320000Z,14.14
844,20190121T201045Z,1J.TI3A.,"['CH1', 'CH2', 'CHZ']",2019-01-21T20:10:45.320000Z,14.14
845,20190121T201045Z,1J.TI1A.,"['CH1', 'CH2', 'CHZ']",2019-01-21T20:10:45.320000Z,14.14
846,20190121T201133Z,1J.TI4A.,"['CH1', 'CH2', 'CHZ']",2019-01-21T20:11:33.790000Z,14.14
847,20190121T201133Z,1J.TI3A.,"['CH1', 'CH2', 'CHZ']",2019-01-21T20:11:33.790000Z,14.14
848,20190121T201133Z,1J.TI1A.,"['CH1', 'CH2', 'CHZ']",2019-01-21T20:11:33.790000Z,14.14
849,20190121T201156Z,1J.TI4A.,"['CH1', 'CH2', 'CHZ']",2019-01-21T20:11:56.480000Z,14.14
850,20190121T201156Z,1J.TI3A.,"['CH1', 'CH2', 'CHZ']",2019-01-21T20:11:56.480000Z,14.14
851,20190121T201156Z,1J.TI1A.,"['CH1', 'CH2', 'CHZ']",2019-01-21T20:11:56.480000Z,14.14
852,20190121T201432Z,1J.TI4A.,"['CH1', 'CH2', 'CHZ']",2019-01-21T20:14:32.180000Z,14.14
853,20190121T201432Z,1J.TI3A.,"['CH1', 'CH2', 'CHZ']",2019-01-21T20:14:32.180000Z,14.14
854,20190121T201432Z,1J.TI1A.,"['CH1', 'CH2', 'CHZ']",2019-01-21T20:14:32.180000Z,14.14
855,20190121T201457Z,1J.TI4A.,"['CH1', 'CH2', 'CHZ']",2019-01-21T20:14:57.090000Z,14.14
856,20190121T201457Z,1J.TI3A.,"['CH1', 'CH2', 'CHZ']",2019-01-21T20:14:57.090000Z,14.14
857,20190121T201457Z,1J.TI1A.,"['CH1', 'CH2', 'CHZ']",2019-01-21T20:14:57.090000Z,14.14
858,20190121T201639Z,1J.TI4A.,"['CH1', 'CH2', 'CHZ']",2019-01-21T20:16:39.300000Z,14.14
859,20190121T201639Z,1J.TI3A.,"['CH1', 'CH2', 'CHZ']",2019-01-21T20:16:39.300000Z,14.14
860,20190121T201639Z,1J.TI1A.,"['CH1', 'CH2', 'CHZ']",2019-01-21T20:16:39.300000Z,14.14
861,20190121T201703Z,1J.TI4A.,"['CH1', 'CH2', 'CHZ']",2019-01-21T20:17:03.330000Z,14.14
862,20190121T201703Z,1J.TI3A.,"['CH1', 'CH2', 'CHZ']",2019-01-21T20:17:03.330000Z,14.14
863,20190121T201703Z,1J.TI1A.,"['CH1', 'CH2', 'CHZ']",2019-01-21T20:17:03.330000Z,14.14
864,20190121T201730Z,1J.TI4A.,"['CH1', 'CH2', 'CHZ']",2019-01-21T20:17:30.420000Z,14.14
865,20190121T201730Z,1J.TI3A.,"['CH1', 'CH2', 'CHZ']",2019-01-21T20:17:30.420000Z,14.14
866,20190121T201730Z,1J.TI1A.,"['CH1', 'CH2', 'CHZ']",2019-01-21T20:17:30.420000Z,14.14
867,20190121T201751Z,1J.TI4A.,"['CH1', 'CH2', 'CHZ']",2019-01-21T20:17:51.000000Z,14.14
868,20190121T201751Z,1J.TI3A.,"['CH1', 'CH2', 'CHZ']",2019-01-21T20:17:51.000000Z,14.14
869,20190121T201751Z,1J.TI1A.,"['CH1', 'CH2', 'CHZ']",2019-01-21T20:17:51.000000Z,14.14
870,20190121T201804Z,1J.TI4A.,"['CH1', 'CH2', 'CHZ']",2019-01-21T20:18:04.290000Z,14.14
871,20190121T201804Z,1J.TI3A.,"['CH1', 'CH2', 'CHZ']",2019-01-21T20:18:04.290000Z,14.14
872,20190121T201804Z,1J.TI1A.,"['CH1', 'CH2', 'CHZ']",2019-01-21T20:18:04.290000Z,14.14
873,20190121T201831Z,1J.TI4A.,"['CH1', 'CH2', 'CHZ']",2019-01-21T20:18:31.120000Z,14.14
874,20190121T201831Z,1J.TI3A.,"['CH1', 'CH2', 'CHZ']",2019-01-21T20:18:31.120000Z,14.14
875,20190121T201831Z,1J.TI1A.,"['CH1', 'CH2', 'CHZ']",2019-01-21T20:18:31.120000Z,14.14
876,20190121T201902Z,1J.TI4A.,"['CH1', 'CH2', 'CHZ']",2019-01-21T20:19:02.390000Z,14.14
877,20190121T201902Z,1J.TI3A.,"['CH1', 'CH2', 'CHZ']",2019-01-21T20:19:02.390000Z,14.14
878,20190121T201902Z,1J.TI1A.,"['CH1', 'CH2', 'CHZ']",2019-01-21T20:19:02.390000Z,14.14
879,20190121T201932Z,1J.TI3A.,"['CH1', 'CH2', 'CHZ']",2019-01-21T20:19:32.520000Z,27.17
880,20190121T201932Z,1J.TI8A.,"['CH1', 'CH2', 'CHZ']",2019-01-21T20:19:32.520000Z,27.17
881,20190121T201932Z,1J.TI6A.,"['CH1', 'CH2', 'CHZ']",2019-01-21T20:19:32.520000Z,27.17
882,20190121T201932Z,1J.TI1A.,"['CH1', 'CH2', 'CHZ']",2019-01-21T20:19:32.520000Z,27.17
883,20190121T202035Z,1J.TI4A.,"['CH1', 'CH2', 'CHZ']",2019-01-21T20:20:35.120000Z,14.14
884,20190121T202035Z,1J.TI3A.,"['CH1', 'CH2', 'CHZ']",2019-01-21T20:20:35.120000Z,14.14
885,20190121T202035Z,1J.TI1A.,"['CH1', 'CH2', 'CHZ']",2019-01-21T20:20:35.120000Z,14.14
886,20190121T202100Z,1J.TI4A.,"['CH1', 'CH2', 'CHZ']",2019-01-21T20:21:00.190000Z,14.14
887,20190121T202100Z,1J.TI3A.,"['CH1', 'CH2', 'CHZ']",2019-01-21T20:21:00.190000Z,14.14
888,20190121T202100Z,1J.TI1A.,"['CH1', 'CH2', 'CHZ']",2019-01-21T20:21:00.190000Z,14.14
889,20190121T202229Z,1J.TI4A.,"['CH1', 'CH2', 'CHZ']",2019-01-21T20:22:29.750000Z,14.14
890,20190121T202229Z,1J.TI3A.,"['CH1', 'CH2', 'CHZ']",2019-01-21T20:22:29.750000Z,14.14
891,20190121T202229Z,1J.TI1A.,"['CH1', 'CH2', 'CHZ']",2019-01-21T20:22:29.750000Z,14.14
892,20190121T202250Z,1J.TI3A.,"['CH1', 'CH2', 'CHZ']",2019-01-21T20:22:50.290000Z,27.17
893,20190121T202250Z,1J.TI8A.,"['CH1', 'CH2', 'CHZ']",2019-01-21T20:22:50.290000Z,27.17
894,20190121T202250Z,1J.TI6A.,"['CH1', 'CH2', 'CHZ']",2019-01-21T20:22:50.290000Z,27.17
895,20190121T202250Z,1J.TI1A.,"['CH1', 'CH2', 'CHZ']",2019-01-21T20:22:50.290000Z,27.17
896,20190121T202321Z,1J.TI4A.,"['CH1', 'CH2', 'CHZ']",2019-01-21T20:23:21.780000Z,14.14
897,20190121T202321Z,1J.TI3A.,"['CH1', 'CH2', 'CHZ']",2019-01-21T20:23:21.780000Z,14.14
898,20190121T202321Z,1J.TI1A.,"['CH1', 'CH2', 'CHZ']",2019-01-21T20:23:21.780000Z,14.14
899,20190121T202442Z,1J.TI4A.,"['CH1', 'CH2', 'CHZ']",2019-01-21T20:24:42.660000Z,14.14
900,20190121T202442Z,1J.TI3A.,"['CH1', 'CH2', 'CHZ']",2019-01-21T20:24:42.660000Z,14.14
901,20190121T202442Z,1J.TI1A.,"['CH1', 'CH2', 'CHZ']",2019-01-21T20:24:42.660000Z,14.14
902,20190121T202555Z,1J.TI4A.,"['CH1', 'CH2', 'CHZ']",2019-01-21T20:25:55.160000Z,14.14
903,20190121T202555Z,1J.TI3A.,"['CH1', 'CH2', 'CHZ']",2019-01-21T20:25:55.160000Z,14.14
904,20190121T202555Z,1J.TI1A.,"['CH1', 'CH2', 'CHZ']",2019-01-21T20:25:55.160000Z,14.14
905,20190121T202657Z,1J.TI4A.,"['CH1', 'CH2', 'CHZ']",2019-01-21T20:26:57.270000Z,14.14
906,20190121T202657Z,1J.TI3A.,"['CH1', 'CH2', 'CHZ']",2019-01-21T20:26:57.270000Z,14.14
907,20190121T202657Z,1J.TI1A.,"['CH1', 'CH2', 'CHZ']",2019-01-21T20:26:57.270000Z,14.14
908,20190121T202745Z,1J.TI4A.,"['CH1', 'CH2', 'CHZ']",2019-01-21T20:27:45.080000Z,14.14
909,20190121T202745Z,1J.TI3A.,"['CH1', 'CH2', 'CHZ']",2019-01-21T20:27:45.080000Z,14.14
910,20190121T202745Z,1J.TI1A.,"['CH1', 'CH2', 'CHZ']",2019-01-21T20:27:45.080000Z,14.14
911,20190121T202807Z,1J.TI3A.,"['CH1', 'CH2', 'CHZ']",2019-01-21T20:28:07.400000Z,2.13
912,20190121T202842Z,1J.TI4A.,"['CH1', 'CH2', 'CHZ']",2019-01-21T20:28:42.900000Z,14.14
913,20190121T202842Z,1J.TI3A.,"['CH1', 'CH2', 'CHZ']",2019-01-21T20:28:42.900000Z,14.14
914,20190121T202842Z,1J.TI1A.,"['CH1', 'CH2', 'CHZ']",2019-01-21T20:28:42.900000Z,14.14
915,20190121T202922Z,1J.TI4A.,"['CH1', 'CH2', 'CHZ']",2019-01-21T20:29:22.000000Z,14.14
916,20190121T202922Z,1J.TI3A.,"['CH1', 'CH2', 'CHZ']",2019-01-21T20:29:22.000000Z,14.14
917,20190121T202922Z,1J.TI1A.,"['CH1', 'CH2', 'CHZ']",2019-01-21T20:29:22.000000Z,14.14
918,20190121T202938Z,1J.TI4A.,"['CH1', 'CH2', 'CHZ']",2019-01-21T20:29:38.790000Z,14.14
919,20190121T202938Z,1J.TI3A.,"['CH1', 'CH2', 'CHZ']",2019-01-21T20:29:38.790000Z,14.14
920,20190121T202938Z,1J.TI1A.,"['CH1', 'CH2', 'CHZ']",2019-01-21T20:29:38.790000Z,14.14
921,20190121T203010Z,1J.TI4A.,"['CH1', 'CH2', 'CHZ']",2019-01-21T20:30:10.390000Z,14.14
922,20190121T203010Z,1J.TI3A.,"['CH1', 'CH2', 'CHZ']",2019-01-21T20:30:10.390000Z,14.14
923,20190121T203010Z,1J.TI1A.,"['CH1', 'CH2', 'CHZ']",2019-01-21T20:30:10.390000Z,14.14
924,20190121T203101Z,1J.TI4A.,"['CH1', 'CH2', 'CHZ']",2019-01-21T20:31:01.210000Z,14.14
925,20190121T203101Z,1J.TI3A.,"['CH1', 'CH2', 'CHZ']",2019-01-21T20:31:01.210000Z,14.14
926,20190121T203101Z,1J.TI1A.,"['CH1', 'CH2', 'CHZ']",2019-01-21T20:31:01.210000Z,14.14
927,20190121T203248Z,1J.TI4A.,"['CH1', 'CH2', 'CHZ']",2019-01-21T20:32:48.810000Z,14.14
928,20190121T203248Z,1J.TI3A.,"['CH1', 'CH2', 'CHZ']",2019-01-21T20:32:48.810000Z,14.14
929,20190121T203248Z,1J.TI1A.,"['CH1', 'CH2', 'CHZ']",2019-01-21T20:32:48.810000Z,14.14
930,20190121T203359Z,1J.TI3A.,"['CH1', 'CH2', 'CHZ']",2019-01-21T20:33:59.770000Z,27.17
931,20190121T203359Z,1J.TI8A.,"['CH1', 'CH2', 'CHZ']",2019-01-21T20:33:59.770000Z,27.17
932,20190121T203359Z,1J.TI6A.,"['CH1', 'CH2', 'CHZ']",2019-01-21T20:33:59.770000Z,27.17
933,20190121T203359Z,1J.TI1A.,"['CH1', 'CH2', 'CHZ']",2019-01-21T20:33:59.770000Z,27.17
934,20190121T203432Z,1J.TI4A.,"['CH1', 'CH2', 'CHZ']",2019-01-21T20:34:32.240000Z,14.14
935,20190121T203432Z,1J.TI3A.,"['CH1', 'CH2', 'CHZ']",2019-01-21T20:34:32.240000Z,14.14
936,20190121T203432Z,1J.TI1A.,"['CH1', 'CH2', 'CHZ']",2019-01-21T20:34:32.240000Z,14.14
937,20190121T203541Z,1J.TI4A.,"['CH1', 'CH2', 'CHZ']",2019-01-21T20:35:41.280000Z,14.14
938,20190121T203541Z,1J.TI3A.,"['CH1', 'CH2', 'CHZ']",2019-01-21T20:35:41.280000Z,14.14
939,20190121T203541Z,1J.TI1A.,"['CH1', 'CH2', 'CHZ']",2019-01-21T20:35:41.280000Z,14.14
940,20190121T203747Z,1J.TI4A.,"['CH1', 'CH2', 'CHZ']",2019-01-21T20:37:47.790000Z,14.14
941,20190121T203747Z,1J.TI3A.,"['CH1', 'CH2', 'CHZ']",2019-01-21T20:37:47.790000Z,14.14
942,20190121T203747Z,1J.TI1A.,"['CH1', 'CH2', 'CHZ']",2019-01-21T20:37:47.790000Z,14.14
943,20190121T203833Z,1J.TI4A.,"['CH1', 'CH2', 'CHZ']",2019-01-21T20:38:33.540000Z,14.14
944,20190121T203833Z,1J.TI3A.,"['CH1', 'CH2', 'CHZ']",2019-01-21T20:38:33.540000Z,14.14
945,20190121T203833Z,1J.TI1A.,"['CH1', 'CH2', 'CHZ']",2019-01-21T20:38:33.540000Z,14.14
946,20190121T204019Z,1J.TI3A.,"['CH1', 'CH2', 'CHZ']",2019-01-21T20:40:19.870000Z,27.17
947,20190121T204019Z,1J.TI8A.,"['CH1', 'CH2', 'CHZ']",2019-01-21T20:40:19.870000Z,27.17
948,20190121T204019Z,1J.TI6A.,"['CH1', 'CH2', 'CHZ']",2019-01-21T20:40:19.870000Z,27.17
949,20190121T204019Z,1J.TI1A.,"['CH1', 'CH2', 'CHZ']",2019-01-21T20:40:19.870000Z,27.17
950,20190121T204121Z,1J.TI3A.,"['CH1', 'CH2', 'CHZ']",2019-01-21T20:41:21.460000Z,3.78
951,20190121T204403Z,1J.TI4A.,"['CH1', 'CH2', 'CHZ']",2019-01-21T20:44:03.840000Z,14.14
952,20190121T204403Z,1J.TI3A.,"['CH1', 'CH2', 'CHZ']",2019-01-21T20:44:03.840000Z,14.14
953,20190121T204403Z,1J.TI1A.,"['CH1', 'CH2', 'CHZ']",2019-01-21T20:44:03.840000Z,14.14
954,20190121T204540Z,1J.TI4A.,"['CH1', 'CH2', 'CHZ']",2019-01-21T20:45:40.790000Z,14.14
955,20190121T204540Z,1J.TI3A.,"['CH1', 'CH2', 'CHZ']",2019-01-21T20:45:40.790000Z,14.14
956,20190121T204540Z,1J.TI1A.,"['CH1', 'CH2', 'CHZ']",2019-01-21T20:45:40.790000Z,14.14
957,20190121T204605Z,1J.TI4A.,"['CH1', 'CH2', 'CHZ']",2019-01-21T20:46:05.980000Z,14.14
958,20190121T204605Z,1J.TI3A.,"['CH1', 'CH2', 'CHZ']",2019-01-21T20:46:05.980000Z,14.14
959,20190121T204605Z,1J.TI1A.,"['CH1', 'CH2', 'CHZ']",2019-01-21T20:46:05.980000Z,14.14
960,20190121T204654Z,1J.TI3A.,"['CH1', 'CH2', 'CHZ']",2019-01-21T20:46:54.220000Z,23.07
961,20190121T204654Z,1J.TI8A.,"['CH1', 'CH2', 'CHZ']",2019-01-21T20:46:54.220000Z,23.07
962,20190121T204654Z,1J.TI6A.,"['CH1', 'CH2', 'CHZ']",2019-01-21T20:46:54.220000Z,23.07
963,20190121T204654Z,1J.TI1A.,"['CH1', 'CH2', 'CHZ']",2019-01-21T20:46:54.220000Z,23.07
964,20190121T204709Z,1J.TI4A.,"['CH1', 'CH2', 'CHZ']",2019-01-21T20:47:09.470000Z,14.14
965,20190121T204709Z,1J.TI3A.,"['CH1', 'CH2', 'CHZ']",2019-01-21T20:47:09.470000Z,14.14
966,20190121T204709Z,1J.TI1A.,"['CH1', 'CH2', 'CHZ']",2019-01-21T20:47:09.470000Z,14.14
967,20190121T204720Z,1J.TI4A.,"['CH1', 'CH2', 'CHZ']",2019-01-21T20:47:20.250000Z,14.14
968,20190121T204720Z,1J.TI3A.,"['CH1', 'CH2', 'CHZ']",2019-01-21T20:47:20.250000Z,14.14
969,20190121T204720Z,1J.TI1A.,"['CH1', 'CH2', 'CHZ']",2019-01-21T20:47:20.250000Z,14.14
970,20190121T204748Z,1J.TI4A.,"['CH1', 'CH2', 'CHZ']",2019-01-21T20:47:48.030000Z,14.14
971,20190121T204748Z,1J.TI3A.,"['CH1', 'CH2', 'CHZ']",2019-01-21T20:47:48.030000Z,14.14
972,20190121T204748Z,1J.TI1A.,"['CH1', 'CH2', 'CHZ']",2019-01-21T20:47:48.030000Z,14.14
973,20190121T204942Z,1J.TI4A.,"['CH1', 'CH2', 'CHZ']",2019-01-21T20:49:42.110000Z,14.14
974,20190121T204942Z,1J.TI3A.,"['CH1', 'CH2', 'CHZ']",2019-01-21T20:49:42.110000Z,14.14
975,20190121T204942Z,1J.TI1A.,"['CH1', 'CH2', 'CHZ']",2019-01-21T20:49:42.110000Z,14.14
976,20190121T205020Z,1J.TI3A.,"['CH1', 'CH2', 'CHZ']",2019-01-21T20:50:20.730000Z,27.17
977,20190121T205020Z,1J.TI8A.,"['CH1', 'CH2', 'CHZ']",2019-01-21T20:50:20.730000Z,27.17
978,20190121T205020Z,1J.TI6A.,"['CH1', 'CH2', 'CHZ']",2019-01-21T20:50:20.730000Z,27.17
979,20190121T205020Z,1J.TI1A.,"['CH1', 'CH2', 'CHZ']",2019-01-21T20:50:20.730000Z,27.17
980,20190121T205030Z,1J.TI4A.,"['CH1', 'CH2', 'CHZ']",2019-01-21T20:50:30.990000Z,14.14
981,20190121T205030Z,1J.TI3A.,"['CH1', 'CH2', 'CHZ']",2019-01-21T20:50:30.990000Z,14.14
982,20190121T205030Z,1J.TI1A.,"['CH1', 'CH2', 'CHZ']",2019-01-21T20:50:30.990000Z,14.14
983,20190121T205114Z,1J.TI4A.,"['CH1', 'CH2', 'CHZ']",2019-01-21T20:51:14.630000Z,14.14
984,20190121T205114Z,1J.TI3A.,"['CH1', 'CH2', 'CHZ']",2019-01-21T20:51:14.630000Z,14.14
985,20190121T205114Z,1J.TI1A.,"['CH1', 'CH2', 'CHZ']",2019-01-21T20:51:14.630000Z,14.14
986,20190121T205125Z,1J.TI4A.,"['CH1', 'CH2', 'CHZ']",2019-01-21T20:51:25.210000Z,14.14
987,20190121T205125Z,1J.TI3A.,"['CH1', 'CH2', 'CHZ']",2019-01-21T20:51:25.210000Z,14.14
988,20190121T205125Z,1J.TI1A.,"['CH1', 'CH2', 'CHZ']",2019-01-21T20:51:25.210000Z,14.14
989,20190121T205140Z,1J.TI4A.,"['CH1', 'CH2', 'CHZ']",2019-01-21T20:51:40.350000Z,14.14
990,20190121T205140Z,1J.TI3A.,"['CH1', 'CH2', 'CHZ']",2019-01-21T20:51:40.350000Z,14.14
991,20190121T205140Z,1J.TI1A.,"['CH1', 'CH2', 'CHZ']",2019-01-21T20:51:40.350000Z,14.14
992,20190121T205256Z,1J.TI4A.,"['CH1', 'CH2', 'CHZ']",2019-01-21T20:52:56.700000Z,14.14
993,20190121T205256Z,1J.TI3A.,"['CH1', 'CH2', 'CHZ']",2019-01-21T20:52:56.700000Z,14.14
994,20190121T205256Z,1J.TI1A.,"['CH1', 'CH2', 'CHZ']",2019-01-21T20:52:56.700000Z,14.14
995,20190121T205357Z,1J.TI4A.,"['CH1', 'CH2', 'CHZ']",2019-01-21T20:53:57.760000Z,14.14
996,20190121T205357Z,1J.TI3A.,"['CH1', 'CH2', 'CHZ']",2019-01-21T20:53:57.760000Z,14.14
997,20190121T205357Z,1J.TI1A.,"['CH1', 'CH2', 'CHZ']",2019-01-21T20:53:57.760000Z,14.14
998,20190121T205454Z,1J.TI4A.,"['CH1', 'CH2', 'CHZ']",2019-01-21T20:54:54.970000Z,14.14
999,20190121T205454Z,1J.TI3A.,"['CH1', 'CH2', 'CHZ']",2019-01-21T20:54:54.970000Z,14.14
1000,20190121T205454Z,1J.TI1A.,"['CH1', 'CH2', 'CHZ']",2019-01-21T20:54:54.970000Z,14.14
1001,20190121T205532Z,1J.TI3A.,"['CH1', 'CH2', 'CHZ']",2019-01-21T20:55:32.090000Z,12.22
1002,20190121T205627Z,1J.TI4A.,"['CH1', 'CH2', 'CHZ']",2019-01-21T20:56:27.640000Z,14.14
1003,20190121T205627Z,1J.TI3A.,"['CH1', 'CH2', 'CHZ']",2019-01-21T20:56:27.640000Z,14.14
1004,20190121T205627Z,1J.TI1A.,"['CH1', 'CH2', 'CHZ']",2019-01-21T20:56:27.640000Z,14.14
1005,20190121T205659Z,1J.TI4A.,"['CH1', 'CH2', 'CHZ']",2019-01-21T20:56:59.630000Z,14.14
1006,20190121T205659Z,1J.TI3A.,"['CH1', 'CH2', 'CHZ']",2019-01-21T20:56:59.630000Z,14.14
1007,20190121T205659Z,1J.TI1A.,"['CH1', 'CH2', 'CHZ']",2019-01-21T20:56:59.630000Z,14.14
1008,20190121T205819Z,1J.TI3A.,"['CH1', 'CH2', 'CHZ']",2019-01-21T20:58:19.480000Z,27.17
1009,20190121T205819Z,1J.TI8A.,"['CH1', 'CH2', 'CHZ']",2019-01-21T20:58:19.480000Z,27.17
1010,20190121T205819Z,1J.TI6A.,"['CH1', 'CH2', 'CHZ']",2019-01-21T20:58:19.480000Z,27.17
1011,20190121T205819Z,1J.TI1A.,"['CH1', 'CH2', 'CHZ']",2019-01-21T20:58:19.480000Z,27.17
1012,20190121T205916Z,1J.TI4A.,"['CH1', 'CH2', 'CHZ']",2019-01-21T20:59:16.940000Z,14.14
1013,20190121T205916Z,1J.TI3A.,"['CH1', 'CH2', 'CHZ']",2019-01-21T20:59:16.940000Z,14.14
1014,20190121T205916Z,1J.TI1A.,"['CH1', 'CH2', 'CHZ']",2019-01-21T20:59:16.940000Z,14.14
1015,20190121T205945Z,1J.TI3A.,"['CH1', 'CH2', 'CHZ']",2019-01-21T20:59:45.870000Z,27.17
1016,20190121T205945Z,1J.TI8A.,"['CH1', 'CH2', 'CHZ']",2019-01-21T20:59:45.870000Z,27.17
1017,20190121T205945Z,1J.TI6A.,"['CH1', 'CH2', 'CHZ']",2019-01-21T20:59:45.870000Z,27.17
1018,20190121T205945Z,1J.TI1A.,"['CH1', 'CH2', 'CHZ']",2019-01-21T20:59:45.870000Z,27.17
1019,20190121T210026Z,1J.TI4A.,"['CH1', 'CH2', 'CHZ']",2019-01-21T21:00:26.740000Z,14.14
1020,20190121T210026Z,1J.TI3A.,"['CH1', 'CH2', 'CHZ']",2019-01-21T21:00:26.740000Z,14.14
1021,20190121T210026Z,1J.TI1A.,"['CH1', 'CH2', 'CHZ']",2019-01-21T21:00:26.740000Z,14.14
1022,20190121T210055Z,1J.TI4A.,"['CH1', 'CH2', 'CHZ']",2019-01-21T21:00:55.280000Z,14.14
1023,20190121T210055Z,1J.TI3A.,"['CH1', 'CH2', 'CHZ']",2019-01-21T21:00:55.280000Z,14.14
1024,20190121T210055Z,1J.TI1A.,"['CH1', 'CH2', 'CHZ']",2019-01-21T21:00:55.280000Z,14.14
1025,20190121T210155Z,1J.TI4A.,"['CH1', 'CH2', 'CHZ']",2019-01-21T21:01:55.850000Z,14.14
1026,20190121T210155Z,1J.TI3A.,"['CH1', 'CH2', 'CHZ']",2019-01-21T21:01:55.850000Z,14.14
1027,20190121T210155Z,1J.TI1A.,"['CH1', 'CH2', 'CHZ']",2019-01-21T21:01:55.850000Z,14.14
1028,20190121T210323Z,1J.TI4A.,"['CH1', 'CH2', 'CHZ']",2019-01-21T21:03:23.460000Z,14.14
1029,20190121T210323Z,1J.TI3A.,"['CH1', 'CH2', 'CHZ']",2019-01-21T21:03:23.460000Z,14.14
1030,20190121T210323Z,1J.TI1A.,"['CH1', 'CH2', 'CHZ']",2019-01-21T21:03:23.460000Z,14.14
1031,20190121T210351Z,1J.TI4A.,"['CH1', 'CH2', 'CHZ']",2019-01-21T21:03:51.350000Z,14.14
1032,20190121T210351Z,1J.TI3A.,"['CH1', 'CH2', 'CHZ']",2019-01-21T21:03:51.350000Z,14.14
1033,20190121T210351Z,1J.TI1A.,"['CH1', 'CH2', 'CHZ']",2019-01-21T21:03:51.350000Z,14.14
1034,20190121T210412Z,1J.TI4A.,"['CH1', 'CH2', 'CHZ']",2019-01-21T21:04:12.630000Z,14.14
1035,20190121T210412Z,1J.TI3A.,"['CH1', 'CH2', 'CHZ']",2019-01-21T21:04:12.630000Z,14.14
1036,20190121T210412Z,1J.TI1A.,"['CH1', 'CH2', 'CHZ']",2019-01-21T21:04:12.630000Z,14.14
1037,20190121T210446Z,1J.TI4A.,"['CH1', 'CH2', 'CHZ']",2019-01-21T21:04:46.040000Z,14.14
1038,20190121T210446Z,1J.TI3A.,"['CH1', 'CH2', 'CHZ']",2019-01-21T21:04:46.040000Z,14.14
1039,20190121T210446Z,1J.TI1A.,"['CH1', 'CH2', 'CHZ']",2019-01-21T21:04:46.040000Z,14.14
1040,20190121T210611Z,1J.TI4A.,"['CH1', 'CH2', 'CHZ']",2019-01-21T21:06:11.500000Z,14.14
1041,20190121T210611Z,1J.TI3A.,"['CH1', 'CH2', 'CHZ']",2019-01-21T21:06:11.500000Z,14.14
1042,20190121T210611Z,1J.TI1A.,"['CH1', 'CH2', 'CHZ']",2019-01-21T21:06:11.500000Z,14.14
1043,20190121T210738Z,1J.TI4A.,"['CH1', 'CH2', 'CHZ']",2019-01-21T21:07:38.270000Z,14.14
1044,20190121T210738Z,1J.TI3A.,"['CH1', 'CH2', 'CHZ']",2019-01-21T21:07:38.270000Z,14.14
1045,20190121T210738Z,1J.TI1A.,"['CH1', 'CH2', 'CHZ']",2019-01-21T21:07:38.270000Z,14.14
1046,20190121T210759Z,1J.TI4A.,"['CH1', 'CH2', 'CHZ']",2019-01-21T21:07:59.470000Z,14.14
1047,20190121T210759Z,1J.TI3A.,"['CH1', 'CH2', 'CHZ']",2019-01-21T21:07:59.470000Z,14.14
1048,20190121T210759Z,1J.TI1A.,"['CH1', 'CH2', 'CHZ']",2019-01-21T21:07:59.470000Z,14.14
1049,20190121T210816Z,1J.TI4A.,"['CH1', 'CH2', 'CHZ']",2019-01-21T21:08:16.650000Z,14.14
1050,20190121T210816Z,1J.TI3A.,"['CH1', 'CH2', 'CHZ']",2019-01-21T21:08:16.650000Z,14.14
1051,20190121T210816Z,1J.TI1A.,"['CH1', 'CH2', 'CHZ']",2019-01-21T21:08:16.650000Z,14.14
1052,20190121T210901Z,1J.TI4A.,"['CH1', 'CH2', 'CHZ']",2019-01-21T21:09:01.340000Z,14.14
1053,20190121T210901Z,1J.TI3A.,"['CH1', 'CH2', 'CHZ']",2019-01-21T21:09:01.340000Z,14.14
1054,20190121T210901Z,1J.TI1A.,"['CH1', 'CH2', 'CHZ']",2019-01-21T21:09:01.340000Z,14.14
1055,20190121T210923Z,1J.TI4A.,"['CH1', 'CH2', 'CHZ']",2019-01-21T21:09:23.530000Z,14.14
1056,20190121T210923Z,1J.TI3A.,"['CH1', 'CH2', 'CHZ']",2019-01-21T21:09:23.530000Z,14.14
1057,20190121T210923Z,1J.TI1A.,"['CH1', 'CH2', 'CHZ']",2019-01-21T21:09:23.530000Z,14.14
1058,20190121T210942Z,1J.TI4A.,"['CH1', 'CH2', 'CHZ']",2019-01-21T21:09:42.240000Z,14.14
1059,20190121T210942Z,1J.TI3A.,"['CH1', 'CH2', 'CHZ']",2019-01-21T21:09:42.240000Z,14.14
1060,20190121T210942Z,1J.TI1A.,"['CH1', 'CH2', 'CHZ']",2019-01-21T21:09:42.240000Z,14.14
1061,20190121T211001Z,1J.TI4A.,"['CH1', 'CH2', 'CHZ']",2019-01-21T21:10:01.820000Z,14.14
1062,20190121T211001Z,1J.TI3A.,"['CH1', 'CH2', 'CHZ']",2019-01-21T21:10:01.820000Z,14.14
1063,20190121T211001Z,1J.TI1A.,"['CH1', 'CH2', 'CHZ']",2019-01-21T21:10:01.820000Z,14.14
1064,20190121T211030Z,1J.TI4A.,"['CH1', 'CH2', 'CHZ']",2019-01-21T21:10:30.700000Z,14.14
1065,20190121T211030Z,1J.TI3A.,"['CH1', 'CH2', 'CHZ']",2019-01-21T21:10:30.700000Z,14.14
1066,20190121T211030Z,1J.TI1A.,"['CH1', 'CH2', 'CHZ']",2019-01-21T21:10:30.700000Z,14.14
1067,20190121T211054Z,1J.TI4A.,"['CH1', 'CH2', 'CHZ']",2019-01-21T21:10:54.900000Z,14.14
1068,20190121T211054Z,1J.TI3A.,"['CH1', 'CH2', 'CHZ']",2019-01-21T21:10:54.900000Z,14.14
1069,20190121T211054Z,1J.TI1A.,"['CH1', 'CH2', 'CHZ']",2019-01-21T21:10:54.900000Z,14.14
1070,20190121T211142Z,1J.TI4A.,"['CH1', 'CH2', 'CHZ']",2019-01-21T21:11:42.300000Z,14.14
1071,20190121T211142Z,1J.TI3A.,"['CH1', 'CH2', 'CHZ']",2019-01-21T21:11:42.300000Z,14.14
1072,20190121T211142Z,1J.TI1A.,"['CH1', 'CH2', 'CHZ']",2019-01-21T21:11:42.300000Z,14.14
1073,20190121T211213Z,1J.TI4A.,"['CH1', 'CH2', 'CHZ']",2019-01-21T21:12:13.700000Z,14.14
1074,20190121T211213Z,1J.TI3A.,"['CH1', 'CH2', 'CHZ']",2019-01-21T21:12:13.700000Z,14.14
1075,20190121T211213Z,1J.TI1A.,"['CH1', 'CH2', 'CHZ']",2019-01-21T21:12:13.700000Z,14.14
1076,20190121T211225Z,1J.TI4A.,"['CH1', 'CH2', 'CHZ']",2019-01-21T21:12:25.620000Z,14.14
1077,20190121T211225Z,1J.TI3A.,"['CH1', 'CH2', 'CHZ']",2019-01-21T21:12:25.620000Z,14.14
1078,20190121T211225Z,1J.TI1A.,"['CH1', 'CH2', 'CHZ']",2019-01-21T21:12:25.620000Z,14.14
1079,20190121T211318Z,1J.TI4A.,"['CH1', 'CH2', 'CHZ']",2019-01-21T21:13:18.800000Z,14.14
1080,20190121T211318Z,1J.TI3A.,"['CH1', 'CH2', 'CHZ']",2019-01-21T21:13:18.800000Z,14.14
1081,20190121T211318Z,1J.TI1A.,"['CH1', 'CH2', 'CHZ']",2019-01-21T21:13:18.800000Z,14.14
1082,20190121T211346Z,1J.TI4A.,"['CH1', 'CH2', 'CHZ']",2019-01-21T21:13:46.600000Z,14.14
1083,20190121T211346Z,1J.TI3A.,"['CH1', 'CH2', 'CHZ']",2019-01-21T21:13:46.600000Z,14.14
1084,20190121T211346Z,1J.TI1A.,"['CH1', 'CH2', 'CHZ']",2019-01-21T21:13:46.600000Z,14.14
1085,20190121T211356Z,1J.TI4A.,"['CH1', 'CH2', 'CHZ']",2019-01-21T21:13:56.750000Z,14.14
1086,20190121T211356Z,1J.TI3A.,"['CH1', 'CH2', 'CHZ']",2019-01-21T21:13:56.750000Z,14.14
1087,20190121T211356Z,1J.TI1A.,"['CH1', 'CH2', 'CHZ']",2019-01-21T21:13:56.750000Z,14.14
1088,20190121T211412Z,1J.TI4A.,"['CH1', 'CH2', 'CHZ']",2019-01-21T21:14:12.600000Z,14.14
1089,20190121T211412Z,1J.TI3A.,"['CH1', 'CH2', 'CHZ']",2019-01-21T21:14:12.600000Z,14.14
1090,20190121T211412Z,1J.TI1A.,"['CH1', 'CH2', 'CHZ']",2019-01-21T21:14:12.600000Z,14.14
1091,20190121T211435Z,1J.TI4A.,"['CH1', 'CH2', 'CHZ']",2019-01-21T21:14:35.220000Z,14.14
1092,20190121T211435Z,1J.TI3A.,"['CH1', 'CH2', 'CHZ']",2019-01-21T21:14:35.220000Z,14.14
1093,20190121T211435Z,1J.TI1A.,"['CH1', 'CH2', 'CHZ']",2019-01-21T21:14:35.220000Z,14.14
1094,20190121T211505Z,1J.TI3A.,"['CH1', 'CH2', 'CHZ']",2019-01-21T21:15:05.920000Z,23.07
1095,20190121T211505Z,1J.TI8A.,"['CH1', 'CH2', 'CHZ']",2019-01-21T21:15:05.920000Z,23.07
1096,20190121T211505Z,1J.TI6A.,"['CH1', 'CH2', 'CHZ']",2019-01-21T21:15:05.920000Z,23.07
1097,20190121T211505Z,1J.TI1A.,"['CH1', 'CH2', 'CHZ']",2019-01-21T21:15:05.920000Z,23.07
1098,20190121T211649Z,1J.TI4A.,"['CH1', 'CH2', 'CHZ']",2019-01-21T21:16:49.610000Z,14.14
1099,20190121T211649Z,1J.TI3A.,"['CH1', 'CH2', 'CHZ']",2019-01-21T21:16:49.610000Z,14.14
1100,20190121T211649Z,1J.TI1A.,"['CH1', 'CH2', 'CHZ']",2019-01-21T21:16:49.610000Z,14.14
1101,20190121T211732Z,1J.TI4A.,"['CH1', 'CH2', 'CHZ']",2019-01-21T21:17:32.760000Z,14.14
1102,20190121T211732Z,1J.TI3A.,"['CH1', 'CH2', 'CHZ']",2019-01-21T21:17:32.760000Z,14.14
1103,20190121T211732Z,1J.TI1A.,"['CH1', 'CH2', 'CHZ']",2019-01-21T21:17:32.760000Z,14.14
1104,20190121T211751Z,1J.TI4A.,"['CH1', 'CH2', 'CHZ']",2019-01-21T21:17:51.250000Z,14.14
1105,20190121T211751Z,1J.TI3A.,"['CH1', 'CH2', 'CHZ']",2019-01-21T21:17:51.250000Z,14.14
1106,20190121T211751Z,1J.TI1A.,"['CH1', 'CH2', 'CHZ']",2019-01-21T21:17:51.250000Z,14.14
1107,20190121T211808Z,1J.TI4A.,"['CH1', 'CH2', 'CHZ']",2019-01-21T21:18:08.900000Z,14.14
1108,20190121T211808Z,1J.TI3A.,"['CH1', 'CH2', 'CHZ']",2019-01-21T21:18:08.900000Z,14.14
1109,20190121T211808Z,1J.TI1A.,"['CH1', 'CH2', 'CHZ']",2019-01-21T21:18:08.900000Z,14.14
1110,20190121T211905Z,1J.TI4A.,"['CH1', 'CH2', 'CHZ']",2019-01-21T21:19:05.220000Z,14.14
1111,20190121T211905Z,1J.TI3A.,"['CH1', 'CH2', 'CHZ']",2019-01-21T21:19:05.220000Z,14.14
1112,20190121T211905Z,1J.TI1A.,"['CH1', 'CH2', 'CHZ']",2019-01-21T21:19:05.220000Z,14.14
1113,20190121T211941Z,1J.TI4A.,"['CH1', 'CH2', 'CHZ']",2019-01-21T21:19:41.060000Z,14.14
1114,20190121T211941Z,1J.TI3A.,"['CH1', 'CH2', 'CHZ']",2019-01-21T21:19:41.060000Z,14.14
1115,20190121T211941Z,1J.TI1A.,"['CH1', 'CH2', 'CHZ']",2019-01-21T21:19:41.060000Z,14.14
1116,20190121T211956Z,1J.TI4A.,"['CH1', 'CH2', 'CHZ']",2019-01-21T21:19:56.970000Z,14.14
1117,20190121T211956Z,1J.TI3A.,"['CH1', 'CH2', 'CHZ']",2019-01-21T21:19:56.970000Z,14.14
1118,20190121T211956Z,1J.TI1A.,"['CH1', 'CH2', 'CHZ']",2019-01-21T21:19:56.970000Z,14.14
1119,20190121T212045Z,1J.TI4A.,"['CH1', 'CH2', 'CHZ']",2019-01-21T21:20:45.020000Z,14.14
1120,20190121T212045Z,1J.TI3A.,"['CH1', 'CH2', 'CHZ']",2019-01-21T21:20:45.020000Z,14.14
1121,20190121T212045Z,1J.TI1A.,"['CH1', 'CH2', 'CHZ']",2019-01-21T21:20:45.020000Z,14.14
1122,20190121T212157Z,1J.TI4A.,"['CH1', 'CH2', 'CHZ']",2019-01-21T21:21:57.690000Z,14.14
1123,20190121T212157Z,1J.TI3A.,"['CH1', 'CH2', 'CHZ']",2019-01-21T21:21:57.690000Z,14.14
1124,20190121T212157Z,1J.TI1A.,"['CH1', 'CH2', 'CHZ']",2019-01-21T21:21:57.690000Z,14.14
1125,20190121T212351Z,1J.TI4A.,"['CH1', 'CH2', 'CHZ']",2019-01-21T21:23:51.790000Z,14.14
1126,20190121T212351Z,1J.TI3A.,"['CH1', 'CH2', 'CHZ']",2019-01-21T21:23:51.790000Z,14.14
1127,20190121T212351Z,1J.TI1A.,"['CH1', 'CH2', 'CHZ']",2019-01-21T21:23:51.790000Z,14.14
1128,20190121T212439Z,1J.TI4A.,"['CH1', 'CH2', 'CHZ']",2019-01-21T21:24:39.640000Z,14.14
1129,20190121T212439Z,1J.TI3A.,"['CH1', 'CH2', 'CHZ']",2019-01-21T21:24:39.640000Z,14.14
1130,20190121T212439Z,1J.TI1A.,"['CH1', 'CH2', 'CHZ']",2019-01-21T21:24:39.640000Z,14.14
1131,20190121T212454Z,1J.TI4A.,"['CH1', 'CH2', 'CHZ']",2019-01-21T21:24:54.920000Z,14.14
1132,20190121T212454Z,1J.TI3A.,"['CH1', 'CH2', 'CHZ']",2019-01-21T21:24:54.920000Z,14.14
1133,20190121T212454Z,1J.TI1A.,"['CH1', 'CH2', 'CHZ']",2019-01-21T21:24:54.920000Z,14.14
1134,20190121T212514Z,1J.TI4A.,"['CH1', 'CH2', 'CHZ']",2019-01-21T21:25:14.860000Z,14.14
1135,20190121T212514Z,1J.TI3A.,"['CH1', 'CH2', 'CHZ']",2019-01-21T21:25:14.860000Z,14.14
1136,20190121T212514Z,1J.TI1A.,"['CH1', 'CH2', 'CHZ']",2019-01-21T21:25:14.860000Z,14.14
1137,20190121T212648Z,1J.TI4A.,"['CH1', 'CH2', 'CHZ']",2019-01-21T21:26:48.940000Z,14.14
1138,20190121T212648Z,1J.TI3A.,"['CH1', 'CH2', 'CHZ']",2019-01-21T21:26:48.940000Z,14.14
1139,20190121T212648Z,1J.TI1A.,"['CH1', 'CH2', 'CHZ']",2019-01-21T21:26:48.940000Z,14.14
1140,20190121T212744Z,1J.TI3A.,"['CH1', 'CH2', 'CHZ']",2019-01-21T21:27:44.070000Z,23.96
1141,20190121T212744Z,1J.TI8A.,"['CH1', 'CH2', 'CHZ']",2019-01-21T21:27:44.070000Z,23.96
1142,20190121T212801Z,1J.TI4A.,"['CH1', 'CH2', 'CHZ']",2019-01-21T21:28:01.630000Z,14.14
1143,20190121T212801Z,1J.TI3A.,"['CH1', 'CH2', 'CHZ']",2019-01-21T21:28:01.630000Z,14.14
1144,20190121T212801Z,1J.TI1A.,"['CH1', 'CH2', 'CHZ']",2019-01-21T21:28:01.630000Z,14.14
1145,20190121T212822Z,1J.TI4A.,"['CH1', 'CH2', 'CHZ']",2019-01-21T21:28:22.730000Z,14.14
1146,20190121T212822Z,1J.TI3A.,"['CH1', 'CH2', 'CHZ']",2019-01-21T21:28:22.730000Z,14.14
1147,20190121T212822Z,1J.TI1A.,"['CH1', 'CH2', 'CHZ']",2019-01-21T21:28:22.730000Z,14.14
1148,20190121T212842Z,1J.TI3A.,"['CH1', 'CH2', 'CHZ']",2019-01-21T21:28:42.540000Z,2.13
1149,20190121T213026Z,1J.TI4A.,"['CH1', 'CH2', 'CHZ']",2019-01-21T21:30:26.640000Z,14.14
1150,20190121T213026Z,1J.TI3A.,"['CH1', 'CH2', 'CHZ']",2019-01-21T21:30:26.640000Z,14.14
1151,20190121T213026Z,1J.TI1A.,"['CH1', 'CH2', 'CHZ']",2019-01-21T21:30:26.640000Z,14.14
1152,20190121T213055Z,1J.TI4A.,"['CH1', 'CH2', 'CHZ']",2019-01-21T21:30:55.460000Z,14.14
1153,20190121T213055Z,1J.TI3A.,"['CH1', 'CH2', 'CHZ']",2019-01-21T21:30:55.460000Z,14.14
1154,20190121T213055Z,1J.TI1A.,"['CH1', 'CH2', 'CHZ']",2019-01-21T21:30:55.460000Z,14.14
1155,20190121T213111Z,1J.TI4A.,"['CH1', 'CH2', 'CHZ']",2019-01-21T21:31:11.740000Z,14.14
1156,20190121T213111Z,1J.TI3A.,"['CH1', 'CH2', 'CHZ']",2019-01-21T21:31:11.740000Z,14.14
1157,20190121T213111Z,1J.TI1A.,"['CH1', 'CH2', 'CHZ']",2019-01-21T21:31:11.740000Z,14.14
1158,20190121T213125Z,1J.TI4A.,"['CH1', 'CH2', 'CHZ']",2019-01-21T21:31:25.300000Z,14.14
1159,20190121T213125Z,1J.TI3A.,"['CH1', 'CH2', 'CHZ']",2019-01-21T21:31:25.300000Z,14.14
1160,20190121T213125Z,1J.TI1A.,"['CH1', 'CH2', 'CHZ']",2019-01-21T21:31:25.300000Z,14.14
1161,20190121T213156Z,1J.TI4A.,"['CH1', 'CH2', 'CHZ']",2019-01-21T21:31:56.650000Z,14.14
1162,20190121T213156Z,1J.TI3A.,"['CH1', 'CH2', 'CHZ']",2019-01-21T21:31:56.650000Z,14.14
1163,20190121T213156Z,1J.TI1A.,"['CH1', 'CH2', 'CHZ']",2019-01-21T21:31:56.650000Z,14.14
1164,20190121T213206Z,1J.TI4A.,"['CH1', 'CH2', 'CHZ']",2019-01-21T21:32:06.970000Z,14.14
1165,20190121T213206Z,1J.TI3A.,"['CH1', 'CH2', 'CHZ']",2019-01-21T21:32:06.970000Z,14.14
1166,20190121T213206Z,1J.TI1A.,"['CH1', 'CH2', 'CHZ']",2019-01-21T21:32:06.970000Z,14.14
1167,20190121T213230Z,1J.TI3A.,"['CH1', 'CH2', 'CHZ']",2019-01-21T21:32:30.850000Z,23.96
1168,20190121T213230Z,1J.TI8A.,"['CH1', 'CH2', 'CHZ']",2019-01-21T21:32:30.850000Z,23.96
1169,20190121T213242Z,1J.TI4A.,"['CH1', 'CH2', 'CHZ']",2019-01-21T21:32:42.180000Z,14.14
1170,20190121T213242Z,1J.TI3A.,"['CH1', 'CH2', 'CHZ']",2019-01-21T21:32:42.180000Z,14.14
1171,20190121T213242Z,1J.TI1A.,"['CH1', 'CH2', 'CHZ']",2019-01-21T21:32:42.180000Z,14.14
1172,20190121T213303Z,1J.TI4A.,"['CH1', 'CH2', 'CHZ']",2019-01-21T21:33:03.820000Z,14.14
1173,20190121T213303Z,1J.TI3A.,"['CH1', 'CH2', 'CHZ']",2019-01-21T21:33:03.820000Z,14.14
1174,20190121T213303Z,1J.TI1A.,"['CH1', 'CH2', 'CHZ']",2019-01-21T21:33:03.820000Z,14.14
1175,20190121T213332Z,1J.TI3A.,"['CH1', 'CH2', 'CHZ']",2019-01-21T21:33:32.080000Z,27.17
1176,20190121T213332Z,1J.TI8A.,"['CH1', 'CH2', 'CHZ']",2019-01-21T21:33:32.080000Z,27.17
1177,20190121T213332Z,1J.TI6A.,"['CH1', 'CH2', 'CHZ']",2019-01-21T21:33:32.080000Z,27.17
1178,20190121T213332Z,1J.TI1A.,"['CH1', 'CH2', 'CHZ']",2019-01-21T21:33:32.080000Z,27.17
1179,20190121T213349Z,1J.TI4A.,"['CH1', 'CH2', 'CHZ']",2019-01-21T21:33:49.210000Z,14.14
1180,20190121T213349Z,1J.TI3A.,"['CH1', 'CH2', 'CHZ']",2019-01-21T21:33:49.210000Z,14.14
1181,20190121T213349Z,1J.TI1A.,"['CH1', 'CH2', 'CHZ']",2019-01-21T21:33:49.210000Z,14.14
1182,20190121T213514Z,1J.TI4A.,"['CH1', 'CH2', 'CHZ']",2019-01-21T21:35:14.510000Z,14.14
1183,20190121T213514Z,1J.TI3A.,"['CH1', 'CH2', 'CHZ']",2019-01-21T21:35:14.510000Z,14.14
1184,20190121T213514Z,1J.TI1A.,"['CH1', 'CH2', 'CHZ']",2019-01-21T21:35:14.510000Z,14.14
1185,20190121T213641Z,1J.TI4A.,"['CH1', 'CH2', 'CHZ']",2019-01-21T21:36:41.210000Z,14.14
1186,20190121T213641Z,1J.TI3A.,"['CH1', 'CH2', 'CHZ']",2019-01-21T21:36:41.210000Z,14.14
1187,20190121T213641Z,1J.TI1A.,"['CH1', 'CH2', 'CHZ']",2019-01-21T21:36:41.210000Z,14.14
1188,20190121T213659Z,1J.TI4A.,"['CH1', 'CH2', 'CHZ']",2019-01-21T21:36:59.510000Z,14.14
1189,20190121T213659Z,1J.TI3A.,"['CH1', 'CH2', 'CHZ']",2019-01-21T21:36:59.510000Z,14.14
1190,20190121T213659Z,1J.TI1A.,"['CH1', 'CH2', 'CHZ']",2019-01-21T21:36:59.510000Z,14.14
1191,20190121T213710Z,1J.TI4A.,"['CH1', 'CH2', 'CHZ']",2019-01-21T21:37:10.850000Z,14.14
1192,20190121T213710Z,1J.TI3A.,"['CH1', 'CH2', 'CHZ']",2019-01-21T21:37:10.850000Z,14.14
1193,20190121T213710Z,1J.TI1A.,"['CH1', 'CH2', 'CHZ']",2019-01-21T21:37:10.850000Z,14.14
1194,20190121T213801Z,1J.TI4A.,"['CH1', 'CH2', 'CHZ']",2019-01-21T21:38:01.030000Z,14.14
1195,20190121T213801Z,1J.TI3A.,"['CH1', 'CH2', 'CHZ']",2019-01-21T21:38:01.030000Z,14.14
1196,20190121T213801Z,1J.TI1A.,"['CH1', 'CH2', 'CHZ']",2019-01-21T21:38:01.030000Z,14.14
1197,20190121T213816Z,1J.TI4A.,"['CH1', 'CH2', 'CHZ']",2019-01-21T21:38:16.750000Z,14.14
1198,20190121T213816Z,1J.TI3A.,"['CH1', 'CH2', 'CHZ']",2019-01-21T21:38:16.750000Z,14.14
1199,20190121T213816Z,1J.TI1A.,"['CH1', 'CH2', 'CHZ']",2019-01-21T21:38:16.750000Z,14.14
1200,20190121T213834Z,1J.TI4A.,"['CH1', 'CH2', 'CHZ']",2019-01-21T21:38:34.100000Z,14.14
1201,20190121T213834Z,1J.TI3A.,"['CH1', 'CH2', 'CHZ']",2019-01-21T21:38:34.100000Z,14.14
1202,20190121T213834Z,1J.TI1A.,"['CH1', 'CH2', 'CHZ']",2019-01-21T21:38:34.100000Z,14.14
1203,20190121T213902Z,1J.TI4A.,"['CH1', 'CH2', 'CHZ']",2019-01-21T21:39:02.990000Z,14.14
1204,20190121T213902Z,1J.TI3A.,"['CH1', 'CH2', 'CHZ']",2019-01-21T21:39:02.990000Z,14.14
1205,20190121T213902Z,1J.TI1A.,"['CH1', 'CH2', 'CHZ']",2019-01-21T21:39:02.990000Z,14.14
1206,20190121T214009Z,1J.TI4A.,"['CH1', 'CH2', 'CHZ']",2019-01-21T21:40:09.900000Z,14.14
1207,20190121T214009Z,1J.TI3A.,"['CH1', 'CH2', 'CHZ']",2019-01-21T21:40:09.900000Z,14.14
1208,20190121T214009Z,1J.TI1A.,"['CH1', 'CH2', 'CHZ']",2019-01-21T21:40:09.900000Z,14.14
1209,20190121T214139Z,1J.TI4A.,"['CH1', 'CH2', 'CHZ']",2019-01-21T21:41:39.790000Z,14.14
1210,20190121T214139Z,1J.TI3A.,"['CH1', 'CH2', 'CHZ']",2019-01-21T21:41:39.790000Z,14.14
1211,20190121T214139Z,1J.TI1A.,"['CH1', 'CH2', 'CHZ']",2019-01-21T21:41:39.790000Z,14.14
1212,20190121T214202Z,1J.TI4A.,"['CH1', 'CH2', 'CHZ']",2019-01-21T21:42:02.150000Z,14.14
1213,20190121T214202Z,1J.TI3A.,"['CH1', 'CH2', 'CHZ']",2019-01-21T21:42:02.150000Z,14.14
1214,20190121T214202Z,1J.TI1A.,"['CH1', 'CH2', 'CHZ']",2019-01-21T21:42:02.150000Z,14.14
1215,20190121T214319Z,1J.TI3A.,"['CH1', 'CH2', 'CHZ']",2019-01-21T21:43:19.070000Z,2.13
1216,20190121T214343Z,1J.TI3A.,"['CH1', 'CH2', 'CHZ']",2019-01-21T21:43:43.250000Z,27.17
1217,20190121T214343Z,1J.TI8A.,"['CH1', 'CH2', 'CHZ']",2019-01-21T21:43:43.250000Z,27.17
1218,20190121T214343Z,1J.TI6A.,"['CH1', 'CH2', 'CHZ']",2019-01-21T21:43:43.250000Z,27.17
1219,20190121T214343Z,1J.TI1A.,"['CH1', 'CH2', 'CHZ']",2019-01-21T21:43:43.250000Z,27.17
1220,20190121T214401Z,1J.TI4A.,"['CH1', 'CH2', 'CHZ']",2019-01-21T21:44:01.670000Z,14.14
1221,20190121T214401Z,1J.TI3A.,"['CH1', 'CH2', 'CHZ']",2019-01-21T21:44:01.670000Z,14.14
1222,20190121T214401Z,1J.TI1A.,"['CH1', 'CH2', 'CHZ']",2019-01-21T21:44:01.670000Z,14.14
1223,20190121T214421Z,1J.TI4A.,"['CH1', 'CH2', 'CHZ']",2019-01-21T21:44:21.330000Z,14.14
1224,20190121T214421Z,1J.TI3A.,"['CH1', 'CH2', 'CHZ']",2019-01-21T21:44:21.330000Z,14.14
1225,20190121T214421Z,1J.TI1A.,"['CH1', 'CH2', 'CHZ']",2019-01-21T21:44:21.330000Z,14.14
1226,20190121T214434Z,1J.TI4A.,"['CH1', 'CH2', 'CHZ']",2019-01-21T21:44:34.740000Z,14.14
1227,20190121T214434Z,1J.TI3A.,"['CH1', 'CH2', 'CHZ']",2019-01-21T21:44:34.740000Z,14.14
1228,20190121T214434Z,1J.TI1A.,"['CH1', 'CH2', 'CHZ']",2019-01-21T21:44:34.740000Z,14.14
1229,20190121T214506Z,1J.TI4A.,"['CH1', 'CH2', 'CHZ']",2019-01-21T21:45:06.350000Z,14.14
1230,20190121T214506Z,1J.TI3A.,"['CH1', 'CH2', 'CHZ']",2019-01-21T21:45:06.350000Z,14.14
1231,20190121T214506Z,1J.TI1A.,"['CH1', 'CH2', 'CHZ']",2019-01-21T21:45:06.350000Z,14.14
1232,20190121T214614Z,1J.TI4A.,"['CH1', 'CH2', 'CHZ']",2019-01-21T21:46:14.640000Z,14.14
1233,20190121T214614Z,1J.TI3A.,"['CH1', 'CH2', 'CHZ']",2019-01-21T21:46:14.640000Z,14.14
1234,20190121T214614Z,1J.TI1A.,"['CH1', 'CH2', 'CHZ']",2019-01-21T21:46:14.640000Z,14.14
1235,20190121T214629Z,1J.TI4A.,"['CH1', 'CH2', 'CHZ']",2019-01-21T21:46:29.720000Z,14.14
1236,20190121T214629Z,1J.TI3A.,"['CH1', 'CH2', 'CHZ']",2019-01-21T21:46:29.720000Z,14.14
1237,20190121T214629Z,1J.TI1A.,"['CH1', 'CH2', 'CHZ']",2019-01-21T21:46:29.720000Z,14.14
1238,20190121T214648Z,1J.TI4A.,"['CH1', 'CH2', 'CHZ']",2019-01-21T21:46:48.900000Z,14.14
1239,20190121T214648Z,1J.TI3A.,"['CH1', 'CH2', 'CHZ']",2019-01-21T21:46:48.900000Z,14.14
1240,20190121T214648Z,1J.TI1A.,"['CH1', 'CH2', 'CHZ']",2019-01-21T21:46:48.900000Z,14.14
1241,20190121T214726Z,1J.TI4A.,"['CH1', 'CH2', 'CHZ']",2019-01-21T21:47:26.710000Z,14.14
1242,20190121T214726Z,1J.TI3A.,"['CH1', 'CH2', 'CHZ']",2019-01-21T21:47:26.710000Z,14.14
1243,20190121T214726Z,1J.TI1A.,"['CH1', 'CH2', 'CHZ']",2019-01-21T21:47:26.710000Z,14.14
1244,20190121T214743Z,1J.TI4A.,"['CH1', 'CH2', 'CHZ']",2019-01-21T21:47:43.420000Z,14.14
1245,20190121T214743Z,1J.TI3A.,"['CH1', 'CH2', 'CHZ']",2019-01-21T21:47:43.420000Z,14.14
1246,20190121T214743Z,1J.TI1A.,"['CH1', 'CH2', 'CHZ']",2019-01-21T21:47:43.420000Z,14.14
1247,20190121T214816Z,1J.TI4A.,"['CH1', 'CH2', 'CHZ']",2019-01-21T21:48:16.410000Z,14.14
1248,20190121T214816Z,1J.TI3A.,"['CH1', 'CH2', 'CHZ']",2019-01-21T21:48:16.410000Z,14.14
1249,20190121T214816Z,1J.TI1A.,"['CH1', 'CH2', 'CHZ']",2019-01-21T21:48:16.410000Z,14.14
1250,20190121T214849Z,1J.TI4A.,"['CH1', 'CH2', 'CHZ']",2019-01-21T21:48:49.700000Z,14.14
1251,20190121T214849Z,1J.TI3A.,"['CH1', 'CH2', 'CHZ']",2019-01-21T21:48:49.700000Z,14.14
1252,20190121T214849Z,1J.TI1A.,"['CH1', 'CH2', 'CHZ']",2019-01-21T21:48:49.700000Z,14.14
1253,20190121T214931Z,1J.TI4A.,"['CH1', 'CH2', 'CHZ']",2019-01-21T21:49:31.840000Z,14.14
1254,20190121T214931Z,1J.TI3A.,"['CH1', 'CH2', 'CHZ']",2019-01-21T21:49:31.840000Z,14.14
1255,20190121T214931Z,1J.TI1A.,"['CH1', 'CH2', 'CHZ']",2019-01-21T21:49:31.840000Z,14.14
1256,20190121T214948Z,1J.TI3A.,"['CH1', 'CH2', 'CHZ']",2019-01-21T21:49:48.340000Z,27.17
1257,20190121T214948Z,1J.TI8A.,"['CH1', 'CH2', 'CHZ']",2019-01-21T21:49:48.340000Z,27.17
1258,20190121T214948Z,1J.TI6A.,"['CH1', 'CH2', 'CHZ']",2019-01-21T21:49:48.340000Z,27.17
1259,20190121T214948Z,1J.TI1A.,"['CH1', 'CH2', 'CHZ']",2019-01-21T21:49:48.340000Z,27.17
1260,20190121T215057Z,1J.TI3A.,"['CH1', 'CH2', 'CHZ']",2019-01-21T21:50:57.830000Z,27.17
1261,20190121T215057Z,1J.TI8A.,"['CH1', 'CH2', 'CHZ']",2019-01-21T21:50:57.830000Z,27.17
1262,20190121T215057Z,1J.TI6A.,"['CH1', 'CH2', 'CHZ']",2019-01-21T21:50:57.830000Z,27.17
1263,20190121T215057Z,1J.TI1A.,"['CH1', 'CH2', 'CHZ']",2019-01-21T21:50:57.830000Z,27.17
1264,20190121T215121Z,1J.TI4A.,"['CH1', 'CH2', 'CHZ']",2019-01-21T21:51:21.220000Z,14.14
1265,20190121T215121Z,1J.TI3A.,"['CH1', 'CH2', 'CHZ']",2019-01-21T21:51:21.220000Z,14.14
1266,20190121T215121Z,1J.TI1A.,"['CH1', 'CH2', 'CHZ']",2019-01-21T21:51:21.220000Z,14.14
1267,20190121T215135Z,1J.TI4A.,"['CH1', 'CH2', 'CHZ']",2019-01-21T21:51:35.750000Z,14.14
1268,20190121T215135Z,1J.TI3A.,"['CH1', 'CH2', 'CHZ']",2019-01-21T21:51:35.750000Z,14.14
1269,20190121T215135Z,1J.TI1A.,"['CH1', 'CH2', 'CHZ']",2019-01-21T21:51:35.750000Z,14.14
1270,20190121T215203Z,1J.TI4A.,"['CH1', 'CH2', 'CHZ']",2019-01-21T21:52:03.960000Z,14.14
1271,20190121T215203Z,1J.TI3A.,"['CH1', 'CH2', 'CHZ']",2019-01-21T21:52:03.960000Z,14.14
1272,20190121T215203Z,1J.TI1A.,"['CH1', 'CH2', 'CHZ']",2019-01-21T21:52:03.960000Z,14.14
1273,20190121T215223Z,1J.TI4A.,"['CH1', 'CH2', 'CHZ']",2019-01-21T21:52:23.650000Z,14.14
1274,20190121T215223Z,1J.TI3A.,"['CH1', 'CH2', 'CHZ']",2019-01-21T21:52:23.650000Z,14.14
1275,20190121T215223Z,1J.TI1A.,"['CH1', 'CH2', 'CHZ']",2019-01-21T21:52:23.650000Z,14.14
1276,20190121T215245Z,1J.TI4A.,"['CH1', 'CH2', 'CHZ']",2019-01-21T21:52:45.030000Z,14.14
1277,20190121T215245Z,1J.TI3A.,"['CH1', 'CH2', 'CHZ']",2019-01-21T21:52:45.030000Z,14.14
1278,20190121T215245Z,1J.TI1A.,"['CH1', 'CH2', 'CHZ']",2019-01-21T21:52:45.030000Z,14.14
1279,20190121T215313Z,1J.TI3A.,"['CH1', 'CH2', 'CHZ']",2019-01-21T21:53:13.010000Z,27.17
1280,20190121T215313Z,1J.TI8A.,"['CH1', 'CH2', 'CHZ']",2019-01-21T21:53:13.010000Z,27.17
1281,20190121T215313Z,1J.TI6A.,"['CH1', 'CH2', 'CHZ']",2019-01-21T21:53:13.010000Z,27.17
1282,20190121T215313Z,1J.TI1A.,"['CH1', 'CH2', 'CHZ']",2019-01-21T21:53:13.010000Z,27.17
1283,20190121T215338Z,1J.TI4A.,"['CH1', 'CH2', 'CHZ']",2019-01-21T21:53:38.660000Z,14.14
1284,20190121T215338Z,1J.TI3A.,"['CH1', 'CH2', 'CHZ']",2019-01-21T21:53:38.660000Z,14.14
1285,20190121T215338Z,1J.TI1A.,"['CH1', 'CH2', 'CHZ']",2019-01-21T21:53:38.660000Z,14.14
1286,20190121T215403Z,1J.TI4A.,"['CH1', 'CH2', 'CHZ']",2019-01-21T21:54:03.100000Z,14.14
1287,20190121T215403Z,1J.TI3A.,"['CH1', 'CH2', 'CHZ']",2019-01-21T21:54:03.100000Z,14.14
1288,20190121T215403Z,1J.TI1A.,"['CH1', 'CH2', 'CHZ']",2019-01-21T21:54:03.100000Z,14.14
1289,20190121T215427Z,1J.TI3A.,"['CH1', 'CH2', 'CHZ']",2019-01-21T21:54:27.940000Z,27.17
1290,20190121T215427Z,1J.TI8A.,"['CH1', 'CH2', 'CHZ']",2019-01-21T21:54:27.940000Z,27.17
1291,20190121T215427Z,1J.TI6A.,"['CH1', 'CH2', 'CHZ']",2019-01-21T21:54:27.940000Z,27.17
1292,20190121T215427Z,1J.TI1A.,"['CH1', 'CH2', 'CHZ']",2019-01-21T21:54:27.940000Z,27.17
1293,20190121T215441Z,1J.TI3A.,"['CH1', 'CH2', 'CHZ']",2019-01-21T21:54:41.200000Z,27.17
1294,20190121T215441Z,1J.TI8A.,"['CH1', 'CH2', 'CHZ']",2019-01-21T21:54:41.200000Z,27.17
1295,20190121T215441Z,1J.TI6A.,"['CH1', 'CH2', 'CHZ']",2019-01-21T21:54:41.200000Z,27.17
1296,20190121T215441Z,1J.TI1A.,"['CH1', 'CH2', 'CHZ']",2019-01-21T21:54:41.200000Z,27.17
1297,20190121T215524Z,1J.TI4A.,"['CH1', 'CH2', 'CHZ']",2019-01-21T21:55:24.880000Z,14.14
1298,20190121T215524Z,1J.TI3A.,"['CH1', 'CH2', 'CHZ']",2019-01-21T21:55:24.880000Z,14.14
1299,20190121T215524Z,1J.TI1A.,"['CH1', 'CH2', 'CHZ']",2019-01-21T21:55:24.880000Z,14.14
1300,20190121T215541Z,1J.TI4A.,"['CH1', 'CH2', 'CHZ']",2019-01-21T21:55:41.200000Z,14.14
1301,20190121T215541Z,1J.TI3A.,"['CH1', 'CH2', 'CHZ']",2019-01-21T21:55:41.200000Z,14.14
1302,20190121T215541Z,1J.TI1A.,"['CH1', 'CH2', 'CHZ']",2019-01-21T21:55:41.200000Z,14.14
1303,20190121T215601Z,1J.TI4A.,"['CH1', 'CH2', 'CHZ']",2019-01-21T21:56:01.500000Z,14.14
1304,20190121T215601Z,1J.TI3A.,"['CH1', 'CH2', 'CHZ']",2019-01-21T21:56:01.500000Z,14.14
1305,20190121T215601Z,1J.TI1A.,"['CH1', 'CH2', 'CHZ']",2019-01-21T21:56:01.500000Z,14.14
1306,20190121T215645Z,1J.TI3A.,"['CH1', 'CH2', 'CHZ']",2019-01-21T21:56:45.730000Z,2.13
1307,20190121T215714Z,1J.TI4A.,"['CH1', 'CH2', 'CHZ']",2019-01-21T21:57:14.700000Z,14.14
1308,20190121T215714Z,1J.TI3A.,"['CH1', 'CH2', 'CHZ']",2019-01-21T21:57:14.700000Z,14.14
1309,20190121T215714Z,1J.TI1A.,"['CH1', 'CH2', 'CHZ']",2019-01-21T21:57:14.700000Z,14.14
1310,20190121T215733Z,1J.TI4A.,"['CH1', 'CH2', 'CHZ']",2019-01-21T21:57:33.340000Z,14.14
1311,20190121T215733Z,1J.TI3A.,"['CH1', 'CH2', 'CHZ']",2019-01-21T21:57:33.340000Z,14.14
1312,20190121T215733Z,1J.TI1A.,"['CH1', 'CH2', 'CHZ']",2019-01-21T21:57:33.340000Z,14.14
1313,20190121T215743Z,1J.TI4A.,"['CH1', 'CH2', 'CHZ']",2019-01-21T21:57:43.490000Z,14.14
1314,20190121T215743Z,1J.TI3A.,"['CH1', 'CH2', 'CHZ']",2019-01-21T21:57:43.490000Z,14.14
1315,20190121T215743Z,1J.TI1A.,"['CH1', 'CH2', 'CHZ']",2019-01-21T21:57:43.490000Z,14.14
1316,20190121T215755Z,1J.TI4A.,"['CH1', 'CH2', 'CHZ']",2019-01-21T21:57:55.730000Z,14.14
1317,20190121T215755Z,1J.TI3A.,"['CH1', 'CH2', 'CHZ']",2019-01-21T21:57:55.730000Z,14.14
1318,20190121T215755Z,1J.TI1A.,"['CH1', 'CH2', 'CHZ']",2019-01-21T21:57:55.730000Z,14.14
1319,20190121T215809Z,1J.TI4A.,"['CH1', 'CH2', 'CHZ']",2019-01-21T21:58:09.210000Z,14.14
1320,20190121T215809Z,1J.TI3A.,"['CH1', 'CH2', 'CHZ']",2019-01-21T21:58:09.210000Z,14.14
1321,20190121T215809Z,1J.TI1A.,"['CH1', 'CH2', 'CHZ']",2019-01-21T21:58:09.210000Z,14.14
1322,20190121T215903Z,1J.TI4A.,"['CH1', 'CH2', 'CHZ']",2019-01-21T21:59:03.990000Z,14.14
1323,20190121T215903Z,1J.TI3A.,"['CH1', 'CH2', 'CHZ']",2019-01-21T21:59:03.990000Z,14.14
1324,20190121T215903Z,1J.TI1A.,"['CH1', 'CH2', 'CHZ']",2019-01-21T21:59:03.990000Z,14.14
1325,20190121T215955Z,1J.TI4A.,"['CH1', 'CH2', 'CHZ']",2019-01-21T21:59:55.710000Z,14.14
1326,20190121T215955Z,1J.TI3A.,"['CH1', 'CH2', 'CHZ']",2019-01-21T21:59:55.710000Z,14.14
1327,20190121T215955Z,1J.TI1A.,"['CH1', 'CH2', 'CHZ']",2019-01-21T21:59:55.710000Z,14.14
1328,20190121T220017Z,1J.TI4A.,"['CH1', 'CH2', 'CHZ']",2019-01-21T22:00:17.090000Z,14.14
1329,20190121T220017Z,1J.TI3A.,"['CH1', 'CH2', 'CHZ']",2019-01-21T22:00:17.090000Z,14.14
1330,20190121T220017Z,1J.TI1A.,"['CH1', 'CH2', 'CHZ']",2019-01-21T22:00:17.090000Z,14.14
1331,20190121T220028Z,1J.TI4A.,"['CH1', 'CH2', 'CHZ']",2019-01-21T22:00:28.460000Z,14.14
1332,20190121T220028Z,1J.TI3A.,"['CH1', 'CH2', 'CHZ']",2019-01-21T22:00:28.460000Z,14.14
1333,20190121T220028Z,1J.TI1A.,"['CH1', 'CH2', 'CHZ']",2019-01-21T22:00:28.460000Z,14.14
1334,20190121T220042Z,1J.TI4A.,"['CH1', 'CH2', 'CHZ']",2019-01-21T22:00:42.730000Z,14.14
1335,20190121T220042Z,1J.TI3A.,"['CH1', 'CH2', 'CHZ']",2019-01-21T22:00:42.730000Z,14.14
1336,20190121T220042Z,1J.TI1A.,"['CH1', 'CH2', 'CHZ']",2019-01-21T22:00:42.730000Z,14.14
1337,20190121T220052Z,1J.TI4A.,"['CH1', 'CH2', 'CHZ']",2019-01-21T22:00:52.760000Z,14.14
1338,20190121T220052Z,1J.TI3A.,"['CH1', 'CH2', 'CHZ']",2019-01-21T22:00:52.760000Z,14.14
1339,20190121T220052Z,1J.TI1A.,"['CH1', 'CH2', 'CHZ']",2019-01-21T22:00:52.760000Z,14.14
1340,20190121T220124Z,1J.TI4A.,"['CH1', 'CH2', 'CHZ']",2019-01-21T22:01:24.800000Z,14.14
1341,20190121T220124Z,1J.TI3A.,"['CH1', 'CH2', 'CHZ']",2019-01-21T22:01:24.800000Z,14.14
1342,20190121T220124Z,1J.TI1A.,"['CH1', 'CH2', 'CHZ']",2019-01-21T22:01:24.800000Z,14.14
1343,20190121T220137Z,1J.TI4A.,"['CH1', 'CH2', 'CHZ']",2019-01-21T22:01:37.000000Z,14.14
1344,20190121T220137Z,1J.TI3A.,"['CH1', 'CH2', 'CHZ']",2019-01-21T22:01:37.000000Z,14.14
1345,20190121T220137Z,1J.TI1A.,"['CH1', 'CH2', 'CHZ']",2019-01-21T22:01:37.000000Z,14.14
1346,20190121T220208Z,1J.TI4A.,"['CH1', 'CH2', 'CHZ']",2019-01-21T22:02:08.080000Z,14.14
1347,20190121T220208Z,1J.TI3A.,"['CH1', 'CH2', 'CHZ']",2019-01-21T22:02:08.080000Z,14.14
1348,20190121T220208Z,1J.TI1A.,"['CH1', 'CH2', 'CHZ']",2019-01-21T22:02:08.080000Z,14.14
1349,20190121T220232Z,1J.TI4A.,"['CH1', 'CH2', 'CHZ']",2019-01-21T22:02:32.440000Z,14.14
1350,20190121T220232Z,1J.TI3A.,"['CH1', 'CH2', 'CHZ']",2019-01-21T22:02:32.440000Z,14.14
1351,20190121T220232Z,1J.TI1A.,"['CH1', 'CH2', 'CHZ']",2019-01-21T22:02:32.440000Z,14.14
1352,20190121T220256Z,1J.TI4A.,"['CH1', 'CH2', 'CHZ']",2019-01-21T22:02:56.810000Z,14.14
1353,20190121T220256Z,1J.TI3A.,"['CH1', 'CH2', 'CHZ']",2019-01-21T22:02:56.810000Z,14.14
1354,20190121T220256Z,1J.TI1A.,"['CH1', 'CH2', 'CHZ']",2019-01-21T22:02:56.810000Z,14.14
1355,20190121T220307Z,1J.TI4A.,"['CH1', 'CH2', 'CHZ']",2019-01-21T22:03:07.910000Z,14.14
1356,20190121T220307Z,1J.TI3A.,"['CH1', 'CH2', 'CHZ']",2019-01-21T22:03:07.910000Z,14.14
1357,20190121T220307Z,1J.TI1A.,"['CH1', 'CH2', 'CHZ']",2019-01-21T22:03:07.910000Z,14.14
1358,20190121T220354Z,1J.TI4A.,"['CH1', 'CH2', 'CHZ']",2019-01-21T22:03:54.900000Z,14.14
1359,20190121T220354Z,1J.TI3A.,"['CH1', 'CH2', 'CHZ']",2019-01-21T22:03:54.900000Z,14.14
1360,20190121T220354Z,1J.TI1A.,"['CH1', 'CH2', 'CHZ']",2019-01-21T22:03:54.900000Z,14.14
1361,20190121T220417Z,1J.TI4A.,"['CH1', 'CH2', 'CHZ']",2019-01-21T22:04:17.630000Z,14.14
1362,20190121T220417Z,1J.TI3A.,"['CH1', 'CH2', 'CHZ']",2019-01-21T22:04:17.630000Z,14.14
1363,20190121T220417Z,1J.TI1A.,"['CH1', 'CH2', 'CHZ']",2019-01-21T22:04:17.630000Z,14.14
1364,20190121T220440Z,1J.TI4A.,"['CH1', 'CH2', 'CHZ']",2019-01-21T22:04:40.010000Z,14.14
1365,20190121T220440Z,1J.TI3A.,"['CH1', 'CH2', 'CHZ']",2019-01-21T22:04:40.010000Z,14.14
1366,20190121T220440Z,1J.TI1A.,"['CH1', 'CH2', 'CHZ']",2019-01-21T22:04:40.010000Z,14.14
1367,20190121T220453Z,1J.TI4A.,"['CH1', 'CH2', 'CHZ']",2019-01-21T22:04:53.660000Z,14.14
1368,20190121T220453Z,1J.TI3A.,"['CH1', 'CH2', 'CHZ']",2019-01-21T22:04:53.660000Z,14.14
1369,20190121T220453Z,1J.TI1A.,"['CH1', 'CH2', 'CHZ']",2019-01-21T22:04:53.660000Z,14.14
1370,20190121T220533Z,1J.TI4A.,"['CH1', 'CH2', 'CHZ']",2019-01-21T22:05:33.380000Z,14.14
1371,20190121T220533Z,1J.TI3A.,"['CH1', 'CH2', 'CHZ']",2019-01-21T22:05:33.380000Z,14.14
1372,20190121T220533Z,1J.TI1A.,"['CH1', 'CH2', 'CHZ']",2019-01-21T22:05:33.380000Z,14.14
1373,20190121T220620Z,1J.TI4A.,"['CH1', 'CH2', 'CHZ']",2019-01-21T22:06:20.600000Z,14.14
1374,20190121T220620Z,1J.TI3A.,"['CH1', 'CH2', 'CHZ']",2019-01-21T22:06:20.600000Z,14.14
1375,20190121T220620Z,1J.TI1A.,"['CH1', 'CH2', 'CHZ']",2019-01-21T22:06:20.600000Z,14.14
1376,20190121T220631Z,1J.TI4A.,"['CH1', 'CH2', 'CHZ']",2019-01-21T22:06:31.270000Z,14.14
1377,20190121T220631Z,1J.TI3A.,"['CH1', 'CH2', 'CHZ']",2019-01-21T22:06:31.270000Z,14.14
1378,20190121T220631Z,1J.TI1A.,"['CH1', 'CH2', 'CHZ']",2019-01-21T22:06:31.270000Z,14.14
1379,20190121T220645Z,1J.TI4A.,"['CH1', 'CH2', 'CHZ']",2019-01-21T22:06:45.870000Z,14.14
1380,20190121T220645Z,1J.TI3A.,"['CH1', 'CH2', 'CHZ']",2019-01-21T22:06:45.870000Z,14.14
1381,20190121T220645Z,1J.TI1A.,"['CH1', 'CH2', 'CHZ']",2019-01-21T22:06:45.870000Z,14.14
1382,20190121T220711Z,1J.TI4A.,"['CH1', 'CH2', 'CHZ']",2019-01-21T22:07:11.300000Z,14.14
1383,20190121T220711Z,1J.TI3A.,"['CH1', 'CH2', 'CHZ']",2019-01-21T22:07:11.300000Z,14.14
1384,20190121T220711Z,1J.TI1A.,"['CH1', 'CH2', 'CHZ']",2019-01-21T22:07:11.300000Z,14.14
1385,20190121T220721Z,1J.TI4A.,"['CH1', 'CH2', 'CHZ']",2019-01-21T22:07:21.810000Z,14.14
1386,20190121T220721Z,1J.TI3A.,"['CH1', 'CH2', 'CHZ']",2019-01-21T22:07:21.810000Z,14.14
1387,20190121T220721Z,1J.TI1A.,"['CH1', 'CH2', 'CHZ']",2019-01-21T22:07:21.810000Z,14.14
1388,20190121T220735Z,1J.TI4A.,"['CH1', 'CH2', 'CHZ']",2019-01-21T22:07:35.420000Z,14.14
1389,20190121T220735Z,1J.TI3A.,"['CH1', 'CH2', 'CHZ']",2019-01-21T22:07:35.420000Z,14.14
1390,20190121T220735Z,1J.TI1A.,"['CH1', 'CH2', 'CHZ']",2019-01-21T22:07:35.420000Z,14.14
1391,20190121T220813Z,1J.TI4A.,"['CH1', 'CH2', 'CHZ']",2019-01-21T22:08:13.730000Z,14.14
1392,20190121T220813Z,1J.TI3A.,"['CH1', 'CH2', 'CHZ']",2019-01-21T22:08:13.730000Z,14.14
1393,20190121T220813Z,1J.TI1A.,"['CH1', 'CH2', 'CHZ']",2019-01-21T22:08:13.730000Z,14.14
1394,20190121T220827Z,1J.TI4A.,"['CH1', 'CH2', 'CHZ']",2019-01-21T22:08:27.200000Z,14.14
1395,20190121T220827Z,1J.TI3A.,"['CH1', 'CH2', 'CHZ']",2019-01-21T22:08:27.200000Z,14.14
1396,20190121T220827Z,1J.TI1A.,"['CH1', 'CH2', 'CHZ']",2019-01-21T22:08:27.200000Z,14.14
1397,20190121T220850Z,1J.TI4A.,"['CH1', 'CH2', 'CHZ']",2019-01-21T22:08:50.340000Z,14.14
1398,20190121T220850Z,1J.TI3A.,"['CH1', 'CH2', 'CHZ']",2019-01-21T22:08:50.340000Z,14.14
1399,20190121T220850Z,1J.TI1A.,"['CH1', 'CH2', 'CHZ']",2019-01-21T22:08:50.340000Z,14.14
1400,20190121T221020Z,1J.TI4A.,"['CH1', 'CH2', 'CHZ']",2019-01-21T22:10:20.870000Z,14.14
1401,20190121T221020Z,1J.TI3A.,"['CH1', 'CH2', 'CHZ']",2019-01-21T22:10:20.870000Z,14.14
1402,20190121T221020Z,1J.TI1A.,"['CH1', 'CH2', 'CHZ']",2019-01-21T22:10:20.870000Z,14.14
1403,20190121T221034Z,1J.TI4A.,"['CH1', 'CH2', 'CHZ']",2019-01-21T22:10:34.850000Z,14.14
1404,20190121T221034Z,1J.TI3A.,"['CH1', 'CH2', 'CHZ']",2019-01-21T22:10:34.850000Z,14.14
1405,20190121T221034Z,1J.TI1A.,"['CH1', 'CH2', 'CHZ']",2019-01-21T22:10:34.850000Z,14.14
1406,20190121T221115Z,1J.TI4A.,"['CH1', 'CH2', 'CHZ']",2019-01-21T22:11:15.040000Z,14.14
1407,20190121T221115Z,1J.TI3A.,"['CH1', 'CH2', 'CHZ']",2019-01-21T22:11:15.040000Z,14.14
1408,20190121T221115Z,1J.TI1A.,"['CH1', 'CH2', 'CHZ']",2019-01-21T22:11:15.040000Z,14.14
1409,20190121T221125Z,1J.TI4A.,"['CH1', 'CH2', 'CHZ']",2019-01-21T22:11:25.720000Z,14.14
1410,20190121T221125Z,1J.TI3A.,"['CH1', 'CH2', 'CHZ']",2019-01-21T22:11:25.720000Z,14.14
1411,20190121T221125Z,1J.TI1A.,"['CH1', 'CH2', 'CHZ']",2019-01-21T22:11:25.720000Z,14.14
1412,20190121T221145Z,1J.TI3A.,"['CH1', 'CH2', 'CHZ']",2019-01-21T22:11:45.340000Z,27.17
1413,20190121T221145Z,1J.TI8A.,"['CH1', 'CH2', 'CHZ']",2019-01-21T22:11:45.340000Z,27.17
1414,20190121T221145Z,1J.TI6A.,"['CH1', 'CH2', 'CHZ']",2019-01-21T22:11:45.340000Z,27.17
1415,20190121T221145Z,1J.TI1A.,"['CH1', 'CH2', 'CHZ']",2019-01-21T22:11:45.340000Z,27.17
1416,20190121T221200Z,1J.TI4A.,"['CH1', 'CH2', 'CHZ']",2019-01-21T22:12:00.830000Z,14.14
1417,20190121T221200Z,1J.TI3A.,"['CH1', 'CH2', 'CHZ']",2019-01-21T22:12:00.830000Z,14.14
1418,20190121T221200Z,1J.TI1A.,"['CH1', 'CH2', 'CHZ']",2019-01-21T22:12:00.830000Z,14.14
1419,20190121T221226Z,1J.TI4A.,"['CH1', 'CH2', 'CHZ']",2019-01-21T22:12:26.490000Z,14.14
1420,20190121T221226Z,1J.TI3A.,"['CH1', 'CH2', 'CHZ']",2019-01-21T22:12:26.490000Z,14.14
1421,20190121T221226Z,1J.TI1A.,"['CH1', 'CH2', 'CHZ']",2019-01-21T22:12:26.490000Z,14.14
1422,20190121T221256Z,1J.TI4A.,"['CH1', 'CH2', 'CHZ']",2019-01-21T22:12:56.270000Z,14.14
1423,20190121T221256Z,1J.TI3A.,"['CH1', 'CH2', 'CHZ']",2019-01-21T22:12:56.270000Z,14.14
1424,20190121T221256Z,1J.TI1A.,"['CH1', 'CH2', 'CHZ']",2019-01-21T22:12:56.270000Z,14.14
1425,20190121T221310Z,1J.TI4A.,"['CH1', 'CH2', 'CHZ']",2019-01-21T22:13:10.940000Z,14.14
1426,20190121T221310Z,1J.TI3A.,"['CH1', 'CH2', 'CHZ']",2019-01-21T22:13:10.940000Z,14.14
1427,20190121T221310Z,1J.TI1A.,"['CH1', 'CH2', 'CHZ']",2019-01-21T22:13:10.940000Z,14.14
1428,20190121T221329Z,1J.TI3A.,"['CH1', 'CH2', 'CHZ']",2019-01-21T22:13:29.750000Z,27.17
1429,20190121T221329Z,1J.TI8A.,"['CH1', 'CH2', 'CHZ']",2019-01-21T22:13:29.750000Z,27.17
1430,20190121T221329Z,1J.TI6A.,"['CH1', 'CH2', 'CHZ']",2019-01-21T22:13:29.750000Z,27.17
1431,20190121T221329Z,1J.TI1A.,"['CH1', 'CH2', 'CHZ']",2019-01-21T22:13:29.750000Z,27.17
1432,20190121T221346Z,1J.TI4A.,"['CH1', 'CH2', 'CHZ']",2019-01-21T22:13:46.770000Z,14.14
1433,20190121T221346Z,1J.TI3A.,"['CH1', 'CH2', 'CHZ']",2019-01-21T22:13:46.770000Z,14.14
1434,20190121T221346Z,1J.TI1A.,"['CH1', 'CH2', 'CHZ']",2019-01-21T22:13:46.770000Z,14.14
1435,20190121T221440Z,1J.TI4A.,"['CH1', 'CH2', 'CHZ']",2019-01-21T22:14:40.600000Z,14.14
1436,20190121T221440Z,1J.TI3A.,"['CH1', 'CH2', 'CHZ']",2019-01-21T22:14:40.600000Z,14.14
1437,20190121T221440Z,1J.TI1A.,"['CH1', 'CH2', 'CHZ']",2019-01-21T22:14:40.600000Z,14.14
1438,20190121T221454Z,1J.TI4A.,"['CH1', 'CH2', 'CHZ']",2019-01-21T22:14:54.680000Z,14.14
1439,20190121T221454Z,1J.TI3A.,"['CH1', 'CH2', 'CHZ']",2019-01-21T22:14:54.680000Z,14.14
1440,20190121T221454Z,1J.TI1A.,"['CH1', 'CH2', 'CHZ']",2019-01-21T22:14:54.680000Z,14.14
1441,20190121T221535Z,1J.TI3A.,"['CH1', 'CH2', 'CHZ']",2019-01-21T22:15:35.890000Z,27.17
1442,20190121T221535Z,1J.TI8A.,"['CH1', 'CH2', 'CHZ']",2019-01-21T22:15:35.890000Z,27.17
1443,20190121T221535Z,1J.TI6A.,"['CH1', 'CH2', 'CHZ']",2019-01-21T22:15:35.890000Z,27.17
1444,20190121T221535Z,1J.TI1A.,"['CH1', 'CH2', 'CHZ']",2019-01-21T22:15:35.890000Z,27.17
1445,20190121T221549Z,1J.TI4A.,"['CH1', 'CH2', 'CHZ']",2019-01-21T22:15:49.150000Z,14.14
1446,20190121T221549Z,1J.TI3A.,"['CH1', 'CH2', 'CHZ']",2019-01-21T22:15:49.150000Z,14.14
1447,20190121T221549Z,1J.TI1A.,"['CH1', 'CH2', 'CHZ']",2019-01-21T22:15:49.150000Z,14.14
1448,20190121T221613Z,1J.TI3A.,"['CH1', 'CH2', 'CHZ']",2019-01-21T22:16:13.320000Z,27.17
1449,20190121T221613Z,1J.TI8A.,"['CH1', 'CH2', 'CHZ']",2019-01-21T22:16:13.320000Z,27.17
1450,20190121T221613Z,1J.TI6A.,"['CH1', 'CH2', 'CHZ']",2019-01-21T22:16:13.320000Z,27.17
1451,20190121T221613Z,1J.TI1A.,"['CH1', 'CH2', 'CHZ']",2019-01-21T22:16:13.320000Z,27.17
1452,20190121T221713Z,1J.TI3A.,"['CH1', 'CH2', 'CHZ']",2019-01-21T22:17:13.810000Z,27.17
1453,20190121T221713Z,1J.TI8A.,"['CH1', 'CH2', 'CHZ']",2019-01-21T22:17:13.810000Z,27.17
1454,20190121T221713Z,1J.TI6A.,"['CH1', 'CH2', 'CHZ']",2019-01-21T22:17:13.810000Z,27.17
1455,20190121T221713Z,1J.TI1A.,"['CH1', 'CH2', 'CHZ']",2019-01-21T22:17:13.810000Z,27.17
1456,20190121T221726Z,1J.TI4A.,"['CH1', 'CH2', 'CHZ']",2019-01-21T22:17:26.470000Z,14.14
1457,20190121T221726Z,1J.TI3A.,"['CH1', 'CH2', 'CHZ']",2019-01-21T22:17:26.470000Z,14.14
1458,20190121T221726Z,1J.TI1A.,"['CH1', 'CH2', 'CHZ']",2019-01-21T22:17:26.470000Z,14.14
1459,20190121T221821Z,1J.TI3A.,"['CH1', 'CH2', 'CHZ']",2019-01-21T22:18:21.940000Z,27.17
1460,20190121T221821Z,1J.TI8A.,"['CH1', 'CH2', 'CHZ']",2019-01-21T22:18:21.940000Z,27.17
1461,20190121T221821Z,1J.TI6A.,"['CH1', 'CH2', 'CHZ']",2019-01-21T22:18:21.940000Z,27.17
1462,20190121T221821Z,1J.TI1A.,"['CH1', 'CH2', 'CHZ']",2019-01-21T22:18:21.940000Z,27.17
1463,20190121T221832Z,1J.TI4A.,"['CH1', 'CH2', 'CHZ']",2019-01-21T22:18:32.540000Z,14.14
1464,20190121T221832Z,1J.TI3A.,"['CH1', 'CH2', 'CHZ']",2019-01-21T22:18:32.540000Z,14.14
1465,20190121T221832Z,1J.TI1A.,"['CH1', 'CH2', 'CHZ']",2019-01-21T22:18:32.540000Z,14.14
1466,20190121T221849Z,1J.TI4A.,"['CH1', 'CH2', 'CHZ']",2019-01-21T22:18:49.980000Z,14.14
1467,20190121T221849Z,1J.TI3A.,"['CH1', 'CH2', 'CHZ']",2019-01-21T22:18:49.980000Z,14.14
1468,20190121T221849Z,1J.TI1A.,"['CH1', 'CH2', 'CHZ']",2019-01-21T22:18:49.980000Z,14.14
1469,20190121T221902Z,1J.TI4A.,"['CH1', 'CH2', 'CHZ']",2019-01-21T22:19:02.610000Z,14.14
1470,20190121T221902Z,1J.TI3A.,"['CH1', 'CH2', 'CHZ']",2019-01-21T22:19:02.610000Z,14.14
1471,20190121T221902Z,1J.TI1A.,"['CH1', 'CH2', 'CHZ']",2019-01-21T22:19:02.610000Z,14.14
1472,20190121T221942Z,1J.TI4A.,"['CH1', 'CH2', 'CHZ']",2019-01-21T22:19:42.090000Z,14.14
1473,20190121T221942Z,1J.TI3A.,"['CH1', 'CH2', 'CHZ']",2019-01-21T22:19:42.090000Z,14.14
1474,20190121T221942Z,1J.TI1A.,"['CH1', 'CH2', 'CHZ']",2019-01-21T22:19:42.090000Z,14.14
1475,20190121T222256Z,1J.TI4A.,"['CH1', 'CH2', 'CHZ']",2019-01-21T22:22:56.550000Z,14.14
1476,20190121T222256Z,1J.TI3A.,"['CH1', 'CH2', 'CHZ']",2019-01-21T22:22:56.550000Z,14.14
1477,20190121T222256Z,1J.TI1A.,"['CH1', 'CH2', 'CHZ']",2019-01-21T22:22:56.550000Z,14.14
1478,20190121T222307Z,1J.TI4A.,"['CH1', 'CH2', 'CHZ']",2019-01-21T22:23:07.670000Z,14.14
1479,20190121T222307Z,1J.TI3A.,"['CH1', 'CH2', 'CHZ']",2019-01-21T22:23:07.670000Z,14.14
1480,20190121T222307Z,1J.TI1A.,"['CH1', 'CH2', 'CHZ']",2019-01-21T22:23:07.670000Z,14.14
1481,20190121T222341Z,1J.TI4A.,"['CH1', 'CH2', 'CHZ']",2019-01-21T22:23:41.280000Z,14.14
1482,20190121T222341Z,1J.TI3A.,"['CH1', 'CH2', 'CHZ']",2019-01-21T22:23:41.280000Z,14.14
1483,20190121T222341Z,1J.TI1A.,"['CH1', 'CH2', 'CHZ']",2019-01-21T22:23:41.280000Z,14.14
1484,20190121T222544Z,1J.TI4A.,"['CH1', 'CH2', 'CHZ']",2019-01-21T22:25:44.140000Z,14.14
1485,20190121T222544Z,1J.TI3A.,"['CH1', 'CH2', 'CHZ']",2019-01-21T22:25:44.140000Z,14.14
1486,20190121T222544Z,1J.TI1A.,"['CH1', 'CH2', 'CHZ']",2019-01-21T22:25:44.140000Z,14.14
1487,20190121T222556Z,1J.TI4A.,"['CH1', 'CH2', 'CHZ']",2019-01-21T22:25:56.850000Z,14.14
1488,20190121T222556Z,1J.TI3A.,"['CH1', 'CH2', 'CHZ']",2019-01-21T22:25:56.850000Z,14.14
1489,20190121T222556Z,1J.TI1A.,"['CH1', 'CH2', 'CHZ']",2019-01-21T22:25:56.850000Z,14.14
1490,20190121T222619Z,1J.TI3A.,"['CH1', 'CH2', 'CHZ']",2019-01-21T22:26:19.610000Z,27.17
1491,20190121T222619Z,1J.TI8A.,"['CH1', 'CH2', 'CHZ']",2019-01-21T22:26:19.610000Z,27.17
1492,20190121T222619Z,1J.TI6A.,"['CH1', 'CH2', 'CHZ']",2019-01-21T22:26:19.610000Z,27.17
1493,20190121T222619Z,1J.TI1A.,"['CH1', 'CH2', 'CHZ']",2019-01-21T22:26:19.610000Z,27.17
1494,20190121T222641Z,1J.TI4A.,"['CH1', 'CH2', 'CHZ']",2019-01-21T22:26:41.430000Z,14.14
1495,20190121T222641Z,1J.TI3A.,"['CH1', 'CH2', 'CHZ']",2019-01-21T22:26:41.430000Z,14.14
1496,20190121T222641Z,1J.TI1A.,"['CH1', 'CH2', 'CHZ']",2019-01-21T22:26:41.430000Z,14.14
1497,20190121T222652Z,1J.TI4A.,"['CH1', 'CH2', 'CHZ']",2019-01-21T22:26:52.800000Z,14.14
1498,20190121T222652Z,1J.TI3A.,"['CH1', 'CH2', 'CHZ']",2019-01-21T22:26:52.800000Z,14.14
1499,20190121T222652Z,1J.TI1A.,"['CH1', 'CH2', 'CHZ']",2019-01-21T22:26:52.800000Z,14.14
1500,20190121T222745Z,1J.TI4A.,"['CH1', 'CH2', 'CHZ']",2019-01-21T22:27:45.350000Z,14.14
1501,20190121T222745Z,1J.TI3A.,"['CH1', 'CH2', 'CHZ']",2019-01-21T22:27:45.350000Z,14.14
1502,20190121T222745Z,1J.TI1A.,"['CH1', 'CH2', 'CHZ']",2019-01-21T22:27:45.350000Z,14.14
1503,20190121T222759Z,1J.TI4A.,"['CH1', 'CH2', 'CHZ']",2019-01-21T22:27:59.240000Z,14.14
1504,20190121T222759Z,1J.TI3A.,"['CH1', 'CH2', 'CHZ']",2019-01-21T22:27:59.240000Z,14.14
1505,20190121T222759Z,1J.TI1A.,"['CH1', 'CH2', 'CHZ']",2019-01-21T22:27:59.240000Z,14.14
1506,20190121T222835Z,1J.TI4A.,"['CH1', 'CH2', 'CHZ']",2019-01-21T22:28:35.570000Z,14.14
1507,20190121T222835Z,1J.TI3A.,"['CH1', 'CH2', 'CHZ']",2019-01-21T22:28:35.570000Z,14.14
1508,20190121T222835Z,1J.TI1A.,"['CH1', 'CH2', 'CHZ']",2019-01-21T22:28:35.570000Z,14.14
1509,20190121T222931Z,1J.TI4A.,"['CH1', 'CH2', 'CHZ']",2019-01-21T22:29:31.000000Z,14.14
1510,20190121T222931Z,1J.TI3A.,"['CH1', 'CH2', 'CHZ']",2019-01-21T22:29:31.000000Z,14.14
1511,20190121T222931Z,1J.TI1A.,"['CH1', 'CH2', 'CHZ']",2019-01-21T22:29:31.000000Z,14.14
1512,20190121T222952Z,1J.TI4A.,"['CH1', 'CH2', 'CHZ']",2019-01-21T22:29:52.680000Z,14.14
1513,20190121T222952Z,1J.TI3A.,"['CH1', 'CH2', 'CHZ']",2019-01-21T22:29:52.680000Z,14.14
1514,20190121T222952Z,1J.TI1A.,"['CH1', 'CH2', 'CHZ']",2019-01-21T22:29:52.680000Z,14.14
1515,20190121T223004Z,1J.TI4A.,"['CH1', 'CH2', 'CHZ']",2019-01-21T22:30:04.130000Z,14.14
1516,20190121T223004Z,1J.TI3A.,"['CH1', 'CH2', 'CHZ']",2019-01-21T22:30:04.130000Z,14.14
1517,20190121T223004Z,1J.TI1A.,"['CH1', 'CH2', 'CHZ']",2019-01-21T22:30:04.130000Z,14.14
1518,20190121T223029Z,1J.TI4A.,"['CH1', 'CH2', 'CHZ']",2019-01-21T22:30:29.900000Z,14.14
1519,20190121T223029Z,1J.TI3A.,"['CH1', 'CH2', 'CHZ']",2019-01-21T22:30:29.900000Z,14.14
1520,20190121T223029Z,1J.TI1A.,"['CH1', 'CH2', 'CHZ']",2019-01-21T22:30:29.900000Z,14.14
1521,20190121T223053Z,1J.TI4A.,"['CH1', 'CH2', 'CHZ']",2019-01-21T22:30:53.650000Z,14.14
1522,20190121T223053Z,1J.TI3A.,"['CH1', 'CH2', 'CHZ']",2019-01-21T22:30:53.650000Z,14.14
1523,20190121T223053Z,1J.TI1A.,"['CH1', 'CH2', 'CHZ']",2019-01-21T22:30:53.650000Z,14.14
1524,20190121T223109Z,1J.TI4A.,"['CH1', 'CH2', 'CHZ']",2019-01-21T22:31:09.890000Z,14.14
1525,20190121T223109Z,1J.TI3A.,"['CH1', 'CH2', 'CHZ']",2019-01-21T22:31:09.890000Z,14.14
1526,20190121T223109Z,1J.TI1A.,"['CH1', 'CH2', 'CHZ']",2019-01-21T22:31:09.890000Z,14.14
1527,20190121T223137Z,1J.TI4A.,"['CH1', 'CH2', 'CHZ']",2019-01-21T22:31:37.100000Z,14.14
1528,20190121T223137Z,1J.TI3A.,"['CH1', 'CH2', 'CHZ']",2019-01-21T22:31:37.100000Z,14.14
1529,20190121T223137Z,1J.TI1A.,"['CH1', 'CH2', 'CHZ']",2019-01-21T22:31:37.100000Z,14.14
1530,20190121T223155Z,1J.TI4A.,"['CH1', 'CH2', 'CHZ']",2019-01-21T22:31:55.110000Z,14.14
1531,20190121T223155Z,1J.TI3A.,"['CH1', 'CH2', 'CHZ']",2019-01-21T22:31:55.110000Z,14.14
1532,20190121T223155Z,1J.TI1A.,"['CH1', 'CH2', 'CHZ']",2019-01-21T22:31:55.110000Z,14.14
1533,20190121T223237Z,1J.TI4A.,"['CH1', 'CH2', 'CHZ']",2019-01-21T22:32:37.170000Z,14.14
1534,20190121T223237Z,1J.TI3A.,"['CH1', 'CH2', 'CHZ']",2019-01-21T22:32:37.170000Z,14.14
1535,20190121T223237Z,1J.TI1A.,"['CH1', 'CH2', 'CHZ']",2019-01-21T22:32:37.170000Z,14.14
1536,20190121T223258Z,1J.TI4A.,"['CH1', 'CH2', 'CHZ']",2019-01-21T22:32:58.880000Z,14.14
1537,20190121T223258Z,1J.TI3A.,"['CH1', 'CH2', 'CHZ']",2019-01-21T22:32:58.880000Z,14.14
1538,20190121T223258Z,1J.TI1A.,"['CH1', 'CH2', 'CHZ']",2019-01-21T22:32:58.880000Z,14.14
1539,20190121T223325Z,1J.TI4A.,"['CH1', 'CH2', 'CHZ']",2019-01-21T22:33:25.430000Z,14.14
1540,20190121T223325Z,1J.TI3A.,"['CH1', 'CH2', 'CHZ']",2019-01-21T22:33:25.430000Z,14.14
1541,20190121T223325Z,1J.TI1A.,"['CH1', 'CH2', 'CHZ']",2019-01-21T22:33:25.430000Z,14.14
1542,20190121T223408Z,1J.TI4A.,"['CH1', 'CH2', 'CHZ']",2019-01-21T22:34:08.240000Z,14.14
1543,20190121T223408Z,1J.TI3A.,"['CH1', 'CH2', 'CHZ']",2019-01-21T22:34:08.240000Z,14.14
1544,20190121T223408Z,1J.TI1A.,"['CH1', 'CH2', 'CHZ']",2019-01-21T22:34:08.240000Z,14.14
1545,20190121T223420Z,1J.TI4A.,"['CH1', 'CH2', 'CHZ']",2019-01-21T22:34:20.070000Z,14.14
1546,20190121T223420Z,1J.TI3A.,"['CH1', 'CH2', 'CHZ']",2019-01-21T22:34:20.070000Z,14.14
1547,20190121T223420Z,1J.TI1A.,"['CH1', 'CH2', 'CHZ']",2019-01-21T22:34:20.070000Z,14.14
1548,20190121T223511Z,1J.TI4A.,"['CH1', 'CH2', 'CHZ']",2019-01-21T22:35:11.790000Z,14.14
1549,20190121T223511Z,1J.TI3A.,"['CH1', 'CH2', 'CHZ']",2019-01-21T22:35:11.790000Z,14.14
1550,20190121T223511Z,1J.TI1A.,"['CH1', 'CH2', 'CHZ']",2019-01-21T22:35:11.790000Z,14.14
1551,20190121T223534Z,1J.TI4A.,"['CH1', 'CH2', 'CHZ']",2019-01-21T22:35:34.020000Z,14.14
1552,20190121T223534Z,1J.TI3A.,"['CH1', 'CH2', 'CHZ']",2019-01-21T22:35:34.020000Z,14.14
1553,20190121T223534Z,1J.TI1A.,"['CH1', 'CH2', 'CHZ']",2019-01-21T22:35:34.020000Z,14.14
1554,20190121T223556Z,1J.TI4A.,"['CH1', 'CH2', 'CHZ']",2019-01-21T22:35:56.830000Z,14.14
1555,20190121T223556Z,1J.TI3A.,"['CH1', 'CH2', 'CHZ']",2019-01-21T22:35:56.830000Z,14.14
1556,20190121T223556Z,1J.TI1A.,"['CH1', 'CH2', 'CHZ']",2019-01-21T22:35:56.830000Z,14.14
1557,20190121T223651Z,1J.TI4A.,"['CH1', 'CH2', 'CHZ']",2019-01-21T22:36:51.680000Z,14.14
1558,20190121T223651Z,1J.TI3A.,"['CH1', 'CH2', 'CHZ']",2019-01-21T22:36:51.680000Z,14.14
1559,20190121T223651Z,1J.TI1A.,"['CH1', 'CH2', 'CHZ']",2019-01-21T22:36:51.680000Z,14.14
1560,20190121T223742Z,1J.TI4A.,"['CH1', 'CH2', 'CHZ']",2019-01-21T22:37:42.600000Z,14.14
1561,20190121T223742Z,1J.TI3A.,"['CH1', 'CH2', 'CHZ']",2019-01-21T22:37:42.600000Z,14.14
1562,20190121T223742Z,1J.TI1A.,"['CH1', 'CH2', 'CHZ']",2019-01-21T22:37:42.600000Z,14.14
1563,20190121T223759Z,1J.TI4A.,"['CH1', 'CH2', 'CHZ']",2019-01-21T22:37:59.420000Z,14.14
1564,20190121T223759Z,1J.TI3A.,"['CH1', 'CH2', 'CHZ']",2019-01-21T22:37:59.420000Z,14.14
1565,20190121T223759Z,1J.TI1A.,"['CH1', 'CH2', 'CHZ']",2019-01-21T22:37:59.420000Z,14.14
1566,20190121T223832Z,1J.TI3A.,"['CH1', 'CH2', 'CHZ']",2019-01-21T22:38:32.070000Z,27.17
1567,20190121T223832Z,1J.TI8A.,"['CH1', 'CH2', 'CHZ']",2019-01-21T22:38:32.070000Z,27.17
1568,20190121T223832Z,1J.TI6A.,"['CH1', 'CH2', 'CHZ']",2019-01-21T22:38:32.070000Z,27.17
1569,20190121T223832Z,1J.TI1A.,"['CH1', 'CH2', 'CHZ']",2019-01-21T22:38:32.070000Z,27.17
1570,20190121T223842Z,1J.TI4A.,"['CH1', 'CH2', 'CHZ']",2019-01-21T22:38:42.180000Z,14.14
1571,20190121T223842Z,1J.TI3A.,"['CH1', 'CH2', 'CHZ']",2019-01-21T22:38:42.180000Z,14.14
1572,20190121T223842Z,1J.TI1A.,"['CH1', 'CH2', 'CHZ']",2019-01-21T22:38:42.180000Z,14.14
1573,20190121T223916Z,1J.TI3A.,"['CH1', 'CH2', 'CHZ']",2019-01-21T22:39:16.200000Z,2.13
1574,20190121T224158Z,1J.TI4A.,"['CH1', 'CH2', 'CHZ']",2019-01-21T22:41:58.070000Z,14.14
1575,20190121T224158Z,1J.TI3A.,"['CH1', 'CH2', 'CHZ']",2019-01-21T22:41:58.070000Z,14.14
1576,20190121T224158Z,1J.TI1A.,"['CH1', 'CH2', 'CHZ']",2019-01-21T22:41:58.070000Z,14.14
1577,20190121T224240Z,1J.TI4A.,"['CH1', 'CH2', 'CHZ']",2019-01-21T22:42:40.130000Z,14.14
1578,20190121T224240Z,1J.TI3A.,"['CH1', 'CH2', 'CHZ']",2019-01-21T22:42:40.130000Z,14.14
1579,20190121T224240Z,1J.TI1A.,"['CH1', 'CH2', 'CHZ']",2019-01-21T22:42:40.130000Z,14.14
1580,20190121T224313Z,1J.TI4A.,"['CH1', 'CH2', 'CHZ']",2019-01-21T22:43:13.710000Z,14.14
1581,20190121T224313Z,1J.TI3A.,"['CH1', 'CH2', 'CHZ']",2019-01-21T22:43:13.710000Z,14.14
1582,20190121T224313Z,1J.TI1A.,"['CH1', 'CH2', 'CHZ']",2019-01-21T22:43:13.710000Z,14.14
1583,20190121T224412Z,1J.TI4A.,"['CH1', 'CH2', 'CHZ']",2019-01-21T22:44:12.040000Z,14.14
1584,20190121T224412Z,1J.TI3A.,"['CH1', 'CH2', 'CHZ']",2019-01-21T22:44:12.040000Z,14.14
1585,20190121T224412Z,1J.TI1A.,"['CH1', 'CH2', 'CHZ']",2019-01-21T22:44:12.040000Z,14.14
1586,20190121T224437Z,1J.TI4A.,"['CH1', 'CH2', 'CHZ']",2019-01-21T22:44:37.650000Z,14.14
1587,20190121T224437Z,1J.TI3A.,"['CH1', 'CH2', 'CHZ']",2019-01-21T22:44:37.650000Z,14.14
1588,20190121T224437Z,1J.TI1A.,"['CH1', 'CH2', 'CHZ']",2019-01-21T22:44:37.650000Z,14.14
1589,20190121T224548Z,1J.TI4A.,"['CH1', 'CH2', 'CHZ']",2019-01-21T22:45:48.980000Z,14.14
1590,20190121T224548Z,1J.TI3A.,"['CH1', 'CH2', 'CHZ']",2019-01-21T22:45:48.980000Z,14.14
1591,20190121T224548Z,1J.TI1A.,"['CH1', 'CH2', 'CHZ']",2019-01-21T22:45:48.980000Z,14.14
1592,20190121T224609Z,1J.TI4A.,"['CH1', 'CH2', 'CHZ']",2019-01-21T22:46:09.440000Z,14.14
1593,20190121T224609Z,1J.TI3A.,"['CH1', 'CH2', 'CHZ']",2019-01-21T22:46:09.440000Z,14.14
1594,20190121T224609Z,1J.TI1A.,"['CH1', 'CH2', 'CHZ']",2019-01-21T22:46:09.440000Z,14.14
1595,20190121T224630Z,1J.TI4A.,"['CH1', 'CH2', 'CHZ']",2019-01-21T22:46:30.500000Z,14.14
1596,20190121T224630Z,1J.TI3A.,"['CH1', 'CH2', 'CHZ']",2019-01-21T22:46:30.500000Z,14.14
1597,20190121T224630Z,1J.TI1A.,"['CH1', 'CH2', 'CHZ']",2019-01-21T22:46:30.500000Z,14.14
1598,20190121T224643Z,1J.TI4A.,"['CH1', 'CH2', 'CHZ']",2019-01-21T22:46:43.120000Z,14.14
1599,20190121T224643Z,1J.TI3A.,"['CH1', 'CH2', 'CHZ']",2019-01-21T22:46:43.120000Z,14.14
1600,20190121T224643Z,1J.TI1A.,"['CH1', 'CH2', 'CHZ']",2019-01-21T22:46:43.120000Z,14.14
1601,20190121T224711Z,1J.TI4A.,"['CH1', 'CH2', 'CHZ']",2019-01-21T22:47:11.660000Z,14.14
1602,20190121T224711Z,1J.TI3A.,"['CH1', 'CH2', 'CHZ']",2019-01-21T22:47:11.660000Z,14.14
1603,20190121T224711Z,1J.TI1A.,"['CH1', 'CH2', 'CHZ']",2019-01-21T22:47:11.660000Z,14.14
1604,20190121T224731Z,1J.TI4A.,"['CH1', 'CH2', 'CHZ']",2019-01-21T22:47:31.680000Z,14.14
1605,20190121T224731Z,1J.TI3A.,"['CH1', 'CH2', 'CHZ']",2019-01-21T22:47:31.680000Z,14.14
1606,20190121T224731Z,1J.TI1A.,"['CH1', 'CH2', 'CHZ']",2019-01-21T22:47:31.680000Z,14.14
1607,20190121T224750Z,1J.TI3A.,"['CH1', 'CH2', 'CHZ']",2019-01-21T22:47:50.520000Z,27.17
1608,20190121T224750Z,1J.TI8A.,"['CH1', 'CH2', 'CHZ']",2019-01-21T22:47:50.520000Z,27.17
1609,20190121T224750Z,1J.TI6A.,"['CH1', 'CH2', 'CHZ']",2019-01-21T22:47:50.520000Z,27.17
1610,20190121T224750Z,1J.TI1A.,"['CH1', 'CH2', 'CHZ']",2019-01-21T22:47:50.520000Z,27.17
1611,20190121T224854Z,1J.TI4A.,"['CH1', 'CH2', 'CHZ']",2019-01-21T22:48:54.500000Z,14.14
1612,20190121T224854Z,1J.TI3A.,"['CH1', 'CH2', 'CHZ']",2019-01-21T22:48:54.500000Z,14.14
1613,20190121T224854Z,1J.TI1A.,"['CH1', 'CH2', 'CHZ']",2019-01-21T22:48:54.500000Z,14.14
1614,20190121T224956Z,1J.TI4A.,"['CH1', 'CH2', 'CHZ']",2019-01-21T22:49:56.290000Z,14.14
1615,20190121T224956Z,1J.TI3A.,"['CH1', 'CH2', 'CHZ']",2019-01-21T22:49:56.290000Z,14.14
1616,20190121T224956Z,1J.TI1A.,"['CH1', 'CH2', 'CHZ']",2019-01-21T22:49:56.290000Z,14.14
1617,20190121T225015Z,1J.TI4A.,"['CH1', 'CH2', 'CHZ']",2019-01-21T22:50:15.170000Z,14.14
1618,20190121T225015Z,1J.TI3A.,"['CH1', 'CH2', 'CHZ']",2019-01-21T22:50:15.170000Z,14.14
1619,20190121T225015Z,1J.TI1A.,"['CH1', 'CH2', 'CHZ']",2019-01-21T22:50:15.170000Z,14.14
1620,20190121T225118Z,1J.TI4A.,"['CH1', 'CH2', 'CHZ']",2019-01-21T22:51:18.080000Z,14.14
1621,20190121T225118Z,1J.TI3A.,"['CH1', 'CH2', 'CHZ']",2019-01-21T22:51:18.080000Z,14.14
1622,20190121T225118Z,1J.TI1A.,"['CH1', 'CH2', 'CHZ']",2019-01-21T22:51:18.080000Z,14.14
1623,20190121T225144Z,1J.TI3A.,"['CH1', 'CH2', 'CHZ']",2019-01-21T22:51:44.500000Z,27.17
1624,20190121T225144Z,1J.TI8A.,"['CH1', 'CH2', 'CHZ']",2019-01-21T22:51:44.500000Z,27.17
1625,20190121T225144Z,1J.TI6A.,"['CH1', 'CH2', 'CHZ']",2019-01-21T22:51:44.500000Z,27.17
1626,20190121T225144Z,1J.TI1A.,"['CH1', 'CH2', 'CHZ']",2019-01-21T22:51:44.500000Z,27.17
1627,20190121T225201Z,1J.TI4A.,"['CH1', 'CH2', 'CHZ']",2019-01-21T22:52:01.980000Z,14.14
1628,20190121T225201Z,1J.TI3A.,"['CH1', 'CH2', 'CHZ']",2019-01-21T22:52:01.980000Z,14.14
1629,20190121T225201Z,1J.TI1A.,"['CH1', 'CH2', 'CHZ']",2019-01-21T22:52:01.980000Z,14.14
1630,20190121T225234Z,1J.TI4A.,"['CH1', 'CH2', 'CHZ']",2019-01-21T22:52:34.300000Z,14.14
1631,20190121T225234Z,1J.TI3A.,"['CH1', 'CH2', 'CHZ']",2019-01-21T22:52:34.300000Z,14.14
1632,20190121T225234Z,1J.TI1A.,"['CH1', 'CH2', 'CHZ']",2019-01-21T22:52:34.300000Z,14.14
1633,20190121T225245Z,1J.TI4A.,"['CH1', 'CH2', 'CHZ']",2019-01-21T22:52:45.350000Z,14.14
1634,20190121T225245Z,1J.TI3A.,"['CH1', 'CH2', 'CHZ']",2019-01-21T22:52:45.350000Z,14.14
1635,20190121T225245Z,1J.TI1A.,"['CH1', 'CH2', 'CHZ']",2019-01-21T22:52:45.350000Z,14.14
1636,20190121T225443Z,1J.TI4A.,"['CH1', 'CH2', 'CHZ']",2019-01-21T22:54:43.520000Z,14.14
1637,20190121T225443Z,1J.TI3A.,"['CH1', 'CH2', 'CHZ']",2019-01-21T22:54:43.520000Z,14.14
1638,20190121T225443Z,1J.TI1A.,"['CH1', 'CH2', 'CHZ']",2019-01-21T22:54:43.520000Z,14.14
1639,20190121T225620Z,1J.TI3A.,"['CH1', 'CH2', 'CHZ']",2019-01-21T22:56:20.080000Z,27.17
1640,20190121T225620Z,1J.TI8A.,"['CH1', 'CH2', 'CHZ']",2019-01-21T22:56:20.080000Z,27.17
1641,20190121T225620Z,1J.TI6A.,"['CH1', 'CH2', 'CHZ']",2019-01-21T22:56:20.080000Z,27.17
1642,20190121T225620Z,1J.TI1A.,"['CH1', 'CH2', 'CHZ']",2019-01-21T22:56:20.080000Z,27.17
1643,20190121T225756Z,1J.TI3A.,"['CH1', 'CH2', 'CHZ']",2019-01-21T22:57:56.710000Z,27.17
1644,20190121T225756Z,1J.TI8A.,"['CH1', 'CH2', 'CHZ']",2019-01-21T22:57:56.710000Z,27.17
1645,20190121T225756Z,1J.TI6A.,"['CH1', 'CH2', 'CHZ']",2019-01-21T22:57:56.710000Z,27.17
1646,20190121T225756Z,1J.TI1A.,"['CH1', 'CH2', 'CHZ']",2019-01-21T22:57:56.710000Z,27.17
1647,20190121T225818Z,1J.TI4A.,"['CH1', 'CH2', 'CHZ']",2019-01-21T22:58:18.730000Z,14.14
1648,20190121T225818Z,1J.TI3A.,"['CH1', 'CH2', 'CHZ']",2019-01-21T22:58:18.730000Z,14.14
1649,20190121T225818Z,1J.TI1A.,"['CH1', 'CH2', 'CHZ']",2019-01-21T22:58:18.730000Z,14.14
1650,20190121T225847Z,1J.TI4A.,"['CH1', 'CH2', 'CHZ']",2019-01-21T22:58:47.000000Z,14.14
1651,20190121T225847Z,1J.TI3A.,"['CH1', 'CH2', 'CHZ']",2019-01-21T22:58:47.000000Z,14.14
1652,20190121T225847Z,1J.TI1A.,"['CH1', 'CH2', 'CHZ']",2019-01-21T22:58:47.000000Z,14.14
1653,20190121T225929Z,1J.TI4A.,"['CH1', 'CH2', 'CHZ']",2019-01-21T22:59:29.490000Z,14.14
1654,20190121T225929Z,1J.TI3A.,"['CH1', 'CH2', 'CHZ']",2019-01-21T22:59:29.490000Z,14.14
1655,20190121T225929Z,1J.TI1A.,"['CH1', 'CH2', 'CHZ']",2019-01-21T22:59:29.490000Z,14.14
1656,20190121T225955Z,1J.TI4A.,"['CH1', 'CH2', 'CHZ']",2019-01-21T22:59:55.490000Z,14.14
1657,20190121T225955Z,1J.TI3A.,"['CH1', 'CH2', 'CHZ']",2019-01-21T22:59:55.490000Z,14.14
1658,20190121T225955Z,1J.TI1A.,"['CH1', 'CH2', 'CHZ']",2019-01-21T22:59:55.490000Z,14.14
1659,20190121T230100Z,1J.TI4A.,"['CH1', 'CH2', 'CHZ']",2019-01-21T23:01:00.640000Z,14.14
1660,20190121T230100Z,1J.TI3A.,"['CH1', 'CH2', 'CHZ']",2019-01-21T23:01:00.640000Z,14.14
1661,20190121T230100Z,1J.TI1A.,"['CH1', 'CH2', 'CHZ']",2019-01-21T23:01:00.640000Z,14.14
1662,20190121T230112Z,1J.TI4A.,"['CH1', 'CH2', 'CHZ']",2019-01-21T23:01:12.340000Z,14.14
1663,20190121T230112Z,1J.TI3A.,"['CH1', 'CH2', 'CHZ']",2019-01-21T23:01:12.340000Z,14.14
1664,20190121T230112Z,1J.TI1A.,"['CH1', 'CH2', 'CHZ']",2019-01-21T23:01:12.340000Z,14.14
1665,20190121T230152Z,1J.TI4A.,"['CH1', 'CH2', 'CHZ']",2019-01-21T23:01:52.900000Z,14.14
1666,20190121T230152Z,1J.TI3A.,"['CH1', 'CH2', 'CHZ']",2019-01-21T23:01:52.900000Z,14.14
1667,20190121T230152Z,1J.TI1A.,"['CH1', 'CH2', 'CHZ']",2019-01-21T23:01:52.900000Z,14.14
1668,20190121T230235Z,1J.TI4A.,"['CH1', 'CH2', 'CHZ']",2019-01-21T23:02:35.660000Z,14.14
1669,20190121T230235Z,1J.TI3A.,"['CH1', 'CH2', 'CHZ']",2019-01-21T23:02:35.660000Z,14.14
1670,20190121T230235Z,1J.TI1A.,"['CH1', 'CH2', 'CHZ']",2019-01-21T23:02:35.660000Z,14.14
1671,20190121T230414Z,1J.TI4A.,"['CH1', 'CH2', 'CHZ']",2019-01-21T23:04:14.230000Z,14.14
1672,20190121T230414Z,1J.TI3A.,"['CH1', 'CH2', 'CHZ']",2019-01-21T23:04:14.230000Z,14.14
1673,20190121T230414Z,1J.TI1A.,"['CH1', 'CH2', 'CHZ']",2019-01-21T23:04:14.230000Z,14.14
1674,20190121T230619Z,1J.TI4A.,"['CH1', 'CH2', 'CHZ']",2019-01-21T23:06:19.300000Z,14.14
1675,20190121T230619Z,1J.TI3A.,"['CH1', 'CH2', 'CHZ']",2019-01-21T23:06:19.300000Z,14.14
1676,20190121T230619Z,1J.TI1A.,"['CH1', 'CH2', 'CHZ']",2019-01-21T23:06:19.300000Z,14.14
1677,20190121T230701Z,1J.TI4A.,"['CH1', 'CH2', 'CHZ']",2019-01-21T23:07:01.280000Z,14.14
1678,20190121T230701Z,1J.TI3A.,"['CH1', 'CH2', 'CHZ']",2019-01-21T23:07:01.280000Z,14.14
1679,20190121T230701Z,1J.TI1A.,"['CH1', 'CH2', 'CHZ']",2019-01-21T23:07:01.280000Z,14.14
1680,20190121T230827Z,1J.TI4A.,"['CH1', 'CH2', 'CHZ']",2019-01-21T23:08:27.010000Z,14.14
1681,20190121T230827Z,1J.TI3A.,"['CH1', 'CH2', 'CHZ']",2019-01-21T23:08:27.010000Z,14.14
1682,20190121T230827Z,1J.TI1A.,"['CH1', 'CH2', 'CHZ']",2019-01-21T23:08:27.010000Z,14.14
1683,20190121T230929Z,1J.TI4A.,"['CH1', 'CH2', 'CHZ']",2019-01-21T23:09:29.840000Z,14.14
1684,20190121T230929Z,1J.TI3A.,"['CH1', 'CH2', 'CHZ']",2019-01-21T23:09:29.840000Z,14.14
1685,20190121T230929Z,1J.TI1A.,"['CH1', 'CH2', 'CHZ']",2019-01-21T23:09:29.840000Z,14.14
1686,20190121T230957Z,1J.TI4A.,"['CH1', 'CH2', 'CHZ']",2019-01-21T23:09:57.960000Z,14.14
1687,20190121T230957Z,1J.TI3A.,"['CH1', 'CH2', 'CHZ']",2019-01-21T23:09:57.960000Z,14.14
1688,20190121T230957Z,1J.TI1A.,"['CH1', 'CH2', 'CHZ']",2019-01-21T23:09:57.960000Z,14.14
1689,20190121T231011Z,1J.TI4A.,"['CH1', 'CH2', 'CHZ']",2019-01-21T23:10:11.260000Z,14.14
1690,20190121T231011Z,1J.TI3A.,"['CH1', 'CH2', 'CHZ']",2019-01-21T23:10:11.260000Z,14.14
1691,20190121T231011Z,1J.TI1A.,"['CH1', 'CH2', 'CHZ']",2019-01-21T23:10:11.260000Z,14.14
1692,20190121T231138Z,1J.TI4A.,"['CH1', 'CH2', 'CHZ']",2019-01-21T23:11:38.900000Z,14.14
1693,20190121T231138Z,1J.TI3A.,"['CH1', 'CH2', 'CHZ']",2019-01-21T23:11:38.900000Z,14.14
1694,20190121T231138Z,1J.TI1A.,"['CH1', 'CH2', 'CHZ']",2019-01-21T23:11:38.900000Z,14.14
1695,20190121T231416Z,1J.TI4A.,"['CH1', 'CH2', 'CHZ']",2019-01-21T23:14:16.230000Z,14.14
1696,20190121T231416Z,1J.TI3A.,"['CH1', 'CH2', 'CHZ']",2019-01-21T23:14:16.230000Z,14.14
1697,20190121T231416Z,1J.TI1A.,"['CH1', 'CH2', 'CHZ']",2019-01-21T23:14:16.230000Z,14.14
1698,20190121T231503Z,1J.TI4A.,"['CH1', 'CH2', 'CHZ']",2019-01-21T23:15:03.450000Z,14.14
1699,20190121T231503Z,1J.TI3A.,"['CH1', 'CH2', 'CHZ']",2019-01-21T23:15:03.450000Z,14.14
1700,20190121T231503Z,1J.TI1A.,"['CH1', 'CH2', 'CHZ']",2019-01-21T23:15:03.450000Z,14.14
1701,20190121T231702Z,1J.TI4A.,"['CH1', 'CH2', 'CHZ']",2019-01-21T23:17:02.970000Z,14.14
1702,20190121T231702Z,1J.TI3A.,"['CH1', 'CH2', 'CHZ']",2019-01-21T23:17:02.970000Z,14.14
1703,20190121T231702Z,1J.TI1A.,"['CH1', 'CH2', 'CHZ']",2019-01-21T23:17:02.970000Z,14.14
1704,20190121T231746Z,1J.TI4A.,"['CH1', 'CH2', 'CHZ']",2019-01-21T23:17:46.970000Z,14.14
1705,20190121T231746Z,1J.TI3A.,"['CH1', 'CH2', 'CHZ']",2019-01-21T23:17:46.970000Z,14.14
1706,20190121T231746Z,1J.TI1A.,"['CH1', 'CH2', 'CHZ']",2019-01-21T23:17:46.970000Z,14.14
1707,20190121T231940Z,1J.TI4A.,"['CH1', 'CH2', 'CHZ']",2019-01-21T23:19:40.920000Z,14.14
1708,20190121T231940Z,1J.TI3A.,"['CH1', 'CH2', 'CHZ']",2019-01-21T23:19:40.920000Z,14.14
1709,20190121T231940Z,1J.TI1A.,"['CH1', 'CH2', 'CHZ']",2019-01-21T23:19:40.920000Z,14.14
1710,20190121T231956Z,1J.TI4A.,"['CH1', 'CH2', 'CHZ']",2019-01-21T23:19:56.340000Z,14.14
1711,20190121T231956Z,1J.TI3A.,"['CH1', 'CH2', 'CHZ']",2019-01-21T23:19:56.340000Z,14.14
1712,20190121T231956Z,1J.TI1A.,"['CH1', 'CH2', 'CHZ']",2019-01-21T23:19:56.340000Z,14.14
1713,20190121T232026Z,1J.TI4A.,"['CH1', 'CH2', 'CHZ']",2019-01-21T23:20:26.890000Z,14.14
1714,20190121T232026Z,1J.TI3A.,"['CH1', 'CH2', 'CHZ']",2019-01-21T23:20:26.890000Z,14.14
1715,20190121T232026Z,1J.TI1A.,"['CH1', 'CH2', 'CHZ']",2019-01-21T23:20:26.890000Z,14.14
1716,20190121T232138Z,1J.TI4A.,"['CH1', 'CH2', 'CHZ']",2019-01-21T23:21:38.190000Z,14.14
1717,20190121T232138Z,1J.TI3A.,"['CH1', 'CH2', 'CHZ']",2019-01-21T23:21:38.190000Z,14.14
1718,20190121T232138Z,1J.TI1A.,"['CH1', 'CH2', 'CHZ']",2019-01-21T23:21:38.190000Z,14.14
1719,20190121T232317Z,1J.TI3A.,"['CH1', 'CH2', 'CHZ']",2019-01-21T23:23:17.720000Z,2.13
1720,20190121T232337Z,1J.TI4A.,"['CH1', 'CH2', 'CHZ']",2019-01-21T23:23:37.890000Z,14.14
1721,20190121T232337Z,1J.TI3A.,"['CH1', 'CH2', 'CHZ']",2019-01-21T23:23:37.890000Z,14.14
1722,20190121T232337Z,1J.TI1A.,"['CH1', 'CH2', 'CHZ']",2019-01-21T23:23:37.890000Z,14.14
1723,20190121T232428Z,1J.TI3A.,"['CH1', 'CH2', 'CHZ']",2019-01-21T23:24:28.410000Z,27.17
1724,20190121T232428Z,1J.TI8A.,"['CH1', 'CH2', 'CHZ']",2019-01-21T23:24:28.410000Z,27.17
1725,20190121T232428Z,1J.TI6A.,"['CH1', 'CH2', 'CHZ']",2019-01-21T23:24:28.410000Z,27.17
1726,20190121T232428Z,1J.TI1A.,"['CH1', 'CH2', 'CHZ']",2019-01-21T23:24:28.410000Z,27.17
1727,20190121T232442Z,1J.TI3A.,"['CH1', 'CH2', 'CHZ']",2019-01-21T23:24:42.480000Z,23.96
1728,20190121T232442Z,1J.TI8A.,"['CH1', 'CH2', 'CHZ']",2019-01-21T23:24:42.480000Z,23.96
1729,20190121T232542Z,1J.TI4A.,"['CH1', 'CH2', 'CHZ']",2019-01-21T23:25:42.910000Z,14.14
1730,20190121T232542Z,1J.TI3A.,"['CH1', 'CH2', 'CHZ']",2019-01-21T23:25:42.910000Z,14.14
1731,20190121T232542Z,1J.TI1A.,"['CH1', 'CH2', 'CHZ']",2019-01-21T23:25:42.910000Z,14.14
1732,20190121T232708Z,1J.TI4A.,"['CH1', 'CH2', 'CHZ']",2019-01-21T23:27:08.740000Z,14.14
1733,20190121T232708Z,1J.TI3A.,"['CH1', 'CH2', 'CHZ']",2019-01-21T23:27:08.740000Z,14.14
1734,20190121T232708Z,1J.TI1A.,"['CH1', 'CH2', 'CHZ']",2019-01-21T23:27:08.740000Z,14.14
1735,20190121T232755Z,1J.TI4A.,"['CH1', 'CH2', 'CHZ']",2019-01-21T23:27:55.450000Z,14.14
1736,20190121T232755Z,1J.TI3A.,"['CH1', 'CH2', 'CHZ']",2019-01-21T23:27:55.450000Z,14.14
1737,20190121T232755Z,1J.TI1A.,"['CH1', 'CH2', 'CHZ']",2019-01-21T23:27:55.450000Z,14.14
1738,20190121T232829Z,1J.TI4A.,"['CH1', 'CH2', 'CHZ']",2019-01-21T23:28:29.880000Z,14.14
1739,20190121T232829Z,1J.TI3A.,"['CH1', 'CH2', 'CHZ']",2019-01-21T23:28:29.880000Z,14.14
1740,20190121T232829Z,1J.TI1A.,"['CH1', 'CH2', 'CHZ']",2019-01-21T23:28:29.880000Z,14.14
1741,20190121T232844Z,1J.TI4A.,"['CH1', 'CH2', 'CHZ']",2019-01-21T23:28:44.440000Z,14.14
1742,20190121T232844Z,1J.TI3A.,"['CH1', 'CH2', 'CHZ']",2019-01-21T23:28:44.440000Z,14.14
1743,20190121T232844Z,1J.TI1A.,"['CH1', 'CH2', 'CHZ']",2019-01-21T23:28:44.440000Z,14.14
1744,20190121T232856Z,1J.TI4A.,"['CH1', 'CH2', 'CHZ']",2019-01-21T23:28:56.880000Z,14.14
1745,20190121T232856Z,1J.TI3A.,"['CH1', 'CH2', 'CHZ']",2019-01-21T23:28:56.880000Z,14.14
1746,20190121T232856Z,1J.TI1A.,"['CH1', 'CH2', 'CHZ']",2019-01-21T23:28:56.880000Z,14.14
1747,20190121T233159Z,1J.TI4A.,"['CH1', 'CH2', 'CHZ']",2019-01-21T23:31:59.790000Z,14.14
1748,20190121T233159Z,1J.TI3A.,"['CH1', 'CH2', 'CHZ']",2019-01-21T23:31:59.790000Z,14.14
1749,20190121T233159Z,1J.TI1A.,"['CH1', 'CH2', 'CHZ']",2019-01-21T23:31:59.790000Z,14.14
1750,20190121T233228Z,1J.TI4A.,"['CH1', 'CH2', 'CHZ']",2019-01-21T23:32:28.530000Z,14.14
1751,20190121T233228Z,1J.TI3A.,"['CH1', 'CH2', 'CHZ']",2019-01-21T23:32:28.530000Z,14.14
1752,20190121T233228Z,1J.TI1A.,"['CH1', 'CH2', 'CHZ']",2019-01-21T23:32:28.530000Z,14.14
1753,20190121T233239Z,1J.TI4A.,"['CH1', 'CH2', 'CHZ']",2019-01-21T23:32:39.970000Z,14.14
1754,20190121T233239Z,1J.TI3A.,"['CH1', 'CH2', 'CHZ']",2019-01-21T23:32:39.970000Z,14.14
1755,20190121T233239Z,1J.TI1A.,"['CH1', 'CH2', 'CHZ']",2019-01-21T23:32:39.970000Z,14.14
1756,20190121T233318Z,1J.TI3A.,"['CH1', 'CH2', 'CHZ']",2019-01-21T23:33:18.990000Z,27.17
1757,20190121T233318Z,1J.TI8A.,"['CH1', 'CH2', 'CHZ']",2019-01-21T23:33:18.990000Z,27.17
1758,20190121T233318Z,1J.TI6A.,"['CH1', 'CH2', 'CHZ']",2019-01-21T23:33:18.990000Z,27.17
1759,20190121T233318Z,1J.TI1A.,"['CH1', 'CH2', 'CHZ']",2019-01-21T23:33:18.990000Z,27.17
1760,20190121T233429Z,1J.TI4A.,"['CH1', 'CH2', 'CHZ']",2019-01-21T23:34:29.290000Z,24.98
1761,20190121T233429Z,1J.TI3A.,"['CH1', 'CH2', 'CHZ']",2019-01-21T23:34:29.290000Z,24.98
1762,20190121T233429Z,1J.TI8A.,"['CH1', 'CH2', 'CHZ']",2019-01-21T23:34:29.290000Z,24.98
1763,20190121T233429Z,1J.TI6A.,"['CH1', 'CH2', 'CHZ']",2019-01-21T23:34:29.290000Z,24.98
1764,20190121T233429Z,1J.TI1A.,"['CH1', 'CH2', 'CHZ']",2019-01-21T23:34:29.290000Z,24.98
1765,20190121T233501Z,1J.TI4A.,"['CH1', 'CH2', 'CHZ']",2019-01-21T23:35:01.760000Z,14.14
1766,20190121T233501Z,1J.TI3A.,"['CH1', 'CH2', 'CHZ']",2019-01-21T23:35:01.760000Z,14.14
1767,20190121T233501Z,1J.TI1A.,"['CH1', 'CH2', 'CHZ']",2019-01-21T23:35:01.760000Z,14.14
1768,20190121T233514Z,1J.TI3A.,"['CH1', 'CH2', 'CHZ']",2019-01-21T23:35:14.540000Z,2.13
1769,20190121T233744Z,1J.TI4A.,"['CH1', 'CH2', 'CHZ']",2019-01-21T23:37:44.740000Z,14.14
1770,20190121T233744Z,1J.TI3A.,"['CH1', 'CH2', 'CHZ']",2019-01-21T23:37:44.740000Z,14.14
1771,20190121T233744Z,1J.TI1A.,"['CH1', 'CH2', 'CHZ']",2019-01-21T23:37:44.740000Z,14.14
1772,20190121T233833Z,1J.TI4A.,"['CH1', 'CH2', 'CHZ']",2019-01-21T23:38:33.270000Z,14.14
1773,20190121T233833Z,1J.TI3A.,"['CH1', 'CH2', 'CHZ']",2019-01-21T23:38:33.270000Z,14.14
1774,20190121T233833Z,1J.TI1A.,"['CH1', 'CH2', 'CHZ']",2019-01-21T23:38:33.270000Z,14.14
1775,20190121T233920Z,1J.TI4A.,"['CH1', 'CH2', 'CHZ']",2019-01-21T23:39:20.420000Z,14.14
1776,20190121T233920Z,1J.TI3A.,"['CH1', 'CH2', 'CHZ']",2019-01-21T23:39:20.420000Z,14.14
1777,20190121T233920Z,1J.TI1A.,"['CH1', 'CH2', 'CHZ']",2019-01-21T23:39:20.420000Z,14.14
1778,20190121T234021Z,1J.TI4A.,"['CH1', 'CH2', 'CHZ']",2019-01-21T23:40:21.740000Z,14.14
1779,20190121T234021Z,1J.TI3A.,"['CH1', 'CH2', 'CHZ']",2019-01-21T23:40:21.740000Z,14.14
1780,20190121T234021Z,1J.TI1A.,"['CH1', 'CH2', 'CHZ']",2019-01-21T23:40:21.740000Z,14.14
1781,20190121T234203Z,1J.TI4A.,"['CH1', 'CH2', 'CHZ']",2019-01-21T23:42:03.000000Z,14.14
1782,20190121T234203Z,1J.TI3A.,"['CH1', 'CH2', 'CHZ']",2019-01-21T23:42:03.000000Z,14.14
1783,20190121T234203Z,1J.TI1A.,"['CH1', 'CH2', 'CHZ']",2019-01-21T23:42:03.000000Z,14.14
1784,20190121T234320Z,1J.TI4A.,"['CH1', 'CH2', 'CHZ']",2019-01-21T23:43:20.360000Z,14.14
1785,20190121T234320Z,1J.TI3A.,"['CH1', 'CH2', 'CHZ']",2019-01-21T23:43:20.360000Z,14.14
1786,20190121T234320Z,1J.TI1A.,"['CH1', 'CH2', 'CHZ']",2019-01-21T23:43:20.360000Z,14.14
1787,20190121T234540Z,1J.TI4A.,"['CH1', 'CH2', 'CHZ']",2019-01-21T23:45:40.800000Z,14.14
1788,20190121T234540Z,1J.TI3A.,"['CH1', 'CH2', 'CHZ']",2019-01-21T23:45:40.800000Z,14.14
1789,20190121T234540Z,1J.TI1A.,"['CH1', 'CH2', 'CHZ']",2019-01-21T23:45:40.800000Z,14.14
1790,20190121T234551Z,1J.TI4A.,"['CH1', 'CH2', 'CHZ']",2019-01-21T23:45:51.100000Z,14.14
1791,20190121T234551Z,1J.TI3A.,"['CH1', 'CH2', 'CHZ']",2019-01-21T23:45:51.100000Z,14.14
1792,20190121T234551Z,1J.TI1A.,"['CH1', 'CH2', 'CHZ']",2019-01-21T23:45:51.100000Z,14.14
1793,20190121T234802Z,1J.TI4A.,"['CH1', 'CH2', 'CHZ']",2019-01-21T23:48:02.660000Z,14.14
1794,20190121T234802Z,1J.TI3A.,"['CH1', 'CH2', 'CHZ']",2019-01-21T23:48:02.660000Z,14.14
1795,20190121T234802Z,1J.TI1A.,"['CH1', 'CH2', 'CHZ']",2019-01-21T23:48:02.660000Z,14.14
1796,20190121T234903Z,1J.TI4A.,"['CH1', 'CH2', 'CHZ']",2019-01-21T23:49:03.000000Z,14.14
1797,20190121T234903Z,1J.TI3A.,"['CH1', 'CH2', 'CHZ']",2019-01-21T23:49:03.000000Z,14.14
1798,20190121T234903Z,1J.TI1A.,"['CH1', 'CH2', 'CHZ']",2019-01-21T23:49:03.000000Z,14.14
1799,20190121T235034Z,1J.TI4A.,"['CH1', 'CH2', 'CHZ']",2019-01-21T23:50:34.890000Z,14.14
1800,20190121T235034Z,1J.TI3A.,"['CH1', 'CH2', 'CHZ']",2019-01-21T23:50:34.890000Z,14.14
1801,20190121T235034Z,1J.TI1A.,"['CH1', 'CH2', 'CHZ']",2019-01-21T23:50:34.890000Z,14.14
1802,20190121T235052Z,1J.TI4A.,"['CH1', 'CH2', 'CHZ']",2019-01-21T23:50:52.200000Z,14.14
1803,20190121T235052Z,1J.TI3A.,"['CH1', 'CH2', 'CHZ']",2019-01-21T23:50:52.200000Z,14.14
1804,20190121T235052Z,1J.TI1A.,"['CH1', 'CH2', 'CHZ']",2019-01-21T23:50:52.200000Z,14.14
1805,20190121T235148Z,1J.TI4A.,"['CH1', 'CH2', 'CHZ']",2019-01-21T23:51:48.060000Z,14.14
1806,20190121T235148Z,1J.TI3A.,"['CH1', 'CH2', 'CHZ']",2019-01-21T23:51:48.060000Z,14.14
1807,20190121T235148Z,1J.TI1A.,"['CH1', 'CH2', 'CHZ']",2019-01-21T23:51:48.060000Z,14.14
1808,20190121T235217Z,1J.TI4A.,"['CH1', 'CH2', 'CHZ']",2019-01-21T23:52:17.470000Z,14.14
1809,20190121T235217Z,1J.TI3A.,"['CH1', 'CH2', 'CHZ']",2019-01-21T23:52:17.470000Z,14.14
1810,20190121T235217Z,1J.TI1A.,"['CH1', 'CH2', 'CHZ']",2019-01-21T23:52:17.470000Z,14.14
1811,20190121T235753Z,1J.TI3A.,"['CH1', 'CH2', 'CHZ']",2019-01-21T23:57:53.150000Z,2.13
