,event_id,station,components,time,duration
0,20181226T000020Z,1J.TI4A.,"['CH1', 'CH2', 'CHZ']",2018-12-26T00:00:20.210000Z,20.36
1,20181226T000020Z,1J.TI1A.,"['CH1', 'CH2', 'CHZ']",2018-12-26T00:00:20.210000Z,20.36
2,20181226T000053Z,1J.TI4A.,"['CH1', 'CH2', 'CHZ']",2018-12-26T00:00:53.940000Z,17.7
3,20181226T000053Z,1J.TI1A.,"['CH1', 'CH2', 'CHZ']",2018-12-26T00:00:53.940000Z,17.7
4,20181226T000120Z,1J.TI4A.,"['CH1', 'CH2', 'CHZ']",2018-12-26T00:01:20.080000Z,26.17
5,20181226T000120Z,1J.TI3A.,"['CH1', 'CH2', 'CHZ']",2018-12-26T00:01:20.080000Z,26.17
6,20181226T000120Z,1J.TI8A.,"['CH1', 'CH2', 'CHZ']",2018-12-26T00:01:20.080000Z,26.17
7,20181226T000120Z,1J.TI1A.,"['CH1', 'CH2', 'CHZ']",2018-12-26T00:01:20.080000Z,26.17
8,20181226T000328Z,1J.TI4A.,"['CH1', 'CH2', 'CHZ']",2018-12-26T00:03:28.910000Z,17.7
9,20181226T000328Z,1J.TI1A.,"['CH1', 'CH2', 'CHZ']",2018-12-26T00:03:28.910000Z,17.7
10,20181226T000422Z,1J.TI4A.,"['CH1', 'CH2', 'CHZ']",2018-12-26T00:04:22.800000Z,15.93
11,20181226T000422Z,1J.TI1A.,"['CH1', 'CH2', 'CHZ']",2018-12-26T00:04:22.800000Z,15.93
12,20181226T000520Z,1J.TI4A.,"['CH1', 'CH2', 'CHZ']",2018-12-26T00:05:20.470000Z,17.42
13,20181226T000520Z,1J.TI1A.,"['CH1', 'CH2', 'CHZ']",2018-12-26T00:05:20.470000Z,17.42
14,20181226T000545Z,1J.TI4A.,"['CH1', 'CH2', 'CHZ']",2018-12-26T00:05:45.170000Z,17.7
15,20181226T000545Z,1J.TI1A.,"['CH1', 'CH2', 'CHZ']",2018-12-26T00:05:45.170000Z,17.7
16,20181226T000610Z,1J.TI4A.,"['CH1', 'CH2', 'CHZ']",2018-12-26T00:06:10.470000Z,11.6
17,20181226T000610Z,1J.TI3A.,"['CH1', 'CH2', 'CHZ']",2018-12-26T00:06:10.470000Z,11.6
18,20181226T000610Z,1J.TI8A.,"['CH1', 'CH2', 'CHZ']",2018-12-26T00:06:10.470000Z,11.6
19,20181226T000610Z,1J.TI6A.,"['CH1', 'CH2', 'CHZ']",2018-12-26T00:06:10.470000Z,11.6
20,20181226T000657Z,1J.TI4A.,"['CH1', 'CH2', 'CHZ']",2018-12-26T00:06:57.030000Z,15.93
21,20181226T000657Z,1J.TI1A.,"['CH1', 'CH2', 'CHZ']",2018-12-26T00:06:57.030000Z,15.93
22,20181226T000744Z,1J.TI4A.,"['CH1', 'CH2', 'CHZ']",2018-12-26T00:07:44.350000Z,15.93
23,20181226T000744Z,1J.TI1A.,"['CH1', 'CH2', 'CHZ']",2018-12-26T00:07:44.350000Z,15.93
24,20181226T000800Z,1J.TI4A.,"['CH1', 'CH2', 'CHZ']",2018-12-26T00:08:00.610000Z,17.7
25,20181226T000800Z,1J.TI1A.,"['CH1', 'CH2', 'CHZ']",2018-12-26T00:08:00.610000Z,17.7
26,20181226T000811Z,1J.TI3A.,"['CH1', 'CH2', 'CHZ']",2018-12-26T00:08:11.870000Z,8.27
27,20181226T000811Z,1J.TI6A.,"['CH1', 'CH2', 'CHZ']",2018-12-26T00:08:11.870000Z,8.27
28,20181226T000843Z,1J.TI4A.,"['CH1', 'CH2', 'CHZ']",2018-12-26T00:08:43.820000Z,17.7
29,20181226T000843Z,1J.TI1A.,"['CH1', 'CH2', 'CHZ']",2018-12-26T00:08:43.820000Z,17.7
30,20181226T001017Z,1J.TI4A.,"['CH1', 'CH2', 'CHZ']",2018-12-26T00:10:17.580000Z,13.3
31,20181226T001017Z,1J.TI1A.,"['CH1', 'CH2', 'CHZ']",2018-12-26T00:10:17.580000Z,13.3
32,20181226T001044Z,1J.TI4A.,"['CH1', 'CH2', 'CHZ']",2018-12-26T00:10:44.800000Z,17.7
33,20181226T001044Z,1J.TI1A.,"['CH1', 'CH2', 'CHZ']",2018-12-26T00:10:44.800000Z,17.7
34,20181226T001220Z,1J.TI4A.,"['CH1', 'CH2', 'CHZ']",2018-12-26T00:12:20.050000Z,17.7
35,20181226T001220Z,1J.TI1A.,"['CH1', 'CH2', 'CHZ']",2018-12-26T00:12:20.050000Z,17.7
36,20181226T001244Z,1J.TI4A.,"['CH1', 'CH2', 'CHZ']",2018-12-26T00:12:44.200000Z,17.7
37,20181226T001244Z,1J.TI1A.,"['CH1', 'CH2', 'CHZ']",2018-12-26T00:12:44.200000Z,17.7
38,20181226T001531Z,1J.TI4A.,"['CH1', 'CH2', 'CHZ']",2018-12-26T00:15:31.650000Z,17.7
39,20181226T001531Z,1J.TI1A.,"['CH1', 'CH2', 'CHZ']",2018-12-26T00:15:31.650000Z,17.7
40,20181226T001753Z,1J.TI4A.,"['CH1', 'CH2', 'CHZ']",2018-12-26T00:17:53.100000Z,17.7
41,20181226T001753Z,1J.TI1A.,"['CH1', 'CH2', 'CHZ']",2018-12-26T00:17:53.100000Z,17.7
42,20181226T001833Z,1J.TI4A.,"['CH1', 'CH2', 'CHZ']",2018-12-26T00:18:33.710000Z,15.93
43,20181226T001833Z,1J.TI1A.,"['CH1', 'CH2', 'CHZ']",2018-12-26T00:18:33.710000Z,15.93
44,20181226T001959Z,1J.TI8A.,"['CH1', 'CH2', 'CHZ']",2018-12-26T00:19:59.150000Z,10.63
45,20181226T002053Z,1J.TI4A.,"['CH1', 'CH2', 'CHZ']",2018-12-26T00:20:53.420000Z,20.36
46,20181226T002053Z,1J.TI1A.,"['CH1', 'CH2', 'CHZ']",2018-12-26T00:20:53.420000Z,20.36
47,20181226T002158Z,1J.TI4A.,"['CH1', 'CH2', 'CHZ']",2018-12-26T00:21:58.000000Z,20.36
48,20181226T002158Z,1J.TI1A.,"['CH1', 'CH2', 'CHZ']",2018-12-26T00:21:58.000000Z,20.36
49,20181226T002230Z,1J.TI4A.,"['CH1', 'CH2', 'CHZ']",2018-12-26T00:22:30.570000Z,13.3
50,20181226T002230Z,1J.TI1A.,"['CH1', 'CH2', 'CHZ']",2018-12-26T00:22:30.570000Z,13.3
51,20181226T002251Z,1J.TI3A.,"['CH1', 'CH2', 'CHZ']",2018-12-26T00:22:51.250000Z,18.92
52,20181226T002251Z,1J.TI8A.,"['CH1', 'CH2', 'CHZ']",2018-12-26T00:22:51.250000Z,18.92
53,20181226T002251Z,1J.TI6A.,"['CH1', 'CH2', 'CHZ']",2018-12-26T00:22:51.250000Z,18.92
54,20181226T002319Z,1J.TI4A.,"['CH1', 'CH2', 'CHZ']",2018-12-26T00:23:19.020000Z,17.7
55,20181226T002319Z,1J.TI1A.,"['CH1', 'CH2', 'CHZ']",2018-12-26T00:23:19.020000Z,17.7
56,20181226T002344Z,1J.TI3A.,"['CH1', 'CH2', 'CHZ']",2018-12-26T00:23:44.790000Z,4.83
57,20181226T002402Z,1J.TI4A.,"['CH1', 'CH2', 'CHZ']",2018-12-26T00:24:02.390000Z,15.09
58,20181226T002402Z,1J.TI3A.,"['CH1', 'CH2', 'CHZ']",2018-12-26T00:24:02.390000Z,15.09
59,20181226T002402Z,1J.TI8A.,"['CH1', 'CH2', 'CHZ']",2018-12-26T00:24:02.390000Z,15.09
60,20181226T002402Z,1J.TI6A.,"['CH1', 'CH2', 'CHZ']",2018-12-26T00:24:02.390000Z,15.09
61,20181226T002402Z,1J.TI1A.,"['CH1', 'CH2', 'CHZ']",2018-12-26T00:24:02.390000Z,15.09
62,20181226T002548Z,1J.TI4A.,"['CH1', 'CH2', 'CHZ']",2018-12-26T00:25:48.180000Z,19.13
63,20181226T002548Z,1J.TI8A.,"['CH1', 'CH2', 'CHZ']",2018-12-26T00:25:48.180000Z,19.13
64,20181226T002548Z,1J.TI1A.,"['CH1', 'CH2', 'CHZ']",2018-12-26T00:25:48.180000Z,19.13
65,20181226T002713Z,1J.TI3A.,"['CH1', 'CH2', 'CHZ']",2018-12-26T00:27:13.470000Z,8.27
66,20181226T002713Z,1J.TI6A.,"['CH1', 'CH2', 'CHZ']",2018-12-26T00:27:13.470000Z,8.27
67,20181226T003006Z,1J.TI4A.,"['CH1', 'CH2', 'CHZ']",2018-12-26T00:30:06.680000Z,17.7
68,20181226T003006Z,1J.TI1A.,"['CH1', 'CH2', 'CHZ']",2018-12-26T00:30:06.680000Z,17.7
69,20181226T003017Z,1J.TI4A.,"['CH1', 'CH2', 'CHZ']",2018-12-26T00:30:17.410000Z,17.7
70,20181226T003017Z,1J.TI1A.,"['CH1', 'CH2', 'CHZ']",2018-12-26T00:30:17.410000Z,17.7
71,20181226T003222Z,1J.TI7A.,"['CH1', 'CH2', 'CHZ']",2018-12-26T00:32:22.900000Z,14.66
72,20181226T003340Z,1J.TI4A.,"['CH1', 'CH2', 'CHZ']",2018-12-26T00:33:40.970000Z,20.36
73,20181226T003340Z,1J.TI1A.,"['CH1', 'CH2', 'CHZ']",2018-12-26T00:33:40.970000Z,20.36
74,20181226T003358Z,1J.TI4A.,"['CH1', 'CH2', 'CHZ']",2018-12-26T00:33:58.250000Z,17.42
75,20181226T003358Z,1J.TI1A.,"['CH1', 'CH2', 'CHZ']",2018-12-26T00:33:58.250000Z,17.42
76,20181226T003524Z,1J.TI3A.,"['CH1', 'CH2', 'CHZ']",2018-12-26T00:35:24.690000Z,18.6
77,20181226T003524Z,1J.TI6A.,"['CH1', 'CH2', 'CHZ']",2018-12-26T00:35:24.690000Z,18.6
78,20181226T003551Z,1J.TI4A.,"['CH1', 'CH2', 'CHZ']",2018-12-26T00:35:51.980000Z,20.36
79,20181226T003551Z,1J.TI1A.,"['CH1', 'CH2', 'CHZ']",2018-12-26T00:35:51.980000Z,20.36
80,20181226T003755Z,1J.TI4A.,"['CH1', 'CH2', 'CHZ']",2018-12-26T00:37:55.540000Z,17.7
81,20181226T003755Z,1J.TI1A.,"['CH1', 'CH2', 'CHZ']",2018-12-26T00:37:55.540000Z,17.7
82,20181226T003815Z,1J.TI4A.,"['CH1', 'CH2', 'CHZ']",2018-12-26T00:38:15.780000Z,20.36
83,20181226T003815Z,1J.TI1A.,"['CH1', 'CH2', 'CHZ']",2018-12-26T00:38:15.780000Z,20.36
84,20181226T003839Z,1J.TI4A.,"['CH1', 'CH2', 'CHZ']",2018-12-26T00:38:39.440000Z,20.36
85,20181226T003839Z,1J.TI1A.,"['CH1', 'CH2', 'CHZ']",2018-12-26T00:38:39.440000Z,20.36
86,20181226T003905Z,1J.TI4A.,"['CH1', 'CH2', 'CHZ']",2018-12-26T00:39:05.330000Z,17.7
87,20181226T003905Z,1J.TI1A.,"['CH1', 'CH2', 'CHZ']",2018-12-26T00:39:05.330000Z,17.7
88,20181226T004001Z,1J.TI4A.,"['CH1', 'CH2', 'CHZ']",2018-12-26T00:40:01.920000Z,17.7
89,20181226T004001Z,1J.TI1A.,"['CH1', 'CH2', 'CHZ']",2018-12-26T00:40:01.920000Z,17.7
90,20181226T004038Z,1J.TI4A.,"['CH1', 'CH2', 'CHZ']",2018-12-26T00:40:38.870000Z,17.7
91,20181226T004038Z,1J.TI1A.,"['CH1', 'CH2', 'CHZ']",2018-12-26T00:40:38.870000Z,17.7
92,20181226T004133Z,1J.TI4A.,"['CH1', 'CH2', 'CHZ']",2018-12-26T00:41:33.590000Z,19.13
93,20181226T004133Z,1J.TI8A.,"['CH1', 'CH2', 'CHZ']",2018-12-26T00:41:33.590000Z,19.13
94,20181226T004133Z,1J.TI1A.,"['CH1', 'CH2', 'CHZ']",2018-12-26T00:41:33.590000Z,19.13
95,20181226T004211Z,1J.TI4A.,"['CH1', 'CH2', 'CHZ']",2018-12-26T00:42:11.490000Z,17.7
96,20181226T004211Z,1J.TI1A.,"['CH1', 'CH2', 'CHZ']",2018-12-26T00:42:11.490000Z,17.7
97,20181226T004337Z,1J.TI3A.,"['CH1', 'CH2', 'CHZ']",2018-12-26T00:43:37.400000Z,3.78
98,20181226T004359Z,1J.TI4A.,"['CH1', 'CH2', 'CHZ']",2018-12-26T00:43:59.770000Z,17.7
99,20181226T004359Z,1J.TI1A.,"['CH1', 'CH2', 'CHZ']",2018-12-26T00:43:59.770000Z,17.7
100,20181226T004601Z,1J.TI4A.,"['CH1', 'CH2', 'CHZ']",2018-12-26T00:46:01.740000Z,17.7
101,20181226T004601Z,1J.TI1A.,"['CH1', 'CH2', 'CHZ']",2018-12-26T00:46:01.740000Z,17.7
102,20181226T004637Z,1J.TI4A.,"['CH1', 'CH2', 'CHZ']",2018-12-26T00:46:37.770000Z,20.36
103,20181226T004637Z,1J.TI1A.,"['CH1', 'CH2', 'CHZ']",2018-12-26T00:46:37.770000Z,20.36
104,20181226T004706Z,1J.TI4A.,"['CH1', 'CH2', 'CHZ']",2018-12-26T00:47:06.060000Z,20.36
105,20181226T004706Z,1J.TI1A.,"['CH1', 'CH2', 'CHZ']",2018-12-26T00:47:06.060000Z,20.36
106,20181226T004735Z,1J.TI4A.,"['CH1', 'CH2', 'CHZ']",2018-12-26T00:47:35.990000Z,17.7
107,20181226T004735Z,1J.TI1A.,"['CH1', 'CH2', 'CHZ']",2018-12-26T00:47:35.990000Z,17.7
108,20181226T004811Z,1J.TI4A.,"['CH1', 'CH2', 'CHZ']",2018-12-26T00:48:11.870000Z,17.7
109,20181226T004811Z,1J.TI1A.,"['CH1', 'CH2', 'CHZ']",2018-12-26T00:48:11.870000Z,17.7
110,20181226T005056Z,1J.TI4A.,"['CH1', 'CH2', 'CHZ']",2018-12-26T00:50:56.840000Z,26.17
111,20181226T005056Z,1J.TI3A.,"['CH1', 'CH2', 'CHZ']",2018-12-26T00:50:56.840000Z,26.17
112,20181226T005056Z,1J.TI8A.,"['CH1', 'CH2', 'CHZ']",2018-12-26T00:50:56.840000Z,26.17
113,20181226T005056Z,1J.TI1A.,"['CH1', 'CH2', 'CHZ']",2018-12-26T00:50:56.840000Z,26.17
114,20181226T005152Z,1J.TI4A.,"['CH1', 'CH2', 'CHZ']",2018-12-26T00:51:52.650000Z,17.7
115,20181226T005152Z,1J.TI1A.,"['CH1', 'CH2', 'CHZ']",2018-12-26T00:51:52.650000Z,17.7
116,20181226T005401Z,1J.TI8A.,"['CH1', 'CH2', 'CHZ']",2018-12-26T00:54:01.420000Z,10.63
117,20181226T005412Z,1J.TI4A.,"['CH1', 'CH2', 'CHZ']",2018-12-26T00:54:12.120000Z,8.63
118,20181226T005459Z,1J.TI4A.,"['CH1', 'CH2', 'CHZ']",2018-12-26T00:54:59.480000Z,20.36
119,20181226T005459Z,1J.TI1A.,"['CH1', 'CH2', 'CHZ']",2018-12-26T00:54:59.480000Z,20.36
120,20181226T005621Z,1J.TI4A.,"['CH1', 'CH2', 'CHZ']",2018-12-26T00:56:21.220000Z,17.7
121,20181226T005621Z,1J.TI1A.,"['CH1', 'CH2', 'CHZ']",2018-12-26T00:56:21.220000Z,17.7
122,20181226T005639Z,1J.TI3A.,"['CH1', 'CH2', 'CHZ']",2018-12-26T00:56:39.710000Z,17.37
123,20181226T005639Z,1J.TI8A.,"['CH1', 'CH2', 'CHZ']",2018-12-26T00:56:39.710000Z,17.37
124,20181226T005639Z,1J.TI6A.,"['CH1', 'CH2', 'CHZ']",2018-12-26T00:56:39.710000Z,17.37
125,20181226T005702Z,1J.TI4A.,"['CH1', 'CH2', 'CHZ']",2018-12-26T00:57:02.340000Z,17.7
126,20181226T005702Z,1J.TI1A.,"['CH1', 'CH2', 'CHZ']",2018-12-26T00:57:02.340000Z,17.7
127,20181226T005749Z,1J.TI3A.,"['CH1', 'CH2', 'CHZ']",2018-12-26T00:57:49.610000Z,20.75
128,20181226T005749Z,1J.TI8A.,"['CH1', 'CH2', 'CHZ']",2018-12-26T00:57:49.610000Z,20.75
129,20181226T005749Z,1J.TI6A.,"['CH1', 'CH2', 'CHZ']",2018-12-26T00:57:49.610000Z,20.75
130,20181226T005807Z,1J.TI4A.,"['CH1', 'CH2', 'CHZ']",2018-12-26T00:58:07.590000Z,13.3
131,20181226T005807Z,1J.TI1A.,"['CH1', 'CH2', 'CHZ']",2018-12-26T00:58:07.590000Z,13.3
132,20181226T005840Z,1J.TI4A.,"['CH1', 'CH2', 'CHZ']",2018-12-26T00:58:40.350000Z,17.7
133,20181226T005840Z,1J.TI1A.,"['CH1', 'CH2', 'CHZ']",2018-12-26T00:58:40.350000Z,17.7
134,20181226T010029Z,1J.TI4A.,"['CH1', 'CH2', 'CHZ']",2018-12-26T01:00:29.290000Z,17.7
135,20181226T010029Z,1J.TI1A.,"['CH1', 'CH2', 'CHZ']",2018-12-26T01:00:29.290000Z,17.7
136,20181226T010502Z,1J.TI8A.,"['CH1', 'CH2', 'CHZ']",2018-12-26T01:05:02.770000Z,20.84
137,20181226T010800Z,1J.TI4A.,"['CH1', 'CH2', 'CHZ']",2018-12-26T01:08:00.910000Z,15.09
138,20181226T010800Z,1J.TI3A.,"['CH1', 'CH2', 'CHZ']",2018-12-26T01:08:00.910000Z,15.09
139,20181226T010800Z,1J.TI8A.,"['CH1', 'CH2', 'CHZ']",2018-12-26T01:08:00.910000Z,15.09
140,20181226T010800Z,1J.TI6A.,"['CH1', 'CH2', 'CHZ']",2018-12-26T01:08:00.910000Z,15.09
141,20181226T010800Z,1J.TI1A.,"['CH1', 'CH2', 'CHZ']",2018-12-26T01:08:00.910000Z,15.09
142,20181226T010857Z,1J.TI8A.,"['CH1', 'CH2', 'CHZ']",2018-12-26T01:08:57.890000Z,21.19
143,20181226T010857Z,1J.TI6A.,"['CH1', 'CH2', 'CHZ']",2018-12-26T01:08:57.890000Z,21.19
144,20181226T011001Z,1J.TI4A.,"['CH1', 'CH2', 'CHZ']",2018-12-26T01:10:01.490000Z,11.6
145,20181226T011001Z,1J.TI3A.,"['CH1', 'CH2', 'CHZ']",2018-12-26T01:10:01.490000Z,11.6
146,20181226T011001Z,1J.TI8A.,"['CH1', 'CH2', 'CHZ']",2018-12-26T01:10:01.490000Z,11.6
147,20181226T011001Z,1J.TI6A.,"['CH1', 'CH2', 'CHZ']",2018-12-26T01:10:01.490000Z,11.6
148,20181226T011323Z,1J.TI8A.,"['CH1', 'CH2', 'CHZ']",2018-12-26T01:13:23.290000Z,10.63
149,20181226T011337Z,1J.TI8A.,"['CH1', 'CH2', 'CHZ']",2018-12-26T01:13:37.110000Z,14.15
150,20181226T011426Z,1J.TI8A.,"['CH1', 'CH2', 'CHZ']",2018-12-26T01:14:26.060000Z,14.15
151,20181226T012259Z,1J.TI4A.,"['CH1', 'CH2', 'CHZ']",2018-12-26T01:22:59.920000Z,17.7
152,20181226T012259Z,1J.TI1A.,"['CH1', 'CH2', 'CHZ']",2018-12-26T01:22:59.920000Z,17.7
153,20181226T013129Z,1J.TI8A.,"['CH1', 'CH2', 'CHZ']",2018-12-26T01:31:29.360000Z,21.19
154,20181226T013129Z,1J.TI6A.,"['CH1', 'CH2', 'CHZ']",2018-12-26T01:31:29.360000Z,21.19
155,20181226T013346Z,1J.TI4A.,"['CH1', 'CH2', 'CHZ']",2018-12-26T01:33:46.200000Z,8.63
156,20181226T013930Z,1J.TI3A.,"['CH1', 'CH2', 'CHZ']",2018-12-26T01:39:30.020000Z,26.4
157,20181226T013930Z,1J.TI8A.,"['CH1', 'CH2', 'CHZ']",2018-12-26T01:39:30.020000Z,26.4
158,20181226T013930Z,1J.TI6A.,"['CH1', 'CH2', 'CHZ']",2018-12-26T01:39:30.020000Z,26.4
159,20181226T014011Z,1J.TI3A.,"['CH1', 'CH2', 'CHZ']",2018-12-26T01:40:11.700000Z,18.92
160,20181226T014011Z,1J.TI8A.,"['CH1', 'CH2', 'CHZ']",2018-12-26T01:40:11.700000Z,18.92
161,20181226T014011Z,1J.TI6A.,"['CH1', 'CH2', 'CHZ']",2018-12-26T01:40:11.700000Z,18.92
162,20181226T014032Z,1J.TI4A.,"['CH1', 'CH2', 'CHZ']",2018-12-26T01:40:32.060000Z,26.17
163,20181226T014032Z,1J.TI3A.,"['CH1', 'CH2', 'CHZ']",2018-12-26T01:40:32.060000Z,26.17
164,20181226T014032Z,1J.TI8A.,"['CH1', 'CH2', 'CHZ']",2018-12-26T01:40:32.060000Z,26.17
165,20181226T014032Z,1J.TI1A.,"['CH1', 'CH2', 'CHZ']",2018-12-26T01:40:32.060000Z,26.17
166,20181226T014112Z,1J.TI3A.,"['CH1', 'CH2', 'CHZ']",2018-12-26T01:41:12.760000Z,8.27
167,20181226T014112Z,1J.TI6A.,"['CH1', 'CH2', 'CHZ']",2018-12-26T01:41:12.760000Z,8.27
168,20181226T014213Z,1J.TI3A.,"['CH1', 'CH2', 'CHZ']",2018-12-26T01:42:13.670000Z,27.02
169,20181226T014213Z,1J.TI6A.,"['CH1', 'CH2', 'CHZ']",2018-12-26T01:42:13.670000Z,27.02
170,20181226T014213Z,1J.TI1A.,"['CH1', 'CH2', 'CHZ']",2018-12-26T01:42:13.670000Z,27.02
171,20181226T014415Z,1J.TI8A.,"['CH1', 'CH2', 'CHZ']",2018-12-26T01:44:15.640000Z,19.24
172,20181226T014453Z,1J.TI8A.,"['CH1', 'CH2', 'CHZ']",2018-12-26T01:44:53.970000Z,10.63
173,20181226T014649Z,1J.TI8A.,"['CH1', 'CH2', 'CHZ']",2018-12-26T01:46:49.170000Z,14.15
174,20181226T014726Z,1J.TI4A.,"['CH1', 'CH2', 'CHZ']",2018-12-26T01:47:26.890000Z,35.61
175,20181226T014726Z,1J.TI8A.,"['CH1', 'CH2', 'CHZ']",2018-12-26T01:47:26.890000Z,35.61
176,20181226T014833Z,1J.TI3A.,"['CH1', 'CH2', 'CHZ']",2018-12-26T01:48:33.070000Z,7.64
177,20181226T015642Z,1J.TI4A.,"['CH1', 'CH2', 'CHZ']",2018-12-26T01:56:42.540000Z,35.61
178,20181226T015642Z,1J.TI8A.,"['CH1', 'CH2', 'CHZ']",2018-12-26T01:56:42.540000Z,35.61
179,20181226T020255Z,1J.TI3A.,"['CH1', 'CH2', 'CHZ']",2018-12-26T02:02:55.610000Z,17.37
180,20181226T020255Z,1J.TI8A.,"['CH1', 'CH2', 'CHZ']",2018-12-26T02:02:55.610000Z,17.37
181,20181226T020255Z,1J.TI6A.,"['CH1', 'CH2', 'CHZ']",2018-12-26T02:02:55.610000Z,17.37
182,20181226T021133Z,1J.TI3A.,"['CH1', 'CH2', 'CHZ']",2018-12-26T02:11:33.800000Z,26.4
183,20181226T021133Z,1J.TI8A.,"['CH1', 'CH2', 'CHZ']",2018-12-26T02:11:33.800000Z,26.4
184,20181226T021133Z,1J.TI6A.,"['CH1', 'CH2', 'CHZ']",2018-12-26T02:11:33.800000Z,26.4
185,20181226T021403Z,1J.TI8A.,"['CH1', 'CH2', 'CHZ']",2018-12-26T02:14:03.150000Z,19.24
186,20181226T022400Z,1J.TI3A.,"['CH1', 'CH2', 'CHZ']",2018-12-26T02:24:00.670000Z,27.02
187,20181226T022400Z,1J.TI6A.,"['CH1', 'CH2', 'CHZ']",2018-12-26T02:24:00.670000Z,27.02
188,20181226T022400Z,1J.TI1A.,"['CH1', 'CH2', 'CHZ']",2018-12-26T02:24:00.670000Z,27.02
189,20181226T023000Z,1J.TI8A.,"['CH1', 'CH2', 'CHZ']",2018-12-26T02:30:00.810000Z,19.24
190,20181226T023511Z,1J.TI8A.,"['CH1', 'CH2', 'CHZ']",2018-12-26T02:35:11.990000Z,14.15
191,20181226T023754Z,1J.TI3A.,"['CH1', 'CH2', 'CHZ']",2018-12-26T02:37:54.270000Z,18.92
192,20181226T023754Z,1J.TI8A.,"['CH1', 'CH2', 'CHZ']",2018-12-26T02:37:54.270000Z,18.92
193,20181226T023754Z,1J.TI6A.,"['CH1', 'CH2', 'CHZ']",2018-12-26T02:37:54.270000Z,18.92
194,20181226T025936Z,1J.TI8A.,"['CH1', 'CH2', 'CHZ']",2018-12-26T02:59:36.240000Z,19.24
195,20181226T030108Z,1J.TI3A.,"['CH1', 'CH2', 'CHZ']",2018-12-26T03:01:08.150000Z,8.27
196,20181226T030108Z,1J.TI6A.,"['CH1', 'CH2', 'CHZ']",2018-12-26T03:01:08.150000Z,8.27
197,20181226T030318Z,1J.TI4A.,"['CH1', 'CH2', 'CHZ']",2018-12-26T03:03:18.740000Z,13.3
198,20181226T030318Z,1J.TI1A.,"['CH1', 'CH2', 'CHZ']",2018-12-26T03:03:18.740000Z,13.3
199,20181226T030635Z,1J.TI3A.,"['CH1', 'CH2', 'CHZ']",2018-12-26T03:06:35.430000Z,3.78
200,20181226T030839Z,1J.TI6A.,"['CH1', 'CH2', 'CHZ']",2018-12-26T03:08:39.990000Z,5.52
201,20181226T030839Z,1J.TI1A.,"['CH1', 'CH2', 'CHZ']",2018-12-26T03:08:39.990000Z,5.52
202,20181226T031002Z,1J.TI3A.,"['CH1', 'CH2', 'CHZ']",2018-12-26T03:10:02.430000Z,24.92
203,20181226T031002Z,1J.TI8A.,"['CH1', 'CH2', 'CHZ']",2018-12-26T03:10:02.430000Z,24.92
204,20181226T031002Z,1J.TI6A.,"['CH1', 'CH2', 'CHZ']",2018-12-26T03:10:02.430000Z,24.92
205,20181226T031002Z,1J.TI1A.,"['CH1', 'CH2', 'CHZ']",2018-12-26T03:10:02.430000Z,24.92
206,20181226T031222Z,1J.TI4A.,"['CH1', 'CH2', 'CHZ']",2018-12-26T03:12:22.330000Z,13.3
207,20181226T031222Z,1J.TI1A.,"['CH1', 'CH2', 'CHZ']",2018-12-26T03:12:22.330000Z,13.3
208,20181226T031237Z,1J.TI4A.,"['CH1', 'CH2', 'CHZ']",2018-12-26T03:12:37.980000Z,13.3
209,20181226T031237Z,1J.TI1A.,"['CH1', 'CH2', 'CHZ']",2018-12-26T03:12:37.980000Z,13.3
210,20181226T031301Z,1J.TI4A.,"['CH1', 'CH2', 'CHZ']",2018-12-26T03:13:01.550000Z,17.42
211,20181226T031301Z,1J.TI1A.,"['CH1', 'CH2', 'CHZ']",2018-12-26T03:13:01.550000Z,17.42
212,20181226T031313Z,1J.TI4A.,"['CH1', 'CH2', 'CHZ']",2018-12-26T03:13:13.320000Z,14.09
213,20181226T031313Z,1J.TI3A.,"['CH1', 'CH2', 'CHZ']",2018-12-26T03:13:13.320000Z,14.09
214,20181226T031313Z,1J.TI8A.,"['CH1', 'CH2', 'CHZ']",2018-12-26T03:13:13.320000Z,14.09
215,20181226T031949Z,1J.TI4A.,"['CH1', 'CH2', 'CHZ']",2018-12-26T03:19:49.210000Z,26.17
216,20181226T031949Z,1J.TI3A.,"['CH1', 'CH2', 'CHZ']",2018-12-26T03:19:49.210000Z,26.17
217,20181226T031949Z,1J.TI8A.,"['CH1', 'CH2', 'CHZ']",2018-12-26T03:19:49.210000Z,26.17
218,20181226T031949Z,1J.TI1A.,"['CH1', 'CH2', 'CHZ']",2018-12-26T03:19:49.210000Z,26.17
219,20181226T032100Z,1J.TI8A.,"['CH1', 'CH2', 'CHZ']",2018-12-26T03:21:00.750000Z,11.41
220,20181226T032100Z,1J.TI6A.,"['CH1', 'CH2', 'CHZ']",2018-12-26T03:21:00.750000Z,11.41
221,20181226T032133Z,1J.TI3A.,"['CH1', 'CH2', 'CHZ']",2018-12-26T03:21:33.010000Z,18.92
222,20181226T032133Z,1J.TI8A.,"['CH1', 'CH2', 'CHZ']",2018-12-26T03:21:33.010000Z,18.92
223,20181226T032133Z,1J.TI6A.,"['CH1', 'CH2', 'CHZ']",2018-12-26T03:21:33.010000Z,18.92
224,20181226T032448Z,1J.TI4A.,"['CH1', 'CH2', 'CHZ']",2018-12-26T03:24:48.260000Z,17.42
225,20181226T032448Z,1J.TI1A.,"['CH1', 'CH2', 'CHZ']",2018-12-26T03:24:48.260000Z,17.42
226,20181226T033236Z,1J.TI3A.,"['CH1', 'CH2', 'CHZ']",2018-12-26T03:32:36.390000Z,4.83
227,20181226T033503Z,1J.TI8A.,"['CH1', 'CH2', 'CHZ']",2018-12-26T03:35:03.140000Z,21.19
228,20181226T033503Z,1J.TI6A.,"['CH1', 'CH2', 'CHZ']",2018-12-26T03:35:03.140000Z,21.19
229,20181226T033533Z,1J.TI4A.,"['CH1', 'CH2', 'CHZ']",2018-12-26T03:35:33.310000Z,11.6
230,20181226T033533Z,1J.TI3A.,"['CH1', 'CH2', 'CHZ']",2018-12-26T03:35:33.310000Z,11.6
231,20181226T033533Z,1J.TI8A.,"['CH1', 'CH2', 'CHZ']",2018-12-26T03:35:33.310000Z,11.6
232,20181226T033533Z,1J.TI6A.,"['CH1', 'CH2', 'CHZ']",2018-12-26T03:35:33.310000Z,11.6
233,20181226T033852Z,1J.TI3A.,"['CH1', 'CH2', 'CHZ']",2018-12-26T03:38:52.680000Z,27.02
234,20181226T033852Z,1J.TI6A.,"['CH1', 'CH2', 'CHZ']",2018-12-26T03:38:52.680000Z,27.02
235,20181226T033852Z,1J.TI1A.,"['CH1', 'CH2', 'CHZ']",2018-12-26T03:38:52.680000Z,27.02
236,20181226T034021Z,1J.TI4A.,"['CH1', 'CH2', 'CHZ']",2018-12-26T03:40:21.070000Z,26.17
237,20181226T034021Z,1J.TI3A.,"['CH1', 'CH2', 'CHZ']",2018-12-26T03:40:21.070000Z,26.17
238,20181226T034021Z,1J.TI8A.,"['CH1', 'CH2', 'CHZ']",2018-12-26T03:40:21.070000Z,26.17
239,20181226T034021Z,1J.TI1A.,"['CH1', 'CH2', 'CHZ']",2018-12-26T03:40:21.070000Z,26.17
240,20181226T034050Z,1J.TI3A.,"['CH1', 'CH2', 'CHZ']",2018-12-26T03:40:50.220000Z,26.4
241,20181226T034050Z,1J.TI8A.,"['CH1', 'CH2', 'CHZ']",2018-12-26T03:40:50.220000Z,26.4
242,20181226T034050Z,1J.TI6A.,"['CH1', 'CH2', 'CHZ']",2018-12-26T03:40:50.220000Z,26.4
243,20181226T034239Z,1J.TI7A.,"['CH1', 'CH2', 'CHZ']",2018-12-26T03:42:39.930000Z,17.94
244,20181226T035235Z,1J.TI4A.,"['CH1', 'CH2', 'CHZ']",2018-12-26T03:52:35.450000Z,19.13
245,20181226T035235Z,1J.TI8A.,"['CH1', 'CH2', 'CHZ']",2018-12-26T03:52:35.450000Z,19.13
246,20181226T035235Z,1J.TI1A.,"['CH1', 'CH2', 'CHZ']",2018-12-26T03:52:35.450000Z,19.13
247,20181226T035340Z,1J.TI3A.,"['CH1', 'CH2', 'CHZ']",2018-12-26T03:53:40.300000Z,18.92
248,20181226T035340Z,1J.TI8A.,"['CH1', 'CH2', 'CHZ']",2018-12-26T03:53:40.300000Z,18.92
249,20181226T035340Z,1J.TI6A.,"['CH1', 'CH2', 'CHZ']",2018-12-26T03:53:40.300000Z,18.92
250,20181226T035433Z,1J.TI4A.,"['CH1', 'CH2', 'CHZ']",2018-12-26T03:54:33.910000Z,11.6
251,20181226T035433Z,1J.TI3A.,"['CH1', 'CH2', 'CHZ']",2018-12-26T03:54:33.910000Z,11.6
252,20181226T035433Z,1J.TI8A.,"['CH1', 'CH2', 'CHZ']",2018-12-26T03:54:33.910000Z,11.6
253,20181226T035433Z,1J.TI6A.,"['CH1', 'CH2', 'CHZ']",2018-12-26T03:54:33.910000Z,11.6
254,20181226T035543Z,1J.TI3A.,"['CH1', 'CH2', 'CHZ']",2018-12-26T03:55:43.860000Z,7.64
255,20181226T035751Z,1J.TI3A.,"['CH1', 'CH2', 'CHZ']",2018-12-26T03:57:51.830000Z,13.75
256,20181226T035751Z,1J.TI6A.,"['CH1', 'CH2', 'CHZ']",2018-12-26T03:57:51.830000Z,13.75
257,20181226T040355Z,1J.TI4A.,"['CH1', 'CH2', 'CHZ']",2018-12-26T04:03:55.050000Z,10.1
258,20181226T040427Z,1J.TI3A.,"['CH1', 'CH2', 'CHZ']",2018-12-26T04:04:27.710000Z,1.93
259,20181226T040918Z,1J.TI3A.,"['CH1', 'CH2', 'CHZ']",2018-12-26T04:09:18.470000Z,18.6
260,20181226T040918Z,1J.TI6A.,"['CH1', 'CH2', 'CHZ']",2018-12-26T04:09:18.470000Z,18.6
261,20181226T041905Z,1J.TI3A.,"['CH1', 'CH2', 'CHZ']",2018-12-26T04:19:05.340000Z,1.93
262,20181226T042205Z,1J.TI3A.,"['CH1', 'CH2', 'CHZ']",2018-12-26T04:22:05.540000Z,18.92
263,20181226T042205Z,1J.TI8A.,"['CH1', 'CH2', 'CHZ']",2018-12-26T04:22:05.540000Z,18.92
264,20181226T042205Z,1J.TI6A.,"['CH1', 'CH2', 'CHZ']",2018-12-26T04:22:05.540000Z,18.92
265,20181226T042509Z,1J.TI3A.,"['CH1', 'CH2', 'CHZ']",2018-12-26T04:25:09.250000Z,3.78
266,20181226T042800Z,1J.TI4A.,"['CH1', 'CH2', 'CHZ']",2018-12-26T04:28:00.500000Z,20.36
267,20181226T042800Z,1J.TI1A.,"['CH1', 'CH2', 'CHZ']",2018-12-26T04:28:00.500000Z,20.36
268,20181226T042910Z,1J.TI3A.,"['CH1', 'CH2', 'CHZ']",2018-12-26T04:29:10.110000Z,26.4
269,20181226T042910Z,1J.TI8A.,"['CH1', 'CH2', 'CHZ']",2018-12-26T04:29:10.110000Z,26.4
270,20181226T042910Z,1J.TI6A.,"['CH1', 'CH2', 'CHZ']",2018-12-26T04:29:10.110000Z,26.4
271,20181226T043240Z,1J.TI4A.,"['CH1', 'CH2', 'CHZ']",2018-12-26T04:32:40.770000Z,11.6
272,20181226T043240Z,1J.TI3A.,"['CH1', 'CH2', 'CHZ']",2018-12-26T04:32:40.770000Z,11.6
273,20181226T043240Z,1J.TI8A.,"['CH1', 'CH2', 'CHZ']",2018-12-26T04:32:40.770000Z,11.6
274,20181226T043240Z,1J.TI6A.,"['CH1', 'CH2', 'CHZ']",2018-12-26T04:32:40.770000Z,11.6
275,20181226T043618Z,1J.TI6A.,"['CH1', 'CH2', 'CHZ']",2018-12-26T04:36:18.560000Z,4.16
276,20181226T043717Z,1J.TI3A.,"['CH1', 'CH2', 'CHZ']",2018-12-26T04:37:17.320000Z,5.65
277,20181226T043902Z,1J.TI8A.,"['CH1', 'CH2', 'CHZ']",2018-12-26T04:39:02.210000Z,8.22
278,20181226T043936Z,1J.TI4A.,"['CH1', 'CH2', 'CHZ']",2018-12-26T04:39:36.790000Z,7.87
279,20181226T044115Z,1J.TI4A.,"['CH1', 'CH2', 'CHZ']",2018-12-26T04:41:15.320000Z,19.13
280,20181226T044115Z,1J.TI8A.,"['CH1', 'CH2', 'CHZ']",2018-12-26T04:41:15.320000Z,19.13
281,20181226T044115Z,1J.TI1A.,"['CH1', 'CH2', 'CHZ']",2018-12-26T04:41:15.320000Z,19.13
282,20181226T044434Z,1J.TI4A.,"['CH1', 'CH2', 'CHZ']",2018-12-26T04:44:34.320000Z,14.09
283,20181226T044434Z,1J.TI3A.,"['CH1', 'CH2', 'CHZ']",2018-12-26T04:44:34.320000Z,14.09
284,20181226T044434Z,1J.TI8A.,"['CH1', 'CH2', 'CHZ']",2018-12-26T04:44:34.320000Z,14.09
285,20181226T044641Z,1J.TI3A.,"['CH1', 'CH2', 'CHZ']",2018-12-26T04:46:41.320000Z,3.03
286,20181226T044754Z,1J.TI3A.,"['CH1', 'CH2', 'CHZ']",2018-12-26T04:47:54.380000Z,17.37
287,20181226T044754Z,1J.TI8A.,"['CH1', 'CH2', 'CHZ']",2018-12-26T04:47:54.380000Z,17.37
288,20181226T044754Z,1J.TI6A.,"['CH1', 'CH2', 'CHZ']",2018-12-26T04:47:54.380000Z,17.37
289,20181226T045154Z,1J.TI4A.,"['CH1', 'CH2', 'CHZ']",2018-12-26T04:51:54.000000Z,7.87
290,20181226T045205Z,1J.TI3A.,"['CH1', 'CH2', 'CHZ']",2018-12-26T04:52:05.520000Z,7.64
291,20181226T045337Z,1J.TI3A.,"['CH1', 'CH2', 'CHZ']",2018-12-26T04:53:37.150000Z,18.6
292,20181226T045337Z,1J.TI6A.,"['CH1', 'CH2', 'CHZ']",2018-12-26T04:53:37.150000Z,18.6
293,20181226T045452Z,1J.TI4A.,"['CH1', 'CH2', 'CHZ']",2018-12-26T04:54:52.340000Z,13.3
294,20181226T045452Z,1J.TI1A.,"['CH1', 'CH2', 'CHZ']",2018-12-26T04:54:52.340000Z,13.3
295,20181226T050135Z,1J.TI7A.,"['CH1', 'CH2', 'CHZ']",2018-12-26T05:01:35.130000Z,17.94
296,20181226T050303Z,1J.TI3A.,"['CH1', 'CH2', 'CHZ']",2018-12-26T05:03:03.600000Z,26.4
297,20181226T050303Z,1J.TI8A.,"['CH1', 'CH2', 'CHZ']",2018-12-26T05:03:03.600000Z,26.4
298,20181226T050303Z,1J.TI6A.,"['CH1', 'CH2', 'CHZ']",2018-12-26T05:03:03.600000Z,26.4
299,20181226T051035Z,1J.TI3A.,"['CH1', 'CH2', 'CHZ']",2018-12-26T05:10:35.390000Z,4.83
300,20181226T051055Z,1J.TI8A.,"['CH1', 'CH2', 'CHZ']",2018-12-26T05:10:55.430000Z,11.41
301,20181226T051055Z,1J.TI6A.,"['CH1', 'CH2', 'CHZ']",2018-12-26T05:10:55.430000Z,11.41
302,20181226T051250Z,1J.TI3A.,"['CH1', 'CH2', 'CHZ']",2018-12-26T05:12:50.870000Z,3.78
303,20181226T051444Z,1J.TI3A.,"['CH1', 'CH2', 'CHZ']",2018-12-26T05:14:44.770000Z,20.18
304,20181226T051444Z,1J.TI8A.,"['CH1', 'CH2', 'CHZ']",2018-12-26T05:14:44.770000Z,20.18
305,20181226T051625Z,1J.TI3A.,"['CH1', 'CH2', 'CHZ']",2018-12-26T05:16:25.450000Z,1.93
306,20181226T051647Z,1J.TI3A.,"['CH1', 'CH2', 'CHZ']",2018-12-26T05:16:47.740000Z,26.4
307,20181226T051647Z,1J.TI8A.,"['CH1', 'CH2', 'CHZ']",2018-12-26T05:16:47.740000Z,26.4
308,20181226T051647Z,1J.TI6A.,"['CH1', 'CH2', 'CHZ']",2018-12-26T05:16:47.740000Z,26.4
309,20181226T051826Z,1J.TI3A.,"['CH1', 'CH2', 'CHZ']",2018-12-26T05:18:26.800000Z,8.27
310,20181226T051826Z,1J.TI6A.,"['CH1', 'CH2', 'CHZ']",2018-12-26T05:18:26.800000Z,8.27
311,20181226T052206Z,1J.TI3A.,"['CH1', 'CH2', 'CHZ']",2018-12-26T05:22:06.280000Z,3.78
312,20181226T052300Z,1J.TI8A.,"['CH1', 'CH2', 'CHZ']",2018-12-26T05:23:00.290000Z,8.22
313,20181226T052359Z,1J.TI8A.,"['CH1', 'CH2', 'CHZ']",2018-12-26T05:23:59.930000Z,8.22
314,20181226T052626Z,1J.TI3A.,"['CH1', 'CH2', 'CHZ']",2018-12-26T05:26:26.300000Z,17.37
315,20181226T052626Z,1J.TI8A.,"['CH1', 'CH2', 'CHZ']",2018-12-26T05:26:26.300000Z,17.37
316,20181226T052626Z,1J.TI6A.,"['CH1', 'CH2', 'CHZ']",2018-12-26T05:26:26.300000Z,17.37
317,20181226T052803Z,1J.TI3A.,"['CH1', 'CH2', 'CHZ']",2018-12-26T05:28:03.800000Z,1.93
318,20181226T052839Z,1J.TI4A.,"['CH1', 'CH2', 'CHZ']",2018-12-26T05:28:39.670000Z,19.13
319,20181226T052839Z,1J.TI8A.,"['CH1', 'CH2', 'CHZ']",2018-12-26T05:28:39.670000Z,19.13
320,20181226T052839Z,1J.TI1A.,"['CH1', 'CH2', 'CHZ']",2018-12-26T05:28:39.670000Z,19.13
321,20181226T052914Z,1J.TI3A.,"['CH1', 'CH2', 'CHZ']",2018-12-26T05:29:14.430000Z,26.4
322,20181226T052914Z,1J.TI8A.,"['CH1', 'CH2', 'CHZ']",2018-12-26T05:29:14.430000Z,26.4
323,20181226T052914Z,1J.TI6A.,"['CH1', 'CH2', 'CHZ']",2018-12-26T05:29:14.430000Z,26.4
324,20181226T053117Z,1J.TI3A.,"['CH1', 'CH2', 'CHZ']",2018-12-26T05:31:17.600000Z,3.78
325,20181226T053345Z,1J.TI8A.,"['CH1', 'CH2', 'CHZ']",2018-12-26T05:33:45.900000Z,8.22
326,20181226T053444Z,1J.TI3A.,"['CH1', 'CH2', 'CHZ']",2018-12-26T05:34:44.610000Z,26.4
327,20181226T053444Z,1J.TI8A.,"['CH1', 'CH2', 'CHZ']",2018-12-26T05:34:44.610000Z,26.4
328,20181226T053444Z,1J.TI6A.,"['CH1', 'CH2', 'CHZ']",2018-12-26T05:34:44.610000Z,26.4
329,20181226T053700Z,1J.TI8A.,"['CH1', 'CH2', 'CHZ']",2018-12-26T05:37:00.960000Z,8.22
330,20181226T053722Z,1J.TI8A.,"['CH1', 'CH2', 'CHZ']",2018-12-26T05:37:22.740000Z,10.63
331,20181226T053858Z,1J.TI8A.,"['CH1', 'CH2', 'CHZ']",2018-12-26T05:38:58.750000Z,8.22
332,20181226T053921Z,1J.TI3A.,"['CH1', 'CH2', 'CHZ']",2018-12-26T05:39:21.870000Z,7.64
333,20181226T054114Z,1J.TI3A.,"['CH1', 'CH2', 'CHZ']",2018-12-26T05:41:14.430000Z,1.93
334,20181226T054309Z,1J.TI3A.,"['CH1', 'CH2', 'CHZ']",2018-12-26T05:43:09.830000Z,8.27
335,20181226T054309Z,1J.TI6A.,"['CH1', 'CH2', 'CHZ']",2018-12-26T05:43:09.830000Z,8.27
336,20181226T054855Z,1J.TI3A.,"['CH1', 'CH2', 'CHZ']",2018-12-26T05:48:55.350000Z,3.78
337,20181226T055137Z,1J.TI3A.,"['CH1', 'CH2', 'CHZ']",2018-12-26T05:51:37.700000Z,13.75
338,20181226T055137Z,1J.TI6A.,"['CH1', 'CH2', 'CHZ']",2018-12-26T05:51:37.700000Z,13.75
339,20181226T055229Z,1J.TI7A.,"['CH1', 'CH2', 'CHZ']",2018-12-26T05:52:29.200000Z,17.94
340,20181226T055537Z,1J.TI3A.,"['CH1', 'CH2', 'CHZ']",2018-12-26T05:55:37.270000Z,17.37
341,20181226T055537Z,1J.TI8A.,"['CH1', 'CH2', 'CHZ']",2018-12-26T05:55:37.270000Z,17.37
342,20181226T055537Z,1J.TI6A.,"['CH1', 'CH2', 'CHZ']",2018-12-26T05:55:37.270000Z,17.37
343,20181226T060043Z,1J.TI7A.,"['CH1', 'CH2', 'CHZ']",2018-12-26T06:00:43.380000Z,17.94
344,20181226T060246Z,1J.TI3A.,"['CH1', 'CH2', 'CHZ']",2018-12-26T06:02:46.350000Z,8.27
345,20181226T060246Z,1J.TI6A.,"['CH1', 'CH2', 'CHZ']",2018-12-26T06:02:46.350000Z,8.27
346,20181226T060546Z,1J.TI3A.,"['CH1', 'CH2', 'CHZ']",2018-12-26T06:05:46.850000Z,26.4
347,20181226T060546Z,1J.TI8A.,"['CH1', 'CH2', 'CHZ']",2018-12-26T06:05:46.850000Z,26.4
348,20181226T060546Z,1J.TI6A.,"['CH1', 'CH2', 'CHZ']",2018-12-26T06:05:46.850000Z,26.4
349,20181226T060622Z,1J.TI3A.,"['CH1', 'CH2', 'CHZ']",2018-12-26T06:06:22.280000Z,5.65
350,20181226T060635Z,1J.TI8A.,"['CH1', 'CH2', 'CHZ']",2018-12-26T06:06:35.970000Z,11.41
351,20181226T060635Z,1J.TI6A.,"['CH1', 'CH2', 'CHZ']",2018-12-26T06:06:35.970000Z,11.41
352,20181226T060649Z,1J.TI8A.,"['CH1', 'CH2', 'CHZ']",2018-12-26T06:06:49.460000Z,13.36
353,20181226T060728Z,1J.TI4A.,"['CH1', 'CH2', 'CHZ']",2018-12-26T06:07:28.640000Z,7.87
354,20181226T061032Z,1J.TI8A.,"['CH1', 'CH2', 'CHZ']",2018-12-26T06:10:32.180000Z,8.22
355,20181226T061105Z,1J.TI3A.,"['CH1', 'CH2', 'CHZ']",2018-12-26T06:11:05.890000Z,1.93
356,20181226T062126Z,1J.TI3A.,"['CH1', 'CH2', 'CHZ']",2018-12-26T06:21:26.700000Z,4.83
357,20181226T062211Z,1J.TI3A.,"['CH1', 'CH2', 'CHZ']",2018-12-26T06:22:11.550000Z,5.65
358,20181226T062246Z,1J.TI3A.,"['CH1', 'CH2', 'CHZ']",2018-12-26T06:22:46.040000Z,1.93
359,20181226T062432Z,1J.TI4A.,"['CH1', 'CH2', 'CHZ']",2018-12-26T06:24:32.560000Z,7.87
360,20181226T062553Z,1J.TI3A.,"['CH1', 'CH2', 'CHZ']",2018-12-26T06:25:53.420000Z,3.03
361,20181226T062827Z,1J.TI3A.,"['CH1', 'CH2', 'CHZ']",2018-12-26T06:28:27.430000Z,5.65
362,20181226T063026Z,1J.TI3A.,"['CH1', 'CH2', 'CHZ']",2018-12-26T06:30:26.610000Z,8.27
363,20181226T063026Z,1J.TI6A.,"['CH1', 'CH2', 'CHZ']",2018-12-26T06:30:26.610000Z,8.27
364,20181226T063253Z,1J.TI3A.,"['CH1', 'CH2', 'CHZ']",2018-12-26T06:32:53.360000Z,24.92
365,20181226T063253Z,1J.TI8A.,"['CH1', 'CH2', 'CHZ']",2018-12-26T06:32:53.360000Z,24.92
366,20181226T063253Z,1J.TI6A.,"['CH1', 'CH2', 'CHZ']",2018-12-26T06:32:53.360000Z,24.92
367,20181226T063253Z,1J.TI1A.,"['CH1', 'CH2', 'CHZ']",2018-12-26T06:32:53.360000Z,24.92
368,20181226T063508Z,1J.TI8A.,"['CH1', 'CH2', 'CHZ']",2018-12-26T06:35:08.420000Z,8.22
369,20181226T063646Z,1J.TI4A.,"['CH1', 'CH2', 'CHZ']",2018-12-26T06:36:46.190000Z,23.15
370,20181226T063646Z,1J.TI3A.,"['CH1', 'CH2', 'CHZ']",2018-12-26T06:36:46.190000Z,23.15
371,20181226T063646Z,1J.TI8A.,"['CH1', 'CH2', 'CHZ']",2018-12-26T06:36:46.190000Z,23.15
372,20181226T063646Z,1J.TI6A.,"['CH1', 'CH2', 'CHZ']",2018-12-26T06:36:46.190000Z,23.15
373,20181226T063812Z,1J.TI3A.,"['CH1', 'CH2', 'CHZ']",2018-12-26T06:38:12.040000Z,1.93
374,20181226T063846Z,1J.TI8A.,"['CH1', 'CH2', 'CHZ']",2018-12-26T06:38:46.410000Z,8.22
375,20181226T063916Z,1J.TI4A.,"['CH1', 'CH2', 'CHZ']",2018-12-26T06:39:16.780000Z,24.98
376,20181226T063916Z,1J.TI3A.,"['CH1', 'CH2', 'CHZ']",2018-12-26T06:39:16.780000Z,24.98
377,20181226T063916Z,1J.TI8A.,"['CH1', 'CH2', 'CHZ']",2018-12-26T06:39:16.780000Z,24.98
378,20181226T063916Z,1J.TI6A.,"['CH1', 'CH2', 'CHZ']",2018-12-26T06:39:16.780000Z,24.98
379,20181226T063916Z,1J.TI1A.,"['CH1', 'CH2', 'CHZ']",2018-12-26T06:39:16.780000Z,24.98
380,20181226T064047Z,1J.TI3A.,"['CH1', 'CH2', 'CHZ']",2018-12-26T06:40:47.540000Z,3.78
381,20181226T064303Z,1J.TI8A.,"['CH1', 'CH2', 'CHZ']",2018-12-26T06:43:03.790000Z,10.63
382,20181226T064347Z,1J.TI3A.,"['CH1', 'CH2', 'CHZ']",2018-12-26T06:43:47.620000Z,17.37
383,20181226T064347Z,1J.TI8A.,"['CH1', 'CH2', 'CHZ']",2018-12-26T06:43:47.620000Z,17.37
384,20181226T064347Z,1J.TI6A.,"['CH1', 'CH2', 'CHZ']",2018-12-26T06:43:47.620000Z,17.37
385,20181226T064419Z,1J.TI8A.,"['CH1', 'CH2', 'CHZ']",2018-12-26T06:44:19.770000Z,10.63
386,20181226T064550Z,1J.TI8A.,"['CH1', 'CH2', 'CHZ']",2018-12-26T06:45:50.200000Z,8.22
387,20181226T064707Z,1J.TI8A.,"['CH1', 'CH2', 'CHZ']",2018-12-26T06:47:07.000000Z,8.22
388,20181226T064848Z,1J.TI7A.,"['CH1', 'CH2', 'CHZ']",2018-12-26T06:48:48.890000Z,17.94
389,20181226T065016Z,1J.TI8A.,"['CH1', 'CH2', 'CHZ']",2018-12-26T06:50:16.500000Z,8.22
390,20181226T065105Z,1J.TI3A.,"['CH1', 'CH2', 'CHZ']",2018-12-26T06:51:05.360000Z,7.64
391,20181226T065342Z,1J.TI3A.,"['CH1', 'CH2', 'CHZ']",2018-12-26T06:53:42.580000Z,8.27
392,20181226T065342Z,1J.TI6A.,"['CH1', 'CH2', 'CHZ']",2018-12-26T06:53:42.580000Z,8.27
393,20181226T065525Z,1J.TI8A.,"['CH1', 'CH2', 'CHZ']",2018-12-26T06:55:25.220000Z,8.22
394,20181226T065607Z,1J.TI8A.,"['CH1', 'CH2', 'CHZ']",2018-12-26T06:56:07.550000Z,8.22
395,20181226T065854Z,1J.TI3A.,"['CH1', 'CH2', 'CHZ']",2018-12-26T06:58:54.600000Z,1.93
396,20181226T070016Z,1J.TI8A.,"['CH1', 'CH2', 'CHZ']",2018-12-26T07:00:16.830000Z,8.22
397,20181226T070053Z,1J.TI8A.,"['CH1', 'CH2', 'CHZ']",2018-12-26T07:00:53.950000Z,8.22
398,20181226T070204Z,1J.TI8A.,"['CH1', 'CH2', 'CHZ']",2018-12-26T07:02:04.180000Z,8.22
399,20181226T070501Z,1J.TI8A.,"['CH1', 'CH2', 'CHZ']",2018-12-26T07:05:01.070000Z,8.22
400,20181226T070649Z,1J.TI8A.,"['CH1', 'CH2', 'CHZ']",2018-12-26T07:06:49.820000Z,8.22
401,20181226T070730Z,1J.TI8A.,"['CH1', 'CH2', 'CHZ']",2018-12-26T07:07:30.400000Z,8.22
402,20181226T070753Z,1J.TI3A.,"['CH1', 'CH2', 'CHZ']",2018-12-26T07:07:53.950000Z,18.92
403,20181226T070753Z,1J.TI8A.,"['CH1', 'CH2', 'CHZ']",2018-12-26T07:07:53.950000Z,18.92
404,20181226T070753Z,1J.TI6A.,"['CH1', 'CH2', 'CHZ']",2018-12-26T07:07:53.950000Z,18.92
405,20181226T070949Z,1J.TI3A.,"['CH1', 'CH2', 'CHZ']",2018-12-26T07:09:49.920000Z,1.93
406,20181226T071005Z,1J.TI8A.,"['CH1', 'CH2', 'CHZ']",2018-12-26T07:10:05.880000Z,8.22
407,20181226T071049Z,1J.TI3A.,"['CH1', 'CH2', 'CHZ']",2018-12-26T07:10:49.760000Z,4.83
408,20181226T071128Z,1J.TI8A.,"['CH1', 'CH2', 'CHZ']",2018-12-26T07:11:28.060000Z,8.22
409,20181226T071208Z,1J.TI8A.,"['CH1', 'CH2', 'CHZ']",2018-12-26T07:12:08.010000Z,8.22
410,20181226T071250Z,1J.TI8A.,"['CH1', 'CH2', 'CHZ']",2018-12-26T07:12:50.420000Z,8.22
411,20181226T071329Z,1J.TI8A.,"['CH1', 'CH2', 'CHZ']",2018-12-26T07:13:29.330000Z,8.22
412,20181226T071416Z,1J.TI6A.,"['CH1', 'CH2', 'CHZ']",2018-12-26T07:14:16.460000Z,4.16
413,20181226T071440Z,1J.TI8A.,"['CH1', 'CH2', 'CHZ']",2018-12-26T07:14:40.900000Z,8.22
414,20181226T071527Z,1J.TI8A.,"['CH1', 'CH2', 'CHZ']",2018-12-26T07:15:27.200000Z,8.22
415,20181226T071608Z,1J.TI8A.,"['CH1', 'CH2', 'CHZ']",2018-12-26T07:16:08.570000Z,8.22
416,20181226T071654Z,1J.TI6A.,"['CH1', 'CH2', 'CHZ']",2018-12-26T07:16:54.110000Z,4.81
417,20181226T071736Z,1J.TI8A.,"['CH1', 'CH2', 'CHZ']",2018-12-26T07:17:36.160000Z,8.22
418,20181226T071816Z,1J.TI8A.,"['CH1', 'CH2', 'CHZ']",2018-12-26T07:18:16.410000Z,8.22
419,20181226T071855Z,1J.TI8A.,"['CH1', 'CH2', 'CHZ']",2018-12-26T07:18:55.670000Z,8.22
420,20181226T071936Z,1J.TI8A.,"['CH1', 'CH2', 'CHZ']",2018-12-26T07:19:36.210000Z,8.22
421,20181226T072023Z,1J.TI8A.,"['CH1', 'CH2', 'CHZ']",2018-12-26T07:20:23.660000Z,8.22
422,20181226T072112Z,1J.TI8A.,"['CH1', 'CH2', 'CHZ']",2018-12-26T07:21:12.240000Z,8.22
423,20181226T072152Z,1J.TI8A.,"['CH1', 'CH2', 'CHZ']",2018-12-26T07:21:52.840000Z,8.22
424,20181226T072228Z,1J.TI8A.,"['CH1', 'CH2', 'CHZ']",2018-12-26T07:22:28.640000Z,8.22
425,20181226T072352Z,1J.TI8A.,"['CH1', 'CH2', 'CHZ']",2018-12-26T07:23:52.310000Z,8.22
426,20181226T072520Z,1J.TI3A.,"['CH1', 'CH2', 'CHZ']",2018-12-26T07:25:20.140000Z,1.93
427,20181226T072539Z,1J.TI7A.,"['CH1', 'CH2', 'CHZ']",2018-12-26T07:25:39.740000Z,14.66
428,20181226T072650Z,1J.TI3A.,"['CH1', 'CH2', 'CHZ']",2018-12-26T07:26:50.500000Z,7.64
429,20181226T072813Z,1J.TI8A.,"['CH1', 'CH2', 'CHZ']",2018-12-26T07:28:13.750000Z,8.22
430,20181226T072848Z,1J.TI8A.,"['CH1', 'CH2', 'CHZ']",2018-12-26T07:28:48.350000Z,8.22
431,20181226T073052Z,1J.TI3A.,"['CH1', 'CH2', 'CHZ']",2018-12-26T07:30:52.340000Z,26.4
432,20181226T073052Z,1J.TI8A.,"['CH1', 'CH2', 'CHZ']",2018-12-26T07:30:52.340000Z,26.4
433,20181226T073052Z,1J.TI6A.,"['CH1', 'CH2', 'CHZ']",2018-12-26T07:30:52.340000Z,26.4
434,20181226T073313Z,1J.TI3A.,"['CH1', 'CH2', 'CHZ']",2018-12-26T07:33:13.470000Z,4.83
435,20181226T073345Z,1J.TI8A.,"['CH1', 'CH2', 'CHZ']",2018-12-26T07:33:45.900000Z,8.22
436,20181226T073453Z,1J.TI8A.,"['CH1', 'CH2', 'CHZ']",2018-12-26T07:34:53.940000Z,8.22
437,20181226T073529Z,1J.TI3A.,"['CH1', 'CH2', 'CHZ']",2018-12-26T07:35:29.410000Z,17.37
438,20181226T073529Z,1J.TI8A.,"['CH1', 'CH2', 'CHZ']",2018-12-26T07:35:29.410000Z,17.37
439,20181226T073529Z,1J.TI6A.,"['CH1', 'CH2', 'CHZ']",2018-12-26T07:35:29.410000Z,17.37
440,20181226T073548Z,1J.TI8A.,"['CH1', 'CH2', 'CHZ']",2018-12-26T07:35:48.640000Z,8.22
441,20181226T073656Z,1J.TI3A.,"['CH1', 'CH2', 'CHZ']",2018-12-26T07:36:56.290000Z,1.93
442,20181226T073734Z,1J.TI8A.,"['CH1', 'CH2', 'CHZ']",2018-12-26T07:37:34.460000Z,10.63
443,20181226T073914Z,1J.TI3A.,"['CH1', 'CH2', 'CHZ']",2018-12-26T07:39:14.820000Z,20.18
444,20181226T073914Z,1J.TI8A.,"['CH1', 'CH2', 'CHZ']",2018-12-26T07:39:14.820000Z,20.18
445,20181226T074100Z,1J.TI6A.,"['CH1', 'CH2', 'CHZ']",2018-12-26T07:41:00.910000Z,4.16
446,20181226T074134Z,1J.TI8A.,"['CH1', 'CH2', 'CHZ']",2018-12-26T07:41:34.220000Z,8.22
447,20181226T074220Z,1J.TI8A.,"['CH1', 'CH2', 'CHZ']",2018-12-26T07:42:20.630000Z,8.22
448,20181226T074303Z,1J.TI8A.,"['CH1', 'CH2', 'CHZ']",2018-12-26T07:43:03.400000Z,8.22
449,20181226T074333Z,1J.TI8A.,"['CH1', 'CH2', 'CHZ']",2018-12-26T07:43:33.950000Z,8.22
450,20181226T074412Z,1J.TI8A.,"['CH1', 'CH2', 'CHZ']",2018-12-26T07:44:12.740000Z,8.22
451,20181226T074528Z,1J.TI8A.,"['CH1', 'CH2', 'CHZ']",2018-12-26T07:45:28.610000Z,8.22
452,20181226T074615Z,1J.TI8A.,"['CH1', 'CH2', 'CHZ']",2018-12-26T07:46:15.060000Z,8.22
453,20181226T074634Z,1J.TI8A.,"['CH1', 'CH2', 'CHZ']",2018-12-26T07:46:34.480000Z,21.19
454,20181226T074634Z,1J.TI6A.,"['CH1', 'CH2', 'CHZ']",2018-12-26T07:46:34.480000Z,21.19
455,20181226T074716Z,1J.TI8A.,"['CH1', 'CH2', 'CHZ']",2018-12-26T07:47:16.750000Z,8.22
456,20181226T074825Z,1J.TI8A.,"['CH1', 'CH2', 'CHZ']",2018-12-26T07:48:25.490000Z,8.22
457,20181226T074858Z,1J.TI8A.,"['CH1', 'CH2', 'CHZ']",2018-12-26T07:48:58.250000Z,8.22
458,20181226T075009Z,1J.TI8A.,"['CH1', 'CH2', 'CHZ']",2018-12-26T07:50:09.370000Z,8.22
459,20181226T075250Z,1J.TI8A.,"['CH1', 'CH2', 'CHZ']",2018-12-26T07:52:50.910000Z,8.22
460,20181226T075354Z,1J.TI3A.,"['CH1', 'CH2', 'CHZ']",2018-12-26T07:53:54.880000Z,1.93
461,20181226T075801Z,1J.TI8A.,"['CH1', 'CH2', 'CHZ']",2018-12-26T07:58:01.860000Z,8.22
462,20181226T075856Z,1J.TI8A.,"['CH1', 'CH2', 'CHZ']",2018-12-26T07:58:56.970000Z,8.22
463,20181226T075947Z,1J.TI3A.,"['CH1', 'CH2', 'CHZ']",2018-12-26T07:59:47.530000Z,17.37
464,20181226T075947Z,1J.TI8A.,"['CH1', 'CH2', 'CHZ']",2018-12-26T07:59:47.530000Z,17.37
465,20181226T075947Z,1J.TI6A.,"['CH1', 'CH2', 'CHZ']",2018-12-26T07:59:47.530000Z,17.37
466,20181226T080001Z,1J.TI8A.,"['CH1', 'CH2', 'CHZ']",2018-12-26T08:00:01.770000Z,8.22
467,20181226T080034Z,1J.TI8A.,"['CH1', 'CH2', 'CHZ']",2018-12-26T08:00:34.760000Z,8.22
468,20181226T080103Z,1J.TI8A.,"['CH1', 'CH2', 'CHZ']",2018-12-26T08:01:03.710000Z,8.22
469,20181226T080130Z,1J.TI8A.,"['CH1', 'CH2', 'CHZ']",2018-12-26T08:01:30.680000Z,8.22
470,20181226T080232Z,1J.TI8A.,"['CH1', 'CH2', 'CHZ']",2018-12-26T08:02:32.560000Z,8.22
471,20181226T080312Z,1J.TI8A.,"['CH1', 'CH2', 'CHZ']",2018-12-26T08:03:12.750000Z,8.22
472,20181226T080325Z,1J.TI3A.,"['CH1', 'CH2', 'CHZ']",2018-12-26T08:03:25.850000Z,1.93
473,20181226T080352Z,1J.TI8A.,"['CH1', 'CH2', 'CHZ']",2018-12-26T08:03:52.520000Z,8.22
474,20181226T080455Z,1J.TI8A.,"['CH1', 'CH2', 'CHZ']",2018-12-26T08:04:55.330000Z,8.22
475,20181226T080522Z,1J.TI3A.,"['CH1', 'CH2', 'CHZ']",2018-12-26T08:05:22.270000Z,8.27
476,20181226T080522Z,1J.TI6A.,"['CH1', 'CH2', 'CHZ']",2018-12-26T08:05:22.270000Z,8.27
477,20181226T080635Z,1J.TI8A.,"['CH1', 'CH2', 'CHZ']",2018-12-26T08:06:35.790000Z,8.22
478,20181226T080719Z,1J.TI8A.,"['CH1', 'CH2', 'CHZ']",2018-12-26T08:07:19.120000Z,8.22
479,20181226T080802Z,1J.TI8A.,"['CH1', 'CH2', 'CHZ']",2018-12-26T08:08:02.480000Z,8.22
480,20181226T080847Z,1J.TI8A.,"['CH1', 'CH2', 'CHZ']",2018-12-26T08:08:47.700000Z,8.22
481,20181226T080935Z,1J.TI8A.,"['CH1', 'CH2', 'CHZ']",2018-12-26T08:09:35.740000Z,8.22
482,20181226T081010Z,1J.TI8A.,"['CH1', 'CH2', 'CHZ']",2018-12-26T08:10:10.540000Z,8.22
483,20181226T081103Z,1J.TI8A.,"['CH1', 'CH2', 'CHZ']",2018-12-26T08:11:03.170000Z,8.22
484,20181226T081154Z,1J.TI8A.,"['CH1', 'CH2', 'CHZ']",2018-12-26T08:11:54.460000Z,8.22
485,20181226T081244Z,1J.TI8A.,"['CH1', 'CH2', 'CHZ']",2018-12-26T08:12:44.290000Z,8.22
486,20181226T081327Z,1J.TI8A.,"['CH1', 'CH2', 'CHZ']",2018-12-26T08:13:27.760000Z,8.22
487,20181226T081411Z,1J.TI8A.,"['CH1', 'CH2', 'CHZ']",2018-12-26T08:14:11.790000Z,8.22
488,20181226T081449Z,1J.TI8A.,"['CH1', 'CH2', 'CHZ']",2018-12-26T08:14:49.020000Z,8.22
489,20181226T081510Z,1J.TI3A.,"['CH1', 'CH2', 'CHZ']",2018-12-26T08:15:10.700000Z,4.83
490,20181226T081527Z,1J.TI8A.,"['CH1', 'CH2', 'CHZ']",2018-12-26T08:15:27.560000Z,8.22
491,20181226T081552Z,1J.TI3A.,"['CH1', 'CH2', 'CHZ']",2018-12-26T08:15:52.840000Z,1.93
492,20181226T081612Z,1J.TI8A.,"['CH1', 'CH2', 'CHZ']",2018-12-26T08:16:12.230000Z,8.22
493,20181226T081654Z,1J.TI8A.,"['CH1', 'CH2', 'CHZ']",2018-12-26T08:16:54.960000Z,8.22
494,20181226T081708Z,1J.TI3A.,"['CH1', 'CH2', 'CHZ']",2018-12-26T08:17:08.240000Z,20.18
495,20181226T081708Z,1J.TI8A.,"['CH1', 'CH2', 'CHZ']",2018-12-26T08:17:08.240000Z,20.18
496,20181226T081823Z,1J.TI8A.,"['CH1', 'CH2', 'CHZ']",2018-12-26T08:18:23.310000Z,8.22
497,20181226T081834Z,1J.TI7A.,"['CH1', 'CH2', 'CHZ']",2018-12-26T08:18:34.770000Z,14.66
498,20181226T081858Z,1J.TI8A.,"['CH1', 'CH2', 'CHZ']",2018-12-26T08:18:58.490000Z,8.22
499,20181226T081940Z,1J.TI8A.,"['CH1', 'CH2', 'CHZ']",2018-12-26T08:19:40.010000Z,8.22
500,20181226T082020Z,1J.TI8A.,"['CH1', 'CH2', 'CHZ']",2018-12-26T08:20:20.760000Z,8.22
501,20181226T082036Z,1J.TI3A.,"['CH1', 'CH2', 'CHZ']",2018-12-26T08:20:36.180000Z,4.83
502,20181226T082105Z,1J.TI8A.,"['CH1', 'CH2', 'CHZ']",2018-12-26T08:21:05.150000Z,8.22
503,20181226T082144Z,1J.TI8A.,"['CH1', 'CH2', 'CHZ']",2018-12-26T08:21:44.140000Z,8.22
504,20181226T082210Z,1J.TI8A.,"['CH1', 'CH2', 'CHZ']",2018-12-26T08:22:10.550000Z,8.22
505,20181226T082250Z,1J.TI8A.,"['CH1', 'CH2', 'CHZ']",2018-12-26T08:22:50.950000Z,8.22
506,20181226T082322Z,1J.TI8A.,"['CH1', 'CH2', 'CHZ']",2018-12-26T08:23:22.670000Z,8.22
507,20181226T082352Z,1J.TI8A.,"['CH1', 'CH2', 'CHZ']",2018-12-26T08:23:52.850000Z,8.22
508,20181226T082418Z,1J.TI6A.,"['CH1', 'CH2', 'CHZ']",2018-12-26T08:24:18.590000Z,5.52
509,20181226T082418Z,1J.TI1A.,"['CH1', 'CH2', 'CHZ']",2018-12-26T08:24:18.590000Z,5.52
510,20181226T082431Z,1J.TI3A.,"['CH1', 'CH2', 'CHZ']",2018-12-26T08:24:31.220000Z,18.92
511,20181226T082431Z,1J.TI8A.,"['CH1', 'CH2', 'CHZ']",2018-12-26T08:24:31.220000Z,18.92
512,20181226T082431Z,1J.TI6A.,"['CH1', 'CH2', 'CHZ']",2018-12-26T08:24:31.220000Z,18.92
513,20181226T082442Z,1J.TI8A.,"['CH1', 'CH2', 'CHZ']",2018-12-26T08:24:42.620000Z,11.41
514,20181226T082442Z,1J.TI6A.,"['CH1', 'CH2', 'CHZ']",2018-12-26T08:24:42.620000Z,11.41
515,20181226T082502Z,1J.TI8A.,"['CH1', 'CH2', 'CHZ']",2018-12-26T08:25:02.620000Z,8.22
516,20181226T082532Z,1J.TI8A.,"['CH1', 'CH2', 'CHZ']",2018-12-26T08:25:32.360000Z,8.22
517,20181226T082606Z,1J.TI8A.,"['CH1', 'CH2', 'CHZ']",2018-12-26T08:26:06.520000Z,8.22
518,20181226T082620Z,1J.TI6A.,"['CH1', 'CH2', 'CHZ']",2018-12-26T08:26:20.860000Z,4.16
519,20181226T082637Z,1J.TI8A.,"['CH1', 'CH2', 'CHZ']",2018-12-26T08:26:37.270000Z,8.22
520,20181226T082648Z,1J.TI3A.,"['CH1', 'CH2', 'CHZ']",2018-12-26T08:26:48.910000Z,3.78
521,20181226T082736Z,1J.TI8A.,"['CH1', 'CH2', 'CHZ']",2018-12-26T08:27:36.640000Z,8.22
522,20181226T082802Z,1J.TI8A.,"['CH1', 'CH2', 'CHZ']",2018-12-26T08:28:02.100000Z,8.22
523,20181226T082815Z,1J.TI7A.,"['CH1', 'CH2', 'CHZ']",2018-12-26T08:28:15.780000Z,17.94
524,20181226T082829Z,1J.TI8A.,"['CH1', 'CH2', 'CHZ']",2018-12-26T08:28:29.410000Z,8.22
525,20181226T082910Z,1J.TI8A.,"['CH1', 'CH2', 'CHZ']",2018-12-26T08:29:10.610000Z,8.22
526,20181226T082950Z,1J.TI8A.,"['CH1', 'CH2', 'CHZ']",2018-12-26T08:29:50.800000Z,8.22
527,20181226T083028Z,1J.TI8A.,"['CH1', 'CH2', 'CHZ']",2018-12-26T08:30:28.590000Z,8.22
528,20181226T083159Z,1J.TI8A.,"['CH1', 'CH2', 'CHZ']",2018-12-26T08:31:59.110000Z,8.22
529,20181226T083209Z,1J.TI3A.,"['CH1', 'CH2', 'CHZ']",2018-12-26T08:32:09.640000Z,7.64
530,20181226T083320Z,1J.TI8A.,"['CH1', 'CH2', 'CHZ']",2018-12-26T08:33:20.860000Z,8.22
531,20181226T083708Z,1J.TI3A.,"['CH1', 'CH2', 'CHZ']",2018-12-26T08:37:08.950000Z,1.93
532,20181226T083734Z,1J.TI8A.,"['CH1', 'CH2', 'CHZ']",2018-12-26T08:37:34.390000Z,8.22
533,20181226T084054Z,1J.TI8A.,"['CH1', 'CH2', 'CHZ']",2018-12-26T08:40:54.230000Z,10.63
534,20181226T084234Z,1J.TI8A.,"['CH1', 'CH2', 'CHZ']",2018-12-26T08:42:34.020000Z,8.22
535,20181226T084315Z,1J.TI8A.,"['CH1', 'CH2', 'CHZ']",2018-12-26T08:43:15.470000Z,8.22
536,20181226T084340Z,1J.TI8A.,"['CH1', 'CH2', 'CHZ']",2018-12-26T08:43:40.920000Z,8.22
537,20181226T084424Z,1J.TI8A.,"['CH1', 'CH2', 'CHZ']",2018-12-26T08:44:24.320000Z,8.22
538,20181226T084510Z,1J.TI8A.,"['CH1', 'CH2', 'CHZ']",2018-12-26T08:45:10.760000Z,8.22
539,20181226T084603Z,1J.TI3A.,"['CH1', 'CH2', 'CHZ']",2018-12-26T08:46:03.280000Z,1.93
540,20181226T084647Z,1J.TI8A.,"['CH1', 'CH2', 'CHZ']",2018-12-26T08:46:47.420000Z,8.22
541,20181226T084723Z,1J.TI8A.,"['CH1', 'CH2', 'CHZ']",2018-12-26T08:47:23.590000Z,8.22
542,20181226T084758Z,1J.TI8A.,"['CH1', 'CH2', 'CHZ']",2018-12-26T08:47:58.300000Z,8.22
543,20181226T084834Z,1J.TI8A.,"['CH1', 'CH2', 'CHZ']",2018-12-26T08:48:34.560000Z,8.22
544,20181226T084922Z,1J.TI8A.,"['CH1', 'CH2', 'CHZ']",2018-12-26T08:49:22.310000Z,8.22
545,20181226T085013Z,1J.TI3A.,"['CH1', 'CH2', 'CHZ']",2018-12-26T08:50:13.390000Z,26.4
546,20181226T085013Z,1J.TI8A.,"['CH1', 'CH2', 'CHZ']",2018-12-26T08:50:13.390000Z,26.4
547,20181226T085013Z,1J.TI6A.,"['CH1', 'CH2', 'CHZ']",2018-12-26T08:50:13.390000Z,26.4
548,20181226T085157Z,1J.TI8A.,"['CH1', 'CH2', 'CHZ']",2018-12-26T08:51:57.190000Z,8.22
549,20181226T085252Z,1J.TI8A.,"['CH1', 'CH2', 'CHZ']",2018-12-26T08:52:52.580000Z,8.22
550,20181226T085433Z,1J.TI8A.,"['CH1', 'CH2', 'CHZ']",2018-12-26T08:54:33.130000Z,8.22
551,20181226T085514Z,1J.TI8A.,"['CH1', 'CH2', 'CHZ']",2018-12-26T08:55:14.520000Z,8.22
552,20181226T085539Z,1J.TI6A.,"['CH1', 'CH2', 'CHZ']",2018-12-26T08:55:39.470000Z,4.16
553,20181226T085553Z,1J.TI8A.,"['CH1', 'CH2', 'CHZ']",2018-12-26T08:55:53.800000Z,8.22
554,20181226T085632Z,1J.TI8A.,"['CH1', 'CH2', 'CHZ']",2018-12-26T08:56:32.260000Z,8.22
555,20181226T085652Z,1J.TI3A.,"['CH1', 'CH2', 'CHZ']",2018-12-26T08:56:52.640000Z,1.93
556,20181226T085735Z,1J.TI8A.,"['CH1', 'CH2', 'CHZ']",2018-12-26T08:57:35.080000Z,8.22
557,20181226T085829Z,1J.TI3A.,"['CH1', 'CH2', 'CHZ']",2018-12-26T08:58:29.710000Z,18.6
558,20181226T085829Z,1J.TI6A.,"['CH1', 'CH2', 'CHZ']",2018-12-26T08:58:29.710000Z,18.6
559,20181226T085910Z,1J.TI8A.,"['CH1', 'CH2', 'CHZ']",2018-12-26T08:59:10.600000Z,8.22
560,20181226T085952Z,1J.TI8A.,"['CH1', 'CH2', 'CHZ']",2018-12-26T08:59:52.310000Z,8.22
561,20181226T090032Z,1J.TI8A.,"['CH1', 'CH2', 'CHZ']",2018-12-26T09:00:32.930000Z,8.22
562,20181226T090115Z,1J.TI8A.,"['CH1', 'CH2', 'CHZ']",2018-12-26T09:01:15.400000Z,8.22
563,20181226T090201Z,1J.TI8A.,"['CH1', 'CH2', 'CHZ']",2018-12-26T09:02:01.340000Z,8.22
564,20181226T090240Z,1J.TI8A.,"['CH1', 'CH2', 'CHZ']",2018-12-26T09:02:40.110000Z,8.22
565,20181226T090320Z,1J.TI8A.,"['CH1', 'CH2', 'CHZ']",2018-12-26T09:03:20.440000Z,8.22
566,20181226T090413Z,1J.TI3A.,"['CH1', 'CH2', 'CHZ']",2018-12-26T09:04:13.460000Z,3.78
567,20181226T090445Z,1J.TI8A.,"['CH1', 'CH2', 'CHZ']",2018-12-26T09:04:45.190000Z,8.22
568,20181226T090505Z,1J.TI3A.,"['CH1', 'CH2', 'CHZ']",2018-12-26T09:05:05.990000Z,1.93
569,20181226T090530Z,1J.TI8A.,"['CH1', 'CH2', 'CHZ']",2018-12-26T09:05:30.480000Z,8.22
570,20181226T090606Z,1J.TI8A.,"['CH1', 'CH2', 'CHZ']",2018-12-26T09:06:06.540000Z,8.22
571,20181226T090638Z,1J.TI3A.,"['CH1', 'CH2', 'CHZ']",2018-12-26T09:06:38.380000Z,13.75
572,20181226T090638Z,1J.TI6A.,"['CH1', 'CH2', 'CHZ']",2018-12-26T09:06:38.380000Z,13.75
573,20181226T090655Z,1J.TI8A.,"['CH1', 'CH2', 'CHZ']",2018-12-26T09:06:55.820000Z,8.22
574,20181226T090821Z,1J.TI8A.,"['CH1', 'CH2', 'CHZ']",2018-12-26T09:08:21.740000Z,8.22
575,20181226T090904Z,1J.TI3A.,"['CH1', 'CH2', 'CHZ']",2018-12-26T09:09:04.860000Z,18.92
576,20181226T090904Z,1J.TI8A.,"['CH1', 'CH2', 'CHZ']",2018-12-26T09:09:04.860000Z,18.92
577,20181226T090904Z,1J.TI6A.,"['CH1', 'CH2', 'CHZ']",2018-12-26T09:09:04.860000Z,18.92
578,20181226T090926Z,1J.TI8A.,"['CH1', 'CH2', 'CHZ']",2018-12-26T09:09:26.040000Z,8.22
579,20181226T091006Z,1J.TI8A.,"['CH1', 'CH2', 'CHZ']",2018-12-26T09:10:06.180000Z,8.22
580,20181226T091113Z,1J.TI8A.,"['CH1', 'CH2', 'CHZ']",2018-12-26T09:11:13.800000Z,8.22
581,20181226T091152Z,1J.TI8A.,"['CH1', 'CH2', 'CHZ']",2018-12-26T09:11:52.020000Z,8.22
582,20181226T091236Z,1J.TI3A.,"['CH1', 'CH2', 'CHZ']",2018-12-26T09:12:36.090000Z,1.93
583,20181226T091652Z,1J.TI3A.,"['CH1', 'CH2', 'CHZ']",2018-12-26T09:16:52.970000Z,8.27
584,20181226T091652Z,1J.TI6A.,"['CH1', 'CH2', 'CHZ']",2018-12-26T09:16:52.970000Z,8.27
585,20181226T091947Z,1J.TI3A.,"['CH1', 'CH2', 'CHZ']",2018-12-26T09:19:47.780000Z,1.93
586,20181226T092105Z,1J.TI8A.,"['CH1', 'CH2', 'CHZ']",2018-12-26T09:21:05.560000Z,8.22
587,20181226T092221Z,1J.TI8A.,"['CH1', 'CH2', 'CHZ']",2018-12-26T09:22:21.340000Z,8.22
588,20181226T092257Z,1J.TI8A.,"['CH1', 'CH2', 'CHZ']",2018-12-26T09:22:57.440000Z,11.41
589,20181226T092257Z,1J.TI6A.,"['CH1', 'CH2', 'CHZ']",2018-12-26T09:22:57.440000Z,11.41
590,20181226T092308Z,1J.TI8A.,"['CH1', 'CH2', 'CHZ']",2018-12-26T09:23:08.810000Z,10.03
591,20181226T092341Z,1J.TI8A.,"['CH1', 'CH2', 'CHZ']",2018-12-26T09:23:41.180000Z,8.22
592,20181226T092424Z,1J.TI7A.,"['CH1', 'CH2', 'CHZ']",2018-12-26T09:24:24.450000Z,17.94
593,20181226T092507Z,1J.TI8A.,"['CH1', 'CH2', 'CHZ']",2018-12-26T09:25:07.320000Z,8.22
594,20181226T092548Z,1J.TI8A.,"['CH1', 'CH2', 'CHZ']",2018-12-26T09:25:48.400000Z,8.22
595,20181226T092631Z,1J.TI8A.,"['CH1', 'CH2', 'CHZ']",2018-12-26T09:26:31.200000Z,8.22
596,20181226T092706Z,1J.TI8A.,"['CH1', 'CH2', 'CHZ']",2018-12-26T09:27:06.770000Z,8.22
597,20181226T092808Z,1J.TI8A.,"['CH1', 'CH2', 'CHZ']",2018-12-26T09:28:08.840000Z,8.22
598,20181226T092845Z,1J.TI8A.,"['CH1', 'CH2', 'CHZ']",2018-12-26T09:28:45.070000Z,8.22
599,20181226T092920Z,1J.TI8A.,"['CH1', 'CH2', 'CHZ']",2018-12-26T09:29:20.240000Z,8.22
600,20181226T092953Z,1J.TI8A.,"['CH1', 'CH2', 'CHZ']",2018-12-26T09:29:53.110000Z,8.22
601,20181226T093008Z,1J.TI3A.,"['CH1', 'CH2', 'CHZ']",2018-12-26T09:30:08.790000Z,17.37
602,20181226T093008Z,1J.TI8A.,"['CH1', 'CH2', 'CHZ']",2018-12-26T09:30:08.790000Z,17.37
603,20181226T093008Z,1J.TI6A.,"['CH1', 'CH2', 'CHZ']",2018-12-26T09:30:08.790000Z,17.37
604,20181226T093025Z,1J.TI8A.,"['CH1', 'CH2', 'CHZ']",2018-12-26T09:30:25.020000Z,8.22
605,20181226T093114Z,1J.TI8A.,"['CH1', 'CH2', 'CHZ']",2018-12-26T09:31:14.290000Z,8.22
606,20181226T093159Z,1J.TI3A.,"['CH1', 'CH2', 'CHZ']",2018-12-26T09:31:59.910000Z,1.93
607,20181226T093221Z,1J.TI8A.,"['CH1', 'CH2', 'CHZ']",2018-12-26T09:32:21.560000Z,21.19
608,20181226T093221Z,1J.TI6A.,"['CH1', 'CH2', 'CHZ']",2018-12-26T09:32:21.560000Z,21.19
609,20181226T093254Z,1J.TI8A.,"['CH1', 'CH2', 'CHZ']",2018-12-26T09:32:54.970000Z,8.22
610,20181226T093637Z,1J.TI8A.,"['CH1', 'CH2', 'CHZ']",2018-12-26T09:36:37.250000Z,8.22
611,20181226T093726Z,1J.TI3A.,"['CH1', 'CH2', 'CHZ']",2018-12-26T09:37:26.630000Z,7.64
612,20181226T093746Z,1J.TI8A.,"['CH1', 'CH2', 'CHZ']",2018-12-26T09:37:46.520000Z,8.22
613,20181226T093856Z,1J.TI8A.,"['CH1', 'CH2', 'CHZ']",2018-12-26T09:38:56.720000Z,8.22
614,20181226T093911Z,1J.TI7A.,"['CH1', 'CH2', 'CHZ']",2018-12-26T09:39:11.640000Z,17.94
615,20181226T093950Z,1J.TI8A.,"['CH1', 'CH2', 'CHZ']",2018-12-26T09:39:50.410000Z,8.22
616,20181226T094048Z,1J.TI8A.,"['CH1', 'CH2', 'CHZ']",2018-12-26T09:40:48.920000Z,8.22
617,20181226T094237Z,1J.TI8A.,"['CH1', 'CH2', 'CHZ']",2018-12-26T09:42:37.100000Z,8.22
618,20181226T094320Z,1J.TI8A.,"['CH1', 'CH2', 'CHZ']",2018-12-26T09:43:20.050000Z,8.22
619,20181226T094416Z,1J.TI8A.,"['CH1', 'CH2', 'CHZ']",2018-12-26T09:44:16.180000Z,19.24
620,20181226T094536Z,1J.TI3A.,"['CH1', 'CH2', 'CHZ']",2018-12-26T09:45:36.920000Z,24.92
621,20181226T094536Z,1J.TI8A.,"['CH1', 'CH2', 'CHZ']",2018-12-26T09:45:36.920000Z,24.92
622,20181226T094536Z,1J.TI6A.,"['CH1', 'CH2', 'CHZ']",2018-12-26T09:45:36.920000Z,24.92
623,20181226T094536Z,1J.TI1A.,"['CH1', 'CH2', 'CHZ']",2018-12-26T09:45:36.920000Z,24.92
624,20181226T094558Z,1J.TI3A.,"['CH1', 'CH2', 'CHZ']",2018-12-26T09:45:58.070000Z,1.93
625,20181226T095040Z,1J.TI8A.,"['CH1', 'CH2', 'CHZ']",2018-12-26T09:50:40.000000Z,8.22
626,20181226T095211Z,1J.TI3A.,"['CH1', 'CH2', 'CHZ']",2018-12-26T09:52:11.060000Z,18.6
627,20181226T095211Z,1J.TI6A.,"['CH1', 'CH2', 'CHZ']",2018-12-26T09:52:11.060000Z,18.6
628,20181226T095435Z,1J.TI3A.,"['CH1', 'CH2', 'CHZ']",2018-12-26T09:54:35.020000Z,26.4
629,20181226T095435Z,1J.TI8A.,"['CH1', 'CH2', 'CHZ']",2018-12-26T09:54:35.020000Z,26.4
630,20181226T095435Z,1J.TI6A.,"['CH1', 'CH2', 'CHZ']",2018-12-26T09:54:35.020000Z,26.4
631,20181226T095628Z,1J.TI3A.,"['CH1', 'CH2', 'CHZ']",2018-12-26T09:56:28.710000Z,1.93
632,20181226T095732Z,1J.TI8A.,"['CH1', 'CH2', 'CHZ']",2018-12-26T09:57:32.210000Z,8.22
633,20181226T095845Z,1J.TI8A.,"['CH1', 'CH2', 'CHZ']",2018-12-26T09:58:45.940000Z,8.22
634,20181226T095929Z,1J.TI8A.,"['CH1', 'CH2', 'CHZ']",2018-12-26T09:59:29.460000Z,8.22
635,20181226T095953Z,1J.TI3A.,"['CH1', 'CH2', 'CHZ']",2018-12-26T09:59:53.020000Z,8.27
636,20181226T095953Z,1J.TI6A.,"['CH1', 'CH2', 'CHZ']",2018-12-26T09:59:53.020000Z,8.27
637,20181226T100017Z,1J.TI8A.,"['CH1', 'CH2', 'CHZ']",2018-12-26T10:00:17.300000Z,8.22
638,20181226T100105Z,1J.TI8A.,"['CH1', 'CH2', 'CHZ']",2018-12-26T10:01:05.290000Z,10.63
639,20181226T100208Z,1J.TI8A.,"['CH1', 'CH2', 'CHZ']",2018-12-26T10:02:08.720000Z,8.22
640,20181226T100238Z,1J.TI3A.,"['CH1', 'CH2', 'CHZ']",2018-12-26T10:02:38.030000Z,1.93
641,20181226T100325Z,1J.TI8A.,"['CH1', 'CH2', 'CHZ']",2018-12-26T10:03:25.140000Z,8.22
642,20181226T100345Z,1J.TI4A.,"['CH1', 'CH2', 'CHZ']",2018-12-26T10:03:45.330000Z,26.17
643,20181226T100345Z,1J.TI3A.,"['CH1', 'CH2', 'CHZ']",2018-12-26T10:03:45.330000Z,26.17
644,20181226T100345Z,1J.TI8A.,"['CH1', 'CH2', 'CHZ']",2018-12-26T10:03:45.330000Z,26.17
645,20181226T100345Z,1J.TI1A.,"['CH1', 'CH2', 'CHZ']",2018-12-26T10:03:45.330000Z,26.17
646,20181226T100420Z,1J.TI3A.,"['CH1', 'CH2', 'CHZ']",2018-12-26T10:04:20.620000Z,20.18
647,20181226T100420Z,1J.TI8A.,"['CH1', 'CH2', 'CHZ']",2018-12-26T10:04:20.620000Z,20.18
648,20181226T100550Z,1J.TI8A.,"['CH1', 'CH2', 'CHZ']",2018-12-26T10:05:50.030000Z,8.22
649,20181226T100644Z,1J.TI8A.,"['CH1', 'CH2', 'CHZ']",2018-12-26T10:06:44.750000Z,8.22
650,20181226T100746Z,1J.TI3A.,"['CH1', 'CH2', 'CHZ']",2018-12-26T10:07:46.160000Z,1.93
651,20181226T100838Z,1J.TI8A.,"['CH1', 'CH2', 'CHZ']",2018-12-26T10:08:38.000000Z,8.22
652,20181226T100926Z,1J.TI8A.,"['CH1', 'CH2', 'CHZ']",2018-12-26T10:09:26.300000Z,8.22
653,20181226T101015Z,1J.TI8A.,"['CH1', 'CH2', 'CHZ']",2018-12-26T10:10:15.940000Z,8.22
654,20181226T101103Z,1J.TI8A.,"['CH1', 'CH2', 'CHZ']",2018-12-26T10:11:03.200000Z,8.22
655,20181226T101151Z,1J.TI8A.,"['CH1', 'CH2', 'CHZ']",2018-12-26T10:11:51.620000Z,8.22
656,20181226T101244Z,1J.TI8A.,"['CH1', 'CH2', 'CHZ']",2018-12-26T10:12:44.640000Z,8.22
657,20181226T101332Z,1J.TI3A.,"['CH1', 'CH2', 'CHZ']",2018-12-26T10:13:32.840000Z,3.78
658,20181226T101420Z,1J.TI8A.,"['CH1', 'CH2', 'CHZ']",2018-12-26T10:14:20.740000Z,8.22
659,20181226T101506Z,1J.TI8A.,"['CH1', 'CH2', 'CHZ']",2018-12-26T10:15:06.380000Z,8.22
660,20181226T101555Z,1J.TI3A.,"['CH1', 'CH2', 'CHZ']",2018-12-26T10:15:55.520000Z,18.92
661,20181226T101555Z,1J.TI8A.,"['CH1', 'CH2', 'CHZ']",2018-12-26T10:15:55.520000Z,18.92
662,20181226T101555Z,1J.TI6A.,"['CH1', 'CH2', 'CHZ']",2018-12-26T10:15:55.520000Z,18.92
663,20181226T101730Z,1J.TI3A.,"['CH1', 'CH2', 'CHZ']",2018-12-26T10:17:30.600000Z,1.93
664,20181226T101803Z,1J.TI8A.,"['CH1', 'CH2', 'CHZ']",2018-12-26T10:18:03.590000Z,21.19
665,20181226T101803Z,1J.TI6A.,"['CH1', 'CH2', 'CHZ']",2018-12-26T10:18:03.590000Z,21.19
666,20181226T101912Z,1J.TI8A.,"['CH1', 'CH2', 'CHZ']",2018-12-26T10:19:12.220000Z,8.22
667,20181226T101957Z,1J.TI8A.,"['CH1', 'CH2', 'CHZ']",2018-12-26T10:19:57.610000Z,8.22
668,20181226T102039Z,1J.TI8A.,"['CH1', 'CH2', 'CHZ']",2018-12-26T10:20:39.720000Z,8.22
669,20181226T102130Z,1J.TI8A.,"['CH1', 'CH2', 'CHZ']",2018-12-26T10:21:30.780000Z,8.22
670,20181226T102154Z,1J.TI3A.,"['CH1', 'CH2', 'CHZ']",2018-12-26T10:21:54.450000Z,1.93
671,20181226T102226Z,1J.TI3A.,"['CH1', 'CH2', 'CHZ']",2018-12-26T10:22:26.780000Z,8.27
672,20181226T102226Z,1J.TI6A.,"['CH1', 'CH2', 'CHZ']",2018-12-26T10:22:26.780000Z,8.27
673,20181226T102240Z,1J.TI3A.,"['CH1', 'CH2', 'CHZ']",2018-12-26T10:22:40.460000Z,3.78
674,20181226T102316Z,1J.TI8A.,"['CH1', 'CH2', 'CHZ']",2018-12-26T10:23:16.820000Z,8.22
675,20181226T102348Z,1J.TI4A.,"['CH1', 'CH2', 'CHZ']",2018-12-26T10:23:48.570000Z,15.09
676,20181226T102348Z,1J.TI3A.,"['CH1', 'CH2', 'CHZ']",2018-12-26T10:23:48.570000Z,15.09
677,20181226T102348Z,1J.TI8A.,"['CH1', 'CH2', 'CHZ']",2018-12-26T10:23:48.570000Z,15.09
678,20181226T102348Z,1J.TI6A.,"['CH1', 'CH2', 'CHZ']",2018-12-26T10:23:48.570000Z,15.09
679,20181226T102348Z,1J.TI1A.,"['CH1', 'CH2', 'CHZ']",2018-12-26T10:23:48.570000Z,15.09
680,20181226T102403Z,1J.TI8A.,"['CH1', 'CH2', 'CHZ']",2018-12-26T10:24:03.250000Z,8.22
681,20181226T102500Z,1J.TI8A.,"['CH1', 'CH2', 'CHZ']",2018-12-26T10:25:00.180000Z,8.22
682,20181226T102534Z,1J.TI4A.,"['CH1', 'CH2', 'CHZ']",2018-12-26T10:25:34.690000Z,13.3
683,20181226T102534Z,1J.TI1A.,"['CH1', 'CH2', 'CHZ']",2018-12-26T10:25:34.690000Z,13.3
684,20181226T102556Z,1J.TI8A.,"['CH1', 'CH2', 'CHZ']",2018-12-26T10:25:56.010000Z,8.22
685,20181226T102647Z,1J.TI8A.,"['CH1', 'CH2', 'CHZ']",2018-12-26T10:26:47.590000Z,8.22
686,20181226T102736Z,1J.TI7A.,"['CH1', 'CH2', 'CHZ']",2018-12-26T10:27:36.170000Z,17.94
687,20181226T102841Z,1J.TI8A.,"['CH1', 'CH2', 'CHZ']",2018-12-26T10:28:41.040000Z,8.22
688,20181226T102909Z,1J.TI4A.,"['CH1', 'CH2', 'CHZ']",2018-12-26T10:29:09.720000Z,15.93
689,20181226T102909Z,1J.TI1A.,"['CH1', 'CH2', 'CHZ']",2018-12-26T10:29:09.720000Z,15.93
690,20181226T102923Z,1J.TI4A.,"['CH1', 'CH2', 'CHZ']",2018-12-26T10:29:23.090000Z,15.09
691,20181226T102923Z,1J.TI3A.,"['CH1', 'CH2', 'CHZ']",2018-12-26T10:29:23.090000Z,15.09
692,20181226T102923Z,1J.TI8A.,"['CH1', 'CH2', 'CHZ']",2018-12-26T10:29:23.090000Z,15.09
693,20181226T102923Z,1J.TI6A.,"['CH1', 'CH2', 'CHZ']",2018-12-26T10:29:23.090000Z,15.09
694,20181226T102923Z,1J.TI1A.,"['CH1', 'CH2', 'CHZ']",2018-12-26T10:29:23.090000Z,15.09
695,20181226T102933Z,1J.TI8A.,"['CH1', 'CH2', 'CHZ']",2018-12-26T10:29:33.370000Z,8.22
696,20181226T103002Z,1J.TI4A.,"['CH1', 'CH2', 'CHZ']",2018-12-26T10:30:02.050000Z,11.6
697,20181226T103002Z,1J.TI3A.,"['CH1', 'CH2', 'CHZ']",2018-12-26T10:30:02.050000Z,11.6
698,20181226T103002Z,1J.TI8A.,"['CH1', 'CH2', 'CHZ']",2018-12-26T10:30:02.050000Z,11.6
699,20181226T103002Z,1J.TI6A.,"['CH1', 'CH2', 'CHZ']",2018-12-26T10:30:02.050000Z,11.6
700,20181226T103013Z,1J.TI4A.,"['CH1', 'CH2', 'CHZ']",2018-12-26T10:30:13.150000Z,15.93
701,20181226T103013Z,1J.TI1A.,"['CH1', 'CH2', 'CHZ']",2018-12-26T10:30:13.150000Z,15.93
702,20181226T103023Z,1J.TI8A.,"['CH1', 'CH2', 'CHZ']",2018-12-26T10:30:23.240000Z,8.22
703,20181226T103123Z,1J.TI8A.,"['CH1', 'CH2', 'CHZ']",2018-12-26T10:31:23.190000Z,8.22
704,20181226T103139Z,1J.TI4A.,"['CH1', 'CH2', 'CHZ']",2018-12-26T10:31:39.360000Z,13.3
705,20181226T103139Z,1J.TI1A.,"['CH1', 'CH2', 'CHZ']",2018-12-26T10:31:39.360000Z,13.3
706,20181226T103203Z,1J.TI8A.,"['CH1', 'CH2', 'CHZ']",2018-12-26T10:32:03.710000Z,10.03
707,20181226T103253Z,1J.TI3A.,"['CH1', 'CH2', 'CHZ']",2018-12-26T10:32:53.760000Z,1.93
708,20181226T103539Z,1J.TI3A.,"['CH1', 'CH2', 'CHZ']",2018-12-26T10:35:39.140000Z,17.37
709,20181226T103539Z,1J.TI8A.,"['CH1', 'CH2', 'CHZ']",2018-12-26T10:35:39.140000Z,17.37
710,20181226T103539Z,1J.TI6A.,"['CH1', 'CH2', 'CHZ']",2018-12-26T10:35:39.140000Z,17.37
711,20181226T103657Z,1J.TI8A.,"['CH1', 'CH2', 'CHZ']",2018-12-26T10:36:57.470000Z,8.22
712,20181226T103819Z,1J.TI7A.,"['CH1', 'CH2', 'CHZ']",2018-12-26T10:38:19.400000Z,17.94
713,20181226T103918Z,1J.TI3A.,"['CH1', 'CH2', 'CHZ']",2018-12-26T10:39:18.770000Z,26.4
714,20181226T103918Z,1J.TI8A.,"['CH1', 'CH2', 'CHZ']",2018-12-26T10:39:18.770000Z,26.4
715,20181226T103918Z,1J.TI6A.,"['CH1', 'CH2', 'CHZ']",2018-12-26T10:39:18.770000Z,26.4
716,20181226T104126Z,1J.TI3A.,"['CH1', 'CH2', 'CHZ']",2018-12-26T10:41:26.680000Z,27.02
717,20181226T104126Z,1J.TI6A.,"['CH1', 'CH2', 'CHZ']",2018-12-26T10:41:26.680000Z,27.02
718,20181226T104126Z,1J.TI1A.,"['CH1', 'CH2', 'CHZ']",2018-12-26T10:41:26.680000Z,27.02
719,20181226T104220Z,1J.TI8A.,"['CH1', 'CH2', 'CHZ']",2018-12-26T10:42:20.340000Z,8.22
720,20181226T104347Z,1J.TI3A.,"['CH1', 'CH2', 'CHZ']",2018-12-26T10:43:47.800000Z,1.93
721,20181226T104414Z,1J.TI8A.,"['CH1', 'CH2', 'CHZ']",2018-12-26T10:44:14.860000Z,8.22
722,20181226T104551Z,1J.TI8A.,"['CH1', 'CH2', 'CHZ']",2018-12-26T10:45:51.700000Z,10.03
723,20181226T104609Z,1J.TI3A.,"['CH1', 'CH2', 'CHZ']",2018-12-26T10:46:09.640000Z,24.92
724,20181226T104609Z,1J.TI8A.,"['CH1', 'CH2', 'CHZ']",2018-12-26T10:46:09.640000Z,24.92
725,20181226T104609Z,1J.TI6A.,"['CH1', 'CH2', 'CHZ']",2018-12-26T10:46:09.640000Z,24.92
726,20181226T104609Z,1J.TI1A.,"['CH1', 'CH2', 'CHZ']",2018-12-26T10:46:09.640000Z,24.92
727,20181226T104624Z,1J.TI8A.,"['CH1', 'CH2', 'CHZ']",2018-12-26T10:46:24.000000Z,10.03
728,20181226T104643Z,1J.TI3A.,"['CH1', 'CH2', 'CHZ']",2018-12-26T10:46:43.880000Z,13.75
729,20181226T104643Z,1J.TI6A.,"['CH1', 'CH2', 'CHZ']",2018-12-26T10:46:43.880000Z,13.75
730,20181226T104716Z,1J.TI8A.,"['CH1', 'CH2', 'CHZ']",2018-12-26T10:47:16.050000Z,10.63
731,20181226T104729Z,1J.TI8A.,"['CH1', 'CH2', 'CHZ']",2018-12-26T10:47:29.830000Z,8.22
732,20181226T104846Z,1J.TI8A.,"['CH1', 'CH2', 'CHZ']",2018-12-26T10:48:46.240000Z,8.22
733,20181226T104856Z,1J.TI7A.,"['CH1', 'CH2', 'CHZ']",2018-12-26T10:48:56.860000Z,17.94
734,20181226T104907Z,1J.TI3A.,"['CH1', 'CH2', 'CHZ']",2018-12-26T10:49:07.050000Z,3.03
735,20181226T105013Z,1J.TI8A.,"['CH1', 'CH2', 'CHZ']",2018-12-26T10:50:13.150000Z,8.22
736,20181226T105106Z,1J.TI8A.,"['CH1', 'CH2', 'CHZ']",2018-12-26T10:51:06.990000Z,8.22
737,20181226T105211Z,1J.TI7A.,"['CH1', 'CH2', 'CHZ']",2018-12-26T10:52:11.710000Z,14.66
738,20181226T105313Z,1J.TI8A.,"['CH1', 'CH2', 'CHZ']",2018-12-26T10:53:13.870000Z,8.22
739,20181226T105412Z,1J.TI8A.,"['CH1', 'CH2', 'CHZ']",2018-12-26T10:54:12.130000Z,8.22
740,20181226T105511Z,1J.TI8A.,"['CH1', 'CH2', 'CHZ']",2018-12-26T10:55:11.220000Z,8.22
741,20181226T105540Z,1J.TI3A.,"['CH1', 'CH2', 'CHZ']",2018-12-26T10:55:40.650000Z,1.93
742,20181226T105601Z,1J.TI8A.,"['CH1', 'CH2', 'CHZ']",2018-12-26T10:56:01.130000Z,8.22
743,20181226T105645Z,1J.TI8A.,"['CH1', 'CH2', 'CHZ']",2018-12-26T10:56:45.410000Z,8.22
744,20181226T105758Z,1J.TI8A.,"['CH1', 'CH2', 'CHZ']",2018-12-26T10:57:58.250000Z,8.22
745,20181226T105847Z,1J.TI8A.,"['CH1', 'CH2', 'CHZ']",2018-12-26T10:58:47.360000Z,8.22
746,20181226T105934Z,1J.TI8A.,"['CH1', 'CH2', 'CHZ']",2018-12-26T10:59:34.990000Z,8.22
747,20181226T110033Z,1J.TI3A.,"['CH1', 'CH2', 'CHZ']",2018-12-26T11:00:33.450000Z,18.92
748,20181226T110033Z,1J.TI8A.,"['CH1', 'CH2', 'CHZ']",2018-12-26T11:00:33.450000Z,18.92
749,20181226T110033Z,1J.TI6A.,"['CH1', 'CH2', 'CHZ']",2018-12-26T11:00:33.450000Z,18.92
750,20181226T110112Z,1J.TI3A.,"['CH1', 'CH2', 'CHZ']",2018-12-26T11:01:12.510000Z,26.4
751,20181226T110112Z,1J.TI8A.,"['CH1', 'CH2', 'CHZ']",2018-12-26T11:01:12.510000Z,26.4
752,20181226T110112Z,1J.TI6A.,"['CH1', 'CH2', 'CHZ']",2018-12-26T11:01:12.510000Z,26.4
753,20181226T110126Z,1J.TI3A.,"['CH1', 'CH2', 'CHZ']",2018-12-26T11:01:26.680000Z,1.93
754,20181226T110222Z,1J.TI8A.,"['CH1', 'CH2', 'CHZ']",2018-12-26T11:02:22.050000Z,8.22
755,20181226T110308Z,1J.TI8A.,"['CH1', 'CH2', 'CHZ']",2018-12-26T11:03:08.980000Z,8.22
756,20181226T110400Z,1J.TI8A.,"['CH1', 'CH2', 'CHZ']",2018-12-26T11:04:00.920000Z,8.22
757,20181226T110449Z,1J.TI8A.,"['CH1', 'CH2', 'CHZ']",2018-12-26T11:04:49.150000Z,8.22
758,20181226T110639Z,1J.TI8A.,"['CH1', 'CH2', 'CHZ']",2018-12-26T11:06:39.280000Z,8.22
759,20181226T110734Z,1J.TI8A.,"['CH1', 'CH2', 'CHZ']",2018-12-26T11:07:34.040000Z,8.22
760,20181226T110823Z,1J.TI3A.,"['CH1', 'CH2', 'CHZ']",2018-12-26T11:08:23.970000Z,1.93
761,20181226T110906Z,1J.TI8A.,"['CH1', 'CH2', 'CHZ']",2018-12-26T11:09:06.520000Z,8.22
762,20181226T110958Z,1J.TI8A.,"['CH1', 'CH2', 'CHZ']",2018-12-26T11:09:58.010000Z,8.22
763,20181226T111056Z,1J.TI8A.,"['CH1', 'CH2', 'CHZ']",2018-12-26T11:10:56.980000Z,8.22
764,20181226T111149Z,1J.TI3A.,"['CH1', 'CH2', 'CHZ']",2018-12-26T11:11:49.890000Z,8.27
765,20181226T111149Z,1J.TI6A.,"['CH1', 'CH2', 'CHZ']",2018-12-26T11:11:49.890000Z,8.27
766,20181226T111239Z,1J.TI8A.,"['CH1', 'CH2', 'CHZ']",2018-12-26T11:12:39.250000Z,8.22
767,20181226T111315Z,1J.TI8A.,"['CH1', 'CH2', 'CHZ']",2018-12-26T11:13:15.850000Z,8.22
768,20181226T111406Z,1J.TI8A.,"['CH1', 'CH2', 'CHZ']",2018-12-26T11:14:06.540000Z,8.22
769,20181226T111452Z,1J.TI8A.,"['CH1', 'CH2', 'CHZ']",2018-12-26T11:14:52.950000Z,8.22
770,20181226T111547Z,1J.TI7A.,"['CH1', 'CH2', 'CHZ']",2018-12-26T11:15:47.280000Z,14.66
771,20181226T111648Z,1J.TI8A.,"['CH1', 'CH2', 'CHZ']",2018-12-26T11:16:48.140000Z,8.22
772,20181226T111752Z,1J.TI8A.,"['CH1', 'CH2', 'CHZ']",2018-12-26T11:17:52.060000Z,8.22
773,20181226T111842Z,1J.TI8A.,"['CH1', 'CH2', 'CHZ']",2018-12-26T11:18:42.260000Z,8.22
774,20181226T111929Z,1J.TI8A.,"['CH1', 'CH2', 'CHZ']",2018-12-26T11:19:29.040000Z,8.22
775,20181226T112020Z,1J.TI8A.,"['CH1', 'CH2', 'CHZ']",2018-12-26T11:20:20.670000Z,8.22
776,20181226T112100Z,1J.TI3A.,"['CH1', 'CH2', 'CHZ']",2018-12-26T11:21:00.650000Z,24.92
777,20181226T112100Z,1J.TI8A.,"['CH1', 'CH2', 'CHZ']",2018-12-26T11:21:00.650000Z,24.92
778,20181226T112100Z,1J.TI6A.,"['CH1', 'CH2', 'CHZ']",2018-12-26T11:21:00.650000Z,24.92
779,20181226T112100Z,1J.TI1A.,"['CH1', 'CH2', 'CHZ']",2018-12-26T11:21:00.650000Z,24.92
780,20181226T112113Z,1J.TI8A.,"['CH1', 'CH2', 'CHZ']",2018-12-26T11:21:13.400000Z,8.22
781,20181226T112200Z,1J.TI8A.,"['CH1', 'CH2', 'CHZ']",2018-12-26T11:22:00.910000Z,8.22
782,20181226T112252Z,1J.TI8A.,"['CH1', 'CH2', 'CHZ']",2018-12-26T11:22:52.730000Z,8.22
783,20181226T112342Z,1J.TI8A.,"['CH1', 'CH2', 'CHZ']",2018-12-26T11:23:42.150000Z,8.22
784,20181226T112454Z,1J.TI3A.,"['CH1', 'CH2', 'CHZ']",2018-12-26T11:24:54.550000Z,17.37
785,20181226T112454Z,1J.TI8A.,"['CH1', 'CH2', 'CHZ']",2018-12-26T11:24:54.550000Z,17.37
786,20181226T112454Z,1J.TI6A.,"['CH1', 'CH2', 'CHZ']",2018-12-26T11:24:54.550000Z,17.37
787,20181226T112535Z,1J.TI8A.,"['CH1', 'CH2', 'CHZ']",2018-12-26T11:25:35.540000Z,8.22
788,20181226T112828Z,1J.TI8A.,"['CH1', 'CH2', 'CHZ']",2018-12-26T11:28:28.200000Z,8.22
789,20181226T112929Z,1J.TI8A.,"['CH1', 'CH2', 'CHZ']",2018-12-26T11:29:29.640000Z,8.22
790,20181226T113028Z,1J.TI3A.,"['CH1', 'CH2', 'CHZ']",2018-12-26T11:30:28.960000Z,3.78
791,20181226T113108Z,1J.TI8A.,"['CH1', 'CH2', 'CHZ']",2018-12-26T11:31:08.980000Z,8.22
792,20181226T113146Z,1J.TI8A.,"['CH1', 'CH2', 'CHZ']",2018-12-26T11:31:46.420000Z,8.22
793,20181226T113242Z,1J.TI8A.,"['CH1', 'CH2', 'CHZ']",2018-12-26T11:32:42.580000Z,8.22
794,20181226T113342Z,1J.TI8A.,"['CH1', 'CH2', 'CHZ']",2018-12-26T11:33:42.360000Z,8.22
795,20181226T113417Z,1J.TI3A.,"['CH1', 'CH2', 'CHZ']",2018-12-26T11:34:17.120000Z,26.4
796,20181226T113417Z,1J.TI8A.,"['CH1', 'CH2', 'CHZ']",2018-12-26T11:34:17.120000Z,26.4
797,20181226T113417Z,1J.TI6A.,"['CH1', 'CH2', 'CHZ']",2018-12-26T11:34:17.120000Z,26.4
798,20181226T113455Z,1J.TI8A.,"['CH1', 'CH2', 'CHZ']",2018-12-26T11:34:55.490000Z,8.22
799,20181226T113534Z,1J.TI8A.,"['CH1', 'CH2', 'CHZ']",2018-12-26T11:35:34.240000Z,8.22
800,20181226T113619Z,1J.TI8A.,"['CH1', 'CH2', 'CHZ']",2018-12-26T11:36:19.830000Z,8.22
801,20181226T113707Z,1J.TI8A.,"['CH1', 'CH2', 'CHZ']",2018-12-26T11:37:07.850000Z,8.22
802,20181226T113755Z,1J.TI8A.,"['CH1', 'CH2', 'CHZ']",2018-12-26T11:37:55.190000Z,8.22
803,20181226T113821Z,1J.TI3A.,"['CH1', 'CH2', 'CHZ']",2018-12-26T11:38:21.350000Z,1.93
804,20181226T113845Z,1J.TI8A.,"['CH1', 'CH2', 'CHZ']",2018-12-26T11:38:45.830000Z,8.22
805,20181226T113922Z,1J.TI8A.,"['CH1', 'CH2', 'CHZ']",2018-12-26T11:39:22.750000Z,8.22
806,20181226T114006Z,1J.TI3A.,"['CH1', 'CH2', 'CHZ']",2018-12-26T11:40:06.690000Z,7.64
807,20181226T114049Z,1J.TI8A.,"['CH1', 'CH2', 'CHZ']",2018-12-26T11:40:49.350000Z,8.22
808,20181226T114121Z,1J.TI8A.,"['CH1', 'CH2', 'CHZ']",2018-12-26T11:41:21.640000Z,8.22
809,20181226T114156Z,1J.TI8A.,"['CH1', 'CH2', 'CHZ']",2018-12-26T11:41:56.030000Z,8.22
810,20181226T114241Z,1J.TI8A.,"['CH1', 'CH2', 'CHZ']",2018-12-26T11:42:41.950000Z,8.22
811,20181226T114321Z,1J.TI8A.,"['CH1', 'CH2', 'CHZ']",2018-12-26T11:43:21.560000Z,8.22
812,20181226T114403Z,1J.TI8A.,"['CH1', 'CH2', 'CHZ']",2018-12-26T11:44:03.830000Z,8.22
813,20181226T114437Z,1J.TI8A.,"['CH1', 'CH2', 'CHZ']",2018-12-26T11:44:37.490000Z,8.22
814,20181226T114519Z,1J.TI8A.,"['CH1', 'CH2', 'CHZ']",2018-12-26T11:45:19.940000Z,8.22
815,20181226T114605Z,1J.TI8A.,"['CH1', 'CH2', 'CHZ']",2018-12-26T11:46:05.590000Z,8.22
816,20181226T114633Z,1J.TI8A.,"['CH1', 'CH2', 'CHZ']",2018-12-26T11:46:33.300000Z,8.22
817,20181226T114711Z,1J.TI8A.,"['CH1', 'CH2', 'CHZ']",2018-12-26T11:47:11.450000Z,8.22
818,20181226T114746Z,1J.TI3A.,"['CH1', 'CH2', 'CHZ']",2018-12-26T11:47:46.810000Z,18.92
819,20181226T114746Z,1J.TI8A.,"['CH1', 'CH2', 'CHZ']",2018-12-26T11:47:46.810000Z,18.92
820,20181226T114746Z,1J.TI6A.,"['CH1', 'CH2', 'CHZ']",2018-12-26T11:47:46.810000Z,18.92
821,20181226T114831Z,1J.TI8A.,"['CH1', 'CH2', 'CHZ']",2018-12-26T11:48:31.830000Z,8.22
822,20181226T114921Z,1J.TI8A.,"['CH1', 'CH2', 'CHZ']",2018-12-26T11:49:21.140000Z,8.22
823,20181226T114957Z,1J.TI8A.,"['CH1', 'CH2', 'CHZ']",2018-12-26T11:49:57.150000Z,8.22
824,20181226T115033Z,1J.TI8A.,"['CH1', 'CH2', 'CHZ']",2018-12-26T11:50:33.090000Z,8.22
825,20181226T115110Z,1J.TI8A.,"['CH1', 'CH2', 'CHZ']",2018-12-26T11:51:10.720000Z,8.22
826,20181226T115154Z,1J.TI8A.,"['CH1', 'CH2', 'CHZ']",2018-12-26T11:51:54.610000Z,8.22
827,20181226T115226Z,1J.TI8A.,"['CH1', 'CH2', 'CHZ']",2018-12-26T11:52:26.440000Z,8.22
828,20181226T115306Z,1J.TI8A.,"['CH1', 'CH2', 'CHZ']",2018-12-26T11:53:06.160000Z,8.22
829,20181226T115345Z,1J.TI8A.,"['CH1', 'CH2', 'CHZ']",2018-12-26T11:53:45.860000Z,8.22
830,20181226T115422Z,1J.TI8A.,"['CH1', 'CH2', 'CHZ']",2018-12-26T11:54:22.410000Z,14.15
831,20181226T115500Z,1J.TI8A.,"['CH1', 'CH2', 'CHZ']",2018-12-26T11:55:00.600000Z,8.22
832,20181226T115546Z,1J.TI8A.,"['CH1', 'CH2', 'CHZ']",2018-12-26T11:55:46.040000Z,8.22
833,20181226T115612Z,1J.TI8A.,"['CH1', 'CH2', 'CHZ']",2018-12-26T11:56:12.840000Z,8.22
834,20181226T115646Z,1J.TI8A.,"['CH1', 'CH2', 'CHZ']",2018-12-26T11:56:46.140000Z,8.22
835,20181226T115735Z,1J.TI8A.,"['CH1', 'CH2', 'CHZ']",2018-12-26T11:57:35.220000Z,8.22
836,20181226T120117Z,1J.TI8A.,"['CH1', 'CH2', 'CHZ']",2018-12-26T12:01:17.280000Z,10.63
837,20181226T120349Z,1J.TI8A.,"['CH1', 'CH2', 'CHZ']",2018-12-26T12:03:49.110000Z,19.24
838,20181226T120404Z,1J.TI1A.,"['CH1', 'CH2', 'CHZ']",2018-12-26T12:04:04.590000Z,13.93
839,20181226T120533Z,1J.TI1A.,"['CH1', 'CH2', 'CHZ']",2018-12-26T12:05:33.370000Z,13.93
840,20181226T120547Z,1J.TI3A.,"['CH1', 'CH2', 'CHZ']",2018-12-26T12:05:47.660000Z,8.27
841,20181226T120547Z,1J.TI6A.,"['CH1', 'CH2', 'CHZ']",2018-12-26T12:05:47.660000Z,8.27
842,20181226T120642Z,1J.TI8A.,"['CH1', 'CH2', 'CHZ']",2018-12-26T12:06:42.430000Z,8.22
843,20181226T120731Z,1J.TI8A.,"['CH1', 'CH2', 'CHZ']",2018-12-26T12:07:31.740000Z,8.22
844,20181226T120940Z,1J.TI8A.,"['CH1', 'CH2', 'CHZ']",2018-12-26T12:09:40.050000Z,8.22
845,20181226T121046Z,1J.TI8A.,"['CH1', 'CH2', 'CHZ']",2018-12-26T12:10:46.900000Z,8.22
846,20181226T121143Z,1J.TI8A.,"['CH1', 'CH2', 'CHZ']",2018-12-26T12:11:43.540000Z,8.22
847,20181226T121227Z,1J.TI8A.,"['CH1', 'CH2', 'CHZ']",2018-12-26T12:12:27.090000Z,8.22
848,20181226T121345Z,1J.TI1A.,"['CH1', 'CH2', 'CHZ']",2018-12-26T12:13:45.590000Z,14.35
849,20181226T121356Z,1J.TI1A.,"['CH1', 'CH2', 'CHZ']",2018-12-26T12:13:56.030000Z,13.93
850,20181226T121459Z,1J.TI8A.,"['CH1', 'CH2', 'CHZ']",2018-12-26T12:14:59.890000Z,8.22
851,20181226T121542Z,1J.TI8A.,"['CH1', 'CH2', 'CHZ']",2018-12-26T12:15:42.770000Z,8.22
852,20181226T121629Z,1J.TI8A.,"['CH1', 'CH2', 'CHZ']",2018-12-26T12:16:29.290000Z,8.22
853,20181226T121738Z,1J.TI8A.,"['CH1', 'CH2', 'CHZ']",2018-12-26T12:17:38.730000Z,8.22
854,20181226T121908Z,1J.TI3A.,"['CH1', 'CH2', 'CHZ']",2018-12-26T12:19:08.660000Z,18.92
855,20181226T121908Z,1J.TI8A.,"['CH1', 'CH2', 'CHZ']",2018-12-26T12:19:08.660000Z,18.92
856,20181226T121908Z,1J.TI6A.,"['CH1', 'CH2', 'CHZ']",2018-12-26T12:19:08.660000Z,18.92
857,20181226T122151Z,1J.TI3A.,"['CH1', 'CH2', 'CHZ']",2018-12-26T12:21:51.690000Z,3.78
858,20181226T123032Z,1J.TI3A.,"['CH1', 'CH2', 'CHZ']",2018-12-26T12:30:32.150000Z,13.75
859,20181226T123032Z,1J.TI6A.,"['CH1', 'CH2', 'CHZ']",2018-12-26T12:30:32.150000Z,13.75
860,20181226T123127Z,1J.TI6A.,"['CH1', 'CH2', 'CHZ']",2018-12-26T12:31:27.540000Z,4.16
861,20181226T123225Z,1J.TI8A.,"['CH1', 'CH2', 'CHZ']",2018-12-26T12:32:25.870000Z,21.19
862,20181226T123225Z,1J.TI6A.,"['CH1', 'CH2', 'CHZ']",2018-12-26T12:32:25.870000Z,21.19
863,20181226T124028Z,1J.TI3A.,"['CH1', 'CH2', 'CHZ']",2018-12-26T12:40:28.400000Z,3.78
864,20181226T124050Z,1J.TI8A.,"['CH1', 'CH2', 'CHZ']",2018-12-26T12:40:50.480000Z,20.84
865,20181226T130020Z,1J.TI3A.,"['CH1', 'CH2', 'CHZ']",2018-12-26T13:00:20.880000Z,17.37
866,20181226T130020Z,1J.TI8A.,"['CH1', 'CH2', 'CHZ']",2018-12-26T13:00:20.880000Z,17.37
867,20181226T130020Z,1J.TI6A.,"['CH1', 'CH2', 'CHZ']",2018-12-26T13:00:20.880000Z,17.37
868,20181226T130133Z,1J.TI3A.,"['CH1', 'CH2', 'CHZ']",2018-12-26T13:01:33.730000Z,7.64
869,20181226T130146Z,1J.TI8A.,"['CH1', 'CH2', 'CHZ']",2018-12-26T13:01:46.020000Z,10.63
870,20181226T130354Z,1J.TI8A.,"['CH1', 'CH2', 'CHZ']",2018-12-26T13:03:54.660000Z,19.24
871,20181226T131617Z,1J.TI4A.,"['CH1', 'CH2', 'CHZ']",2018-12-26T13:16:17.170000Z,35.61
872,20181226T131617Z,1J.TI8A.,"['CH1', 'CH2', 'CHZ']",2018-12-26T13:16:17.170000Z,35.61
873,20181226T131804Z,1J.TI3A.,"['CH1', 'CH2', 'CHZ']",2018-12-26T13:18:04.210000Z,8.27
874,20181226T131804Z,1J.TI6A.,"['CH1', 'CH2', 'CHZ']",2018-12-26T13:18:04.210000Z,8.27
875,20181226T131858Z,1J.TI8A.,"['CH1', 'CH2', 'CHZ']",2018-12-26T13:18:58.320000Z,21.19
876,20181226T131858Z,1J.TI6A.,"['CH1', 'CH2', 'CHZ']",2018-12-26T13:18:58.320000Z,21.19
877,20181226T132245Z,1J.TI3A.,"['CH1', 'CH2', 'CHZ']",2018-12-26T13:22:45.170000Z,18.92
878,20181226T132245Z,1J.TI8A.,"['CH1', 'CH2', 'CHZ']",2018-12-26T13:22:45.170000Z,18.92
879,20181226T132245Z,1J.TI6A.,"['CH1', 'CH2', 'CHZ']",2018-12-26T13:22:45.170000Z,18.92
880,20181226T133119Z,1J.TI4A.,"['CH1', 'CH2', 'CHZ']",2018-12-26T13:31:19.710000Z,10.1
881,20181226T133418Z,1J.TI4A.,"['CH1', 'CH2', 'CHZ']",2018-12-26T13:34:18.750000Z,35.61
882,20181226T133418Z,1J.TI8A.,"['CH1', 'CH2', 'CHZ']",2018-12-26T13:34:18.750000Z,35.61
883,20181226T133456Z,1J.TI3A.,"['CH1', 'CH2', 'CHZ']",2018-12-26T13:34:56.460000Z,18.6
884,20181226T133456Z,1J.TI6A.,"['CH1', 'CH2', 'CHZ']",2018-12-26T13:34:56.460000Z,18.6
885,20181226T133800Z,1J.TI8A.,"['CH1', 'CH2', 'CHZ']",2018-12-26T13:38:00.480000Z,19.24
886,20181226T135204Z,1J.TI8A.,"['CH1', 'CH2', 'CHZ']",2018-12-26T13:52:04.000000Z,19.24
887,20181226T135424Z,1J.TI7A.,"['CH1', 'CH2', 'CHZ']",2018-12-26T13:54:24.610000Z,14.66
888,20181226T135715Z,1J.TI6A.,"['CH1', 'CH2', 'CHZ']",2018-12-26T13:57:15.290000Z,4.16
889,20181226T135753Z,1J.TI3A.,"['CH1', 'CH2', 'CHZ']",2018-12-26T13:57:53.890000Z,24.92
890,20181226T135753Z,1J.TI8A.,"['CH1', 'CH2', 'CHZ']",2018-12-26T13:57:53.890000Z,24.92
891,20181226T135753Z,1J.TI6A.,"['CH1', 'CH2', 'CHZ']",2018-12-26T13:57:53.890000Z,24.92
892,20181226T135753Z,1J.TI1A.,"['CH1', 'CH2', 'CHZ']",2018-12-26T13:57:53.890000Z,24.92
893,20181226T141037Z,1J.TI3A.,"['CH1', 'CH2', 'CHZ']",2018-12-26T14:10:37.560000Z,18.92
894,20181226T141037Z,1J.TI8A.,"['CH1', 'CH2', 'CHZ']",2018-12-26T14:10:37.560000Z,18.92
895,20181226T141037Z,1J.TI6A.,"['CH1', 'CH2', 'CHZ']",2018-12-26T14:10:37.560000Z,18.92
896,20181226T142205Z,1J.TI4A.,"['CH1', 'CH2', 'CHZ']",2018-12-26T14:22:05.060000Z,14.09
897,20181226T142205Z,1J.TI3A.,"['CH1', 'CH2', 'CHZ']",2018-12-26T14:22:05.060000Z,14.09
898,20181226T142205Z,1J.TI8A.,"['CH1', 'CH2', 'CHZ']",2018-12-26T14:22:05.060000Z,14.09
899,20181226T142226Z,1J.TI4A.,"['CH1', 'CH2', 'CHZ']",2018-12-26T14:22:26.230000Z,14.09
900,20181226T142226Z,1J.TI3A.,"['CH1', 'CH2', 'CHZ']",2018-12-26T14:22:26.230000Z,14.09
901,20181226T142226Z,1J.TI8A.,"['CH1', 'CH2', 'CHZ']",2018-12-26T14:22:26.230000Z,14.09
902,20181226T142238Z,1J.TI4A.,"['CH1', 'CH2', 'CHZ']",2018-12-26T14:22:38.650000Z,14.09
903,20181226T142238Z,1J.TI3A.,"['CH1', 'CH2', 'CHZ']",2018-12-26T14:22:38.650000Z,14.09
904,20181226T142238Z,1J.TI8A.,"['CH1', 'CH2', 'CHZ']",2018-12-26T14:22:38.650000Z,14.09
905,20181226T142504Z,1J.TI4A.,"['CH1', 'CH2', 'CHZ']",2018-12-26T14:25:04.280000Z,11.6
906,20181226T142504Z,1J.TI3A.,"['CH1', 'CH2', 'CHZ']",2018-12-26T14:25:04.280000Z,11.6
907,20181226T142504Z,1J.TI8A.,"['CH1', 'CH2', 'CHZ']",2018-12-26T14:25:04.280000Z,11.6
908,20181226T142504Z,1J.TI6A.,"['CH1', 'CH2', 'CHZ']",2018-12-26T14:25:04.280000Z,11.6
909,20181226T142904Z,1J.TI3A.,"['CH1', 'CH2', 'CHZ']",2018-12-26T14:29:04.730000Z,20.18
910,20181226T142904Z,1J.TI8A.,"['CH1', 'CH2', 'CHZ']",2018-12-26T14:29:04.730000Z,20.18
911,20181226T143522Z,1J.TI3A.,"['CH1', 'CH2', 'CHZ']",2018-12-26T14:35:22.480000Z,27.02
912,20181226T143522Z,1J.TI6A.,"['CH1', 'CH2', 'CHZ']",2018-12-26T14:35:22.480000Z,27.02
913,20181226T143522Z,1J.TI1A.,"['CH1', 'CH2', 'CHZ']",2018-12-26T14:35:22.480000Z,27.02
914,20181226T144031Z,1J.TI8A.,"['CH1', 'CH2', 'CHZ']",2018-12-26T14:40:31.520000Z,10.63
915,20181226T145302Z,1J.TI8A.,"['CH1', 'CH2', 'CHZ']",2018-12-26T14:53:02.640000Z,20.84
916,20181226T145626Z,1J.TI8A.,"['CH1', 'CH2', 'CHZ']",2018-12-26T14:56:26.050000Z,19.24
917,20181226T145950Z,1J.TI8A.,"['CH1', 'CH2', 'CHZ']",2018-12-26T14:59:50.760000Z,19.24
918,20181226T150021Z,1J.TI3A.,"['CH1', 'CH2', 'CHZ']",2018-12-26T15:00:21.830000Z,17.37
919,20181226T150021Z,1J.TI8A.,"['CH1', 'CH2', 'CHZ']",2018-12-26T15:00:21.830000Z,17.37
920,20181226T150021Z,1J.TI6A.,"['CH1', 'CH2', 'CHZ']",2018-12-26T15:00:21.830000Z,17.37
921,20181226T151910Z,1J.TI8A.,"['CH1', 'CH2', 'CHZ']",2018-12-26T15:19:10.870000Z,21.19
922,20181226T151910Z,1J.TI6A.,"['CH1', 'CH2', 'CHZ']",2018-12-26T15:19:10.870000Z,21.19
923,20181226T151927Z,1J.TI8A.,"['CH1', 'CH2', 'CHZ']",2018-12-26T15:19:27.400000Z,10.03
924,20181226T152125Z,1J.TI3A.,"['CH1', 'CH2', 'CHZ']",2018-12-26T15:21:25.270000Z,18.92
925,20181226T152125Z,1J.TI8A.,"['CH1', 'CH2', 'CHZ']",2018-12-26T15:21:25.270000Z,18.92
926,20181226T152125Z,1J.TI6A.,"['CH1', 'CH2', 'CHZ']",2018-12-26T15:21:25.270000Z,18.92
927,20181226T152321Z,1J.TI4A.,"['CH1', 'CH2', 'CHZ']",2018-12-26T15:23:21.920000Z,26.17
928,20181226T152321Z,1J.TI3A.,"['CH1', 'CH2', 'CHZ']",2018-12-26T15:23:21.920000Z,26.17
929,20181226T152321Z,1J.TI8A.,"['CH1', 'CH2', 'CHZ']",2018-12-26T15:23:21.920000Z,26.17
930,20181226T152321Z,1J.TI1A.,"['CH1', 'CH2', 'CHZ']",2018-12-26T15:23:21.920000Z,26.17
931,20181226T152349Z,1J.TI4A.,"['CH1', 'CH2', 'CHZ']",2018-12-26T15:23:49.090000Z,26.17
932,20181226T152349Z,1J.TI3A.,"['CH1', 'CH2', 'CHZ']",2018-12-26T15:23:49.090000Z,26.17
933,20181226T152349Z,1J.TI8A.,"['CH1', 'CH2', 'CHZ']",2018-12-26T15:23:49.090000Z,26.17
934,20181226T152349Z,1J.TI1A.,"['CH1', 'CH2', 'CHZ']",2018-12-26T15:23:49.090000Z,26.17
935,20181226T152606Z,1J.TI8A.,"['CH1', 'CH2', 'CHZ']",2018-12-26T15:26:06.790000Z,20.84
936,20181226T154722Z,1J.TI3A.,"['CH1', 'CH2', 'CHZ']",2018-12-26T15:47:22.600000Z,26.4
937,20181226T154722Z,1J.TI8A.,"['CH1', 'CH2', 'CHZ']",2018-12-26T15:47:22.600000Z,26.4
938,20181226T154722Z,1J.TI6A.,"['CH1', 'CH2', 'CHZ']",2018-12-26T15:47:22.600000Z,26.4
939,20181226T154752Z,1J.TI3A.,"['CH1', 'CH2', 'CHZ']",2018-12-26T15:47:52.170000Z,24.92
940,20181226T154752Z,1J.TI8A.,"['CH1', 'CH2', 'CHZ']",2018-12-26T15:47:52.170000Z,24.92
941,20181226T154752Z,1J.TI6A.,"['CH1', 'CH2', 'CHZ']",2018-12-26T15:47:52.170000Z,24.92
942,20181226T154752Z,1J.TI1A.,"['CH1', 'CH2', 'CHZ']",2018-12-26T15:47:52.170000Z,24.92
943,20181226T155056Z,1J.TI8A.,"['CH1', 'CH2', 'CHZ']",2018-12-26T15:50:56.160000Z,14.15
944,20181226T155111Z,1J.TI3A.,"['CH1', 'CH2', 'CHZ']",2018-12-26T15:51:11.000000Z,27.02
945,20181226T155111Z,1J.TI6A.,"['CH1', 'CH2', 'CHZ']",2018-12-26T15:51:11.000000Z,27.02
946,20181226T155111Z,1J.TI1A.,"['CH1', 'CH2', 'CHZ']",2018-12-26T15:51:11.000000Z,27.02
947,20181226T155243Z,1J.TI8A.,"['CH1', 'CH2', 'CHZ']",2018-12-26T15:52:43.900000Z,10.63
948,20181226T160009Z,1J.TI3A.,"['CH1', 'CH2', 'CHZ']",2018-12-26T16:00:09.950000Z,7.64
949,20181226T161126Z,1J.TI3A.,"['CH1', 'CH2', 'CHZ']",2018-12-26T16:11:26.750000Z,18.92
950,20181226T161126Z,1J.TI8A.,"['CH1', 'CH2', 'CHZ']",2018-12-26T16:11:26.750000Z,18.92
951,20181226T161126Z,1J.TI6A.,"['CH1', 'CH2', 'CHZ']",2018-12-26T16:11:26.750000Z,18.92
952,20181226T162248Z,1J.TI3A.,"['CH1', 'CH2', 'CHZ']",2018-12-26T16:22:48.020000Z,8.27
953,20181226T162248Z,1J.TI6A.,"['CH1', 'CH2', 'CHZ']",2018-12-26T16:22:48.020000Z,8.27
954,20181226T162328Z,1J.TI3A.,"['CH1', 'CH2', 'CHZ']",2018-12-26T16:23:28.780000Z,5.65
955,20181226T162654Z,1J.TI3A.,"['CH1', 'CH2', 'CHZ']",2018-12-26T16:26:54.850000Z,7.64
956,20181226T164446Z,1J.TI6A.,"['CH1', 'CH2', 'CHZ']",2018-12-26T16:44:46.280000Z,4.16
957,20181226T165405Z,1J.TI3A.,"['CH1', 'CH2', 'CHZ']",2018-12-26T16:54:05.110000Z,17.37
958,20181226T165405Z,1J.TI8A.,"['CH1', 'CH2', 'CHZ']",2018-12-26T16:54:05.110000Z,17.37
959,20181226T165405Z,1J.TI6A.,"['CH1', 'CH2', 'CHZ']",2018-12-26T16:54:05.110000Z,17.37
960,20181226T170557Z,1J.TI4A.,"['CH1', 'CH2', 'CHZ']",2018-12-26T17:05:57.820000Z,35.61
961,20181226T170557Z,1J.TI8A.,"['CH1', 'CH2', 'CHZ']",2018-12-26T17:05:57.820000Z,35.61
962,20181226T171130Z,1J.TI3A.,"['CH1', 'CH2', 'CHZ']",2018-12-26T17:11:30.140000Z,3.78
963,20181226T171554Z,1J.TI4A.,"['CH1', 'CH2', 'CHZ']",2018-12-26T17:15:54.570000Z,7.87
964,20181226T171648Z,1J.TI3A.,"['CH1', 'CH2', 'CHZ']",2018-12-26T17:16:48.290000Z,18.92
965,20181226T171648Z,1J.TI8A.,"['CH1', 'CH2', 'CHZ']",2018-12-26T17:16:48.290000Z,18.92
966,20181226T171648Z,1J.TI6A.,"['CH1', 'CH2', 'CHZ']",2018-12-26T17:16:48.290000Z,18.92
967,20181226T172036Z,1J.TI3A.,"['CH1', 'CH2', 'CHZ']",2018-12-26T17:20:36.210000Z,7.49
968,20181226T172227Z,1J.TI3A.,"['CH1', 'CH2', 'CHZ']",2018-12-26T17:22:27.570000Z,13.75
969,20181226T172227Z,1J.TI6A.,"['CH1', 'CH2', 'CHZ']",2018-12-26T17:22:27.570000Z,13.75
970,20181226T172338Z,1J.TI4A.,"['CH1', 'CH2', 'CHZ']",2018-12-26T17:23:38.530000Z,20.36
971,20181226T172338Z,1J.TI1A.,"['CH1', 'CH2', 'CHZ']",2018-12-26T17:23:38.530000Z,20.36
972,20181226T172645Z,1J.TI3A.,"['CH1', 'CH2', 'CHZ']",2018-12-26T17:26:45.310000Z,13.75
973,20181226T172645Z,1J.TI6A.,"['CH1', 'CH2', 'CHZ']",2018-12-26T17:26:45.310000Z,13.75
974,20181226T172839Z,1J.TI4A.,"['CH1', 'CH2', 'CHZ']",2018-12-26T17:28:39.860000Z,35.61
975,20181226T172839Z,1J.TI8A.,"['CH1', 'CH2', 'CHZ']",2018-12-26T17:28:39.860000Z,35.61
976,20181226T173302Z,1J.TI4A.,"['CH1', 'CH2', 'CHZ']",2018-12-26T17:33:02.430000Z,35.61
977,20181226T173302Z,1J.TI8A.,"['CH1', 'CH2', 'CHZ']",2018-12-26T17:33:02.430000Z,35.61
978,20181226T173811Z,1J.TI4A.,"['CH1', 'CH2', 'CHZ']",2018-12-26T17:38:11.900000Z,7.87
979,20181226T174256Z,1J.TI3A.,"['CH1', 'CH2', 'CHZ']",2018-12-26T17:42:56.290000Z,3.78
980,20181226T175022Z,1J.TI4A.,"['CH1', 'CH2', 'CHZ']",2018-12-26T17:50:22.050000Z,7.87
981,20181226T175110Z,1J.TI3A.,"['CH1', 'CH2', 'CHZ']",2018-12-26T17:51:10.750000Z,17.37
982,20181226T175110Z,1J.TI8A.,"['CH1', 'CH2', 'CHZ']",2018-12-26T17:51:10.750000Z,17.37
983,20181226T175110Z,1J.TI6A.,"['CH1', 'CH2', 'CHZ']",2018-12-26T17:51:10.750000Z,17.37
984,20181226T175749Z,1J.TI8A.,"['CH1', 'CH2', 'CHZ']",2018-12-26T17:57:49.000000Z,14.15
985,20181226T180123Z,1J.TI4A.,"['CH1', 'CH2', 'CHZ']",2018-12-26T18:01:23.330000Z,19.13
986,20181226T180123Z,1J.TI8A.,"['CH1', 'CH2', 'CHZ']",2018-12-26T18:01:23.330000Z,19.13
987,20181226T180123Z,1J.TI1A.,"['CH1', 'CH2', 'CHZ']",2018-12-26T18:01:23.330000Z,19.13
988,20181226T180217Z,1J.TI4A.,"['CH1', 'CH2', 'CHZ']",2018-12-26T18:02:17.310000Z,20.36
989,20181226T180217Z,1J.TI1A.,"['CH1', 'CH2', 'CHZ']",2018-12-26T18:02:17.310000Z,20.36
990,20181226T180303Z,1J.TI4A.,"['CH1', 'CH2', 'CHZ']",2018-12-26T18:03:03.180000Z,35.61
991,20181226T180303Z,1J.TI8A.,"['CH1', 'CH2', 'CHZ']",2018-12-26T18:03:03.180000Z,35.61
992,20181226T181328Z,1J.TI3A.,"['CH1', 'CH2', 'CHZ']",2018-12-26T18:13:28.380000Z,3.78
993,20181226T181355Z,1J.TI8A.,"['CH1', 'CH2', 'CHZ']",2018-12-26T18:13:55.520000Z,20.84
994,20181226T181412Z,1J.TI3A.,"['CH1', 'CH2', 'CHZ']",2018-12-26T18:14:12.940000Z,17.37
995,20181226T181412Z,1J.TI8A.,"['CH1', 'CH2', 'CHZ']",2018-12-26T18:14:12.940000Z,17.37
996,20181226T181412Z,1J.TI6A.,"['CH1', 'CH2', 'CHZ']",2018-12-26T18:14:12.940000Z,17.37
997,20181226T181712Z,1J.TI3A.,"['CH1', 'CH2', 'CHZ']",2018-12-26T18:17:12.920000Z,7.49
998,20181226T182605Z,1J.TI3A.,"['CH1', 'CH2', 'CHZ']",2018-12-26T18:26:05.970000Z,7.64
999,20181226T183853Z,1J.TI3A.,"['CH1', 'CH2', 'CHZ']",2018-12-26T18:38:53.520000Z,18.92
1000,20181226T183853Z,1J.TI8A.,"['CH1', 'CH2', 'CHZ']",2018-12-26T18:38:53.520000Z,18.92
1001,20181226T183853Z,1J.TI6A.,"['CH1', 'CH2', 'CHZ']",2018-12-26T18:38:53.520000Z,18.92
1002,20181226T184552Z,1J.TI4A.,"['CH1', 'CH2', 'CHZ']",2018-12-26T18:45:52.020000Z,35.61
1003,20181226T184552Z,1J.TI8A.,"['CH1', 'CH2', 'CHZ']",2018-12-26T18:45:52.020000Z,35.61
1004,20181226T185538Z,1J.TI8A.,"['CH1', 'CH2', 'CHZ']",2018-12-26T18:55:38.020000Z,21.19
1005,20181226T185538Z,1J.TI6A.,"['CH1', 'CH2', 'CHZ']",2018-12-26T18:55:38.020000Z,21.19
1006,20181226T185845Z,1J.TI3A.,"['CH1', 'CH2', 'CHZ']",2018-12-26T18:58:45.960000Z,8.27
1007,20181226T185845Z,1J.TI6A.,"['CH1', 'CH2', 'CHZ']",2018-12-26T18:58:45.960000Z,8.27
1008,20181226T190015Z,1J.TI4A.,"['CH1', 'CH2', 'CHZ']",2018-12-26T19:00:15.400000Z,35.61
1009,20181226T190015Z,1J.TI8A.,"['CH1', 'CH2', 'CHZ']",2018-12-26T19:00:15.400000Z,35.61
1010,20181226T190053Z,1J.TI8A.,"['CH1', 'CH2', 'CHZ']",2018-12-26T19:00:53.870000Z,10.63
1011,20181226T190107Z,1J.TI4A.,"['CH1', 'CH2', 'CHZ']",2018-12-26T19:01:07.290000Z,10.1
1012,20181226T190118Z,1J.TI4A.,"['CH1', 'CH2', 'CHZ']",2018-12-26T19:01:18.530000Z,35.61
1013,20181226T190118Z,1J.TI8A.,"['CH1', 'CH2', 'CHZ']",2018-12-26T19:01:18.530000Z,35.61
1014,20181226T190151Z,1J.TI4A.,"['CH1', 'CH2', 'CHZ']",2018-12-26T19:01:51.500000Z,35.61
1015,20181226T190151Z,1J.TI8A.,"['CH1', 'CH2', 'CHZ']",2018-12-26T19:01:51.500000Z,35.61
1016,20181226T190209Z,1J.TI4A.,"['CH1', 'CH2', 'CHZ']",2018-12-26T19:02:09.020000Z,35.61
1017,20181226T190209Z,1J.TI8A.,"['CH1', 'CH2', 'CHZ']",2018-12-26T19:02:09.020000Z,35.61
1018,20181226T190244Z,1J.TI4A.,"['CH1', 'CH2', 'CHZ']",2018-12-26T19:02:44.130000Z,35.61
1019,20181226T190244Z,1J.TI8A.,"['CH1', 'CH2', 'CHZ']",2018-12-26T19:02:44.130000Z,35.61
1020,20181226T190308Z,1J.TI4A.,"['CH1', 'CH2', 'CHZ']",2018-12-26T19:03:08.550000Z,35.61
1021,20181226T190308Z,1J.TI8A.,"['CH1', 'CH2', 'CHZ']",2018-12-26T19:03:08.550000Z,35.61
1022,20181226T190505Z,1J.TI4A.,"['CH1', 'CH2', 'CHZ']",2018-12-26T19:05:05.340000Z,20.36
1023,20181226T190505Z,1J.TI1A.,"['CH1', 'CH2', 'CHZ']",2018-12-26T19:05:05.340000Z,20.36
1024,20181226T190533Z,1J.TI4A.,"['CH1', 'CH2', 'CHZ']",2018-12-26T19:05:33.790000Z,35.61
1025,20181226T190533Z,1J.TI8A.,"['CH1', 'CH2', 'CHZ']",2018-12-26T19:05:33.790000Z,35.61
1026,20181226T190928Z,1J.TI4A.,"['CH1', 'CH2', 'CHZ']",2018-12-26T19:09:28.740000Z,35.61
1027,20181226T190928Z,1J.TI8A.,"['CH1', 'CH2', 'CHZ']",2018-12-26T19:09:28.740000Z,35.61
1028,20181226T191049Z,1J.TI4A.,"['CH1', 'CH2', 'CHZ']",2018-12-26T19:10:49.940000Z,10.1
1029,20181226T191213Z,1J.TI4A.,"['CH1', 'CH2', 'CHZ']",2018-12-26T19:12:13.530000Z,10.1
1030,20181226T191319Z,1J.TI4A.,"['CH1', 'CH2', 'CHZ']",2018-12-26T19:13:19.910000Z,35.61
1031,20181226T191319Z,1J.TI8A.,"['CH1', 'CH2', 'CHZ']",2018-12-26T19:13:19.910000Z,35.61
1032,20181226T192243Z,1J.TI3A.,"['CH1', 'CH2', 'CHZ']",2018-12-26T19:22:43.810000Z,18.92
1033,20181226T192243Z,1J.TI8A.,"['CH1', 'CH2', 'CHZ']",2018-12-26T19:22:43.810000Z,18.92
1034,20181226T192243Z,1J.TI6A.,"['CH1', 'CH2', 'CHZ']",2018-12-26T19:22:43.810000Z,18.92
1035,20181226T192624Z,1J.TI6A.,"['CH1', 'CH2', 'CHZ']",2018-12-26T19:26:24.490000Z,4.16
1036,20181226T192737Z,1J.TI3A.,"['CH1', 'CH2', 'CHZ']",2018-12-26T19:27:37.670000Z,4.83
1037,20181226T193708Z,1J.TI3A.,"['CH1', 'CH2', 'CHZ']",2018-12-26T19:37:08.030000Z,7.64
1038,20181226T194034Z,1J.TI4A.,"['CH1', 'CH2', 'CHZ']",2018-12-26T19:40:34.930000Z,26.17
1039,20181226T194034Z,1J.TI3A.,"['CH1', 'CH2', 'CHZ']",2018-12-26T19:40:34.930000Z,26.17
1040,20181226T194034Z,1J.TI8A.,"['CH1', 'CH2', 'CHZ']",2018-12-26T19:40:34.930000Z,26.17
1041,20181226T194034Z,1J.TI1A.,"['CH1', 'CH2', 'CHZ']",2018-12-26T19:40:34.930000Z,26.17
1042,20181226T194203Z,1J.TI4A.,"['CH1', 'CH2', 'CHZ']",2018-12-26T19:42:03.720000Z,55.77
1043,20181226T194203Z,1J.TI3A.,"['CH1', 'CH2', 'CHZ']",2018-12-26T19:42:03.720000Z,55.77
1044,20181226T194203Z,1J.TI8A.,"['CH1', 'CH2', 'CHZ']",2018-12-26T19:42:03.720000Z,55.77
1045,20181226T194203Z,1J.TI6A.,"['CH1', 'CH2', 'CHZ']",2018-12-26T19:42:03.720000Z,55.77
1046,20181226T194203Z,1J.TI1A.,"['CH1', 'CH2', 'CHZ']",2018-12-26T19:42:03.720000Z,55.77
1047,20181226T194402Z,1J.TI3A.,"['CH1', 'CH2', 'CHZ']",2018-12-26T19:44:02.170000Z,18.92
1048,20181226T194402Z,1J.TI8A.,"['CH1', 'CH2', 'CHZ']",2018-12-26T19:44:02.170000Z,18.92
1049,20181226T194402Z,1J.TI6A.,"['CH1', 'CH2', 'CHZ']",2018-12-26T19:44:02.170000Z,18.92
1050,20181226T195330Z,1J.TI3A.,"['CH1', 'CH2', 'CHZ']",2018-12-26T19:53:30.500000Z,4.83
1051,20181226T195422Z,1J.TI4A.,"['CH1', 'CH2', 'CHZ']",2018-12-26T19:54:22.420000Z,35.61
1052,20181226T195422Z,1J.TI8A.,"['CH1', 'CH2', 'CHZ']",2018-12-26T19:54:22.420000Z,35.61
1053,20181226T195851Z,1J.TI3A.,"['CH1', 'CH2', 'CHZ']",2018-12-26T19:58:51.840000Z,26.4
1054,20181226T195851Z,1J.TI8A.,"['CH1', 'CH2', 'CHZ']",2018-12-26T19:58:51.840000Z,26.4
1055,20181226T195851Z,1J.TI6A.,"['CH1', 'CH2', 'CHZ']",2018-12-26T19:58:51.840000Z,26.4
1056,20181226T200015Z,1J.TI4A.,"['CH1', 'CH2', 'CHZ']",2018-12-26T20:00:15.460000Z,10.1
1057,20181226T200436Z,1J.TI8A.,"['CH1', 'CH2', 'CHZ']",2018-12-26T20:04:36.350000Z,10.63
1058,20181226T200539Z,1J.TI4A.,"['CH1', 'CH2', 'CHZ']",2018-12-26T20:05:39.830000Z,10.1
1059,20181226T200600Z,1J.TI4A.,"['CH1', 'CH2', 'CHZ']",2018-12-26T20:06:00.340000Z,10.1
1060,20181226T200730Z,1J.TI3A.,"['CH1', 'CH2', 'CHZ']",2018-12-26T20:07:30.000000Z,18.92
1061,20181226T200730Z,1J.TI8A.,"['CH1', 'CH2', 'CHZ']",2018-12-26T20:07:30.000000Z,18.92
1062,20181226T200730Z,1J.TI6A.,"['CH1', 'CH2', 'CHZ']",2018-12-26T20:07:30.000000Z,18.92
1063,20181226T200747Z,1J.TI4A.,"['CH1', 'CH2', 'CHZ']",2018-12-26T20:07:47.670000Z,10.1
1064,20181226T201122Z,1J.TI8A.,"['CH1', 'CH2', 'CHZ']",2018-12-26T20:11:22.340000Z,21.19
1065,20181226T201122Z,1J.TI6A.,"['CH1', 'CH2', 'CHZ']",2018-12-26T20:11:22.340000Z,21.19
1066,20181226T201211Z,1J.TI4A.,"['CH1', 'CH2', 'CHZ']",2018-12-26T20:12:11.910000Z,10.1
1067,20181226T201234Z,1J.TI4A.,"['CH1', 'CH2', 'CHZ']",2018-12-26T20:12:34.540000Z,35.61
1068,20181226T201234Z,1J.TI8A.,"['CH1', 'CH2', 'CHZ']",2018-12-26T20:12:34.540000Z,35.61
1069,20181226T201323Z,1J.TI8A.,"['CH1', 'CH2', 'CHZ']",2018-12-26T20:13:23.130000Z,19.24
1070,20181226T201800Z,1J.TI4A.,"['CH1', 'CH2', 'CHZ']",2018-12-26T20:18:00.500000Z,35.61
1071,20181226T201800Z,1J.TI8A.,"['CH1', 'CH2', 'CHZ']",2018-12-26T20:18:00.500000Z,35.61
1072,20181226T201817Z,1J.TI4A.,"['CH1', 'CH2', 'CHZ']",2018-12-26T20:18:17.140000Z,10.1
1073,20181226T201837Z,1J.TI4A.,"['CH1', 'CH2', 'CHZ']",2018-12-26T20:18:37.910000Z,10.1
1074,20181226T201919Z,1J.TI4A.,"['CH1', 'CH2', 'CHZ']",2018-12-26T20:19:19.260000Z,10.1
1075,20181226T201933Z,1J.TI4A.,"['CH1', 'CH2', 'CHZ']",2018-12-26T20:19:33.710000Z,10.1
1076,20181226T202250Z,1J.TI3A.,"['CH1', 'CH2', 'CHZ']",2018-12-26T20:22:50.280000Z,3.78
1077,20181226T203237Z,1J.TI4A.,"['CH1', 'CH2', 'CHZ']",2018-12-26T20:32:37.490000Z,10.1
1078,20181226T203256Z,1J.TI4A.,"['CH1', 'CH2', 'CHZ']",2018-12-26T20:32:56.190000Z,10.1
1079,20181226T203451Z,1J.TI4A.,"['CH1', 'CH2', 'CHZ']",2018-12-26T20:34:51.610000Z,10.1
1080,20181226T203504Z,1J.TI4A.,"['CH1', 'CH2', 'CHZ']",2018-12-26T20:35:04.060000Z,35.61
1081,20181226T203504Z,1J.TI8A.,"['CH1', 'CH2', 'CHZ']",2018-12-26T20:35:04.060000Z,35.61
1082,20181226T203516Z,1J.TI4A.,"['CH1', 'CH2', 'CHZ']",2018-12-26T20:35:16.950000Z,10.1
1083,20181226T203555Z,1J.TI4A.,"['CH1', 'CH2', 'CHZ']",2018-12-26T20:35:55.470000Z,35.61
1084,20181226T203555Z,1J.TI8A.,"['CH1', 'CH2', 'CHZ']",2018-12-26T20:35:55.470000Z,35.61
1085,20181226T203630Z,1J.TI4A.,"['CH1', 'CH2', 'CHZ']",2018-12-26T20:36:30.400000Z,35.61
1086,20181226T203630Z,1J.TI8A.,"['CH1', 'CH2', 'CHZ']",2018-12-26T20:36:30.400000Z,35.61
1087,20181226T203835Z,1J.TI4A.,"['CH1', 'CH2', 'CHZ']",2018-12-26T20:38:35.340000Z,35.61
1088,20181226T203835Z,1J.TI8A.,"['CH1', 'CH2', 'CHZ']",2018-12-26T20:38:35.340000Z,35.61
1089,20181226T203906Z,1J.TI4A.,"['CH1', 'CH2', 'CHZ']",2018-12-26T20:39:06.400000Z,10.1
1090,20181226T204008Z,1J.TI8A.,"['CH1', 'CH2', 'CHZ']",2018-12-26T20:40:08.570000Z,21.19
1091,20181226T204008Z,1J.TI6A.,"['CH1', 'CH2', 'CHZ']",2018-12-26T20:40:08.570000Z,21.19
1092,20181226T204148Z,1J.TI7A.,"['CH1', 'CH2', 'CHZ']",2018-12-26T20:41:48.450000Z,14.66
1093,20181226T204340Z,1J.TI4A.,"['CH1', 'CH2', 'CHZ']",2018-12-26T20:43:40.430000Z,10.1
1094,20181226T204353Z,1J.TI4A.,"['CH1', 'CH2', 'CHZ']",2018-12-26T20:43:53.340000Z,10.1
1095,20181226T204409Z,1J.TI4A.,"['CH1', 'CH2', 'CHZ']",2018-12-26T20:44:09.200000Z,10.1
1096,20181226T204702Z,1J.TI4A.,"['CH1', 'CH2', 'CHZ']",2018-12-26T20:47:02.840000Z,10.1
1097,20181226T204728Z,1J.TI3A.,"['CH1', 'CH2', 'CHZ']",2018-12-26T20:47:28.520000Z,17.37
1098,20181226T204728Z,1J.TI8A.,"['CH1', 'CH2', 'CHZ']",2018-12-26T20:47:28.520000Z,17.37
1099,20181226T204728Z,1J.TI6A.,"['CH1', 'CH2', 'CHZ']",2018-12-26T20:47:28.520000Z,17.37
1100,20181226T204832Z,1J.TI3A.,"['CH1', 'CH2', 'CHZ']",2018-12-26T20:48:32.210000Z,8.27
1101,20181226T204832Z,1J.TI6A.,"['CH1', 'CH2', 'CHZ']",2018-12-26T20:48:32.210000Z,8.27
1102,20181226T204939Z,1J.TI4A.,"['CH1', 'CH2', 'CHZ']",2018-12-26T20:49:39.710000Z,35.61
1103,20181226T204939Z,1J.TI8A.,"['CH1', 'CH2', 'CHZ']",2018-12-26T20:49:39.710000Z,35.61
1104,20181226T204958Z,1J.TI4A.,"['CH1', 'CH2', 'CHZ']",2018-12-26T20:49:58.520000Z,35.61
1105,20181226T204958Z,1J.TI8A.,"['CH1', 'CH2', 'CHZ']",2018-12-26T20:49:58.520000Z,35.61
1106,20181226T205010Z,1J.TI4A.,"['CH1', 'CH2', 'CHZ']",2018-12-26T20:50:10.840000Z,35.61
1107,20181226T205010Z,1J.TI8A.,"['CH1', 'CH2', 'CHZ']",2018-12-26T20:50:10.840000Z,35.61
1108,20181226T205021Z,1J.TI4A.,"['CH1', 'CH2', 'CHZ']",2018-12-26T20:50:21.050000Z,10.1
1109,20181226T205256Z,1J.TI3A.,"['CH1', 'CH2', 'CHZ']",2018-12-26T20:52:56.240000Z,18.6
1110,20181226T205256Z,1J.TI6A.,"['CH1', 'CH2', 'CHZ']",2018-12-26T20:52:56.240000Z,18.6
1111,20181226T205402Z,1J.TI4A.,"['CH1', 'CH2', 'CHZ']",2018-12-26T20:54:02.500000Z,17.7
1112,20181226T205402Z,1J.TI1A.,"['CH1', 'CH2', 'CHZ']",2018-12-26T20:54:02.500000Z,17.7
1113,20181226T205453Z,1J.TI4A.,"['CH1', 'CH2', 'CHZ']",2018-12-26T20:54:53.630000Z,35.61
1114,20181226T205453Z,1J.TI8A.,"['CH1', 'CH2', 'CHZ']",2018-12-26T20:54:53.630000Z,35.61
1115,20181226T205537Z,1J.TI3A.,"['CH1', 'CH2', 'CHZ']",2018-12-26T20:55:37.400000Z,3.78
1116,20181226T205640Z,1J.TI4A.,"['CH1', 'CH2', 'CHZ']",2018-12-26T20:56:40.170000Z,10.1
1117,20181226T205735Z,1J.TI4A.,"['CH1', 'CH2', 'CHZ']",2018-12-26T20:57:35.490000Z,35.61
1118,20181226T205735Z,1J.TI8A.,"['CH1', 'CH2', 'CHZ']",2018-12-26T20:57:35.490000Z,35.61
1119,20181226T205801Z,1J.TI4A.,"['CH1', 'CH2', 'CHZ']",2018-12-26T20:58:01.170000Z,19.13
1120,20181226T205801Z,1J.TI8A.,"['CH1', 'CH2', 'CHZ']",2018-12-26T20:58:01.170000Z,19.13
1121,20181226T205801Z,1J.TI1A.,"['CH1', 'CH2', 'CHZ']",2018-12-26T20:58:01.170000Z,19.13
1122,20181226T205929Z,1J.TI4A.,"['CH1', 'CH2', 'CHZ']",2018-12-26T20:59:29.650000Z,10.1
1123,20181226T205942Z,1J.TI4A.,"['CH1', 'CH2', 'CHZ']",2018-12-26T20:59:42.380000Z,10.1
1124,20181226T210002Z,1J.TI4A.,"['CH1', 'CH2', 'CHZ']",2018-12-26T21:00:02.820000Z,10.1
1125,20181226T210037Z,1J.TI4A.,"['CH1', 'CH2', 'CHZ']",2018-12-26T21:00:37.430000Z,10.1
1126,20181226T210107Z,1J.TI4A.,"['CH1', 'CH2', 'CHZ']",2018-12-26T21:01:07.590000Z,10.1
1127,20181226T210425Z,1J.TI4A.,"['CH1', 'CH2', 'CHZ']",2018-12-26T21:04:25.100000Z,23.15
1128,20181226T210425Z,1J.TI3A.,"['CH1', 'CH2', 'CHZ']",2018-12-26T21:04:25.100000Z,23.15
1129,20181226T210425Z,1J.TI8A.,"['CH1', 'CH2', 'CHZ']",2018-12-26T21:04:25.100000Z,23.15
1130,20181226T210425Z,1J.TI6A.,"['CH1', 'CH2', 'CHZ']",2018-12-26T21:04:25.100000Z,23.15
1131,20181226T210546Z,1J.TI4A.,"['CH1', 'CH2', 'CHZ']",2018-12-26T21:05:46.340000Z,10.1
1132,20181226T210725Z,1J.TI4A.,"['CH1', 'CH2', 'CHZ']",2018-12-26T21:07:25.020000Z,15.93
1133,20181226T210725Z,1J.TI1A.,"['CH1', 'CH2', 'CHZ']",2018-12-26T21:07:25.020000Z,15.93
1134,20181226T210755Z,1J.TI4A.,"['CH1', 'CH2', 'CHZ']",2018-12-26T21:07:55.700000Z,10.1
1135,20181226T210816Z,1J.TI4A.,"['CH1', 'CH2', 'CHZ']",2018-12-26T21:08:16.230000Z,10.1
1136,20181226T210907Z,1J.TI7A.,"['CH1', 'CH2', 'CHZ']",2018-12-26T21:09:07.280000Z,17.94
1137,20181226T211009Z,1J.TI8A.,"['CH1', 'CH2', 'CHZ']",2018-12-26T21:10:09.800000Z,10.63
1138,20181226T211202Z,1J.TI4A.,"['CH1', 'CH2', 'CHZ']",2018-12-26T21:12:02.370000Z,10.1
1139,20181226T211322Z,1J.TI3A.,"['CH1', 'CH2', 'CHZ']",2018-12-26T21:13:22.590000Z,17.37
1140,20181226T211322Z,1J.TI8A.,"['CH1', 'CH2', 'CHZ']",2018-12-26T21:13:22.590000Z,17.37
1141,20181226T211322Z,1J.TI6A.,"['CH1', 'CH2', 'CHZ']",2018-12-26T21:13:22.590000Z,17.37
1142,20181226T211649Z,1J.TI4A.,"['CH1', 'CH2', 'CHZ']",2018-12-26T21:16:49.530000Z,10.1
1143,20181226T211711Z,1J.TI4A.,"['CH1', 'CH2', 'CHZ']",2018-12-26T21:17:11.620000Z,35.61
1144,20181226T211711Z,1J.TI8A.,"['CH1', 'CH2', 'CHZ']",2018-12-26T21:17:11.620000Z,35.61
1145,20181226T211744Z,1J.TI4A.,"['CH1', 'CH2', 'CHZ']",2018-12-26T21:17:44.090000Z,10.1
1146,20181226T211759Z,1J.TI4A.,"['CH1', 'CH2', 'CHZ']",2018-12-26T21:17:59.930000Z,10.1
1147,20181226T211854Z,1J.TI4A.,"['CH1', 'CH2', 'CHZ']",2018-12-26T21:18:54.910000Z,10.1
1148,20181226T212032Z,1J.TI3A.,"['CH1', 'CH2', 'CHZ']",2018-12-26T21:20:32.170000Z,3.78
1149,20181226T212054Z,1J.TI4A.,"['CH1', 'CH2', 'CHZ']",2018-12-26T21:20:54.980000Z,35.61
1150,20181226T212054Z,1J.TI8A.,"['CH1', 'CH2', 'CHZ']",2018-12-26T21:20:54.980000Z,35.61
1151,20181226T212106Z,1J.TI4A.,"['CH1', 'CH2', 'CHZ']",2018-12-26T21:21:06.170000Z,10.1
1152,20181226T212755Z,1J.TI4A.,"['CH1', 'CH2', 'CHZ']",2018-12-26T21:27:55.150000Z,35.61
1153,20181226T212755Z,1J.TI8A.,"['CH1', 'CH2', 'CHZ']",2018-12-26T21:27:55.150000Z,35.61
1154,20181226T212811Z,1J.TI4A.,"['CH1', 'CH2', 'CHZ']",2018-12-26T21:28:11.230000Z,35.61
1155,20181226T212811Z,1J.TI8A.,"['CH1', 'CH2', 'CHZ']",2018-12-26T21:28:11.230000Z,35.61
1156,20181226T213005Z,1J.TI3A.,"['CH1', 'CH2', 'CHZ']",2018-12-26T21:30:05.510000Z,20.18
1157,20181226T213005Z,1J.TI8A.,"['CH1', 'CH2', 'CHZ']",2018-12-26T21:30:05.510000Z,20.18
1158,20181226T213120Z,1J.TI4A.,"['CH1', 'CH2', 'CHZ']",2018-12-26T21:31:20.890000Z,35.61
1159,20181226T213120Z,1J.TI8A.,"['CH1', 'CH2', 'CHZ']",2018-12-26T21:31:20.890000Z,35.61
1160,20181226T213153Z,1J.TI4A.,"['CH1', 'CH2', 'CHZ']",2018-12-26T21:31:53.430000Z,10.1
1161,20181226T213225Z,1J.TI3A.,"['CH1', 'CH2', 'CHZ']",2018-12-26T21:32:25.020000Z,4.83
1162,20181226T213751Z,1J.TI3A.,"['CH1', 'CH2', 'CHZ']",2018-12-26T21:37:51.930000Z,18.92
1163,20181226T213751Z,1J.TI8A.,"['CH1', 'CH2', 'CHZ']",2018-12-26T21:37:51.930000Z,18.92
1164,20181226T213751Z,1J.TI6A.,"['CH1', 'CH2', 'CHZ']",2018-12-26T21:37:51.930000Z,18.92
1165,20181226T213846Z,1J.TI8A.,"['CH1', 'CH2', 'CHZ']",2018-12-26T21:38:46.950000Z,21.19
1166,20181226T213846Z,1J.TI6A.,"['CH1', 'CH2', 'CHZ']",2018-12-26T21:38:46.950000Z,21.19
1167,20181226T213904Z,1J.TI8A.,"['CH1', 'CH2', 'CHZ']",2018-12-26T21:39:04.530000Z,10.63
1168,20181226T213917Z,1J.TI3A.,"['CH1', 'CH2', 'CHZ']",2018-12-26T21:39:17.690000Z,8.27
1169,20181226T213917Z,1J.TI6A.,"['CH1', 'CH2', 'CHZ']",2018-12-26T21:39:17.690000Z,8.27
1170,20181226T214425Z,1J.TI8A.,"['CH1', 'CH2', 'CHZ']",2018-12-26T21:44:25.730000Z,21.19
1171,20181226T214425Z,1J.TI6A.,"['CH1', 'CH2', 'CHZ']",2018-12-26T21:44:25.730000Z,21.19
1172,20181226T214614Z,1J.TI3A.,"['CH1', 'CH2', 'CHZ']",2018-12-26T21:46:14.430000Z,4.42
1173,20181226T214846Z,1J.TI4A.,"['CH1', 'CH2', 'CHZ']",2018-12-26T21:48:46.370000Z,10.1
1174,20181226T214955Z,1J.TI4A.,"['CH1', 'CH2', 'CHZ']",2018-12-26T21:49:55.460000Z,35.61
1175,20181226T214955Z,1J.TI8A.,"['CH1', 'CH2', 'CHZ']",2018-12-26T21:49:55.460000Z,35.61
1176,20181226T215012Z,1J.TI4A.,"['CH1', 'CH2', 'CHZ']",2018-12-26T21:50:12.980000Z,10.1
1177,20181226T215137Z,1J.TI4A.,"['CH1', 'CH2', 'CHZ']",2018-12-26T21:51:37.270000Z,10.1
1178,20181226T215156Z,1J.TI4A.,"['CH1', 'CH2', 'CHZ']",2018-12-26T21:51:56.780000Z,10.1
1179,20181226T215417Z,1J.TI4A.,"['CH1', 'CH2', 'CHZ']",2018-12-26T21:54:17.970000Z,10.1
1180,20181226T215507Z,1J.TI4A.,"['CH1', 'CH2', 'CHZ']",2018-12-26T21:55:07.930000Z,10.1
1181,20181226T215540Z,1J.TI4A.,"['CH1', 'CH2', 'CHZ']",2018-12-26T21:55:40.050000Z,35.61
1182,20181226T215540Z,1J.TI8A.,"['CH1', 'CH2', 'CHZ']",2018-12-26T21:55:40.050000Z,35.61
1183,20181226T215723Z,1J.TI4A.,"['CH1', 'CH2', 'CHZ']",2018-12-26T21:57:23.420000Z,10.1
1184,20181226T215748Z,1J.TI3A.,"['CH1', 'CH2', 'CHZ']",2018-12-26T21:57:48.320000Z,8.27
1185,20181226T215748Z,1J.TI6A.,"['CH1', 'CH2', 'CHZ']",2018-12-26T21:57:48.320000Z,8.27
1186,20181226T220123Z,1J.TI4A.,"['CH1', 'CH2', 'CHZ']",2018-12-26T22:01:23.060000Z,35.61
1187,20181226T220123Z,1J.TI8A.,"['CH1', 'CH2', 'CHZ']",2018-12-26T22:01:23.060000Z,35.61
1188,20181226T220140Z,1J.TI4A.,"['CH1', 'CH2', 'CHZ']",2018-12-26T22:01:40.050000Z,10.1
1189,20181226T220214Z,1J.TI4A.,"['CH1', 'CH2', 'CHZ']",2018-12-26T22:02:14.030000Z,10.1
1190,20181226T220423Z,1J.TI4A.,"['CH1', 'CH2', 'CHZ']",2018-12-26T22:04:23.410000Z,35.61
1191,20181226T220423Z,1J.TI8A.,"['CH1', 'CH2', 'CHZ']",2018-12-26T22:04:23.410000Z,35.61
1192,20181226T220447Z,1J.TI4A.,"['CH1', 'CH2', 'CHZ']",2018-12-26T22:04:47.740000Z,10.1
1193,20181226T221407Z,1J.TI4A.,"['CH1', 'CH2', 'CHZ']",2018-12-26T22:14:07.970000Z,10.1
1194,20181226T221437Z,1J.TI4A.,"['CH1', 'CH2', 'CHZ']",2018-12-26T22:14:37.490000Z,35.61
1195,20181226T221437Z,1J.TI8A.,"['CH1', 'CH2', 'CHZ']",2018-12-26T22:14:37.490000Z,35.61
1196,20181226T221456Z,1J.TI4A.,"['CH1', 'CH2', 'CHZ']",2018-12-26T22:14:56.140000Z,35.61
1197,20181226T221456Z,1J.TI8A.,"['CH1', 'CH2', 'CHZ']",2018-12-26T22:14:56.140000Z,35.61
1198,20181226T221524Z,1J.TI4A.,"['CH1', 'CH2', 'CHZ']",2018-12-26T22:15:24.280000Z,10.1
1199,20181226T221548Z,1J.TI4A.,"['CH1', 'CH2', 'CHZ']",2018-12-26T22:15:48.940000Z,10.1
1200,20181226T221637Z,1J.TI4A.,"['CH1', 'CH2', 'CHZ']",2018-12-26T22:16:37.980000Z,35.61
1201,20181226T221637Z,1J.TI8A.,"['CH1', 'CH2', 'CHZ']",2018-12-26T22:16:37.980000Z,35.61
1202,20181226T221651Z,1J.TI4A.,"['CH1', 'CH2', 'CHZ']",2018-12-26T22:16:51.830000Z,35.61
1203,20181226T221651Z,1J.TI8A.,"['CH1', 'CH2', 'CHZ']",2018-12-26T22:16:51.830000Z,35.61
1204,20181226T221714Z,1J.TI4A.,"['CH1', 'CH2', 'CHZ']",2018-12-26T22:17:14.940000Z,10.1
1205,20181226T221727Z,1J.TI4A.,"['CH1', 'CH2', 'CHZ']",2018-12-26T22:17:27.610000Z,10.1
1206,20181226T221755Z,1J.TI4A.,"['CH1', 'CH2', 'CHZ']",2018-12-26T22:17:55.450000Z,10.1
1207,20181226T222014Z,1J.TI3A.,"['CH1', 'CH2', 'CHZ']",2018-12-26T22:20:14.630000Z,27.02
1208,20181226T222014Z,1J.TI6A.,"['CH1', 'CH2', 'CHZ']",2018-12-26T22:20:14.630000Z,27.02
1209,20181226T222014Z,1J.TI1A.,"['CH1', 'CH2', 'CHZ']",2018-12-26T22:20:14.630000Z,27.02
1210,20181226T222041Z,1J.TI4A.,"['CH1', 'CH2', 'CHZ']",2018-12-26T22:20:41.880000Z,10.1
1211,20181226T222052Z,1J.TI4A.,"['CH1', 'CH2', 'CHZ']",2018-12-26T22:20:52.970000Z,10.1
1212,20181226T222130Z,1J.TI4A.,"['CH1', 'CH2', 'CHZ']",2018-12-26T22:21:30.260000Z,35.61
1213,20181226T222130Z,1J.TI8A.,"['CH1', 'CH2', 'CHZ']",2018-12-26T22:21:30.260000Z,35.61
1214,20181226T222149Z,1J.TI4A.,"['CH1', 'CH2', 'CHZ']",2018-12-26T22:21:49.590000Z,10.1
1215,20181226T222243Z,1J.TI4A.,"['CH1', 'CH2', 'CHZ']",2018-12-26T22:22:43.280000Z,35.61
1216,20181226T222243Z,1J.TI8A.,"['CH1', 'CH2', 'CHZ']",2018-12-26T22:22:43.280000Z,35.61
1217,20181226T222338Z,1J.TI3A.,"['CH1', 'CH2', 'CHZ']",2018-12-26T22:23:38.630000Z,3.03
1218,20181226T222736Z,1J.TI4A.,"['CH1', 'CH2', 'CHZ']",2018-12-26T22:27:36.930000Z,35.61
1219,20181226T222736Z,1J.TI8A.,"['CH1', 'CH2', 'CHZ']",2018-12-26T22:27:36.930000Z,35.61
1220,20181226T222802Z,1J.TI3A.,"['CH1', 'CH2', 'CHZ']",2018-12-26T22:28:02.500000Z,3.78
1221,20181226T223031Z,1J.TI4A.,"['CH1', 'CH2', 'CHZ']",2018-12-26T22:30:31.800000Z,35.61
1222,20181226T223031Z,1J.TI8A.,"['CH1', 'CH2', 'CHZ']",2018-12-26T22:30:31.800000Z,35.61
1223,20181226T223116Z,1J.TI4A.,"['CH1', 'CH2', 'CHZ']",2018-12-26T22:31:16.400000Z,35.61
1224,20181226T223116Z,1J.TI8A.,"['CH1', 'CH2', 'CHZ']",2018-12-26T22:31:16.400000Z,35.61
1225,20181226T223153Z,1J.TI4A.,"['CH1', 'CH2', 'CHZ']",2018-12-26T22:31:53.680000Z,10.1
1226,20181226T223250Z,1J.TI3A.,"['CH1', 'CH2', 'CHZ']",2018-12-26T22:32:50.900000Z,3.78
1227,20181226T223454Z,1J.TI4A.,"['CH1', 'CH2', 'CHZ']",2018-12-26T22:34:54.940000Z,35.61
1228,20181226T223454Z,1J.TI8A.,"['CH1', 'CH2', 'CHZ']",2018-12-26T22:34:54.940000Z,35.61
1229,20181226T223505Z,1J.TI4A.,"['CH1', 'CH2', 'CHZ']",2018-12-26T22:35:05.110000Z,35.61
1230,20181226T223505Z,1J.TI8A.,"['CH1', 'CH2', 'CHZ']",2018-12-26T22:35:05.110000Z,35.61
1231,20181226T223725Z,1J.TI4A.,"['CH1', 'CH2', 'CHZ']",2018-12-26T22:37:25.090000Z,35.61
1232,20181226T223725Z,1J.TI8A.,"['CH1', 'CH2', 'CHZ']",2018-12-26T22:37:25.090000Z,35.61
1233,20181226T223759Z,1J.TI4A.,"['CH1', 'CH2', 'CHZ']",2018-12-26T22:37:59.530000Z,10.1
1234,20181226T223815Z,1J.TI4A.,"['CH1', 'CH2', 'CHZ']",2018-12-26T22:38:15.860000Z,35.61
1235,20181226T223815Z,1J.TI8A.,"['CH1', 'CH2', 'CHZ']",2018-12-26T22:38:15.860000Z,35.61
1236,20181226T223827Z,1J.TI4A.,"['CH1', 'CH2', 'CHZ']",2018-12-26T22:38:27.680000Z,35.61
1237,20181226T223827Z,1J.TI8A.,"['CH1', 'CH2', 'CHZ']",2018-12-26T22:38:27.680000Z,35.61
1238,20181226T223853Z,1J.TI4A.,"['CH1', 'CH2', 'CHZ']",2018-12-26T22:38:53.850000Z,35.61
1239,20181226T223853Z,1J.TI8A.,"['CH1', 'CH2', 'CHZ']",2018-12-26T22:38:53.850000Z,35.61
1240,20181226T224112Z,1J.TI4A.,"['CH1', 'CH2', 'CHZ']",2018-12-26T22:41:12.710000Z,10.1
1241,20181226T224127Z,1J.TI4A.,"['CH1', 'CH2', 'CHZ']",2018-12-26T22:41:27.950000Z,35.61
1242,20181226T224127Z,1J.TI8A.,"['CH1', 'CH2', 'CHZ']",2018-12-26T22:41:27.950000Z,35.61
1243,20181226T224141Z,1J.TI7A.,"['CH1', 'CH2', 'CHZ']",2018-12-26T22:41:41.200000Z,17.94
1244,20181226T224204Z,1J.TI3A.,"['CH1', 'CH2', 'CHZ']",2018-12-26T22:42:04.130000Z,18.92
1245,20181226T224204Z,1J.TI8A.,"['CH1', 'CH2', 'CHZ']",2018-12-26T22:42:04.130000Z,18.92
1246,20181226T224204Z,1J.TI6A.,"['CH1', 'CH2', 'CHZ']",2018-12-26T22:42:04.130000Z,18.92
1247,20181226T224314Z,1J.TI3A.,"['CH1', 'CH2', 'CHZ']",2018-12-26T22:43:14.770000Z,4.83
1248,20181226T224330Z,1J.TI4A.,"['CH1', 'CH2', 'CHZ']",2018-12-26T22:43:30.390000Z,10.1
1249,20181226T224345Z,1J.TI4A.,"['CH1', 'CH2', 'CHZ']",2018-12-26T22:43:45.400000Z,10.1
1250,20181226T224405Z,1J.TI4A.,"['CH1', 'CH2', 'CHZ']",2018-12-26T22:44:05.390000Z,35.61
1251,20181226T224405Z,1J.TI8A.,"['CH1', 'CH2', 'CHZ']",2018-12-26T22:44:05.390000Z,35.61
1252,20181226T224433Z,1J.TI4A.,"['CH1', 'CH2', 'CHZ']",2018-12-26T22:44:33.880000Z,10.1
1253,20181226T224511Z,1J.TI4A.,"['CH1', 'CH2', 'CHZ']",2018-12-26T22:45:11.610000Z,10.1
1254,20181226T224539Z,1J.TI4A.,"['CH1', 'CH2', 'CHZ']",2018-12-26T22:45:39.740000Z,10.1
1255,20181226T224619Z,1J.TI3A.,"['CH1', 'CH2', 'CHZ']",2018-12-26T22:46:19.870000Z,13.75
1256,20181226T224619Z,1J.TI6A.,"['CH1', 'CH2', 'CHZ']",2018-12-26T22:46:19.870000Z,13.75
1257,20181226T224836Z,1J.TI3A.,"['CH1', 'CH2', 'CHZ']",2018-12-26T22:48:36.310000Z,20.18
1258,20181226T224836Z,1J.TI8A.,"['CH1', 'CH2', 'CHZ']",2018-12-26T22:48:36.310000Z,20.18
1259,20181226T224919Z,1J.TI4A.,"['CH1', 'CH2', 'CHZ']",2018-12-26T22:49:19.650000Z,10.1
1260,20181226T230212Z,1J.TI4A.,"['CH1', 'CH2', 'CHZ']",2018-12-26T23:02:12.870000Z,10.1
1261,20181226T230225Z,1J.TI4A.,"['CH1', 'CH2', 'CHZ']",2018-12-26T23:02:25.250000Z,35.61
1262,20181226T230225Z,1J.TI8A.,"['CH1', 'CH2', 'CHZ']",2018-12-26T23:02:25.250000Z,35.61
1263,20181226T230235Z,1J.TI4A.,"['CH1', 'CH2', 'CHZ']",2018-12-26T23:02:35.300000Z,35.61
1264,20181226T230235Z,1J.TI8A.,"['CH1', 'CH2', 'CHZ']",2018-12-26T23:02:35.300000Z,35.61
1265,20181226T230305Z,1J.TI4A.,"['CH1', 'CH2', 'CHZ']",2018-12-26T23:03:05.560000Z,10.1
1266,20181226T230321Z,1J.TI4A.,"['CH1', 'CH2', 'CHZ']",2018-12-26T23:03:21.520000Z,35.61
1267,20181226T230321Z,1J.TI8A.,"['CH1', 'CH2', 'CHZ']",2018-12-26T23:03:21.520000Z,35.61
1268,20181226T230357Z,1J.TI4A.,"['CH1', 'CH2', 'CHZ']",2018-12-26T23:03:57.890000Z,10.1
1269,20181226T230413Z,1J.TI4A.,"['CH1', 'CH2', 'CHZ']",2018-12-26T23:04:13.040000Z,10.1
1270,20181226T230528Z,1J.TI4A.,"['CH1', 'CH2', 'CHZ']",2018-12-26T23:05:28.970000Z,35.61
1271,20181226T230528Z,1J.TI8A.,"['CH1', 'CH2', 'CHZ']",2018-12-26T23:05:28.970000Z,35.61
1272,20181226T230545Z,1J.TI4A.,"['CH1', 'CH2', 'CHZ']",2018-12-26T23:05:45.510000Z,35.61
1273,20181226T230545Z,1J.TI8A.,"['CH1', 'CH2', 'CHZ']",2018-12-26T23:05:45.510000Z,35.61
1274,20181226T230627Z,1J.TI3A.,"['CH1', 'CH2', 'CHZ']",2018-12-26T23:06:27.210000Z,17.37
1275,20181226T230627Z,1J.TI8A.,"['CH1', 'CH2', 'CHZ']",2018-12-26T23:06:27.210000Z,17.37
1276,20181226T230627Z,1J.TI6A.,"['CH1', 'CH2', 'CHZ']",2018-12-26T23:06:27.210000Z,17.37
1277,20181226T230730Z,1J.TI4A.,"['CH1', 'CH2', 'CHZ']",2018-12-26T23:07:30.690000Z,35.61
1278,20181226T230730Z,1J.TI8A.,"['CH1', 'CH2', 'CHZ']",2018-12-26T23:07:30.690000Z,35.61
1279,20181226T230746Z,1J.TI3A.,"['CH1', 'CH2', 'CHZ']",2018-12-26T23:07:46.660000Z,3.78
1280,20181226T230819Z,1J.TI4A.,"['CH1', 'CH2', 'CHZ']",2018-12-26T23:08:19.290000Z,10.1
1281,20181226T230903Z,1J.TI4A.,"['CH1', 'CH2', 'CHZ']",2018-12-26T23:09:03.580000Z,35.61
1282,20181226T230903Z,1J.TI8A.,"['CH1', 'CH2', 'CHZ']",2018-12-26T23:09:03.580000Z,35.61
1283,20181226T230914Z,1J.TI4A.,"['CH1', 'CH2', 'CHZ']",2018-12-26T23:09:14.170000Z,35.61
1284,20181226T230914Z,1J.TI8A.,"['CH1', 'CH2', 'CHZ']",2018-12-26T23:09:14.170000Z,35.61
1285,20181226T231051Z,1J.TI4A.,"['CH1', 'CH2', 'CHZ']",2018-12-26T23:10:51.580000Z,10.1
1286,20181226T231118Z,1J.TI4A.,"['CH1', 'CH2', 'CHZ']",2018-12-26T23:11:18.010000Z,10.1
1287,20181226T231154Z,1J.TI4A.,"['CH1', 'CH2', 'CHZ']",2018-12-26T23:11:54.000000Z,10.1
1288,20181226T231216Z,1J.TI4A.,"['CH1', 'CH2', 'CHZ']",2018-12-26T23:12:16.880000Z,10.1
1289,20181226T231556Z,1J.TI4A.,"['CH1', 'CH2', 'CHZ']",2018-12-26T23:15:56.560000Z,35.61
1290,20181226T231556Z,1J.TI8A.,"['CH1', 'CH2', 'CHZ']",2018-12-26T23:15:56.560000Z,35.61
1291,20181226T231630Z,1J.TI3A.,"['CH1', 'CH2', 'CHZ']",2018-12-26T23:16:30.640000Z,18.6
1292,20181226T231630Z,1J.TI6A.,"['CH1', 'CH2', 'CHZ']",2018-12-26T23:16:30.640000Z,18.6
1293,20181226T231709Z,1J.TI4A.,"['CH1', 'CH2', 'CHZ']",2018-12-26T23:17:09.650000Z,10.1
1294,20181226T231728Z,1J.TI4A.,"['CH1', 'CH2', 'CHZ']",2018-12-26T23:17:28.800000Z,10.1
1295,20181226T231749Z,1J.TI4A.,"['CH1', 'CH2', 'CHZ']",2018-12-26T23:17:49.600000Z,10.1
1296,20181226T231838Z,1J.TI4A.,"['CH1', 'CH2', 'CHZ']",2018-12-26T23:18:38.920000Z,35.61
1297,20181226T231838Z,1J.TI8A.,"['CH1', 'CH2', 'CHZ']",2018-12-26T23:18:38.920000Z,35.61
1298,20181226T231855Z,1J.TI4A.,"['CH1', 'CH2', 'CHZ']",2018-12-26T23:18:55.750000Z,35.61
1299,20181226T231855Z,1J.TI8A.,"['CH1', 'CH2', 'CHZ']",2018-12-26T23:18:55.750000Z,35.61
1300,20181226T232040Z,1J.TI4A.,"['CH1', 'CH2', 'CHZ']",2018-12-26T23:20:40.570000Z,35.61
1301,20181226T232040Z,1J.TI8A.,"['CH1', 'CH2', 'CHZ']",2018-12-26T23:20:40.570000Z,35.61
1302,20181226T232105Z,1J.TI4A.,"['CH1', 'CH2', 'CHZ']",2018-12-26T23:21:05.550000Z,35.61
1303,20181226T232105Z,1J.TI8A.,"['CH1', 'CH2', 'CHZ']",2018-12-26T23:21:05.550000Z,35.61
1304,20181226T232128Z,1J.TI4A.,"['CH1', 'CH2', 'CHZ']",2018-12-26T23:21:28.300000Z,35.61
1305,20181226T232128Z,1J.TI8A.,"['CH1', 'CH2', 'CHZ']",2018-12-26T23:21:28.300000Z,35.61
1306,20181226T232149Z,1J.TI4A.,"['CH1', 'CH2', 'CHZ']",2018-12-26T23:21:49.180000Z,35.61
1307,20181226T232149Z,1J.TI8A.,"['CH1', 'CH2', 'CHZ']",2018-12-26T23:21:49.180000Z,35.61
1308,20181226T232242Z,1J.TI4A.,"['CH1', 'CH2', 'CHZ']",2018-12-26T23:22:42.260000Z,35.61
1309,20181226T232242Z,1J.TI8A.,"['CH1', 'CH2', 'CHZ']",2018-12-26T23:22:42.260000Z,35.61
1310,20181226T232253Z,1J.TI4A.,"['CH1', 'CH2', 'CHZ']",2018-12-26T23:22:53.470000Z,35.61
1311,20181226T232253Z,1J.TI8A.,"['CH1', 'CH2', 'CHZ']",2018-12-26T23:22:53.470000Z,35.61
1312,20181226T232344Z,1J.TI4A.,"['CH1', 'CH2', 'CHZ']",2018-12-26T23:23:44.480000Z,35.61
1313,20181226T232344Z,1J.TI8A.,"['CH1', 'CH2', 'CHZ']",2018-12-26T23:23:44.480000Z,35.61
1314,20181226T232403Z,1J.TI4A.,"['CH1', 'CH2', 'CHZ']",2018-12-26T23:24:03.770000Z,35.61
1315,20181226T232403Z,1J.TI8A.,"['CH1', 'CH2', 'CHZ']",2018-12-26T23:24:03.770000Z,35.61
1316,20181226T232438Z,1J.TI4A.,"['CH1', 'CH2', 'CHZ']",2018-12-26T23:24:38.990000Z,35.61
1317,20181226T232438Z,1J.TI8A.,"['CH1', 'CH2', 'CHZ']",2018-12-26T23:24:38.990000Z,35.61
1318,20181226T232457Z,1J.TI4A.,"['CH1', 'CH2', 'CHZ']",2018-12-26T23:24:57.770000Z,35.61
1319,20181226T232457Z,1J.TI8A.,"['CH1', 'CH2', 'CHZ']",2018-12-26T23:24:57.770000Z,35.61
1320,20181226T232508Z,1J.TI4A.,"['CH1', 'CH2', 'CHZ']",2018-12-26T23:25:08.310000Z,10.1
1321,20181226T232533Z,1J.TI4A.,"['CH1', 'CH2', 'CHZ']",2018-12-26T23:25:33.080000Z,35.61
1322,20181226T232533Z,1J.TI8A.,"['CH1', 'CH2', 'CHZ']",2018-12-26T23:25:33.080000Z,35.61
1323,20181226T232548Z,1J.TI4A.,"['CH1', 'CH2', 'CHZ']",2018-12-26T23:25:48.120000Z,35.61
1324,20181226T232548Z,1J.TI8A.,"['CH1', 'CH2', 'CHZ']",2018-12-26T23:25:48.120000Z,35.61
1325,20181226T232638Z,1J.TI4A.,"['CH1', 'CH2', 'CHZ']",2018-12-26T23:26:38.620000Z,35.61
1326,20181226T232638Z,1J.TI8A.,"['CH1', 'CH2', 'CHZ']",2018-12-26T23:26:38.620000Z,35.61
1327,20181226T232648Z,1J.TI8A.,"['CH1', 'CH2', 'CHZ']",2018-12-26T23:26:48.790000Z,10.63
1328,20181226T232753Z,1J.TI4A.,"['CH1', 'CH2', 'CHZ']",2018-12-26T23:27:53.060000Z,13.3
1329,20181226T232753Z,1J.TI1A.,"['CH1', 'CH2', 'CHZ']",2018-12-26T23:27:53.060000Z,13.3
1330,20181226T232810Z,1J.TI3A.,"['CH1', 'CH2', 'CHZ']",2018-12-26T23:28:10.080000Z,7.64
1331,20181226T232841Z,1J.TI4A.,"['CH1', 'CH2', 'CHZ']",2018-12-26T23:28:41.420000Z,10.1
1332,20181226T232913Z,1J.TI4A.,"['CH1', 'CH2', 'CHZ']",2018-12-26T23:29:13.380000Z,7.87
1333,20181226T233058Z,1J.TI4A.,"['CH1', 'CH2', 'CHZ']",2018-12-26T23:30:58.940000Z,15.93
1334,20181226T233058Z,1J.TI1A.,"['CH1', 'CH2', 'CHZ']",2018-12-26T23:30:58.940000Z,15.93
1335,20181226T233130Z,1J.TI4A.,"['CH1', 'CH2', 'CHZ']",2018-12-26T23:31:30.670000Z,35.61
1336,20181226T233130Z,1J.TI8A.,"['CH1', 'CH2', 'CHZ']",2018-12-26T23:31:30.670000Z,35.61
1337,20181226T233144Z,1J.TI4A.,"['CH1', 'CH2', 'CHZ']",2018-12-26T23:31:44.010000Z,35.61
1338,20181226T233144Z,1J.TI8A.,"['CH1', 'CH2', 'CHZ']",2018-12-26T23:31:44.010000Z,35.61
1339,20181226T233229Z,1J.TI4A.,"['CH1', 'CH2', 'CHZ']",2018-12-26T23:32:29.680000Z,35.61
1340,20181226T233229Z,1J.TI8A.,"['CH1', 'CH2', 'CHZ']",2018-12-26T23:32:29.680000Z,35.61
1341,20181226T233258Z,1J.TI4A.,"['CH1', 'CH2', 'CHZ']",2018-12-26T23:32:58.500000Z,35.61
1342,20181226T233258Z,1J.TI8A.,"['CH1', 'CH2', 'CHZ']",2018-12-26T23:32:58.500000Z,35.61
1343,20181226T233335Z,1J.TI4A.,"['CH1', 'CH2', 'CHZ']",2018-12-26T23:33:35.680000Z,35.61
1344,20181226T233335Z,1J.TI8A.,"['CH1', 'CH2', 'CHZ']",2018-12-26T23:33:35.680000Z,35.61
1345,20181226T233345Z,1J.TI4A.,"['CH1', 'CH2', 'CHZ']",2018-12-26T23:33:45.810000Z,35.61
1346,20181226T233345Z,1J.TI8A.,"['CH1', 'CH2', 'CHZ']",2018-12-26T23:33:45.810000Z,35.61
1347,20181226T233442Z,1J.TI4A.,"['CH1', 'CH2', 'CHZ']",2018-12-26T23:34:42.810000Z,17.7
1348,20181226T233442Z,1J.TI1A.,"['CH1', 'CH2', 'CHZ']",2018-12-26T23:34:42.810000Z,17.7
1349,20181226T233454Z,1J.TI4A.,"['CH1', 'CH2', 'CHZ']",2018-12-26T23:34:54.650000Z,17.7
1350,20181226T233454Z,1J.TI1A.,"['CH1', 'CH2', 'CHZ']",2018-12-26T23:34:54.650000Z,17.7
1351,20181226T233618Z,1J.TI3A.,"['CH1', 'CH2', 'CHZ']",2018-12-26T23:36:18.620000Z,8.27
1352,20181226T233618Z,1J.TI6A.,"['CH1', 'CH2', 'CHZ']",2018-12-26T23:36:18.620000Z,8.27
1353,20181226T233636Z,1J.TI4A.,"['CH1', 'CH2', 'CHZ']",2018-12-26T23:36:36.590000Z,17.42
1354,20181226T233636Z,1J.TI1A.,"['CH1', 'CH2', 'CHZ']",2018-12-26T23:36:36.590000Z,17.42
1355,20181226T233709Z,1J.TI8A.,"['CH1', 'CH2', 'CHZ']",2018-12-26T23:37:09.280000Z,11.41
1356,20181226T233709Z,1J.TI6A.,"['CH1', 'CH2', 'CHZ']",2018-12-26T23:37:09.280000Z,11.41
1357,20181226T233901Z,1J.TI4A.,"['CH1', 'CH2', 'CHZ']",2018-12-26T23:39:01.810000Z,17.7
1358,20181226T233901Z,1J.TI1A.,"['CH1', 'CH2', 'CHZ']",2018-12-26T23:39:01.810000Z,17.7
1359,20181226T233938Z,1J.TI4A.,"['CH1', 'CH2', 'CHZ']",2018-12-26T23:39:38.100000Z,17.7
1360,20181226T233938Z,1J.TI1A.,"['CH1', 'CH2', 'CHZ']",2018-12-26T23:39:38.100000Z,17.7
1361,20181226T234008Z,1J.TI4A.,"['CH1', 'CH2', 'CHZ']",2018-12-26T23:40:08.120000Z,15.93
1362,20181226T234008Z,1J.TI1A.,"['CH1', 'CH2', 'CHZ']",2018-12-26T23:40:08.120000Z,15.93
1363,20181226T234054Z,1J.TI4A.,"['CH1', 'CH2', 'CHZ']",2018-12-26T23:40:54.690000Z,17.7
1364,20181226T234054Z,1J.TI1A.,"['CH1', 'CH2', 'CHZ']",2018-12-26T23:40:54.690000Z,17.7
1365,20181226T234125Z,1J.TI4A.,"['CH1', 'CH2', 'CHZ']",2018-12-26T23:41:25.740000Z,17.7
1366,20181226T234125Z,1J.TI1A.,"['CH1', 'CH2', 'CHZ']",2018-12-26T23:41:25.740000Z,17.7
1367,20181226T234205Z,1J.TI4A.,"['CH1', 'CH2', 'CHZ']",2018-12-26T23:42:05.730000Z,17.7
1368,20181226T234205Z,1J.TI1A.,"['CH1', 'CH2', 'CHZ']",2018-12-26T23:42:05.730000Z,17.7
1369,20181226T234220Z,1J.TI4A.,"['CH1', 'CH2', 'CHZ']",2018-12-26T23:42:20.470000Z,20.36
1370,20181226T234220Z,1J.TI1A.,"['CH1', 'CH2', 'CHZ']",2018-12-26T23:42:20.470000Z,20.36
1371,20181226T234250Z,1J.TI4A.,"['CH1', 'CH2', 'CHZ']",2018-12-26T23:42:50.080000Z,20.36
1372,20181226T234250Z,1J.TI1A.,"['CH1', 'CH2', 'CHZ']",2018-12-26T23:42:50.080000Z,20.36
1373,20181226T234325Z,1J.TI3A.,"['CH1', 'CH2', 'CHZ']",2018-12-26T23:43:25.040000Z,4.83
1374,20181226T234400Z,1J.TI4A.,"['CH1', 'CH2', 'CHZ']",2018-12-26T23:44:00.430000Z,17.7
1375,20181226T234400Z,1J.TI1A.,"['CH1', 'CH2', 'CHZ']",2018-12-26T23:44:00.430000Z,17.7
1376,20181226T234420Z,1J.TI4A.,"['CH1', 'CH2', 'CHZ']",2018-12-26T23:44:20.140000Z,17.7
1377,20181226T234420Z,1J.TI1A.,"['CH1', 'CH2', 'CHZ']",2018-12-26T23:44:20.140000Z,17.7
1378,20181226T234636Z,1J.TI4A.,"['CH1', 'CH2', 'CHZ']",2018-12-26T23:46:36.370000Z,17.7
1379,20181226T234636Z,1J.TI1A.,"['CH1', 'CH2', 'CHZ']",2018-12-26T23:46:36.370000Z,17.7
1380,20181226T234709Z,1J.TI3A.,"['CH1', 'CH2', 'CHZ']",2018-12-26T23:47:09.700000Z,17.37
1381,20181226T234709Z,1J.TI8A.,"['CH1', 'CH2', 'CHZ']",2018-12-26T23:47:09.700000Z,17.37
1382,20181226T234709Z,1J.TI6A.,"['CH1', 'CH2', 'CHZ']",2018-12-26T23:47:09.700000Z,17.37
1383,20181226T234824Z,1J.TI4A.,"['CH1', 'CH2', 'CHZ']",2018-12-26T23:48:24.090000Z,17.7
1384,20181226T234824Z,1J.TI1A.,"['CH1', 'CH2', 'CHZ']",2018-12-26T23:48:24.090000Z,17.7
1385,20181226T234835Z,1J.TI4A.,"['CH1', 'CH2', 'CHZ']",2018-12-26T23:48:35.070000Z,17.7
1386,20181226T234835Z,1J.TI1A.,"['CH1', 'CH2', 'CHZ']",2018-12-26T23:48:35.070000Z,17.7
1387,20181226T234932Z,1J.TI4A.,"['CH1', 'CH2', 'CHZ']",2018-12-26T23:49:32.250000Z,17.7
1388,20181226T234932Z,1J.TI1A.,"['CH1', 'CH2', 'CHZ']",2018-12-26T23:49:32.250000Z,17.7
1389,20181226T234954Z,1J.TI4A.,"['CH1', 'CH2', 'CHZ']",2018-12-26T23:49:54.800000Z,20.36
1390,20181226T234954Z,1J.TI1A.,"['CH1', 'CH2', 'CHZ']",2018-12-26T23:49:54.800000Z,20.36
1391,20181226T235050Z,1J.TI4A.,"['CH1', 'CH2', 'CHZ']",2018-12-26T23:50:50.310000Z,17.7
1392,20181226T235050Z,1J.TI1A.,"['CH1', 'CH2', 'CHZ']",2018-12-26T23:50:50.310000Z,17.7
1393,20181226T235122Z,1J.TI4A.,"['CH1', 'CH2', 'CHZ']",2018-12-26T23:51:22.390000Z,17.7
1394,20181226T235122Z,1J.TI1A.,"['CH1', 'CH2', 'CHZ']",2018-12-26T23:51:22.390000Z,17.7
1395,20181226T235206Z,1J.TI4A.,"['CH1', 'CH2', 'CHZ']",2018-12-26T23:52:06.860000Z,17.7
1396,20181226T235206Z,1J.TI1A.,"['CH1', 'CH2', 'CHZ']",2018-12-26T23:52:06.860000Z,17.7
1397,20181226T235306Z,1J.TI4A.,"['CH1', 'CH2', 'CHZ']",2018-12-26T23:53:06.490000Z,17.7
1398,20181226T235306Z,1J.TI1A.,"['CH1', 'CH2', 'CHZ']",2018-12-26T23:53:06.490000Z,17.7
1399,20181226T235355Z,1J.TI4A.,"['CH1', 'CH2', 'CHZ']",2018-12-26T23:53:55.790000Z,17.7
1400,20181226T235355Z,1J.TI1A.,"['CH1', 'CH2', 'CHZ']",2018-12-26T23:53:55.790000Z,17.7
1401,20181226T235436Z,1J.TI4A.,"['CH1', 'CH2', 'CHZ']",2018-12-26T23:54:36.670000Z,17.7
1402,20181226T235436Z,1J.TI1A.,"['CH1', 'CH2', 'CHZ']",2018-12-26T23:54:36.670000Z,17.7
1403,20181226T235719Z,1J.TI4A.,"['CH1', 'CH2', 'CHZ']",2018-12-26T23:57:19.880000Z,19.13
1404,20181226T235719Z,1J.TI8A.,"['CH1', 'CH2', 'CHZ']",2018-12-26T23:57:19.880000Z,19.13
1405,20181226T235719Z,1J.TI1A.,"['CH1', 'CH2', 'CHZ']",2018-12-26T23:57:19.880000Z,19.13
1406,20181226T235744Z,1J.TI4A.,"['CH1', 'CH2', 'CHZ']",2018-12-26T23:57:44.060000Z,17.7
1407,20181226T235744Z,1J.TI1A.,"['CH1', 'CH2', 'CHZ']",2018-12-26T23:57:44.060000Z,17.7
1408,20181226T235849Z,1J.TI4A.,"['CH1', 'CH2', 'CHZ']",2018-12-26T23:58:49.010000Z,15.93
1409,20181226T235849Z,1J.TI1A.,"['CH1', 'CH2', 'CHZ']",2018-12-26T23:58:49.010000Z,15.93
