,event_id,station,components,time,duration
0,20190120T000001Z,1J.TI3A.,"['CH1', 'CH2', 'CHZ']",2019-01-20T00:00:01.150000Z,27.17
1,20190120T000001Z,1J.TI8A.,"['CH1', 'CH2', 'CHZ']",2019-01-20T00:00:01.150000Z,27.17
2,20190120T000001Z,1J.TI6A.,"['CH1', 'CH2', 'CHZ']",2019-01-20T00:00:01.150000Z,27.17
3,20190120T000001Z,1J.TI1A.,"['CH1', 'CH2', 'CHZ']",2019-01-20T00:00:01.150000Z,27.17
4,20190120T000411Z,1J.TI3A.,"['CH1', 'CH2', 'CHZ']",2019-01-20T00:04:11.800000Z,27.17
5,20190120T000411Z,1J.TI8A.,"['CH1', 'CH2', 'CHZ']",2019-01-20T00:04:11.800000Z,27.17
6,20190120T000411Z,1J.TI6A.,"['CH1', 'CH2', 'CHZ']",2019-01-20T00:04:11.800000Z,27.17
7,20190120T000411Z,1J.TI1A.,"['CH1', 'CH2', 'CHZ']",2019-01-20T00:04:11.800000Z,27.17
8,20190120T000944Z,1J.TI6A.,"['CH1', 'CH2', 'CHZ']",2019-01-20T00:09:44.710000Z,4.22
9,20190120T001255Z,1J.TI4A.,"['CH1', 'CH2', 'CHZ']",2019-01-20T00:12:55.880000Z,24.98
10,20190120T001255Z,1J.TI3A.,"['CH1', 'CH2', 'CHZ']",2019-01-20T00:12:55.880000Z,24.98
11,20190120T001255Z,1J.TI8A.,"['CH1', 'CH2', 'CHZ']",2019-01-20T00:12:55.880000Z,24.98
12,20190120T001255Z,1J.TI6A.,"['CH1', 'CH2', 'CHZ']",2019-01-20T00:12:55.880000Z,24.98
13,20190120T001255Z,1J.TI1A.,"['CH1', 'CH2', 'CHZ']",2019-01-20T00:12:55.880000Z,24.98
14,20190120T001646Z,1J.TI4A.,"['CH1', 'CH2', 'CHZ']",2019-01-20T00:16:46.870000Z,14.14
15,20190120T001646Z,1J.TI3A.,"['CH1', 'CH2', 'CHZ']",2019-01-20T00:16:46.870000Z,14.14
16,20190120T001646Z,1J.TI1A.,"['CH1', 'CH2', 'CHZ']",2019-01-20T00:16:46.870000Z,14.14
17,20190120T001956Z,1J.TI4A.,"['CH1', 'CH2', 'CHZ']",2019-01-20T00:19:56.000000Z,14.14
18,20190120T001956Z,1J.TI3A.,"['CH1', 'CH2', 'CHZ']",2019-01-20T00:19:56.000000Z,14.14
19,20190120T001956Z,1J.TI1A.,"['CH1', 'CH2', 'CHZ']",2019-01-20T00:19:56.000000Z,14.14
20,20190120T002154Z,1J.TI6A.,"['CH1', 'CH2', 'CHZ']",2019-01-20T00:21:54.440000Z,4.22
21,20190120T002649Z,1J.TI3A.,"['CH1', 'CH2', 'CHZ']",2019-01-20T00:26:49.380000Z,23.07
22,20190120T002649Z,1J.TI8A.,"['CH1', 'CH2', 'CHZ']",2019-01-20T00:26:49.380000Z,23.07
23,20190120T002649Z,1J.TI6A.,"['CH1', 'CH2', 'CHZ']",2019-01-20T00:26:49.380000Z,23.07
24,20190120T002649Z,1J.TI1A.,"['CH1', 'CH2', 'CHZ']",2019-01-20T00:26:49.380000Z,23.07
25,20190120T003035Z,1J.TI6A.,"['CH1', 'CH2', 'CHZ']",2019-01-20T00:30:35.070000Z,4.22
26,20190120T003651Z,1J.TI6A.,"['CH1', 'CH2', 'CHZ']",2019-01-20T00:36:51.270000Z,4.22
27,20190120T003830Z,1J.TI3A.,"['CH1', 'CH2', 'CHZ']",2019-01-20T00:38:30.850000Z,2.13
28,20190120T004102Z,1J.TI4A.,"['CH1', 'CH2', 'CHZ']",2019-01-20T00:41:02.820000Z,14.14
29,20190120T004102Z,1J.TI3A.,"['CH1', 'CH2', 'CHZ']",2019-01-20T00:41:02.820000Z,14.14
30,20190120T004102Z,1J.TI1A.,"['CH1', 'CH2', 'CHZ']",2019-01-20T00:41:02.820000Z,14.14
31,20190120T004632Z,1J.TI4A.,"['CH1', 'CH2', 'CHZ']",2019-01-20T00:46:32.250000Z,24.98
32,20190120T004632Z,1J.TI3A.,"['CH1', 'CH2', 'CHZ']",2019-01-20T00:46:32.250000Z,24.98
33,20190120T004632Z,1J.TI8A.,"['CH1', 'CH2', 'CHZ']",2019-01-20T00:46:32.250000Z,24.98
34,20190120T004632Z,1J.TI6A.,"['CH1', 'CH2', 'CHZ']",2019-01-20T00:46:32.250000Z,24.98
35,20190120T004632Z,1J.TI1A.,"['CH1', 'CH2', 'CHZ']",2019-01-20T00:46:32.250000Z,24.98
36,20190120T005150Z,1J.TI4A.,"['CH1', 'CH2', 'CHZ']",2019-01-20T00:51:50.530000Z,24.15
37,20190120T005150Z,1J.TI3A.,"['CH1', 'CH2', 'CHZ']",2019-01-20T00:51:50.530000Z,24.15
38,20190120T005150Z,1J.TI8A.,"['CH1', 'CH2', 'CHZ']",2019-01-20T00:51:50.530000Z,24.15
39,20190120T005150Z,1J.TI6A.,"['CH1', 'CH2', 'CHZ']",2019-01-20T00:51:50.530000Z,24.15
40,20190120T005150Z,1J.TI1A.,"['CH1', 'CH2', 'CHZ']",2019-01-20T00:51:50.530000Z,24.15
41,20190120T005802Z,1J.TI4A.,"['CH1', 'CH2', 'CHZ']",2019-01-20T00:58:02.270000Z,14.14
42,20190120T005802Z,1J.TI3A.,"['CH1', 'CH2', 'CHZ']",2019-01-20T00:58:02.270000Z,14.14
43,20190120T005802Z,1J.TI1A.,"['CH1', 'CH2', 'CHZ']",2019-01-20T00:58:02.270000Z,14.14
44,20190120T005948Z,1J.TI3A.,"['CH1', 'CH2', 'CHZ']",2019-01-20T00:59:48.570000Z,23.07
45,20190120T005948Z,1J.TI8A.,"['CH1', 'CH2', 'CHZ']",2019-01-20T00:59:48.570000Z,23.07
46,20190120T005948Z,1J.TI6A.,"['CH1', 'CH2', 'CHZ']",2019-01-20T00:59:48.570000Z,23.07
47,20190120T005948Z,1J.TI1A.,"['CH1', 'CH2', 'CHZ']",2019-01-20T00:59:48.570000Z,23.07
48,20190120T010218Z,1J.TI3A.,"['CH1', 'CH2', 'CHZ']",2019-01-20T01:02:18.520000Z,2.13
49,20190120T010428Z,1J.TI4A.,"['CH1', 'CH2', 'CHZ']",2019-01-20T01:04:28.250000Z,24.48
50,20190120T010428Z,1J.TI3A.,"['CH1', 'CH2', 'CHZ']",2019-01-20T01:04:28.250000Z,24.48
51,20190120T010428Z,1J.TI8A.,"['CH1', 'CH2', 'CHZ']",2019-01-20T01:04:28.250000Z,24.48
52,20190120T010428Z,1J.TI6A.,"['CH1', 'CH2', 'CHZ']",2019-01-20T01:04:28.250000Z,24.48
53,20190120T011037Z,1J.TI4A.,"['CH1', 'CH2', 'CHZ']",2019-01-20T01:10:37.220000Z,14.14
54,20190120T011037Z,1J.TI3A.,"['CH1', 'CH2', 'CHZ']",2019-01-20T01:10:37.220000Z,14.14
55,20190120T011037Z,1J.TI1A.,"['CH1', 'CH2', 'CHZ']",2019-01-20T01:10:37.220000Z,14.14
56,20190120T011418Z,1J.TI6A.,"['CH1', 'CH2', 'CHZ']",2019-01-20T01:14:18.630000Z,4.22
57,20190120T011720Z,1J.TI3A.,"['CH1', 'CH2', 'CHZ']",2019-01-20T01:17:20.820000Z,23.07
58,20190120T011720Z,1J.TI8A.,"['CH1', 'CH2', 'CHZ']",2019-01-20T01:17:20.820000Z,23.07
59,20190120T011720Z,1J.TI6A.,"['CH1', 'CH2', 'CHZ']",2019-01-20T01:17:20.820000Z,23.07
60,20190120T011720Z,1J.TI1A.,"['CH1', 'CH2', 'CHZ']",2019-01-20T01:17:20.820000Z,23.07
61,20190120T011812Z,1J.TI4A.,"['CH1', 'CH2', 'CHZ']",2019-01-20T01:18:12.520000Z,24.98
62,20190120T011812Z,1J.TI3A.,"['CH1', 'CH2', 'CHZ']",2019-01-20T01:18:12.520000Z,24.98
63,20190120T011812Z,1J.TI8A.,"['CH1', 'CH2', 'CHZ']",2019-01-20T01:18:12.520000Z,24.98
64,20190120T011812Z,1J.TI6A.,"['CH1', 'CH2', 'CHZ']",2019-01-20T01:18:12.520000Z,24.98
65,20190120T011812Z,1J.TI1A.,"['CH1', 'CH2', 'CHZ']",2019-01-20T01:18:12.520000Z,24.98
66,20190120T012058Z,1J.TI6A.,"['CH1', 'CH2', 'CHZ']",2019-01-20T01:20:58.010000Z,4.22
67,20190120T012435Z,1J.TI3A.,"['CH1', 'CH2', 'CHZ']",2019-01-20T01:24:35.430000Z,27.17
68,20190120T012435Z,1J.TI8A.,"['CH1', 'CH2', 'CHZ']",2019-01-20T01:24:35.430000Z,27.17
69,20190120T012435Z,1J.TI6A.,"['CH1', 'CH2', 'CHZ']",2019-01-20T01:24:35.430000Z,27.17
70,20190120T012435Z,1J.TI1A.,"['CH1', 'CH2', 'CHZ']",2019-01-20T01:24:35.430000Z,27.17
71,20190120T013054Z,1J.TI4A.,"['CH1', 'CH2', 'CHZ']",2019-01-20T01:30:54.220000Z,14.14
72,20190120T013054Z,1J.TI3A.,"['CH1', 'CH2', 'CHZ']",2019-01-20T01:30:54.220000Z,14.14
73,20190120T013054Z,1J.TI1A.,"['CH1', 'CH2', 'CHZ']",2019-01-20T01:30:54.220000Z,14.14
74,20190120T013220Z,1J.TI6A.,"['CH1', 'CH2', 'CHZ']",2019-01-20T01:32:20.950000Z,4.22
75,20190120T013927Z,1J.TI6A.,"['CH1', 'CH2', 'CHZ']",2019-01-20T01:39:27.750000Z,4.22
76,20190120T015009Z,1J.TI4A.,"['CH1', 'CH2', 'CHZ']",2019-01-20T01:50:09.250000Z,24.98
77,20190120T015009Z,1J.TI3A.,"['CH1', 'CH2', 'CHZ']",2019-01-20T01:50:09.250000Z,24.98
78,20190120T015009Z,1J.TI8A.,"['CH1', 'CH2', 'CHZ']",2019-01-20T01:50:09.250000Z,24.98
79,20190120T015009Z,1J.TI6A.,"['CH1', 'CH2', 'CHZ']",2019-01-20T01:50:09.250000Z,24.98
80,20190120T015009Z,1J.TI1A.,"['CH1', 'CH2', 'CHZ']",2019-01-20T01:50:09.250000Z,24.98
81,20190120T015032Z,1J.TI4A.,"['CH1', 'CH2', 'CHZ']",2019-01-20T01:50:32.090000Z,14.14
82,20190120T015032Z,1J.TI3A.,"['CH1', 'CH2', 'CHZ']",2019-01-20T01:50:32.090000Z,14.14
83,20190120T015032Z,1J.TI1A.,"['CH1', 'CH2', 'CHZ']",2019-01-20T01:50:32.090000Z,14.14
84,20190120T015357Z,1J.TI4A.,"['CH1', 'CH2', 'CHZ']",2019-01-20T01:53:57.220000Z,14.14
85,20190120T015357Z,1J.TI3A.,"['CH1', 'CH2', 'CHZ']",2019-01-20T01:53:57.220000Z,14.14
86,20190120T015357Z,1J.TI1A.,"['CH1', 'CH2', 'CHZ']",2019-01-20T01:53:57.220000Z,14.14
87,20190120T015550Z,1J.TI6A.,"['CH1', 'CH2', 'CHZ']",2019-01-20T01:55:50.790000Z,4.22
88,20190120T020320Z,1J.TI6A.,"['CH1', 'CH2', 'CHZ']",2019-01-20T02:03:20.310000Z,4.22
89,20190120T021103Z,1J.TI6A.,"['CH1', 'CH2', 'CHZ']",2019-01-20T02:11:03.480000Z,4.22
90,20190120T021114Z,1J.TI3A.,"['CH1', 'CH2', 'CHZ']",2019-01-20T02:11:14.240000Z,13.25
91,20190120T021114Z,1J.TI6A.,"['CH1', 'CH2', 'CHZ']",2019-01-20T02:11:14.240000Z,13.25
92,20190120T021203Z,1J.TI4A.,"['CH1', 'CH2', 'CHZ']",2019-01-20T02:12:03.640000Z,55.77
93,20190120T021203Z,1J.TI3A.,"['CH1', 'CH2', 'CHZ']",2019-01-20T02:12:03.640000Z,55.77
94,20190120T021203Z,1J.TI8A.,"['CH1', 'CH2', 'CHZ']",2019-01-20T02:12:03.640000Z,55.77
95,20190120T021203Z,1J.TI6A.,"['CH1', 'CH2', 'CHZ']",2019-01-20T02:12:03.640000Z,55.77
96,20190120T021203Z,1J.TI1A.,"['CH1', 'CH2', 'CHZ']",2019-01-20T02:12:03.640000Z,55.77
97,20190120T021220Z,1J.TI3A.,"['CH1', 'CH2', 'CHZ']",2019-01-20T02:12:20.810000Z,2.13
98,20190120T021727Z,1J.TI4A.,"['CH1', 'CH2', 'CHZ']",2019-01-20T02:17:27.120000Z,14.14
99,20190120T021727Z,1J.TI3A.,"['CH1', 'CH2', 'CHZ']",2019-01-20T02:17:27.120000Z,14.14
100,20190120T021727Z,1J.TI1A.,"['CH1', 'CH2', 'CHZ']",2019-01-20T02:17:27.120000Z,14.14
101,20190120T021903Z,1J.TI3A.,"['CH1', 'CH2', 'CHZ']",2019-01-20T02:19:03.340000Z,11.28
102,20190120T021903Z,1J.TI6A.,"['CH1', 'CH2', 'CHZ']",2019-01-20T02:19:03.340000Z,11.28
103,20190120T021920Z,1J.TI6A.,"['CH1', 'CH2', 'CHZ']",2019-01-20T02:19:20.940000Z,4.22
104,20190120T022212Z,1J.TI3A.,"['CH1', 'CH2', 'CHZ']",2019-01-20T02:22:12.410000Z,17.2
105,20190120T022212Z,1J.TI6A.,"['CH1', 'CH2', 'CHZ']",2019-01-20T02:22:12.410000Z,17.2
106,20190120T022212Z,1J.TI7A.,"['CH1', 'CH2', 'CHZ']",2019-01-20T02:22:12.410000Z,17.2
107,20190120T022245Z,1J.TI4A.,"['CH1', 'CH2', 'CHZ']",2019-01-20T02:22:45.220000Z,55.77
108,20190120T022245Z,1J.TI3A.,"['CH1', 'CH2', 'CHZ']",2019-01-20T02:22:45.220000Z,55.77
109,20190120T022245Z,1J.TI8A.,"['CH1', 'CH2', 'CHZ']",2019-01-20T02:22:45.220000Z,55.77
110,20190120T022245Z,1J.TI6A.,"['CH1', 'CH2', 'CHZ']",2019-01-20T02:22:45.220000Z,55.77
111,20190120T022245Z,1J.TI1A.,"['CH1', 'CH2', 'CHZ']",2019-01-20T02:22:45.220000Z,55.77
112,20190120T022317Z,1J.TI4A.,"['CH1', 'CH2', 'CHZ']",2019-01-20T02:23:17.330000Z,14.14
113,20190120T022317Z,1J.TI3A.,"['CH1', 'CH2', 'CHZ']",2019-01-20T02:23:17.330000Z,14.14
114,20190120T022317Z,1J.TI1A.,"['CH1', 'CH2', 'CHZ']",2019-01-20T02:23:17.330000Z,14.14
115,20190120T022955Z,1J.TI6A.,"['CH1', 'CH2', 'CHZ']",2019-01-20T02:29:55.140000Z,4.22
116,20190120T023327Z,1J.TI3A.,"['CH1', 'CH2', 'CHZ']",2019-01-20T02:33:27.740000Z,11.28
117,20190120T023327Z,1J.TI6A.,"['CH1', 'CH2', 'CHZ']",2019-01-20T02:33:27.740000Z,11.28
118,20190120T023521Z,1J.TI4A.,"['CH1', 'CH2', 'CHZ']",2019-01-20T02:35:21.420000Z,24.98
119,20190120T023521Z,1J.TI3A.,"['CH1', 'CH2', 'CHZ']",2019-01-20T02:35:21.420000Z,24.98
120,20190120T023521Z,1J.TI8A.,"['CH1', 'CH2', 'CHZ']",2019-01-20T02:35:21.420000Z,24.98
121,20190120T023521Z,1J.TI6A.,"['CH1', 'CH2', 'CHZ']",2019-01-20T02:35:21.420000Z,24.98
122,20190120T023521Z,1J.TI1A.,"['CH1', 'CH2', 'CHZ']",2019-01-20T02:35:21.420000Z,24.98
123,20190120T023624Z,1J.TI3A.,"['CH1', 'CH2', 'CHZ']",2019-01-20T02:36:24.240000Z,11.28
124,20190120T023624Z,1J.TI6A.,"['CH1', 'CH2', 'CHZ']",2019-01-20T02:36:24.240000Z,11.28
125,20190120T023737Z,1J.TI6A.,"['CH1', 'CH2', 'CHZ']",2019-01-20T02:37:37.090000Z,4.22
126,20190120T023830Z,1J.TI3A.,"['CH1', 'CH2', 'CHZ']",2019-01-20T02:38:30.240000Z,11.28
127,20190120T023830Z,1J.TI6A.,"['CH1', 'CH2', 'CHZ']",2019-01-20T02:38:30.240000Z,11.28
128,20190120T024042Z,1J.TI3A.,"['CH1', 'CH2', 'CHZ']",2019-01-20T02:40:42.540000Z,11.28
129,20190120T024042Z,1J.TI6A.,"['CH1', 'CH2', 'CHZ']",2019-01-20T02:40:42.540000Z,11.28
130,20190120T024211Z,1J.TI3A.,"['CH1', 'CH2', 'CHZ']",2019-01-20T02:42:11.450000Z,11.28
131,20190120T024211Z,1J.TI6A.,"['CH1', 'CH2', 'CHZ']",2019-01-20T02:42:11.450000Z,11.28
132,20190120T024413Z,1J.TI3A.,"['CH1', 'CH2', 'CHZ']",2019-01-20T02:44:13.730000Z,11.28
133,20190120T024413Z,1J.TI6A.,"['CH1', 'CH2', 'CHZ']",2019-01-20T02:44:13.730000Z,11.28
134,20190120T024759Z,1J.TI3A.,"['CH1', 'CH2', 'CHZ']",2019-01-20T02:47:59.460000Z,11.28
135,20190120T024759Z,1J.TI6A.,"['CH1', 'CH2', 'CHZ']",2019-01-20T02:47:59.460000Z,11.28
136,20190120T024914Z,1J.TI3A.,"['CH1', 'CH2', 'CHZ']",2019-01-20T02:49:14.050000Z,11.28
137,20190120T024914Z,1J.TI6A.,"['CH1', 'CH2', 'CHZ']",2019-01-20T02:49:14.050000Z,11.28
138,20190120T025124Z,1J.TI3A.,"['CH1', 'CH2', 'CHZ']",2019-01-20T02:51:24.550000Z,11.28
139,20190120T025124Z,1J.TI6A.,"['CH1', 'CH2', 'CHZ']",2019-01-20T02:51:24.550000Z,11.28
140,20190120T025349Z,1J.TI4A.,"['CH1', 'CH2', 'CHZ']",2019-01-20T02:53:49.750000Z,14.14
141,20190120T025349Z,1J.TI3A.,"['CH1', 'CH2', 'CHZ']",2019-01-20T02:53:49.750000Z,14.14
142,20190120T025349Z,1J.TI1A.,"['CH1', 'CH2', 'CHZ']",2019-01-20T02:53:49.750000Z,14.14
143,20190120T025411Z,1J.TI3A.,"['CH1', 'CH2', 'CHZ']",2019-01-20T02:54:11.290000Z,11.28
144,20190120T025411Z,1J.TI6A.,"['CH1', 'CH2', 'CHZ']",2019-01-20T02:54:11.290000Z,11.28
145,20190120T025734Z,1J.TI3A.,"['CH1', 'CH2', 'CHZ']",2019-01-20T02:57:34.180000Z,11.28
146,20190120T025734Z,1J.TI6A.,"['CH1', 'CH2', 'CHZ']",2019-01-20T02:57:34.180000Z,11.28
147,20190120T030256Z,1J.TI3A.,"['CH1', 'CH2', 'CHZ']",2019-01-20T03:02:56.890000Z,2.13
148,20190120T030449Z,1J.TI3A.,"['CH1', 'CH2', 'CHZ']",2019-01-20T03:04:49.820000Z,11.28
149,20190120T030449Z,1J.TI6A.,"['CH1', 'CH2', 'CHZ']",2019-01-20T03:04:49.820000Z,11.28
150,20190120T030757Z,1J.TI3A.,"['CH1', 'CH2', 'CHZ']",2019-01-20T03:07:57.730000Z,13.25
151,20190120T030757Z,1J.TI6A.,"['CH1', 'CH2', 'CHZ']",2019-01-20T03:07:57.730000Z,13.25
152,20190120T030908Z,1J.TI4A.,"['CH1', 'CH2', 'CHZ']",2019-01-20T03:09:08.870000Z,24.48
153,20190120T030908Z,1J.TI3A.,"['CH1', 'CH2', 'CHZ']",2019-01-20T03:09:08.870000Z,24.48
154,20190120T030908Z,1J.TI8A.,"['CH1', 'CH2', 'CHZ']",2019-01-20T03:09:08.870000Z,24.48
155,20190120T030908Z,1J.TI6A.,"['CH1', 'CH2', 'CHZ']",2019-01-20T03:09:08.870000Z,24.48
156,20190120T030920Z,1J.TI3A.,"['CH1', 'CH2', 'CHZ']",2019-01-20T03:09:20.040000Z,27.17
157,20190120T030920Z,1J.TI8A.,"['CH1', 'CH2', 'CHZ']",2019-01-20T03:09:20.040000Z,27.17
158,20190120T030920Z,1J.TI6A.,"['CH1', 'CH2', 'CHZ']",2019-01-20T03:09:20.040000Z,27.17
159,20190120T030920Z,1J.TI1A.,"['CH1', 'CH2', 'CHZ']",2019-01-20T03:09:20.040000Z,27.17
160,20190120T031012Z,1J.TI4A.,"['CH1', 'CH2', 'CHZ']",2019-01-20T03:10:12.100000Z,24.98
161,20190120T031012Z,1J.TI3A.,"['CH1', 'CH2', 'CHZ']",2019-01-20T03:10:12.100000Z,24.98
162,20190120T031012Z,1J.TI8A.,"['CH1', 'CH2', 'CHZ']",2019-01-20T03:10:12.100000Z,24.98
163,20190120T031012Z,1J.TI6A.,"['CH1', 'CH2', 'CHZ']",2019-01-20T03:10:12.100000Z,24.98
164,20190120T031012Z,1J.TI1A.,"['CH1', 'CH2', 'CHZ']",2019-01-20T03:10:12.100000Z,24.98
165,20190120T031037Z,1J.TI3A.,"['CH1', 'CH2', 'CHZ']",2019-01-20T03:10:37.250000Z,11.28
166,20190120T031037Z,1J.TI6A.,"['CH1', 'CH2', 'CHZ']",2019-01-20T03:10:37.250000Z,11.28
167,20190120T031251Z,1J.TI3A.,"['CH1', 'CH2', 'CHZ']",2019-01-20T03:12:51.150000Z,11.28
168,20190120T031251Z,1J.TI6A.,"['CH1', 'CH2', 'CHZ']",2019-01-20T03:12:51.150000Z,11.28
169,20190120T031527Z,1J.TI3A.,"['CH1', 'CH2', 'CHZ']",2019-01-20T03:15:27.220000Z,11.28
170,20190120T031527Z,1J.TI6A.,"['CH1', 'CH2', 'CHZ']",2019-01-20T03:15:27.220000Z,11.28
171,20190120T031749Z,1J.TI3A.,"['CH1', 'CH2', 'CHZ']",2019-01-20T03:17:49.510000Z,11.28
172,20190120T031749Z,1J.TI6A.,"['CH1', 'CH2', 'CHZ']",2019-01-20T03:17:49.510000Z,11.28
173,20190120T031852Z,1J.TI6A.,"['CH1', 'CH2', 'CHZ']",2019-01-20T03:18:52.330000Z,4.22
174,20190120T032352Z,1J.TI3A.,"['CH1', 'CH2', 'CHZ']",2019-01-20T03:23:52.430000Z,27.17
175,20190120T032352Z,1J.TI8A.,"['CH1', 'CH2', 'CHZ']",2019-01-20T03:23:52.430000Z,27.17
176,20190120T032352Z,1J.TI6A.,"['CH1', 'CH2', 'CHZ']",2019-01-20T03:23:52.430000Z,27.17
177,20190120T032352Z,1J.TI1A.,"['CH1', 'CH2', 'CHZ']",2019-01-20T03:23:52.430000Z,27.17
178,20190120T032533Z,1J.TI6A.,"['CH1', 'CH2', 'CHZ']",2019-01-20T03:25:33.360000Z,4.22
179,20190120T032712Z,1J.TI3A.,"['CH1', 'CH2', 'CHZ']",2019-01-20T03:27:12.630000Z,11.28
180,20190120T032712Z,1J.TI6A.,"['CH1', 'CH2', 'CHZ']",2019-01-20T03:27:12.630000Z,11.28
181,20190120T032849Z,1J.TI4A.,"['CH1', 'CH2', 'CHZ']",2019-01-20T03:28:49.010000Z,24.98
182,20190120T032849Z,1J.TI3A.,"['CH1', 'CH2', 'CHZ']",2019-01-20T03:28:49.010000Z,24.98
183,20190120T032849Z,1J.TI8A.,"['CH1', 'CH2', 'CHZ']",2019-01-20T03:28:49.010000Z,24.98
184,20190120T032849Z,1J.TI6A.,"['CH1', 'CH2', 'CHZ']",2019-01-20T03:28:49.010000Z,24.98
185,20190120T032849Z,1J.TI1A.,"['CH1', 'CH2', 'CHZ']",2019-01-20T03:28:49.010000Z,24.98
186,20190120T033007Z,1J.TI4A.,"['CH1', 'CH2', 'CHZ']",2019-01-20T03:30:07.440000Z,24.48
187,20190120T033007Z,1J.TI3A.,"['CH1', 'CH2', 'CHZ']",2019-01-20T03:30:07.440000Z,24.48
188,20190120T033007Z,1J.TI8A.,"['CH1', 'CH2', 'CHZ']",2019-01-20T03:30:07.440000Z,24.48
189,20190120T033007Z,1J.TI6A.,"['CH1', 'CH2', 'CHZ']",2019-01-20T03:30:07.440000Z,24.48
190,20190120T033101Z,1J.TI3A.,"['CH1', 'CH2', 'CHZ']",2019-01-20T03:31:01.280000Z,11.28
191,20190120T033101Z,1J.TI6A.,"['CH1', 'CH2', 'CHZ']",2019-01-20T03:31:01.280000Z,11.28
192,20190120T033304Z,1J.TI3A.,"['CH1', 'CH2', 'CHZ']",2019-01-20T03:33:04.810000Z,11.28
193,20190120T033304Z,1J.TI6A.,"['CH1', 'CH2', 'CHZ']",2019-01-20T03:33:04.810000Z,11.28
194,20190120T033737Z,1J.TI3A.,"['CH1', 'CH2', 'CHZ']",2019-01-20T03:37:37.770000Z,11.28
195,20190120T033737Z,1J.TI6A.,"['CH1', 'CH2', 'CHZ']",2019-01-20T03:37:37.770000Z,11.28
196,20190120T033926Z,1J.TI3A.,"['CH1', 'CH2', 'CHZ']",2019-01-20T03:39:26.070000Z,11.28
197,20190120T033926Z,1J.TI6A.,"['CH1', 'CH2', 'CHZ']",2019-01-20T03:39:26.070000Z,11.28
198,20190120T034350Z,1J.TI3A.,"['CH1', 'CH2', 'CHZ']",2019-01-20T03:43:50.650000Z,11.28
199,20190120T034350Z,1J.TI6A.,"['CH1', 'CH2', 'CHZ']",2019-01-20T03:43:50.650000Z,11.28
200,20190120T034512Z,1J.TI3A.,"['CH1', 'CH2', 'CHZ']",2019-01-20T03:45:12.820000Z,11.28
201,20190120T034512Z,1J.TI6A.,"['CH1', 'CH2', 'CHZ']",2019-01-20T03:45:12.820000Z,11.28
202,20190120T034640Z,1J.TI3A.,"['CH1', 'CH2', 'CHZ']",2019-01-20T03:46:40.850000Z,11.28
203,20190120T034640Z,1J.TI6A.,"['CH1', 'CH2', 'CHZ']",2019-01-20T03:46:40.850000Z,11.28
204,20190120T034850Z,1J.TI3A.,"['CH1', 'CH2', 'CHZ']",2019-01-20T03:48:50.370000Z,11.28
205,20190120T034850Z,1J.TI6A.,"['CH1', 'CH2', 'CHZ']",2019-01-20T03:48:50.370000Z,11.28
206,20190120T035108Z,1J.TI6A.,"['CH1', 'CH2', 'CHZ']",2019-01-20T03:51:08.470000Z,4.22
207,20190120T035213Z,1J.TI3A.,"['CH1', 'CH2', 'CHZ']",2019-01-20T03:52:13.190000Z,11.28
208,20190120T035213Z,1J.TI6A.,"['CH1', 'CH2', 'CHZ']",2019-01-20T03:52:13.190000Z,11.28
209,20190120T035426Z,1J.TI4A.,"['CH1', 'CH2', 'CHZ']",2019-01-20T03:54:26.870000Z,14.14
210,20190120T035426Z,1J.TI3A.,"['CH1', 'CH2', 'CHZ']",2019-01-20T03:54:26.870000Z,14.14
211,20190120T035426Z,1J.TI1A.,"['CH1', 'CH2', 'CHZ']",2019-01-20T03:54:26.870000Z,14.14
212,20190120T035531Z,1J.TI3A.,"['CH1', 'CH2', 'CHZ']",2019-01-20T03:55:31.030000Z,11.28
213,20190120T035531Z,1J.TI6A.,"['CH1', 'CH2', 'CHZ']",2019-01-20T03:55:31.030000Z,11.28
214,20190120T035832Z,1J.TI6A.,"['CH1', 'CH2', 'CHZ']",2019-01-20T03:58:32.310000Z,4.22
215,20190120T035849Z,1J.TI3A.,"['CH1', 'CH2', 'CHZ']",2019-01-20T03:58:49.650000Z,11.28
216,20190120T035849Z,1J.TI6A.,"['CH1', 'CH2', 'CHZ']",2019-01-20T03:58:49.650000Z,11.28
217,20190120T035937Z,1J.TI4A.,"['CH1', 'CH2', 'CHZ']",2019-01-20T03:59:37.230000Z,24.98
218,20190120T035937Z,1J.TI3A.,"['CH1', 'CH2', 'CHZ']",2019-01-20T03:59:37.230000Z,24.98
219,20190120T035937Z,1J.TI8A.,"['CH1', 'CH2', 'CHZ']",2019-01-20T03:59:37.230000Z,24.98
220,20190120T035937Z,1J.TI6A.,"['CH1', 'CH2', 'CHZ']",2019-01-20T03:59:37.230000Z,24.98
221,20190120T035937Z,1J.TI1A.,"['CH1', 'CH2', 'CHZ']",2019-01-20T03:59:37.230000Z,24.98
222,20190120T040023Z,1J.TI3A.,"['CH1', 'CH2', 'CHZ']",2019-01-20T04:00:23.040000Z,23.07
223,20190120T040023Z,1J.TI8A.,"['CH1', 'CH2', 'CHZ']",2019-01-20T04:00:23.040000Z,23.07
224,20190120T040023Z,1J.TI6A.,"['CH1', 'CH2', 'CHZ']",2019-01-20T04:00:23.040000Z,23.07
225,20190120T040023Z,1J.TI1A.,"['CH1', 'CH2', 'CHZ']",2019-01-20T04:00:23.040000Z,23.07
226,20190120T040348Z,1J.TI3A.,"['CH1', 'CH2', 'CHZ']",2019-01-20T04:03:48.420000Z,11.28
227,20190120T040348Z,1J.TI6A.,"['CH1', 'CH2', 'CHZ']",2019-01-20T04:03:48.420000Z,11.28
228,20190120T040607Z,1J.TI3A.,"['CH1', 'CH2', 'CHZ']",2019-01-20T04:06:07.700000Z,11.28
229,20190120T040607Z,1J.TI6A.,"['CH1', 'CH2', 'CHZ']",2019-01-20T04:06:07.700000Z,11.28
230,20190120T040815Z,1J.TI6A.,"['CH1', 'CH2', 'CHZ']",2019-01-20T04:08:15.180000Z,4.22
231,20190120T041318Z,1J.TI3A.,"['CH1', 'CH2', 'CHZ']",2019-01-20T04:13:18.140000Z,11.28
232,20190120T041318Z,1J.TI6A.,"['CH1', 'CH2', 'CHZ']",2019-01-20T04:13:18.140000Z,11.28
233,20190120T041432Z,1J.TI3A.,"['CH1', 'CH2', 'CHZ']",2019-01-20T04:14:32.750000Z,2.13
234,20190120T041624Z,1J.TI6A.,"['CH1', 'CH2', 'CHZ']",2019-01-20T04:16:24.330000Z,4.22
235,20190120T042007Z,1J.TI3A.,"['CH1', 'CH2', 'CHZ']",2019-01-20T04:20:07.200000Z,11.28
236,20190120T042007Z,1J.TI6A.,"['CH1', 'CH2', 'CHZ']",2019-01-20T04:20:07.200000Z,11.28
237,20190120T042520Z,1J.TI6A.,"['CH1', 'CH2', 'CHZ']",2019-01-20T04:25:20.900000Z,4.22
238,20190120T042700Z,1J.TI3A.,"['CH1', 'CH2', 'CHZ']",2019-01-20T04:27:00.390000Z,2.13
239,20190120T042722Z,1J.TI3A.,"['CH1', 'CH2', 'CHZ']",2019-01-20T04:27:22.170000Z,27.17
240,20190120T042722Z,1J.TI8A.,"['CH1', 'CH2', 'CHZ']",2019-01-20T04:27:22.170000Z,27.17
241,20190120T042722Z,1J.TI6A.,"['CH1', 'CH2', 'CHZ']",2019-01-20T04:27:22.170000Z,27.17
242,20190120T042722Z,1J.TI1A.,"['CH1', 'CH2', 'CHZ']",2019-01-20T04:27:22.170000Z,27.17
243,20190120T042932Z,1J.TI4A.,"['CH1', 'CH2', 'CHZ']",2019-01-20T04:29:32.710000Z,24.98
244,20190120T042932Z,1J.TI3A.,"['CH1', 'CH2', 'CHZ']",2019-01-20T04:29:32.710000Z,24.98
245,20190120T042932Z,1J.TI8A.,"['CH1', 'CH2', 'CHZ']",2019-01-20T04:29:32.710000Z,24.98
246,20190120T042932Z,1J.TI6A.,"['CH1', 'CH2', 'CHZ']",2019-01-20T04:29:32.710000Z,24.98
247,20190120T042932Z,1J.TI1A.,"['CH1', 'CH2', 'CHZ']",2019-01-20T04:29:32.710000Z,24.98
248,20190120T043457Z,1J.TI6A.,"['CH1', 'CH2', 'CHZ']",2019-01-20T04:34:57.130000Z,4.22
249,20190120T043549Z,1J.TI3A.,"['CH1', 'CH2', 'CHZ']",2019-01-20T04:35:49.960000Z,11.28
250,20190120T043549Z,1J.TI6A.,"['CH1', 'CH2', 'CHZ']",2019-01-20T04:35:49.960000Z,11.28
251,20190120T044409Z,1J.TI3A.,"['CH1', 'CH2', 'CHZ']",2019-01-20T04:44:09.690000Z,11.28
252,20190120T044409Z,1J.TI6A.,"['CH1', 'CH2', 'CHZ']",2019-01-20T04:44:09.690000Z,11.28
253,20190120T044511Z,1J.TI6A.,"['CH1', 'CH2', 'CHZ']",2019-01-20T04:45:11.520000Z,4.22
254,20190120T044912Z,1J.TI3A.,"['CH1', 'CH2', 'CHZ']",2019-01-20T04:49:12.960000Z,11.28
255,20190120T044912Z,1J.TI6A.,"['CH1', 'CH2', 'CHZ']",2019-01-20T04:49:12.960000Z,11.28
256,20190120T045223Z,1J.TI3A.,"['CH1', 'CH2', 'CHZ']",2019-01-20T04:52:23.610000Z,27.17
257,20190120T045223Z,1J.TI8A.,"['CH1', 'CH2', 'CHZ']",2019-01-20T04:52:23.610000Z,27.17
258,20190120T045223Z,1J.TI6A.,"['CH1', 'CH2', 'CHZ']",2019-01-20T04:52:23.610000Z,27.17
259,20190120T045223Z,1J.TI1A.,"['CH1', 'CH2', 'CHZ']",2019-01-20T04:52:23.610000Z,27.17
260,20190120T045404Z,1J.TI6A.,"['CH1', 'CH2', 'CHZ']",2019-01-20T04:54:04.400000Z,4.22
261,20190120T045553Z,1J.TI4A.,"['CH1', 'CH2', 'CHZ']",2019-01-20T04:55:53.270000Z,24.98
262,20190120T045553Z,1J.TI3A.,"['CH1', 'CH2', 'CHZ']",2019-01-20T04:55:53.270000Z,24.98
263,20190120T045553Z,1J.TI8A.,"['CH1', 'CH2', 'CHZ']",2019-01-20T04:55:53.270000Z,24.98
264,20190120T045553Z,1J.TI6A.,"['CH1', 'CH2', 'CHZ']",2019-01-20T04:55:53.270000Z,24.98
265,20190120T045553Z,1J.TI1A.,"['CH1', 'CH2', 'CHZ']",2019-01-20T04:55:53.270000Z,24.98
266,20190120T045605Z,1J.TI3A.,"['CH1', 'CH2', 'CHZ']",2019-01-20T04:56:05.210000Z,27.17
267,20190120T045605Z,1J.TI8A.,"['CH1', 'CH2', 'CHZ']",2019-01-20T04:56:05.210000Z,27.17
268,20190120T045605Z,1J.TI6A.,"['CH1', 'CH2', 'CHZ']",2019-01-20T04:56:05.210000Z,27.17
269,20190120T045605Z,1J.TI1A.,"['CH1', 'CH2', 'CHZ']",2019-01-20T04:56:05.210000Z,27.17
270,20190120T050412Z,1J.TI6A.,"['CH1', 'CH2', 'CHZ']",2019-01-20T05:04:12.390000Z,4.22
271,20190120T050502Z,1J.TI4A.,"['CH1', 'CH2', 'CHZ']",2019-01-20T05:05:02.380000Z,24.48
272,20190120T050502Z,1J.TI3A.,"['CH1', 'CH2', 'CHZ']",2019-01-20T05:05:02.380000Z,24.48
273,20190120T050502Z,1J.TI8A.,"['CH1', 'CH2', 'CHZ']",2019-01-20T05:05:02.380000Z,24.48
274,20190120T050502Z,1J.TI6A.,"['CH1', 'CH2', 'CHZ']",2019-01-20T05:05:02.380000Z,24.48
275,20190120T050515Z,1J.TI3A.,"['CH1', 'CH2', 'CHZ']",2019-01-20T05:05:15.700000Z,2.13
276,20190120T051013Z,1J.TI4A.,"['CH1', 'CH2', 'CHZ']",2019-01-20T05:10:13.120000Z,14.14
277,20190120T051013Z,1J.TI3A.,"['CH1', 'CH2', 'CHZ']",2019-01-20T05:10:13.120000Z,14.14
278,20190120T051013Z,1J.TI1A.,"['CH1', 'CH2', 'CHZ']",2019-01-20T05:10:13.120000Z,14.14
279,20190120T051250Z,1J.TI6A.,"['CH1', 'CH2', 'CHZ']",2019-01-20T05:12:50.130000Z,4.22
280,20190120T051952Z,1J.TI3A.,"['CH1', 'CH2', 'CHZ']",2019-01-20T05:19:52.290000Z,27.17
281,20190120T051952Z,1J.TI8A.,"['CH1', 'CH2', 'CHZ']",2019-01-20T05:19:52.290000Z,27.17
282,20190120T051952Z,1J.TI6A.,"['CH1', 'CH2', 'CHZ']",2019-01-20T05:19:52.290000Z,27.17
283,20190120T051952Z,1J.TI1A.,"['CH1', 'CH2', 'CHZ']",2019-01-20T05:19:52.290000Z,27.17
284,20190120T052039Z,1J.TI4A.,"['CH1', 'CH2', 'CHZ']",2019-01-20T05:20:39.400000Z,14.14
285,20190120T052039Z,1J.TI3A.,"['CH1', 'CH2', 'CHZ']",2019-01-20T05:20:39.400000Z,14.14
286,20190120T052039Z,1J.TI1A.,"['CH1', 'CH2', 'CHZ']",2019-01-20T05:20:39.400000Z,14.14
287,20190120T052213Z,1J.TI6A.,"['CH1', 'CH2', 'CHZ']",2019-01-20T05:22:13.880000Z,4.22
288,20190120T052427Z,1J.TI4A.,"['CH1', 'CH2', 'CHZ']",2019-01-20T05:24:27.030000Z,24.98
289,20190120T052427Z,1J.TI3A.,"['CH1', 'CH2', 'CHZ']",2019-01-20T05:24:27.030000Z,24.98
290,20190120T052427Z,1J.TI8A.,"['CH1', 'CH2', 'CHZ']",2019-01-20T05:24:27.030000Z,24.98
291,20190120T052427Z,1J.TI6A.,"['CH1', 'CH2', 'CHZ']",2019-01-20T05:24:27.030000Z,24.98
292,20190120T052427Z,1J.TI1A.,"['CH1', 'CH2', 'CHZ']",2019-01-20T05:24:27.030000Z,24.98
293,20190120T052511Z,1J.TI3A.,"['CH1', 'CH2', 'CHZ']",2019-01-20T05:25:11.210000Z,11.28
294,20190120T052511Z,1J.TI6A.,"['CH1', 'CH2', 'CHZ']",2019-01-20T05:25:11.210000Z,11.28
295,20190120T052727Z,1J.TI4A.,"['CH1', 'CH2', 'CHZ']",2019-01-20T05:27:27.890000Z,55.77
296,20190120T052727Z,1J.TI3A.,"['CH1', 'CH2', 'CHZ']",2019-01-20T05:27:27.890000Z,55.77
297,20190120T052727Z,1J.TI8A.,"['CH1', 'CH2', 'CHZ']",2019-01-20T05:27:27.890000Z,55.77
298,20190120T052727Z,1J.TI6A.,"['CH1', 'CH2', 'CHZ']",2019-01-20T05:27:27.890000Z,55.77
299,20190120T052727Z,1J.TI1A.,"['CH1', 'CH2', 'CHZ']",2019-01-20T05:27:27.890000Z,55.77
300,20190120T052844Z,1J.TI4A.,"['CH1', 'CH2', 'CHZ']",2019-01-20T05:28:44.320000Z,14.14
301,20190120T052844Z,1J.TI3A.,"['CH1', 'CH2', 'CHZ']",2019-01-20T05:28:44.320000Z,14.14
302,20190120T052844Z,1J.TI1A.,"['CH1', 'CH2', 'CHZ']",2019-01-20T05:28:44.320000Z,14.14
303,20190120T053049Z,1J.TI6A.,"['CH1', 'CH2', 'CHZ']",2019-01-20T05:30:49.290000Z,4.22
304,20190120T053418Z,1J.TI4A.,"['CH1', 'CH2', 'CHZ']",2019-01-20T05:34:18.720000Z,14.14
305,20190120T053418Z,1J.TI3A.,"['CH1', 'CH2', 'CHZ']",2019-01-20T05:34:18.720000Z,14.14
306,20190120T053418Z,1J.TI1A.,"['CH1', 'CH2', 'CHZ']",2019-01-20T05:34:18.720000Z,14.14
307,20190120T053615Z,1J.TI3A.,"['CH1', 'CH2', 'CHZ']",2019-01-20T05:36:15.620000Z,23.07
308,20190120T053615Z,1J.TI8A.,"['CH1', 'CH2', 'CHZ']",2019-01-20T05:36:15.620000Z,23.07
309,20190120T053615Z,1J.TI6A.,"['CH1', 'CH2', 'CHZ']",2019-01-20T05:36:15.620000Z,23.07
310,20190120T053615Z,1J.TI1A.,"['CH1', 'CH2', 'CHZ']",2019-01-20T05:36:15.620000Z,23.07
311,20190120T053827Z,1J.TI6A.,"['CH1', 'CH2', 'CHZ']",2019-01-20T05:38:27.200000Z,4.22
312,20190120T054235Z,1J.TI3A.,"['CH1', 'CH2', 'CHZ']",2019-01-20T05:42:35.850000Z,23.07
313,20190120T054235Z,1J.TI8A.,"['CH1', 'CH2', 'CHZ']",2019-01-20T05:42:35.850000Z,23.07
314,20190120T054235Z,1J.TI6A.,"['CH1', 'CH2', 'CHZ']",2019-01-20T05:42:35.850000Z,23.07
315,20190120T054235Z,1J.TI1A.,"['CH1', 'CH2', 'CHZ']",2019-01-20T05:42:35.850000Z,23.07
316,20190120T054749Z,1J.TI6A.,"['CH1', 'CH2', 'CHZ']",2019-01-20T05:47:49.170000Z,4.22
317,20190120T055001Z,1J.TI3A.,"['CH1', 'CH2', 'CHZ']",2019-01-20T05:50:01.460000Z,11.28
318,20190120T055001Z,1J.TI6A.,"['CH1', 'CH2', 'CHZ']",2019-01-20T05:50:01.460000Z,11.28
319,20190120T055219Z,1J.TI3A.,"['CH1', 'CH2', 'CHZ']",2019-01-20T05:52:19.130000Z,23.96
320,20190120T055219Z,1J.TI8A.,"['CH1', 'CH2', 'CHZ']",2019-01-20T05:52:19.130000Z,23.96
321,20190120T055400Z,1J.TI4A.,"['CH1', 'CH2', 'CHZ']",2019-01-20T05:54:00.150000Z,24.98
322,20190120T055400Z,1J.TI3A.,"['CH1', 'CH2', 'CHZ']",2019-01-20T05:54:00.150000Z,24.98
323,20190120T055400Z,1J.TI8A.,"['CH1', 'CH2', 'CHZ']",2019-01-20T05:54:00.150000Z,24.98
324,20190120T055400Z,1J.TI6A.,"['CH1', 'CH2', 'CHZ']",2019-01-20T05:54:00.150000Z,24.98
325,20190120T055400Z,1J.TI1A.,"['CH1', 'CH2', 'CHZ']",2019-01-20T05:54:00.150000Z,24.98
326,20190120T055644Z,1J.TI3A.,"['CH1', 'CH2', 'CHZ']",2019-01-20T05:56:44.590000Z,23.07
327,20190120T055644Z,1J.TI8A.,"['CH1', 'CH2', 'CHZ']",2019-01-20T05:56:44.590000Z,23.07
328,20190120T055644Z,1J.TI6A.,"['CH1', 'CH2', 'CHZ']",2019-01-20T05:56:44.590000Z,23.07
329,20190120T055644Z,1J.TI1A.,"['CH1', 'CH2', 'CHZ']",2019-01-20T05:56:44.590000Z,23.07
330,20190120T055805Z,1J.TI6A.,"['CH1', 'CH2', 'CHZ']",2019-01-20T05:58:05.320000Z,4.22
331,20190120T060703Z,1J.TI6A.,"['CH1', 'CH2', 'CHZ']",2019-01-20T06:07:03.390000Z,4.22
332,20190120T061351Z,1J.TI3A.,"['CH1', 'CH2', 'CHZ']",2019-01-20T06:13:51.010000Z,23.96
333,20190120T061351Z,1J.TI8A.,"['CH1', 'CH2', 'CHZ']",2019-01-20T06:13:51.010000Z,23.96
334,20190120T061522Z,1J.TI8A.,"['CH1', 'CH2', 'CHZ']",2019-01-20T06:15:22.960000Z,20.43
335,20190120T061640Z,1J.TI6A.,"['CH1', 'CH2', 'CHZ']",2019-01-20T06:16:40.230000Z,4.22
336,20190120T061908Z,1J.TI3A.,"['CH1', 'CH2', 'CHZ']",2019-01-20T06:19:08.370000Z,11.28
337,20190120T061908Z,1J.TI6A.,"['CH1', 'CH2', 'CHZ']",2019-01-20T06:19:08.370000Z,11.28
338,20190120T062037Z,1J.TI3A.,"['CH1', 'CH2', 'CHZ']",2019-01-20T06:20:37.610000Z,2.13
339,20190120T062339Z,1J.TI3A.,"['CH1', 'CH2', 'CHZ']",2019-01-20T06:23:39.370000Z,11.28
340,20190120T062339Z,1J.TI6A.,"['CH1', 'CH2', 'CHZ']",2019-01-20T06:23:39.370000Z,11.28
341,20190120T062404Z,1J.TI4A.,"['CH1', 'CH2', 'CHZ']",2019-01-20T06:24:04.310000Z,24.98
342,20190120T062404Z,1J.TI3A.,"['CH1', 'CH2', 'CHZ']",2019-01-20T06:24:04.310000Z,24.98
343,20190120T062404Z,1J.TI8A.,"['CH1', 'CH2', 'CHZ']",2019-01-20T06:24:04.310000Z,24.98
344,20190120T062404Z,1J.TI6A.,"['CH1', 'CH2', 'CHZ']",2019-01-20T06:24:04.310000Z,24.98
345,20190120T062404Z,1J.TI1A.,"['CH1', 'CH2', 'CHZ']",2019-01-20T06:24:04.310000Z,24.98
346,20190120T062504Z,1J.TI6A.,"['CH1', 'CH2', 'CHZ']",2019-01-20T06:25:04.290000Z,4.22
347,20190120T062729Z,1J.TI4A.,"['CH1', 'CH2', 'CHZ']",2019-01-20T06:27:29.990000Z,24.48
348,20190120T062729Z,1J.TI3A.,"['CH1', 'CH2', 'CHZ']",2019-01-20T06:27:29.990000Z,24.48
349,20190120T062729Z,1J.TI8A.,"['CH1', 'CH2', 'CHZ']",2019-01-20T06:27:29.990000Z,24.48
350,20190120T062729Z,1J.TI6A.,"['CH1', 'CH2', 'CHZ']",2019-01-20T06:27:29.990000Z,24.48
351,20190120T063312Z,1J.TI3A.,"['CH1', 'CH2', 'CHZ']",2019-01-20T06:33:12.610000Z,2.13
352,20190120T063400Z,1J.TI3A.,"['CH1', 'CH2', 'CHZ']",2019-01-20T06:34:00.000000Z,23.07
353,20190120T063400Z,1J.TI8A.,"['CH1', 'CH2', 'CHZ']",2019-01-20T06:34:00.000000Z,23.07
354,20190120T063400Z,1J.TI6A.,"['CH1', 'CH2', 'CHZ']",2019-01-20T06:34:00.000000Z,23.07
355,20190120T063400Z,1J.TI1A.,"['CH1', 'CH2', 'CHZ']",2019-01-20T06:34:00.000000Z,23.07
356,20190120T063413Z,1J.TI3A.,"['CH1', 'CH2', 'CHZ']",2019-01-20T06:34:13.310000Z,23.07
357,20190120T063413Z,1J.TI8A.,"['CH1', 'CH2', 'CHZ']",2019-01-20T06:34:13.310000Z,23.07
358,20190120T063413Z,1J.TI6A.,"['CH1', 'CH2', 'CHZ']",2019-01-20T06:34:13.310000Z,23.07
359,20190120T063413Z,1J.TI1A.,"['CH1', 'CH2', 'CHZ']",2019-01-20T06:34:13.310000Z,23.07
360,20190120T063831Z,1J.TI3A.,"['CH1', 'CH2', 'CHZ']",2019-01-20T06:38:31.580000Z,27.17
361,20190120T063831Z,1J.TI8A.,"['CH1', 'CH2', 'CHZ']",2019-01-20T06:38:31.580000Z,27.17
362,20190120T063831Z,1J.TI6A.,"['CH1', 'CH2', 'CHZ']",2019-01-20T06:38:31.580000Z,27.17
363,20190120T063831Z,1J.TI1A.,"['CH1', 'CH2', 'CHZ']",2019-01-20T06:38:31.580000Z,27.17
364,20190120T064117Z,1J.TI4A.,"['CH1', 'CH2', 'CHZ']",2019-01-20T06:41:17.700000Z,55.77
365,20190120T064117Z,1J.TI3A.,"['CH1', 'CH2', 'CHZ']",2019-01-20T06:41:17.700000Z,55.77
366,20190120T064117Z,1J.TI8A.,"['CH1', 'CH2', 'CHZ']",2019-01-20T06:41:17.700000Z,55.77
367,20190120T064117Z,1J.TI6A.,"['CH1', 'CH2', 'CHZ']",2019-01-20T06:41:17.700000Z,55.77
368,20190120T064117Z,1J.TI1A.,"['CH1', 'CH2', 'CHZ']",2019-01-20T06:41:17.700000Z,55.77
369,20190120T064311Z,1J.TI3A.,"['CH1', 'CH2', 'CHZ']",2019-01-20T06:43:11.710000Z,27.17
370,20190120T064311Z,1J.TI8A.,"['CH1', 'CH2', 'CHZ']",2019-01-20T06:43:11.710000Z,27.17
371,20190120T064311Z,1J.TI6A.,"['CH1', 'CH2', 'CHZ']",2019-01-20T06:43:11.710000Z,27.17
372,20190120T064311Z,1J.TI1A.,"['CH1', 'CH2', 'CHZ']",2019-01-20T06:43:11.710000Z,27.17
373,20190120T064357Z,1J.TI6A.,"['CH1', 'CH2', 'CHZ']",2019-01-20T06:43:57.140000Z,4.22
374,20190120T065122Z,1J.TI6A.,"['CH1', 'CH2', 'CHZ']",2019-01-20T06:51:22.730000Z,4.22
375,20190120T065221Z,1J.TI3A.,"['CH1', 'CH2', 'CHZ']",2019-01-20T06:52:21.970000Z,11.28
376,20190120T065221Z,1J.TI6A.,"['CH1', 'CH2', 'CHZ']",2019-01-20T06:52:21.970000Z,11.28
377,20190120T065232Z,1J.TI3A.,"['CH1', 'CH2', 'CHZ']",2019-01-20T06:52:32.030000Z,2.13
378,20190120T065446Z,1J.TI3A.,"['CH1', 'CH2', 'CHZ']",2019-01-20T06:54:46.080000Z,15.92
379,20190120T065446Z,1J.TI8A.,"['CH1', 'CH2', 'CHZ']",2019-01-20T06:54:46.080000Z,15.92
380,20190120T065650Z,1J.TI4A.,"['CH1', 'CH2', 'CHZ']",2019-01-20T06:56:50.180000Z,24.98
381,20190120T065650Z,1J.TI3A.,"['CH1', 'CH2', 'CHZ']",2019-01-20T06:56:50.180000Z,24.98
382,20190120T065650Z,1J.TI8A.,"['CH1', 'CH2', 'CHZ']",2019-01-20T06:56:50.180000Z,24.98
383,20190120T065650Z,1J.TI6A.,"['CH1', 'CH2', 'CHZ']",2019-01-20T06:56:50.180000Z,24.98
384,20190120T065650Z,1J.TI1A.,"['CH1', 'CH2', 'CHZ']",2019-01-20T06:56:50.180000Z,24.98
385,20190120T065849Z,1J.TI3A.,"['CH1', 'CH2', 'CHZ']",2019-01-20T06:58:49.640000Z,11.28
386,20190120T065849Z,1J.TI6A.,"['CH1', 'CH2', 'CHZ']",2019-01-20T06:58:49.640000Z,11.28
387,20190120T070404Z,1J.TI6A.,"['CH1', 'CH2', 'CHZ']",2019-01-20T07:04:04.040000Z,4.22
388,20190120T070418Z,1J.TI3A.,"['CH1', 'CH2', 'CHZ']",2019-01-20T07:04:18.880000Z,27.17
389,20190120T070418Z,1J.TI8A.,"['CH1', 'CH2', 'CHZ']",2019-01-20T07:04:18.880000Z,27.17
390,20190120T070418Z,1J.TI6A.,"['CH1', 'CH2', 'CHZ']",2019-01-20T07:04:18.880000Z,27.17
391,20190120T070418Z,1J.TI1A.,"['CH1', 'CH2', 'CHZ']",2019-01-20T07:04:18.880000Z,27.17
392,20190120T070515Z,1J.TI3A.,"['CH1', 'CH2', 'CHZ']",2019-01-20T07:05:15.810000Z,27.17
393,20190120T070515Z,1J.TI8A.,"['CH1', 'CH2', 'CHZ']",2019-01-20T07:05:15.810000Z,27.17
394,20190120T070515Z,1J.TI6A.,"['CH1', 'CH2', 'CHZ']",2019-01-20T07:05:15.810000Z,27.17
395,20190120T070515Z,1J.TI1A.,"['CH1', 'CH2', 'CHZ']",2019-01-20T07:05:15.810000Z,27.17
396,20190120T070711Z,1J.TI3A.,"['CH1', 'CH2', 'CHZ']",2019-01-20T07:07:11.040000Z,2.13
397,20190120T071554Z,1J.TI6A.,"['CH1', 'CH2', 'CHZ']",2019-01-20T07:15:54.220000Z,4.22
398,20190120T072002Z,1J.TI3A.,"['CH1', 'CH2', 'CHZ']",2019-01-20T07:20:02.880000Z,11.28
399,20190120T072002Z,1J.TI6A.,"['CH1', 'CH2', 'CHZ']",2019-01-20T07:20:02.880000Z,11.28
400,20190120T072143Z,1J.TI6A.,"['CH1', 'CH2', 'CHZ']",2019-01-20T07:21:43.780000Z,4.22
401,20190120T072313Z,1J.TI4A.,"['CH1', 'CH2', 'CHZ']",2019-01-20T07:23:13.780000Z,14.14
402,20190120T072313Z,1J.TI3A.,"['CH1', 'CH2', 'CHZ']",2019-01-20T07:23:13.780000Z,14.14
403,20190120T072313Z,1J.TI1A.,"['CH1', 'CH2', 'CHZ']",2019-01-20T07:23:13.780000Z,14.14
404,20190120T072324Z,1J.TI4A.,"['CH1', 'CH2', 'CHZ']",2019-01-20T07:23:24.960000Z,24.48
405,20190120T072324Z,1J.TI3A.,"['CH1', 'CH2', 'CHZ']",2019-01-20T07:23:24.960000Z,24.48
406,20190120T072324Z,1J.TI8A.,"['CH1', 'CH2', 'CHZ']",2019-01-20T07:23:24.960000Z,24.48
407,20190120T072324Z,1J.TI6A.,"['CH1', 'CH2', 'CHZ']",2019-01-20T07:23:24.960000Z,24.48
408,20190120T072355Z,1J.TI3A.,"['CH1', 'CH2', 'CHZ']",2019-01-20T07:23:55.690000Z,13.25
409,20190120T072355Z,1J.TI6A.,"['CH1', 'CH2', 'CHZ']",2019-01-20T07:23:55.690000Z,13.25
410,20190120T072745Z,1J.TI4A.,"['CH1', 'CH2', 'CHZ']",2019-01-20T07:27:45.850000Z,24.98
411,20190120T072745Z,1J.TI3A.,"['CH1', 'CH2', 'CHZ']",2019-01-20T07:27:45.850000Z,24.98
412,20190120T072745Z,1J.TI8A.,"['CH1', 'CH2', 'CHZ']",2019-01-20T07:27:45.850000Z,24.98
413,20190120T072745Z,1J.TI6A.,"['CH1', 'CH2', 'CHZ']",2019-01-20T07:27:45.850000Z,24.98
414,20190120T072745Z,1J.TI1A.,"['CH1', 'CH2', 'CHZ']",2019-01-20T07:27:45.850000Z,24.98
415,20190120T072905Z,1J.TI3A.,"['CH1', 'CH2', 'CHZ']",2019-01-20T07:29:05.970000Z,2.13
416,20190120T072921Z,1J.TI3A.,"['CH1', 'CH2', 'CHZ']",2019-01-20T07:29:21.030000Z,11.28
417,20190120T072921Z,1J.TI6A.,"['CH1', 'CH2', 'CHZ']",2019-01-20T07:29:21.030000Z,11.28
418,20190120T073205Z,1J.TI6A.,"['CH1', 'CH2', 'CHZ']",2019-01-20T07:32:05.890000Z,4.22
419,20190120T074113Z,1J.TI3A.,"['CH1', 'CH2', 'CHZ']",2019-01-20T07:41:13.820000Z,11.28
420,20190120T074113Z,1J.TI6A.,"['CH1', 'CH2', 'CHZ']",2019-01-20T07:41:13.820000Z,11.28
421,20190120T074332Z,1J.TI3A.,"['CH1', 'CH2', 'CHZ']",2019-01-20T07:43:32.440000Z,13.25
422,20190120T074332Z,1J.TI6A.,"['CH1', 'CH2', 'CHZ']",2019-01-20T07:43:32.440000Z,13.25
423,20190120T074417Z,1J.TI3A.,"['CH1', 'CH2', 'CHZ']",2019-01-20T07:44:17.780000Z,2.13
424,20190120T074510Z,1J.TI6A.,"['CH1', 'CH2', 'CHZ']",2019-01-20T07:45:10.890000Z,4.22
425,20190120T075231Z,1J.TI3A.,"['CH1', 'CH2', 'CHZ']",2019-01-20T07:52:31.040000Z,13.25
426,20190120T075231Z,1J.TI6A.,"['CH1', 'CH2', 'CHZ']",2019-01-20T07:52:31.040000Z,13.25
427,20190120T075320Z,1J.TI6A.,"['CH1', 'CH2', 'CHZ']",2019-01-20T07:53:20.370000Z,4.22
428,20190120T075919Z,1J.TI3A.,"['CH1', 'CH2', 'CHZ']",2019-01-20T07:59:19.700000Z,27.17
429,20190120T075919Z,1J.TI8A.,"['CH1', 'CH2', 'CHZ']",2019-01-20T07:59:19.700000Z,27.17
430,20190120T075919Z,1J.TI6A.,"['CH1', 'CH2', 'CHZ']",2019-01-20T07:59:19.700000Z,27.17
431,20190120T075919Z,1J.TI1A.,"['CH1', 'CH2', 'CHZ']",2019-01-20T07:59:19.700000Z,27.17
432,20190120T080112Z,1J.TI4A.,"['CH1', 'CH2', 'CHZ']",2019-01-20T08:01:12.110000Z,24.98
433,20190120T080112Z,1J.TI3A.,"['CH1', 'CH2', 'CHZ']",2019-01-20T08:01:12.110000Z,24.98
434,20190120T080112Z,1J.TI8A.,"['CH1', 'CH2', 'CHZ']",2019-01-20T08:01:12.110000Z,24.98
435,20190120T080112Z,1J.TI6A.,"['CH1', 'CH2', 'CHZ']",2019-01-20T08:01:12.110000Z,24.98
436,20190120T080112Z,1J.TI1A.,"['CH1', 'CH2', 'CHZ']",2019-01-20T08:01:12.110000Z,24.98
437,20190120T080206Z,1J.TI6A.,"['CH1', 'CH2', 'CHZ']",2019-01-20T08:02:06.350000Z,4.22
438,20190120T080420Z,1J.TI4A.,"['CH1', 'CH2', 'CHZ']",2019-01-20T08:04:20.810000Z,14.14
439,20190120T080420Z,1J.TI3A.,"['CH1', 'CH2', 'CHZ']",2019-01-20T08:04:20.810000Z,14.14
440,20190120T080420Z,1J.TI1A.,"['CH1', 'CH2', 'CHZ']",2019-01-20T08:04:20.810000Z,14.14
441,20190120T080615Z,1J.TI3A.,"['CH1', 'CH2', 'CHZ']",2019-01-20T08:06:15.380000Z,11.28
442,20190120T080615Z,1J.TI6A.,"['CH1', 'CH2', 'CHZ']",2019-01-20T08:06:15.380000Z,11.28
443,20190120T081105Z,1J.TI3A.,"['CH1', 'CH2', 'CHZ']",2019-01-20T08:11:05.320000Z,11.28
444,20190120T081105Z,1J.TI6A.,"['CH1', 'CH2', 'CHZ']",2019-01-20T08:11:05.320000Z,11.28
445,20190120T081121Z,1J.TI6A.,"['CH1', 'CH2', 'CHZ']",2019-01-20T08:11:21.250000Z,4.22
446,20190120T081523Z,1J.TI3A.,"['CH1', 'CH2', 'CHZ']",2019-01-20T08:15:23.250000Z,11.28
447,20190120T081523Z,1J.TI6A.,"['CH1', 'CH2', 'CHZ']",2019-01-20T08:15:23.250000Z,11.28
448,20190120T081648Z,1J.TI4A.,"['CH1', 'CH2', 'CHZ']",2019-01-20T08:16:48.800000Z,24.48
449,20190120T081648Z,1J.TI3A.,"['CH1', 'CH2', 'CHZ']",2019-01-20T08:16:48.800000Z,24.48
450,20190120T081648Z,1J.TI8A.,"['CH1', 'CH2', 'CHZ']",2019-01-20T08:16:48.800000Z,24.48
451,20190120T081648Z,1J.TI6A.,"['CH1', 'CH2', 'CHZ']",2019-01-20T08:16:48.800000Z,24.48
452,20190120T082110Z,1J.TI3A.,"['CH1', 'CH2', 'CHZ']",2019-01-20T08:21:10.540000Z,2.13
453,20190120T082220Z,1J.TI6A.,"['CH1', 'CH2', 'CHZ']",2019-01-20T08:22:20.350000Z,4.22
454,20190120T082858Z,1J.TI3A.,"['CH1', 'CH2', 'CHZ']",2019-01-20T08:28:58.960000Z,27.17
455,20190120T082858Z,1J.TI8A.,"['CH1', 'CH2', 'CHZ']",2019-01-20T08:28:58.960000Z,27.17
456,20190120T082858Z,1J.TI6A.,"['CH1', 'CH2', 'CHZ']",2019-01-20T08:28:58.960000Z,27.17
457,20190120T082858Z,1J.TI1A.,"['CH1', 'CH2', 'CHZ']",2019-01-20T08:28:58.960000Z,27.17
458,20190120T083037Z,1J.TI3A.,"['CH1', 'CH2', 'CHZ']",2019-01-20T08:30:37.530000Z,11.28
459,20190120T083037Z,1J.TI6A.,"['CH1', 'CH2', 'CHZ']",2019-01-20T08:30:37.530000Z,11.28
460,20190120T083128Z,1J.TI6A.,"['CH1', 'CH2', 'CHZ']",2019-01-20T08:31:28.390000Z,4.22
461,20190120T083759Z,1J.TI4A.,"['CH1', 'CH2', 'CHZ']",2019-01-20T08:37:59.910000Z,55.77
462,20190120T083759Z,1J.TI3A.,"['CH1', 'CH2', 'CHZ']",2019-01-20T08:37:59.910000Z,55.77
463,20190120T083759Z,1J.TI8A.,"['CH1', 'CH2', 'CHZ']",2019-01-20T08:37:59.910000Z,55.77
464,20190120T083759Z,1J.TI6A.,"['CH1', 'CH2', 'CHZ']",2019-01-20T08:37:59.910000Z,55.77
465,20190120T083759Z,1J.TI1A.,"['CH1', 'CH2', 'CHZ']",2019-01-20T08:37:59.910000Z,55.77
466,20190120T083820Z,1J.TI3A.,"['CH1', 'CH2', 'CHZ']",2019-01-20T08:38:20.230000Z,23.07
467,20190120T083820Z,1J.TI8A.,"['CH1', 'CH2', 'CHZ']",2019-01-20T08:38:20.230000Z,23.07
468,20190120T083820Z,1J.TI6A.,"['CH1', 'CH2', 'CHZ']",2019-01-20T08:38:20.230000Z,23.07
469,20190120T083820Z,1J.TI1A.,"['CH1', 'CH2', 'CHZ']",2019-01-20T08:38:20.230000Z,23.07
470,20190120T083903Z,1J.TI4A.,"['CH1', 'CH2', 'CHZ']",2019-01-20T08:39:03.650000Z,24.98
471,20190120T083903Z,1J.TI3A.,"['CH1', 'CH2', 'CHZ']",2019-01-20T08:39:03.650000Z,24.98
472,20190120T083903Z,1J.TI8A.,"['CH1', 'CH2', 'CHZ']",2019-01-20T08:39:03.650000Z,24.98
473,20190120T083903Z,1J.TI6A.,"['CH1', 'CH2', 'CHZ']",2019-01-20T08:39:03.650000Z,24.98
474,20190120T083903Z,1J.TI1A.,"['CH1', 'CH2', 'CHZ']",2019-01-20T08:39:03.650000Z,24.98
475,20190120T084149Z,1J.TI3A.,"['CH1', 'CH2', 'CHZ']",2019-01-20T08:41:49.930000Z,23.07
476,20190120T084149Z,1J.TI8A.,"['CH1', 'CH2', 'CHZ']",2019-01-20T08:41:49.930000Z,23.07
477,20190120T084149Z,1J.TI6A.,"['CH1', 'CH2', 'CHZ']",2019-01-20T08:41:49.930000Z,23.07
478,20190120T084149Z,1J.TI1A.,"['CH1', 'CH2', 'CHZ']",2019-01-20T08:41:49.930000Z,23.07
479,20190120T084536Z,1J.TI6A.,"['CH1', 'CH2', 'CHZ']",2019-01-20T08:45:36.010000Z,4.22
480,20190120T084828Z,1J.TI3A.,"['CH1', 'CH2', 'CHZ']",2019-01-20T08:48:28.700000Z,11.28
481,20190120T084828Z,1J.TI6A.,"['CH1', 'CH2', 'CHZ']",2019-01-20T08:48:28.700000Z,11.28
482,20190120T085055Z,1J.TI3A.,"['CH1', 'CH2', 'CHZ']",2019-01-20T08:50:55.060000Z,2.13
483,20190120T085109Z,1J.TI3A.,"['CH1', 'CH2', 'CHZ']",2019-01-20T08:51:09.090000Z,27.17
484,20190120T085109Z,1J.TI8A.,"['CH1', 'CH2', 'CHZ']",2019-01-20T08:51:09.090000Z,27.17
485,20190120T085109Z,1J.TI6A.,"['CH1', 'CH2', 'CHZ']",2019-01-20T08:51:09.090000Z,27.17
486,20190120T085109Z,1J.TI1A.,"['CH1', 'CH2', 'CHZ']",2019-01-20T08:51:09.090000Z,27.17
487,20190120T085222Z,1J.TI6A.,"['CH1', 'CH2', 'CHZ']",2019-01-20T08:52:22.150000Z,4.22
488,20190120T085458Z,1J.TI4A.,"['CH1', 'CH2', 'CHZ']",2019-01-20T08:54:58.690000Z,14.14
489,20190120T085458Z,1J.TI3A.,"['CH1', 'CH2', 'CHZ']",2019-01-20T08:54:58.690000Z,14.14
490,20190120T085458Z,1J.TI1A.,"['CH1', 'CH2', 'CHZ']",2019-01-20T08:54:58.690000Z,14.14
491,20190120T090039Z,1J.TI6A.,"['CH1', 'CH2', 'CHZ']",2019-01-20T09:00:39.850000Z,4.22
492,20190120T090307Z,1J.TI3A.,"['CH1', 'CH2', 'CHZ']",2019-01-20T09:03:07.110000Z,11.28
493,20190120T090307Z,1J.TI6A.,"['CH1', 'CH2', 'CHZ']",2019-01-20T09:03:07.110000Z,11.28
494,20190120T090416Z,1J.TI3A.,"['CH1', 'CH2', 'CHZ']",2019-01-20T09:04:16.400000Z,27.17
495,20190120T090416Z,1J.TI8A.,"['CH1', 'CH2', 'CHZ']",2019-01-20T09:04:16.400000Z,27.17
496,20190120T090416Z,1J.TI6A.,"['CH1', 'CH2', 'CHZ']",2019-01-20T09:04:16.400000Z,27.17
497,20190120T090416Z,1J.TI1A.,"['CH1', 'CH2', 'CHZ']",2019-01-20T09:04:16.400000Z,27.17
498,20190120T090705Z,1J.TI6A.,"['CH1', 'CH2', 'CHZ']",2019-01-20T09:07:05.340000Z,4.22
499,20190120T090906Z,1J.TI4A.,"['CH1', 'CH2', 'CHZ']",2019-01-20T09:09:06.170000Z,24.98
500,20190120T090906Z,1J.TI3A.,"['CH1', 'CH2', 'CHZ']",2019-01-20T09:09:06.170000Z,24.98
501,20190120T090906Z,1J.TI8A.,"['CH1', 'CH2', 'CHZ']",2019-01-20T09:09:06.170000Z,24.98
502,20190120T090906Z,1J.TI6A.,"['CH1', 'CH2', 'CHZ']",2019-01-20T09:09:06.170000Z,24.98
503,20190120T090906Z,1J.TI1A.,"['CH1', 'CH2', 'CHZ']",2019-01-20T09:09:06.170000Z,24.98
504,20190120T091149Z,1J.TI3A.,"['CH1', 'CH2', 'CHZ']",2019-01-20T09:11:49.430000Z,11.28
505,20190120T091149Z,1J.TI6A.,"['CH1', 'CH2', 'CHZ']",2019-01-20T09:11:49.430000Z,11.28
506,20190120T091239Z,1J.TI6A.,"['CH1', 'CH2', 'CHZ']",2019-01-20T09:12:39.000000Z,4.22
507,20190120T091317Z,1J.TI4A.,"['CH1', 'CH2', 'CHZ']",2019-01-20T09:13:17.180000Z,14.14
508,20190120T091317Z,1J.TI3A.,"['CH1', 'CH2', 'CHZ']",2019-01-20T09:13:17.180000Z,14.14
509,20190120T091317Z,1J.TI1A.,"['CH1', 'CH2', 'CHZ']",2019-01-20T09:13:17.180000Z,14.14
510,20190120T091718Z,1J.TI8A.,"['CH1', 'CH2', 'CHZ']",2019-01-20T09:17:18.440000Z,20.43
511,20190120T091941Z,1J.TI6A.,"['CH1', 'CH2', 'CHZ']",2019-01-20T09:19:41.170000Z,4.22
512,20190120T092047Z,1J.TI4A.,"['CH1', 'CH2', 'CHZ']",2019-01-20T09:20:47.130000Z,14.14
513,20190120T092047Z,1J.TI3A.,"['CH1', 'CH2', 'CHZ']",2019-01-20T09:20:47.130000Z,14.14
514,20190120T092047Z,1J.TI1A.,"['CH1', 'CH2', 'CHZ']",2019-01-20T09:20:47.130000Z,14.14
515,20190120T092459Z,1J.TI3A.,"['CH1', 'CH2', 'CHZ']",2019-01-20T09:24:59.650000Z,11.28
516,20190120T092459Z,1J.TI6A.,"['CH1', 'CH2', 'CHZ']",2019-01-20T09:24:59.650000Z,11.28
517,20190120T092608Z,1J.TI6A.,"['CH1', 'CH2', 'CHZ']",2019-01-20T09:26:08.510000Z,4.22
518,20190120T093126Z,1J.TI6A.,"['CH1', 'CH2', 'CHZ']",2019-01-20T09:31:26.460000Z,4.22
519,20190120T093623Z,1J.TI6A.,"['CH1', 'CH2', 'CHZ']",2019-01-20T09:36:23.170000Z,4.22
520,20190120T093846Z,1J.TI3A.,"['CH1', 'CH2', 'CHZ']",2019-01-20T09:38:46.070000Z,11.28
521,20190120T093846Z,1J.TI6A.,"['CH1', 'CH2', 'CHZ']",2019-01-20T09:38:46.070000Z,11.28
522,20190120T093914Z,1J.TI3A.,"['CH1', 'CH2', 'CHZ']",2019-01-20T09:39:14.400000Z,23.07
523,20190120T093914Z,1J.TI8A.,"['CH1', 'CH2', 'CHZ']",2019-01-20T09:39:14.400000Z,23.07
524,20190120T093914Z,1J.TI6A.,"['CH1', 'CH2', 'CHZ']",2019-01-20T09:39:14.400000Z,23.07
525,20190120T093914Z,1J.TI1A.,"['CH1', 'CH2', 'CHZ']",2019-01-20T09:39:14.400000Z,23.07
526,20190120T093947Z,1J.TI4A.,"['CH1', 'CH2', 'CHZ']",2019-01-20T09:39:47.700000Z,14.14
527,20190120T093947Z,1J.TI3A.,"['CH1', 'CH2', 'CHZ']",2019-01-20T09:39:47.700000Z,14.14
528,20190120T093947Z,1J.TI1A.,"['CH1', 'CH2', 'CHZ']",2019-01-20T09:39:47.700000Z,14.14
529,20190120T094122Z,1J.TI6A.,"['CH1', 'CH2', 'CHZ']",2019-01-20T09:41:22.270000Z,4.22
530,20190120T094541Z,1J.TI4A.,"['CH1', 'CH2', 'CHZ']",2019-01-20T09:45:41.440000Z,24.98
531,20190120T094541Z,1J.TI3A.,"['CH1', 'CH2', 'CHZ']",2019-01-20T09:45:41.440000Z,24.98
532,20190120T094541Z,1J.TI8A.,"['CH1', 'CH2', 'CHZ']",2019-01-20T09:45:41.440000Z,24.98
533,20190120T094541Z,1J.TI6A.,"['CH1', 'CH2', 'CHZ']",2019-01-20T09:45:41.440000Z,24.98
534,20190120T094541Z,1J.TI1A.,"['CH1', 'CH2', 'CHZ']",2019-01-20T09:45:41.440000Z,24.98
535,20190120T094641Z,1J.TI6A.,"['CH1', 'CH2', 'CHZ']",2019-01-20T09:46:41.240000Z,4.22
536,20190120T095113Z,1J.TI4A.,"['CH1', 'CH2', 'CHZ']",2019-01-20T09:51:13.310000Z,14.14
537,20190120T095113Z,1J.TI3A.,"['CH1', 'CH2', 'CHZ']",2019-01-20T09:51:13.310000Z,14.14
538,20190120T095113Z,1J.TI1A.,"['CH1', 'CH2', 'CHZ']",2019-01-20T09:51:13.310000Z,14.14
539,20190120T095126Z,1J.TI6A.,"['CH1', 'CH2', 'CHZ']",2019-01-20T09:51:26.150000Z,4.22
540,20190120T095137Z,1J.TI3A.,"['CH1', 'CH2', 'CHZ']",2019-01-20T09:51:37.270000Z,11.28
541,20190120T095137Z,1J.TI6A.,"['CH1', 'CH2', 'CHZ']",2019-01-20T09:51:37.270000Z,11.28
542,20190120T095153Z,1J.TI3A.,"['CH1', 'CH2', 'CHZ']",2019-01-20T09:51:53.580000Z,12.22
543,20190120T095349Z,1J.TI3A.,"['CH1', 'CH2', 'CHZ']",2019-01-20T09:53:49.130000Z,12.22
544,20190120T095814Z,1J.TI6A.,"['CH1', 'CH2', 'CHZ']",2019-01-20T09:58:14.350000Z,4.22
545,20190120T100017Z,1J.TI4A.,"['CH1', 'CH2', 'CHZ']",2019-01-20T10:00:17.180000Z,24.48
546,20190120T100017Z,1J.TI3A.,"['CH1', 'CH2', 'CHZ']",2019-01-20T10:00:17.180000Z,24.48
547,20190120T100017Z,1J.TI8A.,"['CH1', 'CH2', 'CHZ']",2019-01-20T10:00:17.180000Z,24.48
548,20190120T100017Z,1J.TI6A.,"['CH1', 'CH2', 'CHZ']",2019-01-20T10:00:17.180000Z,24.48
549,20190120T100057Z,1J.TI3A.,"['CH1', 'CH2', 'CHZ']",2019-01-20T10:00:57.330000Z,11.28
550,20190120T100057Z,1J.TI6A.,"['CH1', 'CH2', 'CHZ']",2019-01-20T10:00:57.330000Z,11.28
551,20190120T100158Z,1J.TI4A.,"['CH1', 'CH2', 'CHZ']",2019-01-20T10:01:58.360000Z,14.14
552,20190120T100158Z,1J.TI3A.,"['CH1', 'CH2', 'CHZ']",2019-01-20T10:01:58.360000Z,14.14
553,20190120T100158Z,1J.TI1A.,"['CH1', 'CH2', 'CHZ']",2019-01-20T10:01:58.360000Z,14.14
554,20190120T100340Z,1J.TI6A.,"['CH1', 'CH2', 'CHZ']",2019-01-20T10:03:40.720000Z,4.22
555,20190120T100507Z,1J.TI4A.,"['CH1', 'CH2', 'CHZ']",2019-01-20T10:05:07.050000Z,24.98
556,20190120T100507Z,1J.TI3A.,"['CH1', 'CH2', 'CHZ']",2019-01-20T10:05:07.050000Z,24.98
557,20190120T100507Z,1J.TI8A.,"['CH1', 'CH2', 'CHZ']",2019-01-20T10:05:07.050000Z,24.98
558,20190120T100507Z,1J.TI6A.,"['CH1', 'CH2', 'CHZ']",2019-01-20T10:05:07.050000Z,24.98
559,20190120T100507Z,1J.TI1A.,"['CH1', 'CH2', 'CHZ']",2019-01-20T10:05:07.050000Z,24.98
560,20190120T100718Z,1J.TI3A.,"['CH1', 'CH2', 'CHZ']",2019-01-20T10:07:18.740000Z,11.28
561,20190120T100718Z,1J.TI6A.,"['CH1', 'CH2', 'CHZ']",2019-01-20T10:07:18.740000Z,11.28
562,20190120T100851Z,1J.TI4A.,"['CH1', 'CH2', 'CHZ']",2019-01-20T10:08:51.730000Z,55.77
563,20190120T100851Z,1J.TI3A.,"['CH1', 'CH2', 'CHZ']",2019-01-20T10:08:51.730000Z,55.77
564,20190120T100851Z,1J.TI8A.,"['CH1', 'CH2', 'CHZ']",2019-01-20T10:08:51.730000Z,55.77
565,20190120T100851Z,1J.TI6A.,"['CH1', 'CH2', 'CHZ']",2019-01-20T10:08:51.730000Z,55.77
566,20190120T100851Z,1J.TI1A.,"['CH1', 'CH2', 'CHZ']",2019-01-20T10:08:51.730000Z,55.77
567,20190120T101011Z,1J.TI6A.,"['CH1', 'CH2', 'CHZ']",2019-01-20T10:10:11.570000Z,4.22
568,20190120T101344Z,1J.TI3A.,"['CH1', 'CH2', 'CHZ']",2019-01-20T10:13:44.950000Z,11.28
569,20190120T101344Z,1J.TI6A.,"['CH1', 'CH2', 'CHZ']",2019-01-20T10:13:44.950000Z,11.28
570,20190120T101447Z,1J.TI3A.,"['CH1', 'CH2', 'CHZ']",2019-01-20T10:14:47.910000Z,2.13
571,20190120T101524Z,1J.TI6A.,"['CH1', 'CH2', 'CHZ']",2019-01-20T10:15:24.120000Z,4.22
572,20190120T101803Z,1J.TI3A.,"['CH1', 'CH2', 'CHZ']",2019-01-20T10:18:03.160000Z,11.28
573,20190120T101803Z,1J.TI6A.,"['CH1', 'CH2', 'CHZ']",2019-01-20T10:18:03.160000Z,11.28
574,20190120T102048Z,1J.TI6A.,"['CH1', 'CH2', 'CHZ']",2019-01-20T10:20:48.960000Z,4.22
575,20190120T102202Z,1J.TI3A.,"['CH1', 'CH2', 'CHZ']",2019-01-20T10:22:02.360000Z,2.13
576,20190120T102248Z,1J.TI3A.,"['CH1', 'CH2', 'CHZ']",2019-01-20T10:22:48.250000Z,11.28
577,20190120T102248Z,1J.TI6A.,"['CH1', 'CH2', 'CHZ']",2019-01-20T10:22:48.250000Z,11.28
578,20190120T102456Z,1J.TI3A.,"['CH1', 'CH2', 'CHZ']",2019-01-20T10:24:56.020000Z,2.13
579,20190120T102544Z,1J.TI3A.,"['CH1', 'CH2', 'CHZ']",2019-01-20T10:25:44.900000Z,12.22
580,20190120T102603Z,1J.TI6A.,"['CH1', 'CH2', 'CHZ']",2019-01-20T10:26:03.350000Z,4.22
581,20190120T102638Z,1J.TI3A.,"['CH1', 'CH2', 'CHZ']",2019-01-20T10:26:38.870000Z,11.28
582,20190120T102638Z,1J.TI6A.,"['CH1', 'CH2', 'CHZ']",2019-01-20T10:26:38.870000Z,11.28
583,20190120T103127Z,1J.TI4A.,"['CH1', 'CH2', 'CHZ']",2019-01-20T10:31:27.360000Z,24.98
584,20190120T103127Z,1J.TI3A.,"['CH1', 'CH2', 'CHZ']",2019-01-20T10:31:27.360000Z,24.98
585,20190120T103127Z,1J.TI8A.,"['CH1', 'CH2', 'CHZ']",2019-01-20T10:31:27.360000Z,24.98
586,20190120T103127Z,1J.TI6A.,"['CH1', 'CH2', 'CHZ']",2019-01-20T10:31:27.360000Z,24.98
587,20190120T103127Z,1J.TI1A.,"['CH1', 'CH2', 'CHZ']",2019-01-20T10:31:27.360000Z,24.98
588,20190120T103212Z,1J.TI3A.,"['CH1', 'CH2', 'CHZ']",2019-01-20T10:32:12.310000Z,27.17
589,20190120T103212Z,1J.TI8A.,"['CH1', 'CH2', 'CHZ']",2019-01-20T10:32:12.310000Z,27.17
590,20190120T103212Z,1J.TI6A.,"['CH1', 'CH2', 'CHZ']",2019-01-20T10:32:12.310000Z,27.17
591,20190120T103212Z,1J.TI1A.,"['CH1', 'CH2', 'CHZ']",2019-01-20T10:32:12.310000Z,27.17
592,20190120T103325Z,1J.TI3A.,"['CH1', 'CH2', 'CHZ']",2019-01-20T10:33:25.050000Z,11.28
593,20190120T103325Z,1J.TI6A.,"['CH1', 'CH2', 'CHZ']",2019-01-20T10:33:25.050000Z,11.28
594,20190120T103627Z,1J.TI6A.,"['CH1', 'CH2', 'CHZ']",2019-01-20T10:36:27.960000Z,4.22
595,20190120T103804Z,1J.TI3A.,"['CH1', 'CH2', 'CHZ']",2019-01-20T10:38:04.520000Z,11.28
596,20190120T103804Z,1J.TI6A.,"['CH1', 'CH2', 'CHZ']",2019-01-20T10:38:04.520000Z,11.28
597,20190120T104055Z,1J.TI6A.,"['CH1', 'CH2', 'CHZ']",2019-01-20T10:40:55.740000Z,4.22
598,20190120T104110Z,1J.TI3A.,"['CH1', 'CH2', 'CHZ']",2019-01-20T10:41:10.050000Z,11.28
599,20190120T104110Z,1J.TI6A.,"['CH1', 'CH2', 'CHZ']",2019-01-20T10:41:10.050000Z,11.28
600,20190120T104504Z,1J.TI6A.,"['CH1', 'CH2', 'CHZ']",2019-01-20T10:45:04.970000Z,4.22
601,20190120T104637Z,1J.TI3A.,"['CH1', 'CH2', 'CHZ']",2019-01-20T10:46:37.820000Z,11.28
602,20190120T104637Z,1J.TI6A.,"['CH1', 'CH2', 'CHZ']",2019-01-20T10:46:37.820000Z,11.28
603,20190120T104835Z,1J.TI4A.,"['CH1', 'CH2', 'CHZ']",2019-01-20T10:48:35.370000Z,14.14
604,20190120T104835Z,1J.TI3A.,"['CH1', 'CH2', 'CHZ']",2019-01-20T10:48:35.370000Z,14.14
605,20190120T104835Z,1J.TI1A.,"['CH1', 'CH2', 'CHZ']",2019-01-20T10:48:35.370000Z,14.14
606,20190120T105100Z,1J.TI4A.,"['CH1', 'CH2', 'CHZ']",2019-01-20T10:51:00.300000Z,14.14
607,20190120T105100Z,1J.TI3A.,"['CH1', 'CH2', 'CHZ']",2019-01-20T10:51:00.300000Z,14.14
608,20190120T105100Z,1J.TI1A.,"['CH1', 'CH2', 'CHZ']",2019-01-20T10:51:00.300000Z,14.14
609,20190120T105331Z,1J.TI3A.,"['CH1', 'CH2', 'CHZ']",2019-01-20T10:53:31.670000Z,23.07
610,20190120T105331Z,1J.TI8A.,"['CH1', 'CH2', 'CHZ']",2019-01-20T10:53:31.670000Z,23.07
611,20190120T105331Z,1J.TI6A.,"['CH1', 'CH2', 'CHZ']",2019-01-20T10:53:31.670000Z,23.07
612,20190120T105331Z,1J.TI1A.,"['CH1', 'CH2', 'CHZ']",2019-01-20T10:53:31.670000Z,23.07
613,20190120T105407Z,1J.TI3A.,"['CH1', 'CH2', 'CHZ']",2019-01-20T10:54:07.210000Z,23.07
614,20190120T105407Z,1J.TI8A.,"['CH1', 'CH2', 'CHZ']",2019-01-20T10:54:07.210000Z,23.07
615,20190120T105407Z,1J.TI6A.,"['CH1', 'CH2', 'CHZ']",2019-01-20T10:54:07.210000Z,23.07
616,20190120T105407Z,1J.TI1A.,"['CH1', 'CH2', 'CHZ']",2019-01-20T10:54:07.210000Z,23.07
617,20190120T105520Z,1J.TI3A.,"['CH1', 'CH2', 'CHZ']",2019-01-20T10:55:20.630000Z,11.28
618,20190120T105520Z,1J.TI6A.,"['CH1', 'CH2', 'CHZ']",2019-01-20T10:55:20.630000Z,11.28
619,20190120T110031Z,1J.TI4A.,"['CH1', 'CH2', 'CHZ']",2019-01-20T11:00:31.690000Z,24.48
620,20190120T110031Z,1J.TI3A.,"['CH1', 'CH2', 'CHZ']",2019-01-20T11:00:31.690000Z,24.48
621,20190120T110031Z,1J.TI8A.,"['CH1', 'CH2', 'CHZ']",2019-01-20T11:00:31.690000Z,24.48
622,20190120T110031Z,1J.TI6A.,"['CH1', 'CH2', 'CHZ']",2019-01-20T11:00:31.690000Z,24.48
623,20190120T110109Z,1J.TI6A.,"['CH1', 'CH2', 'CHZ']",2019-01-20T11:01:09.510000Z,4.22
624,20190120T110205Z,1J.TI4A.,"['CH1', 'CH2', 'CHZ']",2019-01-20T11:02:05.950000Z,24.98
625,20190120T110205Z,1J.TI3A.,"['CH1', 'CH2', 'CHZ']",2019-01-20T11:02:05.950000Z,24.98
626,20190120T110205Z,1J.TI8A.,"['CH1', 'CH2', 'CHZ']",2019-01-20T11:02:05.950000Z,24.98
627,20190120T110205Z,1J.TI6A.,"['CH1', 'CH2', 'CHZ']",2019-01-20T11:02:05.950000Z,24.98
628,20190120T110205Z,1J.TI1A.,"['CH1', 'CH2', 'CHZ']",2019-01-20T11:02:05.950000Z,24.98
629,20190120T110233Z,1J.TI4A.,"['CH1', 'CH2', 'CHZ']",2019-01-20T11:02:33.030000Z,14.14
630,20190120T110233Z,1J.TI3A.,"['CH1', 'CH2', 'CHZ']",2019-01-20T11:02:33.030000Z,14.14
631,20190120T110233Z,1J.TI1A.,"['CH1', 'CH2', 'CHZ']",2019-01-20T11:02:33.030000Z,14.14
632,20190120T110724Z,1J.TI3A.,"['CH1', 'CH2', 'CHZ']",2019-01-20T11:07:24.590000Z,11.28
633,20190120T110724Z,1J.TI6A.,"['CH1', 'CH2', 'CHZ']",2019-01-20T11:07:24.590000Z,11.28
634,20190120T110846Z,1J.TI6A.,"['CH1', 'CH2', 'CHZ']",2019-01-20T11:08:46.530000Z,4.22
635,20190120T111248Z,1J.TI4A.,"['CH1', 'CH2', 'CHZ']",2019-01-20T11:12:48.020000Z,14.14
636,20190120T111248Z,1J.TI3A.,"['CH1', 'CH2', 'CHZ']",2019-01-20T11:12:48.020000Z,14.14
637,20190120T111248Z,1J.TI1A.,"['CH1', 'CH2', 'CHZ']",2019-01-20T11:12:48.020000Z,14.14
638,20190120T111525Z,1J.TI3A.,"['CH1', 'CH2', 'CHZ']",2019-01-20T11:15:25.590000Z,11.28
639,20190120T111525Z,1J.TI6A.,"['CH1', 'CH2', 'CHZ']",2019-01-20T11:15:25.590000Z,11.28
640,20190120T111629Z,1J.TI4A.,"['CH1', 'CH2', 'CHZ']",2019-01-20T11:16:29.910000Z,14.14
641,20190120T111629Z,1J.TI3A.,"['CH1', 'CH2', 'CHZ']",2019-01-20T11:16:29.910000Z,14.14
642,20190120T111629Z,1J.TI1A.,"['CH1', 'CH2', 'CHZ']",2019-01-20T11:16:29.910000Z,14.14
643,20190120T111937Z,1J.TI4A.,"['CH1', 'CH2', 'CHZ']",2019-01-20T11:19:37.660000Z,14.14
644,20190120T111937Z,1J.TI3A.,"['CH1', 'CH2', 'CHZ']",2019-01-20T11:19:37.660000Z,14.14
645,20190120T111937Z,1J.TI1A.,"['CH1', 'CH2', 'CHZ']",2019-01-20T11:19:37.660000Z,14.14
646,20190120T112008Z,1J.TI3A.,"['CH1', 'CH2', 'CHZ']",2019-01-20T11:20:08.360000Z,11.28
647,20190120T112008Z,1J.TI6A.,"['CH1', 'CH2', 'CHZ']",2019-01-20T11:20:08.360000Z,11.28
648,20190120T112035Z,1J.TI6A.,"['CH1', 'CH2', 'CHZ']",2019-01-20T11:20:35.930000Z,4.22
649,20190120T112638Z,1J.TI3A.,"['CH1', 'CH2', 'CHZ']",2019-01-20T11:26:38.890000Z,11.28
650,20190120T112638Z,1J.TI6A.,"['CH1', 'CH2', 'CHZ']",2019-01-20T11:26:38.890000Z,11.28
651,20190120T113628Z,1J.TI3A.,"['CH1', 'CH2', 'CHZ']",2019-01-20T11:36:28.190000Z,2.13
652,20190120T113709Z,1J.TI4A.,"['CH1', 'CH2', 'CHZ']",2019-01-20T11:37:09.180000Z,24.98
653,20190120T113709Z,1J.TI3A.,"['CH1', 'CH2', 'CHZ']",2019-01-20T11:37:09.180000Z,24.98
654,20190120T113709Z,1J.TI8A.,"['CH1', 'CH2', 'CHZ']",2019-01-20T11:37:09.180000Z,24.98
655,20190120T113709Z,1J.TI6A.,"['CH1', 'CH2', 'CHZ']",2019-01-20T11:37:09.180000Z,24.98
656,20190120T113709Z,1J.TI1A.,"['CH1', 'CH2', 'CHZ']",2019-01-20T11:37:09.180000Z,24.98
657,20190120T114503Z,1J.TI4A.,"['CH1', 'CH2', 'CHZ']",2019-01-20T11:45:03.860000Z,14.14
658,20190120T114503Z,1J.TI3A.,"['CH1', 'CH2', 'CHZ']",2019-01-20T11:45:03.860000Z,14.14
659,20190120T114503Z,1J.TI1A.,"['CH1', 'CH2', 'CHZ']",2019-01-20T11:45:03.860000Z,14.14
660,20190120T120052Z,1J.TI6A.,"['CH1', 'CH2', 'CHZ']",2019-01-20T12:00:52.420000Z,4.22
661,20190120T120119Z,1J.TI3A.,"['CH1', 'CH2', 'CHZ']",2019-01-20T12:01:19.000000Z,17.2
662,20190120T120119Z,1J.TI6A.,"['CH1', 'CH2', 'CHZ']",2019-01-20T12:01:19.000000Z,17.2
663,20190120T120119Z,1J.TI7A.,"['CH1', 'CH2', 'CHZ']",2019-01-20T12:01:19.000000Z,17.2
664,20190120T120213Z,1J.TI4A.,"['CH1', 'CH2', 'CHZ']",2019-01-20T12:02:13.560000Z,14.14
665,20190120T120213Z,1J.TI3A.,"['CH1', 'CH2', 'CHZ']",2019-01-20T12:02:13.560000Z,14.14
666,20190120T120213Z,1J.TI1A.,"['CH1', 'CH2', 'CHZ']",2019-01-20T12:02:13.560000Z,14.14
667,20190120T120710Z,1J.TI4A.,"['CH1', 'CH2', 'CHZ']",2019-01-20T12:07:10.150000Z,24.98
668,20190120T120710Z,1J.TI3A.,"['CH1', 'CH2', 'CHZ']",2019-01-20T12:07:10.150000Z,24.98
669,20190120T120710Z,1J.TI8A.,"['CH1', 'CH2', 'CHZ']",2019-01-20T12:07:10.150000Z,24.98
670,20190120T120710Z,1J.TI6A.,"['CH1', 'CH2', 'CHZ']",2019-01-20T12:07:10.150000Z,24.98
671,20190120T120710Z,1J.TI1A.,"['CH1', 'CH2', 'CHZ']",2019-01-20T12:07:10.150000Z,24.98
672,20190120T120924Z,1J.TI6A.,"['CH1', 'CH2', 'CHZ']",2019-01-20T12:09:24.310000Z,4.22
673,20190120T121543Z,1J.TI3A.,"['CH1', 'CH2', 'CHZ']",2019-01-20T12:15:43.120000Z,27.17
674,20190120T121543Z,1J.TI8A.,"['CH1', 'CH2', 'CHZ']",2019-01-20T12:15:43.120000Z,27.17
675,20190120T121543Z,1J.TI6A.,"['CH1', 'CH2', 'CHZ']",2019-01-20T12:15:43.120000Z,27.17
676,20190120T121543Z,1J.TI1A.,"['CH1', 'CH2', 'CHZ']",2019-01-20T12:15:43.120000Z,27.17
677,20190120T121755Z,1J.TI4A.,"['CH1', 'CH2', 'CHZ']",2019-01-20T12:17:55.220000Z,24.48
678,20190120T121755Z,1J.TI3A.,"['CH1', 'CH2', 'CHZ']",2019-01-20T12:17:55.220000Z,24.48
679,20190120T121755Z,1J.TI8A.,"['CH1', 'CH2', 'CHZ']",2019-01-20T12:17:55.220000Z,24.48
680,20190120T121755Z,1J.TI6A.,"['CH1', 'CH2', 'CHZ']",2019-01-20T12:17:55.220000Z,24.48
681,20190120T121833Z,1J.TI6A.,"['CH1', 'CH2', 'CHZ']",2019-01-20T12:18:33.040000Z,4.22
682,20190120T122054Z,1J.TI8A.,"['CH1', 'CH2', 'CHZ']",2019-01-20T12:20:54.380000Z,20.43
683,20190120T122803Z,1J.TI6A.,"['CH1', 'CH2', 'CHZ']",2019-01-20T12:28:03.820000Z,4.22
684,20190120T123611Z,1J.TI6A.,"['CH1', 'CH2', 'CHZ']",2019-01-20T12:36:11.080000Z,4.22
685,20190120T125154Z,1J.TI3A.,"['CH1', 'CH2', 'CHZ']",2019-01-20T12:51:54.650000Z,2.13
686,20190120T125709Z,1J.TI4A.,"['CH1', 'CH2', 'CHZ']",2019-01-20T12:57:09.590000Z,14.14
687,20190120T125709Z,1J.TI3A.,"['CH1', 'CH2', 'CHZ']",2019-01-20T12:57:09.590000Z,14.14
688,20190120T125709Z,1J.TI1A.,"['CH1', 'CH2', 'CHZ']",2019-01-20T12:57:09.590000Z,14.14
689,20190120T132322Z,1J.TI3A.,"['CH1', 'CH2', 'CHZ']",2019-01-20T13:23:22.640000Z,27.17
690,20190120T132322Z,1J.TI8A.,"['CH1', 'CH2', 'CHZ']",2019-01-20T13:23:22.640000Z,27.17
691,20190120T132322Z,1J.TI6A.,"['CH1', 'CH2', 'CHZ']",2019-01-20T13:23:22.640000Z,27.17
692,20190120T132322Z,1J.TI1A.,"['CH1', 'CH2', 'CHZ']",2019-01-20T13:23:22.640000Z,27.17
693,20190120T133655Z,1J.TI3A.,"['CH1', 'CH2', 'CHZ']",2019-01-20T13:36:55.380000Z,27.17
694,20190120T133655Z,1J.TI8A.,"['CH1', 'CH2', 'CHZ']",2019-01-20T13:36:55.380000Z,27.17
695,20190120T133655Z,1J.TI6A.,"['CH1', 'CH2', 'CHZ']",2019-01-20T13:36:55.380000Z,27.17
696,20190120T133655Z,1J.TI1A.,"['CH1', 'CH2', 'CHZ']",2019-01-20T13:36:55.380000Z,27.17
697,20190120T134000Z,1J.TI4A.,"['CH1', 'CH2', 'CHZ']",2019-01-20T13:40:00.690000Z,14.14
698,20190120T134000Z,1J.TI3A.,"['CH1', 'CH2', 'CHZ']",2019-01-20T13:40:00.690000Z,14.14
699,20190120T134000Z,1J.TI1A.,"['CH1', 'CH2', 'CHZ']",2019-01-20T13:40:00.690000Z,14.14
700,20190120T134107Z,1J.TI4A.,"['CH1', 'CH2', 'CHZ']",2019-01-20T13:41:07.800000Z,14.14
701,20190120T134107Z,1J.TI3A.,"['CH1', 'CH2', 'CHZ']",2019-01-20T13:41:07.800000Z,14.14
702,20190120T134107Z,1J.TI1A.,"['CH1', 'CH2', 'CHZ']",2019-01-20T13:41:07.800000Z,14.14
703,20190120T134119Z,1J.TI4A.,"['CH1', 'CH2', 'CHZ']",2019-01-20T13:41:19.900000Z,14.14
704,20190120T134119Z,1J.TI3A.,"['CH1', 'CH2', 'CHZ']",2019-01-20T13:41:19.900000Z,14.14
705,20190120T134119Z,1J.TI1A.,"['CH1', 'CH2', 'CHZ']",2019-01-20T13:41:19.900000Z,14.14
706,20190120T134609Z,1J.TI4A.,"['CH1', 'CH2', 'CHZ']",2019-01-20T13:46:09.010000Z,14.14
707,20190120T134609Z,1J.TI3A.,"['CH1', 'CH2', 'CHZ']",2019-01-20T13:46:09.010000Z,14.14
708,20190120T134609Z,1J.TI1A.,"['CH1', 'CH2', 'CHZ']",2019-01-20T13:46:09.010000Z,14.14
709,20190120T134939Z,1J.TI4A.,"['CH1', 'CH2', 'CHZ']",2019-01-20T13:49:39.210000Z,55.77
710,20190120T134939Z,1J.TI3A.,"['CH1', 'CH2', 'CHZ']",2019-01-20T13:49:39.210000Z,55.77
711,20190120T134939Z,1J.TI8A.,"['CH1', 'CH2', 'CHZ']",2019-01-20T13:49:39.210000Z,55.77
712,20190120T134939Z,1J.TI6A.,"['CH1', 'CH2', 'CHZ']",2019-01-20T13:49:39.210000Z,55.77
713,20190120T134939Z,1J.TI1A.,"['CH1', 'CH2', 'CHZ']",2019-01-20T13:49:39.210000Z,55.77
714,20190120T135516Z,1J.TI4A.,"['CH1', 'CH2', 'CHZ']",2019-01-20T13:55:16.920000Z,14.14
715,20190120T135516Z,1J.TI3A.,"['CH1', 'CH2', 'CHZ']",2019-01-20T13:55:16.920000Z,14.14
716,20190120T135516Z,1J.TI1A.,"['CH1', 'CH2', 'CHZ']",2019-01-20T13:55:16.920000Z,14.14
717,20190120T140535Z,1J.TI4A.,"['CH1', 'CH2', 'CHZ']",2019-01-20T14:05:35.330000Z,14.14
718,20190120T140535Z,1J.TI3A.,"['CH1', 'CH2', 'CHZ']",2019-01-20T14:05:35.330000Z,14.14
719,20190120T140535Z,1J.TI1A.,"['CH1', 'CH2', 'CHZ']",2019-01-20T14:05:35.330000Z,14.14
720,20190120T140636Z,1J.TI4A.,"['CH1', 'CH2', 'CHZ']",2019-01-20T14:06:36.110000Z,14.14
721,20190120T140636Z,1J.TI3A.,"['CH1', 'CH2', 'CHZ']",2019-01-20T14:06:36.110000Z,14.14
722,20190120T140636Z,1J.TI1A.,"['CH1', 'CH2', 'CHZ']",2019-01-20T14:06:36.110000Z,14.14
723,20190120T140852Z,1J.TI3A.,"['CH1', 'CH2', 'CHZ']",2019-01-20T14:08:52.740000Z,27.17
724,20190120T140852Z,1J.TI8A.,"['CH1', 'CH2', 'CHZ']",2019-01-20T14:08:52.740000Z,27.17
725,20190120T140852Z,1J.TI6A.,"['CH1', 'CH2', 'CHZ']",2019-01-20T14:08:52.740000Z,27.17
726,20190120T140852Z,1J.TI1A.,"['CH1', 'CH2', 'CHZ']",2019-01-20T14:08:52.740000Z,27.17
727,20190120T141116Z,1J.TI3A.,"['CH1', 'CH2', 'CHZ']",2019-01-20T14:11:16.140000Z,11.28
728,20190120T141116Z,1J.TI6A.,"['CH1', 'CH2', 'CHZ']",2019-01-20T14:11:16.140000Z,11.28
729,20190120T141221Z,1J.TI3A.,"['CH1', 'CH2', 'CHZ']",2019-01-20T14:12:21.540000Z,2.13
730,20190120T141957Z,1J.TI3A.,"['CH1', 'CH2', 'CHZ']",2019-01-20T14:19:57.430000Z,23.96
731,20190120T141957Z,1J.TI8A.,"['CH1', 'CH2', 'CHZ']",2019-01-20T14:19:57.430000Z,23.96
732,20190120T142131Z,1J.TI3A.,"['CH1', 'CH2', 'CHZ']",2019-01-20T14:21:31.430000Z,11.28
733,20190120T142131Z,1J.TI6A.,"['CH1', 'CH2', 'CHZ']",2019-01-20T14:21:31.430000Z,11.28
734,20190120T143955Z,1J.TI3A.,"['CH1', 'CH2', 'CHZ']",2019-01-20T14:39:55.210000Z,23.96
735,20190120T143955Z,1J.TI8A.,"['CH1', 'CH2', 'CHZ']",2019-01-20T14:39:55.210000Z,23.96
736,20190120T144426Z,1J.TI4A.,"['CH1', 'CH2', 'CHZ']",2019-01-20T14:44:26.330000Z,14.14
737,20190120T144426Z,1J.TI3A.,"['CH1', 'CH2', 'CHZ']",2019-01-20T14:44:26.330000Z,14.14
738,20190120T144426Z,1J.TI1A.,"['CH1', 'CH2', 'CHZ']",2019-01-20T14:44:26.330000Z,14.14
739,20190120T145145Z,1J.TI4A.,"['CH1', 'CH2', 'CHZ']",2019-01-20T14:51:45.520000Z,14.14
740,20190120T145145Z,1J.TI3A.,"['CH1', 'CH2', 'CHZ']",2019-01-20T14:51:45.520000Z,14.14
741,20190120T145145Z,1J.TI1A.,"['CH1', 'CH2', 'CHZ']",2019-01-20T14:51:45.520000Z,14.14
742,20190120T150421Z,1J.TI3A.,"['CH1', 'CH2', 'CHZ']",2019-01-20T15:04:21.500000Z,27.17
743,20190120T150421Z,1J.TI8A.,"['CH1', 'CH2', 'CHZ']",2019-01-20T15:04:21.500000Z,27.17
744,20190120T150421Z,1J.TI6A.,"['CH1', 'CH2', 'CHZ']",2019-01-20T15:04:21.500000Z,27.17
745,20190120T150421Z,1J.TI1A.,"['CH1', 'CH2', 'CHZ']",2019-01-20T15:04:21.500000Z,27.17
746,20190120T151444Z,1J.TI3A.,"['CH1', 'CH2', 'CHZ']",2019-01-20T15:14:44.250000Z,23.07
747,20190120T151444Z,1J.TI8A.,"['CH1', 'CH2', 'CHZ']",2019-01-20T15:14:44.250000Z,23.07
748,20190120T151444Z,1J.TI6A.,"['CH1', 'CH2', 'CHZ']",2019-01-20T15:14:44.250000Z,23.07
749,20190120T151444Z,1J.TI1A.,"['CH1', 'CH2', 'CHZ']",2019-01-20T15:14:44.250000Z,23.07
750,20190120T152404Z,1J.TI4A.,"['CH1', 'CH2', 'CHZ']",2019-01-20T15:24:04.540000Z,55.77
751,20190120T152404Z,1J.TI3A.,"['CH1', 'CH2', 'CHZ']",2019-01-20T15:24:04.540000Z,55.77
752,20190120T152404Z,1J.TI8A.,"['CH1', 'CH2', 'CHZ']",2019-01-20T15:24:04.540000Z,55.77
753,20190120T152404Z,1J.TI6A.,"['CH1', 'CH2', 'CHZ']",2019-01-20T15:24:04.540000Z,55.77
754,20190120T152404Z,1J.TI1A.,"['CH1', 'CH2', 'CHZ']",2019-01-20T15:24:04.540000Z,55.77
755,20190120T153028Z,1J.TI4A.,"['CH1', 'CH2', 'CHZ']",2019-01-20T15:30:28.450000Z,14.14
756,20190120T153028Z,1J.TI3A.,"['CH1', 'CH2', 'CHZ']",2019-01-20T15:30:28.450000Z,14.14
757,20190120T153028Z,1J.TI1A.,"['CH1', 'CH2', 'CHZ']",2019-01-20T15:30:28.450000Z,14.14
758,20190120T153509Z,1J.TI4A.,"['CH1', 'CH2', 'CHZ']",2019-01-20T15:35:09.650000Z,14.14
759,20190120T153509Z,1J.TI3A.,"['CH1', 'CH2', 'CHZ']",2019-01-20T15:35:09.650000Z,14.14
760,20190120T153509Z,1J.TI1A.,"['CH1', 'CH2', 'CHZ']",2019-01-20T15:35:09.650000Z,14.14
761,20190120T154545Z,1J.TI3A.,"['CH1', 'CH2', 'CHZ']",2019-01-20T15:45:45.440000Z,3.78
762,20190120T160036Z,1J.TI3A.,"['CH1', 'CH2', 'CHZ']",2019-01-20T16:00:36.380000Z,23.07
763,20190120T160036Z,1J.TI8A.,"['CH1', 'CH2', 'CHZ']",2019-01-20T16:00:36.380000Z,23.07
764,20190120T160036Z,1J.TI6A.,"['CH1', 'CH2', 'CHZ']",2019-01-20T16:00:36.380000Z,23.07
765,20190120T160036Z,1J.TI1A.,"['CH1', 'CH2', 'CHZ']",2019-01-20T16:00:36.380000Z,23.07
766,20190120T160724Z,1J.TI3A.,"['CH1', 'CH2', 'CHZ']",2019-01-20T16:07:24.480000Z,23.07
767,20190120T160724Z,1J.TI8A.,"['CH1', 'CH2', 'CHZ']",2019-01-20T16:07:24.480000Z,23.07
768,20190120T160724Z,1J.TI6A.,"['CH1', 'CH2', 'CHZ']",2019-01-20T16:07:24.480000Z,23.07
769,20190120T160724Z,1J.TI1A.,"['CH1', 'CH2', 'CHZ']",2019-01-20T16:07:24.480000Z,23.07
770,20190120T160952Z,1J.TI3A.,"['CH1', 'CH2', 'CHZ']",2019-01-20T16:09:52.900000Z,2.13
771,20190120T163025Z,1J.TI4A.,"['CH1', 'CH2', 'CHZ']",2019-01-20T16:30:25.280000Z,14.14
772,20190120T163025Z,1J.TI3A.,"['CH1', 'CH2', 'CHZ']",2019-01-20T16:30:25.280000Z,14.14
773,20190120T163025Z,1J.TI1A.,"['CH1', 'CH2', 'CHZ']",2019-01-20T16:30:25.280000Z,14.14
774,20190120T163920Z,1J.TI3A.,"['CH1', 'CH2', 'CHZ']",2019-01-20T16:39:20.470000Z,11.28
775,20190120T163920Z,1J.TI6A.,"['CH1', 'CH2', 'CHZ']",2019-01-20T16:39:20.470000Z,11.28
776,20190120T164409Z,1J.TI4A.,"['CH1', 'CH2', 'CHZ']",2019-01-20T16:44:09.330000Z,55.77
777,20190120T164409Z,1J.TI3A.,"['CH1', 'CH2', 'CHZ']",2019-01-20T16:44:09.330000Z,55.77
778,20190120T164409Z,1J.TI8A.,"['CH1', 'CH2', 'CHZ']",2019-01-20T16:44:09.330000Z,55.77
779,20190120T164409Z,1J.TI6A.,"['CH1', 'CH2', 'CHZ']",2019-01-20T16:44:09.330000Z,55.77
780,20190120T164409Z,1J.TI1A.,"['CH1', 'CH2', 'CHZ']",2019-01-20T16:44:09.330000Z,55.77
781,20190120T164821Z,1J.TI4A.,"['CH1', 'CH2', 'CHZ']",2019-01-20T16:48:21.040000Z,24.48
782,20190120T164821Z,1J.TI3A.,"['CH1', 'CH2', 'CHZ']",2019-01-20T16:48:21.040000Z,24.48
783,20190120T164821Z,1J.TI8A.,"['CH1', 'CH2', 'CHZ']",2019-01-20T16:48:21.040000Z,24.48
784,20190120T164821Z,1J.TI6A.,"['CH1', 'CH2', 'CHZ']",2019-01-20T16:48:21.040000Z,24.48
785,20190120T164916Z,1J.TI3A.,"['CH1', 'CH2', 'CHZ']",2019-01-20T16:49:16.030000Z,2.13
786,20190120T165000Z,1J.TI3A.,"['CH1', 'CH2', 'CHZ']",2019-01-20T16:50:00.100000Z,27.17
787,20190120T165000Z,1J.TI8A.,"['CH1', 'CH2', 'CHZ']",2019-01-20T16:50:00.100000Z,27.17
788,20190120T165000Z,1J.TI6A.,"['CH1', 'CH2', 'CHZ']",2019-01-20T16:50:00.100000Z,27.17
789,20190120T165000Z,1J.TI1A.,"['CH1', 'CH2', 'CHZ']",2019-01-20T16:50:00.100000Z,27.17
790,20190120T165426Z,1J.TI3A.,"['CH1', 'CH2', 'CHZ']",2019-01-20T16:54:26.910000Z,11.28
791,20190120T165426Z,1J.TI6A.,"['CH1', 'CH2', 'CHZ']",2019-01-20T16:54:26.910000Z,11.28
792,20190120T165912Z,1J.TI3A.,"['CH1', 'CH2', 'CHZ']",2019-01-20T16:59:12.540000Z,11.28
793,20190120T165912Z,1J.TI6A.,"['CH1', 'CH2', 'CHZ']",2019-01-20T16:59:12.540000Z,11.28
794,20190120T170004Z,1J.TI3A.,"['CH1', 'CH2', 'CHZ']",2019-01-20T17:00:04.920000Z,27.17
795,20190120T170004Z,1J.TI8A.,"['CH1', 'CH2', 'CHZ']",2019-01-20T17:00:04.920000Z,27.17
796,20190120T170004Z,1J.TI6A.,"['CH1', 'CH2', 'CHZ']",2019-01-20T17:00:04.920000Z,27.17
797,20190120T170004Z,1J.TI1A.,"['CH1', 'CH2', 'CHZ']",2019-01-20T17:00:04.920000Z,27.17
798,20190120T170928Z,1J.TI3A.,"['CH1', 'CH2', 'CHZ']",2019-01-20T17:09:28.610000Z,11.28
799,20190120T170928Z,1J.TI6A.,"['CH1', 'CH2', 'CHZ']",2019-01-20T17:09:28.610000Z,11.28
800,20190120T171549Z,1J.TI3A.,"['CH1', 'CH2', 'CHZ']",2019-01-20T17:15:49.540000Z,11.28
801,20190120T171549Z,1J.TI6A.,"['CH1', 'CH2', 'CHZ']",2019-01-20T17:15:49.540000Z,11.28
802,20190120T172201Z,1J.TI3A.,"['CH1', 'CH2', 'CHZ']",2019-01-20T17:22:01.370000Z,11.28
803,20190120T172201Z,1J.TI6A.,"['CH1', 'CH2', 'CHZ']",2019-01-20T17:22:01.370000Z,11.28
804,20190120T172839Z,1J.TI4A.,"['CH1', 'CH2', 'CHZ']",2019-01-20T17:28:39.110000Z,14.14
805,20190120T172839Z,1J.TI3A.,"['CH1', 'CH2', 'CHZ']",2019-01-20T17:28:39.110000Z,14.14
806,20190120T172839Z,1J.TI1A.,"['CH1', 'CH2', 'CHZ']",2019-01-20T17:28:39.110000Z,14.14
807,20190120T173102Z,1J.TI4A.,"['CH1', 'CH2', 'CHZ']",2019-01-20T17:31:02.920000Z,14.14
808,20190120T173102Z,1J.TI3A.,"['CH1', 'CH2', 'CHZ']",2019-01-20T17:31:02.920000Z,14.14
809,20190120T173102Z,1J.TI1A.,"['CH1', 'CH2', 'CHZ']",2019-01-20T17:31:02.920000Z,14.14
810,20190120T173410Z,1J.TI3A.,"['CH1', 'CH2', 'CHZ']",2019-01-20T17:34:10.120000Z,11.28
811,20190120T173410Z,1J.TI6A.,"['CH1', 'CH2', 'CHZ']",2019-01-20T17:34:10.120000Z,11.28
812,20190120T174156Z,1J.TI3A.,"['CH1', 'CH2', 'CHZ']",2019-01-20T17:41:56.540000Z,11.28
813,20190120T174156Z,1J.TI6A.,"['CH1', 'CH2', 'CHZ']",2019-01-20T17:41:56.540000Z,11.28
814,20190120T175006Z,1J.TI4A.,"['CH1', 'CH2', 'CHZ']",2019-01-20T17:50:06.520000Z,14.14
815,20190120T175006Z,1J.TI3A.,"['CH1', 'CH2', 'CHZ']",2019-01-20T17:50:06.520000Z,14.14
816,20190120T175006Z,1J.TI1A.,"['CH1', 'CH2', 'CHZ']",2019-01-20T17:50:06.520000Z,14.14
817,20190120T175130Z,1J.TI3A.,"['CH1', 'CH2', 'CHZ']",2019-01-20T17:51:30.150000Z,11.28
818,20190120T175130Z,1J.TI6A.,"['CH1', 'CH2', 'CHZ']",2019-01-20T17:51:30.150000Z,11.28
819,20190120T175911Z,1J.TI3A.,"['CH1', 'CH2', 'CHZ']",2019-01-20T17:59:11.930000Z,11.28
820,20190120T175911Z,1J.TI6A.,"['CH1', 'CH2', 'CHZ']",2019-01-20T17:59:11.930000Z,11.28
821,20190120T180623Z,1J.TI4A.,"['CH1', 'CH2', 'CHZ']",2019-01-20T18:06:23.920000Z,14.14
822,20190120T180623Z,1J.TI3A.,"['CH1', 'CH2', 'CHZ']",2019-01-20T18:06:23.920000Z,14.14
823,20190120T180623Z,1J.TI1A.,"['CH1', 'CH2', 'CHZ']",2019-01-20T18:06:23.920000Z,14.14
824,20190120T180729Z,1J.TI3A.,"['CH1', 'CH2', 'CHZ']",2019-01-20T18:07:29.060000Z,2.13
825,20190120T180904Z,1J.TI3A.,"['CH1', 'CH2', 'CHZ']",2019-01-20T18:09:04.120000Z,11.28
826,20190120T180904Z,1J.TI6A.,"['CH1', 'CH2', 'CHZ']",2019-01-20T18:09:04.120000Z,11.28
827,20190120T181125Z,1J.TI3A.,"['CH1', 'CH2', 'CHZ']",2019-01-20T18:11:25.650000Z,2.13
828,20190120T181330Z,1J.TI4A.,"['CH1', 'CH2', 'CHZ']",2019-01-20T18:13:30.160000Z,14.14
829,20190120T181330Z,1J.TI3A.,"['CH1', 'CH2', 'CHZ']",2019-01-20T18:13:30.160000Z,14.14
830,20190120T181330Z,1J.TI1A.,"['CH1', 'CH2', 'CHZ']",2019-01-20T18:13:30.160000Z,14.14
831,20190120T181456Z,1J.TI3A.,"['CH1', 'CH2', 'CHZ']",2019-01-20T18:14:56.630000Z,27.17
832,20190120T181456Z,1J.TI8A.,"['CH1', 'CH2', 'CHZ']",2019-01-20T18:14:56.630000Z,27.17
833,20190120T181456Z,1J.TI6A.,"['CH1', 'CH2', 'CHZ']",2019-01-20T18:14:56.630000Z,27.17
834,20190120T181456Z,1J.TI1A.,"['CH1', 'CH2', 'CHZ']",2019-01-20T18:14:56.630000Z,27.17
835,20190120T182036Z,1J.TI3A.,"['CH1', 'CH2', 'CHZ']",2019-01-20T18:20:36.800000Z,11.28
836,20190120T182036Z,1J.TI6A.,"['CH1', 'CH2', 'CHZ']",2019-01-20T18:20:36.800000Z,11.28
837,20190120T182309Z,1J.TI4A.,"['CH1', 'CH2', 'CHZ']",2019-01-20T18:23:09.880000Z,14.14
838,20190120T182309Z,1J.TI3A.,"['CH1', 'CH2', 'CHZ']",2019-01-20T18:23:09.880000Z,14.14
839,20190120T182309Z,1J.TI1A.,"['CH1', 'CH2', 'CHZ']",2019-01-20T18:23:09.880000Z,14.14
840,20190120T182338Z,1J.TI4A.,"['CH1', 'CH2', 'CHZ']",2019-01-20T18:23:38.000000Z,24.98
841,20190120T182338Z,1J.TI3A.,"['CH1', 'CH2', 'CHZ']",2019-01-20T18:23:38.000000Z,24.98
842,20190120T182338Z,1J.TI8A.,"['CH1', 'CH2', 'CHZ']",2019-01-20T18:23:38.000000Z,24.98
843,20190120T182338Z,1J.TI6A.,"['CH1', 'CH2', 'CHZ']",2019-01-20T18:23:38.000000Z,24.98
844,20190120T182338Z,1J.TI1A.,"['CH1', 'CH2', 'CHZ']",2019-01-20T18:23:38.000000Z,24.98
845,20190120T182350Z,1J.TI4A.,"['CH1', 'CH2', 'CHZ']",2019-01-20T18:23:50.770000Z,14.14
846,20190120T182350Z,1J.TI3A.,"['CH1', 'CH2', 'CHZ']",2019-01-20T18:23:50.770000Z,14.14
847,20190120T182350Z,1J.TI1A.,"['CH1', 'CH2', 'CHZ']",2019-01-20T18:23:50.770000Z,14.14
848,20190120T182449Z,1J.TI4A.,"['CH1', 'CH2', 'CHZ']",2019-01-20T18:24:49.480000Z,14.14
849,20190120T182449Z,1J.TI3A.,"['CH1', 'CH2', 'CHZ']",2019-01-20T18:24:49.480000Z,14.14
850,20190120T182449Z,1J.TI1A.,"['CH1', 'CH2', 'CHZ']",2019-01-20T18:24:49.480000Z,14.14
851,20190120T182543Z,1J.TI3A.,"['CH1', 'CH2', 'CHZ']",2019-01-20T18:25:43.100000Z,11.28
852,20190120T182543Z,1J.TI6A.,"['CH1', 'CH2', 'CHZ']",2019-01-20T18:25:43.100000Z,11.28
853,20190120T182700Z,1J.TI4A.,"['CH1', 'CH2', 'CHZ']",2019-01-20T18:27:00.360000Z,55.77
854,20190120T182700Z,1J.TI3A.,"['CH1', 'CH2', 'CHZ']",2019-01-20T18:27:00.360000Z,55.77
855,20190120T182700Z,1J.TI8A.,"['CH1', 'CH2', 'CHZ']",2019-01-20T18:27:00.360000Z,55.77
856,20190120T182700Z,1J.TI6A.,"['CH1', 'CH2', 'CHZ']",2019-01-20T18:27:00.360000Z,55.77
857,20190120T182700Z,1J.TI1A.,"['CH1', 'CH2', 'CHZ']",2019-01-20T18:27:00.360000Z,55.77
858,20190120T182744Z,1J.TI4A.,"['CH1', 'CH2', 'CHZ']",2019-01-20T18:27:44.130000Z,14.14
859,20190120T182744Z,1J.TI3A.,"['CH1', 'CH2', 'CHZ']",2019-01-20T18:27:44.130000Z,14.14
860,20190120T182744Z,1J.TI1A.,"['CH1', 'CH2', 'CHZ']",2019-01-20T18:27:44.130000Z,14.14
861,20190120T182849Z,1J.TI3A.,"['CH1', 'CH2', 'CHZ']",2019-01-20T18:28:49.820000Z,27.17
862,20190120T182849Z,1J.TI8A.,"['CH1', 'CH2', 'CHZ']",2019-01-20T18:28:49.820000Z,27.17
863,20190120T182849Z,1J.TI6A.,"['CH1', 'CH2', 'CHZ']",2019-01-20T18:28:49.820000Z,27.17
864,20190120T182849Z,1J.TI1A.,"['CH1', 'CH2', 'CHZ']",2019-01-20T18:28:49.820000Z,27.17
865,20190120T183023Z,1J.TI4A.,"['CH1', 'CH2', 'CHZ']",2019-01-20T18:30:23.370000Z,14.14
866,20190120T183023Z,1J.TI3A.,"['CH1', 'CH2', 'CHZ']",2019-01-20T18:30:23.370000Z,14.14
867,20190120T183023Z,1J.TI1A.,"['CH1', 'CH2', 'CHZ']",2019-01-20T18:30:23.370000Z,14.14
868,20190120T183114Z,1J.TI4A.,"['CH1', 'CH2', 'CHZ']",2019-01-20T18:31:14.130000Z,14.14
869,20190120T183114Z,1J.TI3A.,"['CH1', 'CH2', 'CHZ']",2019-01-20T18:31:14.130000Z,14.14
870,20190120T183114Z,1J.TI1A.,"['CH1', 'CH2', 'CHZ']",2019-01-20T18:31:14.130000Z,14.14
871,20190120T183136Z,1J.TI4A.,"['CH1', 'CH2', 'CHZ']",2019-01-20T18:31:36.000000Z,14.14
872,20190120T183136Z,1J.TI3A.,"['CH1', 'CH2', 'CHZ']",2019-01-20T18:31:36.000000Z,14.14
873,20190120T183136Z,1J.TI1A.,"['CH1', 'CH2', 'CHZ']",2019-01-20T18:31:36.000000Z,14.14
874,20190120T183305Z,1J.TI3A.,"['CH1', 'CH2', 'CHZ']",2019-01-20T18:33:05.570000Z,11.28
875,20190120T183305Z,1J.TI6A.,"['CH1', 'CH2', 'CHZ']",2019-01-20T18:33:05.570000Z,11.28
876,20190120T183404Z,1J.TI4A.,"['CH1', 'CH2', 'CHZ']",2019-01-20T18:34:04.850000Z,14.14
877,20190120T183404Z,1J.TI3A.,"['CH1', 'CH2', 'CHZ']",2019-01-20T18:34:04.850000Z,14.14
878,20190120T183404Z,1J.TI1A.,"['CH1', 'CH2', 'CHZ']",2019-01-20T18:34:04.850000Z,14.14
879,20190120T183433Z,1J.TI4A.,"['CH1', 'CH2', 'CHZ']",2019-01-20T18:34:33.290000Z,14.14
880,20190120T183433Z,1J.TI3A.,"['CH1', 'CH2', 'CHZ']",2019-01-20T18:34:33.290000Z,14.14
881,20190120T183433Z,1J.TI1A.,"['CH1', 'CH2', 'CHZ']",2019-01-20T18:34:33.290000Z,14.14
882,20190120T183553Z,1J.TI4A.,"['CH1', 'CH2', 'CHZ']",2019-01-20T18:35:53.770000Z,14.14
883,20190120T183553Z,1J.TI3A.,"['CH1', 'CH2', 'CHZ']",2019-01-20T18:35:53.770000Z,14.14
884,20190120T183553Z,1J.TI1A.,"['CH1', 'CH2', 'CHZ']",2019-01-20T18:35:53.770000Z,14.14
885,20190120T183719Z,1J.TI4A.,"['CH1', 'CH2', 'CHZ']",2019-01-20T18:37:19.130000Z,14.14
886,20190120T183719Z,1J.TI3A.,"['CH1', 'CH2', 'CHZ']",2019-01-20T18:37:19.130000Z,14.14
887,20190120T183719Z,1J.TI1A.,"['CH1', 'CH2', 'CHZ']",2019-01-20T18:37:19.130000Z,14.14
888,20190120T183749Z,1J.TI4A.,"['CH1', 'CH2', 'CHZ']",2019-01-20T18:37:49.470000Z,14.14
889,20190120T183749Z,1J.TI3A.,"['CH1', 'CH2', 'CHZ']",2019-01-20T18:37:49.470000Z,14.14
890,20190120T183749Z,1J.TI1A.,"['CH1', 'CH2', 'CHZ']",2019-01-20T18:37:49.470000Z,14.14
891,20190120T183930Z,1J.TI3A.,"['CH1', 'CH2', 'CHZ']",2019-01-20T18:39:30.570000Z,11.28
892,20190120T183930Z,1J.TI6A.,"['CH1', 'CH2', 'CHZ']",2019-01-20T18:39:30.570000Z,11.28
893,20190120T184256Z,1J.TI4A.,"['CH1', 'CH2', 'CHZ']",2019-01-20T18:42:56.360000Z,14.14
894,20190120T184256Z,1J.TI3A.,"['CH1', 'CH2', 'CHZ']",2019-01-20T18:42:56.360000Z,14.14
895,20190120T184256Z,1J.TI1A.,"['CH1', 'CH2', 'CHZ']",2019-01-20T18:42:56.360000Z,14.14
896,20190120T184427Z,1J.TI4A.,"['CH1', 'CH2', 'CHZ']",2019-01-20T18:44:27.310000Z,14.14
897,20190120T184427Z,1J.TI3A.,"['CH1', 'CH2', 'CHZ']",2019-01-20T18:44:27.310000Z,14.14
898,20190120T184427Z,1J.TI1A.,"['CH1', 'CH2', 'CHZ']",2019-01-20T18:44:27.310000Z,14.14
899,20190120T184509Z,1J.TI4A.,"['CH1', 'CH2', 'CHZ']",2019-01-20T18:45:09.220000Z,14.14
900,20190120T184509Z,1J.TI3A.,"['CH1', 'CH2', 'CHZ']",2019-01-20T18:45:09.220000Z,14.14
901,20190120T184509Z,1J.TI1A.,"['CH1', 'CH2', 'CHZ']",2019-01-20T18:45:09.220000Z,14.14
902,20190120T184707Z,1J.TI3A.,"['CH1', 'CH2', 'CHZ']",2019-01-20T18:47:07.770000Z,11.28
903,20190120T184707Z,1J.TI6A.,"['CH1', 'CH2', 'CHZ']",2019-01-20T18:47:07.770000Z,11.28
904,20190120T184722Z,1J.TI4A.,"['CH1', 'CH2', 'CHZ']",2019-01-20T18:47:22.670000Z,14.14
905,20190120T184722Z,1J.TI3A.,"['CH1', 'CH2', 'CHZ']",2019-01-20T18:47:22.670000Z,14.14
906,20190120T184722Z,1J.TI1A.,"['CH1', 'CH2', 'CHZ']",2019-01-20T18:47:22.670000Z,14.14
907,20190120T184742Z,1J.TI4A.,"['CH1', 'CH2', 'CHZ']",2019-01-20T18:47:42.940000Z,14.14
908,20190120T184742Z,1J.TI3A.,"['CH1', 'CH2', 'CHZ']",2019-01-20T18:47:42.940000Z,14.14
909,20190120T184742Z,1J.TI1A.,"['CH1', 'CH2', 'CHZ']",2019-01-20T18:47:42.940000Z,14.14
910,20190120T184826Z,1J.TI4A.,"['CH1', 'CH2', 'CHZ']",2019-01-20T18:48:26.140000Z,14.14
911,20190120T184826Z,1J.TI3A.,"['CH1', 'CH2', 'CHZ']",2019-01-20T18:48:26.140000Z,14.14
912,20190120T184826Z,1J.TI1A.,"['CH1', 'CH2', 'CHZ']",2019-01-20T18:48:26.140000Z,14.14
913,20190120T185002Z,1J.TI4A.,"['CH1', 'CH2', 'CHZ']",2019-01-20T18:50:02.410000Z,14.14
914,20190120T185002Z,1J.TI3A.,"['CH1', 'CH2', 'CHZ']",2019-01-20T18:50:02.410000Z,14.14
915,20190120T185002Z,1J.TI1A.,"['CH1', 'CH2', 'CHZ']",2019-01-20T18:50:02.410000Z,14.14
916,20190120T185024Z,1J.TI4A.,"['CH1', 'CH2', 'CHZ']",2019-01-20T18:50:24.400000Z,14.14
917,20190120T185024Z,1J.TI3A.,"['CH1', 'CH2', 'CHZ']",2019-01-20T18:50:24.400000Z,14.14
918,20190120T185024Z,1J.TI1A.,"['CH1', 'CH2', 'CHZ']",2019-01-20T18:50:24.400000Z,14.14
919,20190120T185319Z,1J.TI4A.,"['CH1', 'CH2', 'CHZ']",2019-01-20T18:53:19.520000Z,14.14
920,20190120T185319Z,1J.TI3A.,"['CH1', 'CH2', 'CHZ']",2019-01-20T18:53:19.520000Z,14.14
921,20190120T185319Z,1J.TI1A.,"['CH1', 'CH2', 'CHZ']",2019-01-20T18:53:19.520000Z,14.14
922,20190120T185343Z,1J.TI4A.,"['CH1', 'CH2', 'CHZ']",2019-01-20T18:53:43.880000Z,14.14
923,20190120T185343Z,1J.TI3A.,"['CH1', 'CH2', 'CHZ']",2019-01-20T18:53:43.880000Z,14.14
924,20190120T185343Z,1J.TI1A.,"['CH1', 'CH2', 'CHZ']",2019-01-20T18:53:43.880000Z,14.14
925,20190120T185356Z,1J.TI4A.,"['CH1', 'CH2', 'CHZ']",2019-01-20T18:53:56.230000Z,14.14
926,20190120T185356Z,1J.TI3A.,"['CH1', 'CH2', 'CHZ']",2019-01-20T18:53:56.230000Z,14.14
927,20190120T185356Z,1J.TI1A.,"['CH1', 'CH2', 'CHZ']",2019-01-20T18:53:56.230000Z,14.14
928,20190120T185409Z,1J.TI3A.,"['CH1', 'CH2', 'CHZ']",2019-01-20T18:54:09.590000Z,11.28
929,20190120T185409Z,1J.TI6A.,"['CH1', 'CH2', 'CHZ']",2019-01-20T18:54:09.590000Z,11.28
930,20190120T185527Z,1J.TI4A.,"['CH1', 'CH2', 'CHZ']",2019-01-20T18:55:27.310000Z,14.14
931,20190120T185527Z,1J.TI3A.,"['CH1', 'CH2', 'CHZ']",2019-01-20T18:55:27.310000Z,14.14
932,20190120T185527Z,1J.TI1A.,"['CH1', 'CH2', 'CHZ']",2019-01-20T18:55:27.310000Z,14.14
933,20190120T185645Z,1J.TI4A.,"['CH1', 'CH2', 'CHZ']",2019-01-20T18:56:45.140000Z,14.14
934,20190120T185645Z,1J.TI3A.,"['CH1', 'CH2', 'CHZ']",2019-01-20T18:56:45.140000Z,14.14
935,20190120T185645Z,1J.TI1A.,"['CH1', 'CH2', 'CHZ']",2019-01-20T18:56:45.140000Z,14.14
936,20190120T185715Z,1J.TI4A.,"['CH1', 'CH2', 'CHZ']",2019-01-20T18:57:15.550000Z,14.14
937,20190120T185715Z,1J.TI3A.,"['CH1', 'CH2', 'CHZ']",2019-01-20T18:57:15.550000Z,14.14
938,20190120T185715Z,1J.TI1A.,"['CH1', 'CH2', 'CHZ']",2019-01-20T18:57:15.550000Z,14.14
939,20190120T185743Z,1J.TI4A.,"['CH1', 'CH2', 'CHZ']",2019-01-20T18:57:43.500000Z,14.14
940,20190120T185743Z,1J.TI3A.,"['CH1', 'CH2', 'CHZ']",2019-01-20T18:57:43.500000Z,14.14
941,20190120T185743Z,1J.TI1A.,"['CH1', 'CH2', 'CHZ']",2019-01-20T18:57:43.500000Z,14.14
942,20190120T185754Z,1J.TI4A.,"['CH1', 'CH2', 'CHZ']",2019-01-20T18:57:54.940000Z,14.14
943,20190120T185754Z,1J.TI3A.,"['CH1', 'CH2', 'CHZ']",2019-01-20T18:57:54.940000Z,14.14
944,20190120T185754Z,1J.TI1A.,"['CH1', 'CH2', 'CHZ']",2019-01-20T18:57:54.940000Z,14.14
945,20190120T185811Z,1J.TI4A.,"['CH1', 'CH2', 'CHZ']",2019-01-20T18:58:11.950000Z,14.14
946,20190120T185811Z,1J.TI3A.,"['CH1', 'CH2', 'CHZ']",2019-01-20T18:58:11.950000Z,14.14
947,20190120T185811Z,1J.TI1A.,"['CH1', 'CH2', 'CHZ']",2019-01-20T18:58:11.950000Z,14.14
948,20190120T185827Z,1J.TI4A.,"['CH1', 'CH2', 'CHZ']",2019-01-20T18:58:27.160000Z,14.14
949,20190120T185827Z,1J.TI3A.,"['CH1', 'CH2', 'CHZ']",2019-01-20T18:58:27.160000Z,14.14
950,20190120T185827Z,1J.TI1A.,"['CH1', 'CH2', 'CHZ']",2019-01-20T18:58:27.160000Z,14.14
951,20190120T185926Z,1J.TI4A.,"['CH1', 'CH2', 'CHZ']",2019-01-20T18:59:26.380000Z,14.14
952,20190120T185926Z,1J.TI3A.,"['CH1', 'CH2', 'CHZ']",2019-01-20T18:59:26.380000Z,14.14
953,20190120T185926Z,1J.TI1A.,"['CH1', 'CH2', 'CHZ']",2019-01-20T18:59:26.380000Z,14.14
954,20190120T185942Z,1J.TI4A.,"['CH1', 'CH2', 'CHZ']",2019-01-20T18:59:42.210000Z,14.14
955,20190120T185942Z,1J.TI3A.,"['CH1', 'CH2', 'CHZ']",2019-01-20T18:59:42.210000Z,14.14
956,20190120T185942Z,1J.TI1A.,"['CH1', 'CH2', 'CHZ']",2019-01-20T18:59:42.210000Z,14.14
957,20190120T185957Z,1J.TI4A.,"['CH1', 'CH2', 'CHZ']",2019-01-20T18:59:57.160000Z,14.14
958,20190120T185957Z,1J.TI3A.,"['CH1', 'CH2', 'CHZ']",2019-01-20T18:59:57.160000Z,14.14
959,20190120T185957Z,1J.TI1A.,"['CH1', 'CH2', 'CHZ']",2019-01-20T18:59:57.160000Z,14.14
960,20190120T190118Z,1J.TI4A.,"['CH1', 'CH2', 'CHZ']",2019-01-20T19:01:18.870000Z,14.14
961,20190120T190118Z,1J.TI3A.,"['CH1', 'CH2', 'CHZ']",2019-01-20T19:01:18.870000Z,14.14
962,20190120T190118Z,1J.TI1A.,"['CH1', 'CH2', 'CHZ']",2019-01-20T19:01:18.870000Z,14.14
963,20190120T190219Z,1J.TI4A.,"['CH1', 'CH2', 'CHZ']",2019-01-20T19:02:19.790000Z,14.14
964,20190120T190219Z,1J.TI3A.,"['CH1', 'CH2', 'CHZ']",2019-01-20T19:02:19.790000Z,14.14
965,20190120T190219Z,1J.TI1A.,"['CH1', 'CH2', 'CHZ']",2019-01-20T19:02:19.790000Z,14.14
966,20190120T190855Z,1J.TI4A.,"['CH1', 'CH2', 'CHZ']",2019-01-20T19:08:55.890000Z,14.14
967,20190120T190855Z,1J.TI3A.,"['CH1', 'CH2', 'CHZ']",2019-01-20T19:08:55.890000Z,14.14
968,20190120T190855Z,1J.TI1A.,"['CH1', 'CH2', 'CHZ']",2019-01-20T19:08:55.890000Z,14.14
969,20190120T191119Z,1J.TI4A.,"['CH1', 'CH2', 'CHZ']",2019-01-20T19:11:19.040000Z,14.14
970,20190120T191119Z,1J.TI3A.,"['CH1', 'CH2', 'CHZ']",2019-01-20T19:11:19.040000Z,14.14
971,20190120T191119Z,1J.TI1A.,"['CH1', 'CH2', 'CHZ']",2019-01-20T19:11:19.040000Z,14.14
972,20190120T191134Z,1J.TI4A.,"['CH1', 'CH2', 'CHZ']",2019-01-20T19:11:34.900000Z,14.14
973,20190120T191134Z,1J.TI3A.,"['CH1', 'CH2', 'CHZ']",2019-01-20T19:11:34.900000Z,14.14
974,20190120T191134Z,1J.TI1A.,"['CH1', 'CH2', 'CHZ']",2019-01-20T19:11:34.900000Z,14.14
975,20190120T191242Z,1J.TI4A.,"['CH1', 'CH2', 'CHZ']",2019-01-20T19:12:42.540000Z,14.14
976,20190120T191242Z,1J.TI3A.,"['CH1', 'CH2', 'CHZ']",2019-01-20T19:12:42.540000Z,14.14
977,20190120T191242Z,1J.TI1A.,"['CH1', 'CH2', 'CHZ']",2019-01-20T19:12:42.540000Z,14.14
978,20190120T191316Z,1J.TI4A.,"['CH1', 'CH2', 'CHZ']",2019-01-20T19:13:16.290000Z,14.14
979,20190120T191316Z,1J.TI3A.,"['CH1', 'CH2', 'CHZ']",2019-01-20T19:13:16.290000Z,14.14
980,20190120T191316Z,1J.TI1A.,"['CH1', 'CH2', 'CHZ']",2019-01-20T19:13:16.290000Z,14.14
981,20190120T191333Z,1J.TI4A.,"['CH1', 'CH2', 'CHZ']",2019-01-20T19:13:33.830000Z,14.14
982,20190120T191333Z,1J.TI3A.,"['CH1', 'CH2', 'CHZ']",2019-01-20T19:13:33.830000Z,14.14
983,20190120T191333Z,1J.TI1A.,"['CH1', 'CH2', 'CHZ']",2019-01-20T19:13:33.830000Z,14.14
984,20190120T191448Z,1J.TI4A.,"['CH1', 'CH2', 'CHZ']",2019-01-20T19:14:48.660000Z,14.14
985,20190120T191448Z,1J.TI3A.,"['CH1', 'CH2', 'CHZ']",2019-01-20T19:14:48.660000Z,14.14
986,20190120T191448Z,1J.TI1A.,"['CH1', 'CH2', 'CHZ']",2019-01-20T19:14:48.660000Z,14.14
987,20190120T191532Z,1J.TI4A.,"['CH1', 'CH2', 'CHZ']",2019-01-20T19:15:32.510000Z,14.14
988,20190120T191532Z,1J.TI3A.,"['CH1', 'CH2', 'CHZ']",2019-01-20T19:15:32.510000Z,14.14
989,20190120T191532Z,1J.TI1A.,"['CH1', 'CH2', 'CHZ']",2019-01-20T19:15:32.510000Z,14.14
990,20190120T191644Z,1J.TI4A.,"['CH1', 'CH2', 'CHZ']",2019-01-20T19:16:44.670000Z,14.14
991,20190120T191644Z,1J.TI3A.,"['CH1', 'CH2', 'CHZ']",2019-01-20T19:16:44.670000Z,14.14
992,20190120T191644Z,1J.TI1A.,"['CH1', 'CH2', 'CHZ']",2019-01-20T19:16:44.670000Z,14.14
993,20190120T191743Z,1J.TI4A.,"['CH1', 'CH2', 'CHZ']",2019-01-20T19:17:43.660000Z,14.14
994,20190120T191743Z,1J.TI3A.,"['CH1', 'CH2', 'CHZ']",2019-01-20T19:17:43.660000Z,14.14
995,20190120T191743Z,1J.TI1A.,"['CH1', 'CH2', 'CHZ']",2019-01-20T19:17:43.660000Z,14.14
996,20190120T191811Z,1J.TI4A.,"['CH1', 'CH2', 'CHZ']",2019-01-20T19:18:11.320000Z,14.14
997,20190120T191811Z,1J.TI3A.,"['CH1', 'CH2', 'CHZ']",2019-01-20T19:18:11.320000Z,14.14
998,20190120T191811Z,1J.TI1A.,"['CH1', 'CH2', 'CHZ']",2019-01-20T19:18:11.320000Z,14.14
999,20190120T191845Z,1J.TI4A.,"['CH1', 'CH2', 'CHZ']",2019-01-20T19:18:45.000000Z,14.14
1000,20190120T191845Z,1J.TI3A.,"['CH1', 'CH2', 'CHZ']",2019-01-20T19:18:45.000000Z,14.14
1001,20190120T191845Z,1J.TI1A.,"['CH1', 'CH2', 'CHZ']",2019-01-20T19:18:45.000000Z,14.14
1002,20190120T191927Z,1J.TI3A.,"['CH1', 'CH2', 'CHZ']",2019-01-20T19:19:27.670000Z,2.13
1003,20190120T191941Z,1J.TI4A.,"['CH1', 'CH2', 'CHZ']",2019-01-20T19:19:41.030000Z,14.14
1004,20190120T191941Z,1J.TI3A.,"['CH1', 'CH2', 'CHZ']",2019-01-20T19:19:41.030000Z,14.14
1005,20190120T191941Z,1J.TI1A.,"['CH1', 'CH2', 'CHZ']",2019-01-20T19:19:41.030000Z,14.14
1006,20190120T192011Z,1J.TI4A.,"['CH1', 'CH2', 'CHZ']",2019-01-20T19:20:11.450000Z,14.14
1007,20190120T192011Z,1J.TI3A.,"['CH1', 'CH2', 'CHZ']",2019-01-20T19:20:11.450000Z,14.14
1008,20190120T192011Z,1J.TI1A.,"['CH1', 'CH2', 'CHZ']",2019-01-20T19:20:11.450000Z,14.14
1009,20190120T192024Z,1J.TI4A.,"['CH1', 'CH2', 'CHZ']",2019-01-20T19:20:24.650000Z,14.14
1010,20190120T192024Z,1J.TI3A.,"['CH1', 'CH2', 'CHZ']",2019-01-20T19:20:24.650000Z,14.14
1011,20190120T192024Z,1J.TI1A.,"['CH1', 'CH2', 'CHZ']",2019-01-20T19:20:24.650000Z,14.14
1012,20190120T192110Z,1J.TI4A.,"['CH1', 'CH2', 'CHZ']",2019-01-20T19:21:10.570000Z,14.14
1013,20190120T192110Z,1J.TI3A.,"['CH1', 'CH2', 'CHZ']",2019-01-20T19:21:10.570000Z,14.14
1014,20190120T192110Z,1J.TI1A.,"['CH1', 'CH2', 'CHZ']",2019-01-20T19:21:10.570000Z,14.14
1015,20190120T192138Z,1J.TI4A.,"['CH1', 'CH2', 'CHZ']",2019-01-20T19:21:38.710000Z,14.14
1016,20190120T192138Z,1J.TI3A.,"['CH1', 'CH2', 'CHZ']",2019-01-20T19:21:38.710000Z,14.14
1017,20190120T192138Z,1J.TI1A.,"['CH1', 'CH2', 'CHZ']",2019-01-20T19:21:38.710000Z,14.14
1018,20190120T192229Z,1J.TI3A.,"['CH1', 'CH2', 'CHZ']",2019-01-20T19:22:29.390000Z,27.17
1019,20190120T192229Z,1J.TI8A.,"['CH1', 'CH2', 'CHZ']",2019-01-20T19:22:29.390000Z,27.17
1020,20190120T192229Z,1J.TI6A.,"['CH1', 'CH2', 'CHZ']",2019-01-20T19:22:29.390000Z,27.17
1021,20190120T192229Z,1J.TI1A.,"['CH1', 'CH2', 'CHZ']",2019-01-20T19:22:29.390000Z,27.17
1022,20190120T192248Z,1J.TI4A.,"['CH1', 'CH2', 'CHZ']",2019-01-20T19:22:48.130000Z,14.14
1023,20190120T192248Z,1J.TI3A.,"['CH1', 'CH2', 'CHZ']",2019-01-20T19:22:48.130000Z,14.14
1024,20190120T192248Z,1J.TI1A.,"['CH1', 'CH2', 'CHZ']",2019-01-20T19:22:48.130000Z,14.14
1025,20190120T192324Z,1J.TI4A.,"['CH1', 'CH2', 'CHZ']",2019-01-20T19:23:24.850000Z,14.14
1026,20190120T192324Z,1J.TI3A.,"['CH1', 'CH2', 'CHZ']",2019-01-20T19:23:24.850000Z,14.14
1027,20190120T192324Z,1J.TI1A.,"['CH1', 'CH2', 'CHZ']",2019-01-20T19:23:24.850000Z,14.14
1028,20190120T192343Z,1J.TI3A.,"['CH1', 'CH2', 'CHZ']",2019-01-20T19:23:43.530000Z,2.13
1029,20190120T192418Z,1J.TI4A.,"['CH1', 'CH2', 'CHZ']",2019-01-20T19:24:18.440000Z,14.14
1030,20190120T192418Z,1J.TI3A.,"['CH1', 'CH2', 'CHZ']",2019-01-20T19:24:18.440000Z,14.14
1031,20190120T192418Z,1J.TI1A.,"['CH1', 'CH2', 'CHZ']",2019-01-20T19:24:18.440000Z,14.14
1032,20190120T192438Z,1J.TI4A.,"['CH1', 'CH2', 'CHZ']",2019-01-20T19:24:38.760000Z,14.14
1033,20190120T192438Z,1J.TI3A.,"['CH1', 'CH2', 'CHZ']",2019-01-20T19:24:38.760000Z,14.14
1034,20190120T192438Z,1J.TI1A.,"['CH1', 'CH2', 'CHZ']",2019-01-20T19:24:38.760000Z,14.14
1035,20190120T192506Z,1J.TI4A.,"['CH1', 'CH2', 'CHZ']",2019-01-20T19:25:06.440000Z,14.14
1036,20190120T192506Z,1J.TI3A.,"['CH1', 'CH2', 'CHZ']",2019-01-20T19:25:06.440000Z,14.14
1037,20190120T192506Z,1J.TI1A.,"['CH1', 'CH2', 'CHZ']",2019-01-20T19:25:06.440000Z,14.14
1038,20190120T192516Z,1J.TI4A.,"['CH1', 'CH2', 'CHZ']",2019-01-20T19:25:16.840000Z,14.14
1039,20190120T192516Z,1J.TI3A.,"['CH1', 'CH2', 'CHZ']",2019-01-20T19:25:16.840000Z,14.14
1040,20190120T192516Z,1J.TI1A.,"['CH1', 'CH2', 'CHZ']",2019-01-20T19:25:16.840000Z,14.14
1041,20190120T192659Z,1J.TI4A.,"['CH1', 'CH2', 'CHZ']",2019-01-20T19:26:59.040000Z,14.14
1042,20190120T192659Z,1J.TI3A.,"['CH1', 'CH2', 'CHZ']",2019-01-20T19:26:59.040000Z,14.14
1043,20190120T192659Z,1J.TI1A.,"['CH1', 'CH2', 'CHZ']",2019-01-20T19:26:59.040000Z,14.14
1044,20190120T192915Z,1J.TI4A.,"['CH1', 'CH2', 'CHZ']",2019-01-20T19:29:15.500000Z,14.14
1045,20190120T192915Z,1J.TI3A.,"['CH1', 'CH2', 'CHZ']",2019-01-20T19:29:15.500000Z,14.14
1046,20190120T192915Z,1J.TI1A.,"['CH1', 'CH2', 'CHZ']",2019-01-20T19:29:15.500000Z,14.14
1047,20190120T193103Z,1J.TI4A.,"['CH1', 'CH2', 'CHZ']",2019-01-20T19:31:03.070000Z,14.14
1048,20190120T193103Z,1J.TI3A.,"['CH1', 'CH2', 'CHZ']",2019-01-20T19:31:03.070000Z,14.14
1049,20190120T193103Z,1J.TI1A.,"['CH1', 'CH2', 'CHZ']",2019-01-20T19:31:03.070000Z,14.14
1050,20190120T193135Z,1J.TI4A.,"['CH1', 'CH2', 'CHZ']",2019-01-20T19:31:35.790000Z,14.14
1051,20190120T193135Z,1J.TI3A.,"['CH1', 'CH2', 'CHZ']",2019-01-20T19:31:35.790000Z,14.14
1052,20190120T193135Z,1J.TI1A.,"['CH1', 'CH2', 'CHZ']",2019-01-20T19:31:35.790000Z,14.14
1053,20190120T193308Z,1J.TI4A.,"['CH1', 'CH2', 'CHZ']",2019-01-20T19:33:08.970000Z,14.14
1054,20190120T193308Z,1J.TI3A.,"['CH1', 'CH2', 'CHZ']",2019-01-20T19:33:08.970000Z,14.14
1055,20190120T193308Z,1J.TI1A.,"['CH1', 'CH2', 'CHZ']",2019-01-20T19:33:08.970000Z,14.14
1056,20190120T193431Z,1J.TI3A.,"['CH1', 'CH2', 'CHZ']",2019-01-20T19:34:31.080000Z,23.96
1057,20190120T193431Z,1J.TI8A.,"['CH1', 'CH2', 'CHZ']",2019-01-20T19:34:31.080000Z,23.96
1058,20190120T193448Z,1J.TI4A.,"['CH1', 'CH2', 'CHZ']",2019-01-20T19:34:48.760000Z,14.14
1059,20190120T193448Z,1J.TI3A.,"['CH1', 'CH2', 'CHZ']",2019-01-20T19:34:48.760000Z,14.14
1060,20190120T193448Z,1J.TI1A.,"['CH1', 'CH2', 'CHZ']",2019-01-20T19:34:48.760000Z,14.14
1061,20190120T193657Z,1J.TI4A.,"['CH1', 'CH2', 'CHZ']",2019-01-20T19:36:57.750000Z,14.14
1062,20190120T193657Z,1J.TI3A.,"['CH1', 'CH2', 'CHZ']",2019-01-20T19:36:57.750000Z,14.14
1063,20190120T193657Z,1J.TI1A.,"['CH1', 'CH2', 'CHZ']",2019-01-20T19:36:57.750000Z,14.14
1064,20190120T193906Z,1J.TI3A.,"['CH1', 'CH2', 'CHZ']",2019-01-20T19:39:06.200000Z,2.13
1065,20190120T194018Z,1J.TI4A.,"['CH1', 'CH2', 'CHZ']",2019-01-20T19:40:18.270000Z,14.14
1066,20190120T194018Z,1J.TI3A.,"['CH1', 'CH2', 'CHZ']",2019-01-20T19:40:18.270000Z,14.14
1067,20190120T194018Z,1J.TI1A.,"['CH1', 'CH2', 'CHZ']",2019-01-20T19:40:18.270000Z,14.14
1068,20190120T194106Z,1J.TI4A.,"['CH1', 'CH2', 'CHZ']",2019-01-20T19:41:06.740000Z,14.14
1069,20190120T194106Z,1J.TI3A.,"['CH1', 'CH2', 'CHZ']",2019-01-20T19:41:06.740000Z,14.14
1070,20190120T194106Z,1J.TI1A.,"['CH1', 'CH2', 'CHZ']",2019-01-20T19:41:06.740000Z,14.14
1071,20190120T194405Z,1J.TI4A.,"['CH1', 'CH2', 'CHZ']",2019-01-20T19:44:05.850000Z,14.14
1072,20190120T194405Z,1J.TI3A.,"['CH1', 'CH2', 'CHZ']",2019-01-20T19:44:05.850000Z,14.14
1073,20190120T194405Z,1J.TI1A.,"['CH1', 'CH2', 'CHZ']",2019-01-20T19:44:05.850000Z,14.14
1074,20190120T194554Z,1J.TI4A.,"['CH1', 'CH2', 'CHZ']",2019-01-20T19:45:54.700000Z,14.14
1075,20190120T194554Z,1J.TI3A.,"['CH1', 'CH2', 'CHZ']",2019-01-20T19:45:54.700000Z,14.14
1076,20190120T194554Z,1J.TI1A.,"['CH1', 'CH2', 'CHZ']",2019-01-20T19:45:54.700000Z,14.14
1077,20190120T194631Z,1J.TI4A.,"['CH1', 'CH2', 'CHZ']",2019-01-20T19:46:31.950000Z,14.14
1078,20190120T194631Z,1J.TI3A.,"['CH1', 'CH2', 'CHZ']",2019-01-20T19:46:31.950000Z,14.14
1079,20190120T194631Z,1J.TI1A.,"['CH1', 'CH2', 'CHZ']",2019-01-20T19:46:31.950000Z,14.14
1080,20190120T194654Z,1J.TI4A.,"['CH1', 'CH2', 'CHZ']",2019-01-20T19:46:54.610000Z,14.14
1081,20190120T194654Z,1J.TI3A.,"['CH1', 'CH2', 'CHZ']",2019-01-20T19:46:54.610000Z,14.14
1082,20190120T194654Z,1J.TI1A.,"['CH1', 'CH2', 'CHZ']",2019-01-20T19:46:54.610000Z,14.14
1083,20190120T194747Z,1J.TI4A.,"['CH1', 'CH2', 'CHZ']",2019-01-20T19:47:47.200000Z,14.14
1084,20190120T194747Z,1J.TI3A.,"['CH1', 'CH2', 'CHZ']",2019-01-20T19:47:47.200000Z,14.14
1085,20190120T194747Z,1J.TI1A.,"['CH1', 'CH2', 'CHZ']",2019-01-20T19:47:47.200000Z,14.14
1086,20190120T194852Z,1J.TI4A.,"['CH1', 'CH2', 'CHZ']",2019-01-20T19:48:52.130000Z,14.14
1087,20190120T194852Z,1J.TI3A.,"['CH1', 'CH2', 'CHZ']",2019-01-20T19:48:52.130000Z,14.14
1088,20190120T194852Z,1J.TI1A.,"['CH1', 'CH2', 'CHZ']",2019-01-20T19:48:52.130000Z,14.14
1089,20190120T194914Z,1J.TI4A.,"['CH1', 'CH2', 'CHZ']",2019-01-20T19:49:14.490000Z,14.14
1090,20190120T194914Z,1J.TI3A.,"['CH1', 'CH2', 'CHZ']",2019-01-20T19:49:14.490000Z,14.14
1091,20190120T194914Z,1J.TI1A.,"['CH1', 'CH2', 'CHZ']",2019-01-20T19:49:14.490000Z,14.14
1092,20190120T194951Z,1J.TI4A.,"['CH1', 'CH2', 'CHZ']",2019-01-20T19:49:51.830000Z,14.14
1093,20190120T194951Z,1J.TI3A.,"['CH1', 'CH2', 'CHZ']",2019-01-20T19:49:51.830000Z,14.14
1094,20190120T194951Z,1J.TI1A.,"['CH1', 'CH2', 'CHZ']",2019-01-20T19:49:51.830000Z,14.14
1095,20190120T195150Z,1J.TI4A.,"['CH1', 'CH2', 'CHZ']",2019-01-20T19:51:50.620000Z,14.14
1096,20190120T195150Z,1J.TI3A.,"['CH1', 'CH2', 'CHZ']",2019-01-20T19:51:50.620000Z,14.14
1097,20190120T195150Z,1J.TI1A.,"['CH1', 'CH2', 'CHZ']",2019-01-20T19:51:50.620000Z,14.14
1098,20190120T195217Z,1J.TI4A.,"['CH1', 'CH2', 'CHZ']",2019-01-20T19:52:17.960000Z,14.14
1099,20190120T195217Z,1J.TI3A.,"['CH1', 'CH2', 'CHZ']",2019-01-20T19:52:17.960000Z,14.14
1100,20190120T195217Z,1J.TI1A.,"['CH1', 'CH2', 'CHZ']",2019-01-20T19:52:17.960000Z,14.14
1101,20190120T195246Z,1J.TI4A.,"['CH1', 'CH2', 'CHZ']",2019-01-20T19:52:46.850000Z,14.14
1102,20190120T195246Z,1J.TI3A.,"['CH1', 'CH2', 'CHZ']",2019-01-20T19:52:46.850000Z,14.14
1103,20190120T195246Z,1J.TI1A.,"['CH1', 'CH2', 'CHZ']",2019-01-20T19:52:46.850000Z,14.14
1104,20190120T195259Z,1J.TI4A.,"['CH1', 'CH2', 'CHZ']",2019-01-20T19:52:59.880000Z,14.14
1105,20190120T195259Z,1J.TI3A.,"['CH1', 'CH2', 'CHZ']",2019-01-20T19:52:59.880000Z,14.14
1106,20190120T195259Z,1J.TI1A.,"['CH1', 'CH2', 'CHZ']",2019-01-20T19:52:59.880000Z,14.14
1107,20190120T195457Z,1J.TI4A.,"['CH1', 'CH2', 'CHZ']",2019-01-20T19:54:57.630000Z,14.14
1108,20190120T195457Z,1J.TI3A.,"['CH1', 'CH2', 'CHZ']",2019-01-20T19:54:57.630000Z,14.14
1109,20190120T195457Z,1J.TI1A.,"['CH1', 'CH2', 'CHZ']",2019-01-20T19:54:57.630000Z,14.14
1110,20190120T195519Z,1J.TI4A.,"['CH1', 'CH2', 'CHZ']",2019-01-20T19:55:19.780000Z,14.14
1111,20190120T195519Z,1J.TI3A.,"['CH1', 'CH2', 'CHZ']",2019-01-20T19:55:19.780000Z,14.14
1112,20190120T195519Z,1J.TI1A.,"['CH1', 'CH2', 'CHZ']",2019-01-20T19:55:19.780000Z,14.14
1113,20190120T195541Z,1J.TI4A.,"['CH1', 'CH2', 'CHZ']",2019-01-20T19:55:41.200000Z,14.14
1114,20190120T195541Z,1J.TI3A.,"['CH1', 'CH2', 'CHZ']",2019-01-20T19:55:41.200000Z,14.14
1115,20190120T195541Z,1J.TI1A.,"['CH1', 'CH2', 'CHZ']",2019-01-20T19:55:41.200000Z,14.14
1116,20190120T195601Z,1J.TI4A.,"['CH1', 'CH2', 'CHZ']",2019-01-20T19:56:01.740000Z,14.14
1117,20190120T195601Z,1J.TI3A.,"['CH1', 'CH2', 'CHZ']",2019-01-20T19:56:01.740000Z,14.14
1118,20190120T195601Z,1J.TI1A.,"['CH1', 'CH2', 'CHZ']",2019-01-20T19:56:01.740000Z,14.14
1119,20190120T195637Z,1J.TI4A.,"['CH1', 'CH2', 'CHZ']",2019-01-20T19:56:37.040000Z,14.14
1120,20190120T195637Z,1J.TI3A.,"['CH1', 'CH2', 'CHZ']",2019-01-20T19:56:37.040000Z,14.14
1121,20190120T195637Z,1J.TI1A.,"['CH1', 'CH2', 'CHZ']",2019-01-20T19:56:37.040000Z,14.14
1122,20190120T195711Z,1J.TI4A.,"['CH1', 'CH2', 'CHZ']",2019-01-20T19:57:11.750000Z,14.14
1123,20190120T195711Z,1J.TI3A.,"['CH1', 'CH2', 'CHZ']",2019-01-20T19:57:11.750000Z,14.14
1124,20190120T195711Z,1J.TI1A.,"['CH1', 'CH2', 'CHZ']",2019-01-20T19:57:11.750000Z,14.14
1125,20190120T195739Z,1J.TI4A.,"['CH1', 'CH2', 'CHZ']",2019-01-20T19:57:39.040000Z,14.14
1126,20190120T195739Z,1J.TI3A.,"['CH1', 'CH2', 'CHZ']",2019-01-20T19:57:39.040000Z,14.14
1127,20190120T195739Z,1J.TI1A.,"['CH1', 'CH2', 'CHZ']",2019-01-20T19:57:39.040000Z,14.14
1128,20190120T195850Z,1J.TI4A.,"['CH1', 'CH2', 'CHZ']",2019-01-20T19:58:50.020000Z,14.14
1129,20190120T195850Z,1J.TI3A.,"['CH1', 'CH2', 'CHZ']",2019-01-20T19:58:50.020000Z,14.14
1130,20190120T195850Z,1J.TI1A.,"['CH1', 'CH2', 'CHZ']",2019-01-20T19:58:50.020000Z,14.14
1131,20190120T195959Z,1J.TI4A.,"['CH1', 'CH2', 'CHZ']",2019-01-20T19:59:59.420000Z,14.14
1132,20190120T195959Z,1J.TI3A.,"['CH1', 'CH2', 'CHZ']",2019-01-20T19:59:59.420000Z,14.14
1133,20190120T195959Z,1J.TI1A.,"['CH1', 'CH2', 'CHZ']",2019-01-20T19:59:59.420000Z,14.14
1134,20190120T200012Z,1J.TI4A.,"['CH1', 'CH2', 'CHZ']",2019-01-20T20:00:12.090000Z,14.14
1135,20190120T200012Z,1J.TI3A.,"['CH1', 'CH2', 'CHZ']",2019-01-20T20:00:12.090000Z,14.14
1136,20190120T200012Z,1J.TI1A.,"['CH1', 'CH2', 'CHZ']",2019-01-20T20:00:12.090000Z,14.14
1137,20190120T200042Z,1J.TI4A.,"['CH1', 'CH2', 'CHZ']",2019-01-20T20:00:42.760000Z,14.14
1138,20190120T200042Z,1J.TI3A.,"['CH1', 'CH2', 'CHZ']",2019-01-20T20:00:42.760000Z,14.14
1139,20190120T200042Z,1J.TI1A.,"['CH1', 'CH2', 'CHZ']",2019-01-20T20:00:42.760000Z,14.14
1140,20190120T200134Z,1J.TI3A.,"['CH1', 'CH2', 'CHZ']",2019-01-20T20:01:34.590000Z,23.96
1141,20190120T200134Z,1J.TI8A.,"['CH1', 'CH2', 'CHZ']",2019-01-20T20:01:34.590000Z,23.96
1142,20190120T200225Z,1J.TI4A.,"['CH1', 'CH2', 'CHZ']",2019-01-20T20:02:25.290000Z,14.14
1143,20190120T200225Z,1J.TI3A.,"['CH1', 'CH2', 'CHZ']",2019-01-20T20:02:25.290000Z,14.14
1144,20190120T200225Z,1J.TI1A.,"['CH1', 'CH2', 'CHZ']",2019-01-20T20:02:25.290000Z,14.14
1145,20190120T200258Z,1J.TI4A.,"['CH1', 'CH2', 'CHZ']",2019-01-20T20:02:58.340000Z,14.14
1146,20190120T200258Z,1J.TI3A.,"['CH1', 'CH2', 'CHZ']",2019-01-20T20:02:58.340000Z,14.14
1147,20190120T200258Z,1J.TI1A.,"['CH1', 'CH2', 'CHZ']",2019-01-20T20:02:58.340000Z,14.14
1148,20190120T200457Z,1J.TI4A.,"['CH1', 'CH2', 'CHZ']",2019-01-20T20:04:57.930000Z,14.14
1149,20190120T200457Z,1J.TI3A.,"['CH1', 'CH2', 'CHZ']",2019-01-20T20:04:57.930000Z,14.14
1150,20190120T200457Z,1J.TI1A.,"['CH1', 'CH2', 'CHZ']",2019-01-20T20:04:57.930000Z,14.14
1151,20190120T200520Z,1J.TI4A.,"['CH1', 'CH2', 'CHZ']",2019-01-20T20:05:20.310000Z,14.14
1152,20190120T200520Z,1J.TI3A.,"['CH1', 'CH2', 'CHZ']",2019-01-20T20:05:20.310000Z,14.14
1153,20190120T200520Z,1J.TI1A.,"['CH1', 'CH2', 'CHZ']",2019-01-20T20:05:20.310000Z,14.14
1154,20190120T200616Z,1J.TI4A.,"['CH1', 'CH2', 'CHZ']",2019-01-20T20:06:16.160000Z,14.14
1155,20190120T200616Z,1J.TI3A.,"['CH1', 'CH2', 'CHZ']",2019-01-20T20:06:16.160000Z,14.14
1156,20190120T200616Z,1J.TI1A.,"['CH1', 'CH2', 'CHZ']",2019-01-20T20:06:16.160000Z,14.14
1157,20190120T200642Z,1J.TI4A.,"['CH1', 'CH2', 'CHZ']",2019-01-20T20:06:42.700000Z,14.14
1158,20190120T200642Z,1J.TI3A.,"['CH1', 'CH2', 'CHZ']",2019-01-20T20:06:42.700000Z,14.14
1159,20190120T200642Z,1J.TI1A.,"['CH1', 'CH2', 'CHZ']",2019-01-20T20:06:42.700000Z,14.14
1160,20190120T200720Z,1J.TI4A.,"['CH1', 'CH2', 'CHZ']",2019-01-20T20:07:20.200000Z,14.14
1161,20190120T200720Z,1J.TI3A.,"['CH1', 'CH2', 'CHZ']",2019-01-20T20:07:20.200000Z,14.14
1162,20190120T200720Z,1J.TI1A.,"['CH1', 'CH2', 'CHZ']",2019-01-20T20:07:20.200000Z,14.14
1163,20190120T200732Z,1J.TI4A.,"['CH1', 'CH2', 'CHZ']",2019-01-20T20:07:32.220000Z,14.14
1164,20190120T200732Z,1J.TI3A.,"['CH1', 'CH2', 'CHZ']",2019-01-20T20:07:32.220000Z,14.14
1165,20190120T200732Z,1J.TI1A.,"['CH1', 'CH2', 'CHZ']",2019-01-20T20:07:32.220000Z,14.14
1166,20190120T200759Z,1J.TI4A.,"['CH1', 'CH2', 'CHZ']",2019-01-20T20:07:59.050000Z,14.14
1167,20190120T200759Z,1J.TI3A.,"['CH1', 'CH2', 'CHZ']",2019-01-20T20:07:59.050000Z,14.14
1168,20190120T200759Z,1J.TI1A.,"['CH1', 'CH2', 'CHZ']",2019-01-20T20:07:59.050000Z,14.14
1169,20190120T201039Z,1J.TI3A.,"['CH1', 'CH2', 'CHZ']",2019-01-20T20:10:39.040000Z,27.17
1170,20190120T201039Z,1J.TI8A.,"['CH1', 'CH2', 'CHZ']",2019-01-20T20:10:39.040000Z,27.17
1171,20190120T201039Z,1J.TI6A.,"['CH1', 'CH2', 'CHZ']",2019-01-20T20:10:39.040000Z,27.17
1172,20190120T201039Z,1J.TI1A.,"['CH1', 'CH2', 'CHZ']",2019-01-20T20:10:39.040000Z,27.17
1173,20190120T201109Z,1J.TI4A.,"['CH1', 'CH2', 'CHZ']",2019-01-20T20:11:09.560000Z,14.14
1174,20190120T201109Z,1J.TI3A.,"['CH1', 'CH2', 'CHZ']",2019-01-20T20:11:09.560000Z,14.14
1175,20190120T201109Z,1J.TI1A.,"['CH1', 'CH2', 'CHZ']",2019-01-20T20:11:09.560000Z,14.14
1176,20190120T201343Z,1J.TI4A.,"['CH1', 'CH2', 'CHZ']",2019-01-20T20:13:43.780000Z,14.14
1177,20190120T201343Z,1J.TI3A.,"['CH1', 'CH2', 'CHZ']",2019-01-20T20:13:43.780000Z,14.14
1178,20190120T201343Z,1J.TI1A.,"['CH1', 'CH2', 'CHZ']",2019-01-20T20:13:43.780000Z,14.14
1179,20190120T201442Z,1J.TI4A.,"['CH1', 'CH2', 'CHZ']",2019-01-20T20:14:42.700000Z,14.14
1180,20190120T201442Z,1J.TI3A.,"['CH1', 'CH2', 'CHZ']",2019-01-20T20:14:42.700000Z,14.14
1181,20190120T201442Z,1J.TI1A.,"['CH1', 'CH2', 'CHZ']",2019-01-20T20:14:42.700000Z,14.14
1182,20190120T201536Z,1J.TI4A.,"['CH1', 'CH2', 'CHZ']",2019-01-20T20:15:36.440000Z,14.14
1183,20190120T201536Z,1J.TI3A.,"['CH1', 'CH2', 'CHZ']",2019-01-20T20:15:36.440000Z,14.14
1184,20190120T201536Z,1J.TI1A.,"['CH1', 'CH2', 'CHZ']",2019-01-20T20:15:36.440000Z,14.14
1185,20190120T201610Z,1J.TI4A.,"['CH1', 'CH2', 'CHZ']",2019-01-20T20:16:10.510000Z,14.14
1186,20190120T201610Z,1J.TI3A.,"['CH1', 'CH2', 'CHZ']",2019-01-20T20:16:10.510000Z,14.14
1187,20190120T201610Z,1J.TI1A.,"['CH1', 'CH2', 'CHZ']",2019-01-20T20:16:10.510000Z,14.14
1188,20190120T201934Z,1J.TI4A.,"['CH1', 'CH2', 'CHZ']",2019-01-20T20:19:34.670000Z,14.14
1189,20190120T201934Z,1J.TI3A.,"['CH1', 'CH2', 'CHZ']",2019-01-20T20:19:34.670000Z,14.14
1190,20190120T201934Z,1J.TI1A.,"['CH1', 'CH2', 'CHZ']",2019-01-20T20:19:34.670000Z,14.14
1191,20190120T201957Z,1J.TI4A.,"['CH1', 'CH2', 'CHZ']",2019-01-20T20:19:57.650000Z,14.14
1192,20190120T201957Z,1J.TI3A.,"['CH1', 'CH2', 'CHZ']",2019-01-20T20:19:57.650000Z,14.14
1193,20190120T201957Z,1J.TI1A.,"['CH1', 'CH2', 'CHZ']",2019-01-20T20:19:57.650000Z,14.14
1194,20190120T202044Z,1J.TI4A.,"['CH1', 'CH2', 'CHZ']",2019-01-20T20:20:44.950000Z,14.14
1195,20190120T202044Z,1J.TI3A.,"['CH1', 'CH2', 'CHZ']",2019-01-20T20:20:44.950000Z,14.14
1196,20190120T202044Z,1J.TI1A.,"['CH1', 'CH2', 'CHZ']",2019-01-20T20:20:44.950000Z,14.14
1197,20190120T202056Z,1J.TI4A.,"['CH1', 'CH2', 'CHZ']",2019-01-20T20:20:56.330000Z,14.14
1198,20190120T202056Z,1J.TI3A.,"['CH1', 'CH2', 'CHZ']",2019-01-20T20:20:56.330000Z,14.14
1199,20190120T202056Z,1J.TI1A.,"['CH1', 'CH2', 'CHZ']",2019-01-20T20:20:56.330000Z,14.14
1200,20190120T202121Z,1J.TI4A.,"['CH1', 'CH2', 'CHZ']",2019-01-20T20:21:21.100000Z,14.14
1201,20190120T202121Z,1J.TI3A.,"['CH1', 'CH2', 'CHZ']",2019-01-20T20:21:21.100000Z,14.14
1202,20190120T202121Z,1J.TI1A.,"['CH1', 'CH2', 'CHZ']",2019-01-20T20:21:21.100000Z,14.14
1203,20190120T202149Z,1J.TI4A.,"['CH1', 'CH2', 'CHZ']",2019-01-20T20:21:49.810000Z,14.14
1204,20190120T202149Z,1J.TI3A.,"['CH1', 'CH2', 'CHZ']",2019-01-20T20:21:49.810000Z,14.14
1205,20190120T202149Z,1J.TI1A.,"['CH1', 'CH2', 'CHZ']",2019-01-20T20:21:49.810000Z,14.14
1206,20190120T202204Z,1J.TI4A.,"['CH1', 'CH2', 'CHZ']",2019-01-20T20:22:04.700000Z,14.14
1207,20190120T202204Z,1J.TI3A.,"['CH1', 'CH2', 'CHZ']",2019-01-20T20:22:04.700000Z,14.14
1208,20190120T202204Z,1J.TI1A.,"['CH1', 'CH2', 'CHZ']",2019-01-20T20:22:04.700000Z,14.14
1209,20190120T202236Z,1J.TI4A.,"['CH1', 'CH2', 'CHZ']",2019-01-20T20:22:36.010000Z,14.14
1210,20190120T202236Z,1J.TI3A.,"['CH1', 'CH2', 'CHZ']",2019-01-20T20:22:36.010000Z,14.14
1211,20190120T202236Z,1J.TI1A.,"['CH1', 'CH2', 'CHZ']",2019-01-20T20:22:36.010000Z,14.14
1212,20190120T202259Z,1J.TI3A.,"['CH1', 'CH2', 'CHZ']",2019-01-20T20:22:59.220000Z,27.17
1213,20190120T202259Z,1J.TI8A.,"['CH1', 'CH2', 'CHZ']",2019-01-20T20:22:59.220000Z,27.17
1214,20190120T202259Z,1J.TI6A.,"['CH1', 'CH2', 'CHZ']",2019-01-20T20:22:59.220000Z,27.17
1215,20190120T202259Z,1J.TI1A.,"['CH1', 'CH2', 'CHZ']",2019-01-20T20:22:59.220000Z,27.17
1216,20190120T202406Z,1J.TI4A.,"['CH1', 'CH2', 'CHZ']",2019-01-20T20:24:06.260000Z,14.14
1217,20190120T202406Z,1J.TI3A.,"['CH1', 'CH2', 'CHZ']",2019-01-20T20:24:06.260000Z,14.14
1218,20190120T202406Z,1J.TI1A.,"['CH1', 'CH2', 'CHZ']",2019-01-20T20:24:06.260000Z,14.14
1219,20190120T202907Z,1J.TI4A.,"['CH1', 'CH2', 'CHZ']",2019-01-20T20:29:07.630000Z,14.14
1220,20190120T202907Z,1J.TI3A.,"['CH1', 'CH2', 'CHZ']",2019-01-20T20:29:07.630000Z,14.14
1221,20190120T202907Z,1J.TI1A.,"['CH1', 'CH2', 'CHZ']",2019-01-20T20:29:07.630000Z,14.14
1222,20190120T202953Z,1J.TI4A.,"['CH1', 'CH2', 'CHZ']",2019-01-20T20:29:53.440000Z,14.14
1223,20190120T202953Z,1J.TI3A.,"['CH1', 'CH2', 'CHZ']",2019-01-20T20:29:53.440000Z,14.14
1224,20190120T202953Z,1J.TI1A.,"['CH1', 'CH2', 'CHZ']",2019-01-20T20:29:53.440000Z,14.14
1225,20190120T203045Z,1J.TI4A.,"['CH1', 'CH2', 'CHZ']",2019-01-20T20:30:45.000000Z,14.14
1226,20190120T203045Z,1J.TI3A.,"['CH1', 'CH2', 'CHZ']",2019-01-20T20:30:45.000000Z,14.14
1227,20190120T203045Z,1J.TI1A.,"['CH1', 'CH2', 'CHZ']",2019-01-20T20:30:45.000000Z,14.14
1228,20190120T203056Z,1J.TI4A.,"['CH1', 'CH2', 'CHZ']",2019-01-20T20:30:56.540000Z,14.14
1229,20190120T203056Z,1J.TI3A.,"['CH1', 'CH2', 'CHZ']",2019-01-20T20:30:56.540000Z,14.14
1230,20190120T203056Z,1J.TI1A.,"['CH1', 'CH2', 'CHZ']",2019-01-20T20:30:56.540000Z,14.14
1231,20190120T203114Z,1J.TI4A.,"['CH1', 'CH2', 'CHZ']",2019-01-20T20:31:14.710000Z,14.14
1232,20190120T203114Z,1J.TI3A.,"['CH1', 'CH2', 'CHZ']",2019-01-20T20:31:14.710000Z,14.14
1233,20190120T203114Z,1J.TI1A.,"['CH1', 'CH2', 'CHZ']",2019-01-20T20:31:14.710000Z,14.14
1234,20190120T203207Z,1J.TI4A.,"['CH1', 'CH2', 'CHZ']",2019-01-20T20:32:07.370000Z,14.14
1235,20190120T203207Z,1J.TI3A.,"['CH1', 'CH2', 'CHZ']",2019-01-20T20:32:07.370000Z,14.14
1236,20190120T203207Z,1J.TI1A.,"['CH1', 'CH2', 'CHZ']",2019-01-20T20:32:07.370000Z,14.14
1237,20190120T203256Z,1J.TI4A.,"['CH1', 'CH2', 'CHZ']",2019-01-20T20:32:56.760000Z,14.14
1238,20190120T203256Z,1J.TI3A.,"['CH1', 'CH2', 'CHZ']",2019-01-20T20:32:56.760000Z,14.14
1239,20190120T203256Z,1J.TI1A.,"['CH1', 'CH2', 'CHZ']",2019-01-20T20:32:56.760000Z,14.14
1240,20190120T203419Z,1J.TI4A.,"['CH1', 'CH2', 'CHZ']",2019-01-20T20:34:19.750000Z,14.14
1241,20190120T203419Z,1J.TI3A.,"['CH1', 'CH2', 'CHZ']",2019-01-20T20:34:19.750000Z,14.14
1242,20190120T203419Z,1J.TI1A.,"['CH1', 'CH2', 'CHZ']",2019-01-20T20:34:19.750000Z,14.14
1243,20190120T203434Z,1J.TI4A.,"['CH1', 'CH2', 'CHZ']",2019-01-20T20:34:34.310000Z,14.14
1244,20190120T203434Z,1J.TI3A.,"['CH1', 'CH2', 'CHZ']",2019-01-20T20:34:34.310000Z,14.14
1245,20190120T203434Z,1J.TI1A.,"['CH1', 'CH2', 'CHZ']",2019-01-20T20:34:34.310000Z,14.14
1246,20190120T203508Z,1J.TI4A.,"['CH1', 'CH2', 'CHZ']",2019-01-20T20:35:08.190000Z,14.14
1247,20190120T203508Z,1J.TI3A.,"['CH1', 'CH2', 'CHZ']",2019-01-20T20:35:08.190000Z,14.14
1248,20190120T203508Z,1J.TI1A.,"['CH1', 'CH2', 'CHZ']",2019-01-20T20:35:08.190000Z,14.14
1249,20190120T203525Z,1J.TI3A.,"['CH1', 'CH2', 'CHZ']",2019-01-20T20:35:25.470000Z,2.13
1250,20190120T203548Z,1J.TI4A.,"['CH1', 'CH2', 'CHZ']",2019-01-20T20:35:48.220000Z,14.14
1251,20190120T203548Z,1J.TI3A.,"['CH1', 'CH2', 'CHZ']",2019-01-20T20:35:48.220000Z,14.14
1252,20190120T203548Z,1J.TI1A.,"['CH1', 'CH2', 'CHZ']",2019-01-20T20:35:48.220000Z,14.14
1253,20190120T203604Z,1J.TI4A.,"['CH1', 'CH2', 'CHZ']",2019-01-20T20:36:04.620000Z,14.14
1254,20190120T203604Z,1J.TI3A.,"['CH1', 'CH2', 'CHZ']",2019-01-20T20:36:04.620000Z,14.14
1255,20190120T203604Z,1J.TI1A.,"['CH1', 'CH2', 'CHZ']",2019-01-20T20:36:04.620000Z,14.14
1256,20190120T203807Z,1J.TI4A.,"['CH1', 'CH2', 'CHZ']",2019-01-20T20:38:07.970000Z,14.14
1257,20190120T203807Z,1J.TI3A.,"['CH1', 'CH2', 'CHZ']",2019-01-20T20:38:07.970000Z,14.14
1258,20190120T203807Z,1J.TI1A.,"['CH1', 'CH2', 'CHZ']",2019-01-20T20:38:07.970000Z,14.14
1259,20190120T203846Z,1J.TI4A.,"['CH1', 'CH2', 'CHZ']",2019-01-20T20:38:46.830000Z,14.14
1260,20190120T203846Z,1J.TI3A.,"['CH1', 'CH2', 'CHZ']",2019-01-20T20:38:46.830000Z,14.14
1261,20190120T203846Z,1J.TI1A.,"['CH1', 'CH2', 'CHZ']",2019-01-20T20:38:46.830000Z,14.14
1262,20190120T203922Z,1J.TI4A.,"['CH1', 'CH2', 'CHZ']",2019-01-20T20:39:22.130000Z,14.14
1263,20190120T203922Z,1J.TI3A.,"['CH1', 'CH2', 'CHZ']",2019-01-20T20:39:22.130000Z,14.14
1264,20190120T203922Z,1J.TI1A.,"['CH1', 'CH2', 'CHZ']",2019-01-20T20:39:22.130000Z,14.14
1265,20190120T204000Z,1J.TI4A.,"['CH1', 'CH2', 'CHZ']",2019-01-20T20:40:00.500000Z,14.14
1266,20190120T204000Z,1J.TI3A.,"['CH1', 'CH2', 'CHZ']",2019-01-20T20:40:00.500000Z,14.14
1267,20190120T204000Z,1J.TI1A.,"['CH1', 'CH2', 'CHZ']",2019-01-20T20:40:00.500000Z,14.14
1268,20190120T204023Z,1J.TI4A.,"['CH1', 'CH2', 'CHZ']",2019-01-20T20:40:23.080000Z,14.14
1269,20190120T204023Z,1J.TI3A.,"['CH1', 'CH2', 'CHZ']",2019-01-20T20:40:23.080000Z,14.14
1270,20190120T204023Z,1J.TI1A.,"['CH1', 'CH2', 'CHZ']",2019-01-20T20:40:23.080000Z,14.14
1271,20190120T204034Z,1J.TI4A.,"['CH1', 'CH2', 'CHZ']",2019-01-20T20:40:34.410000Z,14.14
1272,20190120T204034Z,1J.TI3A.,"['CH1', 'CH2', 'CHZ']",2019-01-20T20:40:34.410000Z,14.14
1273,20190120T204034Z,1J.TI1A.,"['CH1', 'CH2', 'CHZ']",2019-01-20T20:40:34.410000Z,14.14
1274,20190120T204048Z,1J.TI4A.,"['CH1', 'CH2', 'CHZ']",2019-01-20T20:40:48.820000Z,14.14
1275,20190120T204048Z,1J.TI3A.,"['CH1', 'CH2', 'CHZ']",2019-01-20T20:40:48.820000Z,14.14
1276,20190120T204048Z,1J.TI1A.,"['CH1', 'CH2', 'CHZ']",2019-01-20T20:40:48.820000Z,14.14
1277,20190120T204319Z,1J.TI4A.,"['CH1', 'CH2', 'CHZ']",2019-01-20T20:43:19.460000Z,14.14
1278,20190120T204319Z,1J.TI3A.,"['CH1', 'CH2', 'CHZ']",2019-01-20T20:43:19.460000Z,14.14
1279,20190120T204319Z,1J.TI1A.,"['CH1', 'CH2', 'CHZ']",2019-01-20T20:43:19.460000Z,14.14
1280,20190120T204342Z,1J.TI4A.,"['CH1', 'CH2', 'CHZ']",2019-01-20T20:43:42.200000Z,14.14
1281,20190120T204342Z,1J.TI3A.,"['CH1', 'CH2', 'CHZ']",2019-01-20T20:43:42.200000Z,14.14
1282,20190120T204342Z,1J.TI1A.,"['CH1', 'CH2', 'CHZ']",2019-01-20T20:43:42.200000Z,14.14
1283,20190120T204358Z,1J.TI4A.,"['CH1', 'CH2', 'CHZ']",2019-01-20T20:43:58.200000Z,14.14
1284,20190120T204358Z,1J.TI3A.,"['CH1', 'CH2', 'CHZ']",2019-01-20T20:43:58.200000Z,14.14
1285,20190120T204358Z,1J.TI1A.,"['CH1', 'CH2', 'CHZ']",2019-01-20T20:43:58.200000Z,14.14
1286,20190120T204430Z,1J.TI4A.,"['CH1', 'CH2', 'CHZ']",2019-01-20T20:44:30.030000Z,14.14
1287,20190120T204430Z,1J.TI3A.,"['CH1', 'CH2', 'CHZ']",2019-01-20T20:44:30.030000Z,14.14
1288,20190120T204430Z,1J.TI1A.,"['CH1', 'CH2', 'CHZ']",2019-01-20T20:44:30.030000Z,14.14
1289,20190120T204501Z,1J.TI3A.,"['CH1', 'CH2', 'CHZ']",2019-01-20T20:45:01.100000Z,27.17
1290,20190120T204501Z,1J.TI8A.,"['CH1', 'CH2', 'CHZ']",2019-01-20T20:45:01.100000Z,27.17
1291,20190120T204501Z,1J.TI6A.,"['CH1', 'CH2', 'CHZ']",2019-01-20T20:45:01.100000Z,27.17
1292,20190120T204501Z,1J.TI1A.,"['CH1', 'CH2', 'CHZ']",2019-01-20T20:45:01.100000Z,27.17
1293,20190120T204526Z,1J.TI4A.,"['CH1', 'CH2', 'CHZ']",2019-01-20T20:45:26.530000Z,14.14
1294,20190120T204526Z,1J.TI3A.,"['CH1', 'CH2', 'CHZ']",2019-01-20T20:45:26.530000Z,14.14
1295,20190120T204526Z,1J.TI1A.,"['CH1', 'CH2', 'CHZ']",2019-01-20T20:45:26.530000Z,14.14
1296,20190120T204541Z,1J.TI4A.,"['CH1', 'CH2', 'CHZ']",2019-01-20T20:45:41.870000Z,14.14
1297,20190120T204541Z,1J.TI3A.,"['CH1', 'CH2', 'CHZ']",2019-01-20T20:45:41.870000Z,14.14
1298,20190120T204541Z,1J.TI1A.,"['CH1', 'CH2', 'CHZ']",2019-01-20T20:45:41.870000Z,14.14
1299,20190120T204554Z,1J.TI4A.,"['CH1', 'CH2', 'CHZ']",2019-01-20T20:45:54.600000Z,14.14
1300,20190120T204554Z,1J.TI3A.,"['CH1', 'CH2', 'CHZ']",2019-01-20T20:45:54.600000Z,14.14
1301,20190120T204554Z,1J.TI1A.,"['CH1', 'CH2', 'CHZ']",2019-01-20T20:45:54.600000Z,14.14
1302,20190120T204728Z,1J.TI4A.,"['CH1', 'CH2', 'CHZ']",2019-01-20T20:47:28.190000Z,14.14
1303,20190120T204728Z,1J.TI3A.,"['CH1', 'CH2', 'CHZ']",2019-01-20T20:47:28.190000Z,14.14
1304,20190120T204728Z,1J.TI1A.,"['CH1', 'CH2', 'CHZ']",2019-01-20T20:47:28.190000Z,14.14
1305,20190120T204810Z,1J.TI4A.,"['CH1', 'CH2', 'CHZ']",2019-01-20T20:48:10.130000Z,14.14
1306,20190120T204810Z,1J.TI3A.,"['CH1', 'CH2', 'CHZ']",2019-01-20T20:48:10.130000Z,14.14
1307,20190120T204810Z,1J.TI1A.,"['CH1', 'CH2', 'CHZ']",2019-01-20T20:48:10.130000Z,14.14
1308,20190120T204825Z,1J.TI4A.,"['CH1', 'CH2', 'CHZ']",2019-01-20T20:48:25.220000Z,14.14
1309,20190120T204825Z,1J.TI3A.,"['CH1', 'CH2', 'CHZ']",2019-01-20T20:48:25.220000Z,14.14
1310,20190120T204825Z,1J.TI1A.,"['CH1', 'CH2', 'CHZ']",2019-01-20T20:48:25.220000Z,14.14
1311,20190120T204928Z,1J.TI4A.,"['CH1', 'CH2', 'CHZ']",2019-01-20T20:49:28.740000Z,14.14
1312,20190120T204928Z,1J.TI3A.,"['CH1', 'CH2', 'CHZ']",2019-01-20T20:49:28.740000Z,14.14
1313,20190120T204928Z,1J.TI1A.,"['CH1', 'CH2', 'CHZ']",2019-01-20T20:49:28.740000Z,14.14
1314,20190120T205013Z,1J.TI4A.,"['CH1', 'CH2', 'CHZ']",2019-01-20T20:50:13.240000Z,14.14
1315,20190120T205013Z,1J.TI3A.,"['CH1', 'CH2', 'CHZ']",2019-01-20T20:50:13.240000Z,14.14
1316,20190120T205013Z,1J.TI1A.,"['CH1', 'CH2', 'CHZ']",2019-01-20T20:50:13.240000Z,14.14
1317,20190120T205118Z,1J.TI4A.,"['CH1', 'CH2', 'CHZ']",2019-01-20T20:51:18.350000Z,14.14
1318,20190120T205118Z,1J.TI3A.,"['CH1', 'CH2', 'CHZ']",2019-01-20T20:51:18.350000Z,14.14
1319,20190120T205118Z,1J.TI1A.,"['CH1', 'CH2', 'CHZ']",2019-01-20T20:51:18.350000Z,14.14
1320,20190120T205151Z,1J.TI4A.,"['CH1', 'CH2', 'CHZ']",2019-01-20T20:51:51.060000Z,14.14
1321,20190120T205151Z,1J.TI3A.,"['CH1', 'CH2', 'CHZ']",2019-01-20T20:51:51.060000Z,14.14
1322,20190120T205151Z,1J.TI1A.,"['CH1', 'CH2', 'CHZ']",2019-01-20T20:51:51.060000Z,14.14
1323,20190120T205212Z,1J.TI3A.,"['CH1', 'CH2', 'CHZ']",2019-01-20T20:52:12.390000Z,2.13
1324,20190120T205230Z,1J.TI3A.,"['CH1', 'CH2', 'CHZ']",2019-01-20T20:52:30.230000Z,27.17
1325,20190120T205230Z,1J.TI8A.,"['CH1', 'CH2', 'CHZ']",2019-01-20T20:52:30.230000Z,27.17
1326,20190120T205230Z,1J.TI6A.,"['CH1', 'CH2', 'CHZ']",2019-01-20T20:52:30.230000Z,27.17
1327,20190120T205230Z,1J.TI1A.,"['CH1', 'CH2', 'CHZ']",2019-01-20T20:52:30.230000Z,27.17
1328,20190120T205253Z,1J.TI4A.,"['CH1', 'CH2', 'CHZ']",2019-01-20T20:52:53.070000Z,14.14
1329,20190120T205253Z,1J.TI3A.,"['CH1', 'CH2', 'CHZ']",2019-01-20T20:52:53.070000Z,14.14
1330,20190120T205253Z,1J.TI1A.,"['CH1', 'CH2', 'CHZ']",2019-01-20T20:52:53.070000Z,14.14
1331,20190120T205321Z,1J.TI4A.,"['CH1', 'CH2', 'CHZ']",2019-01-20T20:53:21.740000Z,14.14
1332,20190120T205321Z,1J.TI3A.,"['CH1', 'CH2', 'CHZ']",2019-01-20T20:53:21.740000Z,14.14
1333,20190120T205321Z,1J.TI1A.,"['CH1', 'CH2', 'CHZ']",2019-01-20T20:53:21.740000Z,14.14
1334,20190120T205344Z,1J.TI3A.,"['CH1', 'CH2', 'CHZ']",2019-01-20T20:53:44.220000Z,27.17
1335,20190120T205344Z,1J.TI8A.,"['CH1', 'CH2', 'CHZ']",2019-01-20T20:53:44.220000Z,27.17
1336,20190120T205344Z,1J.TI6A.,"['CH1', 'CH2', 'CHZ']",2019-01-20T20:53:44.220000Z,27.17
1337,20190120T205344Z,1J.TI1A.,"['CH1', 'CH2', 'CHZ']",2019-01-20T20:53:44.220000Z,27.17
1338,20190120T205446Z,1J.TI4A.,"['CH1', 'CH2', 'CHZ']",2019-01-20T20:54:46.620000Z,14.14
1339,20190120T205446Z,1J.TI3A.,"['CH1', 'CH2', 'CHZ']",2019-01-20T20:54:46.620000Z,14.14
1340,20190120T205446Z,1J.TI1A.,"['CH1', 'CH2', 'CHZ']",2019-01-20T20:54:46.620000Z,14.14
1341,20190120T205512Z,1J.TI4A.,"['CH1', 'CH2', 'CHZ']",2019-01-20T20:55:12.040000Z,14.14
1342,20190120T205512Z,1J.TI3A.,"['CH1', 'CH2', 'CHZ']",2019-01-20T20:55:12.040000Z,14.14
1343,20190120T205512Z,1J.TI1A.,"['CH1', 'CH2', 'CHZ']",2019-01-20T20:55:12.040000Z,14.14
1344,20190120T205614Z,1J.TI4A.,"['CH1', 'CH2', 'CHZ']",2019-01-20T20:56:14.780000Z,14.14
1345,20190120T205614Z,1J.TI3A.,"['CH1', 'CH2', 'CHZ']",2019-01-20T20:56:14.780000Z,14.14
1346,20190120T205614Z,1J.TI1A.,"['CH1', 'CH2', 'CHZ']",2019-01-20T20:56:14.780000Z,14.14
1347,20190120T205639Z,1J.TI4A.,"['CH1', 'CH2', 'CHZ']",2019-01-20T20:56:39.030000Z,14.14
1348,20190120T205639Z,1J.TI3A.,"['CH1', 'CH2', 'CHZ']",2019-01-20T20:56:39.030000Z,14.14
1349,20190120T205639Z,1J.TI1A.,"['CH1', 'CH2', 'CHZ']",2019-01-20T20:56:39.030000Z,14.14
1350,20190120T205723Z,1J.TI4A.,"['CH1', 'CH2', 'CHZ']",2019-01-20T20:57:23.130000Z,14.14
1351,20190120T205723Z,1J.TI3A.,"['CH1', 'CH2', 'CHZ']",2019-01-20T20:57:23.130000Z,14.14
1352,20190120T205723Z,1J.TI1A.,"['CH1', 'CH2', 'CHZ']",2019-01-20T20:57:23.130000Z,14.14
1353,20190120T205735Z,1J.TI3A.,"['CH1', 'CH2', 'CHZ']",2019-01-20T20:57:35.230000Z,27.17
1354,20190120T205735Z,1J.TI8A.,"['CH1', 'CH2', 'CHZ']",2019-01-20T20:57:35.230000Z,27.17
1355,20190120T205735Z,1J.TI6A.,"['CH1', 'CH2', 'CHZ']",2019-01-20T20:57:35.230000Z,27.17
1356,20190120T205735Z,1J.TI1A.,"['CH1', 'CH2', 'CHZ']",2019-01-20T20:57:35.230000Z,27.17
1357,20190120T205756Z,1J.TI4A.,"['CH1', 'CH2', 'CHZ']",2019-01-20T20:57:56.550000Z,14.14
1358,20190120T205756Z,1J.TI3A.,"['CH1', 'CH2', 'CHZ']",2019-01-20T20:57:56.550000Z,14.14
1359,20190120T205756Z,1J.TI1A.,"['CH1', 'CH2', 'CHZ']",2019-01-20T20:57:56.550000Z,14.14
1360,20190120T205815Z,1J.TI4A.,"['CH1', 'CH2', 'CHZ']",2019-01-20T20:58:15.480000Z,14.14
1361,20190120T205815Z,1J.TI3A.,"['CH1', 'CH2', 'CHZ']",2019-01-20T20:58:15.480000Z,14.14
1362,20190120T205815Z,1J.TI1A.,"['CH1', 'CH2', 'CHZ']",2019-01-20T20:58:15.480000Z,14.14
1363,20190120T205825Z,1J.TI4A.,"['CH1', 'CH2', 'CHZ']",2019-01-20T20:58:25.940000Z,14.14
1364,20190120T205825Z,1J.TI3A.,"['CH1', 'CH2', 'CHZ']",2019-01-20T20:58:25.940000Z,14.14
1365,20190120T205825Z,1J.TI1A.,"['CH1', 'CH2', 'CHZ']",2019-01-20T20:58:25.940000Z,14.14
1366,20190120T205838Z,1J.TI4A.,"['CH1', 'CH2', 'CHZ']",2019-01-20T20:58:38.410000Z,14.14
1367,20190120T205838Z,1J.TI3A.,"['CH1', 'CH2', 'CHZ']",2019-01-20T20:58:38.410000Z,14.14
1368,20190120T205838Z,1J.TI1A.,"['CH1', 'CH2', 'CHZ']",2019-01-20T20:58:38.410000Z,14.14
1369,20190120T205923Z,1J.TI4A.,"['CH1', 'CH2', 'CHZ']",2019-01-20T20:59:23.060000Z,14.14
1370,20190120T205923Z,1J.TI3A.,"['CH1', 'CH2', 'CHZ']",2019-01-20T20:59:23.060000Z,14.14
1371,20190120T205923Z,1J.TI1A.,"['CH1', 'CH2', 'CHZ']",2019-01-20T20:59:23.060000Z,14.14
1372,20190120T205950Z,1J.TI4A.,"['CH1', 'CH2', 'CHZ']",2019-01-20T20:59:50.640000Z,14.14
1373,20190120T205950Z,1J.TI3A.,"['CH1', 'CH2', 'CHZ']",2019-01-20T20:59:50.640000Z,14.14
1374,20190120T205950Z,1J.TI1A.,"['CH1', 'CH2', 'CHZ']",2019-01-20T20:59:50.640000Z,14.14
1375,20190120T210003Z,1J.TI4A.,"['CH1', 'CH2', 'CHZ']",2019-01-20T21:00:03.070000Z,14.14
1376,20190120T210003Z,1J.TI3A.,"['CH1', 'CH2', 'CHZ']",2019-01-20T21:00:03.070000Z,14.14
1377,20190120T210003Z,1J.TI1A.,"['CH1', 'CH2', 'CHZ']",2019-01-20T21:00:03.070000Z,14.14
1378,20190120T210020Z,1J.TI4A.,"['CH1', 'CH2', 'CHZ']",2019-01-20T21:00:20.110000Z,14.14
1379,20190120T210020Z,1J.TI3A.,"['CH1', 'CH2', 'CHZ']",2019-01-20T21:00:20.110000Z,14.14
1380,20190120T210020Z,1J.TI1A.,"['CH1', 'CH2', 'CHZ']",2019-01-20T21:00:20.110000Z,14.14
1381,20190120T210113Z,1J.TI4A.,"['CH1', 'CH2', 'CHZ']",2019-01-20T21:01:13.040000Z,14.14
1382,20190120T210113Z,1J.TI3A.,"['CH1', 'CH2', 'CHZ']",2019-01-20T21:01:13.040000Z,14.14
1383,20190120T210113Z,1J.TI1A.,"['CH1', 'CH2', 'CHZ']",2019-01-20T21:01:13.040000Z,14.14
1384,20190120T210156Z,1J.TI3A.,"['CH1', 'CH2', 'CHZ']",2019-01-20T21:01:56.030000Z,27.17
1385,20190120T210156Z,1J.TI8A.,"['CH1', 'CH2', 'CHZ']",2019-01-20T21:01:56.030000Z,27.17
1386,20190120T210156Z,1J.TI6A.,"['CH1', 'CH2', 'CHZ']",2019-01-20T21:01:56.030000Z,27.17
1387,20190120T210156Z,1J.TI1A.,"['CH1', 'CH2', 'CHZ']",2019-01-20T21:01:56.030000Z,27.17
1388,20190120T210210Z,1J.TI4A.,"['CH1', 'CH2', 'CHZ']",2019-01-20T21:02:10.210000Z,14.14
1389,20190120T210210Z,1J.TI3A.,"['CH1', 'CH2', 'CHZ']",2019-01-20T21:02:10.210000Z,14.14
1390,20190120T210210Z,1J.TI1A.,"['CH1', 'CH2', 'CHZ']",2019-01-20T21:02:10.210000Z,14.14
1391,20190120T210226Z,1J.TI4A.,"['CH1', 'CH2', 'CHZ']",2019-01-20T21:02:26.040000Z,14.14
1392,20190120T210226Z,1J.TI3A.,"['CH1', 'CH2', 'CHZ']",2019-01-20T21:02:26.040000Z,14.14
1393,20190120T210226Z,1J.TI1A.,"['CH1', 'CH2', 'CHZ']",2019-01-20T21:02:26.040000Z,14.14
1394,20190120T210239Z,1J.TI4A.,"['CH1', 'CH2', 'CHZ']",2019-01-20T21:02:39.950000Z,14.14
1395,20190120T210239Z,1J.TI3A.,"['CH1', 'CH2', 'CHZ']",2019-01-20T21:02:39.950000Z,14.14
1396,20190120T210239Z,1J.TI1A.,"['CH1', 'CH2', 'CHZ']",2019-01-20T21:02:39.950000Z,14.14
1397,20190120T210319Z,1J.TI3A.,"['CH1', 'CH2', 'CHZ']",2019-01-20T21:03:19.730000Z,3.78
1398,20190120T210340Z,1J.TI4A.,"['CH1', 'CH2', 'CHZ']",2019-01-20T21:03:40.960000Z,14.14
1399,20190120T210340Z,1J.TI3A.,"['CH1', 'CH2', 'CHZ']",2019-01-20T21:03:40.960000Z,14.14
1400,20190120T210340Z,1J.TI1A.,"['CH1', 'CH2', 'CHZ']",2019-01-20T21:03:40.960000Z,14.14
1401,20190120T210401Z,1J.TI4A.,"['CH1', 'CH2', 'CHZ']",2019-01-20T21:04:01.880000Z,14.14
1402,20190120T210401Z,1J.TI3A.,"['CH1', 'CH2', 'CHZ']",2019-01-20T21:04:01.880000Z,14.14
1403,20190120T210401Z,1J.TI1A.,"['CH1', 'CH2', 'CHZ']",2019-01-20T21:04:01.880000Z,14.14
1404,20190120T210424Z,1J.TI4A.,"['CH1', 'CH2', 'CHZ']",2019-01-20T21:04:24.790000Z,14.14
1405,20190120T210424Z,1J.TI3A.,"['CH1', 'CH2', 'CHZ']",2019-01-20T21:04:24.790000Z,14.14
1406,20190120T210424Z,1J.TI1A.,"['CH1', 'CH2', 'CHZ']",2019-01-20T21:04:24.790000Z,14.14
1407,20190120T210437Z,1J.TI4A.,"['CH1', 'CH2', 'CHZ']",2019-01-20T21:04:37.360000Z,14.14
1408,20190120T210437Z,1J.TI3A.,"['CH1', 'CH2', 'CHZ']",2019-01-20T21:04:37.360000Z,14.14
1409,20190120T210437Z,1J.TI1A.,"['CH1', 'CH2', 'CHZ']",2019-01-20T21:04:37.360000Z,14.14
1410,20190120T210457Z,1J.TI4A.,"['CH1', 'CH2', 'CHZ']",2019-01-20T21:04:57.030000Z,14.14
1411,20190120T210457Z,1J.TI3A.,"['CH1', 'CH2', 'CHZ']",2019-01-20T21:04:57.030000Z,14.14
1412,20190120T210457Z,1J.TI1A.,"['CH1', 'CH2', 'CHZ']",2019-01-20T21:04:57.030000Z,14.14
1413,20190120T210523Z,1J.TI4A.,"['CH1', 'CH2', 'CHZ']",2019-01-20T21:05:23.800000Z,14.14
1414,20190120T210523Z,1J.TI3A.,"['CH1', 'CH2', 'CHZ']",2019-01-20T21:05:23.800000Z,14.14
1415,20190120T210523Z,1J.TI1A.,"['CH1', 'CH2', 'CHZ']",2019-01-20T21:05:23.800000Z,14.14
1416,20190120T210603Z,1J.TI4A.,"['CH1', 'CH2', 'CHZ']",2019-01-20T21:06:03.260000Z,14.14
1417,20190120T210603Z,1J.TI3A.,"['CH1', 'CH2', 'CHZ']",2019-01-20T21:06:03.260000Z,14.14
1418,20190120T210603Z,1J.TI1A.,"['CH1', 'CH2', 'CHZ']",2019-01-20T21:06:03.260000Z,14.14
1419,20190120T210638Z,1J.TI4A.,"['CH1', 'CH2', 'CHZ']",2019-01-20T21:06:38.320000Z,14.14
1420,20190120T210638Z,1J.TI3A.,"['CH1', 'CH2', 'CHZ']",2019-01-20T21:06:38.320000Z,14.14
1421,20190120T210638Z,1J.TI1A.,"['CH1', 'CH2', 'CHZ']",2019-01-20T21:06:38.320000Z,14.14
1422,20190120T210707Z,1J.TI4A.,"['CH1', 'CH2', 'CHZ']",2019-01-20T21:07:07.670000Z,14.14
1423,20190120T210707Z,1J.TI3A.,"['CH1', 'CH2', 'CHZ']",2019-01-20T21:07:07.670000Z,14.14
1424,20190120T210707Z,1J.TI1A.,"['CH1', 'CH2', 'CHZ']",2019-01-20T21:07:07.670000Z,14.14
1425,20190120T210733Z,1J.TI4A.,"['CH1', 'CH2', 'CHZ']",2019-01-20T21:07:33.150000Z,14.14
1426,20190120T210733Z,1J.TI3A.,"['CH1', 'CH2', 'CHZ']",2019-01-20T21:07:33.150000Z,14.14
1427,20190120T210733Z,1J.TI1A.,"['CH1', 'CH2', 'CHZ']",2019-01-20T21:07:33.150000Z,14.14
1428,20190120T210817Z,1J.TI4A.,"['CH1', 'CH2', 'CHZ']",2019-01-20T21:08:17.880000Z,14.14
1429,20190120T210817Z,1J.TI3A.,"['CH1', 'CH2', 'CHZ']",2019-01-20T21:08:17.880000Z,14.14
1430,20190120T210817Z,1J.TI1A.,"['CH1', 'CH2', 'CHZ']",2019-01-20T21:08:17.880000Z,14.14
1431,20190120T210848Z,1J.TI4A.,"['CH1', 'CH2', 'CHZ']",2019-01-20T21:08:48.780000Z,14.14
1432,20190120T210848Z,1J.TI3A.,"['CH1', 'CH2', 'CHZ']",2019-01-20T21:08:48.780000Z,14.14
1433,20190120T210848Z,1J.TI1A.,"['CH1', 'CH2', 'CHZ']",2019-01-20T21:08:48.780000Z,14.14
1434,20190120T210905Z,1J.TI4A.,"['CH1', 'CH2', 'CHZ']",2019-01-20T21:09:05.560000Z,14.14
1435,20190120T210905Z,1J.TI3A.,"['CH1', 'CH2', 'CHZ']",2019-01-20T21:09:05.560000Z,14.14
1436,20190120T210905Z,1J.TI1A.,"['CH1', 'CH2', 'CHZ']",2019-01-20T21:09:05.560000Z,14.14
1437,20190120T210946Z,1J.TI4A.,"['CH1', 'CH2', 'CHZ']",2019-01-20T21:09:46.060000Z,14.14
1438,20190120T210946Z,1J.TI3A.,"['CH1', 'CH2', 'CHZ']",2019-01-20T21:09:46.060000Z,14.14
1439,20190120T210946Z,1J.TI1A.,"['CH1', 'CH2', 'CHZ']",2019-01-20T21:09:46.060000Z,14.14
1440,20190120T211025Z,1J.TI4A.,"['CH1', 'CH2', 'CHZ']",2019-01-20T21:10:25.740000Z,14.14
1441,20190120T211025Z,1J.TI3A.,"['CH1', 'CH2', 'CHZ']",2019-01-20T21:10:25.740000Z,14.14
1442,20190120T211025Z,1J.TI1A.,"['CH1', 'CH2', 'CHZ']",2019-01-20T21:10:25.740000Z,14.14
1443,20190120T211057Z,1J.TI4A.,"['CH1', 'CH2', 'CHZ']",2019-01-20T21:10:57.730000Z,14.14
1444,20190120T211057Z,1J.TI3A.,"['CH1', 'CH2', 'CHZ']",2019-01-20T21:10:57.730000Z,14.14
1445,20190120T211057Z,1J.TI1A.,"['CH1', 'CH2', 'CHZ']",2019-01-20T21:10:57.730000Z,14.14
1446,20190120T211125Z,1J.TI4A.,"['CH1', 'CH2', 'CHZ']",2019-01-20T21:11:25.530000Z,14.14
1447,20190120T211125Z,1J.TI3A.,"['CH1', 'CH2', 'CHZ']",2019-01-20T21:11:25.530000Z,14.14
1448,20190120T211125Z,1J.TI1A.,"['CH1', 'CH2', 'CHZ']",2019-01-20T21:11:25.530000Z,14.14
1449,20190120T211139Z,1J.TI4A.,"['CH1', 'CH2', 'CHZ']",2019-01-20T21:11:39.780000Z,14.14
1450,20190120T211139Z,1J.TI3A.,"['CH1', 'CH2', 'CHZ']",2019-01-20T21:11:39.780000Z,14.14
1451,20190120T211139Z,1J.TI1A.,"['CH1', 'CH2', 'CHZ']",2019-01-20T21:11:39.780000Z,14.14
1452,20190120T211159Z,1J.TI3A.,"['CH1', 'CH2', 'CHZ']",2019-01-20T21:11:59.260000Z,27.17
1453,20190120T211159Z,1J.TI8A.,"['CH1', 'CH2', 'CHZ']",2019-01-20T21:11:59.260000Z,27.17
1454,20190120T211159Z,1J.TI6A.,"['CH1', 'CH2', 'CHZ']",2019-01-20T21:11:59.260000Z,27.17
1455,20190120T211159Z,1J.TI1A.,"['CH1', 'CH2', 'CHZ']",2019-01-20T21:11:59.260000Z,27.17
1456,20190120T211210Z,1J.TI4A.,"['CH1', 'CH2', 'CHZ']",2019-01-20T21:12:10.890000Z,14.14
1457,20190120T211210Z,1J.TI3A.,"['CH1', 'CH2', 'CHZ']",2019-01-20T21:12:10.890000Z,14.14
1458,20190120T211210Z,1J.TI1A.,"['CH1', 'CH2', 'CHZ']",2019-01-20T21:12:10.890000Z,14.14
1459,20190120T211327Z,1J.TI4A.,"['CH1', 'CH2', 'CHZ']",2019-01-20T21:13:27.730000Z,14.14
1460,20190120T211327Z,1J.TI3A.,"['CH1', 'CH2', 'CHZ']",2019-01-20T21:13:27.730000Z,14.14
1461,20190120T211327Z,1J.TI1A.,"['CH1', 'CH2', 'CHZ']",2019-01-20T21:13:27.730000Z,14.14
1462,20190120T211347Z,1J.TI4A.,"['CH1', 'CH2', 'CHZ']",2019-01-20T21:13:47.480000Z,14.14
1463,20190120T211347Z,1J.TI3A.,"['CH1', 'CH2', 'CHZ']",2019-01-20T21:13:47.480000Z,14.14
1464,20190120T211347Z,1J.TI1A.,"['CH1', 'CH2', 'CHZ']",2019-01-20T21:13:47.480000Z,14.14
1465,20190120T211433Z,1J.TI3A.,"['CH1', 'CH2', 'CHZ']",2019-01-20T21:14:33.050000Z,27.17
1466,20190120T211433Z,1J.TI8A.,"['CH1', 'CH2', 'CHZ']",2019-01-20T21:14:33.050000Z,27.17
1467,20190120T211433Z,1J.TI6A.,"['CH1', 'CH2', 'CHZ']",2019-01-20T21:14:33.050000Z,27.17
1468,20190120T211433Z,1J.TI1A.,"['CH1', 'CH2', 'CHZ']",2019-01-20T21:14:33.050000Z,27.17
1469,20190120T211457Z,1J.TI4A.,"['CH1', 'CH2', 'CHZ']",2019-01-20T21:14:57.280000Z,14.14
1470,20190120T211457Z,1J.TI3A.,"['CH1', 'CH2', 'CHZ']",2019-01-20T21:14:57.280000Z,14.14
1471,20190120T211457Z,1J.TI1A.,"['CH1', 'CH2', 'CHZ']",2019-01-20T21:14:57.280000Z,14.14
1472,20190120T211615Z,1J.TI3A.,"['CH1', 'CH2', 'CHZ']",2019-01-20T21:16:15.800000Z,27.17
1473,20190120T211615Z,1J.TI8A.,"['CH1', 'CH2', 'CHZ']",2019-01-20T21:16:15.800000Z,27.17
1474,20190120T211615Z,1J.TI6A.,"['CH1', 'CH2', 'CHZ']",2019-01-20T21:16:15.800000Z,27.17
1475,20190120T211615Z,1J.TI1A.,"['CH1', 'CH2', 'CHZ']",2019-01-20T21:16:15.800000Z,27.17
1476,20190120T211630Z,1J.TI4A.,"['CH1', 'CH2', 'CHZ']",2019-01-20T21:16:30.540000Z,14.14
1477,20190120T211630Z,1J.TI3A.,"['CH1', 'CH2', 'CHZ']",2019-01-20T21:16:30.540000Z,14.14
1478,20190120T211630Z,1J.TI1A.,"['CH1', 'CH2', 'CHZ']",2019-01-20T21:16:30.540000Z,14.14
1479,20190120T211640Z,1J.TI4A.,"['CH1', 'CH2', 'CHZ']",2019-01-20T21:16:40.780000Z,14.14
1480,20190120T211640Z,1J.TI3A.,"['CH1', 'CH2', 'CHZ']",2019-01-20T21:16:40.780000Z,14.14
1481,20190120T211640Z,1J.TI1A.,"['CH1', 'CH2', 'CHZ']",2019-01-20T21:16:40.780000Z,14.14
1482,20190120T211651Z,1J.TI4A.,"['CH1', 'CH2', 'CHZ']",2019-01-20T21:16:51.840000Z,14.14
1483,20190120T211651Z,1J.TI3A.,"['CH1', 'CH2', 'CHZ']",2019-01-20T21:16:51.840000Z,14.14
1484,20190120T211651Z,1J.TI1A.,"['CH1', 'CH2', 'CHZ']",2019-01-20T21:16:51.840000Z,14.14
1485,20190120T211712Z,1J.TI4A.,"['CH1', 'CH2', 'CHZ']",2019-01-20T21:17:12.450000Z,14.14
1486,20190120T211712Z,1J.TI3A.,"['CH1', 'CH2', 'CHZ']",2019-01-20T21:17:12.450000Z,14.14
1487,20190120T211712Z,1J.TI1A.,"['CH1', 'CH2', 'CHZ']",2019-01-20T21:17:12.450000Z,14.14
1488,20190120T211758Z,1J.TI3A.,"['CH1', 'CH2', 'CHZ']",2019-01-20T21:17:58.500000Z,27.17
1489,20190120T211758Z,1J.TI8A.,"['CH1', 'CH2', 'CHZ']",2019-01-20T21:17:58.500000Z,27.17
1490,20190120T211758Z,1J.TI6A.,"['CH1', 'CH2', 'CHZ']",2019-01-20T21:17:58.500000Z,27.17
1491,20190120T211758Z,1J.TI1A.,"['CH1', 'CH2', 'CHZ']",2019-01-20T21:17:58.500000Z,27.17
1492,20190120T211840Z,1J.TI4A.,"['CH1', 'CH2', 'CHZ']",2019-01-20T21:18:40.620000Z,14.14
1493,20190120T211840Z,1J.TI3A.,"['CH1', 'CH2', 'CHZ']",2019-01-20T21:18:40.620000Z,14.14
1494,20190120T211840Z,1J.TI1A.,"['CH1', 'CH2', 'CHZ']",2019-01-20T21:18:40.620000Z,14.14
1495,20190120T211856Z,1J.TI4A.,"['CH1', 'CH2', 'CHZ']",2019-01-20T21:18:56.010000Z,14.14
1496,20190120T211856Z,1J.TI3A.,"['CH1', 'CH2', 'CHZ']",2019-01-20T21:18:56.010000Z,14.14
1497,20190120T211856Z,1J.TI1A.,"['CH1', 'CH2', 'CHZ']",2019-01-20T21:18:56.010000Z,14.14
1498,20190120T211912Z,1J.TI4A.,"['CH1', 'CH2', 'CHZ']",2019-01-20T21:19:12.910000Z,24.98
1499,20190120T211912Z,1J.TI3A.,"['CH1', 'CH2', 'CHZ']",2019-01-20T21:19:12.910000Z,24.98
1500,20190120T211912Z,1J.TI8A.,"['CH1', 'CH2', 'CHZ']",2019-01-20T21:19:12.910000Z,24.98
1501,20190120T211912Z,1J.TI6A.,"['CH1', 'CH2', 'CHZ']",2019-01-20T21:19:12.910000Z,24.98
1502,20190120T211912Z,1J.TI1A.,"['CH1', 'CH2', 'CHZ']",2019-01-20T21:19:12.910000Z,24.98
1503,20190120T211944Z,1J.TI3A.,"['CH1', 'CH2', 'CHZ']",2019-01-20T21:19:44.720000Z,27.17
1504,20190120T211944Z,1J.TI8A.,"['CH1', 'CH2', 'CHZ']",2019-01-20T21:19:44.720000Z,27.17
1505,20190120T211944Z,1J.TI6A.,"['CH1', 'CH2', 'CHZ']",2019-01-20T21:19:44.720000Z,27.17
1506,20190120T211944Z,1J.TI1A.,"['CH1', 'CH2', 'CHZ']",2019-01-20T21:19:44.720000Z,27.17
1507,20190120T212036Z,1J.TI4A.,"['CH1', 'CH2', 'CHZ']",2019-01-20T21:20:36.240000Z,14.14
1508,20190120T212036Z,1J.TI3A.,"['CH1', 'CH2', 'CHZ']",2019-01-20T21:20:36.240000Z,14.14
1509,20190120T212036Z,1J.TI1A.,"['CH1', 'CH2', 'CHZ']",2019-01-20T21:20:36.240000Z,14.14
1510,20190120T212056Z,1J.TI4A.,"['CH1', 'CH2', 'CHZ']",2019-01-20T21:20:56.760000Z,14.14
1511,20190120T212056Z,1J.TI3A.,"['CH1', 'CH2', 'CHZ']",2019-01-20T21:20:56.760000Z,14.14
1512,20190120T212056Z,1J.TI1A.,"['CH1', 'CH2', 'CHZ']",2019-01-20T21:20:56.760000Z,14.14
1513,20190120T212120Z,1J.TI4A.,"['CH1', 'CH2', 'CHZ']",2019-01-20T21:21:20.080000Z,14.14
1514,20190120T212120Z,1J.TI3A.,"['CH1', 'CH2', 'CHZ']",2019-01-20T21:21:20.080000Z,14.14
1515,20190120T212120Z,1J.TI1A.,"['CH1', 'CH2', 'CHZ']",2019-01-20T21:21:20.080000Z,14.14
1516,20190120T212153Z,1J.TI3A.,"['CH1', 'CH2', 'CHZ']",2019-01-20T21:21:53.340000Z,27.17
1517,20190120T212153Z,1J.TI8A.,"['CH1', 'CH2', 'CHZ']",2019-01-20T21:21:53.340000Z,27.17
1518,20190120T212153Z,1J.TI6A.,"['CH1', 'CH2', 'CHZ']",2019-01-20T21:21:53.340000Z,27.17
1519,20190120T212153Z,1J.TI1A.,"['CH1', 'CH2', 'CHZ']",2019-01-20T21:21:53.340000Z,27.17
1520,20190120T212428Z,1J.TI3A.,"['CH1', 'CH2', 'CHZ']",2019-01-20T21:24:28.780000Z,23.07
1521,20190120T212428Z,1J.TI8A.,"['CH1', 'CH2', 'CHZ']",2019-01-20T21:24:28.780000Z,23.07
1522,20190120T212428Z,1J.TI6A.,"['CH1', 'CH2', 'CHZ']",2019-01-20T21:24:28.780000Z,23.07
1523,20190120T212428Z,1J.TI1A.,"['CH1', 'CH2', 'CHZ']",2019-01-20T21:24:28.780000Z,23.07
1524,20190120T212443Z,1J.TI4A.,"['CH1', 'CH2', 'CHZ']",2019-01-20T21:24:43.930000Z,14.14
1525,20190120T212443Z,1J.TI3A.,"['CH1', 'CH2', 'CHZ']",2019-01-20T21:24:43.930000Z,14.14
1526,20190120T212443Z,1J.TI1A.,"['CH1', 'CH2', 'CHZ']",2019-01-20T21:24:43.930000Z,14.14
1527,20190120T212541Z,1J.TI3A.,"['CH1', 'CH2', 'CHZ']",2019-01-20T21:25:41.550000Z,27.17
1528,20190120T212541Z,1J.TI8A.,"['CH1', 'CH2', 'CHZ']",2019-01-20T21:25:41.550000Z,27.17
1529,20190120T212541Z,1J.TI6A.,"['CH1', 'CH2', 'CHZ']",2019-01-20T21:25:41.550000Z,27.17
1530,20190120T212541Z,1J.TI1A.,"['CH1', 'CH2', 'CHZ']",2019-01-20T21:25:41.550000Z,27.17
1531,20190120T212620Z,1J.TI4A.,"['CH1', 'CH2', 'CHZ']",2019-01-20T21:26:20.010000Z,14.14
1532,20190120T212620Z,1J.TI3A.,"['CH1', 'CH2', 'CHZ']",2019-01-20T21:26:20.010000Z,14.14
1533,20190120T212620Z,1J.TI1A.,"['CH1', 'CH2', 'CHZ']",2019-01-20T21:26:20.010000Z,14.14
1534,20190120T212638Z,1J.TI4A.,"['CH1', 'CH2', 'CHZ']",2019-01-20T21:26:38.510000Z,14.14
1535,20190120T212638Z,1J.TI3A.,"['CH1', 'CH2', 'CHZ']",2019-01-20T21:26:38.510000Z,14.14
1536,20190120T212638Z,1J.TI1A.,"['CH1', 'CH2', 'CHZ']",2019-01-20T21:26:38.510000Z,14.14
1537,20190120T212658Z,1J.TI4A.,"['CH1', 'CH2', 'CHZ']",2019-01-20T21:26:58.270000Z,14.14
1538,20190120T212658Z,1J.TI3A.,"['CH1', 'CH2', 'CHZ']",2019-01-20T21:26:58.270000Z,14.14
1539,20190120T212658Z,1J.TI1A.,"['CH1', 'CH2', 'CHZ']",2019-01-20T21:26:58.270000Z,14.14
1540,20190120T212748Z,1J.TI4A.,"['CH1', 'CH2', 'CHZ']",2019-01-20T21:27:48.190000Z,14.14
1541,20190120T212748Z,1J.TI3A.,"['CH1', 'CH2', 'CHZ']",2019-01-20T21:27:48.190000Z,14.14
1542,20190120T212748Z,1J.TI1A.,"['CH1', 'CH2', 'CHZ']",2019-01-20T21:27:48.190000Z,14.14
1543,20190120T212907Z,1J.TI4A.,"['CH1', 'CH2', 'CHZ']",2019-01-20T21:29:07.950000Z,14.14
1544,20190120T212907Z,1J.TI3A.,"['CH1', 'CH2', 'CHZ']",2019-01-20T21:29:07.950000Z,14.14
1545,20190120T212907Z,1J.TI1A.,"['CH1', 'CH2', 'CHZ']",2019-01-20T21:29:07.950000Z,14.14
1546,20190120T213001Z,1J.TI4A.,"['CH1', 'CH2', 'CHZ']",2019-01-20T21:30:01.550000Z,14.14
1547,20190120T213001Z,1J.TI3A.,"['CH1', 'CH2', 'CHZ']",2019-01-20T21:30:01.550000Z,14.14
1548,20190120T213001Z,1J.TI1A.,"['CH1', 'CH2', 'CHZ']",2019-01-20T21:30:01.550000Z,14.14
1549,20190120T213023Z,1J.TI4A.,"['CH1', 'CH2', 'CHZ']",2019-01-20T21:30:23.570000Z,14.14
1550,20190120T213023Z,1J.TI3A.,"['CH1', 'CH2', 'CHZ']",2019-01-20T21:30:23.570000Z,14.14
1551,20190120T213023Z,1J.TI1A.,"['CH1', 'CH2', 'CHZ']",2019-01-20T21:30:23.570000Z,14.14
1552,20190120T213114Z,1J.TI4A.,"['CH1', 'CH2', 'CHZ']",2019-01-20T21:31:14.040000Z,14.14
1553,20190120T213114Z,1J.TI3A.,"['CH1', 'CH2', 'CHZ']",2019-01-20T21:31:14.040000Z,14.14
1554,20190120T213114Z,1J.TI1A.,"['CH1', 'CH2', 'CHZ']",2019-01-20T21:31:14.040000Z,14.14
1555,20190120T213157Z,1J.TI4A.,"['CH1', 'CH2', 'CHZ']",2019-01-20T21:31:57.130000Z,14.14
1556,20190120T213157Z,1J.TI3A.,"['CH1', 'CH2', 'CHZ']",2019-01-20T21:31:57.130000Z,14.14
1557,20190120T213157Z,1J.TI1A.,"['CH1', 'CH2', 'CHZ']",2019-01-20T21:31:57.130000Z,14.14
1558,20190120T213208Z,1J.TI4A.,"['CH1', 'CH2', 'CHZ']",2019-01-20T21:32:08.940000Z,14.14
1559,20190120T213208Z,1J.TI3A.,"['CH1', 'CH2', 'CHZ']",2019-01-20T21:32:08.940000Z,14.14
1560,20190120T213208Z,1J.TI1A.,"['CH1', 'CH2', 'CHZ']",2019-01-20T21:32:08.940000Z,14.14
1561,20190120T213257Z,1J.TI4A.,"['CH1', 'CH2', 'CHZ']",2019-01-20T21:32:57.360000Z,14.14
1562,20190120T213257Z,1J.TI3A.,"['CH1', 'CH2', 'CHZ']",2019-01-20T21:32:57.360000Z,14.14
1563,20190120T213257Z,1J.TI1A.,"['CH1', 'CH2', 'CHZ']",2019-01-20T21:32:57.360000Z,14.14
1564,20190120T213311Z,1J.TI4A.,"['CH1', 'CH2', 'CHZ']",2019-01-20T21:33:11.360000Z,14.14
1565,20190120T213311Z,1J.TI3A.,"['CH1', 'CH2', 'CHZ']",2019-01-20T21:33:11.360000Z,14.14
1566,20190120T213311Z,1J.TI1A.,"['CH1', 'CH2', 'CHZ']",2019-01-20T21:33:11.360000Z,14.14
1567,20190120T213348Z,1J.TI4A.,"['CH1', 'CH2', 'CHZ']",2019-01-20T21:33:48.730000Z,14.14
1568,20190120T213348Z,1J.TI3A.,"['CH1', 'CH2', 'CHZ']",2019-01-20T21:33:48.730000Z,14.14
1569,20190120T213348Z,1J.TI1A.,"['CH1', 'CH2', 'CHZ']",2019-01-20T21:33:48.730000Z,14.14
1570,20190120T213358Z,1J.TI3A.,"['CH1', 'CH2', 'CHZ']",2019-01-20T21:33:58.770000Z,27.17
1571,20190120T213358Z,1J.TI8A.,"['CH1', 'CH2', 'CHZ']",2019-01-20T21:33:58.770000Z,27.17
1572,20190120T213358Z,1J.TI6A.,"['CH1', 'CH2', 'CHZ']",2019-01-20T21:33:58.770000Z,27.17
1573,20190120T213358Z,1J.TI1A.,"['CH1', 'CH2', 'CHZ']",2019-01-20T21:33:58.770000Z,27.17
1574,20190120T213418Z,1J.TI4A.,"['CH1', 'CH2', 'CHZ']",2019-01-20T21:34:18.350000Z,14.14
1575,20190120T213418Z,1J.TI3A.,"['CH1', 'CH2', 'CHZ']",2019-01-20T21:34:18.350000Z,14.14
1576,20190120T213418Z,1J.TI1A.,"['CH1', 'CH2', 'CHZ']",2019-01-20T21:34:18.350000Z,14.14
1577,20190120T213433Z,1J.TI4A.,"['CH1', 'CH2', 'CHZ']",2019-01-20T21:34:33.640000Z,14.14
1578,20190120T213433Z,1J.TI3A.,"['CH1', 'CH2', 'CHZ']",2019-01-20T21:34:33.640000Z,14.14
1579,20190120T213433Z,1J.TI1A.,"['CH1', 'CH2', 'CHZ']",2019-01-20T21:34:33.640000Z,14.14
1580,20190120T213514Z,1J.TI3A.,"['CH1', 'CH2', 'CHZ']",2019-01-20T21:35:14.330000Z,17.2
1581,20190120T213514Z,1J.TI6A.,"['CH1', 'CH2', 'CHZ']",2019-01-20T21:35:14.330000Z,17.2
1582,20190120T213514Z,1J.TI7A.,"['CH1', 'CH2', 'CHZ']",2019-01-20T21:35:14.330000Z,17.2
1583,20190120T213537Z,1J.TI4A.,"['CH1', 'CH2', 'CHZ']",2019-01-20T21:35:37.270000Z,14.14
1584,20190120T213537Z,1J.TI3A.,"['CH1', 'CH2', 'CHZ']",2019-01-20T21:35:37.270000Z,14.14
1585,20190120T213537Z,1J.TI1A.,"['CH1', 'CH2', 'CHZ']",2019-01-20T21:35:37.270000Z,14.14
1586,20190120T213610Z,1J.TI4A.,"['CH1', 'CH2', 'CHZ']",2019-01-20T21:36:10.160000Z,14.14
1587,20190120T213610Z,1J.TI3A.,"['CH1', 'CH2', 'CHZ']",2019-01-20T21:36:10.160000Z,14.14
1588,20190120T213610Z,1J.TI1A.,"['CH1', 'CH2', 'CHZ']",2019-01-20T21:36:10.160000Z,14.14
1589,20190120T213705Z,1J.TI4A.,"['CH1', 'CH2', 'CHZ']",2019-01-20T21:37:05.330000Z,14.14
1590,20190120T213705Z,1J.TI3A.,"['CH1', 'CH2', 'CHZ']",2019-01-20T21:37:05.330000Z,14.14
1591,20190120T213705Z,1J.TI1A.,"['CH1', 'CH2', 'CHZ']",2019-01-20T21:37:05.330000Z,14.14
1592,20190120T213742Z,1J.TI4A.,"['CH1', 'CH2', 'CHZ']",2019-01-20T21:37:42.480000Z,14.14
1593,20190120T213742Z,1J.TI3A.,"['CH1', 'CH2', 'CHZ']",2019-01-20T21:37:42.480000Z,14.14
1594,20190120T213742Z,1J.TI1A.,"['CH1', 'CH2', 'CHZ']",2019-01-20T21:37:42.480000Z,14.14
1595,20190120T213755Z,1J.TI4A.,"['CH1', 'CH2', 'CHZ']",2019-01-20T21:37:55.220000Z,14.14
1596,20190120T213755Z,1J.TI3A.,"['CH1', 'CH2', 'CHZ']",2019-01-20T21:37:55.220000Z,14.14
1597,20190120T213755Z,1J.TI1A.,"['CH1', 'CH2', 'CHZ']",2019-01-20T21:37:55.220000Z,14.14
1598,20190120T213815Z,1J.TI4A.,"['CH1', 'CH2', 'CHZ']",2019-01-20T21:38:15.170000Z,14.14
1599,20190120T213815Z,1J.TI3A.,"['CH1', 'CH2', 'CHZ']",2019-01-20T21:38:15.170000Z,14.14
1600,20190120T213815Z,1J.TI1A.,"['CH1', 'CH2', 'CHZ']",2019-01-20T21:38:15.170000Z,14.14
1601,20190120T213833Z,1J.TI3A.,"['CH1', 'CH2', 'CHZ']",2019-01-20T21:38:33.610000Z,27.17
1602,20190120T213833Z,1J.TI8A.,"['CH1', 'CH2', 'CHZ']",2019-01-20T21:38:33.610000Z,27.17
1603,20190120T213833Z,1J.TI6A.,"['CH1', 'CH2', 'CHZ']",2019-01-20T21:38:33.610000Z,27.17
1604,20190120T213833Z,1J.TI1A.,"['CH1', 'CH2', 'CHZ']",2019-01-20T21:38:33.610000Z,27.17
1605,20190120T213902Z,1J.TI4A.,"['CH1', 'CH2', 'CHZ']",2019-01-20T21:39:02.350000Z,14.14
1606,20190120T213902Z,1J.TI3A.,"['CH1', 'CH2', 'CHZ']",2019-01-20T21:39:02.350000Z,14.14
1607,20190120T213902Z,1J.TI1A.,"['CH1', 'CH2', 'CHZ']",2019-01-20T21:39:02.350000Z,14.14
1608,20190120T214017Z,1J.TI3A.,"['CH1', 'CH2', 'CHZ']",2019-01-20T21:40:17.810000Z,27.17
1609,20190120T214017Z,1J.TI8A.,"['CH1', 'CH2', 'CHZ']",2019-01-20T21:40:17.810000Z,27.17
1610,20190120T214017Z,1J.TI6A.,"['CH1', 'CH2', 'CHZ']",2019-01-20T21:40:17.810000Z,27.17
1611,20190120T214017Z,1J.TI1A.,"['CH1', 'CH2', 'CHZ']",2019-01-20T21:40:17.810000Z,27.17
1612,20190120T214030Z,1J.TI4A.,"['CH1', 'CH2', 'CHZ']",2019-01-20T21:40:30.540000Z,14.14
1613,20190120T214030Z,1J.TI3A.,"['CH1', 'CH2', 'CHZ']",2019-01-20T21:40:30.540000Z,14.14
1614,20190120T214030Z,1J.TI1A.,"['CH1', 'CH2', 'CHZ']",2019-01-20T21:40:30.540000Z,14.14
1615,20190120T214046Z,1J.TI3A.,"['CH1', 'CH2', 'CHZ']",2019-01-20T21:40:46.900000Z,27.17
1616,20190120T214046Z,1J.TI8A.,"['CH1', 'CH2', 'CHZ']",2019-01-20T21:40:46.900000Z,27.17
1617,20190120T214046Z,1J.TI6A.,"['CH1', 'CH2', 'CHZ']",2019-01-20T21:40:46.900000Z,27.17
1618,20190120T214046Z,1J.TI1A.,"['CH1', 'CH2', 'CHZ']",2019-01-20T21:40:46.900000Z,27.17
1619,20190120T214123Z,1J.TI4A.,"['CH1', 'CH2', 'CHZ']",2019-01-20T21:41:23.070000Z,14.14
1620,20190120T214123Z,1J.TI3A.,"['CH1', 'CH2', 'CHZ']",2019-01-20T21:41:23.070000Z,14.14
1621,20190120T214123Z,1J.TI1A.,"['CH1', 'CH2', 'CHZ']",2019-01-20T21:41:23.070000Z,14.14
1622,20190120T214133Z,1J.TI4A.,"['CH1', 'CH2', 'CHZ']",2019-01-20T21:41:33.150000Z,14.14
1623,20190120T214133Z,1J.TI3A.,"['CH1', 'CH2', 'CHZ']",2019-01-20T21:41:33.150000Z,14.14
1624,20190120T214133Z,1J.TI1A.,"['CH1', 'CH2', 'CHZ']",2019-01-20T21:41:33.150000Z,14.14
1625,20190120T214150Z,1J.TI4A.,"['CH1', 'CH2', 'CHZ']",2019-01-20T21:41:50.030000Z,14.14
1626,20190120T214150Z,1J.TI3A.,"['CH1', 'CH2', 'CHZ']",2019-01-20T21:41:50.030000Z,14.14
1627,20190120T214150Z,1J.TI1A.,"['CH1', 'CH2', 'CHZ']",2019-01-20T21:41:50.030000Z,14.14
1628,20190120T214216Z,1J.TI4A.,"['CH1', 'CH2', 'CHZ']",2019-01-20T21:42:16.410000Z,14.14
1629,20190120T214216Z,1J.TI3A.,"['CH1', 'CH2', 'CHZ']",2019-01-20T21:42:16.410000Z,14.14
1630,20190120T214216Z,1J.TI1A.,"['CH1', 'CH2', 'CHZ']",2019-01-20T21:42:16.410000Z,14.14
1631,20190120T214240Z,1J.TI3A.,"['CH1', 'CH2', 'CHZ']",2019-01-20T21:42:40.540000Z,27.17
1632,20190120T214240Z,1J.TI8A.,"['CH1', 'CH2', 'CHZ']",2019-01-20T21:42:40.540000Z,27.17
1633,20190120T214240Z,1J.TI6A.,"['CH1', 'CH2', 'CHZ']",2019-01-20T21:42:40.540000Z,27.17
1634,20190120T214240Z,1J.TI1A.,"['CH1', 'CH2', 'CHZ']",2019-01-20T21:42:40.540000Z,27.17
1635,20190120T214251Z,1J.TI4A.,"['CH1', 'CH2', 'CHZ']",2019-01-20T21:42:51.740000Z,14.14
1636,20190120T214251Z,1J.TI3A.,"['CH1', 'CH2', 'CHZ']",2019-01-20T21:42:51.740000Z,14.14
1637,20190120T214251Z,1J.TI1A.,"['CH1', 'CH2', 'CHZ']",2019-01-20T21:42:51.740000Z,14.14
1638,20190120T214339Z,1J.TI4A.,"['CH1', 'CH2', 'CHZ']",2019-01-20T21:43:39.020000Z,14.14
1639,20190120T214339Z,1J.TI3A.,"['CH1', 'CH2', 'CHZ']",2019-01-20T21:43:39.020000Z,14.14
1640,20190120T214339Z,1J.TI1A.,"['CH1', 'CH2', 'CHZ']",2019-01-20T21:43:39.020000Z,14.14
1641,20190120T214410Z,1J.TI4A.,"['CH1', 'CH2', 'CHZ']",2019-01-20T21:44:10.940000Z,14.14
1642,20190120T214410Z,1J.TI3A.,"['CH1', 'CH2', 'CHZ']",2019-01-20T21:44:10.940000Z,14.14
1643,20190120T214410Z,1J.TI1A.,"['CH1', 'CH2', 'CHZ']",2019-01-20T21:44:10.940000Z,14.14
1644,20190120T214429Z,1J.TI4A.,"['CH1', 'CH2', 'CHZ']",2019-01-20T21:44:29.320000Z,14.14
1645,20190120T214429Z,1J.TI3A.,"['CH1', 'CH2', 'CHZ']",2019-01-20T21:44:29.320000Z,14.14
1646,20190120T214429Z,1J.TI1A.,"['CH1', 'CH2', 'CHZ']",2019-01-20T21:44:29.320000Z,14.14
1647,20190120T214536Z,1J.TI4A.,"['CH1', 'CH2', 'CHZ']",2019-01-20T21:45:36.270000Z,14.14
1648,20190120T214536Z,1J.TI3A.,"['CH1', 'CH2', 'CHZ']",2019-01-20T21:45:36.270000Z,14.14
1649,20190120T214536Z,1J.TI1A.,"['CH1', 'CH2', 'CHZ']",2019-01-20T21:45:36.270000Z,14.14
1650,20190120T214548Z,1J.TI3A.,"['CH1', 'CH2', 'CHZ']",2019-01-20T21:45:48.940000Z,27.17
1651,20190120T214548Z,1J.TI8A.,"['CH1', 'CH2', 'CHZ']",2019-01-20T21:45:48.940000Z,27.17
1652,20190120T214548Z,1J.TI6A.,"['CH1', 'CH2', 'CHZ']",2019-01-20T21:45:48.940000Z,27.17
1653,20190120T214548Z,1J.TI1A.,"['CH1', 'CH2', 'CHZ']",2019-01-20T21:45:48.940000Z,27.17
1654,20190120T214624Z,1J.TI4A.,"['CH1', 'CH2', 'CHZ']",2019-01-20T21:46:24.650000Z,14.14
1655,20190120T214624Z,1J.TI3A.,"['CH1', 'CH2', 'CHZ']",2019-01-20T21:46:24.650000Z,14.14
1656,20190120T214624Z,1J.TI1A.,"['CH1', 'CH2', 'CHZ']",2019-01-20T21:46:24.650000Z,14.14
1657,20190120T214653Z,1J.TI4A.,"['CH1', 'CH2', 'CHZ']",2019-01-20T21:46:53.470000Z,14.14
1658,20190120T214653Z,1J.TI3A.,"['CH1', 'CH2', 'CHZ']",2019-01-20T21:46:53.470000Z,14.14
1659,20190120T214653Z,1J.TI1A.,"['CH1', 'CH2', 'CHZ']",2019-01-20T21:46:53.470000Z,14.14
1660,20190120T214705Z,1J.TI4A.,"['CH1', 'CH2', 'CHZ']",2019-01-20T21:47:05.070000Z,14.14
1661,20190120T214705Z,1J.TI3A.,"['CH1', 'CH2', 'CHZ']",2019-01-20T21:47:05.070000Z,14.14
1662,20190120T214705Z,1J.TI1A.,"['CH1', 'CH2', 'CHZ']",2019-01-20T21:47:05.070000Z,14.14
1663,20190120T214735Z,1J.TI4A.,"['CH1', 'CH2', 'CHZ']",2019-01-20T21:47:35.350000Z,14.14
1664,20190120T214735Z,1J.TI3A.,"['CH1', 'CH2', 'CHZ']",2019-01-20T21:47:35.350000Z,14.14
1665,20190120T214735Z,1J.TI1A.,"['CH1', 'CH2', 'CHZ']",2019-01-20T21:47:35.350000Z,14.14
1666,20190120T214822Z,1J.TI4A.,"['CH1', 'CH2', 'CHZ']",2019-01-20T21:48:22.430000Z,14.14
1667,20190120T214822Z,1J.TI3A.,"['CH1', 'CH2', 'CHZ']",2019-01-20T21:48:22.430000Z,14.14
1668,20190120T214822Z,1J.TI1A.,"['CH1', 'CH2', 'CHZ']",2019-01-20T21:48:22.430000Z,14.14
1669,20190120T214850Z,1J.TI4A.,"['CH1', 'CH2', 'CHZ']",2019-01-20T21:48:50.230000Z,14.14
1670,20190120T214850Z,1J.TI3A.,"['CH1', 'CH2', 'CHZ']",2019-01-20T21:48:50.230000Z,14.14
1671,20190120T214850Z,1J.TI1A.,"['CH1', 'CH2', 'CHZ']",2019-01-20T21:48:50.230000Z,14.14
1672,20190120T214915Z,1J.TI3A.,"['CH1', 'CH2', 'CHZ']",2019-01-20T21:49:15.850000Z,27.17
1673,20190120T214915Z,1J.TI8A.,"['CH1', 'CH2', 'CHZ']",2019-01-20T21:49:15.850000Z,27.17
1674,20190120T214915Z,1J.TI6A.,"['CH1', 'CH2', 'CHZ']",2019-01-20T21:49:15.850000Z,27.17
1675,20190120T214915Z,1J.TI1A.,"['CH1', 'CH2', 'CHZ']",2019-01-20T21:49:15.850000Z,27.17
1676,20190120T214930Z,1J.TI4A.,"['CH1', 'CH2', 'CHZ']",2019-01-20T21:49:30.120000Z,14.14
1677,20190120T214930Z,1J.TI3A.,"['CH1', 'CH2', 'CHZ']",2019-01-20T21:49:30.120000Z,14.14
1678,20190120T214930Z,1J.TI1A.,"['CH1', 'CH2', 'CHZ']",2019-01-20T21:49:30.120000Z,14.14
1679,20190120T214942Z,1J.TI4A.,"['CH1', 'CH2', 'CHZ']",2019-01-20T21:49:42.690000Z,14.14
1680,20190120T214942Z,1J.TI3A.,"['CH1', 'CH2', 'CHZ']",2019-01-20T21:49:42.690000Z,14.14
1681,20190120T214942Z,1J.TI1A.,"['CH1', 'CH2', 'CHZ']",2019-01-20T21:49:42.690000Z,14.14
1682,20190120T214955Z,1J.TI4A.,"['CH1', 'CH2', 'CHZ']",2019-01-20T21:49:55.060000Z,14.14
1683,20190120T214955Z,1J.TI3A.,"['CH1', 'CH2', 'CHZ']",2019-01-20T21:49:55.060000Z,14.14
1684,20190120T214955Z,1J.TI1A.,"['CH1', 'CH2', 'CHZ']",2019-01-20T21:49:55.060000Z,14.14
1685,20190120T215009Z,1J.TI3A.,"['CH1', 'CH2', 'CHZ']",2019-01-20T21:50:09.770000Z,27.17
1686,20190120T215009Z,1J.TI8A.,"['CH1', 'CH2', 'CHZ']",2019-01-20T21:50:09.770000Z,27.17
1687,20190120T215009Z,1J.TI6A.,"['CH1', 'CH2', 'CHZ']",2019-01-20T21:50:09.770000Z,27.17
1688,20190120T215009Z,1J.TI1A.,"['CH1', 'CH2', 'CHZ']",2019-01-20T21:50:09.770000Z,27.17
1689,20190120T215029Z,1J.TI4A.,"['CH1', 'CH2', 'CHZ']",2019-01-20T21:50:29.170000Z,14.14
1690,20190120T215029Z,1J.TI3A.,"['CH1', 'CH2', 'CHZ']",2019-01-20T21:50:29.170000Z,14.14
1691,20190120T215029Z,1J.TI1A.,"['CH1', 'CH2', 'CHZ']",2019-01-20T21:50:29.170000Z,14.14
1692,20190120T215100Z,1J.TI4A.,"['CH1', 'CH2', 'CHZ']",2019-01-20T21:51:00.800000Z,14.14
1693,20190120T215100Z,1J.TI3A.,"['CH1', 'CH2', 'CHZ']",2019-01-20T21:51:00.800000Z,14.14
1694,20190120T215100Z,1J.TI1A.,"['CH1', 'CH2', 'CHZ']",2019-01-20T21:51:00.800000Z,14.14
1695,20190120T215146Z,1J.TI4A.,"['CH1', 'CH2', 'CHZ']",2019-01-20T21:51:46.590000Z,14.14
1696,20190120T215146Z,1J.TI3A.,"['CH1', 'CH2', 'CHZ']",2019-01-20T21:51:46.590000Z,14.14
1697,20190120T215146Z,1J.TI1A.,"['CH1', 'CH2', 'CHZ']",2019-01-20T21:51:46.590000Z,14.14
1698,20190120T215206Z,1J.TI4A.,"['CH1', 'CH2', 'CHZ']",2019-01-20T21:52:06.380000Z,14.14
1699,20190120T215206Z,1J.TI3A.,"['CH1', 'CH2', 'CHZ']",2019-01-20T21:52:06.380000Z,14.14
1700,20190120T215206Z,1J.TI1A.,"['CH1', 'CH2', 'CHZ']",2019-01-20T21:52:06.380000Z,14.14
1701,20190120T215328Z,1J.TI4A.,"['CH1', 'CH2', 'CHZ']",2019-01-20T21:53:28.600000Z,14.14
1702,20190120T215328Z,1J.TI3A.,"['CH1', 'CH2', 'CHZ']",2019-01-20T21:53:28.600000Z,14.14
1703,20190120T215328Z,1J.TI1A.,"['CH1', 'CH2', 'CHZ']",2019-01-20T21:53:28.600000Z,14.14
1704,20190120T215409Z,1J.TI4A.,"['CH1', 'CH2', 'CHZ']",2019-01-20T21:54:09.370000Z,14.14
1705,20190120T215409Z,1J.TI3A.,"['CH1', 'CH2', 'CHZ']",2019-01-20T21:54:09.370000Z,14.14
1706,20190120T215409Z,1J.TI1A.,"['CH1', 'CH2', 'CHZ']",2019-01-20T21:54:09.370000Z,14.14
1707,20190120T215438Z,1J.TI4A.,"['CH1', 'CH2', 'CHZ']",2019-01-20T21:54:38.430000Z,14.14
1708,20190120T215438Z,1J.TI3A.,"['CH1', 'CH2', 'CHZ']",2019-01-20T21:54:38.430000Z,14.14
1709,20190120T215438Z,1J.TI1A.,"['CH1', 'CH2', 'CHZ']",2019-01-20T21:54:38.430000Z,14.14
1710,20190120T215507Z,1J.TI4A.,"['CH1', 'CH2', 'CHZ']",2019-01-20T21:55:07.000000Z,24.98
1711,20190120T215507Z,1J.TI3A.,"['CH1', 'CH2', 'CHZ']",2019-01-20T21:55:07.000000Z,24.98
1712,20190120T215507Z,1J.TI8A.,"['CH1', 'CH2', 'CHZ']",2019-01-20T21:55:07.000000Z,24.98
1713,20190120T215507Z,1J.TI6A.,"['CH1', 'CH2', 'CHZ']",2019-01-20T21:55:07.000000Z,24.98
1714,20190120T215507Z,1J.TI1A.,"['CH1', 'CH2', 'CHZ']",2019-01-20T21:55:07.000000Z,24.98
1715,20190120T215521Z,1J.TI4A.,"['CH1', 'CH2', 'CHZ']",2019-01-20T21:55:21.620000Z,14.14
1716,20190120T215521Z,1J.TI3A.,"['CH1', 'CH2', 'CHZ']",2019-01-20T21:55:21.620000Z,14.14
1717,20190120T215521Z,1J.TI1A.,"['CH1', 'CH2', 'CHZ']",2019-01-20T21:55:21.620000Z,14.14
1718,20190120T215536Z,1J.TI3A.,"['CH1', 'CH2', 'CHZ']",2019-01-20T21:55:36.900000Z,27.17
1719,20190120T215536Z,1J.TI8A.,"['CH1', 'CH2', 'CHZ']",2019-01-20T21:55:36.900000Z,27.17
1720,20190120T215536Z,1J.TI6A.,"['CH1', 'CH2', 'CHZ']",2019-01-20T21:55:36.900000Z,27.17
1721,20190120T215536Z,1J.TI1A.,"['CH1', 'CH2', 'CHZ']",2019-01-20T21:55:36.900000Z,27.17
1722,20190120T215606Z,1J.TI4A.,"['CH1', 'CH2', 'CHZ']",2019-01-20T21:56:06.420000Z,14.14
1723,20190120T215606Z,1J.TI3A.,"['CH1', 'CH2', 'CHZ']",2019-01-20T21:56:06.420000Z,14.14
1724,20190120T215606Z,1J.TI1A.,"['CH1', 'CH2', 'CHZ']",2019-01-20T21:56:06.420000Z,14.14
1725,20190120T215628Z,1J.TI4A.,"['CH1', 'CH2', 'CHZ']",2019-01-20T21:56:28.400000Z,14.14
1726,20190120T215628Z,1J.TI3A.,"['CH1', 'CH2', 'CHZ']",2019-01-20T21:56:28.400000Z,14.14
1727,20190120T215628Z,1J.TI1A.,"['CH1', 'CH2', 'CHZ']",2019-01-20T21:56:28.400000Z,14.14
1728,20190120T215759Z,1J.TI4A.,"['CH1', 'CH2', 'CHZ']",2019-01-20T21:57:59.090000Z,14.14
1729,20190120T215759Z,1J.TI3A.,"['CH1', 'CH2', 'CHZ']",2019-01-20T21:57:59.090000Z,14.14
1730,20190120T215759Z,1J.TI1A.,"['CH1', 'CH2', 'CHZ']",2019-01-20T21:57:59.090000Z,14.14
1731,20190120T215848Z,1J.TI4A.,"['CH1', 'CH2', 'CHZ']",2019-01-20T21:58:48.770000Z,14.14
1732,20190120T215848Z,1J.TI3A.,"['CH1', 'CH2', 'CHZ']",2019-01-20T21:58:48.770000Z,14.14
1733,20190120T215848Z,1J.TI1A.,"['CH1', 'CH2', 'CHZ']",2019-01-20T21:58:48.770000Z,14.14
1734,20190120T215901Z,1J.TI4A.,"['CH1', 'CH2', 'CHZ']",2019-01-20T21:59:01.050000Z,14.14
1735,20190120T215901Z,1J.TI3A.,"['CH1', 'CH2', 'CHZ']",2019-01-20T21:59:01.050000Z,14.14
1736,20190120T215901Z,1J.TI1A.,"['CH1', 'CH2', 'CHZ']",2019-01-20T21:59:01.050000Z,14.14
1737,20190120T220000Z,1J.TI4A.,"['CH1', 'CH2', 'CHZ']",2019-01-20T22:00:00.560000Z,14.14
1738,20190120T220000Z,1J.TI3A.,"['CH1', 'CH2', 'CHZ']",2019-01-20T22:00:00.560000Z,14.14
1739,20190120T220000Z,1J.TI1A.,"['CH1', 'CH2', 'CHZ']",2019-01-20T22:00:00.560000Z,14.14
1740,20190120T220019Z,1J.TI4A.,"['CH1', 'CH2', 'CHZ']",2019-01-20T22:00:19.230000Z,14.14
1741,20190120T220019Z,1J.TI3A.,"['CH1', 'CH2', 'CHZ']",2019-01-20T22:00:19.230000Z,14.14
1742,20190120T220019Z,1J.TI1A.,"['CH1', 'CH2', 'CHZ']",2019-01-20T22:00:19.230000Z,14.14
1743,20190120T220055Z,1J.TI4A.,"['CH1', 'CH2', 'CHZ']",2019-01-20T22:00:55.930000Z,14.14
1744,20190120T220055Z,1J.TI3A.,"['CH1', 'CH2', 'CHZ']",2019-01-20T22:00:55.930000Z,14.14
1745,20190120T220055Z,1J.TI1A.,"['CH1', 'CH2', 'CHZ']",2019-01-20T22:00:55.930000Z,14.14
1746,20190120T220135Z,1J.TI4A.,"['CH1', 'CH2', 'CHZ']",2019-01-20T22:01:35.310000Z,55.77
1747,20190120T220135Z,1J.TI3A.,"['CH1', 'CH2', 'CHZ']",2019-01-20T22:01:35.310000Z,55.77
1748,20190120T220135Z,1J.TI8A.,"['CH1', 'CH2', 'CHZ']",2019-01-20T22:01:35.310000Z,55.77
1749,20190120T220135Z,1J.TI6A.,"['CH1', 'CH2', 'CHZ']",2019-01-20T22:01:35.310000Z,55.77
1750,20190120T220135Z,1J.TI1A.,"['CH1', 'CH2', 'CHZ']",2019-01-20T22:01:35.310000Z,55.77
1751,20190120T220156Z,1J.TI4A.,"['CH1', 'CH2', 'CHZ']",2019-01-20T22:01:56.360000Z,14.14
1752,20190120T220156Z,1J.TI3A.,"['CH1', 'CH2', 'CHZ']",2019-01-20T22:01:56.360000Z,14.14
1753,20190120T220156Z,1J.TI1A.,"['CH1', 'CH2', 'CHZ']",2019-01-20T22:01:56.360000Z,14.14
1754,20190120T220234Z,1J.TI4A.,"['CH1', 'CH2', 'CHZ']",2019-01-20T22:02:34.320000Z,14.14
1755,20190120T220234Z,1J.TI3A.,"['CH1', 'CH2', 'CHZ']",2019-01-20T22:02:34.320000Z,14.14
1756,20190120T220234Z,1J.TI1A.,"['CH1', 'CH2', 'CHZ']",2019-01-20T22:02:34.320000Z,14.14
1757,20190120T220403Z,1J.TI4A.,"['CH1', 'CH2', 'CHZ']",2019-01-20T22:04:03.820000Z,14.14
1758,20190120T220403Z,1J.TI3A.,"['CH1', 'CH2', 'CHZ']",2019-01-20T22:04:03.820000Z,14.14
1759,20190120T220403Z,1J.TI1A.,"['CH1', 'CH2', 'CHZ']",2019-01-20T22:04:03.820000Z,14.14
1760,20190120T220552Z,1J.TI3A.,"['CH1', 'CH2', 'CHZ']",2019-01-20T22:05:52.630000Z,27.17
1761,20190120T220552Z,1J.TI8A.,"['CH1', 'CH2', 'CHZ']",2019-01-20T22:05:52.630000Z,27.17
1762,20190120T220552Z,1J.TI6A.,"['CH1', 'CH2', 'CHZ']",2019-01-20T22:05:52.630000Z,27.17
1763,20190120T220552Z,1J.TI1A.,"['CH1', 'CH2', 'CHZ']",2019-01-20T22:05:52.630000Z,27.17
1764,20190120T220603Z,1J.TI3A.,"['CH1', 'CH2', 'CHZ']",2019-01-20T22:06:03.360000Z,27.17
1765,20190120T220603Z,1J.TI8A.,"['CH1', 'CH2', 'CHZ']",2019-01-20T22:06:03.360000Z,27.17
1766,20190120T220603Z,1J.TI6A.,"['CH1', 'CH2', 'CHZ']",2019-01-20T22:06:03.360000Z,27.17
1767,20190120T220603Z,1J.TI1A.,"['CH1', 'CH2', 'CHZ']",2019-01-20T22:06:03.360000Z,27.17
1768,20190120T220627Z,1J.TI4A.,"['CH1', 'CH2', 'CHZ']",2019-01-20T22:06:27.180000Z,14.14
1769,20190120T220627Z,1J.TI3A.,"['CH1', 'CH2', 'CHZ']",2019-01-20T22:06:27.180000Z,14.14
1770,20190120T220627Z,1J.TI1A.,"['CH1', 'CH2', 'CHZ']",2019-01-20T22:06:27.180000Z,14.14
1771,20190120T220638Z,1J.TI4A.,"['CH1', 'CH2', 'CHZ']",2019-01-20T22:06:38.540000Z,14.14
1772,20190120T220638Z,1J.TI3A.,"['CH1', 'CH2', 'CHZ']",2019-01-20T22:06:38.540000Z,14.14
1773,20190120T220638Z,1J.TI1A.,"['CH1', 'CH2', 'CHZ']",2019-01-20T22:06:38.540000Z,14.14
1774,20190120T220807Z,1J.TI4A.,"['CH1', 'CH2', 'CHZ']",2019-01-20T22:08:07.680000Z,14.14
1775,20190120T220807Z,1J.TI3A.,"['CH1', 'CH2', 'CHZ']",2019-01-20T22:08:07.680000Z,14.14
1776,20190120T220807Z,1J.TI1A.,"['CH1', 'CH2', 'CHZ']",2019-01-20T22:08:07.680000Z,14.14
1777,20190120T220834Z,1J.TI4A.,"['CH1', 'CH2', 'CHZ']",2019-01-20T22:08:34.920000Z,14.14
1778,20190120T220834Z,1J.TI3A.,"['CH1', 'CH2', 'CHZ']",2019-01-20T22:08:34.920000Z,14.14
1779,20190120T220834Z,1J.TI1A.,"['CH1', 'CH2', 'CHZ']",2019-01-20T22:08:34.920000Z,14.14
1780,20190120T220855Z,1J.TI4A.,"['CH1', 'CH2', 'CHZ']",2019-01-20T22:08:55.920000Z,24.48
1781,20190120T220855Z,1J.TI3A.,"['CH1', 'CH2', 'CHZ']",2019-01-20T22:08:55.920000Z,24.48
1782,20190120T220855Z,1J.TI8A.,"['CH1', 'CH2', 'CHZ']",2019-01-20T22:08:55.920000Z,24.48
1783,20190120T220855Z,1J.TI6A.,"['CH1', 'CH2', 'CHZ']",2019-01-20T22:08:55.920000Z,24.48
1784,20190120T220919Z,1J.TI4A.,"['CH1', 'CH2', 'CHZ']",2019-01-20T22:09:19.920000Z,55.77
1785,20190120T220919Z,1J.TI3A.,"['CH1', 'CH2', 'CHZ']",2019-01-20T22:09:19.920000Z,55.77
1786,20190120T220919Z,1J.TI8A.,"['CH1', 'CH2', 'CHZ']",2019-01-20T22:09:19.920000Z,55.77
1787,20190120T220919Z,1J.TI6A.,"['CH1', 'CH2', 'CHZ']",2019-01-20T22:09:19.920000Z,55.77
1788,20190120T220919Z,1J.TI1A.,"['CH1', 'CH2', 'CHZ']",2019-01-20T22:09:19.920000Z,55.77
1789,20190120T220932Z,1J.TI4A.,"['CH1', 'CH2', 'CHZ']",2019-01-20T22:09:32.280000Z,14.14
1790,20190120T220932Z,1J.TI3A.,"['CH1', 'CH2', 'CHZ']",2019-01-20T22:09:32.280000Z,14.14
1791,20190120T220932Z,1J.TI1A.,"['CH1', 'CH2', 'CHZ']",2019-01-20T22:09:32.280000Z,14.14
1792,20190120T221023Z,1J.TI4A.,"['CH1', 'CH2', 'CHZ']",2019-01-20T22:10:23.480000Z,14.14
1793,20190120T221023Z,1J.TI3A.,"['CH1', 'CH2', 'CHZ']",2019-01-20T22:10:23.480000Z,14.14
1794,20190120T221023Z,1J.TI1A.,"['CH1', 'CH2', 'CHZ']",2019-01-20T22:10:23.480000Z,14.14
1795,20190120T221034Z,1J.TI4A.,"['CH1', 'CH2', 'CHZ']",2019-01-20T22:10:34.040000Z,14.14
1796,20190120T221034Z,1J.TI3A.,"['CH1', 'CH2', 'CHZ']",2019-01-20T22:10:34.040000Z,14.14
1797,20190120T221034Z,1J.TI1A.,"['CH1', 'CH2', 'CHZ']",2019-01-20T22:10:34.040000Z,14.14
1798,20190120T221048Z,1J.TI4A.,"['CH1', 'CH2', 'CHZ']",2019-01-20T22:10:48.320000Z,14.14
1799,20190120T221048Z,1J.TI3A.,"['CH1', 'CH2', 'CHZ']",2019-01-20T22:10:48.320000Z,14.14
1800,20190120T221048Z,1J.TI1A.,"['CH1', 'CH2', 'CHZ']",2019-01-20T22:10:48.320000Z,14.14
1801,20190120T221102Z,1J.TI4A.,"['CH1', 'CH2', 'CHZ']",2019-01-20T22:11:02.940000Z,14.14
1802,20190120T221102Z,1J.TI3A.,"['CH1', 'CH2', 'CHZ']",2019-01-20T22:11:02.940000Z,14.14
1803,20190120T221102Z,1J.TI1A.,"['CH1', 'CH2', 'CHZ']",2019-01-20T22:11:02.940000Z,14.14
1804,20190120T221121Z,1J.TI3A.,"['CH1', 'CH2', 'CHZ']",2019-01-20T22:11:21.020000Z,27.17
1805,20190120T221121Z,1J.TI8A.,"['CH1', 'CH2', 'CHZ']",2019-01-20T22:11:21.020000Z,27.17
1806,20190120T221121Z,1J.TI6A.,"['CH1', 'CH2', 'CHZ']",2019-01-20T22:11:21.020000Z,27.17
1807,20190120T221121Z,1J.TI1A.,"['CH1', 'CH2', 'CHZ']",2019-01-20T22:11:21.020000Z,27.17
1808,20190120T221134Z,1J.TI4A.,"['CH1', 'CH2', 'CHZ']",2019-01-20T22:11:34.920000Z,14.14
1809,20190120T221134Z,1J.TI3A.,"['CH1', 'CH2', 'CHZ']",2019-01-20T22:11:34.920000Z,14.14
1810,20190120T221134Z,1J.TI1A.,"['CH1', 'CH2', 'CHZ']",2019-01-20T22:11:34.920000Z,14.14
1811,20190120T221153Z,1J.TI4A.,"['CH1', 'CH2', 'CHZ']",2019-01-20T22:11:53.380000Z,14.14
1812,20190120T221153Z,1J.TI3A.,"['CH1', 'CH2', 'CHZ']",2019-01-20T22:11:53.380000Z,14.14
1813,20190120T221153Z,1J.TI1A.,"['CH1', 'CH2', 'CHZ']",2019-01-20T22:11:53.380000Z,14.14
1814,20190120T221229Z,1J.TI4A.,"['CH1', 'CH2', 'CHZ']",2019-01-20T22:12:29.170000Z,14.14
1815,20190120T221229Z,1J.TI3A.,"['CH1', 'CH2', 'CHZ']",2019-01-20T22:12:29.170000Z,14.14
1816,20190120T221229Z,1J.TI1A.,"['CH1', 'CH2', 'CHZ']",2019-01-20T22:12:29.170000Z,14.14
1817,20190120T221334Z,1J.TI4A.,"['CH1', 'CH2', 'CHZ']",2019-01-20T22:13:34.000000Z,14.14
1818,20190120T221334Z,1J.TI3A.,"['CH1', 'CH2', 'CHZ']",2019-01-20T22:13:34.000000Z,14.14
1819,20190120T221334Z,1J.TI1A.,"['CH1', 'CH2', 'CHZ']",2019-01-20T22:13:34.000000Z,14.14
1820,20190120T221355Z,1J.TI4A.,"['CH1', 'CH2', 'CHZ']",2019-01-20T22:13:55.040000Z,14.14
1821,20190120T221355Z,1J.TI3A.,"['CH1', 'CH2', 'CHZ']",2019-01-20T22:13:55.040000Z,14.14
1822,20190120T221355Z,1J.TI1A.,"['CH1', 'CH2', 'CHZ']",2019-01-20T22:13:55.040000Z,14.14
1823,20190120T221405Z,1J.TI4A.,"['CH1', 'CH2', 'CHZ']",2019-01-20T22:14:05.800000Z,14.14
1824,20190120T221405Z,1J.TI3A.,"['CH1', 'CH2', 'CHZ']",2019-01-20T22:14:05.800000Z,14.14
1825,20190120T221405Z,1J.TI1A.,"['CH1', 'CH2', 'CHZ']",2019-01-20T22:14:05.800000Z,14.14
1826,20190120T221427Z,1J.TI4A.,"['CH1', 'CH2', 'CHZ']",2019-01-20T22:14:27.590000Z,14.14
1827,20190120T221427Z,1J.TI3A.,"['CH1', 'CH2', 'CHZ']",2019-01-20T22:14:27.590000Z,14.14
1828,20190120T221427Z,1J.TI1A.,"['CH1', 'CH2', 'CHZ']",2019-01-20T22:14:27.590000Z,14.14
1829,20190120T221451Z,1J.TI4A.,"['CH1', 'CH2', 'CHZ']",2019-01-20T22:14:51.180000Z,14.14
1830,20190120T221451Z,1J.TI3A.,"['CH1', 'CH2', 'CHZ']",2019-01-20T22:14:51.180000Z,14.14
1831,20190120T221451Z,1J.TI1A.,"['CH1', 'CH2', 'CHZ']",2019-01-20T22:14:51.180000Z,14.14
1832,20190120T221546Z,1J.TI4A.,"['CH1', 'CH2', 'CHZ']",2019-01-20T22:15:46.220000Z,14.14
1833,20190120T221546Z,1J.TI3A.,"['CH1', 'CH2', 'CHZ']",2019-01-20T22:15:46.220000Z,14.14
1834,20190120T221546Z,1J.TI1A.,"['CH1', 'CH2', 'CHZ']",2019-01-20T22:15:46.220000Z,14.14
1835,20190120T221612Z,1J.TI4A.,"['CH1', 'CH2', 'CHZ']",2019-01-20T22:16:12.430000Z,14.14
1836,20190120T221612Z,1J.TI3A.,"['CH1', 'CH2', 'CHZ']",2019-01-20T22:16:12.430000Z,14.14
1837,20190120T221612Z,1J.TI1A.,"['CH1', 'CH2', 'CHZ']",2019-01-20T22:16:12.430000Z,14.14
1838,20190120T221642Z,1J.TI4A.,"['CH1', 'CH2', 'CHZ']",2019-01-20T22:16:42.080000Z,14.14
1839,20190120T221642Z,1J.TI3A.,"['CH1', 'CH2', 'CHZ']",2019-01-20T22:16:42.080000Z,14.14
1840,20190120T221642Z,1J.TI1A.,"['CH1', 'CH2', 'CHZ']",2019-01-20T22:16:42.080000Z,14.14
1841,20190120T221709Z,1J.TI4A.,"['CH1', 'CH2', 'CHZ']",2019-01-20T22:17:09.460000Z,14.14
1842,20190120T221709Z,1J.TI3A.,"['CH1', 'CH2', 'CHZ']",2019-01-20T22:17:09.460000Z,14.14
1843,20190120T221709Z,1J.TI1A.,"['CH1', 'CH2', 'CHZ']",2019-01-20T22:17:09.460000Z,14.14
1844,20190120T221746Z,1J.TI4A.,"['CH1', 'CH2', 'CHZ']",2019-01-20T22:17:46.960000Z,14.14
1845,20190120T221746Z,1J.TI3A.,"['CH1', 'CH2', 'CHZ']",2019-01-20T22:17:46.960000Z,14.14
1846,20190120T221746Z,1J.TI1A.,"['CH1', 'CH2', 'CHZ']",2019-01-20T22:17:46.960000Z,14.14
1847,20190120T221837Z,1J.TI4A.,"['CH1', 'CH2', 'CHZ']",2019-01-20T22:18:37.730000Z,14.14
1848,20190120T221837Z,1J.TI3A.,"['CH1', 'CH2', 'CHZ']",2019-01-20T22:18:37.730000Z,14.14
1849,20190120T221837Z,1J.TI1A.,"['CH1', 'CH2', 'CHZ']",2019-01-20T22:18:37.730000Z,14.14
1850,20190120T221950Z,1J.TI6A.,"['CH1', 'CH2', 'CHZ']",2019-01-20T22:19:50.990000Z,4.22
1851,20190120T222058Z,1J.TI3A.,"['CH1', 'CH2', 'CHZ']",2019-01-20T22:20:58.300000Z,27.17
1852,20190120T222058Z,1J.TI8A.,"['CH1', 'CH2', 'CHZ']",2019-01-20T22:20:58.300000Z,27.17
1853,20190120T222058Z,1J.TI6A.,"['CH1', 'CH2', 'CHZ']",2019-01-20T22:20:58.300000Z,27.17
1854,20190120T222058Z,1J.TI1A.,"['CH1', 'CH2', 'CHZ']",2019-01-20T22:20:58.300000Z,27.17
1855,20190120T222115Z,1J.TI4A.,"['CH1', 'CH2', 'CHZ']",2019-01-20T22:21:15.720000Z,14.14
1856,20190120T222115Z,1J.TI3A.,"['CH1', 'CH2', 'CHZ']",2019-01-20T22:21:15.720000Z,14.14
1857,20190120T222115Z,1J.TI1A.,"['CH1', 'CH2', 'CHZ']",2019-01-20T22:21:15.720000Z,14.14
1858,20190120T222136Z,1J.TI4A.,"['CH1', 'CH2', 'CHZ']",2019-01-20T22:21:36.040000Z,14.14
1859,20190120T222136Z,1J.TI3A.,"['CH1', 'CH2', 'CHZ']",2019-01-20T22:21:36.040000Z,14.14
1860,20190120T222136Z,1J.TI1A.,"['CH1', 'CH2', 'CHZ']",2019-01-20T22:21:36.040000Z,14.14
1861,20190120T222152Z,1J.TI4A.,"['CH1', 'CH2', 'CHZ']",2019-01-20T22:21:52.500000Z,14.14
1862,20190120T222152Z,1J.TI3A.,"['CH1', 'CH2', 'CHZ']",2019-01-20T22:21:52.500000Z,14.14
1863,20190120T222152Z,1J.TI1A.,"['CH1', 'CH2', 'CHZ']",2019-01-20T22:21:52.500000Z,14.14
1864,20190120T222240Z,1J.TI4A.,"['CH1', 'CH2', 'CHZ']",2019-01-20T22:22:40.910000Z,14.14
1865,20190120T222240Z,1J.TI3A.,"['CH1', 'CH2', 'CHZ']",2019-01-20T22:22:40.910000Z,14.14
1866,20190120T222240Z,1J.TI1A.,"['CH1', 'CH2', 'CHZ']",2019-01-20T22:22:40.910000Z,14.14
1867,20190120T222252Z,1J.TI4A.,"['CH1', 'CH2', 'CHZ']",2019-01-20T22:22:52.400000Z,14.14
1868,20190120T222252Z,1J.TI3A.,"['CH1', 'CH2', 'CHZ']",2019-01-20T22:22:52.400000Z,14.14
1869,20190120T222252Z,1J.TI1A.,"['CH1', 'CH2', 'CHZ']",2019-01-20T22:22:52.400000Z,14.14
1870,20190120T222314Z,1J.TI4A.,"['CH1', 'CH2', 'CHZ']",2019-01-20T22:23:14.350000Z,14.14
1871,20190120T222314Z,1J.TI3A.,"['CH1', 'CH2', 'CHZ']",2019-01-20T22:23:14.350000Z,14.14
1872,20190120T222314Z,1J.TI1A.,"['CH1', 'CH2', 'CHZ']",2019-01-20T22:23:14.350000Z,14.14
1873,20190120T222340Z,1J.TI4A.,"['CH1', 'CH2', 'CHZ']",2019-01-20T22:23:40.500000Z,14.14
1874,20190120T222340Z,1J.TI3A.,"['CH1', 'CH2', 'CHZ']",2019-01-20T22:23:40.500000Z,14.14
1875,20190120T222340Z,1J.TI1A.,"['CH1', 'CH2', 'CHZ']",2019-01-20T22:23:40.500000Z,14.14
1876,20190120T222357Z,1J.TI4A.,"['CH1', 'CH2', 'CHZ']",2019-01-20T22:23:57.360000Z,14.14
1877,20190120T222357Z,1J.TI3A.,"['CH1', 'CH2', 'CHZ']",2019-01-20T22:23:57.360000Z,14.14
1878,20190120T222357Z,1J.TI1A.,"['CH1', 'CH2', 'CHZ']",2019-01-20T22:23:57.360000Z,14.14
1879,20190120T222422Z,1J.TI4A.,"['CH1', 'CH2', 'CHZ']",2019-01-20T22:24:22.630000Z,14.14
1880,20190120T222422Z,1J.TI3A.,"['CH1', 'CH2', 'CHZ']",2019-01-20T22:24:22.630000Z,14.14
1881,20190120T222422Z,1J.TI1A.,"['CH1', 'CH2', 'CHZ']",2019-01-20T22:24:22.630000Z,14.14
1882,20190120T222450Z,1J.TI4A.,"['CH1', 'CH2', 'CHZ']",2019-01-20T22:24:50.470000Z,14.14
1883,20190120T222450Z,1J.TI3A.,"['CH1', 'CH2', 'CHZ']",2019-01-20T22:24:50.470000Z,14.14
1884,20190120T222450Z,1J.TI1A.,"['CH1', 'CH2', 'CHZ']",2019-01-20T22:24:50.470000Z,14.14
1885,20190120T222502Z,1J.TI4A.,"['CH1', 'CH2', 'CHZ']",2019-01-20T22:25:02.320000Z,14.14
1886,20190120T222502Z,1J.TI3A.,"['CH1', 'CH2', 'CHZ']",2019-01-20T22:25:02.320000Z,14.14
1887,20190120T222502Z,1J.TI1A.,"['CH1', 'CH2', 'CHZ']",2019-01-20T22:25:02.320000Z,14.14
1888,20190120T222534Z,1J.TI4A.,"['CH1', 'CH2', 'CHZ']",2019-01-20T22:25:34.460000Z,14.14
1889,20190120T222534Z,1J.TI3A.,"['CH1', 'CH2', 'CHZ']",2019-01-20T22:25:34.460000Z,14.14
1890,20190120T222534Z,1J.TI1A.,"['CH1', 'CH2', 'CHZ']",2019-01-20T22:25:34.460000Z,14.14
1891,20190120T222556Z,1J.TI4A.,"['CH1', 'CH2', 'CHZ']",2019-01-20T22:25:56.490000Z,14.14
1892,20190120T222556Z,1J.TI3A.,"['CH1', 'CH2', 'CHZ']",2019-01-20T22:25:56.490000Z,14.14
1893,20190120T222556Z,1J.TI1A.,"['CH1', 'CH2', 'CHZ']",2019-01-20T22:25:56.490000Z,14.14
1894,20190120T222618Z,1J.TI4A.,"['CH1', 'CH2', 'CHZ']",2019-01-20T22:26:18.510000Z,14.14
1895,20190120T222618Z,1J.TI3A.,"['CH1', 'CH2', 'CHZ']",2019-01-20T22:26:18.510000Z,14.14
1896,20190120T222618Z,1J.TI1A.,"['CH1', 'CH2', 'CHZ']",2019-01-20T22:26:18.510000Z,14.14
1897,20190120T222656Z,1J.TI4A.,"['CH1', 'CH2', 'CHZ']",2019-01-20T22:26:56.440000Z,14.14
1898,20190120T222656Z,1J.TI3A.,"['CH1', 'CH2', 'CHZ']",2019-01-20T22:26:56.440000Z,14.14
1899,20190120T222656Z,1J.TI1A.,"['CH1', 'CH2', 'CHZ']",2019-01-20T22:26:56.440000Z,14.14
1900,20190120T222715Z,1J.TI4A.,"['CH1', 'CH2', 'CHZ']",2019-01-20T22:27:15.060000Z,14.14
1901,20190120T222715Z,1J.TI3A.,"['CH1', 'CH2', 'CHZ']",2019-01-20T22:27:15.060000Z,14.14
1902,20190120T222715Z,1J.TI1A.,"['CH1', 'CH2', 'CHZ']",2019-01-20T22:27:15.060000Z,14.14
1903,20190120T222803Z,1J.TI4A.,"['CH1', 'CH2', 'CHZ']",2019-01-20T22:28:03.450000Z,24.48
1904,20190120T222803Z,1J.TI3A.,"['CH1', 'CH2', 'CHZ']",2019-01-20T22:28:03.450000Z,24.48
1905,20190120T222803Z,1J.TI8A.,"['CH1', 'CH2', 'CHZ']",2019-01-20T22:28:03.450000Z,24.48
1906,20190120T222803Z,1J.TI6A.,"['CH1', 'CH2', 'CHZ']",2019-01-20T22:28:03.450000Z,24.48
1907,20190120T222815Z,1J.TI4A.,"['CH1', 'CH2', 'CHZ']",2019-01-20T22:28:15.530000Z,14.14
1908,20190120T222815Z,1J.TI3A.,"['CH1', 'CH2', 'CHZ']",2019-01-20T22:28:15.530000Z,14.14
1909,20190120T222815Z,1J.TI1A.,"['CH1', 'CH2', 'CHZ']",2019-01-20T22:28:15.530000Z,14.14
1910,20190120T222911Z,1J.TI4A.,"['CH1', 'CH2', 'CHZ']",2019-01-20T22:29:11.220000Z,14.14
1911,20190120T222911Z,1J.TI3A.,"['CH1', 'CH2', 'CHZ']",2019-01-20T22:29:11.220000Z,14.14
1912,20190120T222911Z,1J.TI1A.,"['CH1', 'CH2', 'CHZ']",2019-01-20T22:29:11.220000Z,14.14
1913,20190120T222931Z,1J.TI4A.,"['CH1', 'CH2', 'CHZ']",2019-01-20T22:29:31.180000Z,14.14
1914,20190120T222931Z,1J.TI3A.,"['CH1', 'CH2', 'CHZ']",2019-01-20T22:29:31.180000Z,14.14
1915,20190120T222931Z,1J.TI1A.,"['CH1', 'CH2', 'CHZ']",2019-01-20T22:29:31.180000Z,14.14
1916,20190120T223000Z,1J.TI3A.,"['CH1', 'CH2', 'CHZ']",2019-01-20T22:30:00.320000Z,27.17
1917,20190120T223000Z,1J.TI8A.,"['CH1', 'CH2', 'CHZ']",2019-01-20T22:30:00.320000Z,27.17
1918,20190120T223000Z,1J.TI6A.,"['CH1', 'CH2', 'CHZ']",2019-01-20T22:30:00.320000Z,27.17
1919,20190120T223000Z,1J.TI1A.,"['CH1', 'CH2', 'CHZ']",2019-01-20T22:30:00.320000Z,27.17
1920,20190120T223028Z,1J.TI4A.,"['CH1', 'CH2', 'CHZ']",2019-01-20T22:30:28.980000Z,14.14
1921,20190120T223028Z,1J.TI3A.,"['CH1', 'CH2', 'CHZ']",2019-01-20T22:30:28.980000Z,14.14
1922,20190120T223028Z,1J.TI1A.,"['CH1', 'CH2', 'CHZ']",2019-01-20T22:30:28.980000Z,14.14
1923,20190120T223207Z,1J.TI4A.,"['CH1', 'CH2', 'CHZ']",2019-01-20T22:32:07.020000Z,14.14
1924,20190120T223207Z,1J.TI3A.,"['CH1', 'CH2', 'CHZ']",2019-01-20T22:32:07.020000Z,14.14
1925,20190120T223207Z,1J.TI1A.,"['CH1', 'CH2', 'CHZ']",2019-01-20T22:32:07.020000Z,14.14
1926,20190120T223217Z,1J.TI4A.,"['CH1', 'CH2', 'CHZ']",2019-01-20T22:32:17.950000Z,14.14
1927,20190120T223217Z,1J.TI3A.,"['CH1', 'CH2', 'CHZ']",2019-01-20T22:32:17.950000Z,14.14
1928,20190120T223217Z,1J.TI1A.,"['CH1', 'CH2', 'CHZ']",2019-01-20T22:32:17.950000Z,14.14
1929,20190120T223257Z,1J.TI4A.,"['CH1', 'CH2', 'CHZ']",2019-01-20T22:32:57.780000Z,14.14
1930,20190120T223257Z,1J.TI3A.,"['CH1', 'CH2', 'CHZ']",2019-01-20T22:32:57.780000Z,14.14
1931,20190120T223257Z,1J.TI1A.,"['CH1', 'CH2', 'CHZ']",2019-01-20T22:32:57.780000Z,14.14
1932,20190120T223312Z,1J.TI4A.,"['CH1', 'CH2', 'CHZ']",2019-01-20T22:33:12.500000Z,14.14
1933,20190120T223312Z,1J.TI3A.,"['CH1', 'CH2', 'CHZ']",2019-01-20T22:33:12.500000Z,14.14
1934,20190120T223312Z,1J.TI1A.,"['CH1', 'CH2', 'CHZ']",2019-01-20T22:33:12.500000Z,14.14
1935,20190120T223327Z,1J.TI4A.,"['CH1', 'CH2', 'CHZ']",2019-01-20T22:33:27.820000Z,14.14
1936,20190120T223327Z,1J.TI3A.,"['CH1', 'CH2', 'CHZ']",2019-01-20T22:33:27.820000Z,14.14
1937,20190120T223327Z,1J.TI1A.,"['CH1', 'CH2', 'CHZ']",2019-01-20T22:33:27.820000Z,14.14
1938,20190120T223345Z,1J.TI4A.,"['CH1', 'CH2', 'CHZ']",2019-01-20T22:33:45.110000Z,14.14
1939,20190120T223345Z,1J.TI3A.,"['CH1', 'CH2', 'CHZ']",2019-01-20T22:33:45.110000Z,14.14
1940,20190120T223345Z,1J.TI1A.,"['CH1', 'CH2', 'CHZ']",2019-01-20T22:33:45.110000Z,14.14
1941,20190120T223509Z,1J.TI4A.,"['CH1', 'CH2', 'CHZ']",2019-01-20T22:35:09.020000Z,14.14
1942,20190120T223509Z,1J.TI3A.,"['CH1', 'CH2', 'CHZ']",2019-01-20T22:35:09.020000Z,14.14
1943,20190120T223509Z,1J.TI1A.,"['CH1', 'CH2', 'CHZ']",2019-01-20T22:35:09.020000Z,14.14
1944,20190120T223559Z,1J.TI4A.,"['CH1', 'CH2', 'CHZ']",2019-01-20T22:35:59.650000Z,14.14
1945,20190120T223559Z,1J.TI3A.,"['CH1', 'CH2', 'CHZ']",2019-01-20T22:35:59.650000Z,14.14
1946,20190120T223559Z,1J.TI1A.,"['CH1', 'CH2', 'CHZ']",2019-01-20T22:35:59.650000Z,14.14
1947,20190120T223615Z,1J.TI4A.,"['CH1', 'CH2', 'CHZ']",2019-01-20T22:36:15.030000Z,14.14
1948,20190120T223615Z,1J.TI3A.,"['CH1', 'CH2', 'CHZ']",2019-01-20T22:36:15.030000Z,14.14
1949,20190120T223615Z,1J.TI1A.,"['CH1', 'CH2', 'CHZ']",2019-01-20T22:36:15.030000Z,14.14
1950,20190120T223638Z,1J.TI4A.,"['CH1', 'CH2', 'CHZ']",2019-01-20T22:36:38.330000Z,14.14
1951,20190120T223638Z,1J.TI3A.,"['CH1', 'CH2', 'CHZ']",2019-01-20T22:36:38.330000Z,14.14
1952,20190120T223638Z,1J.TI1A.,"['CH1', 'CH2', 'CHZ']",2019-01-20T22:36:38.330000Z,14.14
1953,20190120T223743Z,1J.TI3A.,"['CH1', 'CH2', 'CHZ']",2019-01-20T22:37:43.680000Z,27.17
1954,20190120T223743Z,1J.TI8A.,"['CH1', 'CH2', 'CHZ']",2019-01-20T22:37:43.680000Z,27.17
1955,20190120T223743Z,1J.TI6A.,"['CH1', 'CH2', 'CHZ']",2019-01-20T22:37:43.680000Z,27.17
1956,20190120T223743Z,1J.TI1A.,"['CH1', 'CH2', 'CHZ']",2019-01-20T22:37:43.680000Z,27.17
1957,20190120T223906Z,1J.TI4A.,"['CH1', 'CH2', 'CHZ']",2019-01-20T22:39:06.360000Z,14.14
1958,20190120T223906Z,1J.TI3A.,"['CH1', 'CH2', 'CHZ']",2019-01-20T22:39:06.360000Z,14.14
1959,20190120T223906Z,1J.TI1A.,"['CH1', 'CH2', 'CHZ']",2019-01-20T22:39:06.360000Z,14.14
1960,20190120T223952Z,1J.TI4A.,"['CH1', 'CH2', 'CHZ']",2019-01-20T22:39:52.690000Z,14.14
1961,20190120T223952Z,1J.TI3A.,"['CH1', 'CH2', 'CHZ']",2019-01-20T22:39:52.690000Z,14.14
1962,20190120T223952Z,1J.TI1A.,"['CH1', 'CH2', 'CHZ']",2019-01-20T22:39:52.690000Z,14.14
1963,20190120T224036Z,1J.TI4A.,"['CH1', 'CH2', 'CHZ']",2019-01-20T22:40:36.990000Z,14.14
1964,20190120T224036Z,1J.TI3A.,"['CH1', 'CH2', 'CHZ']",2019-01-20T22:40:36.990000Z,14.14
1965,20190120T224036Z,1J.TI1A.,"['CH1', 'CH2', 'CHZ']",2019-01-20T22:40:36.990000Z,14.14
1966,20190120T224057Z,1J.TI4A.,"['CH1', 'CH2', 'CHZ']",2019-01-20T22:40:57.430000Z,14.14
1967,20190120T224057Z,1J.TI3A.,"['CH1', 'CH2', 'CHZ']",2019-01-20T22:40:57.430000Z,14.14
1968,20190120T224057Z,1J.TI1A.,"['CH1', 'CH2', 'CHZ']",2019-01-20T22:40:57.430000Z,14.14
1969,20190120T224128Z,1J.TI4A.,"['CH1', 'CH2', 'CHZ']",2019-01-20T22:41:28.420000Z,14.14
1970,20190120T224128Z,1J.TI3A.,"['CH1', 'CH2', 'CHZ']",2019-01-20T22:41:28.420000Z,14.14
1971,20190120T224128Z,1J.TI1A.,"['CH1', 'CH2', 'CHZ']",2019-01-20T22:41:28.420000Z,14.14
1972,20190120T224138Z,1J.TI4A.,"['CH1', 'CH2', 'CHZ']",2019-01-20T22:41:38.660000Z,14.14
1973,20190120T224138Z,1J.TI3A.,"['CH1', 'CH2', 'CHZ']",2019-01-20T22:41:38.660000Z,14.14
1974,20190120T224138Z,1J.TI1A.,"['CH1', 'CH2', 'CHZ']",2019-01-20T22:41:38.660000Z,14.14
1975,20190120T224239Z,1J.TI4A.,"['CH1', 'CH2', 'CHZ']",2019-01-20T22:42:39.990000Z,14.14
1976,20190120T224239Z,1J.TI3A.,"['CH1', 'CH2', 'CHZ']",2019-01-20T22:42:39.990000Z,14.14
1977,20190120T224239Z,1J.TI1A.,"['CH1', 'CH2', 'CHZ']",2019-01-20T22:42:39.990000Z,14.14
1978,20190120T224349Z,1J.TI4A.,"['CH1', 'CH2', 'CHZ']",2019-01-20T22:43:49.610000Z,14.14
1979,20190120T224349Z,1J.TI3A.,"['CH1', 'CH2', 'CHZ']",2019-01-20T22:43:49.610000Z,14.14
1980,20190120T224349Z,1J.TI1A.,"['CH1', 'CH2', 'CHZ']",2019-01-20T22:43:49.610000Z,14.14
1981,20190120T224457Z,1J.TI4A.,"['CH1', 'CH2', 'CHZ']",2019-01-20T22:44:57.140000Z,14.14
1982,20190120T224457Z,1J.TI3A.,"['CH1', 'CH2', 'CHZ']",2019-01-20T22:44:57.140000Z,14.14
1983,20190120T224457Z,1J.TI1A.,"['CH1', 'CH2', 'CHZ']",2019-01-20T22:44:57.140000Z,14.14
1984,20190120T224522Z,1J.TI4A.,"['CH1', 'CH2', 'CHZ']",2019-01-20T22:45:22.130000Z,14.14
1985,20190120T224522Z,1J.TI3A.,"['CH1', 'CH2', 'CHZ']",2019-01-20T22:45:22.130000Z,14.14
1986,20190120T224522Z,1J.TI1A.,"['CH1', 'CH2', 'CHZ']",2019-01-20T22:45:22.130000Z,14.14
1987,20190120T224553Z,1J.TI3A.,"['CH1', 'CH2', 'CHZ']",2019-01-20T22:45:53.060000Z,27.17
1988,20190120T224553Z,1J.TI8A.,"['CH1', 'CH2', 'CHZ']",2019-01-20T22:45:53.060000Z,27.17
1989,20190120T224553Z,1J.TI6A.,"['CH1', 'CH2', 'CHZ']",2019-01-20T22:45:53.060000Z,27.17
1990,20190120T224553Z,1J.TI1A.,"['CH1', 'CH2', 'CHZ']",2019-01-20T22:45:53.060000Z,27.17
1991,20190120T224611Z,1J.TI4A.,"['CH1', 'CH2', 'CHZ']",2019-01-20T22:46:11.830000Z,14.14
1992,20190120T224611Z,1J.TI3A.,"['CH1', 'CH2', 'CHZ']",2019-01-20T22:46:11.830000Z,14.14
1993,20190120T224611Z,1J.TI1A.,"['CH1', 'CH2', 'CHZ']",2019-01-20T22:46:11.830000Z,14.14
1994,20190120T224627Z,1J.TI4A.,"['CH1', 'CH2', 'CHZ']",2019-01-20T22:46:27.070000Z,14.14
1995,20190120T224627Z,1J.TI3A.,"['CH1', 'CH2', 'CHZ']",2019-01-20T22:46:27.070000Z,14.14
1996,20190120T224627Z,1J.TI1A.,"['CH1', 'CH2', 'CHZ']",2019-01-20T22:46:27.070000Z,14.14
1997,20190120T224705Z,1J.TI4A.,"['CH1', 'CH2', 'CHZ']",2019-01-20T22:47:05.110000Z,14.14
1998,20190120T224705Z,1J.TI3A.,"['CH1', 'CH2', 'CHZ']",2019-01-20T22:47:05.110000Z,14.14
1999,20190120T224705Z,1J.TI1A.,"['CH1', 'CH2', 'CHZ']",2019-01-20T22:47:05.110000Z,14.14
2000,20190120T224725Z,1J.TI4A.,"['CH1', 'CH2', 'CHZ']",2019-01-20T22:47:25.290000Z,14.14
2001,20190120T224725Z,1J.TI3A.,"['CH1', 'CH2', 'CHZ']",2019-01-20T22:47:25.290000Z,14.14
2002,20190120T224725Z,1J.TI1A.,"['CH1', 'CH2', 'CHZ']",2019-01-20T22:47:25.290000Z,14.14
2003,20190120T224829Z,1J.TI4A.,"['CH1', 'CH2', 'CHZ']",2019-01-20T22:48:29.290000Z,14.14
2004,20190120T224829Z,1J.TI3A.,"['CH1', 'CH2', 'CHZ']",2019-01-20T22:48:29.290000Z,14.14
2005,20190120T224829Z,1J.TI1A.,"['CH1', 'CH2', 'CHZ']",2019-01-20T22:48:29.290000Z,14.14
2006,20190120T224853Z,1J.TI4A.,"['CH1', 'CH2', 'CHZ']",2019-01-20T22:48:53.310000Z,14.14
2007,20190120T224853Z,1J.TI3A.,"['CH1', 'CH2', 'CHZ']",2019-01-20T22:48:53.310000Z,14.14
2008,20190120T224853Z,1J.TI1A.,"['CH1', 'CH2', 'CHZ']",2019-01-20T22:48:53.310000Z,14.14
2009,20190120T224938Z,1J.TI4A.,"['CH1', 'CH2', 'CHZ']",2019-01-20T22:49:38.020000Z,14.14
2010,20190120T224938Z,1J.TI3A.,"['CH1', 'CH2', 'CHZ']",2019-01-20T22:49:38.020000Z,14.14
2011,20190120T224938Z,1J.TI1A.,"['CH1', 'CH2', 'CHZ']",2019-01-20T22:49:38.020000Z,14.14
2012,20190120T224959Z,1J.TI4A.,"['CH1', 'CH2', 'CHZ']",2019-01-20T22:49:59.520000Z,14.14
2013,20190120T224959Z,1J.TI3A.,"['CH1', 'CH2', 'CHZ']",2019-01-20T22:49:59.520000Z,14.14
2014,20190120T224959Z,1J.TI1A.,"['CH1', 'CH2', 'CHZ']",2019-01-20T22:49:59.520000Z,14.14
2015,20190120T225152Z,1J.TI3A.,"['CH1', 'CH2', 'CHZ']",2019-01-20T22:51:52.110000Z,27.17
2016,20190120T225152Z,1J.TI8A.,"['CH1', 'CH2', 'CHZ']",2019-01-20T22:51:52.110000Z,27.17
2017,20190120T225152Z,1J.TI6A.,"['CH1', 'CH2', 'CHZ']",2019-01-20T22:51:52.110000Z,27.17
2018,20190120T225152Z,1J.TI1A.,"['CH1', 'CH2', 'CHZ']",2019-01-20T22:51:52.110000Z,27.17
2019,20190120T225233Z,1J.TI4A.,"['CH1', 'CH2', 'CHZ']",2019-01-20T22:52:33.880000Z,14.14
2020,20190120T225233Z,1J.TI3A.,"['CH1', 'CH2', 'CHZ']",2019-01-20T22:52:33.880000Z,14.14
2021,20190120T225233Z,1J.TI1A.,"['CH1', 'CH2', 'CHZ']",2019-01-20T22:52:33.880000Z,14.14
2022,20190120T225245Z,1J.TI4A.,"['CH1', 'CH2', 'CHZ']",2019-01-20T22:52:45.040000Z,14.14
2023,20190120T225245Z,1J.TI3A.,"['CH1', 'CH2', 'CHZ']",2019-01-20T22:52:45.040000Z,14.14
2024,20190120T225245Z,1J.TI1A.,"['CH1', 'CH2', 'CHZ']",2019-01-20T22:52:45.040000Z,14.14
2025,20190120T225306Z,1J.TI4A.,"['CH1', 'CH2', 'CHZ']",2019-01-20T22:53:06.270000Z,14.14
2026,20190120T225306Z,1J.TI3A.,"['CH1', 'CH2', 'CHZ']",2019-01-20T22:53:06.270000Z,14.14
2027,20190120T225306Z,1J.TI1A.,"['CH1', 'CH2', 'CHZ']",2019-01-20T22:53:06.270000Z,14.14
2028,20190120T225328Z,1J.TI4A.,"['CH1', 'CH2', 'CHZ']",2019-01-20T22:53:28.720000Z,14.14
2029,20190120T225328Z,1J.TI3A.,"['CH1', 'CH2', 'CHZ']",2019-01-20T22:53:28.720000Z,14.14
2030,20190120T225328Z,1J.TI1A.,"['CH1', 'CH2', 'CHZ']",2019-01-20T22:53:28.720000Z,14.14
2031,20190120T225422Z,1J.TI4A.,"['CH1', 'CH2', 'CHZ']",2019-01-20T22:54:22.980000Z,14.14
2032,20190120T225422Z,1J.TI3A.,"['CH1', 'CH2', 'CHZ']",2019-01-20T22:54:22.980000Z,14.14
2033,20190120T225422Z,1J.TI1A.,"['CH1', 'CH2', 'CHZ']",2019-01-20T22:54:22.980000Z,14.14
2034,20190120T225441Z,1J.TI4A.,"['CH1', 'CH2', 'CHZ']",2019-01-20T22:54:41.270000Z,14.14
2035,20190120T225441Z,1J.TI3A.,"['CH1', 'CH2', 'CHZ']",2019-01-20T22:54:41.270000Z,14.14
2036,20190120T225441Z,1J.TI1A.,"['CH1', 'CH2', 'CHZ']",2019-01-20T22:54:41.270000Z,14.14
2037,20190120T225459Z,1J.TI4A.,"['CH1', 'CH2', 'CHZ']",2019-01-20T22:54:59.210000Z,14.14
2038,20190120T225459Z,1J.TI3A.,"['CH1', 'CH2', 'CHZ']",2019-01-20T22:54:59.210000Z,14.14
2039,20190120T225459Z,1J.TI1A.,"['CH1', 'CH2', 'CHZ']",2019-01-20T22:54:59.210000Z,14.14
2040,20190120T225510Z,1J.TI4A.,"['CH1', 'CH2', 'CHZ']",2019-01-20T22:55:10.990000Z,14.14
2041,20190120T225510Z,1J.TI3A.,"['CH1', 'CH2', 'CHZ']",2019-01-20T22:55:10.990000Z,14.14
2042,20190120T225510Z,1J.TI1A.,"['CH1', 'CH2', 'CHZ']",2019-01-20T22:55:10.990000Z,14.14
2043,20190120T225547Z,1J.TI4A.,"['CH1', 'CH2', 'CHZ']",2019-01-20T22:55:47.380000Z,14.14
2044,20190120T225547Z,1J.TI3A.,"['CH1', 'CH2', 'CHZ']",2019-01-20T22:55:47.380000Z,14.14
2045,20190120T225547Z,1J.TI1A.,"['CH1', 'CH2', 'CHZ']",2019-01-20T22:55:47.380000Z,14.14
2046,20190120T225619Z,1J.TI3A.,"['CH1', 'CH2', 'CHZ']",2019-01-20T22:56:19.620000Z,27.17
2047,20190120T225619Z,1J.TI8A.,"['CH1', 'CH2', 'CHZ']",2019-01-20T22:56:19.620000Z,27.17
2048,20190120T225619Z,1J.TI6A.,"['CH1', 'CH2', 'CHZ']",2019-01-20T22:56:19.620000Z,27.17
2049,20190120T225619Z,1J.TI1A.,"['CH1', 'CH2', 'CHZ']",2019-01-20T22:56:19.620000Z,27.17
2050,20190120T225641Z,1J.TI4A.,"['CH1', 'CH2', 'CHZ']",2019-01-20T22:56:41.830000Z,14.14
2051,20190120T225641Z,1J.TI3A.,"['CH1', 'CH2', 'CHZ']",2019-01-20T22:56:41.830000Z,14.14
2052,20190120T225641Z,1J.TI1A.,"['CH1', 'CH2', 'CHZ']",2019-01-20T22:56:41.830000Z,14.14
2053,20190120T225827Z,1J.TI4A.,"['CH1', 'CH2', 'CHZ']",2019-01-20T22:58:27.080000Z,14.14
2054,20190120T225827Z,1J.TI3A.,"['CH1', 'CH2', 'CHZ']",2019-01-20T22:58:27.080000Z,14.14
2055,20190120T225827Z,1J.TI1A.,"['CH1', 'CH2', 'CHZ']",2019-01-20T22:58:27.080000Z,14.14
2056,20190120T225859Z,1J.TI3A.,"['CH1', 'CH2', 'CHZ']",2019-01-20T22:58:59.930000Z,27.17
2057,20190120T225859Z,1J.TI8A.,"['CH1', 'CH2', 'CHZ']",2019-01-20T22:58:59.930000Z,27.17
2058,20190120T225859Z,1J.TI6A.,"['CH1', 'CH2', 'CHZ']",2019-01-20T22:58:59.930000Z,27.17
2059,20190120T225859Z,1J.TI1A.,"['CH1', 'CH2', 'CHZ']",2019-01-20T22:58:59.930000Z,27.17
2060,20190120T225920Z,1J.TI4A.,"['CH1', 'CH2', 'CHZ']",2019-01-20T22:59:20.120000Z,14.14
2061,20190120T225920Z,1J.TI3A.,"['CH1', 'CH2', 'CHZ']",2019-01-20T22:59:20.120000Z,14.14
2062,20190120T225920Z,1J.TI1A.,"['CH1', 'CH2', 'CHZ']",2019-01-20T22:59:20.120000Z,14.14
2063,20190120T225939Z,1J.TI3A.,"['CH1', 'CH2', 'CHZ']",2019-01-20T22:59:39.400000Z,23.07
2064,20190120T225939Z,1J.TI8A.,"['CH1', 'CH2', 'CHZ']",2019-01-20T22:59:39.400000Z,23.07
2065,20190120T225939Z,1J.TI6A.,"['CH1', 'CH2', 'CHZ']",2019-01-20T22:59:39.400000Z,23.07
2066,20190120T225939Z,1J.TI1A.,"['CH1', 'CH2', 'CHZ']",2019-01-20T22:59:39.400000Z,23.07
2067,20190120T230007Z,1J.TI4A.,"['CH1', 'CH2', 'CHZ']",2019-01-20T23:00:07.980000Z,14.14
2068,20190120T230007Z,1J.TI3A.,"['CH1', 'CH2', 'CHZ']",2019-01-20T23:00:07.980000Z,14.14
2069,20190120T230007Z,1J.TI1A.,"['CH1', 'CH2', 'CHZ']",2019-01-20T23:00:07.980000Z,14.14
2070,20190120T230040Z,1J.TI4A.,"['CH1', 'CH2', 'CHZ']",2019-01-20T23:00:40.450000Z,14.14
2071,20190120T230040Z,1J.TI3A.,"['CH1', 'CH2', 'CHZ']",2019-01-20T23:00:40.450000Z,14.14
2072,20190120T230040Z,1J.TI1A.,"['CH1', 'CH2', 'CHZ']",2019-01-20T23:00:40.450000Z,14.14
2073,20190120T230108Z,1J.TI4A.,"['CH1', 'CH2', 'CHZ']",2019-01-20T23:01:08.950000Z,24.98
2074,20190120T230108Z,1J.TI3A.,"['CH1', 'CH2', 'CHZ']",2019-01-20T23:01:08.950000Z,24.98
2075,20190120T230108Z,1J.TI8A.,"['CH1', 'CH2', 'CHZ']",2019-01-20T23:01:08.950000Z,24.98
2076,20190120T230108Z,1J.TI6A.,"['CH1', 'CH2', 'CHZ']",2019-01-20T23:01:08.950000Z,24.98
2077,20190120T230108Z,1J.TI1A.,"['CH1', 'CH2', 'CHZ']",2019-01-20T23:01:08.950000Z,24.98
2078,20190120T230130Z,1J.TI4A.,"['CH1', 'CH2', 'CHZ']",2019-01-20T23:01:30.000000Z,14.14
2079,20190120T230130Z,1J.TI3A.,"['CH1', 'CH2', 'CHZ']",2019-01-20T23:01:30.000000Z,14.14
2080,20190120T230130Z,1J.TI1A.,"['CH1', 'CH2', 'CHZ']",2019-01-20T23:01:30.000000Z,14.14
2081,20190120T230146Z,1J.TI4A.,"['CH1', 'CH2', 'CHZ']",2019-01-20T23:01:46.410000Z,14.14
2082,20190120T230146Z,1J.TI3A.,"['CH1', 'CH2', 'CHZ']",2019-01-20T23:01:46.410000Z,14.14
2083,20190120T230146Z,1J.TI1A.,"['CH1', 'CH2', 'CHZ']",2019-01-20T23:01:46.410000Z,14.14
2084,20190120T230252Z,1J.TI3A.,"['CH1', 'CH2', 'CHZ']",2019-01-20T23:02:52.280000Z,27.17
2085,20190120T230252Z,1J.TI8A.,"['CH1', 'CH2', 'CHZ']",2019-01-20T23:02:52.280000Z,27.17
2086,20190120T230252Z,1J.TI6A.,"['CH1', 'CH2', 'CHZ']",2019-01-20T23:02:52.280000Z,27.17
2087,20190120T230252Z,1J.TI1A.,"['CH1', 'CH2', 'CHZ']",2019-01-20T23:02:52.280000Z,27.17
2088,20190120T230358Z,1J.TI4A.,"['CH1', 'CH2', 'CHZ']",2019-01-20T23:03:58.540000Z,14.14
2089,20190120T230358Z,1J.TI3A.,"['CH1', 'CH2', 'CHZ']",2019-01-20T23:03:58.540000Z,14.14
2090,20190120T230358Z,1J.TI1A.,"['CH1', 'CH2', 'CHZ']",2019-01-20T23:03:58.540000Z,14.14
2091,20190120T230532Z,1J.TI4A.,"['CH1', 'CH2', 'CHZ']",2019-01-20T23:05:32.520000Z,14.14
2092,20190120T230532Z,1J.TI3A.,"['CH1', 'CH2', 'CHZ']",2019-01-20T23:05:32.520000Z,14.14
2093,20190120T230532Z,1J.TI1A.,"['CH1', 'CH2', 'CHZ']",2019-01-20T23:05:32.520000Z,14.14
2094,20190120T230602Z,1J.TI4A.,"['CH1', 'CH2', 'CHZ']",2019-01-20T23:06:02.740000Z,14.14
2095,20190120T230602Z,1J.TI3A.,"['CH1', 'CH2', 'CHZ']",2019-01-20T23:06:02.740000Z,14.14
2096,20190120T230602Z,1J.TI1A.,"['CH1', 'CH2', 'CHZ']",2019-01-20T23:06:02.740000Z,14.14
2097,20190120T230641Z,1J.TI4A.,"['CH1', 'CH2', 'CHZ']",2019-01-20T23:06:41.360000Z,14.14
2098,20190120T230641Z,1J.TI3A.,"['CH1', 'CH2', 'CHZ']",2019-01-20T23:06:41.360000Z,14.14
2099,20190120T230641Z,1J.TI1A.,"['CH1', 'CH2', 'CHZ']",2019-01-20T23:06:41.360000Z,14.14
2100,20190120T230746Z,1J.TI4A.,"['CH1', 'CH2', 'CHZ']",2019-01-20T23:07:46.510000Z,14.14
2101,20190120T230746Z,1J.TI3A.,"['CH1', 'CH2', 'CHZ']",2019-01-20T23:07:46.510000Z,14.14
2102,20190120T230746Z,1J.TI1A.,"['CH1', 'CH2', 'CHZ']",2019-01-20T23:07:46.510000Z,14.14
2103,20190120T230922Z,1J.TI4A.,"['CH1', 'CH2', 'CHZ']",2019-01-20T23:09:22.910000Z,14.14
2104,20190120T230922Z,1J.TI3A.,"['CH1', 'CH2', 'CHZ']",2019-01-20T23:09:22.910000Z,14.14
2105,20190120T230922Z,1J.TI1A.,"['CH1', 'CH2', 'CHZ']",2019-01-20T23:09:22.910000Z,14.14
2106,20190120T231007Z,1J.TI6A.,"['CH1', 'CH2', 'CHZ']",2019-01-20T23:10:07.150000Z,4.22
2107,20190120T231029Z,1J.TI4A.,"['CH1', 'CH2', 'CHZ']",2019-01-20T23:10:29.270000Z,14.14
2108,20190120T231029Z,1J.TI3A.,"['CH1', 'CH2', 'CHZ']",2019-01-20T23:10:29.270000Z,14.14
2109,20190120T231029Z,1J.TI1A.,"['CH1', 'CH2', 'CHZ']",2019-01-20T23:10:29.270000Z,14.14
2110,20190120T231304Z,1J.TI4A.,"['CH1', 'CH2', 'CHZ']",2019-01-20T23:13:04.700000Z,14.14
2111,20190120T231304Z,1J.TI3A.,"['CH1', 'CH2', 'CHZ']",2019-01-20T23:13:04.700000Z,14.14
2112,20190120T231304Z,1J.TI1A.,"['CH1', 'CH2', 'CHZ']",2019-01-20T23:13:04.700000Z,14.14
2113,20190120T231401Z,1J.TI4A.,"['CH1', 'CH2', 'CHZ']",2019-01-20T23:14:01.140000Z,14.14
2114,20190120T231401Z,1J.TI3A.,"['CH1', 'CH2', 'CHZ']",2019-01-20T23:14:01.140000Z,14.14
2115,20190120T231401Z,1J.TI1A.,"['CH1', 'CH2', 'CHZ']",2019-01-20T23:14:01.140000Z,14.14
2116,20190120T231446Z,1J.TI4A.,"['CH1', 'CH2', 'CHZ']",2019-01-20T23:14:46.730000Z,14.14
2117,20190120T231446Z,1J.TI3A.,"['CH1', 'CH2', 'CHZ']",2019-01-20T23:14:46.730000Z,14.14
2118,20190120T231446Z,1J.TI1A.,"['CH1', 'CH2', 'CHZ']",2019-01-20T23:14:46.730000Z,14.14
2119,20190120T231541Z,1J.TI4A.,"['CH1', 'CH2', 'CHZ']",2019-01-20T23:15:41.190000Z,14.14
2120,20190120T231541Z,1J.TI3A.,"['CH1', 'CH2', 'CHZ']",2019-01-20T23:15:41.190000Z,14.14
2121,20190120T231541Z,1J.TI1A.,"['CH1', 'CH2', 'CHZ']",2019-01-20T23:15:41.190000Z,14.14
2122,20190120T231710Z,1J.TI4A.,"['CH1', 'CH2', 'CHZ']",2019-01-20T23:17:10.260000Z,14.14
2123,20190120T231710Z,1J.TI3A.,"['CH1', 'CH2', 'CHZ']",2019-01-20T23:17:10.260000Z,14.14
2124,20190120T231710Z,1J.TI1A.,"['CH1', 'CH2', 'CHZ']",2019-01-20T23:17:10.260000Z,14.14
2125,20190120T231751Z,1J.TI4A.,"['CH1', 'CH2', 'CHZ']",2019-01-20T23:17:51.130000Z,14.14
2126,20190120T231751Z,1J.TI3A.,"['CH1', 'CH2', 'CHZ']",2019-01-20T23:17:51.130000Z,14.14
2127,20190120T231751Z,1J.TI1A.,"['CH1', 'CH2', 'CHZ']",2019-01-20T23:17:51.130000Z,14.14
2128,20190120T231859Z,1J.TI4A.,"['CH1', 'CH2', 'CHZ']",2019-01-20T23:18:59.300000Z,55.77
2129,20190120T231859Z,1J.TI3A.,"['CH1', 'CH2', 'CHZ']",2019-01-20T23:18:59.300000Z,55.77
2130,20190120T231859Z,1J.TI8A.,"['CH1', 'CH2', 'CHZ']",2019-01-20T23:18:59.300000Z,55.77
2131,20190120T231859Z,1J.TI6A.,"['CH1', 'CH2', 'CHZ']",2019-01-20T23:18:59.300000Z,55.77
2132,20190120T231859Z,1J.TI1A.,"['CH1', 'CH2', 'CHZ']",2019-01-20T23:18:59.300000Z,55.77
2133,20190120T231920Z,1J.TI4A.,"['CH1', 'CH2', 'CHZ']",2019-01-20T23:19:20.490000Z,14.14
2134,20190120T231920Z,1J.TI3A.,"['CH1', 'CH2', 'CHZ']",2019-01-20T23:19:20.490000Z,14.14
2135,20190120T231920Z,1J.TI1A.,"['CH1', 'CH2', 'CHZ']",2019-01-20T23:19:20.490000Z,14.14
2136,20190120T231936Z,1J.TI4A.,"['CH1', 'CH2', 'CHZ']",2019-01-20T23:19:36.800000Z,14.14
2137,20190120T231936Z,1J.TI3A.,"['CH1', 'CH2', 'CHZ']",2019-01-20T23:19:36.800000Z,14.14
2138,20190120T231936Z,1J.TI1A.,"['CH1', 'CH2', 'CHZ']",2019-01-20T23:19:36.800000Z,14.14
2139,20190120T232255Z,1J.TI4A.,"['CH1', 'CH2', 'CHZ']",2019-01-20T23:22:55.400000Z,14.14
2140,20190120T232255Z,1J.TI3A.,"['CH1', 'CH2', 'CHZ']",2019-01-20T23:22:55.400000Z,14.14
2141,20190120T232255Z,1J.TI1A.,"['CH1', 'CH2', 'CHZ']",2019-01-20T23:22:55.400000Z,14.14
2142,20190120T232444Z,1J.TI4A.,"['CH1', 'CH2', 'CHZ']",2019-01-20T23:24:44.950000Z,14.14
2143,20190120T232444Z,1J.TI3A.,"['CH1', 'CH2', 'CHZ']",2019-01-20T23:24:44.950000Z,14.14
2144,20190120T232444Z,1J.TI1A.,"['CH1', 'CH2', 'CHZ']",2019-01-20T23:24:44.950000Z,14.14
2145,20190120T232729Z,1J.TI4A.,"['CH1', 'CH2', 'CHZ']",2019-01-20T23:27:29.460000Z,14.14
2146,20190120T232729Z,1J.TI3A.,"['CH1', 'CH2', 'CHZ']",2019-01-20T23:27:29.460000Z,14.14
2147,20190120T232729Z,1J.TI1A.,"['CH1', 'CH2', 'CHZ']",2019-01-20T23:27:29.460000Z,14.14
2148,20190120T232837Z,1J.TI4A.,"['CH1', 'CH2', 'CHZ']",2019-01-20T23:28:37.140000Z,14.14
2149,20190120T232837Z,1J.TI3A.,"['CH1', 'CH2', 'CHZ']",2019-01-20T23:28:37.140000Z,14.14
2150,20190120T232837Z,1J.TI1A.,"['CH1', 'CH2', 'CHZ']",2019-01-20T23:28:37.140000Z,14.14
2151,20190120T232913Z,1J.TI4A.,"['CH1', 'CH2', 'CHZ']",2019-01-20T23:29:13.910000Z,14.14
2152,20190120T232913Z,1J.TI3A.,"['CH1', 'CH2', 'CHZ']",2019-01-20T23:29:13.910000Z,14.14
2153,20190120T232913Z,1J.TI1A.,"['CH1', 'CH2', 'CHZ']",2019-01-20T23:29:13.910000Z,14.14
2154,20190120T232938Z,1J.TI4A.,"['CH1', 'CH2', 'CHZ']",2019-01-20T23:29:38.010000Z,14.14
2155,20190120T232938Z,1J.TI3A.,"['CH1', 'CH2', 'CHZ']",2019-01-20T23:29:38.010000Z,14.14
2156,20190120T232938Z,1J.TI1A.,"['CH1', 'CH2', 'CHZ']",2019-01-20T23:29:38.010000Z,14.14
2157,20190120T233014Z,1J.TI4A.,"['CH1', 'CH2', 'CHZ']",2019-01-20T23:30:14.040000Z,14.14
2158,20190120T233014Z,1J.TI3A.,"['CH1', 'CH2', 'CHZ']",2019-01-20T23:30:14.040000Z,14.14
2159,20190120T233014Z,1J.TI1A.,"['CH1', 'CH2', 'CHZ']",2019-01-20T23:30:14.040000Z,14.14
2160,20190120T233227Z,1J.TI4A.,"['CH1', 'CH2', 'CHZ']",2019-01-20T23:32:27.680000Z,14.14
2161,20190120T233227Z,1J.TI3A.,"['CH1', 'CH2', 'CHZ']",2019-01-20T23:32:27.680000Z,14.14
2162,20190120T233227Z,1J.TI1A.,"['CH1', 'CH2', 'CHZ']",2019-01-20T23:32:27.680000Z,14.14
2163,20190120T233321Z,1J.TI4A.,"['CH1', 'CH2', 'CHZ']",2019-01-20T23:33:21.710000Z,24.98
2164,20190120T233321Z,1J.TI3A.,"['CH1', 'CH2', 'CHZ']",2019-01-20T23:33:21.710000Z,24.98
2165,20190120T233321Z,1J.TI8A.,"['CH1', 'CH2', 'CHZ']",2019-01-20T23:33:21.710000Z,24.98
2166,20190120T233321Z,1J.TI6A.,"['CH1', 'CH2', 'CHZ']",2019-01-20T23:33:21.710000Z,24.98
2167,20190120T233321Z,1J.TI1A.,"['CH1', 'CH2', 'CHZ']",2019-01-20T23:33:21.710000Z,24.98
2168,20190120T233342Z,1J.TI4A.,"['CH1', 'CH2', 'CHZ']",2019-01-20T23:33:42.160000Z,14.14
2169,20190120T233342Z,1J.TI3A.,"['CH1', 'CH2', 'CHZ']",2019-01-20T23:33:42.160000Z,14.14
2170,20190120T233342Z,1J.TI1A.,"['CH1', 'CH2', 'CHZ']",2019-01-20T23:33:42.160000Z,14.14
2171,20190120T233651Z,1J.TI6A.,"['CH1', 'CH2', 'CHZ']",2019-01-20T23:36:51.160000Z,4.22
2172,20190120T233727Z,1J.TI4A.,"['CH1', 'CH2', 'CHZ']",2019-01-20T23:37:27.380000Z,14.14
2173,20190120T233727Z,1J.TI3A.,"['CH1', 'CH2', 'CHZ']",2019-01-20T23:37:27.380000Z,14.14
2174,20190120T233727Z,1J.TI1A.,"['CH1', 'CH2', 'CHZ']",2019-01-20T23:37:27.380000Z,14.14
2175,20190120T233740Z,1J.TI4A.,"['CH1', 'CH2', 'CHZ']",2019-01-20T23:37:40.740000Z,14.14
2176,20190120T233740Z,1J.TI3A.,"['CH1', 'CH2', 'CHZ']",2019-01-20T23:37:40.740000Z,14.14
2177,20190120T233740Z,1J.TI1A.,"['CH1', 'CH2', 'CHZ']",2019-01-20T23:37:40.740000Z,14.14
2178,20190120T233834Z,1J.TI3A.,"['CH1', 'CH2', 'CHZ']",2019-01-20T23:38:34.280000Z,27.17
2179,20190120T233834Z,1J.TI8A.,"['CH1', 'CH2', 'CHZ']",2019-01-20T23:38:34.280000Z,27.17
2180,20190120T233834Z,1J.TI6A.,"['CH1', 'CH2', 'CHZ']",2019-01-20T23:38:34.280000Z,27.17
2181,20190120T233834Z,1J.TI1A.,"['CH1', 'CH2', 'CHZ']",2019-01-20T23:38:34.280000Z,27.17
2182,20190120T233939Z,1J.TI3A.,"['CH1', 'CH2', 'CHZ']",2019-01-20T23:39:39.900000Z,23.07
2183,20190120T233939Z,1J.TI8A.,"['CH1', 'CH2', 'CHZ']",2019-01-20T23:39:39.900000Z,23.07
2184,20190120T233939Z,1J.TI6A.,"['CH1', 'CH2', 'CHZ']",2019-01-20T23:39:39.900000Z,23.07
2185,20190120T233939Z,1J.TI1A.,"['CH1', 'CH2', 'CHZ']",2019-01-20T23:39:39.900000Z,23.07
2186,20190120T233959Z,1J.TI4A.,"['CH1', 'CH2', 'CHZ']",2019-01-20T23:39:59.250000Z,14.14
2187,20190120T233959Z,1J.TI3A.,"['CH1', 'CH2', 'CHZ']",2019-01-20T23:39:59.250000Z,14.14
2188,20190120T233959Z,1J.TI1A.,"['CH1', 'CH2', 'CHZ']",2019-01-20T23:39:59.250000Z,14.14
2189,20190120T234032Z,1J.TI4A.,"['CH1', 'CH2', 'CHZ']",2019-01-20T23:40:32.020000Z,14.14
2190,20190120T234032Z,1J.TI3A.,"['CH1', 'CH2', 'CHZ']",2019-01-20T23:40:32.020000Z,14.14
2191,20190120T234032Z,1J.TI1A.,"['CH1', 'CH2', 'CHZ']",2019-01-20T23:40:32.020000Z,14.14
2192,20190120T234153Z,1J.TI3A.,"['CH1', 'CH2', 'CHZ']",2019-01-20T23:41:53.710000Z,2.13
2193,20190120T234436Z,1J.TI6A.,"['CH1', 'CH2', 'CHZ']",2019-01-20T23:44:36.550000Z,4.22
2194,20190120T234658Z,1J.TI4A.,"['CH1', 'CH2', 'CHZ']",2019-01-20T23:46:58.480000Z,14.14
2195,20190120T234658Z,1J.TI3A.,"['CH1', 'CH2', 'CHZ']",2019-01-20T23:46:58.480000Z,14.14
2196,20190120T234658Z,1J.TI1A.,"['CH1', 'CH2', 'CHZ']",2019-01-20T23:46:58.480000Z,14.14
2197,20190120T235132Z,1J.TI3A.,"['CH1', 'CH2', 'CHZ']",2019-01-20T23:51:32.310000Z,27.17
2198,20190120T235132Z,1J.TI8A.,"['CH1', 'CH2', 'CHZ']",2019-01-20T23:51:32.310000Z,27.17
2199,20190120T235132Z,1J.TI6A.,"['CH1', 'CH2', 'CHZ']",2019-01-20T23:51:32.310000Z,27.17
2200,20190120T235132Z,1J.TI1A.,"['CH1', 'CH2', 'CHZ']",2019-01-20T23:51:32.310000Z,27.17
2201,20190120T235330Z,1J.TI6A.,"['CH1', 'CH2', 'CHZ']",2019-01-20T23:53:30.080000Z,4.22
2202,20190120T235723Z,1J.TI4A.,"['CH1', 'CH2', 'CHZ']",2019-01-20T23:57:23.120000Z,14.14
2203,20190120T235723Z,1J.TI3A.,"['CH1', 'CH2', 'CHZ']",2019-01-20T23:57:23.120000Z,14.14
2204,20190120T235723Z,1J.TI1A.,"['CH1', 'CH2', 'CHZ']",2019-01-20T23:57:23.120000Z,14.14
