,event_id,station,components,time,duration
0,20190105T000438Z,1J.TI3A.,"['CH1', 'CH2', 'CHZ']",2019-01-05T00:04:38.330000Z,2.13
1,20190105T001556Z,1J.TI3A.,"['CH1', 'CH2', 'CHZ']",2019-01-05T00:15:56.140000Z,2.13
2,20190105T002124Z,1J.TI3A.,"['CH1', 'CH2', 'CHZ']",2019-01-05T00:21:24.640000Z,15.92
3,20190105T002124Z,1J.TI8A.,"['CH1', 'CH2', 'CHZ']",2019-01-05T00:21:24.640000Z,15.92
4,20190105T002227Z,1J.TI4A.,"['CH1', 'CH2', 'CHZ']",2019-01-05T00:22:27.090000Z,14.14
5,20190105T002227Z,1J.TI3A.,"['CH1', 'CH2', 'CHZ']",2019-01-05T00:22:27.090000Z,14.14
6,20190105T002227Z,1J.TI1A.,"['CH1', 'CH2', 'CHZ']",2019-01-05T00:22:27.090000Z,14.14
7,20190105T003701Z,1J.TI3A.,"['CH1', 'CH2', 'CHZ']",2019-01-05T00:37:01.070000Z,2.13
8,20190105T011007Z,1J.TI3A.,"['CH1', 'CH2', 'CHZ']",2019-01-05T01:10:07.140000Z,2.13
9,20190105T011159Z,1J.TI3A.,"['CH1', 'CH2', 'CHZ']",2019-01-05T01:11:59.620000Z,23.07
10,20190105T011159Z,1J.TI8A.,"['CH1', 'CH2', 'CHZ']",2019-01-05T01:11:59.620000Z,23.07
11,20190105T011159Z,1J.TI6A.,"['CH1', 'CH2', 'CHZ']",2019-01-05T01:11:59.620000Z,23.07
12,20190105T011159Z,1J.TI1A.,"['CH1', 'CH2', 'CHZ']",2019-01-05T01:11:59.620000Z,23.07
13,20190105T012813Z,1J.TI3A.,"['CH1', 'CH2', 'CHZ']",2019-01-05T01:28:13.820000Z,20.75
14,20190105T012813Z,1J.TI8A.,"['CH1', 'CH2', 'CHZ']",2019-01-05T01:28:13.820000Z,20.75
15,20190105T012813Z,1J.TI6A.,"['CH1', 'CH2', 'CHZ']",2019-01-05T01:28:13.820000Z,20.75
16,20190105T013036Z,1J.TI3A.,"['CH1', 'CH2', 'CHZ']",2019-01-05T01:30:36.110000Z,27.17
17,20190105T013036Z,1J.TI8A.,"['CH1', 'CH2', 'CHZ']",2019-01-05T01:30:36.110000Z,27.17
18,20190105T013036Z,1J.TI6A.,"['CH1', 'CH2', 'CHZ']",2019-01-05T01:30:36.110000Z,27.17
19,20190105T013036Z,1J.TI1A.,"['CH1', 'CH2', 'CHZ']",2019-01-05T01:30:36.110000Z,27.17
20,20190105T013149Z,1J.TI4A.,"['CH1', 'CH2', 'CHZ']",2019-01-05T01:31:49.300000Z,24.48
21,20190105T013149Z,1J.TI3A.,"['CH1', 'CH2', 'CHZ']",2019-01-05T01:31:49.300000Z,24.48
22,20190105T013149Z,1J.TI8A.,"['CH1', 'CH2', 'CHZ']",2019-01-05T01:31:49.300000Z,24.48
23,20190105T013149Z,1J.TI6A.,"['CH1', 'CH2', 'CHZ']",2019-01-05T01:31:49.300000Z,24.48
24,20190105T013237Z,1J.TI3A.,"['CH1', 'CH2', 'CHZ']",2019-01-05T01:32:37.060000Z,27.17
25,20190105T013237Z,1J.TI8A.,"['CH1', 'CH2', 'CHZ']",2019-01-05T01:32:37.060000Z,27.17
26,20190105T013237Z,1J.TI6A.,"['CH1', 'CH2', 'CHZ']",2019-01-05T01:32:37.060000Z,27.17
27,20190105T013237Z,1J.TI1A.,"['CH1', 'CH2', 'CHZ']",2019-01-05T01:32:37.060000Z,27.17
28,20190105T013911Z,1J.TI3A.,"['CH1', 'CH2', 'CHZ']",2019-01-05T01:39:11.250000Z,2.13
29,20190105T014635Z,1J.TI4A.,"['CH1', 'CH2', 'CHZ']",2019-01-05T01:46:35.980000Z,14.14
30,20190105T014635Z,1J.TI3A.,"['CH1', 'CH2', 'CHZ']",2019-01-05T01:46:35.980000Z,14.14
31,20190105T014635Z,1J.TI1A.,"['CH1', 'CH2', 'CHZ']",2019-01-05T01:46:35.980000Z,14.14
32,20190105T020101Z,1J.TI3A.,"['CH1', 'CH2', 'CHZ']",2019-01-05T02:01:01.670000Z,15.92
33,20190105T020101Z,1J.TI8A.,"['CH1', 'CH2', 'CHZ']",2019-01-05T02:01:01.670000Z,15.92
34,20190105T021945Z,1J.TI4A.,"['CH1', 'CH2', 'CHZ']",2019-01-05T02:19:45.150000Z,14.14
35,20190105T021945Z,1J.TI3A.,"['CH1', 'CH2', 'CHZ']",2019-01-05T02:19:45.150000Z,14.14
36,20190105T021945Z,1J.TI1A.,"['CH1', 'CH2', 'CHZ']",2019-01-05T02:19:45.150000Z,14.14
37,20190105T022028Z,1J.TI3A.,"['CH1', 'CH2', 'CHZ']",2019-01-05T02:20:28.700000Z,27.17
38,20190105T022028Z,1J.TI8A.,"['CH1', 'CH2', 'CHZ']",2019-01-05T02:20:28.700000Z,27.17
39,20190105T022028Z,1J.TI6A.,"['CH1', 'CH2', 'CHZ']",2019-01-05T02:20:28.700000Z,27.17
40,20190105T022028Z,1J.TI1A.,"['CH1', 'CH2', 'CHZ']",2019-01-05T02:20:28.700000Z,27.17
41,20190105T023446Z,1J.TI4A.,"['CH1', 'CH2', 'CHZ']",2019-01-05T02:34:46.130000Z,14.14
42,20190105T023446Z,1J.TI3A.,"['CH1', 'CH2', 'CHZ']",2019-01-05T02:34:46.130000Z,14.14
43,20190105T023446Z,1J.TI1A.,"['CH1', 'CH2', 'CHZ']",2019-01-05T02:34:46.130000Z,14.14
44,20190105T023535Z,1J.TI3A.,"['CH1', 'CH2', 'CHZ']",2019-01-05T02:35:35.200000Z,17.2
45,20190105T023535Z,1J.TI6A.,"['CH1', 'CH2', 'CHZ']",2019-01-05T02:35:35.200000Z,17.2
46,20190105T023535Z,1J.TI7A.,"['CH1', 'CH2', 'CHZ']",2019-01-05T02:35:35.200000Z,17.2
47,20190105T024038Z,1J.TI3A.,"['CH1', 'CH2', 'CHZ']",2019-01-05T02:40:38.630000Z,15.92
48,20190105T024038Z,1J.TI8A.,"['CH1', 'CH2', 'CHZ']",2019-01-05T02:40:38.630000Z,15.92
49,20190105T024508Z,1J.TI3A.,"['CH1', 'CH2', 'CHZ']",2019-01-05T02:45:08.830000Z,2.13
50,20190105T030014Z,1J.TI3A.,"['CH1', 'CH2', 'CHZ']",2019-01-05T03:00:14.460000Z,23.07
51,20190105T030014Z,1J.TI8A.,"['CH1', 'CH2', 'CHZ']",2019-01-05T03:00:14.460000Z,23.07
52,20190105T030014Z,1J.TI6A.,"['CH1', 'CH2', 'CHZ']",2019-01-05T03:00:14.460000Z,23.07
53,20190105T030014Z,1J.TI1A.,"['CH1', 'CH2', 'CHZ']",2019-01-05T03:00:14.460000Z,23.07
54,20190105T030057Z,1J.TI3A.,"['CH1', 'CH2', 'CHZ']",2019-01-05T03:00:57.270000Z,3.78
55,20190105T030319Z,1J.TI3A.,"['CH1', 'CH2', 'CHZ']",2019-01-05T03:03:19.350000Z,2.13
56,20190105T030430Z,1J.TI3A.,"['CH1', 'CH2', 'CHZ']",2019-01-05T03:04:30.200000Z,27.17
57,20190105T030430Z,1J.TI8A.,"['CH1', 'CH2', 'CHZ']",2019-01-05T03:04:30.200000Z,27.17
58,20190105T030430Z,1J.TI6A.,"['CH1', 'CH2', 'CHZ']",2019-01-05T03:04:30.200000Z,27.17
59,20190105T030430Z,1J.TI1A.,"['CH1', 'CH2', 'CHZ']",2019-01-05T03:04:30.200000Z,27.17
60,20190105T030523Z,1J.TI4A.,"['CH1', 'CH2', 'CHZ']",2019-01-05T03:05:23.190000Z,55.77
61,20190105T030523Z,1J.TI3A.,"['CH1', 'CH2', 'CHZ']",2019-01-05T03:05:23.190000Z,55.77
62,20190105T030523Z,1J.TI8A.,"['CH1', 'CH2', 'CHZ']",2019-01-05T03:05:23.190000Z,55.77
63,20190105T030523Z,1J.TI6A.,"['CH1', 'CH2', 'CHZ']",2019-01-05T03:05:23.190000Z,55.77
64,20190105T030523Z,1J.TI1A.,"['CH1', 'CH2', 'CHZ']",2019-01-05T03:05:23.190000Z,55.77
65,20190105T031616Z,1J.TI3A.,"['CH1', 'CH2', 'CHZ']",2019-01-05T03:16:16.940000Z,20.75
66,20190105T031616Z,1J.TI8A.,"['CH1', 'CH2', 'CHZ']",2019-01-05T03:16:16.940000Z,20.75
67,20190105T031616Z,1J.TI6A.,"['CH1', 'CH2', 'CHZ']",2019-01-05T03:16:16.940000Z,20.75
68,20190105T032301Z,1J.TI3A.,"['CH1', 'CH2', 'CHZ']",2019-01-05T03:23:01.990000Z,3.78
69,20190105T034015Z,1J.TI3A.,"['CH1', 'CH2', 'CHZ']",2019-01-05T03:40:15.560000Z,27.17
70,20190105T034015Z,1J.TI8A.,"['CH1', 'CH2', 'CHZ']",2019-01-05T03:40:15.560000Z,27.17
71,20190105T034015Z,1J.TI6A.,"['CH1', 'CH2', 'CHZ']",2019-01-05T03:40:15.560000Z,27.17
72,20190105T034015Z,1J.TI1A.,"['CH1', 'CH2', 'CHZ']",2019-01-05T03:40:15.560000Z,27.17
73,20190105T034254Z,1J.TI3A.,"['CH1', 'CH2', 'CHZ']",2019-01-05T03:42:54.610000Z,23.07
74,20190105T034254Z,1J.TI8A.,"['CH1', 'CH2', 'CHZ']",2019-01-05T03:42:54.610000Z,23.07
75,20190105T034254Z,1J.TI6A.,"['CH1', 'CH2', 'CHZ']",2019-01-05T03:42:54.610000Z,23.07
76,20190105T034254Z,1J.TI1A.,"['CH1', 'CH2', 'CHZ']",2019-01-05T03:42:54.610000Z,23.07
77,20190105T035041Z,1J.TI3A.,"['CH1', 'CH2', 'CHZ']",2019-01-05T03:50:41.690000Z,20.75
78,20190105T035041Z,1J.TI8A.,"['CH1', 'CH2', 'CHZ']",2019-01-05T03:50:41.690000Z,20.75
79,20190105T035041Z,1J.TI6A.,"['CH1', 'CH2', 'CHZ']",2019-01-05T03:50:41.690000Z,20.75
80,20190105T035633Z,1J.TI3A.,"['CH1', 'CH2', 'CHZ']",2019-01-05T03:56:33.730000Z,2.13
81,20190105T035837Z,1J.TI3A.,"['CH1', 'CH2', 'CHZ']",2019-01-05T03:58:37.060000Z,17.2
82,20190105T035837Z,1J.TI6A.,"['CH1', 'CH2', 'CHZ']",2019-01-05T03:58:37.060000Z,17.2
83,20190105T035837Z,1J.TI7A.,"['CH1', 'CH2', 'CHZ']",2019-01-05T03:58:37.060000Z,17.2
84,20190105T040535Z,1J.TI3A.,"['CH1', 'CH2', 'CHZ']",2019-01-05T04:05:35.850000Z,2.13
85,20190105T041124Z,1J.TI4A.,"['CH1', 'CH2', 'CHZ']",2019-01-05T04:11:24.960000Z,24.98
86,20190105T041124Z,1J.TI3A.,"['CH1', 'CH2', 'CHZ']",2019-01-05T04:11:24.960000Z,24.98
87,20190105T041124Z,1J.TI8A.,"['CH1', 'CH2', 'CHZ']",2019-01-05T04:11:24.960000Z,24.98
88,20190105T041124Z,1J.TI6A.,"['CH1', 'CH2', 'CHZ']",2019-01-05T04:11:24.960000Z,24.98
89,20190105T041124Z,1J.TI1A.,"['CH1', 'CH2', 'CHZ']",2019-01-05T04:11:24.960000Z,24.98
90,20190105T041404Z,1J.TI3A.,"['CH1', 'CH2', 'CHZ']",2019-01-05T04:14:04.760000Z,2.13
91,20190105T041820Z,1J.TI4A.,"['CH1', 'CH2', 'CHZ']",2019-01-05T04:18:20.190000Z,14.14
92,20190105T041820Z,1J.TI3A.,"['CH1', 'CH2', 'CHZ']",2019-01-05T04:18:20.190000Z,14.14
93,20190105T041820Z,1J.TI1A.,"['CH1', 'CH2', 'CHZ']",2019-01-05T04:18:20.190000Z,14.14
94,20190105T041926Z,1J.TI4A.,"['CH1', 'CH2', 'CHZ']",2019-01-05T04:19:26.680000Z,24.48
95,20190105T041926Z,1J.TI3A.,"['CH1', 'CH2', 'CHZ']",2019-01-05T04:19:26.680000Z,24.48
96,20190105T041926Z,1J.TI8A.,"['CH1', 'CH2', 'CHZ']",2019-01-05T04:19:26.680000Z,24.48
97,20190105T041926Z,1J.TI6A.,"['CH1', 'CH2', 'CHZ']",2019-01-05T04:19:26.680000Z,24.48
98,20190105T041951Z,1J.TI3A.,"['CH1', 'CH2', 'CHZ']",2019-01-05T04:19:51.330000Z,23.07
99,20190105T041951Z,1J.TI8A.,"['CH1', 'CH2', 'CHZ']",2019-01-05T04:19:51.330000Z,23.07
100,20190105T041951Z,1J.TI6A.,"['CH1', 'CH2', 'CHZ']",2019-01-05T04:19:51.330000Z,23.07
101,20190105T041951Z,1J.TI1A.,"['CH1', 'CH2', 'CHZ']",2019-01-05T04:19:51.330000Z,23.07
102,20190105T042211Z,1J.TI3A.,"['CH1', 'CH2', 'CHZ']",2019-01-05T04:22:11.750000Z,27.17
103,20190105T042211Z,1J.TI8A.,"['CH1', 'CH2', 'CHZ']",2019-01-05T04:22:11.750000Z,27.17
104,20190105T042211Z,1J.TI6A.,"['CH1', 'CH2', 'CHZ']",2019-01-05T04:22:11.750000Z,27.17
105,20190105T042211Z,1J.TI1A.,"['CH1', 'CH2', 'CHZ']",2019-01-05T04:22:11.750000Z,27.17
106,20190105T042704Z,1J.TI3A.,"['CH1', 'CH2', 'CHZ']",2019-01-05T04:27:04.410000Z,27.17
107,20190105T042704Z,1J.TI8A.,"['CH1', 'CH2', 'CHZ']",2019-01-05T04:27:04.410000Z,27.17
108,20190105T042704Z,1J.TI6A.,"['CH1', 'CH2', 'CHZ']",2019-01-05T04:27:04.410000Z,27.17
109,20190105T042704Z,1J.TI1A.,"['CH1', 'CH2', 'CHZ']",2019-01-05T04:27:04.410000Z,27.17
110,20190105T043107Z,1J.TI4A.,"['CH1', 'CH2', 'CHZ']",2019-01-05T04:31:07.050000Z,55.77
111,20190105T043107Z,1J.TI3A.,"['CH1', 'CH2', 'CHZ']",2019-01-05T04:31:07.050000Z,55.77
112,20190105T043107Z,1J.TI8A.,"['CH1', 'CH2', 'CHZ']",2019-01-05T04:31:07.050000Z,55.77
113,20190105T043107Z,1J.TI6A.,"['CH1', 'CH2', 'CHZ']",2019-01-05T04:31:07.050000Z,55.77
114,20190105T043107Z,1J.TI1A.,"['CH1', 'CH2', 'CHZ']",2019-01-05T04:31:07.050000Z,55.77
115,20190105T043809Z,1J.TI3A.,"['CH1', 'CH2', 'CHZ']",2019-01-05T04:38:09.970000Z,23.96
116,20190105T043809Z,1J.TI8A.,"['CH1', 'CH2', 'CHZ']",2019-01-05T04:38:09.970000Z,23.96
117,20190105T044328Z,1J.TI3A.,"['CH1', 'CH2', 'CHZ']",2019-01-05T04:43:28.140000Z,2.13
118,20190105T044819Z,1J.TI4A.,"['CH1', 'CH2', 'CHZ']",2019-01-05T04:48:19.330000Z,14.14
119,20190105T044819Z,1J.TI3A.,"['CH1', 'CH2', 'CHZ']",2019-01-05T04:48:19.330000Z,14.14
120,20190105T044819Z,1J.TI1A.,"['CH1', 'CH2', 'CHZ']",2019-01-05T04:48:19.330000Z,14.14
121,20190105T045906Z,1J.TI3A.,"['CH1', 'CH2', 'CHZ']",2019-01-05T04:59:06.470000Z,20.75
122,20190105T045906Z,1J.TI8A.,"['CH1', 'CH2', 'CHZ']",2019-01-05T04:59:06.470000Z,20.75
123,20190105T045906Z,1J.TI6A.,"['CH1', 'CH2', 'CHZ']",2019-01-05T04:59:06.470000Z,20.75
124,20190105T050145Z,1J.TI3A.,"['CH1', 'CH2', 'CHZ']",2019-01-05T05:01:45.030000Z,27.17
125,20190105T050145Z,1J.TI8A.,"['CH1', 'CH2', 'CHZ']",2019-01-05T05:01:45.030000Z,27.17
126,20190105T050145Z,1J.TI6A.,"['CH1', 'CH2', 'CHZ']",2019-01-05T05:01:45.030000Z,27.17
127,20190105T050145Z,1J.TI1A.,"['CH1', 'CH2', 'CHZ']",2019-01-05T05:01:45.030000Z,27.17
128,20190105T050228Z,1J.TI3A.,"['CH1', 'CH2', 'CHZ']",2019-01-05T05:02:28.250000Z,2.13
129,20190105T052159Z,1J.TI8A.,"['CH1', 'CH2', 'CHZ']",2019-01-05T05:21:59.650000Z,20.43
130,20190105T052651Z,1J.TI3A.,"['CH1', 'CH2', 'CHZ']",2019-01-05T05:26:51.180000Z,23.07
131,20190105T052651Z,1J.TI8A.,"['CH1', 'CH2', 'CHZ']",2019-01-05T05:26:51.180000Z,23.07
132,20190105T052651Z,1J.TI6A.,"['CH1', 'CH2', 'CHZ']",2019-01-05T05:26:51.180000Z,23.07
133,20190105T052651Z,1J.TI1A.,"['CH1', 'CH2', 'CHZ']",2019-01-05T05:26:51.180000Z,23.07
134,20190105T053006Z,1J.TI4A.,"['CH1', 'CH2', 'CHZ']",2019-01-05T05:30:06.380000Z,14.14
135,20190105T053006Z,1J.TI3A.,"['CH1', 'CH2', 'CHZ']",2019-01-05T05:30:06.380000Z,14.14
136,20190105T053006Z,1J.TI1A.,"['CH1', 'CH2', 'CHZ']",2019-01-05T05:30:06.380000Z,14.14
137,20190105T053527Z,1J.TI3A.,"['CH1', 'CH2', 'CHZ']",2019-01-05T05:35:27.960000Z,27.17
138,20190105T053527Z,1J.TI8A.,"['CH1', 'CH2', 'CHZ']",2019-01-05T05:35:27.960000Z,27.17
139,20190105T053527Z,1J.TI6A.,"['CH1', 'CH2', 'CHZ']",2019-01-05T05:35:27.960000Z,27.17
140,20190105T053527Z,1J.TI1A.,"['CH1', 'CH2', 'CHZ']",2019-01-05T05:35:27.960000Z,27.17
141,20190105T053915Z,1J.TI4A.,"['CH1', 'CH2', 'CHZ']",2019-01-05T05:39:15.470000Z,14.14
142,20190105T053915Z,1J.TI3A.,"['CH1', 'CH2', 'CHZ']",2019-01-05T05:39:15.470000Z,14.14
143,20190105T053915Z,1J.TI1A.,"['CH1', 'CH2', 'CHZ']",2019-01-05T05:39:15.470000Z,14.14
144,20190105T053941Z,1J.TI3A.,"['CH1', 'CH2', 'CHZ']",2019-01-05T05:39:41.830000Z,27.17
145,20190105T053941Z,1J.TI8A.,"['CH1', 'CH2', 'CHZ']",2019-01-05T05:39:41.830000Z,27.17
146,20190105T053941Z,1J.TI6A.,"['CH1', 'CH2', 'CHZ']",2019-01-05T05:39:41.830000Z,27.17
147,20190105T053941Z,1J.TI1A.,"['CH1', 'CH2', 'CHZ']",2019-01-05T05:39:41.830000Z,27.17
148,20190105T055617Z,1J.TI3A.,"['CH1', 'CH2', 'CHZ']",2019-01-05T05:56:17.430000Z,2.13
149,20190105T060044Z,1J.TI3A.,"['CH1', 'CH2', 'CHZ']",2019-01-05T06:00:44.600000Z,2.13
150,20190105T060557Z,1J.TI3A.,"['CH1', 'CH2', 'CHZ']",2019-01-05T06:05:57.960000Z,3.78
151,20190105T061851Z,1J.TI3A.,"['CH1', 'CH2', 'CHZ']",2019-01-05T06:18:51.680000Z,2.13
152,20190105T062106Z,1J.TI3A.,"['CH1', 'CH2', 'CHZ']",2019-01-05T06:21:06.680000Z,3.78
153,20190105T063039Z,1J.TI3A.,"['CH1', 'CH2', 'CHZ']",2019-01-05T06:30:39.110000Z,27.17
154,20190105T063039Z,1J.TI8A.,"['CH1', 'CH2', 'CHZ']",2019-01-05T06:30:39.110000Z,27.17
155,20190105T063039Z,1J.TI6A.,"['CH1', 'CH2', 'CHZ']",2019-01-05T06:30:39.110000Z,27.17
156,20190105T063039Z,1J.TI1A.,"['CH1', 'CH2', 'CHZ']",2019-01-05T06:30:39.110000Z,27.17
157,20190105T063436Z,1J.TI3A.,"['CH1', 'CH2', 'CHZ']",2019-01-05T06:34:36.980000Z,20.75
158,20190105T063436Z,1J.TI8A.,"['CH1', 'CH2', 'CHZ']",2019-01-05T06:34:36.980000Z,20.75
159,20190105T063436Z,1J.TI6A.,"['CH1', 'CH2', 'CHZ']",2019-01-05T06:34:36.980000Z,20.75
160,20190105T063619Z,1J.TI4A.,"['CH1', 'CH2', 'CHZ']",2019-01-05T06:36:19.100000Z,14.14
161,20190105T063619Z,1J.TI3A.,"['CH1', 'CH2', 'CHZ']",2019-01-05T06:36:19.100000Z,14.14
162,20190105T063619Z,1J.TI1A.,"['CH1', 'CH2', 'CHZ']",2019-01-05T06:36:19.100000Z,14.14
163,20190105T064508Z,1J.TI3A.,"['CH1', 'CH2', 'CHZ']",2019-01-05T06:45:08.640000Z,3.78
164,20190105T064958Z,1J.TI3A.,"['CH1', 'CH2', 'CHZ']",2019-01-05T06:49:58.120000Z,27.17
165,20190105T064958Z,1J.TI8A.,"['CH1', 'CH2', 'CHZ']",2019-01-05T06:49:58.120000Z,27.17
166,20190105T064958Z,1J.TI6A.,"['CH1', 'CH2', 'CHZ']",2019-01-05T06:49:58.120000Z,27.17
167,20190105T064958Z,1J.TI1A.,"['CH1', 'CH2', 'CHZ']",2019-01-05T06:49:58.120000Z,27.17
168,20190105T070442Z,1J.TI4A.,"['CH1', 'CH2', 'CHZ']",2019-01-05T07:04:42.160000Z,14.14
169,20190105T070442Z,1J.TI3A.,"['CH1', 'CH2', 'CHZ']",2019-01-05T07:04:42.160000Z,14.14
170,20190105T070442Z,1J.TI1A.,"['CH1', 'CH2', 'CHZ']",2019-01-05T07:04:42.160000Z,14.14
171,20190105T070753Z,1J.TI3A.,"['CH1', 'CH2', 'CHZ']",2019-01-05T07:07:53.480000Z,3.78
172,20190105T071800Z,1J.TI4A.,"['CH1', 'CH2', 'CHZ']",2019-01-05T07:18:00.730000Z,14.14
173,20190105T071800Z,1J.TI3A.,"['CH1', 'CH2', 'CHZ']",2019-01-05T07:18:00.730000Z,14.14
174,20190105T071800Z,1J.TI1A.,"['CH1', 'CH2', 'CHZ']",2019-01-05T07:18:00.730000Z,14.14
175,20190105T073228Z,1J.TI3A.,"['CH1', 'CH2', 'CHZ']",2019-01-05T07:32:28.270000Z,23.07
176,20190105T073228Z,1J.TI8A.,"['CH1', 'CH2', 'CHZ']",2019-01-05T07:32:28.270000Z,23.07
177,20190105T073228Z,1J.TI6A.,"['CH1', 'CH2', 'CHZ']",2019-01-05T07:32:28.270000Z,23.07
178,20190105T073228Z,1J.TI1A.,"['CH1', 'CH2', 'CHZ']",2019-01-05T07:32:28.270000Z,23.07
179,20190105T073846Z,1J.TI3A.,"['CH1', 'CH2', 'CHZ']",2019-01-05T07:38:46.850000Z,27.17
180,20190105T073846Z,1J.TI8A.,"['CH1', 'CH2', 'CHZ']",2019-01-05T07:38:46.850000Z,27.17
181,20190105T073846Z,1J.TI6A.,"['CH1', 'CH2', 'CHZ']",2019-01-05T07:38:46.850000Z,27.17
182,20190105T073846Z,1J.TI1A.,"['CH1', 'CH2', 'CHZ']",2019-01-05T07:38:46.850000Z,27.17
183,20190105T074209Z,1J.TI3A.,"['CH1', 'CH2', 'CHZ']",2019-01-05T07:42:09.860000Z,2.13
184,20190105T074352Z,1J.TI3A.,"['CH1', 'CH2', 'CHZ']",2019-01-05T07:43:52.880000Z,15.92
185,20190105T074352Z,1J.TI8A.,"['CH1', 'CH2', 'CHZ']",2019-01-05T07:43:52.880000Z,15.92
186,20190105T074628Z,1J.TI3A.,"['CH1', 'CH2', 'CHZ']",2019-01-05T07:46:28.700000Z,3.78
187,20190105T075455Z,1J.TI3A.,"['CH1', 'CH2', 'CHZ']",2019-01-05T07:54:55.570000Z,23.96
188,20190105T075455Z,1J.TI8A.,"['CH1', 'CH2', 'CHZ']",2019-01-05T07:54:55.570000Z,23.96
189,20190105T075922Z,1J.TI4A.,"['CH1', 'CH2', 'CHZ']",2019-01-05T07:59:22.530000Z,24.48
190,20190105T075922Z,1J.TI3A.,"['CH1', 'CH2', 'CHZ']",2019-01-05T07:59:22.530000Z,24.48
191,20190105T075922Z,1J.TI8A.,"['CH1', 'CH2', 'CHZ']",2019-01-05T07:59:22.530000Z,24.48
192,20190105T075922Z,1J.TI6A.,"['CH1', 'CH2', 'CHZ']",2019-01-05T07:59:22.530000Z,24.48
193,20190105T080253Z,1J.TI3A.,"['CH1', 'CH2', 'CHZ']",2019-01-05T08:02:53.220000Z,23.07
194,20190105T080253Z,1J.TI8A.,"['CH1', 'CH2', 'CHZ']",2019-01-05T08:02:53.220000Z,23.07
195,20190105T080253Z,1J.TI6A.,"['CH1', 'CH2', 'CHZ']",2019-01-05T08:02:53.220000Z,23.07
196,20190105T080253Z,1J.TI1A.,"['CH1', 'CH2', 'CHZ']",2019-01-05T08:02:53.220000Z,23.07
197,20190105T080816Z,1J.TI3A.,"['CH1', 'CH2', 'CHZ']",2019-01-05T08:08:16.390000Z,2.13
198,20190105T081507Z,1J.TI4A.,"['CH1', 'CH2', 'CHZ']",2019-01-05T08:15:07.900000Z,24.48
199,20190105T081507Z,1J.TI3A.,"['CH1', 'CH2', 'CHZ']",2019-01-05T08:15:07.900000Z,24.48
200,20190105T081507Z,1J.TI8A.,"['CH1', 'CH2', 'CHZ']",2019-01-05T08:15:07.900000Z,24.48
201,20190105T081507Z,1J.TI6A.,"['CH1', 'CH2', 'CHZ']",2019-01-05T08:15:07.900000Z,24.48
202,20190105T081704Z,1J.TI3A.,"['CH1', 'CH2', 'CHZ']",2019-01-05T08:17:04.920000Z,2.13
203,20190105T083019Z,1J.TI3A.,"['CH1', 'CH2', 'CHZ']",2019-01-05T08:30:19.000000Z,27.17
204,20190105T083019Z,1J.TI8A.,"['CH1', 'CH2', 'CHZ']",2019-01-05T08:30:19.000000Z,27.17
205,20190105T083019Z,1J.TI6A.,"['CH1', 'CH2', 'CHZ']",2019-01-05T08:30:19.000000Z,27.17
206,20190105T083019Z,1J.TI1A.,"['CH1', 'CH2', 'CHZ']",2019-01-05T08:30:19.000000Z,27.17
207,20190105T083347Z,1J.TI3A.,"['CH1', 'CH2', 'CHZ']",2019-01-05T08:33:47.940000Z,15.92
208,20190105T083347Z,1J.TI8A.,"['CH1', 'CH2', 'CHZ']",2019-01-05T08:33:47.940000Z,15.92
209,20190105T083835Z,1J.TI3A.,"['CH1', 'CH2', 'CHZ']",2019-01-05T08:38:35.820000Z,2.13
210,20190105T084107Z,1J.TI4A.,"['CH1', 'CH2', 'CHZ']",2019-01-05T08:41:07.970000Z,55.77
211,20190105T084107Z,1J.TI3A.,"['CH1', 'CH2', 'CHZ']",2019-01-05T08:41:07.970000Z,55.77
212,20190105T084107Z,1J.TI8A.,"['CH1', 'CH2', 'CHZ']",2019-01-05T08:41:07.970000Z,55.77
213,20190105T084107Z,1J.TI6A.,"['CH1', 'CH2', 'CHZ']",2019-01-05T08:41:07.970000Z,55.77
214,20190105T084107Z,1J.TI1A.,"['CH1', 'CH2', 'CHZ']",2019-01-05T08:41:07.970000Z,55.77
215,20190105T084225Z,1J.TI3A.,"['CH1', 'CH2', 'CHZ']",2019-01-05T08:42:25.800000Z,27.17
216,20190105T084225Z,1J.TI8A.,"['CH1', 'CH2', 'CHZ']",2019-01-05T08:42:25.800000Z,27.17
217,20190105T084225Z,1J.TI6A.,"['CH1', 'CH2', 'CHZ']",2019-01-05T08:42:25.800000Z,27.17
218,20190105T084225Z,1J.TI1A.,"['CH1', 'CH2', 'CHZ']",2019-01-05T08:42:25.800000Z,27.17
219,20190105T085309Z,1J.TI4A.,"['CH1', 'CH2', 'CHZ']",2019-01-05T08:53:09.870000Z,24.48
220,20190105T085309Z,1J.TI3A.,"['CH1', 'CH2', 'CHZ']",2019-01-05T08:53:09.870000Z,24.48
221,20190105T085309Z,1J.TI8A.,"['CH1', 'CH2', 'CHZ']",2019-01-05T08:53:09.870000Z,24.48
222,20190105T085309Z,1J.TI6A.,"['CH1', 'CH2', 'CHZ']",2019-01-05T08:53:09.870000Z,24.48
223,20190105T085815Z,1J.TI3A.,"['CH1', 'CH2', 'CHZ']",2019-01-05T08:58:15.530000Z,3.78
224,20190105T085849Z,1J.TI3A.,"['CH1', 'CH2', 'CHZ']",2019-01-05T08:58:49.610000Z,17.2
225,20190105T085849Z,1J.TI6A.,"['CH1', 'CH2', 'CHZ']",2019-01-05T08:58:49.610000Z,17.2
226,20190105T085849Z,1J.TI7A.,"['CH1', 'CH2', 'CHZ']",2019-01-05T08:58:49.610000Z,17.2
227,20190105T090619Z,1J.TI3A.,"['CH1', 'CH2', 'CHZ']",2019-01-05T09:06:19.530000Z,23.96
228,20190105T090619Z,1J.TI8A.,"['CH1', 'CH2', 'CHZ']",2019-01-05T09:06:19.530000Z,23.96
229,20190105T090748Z,1J.TI3A.,"['CH1', 'CH2', 'CHZ']",2019-01-05T09:07:48.880000Z,20.75
230,20190105T090748Z,1J.TI8A.,"['CH1', 'CH2', 'CHZ']",2019-01-05T09:07:48.880000Z,20.75
231,20190105T090748Z,1J.TI6A.,"['CH1', 'CH2', 'CHZ']",2019-01-05T09:07:48.880000Z,20.75
232,20190105T091135Z,1J.TI3A.,"['CH1', 'CH2', 'CHZ']",2019-01-05T09:11:35.860000Z,2.13
233,20190105T092623Z,1J.TI4A.,"['CH1', 'CH2', 'CHZ']",2019-01-05T09:26:23.110000Z,14.14
234,20190105T092623Z,1J.TI3A.,"['CH1', 'CH2', 'CHZ']",2019-01-05T09:26:23.110000Z,14.14
235,20190105T092623Z,1J.TI1A.,"['CH1', 'CH2', 'CHZ']",2019-01-05T09:26:23.110000Z,14.14
236,20190105T093334Z,1J.TI3A.,"['CH1', 'CH2', 'CHZ']",2019-01-05T09:33:34.470000Z,2.13
237,20190105T094051Z,1J.TI3A.,"['CH1', 'CH2', 'CHZ']",2019-01-05T09:40:51.470000Z,20.75
238,20190105T094051Z,1J.TI8A.,"['CH1', 'CH2', 'CHZ']",2019-01-05T09:40:51.470000Z,20.75
239,20190105T094051Z,1J.TI6A.,"['CH1', 'CH2', 'CHZ']",2019-01-05T09:40:51.470000Z,20.75
240,20190105T095112Z,1J.TI3A.,"['CH1', 'CH2', 'CHZ']",2019-01-05T09:51:12.550000Z,27.17
241,20190105T095112Z,1J.TI8A.,"['CH1', 'CH2', 'CHZ']",2019-01-05T09:51:12.550000Z,27.17
242,20190105T095112Z,1J.TI6A.,"['CH1', 'CH2', 'CHZ']",2019-01-05T09:51:12.550000Z,27.17
243,20190105T095112Z,1J.TI1A.,"['CH1', 'CH2', 'CHZ']",2019-01-05T09:51:12.550000Z,27.17
244,20190105T095946Z,1J.TI3A.,"['CH1', 'CH2', 'CHZ']",2019-01-05T09:59:46.920000Z,3.78
245,20190105T101004Z,1J.TI3A.,"['CH1', 'CH2', 'CHZ']",2019-01-05T10:10:04.600000Z,2.13
246,20190105T101105Z,1J.TI4A.,"['CH1', 'CH2', 'CHZ']",2019-01-05T10:11:05.620000Z,55.77
247,20190105T101105Z,1J.TI3A.,"['CH1', 'CH2', 'CHZ']",2019-01-05T10:11:05.620000Z,55.77
248,20190105T101105Z,1J.TI8A.,"['CH1', 'CH2', 'CHZ']",2019-01-05T10:11:05.620000Z,55.77
249,20190105T101105Z,1J.TI6A.,"['CH1', 'CH2', 'CHZ']",2019-01-05T10:11:05.620000Z,55.77
250,20190105T101105Z,1J.TI1A.,"['CH1', 'CH2', 'CHZ']",2019-01-05T10:11:05.620000Z,55.77
251,20190105T101211Z,1J.TI3A.,"['CH1', 'CH2', 'CHZ']",2019-01-05T10:12:11.180000Z,2.13
252,20190105T101221Z,1J.TI4A.,"['CH1', 'CH2', 'CHZ']",2019-01-05T10:12:21.200000Z,24.48
253,20190105T101221Z,1J.TI3A.,"['CH1', 'CH2', 'CHZ']",2019-01-05T10:12:21.200000Z,24.48
254,20190105T101221Z,1J.TI8A.,"['CH1', 'CH2', 'CHZ']",2019-01-05T10:12:21.200000Z,24.48
255,20190105T101221Z,1J.TI6A.,"['CH1', 'CH2', 'CHZ']",2019-01-05T10:12:21.200000Z,24.48
256,20190105T101721Z,1J.TI3A.,"['CH1', 'CH2', 'CHZ']",2019-01-05T10:17:21.680000Z,3.78
257,20190105T102039Z,1J.TI4A.,"['CH1', 'CH2', 'CHZ']",2019-01-05T10:20:39.260000Z,55.77
258,20190105T102039Z,1J.TI3A.,"['CH1', 'CH2', 'CHZ']",2019-01-05T10:20:39.260000Z,55.77
259,20190105T102039Z,1J.TI8A.,"['CH1', 'CH2', 'CHZ']",2019-01-05T10:20:39.260000Z,55.77
260,20190105T102039Z,1J.TI6A.,"['CH1', 'CH2', 'CHZ']",2019-01-05T10:20:39.260000Z,55.77
261,20190105T102039Z,1J.TI1A.,"['CH1', 'CH2', 'CHZ']",2019-01-05T10:20:39.260000Z,55.77
262,20190105T102803Z,1J.TI3A.,"['CH1', 'CH2', 'CHZ']",2019-01-05T10:28:03.920000Z,2.13
263,20190105T103847Z,1J.TI3A.,"['CH1', 'CH2', 'CHZ']",2019-01-05T10:38:47.330000Z,27.17
264,20190105T103847Z,1J.TI8A.,"['CH1', 'CH2', 'CHZ']",2019-01-05T10:38:47.330000Z,27.17
265,20190105T103847Z,1J.TI6A.,"['CH1', 'CH2', 'CHZ']",2019-01-05T10:38:47.330000Z,27.17
266,20190105T103847Z,1J.TI1A.,"['CH1', 'CH2', 'CHZ']",2019-01-05T10:38:47.330000Z,27.17
267,20190105T104503Z,1J.TI3A.,"['CH1', 'CH2', 'CHZ']",2019-01-05T10:45:03.550000Z,2.13
268,20190105T105443Z,1J.TI3A.,"['CH1', 'CH2', 'CHZ']",2019-01-05T10:54:43.700000Z,17.2
269,20190105T105443Z,1J.TI6A.,"['CH1', 'CH2', 'CHZ']",2019-01-05T10:54:43.700000Z,17.2
270,20190105T105443Z,1J.TI7A.,"['CH1', 'CH2', 'CHZ']",2019-01-05T10:54:43.700000Z,17.2
271,20190105T105748Z,1J.TI4A.,"['CH1', 'CH2', 'CHZ']",2019-01-05T10:57:48.530000Z,24.48
272,20190105T105748Z,1J.TI3A.,"['CH1', 'CH2', 'CHZ']",2019-01-05T10:57:48.530000Z,24.48
273,20190105T105748Z,1J.TI8A.,"['CH1', 'CH2', 'CHZ']",2019-01-05T10:57:48.530000Z,24.48
274,20190105T105748Z,1J.TI6A.,"['CH1', 'CH2', 'CHZ']",2019-01-05T10:57:48.530000Z,24.48
275,20190105T105848Z,1J.TI3A.,"['CH1', 'CH2', 'CHZ']",2019-01-05T10:58:48.400000Z,2.13
276,20190105T110518Z,1J.TI4A.,"['CH1', 'CH2', 'CHZ']",2019-01-05T11:05:18.290000Z,14.14
277,20190105T110518Z,1J.TI3A.,"['CH1', 'CH2', 'CHZ']",2019-01-05T11:05:18.290000Z,14.14
278,20190105T110518Z,1J.TI1A.,"['CH1', 'CH2', 'CHZ']",2019-01-05T11:05:18.290000Z,14.14
279,20190105T110529Z,1J.TI3A.,"['CH1', 'CH2', 'CHZ']",2019-01-05T11:05:29.690000Z,27.17
280,20190105T110529Z,1J.TI8A.,"['CH1', 'CH2', 'CHZ']",2019-01-05T11:05:29.690000Z,27.17
281,20190105T110529Z,1J.TI6A.,"['CH1', 'CH2', 'CHZ']",2019-01-05T11:05:29.690000Z,27.17
282,20190105T110529Z,1J.TI1A.,"['CH1', 'CH2', 'CHZ']",2019-01-05T11:05:29.690000Z,27.17
283,20190105T110721Z,1J.TI3A.,"['CH1', 'CH2', 'CHZ']",2019-01-05T11:07:21.330000Z,2.13
284,20190105T112357Z,1J.TI4A.,"['CH1', 'CH2', 'CHZ']",2019-01-05T11:23:57.260000Z,24.15
285,20190105T112357Z,1J.TI3A.,"['CH1', 'CH2', 'CHZ']",2019-01-05T11:23:57.260000Z,24.15
286,20190105T112357Z,1J.TI8A.,"['CH1', 'CH2', 'CHZ']",2019-01-05T11:23:57.260000Z,24.15
287,20190105T112357Z,1J.TI6A.,"['CH1', 'CH2', 'CHZ']",2019-01-05T11:23:57.260000Z,24.15
288,20190105T112357Z,1J.TI1A.,"['CH1', 'CH2', 'CHZ']",2019-01-05T11:23:57.260000Z,24.15
289,20190105T112639Z,1J.TI3A.,"['CH1', 'CH2', 'CHZ']",2019-01-05T11:26:39.080000Z,23.96
290,20190105T112639Z,1J.TI8A.,"['CH1', 'CH2', 'CHZ']",2019-01-05T11:26:39.080000Z,23.96
291,20190105T114933Z,1J.TI3A.,"['CH1', 'CH2', 'CHZ']",2019-01-05T11:49:33.890000Z,2.13
292,20190105T115234Z,1J.TI3A.,"['CH1', 'CH2', 'CHZ']",2019-01-05T11:52:34.610000Z,2.13
293,20190105T115540Z,1J.TI4A.,"['CH1', 'CH2', 'CHZ']",2019-01-05T11:55:40.280000Z,14.14
294,20190105T115540Z,1J.TI3A.,"['CH1', 'CH2', 'CHZ']",2019-01-05T11:55:40.280000Z,14.14
295,20190105T115540Z,1J.TI1A.,"['CH1', 'CH2', 'CHZ']",2019-01-05T11:55:40.280000Z,14.14
296,20190105T120208Z,1J.TI3A.,"['CH1', 'CH2', 'CHZ']",2019-01-05T12:02:08.070000Z,20.75
297,20190105T120208Z,1J.TI8A.,"['CH1', 'CH2', 'CHZ']",2019-01-05T12:02:08.070000Z,20.75
298,20190105T120208Z,1J.TI6A.,"['CH1', 'CH2', 'CHZ']",2019-01-05T12:02:08.070000Z,20.75
299,20190105T120827Z,1J.TI3A.,"['CH1', 'CH2', 'CHZ']",2019-01-05T12:08:27.470000Z,2.13
300,20190105T121056Z,1J.TI4A.,"['CH1', 'CH2', 'CHZ']",2019-01-05T12:10:56.530000Z,14.14
301,20190105T121056Z,1J.TI3A.,"['CH1', 'CH2', 'CHZ']",2019-01-05T12:10:56.530000Z,14.14
302,20190105T121056Z,1J.TI1A.,"['CH1', 'CH2', 'CHZ']",2019-01-05T12:10:56.530000Z,14.14
303,20190105T121536Z,1J.TI3A.,"['CH1', 'CH2', 'CHZ']",2019-01-05T12:15:36.100000Z,2.13
304,20190105T122522Z,1J.TI4A.,"['CH1', 'CH2', 'CHZ']",2019-01-05T12:25:22.140000Z,14.14
305,20190105T122522Z,1J.TI3A.,"['CH1', 'CH2', 'CHZ']",2019-01-05T12:25:22.140000Z,14.14
306,20190105T122522Z,1J.TI1A.,"['CH1', 'CH2', 'CHZ']",2019-01-05T12:25:22.140000Z,14.14
307,20190105T122551Z,1J.TI3A.,"['CH1', 'CH2', 'CHZ']",2019-01-05T12:25:51.710000Z,17.2
308,20190105T122551Z,1J.TI6A.,"['CH1', 'CH2', 'CHZ']",2019-01-05T12:25:51.710000Z,17.2
309,20190105T122551Z,1J.TI7A.,"['CH1', 'CH2', 'CHZ']",2019-01-05T12:25:51.710000Z,17.2
310,20190105T124157Z,1J.TI4A.,"['CH1', 'CH2', 'CHZ']",2019-01-05T12:41:57.710000Z,14.14
311,20190105T124157Z,1J.TI3A.,"['CH1', 'CH2', 'CHZ']",2019-01-05T12:41:57.710000Z,14.14
312,20190105T124157Z,1J.TI1A.,"['CH1', 'CH2', 'CHZ']",2019-01-05T12:41:57.710000Z,14.14
313,20190105T125524Z,1J.TI4A.,"['CH1', 'CH2', 'CHZ']",2019-01-05T12:55:24.760000Z,14.14
314,20190105T125524Z,1J.TI3A.,"['CH1', 'CH2', 'CHZ']",2019-01-05T12:55:24.760000Z,14.14
315,20190105T125524Z,1J.TI1A.,"['CH1', 'CH2', 'CHZ']",2019-01-05T12:55:24.760000Z,14.14
316,20190105T130157Z,1J.TI3A.,"['CH1', 'CH2', 'CHZ']",2019-01-05T13:01:57.360000Z,23.07
317,20190105T130157Z,1J.TI8A.,"['CH1', 'CH2', 'CHZ']",2019-01-05T13:01:57.360000Z,23.07
318,20190105T130157Z,1J.TI6A.,"['CH1', 'CH2', 'CHZ']",2019-01-05T13:01:57.360000Z,23.07
319,20190105T130157Z,1J.TI1A.,"['CH1', 'CH2', 'CHZ']",2019-01-05T13:01:57.360000Z,23.07
320,20190105T130238Z,1J.TI8A.,"['CH1', 'CH2', 'CHZ']",2019-01-05T13:02:38.750000Z,20.43
321,20190105T130836Z,1J.TI4A.,"['CH1', 'CH2', 'CHZ']",2019-01-05T13:08:36.970000Z,14.14
322,20190105T130836Z,1J.TI3A.,"['CH1', 'CH2', 'CHZ']",2019-01-05T13:08:36.970000Z,14.14
323,20190105T130836Z,1J.TI1A.,"['CH1', 'CH2', 'CHZ']",2019-01-05T13:08:36.970000Z,14.14
324,20190105T131651Z,1J.TI3A.,"['CH1', 'CH2', 'CHZ']",2019-01-05T13:16:51.800000Z,2.13
325,20190105T133158Z,1J.TI4A.,"['CH1', 'CH2', 'CHZ']",2019-01-05T13:31:58.010000Z,55.77
326,20190105T133158Z,1J.TI3A.,"['CH1', 'CH2', 'CHZ']",2019-01-05T13:31:58.010000Z,55.77
327,20190105T133158Z,1J.TI8A.,"['CH1', 'CH2', 'CHZ']",2019-01-05T13:31:58.010000Z,55.77
328,20190105T133158Z,1J.TI6A.,"['CH1', 'CH2', 'CHZ']",2019-01-05T13:31:58.010000Z,55.77
329,20190105T133158Z,1J.TI1A.,"['CH1', 'CH2', 'CHZ']",2019-01-05T13:31:58.010000Z,55.77
330,20190105T133327Z,1J.TI3A.,"['CH1', 'CH2', 'CHZ']",2019-01-05T13:33:27.220000Z,2.13
331,20190105T135001Z,1J.TI3A.,"['CH1', 'CH2', 'CHZ']",2019-01-05T13:50:01.870000Z,17.2
332,20190105T135001Z,1J.TI6A.,"['CH1', 'CH2', 'CHZ']",2019-01-05T13:50:01.870000Z,17.2
333,20190105T135001Z,1J.TI7A.,"['CH1', 'CH2', 'CHZ']",2019-01-05T13:50:01.870000Z,17.2
334,20190105T140349Z,1J.TI3A.,"['CH1', 'CH2', 'CHZ']",2019-01-05T14:03:49.850000Z,2.13
335,20190105T140526Z,1J.TI3A.,"['CH1', 'CH2', 'CHZ']",2019-01-05T14:05:26.890000Z,23.96
336,20190105T140526Z,1J.TI8A.,"['CH1', 'CH2', 'CHZ']",2019-01-05T14:05:26.890000Z,23.96
337,20190105T141634Z,1J.TI4A.,"['CH1', 'CH2', 'CHZ']",2019-01-05T14:16:34.360000Z,14.14
338,20190105T141634Z,1J.TI3A.,"['CH1', 'CH2', 'CHZ']",2019-01-05T14:16:34.360000Z,14.14
339,20190105T141634Z,1J.TI1A.,"['CH1', 'CH2', 'CHZ']",2019-01-05T14:16:34.360000Z,14.14
340,20190105T142557Z,1J.TI3A.,"['CH1', 'CH2', 'CHZ']",2019-01-05T14:25:57.120000Z,2.13
341,20190105T143816Z,1J.TI3A.,"['CH1', 'CH2', 'CHZ']",2019-01-05T14:38:16.410000Z,20.75
342,20190105T143816Z,1J.TI8A.,"['CH1', 'CH2', 'CHZ']",2019-01-05T14:38:16.410000Z,20.75
343,20190105T143816Z,1J.TI6A.,"['CH1', 'CH2', 'CHZ']",2019-01-05T14:38:16.410000Z,20.75
344,20190105T145513Z,1J.TI3A.,"['CH1', 'CH2', 'CHZ']",2019-01-05T14:55:13.630000Z,3.78
345,20190105T145813Z,1J.TI3A.,"['CH1', 'CH2', 'CHZ']",2019-01-05T14:58:13.950000Z,2.13
346,20190105T150725Z,1J.TI3A.,"['CH1', 'CH2', 'CHZ']",2019-01-05T15:07:25.510000Z,2.13
347,20190105T151124Z,1J.TI3A.,"['CH1', 'CH2', 'CHZ']",2019-01-05T15:11:24.070000Z,20.75
348,20190105T151124Z,1J.TI8A.,"['CH1', 'CH2', 'CHZ']",2019-01-05T15:11:24.070000Z,20.75
349,20190105T151124Z,1J.TI6A.,"['CH1', 'CH2', 'CHZ']",2019-01-05T15:11:24.070000Z,20.75
350,20190105T152141Z,1J.TI4A.,"['CH1', 'CH2', 'CHZ']",2019-01-05T15:21:41.740000Z,55.77
351,20190105T152141Z,1J.TI3A.,"['CH1', 'CH2', 'CHZ']",2019-01-05T15:21:41.740000Z,55.77
352,20190105T152141Z,1J.TI8A.,"['CH1', 'CH2', 'CHZ']",2019-01-05T15:21:41.740000Z,55.77
353,20190105T152141Z,1J.TI6A.,"['CH1', 'CH2', 'CHZ']",2019-01-05T15:21:41.740000Z,55.77
354,20190105T152141Z,1J.TI1A.,"['CH1', 'CH2', 'CHZ']",2019-01-05T15:21:41.740000Z,55.77
355,20190105T152319Z,1J.TI3A.,"['CH1', 'CH2', 'CHZ']",2019-01-05T15:23:19.820000Z,2.13
356,20190105T153615Z,1J.TI3A.,"['CH1', 'CH2', 'CHZ']",2019-01-05T15:36:15.270000Z,2.13
357,20190105T153952Z,1J.TI3A.,"['CH1', 'CH2', 'CHZ']",2019-01-05T15:39:52.040000Z,27.17
358,20190105T153952Z,1J.TI8A.,"['CH1', 'CH2', 'CHZ']",2019-01-05T15:39:52.040000Z,27.17
359,20190105T153952Z,1J.TI6A.,"['CH1', 'CH2', 'CHZ']",2019-01-05T15:39:52.040000Z,27.17
360,20190105T153952Z,1J.TI1A.,"['CH1', 'CH2', 'CHZ']",2019-01-05T15:39:52.040000Z,27.17
361,20190105T154958Z,1J.TI3A.,"['CH1', 'CH2', 'CHZ']",2019-01-05T15:49:58.900000Z,20.75
362,20190105T154958Z,1J.TI8A.,"['CH1', 'CH2', 'CHZ']",2019-01-05T15:49:58.900000Z,20.75
363,20190105T154958Z,1J.TI6A.,"['CH1', 'CH2', 'CHZ']",2019-01-05T15:49:58.900000Z,20.75
364,20190105T155032Z,1J.TI3A.,"['CH1', 'CH2', 'CHZ']",2019-01-05T15:50:32.520000Z,23.07
365,20190105T155032Z,1J.TI8A.,"['CH1', 'CH2', 'CHZ']",2019-01-05T15:50:32.520000Z,23.07
366,20190105T155032Z,1J.TI6A.,"['CH1', 'CH2', 'CHZ']",2019-01-05T15:50:32.520000Z,23.07
367,20190105T155032Z,1J.TI1A.,"['CH1', 'CH2', 'CHZ']",2019-01-05T15:50:32.520000Z,23.07
368,20190105T155049Z,1J.TI3A.,"['CH1', 'CH2', 'CHZ']",2019-01-05T15:50:49.310000Z,3.78
369,20190105T161348Z,1J.TI3A.,"['CH1', 'CH2', 'CHZ']",2019-01-05T16:13:48.320000Z,2.13
370,20190105T162513Z,1J.TI3A.,"['CH1', 'CH2', 'CHZ']",2019-01-05T16:25:13.480000Z,2.13
371,20190105T162838Z,1J.TI3A.,"['CH1', 'CH2', 'CHZ']",2019-01-05T16:28:38.060000Z,2.13
372,20190105T164151Z,1J.TI3A.,"['CH1', 'CH2', 'CHZ']",2019-01-05T16:41:51.830000Z,27.17
373,20190105T164151Z,1J.TI8A.,"['CH1', 'CH2', 'CHZ']",2019-01-05T16:41:51.830000Z,27.17
374,20190105T164151Z,1J.TI6A.,"['CH1', 'CH2', 'CHZ']",2019-01-05T16:41:51.830000Z,27.17
375,20190105T164151Z,1J.TI1A.,"['CH1', 'CH2', 'CHZ']",2019-01-05T16:41:51.830000Z,27.17
376,20190105T164338Z,1J.TI3A.,"['CH1', 'CH2', 'CHZ']",2019-01-05T16:43:38.220000Z,27.17
377,20190105T164338Z,1J.TI8A.,"['CH1', 'CH2', 'CHZ']",2019-01-05T16:43:38.220000Z,27.17
378,20190105T164338Z,1J.TI6A.,"['CH1', 'CH2', 'CHZ']",2019-01-05T16:43:38.220000Z,27.17
379,20190105T164338Z,1J.TI1A.,"['CH1', 'CH2', 'CHZ']",2019-01-05T16:43:38.220000Z,27.17
380,20190105T164437Z,1J.TI3A.,"['CH1', 'CH2', 'CHZ']",2019-01-05T16:44:37.880000Z,2.13
381,20190105T164808Z,1J.TI3A.,"['CH1', 'CH2', 'CHZ']",2019-01-05T16:48:08.040000Z,20.75
382,20190105T164808Z,1J.TI8A.,"['CH1', 'CH2', 'CHZ']",2019-01-05T16:48:08.040000Z,20.75
383,20190105T164808Z,1J.TI6A.,"['CH1', 'CH2', 'CHZ']",2019-01-05T16:48:08.040000Z,20.75
384,20190105T165133Z,1J.TI3A.,"['CH1', 'CH2', 'CHZ']",2019-01-05T16:51:33.500000Z,12.22
385,20190105T165536Z,1J.TI3A.,"['CH1', 'CH2', 'CHZ']",2019-01-05T16:55:36.980000Z,2.13
386,20190105T170336Z,1J.TI3A.,"['CH1', 'CH2', 'CHZ']",2019-01-05T17:03:36.690000Z,23.07
387,20190105T170336Z,1J.TI8A.,"['CH1', 'CH2', 'CHZ']",2019-01-05T17:03:36.690000Z,23.07
388,20190105T170336Z,1J.TI6A.,"['CH1', 'CH2', 'CHZ']",2019-01-05T17:03:36.690000Z,23.07
389,20190105T170336Z,1J.TI1A.,"['CH1', 'CH2', 'CHZ']",2019-01-05T17:03:36.690000Z,23.07
390,20190105T171203Z,1J.TI3A.,"['CH1', 'CH2', 'CHZ']",2019-01-05T17:12:03.060000Z,3.78
391,20190105T172449Z,1J.TI3A.,"['CH1', 'CH2', 'CHZ']",2019-01-05T17:24:49.100000Z,2.13
392,20190105T173025Z,1J.TI3A.,"['CH1', 'CH2', 'CHZ']",2019-01-05T17:30:25.020000Z,27.17
393,20190105T173025Z,1J.TI8A.,"['CH1', 'CH2', 'CHZ']",2019-01-05T17:30:25.020000Z,27.17
394,20190105T173025Z,1J.TI6A.,"['CH1', 'CH2', 'CHZ']",2019-01-05T17:30:25.020000Z,27.17
395,20190105T173025Z,1J.TI1A.,"['CH1', 'CH2', 'CHZ']",2019-01-05T17:30:25.020000Z,27.17
396,20190105T173847Z,1J.TI3A.,"['CH1', 'CH2', 'CHZ']",2019-01-05T17:38:47.670000Z,2.13
397,20190105T174048Z,1J.TI4A.,"['CH1', 'CH2', 'CHZ']",2019-01-05T17:40:48.080000Z,14.14
398,20190105T174048Z,1J.TI3A.,"['CH1', 'CH2', 'CHZ']",2019-01-05T17:40:48.080000Z,14.14
399,20190105T174048Z,1J.TI1A.,"['CH1', 'CH2', 'CHZ']",2019-01-05T17:40:48.080000Z,14.14
400,20190105T174307Z,1J.TI4A.,"['CH1', 'CH2', 'CHZ']",2019-01-05T17:43:07.720000Z,55.77
401,20190105T174307Z,1J.TI3A.,"['CH1', 'CH2', 'CHZ']",2019-01-05T17:43:07.720000Z,55.77
402,20190105T174307Z,1J.TI8A.,"['CH1', 'CH2', 'CHZ']",2019-01-05T17:43:07.720000Z,55.77
403,20190105T174307Z,1J.TI6A.,"['CH1', 'CH2', 'CHZ']",2019-01-05T17:43:07.720000Z,55.77
404,20190105T174307Z,1J.TI1A.,"['CH1', 'CH2', 'CHZ']",2019-01-05T17:43:07.720000Z,55.77
405,20190105T175559Z,1J.TI4A.,"['CH1', 'CH2', 'CHZ']",2019-01-05T17:55:59.000000Z,14.14
406,20190105T175559Z,1J.TI3A.,"['CH1', 'CH2', 'CHZ']",2019-01-05T17:55:59.000000Z,14.14
407,20190105T175559Z,1J.TI1A.,"['CH1', 'CH2', 'CHZ']",2019-01-05T17:55:59.000000Z,14.14
408,20190105T175841Z,1J.TI3A.,"['CH1', 'CH2', 'CHZ']",2019-01-05T17:58:41.790000Z,27.17
409,20190105T175841Z,1J.TI8A.,"['CH1', 'CH2', 'CHZ']",2019-01-05T17:58:41.790000Z,27.17
410,20190105T175841Z,1J.TI6A.,"['CH1', 'CH2', 'CHZ']",2019-01-05T17:58:41.790000Z,27.17
411,20190105T175841Z,1J.TI1A.,"['CH1', 'CH2', 'CHZ']",2019-01-05T17:58:41.790000Z,27.17
412,20190105T180757Z,1J.TI3A.,"['CH1', 'CH2', 'CHZ']",2019-01-05T18:07:57.040000Z,23.07
413,20190105T180757Z,1J.TI8A.,"['CH1', 'CH2', 'CHZ']",2019-01-05T18:07:57.040000Z,23.07
414,20190105T180757Z,1J.TI6A.,"['CH1', 'CH2', 'CHZ']",2019-01-05T18:07:57.040000Z,23.07
415,20190105T180757Z,1J.TI1A.,"['CH1', 'CH2', 'CHZ']",2019-01-05T18:07:57.040000Z,23.07
416,20190105T181419Z,1J.TI3A.,"['CH1', 'CH2', 'CHZ']",2019-01-05T18:14:19.020000Z,3.78
417,20190105T181610Z,1J.TI4A.,"['CH1', 'CH2', 'CHZ']",2019-01-05T18:16:10.100000Z,55.77
418,20190105T181610Z,1J.TI3A.,"['CH1', 'CH2', 'CHZ']",2019-01-05T18:16:10.100000Z,55.77
419,20190105T181610Z,1J.TI8A.,"['CH1', 'CH2', 'CHZ']",2019-01-05T18:16:10.100000Z,55.77
420,20190105T181610Z,1J.TI6A.,"['CH1', 'CH2', 'CHZ']",2019-01-05T18:16:10.100000Z,55.77
421,20190105T181610Z,1J.TI1A.,"['CH1', 'CH2', 'CHZ']",2019-01-05T18:16:10.100000Z,55.77
422,20190105T182710Z,1J.TI3A.,"['CH1', 'CH2', 'CHZ']",2019-01-05T18:27:10.110000Z,23.96
423,20190105T182710Z,1J.TI8A.,"['CH1', 'CH2', 'CHZ']",2019-01-05T18:27:10.110000Z,23.96
424,20190105T182738Z,1J.TI4A.,"['CH1', 'CH2', 'CHZ']",2019-01-05T18:27:38.210000Z,24.48
425,20190105T182738Z,1J.TI3A.,"['CH1', 'CH2', 'CHZ']",2019-01-05T18:27:38.210000Z,24.48
426,20190105T182738Z,1J.TI8A.,"['CH1', 'CH2', 'CHZ']",2019-01-05T18:27:38.210000Z,24.48
427,20190105T182738Z,1J.TI6A.,"['CH1', 'CH2', 'CHZ']",2019-01-05T18:27:38.210000Z,24.48
428,20190105T183901Z,1J.TI4A.,"['CH1', 'CH2', 'CHZ']",2019-01-05T18:39:01.390000Z,14.14
429,20190105T183901Z,1J.TI3A.,"['CH1', 'CH2', 'CHZ']",2019-01-05T18:39:01.390000Z,14.14
430,20190105T183901Z,1J.TI1A.,"['CH1', 'CH2', 'CHZ']",2019-01-05T18:39:01.390000Z,14.14
431,20190105T184450Z,1J.TI4A.,"['CH1', 'CH2', 'CHZ']",2019-01-05T18:44:50.540000Z,14.14
432,20190105T184450Z,1J.TI3A.,"['CH1', 'CH2', 'CHZ']",2019-01-05T18:44:50.540000Z,14.14
433,20190105T184450Z,1J.TI1A.,"['CH1', 'CH2', 'CHZ']",2019-01-05T18:44:50.540000Z,14.14
434,20190105T185301Z,1J.TI3A.,"['CH1', 'CH2', 'CHZ']",2019-01-05T18:53:01.090000Z,15.92
435,20190105T185301Z,1J.TI8A.,"['CH1', 'CH2', 'CHZ']",2019-01-05T18:53:01.090000Z,15.92
436,20190105T185355Z,1J.TI3A.,"['CH1', 'CH2', 'CHZ']",2019-01-05T18:53:55.810000Z,2.13
437,20190105T185459Z,1J.TI4A.,"['CH1', 'CH2', 'CHZ']",2019-01-05T18:54:59.900000Z,14.14
438,20190105T185459Z,1J.TI3A.,"['CH1', 'CH2', 'CHZ']",2019-01-05T18:54:59.900000Z,14.14
439,20190105T185459Z,1J.TI1A.,"['CH1', 'CH2', 'CHZ']",2019-01-05T18:54:59.900000Z,14.14
440,20190105T185600Z,1J.TI4A.,"['CH1', 'CH2', 'CHZ']",2019-01-05T18:56:00.570000Z,14.14
441,20190105T185600Z,1J.TI3A.,"['CH1', 'CH2', 'CHZ']",2019-01-05T18:56:00.570000Z,14.14
442,20190105T185600Z,1J.TI1A.,"['CH1', 'CH2', 'CHZ']",2019-01-05T18:56:00.570000Z,14.14
443,20190105T185747Z,1J.TI4A.,"['CH1', 'CH2', 'CHZ']",2019-01-05T18:57:47.700000Z,14.14
444,20190105T185747Z,1J.TI3A.,"['CH1', 'CH2', 'CHZ']",2019-01-05T18:57:47.700000Z,14.14
445,20190105T185747Z,1J.TI1A.,"['CH1', 'CH2', 'CHZ']",2019-01-05T18:57:47.700000Z,14.14
446,20190105T190931Z,1J.TI3A.,"['CH1', 'CH2', 'CHZ']",2019-01-05T19:09:31.190000Z,2.13
447,20190105T191021Z,1J.TI4A.,"['CH1', 'CH2', 'CHZ']",2019-01-05T19:10:21.450000Z,14.14
448,20190105T191021Z,1J.TI3A.,"['CH1', 'CH2', 'CHZ']",2019-01-05T19:10:21.450000Z,14.14
449,20190105T191021Z,1J.TI1A.,"['CH1', 'CH2', 'CHZ']",2019-01-05T19:10:21.450000Z,14.14
450,20190105T191133Z,1J.TI4A.,"['CH1', 'CH2', 'CHZ']",2019-01-05T19:11:33.130000Z,14.14
451,20190105T191133Z,1J.TI3A.,"['CH1', 'CH2', 'CHZ']",2019-01-05T19:11:33.130000Z,14.14
452,20190105T191133Z,1J.TI1A.,"['CH1', 'CH2', 'CHZ']",2019-01-05T19:11:33.130000Z,14.14
453,20190105T191354Z,1J.TI4A.,"['CH1', 'CH2', 'CHZ']",2019-01-05T19:13:54.230000Z,14.14
454,20190105T191354Z,1J.TI3A.,"['CH1', 'CH2', 'CHZ']",2019-01-05T19:13:54.230000Z,14.14
455,20190105T191354Z,1J.TI1A.,"['CH1', 'CH2', 'CHZ']",2019-01-05T19:13:54.230000Z,14.14
456,20190105T191423Z,1J.TI3A.,"['CH1', 'CH2', 'CHZ']",2019-01-05T19:14:23.910000Z,17.2
457,20190105T191423Z,1J.TI6A.,"['CH1', 'CH2', 'CHZ']",2019-01-05T19:14:23.910000Z,17.2
458,20190105T191423Z,1J.TI7A.,"['CH1', 'CH2', 'CHZ']",2019-01-05T19:14:23.910000Z,17.2
459,20190105T191703Z,1J.TI4A.,"['CH1', 'CH2', 'CHZ']",2019-01-05T19:17:03.540000Z,14.14
460,20190105T191703Z,1J.TI3A.,"['CH1', 'CH2', 'CHZ']",2019-01-05T19:17:03.540000Z,14.14
461,20190105T191703Z,1J.TI1A.,"['CH1', 'CH2', 'CHZ']",2019-01-05T19:17:03.540000Z,14.14
462,20190105T191732Z,1J.TI4A.,"['CH1', 'CH2', 'CHZ']",2019-01-05T19:17:32.550000Z,14.14
463,20190105T191732Z,1J.TI3A.,"['CH1', 'CH2', 'CHZ']",2019-01-05T19:17:32.550000Z,14.14
464,20190105T191732Z,1J.TI1A.,"['CH1', 'CH2', 'CHZ']",2019-01-05T19:17:32.550000Z,14.14
465,20190105T192101Z,1J.TI4A.,"['CH1', 'CH2', 'CHZ']",2019-01-05T19:21:01.880000Z,14.14
466,20190105T192101Z,1J.TI3A.,"['CH1', 'CH2', 'CHZ']",2019-01-05T19:21:01.880000Z,14.14
467,20190105T192101Z,1J.TI1A.,"['CH1', 'CH2', 'CHZ']",2019-01-05T19:21:01.880000Z,14.14
468,20190105T192550Z,1J.TI4A.,"['CH1', 'CH2', 'CHZ']",2019-01-05T19:25:50.780000Z,14.14
469,20190105T192550Z,1J.TI3A.,"['CH1', 'CH2', 'CHZ']",2019-01-05T19:25:50.780000Z,14.14
470,20190105T192550Z,1J.TI1A.,"['CH1', 'CH2', 'CHZ']",2019-01-05T19:25:50.780000Z,14.14
471,20190105T192800Z,1J.TI4A.,"['CH1', 'CH2', 'CHZ']",2019-01-05T19:28:00.900000Z,14.14
472,20190105T192800Z,1J.TI3A.,"['CH1', 'CH2', 'CHZ']",2019-01-05T19:28:00.900000Z,14.14
473,20190105T192800Z,1J.TI1A.,"['CH1', 'CH2', 'CHZ']",2019-01-05T19:28:00.900000Z,14.14
474,20190105T192845Z,1J.TI4A.,"['CH1', 'CH2', 'CHZ']",2019-01-05T19:28:45.560000Z,14.14
475,20190105T192845Z,1J.TI3A.,"['CH1', 'CH2', 'CHZ']",2019-01-05T19:28:45.560000Z,14.14
476,20190105T192845Z,1J.TI1A.,"['CH1', 'CH2', 'CHZ']",2019-01-05T19:28:45.560000Z,14.14
477,20190105T193052Z,1J.TI4A.,"['CH1', 'CH2', 'CHZ']",2019-01-05T19:30:52.410000Z,14.14
478,20190105T193052Z,1J.TI3A.,"['CH1', 'CH2', 'CHZ']",2019-01-05T19:30:52.410000Z,14.14
479,20190105T193052Z,1J.TI1A.,"['CH1', 'CH2', 'CHZ']",2019-01-05T19:30:52.410000Z,14.14
480,20190105T193119Z,1J.TI4A.,"['CH1', 'CH2', 'CHZ']",2019-01-05T19:31:19.640000Z,14.14
481,20190105T193119Z,1J.TI3A.,"['CH1', 'CH2', 'CHZ']",2019-01-05T19:31:19.640000Z,14.14
482,20190105T193119Z,1J.TI1A.,"['CH1', 'CH2', 'CHZ']",2019-01-05T19:31:19.640000Z,14.14
483,20190105T193149Z,1J.TI4A.,"['CH1', 'CH2', 'CHZ']",2019-01-05T19:31:49.710000Z,14.14
484,20190105T193149Z,1J.TI3A.,"['CH1', 'CH2', 'CHZ']",2019-01-05T19:31:49.710000Z,14.14
485,20190105T193149Z,1J.TI1A.,"['CH1', 'CH2', 'CHZ']",2019-01-05T19:31:49.710000Z,14.14
486,20190105T193313Z,1J.TI3A.,"['CH1', 'CH2', 'CHZ']",2019-01-05T19:33:13.480000Z,2.13
487,20190105T193407Z,1J.TI4A.,"['CH1', 'CH2', 'CHZ']",2019-01-05T19:34:07.230000Z,14.14
488,20190105T193407Z,1J.TI3A.,"['CH1', 'CH2', 'CHZ']",2019-01-05T19:34:07.230000Z,14.14
489,20190105T193407Z,1J.TI1A.,"['CH1', 'CH2', 'CHZ']",2019-01-05T19:34:07.230000Z,14.14
490,20190105T193459Z,1J.TI4A.,"['CH1', 'CH2', 'CHZ']",2019-01-05T19:34:59.890000Z,14.14
491,20190105T193459Z,1J.TI3A.,"['CH1', 'CH2', 'CHZ']",2019-01-05T19:34:59.890000Z,14.14
492,20190105T193459Z,1J.TI1A.,"['CH1', 'CH2', 'CHZ']",2019-01-05T19:34:59.890000Z,14.14
493,20190105T193542Z,1J.TI4A.,"['CH1', 'CH2', 'CHZ']",2019-01-05T19:35:42.260000Z,14.14
494,20190105T193542Z,1J.TI3A.,"['CH1', 'CH2', 'CHZ']",2019-01-05T19:35:42.260000Z,14.14
495,20190105T193542Z,1J.TI1A.,"['CH1', 'CH2', 'CHZ']",2019-01-05T19:35:42.260000Z,14.14
496,20190105T193715Z,1J.TI3A.,"['CH1', 'CH2', 'CHZ']",2019-01-05T19:37:15.680000Z,23.07
497,20190105T193715Z,1J.TI8A.,"['CH1', 'CH2', 'CHZ']",2019-01-05T19:37:15.680000Z,23.07
498,20190105T193715Z,1J.TI6A.,"['CH1', 'CH2', 'CHZ']",2019-01-05T19:37:15.680000Z,23.07
499,20190105T193715Z,1J.TI1A.,"['CH1', 'CH2', 'CHZ']",2019-01-05T19:37:15.680000Z,23.07
500,20190105T193930Z,1J.TI3A.,"['CH1', 'CH2', 'CHZ']",2019-01-05T19:39:30.300000Z,2.13
501,20190105T194211Z,1J.TI4A.,"['CH1', 'CH2', 'CHZ']",2019-01-05T19:42:11.990000Z,14.14
502,20190105T194211Z,1J.TI3A.,"['CH1', 'CH2', 'CHZ']",2019-01-05T19:42:11.990000Z,14.14
503,20190105T194211Z,1J.TI1A.,"['CH1', 'CH2', 'CHZ']",2019-01-05T19:42:11.990000Z,14.14
504,20190105T194231Z,1J.TI3A.,"['CH1', 'CH2', 'CHZ']",2019-01-05T19:42:31.220000Z,27.17
505,20190105T194231Z,1J.TI8A.,"['CH1', 'CH2', 'CHZ']",2019-01-05T19:42:31.220000Z,27.17
506,20190105T194231Z,1J.TI6A.,"['CH1', 'CH2', 'CHZ']",2019-01-05T19:42:31.220000Z,27.17
507,20190105T194231Z,1J.TI1A.,"['CH1', 'CH2', 'CHZ']",2019-01-05T19:42:31.220000Z,27.17
508,20190105T194317Z,1J.TI4A.,"['CH1', 'CH2', 'CHZ']",2019-01-05T19:43:17.820000Z,14.14
509,20190105T194317Z,1J.TI3A.,"['CH1', 'CH2', 'CHZ']",2019-01-05T19:43:17.820000Z,14.14
510,20190105T194317Z,1J.TI1A.,"['CH1', 'CH2', 'CHZ']",2019-01-05T19:43:17.820000Z,14.14
511,20190105T194452Z,1J.TI3A.,"['CH1', 'CH2', 'CHZ']",2019-01-05T19:44:52.280000Z,2.13
512,20190105T194643Z,1J.TI4A.,"['CH1', 'CH2', 'CHZ']",2019-01-05T19:46:43.570000Z,14.14
513,20190105T194643Z,1J.TI3A.,"['CH1', 'CH2', 'CHZ']",2019-01-05T19:46:43.570000Z,14.14
514,20190105T194643Z,1J.TI1A.,"['CH1', 'CH2', 'CHZ']",2019-01-05T19:46:43.570000Z,14.14
515,20190105T194728Z,1J.TI4A.,"['CH1', 'CH2', 'CHZ']",2019-01-05T19:47:28.090000Z,14.14
516,20190105T194728Z,1J.TI3A.,"['CH1', 'CH2', 'CHZ']",2019-01-05T19:47:28.090000Z,14.14
517,20190105T194728Z,1J.TI1A.,"['CH1', 'CH2', 'CHZ']",2019-01-05T19:47:28.090000Z,14.14
518,20190105T194752Z,1J.TI4A.,"['CH1', 'CH2', 'CHZ']",2019-01-05T19:47:52.350000Z,14.14
519,20190105T194752Z,1J.TI3A.,"['CH1', 'CH2', 'CHZ']",2019-01-05T19:47:52.350000Z,14.14
520,20190105T194752Z,1J.TI1A.,"['CH1', 'CH2', 'CHZ']",2019-01-05T19:47:52.350000Z,14.14
521,20190105T194832Z,1J.TI4A.,"['CH1', 'CH2', 'CHZ']",2019-01-05T19:48:32.470000Z,14.14
522,20190105T194832Z,1J.TI3A.,"['CH1', 'CH2', 'CHZ']",2019-01-05T19:48:32.470000Z,14.14
523,20190105T194832Z,1J.TI1A.,"['CH1', 'CH2', 'CHZ']",2019-01-05T19:48:32.470000Z,14.14
524,20190105T195023Z,1J.TI4A.,"['CH1', 'CH2', 'CHZ']",2019-01-05T19:50:23.760000Z,14.14
525,20190105T195023Z,1J.TI3A.,"['CH1', 'CH2', 'CHZ']",2019-01-05T19:50:23.760000Z,14.14
526,20190105T195023Z,1J.TI1A.,"['CH1', 'CH2', 'CHZ']",2019-01-05T19:50:23.760000Z,14.14
527,20190105T195326Z,1J.TI4A.,"['CH1', 'CH2', 'CHZ']",2019-01-05T19:53:26.250000Z,14.14
528,20190105T195326Z,1J.TI3A.,"['CH1', 'CH2', 'CHZ']",2019-01-05T19:53:26.250000Z,14.14
529,20190105T195326Z,1J.TI1A.,"['CH1', 'CH2', 'CHZ']",2019-01-05T19:53:26.250000Z,14.14
530,20190105T195422Z,1J.TI3A.,"['CH1', 'CH2', 'CHZ']",2019-01-05T19:54:22.190000Z,27.17
531,20190105T195422Z,1J.TI8A.,"['CH1', 'CH2', 'CHZ']",2019-01-05T19:54:22.190000Z,27.17
532,20190105T195422Z,1J.TI6A.,"['CH1', 'CH2', 'CHZ']",2019-01-05T19:54:22.190000Z,27.17
533,20190105T195422Z,1J.TI1A.,"['CH1', 'CH2', 'CHZ']",2019-01-05T19:54:22.190000Z,27.17
534,20190105T195720Z,1J.TI4A.,"['CH1', 'CH2', 'CHZ']",2019-01-05T19:57:20.220000Z,14.14
535,20190105T195720Z,1J.TI3A.,"['CH1', 'CH2', 'CHZ']",2019-01-05T19:57:20.220000Z,14.14
536,20190105T195720Z,1J.TI1A.,"['CH1', 'CH2', 'CHZ']",2019-01-05T19:57:20.220000Z,14.14
537,20190105T195756Z,1J.TI4A.,"['CH1', 'CH2', 'CHZ']",2019-01-05T19:57:56.560000Z,14.14
538,20190105T195756Z,1J.TI3A.,"['CH1', 'CH2', 'CHZ']",2019-01-05T19:57:56.560000Z,14.14
539,20190105T195756Z,1J.TI1A.,"['CH1', 'CH2', 'CHZ']",2019-01-05T19:57:56.560000Z,14.14
540,20190105T195822Z,1J.TI4A.,"['CH1', 'CH2', 'CHZ']",2019-01-05T19:58:22.220000Z,14.14
541,20190105T195822Z,1J.TI3A.,"['CH1', 'CH2', 'CHZ']",2019-01-05T19:58:22.220000Z,14.14
542,20190105T195822Z,1J.TI1A.,"['CH1', 'CH2', 'CHZ']",2019-01-05T19:58:22.220000Z,14.14
543,20190105T195904Z,1J.TI3A.,"['CH1', 'CH2', 'CHZ']",2019-01-05T19:59:04.690000Z,27.17
544,20190105T195904Z,1J.TI8A.,"['CH1', 'CH2', 'CHZ']",2019-01-05T19:59:04.690000Z,27.17
545,20190105T195904Z,1J.TI6A.,"['CH1', 'CH2', 'CHZ']",2019-01-05T19:59:04.690000Z,27.17
546,20190105T195904Z,1J.TI1A.,"['CH1', 'CH2', 'CHZ']",2019-01-05T19:59:04.690000Z,27.17
547,20190105T200013Z,1J.TI4A.,"['CH1', 'CH2', 'CHZ']",2019-01-05T20:00:13.990000Z,14.14
548,20190105T200013Z,1J.TI3A.,"['CH1', 'CH2', 'CHZ']",2019-01-05T20:00:13.990000Z,14.14
549,20190105T200013Z,1J.TI1A.,"['CH1', 'CH2', 'CHZ']",2019-01-05T20:00:13.990000Z,14.14
550,20190105T200051Z,1J.TI4A.,"['CH1', 'CH2', 'CHZ']",2019-01-05T20:00:51.930000Z,14.14
551,20190105T200051Z,1J.TI3A.,"['CH1', 'CH2', 'CHZ']",2019-01-05T20:00:51.930000Z,14.14
552,20190105T200051Z,1J.TI1A.,"['CH1', 'CH2', 'CHZ']",2019-01-05T20:00:51.930000Z,14.14
553,20190105T200147Z,1J.TI4A.,"['CH1', 'CH2', 'CHZ']",2019-01-05T20:01:47.560000Z,14.14
554,20190105T200147Z,1J.TI3A.,"['CH1', 'CH2', 'CHZ']",2019-01-05T20:01:47.560000Z,14.14
555,20190105T200147Z,1J.TI1A.,"['CH1', 'CH2', 'CHZ']",2019-01-05T20:01:47.560000Z,14.14
556,20190105T200222Z,1J.TI4A.,"['CH1', 'CH2', 'CHZ']",2019-01-05T20:02:22.800000Z,14.14
557,20190105T200222Z,1J.TI3A.,"['CH1', 'CH2', 'CHZ']",2019-01-05T20:02:22.800000Z,14.14
558,20190105T200222Z,1J.TI1A.,"['CH1', 'CH2', 'CHZ']",2019-01-05T20:02:22.800000Z,14.14
559,20190105T200236Z,1J.TI4A.,"['CH1', 'CH2', 'CHZ']",2019-01-05T20:02:36.390000Z,14.14
560,20190105T200236Z,1J.TI3A.,"['CH1', 'CH2', 'CHZ']",2019-01-05T20:02:36.390000Z,14.14
561,20190105T200236Z,1J.TI1A.,"['CH1', 'CH2', 'CHZ']",2019-01-05T20:02:36.390000Z,14.14
562,20190105T200308Z,1J.TI4A.,"['CH1', 'CH2', 'CHZ']",2019-01-05T20:03:08.020000Z,14.14
563,20190105T200308Z,1J.TI3A.,"['CH1', 'CH2', 'CHZ']",2019-01-05T20:03:08.020000Z,14.14
564,20190105T200308Z,1J.TI1A.,"['CH1', 'CH2', 'CHZ']",2019-01-05T20:03:08.020000Z,14.14
565,20190105T200337Z,1J.TI4A.,"['CH1', 'CH2', 'CHZ']",2019-01-05T20:03:37.860000Z,14.14
566,20190105T200337Z,1J.TI3A.,"['CH1', 'CH2', 'CHZ']",2019-01-05T20:03:37.860000Z,14.14
567,20190105T200337Z,1J.TI1A.,"['CH1', 'CH2', 'CHZ']",2019-01-05T20:03:37.860000Z,14.14
568,20190105T200426Z,1J.TI4A.,"['CH1', 'CH2', 'CHZ']",2019-01-05T20:04:26.340000Z,14.14
569,20190105T200426Z,1J.TI3A.,"['CH1', 'CH2', 'CHZ']",2019-01-05T20:04:26.340000Z,14.14
570,20190105T200426Z,1J.TI1A.,"['CH1', 'CH2', 'CHZ']",2019-01-05T20:04:26.340000Z,14.14
571,20190105T200439Z,1J.TI3A.,"['CH1', 'CH2', 'CHZ']",2019-01-05T20:04:39.900000Z,27.17
572,20190105T200439Z,1J.TI8A.,"['CH1', 'CH2', 'CHZ']",2019-01-05T20:04:39.900000Z,27.17
573,20190105T200439Z,1J.TI6A.,"['CH1', 'CH2', 'CHZ']",2019-01-05T20:04:39.900000Z,27.17
574,20190105T200439Z,1J.TI1A.,"['CH1', 'CH2', 'CHZ']",2019-01-05T20:04:39.900000Z,27.17
575,20190105T200509Z,1J.TI3A.,"['CH1', 'CH2', 'CHZ']",2019-01-05T20:05:09.310000Z,2.13
576,20190105T200700Z,1J.TI4A.,"['CH1', 'CH2', 'CHZ']",2019-01-05T20:07:00.960000Z,14.14
577,20190105T200700Z,1J.TI3A.,"['CH1', 'CH2', 'CHZ']",2019-01-05T20:07:00.960000Z,14.14
578,20190105T200700Z,1J.TI1A.,"['CH1', 'CH2', 'CHZ']",2019-01-05T20:07:00.960000Z,14.14
579,20190105T200801Z,1J.TI4A.,"['CH1', 'CH2', 'CHZ']",2019-01-05T20:08:01.170000Z,14.14
580,20190105T200801Z,1J.TI3A.,"['CH1', 'CH2', 'CHZ']",2019-01-05T20:08:01.170000Z,14.14
581,20190105T200801Z,1J.TI1A.,"['CH1', 'CH2', 'CHZ']",2019-01-05T20:08:01.170000Z,14.14
582,20190105T200825Z,1J.TI4A.,"['CH1', 'CH2', 'CHZ']",2019-01-05T20:08:25.710000Z,14.14
583,20190105T200825Z,1J.TI3A.,"['CH1', 'CH2', 'CHZ']",2019-01-05T20:08:25.710000Z,14.14
584,20190105T200825Z,1J.TI1A.,"['CH1', 'CH2', 'CHZ']",2019-01-05T20:08:25.710000Z,14.14
585,20190105T200919Z,1J.TI4A.,"['CH1', 'CH2', 'CHZ']",2019-01-05T20:09:19.520000Z,14.14
586,20190105T200919Z,1J.TI3A.,"['CH1', 'CH2', 'CHZ']",2019-01-05T20:09:19.520000Z,14.14
587,20190105T200919Z,1J.TI1A.,"['CH1', 'CH2', 'CHZ']",2019-01-05T20:09:19.520000Z,14.14
588,20190105T200945Z,1J.TI4A.,"['CH1', 'CH2', 'CHZ']",2019-01-05T20:09:45.030000Z,14.14
589,20190105T200945Z,1J.TI3A.,"['CH1', 'CH2', 'CHZ']",2019-01-05T20:09:45.030000Z,14.14
590,20190105T200945Z,1J.TI1A.,"['CH1', 'CH2', 'CHZ']",2019-01-05T20:09:45.030000Z,14.14
591,20190105T201031Z,1J.TI4A.,"['CH1', 'CH2', 'CHZ']",2019-01-05T20:10:31.510000Z,14.14
592,20190105T201031Z,1J.TI3A.,"['CH1', 'CH2', 'CHZ']",2019-01-05T20:10:31.510000Z,14.14
593,20190105T201031Z,1J.TI1A.,"['CH1', 'CH2', 'CHZ']",2019-01-05T20:10:31.510000Z,14.14
594,20190105T201230Z,1J.TI4A.,"['CH1', 'CH2', 'CHZ']",2019-01-05T20:12:30.620000Z,14.14
595,20190105T201230Z,1J.TI3A.,"['CH1', 'CH2', 'CHZ']",2019-01-05T20:12:30.620000Z,14.14
596,20190105T201230Z,1J.TI1A.,"['CH1', 'CH2', 'CHZ']",2019-01-05T20:12:30.620000Z,14.14
597,20190105T201248Z,1J.TI4A.,"['CH1', 'CH2', 'CHZ']",2019-01-05T20:12:48.810000Z,14.14
598,20190105T201248Z,1J.TI3A.,"['CH1', 'CH2', 'CHZ']",2019-01-05T20:12:48.810000Z,14.14
599,20190105T201248Z,1J.TI1A.,"['CH1', 'CH2', 'CHZ']",2019-01-05T20:12:48.810000Z,14.14
600,20190105T201401Z,1J.TI4A.,"['CH1', 'CH2', 'CHZ']",2019-01-05T20:14:01.440000Z,14.14
601,20190105T201401Z,1J.TI3A.,"['CH1', 'CH2', 'CHZ']",2019-01-05T20:14:01.440000Z,14.14
602,20190105T201401Z,1J.TI1A.,"['CH1', 'CH2', 'CHZ']",2019-01-05T20:14:01.440000Z,14.14
603,20190105T201432Z,1J.TI4A.,"['CH1', 'CH2', 'CHZ']",2019-01-05T20:14:32.090000Z,14.14
604,20190105T201432Z,1J.TI3A.,"['CH1', 'CH2', 'CHZ']",2019-01-05T20:14:32.090000Z,14.14
605,20190105T201432Z,1J.TI1A.,"['CH1', 'CH2', 'CHZ']",2019-01-05T20:14:32.090000Z,14.14
606,20190105T201502Z,1J.TI4A.,"['CH1', 'CH2', 'CHZ']",2019-01-05T20:15:02.520000Z,14.14
607,20190105T201502Z,1J.TI3A.,"['CH1', 'CH2', 'CHZ']",2019-01-05T20:15:02.520000Z,14.14
608,20190105T201502Z,1J.TI1A.,"['CH1', 'CH2', 'CHZ']",2019-01-05T20:15:02.520000Z,14.14
609,20190105T201643Z,1J.TI4A.,"['CH1', 'CH2', 'CHZ']",2019-01-05T20:16:43.390000Z,14.14
610,20190105T201643Z,1J.TI3A.,"['CH1', 'CH2', 'CHZ']",2019-01-05T20:16:43.390000Z,14.14
611,20190105T201643Z,1J.TI1A.,"['CH1', 'CH2', 'CHZ']",2019-01-05T20:16:43.390000Z,14.14
612,20190105T201726Z,1J.TI4A.,"['CH1', 'CH2', 'CHZ']",2019-01-05T20:17:26.200000Z,14.14
613,20190105T201726Z,1J.TI3A.,"['CH1', 'CH2', 'CHZ']",2019-01-05T20:17:26.200000Z,14.14
614,20190105T201726Z,1J.TI1A.,"['CH1', 'CH2', 'CHZ']",2019-01-05T20:17:26.200000Z,14.14
615,20190105T201758Z,1J.TI4A.,"['CH1', 'CH2', 'CHZ']",2019-01-05T20:17:58.560000Z,14.14
616,20190105T201758Z,1J.TI3A.,"['CH1', 'CH2', 'CHZ']",2019-01-05T20:17:58.560000Z,14.14
617,20190105T201758Z,1J.TI1A.,"['CH1', 'CH2', 'CHZ']",2019-01-05T20:17:58.560000Z,14.14
618,20190105T201843Z,1J.TI3A.,"['CH1', 'CH2', 'CHZ']",2019-01-05T20:18:43.280000Z,23.07
619,20190105T201843Z,1J.TI8A.,"['CH1', 'CH2', 'CHZ']",2019-01-05T20:18:43.280000Z,23.07
620,20190105T201843Z,1J.TI6A.,"['CH1', 'CH2', 'CHZ']",2019-01-05T20:18:43.280000Z,23.07
621,20190105T201843Z,1J.TI1A.,"['CH1', 'CH2', 'CHZ']",2019-01-05T20:18:43.280000Z,23.07
622,20190105T201906Z,1J.TI4A.,"['CH1', 'CH2', 'CHZ']",2019-01-05T20:19:06.090000Z,14.14
623,20190105T201906Z,1J.TI3A.,"['CH1', 'CH2', 'CHZ']",2019-01-05T20:19:06.090000Z,14.14
624,20190105T201906Z,1J.TI1A.,"['CH1', 'CH2', 'CHZ']",2019-01-05T20:19:06.090000Z,14.14
625,20190105T201925Z,1J.TI4A.,"['CH1', 'CH2', 'CHZ']",2019-01-05T20:19:25.880000Z,14.14
626,20190105T201925Z,1J.TI3A.,"['CH1', 'CH2', 'CHZ']",2019-01-05T20:19:25.880000Z,14.14
627,20190105T201925Z,1J.TI1A.,"['CH1', 'CH2', 'CHZ']",2019-01-05T20:19:25.880000Z,14.14
628,20190105T201938Z,1J.TI4A.,"['CH1', 'CH2', 'CHZ']",2019-01-05T20:19:38.090000Z,14.14
629,20190105T201938Z,1J.TI3A.,"['CH1', 'CH2', 'CHZ']",2019-01-05T20:19:38.090000Z,14.14
630,20190105T201938Z,1J.TI1A.,"['CH1', 'CH2', 'CHZ']",2019-01-05T20:19:38.090000Z,14.14
631,20190105T202011Z,1J.TI3A.,"['CH1', 'CH2', 'CHZ']",2019-01-05T20:20:11.400000Z,27.17
632,20190105T202011Z,1J.TI8A.,"['CH1', 'CH2', 'CHZ']",2019-01-05T20:20:11.400000Z,27.17
633,20190105T202011Z,1J.TI6A.,"['CH1', 'CH2', 'CHZ']",2019-01-05T20:20:11.400000Z,27.17
634,20190105T202011Z,1J.TI1A.,"['CH1', 'CH2', 'CHZ']",2019-01-05T20:20:11.400000Z,27.17
635,20190105T202130Z,1J.TI4A.,"['CH1', 'CH2', 'CHZ']",2019-01-05T20:21:30.730000Z,14.14
636,20190105T202130Z,1J.TI3A.,"['CH1', 'CH2', 'CHZ']",2019-01-05T20:21:30.730000Z,14.14
637,20190105T202130Z,1J.TI1A.,"['CH1', 'CH2', 'CHZ']",2019-01-05T20:21:30.730000Z,14.14
638,20190105T202156Z,1J.TI4A.,"['CH1', 'CH2', 'CHZ']",2019-01-05T20:21:56.970000Z,14.14
639,20190105T202156Z,1J.TI3A.,"['CH1', 'CH2', 'CHZ']",2019-01-05T20:21:56.970000Z,14.14
640,20190105T202156Z,1J.TI1A.,"['CH1', 'CH2', 'CHZ']",2019-01-05T20:21:56.970000Z,14.14
641,20190105T202339Z,1J.TI3A.,"['CH1', 'CH2', 'CHZ']",2019-01-05T20:23:39.390000Z,2.13
642,20190105T202432Z,1J.TI3A.,"['CH1', 'CH2', 'CHZ']",2019-01-05T20:24:32.370000Z,27.17
643,20190105T202432Z,1J.TI8A.,"['CH1', 'CH2', 'CHZ']",2019-01-05T20:24:32.370000Z,27.17
644,20190105T202432Z,1J.TI6A.,"['CH1', 'CH2', 'CHZ']",2019-01-05T20:24:32.370000Z,27.17
645,20190105T202432Z,1J.TI1A.,"['CH1', 'CH2', 'CHZ']",2019-01-05T20:24:32.370000Z,27.17
646,20190105T202540Z,1J.TI4A.,"['CH1', 'CH2', 'CHZ']",2019-01-05T20:25:40.710000Z,14.14
647,20190105T202540Z,1J.TI3A.,"['CH1', 'CH2', 'CHZ']",2019-01-05T20:25:40.710000Z,14.14
648,20190105T202540Z,1J.TI1A.,"['CH1', 'CH2', 'CHZ']",2019-01-05T20:25:40.710000Z,14.14
649,20190105T202653Z,1J.TI4A.,"['CH1', 'CH2', 'CHZ']",2019-01-05T20:26:53.710000Z,14.14
650,20190105T202653Z,1J.TI3A.,"['CH1', 'CH2', 'CHZ']",2019-01-05T20:26:53.710000Z,14.14
651,20190105T202653Z,1J.TI1A.,"['CH1', 'CH2', 'CHZ']",2019-01-05T20:26:53.710000Z,14.14
652,20190105T202736Z,1J.TI4A.,"['CH1', 'CH2', 'CHZ']",2019-01-05T20:27:36.630000Z,14.14
653,20190105T202736Z,1J.TI3A.,"['CH1', 'CH2', 'CHZ']",2019-01-05T20:27:36.630000Z,14.14
654,20190105T202736Z,1J.TI1A.,"['CH1', 'CH2', 'CHZ']",2019-01-05T20:27:36.630000Z,14.14
655,20190105T202753Z,1J.TI3A.,"['CH1', 'CH2', 'CHZ']",2019-01-05T20:27:53.060000Z,27.17
656,20190105T202753Z,1J.TI8A.,"['CH1', 'CH2', 'CHZ']",2019-01-05T20:27:53.060000Z,27.17
657,20190105T202753Z,1J.TI6A.,"['CH1', 'CH2', 'CHZ']",2019-01-05T20:27:53.060000Z,27.17
658,20190105T202753Z,1J.TI1A.,"['CH1', 'CH2', 'CHZ']",2019-01-05T20:27:53.060000Z,27.17
659,20190105T202839Z,1J.TI4A.,"['CH1', 'CH2', 'CHZ']",2019-01-05T20:28:39.950000Z,14.14
660,20190105T202839Z,1J.TI3A.,"['CH1', 'CH2', 'CHZ']",2019-01-05T20:28:39.950000Z,14.14
661,20190105T202839Z,1J.TI1A.,"['CH1', 'CH2', 'CHZ']",2019-01-05T20:28:39.950000Z,14.14
662,20190105T202919Z,1J.TI4A.,"['CH1', 'CH2', 'CHZ']",2019-01-05T20:29:19.660000Z,14.14
663,20190105T202919Z,1J.TI3A.,"['CH1', 'CH2', 'CHZ']",2019-01-05T20:29:19.660000Z,14.14
664,20190105T202919Z,1J.TI1A.,"['CH1', 'CH2', 'CHZ']",2019-01-05T20:29:19.660000Z,14.14
665,20190105T202957Z,1J.TI4A.,"['CH1', 'CH2', 'CHZ']",2019-01-05T20:29:57.950000Z,14.14
666,20190105T202957Z,1J.TI3A.,"['CH1', 'CH2', 'CHZ']",2019-01-05T20:29:57.950000Z,14.14
667,20190105T202957Z,1J.TI1A.,"['CH1', 'CH2', 'CHZ']",2019-01-05T20:29:57.950000Z,14.14
668,20190105T203015Z,1J.TI4A.,"['CH1', 'CH2', 'CHZ']",2019-01-05T20:30:15.220000Z,14.14
669,20190105T203015Z,1J.TI3A.,"['CH1', 'CH2', 'CHZ']",2019-01-05T20:30:15.220000Z,14.14
670,20190105T203015Z,1J.TI1A.,"['CH1', 'CH2', 'CHZ']",2019-01-05T20:30:15.220000Z,14.14
671,20190105T203104Z,1J.TI4A.,"['CH1', 'CH2', 'CHZ']",2019-01-05T20:31:04.310000Z,14.14
672,20190105T203104Z,1J.TI3A.,"['CH1', 'CH2', 'CHZ']",2019-01-05T20:31:04.310000Z,14.14
673,20190105T203104Z,1J.TI1A.,"['CH1', 'CH2', 'CHZ']",2019-01-05T20:31:04.310000Z,14.14
674,20190105T203141Z,1J.TI4A.,"['CH1', 'CH2', 'CHZ']",2019-01-05T20:31:41.390000Z,14.14
675,20190105T203141Z,1J.TI3A.,"['CH1', 'CH2', 'CHZ']",2019-01-05T20:31:41.390000Z,14.14
676,20190105T203141Z,1J.TI1A.,"['CH1', 'CH2', 'CHZ']",2019-01-05T20:31:41.390000Z,14.14
677,20190105T203200Z,1J.TI4A.,"['CH1', 'CH2', 'CHZ']",2019-01-05T20:32:00.550000Z,14.14
678,20190105T203200Z,1J.TI3A.,"['CH1', 'CH2', 'CHZ']",2019-01-05T20:32:00.550000Z,14.14
679,20190105T203200Z,1J.TI1A.,"['CH1', 'CH2', 'CHZ']",2019-01-05T20:32:00.550000Z,14.14
680,20190105T203225Z,1J.TI4A.,"['CH1', 'CH2', 'CHZ']",2019-01-05T20:32:25.990000Z,14.14
681,20190105T203225Z,1J.TI3A.,"['CH1', 'CH2', 'CHZ']",2019-01-05T20:32:25.990000Z,14.14
682,20190105T203225Z,1J.TI1A.,"['CH1', 'CH2', 'CHZ']",2019-01-05T20:32:25.990000Z,14.14
683,20190105T203302Z,1J.TI4A.,"['CH1', 'CH2', 'CHZ']",2019-01-05T20:33:02.630000Z,14.14
684,20190105T203302Z,1J.TI3A.,"['CH1', 'CH2', 'CHZ']",2019-01-05T20:33:02.630000Z,14.14
685,20190105T203302Z,1J.TI1A.,"['CH1', 'CH2', 'CHZ']",2019-01-05T20:33:02.630000Z,14.14
686,20190105T203449Z,1J.TI4A.,"['CH1', 'CH2', 'CHZ']",2019-01-05T20:34:49.090000Z,14.14
687,20190105T203449Z,1J.TI3A.,"['CH1', 'CH2', 'CHZ']",2019-01-05T20:34:49.090000Z,14.14
688,20190105T203449Z,1J.TI1A.,"['CH1', 'CH2', 'CHZ']",2019-01-05T20:34:49.090000Z,14.14
689,20190105T203506Z,1J.TI4A.,"['CH1', 'CH2', 'CHZ']",2019-01-05T20:35:06.520000Z,14.14
690,20190105T203506Z,1J.TI3A.,"['CH1', 'CH2', 'CHZ']",2019-01-05T20:35:06.520000Z,14.14
691,20190105T203506Z,1J.TI1A.,"['CH1', 'CH2', 'CHZ']",2019-01-05T20:35:06.520000Z,14.14
692,20190105T203721Z,1J.TI4A.,"['CH1', 'CH2', 'CHZ']",2019-01-05T20:37:21.190000Z,14.14
693,20190105T203721Z,1J.TI3A.,"['CH1', 'CH2', 'CHZ']",2019-01-05T20:37:21.190000Z,14.14
694,20190105T203721Z,1J.TI1A.,"['CH1', 'CH2', 'CHZ']",2019-01-05T20:37:21.190000Z,14.14
695,20190105T203737Z,1J.TI4A.,"['CH1', 'CH2', 'CHZ']",2019-01-05T20:37:37.030000Z,14.14
696,20190105T203737Z,1J.TI3A.,"['CH1', 'CH2', 'CHZ']",2019-01-05T20:37:37.030000Z,14.14
697,20190105T203737Z,1J.TI1A.,"['CH1', 'CH2', 'CHZ']",2019-01-05T20:37:37.030000Z,14.14
698,20190105T203752Z,1J.TI3A.,"['CH1', 'CH2', 'CHZ']",2019-01-05T20:37:52.620000Z,2.13
699,20190105T203838Z,1J.TI4A.,"['CH1', 'CH2', 'CHZ']",2019-01-05T20:38:38.970000Z,14.14
700,20190105T203838Z,1J.TI3A.,"['CH1', 'CH2', 'CHZ']",2019-01-05T20:38:38.970000Z,14.14
701,20190105T203838Z,1J.TI1A.,"['CH1', 'CH2', 'CHZ']",2019-01-05T20:38:38.970000Z,14.14
702,20190105T203937Z,1J.TI4A.,"['CH1', 'CH2', 'CHZ']",2019-01-05T20:39:37.890000Z,14.14
703,20190105T203937Z,1J.TI3A.,"['CH1', 'CH2', 'CHZ']",2019-01-05T20:39:37.890000Z,14.14
704,20190105T203937Z,1J.TI1A.,"['CH1', 'CH2', 'CHZ']",2019-01-05T20:39:37.890000Z,14.14
705,20190105T204024Z,1J.TI3A.,"['CH1', 'CH2', 'CHZ']",2019-01-05T20:40:24.050000Z,12.22
706,20190105T204039Z,1J.TI4A.,"['CH1', 'CH2', 'CHZ']",2019-01-05T20:40:39.620000Z,14.14
707,20190105T204039Z,1J.TI3A.,"['CH1', 'CH2', 'CHZ']",2019-01-05T20:40:39.620000Z,14.14
708,20190105T204039Z,1J.TI1A.,"['CH1', 'CH2', 'CHZ']",2019-01-05T20:40:39.620000Z,14.14
709,20190105T204051Z,1J.TI4A.,"['CH1', 'CH2', 'CHZ']",2019-01-05T20:40:51.360000Z,14.14
710,20190105T204051Z,1J.TI3A.,"['CH1', 'CH2', 'CHZ']",2019-01-05T20:40:51.360000Z,14.14
711,20190105T204051Z,1J.TI1A.,"['CH1', 'CH2', 'CHZ']",2019-01-05T20:40:51.360000Z,14.14
712,20190105T204235Z,1J.TI4A.,"['CH1', 'CH2', 'CHZ']",2019-01-05T20:42:35.310000Z,14.14
713,20190105T204235Z,1J.TI3A.,"['CH1', 'CH2', 'CHZ']",2019-01-05T20:42:35.310000Z,14.14
714,20190105T204235Z,1J.TI1A.,"['CH1', 'CH2', 'CHZ']",2019-01-05T20:42:35.310000Z,14.14
715,20190105T204609Z,1J.TI4A.,"['CH1', 'CH2', 'CHZ']",2019-01-05T20:46:09.450000Z,14.14
716,20190105T204609Z,1J.TI3A.,"['CH1', 'CH2', 'CHZ']",2019-01-05T20:46:09.450000Z,14.14
717,20190105T204609Z,1J.TI1A.,"['CH1', 'CH2', 'CHZ']",2019-01-05T20:46:09.450000Z,14.14
718,20190105T204633Z,1J.TI3A.,"['CH1', 'CH2', 'CHZ']",2019-01-05T20:46:33.240000Z,23.96
719,20190105T204633Z,1J.TI8A.,"['CH1', 'CH2', 'CHZ']",2019-01-05T20:46:33.240000Z,23.96
720,20190105T204645Z,1J.TI4A.,"['CH1', 'CH2', 'CHZ']",2019-01-05T20:46:45.930000Z,14.14
721,20190105T204645Z,1J.TI3A.,"['CH1', 'CH2', 'CHZ']",2019-01-05T20:46:45.930000Z,14.14
722,20190105T204645Z,1J.TI1A.,"['CH1', 'CH2', 'CHZ']",2019-01-05T20:46:45.930000Z,14.14
723,20190105T204701Z,1J.TI4A.,"['CH1', 'CH2', 'CHZ']",2019-01-05T20:47:01.730000Z,14.14
724,20190105T204701Z,1J.TI3A.,"['CH1', 'CH2', 'CHZ']",2019-01-05T20:47:01.730000Z,14.14
725,20190105T204701Z,1J.TI1A.,"['CH1', 'CH2', 'CHZ']",2019-01-05T20:47:01.730000Z,14.14
726,20190105T204819Z,1J.TI4A.,"['CH1', 'CH2', 'CHZ']",2019-01-05T20:48:19.120000Z,14.14
727,20190105T204819Z,1J.TI3A.,"['CH1', 'CH2', 'CHZ']",2019-01-05T20:48:19.120000Z,14.14
728,20190105T204819Z,1J.TI1A.,"['CH1', 'CH2', 'CHZ']",2019-01-05T20:48:19.120000Z,14.14
729,20190105T204945Z,1J.TI4A.,"['CH1', 'CH2', 'CHZ']",2019-01-05T20:49:45.780000Z,14.14
730,20190105T204945Z,1J.TI3A.,"['CH1', 'CH2', 'CHZ']",2019-01-05T20:49:45.780000Z,14.14
731,20190105T204945Z,1J.TI1A.,"['CH1', 'CH2', 'CHZ']",2019-01-05T20:49:45.780000Z,14.14
732,20190105T205017Z,1J.TI3A.,"['CH1', 'CH2', 'CHZ']",2019-01-05T20:50:17.030000Z,2.13
733,20190105T205117Z,1J.TI4A.,"['CH1', 'CH2', 'CHZ']",2019-01-05T20:51:17.180000Z,14.14
734,20190105T205117Z,1J.TI3A.,"['CH1', 'CH2', 'CHZ']",2019-01-05T20:51:17.180000Z,14.14
735,20190105T205117Z,1J.TI1A.,"['CH1', 'CH2', 'CHZ']",2019-01-05T20:51:17.180000Z,14.14
736,20190105T205225Z,1J.TI3A.,"['CH1', 'CH2', 'CHZ']",2019-01-05T20:52:25.220000Z,2.13
737,20190105T205244Z,1J.TI4A.,"['CH1', 'CH2', 'CHZ']",2019-01-05T20:52:44.150000Z,14.14
738,20190105T205244Z,1J.TI3A.,"['CH1', 'CH2', 'CHZ']",2019-01-05T20:52:44.150000Z,14.14
739,20190105T205244Z,1J.TI1A.,"['CH1', 'CH2', 'CHZ']",2019-01-05T20:52:44.150000Z,14.14
740,20190105T205310Z,1J.TI4A.,"['CH1', 'CH2', 'CHZ']",2019-01-05T20:53:10.470000Z,14.14
741,20190105T205310Z,1J.TI3A.,"['CH1', 'CH2', 'CHZ']",2019-01-05T20:53:10.470000Z,14.14
742,20190105T205310Z,1J.TI1A.,"['CH1', 'CH2', 'CHZ']",2019-01-05T20:53:10.470000Z,14.14
743,20190105T205454Z,1J.TI3A.,"['CH1', 'CH2', 'CHZ']",2019-01-05T20:54:54.740000Z,23.07
744,20190105T205454Z,1J.TI8A.,"['CH1', 'CH2', 'CHZ']",2019-01-05T20:54:54.740000Z,23.07
745,20190105T205454Z,1J.TI6A.,"['CH1', 'CH2', 'CHZ']",2019-01-05T20:54:54.740000Z,23.07
746,20190105T205454Z,1J.TI1A.,"['CH1', 'CH2', 'CHZ']",2019-01-05T20:54:54.740000Z,23.07
747,20190105T205550Z,1J.TI4A.,"['CH1', 'CH2', 'CHZ']",2019-01-05T20:55:50.710000Z,14.14
748,20190105T205550Z,1J.TI3A.,"['CH1', 'CH2', 'CHZ']",2019-01-05T20:55:50.710000Z,14.14
749,20190105T205550Z,1J.TI1A.,"['CH1', 'CH2', 'CHZ']",2019-01-05T20:55:50.710000Z,14.14
750,20190105T205705Z,1J.TI4A.,"['CH1', 'CH2', 'CHZ']",2019-01-05T20:57:05.250000Z,14.14
751,20190105T205705Z,1J.TI3A.,"['CH1', 'CH2', 'CHZ']",2019-01-05T20:57:05.250000Z,14.14
752,20190105T205705Z,1J.TI1A.,"['CH1', 'CH2', 'CHZ']",2019-01-05T20:57:05.250000Z,14.14
753,20190105T205717Z,1J.TI4A.,"['CH1', 'CH2', 'CHZ']",2019-01-05T20:57:17.790000Z,14.14
754,20190105T205717Z,1J.TI3A.,"['CH1', 'CH2', 'CHZ']",2019-01-05T20:57:17.790000Z,14.14
755,20190105T205717Z,1J.TI1A.,"['CH1', 'CH2', 'CHZ']",2019-01-05T20:57:17.790000Z,14.14
756,20190105T205749Z,1J.TI3A.,"['CH1', 'CH2', 'CHZ']",2019-01-05T20:57:49.060000Z,20.75
757,20190105T205749Z,1J.TI8A.,"['CH1', 'CH2', 'CHZ']",2019-01-05T20:57:49.060000Z,20.75
758,20190105T205749Z,1J.TI6A.,"['CH1', 'CH2', 'CHZ']",2019-01-05T20:57:49.060000Z,20.75
759,20190105T205807Z,1J.TI4A.,"['CH1', 'CH2', 'CHZ']",2019-01-05T20:58:07.930000Z,14.14
760,20190105T205807Z,1J.TI3A.,"['CH1', 'CH2', 'CHZ']",2019-01-05T20:58:07.930000Z,14.14
761,20190105T205807Z,1J.TI1A.,"['CH1', 'CH2', 'CHZ']",2019-01-05T20:58:07.930000Z,14.14
762,20190105T205830Z,1J.TI4A.,"['CH1', 'CH2', 'CHZ']",2019-01-05T20:58:30.640000Z,14.14
763,20190105T205830Z,1J.TI3A.,"['CH1', 'CH2', 'CHZ']",2019-01-05T20:58:30.640000Z,14.14
764,20190105T205830Z,1J.TI1A.,"['CH1', 'CH2', 'CHZ']",2019-01-05T20:58:30.640000Z,14.14
765,20190105T205944Z,1J.TI3A.,"['CH1', 'CH2', 'CHZ']",2019-01-05T20:59:44.100000Z,27.17
766,20190105T205944Z,1J.TI8A.,"['CH1', 'CH2', 'CHZ']",2019-01-05T20:59:44.100000Z,27.17
767,20190105T205944Z,1J.TI6A.,"['CH1', 'CH2', 'CHZ']",2019-01-05T20:59:44.100000Z,27.17
768,20190105T205944Z,1J.TI1A.,"['CH1', 'CH2', 'CHZ']",2019-01-05T20:59:44.100000Z,27.17
769,20190105T210142Z,1J.TI4A.,"['CH1', 'CH2', 'CHZ']",2019-01-05T21:01:42.000000Z,14.14
770,20190105T210142Z,1J.TI3A.,"['CH1', 'CH2', 'CHZ']",2019-01-05T21:01:42.000000Z,14.14
771,20190105T210142Z,1J.TI1A.,"['CH1', 'CH2', 'CHZ']",2019-01-05T21:01:42.000000Z,14.14
772,20190105T210608Z,1J.TI4A.,"['CH1', 'CH2', 'CHZ']",2019-01-05T21:06:08.500000Z,14.14
773,20190105T210608Z,1J.TI3A.,"['CH1', 'CH2', 'CHZ']",2019-01-05T21:06:08.500000Z,14.14
774,20190105T210608Z,1J.TI1A.,"['CH1', 'CH2', 'CHZ']",2019-01-05T21:06:08.500000Z,14.14
775,20190105T210747Z,1J.TI4A.,"['CH1', 'CH2', 'CHZ']",2019-01-05T21:07:47.830000Z,14.14
776,20190105T210747Z,1J.TI3A.,"['CH1', 'CH2', 'CHZ']",2019-01-05T21:07:47.830000Z,14.14
777,20190105T210747Z,1J.TI1A.,"['CH1', 'CH2', 'CHZ']",2019-01-05T21:07:47.830000Z,14.14
778,20190105T210804Z,1J.TI4A.,"['CH1', 'CH2', 'CHZ']",2019-01-05T21:08:04.870000Z,14.14
779,20190105T210804Z,1J.TI3A.,"['CH1', 'CH2', 'CHZ']",2019-01-05T21:08:04.870000Z,14.14
780,20190105T210804Z,1J.TI1A.,"['CH1', 'CH2', 'CHZ']",2019-01-05T21:08:04.870000Z,14.14
781,20190105T211049Z,1J.TI4A.,"['CH1', 'CH2', 'CHZ']",2019-01-05T21:10:49.500000Z,14.14
782,20190105T211049Z,1J.TI3A.,"['CH1', 'CH2', 'CHZ']",2019-01-05T21:10:49.500000Z,14.14
783,20190105T211049Z,1J.TI1A.,"['CH1', 'CH2', 'CHZ']",2019-01-05T21:10:49.500000Z,14.14
784,20190105T211123Z,1J.TI4A.,"['CH1', 'CH2', 'CHZ']",2019-01-05T21:11:23.320000Z,14.14
785,20190105T211123Z,1J.TI3A.,"['CH1', 'CH2', 'CHZ']",2019-01-05T21:11:23.320000Z,14.14
786,20190105T211123Z,1J.TI1A.,"['CH1', 'CH2', 'CHZ']",2019-01-05T21:11:23.320000Z,14.14
787,20190105T211146Z,1J.TI4A.,"['CH1', 'CH2', 'CHZ']",2019-01-05T21:11:46.220000Z,14.14
788,20190105T211146Z,1J.TI3A.,"['CH1', 'CH2', 'CHZ']",2019-01-05T21:11:46.220000Z,14.14
789,20190105T211146Z,1J.TI1A.,"['CH1', 'CH2', 'CHZ']",2019-01-05T21:11:46.220000Z,14.14
790,20190105T211224Z,1J.TI4A.,"['CH1', 'CH2', 'CHZ']",2019-01-05T21:12:24.340000Z,14.14
791,20190105T211224Z,1J.TI3A.,"['CH1', 'CH2', 'CHZ']",2019-01-05T21:12:24.340000Z,14.14
792,20190105T211224Z,1J.TI1A.,"['CH1', 'CH2', 'CHZ']",2019-01-05T21:12:24.340000Z,14.14
793,20190105T211307Z,1J.TI4A.,"['CH1', 'CH2', 'CHZ']",2019-01-05T21:13:07.330000Z,14.14
794,20190105T211307Z,1J.TI3A.,"['CH1', 'CH2', 'CHZ']",2019-01-05T21:13:07.330000Z,14.14
795,20190105T211307Z,1J.TI1A.,"['CH1', 'CH2', 'CHZ']",2019-01-05T21:13:07.330000Z,14.14
796,20190105T211339Z,1J.TI4A.,"['CH1', 'CH2', 'CHZ']",2019-01-05T21:13:39.200000Z,14.14
797,20190105T211339Z,1J.TI3A.,"['CH1', 'CH2', 'CHZ']",2019-01-05T21:13:39.200000Z,14.14
798,20190105T211339Z,1J.TI1A.,"['CH1', 'CH2', 'CHZ']",2019-01-05T21:13:39.200000Z,14.14
799,20190105T211424Z,1J.TI4A.,"['CH1', 'CH2', 'CHZ']",2019-01-05T21:14:24.020000Z,14.14
800,20190105T211424Z,1J.TI3A.,"['CH1', 'CH2', 'CHZ']",2019-01-05T21:14:24.020000Z,14.14
801,20190105T211424Z,1J.TI1A.,"['CH1', 'CH2', 'CHZ']",2019-01-05T21:14:24.020000Z,14.14
802,20190105T211523Z,1J.TI4A.,"['CH1', 'CH2', 'CHZ']",2019-01-05T21:15:23.060000Z,14.14
803,20190105T211523Z,1J.TI3A.,"['CH1', 'CH2', 'CHZ']",2019-01-05T21:15:23.060000Z,14.14
804,20190105T211523Z,1J.TI1A.,"['CH1', 'CH2', 'CHZ']",2019-01-05T21:15:23.060000Z,14.14
805,20190105T211641Z,1J.TI4A.,"['CH1', 'CH2', 'CHZ']",2019-01-05T21:16:41.660000Z,14.14
806,20190105T211641Z,1J.TI3A.,"['CH1', 'CH2', 'CHZ']",2019-01-05T21:16:41.660000Z,14.14
807,20190105T211641Z,1J.TI1A.,"['CH1', 'CH2', 'CHZ']",2019-01-05T21:16:41.660000Z,14.14
808,20190105T211757Z,1J.TI4A.,"['CH1', 'CH2', 'CHZ']",2019-01-05T21:17:57.430000Z,14.14
809,20190105T211757Z,1J.TI3A.,"['CH1', 'CH2', 'CHZ']",2019-01-05T21:17:57.430000Z,14.14
810,20190105T211757Z,1J.TI1A.,"['CH1', 'CH2', 'CHZ']",2019-01-05T21:17:57.430000Z,14.14
811,20190105T211824Z,1J.TI4A.,"['CH1', 'CH2', 'CHZ']",2019-01-05T21:18:24.230000Z,14.14
812,20190105T211824Z,1J.TI3A.,"['CH1', 'CH2', 'CHZ']",2019-01-05T21:18:24.230000Z,14.14
813,20190105T211824Z,1J.TI1A.,"['CH1', 'CH2', 'CHZ']",2019-01-05T21:18:24.230000Z,14.14
814,20190105T211910Z,1J.TI3A.,"['CH1', 'CH2', 'CHZ']",2019-01-05T21:19:10.960000Z,27.17
815,20190105T211910Z,1J.TI8A.,"['CH1', 'CH2', 'CHZ']",2019-01-05T21:19:10.960000Z,27.17
816,20190105T211910Z,1J.TI6A.,"['CH1', 'CH2', 'CHZ']",2019-01-05T21:19:10.960000Z,27.17
817,20190105T211910Z,1J.TI1A.,"['CH1', 'CH2', 'CHZ']",2019-01-05T21:19:10.960000Z,27.17
818,20190105T211940Z,1J.TI4A.,"['CH1', 'CH2', 'CHZ']",2019-01-05T21:19:40.380000Z,14.14
819,20190105T211940Z,1J.TI3A.,"['CH1', 'CH2', 'CHZ']",2019-01-05T21:19:40.380000Z,14.14
820,20190105T211940Z,1J.TI1A.,"['CH1', 'CH2', 'CHZ']",2019-01-05T21:19:40.380000Z,14.14
821,20190105T212016Z,1J.TI3A.,"['CH1', 'CH2', 'CHZ']",2019-01-05T21:20:16.860000Z,27.17
822,20190105T212016Z,1J.TI8A.,"['CH1', 'CH2', 'CHZ']",2019-01-05T21:20:16.860000Z,27.17
823,20190105T212016Z,1J.TI6A.,"['CH1', 'CH2', 'CHZ']",2019-01-05T21:20:16.860000Z,27.17
824,20190105T212016Z,1J.TI1A.,"['CH1', 'CH2', 'CHZ']",2019-01-05T21:20:16.860000Z,27.17
825,20190105T212031Z,1J.TI4A.,"['CH1', 'CH2', 'CHZ']",2019-01-05T21:20:31.000000Z,14.14
826,20190105T212031Z,1J.TI3A.,"['CH1', 'CH2', 'CHZ']",2019-01-05T21:20:31.000000Z,14.14
827,20190105T212031Z,1J.TI1A.,"['CH1', 'CH2', 'CHZ']",2019-01-05T21:20:31.000000Z,14.14
828,20190105T212041Z,1J.TI4A.,"['CH1', 'CH2', 'CHZ']",2019-01-05T21:20:41.780000Z,14.14
829,20190105T212041Z,1J.TI3A.,"['CH1', 'CH2', 'CHZ']",2019-01-05T21:20:41.780000Z,14.14
830,20190105T212041Z,1J.TI1A.,"['CH1', 'CH2', 'CHZ']",2019-01-05T21:20:41.780000Z,14.14
831,20190105T212111Z,1J.TI4A.,"['CH1', 'CH2', 'CHZ']",2019-01-05T21:21:11.820000Z,14.14
832,20190105T212111Z,1J.TI3A.,"['CH1', 'CH2', 'CHZ']",2019-01-05T21:21:11.820000Z,14.14
833,20190105T212111Z,1J.TI1A.,"['CH1', 'CH2', 'CHZ']",2019-01-05T21:21:11.820000Z,14.14
834,20190105T212142Z,1J.TI4A.,"['CH1', 'CH2', 'CHZ']",2019-01-05T21:21:42.980000Z,14.14
835,20190105T212142Z,1J.TI3A.,"['CH1', 'CH2', 'CHZ']",2019-01-05T21:21:42.980000Z,14.14
836,20190105T212142Z,1J.TI1A.,"['CH1', 'CH2', 'CHZ']",2019-01-05T21:21:42.980000Z,14.14
837,20190105T212225Z,1J.TI4A.,"['CH1', 'CH2', 'CHZ']",2019-01-05T21:22:25.850000Z,14.14
838,20190105T212225Z,1J.TI3A.,"['CH1', 'CH2', 'CHZ']",2019-01-05T21:22:25.850000Z,14.14
839,20190105T212225Z,1J.TI1A.,"['CH1', 'CH2', 'CHZ']",2019-01-05T21:22:25.850000Z,14.14
840,20190105T212238Z,1J.TI3A.,"['CH1', 'CH2', 'CHZ']",2019-01-05T21:22:38.040000Z,27.17
841,20190105T212238Z,1J.TI8A.,"['CH1', 'CH2', 'CHZ']",2019-01-05T21:22:38.040000Z,27.17
842,20190105T212238Z,1J.TI6A.,"['CH1', 'CH2', 'CHZ']",2019-01-05T21:22:38.040000Z,27.17
843,20190105T212238Z,1J.TI1A.,"['CH1', 'CH2', 'CHZ']",2019-01-05T21:22:38.040000Z,27.17
844,20190105T212412Z,1J.TI4A.,"['CH1', 'CH2', 'CHZ']",2019-01-05T21:24:12.510000Z,14.14
845,20190105T212412Z,1J.TI3A.,"['CH1', 'CH2', 'CHZ']",2019-01-05T21:24:12.510000Z,14.14
846,20190105T212412Z,1J.TI1A.,"['CH1', 'CH2', 'CHZ']",2019-01-05T21:24:12.510000Z,14.14
847,20190105T212514Z,1J.TI4A.,"['CH1', 'CH2', 'CHZ']",2019-01-05T21:25:14.270000Z,14.14
848,20190105T212514Z,1J.TI3A.,"['CH1', 'CH2', 'CHZ']",2019-01-05T21:25:14.270000Z,14.14
849,20190105T212514Z,1J.TI1A.,"['CH1', 'CH2', 'CHZ']",2019-01-05T21:25:14.270000Z,14.14
850,20190105T212539Z,1J.TI4A.,"['CH1', 'CH2', 'CHZ']",2019-01-05T21:25:39.910000Z,14.14
851,20190105T212539Z,1J.TI3A.,"['CH1', 'CH2', 'CHZ']",2019-01-05T21:25:39.910000Z,14.14
852,20190105T212539Z,1J.TI1A.,"['CH1', 'CH2', 'CHZ']",2019-01-05T21:25:39.910000Z,14.14
853,20190105T212557Z,1J.TI4A.,"['CH1', 'CH2', 'CHZ']",2019-01-05T21:25:57.430000Z,14.14
854,20190105T212557Z,1J.TI3A.,"['CH1', 'CH2', 'CHZ']",2019-01-05T21:25:57.430000Z,14.14
855,20190105T212557Z,1J.TI1A.,"['CH1', 'CH2', 'CHZ']",2019-01-05T21:25:57.430000Z,14.14
856,20190105T212617Z,1J.TI4A.,"['CH1', 'CH2', 'CHZ']",2019-01-05T21:26:17.760000Z,14.14
857,20190105T212617Z,1J.TI3A.,"['CH1', 'CH2', 'CHZ']",2019-01-05T21:26:17.760000Z,14.14
858,20190105T212617Z,1J.TI1A.,"['CH1', 'CH2', 'CHZ']",2019-01-05T21:26:17.760000Z,14.14
859,20190105T212648Z,1J.TI3A.,"['CH1', 'CH2', 'CHZ']",2019-01-05T21:26:48.160000Z,12.22
860,20190105T212718Z,1J.TI4A.,"['CH1', 'CH2', 'CHZ']",2019-01-05T21:27:18.680000Z,14.14
861,20190105T212718Z,1J.TI3A.,"['CH1', 'CH2', 'CHZ']",2019-01-05T21:27:18.680000Z,14.14
862,20190105T212718Z,1J.TI1A.,"['CH1', 'CH2', 'CHZ']",2019-01-05T21:27:18.680000Z,14.14
863,20190105T212753Z,1J.TI4A.,"['CH1', 'CH2', 'CHZ']",2019-01-05T21:27:53.170000Z,14.14
864,20190105T212753Z,1J.TI3A.,"['CH1', 'CH2', 'CHZ']",2019-01-05T21:27:53.170000Z,14.14
865,20190105T212753Z,1J.TI1A.,"['CH1', 'CH2', 'CHZ']",2019-01-05T21:27:53.170000Z,14.14
866,20190105T212820Z,1J.TI4A.,"['CH1', 'CH2', 'CHZ']",2019-01-05T21:28:20.660000Z,14.14
867,20190105T212820Z,1J.TI3A.,"['CH1', 'CH2', 'CHZ']",2019-01-05T21:28:20.660000Z,14.14
868,20190105T212820Z,1J.TI1A.,"['CH1', 'CH2', 'CHZ']",2019-01-05T21:28:20.660000Z,14.14
869,20190105T212903Z,1J.TI4A.,"['CH1', 'CH2', 'CHZ']",2019-01-05T21:29:03.480000Z,14.14
870,20190105T212903Z,1J.TI3A.,"['CH1', 'CH2', 'CHZ']",2019-01-05T21:29:03.480000Z,14.14
871,20190105T212903Z,1J.TI1A.,"['CH1', 'CH2', 'CHZ']",2019-01-05T21:29:03.480000Z,14.14
872,20190105T212926Z,1J.TI4A.,"['CH1', 'CH2', 'CHZ']",2019-01-05T21:29:26.080000Z,14.14
873,20190105T212926Z,1J.TI3A.,"['CH1', 'CH2', 'CHZ']",2019-01-05T21:29:26.080000Z,14.14
874,20190105T212926Z,1J.TI1A.,"['CH1', 'CH2', 'CHZ']",2019-01-05T21:29:26.080000Z,14.14
875,20190105T212951Z,1J.TI4A.,"['CH1', 'CH2', 'CHZ']",2019-01-05T21:29:51.060000Z,14.14
876,20190105T212951Z,1J.TI3A.,"['CH1', 'CH2', 'CHZ']",2019-01-05T21:29:51.060000Z,14.14
877,20190105T212951Z,1J.TI1A.,"['CH1', 'CH2', 'CHZ']",2019-01-05T21:29:51.060000Z,14.14
878,20190105T213031Z,1J.TI4A.,"['CH1', 'CH2', 'CHZ']",2019-01-05T21:30:31.870000Z,14.14
879,20190105T213031Z,1J.TI3A.,"['CH1', 'CH2', 'CHZ']",2019-01-05T21:30:31.870000Z,14.14
880,20190105T213031Z,1J.TI1A.,"['CH1', 'CH2', 'CHZ']",2019-01-05T21:30:31.870000Z,14.14
881,20190105T213117Z,1J.TI4A.,"['CH1', 'CH2', 'CHZ']",2019-01-05T21:31:17.860000Z,14.14
882,20190105T213117Z,1J.TI3A.,"['CH1', 'CH2', 'CHZ']",2019-01-05T21:31:17.860000Z,14.14
883,20190105T213117Z,1J.TI1A.,"['CH1', 'CH2', 'CHZ']",2019-01-05T21:31:17.860000Z,14.14
884,20190105T213302Z,1J.TI4A.,"['CH1', 'CH2', 'CHZ']",2019-01-05T21:33:02.800000Z,14.14
885,20190105T213302Z,1J.TI3A.,"['CH1', 'CH2', 'CHZ']",2019-01-05T21:33:02.800000Z,14.14
886,20190105T213302Z,1J.TI1A.,"['CH1', 'CH2', 'CHZ']",2019-01-05T21:33:02.800000Z,14.14
887,20190105T213334Z,1J.TI4A.,"['CH1', 'CH2', 'CHZ']",2019-01-05T21:33:34.170000Z,14.14
888,20190105T213334Z,1J.TI3A.,"['CH1', 'CH2', 'CHZ']",2019-01-05T21:33:34.170000Z,14.14
889,20190105T213334Z,1J.TI1A.,"['CH1', 'CH2', 'CHZ']",2019-01-05T21:33:34.170000Z,14.14
890,20190105T213406Z,1J.TI4A.,"['CH1', 'CH2', 'CHZ']",2019-01-05T21:34:06.210000Z,14.14
891,20190105T213406Z,1J.TI3A.,"['CH1', 'CH2', 'CHZ']",2019-01-05T21:34:06.210000Z,14.14
892,20190105T213406Z,1J.TI1A.,"['CH1', 'CH2', 'CHZ']",2019-01-05T21:34:06.210000Z,14.14
893,20190105T213430Z,1J.TI4A.,"['CH1', 'CH2', 'CHZ']",2019-01-05T21:34:30.520000Z,14.14
894,20190105T213430Z,1J.TI3A.,"['CH1', 'CH2', 'CHZ']",2019-01-05T21:34:30.520000Z,14.14
895,20190105T213430Z,1J.TI1A.,"['CH1', 'CH2', 'CHZ']",2019-01-05T21:34:30.520000Z,14.14
896,20190105T213458Z,1J.TI3A.,"['CH1', 'CH2', 'CHZ']",2019-01-05T21:34:58.940000Z,27.17
897,20190105T213458Z,1J.TI8A.,"['CH1', 'CH2', 'CHZ']",2019-01-05T21:34:58.940000Z,27.17
898,20190105T213458Z,1J.TI6A.,"['CH1', 'CH2', 'CHZ']",2019-01-05T21:34:58.940000Z,27.17
899,20190105T213458Z,1J.TI1A.,"['CH1', 'CH2', 'CHZ']",2019-01-05T21:34:58.940000Z,27.17
900,20190105T213516Z,1J.TI3A.,"['CH1', 'CH2', 'CHZ']",2019-01-05T21:35:16.410000Z,27.17
901,20190105T213516Z,1J.TI8A.,"['CH1', 'CH2', 'CHZ']",2019-01-05T21:35:16.410000Z,27.17
902,20190105T213516Z,1J.TI6A.,"['CH1', 'CH2', 'CHZ']",2019-01-05T21:35:16.410000Z,27.17
903,20190105T213516Z,1J.TI1A.,"['CH1', 'CH2', 'CHZ']",2019-01-05T21:35:16.410000Z,27.17
904,20190105T213613Z,1J.TI4A.,"['CH1', 'CH2', 'CHZ']",2019-01-05T21:36:13.650000Z,14.14
905,20190105T213613Z,1J.TI3A.,"['CH1', 'CH2', 'CHZ']",2019-01-05T21:36:13.650000Z,14.14
906,20190105T213613Z,1J.TI1A.,"['CH1', 'CH2', 'CHZ']",2019-01-05T21:36:13.650000Z,14.14
907,20190105T213701Z,1J.TI3A.,"['CH1', 'CH2', 'CHZ']",2019-01-05T21:37:01.790000Z,27.17
908,20190105T213701Z,1J.TI8A.,"['CH1', 'CH2', 'CHZ']",2019-01-05T21:37:01.790000Z,27.17
909,20190105T213701Z,1J.TI6A.,"['CH1', 'CH2', 'CHZ']",2019-01-05T21:37:01.790000Z,27.17
910,20190105T213701Z,1J.TI1A.,"['CH1', 'CH2', 'CHZ']",2019-01-05T21:37:01.790000Z,27.17
911,20190105T213717Z,1J.TI3A.,"['CH1', 'CH2', 'CHZ']",2019-01-05T21:37:17.310000Z,2.13
912,20190105T213745Z,1J.TI4A.,"['CH1', 'CH2', 'CHZ']",2019-01-05T21:37:45.580000Z,14.14
913,20190105T213745Z,1J.TI3A.,"['CH1', 'CH2', 'CHZ']",2019-01-05T21:37:45.580000Z,14.14
914,20190105T213745Z,1J.TI1A.,"['CH1', 'CH2', 'CHZ']",2019-01-05T21:37:45.580000Z,14.14
915,20190105T213807Z,1J.TI3A.,"['CH1', 'CH2', 'CHZ']",2019-01-05T21:38:07.200000Z,27.17
916,20190105T213807Z,1J.TI8A.,"['CH1', 'CH2', 'CHZ']",2019-01-05T21:38:07.200000Z,27.17
917,20190105T213807Z,1J.TI6A.,"['CH1', 'CH2', 'CHZ']",2019-01-05T21:38:07.200000Z,27.17
918,20190105T213807Z,1J.TI1A.,"['CH1', 'CH2', 'CHZ']",2019-01-05T21:38:07.200000Z,27.17
919,20190105T213835Z,1J.TI4A.,"['CH1', 'CH2', 'CHZ']",2019-01-05T21:38:35.980000Z,14.14
920,20190105T213835Z,1J.TI3A.,"['CH1', 'CH2', 'CHZ']",2019-01-05T21:38:35.980000Z,14.14
921,20190105T213835Z,1J.TI1A.,"['CH1', 'CH2', 'CHZ']",2019-01-05T21:38:35.980000Z,14.14
922,20190105T213907Z,1J.TI4A.,"['CH1', 'CH2', 'CHZ']",2019-01-05T21:39:07.530000Z,14.14
923,20190105T213907Z,1J.TI3A.,"['CH1', 'CH2', 'CHZ']",2019-01-05T21:39:07.530000Z,14.14
924,20190105T213907Z,1J.TI1A.,"['CH1', 'CH2', 'CHZ']",2019-01-05T21:39:07.530000Z,14.14
925,20190105T213940Z,1J.TI4A.,"['CH1', 'CH2', 'CHZ']",2019-01-05T21:39:40.010000Z,14.14
926,20190105T213940Z,1J.TI3A.,"['CH1', 'CH2', 'CHZ']",2019-01-05T21:39:40.010000Z,14.14
927,20190105T213940Z,1J.TI1A.,"['CH1', 'CH2', 'CHZ']",2019-01-05T21:39:40.010000Z,14.14
928,20190105T213954Z,1J.TI4A.,"['CH1', 'CH2', 'CHZ']",2019-01-05T21:39:54.550000Z,14.14
929,20190105T213954Z,1J.TI3A.,"['CH1', 'CH2', 'CHZ']",2019-01-05T21:39:54.550000Z,14.14
930,20190105T213954Z,1J.TI1A.,"['CH1', 'CH2', 'CHZ']",2019-01-05T21:39:54.550000Z,14.14
931,20190105T214049Z,1J.TI4A.,"['CH1', 'CH2', 'CHZ']",2019-01-05T21:40:49.850000Z,14.14
932,20190105T214049Z,1J.TI3A.,"['CH1', 'CH2', 'CHZ']",2019-01-05T21:40:49.850000Z,14.14
933,20190105T214049Z,1J.TI1A.,"['CH1', 'CH2', 'CHZ']",2019-01-05T21:40:49.850000Z,14.14
934,20190105T214106Z,1J.TI4A.,"['CH1', 'CH2', 'CHZ']",2019-01-05T21:41:06.820000Z,14.14
935,20190105T214106Z,1J.TI3A.,"['CH1', 'CH2', 'CHZ']",2019-01-05T21:41:06.820000Z,14.14
936,20190105T214106Z,1J.TI1A.,"['CH1', 'CH2', 'CHZ']",2019-01-05T21:41:06.820000Z,14.14
937,20190105T214129Z,1J.TI4A.,"['CH1', 'CH2', 'CHZ']",2019-01-05T21:41:29.660000Z,14.14
938,20190105T214129Z,1J.TI3A.,"['CH1', 'CH2', 'CHZ']",2019-01-05T21:41:29.660000Z,14.14
939,20190105T214129Z,1J.TI1A.,"['CH1', 'CH2', 'CHZ']",2019-01-05T21:41:29.660000Z,14.14
940,20190105T214148Z,1J.TI4A.,"['CH1', 'CH2', 'CHZ']",2019-01-05T21:41:48.660000Z,14.14
941,20190105T214148Z,1J.TI3A.,"['CH1', 'CH2', 'CHZ']",2019-01-05T21:41:48.660000Z,14.14
942,20190105T214148Z,1J.TI1A.,"['CH1', 'CH2', 'CHZ']",2019-01-05T21:41:48.660000Z,14.14
943,20190105T214159Z,1J.TI4A.,"['CH1', 'CH2', 'CHZ']",2019-01-05T21:41:59.880000Z,14.14
944,20190105T214159Z,1J.TI3A.,"['CH1', 'CH2', 'CHZ']",2019-01-05T21:41:59.880000Z,14.14
945,20190105T214159Z,1J.TI1A.,"['CH1', 'CH2', 'CHZ']",2019-01-05T21:41:59.880000Z,14.14
946,20190105T214214Z,1J.TI4A.,"['CH1', 'CH2', 'CHZ']",2019-01-05T21:42:14.650000Z,14.14
947,20190105T214214Z,1J.TI3A.,"['CH1', 'CH2', 'CHZ']",2019-01-05T21:42:14.650000Z,14.14
948,20190105T214214Z,1J.TI1A.,"['CH1', 'CH2', 'CHZ']",2019-01-05T21:42:14.650000Z,14.14
949,20190105T214241Z,1J.TI4A.,"['CH1', 'CH2', 'CHZ']",2019-01-05T21:42:41.730000Z,14.14
950,20190105T214241Z,1J.TI3A.,"['CH1', 'CH2', 'CHZ']",2019-01-05T21:42:41.730000Z,14.14
951,20190105T214241Z,1J.TI1A.,"['CH1', 'CH2', 'CHZ']",2019-01-05T21:42:41.730000Z,14.14
952,20190105T214300Z,1J.TI4A.,"['CH1', 'CH2', 'CHZ']",2019-01-05T21:43:00.360000Z,14.14
953,20190105T214300Z,1J.TI3A.,"['CH1', 'CH2', 'CHZ']",2019-01-05T21:43:00.360000Z,14.14
954,20190105T214300Z,1J.TI1A.,"['CH1', 'CH2', 'CHZ']",2019-01-05T21:43:00.360000Z,14.14
955,20190105T214334Z,1J.TI4A.,"['CH1', 'CH2', 'CHZ']",2019-01-05T21:43:34.110000Z,14.14
956,20190105T214334Z,1J.TI3A.,"['CH1', 'CH2', 'CHZ']",2019-01-05T21:43:34.110000Z,14.14
957,20190105T214334Z,1J.TI1A.,"['CH1', 'CH2', 'CHZ']",2019-01-05T21:43:34.110000Z,14.14
958,20190105T214357Z,1J.TI4A.,"['CH1', 'CH2', 'CHZ']",2019-01-05T21:43:57.350000Z,14.14
959,20190105T214357Z,1J.TI3A.,"['CH1', 'CH2', 'CHZ']",2019-01-05T21:43:57.350000Z,14.14
960,20190105T214357Z,1J.TI1A.,"['CH1', 'CH2', 'CHZ']",2019-01-05T21:43:57.350000Z,14.14
961,20190105T214424Z,1J.TI4A.,"['CH1', 'CH2', 'CHZ']",2019-01-05T21:44:24.160000Z,14.14
962,20190105T214424Z,1J.TI3A.,"['CH1', 'CH2', 'CHZ']",2019-01-05T21:44:24.160000Z,14.14
963,20190105T214424Z,1J.TI1A.,"['CH1', 'CH2', 'CHZ']",2019-01-05T21:44:24.160000Z,14.14
964,20190105T214450Z,1J.TI4A.,"['CH1', 'CH2', 'CHZ']",2019-01-05T21:44:50.470000Z,14.14
965,20190105T214450Z,1J.TI3A.,"['CH1', 'CH2', 'CHZ']",2019-01-05T21:44:50.470000Z,14.14
966,20190105T214450Z,1J.TI1A.,"['CH1', 'CH2', 'CHZ']",2019-01-05T21:44:50.470000Z,14.14
967,20190105T214513Z,1J.TI4A.,"['CH1', 'CH2', 'CHZ']",2019-01-05T21:45:13.680000Z,14.14
968,20190105T214513Z,1J.TI3A.,"['CH1', 'CH2', 'CHZ']",2019-01-05T21:45:13.680000Z,14.14
969,20190105T214513Z,1J.TI1A.,"['CH1', 'CH2', 'CHZ']",2019-01-05T21:45:13.680000Z,14.14
970,20190105T214549Z,1J.TI4A.,"['CH1', 'CH2', 'CHZ']",2019-01-05T21:45:49.360000Z,14.14
971,20190105T214549Z,1J.TI3A.,"['CH1', 'CH2', 'CHZ']",2019-01-05T21:45:49.360000Z,14.14
972,20190105T214549Z,1J.TI1A.,"['CH1', 'CH2', 'CHZ']",2019-01-05T21:45:49.360000Z,14.14
973,20190105T214608Z,1J.TI4A.,"['CH1', 'CH2', 'CHZ']",2019-01-05T21:46:08.480000Z,14.14
974,20190105T214608Z,1J.TI3A.,"['CH1', 'CH2', 'CHZ']",2019-01-05T21:46:08.480000Z,14.14
975,20190105T214608Z,1J.TI1A.,"['CH1', 'CH2', 'CHZ']",2019-01-05T21:46:08.480000Z,14.14
976,20190105T214643Z,1J.TI3A.,"['CH1', 'CH2', 'CHZ']",2019-01-05T21:46:43.020000Z,2.13
977,20190105T214700Z,1J.TI4A.,"['CH1', 'CH2', 'CHZ']",2019-01-05T21:47:00.910000Z,14.14
978,20190105T214700Z,1J.TI3A.,"['CH1', 'CH2', 'CHZ']",2019-01-05T21:47:00.910000Z,14.14
979,20190105T214700Z,1J.TI1A.,"['CH1', 'CH2', 'CHZ']",2019-01-05T21:47:00.910000Z,14.14
980,20190105T214722Z,1J.TI4A.,"['CH1', 'CH2', 'CHZ']",2019-01-05T21:47:22.720000Z,14.14
981,20190105T214722Z,1J.TI3A.,"['CH1', 'CH2', 'CHZ']",2019-01-05T21:47:22.720000Z,14.14
982,20190105T214722Z,1J.TI1A.,"['CH1', 'CH2', 'CHZ']",2019-01-05T21:47:22.720000Z,14.14
983,20190105T214741Z,1J.TI4A.,"['CH1', 'CH2', 'CHZ']",2019-01-05T21:47:41.690000Z,14.14
984,20190105T214741Z,1J.TI3A.,"['CH1', 'CH2', 'CHZ']",2019-01-05T21:47:41.690000Z,14.14
985,20190105T214741Z,1J.TI1A.,"['CH1', 'CH2', 'CHZ']",2019-01-05T21:47:41.690000Z,14.14
986,20190105T214756Z,1J.TI4A.,"['CH1', 'CH2', 'CHZ']",2019-01-05T21:47:56.280000Z,14.14
987,20190105T214756Z,1J.TI3A.,"['CH1', 'CH2', 'CHZ']",2019-01-05T21:47:56.280000Z,14.14
988,20190105T214756Z,1J.TI1A.,"['CH1', 'CH2', 'CHZ']",2019-01-05T21:47:56.280000Z,14.14
989,20190105T214854Z,1J.TI4A.,"['CH1', 'CH2', 'CHZ']",2019-01-05T21:48:54.890000Z,14.14
990,20190105T214854Z,1J.TI3A.,"['CH1', 'CH2', 'CHZ']",2019-01-05T21:48:54.890000Z,14.14
991,20190105T214854Z,1J.TI1A.,"['CH1', 'CH2', 'CHZ']",2019-01-05T21:48:54.890000Z,14.14
992,20190105T214917Z,1J.TI4A.,"['CH1', 'CH2', 'CHZ']",2019-01-05T21:49:17.110000Z,14.14
993,20190105T214917Z,1J.TI3A.,"['CH1', 'CH2', 'CHZ']",2019-01-05T21:49:17.110000Z,14.14
994,20190105T214917Z,1J.TI1A.,"['CH1', 'CH2', 'CHZ']",2019-01-05T21:49:17.110000Z,14.14
995,20190105T214927Z,1J.TI4A.,"['CH1', 'CH2', 'CHZ']",2019-01-05T21:49:27.840000Z,14.14
996,20190105T214927Z,1J.TI3A.,"['CH1', 'CH2', 'CHZ']",2019-01-05T21:49:27.840000Z,14.14
997,20190105T214927Z,1J.TI1A.,"['CH1', 'CH2', 'CHZ']",2019-01-05T21:49:27.840000Z,14.14
998,20190105T214939Z,1J.TI3A.,"['CH1', 'CH2', 'CHZ']",2019-01-05T21:49:39.190000Z,27.17
999,20190105T214939Z,1J.TI8A.,"['CH1', 'CH2', 'CHZ']",2019-01-05T21:49:39.190000Z,27.17
1000,20190105T214939Z,1J.TI6A.,"['CH1', 'CH2', 'CHZ']",2019-01-05T21:49:39.190000Z,27.17
1001,20190105T214939Z,1J.TI1A.,"['CH1', 'CH2', 'CHZ']",2019-01-05T21:49:39.190000Z,27.17
1002,20190105T215001Z,1J.TI4A.,"['CH1', 'CH2', 'CHZ']",2019-01-05T21:50:01.460000Z,14.14
1003,20190105T215001Z,1J.TI3A.,"['CH1', 'CH2', 'CHZ']",2019-01-05T21:50:01.460000Z,14.14
1004,20190105T215001Z,1J.TI1A.,"['CH1', 'CH2', 'CHZ']",2019-01-05T21:50:01.460000Z,14.14
1005,20190105T215029Z,1J.TI4A.,"['CH1', 'CH2', 'CHZ']",2019-01-05T21:50:29.420000Z,14.14
1006,20190105T215029Z,1J.TI3A.,"['CH1', 'CH2', 'CHZ']",2019-01-05T21:50:29.420000Z,14.14
1007,20190105T215029Z,1J.TI1A.,"['CH1', 'CH2', 'CHZ']",2019-01-05T21:50:29.420000Z,14.14
1008,20190105T215042Z,1J.TI4A.,"['CH1', 'CH2', 'CHZ']",2019-01-05T21:50:42.460000Z,14.14
1009,20190105T215042Z,1J.TI3A.,"['CH1', 'CH2', 'CHZ']",2019-01-05T21:50:42.460000Z,14.14
1010,20190105T215042Z,1J.TI1A.,"['CH1', 'CH2', 'CHZ']",2019-01-05T21:50:42.460000Z,14.14
1011,20190105T215105Z,1J.TI4A.,"['CH1', 'CH2', 'CHZ']",2019-01-05T21:51:05.760000Z,14.14
1012,20190105T215105Z,1J.TI3A.,"['CH1', 'CH2', 'CHZ']",2019-01-05T21:51:05.760000Z,14.14
1013,20190105T215105Z,1J.TI1A.,"['CH1', 'CH2', 'CHZ']",2019-01-05T21:51:05.760000Z,14.14
1014,20190105T215152Z,1J.TI4A.,"['CH1', 'CH2', 'CHZ']",2019-01-05T21:51:52.590000Z,14.14
1015,20190105T215152Z,1J.TI3A.,"['CH1', 'CH2', 'CHZ']",2019-01-05T21:51:52.590000Z,14.14
1016,20190105T215152Z,1J.TI1A.,"['CH1', 'CH2', 'CHZ']",2019-01-05T21:51:52.590000Z,14.14
1017,20190105T215308Z,1J.TI4A.,"['CH1', 'CH2', 'CHZ']",2019-01-05T21:53:08.100000Z,14.14
1018,20190105T215308Z,1J.TI3A.,"['CH1', 'CH2', 'CHZ']",2019-01-05T21:53:08.100000Z,14.14
1019,20190105T215308Z,1J.TI1A.,"['CH1', 'CH2', 'CHZ']",2019-01-05T21:53:08.100000Z,14.14
1020,20190105T215323Z,1J.TI4A.,"['CH1', 'CH2', 'CHZ']",2019-01-05T21:53:23.290000Z,14.14
1021,20190105T215323Z,1J.TI3A.,"['CH1', 'CH2', 'CHZ']",2019-01-05T21:53:23.290000Z,14.14
1022,20190105T215323Z,1J.TI1A.,"['CH1', 'CH2', 'CHZ']",2019-01-05T21:53:23.290000Z,14.14
1023,20190105T215342Z,1J.TI4A.,"['CH1', 'CH2', 'CHZ']",2019-01-05T21:53:42.880000Z,14.14
1024,20190105T215342Z,1J.TI3A.,"['CH1', 'CH2', 'CHZ']",2019-01-05T21:53:42.880000Z,14.14
1025,20190105T215342Z,1J.TI1A.,"['CH1', 'CH2', 'CHZ']",2019-01-05T21:53:42.880000Z,14.14
1026,20190105T215400Z,1J.TI4A.,"['CH1', 'CH2', 'CHZ']",2019-01-05T21:54:00.540000Z,14.14
1027,20190105T215400Z,1J.TI3A.,"['CH1', 'CH2', 'CHZ']",2019-01-05T21:54:00.540000Z,14.14
1028,20190105T215400Z,1J.TI1A.,"['CH1', 'CH2', 'CHZ']",2019-01-05T21:54:00.540000Z,14.14
1029,20190105T215459Z,1J.TI4A.,"['CH1', 'CH2', 'CHZ']",2019-01-05T21:54:59.660000Z,14.14
1030,20190105T215459Z,1J.TI3A.,"['CH1', 'CH2', 'CHZ']",2019-01-05T21:54:59.660000Z,14.14
1031,20190105T215459Z,1J.TI1A.,"['CH1', 'CH2', 'CHZ']",2019-01-05T21:54:59.660000Z,14.14
1032,20190105T215511Z,1J.TI4A.,"['CH1', 'CH2', 'CHZ']",2019-01-05T21:55:11.350000Z,14.14
1033,20190105T215511Z,1J.TI3A.,"['CH1', 'CH2', 'CHZ']",2019-01-05T21:55:11.350000Z,14.14
1034,20190105T215511Z,1J.TI1A.,"['CH1', 'CH2', 'CHZ']",2019-01-05T21:55:11.350000Z,14.14
1035,20190105T215639Z,1J.TI3A.,"['CH1', 'CH2', 'CHZ']",2019-01-05T21:56:39.520000Z,27.17
1036,20190105T215639Z,1J.TI8A.,"['CH1', 'CH2', 'CHZ']",2019-01-05T21:56:39.520000Z,27.17
1037,20190105T215639Z,1J.TI6A.,"['CH1', 'CH2', 'CHZ']",2019-01-05T21:56:39.520000Z,27.17
1038,20190105T215639Z,1J.TI1A.,"['CH1', 'CH2', 'CHZ']",2019-01-05T21:56:39.520000Z,27.17
1039,20190105T215654Z,1J.TI4A.,"['CH1', 'CH2', 'CHZ']",2019-01-05T21:56:54.080000Z,14.14
1040,20190105T215654Z,1J.TI3A.,"['CH1', 'CH2', 'CHZ']",2019-01-05T21:56:54.080000Z,14.14
1041,20190105T215654Z,1J.TI1A.,"['CH1', 'CH2', 'CHZ']",2019-01-05T21:56:54.080000Z,14.14
1042,20190105T215726Z,1J.TI4A.,"['CH1', 'CH2', 'CHZ']",2019-01-05T21:57:26.690000Z,14.14
1043,20190105T215726Z,1J.TI3A.,"['CH1', 'CH2', 'CHZ']",2019-01-05T21:57:26.690000Z,14.14
1044,20190105T215726Z,1J.TI1A.,"['CH1', 'CH2', 'CHZ']",2019-01-05T21:57:26.690000Z,14.14
1045,20190105T215754Z,1J.TI4A.,"['CH1', 'CH2', 'CHZ']",2019-01-05T21:57:54.090000Z,14.14
1046,20190105T215754Z,1J.TI3A.,"['CH1', 'CH2', 'CHZ']",2019-01-05T21:57:54.090000Z,14.14
1047,20190105T215754Z,1J.TI1A.,"['CH1', 'CH2', 'CHZ']",2019-01-05T21:57:54.090000Z,14.14
1048,20190105T215857Z,1J.TI3A.,"['CH1', 'CH2', 'CHZ']",2019-01-05T21:58:57.220000Z,27.17
1049,20190105T215857Z,1J.TI8A.,"['CH1', 'CH2', 'CHZ']",2019-01-05T21:58:57.220000Z,27.17
1050,20190105T215857Z,1J.TI6A.,"['CH1', 'CH2', 'CHZ']",2019-01-05T21:58:57.220000Z,27.17
1051,20190105T215857Z,1J.TI1A.,"['CH1', 'CH2', 'CHZ']",2019-01-05T21:58:57.220000Z,27.17
1052,20190105T215909Z,1J.TI4A.,"['CH1', 'CH2', 'CHZ']",2019-01-05T21:59:09.640000Z,14.14
1053,20190105T215909Z,1J.TI3A.,"['CH1', 'CH2', 'CHZ']",2019-01-05T21:59:09.640000Z,14.14
1054,20190105T215909Z,1J.TI1A.,"['CH1', 'CH2', 'CHZ']",2019-01-05T21:59:09.640000Z,14.14
1055,20190105T215932Z,1J.TI4A.,"['CH1', 'CH2', 'CHZ']",2019-01-05T21:59:32.550000Z,14.14
1056,20190105T215932Z,1J.TI3A.,"['CH1', 'CH2', 'CHZ']",2019-01-05T21:59:32.550000Z,14.14
1057,20190105T215932Z,1J.TI1A.,"['CH1', 'CH2', 'CHZ']",2019-01-05T21:59:32.550000Z,14.14
1058,20190105T215959Z,1J.TI4A.,"['CH1', 'CH2', 'CHZ']",2019-01-05T21:59:59.120000Z,14.14
1059,20190105T215959Z,1J.TI3A.,"['CH1', 'CH2', 'CHZ']",2019-01-05T21:59:59.120000Z,14.14
1060,20190105T215959Z,1J.TI1A.,"['CH1', 'CH2', 'CHZ']",2019-01-05T21:59:59.120000Z,14.14
1061,20190105T220120Z,1J.TI4A.,"['CH1', 'CH2', 'CHZ']",2019-01-05T22:01:20.560000Z,14.14
1062,20190105T220120Z,1J.TI3A.,"['CH1', 'CH2', 'CHZ']",2019-01-05T22:01:20.560000Z,14.14
1063,20190105T220120Z,1J.TI1A.,"['CH1', 'CH2', 'CHZ']",2019-01-05T22:01:20.560000Z,14.14
1064,20190105T220132Z,1J.TI4A.,"['CH1', 'CH2', 'CHZ']",2019-01-05T22:01:32.300000Z,14.14
1065,20190105T220132Z,1J.TI3A.,"['CH1', 'CH2', 'CHZ']",2019-01-05T22:01:32.300000Z,14.14
1066,20190105T220132Z,1J.TI1A.,"['CH1', 'CH2', 'CHZ']",2019-01-05T22:01:32.300000Z,14.14
1067,20190105T220257Z,1J.TI4A.,"['CH1', 'CH2', 'CHZ']",2019-01-05T22:02:57.360000Z,14.14
1068,20190105T220257Z,1J.TI3A.,"['CH1', 'CH2', 'CHZ']",2019-01-05T22:02:57.360000Z,14.14
1069,20190105T220257Z,1J.TI1A.,"['CH1', 'CH2', 'CHZ']",2019-01-05T22:02:57.360000Z,14.14
1070,20190105T220312Z,1J.TI4A.,"['CH1', 'CH2', 'CHZ']",2019-01-05T22:03:12.560000Z,14.14
1071,20190105T220312Z,1J.TI3A.,"['CH1', 'CH2', 'CHZ']",2019-01-05T22:03:12.560000Z,14.14
1072,20190105T220312Z,1J.TI1A.,"['CH1', 'CH2', 'CHZ']",2019-01-05T22:03:12.560000Z,14.14
1073,20190105T220327Z,1J.TI4A.,"['CH1', 'CH2', 'CHZ']",2019-01-05T22:03:27.220000Z,14.14
1074,20190105T220327Z,1J.TI3A.,"['CH1', 'CH2', 'CHZ']",2019-01-05T22:03:27.220000Z,14.14
1075,20190105T220327Z,1J.TI1A.,"['CH1', 'CH2', 'CHZ']",2019-01-05T22:03:27.220000Z,14.14
1076,20190105T220352Z,1J.TI3A.,"['CH1', 'CH2', 'CHZ']",2019-01-05T22:03:52.770000Z,27.17
1077,20190105T220352Z,1J.TI8A.,"['CH1', 'CH2', 'CHZ']",2019-01-05T22:03:52.770000Z,27.17
1078,20190105T220352Z,1J.TI6A.,"['CH1', 'CH2', 'CHZ']",2019-01-05T22:03:52.770000Z,27.17
1079,20190105T220352Z,1J.TI1A.,"['CH1', 'CH2', 'CHZ']",2019-01-05T22:03:52.770000Z,27.17
1080,20190105T220442Z,1J.TI4A.,"['CH1', 'CH2', 'CHZ']",2019-01-05T22:04:42.820000Z,14.14
1081,20190105T220442Z,1J.TI3A.,"['CH1', 'CH2', 'CHZ']",2019-01-05T22:04:42.820000Z,14.14
1082,20190105T220442Z,1J.TI1A.,"['CH1', 'CH2', 'CHZ']",2019-01-05T22:04:42.820000Z,14.14
1083,20190105T220502Z,1J.TI4A.,"['CH1', 'CH2', 'CHZ']",2019-01-05T22:05:02.320000Z,14.14
1084,20190105T220502Z,1J.TI3A.,"['CH1', 'CH2', 'CHZ']",2019-01-05T22:05:02.320000Z,14.14
1085,20190105T220502Z,1J.TI1A.,"['CH1', 'CH2', 'CHZ']",2019-01-05T22:05:02.320000Z,14.14
1086,20190105T220524Z,1J.TI4A.,"['CH1', 'CH2', 'CHZ']",2019-01-05T22:05:24.920000Z,14.14
1087,20190105T220524Z,1J.TI3A.,"['CH1', 'CH2', 'CHZ']",2019-01-05T22:05:24.920000Z,14.14
1088,20190105T220524Z,1J.TI1A.,"['CH1', 'CH2', 'CHZ']",2019-01-05T22:05:24.920000Z,14.14
1089,20190105T220607Z,1J.TI4A.,"['CH1', 'CH2', 'CHZ']",2019-01-05T22:06:07.290000Z,14.14
1090,20190105T220607Z,1J.TI3A.,"['CH1', 'CH2', 'CHZ']",2019-01-05T22:06:07.290000Z,14.14
1091,20190105T220607Z,1J.TI1A.,"['CH1', 'CH2', 'CHZ']",2019-01-05T22:06:07.290000Z,14.14
1092,20190105T220622Z,1J.TI4A.,"['CH1', 'CH2', 'CHZ']",2019-01-05T22:06:22.850000Z,14.14
1093,20190105T220622Z,1J.TI3A.,"['CH1', 'CH2', 'CHZ']",2019-01-05T22:06:22.850000Z,14.14
1094,20190105T220622Z,1J.TI1A.,"['CH1', 'CH2', 'CHZ']",2019-01-05T22:06:22.850000Z,14.14
1095,20190105T220654Z,1J.TI4A.,"['CH1', 'CH2', 'CHZ']",2019-01-05T22:06:54.060000Z,14.14
1096,20190105T220654Z,1J.TI3A.,"['CH1', 'CH2', 'CHZ']",2019-01-05T22:06:54.060000Z,14.14
1097,20190105T220654Z,1J.TI1A.,"['CH1', 'CH2', 'CHZ']",2019-01-05T22:06:54.060000Z,14.14
1098,20190105T220718Z,1J.TI4A.,"['CH1', 'CH2', 'CHZ']",2019-01-05T22:07:18.120000Z,14.14
1099,20190105T220718Z,1J.TI3A.,"['CH1', 'CH2', 'CHZ']",2019-01-05T22:07:18.120000Z,14.14
1100,20190105T220718Z,1J.TI1A.,"['CH1', 'CH2', 'CHZ']",2019-01-05T22:07:18.120000Z,14.14
1101,20190105T220733Z,1J.TI4A.,"['CH1', 'CH2', 'CHZ']",2019-01-05T22:07:33.210000Z,14.14
1102,20190105T220733Z,1J.TI3A.,"['CH1', 'CH2', 'CHZ']",2019-01-05T22:07:33.210000Z,14.14
1103,20190105T220733Z,1J.TI1A.,"['CH1', 'CH2', 'CHZ']",2019-01-05T22:07:33.210000Z,14.14
1104,20190105T220758Z,1J.TI4A.,"['CH1', 'CH2', 'CHZ']",2019-01-05T22:07:58.140000Z,14.14
1105,20190105T220758Z,1J.TI3A.,"['CH1', 'CH2', 'CHZ']",2019-01-05T22:07:58.140000Z,14.14
1106,20190105T220758Z,1J.TI1A.,"['CH1', 'CH2', 'CHZ']",2019-01-05T22:07:58.140000Z,14.14
1107,20190105T220900Z,1J.TI4A.,"['CH1', 'CH2', 'CHZ']",2019-01-05T22:09:00.710000Z,14.14
1108,20190105T220900Z,1J.TI3A.,"['CH1', 'CH2', 'CHZ']",2019-01-05T22:09:00.710000Z,14.14
1109,20190105T220900Z,1J.TI1A.,"['CH1', 'CH2', 'CHZ']",2019-01-05T22:09:00.710000Z,14.14
1110,20190105T220919Z,1J.TI3A.,"['CH1', 'CH2', 'CHZ']",2019-01-05T22:09:19.120000Z,27.17
1111,20190105T220919Z,1J.TI8A.,"['CH1', 'CH2', 'CHZ']",2019-01-05T22:09:19.120000Z,27.17
1112,20190105T220919Z,1J.TI6A.,"['CH1', 'CH2', 'CHZ']",2019-01-05T22:09:19.120000Z,27.17
1113,20190105T220919Z,1J.TI1A.,"['CH1', 'CH2', 'CHZ']",2019-01-05T22:09:19.120000Z,27.17
1114,20190105T220941Z,1J.TI3A.,"['CH1', 'CH2', 'CHZ']",2019-01-05T22:09:41.210000Z,27.17
1115,20190105T220941Z,1J.TI8A.,"['CH1', 'CH2', 'CHZ']",2019-01-05T22:09:41.210000Z,27.17
1116,20190105T220941Z,1J.TI6A.,"['CH1', 'CH2', 'CHZ']",2019-01-05T22:09:41.210000Z,27.17
1117,20190105T220941Z,1J.TI1A.,"['CH1', 'CH2', 'CHZ']",2019-01-05T22:09:41.210000Z,27.17
1118,20190105T220954Z,1J.TI4A.,"['CH1', 'CH2', 'CHZ']",2019-01-05T22:09:54.020000Z,14.14
1119,20190105T220954Z,1J.TI3A.,"['CH1', 'CH2', 'CHZ']",2019-01-05T22:09:54.020000Z,14.14
1120,20190105T220954Z,1J.TI1A.,"['CH1', 'CH2', 'CHZ']",2019-01-05T22:09:54.020000Z,14.14
1121,20190105T221038Z,1J.TI4A.,"['CH1', 'CH2', 'CHZ']",2019-01-05T22:10:38.120000Z,14.14
1122,20190105T221038Z,1J.TI3A.,"['CH1', 'CH2', 'CHZ']",2019-01-05T22:10:38.120000Z,14.14
1123,20190105T221038Z,1J.TI1A.,"['CH1', 'CH2', 'CHZ']",2019-01-05T22:10:38.120000Z,14.14
1124,20190105T221052Z,1J.TI4A.,"['CH1', 'CH2', 'CHZ']",2019-01-05T22:10:52.010000Z,14.14
1125,20190105T221052Z,1J.TI3A.,"['CH1', 'CH2', 'CHZ']",2019-01-05T22:10:52.010000Z,14.14
1126,20190105T221052Z,1J.TI1A.,"['CH1', 'CH2', 'CHZ']",2019-01-05T22:10:52.010000Z,14.14
1127,20190105T221105Z,1J.TI4A.,"['CH1', 'CH2', 'CHZ']",2019-01-05T22:11:05.860000Z,14.14
1128,20190105T221105Z,1J.TI3A.,"['CH1', 'CH2', 'CHZ']",2019-01-05T22:11:05.860000Z,14.14
1129,20190105T221105Z,1J.TI1A.,"['CH1', 'CH2', 'CHZ']",2019-01-05T22:11:05.860000Z,14.14
1130,20190105T221132Z,1J.TI4A.,"['CH1', 'CH2', 'CHZ']",2019-01-05T22:11:32.830000Z,14.14
1131,20190105T221132Z,1J.TI3A.,"['CH1', 'CH2', 'CHZ']",2019-01-05T22:11:32.830000Z,14.14
1132,20190105T221132Z,1J.TI1A.,"['CH1', 'CH2', 'CHZ']",2019-01-05T22:11:32.830000Z,14.14
1133,20190105T221232Z,1J.TI4A.,"['CH1', 'CH2', 'CHZ']",2019-01-05T22:12:32.010000Z,14.14
1134,20190105T221232Z,1J.TI3A.,"['CH1', 'CH2', 'CHZ']",2019-01-05T22:12:32.010000Z,14.14
1135,20190105T221232Z,1J.TI1A.,"['CH1', 'CH2', 'CHZ']",2019-01-05T22:12:32.010000Z,14.14
1136,20190105T221307Z,1J.TI4A.,"['CH1', 'CH2', 'CHZ']",2019-01-05T22:13:07.490000Z,14.14
1137,20190105T221307Z,1J.TI3A.,"['CH1', 'CH2', 'CHZ']",2019-01-05T22:13:07.490000Z,14.14
1138,20190105T221307Z,1J.TI1A.,"['CH1', 'CH2', 'CHZ']",2019-01-05T22:13:07.490000Z,14.14
1139,20190105T221341Z,1J.TI4A.,"['CH1', 'CH2', 'CHZ']",2019-01-05T22:13:41.520000Z,14.14
1140,20190105T221341Z,1J.TI3A.,"['CH1', 'CH2', 'CHZ']",2019-01-05T22:13:41.520000Z,14.14
1141,20190105T221341Z,1J.TI1A.,"['CH1', 'CH2', 'CHZ']",2019-01-05T22:13:41.520000Z,14.14
1142,20190105T221358Z,1J.TI4A.,"['CH1', 'CH2', 'CHZ']",2019-01-05T22:13:58.590000Z,14.14
1143,20190105T221358Z,1J.TI3A.,"['CH1', 'CH2', 'CHZ']",2019-01-05T22:13:58.590000Z,14.14
1144,20190105T221358Z,1J.TI1A.,"['CH1', 'CH2', 'CHZ']",2019-01-05T22:13:58.590000Z,14.14
1145,20190105T221425Z,1J.TI4A.,"['CH1', 'CH2', 'CHZ']",2019-01-05T22:14:25.400000Z,14.14
1146,20190105T221425Z,1J.TI3A.,"['CH1', 'CH2', 'CHZ']",2019-01-05T22:14:25.400000Z,14.14
1147,20190105T221425Z,1J.TI1A.,"['CH1', 'CH2', 'CHZ']",2019-01-05T22:14:25.400000Z,14.14
1148,20190105T221439Z,1J.TI3A.,"['CH1', 'CH2', 'CHZ']",2019-01-05T22:14:39.680000Z,27.17
1149,20190105T221439Z,1J.TI8A.,"['CH1', 'CH2', 'CHZ']",2019-01-05T22:14:39.680000Z,27.17
1150,20190105T221439Z,1J.TI6A.,"['CH1', 'CH2', 'CHZ']",2019-01-05T22:14:39.680000Z,27.17
1151,20190105T221439Z,1J.TI1A.,"['CH1', 'CH2', 'CHZ']",2019-01-05T22:14:39.680000Z,27.17
1152,20190105T221452Z,1J.TI4A.,"['CH1', 'CH2', 'CHZ']",2019-01-05T22:14:52.140000Z,14.14
1153,20190105T221452Z,1J.TI3A.,"['CH1', 'CH2', 'CHZ']",2019-01-05T22:14:52.140000Z,14.14
1154,20190105T221452Z,1J.TI1A.,"['CH1', 'CH2', 'CHZ']",2019-01-05T22:14:52.140000Z,14.14
1155,20190105T221506Z,1J.TI4A.,"['CH1', 'CH2', 'CHZ']",2019-01-05T22:15:06.730000Z,14.14
1156,20190105T221506Z,1J.TI3A.,"['CH1', 'CH2', 'CHZ']",2019-01-05T22:15:06.730000Z,14.14
1157,20190105T221506Z,1J.TI1A.,"['CH1', 'CH2', 'CHZ']",2019-01-05T22:15:06.730000Z,14.14
1158,20190105T221525Z,1J.TI4A.,"['CH1', 'CH2', 'CHZ']",2019-01-05T22:15:25.430000Z,14.14
1159,20190105T221525Z,1J.TI3A.,"['CH1', 'CH2', 'CHZ']",2019-01-05T22:15:25.430000Z,14.14
1160,20190105T221525Z,1J.TI1A.,"['CH1', 'CH2', 'CHZ']",2019-01-05T22:15:25.430000Z,14.14
1161,20190105T221554Z,1J.TI4A.,"['CH1', 'CH2', 'CHZ']",2019-01-05T22:15:54.380000Z,14.14
1162,20190105T221554Z,1J.TI3A.,"['CH1', 'CH2', 'CHZ']",2019-01-05T22:15:54.380000Z,14.14
1163,20190105T221554Z,1J.TI1A.,"['CH1', 'CH2', 'CHZ']",2019-01-05T22:15:54.380000Z,14.14
1164,20190105T221617Z,1J.TI4A.,"['CH1', 'CH2', 'CHZ']",2019-01-05T22:16:17.540000Z,14.14
1165,20190105T221617Z,1J.TI3A.,"['CH1', 'CH2', 'CHZ']",2019-01-05T22:16:17.540000Z,14.14
1166,20190105T221617Z,1J.TI1A.,"['CH1', 'CH2', 'CHZ']",2019-01-05T22:16:17.540000Z,14.14
1167,20190105T221645Z,1J.TI4A.,"['CH1', 'CH2', 'CHZ']",2019-01-05T22:16:45.380000Z,14.14
1168,20190105T221645Z,1J.TI3A.,"['CH1', 'CH2', 'CHZ']",2019-01-05T22:16:45.380000Z,14.14
1169,20190105T221645Z,1J.TI1A.,"['CH1', 'CH2', 'CHZ']",2019-01-05T22:16:45.380000Z,14.14
1170,20190105T221703Z,1J.TI4A.,"['CH1', 'CH2', 'CHZ']",2019-01-05T22:17:03.440000Z,14.14
1171,20190105T221703Z,1J.TI3A.,"['CH1', 'CH2', 'CHZ']",2019-01-05T22:17:03.440000Z,14.14
1172,20190105T221703Z,1J.TI1A.,"['CH1', 'CH2', 'CHZ']",2019-01-05T22:17:03.440000Z,14.14
1173,20190105T221756Z,1J.TI4A.,"['CH1', 'CH2', 'CHZ']",2019-01-05T22:17:56.250000Z,14.14
1174,20190105T221756Z,1J.TI3A.,"['CH1', 'CH2', 'CHZ']",2019-01-05T22:17:56.250000Z,14.14
1175,20190105T221756Z,1J.TI1A.,"['CH1', 'CH2', 'CHZ']",2019-01-05T22:17:56.250000Z,14.14
1176,20190105T221820Z,1J.TI4A.,"['CH1', 'CH2', 'CHZ']",2019-01-05T22:18:20.330000Z,14.14
1177,20190105T221820Z,1J.TI3A.,"['CH1', 'CH2', 'CHZ']",2019-01-05T22:18:20.330000Z,14.14
1178,20190105T221820Z,1J.TI1A.,"['CH1', 'CH2', 'CHZ']",2019-01-05T22:18:20.330000Z,14.14
1179,20190105T221907Z,1J.TI4A.,"['CH1', 'CH2', 'CHZ']",2019-01-05T22:19:07.110000Z,14.14
1180,20190105T221907Z,1J.TI3A.,"['CH1', 'CH2', 'CHZ']",2019-01-05T22:19:07.110000Z,14.14
1181,20190105T221907Z,1J.TI1A.,"['CH1', 'CH2', 'CHZ']",2019-01-05T22:19:07.110000Z,14.14
1182,20190105T221917Z,1J.TI4A.,"['CH1', 'CH2', 'CHZ']",2019-01-05T22:19:17.290000Z,14.14
1183,20190105T221917Z,1J.TI3A.,"['CH1', 'CH2', 'CHZ']",2019-01-05T22:19:17.290000Z,14.14
1184,20190105T221917Z,1J.TI1A.,"['CH1', 'CH2', 'CHZ']",2019-01-05T22:19:17.290000Z,14.14
1185,20190105T221938Z,1J.TI4A.,"['CH1', 'CH2', 'CHZ']",2019-01-05T22:19:38.150000Z,14.14
1186,20190105T221938Z,1J.TI3A.,"['CH1', 'CH2', 'CHZ']",2019-01-05T22:19:38.150000Z,14.14
1187,20190105T221938Z,1J.TI1A.,"['CH1', 'CH2', 'CHZ']",2019-01-05T22:19:38.150000Z,14.14
1188,20190105T221955Z,1J.TI4A.,"['CH1', 'CH2', 'CHZ']",2019-01-05T22:19:55.590000Z,14.14
1189,20190105T221955Z,1J.TI3A.,"['CH1', 'CH2', 'CHZ']",2019-01-05T22:19:55.590000Z,14.14
1190,20190105T221955Z,1J.TI1A.,"['CH1', 'CH2', 'CHZ']",2019-01-05T22:19:55.590000Z,14.14
1191,20190105T222012Z,1J.TI3A.,"['CH1', 'CH2', 'CHZ']",2019-01-05T22:20:12.720000Z,27.17
1192,20190105T222012Z,1J.TI8A.,"['CH1', 'CH2', 'CHZ']",2019-01-05T22:20:12.720000Z,27.17
1193,20190105T222012Z,1J.TI6A.,"['CH1', 'CH2', 'CHZ']",2019-01-05T22:20:12.720000Z,27.17
1194,20190105T222012Z,1J.TI1A.,"['CH1', 'CH2', 'CHZ']",2019-01-05T22:20:12.720000Z,27.17
1195,20190105T222034Z,1J.TI4A.,"['CH1', 'CH2', 'CHZ']",2019-01-05T22:20:34.440000Z,14.14
1196,20190105T222034Z,1J.TI3A.,"['CH1', 'CH2', 'CHZ']",2019-01-05T22:20:34.440000Z,14.14
1197,20190105T222034Z,1J.TI1A.,"['CH1', 'CH2', 'CHZ']",2019-01-05T22:20:34.440000Z,14.14
1198,20190105T222049Z,1J.TI4A.,"['CH1', 'CH2', 'CHZ']",2019-01-05T22:20:49.480000Z,14.14
1199,20190105T222049Z,1J.TI3A.,"['CH1', 'CH2', 'CHZ']",2019-01-05T22:20:49.480000Z,14.14
1200,20190105T222049Z,1J.TI1A.,"['CH1', 'CH2', 'CHZ']",2019-01-05T22:20:49.480000Z,14.14
1201,20190105T222123Z,1J.TI4A.,"['CH1', 'CH2', 'CHZ']",2019-01-05T22:21:23.260000Z,14.14
1202,20190105T222123Z,1J.TI3A.,"['CH1', 'CH2', 'CHZ']",2019-01-05T22:21:23.260000Z,14.14
1203,20190105T222123Z,1J.TI1A.,"['CH1', 'CH2', 'CHZ']",2019-01-05T22:21:23.260000Z,14.14
1204,20190105T222133Z,1J.TI4A.,"['CH1', 'CH2', 'CHZ']",2019-01-05T22:21:33.670000Z,14.14
1205,20190105T222133Z,1J.TI3A.,"['CH1', 'CH2', 'CHZ']",2019-01-05T22:21:33.670000Z,14.14
1206,20190105T222133Z,1J.TI1A.,"['CH1', 'CH2', 'CHZ']",2019-01-05T22:21:33.670000Z,14.14
1207,20190105T222151Z,1J.TI4A.,"['CH1', 'CH2', 'CHZ']",2019-01-05T22:21:51.920000Z,14.14
1208,20190105T222151Z,1J.TI3A.,"['CH1', 'CH2', 'CHZ']",2019-01-05T22:21:51.920000Z,14.14
1209,20190105T222151Z,1J.TI1A.,"['CH1', 'CH2', 'CHZ']",2019-01-05T22:21:51.920000Z,14.14
1210,20190105T222205Z,1J.TI4A.,"['CH1', 'CH2', 'CHZ']",2019-01-05T22:22:05.480000Z,14.14
1211,20190105T222205Z,1J.TI3A.,"['CH1', 'CH2', 'CHZ']",2019-01-05T22:22:05.480000Z,14.14
1212,20190105T222205Z,1J.TI1A.,"['CH1', 'CH2', 'CHZ']",2019-01-05T22:22:05.480000Z,14.14
1213,20190105T222233Z,1J.TI4A.,"['CH1', 'CH2', 'CHZ']",2019-01-05T22:22:33.780000Z,14.14
1214,20190105T222233Z,1J.TI3A.,"['CH1', 'CH2', 'CHZ']",2019-01-05T22:22:33.780000Z,14.14
1215,20190105T222233Z,1J.TI1A.,"['CH1', 'CH2', 'CHZ']",2019-01-05T22:22:33.780000Z,14.14
1216,20190105T222308Z,1J.TI4A.,"['CH1', 'CH2', 'CHZ']",2019-01-05T22:23:08.660000Z,14.14
1217,20190105T222308Z,1J.TI3A.,"['CH1', 'CH2', 'CHZ']",2019-01-05T22:23:08.660000Z,14.14
1218,20190105T222308Z,1J.TI1A.,"['CH1', 'CH2', 'CHZ']",2019-01-05T22:23:08.660000Z,14.14
1219,20190105T222321Z,1J.TI4A.,"['CH1', 'CH2', 'CHZ']",2019-01-05T22:23:21.310000Z,14.14
1220,20190105T222321Z,1J.TI3A.,"['CH1', 'CH2', 'CHZ']",2019-01-05T22:23:21.310000Z,14.14
1221,20190105T222321Z,1J.TI1A.,"['CH1', 'CH2', 'CHZ']",2019-01-05T22:23:21.310000Z,14.14
1222,20190105T222349Z,1J.TI4A.,"['CH1', 'CH2', 'CHZ']",2019-01-05T22:23:49.510000Z,14.14
1223,20190105T222349Z,1J.TI3A.,"['CH1', 'CH2', 'CHZ']",2019-01-05T22:23:49.510000Z,14.14
1224,20190105T222349Z,1J.TI1A.,"['CH1', 'CH2', 'CHZ']",2019-01-05T22:23:49.510000Z,14.14
1225,20190105T222417Z,1J.TI4A.,"['CH1', 'CH2', 'CHZ']",2019-01-05T22:24:17.770000Z,14.14
1226,20190105T222417Z,1J.TI3A.,"['CH1', 'CH2', 'CHZ']",2019-01-05T22:24:17.770000Z,14.14
1227,20190105T222417Z,1J.TI1A.,"['CH1', 'CH2', 'CHZ']",2019-01-05T22:24:17.770000Z,14.14
1228,20190105T222432Z,1J.TI3A.,"['CH1', 'CH2', 'CHZ']",2019-01-05T22:24:32.650000Z,27.17
1229,20190105T222432Z,1J.TI8A.,"['CH1', 'CH2', 'CHZ']",2019-01-05T22:24:32.650000Z,27.17
1230,20190105T222432Z,1J.TI6A.,"['CH1', 'CH2', 'CHZ']",2019-01-05T22:24:32.650000Z,27.17
1231,20190105T222432Z,1J.TI1A.,"['CH1', 'CH2', 'CHZ']",2019-01-05T22:24:32.650000Z,27.17
1232,20190105T222505Z,1J.TI4A.,"['CH1', 'CH2', 'CHZ']",2019-01-05T22:25:05.190000Z,14.14
1233,20190105T222505Z,1J.TI3A.,"['CH1', 'CH2', 'CHZ']",2019-01-05T22:25:05.190000Z,14.14
1234,20190105T222505Z,1J.TI1A.,"['CH1', 'CH2', 'CHZ']",2019-01-05T22:25:05.190000Z,14.14
1235,20190105T222543Z,1J.TI4A.,"['CH1', 'CH2', 'CHZ']",2019-01-05T22:25:43.830000Z,14.14
1236,20190105T222543Z,1J.TI3A.,"['CH1', 'CH2', 'CHZ']",2019-01-05T22:25:43.830000Z,14.14
1237,20190105T222543Z,1J.TI1A.,"['CH1', 'CH2', 'CHZ']",2019-01-05T22:25:43.830000Z,14.14
1238,20190105T222559Z,1J.TI4A.,"['CH1', 'CH2', 'CHZ']",2019-01-05T22:25:59.610000Z,14.14
1239,20190105T222559Z,1J.TI3A.,"['CH1', 'CH2', 'CHZ']",2019-01-05T22:25:59.610000Z,14.14
1240,20190105T222559Z,1J.TI1A.,"['CH1', 'CH2', 'CHZ']",2019-01-05T22:25:59.610000Z,14.14
1241,20190105T222611Z,1J.TI3A.,"['CH1', 'CH2', 'CHZ']",2019-01-05T22:26:11.630000Z,27.17
1242,20190105T222611Z,1J.TI8A.,"['CH1', 'CH2', 'CHZ']",2019-01-05T22:26:11.630000Z,27.17
1243,20190105T222611Z,1J.TI6A.,"['CH1', 'CH2', 'CHZ']",2019-01-05T22:26:11.630000Z,27.17
1244,20190105T222611Z,1J.TI1A.,"['CH1', 'CH2', 'CHZ']",2019-01-05T22:26:11.630000Z,27.17
1245,20190105T222627Z,1J.TI4A.,"['CH1', 'CH2', 'CHZ']",2019-01-05T22:26:27.940000Z,14.14
1246,20190105T222627Z,1J.TI3A.,"['CH1', 'CH2', 'CHZ']",2019-01-05T22:26:27.940000Z,14.14
1247,20190105T222627Z,1J.TI1A.,"['CH1', 'CH2', 'CHZ']",2019-01-05T22:26:27.940000Z,14.14
1248,20190105T222651Z,1J.TI4A.,"['CH1', 'CH2', 'CHZ']",2019-01-05T22:26:51.940000Z,14.14
1249,20190105T222651Z,1J.TI3A.,"['CH1', 'CH2', 'CHZ']",2019-01-05T22:26:51.940000Z,14.14
1250,20190105T222651Z,1J.TI1A.,"['CH1', 'CH2', 'CHZ']",2019-01-05T22:26:51.940000Z,14.14
1251,20190105T222811Z,1J.TI4A.,"['CH1', 'CH2', 'CHZ']",2019-01-05T22:28:11.300000Z,14.14
1252,20190105T222811Z,1J.TI3A.,"['CH1', 'CH2', 'CHZ']",2019-01-05T22:28:11.300000Z,14.14
1253,20190105T222811Z,1J.TI1A.,"['CH1', 'CH2', 'CHZ']",2019-01-05T22:28:11.300000Z,14.14
1254,20190105T222852Z,1J.TI4A.,"['CH1', 'CH2', 'CHZ']",2019-01-05T22:28:52.820000Z,14.14
1255,20190105T222852Z,1J.TI3A.,"['CH1', 'CH2', 'CHZ']",2019-01-05T22:28:52.820000Z,14.14
1256,20190105T222852Z,1J.TI1A.,"['CH1', 'CH2', 'CHZ']",2019-01-05T22:28:52.820000Z,14.14
1257,20190105T222913Z,1J.TI4A.,"['CH1', 'CH2', 'CHZ']",2019-01-05T22:29:13.540000Z,14.14
1258,20190105T222913Z,1J.TI3A.,"['CH1', 'CH2', 'CHZ']",2019-01-05T22:29:13.540000Z,14.14
1259,20190105T222913Z,1J.TI1A.,"['CH1', 'CH2', 'CHZ']",2019-01-05T22:29:13.540000Z,14.14
1260,20190105T223017Z,1J.TI3A.,"['CH1', 'CH2', 'CHZ']",2019-01-05T22:30:17.340000Z,27.17
1261,20190105T223017Z,1J.TI8A.,"['CH1', 'CH2', 'CHZ']",2019-01-05T22:30:17.340000Z,27.17
1262,20190105T223017Z,1J.TI6A.,"['CH1', 'CH2', 'CHZ']",2019-01-05T22:30:17.340000Z,27.17
1263,20190105T223017Z,1J.TI1A.,"['CH1', 'CH2', 'CHZ']",2019-01-05T22:30:17.340000Z,27.17
1264,20190105T223134Z,1J.TI4A.,"['CH1', 'CH2', 'CHZ']",2019-01-05T22:31:34.770000Z,14.14
1265,20190105T223134Z,1J.TI3A.,"['CH1', 'CH2', 'CHZ']",2019-01-05T22:31:34.770000Z,14.14
1266,20190105T223134Z,1J.TI1A.,"['CH1', 'CH2', 'CHZ']",2019-01-05T22:31:34.770000Z,14.14
1267,20190105T223159Z,1J.TI4A.,"['CH1', 'CH2', 'CHZ']",2019-01-05T22:31:59.450000Z,14.14
1268,20190105T223159Z,1J.TI3A.,"['CH1', 'CH2', 'CHZ']",2019-01-05T22:31:59.450000Z,14.14
1269,20190105T223159Z,1J.TI1A.,"['CH1', 'CH2', 'CHZ']",2019-01-05T22:31:59.450000Z,14.14
1270,20190105T223231Z,1J.TI4A.,"['CH1', 'CH2', 'CHZ']",2019-01-05T22:32:31.520000Z,14.14
1271,20190105T223231Z,1J.TI3A.,"['CH1', 'CH2', 'CHZ']",2019-01-05T22:32:31.520000Z,14.14
1272,20190105T223231Z,1J.TI1A.,"['CH1', 'CH2', 'CHZ']",2019-01-05T22:32:31.520000Z,14.14
1273,20190105T223311Z,1J.TI3A.,"['CH1', 'CH2', 'CHZ']",2019-01-05T22:33:11.400000Z,27.17
1274,20190105T223311Z,1J.TI8A.,"['CH1', 'CH2', 'CHZ']",2019-01-05T22:33:11.400000Z,27.17
1275,20190105T223311Z,1J.TI6A.,"['CH1', 'CH2', 'CHZ']",2019-01-05T22:33:11.400000Z,27.17
1276,20190105T223311Z,1J.TI1A.,"['CH1', 'CH2', 'CHZ']",2019-01-05T22:33:11.400000Z,27.17
1277,20190105T223327Z,1J.TI3A.,"['CH1', 'CH2', 'CHZ']",2019-01-05T22:33:27.740000Z,27.17
1278,20190105T223327Z,1J.TI8A.,"['CH1', 'CH2', 'CHZ']",2019-01-05T22:33:27.740000Z,27.17
1279,20190105T223327Z,1J.TI6A.,"['CH1', 'CH2', 'CHZ']",2019-01-05T22:33:27.740000Z,27.17
1280,20190105T223327Z,1J.TI1A.,"['CH1', 'CH2', 'CHZ']",2019-01-05T22:33:27.740000Z,27.17
1281,20190105T223351Z,1J.TI3A.,"['CH1', 'CH2', 'CHZ']",2019-01-05T22:33:51.260000Z,27.17
1282,20190105T223351Z,1J.TI8A.,"['CH1', 'CH2', 'CHZ']",2019-01-05T22:33:51.260000Z,27.17
1283,20190105T223351Z,1J.TI6A.,"['CH1', 'CH2', 'CHZ']",2019-01-05T22:33:51.260000Z,27.17
1284,20190105T223351Z,1J.TI1A.,"['CH1', 'CH2', 'CHZ']",2019-01-05T22:33:51.260000Z,27.17
1285,20190105T223421Z,1J.TI3A.,"['CH1', 'CH2', 'CHZ']",2019-01-05T22:34:21.880000Z,12.22
1286,20190105T223439Z,1J.TI4A.,"['CH1', 'CH2', 'CHZ']",2019-01-05T22:34:39.450000Z,14.14
1287,20190105T223439Z,1J.TI3A.,"['CH1', 'CH2', 'CHZ']",2019-01-05T22:34:39.450000Z,14.14
1288,20190105T223439Z,1J.TI1A.,"['CH1', 'CH2', 'CHZ']",2019-01-05T22:34:39.450000Z,14.14
1289,20190105T223454Z,1J.TI4A.,"['CH1', 'CH2', 'CHZ']",2019-01-05T22:34:54.550000Z,14.14
1290,20190105T223454Z,1J.TI3A.,"['CH1', 'CH2', 'CHZ']",2019-01-05T22:34:54.550000Z,14.14
1291,20190105T223454Z,1J.TI1A.,"['CH1', 'CH2', 'CHZ']",2019-01-05T22:34:54.550000Z,14.14
1292,20190105T223506Z,1J.TI3A.,"['CH1', 'CH2', 'CHZ']",2019-01-05T22:35:06.910000Z,27.17
1293,20190105T223506Z,1J.TI8A.,"['CH1', 'CH2', 'CHZ']",2019-01-05T22:35:06.910000Z,27.17
1294,20190105T223506Z,1J.TI6A.,"['CH1', 'CH2', 'CHZ']",2019-01-05T22:35:06.910000Z,27.17
1295,20190105T223506Z,1J.TI1A.,"['CH1', 'CH2', 'CHZ']",2019-01-05T22:35:06.910000Z,27.17
1296,20190105T223517Z,1J.TI4A.,"['CH1', 'CH2', 'CHZ']",2019-01-05T22:35:17.440000Z,14.14
1297,20190105T223517Z,1J.TI3A.,"['CH1', 'CH2', 'CHZ']",2019-01-05T22:35:17.440000Z,14.14
1298,20190105T223517Z,1J.TI1A.,"['CH1', 'CH2', 'CHZ']",2019-01-05T22:35:17.440000Z,14.14
1299,20190105T223528Z,1J.TI4A.,"['CH1', 'CH2', 'CHZ']",2019-01-05T22:35:28.670000Z,14.14
1300,20190105T223528Z,1J.TI3A.,"['CH1', 'CH2', 'CHZ']",2019-01-05T22:35:28.670000Z,14.14
1301,20190105T223528Z,1J.TI1A.,"['CH1', 'CH2', 'CHZ']",2019-01-05T22:35:28.670000Z,14.14
1302,20190105T223542Z,1J.TI3A.,"['CH1', 'CH2', 'CHZ']",2019-01-05T22:35:42.580000Z,27.17
1303,20190105T223542Z,1J.TI8A.,"['CH1', 'CH2', 'CHZ']",2019-01-05T22:35:42.580000Z,27.17
1304,20190105T223542Z,1J.TI6A.,"['CH1', 'CH2', 'CHZ']",2019-01-05T22:35:42.580000Z,27.17
1305,20190105T223542Z,1J.TI1A.,"['CH1', 'CH2', 'CHZ']",2019-01-05T22:35:42.580000Z,27.17
1306,20190105T223559Z,1J.TI4A.,"['CH1', 'CH2', 'CHZ']",2019-01-05T22:35:59.300000Z,14.14
1307,20190105T223559Z,1J.TI3A.,"['CH1', 'CH2', 'CHZ']",2019-01-05T22:35:59.300000Z,14.14
1308,20190105T223559Z,1J.TI1A.,"['CH1', 'CH2', 'CHZ']",2019-01-05T22:35:59.300000Z,14.14
1309,20190105T223735Z,1J.TI4A.,"['CH1', 'CH2', 'CHZ']",2019-01-05T22:37:35.240000Z,14.14
1310,20190105T223735Z,1J.TI3A.,"['CH1', 'CH2', 'CHZ']",2019-01-05T22:37:35.240000Z,14.14
1311,20190105T223735Z,1J.TI1A.,"['CH1', 'CH2', 'CHZ']",2019-01-05T22:37:35.240000Z,14.14
1312,20190105T223805Z,1J.TI3A.,"['CH1', 'CH2', 'CHZ']",2019-01-05T22:38:05.050000Z,12.22
1313,20190105T223903Z,1J.TI4A.,"['CH1', 'CH2', 'CHZ']",2019-01-05T22:39:03.760000Z,14.14
1314,20190105T223903Z,1J.TI3A.,"['CH1', 'CH2', 'CHZ']",2019-01-05T22:39:03.760000Z,14.14
1315,20190105T223903Z,1J.TI1A.,"['CH1', 'CH2', 'CHZ']",2019-01-05T22:39:03.760000Z,14.14
1316,20190105T223933Z,1J.TI4A.,"['CH1', 'CH2', 'CHZ']",2019-01-05T22:39:33.640000Z,14.14
1317,20190105T223933Z,1J.TI3A.,"['CH1', 'CH2', 'CHZ']",2019-01-05T22:39:33.640000Z,14.14
1318,20190105T223933Z,1J.TI1A.,"['CH1', 'CH2', 'CHZ']",2019-01-05T22:39:33.640000Z,14.14
1319,20190105T224050Z,1J.TI4A.,"['CH1', 'CH2', 'CHZ']",2019-01-05T22:40:50.930000Z,14.14
1320,20190105T224050Z,1J.TI3A.,"['CH1', 'CH2', 'CHZ']",2019-01-05T22:40:50.930000Z,14.14
1321,20190105T224050Z,1J.TI1A.,"['CH1', 'CH2', 'CHZ']",2019-01-05T22:40:50.930000Z,14.14
1322,20190105T224109Z,1J.TI3A.,"['CH1', 'CH2', 'CHZ']",2019-01-05T22:41:09.540000Z,27.17
1323,20190105T224109Z,1J.TI8A.,"['CH1', 'CH2', 'CHZ']",2019-01-05T22:41:09.540000Z,27.17
1324,20190105T224109Z,1J.TI6A.,"['CH1', 'CH2', 'CHZ']",2019-01-05T22:41:09.540000Z,27.17
1325,20190105T224109Z,1J.TI1A.,"['CH1', 'CH2', 'CHZ']",2019-01-05T22:41:09.540000Z,27.17
1326,20190105T224221Z,1J.TI4A.,"['CH1', 'CH2', 'CHZ']",2019-01-05T22:42:21.560000Z,14.14
1327,20190105T224221Z,1J.TI3A.,"['CH1', 'CH2', 'CHZ']",2019-01-05T22:42:21.560000Z,14.14
1328,20190105T224221Z,1J.TI1A.,"['CH1', 'CH2', 'CHZ']",2019-01-05T22:42:21.560000Z,14.14
1329,20190105T224323Z,1J.TI4A.,"['CH1', 'CH2', 'CHZ']",2019-01-05T22:43:23.150000Z,14.14
1330,20190105T224323Z,1J.TI3A.,"['CH1', 'CH2', 'CHZ']",2019-01-05T22:43:23.150000Z,14.14
1331,20190105T224323Z,1J.TI1A.,"['CH1', 'CH2', 'CHZ']",2019-01-05T22:43:23.150000Z,14.14
1332,20190105T224356Z,1J.TI4A.,"['CH1', 'CH2', 'CHZ']",2019-01-05T22:43:56.890000Z,14.14
1333,20190105T224356Z,1J.TI3A.,"['CH1', 'CH2', 'CHZ']",2019-01-05T22:43:56.890000Z,14.14
1334,20190105T224356Z,1J.TI1A.,"['CH1', 'CH2', 'CHZ']",2019-01-05T22:43:56.890000Z,14.14
1335,20190105T224424Z,1J.TI4A.,"['CH1', 'CH2', 'CHZ']",2019-01-05T22:44:24.400000Z,14.14
1336,20190105T224424Z,1J.TI3A.,"['CH1', 'CH2', 'CHZ']",2019-01-05T22:44:24.400000Z,14.14
1337,20190105T224424Z,1J.TI1A.,"['CH1', 'CH2', 'CHZ']",2019-01-05T22:44:24.400000Z,14.14
1338,20190105T224443Z,1J.TI4A.,"['CH1', 'CH2', 'CHZ']",2019-01-05T22:44:43.450000Z,14.14
1339,20190105T224443Z,1J.TI3A.,"['CH1', 'CH2', 'CHZ']",2019-01-05T22:44:43.450000Z,14.14
1340,20190105T224443Z,1J.TI1A.,"['CH1', 'CH2', 'CHZ']",2019-01-05T22:44:43.450000Z,14.14
1341,20190105T224532Z,1J.TI4A.,"['CH1', 'CH2', 'CHZ']",2019-01-05T22:45:32.970000Z,14.14
1342,20190105T224532Z,1J.TI3A.,"['CH1', 'CH2', 'CHZ']",2019-01-05T22:45:32.970000Z,14.14
1343,20190105T224532Z,1J.TI1A.,"['CH1', 'CH2', 'CHZ']",2019-01-05T22:45:32.970000Z,14.14
1344,20190105T224601Z,1J.TI4A.,"['CH1', 'CH2', 'CHZ']",2019-01-05T22:46:01.170000Z,14.14
1345,20190105T224601Z,1J.TI3A.,"['CH1', 'CH2', 'CHZ']",2019-01-05T22:46:01.170000Z,14.14
1346,20190105T224601Z,1J.TI1A.,"['CH1', 'CH2', 'CHZ']",2019-01-05T22:46:01.170000Z,14.14
1347,20190105T224614Z,1J.TI4A.,"['CH1', 'CH2', 'CHZ']",2019-01-05T22:46:14.690000Z,14.14
1348,20190105T224614Z,1J.TI3A.,"['CH1', 'CH2', 'CHZ']",2019-01-05T22:46:14.690000Z,14.14
1349,20190105T224614Z,1J.TI1A.,"['CH1', 'CH2', 'CHZ']",2019-01-05T22:46:14.690000Z,14.14
1350,20190105T224701Z,1J.TI4A.,"['CH1', 'CH2', 'CHZ']",2019-01-05T22:47:01.990000Z,14.14
1351,20190105T224701Z,1J.TI3A.,"['CH1', 'CH2', 'CHZ']",2019-01-05T22:47:01.990000Z,14.14
1352,20190105T224701Z,1J.TI1A.,"['CH1', 'CH2', 'CHZ']",2019-01-05T22:47:01.990000Z,14.14
1353,20190105T224740Z,1J.TI4A.,"['CH1', 'CH2', 'CHZ']",2019-01-05T22:47:40.640000Z,14.14
1354,20190105T224740Z,1J.TI3A.,"['CH1', 'CH2', 'CHZ']",2019-01-05T22:47:40.640000Z,14.14
1355,20190105T224740Z,1J.TI1A.,"['CH1', 'CH2', 'CHZ']",2019-01-05T22:47:40.640000Z,14.14
1356,20190105T224841Z,1J.TI4A.,"['CH1', 'CH2', 'CHZ']",2019-01-05T22:48:41.570000Z,14.14
1357,20190105T224841Z,1J.TI3A.,"['CH1', 'CH2', 'CHZ']",2019-01-05T22:48:41.570000Z,14.14
1358,20190105T224841Z,1J.TI1A.,"['CH1', 'CH2', 'CHZ']",2019-01-05T22:48:41.570000Z,14.14
1359,20190105T224913Z,1J.TI4A.,"['CH1', 'CH2', 'CHZ']",2019-01-05T22:49:13.970000Z,14.14
1360,20190105T224913Z,1J.TI3A.,"['CH1', 'CH2', 'CHZ']",2019-01-05T22:49:13.970000Z,14.14
1361,20190105T224913Z,1J.TI1A.,"['CH1', 'CH2', 'CHZ']",2019-01-05T22:49:13.970000Z,14.14
1362,20190105T225017Z,1J.TI3A.,"['CH1', 'CH2', 'CHZ']",2019-01-05T22:50:17.910000Z,27.17
1363,20190105T225017Z,1J.TI8A.,"['CH1', 'CH2', 'CHZ']",2019-01-05T22:50:17.910000Z,27.17
1364,20190105T225017Z,1J.TI6A.,"['CH1', 'CH2', 'CHZ']",2019-01-05T22:50:17.910000Z,27.17
1365,20190105T225017Z,1J.TI1A.,"['CH1', 'CH2', 'CHZ']",2019-01-05T22:50:17.910000Z,27.17
1366,20190105T225033Z,1J.TI3A.,"['CH1', 'CH2', 'CHZ']",2019-01-05T22:50:33.880000Z,2.13
1367,20190105T225252Z,1J.TI4A.,"['CH1', 'CH2', 'CHZ']",2019-01-05T22:52:52.300000Z,14.14
1368,20190105T225252Z,1J.TI3A.,"['CH1', 'CH2', 'CHZ']",2019-01-05T22:52:52.300000Z,14.14
1369,20190105T225252Z,1J.TI1A.,"['CH1', 'CH2', 'CHZ']",2019-01-05T22:52:52.300000Z,14.14
1370,20190105T225323Z,1J.TI4A.,"['CH1', 'CH2', 'CHZ']",2019-01-05T22:53:23.540000Z,14.14
1371,20190105T225323Z,1J.TI3A.,"['CH1', 'CH2', 'CHZ']",2019-01-05T22:53:23.540000Z,14.14
1372,20190105T225323Z,1J.TI1A.,"['CH1', 'CH2', 'CHZ']",2019-01-05T22:53:23.540000Z,14.14
1373,20190105T225353Z,1J.TI4A.,"['CH1', 'CH2', 'CHZ']",2019-01-05T22:53:53.830000Z,14.14
1374,20190105T225353Z,1J.TI3A.,"['CH1', 'CH2', 'CHZ']",2019-01-05T22:53:53.830000Z,14.14
1375,20190105T225353Z,1J.TI1A.,"['CH1', 'CH2', 'CHZ']",2019-01-05T22:53:53.830000Z,14.14
1376,20190105T225432Z,1J.TI4A.,"['CH1', 'CH2', 'CHZ']",2019-01-05T22:54:32.980000Z,14.14
1377,20190105T225432Z,1J.TI3A.,"['CH1', 'CH2', 'CHZ']",2019-01-05T22:54:32.980000Z,14.14
1378,20190105T225432Z,1J.TI1A.,"['CH1', 'CH2', 'CHZ']",2019-01-05T22:54:32.980000Z,14.14
1379,20190105T225527Z,1J.TI4A.,"['CH1', 'CH2', 'CHZ']",2019-01-05T22:55:27.910000Z,14.14
1380,20190105T225527Z,1J.TI3A.,"['CH1', 'CH2', 'CHZ']",2019-01-05T22:55:27.910000Z,14.14
1381,20190105T225527Z,1J.TI1A.,"['CH1', 'CH2', 'CHZ']",2019-01-05T22:55:27.910000Z,14.14
1382,20190105T225603Z,1J.TI3A.,"['CH1', 'CH2', 'CHZ']",2019-01-05T22:56:03.500000Z,27.17
1383,20190105T225603Z,1J.TI8A.,"['CH1', 'CH2', 'CHZ']",2019-01-05T22:56:03.500000Z,27.17
1384,20190105T225603Z,1J.TI6A.,"['CH1', 'CH2', 'CHZ']",2019-01-05T22:56:03.500000Z,27.17
1385,20190105T225603Z,1J.TI1A.,"['CH1', 'CH2', 'CHZ']",2019-01-05T22:56:03.500000Z,27.17
1386,20190105T225905Z,1J.TI4A.,"['CH1', 'CH2', 'CHZ']",2019-01-05T22:59:05.680000Z,14.14
1387,20190105T225905Z,1J.TI3A.,"['CH1', 'CH2', 'CHZ']",2019-01-05T22:59:05.680000Z,14.14
1388,20190105T225905Z,1J.TI1A.,"['CH1', 'CH2', 'CHZ']",2019-01-05T22:59:05.680000Z,14.14
1389,20190105T225924Z,1J.TI4A.,"['CH1', 'CH2', 'CHZ']",2019-01-05T22:59:24.690000Z,14.14
1390,20190105T225924Z,1J.TI3A.,"['CH1', 'CH2', 'CHZ']",2019-01-05T22:59:24.690000Z,14.14
1391,20190105T225924Z,1J.TI1A.,"['CH1', 'CH2', 'CHZ']",2019-01-05T22:59:24.690000Z,14.14
1392,20190105T225938Z,1J.TI4A.,"['CH1', 'CH2', 'CHZ']",2019-01-05T22:59:38.090000Z,14.14
1393,20190105T225938Z,1J.TI3A.,"['CH1', 'CH2', 'CHZ']",2019-01-05T22:59:38.090000Z,14.14
1394,20190105T225938Z,1J.TI1A.,"['CH1', 'CH2', 'CHZ']",2019-01-05T22:59:38.090000Z,14.14
1395,20190105T230033Z,1J.TI4A.,"['CH1', 'CH2', 'CHZ']",2019-01-05T23:00:33.850000Z,14.14
1396,20190105T230033Z,1J.TI3A.,"['CH1', 'CH2', 'CHZ']",2019-01-05T23:00:33.850000Z,14.14
1397,20190105T230033Z,1J.TI1A.,"['CH1', 'CH2', 'CHZ']",2019-01-05T23:00:33.850000Z,14.14
1398,20190105T230109Z,1J.TI4A.,"['CH1', 'CH2', 'CHZ']",2019-01-05T23:01:09.870000Z,14.14
1399,20190105T230109Z,1J.TI3A.,"['CH1', 'CH2', 'CHZ']",2019-01-05T23:01:09.870000Z,14.14
1400,20190105T230109Z,1J.TI1A.,"['CH1', 'CH2', 'CHZ']",2019-01-05T23:01:09.870000Z,14.14
1401,20190105T230133Z,1J.TI4A.,"['CH1', 'CH2', 'CHZ']",2019-01-05T23:01:33.910000Z,14.14
1402,20190105T230133Z,1J.TI3A.,"['CH1', 'CH2', 'CHZ']",2019-01-05T23:01:33.910000Z,14.14
1403,20190105T230133Z,1J.TI1A.,"['CH1', 'CH2', 'CHZ']",2019-01-05T23:01:33.910000Z,14.14
1404,20190105T230320Z,1J.TI4A.,"['CH1', 'CH2', 'CHZ']",2019-01-05T23:03:20.080000Z,14.14
1405,20190105T230320Z,1J.TI3A.,"['CH1', 'CH2', 'CHZ']",2019-01-05T23:03:20.080000Z,14.14
1406,20190105T230320Z,1J.TI1A.,"['CH1', 'CH2', 'CHZ']",2019-01-05T23:03:20.080000Z,14.14
1407,20190105T230330Z,1J.TI3A.,"['CH1', 'CH2', 'CHZ']",2019-01-05T23:03:30.710000Z,27.17
1408,20190105T230330Z,1J.TI8A.,"['CH1', 'CH2', 'CHZ']",2019-01-05T23:03:30.710000Z,27.17
1409,20190105T230330Z,1J.TI6A.,"['CH1', 'CH2', 'CHZ']",2019-01-05T23:03:30.710000Z,27.17
1410,20190105T230330Z,1J.TI1A.,"['CH1', 'CH2', 'CHZ']",2019-01-05T23:03:30.710000Z,27.17
1411,20190105T230350Z,1J.TI4A.,"['CH1', 'CH2', 'CHZ']",2019-01-05T23:03:50.250000Z,14.14
1412,20190105T230350Z,1J.TI3A.,"['CH1', 'CH2', 'CHZ']",2019-01-05T23:03:50.250000Z,14.14
1413,20190105T230350Z,1J.TI1A.,"['CH1', 'CH2', 'CHZ']",2019-01-05T23:03:50.250000Z,14.14
1414,20190105T230427Z,1J.TI4A.,"['CH1', 'CH2', 'CHZ']",2019-01-05T23:04:27.420000Z,14.14
1415,20190105T230427Z,1J.TI3A.,"['CH1', 'CH2', 'CHZ']",2019-01-05T23:04:27.420000Z,14.14
1416,20190105T230427Z,1J.TI1A.,"['CH1', 'CH2', 'CHZ']",2019-01-05T23:04:27.420000Z,14.14
1417,20190105T230454Z,1J.TI4A.,"['CH1', 'CH2', 'CHZ']",2019-01-05T23:04:54.950000Z,14.14
1418,20190105T230454Z,1J.TI3A.,"['CH1', 'CH2', 'CHZ']",2019-01-05T23:04:54.950000Z,14.14
1419,20190105T230454Z,1J.TI1A.,"['CH1', 'CH2', 'CHZ']",2019-01-05T23:04:54.950000Z,14.14
1420,20190105T230704Z,1J.TI3A.,"['CH1', 'CH2', 'CHZ']",2019-01-05T23:07:04.670000Z,27.17
1421,20190105T230704Z,1J.TI8A.,"['CH1', 'CH2', 'CHZ']",2019-01-05T23:07:04.670000Z,27.17
1422,20190105T230704Z,1J.TI6A.,"['CH1', 'CH2', 'CHZ']",2019-01-05T23:07:04.670000Z,27.17
1423,20190105T230704Z,1J.TI1A.,"['CH1', 'CH2', 'CHZ']",2019-01-05T23:07:04.670000Z,27.17
1424,20190105T230724Z,1J.TI4A.,"['CH1', 'CH2', 'CHZ']",2019-01-05T23:07:24.250000Z,14.14
1425,20190105T230724Z,1J.TI3A.,"['CH1', 'CH2', 'CHZ']",2019-01-05T23:07:24.250000Z,14.14
1426,20190105T230724Z,1J.TI1A.,"['CH1', 'CH2', 'CHZ']",2019-01-05T23:07:24.250000Z,14.14
1427,20190105T230823Z,1J.TI4A.,"['CH1', 'CH2', 'CHZ']",2019-01-05T23:08:23.370000Z,14.14
1428,20190105T230823Z,1J.TI3A.,"['CH1', 'CH2', 'CHZ']",2019-01-05T23:08:23.370000Z,14.14
1429,20190105T230823Z,1J.TI1A.,"['CH1', 'CH2', 'CHZ']",2019-01-05T23:08:23.370000Z,14.14
1430,20190105T230835Z,1J.TI4A.,"['CH1', 'CH2', 'CHZ']",2019-01-05T23:08:35.720000Z,14.14
1431,20190105T230835Z,1J.TI3A.,"['CH1', 'CH2', 'CHZ']",2019-01-05T23:08:35.720000Z,14.14
1432,20190105T230835Z,1J.TI1A.,"['CH1', 'CH2', 'CHZ']",2019-01-05T23:08:35.720000Z,14.14
1433,20190105T230847Z,1J.TI4A.,"['CH1', 'CH2', 'CHZ']",2019-01-05T23:08:47.360000Z,14.14
1434,20190105T230847Z,1J.TI3A.,"['CH1', 'CH2', 'CHZ']",2019-01-05T23:08:47.360000Z,14.14
1435,20190105T230847Z,1J.TI1A.,"['CH1', 'CH2', 'CHZ']",2019-01-05T23:08:47.360000Z,14.14
1436,20190105T230922Z,1J.TI4A.,"['CH1', 'CH2', 'CHZ']",2019-01-05T23:09:22.250000Z,14.14
1437,20190105T230922Z,1J.TI3A.,"['CH1', 'CH2', 'CHZ']",2019-01-05T23:09:22.250000Z,14.14
1438,20190105T230922Z,1J.TI1A.,"['CH1', 'CH2', 'CHZ']",2019-01-05T23:09:22.250000Z,14.14
1439,20190105T230940Z,1J.TI4A.,"['CH1', 'CH2', 'CHZ']",2019-01-05T23:09:40.280000Z,14.14
1440,20190105T230940Z,1J.TI3A.,"['CH1', 'CH2', 'CHZ']",2019-01-05T23:09:40.280000Z,14.14
1441,20190105T230940Z,1J.TI1A.,"['CH1', 'CH2', 'CHZ']",2019-01-05T23:09:40.280000Z,14.14
1442,20190105T231001Z,1J.TI4A.,"['CH1', 'CH2', 'CHZ']",2019-01-05T23:10:01.650000Z,14.14
1443,20190105T231001Z,1J.TI3A.,"['CH1', 'CH2', 'CHZ']",2019-01-05T23:10:01.650000Z,14.14
1444,20190105T231001Z,1J.TI1A.,"['CH1', 'CH2', 'CHZ']",2019-01-05T23:10:01.650000Z,14.14
1445,20190105T231034Z,1J.TI4A.,"['CH1', 'CH2', 'CHZ']",2019-01-05T23:10:34.980000Z,14.14
1446,20190105T231034Z,1J.TI3A.,"['CH1', 'CH2', 'CHZ']",2019-01-05T23:10:34.980000Z,14.14
1447,20190105T231034Z,1J.TI1A.,"['CH1', 'CH2', 'CHZ']",2019-01-05T23:10:34.980000Z,14.14
1448,20190105T231045Z,1J.TI4A.,"['CH1', 'CH2', 'CHZ']",2019-01-05T23:10:45.370000Z,14.14
1449,20190105T231045Z,1J.TI3A.,"['CH1', 'CH2', 'CHZ']",2019-01-05T23:10:45.370000Z,14.14
1450,20190105T231045Z,1J.TI1A.,"['CH1', 'CH2', 'CHZ']",2019-01-05T23:10:45.370000Z,14.14
1451,20190105T231115Z,1J.TI4A.,"['CH1', 'CH2', 'CHZ']",2019-01-05T23:11:15.890000Z,14.14
1452,20190105T231115Z,1J.TI3A.,"['CH1', 'CH2', 'CHZ']",2019-01-05T23:11:15.890000Z,14.14
1453,20190105T231115Z,1J.TI1A.,"['CH1', 'CH2', 'CHZ']",2019-01-05T23:11:15.890000Z,14.14
1454,20190105T231125Z,1J.TI4A.,"['CH1', 'CH2', 'CHZ']",2019-01-05T23:11:25.960000Z,14.14
1455,20190105T231125Z,1J.TI3A.,"['CH1', 'CH2', 'CHZ']",2019-01-05T23:11:25.960000Z,14.14
1456,20190105T231125Z,1J.TI1A.,"['CH1', 'CH2', 'CHZ']",2019-01-05T23:11:25.960000Z,14.14
1457,20190105T231158Z,1J.TI4A.,"['CH1', 'CH2', 'CHZ']",2019-01-05T23:11:58.240000Z,14.14
1458,20190105T231158Z,1J.TI3A.,"['CH1', 'CH2', 'CHZ']",2019-01-05T23:11:58.240000Z,14.14
1459,20190105T231158Z,1J.TI1A.,"['CH1', 'CH2', 'CHZ']",2019-01-05T23:11:58.240000Z,14.14
1460,20190105T231220Z,1J.TI4A.,"['CH1', 'CH2', 'CHZ']",2019-01-05T23:12:20.410000Z,14.14
1461,20190105T231220Z,1J.TI3A.,"['CH1', 'CH2', 'CHZ']",2019-01-05T23:12:20.410000Z,14.14
1462,20190105T231220Z,1J.TI1A.,"['CH1', 'CH2', 'CHZ']",2019-01-05T23:12:20.410000Z,14.14
1463,20190105T231239Z,1J.TI4A.,"['CH1', 'CH2', 'CHZ']",2019-01-05T23:12:39.390000Z,14.14
1464,20190105T231239Z,1J.TI3A.,"['CH1', 'CH2', 'CHZ']",2019-01-05T23:12:39.390000Z,14.14
1465,20190105T231239Z,1J.TI1A.,"['CH1', 'CH2', 'CHZ']",2019-01-05T23:12:39.390000Z,14.14
1466,20190105T231308Z,1J.TI4A.,"['CH1', 'CH2', 'CHZ']",2019-01-05T23:13:08.190000Z,14.14
1467,20190105T231308Z,1J.TI3A.,"['CH1', 'CH2', 'CHZ']",2019-01-05T23:13:08.190000Z,14.14
1468,20190105T231308Z,1J.TI1A.,"['CH1', 'CH2', 'CHZ']",2019-01-05T23:13:08.190000Z,14.14
1469,20190105T231334Z,1J.TI4A.,"['CH1', 'CH2', 'CHZ']",2019-01-05T23:13:34.790000Z,14.14
1470,20190105T231334Z,1J.TI3A.,"['CH1', 'CH2', 'CHZ']",2019-01-05T23:13:34.790000Z,14.14
1471,20190105T231334Z,1J.TI1A.,"['CH1', 'CH2', 'CHZ']",2019-01-05T23:13:34.790000Z,14.14
1472,20190105T231353Z,1J.TI4A.,"['CH1', 'CH2', 'CHZ']",2019-01-05T23:13:53.610000Z,14.14
1473,20190105T231353Z,1J.TI3A.,"['CH1', 'CH2', 'CHZ']",2019-01-05T23:13:53.610000Z,14.14
1474,20190105T231353Z,1J.TI1A.,"['CH1', 'CH2', 'CHZ']",2019-01-05T23:13:53.610000Z,14.14
1475,20190105T231426Z,1J.TI4A.,"['CH1', 'CH2', 'CHZ']",2019-01-05T23:14:26.310000Z,14.14
1476,20190105T231426Z,1J.TI3A.,"['CH1', 'CH2', 'CHZ']",2019-01-05T23:14:26.310000Z,14.14
1477,20190105T231426Z,1J.TI1A.,"['CH1', 'CH2', 'CHZ']",2019-01-05T23:14:26.310000Z,14.14
1478,20190105T231448Z,1J.TI3A.,"['CH1', 'CH2', 'CHZ']",2019-01-05T23:14:48.820000Z,2.13
1479,20190105T231525Z,1J.TI4A.,"['CH1', 'CH2', 'CHZ']",2019-01-05T23:15:25.270000Z,14.14
1480,20190105T231525Z,1J.TI3A.,"['CH1', 'CH2', 'CHZ']",2019-01-05T23:15:25.270000Z,14.14
1481,20190105T231525Z,1J.TI1A.,"['CH1', 'CH2', 'CHZ']",2019-01-05T23:15:25.270000Z,14.14
1482,20190105T231541Z,1J.TI4A.,"['CH1', 'CH2', 'CHZ']",2019-01-05T23:15:41.130000Z,14.14
1483,20190105T231541Z,1J.TI3A.,"['CH1', 'CH2', 'CHZ']",2019-01-05T23:15:41.130000Z,14.14
1484,20190105T231541Z,1J.TI1A.,"['CH1', 'CH2', 'CHZ']",2019-01-05T23:15:41.130000Z,14.14
1485,20190105T231636Z,1J.TI4A.,"['CH1', 'CH2', 'CHZ']",2019-01-05T23:16:36.450000Z,14.14
1486,20190105T231636Z,1J.TI3A.,"['CH1', 'CH2', 'CHZ']",2019-01-05T23:16:36.450000Z,14.14
1487,20190105T231636Z,1J.TI1A.,"['CH1', 'CH2', 'CHZ']",2019-01-05T23:16:36.450000Z,14.14
1488,20190105T231728Z,1J.TI4A.,"['CH1', 'CH2', 'CHZ']",2019-01-05T23:17:28.240000Z,14.14
1489,20190105T231728Z,1J.TI3A.,"['CH1', 'CH2', 'CHZ']",2019-01-05T23:17:28.240000Z,14.14
1490,20190105T231728Z,1J.TI1A.,"['CH1', 'CH2', 'CHZ']",2019-01-05T23:17:28.240000Z,14.14
1491,20190105T231759Z,1J.TI4A.,"['CH1', 'CH2', 'CHZ']",2019-01-05T23:17:59.870000Z,14.14
1492,20190105T231759Z,1J.TI3A.,"['CH1', 'CH2', 'CHZ']",2019-01-05T23:17:59.870000Z,14.14
1493,20190105T231759Z,1J.TI1A.,"['CH1', 'CH2', 'CHZ']",2019-01-05T23:17:59.870000Z,14.14
1494,20190105T231820Z,1J.TI4A.,"['CH1', 'CH2', 'CHZ']",2019-01-05T23:18:20.650000Z,14.14
1495,20190105T231820Z,1J.TI3A.,"['CH1', 'CH2', 'CHZ']",2019-01-05T23:18:20.650000Z,14.14
1496,20190105T231820Z,1J.TI1A.,"['CH1', 'CH2', 'CHZ']",2019-01-05T23:18:20.650000Z,14.14
1497,20190105T231851Z,1J.TI3A.,"['CH1', 'CH2', 'CHZ']",2019-01-05T23:18:51.810000Z,27.17
1498,20190105T231851Z,1J.TI8A.,"['CH1', 'CH2', 'CHZ']",2019-01-05T23:18:51.810000Z,27.17
1499,20190105T231851Z,1J.TI6A.,"['CH1', 'CH2', 'CHZ']",2019-01-05T23:18:51.810000Z,27.17
1500,20190105T231851Z,1J.TI1A.,"['CH1', 'CH2', 'CHZ']",2019-01-05T23:18:51.810000Z,27.17
1501,20190105T231903Z,1J.TI4A.,"['CH1', 'CH2', 'CHZ']",2019-01-05T23:19:03.150000Z,14.14
1502,20190105T231903Z,1J.TI3A.,"['CH1', 'CH2', 'CHZ']",2019-01-05T23:19:03.150000Z,14.14
1503,20190105T231903Z,1J.TI1A.,"['CH1', 'CH2', 'CHZ']",2019-01-05T23:19:03.150000Z,14.14
1504,20190105T231949Z,1J.TI4A.,"['CH1', 'CH2', 'CHZ']",2019-01-05T23:19:49.470000Z,14.14
1505,20190105T231949Z,1J.TI3A.,"['CH1', 'CH2', 'CHZ']",2019-01-05T23:19:49.470000Z,14.14
1506,20190105T231949Z,1J.TI1A.,"['CH1', 'CH2', 'CHZ']",2019-01-05T23:19:49.470000Z,14.14
1507,20190105T232010Z,1J.TI4A.,"['CH1', 'CH2', 'CHZ']",2019-01-05T23:20:10.970000Z,14.14
1508,20190105T232010Z,1J.TI3A.,"['CH1', 'CH2', 'CHZ']",2019-01-05T23:20:10.970000Z,14.14
1509,20190105T232010Z,1J.TI1A.,"['CH1', 'CH2', 'CHZ']",2019-01-05T23:20:10.970000Z,14.14
1510,20190105T232102Z,1J.TI3A.,"['CH1', 'CH2', 'CHZ']",2019-01-05T23:21:02.590000Z,27.17
1511,20190105T232102Z,1J.TI8A.,"['CH1', 'CH2', 'CHZ']",2019-01-05T23:21:02.590000Z,27.17
1512,20190105T232102Z,1J.TI6A.,"['CH1', 'CH2', 'CHZ']",2019-01-05T23:21:02.590000Z,27.17
1513,20190105T232102Z,1J.TI1A.,"['CH1', 'CH2', 'CHZ']",2019-01-05T23:21:02.590000Z,27.17
1514,20190105T232204Z,1J.TI4A.,"['CH1', 'CH2', 'CHZ']",2019-01-05T23:22:04.480000Z,14.14
1515,20190105T232204Z,1J.TI3A.,"['CH1', 'CH2', 'CHZ']",2019-01-05T23:22:04.480000Z,14.14
1516,20190105T232204Z,1J.TI1A.,"['CH1', 'CH2', 'CHZ']",2019-01-05T23:22:04.480000Z,14.14
1517,20190105T232239Z,1J.TI4A.,"['CH1', 'CH2', 'CHZ']",2019-01-05T23:22:39.730000Z,14.14
1518,20190105T232239Z,1J.TI3A.,"['CH1', 'CH2', 'CHZ']",2019-01-05T23:22:39.730000Z,14.14
1519,20190105T232239Z,1J.TI1A.,"['CH1', 'CH2', 'CHZ']",2019-01-05T23:22:39.730000Z,14.14
1520,20190105T232249Z,1J.TI4A.,"['CH1', 'CH2', 'CHZ']",2019-01-05T23:22:49.770000Z,14.14
1521,20190105T232249Z,1J.TI3A.,"['CH1', 'CH2', 'CHZ']",2019-01-05T23:22:49.770000Z,14.14
1522,20190105T232249Z,1J.TI1A.,"['CH1', 'CH2', 'CHZ']",2019-01-05T23:22:49.770000Z,14.14
1523,20190105T232334Z,1J.TI3A.,"['CH1', 'CH2', 'CHZ']",2019-01-05T23:23:34.790000Z,3.78
1524,20190105T232354Z,1J.TI3A.,"['CH1', 'CH2', 'CHZ']",2019-01-05T23:23:54.130000Z,27.17
1525,20190105T232354Z,1J.TI8A.,"['CH1', 'CH2', 'CHZ']",2019-01-05T23:23:54.130000Z,27.17
1526,20190105T232354Z,1J.TI6A.,"['CH1', 'CH2', 'CHZ']",2019-01-05T23:23:54.130000Z,27.17
1527,20190105T232354Z,1J.TI1A.,"['CH1', 'CH2', 'CHZ']",2019-01-05T23:23:54.130000Z,27.17
1528,20190105T232432Z,1J.TI4A.,"['CH1', 'CH2', 'CHZ']",2019-01-05T23:24:32.010000Z,14.14
1529,20190105T232432Z,1J.TI3A.,"['CH1', 'CH2', 'CHZ']",2019-01-05T23:24:32.010000Z,14.14
1530,20190105T232432Z,1J.TI1A.,"['CH1', 'CH2', 'CHZ']",2019-01-05T23:24:32.010000Z,14.14
1531,20190105T232445Z,1J.TI4A.,"['CH1', 'CH2', 'CHZ']",2019-01-05T23:24:45.690000Z,14.14
1532,20190105T232445Z,1J.TI3A.,"['CH1', 'CH2', 'CHZ']",2019-01-05T23:24:45.690000Z,14.14
1533,20190105T232445Z,1J.TI1A.,"['CH1', 'CH2', 'CHZ']",2019-01-05T23:24:45.690000Z,14.14
1534,20190105T232638Z,1J.TI4A.,"['CH1', 'CH2', 'CHZ']",2019-01-05T23:26:38.920000Z,14.14
1535,20190105T232638Z,1J.TI3A.,"['CH1', 'CH2', 'CHZ']",2019-01-05T23:26:38.920000Z,14.14
1536,20190105T232638Z,1J.TI1A.,"['CH1', 'CH2', 'CHZ']",2019-01-05T23:26:38.920000Z,14.14
1537,20190105T232649Z,1J.TI4A.,"['CH1', 'CH2', 'CHZ']",2019-01-05T23:26:49.470000Z,14.14
1538,20190105T232649Z,1J.TI3A.,"['CH1', 'CH2', 'CHZ']",2019-01-05T23:26:49.470000Z,14.14
1539,20190105T232649Z,1J.TI1A.,"['CH1', 'CH2', 'CHZ']",2019-01-05T23:26:49.470000Z,14.14
1540,20190105T232750Z,1J.TI4A.,"['CH1', 'CH2', 'CHZ']",2019-01-05T23:27:50.540000Z,14.14
1541,20190105T232750Z,1J.TI3A.,"['CH1', 'CH2', 'CHZ']",2019-01-05T23:27:50.540000Z,14.14
1542,20190105T232750Z,1J.TI1A.,"['CH1', 'CH2', 'CHZ']",2019-01-05T23:27:50.540000Z,14.14
1543,20190105T232801Z,1J.TI4A.,"['CH1', 'CH2', 'CHZ']",2019-01-05T23:28:01.560000Z,14.14
1544,20190105T232801Z,1J.TI3A.,"['CH1', 'CH2', 'CHZ']",2019-01-05T23:28:01.560000Z,14.14
1545,20190105T232801Z,1J.TI1A.,"['CH1', 'CH2', 'CHZ']",2019-01-05T23:28:01.560000Z,14.14
1546,20190105T232823Z,1J.TI4A.,"['CH1', 'CH2', 'CHZ']",2019-01-05T23:28:23.950000Z,14.14
1547,20190105T232823Z,1J.TI3A.,"['CH1', 'CH2', 'CHZ']",2019-01-05T23:28:23.950000Z,14.14
1548,20190105T232823Z,1J.TI1A.,"['CH1', 'CH2', 'CHZ']",2019-01-05T23:28:23.950000Z,14.14
1549,20190105T232845Z,1J.TI4A.,"['CH1', 'CH2', 'CHZ']",2019-01-05T23:28:45.200000Z,14.14
1550,20190105T232845Z,1J.TI3A.,"['CH1', 'CH2', 'CHZ']",2019-01-05T23:28:45.200000Z,14.14
1551,20190105T232845Z,1J.TI1A.,"['CH1', 'CH2', 'CHZ']",2019-01-05T23:28:45.200000Z,14.14
1552,20190105T232916Z,1J.TI4A.,"['CH1', 'CH2', 'CHZ']",2019-01-05T23:29:16.450000Z,14.14
1553,20190105T232916Z,1J.TI3A.,"['CH1', 'CH2', 'CHZ']",2019-01-05T23:29:16.450000Z,14.14
1554,20190105T232916Z,1J.TI1A.,"['CH1', 'CH2', 'CHZ']",2019-01-05T23:29:16.450000Z,14.14
1555,20190105T233011Z,1J.TI4A.,"['CH1', 'CH2', 'CHZ']",2019-01-05T23:30:11.960000Z,14.14
1556,20190105T233011Z,1J.TI3A.,"['CH1', 'CH2', 'CHZ']",2019-01-05T23:30:11.960000Z,14.14
1557,20190105T233011Z,1J.TI1A.,"['CH1', 'CH2', 'CHZ']",2019-01-05T23:30:11.960000Z,14.14
1558,20190105T233048Z,1J.TI4A.,"['CH1', 'CH2', 'CHZ']",2019-01-05T23:30:48.840000Z,14.14
1559,20190105T233048Z,1J.TI3A.,"['CH1', 'CH2', 'CHZ']",2019-01-05T23:30:48.840000Z,14.14
1560,20190105T233048Z,1J.TI1A.,"['CH1', 'CH2', 'CHZ']",2019-01-05T23:30:48.840000Z,14.14
1561,20190105T233159Z,1J.TI4A.,"['CH1', 'CH2', 'CHZ']",2019-01-05T23:31:59.450000Z,14.14
1562,20190105T233159Z,1J.TI3A.,"['CH1', 'CH2', 'CHZ']",2019-01-05T23:31:59.450000Z,14.14
1563,20190105T233159Z,1J.TI1A.,"['CH1', 'CH2', 'CHZ']",2019-01-05T23:31:59.450000Z,14.14
1564,20190105T233309Z,1J.TI4A.,"['CH1', 'CH2', 'CHZ']",2019-01-05T23:33:09.430000Z,14.14
1565,20190105T233309Z,1J.TI3A.,"['CH1', 'CH2', 'CHZ']",2019-01-05T23:33:09.430000Z,14.14
1566,20190105T233309Z,1J.TI1A.,"['CH1', 'CH2', 'CHZ']",2019-01-05T23:33:09.430000Z,14.14
1567,20190105T233324Z,1J.TI4A.,"['CH1', 'CH2', 'CHZ']",2019-01-05T23:33:24.360000Z,14.14
1568,20190105T233324Z,1J.TI3A.,"['CH1', 'CH2', 'CHZ']",2019-01-05T23:33:24.360000Z,14.14
1569,20190105T233324Z,1J.TI1A.,"['CH1', 'CH2', 'CHZ']",2019-01-05T23:33:24.360000Z,14.14
1570,20190105T233443Z,1J.TI4A.,"['CH1', 'CH2', 'CHZ']",2019-01-05T23:34:43.080000Z,14.14
1571,20190105T233443Z,1J.TI3A.,"['CH1', 'CH2', 'CHZ']",2019-01-05T23:34:43.080000Z,14.14
1572,20190105T233443Z,1J.TI1A.,"['CH1', 'CH2', 'CHZ']",2019-01-05T23:34:43.080000Z,14.14
1573,20190105T233453Z,1J.TI4A.,"['CH1', 'CH2', 'CHZ']",2019-01-05T23:34:53.750000Z,14.14
1574,20190105T233453Z,1J.TI3A.,"['CH1', 'CH2', 'CHZ']",2019-01-05T23:34:53.750000Z,14.14
1575,20190105T233453Z,1J.TI1A.,"['CH1', 'CH2', 'CHZ']",2019-01-05T23:34:53.750000Z,14.14
1576,20190105T233519Z,1J.TI4A.,"['CH1', 'CH2', 'CHZ']",2019-01-05T23:35:19.150000Z,14.14
1577,20190105T233519Z,1J.TI3A.,"['CH1', 'CH2', 'CHZ']",2019-01-05T23:35:19.150000Z,14.14
1578,20190105T233519Z,1J.TI1A.,"['CH1', 'CH2', 'CHZ']",2019-01-05T23:35:19.150000Z,14.14
1579,20190105T233543Z,1J.TI4A.,"['CH1', 'CH2', 'CHZ']",2019-01-05T23:35:43.330000Z,14.14
1580,20190105T233543Z,1J.TI3A.,"['CH1', 'CH2', 'CHZ']",2019-01-05T23:35:43.330000Z,14.14
1581,20190105T233543Z,1J.TI1A.,"['CH1', 'CH2', 'CHZ']",2019-01-05T23:35:43.330000Z,14.14
1582,20190105T233615Z,1J.TI4A.,"['CH1', 'CH2', 'CHZ']",2019-01-05T23:36:15.170000Z,14.14
1583,20190105T233615Z,1J.TI3A.,"['CH1', 'CH2', 'CHZ']",2019-01-05T23:36:15.170000Z,14.14
1584,20190105T233615Z,1J.TI1A.,"['CH1', 'CH2', 'CHZ']",2019-01-05T23:36:15.170000Z,14.14
1585,20190105T233632Z,1J.TI4A.,"['CH1', 'CH2', 'CHZ']",2019-01-05T23:36:32.670000Z,14.14
1586,20190105T233632Z,1J.TI3A.,"['CH1', 'CH2', 'CHZ']",2019-01-05T23:36:32.670000Z,14.14
1587,20190105T233632Z,1J.TI1A.,"['CH1', 'CH2', 'CHZ']",2019-01-05T23:36:32.670000Z,14.14
1588,20190105T233750Z,1J.TI4A.,"['CH1', 'CH2', 'CHZ']",2019-01-05T23:37:50.170000Z,14.14
1589,20190105T233750Z,1J.TI3A.,"['CH1', 'CH2', 'CHZ']",2019-01-05T23:37:50.170000Z,14.14
1590,20190105T233750Z,1J.TI1A.,"['CH1', 'CH2', 'CHZ']",2019-01-05T23:37:50.170000Z,14.14
1591,20190105T233819Z,1J.TI4A.,"['CH1', 'CH2', 'CHZ']",2019-01-05T23:38:19.560000Z,14.14
1592,20190105T233819Z,1J.TI3A.,"['CH1', 'CH2', 'CHZ']",2019-01-05T23:38:19.560000Z,14.14
1593,20190105T233819Z,1J.TI1A.,"['CH1', 'CH2', 'CHZ']",2019-01-05T23:38:19.560000Z,14.14
1594,20190105T233930Z,1J.TI4A.,"['CH1', 'CH2', 'CHZ']",2019-01-05T23:39:30.610000Z,14.14
1595,20190105T233930Z,1J.TI3A.,"['CH1', 'CH2', 'CHZ']",2019-01-05T23:39:30.610000Z,14.14
1596,20190105T233930Z,1J.TI1A.,"['CH1', 'CH2', 'CHZ']",2019-01-05T23:39:30.610000Z,14.14
1597,20190105T234110Z,1J.TI4A.,"['CH1', 'CH2', 'CHZ']",2019-01-05T23:41:10.740000Z,14.14
1598,20190105T234110Z,1J.TI3A.,"['CH1', 'CH2', 'CHZ']",2019-01-05T23:41:10.740000Z,14.14
1599,20190105T234110Z,1J.TI1A.,"['CH1', 'CH2', 'CHZ']",2019-01-05T23:41:10.740000Z,14.14
1600,20190105T234218Z,1J.TI4A.,"['CH1', 'CH2', 'CHZ']",2019-01-05T23:42:18.810000Z,14.14
1601,20190105T234218Z,1J.TI3A.,"['CH1', 'CH2', 'CHZ']",2019-01-05T23:42:18.810000Z,14.14
1602,20190105T234218Z,1J.TI1A.,"['CH1', 'CH2', 'CHZ']",2019-01-05T23:42:18.810000Z,14.14
1603,20190105T234324Z,1J.TI3A.,"['CH1', 'CH2', 'CHZ']",2019-01-05T23:43:24.730000Z,23.07
1604,20190105T234324Z,1J.TI8A.,"['CH1', 'CH2', 'CHZ']",2019-01-05T23:43:24.730000Z,23.07
1605,20190105T234324Z,1J.TI6A.,"['CH1', 'CH2', 'CHZ']",2019-01-05T23:43:24.730000Z,23.07
1606,20190105T234324Z,1J.TI1A.,"['CH1', 'CH2', 'CHZ']",2019-01-05T23:43:24.730000Z,23.07
1607,20190105T234404Z,1J.TI4A.,"['CH1', 'CH2', 'CHZ']",2019-01-05T23:44:04.430000Z,14.14
1608,20190105T234404Z,1J.TI3A.,"['CH1', 'CH2', 'CHZ']",2019-01-05T23:44:04.430000Z,14.14
1609,20190105T234404Z,1J.TI1A.,"['CH1', 'CH2', 'CHZ']",2019-01-05T23:44:04.430000Z,14.14
1610,20190105T234450Z,1J.TI4A.,"['CH1', 'CH2', 'CHZ']",2019-01-05T23:44:50.660000Z,14.14
1611,20190105T234450Z,1J.TI3A.,"['CH1', 'CH2', 'CHZ']",2019-01-05T23:44:50.660000Z,14.14
1612,20190105T234450Z,1J.TI1A.,"['CH1', 'CH2', 'CHZ']",2019-01-05T23:44:50.660000Z,14.14
1613,20190105T234518Z,1J.TI4A.,"['CH1', 'CH2', 'CHZ']",2019-01-05T23:45:18.110000Z,14.14
1614,20190105T234518Z,1J.TI3A.,"['CH1', 'CH2', 'CHZ']",2019-01-05T23:45:18.110000Z,14.14
1615,20190105T234518Z,1J.TI1A.,"['CH1', 'CH2', 'CHZ']",2019-01-05T23:45:18.110000Z,14.14
1616,20190105T234834Z,1J.TI4A.,"['CH1', 'CH2', 'CHZ']",2019-01-05T23:48:34.200000Z,14.14
1617,20190105T234834Z,1J.TI3A.,"['CH1', 'CH2', 'CHZ']",2019-01-05T23:48:34.200000Z,14.14
1618,20190105T234834Z,1J.TI1A.,"['CH1', 'CH2', 'CHZ']",2019-01-05T23:48:34.200000Z,14.14
1619,20190105T234859Z,1J.TI4A.,"['CH1', 'CH2', 'CHZ']",2019-01-05T23:48:59.000000Z,14.14
1620,20190105T234859Z,1J.TI3A.,"['CH1', 'CH2', 'CHZ']",2019-01-05T23:48:59.000000Z,14.14
1621,20190105T234859Z,1J.TI1A.,"['CH1', 'CH2', 'CHZ']",2019-01-05T23:48:59.000000Z,14.14
1622,20190105T234951Z,1J.TI3A.,"['CH1', 'CH2', 'CHZ']",2019-01-05T23:49:51.000000Z,2.13
1623,20190105T235249Z,1J.TI3A.,"['CH1', 'CH2', 'CHZ']",2019-01-05T23:52:49.050000Z,2.13
1624,20190105T235526Z,1J.TI4A.,"['CH1', 'CH2', 'CHZ']",2019-01-05T23:55:26.810000Z,14.14
1625,20190105T235526Z,1J.TI3A.,"['CH1', 'CH2', 'CHZ']",2019-01-05T23:55:26.810000Z,14.14
1626,20190105T235526Z,1J.TI1A.,"['CH1', 'CH2', 'CHZ']",2019-01-05T23:55:26.810000Z,14.14
1627,20190105T235555Z,1J.TI3A.,"['CH1', 'CH2', 'CHZ']",2019-01-05T23:55:55.380000Z,2.13
1628,20190105T235632Z,1J.TI4A.,"['CH1', 'CH2', 'CHZ']",2019-01-05T23:56:32.320000Z,14.14
1629,20190105T235632Z,1J.TI3A.,"['CH1', 'CH2', 'CHZ']",2019-01-05T23:56:32.320000Z,14.14
1630,20190105T235632Z,1J.TI1A.,"['CH1', 'CH2', 'CHZ']",2019-01-05T23:56:32.320000Z,14.14
1631,20190105T235735Z,1J.TI4A.,"['CH1', 'CH2', 'CHZ']",2019-01-05T23:57:35.850000Z,14.14
1632,20190105T235735Z,1J.TI3A.,"['CH1', 'CH2', 'CHZ']",2019-01-05T23:57:35.850000Z,14.14
1633,20190105T235735Z,1J.TI1A.,"['CH1', 'CH2', 'CHZ']",2019-01-05T23:57:35.850000Z,14.14
1634,20190105T235751Z,1J.TI3A.,"['CH1', 'CH2', 'CHZ']",2019-01-05T23:57:51.270000Z,15.92
1635,20190105T235751Z,1J.TI8A.,"['CH1', 'CH2', 'CHZ']",2019-01-05T23:57:51.270000Z,15.92
1636,20190105T235944Z,1J.TI3A.,"['CH1', 'CH2', 'CHZ']",2019-01-05T23:59:44.020000Z,3.78
