,event_id,station,components,time,duration
0,20181231T005523Z,1J.TI4A.,"['CH1', 'CH2', 'CHZ']",2018-12-31T00:55:23.660000Z,4.5
1,20181231T005908Z,1J.TI4A.,"['CH1', 'CH2', 'CHZ']",2018-12-31T00:59:08.740000Z,7.46
2,20181231T010109Z,1J.TI4A.,"['CH1', 'CH2', 'CHZ']",2018-12-31T01:01:09.400000Z,31.88
3,20181231T010207Z,1J.TI4A.,"['CH1', 'CH2', 'CHZ']",2018-12-31T01:02:07.830000Z,7.59
4,20181231T010341Z,1J.TI4A.,"['CH1', 'CH2', 'CHZ']",2018-12-31T01:03:41.600000Z,5.83
5,20181231T010648Z,1J.TI4A.,"['CH1', 'CH2', 'CHZ']",2018-12-31T01:06:48.560000Z,38.61
6,20181231T010743Z,1J.TI4A.,"['CH1', 'CH2', 'CHZ']",2018-12-31T01:07:43.990000Z,22.51
7,20181231T010857Z,1J.TI4A.,"['CH1', 'CH2', 'CHZ']",2018-12-31T01:08:57.880000Z,1.88
8,20181231T011818Z,1J.TI4A.,"['CH1', 'CH2', 'CHZ']",2018-12-31T01:18:21.290000Z,20.36
9,20181231T012157Z,1J.TI4A.,"['CH1', 'CH2', 'CHZ']",2018-12-31T01:21:57.820000Z,13.1
10,20181231T012334Z,1J.TI4A.,"['CH1', 'CH2', 'CHZ']",2018-12-31T01:23:37.730000Z,9.87
11,20181231T012655Z,1J.TI4A.,"['CH1', 'CH2', 'CHZ']",2018-12-31T01:26:55.000000Z,4.66
12,20181231T013119Z,1J.TI4A.,"['CH1', 'CH2', 'CHZ']",2018-12-31T01:31:21.290000Z,19.18
13,20181231T013228Z,1J.TI4A.,"['CH1', 'CH2', 'CHZ']",2018-12-31T01:32:28.940000Z,2.59
14,20181231T013322Z,1J.TI4A.,"['CH1', 'CH2', 'CHZ']",2018-12-31T01:33:27.510000Z,7.94
15,20181231T013906Z,1J.TI4A.,"['CH1', 'CH2', 'CHZ']",2018-12-31T01:39:07.250000Z,9.8
16,20181231T014136Z,1J.TI4A.,"['CH1', 'CH2', 'CHZ']",2018-12-31T01:41:36.540000Z,8.85
17,20181231T014510Z,1J.TI4A.,"['CH1', 'CH2', 'CHZ']",2018-12-31T01:45:10.020000Z,4.64
18,20181231T014628Z,1J.TI4A.,"['CH1', 'CH2', 'CHZ']",2018-12-31T01:46:29.260000Z,15.87
19,20181231T015028Z,1J.TI4A.,"['CH1', 'CH2', 'CHZ']",2018-12-31T01:50:38.830000Z,13.46
20,20181231T015432Z,1J.TI4A.,"['CH1', 'CH2', 'CHZ']",2018-12-31T01:54:32.960000Z,5.27
21,20181231T015623Z,1J.TI4A.,"['CH1', 'CH2', 'CHZ']",2018-12-31T01:56:30.090000Z,6.92
22,20181231T020553Z,1J.TI4A.,"['CH1', 'CH2', 'CHZ']",2018-12-31T02:05:58.680000Z,15.22
23,20181231T020912Z,1J.TI4A.,"['CH1', 'CH2', 'CHZ']",2018-12-31T02:09:12.840000Z,17.89
24,20181231T021545Z,1J.TI4A.,"['CH1', 'CH2', 'CHZ']",2018-12-31T02:15:45.990000Z,18.56
25,20181231T022413Z,1J.TI4A.,"['CH1', 'CH2', 'CHZ']",2018-12-31T02:24:16.260000Z,16.0
26,20181231T022642Z,1J.TI4A.,"['CH1', 'CH2', 'CHZ']",2018-12-31T02:26:42.880000Z,8.58
27,20181231T022800Z,1J.TI4A.,"['CH1', 'CH2', 'CHZ']",2018-12-31T02:28:00.070000Z,18.1
28,20181231T023255Z,1J.TI4A.,"['CH1', 'CH2', 'CHZ']",2018-12-31T02:32:55.240000Z,7.35
29,20181231T023444Z,1J.TI4A.,"['CH1', 'CH2', 'CHZ']",2018-12-31T02:34:44.540000Z,4.77
30,20181231T023525Z,1J.TI4A.,"['CH1', 'CH2', 'CHZ']",2018-12-31T02:35:25.260000Z,12.65
31,20181231T023700Z,1J.TI4A.,"['CH1', 'CH2', 'CHZ']",2018-12-31T02:37:00.100000Z,45.99
32,20181231T025101Z,1J.TI4A.,"['CH1', 'CH2', 'CHZ']",2018-12-31T02:51:01.180000Z,6.01
33,20181231T025304Z,1J.TI4A.,"['CH1', 'CH2', 'CHZ']",2018-12-31T02:53:04.580000Z,3.84
34,20181231T025435Z,1J.TI4A.,"['CH1', 'CH2', 'CHZ']",2018-12-31T02:54:38.830000Z,6.63
35,20181231T025532Z,1J.TI4A.,"['CH1', 'CH2', 'CHZ']",2018-12-31T02:55:38.620000Z,6.54
36,20181231T030158Z,1J.TI4A.,"['CH1', 'CH2', 'CHZ']",2018-12-31T03:01:58.350000Z,1.71
37,20181231T031033Z,1J.TI4A.,"['CH1', 'CH2', 'CHZ']",2018-12-31T03:10:33.890000Z,6.39
38,20181231T031146Z,1J.TI4A.,"['CH1', 'CH2', 'CHZ']",2018-12-31T03:11:46.090000Z,18.53
39,20181231T031306Z,1J.TI4A.,"['CH1', 'CH2', 'CHZ']",2018-12-31T03:13:06.650000Z,27.68
40,20181231T031415Z,1J.TI4A.,"['CH1', 'CH2', 'CHZ']",2018-12-31T03:14:15.260000Z,25.19
41,20181231T031448Z,1J.TI4A.,"['CH1', 'CH2', 'CHZ']",2018-12-31T03:14:48.090000Z,42.9
42,20181231T032145Z,1J.TI4A.,"['CH1', 'CH2', 'CHZ']",2018-12-31T03:21:46.680000Z,36.84
43,20181231T032356Z,1J.TI4A.,"['CH1', 'CH2', 'CHZ']",2018-12-31T03:23:58.020000Z,52.75
44,20181231T032736Z,1J.TI4A.,"['CH1', 'CH2', 'CHZ']",2018-12-31T03:27:41.030000Z,5.62
45,20181231T032806Z,1J.TI4A.,"['CH1', 'CH2', 'CHZ']",2018-12-31T03:28:06.150000Z,2.18
46,20181231T032842Z,1J.TI4A.,"['CH1', 'CH2', 'CHZ']",2018-12-31T03:28:42.260000Z,8.48
47,20181231T033639Z,1J.TI4A.,"['CH1', 'CH2', 'CHZ']",2018-12-31T03:36:42.750000Z,24.08
48,20181231T033950Z,1J.TI4A.,"['CH1', 'CH2', 'CHZ']",2018-12-31T03:39:50.650000Z,7.34
49,20181231T034642Z,1J.TI4A.,"['CH1', 'CH2', 'CHZ']",2018-12-31T03:46:42.730000Z,3.72
50,20181231T034728Z,1J.TI4A.,"['CH1', 'CH2', 'CHZ']",2018-12-31T03:47:28.460000Z,18.34
51,20181231T035114Z,1J.TI4A.,"['CH1', 'CH2', 'CHZ']",2018-12-31T03:51:14.180000Z,14.67
52,20181231T035246Z,1J.TI4A.,"['CH1', 'CH2', 'CHZ']",2018-12-31T03:52:47.740000Z,15.71
53,20181231T035616Z,1J.TI4A.,"['CH1', 'CH2', 'CHZ']",2018-12-31T03:56:16.430000Z,12.86
54,20181231T041707Z,1J.TI4A.,"['CH1', 'CH2', 'CHZ']",2018-12-31T04:17:14.020000Z,48.8
55,20181231T043026Z,1J.TI4A.,"['CH1', 'CH2', 'CHZ']",2018-12-31T04:30:26.110000Z,13.18
56,20181231T043115Z,1J.TI4A.,"['CH1', 'CH2', 'CHZ']",2018-12-31T04:31:15.090000Z,3.42
57,20181231T043744Z,1J.TI4A.,"['CH1', 'CH2', 'CHZ']",2018-12-31T04:37:45.790000Z,10.67
58,20181231T043853Z,1J.TI4A.,"['CH1', 'CH2', 'CHZ']",2018-12-31T04:38:58.000000Z,12.07
59,20181231T044815Z,1J.TI4A.,"['CH1', 'CH2', 'CHZ']",2018-12-31T04:48:19.820000Z,52.82
60,20181231T045209Z,1J.TI4A.,"['CH1', 'CH2', 'CHZ']",2018-12-31T04:52:11.060000Z,3.55
61,20181231T050216Z,1J.TI4A.,"['CH1', 'CH2', 'CHZ']",2018-12-31T05:02:16.260000Z,16.06
62,20181231T050519Z,1J.TI4A.,"['CH1', 'CH2', 'CHZ']",2018-12-31T05:05:22.980000Z,21.63
63,20181231T050821Z,1J.TI4A.,"['CH1', 'CH2', 'CHZ']",2018-12-31T05:08:21.340000Z,9.04
64,20181231T051128Z,1J.TI4A.,"['CH1', 'CH2', 'CHZ']",2018-12-31T05:11:28.980000Z,6.55
65,20181231T051242Z,1J.TI4A.,"['CH1', 'CH2', 'CHZ']",2018-12-31T05:12:42.620000Z,57.61
66,20181231T051414Z,1J.TI4A.,"['CH1', 'CH2', 'CHZ']",2018-12-31T05:14:14.190000Z,40.5
67,20181231T052231Z,1J.TI4A.,"['CH1', 'CH2', 'CHZ']",2018-12-31T05:22:31.520000Z,12.61
68,20181231T052253Z,1J.TI4A.,"['CH1', 'CH2', 'CHZ']",2018-12-31T05:22:57.710000Z,15.93
69,20181231T052408Z,1J.TI4A.,"['CH1', 'CH2', 'CHZ']",2018-12-31T05:24:08.000000Z,57.7
70,20181231T052749Z,1J.TI4A.,"['CH1', 'CH2', 'CHZ']",2018-12-31T05:27:49.580000Z,10.98
71,20181231T052944Z,1J.TI4A.,"['CH1', 'CH2', 'CHZ']",2018-12-31T05:29:44.110000Z,7.99
72,20181231T053300Z,1J.TI4A.,"['CH1', 'CH2', 'CHZ']",2018-12-31T05:33:00.720000Z,1.66
73,20181231T053724Z,1J.TI4A.,"['CH1', 'CH2', 'CHZ']",2018-12-31T05:37:24.670000Z,40.53
74,20181231T053932Z,1J.TI4A.,"['CH1', 'CH2', 'CHZ']",2018-12-31T05:39:32.260000Z,8.14
75,20181231T054417Z,1J.TI4A.,"['CH1', 'CH2', 'CHZ']",2018-12-31T05:44:17.550000Z,5.23
76,20181231T054817Z,1J.TI4A.,"['CH1', 'CH2', 'CHZ']",2018-12-31T05:48:17.500000Z,10.54
77,20181231T055211Z,1J.TI4A.,"['CH1', 'CH2', 'CHZ']",2018-12-31T05:52:11.190000Z,26.54
78,20181231T055329Z,1J.TI4A.,"['CH1', 'CH2', 'CHZ']",2018-12-31T05:53:29.500000Z,14.23
79,20181231T055406Z,1J.TI4A.,"['CH1', 'CH2', 'CHZ']",2018-12-31T05:54:06.790000Z,3.23
80,20181231T055622Z,1J.TI4A.,"['CH1', 'CH2', 'CHZ']",2018-12-31T05:56:22.350000Z,45.21
81,20181231T055744Z,1J.TI4A.,"['CH1', 'CH2', 'CHZ']",2018-12-31T05:57:44.990000Z,4.83
82,20181231T055755Z,1J.TI4A.,"['CH1', 'CH2', 'CHZ']",2018-12-31T05:57:55.260000Z,66.03
83,20181231T061836Z,1J.TI4A.,"['CH1', 'CH2', 'CHZ']",2018-12-31T06:18:36.050000Z,7.57
84,20181231T062857Z,1J.TI4A.,"['CH1', 'CH2', 'CHZ']",2018-12-31T06:28:57.810000Z,4.82
85,20181231T062910Z,1J.TI4A.,"['CH1', 'CH2', 'CHZ']",2018-12-31T06:29:10.730000Z,4.98
86,20181231T063032Z,1J.TI4A.,"['CH1', 'CH2', 'CHZ']",2018-12-31T06:30:32.720000Z,4.25
87,20181231T063650Z,1J.TI4A.,"['CH1', 'CH2', 'CHZ']",2018-12-31T06:36:50.300000Z,20.27
88,20181231T064235Z,1J.TI4A.,"['CH1', 'CH2', 'CHZ']",2018-12-31T06:42:35.800000Z,18.58
89,20181231T064403Z,1J.TI4A.,"['CH1', 'CH2', 'CHZ']",2018-12-31T06:44:03.320000Z,9.48
90,20181231T064522Z,1J.TI4A.,"['CH1', 'CH2', 'CHZ']",2018-12-31T06:45:22.190000Z,79.36
91,20181231T065153Z,1J.TI4A.,"['CH1', 'CH2', 'CHZ']",2018-12-31T06:51:53.500000Z,1.57
92,20181231T065302Z,1J.TI4A.,"['CH1', 'CH2', 'CHZ']",2018-12-31T06:53:02.270000Z,2.73
93,20181231T065355Z,1J.TI4A.,"['CH1', 'CH2', 'CHZ']",2018-12-31T06:54:20.500000Z,18.68
94,20181231T065619Z,1J.TI4A.,"['CH1', 'CH2', 'CHZ']",2018-12-31T06:56:23.530000Z,2.09
95,20181231T065934Z,1J.TI4A.,"['CH1', 'CH2', 'CHZ']",2018-12-31T06:59:34.610000Z,6.92
96,20181231T070225Z,1J.TI4A.,"['CH1', 'CH2', 'CHZ']",2018-12-31T07:02:25.750000Z,19.81
97,20181231T070352Z,1J.TI4A.,"['CH1', 'CH2', 'CHZ']",2018-12-31T07:03:52.270000Z,3.14
98,20181231T070527Z,1J.TI4A.,"['CH1', 'CH2', 'CHZ']",2018-12-31T07:05:27.700000Z,15.32
99,20181231T070851Z,1J.TI4A.,"['CH1', 'CH2', 'CHZ']",2018-12-31T07:08:51.500000Z,23.89
100,20181231T071739Z,1J.TI4A.,"['CH1', 'CH2', 'CHZ']",2018-12-31T07:17:44.760000Z,28.35
101,20181231T071821Z,1J.TI4A.,"['CH1', 'CH2', 'CHZ']",2018-12-31T07:18:21.710000Z,40.32
102,20181231T071932Z,1J.TI4A.,"['CH1', 'CH2', 'CHZ']",2018-12-31T07:19:33.590000Z,13.36
103,20181231T072408Z,1J.TI4A.,"['CH1', 'CH2', 'CHZ']",2018-12-31T07:24:16.150000Z,4.17
104,20181231T072504Z,1J.TI4A.,"['CH1', 'CH2', 'CHZ']",2018-12-31T07:25:10.570000Z,7.93
105,20181231T072706Z,1J.TI4A.,"['CH1', 'CH2', 'CHZ']",2018-12-31T07:27:11.900000Z,44.65
106,20181231T073045Z,1J.TI4A.,"['CH1', 'CH2', 'CHZ']",2018-12-31T07:30:45.220000Z,9.43
107,20181231T073800Z,1J.TI4A.,"['CH1', 'CH2', 'CHZ']",2018-12-31T07:38:04.530000Z,13.91
108,20181231T073849Z,1J.TI4A.,"['CH1', 'CH2', 'CHZ']",2018-12-31T07:38:49.380000Z,26.96
109,20181231T073941Z,1J.TI4A.,"['CH1', 'CH2', 'CHZ']",2018-12-31T07:39:41.270000Z,20.99
110,20181231T074100Z,1J.TI4A.,"['CH1', 'CH2', 'CHZ']",2018-12-31T07:41:00.090000Z,7.55
111,20181231T074201Z,1J.TI4A.,"['CH1', 'CH2', 'CHZ']",2018-12-31T07:42:09.250000Z,2.02
112,20181231T074252Z,1J.TI4A.,"['CH1', 'CH2', 'CHZ']",2018-12-31T07:42:52.890000Z,4.14
113,20181231T074356Z,1J.TI4A.,"['CH1', 'CH2', 'CHZ']",2018-12-31T07:43:56.190000Z,3.69
114,20181231T074611Z,1J.TI4A.,"['CH1', 'CH2', 'CHZ']",2018-12-31T07:46:11.720000Z,7.29
115,20181231T074636Z,1J.TI4A.,"['CH1', 'CH2', 'CHZ']",2018-12-31T07:46:36.620000Z,46.84
116,20181231T074958Z,1J.TI4A.,"['CH1', 'CH2', 'CHZ']",2018-12-31T07:49:58.000000Z,11.33
117,20181231T075242Z,1J.TI4A.,"['CH1', 'CH2', 'CHZ']",2018-12-31T07:52:42.990000Z,1.77
118,20181231T075513Z,1J.TI4A.,"['CH1', 'CH2', 'CHZ']",2018-12-31T07:55:13.190000Z,19.8
119,20181231T075625Z,1J.TI4A.,"['CH1', 'CH2', 'CHZ']",2018-12-31T07:56:30.360000Z,17.66
120,20181231T075711Z,1J.TI4A.,"['CH1', 'CH2', 'CHZ']",2018-12-31T07:57:12.900000Z,44.63
121,20181231T075943Z,1J.TI4A.,"['CH1', 'CH2', 'CHZ']",2018-12-31T07:59:43.750000Z,1.86
122,20181231T075959Z,1J.TI4A.,"['CH1', 'CH2', 'CHZ']",2018-12-31T07:59:59.020000Z,1.81
123,20181231T080538Z,1J.TI4A.,"['CH1', 'CH2', 'CHZ']",2018-12-31T08:05:38.370000Z,1.82
124,20181231T080604Z,1J.TI4A.,"['CH1', 'CH2', 'CHZ']",2018-12-31T08:06:26.010000Z,53.7
125,20181231T081216Z,1J.TI4A.,"['CH1', 'CH2', 'CHZ']",2018-12-31T08:12:16.300000Z,7.87
126,20181231T081956Z,1J.TI4A.,"['CH1', 'CH2', 'CHZ']",2018-12-31T08:19:56.870000Z,9.23
127,20181231T082143Z,1J.TI4A.,"['CH1', 'CH2', 'CHZ']",2018-12-31T08:21:43.830000Z,5.3
128,20181231T082155Z,1J.TI4A.,"['CH1', 'CH2', 'CHZ']",2018-12-31T08:21:55.830000Z,11.65
129,20181231T082618Z,1J.TI4A.,"['CH1', 'CH2', 'CHZ']",2018-12-31T08:26:18.360000Z,79.16
130,20181231T083003Z,1J.TI4A.,"['CH1', 'CH2', 'CHZ']",2018-12-31T08:30:03.040000Z,5.8
131,20181231T083047Z,1J.TI4A.,"['CH1', 'CH2', 'CHZ']",2018-12-31T08:30:49.260000Z,13.21
132,20181231T083505Z,1J.TI4A.,"['CH1', 'CH2', 'CHZ']",2018-12-31T08:35:18.100000Z,24.61
133,20181231T083710Z,1J.TI4A.,"['CH1', 'CH2', 'CHZ']",2018-12-31T08:37:18.240000Z,6.2
134,20181231T083832Z,1J.TI4A.,"['CH1', 'CH2', 'CHZ']",2018-12-31T08:38:32.210000Z,8.92
135,20181231T083850Z,1J.TI4A.,"['CH1', 'CH2', 'CHZ']",2018-12-31T08:38:50.990000Z,3.02
136,20181231T084110Z,1J.TI4A.,"['CH1', 'CH2', 'CHZ']",2018-12-31T08:41:10.420000Z,4.49
137,20181231T084156Z,1J.TI4A.,"['CH1', 'CH2', 'CHZ']",2018-12-31T08:41:56.570000Z,2.87
138,20181231T084321Z,1J.TI4A.,"['CH1', 'CH2', 'CHZ']",2018-12-31T08:43:25.050000Z,5.05
139,20181231T084344Z,1J.TI4A.,"['CH1', 'CH2', 'CHZ']",2018-12-31T08:43:44.450000Z,21.46
140,20181231T084513Z,1J.TI4A.,"['CH1', 'CH2', 'CHZ']",2018-12-31T08:45:21.200000Z,56.49
141,20181231T085151Z,1J.TI4A.,"['CH1', 'CH2', 'CHZ']",2018-12-31T08:51:51.430000Z,110.28
142,20181231T091334Z,1J.TI4A.,"['CH1', 'CH2', 'CHZ']",2018-12-31T09:13:36.070000Z,2.44
143,20181231T094746Z,1J.TI4A.,"['CH1', 'CH2', 'CHZ']",2018-12-31T09:47:46.590000Z,3.26
144,20181231T102014Z,1J.TI4A.,"['CH1', 'CH2', 'CHZ']",2018-12-31T10:20:14.200000Z,6.18
145,20181231T102420Z,1J.TI4A.,"['CH1', 'CH2', 'CHZ']",2018-12-31T10:24:20.140000Z,23.63
146,20181231T113708Z,1J.TI4A.,"['CH1', 'CH2', 'CHZ']",2018-12-31T11:37:13.970000Z,26.05
147,20181231T113954Z,1J.TI4A.,"['CH1', 'CH2', 'CHZ']",2018-12-31T11:39:54.170000Z,8.65
148,20181231T120256Z,1J.TI4A.,"['CH1', 'CH2', 'CHZ']",2018-12-31T12:02:56.010000Z,6.18
149,20181231T120412Z,1J.TI4A.,"['CH1', 'CH2', 'CHZ']",2018-12-31T12:04:12.220000Z,2.2
150,20181231T120624Z,1J.TI4A.,"['CH1', 'CH2', 'CHZ']",2018-12-31T12:06:27.740000Z,8.95
151,20181231T121004Z,1J.TI4A.,"['CH1', 'CH2', 'CHZ']",2018-12-31T12:10:44.750000Z,43.55
152,20181231T131709Z,1J.TI4A.,"['CH1', 'CH2', 'CHZ']",2018-12-31T13:17:10.560000Z,8.99
153,20181231T133447Z,1J.TI4A.,"['CH1', 'CH2', 'CHZ']",2018-12-31T13:34:47.390000Z,7.54
154,20181231T133850Z,1J.TI4A.,"['CH1', 'CH2', 'CHZ']",2018-12-31T13:38:50.540000Z,12.09
155,20181231T134027Z,1J.TI4A.,"['CH1', 'CH2', 'CHZ']",2018-12-31T13:40:27.080000Z,21.33
156,20181231T134304Z,1J.TI4A.,"['CH1', 'CH2', 'CHZ']",2018-12-31T13:43:04.490000Z,83.14
157,20181231T134448Z,1J.TI4A.,"['CH1', 'CH2', 'CHZ']",2018-12-31T13:44:48.030000Z,6.89
158,20181231T134726Z,1J.TI4A.,"['CH1', 'CH2', 'CHZ']",2018-12-31T13:47:26.750000Z,57.93
159,20181231T135201Z,1J.TI4A.,"['CH1', 'CH2', 'CHZ']",2018-12-31T13:52:02.930000Z,32.77
160,20181231T135342Z,1J.TI4A.,"['CH1', 'CH2', 'CHZ']",2018-12-31T13:53:43.450000Z,27.73
161,20181231T135547Z,1J.TI4A.,"['CH1', 'CH2', 'CHZ']",2018-12-31T13:55:47.780000Z,5.6
162,20181231T141926Z,1J.TI4A.,"['CH1', 'CH2', 'CHZ']",2018-12-31T14:19:26.420000Z,5.86
163,20181231T141938Z,1J.TI4A.,"['CH1', 'CH2', 'CHZ']",2018-12-31T14:19:38.450000Z,83.65
164,20181231T150737Z,1J.TI4A.,"['CH1', 'CH2', 'CHZ']",2018-12-31T15:07:38.200000Z,38.7
165,20181231T150847Z,1J.TI4A.,"['CH1', 'CH2', 'CHZ']",2018-12-31T15:08:47.150000Z,21.45
166,20181231T150923Z,1J.TI4A.,"['CH1', 'CH2', 'CHZ']",2018-12-31T15:09:23.770000Z,8.12
167,20181231T151201Z,1J.TI4A.,"['CH1', 'CH2', 'CHZ']",2018-12-31T15:12:01.510000Z,11.12
168,20181231T151355Z,1J.TI4A.,"['CH1', 'CH2', 'CHZ']",2018-12-31T15:13:55.710000Z,5.28
169,20181231T151517Z,1J.TI4A.,"['CH1', 'CH2', 'CHZ']",2018-12-31T15:15:17.370000Z,6.26
170,20181231T152252Z,1J.TI4A.,"['CH1', 'CH2', 'CHZ']",2018-12-31T15:22:52.450000Z,3.7
171,20181231T152815Z,1J.TI4A.,"['CH1', 'CH2', 'CHZ']",2018-12-31T15:28:15.790000Z,2.35
172,20181231T173827Z,1J.TI4A.,"['CH1', 'CH2', 'CHZ']",2018-12-31T17:38:27.820000Z,2.46
173,20181231T192901Z,1J.TI4A.,"['CH1', 'CH2', 'CHZ']",2018-12-31T19:29:01.720000Z,5.78
174,20181231T192955Z,1J.TI4A.,"['CH1', 'CH2', 'CHZ']",2018-12-31T19:30:03.780000Z,5.38
175,20181231T193113Z,1J.TI4A.,"['CH1', 'CH2', 'CHZ']",2018-12-31T19:31:13.070000Z,4.54
176,20181231T193418Z,1J.TI4A.,"['CH1', 'CH2', 'CHZ']",2018-12-31T19:34:18.790000Z,9.3
177,20181231T193433Z,1J.TI4A.,"['CH1', 'CH2', 'CHZ']",2018-12-31T19:34:33.350000Z,9.62
178,20181231T193502Z,1J.TI4A.,"['CH1', 'CH2', 'CHZ']",2018-12-31T19:35:03.220000Z,14.03
179,20181231T193736Z,1J.TI4A.,"['CH1', 'CH2', 'CHZ']",2018-12-31T19:37:36.970000Z,32.68
180,20181231T194314Z,1J.TI4A.,"['CH1', 'CH2', 'CHZ']",2018-12-31T19:43:14.610000Z,4.78
181,20181231T194337Z,1J.TI4A.,"['CH1', 'CH2', 'CHZ']",2018-12-31T19:43:37.550000Z,22.0
182,20181231T194534Z,1J.TI4A.,"['CH1', 'CH2', 'CHZ']",2018-12-31T19:45:39.880000Z,4.39
183,20181231T194620Z,1J.TI4A.,"['CH1', 'CH2', 'CHZ']",2018-12-31T19:46:20.230000Z,24.3
184,20181231T194702Z,1J.TI4A.,"['CH1', 'CH2', 'CHZ']",2018-12-31T19:47:02.400000Z,21.95
185,20181231T194832Z,1J.TI4A.,"['CH1', 'CH2', 'CHZ']",2018-12-31T19:48:32.580000Z,16.25
186,20181231T194859Z,1J.TI4A.,"['CH1', 'CH2', 'CHZ']",2018-12-31T19:48:59.790000Z,21.43
187,20181231T195028Z,1J.TI4A.,"['CH1', 'CH2', 'CHZ']",2018-12-31T19:50:28.810000Z,3.2
188,20181231T195254Z,1J.TI4A.,"['CH1', 'CH2', 'CHZ']",2018-12-31T19:52:54.850000Z,44.62
189,20181231T195357Z,1J.TI4A.,"['CH1', 'CH2', 'CHZ']",2018-12-31T19:53:57.660000Z,15.39
190,20181231T195622Z,1J.TI4A.,"['CH1', 'CH2', 'CHZ']",2018-12-31T19:56:22.600000Z,5.4
191,20181231T195646Z,1J.TI4A.,"['CH1', 'CH2', 'CHZ']",2018-12-31T19:56:46.990000Z,31.31
192,20181231T195841Z,1J.TI4A.,"['CH1', 'CH2', 'CHZ']",2018-12-31T19:58:41.770000Z,18.68
193,20181231T200101Z,1J.TI4A.,"['CH1', 'CH2', 'CHZ']",2018-12-31T20:01:01.640000Z,8.75
194,20181231T200147Z,1J.TI4A.,"['CH1', 'CH2', 'CHZ']",2018-12-31T20:01:47.040000Z,31.32
195,20181231T200734Z,1J.TI4A.,"['CH1', 'CH2', 'CHZ']",2018-12-31T20:07:34.000000Z,12.33
196,20181231T200911Z,1J.TI4A.,"['CH1', 'CH2', 'CHZ']",2018-12-31T20:09:11.830000Z,32.49
197,20181231T201108Z,1J.TI4A.,"['CH1', 'CH2', 'CHZ']",2018-12-31T20:11:08.860000Z,6.05
198,20181231T201244Z,1J.TI4A.,"['CH1', 'CH2', 'CHZ']",2018-12-31T20:12:44.620000Z,8.44
199,20181231T202947Z,1J.TI4A.,"['CH1', 'CH2', 'CHZ']",2018-12-31T20:29:47.390000Z,6.54
200,20181231T203009Z,1J.TI4A.,"['CH1', 'CH2', 'CHZ']",2018-12-31T20:30:09.370000Z,39.67
201,20181231T203534Z,1J.TI4A.,"['CH1', 'CH2', 'CHZ']",2018-12-31T20:35:34.820000Z,3.51
202,20181231T204151Z,1J.TI4A.,"['CH1', 'CH2', 'CHZ']",2018-12-31T20:41:51.040000Z,5.35
203,20181231T205222Z,1J.TI4A.,"['CH1', 'CH2', 'CHZ']",2018-12-31T20:52:22.320000Z,9.12
204,20181231T205337Z,1J.TI4A.,"['CH1', 'CH2', 'CHZ']",2018-12-31T20:53:37.780000Z,16.05
205,20181231T220717Z,1J.TI4A.,"['CH1', 'CH2', 'CHZ']",2018-12-31T22:07:17.850000Z,2.58
206,20181231T220802Z,1J.TI4A.,"['CH1', 'CH2', 'CHZ']",2018-12-31T22:08:02.130000Z,10.92
207,20181231T221325Z,1J.TI4A.,"['CH1', 'CH2', 'CHZ']",2018-12-31T22:13:25.420000Z,10.5
208,20181231T222208Z,1J.TI4A.,"['CH1', 'CH2', 'CHZ']",2018-12-31T22:22:08.140000Z,17.67
209,20181231T222641Z,1J.TI4A.,"['CH1', 'CH2', 'CHZ']",2018-12-31T22:26:41.020000Z,13.35
210,20181231T222732Z,1J.TI4A.,"['CH1', 'CH2', 'CHZ']",2018-12-31T22:27:32.770000Z,7.4
211,20181231T223344Z,1J.TI4A.,"['CH1', 'CH2', 'CHZ']",2018-12-31T22:33:44.340000Z,6.59
212,20181231T223530Z,1J.TI4A.,"['CH1', 'CH2', 'CHZ']",2018-12-31T22:35:30.000000Z,52.94
213,20181231T223647Z,1J.TI4A.,"['CH1', 'CH2', 'CHZ']",2018-12-31T22:36:47.270000Z,1.94
214,20181231T224046Z,1J.TI4A.,"['CH1', 'CH2', 'CHZ']",2018-12-31T22:40:46.260000Z,44.66
215,20181231T224139Z,1J.TI4A.,"['CH1', 'CH2', 'CHZ']",2018-12-31T22:41:39.890000Z,16.35
216,20181231T224200Z,1J.TI4A.,"['CH1', 'CH2', 'CHZ']",2018-12-31T22:42:02.270000Z,9.87
217,20181231T224442Z,1J.TI4A.,"['CH1', 'CH2', 'CHZ']",2018-12-31T22:45:19.010000Z,2.93
218,20181231T224853Z,1J.TI4A.,"['CH1', 'CH2', 'CHZ']",2018-12-31T22:48:53.520000Z,8.0
219,20181231T225014Z,1J.TI4A.,"['CH1', 'CH2', 'CHZ']",2018-12-31T22:50:25.590000Z,5.97
220,20181231T230308Z,1J.TI4A.,"['CH1', 'CH2', 'CHZ']",2018-12-31T23:03:08.040000Z,16.46
221,20181231T230526Z,1J.TI4A.,"['CH1', 'CH2', 'CHZ']",2018-12-31T23:05:26.190000Z,11.58
222,20181231T230614Z,1J.TI4A.,"['CH1', 'CH2', 'CHZ']",2018-12-31T23:06:14.930000Z,30.58
223,20181231T230705Z,1J.TI4A.,"['CH1', 'CH2', 'CHZ']",2018-12-31T23:07:05.790000Z,36.74
224,20181231T230854Z,1J.TI4A.,"['CH1', 'CH2', 'CHZ']",2018-12-31T23:08:54.580000Z,3.19
225,20181231T231436Z,1J.TI4A.,"['CH1', 'CH2', 'CHZ']",2018-12-31T23:14:36.930000Z,9.76
226,20181231T232141Z,1J.TI4A.,"['CH1', 'CH2', 'CHZ']",2018-12-31T23:21:44.340000Z,25.07
227,20181231T232442Z,1J.TI4A.,"['CH1', 'CH2', 'CHZ']",2018-12-31T23:24:49.040000Z,7.23
228,20181231T232508Z,1J.TI4A.,"['CH1', 'CH2', 'CHZ']",2018-12-31T23:25:16.700000Z,8.77
229,20181231T232628Z,1J.TI4A.,"['CH1', 'CH2', 'CHZ']",2018-12-31T23:26:28.310000Z,18.07
230,20181231T233449Z,1J.TI4A.,"['CH1', 'CH2', 'CHZ']",2018-12-31T23:34:49.330000Z,7.17
231,20181231T233504Z,1J.TI4A.,"['CH1', 'CH2', 'CHZ']",2018-12-31T23:35:04.400000Z,5.94
232,20181231T234002Z,1J.TI4A.,"['CH1', 'CH2', 'CHZ']",2018-12-31T23:40:02.400000Z,6.44
233,20181231T234138Z,1J.TI4A.,"['CH1', 'CH2', 'CHZ']",2018-12-31T23:41:38.890000Z,14.73
234,20181231T234414Z,1J.TI4A.,"['CH1', 'CH2', 'CHZ']",2018-12-31T23:44:14.260000Z,4.99
235,20181231T234425Z,1J.TI4A.,"['CH1', 'CH2', 'CHZ']",2018-12-31T23:44:25.400000Z,15.61
236,20181231T234501Z,1J.TI4A.,"['CH1', 'CH2', 'CHZ']",2018-12-31T23:45:27.600000Z,32.6
237,20181231T235450Z,1J.TI4A.,"['CH1', 'CH2', 'CHZ']",2018-12-31T23:54:52.490000Z,12.94
238,20181231T000050Z,1J.TI3A.,"['CH1', 'CH2', 'CHZ']",2018-12-31T00:00:50.090000Z,21.75
239,20181231T000413Z,1J.TI3A.,"['CH1', 'CH2', 'CHZ']",2018-12-31T00:04:13.270000Z,10.77
240,20181231T001202Z,1J.TI3A.,"['CH1', 'CH2', 'CHZ']",2018-12-31T00:12:02.620000Z,71.62
241,20181231T001804Z,1J.TI3A.,"['CH1', 'CH2', 'CHZ']",2018-12-31T00:18:04.850000Z,7.57
242,20181231T001855Z,1J.TI3A.,"['CH1', 'CH2', 'CHZ']",2018-12-31T00:18:55.590000Z,20.0
243,20181231T002423Z,1J.TI3A.,"['CH1', 'CH2', 'CHZ']",2018-12-31T00:24:23.720000Z,9.91
244,20181231T002805Z,1J.TI3A.,"['CH1', 'CH2', 'CHZ']",2018-12-31T00:28:05.230000Z,2.44
245,20181231T002901Z,1J.TI3A.,"['CH1', 'CH2', 'CHZ']",2018-12-31T00:29:01.410000Z,12.57
246,20181231T004234Z,1J.TI3A.,"['CH1', 'CH2', 'CHZ']",2018-12-31T00:42:34.200000Z,16.1
247,20181231T004726Z,1J.TI3A.,"['CH1', 'CH2', 'CHZ']",2018-12-31T00:47:26.390000Z,17.9
248,20181231T005057Z,1J.TI3A.,"['CH1', 'CH2', 'CHZ']",2018-12-31T00:50:57.470000Z,28.26
249,20181231T005256Z,1J.TI3A.,"['CH1', 'CH2', 'CHZ']",2018-12-31T00:52:56.970000Z,38.41
250,20181231T011511Z,1J.TI3A.,"['CH1', 'CH2', 'CHZ']",2018-12-31T01:15:11.990000Z,8.65
251,20181231T012510Z,1J.TI3A.,"['CH1', 'CH2', 'CHZ']",2018-12-31T01:25:10.560000Z,6.73
252,20181231T013539Z,1J.TI3A.,"['CH1', 'CH2', 'CHZ']",2018-12-31T01:35:39.990000Z,3.78
253,20181231T014023Z,1J.TI3A.,"['CH1', 'CH2', 'CHZ']",2018-12-31T01:40:23.780000Z,16.14
254,20181231T014426Z,1J.TI3A.,"['CH1', 'CH2', 'CHZ']",2018-12-31T01:44:26.980000Z,14.32
255,20181231T014628Z,1J.TI3A.,"['CH1', 'CH2', 'CHZ']",2018-12-31T01:46:28.250000Z,14.12
256,20181231T014742Z,1J.TI3A.,"['CH1', 'CH2', 'CHZ']",2018-12-31T01:47:42.590000Z,5.66
257,20181231T015518Z,1J.TI3A.,"['CH1', 'CH2', 'CHZ']",2018-12-31T01:55:18.010000Z,10.5
258,20181231T015623Z,1J.TI3A.,"['CH1', 'CH2', 'CHZ']",2018-12-31T01:56:23.210000Z,18.86
259,20181231T015903Z,1J.TI3A.,"['CH1', 'CH2', 'CHZ']",2018-12-31T01:59:03.190000Z,18.31
260,20181231T020012Z,1J.TI3A.,"['CH1', 'CH2', 'CHZ']",2018-12-31T02:00:12.960000Z,4.41
261,20181231T020248Z,1J.TI3A.,"['CH1', 'CH2', 'CHZ']",2018-12-31T02:02:48.180000Z,13.96
262,20181231T020435Z,1J.TI3A.,"['CH1', 'CH2', 'CHZ']",2018-12-31T02:04:35.590000Z,43.25
263,20181231T020553Z,1J.TI3A.,"['CH1', 'CH2', 'CHZ']",2018-12-31T02:05:53.810000Z,9.31
264,20181231T020950Z,1J.TI3A.,"['CH1', 'CH2', 'CHZ']",2018-12-31T02:09:50.280000Z,32.97
265,20181231T021545Z,1J.TI3A.,"['CH1', 'CH2', 'CHZ']",2018-12-31T02:15:55.280000Z,2.91
266,20181231T021656Z,1J.TI3A.,"['CH1', 'CH2', 'CHZ']",2018-12-31T02:16:56.490000Z,14.08
267,20181231T022050Z,1J.TI3A.,"['CH1', 'CH2', 'CHZ']",2018-12-31T02:20:50.750000Z,10.83
268,20181231T022642Z,1J.TI3A.,"['CH1', 'CH2', 'CHZ']",2018-12-31T02:26:49.980000Z,17.9
269,20181231T022909Z,1J.TI3A.,"['CH1', 'CH2', 'CHZ']",2018-12-31T02:29:09.510000Z,18.47
270,20181231T023241Z,1J.TI3A.,"['CH1', 'CH2', 'CHZ']",2018-12-31T02:32:41.670000Z,10.86
271,20181231T023320Z,1J.TI3A.,"['CH1', 'CH2', 'CHZ']",2018-12-31T02:33:20.760000Z,18.65
272,20181231T024054Z,1J.TI3A.,"['CH1', 'CH2', 'CHZ']",2018-12-31T02:40:54.720000Z,16.79
273,20181231T024118Z,1J.TI3A.,"['CH1', 'CH2', 'CHZ']",2018-12-31T02:41:18.600000Z,47.72
274,20181231T024359Z,1J.TI3A.,"['CH1', 'CH2', 'CHZ']",2018-12-31T02:43:59.560000Z,4.86
275,20181231T024720Z,1J.TI3A.,"['CH1', 'CH2', 'CHZ']",2018-12-31T02:47:20.120000Z,14.52
276,20181231T024948Z,1J.TI3A.,"['CH1', 'CH2', 'CHZ']",2018-12-31T02:49:48.030000Z,13.09
277,20181231T025015Z,1J.TI3A.,"['CH1', 'CH2', 'CHZ']",2018-12-31T02:50:15.330000Z,20.71
278,20181231T025435Z,1J.TI3A.,"['CH1', 'CH2', 'CHZ']",2018-12-31T02:54:35.150000Z,14.25
279,20181231T025532Z,1J.TI3A.,"['CH1', 'CH2', 'CHZ']",2018-12-31T02:55:32.420000Z,20.54
280,20181231T025829Z,1J.TI3A.,"['CH1', 'CH2', 'CHZ']",2018-12-31T02:58:29.560000Z,11.13
281,20181231T030649Z,1J.TI3A.,"['CH1', 'CH2', 'CHZ']",2018-12-31T03:06:49.020000Z,20.86
282,20181231T030724Z,1J.TI3A.,"['CH1', 'CH2', 'CHZ']",2018-12-31T03:07:24.360000Z,14.1
283,20181231T031136Z,1J.TI3A.,"['CH1', 'CH2', 'CHZ']",2018-12-31T03:11:36.510000Z,9.07
284,20181231T031657Z,1J.TI3A.,"['CH1', 'CH2', 'CHZ']",2018-12-31T03:16:57.830000Z,17.82
285,20181231T032356Z,1J.TI3A.,"['CH1', 'CH2', 'CHZ']",2018-12-31T03:23:56.100000Z,69.47
286,20181231T032540Z,1J.TI3A.,"['CH1', 'CH2', 'CHZ']",2018-12-31T03:25:40.760000Z,17.54
287,20181231T032736Z,1J.TI3A.,"['CH1', 'CH2', 'CHZ']",2018-12-31T03:27:36.290000Z,8.65
288,20181231T033245Z,1J.TI3A.,"['CH1', 'CH2', 'CHZ']",2018-12-31T03:32:45.840000Z,18.12
289,20181231T033639Z,1J.TI3A.,"['CH1', 'CH2', 'CHZ']",2018-12-31T03:36:39.260000Z,23.92
290,20181231T034003Z,1J.TI3A.,"['CH1', 'CH2', 'CHZ']",2018-12-31T03:40:03.390000Z,15.12
291,20181231T034053Z,1J.TI3A.,"['CH1', 'CH2', 'CHZ']",2018-12-31T03:40:53.500000Z,17.74
292,20181231T034728Z,1J.TI3A.,"['CH1', 'CH2', 'CHZ']",2018-12-31T03:47:28.420000Z,58.18
293,20181231T035519Z,1J.TI3A.,"['CH1', 'CH2', 'CHZ']",2018-12-31T03:55:19.830000Z,7.06
294,20181231T035644Z,1J.TI3A.,"['CH1', 'CH2', 'CHZ']",2018-12-31T03:56:44.410000Z,5.15
295,20181231T035905Z,1J.TI3A.,"['CH1', 'CH2', 'CHZ']",2018-12-31T03:59:05.980000Z,17.94
296,20181231T040402Z,1J.TI3A.,"['CH1', 'CH2', 'CHZ']",2018-12-31T04:04:02.640000Z,20.37
297,20181231T040902Z,1J.TI3A.,"['CH1', 'CH2', 'CHZ']",2018-12-31T04:09:02.480000Z,16.77
298,20181231T041707Z,1J.TI3A.,"['CH1', 'CH2', 'CHZ']",2018-12-31T04:17:07.520000Z,52.54
299,20181231T043247Z,1J.TI3A.,"['CH1', 'CH2', 'CHZ']",2018-12-31T04:32:47.390000Z,11.6
300,20181231T043541Z,1J.TI3A.,"['CH1', 'CH2', 'CHZ']",2018-12-31T04:35:41.030000Z,12.43
301,20181231T043621Z,1J.TI3A.,"['CH1', 'CH2', 'CHZ']",2018-12-31T04:36:21.410000Z,16.24
302,20181231T043744Z,1J.TI3A.,"['CH1', 'CH2', 'CHZ']",2018-12-31T04:37:44.210000Z,11.5
303,20181231T043853Z,1J.TI3A.,"['CH1', 'CH2', 'CHZ']",2018-12-31T04:38:53.330000Z,17.61
304,20181231T044624Z,1J.TI3A.,"['CH1', 'CH2', 'CHZ']",2018-12-31T04:46:24.410000Z,16.13
305,20181231T044815Z,1J.TI3A.,"['CH1', 'CH2', 'CHZ']",2018-12-31T04:48:15.200000Z,55.15
306,20181231T045017Z,1J.TI3A.,"['CH1', 'CH2', 'CHZ']",2018-12-31T04:50:17.110000Z,13.48
307,20181231T045250Z,1J.TI3A.,"['CH1', 'CH2', 'CHZ']",2018-12-31T04:52:50.440000Z,18.6
308,20181231T060404Z,1J.TI3A.,"['CH1', 'CH2', 'CHZ']",2018-12-31T06:04:04.910000Z,5.71
309,20181231T060552Z,1J.TI3A.,"['CH1', 'CH2', 'CHZ']",2018-12-31T06:05:52.160000Z,6.61
310,20181231T060613Z,1J.TI3A.,"['CH1', 'CH2', 'CHZ']",2018-12-31T06:06:18.940000Z,11.91
311,20181231T060747Z,1J.TI3A.,"['CH1', 'CH2', 'CHZ']",2018-12-31T06:07:47.070000Z,56.04
312,20181231T060940Z,1J.TI3A.,"['CH1', 'CH2', 'CHZ']",2018-12-31T06:09:40.110000Z,19.36
313,20181231T063220Z,1J.TI3A.,"['CH1', 'CH2', 'CHZ']",2018-12-31T06:32:20.380000Z,6.36
314,20181231T063405Z,1J.TI3A.,"['CH1', 'CH2', 'CHZ']",2018-12-31T06:34:05.800000Z,6.96
315,20181231T073355Z,1J.TI3A.,"['CH1', 'CH2', 'CHZ']",2018-12-31T07:33:55.470000Z,8.57
316,20181231T073836Z,1J.TI3A.,"['CH1', 'CH2', 'CHZ']",2018-12-31T07:38:36.760000Z,7.2
317,20181231T074636Z,1J.TI3A.,"['CH1', 'CH2', 'CHZ']",2018-12-31T07:46:42.240000Z,2.33
318,20181231T080438Z,1J.TI3A.,"['CH1', 'CH2', 'CHZ']",2018-12-31T08:04:38.710000Z,14.9
319,20181231T080604Z,1J.TI3A.,"['CH1', 'CH2', 'CHZ']",2018-12-31T08:06:23.990000Z,51.98
320,20181231T080832Z,1J.TI3A.,"['CH1', 'CH2', 'CHZ']",2018-12-31T08:08:32.090000Z,5.32
321,20181231T081252Z,1J.TI3A.,"['CH1', 'CH2', 'CHZ']",2018-12-31T08:12:56.420000Z,7.59
322,20181231T081426Z,1J.TI3A.,"['CH1', 'CH2', 'CHZ']",2018-12-31T08:14:41.410000Z,10.8
323,20181231T082127Z,1J.TI3A.,"['CH1', 'CH2', 'CHZ']",2018-12-31T08:21:27.590000Z,1.2
324,20181231T082227Z,1J.TI3A.,"['CH1', 'CH2', 'CHZ']",2018-12-31T08:22:27.330000Z,1.64
325,20181231T082320Z,1J.TI3A.,"['CH1', 'CH2', 'CHZ']",2018-12-31T08:23:20.930000Z,1.48
326,20181231T082409Z,1J.TI3A.,"['CH1', 'CH2', 'CHZ']",2018-12-31T08:24:09.050000Z,6.18
327,20181231T082511Z,1J.TI3A.,"['CH1', 'CH2', 'CHZ']",2018-12-31T08:25:11.810000Z,1.38
328,20181231T082603Z,1J.TI3A.,"['CH1', 'CH2', 'CHZ']",2018-12-31T08:26:03.220000Z,1.46
329,20181231T082618Z,1J.TI3A.,"['CH1', 'CH2', 'CHZ']",2018-12-31T08:27:01.690000Z,13.22
330,20181231T082755Z,1J.TI3A.,"['CH1', 'CH2', 'CHZ']",2018-12-31T08:28:00.330000Z,1.94
331,20181231T082958Z,1J.TI3A.,"['CH1', 'CH2', 'CHZ']",2018-12-31T08:29:58.060000Z,2.17
332,20181231T083047Z,1J.TI3A.,"['CH1', 'CH2', 'CHZ']",2018-12-31T08:30:57.400000Z,1.52
333,20181231T083243Z,1J.TI3A.,"['CH1', 'CH2', 'CHZ']",2018-12-31T08:32:43.450000Z,4.62
334,20181231T083441Z,1J.TI3A.,"['CH1', 'CH2', 'CHZ']",2018-12-31T08:34:41.240000Z,1.86
335,20181231T083505Z,1J.TI3A.,"['CH1', 'CH2', 'CHZ']",2018-12-31T08:35:07.530000Z,14.08
336,20181231T083615Z,1J.TI3A.,"['CH1', 'CH2', 'CHZ']",2018-12-31T08:36:15.620000Z,7.74
337,20181231T083625Z,1J.TI3A.,"['CH1', 'CH2', 'CHZ']",2018-12-31T08:36:33.660000Z,17.77
338,20181231T083904Z,1J.TI3A.,"['CH1', 'CH2', 'CHZ']",2018-12-31T08:39:04.450000Z,6.1
339,20181231T084055Z,1J.TI3A.,"['CH1', 'CH2', 'CHZ']",2018-12-31T08:40:55.820000Z,1.74
340,20181231T084202Z,1J.TI3A.,"['CH1', 'CH2', 'CHZ']",2018-12-31T08:42:02.970000Z,1.67
341,20181231T084244Z,1J.TI3A.,"['CH1', 'CH2', 'CHZ']",2018-12-31T08:42:44.550000Z,17.31
342,20181231T084340Z,1J.TI3A.,"['CH1', 'CH2', 'CHZ']",2018-12-31T08:43:40.510000Z,2.01
343,20181231T084513Z,1J.TI3A.,"['CH1', 'CH2', 'CHZ']",2018-12-31T08:45:13.790000Z,50.67
344,20181231T084953Z,1J.TI3A.,"['CH1', 'CH2', 'CHZ']",2018-12-31T08:49:53.730000Z,1.76
345,20181231T085034Z,1J.TI3A.,"['CH1', 'CH2', 'CHZ']",2018-12-31T08:50:39.260000Z,2.15
346,20181231T085105Z,1J.TI3A.,"['CH1', 'CH2', 'CHZ']",2018-12-31T08:51:05.190000Z,16.78
347,20181231T085151Z,1J.TI3A.,"['CH1', 'CH2', 'CHZ']",2018-12-31T08:53:00.450000Z,1.46
348,20181231T085407Z,1J.TI3A.,"['CH1', 'CH2', 'CHZ']",2018-12-31T08:54:07.340000Z,2.32
349,20181231T085503Z,1J.TI3A.,"['CH1', 'CH2', 'CHZ']",2018-12-31T08:55:03.510000Z,1.2
350,20181231T085511Z,1J.TI3A.,"['CH1', 'CH2', 'CHZ']",2018-12-31T08:55:11.630000Z,15.28
351,20181231T085655Z,1J.TI3A.,"['CH1', 'CH2', 'CHZ']",2018-12-31T08:56:55.220000Z,7.19
352,20181231T085817Z,1J.TI3A.,"['CH1', 'CH2', 'CHZ']",2018-12-31T08:58:17.680000Z,1.61
353,20181231T085825Z,1J.TI3A.,"['CH1', 'CH2', 'CHZ']",2018-12-31T08:58:25.080000Z,19.87
354,20181231T090030Z,1J.TI3A.,"['CH1', 'CH2', 'CHZ']",2018-12-31T09:00:30.720000Z,2.18
355,20181231T090134Z,1J.TI3A.,"['CH1', 'CH2', 'CHZ']",2018-12-31T09:01:34.670000Z,1.68
356,20181231T090216Z,1J.TI3A.,"['CH1', 'CH2', 'CHZ']",2018-12-31T09:02:16.230000Z,16.38
357,20181231T090344Z,1J.TI3A.,"['CH1', 'CH2', 'CHZ']",2018-12-31T09:03:48.040000Z,1.74
358,20181231T090454Z,1J.TI3A.,"['CH1', 'CH2', 'CHZ']",2018-12-31T09:04:54.440000Z,1.82
359,20181231T090615Z,1J.TI3A.,"['CH1', 'CH2', 'CHZ']",2018-12-31T09:06:16.720000Z,3.44
360,20181231T090729Z,1J.TI3A.,"['CH1', 'CH2', 'CHZ']",2018-12-31T09:07:29.620000Z,2.99
361,20181231T090738Z,1J.TI3A.,"['CH1', 'CH2', 'CHZ']",2018-12-31T09:07:38.140000Z,16.39
362,20181231T090907Z,1J.TI3A.,"['CH1', 'CH2', 'CHZ']",2018-12-31T09:09:31.590000Z,1.9
363,20181231T091022Z,1J.TI3A.,"['CH1', 'CH2', 'CHZ']",2018-12-31T09:10:22.550000Z,1.74
364,20181231T091058Z,1J.TI3A.,"['CH1', 'CH2', 'CHZ']",2018-12-31T09:11:10.750000Z,1.29
365,20181231T091134Z,1J.TI3A.,"['CH1', 'CH2', 'CHZ']",2018-12-31T09:12:15.160000Z,2.85
366,20181231T091334Z,1J.TI3A.,"['CH1', 'CH2', 'CHZ']",2018-12-31T09:13:34.400000Z,1.95
367,20181231T091420Z,1J.TI3A.,"['CH1', 'CH2', 'CHZ']",2018-12-31T09:14:20.670000Z,3.37
368,20181231T091507Z,1J.TI3A.,"['CH1', 'CH2', 'CHZ']",2018-12-31T09:15:07.050000Z,1.57
369,20181231T091601Z,1J.TI3A.,"['CH1', 'CH2', 'CHZ']",2018-12-31T09:16:01.180000Z,1.97
370,20181231T091648Z,1J.TI3A.,"['CH1', 'CH2', 'CHZ']",2018-12-31T09:16:48.330000Z,1.24
371,20181231T091745Z,1J.TI3A.,"['CH1', 'CH2', 'CHZ']",2018-12-31T09:17:45.940000Z,4.49
372,20181231T091814Z,1J.TI3A.,"['CH1', 'CH2', 'CHZ']",2018-12-31T09:18:14.060000Z,15.11
373,20181231T091932Z,1J.TI3A.,"['CH1', 'CH2', 'CHZ']",2018-12-31T09:19:32.730000Z,1.67
374,20181231T092004Z,1J.TI3A.,"['CH1', 'CH2', 'CHZ']",2018-12-31T09:20:04.650000Z,17.0
375,20181231T092036Z,1J.TI3A.,"['CH1', 'CH2', 'CHZ']",2018-12-31T09:20:36.850000Z,15.41
376,20181231T092114Z,1J.TI3A.,"['CH1', 'CH2', 'CHZ']",2018-12-31T09:21:36.920000Z,2.67
377,20181231T092218Z,1J.TI3A.,"['CH1', 'CH2', 'CHZ']",2018-12-31T09:22:18.900000Z,6.29
378,20181231T092410Z,1J.TI3A.,"['CH1', 'CH2', 'CHZ']",2018-12-31T09:24:14.690000Z,2.4
379,20181231T092459Z,1J.TI3A.,"['CH1', 'CH2', 'CHZ']",2018-12-31T09:24:59.690000Z,1.2
380,20181231T092812Z,1J.TI3A.,"['CH1', 'CH2', 'CHZ']",2018-12-31T09:28:12.570000Z,1.96
381,20181231T092910Z,1J.TI3A.,"['CH1', 'CH2', 'CHZ']",2018-12-31T09:29:10.240000Z,1.58
382,20181231T093023Z,1J.TI3A.,"['CH1', 'CH2', 'CHZ']",2018-12-31T09:30:23.630000Z,3.11
383,20181231T093101Z,1J.TI3A.,"['CH1', 'CH2', 'CHZ']",2018-12-31T09:31:27.970000Z,2.7
384,20181231T093329Z,1J.TI3A.,"['CH1', 'CH2', 'CHZ']",2018-12-31T09:33:29.760000Z,27.6
385,20181231T093520Z,1J.TI3A.,"['CH1', 'CH2', 'CHZ']",2018-12-31T09:35:20.020000Z,2.08
386,20181231T093558Z,1J.TI3A.,"['CH1', 'CH2', 'CHZ']",2018-12-31T09:35:58.960000Z,1.2
387,20181231T093643Z,1J.TI3A.,"['CH1', 'CH2', 'CHZ']",2018-12-31T09:36:43.930000Z,1.49
388,20181231T093739Z,1J.TI3A.,"['CH1', 'CH2', 'CHZ']",2018-12-31T09:37:39.000000Z,2.15
389,20181231T093832Z,1J.TI3A.,"['CH1', 'CH2', 'CHZ']",2018-12-31T09:38:32.970000Z,1.77
390,20181231T093916Z,1J.TI3A.,"['CH1', 'CH2', 'CHZ']",2018-12-31T09:39:17.950000Z,2.12
391,20181231T094004Z,1J.TI3A.,"['CH1', 'CH2', 'CHZ']",2018-12-31T09:40:04.510000Z,1.78
392,20181231T094051Z,1J.TI3A.,"['CH1', 'CH2', 'CHZ']",2018-12-31T09:40:51.170000Z,1.91
393,20181231T094141Z,1J.TI3A.,"['CH1', 'CH2', 'CHZ']",2018-12-31T09:41:41.170000Z,1.86
394,20181231T094225Z,1J.TI3A.,"['CH1', 'CH2', 'CHZ']",2018-12-31T09:42:25.190000Z,1.21
395,20181231T094316Z,1J.TI3A.,"['CH1', 'CH2', 'CHZ']",2018-12-31T09:43:16.200000Z,20.3
396,20181231T094356Z,1J.TI3A.,"['CH1', 'CH2', 'CHZ']",2018-12-31T09:43:56.760000Z,34.51
397,20181231T094857Z,1J.TI3A.,"['CH1', 'CH2', 'CHZ']",2018-12-31T09:48:57.970000Z,1.78
398,20181231T100017Z,1J.TI3A.,"['CH1', 'CH2', 'CHZ']",2018-12-31T10:00:17.020000Z,3.66
399,20181231T100953Z,1J.TI3A.,"['CH1', 'CH2', 'CHZ']",2018-12-31T10:09:53.140000Z,13.17
400,20181231T101158Z,1J.TI3A.,"['CH1', 'CH2', 'CHZ']",2018-12-31T10:11:58.870000Z,2.63
401,20181231T101740Z,1J.TI3A.,"['CH1', 'CH2', 'CHZ']",2018-12-31T10:17:40.970000Z,8.8
402,20181231T101942Z,1J.TI3A.,"['CH1', 'CH2', 'CHZ']",2018-12-31T10:19:42.240000Z,2.12
403,20181231T102052Z,1J.TI3A.,"['CH1', 'CH2', 'CHZ']",2018-12-31T10:20:52.460000Z,6.19
404,20181231T102328Z,1J.TI3A.,"['CH1', 'CH2', 'CHZ']",2018-12-31T10:23:28.300000Z,2.64
405,20181231T105343Z,1J.TI3A.,"['CH1', 'CH2', 'CHZ']",2018-12-31T10:53:43.880000Z,15.67
406,20181231T105528Z,1J.TI3A.,"['CH1', 'CH2', 'CHZ']",2018-12-31T10:55:30.310000Z,7.83
407,20181231T105847Z,1J.TI3A.,"['CH1', 'CH2', 'CHZ']",2018-12-31T10:58:48.230000Z,13.75
408,20181231T110009Z,1J.TI3A.,"['CH1', 'CH2', 'CHZ']",2018-12-31T11:00:09.540000Z,17.29
409,20181231T111002Z,1J.TI3A.,"['CH1', 'CH2', 'CHZ']",2018-12-31T11:10:07.730000Z,10.11
410,20181231T111245Z,1J.TI3A.,"['CH1', 'CH2', 'CHZ']",2018-12-31T11:12:45.800000Z,5.99
411,20181231T111512Z,1J.TI3A.,"['CH1', 'CH2', 'CHZ']",2018-12-31T11:15:12.750000Z,10.33
412,20181231T112016Z,1J.TI3A.,"['CH1', 'CH2', 'CHZ']",2018-12-31T11:20:19.950000Z,33.9
413,20181231T112811Z,1J.TI3A.,"['CH1', 'CH2', 'CHZ']",2018-12-31T11:28:18.270000Z,10.22
414,20181231T113024Z,1J.TI3A.,"['CH1', 'CH2', 'CHZ']",2018-12-31T11:30:24.980000Z,3.73
415,20181231T113103Z,1J.TI3A.,"['CH1', 'CH2', 'CHZ']",2018-12-31T11:31:04.680000Z,7.64
416,20181231T113514Z,1J.TI3A.,"['CH1', 'CH2', 'CHZ']",2018-12-31T11:35:15.590000Z,11.11
417,20181231T113749Z,1J.TI3A.,"['CH1', 'CH2', 'CHZ']",2018-12-31T11:37:49.850000Z,11.77
418,20181231T114634Z,1J.TI3A.,"['CH1', 'CH2', 'CHZ']",2018-12-31T11:46:57.640000Z,18.31
419,20181231T115602Z,1J.TI3A.,"['CH1', 'CH2', 'CHZ']",2018-12-31T11:56:02.850000Z,14.3
420,20181231T120033Z,1J.TI3A.,"['CH1', 'CH2', 'CHZ']",2018-12-31T12:00:33.610000Z,10.18
421,20181231T120624Z,1J.TI3A.,"['CH1', 'CH2', 'CHZ']",2018-12-31T12:06:24.470000Z,12.7
422,20181231T121004Z,1J.TI3A.,"['CH1', 'CH2', 'CHZ']",2018-12-31T12:11:03.740000Z,20.27
423,20181231T121942Z,1J.TI3A.,"['CH1', 'CH2', 'CHZ']",2018-12-31T12:19:43.660000Z,6.82
424,20181231T122618Z,1J.TI3A.,"['CH1', 'CH2', 'CHZ']",2018-12-31T12:26:43.330000Z,15.27
425,20181231T124030Z,1J.TI3A.,"['CH1', 'CH2', 'CHZ']",2018-12-31T12:40:30.450000Z,10.67
426,20181231T124314Z,1J.TI3A.,"['CH1', 'CH2', 'CHZ']",2018-12-31T12:43:14.780000Z,3.34
427,20181231T124606Z,1J.TI3A.,"['CH1', 'CH2', 'CHZ']",2018-12-31T12:46:06.240000Z,2.14
428,20181231T124719Z,1J.TI3A.,"['CH1', 'CH2', 'CHZ']",2018-12-31T12:47:19.630000Z,2.91
429,20181231T125637Z,1J.TI3A.,"['CH1', 'CH2', 'CHZ']",2018-12-31T12:56:37.320000Z,5.87
430,20181231T130120Z,1J.TI3A.,"['CH1', 'CH2', 'CHZ']",2018-12-31T13:01:20.880000Z,3.57
431,20181231T131438Z,1J.TI3A.,"['CH1', 'CH2', 'CHZ']",2018-12-31T13:14:38.850000Z,13.63
432,20181231T131955Z,1J.TI3A.,"['CH1', 'CH2', 'CHZ']",2018-12-31T13:19:55.230000Z,13.44
433,20181231T132453Z,1J.TI3A.,"['CH1', 'CH2', 'CHZ']",2018-12-31T13:24:53.910000Z,5.88
434,20181231T132714Z,1J.TI3A.,"['CH1', 'CH2', 'CHZ']",2018-12-31T13:27:14.250000Z,47.81
435,20181231T134027Z,1J.TI3A.,"['CH1', 'CH2', 'CHZ']",2018-12-31T13:40:39.010000Z,16.37
436,20181231T134621Z,1J.TI3A.,"['CH1', 'CH2', 'CHZ']",2018-12-31T13:46:21.190000Z,15.71
437,20181231T134726Z,1J.TI3A.,"['CH1', 'CH2', 'CHZ']",2018-12-31T13:48:10.790000Z,16.48
438,20181231T135201Z,1J.TI3A.,"['CH1', 'CH2', 'CHZ']",2018-12-31T13:52:02.520000Z,44.97
439,20181231T135342Z,1J.TI3A.,"['CH1', 'CH2', 'CHZ']",2018-12-31T13:53:44.120000Z,29.57
440,20181231T135547Z,1J.TI3A.,"['CH1', 'CH2', 'CHZ']",2018-12-31T13:55:47.690000Z,6.26
441,20181231T140111Z,1J.TI3A.,"['CH1', 'CH2', 'CHZ']",2018-12-31T14:01:11.890000Z,4.71
442,20181231T141042Z,1J.TI3A.,"['CH1', 'CH2', 'CHZ']",2018-12-31T14:10:42.260000Z,16.77
443,20181231T141226Z,1J.TI3A.,"['CH1', 'CH2', 'CHZ']",2018-12-31T14:12:26.100000Z,2.9
444,20181231T141254Z,1J.TI3A.,"['CH1', 'CH2', 'CHZ']",2018-12-31T14:12:54.240000Z,10.49
445,20181231T141821Z,1J.TI3A.,"['CH1', 'CH2', 'CHZ']",2018-12-31T14:18:21.810000Z,9.21
446,20181231T141938Z,1J.TI3A.,"['CH1', 'CH2', 'CHZ']",2018-12-31T14:19:55.510000Z,13.12
447,20181231T142433Z,1J.TI3A.,"['CH1', 'CH2', 'CHZ']",2018-12-31T14:24:33.000000Z,9.27
448,20181231T142953Z,1J.TI3A.,"['CH1', 'CH2', 'CHZ']",2018-12-31T14:29:53.600000Z,6.44
449,20181231T143032Z,1J.TI3A.,"['CH1', 'CH2', 'CHZ']",2018-12-31T14:30:32.030000Z,6.38
450,20181231T144720Z,1J.TI3A.,"['CH1', 'CH2', 'CHZ']",2018-12-31T14:47:20.470000Z,16.97
451,20181231T145001Z,1J.TI3A.,"['CH1', 'CH2', 'CHZ']",2018-12-31T14:50:01.330000Z,7.83
452,20181231T145304Z,1J.TI3A.,"['CH1', 'CH2', 'CHZ']",2018-12-31T14:53:04.130000Z,48.41
453,20181231T150104Z,1J.TI3A.,"['CH1', 'CH2', 'CHZ']",2018-12-31T15:01:04.330000Z,13.45
454,20181231T150545Z,1J.TI3A.,"['CH1', 'CH2', 'CHZ']",2018-12-31T15:05:45.880000Z,1.65
455,20181231T150737Z,1J.TI3A.,"['CH1', 'CH2', 'CHZ']",2018-12-31T15:07:37.660000Z,2.91
456,20181231T151053Z,1J.TI3A.,"['CH1', 'CH2', 'CHZ']",2018-12-31T15:10:53.790000Z,1.83
457,20181231T152300Z,1J.TI3A.,"['CH1', 'CH2', 'CHZ']",2018-12-31T15:23:00.920000Z,12.61
458,20181231T152815Z,1J.TI3A.,"['CH1', 'CH2', 'CHZ']",2018-12-31T15:28:16.920000Z,11.14
459,20181231T153507Z,1J.TI3A.,"['CH1', 'CH2', 'CHZ']",2018-12-31T15:35:07.790000Z,1.46
460,20181231T153539Z,1J.TI3A.,"['CH1', 'CH2', 'CHZ']",2018-12-31T15:35:39.570000Z,16.82
461,20181231T153637Z,1J.TI3A.,"['CH1', 'CH2', 'CHZ']",2018-12-31T15:36:37.990000Z,9.89
462,20181231T153754Z,1J.TI3A.,"['CH1', 'CH2', 'CHZ']",2018-12-31T15:37:54.920000Z,9.06
463,20181231T153911Z,1J.TI3A.,"['CH1', 'CH2', 'CHZ']",2018-12-31T15:39:11.100000Z,7.39
464,20181231T154255Z,1J.TI3A.,"['CH1', 'CH2', 'CHZ']",2018-12-31T15:42:55.200000Z,12.17
465,20181231T154449Z,1J.TI3A.,"['CH1', 'CH2', 'CHZ']",2018-12-31T15:44:49.020000Z,2.46
466,20181231T155014Z,1J.TI3A.,"['CH1', 'CH2', 'CHZ']",2018-12-31T15:50:14.600000Z,23.4
467,20181231T155058Z,1J.TI3A.,"['CH1', 'CH2', 'CHZ']",2018-12-31T15:50:58.410000Z,13.53
468,20181231T155140Z,1J.TI3A.,"['CH1', 'CH2', 'CHZ']",2018-12-31T15:51:40.700000Z,9.4
469,20181231T155358Z,1J.TI3A.,"['CH1', 'CH2', 'CHZ']",2018-12-31T15:53:58.090000Z,10.68
470,20181231T155432Z,1J.TI3A.,"['CH1', 'CH2', 'CHZ']",2018-12-31T15:54:32.240000Z,5.04
471,20181231T155444Z,1J.TI3A.,"['CH1', 'CH2', 'CHZ']",2018-12-31T15:54:44.900000Z,9.82
472,20181231T155835Z,1J.TI3A.,"['CH1', 'CH2', 'CHZ']",2018-12-31T15:58:35.550000Z,12.46
473,20181231T155917Z,1J.TI3A.,"['CH1', 'CH2', 'CHZ']",2018-12-31T15:59:17.210000Z,16.58
474,20181231T160824Z,1J.TI3A.,"['CH1', 'CH2', 'CHZ']",2018-12-31T16:08:24.720000Z,14.2
475,20181231T161126Z,1J.TI3A.,"['CH1', 'CH2', 'CHZ']",2018-12-31T16:11:26.950000Z,22.4
476,20181231T161535Z,1J.TI3A.,"['CH1', 'CH2', 'CHZ']",2018-12-31T16:15:35.820000Z,3.28
477,20181231T163359Z,1J.TI3A.,"['CH1', 'CH2', 'CHZ']",2018-12-31T16:34:26.310000Z,10.1
478,20181231T172859Z,1J.TI3A.,"['CH1', 'CH2', 'CHZ']",2018-12-31T17:28:59.330000Z,7.33
479,20181231T174245Z,1J.TI3A.,"['CH1', 'CH2', 'CHZ']",2018-12-31T17:42:45.490000Z,1.66
480,20181231T174655Z,1J.TI3A.,"['CH1', 'CH2', 'CHZ']",2018-12-31T17:46:56.550000Z,14.01
481,20181231T191632Z,1J.TI3A.,"['CH1', 'CH2', 'CHZ']",2018-12-31T19:16:32.950000Z,7.7
482,20181231T192528Z,1J.TI3A.,"['CH1', 'CH2', 'CHZ']",2018-12-31T19:25:28.690000Z,2.97
483,20181231T193303Z,1J.TI3A.,"['CH1', 'CH2', 'CHZ']",2018-12-31T19:33:03.680000Z,8.15
484,20181231T193631Z,1J.TI3A.,"['CH1', 'CH2', 'CHZ']",2018-12-31T19:36:31.450000Z,6.25
485,20181231T194814Z,1J.TI3A.,"['CH1', 'CH2', 'CHZ']",2018-12-31T19:48:14.000000Z,16.45
486,20181231T195254Z,1J.TI3A.,"['CH1', 'CH2', 'CHZ']",2018-12-31T19:53:23.560000Z,3.67
487,20181231T195357Z,1J.TI3A.,"['CH1', 'CH2', 'CHZ']",2018-12-31T19:54:07.830000Z,15.72
488,20181231T200045Z,1J.TI3A.,"['CH1', 'CH2', 'CHZ']",2018-12-31T20:00:45.910000Z,6.68
489,20181231T200116Z,1J.TI3A.,"['CH1', 'CH2', 'CHZ']",2018-12-31T20:01:16.770000Z,6.86
490,20181231T200734Z,1J.TI3A.,"['CH1', 'CH2', 'CHZ']",2018-12-31T20:07:39.230000Z,4.0
491,20181231T201132Z,1J.TI3A.,"['CH1', 'CH2', 'CHZ']",2018-12-31T20:11:32.280000Z,5.95
492,20181231T201432Z,1J.TI3A.,"['CH1', 'CH2', 'CHZ']",2018-12-31T20:14:32.470000Z,3.19
493,20181231T201702Z,1J.TI3A.,"['CH1', 'CH2', 'CHZ']",2018-12-31T20:17:02.370000Z,21.74
494,20181231T202010Z,1J.TI3A.,"['CH1', 'CH2', 'CHZ']",2018-12-31T20:20:10.950000Z,15.14
495,20181231T202150Z,1J.TI3A.,"['CH1', 'CH2', 'CHZ']",2018-12-31T20:21:50.570000Z,43.87
496,20181231T202651Z,1J.TI3A.,"['CH1', 'CH2', 'CHZ']",2018-12-31T20:26:51.590000Z,13.82
497,20181231T202905Z,1J.TI3A.,"['CH1', 'CH2', 'CHZ']",2018-12-31T20:29:05.290000Z,3.2
498,20181231T202915Z,1J.TI3A.,"['CH1', 'CH2', 'CHZ']",2018-12-31T20:29:15.330000Z,3.6
499,20181231T203100Z,1J.TI3A.,"['CH1', 'CH2', 'CHZ']",2018-12-31T20:31:00.080000Z,12.55
500,20181231T211141Z,1J.TI3A.,"['CH1', 'CH2', 'CHZ']",2018-12-31T21:11:41.420000Z,6.24
501,20181231T212808Z,1J.TI3A.,"['CH1', 'CH2', 'CHZ']",2018-12-31T21:28:08.200000Z,13.46
502,20181231T212941Z,1J.TI3A.,"['CH1', 'CH2', 'CHZ']",2018-12-31T21:29:41.820000Z,3.44
503,20181231T213105Z,1J.TI3A.,"['CH1', 'CH2', 'CHZ']",2018-12-31T21:31:05.150000Z,6.4
504,20181231T213338Z,1J.TI3A.,"['CH1', 'CH2', 'CHZ']",2018-12-31T21:33:38.230000Z,48.33
505,20181231T213724Z,1J.TI3A.,"['CH1', 'CH2', 'CHZ']",2018-12-31T21:37:24.730000Z,1.63
506,20181231T213819Z,1J.TI3A.,"['CH1', 'CH2', 'CHZ']",2018-12-31T21:38:19.550000Z,1.41
507,20181231T213912Z,1J.TI3A.,"['CH1', 'CH2', 'CHZ']",2018-12-31T21:39:12.040000Z,2.24
508,20181231T213958Z,1J.TI3A.,"['CH1', 'CH2', 'CHZ']",2018-12-31T21:39:58.580000Z,1.82
509,20181231T214102Z,1J.TI3A.,"['CH1', 'CH2', 'CHZ']",2018-12-31T21:41:02.500000Z,3.66
510,20181231T214208Z,1J.TI3A.,"['CH1', 'CH2', 'CHZ']",2018-12-31T21:42:08.890000Z,4.09
511,20181231T214243Z,1J.TI3A.,"['CH1', 'CH2', 'CHZ']",2018-12-31T21:42:43.700000Z,21.32
512,20181231T214423Z,1J.TI3A.,"['CH1', 'CH2', 'CHZ']",2018-12-31T21:44:23.050000Z,2.13
513,20181231T214521Z,1J.TI3A.,"['CH1', 'CH2', 'CHZ']",2018-12-31T21:45:21.430000Z,2.41
514,20181231T214606Z,1J.TI3A.,"['CH1', 'CH2', 'CHZ']",2018-12-31T21:46:06.120000Z,2.3
515,20181231T214839Z,1J.TI3A.,"['CH1', 'CH2', 'CHZ']",2018-12-31T21:48:39.280000Z,8.91
516,20181231T214938Z,1J.TI3A.,"['CH1', 'CH2', 'CHZ']",2018-12-31T21:49:38.540000Z,1.2
517,20181231T215110Z,1J.TI3A.,"['CH1', 'CH2', 'CHZ']",2018-12-31T21:51:10.260000Z,2.59
518,20181231T215209Z,1J.TI3A.,"['CH1', 'CH2', 'CHZ']",2018-12-31T21:52:09.200000Z,2.39
519,20181231T215312Z,1J.TI3A.,"['CH1', 'CH2', 'CHZ']",2018-12-31T21:53:12.750000Z,24.5
520,20181231T215657Z,1J.TI3A.,"['CH1', 'CH2', 'CHZ']",2018-12-31T21:56:57.900000Z,2.26
521,20181231T215824Z,1J.TI3A.,"['CH1', 'CH2', 'CHZ']",2018-12-31T21:58:24.070000Z,12.96
522,20181231T220051Z,1J.TI3A.,"['CH1', 'CH2', 'CHZ']",2018-12-31T22:00:51.370000Z,11.92
523,20181231T220117Z,1J.TI3A.,"['CH1', 'CH2', 'CHZ']",2018-12-31T22:01:17.780000Z,23.67
524,20181231T220603Z,1J.TI3A.,"['CH1', 'CH2', 'CHZ']",2018-12-31T22:06:03.830000Z,10.67
525,20181231T220628Z,1J.TI3A.,"['CH1', 'CH2', 'CHZ']",2018-12-31T22:06:28.070000Z,6.51
526,20181231T220958Z,1J.TI3A.,"['CH1', 'CH2', 'CHZ']",2018-12-31T22:09:58.230000Z,11.97
527,20181231T221211Z,1J.TI3A.,"['CH1', 'CH2', 'CHZ']",2018-12-31T22:12:11.440000Z,6.31
528,20181231T221950Z,1J.TI3A.,"['CH1', 'CH2', 'CHZ']",2018-12-31T22:19:50.150000Z,1.45
529,20181231T223810Z,1J.TI3A.,"['CH1', 'CH2', 'CHZ']",2018-12-31T22:38:10.180000Z,24.16
530,20181231T224000Z,1J.TI3A.,"['CH1', 'CH2', 'CHZ']",2018-12-31T22:40:00.420000Z,15.75
531,20181231T224046Z,1J.TI3A.,"['CH1', 'CH2', 'CHZ']",2018-12-31T22:41:26.030000Z,13.34
532,20181231T224442Z,1J.TI3A.,"['CH1', 'CH2', 'CHZ']",2018-12-31T22:44:42.780000Z,53.98
533,20181231T225726Z,1J.TI3A.,"['CH1', 'CH2', 'CHZ']",2018-12-31T22:57:26.190000Z,16.56
534,20181231T225856Z,1J.TI3A.,"['CH1', 'CH2', 'CHZ']",2018-12-31T22:58:56.990000Z,5.04
535,20181231T230123Z,1J.TI3A.,"['CH1', 'CH2', 'CHZ']",2018-12-31T23:01:23.350000Z,9.56
536,20181231T230614Z,1J.TI3A.,"['CH1', 'CH2', 'CHZ']",2018-12-31T23:06:16.680000Z,11.83
537,20181231T230705Z,1J.TI3A.,"['CH1', 'CH2', 'CHZ']",2018-12-31T23:07:23.160000Z,1.65
538,20181231T230748Z,1J.TI3A.,"['CH1', 'CH2', 'CHZ']",2018-12-31T23:07:48.230000Z,8.62
539,20181231T232141Z,1J.TI3A.,"['CH1', 'CH2', 'CHZ']",2018-12-31T23:21:41.750000Z,23.51
540,20181231T232442Z,1J.TI3A.,"['CH1', 'CH2', 'CHZ']",2018-12-31T23:24:42.820000Z,6.5
541,20181231T232508Z,1J.TI3A.,"['CH1', 'CH2', 'CHZ']",2018-12-31T23:25:09.900000Z,10.48
542,20181231T232710Z,1J.TI3A.,"['CH1', 'CH2', 'CHZ']",2018-12-31T23:27:10.980000Z,3.09
543,20181231T233642Z,1J.TI3A.,"['CH1', 'CH2', 'CHZ']",2018-12-31T23:36:42.070000Z,18.0
544,20181231T233947Z,1J.TI3A.,"['CH1', 'CH2', 'CHZ']",2018-12-31T23:39:47.880000Z,14.47
545,20181231T234851Z,1J.TI3A.,"['CH1', 'CH2', 'CHZ']",2018-12-31T23:48:51.090000Z,15.23
546,20181231T235450Z,1J.TI3A.,"['CH1', 'CH2', 'CHZ']",2018-12-31T23:54:50.740000Z,18.15
547,20181231T235844Z,1J.TI3A.,"['CH1', 'CH2', 'CHZ']",2018-12-31T23:58:44.680000Z,17.57
548,20181231T000345Z,1J.TI8A.,"['CH1', 'CH2', 'CHZ']",2018-12-31T00:03:45.650000Z,4.99
549,20181231T000920Z,1J.TI8A.,"['CH1', 'CH2', 'CHZ']",2018-12-31T00:09:20.000000Z,8.92
550,20181231T001136Z,1J.TI8A.,"['CH1', 'CH2', 'CHZ']",2018-12-31T00:11:36.850000Z,5.82
551,20181231T001326Z,1J.TI8A.,"['CH1', 'CH2', 'CHZ']",2018-12-31T00:13:26.080000Z,3.14
552,20181231T001855Z,1J.TI8A.,"['CH1', 'CH2', 'CHZ']",2018-12-31T00:19:03.530000Z,15.03
553,20181231T001954Z,1J.TI8A.,"['CH1', 'CH2', 'CHZ']",2018-12-31T00:19:54.190000Z,3.04
554,20181231T002226Z,1J.TI8A.,"['CH1', 'CH2', 'CHZ']",2018-12-31T00:22:26.590000Z,7.75
555,20181231T002440Z,1J.TI8A.,"['CH1', 'CH2', 'CHZ']",2018-12-31T00:24:40.990000Z,8.84
556,20181231T002733Z,1J.TI8A.,"['CH1', 'CH2', 'CHZ']",2018-12-31T00:27:33.760000Z,6.87
557,20181231T003217Z,1J.TI8A.,"['CH1', 'CH2', 'CHZ']",2018-12-31T00:32:17.370000Z,8.99
558,20181231T003636Z,1J.TI8A.,"['CH1', 'CH2', 'CHZ']",2018-12-31T00:36:36.660000Z,9.24
559,20181231T003849Z,1J.TI8A.,"['CH1', 'CH2', 'CHZ']",2018-12-31T00:38:49.920000Z,7.16
560,20181231T004021Z,1J.TI8A.,"['CH1', 'CH2', 'CHZ']",2018-12-31T00:40:21.900000Z,4.48
561,20181231T004259Z,1J.TI8A.,"['CH1', 'CH2', 'CHZ']",2018-12-31T00:42:59.820000Z,8.17
562,20181231T004504Z,1J.TI8A.,"['CH1', 'CH2', 'CHZ']",2018-12-31T00:45:04.400000Z,6.06
563,20181231T004647Z,1J.TI8A.,"['CH1', 'CH2', 'CHZ']",2018-12-31T00:46:47.240000Z,5.51
564,20181231T004826Z,1J.TI8A.,"['CH1', 'CH2', 'CHZ']",2018-12-31T00:48:26.410000Z,4.23
565,20181231T004952Z,1J.TI8A.,"['CH1', 'CH2', 'CHZ']",2018-12-31T00:49:52.290000Z,5.68
566,20181231T005057Z,1J.TI8A.,"['CH1', 'CH2', 'CHZ']",2018-12-31T00:51:10.400000Z,11.64
567,20181231T005153Z,1J.TI8A.,"['CH1', 'CH2', 'CHZ']",2018-12-31T00:51:53.640000Z,3.79
568,20181231T005939Z,1J.TI8A.,"['CH1', 'CH2', 'CHZ']",2018-12-31T00:59:39.190000Z,6.62
569,20181231T010404Z,1J.TI8A.,"['CH1', 'CH2', 'CHZ']",2018-12-31T01:04:04.480000Z,2.26
570,20181231T011623Z,1J.TI8A.,"['CH1', 'CH2', 'CHZ']",2018-12-31T01:16:23.880000Z,10.41
571,20181231T011818Z,1J.TI8A.,"['CH1', 'CH2', 'CHZ']",2018-12-31T01:18:18.440000Z,21.29
572,20181231T012037Z,1J.TI8A.,"['CH1', 'CH2', 'CHZ']",2018-12-31T01:20:37.350000Z,2.97
573,20181231T012334Z,1J.TI8A.,"['CH1', 'CH2', 'CHZ']",2018-12-31T01:23:38.240000Z,3.45
574,20181231T012706Z,1J.TI8A.,"['CH1', 'CH2', 'CHZ']",2018-12-31T01:27:06.160000Z,7.78
575,20181231T013009Z,1J.TI8A.,"['CH1', 'CH2', 'CHZ']",2018-12-31T01:30:09.980000Z,10.67
576,20181231T013228Z,1J.TI8A.,"['CH1', 'CH2', 'CHZ']",2018-12-31T01:32:31.410000Z,7.5
577,20181231T013430Z,1J.TI8A.,"['CH1', 'CH2', 'CHZ']",2018-12-31T01:34:30.210000Z,7.94
578,20181231T013549Z,1J.TI8A.,"['CH1', 'CH2', 'CHZ']",2018-12-31T01:35:49.440000Z,5.48
579,20181231T013816Z,1J.TI8A.,"['CH1', 'CH2', 'CHZ']",2018-12-31T01:38:16.830000Z,6.06
580,20181231T013906Z,1J.TI8A.,"['CH1', 'CH2', 'CHZ']",2018-12-31T01:39:06.290000Z,6.92
581,20181231T014059Z,1J.TI8A.,"['CH1', 'CH2', 'CHZ']",2018-12-31T01:40:59.040000Z,4.67
582,20181231T014303Z,1J.TI8A.,"['CH1', 'CH2', 'CHZ']",2018-12-31T01:43:03.950000Z,6.35
583,20181231T014441Z,1J.TI8A.,"['CH1', 'CH2', 'CHZ']",2018-12-31T01:44:41.680000Z,5.47
584,20181231T014707Z,1J.TI8A.,"['CH1', 'CH2', 'CHZ']",2018-12-31T01:47:07.400000Z,6.67
585,20181231T015028Z,1J.TI8A.,"['CH1', 'CH2', 'CHZ']",2018-12-31T01:50:28.080000Z,19.86
586,20181231T015320Z,1J.TI8A.,"['CH1', 'CH2', 'CHZ']",2018-12-31T01:53:20.680000Z,6.14
587,20181231T015518Z,1J.TI8A.,"['CH1', 'CH2', 'CHZ']",2018-12-31T01:55:21.750000Z,15.54
588,20181231T015623Z,1J.TI8A.,"['CH1', 'CH2', 'CHZ']",2018-12-31T01:56:28.480000Z,5.15
589,20181231T015727Z,1J.TI8A.,"['CH1', 'CH2', 'CHZ']",2018-12-31T01:57:27.140000Z,4.02
590,20181231T015924Z,1J.TI8A.,"['CH1', 'CH2', 'CHZ']",2018-12-31T01:59:24.430000Z,5.82
591,20181231T020149Z,1J.TI8A.,"['CH1', 'CH2', 'CHZ']",2018-12-31T02:01:49.780000Z,5.73
592,20181231T020353Z,1J.TI8A.,"['CH1', 'CH2', 'CHZ']",2018-12-31T02:03:53.860000Z,6.22
593,20181231T020700Z,1J.TI8A.,"['CH1', 'CH2', 'CHZ']",2018-12-31T02:07:00.880000Z,2.64
594,20181231T020906Z,1J.TI8A.,"['CH1', 'CH2', 'CHZ']",2018-12-31T02:09:06.920000Z,2.77
595,20181231T020912Z,1J.TI8A.,"['CH1', 'CH2', 'CHZ']",2018-12-31T02:09:17.920000Z,9.28
596,20181231T021059Z,1J.TI8A.,"['CH1', 'CH2', 'CHZ']",2018-12-31T02:10:59.550000Z,2.46
597,20181231T021242Z,1J.TI8A.,"['CH1', 'CH2', 'CHZ']",2018-12-31T02:12:42.790000Z,1.63
598,20181231T021656Z,1J.TI8A.,"['CH1', 'CH2', 'CHZ']",2018-12-31T02:17:08.210000Z,1.68
599,20181231T022642Z,1J.TI8A.,"['CH1', 'CH2', 'CHZ']",2018-12-31T02:26:54.370000Z,8.43
600,20181231T023303Z,1J.TI8A.,"['CH1', 'CH2', 'CHZ']",2018-12-31T02:33:03.720000Z,8.45
601,20181231T023320Z,1J.TI8A.,"['CH1', 'CH2', 'CHZ']",2018-12-31T02:33:23.630000Z,15.32
602,20181231T024118Z,1J.TI8A.,"['CH1', 'CH2', 'CHZ']",2018-12-31T02:41:21.870000Z,47.33
603,20181231T024948Z,1J.TI8A.,"['CH1', 'CH2', 'CHZ']",2018-12-31T02:49:51.390000Z,14.03
604,20181231T025015Z,1J.TI8A.,"['CH1', 'CH2', 'CHZ']",2018-12-31T02:50:20.280000Z,19.26
605,20181231T025435Z,1J.TI8A.,"['CH1', 'CH2', 'CHZ']",2018-12-31T02:54:37.400000Z,8.68
606,20181231T025532Z,1J.TI8A.,"['CH1', 'CH2', 'CHZ']",2018-12-31T02:55:34.460000Z,18.33
607,20181231T030649Z,1J.TI8A.,"['CH1', 'CH2', 'CHZ']",2018-12-31T03:06:54.310000Z,15.49
608,20181231T032145Z,1J.TI8A.,"['CH1', 'CH2', 'CHZ']",2018-12-31T03:21:45.810000Z,3.57
609,20181231T032356Z,1J.TI8A.,"['CH1', 'CH2', 'CHZ']",2018-12-31T03:23:56.100000Z,64.59
610,20181231T032540Z,1J.TI8A.,"['CH1', 'CH2', 'CHZ']",2018-12-31T03:25:46.650000Z,6.68
611,20181231T032736Z,1J.TI8A.,"['CH1', 'CH2', 'CHZ']",2018-12-31T03:27:41.870000Z,2.4
612,20181231T033639Z,1J.TI8A.,"['CH1', 'CH2', 'CHZ']",2018-12-31T03:36:41.160000Z,22.0
613,20181231T034233Z,1J.TI8A.,"['CH1', 'CH2', 'CHZ']",2018-12-31T03:42:33.900000Z,22.44
614,20181231T040937Z,1J.TI8A.,"['CH1', 'CH2', 'CHZ']",2018-12-31T04:09:37.870000Z,20.4
615,20181231T041707Z,1J.TI8A.,"['CH1', 'CH2', 'CHZ']",2018-12-31T04:17:11.140000Z,53.0
616,20181231T043621Z,1J.TI8A.,"['CH1', 'CH2', 'CHZ']",2018-12-31T04:36:22.620000Z,8.53
617,20181231T043853Z,1J.TI8A.,"['CH1', 'CH2', 'CHZ']",2018-12-31T04:38:56.170000Z,12.27
618,20181231T044624Z,1J.TI8A.,"['CH1', 'CH2', 'CHZ']",2018-12-31T04:46:28.320000Z,7.87
619,20181231T044815Z,1J.TI8A.,"['CH1', 'CH2', 'CHZ']",2018-12-31T04:48:17.600000Z,54.69
620,20181231T050609Z,1J.TI8A.,"['CH1', 'CH2', 'CHZ']",2018-12-31T05:06:09.800000Z,53.86
621,20181231T052617Z,1J.TI8A.,"['CH1', 'CH2', 'CHZ']",2018-12-31T05:26:19.350000Z,12.98
622,20181231T054051Z,1J.TI8A.,"['CH1', 'CH2', 'CHZ']",2018-12-31T05:40:51.640000Z,17.42
623,20181231T054520Z,1J.TI8A.,"['CH1', 'CH2', 'CHZ']",2018-12-31T05:45:21.080000Z,5.86
624,20181231T055211Z,1J.TI8A.,"['CH1', 'CH2', 'CHZ']",2018-12-31T05:52:21.880000Z,19.87
625,20181231T060613Z,1J.TI8A.,"['CH1', 'CH2', 'CHZ']",2018-12-31T06:06:23.530000Z,15.89
626,20181231T061426Z,1J.TI8A.,"['CH1', 'CH2', 'CHZ']",2018-12-31T06:14:26.260000Z,22.34
627,20181231T061757Z,1J.TI8A.,"['CH1', 'CH2', 'CHZ']",2018-12-31T06:17:57.520000Z,12.9
628,20181231T062020Z,1J.TI8A.,"['CH1', 'CH2', 'CHZ']",2018-12-31T06:20:20.150000Z,19.07
629,20181231T063051Z,1J.TI8A.,"['CH1', 'CH2', 'CHZ']",2018-12-31T06:30:51.690000Z,15.63
630,20181231T063227Z,1J.TI8A.,"['CH1', 'CH2', 'CHZ']",2018-12-31T06:32:27.470000Z,12.28
631,20181231T063900Z,1J.TI8A.,"['CH1', 'CH2', 'CHZ']",2018-12-31T06:39:00.770000Z,10.28
632,20181231T064806Z,1J.TI8A.,"['CH1', 'CH2', 'CHZ']",2018-12-31T06:48:06.120000Z,8.38
633,20181231T065514Z,1J.TI8A.,"['CH1', 'CH2', 'CHZ']",2018-12-31T06:55:14.120000Z,17.24
634,20181231T065550Z,1J.TI8A.,"['CH1', 'CH2', 'CHZ']",2018-12-31T06:55:50.690000Z,21.9
635,20181231T065934Z,1J.TI8A.,"['CH1', 'CH2', 'CHZ']",2018-12-31T06:59:35.930000Z,5.61
636,20181231T070941Z,1J.TI8A.,"['CH1', 'CH2', 'CHZ']",2018-12-31T07:09:41.570000Z,2.88
637,20181231T071739Z,1J.TI8A.,"['CH1', 'CH2', 'CHZ']",2018-12-31T07:17:39.610000Z,18.05
638,20181231T072159Z,1J.TI8A.,"['CH1', 'CH2', 'CHZ']",2018-12-31T07:21:59.690000Z,1.37
639,20181231T072504Z,1J.TI8A.,"['CH1', 'CH2', 'CHZ']",2018-12-31T07:25:14.500000Z,1.42
640,20181231T072639Z,1J.TI8A.,"['CH1', 'CH2', 'CHZ']",2018-12-31T07:26:39.800000Z,1.65
641,20181231T072706Z,1J.TI8A.,"['CH1', 'CH2', 'CHZ']",2018-12-31T07:27:30.460000Z,17.72
642,20181231T072937Z,1J.TI8A.,"['CH1', 'CH2', 'CHZ']",2018-12-31T07:29:37.260000Z,1.73
643,20181231T073016Z,1J.TI8A.,"['CH1', 'CH2', 'CHZ']",2018-12-31T07:30:16.410000Z,1.46
644,20181231T073057Z,1J.TI8A.,"['CH1', 'CH2', 'CHZ']",2018-12-31T07:30:57.960000Z,1.58
645,20181231T073138Z,1J.TI8A.,"['CH1', 'CH2', 'CHZ']",2018-12-31T07:31:38.610000Z,2.02
646,20181231T073220Z,1J.TI8A.,"['CH1', 'CH2', 'CHZ']",2018-12-31T07:32:20.270000Z,1.91
647,20181231T073304Z,1J.TI8A.,"['CH1', 'CH2', 'CHZ']",2018-12-31T07:33:04.780000Z,2.0
648,20181231T073431Z,1J.TI8A.,"['CH1', 'CH2', 'CHZ']",2018-12-31T07:34:31.100000Z,1.51
649,20181231T073526Z,1J.TI8A.,"['CH1', 'CH2', 'CHZ']",2018-12-31T07:35:26.460000Z,2.71
650,20181231T073617Z,1J.TI8A.,"['CH1', 'CH2', 'CHZ']",2018-12-31T07:36:17.780000Z,2.81
651,20181231T073707Z,1J.TI8A.,"['CH1', 'CH2', 'CHZ']",2018-12-31T07:37:07.030000Z,3.32
652,20181231T073800Z,1J.TI8A.,"['CH1', 'CH2', 'CHZ']",2018-12-31T07:38:00.970000Z,1.23
653,20181231T073849Z,1J.TI8A.,"['CH1', 'CH2', 'CHZ']",2018-12-31T07:38:53.170000Z,2.71
654,20181231T073933Z,1J.TI8A.,"['CH1', 'CH2', 'CHZ']",2018-12-31T07:39:33.440000Z,1.71
655,20181231T074116Z,1J.TI8A.,"['CH1', 'CH2', 'CHZ']",2018-12-31T07:41:16.230000Z,2.64
656,20181231T074201Z,1J.TI8A.,"['CH1', 'CH2', 'CHZ']",2018-12-31T07:42:01.120000Z,17.18
657,20181231T074322Z,1J.TI8A.,"['CH1', 'CH2', 'CHZ']",2018-12-31T07:43:22.380000Z,1.41
658,20181231T074356Z,1J.TI8A.,"['CH1', 'CH2', 'CHZ']",2018-12-31T07:43:57.300000Z,1.55
659,20181231T074444Z,1J.TI8A.,"['CH1', 'CH2', 'CHZ']",2018-12-31T07:44:44.490000Z,3.2
660,20181231T074536Z,1J.TI8A.,"['CH1', 'CH2', 'CHZ']",2018-12-31T07:45:36.240000Z,3.63
661,20181231T074632Z,1J.TI8A.,"['CH1', 'CH2', 'CHZ']",2018-12-31T07:46:32.190000Z,3.06
662,20181231T074636Z,1J.TI8A.,"['CH1', 'CH2', 'CHZ']",2018-12-31T07:47:18.970000Z,2.39
663,20181231T074738Z,1J.TI8A.,"['CH1', 'CH2', 'CHZ']",2018-12-31T07:47:38.180000Z,19.0
664,20181231T075027Z,1J.TI8A.,"['CH1', 'CH2', 'CHZ']",2018-12-31T07:50:27.390000Z,2.7
665,20181231T075117Z,1J.TI8A.,"['CH1', 'CH2', 'CHZ']",2018-12-31T07:51:17.060000Z,2.8
666,20181231T075212Z,1J.TI8A.,"['CH1', 'CH2', 'CHZ']",2018-12-31T07:52:12.320000Z,3.53
667,20181231T075315Z,1J.TI8A.,"['CH1', 'CH2', 'CHZ']",2018-12-31T07:53:15.380000Z,4.48
668,20181231T075413Z,1J.TI8A.,"['CH1', 'CH2', 'CHZ']",2018-12-31T07:54:13.750000Z,3.38
669,20181231T075513Z,1J.TI8A.,"['CH1', 'CH2', 'CHZ']",2018-12-31T07:55:17.220000Z,28.1
670,20181231T075613Z,1J.TI8A.,"['CH1', 'CH2', 'CHZ']",2018-12-31T07:56:13.330000Z,1.42
671,20181231T075625Z,1J.TI8A.,"['CH1', 'CH2', 'CHZ']",2018-12-31T07:56:25.860000Z,5.64
672,20181231T075711Z,1J.TI8A.,"['CH1', 'CH2', 'CHZ']",2018-12-31T07:57:28.570000Z,2.1
673,20181231T075830Z,1J.TI8A.,"['CH1', 'CH2', 'CHZ']",2018-12-31T07:58:30.300000Z,3.34
674,20181231T075937Z,1J.TI8A.,"['CH1', 'CH2', 'CHZ']",2018-12-31T07:59:37.530000Z,2.87
675,20181231T080047Z,1J.TI8A.,"['CH1', 'CH2', 'CHZ']",2018-12-31T08:00:47.020000Z,4.42
676,20181231T080208Z,1J.TI8A.,"['CH1', 'CH2', 'CHZ']",2018-12-31T08:02:08.400000Z,5.98
677,20181231T080336Z,1J.TI8A.,"['CH1', 'CH2', 'CHZ']",2018-12-31T08:03:36.900000Z,6.51
678,20181231T080438Z,1J.TI8A.,"['CH1', 'CH2', 'CHZ']",2018-12-31T08:04:49.820000Z,5.8
679,20181231T080604Z,1J.TI8A.,"['CH1', 'CH2', 'CHZ']",2018-12-31T08:06:16.130000Z,64.24
680,20181231T080832Z,1J.TI8A.,"['CH1', 'CH2', 'CHZ']",2018-12-31T08:08:34.170000Z,4.35
681,20181231T081002Z,1J.TI8A.,"['CH1', 'CH2', 'CHZ']",2018-12-31T08:10:02.590000Z,2.82
682,20181231T081119Z,1J.TI8A.,"['CH1', 'CH2', 'CHZ']",2018-12-31T08:11:19.040000Z,4.07
683,20181231T081244Z,1J.TI8A.,"['CH1', 'CH2', 'CHZ']",2018-12-31T08:12:44.740000Z,4.48
684,20181231T081353Z,1J.TI8A.,"['CH1', 'CH2', 'CHZ']",2018-12-31T08:13:53.760000Z,4.87
685,20181231T081503Z,1J.TI8A.,"['CH1', 'CH2', 'CHZ']",2018-12-31T08:15:03.260000Z,5.51
686,20181231T081629Z,1J.TI8A.,"['CH1', 'CH2', 'CHZ']",2018-12-31T08:16:29.890000Z,6.22
687,20181231T081759Z,1J.TI8A.,"['CH1', 'CH2', 'CHZ']",2018-12-31T08:17:59.780000Z,6.65
688,20181231T081925Z,1J.TI8A.,"['CH1', 'CH2', 'CHZ']",2018-12-31T08:19:25.540000Z,7.58
689,20181231T082054Z,1J.TI8A.,"['CH1', 'CH2', 'CHZ']",2018-12-31T08:20:54.220000Z,7.75
690,20181231T082214Z,1J.TI8A.,"['CH1', 'CH2', 'CHZ']",2018-12-31T08:22:14.290000Z,6.18
691,20181231T082328Z,1J.TI8A.,"['CH1', 'CH2', 'CHZ']",2018-12-31T08:23:28.080000Z,10.51
692,20181231T082441Z,1J.TI8A.,"['CH1', 'CH2', 'CHZ']",2018-12-31T08:24:41.130000Z,3.68
693,20181231T082554Z,1J.TI8A.,"['CH1', 'CH2', 'CHZ']",2018-12-31T08:25:54.060000Z,5.34
694,20181231T082618Z,1J.TI8A.,"['CH1', 'CH2', 'CHZ']",2018-12-31T08:27:05.780000Z,5.38
695,20181231T082824Z,1J.TI8A.,"['CH1', 'CH2', 'CHZ']",2018-12-31T08:28:24.910000Z,7.56
696,20181231T082935Z,1J.TI8A.,"['CH1', 'CH2', 'CHZ']",2018-12-31T08:29:35.990000Z,5.55
697,20181231T083047Z,1J.TI8A.,"['CH1', 'CH2', 'CHZ']",2018-12-31T08:30:47.890000Z,5.71
698,20181231T083156Z,1J.TI8A.,"['CH1', 'CH2', 'CHZ']",2018-12-31T08:31:56.500000Z,5.42
699,20181231T083326Z,1J.TI8A.,"['CH1', 'CH2', 'CHZ']",2018-12-31T08:33:26.550000Z,6.81
700,20181231T083421Z,1J.TI8A.,"['CH1', 'CH2', 'CHZ']",2018-12-31T08:34:21.060000Z,4.16
701,20181231T083505Z,1J.TI8A.,"['CH1', 'CH2', 'CHZ']",2018-12-31T08:35:08.510000Z,15.0
702,20181231T083625Z,1J.TI8A.,"['CH1', 'CH2', 'CHZ']",2018-12-31T08:36:25.010000Z,8.67
703,20181231T083738Z,1J.TI8A.,"['CH1', 'CH2', 'CHZ']",2018-12-31T08:37:38.140000Z,3.17
704,20181231T083846Z,1J.TI8A.,"['CH1', 'CH2', 'CHZ']",2018-12-31T08:38:46.450000Z,4.3
705,20181231T083953Z,1J.TI8A.,"['CH1', 'CH2', 'CHZ']",2018-12-31T08:39:53.950000Z,3.3
706,20181231T084100Z,1J.TI8A.,"['CH1', 'CH2', 'CHZ']",2018-12-31T08:41:00.380000Z,4.66
707,20181231T084215Z,1J.TI8A.,"['CH1', 'CH2', 'CHZ']",2018-12-31T08:42:15.090000Z,5.63
708,20181231T084321Z,1J.TI8A.,"['CH1', 'CH2', 'CHZ']",2018-12-31T08:43:21.380000Z,7.8
709,20181231T084513Z,1J.TI8A.,"['CH1', 'CH2', 'CHZ']",2018-12-31T08:45:49.010000Z,17.2
710,20181231T084803Z,1J.TI8A.,"['CH1', 'CH2', 'CHZ']",2018-12-31T08:48:03.020000Z,1.78
711,20181231T084936Z,1J.TI8A.,"['CH1', 'CH2', 'CHZ']",2018-12-31T08:49:36.340000Z,2.65
712,20181231T085105Z,1J.TI8A.,"['CH1', 'CH2', 'CHZ']",2018-12-31T08:51:08.650000Z,3.13
713,20181231T085151Z,1J.TI8A.,"['CH1', 'CH2', 'CHZ']",2018-12-31T08:52:38.020000Z,3.27
714,20181231T085352Z,1J.TI8A.,"['CH1', 'CH2', 'CHZ']",2018-12-31T08:53:52.880000Z,2.4
715,20181231T085511Z,1J.TI8A.,"['CH1', 'CH2', 'CHZ']",2018-12-31T08:55:24.490000Z,5.79
716,20181231T085717Z,1J.TI8A.,"['CH1', 'CH2', 'CHZ']",2018-12-31T08:57:17.870000Z,4.14
717,20181231T085817Z,1J.TI8A.,"['CH1', 'CH2', 'CHZ']",2018-12-31T08:58:17.340000Z,3.0
718,20181231T085859Z,1J.TI8A.,"['CH1', 'CH2', 'CHZ']",2018-12-31T08:58:59.100000Z,1.45
719,20181231T085953Z,1J.TI8A.,"['CH1', 'CH2', 'CHZ']",2018-12-31T08:59:53.350000Z,3.0
720,20181231T090101Z,1J.TI8A.,"['CH1', 'CH2', 'CHZ']",2018-12-31T09:01:01.770000Z,3.78
721,20181231T090216Z,1J.TI8A.,"['CH1', 'CH2', 'CHZ']",2018-12-31T09:02:23.870000Z,5.05
722,20181231T090344Z,1J.TI8A.,"['CH1', 'CH2', 'CHZ']",2018-12-31T09:03:44.890000Z,4.59
723,20181231T090508Z,1J.TI8A.,"['CH1', 'CH2', 'CHZ']",2018-12-31T09:05:08.610000Z,5.62
724,20181231T090615Z,1J.TI8A.,"['CH1', 'CH2', 'CHZ']",2018-12-31T09:06:15.860000Z,4.51
725,20181231T090738Z,1J.TI8A.,"['CH1', 'CH2', 'CHZ']",2018-12-31T09:07:44.880000Z,6.5
726,20181231T090907Z,1J.TI8A.,"['CH1', 'CH2', 'CHZ']",2018-12-31T09:09:16.310000Z,17.51
727,20181231T091058Z,1J.TI8A.,"['CH1', 'CH2', 'CHZ']",2018-12-31T09:11:05.730000Z,7.71
728,20181231T091240Z,1J.TI8A.,"['CH1', 'CH2', 'CHZ']",2018-12-31T09:12:40.610000Z,7.43
729,20181231T091412Z,1J.TI8A.,"['CH1', 'CH2', 'CHZ']",2018-12-31T09:14:12.000000Z,8.13
730,20181231T091549Z,1J.TI8A.,"['CH1', 'CH2', 'CHZ']",2018-12-31T09:15:49.300000Z,8.14
731,20181231T091733Z,1J.TI8A.,"['CH1', 'CH2', 'CHZ']",2018-12-31T09:17:33.400000Z,8.86
732,20181231T091907Z,1J.TI8A.,"['CH1', 'CH2', 'CHZ']",2018-12-31T09:19:07.430000Z,8.65
733,20181231T092036Z,1J.TI8A.,"['CH1', 'CH2', 'CHZ']",2018-12-31T09:20:42.260000Z,4.66
734,20181231T092228Z,1J.TI8A.,"['CH1', 'CH2', 'CHZ']",2018-12-31T09:22:28.800000Z,6.03
735,20181231T092410Z,1J.TI8A.,"['CH1', 'CH2', 'CHZ']",2018-12-31T09:24:10.090000Z,7.23
736,20181231T092536Z,1J.TI8A.,"['CH1', 'CH2', 'CHZ']",2018-12-31T09:25:36.920000Z,6.17
737,20181231T092644Z,1J.TI8A.,"['CH1', 'CH2', 'CHZ']",2018-12-31T09:26:44.030000Z,5.44
738,20181231T092815Z,1J.TI8A.,"['CH1', 'CH2', 'CHZ']",2018-12-31T09:28:15.210000Z,7.99
739,20181231T092934Z,1J.TI8A.,"['CH1', 'CH2', 'CHZ']",2018-12-31T09:29:34.230000Z,7.37
740,20181231T093101Z,1J.TI8A.,"['CH1', 'CH2', 'CHZ']",2018-12-31T09:31:13.460000Z,9.06
741,20181231T093329Z,1J.TI8A.,"['CH1', 'CH2', 'CHZ']",2018-12-31T09:33:50.870000Z,11.57
742,20181231T093541Z,1J.TI8A.,"['CH1', 'CH2', 'CHZ']",2018-12-31T09:35:41.360000Z,7.85
743,20181231T093716Z,1J.TI8A.,"['CH1', 'CH2', 'CHZ']",2018-12-31T09:37:16.820000Z,9.14
744,20181231T093916Z,1J.TI8A.,"['CH1', 'CH2', 'CHZ']",2018-12-31T09:39:16.050000Z,9.16
745,20181231T094054Z,1J.TI8A.,"['CH1', 'CH2', 'CHZ']",2018-12-31T09:40:54.890000Z,7.96
746,20181231T094242Z,1J.TI8A.,"['CH1', 'CH2', 'CHZ']",2018-12-31T09:42:42.350000Z,10.1
747,20181231T094356Z,1J.TI8A.,"['CH1', 'CH2', 'CHZ']",2018-12-31T09:44:28.490000Z,4.8
748,20181231T094549Z,1J.TI8A.,"['CH1', 'CH2', 'CHZ']",2018-12-31T09:45:49.710000Z,5.29
749,20181231T094730Z,1J.TI8A.,"['CH1', 'CH2', 'CHZ']",2018-12-31T09:47:30.200000Z,6.97
750,20181231T094906Z,1J.TI8A.,"['CH1', 'CH2', 'CHZ']",2018-12-31T09:49:06.030000Z,7.64
751,20181231T095045Z,1J.TI8A.,"['CH1', 'CH2', 'CHZ']",2018-12-31T09:50:45.380000Z,8.52
752,20181231T095136Z,1J.TI8A.,"['CH1', 'CH2', 'CHZ']",2018-12-31T09:51:36.810000Z,9.64
753,20181231T095244Z,1J.TI8A.,"['CH1', 'CH2', 'CHZ']",2018-12-31T09:52:44.830000Z,18.19
754,20181231T095433Z,1J.TI8A.,"['CH1', 'CH2', 'CHZ']",2018-12-31T09:54:33.830000Z,7.46
755,20181231T095627Z,1J.TI8A.,"['CH1', 'CH2', 'CHZ']",2018-12-31T09:56:27.320000Z,9.36
756,20181231T095804Z,1J.TI8A.,"['CH1', 'CH2', 'CHZ']",2018-12-31T09:58:04.350000Z,9.24
757,20181231T100020Z,1J.TI8A.,"['CH1', 'CH2', 'CHZ']",2018-12-31T10:00:20.800000Z,11.78
758,20181231T100259Z,1J.TI8A.,"['CH1', 'CH2', 'CHZ']",2018-12-31T10:02:59.600000Z,7.95
759,20181231T100652Z,1J.TI8A.,"['CH1', 'CH2', 'CHZ']",2018-12-31T10:06:52.440000Z,4.84
760,20181231T100829Z,1J.TI8A.,"['CH1', 'CH2', 'CHZ']",2018-12-31T10:08:29.740000Z,6.06
761,20181231T101019Z,1J.TI8A.,"['CH1', 'CH2', 'CHZ']",2018-12-31T10:10:19.180000Z,6.1
762,20181231T101137Z,1J.TI8A.,"['CH1', 'CH2', 'CHZ']",2018-12-31T10:11:37.560000Z,5.74
763,20181231T101220Z,1J.TI8A.,"['CH1', 'CH2', 'CHZ']",2018-12-31T10:12:20.220000Z,7.08
764,20181231T101357Z,1J.TI8A.,"['CH1', 'CH2', 'CHZ']",2018-12-31T10:13:57.800000Z,7.82
765,20181231T101552Z,1J.TI8A.,"['CH1', 'CH2', 'CHZ']",2018-12-31T10:15:52.020000Z,9.89
766,20181231T101718Z,1J.TI8A.,"['CH1', 'CH2', 'CHZ']",2018-12-31T10:17:18.550000Z,8.27
767,20181231T101837Z,1J.TI8A.,"['CH1', 'CH2', 'CHZ']",2018-12-31T10:18:37.520000Z,10.88
768,20181231T101904Z,1J.TI8A.,"['CH1', 'CH2', 'CHZ']",2018-12-31T10:19:04.590000Z,6.86
769,20181231T102328Z,1J.TI8A.,"['CH1', 'CH2', 'CHZ']",2018-12-31T10:23:28.570000Z,11.57
770,20181231T103105Z,1J.TI8A.,"['CH1', 'CH2', 'CHZ']",2018-12-31T10:31:05.590000Z,18.14
771,20181231T103333Z,1J.TI8A.,"['CH1', 'CH2', 'CHZ']",2018-12-31T10:33:33.690000Z,7.43
772,20181231T103542Z,1J.TI8A.,"['CH1', 'CH2', 'CHZ']",2018-12-31T10:35:42.010000Z,8.9
773,20181231T104129Z,1J.TI8A.,"['CH1', 'CH2', 'CHZ']",2018-12-31T10:41:29.950000Z,16.85
774,20181231T105554Z,1J.TI8A.,"['CH1', 'CH2', 'CHZ']",2018-12-31T10:55:54.660000Z,9.89
775,20181231T105804Z,1J.TI8A.,"['CH1', 'CH2', 'CHZ']",2018-12-31T10:58:04.560000Z,13.14
776,20181231T105847Z,1J.TI8A.,"['CH1', 'CH2', 'CHZ']",2018-12-31T10:58:47.970000Z,19.17
777,20181231T110145Z,1J.TI8A.,"['CH1', 'CH2', 'CHZ']",2018-12-31T11:01:45.450000Z,3.94
778,20181231T110237Z,1J.TI8A.,"['CH1', 'CH2', 'CHZ']",2018-12-31T11:02:37.500000Z,20.36
779,20181231T110916Z,1J.TI8A.,"['CH1', 'CH2', 'CHZ']",2018-12-31T11:09:16.630000Z,8.43
780,20181231T111111Z,1J.TI8A.,"['CH1', 'CH2', 'CHZ']",2018-12-31T11:11:11.960000Z,13.13
781,20181231T111512Z,1J.TI8A.,"['CH1', 'CH2', 'CHZ']",2018-12-31T11:15:12.770000Z,16.8
782,20181231T112016Z,1J.TI8A.,"['CH1', 'CH2', 'CHZ']",2018-12-31T11:20:20.710000Z,35.26
783,20181231T112811Z,1J.TI8A.,"['CH1', 'CH2', 'CHZ']",2018-12-31T11:28:21.970000Z,16.7
784,20181231T112925Z,1J.TI8A.,"['CH1', 'CH2', 'CHZ']",2018-12-31T11:29:25.660000Z,18.81
785,20181231T113514Z,1J.TI8A.,"['CH1', 'CH2', 'CHZ']",2018-12-31T11:35:14.940000Z,15.5
786,20181231T113708Z,1J.TI8A.,"['CH1', 'CH2', 'CHZ']",2018-12-31T11:37:23.940000Z,14.28
787,20181231T114055Z,1J.TI8A.,"['CH1', 'CH2', 'CHZ']",2018-12-31T11:40:55.620000Z,11.26
788,20181231T114140Z,1J.TI8A.,"['CH1', 'CH2', 'CHZ']",2018-12-31T11:41:40.600000Z,10.7
789,20181231T114207Z,1J.TI8A.,"['CH1', 'CH2', 'CHZ']",2018-12-31T11:42:07.250000Z,10.35
790,20181231T114634Z,1J.TI8A.,"['CH1', 'CH2', 'CHZ']",2018-12-31T11:46:34.210000Z,46.78
791,20181231T114858Z,1J.TI8A.,"['CH1', 'CH2', 'CHZ']",2018-12-31T11:48:58.020000Z,2.47
792,20181231T115248Z,1J.TI8A.,"['CH1', 'CH2', 'CHZ']",2018-12-31T11:52:48.330000Z,7.68
793,20181231T115316Z,1J.TI8A.,"['CH1', 'CH2', 'CHZ']",2018-12-31T11:53:16.190000Z,18.95
794,20181231T120033Z,1J.TI8A.,"['CH1', 'CH2', 'CHZ']",2018-12-31T12:00:33.530000Z,17.66
795,20181231T120624Z,1J.TI8A.,"['CH1', 'CH2', 'CHZ']",2018-12-31T12:06:25.250000Z,16.33
796,20181231T121004Z,1J.TI8A.,"['CH1', 'CH2', 'CHZ']",2018-12-31T12:11:03.330000Z,29.71
797,20181231T121652Z,1J.TI8A.,"['CH1', 'CH2', 'CHZ']",2018-12-31T12:16:52.020000Z,11.83
798,20181231T121942Z,1J.TI8A.,"['CH1', 'CH2', 'CHZ']",2018-12-31T12:19:42.900000Z,8.21
799,20181231T122618Z,1J.TI8A.,"['CH1', 'CH2', 'CHZ']",2018-12-31T12:26:18.390000Z,47.81
800,20181231T123110Z,1J.TI8A.,"['CH1', 'CH2', 'CHZ']",2018-12-31T12:31:10.120000Z,2.03
801,20181231T123204Z,1J.TI8A.,"['CH1', 'CH2', 'CHZ']",2018-12-31T12:32:04.820000Z,6.24
802,20181231T123448Z,1J.TI8A.,"['CH1', 'CH2', 'CHZ']",2018-12-31T12:34:48.530000Z,25.7
803,20181231T124749Z,1J.TI8A.,"['CH1', 'CH2', 'CHZ']",2018-12-31T12:47:49.340000Z,18.98
804,20181231T125127Z,1J.TI8A.,"['CH1', 'CH2', 'CHZ']",2018-12-31T12:51:27.860000Z,4.6
805,20181231T125152Z,1J.TI8A.,"['CH1', 'CH2', 'CHZ']",2018-12-31T12:51:52.420000Z,10.98
806,20181231T132714Z,1J.TI8A.,"['CH1', 'CH2', 'CHZ']",2018-12-31T13:27:15.530000Z,50.05
807,20181231T133551Z,1J.TI8A.,"['CH1', 'CH2', 'CHZ']",2018-12-31T13:35:51.770000Z,1.54
808,20181231T134726Z,1J.TI8A.,"['CH1', 'CH2', 'CHZ']",2018-12-31T13:47:46.540000Z,43.01
809,20181231T135342Z,1J.TI8A.,"['CH1', 'CH2', 'CHZ']",2018-12-31T13:53:46.190000Z,28.84
810,20181231T135658Z,1J.TI8A.,"['CH1', 'CH2', 'CHZ']",2018-12-31T13:56:58.960000Z,4.53
811,20181231T141653Z,1J.TI8A.,"['CH1', 'CH2', 'CHZ']",2018-12-31T14:16:53.900000Z,15.18
812,20181231T150308Z,1J.TI8A.,"['CH1', 'CH2', 'CHZ']",2018-12-31T15:03:08.170000Z,8.9
813,20181231T150610Z,1J.TI8A.,"['CH1', 'CH2', 'CHZ']",2018-12-31T15:06:10.290000Z,5.49
814,20181231T152142Z,1J.TI8A.,"['CH1', 'CH2', 'CHZ']",2018-12-31T15:21:42.680000Z,17.19
815,20181231T162126Z,1J.TI8A.,"['CH1', 'CH2', 'CHZ']",2018-12-31T16:21:26.810000Z,16.38
816,20181231T163308Z,1J.TI8A.,"['CH1', 'CH2', 'CHZ']",2018-12-31T16:33:08.020000Z,7.19
817,20181231T163359Z,1J.TI8A.,"['CH1', 'CH2', 'CHZ']",2018-12-31T16:33:59.580000Z,49.41
818,20181231T164015Z,1J.TI8A.,"['CH1', 'CH2', 'CHZ']",2018-12-31T16:40:15.650000Z,5.02
819,20181231T171844Z,1J.TI8A.,"['CH1', 'CH2', 'CHZ']",2018-12-31T17:18:44.960000Z,20.52
820,20181231T172313Z,1J.TI8A.,"['CH1', 'CH2', 'CHZ']",2018-12-31T17:23:13.450000Z,12.2
821,20181231T174655Z,1J.TI8A.,"['CH1', 'CH2', 'CHZ']",2018-12-31T17:46:55.570000Z,18.85
822,20181231T180658Z,1J.TI8A.,"['CH1', 'CH2', 'CHZ']",2018-12-31T18:06:58.710000Z,2.42
823,20181231T183119Z,1J.TI8A.,"['CH1', 'CH2', 'CHZ']",2018-12-31T18:31:19.840000Z,2.05
824,20181231T185840Z,1J.TI8A.,"['CH1', 'CH2', 'CHZ']",2018-12-31T18:58:40.880000Z,17.15
825,20181231T191936Z,1J.TI8A.,"['CH1', 'CH2', 'CHZ']",2018-12-31T19:19:54.480000Z,19.0
826,20181231T193323Z,1J.TI8A.,"['CH1', 'CH2', 'CHZ']",2018-12-31T19:33:23.920000Z,2.7
827,20181231T194534Z,1J.TI8A.,"['CH1', 'CH2', 'CHZ']",2018-12-31T19:45:34.200000Z,6.34
828,20181231T195357Z,1J.TI8A.,"['CH1', 'CH2', 'CHZ']",2018-12-31T19:54:13.940000Z,16.01
829,20181231T195555Z,1J.TI8A.,"['CH1', 'CH2', 'CHZ']",2018-12-31T19:55:55.470000Z,1.68
830,20181231T200023Z,1J.TI8A.,"['CH1', 'CH2', 'CHZ']",2018-12-31T20:00:23.150000Z,6.48
831,20181231T201407Z,1J.TI8A.,"['CH1', 'CH2', 'CHZ']",2018-12-31T20:14:07.930000Z,14.67
832,20181231T201702Z,1J.TI8A.,"['CH1', 'CH2', 'CHZ']",2018-12-31T20:17:06.420000Z,9.13
833,20181231T202425Z,1J.TI8A.,"['CH1', 'CH2', 'CHZ']",2018-12-31T20:24:25.340000Z,15.93
834,20181231T204720Z,1J.TI8A.,"['CH1', 'CH2', 'CHZ']",2018-12-31T20:47:20.980000Z,5.45
835,20181231T205703Z,1J.TI8A.,"['CH1', 'CH2', 'CHZ']",2018-12-31T20:57:03.480000Z,8.16
836,20181231T205845Z,1J.TI8A.,"['CH1', 'CH2', 'CHZ']",2018-12-31T20:58:45.080000Z,16.89
837,20181231T210504Z,1J.TI8A.,"['CH1', 'CH2', 'CHZ']",2018-12-31T21:05:04.640000Z,4.14
838,20181231T210709Z,1J.TI8A.,"['CH1', 'CH2', 'CHZ']",2018-12-31T21:07:09.360000Z,8.9
839,20181231T210731Z,1J.TI8A.,"['CH1', 'CH2', 'CHZ']",2018-12-31T21:07:31.160000Z,12.91
840,20181231T211204Z,1J.TI8A.,"['CH1', 'CH2', 'CHZ']",2018-12-31T21:12:04.470000Z,8.07
841,20181231T212701Z,1J.TI8A.,"['CH1', 'CH2', 'CHZ']",2018-12-31T21:27:01.390000Z,5.4
842,20181231T213118Z,1J.TI8A.,"['CH1', 'CH2', 'CHZ']",2018-12-31T21:31:18.670000Z,3.95
843,20181231T213338Z,1J.TI8A.,"['CH1', 'CH2', 'CHZ']",2018-12-31T21:33:43.930000Z,44.75
844,20181231T213554Z,1J.TI8A.,"['CH1', 'CH2', 'CHZ']",2018-12-31T21:35:54.750000Z,2.45
845,20181231T214656Z,1J.TI8A.,"['CH1', 'CH2', 'CHZ']",2018-12-31T21:46:56.500000Z,6.11
846,20181231T220117Z,1J.TI8A.,"['CH1', 'CH2', 'CHZ']",2018-12-31T22:01:20.030000Z,19.69
847,20181231T220603Z,1J.TI8A.,"['CH1', 'CH2', 'CHZ']",2018-12-31T22:06:07.150000Z,4.77
848,20181231T223810Z,1J.TI8A.,"['CH1', 'CH2', 'CHZ']",2018-12-31T22:38:20.030000Z,11.87
849,20181231T224442Z,1J.TI8A.,"['CH1', 'CH2', 'CHZ']",2018-12-31T22:44:44.440000Z,52.41
850,20181231T225014Z,1J.TI8A.,"['CH1', 'CH2', 'CHZ']",2018-12-31T22:50:14.170000Z,18.68
851,20181231T231121Z,1J.TI8A.,"['CH1', 'CH2', 'CHZ']",2018-12-31T23:11:21.540000Z,21.21
852,20181231T231306Z,1J.TI8A.,"['CH1', 'CH2', 'CHZ']",2018-12-31T23:13:06.540000Z,10.06
853,20181231T231800Z,1J.TI8A.,"['CH1', 'CH2', 'CHZ']",2018-12-31T23:18:00.890000Z,12.74
854,20181231T232141Z,1J.TI8A.,"['CH1', 'CH2', 'CHZ']",2018-12-31T23:21:43.440000Z,29.76
855,20181231T232442Z,1J.TI8A.,"['CH1', 'CH2', 'CHZ']",2018-12-31T23:24:45.290000Z,8.94
856,20181231T232508Z,1J.TI8A.,"['CH1', 'CH2', 'CHZ']",2018-12-31T23:25:14.520000Z,8.54
857,20181231T232628Z,1J.TI8A.,"['CH1', 'CH2', 'CHZ']",2018-12-31T23:26:32.160000Z,7.05
858,20181231T233603Z,1J.TI8A.,"['CH1', 'CH2', 'CHZ']",2018-12-31T23:36:03.520000Z,2.62
859,20181231T233750Z,1J.TI8A.,"['CH1', 'CH2', 'CHZ']",2018-12-31T23:37:50.960000Z,17.07
860,20181231T234251Z,1J.TI8A.,"['CH1', 'CH2', 'CHZ']",2018-12-31T23:42:51.500000Z,10.67
861,20181231T234851Z,1J.TI8A.,"['CH1', 'CH2', 'CHZ']",2018-12-31T23:48:55.080000Z,5.53
862,20181231T024118Z,1J.TI6A.,"['CH1', 'CH2', 'CHZ']",2018-12-31T02:41:48.890000Z,13.43
863,20181231T032540Z,1J.TI6A.,"['CH1', 'CH2', 'CHZ']",2018-12-31T03:25:43.300000Z,8.31
864,20181231T041707Z,1J.TI6A.,"['CH1', 'CH2', 'CHZ']",2018-12-31T04:17:38.210000Z,17.07
865,20181231T044815Z,1J.TI6A.,"['CH1', 'CH2', 'CHZ']",2018-12-31T04:48:47.200000Z,11.7
866,20181231T052150Z,1J.TI6A.,"['CH1', 'CH2', 'CHZ']",2018-12-31T05:21:50.740000Z,2.24
867,20181231T052617Z,1J.TI6A.,"['CH1', 'CH2', 'CHZ']",2018-12-31T05:26:17.950000Z,22.39
868,20181231T053724Z,1J.TI6A.,"['CH1', 'CH2', 'CHZ']",2018-12-31T05:37:50.360000Z,32.76
869,20181231T054219Z,1J.TI6A.,"['CH1', 'CH2', 'CHZ']",2018-12-31T05:42:19.890000Z,10.43
870,20181231T054348Z,1J.TI6A.,"['CH1', 'CH2', 'CHZ']",2018-12-31T05:43:48.550000Z,3.24
871,20181231T054520Z,1J.TI6A.,"['CH1', 'CH2', 'CHZ']",2018-12-31T05:45:20.200000Z,1.41
872,20181231T065550Z,1J.TI6A.,"['CH1', 'CH2', 'CHZ']",2018-12-31T06:55:53.540000Z,18.37
873,20181231T071821Z,1J.TI6A.,"['CH1', 'CH2', 'CHZ']",2018-12-31T07:18:41.810000Z,10.0
874,20181231T072706Z,1J.TI6A.,"['CH1', 'CH2', 'CHZ']",2018-12-31T07:27:31.690000Z,11.41
875,20181231T080604Z,1J.TI6A.,"['CH1', 'CH2', 'CHZ']",2018-12-31T08:06:26.210000Z,51.71
876,20181231T080832Z,1J.TI6A.,"['CH1', 'CH2', 'CHZ']",2018-12-31T08:08:33.160000Z,4.7
877,20181231T083243Z,1J.TI6A.,"['CH1', 'CH2', 'CHZ']",2018-12-31T08:32:43.440000Z,3.67
878,20181231T083625Z,1J.TI6A.,"['CH1', 'CH2', 'CHZ']",2018-12-31T08:36:34.520000Z,10.47
879,20181231T084244Z,1J.TI6A.,"['CH1', 'CH2', 'CHZ']",2018-12-31T08:42:49.140000Z,4.6
880,20181231T084513Z,1J.TI6A.,"['CH1', 'CH2', 'CHZ']",2018-12-31T08:45:16.210000Z,51.51
881,20181231T084916Z,1J.TI6A.,"['CH1', 'CH2', 'CHZ']",2018-12-31T08:49:16.380000Z,1.97
882,20181231T085105Z,1J.TI6A.,"['CH1', 'CH2', 'CHZ']",2018-12-31T08:51:09.770000Z,4.3
883,20181231T090216Z,1J.TI6A.,"['CH1', 'CH2', 'CHZ']",2018-12-31T09:02:20.910000Z,2.5
884,20181231T091134Z,1J.TI6A.,"['CH1', 'CH2', 'CHZ']",2018-12-31T09:11:34.240000Z,61.36
885,20181231T105847Z,1J.TI6A.,"['CH1', 'CH2', 'CHZ']",2018-12-31T10:58:48.810000Z,15.39
886,20181231T112016Z,1J.TI6A.,"['CH1', 'CH2', 'CHZ']",2018-12-31T11:20:21.240000Z,35.53
887,20181231T112811Z,1J.TI6A.,"['CH1', 'CH2', 'CHZ']",2018-12-31T11:28:19.740000Z,16.72
888,20181231T113514Z,1J.TI6A.,"['CH1', 'CH2', 'CHZ']",2018-12-31T11:35:14.590000Z,9.04
889,20181231T114634Z,1J.TI6A.,"['CH1', 'CH2', 'CHZ']",2018-12-31T11:46:59.890000Z,16.99
890,20181231T120033Z,1J.TI6A.,"['CH1', 'CH2', 'CHZ']",2018-12-31T12:00:34.760000Z,8.05
891,20181231T120624Z,1J.TI6A.,"['CH1', 'CH2', 'CHZ']",2018-12-31T12:06:25.850000Z,7.19
892,20181231T122618Z,1J.TI6A.,"['CH1', 'CH2', 'CHZ']",2018-12-31T12:26:46.550000Z,9.89
893,20181231T124030Z,1J.TI6A.,"['CH1', 'CH2', 'CHZ']",2018-12-31T12:40:35.070000Z,3.22
894,20181231T132714Z,1J.TI6A.,"['CH1', 'CH2', 'CHZ']",2018-12-31T13:27:44.070000Z,18.93
895,20181231T135342Z,1J.TI6A.,"['CH1', 'CH2', 'CHZ']",2018-12-31T13:53:46.910000Z,24.95
896,20181231T161748Z,1J.TI6A.,"['CH1', 'CH2', 'CHZ']",2018-12-31T16:17:48.590000Z,1.73
897,20181231T163359Z,1J.TI6A.,"['CH1', 'CH2', 'CHZ']",2018-12-31T16:34:27.140000Z,12.66
898,20181231T174655Z,1J.TI6A.,"['CH1', 'CH2', 'CHZ']",2018-12-31T17:46:59.760000Z,9.71
899,20181231T182735Z,1J.TI6A.,"['CH1', 'CH2', 'CHZ']",2018-12-31T18:27:35.860000Z,3.95
900,20181231T185840Z,1J.TI6A.,"['CH1', 'CH2', 'CHZ']",2018-12-31T18:58:41.470000Z,12.21
901,20181231T213338Z,1J.TI6A.,"['CH1', 'CH2', 'CHZ']",2018-12-31T21:34:08.910000Z,15.62
902,20181231T220117Z,1J.TI6A.,"['CH1', 'CH2', 'CHZ']",2018-12-31T22:01:19.180000Z,17.42
903,20181231T224442Z,1J.TI6A.,"['CH1', 'CH2', 'CHZ']",2018-12-31T22:45:13.080000Z,12.49
904,20181231T231121Z,1J.TI6A.,"['CH1', 'CH2', 'CHZ']",2018-12-31T23:11:26.860000Z,5.62
905,20181231T232141Z,1J.TI6A.,"['CH1', 'CH2', 'CHZ']",2018-12-31T23:21:41.990000Z,23.57
906,20181231T232508Z,1J.TI6A.,"['CH1', 'CH2', 'CHZ']",2018-12-31T23:25:12.800000Z,6.42
907,20181231T233642Z,1J.TI6A.,"['CH1', 'CH2', 'CHZ']",2018-12-31T23:36:45.720000Z,5.38
908,20181231T002549Z,1J.TI1A.,"['CH1', 'CH2', 'CHZ']",2018-12-31T00:25:49.360000Z,10.54
909,20181231T013119Z,1J.TI1A.,"['CH1', 'CH2', 'CHZ']",2018-12-31T01:31:19.530000Z,11.48
910,20181231T014943Z,1J.TI1A.,"['CH1', 'CH2', 'CHZ']",2018-12-31T01:49:43.080000Z,9.81
911,20181231T022413Z,1J.TI1A.,"['CH1', 'CH2', 'CHZ']",2018-12-31T02:24:13.570000Z,15.7
912,20181231T034728Z,1J.TI1A.,"['CH1', 'CH2', 'CHZ']",2018-12-31T03:47:28.340000Z,7.25
913,20181231T035246Z,1J.TI1A.,"['CH1', 'CH2', 'CHZ']",2018-12-31T03:52:46.250000Z,18.55
914,20181231T044731Z,1J.TI1A.,"['CH1', 'CH2', 'CHZ']",2018-12-31T04:47:31.380000Z,19.89
915,20181231T045209Z,1J.TI1A.,"['CH1', 'CH2', 'CHZ']",2018-12-31T04:52:09.840000Z,4.78
916,20181231T050216Z,1J.TI1A.,"['CH1', 'CH2', 'CHZ']",2018-12-31T05:02:16.350000Z,10.53
917,20181231T050401Z,1J.TI1A.,"['CH1', 'CH2', 'CHZ']",2018-12-31T05:04:01.350000Z,2.18
918,20181231T050519Z,1J.TI1A.,"['CH1', 'CH2', 'CHZ']",2018-12-31T05:05:19.800000Z,26.27
919,20181231T050609Z,1J.TI1A.,"['CH1', 'CH2', 'CHZ']",2018-12-31T05:06:24.270000Z,8.98
920,20181231T051242Z,1J.TI1A.,"['CH1', 'CH2', 'CHZ']",2018-12-31T05:12:53.780000Z,2.81
921,20181231T051609Z,1J.TI1A.,"['CH1', 'CH2', 'CHZ']",2018-12-31T05:16:09.510000Z,9.37
922,20181231T052617Z,1J.TI1A.,"['CH1', 'CH2', 'CHZ']",2018-12-31T05:26:20.870000Z,16.74
923,20181231T052721Z,1J.TI1A.,"['CH1', 'CH2', 'CHZ']",2018-12-31T05:27:21.270000Z,22.76
924,20181231T060613Z,1J.TI1A.,"['CH1', 'CH2', 'CHZ']",2018-12-31T06:06:13.590000Z,24.06
925,20181231T061051Z,1J.TI1A.,"['CH1', 'CH2', 'CHZ']",2018-12-31T06:10:53.020000Z,17.06
926,20181231T061321Z,1J.TI1A.,"['CH1', 'CH2', 'CHZ']",2018-12-31T06:13:21.670000Z,24.43
927,20181231T063315Z,1J.TI1A.,"['CH1', 'CH2', 'CHZ']",2018-12-31T06:33:15.360000Z,28.2
928,20181231T063608Z,1J.TI1A.,"['CH1', 'CH2', 'CHZ']",2018-12-31T06:36:08.420000Z,22.09
929,20181231T064108Z,1J.TI1A.,"['CH1', 'CH2', 'CHZ']",2018-12-31T06:41:08.750000Z,4.55
930,20181231T064844Z,1J.TI1A.,"['CH1', 'CH2', 'CHZ']",2018-12-31T06:48:44.620000Z,3.08
931,20181231T065210Z,1J.TI1A.,"['CH1', 'CH2', 'CHZ']",2018-12-31T06:52:10.450000Z,4.6
932,20181231T065355Z,1J.TI1A.,"['CH1', 'CH2', 'CHZ']",2018-12-31T06:53:55.750000Z,32.7
933,20181231T070225Z,1J.TI1A.,"['CH1', 'CH2', 'CHZ']",2018-12-31T07:02:27.370000Z,14.97
934,20181231T071932Z,1J.TI1A.,"['CH1', 'CH2', 'CHZ']",2018-12-31T07:19:32.580000Z,19.78
935,20181231T072408Z,1J.TI1A.,"['CH1', 'CH2', 'CHZ']",2018-12-31T07:24:08.920000Z,15.1
936,20181231T072706Z,1J.TI1A.,"['CH1', 'CH2', 'CHZ']",2018-12-31T07:27:06.290000Z,50.05
937,20181231T075121Z,1J.TI1A.,"['CH1', 'CH2', 'CHZ']",2018-12-31T07:51:21.670000Z,38.72
938,20181231T075252Z,1J.TI1A.,"['CH1', 'CH2', 'CHZ']",2018-12-31T07:52:52.650000Z,9.04
939,20181231T080119Z,1J.TI1A.,"['CH1', 'CH2', 'CHZ']",2018-12-31T08:01:19.010000Z,38.47
940,20181231T080251Z,1J.TI1A.,"['CH1', 'CH2', 'CHZ']",2018-12-31T08:02:51.610000Z,8.11
941,20181231T080604Z,1J.TI1A.,"['CH1', 'CH2', 'CHZ']",2018-12-31T08:06:04.440000Z,76.79
942,20181231T081252Z,1J.TI1A.,"['CH1', 'CH2', 'CHZ']",2018-12-31T08:12:52.950000Z,17.05
943,20181231T081541Z,1J.TI1A.,"['CH1', 'CH2', 'CHZ']",2018-12-31T08:15:41.740000Z,10.17
944,20181231T082755Z,1J.TI1A.,"['CH1', 'CH2', 'CHZ']",2018-12-31T08:27:55.260000Z,12.19
945,20181231T083023Z,1J.TI1A.,"['CH1', 'CH2', 'CHZ']",2018-12-31T08:30:23.020000Z,17.76
946,20181231T083505Z,1J.TI1A.,"['CH1', 'CH2', 'CHZ']",2018-12-31T08:35:05.720000Z,51.93
947,20181231T083710Z,1J.TI1A.,"['CH1', 'CH2', 'CHZ']",2018-12-31T08:37:10.900000Z,21.67
948,20181231T084431Z,1J.TI1A.,"['CH1', 'CH2', 'CHZ']",2018-12-31T08:44:31.600000Z,3.78
949,20181231T084513Z,1J.TI1A.,"['CH1', 'CH2', 'CHZ']",2018-12-31T08:45:19.290000Z,50.46
950,20181231T085151Z,1J.TI1A.,"['CH1', 'CH2', 'CHZ']",2018-12-31T08:52:49.550000Z,5.33
951,20181231T090620Z,1J.TI1A.,"['CH1', 'CH2', 'CHZ']",2018-12-31T09:06:20.980000Z,4.84
952,20181231T090708Z,1J.TI1A.,"['CH1', 'CH2', 'CHZ']",2018-12-31T09:07:08.750000Z,16.67
953,20181231T092114Z,1J.TI1A.,"['CH1', 'CH2', 'CHZ']",2018-12-31T09:21:14.010000Z,25.74
954,20181231T093842Z,1J.TI1A.,"['CH1', 'CH2', 'CHZ']",2018-12-31T09:38:42.800000Z,7.21
955,20181231T094631Z,1J.TI1A.,"['CH1', 'CH2', 'CHZ']",2018-12-31T09:46:31.530000Z,11.58
956,20181231T094701Z,1J.TI1A.,"['CH1', 'CH2', 'CHZ']",2018-12-31T09:47:01.700000Z,21.92
957,20181231T095244Z,1J.TI1A.,"['CH1', 'CH2', 'CHZ']",2018-12-31T09:52:49.230000Z,8.32
958,20181231T095403Z,1J.TI1A.,"['CH1', 'CH2', 'CHZ']",2018-12-31T09:54:03.270000Z,24.74
959,20181231T095659Z,1J.TI1A.,"['CH1', 'CH2', 'CHZ']",2018-12-31T09:56:59.530000Z,21.39
960,20181231T095914Z,1J.TI1A.,"['CH1', 'CH2', 'CHZ']",2018-12-31T09:59:14.280000Z,2.03
961,20181231T100455Z,1J.TI1A.,"['CH1', 'CH2', 'CHZ']",2018-12-31T10:04:55.290000Z,4.32
962,20181231T103425Z,1J.TI1A.,"['CH1', 'CH2', 'CHZ']",2018-12-31T10:34:25.700000Z,4.1
963,20181231T105528Z,1J.TI1A.,"['CH1', 'CH2', 'CHZ']",2018-12-31T10:55:28.660000Z,13.3
964,20181231T105703Z,1J.TI1A.,"['CH1', 'CH2', 'CHZ']",2018-12-31T10:57:03.200000Z,18.58
965,20181231T110612Z,1J.TI1A.,"['CH1', 'CH2', 'CHZ']",2018-12-31T11:06:12.440000Z,7.61
966,20181231T110650Z,1J.TI1A.,"['CH1', 'CH2', 'CHZ']",2018-12-31T11:06:50.570000Z,10.76
967,20181231T111512Z,1J.TI1A.,"['CH1', 'CH2', 'CHZ']",2018-12-31T11:15:13.920000Z,12.44
968,20181231T111727Z,1J.TI1A.,"['CH1', 'CH2', 'CHZ']",2018-12-31T11:17:27.690000Z,4.1
969,20181231T111737Z,1J.TI1A.,"['CH1', 'CH2', 'CHZ']",2018-12-31T11:17:37.510000Z,37.29
970,20181231T112016Z,1J.TI1A.,"['CH1', 'CH2', 'CHZ']",2018-12-31T11:20:16.720000Z,25.38
971,20181231T112811Z,1J.TI1A.,"['CH1', 'CH2', 'CHZ']",2018-12-31T11:28:11.430000Z,38.77
972,20181231T113103Z,1J.TI1A.,"['CH1', 'CH2', 'CHZ']",2018-12-31T11:31:03.560000Z,7.04
973,20181231T113158Z,1J.TI1A.,"['CH1', 'CH2', 'CHZ']",2018-12-31T11:31:58.080000Z,13.24
974,20181231T113657Z,1J.TI1A.,"['CH1', 'CH2', 'CHZ']",2018-12-31T11:36:57.930000Z,4.13
975,20181231T113708Z,1J.TI1A.,"['CH1', 'CH2', 'CHZ']",2018-12-31T11:37:08.840000Z,29.01
976,20181231T113954Z,1J.TI1A.,"['CH1', 'CH2', 'CHZ']",2018-12-31T11:39:54.990000Z,7.11
977,20181231T114337Z,1J.TI1A.,"['CH1', 'CH2', 'CHZ']",2018-12-31T11:43:37.090000Z,7.42
978,20181231T114516Z,1J.TI1A.,"['CH1', 'CH2', 'CHZ']",2018-12-31T11:45:16.300000Z,9.9
979,20181231T114603Z,1J.TI1A.,"['CH1', 'CH2', 'CHZ']",2018-12-31T11:46:03.790000Z,6.82
980,20181231T114819Z,1J.TI1A.,"['CH1', 'CH2', 'CHZ']",2018-12-31T11:48:19.570000Z,3.6
981,20181231T120201Z,1J.TI1A.,"['CH1', 'CH2', 'CHZ']",2018-12-31T12:02:01.390000Z,2.16
982,20181231T120819Z,1J.TI1A.,"['CH1', 'CH2', 'CHZ']",2018-12-31T12:08:19.670000Z,8.66
983,20181231T121004Z,1J.TI1A.,"['CH1', 'CH2', 'CHZ']",2018-12-31T12:10:04.640000Z,82.7
984,20181231T125506Z,1J.TI1A.,"['CH1', 'CH2', 'CHZ']",2018-12-31T12:55:06.010000Z,23.34
985,20181231T131709Z,1J.TI1A.,"['CH1', 'CH2', 'CHZ']",2018-12-31T13:17:09.790000Z,8.57
986,20181231T133102Z,1J.TI1A.,"['CH1', 'CH2', 'CHZ']",2018-12-31T13:31:02.830000Z,2.81
987,20181231T134726Z,1J.TI1A.,"['CH1', 'CH2', 'CHZ']",2018-12-31T13:47:32.630000Z,55.21
988,20181231T135201Z,1J.TI1A.,"['CH1', 'CH2', 'CHZ']",2018-12-31T13:52:01.340000Z,43.88
989,20181231T135325Z,1J.TI1A.,"['CH1', 'CH2', 'CHZ']",2018-12-31T13:53:25.710000Z,4.16
990,20181231T135342Z,1J.TI1A.,"['CH1', 'CH2', 'CHZ']",2018-12-31T13:53:42.650000Z,29.42
991,20181231T135547Z,1J.TI1A.,"['CH1', 'CH2', 'CHZ']",2018-12-31T13:55:48.030000Z,4.22
992,20181231T141938Z,1J.TI1A.,"['CH1', 'CH2', 'CHZ']",2018-12-31T14:20:42.910000Z,16.63
993,20181231T154921Z,1J.TI1A.,"['CH1', 'CH2', 'CHZ']",2018-12-31T15:49:21.510000Z,28.76
994,20181231T160142Z,1J.TI1A.,"['CH1', 'CH2', 'CHZ']",2018-12-31T16:01:42.160000Z,18.61
995,20181231T163937Z,1J.TI1A.,"['CH1', 'CH2', 'CHZ']",2018-12-31T16:39:37.080000Z,23.3
996,20181231T173827Z,1J.TI1A.,"['CH1', 'CH2', 'CHZ']",2018-12-31T17:38:28.470000Z,4.05
997,20181231T174655Z,1J.TI1A.,"['CH1', 'CH2', 'CHZ']",2018-12-31T17:46:58.270000Z,9.91
998,20181231T184135Z,1J.TI1A.,"['CH1', 'CH2', 'CHZ']",2018-12-31T18:41:35.070000Z,22.49
999,20181231T184205Z,1J.TI1A.,"['CH1', 'CH2', 'CHZ']",2018-12-31T18:42:05.680000Z,18.0
1000,20181231T184506Z,1J.TI1A.,"['CH1', 'CH2', 'CHZ']",2018-12-31T18:45:06.310000Z,10.46
1001,20181231T185708Z,1J.TI1A.,"['CH1', 'CH2', 'CHZ']",2018-12-31T18:57:08.600000Z,25.18
1002,20181231T185811Z,1J.TI1A.,"['CH1', 'CH2', 'CHZ']",2018-12-31T18:58:11.280000Z,21.14
1003,20181231T190648Z,1J.TI1A.,"['CH1', 'CH2', 'CHZ']",2018-12-31T19:06:48.540000Z,13.11
1004,20181231T191936Z,1J.TI1A.,"['CH1', 'CH2', 'CHZ']",2018-12-31T19:19:36.870000Z,22.37
1005,20181231T192519Z,1J.TI1A.,"['CH1', 'CH2', 'CHZ']",2018-12-31T19:25:19.350000Z,5.34
1006,20181231T192955Z,1J.TI1A.,"['CH1', 'CH2', 'CHZ']",2018-12-31T19:29:55.970000Z,32.61
1007,20181231T193221Z,1J.TI1A.,"['CH1', 'CH2', 'CHZ']",2018-12-31T19:32:21.320000Z,41.44
1008,20181231T193502Z,1J.TI1A.,"['CH1', 'CH2', 'CHZ']",2018-12-31T19:35:02.890000Z,14.42
1009,20181231T193736Z,1J.TI1A.,"['CH1', 'CH2', 'CHZ']",2018-12-31T19:37:41.410000Z,26.49
1010,20181231T195357Z,1J.TI1A.,"['CH1', 'CH2', 'CHZ']",2018-12-31T19:54:29.620000Z,10.0
1011,20181231T200147Z,1J.TI1A.,"['CH1', 'CH2', 'CHZ']",2018-12-31T20:01:49.650000Z,28.01
1012,20181231T205041Z,1J.TI1A.,"['CH1', 'CH2', 'CHZ']",2018-12-31T20:50:41.720000Z,5.89
1013,20181231T205743Z,1J.TI1A.,"['CH1', 'CH2', 'CHZ']",2018-12-31T20:57:43.020000Z,24.27
1014,20181231T220159Z,1J.TI1A.,"['CH1', 'CH2', 'CHZ']",2018-12-31T22:01:59.310000Z,10.09
1015,20181231T224046Z,1J.TI1A.,"['CH1', 'CH2', 'CHZ']",2018-12-31T22:40:55.860000Z,31.97
1016,20181231T224200Z,1J.TI1A.,"['CH1', 'CH2', 'CHZ']",2018-12-31T22:42:00.620000Z,9.36
1017,20181231T232141Z,1J.TI1A.,"['CH1', 'CH2', 'CHZ']",2018-12-31T23:21:45.420000Z,19.11
1018,20181231T232430Z,1J.TI1A.,"['CH1', 'CH2', 'CHZ']",2018-12-31T23:24:30.160000Z,3.31
1019,20181231T232442Z,1J.TI1A.,"['CH1', 'CH2', 'CHZ']",2018-12-31T23:24:48.520000Z,6.36
1020,20181231T233548Z,1J.TI1A.,"['CH1', 'CH2', 'CHZ']",2018-12-31T23:35:48.000000Z,3.8
1021,20181231T234501Z,1J.TI1A.,"['CH1', 'CH2', 'CHZ']",2018-12-31T23:45:01.920000Z,29.41
1022,20181231T235419Z,1J.TI1A.,"['CH1', 'CH2', 'CHZ']",2018-12-31T23:54:19.130000Z,6.04
1023,20181231T235509Z,1J.TI1A.,"['CH1', 'CH2', 'CHZ']",2018-12-31T23:55:09.500000Z,13.09
1024,20181231T000114Z,1J.TI7A.,"['CH1', 'CH2', 'CHZ']",2018-12-31T00:01:14.060000Z,13.74
1025,20181231T001052Z,1J.TI7A.,"['CH1', 'CH2', 'CHZ']",2018-12-31T00:10:52.970000Z,13.28
1026,20181231T001855Z,1J.TI7A.,"['CH1', 'CH2', 'CHZ']",2018-12-31T00:19:02.150000Z,4.49
1027,20181231T002052Z,1J.TI7A.,"['CH1', 'CH2', 'CHZ']",2018-12-31T00:20:52.230000Z,1.68
1028,20181231T002246Z,1J.TI7A.,"['CH1', 'CH2', 'CHZ']",2018-12-31T00:22:46.680000Z,15.05
1029,20181231T002827Z,1J.TI7A.,"['CH1', 'CH2', 'CHZ']",2018-12-31T00:28:27.760000Z,13.49
1030,20181231T003834Z,1J.TI7A.,"['CH1', 'CH2', 'CHZ']",2018-12-31T00:38:34.630000Z,14.71
1031,20181231T004604Z,1J.TI7A.,"['CH1', 'CH2', 'CHZ']",2018-12-31T00:46:04.140000Z,12.15
1032,20181231T005804Z,1J.TI7A.,"['CH1', 'CH2', 'CHZ']",2018-12-31T00:58:04.450000Z,16.6
1033,20181231T010648Z,1J.TI7A.,"['CH1', 'CH2', 'CHZ']",2018-12-31T01:06:49.900000Z,13.11
1034,20181231T011527Z,1J.TI7A.,"['CH1', 'CH2', 'CHZ']",2018-12-31T01:15:27.570000Z,14.48
1035,20181231T012334Z,1J.TI7A.,"['CH1', 'CH2', 'CHZ']",2018-12-31T01:23:34.530000Z,6.89
1036,20181231T012510Z,1J.TI7A.,"['CH1', 'CH2', 'CHZ']",2018-12-31T01:25:16.400000Z,13.06
1037,20181231T013322Z,1J.TI7A.,"['CH1', 'CH2', 'CHZ']",2018-12-31T01:33:22.510000Z,12.3
1038,20181231T014526Z,1J.TI7A.,"['CH1', 'CH2', 'CHZ']",2018-12-31T01:45:26.860000Z,18.03
1039,20181231T015518Z,1J.TI7A.,"['CH1', 'CH2', 'CHZ']",2018-12-31T01:55:29.450000Z,12.12
1040,20181231T020415Z,1J.TI7A.,"['CH1', 'CH2', 'CHZ']",2018-12-31T02:04:15.910000Z,10.66
1041,20181231T021309Z,1J.TI7A.,"['CH1', 'CH2', 'CHZ']",2018-12-31T02:13:09.100000Z,13.45
1042,20181231T022138Z,1J.TI7A.,"['CH1', 'CH2', 'CHZ']",2018-12-31T02:21:38.750000Z,9.79
1043,20181231T022634Z,1J.TI7A.,"['CH1', 'CH2', 'CHZ']",2018-12-31T02:26:34.680000Z,7.65
1044,20181231T023644Z,1J.TI7A.,"['CH1', 'CH2', 'CHZ']",2018-12-31T02:36:44.930000Z,13.31
1045,20181231T024451Z,1J.TI7A.,"['CH1', 'CH2', 'CHZ']",2018-12-31T02:44:51.430000Z,8.91
1046,20181231T025558Z,1J.TI7A.,"['CH1', 'CH2', 'CHZ']",2018-12-31T02:55:58.310000Z,12.1
1047,20181231T030433Z,1J.TI7A.,"['CH1', 'CH2', 'CHZ']",2018-12-31T03:04:33.690000Z,9.91
1048,20181231T031556Z,1J.TI7A.,"['CH1', 'CH2', 'CHZ']",2018-12-31T03:15:56.170000Z,12.58
1049,20181231T032226Z,1J.TI7A.,"['CH1', 'CH2', 'CHZ']",2018-12-31T03:22:26.040000Z,8.07
1050,20181231T032825Z,1J.TI7A.,"['CH1', 'CH2', 'CHZ']",2018-12-31T03:28:25.750000Z,15.49
1051,20181231T033448Z,1J.TI7A.,"['CH1', 'CH2', 'CHZ']",2018-12-31T03:34:48.310000Z,12.54
1052,20181231T034443Z,1J.TI7A.,"['CH1', 'CH2', 'CHZ']",2018-12-31T03:44:43.120000Z,10.67
1053,20181231T035537Z,1J.TI7A.,"['CH1', 'CH2', 'CHZ']",2018-12-31T03:55:37.610000Z,9.22
1054,20181231T040528Z,1J.TI7A.,"['CH1', 'CH2', 'CHZ']",2018-12-31T04:05:28.850000Z,10.04
1055,20181231T041608Z,1J.TI7A.,"['CH1', 'CH2', 'CHZ']",2018-12-31T04:16:08.130000Z,13.06
1056,20181231T042400Z,1J.TI7A.,"['CH1', 'CH2', 'CHZ']",2018-12-31T04:24:00.040000Z,9.84
1057,20181231T043247Z,1J.TI7A.,"['CH1', 'CH2', 'CHZ']",2018-12-31T04:32:55.470000Z,10.55
1058,20181231T043805Z,1J.TI7A.,"['CH1', 'CH2', 'CHZ']",2018-12-31T04:38:05.580000Z,6.35
1059,20181231T044930Z,1J.TI7A.,"['CH1', 'CH2', 'CHZ']",2018-12-31T04:49:30.900000Z,9.01
1060,20181231T045958Z,1J.TI7A.,"['CH1', 'CH2', 'CHZ']",2018-12-31T04:59:58.840000Z,11.98
1061,20181231T050920Z,1J.TI7A.,"['CH1', 'CH2', 'CHZ']",2018-12-31T05:09:20.030000Z,10.83
1062,20181231T051820Z,1J.TI7A.,"['CH1', 'CH2', 'CHZ']",2018-12-31T05:18:20.780000Z,12.26
1063,20181231T052253Z,1J.TI7A.,"['CH1', 'CH2', 'CHZ']",2018-12-31T05:22:53.470000Z,5.18
1064,20181231T052721Z,1J.TI7A.,"['CH1', 'CH2', 'CHZ']",2018-12-31T05:27:25.870000Z,11.06
1065,20181231T053724Z,1J.TI7A.,"['CH1', 'CH2', 'CHZ']",2018-12-31T05:38:10.050000Z,13.12
1066,20181231T054626Z,1J.TI7A.,"['CH1', 'CH2', 'CHZ']",2018-12-31T05:46:26.200000Z,15.01
1067,20181231T055622Z,1J.TI7A.,"['CH1', 'CH2', 'CHZ']",2018-12-31T05:56:45.640000Z,19.49
1068,20181231T060205Z,1J.TI7A.,"['CH1', 'CH2', 'CHZ']",2018-12-31T06:02:05.680000Z,14.68
1069,20181231T061051Z,1J.TI7A.,"['CH1', 'CH2', 'CHZ']",2018-12-31T06:10:51.260000Z,17.56
1070,20181231T062103Z,1J.TI7A.,"['CH1', 'CH2', 'CHZ']",2018-12-31T06:21:03.480000Z,17.18
1071,20181231T062500Z,1J.TI7A.,"['CH1', 'CH2', 'CHZ']",2018-12-31T06:25:00.070000Z,3.62
1072,20181231T063245Z,1J.TI7A.,"['CH1', 'CH2', 'CHZ']",2018-12-31T06:32:45.350000Z,8.81
1073,20181231T063712Z,1J.TI7A.,"['CH1', 'CH2', 'CHZ']",2018-12-31T06:37:12.250000Z,17.31
1074,20181231T064021Z,1J.TI7A.,"['CH1', 'CH2', 'CHZ']",2018-12-31T06:40:21.320000Z,11.49
1075,20181231T064731Z,1J.TI7A.,"['CH1', 'CH2', 'CHZ']",2018-12-31T06:47:31.330000Z,17.34
1076,20181231T065619Z,1J.TI7A.,"['CH1', 'CH2', 'CHZ']",2018-12-31T06:56:19.580000Z,15.93
1077,20181231T070225Z,1J.TI7A.,"['CH1', 'CH2', 'CHZ']",2018-12-31T07:02:43.460000Z,16.8
1078,20181231T071111Z,1J.TI7A.,"['CH1', 'CH2', 'CHZ']",2018-12-31T07:11:11.520000Z,4.06
1079,20181231T071202Z,1J.TI7A.,"['CH1', 'CH2', 'CHZ']",2018-12-31T07:12:02.170000Z,5.55
1080,20181231T071412Z,1J.TI7A.,"['CH1', 'CH2', 'CHZ']",2018-12-31T07:14:12.440000Z,17.94
1081,20181231T072504Z,1J.TI7A.,"['CH1', 'CH2', 'CHZ']",2018-12-31T07:25:04.370000Z,18.12
1082,20181231T073800Z,1J.TI7A.,"['CH1', 'CH2', 'CHZ']",2018-12-31T07:38:00.920000Z,18.17
1083,20181231T074941Z,1J.TI7A.,"['CH1', 'CH2', 'CHZ']",2018-12-31T07:49:41.580000Z,12.75
1084,20181231T075047Z,1J.TI7A.,"['CH1', 'CH2', 'CHZ']",2018-12-31T07:50:47.920000Z,17.94
1085,20181231T075711Z,1J.TI7A.,"['CH1', 'CH2', 'CHZ']",2018-12-31T07:57:11.480000Z,17.42
1086,20181231T080604Z,1J.TI7A.,"['CH1', 'CH2', 'CHZ']",2018-12-31T08:06:24.910000Z,53.92
1087,20181231T081426Z,1J.TI7A.,"['CH1', 'CH2', 'CHZ']",2018-12-31T08:14:26.560000Z,18.14
1088,20181231T082050Z,1J.TI7A.,"['CH1', 'CH2', 'CHZ']",2018-12-31T08:20:50.330000Z,2.39
1089,20181231T082755Z,1J.TI7A.,"['CH1', 'CH2', 'CHZ']",2018-12-31T08:28:06.720000Z,17.33
1090,20181231T083923Z,1J.TI7A.,"['CH1', 'CH2', 'CHZ']",2018-12-31T08:39:23.190000Z,16.69
1091,20181231T085034Z,1J.TI7A.,"['CH1', 'CH2', 'CHZ']",2018-12-31T08:50:34.620000Z,16.82
1092,20181231T085413Z,1J.TI7A.,"['CH1', 'CH2', 'CHZ']",2018-12-31T08:54:13.530000Z,10.7
1093,20181231T090907Z,1J.TI7A.,"['CH1', 'CH2', 'CHZ']",2018-12-31T09:09:07.960000Z,21.66
1094,20181231T091058Z,1J.TI7A.,"['CH1', 'CH2', 'CHZ']",2018-12-31T09:10:58.290000Z,16.6
1095,20181231T092004Z,1J.TI7A.,"['CH1', 'CH2', 'CHZ']",2018-12-31T09:20:18.760000Z,2.38
1096,20181231T092621Z,1J.TI7A.,"['CH1', 'CH2', 'CHZ']",2018-12-31T09:26:21.630000Z,16.99
1097,20181231T093101Z,1J.TI7A.,"['CH1', 'CH2', 'CHZ']",2018-12-31T09:31:01.260000Z,30.04
1098,20181231T093929Z,1J.TI7A.,"['CH1', 'CH2', 'CHZ']",2018-12-31T09:39:29.110000Z,13.8
1099,20181231T095335Z,1J.TI7A.,"['CH1', 'CH2', 'CHZ']",2018-12-31T09:53:35.610000Z,16.23
1100,20181231T100617Z,1J.TI7A.,"['CH1', 'CH2', 'CHZ']",2018-12-31T10:06:17.120000Z,16.5
1101,20181231T101644Z,1J.TI7A.,"['CH1', 'CH2', 'CHZ']",2018-12-31T10:16:44.800000Z,17.37
1102,20181231T102446Z,1J.TI7A.,"['CH1', 'CH2', 'CHZ']",2018-12-31T10:24:46.650000Z,3.84
1103,20181231T102626Z,1J.TI7A.,"['CH1', 'CH2', 'CHZ']",2018-12-31T10:26:26.070000Z,7.52
1104,20181231T102827Z,1J.TI7A.,"['CH1', 'CH2', 'CHZ']",2018-12-31T10:28:27.490000Z,19.48
1105,20181231T102944Z,1J.TI7A.,"['CH1', 'CH2', 'CHZ']",2018-12-31T10:29:44.540000Z,12.62
1106,20181231T103415Z,1J.TI7A.,"['CH1', 'CH2', 'CHZ']",2018-12-31T10:34:15.740000Z,2.38
1107,20181231T103912Z,1J.TI7A.,"['CH1', 'CH2', 'CHZ']",2018-12-31T10:39:12.440000Z,17.7
1108,20181231T105008Z,1J.TI7A.,"['CH1', 'CH2', 'CHZ']",2018-12-31T10:50:08.570000Z,15.76
1109,20181231T105703Z,1J.TI7A.,"['CH1', 'CH2', 'CHZ']",2018-12-31T10:57:06.400000Z,2.94
1110,20181231T105949Z,1J.TI7A.,"['CH1', 'CH2', 'CHZ']",2018-12-31T10:59:49.630000Z,15.38
1111,20181231T111002Z,1J.TI7A.,"['CH1', 'CH2', 'CHZ']",2018-12-31T11:10:02.910000Z,14.67
1112,20181231T111536Z,1J.TI7A.,"['CH1', 'CH2', 'CHZ']",2018-12-31T11:15:36.780000Z,1.55
1113,20181231T112016Z,1J.TI7A.,"['CH1', 'CH2', 'CHZ']",2018-12-31T11:20:25.960000Z,33.15
1114,20181231T112403Z,1J.TI7A.,"['CH1', 'CH2', 'CHZ']",2018-12-31T11:24:03.580000Z,12.13
1115,20181231T113125Z,1J.TI7A.,"['CH1', 'CH2', 'CHZ']",2018-12-31T11:31:25.430000Z,10.44
1116,20181231T114041Z,1J.TI7A.,"['CH1', 'CH2', 'CHZ']",2018-12-31T11:40:41.410000Z,9.24
1117,20181231T115316Z,1J.TI7A.,"['CH1', 'CH2', 'CHZ']",2018-12-31T11:53:21.550000Z,12.15
1118,20181231T120217Z,1J.TI7A.,"['CH1', 'CH2', 'CHZ']",2018-12-31T12:02:17.640000Z,12.89
1119,20181231T121004Z,1J.TI7A.,"['CH1', 'CH2', 'CHZ']",2018-12-31T12:11:11.860000Z,12.68
1120,20181231T122128Z,1J.TI7A.,"['CH1', 'CH2', 'CHZ']",2018-12-31T12:21:28.620000Z,15.21
1121,20181231T123212Z,1J.TI7A.,"['CH1', 'CH2', 'CHZ']",2018-12-31T12:32:12.600000Z,15.91
1122,20181231T123543Z,1J.TI7A.,"['CH1', 'CH2', 'CHZ']",2018-12-31T12:35:43.270000Z,7.67
1123,20181231T124545Z,1J.TI7A.,"['CH1', 'CH2', 'CHZ']",2018-12-31T12:45:45.940000Z,17.68
1124,20181231T124848Z,1J.TI7A.,"['CH1', 'CH2', 'CHZ']",2018-12-31T12:48:48.010000Z,11.13
1125,20181231T125031Z,1J.TI7A.,"['CH1', 'CH2', 'CHZ']",2018-12-31T12:50:31.960000Z,1.61
1126,20181231T125730Z,1J.TI7A.,"['CH1', 'CH2', 'CHZ']",2018-12-31T12:57:30.160000Z,17.8
1127,20181231T130023Z,1J.TI7A.,"['CH1', 'CH2', 'CHZ']",2018-12-31T13:00:23.230000Z,5.12
1128,20181231T130825Z,1J.TI7A.,"['CH1', 'CH2', 'CHZ']",2018-12-31T13:08:25.160000Z,17.7
1129,20181231T132026Z,1J.TI7A.,"['CH1', 'CH2', 'CHZ']",2018-12-31T13:20:26.290000Z,16.47
1130,20181231T132714Z,1J.TI7A.,"['CH1', 'CH2', 'CHZ']",2018-12-31T13:27:46.330000Z,15.67
1131,20181231T132808Z,1J.TI7A.,"['CH1', 'CH2', 'CHZ']",2018-12-31T13:28:08.490000Z,9.87
1132,20181231T133056Z,1J.TI7A.,"['CH1', 'CH2', 'CHZ']",2018-12-31T13:30:56.360000Z,2.25
1133,20181231T133428Z,1J.TI7A.,"['CH1', 'CH2', 'CHZ']",2018-12-31T13:34:28.530000Z,3.41
1134,20181231T133915Z,1J.TI7A.,"['CH1', 'CH2', 'CHZ']",2018-12-31T13:39:15.160000Z,15.86
1135,20181231T135046Z,1J.TI7A.,"['CH1', 'CH2', 'CHZ']",2018-12-31T13:50:46.230000Z,15.83
1136,20181231T140038Z,1J.TI7A.,"['CH1', 'CH2', 'CHZ']",2018-12-31T14:00:38.010000Z,12.75
1137,20181231T141002Z,1J.TI7A.,"['CH1', 'CH2', 'CHZ']",2018-12-31T14:10:02.120000Z,12.19
1138,20181231T141938Z,1J.TI7A.,"['CH1', 'CH2', 'CHZ']",2018-12-31T14:20:51.010000Z,11.05
1139,20181231T143218Z,1J.TI7A.,"['CH1', 'CH2', 'CHZ']",2018-12-31T14:32:18.590000Z,10.15
1140,20181231T143939Z,1J.TI7A.,"['CH1', 'CH2', 'CHZ']",2018-12-31T14:39:39.720000Z,13.76
1141,20181231T145108Z,1J.TI7A.,"['CH1', 'CH2', 'CHZ']",2018-12-31T14:51:08.210000Z,16.06
1142,20181231T145304Z,1J.TI7A.,"['CH1', 'CH2', 'CHZ']",2018-12-31T14:53:06.830000Z,44.78
1143,20181231T145946Z,1J.TI7A.,"['CH1', 'CH2', 'CHZ']",2018-12-31T14:59:46.780000Z,16.05
1144,20181231T150737Z,1J.TI7A.,"['CH1', 'CH2', 'CHZ']",2018-12-31T15:07:52.630000Z,13.22
1145,20181231T151825Z,1J.TI7A.,"['CH1', 'CH2', 'CHZ']",2018-12-31T15:18:25.740000Z,14.66
1146,20181231T152704Z,1J.TI7A.,"['CH1', 'CH2', 'CHZ']",2018-12-31T15:27:04.790000Z,15.72
1147,20181231T153539Z,1J.TI7A.,"['CH1', 'CH2', 'CHZ']",2018-12-31T15:35:42.200000Z,16.28
1148,20181231T154358Z,1J.TI7A.,"['CH1', 'CH2', 'CHZ']",2018-12-31T15:43:58.520000Z,16.83
1149,20181231T155557Z,1J.TI7A.,"['CH1', 'CH2', 'CHZ']",2018-12-31T15:55:57.020000Z,18.75
1150,20181231T160452Z,1J.TI7A.,"['CH1', 'CH2', 'CHZ']",2018-12-31T16:04:52.570000Z,1.5
1151,20181231T160534Z,1J.TI7A.,"['CH1', 'CH2', 'CHZ']",2018-12-31T16:05:34.870000Z,11.83
1152,20181231T160620Z,1J.TI7A.,"['CH1', 'CH2', 'CHZ']",2018-12-31T16:06:20.550000Z,17.5
1153,20181231T160945Z,1J.TI7A.,"['CH1', 'CH2', 'CHZ']",2018-12-31T16:09:45.110000Z,13.55
1154,20181231T161345Z,1J.TI7A.,"['CH1', 'CH2', 'CHZ']",2018-12-31T16:13:45.690000Z,3.82
1155,20181231T162034Z,1J.TI7A.,"['CH1', 'CH2', 'CHZ']",2018-12-31T16:20:34.470000Z,18.08
1156,20181231T162923Z,1J.TI7A.,"['CH1', 'CH2', 'CHZ']",2018-12-31T16:29:23.110000Z,14.35
1157,20181231T163840Z,1J.TI7A.,"['CH1', 'CH2', 'CHZ']",2018-12-31T16:38:40.240000Z,1.71
1158,20181231T165044Z,1J.TI7A.,"['CH1', 'CH2', 'CHZ']",2018-12-31T16:50:44.320000Z,2.51
1159,20181231T165858Z,1J.TI7A.,"['CH1', 'CH2', 'CHZ']",2018-12-31T16:58:58.190000Z,3.36
1160,20181231T170818Z,1J.TI7A.,"['CH1', 'CH2', 'CHZ']",2018-12-31T17:08:18.460000Z,10.94
1161,20181231T171912Z,1J.TI7A.,"['CH1', 'CH2', 'CHZ']",2018-12-31T17:19:12.100000Z,7.18
1162,20181231T172653Z,1J.TI7A.,"['CH1', 'CH2', 'CHZ']",2018-12-31T17:26:53.740000Z,3.94
1163,20181231T173756Z,1J.TI7A.,"['CH1', 'CH2', 'CHZ']",2018-12-31T17:37:56.690000Z,8.41
1164,20181231T174757Z,1J.TI7A.,"['CH1', 'CH2', 'CHZ']",2018-12-31T17:47:57.870000Z,4.86
1165,20181231T175528Z,1J.TI7A.,"['CH1', 'CH2', 'CHZ']",2018-12-31T17:55:28.020000Z,5.13
1166,20181231T180136Z,1J.TI7A.,"['CH1', 'CH2', 'CHZ']",2018-12-31T18:01:36.710000Z,6.3
1167,20181231T181005Z,1J.TI7A.,"['CH1', 'CH2', 'CHZ']",2018-12-31T18:10:05.090000Z,10.39
1168,20181231T181813Z,1J.TI7A.,"['CH1', 'CH2', 'CHZ']",2018-12-31T18:18:13.330000Z,10.43
1169,20181231T182839Z,1J.TI7A.,"['CH1', 'CH2', 'CHZ']",2018-12-31T18:28:39.520000Z,8.12
1170,20181231T183211Z,1J.TI7A.,"['CH1', 'CH2', 'CHZ']",2018-12-31T18:32:11.300000Z,3.59
1171,20181231T183922Z,1J.TI7A.,"['CH1', 'CH2', 'CHZ']",2018-12-31T18:39:22.630000Z,7.83
1172,20181231T185143Z,1J.TI7A.,"['CH1', 'CH2', 'CHZ']",2018-12-31T18:51:43.920000Z,9.8
1173,20181231T185916Z,1J.TI7A.,"['CH1', 'CH2', 'CHZ']",2018-12-31T18:59:16.060000Z,8.33
1174,20181231T190524Z,1J.TI7A.,"['CH1', 'CH2', 'CHZ']",2018-12-31T19:05:24.320000Z,9.65
1175,20181231T191211Z,1J.TI7A.,"['CH1', 'CH2', 'CHZ']",2018-12-31T19:12:11.540000Z,6.58
1176,20181231T191823Z,1J.TI7A.,"['CH1', 'CH2', 'CHZ']",2018-12-31T19:18:23.850000Z,10.56
1177,20181231T192242Z,1J.TI7A.,"['CH1', 'CH2', 'CHZ']",2018-12-31T19:22:42.300000Z,8.16
1178,20181231T192916Z,1J.TI7A.,"['CH1', 'CH2', 'CHZ']",2018-12-31T19:29:16.650000Z,9.02
1179,20181231T193833Z,1J.TI7A.,"['CH1', 'CH2', 'CHZ']",2018-12-31T19:38:33.250000Z,9.13
1180,20181231T194501Z,1J.TI7A.,"['CH1', 'CH2', 'CHZ']",2018-12-31T19:45:01.730000Z,6.59
1181,20181231T195357Z,1J.TI7A.,"['CH1', 'CH2', 'CHZ']",2018-12-31T19:54:12.450000Z,15.13
1182,20181231T200417Z,1J.TI7A.,"['CH1', 'CH2', 'CHZ']",2018-12-31T20:04:17.040000Z,6.29
1183,20181231T200714Z,1J.TI7A.,"['CH1', 'CH2', 'CHZ']",2018-12-31T20:07:14.640000Z,11.06
1184,20181231T201346Z,1J.TI7A.,"['CH1', 'CH2', 'CHZ']",2018-12-31T20:13:46.110000Z,5.49
1185,20181231T201920Z,1J.TI7A.,"['CH1', 'CH2', 'CHZ']",2018-12-31T20:19:20.920000Z,2.4
1186,20181231T202035Z,1J.TI7A.,"['CH1', 'CH2', 'CHZ']",2018-12-31T20:20:35.690000Z,18.1
1187,20181231T203352Z,1J.TI7A.,"['CH1', 'CH2', 'CHZ']",2018-12-31T20:33:52.920000Z,5.44
1188,20181231T204951Z,1J.TI7A.,"['CH1', 'CH2', 'CHZ']",2018-12-31T20:49:51.400000Z,5.71
1189,20181231T210058Z,1J.TI7A.,"['CH1', 'CH2', 'CHZ']",2018-12-31T21:00:58.380000Z,2.71
1190,20181231T211802Z,1J.TI7A.,"['CH1', 'CH2', 'CHZ']",2018-12-31T21:18:02.430000Z,2.57
1191,20181231T213246Z,1J.TI7A.,"['CH1', 'CH2', 'CHZ']",2018-12-31T21:32:46.640000Z,5.83
1192,20181231T213338Z,1J.TI7A.,"['CH1', 'CH2', 'CHZ']",2018-12-31T21:34:10.890000Z,8.97
1193,20181231T215218Z,1J.TI7A.,"['CH1', 'CH2', 'CHZ']",2018-12-31T21:52:18.170000Z,5.49
1194,20181231T221211Z,1J.TI7A.,"['CH1', 'CH2', 'CHZ']",2018-12-31T22:12:12.880000Z,7.1
1195,20181231T223530Z,1J.TI7A.,"['CH1', 'CH2', 'CHZ']",2018-12-31T22:36:04.610000Z,7.07
1196,20181231T225610Z,1J.TI7A.,"['CH1', 'CH2', 'CHZ']",2018-12-31T22:56:10.840000Z,9.19
1197,20181231T230840Z,1J.TI7A.,"['CH1', 'CH2', 'CHZ']",2018-12-31T23:08:40.370000Z,8.95
1198,20181231T231658Z,1J.TI7A.,"['CH1', 'CH2', 'CHZ']",2018-12-31T23:16:58.610000Z,8.84
1199,20181231T232508Z,1J.TI7A.,"['CH1', 'CH2', 'CHZ']",2018-12-31T23:25:08.140000Z,3.37
1200,20181231T232628Z,1J.TI7A.,"['CH1', 'CH2', 'CHZ']",2018-12-31T23:26:42.850000Z,8.39
1201,20181231T233226Z,1J.TI7A.,"['CH1', 'CH2', 'CHZ']",2018-12-31T23:32:26.360000Z,8.61
1202,20181231T233851Z,1J.TI7A.,"['CH1', 'CH2', 'CHZ']",2018-12-31T23:38:51.270000Z,9.52
1203,20181231T234720Z,1J.TI7A.,"['CH1', 'CH2', 'CHZ']",2018-12-31T23:47:20.010000Z,9.15
1204,20181231T235220Z,1J.TI7A.,"['CH1', 'CH2', 'CHZ']",2018-12-31T23:52:20.950000Z,7.17
1205,20181231T235735Z,1J.TI7A.,"['CH1', 'CH2', 'CHZ']",2018-12-31T23:57:35.060000Z,9.75
