,event_id,station,components,time,duration
0,20181228T012407Z,1J.TI4A.,"['CH1', 'CH2', 'CHZ']",2018-12-28T01:24:07.870000Z,1.07
1,20181228T012454Z,1J.TI4A.,"['CH1', 'CH2', 'CHZ']",2018-12-28T01:24:54.080000Z,1.05
2,20181228T012522Z,1J.TI4A.,"['CH1', 'CH2', 'CHZ']",2018-12-28T01:25:22.390000Z,6.45
3,20181228T012749Z,1J.TI4A.,"['CH1', 'CH2', 'CHZ']",2018-12-28T01:27:49.730000Z,13.26
4,20181228T013054Z,1J.TI4A.,"['CH1', 'CH2', 'CHZ']",2018-12-28T01:31:13.480000Z,2.85
5,20181228T013202Z,1J.TI4A.,"['CH1', 'CH2', 'CHZ']",2018-12-28T01:32:02.240000Z,7.36
6,20181228T013243Z,1J.TI4A.,"['CH1', 'CH2', 'CHZ']",2018-12-28T01:32:43.840000Z,3.38
7,20181228T013324Z,1J.TI4A.,"['CH1', 'CH2', 'CHZ']",2018-12-28T01:33:24.110000Z,1.32
8,20181228T013337Z,1J.TI4A.,"['CH1', 'CH2', 'CHZ']",2018-12-28T01:33:37.890000Z,3.42
9,20181228T013347Z,1J.TI4A.,"['CH1', 'CH2', 'CHZ']",2018-12-28T01:33:47.190000Z,16.59
10,20181228T013546Z,1J.TI4A.,"['CH1', 'CH2', 'CHZ']",2018-12-28T01:35:46.060000Z,8.21
11,20181228T013608Z,1J.TI4A.,"['CH1', 'CH2', 'CHZ']",2018-12-28T01:36:08.410000Z,1.75
12,20181228T013640Z,1J.TI4A.,"['CH1', 'CH2', 'CHZ']",2018-12-28T01:36:40.770000Z,2.85
13,20181228T013805Z,1J.TI4A.,"['CH1', 'CH2', 'CHZ']",2018-12-28T01:38:05.720000Z,14.66
14,20181228T013848Z,1J.TI4A.,"['CH1', 'CH2', 'CHZ']",2018-12-28T01:38:48.510000Z,5.32
15,20181228T014138Z,1J.TI4A.,"['CH1', 'CH2', 'CHZ']",2018-12-28T01:41:39.160000Z,1.32
16,20181228T014207Z,1J.TI4A.,"['CH1', 'CH2', 'CHZ']",2018-12-28T01:42:07.210000Z,35.42
17,20181228T014324Z,1J.TI4A.,"['CH1', 'CH2', 'CHZ']",2018-12-28T01:43:24.700000Z,3.55
18,20181228T014428Z,1J.TI4A.,"['CH1', 'CH2', 'CHZ']",2018-12-28T01:44:29.520000Z,23.97
19,20181228T014624Z,1J.TI4A.,"['CH1', 'CH2', 'CHZ']",2018-12-28T01:46:24.090000Z,1.88
20,20181228T014750Z,1J.TI4A.,"['CH1', 'CH2', 'CHZ']",2018-12-28T01:47:50.070000Z,5.82
21,20181228T014816Z,1J.TI4A.,"['CH1', 'CH2', 'CHZ']",2018-12-28T01:48:16.460000Z,5.07
22,20181228T014908Z,1J.TI4A.,"['CH1', 'CH2', 'CHZ']",2018-12-28T01:49:08.220000Z,6.73
23,20181228T015046Z,1J.TI4A.,"['CH1', 'CH2', 'CHZ']",2018-12-28T01:50:46.520000Z,8.7
24,20181228T015218Z,1J.TI4A.,"['CH1', 'CH2', 'CHZ']",2018-12-28T01:52:18.160000Z,5.65
25,20181228T015324Z,1J.TI4A.,"['CH1', 'CH2', 'CHZ']",2018-12-28T01:53:24.010000Z,1.13
26,20181228T015457Z,1J.TI4A.,"['CH1', 'CH2', 'CHZ']",2018-12-28T01:54:57.560000Z,21.16
27,20181228T015529Z,1J.TI4A.,"['CH1', 'CH2', 'CHZ']",2018-12-28T01:55:29.150000Z,0.82
28,20181228T015540Z,1J.TI4A.,"['CH1', 'CH2', 'CHZ']",2018-12-28T01:55:40.210000Z,20.91
29,20181228T015637Z,1J.TI4A.,"['CH1', 'CH2', 'CHZ']",2018-12-28T01:56:38.640000Z,6.92
30,20181228T015707Z,1J.TI4A.,"['CH1', 'CH2', 'CHZ']",2018-12-28T01:57:07.210000Z,60.22
31,20181228T020218Z,1J.TI4A.,"['CH1', 'CH2', 'CHZ']",2018-12-28T02:02:19.250000Z,11.36
32,20181228T020356Z,1J.TI4A.,"['CH1', 'CH2', 'CHZ']",2018-12-28T02:03:58.420000Z,0.97
33,20181228T020532Z,1J.TI4A.,"['CH1', 'CH2', 'CHZ']",2018-12-28T02:05:35.750000Z,31.89
34,20181228T020653Z,1J.TI4A.,"['CH1', 'CH2', 'CHZ']",2018-12-28T02:06:53.290000Z,16.25
35,20181228T021023Z,1J.TI4A.,"['CH1', 'CH2', 'CHZ']",2018-12-28T02:10:23.060000Z,10.04
36,20181228T021115Z,1J.TI4A.,"['CH1', 'CH2', 'CHZ']",2018-12-28T02:11:15.690000Z,2.65
37,20181228T021137Z,1J.TI4A.,"['CH1', 'CH2', 'CHZ']",2018-12-28T02:11:37.490000Z,0.87
38,20181228T021204Z,1J.TI4A.,"['CH1', 'CH2', 'CHZ']",2018-12-28T02:12:04.270000Z,34.76
39,20181228T021305Z,1J.TI4A.,"['CH1', 'CH2', 'CHZ']",2018-12-28T02:13:12.060000Z,7.61
40,20181228T021438Z,1J.TI4A.,"['CH1', 'CH2', 'CHZ']",2018-12-28T02:14:38.890000Z,3.52
41,20181228T021502Z,1J.TI4A.,"['CH1', 'CH2', 'CHZ']",2018-12-28T02:15:02.840000Z,2.92
42,20181228T021525Z,1J.TI4A.,"['CH1', 'CH2', 'CHZ']",2018-12-28T02:15:28.410000Z,1.91
43,20181228T021548Z,1J.TI4A.,"['CH1', 'CH2', 'CHZ']",2018-12-28T02:15:48.590000Z,7.08
44,20181228T021607Z,1J.TI4A.,"['CH1', 'CH2', 'CHZ']",2018-12-28T02:16:07.840000Z,2.97
45,20181228T021627Z,1J.TI4A.,"['CH1', 'CH2', 'CHZ']",2018-12-28T02:16:27.880000Z,28.98
46,20181228T021833Z,1J.TI4A.,"['CH1', 'CH2', 'CHZ']",2018-12-28T02:18:33.750000Z,14.66
47,20181228T022039Z,1J.TI4A.,"['CH1', 'CH2', 'CHZ']",2018-12-28T02:20:39.870000Z,1.58
48,20181228T022354Z,1J.TI4A.,"['CH1', 'CH2', 'CHZ']",2018-12-28T02:23:54.030000Z,3.91
49,20181228T022430Z,1J.TI4A.,"['CH1', 'CH2', 'CHZ']",2018-12-28T02:24:30.870000Z,10.44
50,20181228T022456Z,1J.TI4A.,"['CH1', 'CH2', 'CHZ']",2018-12-28T02:24:56.200000Z,30.64
51,20181228T022840Z,1J.TI4A.,"['CH1', 'CH2', 'CHZ']",2018-12-28T02:28:40.320000Z,5.96
52,20181228T022906Z,1J.TI4A.,"['CH1', 'CH2', 'CHZ']",2018-12-28T02:29:08.640000Z,11.42
53,20181228T023015Z,1J.TI4A.,"['CH1', 'CH2', 'CHZ']",2018-12-28T02:30:15.780000Z,1.47
54,20181228T023143Z,1J.TI4A.,"['CH1', 'CH2', 'CHZ']",2018-12-28T02:31:43.610000Z,3.48
55,20181228T023235Z,1J.TI4A.,"['CH1', 'CH2', 'CHZ']",2018-12-28T02:32:40.850000Z,12.78
56,20181228T023300Z,1J.TI4A.,"['CH1', 'CH2', 'CHZ']",2018-12-28T02:33:00.930000Z,52.26
57,20181228T023432Z,1J.TI4A.,"['CH1', 'CH2', 'CHZ']",2018-12-28T02:34:32.900000Z,1.27
58,20181228T023441Z,1J.TI4A.,"['CH1', 'CH2', 'CHZ']",2018-12-28T02:34:41.770000Z,1.16
59,20181228T023508Z,1J.TI4A.,"['CH1', 'CH2', 'CHZ']",2018-12-28T02:35:08.980000Z,3.93
60,20181228T023523Z,1J.TI4A.,"['CH1', 'CH2', 'CHZ']",2018-12-28T02:35:23.740000Z,2.05
61,20181228T023538Z,1J.TI4A.,"['CH1', 'CH2', 'CHZ']",2018-12-28T02:35:40.050000Z,2.48
62,20181228T023818Z,1J.TI4A.,"['CH1', 'CH2', 'CHZ']",2018-12-28T02:38:18.480000Z,10.56
63,20181228T023935Z,1J.TI4A.,"['CH1', 'CH2', 'CHZ']",2018-12-28T02:39:35.950000Z,45.33
64,20181228T024027Z,1J.TI4A.,"['CH1', 'CH2', 'CHZ']",2018-12-28T02:40:40.640000Z,29.11
65,20181228T024220Z,1J.TI4A.,"['CH1', 'CH2', 'CHZ']",2018-12-28T02:42:20.210000Z,4.02
66,20181228T024228Z,1J.TI4A.,"['CH1', 'CH2', 'CHZ']",2018-12-28T02:42:50.360000Z,10.01
67,20181228T024401Z,1J.TI4A.,"['CH1', 'CH2', 'CHZ']",2018-12-28T02:44:01.470000Z,6.72
68,20181228T024646Z,1J.TI4A.,"['CH1', 'CH2', 'CHZ']",2018-12-28T02:46:46.890000Z,3.58
69,20181228T024717Z,1J.TI4A.,"['CH1', 'CH2', 'CHZ']",2018-12-28T02:47:17.050000Z,16.07
70,20181228T025119Z,1J.TI4A.,"['CH1', 'CH2', 'CHZ']",2018-12-28T02:51:19.480000Z,3.97
71,20181228T025226Z,1J.TI4A.,"['CH1', 'CH2', 'CHZ']",2018-12-28T02:52:26.030000Z,2.16
72,20181228T025609Z,1J.TI4A.,"['CH1', 'CH2', 'CHZ']",2018-12-28T02:56:09.820000Z,0.99
73,20181228T025722Z,1J.TI4A.,"['CH1', 'CH2', 'CHZ']",2018-12-28T02:57:22.240000Z,4.03
74,20181228T030040Z,1J.TI4A.,"['CH1', 'CH2', 'CHZ']",2018-12-28T03:00:40.490000Z,24.01
75,20181228T030225Z,1J.TI4A.,"['CH1', 'CH2', 'CHZ']",2018-12-28T03:02:25.070000Z,2.48
76,20181228T030235Z,1J.TI4A.,"['CH1', 'CH2', 'CHZ']",2018-12-28T03:02:35.580000Z,51.71
77,20181228T030433Z,1J.TI4A.,"['CH1', 'CH2', 'CHZ']",2018-12-28T03:04:39.070000Z,25.48
78,20181228T030607Z,1J.TI4A.,"['CH1', 'CH2', 'CHZ']",2018-12-28T03:06:07.010000Z,2.17
79,20181228T030622Z,1J.TI4A.,"['CH1', 'CH2', 'CHZ']",2018-12-28T03:06:22.560000Z,1.26
80,20181228T030649Z,1J.TI4A.,"['CH1', 'CH2', 'CHZ']",2018-12-28T03:06:49.690000Z,1.77
81,20181228T030702Z,1J.TI4A.,"['CH1', 'CH2', 'CHZ']",2018-12-28T03:07:02.500000Z,3.88
82,20181228T030830Z,1J.TI4A.,"['CH1', 'CH2', 'CHZ']",2018-12-28T03:08:34.730000Z,16.15
83,20181228T031005Z,1J.TI4A.,"['CH1', 'CH2', 'CHZ']",2018-12-28T03:10:05.500000Z,1.78
84,20181228T031016Z,1J.TI4A.,"['CH1', 'CH2', 'CHZ']",2018-12-28T03:10:16.300000Z,10.21
85,20181228T031150Z,1J.TI4A.,"['CH1', 'CH2', 'CHZ']",2018-12-28T03:11:50.380000Z,1.45
86,20181228T031218Z,1J.TI4A.,"['CH1', 'CH2', 'CHZ']",2018-12-28T03:12:18.880000Z,6.04
87,20181228T031307Z,1J.TI4A.,"['CH1', 'CH2', 'CHZ']",2018-12-28T03:13:07.970000Z,10.65
88,20181228T031351Z,1J.TI4A.,"['CH1', 'CH2', 'CHZ']",2018-12-28T03:13:51.800000Z,1.75
89,20181228T031422Z,1J.TI4A.,"['CH1', 'CH2', 'CHZ']",2018-12-28T03:14:23.740000Z,8.74
90,20181228T031518Z,1J.TI4A.,"['CH1', 'CH2', 'CHZ']",2018-12-28T03:15:18.720000Z,35.96
91,20181228T031741Z,1J.TI4A.,"['CH1', 'CH2', 'CHZ']",2018-12-28T03:17:47.150000Z,3.77
92,20181228T031853Z,1J.TI4A.,"['CH1', 'CH2', 'CHZ']",2018-12-28T03:18:53.720000Z,4.02
93,20181228T032111Z,1J.TI4A.,"['CH1', 'CH2', 'CHZ']",2018-12-28T03:21:11.700000Z,1.17
94,20181228T032556Z,1J.TI4A.,"['CH1', 'CH2', 'CHZ']",2018-12-28T03:26:05.570000Z,8.74
95,20181228T032757Z,1J.TI4A.,"['CH1', 'CH2', 'CHZ']",2018-12-28T03:27:57.100000Z,2.06
96,20181228T033210Z,1J.TI4A.,"['CH1', 'CH2', 'CHZ']",2018-12-28T03:32:14.190000Z,8.89
97,20181228T033858Z,1J.TI4A.,"['CH1', 'CH2', 'CHZ']",2018-12-28T03:38:58.780000Z,19.33
98,20181228T035019Z,1J.TI4A.,"['CH1', 'CH2', 'CHZ']",2018-12-28T03:50:19.980000Z,18.5
99,20181228T035206Z,1J.TI4A.,"['CH1', 'CH2', 'CHZ']",2018-12-28T03:52:08.180000Z,22.84
100,20181228T041307Z,1J.TI4A.,"['CH1', 'CH2', 'CHZ']",2018-12-28T04:13:15.960000Z,30.78
101,20181228T041657Z,1J.TI4A.,"['CH1', 'CH2', 'CHZ']",2018-12-28T04:17:01.670000Z,7.31
102,20181228T041947Z,1J.TI4A.,"['CH1', 'CH2', 'CHZ']",2018-12-28T04:19:56.020000Z,11.3
103,20181228T042228Z,1J.TI4A.,"['CH1', 'CH2', 'CHZ']",2018-12-28T04:22:28.540000Z,48.19
104,20181228T042505Z,1J.TI4A.,"['CH1', 'CH2', 'CHZ']",2018-12-28T04:25:06.780000Z,21.14
105,20181228T042736Z,1J.TI4A.,"['CH1', 'CH2', 'CHZ']",2018-12-28T04:27:36.560000Z,9.9
106,20181228T042755Z,1J.TI4A.,"['CH1', 'CH2', 'CHZ']",2018-12-28T04:27:55.700000Z,14.56
107,20181228T042922Z,1J.TI4A.,"['CH1', 'CH2', 'CHZ']",2018-12-28T04:29:22.930000Z,40.21
108,20181228T043252Z,1J.TI4A.,"['CH1', 'CH2', 'CHZ']",2018-12-28T04:32:52.610000Z,68.19
109,20181228T044025Z,1J.TI4A.,"['CH1', 'CH2', 'CHZ']",2018-12-28T04:40:25.470000Z,30.74
110,20181228T092516Z,1J.TI4A.,"['CH1', 'CH2', 'CHZ']",2018-12-28T09:25:16.960000Z,10.03
111,20181228T093010Z,1J.TI4A.,"['CH1', 'CH2', 'CHZ']",2018-12-28T09:30:10.510000Z,16.07
112,20181228T093103Z,1J.TI4A.,"['CH1', 'CH2', 'CHZ']",2018-12-28T09:31:03.150000Z,42.36
113,20181228T093349Z,1J.TI4A.,"['CH1', 'CH2', 'CHZ']",2018-12-28T09:33:49.560000Z,4.85
114,20181228T093403Z,1J.TI4A.,"['CH1', 'CH2', 'CHZ']",2018-12-28T09:34:03.610000Z,5.11
115,20181228T093655Z,1J.TI4A.,"['CH1', 'CH2', 'CHZ']",2018-12-28T09:36:56.210000Z,28.9
116,20181228T094122Z,1J.TI4A.,"['CH1', 'CH2', 'CHZ']",2018-12-28T09:41:22.950000Z,3.32
117,20181228T094132Z,1J.TI4A.,"['CH1', 'CH2', 'CHZ']",2018-12-28T09:41:32.050000Z,4.73
118,20181228T094151Z,1J.TI4A.,"['CH1', 'CH2', 'CHZ']",2018-12-28T09:41:51.270000Z,53.82
119,20181228T094535Z,1J.TI4A.,"['CH1', 'CH2', 'CHZ']",2018-12-28T09:45:35.340000Z,1.33
120,20181228T094542Z,1J.TI4A.,"['CH1', 'CH2', 'CHZ']",2018-12-28T09:45:42.560000Z,0.87
121,20181228T094824Z,1J.TI4A.,"['CH1', 'CH2', 'CHZ']",2018-12-28T09:48:36.430000Z,1.26
122,20181228T094902Z,1J.TI4A.,"['CH1', 'CH2', 'CHZ']",2018-12-28T09:49:02.590000Z,0.75
123,20181228T094921Z,1J.TI4A.,"['CH1', 'CH2', 'CHZ']",2018-12-28T09:49:47.100000Z,3.21
124,20181228T095129Z,1J.TI4A.,"['CH1', 'CH2', 'CHZ']",2018-12-28T09:51:29.640000Z,8.07
125,20181228T095201Z,1J.TI4A.,"['CH1', 'CH2', 'CHZ']",2018-12-28T09:52:01.650000Z,30.0
126,20181228T095541Z,1J.TI4A.,"['CH1', 'CH2', 'CHZ']",2018-12-28T09:55:41.690000Z,20.62
127,20181228T095847Z,1J.TI4A.,"['CH1', 'CH2', 'CHZ']",2018-12-28T09:58:47.940000Z,21.0
128,20181228T095931Z,1J.TI4A.,"['CH1', 'CH2', 'CHZ']",2018-12-28T09:59:37.050000Z,1.9
129,20181228T100125Z,1J.TI4A.,"['CH1', 'CH2', 'CHZ']",2018-12-28T10:01:25.150000Z,6.39
130,20181228T100146Z,1J.TI4A.,"['CH1', 'CH2', 'CHZ']",2018-12-28T10:01:46.090000Z,2.28
131,20181228T100206Z,1J.TI4A.,"['CH1', 'CH2', 'CHZ']",2018-12-28T10:02:09.710000Z,0.91
132,20181228T100353Z,1J.TI4A.,"['CH1', 'CH2', 'CHZ']",2018-12-28T10:03:56.830000Z,1.7
133,20181228T100423Z,1J.TI4A.,"['CH1', 'CH2', 'CHZ']",2018-12-28T10:04:23.940000Z,0.86
134,20181228T100452Z,1J.TI4A.,"['CH1', 'CH2', 'CHZ']",2018-12-28T10:04:53.130000Z,1.77
135,20181228T100503Z,1J.TI4A.,"['CH1', 'CH2', 'CHZ']",2018-12-28T10:05:03.060000Z,2.99
136,20181228T100655Z,1J.TI4A.,"['CH1', 'CH2', 'CHZ']",2018-12-28T10:06:55.040000Z,1.69
137,20181228T100856Z,1J.TI4A.,"['CH1', 'CH2', 'CHZ']",2018-12-28T10:08:56.540000Z,9.15
138,20181228T101306Z,1J.TI4A.,"['CH1', 'CH2', 'CHZ']",2018-12-28T10:13:06.770000Z,6.98
139,20181228T101715Z,1J.TI4A.,"['CH1', 'CH2', 'CHZ']",2018-12-28T10:17:15.630000Z,0.86
140,20181228T101844Z,1J.TI4A.,"['CH1', 'CH2', 'CHZ']",2018-12-28T10:18:44.200000Z,2.95
141,20181228T101912Z,1J.TI4A.,"['CH1', 'CH2', 'CHZ']",2018-12-28T10:19:21.420000Z,42.77
142,20181228T103508Z,1J.TI4A.,"['CH1', 'CH2', 'CHZ']",2018-12-28T10:35:08.820000Z,1.28
143,20181228T103740Z,1J.TI4A.,"['CH1', 'CH2', 'CHZ']",2018-12-28T10:37:40.020000Z,1.92
144,20181228T104649Z,1J.TI4A.,"['CH1', 'CH2', 'CHZ']",2018-12-28T10:46:49.020000Z,0.6
145,20181228T105228Z,1J.TI4A.,"['CH1', 'CH2', 'CHZ']",2018-12-28T10:52:28.910000Z,1.07
146,20181228T105843Z,1J.TI4A.,"['CH1', 'CH2', 'CHZ']",2018-12-28T10:58:43.360000Z,2.45
147,20181228T110534Z,1J.TI4A.,"['CH1', 'CH2', 'CHZ']",2018-12-28T11:05:34.820000Z,6.33
148,20181228T110638Z,1J.TI4A.,"['CH1', 'CH2', 'CHZ']",2018-12-28T11:06:46.830000Z,0.71
149,20181228T112019Z,1J.TI4A.,"['CH1', 'CH2', 'CHZ']",2018-12-28T11:20:19.810000Z,1.2
150,20181228T114012Z,1J.TI4A.,"['CH1', 'CH2', 'CHZ']",2018-12-28T11:40:43.790000Z,12.74
151,20181228T120231Z,1J.TI4A.,"['CH1', 'CH2', 'CHZ']",2018-12-28T12:02:31.660000Z,2.13
152,20181228T120245Z,1J.TI4A.,"['CH1', 'CH2', 'CHZ']",2018-12-28T12:02:45.210000Z,2.74
153,20181228T120304Z,1J.TI4A.,"['CH1', 'CH2', 'CHZ']",2018-12-28T12:03:04.020000Z,19.23
154,20181228T120332Z,1J.TI4A.,"['CH1', 'CH2', 'CHZ']",2018-12-28T12:03:32.190000Z,0.81
155,20181228T120458Z,1J.TI4A.,"['CH1', 'CH2', 'CHZ']",2018-12-28T12:04:58.350000Z,5.25
156,20181228T121548Z,1J.TI4A.,"['CH1', 'CH2', 'CHZ']",2018-12-28T12:15:48.530000Z,2.86
157,20181228T121704Z,1J.TI4A.,"['CH1', 'CH2', 'CHZ']",2018-12-28T12:17:05.760000Z,16.33
158,20181228T121859Z,1J.TI4A.,"['CH1', 'CH2', 'CHZ']",2018-12-28T12:19:03.130000Z,49.6
159,20181228T150207Z,1J.TI4A.,"['CH1', 'CH2', 'CHZ']",2018-12-28T15:02:23.100000Z,34.18
160,20181228T154207Z,1J.TI4A.,"['CH1', 'CH2', 'CHZ']",2018-12-28T15:42:07.010000Z,0.82
161,20181228T154716Z,1J.TI4A.,"['CH1', 'CH2', 'CHZ']",2018-12-28T15:47:16.830000Z,0.73
162,20181228T154753Z,1J.TI4A.,"['CH1', 'CH2', 'CHZ']",2018-12-28T15:47:53.300000Z,0.79
163,20181228T161652Z,1J.TI4A.,"['CH1', 'CH2', 'CHZ']",2018-12-28T16:16:52.100000Z,1.07
164,20181228T161750Z,1J.TI4A.,"['CH1', 'CH2', 'CHZ']",2018-12-28T16:17:50.410000Z,1.33
165,20181228T162220Z,1J.TI4A.,"['CH1', 'CH2', 'CHZ']",2018-12-28T16:22:20.640000Z,22.11
166,20181228T162415Z,1J.TI4A.,"['CH1', 'CH2', 'CHZ']",2018-12-28T16:24:15.340000Z,11.91
167,20181228T162637Z,1J.TI4A.,"['CH1', 'CH2', 'CHZ']",2018-12-28T16:26:43.310000Z,10.66
168,20181228T165256Z,1J.TI4A.,"['CH1', 'CH2', 'CHZ']",2018-12-28T16:52:56.870000Z,1.98
169,20181228T165355Z,1J.TI4A.,"['CH1', 'CH2', 'CHZ']",2018-12-28T16:53:55.350000Z,3.01
170,20181228T165851Z,1J.TI4A.,"['CH1', 'CH2', 'CHZ']",2018-12-28T16:58:51.560000Z,11.15
171,20181228T170012Z,1J.TI4A.,"['CH1', 'CH2', 'CHZ']",2018-12-28T17:00:12.610000Z,2.22
172,20181228T171606Z,1J.TI4A.,"['CH1', 'CH2', 'CHZ']",2018-12-28T17:16:06.490000Z,2.14
173,20181228T171646Z,1J.TI4A.,"['CH1', 'CH2', 'CHZ']",2018-12-28T17:16:46.150000Z,2.74
174,20181228T171812Z,1J.TI4A.,"['CH1', 'CH2', 'CHZ']",2018-12-28T17:18:15.940000Z,1.68
175,20181228T172713Z,1J.TI4A.,"['CH1', 'CH2', 'CHZ']",2018-12-28T17:27:13.330000Z,2.5
176,20181228T174830Z,1J.TI4A.,"['CH1', 'CH2', 'CHZ']",2018-12-28T17:48:30.610000Z,8.93
177,20181228T175632Z,1J.TI4A.,"['CH1', 'CH2', 'CHZ']",2018-12-28T17:56:32.360000Z,1.48
178,20181228T180054Z,1J.TI4A.,"['CH1', 'CH2', 'CHZ']",2018-12-28T18:00:54.590000Z,1.15
179,20181228T182443Z,1J.TI4A.,"['CH1', 'CH2', 'CHZ']",2018-12-28T18:24:43.350000Z,2.8
180,20181228T183019Z,1J.TI4A.,"['CH1', 'CH2', 'CHZ']",2018-12-28T18:30:19.030000Z,7.11
181,20181228T183235Z,1J.TI4A.,"['CH1', 'CH2', 'CHZ']",2018-12-28T18:32:35.440000Z,1.83
182,20181228T183449Z,1J.TI4A.,"['CH1', 'CH2', 'CHZ']",2018-12-28T18:34:49.480000Z,1.17
183,20181228T183519Z,1J.TI4A.,"['CH1', 'CH2', 'CHZ']",2018-12-28T18:35:19.030000Z,0.79
184,20181228T183527Z,1J.TI4A.,"['CH1', 'CH2', 'CHZ']",2018-12-28T18:35:27.290000Z,6.57
185,20181228T184039Z,1J.TI4A.,"['CH1', 'CH2', 'CHZ']",2018-12-28T18:40:39.260000Z,11.82
186,20181228T184348Z,1J.TI4A.,"['CH1', 'CH2', 'CHZ']",2018-12-28T18:43:48.480000Z,4.95
187,20181228T184604Z,1J.TI4A.,"['CH1', 'CH2', 'CHZ']",2018-12-28T18:46:04.760000Z,2.47
188,20181228T184638Z,1J.TI4A.,"['CH1', 'CH2', 'CHZ']",2018-12-28T18:46:38.560000Z,0.89
189,20181228T185916Z,1J.TI4A.,"['CH1', 'CH2', 'CHZ']",2018-12-28T18:59:16.980000Z,2.51
190,20181228T185942Z,1J.TI4A.,"['CH1', 'CH2', 'CHZ']",2018-12-28T18:59:42.050000Z,5.67
191,20181228T190356Z,1J.TI4A.,"['CH1', 'CH2', 'CHZ']",2018-12-28T19:03:56.670000Z,23.08
192,20181228T190901Z,1J.TI4A.,"['CH1', 'CH2', 'CHZ']",2018-12-28T19:09:01.100000Z,5.88
193,20181228T191535Z,1J.TI4A.,"['CH1', 'CH2', 'CHZ']",2018-12-28T19:15:35.560000Z,3.42
194,20181228T192356Z,1J.TI4A.,"['CH1', 'CH2', 'CHZ']",2018-12-28T19:24:08.700000Z,22.65
195,20181228T193236Z,1J.TI4A.,"['CH1', 'CH2', 'CHZ']",2018-12-28T19:32:36.880000Z,2.06
196,20181228T200110Z,1J.TI4A.,"['CH1', 'CH2', 'CHZ']",2018-12-28T20:01:10.470000Z,24.35
197,20181228T201622Z,1J.TI4A.,"['CH1', 'CH2', 'CHZ']",2018-12-28T20:16:22.190000Z,14.75
198,20181228T202913Z,1J.TI4A.,"['CH1', 'CH2', 'CHZ']",2018-12-28T20:29:13.620000Z,1.03
199,20181228T202936Z,1J.TI4A.,"['CH1', 'CH2', 'CHZ']",2018-12-28T20:29:36.270000Z,27.76
200,20181228T203433Z,1J.TI4A.,"['CH1', 'CH2', 'CHZ']",2018-12-28T20:34:33.090000Z,3.48
201,20181228T203725Z,1J.TI4A.,"['CH1', 'CH2', 'CHZ']",2018-12-28T20:37:43.680000Z,48.18
202,20181228T212457Z,1J.TI4A.,"['CH1', 'CH2', 'CHZ']",2018-12-28T21:24:57.770000Z,4.15
203,20181228T221950Z,1J.TI4A.,"['CH1', 'CH2', 'CHZ']",2018-12-28T22:19:51.870000Z,64.6
204,20181228T222548Z,1J.TI4A.,"['CH1', 'CH2', 'CHZ']",2018-12-28T22:25:49.150000Z,20.62
205,20181228T222858Z,1J.TI4A.,"['CH1', 'CH2', 'CHZ']",2018-12-28T22:28:58.940000Z,74.67
206,20181228T224357Z,1J.TI4A.,"['CH1', 'CH2', 'CHZ']",2018-12-28T22:43:57.910000Z,9.18
207,20181228T225408Z,1J.TI4A.,"['CH1', 'CH2', 'CHZ']",2018-12-28T22:54:08.050000Z,3.7
208,20181228T225732Z,1J.TI4A.,"['CH1', 'CH2', 'CHZ']",2018-12-28T22:57:35.160000Z,7.04
209,20181228T225748Z,1J.TI4A.,"['CH1', 'CH2', 'CHZ']",2018-12-28T22:57:48.100000Z,3.28
210,20181228T225809Z,1J.TI4A.,"['CH1', 'CH2', 'CHZ']",2018-12-28T22:58:09.060000Z,28.34
211,20181228T230022Z,1J.TI4A.,"['CH1', 'CH2', 'CHZ']",2018-12-28T23:00:22.020000Z,1.59
212,20181228T230437Z,1J.TI4A.,"['CH1', 'CH2', 'CHZ']",2018-12-28T23:04:37.330000Z,21.7
213,20181228T231209Z,1J.TI4A.,"['CH1', 'CH2', 'CHZ']",2018-12-28T23:12:13.230000Z,13.6
214,20181228T231420Z,1J.TI4A.,"['CH1', 'CH2', 'CHZ']",2018-12-28T23:14:28.050000Z,17.08
215,20181228T231541Z,1J.TI4A.,"['CH1', 'CH2', 'CHZ']",2018-12-28T23:15:41.460000Z,1.41
216,20181228T231602Z,1J.TI4A.,"['CH1', 'CH2', 'CHZ']",2018-12-28T23:16:07.580000Z,1.4
217,20181228T232103Z,1J.TI4A.,"['CH1', 'CH2', 'CHZ']",2018-12-28T23:21:03.810000Z,10.88
218,20181228T232231Z,1J.TI4A.,"['CH1', 'CH2', 'CHZ']",2018-12-28T23:22:35.770000Z,49.91
219,20181228T232928Z,1J.TI4A.,"['CH1', 'CH2', 'CHZ']",2018-12-28T23:29:28.660000Z,7.54
220,20181228T232950Z,1J.TI4A.,"['CH1', 'CH2', 'CHZ']",2018-12-28T23:29:51.900000Z,10.38
221,20181228T233113Z,1J.TI4A.,"['CH1', 'CH2', 'CHZ']",2018-12-28T23:31:19.920000Z,15.09
222,20181228T233619Z,1J.TI4A.,"['CH1', 'CH2', 'CHZ']",2018-12-28T23:36:19.860000Z,1.21
223,20181228T233712Z,1J.TI4A.,"['CH1', 'CH2', 'CHZ']",2018-12-28T23:37:12.920000Z,1.25
224,20181228T233836Z,1J.TI4A.,"['CH1', 'CH2', 'CHZ']",2018-12-28T23:38:36.420000Z,6.67
225,20181228T233853Z,1J.TI4A.,"['CH1', 'CH2', 'CHZ']",2018-12-28T23:38:53.720000Z,1.02
226,20181228T233859Z,1J.TI4A.,"['CH1', 'CH2', 'CHZ']",2018-12-28T23:38:59.840000Z,4.83
227,20181228T233920Z,1J.TI4A.,"['CH1', 'CH2', 'CHZ']",2018-12-28T23:39:20.120000Z,16.25
228,20181228T233953Z,1J.TI4A.,"['CH1', 'CH2', 'CHZ']",2018-12-28T23:39:53.610000Z,14.02
229,20181228T234058Z,1J.TI4A.,"['CH1', 'CH2', 'CHZ']",2018-12-28T23:40:58.650000Z,26.62
230,20181228T234304Z,1J.TI4A.,"['CH1', 'CH2', 'CHZ']",2018-12-28T23:43:04.980000Z,3.82
231,20181228T234722Z,1J.TI4A.,"['CH1', 'CH2', 'CHZ']",2018-12-28T23:47:23.610000Z,5.35
232,20181228T234750Z,1J.TI4A.,"['CH1', 'CH2', 'CHZ']",2018-12-28T23:47:50.260000Z,2.37
233,20181228T234900Z,1J.TI4A.,"['CH1', 'CH2', 'CHZ']",2018-12-28T23:49:00.620000Z,36.39
234,20181228T235142Z,1J.TI4A.,"['CH1', 'CH2', 'CHZ']",2018-12-28T23:51:42.600000Z,2.69
235,20181228T235153Z,1J.TI4A.,"['CH1', 'CH2', 'CHZ']",2018-12-28T23:51:53.990000Z,19.29
236,20181228T235534Z,1J.TI4A.,"['CH1', 'CH2', 'CHZ']",2018-12-28T23:55:34.960000Z,15.21
237,20181228T235611Z,1J.TI4A.,"['CH1', 'CH2', 'CHZ']",2018-12-28T23:56:11.380000Z,3.7
238,20181228T235639Z,1J.TI4A.,"['CH1', 'CH2', 'CHZ']",2018-12-28T23:56:39.290000Z,2.63
239,20181228T235720Z,1J.TI4A.,"['CH1', 'CH2', 'CHZ']",2018-12-28T23:57:20.480000Z,6.12
240,20181228T235742Z,1J.TI4A.,"['CH1', 'CH2', 'CHZ']",2018-12-28T23:57:42.710000Z,3.34
241,20181228T235835Z,1J.TI4A.,"['CH1', 'CH2', 'CHZ']",2018-12-28T23:58:35.270000Z,2.22
242,20181228T235843Z,1J.TI4A.,"['CH1', 'CH2', 'CHZ']",2018-12-28T23:58:43.600000Z,7.04
243,20181228T000058Z,1J.TI3A.,"['CH1', 'CH2', 'CHZ']",2018-12-28T00:00:58.780000Z,15.98
244,20181228T000206Z,1J.TI3A.,"['CH1', 'CH2', 'CHZ']",2018-12-28T00:02:06.240000Z,16.99
245,20181228T000334Z,1J.TI3A.,"['CH1', 'CH2', 'CHZ']",2018-12-28T00:03:34.600000Z,2.97
246,20181228T000526Z,1J.TI3A.,"['CH1', 'CH2', 'CHZ']",2018-12-28T00:05:26.810000Z,14.49
247,20181228T000700Z,1J.TI3A.,"['CH1', 'CH2', 'CHZ']",2018-12-28T00:07:00.170000Z,5.29
248,20181228T001014Z,1J.TI3A.,"['CH1', 'CH2', 'CHZ']",2018-12-28T00:10:14.110000Z,16.29
249,20181228T001313Z,1J.TI3A.,"['CH1', 'CH2', 'CHZ']",2018-12-28T00:13:13.770000Z,5.26
250,20181228T001831Z,1J.TI3A.,"['CH1', 'CH2', 'CHZ']",2018-12-28T00:18:31.610000Z,18.2
251,20181228T001948Z,1J.TI3A.,"['CH1', 'CH2', 'CHZ']",2018-12-28T00:19:48.500000Z,16.05
252,20181228T002304Z,1J.TI3A.,"['CH1', 'CH2', 'CHZ']",2018-12-28T00:23:04.640000Z,9.17
253,20181228T002332Z,1J.TI3A.,"['CH1', 'CH2', 'CHZ']",2018-12-28T00:23:32.010000Z,19.76
254,20181228T002521Z,1J.TI3A.,"['CH1', 'CH2', 'CHZ']",2018-12-28T00:25:21.320000Z,11.36
255,20181228T002728Z,1J.TI3A.,"['CH1', 'CH2', 'CHZ']",2018-12-28T00:27:28.730000Z,1.03
256,20181228T002802Z,1J.TI3A.,"['CH1', 'CH2', 'CHZ']",2018-12-28T00:28:02.190000Z,15.04
257,20181228T003208Z,1J.TI3A.,"['CH1', 'CH2', 'CHZ']",2018-12-28T00:32:08.120000Z,5.12
258,20181228T003306Z,1J.TI3A.,"['CH1', 'CH2', 'CHZ']",2018-12-28T00:33:06.980000Z,19.41
259,20181228T003553Z,1J.TI3A.,"['CH1', 'CH2', 'CHZ']",2018-12-28T00:35:53.520000Z,0.84
260,20181228T003853Z,1J.TI3A.,"['CH1', 'CH2', 'CHZ']",2018-12-28T00:38:53.370000Z,18.69
261,20181228T004226Z,1J.TI3A.,"['CH1', 'CH2', 'CHZ']",2018-12-28T00:42:26.160000Z,15.7
262,20181228T004557Z,1J.TI3A.,"['CH1', 'CH2', 'CHZ']",2018-12-28T00:45:57.340000Z,22.76
263,20181228T005010Z,1J.TI3A.,"['CH1', 'CH2', 'CHZ']",2018-12-28T00:50:10.060000Z,10.7
264,20181228T005037Z,1J.TI3A.,"['CH1', 'CH2', 'CHZ']",2018-12-28T00:50:37.300000Z,19.69
265,20181228T005747Z,1J.TI3A.,"['CH1', 'CH2', 'CHZ']",2018-12-28T00:57:47.860000Z,10.06
266,20181228T005812Z,1J.TI3A.,"['CH1', 'CH2', 'CHZ']",2018-12-28T00:58:12.630000Z,14.1
267,20181228T005855Z,1J.TI3A.,"['CH1', 'CH2', 'CHZ']",2018-12-28T00:58:55.710000Z,17.46
268,20181228T010046Z,1J.TI3A.,"['CH1', 'CH2', 'CHZ']",2018-12-28T01:00:46.940000Z,4.11
269,20181228T010053Z,1J.TI3A.,"['CH1', 'CH2', 'CHZ']",2018-12-28T01:00:58.340000Z,23.57
270,20181228T010604Z,1J.TI3A.,"['CH1', 'CH2', 'CHZ']",2018-12-28T01:06:04.100000Z,16.02
271,20181228T011034Z,1J.TI3A.,"['CH1', 'CH2', 'CHZ']",2018-12-28T01:10:34.350000Z,8.53
272,20181228T011048Z,1J.TI3A.,"['CH1', 'CH2', 'CHZ']",2018-12-28T01:10:48.100000Z,21.06
273,20181228T011154Z,1J.TI3A.,"['CH1', 'CH2', 'CHZ']",2018-12-28T01:12:00.210000Z,14.58
274,20181228T011415Z,1J.TI3A.,"['CH1', 'CH2', 'CHZ']",2018-12-28T01:14:15.690000Z,7.39
275,20181228T012027Z,1J.TI3A.,"['CH1', 'CH2', 'CHZ']",2018-12-28T01:20:27.610000Z,18.27
276,20181228T012257Z,1J.TI3A.,"['CH1', 'CH2', 'CHZ']",2018-12-28T01:22:57.500000Z,6.9
277,20181228T012643Z,1J.TI3A.,"['CH1', 'CH2', 'CHZ']",2018-12-28T01:26:43.230000Z,5.24
278,20181228T012716Z,1J.TI3A.,"['CH1', 'CH2', 'CHZ']",2018-12-28T01:27:16.580000Z,17.49
279,20181228T012908Z,1J.TI3A.,"['CH1', 'CH2', 'CHZ']",2018-12-28T01:29:08.580000Z,8.67
280,20181228T013054Z,1J.TI3A.,"['CH1', 'CH2', 'CHZ']",2018-12-28T01:30:54.360000Z,22.59
281,20181228T013202Z,1J.TI3A.,"['CH1', 'CH2', 'CHZ']",2018-12-28T01:32:05.860000Z,6.92
282,20181228T013730Z,1J.TI3A.,"['CH1', 'CH2', 'CHZ']",2018-12-28T01:37:30.310000Z,1.53
283,20181228T014207Z,1J.TI3A.,"['CH1', 'CH2', 'CHZ']",2018-12-28T01:42:09.180000Z,59.28
284,20181228T014454Z,1J.TI3A.,"['CH1', 'CH2', 'CHZ']",2018-12-28T01:44:54.290000Z,36.08
285,20181228T015457Z,1J.TI3A.,"['CH1', 'CH2', 'CHZ']",2018-12-28T01:55:05.140000Z,22.61
286,20181228T015540Z,1J.TI3A.,"['CH1', 'CH2', 'CHZ']",2018-12-28T01:55:59.990000Z,15.32
287,20181228T015951Z,1J.TI3A.,"['CH1', 'CH2', 'CHZ']",2018-12-28T01:59:51.380000Z,22.63
288,20181228T020020Z,1J.TI3A.,"['CH1', 'CH2', 'CHZ']",2018-12-28T02:00:21.360000Z,37.9
289,20181228T020430Z,1J.TI3A.,"['CH1', 'CH2', 'CHZ']",2018-12-28T02:04:30.930000Z,3.01
290,20181228T020455Z,1J.TI3A.,"['CH1', 'CH2', 'CHZ']",2018-12-28T02:04:55.690000Z,5.74
291,20181228T020532Z,1J.TI3A.,"['CH1', 'CH2', 'CHZ']",2018-12-28T02:05:53.440000Z,18.4
292,20181228T020621Z,1J.TI3A.,"['CH1', 'CH2', 'CHZ']",2018-12-28T02:06:21.600000Z,19.74
293,20181228T020732Z,1J.TI3A.,"['CH1', 'CH2', 'CHZ']",2018-12-28T02:07:32.550000Z,14.14
294,20181228T021023Z,1J.TI3A.,"['CH1', 'CH2', 'CHZ']",2018-12-28T02:10:27.630000Z,3.77
295,20181228T021037Z,1J.TI3A.,"['CH1', 'CH2', 'CHZ']",2018-12-28T02:10:40.670000Z,9.76
296,20181228T021305Z,1J.TI3A.,"['CH1', 'CH2', 'CHZ']",2018-12-28T02:13:05.180000Z,9.43
297,20181228T021447Z,1J.TI3A.,"['CH1', 'CH2', 'CHZ']",2018-12-28T02:14:47.600000Z,7.79
298,20181228T021705Z,1J.TI3A.,"['CH1', 'CH2', 'CHZ']",2018-12-28T02:17:05.070000Z,18.28
299,20181228T021939Z,1J.TI3A.,"['CH1', 'CH2', 'CHZ']",2018-12-28T02:19:39.970000Z,38.86
300,20181228T022333Z,1J.TI3A.,"['CH1', 'CH2', 'CHZ']",2018-12-28T02:23:33.860000Z,5.8
301,20181228T022659Z,1J.TI3A.,"['CH1', 'CH2', 'CHZ']",2018-12-28T02:26:59.340000Z,49.39
302,20181228T023235Z,1J.TI3A.,"['CH1', 'CH2', 'CHZ']",2018-12-28T02:32:35.030000Z,17.25
303,20181228T023538Z,1J.TI3A.,"['CH1', 'CH2', 'CHZ']",2018-12-28T02:35:38.900000Z,5.36
304,20181228T023935Z,1J.TI3A.,"['CH1', 'CH2', 'CHZ']",2018-12-28T02:40:00.730000Z,7.01
305,20181228T024027Z,1J.TI3A.,"['CH1', 'CH2', 'CHZ']",2018-12-28T02:40:27.550000Z,18.93
306,20181228T024228Z,1J.TI3A.,"['CH1', 'CH2', 'CHZ']",2018-12-28T02:42:28.450000Z,39.25
307,20181228T024557Z,1J.TI3A.,"['CH1', 'CH2', 'CHZ']",2018-12-28T02:45:57.690000Z,12.66
308,20181228T024702Z,1J.TI3A.,"['CH1', 'CH2', 'CHZ']",2018-12-28T02:47:02.070000Z,4.84
309,20181228T024840Z,1J.TI3A.,"['CH1', 'CH2', 'CHZ']",2018-12-28T02:48:40.080000Z,49.86
310,20181228T025235Z,1J.TI3A.,"['CH1', 'CH2', 'CHZ']",2018-12-28T02:52:35.150000Z,7.88
311,20181228T025636Z,1J.TI3A.,"['CH1', 'CH2', 'CHZ']",2018-12-28T02:56:36.770000Z,16.46
312,20181228T030408Z,1J.TI3A.,"['CH1', 'CH2', 'CHZ']",2018-12-28T03:04:08.100000Z,7.42
313,20181228T030433Z,1J.TI3A.,"['CH1', 'CH2', 'CHZ']",2018-12-28T03:04:33.540000Z,31.72
314,20181228T030800Z,1J.TI3A.,"['CH1', 'CH2', 'CHZ']",2018-12-28T03:08:00.300000Z,6.24
315,20181228T030830Z,1J.TI3A.,"['CH1', 'CH2', 'CHZ']",2018-12-28T03:08:30.990000Z,22.85
316,20181228T031031Z,1J.TI3A.,"['CH1', 'CH2', 'CHZ']",2018-12-28T03:10:31.690000Z,3.39
317,20181228T031256Z,1J.TI3A.,"['CH1', 'CH2', 'CHZ']",2018-12-28T03:12:56.700000Z,7.74
318,20181228T031422Z,1J.TI3A.,"['CH1', 'CH2', 'CHZ']",2018-12-28T03:14:23.710000Z,22.75
319,20181228T031518Z,1J.TI3A.,"['CH1', 'CH2', 'CHZ']",2018-12-28T03:15:24.900000Z,29.38
320,20181228T031741Z,1J.TI3A.,"['CH1', 'CH2', 'CHZ']",2018-12-28T03:17:41.600000Z,10.12
321,20181228T032023Z,1J.TI3A.,"['CH1', 'CH2', 'CHZ']",2018-12-28T03:20:23.770000Z,6.69
322,20181228T032149Z,1J.TI3A.,"['CH1', 'CH2', 'CHZ']",2018-12-28T03:21:49.520000Z,1.57
323,20181228T032213Z,1J.TI3A.,"['CH1', 'CH2', 'CHZ']",2018-12-28T03:22:13.750000Z,4.69
324,20181228T032556Z,1J.TI3A.,"['CH1', 'CH2', 'CHZ']",2018-12-28T03:25:56.520000Z,33.31
325,20181228T032936Z,1J.TI3A.,"['CH1', 'CH2', 'CHZ']",2018-12-28T03:29:36.100000Z,4.9
326,20181228T033110Z,1J.TI3A.,"['CH1', 'CH2', 'CHZ']",2018-12-28T03:31:10.970000Z,6.13
327,20181228T033210Z,1J.TI3A.,"['CH1', 'CH2', 'CHZ']",2018-12-28T03:32:10.360000Z,26.31
328,20181228T033603Z,1J.TI3A.,"['CH1', 'CH2', 'CHZ']",2018-12-28T03:36:03.010000Z,16.02
329,20181228T034003Z,1J.TI3A.,"['CH1', 'CH2', 'CHZ']",2018-12-28T03:40:03.520000Z,9.63
330,20181228T034118Z,1J.TI3A.,"['CH1', 'CH2', 'CHZ']",2018-12-28T03:41:18.340000Z,4.36
331,20181228T035206Z,1J.TI3A.,"['CH1', 'CH2', 'CHZ']",2018-12-28T03:52:06.800000Z,20.9
332,20181228T035928Z,1J.TI3A.,"['CH1', 'CH2', 'CHZ']",2018-12-28T03:59:28.270000Z,12.11
333,20181228T040142Z,1J.TI3A.,"['CH1', 'CH2', 'CHZ']",2018-12-28T04:01:42.130000Z,19.56
334,20181228T041050Z,1J.TI3A.,"['CH1', 'CH2', 'CHZ']",2018-12-28T04:10:50.900000Z,10.41
335,20181228T041657Z,1J.TI3A.,"['CH1', 'CH2', 'CHZ']",2018-12-28T04:16:57.130000Z,13.38
336,20181228T042228Z,1J.TI3A.,"['CH1', 'CH2', 'CHZ']",2018-12-28T04:22:53.930000Z,18.26
337,20181228T042505Z,1J.TI3A.,"['CH1', 'CH2', 'CHZ']",2018-12-28T04:25:05.270000Z,18.94
338,20181228T043212Z,1J.TI3A.,"['CH1', 'CH2', 'CHZ']",2018-12-28T04:32:12.250000Z,4.66
339,20181228T043226Z,1J.TI3A.,"['CH1', 'CH2', 'CHZ']",2018-12-28T04:32:26.340000Z,9.63
340,20181228T043719Z,1J.TI3A.,"['CH1', 'CH2', 'CHZ']",2018-12-28T04:37:19.020000Z,46.22
341,20181228T045258Z,1J.TI3A.,"['CH1', 'CH2', 'CHZ']",2018-12-28T04:52:58.340000Z,12.81
342,20181228T045455Z,1J.TI3A.,"['CH1', 'CH2', 'CHZ']",2018-12-28T04:54:55.370000Z,12.78
343,20181228T045714Z,1J.TI3A.,"['CH1', 'CH2', 'CHZ']",2018-12-28T04:57:14.650000Z,7.05
344,20181228T050519Z,1J.TI3A.,"['CH1', 'CH2', 'CHZ']",2018-12-28T05:05:19.320000Z,5.18
345,20181228T050855Z,1J.TI3A.,"['CH1', 'CH2', 'CHZ']",2018-12-28T05:08:55.520000Z,11.89
346,20181228T051130Z,1J.TI3A.,"['CH1', 'CH2', 'CHZ']",2018-12-28T05:11:30.690000Z,5.5
347,20181228T051947Z,1J.TI3A.,"['CH1', 'CH2', 'CHZ']",2018-12-28T05:19:47.810000Z,14.2
348,20181228T052627Z,1J.TI3A.,"['CH1', 'CH2', 'CHZ']",2018-12-28T05:26:27.910000Z,24.79
349,20181228T052842Z,1J.TI3A.,"['CH1', 'CH2', 'CHZ']",2018-12-28T05:28:42.000000Z,17.36
350,20181228T053412Z,1J.TI3A.,"['CH1', 'CH2', 'CHZ']",2018-12-28T05:34:12.860000Z,15.65
351,20181228T054027Z,1J.TI3A.,"['CH1', 'CH2', 'CHZ']",2018-12-28T05:40:27.030000Z,7.78
352,20181228T054107Z,1J.TI3A.,"['CH1', 'CH2', 'CHZ']",2018-12-28T05:41:07.820000Z,9.79
353,20181228T054133Z,1J.TI3A.,"['CH1', 'CH2', 'CHZ']",2018-12-28T05:41:33.190000Z,21.1
354,20181228T054528Z,1J.TI3A.,"['CH1', 'CH2', 'CHZ']",2018-12-28T05:45:28.510000Z,21.12
355,20181228T054704Z,1J.TI3A.,"['CH1', 'CH2', 'CHZ']",2018-12-28T05:47:04.280000Z,50.79
356,20181228T055054Z,1J.TI3A.,"['CH1', 'CH2', 'CHZ']",2018-12-28T05:50:54.120000Z,11.52
357,20181228T055319Z,1J.TI3A.,"['CH1', 'CH2', 'CHZ']",2018-12-28T05:53:19.690000Z,1.94
358,20181228T055504Z,1J.TI3A.,"['CH1', 'CH2', 'CHZ']",2018-12-28T05:55:04.070000Z,2.58
359,20181228T055525Z,1J.TI3A.,"['CH1', 'CH2', 'CHZ']",2018-12-28T05:55:25.770000Z,11.61
360,20181228T060412Z,1J.TI3A.,"['CH1', 'CH2', 'CHZ']",2018-12-28T06:04:12.410000Z,15.45
361,20181228T060936Z,1J.TI3A.,"['CH1', 'CH2', 'CHZ']",2018-12-28T06:09:36.580000Z,19.02
362,20181228T061105Z,1J.TI3A.,"['CH1', 'CH2', 'CHZ']",2018-12-28T06:11:05.080000Z,5.68
363,20181228T061841Z,1J.TI3A.,"['CH1', 'CH2', 'CHZ']",2018-12-28T06:18:41.200000Z,11.15
364,20181228T062525Z,1J.TI3A.,"['CH1', 'CH2', 'CHZ']",2018-12-28T06:25:25.590000Z,49.82
365,20181228T063250Z,1J.TI3A.,"['CH1', 'CH2', 'CHZ']",2018-12-28T06:32:50.800000Z,11.62
366,20181228T063528Z,1J.TI3A.,"['CH1', 'CH2', 'CHZ']",2018-12-28T06:35:30.890000Z,14.86
367,20181228T063816Z,1J.TI3A.,"['CH1', 'CH2', 'CHZ']",2018-12-28T06:38:16.570000Z,13.67
368,20181228T064029Z,1J.TI3A.,"['CH1', 'CH2', 'CHZ']",2018-12-28T06:40:29.140000Z,8.65
369,20181228T064318Z,1J.TI3A.,"['CH1', 'CH2', 'CHZ']",2018-12-28T06:43:18.390000Z,17.85
370,20181228T064813Z,1J.TI3A.,"['CH1', 'CH2', 'CHZ']",2018-12-28T06:48:13.780000Z,9.32
371,20181228T064839Z,1J.TI3A.,"['CH1', 'CH2', 'CHZ']",2018-12-28T06:48:41.050000Z,20.25
372,20181228T065255Z,1J.TI3A.,"['CH1', 'CH2', 'CHZ']",2018-12-28T06:52:55.670000Z,17.74
373,20181228T065441Z,1J.TI3A.,"['CH1', 'CH2', 'CHZ']",2018-12-28T06:54:41.190000Z,5.42
374,20181228T065602Z,1J.TI3A.,"['CH1', 'CH2', 'CHZ']",2018-12-28T06:56:02.840000Z,7.08
375,20181228T070117Z,1J.TI3A.,"['CH1', 'CH2', 'CHZ']",2018-12-28T07:01:17.710000Z,17.77
376,20181228T070344Z,1J.TI3A.,"['CH1', 'CH2', 'CHZ']",2018-12-28T07:03:44.510000Z,4.26
377,20181228T070556Z,1J.TI3A.,"['CH1', 'CH2', 'CHZ']",2018-12-28T07:05:56.870000Z,17.03
378,20181228T070801Z,1J.TI3A.,"['CH1', 'CH2', 'CHZ']",2018-12-28T07:08:01.940000Z,15.74
379,20181228T070839Z,1J.TI3A.,"['CH1', 'CH2', 'CHZ']",2018-12-28T07:08:43.760000Z,3.57
380,20181228T071028Z,1J.TI3A.,"['CH1', 'CH2', 'CHZ']",2018-12-28T07:10:28.560000Z,5.32
381,20181228T071429Z,1J.TI3A.,"['CH1', 'CH2', 'CHZ']",2018-12-28T07:14:29.780000Z,17.48
382,20181228T072140Z,1J.TI3A.,"['CH1', 'CH2', 'CHZ']",2018-12-28T07:21:40.850000Z,22.98
383,20181228T072310Z,1J.TI3A.,"['CH1', 'CH2', 'CHZ']",2018-12-28T07:23:10.710000Z,2.04
384,20181228T072334Z,1J.TI3A.,"['CH1', 'CH2', 'CHZ']",2018-12-28T07:23:34.880000Z,3.09
385,20181228T072834Z,1J.TI3A.,"['CH1', 'CH2', 'CHZ']",2018-12-28T07:28:34.410000Z,6.1
386,20181228T073543Z,1J.TI3A.,"['CH1', 'CH2', 'CHZ']",2018-12-28T07:35:43.970000Z,16.06
387,20181228T074124Z,1J.TI3A.,"['CH1', 'CH2', 'CHZ']",2018-12-28T07:41:24.480000Z,18.49
388,20181228T074350Z,1J.TI3A.,"['CH1', 'CH2', 'CHZ']",2018-12-28T07:43:50.020000Z,15.73
389,20181228T074540Z,1J.TI3A.,"['CH1', 'CH2', 'CHZ']",2018-12-28T07:45:40.150000Z,17.57
390,20181228T074714Z,1J.TI3A.,"['CH1', 'CH2', 'CHZ']",2018-12-28T07:47:14.830000Z,5.97
391,20181228T074756Z,1J.TI3A.,"['CH1', 'CH2', 'CHZ']",2018-12-28T07:47:56.110000Z,14.19
392,20181228T075122Z,1J.TI3A.,"['CH1', 'CH2', 'CHZ']",2018-12-28T07:51:22.320000Z,13.53
393,20181228T075916Z,1J.TI3A.,"['CH1', 'CH2', 'CHZ']",2018-12-28T07:59:16.500000Z,8.37
394,20181228T080402Z,1J.TI3A.,"['CH1', 'CH2', 'CHZ']",2018-12-28T08:04:02.140000Z,8.13
395,20181228T080601Z,1J.TI3A.,"['CH1', 'CH2', 'CHZ']",2018-12-28T08:06:01.160000Z,14.42
396,20181228T080927Z,1J.TI3A.,"['CH1', 'CH2', 'CHZ']",2018-12-28T08:09:27.760000Z,21.64
397,20181228T081220Z,1J.TI3A.,"['CH1', 'CH2', 'CHZ']",2018-12-28T08:12:20.060000Z,29.56
398,20181228T082109Z,1J.TI3A.,"['CH1', 'CH2', 'CHZ']",2018-12-28T08:21:09.260000Z,59.22
399,20181228T082609Z,1J.TI3A.,"['CH1', 'CH2', 'CHZ']",2018-12-28T08:26:09.470000Z,12.67
400,20181228T082857Z,1J.TI3A.,"['CH1', 'CH2', 'CHZ']",2018-12-28T08:28:57.240000Z,11.79
401,20181228T083426Z,1J.TI3A.,"['CH1', 'CH2', 'CHZ']",2018-12-28T08:34:26.890000Z,26.3
402,20181228T083633Z,1J.TI3A.,"['CH1', 'CH2', 'CHZ']",2018-12-28T08:36:33.820000Z,8.08
403,20181228T084138Z,1J.TI3A.,"['CH1', 'CH2', 'CHZ']",2018-12-28T08:41:38.080000Z,18.35
404,20181228T084248Z,1J.TI3A.,"['CH1', 'CH2', 'CHZ']",2018-12-28T08:42:48.640000Z,4.02
405,20181228T084314Z,1J.TI3A.,"['CH1', 'CH2', 'CHZ']",2018-12-28T08:43:14.940000Z,23.11
406,20181228T084437Z,1J.TI3A.,"['CH1', 'CH2', 'CHZ']",2018-12-28T08:44:37.310000Z,4.86
407,20181228T084815Z,1J.TI3A.,"['CH1', 'CH2', 'CHZ']",2018-12-28T08:48:15.510000Z,37.13
408,20181228T085540Z,1J.TI3A.,"['CH1', 'CH2', 'CHZ']",2018-12-28T08:55:40.090000Z,17.42
409,20181228T085618Z,1J.TI3A.,"['CH1', 'CH2', 'CHZ']",2018-12-28T08:56:18.810000Z,3.58
410,20181228T090213Z,1J.TI3A.,"['CH1', 'CH2', 'CHZ']",2018-12-28T09:02:13.960000Z,17.1
411,20181228T090936Z,1J.TI3A.,"['CH1', 'CH2', 'CHZ']",2018-12-28T09:09:36.820000Z,16.44
412,20181228T091020Z,1J.TI3A.,"['CH1', 'CH2', 'CHZ']",2018-12-28T09:10:20.470000Z,21.65
413,20181228T091206Z,1J.TI3A.,"['CH1', 'CH2', 'CHZ']",2018-12-28T09:12:06.050000Z,6.84
414,20181228T092205Z,1J.TI3A.,"['CH1', 'CH2', 'CHZ']",2018-12-28T09:22:05.660000Z,11.92
415,20181228T092453Z,1J.TI3A.,"['CH1', 'CH2', 'CHZ']",2018-12-28T09:24:53.060000Z,17.74
416,20181228T092530Z,1J.TI3A.,"['CH1', 'CH2', 'CHZ']",2018-12-28T09:25:30.420000Z,18.33
417,20181228T093321Z,1J.TI3A.,"['CH1', 'CH2', 'CHZ']",2018-12-28T09:33:21.250000Z,8.55
418,20181228T093500Z,1J.TI3A.,"['CH1', 'CH2', 'CHZ']",2018-12-28T09:35:00.460000Z,12.78
419,20181228T094252Z,1J.TI3A.,"['CH1', 'CH2', 'CHZ']",2018-12-28T09:42:52.900000Z,16.33
420,20181228T095201Z,1J.TI3A.,"['CH1', 'CH2', 'CHZ']",2018-12-28T09:52:27.280000Z,22.55
421,20181228T095331Z,1J.TI3A.,"['CH1', 'CH2', 'CHZ']",2018-12-28T09:53:31.370000Z,15.47
422,20181228T095931Z,1J.TI3A.,"['CH1', 'CH2', 'CHZ']",2018-12-28T09:59:31.520000Z,10.6
423,20181228T095957Z,1J.TI3A.,"['CH1', 'CH2', 'CHZ']",2018-12-28T09:59:57.810000Z,21.9
424,20181228T100548Z,1J.TI3A.,"['CH1', 'CH2', 'CHZ']",2018-12-28T10:05:48.530000Z,17.25
425,20181228T100717Z,1J.TI3A.,"['CH1', 'CH2', 'CHZ']",2018-12-28T10:07:18.860000Z,7.39
426,20181228T100746Z,1J.TI3A.,"['CH1', 'CH2', 'CHZ']",2018-12-28T10:07:46.900000Z,16.98
427,20181228T101117Z,1J.TI3A.,"['CH1', 'CH2', 'CHZ']",2018-12-28T10:11:17.740000Z,14.31
428,20181228T101342Z,1J.TI3A.,"['CH1', 'CH2', 'CHZ']",2018-12-28T10:13:42.950000Z,6.69
429,20181228T101748Z,1J.TI3A.,"['CH1', 'CH2', 'CHZ']",2018-12-28T10:17:51.730000Z,19.7
430,20181228T101912Z,1J.TI3A.,"['CH1', 'CH2', 'CHZ']",2018-12-28T10:19:12.930000Z,46.12
431,20181228T102116Z,1J.TI3A.,"['CH1', 'CH2', 'CHZ']",2018-12-28T10:21:16.660000Z,50.66
432,20181228T103122Z,1J.TI3A.,"['CH1', 'CH2', 'CHZ']",2018-12-28T10:31:22.570000Z,10.23
433,20181228T104158Z,1J.TI3A.,"['CH1', 'CH2', 'CHZ']",2018-12-28T10:41:58.330000Z,18.37
434,20181228T104955Z,1J.TI3A.,"['CH1', 'CH2', 'CHZ']",2018-12-28T10:49:55.580000Z,9.23
435,20181228T105318Z,1J.TI3A.,"['CH1', 'CH2', 'CHZ']",2018-12-28T10:53:18.470000Z,13.76
436,20181228T105357Z,1J.TI3A.,"['CH1', 'CH2', 'CHZ']",2018-12-28T10:53:58.340000Z,15.05
437,20181228T105612Z,1J.TI3A.,"['CH1', 'CH2', 'CHZ']",2018-12-28T10:56:12.340000Z,6.29
438,20181228T111840Z,1J.TI3A.,"['CH1', 'CH2', 'CHZ']",2018-12-28T11:18:40.300000Z,14.65
439,20181228T112551Z,1J.TI3A.,"['CH1', 'CH2', 'CHZ']",2018-12-28T11:25:51.860000Z,8.21
440,20181228T113046Z,1J.TI3A.,"['CH1', 'CH2', 'CHZ']",2018-12-28T11:30:46.760000Z,10.05
441,20181228T113321Z,1J.TI3A.,"['CH1', 'CH2', 'CHZ']",2018-12-28T11:33:21.320000Z,9.3
442,20181228T114456Z,1J.TI3A.,"['CH1', 'CH2', 'CHZ']",2018-12-28T11:44:56.950000Z,4.65
443,20181228T114751Z,1J.TI3A.,"['CH1', 'CH2', 'CHZ']",2018-12-28T11:47:56.360000Z,11.38
444,20181228T114919Z,1J.TI3A.,"['CH1', 'CH2', 'CHZ']",2018-12-28T11:49:19.190000Z,46.78
445,20181228T115204Z,1J.TI3A.,"['CH1', 'CH2', 'CHZ']",2018-12-28T11:52:07.670000Z,3.85
446,20181228T115231Z,1J.TI3A.,"['CH1', 'CH2', 'CHZ']",2018-12-28T11:52:31.460000Z,8.76
447,20181228T115457Z,1J.TI3A.,"['CH1', 'CH2', 'CHZ']",2018-12-28T11:54:57.570000Z,10.8
448,20181228T115917Z,1J.TI3A.,"['CH1', 'CH2', 'CHZ']",2018-12-28T11:59:17.840000Z,13.96
449,20181228T121238Z,1J.TI3A.,"['CH1', 'CH2', 'CHZ']",2018-12-28T12:12:39.120000Z,9.95
450,20181228T121704Z,1J.TI3A.,"['CH1', 'CH2', 'CHZ']",2018-12-28T12:17:04.070000Z,5.52
451,20181228T122818Z,1J.TI3A.,"['CH1', 'CH2', 'CHZ']",2018-12-28T12:28:23.480000Z,24.67
452,20181228T123040Z,1J.TI3A.,"['CH1', 'CH2', 'CHZ']",2018-12-28T12:30:40.670000Z,5.83
453,20181228T123254Z,1J.TI3A.,"['CH1', 'CH2', 'CHZ']",2018-12-28T12:32:54.530000Z,2.25
454,20181228T123318Z,1J.TI3A.,"['CH1', 'CH2', 'CHZ']",2018-12-28T12:33:18.560000Z,6.13
455,20181228T123459Z,1J.TI3A.,"['CH1', 'CH2', 'CHZ']",2018-12-28T12:34:59.720000Z,1.97
456,20181228T125309Z,1J.TI3A.,"['CH1', 'CH2', 'CHZ']",2018-12-28T12:53:09.150000Z,9.44
457,20181228T125925Z,1J.TI3A.,"['CH1', 'CH2', 'CHZ']",2018-12-28T12:59:25.970000Z,1.68
458,20181228T130152Z,1J.TI3A.,"['CH1', 'CH2', 'CHZ']",2018-12-28T13:01:52.040000Z,0.8
459,20181228T130512Z,1J.TI3A.,"['CH1', 'CH2', 'CHZ']",2018-12-28T13:05:12.840000Z,5.12
460,20181228T130759Z,1J.TI3A.,"['CH1', 'CH2', 'CHZ']",2018-12-28T13:08:05.380000Z,8.0
461,20181228T131053Z,1J.TI3A.,"['CH1', 'CH2', 'CHZ']",2018-12-28T13:10:55.120000Z,15.96
462,20181228T132546Z,1J.TI3A.,"['CH1', 'CH2', 'CHZ']",2018-12-28T13:25:46.670000Z,0.79
463,20181228T132602Z,1J.TI3A.,"['CH1', 'CH2', 'CHZ']",2018-12-28T13:26:39.660000Z,2.42
464,20181228T133514Z,1J.TI3A.,"['CH1', 'CH2', 'CHZ']",2018-12-28T13:35:14.270000Z,9.27
465,20181228T133909Z,1J.TI3A.,"['CH1', 'CH2', 'CHZ']",2018-12-28T13:39:09.620000Z,3.39
466,20181228T134533Z,1J.TI3A.,"['CH1', 'CH2', 'CHZ']",2018-12-28T13:45:33.950000Z,0.78
467,20181228T134954Z,1J.TI3A.,"['CH1', 'CH2', 'CHZ']",2018-12-28T13:49:55.810000Z,7.15
468,20181228T135439Z,1J.TI3A.,"['CH1', 'CH2', 'CHZ']",2018-12-28T13:54:39.800000Z,2.75
469,20181228T140040Z,1J.TI3A.,"['CH1', 'CH2', 'CHZ']",2018-12-28T14:00:40.590000Z,4.01
470,20181228T140344Z,1J.TI3A.,"['CH1', 'CH2', 'CHZ']",2018-12-28T14:03:44.560000Z,1.08
471,20181228T140842Z,1J.TI3A.,"['CH1', 'CH2', 'CHZ']",2018-12-28T14:08:42.400000Z,1.32
472,20181228T141029Z,1J.TI3A.,"['CH1', 'CH2', 'CHZ']",2018-12-28T14:10:29.710000Z,0.82
473,20181228T142052Z,1J.TI3A.,"['CH1', 'CH2', 'CHZ']",2018-12-28T14:20:52.260000Z,9.13
474,20181228T142245Z,1J.TI3A.,"['CH1', 'CH2', 'CHZ']",2018-12-28T14:22:45.720000Z,8.64
475,20181228T142431Z,1J.TI3A.,"['CH1', 'CH2', 'CHZ']",2018-12-28T14:24:33.420000Z,4.71
476,20181228T142550Z,1J.TI3A.,"['CH1', 'CH2', 'CHZ']",2018-12-28T14:25:56.500000Z,0.76
477,20181228T143140Z,1J.TI3A.,"['CH1', 'CH2', 'CHZ']",2018-12-28T14:31:40.640000Z,10.73
478,20181228T143215Z,1J.TI3A.,"['CH1', 'CH2', 'CHZ']",2018-12-28T14:32:15.710000Z,7.27
479,20181228T143656Z,1J.TI3A.,"['CH1', 'CH2', 'CHZ']",2018-12-28T14:36:56.140000Z,3.36
480,20181228T143841Z,1J.TI3A.,"['CH1', 'CH2', 'CHZ']",2018-12-28T14:39:18.220000Z,54.79
481,20181228T144116Z,1J.TI3A.,"['CH1', 'CH2', 'CHZ']",2018-12-28T14:41:16.660000Z,1.93
482,20181228T145728Z,1J.TI3A.,"['CH1', 'CH2', 'CHZ']",2018-12-28T14:57:28.510000Z,7.77
483,20181228T150207Z,1J.TI3A.,"['CH1', 'CH2', 'CHZ']",2018-12-28T15:02:39.950000Z,22.97
484,20181228T150517Z,1J.TI3A.,"['CH1', 'CH2', 'CHZ']",2018-12-28T15:05:17.430000Z,5.02
485,20181228T151422Z,1J.TI3A.,"['CH1', 'CH2', 'CHZ']",2018-12-28T15:14:22.870000Z,9.21
486,20181228T151438Z,1J.TI3A.,"['CH1', 'CH2', 'CHZ']",2018-12-28T15:14:38.280000Z,16.08
487,20181228T152144Z,1J.TI3A.,"['CH1', 'CH2', 'CHZ']",2018-12-28T15:21:44.590000Z,7.7
488,20181228T152432Z,1J.TI3A.,"['CH1', 'CH2', 'CHZ']",2018-12-28T15:24:32.910000Z,10.17
489,20181228T152815Z,1J.TI3A.,"['CH1', 'CH2', 'CHZ']",2018-12-28T15:28:15.420000Z,9.96
490,20181228T153529Z,1J.TI3A.,"['CH1', 'CH2', 'CHZ']",2018-12-28T15:35:29.650000Z,50.31
491,20181228T153905Z,1J.TI3A.,"['CH1', 'CH2', 'CHZ']",2018-12-28T15:39:05.640000Z,3.85
492,20181228T154516Z,1J.TI3A.,"['CH1', 'CH2', 'CHZ']",2018-12-28T15:45:16.530000Z,7.82
493,20181228T154612Z,1J.TI3A.,"['CH1', 'CH2', 'CHZ']",2018-12-28T15:46:13.630000Z,8.14
494,20181228T154735Z,1J.TI3A.,"['CH1', 'CH2', 'CHZ']",2018-12-28T15:47:35.280000Z,4.67
495,20181228T155000Z,1J.TI3A.,"['CH1', 'CH2', 'CHZ']",2018-12-28T15:50:00.340000Z,2.21
496,20181228T155929Z,1J.TI3A.,"['CH1', 'CH2', 'CHZ']",2018-12-28T15:59:30.890000Z,2.21
497,20181228T160126Z,1J.TI3A.,"['CH1', 'CH2', 'CHZ']",2018-12-28T16:01:33.930000Z,5.23
498,20181228T160435Z,1J.TI3A.,"['CH1', 'CH2', 'CHZ']",2018-12-28T16:04:35.420000Z,0.79
499,20181228T160720Z,1J.TI3A.,"['CH1', 'CH2', 'CHZ']",2018-12-28T16:07:20.540000Z,20.72
500,20181228T162637Z,1J.TI3A.,"['CH1', 'CH2', 'CHZ']",2018-12-28T16:26:37.190000Z,6.71
501,20181228T163215Z,1J.TI3A.,"['CH1', 'CH2', 'CHZ']",2018-12-28T16:32:15.290000Z,2.29
502,20181228T163313Z,1J.TI3A.,"['CH1', 'CH2', 'CHZ']",2018-12-28T16:33:13.560000Z,6.96
503,20181228T164621Z,1J.TI3A.,"['CH1', 'CH2', 'CHZ']",2018-12-28T16:46:39.960000Z,27.88
504,20181228T165034Z,1J.TI3A.,"['CH1', 'CH2', 'CHZ']",2018-12-28T16:50:34.260000Z,3.77
505,20181228T165706Z,1J.TI3A.,"['CH1', 'CH2', 'CHZ']",2018-12-28T16:57:07.670000Z,10.2
506,20181228T170441Z,1J.TI3A.,"['CH1', 'CH2', 'CHZ']",2018-12-28T17:04:41.830000Z,10.34
507,20181228T170519Z,1J.TI3A.,"['CH1', 'CH2', 'CHZ']",2018-12-28T17:05:19.740000Z,1.07
508,20181228T170856Z,1J.TI3A.,"['CH1', 'CH2', 'CHZ']",2018-12-28T17:08:56.590000Z,2.53
509,20181228T171614Z,1J.TI3A.,"['CH1', 'CH2', 'CHZ']",2018-12-28T17:16:14.300000Z,13.9
510,20181228T172228Z,1J.TI3A.,"['CH1', 'CH2', 'CHZ']",2018-12-28T17:22:28.360000Z,11.31
511,20181228T172441Z,1J.TI3A.,"['CH1', 'CH2', 'CHZ']",2018-12-28T17:24:41.840000Z,6.56
512,20181228T172534Z,1J.TI3A.,"['CH1', 'CH2', 'CHZ']",2018-12-28T17:25:34.580000Z,4.3
513,20181228T172601Z,1J.TI3A.,"['CH1', 'CH2', 'CHZ']",2018-12-28T17:26:01.960000Z,15.47
514,20181228T173242Z,1J.TI3A.,"['CH1', 'CH2', 'CHZ']",2018-12-28T17:32:42.280000Z,15.64
515,20181228T173726Z,1J.TI3A.,"['CH1', 'CH2', 'CHZ']",2018-12-28T17:37:26.100000Z,20.6
516,20181228T173914Z,1J.TI3A.,"['CH1', 'CH2', 'CHZ']",2018-12-28T17:39:14.710000Z,17.31
517,20181228T174315Z,1J.TI3A.,"['CH1', 'CH2', 'CHZ']",2018-12-28T17:43:15.020000Z,15.62
518,20181228T174437Z,1J.TI3A.,"['CH1', 'CH2', 'CHZ']",2018-12-28T17:44:37.080000Z,6.38
519,20181228T174607Z,1J.TI3A.,"['CH1', 'CH2', 'CHZ']",2018-12-28T17:46:07.150000Z,2.27
520,20181228T174631Z,1J.TI3A.,"['CH1', 'CH2', 'CHZ']",2018-12-28T17:46:31.410000Z,2.99
521,20181228T174850Z,1J.TI3A.,"['CH1', 'CH2', 'CHZ']",2018-12-28T17:48:50.400000Z,18.92
522,20181228T175107Z,1J.TI3A.,"['CH1', 'CH2', 'CHZ']",2018-12-28T17:51:07.540000Z,6.6
523,20181228T175426Z,1J.TI3A.,"['CH1', 'CH2', 'CHZ']",2018-12-28T17:54:43.240000Z,19.51
524,20181228T175635Z,1J.TI3A.,"['CH1', 'CH2', 'CHZ']",2018-12-28T17:56:35.760000Z,23.0
525,20181228T175909Z,1J.TI3A.,"['CH1', 'CH2', 'CHZ']",2018-12-28T17:59:09.290000Z,9.14
526,20181228T180358Z,1J.TI3A.,"['CH1', 'CH2', 'CHZ']",2018-12-28T18:03:58.050000Z,1.05
527,20181228T180508Z,1J.TI3A.,"['CH1', 'CH2', 'CHZ']",2018-12-28T18:05:08.550000Z,23.84
528,20181228T180702Z,1J.TI3A.,"['CH1', 'CH2', 'CHZ']",2018-12-28T18:07:02.660000Z,1.51
529,20181228T180903Z,1J.TI3A.,"['CH1', 'CH2', 'CHZ']",2018-12-28T18:09:03.190000Z,6.24
530,20181228T181235Z,1J.TI3A.,"['CH1', 'CH2', 'CHZ']",2018-12-28T18:12:35.450000Z,6.19
531,20181228T181328Z,1J.TI3A.,"['CH1', 'CH2', 'CHZ']",2018-12-28T18:13:28.270000Z,17.31
532,20181228T181526Z,1J.TI3A.,"['CH1', 'CH2', 'CHZ']",2018-12-28T18:15:26.740000Z,0.99
533,20181228T182248Z,1J.TI3A.,"['CH1', 'CH2', 'CHZ']",2018-12-28T18:22:48.730000Z,10.85
534,20181228T182344Z,1J.TI3A.,"['CH1', 'CH2', 'CHZ']",2018-12-28T18:23:44.480000Z,49.28
535,20181228T182655Z,1J.TI3A.,"['CH1', 'CH2', 'CHZ']",2018-12-28T18:26:55.490000Z,2.33
536,20181228T182735Z,1J.TI3A.,"['CH1', 'CH2', 'CHZ']",2018-12-28T18:27:35.130000Z,3.31
537,20181228T182800Z,1J.TI3A.,"['CH1', 'CH2', 'CHZ']",2018-12-28T18:28:00.920000Z,1.39
538,20181228T182922Z,1J.TI3A.,"['CH1', 'CH2', 'CHZ']",2018-12-28T18:29:22.650000Z,1.63
539,20181228T182942Z,1J.TI3A.,"['CH1', 'CH2', 'CHZ']",2018-12-28T18:29:42.810000Z,1.59
540,20181228T183418Z,1J.TI3A.,"['CH1', 'CH2', 'CHZ']",2018-12-28T18:34:18.910000Z,10.62
541,20181228T183718Z,1J.TI3A.,"['CH1', 'CH2', 'CHZ']",2018-12-28T18:37:20.460000Z,12.59
542,20181228T184039Z,1J.TI3A.,"['CH1', 'CH2', 'CHZ']",2018-12-28T18:40:42.710000Z,8.69
543,20181228T184215Z,1J.TI3A.,"['CH1', 'CH2', 'CHZ']",2018-12-28T18:42:15.120000Z,6.95
544,20181228T185058Z,1J.TI3A.,"['CH1', 'CH2', 'CHZ']",2018-12-28T18:50:58.200000Z,14.87
545,20181228T185233Z,1J.TI3A.,"['CH1', 'CH2', 'CHZ']",2018-12-28T18:52:33.350000Z,10.81
546,20181228T185611Z,1J.TI3A.,"['CH1', 'CH2', 'CHZ']",2018-12-28T18:56:11.440000Z,6.06
547,20181228T191039Z,1J.TI3A.,"['CH1', 'CH2', 'CHZ']",2018-12-28T19:10:39.090000Z,5.05
548,20181228T191727Z,1J.TI3A.,"['CH1', 'CH2', 'CHZ']",2018-12-28T19:17:27.390000Z,5.51
549,20181228T192356Z,1J.TI3A.,"['CH1', 'CH2', 'CHZ']",2018-12-28T19:24:14.990000Z,19.16
550,20181228T192821Z,1J.TI3A.,"['CH1', 'CH2', 'CHZ']",2018-12-28T19:28:21.770000Z,3.69
551,20181228T193118Z,1J.TI3A.,"['CH1', 'CH2', 'CHZ']",2018-12-28T19:31:18.210000Z,6.54
552,20181228T193221Z,1J.TI3A.,"['CH1', 'CH2', 'CHZ']",2018-12-28T19:32:21.880000Z,11.8
553,20181228T193338Z,1J.TI3A.,"['CH1', 'CH2', 'CHZ']",2018-12-28T19:33:38.100000Z,0.94
554,20181228T194449Z,1J.TI3A.,"['CH1', 'CH2', 'CHZ']",2018-12-28T19:44:49.460000Z,2.86
555,20181228T200344Z,1J.TI3A.,"['CH1', 'CH2', 'CHZ']",2018-12-28T20:03:44.300000Z,13.22
556,20181228T200955Z,1J.TI3A.,"['CH1', 'CH2', 'CHZ']",2018-12-28T20:09:55.100000Z,11.1
557,20181228T201607Z,1J.TI3A.,"['CH1', 'CH2', 'CHZ']",2018-12-28T20:16:07.950000Z,13.16
558,20181228T201803Z,1J.TI3A.,"['CH1', 'CH2', 'CHZ']",2018-12-28T20:18:03.550000Z,1.34
559,20181228T202246Z,1J.TI3A.,"['CH1', 'CH2', 'CHZ']",2018-12-28T20:22:46.480000Z,3.06
560,20181228T202552Z,1J.TI3A.,"['CH1', 'CH2', 'CHZ']",2018-12-28T20:25:52.950000Z,5.89
561,20181228T202632Z,1J.TI3A.,"['CH1', 'CH2', 'CHZ']",2018-12-28T20:26:32.880000Z,18.83
562,20181228T202744Z,1J.TI3A.,"['CH1', 'CH2', 'CHZ']",2018-12-28T20:27:44.010000Z,1.07
563,20181228T203355Z,1J.TI3A.,"['CH1', 'CH2', 'CHZ']",2018-12-28T20:33:55.970000Z,4.1
564,20181228T203455Z,1J.TI3A.,"['CH1', 'CH2', 'CHZ']",2018-12-28T20:34:55.290000Z,8.43
565,20181228T203725Z,1J.TI3A.,"['CH1', 'CH2', 'CHZ']",2018-12-28T20:38:11.350000Z,24.17
566,20181228T204133Z,1J.TI3A.,"['CH1', 'CH2', 'CHZ']",2018-12-28T20:41:33.010000Z,1.37
567,20181228T204234Z,1J.TI3A.,"['CH1', 'CH2', 'CHZ']",2018-12-28T20:42:34.890000Z,19.41
568,20181228T205006Z,1J.TI3A.,"['CH1', 'CH2', 'CHZ']",2018-12-28T20:50:06.310000Z,17.81
569,20181228T205418Z,1J.TI3A.,"['CH1', 'CH2', 'CHZ']",2018-12-28T20:54:18.310000Z,15.46
570,20181228T205554Z,1J.TI3A.,"['CH1', 'CH2', 'CHZ']",2018-12-28T20:55:54.970000Z,16.33
571,20181228T205911Z,1J.TI3A.,"['CH1', 'CH2', 'CHZ']",2018-12-28T20:59:11.270000Z,17.85
572,20181228T210345Z,1J.TI3A.,"['CH1', 'CH2', 'CHZ']",2018-12-28T21:03:45.170000Z,5.63
573,20181228T210607Z,1J.TI3A.,"['CH1', 'CH2', 'CHZ']",2018-12-28T21:06:07.080000Z,2.18
574,20181228T212053Z,1J.TI3A.,"['CH1', 'CH2', 'CHZ']",2018-12-28T21:20:53.940000Z,9.97
575,20181228T212124Z,1J.TI3A.,"['CH1', 'CH2', 'CHZ']",2018-12-28T21:21:24.860000Z,22.94
576,20181228T212345Z,1J.TI3A.,"['CH1', 'CH2', 'CHZ']",2018-12-28T21:24:11.370000Z,5.86
577,20181228T212722Z,1J.TI3A.,"['CH1', 'CH2', 'CHZ']",2018-12-28T21:27:22.230000Z,5.18
578,20181228T212929Z,1J.TI3A.,"['CH1', 'CH2', 'CHZ']",2018-12-28T21:29:29.920000Z,33.55
579,20181228T213315Z,1J.TI3A.,"['CH1', 'CH2', 'CHZ']",2018-12-28T21:33:15.830000Z,5.86
580,20181228T213808Z,1J.TI3A.,"['CH1', 'CH2', 'CHZ']",2018-12-28T21:38:08.670000Z,7.07
581,20181228T213908Z,1J.TI3A.,"['CH1', 'CH2', 'CHZ']",2018-12-28T21:39:08.330000Z,8.62
582,20181228T214028Z,1J.TI3A.,"['CH1', 'CH2', 'CHZ']",2018-12-28T21:40:28.100000Z,3.16
583,20181228T214458Z,1J.TI3A.,"['CH1', 'CH2', 'CHZ']",2018-12-28T21:44:58.140000Z,14.42
584,20181228T215752Z,1J.TI3A.,"['CH1', 'CH2', 'CHZ']",2018-12-28T21:58:08.340000Z,7.94
585,20181228T220454Z,1J.TI3A.,"['CH1', 'CH2', 'CHZ']",2018-12-28T22:04:54.490000Z,8.89
586,20181228T220724Z,1J.TI3A.,"['CH1', 'CH2', 'CHZ']",2018-12-28T22:07:24.310000Z,10.05
587,20181228T221950Z,1J.TI3A.,"['CH1', 'CH2', 'CHZ']",2018-12-28T22:19:50.450000Z,26.54
588,20181228T222207Z,1J.TI3A.,"['CH1', 'CH2', 'CHZ']",2018-12-28T22:22:07.860000Z,2.24
589,20181228T222343Z,1J.TI3A.,"['CH1', 'CH2', 'CHZ']",2018-12-28T22:23:43.170000Z,8.46
590,20181228T223434Z,1J.TI3A.,"['CH1', 'CH2', 'CHZ']",2018-12-28T22:34:34.510000Z,13.37
591,20181228T223637Z,1J.TI3A.,"['CH1', 'CH2', 'CHZ']",2018-12-28T22:36:37.960000Z,7.17
592,20181228T223733Z,1J.TI3A.,"['CH1', 'CH2', 'CHZ']",2018-12-28T22:37:57.500000Z,20.93
593,20181228T223951Z,1J.TI3A.,"['CH1', 'CH2', 'CHZ']",2018-12-28T22:39:51.380000Z,6.03
594,20181228T224017Z,1J.TI3A.,"['CH1', 'CH2', 'CHZ']",2018-12-28T22:40:17.760000Z,11.81
595,20181228T224346Z,1J.TI3A.,"['CH1', 'CH2', 'CHZ']",2018-12-28T22:43:46.230000Z,4.19
596,20181228T224622Z,1J.TI3A.,"['CH1', 'CH2', 'CHZ']",2018-12-28T22:46:22.960000Z,1.1
597,20181228T224724Z,1J.TI3A.,"['CH1', 'CH2', 'CHZ']",2018-12-28T22:47:24.060000Z,1.48
598,20181228T225621Z,1J.TI3A.,"['CH1', 'CH2', 'CHZ']",2018-12-28T22:56:21.330000Z,8.8
599,20181228T225933Z,1J.TI3A.,"['CH1', 'CH2', 'CHZ']",2018-12-28T22:59:33.180000Z,2.45
600,20181228T230220Z,1J.TI3A.,"['CH1', 'CH2', 'CHZ']",2018-12-28T23:02:20.540000Z,6.19
601,20181228T231209Z,1J.TI3A.,"['CH1', 'CH2', 'CHZ']",2018-12-28T23:12:09.740000Z,9.33
602,20181228T231420Z,1J.TI3A.,"['CH1', 'CH2', 'CHZ']",2018-12-28T23:14:23.050000Z,17.54
603,20181228T231617Z,1J.TI3A.,"['CH1', 'CH2', 'CHZ']",2018-12-28T23:16:17.280000Z,10.17
604,20181228T232231Z,1J.TI3A.,"['CH1', 'CH2', 'CHZ']",2018-12-28T23:22:34.050000Z,46.52
605,20181228T232817Z,1J.TI3A.,"['CH1', 'CH2', 'CHZ']",2018-12-28T23:28:17.930000Z,11.6
606,20181228T234058Z,1J.TI3A.,"['CH1', 'CH2', 'CHZ']",2018-12-28T23:41:00.660000Z,26.48
607,20181228T234319Z,1J.TI3A.,"['CH1', 'CH2', 'CHZ']",2018-12-28T23:43:19.600000Z,17.67
608,20181228T234722Z,1J.TI3A.,"['CH1', 'CH2', 'CHZ']",2018-12-28T23:47:22.640000Z,12.76
609,20181228T235406Z,1J.TI3A.,"['CH1', 'CH2', 'CHZ']",2018-12-28T23:54:06.590000Z,16.23
610,20181228T235652Z,1J.TI3A.,"['CH1', 'CH2', 'CHZ']",2018-12-28T23:56:52.270000Z,13.59
611,20181228T235920Z,1J.TI3A.,"['CH1', 'CH2', 'CHZ']",2018-12-28T23:59:20.210000Z,7.06
612,20181228T000954Z,1J.TI8A.,"['CH1', 'CH2', 'CHZ']",2018-12-28T00:09:54.020000Z,14.6
613,20181228T002332Z,1J.TI8A.,"['CH1', 'CH2', 'CHZ']",2018-12-28T00:23:39.110000Z,11.01
614,20181228T002438Z,1J.TI8A.,"['CH1', 'CH2', 'CHZ']",2018-12-28T00:24:38.330000Z,12.74
615,20181228T003306Z,1J.TI8A.,"['CH1', 'CH2', 'CHZ']",2018-12-28T00:33:10.530000Z,13.11
616,20181228T004557Z,1J.TI8A.,"['CH1', 'CH2', 'CHZ']",2018-12-28T00:46:00.040000Z,16.64
617,20181228T005037Z,1J.TI8A.,"['CH1', 'CH2', 'CHZ']",2018-12-28T00:50:44.330000Z,12.62
618,20181228T005747Z,1J.TI8A.,"['CH1', 'CH2', 'CHZ']",2018-12-28T00:57:51.400000Z,3.62
619,20181228T010053Z,1J.TI8A.,"['CH1', 'CH2', 'CHZ']",2018-12-28T01:01:00.370000Z,22.52
620,20181228T011048Z,1J.TI8A.,"['CH1', 'CH2', 'CHZ']",2018-12-28T01:10:50.280000Z,14.0
621,20181228T011146Z,1J.TI8A.,"['CH1', 'CH2', 'CHZ']",2018-12-28T01:11:46.350000Z,3.16
622,20181228T011336Z,1J.TI8A.,"['CH1', 'CH2', 'CHZ']",2018-12-28T01:13:36.950000Z,3.57
623,20181228T012806Z,1J.TI8A.,"['CH1', 'CH2', 'CHZ']",2018-12-28T01:28:06.560000Z,1.52
624,20181228T013054Z,1J.TI8A.,"['CH1', 'CH2', 'CHZ']",2018-12-28T01:30:56.790000Z,18.31
625,20181228T013202Z,1J.TI8A.,"['CH1', 'CH2', 'CHZ']",2018-12-28T01:32:12.040000Z,4.6
626,20181228T013411Z,1J.TI8A.,"['CH1', 'CH2', 'CHZ']",2018-12-28T01:34:12.370000Z,3.33
627,20181228T014059Z,1J.TI8A.,"['CH1', 'CH2', 'CHZ']",2018-12-28T01:41:01.080000Z,4.44
628,20181228T014454Z,1J.TI8A.,"['CH1', 'CH2', 'CHZ']",2018-12-28T01:44:57.320000Z,33.43
629,20181228T014838Z,1J.TI8A.,"['CH1', 'CH2', 'CHZ']",2018-12-28T01:48:38.400000Z,3.23
630,20181228T015707Z,1J.TI8A.,"['CH1', 'CH2', 'CHZ']",2018-12-28T01:57:21.750000Z,47.28
631,20181228T015837Z,1J.TI8A.,"['CH1', 'CH2', 'CHZ']",2018-12-28T01:58:37.610000Z,2.8
632,20181228T020020Z,1J.TI8A.,"['CH1', 'CH2', 'CHZ']",2018-12-28T02:00:23.180000Z,36.31
633,20181228T020218Z,1J.TI8A.,"['CH1', 'CH2', 'CHZ']",2018-12-28T02:02:18.030000Z,1.96
634,20181228T020350Z,1J.TI8A.,"['CH1', 'CH2', 'CHZ']",2018-12-28T02:03:50.370000Z,3.87
635,20181228T020532Z,1J.TI8A.,"['CH1', 'CH2', 'CHZ']",2018-12-28T02:05:32.620000Z,3.69
636,20181228T020621Z,1J.TI8A.,"['CH1', 'CH2', 'CHZ']",2018-12-28T02:06:29.300000Z,11.01
637,20181228T020653Z,1J.TI8A.,"['CH1', 'CH2', 'CHZ']",2018-12-28T02:07:01.750000Z,1.11
638,20181228T020732Z,1J.TI8A.,"['CH1', 'CH2', 'CHZ']",2018-12-28T02:07:37.790000Z,5.67
639,20181228T020835Z,1J.TI8A.,"['CH1', 'CH2', 'CHZ']",2018-12-28T02:08:35.850000Z,2.1
640,20181228T020845Z,1J.TI8A.,"['CH1', 'CH2', 'CHZ']",2018-12-28T02:08:45.610000Z,17.63
641,20181228T021037Z,1J.TI8A.,"['CH1', 'CH2', 'CHZ']",2018-12-28T02:10:39.060000Z,2.14
642,20181228T021155Z,1J.TI8A.,"['CH1', 'CH2', 'CHZ']",2018-12-28T02:11:55.820000Z,2.19
643,20181228T021412Z,1J.TI8A.,"['CH1', 'CH2', 'CHZ']",2018-12-28T02:14:12.540000Z,3.6
644,20181228T021538Z,1J.TI8A.,"['CH1', 'CH2', 'CHZ']",2018-12-28T02:15:38.980000Z,4.52
645,20181228T021748Z,1J.TI8A.,"['CH1', 'CH2', 'CHZ']",2018-12-28T02:17:48.590000Z,5.23
646,20181228T022104Z,1J.TI8A.,"['CH1', 'CH2', 'CHZ']",2018-12-28T02:21:04.190000Z,5.66
647,20181228T022548Z,1J.TI8A.,"['CH1', 'CH2', 'CHZ']",2018-12-28T02:25:48.480000Z,4.05
648,20181228T022654Z,1J.TI8A.,"['CH1', 'CH2', 'CHZ']",2018-12-28T02:26:54.020000Z,2.96
649,20181228T022829Z,1J.TI8A.,"['CH1', 'CH2', 'CHZ']",2018-12-28T02:28:29.860000Z,4.12
650,20181228T023009Z,1J.TI8A.,"['CH1', 'CH2', 'CHZ']",2018-12-28T02:30:09.220000Z,4.16
651,20181228T023149Z,1J.TI8A.,"['CH1', 'CH2', 'CHZ']",2018-12-28T02:31:49.290000Z,4.16
652,20181228T023300Z,1J.TI8A.,"['CH1', 'CH2', 'CHZ']",2018-12-28T02:33:10.960000Z,1.29
653,20181228T023427Z,1J.TI8A.,"['CH1', 'CH2', 'CHZ']",2018-12-28T02:34:27.930000Z,3.63
654,20181228T023611Z,1J.TI8A.,"['CH1', 'CH2', 'CHZ']",2018-12-28T02:36:11.840000Z,3.72
655,20181228T023801Z,1J.TI8A.,"['CH1', 'CH2', 'CHZ']",2018-12-28T02:38:01.810000Z,3.81
656,20181228T023918Z,1J.TI8A.,"['CH1', 'CH2', 'CHZ']",2018-12-28T02:39:18.900000Z,3.94
657,20181228T024027Z,1J.TI8A.,"['CH1', 'CH2', 'CHZ']",2018-12-28T02:40:55.080000Z,1.61
658,20181228T024211Z,1J.TI8A.,"['CH1', 'CH2', 'CHZ']",2018-12-28T02:42:11.480000Z,2.4
659,20181228T024228Z,1J.TI8A.,"['CH1', 'CH2', 'CHZ']",2018-12-28T02:42:47.710000Z,19.07
660,20181228T024431Z,1J.TI8A.,"['CH1', 'CH2', 'CHZ']",2018-12-28T02:44:31.360000Z,3.33
661,20181228T024557Z,1J.TI8A.,"['CH1', 'CH2', 'CHZ']",2018-12-28T02:46:05.560000Z,3.69
662,20181228T024741Z,1J.TI8A.,"['CH1', 'CH2', 'CHZ']",2018-12-28T02:47:41.580000Z,3.34
663,20181228T024840Z,1J.TI8A.,"['CH1', 'CH2', 'CHZ']",2018-12-28T02:48:43.480000Z,48.71
664,20181228T025146Z,1J.TI8A.,"['CH1', 'CH2', 'CHZ']",2018-12-28T02:51:52.160000Z,2.05
665,20181228T025259Z,1J.TI8A.,"['CH1', 'CH2', 'CHZ']",2018-12-28T02:52:59.180000Z,1.88
666,20181228T025433Z,1J.TI8A.,"['CH1', 'CH2', 'CHZ']",2018-12-28T02:54:33.840000Z,3.16
667,20181228T025553Z,1J.TI8A.,"['CH1', 'CH2', 'CHZ']",2018-12-28T02:55:53.950000Z,2.37
668,20181228T025636Z,1J.TI8A.,"['CH1', 'CH2', 'CHZ']",2018-12-28T02:56:48.430000Z,1.75
669,20181228T025732Z,1J.TI8A.,"['CH1', 'CH2', 'CHZ']",2018-12-28T02:57:32.080000Z,0.65
670,20181228T025823Z,1J.TI8A.,"['CH1', 'CH2', 'CHZ']",2018-12-28T02:58:23.130000Z,3.22
671,20181228T025945Z,1J.TI8A.,"['CH1', 'CH2', 'CHZ']",2018-12-28T02:59:45.120000Z,1.4
672,20181228T030122Z,1J.TI8A.,"['CH1', 'CH2', 'CHZ']",2018-12-28T03:01:22.030000Z,3.35
673,20181228T030229Z,1J.TI8A.,"['CH1', 'CH2', 'CHZ']",2018-12-28T03:02:29.370000Z,3.12
674,20181228T030235Z,1J.TI8A.,"['CH1', 'CH2', 'CHZ']",2018-12-28T03:02:57.000000Z,13.04
675,20181228T030340Z,1J.TI8A.,"['CH1', 'CH2', 'CHZ']",2018-12-28T03:03:40.900000Z,1.2
676,20181228T030433Z,1J.TI8A.,"['CH1', 'CH2', 'CHZ']",2018-12-28T03:04:37.760000Z,32.77
677,20181228T030830Z,1J.TI8A.,"['CH1', 'CH2', 'CHZ']",2018-12-28T03:08:33.300000Z,20.72
678,20181228T031048Z,1J.TI8A.,"['CH1', 'CH2', 'CHZ']",2018-12-28T03:10:48.150000Z,1.06
679,20181228T031146Z,1J.TI8A.,"['CH1', 'CH2', 'CHZ']",2018-12-28T03:11:46.250000Z,0.9
680,20181228T031240Z,1J.TI8A.,"['CH1', 'CH2', 'CHZ']",2018-12-28T03:12:40.240000Z,1.41
681,20181228T031351Z,1J.TI8A.,"['CH1', 'CH2', 'CHZ']",2018-12-28T03:13:52.170000Z,1.43
682,20181228T031422Z,1J.TI8A.,"['CH1', 'CH2', 'CHZ']",2018-12-28T03:14:24.750000Z,15.75
683,20181228T031518Z,1J.TI8A.,"['CH1', 'CH2', 'CHZ']",2018-12-28T03:15:28.720000Z,27.33
684,20181228T031741Z,1J.TI8A.,"['CH1', 'CH2', 'CHZ']",2018-12-28T03:17:44.140000Z,8.2
685,20181228T031852Z,1J.TI8A.,"['CH1', 'CH2', 'CHZ']",2018-12-28T03:18:52.100000Z,0.91
686,20181228T031858Z,1J.TI8A.,"['CH1', 'CH2', 'CHZ']",2018-12-28T03:18:58.420000Z,1.21
687,20181228T032017Z,1J.TI8A.,"['CH1', 'CH2', 'CHZ']",2018-12-28T03:20:17.920000Z,2.82
688,20181228T032119Z,1J.TI8A.,"['CH1', 'CH2', 'CHZ']",2018-12-28T03:21:19.060000Z,0.8
689,20181228T032235Z,1J.TI8A.,"['CH1', 'CH2', 'CHZ']",2018-12-28T03:22:35.280000Z,0.88
690,20181228T032338Z,1J.TI8A.,"['CH1', 'CH2', 'CHZ']",2018-12-28T03:23:38.000000Z,1.8
691,20181228T032556Z,1J.TI8A.,"['CH1', 'CH2', 'CHZ']",2018-12-28T03:26:28.600000Z,0.7
692,20181228T032727Z,1J.TI8A.,"['CH1', 'CH2', 'CHZ']",2018-12-28T03:27:27.940000Z,1.08
693,20181228T033124Z,1J.TI8A.,"['CH1', 'CH2', 'CHZ']",2018-12-28T03:31:24.890000Z,0.96
694,20181228T033338Z,1J.TI8A.,"['CH1', 'CH2', 'CHZ']",2018-12-28T03:33:38.020000Z,2.4
695,20181228T033632Z,1J.TI8A.,"['CH1', 'CH2', 'CHZ']",2018-12-28T03:36:32.940000Z,0.83
696,20181228T033802Z,1J.TI8A.,"['CH1', 'CH2', 'CHZ']",2018-12-28T03:38:02.340000Z,1.81
697,20181228T035206Z,1J.TI8A.,"['CH1', 'CH2', 'CHZ']",2018-12-28T03:52:11.980000Z,12.93
698,20181228T040819Z,1J.TI8A.,"['CH1', 'CH2', 'CHZ']",2018-12-28T04:08:19.370000Z,1.21
699,20181228T042228Z,1J.TI8A.,"['CH1', 'CH2', 'CHZ']",2018-12-28T04:23:00.460000Z,11.33
700,20181228T042505Z,1J.TI8A.,"['CH1', 'CH2', 'CHZ']",2018-12-28T04:25:07.660000Z,14.3
701,20181228T043719Z,1J.TI8A.,"['CH1', 'CH2', 'CHZ']",2018-12-28T04:37:19.990000Z,42.91
702,20181228T044532Z,1J.TI8A.,"['CH1', 'CH2', 'CHZ']",2018-12-28T04:45:32.820000Z,18.54
703,20181228T045455Z,1J.TI8A.,"['CH1', 'CH2', 'CHZ']",2018-12-28T04:54:55.130000Z,24.41
704,20181228T050009Z,1J.TI8A.,"['CH1', 'CH2', 'CHZ']",2018-12-28T05:00:09.350000Z,19.28
705,20181228T050405Z,1J.TI8A.,"['CH1', 'CH2', 'CHZ']",2018-12-28T05:04:05.040000Z,10.39
706,20181228T050442Z,1J.TI8A.,"['CH1', 'CH2', 'CHZ']",2018-12-28T05:04:42.060000Z,20.2
707,20181228T051947Z,1J.TI8A.,"['CH1', 'CH2', 'CHZ']",2018-12-28T05:19:50.150000Z,8.81
708,20181228T052842Z,1J.TI8A.,"['CH1', 'CH2', 'CHZ']",2018-12-28T05:28:42.170000Z,17.72
709,20181228T054133Z,1J.TI8A.,"['CH1', 'CH2', 'CHZ']",2018-12-28T05:41:41.290000Z,10.01
710,20181228T054528Z,1J.TI8A.,"['CH1', 'CH2', 'CHZ']",2018-12-28T05:45:31.180000Z,8.74
711,20181228T054704Z,1J.TI8A.,"['CH1', 'CH2', 'CHZ']",2018-12-28T05:47:10.050000Z,47.42
712,20181228T062525Z,1J.TI8A.,"['CH1', 'CH2', 'CHZ']",2018-12-28T06:25:28.140000Z,50.34
713,20181228T063001Z,1J.TI8A.,"['CH1', 'CH2', 'CHZ']",2018-12-28T06:30:01.330000Z,1.58
714,20181228T063250Z,1J.TI8A.,"['CH1', 'CH2', 'CHZ']",2018-12-28T06:32:54.830000Z,5.97
715,20181228T063528Z,1J.TI8A.,"['CH1', 'CH2', 'CHZ']",2018-12-28T06:35:28.480000Z,7.87
716,20181228T064231Z,1J.TI8A.,"['CH1', 'CH2', 'CHZ']",2018-12-28T06:42:31.520000Z,17.2
717,20181228T064318Z,1J.TI8A.,"['CH1', 'CH2', 'CHZ']",2018-12-28T06:43:20.600000Z,5.73
718,20181228T064642Z,1J.TI8A.,"['CH1', 'CH2', 'CHZ']",2018-12-28T06:46:42.520000Z,0.97
719,20181228T064839Z,1J.TI8A.,"['CH1', 'CH2', 'CHZ']",2018-12-28T06:48:39.410000Z,22.81
720,20181228T065016Z,1J.TI8A.,"['CH1', 'CH2', 'CHZ']",2018-12-28T06:50:16.150000Z,2.76
721,20181228T065148Z,1J.TI8A.,"['CH1', 'CH2', 'CHZ']",2018-12-28T06:51:48.640000Z,3.91
722,20181228T065343Z,1J.TI8A.,"['CH1', 'CH2', 'CHZ']",2018-12-28T06:53:43.700000Z,5.8
723,20181228T065635Z,1J.TI8A.,"['CH1', 'CH2', 'CHZ']",2018-12-28T06:56:35.020000Z,8.99
724,20181228T065850Z,1J.TI8A.,"['CH1', 'CH2', 'CHZ']",2018-12-28T06:58:50.340000Z,6.63
725,20181228T070057Z,1J.TI8A.,"['CH1', 'CH2', 'CHZ']",2018-12-28T07:00:59.060000Z,6.97
726,20181228T070315Z,1J.TI8A.,"['CH1', 'CH2', 'CHZ']",2018-12-28T07:03:15.650000Z,7.79
727,20181228T070507Z,1J.TI8A.,"['CH1', 'CH2', 'CHZ']",2018-12-28T07:05:07.930000Z,6.85
728,20181228T070656Z,1J.TI8A.,"['CH1', 'CH2', 'CHZ']",2018-12-28T07:06:56.320000Z,7.73
729,20181228T070839Z,1J.TI8A.,"['CH1', 'CH2', 'CHZ']",2018-12-28T07:08:39.840000Z,7.31
730,20181228T071049Z,1J.TI8A.,"['CH1', 'CH2', 'CHZ']",2018-12-28T07:10:49.210000Z,4.26
731,20181228T071224Z,1J.TI8A.,"['CH1', 'CH2', 'CHZ']",2018-12-28T07:12:24.340000Z,5.68
732,20181228T071256Z,1J.TI8A.,"['CH1', 'CH2', 'CHZ']",2018-12-28T07:12:56.060000Z,1.22
733,20181228T071333Z,1J.TI8A.,"['CH1', 'CH2', 'CHZ']",2018-12-28T07:13:33.530000Z,3.9
734,20181228T071509Z,1J.TI8A.,"['CH1', 'CH2', 'CHZ']",2018-12-28T07:15:09.070000Z,3.95
735,20181228T071653Z,1J.TI8A.,"['CH1', 'CH2', 'CHZ']",2018-12-28T07:16:53.520000Z,5.33
736,20181228T071838Z,1J.TI8A.,"['CH1', 'CH2', 'CHZ']",2018-12-28T07:18:45.720000Z,7.93
737,20181228T072042Z,1J.TI8A.,"['CH1', 'CH2', 'CHZ']",2018-12-28T07:20:42.220000Z,4.62
738,20181228T072140Z,1J.TI8A.,"['CH1', 'CH2', 'CHZ']",2018-12-28T07:21:42.940000Z,12.54
739,20181228T072220Z,1J.TI8A.,"['CH1', 'CH2', 'CHZ']",2018-12-28T07:22:20.150000Z,3.43
740,20181228T072422Z,1J.TI8A.,"['CH1', 'CH2', 'CHZ']",2018-12-28T07:24:22.740000Z,5.01
741,20181228T072555Z,1J.TI8A.,"['CH1', 'CH2', 'CHZ']",2018-12-28T07:25:55.550000Z,5.63
742,20181228T072723Z,1J.TI8A.,"['CH1', 'CH2', 'CHZ']",2018-12-28T07:27:23.860000Z,3.49
743,20181228T072848Z,1J.TI8A.,"['CH1', 'CH2', 'CHZ']",2018-12-28T07:28:48.680000Z,4.12
744,20181228T073116Z,1J.TI8A.,"['CH1', 'CH2', 'CHZ']",2018-12-28T07:31:16.420000Z,7.23
745,20181228T073253Z,1J.TI8A.,"['CH1', 'CH2', 'CHZ']",2018-12-28T07:32:53.390000Z,6.29
746,20181228T073412Z,1J.TI8A.,"['CH1', 'CH2', 'CHZ']",2018-12-28T07:34:12.010000Z,5.74
747,20181228T073534Z,1J.TI8A.,"['CH1', 'CH2', 'CHZ']",2018-12-28T07:35:34.080000Z,4.67
748,20181228T073720Z,1J.TI8A.,"['CH1', 'CH2', 'CHZ']",2018-12-28T07:37:20.330000Z,5.86
749,20181228T073847Z,1J.TI8A.,"['CH1', 'CH2', 'CHZ']",2018-12-28T07:38:47.440000Z,5.08
750,20181228T074033Z,1J.TI8A.,"['CH1', 'CH2', 'CHZ']",2018-12-28T07:40:33.280000Z,6.61
751,20181228T074155Z,1J.TI8A.,"['CH1', 'CH2', 'CHZ']",2018-12-28T07:41:55.750000Z,4.66
752,20181228T074336Z,1J.TI8A.,"['CH1', 'CH2', 'CHZ']",2018-12-28T07:43:36.870000Z,7.71
753,20181228T074443Z,1J.TI8A.,"['CH1', 'CH2', 'CHZ']",2018-12-28T07:44:43.460000Z,20.75
754,20181228T074615Z,1J.TI8A.,"['CH1', 'CH2', 'CHZ']",2018-12-28T07:46:15.580000Z,1.61
755,20181228T074740Z,1J.TI8A.,"['CH1', 'CH2', 'CHZ']",2018-12-28T07:47:40.780000Z,2.79
756,20181228T074851Z,1J.TI8A.,"['CH1', 'CH2', 'CHZ']",2018-12-28T07:48:51.450000Z,2.94
757,20181228T074950Z,1J.TI8A.,"['CH1', 'CH2', 'CHZ']",2018-12-28T07:49:50.160000Z,2.23
758,20181228T075104Z,1J.TI8A.,"['CH1', 'CH2', 'CHZ']",2018-12-28T07:51:04.200000Z,3.4
759,20181228T075224Z,1J.TI8A.,"['CH1', 'CH2', 'CHZ']",2018-12-28T07:52:24.000000Z,3.66
760,20181228T075343Z,1J.TI8A.,"['CH1', 'CH2', 'CHZ']",2018-12-28T07:53:43.030000Z,5.0
761,20181228T075454Z,1J.TI8A.,"['CH1', 'CH2', 'CHZ']",2018-12-28T07:54:59.170000Z,6.33
762,20181228T075624Z,1J.TI8A.,"['CH1', 'CH2', 'CHZ']",2018-12-28T07:56:24.260000Z,4.61
763,20181228T075738Z,1J.TI8A.,"['CH1', 'CH2', 'CHZ']",2018-12-28T07:57:38.220000Z,4.46
764,20181228T075814Z,1J.TI8A.,"['CH1', 'CH2', 'CHZ']",2018-12-28T07:58:14.030000Z,12.38
765,20181228T075859Z,1J.TI8A.,"['CH1', 'CH2', 'CHZ']",2018-12-28T07:58:59.970000Z,2.47
766,20181228T080024Z,1J.TI8A.,"['CH1', 'CH2', 'CHZ']",2018-12-28T08:00:24.890000Z,3.78
767,20181228T080157Z,1J.TI8A.,"['CH1', 'CH2', 'CHZ']",2018-12-28T08:01:57.360000Z,4.29
768,20181228T080457Z,1J.TI8A.,"['CH1', 'CH2', 'CHZ']",2018-12-28T08:04:57.180000Z,1.57
769,20181228T080555Z,1J.TI8A.,"['CH1', 'CH2', 'CHZ']",2018-12-28T08:05:55.990000Z,2.14
770,20181228T080720Z,1J.TI8A.,"['CH1', 'CH2', 'CHZ']",2018-12-28T08:07:20.340000Z,3.52
771,20181228T080844Z,1J.TI8A.,"['CH1', 'CH2', 'CHZ']",2018-12-28T08:08:44.120000Z,3.88
772,20181228T081044Z,1J.TI8A.,"['CH1', 'CH2', 'CHZ']",2018-12-28T08:10:44.630000Z,6.1
773,20181228T081220Z,1J.TI8A.,"['CH1', 'CH2', 'CHZ']",2018-12-28T08:12:27.640000Z,21.27
774,20181228T081431Z,1J.TI8A.,"['CH1', 'CH2', 'CHZ']",2018-12-28T08:14:31.940000Z,2.03
775,20181228T081520Z,1J.TI8A.,"['CH1', 'CH2', 'CHZ']",2018-12-28T08:15:20.930000Z,1.67
776,20181228T081607Z,1J.TI8A.,"['CH1', 'CH2', 'CHZ']",2018-12-28T08:16:07.550000Z,2.8
777,20181228T081743Z,1J.TI8A.,"['CH1', 'CH2', 'CHZ']",2018-12-28T08:17:43.040000Z,4.39
778,20181228T081849Z,1J.TI8A.,"['CH1', 'CH2', 'CHZ']",2018-12-28T08:18:49.440000Z,7.5
779,20181228T081925Z,1J.TI8A.,"['CH1', 'CH2', 'CHZ']",2018-12-28T08:19:25.870000Z,3.46
780,20181228T082109Z,1J.TI8A.,"['CH1', 'CH2', 'CHZ']",2018-12-28T08:21:10.610000Z,58.84
781,20181228T082241Z,1J.TI8A.,"['CH1', 'CH2', 'CHZ']",2018-12-28T08:22:41.420000Z,1.11
782,20181228T082426Z,1J.TI8A.,"['CH1', 'CH2', 'CHZ']",2018-12-28T08:24:26.610000Z,4.03
783,20181228T082609Z,1J.TI8A.,"['CH1', 'CH2', 'CHZ']",2018-12-28T08:26:10.200000Z,5.78
784,20181228T082746Z,1J.TI8A.,"['CH1', 'CH2', 'CHZ']",2018-12-28T08:27:46.610000Z,5.59
785,20181228T082913Z,1J.TI8A.,"['CH1', 'CH2', 'CHZ']",2018-12-28T08:29:13.820000Z,0.92
786,20181228T082925Z,1J.TI8A.,"['CH1', 'CH2', 'CHZ']",2018-12-28T08:29:25.330000Z,5.97
787,20181228T083057Z,1J.TI8A.,"['CH1', 'CH2', 'CHZ']",2018-12-28T08:30:57.020000Z,7.43
788,20181228T083215Z,1J.TI8A.,"['CH1', 'CH2', 'CHZ']",2018-12-28T08:32:15.500000Z,5.06
789,20181228T083353Z,1J.TI8A.,"['CH1', 'CH2', 'CHZ']",2018-12-28T08:33:53.130000Z,7.34
790,20181228T083426Z,1J.TI8A.,"['CH1', 'CH2', 'CHZ']",2018-12-28T08:34:45.520000Z,9.9
791,20181228T083522Z,1J.TI8A.,"['CH1', 'CH2', 'CHZ']",2018-12-28T08:35:22.560000Z,3.01
792,20181228T083721Z,1J.TI8A.,"['CH1', 'CH2', 'CHZ']",2018-12-28T08:37:21.920000Z,7.43
793,20181228T083902Z,1J.TI8A.,"['CH1', 'CH2', 'CHZ']",2018-12-28T08:39:02.300000Z,6.31
794,20181228T084019Z,1J.TI8A.,"['CH1', 'CH2', 'CHZ']",2018-12-28T08:40:19.520000Z,2.31
795,20181228T084027Z,1J.TI8A.,"['CH1', 'CH2', 'CHZ']",2018-12-28T08:40:27.830000Z,6.49
796,20181228T084138Z,1J.TI8A.,"['CH1', 'CH2', 'CHZ']",2018-12-28T08:41:40.740000Z,7.44
797,20181228T084212Z,1J.TI8A.,"['CH1', 'CH2', 'CHZ']",2018-12-28T08:42:12.420000Z,5.7
798,20181228T084314Z,1J.TI8A.,"['CH1', 'CH2', 'CHZ']",2018-12-28T08:43:20.100000Z,20.89
799,20181228T084502Z,1J.TI8A.,"['CH1', 'CH2', 'CHZ']",2018-12-28T08:45:02.030000Z,2.82
800,20181228T084622Z,1J.TI8A.,"['CH1', 'CH2', 'CHZ']",2018-12-28T08:46:22.790000Z,4.23
801,20181228T084745Z,1J.TI8A.,"['CH1', 'CH2', 'CHZ']",2018-12-28T08:47:45.070000Z,6.28
802,20181228T084815Z,1J.TI8A.,"['CH1', 'CH2', 'CHZ']",2018-12-28T08:48:17.730000Z,14.14
803,20181228T084910Z,1J.TI8A.,"['CH1', 'CH2', 'CHZ']",2018-12-28T08:49:10.960000Z,3.16
804,20181228T085032Z,1J.TI8A.,"['CH1', 'CH2', 'CHZ']",2018-12-28T08:50:32.960000Z,5.43
805,20181228T085200Z,1J.TI8A.,"['CH1', 'CH2', 'CHZ']",2018-12-28T08:52:00.740000Z,6.06
806,20181228T085318Z,1J.TI8A.,"['CH1', 'CH2', 'CHZ']",2018-12-28T08:53:18.980000Z,4.85
807,20181228T085443Z,1J.TI8A.,"['CH1', 'CH2', 'CHZ']",2018-12-28T08:54:43.520000Z,7.05
808,20181228T085602Z,1J.TI8A.,"['CH1', 'CH2', 'CHZ']",2018-12-28T08:56:02.580000Z,6.2
809,20181228T085618Z,1J.TI8A.,"['CH1', 'CH2', 'CHZ']",2018-12-28T08:56:22.570000Z,8.16
810,20181228T085737Z,1J.TI8A.,"['CH1', 'CH2', 'CHZ']",2018-12-28T08:57:37.270000Z,5.46
811,20181228T085903Z,1J.TI8A.,"['CH1', 'CH2', 'CHZ']",2018-12-28T08:59:03.880000Z,5.7
812,20181228T090029Z,1J.TI8A.,"['CH1', 'CH2', 'CHZ']",2018-12-28T09:00:29.340000Z,6.28
813,20181228T090145Z,1J.TI8A.,"['CH1', 'CH2', 'CHZ']",2018-12-28T09:01:45.710000Z,4.6
814,20181228T090302Z,1J.TI8A.,"['CH1', 'CH2', 'CHZ']",2018-12-28T09:03:02.570000Z,5.97
815,20181228T090328Z,1J.TI8A.,"['CH1', 'CH2', 'CHZ']",2018-12-28T09:03:28.060000Z,0.81
816,20181228T090417Z,1J.TI8A.,"['CH1', 'CH2', 'CHZ']",2018-12-28T09:04:17.910000Z,5.23
817,20181228T090449Z,1J.TI8A.,"['CH1', 'CH2', 'CHZ']",2018-12-28T09:04:49.780000Z,0.91
818,20181228T090523Z,1J.TI8A.,"['CH1', 'CH2', 'CHZ']",2018-12-28T09:05:23.110000Z,4.25
819,20181228T090633Z,1J.TI8A.,"['CH1', 'CH2', 'CHZ']",2018-12-28T09:06:33.220000Z,4.25
820,20181228T090648Z,1J.TI8A.,"['CH1', 'CH2', 'CHZ']",2018-12-28T09:06:48.330000Z,0.72
821,20181228T090749Z,1J.TI8A.,"['CH1', 'CH2', 'CHZ']",2018-12-28T09:07:49.450000Z,6.08
822,20181228T090912Z,1J.TI8A.,"['CH1', 'CH2', 'CHZ']",2018-12-28T09:09:12.450000Z,6.48
823,20181228T090936Z,1J.TI8A.,"['CH1', 'CH2', 'CHZ']",2018-12-28T09:09:36.980000Z,9.34
824,20181228T091020Z,1J.TI8A.,"['CH1', 'CH2', 'CHZ']",2018-12-28T09:10:24.710000Z,3.98
825,20181228T091139Z,1J.TI8A.,"['CH1', 'CH2', 'CHZ']",2018-12-28T09:11:39.450000Z,4.38
826,20181228T091255Z,1J.TI8A.,"['CH1', 'CH2', 'CHZ']",2018-12-28T09:12:55.150000Z,5.69
827,20181228T091408Z,1J.TI8A.,"['CH1', 'CH2', 'CHZ']",2018-12-28T09:14:08.050000Z,5.75
828,20181228T091529Z,1J.TI8A.,"['CH1', 'CH2', 'CHZ']",2018-12-28T09:15:29.550000Z,7.24
829,20181228T091619Z,1J.TI8A.,"['CH1', 'CH2', 'CHZ']",2018-12-28T09:16:19.020000Z,2.04
830,20181228T091653Z,1J.TI8A.,"['CH1', 'CH2', 'CHZ']",2018-12-28T09:16:53.690000Z,6.47
831,20181228T091751Z,1J.TI8A.,"['CH1', 'CH2', 'CHZ']",2018-12-28T09:18:18.010000Z,6.39
832,20181228T091932Z,1J.TI8A.,"['CH1', 'CH2', 'CHZ']",2018-12-28T09:19:32.610000Z,5.67
833,20181228T092034Z,1J.TI8A.,"['CH1', 'CH2', 'CHZ']",2018-12-28T09:20:34.370000Z,9.4
834,20181228T092052Z,1J.TI8A.,"['CH1', 'CH2', 'CHZ']",2018-12-28T09:20:52.290000Z,1.69
835,20181228T092147Z,1J.TI8A.,"['CH1', 'CH2', 'CHZ']",2018-12-28T09:21:47.470000Z,4.92
836,20181228T092223Z,1J.TI8A.,"['CH1', 'CH2', 'CHZ']",2018-12-28T09:22:23.020000Z,0.78
837,20181228T092312Z,1J.TI8A.,"['CH1', 'CH2', 'CHZ']",2018-12-28T09:23:12.220000Z,5.76
838,20181228T092432Z,1J.TI8A.,"['CH1', 'CH2', 'CHZ']",2018-12-28T09:24:32.190000Z,6.53
839,20181228T092453Z,1J.TI8A.,"['CH1', 'CH2', 'CHZ']",2018-12-28T09:25:00.370000Z,1.12
840,20181228T092530Z,1J.TI8A.,"['CH1', 'CH2', 'CHZ']",2018-12-28T09:25:32.350000Z,17.53
841,20181228T092558Z,1J.TI8A.,"['CH1', 'CH2', 'CHZ']",2018-12-28T09:25:58.890000Z,4.35
842,20181228T092710Z,1J.TI8A.,"['CH1', 'CH2', 'CHZ']",2018-12-28T09:27:10.200000Z,4.75
843,20181228T092801Z,1J.TI8A.,"['CH1', 'CH2', 'CHZ']",2018-12-28T09:28:01.320000Z,1.68
844,20181228T092841Z,1J.TI8A.,"['CH1', 'CH2', 'CHZ']",2018-12-28T09:28:41.330000Z,7.2
845,20181228T092922Z,1J.TI8A.,"['CH1', 'CH2', 'CHZ']",2018-12-28T09:29:22.330000Z,1.6
846,20181228T093010Z,1J.TI8A.,"['CH1', 'CH2', 'CHZ']",2018-12-28T09:30:18.690000Z,11.16
847,20181228T093159Z,1J.TI8A.,"['CH1', 'CH2', 'CHZ']",2018-12-28T09:31:59.450000Z,6.57
848,20181228T093258Z,1J.TI8A.,"['CH1', 'CH2', 'CHZ']",2018-12-28T09:32:58.680000Z,1.41
849,20181228T093314Z,1J.TI8A.,"['CH1', 'CH2', 'CHZ']",2018-12-28T09:33:14.690000Z,4.75
850,20181228T093427Z,1J.TI8A.,"['CH1', 'CH2', 'CHZ']",2018-12-28T09:34:27.210000Z,8.22
851,20181228T093500Z,1J.TI8A.,"['CH1', 'CH2', 'CHZ']",2018-12-28T09:35:01.650000Z,2.65
852,20181228T093521Z,1J.TI8A.,"['CH1', 'CH2', 'CHZ']",2018-12-28T09:35:21.310000Z,1.2
853,20181228T093545Z,1J.TI8A.,"['CH1', 'CH2', 'CHZ']",2018-12-28T09:35:45.400000Z,4.85
854,20181228T093609Z,1J.TI8A.,"['CH1', 'CH2', 'CHZ']",2018-12-28T09:36:09.820000Z,0.86
855,20181228T093655Z,1J.TI8A.,"['CH1', 'CH2', 'CHZ']",2018-12-28T09:37:07.390000Z,7.78
856,20181228T093801Z,1J.TI8A.,"['CH1', 'CH2', 'CHZ']",2018-12-28T09:38:01.750000Z,0.79
857,20181228T093807Z,1J.TI8A.,"['CH1', 'CH2', 'CHZ']",2018-12-28T09:38:07.940000Z,13.67
858,20181228T093855Z,1J.TI8A.,"['CH1', 'CH2', 'CHZ']",2018-12-28T09:38:55.240000Z,0.88
859,20181228T093920Z,1J.TI8A.,"['CH1', 'CH2', 'CHZ']",2018-12-28T09:39:20.690000Z,4.02
860,20181228T094042Z,1J.TI8A.,"['CH1', 'CH2', 'CHZ']",2018-12-28T09:40:42.940000Z,6.24
861,20181228T094151Z,1J.TI8A.,"['CH1', 'CH2', 'CHZ']",2018-12-28T09:42:06.160000Z,6.78
862,20181228T094252Z,1J.TI8A.,"['CH1', 'CH2', 'CHZ']",2018-12-28T09:42:55.040000Z,5.1
863,20181228T094340Z,1J.TI8A.,"['CH1', 'CH2', 'CHZ']",2018-12-28T09:43:40.370000Z,7.07
864,20181228T094516Z,1J.TI8A.,"['CH1', 'CH2', 'CHZ']",2018-12-28T09:45:16.980000Z,8.55
865,20181228T094623Z,1J.TI8A.,"['CH1', 'CH2', 'CHZ']",2018-12-28T09:46:23.070000Z,4.94
866,20181228T094805Z,1J.TI8A.,"['CH1', 'CH2', 'CHZ']",2018-12-28T09:48:05.440000Z,8.45
867,20181228T094824Z,1J.TI8A.,"['CH1', 'CH2', 'CHZ']",2018-12-28T09:48:26.360000Z,11.1
868,20181228T094921Z,1J.TI8A.,"['CH1', 'CH2', 'CHZ']",2018-12-28T09:50:08.870000Z,1.26
869,20181228T095030Z,1J.TI8A.,"['CH1', 'CH2', 'CHZ']",2018-12-28T09:50:30.410000Z,8.32
870,20181228T095119Z,1J.TI8A.,"['CH1', 'CH2', 'CHZ']",2018-12-28T09:51:19.010000Z,1.03
871,20181228T095201Z,1J.TI8A.,"['CH1', 'CH2', 'CHZ']",2018-12-28T09:52:29.230000Z,18.05
872,20181228T095349Z,1J.TI8A.,"['CH1', 'CH2', 'CHZ']",2018-12-28T09:53:49.660000Z,1.08
873,20181228T095446Z,1J.TI8A.,"['CH1', 'CH2', 'CHZ']",2018-12-28T09:54:46.850000Z,7.52
874,20181228T095613Z,1J.TI8A.,"['CH1', 'CH2', 'CHZ']",2018-12-28T09:56:13.670000Z,8.23
875,20181228T095718Z,1J.TI8A.,"['CH1', 'CH2', 'CHZ']",2018-12-28T09:57:18.570000Z,1.08
876,20181228T095817Z,1J.TI8A.,"['CH1', 'CH2', 'CHZ']",2018-12-28T09:58:17.830000Z,9.99
877,20181228T095931Z,1J.TI8A.,"['CH1', 'CH2', 'CHZ']",2018-12-28T09:59:34.290000Z,7.18
878,20181228T095957Z,1J.TI8A.,"['CH1', 'CH2', 'CHZ']",2018-12-28T10:00:02.740000Z,19.97
879,20181228T100030Z,1J.TI8A.,"['CH1', 'CH2', 'CHZ']",2018-12-28T10:00:30.950000Z,3.33
880,20181228T100206Z,1J.TI8A.,"['CH1', 'CH2', 'CHZ']",2018-12-28T10:02:06.290000Z,4.75
881,20181228T100302Z,1J.TI8A.,"['CH1', 'CH2', 'CHZ']",2018-12-28T10:03:02.140000Z,0.99
882,20181228T100353Z,1J.TI8A.,"['CH1', 'CH2', 'CHZ']",2018-12-28T10:03:53.370000Z,8.0
883,20181228T100452Z,1J.TI8A.,"['CH1', 'CH2', 'CHZ']",2018-12-28T10:04:52.510000Z,4.12
884,20181228T100548Z,1J.TI8A.,"['CH1', 'CH2', 'CHZ']",2018-12-28T10:06:03.300000Z,5.8
885,20181228T100717Z,1J.TI8A.,"['CH1', 'CH2', 'CHZ']",2018-12-28T10:07:17.860000Z,16.82
886,20181228T100746Z,1J.TI8A.,"['CH1', 'CH2', 'CHZ']",2018-12-28T10:07:51.670000Z,18.6
887,20181228T100856Z,1J.TI8A.,"['CH1', 'CH2', 'CHZ']",2018-12-28T10:09:02.810000Z,1.18
888,20181228T100918Z,1J.TI8A.,"['CH1', 'CH2', 'CHZ']",2018-12-28T10:09:18.640000Z,2.42
889,20181228T101006Z,1J.TI8A.,"['CH1', 'CH2', 'CHZ']",2018-12-28T10:10:06.330000Z,6.53
890,20181228T101115Z,1J.TI8A.,"['CH1', 'CH2', 'CHZ']",2018-12-28T10:11:15.730000Z,1.02
891,20181228T101154Z,1J.TI8A.,"['CH1', 'CH2', 'CHZ']",2018-12-28T10:11:54.390000Z,8.15
892,20181228T101329Z,1J.TI8A.,"['CH1', 'CH2', 'CHZ']",2018-12-28T10:13:29.430000Z,7.75
893,20181228T101438Z,1J.TI8A.,"['CH1', 'CH2', 'CHZ']",2018-12-28T10:14:38.650000Z,0.77
894,20181228T101504Z,1J.TI8A.,"['CH1', 'CH2', 'CHZ']",2018-12-28T10:15:04.300000Z,7.92
895,20181228T101627Z,1J.TI8A.,"['CH1', 'CH2', 'CHZ']",2018-12-28T10:16:27.840000Z,1.04
896,20181228T101646Z,1J.TI8A.,"['CH1', 'CH2', 'CHZ']",2018-12-28T10:16:46.600000Z,9.36
897,20181228T101748Z,1J.TI8A.,"['CH1', 'CH2', 'CHZ']",2018-12-28T10:17:48.820000Z,15.62
898,20181228T101813Z,1J.TI8A.,"['CH1', 'CH2', 'CHZ']",2018-12-28T10:18:13.100000Z,6.86
899,20181228T101912Z,1J.TI8A.,"['CH1', 'CH2', 'CHZ']",2018-12-28T10:19:15.570000Z,44.19
900,20181228T102017Z,1J.TI8A.,"['CH1', 'CH2', 'CHZ']",2018-12-28T10:20:17.280000Z,6.42
901,20181228T102116Z,1J.TI8A.,"['CH1', 'CH2', 'CHZ']",2018-12-28T10:21:20.550000Z,49.36
902,20181228T102339Z,1J.TI8A.,"['CH1', 'CH2', 'CHZ']",2018-12-28T10:23:39.000000Z,2.97
903,20181228T102546Z,1J.TI8A.,"['CH1', 'CH2', 'CHZ']",2018-12-28T10:25:46.670000Z,6.09
904,20181228T102727Z,1J.TI8A.,"['CH1', 'CH2', 'CHZ']",2018-12-28T10:27:27.510000Z,6.96
905,20181228T102859Z,1J.TI8A.,"['CH1', 'CH2', 'CHZ']",2018-12-28T10:28:59.340000Z,7.04
906,20181228T103044Z,1J.TI8A.,"['CH1', 'CH2', 'CHZ']",2018-12-28T10:30:44.430000Z,8.75
907,20181228T103224Z,1J.TI8A.,"['CH1', 'CH2', 'CHZ']",2018-12-28T10:32:24.610000Z,7.44
908,20181228T103420Z,1J.TI8A.,"['CH1', 'CH2', 'CHZ']",2018-12-28T10:34:20.410000Z,10.31
909,20181228T103531Z,1J.TI8A.,"['CH1', 'CH2', 'CHZ']",2018-12-28T10:35:31.840000Z,5.49
910,20181228T103704Z,1J.TI8A.,"['CH1', 'CH2', 'CHZ']",2018-12-28T10:37:04.160000Z,8.79
911,20181228T103858Z,1J.TI8A.,"['CH1', 'CH2', 'CHZ']",2018-12-28T10:38:58.920000Z,10.52
912,20181228T104010Z,1J.TI8A.,"['CH1', 'CH2', 'CHZ']",2018-12-28T10:40:10.390000Z,1.04
913,20181228T104033Z,1J.TI8A.,"['CH1', 'CH2', 'CHZ']",2018-12-28T10:40:33.830000Z,9.23
914,20181228T104244Z,1J.TI8A.,"['CH1', 'CH2', 'CHZ']",2018-12-28T10:42:44.310000Z,8.4
915,20181228T104433Z,1J.TI8A.,"['CH1', 'CH2', 'CHZ']",2018-12-28T10:44:33.910000Z,21.18
916,20181228T104551Z,1J.TI8A.,"['CH1', 'CH2', 'CHZ']",2018-12-28T10:45:51.690000Z,1.48
917,20181228T104753Z,1J.TI8A.,"['CH1', 'CH2', 'CHZ']",2018-12-28T10:47:53.930000Z,7.12
918,20181228T104811Z,1J.TI8A.,"['CH1', 'CH2', 'CHZ']",2018-12-28T10:48:11.240000Z,0.97
919,20181228T104940Z,1J.TI8A.,"['CH1', 'CH2', 'CHZ']",2018-12-28T10:49:40.980000Z,7.02
920,20181228T105123Z,1J.TI8A.,"['CH1', 'CH2', 'CHZ']",2018-12-28T10:51:23.950000Z,6.94
921,20181228T105235Z,1J.TI8A.,"['CH1', 'CH2', 'CHZ']",2018-12-28T10:52:35.100000Z,0.98
922,20181228T105318Z,1J.TI8A.,"['CH1', 'CH2', 'CHZ']",2018-12-28T10:53:22.590000Z,9.98
923,20181228T105357Z,1J.TI8A.,"['CH1', 'CH2', 'CHZ']",2018-12-28T10:53:58.340000Z,18.09
924,20181228T105509Z,1J.TI8A.,"['CH1', 'CH2', 'CHZ']",2018-12-28T10:55:09.760000Z,21.03
925,20181228T105717Z,1J.TI8A.,"['CH1', 'CH2', 'CHZ']",2018-12-28T10:57:17.460000Z,1.31
926,20181228T105725Z,1J.TI8A.,"['CH1', 'CH2', 'CHZ']",2018-12-28T10:57:25.880000Z,4.41
927,20181228T105850Z,1J.TI8A.,"['CH1', 'CH2', 'CHZ']",2018-12-28T10:58:50.010000Z,0.96
928,20181228T105901Z,1J.TI8A.,"['CH1', 'CH2', 'CHZ']",2018-12-28T10:59:01.610000Z,5.78
929,20181228T105952Z,1J.TI8A.,"['CH1', 'CH2', 'CHZ']",2018-12-28T10:59:52.700000Z,1.11
930,20181228T110022Z,1J.TI8A.,"['CH1', 'CH2', 'CHZ']",2018-12-28T11:00:22.190000Z,6.11
931,20181228T110132Z,1J.TI8A.,"['CH1', 'CH2', 'CHZ']",2018-12-28T11:01:32.980000Z,1.26
932,20181228T110147Z,1J.TI8A.,"['CH1', 'CH2', 'CHZ']",2018-12-28T11:01:47.230000Z,7.19
933,20181228T110302Z,1J.TI8A.,"['CH1', 'CH2', 'CHZ']",2018-12-28T11:03:02.380000Z,1.14
934,20181228T110328Z,1J.TI8A.,"['CH1', 'CH2', 'CHZ']",2018-12-28T11:03:28.170000Z,9.32
935,20181228T110418Z,1J.TI8A.,"['CH1', 'CH2', 'CHZ']",2018-12-28T11:04:18.280000Z,0.92
936,20181228T110456Z,1J.TI8A.,"['CH1', 'CH2', 'CHZ']",2018-12-28T11:04:56.350000Z,0.93
937,20181228T110504Z,1J.TI8A.,"['CH1', 'CH2', 'CHZ']",2018-12-28T11:05:04.890000Z,9.26
938,20181228T110638Z,1J.TI8A.,"['CH1', 'CH2', 'CHZ']",2018-12-28T11:06:38.510000Z,9.04
939,20181228T110833Z,1J.TI8A.,"['CH1', 'CH2', 'CHZ']",2018-12-28T11:08:33.600000Z,11.25
940,20181228T110933Z,1J.TI8A.,"['CH1', 'CH2', 'CHZ']",2018-12-28T11:09:33.970000Z,1.15
941,20181228T111035Z,1J.TI8A.,"['CH1', 'CH2', 'CHZ']",2018-12-28T11:10:35.490000Z,1.44
942,20181228T111045Z,1J.TI8A.,"['CH1', 'CH2', 'CHZ']",2018-12-28T11:10:45.130000Z,11.56
943,20181228T111132Z,1J.TI8A.,"['CH1', 'CH2', 'CHZ']",2018-12-28T11:11:32.530000Z,1.16
944,20181228T111213Z,1J.TI8A.,"['CH1', 'CH2', 'CHZ']",2018-12-28T11:12:13.520000Z,8.67
945,20181228T111316Z,1J.TI8A.,"['CH1', 'CH2', 'CHZ']",2018-12-28T11:13:16.620000Z,2.82
946,20181228T111331Z,1J.TI8A.,"['CH1', 'CH2', 'CHZ']",2018-12-28T11:13:31.320000Z,3.02
947,20181228T111352Z,1J.TI8A.,"['CH1', 'CH2', 'CHZ']",2018-12-28T11:13:52.640000Z,1.54
948,20181228T111405Z,1J.TI8A.,"['CH1', 'CH2', 'CHZ']",2018-12-28T11:14:05.720000Z,8.64
949,20181228T111534Z,1J.TI8A.,"['CH1', 'CH2', 'CHZ']",2018-12-28T11:15:34.180000Z,7.18
950,20181228T111635Z,1J.TI8A.,"['CH1', 'CH2', 'CHZ']",2018-12-28T11:16:35.310000Z,1.49
951,20181228T111733Z,1J.TI8A.,"['CH1', 'CH2', 'CHZ']",2018-12-28T11:17:33.300000Z,15.51
952,20181228T111801Z,1J.TI8A.,"['CH1', 'CH2', 'CHZ']",2018-12-28T11:18:01.400000Z,1.13
953,20181228T111840Z,1J.TI8A.,"['CH1', 'CH2', 'CHZ']",2018-12-28T11:18:48.360000Z,1.23
954,20181228T111937Z,1J.TI8A.,"['CH1', 'CH2', 'CHZ']",2018-12-28T11:19:37.510000Z,10.57
955,20181228T112054Z,1J.TI8A.,"['CH1', 'CH2', 'CHZ']",2018-12-28T11:20:54.550000Z,1.48
956,20181228T112125Z,1J.TI8A.,"['CH1', 'CH2', 'CHZ']",2018-12-28T11:21:25.660000Z,10.9
957,20181228T112251Z,1J.TI8A.,"['CH1', 'CH2', 'CHZ']",2018-12-28T11:22:51.950000Z,10.63
958,20181228T112421Z,1J.TI8A.,"['CH1', 'CH2', 'CHZ']",2018-12-28T11:24:21.380000Z,5.82
959,20181228T112458Z,1J.TI8A.,"['CH1', 'CH2', 'CHZ']",2018-12-28T11:24:58.240000Z,1.27
960,20181228T112543Z,1J.TI8A.,"['CH1', 'CH2', 'CHZ']",2018-12-28T11:25:43.500000Z,6.81
961,20181228T112652Z,1J.TI8A.,"['CH1', 'CH2', 'CHZ']",2018-12-28T11:26:52.800000Z,1.42
962,20181228T112729Z,1J.TI8A.,"['CH1', 'CH2', 'CHZ']",2018-12-28T11:27:29.300000Z,10.13
963,20181228T112836Z,1J.TI8A.,"['CH1', 'CH2', 'CHZ']",2018-12-28T11:28:36.080000Z,1.41
964,20181228T112854Z,1J.TI8A.,"['CH1', 'CH2', 'CHZ']",2018-12-28T11:28:54.600000Z,8.24
965,20181228T112927Z,1J.TI8A.,"['CH1', 'CH2', 'CHZ']",2018-12-28T11:29:27.560000Z,0.78
966,20181228T112959Z,1J.TI8A.,"['CH1', 'CH2', 'CHZ']",2018-12-28T11:30:23.840000Z,10.49
967,20181228T113132Z,1J.TI8A.,"['CH1', 'CH2', 'CHZ']",2018-12-28T11:31:32.220000Z,1.31
968,20181228T113219Z,1J.TI8A.,"['CH1', 'CH2', 'CHZ']",2018-12-28T11:32:19.830000Z,10.5
969,20181228T113334Z,1J.TI8A.,"['CH1', 'CH2', 'CHZ']",2018-12-28T11:33:34.120000Z,1.09
970,20181228T113416Z,1J.TI8A.,"['CH1', 'CH2', 'CHZ']",2018-12-28T11:34:16.490000Z,11.33
971,20181228T113537Z,1J.TI8A.,"['CH1', 'CH2', 'CHZ']",2018-12-28T11:35:37.280000Z,1.51
972,20181228T113605Z,1J.TI8A.,"['CH1', 'CH2', 'CHZ']",2018-12-28T11:36:05.860000Z,14.02
973,20181228T113643Z,1J.TI8A.,"['CH1', 'CH2', 'CHZ']",2018-12-28T11:36:43.340000Z,0.83
974,20181228T113702Z,1J.TI8A.,"['CH1', 'CH2', 'CHZ']",2018-12-28T11:37:02.340000Z,3.66
975,20181228T113751Z,1J.TI8A.,"['CH1', 'CH2', 'CHZ']",2018-12-28T11:37:51.730000Z,1.5
976,20181228T113846Z,1J.TI8A.,"['CH1', 'CH2', 'CHZ']",2018-12-28T11:38:46.860000Z,16.58
977,20181228T114001Z,1J.TI8A.,"['CH1', 'CH2', 'CHZ']",2018-12-28T11:40:01.960000Z,1.88
978,20181228T114012Z,1J.TI8A.,"['CH1', 'CH2', 'CHZ']",2018-12-28T11:40:12.950000Z,7.22
979,20181228T114159Z,1J.TI8A.,"['CH1', 'CH2', 'CHZ']",2018-12-28T11:41:59.470000Z,13.43
980,20181228T114303Z,1J.TI8A.,"['CH1', 'CH2', 'CHZ']",2018-12-28T11:43:03.210000Z,1.53
981,20181228T114336Z,1J.TI8A.,"['CH1', 'CH2', 'CHZ']",2018-12-28T11:43:36.890000Z,9.16
982,20181228T114413Z,1J.TI8A.,"['CH1', 'CH2', 'CHZ']",2018-12-28T11:44:13.450000Z,12.51
983,20181228T114456Z,1J.TI8A.,"['CH1', 'CH2', 'CHZ']",2018-12-28T11:44:56.630000Z,6.67
984,20181228T114633Z,1J.TI8A.,"['CH1', 'CH2', 'CHZ']",2018-12-28T11:46:33.350000Z,8.57
985,20181228T114751Z,1J.TI8A.,"['CH1', 'CH2', 'CHZ']",2018-12-28T11:47:52.610000Z,23.44
986,20181228T114903Z,1J.TI8A.,"['CH1', 'CH2', 'CHZ']",2018-12-28T11:49:03.820000Z,1.57
987,20181228T114919Z,1J.TI8A.,"['CH1', 'CH2', 'CHZ']",2018-12-28T11:49:20.700000Z,50.85
988,20181228T115032Z,1J.TI8A.,"['CH1', 'CH2', 'CHZ']",2018-12-28T11:50:32.430000Z,0.59
989,20181228T115153Z,1J.TI8A.,"['CH1', 'CH2', 'CHZ']",2018-12-28T11:51:53.860000Z,1.32
990,20181228T115204Z,1J.TI8A.,"['CH1', 'CH2', 'CHZ']",2018-12-28T11:52:06.950000Z,13.21
991,20181228T115231Z,1J.TI8A.,"['CH1', 'CH2', 'CHZ']",2018-12-28T11:52:35.510000Z,7.67
992,20181228T115347Z,1J.TI8A.,"['CH1', 'CH2', 'CHZ']",2018-12-28T11:53:47.880000Z,11.29
993,20181228T115432Z,1J.TI8A.,"['CH1', 'CH2', 'CHZ']",2018-12-28T11:54:32.960000Z,5.29
994,20181228T115457Z,1J.TI8A.,"['CH1', 'CH2', 'CHZ']",2018-12-28T11:55:01.950000Z,11.86
995,20181228T115553Z,1J.TI8A.,"['CH1', 'CH2', 'CHZ']",2018-12-28T11:55:53.500000Z,3.52
996,20181228T115659Z,1J.TI8A.,"['CH1', 'CH2', 'CHZ']",2018-12-28T11:57:11.570000Z,6.37
997,20181228T115825Z,1J.TI8A.,"['CH1', 'CH2', 'CHZ']",2018-12-28T11:58:25.100000Z,8.74
998,20181228T115917Z,1J.TI8A.,"['CH1', 'CH2', 'CHZ']",2018-12-28T11:59:17.050000Z,18.86
999,20181228T120015Z,1J.TI8A.,"['CH1', 'CH2', 'CHZ']",2018-12-28T12:00:15.880000Z,3.8
1000,20181228T120147Z,1J.TI8A.,"['CH1', 'CH2', 'CHZ']",2018-12-28T12:01:47.110000Z,1.41
1001,20181228T120202Z,1J.TI8A.,"['CH1', 'CH2', 'CHZ']",2018-12-28T12:02:02.710000Z,7.39
1002,20181228T120345Z,1J.TI8A.,"['CH1', 'CH2', 'CHZ']",2018-12-28T12:03:45.500000Z,1.54
1003,20181228T120403Z,1J.TI8A.,"['CH1', 'CH2', 'CHZ']",2018-12-28T12:04:03.520000Z,10.27
1004,20181228T120550Z,1J.TI8A.,"['CH1', 'CH2', 'CHZ']",2018-12-28T12:05:50.150000Z,10.06
1005,20181228T120643Z,1J.TI8A.,"['CH1', 'CH2', 'CHZ']",2018-12-28T12:06:43.610000Z,0.91
1006,20181228T120737Z,1J.TI8A.,"['CH1', 'CH2', 'CHZ']",2018-12-28T12:07:37.780000Z,1.38
1007,20181228T120748Z,1J.TI8A.,"['CH1', 'CH2', 'CHZ']",2018-12-28T12:07:48.580000Z,13.18
1008,20181228T120920Z,1J.TI8A.,"['CH1', 'CH2', 'CHZ']",2018-12-28T12:09:20.760000Z,8.2
1009,20181228T121008Z,1J.TI8A.,"['CH1', 'CH2', 'CHZ']",2018-12-28T12:10:08.320000Z,1.32
1010,20181228T121054Z,1J.TI8A.,"['CH1', 'CH2', 'CHZ']",2018-12-28T12:10:54.290000Z,1.23
1011,20181228T121101Z,1J.TI8A.,"['CH1', 'CH2', 'CHZ']",2018-12-28T12:11:01.130000Z,9.45
1012,20181228T121148Z,1J.TI8A.,"['CH1', 'CH2', 'CHZ']",2018-12-28T12:11:48.140000Z,1.28
1013,20181228T121238Z,1J.TI8A.,"['CH1', 'CH2', 'CHZ']",2018-12-28T12:12:38.460000Z,1.5
1014,20181228T121306Z,1J.TI8A.,"['CH1', 'CH2', 'CHZ']",2018-12-28T12:13:06.200000Z,20.05
1015,20181228T121420Z,1J.TI8A.,"['CH1', 'CH2', 'CHZ']",2018-12-28T12:14:20.880000Z,1.46
1016,20181228T121428Z,1J.TI8A.,"['CH1', 'CH2', 'CHZ']",2018-12-28T12:14:43.690000Z,45.28
1017,20181228T121632Z,1J.TI8A.,"['CH1', 'CH2', 'CHZ']",2018-12-28T12:16:32.270000Z,2.27
1018,20181228T121648Z,1J.TI8A.,"['CH1', 'CH2', 'CHZ']",2018-12-28T12:16:48.710000Z,9.74
1019,20181228T121757Z,1J.TI8A.,"['CH1', 'CH2', 'CHZ']",2018-12-28T12:17:57.730000Z,2.7
1020,20181228T121813Z,1J.TI8A.,"['CH1', 'CH2', 'CHZ']",2018-12-28T12:18:13.550000Z,1.01
1021,20181228T121859Z,1J.TI8A.,"['CH1', 'CH2', 'CHZ']",2018-12-28T12:18:59.990000Z,9.86
1022,20181228T122038Z,1J.TI8A.,"['CH1', 'CH2', 'CHZ']",2018-12-28T12:20:38.590000Z,1.7
1023,20181228T122051Z,1J.TI8A.,"['CH1', 'CH2', 'CHZ']",2018-12-28T12:20:51.820000Z,10.64
1024,20181228T122152Z,1J.TI8A.,"['CH1', 'CH2', 'CHZ']",2018-12-28T12:21:52.220000Z,1.78
1025,20181228T122231Z,1J.TI8A.,"['CH1', 'CH2', 'CHZ']",2018-12-28T12:22:31.090000Z,1.16
1026,20181228T122242Z,1J.TI8A.,"['CH1', 'CH2', 'CHZ']",2018-12-28T12:22:42.130000Z,0.77
1027,20181228T122308Z,1J.TI8A.,"['CH1', 'CH2', 'CHZ']",2018-12-28T12:23:08.120000Z,11.41
1028,20181228T122421Z,1J.TI8A.,"['CH1', 'CH2', 'CHZ']",2018-12-28T12:24:21.320000Z,1.56
1029,20181228T122445Z,1J.TI8A.,"['CH1', 'CH2', 'CHZ']",2018-12-28T12:24:45.050000Z,0.85
1030,20181228T122530Z,1J.TI8A.,"['CH1', 'CH2', 'CHZ']",2018-12-28T12:25:30.000000Z,2.66
1031,20181228T122559Z,1J.TI8A.,"['CH1', 'CH2', 'CHZ']",2018-12-28T12:25:59.560000Z,12.56
1032,20181228T122710Z,1J.TI8A.,"['CH1', 'CH2', 'CHZ']",2018-12-28T12:27:14.590000Z,1.2
1033,20181228T122750Z,1J.TI8A.,"['CH1', 'CH2', 'CHZ']",2018-12-28T12:27:50.580000Z,1.41
1034,20181228T122818Z,1J.TI8A.,"['CH1', 'CH2', 'CHZ']",2018-12-28T12:28:18.310000Z,33.68
1035,20181228T123026Z,1J.TI8A.,"['CH1', 'CH2', 'CHZ']",2018-12-28T12:30:26.450000Z,5.16
1036,20181228T123122Z,1J.TI8A.,"['CH1', 'CH2', 'CHZ']",2018-12-28T12:31:22.990000Z,1.11
1037,20181228T123205Z,1J.TI8A.,"['CH1', 'CH2', 'CHZ']",2018-12-28T12:32:05.510000Z,1.88
1038,20181228T123231Z,1J.TI8A.,"['CH1', 'CH2', 'CHZ']",2018-12-28T12:32:31.910000Z,0.81
1039,20181228T123301Z,1J.TI8A.,"['CH1', 'CH2', 'CHZ']",2018-12-28T12:33:01.300000Z,9.48
1040,20181228T123432Z,1J.TI8A.,"['CH1', 'CH2', 'CHZ']",2018-12-28T12:34:32.810000Z,2.02
1041,20181228T123504Z,1J.TI8A.,"['CH1', 'CH2', 'CHZ']",2018-12-28T12:35:04.470000Z,9.04
1042,20181228T123631Z,1J.TI8A.,"['CH1', 'CH2', 'CHZ']",2018-12-28T12:36:31.130000Z,1.4
1043,20181228T123651Z,1J.TI8A.,"['CH1', 'CH2', 'CHZ']",2018-12-28T12:36:51.120000Z,9.37
1044,20181228T123751Z,1J.TI8A.,"['CH1', 'CH2', 'CHZ']",2018-12-28T12:37:51.080000Z,1.27
1045,20181228T123824Z,1J.TI8A.,"['CH1', 'CH2', 'CHZ']",2018-12-28T12:38:24.440000Z,1.13
1046,20181228T123848Z,1J.TI8A.,"['CH1', 'CH2', 'CHZ']",2018-12-28T12:38:48.140000Z,10.5
1047,20181228T123954Z,1J.TI8A.,"['CH1', 'CH2', 'CHZ']",2018-12-28T12:39:54.920000Z,1.85
1048,20181228T124040Z,1J.TI8A.,"['CH1', 'CH2', 'CHZ']",2018-12-28T12:40:40.910000Z,11.95
1049,20181228T124145Z,1J.TI8A.,"['CH1', 'CH2', 'CHZ']",2018-12-28T12:41:47.030000Z,2.06
1050,20181228T124224Z,1J.TI8A.,"['CH1', 'CH2', 'CHZ']",2018-12-28T12:42:24.490000Z,10.13
1051,20181228T124337Z,1J.TI8A.,"['CH1', 'CH2', 'CHZ']",2018-12-28T12:43:37.130000Z,2.05
1052,20181228T124354Z,1J.TI8A.,"['CH1', 'CH2', 'CHZ']",2018-12-28T12:43:54.220000Z,11.6
1053,20181228T124449Z,1J.TI8A.,"['CH1', 'CH2', 'CHZ']",2018-12-28T12:44:49.850000Z,1.02
1054,20181228T124544Z,1J.TI8A.,"['CH1', 'CH2', 'CHZ']",2018-12-28T12:45:44.400000Z,9.34
1055,20181228T124701Z,1J.TI8A.,"['CH1', 'CH2', 'CHZ']",2018-12-28T12:47:01.090000Z,2.04
1056,20181228T124741Z,1J.TI8A.,"['CH1', 'CH2', 'CHZ']",2018-12-28T12:47:41.130000Z,1.74
1057,20181228T124802Z,1J.TI8A.,"['CH1', 'CH2', 'CHZ']",2018-12-28T12:48:02.020000Z,10.82
1058,20181228T124915Z,1J.TI8A.,"['CH1', 'CH2', 'CHZ']",2018-12-28T12:49:15.020000Z,22.3
1059,20181228T125027Z,1J.TI8A.,"['CH1', 'CH2', 'CHZ']",2018-12-28T12:50:27.510000Z,4.43
1060,20181228T125143Z,1J.TI8A.,"['CH1', 'CH2', 'CHZ']",2018-12-28T12:51:43.020000Z,1.49
1061,20181228T125227Z,1J.TI8A.,"['CH1', 'CH2', 'CHZ']",2018-12-28T12:52:27.480000Z,2.17
1062,20181228T125249Z,1J.TI8A.,"['CH1', 'CH2', 'CHZ']",2018-12-28T12:52:49.980000Z,7.67
1063,20181228T125342Z,1J.TI8A.,"['CH1', 'CH2', 'CHZ']",2018-12-28T12:53:42.490000Z,1.1
1064,20181228T125442Z,1J.TI8A.,"['CH1', 'CH2', 'CHZ']",2018-12-28T12:54:42.750000Z,9.17
1065,20181228T125532Z,1J.TI8A.,"['CH1', 'CH2', 'CHZ']",2018-12-28T12:55:32.550000Z,1.21
1066,20181228T125603Z,1J.TI8A.,"['CH1', 'CH2', 'CHZ']",2018-12-28T12:56:10.190000Z,1.52
1067,20181228T125628Z,1J.TI8A.,"['CH1', 'CH2', 'CHZ']",2018-12-28T12:56:38.320000Z,10.1
1068,20181228T125705Z,1J.TI8A.,"['CH1', 'CH2', 'CHZ']",2018-12-28T12:57:24.600000Z,1.28
1069,20181228T125806Z,1J.TI8A.,"['CH1', 'CH2', 'CHZ']",2018-12-28T12:58:06.050000Z,1.49
1070,20181228T125838Z,1J.TI8A.,"['CH1', 'CH2', 'CHZ']",2018-12-28T12:58:38.350000Z,10.59
1071,20181228T125942Z,1J.TI8A.,"['CH1', 'CH2', 'CHZ']",2018-12-28T12:59:42.110000Z,1.79
1072,20181228T130016Z,1J.TI8A.,"['CH1', 'CH2', 'CHZ']",2018-12-28T13:00:16.510000Z,1.75
1073,20181228T130052Z,1J.TI8A.,"['CH1', 'CH2', 'CHZ']",2018-12-28T13:00:52.210000Z,1.4
1074,20181228T130101Z,1J.TI8A.,"['CH1', 'CH2', 'CHZ']",2018-12-28T13:01:01.910000Z,11.84
1075,20181228T130145Z,1J.TI8A.,"['CH1', 'CH2', 'CHZ']",2018-12-28T13:01:45.090000Z,1.8
1076,20181228T130231Z,1J.TI8A.,"['CH1', 'CH2', 'CHZ']",2018-12-28T13:02:31.000000Z,1.26
1077,20181228T130257Z,1J.TI8A.,"['CH1', 'CH2', 'CHZ']",2018-12-28T13:03:03.100000Z,1.34
1078,20181228T130350Z,1J.TI8A.,"['CH1', 'CH2', 'CHZ']",2018-12-28T13:03:50.180000Z,1.81
1079,20181228T130426Z,1J.TI8A.,"['CH1', 'CH2', 'CHZ']",2018-12-28T13:04:26.950000Z,1.56
1080,20181228T130449Z,1J.TI8A.,"['CH1', 'CH2', 'CHZ']",2018-12-28T13:04:49.840000Z,7.37
1081,20181228T130512Z,1J.TI8A.,"['CH1', 'CH2', 'CHZ']",2018-12-28T13:05:16.310000Z,15.6
1082,20181228T130650Z,1J.TI8A.,"['CH1', 'CH2', 'CHZ']",2018-12-28T13:06:50.140000Z,1.24
1083,20181228T130734Z,1J.TI8A.,"['CH1', 'CH2', 'CHZ']",2018-12-28T13:07:34.270000Z,1.91
1084,20181228T130759Z,1J.TI8A.,"['CH1', 'CH2', 'CHZ']",2018-12-28T13:08:02.970000Z,40.81
1085,20181228T131029Z,1J.TI8A.,"['CH1', 'CH2', 'CHZ']",2018-12-28T13:10:29.250000Z,1.53
1086,20181228T131053Z,1J.TI8A.,"['CH1', 'CH2', 'CHZ']",2018-12-28T13:10:53.430000Z,19.2
1087,20181228T131306Z,1J.TI8A.,"['CH1', 'CH2', 'CHZ']",2018-12-28T13:13:06.530000Z,0.84
1088,20181228T131402Z,1J.TI8A.,"['CH1', 'CH2', 'CHZ']",2018-12-28T13:14:02.830000Z,1.11
1089,20181228T131452Z,1J.TI8A.,"['CH1', 'CH2', 'CHZ']",2018-12-28T13:14:52.550000Z,2.19
1090,20181228T131538Z,1J.TI8A.,"['CH1', 'CH2', 'CHZ']",2018-12-28T13:15:38.430000Z,1.74
1091,20181228T131552Z,1J.TI8A.,"['CH1', 'CH2', 'CHZ']",2018-12-28T13:15:52.010000Z,13.11
1092,20181228T131708Z,1J.TI8A.,"['CH1', 'CH2', 'CHZ']",2018-12-28T13:17:08.340000Z,1.36
1093,20181228T131736Z,1J.TI8A.,"['CH1', 'CH2', 'CHZ']",2018-12-28T13:17:36.450000Z,3.39
1094,20181228T131940Z,1J.TI8A.,"['CH1', 'CH2', 'CHZ']",2018-12-28T13:19:40.520000Z,2.05
1095,20181228T132006Z,1J.TI8A.,"['CH1', 'CH2', 'CHZ']",2018-12-28T13:20:30.860000Z,1.34
1096,20181228T132359Z,1J.TI8A.,"['CH1', 'CH2', 'CHZ']",2018-12-28T13:23:59.240000Z,4.62
1097,20181228T132458Z,1J.TI8A.,"['CH1', 'CH2', 'CHZ']",2018-12-28T13:24:58.750000Z,1.66
1098,20181228T132546Z,1J.TI8A.,"['CH1', 'CH2', 'CHZ']",2018-12-28T13:25:46.020000Z,2.02
1099,20181228T132602Z,1J.TI8A.,"['CH1', 'CH2', 'CHZ']",2018-12-28T13:26:33.220000Z,2.32
1100,20181228T132723Z,1J.TI8A.,"['CH1', 'CH2', 'CHZ']",2018-12-28T13:27:23.380000Z,12.33
1101,20181228T132938Z,1J.TI8A.,"['CH1', 'CH2', 'CHZ']",2018-12-28T13:29:38.390000Z,47.46
1102,20181228T133139Z,1J.TI8A.,"['CH1', 'CH2', 'CHZ']",2018-12-28T13:31:39.250000Z,1.52
1103,20181228T133220Z,1J.TI8A.,"['CH1', 'CH2', 'CHZ']",2018-12-28T13:32:20.740000Z,1.29
1104,20181228T133302Z,1J.TI8A.,"['CH1', 'CH2', 'CHZ']",2018-12-28T13:33:02.710000Z,1.77
1105,20181228T133339Z,1J.TI8A.,"['CH1', 'CH2', 'CHZ']",2018-12-28T13:33:39.790000Z,1.88
1106,20181228T133444Z,1J.TI8A.,"['CH1', 'CH2', 'CHZ']",2018-12-28T13:34:44.520000Z,1.13
1107,20181228T133526Z,1J.TI8A.,"['CH1', 'CH2', 'CHZ']",2018-12-28T13:35:26.190000Z,11.76
1108,20181228T133612Z,1J.TI8A.,"['CH1', 'CH2', 'CHZ']",2018-12-28T13:36:12.320000Z,1.66
1109,20181228T133727Z,1J.TI8A.,"['CH1', 'CH2', 'CHZ']",2018-12-28T13:37:27.630000Z,24.83
1110,20181228T133833Z,1J.TI8A.,"['CH1', 'CH2', 'CHZ']",2018-12-28T13:38:33.650000Z,1.34
1111,20181228T133914Z,1J.TI8A.,"['CH1', 'CH2', 'CHZ']",2018-12-28T13:39:17.810000Z,1.66
1112,20181228T134041Z,1J.TI8A.,"['CH1', 'CH2', 'CHZ']",2018-12-28T13:40:41.260000Z,2.55
1113,20181228T134124Z,1J.TI8A.,"['CH1', 'CH2', 'CHZ']",2018-12-28T13:41:24.300000Z,1.08
1114,20181228T134135Z,1J.TI8A.,"['CH1', 'CH2', 'CHZ']",2018-12-28T13:41:35.660000Z,4.79
1115,20181228T134214Z,1J.TI8A.,"['CH1', 'CH2', 'CHZ']",2018-12-28T13:42:14.040000Z,1.33
1116,20181228T134241Z,1J.TI8A.,"['CH1', 'CH2', 'CHZ']",2018-12-28T13:42:41.420000Z,0.78
1117,20181228T134254Z,1J.TI8A.,"['CH1', 'CH2', 'CHZ']",2018-12-28T13:42:54.480000Z,1.06
1118,20181228T134346Z,1J.TI8A.,"['CH1', 'CH2', 'CHZ']",2018-12-28T13:43:46.010000Z,1.76
1119,20181228T134422Z,1J.TI8A.,"['CH1', 'CH2', 'CHZ']",2018-12-28T13:44:22.390000Z,0.88
1120,20181228T134442Z,1J.TI8A.,"['CH1', 'CH2', 'CHZ']",2018-12-28T13:44:42.050000Z,1.97
1121,20181228T134838Z,1J.TI8A.,"['CH1', 'CH2', 'CHZ']",2018-12-28T13:48:38.710000Z,7.8
1122,20181228T134954Z,1J.TI8A.,"['CH1', 'CH2', 'CHZ']",2018-12-28T13:49:54.540000Z,1.47
1123,20181228T135048Z,1J.TI8A.,"['CH1', 'CH2', 'CHZ']",2018-12-28T13:50:48.030000Z,1.28
1124,20181228T135113Z,1J.TI8A.,"['CH1', 'CH2', 'CHZ']",2018-12-28T13:51:13.410000Z,10.08
1125,20181228T135136Z,1J.TI8A.,"['CH1', 'CH2', 'CHZ']",2018-12-28T13:51:36.300000Z,22.08
1126,20181228T135333Z,1J.TI8A.,"['CH1', 'CH2', 'CHZ']",2018-12-28T13:53:33.910000Z,1.7
1127,20181228T135418Z,1J.TI8A.,"['CH1', 'CH2', 'CHZ']",2018-12-28T13:54:18.010000Z,1.1
1128,20181228T135509Z,1J.TI8A.,"['CH1', 'CH2', 'CHZ']",2018-12-28T13:55:09.150000Z,1.56
1129,20181228T135559Z,1J.TI8A.,"['CH1', 'CH2', 'CHZ']",2018-12-28T13:55:59.980000Z,6.16
1130,20181228T135648Z,1J.TI8A.,"['CH1', 'CH2', 'CHZ']",2018-12-28T13:56:48.890000Z,1.33
1131,20181228T135737Z,1J.TI8A.,"['CH1', 'CH2', 'CHZ']",2018-12-28T13:57:37.840000Z,1.49
1132,20181228T135826Z,1J.TI8A.,"['CH1', 'CH2', 'CHZ']",2018-12-28T13:58:26.710000Z,2.48
1133,20181228T135847Z,1J.TI8A.,"['CH1', 'CH2', 'CHZ']",2018-12-28T13:58:47.200000Z,8.43
1134,20181228T135957Z,1J.TI8A.,"['CH1', 'CH2', 'CHZ']",2018-12-28T13:59:57.390000Z,1.85
1135,20181228T140040Z,1J.TI8A.,"['CH1', 'CH2', 'CHZ']",2018-12-28T14:00:43.370000Z,1.87
1136,20181228T140132Z,1J.TI8A.,"['CH1', 'CH2', 'CHZ']",2018-12-28T14:01:32.340000Z,1.18
1137,20181228T140155Z,1J.TI8A.,"['CH1', 'CH2', 'CHZ']",2018-12-28T14:01:55.110000Z,10.45
1138,20181228T140226Z,1J.TI8A.,"['CH1', 'CH2', 'CHZ']",2018-12-28T14:02:26.090000Z,1.04
1139,20181228T140240Z,1J.TI8A.,"['CH1', 'CH2', 'CHZ']",2018-12-28T14:02:40.920000Z,19.4
1140,20181228T140405Z,1J.TI8A.,"['CH1', 'CH2', 'CHZ']",2018-12-28T14:04:05.670000Z,1.39
1141,20181228T140425Z,1J.TI8A.,"['CH1', 'CH2', 'CHZ']",2018-12-28T14:04:25.650000Z,2.63
1142,20181228T140501Z,1J.TI8A.,"['CH1', 'CH2', 'CHZ']",2018-12-28T14:05:01.170000Z,1.35
1143,20181228T140546Z,1J.TI8A.,"['CH1', 'CH2', 'CHZ']",2018-12-28T14:05:46.340000Z,3.97
1144,20181228T140638Z,1J.TI8A.,"['CH1', 'CH2', 'CHZ']",2018-12-28T14:06:38.620000Z,5.45
1145,20181228T140722Z,1J.TI8A.,"['CH1', 'CH2', 'CHZ']",2018-12-28T14:07:22.490000Z,1.49
1146,20181228T140734Z,1J.TI8A.,"['CH1', 'CH2', 'CHZ']",2018-12-28T14:07:34.770000Z,5.18
1147,20181228T140832Z,1J.TI8A.,"['CH1', 'CH2', 'CHZ']",2018-12-28T14:08:32.460000Z,7.09
1148,20181228T140923Z,1J.TI8A.,"['CH1', 'CH2', 'CHZ']",2018-12-28T14:09:23.660000Z,1.24
1149,20181228T140958Z,1J.TI8A.,"['CH1', 'CH2', 'CHZ']",2018-12-28T14:09:58.490000Z,9.66
1150,20181228T141105Z,1J.TI8A.,"['CH1', 'CH2', 'CHZ']",2018-12-28T14:11:05.480000Z,6.14
1151,20181228T141209Z,1J.TI8A.,"['CH1', 'CH2', 'CHZ']",2018-12-28T14:12:09.670000Z,8.14
1152,20181228T141310Z,1J.TI8A.,"['CH1', 'CH2', 'CHZ']",2018-12-28T14:13:10.510000Z,19.6
1153,20181228T141415Z,1J.TI8A.,"['CH1', 'CH2', 'CHZ']",2018-12-28T14:14:15.360000Z,2.48
1154,20181228T141522Z,1J.TI8A.,"['CH1', 'CH2', 'CHZ']",2018-12-28T14:15:22.750000Z,1.03
1155,20181228T141540Z,1J.TI8A.,"['CH1', 'CH2', 'CHZ']",2018-12-28T14:15:40.070000Z,1.08
1156,20181228T141606Z,1J.TI8A.,"['CH1', 'CH2', 'CHZ']",2018-12-28T14:16:06.690000Z,5.68
1157,20181228T141740Z,1J.TI8A.,"['CH1', 'CH2', 'CHZ']",2018-12-28T14:17:40.740000Z,1.92
1158,20181228T141808Z,1J.TI8A.,"['CH1', 'CH2', 'CHZ']",2018-12-28T14:18:12.300000Z,9.56
1159,20181228T141931Z,1J.TI8A.,"['CH1', 'CH2', 'CHZ']",2018-12-28T14:19:31.810000Z,4.9
1160,20181228T142046Z,1J.TI8A.,"['CH1', 'CH2', 'CHZ']",2018-12-28T14:20:46.440000Z,4.71
1161,20181228T142203Z,1J.TI8A.,"['CH1', 'CH2', 'CHZ']",2018-12-28T14:22:03.520000Z,10.15
1162,20181228T142358Z,1J.TI8A.,"['CH1', 'CH2', 'CHZ']",2018-12-28T14:24:01.070000Z,3.21
1163,20181228T142431Z,1J.TI8A.,"['CH1', 'CH2', 'CHZ']",2018-12-28T14:24:31.270000Z,5.98
1164,20181228T142536Z,1J.TI8A.,"['CH1', 'CH2', 'CHZ']",2018-12-28T14:25:36.550000Z,3.74
1165,20181228T142550Z,1J.TI8A.,"['CH1', 'CH2', 'CHZ']",2018-12-28T14:25:50.140000Z,11.47
1166,20181228T142618Z,1J.TI8A.,"['CH1', 'CH2', 'CHZ']",2018-12-28T14:26:18.750000Z,1.56
1167,20181228T142749Z,1J.TI8A.,"['CH1', 'CH2', 'CHZ']",2018-12-28T14:27:49.200000Z,3.68
1168,20181228T142823Z,1J.TI8A.,"['CH1', 'CH2', 'CHZ']",2018-12-28T14:28:23.520000Z,14.42
1169,20181228T142910Z,1J.TI8A.,"['CH1', 'CH2', 'CHZ']",2018-12-28T14:29:10.280000Z,1.64
1170,20181228T142943Z,1J.TI8A.,"['CH1', 'CH2', 'CHZ']",2018-12-28T14:29:43.390000Z,1.48
1171,20181228T143015Z,1J.TI8A.,"['CH1', 'CH2', 'CHZ']",2018-12-28T14:30:15.690000Z,5.89
1172,20181228T143033Z,1J.TI8A.,"['CH1', 'CH2', 'CHZ']",2018-12-28T14:30:33.600000Z,2.75
1173,20181228T143135Z,1J.TI8A.,"['CH1', 'CH2', 'CHZ']",2018-12-28T14:31:35.430000Z,1.49
1174,20181228T143140Z,1J.TI8A.,"['CH1', 'CH2', 'CHZ']",2018-12-28T14:31:43.680000Z,9.48
1175,20181228T143259Z,1J.TI8A.,"['CH1', 'CH2', 'CHZ']",2018-12-28T14:32:59.970000Z,2.48
1176,20181228T143418Z,1J.TI8A.,"['CH1', 'CH2', 'CHZ']",2018-12-28T14:34:18.070000Z,10.12
1177,20181228T143457Z,1J.TI8A.,"['CH1', 'CH2', 'CHZ']",2018-12-28T14:34:57.580000Z,7.53
1178,20181228T143554Z,1J.TI8A.,"['CH1', 'CH2', 'CHZ']",2018-12-28T14:35:54.510000Z,5.59
1179,20181228T143614Z,1J.TI8A.,"['CH1', 'CH2', 'CHZ']",2018-12-28T14:36:14.800000Z,7.01
1180,20181228T143703Z,1J.TI8A.,"['CH1', 'CH2', 'CHZ']",2018-12-28T14:37:03.670000Z,1.95
1181,20181228T143841Z,1J.TI8A.,"['CH1', 'CH2', 'CHZ']",2018-12-28T14:38:41.360000Z,74.37
1182,20181228T144040Z,1J.TI8A.,"['CH1', 'CH2', 'CHZ']",2018-12-28T14:40:40.580000Z,3.12
1183,20181228T144130Z,1J.TI8A.,"['CH1', 'CH2', 'CHZ']",2018-12-28T14:41:30.350000Z,5.21
1184,20181228T144257Z,1J.TI8A.,"['CH1', 'CH2', 'CHZ']",2018-12-28T14:42:57.360000Z,5.83
1185,20181228T144433Z,1J.TI8A.,"['CH1', 'CH2', 'CHZ']",2018-12-28T14:44:33.070000Z,4.57
1186,20181228T144515Z,1J.TI8A.,"['CH1', 'CH2', 'CHZ']",2018-12-28T14:45:15.900000Z,5.0
1187,20181228T144600Z,1J.TI8A.,"['CH1', 'CH2', 'CHZ']",2018-12-28T14:46:00.430000Z,2.69
1188,20181228T144717Z,1J.TI8A.,"['CH1', 'CH2', 'CHZ']",2018-12-28T14:47:17.420000Z,18.86
1189,20181228T144810Z,1J.TI8A.,"['CH1', 'CH2', 'CHZ']",2018-12-28T14:48:10.880000Z,4.51
1190,20181228T144854Z,1J.TI8A.,"['CH1', 'CH2', 'CHZ']",2018-12-28T14:48:57.100000Z,2.29
1191,20181228T145022Z,1J.TI8A.,"['CH1', 'CH2', 'CHZ']",2018-12-28T14:50:22.130000Z,3.33
1192,20181228T145035Z,1J.TI8A.,"['CH1', 'CH2', 'CHZ']",2018-12-28T14:50:35.690000Z,2.48
1193,20181228T145207Z,1J.TI8A.,"['CH1', 'CH2', 'CHZ']",2018-12-28T14:52:07.480000Z,15.85
1194,20181228T145327Z,1J.TI8A.,"['CH1', 'CH2', 'CHZ']",2018-12-28T14:53:27.610000Z,1.63
1195,20181228T145408Z,1J.TI8A.,"['CH1', 'CH2', 'CHZ']",2018-12-28T14:54:08.200000Z,0.99
1196,20181228T145429Z,1J.TI8A.,"['CH1', 'CH2', 'CHZ']",2018-12-28T14:54:29.930000Z,5.71
1197,20181228T145602Z,1J.TI8A.,"['CH1', 'CH2', 'CHZ']",2018-12-28T14:56:02.000000Z,30.21
1198,20181228T145805Z,1J.TI8A.,"['CH1', 'CH2', 'CHZ']",2018-12-28T14:58:05.100000Z,2.87
1199,20181228T145855Z,1J.TI8A.,"['CH1', 'CH2', 'CHZ']",2018-12-28T14:58:55.310000Z,2.19
1200,20181228T145929Z,1J.TI8A.,"['CH1', 'CH2', 'CHZ']",2018-12-28T14:59:29.940000Z,2.6
1201,20181228T150207Z,1J.TI8A.,"['CH1', 'CH2', 'CHZ']",2018-12-28T15:02:38.020000Z,27.95
1202,20181228T150844Z,1J.TI8A.,"['CH1', 'CH2', 'CHZ']",2018-12-28T15:08:44.120000Z,10.19
1203,20181228T151141Z,1J.TI8A.,"['CH1', 'CH2', 'CHZ']",2018-12-28T15:11:41.170000Z,4.46
1204,20181228T151312Z,1J.TI8A.,"['CH1', 'CH2', 'CHZ']",2018-12-28T15:13:12.710000Z,2.81
1205,20181228T151438Z,1J.TI8A.,"['CH1', 'CH2', 'CHZ']",2018-12-28T15:14:43.460000Z,9.39
1206,20181228T152022Z,1J.TI8A.,"['CH1', 'CH2', 'CHZ']",2018-12-28T15:20:22.660000Z,0.99
1207,20181228T153403Z,1J.TI8A.,"['CH1', 'CH2', 'CHZ']",2018-12-28T15:34:03.400000Z,2.94
1208,20181228T153429Z,1J.TI8A.,"['CH1', 'CH2', 'CHZ']",2018-12-28T15:34:29.060000Z,1.2
1209,20181228T153529Z,1J.TI8A.,"['CH1', 'CH2', 'CHZ']",2018-12-28T15:35:33.500000Z,51.74
1210,20181228T153748Z,1J.TI8A.,"['CH1', 'CH2', 'CHZ']",2018-12-28T15:37:48.370000Z,4.27
1211,20181228T153942Z,1J.TI8A.,"['CH1', 'CH2', 'CHZ']",2018-12-28T15:39:42.150000Z,2.93
1212,20181228T154050Z,1J.TI8A.,"['CH1', 'CH2', 'CHZ']",2018-12-28T15:40:50.770000Z,3.15
1213,20181228T154123Z,1J.TI8A.,"['CH1', 'CH2', 'CHZ']",2018-12-28T15:41:23.410000Z,5.91
1214,20181228T154216Z,1J.TI8A.,"['CH1', 'CH2', 'CHZ']",2018-12-28T15:42:16.720000Z,8.0
1215,20181228T154250Z,1J.TI8A.,"['CH1', 'CH2', 'CHZ']",2018-12-28T15:42:50.700000Z,4.43
1216,20181228T154332Z,1J.TI8A.,"['CH1', 'CH2', 'CHZ']",2018-12-28T15:43:32.140000Z,10.85
1217,20181228T154516Z,1J.TI8A.,"['CH1', 'CH2', 'CHZ']",2018-12-28T15:45:21.130000Z,4.09
1218,20181228T154546Z,1J.TI8A.,"['CH1', 'CH2', 'CHZ']",2018-12-28T15:45:46.520000Z,1.94
1219,20181228T154612Z,1J.TI8A.,"['CH1', 'CH2', 'CHZ']",2018-12-28T15:46:12.980000Z,8.34
1220,20181228T154756Z,1J.TI8A.,"['CH1', 'CH2', 'CHZ']",2018-12-28T15:47:56.870000Z,3.18
1221,20181228T154838Z,1J.TI8A.,"['CH1', 'CH2', 'CHZ']",2018-12-28T15:48:38.900000Z,2.38
1222,20181228T154923Z,1J.TI8A.,"['CH1', 'CH2', 'CHZ']",2018-12-28T15:49:23.880000Z,5.98
1223,20181228T155053Z,1J.TI8A.,"['CH1', 'CH2', 'CHZ']",2018-12-28T15:50:53.300000Z,12.02
1224,20181228T155245Z,1J.TI8A.,"['CH1', 'CH2', 'CHZ']",2018-12-28T15:52:45.740000Z,5.79
1225,20181228T155420Z,1J.TI8A.,"['CH1', 'CH2', 'CHZ']",2018-12-28T15:54:20.580000Z,18.52
1226,20181228T155512Z,1J.TI8A.,"['CH1', 'CH2', 'CHZ']",2018-12-28T15:55:43.210000Z,3.37
1227,20181228T155834Z,1J.TI8A.,"['CH1', 'CH2', 'CHZ']",2018-12-28T15:58:34.270000Z,2.55
1228,20181228T155929Z,1J.TI8A.,"['CH1', 'CH2', 'CHZ']",2018-12-28T15:59:29.220000Z,4.11
1229,20181228T160014Z,1J.TI8A.,"['CH1', 'CH2', 'CHZ']",2018-12-28T16:00:14.030000Z,1.34
1230,20181228T160110Z,1J.TI8A.,"['CH1', 'CH2', 'CHZ']",2018-12-28T16:01:10.910000Z,8.37
1231,20181228T160126Z,1J.TI8A.,"['CH1', 'CH2', 'CHZ']",2018-12-28T16:01:26.040000Z,11.02
1232,20181228T160243Z,1J.TI8A.,"['CH1', 'CH2', 'CHZ']",2018-12-28T16:02:43.610000Z,16.01
1233,20181228T160334Z,1J.TI8A.,"['CH1', 'CH2', 'CHZ']",2018-12-28T16:03:34.490000Z,1.88
1234,20181228T160411Z,1J.TI8A.,"['CH1', 'CH2', 'CHZ']",2018-12-28T16:04:11.440000Z,19.91
1235,20181228T160543Z,1J.TI8A.,"['CH1', 'CH2', 'CHZ']",2018-12-28T16:05:43.510000Z,3.34
1236,20181228T160635Z,1J.TI8A.,"['CH1', 'CH2', 'CHZ']",2018-12-28T16:06:35.110000Z,2.43
1237,20181228T160659Z,1J.TI8A.,"['CH1', 'CH2', 'CHZ']",2018-12-28T16:06:59.480000Z,2.74
1238,20181228T160720Z,1J.TI8A.,"['CH1', 'CH2', 'CHZ']",2018-12-28T16:07:22.930000Z,19.43
1239,20181228T160949Z,1J.TI8A.,"['CH1', 'CH2', 'CHZ']",2018-12-28T16:09:49.660000Z,10.87
1240,20181228T161212Z,1J.TI8A.,"['CH1', 'CH2', 'CHZ']",2018-12-28T16:12:12.860000Z,6.46
1241,20181228T161404Z,1J.TI8A.,"['CH1', 'CH2', 'CHZ']",2018-12-28T16:14:04.680000Z,4.9
1242,20181228T161518Z,1J.TI8A.,"['CH1', 'CH2', 'CHZ']",2018-12-28T16:15:18.100000Z,4.78
1243,20181228T161545Z,1J.TI8A.,"['CH1', 'CH2', 'CHZ']",2018-12-28T16:15:45.790000Z,3.94
1244,20181228T161604Z,1J.TI8A.,"['CH1', 'CH2', 'CHZ']",2018-12-28T16:16:04.540000Z,1.98
1245,20181228T161654Z,1J.TI8A.,"['CH1', 'CH2', 'CHZ']",2018-12-28T16:16:54.850000Z,21.94
1246,20181228T161754Z,1J.TI8A.,"['CH1', 'CH2', 'CHZ']",2018-12-28T16:17:54.550000Z,0.89
1247,20181228T161907Z,1J.TI8A.,"['CH1', 'CH2', 'CHZ']",2018-12-28T16:19:07.810000Z,1.34
1248,20181228T161917Z,1J.TI8A.,"['CH1', 'CH2', 'CHZ']",2018-12-28T16:19:17.480000Z,1.89
1249,20181228T162003Z,1J.TI8A.,"['CH1', 'CH2', 'CHZ']",2018-12-28T16:20:03.760000Z,2.23
1250,20181228T162036Z,1J.TI8A.,"['CH1', 'CH2', 'CHZ']",2018-12-28T16:20:36.720000Z,9.71
1251,20181228T162147Z,1J.TI8A.,"['CH1', 'CH2', 'CHZ']",2018-12-28T16:21:47.430000Z,2.13
1252,20181228T162244Z,1J.TI8A.,"['CH1', 'CH2', 'CHZ']",2018-12-28T16:22:44.260000Z,4.36
1253,20181228T162409Z,1J.TI8A.,"['CH1', 'CH2', 'CHZ']",2018-12-28T16:24:09.060000Z,1.61
1254,20181228T162513Z,1J.TI8A.,"['CH1', 'CH2', 'CHZ']",2018-12-28T16:25:13.210000Z,2.61
1255,20181228T162538Z,1J.TI8A.,"['CH1', 'CH2', 'CHZ']",2018-12-28T16:25:38.280000Z,5.37
1256,20181228T162632Z,1J.TI8A.,"['CH1', 'CH2', 'CHZ']",2018-12-28T16:26:32.270000Z,2.52
1257,20181228T162743Z,1J.TI8A.,"['CH1', 'CH2', 'CHZ']",2018-12-28T16:27:43.920000Z,2.71
1258,20181228T162754Z,1J.TI8A.,"['CH1', 'CH2', 'CHZ']",2018-12-28T16:27:54.650000Z,7.89
1259,20181228T162848Z,1J.TI8A.,"['CH1', 'CH2', 'CHZ']",2018-12-28T16:28:48.200000Z,2.39
1260,20181228T162956Z,1J.TI8A.,"['CH1', 'CH2', 'CHZ']",2018-12-28T16:29:56.460000Z,3.09
1261,20181228T163111Z,1J.TI8A.,"['CH1', 'CH2', 'CHZ']",2018-12-28T16:31:11.450000Z,4.29
1262,20181228T163225Z,1J.TI8A.,"['CH1', 'CH2', 'CHZ']",2018-12-28T16:32:25.610000Z,3.56
1263,20181228T163330Z,1J.TI8A.,"['CH1', 'CH2', 'CHZ']",2018-12-28T16:33:30.380000Z,3.53
1264,20181228T163405Z,1J.TI8A.,"['CH1', 'CH2', 'CHZ']",2018-12-28T16:34:05.370000Z,0.69
1265,20181228T163422Z,1J.TI8A.,"['CH1', 'CH2', 'CHZ']",2018-12-28T16:34:22.620000Z,2.37
1266,20181228T163455Z,1J.TI8A.,"['CH1', 'CH2', 'CHZ']",2018-12-28T16:35:21.660000Z,4.66
1267,20181228T163549Z,1J.TI8A.,"['CH1', 'CH2', 'CHZ']",2018-12-28T16:35:49.330000Z,2.45
1268,20181228T163710Z,1J.TI8A.,"['CH1', 'CH2', 'CHZ']",2018-12-28T16:37:10.250000Z,1.96
1269,20181228T163916Z,1J.TI8A.,"['CH1', 'CH2', 'CHZ']",2018-12-28T16:39:16.410000Z,1.98
1270,20181228T164013Z,1J.TI8A.,"['CH1', 'CH2', 'CHZ']",2018-12-28T16:40:13.140000Z,3.24
1271,20181228T164057Z,1J.TI8A.,"['CH1', 'CH2', 'CHZ']",2018-12-28T16:40:57.750000Z,2.24
1272,20181228T164136Z,1J.TI8A.,"['CH1', 'CH2', 'CHZ']",2018-12-28T16:41:36.250000Z,1.58
1273,20181228T164208Z,1J.TI8A.,"['CH1', 'CH2', 'CHZ']",2018-12-28T16:42:08.760000Z,1.29
1274,20181228T164249Z,1J.TI8A.,"['CH1', 'CH2', 'CHZ']",2018-12-28T16:42:49.050000Z,1.34
1275,20181228T164349Z,1J.TI8A.,"['CH1', 'CH2', 'CHZ']",2018-12-28T16:43:49.680000Z,2.84
1276,20181228T164435Z,1J.TI8A.,"['CH1', 'CH2', 'CHZ']",2018-12-28T16:44:35.210000Z,2.37
1277,20181228T164516Z,1J.TI8A.,"['CH1', 'CH2', 'CHZ']",2018-12-28T16:45:16.280000Z,1.95
1278,20181228T164548Z,1J.TI8A.,"['CH1', 'CH2', 'CHZ']",2018-12-28T16:45:48.130000Z,1.24
1279,20181228T164621Z,1J.TI8A.,"['CH1', 'CH2', 'CHZ']",2018-12-28T16:46:21.800000Z,51.91
1280,20181228T164949Z,1J.TI8A.,"['CH1', 'CH2', 'CHZ']",2018-12-28T16:49:49.910000Z,5.33
1281,20181228T165029Z,1J.TI8A.,"['CH1', 'CH2', 'CHZ']",2018-12-28T16:50:29.880000Z,1.24
1282,20181228T165132Z,1J.TI8A.,"['CH1', 'CH2', 'CHZ']",2018-12-28T16:51:32.380000Z,2.94
1283,20181228T165232Z,1J.TI8A.,"['CH1', 'CH2', 'CHZ']",2018-12-28T16:52:32.730000Z,3.13
1284,20181228T165336Z,1J.TI8A.,"['CH1', 'CH2', 'CHZ']",2018-12-28T16:53:36.820000Z,3.61
1285,20181228T165432Z,1J.TI8A.,"['CH1', 'CH2', 'CHZ']",2018-12-28T16:54:32.820000Z,2.63
1286,20181228T165525Z,1J.TI8A.,"['CH1', 'CH2', 'CHZ']",2018-12-28T16:55:25.500000Z,2.62
1287,20181228T165623Z,1J.TI8A.,"['CH1', 'CH2', 'CHZ']",2018-12-28T16:56:23.300000Z,2.14
1288,20181228T165644Z,1J.TI8A.,"['CH1', 'CH2', 'CHZ']",2018-12-28T16:56:44.080000Z,4.37
1289,20181228T165706Z,1J.TI8A.,"['CH1', 'CH2', 'CHZ']",2018-12-28T16:57:06.870000Z,19.91
1290,20181228T165803Z,1J.TI8A.,"['CH1', 'CH2', 'CHZ']",2018-12-28T16:58:03.360000Z,1.4
1291,20181228T165835Z,1J.TI8A.,"['CH1', 'CH2', 'CHZ']",2018-12-28T16:58:35.440000Z,2.41
1292,20181228T165934Z,1J.TI8A.,"['CH1', 'CH2', 'CHZ']",2018-12-28T16:59:34.470000Z,6.22
1293,20181228T170047Z,1J.TI8A.,"['CH1', 'CH2', 'CHZ']",2018-12-28T17:00:47.230000Z,2.5
1294,20181228T170144Z,1J.TI8A.,"['CH1', 'CH2', 'CHZ']",2018-12-28T17:01:44.530000Z,2.62
1295,20181228T170237Z,1J.TI8A.,"['CH1', 'CH2', 'CHZ']",2018-12-28T17:02:37.190000Z,2.57
1296,20181228T170322Z,1J.TI8A.,"['CH1', 'CH2', 'CHZ']",2018-12-28T17:03:22.390000Z,2.66
1297,20181228T170424Z,1J.TI8A.,"['CH1', 'CH2', 'CHZ']",2018-12-28T17:04:24.770000Z,3.56
1298,20181228T170517Z,1J.TI8A.,"['CH1', 'CH2', 'CHZ']",2018-12-28T17:05:17.710000Z,1.63
1299,20181228T170546Z,1J.TI8A.,"['CH1', 'CH2', 'CHZ']",2018-12-28T17:06:05.190000Z,16.97
1300,20181228T170704Z,1J.TI8A.,"['CH1', 'CH2', 'CHZ']",2018-12-28T17:07:07.230000Z,5.82
1301,20181228T170733Z,1J.TI8A.,"['CH1', 'CH2', 'CHZ']",2018-12-28T17:07:33.600000Z,15.65
1302,20181228T170834Z,1J.TI8A.,"['CH1', 'CH2', 'CHZ']",2018-12-28T17:08:34.450000Z,1.02
1303,20181228T170948Z,1J.TI8A.,"['CH1', 'CH2', 'CHZ']",2018-12-28T17:09:48.470000Z,1.35
1304,20181228T171031Z,1J.TI8A.,"['CH1', 'CH2', 'CHZ']",2018-12-28T17:10:31.140000Z,1.54
1305,20181228T171959Z,1J.TI8A.,"['CH1', 'CH2', 'CHZ']",2018-12-28T17:19:59.760000Z,2.16
1306,20181228T172404Z,1J.TI8A.,"['CH1', 'CH2', 'CHZ']",2018-12-28T17:24:04.320000Z,5.74
1307,20181228T172932Z,1J.TI8A.,"['CH1', 'CH2', 'CHZ']",2018-12-28T17:29:32.460000Z,2.9
1308,20181228T173425Z,1J.TI8A.,"['CH1', 'CH2', 'CHZ']",2018-12-28T17:34:25.890000Z,4.8
1309,20181228T173646Z,1J.TI8A.,"['CH1', 'CH2', 'CHZ']",2018-12-28T17:36:46.600000Z,2.0
1310,20181228T173710Z,1J.TI8A.,"['CH1', 'CH2', 'CHZ']",2018-12-28T17:37:10.660000Z,1.83
1311,20181228T174950Z,1J.TI8A.,"['CH1', 'CH2', 'CHZ']",2018-12-28T17:49:50.160000Z,3.43
1312,20181228T180104Z,1J.TI8A.,"['CH1', 'CH2', 'CHZ']",2018-12-28T18:01:04.640000Z,2.84
1313,20181228T180325Z,1J.TI8A.,"['CH1', 'CH2', 'CHZ']",2018-12-28T18:03:25.960000Z,3.01
1314,20181228T180508Z,1J.TI8A.,"['CH1', 'CH2', 'CHZ']",2018-12-28T18:05:10.360000Z,11.14
1315,20181228T180642Z,1J.TI8A.,"['CH1', 'CH2', 'CHZ']",2018-12-28T18:06:42.170000Z,2.55
1316,20181228T180829Z,1J.TI8A.,"['CH1', 'CH2', 'CHZ']",2018-12-28T18:08:29.290000Z,2.78
1317,20181228T180918Z,1J.TI8A.,"['CH1', 'CH2', 'CHZ']",2018-12-28T18:09:18.710000Z,2.43
1318,20181228T181003Z,1J.TI8A.,"['CH1', 'CH2', 'CHZ']",2018-12-28T18:10:03.730000Z,1.99
1319,20181228T181116Z,1J.TI8A.,"['CH1', 'CH2', 'CHZ']",2018-12-28T18:11:16.180000Z,2.86
1320,20181228T181231Z,1J.TI8A.,"['CH1', 'CH2', 'CHZ']",2018-12-28T18:12:31.380000Z,2.25
1321,20181228T181345Z,1J.TI8A.,"['CH1', 'CH2', 'CHZ']",2018-12-28T18:13:45.850000Z,1.18
1322,20181228T181457Z,1J.TI8A.,"['CH1', 'CH2', 'CHZ']",2018-12-28T18:14:57.150000Z,1.56
1323,20181228T181605Z,1J.TI8A.,"['CH1', 'CH2', 'CHZ']",2018-12-28T18:16:05.970000Z,3.26
1324,20181228T181707Z,1J.TI8A.,"['CH1', 'CH2', 'CHZ']",2018-12-28T18:17:07.630000Z,4.63
1325,20181228T181810Z,1J.TI8A.,"['CH1', 'CH2', 'CHZ']",2018-12-28T18:18:10.190000Z,1.48
1326,20181228T181930Z,1J.TI8A.,"['CH1', 'CH2', 'CHZ']",2018-12-28T18:19:30.460000Z,3.42
1327,20181228T182040Z,1J.TI8A.,"['CH1', 'CH2', 'CHZ']",2018-12-28T18:20:40.230000Z,1.81
1328,20181228T182108Z,1J.TI8A.,"['CH1', 'CH2', 'CHZ']",2018-12-28T18:21:08.040000Z,1.28
1329,20181228T182152Z,1J.TI8A.,"['CH1', 'CH2', 'CHZ']",2018-12-28T18:21:54.010000Z,5.2
1330,20181228T182313Z,1J.TI8A.,"['CH1', 'CH2', 'CHZ']",2018-12-28T18:23:13.390000Z,2.5
1331,20181228T182344Z,1J.TI8A.,"['CH1', 'CH2', 'CHZ']",2018-12-28T18:23:46.100000Z,51.39
1332,20181228T182600Z,1J.TI8A.,"['CH1', 'CH2', 'CHZ']",2018-12-28T18:26:00.680000Z,1.78
1333,20181228T182646Z,1J.TI8A.,"['CH1', 'CH2', 'CHZ']",2018-12-28T18:26:46.590000Z,0.98
1334,20181228T182714Z,1J.TI8A.,"['CH1', 'CH2', 'CHZ']",2018-12-28T18:27:14.570000Z,2.44
1335,20181228T182749Z,1J.TI8A.,"['CH1', 'CH2', 'CHZ']",2018-12-28T18:27:49.420000Z,1.55
1336,20181228T182838Z,1J.TI8A.,"['CH1', 'CH2', 'CHZ']",2018-12-28T18:28:38.530000Z,3.83
1337,20181228T182854Z,1J.TI8A.,"['CH1', 'CH2', 'CHZ']",2018-12-28T18:28:54.220000Z,1.36
1338,20181228T182946Z,1J.TI8A.,"['CH1', 'CH2', 'CHZ']",2018-12-28T18:29:46.360000Z,4.6
1339,20181228T183055Z,1J.TI8A.,"['CH1', 'CH2', 'CHZ']",2018-12-28T18:30:55.910000Z,2.74
1340,20181228T183110Z,1J.TI8A.,"['CH1', 'CH2', 'CHZ']",2018-12-28T18:31:10.820000Z,3.47
1341,20181228T183150Z,1J.TI8A.,"['CH1', 'CH2', 'CHZ']",2018-12-28T18:31:50.940000Z,2.14
1342,20181228T183235Z,1J.TI8A.,"['CH1', 'CH2', 'CHZ']",2018-12-28T18:32:35.820000Z,3.8
1343,20181228T183335Z,1J.TI8A.,"['CH1', 'CH2', 'CHZ']",2018-12-28T18:33:35.030000Z,2.99
1344,20181228T183354Z,1J.TI8A.,"['CH1', 'CH2', 'CHZ']",2018-12-28T18:33:54.340000Z,6.13
1345,20181228T183418Z,1J.TI8A.,"['CH1', 'CH2', 'CHZ']",2018-12-28T18:34:23.130000Z,11.71
1346,20181228T183454Z,1J.TI8A.,"['CH1', 'CH2', 'CHZ']",2018-12-28T18:34:54.430000Z,1.24
1347,20181228T183601Z,1J.TI8A.,"['CH1', 'CH2', 'CHZ']",2018-12-28T18:36:01.310000Z,1.75
1348,20181228T183612Z,1J.TI8A.,"['CH1', 'CH2', 'CHZ']",2018-12-28T18:36:12.910000Z,2.41
1349,20181228T183701Z,1J.TI8A.,"['CH1', 'CH2', 'CHZ']",2018-12-28T18:37:01.270000Z,2.23
1350,20181228T183718Z,1J.TI8A.,"['CH1', 'CH2', 'CHZ']",2018-12-28T18:37:18.000000Z,2.72
1351,20181228T183812Z,1J.TI8A.,"['CH1', 'CH2', 'CHZ']",2018-12-28T18:38:12.610000Z,2.49
1352,20181228T183834Z,1J.TI8A.,"['CH1', 'CH2', 'CHZ']",2018-12-28T18:38:34.140000Z,3.58
1353,20181228T183911Z,1J.TI8A.,"['CH1', 'CH2', 'CHZ']",2018-12-28T18:39:11.290000Z,1.51
1354,20181228T183948Z,1J.TI8A.,"['CH1', 'CH2', 'CHZ']",2018-12-28T18:39:48.950000Z,3.02
1355,20181228T184035Z,1J.TI8A.,"['CH1', 'CH2', 'CHZ']",2018-12-28T18:40:35.350000Z,2.32
1356,20181228T184111Z,1J.TI8A.,"['CH1', 'CH2', 'CHZ']",2018-12-28T18:41:11.670000Z,4.62
1357,20181228T184132Z,1J.TI8A.,"['CH1', 'CH2', 'CHZ']",2018-12-28T18:41:32.110000Z,1.27
1358,20181228T184215Z,1J.TI8A.,"['CH1', 'CH2', 'CHZ']",2018-12-28T18:42:17.730000Z,12.81
1359,20181228T184314Z,1J.TI8A.,"['CH1', 'CH2', 'CHZ']",2018-12-28T18:43:14.910000Z,1.08
1360,20181228T184334Z,1J.TI8A.,"['CH1', 'CH2', 'CHZ']",2018-12-28T18:43:34.690000Z,2.65
1361,20181228T184415Z,1J.TI8A.,"['CH1', 'CH2', 'CHZ']",2018-12-28T18:44:15.670000Z,2.42
1362,20181228T184448Z,1J.TI8A.,"['CH1', 'CH2', 'CHZ']",2018-12-28T18:44:48.770000Z,3.56
1363,20181228T184514Z,1J.TI8A.,"['CH1', 'CH2', 'CHZ']",2018-12-28T18:45:14.130000Z,1.66
1364,20181228T184549Z,1J.TI8A.,"['CH1', 'CH2', 'CHZ']",2018-12-28T18:45:49.690000Z,1.14
1365,20181228T184608Z,1J.TI8A.,"['CH1', 'CH2', 'CHZ']",2018-12-28T18:46:08.360000Z,3.38
1366,20181228T184622Z,1J.TI8A.,"['CH1', 'CH2', 'CHZ']",2018-12-28T18:46:22.420000Z,1.58
1367,20181228T184720Z,1J.TI8A.,"['CH1', 'CH2', 'CHZ']",2018-12-28T18:47:25.890000Z,2.68
1368,20181228T184838Z,1J.TI8A.,"['CH1', 'CH2', 'CHZ']",2018-12-28T18:48:38.800000Z,6.01
1369,20181228T184950Z,1J.TI8A.,"['CH1', 'CH2', 'CHZ']",2018-12-28T18:49:50.340000Z,2.69
1370,20181228T185058Z,1J.TI8A.,"['CH1', 'CH2', 'CHZ']",2018-12-28T18:51:02.500000Z,10.16
1371,20181228T185336Z,1J.TI8A.,"['CH1', 'CH2', 'CHZ']",2018-12-28T18:53:36.870000Z,1.15
1372,20181228T185448Z,1J.TI8A.,"['CH1', 'CH2', 'CHZ']",2018-12-28T18:54:48.520000Z,2.72
1373,20181228T185600Z,1J.TI8A.,"['CH1', 'CH2', 'CHZ']",2018-12-28T18:56:00.090000Z,1.37
1374,20181228T185730Z,1J.TI8A.,"['CH1', 'CH2', 'CHZ']",2018-12-28T18:57:30.670000Z,15.1
1375,20181228T190015Z,1J.TI8A.,"['CH1', 'CH2', 'CHZ']",2018-12-28T19:00:15.260000Z,0.75
1376,20181228T190145Z,1J.TI8A.,"['CH1', 'CH2', 'CHZ']",2018-12-28T19:01:45.000000Z,1.14
1377,20181228T190524Z,1J.TI8A.,"['CH1', 'CH2', 'CHZ']",2018-12-28T19:05:24.430000Z,1.29
1378,20181228T190635Z,1J.TI8A.,"['CH1', 'CH2', 'CHZ']",2018-12-28T19:06:35.560000Z,0.76
1379,20181228T192130Z,1J.TI8A.,"['CH1', 'CH2', 'CHZ']",2018-12-28T19:21:30.510000Z,1.25
1380,20181228T192356Z,1J.TI8A.,"['CH1', 'CH2', 'CHZ']",2018-12-28T19:24:16.050000Z,19.63
1381,20181228T194009Z,1J.TI8A.,"['CH1', 'CH2', 'CHZ']",2018-12-28T19:40:09.280000Z,8.17
1382,20181228T195708Z,1J.TI8A.,"['CH1', 'CH2', 'CHZ']",2018-12-28T19:57:08.200000Z,4.04
1383,20181228T200110Z,1J.TI8A.,"['CH1', 'CH2', 'CHZ']",2018-12-28T20:01:25.000000Z,7.09
1384,20181228T200344Z,1J.TI8A.,"['CH1', 'CH2', 'CHZ']",2018-12-28T20:03:50.020000Z,10.97
1385,20181228T202632Z,1J.TI8A.,"['CH1', 'CH2', 'CHZ']",2018-12-28T20:26:37.650000Z,9.4
1386,20181228T203725Z,1J.TI8A.,"['CH1', 'CH2', 'CHZ']",2018-12-28T20:38:15.260000Z,21.71
1387,20181228T205054Z,1J.TI8A.,"['CH1', 'CH2', 'CHZ']",2018-12-28T20:50:54.150000Z,6.27
1388,20181228T205620Z,1J.TI8A.,"['CH1', 'CH2', 'CHZ']",2018-12-28T20:56:20.230000Z,2.37
1389,20181228T212124Z,1J.TI8A.,"['CH1', 'CH2', 'CHZ']",2018-12-28T21:21:26.970000Z,22.29
1390,20181228T213828Z,1J.TI8A.,"['CH1', 'CH2', 'CHZ']",2018-12-28T21:38:28.980000Z,21.15
1391,20181228T214458Z,1J.TI8A.,"['CH1', 'CH2', 'CHZ']",2018-12-28T21:45:01.690000Z,7.53
1392,20181228T215340Z,1J.TI8A.,"['CH1', 'CH2', 'CHZ']",2018-12-28T21:53:40.770000Z,1.42
1393,20181228T215750Z,1J.TI8A.,"['CH1', 'CH2', 'CHZ']",2018-12-28T21:57:50.140000Z,2.38
1394,20181228T220105Z,1J.TI8A.,"['CH1', 'CH2', 'CHZ']",2018-12-28T22:01:05.940000Z,26.58
1395,20181228T221528Z,1J.TI8A.,"['CH1', 'CH2', 'CHZ']",2018-12-28T22:15:28.930000Z,2.37
1396,20181228T222433Z,1J.TI8A.,"['CH1', 'CH2', 'CHZ']",2018-12-28T22:24:33.290000Z,1.65
1397,20181228T223506Z,1J.TI8A.,"['CH1', 'CH2', 'CHZ']",2018-12-28T22:35:06.190000Z,3.58
1398,20181228T223733Z,1J.TI8A.,"['CH1', 'CH2', 'CHZ']",2018-12-28T22:38:02.190000Z,12.29
1399,20181228T230906Z,1J.TI8A.,"['CH1', 'CH2', 'CHZ']",2018-12-28T23:09:06.490000Z,1.87
1400,20181228T231004Z,1J.TI8A.,"['CH1', 'CH2', 'CHZ']",2018-12-28T23:10:04.400000Z,1.29
1401,20181228T231048Z,1J.TI8A.,"['CH1', 'CH2', 'CHZ']",2018-12-28T23:10:48.140000Z,1.26
1402,20181228T231120Z,1J.TI8A.,"['CH1', 'CH2', 'CHZ']",2018-12-28T23:11:20.860000Z,1.0
1403,20181228T231201Z,1J.TI8A.,"['CH1', 'CH2', 'CHZ']",2018-12-28T23:12:01.690000Z,1.37
1404,20181228T231209Z,1J.TI8A.,"['CH1', 'CH2', 'CHZ']",2018-12-28T23:12:10.570000Z,11.73
1405,20181228T231251Z,1J.TI8A.,"['CH1', 'CH2', 'CHZ']",2018-12-28T23:12:51.820000Z,1.54
1406,20181228T231337Z,1J.TI8A.,"['CH1', 'CH2', 'CHZ']",2018-12-28T23:13:37.110000Z,1.3
1407,20181228T231420Z,1J.TI8A.,"['CH1', 'CH2', 'CHZ']",2018-12-28T23:14:20.200000Z,23.14
1408,20181228T231550Z,1J.TI8A.,"['CH1', 'CH2', 'CHZ']",2018-12-28T23:15:50.920000Z,1.19
1409,20181228T231635Z,1J.TI8A.,"['CH1', 'CH2', 'CHZ']",2018-12-28T23:16:35.860000Z,1.14
1410,20181228T231720Z,1J.TI8A.,"['CH1', 'CH2', 'CHZ']",2018-12-28T23:17:20.080000Z,1.33
1411,20181228T231739Z,1J.TI8A.,"['CH1', 'CH2', 'CHZ']",2018-12-28T23:17:39.470000Z,1.62
1412,20181228T231950Z,1J.TI8A.,"['CH1', 'CH2', 'CHZ']",2018-12-28T23:19:50.260000Z,6.22
1413,20181228T232103Z,1J.TI8A.,"['CH1', 'CH2', 'CHZ']",2018-12-28T23:21:07.820000Z,1.07
1414,20181228T232150Z,1J.TI8A.,"['CH1', 'CH2', 'CHZ']",2018-12-28T23:21:50.670000Z,2.13
1415,20181228T232231Z,1J.TI8A.,"['CH1', 'CH2', 'CHZ']",2018-12-28T23:22:31.200000Z,53.78
1416,20181228T232419Z,1J.TI8A.,"['CH1', 'CH2', 'CHZ']",2018-12-28T23:24:19.890000Z,0.91
1417,20181228T232649Z,1J.TI8A.,"['CH1', 'CH2', 'CHZ']",2018-12-28T23:26:49.970000Z,0.98
1418,20181228T232733Z,1J.TI8A.,"['CH1', 'CH2', 'CHZ']",2018-12-28T23:27:33.370000Z,0.94
1419,20181228T232906Z,1J.TI8A.,"['CH1', 'CH2', 'CHZ']",2018-12-28T23:29:06.430000Z,0.66
1420,20181228T232950Z,1J.TI8A.,"['CH1', 'CH2', 'CHZ']",2018-12-28T23:29:50.870000Z,1.57
1421,20181228T233035Z,1J.TI8A.,"['CH1', 'CH2', 'CHZ']",2018-12-28T23:30:35.650000Z,2.16
1422,20181228T233113Z,1J.TI8A.,"['CH1', 'CH2', 'CHZ']",2018-12-28T23:31:13.540000Z,26.76
1423,20181228T233256Z,1J.TI8A.,"['CH1', 'CH2', 'CHZ']",2018-12-28T23:32:56.550000Z,0.8
1424,20181228T233323Z,1J.TI8A.,"['CH1', 'CH2', 'CHZ']",2018-12-28T23:33:23.040000Z,2.3
1425,20181228T233330Z,1J.TI8A.,"['CH1', 'CH2', 'CHZ']",2018-12-28T23:33:30.510000Z,0.97
1426,20181228T233355Z,1J.TI8A.,"['CH1', 'CH2', 'CHZ']",2018-12-28T23:33:55.150000Z,0.95
1427,20181228T233615Z,1J.TI8A.,"['CH1', 'CH2', 'CHZ']",2018-12-28T23:36:15.780000Z,1.56
1428,20181228T233658Z,1J.TI8A.,"['CH1', 'CH2', 'CHZ']",2018-12-28T23:36:58.120000Z,0.83
1429,20181228T233751Z,1J.TI8A.,"['CH1', 'CH2', 'CHZ']",2018-12-28T23:37:51.020000Z,1.13
1430,20181228T234256Z,1J.TI8A.,"['CH1', 'CH2', 'CHZ']",2018-12-28T23:42:56.090000Z,1.07
1431,20181228T234319Z,1J.TI8A.,"['CH1', 'CH2', 'CHZ']",2018-12-28T23:43:19.750000Z,20.39
1432,20181228T235340Z,1J.TI8A.,"['CH1', 'CH2', 'CHZ']",2018-12-28T23:53:53.530000Z,0.78
1433,20181228T235947Z,1J.TI8A.,"['CH1', 'CH2', 'CHZ']",2018-12-28T23:59:47.210000Z,1.66
1434,20181228T005037Z,1J.TI6A.,"['CH1', 'CH2', 'CHZ']",2018-12-28T00:50:40.320000Z,5.04
1435,20181228T010053Z,1J.TI6A.,"['CH1', 'CH2', 'CHZ']",2018-12-28T01:01:00.130000Z,14.92
1436,20181228T014454Z,1J.TI6A.,"['CH1', 'CH2', 'CHZ']",2018-12-28T01:45:08.650000Z,15.85
1437,20181228T020234Z,1J.TI6A.,"['CH1', 'CH2', 'CHZ']",2018-12-28T02:02:34.750000Z,2.26
1438,20181228T020621Z,1J.TI6A.,"['CH1', 'CH2', 'CHZ']",2018-12-28T02:06:40.180000Z,3.38
1439,20181228T021922Z,1J.TI6A.,"['CH1', 'CH2', 'CHZ']",2018-12-28T02:19:22.460000Z,2.59
1440,20181228T024228Z,1J.TI6A.,"['CH1', 'CH2', 'CHZ']",2018-12-28T02:42:49.310000Z,5.3
1441,20181228T024840Z,1J.TI6A.,"['CH1', 'CH2', 'CHZ']",2018-12-28T02:49:12.020000Z,14.37
1442,20181228T030433Z,1J.TI6A.,"['CH1', 'CH2', 'CHZ']",2018-12-28T03:04:45.510000Z,20.14
1443,20181228T030830Z,1J.TI6A.,"['CH1', 'CH2', 'CHZ']",2018-12-28T03:08:32.420000Z,20.27
1444,20181228T031307Z,1J.TI6A.,"['CH1', 'CH2', 'CHZ']",2018-12-28T03:13:11.600000Z,1.04
1445,20181228T031518Z,1J.TI6A.,"['CH1', 'CH2', 'CHZ']",2018-12-28T03:15:34.490000Z,17.13
1446,20181228T031741Z,1J.TI6A.,"['CH1', 'CH2', 'CHZ']",2018-12-28T03:17:45.290000Z,6.07
1447,20181228T040437Z,1J.TI6A.,"['CH1', 'CH2', 'CHZ']",2018-12-28T04:04:37.090000Z,2.15
1448,20181228T042730Z,1J.TI6A.,"['CH1', 'CH2', 'CHZ']",2018-12-28T04:27:30.220000Z,1.42
1449,20181228T050442Z,1J.TI6A.,"['CH1', 'CH2', 'CHZ']",2018-12-28T05:04:47.330000Z,8.88
1450,20181228T054704Z,1J.TI6A.,"['CH1', 'CH2', 'CHZ']",2018-12-28T05:47:36.710000Z,13.12
1451,20181228T055249Z,1J.TI6A.,"['CH1', 'CH2', 'CHZ']",2018-12-28T05:52:49.600000Z,10.73
1452,20181228T062525Z,1J.TI6A.,"['CH1', 'CH2', 'CHZ']",2018-12-28T06:25:30.260000Z,40.75
1453,20181228T063437Z,1J.TI6A.,"['CH1', 'CH2', 'CHZ']",2018-12-28T06:34:37.090000Z,3.48
1454,20181228T081220Z,1J.TI6A.,"['CH1', 'CH2', 'CHZ']",2018-12-28T08:12:28.010000Z,20.99
1455,20181228T082109Z,1J.TI6A.,"['CH1', 'CH2', 'CHZ']",2018-12-28T08:21:49.100000Z,18.52
1456,20181228T084314Z,1J.TI6A.,"['CH1', 'CH2', 'CHZ']",2018-12-28T08:43:18.560000Z,7.67
1457,20181228T085618Z,1J.TI6A.,"['CH1', 'CH2', 'CHZ']",2018-12-28T08:56:21.460000Z,1.24
1458,20181228T092530Z,1J.TI6A.,"['CH1', 'CH2', 'CHZ']",2018-12-28T09:25:34.280000Z,12.44
1459,20181228T094824Z,1J.TI6A.,"['CH1', 'CH2', 'CHZ']",2018-12-28T09:48:24.110000Z,14.26
1460,20181228T095201Z,1J.TI6A.,"['CH1', 'CH2', 'CHZ']",2018-12-28T09:52:31.390000Z,9.65
1461,20181228T095331Z,1J.TI6A.,"['CH1', 'CH2', 'CHZ']",2018-12-28T09:53:36.140000Z,1.33
1462,20181228T095957Z,1J.TI6A.,"['CH1', 'CH2', 'CHZ']",2018-12-28T10:00:00.330000Z,18.94
1463,20181228T100548Z,1J.TI6A.,"['CH1', 'CH2', 'CHZ']",2018-12-28T10:05:53.200000Z,1.64
1464,20181228T100746Z,1J.TI6A.,"['CH1', 'CH2', 'CHZ']",2018-12-28T10:07:49.370000Z,14.61
1465,20181228T101748Z,1J.TI6A.,"['CH1', 'CH2', 'CHZ']",2018-12-28T10:17:54.320000Z,7.5
1466,20181228T101912Z,1J.TI6A.,"['CH1', 'CH2', 'CHZ']",2018-12-28T10:19:43.750000Z,12.97
1467,20181228T102116Z,1J.TI6A.,"['CH1', 'CH2', 'CHZ']",2018-12-28T10:21:48.240000Z,18.01
1468,20181228T105357Z,1J.TI6A.,"['CH1', 'CH2', 'CHZ']",2018-12-28T10:53:57.930000Z,18.39
1469,20181228T105509Z,1J.TI6A.,"['CH1', 'CH2', 'CHZ']",2018-12-28T10:55:15.730000Z,3.39
1470,20181228T114919Z,1J.TI6A.,"['CH1', 'CH2', 'CHZ']",2018-12-28T11:49:47.900000Z,20.14
1471,20181228T115457Z,1J.TI6A.,"['CH1', 'CH2', 'CHZ']",2018-12-28T11:55:00.900000Z,6.48
1472,20181228T115917Z,1J.TI6A.,"['CH1', 'CH2', 'CHZ']",2018-12-28T11:59:18.060000Z,13.5
1473,20181228T122211Z,1J.TI6A.,"['CH1', 'CH2', 'CHZ']",2018-12-28T12:22:11.150000Z,1.15
1474,20181228T122818Z,1J.TI6A.,"['CH1', 'CH2', 'CHZ']",2018-12-28T12:28:23.620000Z,24.22
1475,20181228T131053Z,1J.TI6A.,"['CH1', 'CH2', 'CHZ']",2018-12-28T13:10:57.050000Z,11.46
1476,20181228T160720Z,1J.TI6A.,"['CH1', 'CH2', 'CHZ']",2018-12-28T16:07:22.100000Z,15.13
1477,20181228T164621Z,1J.TI6A.,"['CH1', 'CH2', 'CHZ']",2018-12-28T16:46:50.400000Z,17.36
1478,20181228T182344Z,1J.TI6A.,"['CH1', 'CH2', 'CHZ']",2018-12-28T18:24:16.220000Z,16.51
1479,20181228T202632Z,1J.TI6A.,"['CH1', 'CH2', 'CHZ']",2018-12-28T20:26:36.090000Z,6.46
1480,20181228T212124Z,1J.TI6A.,"['CH1', 'CH2', 'CHZ']",2018-12-28T21:21:25.410000Z,22.42
1481,20181228T213828Z,1J.TI6A.,"['CH1', 'CH2', 'CHZ']",2018-12-28T21:38:34.850000Z,3.19
1482,20181228T223733Z,1J.TI6A.,"['CH1', 'CH2', 'CHZ']",2018-12-28T22:38:00.660000Z,10.12
1483,20181228T232231Z,1J.TI6A.,"['CH1', 'CH2', 'CHZ']",2018-12-28T23:23:03.850000Z,16.17
1484,20181228T000206Z,1J.TI1A.,"['CH1', 'CH2', 'CHZ']",2018-12-28T00:02:23.000000Z,0.95
1485,20181228T000303Z,1J.TI1A.,"['CH1', 'CH2', 'CHZ']",2018-12-28T00:03:03.210000Z,1.32
1486,20181228T000344Z,1J.TI1A.,"['CH1', 'CH2', 'CHZ']",2018-12-28T00:03:44.600000Z,13.32
1487,20181228T000728Z,1J.TI1A.,"['CH1', 'CH2', 'CHZ']",2018-12-28T00:07:28.080000Z,1.98
1488,20181228T000923Z,1J.TI1A.,"['CH1', 'CH2', 'CHZ']",2018-12-28T00:09:23.810000Z,1.18
1489,20181228T001313Z,1J.TI1A.,"['CH1', 'CH2', 'CHZ']",2018-12-28T00:13:18.980000Z,3.36
1490,20181228T001432Z,1J.TI1A.,"['CH1', 'CH2', 'CHZ']",2018-12-28T00:14:32.270000Z,1.42
1491,20181228T001457Z,1J.TI1A.,"['CH1', 'CH2', 'CHZ']",2018-12-28T00:14:57.980000Z,2.83
1492,20181228T001550Z,1J.TI1A.,"['CH1', 'CH2', 'CHZ']",2018-12-28T00:15:50.690000Z,0.91
1493,20181228T001803Z,1J.TI1A.,"['CH1', 'CH2', 'CHZ']",2018-12-28T00:18:03.230000Z,1.76
1494,20181228T002521Z,1J.TI1A.,"['CH1', 'CH2', 'CHZ']",2018-12-28T00:25:25.070000Z,6.71
1495,20181228T002542Z,1J.TI1A.,"['CH1', 'CH2', 'CHZ']",2018-12-28T00:25:42.170000Z,18.29
1496,20181228T002701Z,1J.TI1A.,"['CH1', 'CH2', 'CHZ']",2018-12-28T00:27:01.470000Z,1.62
1497,20181228T002724Z,1J.TI1A.,"['CH1', 'CH2', 'CHZ']",2018-12-28T00:27:24.960000Z,1.6
1498,20181228T003144Z,1J.TI1A.,"['CH1', 'CH2', 'CHZ']",2018-12-28T00:31:44.510000Z,2.14
1499,20181228T003421Z,1J.TI1A.,"['CH1', 'CH2', 'CHZ']",2018-12-28T00:34:21.550000Z,2.56
1500,20181228T003649Z,1J.TI1A.,"['CH1', 'CH2', 'CHZ']",2018-12-28T00:36:49.510000Z,1.28
1501,20181228T003748Z,1J.TI1A.,"['CH1', 'CH2', 'CHZ']",2018-12-28T00:37:48.250000Z,1.19
1502,20181228T003819Z,1J.TI1A.,"['CH1', 'CH2', 'CHZ']",2018-12-28T00:38:19.080000Z,2.23
1503,20181228T003853Z,1J.TI1A.,"['CH1', 'CH2', 'CHZ']",2018-12-28T00:38:56.760000Z,7.17
1504,20181228T004006Z,1J.TI1A.,"['CH1', 'CH2', 'CHZ']",2018-12-28T00:40:06.360000Z,1.62
1505,20181228T004433Z,1J.TI1A.,"['CH1', 'CH2', 'CHZ']",2018-12-28T00:44:33.230000Z,1.77
1506,20181228T005510Z,1J.TI1A.,"['CH1', 'CH2', 'CHZ']",2018-12-28T00:55:10.400000Z,16.98
1507,20181228T005643Z,1J.TI1A.,"['CH1', 'CH2', 'CHZ']",2018-12-28T00:56:43.310000Z,1.06
1508,20181228T010053Z,1J.TI1A.,"['CH1', 'CH2', 'CHZ']",2018-12-28T01:00:53.420000Z,16.7
1509,20181228T010244Z,1J.TI1A.,"['CH1', 'CH2', 'CHZ']",2018-12-28T01:02:44.020000Z,1.1
1510,20181228T010326Z,1J.TI1A.,"['CH1', 'CH2', 'CHZ']",2018-12-28T01:03:26.890000Z,7.61
1511,20181228T010422Z,1J.TI1A.,"['CH1', 'CH2', 'CHZ']",2018-12-28T01:04:22.830000Z,1.55
1512,20181228T010434Z,1J.TI1A.,"['CH1', 'CH2', 'CHZ']",2018-12-28T01:04:34.940000Z,1.14
1513,20181228T010815Z,1J.TI1A.,"['CH1', 'CH2', 'CHZ']",2018-12-28T01:08:15.340000Z,2.53
1514,20181228T011154Z,1J.TI1A.,"['CH1', 'CH2', 'CHZ']",2018-12-28T01:11:54.540000Z,7.07
1515,20181228T011512Z,1J.TI1A.,"['CH1', 'CH2', 'CHZ']",2018-12-28T01:15:12.290000Z,0.81
1516,20181228T011733Z,1J.TI1A.,"['CH1', 'CH2', 'CHZ']",2018-12-28T01:17:33.100000Z,0.98
1517,20181228T011918Z,1J.TI1A.,"['CH1', 'CH2', 'CHZ']",2018-12-28T01:19:18.100000Z,2.22
1518,20181228T011945Z,1J.TI1A.,"['CH1', 'CH2', 'CHZ']",2018-12-28T01:19:45.960000Z,9.88
1519,20181228T012330Z,1J.TI1A.,"['CH1', 'CH2', 'CHZ']",2018-12-28T01:23:30.030000Z,2.24
1520,20181228T012349Z,1J.TI1A.,"['CH1', 'CH2', 'CHZ']",2018-12-28T01:23:49.680000Z,3.61
1521,20181228T012636Z,1J.TI1A.,"['CH1', 'CH2', 'CHZ']",2018-12-28T01:26:36.120000Z,2.63
1522,20181228T012820Z,1J.TI1A.,"['CH1', 'CH2', 'CHZ']",2018-12-28T01:28:20.290000Z,2.51
1523,20181228T012937Z,1J.TI1A.,"['CH1', 'CH2', 'CHZ']",2018-12-28T01:29:37.700000Z,1.03
1524,20181228T012953Z,1J.TI1A.,"['CH1', 'CH2', 'CHZ']",2018-12-28T01:29:53.610000Z,9.15
1525,20181228T013347Z,1J.TI1A.,"['CH1', 'CH2', 'CHZ']",2018-12-28T01:33:47.910000Z,2.17
1526,20181228T013411Z,1J.TI1A.,"['CH1', 'CH2', 'CHZ']",2018-12-28T01:34:11.420000Z,2.23
1527,20181228T013436Z,1J.TI1A.,"['CH1', 'CH2', 'CHZ']",2018-12-28T01:34:36.780000Z,1.25
1528,20181228T013455Z,1J.TI1A.,"['CH1', 'CH2', 'CHZ']",2018-12-28T01:34:55.730000Z,1.84
1529,20181228T013626Z,1J.TI1A.,"['CH1', 'CH2', 'CHZ']",2018-12-28T01:36:26.320000Z,0.88
1530,20181228T013640Z,1J.TI1A.,"['CH1', 'CH2', 'CHZ']",2018-12-28T01:36:41.530000Z,2.96
1531,20181228T013910Z,1J.TI1A.,"['CH1', 'CH2', 'CHZ']",2018-12-28T01:39:10.170000Z,7.02
1532,20181228T014004Z,1J.TI1A.,"['CH1', 'CH2', 'CHZ']",2018-12-28T01:40:04.090000Z,1.02
1533,20181228T014138Z,1J.TI1A.,"['CH1', 'CH2', 'CHZ']",2018-12-28T01:41:38.640000Z,1.08
1534,20181228T014428Z,1J.TI1A.,"['CH1', 'CH2', 'CHZ']",2018-12-28T01:44:28.360000Z,18.52
1535,20181228T014617Z,1J.TI1A.,"['CH1', 'CH2', 'CHZ']",2018-12-28T01:46:17.920000Z,0.82
1536,20181228T014750Z,1J.TI1A.,"['CH1', 'CH2', 'CHZ']",2018-12-28T01:47:51.880000Z,2.6
1537,20181228T014812Z,1J.TI1A.,"['CH1', 'CH2', 'CHZ']",2018-12-28T01:48:12.350000Z,1.88
1538,20181228T014908Z,1J.TI1A.,"['CH1', 'CH2', 'CHZ']",2018-12-28T01:49:10.920000Z,2.42
1539,20181228T015615Z,1J.TI1A.,"['CH1', 'CH2', 'CHZ']",2018-12-28T01:56:15.630000Z,6.46
1540,20181228T015637Z,1J.TI1A.,"['CH1', 'CH2', 'CHZ']",2018-12-28T01:56:37.220000Z,4.25
1541,20181228T015856Z,1J.TI1A.,"['CH1', 'CH2', 'CHZ']",2018-12-28T01:58:56.820000Z,3.7
1542,20181228T020020Z,1J.TI1A.,"['CH1', 'CH2', 'CHZ']",2018-12-28T02:00:20.890000Z,25.84
1543,20181228T020356Z,1J.TI1A.,"['CH1', 'CH2', 'CHZ']",2018-12-28T02:03:56.910000Z,2.98
1544,20181228T020653Z,1J.TI1A.,"['CH1', 'CH2', 'CHZ']",2018-12-28T02:06:53.640000Z,12.22
1545,20181228T021438Z,1J.TI1A.,"['CH1', 'CH2', 'CHZ']",2018-12-28T02:14:40.110000Z,3.45
1546,20181228T021525Z,1J.TI1A.,"['CH1', 'CH2', 'CHZ']",2018-12-28T02:15:25.770000Z,4.29
1547,20181228T021607Z,1J.TI1A.,"['CH1', 'CH2', 'CHZ']",2018-12-28T02:16:08.310000Z,2.36
1548,20181228T022906Z,1J.TI1A.,"['CH1', 'CH2', 'CHZ']",2018-12-28T02:29:06.300000Z,19.19
1549,20181228T023004Z,1J.TI1A.,"['CH1', 'CH2', 'CHZ']",2018-12-28T02:30:04.890000Z,1.57
1550,20181228T024840Z,1J.TI1A.,"['CH1', 'CH2', 'CHZ']",2018-12-28T02:49:14.330000Z,15.67
1551,20181228T030433Z,1J.TI1A.,"['CH1', 'CH2', 'CHZ']",2018-12-28T03:04:34.430000Z,32.93
1552,20181228T030657Z,1J.TI1A.,"['CH1', 'CH2', 'CHZ']",2018-12-28T03:06:57.120000Z,3.38
1553,20181228T030830Z,1J.TI1A.,"['CH1', 'CH2', 'CHZ']",2018-12-28T03:08:34.960000Z,18.67
1554,20181228T031126Z,1J.TI1A.,"['CH1', 'CH2', 'CHZ']",2018-12-28T03:11:26.660000Z,13.68
1555,20181228T031422Z,1J.TI1A.,"['CH1', 'CH2', 'CHZ']",2018-12-28T03:14:22.930000Z,17.95
1556,20181228T031518Z,1J.TI1A.,"['CH1', 'CH2', 'CHZ']",2018-12-28T03:15:21.430000Z,31.48
1557,20181228T031741Z,1J.TI1A.,"['CH1', 'CH2', 'CHZ']",2018-12-28T03:17:45.610000Z,1.37
1558,20181228T032023Z,1J.TI1A.,"['CH1', 'CH2', 'CHZ']",2018-12-28T03:20:26.680000Z,6.47
1559,20181228T032213Z,1J.TI1A.,"['CH1', 'CH2', 'CHZ']",2018-12-28T03:22:14.540000Z,17.07
1560,20181228T032556Z,1J.TI1A.,"['CH1', 'CH2', 'CHZ']",2018-12-28T03:26:16.470000Z,19.15
1561,20181228T035206Z,1J.TI1A.,"['CH1', 'CH2', 'CHZ']",2018-12-28T03:52:14.380000Z,14.48
1562,20181228T040021Z,1J.TI1A.,"['CH1', 'CH2', 'CHZ']",2018-12-28T04:00:21.630000Z,14.57
1563,20181228T041307Z,1J.TI1A.,"['CH1', 'CH2', 'CHZ']",2018-12-28T04:13:07.150000Z,36.63
1564,20181228T041947Z,1J.TI1A.,"['CH1', 'CH2', 'CHZ']",2018-12-28T04:19:47.970000Z,20.59
1565,20181228T042813Z,1J.TI1A.,"['CH1', 'CH2', 'CHZ']",2018-12-28T04:28:13.160000Z,5.49
1566,20181228T043719Z,1J.TI1A.,"['CH1', 'CH2', 'CHZ']",2018-12-28T04:37:32.570000Z,13.24
1567,20181228T045340Z,1J.TI1A.,"['CH1', 'CH2', 'CHZ']",2018-12-28T04:53:40.420000Z,2.93
1568,20181228T050743Z,1J.TI1A.,"['CH1', 'CH2', 'CHZ']",2018-12-28T05:07:43.790000Z,5.75
1569,20181228T052803Z,1J.TI1A.,"['CH1', 'CH2', 'CHZ']",2018-12-28T05:28:03.320000Z,24.97
1570,20181228T053031Z,1J.TI1A.,"['CH1', 'CH2', 'CHZ']",2018-12-28T05:30:31.180000Z,1.98
1571,20181228T055153Z,1J.TI1A.,"['CH1', 'CH2', 'CHZ']",2018-12-28T05:51:53.130000Z,23.81
1572,20181228T062040Z,1J.TI1A.,"['CH1', 'CH2', 'CHZ']",2018-12-28T06:20:40.960000Z,1.82
1573,20181228T062724Z,1J.TI1A.,"['CH1', 'CH2', 'CHZ']",2018-12-28T06:27:24.800000Z,1.48
1574,20181228T063343Z,1J.TI1A.,"['CH1', 'CH2', 'CHZ']",2018-12-28T06:33:43.680000Z,1.27
1575,20181228T065740Z,1J.TI1A.,"['CH1', 'CH2', 'CHZ']",2018-12-28T06:57:40.630000Z,32.15
1576,20181228T065850Z,1J.TI1A.,"['CH1', 'CH2', 'CHZ']",2018-12-28T06:58:54.980000Z,1.29
1577,20181228T065946Z,1J.TI1A.,"['CH1', 'CH2', 'CHZ']",2018-12-28T06:59:46.260000Z,1.36
1578,20181228T070034Z,1J.TI1A.,"['CH1', 'CH2', 'CHZ']",2018-12-28T07:00:34.390000Z,2.42
1579,20181228T070941Z,1J.TI1A.,"['CH1', 'CH2', 'CHZ']",2018-12-28T07:09:50.390000Z,8.21
1580,20181228T072314Z,1J.TI1A.,"['CH1', 'CH2', 'CHZ']",2018-12-28T07:23:14.100000Z,10.16
1581,20181228T074911Z,1J.TI1A.,"['CH1', 'CH2', 'CHZ']",2018-12-28T07:49:11.880000Z,19.77
1582,20181228T075454Z,1J.TI1A.,"['CH1', 'CH2', 'CHZ']",2018-12-28T07:54:54.880000Z,7.65
1583,20181228T081220Z,1J.TI1A.,"['CH1', 'CH2', 'CHZ']",2018-12-28T08:12:31.740000Z,16.48
1584,20181228T081533Z,1J.TI1A.,"['CH1', 'CH2', 'CHZ']",2018-12-28T08:15:33.090000Z,3.31
1585,20181228T082109Z,1J.TI1A.,"['CH1', 'CH2', 'CHZ']",2018-12-28T08:21:24.220000Z,46.1
1586,20181228T083151Z,1J.TI1A.,"['CH1', 'CH2', 'CHZ']",2018-12-28T08:31:51.140000Z,18.22
1587,20181228T090043Z,1J.TI1A.,"['CH1', 'CH2', 'CHZ']",2018-12-28T09:00:43.640000Z,15.08
1588,20181228T090743Z,1J.TI1A.,"['CH1', 'CH2', 'CHZ']",2018-12-28T09:07:43.080000Z,2.51
1589,20181228T090823Z,1J.TI1A.,"['CH1', 'CH2', 'CHZ']",2018-12-28T09:08:23.270000Z,5.46
1590,20181228T091751Z,1J.TI1A.,"['CH1', 'CH2', 'CHZ']",2018-12-28T09:17:51.160000Z,33.24
1591,20181228T093655Z,1J.TI1A.,"['CH1', 'CH2', 'CHZ']",2018-12-28T09:36:55.520000Z,29.02
1592,20181228T094010Z,1J.TI1A.,"['CH1', 'CH2', 'CHZ']",2018-12-28T09:40:10.640000Z,8.92
1593,20181228T094921Z,1J.TI1A.,"['CH1', 'CH2', 'CHZ']",2018-12-28T09:49:21.730000Z,61.26
1594,20181228T095622Z,1J.TI1A.,"['CH1', 'CH2', 'CHZ']",2018-12-28T09:56:22.140000Z,39.55
1595,20181228T095957Z,1J.TI1A.,"['CH1', 'CH2', 'CHZ']",2018-12-28T10:00:04.800000Z,9.36
1596,20181228T102116Z,1J.TI1A.,"['CH1', 'CH2', 'CHZ']",2018-12-28T10:21:26.780000Z,32.73
1597,20181228T104044Z,1J.TI1A.,"['CH1', 'CH2', 'CHZ']",2018-12-28T10:40:44.770000Z,15.13
1598,20181228T105627Z,1J.TI1A.,"['CH1', 'CH2', 'CHZ']",2018-12-28T10:56:27.330000Z,12.8
1599,20181228T112959Z,1J.TI1A.,"['CH1', 'CH2', 'CHZ']",2018-12-28T11:29:59.990000Z,31.16
1600,20181228T113347Z,1J.TI1A.,"['CH1', 'CH2', 'CHZ']",2018-12-28T11:33:47.660000Z,8.98
1601,20181228T113502Z,1J.TI1A.,"['CH1', 'CH2', 'CHZ']",2018-12-28T11:35:02.230000Z,4.0
1602,20181228T114012Z,1J.TI1A.,"['CH1', 'CH2', 'CHZ']",2018-12-28T11:40:15.910000Z,46.39
1603,20181228T114413Z,1J.TI1A.,"['CH1', 'CH2', 'CHZ']",2018-12-28T11:44:19.690000Z,7.53
1604,20181228T114919Z,1J.TI1A.,"['CH1', 'CH2', 'CHZ']",2018-12-28T11:49:21.060000Z,53.29
1605,20181228T115231Z,1J.TI1A.,"['CH1', 'CH2', 'CHZ']",2018-12-28T11:52:37.290000Z,9.92
1606,20181228T115432Z,1J.TI1A.,"['CH1', 'CH2', 'CHZ']",2018-12-28T11:54:33.230000Z,8.56
1607,20181228T115457Z,1J.TI1A.,"['CH1', 'CH2', 'CHZ']",2018-12-28T11:55:03.710000Z,11.72
1608,20181228T115659Z,1J.TI1A.,"['CH1', 'CH2', 'CHZ']",2018-12-28T11:56:59.910000Z,17.07
1609,20181228T115917Z,1J.TI1A.,"['CH1', 'CH2', 'CHZ']",2018-12-28T11:59:19.150000Z,16.38
1610,20181228T115956Z,1J.TI1A.,"['CH1', 'CH2', 'CHZ']",2018-12-28T11:59:56.490000Z,18.36
1611,20181228T121306Z,1J.TI1A.,"['CH1', 'CH2', 'CHZ']",2018-12-28T12:13:13.060000Z,3.71
1612,20181228T121428Z,1J.TI1A.,"['CH1', 'CH2', 'CHZ']",2018-12-28T12:14:28.970000Z,58.78
1613,20181228T121704Z,1J.TI1A.,"['CH1', 'CH2', 'CHZ']",2018-12-28T12:17:06.610000Z,9.19
1614,20181228T121859Z,1J.TI1A.,"['CH1', 'CH2', 'CHZ']",2018-12-28T12:19:00.540000Z,2.8
1615,20181228T122443Z,1J.TI1A.,"['CH1', 'CH2', 'CHZ']",2018-12-28T12:24:43.030000Z,1.28
1616,20181228T122710Z,1J.TI1A.,"['CH1', 'CH2', 'CHZ']",2018-12-28T12:27:10.570000Z,21.39
1617,20181228T122813Z,1J.TI1A.,"['CH1', 'CH2', 'CHZ']",2018-12-28T12:28:13.720000Z,0.88
1618,20181228T122818Z,1J.TI1A.,"['CH1', 'CH2', 'CHZ']",2018-12-28T12:28:26.810000Z,8.34
1619,20181228T123055Z,1J.TI1A.,"['CH1', 'CH2', 'CHZ']",2018-12-28T12:30:55.250000Z,3.12
1620,20181228T123153Z,1J.TI1A.,"['CH1', 'CH2', 'CHZ']",2018-12-28T12:31:53.680000Z,2.73
1621,20181228T123531Z,1J.TI1A.,"['CH1', 'CH2', 'CHZ']",2018-12-28T12:35:31.050000Z,11.5
1622,20181228T123603Z,1J.TI1A.,"['CH1', 'CH2', 'CHZ']",2018-12-28T12:36:03.840000Z,1.19
1623,20181228T123645Z,1J.TI1A.,"['CH1', 'CH2', 'CHZ']",2018-12-28T12:36:45.930000Z,1.1
1624,20181228T123651Z,1J.TI1A.,"['CH1', 'CH2', 'CHZ']",2018-12-28T12:37:01.590000Z,5.7
1625,20181228T123746Z,1J.TI1A.,"['CH1', 'CH2', 'CHZ']",2018-12-28T12:37:46.020000Z,1.06
1626,20181228T123930Z,1J.TI1A.,"['CH1', 'CH2', 'CHZ']",2018-12-28T12:39:30.220000Z,3.35
1627,20181228T124054Z,1J.TI1A.,"['CH1', 'CH2', 'CHZ']",2018-12-28T12:40:54.080000Z,1.33
1628,20181228T124145Z,1J.TI1A.,"['CH1', 'CH2', 'CHZ']",2018-12-28T12:41:45.100000Z,3.3
1629,20181228T124159Z,1J.TI1A.,"['CH1', 'CH2', 'CHZ']",2018-12-28T12:41:59.940000Z,4.11
1630,20181228T124245Z,1J.TI1A.,"['CH1', 'CH2', 'CHZ']",2018-12-28T12:42:45.150000Z,2.59
1631,20181228T124454Z,1J.TI1A.,"['CH1', 'CH2', 'CHZ']",2018-12-28T12:44:54.190000Z,4.51
1632,20181228T124608Z,1J.TI1A.,"['CH1', 'CH2', 'CHZ']",2018-12-28T12:46:08.800000Z,1.35
1633,20181228T124619Z,1J.TI1A.,"['CH1', 'CH2', 'CHZ']",2018-12-28T12:46:19.220000Z,1.92
1634,20181228T124647Z,1J.TI1A.,"['CH1', 'CH2', 'CHZ']",2018-12-28T12:46:47.820000Z,8.9
1635,20181228T124849Z,1J.TI1A.,"['CH1', 'CH2', 'CHZ']",2018-12-28T12:48:49.760000Z,1.31
1636,20181228T125052Z,1J.TI1A.,"['CH1', 'CH2', 'CHZ']",2018-12-28T12:50:52.000000Z,1.98
1637,20181228T125138Z,1J.TI1A.,"['CH1', 'CH2', 'CHZ']",2018-12-28T12:51:38.080000Z,2.72
1638,20181228T125328Z,1J.TI1A.,"['CH1', 'CH2', 'CHZ']",2018-12-28T12:53:28.320000Z,2.98
1639,20181228T125442Z,1J.TI1A.,"['CH1', 'CH2', 'CHZ']",2018-12-28T12:54:47.060000Z,8.25
1640,20181228T125603Z,1J.TI1A.,"['CH1', 'CH2', 'CHZ']",2018-12-28T12:56:03.290000Z,15.43
1641,20181228T125628Z,1J.TI1A.,"['CH1', 'CH2', 'CHZ']",2018-12-28T12:56:28.230000Z,20.76
1642,20181228T125705Z,1J.TI1A.,"['CH1', 'CH2', 'CHZ']",2018-12-28T12:57:05.720000Z,28.57
1643,20181228T125931Z,1J.TI1A.,"['CH1', 'CH2', 'CHZ']",2018-12-28T12:59:31.490000Z,1.91
1644,20181228T130257Z,1J.TI1A.,"['CH1', 'CH2', 'CHZ']",2018-12-28T13:02:57.330000Z,11.18
1645,20181228T130721Z,1J.TI1A.,"['CH1', 'CH2', 'CHZ']",2018-12-28T13:07:21.890000Z,2.36
1646,20181228T130759Z,1J.TI1A.,"['CH1', 'CH2', 'CHZ']",2018-12-28T13:07:59.540000Z,37.95
1647,20181228T131053Z,1J.TI1A.,"['CH1', 'CH2', 'CHZ']",2018-12-28T13:10:57.270000Z,13.95
1648,20181228T131248Z,1J.TI1A.,"['CH1', 'CH2', 'CHZ']",2018-12-28T13:12:48.150000Z,3.36
1649,20181228T131552Z,1J.TI1A.,"['CH1', 'CH2', 'CHZ']",2018-12-28T13:16:02.210000Z,7.61
1650,20181228T132006Z,1J.TI1A.,"['CH1', 'CH2', 'CHZ']",2018-12-28T13:20:06.920000Z,37.2
1651,20181228T132138Z,1J.TI1A.,"['CH1', 'CH2', 'CHZ']",2018-12-28T13:21:38.650000Z,10.4
1652,20181228T132344Z,1J.TI1A.,"['CH1', 'CH2', 'CHZ']",2018-12-28T13:23:44.900000Z,3.59
1653,20181228T132602Z,1J.TI1A.,"['CH1', 'CH2', 'CHZ']",2018-12-28T13:26:02.220000Z,49.31
1654,20181228T133307Z,1J.TI1A.,"['CH1', 'CH2', 'CHZ']",2018-12-28T13:33:07.430000Z,2.11
1655,20181228T133727Z,1J.TI1A.,"['CH1', 'CH2', 'CHZ']",2018-12-28T13:37:32.500000Z,14.81
1656,20181228T133836Z,1J.TI1A.,"['CH1', 'CH2', 'CHZ']",2018-12-28T13:38:36.350000Z,8.59
1657,20181228T133914Z,1J.TI1A.,"['CH1', 'CH2', 'CHZ']",2018-12-28T13:39:14.100000Z,17.96
1658,20181228T134502Z,1J.TI1A.,"['CH1', 'CH2', 'CHZ']",2018-12-28T13:45:02.700000Z,4.24
1659,20181228T134601Z,1J.TI1A.,"['CH1', 'CH2', 'CHZ']",2018-12-28T13:46:01.040000Z,1.57
1660,20181228T134912Z,1J.TI1A.,"['CH1', 'CH2', 'CHZ']",2018-12-28T13:49:12.290000Z,7.4
1661,20181228T135309Z,1J.TI1A.,"['CH1', 'CH2', 'CHZ']",2018-12-28T13:53:09.660000Z,6.24
1662,20181228T135636Z,1J.TI1A.,"['CH1', 'CH2', 'CHZ']",2018-12-28T13:56:36.970000Z,2.25
1663,20181228T141606Z,1J.TI1A.,"['CH1', 'CH2', 'CHZ']",2018-12-28T14:16:12.050000Z,6.91
1664,20181228T141647Z,1J.TI1A.,"['CH1', 'CH2', 'CHZ']",2018-12-28T14:16:47.210000Z,2.71
1665,20181228T141808Z,1J.TI1A.,"['CH1', 'CH2', 'CHZ']",2018-12-28T14:18:08.290000Z,16.9
1666,20181228T142203Z,1J.TI1A.,"['CH1', 'CH2', 'CHZ']",2018-12-28T14:22:04.130000Z,1.21
1667,20181228T142218Z,1J.TI1A.,"['CH1', 'CH2', 'CHZ']",2018-12-28T14:22:18.510000Z,25.29
1668,20181228T142245Z,1J.TI1A.,"['CH1', 'CH2', 'CHZ']",2018-12-28T14:22:52.400000Z,12.9
1669,20181228T142358Z,1J.TI1A.,"['CH1', 'CH2', 'CHZ']",2018-12-28T14:23:58.430000Z,18.84
1670,20181228T143140Z,1J.TI1A.,"['CH1', 'CH2', 'CHZ']",2018-12-28T14:31:41.320000Z,16.48
1671,20181228T143841Z,1J.TI1A.,"['CH1', 'CH2', 'CHZ']",2018-12-28T14:38:48.480000Z,84.99
1672,20181228T150159Z,1J.TI1A.,"['CH1', 'CH2', 'CHZ']",2018-12-28T15:01:59.690000Z,1.59
1673,20181228T150207Z,1J.TI1A.,"['CH1', 'CH2', 'CHZ']",2018-12-28T15:02:07.750000Z,49.29
1674,20181228T152742Z,1J.TI1A.,"['CH1', 'CH2', 'CHZ']",2018-12-28T15:27:42.610000Z,11.91
1675,20181228T153205Z,1J.TI1A.,"['CH1', 'CH2', 'CHZ']",2018-12-28T15:32:05.320000Z,2.34
1676,20181228T153529Z,1J.TI1A.,"['CH1', 'CH2', 'CHZ']",2018-12-28T15:35:31.760000Z,54.85
1677,20181228T153723Z,1J.TI1A.,"['CH1', 'CH2', 'CHZ']",2018-12-28T15:37:23.020000Z,1.98
1678,20181228T153952Z,1J.TI1A.,"['CH1', 'CH2', 'CHZ']",2018-12-28T15:39:52.690000Z,1.72
1679,20181228T154050Z,1J.TI1A.,"['CH1', 'CH2', 'CHZ']",2018-12-28T15:40:50.360000Z,9.73
1680,20181228T154516Z,1J.TI1A.,"['CH1', 'CH2', 'CHZ']",2018-12-28T15:45:22.270000Z,13.23
1681,20181228T154612Z,1J.TI1A.,"['CH1', 'CH2', 'CHZ']",2018-12-28T15:46:17.370000Z,7.95
1682,20181228T155206Z,1J.TI1A.,"['CH1', 'CH2', 'CHZ']",2018-12-28T15:52:06.700000Z,15.68
1683,20181228T155321Z,1J.TI1A.,"['CH1', 'CH2', 'CHZ']",2018-12-28T15:53:21.560000Z,5.15
1684,20181228T155338Z,1J.TI1A.,"['CH1', 'CH2', 'CHZ']",2018-12-28T15:53:38.110000Z,4.79
1685,20181228T155444Z,1J.TI1A.,"['CH1', 'CH2', 'CHZ']",2018-12-28T15:54:44.920000Z,17.53
1686,20181228T155512Z,1J.TI1A.,"['CH1', 'CH2', 'CHZ']",2018-12-28T15:55:12.790000Z,64.19
1687,20181228T155726Z,1J.TI1A.,"['CH1', 'CH2', 'CHZ']",2018-12-28T15:57:26.310000Z,8.98
1688,20181228T155859Z,1J.TI1A.,"['CH1', 'CH2', 'CHZ']",2018-12-28T15:58:59.630000Z,8.55
1689,20181228T160033Z,1J.TI1A.,"['CH1', 'CH2', 'CHZ']",2018-12-28T16:00:33.740000Z,1.56
1690,20181228T160052Z,1J.TI1A.,"['CH1', 'CH2', 'CHZ']",2018-12-28T16:00:52.210000Z,1.89
1691,20181228T160101Z,1J.TI1A.,"['CH1', 'CH2', 'CHZ']",2018-12-28T16:01:01.610000Z,5.77
1692,20181228T160521Z,1J.TI1A.,"['CH1', 'CH2', 'CHZ']",2018-12-28T16:05:21.820000Z,0.86
1693,20181228T160720Z,1J.TI1A.,"['CH1', 'CH2', 'CHZ']",2018-12-28T16:07:23.160000Z,17.04
1694,20181228T160936Z,1J.TI1A.,"['CH1', 'CH2', 'CHZ']",2018-12-28T16:09:36.520000Z,2.74
1695,20181228T161023Z,1J.TI1A.,"['CH1', 'CH2', 'CHZ']",2018-12-28T16:10:23.790000Z,3.65
1696,20181228T161141Z,1J.TI1A.,"['CH1', 'CH2', 'CHZ']",2018-12-28T16:11:41.620000Z,20.78
1697,20181228T161353Z,1J.TI1A.,"['CH1', 'CH2', 'CHZ']",2018-12-28T16:13:53.100000Z,1.44
1698,20181228T161418Z,1J.TI1A.,"['CH1', 'CH2', 'CHZ']",2018-12-28T16:14:18.340000Z,1.87
1699,20181228T163455Z,1J.TI1A.,"['CH1', 'CH2', 'CHZ']",2018-12-28T16:34:55.530000Z,38.13
1700,20181228T164227Z,1J.TI1A.,"['CH1', 'CH2', 'CHZ']",2018-12-28T16:42:27.180000Z,2.9
1701,20181228T164621Z,1J.TI1A.,"['CH1', 'CH2', 'CHZ']",2018-12-28T16:46:21.660000Z,52.42
1702,20181228T170118Z,1J.TI1A.,"['CH1', 'CH2', 'CHZ']",2018-12-28T17:01:18.840000Z,1.36
1703,20181228T170546Z,1J.TI1A.,"['CH1', 'CH2', 'CHZ']",2018-12-28T17:05:46.210000Z,47.49
1704,20181228T170704Z,1J.TI1A.,"['CH1', 'CH2', 'CHZ']",2018-12-28T17:07:04.970000Z,5.14
1705,20181228T170807Z,1J.TI1A.,"['CH1', 'CH2', 'CHZ']",2018-12-28T17:08:07.940000Z,6.73
1706,20181228T171150Z,1J.TI1A.,"['CH1', 'CH2', 'CHZ']",2018-12-28T17:11:50.240000Z,7.59
1707,20181228T171812Z,1J.TI1A.,"['CH1', 'CH2', 'CHZ']",2018-12-28T17:18:12.800000Z,12.6
1708,20181228T171956Z,1J.TI1A.,"['CH1', 'CH2', 'CHZ']",2018-12-28T17:19:56.030000Z,1.13
1709,20181228T172228Z,1J.TI1A.,"['CH1', 'CH2', 'CHZ']",2018-12-28T17:22:37.000000Z,36.52
1710,20181228T172534Z,1J.TI1A.,"['CH1', 'CH2', 'CHZ']",2018-12-28T17:25:37.280000Z,6.89
1711,20181228T172631Z,1J.TI1A.,"['CH1', 'CH2', 'CHZ']",2018-12-28T17:26:31.790000Z,1.34
1712,20181228T172936Z,1J.TI1A.,"['CH1', 'CH2', 'CHZ']",2018-12-28T17:29:36.430000Z,48.76
1713,20181228T173058Z,1J.TI1A.,"['CH1', 'CH2', 'CHZ']",2018-12-28T17:30:58.760000Z,3.4
1714,20181228T173123Z,1J.TI1A.,"['CH1', 'CH2', 'CHZ']",2018-12-28T17:31:23.720000Z,30.1
1715,20181228T175254Z,1J.TI1A.,"['CH1', 'CH2', 'CHZ']",2018-12-28T17:52:54.770000Z,1.37
1716,20181228T175304Z,1J.TI1A.,"['CH1', 'CH2', 'CHZ']",2018-12-28T17:53:04.280000Z,10.06
1717,20181228T175426Z,1J.TI1A.,"['CH1', 'CH2', 'CHZ']",2018-12-28T17:54:26.070000Z,37.96
1718,20181228T182152Z,1J.TI1A.,"['CH1', 'CH2', 'CHZ']",2018-12-28T18:21:52.910000Z,2.97
1719,20181228T182248Z,1J.TI1A.,"['CH1', 'CH2', 'CHZ']",2018-12-28T18:22:50.010000Z,2.49
1720,20181228T182344Z,1J.TI1A.,"['CH1', 'CH2', 'CHZ']",2018-12-28T18:23:47.720000Z,47.81
1721,20181228T182812Z,1J.TI1A.,"['CH1', 'CH2', 'CHZ']",2018-12-28T18:28:12.420000Z,17.79
1722,20181228T183138Z,1J.TI1A.,"['CH1', 'CH2', 'CHZ']",2018-12-28T18:31:38.870000Z,6.03
1723,20181228T183215Z,1J.TI1A.,"['CH1', 'CH2', 'CHZ']",2018-12-28T18:32:15.990000Z,1.68
1724,20181228T183308Z,1J.TI1A.,"['CH1', 'CH2', 'CHZ']",2018-12-28T18:33:08.680000Z,0.95
1725,20181228T184720Z,1J.TI1A.,"['CH1', 'CH2', 'CHZ']",2018-12-28T18:47:20.630000Z,63.21
1726,20181228T192356Z,1J.TI1A.,"['CH1', 'CH2', 'CHZ']",2018-12-28T19:23:56.660000Z,33.29
1727,20181228T195214Z,1J.TI1A.,"['CH1', 'CH2', 'CHZ']",2018-12-28T19:52:14.920000Z,14.61
1728,20181228T200320Z,1J.TI1A.,"['CH1', 'CH2', 'CHZ']",2018-12-28T20:03:20.510000Z,8.77
1729,20181228T200344Z,1J.TI1A.,"['CH1', 'CH2', 'CHZ']",2018-12-28T20:03:49.940000Z,15.89
1730,20181228T200647Z,1J.TI1A.,"['CH1', 'CH2', 'CHZ']",2018-12-28T20:06:47.040000Z,16.44
1731,20181228T201531Z,1J.TI1A.,"['CH1', 'CH2', 'CHZ']",2018-12-28T20:15:31.430000Z,13.38
1732,20181228T201622Z,1J.TI1A.,"['CH1', 'CH2', 'CHZ']",2018-12-28T20:16:35.220000Z,4.61
1733,20181228T201651Z,1J.TI1A.,"['CH1', 'CH2', 'CHZ']",2018-12-28T20:16:51.360000Z,20.14
1734,20181228T201835Z,1J.TI1A.,"['CH1', 'CH2', 'CHZ']",2018-12-28T20:18:35.410000Z,13.99
1735,20181228T202632Z,1J.TI1A.,"['CH1', 'CH2', 'CHZ']",2018-12-28T20:26:35.970000Z,20.21
1736,20181228T203124Z,1J.TI1A.,"['CH1', 'CH2', 'CHZ']",2018-12-28T20:31:24.250000Z,7.87
1737,20181228T203524Z,1J.TI1A.,"['CH1', 'CH2', 'CHZ']",2018-12-28T20:35:24.120000Z,25.36
1738,20181228T203725Z,1J.TI1A.,"['CH1', 'CH2', 'CHZ']",2018-12-28T20:37:25.490000Z,66.18
1739,20181228T204044Z,1J.TI1A.,"['CH1', 'CH2', 'CHZ']",2018-12-28T20:40:44.090000Z,11.24
1740,20181228T205006Z,1J.TI1A.,"['CH1', 'CH2', 'CHZ']",2018-12-28T20:50:15.100000Z,1.38
1741,20181228T205911Z,1J.TI1A.,"['CH1', 'CH2', 'CHZ']",2018-12-28T20:59:15.220000Z,19.44
1742,20181228T210254Z,1J.TI1A.,"['CH1', 'CH2', 'CHZ']",2018-12-28T21:02:54.010000Z,1.81
1743,20181228T210423Z,1J.TI1A.,"['CH1', 'CH2', 'CHZ']",2018-12-28T21:04:23.560000Z,17.27
1744,20181228T211039Z,1J.TI1A.,"['CH1', 'CH2', 'CHZ']",2018-12-28T21:10:39.990000Z,17.02
1745,20181228T211546Z,1J.TI1A.,"['CH1', 'CH2', 'CHZ']",2018-12-28T21:15:46.380000Z,30.34
1746,20181228T212124Z,1J.TI1A.,"['CH1', 'CH2', 'CHZ']",2018-12-28T21:21:27.360000Z,24.52
1747,20181228T212345Z,1J.TI1A.,"['CH1', 'CH2', 'CHZ']",2018-12-28T21:23:45.900000Z,31.69
1748,20181228T212803Z,1J.TI1A.,"['CH1', 'CH2', 'CHZ']",2018-12-28T21:28:03.140000Z,4.8
1749,20181228T213257Z,1J.TI1A.,"['CH1', 'CH2', 'CHZ']",2018-12-28T21:32:57.450000Z,5.16
1750,20181228T213315Z,1J.TI1A.,"['CH1', 'CH2', 'CHZ']",2018-12-28T21:33:17.340000Z,13.82
1751,20181228T213557Z,1J.TI1A.,"['CH1', 'CH2', 'CHZ']",2018-12-28T21:35:57.880000Z,7.72
1752,20181228T213828Z,1J.TI1A.,"['CH1', 'CH2', 'CHZ']",2018-12-28T21:38:29.260000Z,25.94
1753,20181228T214458Z,1J.TI1A.,"['CH1', 'CH2', 'CHZ']",2018-12-28T21:45:00.230000Z,16.71
1754,20181228T215752Z,1J.TI1A.,"['CH1', 'CH2', 'CHZ']",2018-12-28T21:57:52.880000Z,30.02
1755,20181228T215950Z,1J.TI1A.,"['CH1', 'CH2', 'CHZ']",2018-12-28T21:59:50.480000Z,11.78
1756,20181228T220019Z,1J.TI1A.,"['CH1', 'CH2', 'CHZ']",2018-12-28T22:00:19.440000Z,4.17
1757,20181228T221903Z,1J.TI1A.,"['CH1', 'CH2', 'CHZ']",2018-12-28T22:19:03.740000Z,5.65
1758,20181228T221950Z,1J.TI1A.,"['CH1', 'CH2', 'CHZ']",2018-12-28T22:19:52.390000Z,77.09
1759,20181228T222548Z,1J.TI1A.,"['CH1', 'CH2', 'CHZ']",2018-12-28T22:25:48.520000Z,21.85
1760,20181228T223133Z,1J.TI1A.,"['CH1', 'CH2', 'CHZ']",2018-12-28T22:31:33.570000Z,2.73
1761,20181228T223543Z,1J.TI1A.,"['CH1', 'CH2', 'CHZ']",2018-12-28T22:35:43.700000Z,1.08
1762,20181228T223733Z,1J.TI1A.,"['CH1', 'CH2', 'CHZ']",2018-12-28T22:37:33.590000Z,51.46
1763,20181228T223951Z,1J.TI1A.,"['CH1', 'CH2', 'CHZ']",2018-12-28T22:39:52.750000Z,5.04
1764,20181228T225428Z,1J.TI1A.,"['CH1', 'CH2', 'CHZ']",2018-12-28T22:54:28.070000Z,26.95
1765,20181228T225616Z,1J.TI1A.,"['CH1', 'CH2', 'CHZ']",2018-12-28T22:56:16.450000Z,3.03
1766,20181228T225732Z,1J.TI1A.,"['CH1', 'CH2', 'CHZ']",2018-12-28T22:57:32.400000Z,5.78
1767,20181228T225809Z,1J.TI1A.,"['CH1', 'CH2', 'CHZ']",2018-12-28T22:58:12.480000Z,1.1
1768,20181228T225851Z,1J.TI1A.,"['CH1', 'CH2', 'CHZ']",2018-12-28T22:58:51.570000Z,1.51
1769,20181228T230257Z,1J.TI1A.,"['CH1', 'CH2', 'CHZ']",2018-12-28T23:02:57.690000Z,12.63
1770,20181228T230437Z,1J.TI1A.,"['CH1', 'CH2', 'CHZ']",2018-12-28T23:04:37.040000Z,25.28
1771,20181228T230607Z,1J.TI1A.,"['CH1', 'CH2', 'CHZ']",2018-12-28T23:06:07.420000Z,2.44
1772,20181228T230832Z,1J.TI1A.,"['CH1', 'CH2', 'CHZ']",2018-12-28T23:08:32.750000Z,1.78
1773,20181228T231337Z,1J.TI1A.,"['CH1', 'CH2', 'CHZ']",2018-12-28T23:13:38.120000Z,5.58
1774,20181228T231420Z,1J.TI1A.,"['CH1', 'CH2', 'CHZ']",2018-12-28T23:14:35.110000Z,16.2
1775,20181228T231602Z,1J.TI1A.,"['CH1', 'CH2', 'CHZ']",2018-12-28T23:16:02.970000Z,9.63
1776,20181228T232103Z,1J.TI1A.,"['CH1', 'CH2', 'CHZ']",2018-12-28T23:21:04.840000Z,2.92
1777,20181228T232231Z,1J.TI1A.,"['CH1', 'CH2', 'CHZ']",2018-12-28T23:22:35.400000Z,50.87
1778,20181228T232526Z,1J.TI1A.,"['CH1', 'CH2', 'CHZ']",2018-12-28T23:25:26.520000Z,2.51
1779,20181228T232928Z,1J.TI1A.,"['CH1', 'CH2', 'CHZ']",2018-12-28T23:29:29.230000Z,6.91
1780,20181228T233335Z,1J.TI1A.,"['CH1', 'CH2', 'CHZ']",2018-12-28T23:33:35.080000Z,10.95
1781,20181228T233412Z,1J.TI1A.,"['CH1', 'CH2', 'CHZ']",2018-12-28T23:34:12.850000Z,1.27
1782,20181228T233448Z,1J.TI1A.,"['CH1', 'CH2', 'CHZ']",2018-12-28T23:34:48.840000Z,6.23
1783,20181228T233652Z,1J.TI1A.,"['CH1', 'CH2', 'CHZ']",2018-12-28T23:36:52.240000Z,3.65
1784,20181228T233712Z,1J.TI1A.,"['CH1', 'CH2', 'CHZ']",2018-12-28T23:37:13.410000Z,1.63
1785,20181228T233737Z,1J.TI1A.,"['CH1', 'CH2', 'CHZ']",2018-12-28T23:37:37.870000Z,5.95
1786,20181228T233809Z,1J.TI1A.,"['CH1', 'CH2', 'CHZ']",2018-12-28T23:38:09.290000Z,2.92
1787,20181228T234058Z,1J.TI1A.,"['CH1', 'CH2', 'CHZ']",2018-12-28T23:40:58.170000Z,29.81
1788,20181228T234304Z,1J.TI1A.,"['CH1', 'CH2', 'CHZ']",2018-12-28T23:43:05.850000Z,2.02
1789,20181228T234402Z,1J.TI1A.,"['CH1', 'CH2', 'CHZ']",2018-12-28T23:44:02.350000Z,0.76
1790,20181228T234449Z,1J.TI1A.,"['CH1', 'CH2', 'CHZ']",2018-12-28T23:44:49.070000Z,1.56
1791,20181228T234647Z,1J.TI1A.,"['CH1', 'CH2', 'CHZ']",2018-12-28T23:46:47.630000Z,1.32
1792,20181228T234722Z,1J.TI1A.,"['CH1', 'CH2', 'CHZ']",2018-12-28T23:47:25.240000Z,2.74
1793,20181228T234750Z,1J.TI1A.,"['CH1', 'CH2', 'CHZ']",2018-12-28T23:47:51.040000Z,3.99
1794,20181228T234804Z,1J.TI1A.,"['CH1', 'CH2', 'CHZ']",2018-12-28T23:48:04.390000Z,1.29
1795,20181228T235026Z,1J.TI1A.,"['CH1', 'CH2', 'CHZ']",2018-12-28T23:50:26.130000Z,1.09
1796,20181228T235340Z,1J.TI1A.,"['CH1', 'CH2', 'CHZ']",2018-12-28T23:53:40.590000Z,17.01
1797,20181228T000933Z,1J.TI7A.,"['CH1', 'CH2', 'CHZ']",2018-12-28T00:09:33.550000Z,4.1
1798,20181228T003827Z,1J.TI7A.,"['CH1', 'CH2', 'CHZ']",2018-12-28T00:38:27.420000Z,3.56
1799,20181228T010940Z,1J.TI7A.,"['CH1', 'CH2', 'CHZ']",2018-12-28T01:09:40.330000Z,1.65
1800,20181228T011842Z,1J.TI7A.,"['CH1', 'CH2', 'CHZ']",2018-12-28T01:18:42.510000Z,7.51
1801,20181228T014059Z,1J.TI7A.,"['CH1', 'CH2', 'CHZ']",2018-12-28T01:40:59.310000Z,14.62
1802,20181228T015138Z,1J.TI7A.,"['CH1', 'CH2', 'CHZ']",2018-12-28T01:51:38.990000Z,3.75
1803,20181228T020020Z,1J.TI7A.,"['CH1', 'CH2', 'CHZ']",2018-12-28T02:00:45.240000Z,12.88
1804,20181228T021037Z,1J.TI7A.,"['CH1', 'CH2', 'CHZ']",2018-12-28T02:10:37.210000Z,4.04
1805,20181228T024840Z,1J.TI7A.,"['CH1', 'CH2', 'CHZ']",2018-12-28T02:49:13.810000Z,9.5
1806,20181228T025146Z,1J.TI7A.,"['CH1', 'CH2', 'CHZ']",2018-12-28T02:51:46.600000Z,28.55
1807,20181228T030433Z,1J.TI7A.,"['CH1', 'CH2', 'CHZ']",2018-12-28T03:04:51.840000Z,19.18
1808,20181228T031422Z,1J.TI7A.,"['CH1', 'CH2', 'CHZ']",2018-12-28T03:14:26.350000Z,12.35
1809,20181228T035614Z,1J.TI7A.,"['CH1', 'CH2', 'CHZ']",2018-12-28T03:56:14.390000Z,24.45
1810,20181228T041148Z,1J.TI7A.,"['CH1', 'CH2', 'CHZ']",2018-12-28T04:11:48.820000Z,5.15
1811,20181228T041651Z,1J.TI7A.,"['CH1', 'CH2', 'CHZ']",2018-12-28T04:16:51.190000Z,0.99
1812,20181228T045208Z,1J.TI7A.,"['CH1', 'CH2', 'CHZ']",2018-12-28T04:52:08.010000Z,1.0
1813,20181228T045750Z,1J.TI7A.,"['CH1', 'CH2', 'CHZ']",2018-12-28T04:57:50.030000Z,2.11
1814,20181228T045805Z,1J.TI7A.,"['CH1', 'CH2', 'CHZ']",2018-12-28T04:58:05.370000Z,0.78
1815,20181228T051513Z,1J.TI7A.,"['CH1', 'CH2', 'CHZ']",2018-12-28T05:15:13.280000Z,0.81
1816,20181228T051644Z,1J.TI7A.,"['CH1', 'CH2', 'CHZ']",2018-12-28T05:16:44.260000Z,13.01
1817,20181228T051947Z,1J.TI7A.,"['CH1', 'CH2', 'CHZ']",2018-12-28T05:19:53.570000Z,1.75
1818,20181228T054133Z,1J.TI7A.,"['CH1', 'CH2', 'CHZ']",2018-12-28T05:41:37.330000Z,14.19
1819,20181228T054219Z,1J.TI7A.,"['CH1', 'CH2', 'CHZ']",2018-12-28T05:42:19.630000Z,0.96
1820,20181228T054704Z,1J.TI7A.,"['CH1', 'CH2', 'CHZ']",2018-12-28T05:47:37.490000Z,18.57
1821,20181228T061629Z,1J.TI7A.,"['CH1', 'CH2', 'CHZ']",2018-12-28T06:16:29.320000Z,11.42
1822,20181228T062054Z,1J.TI7A.,"['CH1', 'CH2', 'CHZ']",2018-12-28T06:20:54.910000Z,16.14
1823,20181228T062438Z,1J.TI7A.,"['CH1', 'CH2', 'CHZ']",2018-12-28T06:24:38.310000Z,1.7
1824,20181228T062525Z,1J.TI7A.,"['CH1', 'CH2', 'CHZ']",2018-12-28T06:25:28.420000Z,49.28
1825,20181228T062710Z,1J.TI7A.,"['CH1', 'CH2', 'CHZ']",2018-12-28T06:27:10.790000Z,2.48
1826,20181228T063444Z,1J.TI7A.,"['CH1', 'CH2', 'CHZ']",2018-12-28T06:34:44.870000Z,13.13
1827,20181228T063943Z,1J.TI7A.,"['CH1', 'CH2', 'CHZ']",2018-12-28T06:39:43.410000Z,4.14
1828,20181228T064135Z,1J.TI7A.,"['CH1', 'CH2', 'CHZ']",2018-12-28T06:41:35.110000Z,2.91
1829,20181228T064509Z,1J.TI7A.,"['CH1', 'CH2', 'CHZ']",2018-12-28T06:45:09.980000Z,14.25
1830,20181228T064839Z,1J.TI7A.,"['CH1', 'CH2', 'CHZ']",2018-12-28T06:48:46.190000Z,9.0
1831,20181228T064914Z,1J.TI7A.,"['CH1', 'CH2', 'CHZ']",2018-12-28T06:49:14.750000Z,0.93
1832,20181228T070057Z,1J.TI7A.,"['CH1', 'CH2', 'CHZ']",2018-12-28T07:00:57.870000Z,12.66
1833,20181228T070923Z,1J.TI7A.,"['CH1', 'CH2', 'CHZ']",2018-12-28T07:09:23.260000Z,1.93
1834,20181228T070941Z,1J.TI7A.,"['CH1', 'CH2', 'CHZ']",2018-12-28T07:09:41.900000Z,9.41
1835,20181228T071415Z,1J.TI7A.,"['CH1', 'CH2', 'CHZ']",2018-12-28T07:14:15.650000Z,1.06
1836,20181228T071838Z,1J.TI7A.,"['CH1', 'CH2', 'CHZ']",2018-12-28T07:18:38.310000Z,12.51
1837,20181228T074043Z,1J.TI7A.,"['CH1', 'CH2', 'CHZ']",2018-12-28T07:40:43.100000Z,1.19
1838,20181228T074540Z,1J.TI7A.,"['CH1', 'CH2', 'CHZ']",2018-12-28T07:45:49.570000Z,10.35
1839,20181228T074946Z,1J.TI7A.,"['CH1', 'CH2', 'CHZ']",2018-12-28T07:49:46.300000Z,1.67
1840,20181228T075316Z,1J.TI7A.,"['CH1', 'CH2', 'CHZ']",2018-12-28T07:53:16.250000Z,2.33
1841,20181228T075411Z,1J.TI7A.,"['CH1', 'CH2', 'CHZ']",2018-12-28T07:54:11.230000Z,3.44
1842,20181228T080902Z,1J.TI7A.,"['CH1', 'CH2', 'CHZ']",2018-12-28T08:09:02.430000Z,13.94
1843,20181228T081111Z,1J.TI7A.,"['CH1', 'CH2', 'CHZ']",2018-12-28T08:11:11.680000Z,2.3
1844,20181228T081220Z,1J.TI7A.,"['CH1', 'CH2', 'CHZ']",2018-12-28T08:12:33.720000Z,13.22
1845,20181228T081417Z,1J.TI7A.,"['CH1', 'CH2', 'CHZ']",2018-12-28T08:14:17.030000Z,1.12
1846,20181228T081837Z,1J.TI7A.,"['CH1', 'CH2', 'CHZ']",2018-12-28T08:18:37.050000Z,4.95
1847,20181228T082109Z,1J.TI7A.,"['CH1', 'CH2', 'CHZ']",2018-12-28T08:21:22.180000Z,48.32
1848,20181228T082759Z,1J.TI7A.,"['CH1', 'CH2', 'CHZ']",2018-12-28T08:27:59.940000Z,2.1
1849,20181228T082925Z,1J.TI7A.,"['CH1', 'CH2', 'CHZ']",2018-12-28T08:29:29.200000Z,13.83
1850,20181228T083151Z,1J.TI7A.,"['CH1', 'CH2', 'CHZ']",2018-12-28T08:32:06.520000Z,3.54
1851,20181228T084049Z,1J.TI7A.,"['CH1', 'CH2', 'CHZ']",2018-12-28T08:40:49.370000Z,14.89
1852,20181228T084314Z,1J.TI7A.,"['CH1', 'CH2', 'CHZ']",2018-12-28T08:43:19.510000Z,16.19
1853,20181228T084414Z,1J.TI7A.,"['CH1', 'CH2', 'CHZ']",2018-12-28T08:44:14.660000Z,2.05
1854,20181228T084445Z,1J.TI7A.,"['CH1', 'CH2', 'CHZ']",2018-12-28T08:44:45.030000Z,1.7
1855,20181228T084753Z,1J.TI7A.,"['CH1', 'CH2', 'CHZ']",2018-12-28T08:47:53.310000Z,5.89
1856,20181228T085125Z,1J.TI7A.,"['CH1', 'CH2', 'CHZ']",2018-12-28T08:51:25.440000Z,14.44
1857,20181228T085816Z,1J.TI7A.,"['CH1', 'CH2', 'CHZ']",2018-12-28T08:58:16.330000Z,4.83
1858,20181228T090013Z,1J.TI7A.,"['CH1', 'CH2', 'CHZ']",2018-12-28T09:00:13.220000Z,1.22
1859,20181228T090100Z,1J.TI7A.,"['CH1', 'CH2', 'CHZ']",2018-12-28T09:01:00.160000Z,14.04
1860,20181228T090252Z,1J.TI7A.,"['CH1', 'CH2', 'CHZ']",2018-12-28T09:02:52.900000Z,1.13
1861,20181228T090727Z,1J.TI7A.,"['CH1', 'CH2', 'CHZ']",2018-12-28T09:07:27.660000Z,1.04
1862,20181228T091215Z,1J.TI7A.,"['CH1', 'CH2', 'CHZ']",2018-12-28T09:12:15.200000Z,8.55
1863,20181228T091417Z,1J.TI7A.,"['CH1', 'CH2', 'CHZ']",2018-12-28T09:14:17.050000Z,14.24
1864,20181228T091526Z,1J.TI7A.,"['CH1', 'CH2', 'CHZ']",2018-12-28T09:15:26.910000Z,1.07
1865,20181228T091926Z,1J.TI7A.,"['CH1', 'CH2', 'CHZ']",2018-12-28T09:19:26.490000Z,2.58
1866,20181228T092758Z,1J.TI7A.,"['CH1', 'CH2', 'CHZ']",2018-12-28T09:27:58.630000Z,2.2
1867,20181228T092905Z,1J.TI7A.,"['CH1', 'CH2', 'CHZ']",2018-12-28T09:29:05.010000Z,14.43
1868,20181228T092935Z,1J.TI7A.,"['CH1', 'CH2', 'CHZ']",2018-12-28T09:29:35.320000Z,1.35
1869,20181228T093655Z,1J.TI7A.,"['CH1', 'CH2', 'CHZ']",2018-12-28T09:37:10.300000Z,1.9
1870,20181228T093933Z,1J.TI7A.,"['CH1', 'CH2', 'CHZ']",2018-12-28T09:39:33.820000Z,4.37
1871,20181228T094010Z,1J.TI7A.,"['CH1', 'CH2', 'CHZ']",2018-12-28T09:40:16.290000Z,0.82
1872,20181228T094432Z,1J.TI7A.,"['CH1', 'CH2', 'CHZ']",2018-12-28T09:44:32.090000Z,4.15
1873,20181228T094736Z,1J.TI7A.,"['CH1', 'CH2', 'CHZ']",2018-12-28T09:47:36.130000Z,1.14
1874,20181228T095040Z,1J.TI7A.,"['CH1', 'CH2', 'CHZ']",2018-12-28T09:50:40.350000Z,6.79
1875,20181228T095446Z,1J.TI7A.,"['CH1', 'CH2', 'CHZ']",2018-12-28T09:54:48.210000Z,1.28
1876,20181228T095622Z,1J.TI7A.,"['CH1', 'CH2', 'CHZ']",2018-12-28T09:56:38.400000Z,7.5
1877,20181228T095750Z,1J.TI7A.,"['CH1', 'CH2', 'CHZ']",2018-12-28T09:57:50.300000Z,6.59
1878,20181228T095836Z,1J.TI7A.,"['CH1', 'CH2', 'CHZ']",2018-12-28T09:58:36.050000Z,2.28
1879,20181228T095957Z,1J.TI7A.,"['CH1', 'CH2', 'CHZ']",2018-12-28T10:00:02.170000Z,18.99
1880,20181228T100239Z,1J.TI7A.,"['CH1', 'CH2', 'CHZ']",2018-12-28T10:02:39.260000Z,1.75
1881,20181228T100404Z,1J.TI7A.,"['CH1', 'CH2', 'CHZ']",2018-12-28T10:04:04.660000Z,12.78
1882,20181228T100624Z,1J.TI7A.,"['CH1', 'CH2', 'CHZ']",2018-12-28T10:06:24.970000Z,4.24
1883,20181228T100717Z,1J.TI7A.,"['CH1', 'CH2', 'CHZ']",2018-12-28T10:07:21.600000Z,9.11
1884,20181228T100746Z,1J.TI7A.,"['CH1', 'CH2', 'CHZ']",2018-12-28T10:07:50.550000Z,15.94
1885,20181228T100847Z,1J.TI7A.,"['CH1', 'CH2', 'CHZ']",2018-12-28T10:08:47.440000Z,0.8
1886,20181228T101235Z,1J.TI7A.,"['CH1', 'CH2', 'CHZ']",2018-12-28T10:12:35.020000Z,2.94
1887,20181228T101627Z,1J.TI7A.,"['CH1', 'CH2', 'CHZ']",2018-12-28T10:16:27.950000Z,1.34
1888,20181228T101715Z,1J.TI7A.,"['CH1', 'CH2', 'CHZ']",2018-12-28T10:17:15.510000Z,1.19
1889,20181228T101912Z,1J.TI7A.,"['CH1', 'CH2', 'CHZ']",2018-12-28T10:19:45.700000Z,15.6
1890,20181228T102056Z,1J.TI7A.,"['CH1', 'CH2', 'CHZ']",2018-12-28T10:20:56.900000Z,13.36
1891,20181228T102116Z,1J.TI7A.,"['CH1', 'CH2', 'CHZ']",2018-12-28T10:21:54.470000Z,18.83
1892,20181228T102332Z,1J.TI7A.,"['CH1', 'CH2', 'CHZ']",2018-12-28T10:23:32.990000Z,1.02
1893,20181228T102434Z,1J.TI7A.,"['CH1', 'CH2', 'CHZ']",2018-12-28T10:24:34.770000Z,3.59
1894,20181228T102507Z,1J.TI7A.,"['CH1', 'CH2', 'CHZ']",2018-12-28T10:25:07.790000Z,0.83
1895,20181228T103056Z,1J.TI7A.,"['CH1', 'CH2', 'CHZ']",2018-12-28T10:30:56.850000Z,2.55
1896,20181228T103406Z,1J.TI7A.,"['CH1', 'CH2', 'CHZ']",2018-12-28T10:34:06.010000Z,6.31
1897,20181228T104044Z,1J.TI7A.,"['CH1', 'CH2', 'CHZ']",2018-12-28T10:40:56.180000Z,2.79
1898,20181228T104749Z,1J.TI7A.,"['CH1', 'CH2', 'CHZ']",2018-12-28T10:47:49.610000Z,2.27
1899,20181228T105823Z,1J.TI7A.,"['CH1', 'CH2', 'CHZ']",2018-12-28T10:58:23.810000Z,6.27
1900,20181228T110004Z,1J.TI7A.,"['CH1', 'CH2', 'CHZ']",2018-12-28T11:00:04.780000Z,1.11
1901,20181228T110230Z,1J.TI7A.,"['CH1', 'CH2', 'CHZ']",2018-12-28T11:02:30.360000Z,5.08
1902,20181228T110719Z,1J.TI7A.,"['CH1', 'CH2', 'CHZ']",2018-12-28T11:07:19.330000Z,1.59
1903,20181228T111003Z,1J.TI7A.,"['CH1', 'CH2', 'CHZ']",2018-12-28T11:10:03.940000Z,6.53
1904,20181228T111147Z,1J.TI7A.,"['CH1', 'CH2', 'CHZ']",2018-12-28T11:11:47.640000Z,6.31
1905,20181228T112421Z,1J.TI7A.,"['CH1', 'CH2', 'CHZ']",2018-12-28T11:24:21.430000Z,0.94
1906,20181228T113255Z,1J.TI7A.,"['CH1', 'CH2', 'CHZ']",2018-12-28T11:32:55.510000Z,8.18
1907,20181228T113800Z,1J.TI7A.,"['CH1', 'CH2', 'CHZ']",2018-12-28T11:38:00.760000Z,1.17
1908,20181228T113808Z,1J.TI7A.,"['CH1', 'CH2', 'CHZ']",2018-12-28T11:38:08.530000Z,5.68
1909,20181228T114159Z,1J.TI7A.,"['CH1', 'CH2', 'CHZ']",2018-12-28T11:42:05.020000Z,2.07
1910,20181228T114600Z,1J.TI7A.,"['CH1', 'CH2', 'CHZ']",2018-12-28T11:46:00.700000Z,5.05
1911,20181228T114722Z,1J.TI7A.,"['CH1', 'CH2', 'CHZ']",2018-12-28T11:47:22.470000Z,0.7
1912,20181228T114751Z,1J.TI7A.,"['CH1', 'CH2', 'CHZ']",2018-12-28T11:47:51.420000Z,7.46
1913,20181228T114919Z,1J.TI7A.,"['CH1', 'CH2', 'CHZ']",2018-12-28T11:49:20.900000Z,49.6
1914,20181228T115204Z,1J.TI7A.,"['CH1', 'CH2', 'CHZ']",2018-12-28T11:52:04.900000Z,6.43
1915,20181228T115231Z,1J.TI7A.,"['CH1', 'CH2', 'CHZ']",2018-12-28T11:52:33.990000Z,10.12
1916,20181228T115432Z,1J.TI7A.,"['CH1', 'CH2', 'CHZ']",2018-12-28T11:54:32.260000Z,5.94
1917,20181228T115457Z,1J.TI7A.,"['CH1', 'CH2', 'CHZ']",2018-12-28T11:55:01.090000Z,11.61
1918,20181228T115752Z,1J.TI7A.,"['CH1', 'CH2', 'CHZ']",2018-12-28T11:57:52.010000Z,0.78
1919,20181228T115851Z,1J.TI7A.,"['CH1', 'CH2', 'CHZ']",2018-12-28T11:58:51.430000Z,1.42
1920,20181228T120126Z,1J.TI7A.,"['CH1', 'CH2', 'CHZ']",2018-12-28T12:01:26.940000Z,5.8
1921,20181228T120720Z,1J.TI7A.,"['CH1', 'CH2', 'CHZ']",2018-12-28T12:07:20.440000Z,1.51
1922,20181228T120727Z,1J.TI7A.,"['CH1', 'CH2', 'CHZ']",2018-12-28T12:07:27.680000Z,8.25
1923,20181228T121428Z,1J.TI7A.,"['CH1', 'CH2', 'CHZ']",2018-12-28T12:14:38.170000Z,4.73
1924,20181228T121837Z,1J.TI7A.,"['CH1', 'CH2', 'CHZ']",2018-12-28T12:18:37.000000Z,2.75
1925,20181228T122010Z,1J.TI7A.,"['CH1', 'CH2', 'CHZ']",2018-12-28T12:20:10.940000Z,2.02
1926,20181228T122339Z,1J.TI7A.,"['CH1', 'CH2', 'CHZ']",2018-12-28T12:23:39.980000Z,1.43
1927,20181228T122401Z,1J.TI7A.,"['CH1', 'CH2', 'CHZ']",2018-12-28T12:24:01.700000Z,2.82
1928,20181228T122818Z,1J.TI7A.,"['CH1', 'CH2', 'CHZ']",2018-12-28T12:28:33.540000Z,4.82
1929,20181228T123651Z,1J.TI7A.,"['CH1', 'CH2', 'CHZ']",2018-12-28T12:36:55.320000Z,8.45
1930,20181228T123748Z,1J.TI7A.,"['CH1', 'CH2', 'CHZ']",2018-12-28T12:37:48.100000Z,1.54
1931,20181228T124842Z,1J.TI7A.,"['CH1', 'CH2', 'CHZ']",2018-12-28T12:48:42.900000Z,1.74
1932,20181228T125516Z,1J.TI7A.,"['CH1', 'CH2', 'CHZ']",2018-12-28T12:55:16.020000Z,2.13
1933,20181228T125916Z,1J.TI7A.,"['CH1', 'CH2', 'CHZ']",2018-12-28T12:59:16.740000Z,0.95
1934,20181228T130153Z,1J.TI7A.,"['CH1', 'CH2', 'CHZ']",2018-12-28T13:01:53.270000Z,17.15
1935,20181228T130241Z,1J.TI7A.,"['CH1', 'CH2', 'CHZ']",2018-12-28T13:02:41.590000Z,0.85
1936,20181228T130759Z,1J.TI7A.,"['CH1', 'CH2', 'CHZ']",2018-12-28T13:08:09.660000Z,3.09
1937,20181228T131253Z,1J.TI7A.,"['CH1', 'CH2', 'CHZ']",2018-12-28T13:12:53.450000Z,0.98
1938,20181228T132006Z,1J.TI7A.,"['CH1', 'CH2', 'CHZ']",2018-12-28T13:20:18.300000Z,2.71
1939,20181228T132835Z,1J.TI7A.,"['CH1', 'CH2', 'CHZ']",2018-12-28T13:28:35.860000Z,8.38
1940,20181228T133727Z,1J.TI7A.,"['CH1', 'CH2', 'CHZ']",2018-12-28T13:37:50.240000Z,2.44
1941,20181228T134257Z,1J.TI7A.,"['CH1', 'CH2', 'CHZ']",2018-12-28T13:42:57.350000Z,8.2
1942,20181228T135230Z,1J.TI7A.,"['CH1', 'CH2', 'CHZ']",2018-12-28T13:52:30.330000Z,2.02
1943,20181228T141718Z,1J.TI7A.,"['CH1', 'CH2', 'CHZ']",2018-12-28T14:17:18.080000Z,3.81
1944,20181228T143007Z,1J.TI7A.,"['CH1', 'CH2', 'CHZ']",2018-12-28T14:30:07.400000Z,0.88
1945,20181228T144854Z,1J.TI7A.,"['CH1', 'CH2', 'CHZ']",2018-12-28T14:48:54.170000Z,4.11
1946,20181228T151941Z,1J.TI7A.,"['CH1', 'CH2', 'CHZ']",2018-12-28T15:19:41.680000Z,15.92
1947,20181228T153357Z,1J.TI7A.,"['CH1', 'CH2', 'CHZ']",2018-12-28T15:33:57.640000Z,1.53
1948,20181228T155512Z,1J.TI7A.,"['CH1', 'CH2', 'CHZ']",2018-12-28T15:55:39.200000Z,0.84
1949,20181228T160720Z,1J.TI7A.,"['CH1', 'CH2', 'CHZ']",2018-12-28T16:07:27.510000Z,17.44
1950,20181228T162458Z,1J.TI7A.,"['CH1', 'CH2', 'CHZ']",2018-12-28T16:24:58.090000Z,1.13
1951,20181228T164227Z,1J.TI7A.,"['CH1', 'CH2', 'CHZ']",2018-12-28T16:42:29.610000Z,1.36
1952,20181228T164621Z,1J.TI7A.,"['CH1', 'CH2', 'CHZ']",2018-12-28T16:46:53.580000Z,11.73
1953,20181228T165909Z,1J.TI7A.,"['CH1', 'CH2', 'CHZ']",2018-12-28T16:59:09.720000Z,3.3
1954,20181228T175814Z,1J.TI7A.,"['CH1', 'CH2', 'CHZ']",2018-12-28T17:58:14.510000Z,1.9
1955,20181228T183849Z,1J.TI7A.,"['CH1', 'CH2', 'CHZ']",2018-12-28T18:38:49.120000Z,1.25
1956,20181228T185336Z,1J.TI7A.,"['CH1', 'CH2', 'CHZ']",2018-12-28T18:53:37.420000Z,2.07
1957,20181228T190524Z,1J.TI7A.,"['CH1', 'CH2', 'CHZ']",2018-12-28T19:05:25.310000Z,1.48
1958,20181228T191630Z,1J.TI7A.,"['CH1', 'CH2', 'CHZ']",2018-12-28T19:16:30.310000Z,1.99
1959,20181228T192537Z,1J.TI7A.,"['CH1', 'CH2', 'CHZ']",2018-12-28T19:25:37.640000Z,1.4
1960,20181228T195030Z,1J.TI7A.,"['CH1', 'CH2', 'CHZ']",2018-12-28T19:50:30.390000Z,1.42
1961,20181228T200344Z,1J.TI7A.,"['CH1', 'CH2', 'CHZ']",2018-12-28T20:04:04.870000Z,1.07
1962,20181228T202046Z,1J.TI7A.,"['CH1', 'CH2', 'CHZ']",2018-12-28T20:20:46.490000Z,1.79
1963,20181228T203420Z,1J.TI7A.,"['CH1', 'CH2', 'CHZ']",2018-12-28T20:34:20.200000Z,1.24
1964,20181228T210713Z,1J.TI7A.,"['CH1', 'CH2', 'CHZ']",2018-12-28T21:07:13.220000Z,3.51
1965,20181228T213240Z,1J.TI7A.,"['CH1', 'CH2', 'CHZ']",2018-12-28T21:32:40.030000Z,4.43
1966,20181228T215110Z,1J.TI7A.,"['CH1', 'CH2', 'CHZ']",2018-12-28T21:51:10.910000Z,0.89
1967,20181228T221151Z,1J.TI7A.,"['CH1', 'CH2', 'CHZ']",2018-12-28T22:11:51.590000Z,3.64
1968,20181228T221946Z,1J.TI7A.,"['CH1', 'CH2', 'CHZ']",2018-12-28T22:19:46.970000Z,1.43
1969,20181228T222716Z,1J.TI7A.,"['CH1', 'CH2', 'CHZ']",2018-12-28T22:27:16.890000Z,1.22
1970,20181228T223733Z,1J.TI7A.,"['CH1', 'CH2', 'CHZ']",2018-12-28T22:37:55.460000Z,1.73
1971,20181228T224741Z,1J.TI7A.,"['CH1', 'CH2', 'CHZ']",2018-12-28T22:47:41.830000Z,0.87
1972,20181228T225543Z,1J.TI7A.,"['CH1', 'CH2', 'CHZ']",2018-12-28T22:55:43.460000Z,0.92
1973,20181228T235153Z,1J.TI7A.,"['CH1', 'CH2', 'CHZ']",2018-12-28T23:51:54.490000Z,0.97
