,event_id,station,components,time,duration
0,20190102T023431Z,1J.TI4A.,"['CH1', 'CH2', 'CHZ']",2019-01-02T02:34:33.110000Z,16.5
1,20190102T025310Z,1J.TI4A.,"['CH1', 'CH2', 'CHZ']",2019-01-02T02:53:10.110000Z,24.06
2,20190102T025429Z,1J.TI4A.,"['CH1', 'CH2', 'CHZ']",2019-01-02T02:54:29.700000Z,7.65
3,20190102T025646Z,1J.TI4A.,"['CH1', 'CH2', 'CHZ']",2019-01-02T02:56:46.920000Z,10.24
4,20190102T025818Z,1J.TI4A.,"['CH1', 'CH2', 'CHZ']",2019-01-02T02:58:18.320000Z,23.04
5,20190102T025924Z,1J.TI4A.,"['CH1', 'CH2', 'CHZ']",2019-01-02T02:59:24.280000Z,42.05
6,20190102T030414Z,1J.TI4A.,"['CH1', 'CH2', 'CHZ']",2019-01-02T03:04:14.120000Z,7.97
7,20190102T031026Z,1J.TI4A.,"['CH1', 'CH2', 'CHZ']",2019-01-02T03:10:27.900000Z,1.72
8,20190102T031143Z,1J.TI4A.,"['CH1', 'CH2', 'CHZ']",2019-01-02T03:11:45.240000Z,2.71
9,20190102T031151Z,1J.TI4A.,"['CH1', 'CH2', 'CHZ']",2019-01-02T03:11:57.200000Z,3.24
10,20190102T031308Z,1J.TI4A.,"['CH1', 'CH2', 'CHZ']",2019-01-02T03:13:08.680000Z,47.72
11,20190102T031432Z,1J.TI4A.,"['CH1', 'CH2', 'CHZ']",2019-01-02T03:14:32.400000Z,8.27
12,20190102T032031Z,1J.TI4A.,"['CH1', 'CH2', 'CHZ']",2019-01-02T03:20:41.510000Z,3.29
13,20190102T032109Z,1J.TI4A.,"['CH1', 'CH2', 'CHZ']",2019-01-02T03:21:09.850000Z,11.28
14,20190102T032501Z,1J.TI4A.,"['CH1', 'CH2', 'CHZ']",2019-01-02T03:25:01.240000Z,30.15
15,20190102T032558Z,1J.TI4A.,"['CH1', 'CH2', 'CHZ']",2019-01-02T03:25:58.900000Z,13.97
16,20190102T032654Z,1J.TI4A.,"['CH1', 'CH2', 'CHZ']",2019-01-02T03:26:57.830000Z,6.64
17,20190102T033036Z,1J.TI4A.,"['CH1', 'CH2', 'CHZ']",2019-01-02T03:30:36.480000Z,4.56
18,20190102T033140Z,1J.TI4A.,"['CH1', 'CH2', 'CHZ']",2019-01-02T03:31:40.200000Z,42.13
19,20190102T033426Z,1J.TI4A.,"['CH1', 'CH2', 'CHZ']",2019-01-02T03:34:26.280000Z,53.91
20,20190102T033705Z,1J.TI4A.,"['CH1', 'CH2', 'CHZ']",2019-01-02T03:37:05.840000Z,0.97
21,20190102T041105Z,1J.TI4A.,"['CH1', 'CH2', 'CHZ']",2019-01-02T04:11:05.280000Z,3.64
22,20190102T041138Z,1J.TI4A.,"['CH1', 'CH2', 'CHZ']",2019-01-02T04:11:38.300000Z,6.09
23,20190102T043541Z,1J.TI4A.,"['CH1', 'CH2', 'CHZ']",2019-01-02T04:35:45.370000Z,3.81
24,20190102T043740Z,1J.TI4A.,"['CH1', 'CH2', 'CHZ']",2019-01-02T04:37:40.760000Z,1.21
25,20190102T052854Z,1J.TI4A.,"['CH1', 'CH2', 'CHZ']",2019-01-02T05:29:09.410000Z,11.47
26,20190102T052946Z,1J.TI4A.,"['CH1', 'CH2', 'CHZ']",2019-01-02T05:29:47.850000Z,18.67
27,20190102T054632Z,1J.TI4A.,"['CH1', 'CH2', 'CHZ']",2019-01-02T05:47:05.230000Z,10.62
28,20190102T065841Z,1J.TI4A.,"['CH1', 'CH2', 'CHZ']",2019-01-02T06:58:41.190000Z,0.86
29,20190102T065917Z,1J.TI4A.,"['CH1', 'CH2', 'CHZ']",2019-01-02T06:59:17.660000Z,4.57
30,20190102T070014Z,1J.TI4A.,"['CH1', 'CH2', 'CHZ']",2019-01-02T07:00:50.110000Z,2.56
31,20190102T070143Z,1J.TI4A.,"['CH1', 'CH2', 'CHZ']",2019-01-02T07:01:43.450000Z,56.6
32,20190102T070536Z,1J.TI4A.,"['CH1', 'CH2', 'CHZ']",2019-01-02T07:05:36.400000Z,6.0
33,20190102T073006Z,1J.TI4A.,"['CH1', 'CH2', 'CHZ']",2019-01-02T07:30:06.760000Z,37.29
34,20190102T085950Z,1J.TI4A.,"['CH1', 'CH2', 'CHZ']",2019-01-02T09:00:18.580000Z,11.05
35,20190102T094723Z,1J.TI4A.,"['CH1', 'CH2', 'CHZ']",2019-01-02T09:47:36.190000Z,4.2
36,20190102T101137Z,1J.TI4A.,"['CH1', 'CH2', 'CHZ']",2019-01-02T10:11:37.020000Z,2.49
37,20190102T111738Z,1J.TI4A.,"['CH1', 'CH2', 'CHZ']",2019-01-02T11:17:38.050000Z,8.78
38,20190102T112322Z,1J.TI4A.,"['CH1', 'CH2', 'CHZ']",2019-01-02T11:23:22.550000Z,7.25
39,20190102T112453Z,1J.TI4A.,"['CH1', 'CH2', 'CHZ']",2019-01-02T11:25:02.310000Z,16.05
40,20190102T112823Z,1J.TI4A.,"['CH1', 'CH2', 'CHZ']",2019-01-02T11:28:23.610000Z,2.94
41,20190102T113042Z,1J.TI4A.,"['CH1', 'CH2', 'CHZ']",2019-01-02T11:30:48.420000Z,10.42
42,20190102T113109Z,1J.TI4A.,"['CH1', 'CH2', 'CHZ']",2019-01-02T11:31:20.080000Z,7.31
43,20190102T113725Z,1J.TI4A.,"['CH1', 'CH2', 'CHZ']",2019-01-02T11:37:27.930000Z,27.06
44,20190102T114018Z,1J.TI4A.,"['CH1', 'CH2', 'CHZ']",2019-01-02T11:40:22.810000Z,11.9
45,20190102T114237Z,1J.TI4A.,"['CH1', 'CH2', 'CHZ']",2019-01-02T11:42:37.710000Z,1.16
46,20190102T114300Z,1J.TI4A.,"['CH1', 'CH2', 'CHZ']",2019-01-02T11:43:04.510000Z,18.72
47,20190102T115029Z,1J.TI4A.,"['CH1', 'CH2', 'CHZ']",2019-01-02T11:50:34.250000Z,7.0
48,20190102T115904Z,1J.TI4A.,"['CH1', 'CH2', 'CHZ']",2019-01-02T11:59:04.100000Z,4.82
49,20190102T120050Z,1J.TI4A.,"['CH1', 'CH2', 'CHZ']",2019-01-02T12:00:50.560000Z,9.02
50,20190102T122022Z,1J.TI4A.,"['CH1', 'CH2', 'CHZ']",2019-01-02T12:20:27.180000Z,3.25
51,20190102T122909Z,1J.TI4A.,"['CH1', 'CH2', 'CHZ']",2019-01-02T12:29:09.340000Z,1.34
52,20190102T123045Z,1J.TI4A.,"['CH1', 'CH2', 'CHZ']",2019-01-02T12:30:52.400000Z,39.63
53,20190102T123835Z,1J.TI4A.,"['CH1', 'CH2', 'CHZ']",2019-01-02T12:38:42.410000Z,27.21
54,20190102T124310Z,1J.TI4A.,"['CH1', 'CH2', 'CHZ']",2019-01-02T12:43:14.170000Z,5.86
55,20190102T124824Z,1J.TI4A.,"['CH1', 'CH2', 'CHZ']",2019-01-02T12:48:30.400000Z,21.78
56,20190102T125230Z,1J.TI4A.,"['CH1', 'CH2', 'CHZ']",2019-01-02T12:52:34.740000Z,11.63
57,20190102T125416Z,1J.TI4A.,"['CH1', 'CH2', 'CHZ']",2019-01-02T12:54:16.830000Z,44.37
58,20190102T125550Z,1J.TI4A.,"['CH1', 'CH2', 'CHZ']",2019-01-02T12:55:53.590000Z,2.06
59,20190102T125715Z,1J.TI4A.,"['CH1', 'CH2', 'CHZ']",2019-01-02T12:57:15.240000Z,10.02
60,20190102T125904Z,1J.TI4A.,"['CH1', 'CH2', 'CHZ']",2019-01-02T12:59:17.240000Z,1.39
61,20190102T125943Z,1J.TI4A.,"['CH1', 'CH2', 'CHZ']",2019-01-02T12:59:43.060000Z,4.03
62,20190102T130010Z,1J.TI4A.,"['CH1', 'CH2', 'CHZ']",2019-01-02T13:00:10.150000Z,1.04
63,20190102T130738Z,1J.TI4A.,"['CH1', 'CH2', 'CHZ']",2019-01-02T13:07:50.410000Z,18.23
64,20190102T130829Z,1J.TI4A.,"['CH1', 'CH2', 'CHZ']",2019-01-02T13:08:29.700000Z,7.52
65,20190102T131019Z,1J.TI4A.,"['CH1', 'CH2', 'CHZ']",2019-01-02T13:10:19.220000Z,1.87
66,20190102T131925Z,1J.TI4A.,"['CH1', 'CH2', 'CHZ']",2019-01-02T13:19:33.970000Z,7.17
67,20190102T132009Z,1J.TI4A.,"['CH1', 'CH2', 'CHZ']",2019-01-02T13:20:13.500000Z,8.97
68,20190102T132308Z,1J.TI4A.,"['CH1', 'CH2', 'CHZ']",2019-01-02T13:23:15.780000Z,3.2
69,20190102T132333Z,1J.TI4A.,"['CH1', 'CH2', 'CHZ']",2019-01-02T13:23:34.890000Z,38.52
70,20190102T132543Z,1J.TI4A.,"['CH1', 'CH2', 'CHZ']",2019-01-02T13:25:51.150000Z,15.71
71,20190102T133004Z,1J.TI4A.,"['CH1', 'CH2', 'CHZ']",2019-01-02T13:30:17.500000Z,2.55
72,20190102T133130Z,1J.TI4A.,"['CH1', 'CH2', 'CHZ']",2019-01-02T13:31:31.720000Z,9.66
73,20190102T133421Z,1J.TI4A.,"['CH1', 'CH2', 'CHZ']",2019-01-02T13:34:22.510000Z,9.07
74,20190102T134102Z,1J.TI4A.,"['CH1', 'CH2', 'CHZ']",2019-01-02T13:41:02.350000Z,6.79
75,20190102T134155Z,1J.TI4A.,"['CH1', 'CH2', 'CHZ']",2019-01-02T13:41:58.580000Z,53.11
76,20190102T134744Z,1J.TI4A.,"['CH1', 'CH2', 'CHZ']",2019-01-02T13:48:00.240000Z,1.34
77,20190102T134822Z,1J.TI4A.,"['CH1', 'CH2', 'CHZ']",2019-01-02T13:48:29.340000Z,40.35
78,20190102T135053Z,1J.TI4A.,"['CH1', 'CH2', 'CHZ']",2019-01-02T13:50:53.110000Z,11.68
79,20190102T135122Z,1J.TI4A.,"['CH1', 'CH2', 'CHZ']",2019-01-02T13:52:11.000000Z,9.26
80,20190102T135224Z,1J.TI4A.,"['CH1', 'CH2', 'CHZ']",2019-01-02T13:52:39.860000Z,12.07
81,20190102T135816Z,1J.TI4A.,"['CH1', 'CH2', 'CHZ']",2019-01-02T13:58:17.930000Z,33.86
82,20190102T140224Z,1J.TI4A.,"['CH1', 'CH2', 'CHZ']",2019-01-02T14:02:24.620000Z,30.66
83,20190102T140555Z,1J.TI4A.,"['CH1', 'CH2', 'CHZ']",2019-01-02T14:05:55.720000Z,5.12
84,20190102T140632Z,1J.TI4A.,"['CH1', 'CH2', 'CHZ']",2019-01-02T14:06:33.740000Z,12.34
85,20190102T140844Z,1J.TI4A.,"['CH1', 'CH2', 'CHZ']",2019-01-02T14:08:44.200000Z,1.54
86,20190102T140850Z,1J.TI4A.,"['CH1', 'CH2', 'CHZ']",2019-01-02T14:08:50.800000Z,4.67
87,20190102T141301Z,1J.TI4A.,"['CH1', 'CH2', 'CHZ']",2019-01-02T14:13:01.920000Z,35.84
88,20190102T141444Z,1J.TI4A.,"['CH1', 'CH2', 'CHZ']",2019-01-02T14:14:44.670000Z,10.28
89,20190102T141742Z,1J.TI4A.,"['CH1', 'CH2', 'CHZ']",2019-01-02T14:17:42.800000Z,6.14
90,20190102T142712Z,1J.TI4A.,"['CH1', 'CH2', 'CHZ']",2019-01-02T14:27:13.050000Z,47.75
91,20190102T142901Z,1J.TI4A.,"['CH1', 'CH2', 'CHZ']",2019-01-02T14:29:06.260000Z,5.2
92,20190102T143208Z,1J.TI4A.,"['CH1', 'CH2', 'CHZ']",2019-01-02T14:32:09.720000Z,42.55
93,20190102T144114Z,1J.TI4A.,"['CH1', 'CH2', 'CHZ']",2019-01-02T14:41:16.690000Z,25.4
94,20190102T145008Z,1J.TI4A.,"['CH1', 'CH2', 'CHZ']",2019-01-02T14:50:08.690000Z,13.22
95,20190102T145025Z,1J.TI4A.,"['CH1', 'CH2', 'CHZ']",2019-01-02T14:50:27.080000Z,73.38
96,20190102T145208Z,1J.TI4A.,"['CH1', 'CH2', 'CHZ']",2019-01-02T14:52:09.050000Z,10.93
97,20190102T145556Z,1J.TI4A.,"['CH1', 'CH2', 'CHZ']",2019-01-02T14:55:58.220000Z,2.32
98,20190102T145748Z,1J.TI4A.,"['CH1', 'CH2', 'CHZ']",2019-01-02T14:57:48.340000Z,2.22
99,20190102T150753Z,1J.TI4A.,"['CH1', 'CH2', 'CHZ']",2019-01-02T15:07:55.660000Z,60.7
100,20190102T150929Z,1J.TI4A.,"['CH1', 'CH2', 'CHZ']",2019-01-02T15:09:32.800000Z,35.31
101,20190102T151032Z,1J.TI4A.,"['CH1', 'CH2', 'CHZ']",2019-01-02T15:10:34.990000Z,8.16
102,20190102T151055Z,1J.TI4A.,"['CH1', 'CH2', 'CHZ']",2019-01-02T15:10:56.780000Z,4.9
103,20190102T151601Z,1J.TI4A.,"['CH1', 'CH2', 'CHZ']",2019-01-02T15:16:01.410000Z,8.85
104,20190102T151939Z,1J.TI4A.,"['CH1', 'CH2', 'CHZ']",2019-01-02T15:19:39.750000Z,2.2
105,20190102T153005Z,1J.TI4A.,"['CH1', 'CH2', 'CHZ']",2019-01-02T15:30:05.320000Z,1.71
106,20190102T153506Z,1J.TI4A.,"['CH1', 'CH2', 'CHZ']",2019-01-02T15:35:06.470000Z,5.68
107,20190102T153735Z,1J.TI4A.,"['CH1', 'CH2', 'CHZ']",2019-01-02T15:37:35.470000Z,1.98
108,20190102T163152Z,1J.TI4A.,"['CH1', 'CH2', 'CHZ']",2019-01-02T16:31:52.340000Z,2.5
109,20190102T171222Z,1J.TI4A.,"['CH1', 'CH2', 'CHZ']",2019-01-02T17:12:22.310000Z,0.8
110,20190102T171317Z,1J.TI4A.,"['CH1', 'CH2', 'CHZ']",2019-01-02T17:13:17.550000Z,4.0
111,20190102T171635Z,1J.TI4A.,"['CH1', 'CH2', 'CHZ']",2019-01-02T17:16:35.700000Z,2.33
112,20190102T171719Z,1J.TI4A.,"['CH1', 'CH2', 'CHZ']",2019-01-02T17:17:19.000000Z,4.11
113,20190102T185506Z,1J.TI4A.,"['CH1', 'CH2', 'CHZ']",2019-01-02T18:55:06.620000Z,3.13
114,20190102T185744Z,1J.TI4A.,"['CH1', 'CH2', 'CHZ']",2019-01-02T18:57:44.990000Z,1.56
115,20190102T190101Z,1J.TI4A.,"['CH1', 'CH2', 'CHZ']",2019-01-02T19:01:01.110000Z,1.51
116,20190102T190448Z,1J.TI4A.,"['CH1', 'CH2', 'CHZ']",2019-01-02T19:04:48.930000Z,1.69
117,20190102T190549Z,1J.TI4A.,"['CH1', 'CH2', 'CHZ']",2019-01-02T19:05:49.470000Z,2.57
118,20190102T190643Z,1J.TI4A.,"['CH1', 'CH2', 'CHZ']",2019-01-02T19:06:43.440000Z,5.07
119,20190102T190841Z,1J.TI4A.,"['CH1', 'CH2', 'CHZ']",2019-01-02T19:08:41.690000Z,1.68
120,20190102T190959Z,1J.TI4A.,"['CH1', 'CH2', 'CHZ']",2019-01-02T19:09:59.250000Z,4.66
121,20190102T191452Z,1J.TI4A.,"['CH1', 'CH2', 'CHZ']",2019-01-02T19:14:52.080000Z,2.14
122,20190102T191504Z,1J.TI4A.,"['CH1', 'CH2', 'CHZ']",2019-01-02T19:15:04.340000Z,5.59
123,20190102T192018Z,1J.TI4A.,"['CH1', 'CH2', 'CHZ']",2019-01-02T19:20:18.550000Z,1.81
124,20190102T192119Z,1J.TI4A.,"['CH1', 'CH2', 'CHZ']",2019-01-02T19:21:19.030000Z,0.96
125,20190102T192214Z,1J.TI4A.,"['CH1', 'CH2', 'CHZ']",2019-01-02T19:22:14.730000Z,0.82
126,20190102T192222Z,1J.TI4A.,"['CH1', 'CH2', 'CHZ']",2019-01-02T19:22:22.240000Z,0.96
127,20190102T192250Z,1J.TI4A.,"['CH1', 'CH2', 'CHZ']",2019-01-02T19:22:50.710000Z,1.37
128,20190102T192335Z,1J.TI4A.,"['CH1', 'CH2', 'CHZ']",2019-01-02T19:23:43.470000Z,2.39
129,20190102T193502Z,1J.TI4A.,"['CH1', 'CH2', 'CHZ']",2019-01-02T19:35:14.530000Z,1.16
130,20190102T193616Z,1J.TI4A.,"['CH1', 'CH2', 'CHZ']",2019-01-02T19:36:16.440000Z,1.66
131,20190102T195350Z,1J.TI4A.,"['CH1', 'CH2', 'CHZ']",2019-01-02T19:53:50.910000Z,1.52
132,20190102T202223Z,1J.TI4A.,"['CH1', 'CH2', 'CHZ']",2019-01-02T20:22:23.570000Z,1.96
133,20190102T204310Z,1J.TI4A.,"['CH1', 'CH2', 'CHZ']",2019-01-02T20:43:10.310000Z,3.35
134,20190102T223025Z,1J.TI4A.,"['CH1', 'CH2', 'CHZ']",2019-01-02T22:30:25.920000Z,24.8
135,20190102T223318Z,1J.TI4A.,"['CH1', 'CH2', 'CHZ']",2019-01-02T22:33:18.420000Z,8.06
136,20190102T223509Z,1J.TI4A.,"['CH1', 'CH2', 'CHZ']",2019-01-02T22:35:12.420000Z,4.28
137,20190102T225422Z,1J.TI4A.,"['CH1', 'CH2', 'CHZ']",2019-01-02T22:54:22.220000Z,47.31
138,20190102T230315Z,1J.TI4A.,"['CH1', 'CH2', 'CHZ']",2019-01-02T23:03:15.700000Z,1.34
139,20190102T230629Z,1J.TI4A.,"['CH1', 'CH2', 'CHZ']",2019-01-02T23:06:29.540000Z,0.72
140,20190102T232200Z,1J.TI4A.,"['CH1', 'CH2', 'CHZ']",2019-01-02T23:22:00.100000Z,14.96
141,20190102T232302Z,1J.TI4A.,"['CH1', 'CH2', 'CHZ']",2019-01-02T23:23:02.280000Z,10.34
142,20190102T232320Z,1J.TI4A.,"['CH1', 'CH2', 'CHZ']",2019-01-02T23:23:20.100000Z,13.73
143,20190102T232451Z,1J.TI4A.,"['CH1', 'CH2', 'CHZ']",2019-01-02T23:24:51.850000Z,1.92
144,20190102T232721Z,1J.TI4A.,"['CH1', 'CH2', 'CHZ']",2019-01-02T23:27:21.440000Z,1.97
145,20190102T232826Z,1J.TI4A.,"['CH1', 'CH2', 'CHZ']",2019-01-02T23:28:40.310000Z,13.14
146,20190102T233059Z,1J.TI4A.,"['CH1', 'CH2', 'CHZ']",2019-01-02T23:30:59.650000Z,1.41
147,20190102T233229Z,1J.TI4A.,"['CH1', 'CH2', 'CHZ']",2019-01-02T23:32:29.530000Z,1.01
148,20190102T233404Z,1J.TI4A.,"['CH1', 'CH2', 'CHZ']",2019-01-02T23:34:04.530000Z,2.53
149,20190102T233518Z,1J.TI4A.,"['CH1', 'CH2', 'CHZ']",2019-01-02T23:35:18.300000Z,2.13
150,20190102T233658Z,1J.TI4A.,"['CH1', 'CH2', 'CHZ']",2019-01-02T23:36:59.020000Z,1.75
151,20190102T235737Z,1J.TI4A.,"['CH1', 'CH2', 'CHZ']",2019-01-02T23:57:54.800000Z,0.69
152,20190102T000122Z,1J.TI3A.,"['CH1', 'CH2', 'CHZ']",2019-01-02T00:01:22.290000Z,2.95
153,20190102T000613Z,1J.TI3A.,"['CH1', 'CH2', 'CHZ']",2019-01-02T00:06:13.800000Z,3.61
154,20190102T000700Z,1J.TI3A.,"['CH1', 'CH2', 'CHZ']",2019-01-02T00:07:00.470000Z,1.18
155,20190102T000736Z,1J.TI3A.,"['CH1', 'CH2', 'CHZ']",2019-01-02T00:07:36.870000Z,1.67
156,20190102T001225Z,1J.TI3A.,"['CH1', 'CH2', 'CHZ']",2019-01-02T00:12:50.410000Z,12.47
157,20190102T002332Z,1J.TI3A.,"['CH1', 'CH2', 'CHZ']",2019-01-02T00:23:32.190000Z,4.82
158,20190102T003815Z,1J.TI3A.,"['CH1', 'CH2', 'CHZ']",2019-01-02T00:38:16.560000Z,22.28
159,20190102T003959Z,1J.TI3A.,"['CH1', 'CH2', 'CHZ']",2019-01-02T00:39:59.820000Z,3.54
160,20190102T005240Z,1J.TI3A.,"['CH1', 'CH2', 'CHZ']",2019-01-02T00:52:44.280000Z,5.86
161,20190102T011356Z,1J.TI3A.,"['CH1', 'CH2', 'CHZ']",2019-01-02T01:13:56.180000Z,7.44
162,20190102T011635Z,1J.TI3A.,"['CH1', 'CH2', 'CHZ']",2019-01-02T01:17:01.420000Z,6.96
163,20190102T012004Z,1J.TI3A.,"['CH1', 'CH2', 'CHZ']",2019-01-02T01:20:04.260000Z,2.91
164,20190102T013405Z,1J.TI3A.,"['CH1', 'CH2', 'CHZ']",2019-01-02T01:34:05.850000Z,2.72
165,20190102T015542Z,1J.TI3A.,"['CH1', 'CH2', 'CHZ']",2019-01-02T01:55:42.220000Z,1.47
166,20190102T020034Z,1J.TI3A.,"['CH1', 'CH2', 'CHZ']",2019-01-02T02:00:34.810000Z,3.26
167,20190102T021635Z,1J.TI3A.,"['CH1', 'CH2', 'CHZ']",2019-01-02T02:17:01.140000Z,15.89
168,20190102T022701Z,1J.TI3A.,"['CH1', 'CH2', 'CHZ']",2019-01-02T02:27:01.850000Z,4.46
169,20190102T023035Z,1J.TI3A.,"['CH1', 'CH2', 'CHZ']",2019-01-02T02:30:35.410000Z,9.49
170,20190102T023213Z,1J.TI3A.,"['CH1', 'CH2', 'CHZ']",2019-01-02T02:32:13.390000Z,1.76
171,20190102T023232Z,1J.TI3A.,"['CH1', 'CH2', 'CHZ']",2019-01-02T02:32:32.350000Z,1.4
172,20190102T023731Z,1J.TI3A.,"['CH1', 'CH2', 'CHZ']",2019-01-02T02:37:31.350000Z,23.7
173,20190102T023931Z,1J.TI3A.,"['CH1', 'CH2', 'CHZ']",2019-01-02T02:39:31.190000Z,2.28
174,20190102T024047Z,1J.TI3A.,"['CH1', 'CH2', 'CHZ']",2019-01-02T02:40:47.030000Z,0.98
175,20190102T024242Z,1J.TI3A.,"['CH1', 'CH2', 'CHZ']",2019-01-02T02:42:42.320000Z,2.45
176,20190102T024318Z,1J.TI3A.,"['CH1', 'CH2', 'CHZ']",2019-01-02T02:43:18.900000Z,21.43
177,20190102T024930Z,1J.TI3A.,"['CH1', 'CH2', 'CHZ']",2019-01-02T02:49:30.810000Z,9.54
178,20190102T025254Z,1J.TI3A.,"['CH1', 'CH2', 'CHZ']",2019-01-02T02:52:54.440000Z,5.88
179,20190102T030059Z,1J.TI3A.,"['CH1', 'CH2', 'CHZ']",2019-01-02T03:00:59.920000Z,10.23
180,20190102T030452Z,1J.TI3A.,"['CH1', 'CH2', 'CHZ']",2019-01-02T03:04:52.240000Z,51.88
181,20190102T031120Z,1J.TI3A.,"['CH1', 'CH2', 'CHZ']",2019-01-02T03:11:20.540000Z,2.03
182,20190102T031226Z,1J.TI3A.,"['CH1', 'CH2', 'CHZ']",2019-01-02T03:12:26.970000Z,1.3
183,20190102T031711Z,1J.TI3A.,"['CH1', 'CH2', 'CHZ']",2019-01-02T03:17:11.240000Z,4.0
184,20190102T031727Z,1J.TI3A.,"['CH1', 'CH2', 'CHZ']",2019-01-02T03:17:27.550000Z,6.7
185,20190102T032217Z,1J.TI3A.,"['CH1', 'CH2', 'CHZ']",2019-01-02T03:22:17.450000Z,2.89
186,20190102T032345Z,1J.TI3A.,"['CH1', 'CH2', 'CHZ']",2019-01-02T03:23:45.140000Z,31.25
187,20190102T032654Z,1J.TI3A.,"['CH1', 'CH2', 'CHZ']",2019-01-02T03:27:20.420000Z,20.74
188,20190102T032944Z,1J.TI3A.,"['CH1', 'CH2', 'CHZ']",2019-01-02T03:29:44.650000Z,3.03
189,20190102T033049Z,1J.TI3A.,"['CH1', 'CH2', 'CHZ']",2019-01-02T03:30:49.940000Z,2.48
190,20190102T033900Z,1J.TI3A.,"['CH1', 'CH2', 'CHZ']",2019-01-02T03:39:00.870000Z,12.61
191,20190102T034230Z,1J.TI3A.,"['CH1', 'CH2', 'CHZ']",2019-01-02T03:42:30.260000Z,3.73
192,20190102T034431Z,1J.TI3A.,"['CH1', 'CH2', 'CHZ']",2019-01-02T03:44:31.450000Z,4.91
193,20190102T040507Z,1J.TI3A.,"['CH1', 'CH2', 'CHZ']",2019-01-02T04:05:07.660000Z,1.42
194,20190102T040638Z,1J.TI3A.,"['CH1', 'CH2', 'CHZ']",2019-01-02T04:06:38.210000Z,10.9
195,20190102T040705Z,1J.TI3A.,"['CH1', 'CH2', 'CHZ']",2019-01-02T04:07:05.180000Z,54.53
196,20190102T041138Z,1J.TI3A.,"['CH1', 'CH2', 'CHZ']",2019-01-02T04:11:57.140000Z,22.93
197,20190102T041250Z,1J.TI3A.,"['CH1', 'CH2', 'CHZ']",2019-01-02T04:12:50.310000Z,1.22
198,20190102T041723Z,1J.TI3A.,"['CH1', 'CH2', 'CHZ']",2019-01-02T04:17:23.970000Z,3.71
199,20190102T041740Z,1J.TI3A.,"['CH1', 'CH2', 'CHZ']",2019-01-02T04:17:40.190000Z,1.53
200,20190102T041813Z,1J.TI3A.,"['CH1', 'CH2', 'CHZ']",2019-01-02T04:18:13.110000Z,1.51
201,20190102T041823Z,1J.TI3A.,"['CH1', 'CH2', 'CHZ']",2019-01-02T04:18:23.980000Z,9.9
202,20190102T042712Z,1J.TI3A.,"['CH1', 'CH2', 'CHZ']",2019-01-02T04:27:40.660000Z,13.4
203,20190102T043116Z,1J.TI3A.,"['CH1', 'CH2', 'CHZ']",2019-01-02T04:31:28.680000Z,9.79
204,20190102T044151Z,1J.TI3A.,"['CH1', 'CH2', 'CHZ']",2019-01-02T04:41:51.130000Z,5.6
205,20190102T045626Z,1J.TI3A.,"['CH1', 'CH2', 'CHZ']",2019-01-02T04:56:28.040000Z,20.75
206,20190102T051741Z,1J.TI3A.,"['CH1', 'CH2', 'CHZ']",2019-01-02T05:17:46.730000Z,3.14
207,20190102T053523Z,1J.TI3A.,"['CH1', 'CH2', 'CHZ']",2019-01-02T05:35:23.640000Z,2.66
208,20190102T053544Z,1J.TI3A.,"['CH1', 'CH2', 'CHZ']",2019-01-02T05:35:45.360000Z,20.99
209,20190102T060022Z,1J.TI3A.,"['CH1', 'CH2', 'CHZ']",2019-01-02T06:00:49.790000Z,11.24
210,20190102T060527Z,1J.TI3A.,"['CH1', 'CH2', 'CHZ']",2019-01-02T06:05:40.690000Z,14.98
211,20190102T060739Z,1J.TI3A.,"['CH1', 'CH2', 'CHZ']",2019-01-02T06:07:39.760000Z,3.07
212,20190102T061858Z,1J.TI3A.,"['CH1', 'CH2', 'CHZ']",2019-01-02T06:18:58.990000Z,14.86
213,20190102T062258Z,1J.TI3A.,"['CH1', 'CH2', 'CHZ']",2019-01-02T06:22:58.160000Z,1.29
214,20190102T062538Z,1J.TI3A.,"['CH1', 'CH2', 'CHZ']",2019-01-02T06:25:38.700000Z,4.53
215,20190102T063037Z,1J.TI3A.,"['CH1', 'CH2', 'CHZ']",2019-01-02T06:30:37.720000Z,1.61
216,20190102T063338Z,1J.TI3A.,"['CH1', 'CH2', 'CHZ']",2019-01-02T06:33:38.730000Z,22.33
217,20190102T063516Z,1J.TI3A.,"['CH1', 'CH2', 'CHZ']",2019-01-02T06:35:16.300000Z,3.59
218,20190102T063704Z,1J.TI3A.,"['CH1', 'CH2', 'CHZ']",2019-01-02T06:37:33.420000Z,9.98
219,20190102T063905Z,1J.TI3A.,"['CH1', 'CH2', 'CHZ']",2019-01-02T06:39:05.800000Z,3.9
220,20190102T063952Z,1J.TI3A.,"['CH1', 'CH2', 'CHZ']",2019-01-02T06:39:52.030000Z,14.54
221,20190102T065232Z,1J.TI3A.,"['CH1', 'CH2', 'CHZ']",2019-01-02T06:52:33.940000Z,17.83
222,20190102T065522Z,1J.TI3A.,"['CH1', 'CH2', 'CHZ']",2019-01-02T06:55:22.330000Z,2.58
223,20190102T071104Z,1J.TI3A.,"['CH1', 'CH2', 'CHZ']",2019-01-02T07:11:04.190000Z,1.46
224,20190102T071558Z,1J.TI3A.,"['CH1', 'CH2', 'CHZ']",2019-01-02T07:15:59.230000Z,20.82
225,20190102T072355Z,1J.TI3A.,"['CH1', 'CH2', 'CHZ']",2019-01-02T07:23:55.960000Z,1.21
226,20190102T073006Z,1J.TI3A.,"['CH1', 'CH2', 'CHZ']",2019-01-02T07:30:21.000000Z,0.91
227,20190102T073455Z,1J.TI3A.,"['CH1', 'CH2', 'CHZ']",2019-01-02T07:34:55.530000Z,21.85
228,20190102T074128Z,1J.TI3A.,"['CH1', 'CH2', 'CHZ']",2019-01-02T07:41:31.220000Z,9.27
229,20190102T074215Z,1J.TI3A.,"['CH1', 'CH2', 'CHZ']",2019-01-02T07:42:15.790000Z,4.37
230,20190102T075244Z,1J.TI3A.,"['CH1', 'CH2', 'CHZ']",2019-01-02T07:52:47.210000Z,11.63
231,20190102T075911Z,1J.TI3A.,"['CH1', 'CH2', 'CHZ']",2019-01-02T07:59:11.400000Z,1.46
232,20190102T080356Z,1J.TI3A.,"['CH1', 'CH2', 'CHZ']",2019-01-02T08:03:56.540000Z,4.45
233,20190102T080630Z,1J.TI3A.,"['CH1', 'CH2', 'CHZ']",2019-01-02T08:06:30.290000Z,2.29
234,20190102T081211Z,1J.TI3A.,"['CH1', 'CH2', 'CHZ']",2019-01-02T08:12:11.180000Z,2.04
235,20190102T081417Z,1J.TI3A.,"['CH1', 'CH2', 'CHZ']",2019-01-02T08:14:18.160000Z,21.68
236,20190102T081915Z,1J.TI3A.,"['CH1', 'CH2', 'CHZ']",2019-01-02T08:19:20.120000Z,3.8
237,20190102T082427Z,1J.TI3A.,"['CH1', 'CH2', 'CHZ']",2019-01-02T08:24:27.510000Z,14.28
238,20190102T083634Z,1J.TI3A.,"['CH1', 'CH2', 'CHZ']",2019-01-02T08:36:34.900000Z,1.49
239,20190102T083658Z,1J.TI3A.,"['CH1', 'CH2', 'CHZ']",2019-01-02T08:37:04.440000Z,17.15
240,20190102T085355Z,1J.TI3A.,"['CH1', 'CH2', 'CHZ']",2019-01-02T08:53:55.170000Z,1.58
241,20190102T090417Z,1J.TI3A.,"['CH1', 'CH2', 'CHZ']",2019-01-02T09:04:18.680000Z,18.16
242,20190102T091241Z,1J.TI3A.,"['CH1', 'CH2', 'CHZ']",2019-01-02T09:12:55.480000Z,10.17
243,20190102T093006Z,1J.TI3A.,"['CH1', 'CH2', 'CHZ']",2019-01-02T09:30:06.410000Z,3.74
244,20190102T093446Z,1J.TI3A.,"['CH1', 'CH2', 'CHZ']",2019-01-02T09:34:46.100000Z,1.84
245,20190102T094606Z,1J.TI3A.,"['CH1', 'CH2', 'CHZ']",2019-01-02T09:46:08.250000Z,21.17
246,20190102T095243Z,1J.TI3A.,"['CH1', 'CH2', 'CHZ']",2019-01-02T09:52:43.560000Z,1.53
247,20190102T095420Z,1J.TI3A.,"['CH1', 'CH2', 'CHZ']",2019-01-02T09:54:20.500000Z,1.07
248,20190102T100039Z,1J.TI3A.,"['CH1', 'CH2', 'CHZ']",2019-01-02T10:00:42.250000Z,8.68
249,20190102T102409Z,1J.TI3A.,"['CH1', 'CH2', 'CHZ']",2019-01-02T10:24:09.790000Z,2.3
250,20190102T102938Z,1J.TI3A.,"['CH1', 'CH2', 'CHZ']",2019-01-02T10:29:38.070000Z,1.93
251,20190102T103309Z,1J.TI3A.,"['CH1', 'CH2', 'CHZ']",2019-01-02T10:33:11.620000Z,8.78
252,20190102T103617Z,1J.TI3A.,"['CH1', 'CH2', 'CHZ']",2019-01-02T10:36:17.710000Z,4.36
253,20190102T103917Z,1J.TI3A.,"['CH1', 'CH2', 'CHZ']",2019-01-02T10:39:17.880000Z,2.23
254,20190102T105741Z,1J.TI3A.,"['CH1', 'CH2', 'CHZ']",2019-01-02T10:57:41.130000Z,33.43
255,20190102T110305Z,1J.TI3A.,"['CH1', 'CH2', 'CHZ']",2019-01-02T11:03:05.010000Z,6.19
256,20190102T110324Z,1J.TI3A.,"['CH1', 'CH2', 'CHZ']",2019-01-02T11:03:24.680000Z,48.39
257,20190102T110840Z,1J.TI3A.,"['CH1', 'CH2', 'CHZ']",2019-01-02T11:08:40.770000Z,2.07
258,20190102T111103Z,1J.TI3A.,"['CH1', 'CH2', 'CHZ']",2019-01-02T11:11:03.150000Z,40.93
259,20190102T112453Z,1J.TI3A.,"['CH1', 'CH2', 'CHZ']",2019-01-02T11:25:05.790000Z,12.87
260,20190102T112828Z,1J.TI3A.,"['CH1', 'CH2', 'CHZ']",2019-01-02T11:28:28.170000Z,2.97
261,20190102T112916Z,1J.TI3A.,"['CH1', 'CH2', 'CHZ']",2019-01-02T11:29:16.330000Z,3.69
262,20190102T112950Z,1J.TI3A.,"['CH1', 'CH2', 'CHZ']",2019-01-02T11:29:50.010000Z,17.82
263,20190102T113042Z,1J.TI3A.,"['CH1', 'CH2', 'CHZ']",2019-01-02T11:30:42.930000Z,2.27
264,20190102T113109Z,1J.TI3A.,"['CH1', 'CH2', 'CHZ']",2019-01-02T11:31:09.600000Z,16.8
265,20190102T113301Z,1J.TI3A.,"['CH1', 'CH2', 'CHZ']",2019-01-02T11:33:01.630000Z,7.24
266,20190102T113540Z,1J.TI3A.,"['CH1', 'CH2', 'CHZ']",2019-01-02T11:35:40.990000Z,1.72
267,20190102T113628Z,1J.TI3A.,"['CH1', 'CH2', 'CHZ']",2019-01-02T11:36:28.760000Z,9.18
268,20190102T113725Z,1J.TI3A.,"['CH1', 'CH2', 'CHZ']",2019-01-02T11:37:25.600000Z,24.68
269,20190102T113945Z,1J.TI3A.,"['CH1', 'CH2', 'CHZ']",2019-01-02T11:39:45.690000Z,0.88
270,20190102T114018Z,1J.TI3A.,"['CH1', 'CH2', 'CHZ']",2019-01-02T11:40:18.220000Z,13.1
271,20190102T114042Z,1J.TI3A.,"['CH1', 'CH2', 'CHZ']",2019-01-02T11:40:42.300000Z,10.76
272,20190102T115029Z,1J.TI3A.,"['CH1', 'CH2', 'CHZ']",2019-01-02T11:50:29.960000Z,11.8
273,20190102T115154Z,1J.TI3A.,"['CH1', 'CH2', 'CHZ']",2019-01-02T11:51:54.040000Z,1.77
274,20190102T115217Z,1J.TI3A.,"['CH1', 'CH2', 'CHZ']",2019-01-02T11:52:21.000000Z,14.55
275,20190102T115525Z,1J.TI3A.,"['CH1', 'CH2', 'CHZ']",2019-01-02T11:55:25.190000Z,17.49
276,20190102T115741Z,1J.TI3A.,"['CH1', 'CH2', 'CHZ']",2019-01-02T11:57:41.700000Z,12.5
277,20190102T115937Z,1J.TI3A.,"['CH1', 'CH2', 'CHZ']",2019-01-02T11:59:37.870000Z,9.55
278,20190102T120143Z,1J.TI3A.,"['CH1', 'CH2', 'CHZ']",2019-01-02T12:01:43.600000Z,7.01
279,20190102T120307Z,1J.TI3A.,"['CH1', 'CH2', 'CHZ']",2019-01-02T12:03:07.510000Z,4.08
280,20190102T120725Z,1J.TI3A.,"['CH1', 'CH2', 'CHZ']",2019-01-02T12:07:25.940000Z,5.16
281,20190102T121004Z,1J.TI3A.,"['CH1', 'CH2', 'CHZ']",2019-01-02T12:10:04.570000Z,15.56
282,20190102T121844Z,1J.TI3A.,"['CH1', 'CH2', 'CHZ']",2019-01-02T12:18:44.460000Z,9.83
283,20190102T122022Z,1J.TI3A.,"['CH1', 'CH2', 'CHZ']",2019-01-02T12:20:22.760000Z,9.67
284,20190102T122705Z,1J.TI3A.,"['CH1', 'CH2', 'CHZ']",2019-01-02T12:27:05.860000Z,21.3
285,20190102T123045Z,1J.TI3A.,"['CH1', 'CH2', 'CHZ']",2019-01-02T12:31:11.430000Z,21.21
286,20190102T123347Z,1J.TI3A.,"['CH1', 'CH2', 'CHZ']",2019-01-02T12:33:47.580000Z,9.7
287,20190102T123635Z,1J.TI3A.,"['CH1', 'CH2', 'CHZ']",2019-01-02T12:36:35.120000Z,5.43
288,20190102T123700Z,1J.TI3A.,"['CH1', 'CH2', 'CHZ']",2019-01-02T12:37:00.670000Z,16.73
289,20190102T123835Z,1J.TI3A.,"['CH1', 'CH2', 'CHZ']",2019-01-02T12:38:40.170000Z,24.75
290,20190102T124125Z,1J.TI3A.,"['CH1', 'CH2', 'CHZ']",2019-01-02T12:41:25.080000Z,2.76
291,20190102T124310Z,1J.TI3A.,"['CH1', 'CH2', 'CHZ']",2019-01-02T12:43:10.600000Z,7.39
292,20190102T124423Z,1J.TI3A.,"['CH1', 'CH2', 'CHZ']",2019-01-02T12:44:23.970000Z,9.5
293,20190102T124649Z,1J.TI3A.,"['CH1', 'CH2', 'CHZ']",2019-01-02T12:46:49.900000Z,8.7
294,20190102T124824Z,1J.TI3A.,"['CH1', 'CH2', 'CHZ']",2019-01-02T12:48:24.600000Z,25.4
295,20190102T125230Z,1J.TI3A.,"['CH1', 'CH2', 'CHZ']",2019-01-02T12:52:30.420000Z,8.57
296,20190102T125337Z,1J.TI3A.,"['CH1', 'CH2', 'CHZ']",2019-01-02T12:53:40.070000Z,15.91
297,20190102T125416Z,1J.TI3A.,"['CH1', 'CH2', 'CHZ']",2019-01-02T12:54:24.660000Z,22.76
298,20190102T125550Z,1J.TI3A.,"['CH1', 'CH2', 'CHZ']",2019-01-02T12:55:50.010000Z,4.8
299,20190102T125612Z,1J.TI3A.,"['CH1', 'CH2', 'CHZ']",2019-01-02T12:56:12.260000Z,4.6
300,20190102T125904Z,1J.TI3A.,"['CH1', 'CH2', 'CHZ']",2019-01-02T12:59:13.570000Z,10.03
301,20190102T130612Z,1J.TI3A.,"['CH1', 'CH2', 'CHZ']",2019-01-02T13:06:12.250000Z,5.67
302,20190102T130738Z,1J.TI3A.,"['CH1', 'CH2', 'CHZ']",2019-01-02T13:07:46.910000Z,22.73
303,20190102T131925Z,1J.TI3A.,"['CH1', 'CH2', 'CHZ']",2019-01-02T13:19:25.830000Z,17.75
304,20190102T132009Z,1J.TI3A.,"['CH1', 'CH2', 'CHZ']",2019-01-02T13:20:09.930000Z,9.64
305,20190102T132308Z,1J.TI3A.,"['CH1', 'CH2', 'CHZ']",2019-01-02T13:23:11.500000Z,18.05
306,20190102T132543Z,1J.TI3A.,"['CH1', 'CH2', 'CHZ']",2019-01-02T13:25:49.940000Z,14.84
307,20190102T133130Z,1J.TI3A.,"['CH1', 'CH2', 'CHZ']",2019-01-02T13:31:30.380000Z,9.51
308,20190102T133316Z,1J.TI3A.,"['CH1', 'CH2', 'CHZ']",2019-01-02T13:33:16.280000Z,23.71
309,20190102T133439Z,1J.TI3A.,"['CH1', 'CH2', 'CHZ']",2019-01-02T13:34:39.940000Z,6.16
310,20190102T133601Z,1J.TI3A.,"['CH1', 'CH2', 'CHZ']",2019-01-02T13:36:01.660000Z,10.16
311,20190102T133804Z,1J.TI3A.,"['CH1', 'CH2', 'CHZ']",2019-01-02T13:38:04.080000Z,6.76
312,20190102T134006Z,1J.TI3A.,"['CH1', 'CH2', 'CHZ']",2019-01-02T13:40:06.920000Z,15.13
313,20190102T134155Z,1J.TI3A.,"['CH1', 'CH2', 'CHZ']",2019-01-02T13:41:55.270000Z,50.01
314,20190102T134410Z,1J.TI3A.,"['CH1', 'CH2', 'CHZ']",2019-01-02T13:44:10.230000Z,4.08
315,20190102T134822Z,1J.TI3A.,"['CH1', 'CH2', 'CHZ']",2019-01-02T13:48:29.290000Z,46.6
316,20190102T135122Z,1J.TI3A.,"['CH1', 'CH2', 'CHZ']",2019-01-02T13:52:04.360000Z,15.65
317,20190102T135224Z,1J.TI3A.,"['CH1', 'CH2', 'CHZ']",2019-01-02T13:52:32.750000Z,18.17
318,20190102T135533Z,1J.TI3A.,"['CH1', 'CH2', 'CHZ']",2019-01-02T13:55:33.180000Z,9.67
319,20190102T135617Z,1J.TI3A.,"['CH1', 'CH2', 'CHZ']",2019-01-02T13:56:17.980000Z,7.83
320,20190102T135816Z,1J.TI3A.,"['CH1', 'CH2', 'CHZ']",2019-01-02T13:58:17.850000Z,39.71
321,20190102T135955Z,1J.TI3A.,"['CH1', 'CH2', 'CHZ']",2019-01-02T13:59:55.650000Z,2.22
322,20190102T140437Z,1J.TI3A.,"['CH1', 'CH2', 'CHZ']",2019-01-02T14:04:37.440000Z,17.89
323,20190102T140536Z,1J.TI3A.,"['CH1', 'CH2', 'CHZ']",2019-01-02T14:05:36.160000Z,3.8
324,20190102T140632Z,1J.TI3A.,"['CH1', 'CH2', 'CHZ']",2019-01-02T14:06:33.990000Z,41.05
325,20190102T140801Z,1J.TI3A.,"['CH1', 'CH2', 'CHZ']",2019-01-02T14:08:01.640000Z,7.0
326,20190102T140916Z,1J.TI3A.,"['CH1', 'CH2', 'CHZ']",2019-01-02T14:09:18.470000Z,2.21
327,20190102T141301Z,1J.TI3A.,"['CH1', 'CH2', 'CHZ']",2019-01-02T14:13:06.800000Z,36.32
328,20190102T142712Z,1J.TI3A.,"['CH1', 'CH2', 'CHZ']",2019-01-02T14:27:13.740000Z,48.37
329,20190102T142901Z,1J.TI3A.,"['CH1', 'CH2', 'CHZ']",2019-01-02T14:29:01.470000Z,2.61
330,20190102T142927Z,1J.TI3A.,"['CH1', 'CH2', 'CHZ']",2019-01-02T14:29:27.450000Z,12.21
331,20190102T143208Z,1J.TI3A.,"['CH1', 'CH2', 'CHZ']",2019-01-02T14:32:09.730000Z,49.16
332,20190102T143439Z,1J.TI3A.,"['CH1', 'CH2', 'CHZ']",2019-01-02T14:34:39.600000Z,11.14
333,20190102T144114Z,1J.TI3A.,"['CH1', 'CH2', 'CHZ']",2019-01-02T14:41:14.840000Z,23.41
334,20190102T145004Z,1J.TI3A.,"['CH1', 'CH2', 'CHZ']",2019-01-02T14:50:04.760000Z,2.12
335,20190102T145025Z,1J.TI3A.,"['CH1', 'CH2', 'CHZ']",2019-01-02T14:50:31.050000Z,78.83
336,20190102T145208Z,1J.TI3A.,"['CH1', 'CH2', 'CHZ']",2019-01-02T14:52:10.020000Z,3.09
337,20190102T145619Z,1J.TI3A.,"['CH1', 'CH2', 'CHZ']",2019-01-02T14:56:19.860000Z,3.45
338,20190102T145630Z,1J.TI3A.,"['CH1', 'CH2', 'CHZ']",2019-01-02T14:56:30.540000Z,2.38
339,20190102T145743Z,1J.TI3A.,"['CH1', 'CH2', 'CHZ']",2019-01-02T14:57:43.450000Z,2.47
340,20190102T145911Z,1J.TI3A.,"['CH1', 'CH2', 'CHZ']",2019-01-02T14:59:11.890000Z,14.73
341,20190102T145956Z,1J.TI3A.,"['CH1', 'CH2', 'CHZ']",2019-01-02T14:59:56.380000Z,6.04
342,20190102T150209Z,1J.TI3A.,"['CH1', 'CH2', 'CHZ']",2019-01-02T15:02:09.060000Z,5.53
343,20190102T150406Z,1J.TI3A.,"['CH1', 'CH2', 'CHZ']",2019-01-02T15:04:06.560000Z,14.63
344,20190102T150632Z,1J.TI3A.,"['CH1', 'CH2', 'CHZ']",2019-01-02T15:06:32.670000Z,10.39
345,20190102T150719Z,1J.TI3A.,"['CH1', 'CH2', 'CHZ']",2019-01-02T15:07:19.390000Z,14.47
346,20190102T150753Z,1J.TI3A.,"['CH1', 'CH2', 'CHZ']",2019-01-02T15:07:53.360000Z,23.69
347,20190102T150929Z,1J.TI3A.,"['CH1', 'CH2', 'CHZ']",2019-01-02T15:09:30.980000Z,35.96
348,20190102T151055Z,1J.TI3A.,"['CH1', 'CH2', 'CHZ']",2019-01-02T15:10:59.790000Z,2.55
349,20190102T151743Z,1J.TI3A.,"['CH1', 'CH2', 'CHZ']",2019-01-02T15:17:43.850000Z,10.76
350,20190102T152005Z,1J.TI3A.,"['CH1', 'CH2', 'CHZ']",2019-01-02T15:20:35.300000Z,21.77
351,20190102T152832Z,1J.TI3A.,"['CH1', 'CH2', 'CHZ']",2019-01-02T15:28:32.430000Z,9.54
352,20190102T153208Z,1J.TI3A.,"['CH1', 'CH2', 'CHZ']",2019-01-02T15:32:08.120000Z,18.8
353,20190102T153506Z,1J.TI3A.,"['CH1', 'CH2', 'CHZ']",2019-01-02T15:35:08.710000Z,10.28
354,20190102T153716Z,1J.TI3A.,"['CH1', 'CH2', 'CHZ']",2019-01-02T15:37:16.670000Z,8.99
355,20190102T153919Z,1J.TI3A.,"['CH1', 'CH2', 'CHZ']",2019-01-02T15:39:22.170000Z,6.39
356,20190102T154035Z,1J.TI3A.,"['CH1', 'CH2', 'CHZ']",2019-01-02T15:40:35.420000Z,16.36
357,20190102T154106Z,1J.TI3A.,"['CH1', 'CH2', 'CHZ']",2019-01-02T15:41:06.370000Z,4.99
358,20190102T154322Z,1J.TI3A.,"['CH1', 'CH2', 'CHZ']",2019-01-02T15:43:22.800000Z,10.54
359,20190102T154626Z,1J.TI3A.,"['CH1', 'CH2', 'CHZ']",2019-01-02T15:46:26.880000Z,49.9
360,20190102T155149Z,1J.TI3A.,"['CH1', 'CH2', 'CHZ']",2019-01-02T15:51:49.310000Z,11.1
361,20190102T155528Z,1J.TI3A.,"['CH1', 'CH2', 'CHZ']",2019-01-02T15:55:28.100000Z,13.04
362,20190102T160458Z,1J.TI3A.,"['CH1', 'CH2', 'CHZ']",2019-01-02T16:04:58.220000Z,24.15
363,20190102T160948Z,1J.TI3A.,"['CH1', 'CH2', 'CHZ']",2019-01-02T16:09:48.530000Z,5.19
364,20190102T161127Z,1J.TI3A.,"['CH1', 'CH2', 'CHZ']",2019-01-02T16:11:27.230000Z,14.86
365,20190102T162456Z,1J.TI3A.,"['CH1', 'CH2', 'CHZ']",2019-01-02T16:24:56.610000Z,15.22
366,20190102T163702Z,1J.TI3A.,"['CH1', 'CH2', 'CHZ']",2019-01-02T16:37:02.150000Z,46.75
367,20190102T164541Z,1J.TI3A.,"['CH1', 'CH2', 'CHZ']",2019-01-02T16:45:41.320000Z,19.37
368,20190102T164704Z,1J.TI3A.,"['CH1', 'CH2', 'CHZ']",2019-01-02T16:47:04.510000Z,2.91
369,20190102T165036Z,1J.TI3A.,"['CH1', 'CH2', 'CHZ']",2019-01-02T16:50:36.780000Z,23.56
370,20190102T165517Z,1J.TI3A.,"['CH1', 'CH2', 'CHZ']",2019-01-02T16:55:17.940000Z,10.04
371,20190102T171011Z,1J.TI3A.,"['CH1', 'CH2', 'CHZ']",2019-01-02T17:11:17.220000Z,23.22
372,20190102T171414Z,1J.TI3A.,"['CH1', 'CH2', 'CHZ']",2019-01-02T17:14:14.740000Z,10.86
373,20190102T171806Z,1J.TI3A.,"['CH1', 'CH2', 'CHZ']",2019-01-02T17:18:06.090000Z,7.22
374,20190102T172044Z,1J.TI3A.,"['CH1', 'CH2', 'CHZ']",2019-01-02T17:20:44.860000Z,6.04
375,20190102T172215Z,1J.TI3A.,"['CH1', 'CH2', 'CHZ']",2019-01-02T17:22:19.470000Z,3.06
376,20190102T172249Z,1J.TI3A.,"['CH1', 'CH2', 'CHZ']",2019-01-02T17:22:49.200000Z,16.06
377,20190102T172438Z,1J.TI3A.,"['CH1', 'CH2', 'CHZ']",2019-01-02T17:24:38.780000Z,2.45
378,20190102T172640Z,1J.TI3A.,"['CH1', 'CH2', 'CHZ']",2019-01-02T17:26:40.670000Z,17.77
379,20190102T173004Z,1J.TI3A.,"['CH1', 'CH2', 'CHZ']",2019-01-02T17:30:04.150000Z,8.13
380,20190102T173110Z,1J.TI3A.,"['CH1', 'CH2', 'CHZ']",2019-01-02T17:31:34.960000Z,15.07
381,20190102T174425Z,1J.TI3A.,"['CH1', 'CH2', 'CHZ']",2019-01-02T17:44:25.390000Z,24.66
382,20190102T174927Z,1J.TI3A.,"['CH1', 'CH2', 'CHZ']",2019-01-02T17:49:27.990000Z,8.32
383,20190102T180518Z,1J.TI3A.,"['CH1', 'CH2', 'CHZ']",2019-01-02T18:05:18.950000Z,22.99
384,20190102T181303Z,1J.TI3A.,"['CH1', 'CH2', 'CHZ']",2019-01-02T18:13:03.430000Z,14.29
385,20190102T182430Z,1J.TI3A.,"['CH1', 'CH2', 'CHZ']",2019-01-02T18:24:30.180000Z,13.66
386,20190102T182720Z,1J.TI3A.,"['CH1', 'CH2', 'CHZ']",2019-01-02T18:27:20.550000Z,23.2
387,20190102T182937Z,1J.TI3A.,"['CH1', 'CH2', 'CHZ']",2019-01-02T18:29:37.330000Z,4.02
388,20190102T183149Z,1J.TI3A.,"['CH1', 'CH2', 'CHZ']",2019-01-02T18:31:49.360000Z,3.0
389,20190102T183736Z,1J.TI3A.,"['CH1', 'CH2', 'CHZ']",2019-01-02T18:37:36.970000Z,47.47
390,20190102T185808Z,1J.TI3A.,"['CH1', 'CH2', 'CHZ']",2019-01-02T18:58:08.800000Z,12.51
391,20190102T190434Z,1J.TI3A.,"['CH1', 'CH2', 'CHZ']",2019-01-02T19:04:34.040000Z,14.83
392,20190102T191037Z,1J.TI3A.,"['CH1', 'CH2', 'CHZ']",2019-01-02T19:10:37.220000Z,3.18
393,20190102T191706Z,1J.TI3A.,"['CH1', 'CH2', 'CHZ']",2019-01-02T19:17:06.330000Z,8.28
394,20190102T191726Z,1J.TI3A.,"['CH1', 'CH2', 'CHZ']",2019-01-02T19:17:30.050000Z,10.04
395,20190102T192335Z,1J.TI3A.,"['CH1', 'CH2', 'CHZ']",2019-01-02T19:23:35.560000Z,10.47
396,20190102T192701Z,1J.TI3A.,"['CH1', 'CH2', 'CHZ']",2019-01-02T19:27:01.670000Z,24.2
397,20190102T193041Z,1J.TI3A.,"['CH1', 'CH2', 'CHZ']",2019-01-02T19:30:41.140000Z,6.47
398,20190102T193303Z,1J.TI3A.,"['CH1', 'CH2', 'CHZ']",2019-01-02T19:33:03.680000Z,4.02
399,20190102T193502Z,1J.TI3A.,"['CH1', 'CH2', 'CHZ']",2019-01-02T19:35:02.790000Z,7.18
400,20190102T193528Z,1J.TI3A.,"['CH1', 'CH2', 'CHZ']",2019-01-02T19:35:28.940000Z,18.15
401,20190102T193735Z,1J.TI3A.,"['CH1', 'CH2', 'CHZ']",2019-01-02T19:37:35.750000Z,19.75
402,20190102T194333Z,1J.TI3A.,"['CH1', 'CH2', 'CHZ']",2019-01-02T19:43:33.180000Z,13.18
403,20190102T194653Z,1J.TI3A.,"['CH1', 'CH2', 'CHZ']",2019-01-02T19:46:53.670000Z,14.94
404,20190102T194730Z,1J.TI3A.,"['CH1', 'CH2', 'CHZ']",2019-01-02T19:47:30.590000Z,1.64
405,20190102T195730Z,1J.TI3A.,"['CH1', 'CH2', 'CHZ']",2019-01-02T19:57:30.250000Z,9.62
406,20190102T195924Z,1J.TI3A.,"['CH1', 'CH2', 'CHZ']",2019-01-02T19:59:24.880000Z,13.04
407,20190102T200047Z,1J.TI3A.,"['CH1', 'CH2', 'CHZ']",2019-01-02T20:00:47.970000Z,6.82
408,20190102T200111Z,1J.TI3A.,"['CH1', 'CH2', 'CHZ']",2019-01-02T20:01:11.930000Z,2.55
409,20190102T200222Z,1J.TI3A.,"['CH1', 'CH2', 'CHZ']",2019-01-02T20:02:22.140000Z,1.41
410,20190102T200912Z,1J.TI3A.,"['CH1', 'CH2', 'CHZ']",2019-01-02T20:09:12.700000Z,15.33
411,20190102T201859Z,1J.TI3A.,"['CH1', 'CH2', 'CHZ']",2019-01-02T20:18:59.320000Z,24.42
412,20190102T202626Z,1J.TI3A.,"['CH1', 'CH2', 'CHZ']",2019-01-02T20:26:26.610000Z,6.15
413,20190102T202802Z,1J.TI3A.,"['CH1', 'CH2', 'CHZ']",2019-01-02T20:28:02.700000Z,2.5
414,20190102T202813Z,1J.TI3A.,"['CH1', 'CH2', 'CHZ']",2019-01-02T20:28:13.010000Z,2.25
415,20190102T203055Z,1J.TI3A.,"['CH1', 'CH2', 'CHZ']",2019-01-02T20:30:55.770000Z,24.72
416,20190102T203239Z,1J.TI3A.,"['CH1', 'CH2', 'CHZ']",2019-01-02T20:32:39.860000Z,24.61
417,20190102T203515Z,1J.TI3A.,"['CH1', 'CH2', 'CHZ']",2019-01-02T20:35:15.820000Z,9.54
418,20190102T203931Z,1J.TI3A.,"['CH1', 'CH2', 'CHZ']",2019-01-02T20:39:31.620000Z,6.62
419,20190102T204135Z,1J.TI3A.,"['CH1', 'CH2', 'CHZ']",2019-01-02T20:41:35.540000Z,3.39
420,20190102T204235Z,1J.TI3A.,"['CH1', 'CH2', 'CHZ']",2019-01-02T20:42:35.090000Z,1.53
421,20190102T204330Z,1J.TI3A.,"['CH1', 'CH2', 'CHZ']",2019-01-02T20:43:30.080000Z,1.95
422,20190102T204355Z,1J.TI3A.,"['CH1', 'CH2', 'CHZ']",2019-01-02T20:43:55.840000Z,5.08
423,20190102T204526Z,1J.TI3A.,"['CH1', 'CH2', 'CHZ']",2019-01-02T20:45:26.540000Z,2.19
424,20190102T204636Z,1J.TI3A.,"['CH1', 'CH2', 'CHZ']",2019-01-02T20:46:36.830000Z,0.7
425,20190102T204826Z,1J.TI3A.,"['CH1', 'CH2', 'CHZ']",2019-01-02T20:48:26.930000Z,3.36
426,20190102T204847Z,1J.TI3A.,"['CH1', 'CH2', 'CHZ']",2019-01-02T20:48:47.740000Z,7.16
427,20190102T205050Z,1J.TI3A.,"['CH1', 'CH2', 'CHZ']",2019-01-02T20:50:50.130000Z,4.69
428,20190102T205109Z,1J.TI3A.,"['CH1', 'CH2', 'CHZ']",2019-01-02T20:51:12.880000Z,13.75
429,20190102T205216Z,1J.TI3A.,"['CH1', 'CH2', 'CHZ']",2019-01-02T20:52:16.660000Z,1.34
430,20190102T205556Z,1J.TI3A.,"['CH1', 'CH2', 'CHZ']",2019-01-02T20:55:56.360000Z,1.06
431,20190102T205848Z,1J.TI3A.,"['CH1', 'CH2', 'CHZ']",2019-01-02T20:58:48.100000Z,1.38
432,20190102T210222Z,1J.TI3A.,"['CH1', 'CH2', 'CHZ']",2019-01-02T21:02:22.600000Z,1.79
433,20190102T210230Z,1J.TI3A.,"['CH1', 'CH2', 'CHZ']",2019-01-02T21:02:30.820000Z,15.15
434,20190102T210341Z,1J.TI3A.,"['CH1', 'CH2', 'CHZ']",2019-01-02T21:03:41.520000Z,27.51
435,20190102T210450Z,1J.TI3A.,"['CH1', 'CH2', 'CHZ']",2019-01-02T21:04:50.610000Z,1.39
436,20190102T210754Z,1J.TI3A.,"['CH1', 'CH2', 'CHZ']",2019-01-02T21:07:54.330000Z,6.27
437,20190102T210811Z,1J.TI3A.,"['CH1', 'CH2', 'CHZ']",2019-01-02T21:08:11.910000Z,3.4
438,20190102T210914Z,1J.TI3A.,"['CH1', 'CH2', 'CHZ']",2019-01-02T21:09:14.700000Z,2.91
439,20190102T210925Z,1J.TI3A.,"['CH1', 'CH2', 'CHZ']",2019-01-02T21:09:52.640000Z,2.54
440,20190102T211406Z,1J.TI3A.,"['CH1', 'CH2', 'CHZ']",2019-01-02T21:14:06.410000Z,24.03
441,20190102T211524Z,1J.TI3A.,"['CH1', 'CH2', 'CHZ']",2019-01-02T21:15:26.580000Z,7.75
442,20190102T211636Z,1J.TI3A.,"['CH1', 'CH2', 'CHZ']",2019-01-02T21:16:36.170000Z,1.54
443,20190102T211749Z,1J.TI3A.,"['CH1', 'CH2', 'CHZ']",2019-01-02T21:17:49.610000Z,1.78
444,20190102T211940Z,1J.TI3A.,"['CH1', 'CH2', 'CHZ']",2019-01-02T21:19:40.680000Z,2.41
445,20190102T212014Z,1J.TI3A.,"['CH1', 'CH2', 'CHZ']",2019-01-02T21:20:14.420000Z,6.07
446,20190102T212043Z,1J.TI3A.,"['CH1', 'CH2', 'CHZ']",2019-01-02T21:20:43.320000Z,2.13
447,20190102T212150Z,1J.TI3A.,"['CH1', 'CH2', 'CHZ']",2019-01-02T21:21:50.210000Z,1.31
448,20190102T212157Z,1J.TI3A.,"['CH1', 'CH2', 'CHZ']",2019-01-02T21:21:57.140000Z,1.68
449,20190102T212222Z,1J.TI3A.,"['CH1', 'CH2', 'CHZ']",2019-01-02T21:22:22.370000Z,14.5
450,20190102T212316Z,1J.TI3A.,"['CH1', 'CH2', 'CHZ']",2019-01-02T21:23:16.690000Z,2.8
451,20190102T212412Z,1J.TI3A.,"['CH1', 'CH2', 'CHZ']",2019-01-02T21:24:12.680000Z,4.12
452,20190102T212453Z,1J.TI3A.,"['CH1', 'CH2', 'CHZ']",2019-01-02T21:24:54.650000Z,7.15
453,20190102T212539Z,1J.TI3A.,"['CH1', 'CH2', 'CHZ']",2019-01-02T21:25:39.810000Z,3.88
454,20190102T212627Z,1J.TI3A.,"['CH1', 'CH2', 'CHZ']",2019-01-02T21:26:27.600000Z,0.87
455,20190102T212645Z,1J.TI3A.,"['CH1', 'CH2', 'CHZ']",2019-01-02T21:26:45.130000Z,5.81
456,20190102T212743Z,1J.TI3A.,"['CH1', 'CH2', 'CHZ']",2019-01-02T21:27:43.990000Z,3.88
457,20190102T212957Z,1J.TI3A.,"['CH1', 'CH2', 'CHZ']",2019-01-02T21:29:57.290000Z,5.18
458,20190102T213119Z,1J.TI3A.,"['CH1', 'CH2', 'CHZ']",2019-01-02T21:31:19.330000Z,1.59
459,20190102T213813Z,1J.TI3A.,"['CH1', 'CH2', 'CHZ']",2019-01-02T21:38:13.130000Z,1.33
460,20190102T214314Z,1J.TI3A.,"['CH1', 'CH2', 'CHZ']",2019-01-02T21:43:39.570000Z,19.03
461,20190102T214626Z,1J.TI3A.,"['CH1', 'CH2', 'CHZ']",2019-01-02T21:46:26.440000Z,1.4
462,20190102T220141Z,1J.TI3A.,"['CH1', 'CH2', 'CHZ']",2019-01-02T22:01:42.520000Z,21.93
463,20190102T221227Z,1J.TI3A.,"['CH1', 'CH2', 'CHZ']",2019-01-02T22:12:27.670000Z,1.12
464,20190102T221806Z,1J.TI3A.,"['CH1', 'CH2', 'CHZ']",2019-01-02T22:18:07.850000Z,16.96
465,20190102T222146Z,1J.TI3A.,"['CH1', 'CH2', 'CHZ']",2019-01-02T22:21:46.920000Z,0.79
466,20190102T223509Z,1J.TI3A.,"['CH1', 'CH2', 'CHZ']",2019-01-02T22:35:09.550000Z,4.68
467,20190102T223930Z,1J.TI3A.,"['CH1', 'CH2', 'CHZ']",2019-01-02T22:39:30.780000Z,1.98
468,20190102T224215Z,1J.TI3A.,"['CH1', 'CH2', 'CHZ']",2019-01-02T22:42:16.320000Z,22.43
469,20190102T224600Z,1J.TI3A.,"['CH1', 'CH2', 'CHZ']",2019-01-02T22:46:00.940000Z,3.0
470,20190102T224727Z,1J.TI3A.,"['CH1', 'CH2', 'CHZ']",2019-01-02T22:47:27.250000Z,6.37
471,20190102T225836Z,1J.TI3A.,"['CH1', 'CH2', 'CHZ']",2019-01-02T22:58:36.400000Z,6.7
472,20190102T230213Z,1J.TI3A.,"['CH1', 'CH2', 'CHZ']",2019-01-02T23:02:13.710000Z,4.07
473,20190102T230810Z,1J.TI3A.,"['CH1', 'CH2', 'CHZ']",2019-01-02T23:08:11.270000Z,22.41
474,20190102T233026Z,1J.TI3A.,"['CH1', 'CH2', 'CHZ']",2019-01-02T23:30:26.240000Z,7.41
475,20190102T234352Z,1J.TI3A.,"['CH1', 'CH2', 'CHZ']",2019-01-02T23:44:07.590000Z,2.26
476,20190102T235335Z,1J.TI3A.,"['CH1', 'CH2', 'CHZ']",2019-01-02T23:53:36.330000Z,12.09
477,20190102T235803Z,1J.TI3A.,"['CH1', 'CH2', 'CHZ']",2019-01-02T23:58:03.180000Z,23.97
478,20190102T000110Z,1J.TI8A.,"['CH1', 'CH2', 'CHZ']",2019-01-02T00:01:10.050000Z,6.34
479,20190102T000218Z,1J.TI8A.,"['CH1', 'CH2', 'CHZ']",2019-01-02T00:02:18.430000Z,19.77
480,20190102T000340Z,1J.TI8A.,"['CH1', 'CH2', 'CHZ']",2019-01-02T00:03:40.780000Z,7.2
481,20190102T000426Z,1J.TI8A.,"['CH1', 'CH2', 'CHZ']",2019-01-02T00:04:26.590000Z,4.24
482,20190102T000630Z,1J.TI8A.,"['CH1', 'CH2', 'CHZ']",2019-01-02T00:06:30.150000Z,8.31
483,20190102T000813Z,1J.TI8A.,"['CH1', 'CH2', 'CHZ']",2019-01-02T00:08:13.190000Z,11.03
484,20190102T000930Z,1J.TI8A.,"['CH1', 'CH2', 'CHZ']",2019-01-02T00:09:30.040000Z,10.52
485,20190102T001117Z,1J.TI8A.,"['CH1', 'CH2', 'CHZ']",2019-01-02T00:11:17.230000Z,9.78
486,20190102T001211Z,1J.TI8A.,"['CH1', 'CH2', 'CHZ']",2019-01-02T00:12:11.470000Z,5.2
487,20190102T001225Z,1J.TI8A.,"['CH1', 'CH2', 'CHZ']",2019-01-02T00:12:25.490000Z,50.36
488,20190102T001414Z,1J.TI8A.,"['CH1', 'CH2', 'CHZ']",2019-01-02T00:14:14.620000Z,2.82
489,20190102T001446Z,1J.TI8A.,"['CH1', 'CH2', 'CHZ']",2019-01-02T00:14:46.900000Z,4.55
490,20190102T001513Z,1J.TI8A.,"['CH1', 'CH2', 'CHZ']",2019-01-02T00:15:16.510000Z,8.08
491,20190102T002532Z,1J.TI8A.,"['CH1', 'CH2', 'CHZ']",2019-01-02T00:25:32.760000Z,9.26
492,20190102T003113Z,1J.TI8A.,"['CH1', 'CH2', 'CHZ']",2019-01-02T00:31:13.250000Z,13.17
493,20190102T003354Z,1J.TI8A.,"['CH1', 'CH2', 'CHZ']",2019-01-02T00:33:54.990000Z,12.57
494,20190102T003745Z,1J.TI8A.,"['CH1', 'CH2', 'CHZ']",2019-01-02T00:37:45.940000Z,17.43
495,20190102T003815Z,1J.TI8A.,"['CH1', 'CH2', 'CHZ']",2019-01-02T00:38:17.850000Z,24.32
496,20190102T003929Z,1J.TI8A.,"['CH1', 'CH2', 'CHZ']",2019-01-02T00:39:29.380000Z,1.97
497,20190102T004154Z,1J.TI8A.,"['CH1', 'CH2', 'CHZ']",2019-01-02T00:41:57.830000Z,3.64
498,20190102T004217Z,1J.TI8A.,"['CH1', 'CH2', 'CHZ']",2019-01-02T00:42:17.160000Z,6.23
499,20190102T004333Z,1J.TI8A.,"['CH1', 'CH2', 'CHZ']",2019-01-02T00:43:33.640000Z,6.58
500,20190102T004457Z,1J.TI8A.,"['CH1', 'CH2', 'CHZ']",2019-01-02T00:44:57.230000Z,7.55
501,20190102T004636Z,1J.TI8A.,"['CH1', 'CH2', 'CHZ']",2019-01-02T00:46:36.240000Z,8.71
502,20190102T004813Z,1J.TI8A.,"['CH1', 'CH2', 'CHZ']",2019-01-02T00:48:13.640000Z,9.71
503,20190102T004919Z,1J.TI8A.,"['CH1', 'CH2', 'CHZ']",2019-01-02T00:49:19.740000Z,7.55
504,20190102T004942Z,1J.TI8A.,"['CH1', 'CH2', 'CHZ']",2019-01-02T00:50:15.600000Z,6.05
505,20190102T005124Z,1J.TI8A.,"['CH1', 'CH2', 'CHZ']",2019-01-02T00:51:27.580000Z,7.37
506,20190102T005240Z,1J.TI8A.,"['CH1', 'CH2', 'CHZ']",2019-01-02T00:52:40.900000Z,8.07
507,20190102T005340Z,1J.TI8A.,"['CH1', 'CH2', 'CHZ']",2019-01-02T00:53:51.200000Z,7.89
508,20190102T005506Z,1J.TI8A.,"['CH1', 'CH2', 'CHZ']",2019-01-02T00:55:06.140000Z,8.47
509,20190102T005614Z,1J.TI8A.,"['CH1', 'CH2', 'CHZ']",2019-01-02T00:56:14.210000Z,7.27
510,20190102T005737Z,1J.TI8A.,"['CH1', 'CH2', 'CHZ']",2019-01-02T00:57:37.490000Z,8.95
511,20190102T005850Z,1J.TI8A.,"['CH1', 'CH2', 'CHZ']",2019-01-02T00:58:50.190000Z,8.28
512,20190102T005933Z,1J.TI8A.,"['CH1', 'CH2', 'CHZ']",2019-01-02T00:59:33.630000Z,0.66
513,20190102T010010Z,1J.TI8A.,"['CH1', 'CH2', 'CHZ']",2019-01-02T01:00:10.060000Z,9.12
514,20190102T010121Z,1J.TI8A.,"['CH1', 'CH2', 'CHZ']",2019-01-02T01:01:21.990000Z,5.58
515,20190102T010237Z,1J.TI8A.,"['CH1', 'CH2', 'CHZ']",2019-01-02T01:02:37.490000Z,6.39
516,20190102T010356Z,1J.TI8A.,"['CH1', 'CH2', 'CHZ']",2019-01-02T01:03:56.450000Z,7.05
517,20190102T010519Z,1J.TI8A.,"['CH1', 'CH2', 'CHZ']",2019-01-02T01:05:19.240000Z,8.29
518,20190102T010535Z,1J.TI8A.,"['CH1', 'CH2', 'CHZ']",2019-01-02T01:06:12.710000Z,6.23
519,20190102T010639Z,1J.TI8A.,"['CH1', 'CH2', 'CHZ']",2019-01-02T01:06:47.570000Z,21.79
520,20190102T010728Z,1J.TI8A.,"['CH1', 'CH2', 'CHZ']",2019-01-02T01:07:28.440000Z,1.38
521,20190102T010854Z,1J.TI8A.,"['CH1', 'CH2', 'CHZ']",2019-01-02T01:08:54.580000Z,4.16
522,20190102T011015Z,1J.TI8A.,"['CH1', 'CH2', 'CHZ']",2019-01-02T01:10:15.480000Z,6.22
523,20190102T011119Z,1J.TI8A.,"['CH1', 'CH2', 'CHZ']",2019-01-02T01:11:19.140000Z,5.17
524,20190102T011247Z,1J.TI8A.,"['CH1', 'CH2', 'CHZ']",2019-01-02T01:12:47.370000Z,8.17
525,20190102T011323Z,1J.TI8A.,"['CH1', 'CH2', 'CHZ']",2019-01-02T01:13:23.040000Z,2.71
526,20190102T011356Z,1J.TI8A.,"['CH1', 'CH2', 'CHZ']",2019-01-02T01:14:03.380000Z,7.41
527,20190102T011501Z,1J.TI8A.,"['CH1', 'CH2', 'CHZ']",2019-01-02T01:15:01.970000Z,3.43
528,20190102T011539Z,1J.TI8A.,"['CH1', 'CH2', 'CHZ']",2019-01-02T01:15:39.370000Z,0.7
529,20190102T011558Z,1J.TI8A.,"['CH1', 'CH2', 'CHZ']",2019-01-02T01:15:58.710000Z,4.56
530,20190102T011635Z,1J.TI8A.,"['CH1', 'CH2', 'CHZ']",2019-01-02T01:16:35.130000Z,48.23
531,20190102T011758Z,1J.TI8A.,"['CH1', 'CH2', 'CHZ']",2019-01-02T01:17:58.180000Z,1.8
532,20190102T011854Z,1J.TI8A.,"['CH1', 'CH2', 'CHZ']",2019-01-02T01:18:54.960000Z,2.95
533,20190102T012016Z,1J.TI8A.,"['CH1', 'CH2', 'CHZ']",2019-01-02T01:20:16.420000Z,5.3
534,20190102T012119Z,1J.TI8A.,"['CH1', 'CH2', 'CHZ']",2019-01-02T01:21:19.620000Z,4.52
535,20190102T012237Z,1J.TI8A.,"['CH1', 'CH2', 'CHZ']",2019-01-02T01:22:37.990000Z,6.45
536,20190102T012323Z,1J.TI8A.,"['CH1', 'CH2', 'CHZ']",2019-01-02T01:23:23.300000Z,0.95
537,20190102T012341Z,1J.TI8A.,"['CH1', 'CH2', 'CHZ']",2019-01-02T01:23:41.320000Z,4.15
538,20190102T012432Z,1J.TI8A.,"['CH1', 'CH2', 'CHZ']",2019-01-02T01:24:40.680000Z,14.81
539,20190102T012526Z,1J.TI8A.,"['CH1', 'CH2', 'CHZ']",2019-01-02T01:25:26.460000Z,9.12
540,20190102T012620Z,1J.TI8A.,"['CH1', 'CH2', 'CHZ']",2019-01-02T01:26:20.600000Z,3.47
541,20190102T012757Z,1J.TI8A.,"['CH1', 'CH2', 'CHZ']",2019-01-02T01:27:57.410000Z,5.29
542,20190102T012919Z,1J.TI8A.,"['CH1', 'CH2', 'CHZ']",2019-01-02T01:29:19.070000Z,5.95
543,20190102T013021Z,1J.TI8A.,"['CH1', 'CH2', 'CHZ']",2019-01-02T01:30:21.740000Z,4.78
544,20190102T013132Z,1J.TI8A.,"['CH1', 'CH2', 'CHZ']",2019-01-02T01:31:32.310000Z,5.45
545,20190102T013225Z,1J.TI8A.,"['CH1', 'CH2', 'CHZ']",2019-01-02T01:32:25.360000Z,3.85
546,20190102T013323Z,1J.TI8A.,"['CH1', 'CH2', 'CHZ']",2019-01-02T01:33:23.210000Z,2.4
547,20190102T013358Z,1J.TI8A.,"['CH1', 'CH2', 'CHZ']",2019-01-02T01:33:58.750000Z,2.06
548,20190102T013536Z,1J.TI8A.,"['CH1', 'CH2', 'CHZ']",2019-01-02T01:35:36.580000Z,6.61
549,20190102T013630Z,1J.TI8A.,"['CH1', 'CH2', 'CHZ']",2019-01-02T01:36:30.690000Z,22.32
550,20190102T013752Z,1J.TI8A.,"['CH1', 'CH2', 'CHZ']",2019-01-02T01:37:52.320000Z,19.98
551,20190102T013929Z,1J.TI8A.,"['CH1', 'CH2', 'CHZ']",2019-01-02T01:39:29.110000Z,0.93
552,20190102T014009Z,1J.TI8A.,"['CH1', 'CH2', 'CHZ']",2019-01-02T01:40:09.580000Z,1.59
553,20190102T014058Z,1J.TI8A.,"['CH1', 'CH2', 'CHZ']",2019-01-02T01:40:58.540000Z,2.25
554,20190102T014141Z,1J.TI8A.,"['CH1', 'CH2', 'CHZ']",2019-01-02T01:41:41.940000Z,2.4
555,20190102T014222Z,1J.TI8A.,"['CH1', 'CH2', 'CHZ']",2019-01-02T01:42:22.910000Z,1.85
556,20190102T014307Z,1J.TI8A.,"['CH1', 'CH2', 'CHZ']",2019-01-02T01:43:07.580000Z,12.88
557,20190102T014352Z,1J.TI8A.,"['CH1', 'CH2', 'CHZ']",2019-01-02T01:43:52.910000Z,1.84
558,20190102T014451Z,1J.TI8A.,"['CH1', 'CH2', 'CHZ']",2019-01-02T01:44:51.970000Z,3.74
559,20190102T014550Z,1J.TI8A.,"['CH1', 'CH2', 'CHZ']",2019-01-02T01:45:50.910000Z,2.0
560,20190102T014629Z,1J.TI8A.,"['CH1', 'CH2', 'CHZ']",2019-01-02T01:46:29.830000Z,1.81
561,20190102T014725Z,1J.TI8A.,"['CH1', 'CH2', 'CHZ']",2019-01-02T01:47:25.500000Z,3.95
562,20190102T014826Z,1J.TI8A.,"['CH1', 'CH2', 'CHZ']",2019-01-02T01:48:26.850000Z,12.59
563,20190102T014859Z,1J.TI8A.,"['CH1', 'CH2', 'CHZ']",2019-01-02T01:48:59.090000Z,1.98
564,20190102T014951Z,1J.TI8A.,"['CH1', 'CH2', 'CHZ']",2019-01-02T01:49:51.450000Z,2.27
565,20190102T015105Z,1J.TI8A.,"['CH1', 'CH2', 'CHZ']",2019-01-02T01:51:05.700000Z,3.43
566,20190102T015141Z,1J.TI8A.,"['CH1', 'CH2', 'CHZ']",2019-01-02T01:51:41.540000Z,8.34
567,20190102T015228Z,1J.TI8A.,"['CH1', 'CH2', 'CHZ']",2019-01-02T01:52:28.470000Z,2.89
568,20190102T015304Z,1J.TI8A.,"['CH1', 'CH2', 'CHZ']",2019-01-02T01:53:04.790000Z,20.0
569,20190102T015413Z,1J.TI8A.,"['CH1', 'CH2', 'CHZ']",2019-01-02T01:54:13.330000Z,1.4
570,20190102T015520Z,1J.TI8A.,"['CH1', 'CH2', 'CHZ']",2019-01-02T01:55:20.180000Z,3.78
571,20190102T015547Z,1J.TI8A.,"['CH1', 'CH2', 'CHZ']",2019-01-02T01:55:47.710000Z,4.39
572,20190102T015707Z,1J.TI8A.,"['CH1', 'CH2', 'CHZ']",2019-01-02T01:57:07.530000Z,4.01
573,20190102T015823Z,1J.TI8A.,"['CH1', 'CH2', 'CHZ']",2019-01-02T01:58:23.260000Z,2.72
574,20190102T015836Z,1J.TI8A.,"['CH1', 'CH2', 'CHZ']",2019-01-02T01:58:36.480000Z,17.53
575,20190102T015902Z,1J.TI8A.,"['CH1', 'CH2', 'CHZ']",2019-01-02T01:59:04.210000Z,19.27
576,20190102T020016Z,1J.TI8A.,"['CH1', 'CH2', 'CHZ']",2019-01-02T02:00:16.100000Z,1.34
577,20190102T020119Z,1J.TI8A.,"['CH1', 'CH2', 'CHZ']",2019-01-02T02:01:19.950000Z,2.99
578,20190102T020155Z,1J.TI8A.,"['CH1', 'CH2', 'CHZ']",2019-01-02T02:01:57.130000Z,0.77
579,20190102T020256Z,1J.TI8A.,"['CH1', 'CH2', 'CHZ']",2019-01-02T02:02:56.260000Z,0.8
580,20190102T020311Z,1J.TI8A.,"['CH1', 'CH2', 'CHZ']",2019-01-02T02:03:11.590000Z,3.07
581,20190102T020411Z,1J.TI8A.,"['CH1', 'CH2', 'CHZ']",2019-01-02T02:04:11.190000Z,2.37
582,20190102T020418Z,1J.TI8A.,"['CH1', 'CH2', 'CHZ']",2019-01-02T02:04:32.600000Z,19.54
583,20190102T020515Z,1J.TI8A.,"['CH1', 'CH2', 'CHZ']",2019-01-02T02:05:15.210000Z,5.33
584,20190102T020610Z,1J.TI8A.,"['CH1', 'CH2', 'CHZ']",2019-01-02T02:06:10.460000Z,1.84
585,20190102T020651Z,1J.TI8A.,"['CH1', 'CH2', 'CHZ']",2019-01-02T02:06:51.880000Z,0.84
586,20190102T020743Z,1J.TI8A.,"['CH1', 'CH2', 'CHZ']",2019-01-02T02:07:43.000000Z,2.43
587,20190102T020834Z,1J.TI8A.,"['CH1', 'CH2', 'CHZ']",2019-01-02T02:08:34.260000Z,2.0
588,20190102T020942Z,1J.TI8A.,"['CH1', 'CH2', 'CHZ']",2019-01-02T02:09:42.440000Z,2.18
589,20190102T021026Z,1J.TI8A.,"['CH1', 'CH2', 'CHZ']",2019-01-02T02:10:26.770000Z,1.17
590,20190102T021138Z,1J.TI8A.,"['CH1', 'CH2', 'CHZ']",2019-01-02T02:11:38.800000Z,2.28
591,20190102T021226Z,1J.TI8A.,"['CH1', 'CH2', 'CHZ']",2019-01-02T02:12:26.030000Z,2.78
592,20190102T021332Z,1J.TI8A.,"['CH1', 'CH2', 'CHZ']",2019-01-02T02:13:32.510000Z,3.49
593,20190102T021359Z,1J.TI8A.,"['CH1', 'CH2', 'CHZ']",2019-01-02T02:14:02.110000Z,3.79
594,20190102T021416Z,1J.TI8A.,"['CH1', 'CH2', 'CHZ']",2019-01-02T02:14:16.700000Z,0.78
595,20190102T021512Z,1J.TI8A.,"['CH1', 'CH2', 'CHZ']",2019-01-02T02:15:12.430000Z,1.49
596,20190102T021610Z,1J.TI8A.,"['CH1', 'CH2', 'CHZ']",2019-01-02T02:16:10.060000Z,2.12
597,20190102T021635Z,1J.TI8A.,"['CH1', 'CH2', 'CHZ']",2019-01-02T02:16:35.330000Z,51.91
598,20190102T021758Z,1J.TI8A.,"['CH1', 'CH2', 'CHZ']",2019-01-02T02:17:58.370000Z,0.81
599,20190102T021858Z,1J.TI8A.,"['CH1', 'CH2', 'CHZ']",2019-01-02T02:19:00.050000Z,4.84
600,20190102T021947Z,1J.TI8A.,"['CH1', 'CH2', 'CHZ']",2019-01-02T02:19:47.700000Z,7.92
601,20190102T022038Z,1J.TI8A.,"['CH1', 'CH2', 'CHZ']",2019-01-02T02:20:38.410000Z,0.83
602,20190102T022125Z,1J.TI8A.,"['CH1', 'CH2', 'CHZ']",2019-01-02T02:21:25.490000Z,0.87
603,20190102T022241Z,1J.TI8A.,"['CH1', 'CH2', 'CHZ']",2019-01-02T02:22:41.350000Z,1.34
604,20190102T022342Z,1J.TI8A.,"['CH1', 'CH2', 'CHZ']",2019-01-02T02:23:42.060000Z,1.43
605,20190102T022424Z,1J.TI8A.,"['CH1', 'CH2', 'CHZ']",2019-01-02T02:24:24.170000Z,0.8
606,20190102T022511Z,1J.TI8A.,"['CH1', 'CH2', 'CHZ']",2019-01-02T02:25:11.260000Z,0.88
607,20190102T022556Z,1J.TI8A.,"['CH1', 'CH2', 'CHZ']",2019-01-02T02:26:06.820000Z,1.91
608,20190102T022701Z,1J.TI8A.,"['CH1', 'CH2', 'CHZ']",2019-01-02T02:27:03.460000Z,23.26
609,20190102T022925Z,1J.TI8A.,"['CH1', 'CH2', 'CHZ']",2019-01-02T02:29:25.880000Z,0.87
610,20190102T023032Z,1J.TI8A.,"['CH1', 'CH2', 'CHZ']",2019-01-02T02:30:32.050000Z,0.75
611,20190102T023134Z,1J.TI8A.,"['CH1', 'CH2', 'CHZ']",2019-01-02T02:31:34.060000Z,1.35
612,20190102T023256Z,1J.TI8A.,"['CH1', 'CH2', 'CHZ']",2019-01-02T02:32:56.600000Z,1.39
613,20190102T023418Z,1J.TI8A.,"['CH1', 'CH2', 'CHZ']",2019-01-02T02:34:18.040000Z,1.08
614,20190102T023520Z,1J.TI8A.,"['CH1', 'CH2', 'CHZ']",2019-01-02T02:35:20.300000Z,1.54
615,20190102T023626Z,1J.TI8A.,"['CH1', 'CH2', 'CHZ']",2019-01-02T02:36:26.580000Z,1.17
616,20190102T023715Z,1J.TI8A.,"['CH1', 'CH2', 'CHZ']",2019-01-02T02:37:16.290000Z,1.97
617,20190102T023817Z,1J.TI8A.,"['CH1', 'CH2', 'CHZ']",2019-01-02T02:38:17.980000Z,1.37
618,20190102T023948Z,1J.TI8A.,"['CH1', 'CH2', 'CHZ']",2019-01-02T02:39:55.530000Z,16.81
619,20190102T024055Z,1J.TI8A.,"['CH1', 'CH2', 'CHZ']",2019-01-02T02:40:55.950000Z,1.03
620,20190102T024145Z,1J.TI8A.,"['CH1', 'CH2', 'CHZ']",2019-01-02T02:41:45.420000Z,1.26
621,20190102T024259Z,1J.TI8A.,"['CH1', 'CH2', 'CHZ']",2019-01-02T02:42:59.370000Z,1.52
622,20190102T024318Z,1J.TI8A.,"['CH1', 'CH2', 'CHZ']",2019-01-02T02:43:20.780000Z,19.52
623,20190102T024434Z,1J.TI8A.,"['CH1', 'CH2', 'CHZ']",2019-01-02T02:44:34.070000Z,0.82
624,20190102T024556Z,1J.TI8A.,"['CH1', 'CH2', 'CHZ']",2019-01-02T02:45:56.560000Z,0.79
625,20190102T024639Z,1J.TI8A.,"['CH1', 'CH2', 'CHZ']",2019-01-02T02:46:39.650000Z,0.86
626,20190102T024725Z,1J.TI8A.,"['CH1', 'CH2', 'CHZ']",2019-01-02T02:47:28.250000Z,0.87
627,20190102T024821Z,1J.TI8A.,"['CH1', 'CH2', 'CHZ']",2019-01-02T02:48:21.600000Z,1.03
628,20190102T024906Z,1J.TI8A.,"['CH1', 'CH2', 'CHZ']",2019-01-02T02:49:06.890000Z,3.22
629,20190102T024942Z,1J.TI8A.,"['CH1', 'CH2', 'CHZ']",2019-01-02T02:49:42.580000Z,0.76
630,20190102T025041Z,1J.TI8A.,"['CH1', 'CH2', 'CHZ']",2019-01-02T02:50:41.130000Z,1.44
631,20190102T025138Z,1J.TI8A.,"['CH1', 'CH2', 'CHZ']",2019-01-02T02:51:38.850000Z,0.94
632,20190102T025234Z,1J.TI8A.,"['CH1', 'CH2', 'CHZ']",2019-01-02T02:52:34.620000Z,2.29
633,20190102T025310Z,1J.TI8A.,"['CH1', 'CH2', 'CHZ']",2019-01-02T02:53:19.610000Z,0.93
634,20190102T025429Z,1J.TI8A.,"['CH1', 'CH2', 'CHZ']",2019-01-02T02:54:31.030000Z,1.68
635,20190102T025520Z,1J.TI8A.,"['CH1', 'CH2', 'CHZ']",2019-01-02T02:55:20.080000Z,1.4
636,20190102T025618Z,1J.TI8A.,"['CH1', 'CH2', 'CHZ']",2019-01-02T02:56:18.710000Z,0.99
637,20190102T025726Z,1J.TI8A.,"['CH1', 'CH2', 'CHZ']",2019-01-02T02:57:26.120000Z,0.79
638,20190102T025907Z,1J.TI8A.,"['CH1', 'CH2', 'CHZ']",2019-01-02T02:59:07.190000Z,0.68
639,20190102T032654Z,1J.TI8A.,"['CH1', 'CH2', 'CHZ']",2019-01-02T03:26:54.280000Z,54.27
640,20190102T033036Z,1J.TI8A.,"['CH1', 'CH2', 'CHZ']",2019-01-02T03:30:41.030000Z,2.37
641,20190102T033528Z,1J.TI8A.,"['CH1', 'CH2', 'CHZ']",2019-01-02T03:35:28.050000Z,20.25
642,20190102T033751Z,1J.TI8A.,"['CH1', 'CH2', 'CHZ']",2019-01-02T03:37:51.690000Z,0.68
643,20190102T033900Z,1J.TI8A.,"['CH1', 'CH2', 'CHZ']",2019-01-02T03:39:05.650000Z,10.57
644,20190102T034032Z,1J.TI8A.,"['CH1', 'CH2', 'CHZ']",2019-01-02T03:40:32.390000Z,26.91
645,20190102T034344Z,1J.TI8A.,"['CH1', 'CH2', 'CHZ']",2019-01-02T03:43:44.880000Z,0.79
646,20190102T034746Z,1J.TI8A.,"['CH1', 'CH2', 'CHZ']",2019-01-02T03:47:46.800000Z,2.65
647,20190102T040107Z,1J.TI8A.,"['CH1', 'CH2', 'CHZ']",2019-01-02T04:01:07.510000Z,19.58
648,20190102T040625Z,1J.TI8A.,"['CH1', 'CH2', 'CHZ']",2019-01-02T04:06:25.120000Z,0.88
649,20190102T040705Z,1J.TI8A.,"['CH1', 'CH2', 'CHZ']",2019-01-02T04:07:27.710000Z,0.79
650,20190102T041138Z,1J.TI8A.,"['CH1', 'CH2', 'CHZ']",2019-01-02T04:11:58.400000Z,25.28
651,20190102T041543Z,1J.TI8A.,"['CH1', 'CH2', 'CHZ']",2019-01-02T04:15:43.990000Z,10.67
652,20190102T041616Z,1J.TI8A.,"['CH1', 'CH2', 'CHZ']",2019-01-02T04:16:16.960000Z,21.18
653,20190102T041710Z,1J.TI8A.,"['CH1', 'CH2', 'CHZ']",2019-01-02T04:17:10.530000Z,2.13
654,20190102T042049Z,1J.TI8A.,"['CH1', 'CH2', 'CHZ']",2019-01-02T04:20:54.610000Z,0.72
655,20190102T042238Z,1J.TI8A.,"['CH1', 'CH2', 'CHZ']",2019-01-02T04:22:38.760000Z,1.34
656,20190102T042309Z,1J.TI8A.,"['CH1', 'CH2', 'CHZ']",2019-01-02T04:23:09.470000Z,9.38
657,20190102T042712Z,1J.TI8A.,"['CH1', 'CH2', 'CHZ']",2019-01-02T04:27:13.020000Z,52.46
658,20190102T042914Z,1J.TI8A.,"['CH1', 'CH2', 'CHZ']",2019-01-02T04:29:14.500000Z,3.61
659,20190102T043022Z,1J.TI8A.,"['CH1', 'CH2', 'CHZ']",2019-01-02T04:30:22.400000Z,0.95
660,20190102T043102Z,1J.TI8A.,"['CH1', 'CH2', 'CHZ']",2019-01-02T04:31:02.410000Z,13.43
661,20190102T043116Z,1J.TI8A.,"['CH1', 'CH2', 'CHZ']",2019-01-02T04:31:31.080000Z,19.09
662,20190102T043457Z,1J.TI8A.,"['CH1', 'CH2', 'CHZ']",2019-01-02T04:34:57.200000Z,0.95
663,20190102T043727Z,1J.TI8A.,"['CH1', 'CH2', 'CHZ']",2019-01-02T04:37:27.800000Z,7.67
664,20190102T045259Z,1J.TI8A.,"['CH1', 'CH2', 'CHZ']",2019-01-02T04:52:59.420000Z,17.13
665,20190102T045626Z,1J.TI8A.,"['CH1', 'CH2', 'CHZ']",2019-01-02T04:56:28.510000Z,24.63
666,20190102T050603Z,1J.TI8A.,"['CH1', 'CH2', 'CHZ']",2019-01-02T05:06:03.920000Z,22.18
667,20190102T051139Z,1J.TI8A.,"['CH1', 'CH2', 'CHZ']",2019-01-02T05:12:04.170000Z,8.89
668,20190102T052043Z,1J.TI8A.,"['CH1', 'CH2', 'CHZ']",2019-01-02T05:20:44.310000Z,3.96
669,20190102T052510Z,1J.TI8A.,"['CH1', 'CH2', 'CHZ']",2019-01-02T05:25:10.270000Z,9.94
670,20190102T052854Z,1J.TI8A.,"['CH1', 'CH2', 'CHZ']",2019-01-02T05:29:15.290000Z,12.84
671,20190102T052946Z,1J.TI8A.,"['CH1', 'CH2', 'CHZ']",2019-01-02T05:30:02.920000Z,15.49
672,20190102T053544Z,1J.TI8A.,"['CH1', 'CH2', 'CHZ']",2019-01-02T05:35:46.070000Z,24.59
673,20190102T053715Z,1J.TI8A.,"['CH1', 'CH2', 'CHZ']",2019-01-02T05:37:15.640000Z,5.02
674,20190102T053728Z,1J.TI8A.,"['CH1', 'CH2', 'CHZ']",2019-01-02T05:37:31.070000Z,4.8
675,20190102T054632Z,1J.TI8A.,"['CH1', 'CH2', 'CHZ']",2019-01-02T05:46:54.270000Z,34.46
676,20190102T055042Z,1J.TI8A.,"['CH1', 'CH2', 'CHZ']",2019-01-02T05:50:42.850000Z,8.06
677,20190102T055231Z,1J.TI8A.,"['CH1', 'CH2', 'CHZ']",2019-01-02T05:52:31.040000Z,22.12
678,20190102T055518Z,1J.TI8A.,"['CH1', 'CH2', 'CHZ']",2019-01-02T05:55:18.960000Z,11.15
679,20190102T055617Z,1J.TI8A.,"['CH1', 'CH2', 'CHZ']",2019-01-02T05:56:17.460000Z,16.27
680,20190102T055759Z,1J.TI8A.,"['CH1', 'CH2', 'CHZ']",2019-01-02T05:57:59.340000Z,16.39
681,20190102T060022Z,1J.TI8A.,"['CH1', 'CH2', 'CHZ']",2019-01-02T06:00:23.330000Z,46.63
682,20190102T060527Z,1J.TI8A.,"['CH1', 'CH2', 'CHZ']",2019-01-02T06:05:33.340000Z,27.37
683,20190102T060722Z,1J.TI8A.,"['CH1', 'CH2', 'CHZ']",2019-01-02T06:07:22.240000Z,1.36
684,20190102T061157Z,1J.TI8A.,"['CH1', 'CH2', 'CHZ']",2019-01-02T06:11:57.230000Z,0.8
685,20190102T061410Z,1J.TI8A.,"['CH1', 'CH2', 'CHZ']",2019-01-02T06:14:10.700000Z,2.46
686,20190102T061520Z,1J.TI8A.,"['CH1', 'CH2', 'CHZ']",2019-01-02T06:15:46.270000Z,0.74
687,20190102T063338Z,1J.TI8A.,"['CH1', 'CH2', 'CHZ']",2019-01-02T06:33:38.880000Z,24.78
688,20190102T063521Z,1J.TI8A.,"['CH1', 'CH2', 'CHZ']",2019-01-02T06:35:21.960000Z,14.37
689,20190102T063704Z,1J.TI8A.,"['CH1', 'CH2', 'CHZ']",2019-01-02T06:37:06.140000Z,48.74
690,20190102T064553Z,1J.TI8A.,"['CH1', 'CH2', 'CHZ']",2019-01-02T06:45:53.000000Z,19.52
691,20190102T065232Z,1J.TI8A.,"['CH1', 'CH2', 'CHZ']",2019-01-02T06:52:33.860000Z,22.76
692,20190102T070014Z,1J.TI8A.,"['CH1', 'CH2', 'CHZ']",2019-01-02T07:00:22.560000Z,39.79
693,20190102T070143Z,1J.TI8A.,"['CH1', 'CH2', 'CHZ']",2019-01-02T07:02:19.430000Z,5.91
694,20190102T070520Z,1J.TI8A.,"['CH1', 'CH2', 'CHZ']",2019-01-02T07:05:20.990000Z,11.94
695,20190102T071244Z,1J.TI8A.,"['CH1', 'CH2', 'CHZ']",2019-01-02T07:12:44.130000Z,9.59
696,20190102T071558Z,1J.TI8A.,"['CH1', 'CH2', 'CHZ']",2019-01-02T07:15:59.480000Z,25.61
697,20190102T071820Z,1J.TI8A.,"['CH1', 'CH2', 'CHZ']",2019-01-02T07:18:20.710000Z,3.92
698,20190102T071949Z,1J.TI8A.,"['CH1', 'CH2', 'CHZ']",2019-01-02T07:19:49.250000Z,5.54
699,20190102T072653Z,1J.TI8A.,"['CH1', 'CH2', 'CHZ']",2019-01-02T07:26:53.920000Z,14.64
700,20190102T073150Z,1J.TI8A.,"['CH1', 'CH2', 'CHZ']",2019-01-02T07:31:50.640000Z,9.99
701,20190102T073455Z,1J.TI8A.,"['CH1', 'CH2', 'CHZ']",2019-01-02T07:34:55.770000Z,25.28
702,20190102T073632Z,1J.TI8A.,"['CH1', 'CH2', 'CHZ']",2019-01-02T07:36:33.450000Z,6.36
703,20190102T073841Z,1J.TI8A.,"['CH1', 'CH2', 'CHZ']",2019-01-02T07:38:41.040000Z,5.19
704,20190102T074000Z,1J.TI8A.,"['CH1', 'CH2', 'CHZ']",2019-01-02T07:40:00.080000Z,5.66
705,20190102T074128Z,1J.TI8A.,"['CH1', 'CH2', 'CHZ']",2019-01-02T07:41:29.250000Z,20.1
706,20190102T074249Z,1J.TI8A.,"['CH1', 'CH2', 'CHZ']",2019-01-02T07:42:49.710000Z,3.11
707,20190102T074403Z,1J.TI8A.,"['CH1', 'CH2', 'CHZ']",2019-01-02T07:44:03.990000Z,4.53
708,20190102T074506Z,1J.TI8A.,"['CH1', 'CH2', 'CHZ']",2019-01-02T07:45:06.610000Z,5.1
709,20190102T074622Z,1J.TI8A.,"['CH1', 'CH2', 'CHZ']",2019-01-02T07:46:22.190000Z,5.42
710,20190102T074716Z,1J.TI8A.,"['CH1', 'CH2', 'CHZ']",2019-01-02T07:47:16.510000Z,5.29
711,20190102T074828Z,1J.TI8A.,"['CH1', 'CH2', 'CHZ']",2019-01-02T07:48:28.500000Z,6.48
712,20190102T074914Z,1J.TI8A.,"['CH1', 'CH2', 'CHZ']",2019-01-02T07:49:40.340000Z,6.8
713,20190102T075054Z,1J.TI8A.,"['CH1', 'CH2', 'CHZ']",2019-01-02T07:50:54.770000Z,6.24
714,20190102T075148Z,1J.TI8A.,"['CH1', 'CH2', 'CHZ']",2019-01-02T07:51:48.710000Z,4.91
715,20190102T075244Z,1J.TI8A.,"['CH1', 'CH2', 'CHZ']",2019-01-02T07:52:46.100000Z,22.93
716,20190102T075416Z,1J.TI8A.,"['CH1', 'CH2', 'CHZ']",2019-01-02T07:54:16.110000Z,2.72
717,20190102T075520Z,1J.TI8A.,"['CH1', 'CH2', 'CHZ']",2019-01-02T07:55:20.570000Z,3.95
718,20190102T075641Z,1J.TI8A.,"['CH1', 'CH2', 'CHZ']",2019-01-02T07:56:41.340000Z,6.14
719,20190102T075756Z,1J.TI8A.,"['CH1', 'CH2', 'CHZ']",2019-01-02T07:57:56.050000Z,6.26
720,20190102T075918Z,1J.TI8A.,"['CH1', 'CH2', 'CHZ']",2019-01-02T07:59:18.340000Z,6.84
721,20190102T075948Z,1J.TI8A.,"['CH1', 'CH2', 'CHZ']",2019-01-02T07:59:48.780000Z,8.97
722,20190102T080048Z,1J.TI8A.,"['CH1', 'CH2', 'CHZ']",2019-01-02T08:00:48.040000Z,6.98
723,20190102T080216Z,1J.TI8A.,"['CH1', 'CH2', 'CHZ']",2019-01-02T08:02:38.950000Z,10.41
724,20190102T080403Z,1J.TI8A.,"['CH1', 'CH2', 'CHZ']",2019-01-02T08:04:03.010000Z,7.26
725,20190102T080536Z,1J.TI8A.,"['CH1', 'CH2', 'CHZ']",2019-01-02T08:05:36.980000Z,8.33
726,20190102T080702Z,1J.TI8A.,"['CH1', 'CH2', 'CHZ']",2019-01-02T08:07:02.690000Z,9.0
727,20190102T080811Z,1J.TI8A.,"['CH1', 'CH2', 'CHZ']",2019-01-02T08:08:11.650000Z,5.61
728,20190102T080939Z,1J.TI8A.,"['CH1', 'CH2', 'CHZ']",2019-01-02T08:09:39.460000Z,8.89
729,20190102T081053Z,1J.TI8A.,"['CH1', 'CH2', 'CHZ']",2019-01-02T08:10:53.340000Z,8.67
730,20190102T081135Z,1J.TI8A.,"['CH1', 'CH2', 'CHZ']",2019-01-02T08:11:35.150000Z,14.85
731,20190102T081207Z,1J.TI8A.,"['CH1', 'CH2', 'CHZ']",2019-01-02T08:12:07.780000Z,2.08
732,20190102T081311Z,1J.TI8A.,"['CH1', 'CH2', 'CHZ']",2019-01-02T08:13:11.310000Z,4.04
733,20190102T081417Z,1J.TI8A.,"['CH1', 'CH2', 'CHZ']",2019-01-02T08:14:18.710000Z,23.96
734,20190102T081520Z,1J.TI8A.,"['CH1', 'CH2', 'CHZ']",2019-01-02T08:15:20.350000Z,1.31
735,20190102T081610Z,1J.TI8A.,"['CH1', 'CH2', 'CHZ']",2019-01-02T08:16:10.620000Z,0.84
736,20190102T081650Z,1J.TI8A.,"['CH1', 'CH2', 'CHZ']",2019-01-02T08:16:50.940000Z,3.92
737,20190102T081756Z,1J.TI8A.,"['CH1', 'CH2', 'CHZ']",2019-01-02T08:17:56.340000Z,4.47
738,20190102T081915Z,1J.TI8A.,"['CH1', 'CH2', 'CHZ']",2019-01-02T08:19:15.980000Z,6.54
739,20190102T082017Z,1J.TI8A.,"['CH1', 'CH2', 'CHZ']",2019-01-02T08:20:17.510000Z,4.85
740,20190102T082057Z,1J.TI8A.,"['CH1', 'CH2', 'CHZ']",2019-01-02T08:20:57.290000Z,2.64
741,20190102T082202Z,1J.TI8A.,"['CH1', 'CH2', 'CHZ']",2019-01-02T08:22:02.790000Z,6.07
742,20190102T082222Z,1J.TI8A.,"['CH1', 'CH2', 'CHZ']",2019-01-02T08:22:23.700000Z,22.58
743,20190102T082335Z,1J.TI8A.,"['CH1', 'CH2', 'CHZ']",2019-01-02T08:23:35.290000Z,1.46
744,20190102T082359Z,1J.TI8A.,"['CH1', 'CH2', 'CHZ']",2019-01-02T08:24:01.600000Z,6.54
745,20190102T082427Z,1J.TI8A.,"['CH1', 'CH2', 'CHZ']",2019-01-02T08:24:28.960000Z,10.11
746,20190102T082524Z,1J.TI8A.,"['CH1', 'CH2', 'CHZ']",2019-01-02T08:25:24.120000Z,0.65
747,20190102T082636Z,1J.TI8A.,"['CH1', 'CH2', 'CHZ']",2019-01-02T08:26:36.430000Z,2.95
748,20190102T082728Z,1J.TI8A.,"['CH1', 'CH2', 'CHZ']",2019-01-02T08:27:29.320000Z,6.08
749,20190102T082757Z,1J.TI8A.,"['CH1', 'CH2', 'CHZ']",2019-01-02T08:27:57.000000Z,2.77
750,20190102T082913Z,1J.TI8A.,"['CH1', 'CH2', 'CHZ']",2019-01-02T08:29:13.660000Z,5.03
751,20190102T083033Z,1J.TI8A.,"['CH1', 'CH2', 'CHZ']",2019-01-02T08:30:33.130000Z,6.1
752,20190102T083142Z,1J.TI8A.,"['CH1', 'CH2', 'CHZ']",2019-01-02T08:31:42.190000Z,5.97
753,20190102T083310Z,1J.TI8A.,"['CH1', 'CH2', 'CHZ']",2019-01-02T08:33:10.800000Z,7.63
754,20190102T083421Z,1J.TI8A.,"['CH1', 'CH2', 'CHZ']",2019-01-02T08:34:21.610000Z,6.34
755,20190102T083545Z,1J.TI8A.,"['CH1', 'CH2', 'CHZ']",2019-01-02T08:35:45.790000Z,7.83
756,20190102T083658Z,1J.TI8A.,"['CH1', 'CH2', 'CHZ']",2019-01-02T08:36:58.020000Z,29.6
757,20190102T083828Z,1J.TI8A.,"['CH1', 'CH2', 'CHZ']",2019-01-02T08:38:28.190000Z,2.46
758,20190102T083947Z,1J.TI8A.,"['CH1', 'CH2', 'CHZ']",2019-01-02T08:39:47.100000Z,3.86
759,20190102T084051Z,1J.TI8A.,"['CH1', 'CH2', 'CHZ']",2019-01-02T08:40:51.980000Z,4.59
760,20190102T084112Z,1J.TI8A.,"['CH1', 'CH2', 'CHZ']",2019-01-02T08:41:12.660000Z,7.27
761,20190102T084214Z,1J.TI8A.,"['CH1', 'CH2', 'CHZ']",2019-01-02T08:42:14.240000Z,5.06
762,20190102T084323Z,1J.TI8A.,"['CH1', 'CH2', 'CHZ']",2019-01-02T08:43:23.000000Z,6.32
763,20190102T084444Z,1J.TI8A.,"['CH1', 'CH2', 'CHZ']",2019-01-02T08:44:44.710000Z,7.74
764,20190102T084701Z,1J.TI8A.,"['CH1', 'CH2', 'CHZ']",2019-01-02T08:47:01.080000Z,11.06
765,20190102T084800Z,1J.TI8A.,"['CH1', 'CH2', 'CHZ']",2019-01-02T08:48:00.740000Z,5.47
766,20190102T084931Z,1J.TI8A.,"['CH1', 'CH2', 'CHZ']",2019-01-02T08:49:31.590000Z,16.16
767,20190102T085035Z,1J.TI8A.,"['CH1', 'CH2', 'CHZ']",2019-01-02T08:50:35.610000Z,4.75
768,20190102T085121Z,1J.TI8A.,"['CH1', 'CH2', 'CHZ']",2019-01-02T08:51:21.260000Z,3.89
769,20190102T085201Z,1J.TI8A.,"['CH1', 'CH2', 'CHZ']",2019-01-02T08:52:01.870000Z,2.11
770,20190102T085243Z,1J.TI8A.,"['CH1', 'CH2', 'CHZ']",2019-01-02T08:52:43.770000Z,3.15
771,20190102T085330Z,1J.TI8A.,"['CH1', 'CH2', 'CHZ']",2019-01-02T08:53:30.190000Z,4.21
772,20190102T085414Z,1J.TI8A.,"['CH1', 'CH2', 'CHZ']",2019-01-02T08:54:14.780000Z,4.25
773,20190102T085453Z,1J.TI8A.,"['CH1', 'CH2', 'CHZ']",2019-01-02T08:54:53.470000Z,2.65
774,20190102T085611Z,1J.TI8A.,"['CH1', 'CH2', 'CHZ']",2019-01-02T08:56:11.860000Z,7.08
775,20190102T085730Z,1J.TI8A.,"['CH1', 'CH2', 'CHZ']",2019-01-02T08:57:30.710000Z,8.41
776,20190102T085756Z,1J.TI8A.,"['CH1', 'CH2', 'CHZ']",2019-01-02T08:57:56.510000Z,10.56
777,20190102T085938Z,1J.TI8A.,"['CH1', 'CH2', 'CHZ']",2019-01-02T08:59:38.030000Z,11.29
778,20190102T090130Z,1J.TI8A.,"['CH1', 'CH2', 'CHZ']",2019-01-02T09:01:30.550000Z,7.82
779,20190102T090305Z,1J.TI8A.,"['CH1', 'CH2', 'CHZ']",2019-01-02T09:03:05.760000Z,8.46
780,20190102T090403Z,1J.TI8A.,"['CH1', 'CH2', 'CHZ']",2019-01-02T09:04:03.800000Z,5.76
781,20190102T090417Z,1J.TI8A.,"['CH1', 'CH2', 'CHZ']",2019-01-02T09:04:18.680000Z,24.05
782,20190102T090513Z,1J.TI8A.,"['CH1', 'CH2', 'CHZ']",2019-01-02T09:05:13.430000Z,1.38
783,20190102T090623Z,1J.TI8A.,"['CH1', 'CH2', 'CHZ']",2019-01-02T09:06:23.790000Z,3.24
784,20190102T090714Z,1J.TI8A.,"['CH1', 'CH2', 'CHZ']",2019-01-02T09:07:14.920000Z,3.42
785,20190102T090812Z,1J.TI8A.,"['CH1', 'CH2', 'CHZ']",2019-01-02T09:08:12.380000Z,4.09
786,20190102T090901Z,1J.TI8A.,"['CH1', 'CH2', 'CHZ']",2019-01-02T09:09:01.570000Z,4.64
787,20190102T091105Z,1J.TI8A.,"['CH1', 'CH2', 'CHZ']",2019-01-02T09:11:05.270000Z,15.06
788,20190102T091241Z,1J.TI8A.,"['CH1', 'CH2', 'CHZ']",2019-01-02T09:12:52.950000Z,21.93
789,20190102T091439Z,1J.TI8A.,"['CH1', 'CH2', 'CHZ']",2019-01-02T09:14:39.930000Z,4.51
790,20190102T091839Z,1J.TI8A.,"['CH1', 'CH2', 'CHZ']",2019-01-02T09:18:46.380000Z,9.59
791,20190102T092034Z,1J.TI8A.,"['CH1', 'CH2', 'CHZ']",2019-01-02T09:20:34.420000Z,9.6
792,20190102T092131Z,1J.TI8A.,"['CH1', 'CH2', 'CHZ']",2019-01-02T09:21:31.260000Z,5.02
793,20190102T092235Z,1J.TI8A.,"['CH1', 'CH2', 'CHZ']",2019-01-02T09:22:35.990000Z,5.82
794,20190102T092313Z,1J.TI8A.,"['CH1', 'CH2', 'CHZ']",2019-01-02T09:23:13.160000Z,11.69
795,20190102T092401Z,1J.TI8A.,"['CH1', 'CH2', 'CHZ']",2019-01-02T09:24:01.830000Z,1.62
796,20190102T092459Z,1J.TI8A.,"['CH1', 'CH2', 'CHZ']",2019-01-02T09:24:59.510000Z,3.92
797,20190102T092552Z,1J.TI8A.,"['CH1', 'CH2', 'CHZ']",2019-01-02T09:25:52.180000Z,4.0
798,20190102T092637Z,1J.TI8A.,"['CH1', 'CH2', 'CHZ']",2019-01-02T09:26:37.930000Z,3.62
799,20190102T092744Z,1J.TI8A.,"['CH1', 'CH2', 'CHZ']",2019-01-02T09:27:44.250000Z,5.45
800,20190102T092950Z,1J.TI8A.,"['CH1', 'CH2', 'CHZ']",2019-01-02T09:29:50.470000Z,8.38
801,20190102T093146Z,1J.TI8A.,"['CH1', 'CH2', 'CHZ']",2019-01-02T09:31:46.860000Z,7.54
802,20190102T093541Z,1J.TI8A.,"['CH1', 'CH2', 'CHZ']",2019-01-02T09:35:41.990000Z,2.42
803,20190102T093743Z,1J.TI8A.,"['CH1', 'CH2', 'CHZ']",2019-01-02T09:37:43.350000Z,5.14
804,20190102T093836Z,1J.TI8A.,"['CH1', 'CH2', 'CHZ']",2019-01-02T09:38:36.890000Z,4.24
805,20190102T094141Z,1J.TI8A.,"['CH1', 'CH2', 'CHZ']",2019-01-02T09:41:41.750000Z,1.39
806,20190102T094241Z,1J.TI8A.,"['CH1', 'CH2', 'CHZ']",2019-01-02T09:43:02.130000Z,4.07
807,20190102T094514Z,1J.TI8A.,"['CH1', 'CH2', 'CHZ']",2019-01-02T09:45:14.550000Z,4.51
808,20190102T094528Z,1J.TI8A.,"['CH1', 'CH2', 'CHZ']",2019-01-02T09:45:28.450000Z,21.59
809,20190102T094606Z,1J.TI8A.,"['CH1', 'CH2', 'CHZ']",2019-01-02T09:46:08.250000Z,24.94
810,20190102T094723Z,1J.TI8A.,"['CH1', 'CH2', 'CHZ']",2019-01-02T09:47:23.980000Z,22.02
811,20190102T094946Z,1J.TI8A.,"['CH1', 'CH2', 'CHZ']",2019-01-02T09:49:46.080000Z,1.31
812,20190102T095037Z,1J.TI8A.,"['CH1', 'CH2', 'CHZ']",2019-01-02T09:50:44.330000Z,1.45
813,20190102T095116Z,1J.TI8A.,"['CH1', 'CH2', 'CHZ']",2019-01-02T09:51:16.420000Z,4.77
814,20190102T095206Z,1J.TI8A.,"['CH1', 'CH2', 'CHZ']",2019-01-02T09:52:06.540000Z,1.14
815,20190102T095243Z,1J.TI8A.,"['CH1', 'CH2', 'CHZ']",2019-01-02T09:52:49.230000Z,1.64
816,20190102T095334Z,1J.TI8A.,"['CH1', 'CH2', 'CHZ']",2019-01-02T09:53:34.080000Z,1.29
817,20190102T095424Z,1J.TI8A.,"['CH1', 'CH2', 'CHZ']",2019-01-02T09:54:24.250000Z,1.61
818,20190102T095446Z,1J.TI8A.,"['CH1', 'CH2', 'CHZ']",2019-01-02T09:54:46.670000Z,14.38
819,20190102T095610Z,1J.TI8A.,"['CH1', 'CH2', 'CHZ']",2019-01-02T09:56:14.610000Z,0.94
820,20190102T095652Z,1J.TI8A.,"['CH1', 'CH2', 'CHZ']",2019-01-02T09:56:52.930000Z,1.03
821,20190102T095736Z,1J.TI8A.,"['CH1', 'CH2', 'CHZ']",2019-01-02T09:57:36.260000Z,1.15
822,20190102T095819Z,1J.TI8A.,"['CH1', 'CH2', 'CHZ']",2019-01-02T09:58:19.840000Z,2.22
823,20190102T095956Z,1J.TI8A.,"['CH1', 'CH2', 'CHZ']",2019-01-02T09:59:56.270000Z,1.45
824,20190102T100039Z,1J.TI8A.,"['CH1', 'CH2', 'CHZ']",2019-01-02T10:00:40.480000Z,22.7
825,20190102T100158Z,1J.TI8A.,"['CH1', 'CH2', 'CHZ']",2019-01-02T10:01:58.290000Z,1.14
826,20190102T100333Z,1J.TI8A.,"['CH1', 'CH2', 'CHZ']",2019-01-02T10:03:33.360000Z,1.94
827,20190102T100436Z,1J.TI8A.,"['CH1', 'CH2', 'CHZ']",2019-01-02T10:04:36.560000Z,1.95
828,20190102T100727Z,1J.TI8A.,"['CH1', 'CH2', 'CHZ']",2019-01-02T10:07:27.360000Z,17.25
829,20190102T100756Z,1J.TI8A.,"['CH1', 'CH2', 'CHZ']",2019-01-02T10:07:56.450000Z,17.45
830,20190102T101201Z,1J.TI8A.,"['CH1', 'CH2', 'CHZ']",2019-01-02T10:12:01.600000Z,13.27
831,20190102T101220Z,1J.TI8A.,"['CH1', 'CH2', 'CHZ']",2019-01-02T10:12:20.510000Z,22.39
832,20190102T101734Z,1J.TI8A.,"['CH1', 'CH2', 'CHZ']",2019-01-02T10:17:34.440000Z,17.89
833,20190102T102448Z,1J.TI8A.,"['CH1', 'CH2', 'CHZ']",2019-01-02T10:24:48.120000Z,9.23
834,20190102T103135Z,1J.TI8A.,"['CH1', 'CH2', 'CHZ']",2019-01-02T10:31:35.960000Z,3.92
835,20190102T103309Z,1J.TI8A.,"['CH1', 'CH2', 'CHZ']",2019-01-02T10:33:10.530000Z,21.69
836,20190102T105741Z,1J.TI8A.,"['CH1', 'CH2', 'CHZ']",2019-01-02T10:57:50.650000Z,26.36
837,20190102T110324Z,1J.TI8A.,"['CH1', 'CH2', 'CHZ']",2019-01-02T11:03:26.730000Z,50.89
838,20190102T110556Z,1J.TI8A.,"['CH1', 'CH2', 'CHZ']",2019-01-02T11:05:56.470000Z,4.72
839,20190102T110633Z,1J.TI8A.,"['CH1', 'CH2', 'CHZ']",2019-01-02T11:06:33.420000Z,14.81
840,20190102T112453Z,1J.TI8A.,"['CH1', 'CH2', 'CHZ']",2019-01-02T11:24:53.410000Z,34.12
841,20190102T112833Z,1J.TI8A.,"['CH1', 'CH2', 'CHZ']",2019-01-02T11:28:33.330000Z,6.36
842,20190102T113042Z,1J.TI8A.,"['CH1', 'CH2', 'CHZ']",2019-01-02T11:30:44.130000Z,25.18
843,20190102T113109Z,1J.TI8A.,"['CH1', 'CH2', 'CHZ']",2019-01-02T11:31:14.370000Z,20.86
844,20190102T113628Z,1J.TI8A.,"['CH1', 'CH2', 'CHZ']",2019-01-02T11:36:29.370000Z,7.35
845,20190102T113725Z,1J.TI8A.,"['CH1', 'CH2', 'CHZ']",2019-01-02T11:37:26.480000Z,25.84
846,20190102T114018Z,1J.TI8A.,"['CH1', 'CH2', 'CHZ']",2019-01-02T11:40:24.540000Z,9.4
847,20190102T114042Z,1J.TI8A.,"['CH1', 'CH2', 'CHZ']",2019-01-02T11:40:47.380000Z,8.66
848,20190102T114300Z,1J.TI8A.,"['CH1', 'CH2', 'CHZ']",2019-01-02T11:43:09.240000Z,5.19
849,20190102T115217Z,1J.TI8A.,"['CH1', 'CH2', 'CHZ']",2019-01-02T11:52:26.810000Z,9.64
850,20190102T115856Z,1J.TI8A.,"['CH1', 'CH2', 'CHZ']",2019-01-02T11:58:56.960000Z,1.11
851,20190102T120024Z,1J.TI8A.,"['CH1', 'CH2', 'CHZ']",2019-01-02T12:00:24.730000Z,0.98
852,20190102T120128Z,1J.TI8A.,"['CH1', 'CH2', 'CHZ']",2019-01-02T12:01:29.310000Z,1.07
853,20190102T120249Z,1J.TI8A.,"['CH1', 'CH2', 'CHZ']",2019-01-02T12:02:49.410000Z,2.4
854,20190102T120330Z,1J.TI8A.,"['CH1', 'CH2', 'CHZ']",2019-01-02T12:03:30.210000Z,1.84
855,20190102T120436Z,1J.TI8A.,"['CH1', 'CH2', 'CHZ']",2019-01-02T12:04:36.850000Z,2.9
856,20190102T120527Z,1J.TI8A.,"['CH1', 'CH2', 'CHZ']",2019-01-02T12:05:27.110000Z,3.68
857,20190102T120601Z,1J.TI8A.,"['CH1', 'CH2', 'CHZ']",2019-01-02T12:06:01.220000Z,0.86
858,20190102T120704Z,1J.TI8A.,"['CH1', 'CH2', 'CHZ']",2019-01-02T12:07:06.360000Z,5.62
859,20190102T120832Z,1J.TI8A.,"['CH1', 'CH2', 'CHZ']",2019-01-02T12:08:32.550000Z,4.29
860,20190102T121004Z,1J.TI8A.,"['CH1', 'CH2', 'CHZ']",2019-01-02T12:10:09.090000Z,10.86
861,20190102T121202Z,1J.TI8A.,"['CH1', 'CH2', 'CHZ']",2019-01-02T12:12:02.600000Z,8.15
862,20190102T121253Z,1J.TI8A.,"['CH1', 'CH2', 'CHZ']",2019-01-02T12:12:53.350000Z,4.68
863,20190102T121402Z,1J.TI8A.,"['CH1', 'CH2', 'CHZ']",2019-01-02T12:14:02.100000Z,6.97
864,20190102T121512Z,1J.TI8A.,"['CH1', 'CH2', 'CHZ']",2019-01-02T12:15:17.360000Z,6.36
865,20190102T121614Z,1J.TI8A.,"['CH1', 'CH2', 'CHZ']",2019-01-02T12:16:14.510000Z,5.31
866,20190102T121708Z,1J.TI8A.,"['CH1', 'CH2', 'CHZ']",2019-01-02T12:17:08.530000Z,5.56
867,20190102T121817Z,1J.TI8A.,"['CH1', 'CH2', 'CHZ']",2019-01-02T12:18:17.950000Z,4.77
868,20190102T121921Z,1J.TI8A.,"['CH1', 'CH2', 'CHZ']",2019-01-02T12:19:21.510000Z,5.37
869,20190102T122022Z,1J.TI8A.,"['CH1', 'CH2', 'CHZ']",2019-01-02T12:20:22.890000Z,8.54
870,20190102T122108Z,1J.TI8A.,"['CH1', 'CH2', 'CHZ']",2019-01-02T12:21:08.020000Z,4.31
871,20190102T122218Z,1J.TI8A.,"['CH1', 'CH2', 'CHZ']",2019-01-02T12:22:18.100000Z,5.8
872,20190102T122308Z,1J.TI8A.,"['CH1', 'CH2', 'CHZ']",2019-01-02T12:23:08.140000Z,4.53
873,20190102T122350Z,1J.TI8A.,"['CH1', 'CH2', 'CHZ']",2019-01-02T12:23:50.630000Z,3.91
874,20190102T122443Z,1J.TI8A.,"['CH1', 'CH2', 'CHZ']",2019-01-02T12:24:43.490000Z,4.6
875,20190102T122550Z,1J.TI8A.,"['CH1', 'CH2', 'CHZ']",2019-01-02T12:25:50.780000Z,6.35
876,20190102T122652Z,1J.TI8A.,"['CH1', 'CH2', 'CHZ']",2019-01-02T12:26:52.220000Z,6.12
877,20190102T122705Z,1J.TI8A.,"['CH1', 'CH2', 'CHZ']",2019-01-02T12:27:08.910000Z,10.7
878,20190102T122747Z,1J.TI8A.,"['CH1', 'CH2', 'CHZ']",2019-01-02T12:27:47.330000Z,3.41
879,20190102T122848Z,1J.TI8A.,"['CH1', 'CH2', 'CHZ']",2019-01-02T12:28:48.730000Z,5.03
880,20190102T122933Z,1J.TI8A.,"['CH1', 'CH2', 'CHZ']",2019-01-02T12:29:33.750000Z,3.98
881,20190102T123045Z,1J.TI8A.,"['CH1', 'CH2', 'CHZ']",2019-01-02T12:30:45.070000Z,25.46
882,20190102T123147Z,1J.TI8A.,"['CH1', 'CH2', 'CHZ']",2019-01-02T12:31:47.070000Z,1.28
883,20190102T123227Z,1J.TI8A.,"['CH1', 'CH2', 'CHZ']",2019-01-02T12:32:27.860000Z,1.82
884,20190102T123311Z,1J.TI8A.,"['CH1', 'CH2', 'CHZ']",2019-01-02T12:33:13.600000Z,3.01
885,20190102T123420Z,1J.TI8A.,"['CH1', 'CH2', 'CHZ']",2019-01-02T12:34:20.710000Z,4.22
886,20190102T123521Z,1J.TI8A.,"['CH1', 'CH2', 'CHZ']",2019-01-02T12:35:25.960000Z,4.33
887,20190102T123610Z,1J.TI8A.,"['CH1', 'CH2', 'CHZ']",2019-01-02T12:36:10.970000Z,4.56
888,20190102T123654Z,1J.TI8A.,"['CH1', 'CH2', 'CHZ']",2019-01-02T12:36:54.650000Z,4.04
889,20190102T123743Z,1J.TI8A.,"['CH1', 'CH2', 'CHZ']",2019-01-02T12:37:43.290000Z,3.06
890,20190102T123835Z,1J.TI8A.,"['CH1', 'CH2', 'CHZ']",2019-01-02T12:38:35.130000Z,31.71
891,20190102T123933Z,1J.TI8A.,"['CH1', 'CH2', 'CHZ']",2019-01-02T12:39:33.920000Z,0.71
892,20190102T124022Z,1J.TI8A.,"['CH1', 'CH2', 'CHZ']",2019-01-02T12:40:22.560000Z,2.18
893,20190102T124131Z,1J.TI8A.,"['CH1', 'CH2', 'CHZ']",2019-01-02T12:41:31.940000Z,3.76
894,20190102T124240Z,1J.TI8A.,"['CH1', 'CH2', 'CHZ']",2019-01-02T12:42:40.100000Z,4.68
895,20190102T124340Z,1J.TI8A.,"['CH1', 'CH2', 'CHZ']",2019-01-02T12:43:40.550000Z,4.74
896,20190102T124423Z,1J.TI8A.,"['CH1', 'CH2', 'CHZ']",2019-01-02T12:44:25.660000Z,5.21
897,20190102T124444Z,1J.TI8A.,"['CH1', 'CH2', 'CHZ']",2019-01-02T12:44:44.670000Z,4.97
898,20190102T124551Z,1J.TI8A.,"['CH1', 'CH2', 'CHZ']",2019-01-02T12:45:51.280000Z,5.94
899,20190102T124649Z,1J.TI8A.,"['CH1', 'CH2', 'CHZ']",2019-01-02T12:46:50.780000Z,5.8
900,20190102T124745Z,1J.TI8A.,"['CH1', 'CH2', 'CHZ']",2019-01-02T12:47:45.400000Z,5.5
901,20190102T124824Z,1J.TI8A.,"['CH1', 'CH2', 'CHZ']",2019-01-02T12:48:28.740000Z,22.99
902,20190102T124946Z,1J.TI8A.,"['CH1', 'CH2', 'CHZ']",2019-01-02T12:49:46.550000Z,2.91
903,20190102T125047Z,1J.TI8A.,"['CH1', 'CH2', 'CHZ']",2019-01-02T12:50:47.390000Z,4.42
904,20190102T125122Z,1J.TI8A.,"['CH1', 'CH2', 'CHZ']",2019-01-02T12:51:22.640000Z,2.85
905,20190102T125230Z,1J.TI8A.,"['CH1', 'CH2', 'CHZ']",2019-01-02T12:52:38.840000Z,8.29
906,20190102T125337Z,1J.TI8A.,"['CH1', 'CH2', 'CHZ']",2019-01-02T12:53:37.550000Z,4.09
907,20190102T125416Z,1J.TI8A.,"['CH1', 'CH2', 'CHZ']",2019-01-02T12:54:30.950000Z,8.35
908,20190102T125541Z,1J.TI8A.,"['CH1', 'CH2', 'CHZ']",2019-01-02T12:55:41.820000Z,5.13
909,20190102T125639Z,1J.TI8A.,"['CH1', 'CH2', 'CHZ']",2019-01-02T12:56:39.290000Z,4.51
910,20190102T125715Z,1J.TI8A.,"['CH1', 'CH2', 'CHZ']",2019-01-02T12:57:22.100000Z,4.01
911,20190102T125818Z,1J.TI8A.,"['CH1', 'CH2', 'CHZ']",2019-01-02T12:58:18.930000Z,5.53
912,20190102T125904Z,1J.TI8A.,"['CH1', 'CH2', 'CHZ']",2019-01-02T12:59:09.650000Z,5.82
913,20190102T130016Z,1J.TI8A.,"['CH1', 'CH2', 'CHZ']",2019-01-02T13:00:16.830000Z,6.81
914,20190102T130118Z,1J.TI8A.,"['CH1', 'CH2', 'CHZ']",2019-01-02T13:01:18.830000Z,6.6
915,20190102T130204Z,1J.TI8A.,"['CH1', 'CH2', 'CHZ']",2019-01-02T13:02:04.940000Z,3.08
916,20190102T130250Z,1J.TI8A.,"['CH1', 'CH2', 'CHZ']",2019-01-02T13:02:50.010000Z,4.27
917,20190102T130341Z,1J.TI8A.,"['CH1', 'CH2', 'CHZ']",2019-01-02T13:03:41.970000Z,5.57
918,20190102T130424Z,1J.TI8A.,"['CH1', 'CH2', 'CHZ']",2019-01-02T13:04:24.900000Z,4.47
919,20190102T130511Z,1J.TI8A.,"['CH1', 'CH2', 'CHZ']",2019-01-02T13:05:11.440000Z,4.99
920,20190102T130542Z,1J.TI8A.,"['CH1', 'CH2', 'CHZ']",2019-01-02T13:05:42.090000Z,0.94
921,20190102T130638Z,1J.TI8A.,"['CH1', 'CH2', 'CHZ']",2019-01-02T13:06:42.800000Z,8.27
922,20190102T130738Z,1J.TI8A.,"['CH1', 'CH2', 'CHZ']",2019-01-02T13:07:38.880000Z,26.6
923,20190102T130826Z,1J.TI8A.,"['CH1', 'CH2', 'CHZ']",2019-01-02T13:08:26.900000Z,2.44
924,20190102T130942Z,1J.TI8A.,"['CH1', 'CH2', 'CHZ']",2019-01-02T13:09:42.330000Z,5.12
925,20190102T131024Z,1J.TI8A.,"['CH1', 'CH2', 'CHZ']",2019-01-02T13:10:24.270000Z,3.72
926,20190102T131126Z,1J.TI8A.,"['CH1', 'CH2', 'CHZ']",2019-01-02T13:11:26.350000Z,5.98
927,20190102T131219Z,1J.TI8A.,"['CH1', 'CH2', 'CHZ']",2019-01-02T13:12:19.180000Z,5.83
928,20190102T131308Z,1J.TI8A.,"['CH1', 'CH2', 'CHZ']",2019-01-02T13:13:08.310000Z,4.98
929,20190102T131402Z,1J.TI8A.,"['CH1', 'CH2', 'CHZ']",2019-01-02T13:14:02.930000Z,6.28
930,20190102T131443Z,1J.TI8A.,"['CH1', 'CH2', 'CHZ']",2019-01-02T13:14:43.150000Z,4.22
931,20190102T131535Z,1J.TI8A.,"['CH1', 'CH2', 'CHZ']",2019-01-02T13:15:35.920000Z,5.87
932,20190102T131618Z,1J.TI8A.,"['CH1', 'CH2', 'CHZ']",2019-01-02T13:16:18.150000Z,4.4
933,20190102T131727Z,1J.TI8A.,"['CH1', 'CH2', 'CHZ']",2019-01-02T13:17:27.900000Z,7.99
934,20190102T131822Z,1J.TI8A.,"['CH1', 'CH2', 'CHZ']",2019-01-02T13:18:22.190000Z,5.69
935,20190102T131925Z,1J.TI8A.,"['CH1', 'CH2', 'CHZ']",2019-01-02T13:19:28.580000Z,11.16
936,20190102T132026Z,1J.TI8A.,"['CH1', 'CH2', 'CHZ']",2019-01-02T13:20:26.960000Z,5.65
937,20190102T132114Z,1J.TI8A.,"['CH1', 'CH2', 'CHZ']",2019-01-02T13:21:14.270000Z,3.85
938,20190102T132215Z,1J.TI8A.,"['CH1', 'CH2', 'CHZ']",2019-01-02T13:22:15.410000Z,6.18
939,20190102T132258Z,1J.TI8A.,"['CH1', 'CH2', 'CHZ']",2019-01-02T13:22:58.000000Z,3.85
940,20190102T132333Z,1J.TI8A.,"['CH1', 'CH2', 'CHZ']",2019-01-02T13:23:47.280000Z,4.85
941,20190102T132440Z,1J.TI8A.,"['CH1', 'CH2', 'CHZ']",2019-01-02T13:24:40.590000Z,5.74
942,20190102T132543Z,1J.TI8A.,"['CH1', 'CH2', 'CHZ']",2019-01-02T13:25:43.140000Z,6.94
943,20190102T132654Z,1J.TI8A.,"['CH1', 'CH2', 'CHZ']",2019-01-02T13:26:54.180000Z,8.26
944,20190102T132750Z,1J.TI8A.,"['CH1', 'CH2', 'CHZ']",2019-01-02T13:27:50.220000Z,5.24
945,20190102T132849Z,1J.TI8A.,"['CH1', 'CH2', 'CHZ']",2019-01-02T13:28:49.580000Z,6.42
946,20190102T132945Z,1J.TI8A.,"['CH1', 'CH2', 'CHZ']",2019-01-02T13:29:45.320000Z,6.09
947,20190102T133004Z,1J.TI8A.,"['CH1', 'CH2', 'CHZ']",2019-01-02T13:30:04.850000Z,21.98
948,20190102T133142Z,1J.TI8A.,"['CH1', 'CH2', 'CHZ']",2019-01-02T13:31:42.340000Z,2.02
949,20190102T133242Z,1J.TI8A.,"['CH1', 'CH2', 'CHZ']",2019-01-02T13:32:42.150000Z,3.37
950,20190102T133341Z,1J.TI8A.,"['CH1', 'CH2', 'CHZ']",2019-01-02T13:33:41.670000Z,3.74
951,20190102T133421Z,1J.TI8A.,"['CH1', 'CH2', 'CHZ']",2019-01-02T13:34:21.520000Z,3.23
952,20190102T133439Z,1J.TI8A.,"['CH1', 'CH2', 'CHZ']",2019-01-02T13:34:45.650000Z,4.6
953,20190102T133503Z,1J.TI8A.,"['CH1', 'CH2', 'CHZ']",2019-01-02T13:35:09.510000Z,2.2
954,20190102T133601Z,1J.TI8A.,"['CH1', 'CH2', 'CHZ']",2019-01-02T13:36:05.300000Z,4.27
955,20190102T133646Z,1J.TI8A.,"['CH1', 'CH2', 'CHZ']",2019-01-02T13:36:46.710000Z,3.42
956,20190102T133753Z,1J.TI8A.,"['CH1', 'CH2', 'CHZ']",2019-01-02T13:37:53.280000Z,4.64
957,20190102T133840Z,1J.TI8A.,"['CH1', 'CH2', 'CHZ']",2019-01-02T13:38:40.780000Z,4.39
958,20190102T133948Z,1J.TI8A.,"['CH1', 'CH2', 'CHZ']",2019-01-02T13:39:48.400000Z,5.74
959,20190102T134031Z,1J.TI8A.,"['CH1', 'CH2', 'CHZ']",2019-01-02T13:40:31.510000Z,2.58
960,20190102T134131Z,1J.TI8A.,"['CH1', 'CH2', 'CHZ']",2019-01-02T13:41:31.390000Z,1.76
961,20190102T134155Z,1J.TI8A.,"['CH1', 'CH2', 'CHZ']",2019-01-02T13:41:57.610000Z,52.67
962,20190102T134519Z,1J.TI8A.,"['CH1', 'CH2', 'CHZ']",2019-01-02T13:45:19.820000Z,2.21
963,20190102T134559Z,1J.TI8A.,"['CH1', 'CH2', 'CHZ']",2019-01-02T13:45:59.820000Z,2.09
964,20190102T134623Z,1J.TI8A.,"['CH1', 'CH2', 'CHZ']",2019-01-02T13:46:23.460000Z,2.85
965,20190102T134705Z,1J.TI8A.,"['CH1', 'CH2', 'CHZ']",2019-01-02T13:47:05.270000Z,2.77
966,20190102T134744Z,1J.TI8A.,"['CH1', 'CH2', 'CHZ']",2019-01-02T13:47:44.950000Z,23.91
967,20190102T134822Z,1J.TI8A.,"['CH1', 'CH2', 'CHZ']",2019-01-02T13:48:37.230000Z,0.86
968,20190102T135027Z,1J.TI8A.,"['CH1', 'CH2', 'CHZ']",2019-01-02T13:50:27.900000Z,2.19
969,20190102T135108Z,1J.TI8A.,"['CH1', 'CH2', 'CHZ']",2019-01-02T13:51:08.810000Z,2.49
970,20190102T135122Z,1J.TI8A.,"['CH1', 'CH2', 'CHZ']",2019-01-02T13:52:01.230000Z,17.95
971,20190102T135224Z,1J.TI8A.,"['CH1', 'CH2', 'CHZ']",2019-01-02T13:52:37.710000Z,14.52
972,20190102T135334Z,1J.TI8A.,"['CH1', 'CH2', 'CHZ']",2019-01-02T13:53:34.380000Z,0.74
973,20190102T135426Z,1J.TI8A.,"['CH1', 'CH2', 'CHZ']",2019-01-02T13:54:26.230000Z,2.3
974,20190102T135504Z,1J.TI8A.,"['CH1', 'CH2', 'CHZ']",2019-01-02T13:55:04.790000Z,2.43
975,20190102T135533Z,1J.TI8A.,"['CH1', 'CH2', 'CHZ']",2019-01-02T13:55:33.250000Z,8.57
976,20190102T135617Z,1J.TI8A.,"['CH1', 'CH2', 'CHZ']",2019-01-02T13:56:22.880000Z,4.03
977,20190102T135643Z,1J.TI8A.,"['CH1', 'CH2', 'CHZ']",2019-01-02T13:56:43.140000Z,1.88
978,20190102T135731Z,1J.TI8A.,"['CH1', 'CH2', 'CHZ']",2019-01-02T13:57:31.060000Z,2.77
979,20190102T135816Z,1J.TI8A.,"['CH1', 'CH2', 'CHZ']",2019-01-02T13:58:20.650000Z,36.81
980,20190102T140031Z,1J.TI8A.,"['CH1', 'CH2', 'CHZ']",2019-01-02T14:00:31.490000Z,3.03
981,20190102T140118Z,1J.TI8A.,"['CH1', 'CH2', 'CHZ']",2019-01-02T14:01:23.090000Z,1.6
982,20190102T140224Z,1J.TI8A.,"['CH1', 'CH2', 'CHZ']",2019-01-02T14:02:32.360000Z,4.27
983,20190102T140327Z,1J.TI8A.,"['CH1', 'CH2', 'CHZ']",2019-01-02T14:03:27.650000Z,2.5
984,20190102T140437Z,1J.TI8A.,"['CH1', 'CH2', 'CHZ']",2019-01-02T14:04:43.740000Z,5.82
985,20190102T140536Z,1J.TI8A.,"['CH1', 'CH2', 'CHZ']",2019-01-02T14:05:40.840000Z,9.61
986,20190102T140632Z,1J.TI8A.,"['CH1', 'CH2', 'CHZ']",2019-01-02T14:06:36.580000Z,41.54
987,20190102T140755Z,1J.TI8A.,"['CH1', 'CH2', 'CHZ']",2019-01-02T14:07:55.220000Z,1.58
988,20190102T140841Z,1J.TI8A.,"['CH1', 'CH2', 'CHZ']",2019-01-02T14:08:41.400000Z,1.27
989,20190102T140951Z,1J.TI8A.,"['CH1', 'CH2', 'CHZ']",2019-01-02T14:09:51.620000Z,3.46
990,20190102T141046Z,1J.TI8A.,"['CH1', 'CH2', 'CHZ']",2019-01-02T14:10:46.140000Z,3.16
991,20190102T141154Z,1J.TI8A.,"['CH1', 'CH2', 'CHZ']",2019-01-02T14:11:54.830000Z,3.99
992,20190102T141301Z,1J.TI8A.,"['CH1', 'CH2', 'CHZ']",2019-01-02T14:13:04.190000Z,39.88
993,20190102T141405Z,1J.TI8A.,"['CH1', 'CH2', 'CHZ']",2019-01-02T14:14:05.190000Z,0.96
994,20190102T141459Z,1J.TI8A.,"['CH1', 'CH2', 'CHZ']",2019-01-02T14:14:59.670000Z,1.8
995,20190102T141611Z,1J.TI8A.,"['CH1', 'CH2', 'CHZ']",2019-01-02T14:16:11.580000Z,3.09
996,20190102T141724Z,1J.TI8A.,"['CH1', 'CH2', 'CHZ']",2019-01-02T14:17:24.080000Z,2.71
997,20190102T141905Z,1J.TI8A.,"['CH1', 'CH2', 'CHZ']",2019-01-02T14:19:05.930000Z,1.38
998,20190102T141955Z,1J.TI8A.,"['CH1', 'CH2', 'CHZ']",2019-01-02T14:19:55.180000Z,21.32
999,20190102T142712Z,1J.TI8A.,"['CH1', 'CH2', 'CHZ']",2019-01-02T14:27:14.800000Z,50.7
1000,20190102T142901Z,1J.TI8A.,"['CH1', 'CH2', 'CHZ']",2019-01-02T14:29:03.980000Z,2.52
1001,20190102T142927Z,1J.TI8A.,"['CH1', 'CH2', 'CHZ']",2019-01-02T14:29:32.100000Z,10.53
1002,20190102T143208Z,1J.TI8A.,"['CH1', 'CH2', 'CHZ']",2019-01-02T14:32:11.120000Z,12.26
1003,20190102T144114Z,1J.TI8A.,"['CH1', 'CH2', 'CHZ']",2019-01-02T14:41:15.580000Z,23.85
1004,20190102T144649Z,1J.TI8A.,"['CH1', 'CH2', 'CHZ']",2019-01-02T14:46:49.390000Z,3.43
1005,20190102T145025Z,1J.TI8A.,"['CH1', 'CH2', 'CHZ']",2019-01-02T14:50:52.420000Z,55.91
1006,20190102T145208Z,1J.TI8A.,"['CH1', 'CH2', 'CHZ']",2019-01-02T14:52:12.350000Z,3.17
1007,20190102T145625Z,1J.TI8A.,"['CH1', 'CH2', 'CHZ']",2019-01-02T14:56:25.300000Z,3.72
1008,20190102T145911Z,1J.TI8A.,"['CH1', 'CH2', 'CHZ']",2019-01-02T14:59:21.480000Z,9.66
1009,20190102T150406Z,1J.TI8A.,"['CH1', 'CH2', 'CHZ']",2019-01-02T15:04:09.350000Z,12.14
1010,20190102T150753Z,1J.TI8A.,"['CH1', 'CH2', 'CHZ']",2019-01-02T15:07:54.070000Z,25.08
1011,20190102T150921Z,1J.TI8A.,"['CH1', 'CH2', 'CHZ']",2019-01-02T15:09:21.130000Z,1.48
1012,20190102T150929Z,1J.TI8A.,"['CH1', 'CH2', 'CHZ']",2019-01-02T15:09:35.010000Z,29.56
1013,20190102T151032Z,1J.TI8A.,"['CH1', 'CH2', 'CHZ']",2019-01-02T15:10:32.390000Z,1.41
1014,20190102T151330Z,1J.TI8A.,"['CH1', 'CH2', 'CHZ']",2019-01-02T15:13:33.270000Z,2.47
1015,20190102T151719Z,1J.TI8A.,"['CH1', 'CH2', 'CHZ']",2019-01-02T15:17:19.810000Z,2.49
1016,20190102T152005Z,1J.TI8A.,"['CH1', 'CH2', 'CHZ']",2019-01-02T15:20:37.370000Z,20.81
1017,20190102T152209Z,1J.TI8A.,"['CH1', 'CH2', 'CHZ']",2019-01-02T15:22:09.800000Z,1.45
1018,20190102T152302Z,1J.TI8A.,"['CH1', 'CH2', 'CHZ']",2019-01-02T15:23:12.360000Z,1.52
1019,20190102T152454Z,1J.TI8A.,"['CH1', 'CH2', 'CHZ']",2019-01-02T15:24:54.310000Z,4.9
1020,20190102T152621Z,1J.TI8A.,"['CH1', 'CH2', 'CHZ']",2019-01-02T15:26:21.610000Z,3.13
1021,20190102T152749Z,1J.TI8A.,"['CH1', 'CH2', 'CHZ']",2019-01-02T15:27:49.630000Z,1.61
1022,20190102T152855Z,1J.TI8A.,"['CH1', 'CH2', 'CHZ']",2019-01-02T15:28:55.390000Z,0.87
1023,20190102T153701Z,1J.TI8A.,"['CH1', 'CH2', 'CHZ']",2019-01-02T15:37:01.010000Z,0.78
1024,20190102T154035Z,1J.TI8A.,"['CH1', 'CH2', 'CHZ']",2019-01-02T15:40:39.960000Z,12.06
1025,20190102T154156Z,1J.TI8A.,"['CH1', 'CH2', 'CHZ']",2019-01-02T15:41:56.980000Z,0.91
1026,20190102T154223Z,1J.TI8A.,"['CH1', 'CH2', 'CHZ']",2019-01-02T15:42:23.360000Z,0.97
1027,20190102T154417Z,1J.TI8A.,"['CH1', 'CH2', 'CHZ']",2019-01-02T15:44:17.690000Z,0.9
1028,20190102T154517Z,1J.TI8A.,"['CH1', 'CH2', 'CHZ']",2019-01-02T15:45:17.350000Z,0.98
1029,20190102T154621Z,1J.TI8A.,"['CH1', 'CH2', 'CHZ']",2019-01-02T15:46:21.230000Z,1.34
1030,20190102T154626Z,1J.TI8A.,"['CH1', 'CH2', 'CHZ']",2019-01-02T15:46:29.930000Z,50.66
1031,20190102T154825Z,1J.TI8A.,"['CH1', 'CH2', 'CHZ']",2019-01-02T15:48:25.790000Z,0.89
1032,20190102T155423Z,1J.TI8A.,"['CH1', 'CH2', 'CHZ']",2019-01-02T15:54:23.390000Z,1.03
1033,20190102T155702Z,1J.TI8A.,"['CH1', 'CH2', 'CHZ']",2019-01-02T15:57:09.880000Z,23.91
1034,20190102T160430Z,1J.TI8A.,"['CH1', 'CH2', 'CHZ']",2019-01-02T16:04:30.450000Z,2.99
1035,20190102T160458Z,1J.TI8A.,"['CH1', 'CH2', 'CHZ']",2019-01-02T16:04:58.940000Z,25.44
1036,20190102T160948Z,1J.TI8A.,"['CH1', 'CH2', 'CHZ']",2019-01-02T16:09:48.520000Z,9.38
1037,20190102T161127Z,1J.TI8A.,"['CH1', 'CH2', 'CHZ']",2019-01-02T16:11:28.710000Z,16.11
1038,20190102T161223Z,1J.TI8A.,"['CH1', 'CH2', 'CHZ']",2019-01-02T16:12:23.000000Z,0.87
1039,20190102T161309Z,1J.TI8A.,"['CH1', 'CH2', 'CHZ']",2019-01-02T16:13:09.570000Z,18.12
1040,20190102T162553Z,1J.TI8A.,"['CH1', 'CH2', 'CHZ']",2019-01-02T16:25:53.170000Z,0.75
1041,20190102T163338Z,1J.TI8A.,"['CH1', 'CH2', 'CHZ']",2019-01-02T16:33:38.940000Z,0.68
1042,20190102T163702Z,1J.TI8A.,"['CH1', 'CH2', 'CHZ']",2019-01-02T16:37:02.110000Z,52.68
1043,20190102T164351Z,1J.TI8A.,"['CH1', 'CH2', 'CHZ']",2019-01-02T16:43:51.080000Z,0.69
1044,20190102T164434Z,1J.TI8A.,"['CH1', 'CH2', 'CHZ']",2019-01-02T16:44:36.110000Z,9.65
1045,20190102T164518Z,1J.TI8A.,"['CH1', 'CH2', 'CHZ']",2019-01-02T16:45:20.210000Z,14.92
1046,20190102T164541Z,1J.TI8A.,"['CH1', 'CH2', 'CHZ']",2019-01-02T16:45:49.060000Z,19.56
1047,20190102T164948Z,1J.TI8A.,"['CH1', 'CH2', 'CHZ']",2019-01-02T16:49:48.530000Z,13.78
1048,20190102T165036Z,1J.TI8A.,"['CH1', 'CH2', 'CHZ']",2019-01-02T16:50:37.440000Z,25.31
1049,20190102T165213Z,1J.TI8A.,"['CH1', 'CH2', 'CHZ']",2019-01-02T16:52:17.480000Z,7.65
1050,20190102T165935Z,1J.TI8A.,"['CH1', 'CH2', 'CHZ']",2019-01-02T16:59:35.650000Z,1.72
1051,20190102T170246Z,1J.TI8A.,"['CH1', 'CH2', 'CHZ']",2019-01-02T17:02:46.600000Z,5.58
1052,20190102T171011Z,1J.TI8A.,"['CH1', 'CH2', 'CHZ']",2019-01-02T17:11:18.700000Z,23.84
1053,20190102T171232Z,1J.TI8A.,"['CH1', 'CH2', 'CHZ']",2019-01-02T17:12:32.020000Z,2.1
1054,20190102T171359Z,1J.TI8A.,"['CH1', 'CH2', 'CHZ']",2019-01-02T17:13:59.270000Z,6.69
1055,20190102T171601Z,1J.TI8A.,"['CH1', 'CH2', 'CHZ']",2019-01-02T17:16:01.800000Z,5.07
1056,20190102T172215Z,1J.TI8A.,"['CH1', 'CH2', 'CHZ']",2019-01-02T17:22:15.060000Z,19.77
1057,20190102T173110Z,1J.TI8A.,"['CH1', 'CH2', 'CHZ']",2019-01-02T17:31:10.030000Z,47.64
1058,20190102T173812Z,1J.TI8A.,"['CH1', 'CH2', 'CHZ']",2019-01-02T17:38:12.990000Z,4.24
1059,20190102T174425Z,1J.TI8A.,"['CH1', 'CH2', 'CHZ']",2019-01-02T17:44:26.130000Z,26.0
1060,20190102T174949Z,1J.TI8A.,"['CH1', 'CH2', 'CHZ']",2019-01-02T17:49:49.760000Z,9.32
1061,20190102T175448Z,1J.TI8A.,"['CH1', 'CH2', 'CHZ']",2019-01-02T17:54:48.040000Z,24.74
1062,20190102T180050Z,1J.TI8A.,"['CH1', 'CH2', 'CHZ']",2019-01-02T18:00:50.040000Z,21.32
1063,20190102T180518Z,1J.TI8A.,"['CH1', 'CH2', 'CHZ']",2019-01-02T18:05:20.350000Z,22.71
1064,20190102T180633Z,1J.TI8A.,"['CH1', 'CH2', 'CHZ']",2019-01-02T18:06:33.230000Z,3.67
1065,20190102T181303Z,1J.TI8A.,"['CH1', 'CH2', 'CHZ']",2019-01-02T18:13:03.170000Z,19.27
1066,20190102T182533Z,1J.TI8A.,"['CH1', 'CH2', 'CHZ']",2019-01-02T18:25:33.320000Z,13.7
1067,20190102T182720Z,1J.TI8A.,"['CH1', 'CH2', 'CHZ']",2019-01-02T18:27:22.500000Z,23.26
1068,20190102T183736Z,1J.TI8A.,"['CH1', 'CH2', 'CHZ']",2019-01-02T18:37:39.350000Z,50.21
1069,20190102T192701Z,1J.TI8A.,"['CH1', 'CH2', 'CHZ']",2019-01-02T19:27:03.660000Z,24.09
1070,20190102T192903Z,1J.TI8A.,"['CH1', 'CH2', 'CHZ']",2019-01-02T19:29:03.460000Z,0.85
1071,20190102T193124Z,1J.TI8A.,"['CH1', 'CH2', 'CHZ']",2019-01-02T19:31:24.790000Z,1.96
1072,20190102T193502Z,1J.TI8A.,"['CH1', 'CH2', 'CHZ']",2019-01-02T19:35:05.000000Z,12.06
1073,20190102T193528Z,1J.TI8A.,"['CH1', 'CH2', 'CHZ']",2019-01-02T19:35:33.660000Z,16.65
1074,20190102T193735Z,1J.TI8A.,"['CH1', 'CH2', 'CHZ']",2019-01-02T19:37:37.420000Z,16.91
1075,20190102T194024Z,1J.TI8A.,"['CH1', 'CH2', 'CHZ']",2019-01-02T19:40:24.740000Z,3.92
1076,20190102T194329Z,1J.TI8A.,"['CH1', 'CH2', 'CHZ']",2019-01-02T19:43:29.610000Z,3.24
1077,20190102T194628Z,1J.TI8A.,"['CH1', 'CH2', 'CHZ']",2019-01-02T19:46:28.930000Z,11.73
1078,20190102T194653Z,1J.TI8A.,"['CH1', 'CH2', 'CHZ']",2019-01-02T19:46:59.180000Z,16.35
1079,20190102T194952Z,1J.TI8A.,"['CH1', 'CH2', 'CHZ']",2019-01-02T19:49:52.610000Z,10.4
1080,20190102T195658Z,1J.TI8A.,"['CH1', 'CH2', 'CHZ']",2019-01-02T19:56:58.280000Z,8.87
1081,20190102T200838Z,1J.TI8A.,"['CH1', 'CH2', 'CHZ']",2019-01-02T20:08:38.050000Z,5.43
1082,20190102T200912Z,1J.TI8A.,"['CH1', 'CH2', 'CHZ']",2019-01-02T20:09:12.610000Z,15.73
1083,20190102T201636Z,1J.TI8A.,"['CH1', 'CH2', 'CHZ']",2019-01-02T20:16:36.660000Z,22.06
1084,20190102T201833Z,1J.TI8A.,"['CH1', 'CH2', 'CHZ']",2019-01-02T20:18:33.380000Z,3.84
1085,20190102T201859Z,1J.TI8A.,"['CH1', 'CH2', 'CHZ']",2019-01-02T20:19:00.950000Z,24.26
1086,20190102T202212Z,1J.TI8A.,"['CH1', 'CH2', 'CHZ']",2019-01-02T20:22:12.270000Z,3.87
1087,20190102T202313Z,1J.TI8A.,"['CH1', 'CH2', 'CHZ']",2019-01-02T20:23:13.350000Z,5.76
1088,20190102T202346Z,1J.TI8A.,"['CH1', 'CH2', 'CHZ']",2019-01-02T20:23:46.240000Z,3.5
1089,20190102T202532Z,1J.TI8A.,"['CH1', 'CH2', 'CHZ']",2019-01-02T20:25:32.240000Z,5.73
1090,20190102T202703Z,1J.TI8A.,"['CH1', 'CH2', 'CHZ']",2019-01-02T20:27:03.420000Z,5.22
1091,20190102T202827Z,1J.TI8A.,"['CH1', 'CH2', 'CHZ']",2019-01-02T20:28:27.820000Z,4.37
1092,20190102T203039Z,1J.TI8A.,"['CH1', 'CH2', 'CHZ']",2019-01-02T20:30:39.550000Z,3.83
1093,20190102T203239Z,1J.TI8A.,"['CH1', 'CH2', 'CHZ']",2019-01-02T20:33:03.950000Z,6.35
1094,20190102T203721Z,1J.TI8A.,"['CH1', 'CH2', 'CHZ']",2019-01-02T20:37:21.710000Z,22.41
1095,20190102T204330Z,1J.TI8A.,"['CH1', 'CH2', 'CHZ']",2019-01-02T20:43:30.290000Z,12.45
1096,20190102T205018Z,1J.TI8A.,"['CH1', 'CH2', 'CHZ']",2019-01-02T20:50:18.280000Z,8.75
1097,20190102T205109Z,1J.TI8A.,"['CH1', 'CH2', 'CHZ']",2019-01-02T20:51:10.900000Z,23.06
1098,20190102T205754Z,1J.TI8A.,"['CH1', 'CH2', 'CHZ']",2019-01-02T20:57:54.160000Z,16.17
1099,20190102T210925Z,1J.TI8A.,"['CH1', 'CH2', 'CHZ']",2019-01-02T21:09:25.990000Z,49.65
1100,20190102T211524Z,1J.TI8A.,"['CH1', 'CH2', 'CHZ']",2019-01-02T21:15:25.110000Z,22.72
1101,20190102T211955Z,1J.TI8A.,"['CH1', 'CH2', 'CHZ']",2019-01-02T21:19:55.470000Z,16.95
1102,20190102T212829Z,1J.TI8A.,"['CH1', 'CH2', 'CHZ']",2019-01-02T21:28:29.020000Z,15.79
1103,20190102T213301Z,1J.TI8A.,"['CH1', 'CH2', 'CHZ']",2019-01-02T21:33:01.370000Z,18.47
1104,20190102T214314Z,1J.TI8A.,"['CH1', 'CH2', 'CHZ']",2019-01-02T21:43:14.160000Z,52.07
1105,20190102T215226Z,1J.TI8A.,"['CH1', 'CH2', 'CHZ']",2019-01-02T21:52:26.620000Z,5.79
1106,20190102T215306Z,1J.TI8A.,"['CH1', 'CH2', 'CHZ']",2019-01-02T21:53:06.590000Z,18.74
1107,20190102T215336Z,1J.TI8A.,"['CH1', 'CH2', 'CHZ']",2019-01-02T21:53:36.410000Z,16.61
1108,20190102T220141Z,1J.TI8A.,"['CH1', 'CH2', 'CHZ']",2019-01-02T22:01:42.500000Z,25.52
1109,20190102T221127Z,1J.TI8A.,"['CH1', 'CH2', 'CHZ']",2019-01-02T22:11:27.250000Z,8.48
1110,20190102T221435Z,1J.TI8A.,"['CH1', 'CH2', 'CHZ']",2019-01-02T22:14:35.610000Z,13.08
1111,20190102T221806Z,1J.TI8A.,"['CH1', 'CH2', 'CHZ']",2019-01-02T22:18:07.040000Z,22.5
1112,20190102T223438Z,1J.TI8A.,"['CH1', 'CH2', 'CHZ']",2019-01-02T22:34:38.050000Z,9.41
1113,20190102T224215Z,1J.TI8A.,"['CH1', 'CH2', 'CHZ']",2019-01-02T22:42:16.270000Z,25.93
1114,20190102T224701Z,1J.TI8A.,"['CH1', 'CH2', 'CHZ']",2019-01-02T22:47:01.390000Z,10.53
1115,20190102T224727Z,1J.TI8A.,"['CH1', 'CH2', 'CHZ']",2019-01-02T22:47:30.300000Z,16.79
1116,20190102T225115Z,1J.TI8A.,"['CH1', 'CH2', 'CHZ']",2019-01-02T22:51:15.790000Z,13.23
1117,20190102T230708Z,1J.TI8A.,"['CH1', 'CH2', 'CHZ']",2019-01-02T23:07:09.210000Z,14.22
1118,20190102T230810Z,1J.TI8A.,"['CH1', 'CH2', 'CHZ']",2019-01-02T23:08:12.380000Z,23.36
1119,20190102T230955Z,1J.TI8A.,"['CH1', 'CH2', 'CHZ']",2019-01-02T23:09:55.200000Z,19.74
1120,20190102T232826Z,1J.TI8A.,"['CH1', 'CH2', 'CHZ']",2019-01-02T23:28:46.890000Z,18.96
1121,20190102T233041Z,1J.TI8A.,"['CH1', 'CH2', 'CHZ']",2019-01-02T23:30:41.320000Z,10.39
1122,20190102T235335Z,1J.TI8A.,"['CH1', 'CH2', 'CHZ']",2019-01-02T23:53:35.610000Z,17.64
1123,20190102T235803Z,1J.TI8A.,"['CH1', 'CH2', 'CHZ']",2019-01-02T23:58:04.750000Z,24.57
1124,20190102T001225Z,1J.TI6A.,"['CH1', 'CH2', 'CHZ']",2019-01-02T00:12:50.860000Z,18.37
1125,20190102T001513Z,1J.TI6A.,"['CH1', 'CH2', 'CHZ']",2019-01-02T00:15:13.740000Z,6.39
1126,20190102T003815Z,1J.TI6A.,"['CH1', 'CH2', 'CHZ']",2019-01-02T00:38:15.860000Z,24.49
1127,20190102T004004Z,1J.TI6A.,"['CH1', 'CH2', 'CHZ']",2019-01-02T00:40:04.190000Z,1.25
1128,20190102T010027Z,1J.TI6A.,"['CH1', 'CH2', 'CHZ']",2019-01-02T01:00:27.360000Z,13.83
1129,20190102T011356Z,1J.TI6A.,"['CH1', 'CH2', 'CHZ']",2019-01-02T01:14:00.630000Z,2.44
1130,20190102T011635Z,1J.TI6A.,"['CH1', 'CH2', 'CHZ']",2019-01-02T01:17:01.890000Z,17.95
1131,20190102T013752Z,1J.TI6A.,"['CH1', 'CH2', 'CHZ']",2019-01-02T01:37:52.590000Z,19.46
1132,20190102T014131Z,1J.TI6A.,"['CH1', 'CH2', 'CHZ']",2019-01-02T01:41:31.190000Z,2.96
1133,20190102T015902Z,1J.TI6A.,"['CH1', 'CH2', 'CHZ']",2019-01-02T01:59:02.570000Z,16.34
1134,20190102T020418Z,1J.TI6A.,"['CH1', 'CH2', 'CHZ']",2019-01-02T02:04:32.340000Z,16.57
1135,20190102T021635Z,1J.TI6A.,"['CH1', 'CH2', 'CHZ']",2019-01-02T02:17:02.400000Z,20.5
1136,20190102T022701Z,1J.TI6A.,"['CH1', 'CH2', 'CHZ']",2019-01-02T02:27:08.140000Z,20.46
1137,20190102T024318Z,1J.TI6A.,"['CH1', 'CH2', 'CHZ']",2019-01-02T02:43:19.860000Z,16.49
1138,20190102T030452Z,1J.TI6A.,"['CH1', 'CH2', 'CHZ']",2019-01-02T03:04:53.470000Z,5.77
1139,20190102T031755Z,1J.TI6A.,"['CH1', 'CH2', 'CHZ']",2019-01-02T03:17:55.540000Z,2.75
1140,20190102T032654Z,1J.TI6A.,"['CH1', 'CH2', 'CHZ']",2019-01-02T03:27:21.960000Z,17.07
1141,20190102T033426Z,1J.TI6A.,"['CH1', 'CH2', 'CHZ']",2019-01-02T03:34:55.110000Z,6.16
1142,20190102T034032Z,1J.TI6A.,"['CH1', 'CH2', 'CHZ']",2019-01-02T03:40:46.380000Z,1.58
1143,20190102T041138Z,1J.TI6A.,"['CH1', 'CH2', 'CHZ']",2019-01-02T04:11:56.850000Z,23.73
1144,20190102T041543Z,1J.TI6A.,"['CH1', 'CH2', 'CHZ']",2019-01-02T04:15:43.170000Z,8.74
1145,20190102T042712Z,1J.TI6A.,"['CH1', 'CH2', 'CHZ']",2019-01-02T04:27:41.680000Z,17.74
1146,20190102T043116Z,1J.TI6A.,"['CH1', 'CH2', 'CHZ']",2019-01-02T04:31:30.610000Z,13.59
1147,20190102T044151Z,1J.TI6A.,"['CH1', 'CH2', 'CHZ']",2019-01-02T04:41:55.310000Z,3.28
1148,20190102T045513Z,1J.TI6A.,"['CH1', 'CH2', 'CHZ']",2019-01-02T04:55:13.810000Z,54.19
1149,20190102T045626Z,1J.TI6A.,"['CH1', 'CH2', 'CHZ']",2019-01-02T04:56:26.710000Z,24.81
1150,20190102T053544Z,1J.TI6A.,"['CH1', 'CH2', 'CHZ']",2019-01-02T05:35:44.590000Z,23.93
1151,20190102T053728Z,1J.TI6A.,"['CH1', 'CH2', 'CHZ']",2019-01-02T05:37:28.070000Z,3.86
1152,20190102T055518Z,1J.TI6A.,"['CH1', 'CH2', 'CHZ']",2019-01-02T05:55:18.610000Z,11.96
1153,20190102T060022Z,1J.TI6A.,"['CH1', 'CH2', 'CHZ']",2019-01-02T06:00:24.010000Z,46.52
1154,20190102T060527Z,1J.TI6A.,"['CH1', 'CH2', 'CHZ']",2019-01-02T06:05:37.190000Z,22.49
1155,20190102T063338Z,1J.TI6A.,"['CH1', 'CH2', 'CHZ']",2019-01-02T06:33:38.220000Z,23.92
1156,20190102T063704Z,1J.TI6A.,"['CH1', 'CH2', 'CHZ']",2019-01-02T06:37:06.470000Z,46.72
1157,20190102T065232Z,1J.TI6A.,"['CH1', 'CH2', 'CHZ']",2019-01-02T06:52:32.030000Z,22.87
1158,20190102T071558Z,1J.TI6A.,"['CH1', 'CH2', 'CHZ']",2019-01-02T07:15:58.630000Z,24.07
1159,20190102T073455Z,1J.TI6A.,"['CH1', 'CH2', 'CHZ']",2019-01-02T07:34:55.030000Z,23.71
1160,20190102T073632Z,1J.TI6A.,"['CH1', 'CH2', 'CHZ']",2019-01-02T07:36:32.140000Z,2.1
1161,20190102T074128Z,1J.TI6A.,"['CH1', 'CH2', 'CHZ']",2019-01-02T07:41:28.300000Z,17.97
1162,20190102T074215Z,1J.TI6A.,"['CH1', 'CH2', 'CHZ']",2019-01-02T07:42:20.060000Z,0.99
1163,20190102T074435Z,1J.TI6A.,"['CH1', 'CH2', 'CHZ']",2019-01-02T07:44:35.340000Z,22.47
1164,20190102T074643Z,1J.TI6A.,"['CH1', 'CH2', 'CHZ']",2019-01-02T07:46:43.150000Z,3.72
1165,20190102T074914Z,1J.TI6A.,"['CH1', 'CH2', 'CHZ']",2019-01-02T07:49:14.970000Z,38.78
1166,20190102T075131Z,1J.TI6A.,"['CH1', 'CH2', 'CHZ']",2019-01-02T07:51:31.800000Z,1.81
1167,20190102T075244Z,1J.TI6A.,"['CH1', 'CH2', 'CHZ']",2019-01-02T07:52:44.100000Z,23.95
1168,20190102T080056Z,1J.TI6A.,"['CH1', 'CH2', 'CHZ']",2019-01-02T08:00:56.280000Z,4.36
1169,20190102T080632Z,1J.TI6A.,"['CH1', 'CH2', 'CHZ']",2019-01-02T08:06:32.850000Z,3.17
1170,20190102T081117Z,1J.TI6A.,"['CH1', 'CH2', 'CHZ']",2019-01-02T08:11:17.640000Z,8.47
1171,20190102T081135Z,1J.TI6A.,"['CH1', 'CH2', 'CHZ']",2019-01-02T08:11:35.050000Z,16.85
1172,20190102T081417Z,1J.TI6A.,"['CH1', 'CH2', 'CHZ']",2019-01-02T08:14:17.830000Z,23.47
1173,20190102T081915Z,1J.TI6A.,"['CH1', 'CH2', 'CHZ']",2019-01-02T08:19:23.220000Z,4.92
1174,20190102T082222Z,1J.TI6A.,"['CH1', 'CH2', 'CHZ']",2019-01-02T08:22:22.300000Z,23.92
1175,20190102T082359Z,1J.TI6A.,"['CH1', 'CH2', 'CHZ']",2019-01-02T08:23:59.790000Z,12.16
1176,20190102T082427Z,1J.TI6A.,"['CH1', 'CH2', 'CHZ']",2019-01-02T08:24:27.010000Z,22.53
1177,20190102T082728Z,1J.TI6A.,"['CH1', 'CH2', 'CHZ']",2019-01-02T08:27:28.630000Z,3.58
1178,20190102T083637Z,1J.TI6A.,"['CH1', 'CH2', 'CHZ']",2019-01-02T08:36:37.690000Z,6.63
1179,20190102T083658Z,1J.TI6A.,"['CH1', 'CH2', 'CHZ']",2019-01-02T08:37:02.330000Z,24.58
1180,20190102T090417Z,1J.TI6A.,"['CH1', 'CH2', 'CHZ']",2019-01-02T09:04:17.880000Z,23.11
1181,20190102T090744Z,1J.TI6A.,"['CH1', 'CH2', 'CHZ']",2019-01-02T09:07:44.080000Z,1.69
1182,20190102T091241Z,1J.TI6A.,"['CH1', 'CH2', 'CHZ']",2019-01-02T09:12:52.470000Z,21.99
1183,20190102T091839Z,1J.TI6A.,"['CH1', 'CH2', 'CHZ']",2019-01-02T09:18:39.540000Z,7.3
1184,20190102T094456Z,1J.TI6A.,"['CH1', 'CH2', 'CHZ']",2019-01-02T09:44:56.000000Z,10.22
1185,20190102T094528Z,1J.TI6A.,"['CH1', 'CH2', 'CHZ']",2019-01-02T09:45:28.510000Z,15.92
1186,20190102T094606Z,1J.TI6A.,"['CH1', 'CH2', 'CHZ']",2019-01-02T09:46:06.890000Z,24.17
1187,20190102T094723Z,1J.TI6A.,"['CH1', 'CH2', 'CHZ']",2019-01-02T09:47:29.620000Z,4.82
1188,20190102T095243Z,1J.TI6A.,"['CH1', 'CH2', 'CHZ']",2019-01-02T09:52:46.550000Z,3.51
1189,20190102T100039Z,1J.TI6A.,"['CH1', 'CH2', 'CHZ']",2019-01-02T10:00:39.820000Z,20.33
1190,20190102T100756Z,1J.TI6A.,"['CH1', 'CH2', 'CHZ']",2019-01-02T10:07:56.020000Z,9.47
1191,20190102T102412Z,1J.TI6A.,"['CH1', 'CH2', 'CHZ']",2019-01-02T10:24:12.630000Z,2.82
1192,20190102T103309Z,1J.TI6A.,"['CH1', 'CH2', 'CHZ']",2019-01-02T10:33:09.910000Z,19.07
1193,20190102T103617Z,1J.TI6A.,"['CH1', 'CH2', 'CHZ']",2019-01-02T10:36:20.580000Z,2.2
1194,20190102T105558Z,1J.TI6A.,"['CH1', 'CH2', 'CHZ']",2019-01-02T10:55:58.090000Z,8.72
1195,20190102T105741Z,1J.TI6A.,"['CH1', 'CH2', 'CHZ']",2019-01-02T10:57:45.810000Z,29.4
1196,20190102T110324Z,1J.TI6A.,"['CH1', 'CH2', 'CHZ']",2019-01-02T11:03:26.220000Z,49.09
1197,20190102T110633Z,1J.TI6A.,"['CH1', 'CH2', 'CHZ']",2019-01-02T11:06:39.230000Z,1.4
1198,20190102T112453Z,1J.TI6A.,"['CH1', 'CH2', 'CHZ']",2019-01-02T11:25:08.090000Z,8.24
1199,20190102T112950Z,1J.TI6A.,"['CH1', 'CH2', 'CHZ']",2019-01-02T11:29:54.630000Z,3.15
1200,20190102T113109Z,1J.TI6A.,"['CH1', 'CH2', 'CHZ']",2019-01-02T11:31:12.280000Z,16.22
1201,20190102T113725Z,1J.TI6A.,"['CH1', 'CH2', 'CHZ']",2019-01-02T11:37:25.740000Z,24.64
1202,20190102T114042Z,1J.TI6A.,"['CH1', 'CH2', 'CHZ']",2019-01-02T11:40:45.590000Z,7.76
1203,20190102T115525Z,1J.TI6A.,"['CH1', 'CH2', 'CHZ']",2019-01-02T11:55:29.780000Z,2.23
1204,20190102T123045Z,1J.TI6A.,"['CH1', 'CH2', 'CHZ']",2019-01-02T12:30:51.590000Z,17.01
1205,20190102T123835Z,1J.TI6A.,"['CH1', 'CH2', 'CHZ']",2019-01-02T12:38:40.270000Z,25.09
1206,20190102T124824Z,1J.TI6A.,"['CH1', 'CH2', 'CHZ']",2019-01-02T12:48:27.030000Z,20.91
1207,20190102T125337Z,1J.TI6A.,"['CH1', 'CH2', 'CHZ']",2019-01-02T12:53:44.650000Z,2.63
1208,20190102T130738Z,1J.TI6A.,"['CH1', 'CH2', 'CHZ']",2019-01-02T13:07:47.920000Z,19.72
1209,20190102T131755Z,1J.TI6A.,"['CH1', 'CH2', 'CHZ']",2019-01-02T13:17:55.110000Z,1.56
1210,20190102T131925Z,1J.TI6A.,"['CH1', 'CH2', 'CHZ']",2019-01-02T13:19:26.820000Z,14.56
1211,20190102T132009Z,1J.TI6A.,"['CH1', 'CH2', 'CHZ']",2019-01-02T13:20:09.540000Z,6.63
1212,20190102T132308Z,1J.TI6A.,"['CH1', 'CH2', 'CHZ']",2019-01-02T13:23:13.070000Z,13.26
1213,20190102T133004Z,1J.TI6A.,"['CH1', 'CH2', 'CHZ']",2019-01-02T13:30:12.980000Z,10.39
1214,20190102T133316Z,1J.TI6A.,"['CH1', 'CH2', 'CHZ']",2019-01-02T13:33:20.980000Z,1.28
1215,20190102T134006Z,1J.TI6A.,"['CH1', 'CH2', 'CHZ']",2019-01-02T13:40:09.410000Z,5.53
1216,20190102T134155Z,1J.TI6A.,"['CH1', 'CH2', 'CHZ']",2019-01-02T13:41:57.380000Z,49.5
1217,20190102T134410Z,1J.TI6A.,"['CH1', 'CH2', 'CHZ']",2019-01-02T13:44:12.410000Z,1.95
1218,20190102T134822Z,1J.TI6A.,"['CH1', 'CH2', 'CHZ']",2019-01-02T13:48:52.880000Z,10.88
1219,20190102T135224Z,1J.TI6A.,"['CH1', 'CH2', 'CHZ']",2019-01-02T13:52:36.010000Z,15.45
1220,20190102T135816Z,1J.TI6A.,"['CH1', 'CH2', 'CHZ']",2019-01-02T13:58:39.300000Z,12.79
1221,20190102T140437Z,1J.TI6A.,"['CH1', 'CH2', 'CHZ']",2019-01-02T14:04:42.020000Z,3.45
1222,20190102T140536Z,1J.TI6A.,"['CH1', 'CH2', 'CHZ']",2019-01-02T14:05:38.950000Z,3.41
1223,20190102T140632Z,1J.TI6A.,"['CH1', 'CH2', 'CHZ']",2019-01-02T14:06:36.320000Z,38.89
1224,20190102T140801Z,1J.TI6A.,"['CH1', 'CH2', 'CHZ']",2019-01-02T14:08:06.320000Z,1.37
1225,20190102T141301Z,1J.TI6A.,"['CH1', 'CH2', 'CHZ']",2019-01-02T14:13:26.000000Z,17.24
1226,20190102T142712Z,1J.TI6A.,"['CH1', 'CH2', 'CHZ']",2019-01-02T14:27:34.440000Z,48.03
1227,20190102T142901Z,1J.TI6A.,"['CH1', 'CH2', 'CHZ']",2019-01-02T14:29:01.950000Z,2.72
1228,20190102T142927Z,1J.TI6A.,"['CH1', 'CH2', 'CHZ']",2019-01-02T14:29:29.980000Z,13.62
1229,20190102T143208Z,1J.TI6A.,"['CH1', 'CH2', 'CHZ']",2019-01-02T14:32:11.780000Z,41.95
1230,20190102T143713Z,1J.TI6A.,"['CH1', 'CH2', 'CHZ']",2019-01-02T14:37:13.920000Z,13.5
1231,20190102T144114Z,1J.TI6A.,"['CH1', 'CH2', 'CHZ']",2019-01-02T14:41:14.770000Z,23.72
1232,20190102T144542Z,1J.TI6A.,"['CH1', 'CH2', 'CHZ']",2019-01-02T14:45:42.050000Z,3.24
1233,20190102T145025Z,1J.TI6A.,"['CH1', 'CH2', 'CHZ']",2019-01-02T14:50:37.150000Z,74.14
1234,20190102T145208Z,1J.TI6A.,"['CH1', 'CH2', 'CHZ']",2019-01-02T14:52:11.030000Z,5.78
1235,20190102T145911Z,1J.TI6A.,"['CH1', 'CH2', 'CHZ']",2019-01-02T14:59:21.270000Z,8.93
1236,20190102T150406Z,1J.TI6A.,"['CH1', 'CH2', 'CHZ']",2019-01-02T15:04:07.910000Z,10.0
1237,20190102T150719Z,1J.TI6A.,"['CH1', 'CH2', 'CHZ']",2019-01-02T15:07:23.870000Z,2.46
1238,20190102T150753Z,1J.TI6A.,"['CH1', 'CH2', 'CHZ']",2019-01-02T15:07:53.040000Z,24.52
1239,20190102T150929Z,1J.TI6A.,"['CH1', 'CH2', 'CHZ']",2019-01-02T15:09:32.720000Z,30.43
1240,20190102T152005Z,1J.TI6A.,"['CH1', 'CH2', 'CHZ']",2019-01-02T15:20:35.870000Z,20.38
1241,20190102T153208Z,1J.TI6A.,"['CH1', 'CH2', 'CHZ']",2019-01-02T15:32:11.600000Z,5.39
1242,20190102T154035Z,1J.TI6A.,"['CH1', 'CH2', 'CHZ']",2019-01-02T15:40:38.550000Z,4.75
1243,20190102T154626Z,1J.TI6A.,"['CH1', 'CH2', 'CHZ']",2019-01-02T15:46:28.650000Z,50.6
1244,20190102T160458Z,1J.TI6A.,"['CH1', 'CH2', 'CHZ']",2019-01-02T16:04:58.290000Z,23.5
1245,20190102T163702Z,1J.TI6A.,"['CH1', 'CH2', 'CHZ']",2019-01-02T16:37:30.830000Z,18.99
1246,20190102T164541Z,1J.TI6A.,"['CH1', 'CH2', 'CHZ']",2019-01-02T16:45:48.320000Z,11.36
1247,20190102T165036Z,1J.TI6A.,"['CH1', 'CH2', 'CHZ']",2019-01-02T16:50:36.720000Z,23.49
1248,20190102T171011Z,1J.TI6A.,"['CH1', 'CH2', 'CHZ']",2019-01-02T17:11:18.660000Z,20.33
1249,20190102T174425Z,1J.TI6A.,"['CH1', 'CH2', 'CHZ']",2019-01-02T17:44:25.340000Z,24.42
1250,20190102T180518Z,1J.TI6A.,"['CH1', 'CH2', 'CHZ']",2019-01-02T18:05:20.300000Z,17.42
1251,20190102T181630Z,1J.TI6A.,"['CH1', 'CH2', 'CHZ']",2019-01-02T18:16:30.940000Z,2.3
1252,20190102T182430Z,1J.TI6A.,"['CH1', 'CH2', 'CHZ']",2019-01-02T18:24:34.710000Z,1.59
1253,20190102T182720Z,1J.TI6A.,"['CH1', 'CH2', 'CHZ']",2019-01-02T18:27:20.440000Z,23.14
1254,20190102T183215Z,1J.TI6A.,"['CH1', 'CH2', 'CHZ']",2019-01-02T18:32:15.890000Z,3.98
1255,20190102T183736Z,1J.TI6A.,"['CH1', 'CH2', 'CHZ']",2019-01-02T18:37:37.730000Z,49.38
1256,20190102T184427Z,1J.TI6A.,"['CH1', 'CH2', 'CHZ']",2019-01-02T18:44:27.880000Z,27.71
1257,20190102T185255Z,1J.TI6A.,"['CH1', 'CH2', 'CHZ']",2019-01-02T18:53:01.090000Z,2.01
1258,20190102T192701Z,1J.TI6A.,"['CH1', 'CH2', 'CHZ']",2019-01-02T19:27:02.610000Z,21.59
1259,20190102T194507Z,1J.TI6A.,"['CH1', 'CH2', 'CHZ']",2019-01-02T19:45:09.160000Z,2.86
1260,20190102T201859Z,1J.TI6A.,"['CH1', 'CH2', 'CHZ']",2019-01-02T20:19:00.170000Z,22.62
1261,20190102T202519Z,1J.TI6A.,"['CH1', 'CH2', 'CHZ']",2019-01-02T20:25:19.020000Z,1.3
1262,20190102T205109Z,1J.TI6A.,"['CH1', 'CH2', 'CHZ']",2019-01-02T20:51:09.820000Z,19.65
1263,20190102T210925Z,1J.TI6A.,"['CH1', 'CH2', 'CHZ']",2019-01-02T21:09:54.050000Z,11.74
1264,20190102T211524Z,1J.TI6A.,"['CH1', 'CH2', 'CHZ']",2019-01-02T21:15:24.680000Z,19.08
1265,20190102T220141Z,1J.TI6A.,"['CH1', 'CH2', 'CHZ']",2019-01-02T22:01:41.930000Z,22.7
1266,20190102T221806Z,1J.TI6A.,"['CH1', 'CH2', 'CHZ']",2019-01-02T22:18:06.380000Z,21.33
1267,20190102T224215Z,1J.TI6A.,"['CH1', 'CH2', 'CHZ']",2019-01-02T22:42:15.560000Z,24.05
1268,20190102T224727Z,1J.TI6A.,"['CH1', 'CH2', 'CHZ']",2019-01-02T22:47:28.020000Z,11.41
1269,20190102T225836Z,1J.TI6A.,"['CH1', 'CH2', 'CHZ']",2019-01-02T22:58:41.030000Z,1.24
1270,20190102T230213Z,1J.TI6A.,"['CH1', 'CH2', 'CHZ']",2019-01-02T23:02:16.910000Z,1.63
1271,20190102T230708Z,1J.TI6A.,"['CH1', 'CH2', 'CHZ']",2019-01-02T23:07:08.280000Z,15.26
1272,20190102T230810Z,1J.TI6A.,"['CH1', 'CH2', 'CHZ']",2019-01-02T23:08:10.550000Z,24.34
1273,20190102T230955Z,1J.TI6A.,"['CH1', 'CH2', 'CHZ']",2019-01-02T23:10:02.610000Z,2.71
1274,20190102T232320Z,1J.TI6A.,"['CH1', 'CH2', 'CHZ']",2019-01-02T23:23:27.010000Z,4.7
1275,20190102T232826Z,1J.TI6A.,"['CH1', 'CH2', 'CHZ']",2019-01-02T23:28:46.250000Z,21.93
1276,20190102T233507Z,1J.TI6A.,"['CH1', 'CH2', 'CHZ']",2019-01-02T23:35:07.090000Z,5.68
1277,20190102T235335Z,1J.TI6A.,"['CH1', 'CH2', 'CHZ']",2019-01-02T23:53:37.170000Z,6.89
1278,20190102T235803Z,1J.TI6A.,"['CH1', 'CH2', 'CHZ']",2019-01-02T23:58:03.090000Z,23.35
1279,20190102T001225Z,1J.TI1A.,"['CH1', 'CH2', 'CHZ']",2019-01-02T00:12:56.250000Z,13.12
1280,20190102T001849Z,1J.TI1A.,"['CH1', 'CH2', 'CHZ']",2019-01-02T00:18:49.970000Z,16.5
1281,20190102T002945Z,1J.TI1A.,"['CH1', 'CH2', 'CHZ']",2019-01-02T00:29:45.910000Z,21.35
1282,20190102T003143Z,1J.TI1A.,"['CH1', 'CH2', 'CHZ']",2019-01-02T00:31:43.880000Z,14.69
1283,20190102T003332Z,1J.TI1A.,"['CH1', 'CH2', 'CHZ']",2019-01-02T00:33:32.300000Z,20.37
1284,20190102T003424Z,1J.TI1A.,"['CH1', 'CH2', 'CHZ']",2019-01-02T00:34:24.740000Z,52.53
1285,20190102T003655Z,1J.TI1A.,"['CH1', 'CH2', 'CHZ']",2019-01-02T00:36:55.330000Z,15.49
1286,20190102T003815Z,1J.TI1A.,"['CH1', 'CH2', 'CHZ']",2019-01-02T00:38:20.010000Z,21.81
1287,20190102T003929Z,1J.TI1A.,"['CH1', 'CH2', 'CHZ']",2019-01-02T00:39:29.290000Z,2.05
1288,20190102T004022Z,1J.TI1A.,"['CH1', 'CH2', 'CHZ']",2019-01-02T00:40:22.690000Z,2.26
1289,20190102T004154Z,1J.TI1A.,"['CH1', 'CH2', 'CHZ']",2019-01-02T00:41:54.740000Z,5.56
1290,20190102T004440Z,1J.TI1A.,"['CH1', 'CH2', 'CHZ']",2019-01-02T00:44:40.160000Z,9.91
1291,20190102T004859Z,1J.TI1A.,"['CH1', 'CH2', 'CHZ']",2019-01-02T00:48:59.360000Z,3.38
1292,20190102T004942Z,1J.TI1A.,"['CH1', 'CH2', 'CHZ']",2019-01-02T00:49:42.460000Z,47.9
1293,20190102T005124Z,1J.TI1A.,"['CH1', 'CH2', 'CHZ']",2019-01-02T00:51:24.700000Z,22.53
1294,20190102T010535Z,1J.TI1A.,"['CH1', 'CH2', 'CHZ']",2019-01-02T01:05:35.800000Z,54.19
1295,20190102T010639Z,1J.TI1A.,"['CH1', 'CH2', 'CHZ']",2019-01-02T01:06:39.790000Z,10.58
1296,20190102T010928Z,1J.TI1A.,"['CH1', 'CH2', 'CHZ']",2019-01-02T01:09:28.750000Z,1.83
1297,20190102T010956Z,1J.TI1A.,"['CH1', 'CH2', 'CHZ']",2019-01-02T01:09:56.010000Z,17.19
1298,20190102T011124Z,1J.TI1A.,"['CH1', 'CH2', 'CHZ']",2019-01-02T01:11:24.470000Z,10.28
1299,20190102T011635Z,1J.TI1A.,"['CH1', 'CH2', 'CHZ']",2019-01-02T01:16:37.180000Z,40.54
1300,20190102T012307Z,1J.TI1A.,"['CH1', 'CH2', 'CHZ']",2019-01-02T01:23:07.640000Z,2.0
1301,20190102T012432Z,1J.TI1A.,"['CH1', 'CH2', 'CHZ']",2019-01-02T01:24:32.020000Z,16.58
1302,20190102T012603Z,1J.TI1A.,"['CH1', 'CH2', 'CHZ']",2019-01-02T01:26:03.410000Z,1.69
1303,20190102T012643Z,1J.TI1A.,"['CH1', 'CH2', 'CHZ']",2019-01-02T01:26:43.730000Z,1.63
1304,20190102T012730Z,1J.TI1A.,"['CH1', 'CH2', 'CHZ']",2019-01-02T01:27:30.220000Z,1.48
1305,20190102T012902Z,1J.TI1A.,"['CH1', 'CH2', 'CHZ']",2019-01-02T01:29:02.090000Z,1.66
1306,20190102T013146Z,1J.TI1A.,"['CH1', 'CH2', 'CHZ']",2019-01-02T01:31:46.610000Z,1.68
1307,20190102T013236Z,1J.TI1A.,"['CH1', 'CH2', 'CHZ']",2019-01-02T01:32:36.140000Z,1.63
1308,20190102T013520Z,1J.TI1A.,"['CH1', 'CH2', 'CHZ']",2019-01-02T01:35:20.260000Z,2.09
1309,20190102T013630Z,1J.TI1A.,"['CH1', 'CH2', 'CHZ']",2019-01-02T01:36:33.550000Z,7.49
1310,20190102T013752Z,1J.TI1A.,"['CH1', 'CH2', 'CHZ']",2019-01-02T01:37:56.320000Z,16.38
1311,20190102T013832Z,1J.TI1A.,"['CH1', 'CH2', 'CHZ']",2019-01-02T01:38:32.490000Z,1.11
1312,20190102T013935Z,1J.TI1A.,"['CH1', 'CH2', 'CHZ']",2019-01-02T01:39:35.020000Z,1.53
1313,20190102T014012Z,1J.TI1A.,"['CH1', 'CH2', 'CHZ']",2019-01-02T01:40:12.370000Z,16.07
1314,20190102T014109Z,1J.TI1A.,"['CH1', 'CH2', 'CHZ']",2019-01-02T01:41:09.020000Z,1.38
1315,20190102T014207Z,1J.TI1A.,"['CH1', 'CH2', 'CHZ']",2019-01-02T01:42:11.770000Z,2.01
1316,20190102T014239Z,1J.TI1A.,"['CH1', 'CH2', 'CHZ']",2019-01-02T01:42:39.560000Z,4.64
1317,20190102T014307Z,1J.TI1A.,"['CH1', 'CH2', 'CHZ']",2019-01-02T01:43:13.530000Z,16.28
1318,20190102T014547Z,1J.TI1A.,"['CH1', 'CH2', 'CHZ']",2019-01-02T01:45:47.160000Z,3.49
1319,20190102T014615Z,1J.TI1A.,"['CH1', 'CH2', 'CHZ']",2019-01-02T01:46:15.130000Z,11.89
1320,20190102T014638Z,1J.TI1A.,"['CH1', 'CH2', 'CHZ']",2019-01-02T01:46:38.610000Z,17.14
1321,20190102T014801Z,1J.TI1A.,"['CH1', 'CH2', 'CHZ']",2019-01-02T01:48:01.690000Z,1.6
1322,20190102T014816Z,1J.TI1A.,"['CH1', 'CH2', 'CHZ']",2019-01-02T01:48:16.650000Z,6.85
1323,20190102T015039Z,1J.TI1A.,"['CH1', 'CH2', 'CHZ']",2019-01-02T01:50:39.030000Z,22.91
1324,20190102T015243Z,1J.TI1A.,"['CH1', 'CH2', 'CHZ']",2019-01-02T01:52:43.790000Z,2.21
1325,20190102T015357Z,1J.TI1A.,"['CH1', 'CH2', 'CHZ']",2019-01-02T01:53:57.670000Z,1.54
1326,20190102T015601Z,1J.TI1A.,"['CH1', 'CH2', 'CHZ']",2019-01-02T01:56:01.270000Z,2.21
1327,20190102T015659Z,1J.TI1A.,"['CH1', 'CH2', 'CHZ']",2019-01-02T01:56:59.230000Z,2.21
1328,20190102T015758Z,1J.TI1A.,"['CH1', 'CH2', 'CHZ']",2019-01-02T01:57:58.620000Z,3.45
1329,20190102T015836Z,1J.TI1A.,"['CH1', 'CH2', 'CHZ']",2019-01-02T01:58:36.010000Z,17.68
1330,20190102T015902Z,1J.TI1A.,"['CH1', 'CH2', 'CHZ']",2019-01-02T01:59:06.020000Z,16.62
1331,20190102T020055Z,1J.TI1A.,"['CH1', 'CH2', 'CHZ']",2019-01-02T02:00:55.400000Z,1.45
1332,20190102T020155Z,1J.TI1A.,"['CH1', 'CH2', 'CHZ']",2019-01-02T02:01:55.550000Z,2.4
1333,20190102T020306Z,1J.TI1A.,"['CH1', 'CH2', 'CHZ']",2019-01-02T02:03:06.670000Z,3.23
1334,20190102T020418Z,1J.TI1A.,"['CH1', 'CH2', 'CHZ']",2019-01-02T02:04:18.440000Z,31.5
1335,20190102T020554Z,1J.TI1A.,"['CH1', 'CH2', 'CHZ']",2019-01-02T02:05:54.810000Z,2.4
1336,20190102T021232Z,1J.TI1A.,"['CH1', 'CH2', 'CHZ']",2019-01-02T02:12:32.430000Z,2.81
1337,20190102T021359Z,1J.TI1A.,"['CH1', 'CH2', 'CHZ']",2019-01-02T02:13:59.690000Z,4.21
1338,20190102T021635Z,1J.TI1A.,"['CH1', 'CH2', 'CHZ']",2019-01-02T02:16:37.060000Z,51.24
1339,20190102T021858Z,1J.TI1A.,"['CH1', 'CH2', 'CHZ']",2019-01-02T02:18:58.990000Z,3.82
1340,20190102T021947Z,1J.TI1A.,"['CH1', 'CH2', 'CHZ']",2019-01-02T02:19:49.080000Z,1.73
1341,20190102T022556Z,1J.TI1A.,"['CH1', 'CH2', 'CHZ']",2019-01-02T02:25:56.800000Z,12.61
1342,20190102T022701Z,1J.TI1A.,"['CH1', 'CH2', 'CHZ']",2019-01-02T02:27:09.240000Z,22.03
1343,20190102T022833Z,1J.TI1A.,"['CH1', 'CH2', 'CHZ']",2019-01-02T02:28:33.870000Z,2.6
1344,20190102T023351Z,1J.TI1A.,"['CH1', 'CH2', 'CHZ']",2019-01-02T02:33:51.260000Z,1.98
1345,20190102T023715Z,1J.TI1A.,"['CH1', 'CH2', 'CHZ']",2019-01-02T02:37:15.880000Z,2.28
1346,20190102T023814Z,1J.TI1A.,"['CH1', 'CH2', 'CHZ']",2019-01-02T02:38:14.360000Z,2.0
1347,20190102T023948Z,1J.TI1A.,"['CH1', 'CH2', 'CHZ']",2019-01-02T02:39:59.520000Z,18.44
1348,20190102T024236Z,1J.TI1A.,"['CH1', 'CH2', 'CHZ']",2019-01-02T02:42:36.080000Z,2.42
1349,20190102T024318Z,1J.TI1A.,"['CH1', 'CH2', 'CHZ']",2019-01-02T02:43:22.370000Z,17.41
1350,20190102T024547Z,1J.TI1A.,"['CH1', 'CH2', 'CHZ']",2019-01-02T02:45:47.150000Z,4.43
1351,20190102T024725Z,1J.TI1A.,"['CH1', 'CH2', 'CHZ']",2019-01-02T02:47:25.910000Z,3.34
1352,20190102T024827Z,1J.TI1A.,"['CH1', 'CH2', 'CHZ']",2019-01-02T02:48:27.330000Z,1.92
1353,20190102T025047Z,1J.TI1A.,"['CH1', 'CH2', 'CHZ']",2019-01-02T02:50:47.590000Z,3.89
1354,20190102T025204Z,1J.TI1A.,"['CH1', 'CH2', 'CHZ']",2019-01-02T02:52:04.540000Z,3.71
1355,20190102T025337Z,1J.TI1A.,"['CH1', 'CH2', 'CHZ']",2019-01-02T02:53:37.190000Z,4.41
1356,20190102T025625Z,1J.TI1A.,"['CH1', 'CH2', 'CHZ']",2019-01-02T02:56:25.960000Z,3.92
1357,20190102T025818Z,1J.TI1A.,"['CH1', 'CH2', 'CHZ']",2019-01-02T02:58:22.810000Z,22.65
1358,20190102T025924Z,1J.TI1A.,"['CH1', 'CH2', 'CHZ']",2019-01-02T03:00:03.510000Z,1.66
1359,20190102T030126Z,1J.TI1A.,"['CH1', 'CH2', 'CHZ']",2019-01-02T03:01:26.420000Z,3.44
1360,20190102T030452Z,1J.TI1A.,"['CH1', 'CH2', 'CHZ']",2019-01-02T03:05:21.330000Z,60.44
1361,20190102T030726Z,1J.TI1A.,"['CH1', 'CH2', 'CHZ']",2019-01-02T03:07:26.330000Z,2.96
1362,20190102T030812Z,1J.TI1A.,"['CH1', 'CH2', 'CHZ']",2019-01-02T03:08:12.990000Z,2.35
1363,20190102T031026Z,1J.TI1A.,"['CH1', 'CH2', 'CHZ']",2019-01-02T03:10:26.490000Z,6.57
1364,20190102T031143Z,1J.TI1A.,"['CH1', 'CH2', 'CHZ']",2019-01-02T03:11:43.400000Z,4.46
1365,20190102T031151Z,1J.TI1A.,"['CH1', 'CH2', 'CHZ']",2019-01-02T03:11:54.000000Z,8.3
1366,20190102T031308Z,1J.TI1A.,"['CH1', 'CH2', 'CHZ']",2019-01-02T03:13:28.690000Z,6.12
1367,20190102T032031Z,1J.TI1A.,"['CH1', 'CH2', 'CHZ']",2019-01-02T03:20:33.970000Z,19.19
1368,20190102T032536Z,1J.TI1A.,"['CH1', 'CH2', 'CHZ']",2019-01-02T03:25:36.620000Z,18.38
1369,20190102T032654Z,1J.TI1A.,"['CH1', 'CH2', 'CHZ']",2019-01-02T03:26:55.220000Z,52.7
1370,20190102T033140Z,1J.TI1A.,"['CH1', 'CH2', 'CHZ']",2019-01-02T03:32:08.490000Z,13.47
1371,20190102T033900Z,1J.TI1A.,"['CH1', 'CH2', 'CHZ']",2019-01-02T03:39:06.650000Z,12.95
1372,20190102T034032Z,1J.TI1A.,"['CH1', 'CH2', 'CHZ']",2019-01-02T03:40:36.300000Z,12.03
1373,20190102T034102Z,1J.TI1A.,"['CH1', 'CH2', 'CHZ']",2019-01-02T03:41:02.110000Z,22.07
1374,20190102T034920Z,1J.TI1A.,"['CH1', 'CH2', 'CHZ']",2019-01-02T03:49:20.250000Z,5.26
1375,20190102T035140Z,1J.TI1A.,"['CH1', 'CH2', 'CHZ']",2019-01-02T03:51:40.440000Z,12.87
1376,20190102T035412Z,1J.TI1A.,"['CH1', 'CH2', 'CHZ']",2019-01-02T03:54:12.630000Z,32.88
1377,20190102T035656Z,1J.TI1A.,"['CH1', 'CH2', 'CHZ']",2019-01-02T03:56:56.690000Z,5.71
1378,20190102T040308Z,1J.TI1A.,"['CH1', 'CH2', 'CHZ']",2019-01-02T04:03:08.170000Z,41.45
1379,20190102T040705Z,1J.TI1A.,"['CH1', 'CH2', 'CHZ']",2019-01-02T04:07:09.030000Z,33.61
1380,20190102T040817Z,1J.TI1A.,"['CH1', 'CH2', 'CHZ']",2019-01-02T04:08:17.790000Z,4.58
1381,20190102T040900Z,1J.TI1A.,"['CH1', 'CH2', 'CHZ']",2019-01-02T04:09:00.840000Z,13.98
1382,20190102T041138Z,1J.TI1A.,"['CH1', 'CH2', 'CHZ']",2019-01-02T04:11:59.790000Z,20.73
1383,20190102T041543Z,1J.TI1A.,"['CH1', 'CH2', 'CHZ']",2019-01-02T04:15:45.880000Z,10.4
1384,20190102T042049Z,1J.TI1A.,"['CH1', 'CH2', 'CHZ']",2019-01-02T04:20:49.100000Z,9.73
1385,20190102T042712Z,1J.TI1A.,"['CH1', 'CH2', 'CHZ']",2019-01-02T04:27:14.560000Z,52.52
1386,20190102T043039Z,1J.TI1A.,"['CH1', 'CH2', 'CHZ']",2019-01-02T04:30:39.590000Z,16.26
1387,20190102T043116Z,1J.TI1A.,"['CH1', 'CH2', 'CHZ']",2019-01-02T04:31:34.110000Z,1.54
1388,20190102T043541Z,1J.TI1A.,"['CH1', 'CH2', 'CHZ']",2019-01-02T04:35:41.060000Z,21.48
1389,20190102T043625Z,1J.TI1A.,"['CH1', 'CH2', 'CHZ']",2019-01-02T04:36:25.080000Z,3.62
1390,20190102T044318Z,1J.TI1A.,"['CH1', 'CH2', 'CHZ']",2019-01-02T04:43:18.930000Z,4.76
1391,20190102T044453Z,1J.TI1A.,"['CH1', 'CH2', 'CHZ']",2019-01-02T04:44:53.280000Z,10.49
1392,20190102T044546Z,1J.TI1A.,"['CH1', 'CH2', 'CHZ']",2019-01-02T04:45:46.000000Z,2.5
1393,20190102T044655Z,1J.TI1A.,"['CH1', 'CH2', 'CHZ']",2019-01-02T04:46:55.470000Z,52.32
1394,20190102T044832Z,1J.TI1A.,"['CH1', 'CH2', 'CHZ']",2019-01-02T04:48:32.920000Z,8.07
1395,20190102T045626Z,1J.TI1A.,"['CH1', 'CH2', 'CHZ']",2019-01-02T04:56:29.820000Z,16.94
1396,20190102T051139Z,1J.TI1A.,"['CH1', 'CH2', 'CHZ']",2019-01-02T05:11:39.450000Z,12.79
1397,20190102T051220Z,1J.TI1A.,"['CH1', 'CH2', 'CHZ']",2019-01-02T05:12:20.150000Z,16.8
1398,20190102T051601Z,1J.TI1A.,"['CH1', 'CH2', 'CHZ']",2019-01-02T05:16:01.840000Z,6.87
1399,20190102T052043Z,1J.TI1A.,"['CH1', 'CH2', 'CHZ']",2019-01-02T05:20:43.120000Z,4.61
1400,20190102T052740Z,1J.TI1A.,"['CH1', 'CH2', 'CHZ']",2019-01-02T05:27:40.360000Z,4.92
1401,20190102T052806Z,1J.TI1A.,"['CH1', 'CH2', 'CHZ']",2019-01-02T05:28:06.750000Z,28.81
1402,20190102T052854Z,1J.TI1A.,"['CH1', 'CH2', 'CHZ']",2019-01-02T05:28:54.290000Z,34.47
1403,20190102T052946Z,1J.TI1A.,"['CH1', 'CH2', 'CHZ']",2019-01-02T05:29:46.260000Z,24.83
1404,20190102T053232Z,1J.TI1A.,"['CH1', 'CH2', 'CHZ']",2019-01-02T05:32:32.800000Z,2.4
1405,20190102T053544Z,1J.TI1A.,"['CH1', 'CH2', 'CHZ']",2019-01-02T05:35:47.610000Z,12.71
1406,20190102T053715Z,1J.TI1A.,"['CH1', 'CH2', 'CHZ']",2019-01-02T05:37:15.780000Z,6.32
1407,20190102T053728Z,1J.TI1A.,"['CH1', 'CH2', 'CHZ']",2019-01-02T05:37:29.850000Z,6.05
1408,20190102T053824Z,1J.TI1A.,"['CH1', 'CH2', 'CHZ']",2019-01-02T05:38:24.200000Z,18.12
1409,20190102T054359Z,1J.TI1A.,"['CH1', 'CH2', 'CHZ']",2019-01-02T05:43:59.150000Z,10.54
1410,20190102T054632Z,1J.TI1A.,"['CH1', 'CH2', 'CHZ']",2019-01-02T05:46:32.260000Z,47.7
1411,20190102T055022Z,1J.TI1A.,"['CH1', 'CH2', 'CHZ']",2019-01-02T05:50:22.900000Z,5.13
1412,20190102T060022Z,1J.TI1A.,"['CH1', 'CH2', 'CHZ']",2019-01-02T06:00:22.630000Z,50.15
1413,20190102T060527Z,1J.TI1A.,"['CH1', 'CH2', 'CHZ']",2019-01-02T06:05:27.790000Z,34.68
1414,20190102T060919Z,1J.TI1A.,"['CH1', 'CH2', 'CHZ']",2019-01-02T06:09:19.180000Z,21.99
1415,20190102T061520Z,1J.TI1A.,"['CH1', 'CH2', 'CHZ']",2019-01-02T06:15:20.450000Z,43.99
1416,20190102T062455Z,1J.TI1A.,"['CH1', 'CH2', 'CHZ']",2019-01-02T06:24:55.260000Z,36.23
1417,20190102T062935Z,1J.TI1A.,"['CH1', 'CH2', 'CHZ']",2019-01-02T06:29:35.350000Z,12.63
1418,20190102T063338Z,1J.TI1A.,"['CH1', 'CH2', 'CHZ']",2019-01-02T06:33:41.210000Z,40.46
1419,20190102T063704Z,1J.TI1A.,"['CH1', 'CH2', 'CHZ']",2019-01-02T06:37:04.110000Z,46.11
1420,20190102T063838Z,1J.TI1A.,"['CH1', 'CH2', 'CHZ']",2019-01-02T06:38:38.010000Z,9.7
1421,20190102T063927Z,1J.TI1A.,"['CH1', 'CH2', 'CHZ']",2019-01-02T06:39:27.830000Z,22.81
1422,20190102T065232Z,1J.TI1A.,"['CH1', 'CH2', 'CHZ']",2019-01-02T06:52:35.390000Z,21.66
1423,20190102T065500Z,1J.TI1A.,"['CH1', 'CH2', 'CHZ']",2019-01-02T06:55:02.030000Z,8.16
1424,20190102T070014Z,1J.TI1A.,"['CH1', 'CH2', 'CHZ']",2019-01-02T07:00:14.220000Z,14.32
1425,20190102T070107Z,1J.TI1A.,"['CH1', 'CH2', 'CHZ']",2019-01-02T07:01:07.750000Z,18.93
1426,20190102T070706Z,1J.TI1A.,"['CH1', 'CH2', 'CHZ']",2019-01-02T07:07:06.700000Z,5.35
1427,20190102T071558Z,1J.TI1A.,"['CH1', 'CH2', 'CHZ']",2019-01-02T07:16:01.420000Z,24.28
1428,20190102T072216Z,1J.TI1A.,"['CH1', 'CH2', 'CHZ']",2019-01-02T07:22:16.420000Z,2.72
1429,20190102T072610Z,1J.TI1A.,"['CH1', 'CH2', 'CHZ']",2019-01-02T07:26:10.120000Z,4.51
1430,20190102T072829Z,1J.TI1A.,"['CH1', 'CH2', 'CHZ']",2019-01-02T07:28:29.220000Z,30.34
1431,20190102T072952Z,1J.TI1A.,"['CH1', 'CH2', 'CHZ']",2019-01-02T07:29:55.450000Z,3.03
1432,20190102T073101Z,1J.TI1A.,"['CH1', 'CH2', 'CHZ']",2019-01-02T07:31:01.810000Z,11.72
1433,20190102T074421Z,1J.TI1A.,"['CH1', 'CH2', 'CHZ']",2019-01-02T07:44:21.550000Z,6.2
1434,20190102T074837Z,1J.TI1A.,"['CH1', 'CH2', 'CHZ']",2019-01-02T07:48:48.420000Z,1.92
1435,20190102T075244Z,1J.TI1A.,"['CH1', 'CH2', 'CHZ']",2019-01-02T07:52:49.200000Z,10.4
1436,20190102T075456Z,1J.TI1A.,"['CH1', 'CH2', 'CHZ']",2019-01-02T07:54:56.950000Z,7.93
1437,20190102T080216Z,1J.TI1A.,"['CH1', 'CH2', 'CHZ']",2019-01-02T08:02:16.040000Z,37.3
1438,20190102T081417Z,1J.TI1A.,"['CH1', 'CH2', 'CHZ']",2019-01-02T08:14:22.270000Z,16.48
1439,20190102T082117Z,1J.TI1A.,"['CH1', 'CH2', 'CHZ']",2019-01-02T08:21:17.780000Z,13.23
1440,20190102T082310Z,1J.TI1A.,"['CH1', 'CH2', 'CHZ']",2019-01-02T08:23:10.880000Z,10.33
1441,20190102T082427Z,1J.TI1A.,"['CH1', 'CH2', 'CHZ']",2019-01-02T08:24:33.150000Z,12.45
1442,20190102T083658Z,1J.TI1A.,"['CH1', 'CH2', 'CHZ']",2019-01-02T08:37:07.050000Z,18.43
1443,20190102T084336Z,1J.TI1A.,"['CH1', 'CH2', 'CHZ']",2019-01-02T08:43:36.240000Z,9.78
1444,20190102T084701Z,1J.TI1A.,"['CH1', 'CH2', 'CHZ']",2019-01-02T08:47:09.970000Z,3.89
1445,20190102T084722Z,1J.TI1A.,"['CH1', 'CH2', 'CHZ']",2019-01-02T08:47:22.720000Z,9.71
1446,20190102T084931Z,1J.TI1A.,"['CH1', 'CH2', 'CHZ']",2019-01-02T08:49:49.360000Z,7.97
1447,20190102T085950Z,1J.TI1A.,"['CH1', 'CH2', 'CHZ']",2019-01-02T08:59:50.140000Z,54.3
1448,20190102T090258Z,1J.TI1A.,"['CH1', 'CH2', 'CHZ']",2019-01-02T09:02:58.210000Z,3.87
1449,20190102T090339Z,1J.TI1A.,"['CH1', 'CH2', 'CHZ']",2019-01-02T09:03:39.060000Z,2.92
1450,20190102T090417Z,1J.TI1A.,"['CH1', 'CH2', 'CHZ']",2019-01-02T09:04:22.670000Z,16.09
1451,20190102T092051Z,1J.TI1A.,"['CH1', 'CH2', 'CHZ']",2019-01-02T09:20:51.780000Z,25.18
1452,20190102T093649Z,1J.TI1A.,"['CH1', 'CH2', 'CHZ']",2019-01-02T09:36:49.090000Z,44.14
1453,20190102T094045Z,1J.TI1A.,"['CH1', 'CH2', 'CHZ']",2019-01-02T09:40:45.610000Z,3.16
1454,20190102T094241Z,1J.TI1A.,"['CH1', 'CH2', 'CHZ']",2019-01-02T09:42:41.500000Z,29.74
1455,20190102T094606Z,1J.TI1A.,"['CH1', 'CH2', 'CHZ']",2019-01-02T09:46:11.850000Z,19.79
1456,20190102T094723Z,1J.TI1A.,"['CH1', 'CH2', 'CHZ']",2019-01-02T09:47:24.470000Z,26.07
1457,20190102T095101Z,1J.TI1A.,"['CH1', 'CH2', 'CHZ']",2019-01-02T09:51:01.080000Z,5.16
1458,20190102T100340Z,1J.TI1A.,"['CH1', 'CH2', 'CHZ']",2019-01-02T10:03:40.300000Z,18.15
1459,20190102T100926Z,1J.TI1A.,"['CH1', 'CH2', 'CHZ']",2019-01-02T10:09:26.580000Z,14.43
1460,20190102T101137Z,1J.TI1A.,"['CH1', 'CH2', 'CHZ']",2019-01-02T10:11:38.860000Z,4.37
1461,20190102T104121Z,1J.TI1A.,"['CH1', 'CH2', 'CHZ']",2019-01-02T10:41:21.140000Z,5.28
1462,20190102T104935Z,1J.TI1A.,"['CH1', 'CH2', 'CHZ']",2019-01-02T10:49:35.740000Z,10.27
1463,20190102T105741Z,1J.TI1A.,"['CH1', 'CH2', 'CHZ']",2019-01-02T10:58:00.830000Z,7.61
1464,20190102T113725Z,1J.TI1A.,"['CH1', 'CH2', 'CHZ']",2019-01-02T11:37:30.730000Z,16.18
1465,20190102T114300Z,1J.TI1A.,"['CH1', 'CH2', 'CHZ']",2019-01-02T11:43:00.130000Z,25.97
1466,20190102T120920Z,1J.TI1A.,"['CH1', 'CH2', 'CHZ']",2019-01-02T12:09:20.180000Z,4.12
1467,20190102T121236Z,1J.TI1A.,"['CH1', 'CH2', 'CHZ']",2019-01-02T12:12:36.900000Z,3.43
1468,20190102T121342Z,1J.TI1A.,"['CH1', 'CH2', 'CHZ']",2019-01-02T12:13:42.910000Z,8.38
1469,20190102T122035Z,1J.TI1A.,"['CH1', 'CH2', 'CHZ']",2019-01-02T12:20:35.480000Z,19.63
1470,20190102T123045Z,1J.TI1A.,"['CH1', 'CH2', 'CHZ']",2019-01-02T12:30:53.990000Z,44.41
1471,20190102T123521Z,1J.TI1A.,"['CH1', 'CH2', 'CHZ']",2019-01-02T12:35:21.460000Z,16.32
1472,20190102T123835Z,1J.TI1A.,"['CH1', 'CH2', 'CHZ']",2019-01-02T12:38:42.960000Z,26.05
1473,20190102T124355Z,1J.TI1A.,"['CH1', 'CH2', 'CHZ']",2019-01-02T12:43:55.930000Z,7.27
1474,20190102T124451Z,1J.TI1A.,"['CH1', 'CH2', 'CHZ']",2019-01-02T12:44:51.000000Z,6.0
1475,20190102T124824Z,1J.TI1A.,"['CH1', 'CH2', 'CHZ']",2019-01-02T12:48:30.960000Z,20.57
1476,20190102T125230Z,1J.TI1A.,"['CH1', 'CH2', 'CHZ']",2019-01-02T12:52:33.370000Z,6.45
1477,20190102T125416Z,1J.TI1A.,"['CH1', 'CH2', 'CHZ']",2019-01-02T12:54:16.620000Z,33.36
1478,20190102T125831Z,1J.TI1A.,"['CH1', 'CH2', 'CHZ']",2019-01-02T12:58:31.670000Z,2.74
1479,20190102T125904Z,1J.TI1A.,"['CH1', 'CH2', 'CHZ']",2019-01-02T12:59:04.410000Z,3.4
1480,20190102T130738Z,1J.TI1A.,"['CH1', 'CH2', 'CHZ']",2019-01-02T13:07:56.630000Z,7.79
1481,20190102T132308Z,1J.TI1A.,"['CH1', 'CH2', 'CHZ']",2019-01-02T13:23:08.610000Z,19.01
1482,20190102T132333Z,1J.TI1A.,"['CH1', 'CH2', 'CHZ']",2019-01-02T13:23:33.430000Z,40.48
1483,20190102T132543Z,1J.TI1A.,"['CH1', 'CH2', 'CHZ']",2019-01-02T13:25:51.210000Z,7.96
1484,20190102T132621Z,1J.TI1A.,"['CH1', 'CH2', 'CHZ']",2019-01-02T13:26:21.390000Z,1.42
1485,20190102T133348Z,1J.TI1A.,"['CH1', 'CH2', 'CHZ']",2019-01-02T13:33:48.560000Z,8.57
1486,20190102T133421Z,1J.TI1A.,"['CH1', 'CH2', 'CHZ']",2019-01-02T13:34:22.010000Z,7.05
1487,20190102T134155Z,1J.TI1A.,"['CH1', 'CH2', 'CHZ']",2019-01-02T13:41:59.090000Z,53.54
1488,20190102T134822Z,1J.TI1A.,"['CH1', 'CH2', 'CHZ']",2019-01-02T13:48:22.310000Z,40.45
1489,20190102T135122Z,1J.TI1A.,"['CH1', 'CH2', 'CHZ']",2019-01-02T13:51:22.310000Z,55.96
1490,20190102T135816Z,1J.TI1A.,"['CH1', 'CH2', 'CHZ']",2019-01-02T13:58:16.170000Z,27.17
1491,20190102T140224Z,1J.TI1A.,"['CH1', 'CH2', 'CHZ']",2019-01-02T14:02:24.140000Z,29.69
1492,20190102T140632Z,1J.TI1A.,"['CH1', 'CH2', 'CHZ']",2019-01-02T14:06:32.780000Z,32.99
1493,20190102T141019Z,1J.TI1A.,"['CH1', 'CH2', 'CHZ']",2019-01-02T14:10:19.020000Z,5.81
1494,20190102T141301Z,1J.TI1A.,"['CH1', 'CH2', 'CHZ']",2019-01-02T14:13:03.530000Z,34.08
1495,20190102T141615Z,1J.TI1A.,"['CH1', 'CH2', 'CHZ']",2019-01-02T14:16:15.990000Z,5.68
1496,20190102T142637Z,1J.TI1A.,"['CH1', 'CH2', 'CHZ']",2019-01-02T14:26:37.640000Z,17.61
1497,20190102T142712Z,1J.TI1A.,"['CH1', 'CH2', 'CHZ']",2019-01-02T14:27:12.620000Z,46.4
1498,20190102T142901Z,1J.TI1A.,"['CH1', 'CH2', 'CHZ']",2019-01-02T14:29:03.110000Z,1.93
1499,20190102T143208Z,1J.TI1A.,"['CH1', 'CH2', 'CHZ']",2019-01-02T14:32:08.150000Z,11.23
1500,20190102T144019Z,1J.TI1A.,"['CH1', 'CH2', 'CHZ']",2019-01-02T14:40:19.060000Z,8.17
1501,20190102T144114Z,1J.TI1A.,"['CH1', 'CH2', 'CHZ']",2019-01-02T14:41:17.520000Z,23.39
1502,20190102T144926Z,1J.TI1A.,"['CH1', 'CH2', 'CHZ']",2019-01-02T14:49:26.300000Z,8.14
1503,20190102T145025Z,1J.TI1A.,"['CH1', 'CH2', 'CHZ']",2019-01-02T14:50:25.760000Z,80.14
1504,20190102T145208Z,1J.TI1A.,"['CH1', 'CH2', 'CHZ']",2019-01-02T14:52:08.650000Z,4.72
1505,20190102T145556Z,1J.TI1A.,"['CH1', 'CH2', 'CHZ']",2019-01-02T14:55:56.300000Z,2.26
1506,20190102T150406Z,1J.TI1A.,"['CH1', 'CH2', 'CHZ']",2019-01-02T15:04:10.860000Z,7.41
1507,20190102T150753Z,1J.TI1A.,"['CH1', 'CH2', 'CHZ']",2019-01-02T15:07:56.260000Z,25.83
1508,20190102T150929Z,1J.TI1A.,"['CH1', 'CH2', 'CHZ']",2019-01-02T15:09:29.370000Z,37.26
1509,20190102T151032Z,1J.TI1A.,"['CH1', 'CH2', 'CHZ']",2019-01-02T15:10:33.220000Z,5.93
1510,20190102T151055Z,1J.TI1A.,"['CH1', 'CH2', 'CHZ']",2019-01-02T15:10:55.560000Z,5.25
1511,20190102T151256Z,1J.TI1A.,"['CH1', 'CH2', 'CHZ']",2019-01-02T15:12:56.440000Z,6.38
1512,20190102T151500Z,1J.TI1A.,"['CH1', 'CH2', 'CHZ']",2019-01-02T15:15:00.170000Z,5.33
1513,20190102T152005Z,1J.TI1A.,"['CH1', 'CH2', 'CHZ']",2019-01-02T15:20:05.470000Z,33.98
1514,20190102T152737Z,1J.TI1A.,"['CH1', 'CH2', 'CHZ']",2019-01-02T15:27:37.380000Z,2.8
1515,20190102T154333Z,1J.TI1A.,"['CH1', 'CH2', 'CHZ']",2019-01-02T15:43:33.560000Z,4.23
1516,20190102T154626Z,1J.TI1A.,"['CH1', 'CH2', 'CHZ']",2019-01-02T15:46:29.170000Z,52.57
1517,20190102T154937Z,1J.TI1A.,"['CH1', 'CH2', 'CHZ']",2019-01-02T15:49:37.470000Z,11.65
1518,20190102T155355Z,1J.TI1A.,"['CH1', 'CH2', 'CHZ']",2019-01-02T15:53:55.280000Z,3.49
1519,20190102T160458Z,1J.TI1A.,"['CH1', 'CH2', 'CHZ']",2019-01-02T16:05:01.010000Z,25.45
1520,20190102T161127Z,1J.TI1A.,"['CH1', 'CH2', 'CHZ']",2019-01-02T16:11:31.470000Z,13.16
1521,20190102T161817Z,1J.TI1A.,"['CH1', 'CH2', 'CHZ']",2019-01-02T16:18:17.830000Z,47.21
1522,20190102T162833Z,1J.TI1A.,"['CH1', 'CH2', 'CHZ']",2019-01-02T16:28:33.530000Z,19.07
1523,20190102T163122Z,1J.TI1A.,"['CH1', 'CH2', 'CHZ']",2019-01-02T16:31:22.390000Z,19.23
1524,20190102T163207Z,1J.TI1A.,"['CH1', 'CH2', 'CHZ']",2019-01-02T16:32:07.230000Z,25.28
1525,20190102T163702Z,1J.TI1A.,"['CH1', 'CH2', 'CHZ']",2019-01-02T16:37:03.400000Z,53.11
1526,20190102T163916Z,1J.TI1A.,"['CH1', 'CH2', 'CHZ']",2019-01-02T16:39:16.550000Z,55.99
1527,20190102T164434Z,1J.TI1A.,"['CH1', 'CH2', 'CHZ']",2019-01-02T16:44:34.400000Z,4.23
1528,20190102T164518Z,1J.TI1A.,"['CH1', 'CH2', 'CHZ']",2019-01-02T16:45:18.550000Z,13.18
1529,20190102T164541Z,1J.TI1A.,"['CH1', 'CH2', 'CHZ']",2019-01-02T16:45:51.290000Z,13.78
1530,20190102T164658Z,1J.TI1A.,"['CH1', 'CH2', 'CHZ']",2019-01-02T16:46:58.060000Z,2.09
1531,20190102T164716Z,1J.TI1A.,"['CH1', 'CH2', 'CHZ']",2019-01-02T16:47:16.180000Z,3.23
1532,20190102T164735Z,1J.TI1A.,"['CH1', 'CH2', 'CHZ']",2019-01-02T16:47:35.130000Z,19.71
1533,20190102T165036Z,1J.TI1A.,"['CH1', 'CH2', 'CHZ']",2019-01-02T16:50:39.490000Z,24.08
1534,20190102T165258Z,1J.TI1A.,"['CH1', 'CH2', 'CHZ']",2019-01-02T16:52:58.730000Z,1.2
1535,20190102T165500Z,1J.TI1A.,"['CH1', 'CH2', 'CHZ']",2019-01-02T16:55:00.270000Z,3.17
1536,20190102T165704Z,1J.TI1A.,"['CH1', 'CH2', 'CHZ']",2019-01-02T16:57:04.670000Z,10.21
1537,20190102T170144Z,1J.TI1A.,"['CH1', 'CH2', 'CHZ']",2019-01-02T17:01:44.500000Z,14.73
1538,20190102T170929Z,1J.TI1A.,"['CH1', 'CH2', 'CHZ']",2019-01-02T17:09:29.280000Z,1.42
1539,20190102T171011Z,1J.TI1A.,"['CH1', 'CH2', 'CHZ']",2019-01-02T17:10:11.720000Z,80.37
1540,20190102T194507Z,1J.TI1A.,"['CH1', 'CH2', 'CHZ']",2019-01-02T19:45:07.350000Z,15.46
1541,20190102T203542Z,1J.TI1A.,"['CH1', 'CH2', 'CHZ']",2019-01-02T20:35:42.420000Z,2.18
1542,20190102T205346Z,1J.TI1A.,"['CH1', 'CH2', 'CHZ']",2019-01-02T20:53:46.270000Z,4.22
1543,20190102T210501Z,1J.TI1A.,"['CH1', 'CH2', 'CHZ']",2019-01-02T21:05:01.080000Z,0.61
1544,20190102T223737Z,1J.TI1A.,"['CH1', 'CH2', 'CHZ']",2019-01-02T22:37:37.970000Z,8.92
1545,20190102T224117Z,1J.TI1A.,"['CH1', 'CH2', 'CHZ']",2019-01-02T22:41:17.540000Z,8.31
1546,20190102T224215Z,1J.TI1A.,"['CH1', 'CH2', 'CHZ']",2019-01-02T22:42:18.580000Z,23.3
1547,20190102T224701Z,1J.TI1A.,"['CH1', 'CH2', 'CHZ']",2019-01-02T22:47:02.430000Z,13.13
1548,20190102T224727Z,1J.TI1A.,"['CH1', 'CH2', 'CHZ']",2019-01-02T22:47:30.970000Z,16.92
1549,20190102T224841Z,1J.TI1A.,"['CH1', 'CH2', 'CHZ']",2019-01-02T22:48:41.350000Z,15.57
1550,20190102T225156Z,1J.TI1A.,"['CH1', 'CH2', 'CHZ']",2019-01-02T22:51:56.540000Z,14.14
1551,20190102T230810Z,1J.TI1A.,"['CH1', 'CH2', 'CHZ']",2019-01-02T23:08:13.500000Z,24.75
1552,20190102T231113Z,1J.TI1A.,"['CH1', 'CH2', 'CHZ']",2019-01-02T23:11:13.320000Z,4.63
1553,20190102T231318Z,1J.TI1A.,"['CH1', 'CH2', 'CHZ']",2019-01-02T23:13:18.220000Z,9.62
1554,20190102T231412Z,1J.TI1A.,"['CH1', 'CH2', 'CHZ']",2019-01-02T23:14:12.650000Z,7.41
1555,20190102T232826Z,1J.TI1A.,"['CH1', 'CH2', 'CHZ']",2019-01-02T23:28:26.070000Z,34.33
1556,20190102T233137Z,1J.TI1A.,"['CH1', 'CH2', 'CHZ']",2019-01-02T23:31:37.720000Z,2.88
1557,20190102T234352Z,1J.TI1A.,"['CH1', 'CH2', 'CHZ']",2019-01-02T23:43:52.070000Z,19.12
1558,20190102T235335Z,1J.TI1A.,"['CH1', 'CH2', 'CHZ']",2019-01-02T23:53:37.820000Z,15.93
1559,20190102T235408Z,1J.TI1A.,"['CH1', 'CH2', 'CHZ']",2019-01-02T23:54:08.190000Z,16.22
1560,20190102T235737Z,1J.TI1A.,"['CH1', 'CH2', 'CHZ']",2019-01-02T23:57:37.930000Z,20.07
1561,20190102T235803Z,1J.TI1A.,"['CH1', 'CH2', 'CHZ']",2019-01-02T23:58:06.300000Z,25.05
1562,20190102T000305Z,1J.TI7A.,"['CH1', 'CH2', 'CHZ']",2019-01-02T00:03:05.940000Z,13.17
1563,20190102T000824Z,1J.TI7A.,"['CH1', 'CH2', 'CHZ']",2019-01-02T00:08:24.300000Z,12.95
1564,20190102T001225Z,1J.TI7A.,"['CH1', 'CH2', 'CHZ']",2019-01-02T00:12:51.820000Z,16.39
1565,20190102T001331Z,1J.TI7A.,"['CH1', 'CH2', 'CHZ']",2019-01-02T00:13:31.680000Z,9.82
1566,20190102T002018Z,1J.TI7A.,"['CH1', 'CH2', 'CHZ']",2019-01-02T00:20:18.590000Z,12.55
1567,20190102T002256Z,1J.TI7A.,"['CH1', 'CH2', 'CHZ']",2019-01-02T00:22:56.520000Z,9.17
1568,20190102T002929Z,1J.TI7A.,"['CH1', 'CH2', 'CHZ']",2019-01-02T00:29:29.330000Z,14.68
1569,20190102T003424Z,1J.TI7A.,"['CH1', 'CH2', 'CHZ']",2019-01-02T00:34:36.950000Z,14.59
1570,20190102T003655Z,1J.TI7A.,"['CH1', 'CH2', 'CHZ']",2019-01-02T00:36:55.800000Z,3.38
1571,20190102T004119Z,1J.TI7A.,"['CH1', 'CH2', 'CHZ']",2019-01-02T00:41:19.940000Z,14.71
1572,20190102T004300Z,1J.TI7A.,"['CH1', 'CH2', 'CHZ']",2019-01-02T00:43:00.150000Z,1.33
1573,20190102T004716Z,1J.TI7A.,"['CH1', 'CH2', 'CHZ']",2019-01-02T00:47:16.170000Z,16.18
1574,20190102T005340Z,1J.TI7A.,"['CH1', 'CH2', 'CHZ']",2019-01-02T00:53:40.880000Z,14.84
1575,20190102T005737Z,1J.TI7A.,"['CH1', 'CH2', 'CHZ']",2019-01-02T00:57:40.750000Z,11.25
1576,20190102T010422Z,1J.TI7A.,"['CH1', 'CH2', 'CHZ']",2019-01-02T01:04:22.230000Z,16.96
1577,20190102T011030Z,1J.TI7A.,"['CH1', 'CH2', 'CHZ']",2019-01-02T01:10:30.200000Z,14.73
1578,20190102T011413Z,1J.TI7A.,"['CH1', 'CH2', 'CHZ']",2019-01-02T01:14:13.230000Z,4.61
1579,20190102T011635Z,1J.TI7A.,"['CH1', 'CH2', 'CHZ']",2019-01-02T01:16:56.140000Z,19.88
1580,20190102T012142Z,1J.TI7A.,"['CH1', 'CH2', 'CHZ']",2019-01-02T01:21:42.560000Z,14.22
1581,20190102T012735Z,1J.TI7A.,"['CH1', 'CH2', 'CHZ']",2019-01-02T01:27:35.340000Z,14.03
1582,20190102T013028Z,1J.TI7A.,"['CH1', 'CH2', 'CHZ']",2019-01-02T01:30:28.940000Z,6.78
1583,20190102T013630Z,1J.TI7A.,"['CH1', 'CH2', 'CHZ']",2019-01-02T01:36:38.660000Z,14.43
1584,20190102T014003Z,1J.TI7A.,"['CH1', 'CH2', 'CHZ']",2019-01-02T01:40:03.810000Z,0.97
1585,20190102T014207Z,1J.TI7A.,"['CH1', 'CH2', 'CHZ']",2019-01-02T01:42:07.270000Z,13.9
1586,20190102T014725Z,1J.TI7A.,"['CH1', 'CH2', 'CHZ']",2019-01-02T01:47:25.950000Z,17.17
1587,20190102T015112Z,1J.TI7A.,"['CH1', 'CH2', 'CHZ']",2019-01-02T01:51:12.020000Z,10.15
1588,20190102T015639Z,1J.TI7A.,"['CH1', 'CH2', 'CHZ']",2019-01-02T01:56:39.700000Z,16.58
1589,20190102T015738Z,1J.TI7A.,"['CH1', 'CH2', 'CHZ']",2019-01-02T01:57:38.820000Z,1.53
1590,20190102T020101Z,1J.TI7A.,"['CH1', 'CH2', 'CHZ']",2019-01-02T02:01:01.870000Z,10.91
1591,20190102T020631Z,1J.TI7A.,"['CH1', 'CH2', 'CHZ']",2019-01-02T02:06:31.490000Z,13.7
1592,20190102T021208Z,1J.TI7A.,"['CH1', 'CH2', 'CHZ']",2019-01-02T02:12:08.400000Z,13.49
1593,20190102T021635Z,1J.TI7A.,"['CH1', 'CH2', 'CHZ']",2019-01-02T02:17:04.230000Z,18.31
1594,20190102T021758Z,1J.TI7A.,"['CH1', 'CH2', 'CHZ']",2019-01-02T02:17:58.650000Z,3.65
1595,20190102T022143Z,1J.TI7A.,"['CH1', 'CH2', 'CHZ']",2019-01-02T02:21:43.150000Z,6.56
1596,20190102T022516Z,1J.TI7A.,"['CH1', 'CH2', 'CHZ']",2019-01-02T02:25:16.610000Z,7.74
1597,20190102T023006Z,1J.TI7A.,"['CH1', 'CH2', 'CHZ']",2019-01-02T02:30:06.640000Z,10.63
1598,20190102T023431Z,1J.TI7A.,"['CH1', 'CH2', 'CHZ']",2019-01-02T02:34:31.440000Z,9.27
1599,20190102T023948Z,1J.TI7A.,"['CH1', 'CH2', 'CHZ']",2019-01-02T02:39:48.750000Z,12.4
1600,20190102T024411Z,1J.TI7A.,"['CH1', 'CH2', 'CHZ']",2019-01-02T02:44:11.890000Z,12.44
1601,20190102T024801Z,1J.TI7A.,"['CH1', 'CH2', 'CHZ']",2019-01-02T02:48:01.310000Z,11.83
1602,20190102T024915Z,1J.TI7A.,"['CH1', 'CH2', 'CHZ']",2019-01-02T02:49:15.040000Z,0.8
1603,20190102T025254Z,1J.TI7A.,"['CH1', 'CH2', 'CHZ']",2019-01-02T02:52:55.760000Z,13.73
1604,20190102T025749Z,1J.TI7A.,"['CH1', 'CH2', 'CHZ']",2019-01-02T02:57:49.140000Z,13.45
1605,20190102T030059Z,1J.TI7A.,"['CH1', 'CH2', 'CHZ']",2019-01-02T03:01:04.760000Z,10.63
1606,20190102T030424Z,1J.TI7A.,"['CH1', 'CH2', 'CHZ']",2019-01-02T03:04:24.660000Z,10.41
1607,20190102T030713Z,1J.TI7A.,"['CH1', 'CH2', 'CHZ']",2019-01-02T03:07:13.650000Z,12.48
1608,20190102T031151Z,1J.TI7A.,"['CH1', 'CH2', 'CHZ']",2019-01-02T03:11:51.510000Z,15.27
1609,20190102T031637Z,1J.TI7A.,"['CH1', 'CH2', 'CHZ']",2019-01-02T03:16:37.520000Z,13.78
1610,20190102T032031Z,1J.TI7A.,"['CH1', 'CH2', 'CHZ']",2019-01-02T03:20:31.580000Z,12.24
1611,20190102T032332Z,1J.TI7A.,"['CH1', 'CH2', 'CHZ']",2019-01-02T03:23:32.050000Z,10.84
1612,20190102T032501Z,1J.TI7A.,"['CH1', 'CH2', 'CHZ']",2019-01-02T03:25:01.820000Z,2.46
1613,20190102T032623Z,1J.TI7A.,"['CH1', 'CH2', 'CHZ']",2019-01-02T03:26:23.860000Z,9.1
1614,20190102T032654Z,1J.TI7A.,"['CH1', 'CH2', 'CHZ']",2019-01-02T03:26:57.020000Z,48.25
1615,20190102T033002Z,1J.TI7A.,"['CH1', 'CH2', 'CHZ']",2019-01-02T03:30:02.180000Z,7.13
1616,20190102T033322Z,1J.TI7A.,"['CH1', 'CH2', 'CHZ']",2019-01-02T03:33:22.660000Z,10.63
1617,20190102T033622Z,1J.TI7A.,"['CH1', 'CH2', 'CHZ']",2019-01-02T03:36:22.390000Z,10.38
1618,20190102T033900Z,1J.TI7A.,"['CH1', 'CH2', 'CHZ']",2019-01-02T03:39:15.860000Z,10.3
1619,20190102T034032Z,1J.TI7A.,"['CH1', 'CH2', 'CHZ']",2019-01-02T03:40:51.680000Z,6.78
1620,20190102T034205Z,1J.TI7A.,"['CH1', 'CH2', 'CHZ']",2019-01-02T03:42:05.130000Z,7.36
1621,20190102T034501Z,1J.TI7A.,"['CH1', 'CH2', 'CHZ']",2019-01-02T03:45:01.660000Z,11.07
1622,20190102T034842Z,1J.TI7A.,"['CH1', 'CH2', 'CHZ']",2019-01-02T03:48:42.660000Z,11.17
1623,20190102T035140Z,1J.TI7A.,"['CH1', 'CH2', 'CHZ']",2019-01-02T03:51:47.370000Z,1.7
1624,20190102T035225Z,1J.TI7A.,"['CH1', 'CH2', 'CHZ']",2019-01-02T03:52:25.210000Z,11.56
1625,20190102T035412Z,1J.TI7A.,"['CH1', 'CH2', 'CHZ']",2019-01-02T03:54:21.370000Z,5.68
1626,20190102T035628Z,1J.TI7A.,"['CH1', 'CH2', 'CHZ']",2019-01-02T03:56:28.680000Z,1.74
1627,20190102T035724Z,1J.TI7A.,"['CH1', 'CH2', 'CHZ']",2019-01-02T03:57:24.870000Z,7.04
1628,20190102T040001Z,1J.TI7A.,"['CH1', 'CH2', 'CHZ']",2019-01-02T04:00:01.060000Z,6.99
1629,20190102T040149Z,1J.TI7A.,"['CH1', 'CH2', 'CHZ']",2019-01-02T04:01:49.560000Z,2.4
1630,20190102T040434Z,1J.TI7A.,"['CH1', 'CH2', 'CHZ']",2019-01-02T04:04:34.560000Z,10.22
1631,20190102T040705Z,1J.TI7A.,"['CH1', 'CH2', 'CHZ']",2019-01-02T04:07:06.580000Z,8.11
1632,20190102T040941Z,1J.TI7A.,"['CH1', 'CH2', 'CHZ']",2019-01-02T04:09:41.280000Z,8.52
1633,20190102T041138Z,1J.TI7A.,"['CH1', 'CH2', 'CHZ']",2019-01-02T04:11:42.370000Z,18.03
1634,20190102T041419Z,1J.TI7A.,"['CH1', 'CH2', 'CHZ']",2019-01-02T04:14:19.590000Z,5.7
1635,20190102T041522Z,1J.TI7A.,"['CH1', 'CH2', 'CHZ']",2019-01-02T04:15:22.960000Z,1.12
1636,20190102T041854Z,1J.TI7A.,"['CH1', 'CH2', 'CHZ']",2019-01-02T04:18:54.670000Z,12.63
1637,20190102T042306Z,1J.TI7A.,"['CH1', 'CH2', 'CHZ']",2019-01-02T04:23:06.400000Z,1.53
1638,20190102T042530Z,1J.TI7A.,"['CH1', 'CH2', 'CHZ']",2019-01-02T04:25:30.320000Z,15.0
1639,20190102T042700Z,1J.TI7A.,"['CH1', 'CH2', 'CHZ']",2019-01-02T04:27:00.960000Z,1.03
1640,20190102T042712Z,1J.TI7A.,"['CH1', 'CH2', 'CHZ']",2019-01-02T04:27:12.600000Z,49.05
1641,20190102T043102Z,1J.TI7A.,"['CH1', 'CH2', 'CHZ']",2019-01-02T04:31:03.140000Z,6.98
1642,20190102T043116Z,1J.TI7A.,"['CH1', 'CH2', 'CHZ']",2019-01-02T04:31:16.400000Z,25.66
1643,20190102T043458Z,1J.TI7A.,"['CH1', 'CH2', 'CHZ']",2019-01-02T04:34:58.540000Z,11.32
1644,20190102T044024Z,1J.TI7A.,"['CH1', 'CH2', 'CHZ']",2019-01-02T04:40:24.360000Z,14.17
1645,20190102T044318Z,1J.TI7A.,"['CH1', 'CH2', 'CHZ']",2019-01-02T04:43:18.400000Z,11.85
1646,20190102T044854Z,1J.TI7A.,"['CH1', 'CH2', 'CHZ']",2019-01-02T04:48:54.930000Z,14.85
1647,20190102T045417Z,1J.TI7A.,"['CH1', 'CH2', 'CHZ']",2019-01-02T04:54:17.480000Z,13.64
1648,20190102T050341Z,1J.TI7A.,"['CH1', 'CH2', 'CHZ']",2019-01-02T05:03:41.940000Z,15.77
1649,20190102T051018Z,1J.TI7A.,"['CH1', 'CH2', 'CHZ']",2019-01-02T05:10:18.470000Z,1.38
1650,20190102T051139Z,1J.TI7A.,"['CH1', 'CH2', 'CHZ']",2019-01-02T05:11:49.470000Z,15.61
1651,20190102T051741Z,1J.TI7A.,"['CH1', 'CH2', 'CHZ']",2019-01-02T05:17:41.530000Z,14.4
1652,20190102T052402Z,1J.TI7A.,"['CH1', 'CH2', 'CHZ']",2019-01-02T05:24:02.450000Z,1.64
1653,20190102T052448Z,1J.TI7A.,"['CH1', 'CH2', 'CHZ']",2019-01-02T05:24:48.010000Z,15.91
1654,20190102T053122Z,1J.TI7A.,"['CH1', 'CH2', 'CHZ']",2019-01-02T05:31:22.770000Z,14.87
1655,20190102T053204Z,1J.TI7A.,"['CH1', 'CH2', 'CHZ']",2019-01-02T05:32:04.790000Z,1.65
1656,20190102T053300Z,1J.TI7A.,"['CH1', 'CH2', 'CHZ']",2019-01-02T05:33:00.530000Z,3.51
1657,20190102T053728Z,1J.TI7A.,"['CH1', 'CH2', 'CHZ']",2019-01-02T05:37:31.550000Z,12.95
1658,20190102T053853Z,1J.TI7A.,"['CH1', 'CH2', 'CHZ']",2019-01-02T05:38:53.470000Z,13.51
1659,20190102T054436Z,1J.TI7A.,"['CH1', 'CH2', 'CHZ']",2019-01-02T05:44:36.340000Z,13.09
1660,20190102T055256Z,1J.TI7A.,"['CH1', 'CH2', 'CHZ']",2019-01-02T05:52:56.040000Z,12.89
1661,20190102T055932Z,1J.TI7A.,"['CH1', 'CH2', 'CHZ']",2019-01-02T05:59:32.040000Z,13.76
1662,20190102T060022Z,1J.TI7A.,"['CH1', 'CH2', 'CHZ']",2019-01-02T06:00:24.570000Z,42.53
1663,20190102T060522Z,1J.TI7A.,"['CH1', 'CH2', 'CHZ']",2019-01-02T06:05:22.370000Z,1.75
1664,20190102T060527Z,1J.TI7A.,"['CH1', 'CH2', 'CHZ']",2019-01-02T06:05:32.700000Z,11.74
1665,20190102T061239Z,1J.TI7A.,"['CH1', 'CH2', 'CHZ']",2019-01-02T06:12:39.800000Z,15.09
1666,20190102T061422Z,1J.TI7A.,"['CH1', 'CH2', 'CHZ']",2019-01-02T06:14:22.370000Z,1.05
1667,20190102T061520Z,1J.TI7A.,"['CH1', 'CH2', 'CHZ']",2019-01-02T06:15:58.700000Z,7.18
1668,20190102T061935Z,1J.TI7A.,"['CH1', 'CH2', 'CHZ']",2019-01-02T06:19:35.370000Z,13.22
1669,20190102T062629Z,1J.TI7A.,"['CH1', 'CH2', 'CHZ']",2019-01-02T06:26:29.500000Z,13.21
1670,20190102T063223Z,1J.TI7A.,"['CH1', 'CH2', 'CHZ']",2019-01-02T06:32:23.710000Z,14.57
1671,20190102T063704Z,1J.TI7A.,"['CH1', 'CH2', 'CHZ']",2019-01-02T06:37:06.360000Z,51.89
1672,20190102T064238Z,1J.TI7A.,"['CH1', 'CH2', 'CHZ']",2019-01-02T06:42:38.330000Z,10.62
1673,20190102T064327Z,1J.TI7A.,"['CH1', 'CH2', 'CHZ']",2019-01-02T06:43:27.480000Z,0.89
1674,20190102T064704Z,1J.TI7A.,"['CH1', 'CH2', 'CHZ']",2019-01-02T06:47:04.540000Z,11.61
1675,20190102T065143Z,1J.TI7A.,"['CH1', 'CH2', 'CHZ']",2019-01-02T06:51:43.670000Z,12.97
1676,20190102T065500Z,1J.TI7A.,"['CH1', 'CH2', 'CHZ']",2019-01-02T06:55:00.030000Z,9.75
1677,20190102T065729Z,1J.TI7A.,"['CH1', 'CH2', 'CHZ']",2019-01-02T06:57:29.740000Z,13.53
1678,20190102T070143Z,1J.TI7A.,"['CH1', 'CH2', 'CHZ']",2019-01-02T07:02:23.620000Z,13.45
1679,20190102T070731Z,1J.TI7A.,"['CH1', 'CH2', 'CHZ']",2019-01-02T07:07:31.400000Z,13.3
1680,20190102T070939Z,1J.TI7A.,"['CH1', 'CH2', 'CHZ']",2019-01-02T07:09:39.610000Z,4.22
1681,20190102T071012Z,1J.TI7A.,"['CH1', 'CH2', 'CHZ']",2019-01-02T07:10:12.940000Z,1.29
1682,20190102T071135Z,1J.TI7A.,"['CH1', 'CH2', 'CHZ']",2019-01-02T07:11:35.480000Z,9.36
1683,20190102T071244Z,1J.TI7A.,"['CH1', 'CH2', 'CHZ']",2019-01-02T07:12:44.300000Z,1.83
1684,20190102T071516Z,1J.TI7A.,"['CH1', 'CH2', 'CHZ']",2019-01-02T07:15:16.510000Z,9.03
1685,20190102T071932Z,1J.TI7A.,"['CH1', 'CH2', 'CHZ']",2019-01-02T07:19:32.030000Z,10.92
1686,20190102T072034Z,1J.TI7A.,"['CH1', 'CH2', 'CHZ']",2019-01-02T07:20:34.160000Z,1.16
1687,20190102T072240Z,1J.TI7A.,"['CH1', 'CH2', 'CHZ']",2019-01-02T07:22:40.980000Z,7.27
1688,20190102T072653Z,1J.TI7A.,"['CH1', 'CH2', 'CHZ']",2019-01-02T07:26:57.860000Z,11.15
1689,20190102T072952Z,1J.TI7A.,"['CH1', 'CH2', 'CHZ']",2019-01-02T07:29:52.050000Z,5.83
1690,20190102T073115Z,1J.TI7A.,"['CH1', 'CH2', 'CHZ']",2019-01-02T07:31:15.500000Z,1.44
1691,20190102T073411Z,1J.TI7A.,"['CH1', 'CH2', 'CHZ']",2019-01-02T07:34:11.680000Z,10.38
1692,20190102T073858Z,1J.TI7A.,"['CH1', 'CH2', 'CHZ']",2019-01-02T07:38:58.330000Z,8.71
1693,20190102T074318Z,1J.TI7A.,"['CH1', 'CH2', 'CHZ']",2019-01-02T07:43:18.010000Z,10.5
1694,20190102T074435Z,1J.TI7A.,"['CH1', 'CH2', 'CHZ']",2019-01-02T07:44:53.540000Z,1.36
1695,20190102T074602Z,1J.TI7A.,"['CH1', 'CH2', 'CHZ']",2019-01-02T07:46:02.870000Z,1.71
1696,20190102T074837Z,1J.TI7A.,"['CH1', 'CH2', 'CHZ']",2019-01-02T07:48:37.160000Z,12.14
1697,20190102T075129Z,1J.TI7A.,"['CH1', 'CH2', 'CHZ']",2019-01-02T07:51:29.170000Z,1.44
1698,20190102T075228Z,1J.TI7A.,"['CH1', 'CH2', 'CHZ']",2019-01-02T07:52:28.700000Z,9.5
1699,20190102T075333Z,1J.TI7A.,"['CH1', 'CH2', 'CHZ']",2019-01-02T07:53:33.200000Z,13.5
1700,20190102T075650Z,1J.TI7A.,"['CH1', 'CH2', 'CHZ']",2019-01-02T07:56:50.800000Z,9.26
1701,20190102T080114Z,1J.TI7A.,"['CH1', 'CH2', 'CHZ']",2019-01-02T08:01:14.400000Z,10.68
1702,20190102T080619Z,1J.TI7A.,"['CH1', 'CH2', 'CHZ']",2019-01-02T08:06:19.130000Z,10.99
1703,20190102T080701Z,1J.TI7A.,"['CH1', 'CH2', 'CHZ']",2019-01-02T08:07:01.370000Z,1.28
1704,20190102T081250Z,1J.TI7A.,"['CH1', 'CH2', 'CHZ']",2019-01-02T08:12:50.980000Z,12.35
1705,20190102T081804Z,1J.TI7A.,"['CH1', 'CH2', 'CHZ']",2019-01-02T08:18:04.600000Z,13.75
1706,20190102T082337Z,1J.TI7A.,"['CH1', 'CH2', 'CHZ']",2019-01-02T08:23:37.820000Z,11.07
1707,20190102T082359Z,1J.TI7A.,"['CH1', 'CH2', 'CHZ']",2019-01-02T08:24:02.370000Z,15.08
1708,20190102T082427Z,1J.TI7A.,"['CH1', 'CH2', 'CHZ']",2019-01-02T08:24:29.710000Z,20.18
1709,20190102T082859Z,1J.TI7A.,"['CH1', 'CH2', 'CHZ']",2019-01-02T08:28:59.070000Z,7.75
1710,20190102T083207Z,1J.TI7A.,"['CH1', 'CH2', 'CHZ']",2019-01-02T08:32:07.100000Z,1.27
1711,20190102T083557Z,1J.TI7A.,"['CH1', 'CH2', 'CHZ']",2019-01-02T08:35:57.830000Z,13.44
1712,20190102T083647Z,1J.TI7A.,"['CH1', 'CH2', 'CHZ']",2019-01-02T08:36:47.460000Z,1.35
1713,20190102T083658Z,1J.TI7A.,"['CH1', 'CH2', 'CHZ']",2019-01-02T08:37:11.330000Z,5.36
1714,20190102T084024Z,1J.TI7A.,"['CH1', 'CH2', 'CHZ']",2019-01-02T08:40:24.670000Z,2.32
1715,20190102T084411Z,1J.TI7A.,"['CH1', 'CH2', 'CHZ']",2019-01-02T08:44:11.650000Z,20.52
1716,20190102T084444Z,1J.TI7A.,"['CH1', 'CH2', 'CHZ']",2019-01-02T08:44:46.740000Z,0.63
1717,20190102T084820Z,1J.TI7A.,"['CH1', 'CH2', 'CHZ']",2019-01-02T08:48:20.220000Z,2.03
1718,20190102T084931Z,1J.TI7A.,"['CH1', 'CH2', 'CHZ']",2019-01-02T08:49:47.680000Z,11.13
1719,20190102T085114Z,1J.TI7A.,"['CH1', 'CH2', 'CHZ']",2019-01-02T08:51:14.520000Z,1.19
1720,20190102T085307Z,1J.TI7A.,"['CH1', 'CH2', 'CHZ']",2019-01-02T08:53:07.280000Z,7.13
1721,20190102T085453Z,1J.TI7A.,"['CH1', 'CH2', 'CHZ']",2019-01-02T08:54:55.740000Z,2.83
1722,20190102T085837Z,1J.TI7A.,"['CH1', 'CH2', 'CHZ']",2019-01-02T08:58:37.640000Z,14.04
1723,20190102T085950Z,1J.TI7A.,"['CH1', 'CH2', 'CHZ']",2019-01-02T09:00:04.590000Z,8.28
1724,20190102T090315Z,1J.TI7A.,"['CH1', 'CH2', 'CHZ']",2019-01-02T09:03:15.650000Z,1.78
1725,20190102T090417Z,1J.TI7A.,"['CH1', 'CH2', 'CHZ']",2019-01-02T09:04:26.210000Z,13.8
1726,20190102T090520Z,1J.TI7A.,"['CH1', 'CH2', 'CHZ']",2019-01-02T09:05:20.690000Z,13.09
1727,20190102T090600Z,1J.TI7A.,"['CH1', 'CH2', 'CHZ']",2019-01-02T09:06:00.580000Z,1.01
1728,20190102T090927Z,1J.TI7A.,"['CH1', 'CH2', 'CHZ']",2019-01-02T09:09:27.500000Z,2.44
1729,20190102T091146Z,1J.TI7A.,"['CH1', 'CH2', 'CHZ']",2019-01-02T09:11:46.470000Z,1.89
1730,20190102T091241Z,1J.TI7A.,"['CH1', 'CH2', 'CHZ']",2019-01-02T09:12:41.760000Z,15.17
1731,20190102T091628Z,1J.TI7A.,"['CH1', 'CH2', 'CHZ']",2019-01-02T09:16:28.450000Z,1.41
1732,20190102T091730Z,1J.TI7A.,"['CH1', 'CH2', 'CHZ']",2019-01-02T09:17:30.730000Z,12.66
1733,20190102T092013Z,1J.TI7A.,"['CH1', 'CH2', 'CHZ']",2019-01-02T09:20:13.160000Z,2.52
1734,20190102T092442Z,1J.TI7A.,"['CH1', 'CH2', 'CHZ']",2019-01-02T09:24:42.430000Z,1.92
1735,20190102T092512Z,1J.TI7A.,"['CH1', 'CH2', 'CHZ']",2019-01-02T09:25:12.860000Z,14.52
1736,20190102T092732Z,1J.TI7A.,"['CH1', 'CH2', 'CHZ']",2019-01-02T09:27:32.260000Z,1.79
1737,20190102T093044Z,1J.TI7A.,"['CH1', 'CH2', 'CHZ']",2019-01-02T09:30:44.750000Z,2.0
1738,20190102T093146Z,1J.TI7A.,"['CH1', 'CH2', 'CHZ']",2019-01-02T09:31:49.090000Z,1.33
1739,20190102T093236Z,1J.TI7A.,"['CH1', 'CH2', 'CHZ']",2019-01-02T09:32:36.870000Z,23.76
1740,20190102T093438Z,1J.TI7A.,"['CH1', 'CH2', 'CHZ']",2019-01-02T09:34:38.010000Z,1.82
1741,20190102T093740Z,1J.TI7A.,"['CH1', 'CH2', 'CHZ']",2019-01-02T09:37:40.980000Z,2.04
1742,20190102T093844Z,1J.TI7A.,"['CH1', 'CH2', 'CHZ']",2019-01-02T09:38:44.620000Z,13.25
1743,20190102T094116Z,1J.TI7A.,"['CH1', 'CH2', 'CHZ']",2019-01-02T09:41:16.590000Z,2.04
1744,20190102T094123Z,1J.TI7A.,"['CH1', 'CH2', 'CHZ']",2019-01-02T09:41:23.690000Z,6.71
1745,20190102T094342Z,1J.TI7A.,"['CH1', 'CH2', 'CHZ']",2019-01-02T09:43:42.630000Z,2.1
1746,20190102T094406Z,1J.TI7A.,"['CH1', 'CH2', 'CHZ']",2019-01-02T09:44:06.640000Z,14.49
1747,20190102T094606Z,1J.TI7A.,"['CH1', 'CH2', 'CHZ']",2019-01-02T09:46:16.070000Z,14.09
1748,20190102T095007Z,1J.TI7A.,"['CH1', 'CH2', 'CHZ']",2019-01-02T09:50:07.600000Z,1.26
1749,20190102T095037Z,1J.TI7A.,"['CH1', 'CH2', 'CHZ']",2019-01-02T09:50:37.980000Z,12.55
1750,20190102T095243Z,1J.TI7A.,"['CH1', 'CH2', 'CHZ']",2019-01-02T09:52:44.930000Z,2.29
1751,20190102T095512Z,1J.TI7A.,"['CH1', 'CH2', 'CHZ']",2019-01-02T09:55:12.030000Z,1.57
1752,20190102T095610Z,1J.TI7A.,"['CH1', 'CH2', 'CHZ']",2019-01-02T09:56:10.890000Z,6.78
1753,20190102T095832Z,1J.TI7A.,"['CH1', 'CH2', 'CHZ']",2019-01-02T09:58:32.290000Z,15.79
1754,20190102T095959Z,1J.TI7A.,"['CH1', 'CH2', 'CHZ']",2019-01-02T09:59:59.130000Z,1.71
1755,20190102T100123Z,1J.TI7A.,"['CH1', 'CH2', 'CHZ']",2019-01-02T10:01:23.720000Z,2.37
1756,20190102T100222Z,1J.TI7A.,"['CH1', 'CH2', 'CHZ']",2019-01-02T10:02:22.540000Z,1.56
1757,20190102T100311Z,1J.TI7A.,"['CH1', 'CH2', 'CHZ']",2019-01-02T10:03:11.600000Z,1.3
1758,20190102T100540Z,1J.TI7A.,"['CH1', 'CH2', 'CHZ']",2019-01-02T10:05:40.570000Z,15.7
1759,20190102T100637Z,1J.TI7A.,"['CH1', 'CH2', 'CHZ']",2019-01-02T10:06:37.490000Z,0.82
1760,20190102T100652Z,1J.TI7A.,"['CH1', 'CH2', 'CHZ']",2019-01-02T10:06:52.970000Z,4.32
1761,20190102T101023Z,1J.TI7A.,"['CH1', 'CH2', 'CHZ']",2019-01-02T10:10:23.840000Z,1.45
1762,20190102T101157Z,1J.TI7A.,"['CH1', 'CH2', 'CHZ']",2019-01-02T10:11:57.500000Z,2.23
1763,20190102T101220Z,1J.TI7A.,"['CH1', 'CH2', 'CHZ']",2019-01-02T10:12:25.740000Z,21.56
1764,20190102T101547Z,1J.TI7A.,"['CH1', 'CH2', 'CHZ']",2019-01-02T10:15:47.680000Z,2.12
1765,20190102T101846Z,1J.TI7A.,"['CH1', 'CH2', 'CHZ']",2019-01-02T10:18:46.000000Z,15.76
1766,20190102T101928Z,1J.TI7A.,"['CH1', 'CH2', 'CHZ']",2019-01-02T10:19:28.700000Z,0.9
1767,20190102T102509Z,1J.TI7A.,"['CH1', 'CH2', 'CHZ']",2019-01-02T10:25:09.450000Z,1.57
1768,20190102T102537Z,1J.TI7A.,"['CH1', 'CH2', 'CHZ']",2019-01-02T10:25:37.190000Z,16.27
1769,20190102T103117Z,1J.TI7A.,"['CH1', 'CH2', 'CHZ']",2019-01-02T10:31:17.910000Z,13.96
1770,20190102T103421Z,1J.TI7A.,"['CH1', 'CH2', 'CHZ']",2019-01-02T10:34:21.830000Z,0.92
1771,20190102T103555Z,1J.TI7A.,"['CH1', 'CH2', 'CHZ']",2019-01-02T10:35:55.770000Z,1.38
1772,20190102T103602Z,1J.TI7A.,"['CH1', 'CH2', 'CHZ']",2019-01-02T10:36:02.700000Z,13.61
1773,20190102T103855Z,1J.TI7A.,"['CH1', 'CH2', 'CHZ']",2019-01-02T10:38:55.050000Z,9.19
1774,20190102T104054Z,1J.TI7A.,"['CH1', 'CH2', 'CHZ']",2019-01-02T10:40:54.100000Z,12.88
1775,20190102T104340Z,1J.TI7A.,"['CH1', 'CH2', 'CHZ']",2019-01-02T10:43:40.700000Z,3.76
1776,20190102T104558Z,1J.TI7A.,"['CH1', 'CH2', 'CHZ']",2019-01-02T10:45:58.330000Z,12.06
1777,20190102T104935Z,1J.TI7A.,"['CH1', 'CH2', 'CHZ']",2019-01-02T10:49:44.780000Z,1.04
1778,20190102T105128Z,1J.TI7A.,"['CH1', 'CH2', 'CHZ']",2019-01-02T10:51:28.700000Z,11.67
1779,20190102T105618Z,1J.TI7A.,"['CH1', 'CH2', 'CHZ']",2019-01-02T10:56:18.520000Z,5.02
1780,20190102T105741Z,1J.TI7A.,"['CH1', 'CH2', 'CHZ']",2019-01-02T10:57:58.950000Z,23.29
1781,20190102T110217Z,1J.TI7A.,"['CH1', 'CH2', 'CHZ']",2019-01-02T11:02:17.080000Z,10.87
1782,20190102T110316Z,1J.TI7A.,"['CH1', 'CH2', 'CHZ']",2019-01-02T11:03:16.820000Z,1.45
1783,20190102T110324Z,1J.TI7A.,"['CH1', 'CH2', 'CHZ']",2019-01-02T11:03:26.970000Z,49.75
1784,20190102T110520Z,1J.TI7A.,"['CH1', 'CH2', 'CHZ']",2019-01-02T11:05:20.710000Z,2.5
1785,20190102T110601Z,1J.TI7A.,"['CH1', 'CH2', 'CHZ']",2019-01-02T11:06:01.750000Z,1.37
1786,20190102T110755Z,1J.TI7A.,"['CH1', 'CH2', 'CHZ']",2019-01-02T11:07:55.990000Z,4.47
1787,20190102T111028Z,1J.TI7A.,"['CH1', 'CH2', 'CHZ']",2019-01-02T11:10:28.310000Z,4.07
1788,20190102T111145Z,1J.TI7A.,"['CH1', 'CH2', 'CHZ']",2019-01-02T11:11:45.870000Z,8.34
1789,20190102T111416Z,1J.TI7A.,"['CH1', 'CH2', 'CHZ']",2019-01-02T11:14:16.000000Z,1.64
1790,20190102T111456Z,1J.TI7A.,"['CH1', 'CH2', 'CHZ']",2019-01-02T11:14:56.030000Z,9.16
1791,20190102T111857Z,1J.TI7A.,"['CH1', 'CH2', 'CHZ']",2019-01-02T11:18:57.550000Z,7.78
1792,20190102T112003Z,1J.TI7A.,"['CH1', 'CH2', 'CHZ']",2019-01-02T11:20:03.470000Z,10.67
1793,20190102T112453Z,1J.TI7A.,"['CH1', 'CH2', 'CHZ']",2019-01-02T11:25:10.300000Z,8.53
1794,20190102T112833Z,1J.TI7A.,"['CH1', 'CH2', 'CHZ']",2019-01-02T11:28:38.960000Z,10.91
1795,20190102T113109Z,1J.TI7A.,"['CH1', 'CH2', 'CHZ']",2019-01-02T11:31:13.610000Z,15.82
1796,20190102T113301Z,1J.TI7A.,"['CH1', 'CH2', 'CHZ']",2019-01-02T11:33:03.480000Z,5.34
1797,20190102T113725Z,1J.TI7A.,"['CH1', 'CH2', 'CHZ']",2019-01-02T11:37:35.050000Z,15.02
1798,20190102T114441Z,1J.TI7A.,"['CH1', 'CH2', 'CHZ']",2019-01-02T11:44:41.600000Z,1.12
1799,20190102T114451Z,1J.TI7A.,"['CH1', 'CH2', 'CHZ']",2019-01-02T11:44:51.040000Z,9.21
1800,20190102T115110Z,1J.TI7A.,"['CH1', 'CH2', 'CHZ']",2019-01-02T11:51:10.660000Z,9.93
1801,20190102T115217Z,1J.TI7A.,"['CH1', 'CH2', 'CHZ']",2019-01-02T11:52:17.010000Z,14.36
1802,20190102T115307Z,1J.TI7A.,"['CH1', 'CH2', 'CHZ']",2019-01-02T11:53:07.890000Z,0.72
1803,20190102T115423Z,1J.TI7A.,"['CH1', 'CH2', 'CHZ']",2019-01-02T11:54:23.940000Z,5.08
1804,20190102T115712Z,1J.TI7A.,"['CH1', 'CH2', 'CHZ']",2019-01-02T11:57:12.900000Z,8.7
1805,20190102T115801Z,1J.TI7A.,"['CH1', 'CH2', 'CHZ']",2019-01-02T11:58:01.660000Z,0.85
1806,20190102T120128Z,1J.TI7A.,"['CH1', 'CH2', 'CHZ']",2019-01-02T12:01:28.050000Z,8.14
1807,20190102T120400Z,1J.TI7A.,"['CH1', 'CH2', 'CHZ']",2019-01-02T12:04:00.730000Z,9.43
1808,20190102T120504Z,1J.TI7A.,"['CH1', 'CH2', 'CHZ']",2019-01-02T12:05:04.790000Z,3.96
1809,20190102T120704Z,1J.TI7A.,"['CH1', 'CH2', 'CHZ']",2019-01-02T12:07:04.060000Z,3.47
1810,20190102T121415Z,1J.TI7A.,"['CH1', 'CH2', 'CHZ']",2019-01-02T12:14:15.500000Z,11.91
1811,20190102T121512Z,1J.TI7A.,"['CH1', 'CH2', 'CHZ']",2019-01-02T12:15:12.980000Z,4.57
1812,20190102T121714Z,1J.TI7A.,"['CH1', 'CH2', 'CHZ']",2019-01-02T12:17:14.360000Z,16.0
1813,20190102T121811Z,1J.TI7A.,"['CH1', 'CH2', 'CHZ']",2019-01-02T12:18:11.790000Z,1.06
1814,20190102T122035Z,1J.TI7A.,"['CH1', 'CH2', 'CHZ']",2019-01-02T12:20:35.530000Z,4.59
1815,20190102T122108Z,1J.TI7A.,"['CH1', 'CH2', 'CHZ']",2019-01-02T12:21:10.300000Z,7.1
1816,20190102T122529Z,1J.TI7A.,"['CH1', 'CH2', 'CHZ']",2019-01-02T12:25:29.340000Z,6.13
1817,20190102T123311Z,1J.TI7A.,"['CH1', 'CH2', 'CHZ']",2019-01-02T12:33:11.150000Z,8.41
1818,20190102T123818Z,1J.TI7A.,"['CH1', 'CH2', 'CHZ']",2019-01-02T12:38:18.460000Z,5.65
1819,20190102T123835Z,1J.TI7A.,"['CH1', 'CH2', 'CHZ']",2019-01-02T12:38:49.450000Z,13.62
1820,20190102T124509Z,1J.TI7A.,"['CH1', 'CH2', 'CHZ']",2019-01-02T12:45:09.790000Z,9.68
1821,20190102T124702Z,1J.TI7A.,"['CH1', 'CH2', 'CHZ']",2019-01-02T12:47:02.540000Z,6.59
1822,20190102T125041Z,1J.TI7A.,"['CH1', 'CH2', 'CHZ']",2019-01-02T12:50:41.860000Z,0.83
1823,20190102T125127Z,1J.TI7A.,"['CH1', 'CH2', 'CHZ']",2019-01-02T12:51:27.830000Z,9.05
1824,20190102T125556Z,1J.TI7A.,"['CH1', 'CH2', 'CHZ']",2019-01-02T12:55:56.170000Z,7.05
1825,20190102T125904Z,1J.TI7A.,"['CH1', 'CH2', 'CHZ']",2019-01-02T12:59:05.650000Z,9.97
1826,20190102T125936Z,1J.TI7A.,"['CH1', 'CH2', 'CHZ']",2019-01-02T12:59:36.000000Z,4.33
1827,20190102T130443Z,1J.TI7A.,"['CH1', 'CH2', 'CHZ']",2019-01-02T13:04:43.700000Z,7.78
1828,20190102T130638Z,1J.TI7A.,"['CH1', 'CH2', 'CHZ']",2019-01-02T13:06:38.690000Z,9.21
1829,20190102T131347Z,1J.TI7A.,"['CH1', 'CH2', 'CHZ']",2019-01-02T13:13:47.410000Z,10.41
1830,20190102T132118Z,1J.TI7A.,"['CH1', 'CH2', 'CHZ']",2019-01-02T13:21:18.340000Z,9.34
1831,20190102T132820Z,1J.TI7A.,"['CH1', 'CH2', 'CHZ']",2019-01-02T13:28:20.880000Z,9.63
1832,20190102T133203Z,1J.TI7A.,"['CH1', 'CH2', 'CHZ']",2019-01-02T13:32:03.780000Z,8.93
1833,20190102T133503Z,1J.TI7A.,"['CH1', 'CH2', 'CHZ']",2019-01-02T13:35:03.210000Z,6.72
1834,20190102T133840Z,1J.TI7A.,"['CH1', 'CH2', 'CHZ']",2019-01-02T13:38:44.140000Z,4.26
1835,20190102T134155Z,1J.TI7A.,"['CH1', 'CH2', 'CHZ']",2019-01-02T13:41:57.750000Z,51.41
1836,20190102T134529Z,1J.TI7A.,"['CH1', 'CH2', 'CHZ']",2019-01-02T13:45:29.380000Z,3.47
1837,20190102T135122Z,1J.TI7A.,"['CH1', 'CH2', 'CHZ']",2019-01-02T13:52:08.090000Z,7.81
1838,20190102T135224Z,1J.TI7A.,"['CH1', 'CH2', 'CHZ']",2019-01-02T13:52:24.230000Z,27.4
1839,20190102T135816Z,1J.TI7A.,"['CH1', 'CH2', 'CHZ']",2019-01-02T13:58:46.120000Z,23.01
1840,20190102T140118Z,1J.TI7A.,"['CH1', 'CH2', 'CHZ']",2019-01-02T14:01:18.770000Z,7.16
1841,20190102T140205Z,1J.TI7A.,"['CH1', 'CH2', 'CHZ']",2019-01-02T14:02:05.020000Z,13.31
1842,20190102T140224Z,1J.TI7A.,"['CH1', 'CH2', 'CHZ']",2019-01-02T14:02:45.390000Z,1.82
1843,20190102T140916Z,1J.TI7A.,"['CH1', 'CH2', 'CHZ']",2019-01-02T14:09:16.060000Z,5.43
1844,20190102T141428Z,1J.TI7A.,"['CH1', 'CH2', 'CHZ']",2019-01-02T14:14:28.340000Z,4.83
1845,20190102T141654Z,1J.TI7A.,"['CH1', 'CH2', 'CHZ']",2019-01-02T14:16:54.570000Z,6.61
1846,20190102T141955Z,1J.TI7A.,"['CH1', 'CH2', 'CHZ']",2019-01-02T14:19:58.170000Z,1.12
1847,20190102T142029Z,1J.TI7A.,"['CH1', 'CH2', 'CHZ']",2019-01-02T14:20:29.780000Z,0.93
1848,20190102T142144Z,1J.TI7A.,"['CH1', 'CH2', 'CHZ']",2019-01-02T14:21:44.510000Z,8.64
1849,20190102T142405Z,1J.TI7A.,"['CH1', 'CH2', 'CHZ']",2019-01-02T14:24:05.860000Z,8.34
1850,20190102T142712Z,1J.TI7A.,"['CH1', 'CH2', 'CHZ']",2019-01-02T14:27:41.580000Z,44.99
1851,20190102T142901Z,1J.TI7A.,"['CH1', 'CH2', 'CHZ']",2019-01-02T14:29:02.990000Z,3.43
1852,20190102T142927Z,1J.TI7A.,"['CH1', 'CH2', 'CHZ']",2019-01-02T14:29:31.530000Z,12.66
1853,20190102T143018Z,1J.TI7A.,"['CH1', 'CH2', 'CHZ']",2019-01-02T14:30:18.390000Z,2.54
1854,20190102T144031Z,1J.TI7A.,"['CH1', 'CH2', 'CHZ']",2019-01-02T14:40:31.480000Z,2.83
1855,20190102T144114Z,1J.TI7A.,"['CH1', 'CH2', 'CHZ']",2019-01-02T14:41:22.870000Z,15.2
1856,20190102T144306Z,1J.TI7A.,"['CH1', 'CH2', 'CHZ']",2019-01-02T14:43:06.380000Z,3.51
1857,20190102T144944Z,1J.TI7A.,"['CH1', 'CH2', 'CHZ']",2019-01-02T14:49:44.790000Z,6.45
1858,20190102T145025Z,1J.TI7A.,"['CH1', 'CH2', 'CHZ']",2019-01-02T14:51:06.340000Z,49.83
1859,20190102T145416Z,1J.TI7A.,"['CH1', 'CH2', 'CHZ']",2019-01-02T14:54:16.180000Z,2.52
1860,20190102T150120Z,1J.TI7A.,"['CH1', 'CH2', 'CHZ']",2019-01-02T15:01:20.760000Z,4.41
1861,20190102T150719Z,1J.TI7A.,"['CH1', 'CH2', 'CHZ']",2019-01-02T15:07:20.770000Z,5.46
1862,20190102T150753Z,1J.TI7A.,"['CH1', 'CH2', 'CHZ']",2019-01-02T15:08:02.070000Z,10.06
1863,20190102T150929Z,1J.TI7A.,"['CH1', 'CH2', 'CHZ']",2019-01-02T15:09:54.570000Z,9.99
1864,20190102T151330Z,1J.TI7A.,"['CH1', 'CH2', 'CHZ']",2019-01-02T15:13:30.530000Z,4.26
1865,20190102T152005Z,1J.TI7A.,"['CH1', 'CH2', 'CHZ']",2019-01-02T15:20:17.780000Z,5.0
1866,20190102T152302Z,1J.TI7A.,"['CH1', 'CH2', 'CHZ']",2019-01-02T15:23:02.940000Z,19.78
1867,20190102T152427Z,1J.TI7A.,"['CH1', 'CH2', 'CHZ']",2019-01-02T15:24:27.420000Z,2.02
1868,20190102T152632Z,1J.TI7A.,"['CH1', 'CH2', 'CHZ']",2019-01-02T15:26:32.210000Z,4.03
1869,20190102T153327Z,1J.TI7A.,"['CH1', 'CH2', 'CHZ']",2019-01-02T15:33:27.050000Z,4.78
1870,20190102T153919Z,1J.TI7A.,"['CH1', 'CH2', 'CHZ']",2019-01-02T15:39:19.840000Z,5.08
1871,20190102T154010Z,1J.TI7A.,"['CH1', 'CH2', 'CHZ']",2019-01-02T15:40:10.510000Z,1.17
1872,20190102T154553Z,1J.TI7A.,"['CH1', 'CH2', 'CHZ']",2019-01-02T15:45:53.590000Z,4.81
1873,20190102T154626Z,1J.TI7A.,"['CH1', 'CH2', 'CHZ']",2019-01-02T15:46:30.110000Z,49.78
1874,20190102T155149Z,1J.TI7A.,"['CH1', 'CH2', 'CHZ']",2019-01-02T15:51:57.720000Z,3.7
1875,20190102T155702Z,1J.TI7A.,"['CH1', 'CH2', 'CHZ']",2019-01-02T15:57:02.590000Z,24.01
1876,20190102T155834Z,1J.TI7A.,"['CH1', 'CH2', 'CHZ']",2019-01-02T15:58:34.080000Z,0.81
1877,20190102T155853Z,1J.TI7A.,"['CH1', 'CH2', 'CHZ']",2019-01-02T15:58:53.120000Z,2.23
1878,20190102T160458Z,1J.TI7A.,"['CH1', 'CH2', 'CHZ']",2019-01-02T16:05:07.440000Z,19.37
1879,20190102T161010Z,1J.TI7A.,"['CH1', 'CH2', 'CHZ']",2019-01-02T16:10:10.810000Z,7.46
1880,20190102T161207Z,1J.TI7A.,"['CH1', 'CH2', 'CHZ']",2019-01-02T16:12:07.400000Z,3.48
1881,20190102T161648Z,1J.TI7A.,"['CH1', 'CH2', 'CHZ']",2019-01-02T16:16:48.930000Z,15.66
1882,20190102T161726Z,1J.TI7A.,"['CH1', 'CH2', 'CHZ']",2019-01-02T16:17:26.610000Z,1.29
1883,20190102T162445Z,1J.TI7A.,"['CH1', 'CH2', 'CHZ']",2019-01-02T16:24:45.140000Z,4.3
1884,20190102T162954Z,1J.TI7A.,"['CH1', 'CH2', 'CHZ']",2019-01-02T16:29:54.690000Z,3.97
1885,20190102T163122Z,1J.TI7A.,"['CH1', 'CH2', 'CHZ']",2019-01-02T16:31:30.160000Z,7.36
1886,20190102T163409Z,1J.TI7A.,"['CH1', 'CH2', 'CHZ']",2019-01-02T16:34:09.380000Z,3.71
1887,20190102T163702Z,1J.TI7A.,"['CH1', 'CH2', 'CHZ']",2019-01-02T16:37:03.270000Z,49.2
1888,20190102T163916Z,1J.TI7A.,"['CH1', 'CH2', 'CHZ']",2019-01-02T16:39:29.440000Z,2.29
1889,20190102T164511Z,1J.TI7A.,"['CH1', 'CH2', 'CHZ']",2019-01-02T16:45:11.710000Z,3.82
1890,20190102T164541Z,1J.TI7A.,"['CH1', 'CH2', 'CHZ']",2019-01-02T16:45:47.890000Z,17.01
1891,20190102T165213Z,1J.TI7A.,"['CH1', 'CH2', 'CHZ']",2019-01-02T16:52:13.900000Z,3.86
1892,20190102T165704Z,1J.TI7A.,"['CH1', 'CH2', 'CHZ']",2019-01-02T16:57:12.290000Z,3.39
1893,20190102T170259Z,1J.TI7A.,"['CH1', 'CH2', 'CHZ']",2019-01-02T17:02:59.440000Z,4.07
1894,20190102T170922Z,1J.TI7A.,"['CH1', 'CH2', 'CHZ']",2019-01-02T17:09:22.230000Z,3.17
1895,20190102T171554Z,1J.TI7A.,"['CH1', 'CH2', 'CHZ']",2019-01-02T17:15:54.770000Z,2.25
1896,20190102T172017Z,1J.TI7A.,"['CH1', 'CH2', 'CHZ']",2019-01-02T17:20:17.890000Z,1.34
1897,20190102T172035Z,1J.TI7A.,"['CH1', 'CH2', 'CHZ']",2019-01-02T17:20:35.020000Z,3.34
1898,20190102T172148Z,1J.TI7A.,"['CH1', 'CH2', 'CHZ']",2019-01-02T17:21:48.960000Z,2.96
1899,20190102T172717Z,1J.TI7A.,"['CH1', 'CH2', 'CHZ']",2019-01-02T17:27:17.540000Z,2.34
1900,20190102T173110Z,1J.TI7A.,"['CH1', 'CH2', 'CHZ']",2019-01-02T17:31:40.980000Z,11.53
1901,20190102T173209Z,1J.TI7A.,"['CH1', 'CH2', 'CHZ']",2019-01-02T17:32:09.560000Z,1.23
1902,20190102T173357Z,1J.TI7A.,"['CH1', 'CH2', 'CHZ']",2019-01-02T17:33:57.700000Z,2.24
1903,20190102T173618Z,1J.TI7A.,"['CH1', 'CH2', 'CHZ']",2019-01-02T17:36:18.930000Z,2.36
1904,20190102T173833Z,1J.TI7A.,"['CH1', 'CH2', 'CHZ']",2019-01-02T17:38:33.910000Z,2.81
1905,20190102T174218Z,1J.TI7A.,"['CH1', 'CH2', 'CHZ']",2019-01-02T17:42:18.190000Z,2.19
1906,20190102T174318Z,1J.TI7A.,"['CH1', 'CH2', 'CHZ']",2019-01-02T17:43:18.960000Z,20.1
1907,20190102T174425Z,1J.TI7A.,"['CH1', 'CH2', 'CHZ']",2019-01-02T17:44:34.620000Z,1.34
1908,20190102T174602Z,1J.TI7A.,"['CH1', 'CH2', 'CHZ']",2019-01-02T17:46:02.420000Z,1.6
1909,20190102T175011Z,1J.TI7A.,"['CH1', 'CH2', 'CHZ']",2019-01-02T17:50:11.810000Z,1.31
1910,20190102T175531Z,1J.TI7A.,"['CH1', 'CH2', 'CHZ']",2019-01-02T17:55:31.410000Z,2.28
1911,20190102T175657Z,1J.TI7A.,"['CH1', 'CH2', 'CHZ']",2019-01-02T17:56:57.700000Z,3.78
1912,20190102T180043Z,1J.TI7A.,"['CH1', 'CH2', 'CHZ']",2019-01-02T18:00:43.050000Z,2.2
1913,20190102T180159Z,1J.TI7A.,"['CH1', 'CH2', 'CHZ']",2019-01-02T18:01:59.020000Z,1.14
1914,20190102T180436Z,1J.TI7A.,"['CH1', 'CH2', 'CHZ']",2019-01-02T18:04:36.060000Z,1.94
1915,20190102T180703Z,1J.TI7A.,"['CH1', 'CH2', 'CHZ']",2019-01-02T18:07:03.120000Z,1.62
1916,20190102T180758Z,1J.TI7A.,"['CH1', 'CH2', 'CHZ']",2019-01-02T18:07:58.800000Z,2.42
1917,20190102T181043Z,1J.TI7A.,"['CH1', 'CH2', 'CHZ']",2019-01-02T18:10:43.760000Z,2.56
1918,20190102T181130Z,1J.TI7A.,"['CH1', 'CH2', 'CHZ']",2019-01-02T18:11:30.860000Z,1.47
1919,20190102T181303Z,1J.TI7A.,"['CH1', 'CH2', 'CHZ']",2019-01-02T18:13:04.470000Z,2.13
1920,20190102T181604Z,1J.TI7A.,"['CH1', 'CH2', 'CHZ']",2019-01-02T18:16:04.510000Z,4.83
1921,20190102T181835Z,1J.TI7A.,"['CH1', 'CH2', 'CHZ']",2019-01-02T18:18:35.450000Z,2.11
1922,20190102T181952Z,1J.TI7A.,"['CH1', 'CH2', 'CHZ']",2019-01-02T18:19:52.310000Z,5.11
1923,20190102T182151Z,1J.TI7A.,"['CH1', 'CH2', 'CHZ']",2019-01-02T18:21:51.740000Z,1.76
1924,20190102T182515Z,1J.TI7A.,"['CH1', 'CH2', 'CHZ']",2019-01-02T18:25:15.270000Z,7.57
1925,20190102T182704Z,1J.TI7A.,"['CH1', 'CH2', 'CHZ']",2019-01-02T18:27:04.020000Z,1.53
1926,20190102T182850Z,1J.TI7A.,"['CH1', 'CH2', 'CHZ']",2019-01-02T18:28:50.060000Z,3.06
1927,20190102T183721Z,1J.TI7A.,"['CH1', 'CH2', 'CHZ']",2019-01-02T18:37:21.910000Z,7.7
1928,20190102T183736Z,1J.TI7A.,"['CH1', 'CH2', 'CHZ']",2019-01-02T18:37:38.700000Z,49.7
1929,20190102T184131Z,1J.TI7A.,"['CH1', 'CH2', 'CHZ']",2019-01-02T18:41:31.090000Z,5.1
1930,20190102T184842Z,1J.TI7A.,"['CH1', 'CH2', 'CHZ']",2019-01-02T18:48:42.690000Z,8.41
1931,20190102T185255Z,1J.TI7A.,"['CH1', 'CH2', 'CHZ']",2019-01-02T18:52:55.660000Z,6.22
1932,20190102T185808Z,1J.TI7A.,"['CH1', 'CH2', 'CHZ']",2019-01-02T18:58:18.520000Z,4.85
1933,20190102T190247Z,1J.TI7A.,"['CH1', 'CH2', 'CHZ']",2019-01-02T19:02:47.750000Z,5.95
1934,20190102T190619Z,1J.TI7A.,"['CH1', 'CH2', 'CHZ']",2019-01-02T19:06:19.340000Z,3.36
1935,20190102T190939Z,1J.TI7A.,"['CH1', 'CH2', 'CHZ']",2019-01-02T19:09:39.220000Z,2.19
1936,20190102T191726Z,1J.TI7A.,"['CH1', 'CH2', 'CHZ']",2019-01-02T19:17:26.140000Z,4.92
1937,20190102T192225Z,1J.TI7A.,"['CH1', 'CH2', 'CHZ']",2019-01-02T19:22:25.610000Z,2.8
1938,20190102T192857Z,1J.TI7A.,"['CH1', 'CH2', 'CHZ']",2019-01-02T19:28:57.390000Z,3.7
1939,20190102T193059Z,1J.TI7A.,"['CH1', 'CH2', 'CHZ']",2019-01-02T19:30:59.700000Z,2.97
1940,20190102T193519Z,1J.TI7A.,"['CH1', 'CH2', 'CHZ']",2019-01-02T19:35:19.370000Z,8.0
1941,20190102T193528Z,1J.TI7A.,"['CH1', 'CH2', 'CHZ']",2019-01-02T19:35:33.300000Z,12.12
1942,20190102T194129Z,1J.TI7A.,"['CH1', 'CH2', 'CHZ']",2019-01-02T19:41:29.720000Z,4.15
1943,20190102T195519Z,1J.TI7A.,"['CH1', 'CH2', 'CHZ']",2019-01-02T19:55:19.460000Z,3.84
1944,20190102T195957Z,1J.TI7A.,"['CH1', 'CH2', 'CHZ']",2019-01-02T19:59:57.780000Z,5.75
1945,20190102T200912Z,1J.TI7A.,"['CH1', 'CH2', 'CHZ']",2019-01-02T20:09:19.960000Z,3.59
1946,20190102T201252Z,1J.TI7A.,"['CH1', 'CH2', 'CHZ']",2019-01-02T20:12:52.110000Z,1.82
1947,20190102T201837Z,1J.TI7A.,"['CH1', 'CH2', 'CHZ']",2019-01-02T20:18:37.950000Z,2.89
1948,20190102T202151Z,1J.TI7A.,"['CH1', 'CH2', 'CHZ']",2019-01-02T20:21:51.060000Z,1.23
1949,20190102T203239Z,1J.TI7A.,"['CH1', 'CH2', 'CHZ']",2019-01-02T20:32:56.630000Z,1.2
1950,20190102T204012Z,1J.TI7A.,"['CH1', 'CH2', 'CHZ']",2019-01-02T20:40:12.120000Z,0.99
1951,20190102T204508Z,1J.TI7A.,"['CH1', 'CH2', 'CHZ']",2019-01-02T20:45:08.020000Z,1.25
1952,20190102T205341Z,1J.TI7A.,"['CH1', 'CH2', 'CHZ']",2019-01-02T20:53:41.760000Z,1.28
1953,20190102T205815Z,1J.TI7A.,"['CH1', 'CH2', 'CHZ']",2019-01-02T20:58:15.400000Z,1.1
1954,20190102T210305Z,1J.TI7A.,"['CH1', 'CH2', 'CHZ']",2019-01-02T21:03:05.650000Z,2.5
1955,20190102T210657Z,1J.TI7A.,"['CH1', 'CH2', 'CHZ']",2019-01-02T21:06:57.660000Z,2.02
1956,20190102T211850Z,1J.TI7A.,"['CH1', 'CH2', 'CHZ']",2019-01-02T21:18:50.510000Z,2.8
1957,20190102T212453Z,1J.TI7A.,"['CH1', 'CH2', 'CHZ']",2019-01-02T21:24:53.560000Z,1.19
1958,20190102T212808Z,1J.TI7A.,"['CH1', 'CH2', 'CHZ']",2019-01-02T21:28:08.230000Z,0.95
1959,20190102T213436Z,1J.TI7A.,"['CH1', 'CH2', 'CHZ']",2019-01-02T21:34:36.550000Z,1.7
1960,20190102T213534Z,1J.TI7A.,"['CH1', 'CH2', 'CHZ']",2019-01-02T21:35:34.790000Z,1.56
1961,20190102T213935Z,1J.TI7A.,"['CH1', 'CH2', 'CHZ']",2019-01-02T21:39:35.560000Z,1.73
1962,20190102T214649Z,1J.TI7A.,"['CH1', 'CH2', 'CHZ']",2019-01-02T21:46:49.330000Z,1.49
1963,20190102T215637Z,1J.TI7A.,"['CH1', 'CH2', 'CHZ']",2019-01-02T21:56:37.450000Z,2.06
1964,20190102T220049Z,1J.TI7A.,"['CH1', 'CH2', 'CHZ']",2019-01-02T22:00:49.000000Z,3.75
1965,20190102T220845Z,1J.TI7A.,"['CH1', 'CH2', 'CHZ']",2019-01-02T22:08:45.120000Z,3.12
1966,20190102T225350Z,1J.TI7A.,"['CH1', 'CH2', 'CHZ']",2019-01-02T22:53:50.440000Z,6.47
1967,20190102T233658Z,1J.TI7A.,"['CH1', 'CH2', 'CHZ']",2019-01-02T23:36:58.470000Z,1.02
1968,20190102T235303Z,1J.TI7A.,"['CH1', 'CH2', 'CHZ']",2019-01-02T23:53:03.190000Z,1.69
1969,20190102T235708Z,1J.TI7A.,"['CH1', 'CH2', 'CHZ']",2019-01-02T23:57:08.970000Z,1.16
