,event_id,station,components,time,duration
0,20190108T011351Z,1J.TI4A.,"['CH1', 'CH2', 'CHZ']",2019-01-08T01:13:57.960000Z,1.49
1,20190108T011548Z,1J.TI4A.,"['CH1', 'CH2', 'CHZ']",2019-01-08T01:15:48.860000Z,3.61
2,20190108T012024Z,1J.TI4A.,"['CH1', 'CH2', 'CHZ']",2019-01-08T01:20:24.000000Z,2.05
3,20190108T012107Z,1J.TI4A.,"['CH1', 'CH2', 'CHZ']",2019-01-08T01:21:07.900000Z,4.1
4,20190108T012325Z,1J.TI4A.,"['CH1', 'CH2', 'CHZ']",2019-01-08T01:23:25.800000Z,1.27
5,20190108T012639Z,1J.TI4A.,"['CH1', 'CH2', 'CHZ']",2019-01-08T01:26:39.530000Z,4.34
6,20190108T012659Z,1J.TI4A.,"['CH1', 'CH2', 'CHZ']",2019-01-08T01:26:59.450000Z,2.41
7,20190108T013014Z,1J.TI4A.,"['CH1', 'CH2', 'CHZ']",2019-01-08T01:30:14.540000Z,1.51
8,20190108T013251Z,1J.TI4A.,"['CH1', 'CH2', 'CHZ']",2019-01-08T01:32:51.730000Z,2.43
9,20190108T013425Z,1J.TI4A.,"['CH1', 'CH2', 'CHZ']",2019-01-08T01:34:25.710000Z,10.52
10,20190108T013522Z,1J.TI4A.,"['CH1', 'CH2', 'CHZ']",2019-01-08T01:35:22.600000Z,3.85
11,20190108T013635Z,1J.TI4A.,"['CH1', 'CH2', 'CHZ']",2019-01-08T01:36:35.010000Z,0.86
12,20190108T013639Z,1J.TI4A.,"['CH1', 'CH2', 'CHZ']",2019-01-08T01:36:41.540000Z,3.39
13,20190108T013753Z,1J.TI4A.,"['CH1', 'CH2', 'CHZ']",2019-01-08T01:37:53.340000Z,1.7
14,20190108T013831Z,1J.TI4A.,"['CH1', 'CH2', 'CHZ']",2019-01-08T01:38:31.240000Z,1.23
15,20190108T013904Z,1J.TI4A.,"['CH1', 'CH2', 'CHZ']",2019-01-08T01:39:04.400000Z,4.19
16,20190108T014522Z,1J.TI4A.,"['CH1', 'CH2', 'CHZ']",2019-01-08T01:45:25.090000Z,1.0
17,20190108T014553Z,1J.TI4A.,"['CH1', 'CH2', 'CHZ']",2019-01-08T01:45:53.900000Z,12.32
18,20190108T014734Z,1J.TI4A.,"['CH1', 'CH2', 'CHZ']",2019-01-08T01:47:34.920000Z,7.46
19,20190108T014816Z,1J.TI4A.,"['CH1', 'CH2', 'CHZ']",2019-01-08T01:48:16.100000Z,0.57
20,20190108T014823Z,1J.TI4A.,"['CH1', 'CH2', 'CHZ']",2019-01-08T01:48:23.460000Z,1.15
21,20190108T014833Z,1J.TI4A.,"['CH1', 'CH2', 'CHZ']",2019-01-08T01:48:33.930000Z,1.79
22,20190108T014927Z,1J.TI4A.,"['CH1', 'CH2', 'CHZ']",2019-01-08T01:49:27.670000Z,1.98
23,20190108T015024Z,1J.TI4A.,"['CH1', 'CH2', 'CHZ']",2019-01-08T01:50:24.340000Z,1.15
24,20190108T015101Z,1J.TI4A.,"['CH1', 'CH2', 'CHZ']",2019-01-08T01:51:01.120000Z,2.06
25,20190108T015111Z,1J.TI4A.,"['CH1', 'CH2', 'CHZ']",2019-01-08T01:51:11.050000Z,1.87
26,20190108T015204Z,1J.TI4A.,"['CH1', 'CH2', 'CHZ']",2019-01-08T01:52:04.260000Z,1.28
27,20190108T015502Z,1J.TI4A.,"['CH1', 'CH2', 'CHZ']",2019-01-08T01:55:02.800000Z,7.08
28,20190108T015625Z,1J.TI4A.,"['CH1', 'CH2', 'CHZ']",2019-01-08T01:56:25.490000Z,2.48
29,20190108T015657Z,1J.TI4A.,"['CH1', 'CH2', 'CHZ']",2019-01-08T01:56:57.110000Z,2.41
30,20190108T015735Z,1J.TI4A.,"['CH1', 'CH2', 'CHZ']",2019-01-08T01:57:35.270000Z,1.37
31,20190108T020144Z,1J.TI4A.,"['CH1', 'CH2', 'CHZ']",2019-01-08T02:01:44.730000Z,2.19
32,20190108T020200Z,1J.TI4A.,"['CH1', 'CH2', 'CHZ']",2019-01-08T02:02:00.050000Z,2.87
33,20190108T020438Z,1J.TI4A.,"['CH1', 'CH2', 'CHZ']",2019-01-08T02:04:38.560000Z,1.42
34,20190108T020635Z,1J.TI4A.,"['CH1', 'CH2', 'CHZ']",2019-01-08T02:06:35.560000Z,1.52
35,20190108T020841Z,1J.TI4A.,"['CH1', 'CH2', 'CHZ']",2019-01-08T02:08:41.730000Z,1.43
36,20190108T021010Z,1J.TI4A.,"['CH1', 'CH2', 'CHZ']",2019-01-08T02:10:10.080000Z,0.79
37,20190108T021216Z,1J.TI4A.,"['CH1', 'CH2', 'CHZ']",2019-01-08T02:12:16.920000Z,1.52
38,20190108T021418Z,1J.TI4A.,"['CH1', 'CH2', 'CHZ']",2019-01-08T02:14:18.740000Z,0.98
39,20190108T021857Z,1J.TI4A.,"['CH1', 'CH2', 'CHZ']",2019-01-08T02:18:57.940000Z,2.44
40,20190108T024957Z,1J.TI4A.,"['CH1', 'CH2', 'CHZ']",2019-01-08T02:49:57.400000Z,27.43
41,20190108T025334Z,1J.TI4A.,"['CH1', 'CH2', 'CHZ']",2019-01-08T02:53:37.960000Z,9.76
42,20190108T025603Z,1J.TI4A.,"['CH1', 'CH2', 'CHZ']",2019-01-08T02:56:03.130000Z,10.45
43,20190108T025651Z,1J.TI4A.,"['CH1', 'CH2', 'CHZ']",2019-01-08T02:56:51.950000Z,9.25
44,20190108T031046Z,1J.TI4A.,"['CH1', 'CH2', 'CHZ']",2019-01-08T03:11:10.110000Z,3.23
45,20190108T031233Z,1J.TI4A.,"['CH1', 'CH2', 'CHZ']",2019-01-08T03:12:33.970000Z,1.63
46,20190108T032342Z,1J.TI4A.,"['CH1', 'CH2', 'CHZ']",2019-01-08T03:23:48.520000Z,20.1
47,20190108T032537Z,1J.TI4A.,"['CH1', 'CH2', 'CHZ']",2019-01-08T03:25:41.890000Z,49.55
48,20190108T032700Z,1J.TI4A.,"['CH1', 'CH2', 'CHZ']",2019-01-08T03:27:00.900000Z,18.06
49,20190108T032813Z,1J.TI4A.,"['CH1', 'CH2', 'CHZ']",2019-01-08T03:28:13.570000Z,3.5
50,20190108T032822Z,1J.TI4A.,"['CH1', 'CH2', 'CHZ']",2019-01-08T03:28:22.420000Z,4.89
51,20190108T033901Z,1J.TI4A.,"['CH1', 'CH2', 'CHZ']",2019-01-08T03:39:05.880000Z,55.51
52,20190108T034558Z,1J.TI4A.,"['CH1', 'CH2', 'CHZ']",2019-01-08T03:45:58.510000Z,33.4
53,20190108T035226Z,1J.TI4A.,"['CH1', 'CH2', 'CHZ']",2019-01-08T03:52:26.190000Z,15.51
54,20190108T035255Z,1J.TI4A.,"['CH1', 'CH2', 'CHZ']",2019-01-08T03:52:58.510000Z,1.04
55,20190108T035817Z,1J.TI4A.,"['CH1', 'CH2', 'CHZ']",2019-01-08T03:58:17.970000Z,18.36
56,20190108T035846Z,1J.TI4A.,"['CH1', 'CH2', 'CHZ']",2019-01-08T03:58:46.460000Z,20.76
57,20190108T040238Z,1J.TI4A.,"['CH1', 'CH2', 'CHZ']",2019-01-08T04:02:38.580000Z,5.22
58,20190108T040918Z,1J.TI4A.,"['CH1', 'CH2', 'CHZ']",2019-01-08T04:09:18.750000Z,7.98
59,20190108T041029Z,1J.TI4A.,"['CH1', 'CH2', 'CHZ']",2019-01-08T04:10:36.170000Z,43.88
60,20190108T042246Z,1J.TI4A.,"['CH1', 'CH2', 'CHZ']",2019-01-08T04:22:46.460000Z,7.73
61,20190108T042456Z,1J.TI4A.,"['CH1', 'CH2', 'CHZ']",2019-01-08T04:24:56.810000Z,7.98
62,20190108T042515Z,1J.TI4A.,"['CH1', 'CH2', 'CHZ']",2019-01-08T04:25:17.000000Z,35.05
63,20190108T043340Z,1J.TI4A.,"['CH1', 'CH2', 'CHZ']",2019-01-08T04:33:40.500000Z,42.85
64,20190108T050303Z,1J.TI4A.,"['CH1', 'CH2', 'CHZ']",2019-01-08T05:03:07.010000Z,17.58
65,20190108T050613Z,1J.TI4A.,"['CH1', 'CH2', 'CHZ']",2019-01-08T05:06:14.870000Z,33.02
66,20190108T050758Z,1J.TI4A.,"['CH1', 'CH2', 'CHZ']",2019-01-08T05:08:05.890000Z,38.01
67,20190108T052649Z,1J.TI4A.,"['CH1', 'CH2', 'CHZ']",2019-01-08T05:26:49.800000Z,12.82
68,20190108T055036Z,1J.TI4A.,"['CH1', 'CH2', 'CHZ']",2019-01-08T05:50:36.740000Z,36.75
69,20190108T055132Z,1J.TI4A.,"['CH1', 'CH2', 'CHZ']",2019-01-08T05:51:33.760000Z,31.75
70,20190108T055355Z,1J.TI4A.,"['CH1', 'CH2', 'CHZ']",2019-01-08T05:53:55.440000Z,14.11
71,20190108T060942Z,1J.TI4A.,"['CH1', 'CH2', 'CHZ']",2019-01-08T06:09:51.090000Z,10.05
72,20190108T062931Z,1J.TI4A.,"['CH1', 'CH2', 'CHZ']",2019-01-08T06:29:31.870000Z,24.35
73,20190108T063130Z,1J.TI4A.,"['CH1', 'CH2', 'CHZ']",2019-01-08T06:31:30.510000Z,4.51
74,20190108T063352Z,1J.TI4A.,"['CH1', 'CH2', 'CHZ']",2019-01-08T06:33:52.520000Z,9.47
75,20190108T063440Z,1J.TI4A.,"['CH1', 'CH2', 'CHZ']",2019-01-08T06:34:41.280000Z,28.04
76,20190108T063706Z,1J.TI4A.,"['CH1', 'CH2', 'CHZ']",2019-01-08T06:37:06.250000Z,2.12
77,20190108T063923Z,1J.TI4A.,"['CH1', 'CH2', 'CHZ']",2019-01-08T06:39:23.630000Z,65.34
78,20190108T064250Z,1J.TI4A.,"['CH1', 'CH2', 'CHZ']",2019-01-08T06:42:56.450000Z,7.42
79,20190108T064310Z,1J.TI4A.,"['CH1', 'CH2', 'CHZ']",2019-01-08T06:43:10.850000Z,5.83
80,20190108T064323Z,1J.TI4A.,"['CH1', 'CH2', 'CHZ']",2019-01-08T06:43:23.040000Z,14.35
81,20190108T064407Z,1J.TI4A.,"['CH1', 'CH2', 'CHZ']",2019-01-08T06:44:07.160000Z,25.47
82,20190108T064612Z,1J.TI4A.,"['CH1', 'CH2', 'CHZ']",2019-01-08T06:46:43.400000Z,17.66
83,20190108T065108Z,1J.TI4A.,"['CH1', 'CH2', 'CHZ']",2019-01-08T06:51:08.890000Z,26.72
84,20190108T065202Z,1J.TI4A.,"['CH1', 'CH2', 'CHZ']",2019-01-08T06:52:16.800000Z,6.74
85,20190108T065337Z,1J.TI4A.,"['CH1', 'CH2', 'CHZ']",2019-01-08T06:54:04.770000Z,92.41
86,20190108T065628Z,1J.TI4A.,"['CH1', 'CH2', 'CHZ']",2019-01-08T06:56:28.990000Z,16.45
87,20190108T065648Z,1J.TI4A.,"['CH1', 'CH2', 'CHZ']",2019-01-08T06:57:18.710000Z,2.88
88,20190108T065801Z,1J.TI4A.,"['CH1', 'CH2', 'CHZ']",2019-01-08T06:58:01.390000Z,10.52
89,20190108T070100Z,1J.TI4A.,"['CH1', 'CH2', 'CHZ']",2019-01-08T07:01:00.810000Z,10.2
90,20190108T070229Z,1J.TI4A.,"['CH1', 'CH2', 'CHZ']",2019-01-08T07:02:31.060000Z,14.19
91,20190108T070338Z,1J.TI4A.,"['CH1', 'CH2', 'CHZ']",2019-01-08T07:03:38.680000Z,37.41
92,20190108T070532Z,1J.TI4A.,"['CH1', 'CH2', 'CHZ']",2019-01-08T07:05:32.400000Z,1.92
93,20190108T070542Z,1J.TI4A.,"['CH1', 'CH2', 'CHZ']",2019-01-08T07:05:42.100000Z,3.36
94,20190108T070557Z,1J.TI4A.,"['CH1', 'CH2', 'CHZ']",2019-01-08T07:05:57.070000Z,9.12
95,20190108T070638Z,1J.TI4A.,"['CH1', 'CH2', 'CHZ']",2019-01-08T07:06:38.650000Z,15.78
96,20190108T070850Z,1J.TI4A.,"['CH1', 'CH2', 'CHZ']",2019-01-08T07:08:52.480000Z,1.41
97,20190108T070901Z,1J.TI4A.,"['CH1', 'CH2', 'CHZ']",2019-01-08T07:09:01.390000Z,6.73
98,20190108T071621Z,1J.TI4A.,"['CH1', 'CH2', 'CHZ']",2019-01-08T07:16:21.330000Z,12.66
99,20190108T071839Z,1J.TI4A.,"['CH1', 'CH2', 'CHZ']",2019-01-08T07:18:39.300000Z,2.42
100,20190108T071902Z,1J.TI4A.,"['CH1', 'CH2', 'CHZ']",2019-01-08T07:19:02.600000Z,13.44
101,20190108T072015Z,1J.TI4A.,"['CH1', 'CH2', 'CHZ']",2019-01-08T07:20:15.670000Z,6.67
102,20190108T072033Z,1J.TI4A.,"['CH1', 'CH2', 'CHZ']",2019-01-08T07:20:33.380000Z,17.66
103,20190108T072343Z,1J.TI4A.,"['CH1', 'CH2', 'CHZ']",2019-01-08T07:23:43.420000Z,11.39
104,20190108T072845Z,1J.TI4A.,"['CH1', 'CH2', 'CHZ']",2019-01-08T07:28:45.820000Z,8.1
105,20190108T073021Z,1J.TI4A.,"['CH1', 'CH2', 'CHZ']",2019-01-08T07:30:21.330000Z,18.8
106,20190108T073226Z,1J.TI4A.,"['CH1', 'CH2', 'CHZ']",2019-01-08T07:32:26.480000Z,29.98
107,20190108T073650Z,1J.TI4A.,"['CH1', 'CH2', 'CHZ']",2019-01-08T07:36:50.400000Z,2.88
108,20190108T073907Z,1J.TI4A.,"['CH1', 'CH2', 'CHZ']",2019-01-08T07:39:07.810000Z,9.22
109,20190108T073933Z,1J.TI4A.,"['CH1', 'CH2', 'CHZ']",2019-01-08T07:39:43.710000Z,47.0
110,20190108T074441Z,1J.TI4A.,"['CH1', 'CH2', 'CHZ']",2019-01-08T07:44:41.440000Z,43.87
111,20190108T074714Z,1J.TI4A.,"['CH1', 'CH2', 'CHZ']",2019-01-08T07:47:14.210000Z,11.0
112,20190108T074857Z,1J.TI4A.,"['CH1', 'CH2', 'CHZ']",2019-01-08T07:48:57.600000Z,14.95
113,20190108T075018Z,1J.TI4A.,"['CH1', 'CH2', 'CHZ']",2019-01-08T07:50:18.820000Z,31.26
114,20190108T075237Z,1J.TI4A.,"['CH1', 'CH2', 'CHZ']",2019-01-08T07:52:37.420000Z,30.01
115,20190108T080109Z,1J.TI4A.,"['CH1', 'CH2', 'CHZ']",2019-01-08T08:01:09.340000Z,8.62
116,20190108T080124Z,1J.TI4A.,"['CH1', 'CH2', 'CHZ']",2019-01-08T08:01:24.960000Z,38.87
117,20190108T080213Z,1J.TI4A.,"['CH1', 'CH2', 'CHZ']",2019-01-08T08:02:13.980000Z,40.24
118,20190108T080411Z,1J.TI4A.,"['CH1', 'CH2', 'CHZ']",2019-01-08T08:04:11.950000Z,4.37
119,20190108T080443Z,1J.TI4A.,"['CH1', 'CH2', 'CHZ']",2019-01-08T08:04:43.800000Z,3.94
120,20190108T080640Z,1J.TI4A.,"['CH1', 'CH2', 'CHZ']",2019-01-08T08:06:40.010000Z,14.48
121,20190108T080704Z,1J.TI4A.,"['CH1', 'CH2', 'CHZ']",2019-01-08T08:07:04.500000Z,14.95
122,20190108T081017Z,1J.TI4A.,"['CH1', 'CH2', 'CHZ']",2019-01-08T08:10:17.740000Z,6.07
123,20190108T081709Z,1J.TI4A.,"['CH1', 'CH2', 'CHZ']",2019-01-08T08:17:10.890000Z,50.49
124,20190108T081857Z,1J.TI4A.,"['CH1', 'CH2', 'CHZ']",2019-01-08T08:18:57.750000Z,12.96
125,20190108T082023Z,1J.TI4A.,"['CH1', 'CH2', 'CHZ']",2019-01-08T08:20:34.360000Z,45.91
126,20190108T082255Z,1J.TI4A.,"['CH1', 'CH2', 'CHZ']",2019-01-08T08:23:07.700000Z,3.25
127,20190108T082728Z,1J.TI4A.,"['CH1', 'CH2', 'CHZ']",2019-01-08T08:27:28.470000Z,6.74
128,20190108T083006Z,1J.TI4A.,"['CH1', 'CH2', 'CHZ']",2019-01-08T08:30:06.810000Z,14.05
129,20190108T083117Z,1J.TI4A.,"['CH1', 'CH2', 'CHZ']",2019-01-08T08:31:17.430000Z,46.27
130,20190108T083516Z,1J.TI4A.,"['CH1', 'CH2', 'CHZ']",2019-01-08T08:35:16.050000Z,6.55
131,20190108T084203Z,1J.TI4A.,"['CH1', 'CH2', 'CHZ']",2019-01-08T08:42:03.040000Z,34.69
132,20190108T084337Z,1J.TI4A.,"['CH1', 'CH2', 'CHZ']",2019-01-08T08:43:37.510000Z,61.97
133,20190108T084643Z,1J.TI4A.,"['CH1', 'CH2', 'CHZ']",2019-01-08T08:46:43.850000Z,1.2
134,20190108T084822Z,1J.TI4A.,"['CH1', 'CH2', 'CHZ']",2019-01-08T08:48:22.020000Z,37.83
135,20190108T085055Z,1J.TI4A.,"['CH1', 'CH2', 'CHZ']",2019-01-08T08:50:55.340000Z,1.68
136,20190108T085124Z,1J.TI4A.,"['CH1', 'CH2', 'CHZ']",2019-01-08T08:51:24.990000Z,44.5
137,20190108T085233Z,1J.TI4A.,"['CH1', 'CH2', 'CHZ']",2019-01-08T08:52:37.020000Z,6.97
138,20190108T085429Z,1J.TI4A.,"['CH1', 'CH2', 'CHZ']",2019-01-08T08:54:29.050000Z,4.0
139,20190108T085724Z,1J.TI4A.,"['CH1', 'CH2', 'CHZ']",2019-01-08T08:57:24.310000Z,42.88
140,20190108T085832Z,1J.TI4A.,"['CH1', 'CH2', 'CHZ']",2019-01-08T08:58:32.200000Z,5.92
141,20190108T085946Z,1J.TI4A.,"['CH1', 'CH2', 'CHZ']",2019-01-08T08:59:46.940000Z,5.76
142,20190108T090205Z,1J.TI4A.,"['CH1', 'CH2', 'CHZ']",2019-01-08T09:02:05.260000Z,43.8
143,20190108T090328Z,1J.TI4A.,"['CH1', 'CH2', 'CHZ']",2019-01-08T09:03:28.060000Z,5.2
144,20190108T090505Z,1J.TI4A.,"['CH1', 'CH2', 'CHZ']",2019-01-08T09:05:05.070000Z,4.52
145,20190108T090622Z,1J.TI4A.,"['CH1', 'CH2', 'CHZ']",2019-01-08T09:06:22.340000Z,15.2
146,20190108T090815Z,1J.TI4A.,"['CH1', 'CH2', 'CHZ']",2019-01-08T09:08:15.150000Z,20.9
147,20190108T091351Z,1J.TI4A.,"['CH1', 'CH2', 'CHZ']",2019-01-08T09:13:54.940000Z,11.5
148,20190108T091942Z,1J.TI4A.,"['CH1', 'CH2', 'CHZ']",2019-01-08T09:19:42.700000Z,48.76
149,20190108T092315Z,1J.TI4A.,"['CH1', 'CH2', 'CHZ']",2019-01-08T09:23:15.990000Z,4.87
150,20190108T093653Z,1J.TI4A.,"['CH1', 'CH2', 'CHZ']",2019-01-08T09:36:53.720000Z,3.77
151,20190108T093932Z,1J.TI4A.,"['CH1', 'CH2', 'CHZ']",2019-01-08T09:39:32.860000Z,35.71
152,20190108T094106Z,1J.TI4A.,"['CH1', 'CH2', 'CHZ']",2019-01-08T09:41:06.760000Z,44.64
153,20190108T094422Z,1J.TI4A.,"['CH1', 'CH2', 'CHZ']",2019-01-08T09:44:22.920000Z,27.56
154,20190108T094607Z,1J.TI4A.,"['CH1', 'CH2', 'CHZ']",2019-01-08T09:46:07.790000Z,4.35
155,20190108T094937Z,1J.TI4A.,"['CH1', 'CH2', 'CHZ']",2019-01-08T09:49:37.190000Z,1.25
156,20190108T095441Z,1J.TI4A.,"['CH1', 'CH2', 'CHZ']",2019-01-08T09:54:41.690000Z,1.54
157,20190108T095617Z,1J.TI4A.,"['CH1', 'CH2', 'CHZ']",2019-01-08T09:56:17.670000Z,10.95
158,20190108T100440Z,1J.TI4A.,"['CH1', 'CH2', 'CHZ']",2019-01-08T10:04:40.150000Z,65.46
159,20190108T100801Z,1J.TI4A.,"['CH1', 'CH2', 'CHZ']",2019-01-08T10:08:01.080000Z,9.23
160,20190108T101058Z,1J.TI4A.,"['CH1', 'CH2', 'CHZ']",2019-01-08T10:10:58.490000Z,12.81
161,20190108T101336Z,1J.TI4A.,"['CH1', 'CH2', 'CHZ']",2019-01-08T10:13:36.800000Z,17.45
162,20190108T101418Z,1J.TI4A.,"['CH1', 'CH2', 'CHZ']",2019-01-08T10:14:18.840000Z,24.09
163,20190108T101458Z,1J.TI4A.,"['CH1', 'CH2', 'CHZ']",2019-01-08T10:15:02.860000Z,26.93
164,20190108T101639Z,1J.TI4A.,"['CH1', 'CH2', 'CHZ']",2019-01-08T10:16:39.750000Z,3.47
165,20190108T101721Z,1J.TI4A.,"['CH1', 'CH2', 'CHZ']",2019-01-08T10:17:21.620000Z,2.64
166,20190108T101746Z,1J.TI4A.,"['CH1', 'CH2', 'CHZ']",2019-01-08T10:17:46.470000Z,6.55
167,20190108T102223Z,1J.TI4A.,"['CH1', 'CH2', 'CHZ']",2019-01-08T10:22:23.910000Z,1.91
168,20190108T103340Z,1J.TI4A.,"['CH1', 'CH2', 'CHZ']",2019-01-08T10:33:40.490000Z,14.5
169,20190108T104542Z,1J.TI4A.,"['CH1', 'CH2', 'CHZ']",2019-01-08T10:45:42.700000Z,21.86
170,20190108T105103Z,1J.TI4A.,"['CH1', 'CH2', 'CHZ']",2019-01-08T10:51:03.490000Z,2.41
171,20190108T105613Z,1J.TI4A.,"['CH1', 'CH2', 'CHZ']",2019-01-08T10:56:13.520000Z,1.06
172,20190108T105806Z,1J.TI4A.,"['CH1', 'CH2', 'CHZ']",2019-01-08T10:58:06.480000Z,3.97
173,20190108T110327Z,1J.TI4A.,"['CH1', 'CH2', 'CHZ']",2019-01-08T11:03:28.700000Z,10.64
174,20190108T113918Z,1J.TI4A.,"['CH1', 'CH2', 'CHZ']",2019-01-08T11:39:18.240000Z,13.01
175,20190108T114457Z,1J.TI4A.,"['CH1', 'CH2', 'CHZ']",2019-01-08T11:44:57.580000Z,21.01
176,20190108T115126Z,1J.TI4A.,"['CH1', 'CH2', 'CHZ']",2019-01-08T11:51:26.280000Z,23.06
177,20190108T120226Z,1J.TI4A.,"['CH1', 'CH2', 'CHZ']",2019-01-08T12:02:27.090000Z,3.78
178,20190108T120347Z,1J.TI4A.,"['CH1', 'CH2', 'CHZ']",2019-01-08T12:03:47.160000Z,24.01
179,20190108T120700Z,1J.TI4A.,"['CH1', 'CH2', 'CHZ']",2019-01-08T12:07:00.690000Z,4.34
180,20190108T121145Z,1J.TI4A.,"['CH1', 'CH2', 'CHZ']",2019-01-08T12:11:45.560000Z,15.83
181,20190108T121536Z,1J.TI4A.,"['CH1', 'CH2', 'CHZ']",2019-01-08T12:15:36.880000Z,3.16
182,20190108T122130Z,1J.TI4A.,"['CH1', 'CH2', 'CHZ']",2019-01-08T12:21:30.260000Z,4.64
183,20190108T122243Z,1J.TI4A.,"['CH1', 'CH2', 'CHZ']",2019-01-08T12:22:43.320000Z,2.56
184,20190108T122307Z,1J.TI4A.,"['CH1', 'CH2', 'CHZ']",2019-01-08T12:23:07.820000Z,5.91
185,20190108T122455Z,1J.TI4A.,"['CH1', 'CH2', 'CHZ']",2019-01-08T12:24:55.740000Z,1.92
186,20190108T122510Z,1J.TI4A.,"['CH1', 'CH2', 'CHZ']",2019-01-08T12:25:10.460000Z,1.57
187,20190108T123037Z,1J.TI4A.,"['CH1', 'CH2', 'CHZ']",2019-01-08T12:30:37.150000Z,4.66
188,20190108T123132Z,1J.TI4A.,"['CH1', 'CH2', 'CHZ']",2019-01-08T12:31:32.520000Z,3.25
189,20190108T123156Z,1J.TI4A.,"['CH1', 'CH2', 'CHZ']",2019-01-08T12:31:56.050000Z,2.63
190,20190108T123229Z,1J.TI4A.,"['CH1', 'CH2', 'CHZ']",2019-01-08T12:32:29.200000Z,8.43
191,20190108T123351Z,1J.TI4A.,"['CH1', 'CH2', 'CHZ']",2019-01-08T12:33:51.070000Z,15.17
192,20190108T123509Z,1J.TI4A.,"['CH1', 'CH2', 'CHZ']",2019-01-08T12:35:09.730000Z,2.62
193,20190108T123529Z,1J.TI4A.,"['CH1', 'CH2', 'CHZ']",2019-01-08T12:35:29.900000Z,4.3
194,20190108T123605Z,1J.TI4A.,"['CH1', 'CH2', 'CHZ']",2019-01-08T12:36:05.370000Z,35.74
195,20190108T123706Z,1J.TI4A.,"['CH1', 'CH2', 'CHZ']",2019-01-08T12:37:06.530000Z,3.43
196,20190108T123730Z,1J.TI4A.,"['CH1', 'CH2', 'CHZ']",2019-01-08T12:37:30.230000Z,11.44
197,20190108T123758Z,1J.TI4A.,"['CH1', 'CH2', 'CHZ']",2019-01-08T12:37:58.140000Z,8.15
198,20190108T161705Z,1J.TI4A.,"['CH1', 'CH2', 'CHZ']",2019-01-08T16:17:05.730000Z,0.92
199,20190108T161941Z,1J.TI4A.,"['CH1', 'CH2', 'CHZ']",2019-01-08T16:19:41.740000Z,1.49
200,20190108T162249Z,1J.TI4A.,"['CH1', 'CH2', 'CHZ']",2019-01-08T16:22:49.500000Z,0.81
201,20190108T162410Z,1J.TI4A.,"['CH1', 'CH2', 'CHZ']",2019-01-08T16:24:10.750000Z,2.33
202,20190108T164451Z,1J.TI4A.,"['CH1', 'CH2', 'CHZ']",2019-01-08T16:44:51.470000Z,14.96
203,20190108T164611Z,1J.TI4A.,"['CH1', 'CH2', 'CHZ']",2019-01-08T16:46:12.140000Z,9.33
204,20190108T164638Z,1J.TI4A.,"['CH1', 'CH2', 'CHZ']",2019-01-08T16:46:39.740000Z,12.02
205,20190108T164803Z,1J.TI4A.,"['CH1', 'CH2', 'CHZ']",2019-01-08T16:48:03.990000Z,13.47
206,20190108T164847Z,1J.TI4A.,"['CH1', 'CH2', 'CHZ']",2019-01-08T16:48:47.690000Z,3.05
207,20190108T165036Z,1J.TI4A.,"['CH1', 'CH2', 'CHZ']",2019-01-08T16:50:36.540000Z,2.65
208,20190108T165053Z,1J.TI4A.,"['CH1', 'CH2', 'CHZ']",2019-01-08T16:50:53.770000Z,23.34
209,20190108T165219Z,1J.TI4A.,"['CH1', 'CH2', 'CHZ']",2019-01-08T16:52:19.860000Z,7.65
210,20190108T165759Z,1J.TI4A.,"['CH1', 'CH2', 'CHZ']",2019-01-08T16:57:59.580000Z,7.22
211,20190108T170200Z,1J.TI4A.,"['CH1', 'CH2', 'CHZ']",2019-01-08T17:02:00.170000Z,7.11
212,20190108T170255Z,1J.TI4A.,"['CH1', 'CH2', 'CHZ']",2019-01-08T17:02:55.280000Z,2.5
213,20190108T170320Z,1J.TI4A.,"['CH1', 'CH2', 'CHZ']",2019-01-08T17:03:20.750000Z,15.25
214,20190108T170426Z,1J.TI4A.,"['CH1', 'CH2', 'CHZ']",2019-01-08T17:04:26.550000Z,2.41
215,20190108T170507Z,1J.TI4A.,"['CH1', 'CH2', 'CHZ']",2019-01-08T17:05:07.780000Z,2.01
216,20190108T170520Z,1J.TI4A.,"['CH1', 'CH2', 'CHZ']",2019-01-08T17:05:20.400000Z,32.05
217,20190108T170608Z,1J.TI4A.,"['CH1', 'CH2', 'CHZ']",2019-01-08T17:06:08.050000Z,22.69
218,20190108T170703Z,1J.TI4A.,"['CH1', 'CH2', 'CHZ']",2019-01-08T17:07:03.980000Z,23.38
219,20190108T170909Z,1J.TI4A.,"['CH1', 'CH2', 'CHZ']",2019-01-08T17:09:09.830000Z,12.12
220,20190108T171023Z,1J.TI4A.,"['CH1', 'CH2', 'CHZ']",2019-01-08T17:10:23.860000Z,12.41
221,20190108T171044Z,1J.TI4A.,"['CH1', 'CH2', 'CHZ']",2019-01-08T17:10:44.570000Z,3.41
222,20190108T171139Z,1J.TI4A.,"['CH1', 'CH2', 'CHZ']",2019-01-08T17:11:39.420000Z,19.29
223,20190108T171227Z,1J.TI4A.,"['CH1', 'CH2', 'CHZ']",2019-01-08T17:12:27.100000Z,6.48
224,20190108T171414Z,1J.TI4A.,"['CH1', 'CH2', 'CHZ']",2019-01-08T17:14:14.810000Z,10.8
225,20190108T171545Z,1J.TI4A.,"['CH1', 'CH2', 'CHZ']",2019-01-08T17:15:45.860000Z,31.31
226,20190108T171813Z,1J.TI4A.,"['CH1', 'CH2', 'CHZ']",2019-01-08T17:18:13.630000Z,15.51
227,20190108T171905Z,1J.TI4A.,"['CH1', 'CH2', 'CHZ']",2019-01-08T17:19:05.360000Z,2.35
228,20190108T172017Z,1J.TI4A.,"['CH1', 'CH2', 'CHZ']",2019-01-08T17:20:17.110000Z,20.4
229,20190108T172109Z,1J.TI4A.,"['CH1', 'CH2', 'CHZ']",2019-01-08T17:21:09.300000Z,4.7
230,20190108T172221Z,1J.TI4A.,"['CH1', 'CH2', 'CHZ']",2019-01-08T17:22:21.310000Z,3.48
231,20190108T172643Z,1J.TI4A.,"['CH1', 'CH2', 'CHZ']",2019-01-08T17:26:43.280000Z,4.56
232,20190108T172705Z,1J.TI4A.,"['CH1', 'CH2', 'CHZ']",2019-01-08T17:27:05.690000Z,8.45
233,20190108T172732Z,1J.TI4A.,"['CH1', 'CH2', 'CHZ']",2019-01-08T17:27:32.780000Z,5.68
234,20190108T173015Z,1J.TI4A.,"['CH1', 'CH2', 'CHZ']",2019-01-08T17:30:15.090000Z,19.47
235,20190108T173244Z,1J.TI4A.,"['CH1', 'CH2', 'CHZ']",2019-01-08T17:32:44.830000Z,3.5
236,20190108T173348Z,1J.TI4A.,"['CH1', 'CH2', 'CHZ']",2019-01-08T17:33:48.660000Z,23.59
237,20190108T173423Z,1J.TI4A.,"['CH1', 'CH2', 'CHZ']",2019-01-08T17:34:23.430000Z,11.02
238,20190108T174007Z,1J.TI4A.,"['CH1', 'CH2', 'CHZ']",2019-01-08T17:40:07.250000Z,8.11
239,20190108T174045Z,1J.TI4A.,"['CH1', 'CH2', 'CHZ']",2019-01-08T17:40:45.450000Z,12.46
240,20190108T175323Z,1J.TI4A.,"['CH1', 'CH2', 'CHZ']",2019-01-08T17:53:23.290000Z,33.3
241,20190108T175607Z,1J.TI4A.,"['CH1', 'CH2', 'CHZ']",2019-01-08T17:56:07.000000Z,52.74
242,20190108T175744Z,1J.TI4A.,"['CH1', 'CH2', 'CHZ']",2019-01-08T17:57:44.670000Z,10.3
243,20190108T175836Z,1J.TI4A.,"['CH1', 'CH2', 'CHZ']",2019-01-08T17:58:36.120000Z,28.49
244,20190108T175927Z,1J.TI4A.,"['CH1', 'CH2', 'CHZ']",2019-01-08T17:59:27.160000Z,26.72
245,20190108T180100Z,1J.TI4A.,"['CH1', 'CH2', 'CHZ']",2019-01-08T18:01:00.950000Z,26.92
246,20190108T181119Z,1J.TI4A.,"['CH1', 'CH2', 'CHZ']",2019-01-08T18:11:19.350000Z,6.07
247,20190108T181552Z,1J.TI4A.,"['CH1', 'CH2', 'CHZ']",2019-01-08T18:15:52.430000Z,1.4
248,20190108T181715Z,1J.TI4A.,"['CH1', 'CH2', 'CHZ']",2019-01-08T18:17:15.080000Z,14.48
249,20190108T181822Z,1J.TI4A.,"['CH1', 'CH2', 'CHZ']",2019-01-08T18:18:22.180000Z,6.33
250,20190108T182204Z,1J.TI4A.,"['CH1', 'CH2', 'CHZ']",2019-01-08T18:22:04.810000Z,7.98
251,20190108T183248Z,1J.TI4A.,"['CH1', 'CH2', 'CHZ']",2019-01-08T18:32:48.100000Z,77.3
252,20190108T183526Z,1J.TI4A.,"['CH1', 'CH2', 'CHZ']",2019-01-08T18:35:26.010000Z,18.11
253,20190108T183733Z,1J.TI4A.,"['CH1', 'CH2', 'CHZ']",2019-01-08T18:37:33.550000Z,51.47
254,20190108T184021Z,1J.TI4A.,"['CH1', 'CH2', 'CHZ']",2019-01-08T18:40:21.550000Z,23.09
255,20190108T203811Z,1J.TI4A.,"['CH1', 'CH2', 'CHZ']",2019-01-08T20:38:11.350000Z,2.54
256,20190108T204812Z,1J.TI4A.,"['CH1', 'CH2', 'CHZ']",2019-01-08T20:48:12.020000Z,1.26
257,20190108T204824Z,1J.TI4A.,"['CH1', 'CH2', 'CHZ']",2019-01-08T20:48:24.290000Z,5.98
258,20190108T204844Z,1J.TI4A.,"['CH1', 'CH2', 'CHZ']",2019-01-08T20:48:44.500000Z,29.34
259,20190108T210500Z,1J.TI4A.,"['CH1', 'CH2', 'CHZ']",2019-01-08T21:05:00.920000Z,4.54
260,20190108T210852Z,1J.TI4A.,"['CH1', 'CH2', 'CHZ']",2019-01-08T21:08:52.750000Z,31.37
261,20190108T212442Z,1J.TI4A.,"['CH1', 'CH2', 'CHZ']",2019-01-08T21:24:42.960000Z,4.33
262,20190108T212708Z,1J.TI4A.,"['CH1', 'CH2', 'CHZ']",2019-01-08T21:27:08.010000Z,3.43
263,20190108T212729Z,1J.TI4A.,"['CH1', 'CH2', 'CHZ']",2019-01-08T21:27:29.720000Z,12.94
264,20190108T212828Z,1J.TI4A.,"['CH1', 'CH2', 'CHZ']",2019-01-08T21:28:28.500000Z,55.21
265,20190108T213734Z,1J.TI4A.,"['CH1', 'CH2', 'CHZ']",2019-01-08T21:37:34.570000Z,2.61
266,20190108T214815Z,1J.TI4A.,"['CH1', 'CH2', 'CHZ']",2019-01-08T21:48:15.470000Z,4.02
267,20190108T215226Z,1J.TI4A.,"['CH1', 'CH2', 'CHZ']",2019-01-08T21:52:26.290000Z,5.5
268,20190108T215309Z,1J.TI4A.,"['CH1', 'CH2', 'CHZ']",2019-01-08T21:53:09.590000Z,52.23
269,20190108T215440Z,1J.TI4A.,"['CH1', 'CH2', 'CHZ']",2019-01-08T21:54:40.580000Z,36.63
270,20190108T220738Z,1J.TI4A.,"['CH1', 'CH2', 'CHZ']",2019-01-08T22:07:38.280000Z,1.49
271,20190108T220927Z,1J.TI4A.,"['CH1', 'CH2', 'CHZ']",2019-01-08T22:09:27.000000Z,2.31
272,20190108T221347Z,1J.TI4A.,"['CH1', 'CH2', 'CHZ']",2019-01-08T22:13:47.780000Z,2.73
273,20190108T221601Z,1J.TI4A.,"['CH1', 'CH2', 'CHZ']",2019-01-08T22:16:01.010000Z,2.89
274,20190108T221850Z,1J.TI4A.,"['CH1', 'CH2', 'CHZ']",2019-01-08T22:18:50.960000Z,2.69
275,20190108T221904Z,1J.TI4A.,"['CH1', 'CH2', 'CHZ']",2019-01-08T22:19:04.440000Z,1.84
276,20190108T221929Z,1J.TI4A.,"['CH1', 'CH2', 'CHZ']",2019-01-08T22:19:29.670000Z,5.15
277,20190108T221959Z,1J.TI4A.,"['CH1', 'CH2', 'CHZ']",2019-01-08T22:19:59.140000Z,2.69
278,20190108T222115Z,1J.TI4A.,"['CH1', 'CH2', 'CHZ']",2019-01-08T22:21:15.170000Z,1.52
279,20190108T222203Z,1J.TI4A.,"['CH1', 'CH2', 'CHZ']",2019-01-08T22:22:03.380000Z,1.93
280,20190108T222239Z,1J.TI4A.,"['CH1', 'CH2', 'CHZ']",2019-01-08T22:22:39.290000Z,1.4
281,20190108T222355Z,1J.TI4A.,"['CH1', 'CH2', 'CHZ']",2019-01-08T22:23:55.610000Z,8.17
282,20190108T222447Z,1J.TI4A.,"['CH1', 'CH2', 'CHZ']",2019-01-08T22:24:47.890000Z,34.13
283,20190108T222709Z,1J.TI4A.,"['CH1', 'CH2', 'CHZ']",2019-01-08T22:27:09.140000Z,17.94
284,20190108T222855Z,1J.TI4A.,"['CH1', 'CH2', 'CHZ']",2019-01-08T22:29:01.450000Z,1.95
285,20190108T222918Z,1J.TI4A.,"['CH1', 'CH2', 'CHZ']",2019-01-08T22:29:18.540000Z,1.65
286,20190108T223034Z,1J.TI4A.,"['CH1', 'CH2', 'CHZ']",2019-01-08T22:30:34.290000Z,2.61
287,20190108T223104Z,1J.TI4A.,"['CH1', 'CH2', 'CHZ']",2019-01-08T22:31:04.970000Z,2.21
288,20190108T223145Z,1J.TI4A.,"['CH1', 'CH2', 'CHZ']",2019-01-08T22:31:45.000000Z,2.1
289,20190108T223206Z,1J.TI4A.,"['CH1', 'CH2', 'CHZ']",2019-01-08T22:32:06.580000Z,5.27
290,20190108T223230Z,1J.TI4A.,"['CH1', 'CH2', 'CHZ']",2019-01-08T22:32:30.030000Z,20.67
291,20190108T223302Z,1J.TI4A.,"['CH1', 'CH2', 'CHZ']",2019-01-08T22:33:02.060000Z,17.13
292,20190108T223340Z,1J.TI4A.,"['CH1', 'CH2', 'CHZ']",2019-01-08T22:33:40.320000Z,1.03
293,20190108T223355Z,1J.TI4A.,"['CH1', 'CH2', 'CHZ']",2019-01-08T22:33:55.400000Z,1.53
294,20190108T223411Z,1J.TI4A.,"['CH1', 'CH2', 'CHZ']",2019-01-08T22:34:12.180000Z,13.17
295,20190108T223454Z,1J.TI4A.,"['CH1', 'CH2', 'CHZ']",2019-01-08T22:34:56.790000Z,36.98
296,20190108T223637Z,1J.TI4A.,"['CH1', 'CH2', 'CHZ']",2019-01-08T22:36:37.970000Z,1.94
297,20190108T223646Z,1J.TI4A.,"['CH1', 'CH2', 'CHZ']",2019-01-08T22:36:46.340000Z,1.14
298,20190108T223658Z,1J.TI4A.,"['CH1', 'CH2', 'CHZ']",2019-01-08T22:36:58.960000Z,0.89
299,20190108T223822Z,1J.TI4A.,"['CH1', 'CH2', 'CHZ']",2019-01-08T22:38:22.240000Z,1.43
300,20190108T223846Z,1J.TI4A.,"['CH1', 'CH2', 'CHZ']",2019-01-08T22:38:46.980000Z,2.39
301,20190108T224038Z,1J.TI4A.,"['CH1', 'CH2', 'CHZ']",2019-01-08T22:40:38.920000Z,4.42
302,20190108T224307Z,1J.TI4A.,"['CH1', 'CH2', 'CHZ']",2019-01-08T22:43:07.750000Z,6.89
303,20190108T224324Z,1J.TI4A.,"['CH1', 'CH2', 'CHZ']",2019-01-08T22:43:24.430000Z,9.35
304,20190108T224417Z,1J.TI4A.,"['CH1', 'CH2', 'CHZ']",2019-01-08T22:44:17.060000Z,6.11
305,20190108T224452Z,1J.TI4A.,"['CH1', 'CH2', 'CHZ']",2019-01-08T22:44:52.340000Z,2.73
306,20190108T224606Z,1J.TI4A.,"['CH1', 'CH2', 'CHZ']",2019-01-08T22:46:06.940000Z,5.0
307,20190108T224725Z,1J.TI4A.,"['CH1', 'CH2', 'CHZ']",2019-01-08T22:47:25.010000Z,2.38
308,20190108T224753Z,1J.TI4A.,"['CH1', 'CH2', 'CHZ']",2019-01-08T22:47:53.360000Z,6.02
309,20190108T224835Z,1J.TI4A.,"['CH1', 'CH2', 'CHZ']",2019-01-08T22:48:35.500000Z,8.79
310,20190108T224930Z,1J.TI4A.,"['CH1', 'CH2', 'CHZ']",2019-01-08T22:49:30.650000Z,1.88
311,20190108T225105Z,1J.TI4A.,"['CH1', 'CH2', 'CHZ']",2019-01-08T22:51:05.800000Z,4.71
312,20190108T225301Z,1J.TI4A.,"['CH1', 'CH2', 'CHZ']",2019-01-08T22:53:01.460000Z,2.85
313,20190108T225345Z,1J.TI4A.,"['CH1', 'CH2', 'CHZ']",2019-01-08T22:53:45.880000Z,23.18
314,20190108T225938Z,1J.TI4A.,"['CH1', 'CH2', 'CHZ']",2019-01-08T22:59:38.770000Z,2.13
315,20190108T230110Z,1J.TI4A.,"['CH1', 'CH2', 'CHZ']",2019-01-08T23:01:10.310000Z,0.97
316,20190108T230302Z,1J.TI4A.,"['CH1', 'CH2', 'CHZ']",2019-01-08T23:03:02.000000Z,1.25
317,20190108T230324Z,1J.TI4A.,"['CH1', 'CH2', 'CHZ']",2019-01-08T23:03:24.430000Z,0.78
318,20190108T230655Z,1J.TI4A.,"['CH1', 'CH2', 'CHZ']",2019-01-08T23:06:55.080000Z,2.25
319,20190108T231002Z,1J.TI4A.,"['CH1', 'CH2', 'CHZ']",2019-01-08T23:10:02.200000Z,1.92
320,20190108T231106Z,1J.TI4A.,"['CH1', 'CH2', 'CHZ']",2019-01-08T23:11:06.990000Z,18.51
321,20190108T231253Z,1J.TI4A.,"['CH1', 'CH2', 'CHZ']",2019-01-08T23:12:53.220000Z,1.95
322,20190108T231640Z,1J.TI4A.,"['CH1', 'CH2', 'CHZ']",2019-01-08T23:16:40.560000Z,11.6
323,20190108T231707Z,1J.TI4A.,"['CH1', 'CH2', 'CHZ']",2019-01-08T23:17:07.300000Z,16.24
324,20190108T231754Z,1J.TI4A.,"['CH1', 'CH2', 'CHZ']",2019-01-08T23:17:54.290000Z,27.43
325,20190108T231912Z,1J.TI4A.,"['CH1', 'CH2', 'CHZ']",2019-01-08T23:19:22.020000Z,10.81
326,20190108T233201Z,1J.TI4A.,"['CH1', 'CH2', 'CHZ']",2019-01-08T23:32:01.890000Z,1.64
327,20190108T233539Z,1J.TI4A.,"['CH1', 'CH2', 'CHZ']",2019-01-08T23:35:39.150000Z,0.83
328,20190108T233745Z,1J.TI4A.,"['CH1', 'CH2', 'CHZ']",2019-01-08T23:37:45.010000Z,2.17
329,20190108T234244Z,1J.TI4A.,"['CH1', 'CH2', 'CHZ']",2019-01-08T23:42:47.300000Z,4.34
330,20190108T235530Z,1J.TI4A.,"['CH1', 'CH2', 'CHZ']",2019-01-08T23:55:30.550000Z,17.89
331,20190108T000548Z,1J.TI3A.,"['CH1', 'CH2', 'CHZ']",2019-01-08T00:05:49.000000Z,19.95
332,20190108T002121Z,1J.TI3A.,"['CH1', 'CH2', 'CHZ']",2019-01-08T00:21:21.770000Z,17.45
333,20190108T002242Z,1J.TI3A.,"['CH1', 'CH2', 'CHZ']",2019-01-08T00:22:51.700000Z,14.44
334,20190108T002417Z,1J.TI3A.,"['CH1', 'CH2', 'CHZ']",2019-01-08T00:24:17.350000Z,6.86
335,20190108T002728Z,1J.TI3A.,"['CH1', 'CH2', 'CHZ']",2019-01-08T00:27:28.760000Z,11.81
336,20190108T003733Z,1J.TI3A.,"['CH1', 'CH2', 'CHZ']",2019-01-08T00:37:33.730000Z,14.92
337,20190108T003937Z,1J.TI3A.,"['CH1', 'CH2', 'CHZ']",2019-01-08T00:39:37.200000Z,4.25
338,20190108T004408Z,1J.TI3A.,"['CH1', 'CH2', 'CHZ']",2019-01-08T00:44:08.480000Z,10.86
339,20190108T005001Z,1J.TI3A.,"['CH1', 'CH2', 'CHZ']",2019-01-08T00:50:01.850000Z,16.9
340,20190108T005635Z,1J.TI3A.,"['CH1', 'CH2', 'CHZ']",2019-01-08T00:56:35.990000Z,14.27
341,20190108T010442Z,1J.TI3A.,"['CH1', 'CH2', 'CHZ']",2019-01-08T01:04:42.000000Z,13.09
342,20190108T011121Z,1J.TI3A.,"['CH1', 'CH2', 'CHZ']",2019-01-08T01:11:21.880000Z,15.45
343,20190108T011335Z,1J.TI3A.,"['CH1', 'CH2', 'CHZ']",2019-01-08T01:13:35.510000Z,4.15
344,20190108T011501Z,1J.TI3A.,"['CH1', 'CH2', 'CHZ']",2019-01-08T01:15:01.880000Z,1.67
345,20190108T011829Z,1J.TI3A.,"['CH1', 'CH2', 'CHZ']",2019-01-08T01:18:33.380000Z,15.12
346,20190108T013442Z,1J.TI3A.,"['CH1', 'CH2', 'CHZ']",2019-01-08T01:34:42.310000Z,5.52
347,20190108T013839Z,1J.TI3A.,"['CH1', 'CH2', 'CHZ']",2019-01-08T01:38:39.060000Z,6.03
348,20190108T013935Z,1J.TI3A.,"['CH1', 'CH2', 'CHZ']",2019-01-08T01:39:35.650000Z,0.77
349,20190108T014226Z,1J.TI3A.,"['CH1', 'CH2', 'CHZ']",2019-01-08T01:42:26.330000Z,0.62
350,20190108T014259Z,1J.TI3A.,"['CH1', 'CH2', 'CHZ']",2019-01-08T01:42:59.370000Z,13.1
351,20190108T014522Z,1J.TI3A.,"['CH1', 'CH2', 'CHZ']",2019-01-08T01:45:22.610000Z,3.45
352,20190108T014547Z,1J.TI3A.,"['CH1', 'CH2', 'CHZ']",2019-01-08T01:45:47.280000Z,0.65
353,20190108T014657Z,1J.TI3A.,"['CH1', 'CH2', 'CHZ']",2019-01-08T01:46:57.670000Z,0.87
354,20190108T014734Z,1J.TI3A.,"['CH1', 'CH2', 'CHZ']",2019-01-08T01:47:43.460000Z,9.2
355,20190108T014759Z,1J.TI3A.,"['CH1', 'CH2', 'CHZ']",2019-01-08T01:48:04.270000Z,9.49
356,20190108T014923Z,1J.TI3A.,"['CH1', 'CH2', 'CHZ']",2019-01-08T01:49:23.750000Z,1.07
357,20190108T015031Z,1J.TI3A.,"['CH1', 'CH2', 'CHZ']",2019-01-08T01:50:31.160000Z,6.25
358,20190108T015142Z,1J.TI3A.,"['CH1', 'CH2', 'CHZ']",2019-01-08T01:51:42.210000Z,0.78
359,20190108T015252Z,1J.TI3A.,"['CH1', 'CH2', 'CHZ']",2019-01-08T01:52:52.160000Z,1.0
360,20190108T015347Z,1J.TI3A.,"['CH1', 'CH2', 'CHZ']",2019-01-08T01:53:47.520000Z,10.49
361,20190108T015528Z,1J.TI3A.,"['CH1', 'CH2', 'CHZ']",2019-01-08T01:55:28.170000Z,1.06
362,20190108T015606Z,1J.TI3A.,"['CH1', 'CH2', 'CHZ']",2019-01-08T01:56:06.170000Z,18.98
363,20190108T015757Z,1J.TI3A.,"['CH1', 'CH2', 'CHZ']",2019-01-08T01:57:57.440000Z,1.05
364,20190108T015855Z,1J.TI3A.,"['CH1', 'CH2', 'CHZ']",2019-01-08T01:58:55.670000Z,4.33
365,20190108T020022Z,1J.TI3A.,"['CH1', 'CH2', 'CHZ']",2019-01-08T02:00:22.570000Z,16.48
366,20190108T020128Z,1J.TI3A.,"['CH1', 'CH2', 'CHZ']",2019-01-08T02:01:28.190000Z,0.72
367,20190108T020257Z,1J.TI3A.,"['CH1', 'CH2', 'CHZ']",2019-01-08T02:02:57.970000Z,11.2
368,20190108T020352Z,1J.TI3A.,"['CH1', 'CH2', 'CHZ']",2019-01-08T02:04:06.500000Z,1.06
369,20190108T020503Z,1J.TI3A.,"['CH1', 'CH2', 'CHZ']",2019-01-08T02:05:03.890000Z,0.83
370,20190108T020748Z,1J.TI3A.,"['CH1', 'CH2', 'CHZ']",2019-01-08T02:07:48.560000Z,0.81
371,20190108T020849Z,1J.TI3A.,"['CH1', 'CH2', 'CHZ']",2019-01-08T02:08:49.620000Z,0.69
372,20190108T020933Z,1J.TI3A.,"['CH1', 'CH2', 'CHZ']",2019-01-08T02:09:33.730000Z,16.12
373,20190108T021125Z,1J.TI3A.,"['CH1', 'CH2', 'CHZ']",2019-01-08T02:11:25.090000Z,0.68
374,20190108T021226Z,1J.TI3A.,"['CH1', 'CH2', 'CHZ']",2019-01-08T02:12:26.140000Z,18.5
375,20190108T021616Z,1J.TI3A.,"['CH1', 'CH2', 'CHZ']",2019-01-08T02:16:29.120000Z,9.47
376,20190108T022152Z,1J.TI3A.,"['CH1', 'CH2', 'CHZ']",2019-01-08T02:21:52.350000Z,15.73
377,20190108T022555Z,1J.TI3A.,"['CH1', 'CH2', 'CHZ']",2019-01-08T02:25:55.880000Z,11.85
378,20190108T025334Z,1J.TI3A.,"['CH1', 'CH2', 'CHZ']",2019-01-08T02:53:34.570000Z,16.9
379,20190108T025837Z,1J.TI3A.,"['CH1', 'CH2', 'CHZ']",2019-01-08T02:58:37.990000Z,17.6
380,20190108T030618Z,1J.TI3A.,"['CH1', 'CH2', 'CHZ']",2019-01-08T03:06:18.190000Z,0.89
381,20190108T031046Z,1J.TI3A.,"['CH1', 'CH2', 'CHZ']",2019-01-08T03:10:46.970000Z,18.62
382,20190108T031226Z,1J.TI3A.,"['CH1', 'CH2', 'CHZ']",2019-01-08T03:12:26.330000Z,0.83
383,20190108T031317Z,1J.TI3A.,"['CH1', 'CH2', 'CHZ']",2019-01-08T03:13:17.650000Z,26.35
384,20190108T031434Z,1J.TI3A.,"['CH1', 'CH2', 'CHZ']",2019-01-08T03:14:34.040000Z,5.47
385,20190108T031653Z,1J.TI3A.,"['CH1', 'CH2', 'CHZ']",2019-01-08T03:16:53.130000Z,6.11
386,20190108T031849Z,1J.TI3A.,"['CH1', 'CH2', 'CHZ']",2019-01-08T03:18:49.070000Z,0.91
387,20190108T031953Z,1J.TI3A.,"['CH1', 'CH2', 'CHZ']",2019-01-08T03:19:53.550000Z,4.75
388,20190108T032158Z,1J.TI3A.,"['CH1', 'CH2', 'CHZ']",2019-01-08T03:21:58.800000Z,18.72
389,20190108T032342Z,1J.TI3A.,"['CH1', 'CH2', 'CHZ']",2019-01-08T03:23:42.730000Z,17.16
390,20190108T032537Z,1J.TI3A.,"['CH1', 'CH2', 'CHZ']",2019-01-08T03:25:37.980000Z,48.74
391,20190108T032759Z,1J.TI3A.,"['CH1', 'CH2', 'CHZ']",2019-01-08T03:27:59.190000Z,0.75
392,20190108T033506Z,1J.TI3A.,"['CH1', 'CH2', 'CHZ']",2019-01-08T03:35:06.380000Z,1.21
393,20190108T033539Z,1J.TI3A.,"['CH1', 'CH2', 'CHZ']",2019-01-08T03:35:55.100000Z,2.92
394,20190108T033901Z,1J.TI3A.,"['CH1', 'CH2', 'CHZ']",2019-01-08T03:39:01.680000Z,58.9
395,20190108T034201Z,1J.TI3A.,"['CH1', 'CH2', 'CHZ']",2019-01-08T03:42:01.010000Z,7.9
396,20190108T034501Z,1J.TI3A.,"['CH1', 'CH2', 'CHZ']",2019-01-08T03:45:01.960000Z,1.01
397,20190108T034825Z,1J.TI3A.,"['CH1', 'CH2', 'CHZ']",2019-01-08T03:48:25.380000Z,1.42
398,20190108T035414Z,1J.TI3A.,"['CH1', 'CH2', 'CHZ']",2019-01-08T03:54:14.370000Z,18.03
399,20190108T035457Z,1J.TI3A.,"['CH1', 'CH2', 'CHZ']",2019-01-08T03:54:57.930000Z,5.76
400,20190108T035653Z,1J.TI3A.,"['CH1', 'CH2', 'CHZ']",2019-01-08T03:56:55.700000Z,0.95
401,20190108T035737Z,1J.TI3A.,"['CH1', 'CH2', 'CHZ']",2019-01-08T03:57:37.350000Z,31.05
402,20190108T035940Z,1J.TI3A.,"['CH1', 'CH2', 'CHZ']",2019-01-08T03:59:40.890000Z,17.91
403,20190108T040934Z,1J.TI3A.,"['CH1', 'CH2', 'CHZ']",2019-01-08T04:09:34.540000Z,1.19
404,20190108T041029Z,1J.TI3A.,"['CH1', 'CH2', 'CHZ']",2019-01-08T04:10:29.660000Z,48.07
405,20190108T041351Z,1J.TI3A.,"['CH1', 'CH2', 'CHZ']",2019-01-08T04:13:51.710000Z,10.94
406,20190108T041431Z,1J.TI3A.,"['CH1', 'CH2', 'CHZ']",2019-01-08T04:14:31.880000Z,1.93
407,20190108T041733Z,1J.TI3A.,"['CH1', 'CH2', 'CHZ']",2019-01-08T04:17:33.820000Z,10.14
408,20190108T041821Z,1J.TI3A.,"['CH1', 'CH2', 'CHZ']",2019-01-08T04:18:27.010000Z,9.22
409,20190108T041927Z,1J.TI3A.,"['CH1', 'CH2', 'CHZ']",2019-01-08T04:19:27.040000Z,5.58
410,20190108T042515Z,1J.TI3A.,"['CH1', 'CH2', 'CHZ']",2019-01-08T04:25:17.760000Z,48.47
411,20190108T043123Z,1J.TI3A.,"['CH1', 'CH2', 'CHZ']",2019-01-08T04:31:23.870000Z,15.19
412,20190108T043224Z,1J.TI3A.,"['CH1', 'CH2', 'CHZ']",2019-01-08T04:32:26.510000Z,17.41
413,20190108T043340Z,1J.TI3A.,"['CH1', 'CH2', 'CHZ']",2019-01-08T04:33:43.140000Z,44.72
414,20190108T043842Z,1J.TI3A.,"['CH1', 'CH2', 'CHZ']",2019-01-08T04:38:42.910000Z,45.56
415,20190108T043950Z,1J.TI3A.,"['CH1', 'CH2', 'CHZ']",2019-01-08T04:39:50.250000Z,56.52
416,20190108T044518Z,1J.TI3A.,"['CH1', 'CH2', 'CHZ']",2019-01-08T04:45:23.930000Z,5.54
417,20190108T044622Z,1J.TI3A.,"['CH1', 'CH2', 'CHZ']",2019-01-08T04:46:22.060000Z,1.56
418,20190108T044706Z,1J.TI3A.,"['CH1', 'CH2', 'CHZ']",2019-01-08T04:47:06.250000Z,4.05
419,20190108T044733Z,1J.TI3A.,"['CH1', 'CH2', 'CHZ']",2019-01-08T04:47:33.090000Z,1.41
420,20190108T044748Z,1J.TI3A.,"['CH1', 'CH2', 'CHZ']",2019-01-08T04:47:49.940000Z,1.99
421,20190108T044914Z,1J.TI3A.,"['CH1', 'CH2', 'CHZ']",2019-01-08T04:49:14.800000Z,5.87
422,20190108T044956Z,1J.TI3A.,"['CH1', 'CH2', 'CHZ']",2019-01-08T04:49:56.540000Z,4.05
423,20190108T045117Z,1J.TI3A.,"['CH1', 'CH2', 'CHZ']",2019-01-08T04:51:17.210000Z,1.27
424,20190108T045128Z,1J.TI3A.,"['CH1', 'CH2', 'CHZ']",2019-01-08T04:51:28.350000Z,2.18
425,20190108T045138Z,1J.TI3A.,"['CH1', 'CH2', 'CHZ']",2019-01-08T04:51:38.990000Z,10.0
426,20190108T045157Z,1J.TI3A.,"['CH1', 'CH2', 'CHZ']",2019-01-08T04:51:57.470000Z,7.69
427,20190108T045248Z,1J.TI3A.,"['CH1', 'CH2', 'CHZ']",2019-01-08T04:52:48.510000Z,2.44
428,20190108T045307Z,1J.TI3A.,"['CH1', 'CH2', 'CHZ']",2019-01-08T04:53:07.400000Z,1.12
429,20190108T045437Z,1J.TI3A.,"['CH1', 'CH2', 'CHZ']",2019-01-08T04:54:37.770000Z,2.91
430,20190108T045507Z,1J.TI3A.,"['CH1', 'CH2', 'CHZ']",2019-01-08T04:55:07.610000Z,1.16
431,20190108T045513Z,1J.TI3A.,"['CH1', 'CH2', 'CHZ']",2019-01-08T04:55:13.930000Z,2.73
432,20190108T045538Z,1J.TI3A.,"['CH1', 'CH2', 'CHZ']",2019-01-08T04:55:38.800000Z,0.83
433,20190108T045626Z,1J.TI3A.,"['CH1', 'CH2', 'CHZ']",2019-01-08T04:56:26.050000Z,13.07
434,20190108T045746Z,1J.TI3A.,"['CH1', 'CH2', 'CHZ']",2019-01-08T04:57:46.290000Z,4.35
435,20190108T045939Z,1J.TI3A.,"['CH1', 'CH2', 'CHZ']",2019-01-08T04:59:39.960000Z,1.22
436,20190108T045955Z,1J.TI3A.,"['CH1', 'CH2', 'CHZ']",2019-01-08T04:59:55.280000Z,53.65
437,20190108T050151Z,1J.TI3A.,"['CH1', 'CH2', 'CHZ']",2019-01-08T05:01:51.620000Z,0.83
438,20190108T050737Z,1J.TI3A.,"['CH1', 'CH2', 'CHZ']",2019-01-08T05:07:37.670000Z,3.27
439,20190108T050758Z,1J.TI3A.,"['CH1', 'CH2', 'CHZ']",2019-01-08T05:08:26.670000Z,5.89
440,20190108T050959Z,1J.TI3A.,"['CH1', 'CH2', 'CHZ']",2019-01-08T05:09:59.210000Z,2.86
441,20190108T051408Z,1J.TI3A.,"['CH1', 'CH2', 'CHZ']",2019-01-08T05:14:08.090000Z,2.91
442,20190108T051539Z,1J.TI3A.,"['CH1', 'CH2', 'CHZ']",2019-01-08T05:15:39.280000Z,1.91
443,20190108T051548Z,1J.TI3A.,"['CH1', 'CH2', 'CHZ']",2019-01-08T05:15:48.680000Z,10.24
444,20190108T051657Z,1J.TI3A.,"['CH1', 'CH2', 'CHZ']",2019-01-08T05:16:57.960000Z,1.6
445,20190108T051710Z,1J.TI3A.,"['CH1', 'CH2', 'CHZ']",2019-01-08T05:17:10.100000Z,30.05
446,20190108T052141Z,1J.TI3A.,"['CH1', 'CH2', 'CHZ']",2019-01-08T05:21:41.240000Z,9.14
447,20190108T052420Z,1J.TI3A.,"['CH1', 'CH2', 'CHZ']",2019-01-08T05:24:20.850000Z,20.58
448,20190108T052649Z,1J.TI3A.,"['CH1', 'CH2', 'CHZ']",2019-01-08T05:26:55.390000Z,1.78
449,20190108T052707Z,1J.TI3A.,"['CH1', 'CH2', 'CHZ']",2019-01-08T05:27:07.760000Z,0.99
450,20190108T052815Z,1J.TI3A.,"['CH1', 'CH2', 'CHZ']",2019-01-08T05:28:15.820000Z,2.15
451,20190108T052856Z,1J.TI3A.,"['CH1', 'CH2', 'CHZ']",2019-01-08T05:28:56.760000Z,3.87
452,20190108T052919Z,1J.TI3A.,"['CH1', 'CH2', 'CHZ']",2019-01-08T05:29:19.660000Z,4.03
453,20190108T053107Z,1J.TI3A.,"['CH1', 'CH2', 'CHZ']",2019-01-08T05:31:07.200000Z,1.54
454,20190108T053131Z,1J.TI3A.,"['CH1', 'CH2', 'CHZ']",2019-01-08T05:31:33.950000Z,0.87
455,20190108T053224Z,1J.TI3A.,"['CH1', 'CH2', 'CHZ']",2019-01-08T05:32:24.740000Z,1.18
456,20190108T053303Z,1J.TI3A.,"['CH1', 'CH2', 'CHZ']",2019-01-08T05:33:03.900000Z,0.77
457,20190108T053357Z,1J.TI3A.,"['CH1', 'CH2', 'CHZ']",2019-01-08T05:33:57.940000Z,1.34
458,20190108T053448Z,1J.TI3A.,"['CH1', 'CH2', 'CHZ']",2019-01-08T05:34:48.850000Z,22.33
459,20190108T053527Z,1J.TI3A.,"['CH1', 'CH2', 'CHZ']",2019-01-08T05:35:27.780000Z,35.1
460,20190108T053846Z,1J.TI3A.,"['CH1', 'CH2', 'CHZ']",2019-01-08T05:38:46.370000Z,4.33
461,20190108T053942Z,1J.TI3A.,"['CH1', 'CH2', 'CHZ']",2019-01-08T05:39:42.240000Z,16.76
462,20190108T054126Z,1J.TI3A.,"['CH1', 'CH2', 'CHZ']",2019-01-08T05:41:26.100000Z,46.45
463,20190108T054256Z,1J.TI3A.,"['CH1', 'CH2', 'CHZ']",2019-01-08T05:42:56.920000Z,2.9
464,20190108T054321Z,1J.TI3A.,"['CH1', 'CH2', 'CHZ']",2019-01-08T05:43:21.080000Z,11.06
465,20190108T054432Z,1J.TI3A.,"['CH1', 'CH2', 'CHZ']",2019-01-08T05:44:49.200000Z,1.18
466,20190108T054705Z,1J.TI3A.,"['CH1', 'CH2', 'CHZ']",2019-01-08T05:47:05.710000Z,0.86
467,20190108T054750Z,1J.TI3A.,"['CH1', 'CH2', 'CHZ']",2019-01-08T05:47:50.650000Z,3.34
468,20190108T054814Z,1J.TI3A.,"['CH1', 'CH2', 'CHZ']",2019-01-08T05:48:14.320000Z,7.16
469,20190108T054837Z,1J.TI3A.,"['CH1', 'CH2', 'CHZ']",2019-01-08T05:48:37.780000Z,6.78
470,20190108T054853Z,1J.TI3A.,"['CH1', 'CH2', 'CHZ']",2019-01-08T05:48:53.280000Z,3.11
471,20190108T055132Z,1J.TI3A.,"['CH1', 'CH2', 'CHZ']",2019-01-08T05:51:32.180000Z,75.47
472,20190108T055504Z,1J.TI3A.,"['CH1', 'CH2', 'CHZ']",2019-01-08T05:55:04.320000Z,17.8
473,20190108T055535Z,1J.TI3A.,"['CH1', 'CH2', 'CHZ']",2019-01-08T05:55:35.560000Z,32.65
474,20190108T055711Z,1J.TI3A.,"['CH1', 'CH2', 'CHZ']",2019-01-08T05:57:11.230000Z,10.26
475,20190108T055831Z,1J.TI3A.,"['CH1', 'CH2', 'CHZ']",2019-01-08T05:58:58.160000Z,30.52
476,20190108T055938Z,1J.TI3A.,"['CH1', 'CH2', 'CHZ']",2019-01-08T05:59:38.460000Z,13.62
477,20190108T060041Z,1J.TI3A.,"['CH1', 'CH2', 'CHZ']",2019-01-08T06:00:41.190000Z,8.25
478,20190108T060417Z,1J.TI3A.,"['CH1', 'CH2', 'CHZ']",2019-01-08T06:04:17.670000Z,6.23
479,20190108T060503Z,1J.TI3A.,"['CH1', 'CH2', 'CHZ']",2019-01-08T06:05:03.700000Z,1.33
480,20190108T060556Z,1J.TI3A.,"['CH1', 'CH2', 'CHZ']",2019-01-08T06:05:56.390000Z,6.82
481,20190108T060619Z,1J.TI3A.,"['CH1', 'CH2', 'CHZ']",2019-01-08T06:06:19.940000Z,4.55
482,20190108T060658Z,1J.TI3A.,"['CH1', 'CH2', 'CHZ']",2019-01-08T06:06:58.490000Z,2.24
483,20190108T060729Z,1J.TI3A.,"['CH1', 'CH2', 'CHZ']",2019-01-08T06:07:29.040000Z,30.18
484,20190108T060903Z,1J.TI3A.,"['CH1', 'CH2', 'CHZ']",2019-01-08T06:09:03.670000Z,5.55
485,20190108T060942Z,1J.TI3A.,"['CH1', 'CH2', 'CHZ']",2019-01-08T06:09:55.540000Z,5.57
486,20190108T061023Z,1J.TI3A.,"['CH1', 'CH2', 'CHZ']",2019-01-08T06:10:27.880000Z,58.69
487,20190108T061242Z,1J.TI3A.,"['CH1', 'CH2', 'CHZ']",2019-01-08T06:12:42.350000Z,25.24
488,20190108T061422Z,1J.TI3A.,"['CH1', 'CH2', 'CHZ']",2019-01-08T06:14:22.170000Z,1.22
489,20190108T061615Z,1J.TI3A.,"['CH1', 'CH2', 'CHZ']",2019-01-08T06:16:15.660000Z,1.07
490,20190108T061742Z,1J.TI3A.,"['CH1', 'CH2', 'CHZ']",2019-01-08T06:17:44.010000Z,15.72
491,20190108T061923Z,1J.TI3A.,"['CH1', 'CH2', 'CHZ']",2019-01-08T06:19:27.370000Z,2.64
492,20190108T062017Z,1J.TI3A.,"['CH1', 'CH2', 'CHZ']",2019-01-08T06:21:36.530000Z,94.55
493,20190108T062534Z,1J.TI3A.,"['CH1', 'CH2', 'CHZ']",2019-01-08T06:25:34.970000Z,8.65
494,20190108T062603Z,1J.TI3A.,"['CH1', 'CH2', 'CHZ']",2019-01-08T06:26:03.230000Z,5.59
495,20190108T062728Z,1J.TI3A.,"['CH1', 'CH2', 'CHZ']",2019-01-08T06:27:28.610000Z,1.56
496,20190108T062737Z,1J.TI3A.,"['CH1', 'CH2', 'CHZ']",2019-01-08T06:27:37.790000Z,1.53
497,20190108T062810Z,1J.TI3A.,"['CH1', 'CH2', 'CHZ']",2019-01-08T06:28:10.510000Z,0.61
498,20190108T062922Z,1J.TI3A.,"['CH1', 'CH2', 'CHZ']",2019-01-08T06:29:22.410000Z,1.24
499,20190108T062931Z,1J.TI3A.,"['CH1', 'CH2', 'CHZ']",2019-01-08T06:29:44.320000Z,7.29
500,20190108T063004Z,1J.TI3A.,"['CH1', 'CH2', 'CHZ']",2019-01-08T06:30:04.790000Z,1.44
501,20190108T063019Z,1J.TI3A.,"['CH1', 'CH2', 'CHZ']",2019-01-08T06:30:19.620000Z,1.08
502,20190108T063035Z,1J.TI3A.,"['CH1', 'CH2', 'CHZ']",2019-01-08T06:30:35.320000Z,20.85
503,20190108T063104Z,1J.TI3A.,"['CH1', 'CH2', 'CHZ']",2019-01-08T06:31:04.210000Z,10.08
504,20190108T063141Z,1J.TI3A.,"['CH1', 'CH2', 'CHZ']",2019-01-08T06:31:45.570000Z,0.56
505,20190108T063229Z,1J.TI3A.,"['CH1', 'CH2', 'CHZ']",2019-01-08T06:32:29.610000Z,2.46
506,20190108T063316Z,1J.TI3A.,"['CH1', 'CH2', 'CHZ']",2019-01-08T06:33:16.930000Z,7.07
507,20190108T063406Z,1J.TI3A.,"['CH1', 'CH2', 'CHZ']",2019-01-08T06:34:06.140000Z,19.19
508,20190108T063440Z,1J.TI3A.,"['CH1', 'CH2', 'CHZ']",2019-01-08T06:34:58.890000Z,1.33
509,20190108T063535Z,1J.TI3A.,"['CH1', 'CH2', 'CHZ']",2019-01-08T06:35:35.700000Z,1.83
510,20190108T063717Z,1J.TI3A.,"['CH1', 'CH2', 'CHZ']",2019-01-08T06:37:17.840000Z,0.91
511,20190108T063723Z,1J.TI3A.,"['CH1', 'CH2', 'CHZ']",2019-01-08T06:37:23.870000Z,4.13
512,20190108T063834Z,1J.TI3A.,"['CH1', 'CH2', 'CHZ']",2019-01-08T06:38:34.240000Z,1.49
513,20190108T063843Z,1J.TI3A.,"['CH1', 'CH2', 'CHZ']",2019-01-08T06:38:43.130000Z,5.22
514,20190108T063923Z,1J.TI3A.,"['CH1', 'CH2', 'CHZ']",2019-01-08T06:39:31.090000Z,39.31
515,20190108T064145Z,1J.TI3A.,"['CH1', 'CH2', 'CHZ']",2019-01-08T06:41:45.630000Z,3.14
516,20190108T064218Z,1J.TI3A.,"['CH1', 'CH2', 'CHZ']",2019-01-08T06:42:18.380000Z,24.61
517,20190108T064345Z,1J.TI3A.,"['CH1', 'CH2', 'CHZ']",2019-01-08T06:43:45.070000Z,2.89
518,20190108T064407Z,1J.TI3A.,"['CH1', 'CH2', 'CHZ']",2019-01-08T06:44:28.190000Z,48.84
519,20190108T064537Z,1J.TI3A.,"['CH1', 'CH2', 'CHZ']",2019-01-08T06:45:37.450000Z,3.12
520,20190108T064545Z,1J.TI3A.,"['CH1', 'CH2', 'CHZ']",2019-01-08T06:45:45.600000Z,7.02
521,20190108T064612Z,1J.TI3A.,"['CH1', 'CH2', 'CHZ']",2019-01-08T06:46:33.590000Z,16.09
522,20190108T064728Z,1J.TI3A.,"['CH1', 'CH2', 'CHZ']",2019-01-08T06:47:28.190000Z,6.73
523,20190108T064840Z,1J.TI3A.,"['CH1', 'CH2', 'CHZ']",2019-01-08T06:48:40.410000Z,23.09
524,20190108T064917Z,1J.TI3A.,"['CH1', 'CH2', 'CHZ']",2019-01-08T06:49:17.510000Z,1.73
525,20190108T064940Z,1J.TI3A.,"['CH1', 'CH2', 'CHZ']",2019-01-08T06:49:40.790000Z,3.53
526,20190108T065005Z,1J.TI3A.,"['CH1', 'CH2', 'CHZ']",2019-01-08T06:50:05.410000Z,14.34
527,20190108T065148Z,1J.TI3A.,"['CH1', 'CH2', 'CHZ']",2019-01-08T06:51:48.950000Z,2.23
528,20190108T065202Z,1J.TI3A.,"['CH1', 'CH2', 'CHZ']",2019-01-08T06:52:02.000000Z,26.0
529,20190108T065247Z,1J.TI3A.,"['CH1', 'CH2', 'CHZ']",2019-01-08T06:52:47.730000Z,11.75
530,20190108T065317Z,1J.TI3A.,"['CH1', 'CH2', 'CHZ']",2019-01-08T06:53:17.630000Z,0.66
531,20190108T065337Z,1J.TI3A.,"['CH1', 'CH2', 'CHZ']",2019-01-08T06:53:59.870000Z,97.6
532,20190108T065648Z,1J.TI3A.,"['CH1', 'CH2', 'CHZ']",2019-01-08T06:56:48.430000Z,24.79
533,20190108T065801Z,1J.TI3A.,"['CH1', 'CH2', 'CHZ']",2019-01-08T06:58:10.000000Z,1.39
534,20190108T065838Z,1J.TI3A.,"['CH1', 'CH2', 'CHZ']",2019-01-08T06:58:51.610000Z,0.56
535,20190108T065926Z,1J.TI3A.,"['CH1', 'CH2', 'CHZ']",2019-01-08T06:59:26.180000Z,2.54
536,20190108T065947Z,1J.TI3A.,"['CH1', 'CH2', 'CHZ']",2019-01-08T06:59:47.950000Z,6.48
537,20190108T070203Z,1J.TI3A.,"['CH1', 'CH2', 'CHZ']",2019-01-08T07:02:03.820000Z,5.02
538,20190108T070229Z,1J.TI3A.,"['CH1', 'CH2', 'CHZ']",2019-01-08T07:02:29.080000Z,28.09
539,20190108T070316Z,1J.TI3A.,"['CH1', 'CH2', 'CHZ']",2019-01-08T07:03:16.030000Z,1.39
540,20190108T070338Z,1J.TI3A.,"['CH1', 'CH2', 'CHZ']",2019-01-08T07:03:43.700000Z,17.06
541,20190108T070611Z,1J.TI3A.,"['CH1', 'CH2', 'CHZ']",2019-01-08T07:06:11.400000Z,2.71
542,20190108T070619Z,1J.TI3A.,"['CH1', 'CH2', 'CHZ']",2019-01-08T07:06:19.570000Z,1.12
543,20190108T070655Z,1J.TI3A.,"['CH1', 'CH2', 'CHZ']",2019-01-08T07:06:55.870000Z,2.14
544,20190108T070742Z,1J.TI3A.,"['CH1', 'CH2', 'CHZ']",2019-01-08T07:07:42.510000Z,4.17
545,20190108T070807Z,1J.TI3A.,"['CH1', 'CH2', 'CHZ']",2019-01-08T07:08:07.760000Z,13.92
546,20190108T070829Z,1J.TI3A.,"['CH1', 'CH2', 'CHZ']",2019-01-08T07:08:29.320000Z,9.65
547,20190108T070910Z,1J.TI3A.,"['CH1', 'CH2', 'CHZ']",2019-01-08T07:09:10.450000Z,1.65
548,20190108T070940Z,1J.TI3A.,"['CH1', 'CH2', 'CHZ']",2019-01-08T07:09:40.710000Z,0.55
549,20190108T070952Z,1J.TI3A.,"['CH1', 'CH2', 'CHZ']",2019-01-08T07:09:56.400000Z,0.79
550,20190108T071016Z,1J.TI3A.,"['CH1', 'CH2', 'CHZ']",2019-01-08T07:10:16.980000Z,6.0
551,20190108T071042Z,1J.TI3A.,"['CH1', 'CH2', 'CHZ']",2019-01-08T07:10:46.660000Z,31.59
552,20190108T071152Z,1J.TI3A.,"['CH1', 'CH2', 'CHZ']",2019-01-08T07:11:52.970000Z,1.62
553,20190108T071259Z,1J.TI3A.,"['CH1', 'CH2', 'CHZ']",2019-01-08T07:13:04.010000Z,0.99
554,20190108T071319Z,1J.TI3A.,"['CH1', 'CH2', 'CHZ']",2019-01-08T07:13:19.070000Z,1.0
555,20190108T071333Z,1J.TI3A.,"['CH1', 'CH2', 'CHZ']",2019-01-08T07:13:34.660000Z,3.29
556,20190108T071425Z,1J.TI3A.,"['CH1', 'CH2', 'CHZ']",2019-01-08T07:14:25.030000Z,6.35
557,20190108T071516Z,1J.TI3A.,"['CH1', 'CH2', 'CHZ']",2019-01-08T07:15:16.300000Z,0.72
558,20190108T071525Z,1J.TI3A.,"['CH1', 'CH2', 'CHZ']",2019-01-08T07:15:25.900000Z,19.88
559,20190108T071714Z,1J.TI3A.,"['CH1', 'CH2', 'CHZ']",2019-01-08T07:17:14.490000Z,0.79
560,20190108T071757Z,1J.TI3A.,"['CH1', 'CH2', 'CHZ']",2019-01-08T07:17:57.840000Z,1.09
561,20190108T071821Z,1J.TI3A.,"['CH1', 'CH2', 'CHZ']",2019-01-08T07:18:23.380000Z,12.54
562,20190108T071902Z,1J.TI3A.,"['CH1', 'CH2', 'CHZ']",2019-01-08T07:19:15.880000Z,1.51
563,20190108T071926Z,1J.TI3A.,"['CH1', 'CH2', 'CHZ']",2019-01-08T07:19:26.840000Z,4.82
564,20190108T071944Z,1J.TI3A.,"['CH1', 'CH2', 'CHZ']",2019-01-08T07:19:44.220000Z,10.57
565,20190108T072015Z,1J.TI3A.,"['CH1', 'CH2', 'CHZ']",2019-01-08T07:20:18.740000Z,0.96
566,20190108T072059Z,1J.TI3A.,"['CH1', 'CH2', 'CHZ']",2019-01-08T07:20:59.020000Z,2.72
567,20190108T072230Z,1J.TI3A.,"['CH1', 'CH2', 'CHZ']",2019-01-08T07:22:30.310000Z,0.81
568,20190108T072248Z,1J.TI3A.,"['CH1', 'CH2', 'CHZ']",2019-01-08T07:22:48.230000Z,30.34
569,20190108T072329Z,1J.TI3A.,"['CH1', 'CH2', 'CHZ']",2019-01-08T07:23:29.130000Z,12.67
570,20190108T072437Z,1J.TI3A.,"['CH1', 'CH2', 'CHZ']",2019-01-08T07:25:42.900000Z,7.96
571,20190108T072834Z,1J.TI3A.,"['CH1', 'CH2', 'CHZ']",2019-01-08T07:28:34.300000Z,2.69
572,20190108T073002Z,1J.TI3A.,"['CH1', 'CH2', 'CHZ']",2019-01-08T07:30:02.820000Z,18.45
573,20190108T073021Z,1J.TI3A.,"['CH1', 'CH2', 'CHZ']",2019-01-08T07:30:30.160000Z,20.23
574,20190108T073124Z,1J.TI3A.,"['CH1', 'CH2', 'CHZ']",2019-01-08T07:31:24.870000Z,8.77
575,20190108T073226Z,1J.TI3A.,"['CH1', 'CH2', 'CHZ']",2019-01-08T07:32:31.030000Z,23.86
576,20190108T073317Z,1J.TI3A.,"['CH1', 'CH2', 'CHZ']",2019-01-08T07:33:17.320000Z,1.05
577,20190108T073325Z,1J.TI3A.,"['CH1', 'CH2', 'CHZ']",2019-01-08T07:33:25.680000Z,1.88
578,20190108T073332Z,1J.TI3A.,"['CH1', 'CH2', 'CHZ']",2019-01-08T07:33:32.700000Z,1.04
579,20190108T073417Z,1J.TI3A.,"['CH1', 'CH2', 'CHZ']",2019-01-08T07:34:17.440000Z,0.83
580,20190108T073443Z,1J.TI3A.,"['CH1', 'CH2', 'CHZ']",2019-01-08T07:35:11.750000Z,30.69
581,20190108T073650Z,1J.TI3A.,"['CH1', 'CH2', 'CHZ']",2019-01-08T07:36:50.850000Z,59.39
582,20190108T073933Z,1J.TI3A.,"['CH1', 'CH2', 'CHZ']",2019-01-08T07:39:57.590000Z,29.82
583,20190108T074049Z,1J.TI3A.,"['CH1', 'CH2', 'CHZ']",2019-01-08T07:40:49.200000Z,0.77
584,20190108T074155Z,1J.TI3A.,"['CH1', 'CH2', 'CHZ']",2019-01-08T07:41:55.410000Z,0.98
585,20190108T074226Z,1J.TI3A.,"['CH1', 'CH2', 'CHZ']",2019-01-08T07:42:26.240000Z,4.23
586,20190108T074253Z,1J.TI3A.,"['CH1', 'CH2', 'CHZ']",2019-01-08T07:42:53.870000Z,0.72
587,20190108T074314Z,1J.TI3A.,"['CH1', 'CH2', 'CHZ']",2019-01-08T07:43:14.200000Z,2.85
588,20190108T074416Z,1J.TI3A.,"['CH1', 'CH2', 'CHZ']",2019-01-08T07:44:16.480000Z,1.08
589,20190108T074427Z,1J.TI3A.,"['CH1', 'CH2', 'CHZ']",2019-01-08T07:44:28.470000Z,1.52
590,20190108T074439Z,1J.TI3A.,"['CH1', 'CH2', 'CHZ']",2019-01-08T07:44:39.050000Z,0.96
591,20190108T074441Z,1J.TI3A.,"['CH1', 'CH2', 'CHZ']",2019-01-08T07:44:54.060000Z,28.53
592,20190108T074527Z,1J.TI3A.,"['CH1', 'CH2', 'CHZ']",2019-01-08T07:45:27.800000Z,2.33
593,20190108T074549Z,1J.TI3A.,"['CH1', 'CH2', 'CHZ']",2019-01-08T07:45:49.370000Z,4.57
594,20190108T074623Z,1J.TI3A.,"['CH1', 'CH2', 'CHZ']",2019-01-08T07:46:23.760000Z,28.46
595,20190108T074708Z,1J.TI3A.,"['CH1', 'CH2', 'CHZ']",2019-01-08T07:47:08.920000Z,5.19
596,20190108T074730Z,1J.TI3A.,"['CH1', 'CH2', 'CHZ']",2019-01-08T07:47:30.670000Z,1.92
597,20190108T074801Z,1J.TI3A.,"['CH1', 'CH2', 'CHZ']",2019-01-08T07:48:01.950000Z,21.86
598,20190108T074857Z,1J.TI3A.,"['CH1', 'CH2', 'CHZ']",2019-01-08T07:48:58.840000Z,1.87
599,20190108T075106Z,1J.TI3A.,"['CH1', 'CH2', 'CHZ']",2019-01-08T07:51:06.110000Z,4.11
600,20190108T075353Z,1J.TI3A.,"['CH1', 'CH2', 'CHZ']",2019-01-08T07:53:53.070000Z,47.66
601,20190108T075908Z,1J.TI3A.,"['CH1', 'CH2', 'CHZ']",2019-01-08T07:59:08.980000Z,0.8
602,20190108T075935Z,1J.TI3A.,"['CH1', 'CH2', 'CHZ']",2019-01-08T07:59:35.350000Z,4.22
603,20190108T080118Z,1J.TI3A.,"['CH1', 'CH2', 'CHZ']",2019-01-08T08:01:18.900000Z,4.54
604,20190108T080309Z,1J.TI3A.,"['CH1', 'CH2', 'CHZ']",2019-01-08T08:03:09.580000Z,8.5
605,20190108T080335Z,1J.TI3A.,"['CH1', 'CH2', 'CHZ']",2019-01-08T08:03:35.560000Z,12.53
606,20190108T080914Z,1J.TI3A.,"['CH1', 'CH2', 'CHZ']",2019-01-08T08:09:14.110000Z,7.1
607,20190108T081159Z,1J.TI3A.,"['CH1', 'CH2', 'CHZ']",2019-01-08T08:11:59.330000Z,8.37
608,20190108T081857Z,1J.TI3A.,"['CH1', 'CH2', 'CHZ']",2019-01-08T08:19:00.130000Z,6.13
609,20190108T082023Z,1J.TI3A.,"['CH1', 'CH2', 'CHZ']",2019-01-08T08:20:23.390000Z,18.84
610,20190108T082215Z,1J.TI3A.,"['CH1', 'CH2', 'CHZ']",2019-01-08T08:22:15.860000Z,3.08
611,20190108T082246Z,1J.TI3A.,"['CH1', 'CH2', 'CHZ']",2019-01-08T08:22:46.450000Z,7.61
612,20190108T082823Z,1J.TI3A.,"['CH1', 'CH2', 'CHZ']",2019-01-08T08:28:23.610000Z,15.15
613,20190108T083117Z,1J.TI3A.,"['CH1', 'CH2', 'CHZ']",2019-01-08T08:31:40.320000Z,21.22
614,20190108T083254Z,1J.TI3A.,"['CH1', 'CH2', 'CHZ']",2019-01-08T08:32:54.580000Z,1.69
615,20190108T083516Z,1J.TI3A.,"['CH1', 'CH2', 'CHZ']",2019-01-08T08:35:16.570000Z,11.16
616,20190108T083637Z,1J.TI3A.,"['CH1', 'CH2', 'CHZ']",2019-01-08T08:36:37.600000Z,1.17
617,20190108T083723Z,1J.TI3A.,"['CH1', 'CH2', 'CHZ']",2019-01-08T08:37:23.280000Z,17.88
618,20190108T083851Z,1J.TI3A.,"['CH1', 'CH2', 'CHZ']",2019-01-08T08:38:51.040000Z,1.09
619,20190108T083935Z,1J.TI3A.,"['CH1', 'CH2', 'CHZ']",2019-01-08T08:39:35.160000Z,31.03
620,20190108T084031Z,1J.TI3A.,"['CH1', 'CH2', 'CHZ']",2019-01-08T08:40:31.870000Z,10.46
621,20190108T084320Z,1J.TI3A.,"['CH1', 'CH2', 'CHZ']",2019-01-08T08:43:20.630000Z,7.31
622,20190108T084822Z,1J.TI3A.,"['CH1', 'CH2', 'CHZ']",2019-01-08T08:48:25.510000Z,2.29
623,20190108T084938Z,1J.TI3A.,"['CH1', 'CH2', 'CHZ']",2019-01-08T08:49:38.860000Z,13.46
624,20190108T085124Z,1J.TI3A.,"['CH1', 'CH2', 'CHZ']",2019-01-08T08:51:34.830000Z,1.11
625,20190108T085233Z,1J.TI3A.,"['CH1', 'CH2', 'CHZ']",2019-01-08T08:52:33.500000Z,5.47
626,20190108T085355Z,1J.TI3A.,"['CH1', 'CH2', 'CHZ']",2019-01-08T08:53:55.320000Z,2.03
627,20190108T090032Z,1J.TI3A.,"['CH1', 'CH2', 'CHZ']",2019-01-08T09:00:32.560000Z,1.69
628,20190108T091116Z,1J.TI3A.,"['CH1', 'CH2', 'CHZ']",2019-01-08T09:11:16.090000Z,9.97
629,20190108T092347Z,1J.TI3A.,"['CH1', 'CH2', 'CHZ']",2019-01-08T09:23:47.870000Z,1.08
630,20190108T093033Z,1J.TI3A.,"['CH1', 'CH2', 'CHZ']",2019-01-08T09:30:33.030000Z,0.63
631,20190108T093519Z,1J.TI3A.,"['CH1', 'CH2', 'CHZ']",2019-01-08T09:35:19.160000Z,1.31
632,20190108T093932Z,1J.TI3A.,"['CH1', 'CH2', 'CHZ']",2019-01-08T09:39:47.990000Z,8.92
633,20190108T094357Z,1J.TI3A.,"['CH1', 'CH2', 'CHZ']",2019-01-08T09:43:57.630000Z,3.3
634,20190108T094810Z,1J.TI3A.,"['CH1', 'CH2', 'CHZ']",2019-01-08T09:48:10.360000Z,5.64
635,20190108T094928Z,1J.TI3A.,"['CH1', 'CH2', 'CHZ']",2019-01-08T09:49:28.120000Z,0.8
636,20190108T095830Z,1J.TI3A.,"['CH1', 'CH2', 'CHZ']",2019-01-08T09:58:30.350000Z,1.7
637,20190108T100352Z,1J.TI3A.,"['CH1', 'CH2', 'CHZ']",2019-01-08T10:03:52.980000Z,1.47
638,20190108T100440Z,1J.TI3A.,"['CH1', 'CH2', 'CHZ']",2019-01-08T10:04:46.280000Z,0.91
639,20190108T100939Z,1J.TI3A.,"['CH1', 'CH2', 'CHZ']",2019-01-08T10:09:39.000000Z,7.31
640,20190108T101150Z,1J.TI3A.,"['CH1', 'CH2', 'CHZ']",2019-01-08T10:12:16.590000Z,18.93
641,20190108T101716Z,1J.TI3A.,"['CH1', 'CH2', 'CHZ']",2019-01-08T10:17:16.100000Z,0.88
642,20190108T102405Z,1J.TI3A.,"['CH1', 'CH2', 'CHZ']",2019-01-08T10:24:05.260000Z,1.32
643,20190108T102633Z,1J.TI3A.,"['CH1', 'CH2', 'CHZ']",2019-01-08T10:26:33.090000Z,1.48
644,20190108T103220Z,1J.TI3A.,"['CH1', 'CH2', 'CHZ']",2019-01-08T10:32:20.510000Z,5.13
645,20190108T103446Z,1J.TI3A.,"['CH1', 'CH2', 'CHZ']",2019-01-08T10:34:46.890000Z,1.15
646,20190108T103549Z,1J.TI3A.,"['CH1', 'CH2', 'CHZ']",2019-01-08T10:35:49.890000Z,11.4
647,20190108T104245Z,1J.TI3A.,"['CH1', 'CH2', 'CHZ']",2019-01-08T10:42:45.880000Z,6.55
648,20190108T104338Z,1J.TI3A.,"['CH1', 'CH2', 'CHZ']",2019-01-08T10:44:05.520000Z,12.85
649,20190108T111155Z,1J.TI3A.,"['CH1', 'CH2', 'CHZ']",2019-01-08T11:11:57.120000Z,5.29
650,20190108T111317Z,1J.TI3A.,"['CH1', 'CH2', 'CHZ']",2019-01-08T11:13:17.110000Z,0.91
651,20190108T111749Z,1J.TI3A.,"['CH1', 'CH2', 'CHZ']",2019-01-08T11:18:04.110000Z,1.02
652,20190108T112112Z,1J.TI3A.,"['CH1', 'CH2', 'CHZ']",2019-01-08T11:21:12.940000Z,0.71
653,20190108T112645Z,1J.TI3A.,"['CH1', 'CH2', 'CHZ']",2019-01-08T11:26:45.650000Z,0.61
654,20190108T112855Z,1J.TI3A.,"['CH1', 'CH2', 'CHZ']",2019-01-08T11:28:55.430000Z,1.97
655,20190108T113632Z,1J.TI3A.,"['CH1', 'CH2', 'CHZ']",2019-01-08T11:36:32.310000Z,0.78
656,20190108T113741Z,1J.TI3A.,"['CH1', 'CH2', 'CHZ']",2019-01-08T11:37:41.190000Z,0.86
657,20190108T113914Z,1J.TI3A.,"['CH1', 'CH2', 'CHZ']",2019-01-08T11:39:14.440000Z,1.12
658,20190108T114006Z,1J.TI3A.,"['CH1', 'CH2', 'CHZ']",2019-01-08T11:40:07.180000Z,0.63
659,20190108T114830Z,1J.TI3A.,"['CH1', 'CH2', 'CHZ']",2019-01-08T11:48:30.690000Z,1.74
660,20190108T115914Z,1J.TI3A.,"['CH1', 'CH2', 'CHZ']",2019-01-08T11:59:14.960000Z,1.07
661,20190108T120347Z,1J.TI3A.,"['CH1', 'CH2', 'CHZ']",2019-01-08T12:04:08.710000Z,0.77
662,20190108T121842Z,1J.TI3A.,"['CH1', 'CH2', 'CHZ']",2019-01-08T12:18:43.290000Z,2.17
663,20190108T122139Z,1J.TI3A.,"['CH1', 'CH2', 'CHZ']",2019-01-08T12:21:39.860000Z,2.15
664,20190108T123043Z,1J.TI3A.,"['CH1', 'CH2', 'CHZ']",2019-01-08T12:30:43.640000Z,5.55
665,20190108T123522Z,1J.TI3A.,"['CH1', 'CH2', 'CHZ']",2019-01-08T12:35:22.170000Z,2.29
666,20190108T124027Z,1J.TI3A.,"['CH1', 'CH2', 'CHZ']",2019-01-08T12:40:27.140000Z,2.17
667,20190108T125432Z,1J.TI3A.,"['CH1', 'CH2', 'CHZ']",2019-01-08T12:54:32.330000Z,2.26
668,20190108T125903Z,1J.TI3A.,"['CH1', 'CH2', 'CHZ']",2019-01-08T12:59:03.230000Z,1.4
669,20190108T130519Z,1J.TI3A.,"['CH1', 'CH2', 'CHZ']",2019-01-08T13:05:19.840000Z,1.08
670,20190108T130703Z,1J.TI3A.,"['CH1', 'CH2', 'CHZ']",2019-01-08T13:07:03.600000Z,0.9
671,20190108T131119Z,1J.TI3A.,"['CH1', 'CH2', 'CHZ']",2019-01-08T13:11:19.110000Z,0.9
672,20190108T131826Z,1J.TI3A.,"['CH1', 'CH2', 'CHZ']",2019-01-08T13:18:26.280000Z,0.98
673,20190108T131858Z,1J.TI3A.,"['CH1', 'CH2', 'CHZ']",2019-01-08T13:18:58.160000Z,0.76
674,20190108T133400Z,1J.TI3A.,"['CH1', 'CH2', 'CHZ']",2019-01-08T13:34:00.480000Z,1.04
675,20190108T135520Z,1J.TI3A.,"['CH1', 'CH2', 'CHZ']",2019-01-08T13:55:20.820000Z,1.33
676,20190108T182305Z,1J.TI3A.,"['CH1', 'CH2', 'CHZ']",2019-01-08T18:23:05.070000Z,2.01
677,20190108T183248Z,1J.TI3A.,"['CH1', 'CH2', 'CHZ']",2019-01-08T18:32:58.930000Z,40.01
678,20190108T183643Z,1J.TI3A.,"['CH1', 'CH2', 'CHZ']",2019-01-08T18:36:43.780000Z,3.82
679,20190108T183924Z,1J.TI3A.,"['CH1', 'CH2', 'CHZ']",2019-01-08T18:39:24.460000Z,1.51
680,20190108T184110Z,1J.TI3A.,"['CH1', 'CH2', 'CHZ']",2019-01-08T18:41:10.460000Z,24.85
681,20190108T184440Z,1J.TI3A.,"['CH1', 'CH2', 'CHZ']",2019-01-08T18:44:40.170000Z,2.2
682,20190108T184603Z,1J.TI3A.,"['CH1', 'CH2', 'CHZ']",2019-01-08T18:46:03.590000Z,2.61
683,20190108T184711Z,1J.TI3A.,"['CH1', 'CH2', 'CHZ']",2019-01-08T18:47:11.860000Z,2.57
684,20190108T184800Z,1J.TI3A.,"['CH1', 'CH2', 'CHZ']",2019-01-08T18:48:00.040000Z,6.87
685,20190108T184831Z,1J.TI3A.,"['CH1', 'CH2', 'CHZ']",2019-01-08T18:48:31.390000Z,5.73
686,20190108T185527Z,1J.TI3A.,"['CH1', 'CH2', 'CHZ']",2019-01-08T18:55:27.370000Z,5.16
687,20190108T185804Z,1J.TI3A.,"['CH1', 'CH2', 'CHZ']",2019-01-08T18:58:04.060000Z,1.86
688,20190108T185911Z,1J.TI3A.,"['CH1', 'CH2', 'CHZ']",2019-01-08T18:59:11.920000Z,4.6
689,20190108T190040Z,1J.TI3A.,"['CH1', 'CH2', 'CHZ']",2019-01-08T19:00:40.020000Z,1.06
690,20190108T190507Z,1J.TI3A.,"['CH1', 'CH2', 'CHZ']",2019-01-08T19:05:07.280000Z,8.96
691,20190108T190905Z,1J.TI3A.,"['CH1', 'CH2', 'CHZ']",2019-01-08T19:09:05.820000Z,1.85
692,20190108T191905Z,1J.TI3A.,"['CH1', 'CH2', 'CHZ']",2019-01-08T19:19:05.910000Z,6.58
693,20190108T192433Z,1J.TI3A.,"['CH1', 'CH2', 'CHZ']",2019-01-08T19:24:33.650000Z,21.74
694,20190108T192857Z,1J.TI3A.,"['CH1', 'CH2', 'CHZ']",2019-01-08T19:28:57.070000Z,2.48
695,20190108T193120Z,1J.TI3A.,"['CH1', 'CH2', 'CHZ']",2019-01-08T19:31:20.970000Z,3.39
696,20190108T193444Z,1J.TI3A.,"['CH1', 'CH2', 'CHZ']",2019-01-08T19:34:44.320000Z,5.47
697,20190108T193611Z,1J.TI3A.,"['CH1', 'CH2', 'CHZ']",2019-01-08T19:36:11.530000Z,1.44
698,20190108T194035Z,1J.TI3A.,"['CH1', 'CH2', 'CHZ']",2019-01-08T19:40:35.330000Z,0.98
699,20190108T194248Z,1J.TI3A.,"['CH1', 'CH2', 'CHZ']",2019-01-08T19:42:48.520000Z,5.09
700,20190108T194516Z,1J.TI3A.,"['CH1', 'CH2', 'CHZ']",2019-01-08T19:45:16.390000Z,9.79
701,20190108T194536Z,1J.TI3A.,"['CH1', 'CH2', 'CHZ']",2019-01-08T19:45:36.980000Z,6.87
702,20190108T194616Z,1J.TI3A.,"['CH1', 'CH2', 'CHZ']",2019-01-08T19:46:16.820000Z,24.13
703,20190108T194755Z,1J.TI3A.,"['CH1', 'CH2', 'CHZ']",2019-01-08T19:47:55.230000Z,1.81
704,20190108T195451Z,1J.TI3A.,"['CH1', 'CH2', 'CHZ']",2019-01-08T19:54:51.600000Z,4.68
705,20190108T195702Z,1J.TI3A.,"['CH1', 'CH2', 'CHZ']",2019-01-08T19:57:02.840000Z,4.05
706,20190108T195904Z,1J.TI3A.,"['CH1', 'CH2', 'CHZ']",2019-01-08T19:59:04.660000Z,8.36
707,20190108T195938Z,1J.TI3A.,"['CH1', 'CH2', 'CHZ']",2019-01-08T19:59:38.100000Z,36.52
708,20190108T200407Z,1J.TI3A.,"['CH1', 'CH2', 'CHZ']",2019-01-08T20:04:07.450000Z,16.29
709,20190108T200548Z,1J.TI3A.,"['CH1', 'CH2', 'CHZ']",2019-01-08T20:05:48.080000Z,1.93
710,20190108T201335Z,1J.TI3A.,"['CH1', 'CH2', 'CHZ']",2019-01-08T20:13:35.580000Z,5.53
711,20190108T201523Z,1J.TI3A.,"['CH1', 'CH2', 'CHZ']",2019-01-08T20:15:23.020000Z,9.76
712,20190108T201709Z,1J.TI3A.,"['CH1', 'CH2', 'CHZ']",2019-01-08T20:17:09.810000Z,4.41
713,20190108T201820Z,1J.TI3A.,"['CH1', 'CH2', 'CHZ']",2019-01-08T20:18:20.990000Z,3.85
714,20190108T201846Z,1J.TI3A.,"['CH1', 'CH2', 'CHZ']",2019-01-08T20:18:46.990000Z,2.69
715,20190108T201927Z,1J.TI3A.,"['CH1', 'CH2', 'CHZ']",2019-01-08T20:19:27.040000Z,37.49
716,20190108T202036Z,1J.TI3A.,"['CH1', 'CH2', 'CHZ']",2019-01-08T20:20:36.730000Z,3.28
717,20190108T202626Z,1J.TI3A.,"['CH1', 'CH2', 'CHZ']",2019-01-08T20:26:26.770000Z,1.0
718,20190108T203115Z,1J.TI3A.,"['CH1', 'CH2', 'CHZ']",2019-01-08T20:31:15.190000Z,2.09
719,20190108T203301Z,1J.TI3A.,"['CH1', 'CH2', 'CHZ']",2019-01-08T20:33:01.090000Z,2.98
720,20190108T203326Z,1J.TI3A.,"['CH1', 'CH2', 'CHZ']",2019-01-08T20:33:26.760000Z,38.84
721,20190108T203637Z,1J.TI3A.,"['CH1', 'CH2', 'CHZ']",2019-01-08T20:36:37.870000Z,6.24
722,20190108T205409Z,1J.TI3A.,"['CH1', 'CH2', 'CHZ']",2019-01-08T20:54:09.330000Z,1.47
723,20190108T210008Z,1J.TI3A.,"['CH1', 'CH2', 'CHZ']",2019-01-08T21:00:08.800000Z,1.47
724,20190108T210852Z,1J.TI3A.,"['CH1', 'CH2', 'CHZ']",2019-01-08T21:08:53.200000Z,19.03
725,20190108T211106Z,1J.TI3A.,"['CH1', 'CH2', 'CHZ']",2019-01-08T21:11:06.070000Z,4.9
726,20190108T211143Z,1J.TI3A.,"['CH1', 'CH2', 'CHZ']",2019-01-08T21:11:43.590000Z,7.38
727,20190108T211200Z,1J.TI3A.,"['CH1', 'CH2', 'CHZ']",2019-01-08T21:12:00.150000Z,33.24
728,20190108T211535Z,1J.TI3A.,"['CH1', 'CH2', 'CHZ']",2019-01-08T21:15:35.240000Z,10.75
729,20190108T211631Z,1J.TI3A.,"['CH1', 'CH2', 'CHZ']",2019-01-08T21:16:31.360000Z,1.41
730,20190108T212001Z,1J.TI3A.,"['CH1', 'CH2', 'CHZ']",2019-01-08T21:20:01.040000Z,1.61
731,20190108T212009Z,1J.TI3A.,"['CH1', 'CH2', 'CHZ']",2019-01-08T21:20:09.450000Z,1.5
732,20190108T212043Z,1J.TI3A.,"['CH1', 'CH2', 'CHZ']",2019-01-08T21:20:43.980000Z,3.7
733,20190108T212101Z,1J.TI3A.,"['CH1', 'CH2', 'CHZ']",2019-01-08T21:21:01.200000Z,17.97
734,20190108T212204Z,1J.TI3A.,"['CH1', 'CH2', 'CHZ']",2019-01-08T21:22:04.440000Z,1.63
735,20190108T213028Z,1J.TI3A.,"['CH1', 'CH2', 'CHZ']",2019-01-08T21:30:28.940000Z,39.94
736,20190108T213708Z,1J.TI3A.,"['CH1', 'CH2', 'CHZ']",2019-01-08T21:37:08.310000Z,10.0
737,20190108T221011Z,1J.TI3A.,"['CH1', 'CH2', 'CHZ']",2019-01-08T22:10:11.040000Z,8.83
738,20190108T222135Z,1J.TI3A.,"['CH1', 'CH2', 'CHZ']",2019-01-08T22:21:35.990000Z,5.59
739,20190108T222240Z,1J.TI3A.,"['CH1', 'CH2', 'CHZ']",2019-01-08T22:22:40.980000Z,3.74
740,20190108T222253Z,1J.TI3A.,"['CH1', 'CH2', 'CHZ']",2019-01-08T22:22:53.380000Z,18.5
741,20190108T222447Z,1J.TI3A.,"['CH1', 'CH2', 'CHZ']",2019-01-08T22:24:52.490000Z,2.92
742,20190108T223454Z,1J.TI3A.,"['CH1', 'CH2', 'CHZ']",2019-01-08T22:34:54.250000Z,33.33
743,20190108T225440Z,1J.TI3A.,"['CH1', 'CH2', 'CHZ']",2019-01-08T22:54:40.120000Z,1.09
744,20190108T231508Z,1J.TI3A.,"['CH1', 'CH2', 'CHZ']",2019-01-08T23:15:08.850000Z,0.71
745,20190108T232905Z,1J.TI3A.,"['CH1', 'CH2', 'CHZ']",2019-01-08T23:29:05.430000Z,1.06
746,20190108T233000Z,1J.TI3A.,"['CH1', 'CH2', 'CHZ']",2019-01-08T23:30:00.520000Z,18.61
747,20190108T233123Z,1J.TI3A.,"['CH1', 'CH2', 'CHZ']",2019-01-08T23:31:23.450000Z,4.87
748,20190108T233145Z,1J.TI3A.,"['CH1', 'CH2', 'CHZ']",2019-01-08T23:31:45.290000Z,1.16
749,20190108T233237Z,1J.TI3A.,"['CH1', 'CH2', 'CHZ']",2019-01-08T23:32:37.390000Z,1.96
750,20190108T233252Z,1J.TI3A.,"['CH1', 'CH2', 'CHZ']",2019-01-08T23:32:52.310000Z,4.23
751,20190108T233407Z,1J.TI3A.,"['CH1', 'CH2', 'CHZ']",2019-01-08T23:34:07.830000Z,5.98
752,20190108T233606Z,1J.TI3A.,"['CH1', 'CH2', 'CHZ']",2019-01-08T23:36:06.250000Z,4.88
753,20190108T233633Z,1J.TI3A.,"['CH1', 'CH2', 'CHZ']",2019-01-08T23:36:33.850000Z,1.24
754,20190108T233651Z,1J.TI3A.,"['CH1', 'CH2', 'CHZ']",2019-01-08T23:36:51.350000Z,35.65
755,20190108T233756Z,1J.TI3A.,"['CH1', 'CH2', 'CHZ']",2019-01-08T23:37:56.490000Z,2.4
756,20190108T233955Z,1J.TI3A.,"['CH1', 'CH2', 'CHZ']",2019-01-08T23:39:55.010000Z,0.79
757,20190108T234108Z,1J.TI3A.,"['CH1', 'CH2', 'CHZ']",2019-01-08T23:41:15.080000Z,4.15
758,20190108T234154Z,1J.TI3A.,"['CH1', 'CH2', 'CHZ']",2019-01-08T23:41:54.480000Z,3.16
759,20190108T234548Z,1J.TI3A.,"['CH1', 'CH2', 'CHZ']",2019-01-08T23:45:48.470000Z,7.8
760,20190108T234629Z,1J.TI3A.,"['CH1', 'CH2', 'CHZ']",2019-01-08T23:46:29.580000Z,8.11
761,20190108T234729Z,1J.TI3A.,"['CH1', 'CH2', 'CHZ']",2019-01-08T23:47:29.960000Z,3.57
762,20190108T234812Z,1J.TI3A.,"['CH1', 'CH2', 'CHZ']",2019-01-08T23:48:12.750000Z,13.68
763,20190108T234915Z,1J.TI3A.,"['CH1', 'CH2', 'CHZ']",2019-01-08T23:49:15.780000Z,0.86
764,20190108T235316Z,1J.TI3A.,"['CH1', 'CH2', 'CHZ']",2019-01-08T23:53:16.140000Z,1.65
765,20190108T235338Z,1J.TI3A.,"['CH1', 'CH2', 'CHZ']",2019-01-08T23:53:38.940000Z,8.45
766,20190108T235441Z,1J.TI3A.,"['CH1', 'CH2', 'CHZ']",2019-01-08T23:54:41.860000Z,2.15
767,20190108T235739Z,1J.TI3A.,"['CH1', 'CH2', 'CHZ']",2019-01-08T23:57:39.360000Z,16.73
768,20190108T235831Z,1J.TI3A.,"['CH1', 'CH2', 'CHZ']",2019-01-08T23:58:31.040000Z,7.4
769,20190108T000019Z,1J.TI8A.,"['CH1', 'CH2', 'CHZ']",2019-01-08T00:00:19.760000Z,1.0
770,20190108T000114Z,1J.TI8A.,"['CH1', 'CH2', 'CHZ']",2019-01-08T00:01:14.660000Z,0.8
771,20190108T002603Z,1J.TI8A.,"['CH1', 'CH2', 'CHZ']",2019-01-08T00:26:03.130000Z,0.88
772,20190108T003202Z,1J.TI8A.,"['CH1', 'CH2', 'CHZ']",2019-01-08T00:32:02.130000Z,18.43
773,20190108T003509Z,1J.TI8A.,"['CH1', 'CH2', 'CHZ']",2019-01-08T00:35:09.880000Z,1.18
774,20190108T010233Z,1J.TI8A.,"['CH1', 'CH2', 'CHZ']",2019-01-08T01:02:33.020000Z,2.37
775,20190108T011303Z,1J.TI8A.,"['CH1', 'CH2', 'CHZ']",2019-01-08T01:13:03.380000Z,1.2
776,20190108T011351Z,1J.TI8A.,"['CH1', 'CH2', 'CHZ']",2019-01-08T01:13:51.940000Z,21.16
777,20190108T011852Z,1J.TI8A.,"['CH1', 'CH2', 'CHZ']",2019-01-08T01:18:52.380000Z,1.21
778,20190108T012709Z,1J.TI8A.,"['CH1', 'CH2', 'CHZ']",2019-01-08T01:27:09.900000Z,1.05
779,20190108T012759Z,1J.TI8A.,"['CH1', 'CH2', 'CHZ']",2019-01-08T01:28:14.360000Z,18.71
780,20190108T014936Z,1J.TI8A.,"['CH1', 'CH2', 'CHZ']",2019-01-08T01:49:36.270000Z,1.04
781,20190108T015345Z,1J.TI8A.,"['CH1', 'CH2', 'CHZ']",2019-01-08T01:53:45.200000Z,1.28
782,20190108T015424Z,1J.TI8A.,"['CH1', 'CH2', 'CHZ']",2019-01-08T01:54:24.690000Z,1.14
783,20190108T015651Z,1J.TI8A.,"['CH1', 'CH2', 'CHZ']",2019-01-08T01:56:51.940000Z,3.89
784,20190108T020107Z,1J.TI8A.,"['CH1', 'CH2', 'CHZ']",2019-01-08T02:01:07.500000Z,1.02
785,20190108T020248Z,1J.TI8A.,"['CH1', 'CH2', 'CHZ']",2019-01-08T02:02:48.480000Z,1.42
786,20190108T020331Z,1J.TI8A.,"['CH1', 'CH2', 'CHZ']",2019-01-08T02:03:31.650000Z,1.15
787,20190108T020519Z,1J.TI8A.,"['CH1', 'CH2', 'CHZ']",2019-01-08T02:05:47.910000Z,1.25
788,20190108T020950Z,1J.TI8A.,"['CH1', 'CH2', 'CHZ']",2019-01-08T02:09:50.310000Z,1.56
789,20190108T021029Z,1J.TI8A.,"['CH1', 'CH2', 'CHZ']",2019-01-08T02:10:29.590000Z,1.33
790,20190108T021202Z,1J.TI8A.,"['CH1', 'CH2', 'CHZ']",2019-01-08T02:12:02.490000Z,1.12
791,20190108T021335Z,1J.TI8A.,"['CH1', 'CH2', 'CHZ']",2019-01-08T02:13:35.040000Z,1.55
792,20190108T021449Z,1J.TI8A.,"['CH1', 'CH2', 'CHZ']",2019-01-08T02:14:49.780000Z,2.7
793,20190108T021616Z,1J.TI8A.,"['CH1', 'CH2', 'CHZ']",2019-01-08T02:16:43.120000Z,2.99
794,20190108T021810Z,1J.TI8A.,"['CH1', 'CH2', 'CHZ']",2019-01-08T02:18:10.100000Z,2.47
795,20190108T021933Z,1J.TI8A.,"['CH1', 'CH2', 'CHZ']",2019-01-08T02:19:33.780000Z,1.69
796,20190108T021953Z,1J.TI8A.,"['CH1', 'CH2', 'CHZ']",2019-01-08T02:19:53.080000Z,21.27
797,20190108T022124Z,1J.TI8A.,"['CH1', 'CH2', 'CHZ']",2019-01-08T02:21:24.040000Z,1.35
798,20190108T022152Z,1J.TI8A.,"['CH1', 'CH2', 'CHZ']",2019-01-08T02:21:57.810000Z,3.31
799,20190108T022226Z,1J.TI8A.,"['CH1', 'CH2', 'CHZ']",2019-01-08T02:22:26.840000Z,0.79
800,20190108T022416Z,1J.TI8A.,"['CH1', 'CH2', 'CHZ']",2019-01-08T02:24:16.670000Z,2.26
801,20190108T022612Z,1J.TI8A.,"['CH1', 'CH2', 'CHZ']",2019-01-08T02:26:12.050000Z,3.9
802,20190108T022644Z,1J.TI8A.,"['CH1', 'CH2', 'CHZ']",2019-01-08T02:26:44.010000Z,17.21
803,20190108T023252Z,1J.TI8A.,"['CH1', 'CH2', 'CHZ']",2019-01-08T02:32:52.870000Z,4.87
804,20190108T023354Z,1J.TI8A.,"['CH1', 'CH2', 'CHZ']",2019-01-08T02:33:54.910000Z,2.91
805,20190108T023556Z,1J.TI8A.,"['CH1', 'CH2', 'CHZ']",2019-01-08T02:35:56.730000Z,4.34
806,20190108T023705Z,1J.TI8A.,"['CH1', 'CH2', 'CHZ']",2019-01-08T02:37:05.500000Z,4.51
807,20190108T023813Z,1J.TI8A.,"['CH1', 'CH2', 'CHZ']",2019-01-08T02:38:13.130000Z,4.78
808,20190108T023906Z,1J.TI8A.,"['CH1', 'CH2', 'CHZ']",2019-01-08T02:39:06.570000Z,4.49
809,20190108T023956Z,1J.TI8A.,"['CH1', 'CH2', 'CHZ']",2019-01-08T02:39:56.470000Z,2.37
810,20190108T024044Z,1J.TI8A.,"['CH1', 'CH2', 'CHZ']",2019-01-08T02:40:44.760000Z,3.09
811,20190108T024136Z,1J.TI8A.,"['CH1', 'CH2', 'CHZ']",2019-01-08T02:41:36.200000Z,3.39
812,20190108T024235Z,1J.TI8A.,"['CH1', 'CH2', 'CHZ']",2019-01-08T02:42:35.810000Z,3.61
813,20190108T024341Z,1J.TI8A.,"['CH1', 'CH2', 'CHZ']",2019-01-08T02:43:41.200000Z,5.16
814,20190108T024442Z,1J.TI8A.,"['CH1', 'CH2', 'CHZ']",2019-01-08T02:44:42.490000Z,2.67
815,20190108T024540Z,1J.TI8A.,"['CH1', 'CH2', 'CHZ']",2019-01-08T02:45:40.330000Z,4.23
816,20190108T024621Z,1J.TI8A.,"['CH1', 'CH2', 'CHZ']",2019-01-08T02:46:21.540000Z,3.79
817,20190108T024719Z,1J.TI8A.,"['CH1', 'CH2', 'CHZ']",2019-01-08T02:47:19.140000Z,2.74
818,20190108T024823Z,1J.TI8A.,"['CH1', 'CH2', 'CHZ']",2019-01-08T02:48:23.930000Z,3.95
819,20190108T024913Z,1J.TI8A.,"['CH1', 'CH2', 'CHZ']",2019-01-08T02:49:13.230000Z,3.47
820,20190108T024957Z,1J.TI8A.,"['CH1', 'CH2', 'CHZ']",2019-01-08T02:50:12.490000Z,4.62
821,20190108T025116Z,1J.TI8A.,"['CH1', 'CH2', 'CHZ']",2019-01-08T02:51:16.800000Z,3.13
822,20190108T025300Z,1J.TI8A.,"['CH1', 'CH2', 'CHZ']",2019-01-08T02:53:00.250000Z,7.16
823,20190108T025334Z,1J.TI8A.,"['CH1', 'CH2', 'CHZ']",2019-01-08T02:53:37.790000Z,11.91
824,20190108T025435Z,1J.TI8A.,"['CH1', 'CH2', 'CHZ']",2019-01-08T02:54:35.830000Z,2.32
825,20190108T025529Z,1J.TI8A.,"['CH1', 'CH2', 'CHZ']",2019-01-08T02:55:29.810000Z,3.32
826,20190108T025627Z,1J.TI8A.,"['CH1', 'CH2', 'CHZ']",2019-01-08T02:56:27.440000Z,4.17
827,20190108T025722Z,1J.TI8A.,"['CH1', 'CH2', 'CHZ']",2019-01-08T02:57:22.210000Z,6.21
828,20190108T025812Z,1J.TI8A.,"['CH1', 'CH2', 'CHZ']",2019-01-08T02:58:12.150000Z,2.8
829,20190108T025906Z,1J.TI8A.,"['CH1', 'CH2', 'CHZ']",2019-01-08T02:59:06.290000Z,2.97
830,20190108T030007Z,1J.TI8A.,"['CH1', 'CH2', 'CHZ']",2019-01-08T03:00:07.780000Z,4.16
831,20190108T030051Z,1J.TI8A.,"['CH1', 'CH2', 'CHZ']",2019-01-08T03:00:51.920000Z,2.44
832,20190108T030147Z,1J.TI8A.,"['CH1', 'CH2', 'CHZ']",2019-01-08T03:01:47.930000Z,5.98
833,20190108T030231Z,1J.TI8A.,"['CH1', 'CH2', 'CHZ']",2019-01-08T03:02:31.870000Z,3.06
834,20190108T030330Z,1J.TI8A.,"['CH1', 'CH2', 'CHZ']",2019-01-08T03:03:30.020000Z,2.78
835,20190108T030428Z,1J.TI8A.,"['CH1', 'CH2', 'CHZ']",2019-01-08T03:04:28.270000Z,4.05
836,20190108T030610Z,1J.TI8A.,"['CH1', 'CH2', 'CHZ']",2019-01-08T03:06:10.310000Z,4.94
837,20190108T030733Z,1J.TI8A.,"['CH1', 'CH2', 'CHZ']",2019-01-08T03:07:33.690000Z,5.54
838,20190108T030847Z,1J.TI8A.,"['CH1', 'CH2', 'CHZ']",2019-01-08T03:08:47.840000Z,4.06
839,20190108T030943Z,1J.TI8A.,"['CH1', 'CH2', 'CHZ']",2019-01-08T03:09:43.020000Z,2.64
840,20190108T031046Z,1J.TI8A.,"['CH1', 'CH2', 'CHZ']",2019-01-08T03:11:01.610000Z,13.4
841,20190108T031200Z,1J.TI8A.,"['CH1', 'CH2', 'CHZ']",2019-01-08T03:12:00.400000Z,2.3
842,20190108T031256Z,1J.TI8A.,"['CH1', 'CH2', 'CHZ']",2019-01-08T03:12:56.390000Z,3.32
843,20190108T031359Z,1J.TI8A.,"['CH1', 'CH2', 'CHZ']",2019-01-08T03:13:59.430000Z,3.57
844,20190108T031451Z,1J.TI8A.,"['CH1', 'CH2', 'CHZ']",2019-01-08T03:14:51.220000Z,2.89
845,20190108T031547Z,1J.TI8A.,"['CH1', 'CH2', 'CHZ']",2019-01-08T03:15:47.850000Z,2.4
846,20190108T031646Z,1J.TI8A.,"['CH1', 'CH2', 'CHZ']",2019-01-08T03:16:46.840000Z,3.01
847,20190108T031736Z,1J.TI8A.,"['CH1', 'CH2', 'CHZ']",2019-01-08T03:17:36.780000Z,2.6
848,20190108T031838Z,1J.TI8A.,"['CH1', 'CH2', 'CHZ']",2019-01-08T03:18:38.760000Z,2.64
849,20190108T031926Z,1J.TI8A.,"['CH1', 'CH2', 'CHZ']",2019-01-08T03:19:26.630000Z,3.34
850,20190108T032035Z,1J.TI8A.,"['CH1', 'CH2', 'CHZ']",2019-01-08T03:20:35.090000Z,3.98
851,20190108T032140Z,1J.TI8A.,"['CH1', 'CH2', 'CHZ']",2019-01-08T03:21:40.560000Z,3.49
852,20190108T032245Z,1J.TI8A.,"['CH1', 'CH2', 'CHZ']",2019-01-08T03:22:45.870000Z,2.08
853,20190108T032342Z,1J.TI8A.,"['CH1', 'CH2', 'CHZ']",2019-01-08T03:23:45.490000Z,9.42
854,20190108T032446Z,1J.TI8A.,"['CH1', 'CH2', 'CHZ']",2019-01-08T03:24:46.000000Z,3.35
855,20190108T032537Z,1J.TI8A.,"['CH1', 'CH2', 'CHZ']",2019-01-08T03:25:41.120000Z,48.17
856,20190108T032731Z,1J.TI8A.,"['CH1', 'CH2', 'CHZ']",2019-01-08T03:27:31.260000Z,1.49
857,20190108T032822Z,1J.TI8A.,"['CH1', 'CH2', 'CHZ']",2019-01-08T03:28:24.670000Z,2.31
858,20190108T032922Z,1J.TI8A.,"['CH1', 'CH2', 'CHZ']",2019-01-08T03:29:22.700000Z,2.89
859,20190108T033019Z,1J.TI8A.,"['CH1', 'CH2', 'CHZ']",2019-01-08T03:30:19.570000Z,3.23
860,20190108T033119Z,1J.TI8A.,"['CH1', 'CH2', 'CHZ']",2019-01-08T03:31:19.650000Z,2.82
861,20190108T033220Z,1J.TI8A.,"['CH1', 'CH2', 'CHZ']",2019-01-08T03:32:20.080000Z,3.28
862,20190108T033317Z,1J.TI8A.,"['CH1', 'CH2', 'CHZ']",2019-01-08T03:33:17.190000Z,3.45
863,20190108T033419Z,1J.TI8A.,"['CH1', 'CH2', 'CHZ']",2019-01-08T03:34:19.560000Z,3.67
864,20190108T033532Z,1J.TI8A.,"['CH1', 'CH2', 'CHZ']",2019-01-08T03:35:32.930000Z,4.69
865,20190108T033539Z,1J.TI8A.,"['CH1', 'CH2', 'CHZ']",2019-01-08T03:35:44.470000Z,19.61
866,20190108T033644Z,1J.TI8A.,"['CH1', 'CH2', 'CHZ']",2019-01-08T03:36:44.150000Z,1.81
867,20190108T033813Z,1J.TI8A.,"['CH1', 'CH2', 'CHZ']",2019-01-08T03:38:13.110000Z,3.84
868,20190108T033901Z,1J.TI8A.,"['CH1', 'CH2', 'CHZ']",2019-01-08T03:39:04.520000Z,56.09
869,20190108T034042Z,1J.TI8A.,"['CH1', 'CH2', 'CHZ']",2019-01-08T03:40:42.390000Z,1.13
870,20190108T034201Z,1J.TI8A.,"['CH1', 'CH2', 'CHZ']",2019-01-08T03:42:06.390000Z,2.81
871,20190108T034315Z,1J.TI8A.,"['CH1', 'CH2', 'CHZ']",2019-01-08T03:43:15.710000Z,3.25
872,20190108T034415Z,1J.TI8A.,"['CH1', 'CH2', 'CHZ']",2019-01-08T03:44:15.020000Z,3.83
873,20190108T034507Z,1J.TI8A.,"['CH1', 'CH2', 'CHZ']",2019-01-08T03:45:07.530000Z,2.7
874,20190108T034551Z,1J.TI8A.,"['CH1', 'CH2', 'CHZ']",2019-01-08T03:45:51.980000Z,2.08
875,20190108T034643Z,1J.TI8A.,"['CH1', 'CH2', 'CHZ']",2019-01-08T03:46:43.200000Z,3.39
876,20190108T034730Z,1J.TI8A.,"['CH1', 'CH2', 'CHZ']",2019-01-08T03:47:30.310000Z,3.33
877,20190108T034825Z,1J.TI8A.,"['CH1', 'CH2', 'CHZ']",2019-01-08T03:48:25.630000Z,4.5
878,20190108T034915Z,1J.TI8A.,"['CH1', 'CH2', 'CHZ']",2019-01-08T03:49:15.670000Z,2.54
879,20190108T035011Z,1J.TI8A.,"['CH1', 'CH2', 'CHZ']",2019-01-08T03:50:11.910000Z,4.24
880,20190108T035105Z,1J.TI8A.,"['CH1', 'CH2', 'CHZ']",2019-01-08T03:51:05.800000Z,3.23
881,20190108T035203Z,1J.TI8A.,"['CH1', 'CH2', 'CHZ']",2019-01-08T03:52:03.760000Z,4.05
882,20190108T035255Z,1J.TI8A.,"['CH1', 'CH2', 'CHZ']",2019-01-08T03:52:55.850000Z,3.42
883,20190108T035354Z,1J.TI8A.,"['CH1', 'CH2', 'CHZ']",2019-01-08T03:53:54.840000Z,3.5
884,20190108T035457Z,1J.TI8A.,"['CH1', 'CH2', 'CHZ']",2019-01-08T03:55:01.330000Z,8.61
885,20190108T035602Z,1J.TI8A.,"['CH1', 'CH2', 'CHZ']",2019-01-08T03:56:02.310000Z,4.3
886,20190108T035653Z,1J.TI8A.,"['CH1', 'CH2', 'CHZ']",2019-01-08T03:56:53.740000Z,4.53
887,20190108T035737Z,1J.TI8A.,"['CH1', 'CH2', 'CHZ']",2019-01-08T03:58:05.820000Z,5.94
888,20190108T035911Z,1J.TI8A.,"['CH1', 'CH2', 'CHZ']",2019-01-08T03:59:11.180000Z,5.55
889,20190108T040023Z,1J.TI8A.,"['CH1', 'CH2', 'CHZ']",2019-01-08T04:00:23.030000Z,4.97
890,20190108T040131Z,1J.TI8A.,"['CH1', 'CH2', 'CHZ']",2019-01-08T04:01:31.310000Z,5.45
891,20190108T040238Z,1J.TI8A.,"['CH1', 'CH2', 'CHZ']",2019-01-08T04:02:38.690000Z,5.63
892,20190108T040352Z,1J.TI8A.,"['CH1', 'CH2', 'CHZ']",2019-01-08T04:03:52.460000Z,7.53
893,20190108T040456Z,1J.TI8A.,"['CH1', 'CH2', 'CHZ']",2019-01-08T04:04:56.820000Z,5.43
894,20190108T040607Z,1J.TI8A.,"['CH1', 'CH2', 'CHZ']",2019-01-08T04:06:07.690000Z,5.68
895,20190108T040705Z,1J.TI8A.,"['CH1', 'CH2', 'CHZ']",2019-01-08T04:07:05.470000Z,4.93
896,20190108T040754Z,1J.TI8A.,"['CH1', 'CH2', 'CHZ']",2019-01-08T04:07:54.990000Z,3.54
897,20190108T040857Z,1J.TI8A.,"['CH1', 'CH2', 'CHZ']",2019-01-08T04:08:57.110000Z,4.31
898,20190108T041002Z,1J.TI8A.,"['CH1', 'CH2', 'CHZ']",2019-01-08T04:10:02.290000Z,4.9
899,20190108T041029Z,1J.TI8A.,"['CH1', 'CH2', 'CHZ']",2019-01-08T04:10:31.800000Z,49.65
900,20190108T041217Z,1J.TI8A.,"['CH1', 'CH2', 'CHZ']",2019-01-08T04:12:17.700000Z,2.12
901,20190108T041345Z,1J.TI8A.,"['CH1', 'CH2', 'CHZ']",2019-01-08T04:13:45.020000Z,4.58
902,20190108T041443Z,1J.TI8A.,"['CH1', 'CH2', 'CHZ']",2019-01-08T04:14:43.460000Z,4.25
903,20190108T041603Z,1J.TI8A.,"['CH1', 'CH2', 'CHZ']",2019-01-08T04:16:03.150000Z,6.1
904,20190108T041717Z,1J.TI8A.,"['CH1', 'CH2', 'CHZ']",2019-01-08T04:17:17.860000Z,6.67
905,20190108T041821Z,1J.TI8A.,"['CH1', 'CH2', 'CHZ']",2019-01-08T04:18:21.420000Z,5.71
906,20190108T041934Z,1J.TI8A.,"['CH1', 'CH2', 'CHZ']",2019-01-08T04:19:34.290000Z,5.34
907,20190108T042042Z,1J.TI8A.,"['CH1', 'CH2', 'CHZ']",2019-01-08T04:20:42.150000Z,5.93
908,20190108T042215Z,1J.TI8A.,"['CH1', 'CH2', 'CHZ']",2019-01-08T04:22:15.510000Z,7.99
909,20190108T042319Z,1J.TI8A.,"['CH1', 'CH2', 'CHZ']",2019-01-08T04:23:19.860000Z,5.65
910,20190108T042417Z,1J.TI8A.,"['CH1', 'CH2', 'CHZ']",2019-01-08T04:24:17.230000Z,4.32
911,20190108T042515Z,1J.TI8A.,"['CH1', 'CH2', 'CHZ']",2019-01-08T04:25:19.140000Z,40.18
912,20190108T042848Z,1J.TI8A.,"['CH1', 'CH2', 'CHZ']",2019-01-08T04:28:48.100000Z,3.85
913,20190108T042956Z,1J.TI8A.,"['CH1', 'CH2', 'CHZ']",2019-01-08T04:29:56.980000Z,4.66
914,20190108T043110Z,1J.TI8A.,"['CH1', 'CH2', 'CHZ']",2019-01-08T04:31:10.200000Z,5.18
915,20190108T043224Z,1J.TI8A.,"['CH1', 'CH2', 'CHZ']",2019-01-08T04:32:24.290000Z,4.41
916,20190108T043334Z,1J.TI8A.,"['CH1', 'CH2', 'CHZ']",2019-01-08T04:33:34.510000Z,3.82
917,20190108T043340Z,1J.TI8A.,"['CH1', 'CH2', 'CHZ']",2019-01-08T04:33:54.400000Z,28.24
918,20190108T043451Z,1J.TI8A.,"['CH1', 'CH2', 'CHZ']",2019-01-08T04:34:51.340000Z,1.51
919,20190108T043614Z,1J.TI8A.,"['CH1', 'CH2', 'CHZ']",2019-01-08T04:36:14.160000Z,3.7
920,20190108T043729Z,1J.TI8A.,"['CH1', 'CH2', 'CHZ']",2019-01-08T04:37:29.310000Z,4.26
921,20190108T043842Z,1J.TI8A.,"['CH1', 'CH2', 'CHZ']",2019-01-08T04:39:10.990000Z,5.17
922,20190108T043950Z,1J.TI8A.,"['CH1', 'CH2', 'CHZ']",2019-01-08T04:40:41.530000Z,6.31
923,20190108T044149Z,1J.TI8A.,"['CH1', 'CH2', 'CHZ']",2019-01-08T04:41:49.070000Z,5.84
924,20190108T044256Z,1J.TI8A.,"['CH1', 'CH2', 'CHZ']",2019-01-08T04:42:56.480000Z,4.33
925,20190108T044348Z,1J.TI8A.,"['CH1', 'CH2', 'CHZ']",2019-01-08T04:43:48.410000Z,3.69
926,20190108T044518Z,1J.TI8A.,"['CH1', 'CH2', 'CHZ']",2019-01-08T04:45:18.710000Z,6.14
927,20190108T044644Z,1J.TI8A.,"['CH1', 'CH2', 'CHZ']",2019-01-08T04:46:44.750000Z,5.83
928,20190108T044748Z,1J.TI8A.,"['CH1', 'CH2', 'CHZ']",2019-01-08T04:47:48.370000Z,4.09
929,20190108T044845Z,1J.TI8A.,"['CH1', 'CH2', 'CHZ']",2019-01-08T04:48:45.960000Z,4.36
930,20190108T044933Z,1J.TI8A.,"['CH1', 'CH2', 'CHZ']",2019-01-08T04:49:33.060000Z,3.55
931,20190108T045039Z,1J.TI8A.,"['CH1', 'CH2', 'CHZ']",2019-01-08T04:50:39.280000Z,19.66
932,20190108T045237Z,1J.TI8A.,"['CH1', 'CH2', 'CHZ']",2019-01-08T04:52:37.750000Z,2.07
933,20190108T045326Z,1J.TI8A.,"['CH1', 'CH2', 'CHZ']",2019-01-08T04:53:26.820000Z,2.27
934,20190108T045432Z,1J.TI8A.,"['CH1', 'CH2', 'CHZ']",2019-01-08T04:54:32.480000Z,2.92
935,20190108T045513Z,1J.TI8A.,"['CH1', 'CH2', 'CHZ']",2019-01-08T04:55:14.810000Z,8.86
936,20190108T045626Z,1J.TI8A.,"['CH1', 'CH2', 'CHZ']",2019-01-08T04:56:26.280000Z,2.36
937,20190108T045714Z,1J.TI8A.,"['CH1', 'CH2', 'CHZ']",2019-01-08T04:57:14.210000Z,2.6
938,20190108T045846Z,1J.TI8A.,"['CH1', 'CH2', 'CHZ']",2019-01-08T04:58:46.220000Z,4.63
939,20190108T045943Z,1J.TI8A.,"['CH1', 'CH2', 'CHZ']",2019-01-08T04:59:43.130000Z,3.5
940,20190108T050055Z,1J.TI8A.,"['CH1', 'CH2', 'CHZ']",2019-01-08T05:00:55.390000Z,0.66
941,20190108T050105Z,1J.TI8A.,"['CH1', 'CH2', 'CHZ']",2019-01-08T05:01:05.160000Z,3.94
942,20190108T050219Z,1J.TI8A.,"['CH1', 'CH2', 'CHZ']",2019-01-08T05:02:19.950000Z,4.29
943,20190108T050303Z,1J.TI8A.,"['CH1', 'CH2', 'CHZ']",2019-01-08T05:03:04.230000Z,21.52
944,20190108T050337Z,1J.TI8A.,"['CH1', 'CH2', 'CHZ']",2019-01-08T05:03:37.770000Z,0.74
945,20190108T050457Z,1J.TI8A.,"['CH1', 'CH2', 'CHZ']",2019-01-08T05:04:57.790000Z,3.38
946,20190108T050613Z,1J.TI8A.,"['CH1', 'CH2', 'CHZ']",2019-01-08T05:06:22.300000Z,4.29
947,20190108T050746Z,1J.TI8A.,"['CH1', 'CH2', 'CHZ']",2019-01-08T05:07:46.140000Z,5.22
948,20190108T050758Z,1J.TI8A.,"['CH1', 'CH2', 'CHZ']",2019-01-08T05:07:59.690000Z,54.56
949,20190108T051014Z,1J.TI8A.,"['CH1', 'CH2', 'CHZ']",2019-01-08T05:10:14.670000Z,2.07
950,20190108T051125Z,1J.TI8A.,"['CH1', 'CH2', 'CHZ']",2019-01-08T05:11:25.670000Z,2.88
951,20190108T051236Z,1J.TI8A.,"['CH1', 'CH2', 'CHZ']",2019-01-08T05:12:36.180000Z,3.82
952,20190108T051351Z,1J.TI8A.,"['CH1', 'CH2', 'CHZ']",2019-01-08T05:13:51.030000Z,3.89
953,20190108T051502Z,1J.TI8A.,"['CH1', 'CH2', 'CHZ']",2019-01-08T05:15:02.220000Z,3.89
954,20190108T051605Z,1J.TI8A.,"['CH1', 'CH2', 'CHZ']",2019-01-08T05:16:05.850000Z,3.59
955,20190108T051710Z,1J.TI8A.,"['CH1', 'CH2', 'CHZ']",2019-01-08T05:17:16.840000Z,4.22
956,20190108T051824Z,1J.TI8A.,"['CH1', 'CH2', 'CHZ']",2019-01-08T05:18:24.880000Z,3.76
957,20190108T051933Z,1J.TI8A.,"['CH1', 'CH2', 'CHZ']",2019-01-08T05:19:33.390000Z,8.46
958,20190108T052038Z,1J.TI8A.,"['CH1', 'CH2', 'CHZ']",2019-01-08T05:20:38.500000Z,2.61
959,20190108T052141Z,1J.TI8A.,"['CH1', 'CH2', 'CHZ']",2019-01-08T05:21:46.410000Z,3.69
960,20190108T052255Z,1J.TI8A.,"['CH1', 'CH2', 'CHZ']",2019-01-08T05:22:55.690000Z,3.85
961,20190108T052358Z,1J.TI8A.,"['CH1', 'CH2', 'CHZ']",2019-01-08T05:23:58.850000Z,4.04
962,20190108T052505Z,1J.TI8A.,"['CH1', 'CH2', 'CHZ']",2019-01-08T05:25:05.400000Z,3.0
963,20190108T052619Z,1J.TI8A.,"['CH1', 'CH2', 'CHZ']",2019-01-08T05:26:19.770000Z,4.5
964,20190108T052714Z,1J.TI8A.,"['CH1', 'CH2', 'CHZ']",2019-01-08T05:27:17.610000Z,3.39
965,20190108T052751Z,1J.TI8A.,"['CH1', 'CH2', 'CHZ']",2019-01-08T05:27:51.010000Z,0.93
966,20190108T052838Z,1J.TI8A.,"['CH1', 'CH2', 'CHZ']",2019-01-08T05:28:38.740000Z,2.71
967,20190108T052942Z,1J.TI8A.,"['CH1', 'CH2', 'CHZ']",2019-01-08T05:29:42.650000Z,5.09
968,20190108T053039Z,1J.TI8A.,"['CH1', 'CH2', 'CHZ']",2019-01-08T05:30:39.210000Z,2.82
969,20190108T053131Z,1J.TI8A.,"['CH1', 'CH2', 'CHZ']",2019-01-08T05:31:31.900000Z,2.67
970,20190108T053231Z,1J.TI8A.,"['CH1', 'CH2', 'CHZ']",2019-01-08T05:32:31.700000Z,4.82
971,20190108T053258Z,1J.TI8A.,"['CH1', 'CH2', 'CHZ']",2019-01-08T05:32:58.500000Z,0.92
972,20190108T053331Z,1J.TI8A.,"['CH1', 'CH2', 'CHZ']",2019-01-08T05:33:31.280000Z,3.83
973,20190108T053428Z,1J.TI8A.,"['CH1', 'CH2', 'CHZ']",2019-01-08T05:34:28.910000Z,4.39
974,20190108T053527Z,1J.TI8A.,"['CH1', 'CH2', 'CHZ']",2019-01-08T05:35:36.480000Z,3.82
975,20190108T053637Z,1J.TI8A.,"['CH1', 'CH2', 'CHZ']",2019-01-08T05:36:37.020000Z,3.11
976,20190108T053723Z,1J.TI8A.,"['CH1', 'CH2', 'CHZ']",2019-01-08T05:37:23.950000Z,6.75
977,20190108T053823Z,1J.TI8A.,"['CH1', 'CH2', 'CHZ']",2019-01-08T05:38:23.370000Z,3.86
978,20190108T054024Z,1J.TI8A.,"['CH1', 'CH2', 'CHZ']",2019-01-08T05:40:24.770000Z,0.94
979,20190108T054101Z,1J.TI8A.,"['CH1', 'CH2', 'CHZ']",2019-01-08T05:41:01.270000Z,3.03
980,20190108T054400Z,1J.TI8A.,"['CH1', 'CH2', 'CHZ']",2019-01-08T05:44:00.320000Z,1.74
981,20190108T054432Z,1J.TI8A.,"['CH1', 'CH2', 'CHZ']",2019-01-08T05:44:32.250000Z,17.7
982,20190108T054535Z,1J.TI8A.,"['CH1', 'CH2', 'CHZ']",2019-01-08T05:45:35.740000Z,13.32
983,20190108T054620Z,1J.TI8A.,"['CH1', 'CH2', 'CHZ']",2019-01-08T05:46:20.100000Z,3.53
984,20190108T054738Z,1J.TI8A.,"['CH1', 'CH2', 'CHZ']",2019-01-08T05:47:38.000000Z,2.36
985,20190108T055036Z,1J.TI8A.,"['CH1', 'CH2', 'CHZ']",2019-01-08T05:50:58.260000Z,25.61
986,20190108T055132Z,1J.TI8A.,"['CH1', 'CH2', 'CHZ']",2019-01-08T05:51:44.640000Z,12.02
987,20190108T055504Z,1J.TI8A.,"['CH1', 'CH2', 'CHZ']",2019-01-08T05:55:19.740000Z,2.94
988,20190108T055634Z,1J.TI8A.,"['CH1', 'CH2', 'CHZ']",2019-01-08T05:56:34.050000Z,1.01
989,20190108T055831Z,1J.TI8A.,"['CH1', 'CH2', 'CHZ']",2019-01-08T05:58:31.290000Z,65.84
990,20190108T055938Z,1J.TI8A.,"['CH1', 'CH2', 'CHZ']",2019-01-08T05:59:49.390000Z,50.15
991,20190108T060214Z,1J.TI8A.,"['CH1', 'CH2', 'CHZ']",2019-01-08T06:02:14.950000Z,1.34
992,20190108T060233Z,1J.TI8A.,"['CH1', 'CH2', 'CHZ']",2019-01-08T06:02:33.400000Z,18.14
993,20190108T060257Z,1J.TI8A.,"['CH1', 'CH2', 'CHZ']",2019-01-08T06:02:57.940000Z,24.94
994,20190108T060347Z,1J.TI8A.,"['CH1', 'CH2', 'CHZ']",2019-01-08T06:03:47.650000Z,19.8
995,20190108T060453Z,1J.TI8A.,"['CH1', 'CH2', 'CHZ']",2019-01-08T06:04:53.860000Z,1.68
996,20190108T060625Z,1J.TI8A.,"['CH1', 'CH2', 'CHZ']",2019-01-08T06:06:25.500000Z,2.02
997,20190108T060729Z,1J.TI8A.,"['CH1', 'CH2', 'CHZ']",2019-01-08T06:07:35.440000Z,5.59
998,20190108T060803Z,1J.TI8A.,"['CH1', 'CH2', 'CHZ']",2019-01-08T06:08:03.290000Z,4.93
999,20190108T060845Z,1J.TI8A.,"['CH1', 'CH2', 'CHZ']",2019-01-08T06:08:45.200000Z,6.73
1000,20190108T060903Z,1J.TI8A.,"['CH1', 'CH2', 'CHZ']",2019-01-08T06:09:08.060000Z,1.09
1001,20190108T060942Z,1J.TI8A.,"['CH1', 'CH2', 'CHZ']",2019-01-08T06:09:42.230000Z,1.88
1002,20190108T061430Z,1J.TI8A.,"['CH1', 'CH2', 'CHZ']",2019-01-08T06:14:30.240000Z,18.02
1003,20190108T061511Z,1J.TI8A.,"['CH1', 'CH2', 'CHZ']",2019-01-08T06:15:11.110000Z,2.55
1004,20190108T061533Z,1J.TI8A.,"['CH1', 'CH2', 'CHZ']",2019-01-08T06:15:33.530000Z,0.86
1005,20190108T061550Z,1J.TI8A.,"['CH1', 'CH2', 'CHZ']",2019-01-08T06:15:50.030000Z,1.57
1006,20190108T061558Z,1J.TI8A.,"['CH1', 'CH2', 'CHZ']",2019-01-08T06:15:58.570000Z,2.32
1007,20190108T061701Z,1J.TI8A.,"['CH1', 'CH2', 'CHZ']",2019-01-08T06:17:01.150000Z,10.93
1008,20190108T061727Z,1J.TI8A.,"['CH1', 'CH2', 'CHZ']",2019-01-08T06:17:27.560000Z,1.66
1009,20190108T061742Z,1J.TI8A.,"['CH1', 'CH2', 'CHZ']",2019-01-08T06:17:42.600000Z,10.78
1010,20190108T061915Z,1J.TI8A.,"['CH1', 'CH2', 'CHZ']",2019-01-08T06:19:15.310000Z,3.16
1011,20190108T061923Z,1J.TI8A.,"['CH1', 'CH2', 'CHZ']",2019-01-08T06:19:23.730000Z,46.67
1012,20190108T062017Z,1J.TI8A.,"['CH1', 'CH2', 'CHZ']",2019-01-08T06:20:17.620000Z,147.02
1013,20190108T062327Z,1J.TI8A.,"['CH1', 'CH2', 'CHZ']",2019-01-08T06:23:27.320000Z,20.09
1014,20190108T062438Z,1J.TI8A.,"['CH1', 'CH2', 'CHZ']",2019-01-08T06:24:38.740000Z,6.43
1015,20190108T062454Z,1J.TI8A.,"['CH1', 'CH2', 'CHZ']",2019-01-08T06:24:54.250000Z,7.93
1016,20190108T062603Z,1J.TI8A.,"['CH1', 'CH2', 'CHZ']",2019-01-08T06:26:07.560000Z,2.94
1017,20190108T062656Z,1J.TI8A.,"['CH1', 'CH2', 'CHZ']",2019-01-08T06:26:58.770000Z,1.38
1018,20190108T062745Z,1J.TI8A.,"['CH1', 'CH2', 'CHZ']",2019-01-08T06:27:45.620000Z,0.96
1019,20190108T062901Z,1J.TI8A.,"['CH1', 'CH2', 'CHZ']",2019-01-08T06:29:01.390000Z,1.44
1020,20190108T062910Z,1J.TI8A.,"['CH1', 'CH2', 'CHZ']",2019-01-08T06:29:10.750000Z,1.45
1021,20190108T062918Z,1J.TI8A.,"['CH1', 'CH2', 'CHZ']",2019-01-08T06:29:18.200000Z,1.18
1022,20190108T062926Z,1J.TI8A.,"['CH1', 'CH2', 'CHZ']",2019-01-08T06:29:26.480000Z,2.04
1023,20190108T062931Z,1J.TI8A.,"['CH1', 'CH2', 'CHZ']",2019-01-08T06:29:54.340000Z,1.05
1024,20190108T063033Z,1J.TI8A.,"['CH1', 'CH2', 'CHZ']",2019-01-08T06:30:33.060000Z,0.84
1025,20190108T063141Z,1J.TI8A.,"['CH1', 'CH2', 'CHZ']",2019-01-08T06:31:41.430000Z,4.7
1026,20190108T063241Z,1J.TI8A.,"['CH1', 'CH2', 'CHZ']",2019-01-08T06:32:41.340000Z,5.79
1027,20190108T063406Z,1J.TI8A.,"['CH1', 'CH2', 'CHZ']",2019-01-08T06:34:19.960000Z,1.49
1028,20190108T063427Z,1J.TI8A.,"['CH1', 'CH2', 'CHZ']",2019-01-08T06:34:27.980000Z,3.96
1029,20190108T063440Z,1J.TI8A.,"['CH1', 'CH2', 'CHZ']",2019-01-08T06:34:40.740000Z,10.25
1030,20190108T063518Z,1J.TI8A.,"['CH1', 'CH2', 'CHZ']",2019-01-08T06:35:18.870000Z,2.11
1031,20190108T063552Z,1J.TI8A.,"['CH1', 'CH2', 'CHZ']",2019-01-08T06:35:52.930000Z,2.96
1032,20190108T063602Z,1J.TI8A.,"['CH1', 'CH2', 'CHZ']",2019-01-08T06:36:02.570000Z,0.99
1033,20190108T063641Z,1J.TI8A.,"['CH1', 'CH2', 'CHZ']",2019-01-08T06:36:41.940000Z,0.52
1034,20190108T063653Z,1J.TI8A.,"['CH1', 'CH2', 'CHZ']",2019-01-08T06:36:53.170000Z,2.02
1035,20190108T063751Z,1J.TI8A.,"['CH1', 'CH2', 'CHZ']",2019-01-08T06:37:51.700000Z,11.8
1036,20190108T063811Z,1J.TI8A.,"['CH1', 'CH2', 'CHZ']",2019-01-08T06:38:11.710000Z,3.27
1037,20190108T063858Z,1J.TI8A.,"['CH1', 'CH2', 'CHZ']",2019-01-08T06:38:58.770000Z,8.59
1038,20190108T063923Z,1J.TI8A.,"['CH1', 'CH2', 'CHZ']",2019-01-08T06:39:44.640000Z,38.76
1039,20190108T064029Z,1J.TI8A.,"['CH1', 'CH2', 'CHZ']",2019-01-08T06:40:29.360000Z,3.65
1040,20190108T064310Z,1J.TI8A.,"['CH1', 'CH2', 'CHZ']",2019-01-08T06:43:14.180000Z,3.55
1041,20190108T064323Z,1J.TI8A.,"['CH1', 'CH2', 'CHZ']",2019-01-08T06:43:31.480000Z,1.42
1042,20190108T064407Z,1J.TI8A.,"['CH1', 'CH2', 'CHZ']",2019-01-08T06:44:31.900000Z,50.1
1043,20190108T064612Z,1J.TI8A.,"['CH1', 'CH2', 'CHZ']",2019-01-08T06:46:12.260000Z,26.42
1044,20190108T065247Z,1J.TI8A.,"['CH1', 'CH2', 'CHZ']",2019-01-08T06:52:57.570000Z,1.76
1045,20190108T065337Z,1J.TI8A.,"['CH1', 'CH2', 'CHZ']",2019-01-08T06:55:36.810000Z,1.57
1046,20190108T065628Z,1J.TI8A.,"['CH1', 'CH2', 'CHZ']",2019-01-08T06:56:43.050000Z,0.79
1047,20190108T065648Z,1J.TI8A.,"['CH1', 'CH2', 'CHZ']",2019-01-08T06:57:09.540000Z,21.46
1048,20190108T070038Z,1J.TI8A.,"['CH1', 'CH2', 'CHZ']",2019-01-08T07:00:38.510000Z,1.92
1049,20190108T070338Z,1J.TI8A.,"['CH1', 'CH2', 'CHZ']",2019-01-08T07:03:42.510000Z,2.41
1050,20190108T070436Z,1J.TI8A.,"['CH1', 'CH2', 'CHZ']",2019-01-08T07:04:36.440000Z,1.11
1051,20190108T070518Z,1J.TI8A.,"['CH1', 'CH2', 'CHZ']",2019-01-08T07:05:18.190000Z,1.83
1052,20190108T070540Z,1J.TI8A.,"['CH1', 'CH2', 'CHZ']",2019-01-08T07:05:40.550000Z,1.21
1053,20190108T070655Z,1J.TI8A.,"['CH1', 'CH2', 'CHZ']",2019-01-08T07:06:57.030000Z,7.38
1054,20190108T070716Z,1J.TI8A.,"['CH1', 'CH2', 'CHZ']",2019-01-08T07:07:16.300000Z,1.06
1055,20190108T070735Z,1J.TI8A.,"['CH1', 'CH2', 'CHZ']",2019-01-08T07:07:35.490000Z,3.82
1056,20190108T070829Z,1J.TI8A.,"['CH1', 'CH2', 'CHZ']",2019-01-08T07:08:36.470000Z,4.72
1057,20190108T070908Z,1J.TI8A.,"['CH1', 'CH2', 'CHZ']",2019-01-08T07:09:08.320000Z,0.99
1058,20190108T071016Z,1J.TI8A.,"['CH1', 'CH2', 'CHZ']",2019-01-08T07:10:16.700000Z,2.54
1059,20190108T071030Z,1J.TI8A.,"['CH1', 'CH2', 'CHZ']",2019-01-08T07:10:30.510000Z,5.05
1060,20190108T071217Z,1J.TI8A.,"['CH1', 'CH2', 'CHZ']",2019-01-08T07:12:17.390000Z,7.59
1061,20190108T071259Z,1J.TI8A.,"['CH1', 'CH2', 'CHZ']",2019-01-08T07:13:01.500000Z,1.42
1062,20190108T071333Z,1J.TI8A.,"['CH1', 'CH2', 'CHZ']",2019-01-08T07:13:33.620000Z,1.4
1063,20190108T071519Z,1J.TI8A.,"['CH1', 'CH2', 'CHZ']",2019-01-08T07:15:19.580000Z,2.52
1064,20190108T071607Z,1J.TI8A.,"['CH1', 'CH2', 'CHZ']",2019-01-08T07:16:07.350000Z,7.88
1065,20190108T071718Z,1J.TI8A.,"['CH1', 'CH2', 'CHZ']",2019-01-08T07:17:18.530000Z,1.17
1066,20190108T071902Z,1J.TI8A.,"['CH1', 'CH2', 'CHZ']",2019-01-08T07:19:12.690000Z,0.84
1067,20190108T072059Z,1J.TI8A.,"['CH1', 'CH2', 'CHZ']",2019-01-08T07:21:05.450000Z,2.41
1068,20190108T072237Z,1J.TI8A.,"['CH1', 'CH2', 'CHZ']",2019-01-08T07:22:37.490000Z,2.3
1069,20190108T072329Z,1J.TI8A.,"['CH1', 'CH2', 'CHZ']",2019-01-08T07:23:29.470000Z,1.88
1070,20190108T072437Z,1J.TI8A.,"['CH1', 'CH2', 'CHZ']",2019-01-08T07:24:39.660000Z,23.33
1071,20190108T072717Z,1J.TI8A.,"['CH1', 'CH2', 'CHZ']",2019-01-08T07:27:17.900000Z,0.79
1072,20190108T073100Z,1J.TI8A.,"['CH1', 'CH2', 'CHZ']",2019-01-08T07:31:00.170000Z,6.8
1073,20190108T073325Z,1J.TI8A.,"['CH1', 'CH2', 'CHZ']",2019-01-08T07:33:26.350000Z,2.38
1074,20190108T073404Z,1J.TI8A.,"['CH1', 'CH2', 'CHZ']",2019-01-08T07:34:04.070000Z,0.73
1075,20190108T073443Z,1J.TI8A.,"['CH1', 'CH2', 'CHZ']",2019-01-08T07:34:44.490000Z,51.01
1076,20190108T073608Z,1J.TI8A.,"['CH1', 'CH2', 'CHZ']",2019-01-08T07:36:10.170000Z,1.2
1077,20190108T073650Z,1J.TI8A.,"['CH1', 'CH2', 'CHZ']",2019-01-08T07:37:41.010000Z,1.38
1078,20190108T073816Z,1J.TI8A.,"['CH1', 'CH2', 'CHZ']",2019-01-08T07:38:16.900000Z,3.91
1079,20190108T073919Z,1J.TI8A.,"['CH1', 'CH2', 'CHZ']",2019-01-08T07:39:19.140000Z,1.08
1080,20190108T073933Z,1J.TI8A.,"['CH1', 'CH2', 'CHZ']",2019-01-08T07:39:35.130000Z,32.03
1081,20190108T074050Z,1J.TI8A.,"['CH1', 'CH2', 'CHZ']",2019-01-08T07:40:50.930000Z,3.35
1082,20190108T074222Z,1J.TI8A.,"['CH1', 'CH2', 'CHZ']",2019-01-08T07:42:22.710000Z,2.71
1083,20190108T074427Z,1J.TI8A.,"['CH1', 'CH2', 'CHZ']",2019-01-08T07:44:27.430000Z,1.97
1084,20190108T074658Z,1J.TI8A.,"['CH1', 'CH2', 'CHZ']",2019-01-08T07:46:58.450000Z,3.54
1085,20190108T074714Z,1J.TI8A.,"['CH1', 'CH2', 'CHZ']",2019-01-08T07:47:21.880000Z,1.36
1086,20190108T074857Z,1J.TI8A.,"['CH1', 'CH2', 'CHZ']",2019-01-08T07:49:06.280000Z,2.81
1087,20190108T075051Z,1J.TI8A.,"['CH1', 'CH2', 'CHZ']",2019-01-08T07:50:51.910000Z,1.83
1088,20190108T075103Z,1J.TI8A.,"['CH1', 'CH2', 'CHZ']",2019-01-08T07:51:03.970000Z,1.5
1089,20190108T075334Z,1J.TI8A.,"['CH1', 'CH2', 'CHZ']",2019-01-08T07:53:34.490000Z,9.65
1090,20190108T075443Z,1J.TI8A.,"['CH1', 'CH2', 'CHZ']",2019-01-08T07:54:43.170000Z,2.59
1091,20190108T075500Z,1J.TI8A.,"['CH1', 'CH2', 'CHZ']",2019-01-08T07:55:00.000000Z,9.41
1092,20190108T075649Z,1J.TI8A.,"['CH1', 'CH2', 'CHZ']",2019-01-08T07:56:49.940000Z,2.88
1093,20190108T075908Z,1J.TI8A.,"['CH1', 'CH2', 'CHZ']",2019-01-08T07:59:08.080000Z,2.49
1094,20190108T075935Z,1J.TI8A.,"['CH1', 'CH2', 'CHZ']",2019-01-08T07:59:37.610000Z,11.99
1095,20190108T080106Z,1J.TI8A.,"['CH1', 'CH2', 'CHZ']",2019-01-08T08:01:06.110000Z,1.49
1096,20190108T080213Z,1J.TI8A.,"['CH1', 'CH2', 'CHZ']",2019-01-08T08:02:53.290000Z,5.17
1097,20190108T080309Z,1J.TI8A.,"['CH1', 'CH2', 'CHZ']",2019-01-08T08:03:12.810000Z,22.17
1098,20190108T080502Z,1J.TI8A.,"['CH1', 'CH2', 'CHZ']",2019-01-08T08:05:02.690000Z,1.66
1099,20190108T080557Z,1J.TI8A.,"['CH1', 'CH2', 'CHZ']",2019-01-08T08:05:57.290000Z,4.34
1100,20190108T080659Z,1J.TI8A.,"['CH1', 'CH2', 'CHZ']",2019-01-08T08:06:59.330000Z,1.5
1101,20190108T080823Z,1J.TI8A.,"['CH1', 'CH2', 'CHZ']",2019-01-08T08:08:23.400000Z,19.97
1102,20190108T081140Z,1J.TI8A.,"['CH1', 'CH2', 'CHZ']",2019-01-08T08:11:40.350000Z,7.61
1103,20190108T081401Z,1J.TI8A.,"['CH1', 'CH2', 'CHZ']",2019-01-08T08:14:01.480000Z,3.51
1104,20190108T081709Z,1J.TI8A.,"['CH1', 'CH2', 'CHZ']",2019-01-08T08:17:09.680000Z,3.79
1105,20190108T081857Z,1J.TI8A.,"['CH1', 'CH2', 'CHZ']",2019-01-08T08:19:04.750000Z,6.63
1106,20190108T081959Z,1J.TI8A.,"['CH1', 'CH2', 'CHZ']",2019-01-08T08:19:59.340000Z,1.13
1107,20190108T082023Z,1J.TI8A.,"['CH1', 'CH2', 'CHZ']",2019-01-08T08:20:38.060000Z,3.51
1108,20190108T082357Z,1J.TI8A.,"['CH1', 'CH2', 'CHZ']",2019-01-08T08:23:57.230000Z,12.31
1109,20190108T082636Z,1J.TI8A.,"['CH1', 'CH2', 'CHZ']",2019-01-08T08:26:36.320000Z,6.36
1110,20190108T082717Z,1J.TI8A.,"['CH1', 'CH2', 'CHZ']",2019-01-08T08:27:17.960000Z,3.54
1111,20190108T082814Z,1J.TI8A.,"['CH1', 'CH2', 'CHZ']",2019-01-08T08:28:14.320000Z,1.32
1112,20190108T082938Z,1J.TI8A.,"['CH1', 'CH2', 'CHZ']",2019-01-08T08:29:38.890000Z,2.99
1113,20190108T083117Z,1J.TI8A.,"['CH1', 'CH2', 'CHZ']",2019-01-08T08:31:59.370000Z,3.84
1114,20190108T083345Z,1J.TI8A.,"['CH1', 'CH2', 'CHZ']",2019-01-08T08:33:45.240000Z,2.34
1115,20190108T083506Z,1J.TI8A.,"['CH1', 'CH2', 'CHZ']",2019-01-08T08:35:06.050000Z,1.57
1116,20190108T083626Z,1J.TI8A.,"['CH1', 'CH2', 'CHZ']",2019-01-08T08:36:26.090000Z,0.91
1117,20190108T083634Z,1J.TI8A.,"['CH1', 'CH2', 'CHZ']",2019-01-08T08:36:34.930000Z,0.91
1118,20190108T083812Z,1J.TI8A.,"['CH1', 'CH2', 'CHZ']",2019-01-08T08:38:12.690000Z,1.56
1119,20190108T083837Z,1J.TI8A.,"['CH1', 'CH2', 'CHZ']",2019-01-08T08:38:37.070000Z,3.73
1120,20190108T083927Z,1J.TI8A.,"['CH1', 'CH2', 'CHZ']",2019-01-08T08:39:27.690000Z,4.52
1121,20190108T084203Z,1J.TI8A.,"['CH1', 'CH2', 'CHZ']",2019-01-08T08:42:19.420000Z,0.79
1122,20190108T084320Z,1J.TI8A.,"['CH1', 'CH2', 'CHZ']",2019-01-08T08:43:26.220000Z,0.81
1123,20190108T084506Z,1J.TI8A.,"['CH1', 'CH2', 'CHZ']",2019-01-08T08:45:06.500000Z,1.9
1124,20190108T084543Z,1J.TI8A.,"['CH1', 'CH2', 'CHZ']",2019-01-08T08:45:43.870000Z,0.82
1125,20190108T084753Z,1J.TI8A.,"['CH1', 'CH2', 'CHZ']",2019-01-08T08:47:53.740000Z,10.65
1126,20190108T084921Z,1J.TI8A.,"['CH1', 'CH2', 'CHZ']",2019-01-08T08:49:21.340000Z,2.46
1127,20190108T085022Z,1J.TI8A.,"['CH1', 'CH2', 'CHZ']",2019-01-08T08:50:22.370000Z,0.73
1128,20190108T085124Z,1J.TI8A.,"['CH1', 'CH2', 'CHZ']",2019-01-08T08:51:42.100000Z,0.78
1129,20190108T085328Z,1J.TI8A.,"['CH1', 'CH2', 'CHZ']",2019-01-08T08:53:32.520000Z,5.65
1130,20190108T085407Z,1J.TI8A.,"['CH1', 'CH2', 'CHZ']",2019-01-08T08:54:07.080000Z,1.21
1131,20190108T085639Z,1J.TI8A.,"['CH1', 'CH2', 'CHZ']",2019-01-08T08:56:39.810000Z,1.55
1132,20190108T090308Z,1J.TI8A.,"['CH1', 'CH2', 'CHZ']",2019-01-08T09:03:08.290000Z,1.09
1133,20190108T090555Z,1J.TI8A.,"['CH1', 'CH2', 'CHZ']",2019-01-08T09:05:55.300000Z,1.8
1134,20190108T091240Z,1J.TI8A.,"['CH1', 'CH2', 'CHZ']",2019-01-08T09:12:40.180000Z,0.67
1135,20190108T091351Z,1J.TI8A.,"['CH1', 'CH2', 'CHZ']",2019-01-08T09:13:51.850000Z,25.22
1136,20190108T091624Z,1J.TI8A.,"['CH1', 'CH2', 'CHZ']",2019-01-08T09:16:24.510000Z,3.68
1137,20190108T091719Z,1J.TI8A.,"['CH1', 'CH2', 'CHZ']",2019-01-08T09:17:19.100000Z,0.97
1138,20190108T091939Z,1J.TI8A.,"['CH1', 'CH2', 'CHZ']",2019-01-08T09:19:39.440000Z,1.4
1139,20190108T092203Z,1J.TI8A.,"['CH1', 'CH2', 'CHZ']",2019-01-08T09:22:03.890000Z,10.98
1140,20190108T092325Z,1J.TI8A.,"['CH1', 'CH2', 'CHZ']",2019-01-08T09:23:25.720000Z,8.02
1141,20190108T092428Z,1J.TI8A.,"['CH1', 'CH2', 'CHZ']",2019-01-08T09:24:28.760000Z,1.68
1142,20190108T092544Z,1J.TI8A.,"['CH1', 'CH2', 'CHZ']",2019-01-08T09:25:44.560000Z,18.72
1143,20190108T092734Z,1J.TI8A.,"['CH1', 'CH2', 'CHZ']",2019-01-08T09:27:34.430000Z,5.43
1144,20190108T093041Z,1J.TI8A.,"['CH1', 'CH2', 'CHZ']",2019-01-08T09:30:41.470000Z,7.97
1145,20190108T093101Z,1J.TI8A.,"['CH1', 'CH2', 'CHZ']",2019-01-08T09:31:01.380000Z,5.1
1146,20190108T093152Z,1J.TI8A.,"['CH1', 'CH2', 'CHZ']",2019-01-08T09:31:52.350000Z,6.13
1147,20190108T093245Z,1J.TI8A.,"['CH1', 'CH2', 'CHZ']",2019-01-08T09:32:45.440000Z,5.59
1148,20190108T093336Z,1J.TI8A.,"['CH1', 'CH2', 'CHZ']",2019-01-08T09:33:36.070000Z,4.4
1149,20190108T093422Z,1J.TI8A.,"['CH1', 'CH2', 'CHZ']",2019-01-08T09:34:22.790000Z,8.62
1150,20190108T093620Z,1J.TI8A.,"['CH1', 'CH2', 'CHZ']",2019-01-08T09:36:20.820000Z,8.71
1151,20190108T093719Z,1J.TI8A.,"['CH1', 'CH2', 'CHZ']",2019-01-08T09:37:19.710000Z,7.01
1152,20190108T093809Z,1J.TI8A.,"['CH1', 'CH2', 'CHZ']",2019-01-08T09:38:09.620000Z,5.99
1153,20190108T093913Z,1J.TI8A.,"['CH1', 'CH2', 'CHZ']",2019-01-08T09:39:13.510000Z,1.41
1154,20190108T094021Z,1J.TI8A.,"['CH1', 'CH2', 'CHZ']",2019-01-08T09:40:21.650000Z,13.14
1155,20190108T094106Z,1J.TI8A.,"['CH1', 'CH2', 'CHZ']",2019-01-08T09:41:32.770000Z,1.01
1156,20190108T094911Z,1J.TI8A.,"['CH1', 'CH2', 'CHZ']",2019-01-08T09:49:11.680000Z,0.69
1157,20190108T095130Z,1J.TI8A.,"['CH1', 'CH2', 'CHZ']",2019-01-08T09:51:30.890000Z,1.88
1158,20190108T095617Z,1J.TI8A.,"['CH1', 'CH2', 'CHZ']",2019-01-08T09:56:18.080000Z,9.76
1159,20190108T095708Z,1J.TI8A.,"['CH1', 'CH2', 'CHZ']",2019-01-08T09:57:08.450000Z,5.25
1160,20190108T095835Z,1J.TI8A.,"['CH1', 'CH2', 'CHZ']",2019-01-08T09:58:35.950000Z,9.64
1161,20190108T100121Z,1J.TI8A.,"['CH1', 'CH2', 'CHZ']",2019-01-08T10:01:21.630000Z,1.72
1162,20190108T100407Z,1J.TI8A.,"['CH1', 'CH2', 'CHZ']",2019-01-08T10:04:07.080000Z,13.99
1163,20190108T100427Z,1J.TI8A.,"['CH1', 'CH2', 'CHZ']",2019-01-08T10:04:27.760000Z,10.84
1164,20190108T101030Z,1J.TI8A.,"['CH1', 'CH2', 'CHZ']",2019-01-08T10:10:30.380000Z,6.67
1165,20190108T101058Z,1J.TI8A.,"['CH1', 'CH2', 'CHZ']",2019-01-08T10:11:10.600000Z,1.23
1166,20190108T101150Z,1J.TI8A.,"['CH1', 'CH2', 'CHZ']",2019-01-08T10:11:50.970000Z,51.07
1167,20190108T101418Z,1J.TI8A.,"['CH1', 'CH2', 'CHZ']",2019-01-08T10:14:39.320000Z,4.06
1168,20190108T101458Z,1J.TI8A.,"['CH1', 'CH2', 'CHZ']",2019-01-08T10:14:58.080000Z,3.97
1169,20190108T101724Z,1J.TI8A.,"['CH1', 'CH2', 'CHZ']",2019-01-08T10:17:24.840000Z,0.74
1170,20190108T101746Z,1J.TI8A.,"['CH1', 'CH2', 'CHZ']",2019-01-08T10:17:47.620000Z,6.49
1171,20190108T101936Z,1J.TI8A.,"['CH1', 'CH2', 'CHZ']",2019-01-08T10:19:36.780000Z,8.33
1172,20190108T102107Z,1J.TI8A.,"['CH1', 'CH2', 'CHZ']",2019-01-08T10:21:07.920000Z,7.77
1173,20190108T102145Z,1J.TI8A.,"['CH1', 'CH2', 'CHZ']",2019-01-08T10:21:45.460000Z,1.25
1174,20190108T102307Z,1J.TI8A.,"['CH1', 'CH2', 'CHZ']",2019-01-08T10:23:07.930000Z,9.45
1175,20190108T102323Z,1J.TI8A.,"['CH1', 'CH2', 'CHZ']",2019-01-08T10:23:23.280000Z,3.69
1176,20190108T102517Z,1J.TI8A.,"['CH1', 'CH2', 'CHZ']",2019-01-08T10:25:17.360000Z,8.91
1177,20190108T102806Z,1J.TI8A.,"['CH1', 'CH2', 'CHZ']",2019-01-08T10:28:06.020000Z,11.03
1178,20190108T102831Z,1J.TI8A.,"['CH1', 'CH2', 'CHZ']",2019-01-08T10:28:35.830000Z,1.6
1179,20190108T102935Z,1J.TI8A.,"['CH1', 'CH2', 'CHZ']",2019-01-08T10:29:35.260000Z,7.81
1180,20190108T103058Z,1J.TI8A.,"['CH1', 'CH2', 'CHZ']",2019-01-08T10:30:58.380000Z,9.98
1181,20190108T103154Z,1J.TI8A.,"['CH1', 'CH2', 'CHZ']",2019-01-08T10:31:54.170000Z,17.75
1182,20190108T103220Z,1J.TI8A.,"['CH1', 'CH2', 'CHZ']",2019-01-08T10:32:24.240000Z,12.86
1183,20190108T103258Z,1J.TI8A.,"['CH1', 'CH2', 'CHZ']",2019-01-08T10:32:58.080000Z,1.87
1184,20190108T103418Z,1J.TI8A.,"['CH1', 'CH2', 'CHZ']",2019-01-08T10:34:18.430000Z,5.1
1185,20190108T103528Z,1J.TI8A.,"['CH1', 'CH2', 'CHZ']",2019-01-08T10:35:28.710000Z,5.95
1186,20190108T103702Z,1J.TI8A.,"['CH1', 'CH2', 'CHZ']",2019-01-08T10:37:02.420000Z,7.8
1187,20190108T103754Z,1J.TI8A.,"['CH1', 'CH2', 'CHZ']",2019-01-08T10:37:54.700000Z,5.05
1188,20190108T103817Z,1J.TI8A.,"['CH1', 'CH2', 'CHZ']",2019-01-08T10:38:17.880000Z,1.63
1189,20190108T104008Z,1J.TI8A.,"['CH1', 'CH2', 'CHZ']",2019-01-08T10:40:08.440000Z,9.46
1190,20190108T104117Z,1J.TI8A.,"['CH1', 'CH2', 'CHZ']",2019-01-08T10:41:17.880000Z,8.6
1191,20190108T104214Z,1J.TI8A.,"['CH1', 'CH2', 'CHZ']",2019-01-08T10:42:14.850000Z,1.53
1192,20190108T104254Z,1J.TI8A.,"['CH1', 'CH2', 'CHZ']",2019-01-08T10:42:54.330000Z,9.55
1193,20190108T104338Z,1J.TI8A.,"['CH1', 'CH2', 'CHZ']",2019-01-08T10:43:38.710000Z,48.76
1194,20190108T104503Z,1J.TI8A.,"['CH1', 'CH2', 'CHZ']",2019-01-08T10:45:03.830000Z,1.74
1195,20190108T104542Z,1J.TI8A.,"['CH1', 'CH2', 'CHZ']",2019-01-08T10:45:52.150000Z,2.59
1196,20190108T104618Z,1J.TI8A.,"['CH1', 'CH2', 'CHZ']",2019-01-08T10:46:18.890000Z,3.65
1197,20190108T104755Z,1J.TI8A.,"['CH1', 'CH2', 'CHZ']",2019-01-08T10:47:55.980000Z,6.24
1198,20190108T104845Z,1J.TI8A.,"['CH1', 'CH2', 'CHZ']",2019-01-08T10:48:45.240000Z,0.85
1199,20190108T104919Z,1J.TI8A.,"['CH1', 'CH2', 'CHZ']",2019-01-08T10:49:19.260000Z,6.98
1200,20190108T105031Z,1J.TI8A.,"['CH1', 'CH2', 'CHZ']",2019-01-08T10:50:31.570000Z,6.95
1201,20190108T105134Z,1J.TI8A.,"['CH1', 'CH2', 'CHZ']",2019-01-08T10:51:34.430000Z,6.39
1202,20190108T105226Z,1J.TI8A.,"['CH1', 'CH2', 'CHZ']",2019-01-08T10:52:26.780000Z,5.16
1203,20190108T105333Z,1J.TI8A.,"['CH1', 'CH2', 'CHZ']",2019-01-08T10:53:33.250000Z,6.87
1204,20190108T105400Z,1J.TI8A.,"['CH1', 'CH2', 'CHZ']",2019-01-08T10:54:00.020000Z,0.81
1205,20190108T105441Z,1J.TI8A.,"['CH1', 'CH2', 'CHZ']",2019-01-08T10:54:41.810000Z,6.11
1206,20190108T105528Z,1J.TI8A.,"['CH1', 'CH2', 'CHZ']",2019-01-08T10:55:28.570000Z,4.95
1207,20190108T105634Z,1J.TI8A.,"['CH1', 'CH2', 'CHZ']",2019-01-08T10:56:34.010000Z,6.29
1208,20190108T105730Z,1J.TI8A.,"['CH1', 'CH2', 'CHZ']",2019-01-08T10:57:30.680000Z,7.1
1209,20190108T105919Z,1J.TI8A.,"['CH1', 'CH2', 'CHZ']",2019-01-08T10:59:19.030000Z,18.76
1210,20190108T110007Z,1J.TI8A.,"['CH1', 'CH2', 'CHZ']",2019-01-08T11:00:07.930000Z,1.92
1211,20190108T110126Z,1J.TI8A.,"['CH1', 'CH2', 'CHZ']",2019-01-08T11:01:26.590000Z,12.64
1212,20190108T110246Z,1J.TI8A.,"['CH1', 'CH2', 'CHZ']",2019-01-08T11:02:46.850000Z,4.06
1213,20190108T110304Z,1J.TI8A.,"['CH1', 'CH2', 'CHZ']",2019-01-08T11:03:04.440000Z,0.81
1214,20190108T110400Z,1J.TI8A.,"['CH1', 'CH2', 'CHZ']",2019-01-08T11:04:00.950000Z,5.01
1215,20190108T110442Z,1J.TI8A.,"['CH1', 'CH2', 'CHZ']",2019-01-08T11:04:42.070000Z,3.06
1216,20190108T110546Z,1J.TI8A.,"['CH1', 'CH2', 'CHZ']",2019-01-08T11:05:46.710000Z,1.42
1217,20190108T110657Z,1J.TI8A.,"['CH1', 'CH2', 'CHZ']",2019-01-08T11:06:57.370000Z,7.63
1218,20190108T110813Z,1J.TI8A.,"['CH1', 'CH2', 'CHZ']",2019-01-08T11:08:13.120000Z,76.81
1219,20190108T111102Z,1J.TI8A.,"['CH1', 'CH2', 'CHZ']",2019-01-08T11:11:02.720000Z,1.55
1220,20190108T111155Z,1J.TI8A.,"['CH1', 'CH2', 'CHZ']",2019-01-08T11:11:55.940000Z,2.12
1221,20190108T111245Z,1J.TI8A.,"['CH1', 'CH2', 'CHZ']",2019-01-08T11:12:45.280000Z,2.99
1222,20190108T111342Z,1J.TI8A.,"['CH1', 'CH2', 'CHZ']",2019-01-08T11:13:42.090000Z,3.82
1223,20190108T111434Z,1J.TI8A.,"['CH1', 'CH2', 'CHZ']",2019-01-08T11:14:34.670000Z,3.21
1224,20190108T111504Z,1J.TI8A.,"['CH1', 'CH2', 'CHZ']",2019-01-08T11:15:04.650000Z,1.28
1225,20190108T111526Z,1J.TI8A.,"['CH1', 'CH2', 'CHZ']",2019-01-08T11:15:26.160000Z,3.61
1226,20190108T111618Z,1J.TI8A.,"['CH1', 'CH2', 'CHZ']",2019-01-08T11:16:18.670000Z,2.51
1227,20190108T111726Z,1J.TI8A.,"['CH1', 'CH2', 'CHZ']",2019-01-08T11:17:26.150000Z,14.21
1228,20190108T111749Z,1J.TI8A.,"['CH1', 'CH2', 'CHZ']",2019-01-08T11:17:49.770000Z,21.97
1229,20190108T111921Z,1J.TI8A.,"['CH1', 'CH2', 'CHZ']",2019-01-08T11:19:21.600000Z,0.87
1230,20190108T112004Z,1J.TI8A.,"['CH1', 'CH2', 'CHZ']",2019-01-08T11:20:04.080000Z,1.65
1231,20190108T112106Z,1J.TI8A.,"['CH1', 'CH2', 'CHZ']",2019-01-08T11:21:06.790000Z,2.51
1232,20190108T112155Z,1J.TI8A.,"['CH1', 'CH2', 'CHZ']",2019-01-08T11:21:55.420000Z,2.53
1233,20190108T112228Z,1J.TI8A.,"['CH1', 'CH2', 'CHZ']",2019-01-08T11:22:28.800000Z,2.01
1234,20190108T112256Z,1J.TI8A.,"['CH1', 'CH2', 'CHZ']",2019-01-08T11:22:56.170000Z,2.88
1235,20190108T112352Z,1J.TI8A.,"['CH1', 'CH2', 'CHZ']",2019-01-08T11:23:52.440000Z,3.27
1236,20190108T112445Z,1J.TI8A.,"['CH1', 'CH2', 'CHZ']",2019-01-08T11:24:45.760000Z,3.77
1237,20190108T112531Z,1J.TI8A.,"['CH1', 'CH2', 'CHZ']",2019-01-08T11:25:31.260000Z,3.27
1238,20190108T112554Z,1J.TI8A.,"['CH1', 'CH2', 'CHZ']",2019-01-08T11:25:54.260000Z,1.17
1239,20190108T112616Z,1J.TI8A.,"['CH1', 'CH2', 'CHZ']",2019-01-08T11:26:16.360000Z,2.72
1240,20190108T112706Z,1J.TI8A.,"['CH1', 'CH2', 'CHZ']",2019-01-08T11:27:06.810000Z,3.43
1241,20190108T112755Z,1J.TI8A.,"['CH1', 'CH2', 'CHZ']",2019-01-08T11:27:55.850000Z,3.75
1242,20190108T112847Z,1J.TI8A.,"['CH1', 'CH2', 'CHZ']",2019-01-08T11:28:47.340000Z,5.36
1243,20190108T112942Z,1J.TI8A.,"['CH1', 'CH2', 'CHZ']",2019-01-08T11:29:42.550000Z,2.99
1244,20190108T113029Z,1J.TI8A.,"['CH1', 'CH2', 'CHZ']",2019-01-08T11:30:29.020000Z,3.49
1245,20190108T113134Z,1J.TI8A.,"['CH1', 'CH2', 'CHZ']",2019-01-08T11:31:34.510000Z,2.72
1246,20190108T113231Z,1J.TI8A.,"['CH1', 'CH2', 'CHZ']",2019-01-08T11:32:31.660000Z,2.79
1247,20190108T113327Z,1J.TI8A.,"['CH1', 'CH2', 'CHZ']",2019-01-08T11:33:27.280000Z,4.5
1248,20190108T113439Z,1J.TI8A.,"['CH1', 'CH2', 'CHZ']",2019-01-08T11:34:39.880000Z,4.22
1249,20190108T113517Z,1J.TI8A.,"['CH1', 'CH2', 'CHZ']",2019-01-08T11:35:17.190000Z,7.9
1250,20190108T113607Z,1J.TI8A.,"['CH1', 'CH2', 'CHZ']",2019-01-08T11:36:07.360000Z,2.51
1251,20190108T113638Z,1J.TI8A.,"['CH1', 'CH2', 'CHZ']",2019-01-08T11:36:38.240000Z,2.14
1252,20190108T113732Z,1J.TI8A.,"['CH1', 'CH2', 'CHZ']",2019-01-08T11:37:32.470000Z,3.51
1253,20190108T113814Z,1J.TI8A.,"['CH1', 'CH2', 'CHZ']",2019-01-08T11:38:14.000000Z,5.61
1254,20190108T113910Z,1J.TI8A.,"['CH1', 'CH2', 'CHZ']",2019-01-08T11:39:10.030000Z,2.05
1255,20190108T114006Z,1J.TI8A.,"['CH1', 'CH2', 'CHZ']",2019-01-08T11:40:06.970000Z,3.65
1256,20190108T114055Z,1J.TI8A.,"['CH1', 'CH2', 'CHZ']",2019-01-08T11:40:55.610000Z,1.05
1257,20190108T114210Z,1J.TI8A.,"['CH1', 'CH2', 'CHZ']",2019-01-08T11:42:10.570000Z,52.09
1258,20190108T114745Z,1J.TI8A.,"['CH1', 'CH2', 'CHZ']",2019-01-08T11:47:45.770000Z,3.04
1259,20190108T114814Z,1J.TI8A.,"['CH1', 'CH2', 'CHZ']",2019-01-08T11:48:14.230000Z,1.02
1260,20190108T115048Z,1J.TI8A.,"['CH1', 'CH2', 'CHZ']",2019-01-08T11:50:48.000000Z,1.08
1261,20190108T115126Z,1J.TI8A.,"['CH1', 'CH2', 'CHZ']",2019-01-08T11:51:43.880000Z,2.9
1262,20190108T115244Z,1J.TI8A.,"['CH1', 'CH2', 'CHZ']",2019-01-08T11:52:44.280000Z,0.96
1263,20190108T115411Z,1J.TI8A.,"['CH1', 'CH2', 'CHZ']",2019-01-08T11:54:11.090000Z,1.31
1264,20190108T115547Z,1J.TI8A.,"['CH1', 'CH2', 'CHZ']",2019-01-08T11:55:47.450000Z,1.13
1265,20190108T115754Z,1J.TI8A.,"['CH1', 'CH2', 'CHZ']",2019-01-08T11:57:54.440000Z,15.66
1266,20190108T120137Z,1J.TI8A.,"['CH1', 'CH2', 'CHZ']",2019-01-08T12:01:37.780000Z,0.94
1267,20190108T120226Z,1J.TI8A.,"['CH1', 'CH2', 'CHZ']",2019-01-08T12:02:26.210000Z,13.29
1268,20190108T120247Z,1J.TI8A.,"['CH1', 'CH2', 'CHZ']",2019-01-08T12:02:47.380000Z,0.82
1269,20190108T120340Z,1J.TI8A.,"['CH1', 'CH2', 'CHZ']",2019-01-08T12:03:40.750000Z,0.83
1270,20190108T120538Z,1J.TI8A.,"['CH1', 'CH2', 'CHZ']",2019-01-08T12:05:38.260000Z,0.65
1271,20190108T120842Z,1J.TI8A.,"['CH1', 'CH2', 'CHZ']",2019-01-08T12:08:42.560000Z,1.27
1272,20190108T120941Z,1J.TI8A.,"['CH1', 'CH2', 'CHZ']",2019-01-08T12:09:41.460000Z,0.85
1273,20190108T121051Z,1J.TI8A.,"['CH1', 'CH2', 'CHZ']",2019-01-08T12:10:51.510000Z,3.31
1274,20190108T121338Z,1J.TI8A.,"['CH1', 'CH2', 'CHZ']",2019-01-08T12:13:38.540000Z,2.03
1275,20190108T121842Z,1J.TI8A.,"['CH1', 'CH2', 'CHZ']",2019-01-08T12:18:42.960000Z,1.54
1276,20190108T122658Z,1J.TI8A.,"['CH1', 'CH2', 'CHZ']",2019-01-08T12:26:58.510000Z,1.7
1277,20190108T122723Z,1J.TI8A.,"['CH1', 'CH2', 'CHZ']",2019-01-08T12:27:23.000000Z,0.78
1278,20190108T122758Z,1J.TI8A.,"['CH1', 'CH2', 'CHZ']",2019-01-08T12:27:58.710000Z,4.14
1279,20190108T123538Z,1J.TI8A.,"['CH1', 'CH2', 'CHZ']",2019-01-08T12:35:38.500000Z,1.16
1280,20190108T123605Z,1J.TI8A.,"['CH1', 'CH2', 'CHZ']",2019-01-08T12:36:05.480000Z,2.95
1281,20190108T123814Z,1J.TI8A.,"['CH1', 'CH2', 'CHZ']",2019-01-08T12:38:14.920000Z,3.84
1282,20190108T123911Z,1J.TI8A.,"['CH1', 'CH2', 'CHZ']",2019-01-08T12:39:11.010000Z,3.42
1283,20190108T124009Z,1J.TI8A.,"['CH1', 'CH2', 'CHZ']",2019-01-08T12:40:09.900000Z,1.98
1284,20190108T124103Z,1J.TI8A.,"['CH1', 'CH2', 'CHZ']",2019-01-08T12:41:03.910000Z,3.12
1285,20190108T124205Z,1J.TI8A.,"['CH1', 'CH2', 'CHZ']",2019-01-08T12:42:05.330000Z,2.13
1286,20190108T124256Z,1J.TI8A.,"['CH1', 'CH2', 'CHZ']",2019-01-08T12:42:56.400000Z,1.73
1287,20190108T124359Z,1J.TI8A.,"['CH1', 'CH2', 'CHZ']",2019-01-08T12:43:59.370000Z,1.93
1288,20190108T124536Z,1J.TI8A.,"['CH1', 'CH2', 'CHZ']",2019-01-08T12:45:36.710000Z,1.26
1289,20190108T124636Z,1J.TI8A.,"['CH1', 'CH2', 'CHZ']",2019-01-08T12:46:36.000000Z,1.79
1290,20190108T124649Z,1J.TI8A.,"['CH1', 'CH2', 'CHZ']",2019-01-08T12:46:49.870000Z,1.98
1291,20190108T125345Z,1J.TI8A.,"['CH1', 'CH2', 'CHZ']",2019-01-08T12:53:45.500000Z,1.19
1292,20190108T125654Z,1J.TI8A.,"['CH1', 'CH2', 'CHZ']",2019-01-08T12:56:54.740000Z,1.71
1293,20190108T133153Z,1J.TI8A.,"['CH1', 'CH2', 'CHZ']",2019-01-08T13:31:53.320000Z,17.16
1294,20190108T141713Z,1J.TI8A.,"['CH1', 'CH2', 'CHZ']",2019-01-08T14:17:13.930000Z,6.63
1295,20190108T142336Z,1J.TI8A.,"['CH1', 'CH2', 'CHZ']",2019-01-08T14:23:36.110000Z,7.77
1296,20190108T143052Z,1J.TI8A.,"['CH1', 'CH2', 'CHZ']",2019-01-08T14:30:52.800000Z,13.36
1297,20190108T143121Z,1J.TI8A.,"['CH1', 'CH2', 'CHZ']",2019-01-08T14:31:21.580000Z,14.09
1298,20190108T144540Z,1J.TI8A.,"['CH1', 'CH2', 'CHZ']",2019-01-08T14:45:40.240000Z,3.2
1299,20190108T145152Z,1J.TI8A.,"['CH1', 'CH2', 'CHZ']",2019-01-08T14:51:52.670000Z,8.73
1300,20190108T150445Z,1J.TI8A.,"['CH1', 'CH2', 'CHZ']",2019-01-08T15:04:45.510000Z,0.83
1301,20190108T150542Z,1J.TI8A.,"['CH1', 'CH2', 'CHZ']",2019-01-08T15:05:42.300000Z,3.07
1302,20190108T150746Z,1J.TI8A.,"['CH1', 'CH2', 'CHZ']",2019-01-08T15:07:46.390000Z,0.76
1303,20190108T151007Z,1J.TI8A.,"['CH1', 'CH2', 'CHZ']",2019-01-08T15:10:07.170000Z,13.26
1304,20190108T151231Z,1J.TI8A.,"['CH1', 'CH2', 'CHZ']",2019-01-08T15:12:31.980000Z,11.05
1305,20190108T152134Z,1J.TI8A.,"['CH1', 'CH2', 'CHZ']",2019-01-08T15:21:34.290000Z,0.82
1306,20190108T152246Z,1J.TI8A.,"['CH1', 'CH2', 'CHZ']",2019-01-08T15:22:46.390000Z,1.21
1307,20190108T152324Z,1J.TI8A.,"['CH1', 'CH2', 'CHZ']",2019-01-08T15:23:24.030000Z,2.39
1308,20190108T152555Z,1J.TI8A.,"['CH1', 'CH2', 'CHZ']",2019-01-08T15:25:55.700000Z,3.32
1309,20190108T153755Z,1J.TI8A.,"['CH1', 'CH2', 'CHZ']",2019-01-08T15:37:55.760000Z,1.07
1310,20190108T153854Z,1J.TI8A.,"['CH1', 'CH2', 'CHZ']",2019-01-08T15:38:54.900000Z,5.17
1311,20190108T153952Z,1J.TI8A.,"['CH1', 'CH2', 'CHZ']",2019-01-08T15:39:52.280000Z,1.19
1312,20190108T154054Z,1J.TI8A.,"['CH1', 'CH2', 'CHZ']",2019-01-08T15:40:54.640000Z,1.42
1313,20190108T154203Z,1J.TI8A.,"['CH1', 'CH2', 'CHZ']",2019-01-08T15:42:03.280000Z,1.25
1314,20190108T154252Z,1J.TI8A.,"['CH1', 'CH2', 'CHZ']",2019-01-08T15:42:52.880000Z,1.51
1315,20190108T154345Z,1J.TI8A.,"['CH1', 'CH2', 'CHZ']",2019-01-08T15:43:45.150000Z,0.82
1316,20190108T154418Z,1J.TI8A.,"['CH1', 'CH2', 'CHZ']",2019-01-08T15:44:18.750000Z,1.44
1317,20190108T154519Z,1J.TI8A.,"['CH1', 'CH2', 'CHZ']",2019-01-08T15:45:19.050000Z,1.03
1318,20190108T154551Z,1J.TI8A.,"['CH1', 'CH2', 'CHZ']",2019-01-08T15:45:51.040000Z,16.99
1319,20190108T154707Z,1J.TI8A.,"['CH1', 'CH2', 'CHZ']",2019-01-08T15:47:07.780000Z,0.92
1320,20190108T154732Z,1J.TI8A.,"['CH1', 'CH2', 'CHZ']",2019-01-08T15:47:32.860000Z,1.25
1321,20190108T154756Z,1J.TI8A.,"['CH1', 'CH2', 'CHZ']",2019-01-08T15:47:56.370000Z,0.81
1322,20190108T154832Z,1J.TI8A.,"['CH1', 'CH2', 'CHZ']",2019-01-08T15:48:32.640000Z,0.77
1323,20190108T155244Z,1J.TI8A.,"['CH1', 'CH2', 'CHZ']",2019-01-08T15:52:44.560000Z,0.81
1324,20190108T160246Z,1J.TI8A.,"['CH1', 'CH2', 'CHZ']",2019-01-08T16:02:46.840000Z,1.22
1325,20190108T160903Z,1J.TI8A.,"['CH1', 'CH2', 'CHZ']",2019-01-08T16:09:03.920000Z,0.95
1326,20190108T161250Z,1J.TI8A.,"['CH1', 'CH2', 'CHZ']",2019-01-08T16:12:50.170000Z,18.08
1327,20190108T164157Z,1J.TI8A.,"['CH1', 'CH2', 'CHZ']",2019-01-08T16:41:57.730000Z,2.09
1328,20190108T164611Z,1J.TI8A.,"['CH1', 'CH2', 'CHZ']",2019-01-08T16:46:11.620000Z,8.07
1329,20190108T164638Z,1J.TI8A.,"['CH1', 'CH2', 'CHZ']",2019-01-08T16:46:38.150000Z,16.25
1330,20190108T170116Z,1J.TI8A.,"['CH1', 'CH2', 'CHZ']",2019-01-08T17:01:16.560000Z,1.6
1331,20190108T170747Z,1J.TI8A.,"['CH1', 'CH2', 'CHZ']",2019-01-08T17:07:47.330000Z,1.07
1332,20190108T170841Z,1J.TI8A.,"['CH1', 'CH2', 'CHZ']",2019-01-08T17:08:41.680000Z,1.46
1333,20190108T170940Z,1J.TI8A.,"['CH1', 'CH2', 'CHZ']",2019-01-08T17:09:40.640000Z,0.81
1334,20190108T171205Z,1J.TI8A.,"['CH1', 'CH2', 'CHZ']",2019-01-08T17:12:05.470000Z,1.21
1335,20190108T171345Z,1J.TI8A.,"['CH1', 'CH2', 'CHZ']",2019-01-08T17:13:45.480000Z,1.6
1336,20190108T171444Z,1J.TI8A.,"['CH1', 'CH2', 'CHZ']",2019-01-08T17:14:44.660000Z,1.22
1337,20190108T171545Z,1J.TI8A.,"['CH1', 'CH2', 'CHZ']",2019-01-08T17:15:48.080000Z,0.72
1338,20190108T171659Z,1J.TI8A.,"['CH1', 'CH2', 'CHZ']",2019-01-08T17:16:59.730000Z,1.11
1339,20190108T171804Z,1J.TI8A.,"['CH1', 'CH2', 'CHZ']",2019-01-08T17:18:04.040000Z,1.58
1340,20190108T172008Z,1J.TI8A.,"['CH1', 'CH2', 'CHZ']",2019-01-08T17:20:08.530000Z,1.25
1341,20190108T172208Z,1J.TI8A.,"['CH1', 'CH2', 'CHZ']",2019-01-08T17:22:08.200000Z,0.98
1342,20190108T172455Z,1J.TI8A.,"['CH1', 'CH2', 'CHZ']",2019-01-08T17:24:55.540000Z,1.31
1343,20190108T172745Z,1J.TI8A.,"['CH1', 'CH2', 'CHZ']",2019-01-08T17:27:45.600000Z,0.77
1344,20190108T173052Z,1J.TI8A.,"['CH1', 'CH2', 'CHZ']",2019-01-08T17:30:52.450000Z,1.14
1345,20190108T173828Z,1J.TI8A.,"['CH1', 'CH2', 'CHZ']",2019-01-08T17:38:28.030000Z,1.15
1346,20190108T174148Z,1J.TI8A.,"['CH1', 'CH2', 'CHZ']",2019-01-08T17:41:48.210000Z,2.59
1347,20190108T174302Z,1J.TI8A.,"['CH1', 'CH2', 'CHZ']",2019-01-08T17:43:02.190000Z,3.86
1348,20190108T175957Z,1J.TI8A.,"['CH1', 'CH2', 'CHZ']",2019-01-08T17:59:57.720000Z,2.98
1349,20190108T180043Z,1J.TI8A.,"['CH1', 'CH2', 'CHZ']",2019-01-08T18:00:43.570000Z,3.24
1350,20190108T181747Z,1J.TI8A.,"['CH1', 'CH2', 'CHZ']",2019-01-08T18:17:47.130000Z,12.71
1351,20190108T183733Z,1J.TI8A.,"['CH1', 'CH2', 'CHZ']",2019-01-08T18:37:53.910000Z,2.4
1352,20190108T184642Z,1J.TI8A.,"['CH1', 'CH2', 'CHZ']",2019-01-08T18:46:42.280000Z,2.0
1353,20190108T184952Z,1J.TI8A.,"['CH1', 'CH2', 'CHZ']",2019-01-08T18:49:52.590000Z,1.21
1354,20190108T185601Z,1J.TI8A.,"['CH1', 'CH2', 'CHZ']",2019-01-08T18:56:01.490000Z,1.54
1355,20190108T190217Z,1J.TI8A.,"['CH1', 'CH2', 'CHZ']",2019-01-08T19:02:17.100000Z,1.24
1356,20190108T192648Z,1J.TI8A.,"['CH1', 'CH2', 'CHZ']",2019-01-08T19:26:48.870000Z,1.38
1357,20190108T195623Z,1J.TI8A.,"['CH1', 'CH2', 'CHZ']",2019-01-08T19:56:23.730000Z,0.97
1358,20190108T201044Z,1J.TI8A.,"['CH1', 'CH2', 'CHZ']",2019-01-08T20:10:44.160000Z,2.3
1359,20190108T203021Z,1J.TI8A.,"['CH1', 'CH2', 'CHZ']",2019-01-08T20:30:21.460000Z,2.92
1360,20190108T205441Z,1J.TI8A.,"['CH1', 'CH2', 'CHZ']",2019-01-08T20:54:41.640000Z,1.49
1361,20190108T205522Z,1J.TI8A.,"['CH1', 'CH2', 'CHZ']",2019-01-08T20:55:22.570000Z,4.37
1362,20190108T210656Z,1J.TI8A.,"['CH1', 'CH2', 'CHZ']",2019-01-08T21:06:56.970000Z,1.6
1363,20190108T211141Z,1J.TI8A.,"['CH1', 'CH2', 'CHZ']",2019-01-08T21:11:41.230000Z,1.41
1364,20190108T211636Z,1J.TI8A.,"['CH1', 'CH2', 'CHZ']",2019-01-08T21:16:36.300000Z,0.79
1365,20190108T211755Z,1J.TI8A.,"['CH1', 'CH2', 'CHZ']",2019-01-08T21:17:55.480000Z,1.29
1366,20190108T212225Z,1J.TI8A.,"['CH1', 'CH2', 'CHZ']",2019-01-08T21:22:25.740000Z,20.09
1367,20190108T213517Z,1J.TI8A.,"['CH1', 'CH2', 'CHZ']",2019-01-08T21:35:17.830000Z,2.73
1368,20190108T213659Z,1J.TI8A.,"['CH1', 'CH2', 'CHZ']",2019-01-08T21:36:59.510000Z,2.48
1369,20190108T214619Z,1J.TI8A.,"['CH1', 'CH2', 'CHZ']",2019-01-08T21:46:19.880000Z,1.4
1370,20190108T214826Z,1J.TI8A.,"['CH1', 'CH2', 'CHZ']",2019-01-08T21:48:26.570000Z,3.43
1371,20190108T215004Z,1J.TI8A.,"['CH1', 'CH2', 'CHZ']",2019-01-08T21:50:04.310000Z,1.87
1372,20190108T215309Z,1J.TI8A.,"['CH1', 'CH2', 'CHZ']",2019-01-08T21:53:55.410000Z,0.88
1373,20190108T215748Z,1J.TI8A.,"['CH1', 'CH2', 'CHZ']",2019-01-08T21:57:48.610000Z,6.32
1374,20190108T220631Z,1J.TI8A.,"['CH1', 'CH2', 'CHZ']",2019-01-08T22:06:31.480000Z,5.95
1375,20190108T220657Z,1J.TI8A.,"['CH1', 'CH2', 'CHZ']",2019-01-08T22:06:57.230000Z,13.33
1376,20190108T221620Z,1J.TI8A.,"['CH1', 'CH2', 'CHZ']",2019-01-08T22:16:20.990000Z,2.54
1377,20190108T222020Z,1J.TI8A.,"['CH1', 'CH2', 'CHZ']",2019-01-08T22:20:20.240000Z,3.47
1378,20190108T222118Z,1J.TI8A.,"['CH1', 'CH2', 'CHZ']",2019-01-08T22:21:18.900000Z,3.0
1379,20190108T222233Z,1J.TI8A.,"['CH1', 'CH2', 'CHZ']",2019-01-08T22:22:33.240000Z,3.5
1380,20190108T222855Z,1J.TI8A.,"['CH1', 'CH2', 'CHZ']",2019-01-08T22:28:55.340000Z,9.81
1381,20190108T223154Z,1J.TI8A.,"['CH1', 'CH2', 'CHZ']",2019-01-08T22:31:54.510000Z,1.74
1382,20190108T223411Z,1J.TI8A.,"['CH1', 'CH2', 'CHZ']",2019-01-08T22:34:11.880000Z,16.63
1383,20190108T223454Z,1J.TI8A.,"['CH1', 'CH2', 'CHZ']",2019-01-08T22:34:56.650000Z,37.85
1384,20190108T225643Z,1J.TI8A.,"['CH1', 'CH2', 'CHZ']",2019-01-08T22:56:43.580000Z,1.76
1385,20190108T231511Z,1J.TI8A.,"['CH1', 'CH2', 'CHZ']",2019-01-08T23:15:11.420000Z,7.63
1386,20190108T232524Z,1J.TI8A.,"['CH1', 'CH2', 'CHZ']",2019-01-08T23:25:24.980000Z,1.14
1387,20190108T233804Z,1J.TI8A.,"['CH1', 'CH2', 'CHZ']",2019-01-08T23:38:04.930000Z,1.06
1388,20190108T234108Z,1J.TI8A.,"['CH1', 'CH2', 'CHZ']",2019-01-08T23:41:08.630000Z,19.57
1389,20190108T234244Z,1J.TI8A.,"['CH1', 'CH2', 'CHZ']",2019-01-08T23:42:44.160000Z,8.84
1390,20190108T235105Z,1J.TI8A.,"['CH1', 'CH2', 'CHZ']",2019-01-08T23:51:05.050000Z,2.1
1391,20190108T003202Z,1J.TI6A.,"['CH1', 'CH2', 'CHZ']",2019-01-08T00:32:04.720000Z,1.43
1392,20190108T021953Z,1J.TI6A.,"['CH1', 'CH2', 'CHZ']",2019-01-08T02:19:56.180000Z,14.03
1393,20190108T033539Z,1J.TI6A.,"['CH1', 'CH2', 'CHZ']",2019-01-08T03:35:49.020000Z,7.23
1394,20190108T033901Z,1J.TI6A.,"['CH1', 'CH2', 'CHZ']",2019-01-08T03:39:33.240000Z,24.97
1395,20190108T041029Z,1J.TI6A.,"['CH1', 'CH2', 'CHZ']",2019-01-08T04:10:59.840000Z,15.36
1396,20190108T042515Z,1J.TI6A.,"['CH1', 'CH2', 'CHZ']",2019-01-08T04:25:39.120000Z,16.93
1397,20190108T043340Z,1J.TI6A.,"['CH1', 'CH2', 'CHZ']",2019-01-08T04:33:53.690000Z,22.1
1398,20190108T045039Z,1J.TI6A.,"['CH1', 'CH2', 'CHZ']",2019-01-08T04:50:43.420000Z,5.88
1399,20190108T045513Z,1J.TI6A.,"['CH1', 'CH2', 'CHZ']",2019-01-08T04:55:13.120000Z,9.89
1400,20190108T050303Z,1J.TI6A.,"['CH1', 'CH2', 'CHZ']",2019-01-08T05:03:03.380000Z,20.15
1401,20190108T050758Z,1J.TI6A.,"['CH1', 'CH2', 'CHZ']",2019-01-08T05:07:58.860000Z,50.9
1402,20190108T053604Z,1J.TI6A.,"['CH1', 'CH2', 'CHZ']",2019-01-08T05:36:04.350000Z,6.84
1403,20190108T054535Z,1J.TI6A.,"['CH1', 'CH2', 'CHZ']",2019-01-08T05:45:36.730000Z,11.03
1404,20190108T055132Z,1J.TI6A.,"['CH1', 'CH2', 'CHZ']",2019-01-08T05:51:41.100000Z,11.35
1405,20190108T055938Z,1J.TI6A.,"['CH1', 'CH2', 'CHZ']",2019-01-08T05:59:38.620000Z,3.32
1406,20190108T062351Z,1J.TI6A.,"['CH1', 'CH2', 'CHZ']",2019-01-08T06:23:51.280000Z,2.99
1407,20190108T064250Z,1J.TI6A.,"['CH1', 'CH2', 'CHZ']",2019-01-08T06:42:50.150000Z,15.71
1408,20190108T064840Z,1J.TI6A.,"['CH1', 'CH2', 'CHZ']",2019-01-08T06:48:45.330000Z,4.77
1409,20190108T070338Z,1J.TI6A.,"['CH1', 'CH2', 'CHZ']",2019-01-08T07:03:39.530000Z,3.68
1410,20190108T071621Z,1J.TI6A.,"['CH1', 'CH2', 'CHZ']",2019-01-08T07:16:30.070000Z,10.03
1411,20190108T072059Z,1J.TI6A.,"['CH1', 'CH2', 'CHZ']",2019-01-08T07:21:00.080000Z,12.1
1412,20190108T072437Z,1J.TI6A.,"['CH1', 'CH2', 'CHZ']",2019-01-08T07:24:37.770000Z,23.69
1413,20190108T072917Z,1J.TI6A.,"['CH1', 'CH2', 'CHZ']",2019-01-08T07:29:17.800000Z,3.16
1414,20190108T073443Z,1J.TI6A.,"['CH1', 'CH2', 'CHZ']",2019-01-08T07:34:43.650000Z,50.55
1415,20190108T073809Z,1J.TI6A.,"['CH1', 'CH2', 'CHZ']",2019-01-08T07:38:09.300000Z,4.81
1416,20190108T073907Z,1J.TI6A.,"['CH1', 'CH2', 'CHZ']",2019-01-08T07:39:16.470000Z,1.89
1417,20190108T073933Z,1J.TI6A.,"['CH1', 'CH2', 'CHZ']",2019-01-08T07:39:33.520000Z,33.06
1418,20190108T075353Z,1J.TI6A.,"['CH1', 'CH2', 'CHZ']",2019-01-08T07:53:59.970000Z,2.44
1419,20190108T075935Z,1J.TI6A.,"['CH1', 'CH2', 'CHZ']",2019-01-08T07:59:37.230000Z,4.37
1420,20190108T080309Z,1J.TI6A.,"['CH1', 'CH2', 'CHZ']",2019-01-08T08:03:11.480000Z,19.56
1421,20190108T080557Z,1J.TI6A.,"['CH1', 'CH2', 'CHZ']",2019-01-08T08:05:57.920000Z,3.72
1422,20190108T080823Z,1J.TI6A.,"['CH1', 'CH2', 'CHZ']",2019-01-08T08:08:23.410000Z,19.86
1423,20190108T081310Z,1J.TI6A.,"['CH1', 'CH2', 'CHZ']",2019-01-08T08:13:10.860000Z,3.85
1424,20190108T081451Z,1J.TI6A.,"['CH1', 'CH2', 'CHZ']",2019-01-08T08:14:51.630000Z,0.74
1425,20190108T082023Z,1J.TI6A.,"['CH1', 'CH2', 'CHZ']",2019-01-08T08:20:24.730000Z,17.11
1426,20190108T082246Z,1J.TI6A.,"['CH1', 'CH2', 'CHZ']",2019-01-08T08:22:50.910000Z,3.94
1427,20190108T082823Z,1J.TI6A.,"['CH1', 'CH2', 'CHZ']",2019-01-08T08:28:23.190000Z,18.0
1428,20190108T083224Z,1J.TI6A.,"['CH1', 'CH2', 'CHZ']",2019-01-08T08:32:24.990000Z,0.96
1429,20190108T083406Z,1J.TI6A.,"['CH1', 'CH2', 'CHZ']",2019-01-08T08:34:06.230000Z,4.22
1430,20190108T083516Z,1J.TI6A.,"['CH1', 'CH2', 'CHZ']",2019-01-08T08:35:17.930000Z,8.15
1431,20190108T083723Z,1J.TI6A.,"['CH1', 'CH2', 'CHZ']",2019-01-08T08:37:24.480000Z,17.8
1432,20190108T083935Z,1J.TI6A.,"['CH1', 'CH2', 'CHZ']",2019-01-08T08:39:35.080000Z,32.57
1433,20190108T084337Z,1J.TI6A.,"['CH1', 'CH2', 'CHZ']",2019-01-08T08:43:49.510000Z,33.98
1434,20190108T084449Z,1J.TI6A.,"['CH1', 'CH2', 'CHZ']",2019-01-08T08:44:49.550000Z,1.98
1435,20190108T084753Z,1J.TI6A.,"['CH1', 'CH2', 'CHZ']",2019-01-08T08:47:53.520000Z,11.9
1436,20190108T084938Z,1J.TI6A.,"['CH1', 'CH2', 'CHZ']",2019-01-08T08:49:39.890000Z,13.71
1437,20190108T085057Z,1J.TI6A.,"['CH1', 'CH2', 'CHZ']",2019-01-08T08:50:57.660000Z,2.43
1438,20190108T085124Z,1J.TI6A.,"['CH1', 'CH2', 'CHZ']",2019-01-08T08:51:37.500000Z,1.86
1439,20190108T085328Z,1J.TI6A.,"['CH1', 'CH2', 'CHZ']",2019-01-08T08:53:28.540000Z,14.46
1440,20190108T085719Z,1J.TI6A.,"['CH1', 'CH2', 'CHZ']",2019-01-08T08:57:19.340000Z,0.91
1441,20190108T085832Z,1J.TI6A.,"['CH1', 'CH2', 'CHZ']",2019-01-08T08:58:35.450000Z,21.94
1442,20190108T091116Z,1J.TI6A.,"['CH1', 'CH2', 'CHZ']",2019-01-08T09:11:20.670000Z,3.07
1443,20190108T093932Z,1J.TI6A.,"['CH1', 'CH2', 'CHZ']",2019-01-08T09:39:52.600000Z,1.13
1444,20190108T100939Z,1J.TI6A.,"['CH1', 'CH2', 'CHZ']",2019-01-08T10:09:43.430000Z,1.01
1445,20190108T101150Z,1J.TI6A.,"['CH1', 'CH2', 'CHZ']",2019-01-08T10:12:18.140000Z,21.05
1446,20190108T103220Z,1J.TI6A.,"['CH1', 'CH2', 'CHZ']",2019-01-08T10:32:24.190000Z,8.46
1447,20190108T103549Z,1J.TI6A.,"['CH1', 'CH2', 'CHZ']",2019-01-08T10:35:54.440000Z,2.97
1448,20190108T104245Z,1J.TI6A.,"['CH1', 'CH2', 'CHZ']",2019-01-08T10:42:50.320000Z,1.61
1449,20190108T104338Z,1J.TI6A.,"['CH1', 'CH2', 'CHZ']",2019-01-08T10:44:08.630000Z,15.36
1450,20190108T110813Z,1J.TI6A.,"['CH1', 'CH2', 'CHZ']",2019-01-08T11:08:57.260000Z,36.44
1451,20190108T111155Z,1J.TI6A.,"['CH1', 'CH2', 'CHZ']",2019-01-08T11:12:01.470000Z,2.0
1452,20190108T111749Z,1J.TI6A.,"['CH1', 'CH2', 'CHZ']",2019-01-08T11:17:53.770000Z,20.42
1453,20190108T112858Z,1J.TI6A.,"['CH1', 'CH2', 'CHZ']",2019-01-08T11:28:58.350000Z,2.44
1454,20190108T114210Z,1J.TI6A.,"['CH1', 'CH2', 'CHZ']",2019-01-08T11:42:38.600000Z,13.44
1455,20190108T170021Z,1J.TI6A.,"['CH1', 'CH2', 'CHZ']",2019-01-08T17:00:21.520000Z,0.71
1456,20190108T181141Z,1J.TI6A.,"['CH1', 'CH2', 'CHZ']",2019-01-08T18:11:41.760000Z,2.79
1457,20190108T183114Z,1J.TI6A.,"['CH1', 'CH2', 'CHZ']",2019-01-08T18:31:14.480000Z,6.65
1458,20190108T194058Z,1J.TI6A.,"['CH1', 'CH2', 'CHZ']",2019-01-08T19:40:58.080000Z,1.63
1459,20190108T194803Z,1J.TI6A.,"['CH1', 'CH2', 'CHZ']",2019-01-08T19:48:03.030000Z,11.08
1460,20190108T201927Z,1J.TI6A.,"['CH1', 'CH2', 'CHZ']",2019-01-08T20:20:01.290000Z,6.31
1461,20190108T205302Z,1J.TI6A.,"['CH1', 'CH2', 'CHZ']",2019-01-08T20:53:02.960000Z,1.07
1462,20190108T211631Z,1J.TI6A.,"['CH1', 'CH2', 'CHZ']",2019-01-08T21:16:31.670000Z,4.04
1463,20190108T211834Z,1J.TI6A.,"['CH1', 'CH2', 'CHZ']",2019-01-08T21:18:34.330000Z,1.19
1464,20190108T212225Z,1J.TI6A.,"['CH1', 'CH2', 'CHZ']",2019-01-08T21:22:25.290000Z,17.21
1465,20190108T214231Z,1J.TI6A.,"['CH1', 'CH2', 'CHZ']",2019-01-08T21:42:31.600000Z,2.77
1466,20190108T214602Z,1J.TI6A.,"['CH1', 'CH2', 'CHZ']",2019-01-08T21:46:02.480000Z,0.94
1467,20190108T214826Z,1J.TI6A.,"['CH1', 'CH2', 'CHZ']",2019-01-08T21:48:29.490000Z,1.59
1468,20190108T214944Z,1J.TI6A.,"['CH1', 'CH2', 'CHZ']",2019-01-08T21:49:44.440000Z,0.78
1469,20190108T215711Z,1J.TI6A.,"['CH1', 'CH2', 'CHZ']",2019-01-08T21:57:11.000000Z,1.85
1470,20190108T222126Z,1J.TI6A.,"['CH1', 'CH2', 'CHZ']",2019-01-08T22:21:26.280000Z,2.31
1471,20190108T222913Z,1J.TI6A.,"['CH1', 'CH2', 'CHZ']",2019-01-08T22:29:13.860000Z,1.34
1472,20190108T223454Z,1J.TI6A.,"['CH1', 'CH2', 'CHZ']",2019-01-08T22:35:10.420000Z,16.72
1473,20190108T225242Z,1J.TI6A.,"['CH1', 'CH2', 'CHZ']",2019-01-08T22:52:42.430000Z,1.33
1474,20190108T225648Z,1J.TI6A.,"['CH1', 'CH2', 'CHZ']",2019-01-08T22:56:48.500000Z,2.36
1475,20190108T225921Z,1J.TI6A.,"['CH1', 'CH2', 'CHZ']",2019-01-08T22:59:21.520000Z,3.6
1476,20190108T230518Z,1J.TI6A.,"['CH1', 'CH2', 'CHZ']",2019-01-08T23:05:18.620000Z,6.7
1477,20190108T231313Z,1J.TI6A.,"['CH1', 'CH2', 'CHZ']",2019-01-08T23:13:13.030000Z,1.25
1478,20190108T231424Z,1J.TI6A.,"['CH1', 'CH2', 'CHZ']",2019-01-08T23:14:24.470000Z,2.11
1479,20190108T232836Z,1J.TI6A.,"['CH1', 'CH2', 'CHZ']",2019-01-08T23:28:36.590000Z,1.56
1480,20190108T234027Z,1J.TI6A.,"['CH1', 'CH2', 'CHZ']",2019-01-08T23:40:27.340000Z,2.14
1481,20190108T235034Z,1J.TI6A.,"['CH1', 'CH2', 'CHZ']",2019-01-08T23:50:34.550000Z,2.73
1482,20190108T235313Z,1J.TI6A.,"['CH1', 'CH2', 'CHZ']",2019-01-08T23:53:13.990000Z,1.26
1483,20190108T235530Z,1J.TI6A.,"['CH1', 'CH2', 'CHZ']",2019-01-08T23:55:30.480000Z,2.43
1484,20190108T000049Z,1J.TI1A.,"['CH1', 'CH2', 'CHZ']",2019-01-08T00:00:49.150000Z,9.25
1485,20190108T000320Z,1J.TI1A.,"['CH1', 'CH2', 'CHZ']",2019-01-08T00:03:20.700000Z,0.82
1486,20190108T000548Z,1J.TI1A.,"['CH1', 'CH2', 'CHZ']",2019-01-08T00:05:48.370000Z,17.19
1487,20190108T000839Z,1J.TI1A.,"['CH1', 'CH2', 'CHZ']",2019-01-08T00:08:39.870000Z,2.51
1488,20190108T001809Z,1J.TI1A.,"['CH1', 'CH2', 'CHZ']",2019-01-08T00:18:09.700000Z,1.69
1489,20190108T001859Z,1J.TI1A.,"['CH1', 'CH2', 'CHZ']",2019-01-08T00:18:59.420000Z,5.53
1490,20190108T002102Z,1J.TI1A.,"['CH1', 'CH2', 'CHZ']",2019-01-08T00:21:02.010000Z,3.27
1491,20190108T002121Z,1J.TI1A.,"['CH1', 'CH2', 'CHZ']",2019-01-08T00:21:29.680000Z,21.56
1492,20190108T002242Z,1J.TI1A.,"['CH1', 'CH2', 'CHZ']",2019-01-08T00:22:42.940000Z,10.37
1493,20190108T002353Z,1J.TI1A.,"['CH1', 'CH2', 'CHZ']",2019-01-08T00:23:53.670000Z,4.27
1494,20190108T002417Z,1J.TI1A.,"['CH1', 'CH2', 'CHZ']",2019-01-08T00:24:18.540000Z,6.55
1495,20190108T002549Z,1J.TI1A.,"['CH1', 'CH2', 'CHZ']",2019-01-08T00:25:49.690000Z,2.1
1496,20190108T002908Z,1J.TI1A.,"['CH1', 'CH2', 'CHZ']",2019-01-08T00:29:08.930000Z,2.9
1497,20190108T002925Z,1J.TI1A.,"['CH1', 'CH2', 'CHZ']",2019-01-08T00:29:25.870000Z,10.8
1498,20190108T003152Z,1J.TI1A.,"['CH1', 'CH2', 'CHZ']",2019-01-08T00:31:52.970000Z,6.57
1499,20190108T003429Z,1J.TI1A.,"['CH1', 'CH2', 'CHZ']",2019-01-08T00:34:29.190000Z,5.47
1500,20190108T003502Z,1J.TI1A.,"['CH1', 'CH2', 'CHZ']",2019-01-08T00:35:02.970000Z,3.96
1501,20190108T003618Z,1J.TI1A.,"['CH1', 'CH2', 'CHZ']",2019-01-08T00:36:18.490000Z,4.11
1502,20190108T003959Z,1J.TI1A.,"['CH1', 'CH2', 'CHZ']",2019-01-08T00:39:59.840000Z,13.42
1503,20190108T004027Z,1J.TI1A.,"['CH1', 'CH2', 'CHZ']",2019-01-08T00:40:27.470000Z,1.86
1504,20190108T004040Z,1J.TI1A.,"['CH1', 'CH2', 'CHZ']",2019-01-08T00:40:40.360000Z,9.01
1505,20190108T004258Z,1J.TI1A.,"['CH1', 'CH2', 'CHZ']",2019-01-08T00:42:58.620000Z,3.28
1506,20190108T004511Z,1J.TI1A.,"['CH1', 'CH2', 'CHZ']",2019-01-08T00:45:11.380000Z,3.82
1507,20190108T004540Z,1J.TI1A.,"['CH1', 'CH2', 'CHZ']",2019-01-08T00:45:40.560000Z,7.19
1508,20190108T004938Z,1J.TI1A.,"['CH1', 'CH2', 'CHZ']",2019-01-08T00:49:38.310000Z,17.89
1509,20190108T005001Z,1J.TI1A.,"['CH1', 'CH2', 'CHZ']",2019-01-08T00:50:11.520000Z,11.63
1510,20190108T005607Z,1J.TI1A.,"['CH1', 'CH2', 'CHZ']",2019-01-08T00:56:07.000000Z,2.9
1511,20190108T010058Z,1J.TI1A.,"['CH1', 'CH2', 'CHZ']",2019-01-08T01:00:58.300000Z,53.45
1512,20190108T010235Z,1J.TI1A.,"['CH1', 'CH2', 'CHZ']",2019-01-08T01:02:35.900000Z,2.77
1513,20190108T010640Z,1J.TI1A.,"['CH1', 'CH2', 'CHZ']",2019-01-08T01:06:40.560000Z,7.1
1514,20190108T010659Z,1J.TI1A.,"['CH1', 'CH2', 'CHZ']",2019-01-08T01:06:59.050000Z,6.75
1515,20190108T010919Z,1J.TI1A.,"['CH1', 'CH2', 'CHZ']",2019-01-08T01:09:19.340000Z,19.15
1516,20190108T011351Z,1J.TI1A.,"['CH1', 'CH2', 'CHZ']",2019-01-08T01:13:55.310000Z,4.36
1517,20190108T011829Z,1J.TI1A.,"['CH1', 'CH2', 'CHZ']",2019-01-08T01:18:29.040000Z,9.98
1518,20190108T012127Z,1J.TI1A.,"['CH1', 'CH2', 'CHZ']",2019-01-08T01:21:27.570000Z,17.59
1519,20190108T012338Z,1J.TI1A.,"['CH1', 'CH2', 'CHZ']",2019-01-08T01:23:38.250000Z,4.17
1520,20190108T012759Z,1J.TI1A.,"['CH1', 'CH2', 'CHZ']",2019-01-08T01:27:59.130000Z,16.08
1521,20190108T013639Z,1J.TI1A.,"['CH1', 'CH2', 'CHZ']",2019-01-08T01:36:39.770000Z,2.95
1522,20190108T013724Z,1J.TI1A.,"['CH1', 'CH2', 'CHZ']",2019-01-08T01:37:24.940000Z,1.72
1523,20190108T013943Z,1J.TI1A.,"['CH1', 'CH2', 'CHZ']",2019-01-08T01:39:43.060000Z,8.68
1524,20190108T014734Z,1J.TI1A.,"['CH1', 'CH2', 'CHZ']",2019-01-08T01:47:40.290000Z,13.67
1525,20190108T014759Z,1J.TI1A.,"['CH1', 'CH2', 'CHZ']",2019-01-08T01:47:59.390000Z,10.65
1526,20190108T015427Z,1J.TI1A.,"['CH1', 'CH2', 'CHZ']",2019-01-08T01:54:27.850000Z,14.85
1527,20190108T015737Z,1J.TI1A.,"['CH1', 'CH2', 'CHZ']",2019-01-08T01:57:37.980000Z,1.34
1528,20190108T020331Z,1J.TI1A.,"['CH1', 'CH2', 'CHZ']",2019-01-08T02:03:32.520000Z,9.63
1529,20190108T020352Z,1J.TI1A.,"['CH1', 'CH2', 'CHZ']",2019-01-08T02:03:52.170000Z,16.62
1530,20190108T020519Z,1J.TI1A.,"['CH1', 'CH2', 'CHZ']",2019-01-08T02:05:19.330000Z,30.24
1531,20190108T020716Z,1J.TI1A.,"['CH1', 'CH2', 'CHZ']",2019-01-08T02:07:16.980000Z,2.21
1532,20190108T021206Z,1J.TI1A.,"['CH1', 'CH2', 'CHZ']",2019-01-08T02:12:06.990000Z,7.46
1533,20190108T021335Z,1J.TI1A.,"['CH1', 'CH2', 'CHZ']",2019-01-08T02:13:35.870000Z,7.8
1534,20190108T021449Z,1J.TI1A.,"['CH1', 'CH2', 'CHZ']",2019-01-08T02:14:50.100000Z,7.74
1535,20190108T021505Z,1J.TI1A.,"['CH1', 'CH2', 'CHZ']",2019-01-08T02:15:05.390000Z,28.66
1536,20190108T021616Z,1J.TI1A.,"['CH1', 'CH2', 'CHZ']",2019-01-08T02:16:16.740000Z,27.27
1537,20190108T021826Z,1J.TI1A.,"['CH1', 'CH2', 'CHZ']",2019-01-08T02:18:26.850000Z,12.63
1538,20190108T022825Z,1J.TI1A.,"['CH1', 'CH2', 'CHZ']",2019-01-08T02:28:25.850000Z,12.23
1539,20190108T022933Z,1J.TI1A.,"['CH1', 'CH2', 'CHZ']",2019-01-08T02:29:33.680000Z,14.14
1540,20190108T023102Z,1J.TI1A.,"['CH1', 'CH2', 'CHZ']",2019-01-08T02:31:02.680000Z,6.86
1541,20190108T023211Z,1J.TI1A.,"['CH1', 'CH2', 'CHZ']",2019-01-08T02:32:11.080000Z,32.11
1542,20190108T023846Z,1J.TI1A.,"['CH1', 'CH2', 'CHZ']",2019-01-08T02:38:46.420000Z,5.6
1543,20190108T024957Z,1J.TI1A.,"['CH1', 'CH2', 'CHZ']",2019-01-08T02:50:00.420000Z,21.65
1544,20190108T042515Z,1J.TI1A.,"['CH1', 'CH2', 'CHZ']",2019-01-08T04:25:15.600000Z,12.65
1545,20190108T043340Z,1J.TI1A.,"['CH1', 'CH2', 'CHZ']",2019-01-08T04:33:48.500000Z,35.49
1546,20190108T050613Z,1J.TI1A.,"['CH1', 'CH2', 'CHZ']",2019-01-08T05:06:13.650000Z,31.97
1547,20190108T052420Z,1J.TI1A.,"['CH1', 'CH2', 'CHZ']",2019-01-08T05:24:28.590000Z,29.69
1548,20190108T052516Z,1J.TI1A.,"['CH1', 'CH2', 'CHZ']",2019-01-08T05:25:16.220000Z,43.74
1549,20190108T052714Z,1J.TI1A.,"['CH1', 'CH2', 'CHZ']",2019-01-08T05:27:14.870000Z,27.03
1550,20190108T055036Z,1J.TI1A.,"['CH1', 'CH2', 'CHZ']",2019-01-08T05:50:39.180000Z,32.47
1551,20190108T055132Z,1J.TI1A.,"['CH1', 'CH2', 'CHZ']",2019-01-08T05:51:59.200000Z,9.91
1552,20190108T060942Z,1J.TI1A.,"['CH1', 'CH2', 'CHZ']",2019-01-08T06:09:43.410000Z,33.75
1553,20190108T061023Z,1J.TI1A.,"['CH1', 'CH2', 'CHZ']",2019-01-08T06:10:23.980000Z,19.36
1554,20190108T065337Z,1J.TI1A.,"['CH1', 'CH2', 'CHZ']",2019-01-08T06:54:22.080000Z,1.35
1555,20190108T082255Z,1J.TI1A.,"['CH1', 'CH2', 'CHZ']",2019-01-08T08:22:55.180000Z,22.11
1556,20190108T082322Z,1J.TI1A.,"['CH1', 'CH2', 'CHZ']",2019-01-08T08:23:22.730000Z,22.05
1557,20190108T090505Z,1J.TI1A.,"['CH1', 'CH2', 'CHZ']",2019-01-08T09:05:05.850000Z,15.64
1558,20190108T090622Z,1J.TI1A.,"['CH1', 'CH2', 'CHZ']",2019-01-08T09:06:22.180000Z,17.74
1559,20190108T090653Z,1J.TI1A.,"['CH1', 'CH2', 'CHZ']",2019-01-08T09:06:53.180000Z,5.94
1560,20190108T101458Z,1J.TI1A.,"['CH1', 'CH2', 'CHZ']",2019-01-08T10:15:01.910000Z,12.73
1561,20190108T104542Z,1J.TI1A.,"['CH1', 'CH2', 'CHZ']",2019-01-08T10:45:43.450000Z,19.64
1562,20190108T110327Z,1J.TI1A.,"['CH1', 'CH2', 'CHZ']",2019-01-08T11:03:27.520000Z,11.47
1563,20190108T121100Z,1J.TI1A.,"['CH1', 'CH2', 'CHZ']",2019-01-08T12:11:00.790000Z,0.95
1564,20190108T121145Z,1J.TI1A.,"['CH1', 'CH2', 'CHZ']",2019-01-08T12:11:45.320000Z,10.93
1565,20190108T130621Z,1J.TI1A.,"['CH1', 'CH2', 'CHZ']",2019-01-08T13:06:21.950000Z,8.75
1566,20190108T131555Z,1J.TI1A.,"['CH1', 'CH2', 'CHZ']",2019-01-08T13:15:55.980000Z,16.8
1567,20190108T142515Z,1J.TI1A.,"['CH1', 'CH2', 'CHZ']",2019-01-08T14:25:15.440000Z,18.17
1568,20190108T142737Z,1J.TI1A.,"['CH1', 'CH2', 'CHZ']",2019-01-08T14:27:37.240000Z,6.37
1569,20190108T143306Z,1J.TI1A.,"['CH1', 'CH2', 'CHZ']",2019-01-08T14:33:06.920000Z,4.0
1570,20190108T143411Z,1J.TI1A.,"['CH1', 'CH2', 'CHZ']",2019-01-08T14:34:11.040000Z,1.24
1571,20190108T143502Z,1J.TI1A.,"['CH1', 'CH2', 'CHZ']",2019-01-08T14:35:02.780000Z,9.93
1572,20190108T143547Z,1J.TI1A.,"['CH1', 'CH2', 'CHZ']",2019-01-08T14:35:47.400000Z,4.1
1573,20190108T143607Z,1J.TI1A.,"['CH1', 'CH2', 'CHZ']",2019-01-08T14:36:07.640000Z,10.88
1574,20190108T143904Z,1J.TI1A.,"['CH1', 'CH2', 'CHZ']",2019-01-08T14:39:04.420000Z,2.57
1575,20190108T144033Z,1J.TI1A.,"['CH1', 'CH2', 'CHZ']",2019-01-08T14:40:33.580000Z,20.46
1576,20190108T144407Z,1J.TI1A.,"['CH1', 'CH2', 'CHZ']",2019-01-08T14:44:07.360000Z,2.7
1577,20190108T145917Z,1J.TI1A.,"['CH1', 'CH2', 'CHZ']",2019-01-08T14:59:17.690000Z,19.05
1578,20190108T153049Z,1J.TI1A.,"['CH1', 'CH2', 'CHZ']",2019-01-08T15:30:49.630000Z,39.67
1579,20190108T161721Z,1J.TI1A.,"['CH1', 'CH2', 'CHZ']",2019-01-08T16:17:21.480000Z,29.3
1580,20190108T175704Z,1J.TI1A.,"['CH1', 'CH2', 'CHZ']",2019-01-08T17:57:04.510000Z,1.35
1581,20190108T181000Z,1J.TI1A.,"['CH1', 'CH2', 'CHZ']",2019-01-08T18:10:00.920000Z,1.09
1582,20190108T190923Z,1J.TI1A.,"['CH1', 'CH2', 'CHZ']",2019-01-08T19:09:23.950000Z,1.26
1583,20190108T191430Z,1J.TI1A.,"['CH1', 'CH2', 'CHZ']",2019-01-08T19:14:30.440000Z,12.14
1584,20190108T213028Z,1J.TI1A.,"['CH1', 'CH2', 'CHZ']",2019-01-08T21:30:32.480000Z,1.4
1585,20190108T223454Z,1J.TI1A.,"['CH1', 'CH2', 'CHZ']",2019-01-08T22:34:55.490000Z,35.39
1586,20190108T231912Z,1J.TI1A.,"['CH1', 'CH2', 'CHZ']",2019-01-08T23:19:12.830000Z,26.55
1587,20190108T234655Z,1J.TI1A.,"['CH1', 'CH2', 'CHZ']",2019-01-08T23:46:55.380000Z,1.89
1588,20190108T234912Z,1J.TI1A.,"['CH1', 'CH2', 'CHZ']",2019-01-08T23:49:12.410000Z,2.74
1589,20190108T000225Z,1J.TI7A.,"['CH1', 'CH2', 'CHZ']",2019-01-08T00:02:25.020000Z,1.35
1590,20190108T000955Z,1J.TI7A.,"['CH1', 'CH2', 'CHZ']",2019-01-08T00:09:55.530000Z,6.1
1591,20190108T001059Z,1J.TI7A.,"['CH1', 'CH2', 'CHZ']",2019-01-08T00:10:59.640000Z,2.74
1592,20190108T001139Z,1J.TI7A.,"['CH1', 'CH2', 'CHZ']",2019-01-08T00:11:39.510000Z,1.05
1593,20190108T001551Z,1J.TI7A.,"['CH1', 'CH2', 'CHZ']",2019-01-08T00:15:51.540000Z,0.96
1594,20190108T001939Z,1J.TI7A.,"['CH1', 'CH2', 'CHZ']",2019-01-08T00:19:39.690000Z,1.12
1595,20190108T002332Z,1J.TI7A.,"['CH1', 'CH2', 'CHZ']",2019-01-08T00:23:32.980000Z,1.33
1596,20190108T002426Z,1J.TI7A.,"['CH1', 'CH2', 'CHZ']",2019-01-08T00:24:26.870000Z,3.18
1597,20190108T002626Z,1J.TI7A.,"['CH1', 'CH2', 'CHZ']",2019-01-08T00:26:26.100000Z,1.42
1598,20190108T002718Z,1J.TI7A.,"['CH1', 'CH2', 'CHZ']",2019-01-08T00:27:18.860000Z,1.79
1599,20190108T002820Z,1J.TI7A.,"['CH1', 'CH2', 'CHZ']",2019-01-08T00:28:20.480000Z,3.6
1600,20190108T002836Z,1J.TI7A.,"['CH1', 'CH2', 'CHZ']",2019-01-08T00:28:36.090000Z,13.09
1601,20190108T003011Z,1J.TI7A.,"['CH1', 'CH2', 'CHZ']",2019-01-08T00:30:11.060000Z,1.18
1602,20190108T003236Z,1J.TI7A.,"['CH1', 'CH2', 'CHZ']",2019-01-08T00:32:36.850000Z,1.29
1603,20190108T003629Z,1J.TI7A.,"['CH1', 'CH2', 'CHZ']",2019-01-08T00:36:29.710000Z,1.6
1604,20190108T003839Z,1J.TI7A.,"['CH1', 'CH2', 'CHZ']",2019-01-08T00:38:39.590000Z,6.87
1605,20190108T004402Z,1J.TI7A.,"['CH1', 'CH2', 'CHZ']",2019-01-08T00:44:02.790000Z,3.24
1606,20190108T005001Z,1J.TI7A.,"['CH1', 'CH2', 'CHZ']",2019-01-08T00:50:22.390000Z,4.86
1607,20190108T005044Z,1J.TI7A.,"['CH1', 'CH2', 'CHZ']",2019-01-08T00:50:44.610000Z,1.69
1608,20190108T005812Z,1J.TI7A.,"['CH1', 'CH2', 'CHZ']",2019-01-08T00:58:12.300000Z,2.67
1609,20190108T010159Z,1J.TI7A.,"['CH1', 'CH2', 'CHZ']",2019-01-08T01:01:59.900000Z,2.52
1610,20190108T011010Z,1J.TI7A.,"['CH1', 'CH2', 'CHZ']",2019-01-08T01:10:10.670000Z,2.2
1611,20190108T011121Z,1J.TI7A.,"['CH1', 'CH2', 'CHZ']",2019-01-08T01:11:28.430000Z,1.52
1612,20190108T011351Z,1J.TI7A.,"['CH1', 'CH2', 'CHZ']",2019-01-08T01:14:05.550000Z,2.19
1613,20190108T012113Z,1J.TI7A.,"['CH1', 'CH2', 'CHZ']",2019-01-08T01:21:13.260000Z,5.51
1614,20190108T012228Z,1J.TI7A.,"['CH1', 'CH2', 'CHZ']",2019-01-08T01:22:28.540000Z,4.58
1615,20190108T014759Z,1J.TI7A.,"['CH1', 'CH2', 'CHZ']",2019-01-08T01:48:09.520000Z,1.26
1616,20190108T015633Z,1J.TI7A.,"['CH1', 'CH2', 'CHZ']",2019-01-08T01:56:33.000000Z,7.93
1617,20190108T021505Z,1J.TI7A.,"['CH1', 'CH2', 'CHZ']",2019-01-08T02:15:29.320000Z,2.23
1618,20190108T022926Z,1J.TI7A.,"['CH1', 'CH2', 'CHZ']",2019-01-08T02:29:26.560000Z,1.15
1619,20190108T023112Z,1J.TI7A.,"['CH1', 'CH2', 'CHZ']",2019-01-08T02:31:12.490000Z,8.15
1620,20190108T024029Z,1J.TI7A.,"['CH1', 'CH2', 'CHZ']",2019-01-08T02:40:29.670000Z,1.95
1621,20190108T024357Z,1J.TI7A.,"['CH1', 'CH2', 'CHZ']",2019-01-08T02:43:57.980000Z,1.04
1622,20190108T024603Z,1J.TI7A.,"['CH1', 'CH2', 'CHZ']",2019-01-08T02:46:03.620000Z,1.07
1623,20190108T024957Z,1J.TI7A.,"['CH1', 'CH2', 'CHZ']",2019-01-08T02:49:58.320000Z,2.23
1624,20190108T025709Z,1J.TI7A.,"['CH1', 'CH2', 'CHZ']",2019-01-08T02:57:09.510000Z,1.76
1625,20190108T032537Z,1J.TI7A.,"['CH1', 'CH2', 'CHZ']",2019-01-08T03:26:12.020000Z,3.18
1626,20190108T033539Z,1J.TI7A.,"['CH1', 'CH2', 'CHZ']",2019-01-08T03:35:39.060000Z,19.46
1627,20190108T033901Z,1J.TI7A.,"['CH1', 'CH2', 'CHZ']",2019-01-08T03:39:34.960000Z,6.56
1628,20190108T040146Z,1J.TI7A.,"['CH1', 'CH2', 'CHZ']",2019-01-08T04:01:46.280000Z,1.23
1629,20190108T042746Z,1J.TI7A.,"['CH1', 'CH2', 'CHZ']",2019-01-08T04:27:46.080000Z,5.48
1630,20190108T044324Z,1J.TI7A.,"['CH1', 'CH2', 'CHZ']",2019-01-08T04:43:24.450000Z,1.33
1631,20190108T050758Z,1J.TI7A.,"['CH1', 'CH2', 'CHZ']",2019-01-08T05:08:28.980000Z,19.4
1632,20190108T053942Z,1J.TI7A.,"['CH1', 'CH2', 'CHZ']",2019-01-08T05:39:46.800000Z,1.63
1633,20190108T054303Z,1J.TI7A.,"['CH1', 'CH2', 'CHZ']",2019-01-08T05:43:03.550000Z,2.55
1634,20190108T061222Z,1J.TI7A.,"['CH1', 'CH2', 'CHZ']",2019-01-08T06:12:22.260000Z,1.42
1635,20190108T062017Z,1J.TI7A.,"['CH1', 'CH2', 'CHZ']",2019-01-08T06:22:09.300000Z,14.64
1636,20190108T062656Z,1J.TI7A.,"['CH1', 'CH2', 'CHZ']",2019-01-08T06:26:56.250000Z,7.57
1637,20190108T065337Z,1J.TI7A.,"['CH1', 'CH2', 'CHZ']",2019-01-08T06:53:37.070000Z,92.8
1638,20190108T065648Z,1J.TI7A.,"['CH1', 'CH2', 'CHZ']",2019-01-08T06:57:01.440000Z,57.91
1639,20190108T065838Z,1J.TI7A.,"['CH1', 'CH2', 'CHZ']",2019-01-08T06:58:38.980000Z,25.66
1640,20190108T070114Z,1J.TI7A.,"['CH1', 'CH2', 'CHZ']",2019-01-08T07:01:14.280000Z,2.13
1641,20190108T070122Z,1J.TI7A.,"['CH1', 'CH2', 'CHZ']",2019-01-08T07:01:22.410000Z,5.29
1642,20190108T070159Z,1J.TI7A.,"['CH1', 'CH2', 'CHZ']",2019-01-08T07:01:59.200000Z,1.61
1643,20190108T070226Z,1J.TI7A.,"['CH1', 'CH2', 'CHZ']",2019-01-08T07:02:26.540000Z,0.54
1644,20190108T070229Z,1J.TI7A.,"['CH1', 'CH2', 'CHZ']",2019-01-08T07:02:32.100000Z,1.15
1645,20190108T070338Z,1J.TI7A.,"['CH1', 'CH2', 'CHZ']",2019-01-08T07:03:40.700000Z,35.56
1646,20190108T070426Z,1J.TI7A.,"['CH1', 'CH2', 'CHZ']",2019-01-08T07:04:26.750000Z,3.98
1647,20190108T070441Z,1J.TI7A.,"['CH1', 'CH2', 'CHZ']",2019-01-08T07:04:41.160000Z,2.8
1648,20190108T070518Z,1J.TI7A.,"['CH1', 'CH2', 'CHZ']",2019-01-08T07:05:19.780000Z,3.97
1649,20190108T070542Z,1J.TI7A.,"['CH1', 'CH2', 'CHZ']",2019-01-08T07:05:43.630000Z,6.27
1650,20190108T070638Z,1J.TI7A.,"['CH1', 'CH2', 'CHZ']",2019-01-08T07:06:40.430000Z,2.66
1651,20190108T070716Z,1J.TI7A.,"['CH1', 'CH2', 'CHZ']",2019-01-08T07:07:16.640000Z,5.08
1652,20190108T070742Z,1J.TI7A.,"['CH1', 'CH2', 'CHZ']",2019-01-08T07:07:44.930000Z,4.9
1653,20190108T070807Z,1J.TI7A.,"['CH1', 'CH2', 'CHZ']",2019-01-08T07:08:16.880000Z,1.16
1654,20190108T070829Z,1J.TI7A.,"['CH1', 'CH2', 'CHZ']",2019-01-08T07:08:29.170000Z,4.15
1655,20190108T070850Z,1J.TI7A.,"['CH1', 'CH2', 'CHZ']",2019-01-08T07:08:50.090000Z,4.42
1656,20190108T070916Z,1J.TI7A.,"['CH1', 'CH2', 'CHZ']",2019-01-08T07:09:16.850000Z,12.9
1657,20190108T070952Z,1J.TI7A.,"['CH1', 'CH2', 'CHZ']",2019-01-08T07:09:52.690000Z,16.59
1658,20190108T071042Z,1J.TI7A.,"['CH1', 'CH2', 'CHZ']",2019-01-08T07:10:42.530000Z,21.51
1659,20190108T071131Z,1J.TI7A.,"['CH1', 'CH2', 'CHZ']",2019-01-08T07:11:31.050000Z,1.36
1660,20190108T071259Z,1J.TI7A.,"['CH1', 'CH2', 'CHZ']",2019-01-08T07:12:59.210000Z,17.95
1661,20190108T071347Z,1J.TI7A.,"['CH1', 'CH2', 'CHZ']",2019-01-08T07:13:47.940000Z,2.75
1662,20190108T071449Z,1J.TI7A.,"['CH1', 'CH2', 'CHZ']",2019-01-08T07:14:49.640000Z,5.07
1663,20190108T071506Z,1J.TI7A.,"['CH1', 'CH2', 'CHZ']",2019-01-08T07:15:06.610000Z,8.92
1664,20190108T071525Z,1J.TI7A.,"['CH1', 'CH2', 'CHZ']",2019-01-08T07:15:31.070000Z,0.66
1665,20190108T071559Z,1J.TI7A.,"['CH1', 'CH2', 'CHZ']",2019-01-08T07:15:59.520000Z,3.3
1666,20190108T071607Z,1J.TI7A.,"['CH1', 'CH2', 'CHZ']",2019-01-08T07:16:14.850000Z,1.03
1667,20190108T071621Z,1J.TI7A.,"['CH1', 'CH2', 'CHZ']",2019-01-08T07:16:26.200000Z,4.86
1668,20190108T071656Z,1J.TI7A.,"['CH1', 'CH2', 'CHZ']",2019-01-08T07:16:56.460000Z,0.82
1669,20190108T071821Z,1J.TI7A.,"['CH1', 'CH2', 'CHZ']",2019-01-08T07:18:21.640000Z,16.17
1670,20190108T071926Z,1J.TI7A.,"['CH1', 'CH2', 'CHZ']",2019-01-08T07:19:26.930000Z,11.01
1671,20190108T071944Z,1J.TI7A.,"['CH1', 'CH2', 'CHZ']",2019-01-08T07:19:44.290000Z,8.47
1672,20190108T072033Z,1J.TI7A.,"['CH1', 'CH2', 'CHZ']",2019-01-08T07:20:33.730000Z,14.83
1673,20190108T072212Z,1J.TI7A.,"['CH1', 'CH2', 'CHZ']",2019-01-08T07:22:12.710000Z,1.33
1674,20190108T072248Z,1J.TI7A.,"['CH1', 'CH2', 'CHZ']",2019-01-08T07:22:55.120000Z,0.89
1675,20190108T072343Z,1J.TI7A.,"['CH1', 'CH2', 'CHZ']",2019-01-08T07:23:46.730000Z,3.76
1676,20190108T072437Z,1J.TI7A.,"['CH1', 'CH2', 'CHZ']",2019-01-08T07:24:45.260000Z,66.48
1677,20190108T072621Z,1J.TI7A.,"['CH1', 'CH2', 'CHZ']",2019-01-08T07:26:21.250000Z,33.69
1678,20190108T072915Z,1J.TI7A.,"['CH1', 'CH2', 'CHZ']",2019-01-08T07:29:15.330000Z,0.77
1679,20190108T073111Z,1J.TI7A.,"['CH1', 'CH2', 'CHZ']",2019-01-08T07:31:11.540000Z,0.98
1680,20190108T073258Z,1J.TI7A.,"['CH1', 'CH2', 'CHZ']",2019-01-08T07:32:58.750000Z,1.17
1681,20190108T073443Z,1J.TI7A.,"['CH1', 'CH2', 'CHZ']",2019-01-08T07:34:45.060000Z,40.86
1682,20190108T073608Z,1J.TI7A.,"['CH1', 'CH2', 'CHZ']",2019-01-08T07:36:08.050000Z,2.44
1683,20190108T073845Z,1J.TI7A.,"['CH1', 'CH2', 'CHZ']",2019-01-08T07:38:45.690000Z,1.06
1684,20190108T074104Z,1J.TI7A.,"['CH1', 'CH2', 'CHZ']",2019-01-08T07:41:04.150000Z,1.1
1685,20190108T074235Z,1J.TI7A.,"['CH1', 'CH2', 'CHZ']",2019-01-08T07:42:35.280000Z,0.9
1686,20190108T074441Z,1J.TI7A.,"['CH1', 'CH2', 'CHZ']",2019-01-08T07:44:49.620000Z,0.97
1687,20190108T074703Z,1J.TI7A.,"['CH1', 'CH2', 'CHZ']",2019-01-08T07:47:03.910000Z,1.06
1688,20190108T074840Z,1J.TI7A.,"['CH1', 'CH2', 'CHZ']",2019-01-08T07:48:40.440000Z,2.08
1689,20190108T075018Z,1J.TI7A.,"['CH1', 'CH2', 'CHZ']",2019-01-08T07:50:22.980000Z,0.96
1690,20190108T075345Z,1J.TI7A.,"['CH1', 'CH2', 'CHZ']",2019-01-08T07:53:45.800000Z,1.13
1691,20190108T075525Z,1J.TI7A.,"['CH1', 'CH2', 'CHZ']",2019-01-08T07:55:25.610000Z,1.68
1692,20190108T075820Z,1J.TI7A.,"['CH1', 'CH2', 'CHZ']",2019-01-08T07:58:20.920000Z,2.15
1693,20190108T075844Z,1J.TI7A.,"['CH1', 'CH2', 'CHZ']",2019-01-08T07:58:44.680000Z,0.93
1694,20190108T080124Z,1J.TI7A.,"['CH1', 'CH2', 'CHZ']",2019-01-08T08:01:41.150000Z,1.26
1695,20190108T080459Z,1J.TI7A.,"['CH1', 'CH2', 'CHZ']",2019-01-08T08:04:59.380000Z,2.72
1696,20190108T080659Z,1J.TI7A.,"['CH1', 'CH2', 'CHZ']",2019-01-08T08:06:59.080000Z,1.37
1697,20190108T081025Z,1J.TI7A.,"['CH1', 'CH2', 'CHZ']",2019-01-08T08:10:25.740000Z,2.62
1698,20190108T081240Z,1J.TI7A.,"['CH1', 'CH2', 'CHZ']",2019-01-08T08:12:40.170000Z,2.43
1699,20190108T081405Z,1J.TI7A.,"['CH1', 'CH2', 'CHZ']",2019-01-08T08:14:05.040000Z,1.63
1700,20190108T081629Z,1J.TI7A.,"['CH1', 'CH2', 'CHZ']",2019-01-08T08:16:29.790000Z,1.79
1701,20190108T081916Z,1J.TI7A.,"['CH1', 'CH2', 'CHZ']",2019-01-08T08:19:16.120000Z,1.49
1702,20190108T082129Z,1J.TI7A.,"['CH1', 'CH2', 'CHZ']",2019-01-08T08:21:29.410000Z,1.24
1703,20190108T082232Z,1J.TI7A.,"['CH1', 'CH2', 'CHZ']",2019-01-08T08:22:32.060000Z,0.98
1704,20190108T082550Z,1J.TI7A.,"['CH1', 'CH2', 'CHZ']",2019-01-08T08:25:50.870000Z,1.66
1705,20190108T082745Z,1J.TI7A.,"['CH1', 'CH2', 'CHZ']",2019-01-08T08:27:45.160000Z,1.19
1706,20190108T082954Z,1J.TI7A.,"['CH1', 'CH2', 'CHZ']",2019-01-08T08:29:54.220000Z,4.33
1707,20190108T083027Z,1J.TI7A.,"['CH1', 'CH2', 'CHZ']",2019-01-08T08:30:27.030000Z,1.04
1708,20190108T083117Z,1J.TI7A.,"['CH1', 'CH2', 'CHZ']",2019-01-08T08:31:39.920000Z,1.38
1709,20190108T083249Z,1J.TI7A.,"['CH1', 'CH2', 'CHZ']",2019-01-08T08:32:49.970000Z,2.79
1710,20190108T083935Z,1J.TI7A.,"['CH1', 'CH2', 'CHZ']",2019-01-08T08:39:40.830000Z,1.85
1711,20190108T084019Z,1J.TI7A.,"['CH1', 'CH2', 'CHZ']",2019-01-08T08:40:19.350000Z,10.88
1712,20190108T084151Z,1J.TI7A.,"['CH1', 'CH2', 'CHZ']",2019-01-08T08:41:51.770000Z,1.0
1713,20190108T084337Z,1J.TI7A.,"['CH1', 'CH2', 'CHZ']",2019-01-08T08:44:21.160000Z,1.44
1714,20190108T084547Z,1J.TI7A.,"['CH1', 'CH2', 'CHZ']",2019-01-08T08:45:47.570000Z,0.94
1715,20190108T084733Z,1J.TI7A.,"['CH1', 'CH2', 'CHZ']",2019-01-08T08:47:33.020000Z,1.97
1716,20190108T085036Z,1J.TI7A.,"['CH1', 'CH2', 'CHZ']",2019-01-08T08:50:36.270000Z,0.92
1717,20190108T085318Z,1J.TI7A.,"['CH1', 'CH2', 'CHZ']",2019-01-08T08:53:18.790000Z,0.94
1718,20190108T085436Z,1J.TI7A.,"['CH1', 'CH2', 'CHZ']",2019-01-08T08:54:36.660000Z,16.72
1719,20190108T085623Z,1J.TI7A.,"['CH1', 'CH2', 'CHZ']",2019-01-08T08:56:23.120000Z,0.81
1720,20190108T090034Z,1J.TI7A.,"['CH1', 'CH2', 'CHZ']",2019-01-08T09:00:34.710000Z,10.54
1721,20190108T090616Z,1J.TI7A.,"['CH1', 'CH2', 'CHZ']",2019-01-08T09:06:16.160000Z,0.82
1722,20190108T090920Z,1J.TI7A.,"['CH1', 'CH2', 'CHZ']",2019-01-08T09:09:20.910000Z,1.22
1723,20190108T092109Z,1J.TI7A.,"['CH1', 'CH2', 'CHZ']",2019-01-08T09:21:09.730000Z,7.26
1724,20190108T093124Z,1J.TI7A.,"['CH1', 'CH2', 'CHZ']",2019-01-08T09:31:24.510000Z,8.32
1725,20190108T093849Z,1J.TI7A.,"['CH1', 'CH2', 'CHZ']",2019-01-08T09:38:49.790000Z,4.55
1726,20190108T094613Z,1J.TI7A.,"['CH1', 'CH2', 'CHZ']",2019-01-08T09:46:13.670000Z,7.88
1727,20190108T095218Z,1J.TI7A.,"['CH1', 'CH2', 'CHZ']",2019-01-08T09:52:18.720000Z,13.94
1728,20190108T100005Z,1J.TI7A.,"['CH1', 'CH2', 'CHZ']",2019-01-08T10:00:05.290000Z,1.38
1729,20190108T100118Z,1J.TI7A.,"['CH1', 'CH2', 'CHZ']",2019-01-08T10:01:18.050000Z,0.84
1730,20190108T100404Z,1J.TI7A.,"['CH1', 'CH2', 'CHZ']",2019-01-08T10:04:04.300000Z,1.03
1731,20190108T101008Z,1J.TI7A.,"['CH1', 'CH2', 'CHZ']",2019-01-08T10:10:08.490000Z,0.76
1732,20190108T101150Z,1J.TI7A.,"['CH1', 'CH2', 'CHZ']",2019-01-08T10:11:51.110000Z,51.27
1733,20190108T102730Z,1J.TI7A.,"['CH1', 'CH2', 'CHZ']",2019-01-08T10:27:30.200000Z,0.82
1734,20190108T102831Z,1J.TI7A.,"['CH1', 'CH2', 'CHZ']",2019-01-08T10:28:31.190000Z,12.4
1735,20190108T103015Z,1J.TI7A.,"['CH1', 'CH2', 'CHZ']",2019-01-08T10:30:15.510000Z,0.75
1736,20190108T103145Z,1J.TI7A.,"['CH1', 'CH2', 'CHZ']",2019-01-08T10:31:45.160000Z,0.72
1737,20190108T103154Z,1J.TI7A.,"['CH1', 'CH2', 'CHZ']",2019-01-08T10:31:55.490000Z,6.33
1738,20190108T103220Z,1J.TI7A.,"['CH1', 'CH2', 'CHZ']",2019-01-08T10:32:22.470000Z,17.9
1739,20190108T103340Z,1J.TI7A.,"['CH1', 'CH2', 'CHZ']",2019-01-08T10:33:42.730000Z,3.47
1740,20190108T103741Z,1J.TI7A.,"['CH1', 'CH2', 'CHZ']",2019-01-08T10:37:41.340000Z,1.22
1741,20190108T104221Z,1J.TI7A.,"['CH1', 'CH2', 'CHZ']",2019-01-08T10:42:21.520000Z,1.05
1742,20190108T104338Z,1J.TI7A.,"['CH1', 'CH2', 'CHZ']",2019-01-08T10:43:39.220000Z,48.49
1743,20190108T104435Z,1J.TI7A.,"['CH1', 'CH2', 'CHZ']",2019-01-08T10:44:35.910000Z,1.85
1744,20190108T104542Z,1J.TI7A.,"['CH1', 'CH2', 'CHZ']",2019-01-08T10:45:57.420000Z,0.87
1745,20190108T104712Z,1J.TI7A.,"['CH1', 'CH2', 'CHZ']",2019-01-08T10:47:12.150000Z,0.91
1746,20190108T104820Z,1J.TI7A.,"['CH1', 'CH2', 'CHZ']",2019-01-08T10:48:20.780000Z,0.94
1747,20190108T105023Z,1J.TI7A.,"['CH1', 'CH2', 'CHZ']",2019-01-08T10:50:23.480000Z,6.31
1748,20190108T105226Z,1J.TI7A.,"['CH1', 'CH2', 'CHZ']",2019-01-08T10:52:27.950000Z,0.96
1749,20190108T105255Z,1J.TI7A.,"['CH1', 'CH2', 'CHZ']",2019-01-08T10:52:55.860000Z,7.79
1750,20190108T105659Z,1J.TI7A.,"['CH1', 'CH2', 'CHZ']",2019-01-08T10:56:59.790000Z,0.91
1751,20190108T105951Z,1J.TI7A.,"['CH1', 'CH2', 'CHZ']",2019-01-08T10:59:51.750000Z,6.88
1752,20190108T110813Z,1J.TI7A.,"['CH1', 'CH2', 'CHZ']",2019-01-08T11:08:57.740000Z,38.04
1753,20190108T111111Z,1J.TI7A.,"['CH1', 'CH2', 'CHZ']",2019-01-08T11:11:11.600000Z,2.11
1754,20190108T111132Z,1J.TI7A.,"['CH1', 'CH2', 'CHZ']",2019-01-08T11:11:32.060000Z,5.83
1755,20190108T111546Z,1J.TI7A.,"['CH1', 'CH2', 'CHZ']",2019-01-08T11:15:46.030000Z,1.52
1756,20190108T111749Z,1J.TI7A.,"['CH1', 'CH2', 'CHZ']",2019-01-08T11:17:53.630000Z,22.86
1757,20190108T112727Z,1J.TI7A.,"['CH1', 'CH2', 'CHZ']",2019-01-08T11:27:27.390000Z,5.9
1758,20190108T113007Z,1J.TI7A.,"['CH1', 'CH2', 'CHZ']",2019-01-08T11:30:07.510000Z,4.03
1759,20190108T113635Z,1J.TI7A.,"['CH1', 'CH2', 'CHZ']",2019-01-08T11:36:35.340000Z,0.83
1760,20190108T114109Z,1J.TI7A.,"['CH1', 'CH2', 'CHZ']",2019-01-08T11:41:09.760000Z,1.99
1761,20190108T114210Z,1J.TI7A.,"['CH1', 'CH2', 'CHZ']",2019-01-08T11:42:39.480000Z,19.54
1762,20190108T114947Z,1J.TI7A.,"['CH1', 'CH2', 'CHZ']",2019-01-08T11:49:47.390000Z,4.05
1763,20190108T115239Z,1J.TI7A.,"['CH1', 'CH2', 'CHZ']",2019-01-08T11:52:39.640000Z,1.76
1764,20190108T120507Z,1J.TI7A.,"['CH1', 'CH2', 'CHZ']",2019-01-08T12:05:07.990000Z,2.98
1765,20190108T122225Z,1J.TI7A.,"['CH1', 'CH2', 'CHZ']",2019-01-08T12:22:25.950000Z,1.06
1766,20190108T122317Z,1J.TI7A.,"['CH1', 'CH2', 'CHZ']",2019-01-08T12:23:17.370000Z,4.35
1767,20190108T132326Z,1J.TI7A.,"['CH1', 'CH2', 'CHZ']",2019-01-08T13:23:26.320000Z,15.99
1768,20190108T133641Z,1J.TI7A.,"['CH1', 'CH2', 'CHZ']",2019-01-08T13:36:41.850000Z,1.77
1769,20190108T140106Z,1J.TI7A.,"['CH1', 'CH2', 'CHZ']",2019-01-08T14:01:06.230000Z,4.49
1770,20190108T140605Z,1J.TI7A.,"['CH1', 'CH2', 'CHZ']",2019-01-08T14:06:05.100000Z,11.99
1771,20190108T140633Z,1J.TI7A.,"['CH1', 'CH2', 'CHZ']",2019-01-08T14:06:33.240000Z,17.84
1772,20190108T140804Z,1J.TI7A.,"['CH1', 'CH2', 'CHZ']",2019-01-08T14:08:04.210000Z,1.98
1773,20190108T141800Z,1J.TI7A.,"['CH1', 'CH2', 'CHZ']",2019-01-08T14:18:00.800000Z,3.15
1774,20190108T142620Z,1J.TI7A.,"['CH1', 'CH2', 'CHZ']",2019-01-08T14:26:20.000000Z,5.1
1775,20190108T143052Z,1J.TI7A.,"['CH1', 'CH2', 'CHZ']",2019-01-08T14:30:52.910000Z,4.89
1776,20190108T143121Z,1J.TI7A.,"['CH1', 'CH2', 'CHZ']",2019-01-08T14:31:22.180000Z,12.32
1777,20190108T143632Z,1J.TI7A.,"['CH1', 'CH2', 'CHZ']",2019-01-08T14:36:32.250000Z,3.77
1778,20190108T144429Z,1J.TI7A.,"['CH1', 'CH2', 'CHZ']",2019-01-08T14:44:29.160000Z,2.18
1779,20190108T145307Z,1J.TI7A.,"['CH1', 'CH2', 'CHZ']",2019-01-08T14:53:07.270000Z,18.66
1780,20190108T145953Z,1J.TI7A.,"['CH1', 'CH2', 'CHZ']",2019-01-08T14:59:53.370000Z,2.32
1781,20190108T150125Z,1J.TI7A.,"['CH1', 'CH2', 'CHZ']",2019-01-08T15:01:25.370000Z,14.29
1782,20190108T150340Z,1J.TI7A.,"['CH1', 'CH2', 'CHZ']",2019-01-08T15:03:40.030000Z,2.28
1783,20190108T150810Z,1J.TI7A.,"['CH1', 'CH2', 'CHZ']",2019-01-08T15:08:10.160000Z,1.42
1784,20190108T162301Z,1J.TI7A.,"['CH1', 'CH2', 'CHZ']",2019-01-08T16:23:01.170000Z,46.26
1785,20190108T162909Z,1J.TI7A.,"['CH1', 'CH2', 'CHZ']",2019-01-08T16:29:09.630000Z,10.76
1786,20190108T163307Z,1J.TI7A.,"['CH1', 'CH2', 'CHZ']",2019-01-08T16:33:07.790000Z,15.39
1787,20190108T164638Z,1J.TI7A.,"['CH1', 'CH2', 'CHZ']",2019-01-08T16:46:38.360000Z,12.12
1788,20190108T195307Z,1J.TI7A.,"['CH1', 'CH2', 'CHZ']",2019-01-08T19:53:07.540000Z,1.6
1789,20190108T202442Z,1J.TI7A.,"['CH1', 'CH2', 'CHZ']",2019-01-08T20:24:42.420000Z,1.62
1790,20190108T213019Z,1J.TI7A.,"['CH1', 'CH2', 'CHZ']",2019-01-08T21:30:19.500000Z,2.66
1791,20190108T223454Z,1J.TI7A.,"['CH1', 'CH2', 'CHZ']",2019-01-08T22:34:58.130000Z,36.97
1792,20190108T235806Z,1J.TI7A.,"['CH1', 'CH2', 'CHZ']",2019-01-08T23:58:06.710000Z,3.75
