,event_id,station,components,time,duration
0,20181229T000037Z,1J.TI4A.,"['CH1', 'CH2', 'CHZ']",2018-12-29T00:00:37.950000Z,16.16
1,20181229T000303Z,1J.TI4A.,"['CH1', 'CH2', 'CHZ']",2018-12-29T00:03:12.620000Z,6.09
2,20181229T000444Z,1J.TI4A.,"['CH1', 'CH2', 'CHZ']",2018-12-29T00:04:44.430000Z,5.07
3,20181229T000500Z,1J.TI4A.,"['CH1', 'CH2', 'CHZ']",2018-12-29T00:05:00.400000Z,47.34
4,20181229T000618Z,1J.TI4A.,"['CH1', 'CH2', 'CHZ']",2018-12-29T00:06:18.870000Z,0.73
5,20181229T000729Z,1J.TI4A.,"['CH1', 'CH2', 'CHZ']",2018-12-29T00:07:29.370000Z,13.64
6,20181229T000827Z,1J.TI4A.,"['CH1', 'CH2', 'CHZ']",2018-12-29T00:08:27.120000Z,4.4
7,20181229T000850Z,1J.TI4A.,"['CH1', 'CH2', 'CHZ']",2018-12-29T00:08:50.340000Z,37.57
8,20181229T001907Z,1J.TI4A.,"['CH1', 'CH2', 'CHZ']",2018-12-29T00:19:09.590000Z,10.71
9,20181229T002122Z,1J.TI4A.,"['CH1', 'CH2', 'CHZ']",2018-12-29T00:21:24.260000Z,18.71
10,20181229T002241Z,1J.TI4A.,"['CH1', 'CH2', 'CHZ']",2018-12-29T00:22:41.510000Z,2.32
11,20181229T002314Z,1J.TI4A.,"['CH1', 'CH2', 'CHZ']",2018-12-29T00:23:14.380000Z,1.92
12,20181229T002359Z,1J.TI4A.,"['CH1', 'CH2', 'CHZ']",2018-12-29T00:24:04.000000Z,7.82
13,20181229T002506Z,1J.TI4A.,"['CH1', 'CH2', 'CHZ']",2018-12-29T00:25:06.750000Z,1.21
14,20181229T002615Z,1J.TI4A.,"['CH1', 'CH2', 'CHZ']",2018-12-29T00:26:15.500000Z,4.06
15,20181229T002631Z,1J.TI4A.,"['CH1', 'CH2', 'CHZ']",2018-12-29T00:26:36.730000Z,7.67
16,20181229T002724Z,1J.TI4A.,"['CH1', 'CH2', 'CHZ']",2018-12-29T00:27:24.990000Z,1.57
17,20181229T002730Z,1J.TI4A.,"['CH1', 'CH2', 'CHZ']",2018-12-29T00:27:34.940000Z,50.4
18,20181229T003127Z,1J.TI4A.,"['CH1', 'CH2', 'CHZ']",2018-12-29T00:31:31.420000Z,12.32
19,20181229T003712Z,1J.TI4A.,"['CH1', 'CH2', 'CHZ']",2018-12-29T00:37:12.500000Z,1.24
20,20181229T003824Z,1J.TI4A.,"['CH1', 'CH2', 'CHZ']",2018-12-29T00:38:24.210000Z,13.52
21,20181229T003903Z,1J.TI4A.,"['CH1', 'CH2', 'CHZ']",2018-12-29T00:39:03.110000Z,3.73
22,20181229T003932Z,1J.TI4A.,"['CH1', 'CH2', 'CHZ']",2018-12-29T00:39:32.490000Z,1.43
23,20181229T004121Z,1J.TI4A.,"['CH1', 'CH2', 'CHZ']",2018-12-29T00:41:26.170000Z,1.39
24,20181229T004151Z,1J.TI4A.,"['CH1', 'CH2', 'CHZ']",2018-12-29T00:41:51.840000Z,2.18
25,20181229T004241Z,1J.TI4A.,"['CH1', 'CH2', 'CHZ']",2018-12-29T00:42:51.610000Z,9.35
26,20181229T004334Z,1J.TI4A.,"['CH1', 'CH2', 'CHZ']",2018-12-29T00:43:34.910000Z,1.05
27,20181229T004341Z,1J.TI4A.,"['CH1', 'CH2', 'CHZ']",2018-12-29T00:43:41.140000Z,2.54
28,20181229T004347Z,1J.TI4A.,"['CH1', 'CH2', 'CHZ']",2018-12-29T00:43:48.850000Z,35.09
29,20181229T004616Z,1J.TI4A.,"['CH1', 'CH2', 'CHZ']",2018-12-29T00:46:16.580000Z,6.41
30,20181229T004711Z,1J.TI4A.,"['CH1', 'CH2', 'CHZ']",2018-12-29T00:47:11.400000Z,1.35
31,20181229T004836Z,1J.TI4A.,"['CH1', 'CH2', 'CHZ']",2018-12-29T00:48:43.680000Z,8.69
32,20181229T005021Z,1J.TI4A.,"['CH1', 'CH2', 'CHZ']",2018-12-29T00:50:21.600000Z,2.24
33,20181229T005050Z,1J.TI4A.,"['CH1', 'CH2', 'CHZ']",2018-12-29T00:50:50.640000Z,7.65
34,20181229T005600Z,1J.TI4A.,"['CH1', 'CH2', 'CHZ']",2018-12-29T00:56:02.110000Z,14.91
35,20181229T005719Z,1J.TI4A.,"['CH1', 'CH2', 'CHZ']",2018-12-29T00:57:19.860000Z,5.43
36,20181229T005805Z,1J.TI4A.,"['CH1', 'CH2', 'CHZ']",2018-12-29T00:58:05.580000Z,1.62
37,20181229T005929Z,1J.TI4A.,"['CH1', 'CH2', 'CHZ']",2018-12-29T00:59:29.830000Z,10.7
38,20181229T010006Z,1J.TI4A.,"['CH1', 'CH2', 'CHZ']",2018-12-29T01:00:06.960000Z,22.64
39,20181229T010135Z,1J.TI4A.,"['CH1', 'CH2', 'CHZ']",2018-12-29T01:01:35.850000Z,2.51
40,20181229T010143Z,1J.TI4A.,"['CH1', 'CH2', 'CHZ']",2018-12-29T01:01:49.660000Z,7.89
41,20181229T010210Z,1J.TI4A.,"['CH1', 'CH2', 'CHZ']",2018-12-29T01:02:18.010000Z,15.97
42,20181229T011142Z,1J.TI4A.,"['CH1', 'CH2', 'CHZ']",2018-12-29T01:11:42.250000Z,4.57
43,20181229T011224Z,1J.TI4A.,"['CH1', 'CH2', 'CHZ']",2018-12-29T01:12:24.450000Z,3.03
44,20181229T011319Z,1J.TI4A.,"['CH1', 'CH2', 'CHZ']",2018-12-29T01:13:19.760000Z,4.97
45,20181229T011431Z,1J.TI4A.,"['CH1', 'CH2', 'CHZ']",2018-12-29T01:14:31.600000Z,14.22
46,20181229T011657Z,1J.TI4A.,"['CH1', 'CH2', 'CHZ']",2018-12-29T01:16:57.600000Z,5.93
47,20181229T011753Z,1J.TI4A.,"['CH1', 'CH2', 'CHZ']",2018-12-29T01:18:01.330000Z,10.26
48,20181229T011842Z,1J.TI4A.,"['CH1', 'CH2', 'CHZ']",2018-12-29T01:18:42.470000Z,0.85
49,20181229T011857Z,1J.TI4A.,"['CH1', 'CH2', 'CHZ']",2018-12-29T01:18:57.930000Z,9.84
50,20181229T011956Z,1J.TI4A.,"['CH1', 'CH2', 'CHZ']",2018-12-29T01:19:56.920000Z,21.27
51,20181229T012043Z,1J.TI4A.,"['CH1', 'CH2', 'CHZ']",2018-12-29T01:20:43.580000Z,1.55
52,20181229T012101Z,1J.TI4A.,"['CH1', 'CH2', 'CHZ']",2018-12-29T01:21:01.970000Z,0.73
53,20181229T012240Z,1J.TI4A.,"['CH1', 'CH2', 'CHZ']",2018-12-29T01:22:40.820000Z,3.55
54,20181229T012406Z,1J.TI4A.,"['CH1', 'CH2', 'CHZ']",2018-12-29T01:24:06.700000Z,13.24
55,20181229T012543Z,1J.TI4A.,"['CH1', 'CH2', 'CHZ']",2018-12-29T01:25:44.700000Z,1.57
56,20181229T012644Z,1J.TI4A.,"['CH1', 'CH2', 'CHZ']",2018-12-29T01:26:44.340000Z,8.33
57,20181229T012746Z,1J.TI4A.,"['CH1', 'CH2', 'CHZ']",2018-12-29T01:27:48.120000Z,2.28
58,20181229T012845Z,1J.TI4A.,"['CH1', 'CH2', 'CHZ']",2018-12-29T01:28:45.300000Z,6.59
59,20181229T012920Z,1J.TI4A.,"['CH1', 'CH2', 'CHZ']",2018-12-29T01:29:20.960000Z,2.2
60,20181229T013005Z,1J.TI4A.,"['CH1', 'CH2', 'CHZ']",2018-12-29T01:30:05.300000Z,1.19
61,20181229T013041Z,1J.TI4A.,"['CH1', 'CH2', 'CHZ']",2018-12-29T01:30:46.580000Z,13.8
62,20181229T013149Z,1J.TI4A.,"['CH1', 'CH2', 'CHZ']",2018-12-29T01:31:49.460000Z,0.85
63,20181229T013200Z,1J.TI4A.,"['CH1', 'CH2', 'CHZ']",2018-12-29T01:32:00.970000Z,11.6
64,20181229T013308Z,1J.TI4A.,"['CH1', 'CH2', 'CHZ']",2018-12-29T01:33:08.840000Z,2.5
65,20181229T013355Z,1J.TI4A.,"['CH1', 'CH2', 'CHZ']",2018-12-29T01:33:55.680000Z,1.16
66,20181229T013409Z,1J.TI4A.,"['CH1', 'CH2', 'CHZ']",2018-12-29T01:34:09.670000Z,11.24
67,20181229T013447Z,1J.TI4A.,"['CH1', 'CH2', 'CHZ']",2018-12-29T01:34:47.770000Z,1.56
68,20181229T013537Z,1J.TI4A.,"['CH1', 'CH2', 'CHZ']",2018-12-29T01:35:37.850000Z,4.6
69,20181229T013601Z,1J.TI4A.,"['CH1', 'CH2', 'CHZ']",2018-12-29T01:36:01.780000Z,1.04
70,20181229T013619Z,1J.TI4A.,"['CH1', 'CH2', 'CHZ']",2018-12-29T01:36:19.080000Z,1.47
71,20181229T013724Z,1J.TI4A.,"['CH1', 'CH2', 'CHZ']",2018-12-29T01:37:24.450000Z,4.06
72,20181229T013840Z,1J.TI4A.,"['CH1', 'CH2', 'CHZ']",2018-12-29T01:38:40.580000Z,9.74
73,20181229T014017Z,1J.TI4A.,"['CH1', 'CH2', 'CHZ']",2018-12-29T01:40:20.520000Z,19.43
74,20181229T014104Z,1J.TI4A.,"['CH1', 'CH2', 'CHZ']",2018-12-29T01:41:04.080000Z,1.53
75,20181229T014123Z,1J.TI4A.,"['CH1', 'CH2', 'CHZ']",2018-12-29T01:41:23.900000Z,1.83
76,20181229T014144Z,1J.TI4A.,"['CH1', 'CH2', 'CHZ']",2018-12-29T01:41:44.560000Z,2.3
77,20181229T014323Z,1J.TI4A.,"['CH1', 'CH2', 'CHZ']",2018-12-29T01:43:29.040000Z,18.93
78,20181229T014450Z,1J.TI4A.,"['CH1', 'CH2', 'CHZ']",2018-12-29T01:44:50.160000Z,0.92
79,20181229T014516Z,1J.TI4A.,"['CH1', 'CH2', 'CHZ']",2018-12-29T01:45:16.510000Z,1.78
80,20181229T014814Z,1J.TI4A.,"['CH1', 'CH2', 'CHZ']",2018-12-29T01:48:14.110000Z,1.33
81,20181229T014906Z,1J.TI4A.,"['CH1', 'CH2', 'CHZ']",2018-12-29T01:49:06.610000Z,3.75
82,20181229T014937Z,1J.TI4A.,"['CH1', 'CH2', 'CHZ']",2018-12-29T01:49:43.630000Z,8.67
83,20181229T015007Z,1J.TI4A.,"['CH1', 'CH2', 'CHZ']",2018-12-29T01:50:19.070000Z,3.36
84,20181229T015035Z,1J.TI4A.,"['CH1', 'CH2', 'CHZ']",2018-12-29T01:50:35.130000Z,1.46
85,20181229T015159Z,1J.TI4A.,"['CH1', 'CH2', 'CHZ']",2018-12-29T01:51:59.370000Z,3.68
86,20181229T015322Z,1J.TI4A.,"['CH1', 'CH2', 'CHZ']",2018-12-29T01:53:22.340000Z,18.18
87,20181229T015750Z,1J.TI4A.,"['CH1', 'CH2', 'CHZ']",2018-12-29T01:57:50.010000Z,5.75
88,20181229T015958Z,1J.TI4A.,"['CH1', 'CH2', 'CHZ']",2018-12-29T01:59:58.200000Z,1.58
89,20181229T020202Z,1J.TI4A.,"['CH1', 'CH2', 'CHZ']",2018-12-29T02:02:02.910000Z,16.64
90,20181229T020243Z,1J.TI4A.,"['CH1', 'CH2', 'CHZ']",2018-12-29T02:02:43.330000Z,3.36
91,20181229T020704Z,1J.TI4A.,"['CH1', 'CH2', 'CHZ']",2018-12-29T02:07:04.240000Z,14.12
92,20181229T021114Z,1J.TI4A.,"['CH1', 'CH2', 'CHZ']",2018-12-29T02:11:18.980000Z,11.04
93,20181229T021240Z,1J.TI4A.,"['CH1', 'CH2', 'CHZ']",2018-12-29T02:12:42.940000Z,2.15
94,20181229T021540Z,1J.TI4A.,"['CH1', 'CH2', 'CHZ']",2018-12-29T02:15:40.060000Z,7.17
95,20181229T021730Z,1J.TI4A.,"['CH1', 'CH2', 'CHZ']",2018-12-29T02:17:30.740000Z,1.98
96,20181229T022240Z,1J.TI4A.,"['CH1', 'CH2', 'CHZ']",2018-12-29T02:22:45.690000Z,18.6
97,20181229T022554Z,1J.TI4A.,"['CH1', 'CH2', 'CHZ']",2018-12-29T02:25:54.900000Z,15.55
98,20181229T022707Z,1J.TI4A.,"['CH1', 'CH2', 'CHZ']",2018-12-29T02:27:10.950000Z,47.37
99,20181229T022911Z,1J.TI4A.,"['CH1', 'CH2', 'CHZ']",2018-12-29T02:29:11.210000Z,3.25
100,20181229T022927Z,1J.TI4A.,"['CH1', 'CH2', 'CHZ']",2018-12-29T02:29:27.430000Z,7.43
101,20181229T023041Z,1J.TI4A.,"['CH1', 'CH2', 'CHZ']",2018-12-29T02:30:41.070000Z,3.15
102,20181229T023156Z,1J.TI4A.,"['CH1', 'CH2', 'CHZ']",2018-12-29T02:31:56.970000Z,7.51
103,20181229T023229Z,1J.TI4A.,"['CH1', 'CH2', 'CHZ']",2018-12-29T02:32:29.590000Z,50.8
104,20181229T023418Z,1J.TI4A.,"['CH1', 'CH2', 'CHZ']",2018-12-29T02:34:18.190000Z,4.53
105,20181229T023535Z,1J.TI4A.,"['CH1', 'CH2', 'CHZ']",2018-12-29T02:35:35.130000Z,40.28
106,20181229T023751Z,1J.TI4A.,"['CH1', 'CH2', 'CHZ']",2018-12-29T02:37:51.690000Z,3.17
107,20181229T023846Z,1J.TI4A.,"['CH1', 'CH2', 'CHZ']",2018-12-29T02:38:46.100000Z,2.83
108,20181229T023908Z,1J.TI4A.,"['CH1', 'CH2', 'CHZ']",2018-12-29T02:39:08.020000Z,2.81
109,20181229T023919Z,1J.TI4A.,"['CH1', 'CH2', 'CHZ']",2018-12-29T02:39:19.060000Z,58.77
110,20181229T024146Z,1J.TI4A.,"['CH1', 'CH2', 'CHZ']",2018-12-29T02:41:46.330000Z,2.97
111,20181229T024332Z,1J.TI4A.,"['CH1', 'CH2', 'CHZ']",2018-12-29T02:43:37.210000Z,11.54
112,20181229T024452Z,1J.TI4A.,"['CH1', 'CH2', 'CHZ']",2018-12-29T02:44:52.620000Z,26.38
113,20181229T024645Z,1J.TI4A.,"['CH1', 'CH2', 'CHZ']",2018-12-29T02:46:45.420000Z,10.31
114,20181229T025015Z,1J.TI4A.,"['CH1', 'CH2', 'CHZ']",2018-12-29T02:50:15.140000Z,3.65
115,20181229T025750Z,1J.TI4A.,"['CH1', 'CH2', 'CHZ']",2018-12-29T02:57:55.120000Z,16.86
116,20181229T025905Z,1J.TI4A.,"['CH1', 'CH2', 'CHZ']",2018-12-29T02:59:05.370000Z,2.38
117,20181229T030121Z,1J.TI4A.,"['CH1', 'CH2', 'CHZ']",2018-12-29T03:01:21.700000Z,43.33
118,20181229T030619Z,1J.TI4A.,"['CH1', 'CH2', 'CHZ']",2018-12-29T03:06:21.120000Z,22.26
119,20181229T030745Z,1J.TI4A.,"['CH1', 'CH2', 'CHZ']",2018-12-29T03:07:45.210000Z,4.86
120,20181229T030839Z,1J.TI4A.,"['CH1', 'CH2', 'CHZ']",2018-12-29T03:08:39.020000Z,1.5
121,20181229T030847Z,1J.TI4A.,"['CH1', 'CH2', 'CHZ']",2018-12-29T03:08:47.810000Z,24.65
122,20181229T030939Z,1J.TI4A.,"['CH1', 'CH2', 'CHZ']",2018-12-29T03:09:39.680000Z,20.24
123,20181229T031036Z,1J.TI4A.,"['CH1', 'CH2', 'CHZ']",2018-12-29T03:10:36.430000Z,30.64
124,20181229T031237Z,1J.TI4A.,"['CH1', 'CH2', 'CHZ']",2018-12-29T03:12:37.130000Z,13.39
125,20181229T031448Z,1J.TI4A.,"['CH1', 'CH2', 'CHZ']",2018-12-29T03:14:48.620000Z,6.14
126,20181229T031634Z,1J.TI4A.,"['CH1', 'CH2', 'CHZ']",2018-12-29T03:17:09.700000Z,14.84
127,20181229T032011Z,1J.TI4A.,"['CH1', 'CH2', 'CHZ']",2018-12-29T03:20:11.260000Z,9.4
128,20181229T032122Z,1J.TI4A.,"['CH1', 'CH2', 'CHZ']",2018-12-29T03:21:27.830000Z,1.56
129,20181229T032153Z,1J.TI4A.,"['CH1', 'CH2', 'CHZ']",2018-12-29T03:21:53.030000Z,39.59
130,20181229T032347Z,1J.TI4A.,"['CH1', 'CH2', 'CHZ']",2018-12-29T03:23:47.610000Z,4.63
131,20181229T032936Z,1J.TI4A.,"['CH1', 'CH2', 'CHZ']",2018-12-29T03:29:48.480000Z,9.76
132,20181229T033159Z,1J.TI4A.,"['CH1', 'CH2', 'CHZ']",2018-12-29T03:31:59.990000Z,10.53
133,20181229T033330Z,1J.TI4A.,"['CH1', 'CH2', 'CHZ']",2018-12-29T03:33:33.390000Z,17.02
134,20181229T034019Z,1J.TI4A.,"['CH1', 'CH2', 'CHZ']",2018-12-29T03:40:19.240000Z,28.1
135,20181229T034604Z,1J.TI4A.,"['CH1', 'CH2', 'CHZ']",2018-12-29T03:46:09.660000Z,4.99
136,20181229T035037Z,1J.TI4A.,"['CH1', 'CH2', 'CHZ']",2018-12-29T03:50:37.970000Z,45.71
137,20181229T040429Z,1J.TI4A.,"['CH1', 'CH2', 'CHZ']",2018-12-29T04:04:33.450000Z,15.99
138,20181229T040653Z,1J.TI4A.,"['CH1', 'CH2', 'CHZ']",2018-12-29T04:06:53.250000Z,21.08
139,20181229T040956Z,1J.TI4A.,"['CH1', 'CH2', 'CHZ']",2018-12-29T04:09:56.900000Z,9.96
140,20181229T042117Z,1J.TI4A.,"['CH1', 'CH2', 'CHZ']",2018-12-29T04:21:21.740000Z,49.22
141,20181229T042526Z,1J.TI4A.,"['CH1', 'CH2', 'CHZ']",2018-12-29T04:25:26.560000Z,6.59
142,20181229T042610Z,1J.TI4A.,"['CH1', 'CH2', 'CHZ']",2018-12-29T04:26:10.760000Z,2.18
143,20181229T043329Z,1J.TI4A.,"['CH1', 'CH2', 'CHZ']",2018-12-29T04:33:29.520000Z,25.78
144,20181229T043439Z,1J.TI4A.,"['CH1', 'CH2', 'CHZ']",2018-12-29T04:34:39.910000Z,29.57
145,20181229T044133Z,1J.TI4A.,"['CH1', 'CH2', 'CHZ']",2018-12-29T04:41:37.580000Z,12.66
146,20181229T044304Z,1J.TI4A.,"['CH1', 'CH2', 'CHZ']",2018-12-29T04:43:04.370000Z,5.41
147,20181229T045350Z,1J.TI4A.,"['CH1', 'CH2', 'CHZ']",2018-12-29T04:53:53.050000Z,15.48
148,20181229T045845Z,1J.TI4A.,"['CH1', 'CH2', 'CHZ']",2018-12-29T04:58:47.440000Z,18.71
149,20181229T050104Z,1J.TI4A.,"['CH1', 'CH2', 'CHZ']",2018-12-29T05:01:11.830000Z,1.48
150,20181229T050146Z,1J.TI4A.,"['CH1', 'CH2', 'CHZ']",2018-12-29T05:01:47.540000Z,15.84
151,20181229T050811Z,1J.TI4A.,"['CH1', 'CH2', 'CHZ']",2018-12-29T05:08:20.280000Z,18.63
152,20181229T050944Z,1J.TI4A.,"['CH1', 'CH2', 'CHZ']",2018-12-29T05:09:56.420000Z,11.9
153,20181229T051133Z,1J.TI4A.,"['CH1', 'CH2', 'CHZ']",2018-12-29T05:11:33.910000Z,1.12
154,20181229T051346Z,1J.TI4A.,"['CH1', 'CH2', 'CHZ']",2018-12-29T05:13:47.290000Z,11.88
155,20181229T052605Z,1J.TI4A.,"['CH1', 'CH2', 'CHZ']",2018-12-29T05:26:05.340000Z,16.63
156,20181229T053205Z,1J.TI4A.,"['CH1', 'CH2', 'CHZ']",2018-12-29T05:32:08.620000Z,48.09
157,20181229T053816Z,1J.TI4A.,"['CH1', 'CH2', 'CHZ']",2018-12-29T05:38:21.160000Z,18.65
158,20181229T054104Z,1J.TI4A.,"['CH1', 'CH2', 'CHZ']",2018-12-29T05:41:04.250000Z,1.66
159,20181229T054139Z,1J.TI4A.,"['CH1', 'CH2', 'CHZ']",2018-12-29T05:41:41.210000Z,18.94
160,20181229T054420Z,1J.TI4A.,"['CH1', 'CH2', 'CHZ']",2018-12-29T05:44:20.190000Z,7.85
161,20181229T054505Z,1J.TI4A.,"['CH1', 'CH2', 'CHZ']",2018-12-29T05:45:05.030000Z,11.53
162,20181229T054734Z,1J.TI4A.,"['CH1', 'CH2', 'CHZ']",2018-12-29T05:47:37.790000Z,53.4
163,20181229T055142Z,1J.TI4A.,"['CH1', 'CH2', 'CHZ']",2018-12-29T05:51:42.930000Z,9.32
164,20181229T060208Z,1J.TI4A.,"['CH1', 'CH2', 'CHZ']",2018-12-29T06:02:08.990000Z,2.49
165,20181229T060355Z,1J.TI4A.,"['CH1', 'CH2', 'CHZ']",2018-12-29T06:03:55.420000Z,10.51
166,20181229T060712Z,1J.TI4A.,"['CH1', 'CH2', 'CHZ']",2018-12-29T06:07:17.990000Z,14.28
167,20181229T060831Z,1J.TI4A.,"['CH1', 'CH2', 'CHZ']",2018-12-29T06:08:35.780000Z,44.58
168,20181229T061010Z,1J.TI4A.,"['CH1', 'CH2', 'CHZ']",2018-12-29T06:10:10.440000Z,3.74
169,20181229T061138Z,1J.TI4A.,"['CH1', 'CH2', 'CHZ']",2018-12-29T06:11:38.860000Z,16.08
170,20181229T061243Z,1J.TI4A.,"['CH1', 'CH2', 'CHZ']",2018-12-29T06:12:47.720000Z,5.45
171,20181229T061409Z,1J.TI4A.,"['CH1', 'CH2', 'CHZ']",2018-12-29T06:14:10.920000Z,6.76
172,20181229T061528Z,1J.TI4A.,"['CH1', 'CH2', 'CHZ']",2018-12-29T06:15:28.270000Z,1.66
173,20181229T061612Z,1J.TI4A.,"['CH1', 'CH2', 'CHZ']",2018-12-29T06:16:13.660000Z,4.12
174,20181229T061656Z,1J.TI4A.,"['CH1', 'CH2', 'CHZ']",2018-12-29T06:16:58.540000Z,10.35
175,20181229T062157Z,1J.TI4A.,"['CH1', 'CH2', 'CHZ']",2018-12-29T06:21:57.470000Z,4.66
176,20181229T062854Z,1J.TI4A.,"['CH1', 'CH2', 'CHZ']",2018-12-29T06:28:59.120000Z,10.63
177,20181229T063010Z,1J.TI4A.,"['CH1', 'CH2', 'CHZ']",2018-12-29T06:30:12.770000Z,17.06
178,20181229T063508Z,1J.TI4A.,"['CH1', 'CH2', 'CHZ']",2018-12-29T06:35:12.350000Z,21.07
179,20181229T063952Z,1J.TI4A.,"['CH1', 'CH2', 'CHZ']",2018-12-29T06:39:57.570000Z,5.43
180,20181229T064143Z,1J.TI4A.,"['CH1', 'CH2', 'CHZ']",2018-12-29T06:41:49.710000Z,12.11
181,20181229T064315Z,1J.TI4A.,"['CH1', 'CH2', 'CHZ']",2018-12-29T06:43:19.660000Z,13.48
182,20181229T064723Z,1J.TI4A.,"['CH1', 'CH2', 'CHZ']",2018-12-29T06:47:23.260000Z,1.19
183,20181229T064848Z,1J.TI4A.,"['CH1', 'CH2', 'CHZ']",2018-12-29T06:49:18.970000Z,2.27
184,20181229T065603Z,1J.TI4A.,"['CH1', 'CH2', 'CHZ']",2018-12-29T06:56:04.830000Z,17.92
185,20181229T070441Z,1J.TI4A.,"['CH1', 'CH2', 'CHZ']",2018-12-29T07:04:41.360000Z,61.41
186,20181229T070650Z,1J.TI4A.,"['CH1', 'CH2', 'CHZ']",2018-12-29T07:06:50.860000Z,7.43
187,20181229T070914Z,1J.TI4A.,"['CH1', 'CH2', 'CHZ']",2018-12-29T07:09:16.240000Z,9.73
188,20181229T070939Z,1J.TI4A.,"['CH1', 'CH2', 'CHZ']",2018-12-29T07:09:39.050000Z,2.11
189,20181229T071343Z,1J.TI4A.,"['CH1', 'CH2', 'CHZ']",2018-12-29T07:13:52.730000Z,14.21
190,20181229T071435Z,1J.TI4A.,"['CH1', 'CH2', 'CHZ']",2018-12-29T07:14:45.320000Z,5.0
191,20181229T072144Z,1J.TI4A.,"['CH1', 'CH2', 'CHZ']",2018-12-29T07:21:46.660000Z,14.4
192,20181229T072540Z,1J.TI4A.,"['CH1', 'CH2', 'CHZ']",2018-12-29T07:25:44.440000Z,37.73
193,20181229T073339Z,1J.TI4A.,"['CH1', 'CH2', 'CHZ']",2018-12-29T07:33:41.520000Z,11.48
194,20181229T074337Z,1J.TI4A.,"['CH1', 'CH2', 'CHZ']",2018-12-29T07:43:45.830000Z,20.3
195,20181229T074504Z,1J.TI4A.,"['CH1', 'CH2', 'CHZ']",2018-12-29T07:45:11.410000Z,7.1
196,20181229T074559Z,1J.TI4A.,"['CH1', 'CH2', 'CHZ']",2018-12-29T07:46:01.050000Z,10.07
197,20181229T074710Z,1J.TI4A.,"['CH1', 'CH2', 'CHZ']",2018-12-29T07:47:14.450000Z,10.1
198,20181229T075131Z,1J.TI4A.,"['CH1', 'CH2', 'CHZ']",2018-12-29T07:51:31.890000Z,3.92
199,20181229T075835Z,1J.TI4A.,"['CH1', 'CH2', 'CHZ']",2018-12-29T07:58:36.860000Z,13.12
200,20181229T080348Z,1J.TI4A.,"['CH1', 'CH2', 'CHZ']",2018-12-29T08:03:52.820000Z,19.69
201,20181229T080658Z,1J.TI4A.,"['CH1', 'CH2', 'CHZ']",2018-12-29T08:06:58.230000Z,19.02
202,20181229T080726Z,1J.TI4A.,"['CH1', 'CH2', 'CHZ']",2018-12-29T08:07:31.440000Z,1.64
203,20181229T081111Z,1J.TI4A.,"['CH1', 'CH2', 'CHZ']",2018-12-29T08:11:13.700000Z,11.79
204,20181229T081503Z,1J.TI4A.,"['CH1', 'CH2', 'CHZ']",2018-12-29T08:15:03.640000Z,7.99
205,20181229T082032Z,1J.TI4A.,"['CH1', 'CH2', 'CHZ']",2018-12-29T08:20:36.340000Z,22.88
206,20181229T082314Z,1J.TI4A.,"['CH1', 'CH2', 'CHZ']",2018-12-29T08:23:16.300000Z,9.94
207,20181229T083314Z,1J.TI4A.,"['CH1', 'CH2', 'CHZ']",2018-12-29T08:33:19.230000Z,16.56
208,20181229T083552Z,1J.TI4A.,"['CH1', 'CH2', 'CHZ']",2018-12-29T08:35:53.290000Z,16.29
209,20181229T083659Z,1J.TI4A.,"['CH1', 'CH2', 'CHZ']",2018-12-29T08:37:03.680000Z,51.5
210,20181229T084114Z,1J.TI4A.,"['CH1', 'CH2', 'CHZ']",2018-12-29T08:41:18.270000Z,4.28
211,20181229T084401Z,1J.TI4A.,"['CH1', 'CH2', 'CHZ']",2018-12-29T08:44:15.280000Z,3.48
212,20181229T085055Z,1J.TI4A.,"['CH1', 'CH2', 'CHZ']",2018-12-29T08:50:55.600000Z,19.71
213,20181229T090307Z,1J.TI4A.,"['CH1', 'CH2', 'CHZ']",2018-12-29T09:03:09.300000Z,7.5
214,20181229T090420Z,1J.TI4A.,"['CH1', 'CH2', 'CHZ']",2018-12-29T09:04:20.250000Z,1.94
215,20181229T090812Z,1J.TI4A.,"['CH1', 'CH2', 'CHZ']",2018-12-29T09:08:14.810000Z,17.98
216,20181229T091137Z,1J.TI4A.,"['CH1', 'CH2', 'CHZ']",2018-12-29T09:11:43.340000Z,11.18
217,20181229T091745Z,1J.TI4A.,"['CH1', 'CH2', 'CHZ']",2018-12-29T09:17:48.960000Z,22.76
218,20181229T091837Z,1J.TI4A.,"['CH1', 'CH2', 'CHZ']",2018-12-29T09:18:38.160000Z,10.44
219,20181229T092403Z,1J.TI4A.,"['CH1', 'CH2', 'CHZ']",2018-12-29T09:24:03.160000Z,1.62
220,20181229T092429Z,1J.TI4A.,"['CH1', 'CH2', 'CHZ']",2018-12-29T09:24:30.140000Z,43.94
221,20181229T093014Z,1J.TI4A.,"['CH1', 'CH2', 'CHZ']",2018-12-29T09:30:15.050000Z,13.47
222,20181229T093710Z,1J.TI4A.,"['CH1', 'CH2', 'CHZ']",2018-12-29T09:37:10.710000Z,68.67
223,20181229T094216Z,1J.TI4A.,"['CH1', 'CH2', 'CHZ']",2018-12-29T09:42:16.420000Z,2.96
224,20181229T094717Z,1J.TI4A.,"['CH1', 'CH2', 'CHZ']",2018-12-29T09:47:17.610000Z,41.77
225,20181229T095504Z,1J.TI4A.,"['CH1', 'CH2', 'CHZ']",2018-12-29T09:55:04.770000Z,26.62
226,20181229T095609Z,1J.TI4A.,"['CH1', 'CH2', 'CHZ']",2018-12-29T09:56:27.560000Z,1.81
227,20181229T100322Z,1J.TI4A.,"['CH1', 'CH2', 'CHZ']",2018-12-29T10:03:23.580000Z,5.63
228,20181229T100359Z,1J.TI4A.,"['CH1', 'CH2', 'CHZ']",2018-12-29T10:03:59.520000Z,14.89
229,20181229T100811Z,1J.TI4A.,"['CH1', 'CH2', 'CHZ']",2018-12-29T10:08:13.690000Z,15.17
230,20181229T102147Z,1J.TI4A.,"['CH1', 'CH2', 'CHZ']",2018-12-29T10:21:47.370000Z,17.28
231,20181229T102542Z,1J.TI4A.,"['CH1', 'CH2', 'CHZ']",2018-12-29T10:25:57.810000Z,24.42
232,20181229T103500Z,1J.TI4A.,"['CH1', 'CH2', 'CHZ']",2018-12-29T10:35:00.760000Z,73.91
233,20181229T103756Z,1J.TI4A.,"['CH1', 'CH2', 'CHZ']",2018-12-29T10:37:58.820000Z,8.04
234,20181229T103941Z,1J.TI4A.,"['CH1', 'CH2', 'CHZ']",2018-12-29T10:39:41.070000Z,5.76
235,20181229T104236Z,1J.TI4A.,"['CH1', 'CH2', 'CHZ']",2018-12-29T10:42:42.010000Z,14.62
236,20181229T105141Z,1J.TI4A.,"['CH1', 'CH2', 'CHZ']",2018-12-29T10:51:43.390000Z,15.77
237,20181229T105239Z,1J.TI4A.,"['CH1', 'CH2', 'CHZ']",2018-12-29T10:52:53.910000Z,29.98
238,20181229T105355Z,1J.TI4A.,"['CH1', 'CH2', 'CHZ']",2018-12-29T10:53:55.070000Z,32.78
239,20181229T105628Z,1J.TI4A.,"['CH1', 'CH2', 'CHZ']",2018-12-29T10:56:32.720000Z,5.88
240,20181229T105819Z,1J.TI4A.,"['CH1', 'CH2', 'CHZ']",2018-12-29T10:58:19.950000Z,11.62
241,20181229T105951Z,1J.TI4A.,"['CH1', 'CH2', 'CHZ']",2018-12-29T10:59:51.260000Z,36.57
242,20181229T110102Z,1J.TI4A.,"['CH1', 'CH2', 'CHZ']",2018-12-29T11:01:03.530000Z,3.38
243,20181229T110209Z,1J.TI4A.,"['CH1', 'CH2', 'CHZ']",2018-12-29T11:02:09.000000Z,3.02
244,20181229T110454Z,1J.TI4A.,"['CH1', 'CH2', 'CHZ']",2018-12-29T11:04:54.340000Z,2.49
245,20181229T110657Z,1J.TI4A.,"['CH1', 'CH2', 'CHZ']",2018-12-29T11:06:57.960000Z,3.67
246,20181229T110707Z,1J.TI4A.,"['CH1', 'CH2', 'CHZ']",2018-12-29T11:07:07.840000Z,78.11
247,20181229T111602Z,1J.TI4A.,"['CH1', 'CH2', 'CHZ']",2018-12-29T11:16:35.580000Z,5.42
248,20181229T112640Z,1J.TI4A.,"['CH1', 'CH2', 'CHZ']",2018-12-29T11:26:44.520000Z,8.8
249,20181229T112930Z,1J.TI4A.,"['CH1', 'CH2', 'CHZ']",2018-12-29T11:29:43.260000Z,1.46
250,20181229T113141Z,1J.TI4A.,"['CH1', 'CH2', 'CHZ']",2018-12-29T11:31:41.120000Z,76.04
251,20181229T113533Z,1J.TI4A.,"['CH1', 'CH2', 'CHZ']",2018-12-29T11:35:33.130000Z,7.56
252,20181229T113640Z,1J.TI4A.,"['CH1', 'CH2', 'CHZ']",2018-12-29T11:36:40.840000Z,8.19
253,20181229T113730Z,1J.TI4A.,"['CH1', 'CH2', 'CHZ']",2018-12-29T11:37:32.040000Z,2.21
254,20181229T114008Z,1J.TI4A.,"['CH1', 'CH2', 'CHZ']",2018-12-29T11:40:08.120000Z,57.09
255,20181229T122216Z,1J.TI4A.,"['CH1', 'CH2', 'CHZ']",2018-12-29T12:22:21.250000Z,2.47
256,20181229T122350Z,1J.TI4A.,"['CH1', 'CH2', 'CHZ']",2018-12-29T12:23:55.620000Z,21.54
257,20181229T122834Z,1J.TI4A.,"['CH1', 'CH2', 'CHZ']",2018-12-29T12:28:34.100000Z,1.97
258,20181229T122932Z,1J.TI4A.,"['CH1', 'CH2', 'CHZ']",2018-12-29T12:29:32.250000Z,1.54
259,20181229T123654Z,1J.TI4A.,"['CH1', 'CH2', 'CHZ']",2018-12-29T12:36:54.380000Z,0.77
260,20181229T123755Z,1J.TI4A.,"['CH1', 'CH2', 'CHZ']",2018-12-29T12:37:55.120000Z,1.02
261,20181229T123802Z,1J.TI4A.,"['CH1', 'CH2', 'CHZ']",2018-12-29T12:38:03.150000Z,1.83
262,20181229T123829Z,1J.TI4A.,"['CH1', 'CH2', 'CHZ']",2018-12-29T12:38:29.370000Z,4.5
263,20181229T123849Z,1J.TI4A.,"['CH1', 'CH2', 'CHZ']",2018-12-29T12:38:49.860000Z,18.97
264,20181229T125703Z,1J.TI4A.,"['CH1', 'CH2', 'CHZ']",2018-12-29T12:57:06.080000Z,23.77
265,20181229T152947Z,1J.TI4A.,"['CH1', 'CH2', 'CHZ']",2018-12-29T15:29:47.280000Z,20.68
266,20181229T153341Z,1J.TI4A.,"['CH1', 'CH2', 'CHZ']",2018-12-29T15:33:41.360000Z,2.09
267,20181229T155419Z,1J.TI4A.,"['CH1', 'CH2', 'CHZ']",2018-12-29T15:54:19.120000Z,2.43
268,20181229T155721Z,1J.TI4A.,"['CH1', 'CH2', 'CHZ']",2018-12-29T15:57:21.040000Z,1.04
269,20181229T155734Z,1J.TI4A.,"['CH1', 'CH2', 'CHZ']",2018-12-29T15:57:34.520000Z,8.31
270,20181229T155844Z,1J.TI4A.,"['CH1', 'CH2', 'CHZ']",2018-12-29T15:58:52.800000Z,6.91
271,20181229T160053Z,1J.TI4A.,"['CH1', 'CH2', 'CHZ']",2018-12-29T16:00:53.210000Z,3.52
272,20181229T160210Z,1J.TI4A.,"['CH1', 'CH2', 'CHZ']",2018-12-29T16:02:10.910000Z,9.9
273,20181229T160233Z,1J.TI4A.,"['CH1', 'CH2', 'CHZ']",2018-12-29T16:02:33.430000Z,1.54
274,20181229T160240Z,1J.TI4A.,"['CH1', 'CH2', 'CHZ']",2018-12-29T16:02:40.260000Z,13.08
275,20181229T160353Z,1J.TI4A.,"['CH1', 'CH2', 'CHZ']",2018-12-29T16:03:53.620000Z,10.44
276,20181229T160504Z,1J.TI4A.,"['CH1', 'CH2', 'CHZ']",2018-12-29T16:05:04.060000Z,92.37
277,20181229T161420Z,1J.TI4A.,"['CH1', 'CH2', 'CHZ']",2018-12-29T16:14:20.700000Z,2.01
278,20181229T161548Z,1J.TI4A.,"['CH1', 'CH2', 'CHZ']",2018-12-29T16:15:48.960000Z,11.25
279,20181229T161904Z,1J.TI4A.,"['CH1', 'CH2', 'CHZ']",2018-12-29T16:19:10.590000Z,4.63
280,20181229T161945Z,1J.TI4A.,"['CH1', 'CH2', 'CHZ']",2018-12-29T16:19:45.670000Z,1.01
281,20181229T162002Z,1J.TI4A.,"['CH1', 'CH2', 'CHZ']",2018-12-29T16:20:02.400000Z,1.26
282,20181229T162203Z,1J.TI4A.,"['CH1', 'CH2', 'CHZ']",2018-12-29T16:22:03.800000Z,12.2
283,20181229T162819Z,1J.TI4A.,"['CH1', 'CH2', 'CHZ']",2018-12-29T16:28:19.570000Z,13.41
284,20181229T162846Z,1J.TI4A.,"['CH1', 'CH2', 'CHZ']",2018-12-29T16:28:46.720000Z,24.81
285,20181229T162953Z,1J.TI4A.,"['CH1', 'CH2', 'CHZ']",2018-12-29T16:29:53.860000Z,7.07
286,20181229T163235Z,1J.TI4A.,"['CH1', 'CH2', 'CHZ']",2018-12-29T16:32:35.410000Z,27.61
287,20181229T163321Z,1J.TI4A.,"['CH1', 'CH2', 'CHZ']",2018-12-29T16:33:21.800000Z,20.25
288,20181229T163440Z,1J.TI4A.,"['CH1', 'CH2', 'CHZ']",2018-12-29T16:34:40.710000Z,37.93
289,20181229T163932Z,1J.TI4A.,"['CH1', 'CH2', 'CHZ']",2018-12-29T16:39:32.070000Z,2.41
290,20181229T164014Z,1J.TI4A.,"['CH1', 'CH2', 'CHZ']",2018-12-29T16:40:14.760000Z,4.91
291,20181229T164111Z,1J.TI4A.,"['CH1', 'CH2', 'CHZ']",2018-12-29T16:41:11.910000Z,7.51
292,20181229T164155Z,1J.TI4A.,"['CH1', 'CH2', 'CHZ']",2018-12-29T16:41:55.810000Z,1.12
293,20181229T164301Z,1J.TI4A.,"['CH1', 'CH2', 'CHZ']",2018-12-29T16:43:01.340000Z,19.39
294,20181229T164443Z,1J.TI4A.,"['CH1', 'CH2', 'CHZ']",2018-12-29T16:44:43.890000Z,3.88
295,20181229T164631Z,1J.TI4A.,"['CH1', 'CH2', 'CHZ']",2018-12-29T16:46:32.520000Z,7.42
296,20181229T165200Z,1J.TI4A.,"['CH1', 'CH2', 'CHZ']",2018-12-29T16:52:00.020000Z,49.92
297,20181229T172556Z,1J.TI4A.,"['CH1', 'CH2', 'CHZ']",2018-12-29T17:25:56.110000Z,2.01
298,20181229T172913Z,1J.TI4A.,"['CH1', 'CH2', 'CHZ']",2018-12-29T17:29:13.190000Z,4.4
299,20181229T173013Z,1J.TI4A.,"['CH1', 'CH2', 'CHZ']",2018-12-29T17:30:13.300000Z,4.47
300,20181229T173314Z,1J.TI4A.,"['CH1', 'CH2', 'CHZ']",2018-12-29T17:33:17.970000Z,5.96
301,20181229T173355Z,1J.TI4A.,"['CH1', 'CH2', 'CHZ']",2018-12-29T17:33:55.230000Z,1.23
302,20181229T173525Z,1J.TI4A.,"['CH1', 'CH2', 'CHZ']",2018-12-29T17:35:25.300000Z,1.12
303,20181229T173632Z,1J.TI4A.,"['CH1', 'CH2', 'CHZ']",2018-12-29T17:36:32.780000Z,2.44
304,20181229T173846Z,1J.TI4A.,"['CH1', 'CH2', 'CHZ']",2018-12-29T17:38:46.480000Z,4.27
305,20181229T173918Z,1J.TI4A.,"['CH1', 'CH2', 'CHZ']",2018-12-29T17:39:18.760000Z,1.38
306,20181229T174522Z,1J.TI4A.,"['CH1', 'CH2', 'CHZ']",2018-12-29T17:45:22.820000Z,2.19
307,20181229T175228Z,1J.TI4A.,"['CH1', 'CH2', 'CHZ']",2018-12-29T17:52:28.580000Z,11.18
308,20181229T175313Z,1J.TI4A.,"['CH1', 'CH2', 'CHZ']",2018-12-29T17:53:13.980000Z,4.17
309,20181229T175326Z,1J.TI4A.,"['CH1', 'CH2', 'CHZ']",2018-12-29T17:53:26.840000Z,2.04
310,20181229T175404Z,1J.TI4A.,"['CH1', 'CH2', 'CHZ']",2018-12-29T17:54:04.240000Z,1.49
311,20181229T175428Z,1J.TI4A.,"['CH1', 'CH2', 'CHZ']",2018-12-29T17:54:28.230000Z,13.87
312,20181229T175710Z,1J.TI4A.,"['CH1', 'CH2', 'CHZ']",2018-12-29T17:57:10.710000Z,24.5
313,20181229T175952Z,1J.TI4A.,"['CH1', 'CH2', 'CHZ']",2018-12-29T17:59:54.210000Z,11.19
314,20181229T180107Z,1J.TI4A.,"['CH1', 'CH2', 'CHZ']",2018-12-29T18:01:07.230000Z,29.3
315,20181229T180237Z,1J.TI4A.,"['CH1', 'CH2', 'CHZ']",2018-12-29T18:02:37.720000Z,5.48
316,20181229T180859Z,1J.TI4A.,"['CH1', 'CH2', 'CHZ']",2018-12-29T18:08:59.490000Z,6.01
317,20181229T180927Z,1J.TI4A.,"['CH1', 'CH2', 'CHZ']",2018-12-29T18:09:27.240000Z,4.95
318,20181229T181029Z,1J.TI4A.,"['CH1', 'CH2', 'CHZ']",2018-12-29T18:10:32.350000Z,5.5
319,20181229T181403Z,1J.TI4A.,"['CH1', 'CH2', 'CHZ']",2018-12-29T18:14:03.460000Z,40.0
320,20181229T181504Z,1J.TI4A.,"['CH1', 'CH2', 'CHZ']",2018-12-29T18:15:04.810000Z,4.58
321,20181229T181527Z,1J.TI4A.,"['CH1', 'CH2', 'CHZ']",2018-12-29T18:15:27.140000Z,2.52
322,20181229T181628Z,1J.TI4A.,"['CH1', 'CH2', 'CHZ']",2018-12-29T18:16:28.500000Z,2.11
323,20181229T181652Z,1J.TI4A.,"['CH1', 'CH2', 'CHZ']",2018-12-29T18:16:52.110000Z,6.68
324,20181229T181704Z,1J.TI4A.,"['CH1', 'CH2', 'CHZ']",2018-12-29T18:17:04.190000Z,1.92
325,20181229T181723Z,1J.TI4A.,"['CH1', 'CH2', 'CHZ']",2018-12-29T18:17:23.300000Z,29.34
326,20181229T182236Z,1J.TI4A.,"['CH1', 'CH2', 'CHZ']",2018-12-29T18:22:36.420000Z,6.95
327,20181229T182327Z,1J.TI4A.,"['CH1', 'CH2', 'CHZ']",2018-12-29T18:23:38.390000Z,2.12
328,20181229T182529Z,1J.TI4A.,"['CH1', 'CH2', 'CHZ']",2018-12-29T18:25:29.880000Z,14.33
329,20181229T182607Z,1J.TI4A.,"['CH1', 'CH2', 'CHZ']",2018-12-29T18:26:07.460000Z,2.58
330,20181229T182628Z,1J.TI4A.,"['CH1', 'CH2', 'CHZ']",2018-12-29T18:26:28.050000Z,0.94
331,20181229T182811Z,1J.TI4A.,"['CH1', 'CH2', 'CHZ']",2018-12-29T18:28:15.770000Z,5.86
332,20181229T182943Z,1J.TI4A.,"['CH1', 'CH2', 'CHZ']",2018-12-29T18:29:43.930000Z,2.53
333,20181229T183019Z,1J.TI4A.,"['CH1', 'CH2', 'CHZ']",2018-12-29T18:30:22.640000Z,31.98
334,20181229T183206Z,1J.TI4A.,"['CH1', 'CH2', 'CHZ']",2018-12-29T18:32:06.860000Z,1.68
335,20181229T183214Z,1J.TI4A.,"['CH1', 'CH2', 'CHZ']",2018-12-29T18:32:14.520000Z,1.54
336,20181229T183315Z,1J.TI4A.,"['CH1', 'CH2', 'CHZ']",2018-12-29T18:33:15.780000Z,48.4
337,20181229T183452Z,1J.TI4A.,"['CH1', 'CH2', 'CHZ']",2018-12-29T18:34:52.060000Z,6.76
338,20181229T183611Z,1J.TI4A.,"['CH1', 'CH2', 'CHZ']",2018-12-29T18:36:11.500000Z,4.56
339,20181229T184515Z,1J.TI4A.,"['CH1', 'CH2', 'CHZ']",2018-12-29T18:45:16.760000Z,0.89
340,20181229T184606Z,1J.TI4A.,"['CH1', 'CH2', 'CHZ']",2018-12-29T18:46:06.740000Z,68.83
341,20181229T185753Z,1J.TI4A.,"['CH1', 'CH2', 'CHZ']",2018-12-29T18:57:53.630000Z,5.62
342,20181229T190050Z,1J.TI4A.,"['CH1', 'CH2', 'CHZ']",2018-12-29T19:00:50.260000Z,1.31
343,20181229T190428Z,1J.TI4A.,"['CH1', 'CH2', 'CHZ']",2018-12-29T19:04:28.700000Z,21.43
344,20181229T190454Z,1J.TI4A.,"['CH1', 'CH2', 'CHZ']",2018-12-29T19:04:59.560000Z,12.91
345,20181229T190828Z,1J.TI4A.,"['CH1', 'CH2', 'CHZ']",2018-12-29T19:08:28.970000Z,10.72
346,20181229T191333Z,1J.TI4A.,"['CH1', 'CH2', 'CHZ']",2018-12-29T19:13:33.830000Z,16.11
347,20181229T192027Z,1J.TI4A.,"['CH1', 'CH2', 'CHZ']",2018-12-29T19:20:27.130000Z,13.77
348,20181229T192153Z,1J.TI4A.,"['CH1', 'CH2', 'CHZ']",2018-12-29T19:21:53.430000Z,2.19
349,20181229T192502Z,1J.TI4A.,"['CH1', 'CH2', 'CHZ']",2018-12-29T19:25:06.090000Z,18.53
350,20181229T192545Z,1J.TI4A.,"['CH1', 'CH2', 'CHZ']",2018-12-29T19:25:45.450000Z,9.97
351,20181229T193207Z,1J.TI4A.,"['CH1', 'CH2', 'CHZ']",2018-12-29T19:32:07.590000Z,13.86
352,20181229T193510Z,1J.TI4A.,"['CH1', 'CH2', 'CHZ']",2018-12-29T19:35:10.420000Z,2.57
353,20181229T193527Z,1J.TI4A.,"['CH1', 'CH2', 'CHZ']",2018-12-29T19:35:27.790000Z,4.75
354,20181229T193701Z,1J.TI4A.,"['CH1', 'CH2', 'CHZ']",2018-12-29T19:37:01.360000Z,3.72
355,20181229T194307Z,1J.TI4A.,"['CH1', 'CH2', 'CHZ']",2018-12-29T19:43:08.880000Z,24.19
356,20181229T194435Z,1J.TI4A.,"['CH1', 'CH2', 'CHZ']",2018-12-29T19:44:35.990000Z,3.55
357,20181229T195240Z,1J.TI4A.,"['CH1', 'CH2', 'CHZ']",2018-12-29T19:52:40.490000Z,47.1
358,20181229T195528Z,1J.TI4A.,"['CH1', 'CH2', 'CHZ']",2018-12-29T19:55:32.770000Z,8.74
359,20181229T200235Z,1J.TI4A.,"['CH1', 'CH2', 'CHZ']",2018-12-29T20:02:35.640000Z,21.04
360,20181229T200447Z,1J.TI4A.,"['CH1', 'CH2', 'CHZ']",2018-12-29T20:04:47.080000Z,9.41
361,20181229T200534Z,1J.TI4A.,"['CH1', 'CH2', 'CHZ']",2018-12-29T20:05:34.790000Z,2.42
362,20181229T200600Z,1J.TI4A.,"['CH1', 'CH2', 'CHZ']",2018-12-29T20:06:01.810000Z,15.05
363,20181229T200917Z,1J.TI4A.,"['CH1', 'CH2', 'CHZ']",2018-12-29T20:09:17.600000Z,15.52
364,20181229T201236Z,1J.TI4A.,"['CH1', 'CH2', 'CHZ']",2018-12-29T20:12:36.210000Z,14.07
365,20181229T201406Z,1J.TI4A.,"['CH1', 'CH2', 'CHZ']",2018-12-29T20:14:07.380000Z,45.66
366,20181229T202127Z,1J.TI4A.,"['CH1', 'CH2', 'CHZ']",2018-12-29T20:21:27.160000Z,70.29
367,20181229T202601Z,1J.TI4A.,"['CH1', 'CH2', 'CHZ']",2018-12-29T20:26:03.280000Z,50.46
368,20181229T202710Z,1J.TI4A.,"['CH1', 'CH2', 'CHZ']",2018-12-29T20:27:10.700000Z,19.11
369,20181229T202745Z,1J.TI4A.,"['CH1', 'CH2', 'CHZ']",2018-12-29T20:27:47.420000Z,0.78
370,20181229T202930Z,1J.TI4A.,"['CH1', 'CH2', 'CHZ']",2018-12-29T20:29:33.140000Z,0.94
371,20181229T203154Z,1J.TI4A.,"['CH1', 'CH2', 'CHZ']",2018-12-29T20:31:54.390000Z,15.92
372,20181229T203256Z,1J.TI4A.,"['CH1', 'CH2', 'CHZ']",2018-12-29T20:32:56.220000Z,7.56
373,20181229T204100Z,1J.TI4A.,"['CH1', 'CH2', 'CHZ']",2018-12-29T20:41:00.780000Z,14.74
374,20181229T211001Z,1J.TI4A.,"['CH1', 'CH2', 'CHZ']",2018-12-29T21:10:01.880000Z,0.76
375,20181229T213740Z,1J.TI4A.,"['CH1', 'CH2', 'CHZ']",2018-12-29T21:37:40.040000Z,6.51
376,20181229T213810Z,1J.TI4A.,"['CH1', 'CH2', 'CHZ']",2018-12-29T21:38:10.010000Z,8.41
377,20181229T214339Z,1J.TI4A.,"['CH1', 'CH2', 'CHZ']",2018-12-29T21:43:39.060000Z,1.77
378,20181229T214400Z,1J.TI4A.,"['CH1', 'CH2', 'CHZ']",2018-12-29T21:44:00.930000Z,1.31
379,20181229T214500Z,1J.TI4A.,"['CH1', 'CH2', 'CHZ']",2018-12-29T21:45:00.610000Z,1.51
380,20181229T214506Z,1J.TI4A.,"['CH1', 'CH2', 'CHZ']",2018-12-29T21:45:08.340000Z,0.92
381,20181229T214535Z,1J.TI4A.,"['CH1', 'CH2', 'CHZ']",2018-12-29T21:45:35.350000Z,34.87
382,20181229T214831Z,1J.TI4A.,"['CH1', 'CH2', 'CHZ']",2018-12-29T21:48:31.470000Z,73.67
383,20181229T215149Z,1J.TI4A.,"['CH1', 'CH2', 'CHZ']",2018-12-29T21:51:50.230000Z,3.64
384,20181229T215233Z,1J.TI4A.,"['CH1', 'CH2', 'CHZ']",2018-12-29T21:52:33.490000Z,63.1
385,20181229T000226Z,1J.TI3A.,"['CH1', 'CH2', 'CHZ']",2018-12-29T00:02:26.430000Z,15.94
386,20181229T000400Z,1J.TI3A.,"['CH1', 'CH2', 'CHZ']",2018-12-29T00:04:00.660000Z,14.48
387,20181229T001234Z,1J.TI3A.,"['CH1', 'CH2', 'CHZ']",2018-12-29T00:12:34.300000Z,13.15
388,20181229T001410Z,1J.TI3A.,"['CH1', 'CH2', 'CHZ']",2018-12-29T00:14:10.410000Z,18.22
389,20181229T001613Z,1J.TI3A.,"['CH1', 'CH2', 'CHZ']",2018-12-29T00:16:13.810000Z,5.28
390,20181229T001637Z,1J.TI3A.,"['CH1', 'CH2', 'CHZ']",2018-12-29T00:16:37.540000Z,8.65
391,20181229T001713Z,1J.TI3A.,"['CH1', 'CH2', 'CHZ']",2018-12-29T00:17:13.540000Z,9.53
392,20181229T001731Z,1J.TI3A.,"['CH1', 'CH2', 'CHZ']",2018-12-29T00:17:31.700000Z,11.11
393,20181229T001907Z,1J.TI3A.,"['CH1', 'CH2', 'CHZ']",2018-12-29T00:19:16.830000Z,3.41
394,20181229T002334Z,1J.TI3A.,"['CH1', 'CH2', 'CHZ']",2018-12-29T00:23:34.370000Z,17.6
395,20181229T002437Z,1J.TI3A.,"['CH1', 'CH2', 'CHZ']",2018-12-29T00:24:37.360000Z,12.5
396,20181229T002631Z,1J.TI3A.,"['CH1', 'CH2', 'CHZ']",2018-12-29T00:26:31.660000Z,7.56
397,20181229T002730Z,1J.TI3A.,"['CH1', 'CH2', 'CHZ']",2018-12-29T00:27:30.440000Z,51.53
398,20181229T002918Z,1J.TI3A.,"['CH1', 'CH2', 'CHZ']",2018-12-29T00:29:18.530000Z,7.99
399,20181229T003127Z,1J.TI3A.,"['CH1', 'CH2', 'CHZ']",2018-12-29T00:31:27.220000Z,15.19
400,20181229T003225Z,1J.TI3A.,"['CH1', 'CH2', 'CHZ']",2018-12-29T00:32:25.400000Z,9.52
401,20181229T003824Z,1J.TI3A.,"['CH1', 'CH2', 'CHZ']",2018-12-29T00:38:29.790000Z,6.43
402,20181229T004836Z,1J.TI3A.,"['CH1', 'CH2', 'CHZ']",2018-12-29T00:48:36.670000Z,20.85
403,20181229T004910Z,1J.TI3A.,"['CH1', 'CH2', 'CHZ']",2018-12-29T00:49:10.590000Z,6.19
404,20181229T005220Z,1J.TI3A.,"['CH1', 'CH2', 'CHZ']",2018-12-29T00:52:20.990000Z,10.19
405,20181229T005518Z,1J.TI3A.,"['CH1', 'CH2', 'CHZ']",2018-12-29T00:55:18.530000Z,18.59
406,20181229T005600Z,1J.TI3A.,"['CH1', 'CH2', 'CHZ']",2018-12-29T00:56:00.200000Z,5.48
407,20181229T005753Z,1J.TI3A.,"['CH1', 'CH2', 'CHZ']",2018-12-29T00:57:53.530000Z,9.7
408,20181229T010110Z,1J.TI3A.,"['CH1', 'CH2', 'CHZ']",2018-12-29T01:01:10.030000Z,12.27
409,20181229T010143Z,1J.TI3A.,"['CH1', 'CH2', 'CHZ']",2018-12-29T01:01:43.740000Z,18.11
410,20181229T010210Z,1J.TI3A.,"['CH1', 'CH2', 'CHZ']",2018-12-29T01:02:10.610000Z,21.25
411,20181229T010408Z,1J.TI3A.,"['CH1', 'CH2', 'CHZ']",2018-12-29T01:04:08.550000Z,7.91
412,20181229T010528Z,1J.TI3A.,"['CH1', 'CH2', 'CHZ']",2018-12-29T01:05:28.550000Z,6.32
413,20181229T010613Z,1J.TI3A.,"['CH1', 'CH2', 'CHZ']",2018-12-29T01:06:13.950000Z,6.42
414,20181229T011043Z,1J.TI3A.,"['CH1', 'CH2', 'CHZ']",2018-12-29T01:10:43.490000Z,9.18
415,20181229T011608Z,1J.TI3A.,"['CH1', 'CH2', 'CHZ']",2018-12-29T01:16:08.880000Z,8.82
416,20181229T011726Z,1J.TI3A.,"['CH1', 'CH2', 'CHZ']",2018-12-29T01:17:26.960000Z,0.83
417,20181229T011753Z,1J.TI3A.,"['CH1', 'CH2', 'CHZ']",2018-12-29T01:17:53.920000Z,21.29
418,20181229T011956Z,1J.TI3A.,"['CH1', 'CH2', 'CHZ']",2018-12-29T01:20:06.860000Z,7.76
419,20181229T012746Z,1J.TI3A.,"['CH1', 'CH2', 'CHZ']",2018-12-29T01:27:46.590000Z,18.45
420,20181229T012845Z,1J.TI3A.,"['CH1', 'CH2', 'CHZ']",2018-12-29T01:28:45.920000Z,2.39
421,20181229T012853Z,1J.TI3A.,"['CH1', 'CH2', 'CHZ']",2018-12-29T01:28:53.470000Z,9.53
422,20181229T013041Z,1J.TI3A.,"['CH1', 'CH2', 'CHZ']",2018-12-29T01:30:47.340000Z,7.92
423,20181229T013322Z,1J.TI3A.,"['CH1', 'CH2', 'CHZ']",2018-12-29T01:33:22.280000Z,8.19
424,20181229T013702Z,1J.TI3A.,"['CH1', 'CH2', 'CHZ']",2018-12-29T01:37:02.870000Z,2.34
425,20181229T013824Z,1J.TI3A.,"['CH1', 'CH2', 'CHZ']",2018-12-29T01:38:24.420000Z,8.59
426,20181229T014017Z,1J.TI3A.,"['CH1', 'CH2', 'CHZ']",2018-12-29T01:40:17.390000Z,24.09
427,20181229T014258Z,1J.TI3A.,"['CH1', 'CH2', 'CHZ']",2018-12-29T01:42:58.470000Z,5.24
428,20181229T014323Z,1J.TI3A.,"['CH1', 'CH2', 'CHZ']",2018-12-29T01:43:23.790000Z,16.97
429,20181229T014654Z,1J.TI3A.,"['CH1', 'CH2', 'CHZ']",2018-12-29T01:46:54.100000Z,5.89
430,20181229T014937Z,1J.TI3A.,"['CH1', 'CH2', 'CHZ']",2018-12-29T01:49:37.290000Z,6.4
431,20181229T015007Z,1J.TI3A.,"['CH1', 'CH2', 'CHZ']",2018-12-29T01:50:07.770000Z,11.63
432,20181229T015414Z,1J.TI3A.,"['CH1', 'CH2', 'CHZ']",2018-12-29T01:54:14.440000Z,20.57
433,20181229T015840Z,1J.TI3A.,"['CH1', 'CH2', 'CHZ']",2018-12-29T01:58:40.840000Z,6.47
434,20181229T015928Z,1J.TI3A.,"['CH1', 'CH2', 'CHZ']",2018-12-29T01:59:28.520000Z,9.78
435,20181229T020135Z,1J.TI3A.,"['CH1', 'CH2', 'CHZ']",2018-12-29T02:01:35.880000Z,8.29
436,20181229T020220Z,1J.TI3A.,"['CH1', 'CH2', 'CHZ']",2018-12-29T02:02:20.920000Z,18.22
437,20181229T020441Z,1J.TI3A.,"['CH1', 'CH2', 'CHZ']",2018-12-29T02:04:41.420000Z,10.71
438,20181229T021439Z,1J.TI3A.,"['CH1', 'CH2', 'CHZ']",2018-12-29T02:14:39.320000Z,4.67
439,20181229T021750Z,1J.TI3A.,"['CH1', 'CH2', 'CHZ']",2018-12-29T02:17:50.580000Z,18.27
440,20181229T021913Z,1J.TI3A.,"['CH1', 'CH2', 'CHZ']",2018-12-29T02:19:13.960000Z,4.41
441,20181229T022117Z,1J.TI3A.,"['CH1', 'CH2', 'CHZ']",2018-12-29T02:21:17.870000Z,2.05
442,20181229T022240Z,1J.TI3A.,"['CH1', 'CH2', 'CHZ']",2018-12-29T02:22:40.690000Z,22.7
443,20181229T022515Z,1J.TI3A.,"['CH1', 'CH2', 'CHZ']",2018-12-29T02:25:15.090000Z,12.17
444,20181229T022707Z,1J.TI3A.,"['CH1', 'CH2', 'CHZ']",2018-12-29T02:27:07.350000Z,48.72
445,20181229T023919Z,1J.TI3A.,"['CH1', 'CH2', 'CHZ']",2018-12-29T02:39:30.340000Z,12.73
446,20181229T024332Z,1J.TI3A.,"['CH1', 'CH2', 'CHZ']",2018-12-29T02:43:44.220000Z,25.51
447,20181229T024452Z,1J.TI3A.,"['CH1', 'CH2', 'CHZ']",2018-12-29T02:45:07.590000Z,7.03
448,20181229T024602Z,1J.TI3A.,"['CH1', 'CH2', 'CHZ']",2018-12-29T02:46:02.000000Z,10.24
449,20181229T024755Z,1J.TI3A.,"['CH1', 'CH2', 'CHZ']",2018-12-29T02:47:55.920000Z,20.55
450,20181229T025242Z,1J.TI3A.,"['CH1', 'CH2', 'CHZ']",2018-12-29T02:52:42.580000Z,6.53
451,20181229T025750Z,1J.TI3A.,"['CH1', 'CH2', 'CHZ']",2018-12-29T02:57:50.780000Z,21.02
452,20181229T030619Z,1J.TI3A.,"['CH1', 'CH2', 'CHZ']",2018-12-29T03:06:19.920000Z,14.54
453,20181229T031634Z,1J.TI3A.,"['CH1', 'CH2', 'CHZ']",2018-12-29T03:16:34.110000Z,53.27
454,20181229T031810Z,1J.TI3A.,"['CH1', 'CH2', 'CHZ']",2018-12-29T03:18:10.140000Z,12.1
455,20181229T031943Z,1J.TI3A.,"['CH1', 'CH2', 'CHZ']",2018-12-29T03:19:43.180000Z,3.3
456,20181229T032122Z,1J.TI3A.,"['CH1', 'CH2', 'CHZ']",2018-12-29T03:21:22.880000Z,10.58
457,20181229T032251Z,1J.TI3A.,"['CH1', 'CH2', 'CHZ']",2018-12-29T03:22:51.930000Z,6.06
458,20181229T032716Z,1J.TI3A.,"['CH1', 'CH2', 'CHZ']",2018-12-29T03:27:16.170000Z,20.59
459,20181229T032936Z,1J.TI3A.,"['CH1', 'CH2', 'CHZ']",2018-12-29T03:29:36.090000Z,24.09
460,20181229T033159Z,1J.TI3A.,"['CH1', 'CH2', 'CHZ']",2018-12-29T03:31:59.100000Z,9.33
461,20181229T033227Z,1J.TI3A.,"['CH1', 'CH2', 'CHZ']",2018-12-29T03:32:27.720000Z,16.97
462,20181229T033330Z,1J.TI3A.,"['CH1', 'CH2', 'CHZ']",2018-12-29T03:33:37.020000Z,2.49
463,20181229T033929Z,1J.TI3A.,"['CH1', 'CH2', 'CHZ']",2018-12-29T03:39:29.840000Z,18.48
464,20181229T034452Z,1J.TI3A.,"['CH1', 'CH2', 'CHZ']",2018-12-29T03:44:52.810000Z,7.54
465,20181229T034630Z,1J.TI3A.,"['CH1', 'CH2', 'CHZ']",2018-12-29T03:46:30.850000Z,42.19
466,20181229T035037Z,1J.TI3A.,"['CH1', 'CH2', 'CHZ']",2018-12-29T03:50:37.950000Z,48.75
467,20181229T035350Z,1J.TI3A.,"['CH1', 'CH2', 'CHZ']",2018-12-29T03:53:50.820000Z,4.8
468,20181229T035708Z,1J.TI3A.,"['CH1', 'CH2', 'CHZ']",2018-12-29T03:57:08.490000Z,8.71
469,20181229T040429Z,1J.TI3A.,"['CH1', 'CH2', 'CHZ']",2018-12-29T04:04:29.180000Z,19.41
470,20181229T040539Z,1J.TI3A.,"['CH1', 'CH2', 'CHZ']",2018-12-29T04:05:39.960000Z,2.28
471,20181229T040956Z,1J.TI3A.,"['CH1', 'CH2', 'CHZ']",2018-12-29T04:09:56.140000Z,12.52
472,20181229T041232Z,1J.TI3A.,"['CH1', 'CH2', 'CHZ']",2018-12-29T04:12:32.510000Z,19.99
473,20181229T041633Z,1J.TI3A.,"['CH1', 'CH2', 'CHZ']",2018-12-29T04:16:33.950000Z,19.82
474,20181229T042117Z,1J.TI3A.,"['CH1', 'CH2', 'CHZ']",2018-12-29T04:21:17.680000Z,50.22
475,20181229T042954Z,1J.TI3A.,"['CH1', 'CH2', 'CHZ']",2018-12-29T04:29:54.600000Z,17.84
476,20181229T043548Z,1J.TI3A.,"['CH1', 'CH2', 'CHZ']",2018-12-29T04:35:48.310000Z,10.65
477,20181229T043616Z,1J.TI3A.,"['CH1', 'CH2', 'CHZ']",2018-12-29T04:36:16.090000Z,17.46
478,20181229T044133Z,1J.TI3A.,"['CH1', 'CH2', 'CHZ']",2018-12-29T04:41:33.510000Z,23.25
479,20181229T044341Z,1J.TI3A.,"['CH1', 'CH2', 'CHZ']",2018-12-29T04:43:42.560000Z,16.45
480,20181229T044837Z,1J.TI3A.,"['CH1', 'CH2', 'CHZ']",2018-12-29T04:48:37.210000Z,8.8
481,20181229T045350Z,1J.TI3A.,"['CH1', 'CH2', 'CHZ']",2018-12-29T04:53:57.640000Z,18.56
482,20181229T045547Z,1J.TI3A.,"['CH1', 'CH2', 'CHZ']",2018-12-29T04:55:47.820000Z,1.78
483,20181229T045826Z,1J.TI3A.,"['CH1', 'CH2', 'CHZ']",2018-12-29T04:58:26.650000Z,15.62
484,20181229T050146Z,1J.TI3A.,"['CH1', 'CH2', 'CHZ']",2018-12-29T05:01:46.790000Z,15.26
485,20181229T050639Z,1J.TI3A.,"['CH1', 'CH2', 'CHZ']",2018-12-29T05:06:39.230000Z,11.88
486,20181229T050811Z,1J.TI3A.,"['CH1', 'CH2', 'CHZ']",2018-12-29T05:08:15.630000Z,22.01
487,20181229T050944Z,1J.TI3A.,"['CH1', 'CH2', 'CHZ']",2018-12-29T05:09:50.610000Z,19.5
488,20181229T051346Z,1J.TI3A.,"['CH1', 'CH2', 'CHZ']",2018-12-29T05:13:46.550000Z,10.59
489,20181229T051646Z,1J.TI3A.,"['CH1', 'CH2', 'CHZ']",2018-12-29T05:16:50.330000Z,5.65
490,20181229T052430Z,1J.TI3A.,"['CH1', 'CH2', 'CHZ']",2018-12-29T05:24:32.330000Z,18.92
491,20181229T052553Z,1J.TI3A.,"['CH1', 'CH2', 'CHZ']",2018-12-29T05:25:53.910000Z,4.55
492,20181229T052605Z,1J.TI3A.,"['CH1', 'CH2', 'CHZ']",2018-12-29T05:26:06.130000Z,4.79
493,20181229T052651Z,1J.TI3A.,"['CH1', 'CH2', 'CHZ']",2018-12-29T05:26:51.430000Z,3.63
494,20181229T053047Z,1J.TI3A.,"['CH1', 'CH2', 'CHZ']",2018-12-29T05:30:47.000000Z,1.27
495,20181229T053205Z,1J.TI3A.,"['CH1', 'CH2', 'CHZ']",2018-12-29T05:32:05.060000Z,48.83
496,20181229T053718Z,1J.TI3A.,"['CH1', 'CH2', 'CHZ']",2018-12-29T05:37:18.440000Z,8.61
497,20181229T053816Z,1J.TI3A.,"['CH1', 'CH2', 'CHZ']",2018-12-29T05:38:16.560000Z,27.35
498,20181229T053932Z,1J.TI3A.,"['CH1', 'CH2', 'CHZ']",2018-12-29T05:39:32.910000Z,15.27
499,20181229T054139Z,1J.TI3A.,"['CH1', 'CH2', 'CHZ']",2018-12-29T05:41:40.490000Z,11.69
500,20181229T054236Z,1J.TI3A.,"['CH1', 'CH2', 'CHZ']",2018-12-29T05:42:36.340000Z,7.05
501,20181229T054438Z,1J.TI3A.,"['CH1', 'CH2', 'CHZ']",2018-12-29T05:44:38.890000Z,16.76
502,20181229T054734Z,1J.TI3A.,"['CH1', 'CH2', 'CHZ']",2018-12-29T05:47:34.510000Z,49.12
503,20181229T055345Z,1J.TI3A.,"['CH1', 'CH2', 'CHZ']",2018-12-29T05:53:45.610000Z,7.85
504,20181229T055641Z,1J.TI3A.,"['CH1', 'CH2', 'CHZ']",2018-12-29T05:56:41.720000Z,20.06
505,20181229T060238Z,1J.TI3A.,"['CH1', 'CH2', 'CHZ']",2018-12-29T06:02:38.470000Z,3.37
506,20181229T060712Z,1J.TI3A.,"['CH1', 'CH2', 'CHZ']",2018-12-29T06:07:13.500000Z,11.47
507,20181229T061243Z,1J.TI3A.,"['CH1', 'CH2', 'CHZ']",2018-12-29T06:12:43.600000Z,28.92
508,20181229T062649Z,1J.TI3A.,"['CH1', 'CH2', 'CHZ']",2018-12-29T06:26:49.190000Z,31.9
509,20181229T062854Z,1J.TI3A.,"['CH1', 'CH2', 'CHZ']",2018-12-29T06:28:54.740000Z,8.15
510,20181229T063010Z,1J.TI3A.,"['CH1', 'CH2', 'CHZ']",2018-12-29T06:30:16.430000Z,4.77
511,20181229T063508Z,1J.TI3A.,"['CH1', 'CH2', 'CHZ']",2018-12-29T06:35:08.890000Z,23.65
512,20181229T063710Z,1J.TI3A.,"['CH1', 'CH2', 'CHZ']",2018-12-29T06:37:10.130000Z,16.58
513,20181229T063932Z,1J.TI3A.,"['CH1', 'CH2', 'CHZ']",2018-12-29T06:39:32.430000Z,8.87
514,20181229T064118Z,1J.TI3A.,"['CH1', 'CH2', 'CHZ']",2018-12-29T06:41:18.580000Z,8.02
515,20181229T064143Z,1J.TI3A.,"['CH1', 'CH2', 'CHZ']",2018-12-29T06:41:43.150000Z,14.38
516,20181229T064315Z,1J.TI3A.,"['CH1', 'CH2', 'CHZ']",2018-12-29T06:43:15.880000Z,14.66
517,20181229T064702Z,1J.TI3A.,"['CH1', 'CH2', 'CHZ']",2018-12-29T06:47:02.100000Z,10.02
518,20181229T065603Z,1J.TI3A.,"['CH1', 'CH2', 'CHZ']",2018-12-29T06:56:03.800000Z,18.07
519,20181229T070328Z,1J.TI3A.,"['CH1', 'CH2', 'CHZ']",2018-12-29T07:03:41.980000Z,18.23
520,20181229T070411Z,1J.TI3A.,"['CH1', 'CH2', 'CHZ']",2018-12-29T07:04:11.890000Z,17.16
521,20181229T070547Z,1J.TI3A.,"['CH1', 'CH2', 'CHZ']",2018-12-29T07:05:49.130000Z,4.38
522,20181229T070615Z,1J.TI3A.,"['CH1', 'CH2', 'CHZ']",2018-12-29T07:06:15.870000Z,14.77
523,20181229T070758Z,1J.TI3A.,"['CH1', 'CH2', 'CHZ']",2018-12-29T07:07:59.210000Z,6.76
524,20181229T070914Z,1J.TI3A.,"['CH1', 'CH2', 'CHZ']",2018-12-29T07:09:15.340000Z,11.47
525,20181229T070949Z,1J.TI3A.,"['CH1', 'CH2', 'CHZ']",2018-12-29T07:09:49.170000Z,6.66
526,20181229T071049Z,1J.TI3A.,"['CH1', 'CH2', 'CHZ']",2018-12-29T07:10:52.970000Z,5.6
527,20181229T071343Z,1J.TI3A.,"['CH1', 'CH2', 'CHZ']",2018-12-29T07:13:47.980000Z,18.48
528,20181229T071531Z,1J.TI3A.,"['CH1', 'CH2', 'CHZ']",2018-12-29T07:15:31.000000Z,1.65
529,20181229T071828Z,1J.TI3A.,"['CH1', 'CH2', 'CHZ']",2018-12-29T07:18:28.420000Z,31.45
530,20181229T072144Z,1J.TI3A.,"['CH1', 'CH2', 'CHZ']",2018-12-29T07:21:45.310000Z,29.8
531,20181229T072253Z,1J.TI3A.,"['CH1', 'CH2', 'CHZ']",2018-12-29T07:22:54.430000Z,7.2
532,20181229T073101Z,1J.TI3A.,"['CH1', 'CH2', 'CHZ']",2018-12-29T07:31:01.610000Z,18.77
533,20181229T073339Z,1J.TI3A.,"['CH1', 'CH2', 'CHZ']",2018-12-29T07:33:40.630000Z,7.18
534,20181229T074132Z,1J.TI3A.,"['CH1', 'CH2', 'CHZ']",2018-12-29T07:41:32.920000Z,18.28
535,20181229T074312Z,1J.TI3A.,"['CH1', 'CH2', 'CHZ']",2018-12-29T07:43:12.160000Z,0.73
536,20181229T074504Z,1J.TI3A.,"['CH1', 'CH2', 'CHZ']",2018-12-29T07:45:04.970000Z,19.25
537,20181229T074559Z,1J.TI3A.,"['CH1', 'CH2', 'CHZ']",2018-12-29T07:46:00.200000Z,9.07
538,20181229T074710Z,1J.TI3A.,"['CH1', 'CH2', 'CHZ']",2018-12-29T07:47:16.930000Z,25.21
539,20181229T075809Z,1J.TI3A.,"['CH1', 'CH2', 'CHZ']",2018-12-29T07:58:09.620000Z,17.81
540,20181229T075835Z,1J.TI3A.,"['CH1', 'CH2', 'CHZ']",2018-12-29T07:58:35.070000Z,11.84
541,20181229T080231Z,1J.TI3A.,"['CH1', 'CH2', 'CHZ']",2018-12-29T08:02:31.220000Z,12.21
542,20181229T080348Z,1J.TI3A.,"['CH1', 'CH2', 'CHZ']",2018-12-29T08:03:48.620000Z,23.08
543,20181229T081111Z,1J.TI3A.,"['CH1', 'CH2', 'CHZ']",2018-12-29T08:11:12.890000Z,15.67
544,20181229T081221Z,1J.TI3A.,"['CH1', 'CH2', 'CHZ']",2018-12-29T08:12:21.800000Z,2.41
545,20181229T082032Z,1J.TI3A.,"['CH1', 'CH2', 'CHZ']",2018-12-29T08:20:32.270000Z,21.98
546,20181229T082314Z,1J.TI3A.,"['CH1', 'CH2', 'CHZ']",2018-12-29T08:23:15.740000Z,7.07
547,20181229T082456Z,1J.TI3A.,"['CH1', 'CH2', 'CHZ']",2018-12-29T08:24:57.630000Z,6.05
548,20181229T082634Z,1J.TI3A.,"['CH1', 'CH2', 'CHZ']",2018-12-29T08:26:34.220000Z,34.14
549,20181229T082902Z,1J.TI3A.,"['CH1', 'CH2', 'CHZ']",2018-12-29T08:29:02.720000Z,1.62
550,20181229T083314Z,1J.TI3A.,"['CH1', 'CH2', 'CHZ']",2018-12-29T08:33:14.490000Z,20.93
551,20181229T083552Z,1J.TI3A.,"['CH1', 'CH2', 'CHZ']",2018-12-29T08:35:52.610000Z,13.08
552,20181229T083659Z,1J.TI3A.,"['CH1', 'CH2', 'CHZ']",2018-12-29T08:36:59.900000Z,50.13
553,20181229T084459Z,1J.TI3A.,"['CH1', 'CH2', 'CHZ']",2018-12-29T08:44:59.030000Z,1.49
554,20181229T084909Z,1J.TI3A.,"['CH1', 'CH2', 'CHZ']",2018-12-29T08:49:09.820000Z,11.49
555,20181229T085125Z,1J.TI3A.,"['CH1', 'CH2', 'CHZ']",2018-12-29T08:51:25.720000Z,21.23
556,20181229T085242Z,1J.TI3A.,"['CH1', 'CH2', 'CHZ']",2018-12-29T08:52:42.370000Z,6.62
557,20181229T085454Z,1J.TI3A.,"['CH1', 'CH2', 'CHZ']",2018-12-29T08:54:54.080000Z,18.26
558,20181229T090020Z,1J.TI3A.,"['CH1', 'CH2', 'CHZ']",2018-12-29T09:00:20.480000Z,17.67
559,20181229T090231Z,1J.TI3A.,"['CH1', 'CH2', 'CHZ']",2018-12-29T09:02:31.860000Z,10.32
560,20181229T090914Z,1J.TI3A.,"['CH1', 'CH2', 'CHZ']",2018-12-29T09:09:14.970000Z,6.84
561,20181229T091137Z,1J.TI3A.,"['CH1', 'CH2', 'CHZ']",2018-12-29T09:11:37.630000Z,19.66
562,20181229T091230Z,1J.TI3A.,"['CH1', 'CH2', 'CHZ']",2018-12-29T09:12:30.700000Z,2.96
563,20181229T091258Z,1J.TI3A.,"['CH1', 'CH2', 'CHZ']",2018-12-29T09:12:58.070000Z,17.18
564,20181229T091510Z,1J.TI3A.,"['CH1', 'CH2', 'CHZ']",2018-12-29T09:15:10.490000Z,1.27
565,20181229T091745Z,1J.TI3A.,"['CH1', 'CH2', 'CHZ']",2018-12-29T09:17:46.350000Z,23.5
566,20181229T091837Z,1J.TI3A.,"['CH1', 'CH2', 'CHZ']",2018-12-29T09:18:37.370000Z,4.71
567,20181229T092405Z,1J.TI3A.,"['CH1', 'CH2', 'CHZ']",2018-12-29T09:24:05.120000Z,18.4
568,20181229T092544Z,1J.TI3A.,"['CH1', 'CH2', 'CHZ']",2018-12-29T09:25:44.770000Z,3.87
569,20181229T093014Z,1J.TI3A.,"['CH1', 'CH2', 'CHZ']",2018-12-29T09:30:14.210000Z,13.54
570,20181229T093501Z,1J.TI3A.,"['CH1', 'CH2', 'CHZ']",2018-12-29T09:35:01.450000Z,18.0
571,20181229T093710Z,1J.TI3A.,"['CH1', 'CH2', 'CHZ']",2018-12-29T09:37:12.210000Z,74.52
572,20181229T094239Z,1J.TI3A.,"['CH1', 'CH2', 'CHZ']",2018-12-29T09:42:39.560000Z,6.61
573,20181229T094717Z,1J.TI3A.,"['CH1', 'CH2', 'CHZ']",2018-12-29T09:47:21.350000Z,43.7
574,20181229T094953Z,1J.TI3A.,"['CH1', 'CH2', 'CHZ']",2018-12-29T09:49:53.490000Z,10.24
575,20181229T095036Z,1J.TI3A.,"['CH1', 'CH2', 'CHZ']",2018-12-29T09:50:36.480000Z,7.21
576,20181229T095224Z,1J.TI3A.,"['CH1', 'CH2', 'CHZ']",2018-12-29T09:52:24.430000Z,8.7
577,20181229T095504Z,1J.TI3A.,"['CH1', 'CH2', 'CHZ']",2018-12-29T09:55:19.430000Z,12.9
578,20181229T095609Z,1J.TI3A.,"['CH1', 'CH2', 'CHZ']",2018-12-29T09:56:19.060000Z,9.77
579,20181229T100631Z,1J.TI3A.,"['CH1', 'CH2', 'CHZ']",2018-12-29T10:06:31.640000Z,18.48
580,20181229T100811Z,1J.TI3A.,"['CH1', 'CH2', 'CHZ']",2018-12-29T10:08:12.840000Z,10.13
581,20181229T101219Z,1J.TI3A.,"['CH1', 'CH2', 'CHZ']",2018-12-29T10:12:19.170000Z,3.0
582,20181229T101242Z,1J.TI3A.,"['CH1', 'CH2', 'CHZ']",2018-12-29T10:12:42.350000Z,4.42
583,20181229T101300Z,1J.TI3A.,"['CH1', 'CH2', 'CHZ']",2018-12-29T10:13:00.530000Z,20.13
584,20181229T101414Z,1J.TI3A.,"['CH1', 'CH2', 'CHZ']",2018-12-29T10:14:14.310000Z,2.39
585,20181229T101436Z,1J.TI3A.,"['CH1', 'CH2', 'CHZ']",2018-12-29T10:14:36.840000Z,1.93
586,20181229T101545Z,1J.TI3A.,"['CH1', 'CH2', 'CHZ']",2018-12-29T10:15:45.330000Z,2.86
587,20181229T101805Z,1J.TI3A.,"['CH1', 'CH2', 'CHZ']",2018-12-29T10:18:05.360000Z,11.28
588,20181229T102311Z,1J.TI3A.,"['CH1', 'CH2', 'CHZ']",2018-12-29T10:23:11.880000Z,1.58
589,20181229T102449Z,1J.TI3A.,"['CH1', 'CH2', 'CHZ']",2018-12-29T10:24:49.660000Z,18.87
590,20181229T102542Z,1J.TI3A.,"['CH1', 'CH2', 'CHZ']",2018-12-29T10:25:57.040000Z,20.29
591,20181229T103500Z,1J.TI3A.,"['CH1', 'CH2', 'CHZ']",2018-12-29T10:35:23.500000Z,50.61
592,20181229T103756Z,1J.TI3A.,"['CH1', 'CH2', 'CHZ']",2018-12-29T10:37:57.730000Z,6.48
593,20181229T104236Z,1J.TI3A.,"['CH1', 'CH2', 'CHZ']",2018-12-29T10:42:36.150000Z,22.56
594,20181229T104541Z,1J.TI3A.,"['CH1', 'CH2', 'CHZ']",2018-12-29T10:45:41.650000Z,15.22
595,20181229T104749Z,1J.TI3A.,"['CH1', 'CH2', 'CHZ']",2018-12-29T10:47:51.240000Z,1.45
596,20181229T104800Z,1J.TI3A.,"['CH1', 'CH2', 'CHZ']",2018-12-29T10:48:00.160000Z,13.3
597,20181229T105015Z,1J.TI3A.,"['CH1', 'CH2', 'CHZ']",2018-12-29T10:50:15.380000Z,13.54
598,20181229T105141Z,1J.TI3A.,"['CH1', 'CH2', 'CHZ']",2018-12-29T10:51:42.520000Z,10.28
599,20181229T105239Z,1J.TI3A.,"['CH1', 'CH2', 'CHZ']",2018-12-29T10:53:09.210000Z,8.65
600,20181229T105628Z,1J.TI3A.,"['CH1', 'CH2', 'CHZ']",2018-12-29T10:56:28.050000Z,20.57
601,20181229T105907Z,1J.TI3A.,"['CH1', 'CH2', 'CHZ']",2018-12-29T10:59:07.310000Z,17.1
602,20181229T110331Z,1J.TI3A.,"['CH1', 'CH2', 'CHZ']",2018-12-29T11:03:31.770000Z,14.32
603,20181229T111129Z,1J.TI3A.,"['CH1', 'CH2', 'CHZ']",2018-12-29T11:11:29.510000Z,13.84
604,20181229T111153Z,1J.TI3A.,"['CH1', 'CH2', 'CHZ']",2018-12-29T11:11:53.220000Z,17.77
605,20181229T111602Z,1J.TI3A.,"['CH1', 'CH2', 'CHZ']",2018-12-29T11:16:02.690000Z,37.88
606,20181229T112046Z,1J.TI3A.,"['CH1', 'CH2', 'CHZ']",2018-12-29T11:20:52.840000Z,6.56
607,20181229T112502Z,1J.TI3A.,"['CH1', 'CH2', 'CHZ']",2018-12-29T11:25:03.280000Z,23.02
608,20181229T112611Z,1J.TI3A.,"['CH1', 'CH2', 'CHZ']",2018-12-29T11:26:11.180000Z,5.9
609,20181229T112640Z,1J.TI3A.,"['CH1', 'CH2', 'CHZ']",2018-12-29T11:26:40.920000Z,17.37
610,20181229T112813Z,1J.TI3A.,"['CH1', 'CH2', 'CHZ']",2018-12-29T11:28:14.380000Z,5.96
611,20181229T112930Z,1J.TI3A.,"['CH1', 'CH2', 'CHZ']",2018-12-29T11:29:40.600000Z,2.31
612,20181229T113313Z,1J.TI3A.,"['CH1', 'CH2', 'CHZ']",2018-12-29T11:33:13.240000Z,14.7
613,20181229T113340Z,1J.TI3A.,"['CH1', 'CH2', 'CHZ']",2018-12-29T11:33:40.070000Z,19.94
614,20181229T114008Z,1J.TI3A.,"['CH1', 'CH2', 'CHZ']",2018-12-29T11:40:22.960000Z,14.5
615,20181229T114545Z,1J.TI3A.,"['CH1', 'CH2', 'CHZ']",2018-12-29T11:45:45.340000Z,56.19
616,20181229T114654Z,1J.TI3A.,"['CH1', 'CH2', 'CHZ']",2018-12-29T11:46:54.550000Z,16.99
617,20181229T115013Z,1J.TI3A.,"['CH1', 'CH2', 'CHZ']",2018-12-29T11:50:13.760000Z,6.1
618,20181229T115546Z,1J.TI3A.,"['CH1', 'CH2', 'CHZ']",2018-12-29T11:55:46.230000Z,18.05
619,20181229T115917Z,1J.TI3A.,"['CH1', 'CH2', 'CHZ']",2018-12-29T11:59:17.430000Z,46.69
620,20181229T120039Z,1J.TI3A.,"['CH1', 'CH2', 'CHZ']",2018-12-29T12:00:41.140000Z,2.76
621,20181229T120806Z,1J.TI3A.,"['CH1', 'CH2', 'CHZ']",2018-12-29T12:08:06.890000Z,2.61
622,20181229T121043Z,1J.TI3A.,"['CH1', 'CH2', 'CHZ']",2018-12-29T12:10:43.540000Z,2.53
623,20181229T122350Z,1J.TI3A.,"['CH1', 'CH2', 'CHZ']",2018-12-29T12:23:50.830000Z,11.62
624,20181229T122605Z,1J.TI3A.,"['CH1', 'CH2', 'CHZ']",2018-12-29T12:26:05.050000Z,0.79
625,20181229T122715Z,1J.TI3A.,"['CH1', 'CH2', 'CHZ']",2018-12-29T12:27:15.850000Z,1.01
626,20181229T122935Z,1J.TI3A.,"['CH1', 'CH2', 'CHZ']",2018-12-29T12:30:01.910000Z,17.0
627,20181229T123224Z,1J.TI3A.,"['CH1', 'CH2', 'CHZ']",2018-12-29T12:32:26.500000Z,3.63
628,20181229T123958Z,1J.TI3A.,"['CH1', 'CH2', 'CHZ']",2018-12-29T12:39:58.690000Z,12.14
629,20181229T124603Z,1J.TI3A.,"['CH1', 'CH2', 'CHZ']",2018-12-29T12:46:03.730000Z,1.07
630,20181229T124703Z,1J.TI3A.,"['CH1', 'CH2', 'CHZ']",2018-12-29T12:47:03.340000Z,1.8
631,20181229T124823Z,1J.TI3A.,"['CH1', 'CH2', 'CHZ']",2018-12-29T12:48:23.440000Z,1.03
632,20181229T125127Z,1J.TI3A.,"['CH1', 'CH2', 'CHZ']",2018-12-29T12:51:33.700000Z,5.9
633,20181229T125203Z,1J.TI3A.,"['CH1', 'CH2', 'CHZ']",2018-12-29T12:52:03.920000Z,1.03
634,20181229T125352Z,1J.TI3A.,"['CH1', 'CH2', 'CHZ']",2018-12-29T12:54:02.210000Z,0.95
635,20181229T125552Z,1J.TI3A.,"['CH1', 'CH2', 'CHZ']",2018-12-29T12:55:52.190000Z,5.28
636,20181229T130347Z,1J.TI3A.,"['CH1', 'CH2', 'CHZ']",2018-12-29T13:03:47.480000Z,5.12
637,20181229T132325Z,1J.TI3A.,"['CH1', 'CH2', 'CHZ']",2018-12-29T13:23:25.170000Z,0.83
638,20181229T132603Z,1J.TI3A.,"['CH1', 'CH2', 'CHZ']",2018-12-29T13:26:03.110000Z,1.78
639,20181229T132836Z,1J.TI3A.,"['CH1', 'CH2', 'CHZ']",2018-12-29T13:28:36.270000Z,6.47
640,20181229T133135Z,1J.TI3A.,"['CH1', 'CH2', 'CHZ']",2018-12-29T13:31:35.720000Z,1.88
641,20181229T133229Z,1J.TI3A.,"['CH1', 'CH2', 'CHZ']",2018-12-29T13:32:29.890000Z,1.4
642,20181229T134415Z,1J.TI3A.,"['CH1', 'CH2', 'CHZ']",2018-12-29T13:44:42.030000Z,18.31
643,20181229T135907Z,1J.TI3A.,"['CH1', 'CH2', 'CHZ']",2018-12-29T13:59:07.280000Z,2.6
644,20181229T141051Z,1J.TI3A.,"['CH1', 'CH2', 'CHZ']",2018-12-29T14:10:51.680000Z,1.17
645,20181229T145317Z,1J.TI3A.,"['CH1', 'CH2', 'CHZ']",2018-12-29T14:53:17.730000Z,6.42
646,20181229T145446Z,1J.TI3A.,"['CH1', 'CH2', 'CHZ']",2018-12-29T14:54:46.030000Z,4.34
647,20181229T150047Z,1J.TI3A.,"['CH1', 'CH2', 'CHZ']",2018-12-29T15:00:47.600000Z,1.26
648,20181229T150440Z,1J.TI3A.,"['CH1', 'CH2', 'CHZ']",2018-12-29T15:04:40.610000Z,1.42
649,20181229T152207Z,1J.TI3A.,"['CH1', 'CH2', 'CHZ']",2018-12-29T15:22:07.280000Z,2.32
650,20181229T153738Z,1J.TI3A.,"['CH1', 'CH2', 'CHZ']",2018-12-29T15:37:38.140000Z,2.07
651,20181229T153943Z,1J.TI3A.,"['CH1', 'CH2', 'CHZ']",2018-12-29T15:39:43.760000Z,1.23
652,20181229T154731Z,1J.TI3A.,"['CH1', 'CH2', 'CHZ']",2018-12-29T15:47:31.990000Z,1.11
653,20181229T154823Z,1J.TI3A.,"['CH1', 'CH2', 'CHZ']",2018-12-29T15:48:23.300000Z,2.64
654,20181229T155043Z,1J.TI3A.,"['CH1', 'CH2', 'CHZ']",2018-12-29T15:51:10.900000Z,7.64
655,20181229T163635Z,1J.TI3A.,"['CH1', 'CH2', 'CHZ']",2018-12-29T16:36:35.190000Z,2.55
656,20181229T164656Z,1J.TI3A.,"['CH1', 'CH2', 'CHZ']",2018-12-29T16:46:56.320000Z,4.28
657,20181229T165601Z,1J.TI3A.,"['CH1', 'CH2', 'CHZ']",2018-12-29T16:56:01.340000Z,15.72
658,20181229T165721Z,1J.TI3A.,"['CH1', 'CH2', 'CHZ']",2018-12-29T16:57:22.450000Z,3.98
659,20181229T170332Z,1J.TI3A.,"['CH1', 'CH2', 'CHZ']",2018-12-29T17:03:35.050000Z,7.74
660,20181229T172318Z,1J.TI3A.,"['CH1', 'CH2', 'CHZ']",2018-12-29T17:23:18.510000Z,6.16
661,20181229T172956Z,1J.TI3A.,"['CH1', 'CH2', 'CHZ']",2018-12-29T17:29:56.990000Z,10.39
662,20181229T173314Z,1J.TI3A.,"['CH1', 'CH2', 'CHZ']",2018-12-29T17:33:14.380000Z,3.22
663,20181229T175952Z,1J.TI3A.,"['CH1', 'CH2', 'CHZ']",2018-12-29T17:59:54.330000Z,10.04
664,20181229T180726Z,1J.TI3A.,"['CH1', 'CH2', 'CHZ']",2018-12-29T18:07:26.850000Z,3.76
665,20181229T181029Z,1J.TI3A.,"['CH1', 'CH2', 'CHZ']",2018-12-29T18:10:32.320000Z,9.13
666,20181229T181055Z,1J.TI3A.,"['CH1', 'CH2', 'CHZ']",2018-12-29T18:10:55.040000Z,18.15
667,20181229T181723Z,1J.TI3A.,"['CH1', 'CH2', 'CHZ']",2018-12-29T18:17:46.050000Z,6.44
668,20181229T182811Z,1J.TI3A.,"['CH1', 'CH2', 'CHZ']",2018-12-29T18:28:11.270000Z,10.36
669,20181229T183019Z,1J.TI3A.,"['CH1', 'CH2', 'CHZ']",2018-12-29T18:30:26.010000Z,23.12
670,20181229T183755Z,1J.TI3A.,"['CH1', 'CH2', 'CHZ']",2018-12-29T18:37:55.310000Z,10.0
671,20181229T184337Z,1J.TI3A.,"['CH1', 'CH2', 'CHZ']",2018-12-29T18:43:37.280000Z,5.68
672,20181229T184554Z,1J.TI3A.,"['CH1', 'CH2', 'CHZ']",2018-12-29T18:45:54.930000Z,1.17
673,20181229T185017Z,1J.TI3A.,"['CH1', 'CH2', 'CHZ']",2018-12-29T18:50:26.470000Z,13.68
674,20181229T185817Z,1J.TI3A.,"['CH1', 'CH2', 'CHZ']",2018-12-29T18:58:18.490000Z,8.03
675,20181229T190351Z,1J.TI3A.,"['CH1', 'CH2', 'CHZ']",2018-12-29T19:03:53.620000Z,11.3
676,20181229T190454Z,1J.TI3A.,"['CH1', 'CH2', 'CHZ']",2018-12-29T19:04:54.570000Z,12.94
677,20181229T191937Z,1J.TI3A.,"['CH1', 'CH2', 'CHZ']",2018-12-29T19:19:37.370000Z,8.15
678,20181229T192249Z,1J.TI3A.,"['CH1', 'CH2', 'CHZ']",2018-12-29T19:22:49.170000Z,1.64
679,20181229T192428Z,1J.TI3A.,"['CH1', 'CH2', 'CHZ']",2018-12-29T19:24:28.050000Z,3.77
680,20181229T194307Z,1J.TI3A.,"['CH1', 'CH2', 'CHZ']",2018-12-29T19:43:07.770000Z,6.46
681,20181229T195223Z,1J.TI3A.,"['CH1', 'CH2', 'CHZ']",2018-12-29T19:52:23.710000Z,10.41
682,20181229T195240Z,1J.TI3A.,"['CH1', 'CH2', 'CHZ']",2018-12-29T19:53:04.730000Z,7.22
683,20181229T200149Z,1J.TI3A.,"['CH1', 'CH2', 'CHZ']",2018-12-29T20:01:49.620000Z,1.38
684,20181229T200623Z,1J.TI3A.,"['CH1', 'CH2', 'CHZ']",2018-12-29T20:06:24.660000Z,4.16
685,20181229T202127Z,1J.TI3A.,"['CH1', 'CH2', 'CHZ']",2018-12-29T20:21:44.470000Z,46.72
686,20181229T202710Z,1J.TI3A.,"['CH1', 'CH2', 'CHZ']",2018-12-29T20:27:12.680000Z,1.64
687,20181229T202841Z,1J.TI3A.,"['CH1', 'CH2', 'CHZ']",2018-12-29T20:28:44.620000Z,6.66
688,20181229T203558Z,1J.TI3A.,"['CH1', 'CH2', 'CHZ']",2018-12-29T20:35:58.990000Z,1.41
689,20181229T203606Z,1J.TI3A.,"['CH1', 'CH2', 'CHZ']",2018-12-29T20:36:06.150000Z,5.06
690,20181229T204400Z,1J.TI3A.,"['CH1', 'CH2', 'CHZ']",2018-12-29T20:44:00.160000Z,6.23
691,20181229T210546Z,1J.TI3A.,"['CH1', 'CH2', 'CHZ']",2018-12-29T21:05:46.920000Z,12.19
692,20181229T212405Z,1J.TI3A.,"['CH1', 'CH2', 'CHZ']",2018-12-29T21:24:18.740000Z,6.3
693,20181229T213319Z,1J.TI3A.,"['CH1', 'CH2', 'CHZ']",2018-12-29T21:33:19.670000Z,8.39
694,20181229T214036Z,1J.TI3A.,"['CH1', 'CH2', 'CHZ']",2018-12-29T21:40:36.310000Z,5.57
695,20181229T214241Z,1J.TI3A.,"['CH1', 'CH2', 'CHZ']",2018-12-29T21:42:41.460000Z,1.11
696,20181229T215631Z,1J.TI3A.,"['CH1', 'CH2', 'CHZ']",2018-12-29T21:56:31.980000Z,2.66
697,20181229T215814Z,1J.TI3A.,"['CH1', 'CH2', 'CHZ']",2018-12-29T21:58:14.660000Z,11.8
698,20181229T220106Z,1J.TI3A.,"['CH1', 'CH2', 'CHZ']",2018-12-29T22:01:06.300000Z,9.78
699,20181229T220158Z,1J.TI3A.,"['CH1', 'CH2', 'CHZ']",2018-12-29T22:01:58.990000Z,5.14
700,20181229T220514Z,1J.TI3A.,"['CH1', 'CH2', 'CHZ']",2018-12-29T22:05:23.990000Z,9.51
701,20181229T221438Z,1J.TI3A.,"['CH1', 'CH2', 'CHZ']",2018-12-29T22:14:38.180000Z,8.97
702,20181229T222523Z,1J.TI3A.,"['CH1', 'CH2', 'CHZ']",2018-12-29T22:25:43.480000Z,10.49
703,20181229T223134Z,1J.TI3A.,"['CH1', 'CH2', 'CHZ']",2018-12-29T22:31:36.570000Z,10.28
704,20181229T224712Z,1J.TI3A.,"['CH1', 'CH2', 'CHZ']",2018-12-29T22:47:12.360000Z,10.27
705,20181229T230540Z,1J.TI3A.,"['CH1', 'CH2', 'CHZ']",2018-12-29T23:05:40.690000Z,1.66
706,20181229T230830Z,1J.TI3A.,"['CH1', 'CH2', 'CHZ']",2018-12-29T23:08:30.670000Z,9.34
707,20181229T233017Z,1J.TI3A.,"['CH1', 'CH2', 'CHZ']",2018-12-29T23:30:17.700000Z,7.28
708,20181229T233847Z,1J.TI3A.,"['CH1', 'CH2', 'CHZ']",2018-12-29T23:38:47.590000Z,13.84
709,20181229T234110Z,1J.TI3A.,"['CH1', 'CH2', 'CHZ']",2018-12-29T23:41:10.340000Z,5.49
710,20181229T234624Z,1J.TI3A.,"['CH1', 'CH2', 'CHZ']",2018-12-29T23:46:31.440000Z,10.96
711,20181229T000037Z,1J.TI8A.,"['CH1', 'CH2', 'CHZ']",2018-12-29T00:00:42.240000Z,1.23
712,20181229T000303Z,1J.TI8A.,"['CH1', 'CH2', 'CHZ']",2018-12-29T00:03:21.070000Z,0.79
713,20181229T000400Z,1J.TI8A.,"['CH1', 'CH2', 'CHZ']",2018-12-29T00:04:07.300000Z,6.46
714,20181229T001019Z,1J.TI8A.,"['CH1', 'CH2', 'CHZ']",2018-12-29T00:10:19.950000Z,1.85
715,20181229T001405Z,1J.TI8A.,"['CH1', 'CH2', 'CHZ']",2018-12-29T00:14:05.530000Z,3.21
716,20181229T001530Z,1J.TI8A.,"['CH1', 'CH2', 'CHZ']",2018-12-29T00:15:30.540000Z,1.36
717,20181229T001613Z,1J.TI8A.,"['CH1', 'CH2', 'CHZ']",2018-12-29T00:16:13.510000Z,2.81
718,20181229T001637Z,1J.TI8A.,"['CH1', 'CH2', 'CHZ']",2018-12-29T00:16:43.150000Z,3.78
719,20181229T001907Z,1J.TI8A.,"['CH1', 'CH2', 'CHZ']",2018-12-29T00:19:19.100000Z,2.11
720,20181229T002025Z,1J.TI8A.,"['CH1', 'CH2', 'CHZ']",2018-12-29T00:20:25.680000Z,15.1
721,20181229T002209Z,1J.TI8A.,"['CH1', 'CH2', 'CHZ']",2018-12-29T00:22:09.920000Z,0.94
722,20181229T002323Z,1J.TI8A.,"['CH1', 'CH2', 'CHZ']",2018-12-29T00:23:23.150000Z,0.76
723,20181229T002437Z,1J.TI8A.,"['CH1', 'CH2', 'CHZ']",2018-12-29T00:24:37.160000Z,1.39
724,20181229T002615Z,1J.TI8A.,"['CH1', 'CH2', 'CHZ']",2018-12-29T00:26:18.330000Z,0.92
725,20181229T002730Z,1J.TI8A.,"['CH1', 'CH2', 'CHZ']",2018-12-29T00:27:33.440000Z,53.62
726,20181229T002918Z,1J.TI8A.,"['CH1', 'CH2', 'CHZ']",2018-12-29T00:29:23.210000Z,4.57
727,20181229T003127Z,1J.TI8A.,"['CH1', 'CH2', 'CHZ']",2018-12-29T00:31:29.600000Z,11.29
728,20181229T004034Z,1J.TI8A.,"['CH1', 'CH2', 'CHZ']",2018-12-29T00:40:34.100000Z,1.29
729,20181229T004121Z,1J.TI8A.,"['CH1', 'CH2', 'CHZ']",2018-12-29T00:41:21.650000Z,12.27
730,20181229T004836Z,1J.TI8A.,"['CH1', 'CH2', 'CHZ']",2018-12-29T00:48:42.790000Z,14.02
731,20181229T010210Z,1J.TI8A.,"['CH1', 'CH2', 'CHZ']",2018-12-29T01:02:15.530000Z,14.6
732,20181229T010630Z,1J.TI8A.,"['CH1', 'CH2', 'CHZ']",2018-12-29T01:06:31.250000Z,9.24
733,20181229T010725Z,1J.TI8A.,"['CH1', 'CH2', 'CHZ']",2018-12-29T01:07:25.930000Z,0.81
734,20181229T011708Z,1J.TI8A.,"['CH1', 'CH2', 'CHZ']",2018-12-29T01:17:08.260000Z,0.96
735,20181229T012154Z,1J.TI8A.,"['CH1', 'CH2', 'CHZ']",2018-12-29T01:21:54.690000Z,12.42
736,20181229T013041Z,1J.TI8A.,"['CH1', 'CH2', 'CHZ']",2018-12-29T01:30:41.730000Z,21.6
737,20181229T013230Z,1J.TI8A.,"['CH1', 'CH2', 'CHZ']",2018-12-29T01:32:30.100000Z,1.95
738,20181229T013409Z,1J.TI8A.,"['CH1', 'CH2', 'CHZ']",2018-12-29T01:34:13.010000Z,0.85
739,20181229T014017Z,1J.TI8A.,"['CH1', 'CH2', 'CHZ']",2018-12-29T01:40:19.540000Z,15.21
740,20181229T015143Z,1J.TI8A.,"['CH1', 'CH2', 'CHZ']",2018-12-29T01:51:43.100000Z,2.1
741,20181229T020606Z,1J.TI8A.,"['CH1', 'CH2', 'CHZ']",2018-12-29T02:06:06.300000Z,3.6
742,20181229T021114Z,1J.TI8A.,"['CH1', 'CH2', 'CHZ']",2018-12-29T02:11:14.690000Z,6.02
743,20181229T021325Z,1J.TI8A.,"['CH1', 'CH2', 'CHZ']",2018-12-29T02:13:25.120000Z,18.66
744,20181229T022240Z,1J.TI8A.,"['CH1', 'CH2', 'CHZ']",2018-12-29T02:22:43.130000Z,16.3
745,20181229T022324Z,1J.TI8A.,"['CH1', 'CH2', 'CHZ']",2018-12-29T02:23:24.440000Z,14.52
746,20181229T022707Z,1J.TI8A.,"['CH1', 'CH2', 'CHZ']",2018-12-29T02:27:09.940000Z,47.59
747,20181229T024055Z,1J.TI8A.,"['CH1', 'CH2', 'CHZ']",2018-12-29T02:40:55.770000Z,0.82
748,20181229T024645Z,1J.TI8A.,"['CH1', 'CH2', 'CHZ']",2018-12-29T02:46:46.740000Z,16.45
749,20181229T024755Z,1J.TI8A.,"['CH1', 'CH2', 'CHZ']",2018-12-29T02:48:01.800000Z,9.46
750,20181229T025547Z,1J.TI8A.,"['CH1', 'CH2', 'CHZ']",2018-12-29T02:55:47.910000Z,2.02
751,20181229T025750Z,1J.TI8A.,"['CH1', 'CH2', 'CHZ']",2018-12-29T02:57:53.790000Z,9.78
752,20181229T025853Z,1J.TI8A.,"['CH1', 'CH2', 'CHZ']",2018-12-29T02:58:53.160000Z,1.61
753,20181229T025955Z,1J.TI8A.,"['CH1', 'CH2', 'CHZ']",2018-12-29T02:59:55.880000Z,1.84
754,20181229T030210Z,1J.TI8A.,"['CH1', 'CH2', 'CHZ']",2018-12-29T03:02:10.120000Z,0.96
755,20181229T030324Z,1J.TI8A.,"['CH1', 'CH2', 'CHZ']",2018-12-29T03:03:24.130000Z,1.52
756,20181229T030438Z,1J.TI8A.,"['CH1', 'CH2', 'CHZ']",2018-12-29T03:04:38.640000Z,1.64
757,20181229T030541Z,1J.TI8A.,"['CH1', 'CH2', 'CHZ']",2018-12-29T03:05:41.250000Z,0.75
758,20181229T030657Z,1J.TI8A.,"['CH1', 'CH2', 'CHZ']",2018-12-29T03:06:57.410000Z,1.33
759,20181229T030919Z,1J.TI8A.,"['CH1', 'CH2', 'CHZ']",2018-12-29T03:09:19.460000Z,1.08
760,20181229T031634Z,1J.TI8A.,"['CH1', 'CH2', 'CHZ']",2018-12-29T03:17:14.760000Z,11.29
761,20181229T033330Z,1J.TI8A.,"['CH1', 'CH2', 'CHZ']",2018-12-29T03:33:30.910000Z,22.04
762,20181229T033735Z,1J.TI8A.,"['CH1', 'CH2', 'CHZ']",2018-12-29T03:37:35.480000Z,7.35
763,20181229T035037Z,1J.TI8A.,"['CH1', 'CH2', 'CHZ']",2018-12-29T03:50:39.530000Z,44.28
764,20181229T040547Z,1J.TI8A.,"['CH1', 'CH2', 'CHZ']",2018-12-29T04:05:47.570000Z,1.36
765,20181229T040828Z,1J.TI8A.,"['CH1', 'CH2', 'CHZ']",2018-12-29T04:08:28.890000Z,1.48
766,20181229T041016Z,1J.TI8A.,"['CH1', 'CH2', 'CHZ']",2018-12-29T04:10:16.190000Z,9.66
767,20181229T041828Z,1J.TI8A.,"['CH1', 'CH2', 'CHZ']",2018-12-29T04:18:28.360000Z,1.97
768,20181229T042117Z,1J.TI8A.,"['CH1', 'CH2', 'CHZ']",2018-12-29T04:21:25.320000Z,44.68
769,20181229T042831Z,1J.TI8A.,"['CH1', 'CH2', 'CHZ']",2018-12-29T04:28:31.180000Z,0.9
770,20181229T043951Z,1J.TI8A.,"['CH1', 'CH2', 'CHZ']",2018-12-29T04:39:51.780000Z,0.76
771,20181229T044133Z,1J.TI8A.,"['CH1', 'CH2', 'CHZ']",2018-12-29T04:41:38.400000Z,14.19
772,20181229T045045Z,1J.TI8A.,"['CH1', 'CH2', 'CHZ']",2018-12-29T04:50:45.570000Z,3.15
773,20181229T050104Z,1J.TI8A.,"['CH1', 'CH2', 'CHZ']",2018-12-29T05:01:04.310000Z,17.69
774,20181229T050811Z,1J.TI8A.,"['CH1', 'CH2', 'CHZ']",2018-12-29T05:08:18.540000Z,16.29
775,20181229T050944Z,1J.TI8A.,"['CH1', 'CH2', 'CHZ']",2018-12-29T05:09:53.020000Z,15.87
776,20181229T051538Z,1J.TI8A.,"['CH1', 'CH2', 'CHZ']",2018-12-29T05:15:38.110000Z,0.95
777,20181229T051952Z,1J.TI8A.,"['CH1', 'CH2', 'CHZ']",2018-12-29T05:19:52.220000Z,1.45
778,20181229T052123Z,1J.TI8A.,"['CH1', 'CH2', 'CHZ']",2018-12-29T05:21:23.270000Z,2.88
779,20181229T053205Z,1J.TI8A.,"['CH1', 'CH2', 'CHZ']",2018-12-29T05:32:08.370000Z,49.8
780,20181229T053506Z,1J.TI8A.,"['CH1', 'CH2', 'CHZ']",2018-12-29T05:35:06.610000Z,1.05
781,20181229T053646Z,1J.TI8A.,"['CH1', 'CH2', 'CHZ']",2018-12-29T05:36:46.560000Z,3.01
782,20181229T053816Z,1J.TI8A.,"['CH1', 'CH2', 'CHZ']",2018-12-29T05:38:22.510000Z,13.04
783,20181229T054139Z,1J.TI8A.,"['CH1', 'CH2', 'CHZ']",2018-12-29T05:41:42.980000Z,14.25
784,20181229T054628Z,1J.TI8A.,"['CH1', 'CH2', 'CHZ']",2018-12-29T05:46:28.930000Z,1.63
785,20181229T054734Z,1J.TI8A.,"['CH1', 'CH2', 'CHZ']",2018-12-29T05:47:36.870000Z,52.83
786,20181229T055253Z,1J.TI8A.,"['CH1', 'CH2', 'CHZ']",2018-12-29T05:52:53.070000Z,1.12
787,20181229T055316Z,1J.TI8A.,"['CH1', 'CH2', 'CHZ']",2018-12-29T05:53:16.270000Z,0.69
788,20181229T055551Z,1J.TI8A.,"['CH1', 'CH2', 'CHZ']",2018-12-29T05:55:51.450000Z,0.7
789,20181229T060712Z,1J.TI8A.,"['CH1', 'CH2', 'CHZ']",2018-12-29T06:07:12.630000Z,18.75
790,20181229T060927Z,1J.TI8A.,"['CH1', 'CH2', 'CHZ']",2018-12-29T06:09:27.610000Z,19.53
791,20181229T061138Z,1J.TI8A.,"['CH1', 'CH2', 'CHZ']",2018-12-29T06:11:41.580000Z,1.09
792,20181229T061243Z,1J.TI8A.,"['CH1', 'CH2', 'CHZ']",2018-12-29T06:12:45.780000Z,10.17
793,20181229T061656Z,1J.TI8A.,"['CH1', 'CH2', 'CHZ']",2018-12-29T06:16:57.830000Z,9.79
794,20181229T061920Z,1J.TI8A.,"['CH1', 'CH2', 'CHZ']",2018-12-29T06:19:20.060000Z,0.8
795,20181229T062019Z,1J.TI8A.,"['CH1', 'CH2', 'CHZ']",2018-12-29T06:20:31.220000Z,1.12
796,20181229T062133Z,1J.TI8A.,"['CH1', 'CH2', 'CHZ']",2018-12-29T06:21:33.480000Z,0.69
797,20181229T062454Z,1J.TI8A.,"['CH1', 'CH2', 'CHZ']",2018-12-29T06:24:54.960000Z,1.32
798,20181229T062604Z,1J.TI8A.,"['CH1', 'CH2', 'CHZ']",2018-12-29T06:26:05.280000Z,0.95
799,20181229T062824Z,1J.TI8A.,"['CH1', 'CH2', 'CHZ']",2018-12-29T06:28:24.380000Z,1.03
800,20181229T062854Z,1J.TI8A.,"['CH1', 'CH2', 'CHZ']",2018-12-29T06:28:55.740000Z,7.17
801,20181229T063010Z,1J.TI8A.,"['CH1', 'CH2', 'CHZ']",2018-12-29T06:30:10.060000Z,23.09
802,20181229T063458Z,1J.TI8A.,"['CH1', 'CH2', 'CHZ']",2018-12-29T06:34:58.550000Z,5.63
803,20181229T063508Z,1J.TI8A.,"['CH1', 'CH2', 'CHZ']",2018-12-29T06:35:11.330000Z,19.51
804,20181229T063815Z,1J.TI8A.,"['CH1', 'CH2', 'CHZ']",2018-12-29T06:38:15.230000Z,1.14
805,20181229T064143Z,1J.TI8A.,"['CH1', 'CH2', 'CHZ']",2018-12-29T06:41:47.550000Z,16.28
806,20181229T064315Z,1J.TI8A.,"['CH1', 'CH2', 'CHZ']",2018-12-29T06:43:19.110000Z,10.48
807,20181229T064459Z,1J.TI8A.,"['CH1', 'CH2', 'CHZ']",2018-12-29T06:44:59.930000Z,1.17
808,20181229T064606Z,1J.TI8A.,"['CH1', 'CH2', 'CHZ']",2018-12-29T06:46:12.870000Z,1.41
809,20181229T064702Z,1J.TI8A.,"['CH1', 'CH2', 'CHZ']",2018-12-29T06:47:06.800000Z,6.84
810,20181229T064848Z,1J.TI8A.,"['CH1', 'CH2', 'CHZ']",2018-12-29T06:48:48.000000Z,40.91
811,20181229T065603Z,1J.TI8A.,"['CH1', 'CH2', 'CHZ']",2018-12-29T06:56:04.270000Z,10.14
812,20181229T065849Z,1J.TI8A.,"['CH1', 'CH2', 'CHZ']",2018-12-29T06:58:49.820000Z,1.48
813,20181229T070012Z,1J.TI8A.,"['CH1', 'CH2', 'CHZ']",2018-12-29T07:00:12.370000Z,0.82
814,20181229T070038Z,1J.TI8A.,"['CH1', 'CH2', 'CHZ']",2018-12-29T07:00:38.390000Z,0.8
815,20181229T070118Z,1J.TI8A.,"['CH1', 'CH2', 'CHZ']",2018-12-29T07:01:18.830000Z,1.1
816,20181229T070220Z,1J.TI8A.,"['CH1', 'CH2', 'CHZ']",2018-12-29T07:02:20.350000Z,1.77
817,20181229T070328Z,1J.TI8A.,"['CH1', 'CH2', 'CHZ']",2018-12-29T07:03:34.710000Z,0.99
818,20181229T070441Z,1J.TI8A.,"['CH1', 'CH2', 'CHZ']",2018-12-29T07:04:42.270000Z,0.83
819,20181229T070615Z,1J.TI8A.,"['CH1', 'CH2', 'CHZ']",2018-12-29T07:06:21.910000Z,15.2
820,20181229T070914Z,1J.TI8A.,"['CH1', 'CH2', 'CHZ']",2018-12-29T07:09:15.560000Z,9.15
821,20181229T071309Z,1J.TI8A.,"['CH1', 'CH2', 'CHZ']",2018-12-29T07:13:09.780000Z,0.75
822,20181229T071343Z,1J.TI8A.,"['CH1', 'CH2', 'CHZ']",2018-12-29T07:13:50.170000Z,14.18
823,20181229T071435Z,1J.TI8A.,"['CH1', 'CH2', 'CHZ']",2018-12-29T07:14:35.650000Z,21.51
824,20181229T071654Z,1J.TI8A.,"['CH1', 'CH2', 'CHZ']",2018-12-29T07:16:54.370000Z,0.94
825,20181229T072144Z,1J.TI8A.,"['CH1', 'CH2', 'CHZ']",2018-12-29T07:21:48.660000Z,26.21
826,20181229T072253Z,1J.TI8A.,"['CH1', 'CH2', 'CHZ']",2018-12-29T07:22:56.240000Z,5.04
827,20181229T073158Z,1J.TI8A.,"['CH1', 'CH2', 'CHZ']",2018-12-29T07:31:58.490000Z,0.98
828,20181229T073339Z,1J.TI8A.,"['CH1', 'CH2', 'CHZ']",2018-12-29T07:33:40.210000Z,6.33
829,20181229T073627Z,1J.TI8A.,"['CH1', 'CH2', 'CHZ']",2018-12-29T07:36:27.290000Z,4.4
830,20181229T073725Z,1J.TI8A.,"['CH1', 'CH2', 'CHZ']",2018-12-29T07:37:25.470000Z,0.85
831,20181229T073804Z,1J.TI8A.,"['CH1', 'CH2', 'CHZ']",2018-12-29T07:38:04.390000Z,0.78
832,20181229T073937Z,1J.TI8A.,"['CH1', 'CH2', 'CHZ']",2018-12-29T07:39:37.210000Z,1.22
833,20181229T074223Z,1J.TI8A.,"['CH1', 'CH2', 'CHZ']",2018-12-29T07:42:33.140000Z,0.83
834,20181229T074421Z,1J.TI8A.,"['CH1', 'CH2', 'CHZ']",2018-12-29T07:44:21.340000Z,0.71
835,20181229T074504Z,1J.TI8A.,"['CH1', 'CH2', 'CHZ']",2018-12-29T07:45:10.290000Z,11.54
836,20181229T074553Z,1J.TI8A.,"['CH1', 'CH2', 'CHZ']",2018-12-29T07:45:53.010000Z,0.7
837,20181229T074559Z,1J.TI8A.,"['CH1', 'CH2', 'CHZ']",2018-12-29T07:46:00.490000Z,7.27
838,20181229T074710Z,1J.TI8A.,"['CH1', 'CH2', 'CHZ']",2018-12-29T07:47:10.510000Z,22.64
839,20181229T075055Z,1J.TI8A.,"['CH1', 'CH2', 'CHZ']",2018-12-29T07:50:55.880000Z,0.76
840,20181229T075357Z,1J.TI8A.,"['CH1', 'CH2', 'CHZ']",2018-12-29T07:53:57.650000Z,0.84
841,20181229T075453Z,1J.TI8A.,"['CH1', 'CH2', 'CHZ']",2018-12-29T07:54:53.210000Z,0.75
842,20181229T075720Z,1J.TI8A.,"['CH1', 'CH2', 'CHZ']",2018-12-29T07:57:20.410000Z,0.96
843,20181229T075809Z,1J.TI8A.,"['CH1', 'CH2', 'CHZ']",2018-12-29T07:58:16.880000Z,9.35
844,20181229T075835Z,1J.TI8A.,"['CH1', 'CH2', 'CHZ']",2018-12-29T07:58:35.680000Z,9.88
845,20181229T075916Z,1J.TI8A.,"['CH1', 'CH2', 'CHZ']",2018-12-29T07:59:16.230000Z,2.12
846,20181229T080025Z,1J.TI8A.,"['CH1', 'CH2', 'CHZ']",2018-12-29T08:00:25.730000Z,0.86
847,20181229T080309Z,1J.TI8A.,"['CH1', 'CH2', 'CHZ']",2018-12-29T08:03:13.980000Z,0.76
848,20181229T080348Z,1J.TI8A.,"['CH1', 'CH2', 'CHZ']",2018-12-29T08:03:51.040000Z,19.53
849,20181229T080600Z,1J.TI8A.,"['CH1', 'CH2', 'CHZ']",2018-12-29T08:06:00.910000Z,5.27
850,20181229T080753Z,1J.TI8A.,"['CH1', 'CH2', 'CHZ']",2018-12-29T08:07:53.700000Z,1.01
851,20181229T080818Z,1J.TI8A.,"['CH1', 'CH2', 'CHZ']",2018-12-29T08:08:18.680000Z,3.65
852,20181229T080856Z,1J.TI8A.,"['CH1', 'CH2', 'CHZ']",2018-12-29T08:08:56.080000Z,0.91
853,20181229T080957Z,1J.TI8A.,"['CH1', 'CH2', 'CHZ']",2018-12-29T08:09:57.890000Z,0.65
854,20181229T081036Z,1J.TI8A.,"['CH1', 'CH2', 'CHZ']",2018-12-29T08:10:47.250000Z,0.8
855,20181229T081111Z,1J.TI8A.,"['CH1', 'CH2', 'CHZ']",2018-12-29T08:11:13.040000Z,10.41
856,20181229T081212Z,1J.TI8A.,"['CH1', 'CH2', 'CHZ']",2018-12-29T08:12:12.690000Z,1.0
857,20181229T081503Z,1J.TI8A.,"['CH1', 'CH2', 'CHZ']",2018-12-29T08:15:03.480000Z,1.56
858,20181229T081641Z,1J.TI8A.,"['CH1', 'CH2', 'CHZ']",2018-12-29T08:16:41.040000Z,1.11
859,20181229T081844Z,1J.TI8A.,"['CH1', 'CH2', 'CHZ']",2018-12-29T08:18:44.890000Z,1.71
860,20181229T081945Z,1J.TI8A.,"['CH1', 'CH2', 'CHZ']",2018-12-29T08:19:45.520000Z,1.02
861,20181229T082032Z,1J.TI8A.,"['CH1', 'CH2', 'CHZ']",2018-12-29T08:20:34.870000Z,19.41
862,20181229T082150Z,1J.TI8A.,"['CH1', 'CH2', 'CHZ']",2018-12-29T08:21:50.250000Z,1.27
863,20181229T082304Z,1J.TI8A.,"['CH1', 'CH2', 'CHZ']",2018-12-29T08:23:04.930000Z,1.16
864,20181229T082413Z,1J.TI8A.,"['CH1', 'CH2', 'CHZ']",2018-12-29T08:24:13.690000Z,4.45
865,20181229T082451Z,1J.TI8A.,"['CH1', 'CH2', 'CHZ']",2018-12-29T08:24:51.960000Z,0.77
866,20181229T082604Z,1J.TI8A.,"['CH1', 'CH2', 'CHZ']",2018-12-29T08:26:04.330000Z,1.13
867,20181229T082634Z,1J.TI8A.,"['CH1', 'CH2', 'CHZ']",2018-12-29T08:26:35.230000Z,6.01
868,20181229T082846Z,1J.TI8A.,"['CH1', 'CH2', 'CHZ']",2018-12-29T08:28:46.700000Z,0.99
869,20181229T082934Z,1J.TI8A.,"['CH1', 'CH2', 'CHZ']",2018-12-29T08:29:34.140000Z,4.39
870,20181229T083104Z,1J.TI8A.,"['CH1', 'CH2', 'CHZ']",2018-12-29T08:31:04.240000Z,1.35
871,20181229T083114Z,1J.TI8A.,"['CH1', 'CH2', 'CHZ']",2018-12-29T08:31:14.330000Z,4.25
872,20181229T083210Z,1J.TI8A.,"['CH1', 'CH2', 'CHZ']",2018-12-29T08:32:20.140000Z,1.14
873,20181229T083314Z,1J.TI8A.,"['CH1', 'CH2', 'CHZ']",2018-12-29T08:33:16.540000Z,17.03
874,20181229T083520Z,1J.TI8A.,"['CH1', 'CH2', 'CHZ']",2018-12-29T08:35:20.210000Z,0.9
875,20181229T083552Z,1J.TI8A.,"['CH1', 'CH2', 'CHZ']",2018-12-29T08:35:52.730000Z,10.78
876,20181229T083659Z,1J.TI8A.,"['CH1', 'CH2', 'CHZ']",2018-12-29T08:37:02.460000Z,52.23
877,20181229T083955Z,1J.TI8A.,"['CH1', 'CH2', 'CHZ']",2018-12-29T08:39:55.390000Z,0.78
878,20181229T084005Z,1J.TI8A.,"['CH1', 'CH2', 'CHZ']",2018-12-29T08:40:05.810000Z,2.5
879,20181229T084219Z,1J.TI8A.,"['CH1', 'CH2', 'CHZ']",2018-12-29T08:42:19.730000Z,4.28
880,20181229T084324Z,1J.TI8A.,"['CH1', 'CH2', 'CHZ']",2018-12-29T08:43:24.450000Z,3.91
881,20181229T084420Z,1J.TI8A.,"['CH1', 'CH2', 'CHZ']",2018-12-29T08:44:20.020000Z,0.86
882,20181229T084438Z,1J.TI8A.,"['CH1', 'CH2', 'CHZ']",2018-12-29T08:44:38.020000Z,2.67
883,20181229T084559Z,1J.TI8A.,"['CH1', 'CH2', 'CHZ']",2018-12-29T08:45:59.820000Z,2.73
884,20181229T084636Z,1J.TI8A.,"['CH1', 'CH2', 'CHZ']",2018-12-29T08:46:36.600000Z,1.0
885,20181229T084727Z,1J.TI8A.,"['CH1', 'CH2', 'CHZ']",2018-12-29T08:47:27.670000Z,10.98
886,20181229T084808Z,1J.TI8A.,"['CH1', 'CH2', 'CHZ']",2018-12-29T08:48:08.920000Z,0.87
887,20181229T084817Z,1J.TI8A.,"['CH1', 'CH2', 'CHZ']",2018-12-29T08:48:17.790000Z,1.65
888,20181229T084909Z,1J.TI8A.,"['CH1', 'CH2', 'CHZ']",2018-12-29T08:49:27.850000Z,1.69
889,20181229T085028Z,1J.TI8A.,"['CH1', 'CH2', 'CHZ']",2018-12-29T08:50:40.950000Z,1.05
890,20181229T085125Z,1J.TI8A.,"['CH1', 'CH2', 'CHZ']",2018-12-29T08:51:29.340000Z,15.64
891,20181229T085322Z,1J.TI8A.,"['CH1', 'CH2', 'CHZ']",2018-12-29T08:53:22.400000Z,1.02
892,20181229T085332Z,1J.TI8A.,"['CH1', 'CH2', 'CHZ']",2018-12-29T08:53:32.750000Z,2.34
893,20181229T085422Z,1J.TI8A.,"['CH1', 'CH2', 'CHZ']",2018-12-29T08:54:22.470000Z,0.94
894,20181229T085525Z,1J.TI8A.,"['CH1', 'CH2', 'CHZ']",2018-12-29T08:55:25.750000Z,2.77
895,20181229T085612Z,1J.TI8A.,"['CH1', 'CH2', 'CHZ']",2018-12-29T08:56:12.930000Z,0.85
896,20181229T085653Z,1J.TI8A.,"['CH1', 'CH2', 'CHZ']",2018-12-29T08:56:53.620000Z,2.49
897,20181229T085718Z,1J.TI8A.,"['CH1', 'CH2', 'CHZ']",2018-12-29T08:57:18.070000Z,0.8
898,20181229T085831Z,1J.TI8A.,"['CH1', 'CH2', 'CHZ']",2018-12-29T08:58:31.900000Z,1.21
899,20181229T090052Z,1J.TI8A.,"['CH1', 'CH2', 'CHZ']",2018-12-29T09:00:52.690000Z,2.75
900,20181229T090125Z,1J.TI8A.,"['CH1', 'CH2', 'CHZ']",2018-12-29T09:01:25.310000Z,0.7
901,20181229T090245Z,1J.TI8A.,"['CH1', 'CH2', 'CHZ']",2018-12-29T09:02:45.500000Z,0.96
902,20181229T090307Z,1J.TI8A.,"['CH1', 'CH2', 'CHZ']",2018-12-29T09:03:12.060000Z,9.14
903,20181229T090530Z,1J.TI8A.,"['CH1', 'CH2', 'CHZ']",2018-12-29T09:05:30.460000Z,1.08
904,20181229T090607Z,1J.TI8A.,"['CH1', 'CH2', 'CHZ']",2018-12-29T09:06:07.680000Z,2.66
905,20181229T090652Z,1J.TI8A.,"['CH1', 'CH2', 'CHZ']",2018-12-29T09:06:52.520000Z,0.6
906,20181229T090812Z,1J.TI8A.,"['CH1', 'CH2', 'CHZ']",2018-12-29T09:08:12.120000Z,21.92
907,20181229T090909Z,1J.TI8A.,"['CH1', 'CH2', 'CHZ']",2018-12-29T09:09:09.940000Z,0.93
908,20181229T091043Z,1J.TI8A.,"['CH1', 'CH2', 'CHZ']",2018-12-29T09:10:43.060000Z,1.0
909,20181229T091137Z,1J.TI8A.,"['CH1', 'CH2', 'CHZ']",2018-12-29T09:11:38.270000Z,11.29
910,20181229T091234Z,1J.TI8A.,"['CH1', 'CH2', 'CHZ']",2018-12-29T09:12:34.070000Z,5.88
911,20181229T091258Z,1J.TI8A.,"['CH1', 'CH2', 'CHZ']",2018-12-29T09:13:02.990000Z,12.35
912,20181229T091502Z,1J.TI8A.,"['CH1', 'CH2', 'CHZ']",2018-12-29T09:15:02.270000Z,1.79
913,20181229T091627Z,1J.TI8A.,"['CH1', 'CH2', 'CHZ']",2018-12-29T09:16:27.480000Z,0.92
914,20181229T091745Z,1J.TI8A.,"['CH1', 'CH2', 'CHZ']",2018-12-29T09:17:48.100000Z,21.37
915,20181229T091837Z,1J.TI8A.,"['CH1', 'CH2', 'CHZ']",2018-12-29T09:18:37.420000Z,4.0
916,20181229T092343Z,1J.TI8A.,"['CH1', 'CH2', 'CHZ']",2018-12-29T09:23:43.750000Z,3.81
917,20181229T092429Z,1J.TI8A.,"['CH1', 'CH2', 'CHZ']",2018-12-29T09:24:30.670000Z,43.47
918,20181229T093014Z,1J.TI8A.,"['CH1', 'CH2', 'CHZ']",2018-12-29T09:30:14.330000Z,11.52
919,20181229T093710Z,1J.TI8A.,"['CH1', 'CH2', 'CHZ']",2018-12-29T09:37:10.070000Z,72.45
920,20181229T094239Z,1J.TI8A.,"['CH1', 'CH2', 'CHZ']",2018-12-29T09:42:39.750000Z,4.34
921,20181229T094717Z,1J.TI8A.,"['CH1', 'CH2', 'CHZ']",2018-12-29T09:47:19.990000Z,40.82
922,20181229T095036Z,1J.TI8A.,"['CH1', 'CH2', 'CHZ']",2018-12-29T09:50:38.490000Z,6.51
923,20181229T095504Z,1J.TI8A.,"['CH1', 'CH2', 'CHZ']",2018-12-29T09:55:19.380000Z,13.05
924,20181229T095609Z,1J.TI8A.,"['CH1', 'CH2', 'CHZ']",2018-12-29T09:56:09.360000Z,28.22
925,20181229T095908Z,1J.TI8A.,"['CH1', 'CH2', 'CHZ']",2018-12-29T09:59:08.940000Z,1.17
926,20181229T100211Z,1J.TI8A.,"['CH1', 'CH2', 'CHZ']",2018-12-29T10:02:11.650000Z,1.1
927,20181229T100734Z,1J.TI8A.,"['CH1', 'CH2', 'CHZ']",2018-12-29T10:07:34.760000Z,10.19
928,20181229T100811Z,1J.TI8A.,"['CH1', 'CH2', 'CHZ']",2018-12-29T10:08:12.890000Z,8.82
929,20181229T101018Z,1J.TI8A.,"['CH1', 'CH2', 'CHZ']",2018-12-29T10:10:18.410000Z,1.49
930,20181229T101300Z,1J.TI8A.,"['CH1', 'CH2', 'CHZ']",2018-12-29T10:13:02.500000Z,17.56
931,20181229T101959Z,1J.TI8A.,"['CH1', 'CH2', 'CHZ']",2018-12-29T10:19:59.050000Z,1.22
932,20181229T102147Z,1J.TI8A.,"['CH1', 'CH2', 'CHZ']",2018-12-29T10:21:47.230000Z,20.6
933,20181229T102229Z,1J.TI8A.,"['CH1', 'CH2', 'CHZ']",2018-12-29T10:22:29.460000Z,1.47
934,20181229T102449Z,1J.TI8A.,"['CH1', 'CH2', 'CHZ']",2018-12-29T10:24:54.680000Z,2.8
935,20181229T102542Z,1J.TI8A.,"['CH1', 'CH2', 'CHZ']",2018-12-29T10:25:57.520000Z,24.3
936,20181229T102636Z,1J.TI8A.,"['CH1', 'CH2', 'CHZ']",2018-12-29T10:26:36.370000Z,0.66
937,20181229T102815Z,1J.TI8A.,"['CH1', 'CH2', 'CHZ']",2018-12-29T10:28:15.490000Z,1.04
938,20181229T102852Z,1J.TI8A.,"['CH1', 'CH2', 'CHZ']",2018-12-29T10:28:52.910000Z,0.96
939,20181229T102924Z,1J.TI8A.,"['CH1', 'CH2', 'CHZ']",2018-12-29T10:29:24.930000Z,1.06
940,20181229T103018Z,1J.TI8A.,"['CH1', 'CH2', 'CHZ']",2018-12-29T10:30:18.570000Z,1.23
941,20181229T103228Z,1J.TI8A.,"['CH1', 'CH2', 'CHZ']",2018-12-29T10:32:28.830000Z,1.49
942,20181229T103303Z,1J.TI8A.,"['CH1', 'CH2', 'CHZ']",2018-12-29T10:33:03.650000Z,0.94
943,20181229T103336Z,1J.TI8A.,"['CH1', 'CH2', 'CHZ']",2018-12-29T10:33:36.930000Z,1.32
944,20181229T103427Z,1J.TI8A.,"['CH1', 'CH2', 'CHZ']",2018-12-29T10:34:27.270000Z,1.77
945,20181229T103500Z,1J.TI8A.,"['CH1', 'CH2', 'CHZ']",2018-12-29T10:35:15.790000Z,62.06
946,20181229T103756Z,1J.TI8A.,"['CH1', 'CH2', 'CHZ']",2018-12-29T10:37:57.900000Z,5.89
947,20181229T103941Z,1J.TI8A.,"['CH1', 'CH2', 'CHZ']",2018-12-29T10:39:46.660000Z,1.35
948,20181229T104012Z,1J.TI8A.,"['CH1', 'CH2', 'CHZ']",2018-12-29T10:40:18.220000Z,1.04
949,20181229T104212Z,1J.TI8A.,"['CH1', 'CH2', 'CHZ']",2018-12-29T10:42:12.550000Z,1.26
950,20181229T104236Z,1J.TI8A.,"['CH1', 'CH2', 'CHZ']",2018-12-29T10:42:38.460000Z,20.15
951,20181229T104343Z,1J.TI8A.,"['CH1', 'CH2', 'CHZ']",2018-12-29T10:43:43.520000Z,1.05
952,20181229T104412Z,1J.TI8A.,"['CH1', 'CH2', 'CHZ']",2018-12-29T10:44:12.570000Z,0.96
953,20181229T104517Z,1J.TI8A.,"['CH1', 'CH2', 'CHZ']",2018-12-29T10:45:17.410000Z,1.01
954,20181229T104918Z,1J.TI8A.,"['CH1', 'CH2', 'CHZ']",2018-12-29T10:49:18.490000Z,0.86
955,20181229T105141Z,1J.TI8A.,"['CH1', 'CH2', 'CHZ']",2018-12-29T10:51:42.530000Z,13.35
956,20181229T105628Z,1J.TI8A.,"['CH1', 'CH2', 'CHZ']",2018-12-29T10:56:30.740000Z,18.65
957,20181229T110331Z,1J.TI8A.,"['CH1', 'CH2', 'CHZ']",2018-12-29T11:03:31.950000Z,8.46
958,20181229T110634Z,1J.TI8A.,"['CH1', 'CH2', 'CHZ']",2018-12-29T11:06:34.360000Z,17.61
959,20181229T110906Z,1J.TI8A.,"['CH1', 'CH2', 'CHZ']",2018-12-29T11:09:06.840000Z,2.63
960,20181229T111129Z,1J.TI8A.,"['CH1', 'CH2', 'CHZ']",2018-12-29T11:11:32.430000Z,11.05
961,20181229T111153Z,1J.TI8A.,"['CH1', 'CH2', 'CHZ']",2018-12-29T11:11:58.720000Z,17.73
962,20181229T111602Z,1J.TI8A.,"['CH1', 'CH2', 'CHZ']",2018-12-29T11:16:03.070000Z,10.45
963,20181229T111703Z,1J.TI8A.,"['CH1', 'CH2', 'CHZ']",2018-12-29T11:17:03.680000Z,4.47
964,20181229T111942Z,1J.TI8A.,"['CH1', 'CH2', 'CHZ']",2018-12-29T11:19:42.900000Z,3.83
965,20181229T112046Z,1J.TI8A.,"['CH1', 'CH2', 'CHZ']",2018-12-29T11:20:46.510000Z,23.25
966,20181229T112410Z,1J.TI8A.,"['CH1', 'CH2', 'CHZ']",2018-12-29T11:24:20.960000Z,18.56
967,20181229T112502Z,1J.TI8A.,"['CH1', 'CH2', 'CHZ']",2018-12-29T11:25:05.800000Z,6.5
968,20181229T112640Z,1J.TI8A.,"['CH1', 'CH2', 'CHZ']",2018-12-29T11:26:43.200000Z,9.74
969,20181229T112813Z,1J.TI8A.,"['CH1', 'CH2', 'CHZ']",2018-12-29T11:28:15.480000Z,5.4
970,20181229T112930Z,1J.TI8A.,"['CH1', 'CH2', 'CHZ']",2018-12-29T11:29:30.270000Z,20.98
971,20181229T113313Z,1J.TI8A.,"['CH1', 'CH2', 'CHZ']",2018-12-29T11:33:15.860000Z,7.97
972,20181229T113340Z,1J.TI8A.,"['CH1', 'CH2', 'CHZ']",2018-12-29T11:33:44.350000Z,9.78
973,20181229T113543Z,1J.TI8A.,"['CH1', 'CH2', 'CHZ']",2018-12-29T11:35:43.170000Z,5.21
974,20181229T114008Z,1J.TI8A.,"['CH1', 'CH2', 'CHZ']",2018-12-29T11:40:23.150000Z,10.25
975,20181229T114545Z,1J.TI8A.,"['CH1', 'CH2', 'CHZ']",2018-12-29T11:46:04.150000Z,1.62
976,20181229T114751Z,1J.TI8A.,"['CH1', 'CH2', 'CHZ']",2018-12-29T11:47:51.460000Z,1.86
977,20181229T115108Z,1J.TI8A.,"['CH1', 'CH2', 'CHZ']",2018-12-29T11:51:08.560000Z,1.48
978,20181229T115304Z,1J.TI8A.,"['CH1', 'CH2', 'CHZ']",2018-12-29T11:53:04.130000Z,12.52
979,20181229T115339Z,1J.TI8A.,"['CH1', 'CH2', 'CHZ']",2018-12-29T11:53:39.780000Z,7.91
980,20181229T115546Z,1J.TI8A.,"['CH1', 'CH2', 'CHZ']",2018-12-29T11:55:51.320000Z,19.35
981,20181229T115853Z,1J.TI8A.,"['CH1', 'CH2', 'CHZ']",2018-12-29T11:58:53.420000Z,2.11
982,20181229T115917Z,1J.TI8A.,"['CH1', 'CH2', 'CHZ']",2018-12-29T11:59:17.850000Z,48.39
983,20181229T120500Z,1J.TI8A.,"['CH1', 'CH2', 'CHZ']",2018-12-29T12:05:00.710000Z,2.56
984,20181229T120544Z,1J.TI8A.,"['CH1', 'CH2', 'CHZ']",2018-12-29T12:05:44.670000Z,2.39
985,20181229T120747Z,1J.TI8A.,"['CH1', 'CH2', 'CHZ']",2018-12-29T12:07:47.850000Z,1.58
986,20181229T121638Z,1J.TI8A.,"['CH1', 'CH2', 'CHZ']",2018-12-29T12:16:38.910000Z,2.83
987,20181229T121821Z,1J.TI8A.,"['CH1', 'CH2', 'CHZ']",2018-12-29T12:18:21.080000Z,2.94
988,20181229T121938Z,1J.TI8A.,"['CH1', 'CH2', 'CHZ']",2018-12-29T12:19:38.100000Z,3.39
989,20181229T122112Z,1J.TI8A.,"['CH1', 'CH2', 'CHZ']",2018-12-29T12:21:12.760000Z,4.22
990,20181229T122216Z,1J.TI8A.,"['CH1', 'CH2', 'CHZ']",2018-12-29T12:22:16.070000Z,14.01
991,20181229T122325Z,1J.TI8A.,"['CH1', 'CH2', 'CHZ']",2018-12-29T12:23:25.430000Z,17.39
992,20181229T122422Z,1J.TI8A.,"['CH1', 'CH2', 'CHZ']",2018-12-29T12:24:22.600000Z,1.29
993,20181229T122636Z,1J.TI8A.,"['CH1', 'CH2', 'CHZ']",2018-12-29T12:26:36.400000Z,1.57
994,20181229T122935Z,1J.TI8A.,"['CH1', 'CH2', 'CHZ']",2018-12-29T12:29:35.310000Z,51.35
995,20181229T123224Z,1J.TI8A.,"['CH1', 'CH2', 'CHZ']",2018-12-29T12:32:25.120000Z,9.67
996,20181229T123338Z,1J.TI8A.,"['CH1', 'CH2', 'CHZ']",2018-12-29T12:33:38.150000Z,5.94
997,20181229T123538Z,1J.TI8A.,"['CH1', 'CH2', 'CHZ']",2018-12-29T12:35:38.650000Z,11.61
998,20181229T123721Z,1J.TI8A.,"['CH1', 'CH2', 'CHZ']",2018-12-29T12:37:21.620000Z,0.95
999,20181229T124031Z,1J.TI8A.,"['CH1', 'CH2', 'CHZ']",2018-12-29T12:40:31.390000Z,19.62
1000,20181229T124058Z,1J.TI8A.,"['CH1', 'CH2', 'CHZ']",2018-12-29T12:41:00.540000Z,20.39
1001,20181229T124317Z,1J.TI8A.,"['CH1', 'CH2', 'CHZ']",2018-12-29T12:43:17.450000Z,2.59
1002,20181229T124402Z,1J.TI8A.,"['CH1', 'CH2', 'CHZ']",2018-12-29T12:44:02.030000Z,1.74
1003,20181229T124440Z,1J.TI8A.,"['CH1', 'CH2', 'CHZ']",2018-12-29T12:44:40.430000Z,4.27
1004,20181229T124515Z,1J.TI8A.,"['CH1', 'CH2', 'CHZ']",2018-12-29T12:45:15.150000Z,1.31
1005,20181229T124610Z,1J.TI8A.,"['CH1', 'CH2', 'CHZ']",2018-12-29T12:46:10.890000Z,3.68
1006,20181229T124637Z,1J.TI8A.,"['CH1', 'CH2', 'CHZ']",2018-12-29T12:46:37.030000Z,0.95
1007,20181229T124739Z,1J.TI8A.,"['CH1', 'CH2', 'CHZ']",2018-12-29T12:47:39.130000Z,3.71
1008,20181229T124826Z,1J.TI8A.,"['CH1', 'CH2', 'CHZ']",2018-12-29T12:48:26.140000Z,12.84
1009,20181229T125011Z,1J.TI8A.,"['CH1', 'CH2', 'CHZ']",2018-12-29T12:50:11.450000Z,1.51
1010,20181229T125033Z,1J.TI8A.,"['CH1', 'CH2', 'CHZ']",2018-12-29T12:50:34.200000Z,19.43
1011,20181229T125152Z,1J.TI8A.,"['CH1', 'CH2', 'CHZ']",2018-12-29T12:51:52.330000Z,1.01
1012,20181229T125213Z,1J.TI8A.,"['CH1', 'CH2', 'CHZ']",2018-12-29T12:52:13.920000Z,1.64
1013,20181229T125244Z,1J.TI8A.,"['CH1', 'CH2', 'CHZ']",2018-12-29T12:52:44.100000Z,2.71
1014,20181229T125311Z,1J.TI8A.,"['CH1', 'CH2', 'CHZ']",2018-12-29T12:53:11.420000Z,1.14
1015,20181229T125731Z,1J.TI8A.,"['CH1', 'CH2', 'CHZ']",2018-12-29T12:57:31.190000Z,3.03
1016,20181229T125944Z,1J.TI8A.,"['CH1', 'CH2', 'CHZ']",2018-12-29T12:59:45.000000Z,1.93
1017,20181229T130042Z,1J.TI8A.,"['CH1', 'CH2', 'CHZ']",2018-12-29T13:00:42.920000Z,0.9
1018,20181229T130111Z,1J.TI8A.,"['CH1', 'CH2', 'CHZ']",2018-12-29T13:01:11.490000Z,14.09
1019,20181229T130226Z,1J.TI8A.,"['CH1', 'CH2', 'CHZ']",2018-12-29T13:02:26.930000Z,0.88
1020,20181229T130413Z,1J.TI8A.,"['CH1', 'CH2', 'CHZ']",2018-12-29T13:04:13.470000Z,4.71
1021,20181229T130435Z,1J.TI8A.,"['CH1', 'CH2', 'CHZ']",2018-12-29T13:04:35.660000Z,15.62
1022,20181229T130543Z,1J.TI8A.,"['CH1', 'CH2', 'CHZ']",2018-12-29T13:05:43.010000Z,1.26
1023,20181229T130607Z,1J.TI8A.,"['CH1', 'CH2', 'CHZ']",2018-12-29T13:06:07.400000Z,1.37
1024,20181229T130636Z,1J.TI8A.,"['CH1', 'CH2', 'CHZ']",2018-12-29T13:06:36.510000Z,1.3
1025,20181229T130723Z,1J.TI8A.,"['CH1', 'CH2', 'CHZ']",2018-12-29T13:07:23.730000Z,1.71
1026,20181229T130751Z,1J.TI8A.,"['CH1', 'CH2', 'CHZ']",2018-12-29T13:07:51.280000Z,1.47
1027,20181229T130919Z,1J.TI8A.,"['CH1', 'CH2', 'CHZ']",2018-12-29T13:09:19.210000Z,1.01
1028,20181229T131034Z,1J.TI8A.,"['CH1', 'CH2', 'CHZ']",2018-12-29T13:10:40.220000Z,1.13
1029,20181229T131124Z,1J.TI8A.,"['CH1', 'CH2', 'CHZ']",2018-12-29T13:11:24.520000Z,4.16
1030,20181229T131245Z,1J.TI8A.,"['CH1', 'CH2', 'CHZ']",2018-12-29T13:12:45.850000Z,1.67
1031,20181229T131312Z,1J.TI8A.,"['CH1', 'CH2', 'CHZ']",2018-12-29T13:13:12.900000Z,8.47
1032,20181229T131357Z,1J.TI8A.,"['CH1', 'CH2', 'CHZ']",2018-12-29T13:13:57.100000Z,12.3
1033,20181229T131609Z,1J.TI8A.,"['CH1', 'CH2', 'CHZ']",2018-12-29T13:16:09.850000Z,1.41
1034,20181229T131705Z,1J.TI8A.,"['CH1', 'CH2', 'CHZ']",2018-12-29T13:17:05.290000Z,5.29
1035,20181229T131752Z,1J.TI8A.,"['CH1', 'CH2', 'CHZ']",2018-12-29T13:17:52.080000Z,1.59
1036,20181229T131828Z,1J.TI8A.,"['CH1', 'CH2', 'CHZ']",2018-12-29T13:18:28.420000Z,4.25
1037,20181229T131906Z,1J.TI8A.,"['CH1', 'CH2', 'CHZ']",2018-12-29T13:19:06.560000Z,1.79
1038,20181229T132019Z,1J.TI8A.,"['CH1', 'CH2', 'CHZ']",2018-12-29T13:20:19.580000Z,2.23
1039,20181229T132117Z,1J.TI8A.,"['CH1', 'CH2', 'CHZ']",2018-12-29T13:21:17.060000Z,5.09
1040,20181229T132210Z,1J.TI8A.,"['CH1', 'CH2', 'CHZ']",2018-12-29T13:22:10.040000Z,3.47
1041,20181229T132445Z,1J.TI8A.,"['CH1', 'CH2', 'CHZ']",2018-12-29T13:24:45.430000Z,22.37
1042,20181229T132551Z,1J.TI8A.,"['CH1', 'CH2', 'CHZ']",2018-12-29T13:25:51.720000Z,7.53
1043,20181229T132836Z,1J.TI8A.,"['CH1', 'CH2', 'CHZ']",2018-12-29T13:28:36.610000Z,2.36
1044,20181229T132937Z,1J.TI8A.,"['CH1', 'CH2', 'CHZ']",2018-12-29T13:29:37.600000Z,13.36
1045,20181229T133014Z,1J.TI8A.,"['CH1', 'CH2', 'CHZ']",2018-12-29T13:30:14.650000Z,1.32
1046,20181229T133109Z,1J.TI8A.,"['CH1', 'CH2', 'CHZ']",2018-12-29T13:31:09.090000Z,2.1
1047,20181229T133149Z,1J.TI8A.,"['CH1', 'CH2', 'CHZ']",2018-12-29T13:31:49.790000Z,1.91
1048,20181229T133326Z,1J.TI8A.,"['CH1', 'CH2', 'CHZ']",2018-12-29T13:33:26.940000Z,2.82
1049,20181229T133432Z,1J.TI8A.,"['CH1', 'CH2', 'CHZ']",2018-12-29T13:34:32.120000Z,2.56
1050,20181229T133836Z,1J.TI8A.,"['CH1', 'CH2', 'CHZ']",2018-12-29T13:38:36.740000Z,19.88
1051,20181229T134029Z,1J.TI8A.,"['CH1', 'CH2', 'CHZ']",2018-12-29T13:40:29.490000Z,1.78
1052,20181229T134125Z,1J.TI8A.,"['CH1', 'CH2', 'CHZ']",2018-12-29T13:41:25.300000Z,2.21
1053,20181229T134200Z,1J.TI8A.,"['CH1', 'CH2', 'CHZ']",2018-12-29T13:42:00.460000Z,2.74
1054,20181229T134214Z,1J.TI8A.,"['CH1', 'CH2', 'CHZ']",2018-12-29T13:42:14.100000Z,33.63
1055,20181229T134404Z,1J.TI8A.,"['CH1', 'CH2', 'CHZ']",2018-12-29T13:44:04.680000Z,1.32
1056,20181229T134415Z,1J.TI8A.,"['CH1', 'CH2', 'CHZ']",2018-12-29T13:44:15.300000Z,50.87
1057,20181229T134823Z,1J.TI8A.,"['CH1', 'CH2', 'CHZ']",2018-12-29T13:48:23.890000Z,1.16
1058,20181229T134856Z,1J.TI8A.,"['CH1', 'CH2', 'CHZ']",2018-12-29T13:48:56.010000Z,1.58
1059,20181229T134930Z,1J.TI8A.,"['CH1', 'CH2', 'CHZ']",2018-12-29T13:49:30.520000Z,1.9
1060,20181229T135002Z,1J.TI8A.,"['CH1', 'CH2', 'CHZ']",2018-12-29T13:50:02.220000Z,1.93
1061,20181229T135036Z,1J.TI8A.,"['CH1', 'CH2', 'CHZ']",2018-12-29T13:50:36.890000Z,1.59
1062,20181229T135102Z,1J.TI8A.,"['CH1', 'CH2', 'CHZ']",2018-12-29T13:51:02.190000Z,10.68
1063,20181229T135145Z,1J.TI8A.,"['CH1', 'CH2', 'CHZ']",2018-12-29T13:51:45.070000Z,1.31
1064,20181229T135222Z,1J.TI8A.,"['CH1', 'CH2', 'CHZ']",2018-12-29T13:52:22.670000Z,1.8
1065,20181229T135256Z,1J.TI8A.,"['CH1', 'CH2', 'CHZ']",2018-12-29T13:52:56.570000Z,1.69
1066,20181229T135352Z,1J.TI8A.,"['CH1', 'CH2', 'CHZ']",2018-12-29T13:53:52.550000Z,2.13
1067,20181229T135424Z,1J.TI8A.,"['CH1', 'CH2', 'CHZ']",2018-12-29T13:54:24.820000Z,1.56
1068,20181229T135519Z,1J.TI8A.,"['CH1', 'CH2', 'CHZ']",2018-12-29T13:55:19.310000Z,1.54
1069,20181229T135550Z,1J.TI8A.,"['CH1', 'CH2', 'CHZ']",2018-12-29T13:55:50.570000Z,1.55
1070,20181229T135632Z,1J.TI8A.,"['CH1', 'CH2', 'CHZ']",2018-12-29T13:56:32.720000Z,1.49
1071,20181229T135657Z,1J.TI8A.,"['CH1', 'CH2', 'CHZ']",2018-12-29T13:57:15.940000Z,1.42
1072,20181229T135805Z,1J.TI8A.,"['CH1', 'CH2', 'CHZ']",2018-12-29T13:58:05.710000Z,2.37
1073,20181229T135837Z,1J.TI8A.,"['CH1', 'CH2', 'CHZ']",2018-12-29T13:58:37.860000Z,1.31
1074,20181229T135910Z,1J.TI8A.,"['CH1', 'CH2', 'CHZ']",2018-12-29T13:59:10.400000Z,1.64
1075,20181229T135946Z,1J.TI8A.,"['CH1', 'CH2', 'CHZ']",2018-12-29T13:59:46.580000Z,1.4
1076,20181229T140022Z,1J.TI8A.,"['CH1', 'CH2', 'CHZ']",2018-12-29T14:00:23.860000Z,3.63
1077,20181229T140100Z,1J.TI8A.,"['CH1', 'CH2', 'CHZ']",2018-12-29T14:01:00.230000Z,1.45
1078,20181229T140122Z,1J.TI8A.,"['CH1', 'CH2', 'CHZ']",2018-12-29T14:01:33.780000Z,1.23
1079,20181229T140220Z,1J.TI8A.,"['CH1', 'CH2', 'CHZ']",2018-12-29T14:02:28.980000Z,2.27
1080,20181229T140304Z,1J.TI8A.,"['CH1', 'CH2', 'CHZ']",2018-12-29T14:03:04.410000Z,1.57
1081,20181229T140338Z,1J.TI8A.,"['CH1', 'CH2', 'CHZ']",2018-12-29T14:03:38.250000Z,1.38
1082,20181229T140352Z,1J.TI8A.,"['CH1', 'CH2', 'CHZ']",2018-12-29T14:03:52.130000Z,12.08
1083,20181229T140506Z,1J.TI8A.,"['CH1', 'CH2', 'CHZ']",2018-12-29T14:05:06.230000Z,1.68
1084,20181229T140621Z,1J.TI8A.,"['CH1', 'CH2', 'CHZ']",2018-12-29T14:06:21.280000Z,3.67
1085,20181229T140743Z,1J.TI8A.,"['CH1', 'CH2', 'CHZ']",2018-12-29T14:07:43.710000Z,1.45
1086,20181229T140921Z,1J.TI8A.,"['CH1', 'CH2', 'CHZ']",2018-12-29T14:09:21.290000Z,1.77
1087,20181229T140956Z,1J.TI8A.,"['CH1', 'CH2', 'CHZ']",2018-12-29T14:09:56.110000Z,1.84
1088,20181229T141037Z,1J.TI8A.,"['CH1', 'CH2', 'CHZ']",2018-12-29T14:10:37.000000Z,4.98
1089,20181229T141118Z,1J.TI8A.,"['CH1', 'CH2', 'CHZ']",2018-12-29T14:11:18.640000Z,1.14
1090,20181229T141214Z,1J.TI8A.,"['CH1', 'CH2', 'CHZ']",2018-12-29T14:12:29.170000Z,15.44
1091,20181229T141350Z,1J.TI8A.,"['CH1', 'CH2', 'CHZ']",2018-12-29T14:13:50.390000Z,2.99
1092,20181229T141438Z,1J.TI8A.,"['CH1', 'CH2', 'CHZ']",2018-12-29T14:14:38.390000Z,3.44
1093,20181229T141520Z,1J.TI8A.,"['CH1', 'CH2', 'CHZ']",2018-12-29T14:15:20.470000Z,2.72
1094,20181229T141620Z,1J.TI8A.,"['CH1', 'CH2', 'CHZ']",2018-12-29T14:16:20.270000Z,2.76
1095,20181229T141700Z,1J.TI8A.,"['CH1', 'CH2', 'CHZ']",2018-12-29T14:17:00.720000Z,1.72
1096,20181229T142142Z,1J.TI8A.,"['CH1', 'CH2', 'CHZ']",2018-12-29T14:21:42.120000Z,23.25
1097,20181229T142341Z,1J.TI8A.,"['CH1', 'CH2', 'CHZ']",2018-12-29T14:23:41.270000Z,14.05
1098,20181229T142651Z,1J.TI8A.,"['CH1', 'CH2', 'CHZ']",2018-12-29T14:26:51.000000Z,3.23
1099,20181229T142737Z,1J.TI8A.,"['CH1', 'CH2', 'CHZ']",2018-12-29T14:27:37.360000Z,1.53
1100,20181229T142821Z,1J.TI8A.,"['CH1', 'CH2', 'CHZ']",2018-12-29T14:28:21.400000Z,1.49
1101,20181229T142853Z,1J.TI8A.,"['CH1', 'CH2', 'CHZ']",2018-12-29T14:28:53.560000Z,12.21
1102,20181229T143008Z,1J.TI8A.,"['CH1', 'CH2', 'CHZ']",2018-12-29T14:30:08.590000Z,1.3
1103,20181229T143058Z,1J.TI8A.,"['CH1', 'CH2', 'CHZ']",2018-12-29T14:30:58.350000Z,2.51
1104,20181229T143112Z,1J.TI8A.,"['CH1', 'CH2', 'CHZ']",2018-12-29T14:31:12.380000Z,10.0
1105,20181229T143257Z,1J.TI8A.,"['CH1', 'CH2', 'CHZ']",2018-12-29T14:32:57.190000Z,2.25
1106,20181229T143341Z,1J.TI8A.,"['CH1', 'CH2', 'CHZ']",2018-12-29T14:33:41.940000Z,2.02
1107,20181229T143350Z,1J.TI8A.,"['CH1', 'CH2', 'CHZ']",2018-12-29T14:33:50.700000Z,2.08
1108,20181229T143425Z,1J.TI8A.,"['CH1', 'CH2', 'CHZ']",2018-12-29T14:34:25.640000Z,2.32
1109,20181229T143510Z,1J.TI8A.,"['CH1', 'CH2', 'CHZ']",2018-12-29T14:35:10.070000Z,1.45
1110,20181229T143524Z,1J.TI8A.,"['CH1', 'CH2', 'CHZ']",2018-12-29T14:35:24.460000Z,15.35
1111,20181229T143640Z,1J.TI8A.,"['CH1', 'CH2', 'CHZ']",2018-12-29T14:36:40.960000Z,1.72
1112,20181229T143732Z,1J.TI8A.,"['CH1', 'CH2', 'CHZ']",2018-12-29T14:37:32.810000Z,2.42
1113,20181229T143751Z,1J.TI8A.,"['CH1', 'CH2', 'CHZ']",2018-12-29T14:37:51.430000Z,4.91
1114,20181229T143856Z,1J.TI8A.,"['CH1', 'CH2', 'CHZ']",2018-12-29T14:38:56.860000Z,1.33
1115,20181229T143932Z,1J.TI8A.,"['CH1', 'CH2', 'CHZ']",2018-12-29T14:39:32.500000Z,1.68
1116,20181229T144013Z,1J.TI8A.,"['CH1', 'CH2', 'CHZ']",2018-12-29T14:40:13.580000Z,1.75
1117,20181229T144054Z,1J.TI8A.,"['CH1', 'CH2', 'CHZ']",2018-12-29T14:40:54.870000Z,1.81
1118,20181229T144134Z,1J.TI8A.,"['CH1', 'CH2', 'CHZ']",2018-12-29T14:41:34.830000Z,1.8
1119,20181229T144159Z,1J.TI8A.,"['CH1', 'CH2', 'CHZ']",2018-12-29T14:41:59.240000Z,12.73
1120,20181229T144238Z,1J.TI8A.,"['CH1', 'CH2', 'CHZ']",2018-12-29T14:42:38.990000Z,13.24
1121,20181229T144339Z,1J.TI8A.,"['CH1', 'CH2', 'CHZ']",2018-12-29T14:43:39.770000Z,1.85
1122,20181229T144425Z,1J.TI8A.,"['CH1', 'CH2', 'CHZ']",2018-12-29T14:44:25.100000Z,1.81
1123,20181229T144459Z,1J.TI8A.,"['CH1', 'CH2', 'CHZ']",2018-12-29T14:44:59.710000Z,1.87
1124,20181229T144612Z,1J.TI8A.,"['CH1', 'CH2', 'CHZ']",2018-12-29T14:46:12.160000Z,2.86
1125,20181229T144656Z,1J.TI8A.,"['CH1', 'CH2', 'CHZ']",2018-12-29T14:46:56.820000Z,3.72
1126,20181229T144715Z,1J.TI8A.,"['CH1', 'CH2', 'CHZ']",2018-12-29T14:47:15.630000Z,22.61
1127,20181229T144817Z,1J.TI8A.,"['CH1', 'CH2', 'CHZ']",2018-12-29T14:48:17.270000Z,1.29
1128,20181229T144948Z,1J.TI8A.,"['CH1', 'CH2', 'CHZ']",2018-12-29T14:49:48.250000Z,1.55
1129,20181229T145032Z,1J.TI8A.,"['CH1', 'CH2', 'CHZ']",2018-12-29T14:50:32.270000Z,1.63
1130,20181229T145111Z,1J.TI8A.,"['CH1', 'CH2', 'CHZ']",2018-12-29T14:51:11.690000Z,3.09
1131,20181229T145153Z,1J.TI8A.,"['CH1', 'CH2', 'CHZ']",2018-12-29T14:51:53.740000Z,2.84
1132,20181229T145234Z,1J.TI8A.,"['CH1', 'CH2', 'CHZ']",2018-12-29T14:52:34.420000Z,1.65
1133,20181229T145311Z,1J.TI8A.,"['CH1', 'CH2', 'CHZ']",2018-12-29T14:53:11.050000Z,1.84
1134,20181229T145351Z,1J.TI8A.,"['CH1', 'CH2', 'CHZ']",2018-12-29T14:53:51.860000Z,12.97
1135,20181229T145506Z,1J.TI8A.,"['CH1', 'CH2', 'CHZ']",2018-12-29T14:55:06.470000Z,1.69
1136,20181229T145548Z,1J.TI8A.,"['CH1', 'CH2', 'CHZ']",2018-12-29T14:55:48.850000Z,1.94
1137,20181229T145641Z,1J.TI8A.,"['CH1', 'CH2', 'CHZ']",2018-12-29T14:56:41.740000Z,2.34
1138,20181229T145727Z,1J.TI8A.,"['CH1', 'CH2', 'CHZ']",2018-12-29T14:57:27.600000Z,1.55
1139,20181229T145821Z,1J.TI8A.,"['CH1', 'CH2', 'CHZ']",2018-12-29T14:58:21.510000Z,2.2
1140,20181229T145902Z,1J.TI8A.,"['CH1', 'CH2', 'CHZ']",2018-12-29T14:59:02.910000Z,1.48
1141,20181229T145939Z,1J.TI8A.,"['CH1', 'CH2', 'CHZ']",2018-12-29T14:59:39.930000Z,1.62
1142,20181229T150016Z,1J.TI8A.,"['CH1', 'CH2', 'CHZ']",2018-12-29T15:00:16.330000Z,1.71
1143,20181229T150055Z,1J.TI8A.,"['CH1', 'CH2', 'CHZ']",2018-12-29T15:00:55.470000Z,2.13
1144,20181229T150140Z,1J.TI8A.,"['CH1', 'CH2', 'CHZ']",2018-12-29T15:01:40.520000Z,1.81
1145,20181229T150218Z,1J.TI8A.,"['CH1', 'CH2', 'CHZ']",2018-12-29T15:02:18.800000Z,2.03
1146,20181229T150305Z,1J.TI8A.,"['CH1', 'CH2', 'CHZ']",2018-12-29T15:03:05.110000Z,3.01
1147,20181229T150350Z,1J.TI8A.,"['CH1', 'CH2', 'CHZ']",2018-12-29T15:03:50.070000Z,1.61
1148,20181229T150434Z,1J.TI8A.,"['CH1', 'CH2', 'CHZ']",2018-12-29T15:04:34.840000Z,2.93
1149,20181229T150513Z,1J.TI8A.,"['CH1', 'CH2', 'CHZ']",2018-12-29T15:05:13.170000Z,1.63
1150,20181229T150552Z,1J.TI8A.,"['CH1', 'CH2', 'CHZ']",2018-12-29T15:05:52.840000Z,3.22
1151,20181229T150631Z,1J.TI8A.,"['CH1', 'CH2', 'CHZ']",2018-12-29T15:06:31.260000Z,13.01
1152,20181229T150718Z,1J.TI8A.,"['CH1', 'CH2', 'CHZ']",2018-12-29T15:07:18.870000Z,1.24
1153,20181229T150739Z,1J.TI8A.,"['CH1', 'CH2', 'CHZ']",2018-12-29T15:07:39.300000Z,16.43
1154,20181229T150846Z,1J.TI8A.,"['CH1', 'CH2', 'CHZ']",2018-12-29T15:08:46.350000Z,1.36
1155,20181229T150932Z,1J.TI8A.,"['CH1', 'CH2', 'CHZ']",2018-12-29T15:09:32.930000Z,2.81
1156,20181229T151015Z,1J.TI8A.,"['CH1', 'CH2', 'CHZ']",2018-12-29T15:10:15.090000Z,2.62
1157,20181229T151055Z,1J.TI8A.,"['CH1', 'CH2', 'CHZ']",2018-12-29T15:10:55.500000Z,1.39
1158,20181229T151133Z,1J.TI8A.,"['CH1', 'CH2', 'CHZ']",2018-12-29T15:11:33.970000Z,2.42
1159,20181229T151210Z,1J.TI8A.,"['CH1', 'CH2', 'CHZ']",2018-12-29T15:12:13.960000Z,2.67
1160,20181229T151254Z,1J.TI8A.,"['CH1', 'CH2', 'CHZ']",2018-12-29T15:12:54.920000Z,2.31
1161,20181229T151324Z,1J.TI8A.,"['CH1', 'CH2', 'CHZ']",2018-12-29T15:13:24.920000Z,1.62
1162,20181229T151403Z,1J.TI8A.,"['CH1', 'CH2', 'CHZ']",2018-12-29T15:14:03.570000Z,1.89
1163,20181229T151444Z,1J.TI8A.,"['CH1', 'CH2', 'CHZ']",2018-12-29T15:14:44.490000Z,2.53
1164,20181229T151515Z,1J.TI8A.,"['CH1', 'CH2', 'CHZ']",2018-12-29T15:15:15.440000Z,1.55
1165,20181229T151547Z,1J.TI8A.,"['CH1', 'CH2', 'CHZ']",2018-12-29T15:15:47.490000Z,1.09
1166,20181229T151621Z,1J.TI8A.,"['CH1', 'CH2', 'CHZ']",2018-12-29T15:16:21.710000Z,1.81
1167,20181229T151659Z,1J.TI8A.,"['CH1', 'CH2', 'CHZ']",2018-12-29T15:16:59.770000Z,1.72
1168,20181229T151742Z,1J.TI8A.,"['CH1', 'CH2', 'CHZ']",2018-12-29T15:17:42.220000Z,2.23
1169,20181229T151755Z,1J.TI8A.,"['CH1', 'CH2', 'CHZ']",2018-12-29T15:17:55.650000Z,15.23
1170,20181229T151902Z,1J.TI8A.,"['CH1', 'CH2', 'CHZ']",2018-12-29T15:19:02.790000Z,1.87
1171,20181229T151910Z,1J.TI8A.,"['CH1', 'CH2', 'CHZ']",2018-12-29T15:19:10.440000Z,9.27
1172,20181229T152058Z,1J.TI8A.,"['CH1', 'CH2', 'CHZ']",2018-12-29T15:20:58.510000Z,2.17
1173,20181229T152137Z,1J.TI8A.,"['CH1', 'CH2', 'CHZ']",2018-12-29T15:21:37.330000Z,2.37
1174,20181229T152258Z,1J.TI8A.,"['CH1', 'CH2', 'CHZ']",2018-12-29T15:22:58.070000Z,2.04
1175,20181229T152339Z,1J.TI8A.,"['CH1', 'CH2', 'CHZ']",2018-12-29T15:23:39.800000Z,3.98
1176,20181229T152418Z,1J.TI8A.,"['CH1', 'CH2', 'CHZ']",2018-12-29T15:24:18.980000Z,1.59
1177,20181229T152451Z,1J.TI8A.,"['CH1', 'CH2', 'CHZ']",2018-12-29T15:24:51.100000Z,1.16
1178,20181229T152555Z,1J.TI8A.,"['CH1', 'CH2', 'CHZ']",2018-12-29T15:25:55.250000Z,1.9
1179,20181229T152628Z,1J.TI8A.,"['CH1', 'CH2', 'CHZ']",2018-12-29T15:26:28.650000Z,1.43
1180,20181229T152749Z,1J.TI8A.,"['CH1', 'CH2', 'CHZ']",2018-12-29T15:27:49.980000Z,1.68
1181,20181229T152935Z,1J.TI8A.,"['CH1', 'CH2', 'CHZ']",2018-12-29T15:29:35.710000Z,2.08
1182,20181229T153013Z,1J.TI8A.,"['CH1', 'CH2', 'CHZ']",2018-12-29T15:30:13.060000Z,1.24
1183,20181229T153048Z,1J.TI8A.,"['CH1', 'CH2', 'CHZ']",2018-12-29T15:30:48.840000Z,2.37
1184,20181229T153127Z,1J.TI8A.,"['CH1', 'CH2', 'CHZ']",2018-12-29T15:31:27.080000Z,0.98
1185,20181229T153204Z,1J.TI8A.,"['CH1', 'CH2', 'CHZ']",2018-12-29T15:32:04.830000Z,12.51
1186,20181229T153242Z,1J.TI8A.,"['CH1', 'CH2', 'CHZ']",2018-12-29T15:32:42.540000Z,1.38
1187,20181229T153314Z,1J.TI8A.,"['CH1', 'CH2', 'CHZ']",2018-12-29T15:33:14.200000Z,13.09
1188,20181229T153417Z,1J.TI8A.,"['CH1', 'CH2', 'CHZ']",2018-12-29T15:34:17.010000Z,1.2
1189,20181229T153459Z,1J.TI8A.,"['CH1', 'CH2', 'CHZ']",2018-12-29T15:34:59.840000Z,2.13
1190,20181229T153534Z,1J.TI8A.,"['CH1', 'CH2', 'CHZ']",2018-12-29T15:35:34.540000Z,1.53
1191,20181229T153543Z,1J.TI8A.,"['CH1', 'CH2', 'CHZ']",2018-12-29T15:35:43.830000Z,52.77
1192,20181229T153753Z,1J.TI8A.,"['CH1', 'CH2', 'CHZ']",2018-12-29T15:37:53.360000Z,1.91
1193,20181229T153842Z,1J.TI8A.,"['CH1', 'CH2', 'CHZ']",2018-12-29T15:38:42.920000Z,1.4
1194,20181229T153927Z,1J.TI8A.,"['CH1', 'CH2', 'CHZ']",2018-12-29T15:39:27.080000Z,2.06
1195,20181229T154012Z,1J.TI8A.,"['CH1', 'CH2', 'CHZ']",2018-12-29T15:40:12.140000Z,19.36
1196,20181229T154130Z,1J.TI8A.,"['CH1', 'CH2', 'CHZ']",2018-12-29T15:41:30.260000Z,1.8
1197,20181229T154203Z,1J.TI8A.,"['CH1', 'CH2', 'CHZ']",2018-12-29T15:42:03.270000Z,1.52
1198,20181229T154253Z,1J.TI8A.,"['CH1', 'CH2', 'CHZ']",2018-12-29T15:42:53.480000Z,1.58
1199,20181229T154345Z,1J.TI8A.,"['CH1', 'CH2', 'CHZ']",2018-12-29T15:43:45.800000Z,1.62
1200,20181229T154420Z,1J.TI8A.,"['CH1', 'CH2', 'CHZ']",2018-12-29T15:44:20.950000Z,1.64
1201,20181229T154428Z,1J.TI8A.,"['CH1', 'CH2', 'CHZ']",2018-12-29T15:44:28.700000Z,11.74
1202,20181229T154458Z,1J.TI8A.,"['CH1', 'CH2', 'CHZ']",2018-12-29T15:44:58.000000Z,34.29
1203,20181229T154655Z,1J.TI8A.,"['CH1', 'CH2', 'CHZ']",2018-12-29T15:46:55.790000Z,1.36
1204,20181229T154731Z,1J.TI8A.,"['CH1', 'CH2', 'CHZ']",2018-12-29T15:47:31.320000Z,1.37
1205,20181229T154823Z,1J.TI8A.,"['CH1', 'CH2', 'CHZ']",2018-12-29T15:48:23.300000Z,2.4
1206,20181229T154923Z,1J.TI8A.,"['CH1', 'CH2', 'CHZ']",2018-12-29T15:49:23.310000Z,1.87
1207,20181229T154946Z,1J.TI8A.,"['CH1', 'CH2', 'CHZ']",2018-12-29T15:49:46.880000Z,11.53
1208,20181229T155021Z,1J.TI8A.,"['CH1', 'CH2', 'CHZ']",2018-12-29T15:50:21.810000Z,1.49
1209,20181229T155043Z,1J.TI8A.,"['CH1', 'CH2', 'CHZ']",2018-12-29T15:50:43.910000Z,51.39
1210,20181229T155227Z,1J.TI8A.,"['CH1', 'CH2', 'CHZ']",2018-12-29T15:52:27.710000Z,0.97
1211,20181229T155400Z,1J.TI8A.,"['CH1', 'CH2', 'CHZ']",2018-12-29T15:54:00.750000Z,2.42
1212,20181229T155437Z,1J.TI8A.,"['CH1', 'CH2', 'CHZ']",2018-12-29T15:54:37.390000Z,1.68
1213,20181229T155507Z,1J.TI8A.,"['CH1', 'CH2', 'CHZ']",2018-12-29T15:55:07.350000Z,1.63
1214,20181229T155600Z,1J.TI8A.,"['CH1', 'CH2', 'CHZ']",2018-12-29T15:56:00.220000Z,2.66
1215,20181229T155654Z,1J.TI8A.,"['CH1', 'CH2', 'CHZ']",2018-12-29T15:56:54.370000Z,2.59
1216,20181229T155727Z,1J.TI8A.,"['CH1', 'CH2', 'CHZ']",2018-12-29T15:57:27.150000Z,3.24
1217,20181229T155904Z,1J.TI8A.,"['CH1', 'CH2', 'CHZ']",2018-12-29T15:59:04.950000Z,1.53
1218,20181229T155942Z,1J.TI8A.,"['CH1', 'CH2', 'CHZ']",2018-12-29T15:59:42.850000Z,2.53
1219,20181229T160008Z,1J.TI8A.,"['CH1', 'CH2', 'CHZ']",2018-12-29T16:00:08.020000Z,14.21
1220,20181229T160102Z,1J.TI8A.,"['CH1', 'CH2', 'CHZ']",2018-12-29T16:01:02.760000Z,1.14
1221,20181229T160208Z,1J.TI8A.,"['CH1', 'CH2', 'CHZ']",2018-12-29T16:02:08.390000Z,1.42
1222,20181229T160240Z,1J.TI8A.,"['CH1', 'CH2', 'CHZ']",2018-12-29T16:02:43.670000Z,2.6
1223,20181229T160259Z,1J.TI8A.,"['CH1', 'CH2', 'CHZ']",2018-12-29T16:02:59.470000Z,20.97
1224,20181229T160435Z,1J.TI8A.,"['CH1', 'CH2', 'CHZ']",2018-12-29T16:04:35.010000Z,1.64
1225,20181229T160500Z,1J.TI8A.,"['CH1', 'CH2', 'CHZ']",2018-12-29T16:05:00.400000Z,2.55
1226,20181229T160504Z,1J.TI8A.,"['CH1', 'CH2', 'CHZ']",2018-12-29T16:06:12.360000Z,17.0
1227,20181229T160716Z,1J.TI8A.,"['CH1', 'CH2', 'CHZ']",2018-12-29T16:07:16.250000Z,1.31
1228,20181229T160751Z,1J.TI8A.,"['CH1', 'CH2', 'CHZ']",2018-12-29T16:07:51.500000Z,2.28
1229,20181229T160801Z,1J.TI8A.,"['CH1', 'CH2', 'CHZ']",2018-12-29T16:08:01.130000Z,2.28
1230,20181229T160823Z,1J.TI8A.,"['CH1', 'CH2', 'CHZ']",2018-12-29T16:08:23.900000Z,1.38
1231,20181229T160850Z,1J.TI8A.,"['CH1', 'CH2', 'CHZ']",2018-12-29T16:08:50.020000Z,9.71
1232,20181229T160938Z,1J.TI8A.,"['CH1', 'CH2', 'CHZ']",2018-12-29T16:09:38.080000Z,2.08
1233,20181229T161043Z,1J.TI8A.,"['CH1', 'CH2', 'CHZ']",2018-12-29T16:10:43.220000Z,1.52
1234,20181229T161127Z,1J.TI8A.,"['CH1', 'CH2', 'CHZ']",2018-12-29T16:11:27.150000Z,1.88
1235,20181229T161212Z,1J.TI8A.,"['CH1', 'CH2', 'CHZ']",2018-12-29T16:12:12.570000Z,2.19
1236,20181229T161306Z,1J.TI8A.,"['CH1', 'CH2', 'CHZ']",2018-12-29T16:13:06.990000Z,12.76
1237,20181229T161340Z,1J.TI8A.,"['CH1', 'CH2', 'CHZ']",2018-12-29T16:13:40.370000Z,1.27
1238,20181229T161356Z,1J.TI8A.,"['CH1', 'CH2', 'CHZ']",2018-12-29T16:13:56.110000Z,1.16
1239,20181229T161426Z,1J.TI8A.,"['CH1', 'CH2', 'CHZ']",2018-12-29T16:14:32.670000Z,2.05
1240,20181229T161444Z,1J.TI8A.,"['CH1', 'CH2', 'CHZ']",2018-12-29T16:14:44.640000Z,0.99
1241,20181229T161509Z,1J.TI8A.,"['CH1', 'CH2', 'CHZ']",2018-12-29T16:15:09.690000Z,2.01
1242,20181229T161541Z,1J.TI8A.,"['CH1', 'CH2', 'CHZ']",2018-12-29T16:15:41.140000Z,1.97
1243,20181229T161622Z,1J.TI8A.,"['CH1', 'CH2', 'CHZ']",2018-12-29T16:16:22.970000Z,2.43
1244,20181229T161649Z,1J.TI8A.,"['CH1', 'CH2', 'CHZ']",2018-12-29T16:16:49.430000Z,3.47
1245,20181229T161739Z,1J.TI8A.,"['CH1', 'CH2', 'CHZ']",2018-12-29T16:17:39.110000Z,1.6
1246,20181229T161829Z,1J.TI8A.,"['CH1', 'CH2', 'CHZ']",2018-12-29T16:18:29.160000Z,3.09
1247,20181229T161904Z,1J.TI8A.,"['CH1', 'CH2', 'CHZ']",2018-12-29T16:19:04.190000Z,12.98
1248,20181229T162021Z,1J.TI8A.,"['CH1', 'CH2', 'CHZ']",2018-12-29T16:20:21.310000Z,1.84
1249,20181229T162152Z,1J.TI8A.,"['CH1', 'CH2', 'CHZ']",2018-12-29T16:21:52.850000Z,2.34
1250,20181229T162203Z,1J.TI8A.,"['CH1', 'CH2', 'CHZ']",2018-12-29T16:22:03.240000Z,11.53
1251,20181229T162748Z,1J.TI8A.,"['CH1', 'CH2', 'CHZ']",2018-12-29T16:27:48.910000Z,1.49
1252,20181229T162819Z,1J.TI8A.,"['CH1', 'CH2', 'CHZ']",2018-12-29T16:28:21.640000Z,1.91
1253,20181229T162846Z,1J.TI8A.,"['CH1', 'CH2', 'CHZ']",2018-12-29T16:28:56.440000Z,2.24
1254,20181229T162939Z,1J.TI8A.,"['CH1', 'CH2', 'CHZ']",2018-12-29T16:29:39.660000Z,2.09
1255,20181229T163010Z,1J.TI8A.,"['CH1', 'CH2', 'CHZ']",2018-12-29T16:30:10.890000Z,1.51
1256,20181229T163045Z,1J.TI8A.,"['CH1', 'CH2', 'CHZ']",2018-12-29T16:30:45.710000Z,2.16
1257,20181229T163131Z,1J.TI8A.,"['CH1', 'CH2', 'CHZ']",2018-12-29T16:31:31.480000Z,2.6
1258,20181229T163206Z,1J.TI8A.,"['CH1', 'CH2', 'CHZ']",2018-12-29T16:32:06.710000Z,1.83
1259,20181229T163235Z,1J.TI8A.,"['CH1', 'CH2', 'CHZ']",2018-12-29T16:32:51.450000Z,2.59
1260,20181229T163321Z,1J.TI8A.,"['CH1', 'CH2', 'CHZ']",2018-12-29T16:33:35.670000Z,2.82
1261,20181229T163345Z,1J.TI8A.,"['CH1', 'CH2', 'CHZ']",2018-12-29T16:33:45.660000Z,19.92
1262,20181229T163418Z,1J.TI8A.,"['CH1', 'CH2', 'CHZ']",2018-12-29T16:34:18.900000Z,0.8
1263,20181229T163440Z,1J.TI8A.,"['CH1', 'CH2', 'CHZ']",2018-12-29T16:34:58.810000Z,2.12
1264,20181229T163607Z,1J.TI8A.,"['CH1', 'CH2', 'CHZ']",2018-12-29T16:36:07.370000Z,2.28
1265,20181229T163649Z,1J.TI8A.,"['CH1', 'CH2', 'CHZ']",2018-12-29T16:36:49.500000Z,5.45
1266,20181229T163727Z,1J.TI8A.,"['CH1', 'CH2', 'CHZ']",2018-12-29T16:37:27.810000Z,1.85
1267,20181229T163804Z,1J.TI8A.,"['CH1', 'CH2', 'CHZ']",2018-12-29T16:38:05.670000Z,1.7
1268,20181229T163836Z,1J.TI8A.,"['CH1', 'CH2', 'CHZ']",2018-12-29T16:38:36.130000Z,1.89
1269,20181229T163928Z,1J.TI8A.,"['CH1', 'CH2', 'CHZ']",2018-12-29T16:39:28.230000Z,2.41
1270,20181229T164007Z,1J.TI8A.,"['CH1', 'CH2', 'CHZ']",2018-12-29T16:40:07.290000Z,1.78
1271,20181229T164036Z,1J.TI8A.,"['CH1', 'CH2', 'CHZ']",2018-12-29T16:40:36.810000Z,1.86
1272,20181229T164124Z,1J.TI8A.,"['CH1', 'CH2', 'CHZ']",2018-12-29T16:41:24.560000Z,2.27
1273,20181229T164214Z,1J.TI8A.,"['CH1', 'CH2', 'CHZ']",2018-12-29T16:42:14.720000Z,2.65
1274,20181229T164252Z,1J.TI8A.,"['CH1', 'CH2', 'CHZ']",2018-12-29T16:42:52.090000Z,2.57
1275,20181229T164327Z,1J.TI8A.,"['CH1', 'CH2', 'CHZ']",2018-12-29T16:43:27.640000Z,2.25
1276,20181229T164417Z,1J.TI8A.,"['CH1', 'CH2', 'CHZ']",2018-12-29T16:44:17.020000Z,1.98
1277,20181229T164451Z,1J.TI8A.,"['CH1', 'CH2', 'CHZ']",2018-12-29T16:44:51.560000Z,20.76
1278,20181229T164631Z,1J.TI8A.,"['CH1', 'CH2', 'CHZ']",2018-12-29T16:46:31.670000Z,5.4
1279,20181229T164651Z,1J.TI8A.,"['CH1', 'CH2', 'CHZ']",2018-12-29T16:46:51.280000Z,0.91
1280,20181229T164754Z,1J.TI8A.,"['CH1', 'CH2', 'CHZ']",2018-12-29T16:47:54.730000Z,2.06
1281,20181229T164837Z,1J.TI8A.,"['CH1', 'CH2', 'CHZ']",2018-12-29T16:48:37.850000Z,2.04
1282,20181229T164910Z,1J.TI8A.,"['CH1', 'CH2', 'CHZ']",2018-12-29T16:49:10.440000Z,1.36
1283,20181229T164951Z,1J.TI8A.,"['CH1', 'CH2', 'CHZ']",2018-12-29T16:49:51.140000Z,2.18
1284,20181229T165047Z,1J.TI8A.,"['CH1', 'CH2', 'CHZ']",2018-12-29T16:50:47.680000Z,1.37
1285,20181229T165132Z,1J.TI8A.,"['CH1', 'CH2', 'CHZ']",2018-12-29T16:51:32.850000Z,1.55
1286,20181229T165200Z,1J.TI8A.,"['CH1', 'CH2', 'CHZ']",2018-12-29T16:52:01.050000Z,5.16
1287,20181229T165300Z,1J.TI8A.,"['CH1', 'CH2', 'CHZ']",2018-12-29T16:53:00.790000Z,1.07
1288,20181229T165411Z,1J.TI8A.,"['CH1', 'CH2', 'CHZ']",2018-12-29T16:54:11.450000Z,1.11
1289,20181229T165442Z,1J.TI8A.,"['CH1', 'CH2', 'CHZ']",2018-12-29T16:54:42.220000Z,1.6
1290,20181229T165536Z,1J.TI8A.,"['CH1', 'CH2', 'CHZ']",2018-12-29T16:55:36.100000Z,19.88
1291,20181229T165601Z,1J.TI8A.,"['CH1', 'CH2', 'CHZ']",2018-12-29T16:56:05.690000Z,21.19
1292,20181229T165721Z,1J.TI8A.,"['CH1', 'CH2', 'CHZ']",2018-12-29T16:57:21.740000Z,5.69
1293,20181229T165815Z,1J.TI8A.,"['CH1', 'CH2', 'CHZ']",2018-12-29T16:58:15.050000Z,4.71
1294,20181229T165927Z,1J.TI8A.,"['CH1', 'CH2', 'CHZ']",2018-12-29T16:59:27.020000Z,6.34
1295,20181229T170014Z,1J.TI8A.,"['CH1', 'CH2', 'CHZ']",2018-12-29T17:00:14.080000Z,1.44
1296,20181229T170113Z,1J.TI8A.,"['CH1', 'CH2', 'CHZ']",2018-12-29T17:01:13.760000Z,1.38
1297,20181229T170148Z,1J.TI8A.,"['CH1', 'CH2', 'CHZ']",2018-12-29T17:01:48.650000Z,1.19
1298,20181229T170218Z,1J.TI8A.,"['CH1', 'CH2', 'CHZ']",2018-12-29T17:02:18.320000Z,1.11
1299,20181229T170250Z,1J.TI8A.,"['CH1', 'CH2', 'CHZ']",2018-12-29T17:02:50.460000Z,0.97
1300,20181229T170531Z,1J.TI8A.,"['CH1', 'CH2', 'CHZ']",2018-12-29T17:05:31.260000Z,17.15
1301,20181229T171253Z,1J.TI8A.,"['CH1', 'CH2', 'CHZ']",2018-12-29T17:12:53.000000Z,20.92
1302,20181229T171321Z,1J.TI8A.,"['CH1', 'CH2', 'CHZ']",2018-12-29T17:13:21.660000Z,0.67
1303,20181229T171638Z,1J.TI8A.,"['CH1', 'CH2', 'CHZ']",2018-12-29T17:16:38.940000Z,14.96
1304,20181229T171719Z,1J.TI8A.,"['CH1', 'CH2', 'CHZ']",2018-12-29T17:17:19.910000Z,1.59
1305,20181229T171905Z,1J.TI8A.,"['CH1', 'CH2', 'CHZ']",2018-12-29T17:19:05.830000Z,1.88
1306,20181229T172023Z,1J.TI8A.,"['CH1', 'CH2', 'CHZ']",2018-12-29T17:20:23.660000Z,2.28
1307,20181229T172216Z,1J.TI8A.,"['CH1', 'CH2', 'CHZ']",2018-12-29T17:22:16.590000Z,1.61
1308,20181229T172230Z,1J.TI8A.,"['CH1', 'CH2', 'CHZ']",2018-12-29T17:22:30.700000Z,7.21
1309,20181229T172318Z,1J.TI8A.,"['CH1', 'CH2', 'CHZ']",2018-12-29T17:23:22.860000Z,4.57
1310,20181229T172427Z,1J.TI8A.,"['CH1', 'CH2', 'CHZ']",2018-12-29T17:24:27.620000Z,1.25
1311,20181229T172434Z,1J.TI8A.,"['CH1', 'CH2', 'CHZ']",2018-12-29T17:24:34.750000Z,2.08
1312,20181229T172603Z,1J.TI8A.,"['CH1', 'CH2', 'CHZ']",2018-12-29T17:26:03.440000Z,2.38
1313,20181229T172742Z,1J.TI8A.,"['CH1', 'CH2', 'CHZ']",2018-12-29T17:27:42.860000Z,2.93
1314,20181229T172827Z,1J.TI8A.,"['CH1', 'CH2', 'CHZ']",2018-12-29T17:28:27.790000Z,4.48
1315,20181229T172933Z,1J.TI8A.,"['CH1', 'CH2', 'CHZ']",2018-12-29T17:29:33.170000Z,1.59
1316,20181229T173034Z,1J.TI8A.,"['CH1', 'CH2', 'CHZ']",2018-12-29T17:30:34.090000Z,3.5
1317,20181229T173314Z,1J.TI8A.,"['CH1', 'CH2', 'CHZ']",2018-12-29T17:33:14.110000Z,5.07
1318,20181229T173430Z,1J.TI8A.,"['CH1', 'CH2', 'CHZ']",2018-12-29T17:34:30.000000Z,1.81
1319,20181229T173518Z,1J.TI8A.,"['CH1', 'CH2', 'CHZ']",2018-12-29T17:35:18.310000Z,3.24
1320,20181229T173846Z,1J.TI8A.,"['CH1', 'CH2', 'CHZ']",2018-12-29T17:38:49.070000Z,4.61
1321,20181229T173932Z,1J.TI8A.,"['CH1', 'CH2', 'CHZ']",2018-12-29T17:39:32.390000Z,21.8
1322,20181229T174121Z,1J.TI8A.,"['CH1', 'CH2', 'CHZ']",2018-12-29T17:41:21.120000Z,1.21
1323,20181229T174248Z,1J.TI8A.,"['CH1', 'CH2', 'CHZ']",2018-12-29T17:42:48.160000Z,1.9
1324,20181229T174332Z,1J.TI8A.,"['CH1', 'CH2', 'CHZ']",2018-12-29T17:43:32.960000Z,3.93
1325,20181229T174410Z,1J.TI8A.,"['CH1', 'CH2', 'CHZ']",2018-12-29T17:44:10.010000Z,9.78
1326,20181229T174442Z,1J.TI8A.,"['CH1', 'CH2', 'CHZ']",2018-12-29T17:44:42.530000Z,16.22
1327,20181229T174636Z,1J.TI8A.,"['CH1', 'CH2', 'CHZ']",2018-12-29T17:46:36.110000Z,1.49
1328,20181229T174724Z,1J.TI8A.,"['CH1', 'CH2', 'CHZ']",2018-12-29T17:47:24.020000Z,2.64
1329,20181229T174811Z,1J.TI8A.,"['CH1', 'CH2', 'CHZ']",2018-12-29T17:48:11.820000Z,2.22
1330,20181229T175017Z,1J.TI8A.,"['CH1', 'CH2', 'CHZ']",2018-12-29T17:50:17.780000Z,23.51
1331,20181229T175132Z,1J.TI8A.,"['CH1', 'CH2', 'CHZ']",2018-12-29T17:51:32.440000Z,12.85
1332,20181229T175525Z,1J.TI8A.,"['CH1', 'CH2', 'CHZ']",2018-12-29T17:55:25.340000Z,5.44
1333,20181229T175626Z,1J.TI8A.,"['CH1', 'CH2', 'CHZ']",2018-12-29T17:56:26.270000Z,3.62
1334,20181229T175807Z,1J.TI8A.,"['CH1', 'CH2', 'CHZ']",2018-12-29T17:58:07.530000Z,9.68
1335,20181229T175952Z,1J.TI8A.,"['CH1', 'CH2', 'CHZ']",2018-12-29T17:59:52.680000Z,7.97
1336,20181229T180107Z,1J.TI8A.,"['CH1', 'CH2', 'CHZ']",2018-12-29T18:01:35.560000Z,2.61
1337,20181229T180151Z,1J.TI8A.,"['CH1', 'CH2', 'CHZ']",2018-12-29T18:01:51.920000Z,6.13
1338,20181229T180254Z,1J.TI8A.,"['CH1', 'CH2', 'CHZ']",2018-12-29T18:02:54.950000Z,2.14
1339,20181229T180417Z,1J.TI8A.,"['CH1', 'CH2', 'CHZ']",2018-12-29T18:04:17.250000Z,10.43
1340,20181229T180451Z,1J.TI8A.,"['CH1', 'CH2', 'CHZ']",2018-12-29T18:04:51.730000Z,1.38
1341,20181229T180516Z,1J.TI8A.,"['CH1', 'CH2', 'CHZ']",2018-12-29T18:05:16.150000Z,14.6
1342,20181229T180620Z,1J.TI8A.,"['CH1', 'CH2', 'CHZ']",2018-12-29T18:06:20.680000Z,16.36
1343,20181229T180829Z,1J.TI8A.,"['CH1', 'CH2', 'CHZ']",2018-12-29T18:08:29.980000Z,1.49
1344,20181229T181029Z,1J.TI8A.,"['CH1', 'CH2', 'CHZ']",2018-12-29T18:10:29.580000Z,15.3
1345,20181229T181055Z,1J.TI8A.,"['CH1', 'CH2', 'CHZ']",2018-12-29T18:10:59.460000Z,21.36
1346,20181229T181137Z,1J.TI8A.,"['CH1', 'CH2', 'CHZ']",2018-12-29T18:11:37.740000Z,0.9
1347,20181229T181403Z,1J.TI8A.,"['CH1', 'CH2', 'CHZ']",2018-12-29T18:14:11.290000Z,1.76
1348,20181229T181545Z,1J.TI8A.,"['CH1', 'CH2', 'CHZ']",2018-12-29T18:15:45.030000Z,3.88
1349,20181229T181723Z,1J.TI8A.,"['CH1', 'CH2', 'CHZ']",2018-12-29T18:17:39.300000Z,17.19
1350,20181229T181844Z,1J.TI8A.,"['CH1', 'CH2', 'CHZ']",2018-12-29T18:18:44.830000Z,6.08
1351,20181229T181912Z,1J.TI8A.,"['CH1', 'CH2', 'CHZ']",2018-12-29T18:19:12.470000Z,2.33
1352,20181229T181943Z,1J.TI8A.,"['CH1', 'CH2', 'CHZ']",2018-12-29T18:19:43.560000Z,3.12
1353,20181229T182000Z,1J.TI8A.,"['CH1', 'CH2', 'CHZ']",2018-12-29T18:20:00.260000Z,2.08
1354,20181229T182033Z,1J.TI8A.,"['CH1', 'CH2', 'CHZ']",2018-12-29T18:20:33.870000Z,2.42
1355,20181229T182107Z,1J.TI8A.,"['CH1', 'CH2', 'CHZ']",2018-12-29T18:21:07.200000Z,2.49
1356,20181229T182147Z,1J.TI8A.,"['CH1', 'CH2', 'CHZ']",2018-12-29T18:21:47.600000Z,11.49
1357,20181229T182215Z,1J.TI8A.,"['CH1', 'CH2', 'CHZ']",2018-12-29T18:22:15.550000Z,1.71
1358,20181229T182327Z,1J.TI8A.,"['CH1', 'CH2', 'CHZ']",2018-12-29T18:23:27.760000Z,11.79
1359,20181229T182356Z,1J.TI8A.,"['CH1', 'CH2', 'CHZ']",2018-12-29T18:23:56.820000Z,1.42
1360,20181229T182434Z,1J.TI8A.,"['CH1', 'CH2', 'CHZ']",2018-12-29T18:24:34.490000Z,6.2
1361,20181229T182503Z,1J.TI8A.,"['CH1', 'CH2', 'CHZ']",2018-12-29T18:25:03.870000Z,1.57
1362,20181229T182529Z,1J.TI8A.,"['CH1', 'CH2', 'CHZ']",2018-12-29T18:25:33.620000Z,11.73
1363,20181229T182623Z,1J.TI8A.,"['CH1', 'CH2', 'CHZ']",2018-12-29T18:26:23.510000Z,1.15
1364,20181229T182750Z,1J.TI8A.,"['CH1', 'CH2', 'CHZ']",2018-12-29T18:27:50.880000Z,2.44
1365,20181229T182800Z,1J.TI8A.,"['CH1', 'CH2', 'CHZ']",2018-12-29T18:28:00.450000Z,1.29
1366,20181229T182840Z,1J.TI8A.,"['CH1', 'CH2', 'CHZ']",2018-12-29T18:28:40.770000Z,6.61
1367,20181229T182916Z,1J.TI8A.,"['CH1', 'CH2', 'CHZ']",2018-12-29T18:29:16.790000Z,1.39
1368,20181229T182930Z,1J.TI8A.,"['CH1', 'CH2', 'CHZ']",2018-12-29T18:29:30.020000Z,2.29
1369,20181229T183019Z,1J.TI8A.,"['CH1', 'CH2', 'CHZ']",2018-12-29T18:30:28.090000Z,23.11
1370,20181229T183124Z,1J.TI8A.,"['CH1', 'CH2', 'CHZ']",2018-12-29T18:31:24.810000Z,6.0
1371,20181229T183247Z,1J.TI8A.,"['CH1', 'CH2', 'CHZ']",2018-12-29T18:32:47.850000Z,1.27
1372,20181229T183315Z,1J.TI8A.,"['CH1', 'CH2', 'CHZ']",2018-12-29T18:33:26.410000Z,28.86
1373,20181229T183452Z,1J.TI8A.,"['CH1', 'CH2', 'CHZ']",2018-12-29T18:34:54.230000Z,1.04
1374,20181229T183551Z,1J.TI8A.,"['CH1', 'CH2', 'CHZ']",2018-12-29T18:35:51.990000Z,3.68
1375,20181229T183611Z,1J.TI8A.,"['CH1', 'CH2', 'CHZ']",2018-12-29T18:36:13.590000Z,1.68
1376,20181229T183631Z,1J.TI8A.,"['CH1', 'CH2', 'CHZ']",2018-12-29T18:36:31.810000Z,1.45
1377,20181229T183722Z,1J.TI8A.,"['CH1', 'CH2', 'CHZ']",2018-12-29T18:37:22.640000Z,2.5
1378,20181229T183926Z,1J.TI8A.,"['CH1', 'CH2', 'CHZ']",2018-12-29T18:39:26.500000Z,3.23
1379,20181229T184022Z,1J.TI8A.,"['CH1', 'CH2', 'CHZ']",2018-12-29T18:40:22.920000Z,2.98
1380,20181229T184028Z,1J.TI8A.,"['CH1', 'CH2', 'CHZ']",2018-12-29T18:40:32.070000Z,9.47
1381,20181229T184059Z,1J.TI8A.,"['CH1', 'CH2', 'CHZ']",2018-12-29T18:40:59.540000Z,2.11
1382,20181229T184253Z,1J.TI8A.,"['CH1', 'CH2', 'CHZ']",2018-12-29T18:42:53.660000Z,7.07
1383,20181229T184323Z,1J.TI8A.,"['CH1', 'CH2', 'CHZ']",2018-12-29T18:43:23.740000Z,5.53
1384,20181229T184449Z,1J.TI8A.,"['CH1', 'CH2', 'CHZ']",2018-12-29T18:44:49.540000Z,3.79
1385,20181229T184515Z,1J.TI8A.,"['CH1', 'CH2', 'CHZ']",2018-12-29T18:45:15.770000Z,2.87
1386,20181229T184543Z,1J.TI8A.,"['CH1', 'CH2', 'CHZ']",2018-12-29T18:45:43.020000Z,0.99
1387,20181229T184606Z,1J.TI8A.,"['CH1', 'CH2', 'CHZ']",2018-12-29T18:46:07.000000Z,26.48
1388,20181229T184809Z,1J.TI8A.,"['CH1', 'CH2', 'CHZ']",2018-12-29T18:48:09.770000Z,7.01
1389,20181229T184930Z,1J.TI8A.,"['CH1', 'CH2', 'CHZ']",2018-12-29T18:49:30.400000Z,17.26
1390,20181229T185017Z,1J.TI8A.,"['CH1', 'CH2', 'CHZ']",2018-12-29T18:50:30.830000Z,12.28
1391,20181229T185103Z,1J.TI8A.,"['CH1', 'CH2', 'CHZ']",2018-12-29T18:51:03.580000Z,1.2
1392,20181229T185217Z,1J.TI8A.,"['CH1', 'CH2', 'CHZ']",2018-12-29T18:52:17.390000Z,2.99
1393,20181229T185344Z,1J.TI8A.,"['CH1', 'CH2', 'CHZ']",2018-12-29T18:53:44.490000Z,11.93
1394,20181229T185502Z,1J.TI8A.,"['CH1', 'CH2', 'CHZ']",2018-12-29T18:55:02.130000Z,2.7
1395,20181229T185636Z,1J.TI8A.,"['CH1', 'CH2', 'CHZ']",2018-12-29T18:56:37.930000Z,6.2
1396,20181229T185743Z,1J.TI8A.,"['CH1', 'CH2', 'CHZ']",2018-12-29T18:57:43.520000Z,3.27
1397,20181229T185817Z,1J.TI8A.,"['CH1', 'CH2', 'CHZ']",2018-12-29T18:58:17.900000Z,16.85
1398,20181229T190019Z,1J.TI8A.,"['CH1', 'CH2', 'CHZ']",2018-12-29T19:00:19.810000Z,7.02
1399,20181229T190200Z,1J.TI8A.,"['CH1', 'CH2', 'CHZ']",2018-12-29T19:02:00.300000Z,8.26
1400,20181229T190241Z,1J.TI8A.,"['CH1', 'CH2', 'CHZ']",2018-12-29T19:02:41.910000Z,13.7
1401,20181229T190351Z,1J.TI8A.,"['CH1', 'CH2', 'CHZ']",2018-12-29T19:03:51.570000Z,7.33
1402,20181229T190454Z,1J.TI8A.,"['CH1', 'CH2', 'CHZ']",2018-12-29T19:04:58.110000Z,17.47
1403,20181229T190601Z,1J.TI8A.,"['CH1', 'CH2', 'CHZ']",2018-12-29T19:06:01.180000Z,3.0
1404,20181229T190809Z,1J.TI8A.,"['CH1', 'CH2', 'CHZ']",2018-12-29T19:08:09.140000Z,8.07
1405,20181229T190925Z,1J.TI8A.,"['CH1', 'CH2', 'CHZ']",2018-12-29T19:09:25.580000Z,4.84
1406,20181229T191105Z,1J.TI8A.,"['CH1', 'CH2', 'CHZ']",2018-12-29T19:11:05.310000Z,23.18
1407,20181229T191248Z,1J.TI8A.,"['CH1', 'CH2', 'CHZ']",2018-12-29T19:12:48.690000Z,5.85
1408,20181229T191333Z,1J.TI8A.,"['CH1', 'CH2', 'CHZ']",2018-12-29T19:13:34.780000Z,4.68
1409,20181229T191502Z,1J.TI8A.,"['CH1', 'CH2', 'CHZ']",2018-12-29T19:15:02.250000Z,8.62
1410,20181229T191631Z,1J.TI8A.,"['CH1', 'CH2', 'CHZ']",2018-12-29T19:16:31.460000Z,4.07
1411,20181229T191801Z,1J.TI8A.,"['CH1', 'CH2', 'CHZ']",2018-12-29T19:18:01.970000Z,4.16
1412,20181229T191822Z,1J.TI8A.,"['CH1', 'CH2', 'CHZ']",2018-12-29T19:18:22.560000Z,11.12
1413,20181229T191926Z,1J.TI8A.,"['CH1', 'CH2', 'CHZ']",2018-12-29T19:19:26.560000Z,3.06
1414,20181229T191937Z,1J.TI8A.,"['CH1', 'CH2', 'CHZ']",2018-12-29T19:19:39.300000Z,16.95
1415,20181229T192106Z,1J.TI8A.,"['CH1', 'CH2', 'CHZ']",2018-12-29T19:21:06.050000Z,2.02
1416,20181229T192229Z,1J.TI8A.,"['CH1', 'CH2', 'CHZ']",2018-12-29T19:22:29.950000Z,2.85
1417,20181229T192359Z,1J.TI8A.,"['CH1', 'CH2', 'CHZ']",2018-12-29T19:23:59.040000Z,3.6
1418,20181229T192502Z,1J.TI8A.,"['CH1', 'CH2', 'CHZ']",2018-12-29T19:25:02.700000Z,13.67
1419,20181229T192524Z,1J.TI8A.,"['CH1', 'CH2', 'CHZ']",2018-12-29T19:25:24.700000Z,2.69
1420,20181229T192644Z,1J.TI8A.,"['CH1', 'CH2', 'CHZ']",2018-12-29T19:26:44.160000Z,2.71
1421,20181229T192732Z,1J.TI8A.,"['CH1', 'CH2', 'CHZ']",2018-12-29T19:27:32.590000Z,6.19
1422,20181229T192812Z,1J.TI8A.,"['CH1', 'CH2', 'CHZ']",2018-12-29T19:28:12.780000Z,2.81
1423,20181229T192926Z,1J.TI8A.,"['CH1', 'CH2', 'CHZ']",2018-12-29T19:29:26.690000Z,2.72
1424,20181229T193050Z,1J.TI8A.,"['CH1', 'CH2', 'CHZ']",2018-12-29T19:30:50.120000Z,4.22
1425,20181229T193207Z,1J.TI8A.,"['CH1', 'CH2', 'CHZ']",2018-12-29T19:32:08.200000Z,5.8
1426,20181229T193252Z,1J.TI8A.,"['CH1', 'CH2', 'CHZ']",2018-12-29T19:32:52.280000Z,3.24
1427,20181229T193327Z,1J.TI8A.,"['CH1', 'CH2', 'CHZ']",2018-12-29T19:33:27.530000Z,1.96
1428,20181229T193408Z,1J.TI8A.,"['CH1', 'CH2', 'CHZ']",2018-12-29T19:34:08.740000Z,12.48
1429,20181229T193437Z,1J.TI8A.,"['CH1', 'CH2', 'CHZ']",2018-12-29T19:34:37.640000Z,1.13
1430,20181229T193559Z,1J.TI8A.,"['CH1', 'CH2', 'CHZ']",2018-12-29T19:35:59.600000Z,0.68
1431,20181229T193701Z,1J.TI8A.,"['CH1', 'CH2', 'CHZ']",2018-12-29T19:37:02.170000Z,1.12
1432,20181229T193729Z,1J.TI8A.,"['CH1', 'CH2', 'CHZ']",2018-12-29T19:37:29.810000Z,3.96
1433,20181229T193812Z,1J.TI8A.,"['CH1', 'CH2', 'CHZ']",2018-12-29T19:38:12.710000Z,2.16
1434,20181229T193916Z,1J.TI8A.,"['CH1', 'CH2', 'CHZ']",2018-12-29T19:39:16.040000Z,2.87
1435,20181229T194034Z,1J.TI8A.,"['CH1', 'CH2', 'CHZ']",2018-12-29T19:40:34.620000Z,2.26
1436,20181229T194147Z,1J.TI8A.,"['CH1', 'CH2', 'CHZ']",2018-12-29T19:41:47.600000Z,1.82
1437,20181229T194302Z,1J.TI8A.,"['CH1', 'CH2', 'CHZ']",2018-12-29T19:43:02.310000Z,4.62
1438,20181229T194427Z,1J.TI8A.,"['CH1', 'CH2', 'CHZ']",2018-12-29T19:44:27.810000Z,3.62
1439,20181229T194542Z,1J.TI8A.,"['CH1', 'CH2', 'CHZ']",2018-12-29T19:45:42.170000Z,6.81
1440,20181229T194641Z,1J.TI8A.,"['CH1', 'CH2', 'CHZ']",2018-12-29T19:46:41.380000Z,1.57
1441,20181229T194750Z,1J.TI8A.,"['CH1', 'CH2', 'CHZ']",2018-12-29T19:47:50.100000Z,4.22
1442,20181229T194854Z,1J.TI8A.,"['CH1', 'CH2', 'CHZ']",2018-12-29T19:48:54.990000Z,2.79
1443,20181229T194957Z,1J.TI8A.,"['CH1', 'CH2', 'CHZ']",2018-12-29T19:49:57.760000Z,1.96
1444,20181229T195005Z,1J.TI8A.,"['CH1', 'CH2', 'CHZ']",2018-12-29T19:50:05.410000Z,3.93
1445,20181229T195115Z,1J.TI8A.,"['CH1', 'CH2', 'CHZ']",2018-12-29T19:51:15.080000Z,7.25
1446,20181229T195223Z,1J.TI8A.,"['CH1', 'CH2', 'CHZ']",2018-12-29T19:52:26.890000Z,3.17
1447,20181229T195240Z,1J.TI8A.,"['CH1', 'CH2', 'CHZ']",2018-12-29T19:53:08.480000Z,15.24
1448,20181229T195418Z,1J.TI8A.,"['CH1', 'CH2', 'CHZ']",2018-12-29T19:54:18.140000Z,2.13
1449,20181229T195518Z,1J.TI8A.,"['CH1', 'CH2', 'CHZ']",2018-12-29T19:55:18.440000Z,3.41
1450,20181229T195528Z,1J.TI8A.,"['CH1', 'CH2', 'CHZ']",2018-12-29T19:55:28.360000Z,4.78
1451,20181229T195624Z,1J.TI8A.,"['CH1', 'CH2', 'CHZ']",2018-12-29T19:56:24.730000Z,3.42
1452,20181229T195721Z,1J.TI8A.,"['CH1', 'CH2', 'CHZ']",2018-12-29T19:57:21.760000Z,4.0
1453,20181229T195824Z,1J.TI8A.,"['CH1', 'CH2', 'CHZ']",2018-12-29T19:58:24.960000Z,5.9
1454,20181229T195911Z,1J.TI8A.,"['CH1', 'CH2', 'CHZ']",2018-12-29T19:59:11.510000Z,3.04
1455,20181229T200013Z,1J.TI8A.,"['CH1', 'CH2', 'CHZ']",2018-12-29T20:00:13.520000Z,8.17
1456,20181229T200117Z,1J.TI8A.,"['CH1', 'CH2', 'CHZ']",2018-12-29T20:01:17.380000Z,3.84
1457,20181229T200212Z,1J.TI8A.,"['CH1', 'CH2', 'CHZ']",2018-12-29T20:02:12.400000Z,4.32
1458,20181229T200304Z,1J.TI8A.,"['CH1', 'CH2', 'CHZ']",2018-12-29T20:03:04.850000Z,3.85
1459,20181229T200357Z,1J.TI8A.,"['CH1', 'CH2', 'CHZ']",2018-12-29T20:03:57.170000Z,3.64
1460,20181229T200447Z,1J.TI8A.,"['CH1', 'CH2', 'CHZ']",2018-12-29T20:04:49.230000Z,4.31
1461,20181229T200500Z,1J.TI8A.,"['CH1', 'CH2', 'CHZ']",2018-12-29T20:05:03.440000Z,8.43
1462,20181229T200551Z,1J.TI8A.,"['CH1', 'CH2', 'CHZ']",2018-12-29T20:05:51.550000Z,3.54
1463,20181229T200600Z,1J.TI8A.,"['CH1', 'CH2', 'CHZ']",2018-12-29T20:06:00.770000Z,14.43
1464,20181229T200710Z,1J.TI8A.,"['CH1', 'CH2', 'CHZ']",2018-12-29T20:07:10.880000Z,3.61
1465,20181229T200822Z,1J.TI8A.,"['CH1', 'CH2', 'CHZ']",2018-12-29T20:08:22.120000Z,5.45
1466,20181229T200906Z,1J.TI8A.,"['CH1', 'CH2', 'CHZ']",2018-12-29T20:09:06.060000Z,1.72
1467,20181229T200917Z,1J.TI8A.,"['CH1', 'CH2', 'CHZ']",2018-12-29T20:09:25.160000Z,5.73
1468,20181229T201028Z,1J.TI8A.,"['CH1', 'CH2', 'CHZ']",2018-12-29T20:10:28.040000Z,3.98
1469,20181229T201050Z,1J.TI8A.,"['CH1', 'CH2', 'CHZ']",2018-12-29T20:10:50.310000Z,1.68
1470,20181229T201152Z,1J.TI8A.,"['CH1', 'CH2', 'CHZ']",2018-12-29T20:11:52.350000Z,5.88
1471,20181229T201307Z,1J.TI8A.,"['CH1', 'CH2', 'CHZ']",2018-12-29T20:13:07.260000Z,6.52
1472,20181229T201406Z,1J.TI8A.,"['CH1', 'CH2', 'CHZ']",2018-12-29T20:14:06.380000Z,14.86
1473,20181229T201456Z,1J.TI8A.,"['CH1', 'CH2', 'CHZ']",2018-12-29T20:14:56.830000Z,1.65
1474,20181229T201507Z,1J.TI8A.,"['CH1', 'CH2', 'CHZ']",2018-12-29T20:15:07.190000Z,2.29
1475,20181229T201559Z,1J.TI8A.,"['CH1', 'CH2', 'CHZ']",2018-12-29T20:15:59.210000Z,3.14
1476,20181229T201654Z,1J.TI8A.,"['CH1', 'CH2', 'CHZ']",2018-12-29T20:16:54.800000Z,3.6
1477,20181229T201747Z,1J.TI8A.,"['CH1', 'CH2', 'CHZ']",2018-12-29T20:17:47.650000Z,7.01
1478,20181229T201829Z,1J.TI8A.,"['CH1', 'CH2', 'CHZ']",2018-12-29T20:18:29.700000Z,1.28
1479,20181229T201848Z,1J.TI8A.,"['CH1', 'CH2', 'CHZ']",2018-12-29T20:18:48.200000Z,3.49
1480,20181229T201939Z,1J.TI8A.,"['CH1', 'CH2', 'CHZ']",2018-12-29T20:19:39.820000Z,3.96
1481,20181229T202032Z,1J.TI8A.,"['CH1', 'CH2', 'CHZ']",2018-12-29T20:20:32.410000Z,3.7
1482,20181229T202127Z,1J.TI8A.,"['CH1', 'CH2', 'CHZ']",2018-12-29T20:21:39.500000Z,56.91
1483,20181229T202330Z,1J.TI8A.,"['CH1', 'CH2', 'CHZ']",2018-12-29T20:23:30.650000Z,1.1
1484,20181229T202401Z,1J.TI8A.,"['CH1', 'CH2', 'CHZ']",2018-12-29T20:24:01.220000Z,1.34
1485,20181229T202415Z,1J.TI8A.,"['CH1', 'CH2', 'CHZ']",2018-12-29T20:24:15.260000Z,1.73
1486,20181229T202508Z,1J.TI8A.,"['CH1', 'CH2', 'CHZ']",2018-12-29T20:25:08.870000Z,2.67
1487,20181229T202522Z,1J.TI8A.,"['CH1', 'CH2', 'CHZ']",2018-12-29T20:25:22.340000Z,1.29
1488,20181229T202601Z,1J.TI8A.,"['CH1', 'CH2', 'CHZ']",2018-12-29T20:26:01.840000Z,52.07
1489,20181229T202745Z,1J.TI8A.,"['CH1', 'CH2', 'CHZ']",2018-12-29T20:27:45.140000Z,3.66
1490,20181229T202841Z,1J.TI8A.,"['CH1', 'CH2', 'CHZ']",2018-12-29T20:28:41.930000Z,4.07
1491,20181229T202930Z,1J.TI8A.,"['CH1', 'CH2', 'CHZ']",2018-12-29T20:29:30.270000Z,2.93
1492,20181229T202943Z,1J.TI8A.,"['CH1', 'CH2', 'CHZ']",2018-12-29T20:29:43.900000Z,1.85
1493,20181229T203051Z,1J.TI8A.,"['CH1', 'CH2', 'CHZ']",2018-12-29T20:30:51.050000Z,5.52
1494,20181229T203234Z,1J.TI8A.,"['CH1', 'CH2', 'CHZ']",2018-12-29T20:32:34.060000Z,6.8
1495,20181229T203358Z,1J.TI8A.,"['CH1', 'CH2', 'CHZ']",2018-12-29T20:34:01.150000Z,4.35
1496,20181229T203525Z,1J.TI8A.,"['CH1', 'CH2', 'CHZ']",2018-12-29T20:35:25.680000Z,5.44
1497,20181229T203637Z,1J.TI8A.,"['CH1', 'CH2', 'CHZ']",2018-12-29T20:36:37.100000Z,4.03
1498,20181229T203756Z,1J.TI8A.,"['CH1', 'CH2', 'CHZ']",2018-12-29T20:37:56.030000Z,4.71
1499,20181229T203913Z,1J.TI8A.,"['CH1', 'CH2', 'CHZ']",2018-12-29T20:39:13.210000Z,4.37
1500,20181229T204030Z,1J.TI8A.,"['CH1', 'CH2', 'CHZ']",2018-12-29T20:40:30.150000Z,3.17
1501,20181229T204123Z,1J.TI8A.,"['CH1', 'CH2', 'CHZ']",2018-12-29T20:41:23.680000Z,2.91
1502,20181229T204223Z,1J.TI8A.,"['CH1', 'CH2', 'CHZ']",2018-12-29T20:42:23.090000Z,3.4
1503,20181229T204330Z,1J.TI8A.,"['CH1', 'CH2', 'CHZ']",2018-12-29T20:43:30.880000Z,3.63
1504,20181229T204454Z,1J.TI8A.,"['CH1', 'CH2', 'CHZ']",2018-12-29T20:44:54.700000Z,3.71
1505,20181229T204533Z,1J.TI8A.,"['CH1', 'CH2', 'CHZ']",2018-12-29T20:45:33.600000Z,9.73
1506,20181229T204557Z,1J.TI8A.,"['CH1', 'CH2', 'CHZ']",2018-12-29T20:45:57.060000Z,1.22
1507,20181229T204754Z,1J.TI8A.,"['CH1', 'CH2', 'CHZ']",2018-12-29T20:47:54.710000Z,3.65
1508,20181229T205033Z,1J.TI8A.,"['CH1', 'CH2', 'CHZ']",2018-12-29T20:50:33.120000Z,18.92
1509,20181229T205253Z,1J.TI8A.,"['CH1', 'CH2', 'CHZ']",2018-12-29T20:52:53.850000Z,1.58
1510,20181229T205339Z,1J.TI8A.,"['CH1', 'CH2', 'CHZ']",2018-12-29T20:53:39.170000Z,0.84
1511,20181229T205436Z,1J.TI8A.,"['CH1', 'CH2', 'CHZ']",2018-12-29T20:54:36.570000Z,5.24
1512,20181229T205504Z,1J.TI8A.,"['CH1', 'CH2', 'CHZ']",2018-12-29T20:55:04.530000Z,20.84
1513,20181229T205619Z,1J.TI8A.,"['CH1', 'CH2', 'CHZ']",2018-12-29T20:56:19.200000Z,5.49
1514,20181229T210011Z,1J.TI8A.,"['CH1', 'CH2', 'CHZ']",2018-12-29T21:00:11.730000Z,2.03
1515,20181229T210204Z,1J.TI8A.,"['CH1', 'CH2', 'CHZ']",2018-12-29T21:02:04.310000Z,10.54
1516,20181229T210343Z,1J.TI8A.,"['CH1', 'CH2', 'CHZ']",2018-12-29T21:03:43.710000Z,1.74
1517,20181229T210526Z,1J.TI8A.,"['CH1', 'CH2', 'CHZ']",2018-12-29T21:05:26.120000Z,1.33
1518,20181229T210650Z,1J.TI8A.,"['CH1', 'CH2', 'CHZ']",2018-12-29T21:06:50.160000Z,1.3
1519,20181229T210812Z,1J.TI8A.,"['CH1', 'CH2', 'CHZ']",2018-12-29T21:08:12.430000Z,11.69
1520,20181229T210850Z,1J.TI8A.,"['CH1', 'CH2', 'CHZ']",2018-12-29T21:08:50.710000Z,1.07
1521,20181229T211000Z,1J.TI8A.,"['CH1', 'CH2', 'CHZ']",2018-12-29T21:10:00.100000Z,1.31
1522,20181229T211052Z,1J.TI8A.,"['CH1', 'CH2', 'CHZ']",2018-12-29T21:10:52.100000Z,1.46
1523,20181229T211131Z,1J.TI8A.,"['CH1', 'CH2', 'CHZ']",2018-12-29T21:11:31.640000Z,1.45
1524,20181229T211251Z,1J.TI8A.,"['CH1', 'CH2', 'CHZ']",2018-12-29T21:12:51.460000Z,1.75
1525,20181229T211315Z,1J.TI8A.,"['CH1', 'CH2', 'CHZ']",2018-12-29T21:13:22.570000Z,1.56
1526,20181229T211404Z,1J.TI8A.,"['CH1', 'CH2', 'CHZ']",2018-12-29T21:14:04.420000Z,1.27
1527,20181229T211443Z,1J.TI8A.,"['CH1', 'CH2', 'CHZ']",2018-12-29T21:14:49.010000Z,2.06
1528,20181229T211617Z,1J.TI8A.,"['CH1', 'CH2', 'CHZ']",2018-12-29T21:16:17.580000Z,1.71
1529,20181229T211638Z,1J.TI8A.,"['CH1', 'CH2', 'CHZ']",2018-12-29T21:16:38.470000Z,16.38
1530,20181229T211927Z,1J.TI8A.,"['CH1', 'CH2', 'CHZ']",2018-12-29T21:19:27.790000Z,10.78
1531,20181229T212002Z,1J.TI8A.,"['CH1', 'CH2', 'CHZ']",2018-12-29T21:20:02.340000Z,1.12
1532,20181229T212041Z,1J.TI8A.,"['CH1', 'CH2', 'CHZ']",2018-12-29T21:20:41.710000Z,1.15
1533,20181229T212119Z,1J.TI8A.,"['CH1', 'CH2', 'CHZ']",2018-12-29T21:21:19.720000Z,1.87
1534,20181229T212153Z,1J.TI8A.,"['CH1', 'CH2', 'CHZ']",2018-12-29T21:21:53.500000Z,1.34
1535,20181229T212252Z,1J.TI8A.,"['CH1', 'CH2', 'CHZ']",2018-12-29T21:22:52.340000Z,17.41
1536,20181229T212405Z,1J.TI8A.,"['CH1', 'CH2', 'CHZ']",2018-12-29T21:24:05.470000Z,23.09
1537,20181229T212555Z,1J.TI8A.,"['CH1', 'CH2', 'CHZ']",2018-12-29T21:25:55.380000Z,6.64
1538,20181229T212648Z,1J.TI8A.,"['CH1', 'CH2', 'CHZ']",2018-12-29T21:26:48.690000Z,1.27
1539,20181229T212759Z,1J.TI8A.,"['CH1', 'CH2', 'CHZ']",2018-12-29T21:27:59.200000Z,1.71
1540,20181229T212836Z,1J.TI8A.,"['CH1', 'CH2', 'CHZ']",2018-12-29T21:28:36.890000Z,1.65
1541,20181229T212909Z,1J.TI8A.,"['CH1', 'CH2', 'CHZ']",2018-12-29T21:29:09.740000Z,1.55
1542,20181229T212948Z,1J.TI8A.,"['CH1', 'CH2', 'CHZ']",2018-12-29T21:29:48.210000Z,1.54
1543,20181229T213020Z,1J.TI8A.,"['CH1', 'CH2', 'CHZ']",2018-12-29T21:30:20.510000Z,1.48
1544,20181229T213114Z,1J.TI8A.,"['CH1', 'CH2', 'CHZ']",2018-12-29T21:31:14.130000Z,1.68
1545,20181229T213251Z,1J.TI8A.,"['CH1', 'CH2', 'CHZ']",2018-12-29T21:32:51.870000Z,1.9
1546,20181229T213319Z,1J.TI8A.,"['CH1', 'CH2', 'CHZ']",2018-12-29T21:33:26.220000Z,1.8
1547,20181229T213510Z,1J.TI8A.,"['CH1', 'CH2', 'CHZ']",2018-12-29T21:35:10.380000Z,1.72
1548,20181229T213619Z,1J.TI8A.,"['CH1', 'CH2', 'CHZ']",2018-12-29T21:36:19.550000Z,1.5
1549,20181229T213917Z,1J.TI8A.,"['CH1', 'CH2', 'CHZ']",2018-12-29T21:39:17.700000Z,12.14
1550,20181229T214128Z,1J.TI8A.,"['CH1', 'CH2', 'CHZ']",2018-12-29T21:41:28.780000Z,2.0
1551,20181229T214145Z,1J.TI8A.,"['CH1', 'CH2', 'CHZ']",2018-12-29T21:41:45.240000Z,1.14
1552,20181229T214535Z,1J.TI8A.,"['CH1', 'CH2', 'CHZ']",2018-12-29T21:45:56.320000Z,6.09
1553,20181229T215135Z,1J.TI8A.,"['CH1', 'CH2', 'CHZ']",2018-12-29T21:51:35.790000Z,1.19
1554,20181229T215149Z,1J.TI8A.,"['CH1', 'CH2', 'CHZ']",2018-12-29T21:51:49.510000Z,13.67
1555,20181229T215631Z,1J.TI8A.,"['CH1', 'CH2', 'CHZ']",2018-12-29T21:56:31.850000Z,14.53
1556,20181229T220040Z,1J.TI8A.,"['CH1', 'CH2', 'CHZ']",2018-12-29T22:00:40.450000Z,24.09
1557,20181229T220106Z,1J.TI8A.,"['CH1', 'CH2', 'CHZ']",2018-12-29T22:01:10.000000Z,23.2
1558,20181229T220303Z,1J.TI8A.,"['CH1', 'CH2', 'CHZ']",2018-12-29T22:03:03.110000Z,3.71
1559,20181229T220514Z,1J.TI8A.,"['CH1', 'CH2', 'CHZ']",2018-12-29T22:05:14.410000Z,30.74
1560,20181229T220558Z,1J.TI8A.,"['CH1', 'CH2', 'CHZ']",2018-12-29T22:05:58.470000Z,1.44
1561,20181229T220710Z,1J.TI8A.,"['CH1', 'CH2', 'CHZ']",2018-12-29T22:07:10.620000Z,1.56
1562,20181229T220736Z,1J.TI8A.,"['CH1', 'CH2', 'CHZ']",2018-12-29T22:07:36.140000Z,4.5
1563,20181229T220932Z,1J.TI8A.,"['CH1', 'CH2', 'CHZ']",2018-12-29T22:09:43.130000Z,6.81
1564,20181229T221051Z,1J.TI8A.,"['CH1', 'CH2', 'CHZ']",2018-12-29T22:10:51.360000Z,1.66
1565,20181229T221118Z,1J.TI8A.,"['CH1', 'CH2', 'CHZ']",2018-12-29T22:11:18.000000Z,6.45
1566,20181229T221301Z,1J.TI8A.,"['CH1', 'CH2', 'CHZ']",2018-12-29T22:13:01.070000Z,7.2
1567,20181229T221346Z,1J.TI8A.,"['CH1', 'CH2', 'CHZ']",2018-12-29T22:13:46.290000Z,1.72
1568,20181229T221430Z,1J.TI8A.,"['CH1', 'CH2', 'CHZ']",2018-12-29T22:14:30.000000Z,6.89
1569,20181229T221531Z,1J.TI8A.,"['CH1', 'CH2', 'CHZ']",2018-12-29T22:15:31.840000Z,1.62
1570,20181229T221558Z,1J.TI8A.,"['CH1', 'CH2', 'CHZ']",2018-12-29T22:15:58.000000Z,6.78
1571,20181229T221703Z,1J.TI8A.,"['CH1', 'CH2', 'CHZ']",2018-12-29T22:17:03.310000Z,1.43
1572,20181229T221711Z,1J.TI8A.,"['CH1', 'CH2', 'CHZ']",2018-12-29T22:17:12.160000Z,5.72
1573,20181229T221802Z,1J.TI8A.,"['CH1', 'CH2', 'CHZ']",2018-12-29T22:18:02.610000Z,1.51
1574,20181229T221830Z,1J.TI8A.,"['CH1', 'CH2', 'CHZ']",2018-12-29T22:18:31.860000Z,6.21
1575,20181229T221925Z,1J.TI8A.,"['CH1', 'CH2', 'CHZ']",2018-12-29T22:19:26.480000Z,9.35
1576,20181229T222004Z,1J.TI8A.,"['CH1', 'CH2', 'CHZ']",2018-12-29T22:20:05.490000Z,6.08
1577,20181229T222047Z,1J.TI8A.,"['CH1', 'CH2', 'CHZ']",2018-12-29T22:20:47.920000Z,1.51
1578,20181229T222103Z,1J.TI8A.,"['CH1', 'CH2', 'CHZ']",2018-12-29T22:21:03.300000Z,4.21
1579,20181229T222150Z,1J.TI8A.,"['CH1', 'CH2', 'CHZ']",2018-12-29T22:21:50.800000Z,1.42
1580,20181229T222224Z,1J.TI8A.,"['CH1', 'CH2', 'CHZ']",2018-12-29T22:22:24.440000Z,6.85
1581,20181229T222315Z,1J.TI8A.,"['CH1', 'CH2', 'CHZ']",2018-12-29T22:23:15.870000Z,1.74
1582,20181229T222330Z,1J.TI8A.,"['CH1', 'CH2', 'CHZ']",2018-12-29T22:23:30.920000Z,1.63
1583,20181229T222348Z,1J.TI8A.,"['CH1', 'CH2', 'CHZ']",2018-12-29T22:23:48.630000Z,7.32
1584,20181229T222523Z,1J.TI8A.,"['CH1', 'CH2', 'CHZ']",2018-12-29T22:25:24.450000Z,23.58
1585,20181229T222706Z,1J.TI8A.,"['CH1', 'CH2', 'CHZ']",2018-12-29T22:27:06.270000Z,1.52
1586,20181229T222853Z,1J.TI8A.,"['CH1', 'CH2', 'CHZ']",2018-12-29T22:28:53.390000Z,6.94
1587,20181229T223000Z,1J.TI8A.,"['CH1', 'CH2', 'CHZ']",2018-12-29T22:30:00.700000Z,2.44
1588,20181229T223115Z,1J.TI8A.,"['CH1', 'CH2', 'CHZ']",2018-12-29T22:31:15.460000Z,3.74
1589,20181229T223134Z,1J.TI8A.,"['CH1', 'CH2', 'CHZ']",2018-12-29T22:31:36.300000Z,10.7
1590,20181229T223218Z,1J.TI8A.,"['CH1', 'CH2', 'CHZ']",2018-12-29T22:32:18.070000Z,2.25
1591,20181229T223447Z,1J.TI8A.,"['CH1', 'CH2', 'CHZ']",2018-12-29T22:34:47.700000Z,1.41
1592,20181229T223657Z,1J.TI8A.,"['CH1', 'CH2', 'CHZ']",2018-12-29T22:36:57.130000Z,20.6
1593,20181229T224248Z,1J.TI8A.,"['CH1', 'CH2', 'CHZ']",2018-12-29T22:42:48.410000Z,6.24
1594,20181229T224306Z,1J.TI8A.,"['CH1', 'CH2', 'CHZ']",2018-12-29T22:43:06.370000Z,3.26
1595,20181229T224546Z,1J.TI8A.,"['CH1', 'CH2', 'CHZ']",2018-12-29T22:45:46.160000Z,5.44
1596,20181229T224807Z,1J.TI8A.,"['CH1', 'CH2', 'CHZ']",2018-12-29T22:48:07.140000Z,1.03
1597,20181229T224912Z,1J.TI8A.,"['CH1', 'CH2', 'CHZ']",2018-12-29T22:49:12.850000Z,7.55
1598,20181229T224957Z,1J.TI8A.,"['CH1', 'CH2', 'CHZ']",2018-12-29T22:49:57.420000Z,3.06
1599,20181229T225003Z,1J.TI8A.,"['CH1', 'CH2', 'CHZ']",2018-12-29T22:50:11.100000Z,1.11
1600,20181229T225051Z,1J.TI8A.,"['CH1', 'CH2', 'CHZ']",2018-12-29T22:50:51.580000Z,2.35
1601,20181229T225152Z,1J.TI8A.,"['CH1', 'CH2', 'CHZ']",2018-12-29T22:51:52.440000Z,3.79
1602,20181229T225246Z,1J.TI8A.,"['CH1', 'CH2', 'CHZ']",2018-12-29T22:52:46.980000Z,0.96
1603,20181229T225347Z,1J.TI8A.,"['CH1', 'CH2', 'CHZ']",2018-12-29T22:53:47.130000Z,1.43
1604,20181229T225453Z,1J.TI8A.,"['CH1', 'CH2', 'CHZ']",2018-12-29T22:54:53.540000Z,1.8
1605,20181229T225553Z,1J.TI8A.,"['CH1', 'CH2', 'CHZ']",2018-12-29T22:55:53.200000Z,2.04
1606,20181229T225632Z,1J.TI8A.,"['CH1', 'CH2', 'CHZ']",2018-12-29T22:56:32.170000Z,3.93
1607,20181229T225647Z,1J.TI8A.,"['CH1', 'CH2', 'CHZ']",2018-12-29T22:56:47.810000Z,6.32
1608,20181229T225706Z,1J.TI8A.,"['CH1', 'CH2', 'CHZ']",2018-12-29T22:57:06.920000Z,3.13
1609,20181229T225814Z,1J.TI8A.,"['CH1', 'CH2', 'CHZ']",2018-12-29T22:58:14.190000Z,0.74
1610,20181229T225902Z,1J.TI8A.,"['CH1', 'CH2', 'CHZ']",2018-12-29T22:59:02.040000Z,1.37
1611,20181229T225936Z,1J.TI8A.,"['CH1', 'CH2', 'CHZ']",2018-12-29T22:59:36.570000Z,9.72
1612,20181229T230026Z,1J.TI8A.,"['CH1', 'CH2', 'CHZ']",2018-12-29T23:00:26.010000Z,1.92
1613,20181229T230137Z,1J.TI8A.,"['CH1', 'CH2', 'CHZ']",2018-12-29T23:01:37.550000Z,1.26
1614,20181229T230247Z,1J.TI8A.,"['CH1', 'CH2', 'CHZ']",2018-12-29T23:02:47.310000Z,2.23
1615,20181229T230353Z,1J.TI8A.,"['CH1', 'CH2', 'CHZ']",2018-12-29T23:03:53.880000Z,1.72
1616,20181229T230430Z,1J.TI8A.,"['CH1', 'CH2', 'CHZ']",2018-12-29T23:04:30.260000Z,17.73
1617,20181229T230548Z,1J.TI8A.,"['CH1', 'CH2', 'CHZ']",2018-12-29T23:05:48.450000Z,1.65
1618,20181229T230642Z,1J.TI8A.,"['CH1', 'CH2', 'CHZ']",2018-12-29T23:06:42.740000Z,1.28
1619,20181229T230722Z,1J.TI8A.,"['CH1', 'CH2', 'CHZ']",2018-12-29T23:07:22.560000Z,1.11
1620,20181229T230817Z,1J.TI8A.,"['CH1', 'CH2', 'CHZ']",2018-12-29T23:08:17.900000Z,0.81
1621,20181229T230855Z,1J.TI8A.,"['CH1', 'CH2', 'CHZ']",2018-12-29T23:08:55.320000Z,7.09
1622,20181229T230954Z,1J.TI8A.,"['CH1', 'CH2', 'CHZ']",2018-12-29T23:09:54.590000Z,1.96
1623,20181229T231104Z,1J.TI8A.,"['CH1', 'CH2', 'CHZ']",2018-12-29T23:11:04.470000Z,1.14
1624,20181229T231211Z,1J.TI8A.,"['CH1', 'CH2', 'CHZ']",2018-12-29T23:12:11.080000Z,1.55
1625,20181229T231304Z,1J.TI8A.,"['CH1', 'CH2', 'CHZ']",2018-12-29T23:13:04.720000Z,0.9
1626,20181229T231406Z,1J.TI8A.,"['CH1', 'CH2', 'CHZ']",2018-12-29T23:14:06.940000Z,0.95
1627,20181229T231413Z,1J.TI8A.,"['CH1', 'CH2', 'CHZ']",2018-12-29T23:14:13.800000Z,17.17
1628,20181229T231518Z,1J.TI8A.,"['CH1', 'CH2', 'CHZ']",2018-12-29T23:15:18.380000Z,1.33
1629,20181229T231643Z,1J.TI8A.,"['CH1', 'CH2', 'CHZ']",2018-12-29T23:16:43.060000Z,2.5
1630,20181229T231725Z,1J.TI8A.,"['CH1', 'CH2', 'CHZ']",2018-12-29T23:17:25.650000Z,4.46
1631,20181229T231816Z,1J.TI8A.,"['CH1', 'CH2', 'CHZ']",2018-12-29T23:18:16.110000Z,1.16
1632,20181229T231931Z,1J.TI8A.,"['CH1', 'CH2', 'CHZ']",2018-12-29T23:19:31.650000Z,0.97
1633,20181229T232052Z,1J.TI8A.,"['CH1', 'CH2', 'CHZ']",2018-12-29T23:20:52.210000Z,1.77
1634,20181229T232128Z,1J.TI8A.,"['CH1', 'CH2', 'CHZ']",2018-12-29T23:21:28.670000Z,2.93
1635,20181229T232208Z,1J.TI8A.,"['CH1', 'CH2', 'CHZ']",2018-12-29T23:22:08.060000Z,1.25
1636,20181229T232253Z,1J.TI8A.,"['CH1', 'CH2', 'CHZ']",2018-12-29T23:22:53.920000Z,1.52
1637,20181229T232402Z,1J.TI8A.,"['CH1', 'CH2', 'CHZ']",2018-12-29T23:24:02.240000Z,3.73
1638,20181229T232447Z,1J.TI8A.,"['CH1', 'CH2', 'CHZ']",2018-12-29T23:24:47.040000Z,2.19
1639,20181229T232526Z,1J.TI8A.,"['CH1', 'CH2', 'CHZ']",2018-12-29T23:25:26.530000Z,2.1
1640,20181229T232618Z,1J.TI8A.,"['CH1', 'CH2', 'CHZ']",2018-12-29T23:26:18.510000Z,3.01
1641,20181229T232723Z,1J.TI8A.,"['CH1', 'CH2', 'CHZ']",2018-12-29T23:27:23.970000Z,0.88
1642,20181229T232756Z,1J.TI8A.,"['CH1', 'CH2', 'CHZ']",2018-12-29T23:27:56.130000Z,1.19
1643,20181229T232854Z,1J.TI8A.,"['CH1', 'CH2', 'CHZ']",2018-12-29T23:28:54.590000Z,0.8
1644,20181229T232933Z,1J.TI8A.,"['CH1', 'CH2', 'CHZ']",2018-12-29T23:29:33.120000Z,3.59
1645,20181229T233030Z,1J.TI8A.,"['CH1', 'CH2', 'CHZ']",2018-12-29T23:30:30.420000Z,3.21
1646,20181229T233127Z,1J.TI8A.,"['CH1', 'CH2', 'CHZ']",2018-12-29T23:31:27.090000Z,4.48
1647,20181229T233218Z,1J.TI8A.,"['CH1', 'CH2', 'CHZ']",2018-12-29T23:32:18.330000Z,2.66
1648,20181229T233332Z,1J.TI8A.,"['CH1', 'CH2', 'CHZ']",2018-12-29T23:33:32.190000Z,16.1
1649,20181229T233454Z,1J.TI8A.,"['CH1', 'CH2', 'CHZ']",2018-12-29T23:34:54.190000Z,3.88
1650,20181229T233556Z,1J.TI8A.,"['CH1', 'CH2', 'CHZ']",2018-12-29T23:35:56.230000Z,2.81
1651,20181229T233646Z,1J.TI8A.,"['CH1', 'CH2', 'CHZ']",2018-12-29T23:36:46.000000Z,3.32
1652,20181229T233757Z,1J.TI8A.,"['CH1', 'CH2', 'CHZ']",2018-12-29T23:37:57.130000Z,4.84
1653,20181229T233843Z,1J.TI8A.,"['CH1', 'CH2', 'CHZ']",2018-12-29T23:38:43.880000Z,3.45
1654,20181229T233927Z,1J.TI8A.,"['CH1', 'CH2', 'CHZ']",2018-12-29T23:39:27.810000Z,2.89
1655,20181229T234006Z,1J.TI8A.,"['CH1', 'CH2', 'CHZ']",2018-12-29T23:40:06.590000Z,15.0
1656,20181229T234125Z,1J.TI8A.,"['CH1', 'CH2', 'CHZ']",2018-12-29T23:41:25.820000Z,4.32
1657,20181229T234217Z,1J.TI8A.,"['CH1', 'CH2', 'CHZ']",2018-12-29T23:42:17.490000Z,3.73
1658,20181229T234310Z,1J.TI8A.,"['CH1', 'CH2', 'CHZ']",2018-12-29T23:43:10.010000Z,4.04
1659,20181229T234413Z,1J.TI8A.,"['CH1', 'CH2', 'CHZ']",2018-12-29T23:44:13.940000Z,4.84
1660,20181229T234507Z,1J.TI8A.,"['CH1', 'CH2', 'CHZ']",2018-12-29T23:45:07.480000Z,3.38
1661,20181229T234610Z,1J.TI8A.,"['CH1', 'CH2', 'CHZ']",2018-12-29T23:46:10.470000Z,4.65
1662,20181229T234657Z,1J.TI8A.,"['CH1', 'CH2', 'CHZ']",2018-12-29T23:46:57.760000Z,3.44
1663,20181229T234801Z,1J.TI8A.,"['CH1', 'CH2', 'CHZ']",2018-12-29T23:48:01.470000Z,4.68
1664,20181229T234859Z,1J.TI8A.,"['CH1', 'CH2', 'CHZ']",2018-12-29T23:48:59.530000Z,1.0
1665,20181229T235014Z,1J.TI8A.,"['CH1', 'CH2', 'CHZ']",2018-12-29T23:50:14.250000Z,4.67
1666,20181229T235208Z,1J.TI8A.,"['CH1', 'CH2', 'CHZ']",2018-12-29T23:52:08.140000Z,2.32
1667,20181229T235252Z,1J.TI8A.,"['CH1', 'CH2', 'CHZ']",2018-12-29T23:52:52.450000Z,0.85
1668,20181229T235302Z,1J.TI8A.,"['CH1', 'CH2', 'CHZ']",2018-12-29T23:53:02.420000Z,1.21
1669,20181229T235340Z,1J.TI8A.,"['CH1', 'CH2', 'CHZ']",2018-12-29T23:53:40.560000Z,12.92
1670,20181229T235448Z,1J.TI8A.,"['CH1', 'CH2', 'CHZ']",2018-12-29T23:54:48.780000Z,1.08
1671,20181229T235456Z,1J.TI8A.,"['CH1', 'CH2', 'CHZ']",2018-12-29T23:54:56.120000Z,1.23
1672,20181229T235537Z,1J.TI8A.,"['CH1', 'CH2', 'CHZ']",2018-12-29T23:55:37.620000Z,1.01
1673,20181229T235647Z,1J.TI8A.,"['CH1', 'CH2', 'CHZ']",2018-12-29T23:56:47.910000Z,1.47
1674,20181229T235733Z,1J.TI8A.,"['CH1', 'CH2', 'CHZ']",2018-12-29T23:57:33.750000Z,1.18
1675,20181229T235931Z,1J.TI8A.,"['CH1', 'CH2', 'CHZ']",2018-12-29T23:59:31.680000Z,1.42
1676,20181229T002730Z,1J.TI6A.,"['CH1', 'CH2', 'CHZ']",2018-12-29T00:28:01.480000Z,21.64
1677,20181229T003127Z,1J.TI6A.,"['CH1', 'CH2', 'CHZ']",2018-12-29T00:31:30.030000Z,8.76
1678,20181229T005518Z,1J.TI6A.,"['CH1', 'CH2', 'CHZ']",2018-12-29T00:55:23.250000Z,1.32
1679,20181229T010210Z,1J.TI6A.,"['CH1', 'CH2', 'CHZ']",2018-12-29T01:02:14.930000Z,12.37
1680,20181229T013041Z,1J.TI6A.,"['CH1', 'CH2', 'CHZ']",2018-12-29T01:30:49.250000Z,2.98
1681,20181229T031542Z,1J.TI6A.,"['CH1', 'CH2', 'CHZ']",2018-12-29T03:15:42.980000Z,8.03
1682,20181229T035037Z,1J.TI6A.,"['CH1', 'CH2', 'CHZ']",2018-12-29T03:50:39.540000Z,46.68
1683,20181229T040653Z,1J.TI6A.,"['CH1', 'CH2', 'CHZ']",2018-12-29T04:07:03.820000Z,10.92
1684,20181229T041027Z,1J.TI6A.,"['CH1', 'CH2', 'CHZ']",2018-12-29T04:10:27.500000Z,3.47
1685,20181229T041204Z,1J.TI6A.,"['CH1', 'CH2', 'CHZ']",2018-12-29T04:12:04.570000Z,1.01
1686,20181229T041425Z,1J.TI6A.,"['CH1', 'CH2', 'CHZ']",2018-12-29T04:14:25.000000Z,5.54
1687,20181229T041455Z,1J.TI6A.,"['CH1', 'CH2', 'CHZ']",2018-12-29T04:14:57.120000Z,2.2
1688,20181229T042117Z,1J.TI6A.,"['CH1', 'CH2', 'CHZ']",2018-12-29T04:21:48.930000Z,8.4
1689,20181229T042836Z,1J.TI6A.,"['CH1', 'CH2', 'CHZ']",2018-12-29T04:28:36.400000Z,27.48
1690,20181229T044341Z,1J.TI6A.,"['CH1', 'CH2', 'CHZ']",2018-12-29T04:43:41.820000Z,10.84
1691,20181229T050811Z,1J.TI6A.,"['CH1', 'CH2', 'CHZ']",2018-12-29T05:08:36.290000Z,15.45
1692,20181229T051236Z,1J.TI6A.,"['CH1', 'CH2', 'CHZ']",2018-12-29T05:12:36.850000Z,1.15
1693,20181229T053131Z,1J.TI6A.,"['CH1', 'CH2', 'CHZ']",2018-12-29T05:31:31.560000Z,1.18
1694,20181229T053205Z,1J.TI6A.,"['CH1', 'CH2', 'CHZ']",2018-12-29T05:32:36.170000Z,10.79
1695,20181229T054139Z,1J.TI6A.,"['CH1', 'CH2', 'CHZ']",2018-12-29T05:41:39.230000Z,16.61
1696,20181229T054734Z,1J.TI6A.,"['CH1', 'CH2', 'CHZ']",2018-12-29T05:48:05.170000Z,21.13
1697,20181229T055030Z,1J.TI6A.,"['CH1', 'CH2', 'CHZ']",2018-12-29T05:50:30.730000Z,1.79
1698,20181229T060611Z,1J.TI6A.,"['CH1', 'CH2', 'CHZ']",2018-12-29T06:06:11.520000Z,10.64
1699,20181229T060712Z,1J.TI6A.,"['CH1', 'CH2', 'CHZ']",2018-12-29T06:07:13.060000Z,12.31
1700,20181229T061243Z,1J.TI6A.,"['CH1', 'CH2', 'CHZ']",2018-12-29T06:12:43.620000Z,17.37
1701,20181229T061656Z,1J.TI6A.,"['CH1', 'CH2', 'CHZ']",2018-12-29T06:16:56.940000Z,6.78
1702,20181229T062001Z,1J.TI6A.,"['CH1', 'CH2', 'CHZ']",2018-12-29T06:20:01.760000Z,3.2
1703,20181229T062854Z,1J.TI6A.,"['CH1', 'CH2', 'CHZ']",2018-12-29T06:28:54.000000Z,8.99
1704,20181229T062958Z,1J.TI6A.,"['CH1', 'CH2', 'CHZ']",2018-12-29T06:29:58.270000Z,7.54
1705,20181229T063108Z,1J.TI6A.,"['CH1', 'CH2', 'CHZ']",2018-12-29T06:31:08.330000Z,1.95
1706,20181229T063508Z,1J.TI6A.,"['CH1', 'CH2', 'CHZ']",2018-12-29T06:35:08.790000Z,22.09
1707,20181229T063710Z,1J.TI6A.,"['CH1', 'CH2', 'CHZ']",2018-12-29T06:37:11.230000Z,8.32
1708,20181229T063740Z,1J.TI6A.,"['CH1', 'CH2', 'CHZ']",2018-12-29T06:37:40.320000Z,0.73
1709,20181229T063752Z,1J.TI6A.,"['CH1', 'CH2', 'CHZ']",2018-12-29T06:37:52.780000Z,0.94
1710,20181229T063844Z,1J.TI6A.,"['CH1', 'CH2', 'CHZ']",2018-12-29T06:38:44.440000Z,2.72
1711,20181229T063932Z,1J.TI6A.,"['CH1', 'CH2', 'CHZ']",2018-12-29T06:39:36.870000Z,1.63
1712,20181229T064023Z,1J.TI6A.,"['CH1', 'CH2', 'CHZ']",2018-12-29T06:40:23.410000Z,0.71
1713,20181229T064143Z,1J.TI6A.,"['CH1', 'CH2', 'CHZ']",2018-12-29T06:41:44.930000Z,16.99
1714,20181229T064315Z,1J.TI6A.,"['CH1', 'CH2', 'CHZ']",2018-12-29T06:43:17.500000Z,12.19
1715,20181229T064805Z,1J.TI6A.,"['CH1', 'CH2', 'CHZ']",2018-12-29T06:48:05.310000Z,0.66
1716,20181229T064848Z,1J.TI6A.,"['CH1', 'CH2', 'CHZ']",2018-12-29T06:48:50.470000Z,1.78
1717,20181229T065603Z,1J.TI6A.,"['CH1', 'CH2', 'CHZ']",2018-12-29T06:56:03.120000Z,14.13
1718,20181229T065717Z,1J.TI6A.,"['CH1', 'CH2', 'CHZ']",2018-12-29T06:57:17.360000Z,2.02
1719,20181229T070328Z,1J.TI6A.,"['CH1', 'CH2', 'CHZ']",2018-12-29T07:03:41.690000Z,9.32
1720,20181229T070411Z,1J.TI6A.,"['CH1', 'CH2', 'CHZ']",2018-12-29T07:04:13.360000Z,12.69
1721,20181229T070608Z,1J.TI6A.,"['CH1', 'CH2', 'CHZ']",2018-12-29T07:06:08.020000Z,4.52
1722,20181229T070615Z,1J.TI6A.,"['CH1', 'CH2', 'CHZ']",2018-12-29T07:06:18.320000Z,17.48
1723,20181229T070758Z,1J.TI6A.,"['CH1', 'CH2', 'CHZ']",2018-12-29T07:07:58.320000Z,8.38
1724,20181229T070855Z,1J.TI6A.,"['CH1', 'CH2', 'CHZ']",2018-12-29T07:08:55.370000Z,3.05
1725,20181229T070914Z,1J.TI6A.,"['CH1', 'CH2', 'CHZ']",2018-12-29T07:09:14.670000Z,10.84
1726,20181229T071049Z,1J.TI6A.,"['CH1', 'CH2', 'CHZ']",2018-12-29T07:10:49.400000Z,9.01
1727,20181229T071343Z,1J.TI6A.,"['CH1', 'CH2', 'CHZ']",2018-12-29T07:13:43.850000Z,22.26
1728,20181229T071435Z,1J.TI6A.,"['CH1', 'CH2', 'CHZ']",2018-12-29T07:14:41.310000Z,13.15
1729,20181229T071802Z,1J.TI6A.,"['CH1', 'CH2', 'CHZ']",2018-12-29T07:18:02.440000Z,3.53
1730,20181229T071828Z,1J.TI6A.,"['CH1', 'CH2', 'CHZ']",2018-12-29T07:18:29.870000Z,14.36
1731,20181229T072144Z,1J.TI6A.,"['CH1', 'CH2', 'CHZ']",2018-12-29T07:21:44.420000Z,31.39
1732,20181229T072253Z,1J.TI6A.,"['CH1', 'CH2', 'CHZ']",2018-12-29T07:22:53.720000Z,9.92
1733,20181229T072834Z,1J.TI6A.,"['CH1', 'CH2', 'CHZ']",2018-12-29T07:28:34.910000Z,0.83
1734,20181229T072922Z,1J.TI6A.,"['CH1', 'CH2', 'CHZ']",2018-12-29T07:29:22.260000Z,6.21
1735,20181229T073101Z,1J.TI6A.,"['CH1', 'CH2', 'CHZ']",2018-12-29T07:31:02.730000Z,18.24
1736,20181229T073339Z,1J.TI6A.,"['CH1', 'CH2', 'CHZ']",2018-12-29T07:33:39.750000Z,10.21
1737,20181229T073632Z,1J.TI6A.,"['CH1', 'CH2', 'CHZ']",2018-12-29T07:36:32.180000Z,3.75
1738,20181229T073912Z,1J.TI6A.,"['CH1', 'CH2', 'CHZ']",2018-12-29T07:39:12.790000Z,4.15
1739,20181229T074132Z,1J.TI6A.,"['CH1', 'CH2', 'CHZ']",2018-12-29T07:41:34.630000Z,12.66
1740,20181229T074223Z,1J.TI6A.,"['CH1', 'CH2', 'CHZ']",2018-12-29T07:42:27.510000Z,2.14
1741,20181229T074504Z,1J.TI6A.,"['CH1', 'CH2', 'CHZ']",2018-12-29T07:45:06.320000Z,19.7
1742,20181229T074559Z,1J.TI6A.,"['CH1', 'CH2', 'CHZ']",2018-12-29T07:45:59.280000Z,13.14
1743,20181229T074710Z,1J.TI6A.,"['CH1', 'CH2', 'CHZ']",2018-12-29T07:47:14.430000Z,22.68
1744,20181229T074848Z,1J.TI6A.,"['CH1', 'CH2', 'CHZ']",2018-12-29T07:48:48.320000Z,3.19
1745,20181229T075026Z,1J.TI6A.,"['CH1', 'CH2', 'CHZ']",2018-12-29T07:50:26.290000Z,2.04
1746,20181229T075339Z,1J.TI6A.,"['CH1', 'CH2', 'CHZ']",2018-12-29T07:53:39.820000Z,5.43
1747,20181229T075420Z,1J.TI6A.,"['CH1', 'CH2', 'CHZ']",2018-12-29T07:54:20.420000Z,1.1
1748,20181229T075704Z,1J.TI6A.,"['CH1', 'CH2', 'CHZ']",2018-12-29T07:57:04.280000Z,1.38
1749,20181229T075809Z,1J.TI6A.,"['CH1', 'CH2', 'CHZ']",2018-12-29T07:58:11.210000Z,18.64
1750,20181229T075835Z,1J.TI6A.,"['CH1', 'CH2', 'CHZ']",2018-12-29T07:58:36.630000Z,10.89
1751,20181229T075956Z,1J.TI6A.,"['CH1', 'CH2', 'CHZ']",2018-12-29T07:59:56.180000Z,2.17
1752,20181229T080231Z,1J.TI6A.,"['CH1', 'CH2', 'CHZ']",2018-12-29T08:02:32.030000Z,13.89
1753,20181229T080309Z,1J.TI6A.,"['CH1', 'CH2', 'CHZ']",2018-12-29T08:03:17.150000Z,2.98
1754,20181229T080348Z,1J.TI6A.,"['CH1', 'CH2', 'CHZ']",2018-12-29T08:03:48.990000Z,22.55
1755,20181229T080650Z,1J.TI6A.,"['CH1', 'CH2', 'CHZ']",2018-12-29T08:06:50.200000Z,0.86
1756,20181229T080758Z,1J.TI6A.,"['CH1', 'CH2', 'CHZ']",2018-12-29T08:07:58.240000Z,5.5
1757,20181229T080930Z,1J.TI6A.,"['CH1', 'CH2', 'CHZ']",2018-12-29T08:09:30.600000Z,1.25
1758,20181229T081111Z,1J.TI6A.,"['CH1', 'CH2', 'CHZ']",2018-12-29T08:11:11.890000Z,16.55
1759,20181229T081406Z,1J.TI6A.,"['CH1', 'CH2', 'CHZ']",2018-12-29T08:14:06.120000Z,2.71
1760,20181229T081733Z,1J.TI6A.,"['CH1', 'CH2', 'CHZ']",2018-12-29T08:17:33.020000Z,2.42
1761,20181229T081956Z,1J.TI6A.,"['CH1', 'CH2', 'CHZ']",2018-12-29T08:19:56.440000Z,0.94
1762,20181229T082032Z,1J.TI6A.,"['CH1', 'CH2', 'CHZ']",2018-12-29T08:20:32.540000Z,21.24
1763,20181229T082302Z,1J.TI6A.,"['CH1', 'CH2', 'CHZ']",2018-12-29T08:23:02.600000Z,0.91
1764,20181229T082314Z,1J.TI6A.,"['CH1', 'CH2', 'CHZ']",2018-12-29T08:23:14.880000Z,9.98
1765,20181229T082634Z,1J.TI6A.,"['CH1', 'CH2', 'CHZ']",2018-12-29T08:26:39.410000Z,42.73
1766,20181229T083659Z,1J.TI6A.,"['CH1', 'CH2', 'CHZ']",2018-12-29T08:37:01.160000Z,50.6
1767,20181229T084518Z,1J.TI6A.,"['CH1', 'CH2', 'CHZ']",2018-12-29T08:45:18.730000Z,0.65
1768,20181229T085644Z,1J.TI6A.,"['CH1', 'CH2', 'CHZ']",2018-12-29T08:56:44.500000Z,0.68
1769,20181229T090307Z,1J.TI6A.,"['CH1', 'CH2', 'CHZ']",2018-12-29T09:03:14.480000Z,0.85
1770,20181229T091034Z,1J.TI6A.,"['CH1', 'CH2', 'CHZ']",2018-12-29T09:10:34.930000Z,1.0
1771,20181229T091258Z,1J.TI6A.,"['CH1', 'CH2', 'CHZ']",2018-12-29T09:13:01.270000Z,6.12
1772,20181229T091347Z,1J.TI6A.,"['CH1', 'CH2', 'CHZ']",2018-12-29T09:13:47.920000Z,0.9
1773,20181229T091439Z,1J.TI6A.,"['CH1', 'CH2', 'CHZ']",2018-12-29T09:14:39.510000Z,1.06
1774,20181229T091745Z,1J.TI6A.,"['CH1', 'CH2', 'CHZ']",2018-12-29T09:17:47.750000Z,19.01
1775,20181229T091851Z,1J.TI6A.,"['CH1', 'CH2', 'CHZ']",2018-12-29T09:18:58.860000Z,0.61
1776,20181229T092323Z,1J.TI6A.,"['CH1', 'CH2', 'CHZ']",2018-12-29T09:23:23.110000Z,0.98
1777,20181229T092405Z,1J.TI6A.,"['CH1', 'CH2', 'CHZ']",2018-12-29T09:24:09.750000Z,2.27
1778,20181229T092652Z,1J.TI6A.,"['CH1', 'CH2', 'CHZ']",2018-12-29T09:26:52.790000Z,0.8
1779,20181229T093124Z,1J.TI6A.,"['CH1', 'CH2', 'CHZ']",2018-12-29T09:31:24.550000Z,0.94
1780,20181229T093710Z,1J.TI6A.,"['CH1', 'CH2', 'CHZ']",2018-12-29T09:37:11.220000Z,74.01
1781,20181229T094216Z,1J.TI6A.,"['CH1', 'CH2', 'CHZ']",2018-12-29T09:42:18.840000Z,2.15
1782,20181229T094239Z,1J.TI6A.,"['CH1', 'CH2', 'CHZ']",2018-12-29T09:42:39.350000Z,6.12
1783,20181229T094532Z,1J.TI6A.,"['CH1', 'CH2', 'CHZ']",2018-12-29T09:45:32.420000Z,0.77
1784,20181229T094603Z,1J.TI6A.,"['CH1', 'CH2', 'CHZ']",2018-12-29T09:46:03.540000Z,4.9
1785,20181229T094717Z,1J.TI6A.,"['CH1', 'CH2', 'CHZ']",2018-12-29T09:47:20.540000Z,43.35
1786,20181229T094953Z,1J.TI6A.,"['CH1', 'CH2', 'CHZ']",2018-12-29T09:49:55.030000Z,6.39
1787,20181229T095036Z,1J.TI6A.,"['CH1', 'CH2', 'CHZ']",2018-12-29T09:50:37.410000Z,8.55
1788,20181229T095148Z,1J.TI6A.,"['CH1', 'CH2', 'CHZ']",2018-12-29T09:51:48.250000Z,3.27
1789,20181229T095224Z,1J.TI6A.,"['CH1', 'CH2', 'CHZ']",2018-12-29T09:52:28.950000Z,1.81
1790,20181229T095351Z,1J.TI6A.,"['CH1', 'CH2', 'CHZ']",2018-12-29T09:53:51.950000Z,5.03
1791,20181229T095504Z,1J.TI6A.,"['CH1', 'CH2', 'CHZ']",2018-12-29T09:55:18.270000Z,15.37
1792,20181229T095609Z,1J.TI6A.,"['CH1', 'CH2', 'CHZ']",2018-12-29T09:56:11.600000Z,24.63
1793,20181229T100045Z,1J.TI6A.,"['CH1', 'CH2', 'CHZ']",2018-12-29T10:00:45.360000Z,0.91
1794,20181229T100523Z,1J.TI6A.,"['CH1', 'CH2', 'CHZ']",2018-12-29T10:05:23.290000Z,0.93
1795,20181229T100543Z,1J.TI6A.,"['CH1', 'CH2', 'CHZ']",2018-12-29T10:05:43.410000Z,7.24
1796,20181229T100631Z,1J.TI6A.,"['CH1', 'CH2', 'CHZ']",2018-12-29T10:06:33.140000Z,13.14
1797,20181229T100811Z,1J.TI6A.,"['CH1', 'CH2', 'CHZ']",2018-12-29T10:08:11.850000Z,15.78
1798,20181229T101005Z,1J.TI6A.,"['CH1', 'CH2', 'CHZ']",2018-12-29T10:10:05.480000Z,4.49
1799,20181229T101300Z,1J.TI6A.,"['CH1', 'CH2', 'CHZ']",2018-12-29T10:13:00.090000Z,21.53
1800,20181229T101709Z,1J.TI6A.,"['CH1', 'CH2', 'CHZ']",2018-12-29T10:17:09.010000Z,4.05
1801,20181229T101805Z,1J.TI6A.,"['CH1', 'CH2', 'CHZ']",2018-12-29T10:18:06.400000Z,8.0
1802,20181229T101910Z,1J.TI6A.,"['CH1', 'CH2', 'CHZ']",2018-12-29T10:19:10.610000Z,0.75
1803,20181229T102011Z,1J.TI6A.,"['CH1', 'CH2', 'CHZ']",2018-12-29T10:20:11.060000Z,3.78
1804,20181229T102254Z,1J.TI6A.,"['CH1', 'CH2', 'CHZ']",2018-12-29T10:22:54.200000Z,0.91
1805,20181229T102406Z,1J.TI6A.,"['CH1', 'CH2', 'CHZ']",2018-12-29T10:24:06.840000Z,0.76
1806,20181229T102449Z,1J.TI6A.,"['CH1', 'CH2', 'CHZ']",2018-12-29T10:24:50.680000Z,24.04
1807,20181229T102542Z,1J.TI6A.,"['CH1', 'CH2', 'CHZ']",2018-12-29T10:25:56.550000Z,25.23
1808,20181229T102855Z,1J.TI6A.,"['CH1', 'CH2', 'CHZ']",2018-12-29T10:28:55.460000Z,4.15
1809,20181229T103154Z,1J.TI6A.,"['CH1', 'CH2', 'CHZ']",2018-12-29T10:31:54.550000Z,1.36
1810,20181229T103244Z,1J.TI6A.,"['CH1', 'CH2', 'CHZ']",2018-12-29T10:32:44.490000Z,5.48
1811,20181229T103302Z,1J.TI6A.,"['CH1', 'CH2', 'CHZ']",2018-12-29T10:33:02.410000Z,0.7
1812,20181229T103344Z,1J.TI6A.,"['CH1', 'CH2', 'CHZ']",2018-12-29T10:33:44.600000Z,6.87
1813,20181229T103500Z,1J.TI6A.,"['CH1', 'CH2', 'CHZ']",2018-12-29T10:35:24.690000Z,52.52
1814,20181229T103756Z,1J.TI6A.,"['CH1', 'CH2', 'CHZ']",2018-12-29T10:37:56.130000Z,7.85
1815,20181229T103827Z,1J.TI6A.,"['CH1', 'CH2', 'CHZ']",2018-12-29T10:38:27.250000Z,1.13
1816,20181229T104012Z,1J.TI6A.,"['CH1', 'CH2', 'CHZ']",2018-12-29T10:40:23.450000Z,0.83
1817,20181229T104033Z,1J.TI6A.,"['CH1', 'CH2', 'CHZ']",2018-12-29T10:40:33.580000Z,0.99
1818,20181229T104133Z,1J.TI6A.,"['CH1', 'CH2', 'CHZ']",2018-12-29T10:41:33.260000Z,4.67
1819,20181229T104236Z,1J.TI6A.,"['CH1', 'CH2', 'CHZ']",2018-12-29T10:42:36.010000Z,23.34
1820,20181229T104403Z,1J.TI6A.,"['CH1', 'CH2', 'CHZ']",2018-12-29T10:44:03.450000Z,0.62
1821,20181229T104504Z,1J.TI6A.,"['CH1', 'CH2', 'CHZ']",2018-12-29T10:45:04.940000Z,0.93
1822,20181229T104536Z,1J.TI6A.,"['CH1', 'CH2', 'CHZ']",2018-12-29T10:45:36.690000Z,3.48
1823,20181229T104541Z,1J.TI6A.,"['CH1', 'CH2', 'CHZ']",2018-12-29T10:45:45.240000Z,6.17
1824,20181229T104800Z,1J.TI6A.,"['CH1', 'CH2', 'CHZ']",2018-12-29T10:48:04.550000Z,5.31
1825,20181229T104853Z,1J.TI6A.,"['CH1', 'CH2', 'CHZ']",2018-12-29T10:48:53.260000Z,1.67
1826,20181229T104934Z,1J.TI6A.,"['CH1', 'CH2', 'CHZ']",2018-12-29T10:49:34.540000Z,3.77
1827,20181229T105009Z,1J.TI6A.,"['CH1', 'CH2', 'CHZ']",2018-12-29T10:50:09.910000Z,1.1
1828,20181229T105015Z,1J.TI6A.,"['CH1', 'CH2', 'CHZ']",2018-12-29T10:50:19.930000Z,3.63
1829,20181229T105141Z,1J.TI6A.,"['CH1', 'CH2', 'CHZ']",2018-12-29T10:51:41.530000Z,15.76
1830,20181229T105239Z,1J.TI6A.,"['CH1', 'CH2', 'CHZ']",2018-12-29T10:53:09.840000Z,13.47
1831,20181229T105628Z,1J.TI6A.,"['CH1', 'CH2', 'CHZ']",2018-12-29T10:56:28.740000Z,20.42
1832,20181229T105836Z,1J.TI6A.,"['CH1', 'CH2', 'CHZ']",2018-12-29T10:58:36.230000Z,0.93
1833,20181229T105857Z,1J.TI6A.,"['CH1', 'CH2', 'CHZ']",2018-12-29T10:58:57.280000Z,1.37
1834,20181229T105907Z,1J.TI6A.,"['CH1', 'CH2', 'CHZ']",2018-12-29T10:59:08.880000Z,9.83
1835,20181229T110134Z,1J.TI6A.,"['CH1', 'CH2', 'CHZ']",2018-12-29T11:01:34.800000Z,3.02
1836,20181229T110331Z,1J.TI6A.,"['CH1', 'CH2', 'CHZ']",2018-12-29T11:03:31.010000Z,14.02
1837,20181229T110505Z,1J.TI6A.,"['CH1', 'CH2', 'CHZ']",2018-12-29T11:05:05.000000Z,2.04
1838,20181229T110922Z,1J.TI6A.,"['CH1', 'CH2', 'CHZ']",2018-12-29T11:09:22.450000Z,5.47
1839,20181229T111101Z,1J.TI6A.,"['CH1', 'CH2', 'CHZ']",2018-12-29T11:11:01.860000Z,7.5
1840,20181229T111129Z,1J.TI6A.,"['CH1', 'CH2', 'CHZ']",2018-12-29T11:11:30.920000Z,6.87
1841,20181229T111153Z,1J.TI6A.,"['CH1', 'CH2', 'CHZ']",2018-12-29T11:12:08.360000Z,5.71
1842,20181229T111514Z,1J.TI6A.,"['CH1', 'CH2', 'CHZ']",2018-12-29T11:15:14.390000Z,4.09
1843,20181229T111545Z,1J.TI6A.,"['CH1', 'CH2', 'CHZ']",2018-12-29T11:15:45.530000Z,1.0
1844,20181229T111602Z,1J.TI6A.,"['CH1', 'CH2', 'CHZ']",2018-12-29T11:16:02.040000Z,36.3
1845,20181229T111711Z,1J.TI6A.,"['CH1', 'CH2', 'CHZ']",2018-12-29T11:17:32.340000Z,0.68
1846,20181229T111926Z,1J.TI6A.,"['CH1', 'CH2', 'CHZ']",2018-12-29T11:19:26.160000Z,1.15
1847,20181229T112046Z,1J.TI6A.,"['CH1', 'CH2', 'CHZ']",2018-12-29T11:20:50.400000Z,16.22
1848,20181229T112341Z,1J.TI6A.,"['CH1', 'CH2', 'CHZ']",2018-12-29T11:23:41.180000Z,4.14
1849,20181229T112502Z,1J.TI6A.,"['CH1', 'CH2', 'CHZ']",2018-12-29T11:25:02.730000Z,24.06
1850,20181229T112634Z,1J.TI6A.,"['CH1', 'CH2', 'CHZ']",2018-12-29T11:26:34.390000Z,1.01
1851,20181229T112640Z,1J.TI6A.,"['CH1', 'CH2', 'CHZ']",2018-12-29T11:26:41.420000Z,14.43
1852,20181229T112813Z,1J.TI6A.,"['CH1', 'CH2', 'CHZ']",2018-12-29T11:28:13.790000Z,7.4
1853,20181229T112853Z,1J.TI6A.,"['CH1', 'CH2', 'CHZ']",2018-12-29T11:28:56.280000Z,0.9
1854,20181229T112930Z,1J.TI6A.,"['CH1', 'CH2', 'CHZ']",2018-12-29T11:29:31.660000Z,21.01
1855,20181229T113141Z,1J.TI6A.,"['CH1', 'CH2', 'CHZ']",2018-12-29T11:32:46.110000Z,1.3
1856,20181229T113340Z,1J.TI6A.,"['CH1', 'CH2', 'CHZ']",2018-12-29T11:33:42.210000Z,14.0
1857,20181229T113848Z,1J.TI6A.,"['CH1', 'CH2', 'CHZ']",2018-12-29T11:38:48.790000Z,0.58
1858,20181229T114008Z,1J.TI6A.,"['CH1', 'CH2', 'CHZ']",2018-12-29T11:40:26.210000Z,2.52
1859,20181229T114119Z,1J.TI6A.,"['CH1', 'CH2', 'CHZ']",2018-12-29T11:41:19.770000Z,0.95
1860,20181229T114654Z,1J.TI6A.,"['CH1', 'CH2', 'CHZ']",2018-12-29T11:46:59.070000Z,4.43
1861,20181229T114952Z,1J.TI6A.,"['CH1', 'CH2', 'CHZ']",2018-12-29T11:49:52.270000Z,1.05
1862,20181229T115304Z,1J.TI6A.,"['CH1', 'CH2', 'CHZ']",2018-12-29T11:53:07.490000Z,3.96
1863,20181229T115546Z,1J.TI6A.,"['CH1', 'CH2', 'CHZ']",2018-12-29T11:55:48.350000Z,18.22
1864,20181229T115759Z,1J.TI6A.,"['CH1', 'CH2', 'CHZ']",2018-12-29T11:57:59.600000Z,1.08
1865,20181229T115917Z,1J.TI6A.,"['CH1', 'CH2', 'CHZ']",2018-12-29T11:59:17.120000Z,50.63
1866,20181229T120039Z,1J.TI6A.,"['CH1', 'CH2', 'CHZ']",2018-12-29T12:00:39.720000Z,4.76
1867,20181229T120625Z,1J.TI6A.,"['CH1', 'CH2', 'CHZ']",2018-12-29T12:06:25.470000Z,0.73
1868,20181229T121014Z,1J.TI6A.,"['CH1', 'CH2', 'CHZ']",2018-12-29T12:10:14.220000Z,0.69
1869,20181229T122325Z,1J.TI6A.,"['CH1', 'CH2', 'CHZ']",2018-12-29T12:23:25.100000Z,14.68
1870,20181229T122350Z,1J.TI6A.,"['CH1', 'CH2', 'CHZ']",2018-12-29T12:23:55.380000Z,1.37
1871,20181229T122935Z,1J.TI6A.,"['CH1', 'CH2', 'CHZ']",2018-12-29T12:30:04.040000Z,18.18
1872,20181229T123224Z,1J.TI6A.,"['CH1', 'CH2', 'CHZ']",2018-12-29T12:32:24.610000Z,7.7
1873,20181229T123958Z,1J.TI6A.,"['CH1', 'CH2', 'CHZ']",2018-12-29T12:40:03.200000Z,3.14
1874,20181229T124058Z,1J.TI6A.,"['CH1', 'CH2', 'CHZ']",2018-12-29T12:40:58.540000Z,13.38
1875,20181229T125033Z,1J.TI6A.,"['CH1', 'CH2', 'CHZ']",2018-12-29T12:50:33.790000Z,10.76
1876,20181229T134112Z,1J.TI6A.,"['CH1', 'CH2', 'CHZ']",2018-12-29T13:41:12.890000Z,0.83
1877,20181229T134214Z,1J.TI6A.,"['CH1', 'CH2', 'CHZ']",2018-12-29T13:42:26.510000Z,11.58
1878,20181229T134415Z,1J.TI6A.,"['CH1', 'CH2', 'CHZ']",2018-12-29T13:44:16.000000Z,47.76
1879,20181229T153543Z,1J.TI6A.,"['CH1', 'CH2', 'CHZ']",2018-12-29T15:36:13.760000Z,12.35
1880,20181229T155043Z,1J.TI6A.,"['CH1', 'CH2', 'CHZ']",2018-12-29T15:51:13.590000Z,9.99
1881,20181229T165601Z,1J.TI6A.,"['CH1', 'CH2', 'CHZ']",2018-12-29T16:56:05.040000Z,4.55
1882,20181229T181055Z,1J.TI6A.,"['CH1', 'CH2', 'CHZ']",2018-12-29T18:10:56.810000Z,16.83
1883,20181229T183019Z,1J.TI6A.,"['CH1', 'CH2', 'CHZ']",2018-12-29T18:30:26.490000Z,22.25
1884,20181229T195240Z,1J.TI6A.,"['CH1', 'CH2', 'CHZ']",2018-12-29T19:53:05.700000Z,4.86
1885,20181229T202127Z,1J.TI6A.,"['CH1', 'CH2', 'CHZ']",2018-12-29T20:22:12.320000Z,20.34
1886,20181229T215045Z,1J.TI6A.,"['CH1', 'CH2', 'CHZ']",2018-12-29T21:50:45.460000Z,1.34
1887,20181229T215515Z,1J.TI6A.,"['CH1', 'CH2', 'CHZ']",2018-12-29T21:55:15.720000Z,0.94
1888,20181229T215631Z,1J.TI6A.,"['CH1', 'CH2', 'CHZ']",2018-12-29T21:56:31.220000Z,7.86
1889,20181229T215749Z,1J.TI6A.,"['CH1', 'CH2', 'CHZ']",2018-12-29T21:57:49.910000Z,0.9
1890,20181229T215814Z,1J.TI6A.,"['CH1', 'CH2', 'CHZ']",2018-12-29T21:58:19.140000Z,1.85
1891,20181229T215831Z,1J.TI6A.,"['CH1', 'CH2', 'CHZ']",2018-12-29T21:58:31.940000Z,0.98
1892,20181229T220106Z,1J.TI6A.,"['CH1', 'CH2', 'CHZ']",2018-12-29T22:01:08.290000Z,14.82
1893,20181229T220514Z,1J.TI6A.,"['CH1', 'CH2', 'CHZ']",2018-12-29T22:05:21.150000Z,15.02
1894,20181229T220908Z,1J.TI6A.,"['CH1', 'CH2', 'CHZ']",2018-12-29T22:09:08.490000Z,1.79
1895,20181229T221326Z,1J.TI6A.,"['CH1', 'CH2', 'CHZ']",2018-12-29T22:13:26.720000Z,2.51
1896,20181229T221438Z,1J.TI6A.,"['CH1', 'CH2', 'CHZ']",2018-12-29T22:14:39.210000Z,7.48
1897,20181229T221617Z,1J.TI6A.,"['CH1', 'CH2', 'CHZ']",2018-12-29T22:16:17.430000Z,15.13
1898,20181229T221711Z,1J.TI6A.,"['CH1', 'CH2', 'CHZ']",2018-12-29T22:17:11.910000Z,1.37
1899,20181229T221925Z,1J.TI6A.,"['CH1', 'CH2', 'CHZ']",2018-12-29T22:19:25.750000Z,13.87
1900,20181229T222004Z,1J.TI6A.,"['CH1', 'CH2', 'CHZ']",2018-12-29T22:20:04.650000Z,1.09
1901,20181229T222804Z,1J.TI6A.,"['CH1', 'CH2', 'CHZ']",2018-12-29T22:28:16.600000Z,1.33
1902,20181229T222826Z,1J.TI6A.,"['CH1', 'CH2', 'CHZ']",2018-12-29T22:28:26.660000Z,1.61
1903,20181229T223134Z,1J.TI6A.,"['CH1', 'CH2', 'CHZ']",2018-12-29T22:31:34.360000Z,11.29
1904,20181229T223657Z,1J.TI6A.,"['CH1', 'CH2', 'CHZ']",2018-12-29T22:36:58.140000Z,24.59
1905,20181229T224340Z,1J.TI6A.,"['CH1', 'CH2', 'CHZ']",2018-12-29T22:43:40.290000Z,5.24
1906,20181229T224444Z,1J.TI6A.,"['CH1', 'CH2', 'CHZ']",2018-12-29T22:44:44.370000Z,31.15
1907,20181229T224837Z,1J.TI6A.,"['CH1', 'CH2', 'CHZ']",2018-12-29T22:48:37.500000Z,2.02
1908,20181229T224851Z,1J.TI6A.,"['CH1', 'CH2', 'CHZ']",2018-12-29T22:48:51.590000Z,1.63
1909,20181229T225003Z,1J.TI6A.,"['CH1', 'CH2', 'CHZ']",2018-12-29T22:50:48.360000Z,1.16
1910,20181229T225621Z,1J.TI6A.,"['CH1', 'CH2', 'CHZ']",2018-12-29T22:56:21.830000Z,0.73
1911,20181229T230502Z,1J.TI6A.,"['CH1', 'CH2', 'CHZ']",2018-12-29T23:05:02.640000Z,0.85
1912,20181229T231413Z,1J.TI6A.,"['CH1', 'CH2', 'CHZ']",2018-12-29T23:14:16.600000Z,2.92
1913,20181229T234454Z,1J.TI6A.,"['CH1', 'CH2', 'CHZ']",2018-12-29T23:44:54.320000Z,5.29
1914,20181229T000303Z,1J.TI1A.,"['CH1', 'CH2', 'CHZ']",2018-12-29T00:03:03.720000Z,25.58
1915,20181229T000341Z,1J.TI1A.,"['CH1', 'CH2', 'CHZ']",2018-12-29T00:03:41.930000Z,12.14
1916,20181229T001410Z,1J.TI1A.,"['CH1', 'CH2', 'CHZ']",2018-12-29T00:14:22.950000Z,4.39
1917,20181229T001542Z,1J.TI1A.,"['CH1', 'CH2', 'CHZ']",2018-12-29T00:15:42.190000Z,16.71
1918,20181229T001728Z,1J.TI1A.,"['CH1', 'CH2', 'CHZ']",2018-12-29T00:17:28.100000Z,0.97
1919,20181229T001839Z,1J.TI1A.,"['CH1', 'CH2', 'CHZ']",2018-12-29T00:18:39.170000Z,5.51
1920,20181229T001907Z,1J.TI1A.,"['CH1', 'CH2', 'CHZ']",2018-12-29T00:19:07.400000Z,22.64
1921,20181229T002025Z,1J.TI1A.,"['CH1', 'CH2', 'CHZ']",2018-12-29T00:20:32.310000Z,1.69
1922,20181229T002122Z,1J.TI1A.,"['CH1', 'CH2', 'CHZ']",2018-12-29T00:21:22.080000Z,20.52
1923,20181229T002241Z,1J.TI1A.,"['CH1', 'CH2', 'CHZ']",2018-12-29T00:22:42.580000Z,1.61
1924,20181229T002314Z,1J.TI1A.,"['CH1', 'CH2', 'CHZ']",2018-12-29T00:23:14.910000Z,2.63
1925,20181229T002334Z,1J.TI1A.,"['CH1', 'CH2', 'CHZ']",2018-12-29T00:23:46.850000Z,2.48
1926,20181229T002359Z,1J.TI1A.,"['CH1', 'CH2', 'CHZ']",2018-12-29T00:23:59.270000Z,17.45
1927,20181229T002437Z,1J.TI1A.,"['CH1', 'CH2', 'CHZ']",2018-12-29T00:24:37.750000Z,1.05
1928,20181229T002543Z,1J.TI1A.,"['CH1', 'CH2', 'CHZ']",2018-12-29T00:25:43.450000Z,0.65
1929,20181229T002601Z,1J.TI1A.,"['CH1', 'CH2', 'CHZ']",2018-12-29T00:26:01.640000Z,1.45
1930,20181229T002625Z,1J.TI1A.,"['CH1', 'CH2', 'CHZ']",2018-12-29T00:26:25.720000Z,1.91
1931,20181229T002631Z,1J.TI1A.,"['CH1', 'CH2', 'CHZ']",2018-12-29T00:26:37.520000Z,2.28
1932,20181229T002730Z,1J.TI1A.,"['CH1', 'CH2', 'CHZ']",2018-12-29T00:27:35.330000Z,48.51
1933,20181229T003634Z,1J.TI1A.,"['CH1', 'CH2', 'CHZ']",2018-12-29T00:36:34.640000Z,1.97
1934,20181229T003730Z,1J.TI1A.,"['CH1', 'CH2', 'CHZ']",2018-12-29T00:37:30.890000Z,7.0
1935,20181229T003812Z,1J.TI1A.,"['CH1', 'CH2', 'CHZ']",2018-12-29T00:38:12.890000Z,9.08
1936,20181229T004121Z,1J.TI1A.,"['CH1', 'CH2', 'CHZ']",2018-12-29T00:41:25.600000Z,1.95
1937,20181229T004140Z,1J.TI1A.,"['CH1', 'CH2', 'CHZ']",2018-12-29T00:41:40.050000Z,2.67
1938,20181229T004211Z,1J.TI1A.,"['CH1', 'CH2', 'CHZ']",2018-12-29T00:42:11.570000Z,3.69
1939,20181229T004241Z,1J.TI1A.,"['CH1', 'CH2', 'CHZ']",2018-12-29T00:42:41.500000Z,16.14
1940,20181229T004347Z,1J.TI1A.,"['CH1', 'CH2', 'CHZ']",2018-12-29T00:43:47.690000Z,36.24
1941,20181229T005021Z,1J.TI1A.,"['CH1', 'CH2', 'CHZ']",2018-12-29T00:50:21.690000Z,1.66
1942,20181229T005050Z,1J.TI1A.,"['CH1', 'CH2', 'CHZ']",2018-12-29T00:50:51.840000Z,2.56
1943,20181229T010006Z,1J.TI1A.,"['CH1', 'CH2', 'CHZ']",2018-12-29T01:00:12.530000Z,16.14
1944,20181229T010210Z,1J.TI1A.,"['CH1', 'CH2', 'CHZ']",2018-12-29T01:02:16.920000Z,4.12
1945,20181229T011431Z,1J.TI1A.,"['CH1', 'CH2', 'CHZ']",2018-12-29T01:14:33.230000Z,2.54
1946,20181229T011638Z,1J.TI1A.,"['CH1', 'CH2', 'CHZ']",2018-12-29T01:16:38.160000Z,2.41
1947,20181229T011747Z,1J.TI1A.,"['CH1', 'CH2', 'CHZ']",2018-12-29T01:17:47.170000Z,1.07
1948,20181229T011753Z,1J.TI1A.,"['CH1', 'CH2', 'CHZ']",2018-12-29T01:18:08.190000Z,1.76
1949,20181229T011956Z,1J.TI1A.,"['CH1', 'CH2', 'CHZ']",2018-12-29T01:20:04.730000Z,4.75
1950,20181229T012127Z,1J.TI1A.,"['CH1', 'CH2', 'CHZ']",2018-12-29T01:21:27.010000Z,1.83
1951,20181229T012214Z,1J.TI1A.,"['CH1', 'CH2', 'CHZ']",2018-12-29T01:22:14.430000Z,1.73
1952,20181229T012240Z,1J.TI1A.,"['CH1', 'CH2', 'CHZ']",2018-12-29T01:22:41.010000Z,2.76
1953,20181229T012307Z,1J.TI1A.,"['CH1', 'CH2', 'CHZ']",2018-12-29T01:23:07.580000Z,1.85
1954,20181229T012324Z,1J.TI1A.,"['CH1', 'CH2', 'CHZ']",2018-12-29T01:23:24.330000Z,0.93
1955,20181229T012345Z,1J.TI1A.,"['CH1', 'CH2', 'CHZ']",2018-12-29T01:23:45.650000Z,3.93
1956,20181229T012406Z,1J.TI1A.,"['CH1', 'CH2', 'CHZ']",2018-12-29T01:24:08.300000Z,3.27
1957,20181229T012504Z,1J.TI1A.,"['CH1', 'CH2', 'CHZ']",2018-12-29T01:25:04.660000Z,1.73
1958,20181229T012543Z,1J.TI1A.,"['CH1', 'CH2', 'CHZ']",2018-12-29T01:25:43.300000Z,5.44
1959,20181229T012644Z,1J.TI1A.,"['CH1', 'CH2', 'CHZ']",2018-12-29T01:26:46.330000Z,0.83
1960,20181229T012742Z,1J.TI1A.,"['CH1', 'CH2', 'CHZ']",2018-12-29T01:27:42.570000Z,1.92
1961,20181229T012845Z,1J.TI1A.,"['CH1', 'CH2', 'CHZ']",2018-12-29T01:28:46.780000Z,2.02
1962,20181229T012853Z,1J.TI1A.,"['CH1', 'CH2', 'CHZ']",2018-12-29T01:28:54.120000Z,3.22
1963,20181229T013200Z,1J.TI1A.,"['CH1', 'CH2', 'CHZ']",2018-12-29T01:32:02.660000Z,4.2
1964,20181229T013440Z,1J.TI1A.,"['CH1', 'CH2', 'CHZ']",2018-12-29T01:34:40.670000Z,1.19
1965,20181229T013555Z,1J.TI1A.,"['CH1', 'CH2', 'CHZ']",2018-12-29T01:35:55.670000Z,1.05
1966,20181229T013716Z,1J.TI1A.,"['CH1', 'CH2', 'CHZ']",2018-12-29T01:37:16.920000Z,6.14
1967,20181229T014104Z,1J.TI1A.,"['CH1', 'CH2', 'CHZ']",2018-12-29T01:41:04.860000Z,4.3
1968,20181229T014258Z,1J.TI1A.,"['CH1', 'CH2', 'CHZ']",2018-12-29T01:42:59.680000Z,1.82
1969,20181229T014416Z,1J.TI1A.,"['CH1', 'CH2', 'CHZ']",2018-12-29T01:44:16.050000Z,0.92
1970,20181229T014450Z,1J.TI1A.,"['CH1', 'CH2', 'CHZ']",2018-12-29T01:44:50.700000Z,1.35
1971,20181229T015049Z,1J.TI1A.,"['CH1', 'CH2', 'CHZ']",2018-12-29T01:50:49.660000Z,1.42
1972,20181229T015322Z,1J.TI1A.,"['CH1', 'CH2', 'CHZ']",2018-12-29T01:53:23.550000Z,9.26
1973,20181229T015450Z,1J.TI1A.,"['CH1', 'CH2', 'CHZ']",2018-12-29T01:54:50.400000Z,15.61
1974,20181229T020202Z,1J.TI1A.,"['CH1', 'CH2', 'CHZ']",2018-12-29T02:02:04.430000Z,9.89
1975,20181229T020704Z,1J.TI1A.,"['CH1', 'CH2', 'CHZ']",2018-12-29T02:07:06.160000Z,1.92
1976,20181229T021240Z,1J.TI1A.,"['CH1', 'CH2', 'CHZ']",2018-12-29T02:12:40.490000Z,6.37
1977,20181229T021413Z,1J.TI1A.,"['CH1', 'CH2', 'CHZ']",2018-12-29T02:14:13.510000Z,1.73
1978,20181229T021730Z,1J.TI1A.,"['CH1', 'CH2', 'CHZ']",2018-12-29T02:17:30.880000Z,1.04
1979,20181229T022707Z,1J.TI1A.,"['CH1', 'CH2', 'CHZ']",2018-12-29T02:27:46.680000Z,11.61
1980,20181229T022936Z,1J.TI1A.,"['CH1', 'CH2', 'CHZ']",2018-12-29T02:29:36.920000Z,1.41
1981,20181229T023029Z,1J.TI1A.,"['CH1', 'CH2', 'CHZ']",2018-12-29T02:30:29.210000Z,1.05
1982,20181229T023041Z,1J.TI1A.,"['CH1', 'CH2', 'CHZ']",2018-12-29T02:30:41.650000Z,1.48
1983,20181229T023156Z,1J.TI1A.,"['CH1', 'CH2', 'CHZ']",2018-12-29T02:31:58.910000Z,2.74
1984,20181229T023229Z,1J.TI1A.,"['CH1', 'CH2', 'CHZ']",2018-12-29T02:32:53.610000Z,22.34
1985,20181229T023343Z,1J.TI1A.,"['CH1', 'CH2', 'CHZ']",2018-12-29T02:33:43.990000Z,4.63
1986,20181229T023418Z,1J.TI1A.,"['CH1', 'CH2', 'CHZ']",2018-12-29T02:34:18.960000Z,1.82
1987,20181229T023846Z,1J.TI1A.,"['CH1', 'CH2', 'CHZ']",2018-12-29T02:38:46.170000Z,2.57
1988,20181229T023919Z,1J.TI1A.,"['CH1', 'CH2', 'CHZ']",2018-12-29T02:40:02.450000Z,2.94
1989,20181229T024228Z,1J.TI1A.,"['CH1', 'CH2', 'CHZ']",2018-12-29T02:42:28.320000Z,1.24
1990,20181229T024253Z,1J.TI1A.,"['CH1', 'CH2', 'CHZ']",2018-12-29T02:42:53.730000Z,14.97
1991,20181229T024332Z,1J.TI1A.,"['CH1', 'CH2', 'CHZ']",2018-12-29T02:43:32.700000Z,35.76
1992,20181229T024452Z,1J.TI1A.,"['CH1', 'CH2', 'CHZ']",2018-12-29T02:45:10.060000Z,1.21
1993,20181229T032437Z,1J.TI1A.,"['CH1', 'CH2', 'CHZ']",2018-12-29T03:24:37.830000Z,3.37
1994,20181229T034304Z,1J.TI1A.,"['CH1', 'CH2', 'CHZ']",2018-12-29T03:43:04.350000Z,24.19
1995,20181229T034604Z,1J.TI1A.,"['CH1', 'CH2', 'CHZ']",2018-12-29T03:46:04.630000Z,12.03
1996,20181229T035037Z,1J.TI1A.,"['CH1', 'CH2', 'CHZ']",2018-12-29T03:50:37.760000Z,46.67
1997,20181229T035926Z,1J.TI1A.,"['CH1', 'CH2', 'CHZ']",2018-12-29T03:59:26.230000Z,11.77
1998,20181229T035951Z,1J.TI1A.,"['CH1', 'CH2', 'CHZ']",2018-12-29T03:59:51.920000Z,2.3
1999,20181229T040429Z,1J.TI1A.,"['CH1', 'CH2', 'CHZ']",2018-12-29T04:04:33.190000Z,46.25
2000,20181229T040924Z,1J.TI1A.,"['CH1', 'CH2', 'CHZ']",2018-12-29T04:09:24.400000Z,7.09
2001,20181229T041700Z,1J.TI1A.,"['CH1', 'CH2', 'CHZ']",2018-12-29T04:17:00.970000Z,15.51
2002,20181229T042117Z,1J.TI1A.,"['CH1', 'CH2', 'CHZ']",2018-12-29T04:21:20.510000Z,49.8
2003,20181229T042526Z,1J.TI1A.,"['CH1', 'CH2', 'CHZ']",2018-12-29T04:25:27.710000Z,3.5
2004,20181229T043329Z,1J.TI1A.,"['CH1', 'CH2', 'CHZ']",2018-12-29T04:33:30.930000Z,24.04
2005,20181229T043439Z,1J.TI1A.,"['CH1', 'CH2', 'CHZ']",2018-12-29T04:34:40.080000Z,30.02
2006,20181229T044133Z,1J.TI1A.,"['CH1', 'CH2', 'CHZ']",2018-12-29T04:41:40.730000Z,9.78
2007,20181229T045350Z,1J.TI1A.,"['CH1', 'CH2', 'CHZ']",2018-12-29T04:53:50.190000Z,23.31
2008,20181229T045445Z,1J.TI1A.,"['CH1', 'CH2', 'CHZ']",2018-12-29T04:54:45.440000Z,1.55
2009,20181229T045845Z,1J.TI1A.,"['CH1', 'CH2', 'CHZ']",2018-12-29T04:58:45.290000Z,19.44
2010,20181229T050146Z,1J.TI1A.,"['CH1', 'CH2', 'CHZ']",2018-12-29T05:01:48.100000Z,8.15
2011,20181229T050811Z,1J.TI1A.,"['CH1', 'CH2', 'CHZ']",2018-12-29T05:08:11.860000Z,23.51
2012,20181229T051346Z,1J.TI1A.,"['CH1', 'CH2', 'CHZ']",2018-12-29T05:13:47.830000Z,2.96
2013,20181229T052430Z,1J.TI1A.,"['CH1', 'CH2', 'CHZ']",2018-12-29T05:24:30.430000Z,8.42
2014,20181229T052605Z,1J.TI1A.,"['CH1', 'CH2', 'CHZ']",2018-12-29T05:26:05.890000Z,8.83
2015,20181229T052857Z,1J.TI1A.,"['CH1', 'CH2', 'CHZ']",2018-12-29T05:28:57.830000Z,2.86
2016,20181229T053205Z,1J.TI1A.,"['CH1', 'CH2', 'CHZ']",2018-12-29T05:32:07.840000Z,49.15
2017,20181229T053816Z,1J.TI1A.,"['CH1', 'CH2', 'CHZ']",2018-12-29T05:38:20.580000Z,17.53
2018,20181229T054139Z,1J.TI1A.,"['CH1', 'CH2', 'CHZ']",2018-12-29T05:41:46.990000Z,10.58
2019,20181229T054701Z,1J.TI1A.,"['CH1', 'CH2', 'CHZ']",2018-12-29T05:47:01.410000Z,12.56
2020,20181229T054734Z,1J.TI1A.,"['CH1', 'CH2', 'CHZ']",2018-12-29T05:47:37.370000Z,54.15
2021,20181229T055142Z,1J.TI1A.,"['CH1', 'CH2', 'CHZ']",2018-12-29T05:51:43.510000Z,3.8
2022,20181229T060257Z,1J.TI1A.,"['CH1', 'CH2', 'CHZ']",2018-12-29T06:02:57.320000Z,17.47
2023,20181229T060633Z,1J.TI1A.,"['CH1', 'CH2', 'CHZ']",2018-12-29T06:06:33.540000Z,3.94
2024,20181229T060831Z,1J.TI1A.,"['CH1', 'CH2', 'CHZ']",2018-12-29T06:08:31.900000Z,44.73
2025,20181229T061138Z,1J.TI1A.,"['CH1', 'CH2', 'CHZ']",2018-12-29T06:11:41.580000Z,1.91
2026,20181229T061243Z,1J.TI1A.,"['CH1', 'CH2', 'CHZ']",2018-12-29T06:12:47.430000Z,7.46
2027,20181229T061409Z,1J.TI1A.,"['CH1', 'CH2', 'CHZ']",2018-12-29T06:14:09.070000Z,17.01
2028,20181229T061612Z,1J.TI1A.,"['CH1', 'CH2', 'CHZ']",2018-12-29T06:16:12.440000Z,3.71
2029,20181229T061656Z,1J.TI1A.,"['CH1', 'CH2', 'CHZ']",2018-12-29T06:16:59.060000Z,2.35
2030,20181229T062604Z,1J.TI1A.,"['CH1', 'CH2', 'CHZ']",2018-12-29T06:26:04.900000Z,2.61
2031,20181229T062854Z,1J.TI1A.,"['CH1', 'CH2', 'CHZ']",2018-12-29T06:28:55.960000Z,3.07
2032,20181229T063204Z,1J.TI1A.,"['CH1', 'CH2', 'CHZ']",2018-12-29T06:32:04.340000Z,29.29
2033,20181229T063432Z,1J.TI1A.,"['CH1', 'CH2', 'CHZ']",2018-12-29T06:34:32.550000Z,3.38
2034,20181229T063952Z,1J.TI1A.,"['CH1', 'CH2', 'CHZ']",2018-12-29T06:39:52.420000Z,19.91
2035,20181229T064606Z,1J.TI1A.,"['CH1', 'CH2', 'CHZ']",2018-12-29T06:46:06.110000Z,9.75
2036,20181229T065234Z,1J.TI1A.,"['CH1', 'CH2', 'CHZ']",2018-12-29T06:52:34.230000Z,19.56
2037,20181229T065603Z,1J.TI1A.,"['CH1', 'CH2', 'CHZ']",2018-12-29T06:56:05.320000Z,8.5
2038,20181229T065954Z,1J.TI1A.,"['CH1', 'CH2', 'CHZ']",2018-12-29T06:59:54.220000Z,10.38
2039,20181229T070257Z,1J.TI1A.,"['CH1', 'CH2', 'CHZ']",2018-12-29T07:02:58.170000Z,8.59
2040,20181229T070411Z,1J.TI1A.,"['CH1', 'CH2', 'CHZ']",2018-12-29T07:04:22.360000Z,2.53
2041,20181229T070615Z,1J.TI1A.,"['CH1', 'CH2', 'CHZ']",2018-12-29T07:06:23.720000Z,21.24
2042,20181229T070650Z,1J.TI1A.,"['CH1', 'CH2', 'CHZ']",2018-12-29T07:06:50.160000Z,19.16
2043,20181229T070914Z,1J.TI1A.,"['CH1', 'CH2', 'CHZ']",2018-12-29T07:09:16.750000Z,5.12
2044,20181229T071343Z,1J.TI1A.,"['CH1', 'CH2', 'CHZ']",2018-12-29T07:13:52.310000Z,10.36
2045,20181229T071907Z,1J.TI1A.,"['CH1', 'CH2', 'CHZ']",2018-12-29T07:19:07.760000Z,23.61
2046,20181229T072144Z,1J.TI1A.,"['CH1', 'CH2', 'CHZ']",2018-12-29T07:21:46.780000Z,4.95
2047,20181229T072540Z,1J.TI1A.,"['CH1', 'CH2', 'CHZ']",2018-12-29T07:25:40.220000Z,38.98
2048,20181229T072848Z,1J.TI1A.,"['CH1', 'CH2', 'CHZ']",2018-12-29T07:28:48.770000Z,3.46
2049,20181229T073055Z,1J.TI1A.,"['CH1', 'CH2', 'CHZ']",2018-12-29T07:30:55.570000Z,3.56
2050,20181229T073339Z,1J.TI1A.,"['CH1', 'CH2', 'CHZ']",2018-12-29T07:33:42.010000Z,3.98
2051,20181229T074337Z,1J.TI1A.,"['CH1', 'CH2', 'CHZ']",2018-12-29T07:43:37.970000Z,29.31
2052,20181229T074559Z,1J.TI1A.,"['CH1', 'CH2', 'CHZ']",2018-12-29T07:46:01.410000Z,2.96
2053,20181229T075835Z,1J.TI1A.,"['CH1', 'CH2', 'CHZ']",2018-12-29T07:58:36.060000Z,6.26
2054,20181229T080348Z,1J.TI1A.,"['CH1', 'CH2', 'CHZ']",2018-12-29T08:03:55.890000Z,13.16
2055,20181229T080658Z,1J.TI1A.,"['CH1', 'CH2', 'CHZ']",2018-12-29T08:06:58.050000Z,18.79
2056,20181229T080726Z,1J.TI1A.,"['CH1', 'CH2', 'CHZ']",2018-12-29T08:07:26.880000Z,22.95
2057,20181229T081111Z,1J.TI1A.,"['CH1', 'CH2', 'CHZ']",2018-12-29T08:11:14.140000Z,5.12
2058,20181229T082007Z,1J.TI1A.,"['CH1', 'CH2', 'CHZ']",2018-12-29T08:20:07.930000Z,17.23
2059,20181229T082806Z,1J.TI1A.,"['CH1', 'CH2', 'CHZ']",2018-12-29T08:28:06.690000Z,1.23
2060,20181229T083552Z,1J.TI1A.,"['CH1', 'CH2', 'CHZ']",2018-12-29T08:35:53.910000Z,9.7
2061,20181229T083659Z,1J.TI1A.,"['CH1', 'CH2', 'CHZ']",2018-12-29T08:37:01.670000Z,53.52
2062,20181229T084036Z,1J.TI1A.,"['CH1', 'CH2', 'CHZ']",2018-12-29T08:40:36.640000Z,6.92
2063,20181229T084114Z,1J.TI1A.,"['CH1', 'CH2', 'CHZ']",2018-12-29T08:41:14.460000Z,11.39
2064,20181229T084401Z,1J.TI1A.,"['CH1', 'CH2', 'CHZ']",2018-12-29T08:44:11.950000Z,6.64
2065,20181229T084710Z,1J.TI1A.,"['CH1', 'CH2', 'CHZ']",2018-12-29T08:47:10.290000Z,9.52
2066,20181229T084909Z,1J.TI1A.,"['CH1', 'CH2', 'CHZ']",2018-12-29T08:49:17.700000Z,14.94
2067,20181229T085125Z,1J.TI1A.,"['CH1', 'CH2', 'CHZ']",2018-12-29T08:51:30.000000Z,3.42
2068,20181229T090307Z,1J.TI1A.,"['CH1', 'CH2', 'CHZ']",2018-12-29T09:03:07.570000Z,6.18
2069,20181229T091047Z,1J.TI1A.,"['CH1', 'CH2', 'CHZ']",2018-12-29T09:10:47.210000Z,6.67
2070,20181229T091745Z,1J.TI1A.,"['CH1', 'CH2', 'CHZ']",2018-12-29T09:17:49.740000Z,20.52
2071,20181229T091837Z,1J.TI1A.,"['CH1', 'CH2', 'CHZ']",2018-12-29T09:18:38.590000Z,2.44
2072,20181229T092429Z,1J.TI1A.,"['CH1', 'CH2', 'CHZ']",2018-12-29T09:24:29.340000Z,44.13
2073,20181229T093014Z,1J.TI1A.,"['CH1', 'CH2', 'CHZ']",2018-12-29T09:30:15.580000Z,7.85
2074,20181229T093145Z,1J.TI1A.,"['CH1', 'CH2', 'CHZ']",2018-12-29T09:31:45.970000Z,11.01
2075,20181229T093251Z,1J.TI1A.,"['CH1', 'CH2', 'CHZ']",2018-12-29T09:32:51.070000Z,2.22
2076,20181229T093710Z,1J.TI1A.,"['CH1', 'CH2', 'CHZ']",2018-12-29T09:37:11.110000Z,71.05
2077,20181229T094239Z,1J.TI1A.,"['CH1', 'CH2', 'CHZ']",2018-12-29T09:42:41.120000Z,1.45
2078,20181229T094717Z,1J.TI1A.,"['CH1', 'CH2', 'CHZ']",2018-12-29T09:47:18.270000Z,39.95
2079,20181229T095504Z,1J.TI1A.,"['CH1', 'CH2', 'CHZ']",2018-12-29T09:55:06.310000Z,26.2
2080,20181229T095947Z,1J.TI1A.,"['CH1', 'CH2', 'CHZ']",2018-12-29T09:59:47.320000Z,3.93
2081,20181229T100322Z,1J.TI1A.,"['CH1', 'CH2', 'CHZ']",2018-12-29T10:03:22.740000Z,8.16
2082,20181229T100631Z,1J.TI1A.,"['CH1', 'CH2', 'CHZ']",2018-12-29T10:06:41.350000Z,10.53
2083,20181229T100734Z,1J.TI1A.,"['CH1', 'CH2', 'CHZ']",2018-12-29T10:07:41.240000Z,7.41
2084,20181229T100811Z,1J.TI1A.,"['CH1', 'CH2', 'CHZ']",2018-12-29T10:08:14.280000Z,2.07
2085,20181229T102030Z,1J.TI1A.,"['CH1', 'CH2', 'CHZ']",2018-12-29T10:20:30.460000Z,15.74
2086,20181229T102542Z,1J.TI1A.,"['CH1', 'CH2', 'CHZ']",2018-12-29T10:25:58.580000Z,21.58
2087,20181229T103500Z,1J.TI1A.,"['CH1', 'CH2', 'CHZ']",2018-12-29T10:35:22.260000Z,63.32
2088,20181229T103756Z,1J.TI1A.,"['CH1', 'CH2', 'CHZ']",2018-12-29T10:37:59.290000Z,2.74
2089,20181229T104236Z,1J.TI1A.,"['CH1', 'CH2', 'CHZ']",2018-12-29T10:42:42.900000Z,13.6
2090,20181229T104627Z,1J.TI1A.,"['CH1', 'CH2', 'CHZ']",2018-12-29T10:46:27.390000Z,19.6
2091,20181229T104656Z,1J.TI1A.,"['CH1', 'CH2', 'CHZ']",2018-12-29T10:46:56.420000Z,14.45
2092,20181229T105141Z,1J.TI1A.,"['CH1', 'CH2', 'CHZ']",2018-12-29T10:51:43.920000Z,7.86
2093,20181229T105239Z,1J.TI1A.,"['CH1', 'CH2', 'CHZ']",2018-12-29T10:52:39.660000Z,41.01
2094,20181229T105355Z,1J.TI1A.,"['CH1', 'CH2', 'CHZ']",2018-12-29T10:54:04.650000Z,23.29
2095,20181229T105628Z,1J.TI1A.,"['CH1', 'CH2', 'CHZ']",2018-12-29T10:56:28.550000Z,22.44
2096,20181229T110102Z,1J.TI1A.,"['CH1', 'CH2', 'CHZ']",2018-12-29T11:01:02.250000Z,6.39
2097,20181229T110331Z,1J.TI1A.,"['CH1', 'CH2', 'CHZ']",2018-12-29T11:03:33.320000Z,2.0
2098,20181229T111028Z,1J.TI1A.,"['CH1', 'CH2', 'CHZ']",2018-12-29T11:10:28.700000Z,20.61
2099,20181229T111129Z,1J.TI1A.,"['CH1', 'CH2', 'CHZ']",2018-12-29T11:11:30.040000Z,4.75
2100,20181229T111602Z,1J.TI1A.,"['CH1', 'CH2', 'CHZ']",2018-12-29T11:16:04.290000Z,33.95
2101,20181229T111711Z,1J.TI1A.,"['CH1', 'CH2', 'CHZ']",2018-12-29T11:17:11.760000Z,32.86
2102,20181229T112457Z,1J.TI1A.,"['CH1', 'CH2', 'CHZ']",2018-12-29T11:24:57.030000Z,3.07
2103,20181229T112502Z,1J.TI1A.,"['CH1', 'CH2', 'CHZ']",2018-12-29T11:25:12.580000Z,9.9
2104,20181229T112640Z,1J.TI1A.,"['CH1', 'CH2', 'CHZ']",2018-12-29T11:26:44.900000Z,11.45
2105,20181229T112813Z,1J.TI1A.,"['CH1', 'CH2', 'CHZ']",2018-12-29T11:28:15.910000Z,2.48
2106,20181229T113313Z,1J.TI1A.,"['CH1', 'CH2', 'CHZ']",2018-12-29T11:33:18.240000Z,9.45
2107,20181229T113340Z,1J.TI1A.,"['CH1', 'CH2', 'CHZ']",2018-12-29T11:33:46.330000Z,17.95
2108,20181229T113640Z,1J.TI1A.,"['CH1', 'CH2', 'CHZ']",2018-12-29T11:36:42.400000Z,6.02
2109,20181229T113730Z,1J.TI1A.,"['CH1', 'CH2', 'CHZ']",2018-12-29T11:37:30.000000Z,10.73
2110,20181229T114008Z,1J.TI1A.,"['CH1', 'CH2', 'CHZ']",2018-12-29T11:40:24.490000Z,2.67
2111,20181229T114128Z,1J.TI1A.,"['CH1', 'CH2', 'CHZ']",2018-12-29T11:41:28.610000Z,1.67
2112,20181229T114530Z,1J.TI1A.,"['CH1', 'CH2', 'CHZ']",2018-12-29T11:45:30.730000Z,6.81
2113,20181229T115304Z,1J.TI1A.,"['CH1', 'CH2', 'CHZ']",2018-12-29T11:53:05.480000Z,11.36
2114,20181229T115917Z,1J.TI1A.,"['CH1', 'CH2', 'CHZ']",2018-12-29T11:59:17.180000Z,58.04
2115,20181229T120556Z,1J.TI1A.,"['CH1', 'CH2', 'CHZ']",2018-12-29T12:05:56.010000Z,2.52
2116,20181229T120806Z,1J.TI1A.,"['CH1', 'CH2', 'CHZ']",2018-12-29T12:08:06.420000Z,8.24
2117,20181229T121043Z,1J.TI1A.,"['CH1', 'CH2', 'CHZ']",2018-12-29T12:10:45.450000Z,18.98
2118,20181229T121742Z,1J.TI1A.,"['CH1', 'CH2', 'CHZ']",2018-12-29T12:17:42.470000Z,21.11
2119,20181229T122216Z,1J.TI1A.,"['CH1', 'CH2', 'CHZ']",2018-12-29T12:22:17.270000Z,7.5
2120,20181229T122935Z,1J.TI1A.,"['CH1', 'CH2', 'CHZ']",2018-12-29T12:29:36.520000Z,51.33
2121,20181229T123138Z,1J.TI1A.,"['CH1', 'CH2', 'CHZ']",2018-12-29T12:31:38.580000Z,2.66
2122,20181229T123154Z,1J.TI1A.,"['CH1', 'CH2', 'CHZ']",2018-12-29T12:31:54.680000Z,6.22
2123,20181229T123443Z,1J.TI1A.,"['CH1', 'CH2', 'CHZ']",2018-12-29T12:34:43.520000Z,23.55
2124,20181229T123640Z,1J.TI1A.,"['CH1', 'CH2', 'CHZ']",2018-12-29T12:36:40.860000Z,12.48
2125,20181229T124031Z,1J.TI1A.,"['CH1', 'CH2', 'CHZ']",2018-12-29T12:40:33.190000Z,8.0
2126,20181229T124751Z,1J.TI1A.,"['CH1', 'CH2', 'CHZ']",2018-12-29T12:47:51.350000Z,0.98
2127,20181229T124826Z,1J.TI1A.,"['CH1', 'CH2', 'CHZ']",2018-12-29T12:48:27.380000Z,14.38
2128,20181229T125127Z,1J.TI1A.,"['CH1', 'CH2', 'CHZ']",2018-12-29T12:51:27.860000Z,14.32
2129,20181229T125352Z,1J.TI1A.,"['CH1', 'CH2', 'CHZ']",2018-12-29T12:53:52.340000Z,19.03
2130,20181229T125552Z,1J.TI1A.,"['CH1', 'CH2', 'CHZ']",2018-12-29T12:55:56.200000Z,2.35
2131,20181229T125703Z,1J.TI1A.,"['CH1', 'CH2', 'CHZ']",2018-12-29T12:57:03.830000Z,8.06
2132,20181229T125816Z,1J.TI1A.,"['CH1', 'CH2', 'CHZ']",2018-12-29T12:58:17.490000Z,13.14
2133,20181229T130111Z,1J.TI1A.,"['CH1', 'CH2', 'CHZ']",2018-12-29T13:01:12.840000Z,8.3
2134,20181229T130231Z,1J.TI1A.,"['CH1', 'CH2', 'CHZ']",2018-12-29T13:02:31.180000Z,2.98
2135,20181229T130435Z,1J.TI1A.,"['CH1', 'CH2', 'CHZ']",2018-12-29T13:04:37.200000Z,11.33
2136,20181229T130729Z,1J.TI1A.,"['CH1', 'CH2', 'CHZ']",2018-12-29T13:07:29.260000Z,1.07
2137,20181229T131034Z,1J.TI1A.,"['CH1', 'CH2', 'CHZ']",2018-12-29T13:10:34.220000Z,8.51
2138,20181229T131357Z,1J.TI1A.,"['CH1', 'CH2', 'CHZ']",2018-12-29T13:13:58.240000Z,26.39
2139,20181229T131517Z,1J.TI1A.,"['CH1', 'CH2', 'CHZ']",2018-12-29T13:15:17.920000Z,8.9
2140,20181229T132222Z,1J.TI1A.,"['CH1', 'CH2', 'CHZ']",2018-12-29T13:22:22.570000Z,3.7
2141,20181229T132445Z,1J.TI1A.,"['CH1', 'CH2', 'CHZ']",2018-12-29T13:24:53.420000Z,7.84
2142,20181229T132551Z,1J.TI1A.,"['CH1', 'CH2', 'CHZ']",2018-12-29T13:25:53.020000Z,4.8
2143,20181229T132645Z,1J.TI1A.,"['CH1', 'CH2', 'CHZ']",2018-12-29T13:26:45.830000Z,1.45
2144,20181229T132808Z,1J.TI1A.,"['CH1', 'CH2', 'CHZ']",2018-12-29T13:28:08.310000Z,10.16
2145,20181229T133000Z,1J.TI1A.,"['CH1', 'CH2', 'CHZ']",2018-12-29T13:30:00.650000Z,2.36
2146,20181229T133143Z,1J.TI1A.,"['CH1', 'CH2', 'CHZ']",2018-12-29T13:31:43.940000Z,1.45
2147,20181229T133417Z,1J.TI1A.,"['CH1', 'CH2', 'CHZ']",2018-12-29T13:34:17.800000Z,3.98
2148,20181229T133501Z,1J.TI1A.,"['CH1', 'CH2', 'CHZ']",2018-12-29T13:35:01.310000Z,6.24
2149,20181229T133836Z,1J.TI1A.,"['CH1', 'CH2', 'CHZ']",2018-12-29T13:38:38.220000Z,15.3
2150,20181229T134214Z,1J.TI1A.,"['CH1', 'CH2', 'CHZ']",2018-12-29T13:42:14.600000Z,31.63
2151,20181229T134415Z,1J.TI1A.,"['CH1', 'CH2', 'CHZ']",2018-12-29T13:44:15.380000Z,52.68
2152,20181229T135051Z,1J.TI1A.,"['CH1', 'CH2', 'CHZ']",2018-12-29T13:50:51.540000Z,3.98
2153,20181229T135102Z,1J.TI1A.,"['CH1', 'CH2', 'CHZ']",2018-12-29T13:51:03.770000Z,8.51
2154,20181229T135240Z,1J.TI1A.,"['CH1', 'CH2', 'CHZ']",2018-12-29T13:52:40.240000Z,14.23
2155,20181229T135503Z,1J.TI1A.,"['CH1', 'CH2', 'CHZ']",2018-12-29T13:55:03.970000Z,1.91
2156,20181229T140104Z,1J.TI1A.,"['CH1', 'CH2', 'CHZ']",2018-12-29T14:01:04.580000Z,2.27
2157,20181229T140122Z,1J.TI1A.,"['CH1', 'CH2', 'CHZ']",2018-12-29T14:01:22.790000Z,12.56
2158,20181229T140220Z,1J.TI1A.,"['CH1', 'CH2', 'CHZ']",2018-12-29T14:02:20.620000Z,11.84
2159,20181229T140352Z,1J.TI1A.,"['CH1', 'CH2', 'CHZ']",2018-12-29T14:03:53.260000Z,8.83
2160,20181229T140408Z,1J.TI1A.,"['CH1', 'CH2', 'CHZ']",2018-12-29T14:04:08.880000Z,1.26
2161,20181229T140802Z,1J.TI1A.,"['CH1', 'CH2', 'CHZ']",2018-12-29T14:08:02.710000Z,0.98
2162,20181229T141001Z,1J.TI1A.,"['CH1', 'CH2', 'CHZ']",2018-12-29T14:10:01.570000Z,1.59
2163,20181229T141214Z,1J.TI1A.,"['CH1', 'CH2', 'CHZ']",2018-12-29T14:12:16.700000Z,35.74
2164,20181229T141330Z,1J.TI1A.,"['CH1', 'CH2', 'CHZ']",2018-12-29T14:13:30.860000Z,1.83
2165,20181229T141355Z,1J.TI1A.,"['CH1', 'CH2', 'CHZ']",2018-12-29T14:13:55.610000Z,1.4
2166,20181229T141549Z,1J.TI1A.,"['CH1', 'CH2', 'CHZ']",2018-12-29T14:15:49.820000Z,1.83
2167,20181229T141640Z,1J.TI1A.,"['CH1', 'CH2', 'CHZ']",2018-12-29T14:16:40.100000Z,2.44
2168,20181229T141803Z,1J.TI1A.,"['CH1', 'CH2', 'CHZ']",2018-12-29T14:18:03.750000Z,4.31
2169,20181229T141955Z,1J.TI1A.,"['CH1', 'CH2', 'CHZ']",2018-12-29T14:19:55.640000Z,2.9
2170,20181229T142457Z,1J.TI1A.,"['CH1', 'CH2', 'CHZ']",2018-12-29T14:24:57.170000Z,1.67
2171,20181229T143547Z,1J.TI1A.,"['CH1', 'CH2', 'CHZ']",2018-12-29T14:35:47.240000Z,21.48
2172,20181229T143658Z,1J.TI1A.,"['CH1', 'CH2', 'CHZ']",2018-12-29T14:36:58.710000Z,2.25
2173,20181229T143842Z,1J.TI1A.,"['CH1', 'CH2', 'CHZ']",2018-12-29T14:38:42.790000Z,6.17
2174,20181229T144120Z,1J.TI1A.,"['CH1', 'CH2', 'CHZ']",2018-12-29T14:41:20.890000Z,1.89
2175,20181229T144159Z,1J.TI1A.,"['CH1', 'CH2', 'CHZ']",2018-12-29T14:42:00.410000Z,8.46
2176,20181229T144238Z,1J.TI1A.,"['CH1', 'CH2', 'CHZ']",2018-12-29T14:42:40.520000Z,8.44
2177,20181229T144303Z,1J.TI1A.,"['CH1', 'CH2', 'CHZ']",2018-12-29T14:43:03.440000Z,7.98
2178,20181229T144638Z,1J.TI1A.,"['CH1', 'CH2', 'CHZ']",2018-12-29T14:46:38.180000Z,4.95
2179,20181229T144715Z,1J.TI1A.,"['CH1', 'CH2', 'CHZ']",2018-12-29T14:47:20.650000Z,17.45
2180,20181229T144823Z,1J.TI1A.,"['CH1', 'CH2', 'CHZ']",2018-12-29T14:48:23.550000Z,1.67
2181,20181229T145351Z,1J.TI1A.,"['CH1', 'CH2', 'CHZ']",2018-12-29T14:53:53.260000Z,7.97
2182,20181229T150410Z,1J.TI1A.,"['CH1', 'CH2', 'CHZ']",2018-12-29T15:04:10.010000Z,20.82
2183,20181229T150530Z,1J.TI1A.,"['CH1', 'CH2', 'CHZ']",2018-12-29T15:05:30.100000Z,10.9
2184,20181229T152525Z,1J.TI1A.,"['CH1', 'CH2', 'CHZ']",2018-12-29T15:25:25.610000Z,2.49
2185,20181229T203931Z,1J.TI1A.,"['CH1', 'CH2', 'CHZ']",2018-12-29T20:39:31.360000Z,1.14
2186,20181229T203938Z,1J.TI1A.,"['CH1', 'CH2', 'CHZ']",2018-12-29T20:39:38.790000Z,2.81
2187,20181229T203949Z,1J.TI1A.,"['CH1', 'CH2', 'CHZ']",2018-12-29T20:39:49.490000Z,3.4
2188,20181229T220225Z,1J.TI1A.,"['CH1', 'CH2', 'CHZ']",2018-12-29T22:02:25.740000Z,15.72
2189,20181229T221830Z,1J.TI1A.,"['CH1', 'CH2', 'CHZ']",2018-12-29T22:18:30.630000Z,3.27
2190,20181229T221925Z,1J.TI1A.,"['CH1', 'CH2', 'CHZ']",2018-12-29T22:19:28.020000Z,13.63
2191,20181229T221952Z,1J.TI1A.,"['CH1', 'CH2', 'CHZ']",2018-12-29T22:19:52.250000Z,2.56
2192,20181229T222016Z,1J.TI1A.,"['CH1', 'CH2', 'CHZ']",2018-12-29T22:20:16.330000Z,5.74
2193,20181229T222045Z,1J.TI1A.,"['CH1', 'CH2', 'CHZ']",2018-12-29T22:20:45.710000Z,1.17
2194,20181229T222523Z,1J.TI1A.,"['CH1', 'CH2', 'CHZ']",2018-12-29T22:25:23.420000Z,11.22
2195,20181229T222804Z,1J.TI1A.,"['CH1', 'CH2', 'CHZ']",2018-12-29T22:28:04.820000Z,15.31
2196,20181229T223000Z,1J.TI1A.,"['CH1', 'CH2', 'CHZ']",2018-12-29T22:30:00.770000Z,25.65
2197,20181229T223134Z,1J.TI1A.,"['CH1', 'CH2', 'CHZ']",2018-12-29T22:31:37.530000Z,6.61
2198,20181229T223237Z,1J.TI1A.,"['CH1', 'CH2', 'CHZ']",2018-12-29T22:32:37.060000Z,2.93
2199,20181229T223657Z,1J.TI1A.,"['CH1', 'CH2', 'CHZ']",2018-12-29T22:37:18.700000Z,5.72
2200,20181229T223825Z,1J.TI1A.,"['CH1', 'CH2', 'CHZ']",2018-12-29T22:38:25.510000Z,17.26
2201,20181229T224546Z,1J.TI1A.,"['CH1', 'CH2', 'CHZ']",2018-12-29T22:45:47.690000Z,2.41
2202,20181229T225003Z,1J.TI1A.,"['CH1', 'CH2', 'CHZ']",2018-12-29T22:50:03.510000Z,45.12
2203,20181229T225825Z,1J.TI1A.,"['CH1', 'CH2', 'CHZ']",2018-12-29T22:58:25.750000Z,1.11
2204,20181229T230035Z,1J.TI1A.,"['CH1', 'CH2', 'CHZ']",2018-12-29T23:00:35.440000Z,1.17
2205,20181229T233017Z,1J.TI1A.,"['CH1', 'CH2', 'CHZ']",2018-12-29T23:30:19.130000Z,3.11
2206,20181229T235152Z,1J.TI1A.,"['CH1', 'CH2', 'CHZ']",2018-12-29T23:51:52.590000Z,11.81
2207,20181229T235659Z,1J.TI1A.,"['CH1', 'CH2', 'CHZ']",2018-12-29T23:56:59.870000Z,1.47
2208,20181229T235952Z,1J.TI1A.,"['CH1', 'CH2', 'CHZ']",2018-12-29T23:59:52.970000Z,1.32
2209,20181229T000500Z,1J.TI7A.,"['CH1', 'CH2', 'CHZ']",2018-12-29T00:05:22.440000Z,1.09
2210,20181229T000815Z,1J.TI7A.,"['CH1', 'CH2', 'CHZ']",2018-12-29T00:08:15.010000Z,2.7
2211,20181229T001820Z,1J.TI7A.,"['CH1', 'CH2', 'CHZ']",2018-12-29T00:18:20.650000Z,11.52
2212,20181229T002730Z,1J.TI7A.,"['CH1', 'CH2', 'CHZ']",2018-12-29T00:28:02.860000Z,16.94
2213,20181229T003358Z,1J.TI7A.,"['CH1', 'CH2', 'CHZ']",2018-12-29T00:33:58.870000Z,8.37
2214,20181229T004954Z,1J.TI7A.,"['CH1', 'CH2', 'CHZ']",2018-12-29T00:49:54.100000Z,1.83
2215,20181229T010630Z,1J.TI7A.,"['CH1', 'CH2', 'CHZ']",2018-12-29T01:06:30.560000Z,16.2
2216,20181229T011836Z,1J.TI7A.,"['CH1', 'CH2', 'CHZ']",2018-12-29T01:18:36.300000Z,3.45
2217,20181229T012345Z,1J.TI7A.,"['CH1', 'CH2', 'CHZ']",2018-12-29T01:23:48.240000Z,5.22
2218,20181229T012929Z,1J.TI7A.,"['CH1', 'CH2', 'CHZ']",2018-12-29T01:29:29.180000Z,0.84
2219,20181229T013333Z,1J.TI7A.,"['CH1', 'CH2', 'CHZ']",2018-12-29T01:33:33.290000Z,0.84
2220,20181229T020510Z,1J.TI7A.,"['CH1', 'CH2', 'CHZ']",2018-12-29T02:05:10.880000Z,4.08
2221,20181229T020851Z,1J.TI7A.,"['CH1', 'CH2', 'CHZ']",2018-12-29T02:08:51.430000Z,1.87
2222,20181229T021549Z,1J.TI7A.,"['CH1', 'CH2', 'CHZ']",2018-12-29T02:15:49.900000Z,4.89
2223,20181229T022641Z,1J.TI7A.,"['CH1', 'CH2', 'CHZ']",2018-12-29T02:26:41.480000Z,1.26
2224,20181229T025517Z,1J.TI7A.,"['CH1', 'CH2', 'CHZ']",2018-12-29T02:55:17.040000Z,1.83
2225,20181229T032841Z,1J.TI7A.,"['CH1', 'CH2', 'CHZ']",2018-12-29T03:28:41.150000Z,1.44
2226,20181229T033820Z,1J.TI7A.,"['CH1', 'CH2', 'CHZ']",2018-12-29T03:38:20.840000Z,4.44
2227,20181229T035037Z,1J.TI7A.,"['CH1', 'CH2', 'CHZ']",2018-12-29T03:50:45.250000Z,43.3
2228,20181229T035730Z,1J.TI7A.,"['CH1', 'CH2', 'CHZ']",2018-12-29T03:57:30.210000Z,5.38
2229,20181229T040203Z,1J.TI7A.,"['CH1', 'CH2', 'CHZ']",2018-12-29T04:02:03.310000Z,11.35
2230,20181229T041403Z,1J.TI7A.,"['CH1', 'CH2', 'CHZ']",2018-12-29T04:14:03.400000Z,14.87
2231,20181229T041455Z,1J.TI7A.,"['CH1', 'CH2', 'CHZ']",2018-12-29T04:14:55.470000Z,5.37
2232,20181229T042117Z,1J.TI7A.,"['CH1', 'CH2', 'CHZ']",2018-12-29T04:21:24.510000Z,36.47
2233,20181229T042705Z,1J.TI7A.,"['CH1', 'CH2', 'CHZ']",2018-12-29T04:27:05.330000Z,13.99
2234,20181229T042836Z,1J.TI7A.,"['CH1', 'CH2', 'CHZ']",2018-12-29T04:28:36.340000Z,1.81
2235,20181229T043246Z,1J.TI7A.,"['CH1', 'CH2', 'CHZ']",2018-12-29T04:32:46.560000Z,1.04
2236,20181229T043306Z,1J.TI7A.,"['CH1', 'CH2', 'CHZ']",2018-12-29T04:33:06.330000Z,2.98
2237,20181229T044023Z,1J.TI7A.,"['CH1', 'CH2', 'CHZ']",2018-12-29T04:40:23.280000Z,2.71
2238,20181229T044341Z,1J.TI7A.,"['CH1', 'CH2', 'CHZ']",2018-12-29T04:43:41.470000Z,2.31
2239,20181229T044454Z,1J.TI7A.,"['CH1', 'CH2', 'CHZ']",2018-12-29T04:44:54.610000Z,17.09
2240,20181229T045049Z,1J.TI7A.,"['CH1', 'CH2', 'CHZ']",2018-12-29T04:50:49.950000Z,1.41
2241,20181229T045350Z,1J.TI7A.,"['CH1', 'CH2', 'CHZ']",2018-12-29T04:54:03.470000Z,12.48
2242,20181229T045719Z,1J.TI7A.,"['CH1', 'CH2', 'CHZ']",2018-12-29T04:57:19.390000Z,2.63
2243,20181229T045734Z,1J.TI7A.,"['CH1', 'CH2', 'CHZ']",2018-12-29T04:57:34.650000Z,2.33
2244,20181229T050123Z,1J.TI7A.,"['CH1', 'CH2', 'CHZ']",2018-12-29T05:01:23.220000Z,1.71
2245,20181229T050430Z,1J.TI7A.,"['CH1', 'CH2', 'CHZ']",2018-12-29T05:04:30.990000Z,13.08
2246,20181229T050932Z,1J.TI7A.,"['CH1', 'CH2', 'CHZ']",2018-12-29T05:09:32.020000Z,1.16
2247,20181229T050944Z,1J.TI7A.,"['CH1', 'CH2', 'CHZ']",2018-12-29T05:09:44.750000Z,11.46
2248,20181229T051359Z,1J.TI7A.,"['CH1', 'CH2', 'CHZ']",2018-12-29T05:13:59.530000Z,1.28
2249,20181229T051646Z,1J.TI7A.,"['CH1', 'CH2', 'CHZ']",2018-12-29T05:16:46.450000Z,13.21
2250,20181229T052605Z,1J.TI7A.,"['CH1', 'CH2', 'CHZ']",2018-12-29T05:26:17.960000Z,1.71
2251,20181229T052724Z,1J.TI7A.,"['CH1', 'CH2', 'CHZ']",2018-12-29T05:27:24.220000Z,14.98
2252,20181229T053128Z,1J.TI7A.,"['CH1', 'CH2', 'CHZ']",2018-12-29T05:31:28.220000Z,3.06
2253,20181229T053205Z,1J.TI7A.,"['CH1', 'CH2', 'CHZ']",2018-12-29T05:32:37.880000Z,8.95
2254,20181229T054055Z,1J.TI7A.,"['CH1', 'CH2', 'CHZ']",2018-12-29T05:40:55.020000Z,3.97
2255,20181229T054438Z,1J.TI7A.,"['CH1', 'CH2', 'CHZ']",2018-12-29T05:44:43.410000Z,12.37
2256,20181229T054734Z,1J.TI7A.,"['CH1', 'CH2', 'CHZ']",2018-12-29T05:47:39.460000Z,46.53
2257,20181229T055127Z,1J.TI7A.,"['CH1', 'CH2', 'CHZ']",2018-12-29T05:51:27.250000Z,6.14
2258,20181229T060541Z,1J.TI7A.,"['CH1', 'CH2', 'CHZ']",2018-12-29T06:05:41.320000Z,20.64
2259,20181229T061942Z,1J.TI7A.,"['CH1', 'CH2', 'CHZ']",2018-12-29T06:19:42.920000Z,1.28
2260,20181229T062019Z,1J.TI7A.,"['CH1', 'CH2', 'CHZ']",2018-12-29T06:20:19.300000Z,15.56
2261,20181229T062256Z,1J.TI7A.,"['CH1', 'CH2', 'CHZ']",2018-12-29T06:22:56.750000Z,0.86
2262,20181229T062835Z,1J.TI7A.,"['CH1', 'CH2', 'CHZ']",2018-12-29T06:28:35.760000Z,2.92
2263,20181229T063824Z,1J.TI7A.,"['CH1', 'CH2', 'CHZ']",2018-12-29T06:38:24.760000Z,2.54
2264,20181229T064115Z,1J.TI7A.,"['CH1', 'CH2', 'CHZ']",2018-12-29T06:41:15.590000Z,1.53
2265,20181229T064143Z,1J.TI7A.,"['CH1', 'CH2', 'CHZ']",2018-12-29T06:41:46.440000Z,7.24
2266,20181229T064315Z,1J.TI7A.,"['CH1', 'CH2', 'CHZ']",2018-12-29T06:43:25.110000Z,0.91
2267,20181229T064715Z,1J.TI7A.,"['CH1', 'CH2', 'CHZ']",2018-12-29T06:47:15.130000Z,1.61
2268,20181229T065052Z,1J.TI7A.,"['CH1', 'CH2', 'CHZ']",2018-12-29T06:50:52.490000Z,1.87
2269,20181229T065334Z,1J.TI7A.,"['CH1', 'CH2', 'CHZ']",2018-12-29T06:53:34.670000Z,16.49
2270,20181229T065456Z,1J.TI7A.,"['CH1', 'CH2', 'CHZ']",2018-12-29T06:54:56.330000Z,1.59
2271,20181229T065825Z,1J.TI7A.,"['CH1', 'CH2', 'CHZ']",2018-12-29T06:58:25.910000Z,2.29
2272,20181229T065938Z,1J.TI7A.,"['CH1', 'CH2', 'CHZ']",2018-12-29T06:59:38.410000Z,0.78
2273,20181229T070257Z,1J.TI7A.,"['CH1', 'CH2', 'CHZ']",2018-12-29T07:02:57.910000Z,1.33
2274,20181229T070328Z,1J.TI7A.,"['CH1', 'CH2', 'CHZ']",2018-12-29T07:03:28.530000Z,16.26
2275,20181229T070547Z,1J.TI7A.,"['CH1', 'CH2', 'CHZ']",2018-12-29T07:05:47.930000Z,8.87
2276,20181229T070754Z,1J.TI7A.,"['CH1', 'CH2', 'CHZ']",2018-12-29T07:07:54.110000Z,1.06
2277,20181229T070949Z,1J.TI7A.,"['CH1', 'CH2', 'CHZ']",2018-12-29T07:09:53.200000Z,15.33
2278,20181229T071109Z,1J.TI7A.,"['CH1', 'CH2', 'CHZ']",2018-12-29T07:11:09.150000Z,1.56
2279,20181229T071709Z,1J.TI7A.,"['CH1', 'CH2', 'CHZ']",2018-12-29T07:17:09.300000Z,6.12
2280,20181229T072700Z,1J.TI7A.,"['CH1', 'CH2', 'CHZ']",2018-12-29T07:27:00.520000Z,17.25
2281,20181229T073101Z,1J.TI7A.,"['CH1', 'CH2', 'CHZ']",2018-12-29T07:31:15.300000Z,10.53
2282,20181229T073753Z,1J.TI7A.,"['CH1', 'CH2', 'CHZ']",2018-12-29T07:37:53.370000Z,6.29
2283,20181229T073837Z,1J.TI7A.,"['CH1', 'CH2', 'CHZ']",2018-12-29T07:38:37.110000Z,1.32
2284,20181229T074223Z,1J.TI7A.,"['CH1', 'CH2', 'CHZ']",2018-12-29T07:42:23.300000Z,20.77
2285,20181229T074614Z,1J.TI7A.,"['CH1', 'CH2', 'CHZ']",2018-12-29T07:46:14.660000Z,3.24
2286,20181229T074710Z,1J.TI7A.,"['CH1', 'CH2', 'CHZ']",2018-12-29T07:47:16.170000Z,5.77
2287,20181229T075147Z,1J.TI7A.,"['CH1', 'CH2', 'CHZ']",2018-12-29T07:51:47.120000Z,11.38
2288,20181229T075303Z,1J.TI7A.,"['CH1', 'CH2', 'CHZ']",2018-12-29T07:53:03.430000Z,2.5
2289,20181229T075327Z,1J.TI7A.,"['CH1', 'CH2', 'CHZ']",2018-12-29T07:53:27.490000Z,1.24
2290,20181229T080309Z,1J.TI7A.,"['CH1', 'CH2', 'CHZ']",2018-12-29T08:03:09.440000Z,22.52
2291,20181229T080348Z,1J.TI7A.,"['CH1', 'CH2', 'CHZ']",2018-12-29T08:03:58.120000Z,2.24
2292,20181229T080616Z,1J.TI7A.,"['CH1', 'CH2', 'CHZ']",2018-12-29T08:06:16.670000Z,3.62
2293,20181229T080914Z,1J.TI7A.,"['CH1', 'CH2', 'CHZ']",2018-12-29T08:09:14.780000Z,7.76
2294,20181229T081036Z,1J.TI7A.,"['CH1', 'CH2', 'CHZ']",2018-12-29T08:10:36.020000Z,16.25
2295,20181229T081423Z,1J.TI7A.,"['CH1', 'CH2', 'CHZ']",2018-12-29T08:14:23.500000Z,4.13
2296,20181229T081533Z,1J.TI7A.,"['CH1', 'CH2', 'CHZ']",2018-12-29T08:15:33.740000Z,8.32
2297,20181229T082227Z,1J.TI7A.,"['CH1', 'CH2', 'CHZ']",2018-12-29T08:22:27.960000Z,5.45
2298,20181229T082456Z,1J.TI7A.,"['CH1', 'CH2', 'CHZ']",2018-12-29T08:24:56.030000Z,1.86
2299,20181229T082634Z,1J.TI7A.,"['CH1', 'CH2', 'CHZ']",2018-12-29T08:27:00.930000Z,16.69
2300,20181229T083032Z,1J.TI7A.,"['CH1', 'CH2', 'CHZ']",2018-12-29T08:30:32.590000Z,7.54
2301,20181229T083210Z,1J.TI7A.,"['CH1', 'CH2', 'CHZ']",2018-12-29T08:32:10.790000Z,11.63
2302,20181229T083257Z,1J.TI7A.,"['CH1', 'CH2', 'CHZ']",2018-12-29T08:32:57.800000Z,1.88
2303,20181229T083659Z,1J.TI7A.,"['CH1', 'CH2', 'CHZ']",2018-12-29T08:37:02.940000Z,50.73
2304,20181229T084401Z,1J.TI7A.,"['CH1', 'CH2', 'CHZ']",2018-12-29T08:44:01.300000Z,16.68
2305,20181229T084616Z,1J.TI7A.,"['CH1', 'CH2', 'CHZ']",2018-12-29T08:46:16.520000Z,5.44
2306,20181229T084824Z,1J.TI7A.,"['CH1', 'CH2', 'CHZ']",2018-12-29T08:48:24.300000Z,4.52
2307,20181229T085028Z,1J.TI7A.,"['CH1', 'CH2', 'CHZ']",2018-12-29T08:50:28.550000Z,15.66
2308,20181229T085616Z,1J.TI7A.,"['CH1', 'CH2', 'CHZ']",2018-12-29T08:56:16.320000Z,1.55
2309,20181229T085630Z,1J.TI7A.,"['CH1', 'CH2', 'CHZ']",2018-12-29T08:56:30.130000Z,4.27
2310,20181229T085736Z,1J.TI7A.,"['CH1', 'CH2', 'CHZ']",2018-12-29T08:57:36.940000Z,5.94
2311,20181229T090210Z,1J.TI7A.,"['CH1', 'CH2', 'CHZ']",2018-12-29T09:02:10.900000Z,2.65
2312,20181229T090558Z,1J.TI7A.,"['CH1', 'CH2', 'CHZ']",2018-12-29T09:05:58.390000Z,5.94
2313,20181229T090734Z,1J.TI7A.,"['CH1', 'CH2', 'CHZ']",2018-12-29T09:07:34.990000Z,2.28
2314,20181229T090947Z,1J.TI7A.,"['CH1', 'CH2', 'CHZ']",2018-12-29T09:09:47.970000Z,2.35
2315,20181229T091207Z,1J.TI7A.,"['CH1', 'CH2', 'CHZ']",2018-12-29T09:12:07.950000Z,15.79
2316,20181229T091636Z,1J.TI7A.,"['CH1', 'CH2', 'CHZ']",2018-12-29T09:16:36.520000Z,13.0
2317,20181229T091717Z,1J.TI7A.,"['CH1', 'CH2', 'CHZ']",2018-12-29T09:17:17.850000Z,1.8
2318,20181229T091745Z,1J.TI7A.,"['CH1', 'CH2', 'CHZ']",2018-12-29T09:17:45.360000Z,2.77
2319,20181229T091851Z,1J.TI7A.,"['CH1', 'CH2', 'CHZ']",2018-12-29T09:18:51.610000Z,7.37
2320,20181229T091940Z,1J.TI7A.,"['CH1', 'CH2', 'CHZ']",2018-12-29T09:19:40.400000Z,0.9
2321,20181229T092123Z,1J.TI7A.,"['CH1', 'CH2', 'CHZ']",2018-12-29T09:21:23.650000Z,0.75
2322,20181229T092245Z,1J.TI7A.,"['CH1', 'CH2', 'CHZ']",2018-12-29T09:22:45.120000Z,4.33
2323,20181229T092627Z,1J.TI7A.,"['CH1', 'CH2', 'CHZ']",2018-12-29T09:26:27.360000Z,1.44
2324,20181229T092710Z,1J.TI7A.,"['CH1', 'CH2', 'CHZ']",2018-12-29T09:27:10.040000Z,2.1
2325,20181229T092955Z,1J.TI7A.,"['CH1', 'CH2', 'CHZ']",2018-12-29T09:29:55.310000Z,6.61
2326,20181229T093540Z,1J.TI7A.,"['CH1', 'CH2', 'CHZ']",2018-12-29T09:35:40.970000Z,6.29
2327,20181229T093710Z,1J.TI7A.,"['CH1', 'CH2', 'CHZ']",2018-12-29T09:37:10.380000Z,72.26
2328,20181229T094224Z,1J.TI7A.,"['CH1', 'CH2', 'CHZ']",2018-12-29T09:42:24.950000Z,2.91
2329,20181229T094409Z,1J.TI7A.,"['CH1', 'CH2', 'CHZ']",2018-12-29T09:44:09.620000Z,2.28
2330,20181229T094624Z,1J.TI7A.,"['CH1', 'CH2', 'CHZ']",2018-12-29T09:46:24.520000Z,0.89
2331,20181229T094632Z,1J.TI7A.,"['CH1', 'CH2', 'CHZ']",2018-12-29T09:46:32.160000Z,1.13
2332,20181229T094717Z,1J.TI7A.,"['CH1', 'CH2', 'CHZ']",2018-12-29T09:47:22.000000Z,41.63
2333,20181229T094906Z,1J.TI7A.,"['CH1', 'CH2', 'CHZ']",2018-12-29T09:49:06.430000Z,1.78
2334,20181229T095132Z,1J.TI7A.,"['CH1', 'CH2', 'CHZ']",2018-12-29T09:51:32.810000Z,3.67
2335,20181229T095504Z,1J.TI7A.,"['CH1', 'CH2', 'CHZ']",2018-12-29T09:55:20.730000Z,17.78
2336,20181229T095801Z,1J.TI7A.,"['CH1', 'CH2', 'CHZ']",2018-12-29T09:58:01.510000Z,2.67
2337,20181229T095840Z,1J.TI7A.,"['CH1', 'CH2', 'CHZ']",2018-12-29T09:58:40.610000Z,0.79
2338,20181229T100010Z,1J.TI7A.,"['CH1', 'CH2', 'CHZ']",2018-12-29T10:00:10.420000Z,0.97
2339,20181229T100109Z,1J.TI7A.,"['CH1', 'CH2', 'CHZ']",2018-12-29T10:01:09.810000Z,8.34
2340,20181229T100322Z,1J.TI7A.,"['CH1', 'CH2', 'CHZ']",2018-12-29T10:03:26.310000Z,4.06
2341,20181229T100426Z,1J.TI7A.,"['CH1', 'CH2', 'CHZ']",2018-12-29T10:04:26.950000Z,0.85
2342,20181229T100519Z,1J.TI7A.,"['CH1', 'CH2', 'CHZ']",2018-12-29T10:05:19.340000Z,3.93
2343,20181229T100559Z,1J.TI7A.,"['CH1', 'CH2', 'CHZ']",2018-12-29T10:05:59.530000Z,5.02
2344,20181229T100802Z,1J.TI7A.,"['CH1', 'CH2', 'CHZ']",2018-12-29T10:08:02.520000Z,0.83
2345,20181229T100917Z,1J.TI7A.,"['CH1', 'CH2', 'CHZ']",2018-12-29T10:09:17.180000Z,2.21
2346,20181229T100935Z,1J.TI7A.,"['CH1', 'CH2', 'CHZ']",2018-12-29T10:09:35.320000Z,14.59
2347,20181229T101144Z,1J.TI7A.,"['CH1', 'CH2', 'CHZ']",2018-12-29T10:11:44.430000Z,3.53
2348,20181229T101347Z,1J.TI7A.,"['CH1', 'CH2', 'CHZ']",2018-12-29T10:13:47.480000Z,9.09
2349,20181229T101425Z,1J.TI7A.,"['CH1', 'CH2', 'CHZ']",2018-12-29T10:14:25.390000Z,1.26
2350,20181229T101603Z,1J.TI7A.,"['CH1', 'CH2', 'CHZ']",2018-12-29T10:16:03.210000Z,1.03
2351,20181229T101733Z,1J.TI7A.,"['CH1', 'CH2', 'CHZ']",2018-12-29T10:17:33.600000Z,3.39
2352,20181229T101856Z,1J.TI7A.,"['CH1', 'CH2', 'CHZ']",2018-12-29T10:18:56.480000Z,0.85
2353,20181229T101952Z,1J.TI7A.,"['CH1', 'CH2', 'CHZ']",2018-12-29T10:19:52.490000Z,1.01
2354,20181229T102046Z,1J.TI7A.,"['CH1', 'CH2', 'CHZ']",2018-12-29T10:20:46.240000Z,3.2
2355,20181229T102123Z,1J.TI7A.,"['CH1', 'CH2', 'CHZ']",2018-12-29T10:21:23.120000Z,1.05
2356,20181229T102255Z,1J.TI7A.,"['CH1', 'CH2', 'CHZ']",2018-12-29T10:22:55.710000Z,0.93
2357,20181229T102336Z,1J.TI7A.,"['CH1', 'CH2', 'CHZ']",2018-12-29T10:23:36.960000Z,0.81
2358,20181229T102420Z,1J.TI7A.,"['CH1', 'CH2', 'CHZ']",2018-12-29T10:24:20.920000Z,1.6
2359,20181229T102516Z,1J.TI7A.,"['CH1', 'CH2', 'CHZ']",2018-12-29T10:25:16.850000Z,1.46
2360,20181229T102542Z,1J.TI7A.,"['CH1', 'CH2', 'CHZ']",2018-12-29T10:25:42.190000Z,15.13
2361,20181229T102634Z,1J.TI7A.,"['CH1', 'CH2', 'CHZ']",2018-12-29T10:26:34.660000Z,0.82
2362,20181229T102723Z,1J.TI7A.,"['CH1', 'CH2', 'CHZ']",2018-12-29T10:27:23.320000Z,1.25
2363,20181229T102913Z,1J.TI7A.,"['CH1', 'CH2', 'CHZ']",2018-12-29T10:29:13.420000Z,3.82
2364,20181229T103010Z,1J.TI7A.,"['CH1', 'CH2', 'CHZ']",2018-12-29T10:30:10.730000Z,1.18
2365,20181229T103023Z,1J.TI7A.,"['CH1', 'CH2', 'CHZ']",2018-12-29T10:30:23.170000Z,2.83
2366,20181229T103129Z,1J.TI7A.,"['CH1', 'CH2', 'CHZ']",2018-12-29T10:31:29.930000Z,1.23
2367,20181229T103200Z,1J.TI7A.,"['CH1', 'CH2', 'CHZ']",2018-12-29T10:32:00.710000Z,2.29
2368,20181229T103244Z,1J.TI7A.,"['CH1', 'CH2', 'CHZ']",2018-12-29T10:32:46.680000Z,9.79
2369,20181229T103500Z,1J.TI7A.,"['CH1', 'CH2', 'CHZ']",2018-12-29T10:35:09.280000Z,67.28
2370,20181229T103850Z,1J.TI7A.,"['CH1', 'CH2', 'CHZ']",2018-12-29T10:38:50.360000Z,1.06
2371,20181229T103913Z,1J.TI7A.,"['CH1', 'CH2', 'CHZ']",2018-12-29T10:39:13.870000Z,1.03
2372,20181229T103959Z,1J.TI7A.,"['CH1', 'CH2', 'CHZ']",2018-12-29T10:39:59.520000Z,2.24
2373,20181229T104012Z,1J.TI7A.,"['CH1', 'CH2', 'CHZ']",2018-12-29T10:40:12.490000Z,14.79
2374,20181229T104141Z,1J.TI7A.,"['CH1', 'CH2', 'CHZ']",2018-12-29T10:41:41.300000Z,7.37
2375,20181229T104236Z,1J.TI7A.,"['CH1', 'CH2', 'CHZ']",2018-12-29T10:42:39.640000Z,0.9
2376,20181229T104457Z,1J.TI7A.,"['CH1', 'CH2', 'CHZ']",2018-12-29T10:44:57.130000Z,3.06
2377,20181229T104532Z,1J.TI7A.,"['CH1', 'CH2', 'CHZ']",2018-12-29T10:45:32.930000Z,1.03
2378,20181229T104728Z,1J.TI7A.,"['CH1', 'CH2', 'CHZ']",2018-12-29T10:47:28.670000Z,2.01
2379,20181229T104749Z,1J.TI7A.,"['CH1', 'CH2', 'CHZ']",2018-12-29T10:47:49.850000Z,2.18
2380,20181229T104800Z,1J.TI7A.,"['CH1', 'CH2', 'CHZ']",2018-12-29T10:48:09.300000Z,9.95
2381,20181229T105141Z,1J.TI7A.,"['CH1', 'CH2', 'CHZ']",2018-12-29T10:51:43.690000Z,3.81
2382,20181229T105355Z,1J.TI7A.,"['CH1', 'CH2', 'CHZ']",2018-12-29T10:54:20.300000Z,2.52
2383,20181229T105447Z,1J.TI7A.,"['CH1', 'CH2', 'CHZ']",2018-12-29T10:54:47.320000Z,0.68
2384,20181229T105539Z,1J.TI7A.,"['CH1', 'CH2', 'CHZ']",2018-12-29T10:55:39.230000Z,1.69
2385,20181229T105628Z,1J.TI7A.,"['CH1', 'CH2', 'CHZ']",2018-12-29T10:56:30.240000Z,3.13
2386,20181229T105707Z,1J.TI7A.,"['CH1', 'CH2', 'CHZ']",2018-12-29T10:57:07.030000Z,1.38
2387,20181229T105749Z,1J.TI7A.,"['CH1', 'CH2', 'CHZ']",2018-12-29T10:57:49.170000Z,0.69
2388,20181229T105859Z,1J.TI7A.,"['CH1', 'CH2', 'CHZ']",2018-12-29T10:58:59.390000Z,4.4
2389,20181229T110029Z,1J.TI7A.,"['CH1', 'CH2', 'CHZ']",2018-12-29T11:00:29.240000Z,0.67
2390,20181229T110042Z,1J.TI7A.,"['CH1', 'CH2', 'CHZ']",2018-12-29T11:00:42.570000Z,2.58
2391,20181229T110209Z,1J.TI7A.,"['CH1', 'CH2', 'CHZ']",2018-12-29T11:02:11.980000Z,1.96
2392,20181229T110516Z,1J.TI7A.,"['CH1', 'CH2', 'CHZ']",2018-12-29T11:05:16.260000Z,3.57
2393,20181229T110634Z,1J.TI7A.,"['CH1', 'CH2', 'CHZ']",2018-12-29T11:06:40.310000Z,2.02
2394,20181229T110942Z,1J.TI7A.,"['CH1', 'CH2', 'CHZ']",2018-12-29T11:09:42.280000Z,0.82
2395,20181229T111012Z,1J.TI7A.,"['CH1', 'CH2', 'CHZ']",2018-12-29T11:10:12.410000Z,1.49
2396,20181229T111101Z,1J.TI7A.,"['CH1', 'CH2', 'CHZ']",2018-12-29T11:11:05.350000Z,3.03
2397,20181229T111247Z,1J.TI7A.,"['CH1', 'CH2', 'CHZ']",2018-12-29T11:12:47.150000Z,1.1
2398,20181229T111536Z,1J.TI7A.,"['CH1', 'CH2', 'CHZ']",2018-12-29T11:15:36.540000Z,0.97
2399,20181229T111602Z,1J.TI7A.,"['CH1', 'CH2', 'CHZ']",2018-12-29T11:16:08.750000Z,0.89
2400,20181229T111701Z,1J.TI7A.,"['CH1', 'CH2', 'CHZ']",2018-12-29T11:17:01.500000Z,1.02
2401,20181229T111857Z,1J.TI7A.,"['CH1', 'CH2', 'CHZ']",2018-12-29T11:18:57.650000Z,1.45
2402,20181229T112046Z,1J.TI7A.,"['CH1', 'CH2', 'CHZ']",2018-12-29T11:20:51.420000Z,14.52
2403,20181229T112149Z,1J.TI7A.,"['CH1', 'CH2', 'CHZ']",2018-12-29T11:21:49.530000Z,2.78
2404,20181229T112410Z,1J.TI7A.,"['CH1', 'CH2', 'CHZ']",2018-12-29T11:24:10.990000Z,17.04
2405,20181229T112502Z,1J.TI7A.,"['CH1', 'CH2', 'CHZ']",2018-12-29T11:25:11.970000Z,1.6
2406,20181229T112659Z,1J.TI7A.,"['CH1', 'CH2', 'CHZ']",2018-12-29T11:26:59.020000Z,3.16
2407,20181229T112853Z,1J.TI7A.,"['CH1', 'CH2', 'CHZ']",2018-12-29T11:28:53.790000Z,10.21
2408,20181229T113005Z,1J.TI7A.,"['CH1', 'CH2', 'CHZ']",2018-12-29T11:30:05.910000Z,1.67
2409,20181229T113027Z,1J.TI7A.,"['CH1', 'CH2', 'CHZ']",2018-12-29T11:30:27.300000Z,4.44
2410,20181229T113141Z,1J.TI7A.,"['CH1', 'CH2', 'CHZ']",2018-12-29T11:31:43.740000Z,0.97
2411,20181229T113340Z,1J.TI7A.,"['CH1', 'CH2', 'CHZ']",2018-12-29T11:33:44.590000Z,15.03
2412,20181229T113837Z,1J.TI7A.,"['CH1', 'CH2', 'CHZ']",2018-12-29T11:38:37.690000Z,1.12
2413,20181229T113940Z,1J.TI7A.,"['CH1', 'CH2', 'CHZ']",2018-12-29T11:39:40.940000Z,1.6
2414,20181229T114008Z,1J.TI7A.,"['CH1', 'CH2', 'CHZ']",2018-12-29T11:40:09.230000Z,43.65
2415,20181229T114210Z,1J.TI7A.,"['CH1', 'CH2', 'CHZ']",2018-12-29T11:42:10.160000Z,23.03
2416,20181229T114313Z,1J.TI7A.,"['CH1', 'CH2', 'CHZ']",2018-12-29T11:43:13.040000Z,3.07
2417,20181229T114455Z,1J.TI7A.,"['CH1', 'CH2', 'CHZ']",2018-12-29T11:44:55.410000Z,2.92
2418,20181229T114545Z,1J.TI7A.,"['CH1', 'CH2', 'CHZ']",2018-12-29T11:45:59.990000Z,46.57
2419,20181229T114828Z,1J.TI7A.,"['CH1', 'CH2', 'CHZ']",2018-12-29T11:48:28.410000Z,0.95
2420,20181229T114939Z,1J.TI7A.,"['CH1', 'CH2', 'CHZ']",2018-12-29T11:49:39.920000Z,2.31
2421,20181229T115021Z,1J.TI7A.,"['CH1', 'CH2', 'CHZ']",2018-12-29T11:50:21.230000Z,4.45
2422,20181229T115140Z,1J.TI7A.,"['CH1', 'CH2', 'CHZ']",2018-12-29T11:51:40.410000Z,1.13
2423,20181229T115214Z,1J.TI7A.,"['CH1', 'CH2', 'CHZ']",2018-12-29T11:52:14.420000Z,3.12
2424,20181229T115304Z,1J.TI7A.,"['CH1', 'CH2', 'CHZ']",2018-12-29T11:53:15.230000Z,2.24
2425,20181229T115506Z,1J.TI7A.,"['CH1', 'CH2', 'CHZ']",2018-12-29T11:55:06.410000Z,2.29
2426,20181229T115901Z,1J.TI7A.,"['CH1', 'CH2', 'CHZ']",2018-12-29T11:59:01.510000Z,2.58
2427,20181229T115917Z,1J.TI7A.,"['CH1', 'CH2', 'CHZ']",2018-12-29T11:59:18.240000Z,50.43
2428,20181229T120049Z,1J.TI7A.,"['CH1', 'CH2', 'CHZ']",2018-12-29T12:00:49.240000Z,0.96
2429,20181229T120400Z,1J.TI7A.,"['CH1', 'CH2', 'CHZ']",2018-12-29T12:04:00.120000Z,3.74
2430,20181229T120515Z,1J.TI7A.,"['CH1', 'CH2', 'CHZ']",2018-12-29T12:05:15.720000Z,0.75
2431,20181229T120625Z,1J.TI7A.,"['CH1', 'CH2', 'CHZ']",2018-12-29T12:06:25.800000Z,7.42
2432,20181229T120701Z,1J.TI7A.,"['CH1', 'CH2', 'CHZ']",2018-12-29T12:07:01.190000Z,2.31
2433,20181229T120946Z,1J.TI7A.,"['CH1', 'CH2', 'CHZ']",2018-12-29T12:09:46.800000Z,2.22
2434,20181229T121154Z,1J.TI7A.,"['CH1', 'CH2', 'CHZ']",2018-12-29T12:11:54.380000Z,5.2
2435,20181229T121314Z,1J.TI7A.,"['CH1', 'CH2', 'CHZ']",2018-12-29T12:13:14.120000Z,6.59
2436,20181229T121446Z,1J.TI7A.,"['CH1', 'CH2', 'CHZ']",2018-12-29T12:14:46.060000Z,3.7
2437,20181229T121647Z,1J.TI7A.,"['CH1', 'CH2', 'CHZ']",2018-12-29T12:16:47.520000Z,2.56
2438,20181229T121821Z,1J.TI7A.,"['CH1', 'CH2', 'CHZ']",2018-12-29T12:18:21.800000Z,3.87
2439,20181229T121909Z,1J.TI7A.,"['CH1', 'CH2', 'CHZ']",2018-12-29T12:19:09.180000Z,3.19
2440,20181229T122137Z,1J.TI7A.,"['CH1', 'CH2', 'CHZ']",2018-12-29T12:21:37.100000Z,0.96
2441,20181229T122152Z,1J.TI7A.,"['CH1', 'CH2', 'CHZ']",2018-12-29T12:21:52.600000Z,2.56
2442,20181229T122442Z,1J.TI7A.,"['CH1', 'CH2', 'CHZ']",2018-12-29T12:24:42.560000Z,0.93
2443,20181229T122620Z,1J.TI7A.,"['CH1', 'CH2', 'CHZ']",2018-12-29T12:26:20.760000Z,0.9
2444,20181229T122821Z,1J.TI7A.,"['CH1', 'CH2', 'CHZ']",2018-12-29T12:28:21.940000Z,5.87
2445,20181229T122935Z,1J.TI7A.,"['CH1', 'CH2', 'CHZ']",2018-12-29T12:29:36.630000Z,47.93
2446,20181229T123119Z,1J.TI7A.,"['CH1', 'CH2', 'CHZ']",2018-12-29T12:31:19.720000Z,2.24
2447,20181229T123429Z,1J.TI7A.,"['CH1', 'CH2', 'CHZ']",2018-12-29T12:34:29.660000Z,12.1
2448,20181229T123516Z,1J.TI7A.,"['CH1', 'CH2', 'CHZ']",2018-12-29T12:35:16.720000Z,2.47
2449,20181229T123605Z,1J.TI7A.,"['CH1', 'CH2', 'CHZ']",2018-12-29T12:36:05.270000Z,4.5
2450,20181229T123802Z,1J.TI7A.,"['CH1', 'CH2', 'CHZ']",2018-12-29T12:38:02.520000Z,17.67
2451,20181229T124241Z,1J.TI7A.,"['CH1', 'CH2', 'CHZ']",2018-12-29T12:42:41.750000Z,1.27
2452,20181229T124617Z,1J.TI7A.,"['CH1', 'CH2', 'CHZ']",2018-12-29T12:46:17.310000Z,1.36
2453,20181229T124817Z,1J.TI7A.,"['CH1', 'CH2', 'CHZ']",2018-12-29T12:48:17.700000Z,2.7
2454,20181229T124941Z,1J.TI7A.,"['CH1', 'CH2', 'CHZ']",2018-12-29T12:49:41.920000Z,2.85
2455,20181229T125340Z,1J.TI7A.,"['CH1', 'CH2', 'CHZ']",2018-12-29T12:53:40.270000Z,2.79
2456,20181229T125600Z,1J.TI7A.,"['CH1', 'CH2', 'CHZ']",2018-12-29T12:56:00.220000Z,3.18
2457,20181229T125625Z,1J.TI7A.,"['CH1', 'CH2', 'CHZ']",2018-12-29T12:56:25.190000Z,1.39
2458,20181229T125642Z,1J.TI7A.,"['CH1', 'CH2', 'CHZ']",2018-12-29T12:56:42.780000Z,2.11
2459,20181229T125752Z,1J.TI7A.,"['CH1', 'CH2', 'CHZ']",2018-12-29T12:57:52.510000Z,3.19
2460,20181229T125816Z,1J.TI7A.,"['CH1', 'CH2', 'CHZ']",2018-12-29T12:58:16.840000Z,2.0
2461,20181229T125856Z,1J.TI7A.,"['CH1', 'CH2', 'CHZ']",2018-12-29T12:58:56.070000Z,1.46
2462,20181229T125944Z,1J.TI7A.,"['CH1', 'CH2', 'CHZ']",2018-12-29T12:59:44.640000Z,1.48
2463,20181229T130111Z,1J.TI7A.,"['CH1', 'CH2', 'CHZ']",2018-12-29T13:01:19.240000Z,2.03
2464,20181229T130245Z,1J.TI7A.,"['CH1', 'CH2', 'CHZ']",2018-12-29T13:02:45.730000Z,1.23
2465,20181229T130428Z,1J.TI7A.,"['CH1', 'CH2', 'CHZ']",2018-12-29T13:04:28.940000Z,1.34
2466,20181229T130652Z,1J.TI7A.,"['CH1', 'CH2', 'CHZ']",2018-12-29T13:06:52.640000Z,1.67
2467,20181229T130826Z,1J.TI7A.,"['CH1', 'CH2', 'CHZ']",2018-12-29T13:08:26.560000Z,1.53
2468,20181229T130912Z,1J.TI7A.,"['CH1', 'CH2', 'CHZ']",2018-12-29T13:09:12.670000Z,1.42
2469,20181229T131056Z,1J.TI7A.,"['CH1', 'CH2', 'CHZ']",2018-12-29T13:10:56.930000Z,1.44
2470,20181229T131210Z,1J.TI7A.,"['CH1', 'CH2', 'CHZ']",2018-12-29T13:12:10.480000Z,17.14
2471,20181229T131338Z,1J.TI7A.,"['CH1', 'CH2', 'CHZ']",2018-12-29T13:13:38.830000Z,1.1
2472,20181229T131440Z,1J.TI7A.,"['CH1', 'CH2', 'CHZ']",2018-12-29T13:14:40.920000Z,1.73
2473,20181229T131556Z,1J.TI7A.,"['CH1', 'CH2', 'CHZ']",2018-12-29T13:15:56.260000Z,1.09
2474,20181229T131734Z,1J.TI7A.,"['CH1', 'CH2', 'CHZ']",2018-12-29T13:17:34.230000Z,0.76
2475,20181229T131958Z,1J.TI7A.,"['CH1', 'CH2', 'CHZ']",2018-12-29T13:19:58.090000Z,2.31
2476,20181229T132054Z,1J.TI7A.,"['CH1', 'CH2', 'CHZ']",2018-12-29T13:20:54.470000Z,1.78
2477,20181229T132347Z,1J.TI7A.,"['CH1', 'CH2', 'CHZ']",2018-12-29T13:23:47.690000Z,0.85
2478,20181229T132445Z,1J.TI7A.,"['CH1', 'CH2', 'CHZ']",2018-12-29T13:25:07.710000Z,17.32
2479,20181229T132641Z,1J.TI7A.,"['CH1', 'CH2', 'CHZ']",2018-12-29T13:26:41.420000Z,0.77
2480,20181229T132937Z,1J.TI7A.,"['CH1', 'CH2', 'CHZ']",2018-12-29T13:29:41.240000Z,1.37
2481,20181229T133250Z,1J.TI7A.,"['CH1', 'CH2', 'CHZ']",2018-12-29T13:32:50.320000Z,1.51
2482,20181229T133549Z,1J.TI7A.,"['CH1', 'CH2', 'CHZ']",2018-12-29T13:35:49.980000Z,1.37
2483,20181229T133559Z,1J.TI7A.,"['CH1', 'CH2', 'CHZ']",2018-12-29T13:35:59.490000Z,9.22
2484,20181229T133816Z,1J.TI7A.,"['CH1', 'CH2', 'CHZ']",2018-12-29T13:38:16.360000Z,5.73
2485,20181229T134054Z,1J.TI7A.,"['CH1', 'CH2', 'CHZ']",2018-12-29T13:40:54.420000Z,1.11
2486,20181229T134205Z,1J.TI7A.,"['CH1', 'CH2', 'CHZ']",2018-12-29T13:42:05.200000Z,1.44
2487,20181229T134214Z,1J.TI7A.,"['CH1', 'CH2', 'CHZ']",2018-12-29T13:42:27.880000Z,18.41
2488,20181229T134348Z,1J.TI7A.,"['CH1', 'CH2', 'CHZ']",2018-12-29T13:43:48.290000Z,0.89
2489,20181229T134415Z,1J.TI7A.,"['CH1', 'CH2', 'CHZ']",2018-12-29T13:44:16.270000Z,48.75
2490,20181229T134625Z,1J.TI7A.,"['CH1', 'CH2', 'CHZ']",2018-12-29T13:46:25.600000Z,12.29
2491,20181229T135042Z,1J.TI7A.,"['CH1', 'CH2', 'CHZ']",2018-12-29T13:50:42.750000Z,2.68
2492,20181229T135341Z,1J.TI7A.,"['CH1', 'CH2', 'CHZ']",2018-12-29T13:53:41.480000Z,5.62
2493,20181229T135657Z,1J.TI7A.,"['CH1', 'CH2', 'CHZ']",2018-12-29T13:56:57.430000Z,19.32
2494,20181229T135823Z,1J.TI7A.,"['CH1', 'CH2', 'CHZ']",2018-12-29T13:58:23.750000Z,2.72
2495,20181229T140022Z,1J.TI7A.,"['CH1', 'CH2', 'CHZ']",2018-12-29T14:00:22.720000Z,2.4
2496,20181229T140326Z,1J.TI7A.,"['CH1', 'CH2', 'CHZ']",2018-12-29T14:03:26.550000Z,2.45
2497,20181229T141214Z,1J.TI7A.,"['CH1', 'CH2', 'CHZ']",2018-12-29T14:12:14.550000Z,17.22
2498,20181229T141321Z,1J.TI7A.,"['CH1', 'CH2', 'CHZ']",2018-12-29T14:13:21.880000Z,0.97
2499,20181229T141537Z,1J.TI7A.,"['CH1', 'CH2', 'CHZ']",2018-12-29T14:15:37.920000Z,4.63
2500,20181229T141821Z,1J.TI7A.,"['CH1', 'CH2', 'CHZ']",2018-12-29T14:18:21.960000Z,19.61
2501,20181229T142218Z,1J.TI7A.,"['CH1', 'CH2', 'CHZ']",2018-12-29T14:22:18.860000Z,3.11
2502,20181229T142310Z,1J.TI7A.,"['CH1', 'CH2', 'CHZ']",2018-12-29T14:23:10.530000Z,2.92
2503,20181229T142556Z,1J.TI7A.,"['CH1', 'CH2', 'CHZ']",2018-12-29T14:25:56.090000Z,0.78
2504,20181229T142816Z,1J.TI7A.,"['CH1', 'CH2', 'CHZ']",2018-12-29T14:28:16.780000Z,2.33
2505,20181229T142847Z,1J.TI7A.,"['CH1', 'CH2', 'CHZ']",2018-12-29T14:28:47.390000Z,1.28
2506,20181229T142911Z,1J.TI7A.,"['CH1', 'CH2', 'CHZ']",2018-12-29T14:29:11.160000Z,0.83
2507,20181229T142936Z,1J.TI7A.,"['CH1', 'CH2', 'CHZ']",2018-12-29T14:29:36.580000Z,15.25
2508,20181229T143432Z,1J.TI7A.,"['CH1', 'CH2', 'CHZ']",2018-12-29T14:34:32.700000Z,17.62
2509,20181229T143838Z,1J.TI7A.,"['CH1', 'CH2', 'CHZ']",2018-12-29T14:38:38.530000Z,1.0
2510,20181229T143902Z,1J.TI7A.,"['CH1', 'CH2', 'CHZ']",2018-12-29T14:39:02.070000Z,5.25
2511,20181229T144020Z,1J.TI7A.,"['CH1', 'CH2', 'CHZ']",2018-12-29T14:40:20.020000Z,4.44
2512,20181229T144238Z,1J.TI7A.,"['CH1', 'CH2', 'CHZ']",2018-12-29T14:42:39.310000Z,1.4
2513,20181229T144503Z,1J.TI7A.,"['CH1', 'CH2', 'CHZ']",2018-12-29T14:45:03.510000Z,0.8
2514,20181229T144630Z,1J.TI7A.,"['CH1', 'CH2', 'CHZ']",2018-12-29T14:46:30.570000Z,1.53
2515,20181229T145059Z,1J.TI7A.,"['CH1', 'CH2', 'CHZ']",2018-12-29T14:50:59.110000Z,1.12
2516,20181229T145118Z,1J.TI7A.,"['CH1', 'CH2', 'CHZ']",2018-12-29T14:51:18.670000Z,0.96
2517,20181229T145509Z,1J.TI7A.,"['CH1', 'CH2', 'CHZ']",2018-12-29T14:55:09.170000Z,17.22
2518,20181229T145828Z,1J.TI7A.,"['CH1', 'CH2', 'CHZ']",2018-12-29T14:58:28.750000Z,0.69
2519,20181229T145948Z,1J.TI7A.,"['CH1', 'CH2', 'CHZ']",2018-12-29T14:59:48.000000Z,1.22
2520,20181229T150331Z,1J.TI7A.,"['CH1', 'CH2', 'CHZ']",2018-12-29T15:03:31.140000Z,1.46
2521,20181229T150701Z,1J.TI7A.,"['CH1', 'CH2', 'CHZ']",2018-12-29T15:07:01.640000Z,1.63
2522,20181229T150957Z,1J.TI7A.,"['CH1', 'CH2', 'CHZ']",2018-12-29T15:09:57.070000Z,1.15
2523,20181229T151057Z,1J.TI7A.,"['CH1', 'CH2', 'CHZ']",2018-12-29T15:10:57.940000Z,1.26
2524,20181229T151210Z,1J.TI7A.,"['CH1', 'CH2', 'CHZ']",2018-12-29T15:12:10.320000Z,16.72
2525,20181229T151550Z,1J.TI7A.,"['CH1', 'CH2', 'CHZ']",2018-12-29T15:15:50.880000Z,3.57
2526,20181229T152011Z,1J.TI7A.,"['CH1', 'CH2', 'CHZ']",2018-12-29T15:20:11.610000Z,14.94
2527,20181229T152251Z,1J.TI7A.,"['CH1', 'CH2', 'CHZ']",2018-12-29T15:22:51.130000Z,3.97
2528,20181229T152406Z,1J.TI7A.,"['CH1', 'CH2', 'CHZ']",2018-12-29T15:24:06.990000Z,2.74
2529,20181229T152859Z,1J.TI7A.,"['CH1', 'CH2', 'CHZ']",2018-12-29T15:28:59.560000Z,1.27
2530,20181229T153345Z,1J.TI7A.,"['CH1', 'CH2', 'CHZ']",2018-12-29T15:33:45.540000Z,13.67
2531,20181229T153543Z,1J.TI7A.,"['CH1', 'CH2', 'CHZ']",2018-12-29T15:35:49.090000Z,5.16
2532,20181229T153831Z,1J.TI7A.,"['CH1', 'CH2', 'CHZ']",2018-12-29T15:38:31.470000Z,1.79
2533,20181229T154428Z,1J.TI7A.,"['CH1', 'CH2', 'CHZ']",2018-12-29T15:44:38.430000Z,16.54
2534,20181229T154458Z,1J.TI7A.,"['CH1', 'CH2', 'CHZ']",2018-12-29T15:45:22.650000Z,1.61
2535,20181229T155043Z,1J.TI7A.,"['CH1', 'CH2', 'CHZ']",2018-12-29T15:50:43.960000Z,59.23
2536,20181229T155445Z,1J.TI7A.,"['CH1', 'CH2', 'CHZ']",2018-12-29T15:54:45.640000Z,3.8
2537,20181229T155844Z,1J.TI7A.,"['CH1', 'CH2', 'CHZ']",2018-12-29T15:58:44.890000Z,17.09
2538,20181229T160504Z,1J.TI7A.,"['CH1', 'CH2', 'CHZ']",2018-12-29T16:05:57.980000Z,12.69
2539,20181229T160706Z,1J.TI7A.,"['CH1', 'CH2', 'CHZ']",2018-12-29T16:07:06.630000Z,0.93
2540,20181229T161026Z,1J.TI7A.,"['CH1', 'CH2', 'CHZ']",2018-12-29T16:10:26.860000Z,1.24
2541,20181229T161306Z,1J.TI7A.,"['CH1', 'CH2', 'CHZ']",2018-12-29T16:13:12.990000Z,2.22
2542,20181229T161426Z,1J.TI7A.,"['CH1', 'CH2', 'CHZ']",2018-12-29T16:14:26.650000Z,13.25
2543,20181229T161548Z,1J.TI7A.,"['CH1', 'CH2', 'CHZ']",2018-12-29T16:15:58.790000Z,1.59
2544,20181229T162234Z,1J.TI7A.,"['CH1', 'CH2', 'CHZ']",2018-12-29T16:22:34.080000Z,15.29
2545,20181229T162748Z,1J.TI7A.,"['CH1', 'CH2', 'CHZ']",2018-12-29T16:27:50.190000Z,1.33
2546,20181229T163152Z,1J.TI7A.,"['CH1', 'CH2', 'CHZ']",2018-12-29T16:31:52.830000Z,13.73
2547,20181229T163804Z,1J.TI7A.,"['CH1', 'CH2', 'CHZ']",2018-12-29T16:38:04.500000Z,6.48
2548,20181229T164918Z,1J.TI7A.,"['CH1', 'CH2', 'CHZ']",2018-12-29T16:49:18.230000Z,9.17
2549,20181229T165536Z,1J.TI7A.,"['CH1', 'CH2', 'CHZ']",2018-12-29T16:55:49.100000Z,5.97
2550,20181229T170332Z,1J.TI7A.,"['CH1', 'CH2', 'CHZ']",2018-12-29T17:03:32.790000Z,5.67
2551,20181229T171040Z,1J.TI7A.,"['CH1', 'CH2', 'CHZ']",2018-12-29T17:10:40.950000Z,6.58
2552,20181229T171919Z,1J.TI7A.,"['CH1', 'CH2', 'CHZ']",2018-12-29T17:19:19.030000Z,8.92
2553,20181229T172614Z,1J.TI7A.,"['CH1', 'CH2', 'CHZ']",2018-12-29T17:26:14.500000Z,8.88
2554,20181229T173054Z,1J.TI7A.,"['CH1', 'CH2', 'CHZ']",2018-12-29T17:30:54.070000Z,2.58
2555,20181229T173131Z,1J.TI7A.,"['CH1', 'CH2', 'CHZ']",2018-12-29T17:31:31.620000Z,9.1
2556,20181229T174006Z,1J.TI7A.,"['CH1', 'CH2', 'CHZ']",2018-12-29T17:40:06.970000Z,8.8
2557,20181229T174614Z,1J.TI7A.,"['CH1', 'CH2', 'CHZ']",2018-12-29T17:46:14.930000Z,7.73
2558,20181229T175610Z,1J.TI7A.,"['CH1', 'CH2', 'CHZ']",2018-12-29T17:56:10.780000Z,10.85
2559,20181229T180224Z,1J.TI7A.,"['CH1', 'CH2', 'CHZ']",2018-12-29T18:02:24.630000Z,7.03
2560,20181229T180859Z,1J.TI7A.,"['CH1', 'CH2', 'CHZ']",2018-12-29T18:09:03.240000Z,8.27
2561,20181229T181006Z,1J.TI7A.,"['CH1', 'CH2', 'CHZ']",2018-12-29T18:10:06.600000Z,4.92
2562,20181229T181055Z,1J.TI7A.,"['CH1', 'CH2', 'CHZ']",2018-12-29T18:10:57.580000Z,8.89
2563,20181229T181723Z,1J.TI7A.,"['CH1', 'CH2', 'CHZ']",2018-12-29T18:17:51.760000Z,7.91
2564,20181229T182750Z,1J.TI7A.,"['CH1', 'CH2', 'CHZ']",2018-12-29T18:27:52.170000Z,7.15
2565,20181229T183019Z,1J.TI7A.,"['CH1', 'CH2', 'CHZ']",2018-12-29T18:30:19.300000Z,6.01
2566,20181229T184028Z,1J.TI7A.,"['CH1', 'CH2', 'CHZ']",2018-12-29T18:40:28.120000Z,8.7
2567,20181229T185017Z,1J.TI7A.,"['CH1', 'CH2', 'CHZ']",2018-12-29T18:50:17.350000Z,9.59
2568,20181229T185636Z,1J.TI7A.,"['CH1', 'CH2', 'CHZ']",2018-12-29T18:56:36.960000Z,5.48
2569,20181229T190909Z,1J.TI7A.,"['CH1', 'CH2', 'CHZ']",2018-12-29T19:09:09.470000Z,9.57
2570,20181229T191519Z,1J.TI7A.,"['CH1', 'CH2', 'CHZ']",2018-12-29T19:15:19.960000Z,1.58
2571,20181229T191937Z,1J.TI7A.,"['CH1', 'CH2', 'CHZ']",2018-12-29T19:19:45.310000Z,10.35
2572,20181229T193050Z,1J.TI7A.,"['CH1', 'CH2', 'CHZ']",2018-12-29T19:30:53.170000Z,12.21
2573,20181229T193547Z,1J.TI7A.,"['CH1', 'CH2', 'CHZ']",2018-12-29T19:35:47.000000Z,1.59
2574,20181229T194106Z,1J.TI7A.,"['CH1', 'CH2', 'CHZ']",2018-12-29T19:41:06.320000Z,13.8
2575,20181229T194817Z,1J.TI7A.,"['CH1', 'CH2', 'CHZ']",2018-12-29T19:48:17.130000Z,1.63
2576,20181229T195148Z,1J.TI7A.,"['CH1', 'CH2', 'CHZ']",2018-12-29T19:51:48.200000Z,13.66
2577,20181229T195621Z,1J.TI7A.,"['CH1', 'CH2', 'CHZ']",2018-12-29T19:56:21.550000Z,0.71
2578,20181229T195718Z,1J.TI7A.,"['CH1', 'CH2', 'CHZ']",2018-12-29T19:57:18.840000Z,2.67
2579,20181229T195841Z,1J.TI7A.,"['CH1', 'CH2', 'CHZ']",2018-12-29T19:58:41.430000Z,0.72
2580,20181229T195854Z,1J.TI7A.,"['CH1', 'CH2', 'CHZ']",2018-12-29T19:58:54.300000Z,7.33
2581,20181229T195936Z,1J.TI7A.,"['CH1', 'CH2', 'CHZ']",2018-12-29T19:59:36.920000Z,3.06
2582,20181229T200035Z,1J.TI7A.,"['CH1', 'CH2', 'CHZ']",2018-12-29T20:00:35.260000Z,17.23
2583,20181229T200235Z,1J.TI7A.,"['CH1', 'CH2', 'CHZ']",2018-12-29T20:02:54.720000Z,1.73
2584,20181229T200500Z,1J.TI7A.,"['CH1', 'CH2', 'CHZ']",2018-12-29T20:05:00.970000Z,9.47
2585,20181229T200623Z,1J.TI7A.,"['CH1', 'CH2', 'CHZ']",2018-12-29T20:06:23.140000Z,2.81
2586,20181229T200635Z,1J.TI7A.,"['CH1', 'CH2', 'CHZ']",2018-12-29T20:06:35.690000Z,2.21
2587,20181229T201039Z,1J.TI7A.,"['CH1', 'CH2', 'CHZ']",2018-12-29T20:10:39.800000Z,5.75
2588,20181229T201236Z,1J.TI7A.,"['CH1', 'CH2', 'CHZ']",2018-12-29T20:12:49.220000Z,1.33
2589,20181229T201341Z,1J.TI7A.,"['CH1', 'CH2', 'CHZ']",2018-12-29T20:13:41.890000Z,17.84
2590,20181229T201953Z,1J.TI7A.,"['CH1', 'CH2', 'CHZ']",2018-12-29T20:19:53.420000Z,2.87
2591,20181229T202127Z,1J.TI7A.,"['CH1', 'CH2', 'CHZ']",2018-12-29T20:21:46.070000Z,47.15
2592,20181229T202332Z,1J.TI7A.,"['CH1', 'CH2', 'CHZ']",2018-12-29T20:23:32.260000Z,7.66
2593,20181229T203358Z,1J.TI7A.,"['CH1', 'CH2', 'CHZ']",2018-12-29T20:33:58.410000Z,12.63
2594,20181229T204421Z,1J.TI7A.,"['CH1', 'CH2', 'CHZ']",2018-12-29T20:44:21.800000Z,15.19
2595,20181229T204654Z,1J.TI7A.,"['CH1', 'CH2', 'CHZ']",2018-12-29T20:46:54.330000Z,3.64
2596,20181229T205349Z,1J.TI7A.,"['CH1', 'CH2', 'CHZ']",2018-12-29T20:53:49.520000Z,13.3
2597,20181229T210137Z,1J.TI7A.,"['CH1', 'CH2', 'CHZ']",2018-12-29T21:01:37.290000Z,10.32
2598,20181229T210708Z,1J.TI7A.,"['CH1', 'CH2', 'CHZ']",2018-12-29T21:07:08.260000Z,3.46
2599,20181229T211315Z,1J.TI7A.,"['CH1', 'CH2', 'CHZ']",2018-12-29T21:13:15.270000Z,22.08
2600,20181229T211443Z,1J.TI7A.,"['CH1', 'CH2', 'CHZ']",2018-12-29T21:14:43.140000Z,10.9
2601,20181229T211500Z,1J.TI7A.,"['CH1', 'CH2', 'CHZ']",2018-12-29T21:15:00.950000Z,8.68
2602,20181229T212617Z,1J.TI7A.,"['CH1', 'CH2', 'CHZ']",2018-12-29T21:26:17.690000Z,10.55
2603,20181229T212831Z,1J.TI7A.,"['CH1', 'CH2', 'CHZ']",2018-12-29T21:28:31.340000Z,1.38
2604,20181229T213405Z,1J.TI7A.,"['CH1', 'CH2', 'CHZ']",2018-12-29T21:34:05.580000Z,10.58
2605,20181229T214506Z,1J.TI7A.,"['CH1', 'CH2', 'CHZ']",2018-12-29T21:45:06.280000Z,9.99
2606,20181229T215055Z,1J.TI7A.,"['CH1', 'CH2', 'CHZ']",2018-12-29T21:50:55.850000Z,7.56
2607,20181229T215659Z,1J.TI7A.,"['CH1', 'CH2', 'CHZ']",2018-12-29T21:56:59.140000Z,2.6
2608,20181229T220040Z,1J.TI7A.,"['CH1', 'CH2', 'CHZ']",2018-12-29T22:00:52.940000Z,12.64
2609,20181229T220932Z,1J.TI7A.,"['CH1', 'CH2', 'CHZ']",2018-12-29T22:09:32.230000Z,11.68
2610,20181229T221729Z,1J.TI7A.,"['CH1', 'CH2', 'CHZ']",2018-12-29T22:17:29.690000Z,12.5
2611,20181229T222203Z,1J.TI7A.,"['CH1', 'CH2', 'CHZ']",2018-12-29T22:22:03.260000Z,1.12
2612,20181229T222648Z,1J.TI7A.,"['CH1', 'CH2', 'CHZ']",2018-12-29T22:26:48.330000Z,13.61
2613,20181229T223511Z,1J.TI7A.,"['CH1', 'CH2', 'CHZ']",2018-12-29T22:35:11.480000Z,12.45
2614,20181229T224627Z,1J.TI7A.,"['CH1', 'CH2', 'CHZ']",2018-12-29T22:46:27.390000Z,12.14
2615,20181229T225537Z,1J.TI7A.,"['CH1', 'CH2', 'CHZ']",2018-12-29T22:55:37.140000Z,12.99
2616,20181229T230209Z,1J.TI7A.,"['CH1', 'CH2', 'CHZ']",2018-12-29T23:02:09.340000Z,7.45
2617,20181229T230612Z,1J.TI7A.,"['CH1', 'CH2', 'CHZ']",2018-12-29T23:06:12.530000Z,4.45
2618,20181229T231328Z,1J.TI7A.,"['CH1', 'CH2', 'CHZ']",2018-12-29T23:13:28.540000Z,6.46
2619,20181229T231939Z,1J.TI7A.,"['CH1', 'CH2', 'CHZ']",2018-12-29T23:19:39.720000Z,1.58
2620,20181229T232420Z,1J.TI7A.,"['CH1', 'CH2', 'CHZ']",2018-12-29T23:24:20.460000Z,8.94
2621,20181229T233332Z,1J.TI7A.,"['CH1', 'CH2', 'CHZ']",2018-12-29T23:33:34.560000Z,3.28
2622,20181229T233443Z,1J.TI7A.,"['CH1', 'CH2', 'CHZ']",2018-12-29T23:34:43.190000Z,10.87
2623,20181229T234624Z,1J.TI7A.,"['CH1', 'CH2', 'CHZ']",2018-12-29T23:46:24.070000Z,13.65
2624,20181229T235039Z,1J.TI7A.,"['CH1', 'CH2', 'CHZ']",2018-12-29T23:50:39.190000Z,2.3
2625,20181229T235317Z,1J.TI7A.,"['CH1', 'CH2', 'CHZ']",2018-12-29T23:53:17.090000Z,10.64
