,event_id,station,components,time,duration
0,20190120T002652Z,1J.TI4A.,"['CH1', 'CH2', 'CHZ']",2019-01-20T00:26:59.190000Z,6.65
1,20190120T004631Z,1J.TI4A.,"['CH1', 'CH2', 'CHZ']",2019-01-20T00:46:33.510000Z,11.8
2,20190120T004941Z,1J.TI4A.,"['CH1', 'CH2', 'CHZ']",2019-01-20T00:49:41.760000Z,47.98
3,20190120T005553Z,1J.TI4A.,"['CH1', 'CH2', 'CHZ']",2019-01-20T00:55:53.040000Z,5.1
4,20190120T010431Z,1J.TI4A.,"['CH1', 'CH2', 'CHZ']",2019-01-20T01:04:31.900000Z,2.38
5,20190120T010710Z,1J.TI4A.,"['CH1', 'CH2', 'CHZ']",2019-01-20T01:07:10.760000Z,4.22
6,20190120T010815Z,1J.TI4A.,"['CH1', 'CH2', 'CHZ']",2019-01-20T01:08:15.760000Z,2.98
7,20190120T011156Z,1J.TI4A.,"['CH1', 'CH2', 'CHZ']",2019-01-20T01:11:56.010000Z,31.14
8,20190120T011532Z,1J.TI4A.,"['CH1', 'CH2', 'CHZ']",2019-01-20T01:15:33.890000Z,17.66
9,20190120T011720Z,1J.TI4A.,"['CH1', 'CH2', 'CHZ']",2019-01-20T01:17:21.830000Z,23.38
10,20190120T011941Z,1J.TI4A.,"['CH1', 'CH2', 'CHZ']",2019-01-20T01:19:41.780000Z,3.3
11,20190120T012045Z,1J.TI4A.,"['CH1', 'CH2', 'CHZ']",2019-01-20T01:20:45.150000Z,1.11
12,20190120T012117Z,1J.TI4A.,"['CH1', 'CH2', 'CHZ']",2019-01-20T01:21:19.510000Z,6.09
13,20190120T012212Z,1J.TI4A.,"['CH1', 'CH2', 'CHZ']",2019-01-20T01:22:12.950000Z,16.8
14,20190120T012255Z,1J.TI4A.,"['CH1', 'CH2', 'CHZ']",2019-01-20T01:22:55.460000Z,7.09
15,20190120T012400Z,1J.TI4A.,"['CH1', 'CH2', 'CHZ']",2019-01-20T01:24:01.340000Z,31.54
16,20190120T012440Z,1J.TI4A.,"['CH1', 'CH2', 'CHZ']",2019-01-20T01:24:40.880000Z,14.93
17,20190120T014926Z,1J.TI4A.,"['CH1', 'CH2', 'CHZ']",2019-01-20T01:49:32.910000Z,29.33
18,20190120T020124Z,1J.TI4A.,"['CH1', 'CH2', 'CHZ']",2019-01-20T02:01:28.000000Z,6.18
19,20190120T020750Z,1J.TI4A.,"['CH1', 'CH2', 'CHZ']",2019-01-20T02:07:50.760000Z,27.98
20,20190120T021203Z,1J.TI4A.,"['CH1', 'CH2', 'CHZ']",2019-01-20T02:12:07.710000Z,18.8
21,20190120T021834Z,1J.TI4A.,"['CH1', 'CH2', 'CHZ']",2019-01-20T02:18:37.010000Z,51.82
22,20190120T022935Z,1J.TI4A.,"['CH1', 'CH2', 'CHZ']",2019-01-20T02:29:35.330000Z,8.34
23,20190120T023003Z,1J.TI4A.,"['CH1', 'CH2', 'CHZ']",2019-01-20T02:30:05.320000Z,17.04
24,20190120T023031Z,1J.TI4A.,"['CH1', 'CH2', 'CHZ']",2019-01-20T02:30:31.360000Z,10.83
25,20190120T023617Z,1J.TI4A.,"['CH1', 'CH2', 'CHZ']",2019-01-20T02:36:18.510000Z,4.68
26,20190120T025255Z,1J.TI4A.,"['CH1', 'CH2', 'CHZ']",2019-01-20T02:52:55.710000Z,7.25
27,20190120T025350Z,1J.TI4A.,"['CH1', 'CH2', 'CHZ']",2019-01-20T02:53:50.920000Z,4.27
28,20190120T025643Z,1J.TI4A.,"['CH1', 'CH2', 'CHZ']",2019-01-20T02:56:45.540000Z,11.53
29,20190120T030742Z,1J.TI4A.,"['CH1', 'CH2', 'CHZ']",2019-01-20T03:07:47.240000Z,3.95
30,20190120T030912Z,1J.TI4A.,"['CH1', 'CH2', 'CHZ']",2019-01-20T03:09:12.150000Z,7.4
31,20190120T031011Z,1J.TI4A.,"['CH1', 'CH2', 'CHZ']",2019-01-20T03:10:14.030000Z,15.9
32,20190120T031217Z,1J.TI4A.,"['CH1', 'CH2', 'CHZ']",2019-01-20T03:12:17.210000Z,4.41
33,20190120T031809Z,1J.TI4A.,"['CH1', 'CH2', 'CHZ']",2019-01-20T03:18:09.460000Z,4.55
34,20190120T032135Z,1J.TI4A.,"['CH1', 'CH2', 'CHZ']",2019-01-20T03:21:36.560000Z,7.08
35,20190120T032352Z,1J.TI4A.,"['CH1', 'CH2', 'CHZ']",2019-01-20T03:23:58.390000Z,15.2
36,20190120T032848Z,1J.TI4A.,"['CH1', 'CH2', 'CHZ']",2019-01-20T03:28:55.600000Z,5.37
37,20190120T032913Z,1J.TI4A.,"['CH1', 'CH2', 'CHZ']",2019-01-20T03:29:13.650000Z,5.29
38,20190120T033011Z,1J.TI4A.,"['CH1', 'CH2', 'CHZ']",2019-01-20T03:30:11.060000Z,3.64
39,20190120T033134Z,1J.TI4A.,"['CH1', 'CH2', 'CHZ']",2019-01-20T03:31:38.160000Z,5.24
40,20190120T033827Z,1J.TI4A.,"['CH1', 'CH2', 'CHZ']",2019-01-20T03:38:27.140000Z,3.02
41,20190120T033950Z,1J.TI4A.,"['CH1', 'CH2', 'CHZ']",2019-01-20T03:39:52.660000Z,14.25
42,20190120T034618Z,1J.TI4A.,"['CH1', 'CH2', 'CHZ']",2019-01-20T03:46:18.970000Z,17.29
43,20190120T034721Z,1J.TI4A.,"['CH1', 'CH2', 'CHZ']",2019-01-20T03:47:21.680000Z,28.65
44,20190120T035937Z,1J.TI4A.,"['CH1', 'CH2', 'CHZ']",2019-01-20T03:59:44.110000Z,11.43
45,20190120T041057Z,1J.TI4A.,"['CH1', 'CH2', 'CHZ']",2019-01-20T04:11:03.560000Z,6.22
46,20190120T042042Z,1J.TI4A.,"['CH1', 'CH2', 'CHZ']",2019-01-20T04:20:44.160000Z,15.05
47,20190120T042458Z,1J.TI4A.,"['CH1', 'CH2', 'CHZ']",2019-01-20T04:25:00.820000Z,11.05
48,20190120T042932Z,1J.TI4A.,"['CH1', 'CH2', 'CHZ']",2019-01-20T04:29:35.830000Z,30.08
49,20190120T043235Z,1J.TI4A.,"['CH1', 'CH2', 'CHZ']",2019-01-20T04:32:35.630000Z,33.88
50,20190120T043902Z,1J.TI4A.,"['CH1', 'CH2', 'CHZ']",2019-01-20T04:39:03.930000Z,17.3
51,20190120T044007Z,1J.TI4A.,"['CH1', 'CH2', 'CHZ']",2019-01-20T04:40:09.610000Z,13.42
52,20190120T044633Z,1J.TI4A.,"['CH1', 'CH2', 'CHZ']",2019-01-20T04:46:35.140000Z,7.54
53,20190120T045100Z,1J.TI4A.,"['CH1', 'CH2', 'CHZ']",2019-01-20T04:51:00.940000Z,2.5
54,20190120T045226Z,1J.TI4A.,"['CH1', 'CH2', 'CHZ']",2019-01-20T04:52:27.630000Z,45.3
55,20190120T050021Z,1J.TI4A.,"['CH1', 'CH2', 'CHZ']",2019-01-20T05:00:21.900000Z,9.53
56,20190120T050038Z,1J.TI4A.,"['CH1', 'CH2', 'CHZ']",2019-01-20T05:00:38.920000Z,7.68
57,20190120T050502Z,1J.TI4A.,"['CH1', 'CH2', 'CHZ']",2019-01-20T05:05:02.790000Z,17.33
58,20190120T050837Z,1J.TI4A.,"['CH1', 'CH2', 'CHZ']",2019-01-20T05:08:42.730000Z,49.57
59,20190120T051525Z,1J.TI4A.,"['CH1', 'CH2', 'CHZ']",2019-01-20T05:15:27.370000Z,19.3
60,20190120T052229Z,1J.TI4A.,"['CH1', 'CH2', 'CHZ']",2019-01-20T05:22:31.560000Z,12.84
61,20190120T052454Z,1J.TI4A.,"['CH1', 'CH2', 'CHZ']",2019-01-20T05:24:55.840000Z,15.72
62,20190120T052747Z,1J.TI4A.,"['CH1', 'CH2', 'CHZ']",2019-01-20T05:27:49.640000Z,12.91
63,20190120T053220Z,1J.TI4A.,"['CH1', 'CH2', 'CHZ']",2019-01-20T05:32:22.100000Z,24.13
64,20190120T053614Z,1J.TI4A.,"['CH1', 'CH2', 'CHZ']",2019-01-20T05:36:16.970000Z,22.82
65,20190120T053658Z,1J.TI4A.,"['CH1', 'CH2', 'CHZ']",2019-01-20T05:37:00.930000Z,7.25
66,20190120T055037Z,1J.TI4A.,"['CH1', 'CH2', 'CHZ']",2019-01-20T05:50:39.790000Z,5.39
67,20190120T055245Z,1J.TI4A.,"['CH1', 'CH2', 'CHZ']",2019-01-20T05:52:47.450000Z,4.98
68,20190120T055643Z,1J.TI4A.,"['CH1', 'CH2', 'CHZ']",2019-01-20T05:56:48.500000Z,7.15
69,20190120T055744Z,1J.TI4A.,"['CH1', 'CH2', 'CHZ']",2019-01-20T05:57:44.940000Z,1.8
70,20190120T060357Z,1J.TI4A.,"['CH1', 'CH2', 'CHZ']",2019-01-20T06:03:58.830000Z,4.9
71,20190120T061519Z,1J.TI4A.,"['CH1', 'CH2', 'CHZ']",2019-01-20T06:15:26.550000Z,11.34
72,20190120T062035Z,1J.TI4A.,"['CH1', 'CH2', 'CHZ']",2019-01-20T06:20:55.510000Z,33.51
73,20190120T063303Z,1J.TI4A.,"['CH1', 'CH2', 'CHZ']",2019-01-20T06:33:38.690000Z,42.23
74,20190120T063832Z,1J.TI4A.,"['CH1', 'CH2', 'CHZ']",2019-01-20T06:38:40.390000Z,11.59
75,20190120T064538Z,1J.TI4A.,"['CH1', 'CH2', 'CHZ']",2019-01-20T06:45:38.450000Z,3.96
76,20190120T065334Z,1J.TI4A.,"['CH1', 'CH2', 'CHZ']",2019-01-20T06:53:34.960000Z,35.2
77,20190120T065522Z,1J.TI4A.,"['CH1', 'CH2', 'CHZ']",2019-01-20T06:55:24.790000Z,4.28
78,20190120T070422Z,1J.TI4A.,"['CH1', 'CH2', 'CHZ']",2019-01-20T07:04:29.380000Z,64.16
79,20190120T071145Z,1J.TI4A.,"['CH1', 'CH2', 'CHZ']",2019-01-20T07:11:45.720000Z,4.76
80,20190120T072552Z,1J.TI4A.,"['CH1', 'CH2', 'CHZ']",2019-01-20T07:25:52.490000Z,5.41
81,20190120T072617Z,1J.TI4A.,"['CH1', 'CH2', 'CHZ']",2019-01-20T07:26:17.340000Z,3.77
82,20190120T075219Z,1J.TI4A.,"['CH1', 'CH2', 'CHZ']",2019-01-20T07:52:21.480000Z,8.43
83,20190120T075838Z,1J.TI4A.,"['CH1', 'CH2', 'CHZ']",2019-01-20T07:58:40.710000Z,5.32
84,20190120T080059Z,1J.TI4A.,"['CH1', 'CH2', 'CHZ']",2019-01-20T08:01:03.920000Z,4.77
85,20190120T080309Z,1J.TI4A.,"['CH1', 'CH2', 'CHZ']",2019-01-20T08:03:09.370000Z,22.0
86,20190120T080420Z,1J.TI4A.,"['CH1', 'CH2', 'CHZ']",2019-01-20T08:04:25.270000Z,21.08
87,20190120T081646Z,1J.TI4A.,"['CH1', 'CH2', 'CHZ']",2019-01-20T08:16:51.510000Z,9.7
88,20190120T082056Z,1J.TI4A.,"['CH1', 'CH2', 'CHZ']",2019-01-20T08:21:02.240000Z,32.02
89,20190120T083305Z,1J.TI4A.,"['CH1', 'CH2', 'CHZ']",2019-01-20T08:33:05.260000Z,2.82
90,20190120T083703Z,1J.TI4A.,"['CH1', 'CH2', 'CHZ']",2019-01-20T08:37:04.800000Z,21.33
91,20190120T083759Z,1J.TI4A.,"['CH1', 'CH2', 'CHZ']",2019-01-20T08:38:00.710000Z,46.62
92,20190120T083921Z,1J.TI4A.,"['CH1', 'CH2', 'CHZ']",2019-01-20T08:39:22.770000Z,12.24
93,20190120T084148Z,1J.TI4A.,"['CH1', 'CH2', 'CHZ']",2019-01-20T08:41:51.470000Z,7.88
94,20190120T084536Z,1J.TI4A.,"['CH1', 'CH2', 'CHZ']",2019-01-20T08:45:40.070000Z,4.98
95,20190120T085025Z,1J.TI4A.,"['CH1', 'CH2', 'CHZ']",2019-01-20T08:50:27.340000Z,1.63
96,20190120T090026Z,1J.TI4A.,"['CH1', 'CH2', 'CHZ']",2019-01-20T09:00:31.290000Z,1.64
97,20190120T090417Z,1J.TI4A.,"['CH1', 'CH2', 'CHZ']",2019-01-20T09:04:23.730000Z,2.99
98,20190120T090450Z,1J.TI4A.,"['CH1', 'CH2', 'CHZ']",2019-01-20T09:04:55.790000Z,9.63
99,20190120T090905Z,1J.TI4A.,"['CH1', 'CH2', 'CHZ']",2019-01-20T09:09:12.490000Z,10.62
100,20190120T091120Z,1J.TI4A.,"['CH1', 'CH2', 'CHZ']",2019-01-20T09:11:22.970000Z,6.28
101,20190120T091331Z,1J.TI4A.,"['CH1', 'CH2', 'CHZ']",2019-01-20T09:13:34.760000Z,38.14
102,20190120T091717Z,1J.TI4A.,"['CH1', 'CH2', 'CHZ']",2019-01-20T09:17:21.810000Z,8.66
103,20190120T092641Z,1J.TI4A.,"['CH1', 'CH2', 'CHZ']",2019-01-20T09:26:49.140000Z,21.58
104,20190120T093731Z,1J.TI4A.,"['CH1', 'CH2', 'CHZ']",2019-01-20T09:37:33.250000Z,11.82
105,20190120T093917Z,1J.TI4A.,"['CH1', 'CH2', 'CHZ']",2019-01-20T09:39:23.420000Z,45.85
106,20190120T094541Z,1J.TI4A.,"['CH1', 'CH2', 'CHZ']",2019-01-20T09:45:45.540000Z,14.77
107,20190120T095001Z,1J.TI4A.,"['CH1', 'CH2', 'CHZ']",2019-01-20T09:50:04.580000Z,8.83
108,20190120T095524Z,1J.TI4A.,"['CH1', 'CH2', 'CHZ']",2019-01-20T09:55:25.950000Z,10.26
109,20190120T095845Z,1J.TI4A.,"['CH1', 'CH2', 'CHZ']",2019-01-20T09:58:47.080000Z,15.31
110,20190120T100021Z,1J.TI4A.,"['CH1', 'CH2', 'CHZ']",2019-01-20T10:00:21.180000Z,1.99
111,20190120T100450Z,1J.TI4A.,"['CH1', 'CH2', 'CHZ']",2019-01-20T10:04:53.510000Z,4.65
112,20190120T100506Z,1J.TI4A.,"['CH1', 'CH2', 'CHZ']",2019-01-20T10:05:13.510000Z,7.38
113,20190120T100614Z,1J.TI4A.,"['CH1', 'CH2', 'CHZ']",2019-01-20T10:06:14.940000Z,2.88
114,20190120T101025Z,1J.TI4A.,"['CH1', 'CH2', 'CHZ']",2019-01-20T10:10:26.830000Z,18.43
115,20190120T101319Z,1J.TI4A.,"['CH1', 'CH2', 'CHZ']",2019-01-20T10:13:19.500000Z,2.64
116,20190120T102342Z,1J.TI4A.,"['CH1', 'CH2', 'CHZ']",2019-01-20T10:23:44.100000Z,13.82
117,20190120T102724Z,1J.TI4A.,"['CH1', 'CH2', 'CHZ']",2019-01-20T10:27:26.480000Z,10.72
118,20190120T102858Z,1J.TI4A.,"['CH1', 'CH2', 'CHZ']",2019-01-20T10:29:00.160000Z,7.44
119,20190120T103057Z,1J.TI4A.,"['CH1', 'CH2', 'CHZ']",2019-01-20T10:30:57.410000Z,6.63
120,20190120T104254Z,1J.TI4A.,"['CH1', 'CH2', 'CHZ']",2019-01-20T10:42:59.310000Z,28.27
121,20190120T104424Z,1J.TI4A.,"['CH1', 'CH2', 'CHZ']",2019-01-20T10:44:24.190000Z,2.93
122,20190120T104636Z,1J.TI4A.,"['CH1', 'CH2', 'CHZ']",2019-01-20T10:46:40.480000Z,2.93
123,20190120T104956Z,1J.TI4A.,"['CH1', 'CH2', 'CHZ']",2019-01-20T10:50:11.200000Z,14.96
124,20190120T105244Z,1J.TI4A.,"['CH1', 'CH2', 'CHZ']",2019-01-20T10:52:46.710000Z,3.8
125,20190120T105332Z,1J.TI4A.,"['CH1', 'CH2', 'CHZ']",2019-01-20T10:53:39.700000Z,50.85
126,20190120T105958Z,1J.TI4A.,"['CH1', 'CH2', 'CHZ']",2019-01-20T11:00:02.110000Z,49.24
127,20190120T111207Z,1J.TI4A.,"['CH1', 'CH2', 'CHZ']",2019-01-20T11:12:07.160000Z,9.27
128,20190120T111549Z,1J.TI4A.,"['CH1', 'CH2', 'CHZ']",2019-01-20T11:15:55.680000Z,21.74
129,20190120T112450Z,1J.TI4A.,"['CH1', 'CH2', 'CHZ']",2019-01-20T11:24:50.160000Z,25.59
130,20190120T112546Z,1J.TI4A.,"['CH1', 'CH2', 'CHZ']",2019-01-20T11:25:46.770000Z,4.92
131,20190120T113927Z,1J.TI4A.,"['CH1', 'CH2', 'CHZ']",2019-01-20T11:39:27.010000Z,10.43
132,20190120T114038Z,1J.TI4A.,"['CH1', 'CH2', 'CHZ']",2019-01-20T11:40:38.850000Z,5.27
133,20190120T114538Z,1J.TI4A.,"['CH1', 'CH2', 'CHZ']",2019-01-20T11:45:38.150000Z,1.57
134,20190120T115548Z,1J.TI4A.,"['CH1', 'CH2', 'CHZ']",2019-01-20T11:55:48.120000Z,2.6
135,20190120T120044Z,1J.TI4A.,"['CH1', 'CH2', 'CHZ']",2019-01-20T12:00:44.990000Z,12.65
136,20190120T120116Z,1J.TI4A.,"['CH1', 'CH2', 'CHZ']",2019-01-20T12:01:31.930000Z,46.15
137,20190120T120712Z,1J.TI4A.,"['CH1', 'CH2', 'CHZ']",2019-01-20T12:07:16.600000Z,6.54
138,20190120T121724Z,1J.TI4A.,"['CH1', 'CH2', 'CHZ']",2019-01-20T12:17:26.270000Z,50.19
139,20190120T122053Z,1J.TI4A.,"['CH1', 'CH2', 'CHZ']",2019-01-20T12:20:55.840000Z,11.25
140,20190120T123744Z,1J.TI4A.,"['CH1', 'CH2', 'CHZ']",2019-01-20T12:37:44.620000Z,9.64
141,20190120T125953Z,1J.TI4A.,"['CH1', 'CH2', 'CHZ']",2019-01-20T12:59:57.190000Z,14.93
142,20190120T131127Z,1J.TI4A.,"['CH1', 'CH2', 'CHZ']",2019-01-20T13:11:30.010000Z,11.47
143,20190120T131708Z,1J.TI4A.,"['CH1', 'CH2', 'CHZ']",2019-01-20T13:17:08.080000Z,42.46
144,20190120T131903Z,1J.TI4A.,"['CH1', 'CH2', 'CHZ']",2019-01-20T13:19:03.810000Z,26.52
145,20190120T134001Z,1J.TI4A.,"['CH1', 'CH2', 'CHZ']",2019-01-20T13:40:09.950000Z,10.03
146,20190120T134107Z,1J.TI4A.,"['CH1', 'CH2', 'CHZ']",2019-01-20T13:41:21.470000Z,14.81
147,20190120T164409Z,1J.TI4A.,"['CH1', 'CH2', 'CHZ']",2019-01-20T16:44:13.260000Z,11.31
148,20190120T164724Z,1J.TI4A.,"['CH1', 'CH2', 'CHZ']",2019-01-20T16:47:24.380000Z,4.62
149,20190120T164743Z,1J.TI4A.,"['CH1', 'CH2', 'CHZ']",2019-01-20T16:47:43.250000Z,6.29
150,20190120T164816Z,1J.TI4A.,"['CH1', 'CH2', 'CHZ']",2019-01-20T16:48:25.270000Z,8.52
151,20190120T164936Z,1J.TI4A.,"['CH1', 'CH2', 'CHZ']",2019-01-20T16:49:36.390000Z,19.8
152,20190120T164959Z,1J.TI4A.,"['CH1', 'CH2', 'CHZ']",2019-01-20T16:50:05.560000Z,13.6
153,20190120T165131Z,1J.TI4A.,"['CH1', 'CH2', 'CHZ']",2019-01-20T16:51:31.500000Z,8.16
154,20190120T165307Z,1J.TI4A.,"['CH1', 'CH2', 'CHZ']",2019-01-20T16:53:07.490000Z,9.04
155,20190120T165337Z,1J.TI4A.,"['CH1', 'CH2', 'CHZ']",2019-01-20T16:53:37.890000Z,54.68
156,20190120T165501Z,1J.TI4A.,"['CH1', 'CH2', 'CHZ']",2019-01-20T16:55:08.660000Z,4.97
157,20190120T165529Z,1J.TI4A.,"['CH1', 'CH2', 'CHZ']",2019-01-20T16:55:29.440000Z,15.99
158,20190120T170434Z,1J.TI4A.,"['CH1', 'CH2', 'CHZ']",2019-01-20T17:04:36.700000Z,1.52
159,20190120T170453Z,1J.TI4A.,"['CH1', 'CH2', 'CHZ']",2019-01-20T17:04:55.310000Z,7.52
160,20190120T170557Z,1J.TI4A.,"['CH1', 'CH2', 'CHZ']",2019-01-20T17:05:59.500000Z,8.32
161,20190120T170655Z,1J.TI4A.,"['CH1', 'CH2', 'CHZ']",2019-01-20T17:07:04.590000Z,8.77
162,20190120T170855Z,1J.TI4A.,"['CH1', 'CH2', 'CHZ']",2019-01-20T17:08:55.350000Z,1.66
163,20190120T170916Z,1J.TI4A.,"['CH1', 'CH2', 'CHZ']",2019-01-20T17:09:23.350000Z,1.89
164,20190120T171035Z,1J.TI4A.,"['CH1', 'CH2', 'CHZ']",2019-01-20T17:10:37.400000Z,12.57
165,20190120T171208Z,1J.TI4A.,"['CH1', 'CH2', 'CHZ']",2019-01-20T17:12:10.960000Z,4.5
166,20190120T171249Z,1J.TI4A.,"['CH1', 'CH2', 'CHZ']",2019-01-20T17:12:51.300000Z,4.94
167,20190120T171344Z,1J.TI4A.,"['CH1', 'CH2', 'CHZ']",2019-01-20T17:13:46.150000Z,6.12
168,20190120T171623Z,1J.TI4A.,"['CH1', 'CH2', 'CHZ']",2019-01-20T17:16:25.460000Z,8.97
169,20190120T171736Z,1J.TI4A.,"['CH1', 'CH2', 'CHZ']",2019-01-20T17:17:38.350000Z,17.28
170,20190120T171813Z,1J.TI4A.,"['CH1', 'CH2', 'CHZ']",2019-01-20T17:18:13.210000Z,0.98
171,20190120T171915Z,1J.TI4A.,"['CH1', 'CH2', 'CHZ']",2019-01-20T17:19:15.060000Z,1.2
172,20190120T172048Z,1J.TI4A.,"['CH1', 'CH2', 'CHZ']",2019-01-20T17:20:48.200000Z,3.51
173,20190120T172151Z,1J.TI4A.,"['CH1', 'CH2', 'CHZ']",2019-01-20T17:21:53.200000Z,13.96
174,20190120T172603Z,1J.TI4A.,"['CH1', 'CH2', 'CHZ']",2019-01-20T17:26:05.280000Z,18.63
175,20190120T173306Z,1J.TI4A.,"['CH1', 'CH2', 'CHZ']",2019-01-20T17:33:06.110000Z,1.24
176,20190120T173553Z,1J.TI4A.,"['CH1', 'CH2', 'CHZ']",2019-01-20T17:35:56.830000Z,17.64
177,20190120T173625Z,1J.TI4A.,"['CH1', 'CH2', 'CHZ']",2019-01-20T17:36:27.840000Z,19.44
178,20190120T173742Z,1J.TI4A.,"['CH1', 'CH2', 'CHZ']",2019-01-20T17:37:44.010000Z,2.83
179,20190120T174211Z,1J.TI4A.,"['CH1', 'CH2', 'CHZ']",2019-01-20T17:42:13.910000Z,2.1
180,20190120T175006Z,1J.TI4A.,"['CH1', 'CH2', 'CHZ']",2019-01-20T17:50:06.750000Z,1.98
181,20190120T180029Z,1J.TI4A.,"['CH1', 'CH2', 'CHZ']",2019-01-20T18:00:32.540000Z,1.9
182,20190120T180338Z,1J.TI4A.,"['CH1', 'CH2', 'CHZ']",2019-01-20T18:03:38.150000Z,4.07
183,20190120T181331Z,1J.TI4A.,"['CH1', 'CH2', 'CHZ']",2019-01-20T18:13:31.630000Z,1.57
184,20190120T181430Z,1J.TI4A.,"['CH1', 'CH2', 'CHZ']",2019-01-20T18:14:33.400000Z,12.2
185,20190120T181456Z,1J.TI4A.,"['CH1', 'CH2', 'CHZ']",2019-01-20T18:15:04.970000Z,13.88
186,20190120T182351Z,1J.TI4A.,"['CH1', 'CH2', 'CHZ']",2019-01-20T18:23:51.990000Z,5.18
187,20190120T182409Z,1J.TI4A.,"['CH1', 'CH2', 'CHZ']",2019-01-20T18:24:11.750000Z,14.01
188,20190120T182458Z,1J.TI4A.,"['CH1', 'CH2', 'CHZ']",2019-01-20T18:24:59.880000Z,4.98
189,20190120T182549Z,1J.TI4A.,"['CH1', 'CH2', 'CHZ']",2019-01-20T18:25:49.620000Z,1.98
190,20190120T182702Z,1J.TI4A.,"['CH1', 'CH2', 'CHZ']",2019-01-20T18:27:08.090000Z,8.12
191,20190120T183114Z,1J.TI4A.,"['CH1', 'CH2', 'CHZ']",2019-01-20T18:31:14.410000Z,1.21
192,20190120T183959Z,1J.TI4A.,"['CH1', 'CH2', 'CHZ']",2019-01-20T18:39:59.760000Z,1.43
193,20190120T184036Z,1J.TI4A.,"['CH1', 'CH2', 'CHZ']",2019-01-20T18:40:37.370000Z,5.24
194,20190120T184309Z,1J.TI4A.,"['CH1', 'CH2', 'CHZ']",2019-01-20T18:43:09.760000Z,2.53
195,20190120T184817Z,1J.TI4A.,"['CH1', 'CH2', 'CHZ']",2019-01-20T18:48:17.520000Z,0.94
196,20190120T184907Z,1J.TI4A.,"['CH1', 'CH2', 'CHZ']",2019-01-20T18:49:07.960000Z,0.82
197,20190120T185139Z,1J.TI4A.,"['CH1', 'CH2', 'CHZ']",2019-01-20T18:51:39.360000Z,9.75
198,20190120T185320Z,1J.TI4A.,"['CH1', 'CH2', 'CHZ']",2019-01-20T18:53:20.580000Z,2.46
199,20190120T191207Z,1J.TI4A.,"['CH1', 'CH2', 'CHZ']",2019-01-20T19:12:07.520000Z,0.77
200,20190120T191638Z,1J.TI4A.,"['CH1', 'CH2', 'CHZ']",2019-01-20T19:16:38.180000Z,4.32
201,20190120T192043Z,1J.TI4A.,"['CH1', 'CH2', 'CHZ']",2019-01-20T19:20:43.850000Z,2.83
202,20190120T192128Z,1J.TI4A.,"['CH1', 'CH2', 'CHZ']",2019-01-20T19:21:28.160000Z,20.04
203,20190120T192353Z,1J.TI4A.,"['CH1', 'CH2', 'CHZ']",2019-01-20T19:23:53.320000Z,1.27
204,20190120T193145Z,1J.TI4A.,"['CH1', 'CH2', 'CHZ']",2019-01-20T19:31:45.510000Z,1.18
205,20190120T193309Z,1J.TI4A.,"['CH1', 'CH2', 'CHZ']",2019-01-20T19:33:09.100000Z,9.16
206,20190120T193334Z,1J.TI4A.,"['CH1', 'CH2', 'CHZ']",2019-01-20T19:33:36.120000Z,11.08
207,20190120T193624Z,1J.TI4A.,"['CH1', 'CH2', 'CHZ']",2019-01-20T19:36:24.990000Z,4.71
208,20190120T193759Z,1J.TI4A.,"['CH1', 'CH2', 'CHZ']",2019-01-20T19:37:59.710000Z,2.64
209,20190120T194106Z,1J.TI4A.,"['CH1', 'CH2', 'CHZ']",2019-01-20T19:41:06.780000Z,3.78
210,20190120T194328Z,1J.TI4A.,"['CH1', 'CH2', 'CHZ']",2019-01-20T19:43:28.000000Z,1.77
211,20190120T194632Z,1J.TI4A.,"['CH1', 'CH2', 'CHZ']",2019-01-20T19:46:32.160000Z,8.55
212,20190120T195136Z,1J.TI4A.,"['CH1', 'CH2', 'CHZ']",2019-01-20T19:51:36.580000Z,1.96
213,20190120T195451Z,1J.TI4A.,"['CH1', 'CH2', 'CHZ']",2019-01-20T19:54:51.680000Z,1.83
214,20190120T195520Z,1J.TI4A.,"['CH1', 'CH2', 'CHZ']",2019-01-20T19:55:20.650000Z,4.24
215,20190120T195613Z,1J.TI4A.,"['CH1', 'CH2', 'CHZ']",2019-01-20T19:56:13.060000Z,3.41
216,20190120T195740Z,1J.TI4A.,"['CH1', 'CH2', 'CHZ']",2019-01-20T19:57:40.180000Z,13.3
217,20190120T200107Z,1J.TI4A.,"['CH1', 'CH2', 'CHZ']",2019-01-20T20:01:26.190000Z,26.42
218,20190120T200528Z,1J.TI4A.,"['CH1', 'CH2', 'CHZ']",2019-01-20T20:05:28.830000Z,1.21
219,20190120T201043Z,1J.TI4A.,"['CH1', 'CH2', 'CHZ']",2019-01-20T20:10:46.810000Z,11.7
220,20190120T201609Z,1J.TI4A.,"['CH1', 'CH2', 'CHZ']",2019-01-20T20:16:09.590000Z,13.54
221,20190120T201830Z,1J.TI4A.,"['CH1', 'CH2', 'CHZ']",2019-01-20T20:18:30.320000Z,1.94
222,20190120T201931Z,1J.TI4A.,"['CH1', 'CH2', 'CHZ']",2019-01-20T20:19:31.370000Z,1.54
223,20190120T201957Z,1J.TI4A.,"['CH1', 'CH2', 'CHZ']",2019-01-20T20:19:57.190000Z,6.08
224,20190120T202237Z,1J.TI4A.,"['CH1', 'CH2', 'CHZ']",2019-01-20T20:22:37.390000Z,3.85
225,20190120T202407Z,1J.TI4A.,"['CH1', 'CH2', 'CHZ']",2019-01-20T20:24:07.810000Z,1.73
226,20190120T202423Z,1J.TI4A.,"['CH1', 'CH2', 'CHZ']",2019-01-20T20:24:24.010000Z,33.92
227,20190120T202954Z,1J.TI4A.,"['CH1', 'CH2', 'CHZ']",2019-01-20T20:29:54.840000Z,2.03
228,20190120T203004Z,1J.TI4A.,"['CH1', 'CH2', 'CHZ']",2019-01-20T20:30:04.740000Z,1.78
229,20190120T203056Z,1J.TI4A.,"['CH1', 'CH2', 'CHZ']",2019-01-20T20:30:56.980000Z,3.01
230,20190120T203114Z,1J.TI4A.,"['CH1', 'CH2', 'CHZ']",2019-01-20T20:31:14.980000Z,1.14
231,20190120T203146Z,1J.TI4A.,"['CH1', 'CH2', 'CHZ']",2019-01-20T20:31:52.220000Z,7.59
232,20190120T203208Z,1J.TI4A.,"['CH1', 'CH2', 'CHZ']",2019-01-20T20:32:08.380000Z,10.89
233,20190120T203326Z,1J.TI4A.,"['CH1', 'CH2', 'CHZ']",2019-01-20T20:33:26.400000Z,1.46
234,20190120T203434Z,1J.TI4A.,"['CH1', 'CH2', 'CHZ']",2019-01-20T20:34:34.060000Z,16.59
235,20190120T203604Z,1J.TI4A.,"['CH1', 'CH2', 'CHZ']",2019-01-20T20:36:04.720000Z,3.2
236,20190120T203627Z,1J.TI4A.,"['CH1', 'CH2', 'CHZ']",2019-01-20T20:36:27.400000Z,2.37
237,20190120T203656Z,1J.TI4A.,"['CH1', 'CH2', 'CHZ']",2019-01-20T20:36:56.040000Z,1.9
238,20190120T203807Z,1J.TI4A.,"['CH1', 'CH2', 'CHZ']",2019-01-20T20:38:07.670000Z,6.73
239,20190120T203847Z,1J.TI4A.,"['CH1', 'CH2', 'CHZ']",2019-01-20T20:38:47.790000Z,5.83
240,20190120T203956Z,1J.TI4A.,"['CH1', 'CH2', 'CHZ']",2019-01-20T20:40:01.490000Z,10.16
241,20190120T204049Z,1J.TI4A.,"['CH1', 'CH2', 'CHZ']",2019-01-20T20:40:49.550000Z,1.07
242,20190120T204106Z,1J.TI4A.,"['CH1', 'CH2', 'CHZ']",2019-01-20T20:41:06.640000Z,6.92
243,20190120T204138Z,1J.TI4A.,"['CH1', 'CH2', 'CHZ']",2019-01-20T20:41:38.020000Z,2.49
244,20190120T204430Z,1J.TI4A.,"['CH1', 'CH2', 'CHZ']",2019-01-20T20:44:30.260000Z,1.65
245,20190120T204501Z,1J.TI4A.,"['CH1', 'CH2', 'CHZ']",2019-01-20T20:45:01.730000Z,11.39
246,20190120T204526Z,1J.TI4A.,"['CH1', 'CH2', 'CHZ']",2019-01-20T20:45:26.860000Z,2.02
247,20190120T204603Z,1J.TI4A.,"['CH1', 'CH2', 'CHZ']",2019-01-20T20:46:08.830000Z,49.48
248,20190120T204722Z,1J.TI4A.,"['CH1', 'CH2', 'CHZ']",2019-01-20T20:47:22.150000Z,9.12
249,20190120T205012Z,1J.TI4A.,"['CH1', 'CH2', 'CHZ']",2019-01-20T20:50:12.500000Z,6.63
250,20190120T205252Z,1J.TI4A.,"['CH1', 'CH2', 'CHZ']",2019-01-20T20:52:52.520000Z,13.39
251,20190120T205320Z,1J.TI4A.,"['CH1', 'CH2', 'CHZ']",2019-01-20T20:53:20.950000Z,0.86
252,20190120T205342Z,1J.TI4A.,"['CH1', 'CH2', 'CHZ']",2019-01-20T20:53:47.990000Z,2.82
253,20190120T205439Z,1J.TI4A.,"['CH1', 'CH2', 'CHZ']",2019-01-20T20:54:39.820000Z,1.46
254,20190120T205446Z,1J.TI4A.,"['CH1', 'CH2', 'CHZ']",2019-01-20T20:54:46.290000Z,3.11
255,20190120T205517Z,1J.TI4A.,"['CH1', 'CH2', 'CHZ']",2019-01-20T20:55:17.740000Z,2.98
256,20190120T205639Z,1J.TI4A.,"['CH1', 'CH2', 'CHZ']",2019-01-20T20:56:39.000000Z,3.34
257,20190120T205724Z,1J.TI4A.,"['CH1', 'CH2', 'CHZ']",2019-01-20T20:57:24.100000Z,4.05
258,20190120T205737Z,1J.TI4A.,"['CH1', 'CH2', 'CHZ']",2019-01-20T20:57:37.570000Z,5.96
259,20190120T205826Z,1J.TI4A.,"['CH1', 'CH2', 'CHZ']",2019-01-20T20:58:26.180000Z,3.22
260,20190120T205852Z,1J.TI4A.,"['CH1', 'CH2', 'CHZ']",2019-01-20T20:58:52.300000Z,1.38
261,20190120T205923Z,1J.TI4A.,"['CH1', 'CH2', 'CHZ']",2019-01-20T20:59:23.150000Z,2.03
262,20190120T205930Z,1J.TI4A.,"['CH1', 'CH2', 'CHZ']",2019-01-20T20:59:30.380000Z,15.16
263,20190120T205951Z,1J.TI4A.,"['CH1', 'CH2', 'CHZ']",2019-01-20T20:59:51.880000Z,1.08
264,20190120T210053Z,1J.TI4A.,"['CH1', 'CH2', 'CHZ']",2019-01-20T21:01:24.510000Z,6.28
265,20190120T210158Z,1J.TI4A.,"['CH1', 'CH2', 'CHZ']",2019-01-20T21:01:58.040000Z,4.07
266,20190120T210239Z,1J.TI4A.,"['CH1', 'CH2', 'CHZ']",2019-01-20T21:02:39.700000Z,2.72
267,20190120T210318Z,1J.TI4A.,"['CH1', 'CH2', 'CHZ']",2019-01-20T21:03:20.050000Z,7.51
268,20190120T210402Z,1J.TI4A.,"['CH1', 'CH2', 'CHZ']",2019-01-20T21:04:02.020000Z,2.19
269,20190120T210422Z,1J.TI4A.,"['CH1', 'CH2', 'CHZ']",2019-01-20T21:04:25.430000Z,1.5
270,20190120T210457Z,1J.TI4A.,"['CH1', 'CH2', 'CHZ']",2019-01-20T21:04:57.910000Z,1.56
271,20190120T210558Z,1J.TI4A.,"['CH1', 'CH2', 'CHZ']",2019-01-20T21:05:58.040000Z,3.21
272,20190120T210610Z,1J.TI4A.,"['CH1', 'CH2', 'CHZ']",2019-01-20T21:06:10.260000Z,11.12
273,20190120T210632Z,1J.TI4A.,"['CH1', 'CH2', 'CHZ']",2019-01-20T21:06:32.570000Z,2.87
274,20190120T210713Z,1J.TI4A.,"['CH1', 'CH2', 'CHZ']",2019-01-20T21:07:13.300000Z,13.55
275,20190120T210733Z,1J.TI4A.,"['CH1', 'CH2', 'CHZ']",2019-01-20T21:07:33.370000Z,6.01
276,20190120T210743Z,1J.TI4A.,"['CH1', 'CH2', 'CHZ']",2019-01-20T21:08:16.450000Z,0.86
277,20190120T210848Z,1J.TI4A.,"['CH1', 'CH2', 'CHZ']",2019-01-20T21:08:48.880000Z,1.91
278,20190120T210905Z,1J.TI4A.,"['CH1', 'CH2', 'CHZ']",2019-01-20T21:09:05.880000Z,1.02
279,20190120T210915Z,1J.TI4A.,"['CH1', 'CH2', 'CHZ']",2019-01-20T21:09:15.330000Z,1.37
280,20190120T210946Z,1J.TI4A.,"['CH1', 'CH2', 'CHZ']",2019-01-20T21:09:46.550000Z,5.35
281,20190120T211025Z,1J.TI4A.,"['CH1', 'CH2', 'CHZ']",2019-01-20T21:10:25.430000Z,6.58
282,20190120T211111Z,1J.TI4A.,"['CH1', 'CH2', 'CHZ']",2019-01-20T21:11:11.640000Z,1.82
283,20190120T211207Z,1J.TI4A.,"['CH1', 'CH2', 'CHZ']",2019-01-20T21:12:07.580000Z,13.99
284,20190120T211327Z,1J.TI4A.,"['CH1', 'CH2', 'CHZ']",2019-01-20T21:13:28.850000Z,3.86
285,20190120T211437Z,1J.TI4A.,"['CH1', 'CH2', 'CHZ']",2019-01-20T21:14:39.020000Z,7.82
286,20190120T211618Z,1J.TI4A.,"['CH1', 'CH2', 'CHZ']",2019-01-20T21:16:18.430000Z,11.33
287,20190120T211652Z,1J.TI4A.,"['CH1', 'CH2', 'CHZ']",2019-01-20T21:16:52.780000Z,15.31
288,20190120T211750Z,1J.TI4A.,"['CH1', 'CH2', 'CHZ']",2019-01-20T21:17:50.920000Z,1.26
289,20190120T211818Z,1J.TI4A.,"['CH1', 'CH2', 'CHZ']",2019-01-20T21:18:23.230000Z,2.49
290,20190120T211841Z,1J.TI4A.,"['CH1', 'CH2', 'CHZ']",2019-01-20T21:18:41.920000Z,1.15
291,20190120T211913Z,1J.TI4A.,"['CH1', 'CH2', 'CHZ']",2019-01-20T21:19:16.130000Z,9.49
292,20190120T211950Z,1J.TI4A.,"['CH1', 'CH2', 'CHZ']",2019-01-20T21:19:50.730000Z,2.38
293,20190120T212055Z,1J.TI4A.,"['CH1', 'CH2', 'CHZ']",2019-01-20T21:20:55.690000Z,5.9
294,20190120T212120Z,1J.TI4A.,"['CH1', 'CH2', 'CHZ']",2019-01-20T21:21:20.270000Z,6.21
295,20190120T212156Z,1J.TI4A.,"['CH1', 'CH2', 'CHZ']",2019-01-20T21:21:56.100000Z,74.13
296,20190120T212335Z,1J.TI4A.,"['CH1', 'CH2', 'CHZ']",2019-01-20T21:23:35.360000Z,18.69
297,20190120T212639Z,1J.TI4A.,"['CH1', 'CH2', 'CHZ']",2019-01-20T21:26:39.330000Z,1.16
298,20190120T212813Z,1J.TI4A.,"['CH1', 'CH2', 'CHZ']",2019-01-20T21:28:13.100000Z,3.16
299,20190120T212824Z,1J.TI4A.,"['CH1', 'CH2', 'CHZ']",2019-01-20T21:28:24.070000Z,3.47
300,20190120T212916Z,1J.TI4A.,"['CH1', 'CH2', 'CHZ']",2019-01-20T21:29:17.740000Z,8.27
301,20190120T213009Z,1J.TI4A.,"['CH1', 'CH2', 'CHZ']",2019-01-20T21:30:09.780000Z,3.71
302,20190120T213156Z,1J.TI4A.,"['CH1', 'CH2', 'CHZ']",2019-01-20T21:31:56.410000Z,4.79
303,20190120T213209Z,1J.TI4A.,"['CH1', 'CH2', 'CHZ']",2019-01-20T21:32:09.260000Z,9.4
304,20190120T213308Z,1J.TI4A.,"['CH1', 'CH2', 'CHZ']",2019-01-20T21:33:08.100000Z,1.45
305,20190120T213349Z,1J.TI4A.,"['CH1', 'CH2', 'CHZ']",2019-01-20T21:33:49.620000Z,4.76
306,20190120T213406Z,1J.TI4A.,"['CH1', 'CH2', 'CHZ']",2019-01-20T21:34:06.690000Z,2.92
307,20190120T213433Z,1J.TI4A.,"['CH1', 'CH2', 'CHZ']",2019-01-20T21:34:33.960000Z,2.88
308,20190120T213520Z,1J.TI4A.,"['CH1', 'CH2', 'CHZ']",2019-01-20T21:35:38.070000Z,2.49
309,20190120T213644Z,1J.TI4A.,"['CH1', 'CH2', 'CHZ']",2019-01-20T21:36:44.870000Z,1.02
310,20190120T213705Z,1J.TI4A.,"['CH1', 'CH2', 'CHZ']",2019-01-20T21:37:05.830000Z,2.94
311,20190120T213825Z,1J.TI4A.,"['CH1', 'CH2', 'CHZ']",2019-01-20T21:38:25.630000Z,17.82
312,20190120T213956Z,1J.TI4A.,"['CH1', 'CH2', 'CHZ']",2019-01-20T21:39:56.040000Z,1.31
313,20190120T214020Z,1J.TI4A.,"['CH1', 'CH2', 'CHZ']",2019-01-20T21:40:20.490000Z,4.97
314,20190120T214115Z,1J.TI4A.,"['CH1', 'CH2', 'CHZ']",2019-01-20T21:41:15.880000Z,2.72
315,20190120T214124Z,1J.TI4A.,"['CH1', 'CH2', 'CHZ']",2019-01-20T21:41:24.190000Z,13.42
316,20190120T214150Z,1J.TI4A.,"['CH1', 'CH2', 'CHZ']",2019-01-20T21:41:51.080000Z,5.25
317,20190120T214240Z,1J.TI4A.,"['CH1', 'CH2', 'CHZ']",2019-01-20T21:42:40.300000Z,6.02
318,20190120T214339Z,1J.TI4A.,"['CH1', 'CH2', 'CHZ']",2019-01-20T21:43:40.140000Z,3.82
319,20190120T214411Z,1J.TI4A.,"['CH1', 'CH2', 'CHZ']",2019-01-20T21:44:11.570000Z,3.18
320,20190120T214440Z,1J.TI4A.,"['CH1', 'CH2', 'CHZ']",2019-01-20T21:44:40.140000Z,2.35
321,20190120T214537Z,1J.TI4A.,"['CH1', 'CH2', 'CHZ']",2019-01-20T21:45:52.530000Z,6.46
322,20190120T214624Z,1J.TI4A.,"['CH1', 'CH2', 'CHZ']",2019-01-20T21:46:24.550000Z,2.97
323,20190120T214821Z,1J.TI4A.,"['CH1', 'CH2', 'CHZ']",2019-01-20T21:48:21.670000Z,9.18
324,20190120T214851Z,1J.TI4A.,"['CH1', 'CH2', 'CHZ']",2019-01-20T21:48:51.190000Z,9.36
325,20190120T214912Z,1J.TI4A.,"['CH1', 'CH2', 'CHZ']",2019-01-20T21:49:19.350000Z,14.85
326,20190120T215013Z,1J.TI4A.,"['CH1', 'CH2', 'CHZ']",2019-01-20T21:50:30.590000Z,13.23
327,20190120T215205Z,1J.TI4A.,"['CH1', 'CH2', 'CHZ']",2019-01-20T21:52:05.600000Z,6.24
328,20190120T215220Z,1J.TI4A.,"['CH1', 'CH2', 'CHZ']",2019-01-20T21:52:20.610000Z,13.51
329,20190120T215345Z,1J.TI4A.,"['CH1', 'CH2', 'CHZ']",2019-01-20T21:53:45.520000Z,0.9
330,20190120T215445Z,1J.TI4A.,"['CH1', 'CH2', 'CHZ']",2019-01-20T21:54:45.610000Z,3.59
331,20190120T215527Z,1J.TI4A.,"['CH1', 'CH2', 'CHZ']",2019-01-20T21:55:27.540000Z,4.75
332,20190120T215628Z,1J.TI4A.,"['CH1', 'CH2', 'CHZ']",2019-01-20T21:56:28.480000Z,11.37
333,20190120T215757Z,1J.TI4A.,"['CH1', 'CH2', 'CHZ']",2019-01-20T21:57:57.940000Z,6.9
334,20190120T215959Z,1J.TI4A.,"['CH1', 'CH2', 'CHZ']",2019-01-20T21:59:59.640000Z,9.26
335,20190120T220020Z,1J.TI4A.,"['CH1', 'CH2', 'CHZ']",2019-01-20T22:00:20.550000Z,6.97
336,20190120T220052Z,1J.TI4A.,"['CH1', 'CH2', 'CHZ']",2019-01-20T22:00:56.660000Z,3.59
337,20190120T220134Z,1J.TI4A.,"['CH1', 'CH2', 'CHZ']",2019-01-20T22:01:35.260000Z,27.79
338,20190120T220235Z,1J.TI4A.,"['CH1', 'CH2', 'CHZ']",2019-01-20T22:02:35.560000Z,9.21
339,20190120T220403Z,1J.TI4A.,"['CH1', 'CH2', 'CHZ']",2019-01-20T22:04:14.220000Z,1.21
340,20190120T220805Z,1J.TI4A.,"['CH1', 'CH2', 'CHZ']",2019-01-20T22:08:23.690000Z,6.7
341,20190120T220854Z,1J.TI4A.,"['CH1', 'CH2', 'CHZ']",2019-01-20T22:08:54.030000Z,51.41
342,20190120T220954Z,1J.TI4A.,"['CH1', 'CH2', 'CHZ']",2019-01-20T22:09:54.670000Z,6.53
343,20190120T221102Z,1J.TI4A.,"['CH1', 'CH2', 'CHZ']",2019-01-20T22:11:02.900000Z,1.91
344,20190120T221123Z,1J.TI4A.,"['CH1', 'CH2', 'CHZ']",2019-01-20T22:11:23.340000Z,1.86
345,20190120T221229Z,1J.TI4A.,"['CH1', 'CH2', 'CHZ']",2019-01-20T22:12:34.220000Z,6.35
346,20190120T221351Z,1J.TI4A.,"['CH1', 'CH2', 'CHZ']",2019-01-20T22:14:00.620000Z,3.17
347,20190120T221440Z,1J.TI4A.,"['CH1', 'CH2', 'CHZ']",2019-01-20T22:14:40.080000Z,1.59
348,20190120T221451Z,1J.TI4A.,"['CH1', 'CH2', 'CHZ']",2019-01-20T22:14:51.130000Z,2.06
349,20190120T221546Z,1J.TI4A.,"['CH1', 'CH2', 'CHZ']",2019-01-20T22:15:46.380000Z,4.48
350,20190120T221728Z,1J.TI4A.,"['CH1', 'CH2', 'CHZ']",2019-01-20T22:17:28.930000Z,12.05
351,20190120T222102Z,1J.TI4A.,"['CH1', 'CH2', 'CHZ']",2019-01-20T22:21:03.940000Z,1.6
352,20190120T222136Z,1J.TI4A.,"['CH1', 'CH2', 'CHZ']",2019-01-20T22:21:37.310000Z,5.39
353,20190120T222241Z,1J.TI4A.,"['CH1', 'CH2', 'CHZ']",2019-01-20T22:22:41.680000Z,1.24
354,20190120T222315Z,1J.TI4A.,"['CH1', 'CH2', 'CHZ']",2019-01-20T22:23:15.170000Z,0.96
355,20190120T222450Z,1J.TI4A.,"['CH1', 'CH2', 'CHZ']",2019-01-20T22:24:50.090000Z,14.03
356,20190120T222617Z,1J.TI4A.,"['CH1', 'CH2', 'CHZ']",2019-01-20T22:26:20.420000Z,3.91
357,20190120T222703Z,1J.TI4A.,"['CH1', 'CH2', 'CHZ']",2019-01-20T22:27:03.120000Z,16.58
358,20190120T222759Z,1J.TI4A.,"['CH1', 'CH2', 'CHZ']",2019-01-20T22:28:02.320000Z,15.86
359,20190120T222907Z,1J.TI4A.,"['CH1', 'CH2', 'CHZ']",2019-01-20T22:29:12.510000Z,8.89
360,20190120T223004Z,1J.TI4A.,"['CH1', 'CH2', 'CHZ']",2019-01-20T22:30:04.470000Z,5.54
361,20190120T223047Z,1J.TI4A.,"['CH1', 'CH2', 'CHZ']",2019-01-20T22:30:47.340000Z,7.33
362,20190120T223124Z,1J.TI4A.,"['CH1', 'CH2', 'CHZ']",2019-01-20T22:31:26.910000Z,2.3
363,20190120T223155Z,1J.TI4A.,"['CH1', 'CH2', 'CHZ']",2019-01-20T22:31:55.170000Z,1.28
364,20190120T223331Z,1J.TI4A.,"['CH1', 'CH2', 'CHZ']",2019-01-20T22:33:31.690000Z,2.67
365,20190120T223509Z,1J.TI4A.,"['CH1', 'CH2', 'CHZ']",2019-01-20T22:35:10.030000Z,3.1
366,20190120T223633Z,1J.TI4A.,"['CH1', 'CH2', 'CHZ']",2019-01-20T22:36:33.890000Z,2.44
367,20190120T224037Z,1J.TI4A.,"['CH1', 'CH2', 'CHZ']",2019-01-20T22:40:37.540000Z,7.34
368,20190120T224054Z,1J.TI4A.,"['CH1', 'CH2', 'CHZ']",2019-01-20T22:40:55.270000Z,8.23
369,20190120T224138Z,1J.TI4A.,"['CH1', 'CH2', 'CHZ']",2019-01-20T22:41:41.950000Z,11.18
370,20190120T224314Z,1J.TI4A.,"['CH1', 'CH2', 'CHZ']",2019-01-20T22:43:14.620000Z,4.55
371,20190120T224324Z,1J.TI4A.,"['CH1', 'CH2', 'CHZ']",2019-01-20T22:43:24.960000Z,7.26
372,20190120T224350Z,1J.TI4A.,"['CH1', 'CH2', 'CHZ']",2019-01-20T22:43:50.230000Z,1.61
373,20190120T224517Z,1J.TI4A.,"['CH1', 'CH2', 'CHZ']",2019-01-20T22:45:18.330000Z,9.61
374,20190120T224556Z,1J.TI4A.,"['CH1', 'CH2', 'CHZ']",2019-01-20T22:45:56.340000Z,6.63
375,20190120T224611Z,1J.TI4A.,"['CH1', 'CH2', 'CHZ']",2019-01-20T22:46:11.900000Z,1.82
376,20190120T224632Z,1J.TI4A.,"['CH1', 'CH2', 'CHZ']",2019-01-20T22:46:36.420000Z,40.2
377,20190120T225000Z,1J.TI4A.,"['CH1', 'CH2', 'CHZ']",2019-01-20T22:50:00.410000Z,1.28
378,20190120T225156Z,1J.TI4A.,"['CH1', 'CH2', 'CHZ']",2019-01-20T22:52:00.600000Z,5.64
379,20190120T225234Z,1J.TI4A.,"['CH1', 'CH2', 'CHZ']",2019-01-20T22:52:34.030000Z,13.25
380,20190120T225303Z,1J.TI4A.,"['CH1', 'CH2', 'CHZ']",2019-01-20T22:53:03.720000Z,1.58
381,20190120T225440Z,1J.TI4A.,"['CH1', 'CH2', 'CHZ']",2019-01-20T22:54:40.580000Z,17.63
382,20190120T225545Z,1J.TI4A.,"['CH1', 'CH2', 'CHZ']",2019-01-20T22:55:48.720000Z,2.47
383,20190120T225623Z,1J.TI4A.,"['CH1', 'CH2', 'CHZ']",2019-01-20T22:56:23.350000Z,3.73
384,20190120T225744Z,1J.TI4A.,"['CH1', 'CH2', 'CHZ']",2019-01-20T22:57:59.560000Z,3.45
385,20190120T225827Z,1J.TI4A.,"['CH1', 'CH2', 'CHZ']",2019-01-20T22:58:30.110000Z,1.59
386,20190120T225903Z,1J.TI4A.,"['CH1', 'CH2', 'CHZ']",2019-01-20T22:59:03.800000Z,5.75
387,20190120T225942Z,1J.TI4A.,"['CH1', 'CH2', 'CHZ']",2019-01-20T22:59:48.890000Z,44.69
388,20190120T230106Z,1J.TI4A.,"['CH1', 'CH2', 'CHZ']",2019-01-20T23:01:06.380000Z,1.79
389,20190120T230359Z,1J.TI4A.,"['CH1', 'CH2', 'CHZ']",2019-01-20T23:04:04.890000Z,1.49
390,20190120T230813Z,1J.TI4A.,"['CH1', 'CH2', 'CHZ']",2019-01-20T23:08:15.210000Z,11.01
391,20190120T231203Z,1J.TI4A.,"['CH1', 'CH2', 'CHZ']",2019-01-20T23:12:03.890000Z,40.59
392,20190120T231710Z,1J.TI4A.,"['CH1', 'CH2', 'CHZ']",2019-01-20T23:17:10.510000Z,10.15
393,20190120T232445Z,1J.TI4A.,"['CH1', 'CH2', 'CHZ']",2019-01-20T23:24:47.940000Z,1.67
394,20190120T232913Z,1J.TI4A.,"['CH1', 'CH2', 'CHZ']",2019-01-20T23:29:13.320000Z,16.76
395,20190120T233013Z,1J.TI4A.,"['CH1', 'CH2', 'CHZ']",2019-01-20T23:30:13.460000Z,13.4
396,20190120T233342Z,1J.TI4A.,"['CH1', 'CH2', 'CHZ']",2019-01-20T23:33:43.250000Z,1.19
397,20190120T233533Z,1J.TI4A.,"['CH1', 'CH2', 'CHZ']",2019-01-20T23:35:34.000000Z,43.68
398,20190120T233633Z,1J.TI4A.,"['CH1', 'CH2', 'CHZ']",2019-01-20T23:36:34.740000Z,13.08
399,20190120T233939Z,1J.TI4A.,"['CH1', 'CH2', 'CHZ']",2019-01-20T23:39:41.280000Z,27.77
400,20190120T234151Z,1J.TI4A.,"['CH1', 'CH2', 'CHZ']",2019-01-20T23:41:56.800000Z,3.94
401,20190120T234658Z,1J.TI4A.,"['CH1', 'CH2', 'CHZ']",2019-01-20T23:46:58.750000Z,11.59
402,20190120T235751Z,1J.TI4A.,"['CH1', 'CH2', 'CHZ']",2019-01-20T23:57:51.620000Z,4.7
403,20190120T001041Z,1J.TI3A.,"['CH1', 'CH2', 'CHZ']",2019-01-20T00:11:07.170000Z,17.52
404,20190120T001257Z,1J.TI3A.,"['CH1', 'CH2', 'CHZ']",2019-01-20T00:12:58.870000Z,2.63
405,20190120T001646Z,1J.TI3A.,"['CH1', 'CH2', 'CHZ']",2019-01-20T00:16:46.850000Z,12.24
406,20190120T001956Z,1J.TI3A.,"['CH1', 'CH2', 'CHZ']",2019-01-20T00:19:56.040000Z,7.83
407,20190120T002652Z,1J.TI3A.,"['CH1', 'CH2', 'CHZ']",2019-01-20T00:26:52.210000Z,48.65
408,20190120T003124Z,1J.TI3A.,"['CH1', 'CH2', 'CHZ']",2019-01-20T00:31:24.940000Z,1.52
409,20190120T003315Z,1J.TI3A.,"['CH1', 'CH2', 'CHZ']",2019-01-20T00:33:15.910000Z,4.76
410,20190120T003829Z,1J.TI3A.,"['CH1', 'CH2', 'CHZ']",2019-01-20T00:38:29.200000Z,14.96
411,20190120T004102Z,1J.TI3A.,"['CH1', 'CH2', 'CHZ']",2019-01-20T00:41:02.820000Z,6.1
412,20190120T004631Z,1J.TI3A.,"['CH1', 'CH2', 'CHZ']",2019-01-20T00:46:34.950000Z,11.71
413,20190120T010216Z,1J.TI3A.,"['CH1', 'CH2', 'CHZ']",2019-01-20T01:02:16.830000Z,17.74
414,20190120T010944Z,1J.TI3A.,"['CH1', 'CH2', 'CHZ']",2019-01-20T01:09:44.400000Z,1.37
415,20190120T011037Z,1J.TI3A.,"['CH1', 'CH2', 'CHZ']",2019-01-20T01:10:37.240000Z,6.89
416,20190120T011720Z,1J.TI3A.,"['CH1', 'CH2', 'CHZ']",2019-01-20T01:17:20.130000Z,22.66
417,20190120T013012Z,1J.TI3A.,"['CH1', 'CH2', 'CHZ']",2019-01-20T01:30:12.030000Z,10.29
418,20190120T013050Z,1J.TI3A.,"['CH1', 'CH2', 'CHZ']",2019-01-20T01:30:54.220000Z,11.51
419,20190120T015011Z,1J.TI3A.,"['CH1', 'CH2', 'CHZ']",2019-01-20T01:50:11.430000Z,5.98
420,20190120T015031Z,1J.TI3A.,"['CH1', 'CH2', 'CHZ']",2019-01-20T01:50:32.080000Z,14.22
421,20190120T015357Z,1J.TI3A.,"['CH1', 'CH2', 'CHZ']",2019-01-20T01:53:57.220000Z,9.88
422,20190120T015432Z,1J.TI3A.,"['CH1', 'CH2', 'CHZ']",2019-01-20T01:54:32.780000Z,1.51
423,20190120T015849Z,1J.TI3A.,"['CH1', 'CH2', 'CHZ']",2019-01-20T01:58:49.860000Z,10.79
424,20190120T020124Z,1J.TI3A.,"['CH1', 'CH2', 'CHZ']",2019-01-20T02:01:24.340000Z,11.29
425,20190120T021044Z,1J.TI3A.,"['CH1', 'CH2', 'CHZ']",2019-01-20T02:10:44.970000Z,2.03
426,20190120T021203Z,1J.TI3A.,"['CH1', 'CH2', 'CHZ']",2019-01-20T02:12:03.380000Z,32.29
427,20190120T021334Z,1J.TI3A.,"['CH1', 'CH2', 'CHZ']",2019-01-20T02:13:34.610000Z,1.0
428,20190120T021537Z,1J.TI3A.,"['CH1', 'CH2', 'CHZ']",2019-01-20T02:15:37.410000Z,11.93
429,20190120T021604Z,1J.TI3A.,"['CH1', 'CH2', 'CHZ']",2019-01-20T02:16:04.880000Z,20.25
430,20190120T021727Z,1J.TI3A.,"['CH1', 'CH2', 'CHZ']",2019-01-20T02:17:27.040000Z,6.83
431,20190120T022126Z,1J.TI3A.,"['CH1', 'CH2', 'CHZ']",2019-01-20T02:21:26.010000Z,1.25
432,20190120T022211Z,1J.TI3A.,"['CH1', 'CH2', 'CHZ']",2019-01-20T02:22:17.640000Z,46.8
433,20190120T022317Z,1J.TI3A.,"['CH1', 'CH2', 'CHZ']",2019-01-20T02:23:17.360000Z,9.02
434,20190120T022450Z,1J.TI3A.,"['CH1', 'CH2', 'CHZ']",2019-01-20T02:24:50.660000Z,4.59
435,20190120T022614Z,1J.TI3A.,"['CH1', 'CH2', 'CHZ']",2019-01-20T02:26:14.570000Z,4.19
436,20190120T022853Z,1J.TI3A.,"['CH1', 'CH2', 'CHZ']",2019-01-20T02:28:53.810000Z,1.23
437,20190120T023107Z,1J.TI3A.,"['CH1', 'CH2', 'CHZ']",2019-01-20T02:31:07.740000Z,1.07
438,20190120T023514Z,1J.TI3A.,"['CH1', 'CH2', 'CHZ']",2019-01-20T02:35:14.990000Z,25.22
439,20190120T023741Z,1J.TI3A.,"['CH1', 'CH2', 'CHZ']",2019-01-20T02:37:41.390000Z,1.37
440,20190120T024005Z,1J.TI3A.,"['CH1', 'CH2', 'CHZ']",2019-01-20T02:40:05.480000Z,0.64
441,20190120T024150Z,1J.TI3A.,"['CH1', 'CH2', 'CHZ']",2019-01-20T02:41:50.600000Z,1.07
442,20190120T024240Z,1J.TI3A.,"['CH1', 'CH2', 'CHZ']",2019-01-20T02:42:40.660000Z,1.52
443,20190120T024415Z,1J.TI3A.,"['CH1', 'CH2', 'CHZ']",2019-01-20T02:44:15.010000Z,1.52
444,20190120T024527Z,1J.TI3A.,"['CH1', 'CH2', 'CHZ']",2019-01-20T02:45:27.970000Z,0.86
445,20190120T025459Z,1J.TI3A.,"['CH1', 'CH2', 'CHZ']",2019-01-20T02:54:59.900000Z,6.86
446,20190120T025757Z,1J.TI3A.,"['CH1', 'CH2', 'CHZ']",2019-01-20T02:57:57.490000Z,9.87
447,20190120T025823Z,1J.TI3A.,"['CH1', 'CH2', 'CHZ']",2019-01-20T02:58:23.790000Z,21.46
448,20190120T030243Z,1J.TI3A.,"['CH1', 'CH2', 'CHZ']",2019-01-20T03:02:43.010000Z,2.75
449,20190120T030255Z,1J.TI3A.,"['CH1', 'CH2', 'CHZ']",2019-01-20T03:02:55.140000Z,18.83
450,20190120T030609Z,1J.TI3A.,"['CH1', 'CH2', 'CHZ']",2019-01-20T03:06:09.400000Z,2.56
451,20190120T030635Z,1J.TI3A.,"['CH1', 'CH2', 'CHZ']",2019-01-20T03:06:35.180000Z,7.36
452,20190120T030923Z,1J.TI3A.,"['CH1', 'CH2', 'CHZ']",2019-01-20T03:09:30.770000Z,4.32
453,20190120T031011Z,1J.TI3A.,"['CH1', 'CH2', 'CHZ']",2019-01-20T03:10:11.320000Z,19.04
454,20190120T032352Z,1J.TI3A.,"['CH1', 'CH2', 'CHZ']",2019-01-20T03:23:52.090000Z,20.45
455,20190120T032848Z,1J.TI3A.,"['CH1', 'CH2', 'CHZ']",2019-01-20T03:28:48.800000Z,14.75
456,20190120T033404Z,1J.TI3A.,"['CH1', 'CH2', 'CHZ']",2019-01-20T03:34:04.460000Z,7.5
457,20190120T034008Z,1J.TI3A.,"['CH1', 'CH2', 'CHZ']",2019-01-20T03:40:08.820000Z,20.52
458,20190120T035250Z,1J.TI3A.,"['CH1', 'CH2', 'CHZ']",2019-01-20T03:52:50.860000Z,11.41
459,20190120T035426Z,1J.TI3A.,"['CH1', 'CH2', 'CHZ']",2019-01-20T03:54:26.770000Z,18.57
460,20190120T035829Z,1J.TI3A.,"['CH1', 'CH2', 'CHZ']",2019-01-20T03:58:29.990000Z,3.8
461,20190120T035937Z,1J.TI3A.,"['CH1', 'CH2', 'CHZ']",2019-01-20T03:59:37.130000Z,17.48
462,20190120T040024Z,1J.TI3A.,"['CH1', 'CH2', 'CHZ']",2019-01-20T04:00:24.880000Z,16.83
463,20190120T040421Z,1J.TI3A.,"['CH1', 'CH2', 'CHZ']",2019-01-20T04:04:21.360000Z,1.71
464,20190120T040704Z,1J.TI3A.,"['CH1', 'CH2', 'CHZ']",2019-01-20T04:07:04.850000Z,2.14
465,20190120T040853Z,1J.TI3A.,"['CH1', 'CH2', 'CHZ']",2019-01-20T04:09:10.810000Z,10.82
466,20190120T041057Z,1J.TI3A.,"['CH1', 'CH2', 'CHZ']",2019-01-20T04:10:57.790000Z,16.39
467,20190120T041430Z,1J.TI3A.,"['CH1', 'CH2', 'CHZ']",2019-01-20T04:14:30.980000Z,18.87
468,20190120T041531Z,1J.TI3A.,"['CH1', 'CH2', 'CHZ']",2019-01-20T04:15:31.490000Z,1.91
469,20190120T041555Z,1J.TI3A.,"['CH1', 'CH2', 'CHZ']",2019-01-20T04:15:55.800000Z,3.12
470,20190120T041723Z,1J.TI3A.,"['CH1', 'CH2', 'CHZ']",2019-01-20T04:17:23.130000Z,1.48
471,20190120T042042Z,1J.TI3A.,"['CH1', 'CH2', 'CHZ']",2019-01-20T04:20:42.220000Z,9.58
472,20190120T042106Z,1J.TI3A.,"['CH1', 'CH2', 'CHZ']",2019-01-20T04:21:06.670000Z,12.37
473,20190120T042525Z,1J.TI3A.,"['CH1', 'CH2', 'CHZ']",2019-01-20T04:25:25.810000Z,0.67
474,20190120T042658Z,1J.TI3A.,"['CH1', 'CH2', 'CHZ']",2019-01-20T04:26:58.630000Z,18.66
475,20190120T042932Z,1J.TI3A.,"['CH1', 'CH2', 'CHZ']",2019-01-20T04:29:32.720000Z,11.7
476,20190120T043011Z,1J.TI3A.,"['CH1', 'CH2', 'CHZ']",2019-01-20T04:30:11.460000Z,2.26
477,20190120T043320Z,1J.TI3A.,"['CH1', 'CH2', 'CHZ']",2019-01-20T04:33:20.870000Z,50.3
478,20190120T043646Z,1J.TI3A.,"['CH1', 'CH2', 'CHZ']",2019-01-20T04:36:46.990000Z,8.14
479,20190120T043902Z,1J.TI3A.,"['CH1', 'CH2', 'CHZ']",2019-01-20T04:39:02.100000Z,6.93
480,20190120T044007Z,1J.TI3A.,"['CH1', 'CH2', 'CHZ']",2019-01-20T04:40:07.800000Z,4.07
481,20190120T044633Z,1J.TI3A.,"['CH1', 'CH2', 'CHZ']",2019-01-20T04:46:33.810000Z,5.17
482,20190120T044658Z,1J.TI3A.,"['CH1', 'CH2', 'CHZ']",2019-01-20T04:46:58.760000Z,11.19
483,20190120T044922Z,1J.TI3A.,"['CH1', 'CH2', 'CHZ']",2019-01-20T04:49:22.350000Z,1.2
484,20190120T045053Z,1J.TI3A.,"['CH1', 'CH2', 'CHZ']",2019-01-20T04:50:53.180000Z,1.06
485,20190120T045226Z,1J.TI3A.,"['CH1', 'CH2', 'CHZ']",2019-01-20T04:52:27.810000Z,50.45
486,20190120T045553Z,1J.TI3A.,"['CH1', 'CH2', 'CHZ']",2019-01-20T04:55:53.190000Z,11.15
487,20190120T050113Z,1J.TI3A.,"['CH1', 'CH2', 'CHZ']",2019-01-20T05:01:13.610000Z,1.07
488,20190120T050502Z,1J.TI3A.,"['CH1', 'CH2', 'CHZ']",2019-01-20T05:05:13.960000Z,18.03
489,20190120T050604Z,1J.TI3A.,"['CH1', 'CH2', 'CHZ']",2019-01-20T05:06:04.660000Z,2.83
490,20190120T050837Z,1J.TI3A.,"['CH1', 'CH2', 'CHZ']",2019-01-20T05:08:37.910000Z,50.31
491,20190120T051013Z,1J.TI3A.,"['CH1', 'CH2', 'CHZ']",2019-01-20T05:10:13.100000Z,7.84
492,20190120T051256Z,1J.TI3A.,"['CH1', 'CH2', 'CHZ']",2019-01-20T05:12:56.060000Z,2.21
493,20190120T051525Z,1J.TI3A.,"['CH1', 'CH2', 'CHZ']",2019-01-20T05:15:25.700000Z,10.38
494,20190120T051549Z,1J.TI3A.,"['CH1', 'CH2', 'CHZ']",2019-01-20T05:15:49.700000Z,9.79
495,20190120T051814Z,1J.TI3A.,"['CH1', 'CH2', 'CHZ']",2019-01-20T05:18:14.600000Z,1.36
496,20190120T051927Z,1J.TI3A.,"['CH1', 'CH2', 'CHZ']",2019-01-20T05:19:53.760000Z,61.25
497,20190120T052220Z,1J.TI3A.,"['CH1', 'CH2', 'CHZ']",2019-01-20T05:22:20.180000Z,1.16
498,20190120T052229Z,1J.TI3A.,"['CH1', 'CH2', 'CHZ']",2019-01-20T05:22:29.950000Z,3.27
499,20190120T052307Z,1J.TI3A.,"['CH1', 'CH2', 'CHZ']",2019-01-20T05:23:07.320000Z,17.41
500,20190120T052427Z,1J.TI3A.,"['CH1', 'CH2', 'CHZ']",2019-01-20T05:24:29.380000Z,3.9
501,20190120T052512Z,1J.TI3A.,"['CH1', 'CH2', 'CHZ']",2019-01-20T05:25:12.320000Z,4.34
502,20190120T052709Z,1J.TI3A.,"['CH1', 'CH2', 'CHZ']",2019-01-20T05:27:09.030000Z,0.99
503,20190120T052730Z,1J.TI3A.,"['CH1', 'CH2', 'CHZ']",2019-01-20T05:27:32.360000Z,7.45
504,20190120T052844Z,1J.TI3A.,"['CH1', 'CH2', 'CHZ']",2019-01-20T05:28:44.290000Z,14.39
505,20190120T053031Z,1J.TI3A.,"['CH1', 'CH2', 'CHZ']",2019-01-20T05:30:31.880000Z,1.31
506,20190120T053220Z,1J.TI3A.,"['CH1', 'CH2', 'CHZ']",2019-01-20T05:32:20.400000Z,35.83
507,20190120T053418Z,1J.TI3A.,"['CH1', 'CH2', 'CHZ']",2019-01-20T05:34:18.660000Z,12.85
508,20190120T053504Z,1J.TI3A.,"['CH1', 'CH2', 'CHZ']",2019-01-20T05:35:04.650000Z,1.27
509,20190120T053614Z,1J.TI3A.,"['CH1', 'CH2', 'CHZ']",2019-01-20T05:36:14.860000Z,23.09
510,20190120T054009Z,1J.TI3A.,"['CH1', 'CH2', 'CHZ']",2019-01-20T05:40:09.000000Z,0.87
511,20190120T054157Z,1J.TI3A.,"['CH1', 'CH2', 'CHZ']",2019-01-20T05:42:20.950000Z,26.01
512,20190120T054528Z,1J.TI3A.,"['CH1', 'CH2', 'CHZ']",2019-01-20T05:45:33.150000Z,1.15
513,20190120T054942Z,1J.TI3A.,"['CH1', 'CH2', 'CHZ']",2019-01-20T05:49:42.570000Z,1.01
514,20190120T055002Z,1J.TI3A.,"['CH1', 'CH2', 'CHZ']",2019-01-20T05:50:02.710000Z,2.42
515,20190120T055037Z,1J.TI3A.,"['CH1', 'CH2', 'CHZ']",2019-01-20T05:50:37.600000Z,1.6
516,20190120T055219Z,1J.TI3A.,"['CH1', 'CH2', 'CHZ']",2019-01-20T05:52:25.260000Z,1.57
517,20190120T055311Z,1J.TI3A.,"['CH1', 'CH2', 'CHZ']",2019-01-20T05:53:11.060000Z,7.16
518,20190120T055400Z,1J.TI3A.,"['CH1', 'CH2', 'CHZ']",2019-01-20T05:54:00.170000Z,15.85
519,20190120T055608Z,1J.TI3A.,"['CH1', 'CH2', 'CHZ']",2019-01-20T05:56:08.560000Z,1.89
520,20190120T060327Z,1J.TI3A.,"['CH1', 'CH2', 'CHZ']",2019-01-20T06:03:27.910000Z,14.84
521,20190120T060538Z,1J.TI3A.,"['CH1', 'CH2', 'CHZ']",2019-01-20T06:05:38.330000Z,1.34
522,20190120T060617Z,1J.TI3A.,"['CH1', 'CH2', 'CHZ']",2019-01-20T06:06:23.670000Z,4.96
523,20190120T060833Z,1J.TI3A.,"['CH1', 'CH2', 'CHZ']",2019-01-20T06:08:33.420000Z,1.13
524,20190120T061317Z,1J.TI3A.,"['CH1', 'CH2', 'CHZ']",2019-01-20T06:13:17.630000Z,2.48
525,20190120T061452Z,1J.TI3A.,"['CH1', 'CH2', 'CHZ']",2019-01-20T06:14:52.610000Z,19.62
526,20190120T061519Z,1J.TI3A.,"['CH1', 'CH2', 'CHZ']",2019-01-20T06:15:19.000000Z,15.59
527,20190120T061741Z,1J.TI3A.,"['CH1', 'CH2', 'CHZ']",2019-01-20T06:17:41.840000Z,0.67
528,20190120T061940Z,1J.TI3A.,"['CH1', 'CH2', 'CHZ']",2019-01-20T06:19:40.240000Z,0.67
529,20190120T062035Z,1J.TI3A.,"['CH1', 'CH2', 'CHZ']",2019-01-20T06:20:35.860000Z,44.25
530,20190120T062338Z,1J.TI3A.,"['CH1', 'CH2', 'CHZ']",2019-01-20T06:23:38.890000Z,7.17
531,20190120T062404Z,1J.TI3A.,"['CH1', 'CH2', 'CHZ']",2019-01-20T06:24:06.480000Z,4.73
532,20190120T062652Z,1J.TI3A.,"['CH1', 'CH2', 'CHZ']",2019-01-20T06:26:52.830000Z,3.61
533,20190120T062737Z,1J.TI3A.,"['CH1', 'CH2', 'CHZ']",2019-01-20T06:27:39.090000Z,8.07
534,20190120T062949Z,1J.TI3A.,"['CH1', 'CH2', 'CHZ']",2019-01-20T06:29:49.510000Z,0.65
535,20190120T063218Z,1J.TI3A.,"['CH1', 'CH2', 'CHZ']",2019-01-20T06:32:18.300000Z,0.84
536,20190120T063303Z,1J.TI3A.,"['CH1', 'CH2', 'CHZ']",2019-01-20T06:33:10.860000Z,19.78
537,20190120T063536Z,1J.TI3A.,"['CH1', 'CH2', 'CHZ']",2019-01-20T06:35:36.020000Z,2.35
538,20190120T063803Z,1J.TI3A.,"['CH1', 'CH2', 'CHZ']",2019-01-20T06:38:03.670000Z,9.08
539,20190120T063832Z,1J.TI3A.,"['CH1', 'CH2', 'CHZ']",2019-01-20T06:38:32.560000Z,20.17
540,20190120T064051Z,1J.TI3A.,"['CH1', 'CH2', 'CHZ']",2019-01-20T06:40:51.800000Z,7.44
541,20190120T064118Z,1J.TI3A.,"['CH1', 'CH2', 'CHZ']",2019-01-20T06:41:18.950000Z,18.04
542,20190120T064329Z,1J.TI3A.,"['CH1', 'CH2', 'CHZ']",2019-01-20T06:43:29.330000Z,0.98
543,20190120T064654Z,1J.TI3A.,"['CH1', 'CH2', 'CHZ']",2019-01-20T06:46:54.040000Z,1.55
544,20190120T064940Z,1J.TI3A.,"['CH1', 'CH2', 'CHZ']",2019-01-20T06:49:40.280000Z,1.8
545,20190120T065145Z,1J.TI3A.,"['CH1', 'CH2', 'CHZ']",2019-01-20T06:51:45.520000Z,1.42
546,20190120T065221Z,1J.TI3A.,"['CH1', 'CH2', 'CHZ']",2019-01-20T06:52:21.490000Z,27.18
547,20190120T065522Z,1J.TI3A.,"['CH1', 'CH2', 'CHZ']",2019-01-20T06:55:23.520000Z,9.72
548,20190120T065546Z,1J.TI3A.,"['CH1', 'CH2', 'CHZ']",2019-01-20T06:55:48.120000Z,5.03
549,20190120T065640Z,1J.TI3A.,"['CH1', 'CH2', 'CHZ']",2019-01-20T06:56:40.620000Z,19.18
550,20190120T065823Z,1J.TI3A.,"['CH1', 'CH2', 'CHZ']",2019-01-20T06:58:23.690000Z,0.98
551,20190120T070100Z,1J.TI3A.,"['CH1', 'CH2', 'CHZ']",2019-01-20T07:01:00.850000Z,1.25
552,20190120T070336Z,1J.TI3A.,"['CH1', 'CH2', 'CHZ']",2019-01-20T07:03:36.080000Z,16.24
553,20190120T070422Z,1J.TI3A.,"['CH1', 'CH2', 'CHZ']",2019-01-20T07:04:22.160000Z,68.65
554,20190120T070709Z,1J.TI3A.,"['CH1', 'CH2', 'CHZ']",2019-01-20T07:07:09.320000Z,6.3
555,20190120T070952Z,1J.TI3A.,"['CH1', 'CH2', 'CHZ']",2019-01-20T07:09:52.370000Z,0.87
556,20190120T071426Z,1J.TI3A.,"['CH1', 'CH2', 'CHZ']",2019-01-20T07:14:26.490000Z,5.92
557,20190120T071754Z,1J.TI3A.,"['CH1', 'CH2', 'CHZ']",2019-01-20T07:17:55.120000Z,12.99
558,20190120T072002Z,1J.TI3A.,"['CH1', 'CH2', 'CHZ']",2019-01-20T07:20:02.770000Z,12.01
559,20190120T072119Z,1J.TI3A.,"['CH1', 'CH2', 'CHZ']",2019-01-20T07:21:19.190000Z,1.18
560,20190120T072313Z,1J.TI3A.,"['CH1', 'CH2', 'CHZ']",2019-01-20T07:23:13.720000Z,19.63
561,20190120T072645Z,1J.TI3A.,"['CH1', 'CH2', 'CHZ']",2019-01-20T07:26:45.610000Z,0.54
562,20190120T072745Z,1J.TI3A.,"['CH1', 'CH2', 'CHZ']",2019-01-20T07:27:45.940000Z,13.99
563,20190120T072904Z,1J.TI3A.,"['CH1', 'CH2', 'CHZ']",2019-01-20T07:29:04.310000Z,10.83
564,20190120T072922Z,1J.TI3A.,"['CH1', 'CH2', 'CHZ']",2019-01-20T07:29:22.950000Z,1.61
565,20190120T073139Z,1J.TI3A.,"['CH1', 'CH2', 'CHZ']",2019-01-20T07:31:39.040000Z,1.14
566,20190120T073153Z,1J.TI3A.,"['CH1', 'CH2', 'CHZ']",2019-01-20T07:31:53.450000Z,0.93
567,20190120T073224Z,1J.TI3A.,"['CH1', 'CH2', 'CHZ']",2019-01-20T07:32:24.700000Z,8.59
568,20190120T074005Z,1J.TI3A.,"['CH1', 'CH2', 'CHZ']",2019-01-20T07:40:05.860000Z,5.06
569,20190120T074113Z,1J.TI3A.,"['CH1', 'CH2', 'CHZ']",2019-01-20T07:41:14.930000Z,8.9
570,20190120T074237Z,1J.TI3A.,"['CH1', 'CH2', 'CHZ']",2019-01-20T07:42:37.180000Z,5.87
571,20190120T074416Z,1J.TI3A.,"['CH1', 'CH2', 'CHZ']",2019-01-20T07:44:16.040000Z,18.12
572,20190120T075854Z,1J.TI3A.,"['CH1', 'CH2', 'CHZ']",2019-01-20T07:59:19.450000Z,18.76
573,20190120T080059Z,1J.TI3A.,"['CH1', 'CH2', 'CHZ']",2019-01-20T08:01:14.400000Z,6.74
574,20190120T080420Z,1J.TI3A.,"['CH1', 'CH2', 'CHZ']",2019-01-20T08:04:20.780000Z,14.78
575,20190120T081412Z,1J.TI3A.,"['CH1', 'CH2', 'CHZ']",2019-01-20T08:14:12.400000Z,6.0
576,20190120T081523Z,1J.TI3A.,"['CH1', 'CH2', 'CHZ']",2019-01-20T08:15:23.170000Z,11.92
577,20190120T081621Z,1J.TI3A.,"['CH1', 'CH2', 'CHZ']",2019-01-20T08:16:21.590000Z,0.81
578,20190120T081841Z,1J.TI3A.,"['CH1', 'CH2', 'CHZ']",2019-01-20T08:18:41.000000Z,1.18
579,20190120T082056Z,1J.TI3A.,"['CH1', 'CH2', 'CHZ']",2019-01-20T08:21:08.800000Z,18.05
580,20190120T082238Z,1J.TI3A.,"['CH1', 'CH2', 'CHZ']",2019-01-20T08:22:38.920000Z,1.34
581,20190120T082319Z,1J.TI3A.,"['CH1', 'CH2', 'CHZ']",2019-01-20T08:23:27.500000Z,11.86
582,20190120T082458Z,1J.TI3A.,"['CH1', 'CH2', 'CHZ']",2019-01-20T08:24:58.440000Z,0.79
583,20190120T083037Z,1J.TI3A.,"['CH1', 'CH2', 'CHZ']",2019-01-20T08:30:37.440000Z,8.12
584,20190120T083117Z,1J.TI3A.,"['CH1', 'CH2', 'CHZ']",2019-01-20T08:31:17.710000Z,0.68
585,20190120T083324Z,1J.TI3A.,"['CH1', 'CH2', 'CHZ']",2019-01-20T08:33:24.150000Z,2.12
586,20190120T083536Z,1J.TI3A.,"['CH1', 'CH2', 'CHZ']",2019-01-20T08:35:36.320000Z,0.68
587,20190120T083703Z,1J.TI3A.,"['CH1', 'CH2', 'CHZ']",2019-01-20T08:37:03.040000Z,4.49
588,20190120T083759Z,1J.TI3A.,"['CH1', 'CH2', 'CHZ']",2019-01-20T08:37:59.790000Z,49.04
589,20190120T083906Z,1J.TI3A.,"['CH1', 'CH2', 'CHZ']",2019-01-20T08:39:06.600000Z,1.57
590,20190120T084128Z,1J.TI3A.,"['CH1', 'CH2', 'CHZ']",2019-01-20T08:41:28.190000Z,0.86
591,20190120T084148Z,1J.TI3A.,"['CH1', 'CH2', 'CHZ']",2019-01-20T08:41:49.140000Z,22.17
592,20190120T084407Z,1J.TI3A.,"['CH1', 'CH2', 'CHZ']",2019-01-20T08:44:07.260000Z,1.48
593,20190120T084536Z,1J.TI3A.,"['CH1', 'CH2', 'CHZ']",2019-01-20T08:45:38.030000Z,5.05
594,20190120T084719Z,1J.TI3A.,"['CH1', 'CH2', 'CHZ']",2019-01-20T08:47:19.810000Z,1.93
595,20190120T084828Z,1J.TI3A.,"['CH1', 'CH2', 'CHZ']",2019-01-20T08:48:28.610000Z,11.37
596,20190120T085025Z,1J.TI3A.,"['CH1', 'CH2', 'CHZ']",2019-01-20T08:50:26.240000Z,3.22
597,20190120T085042Z,1J.TI3A.,"['CH1', 'CH2', 'CHZ']",2019-01-20T08:50:42.670000Z,34.76
598,20190120T085256Z,1J.TI3A.,"['CH1', 'CH2', 'CHZ']",2019-01-20T08:52:56.620000Z,1.28
599,20190120T085458Z,1J.TI3A.,"['CH1', 'CH2', 'CHZ']",2019-01-20T08:54:58.640000Z,11.3
600,20190120T085627Z,1J.TI3A.,"['CH1', 'CH2', 'CHZ']",2019-01-20T08:56:27.160000Z,1.81
601,20190120T085941Z,1J.TI3A.,"['CH1', 'CH2', 'CHZ']",2019-01-20T08:59:41.250000Z,2.65
602,20190120T090307Z,1J.TI3A.,"['CH1', 'CH2', 'CHZ']",2019-01-20T09:03:07.050000Z,13.51
603,20190120T090355Z,1J.TI3A.,"['CH1', 'CH2', 'CHZ']",2019-01-20T09:03:55.700000Z,1.38
604,20190120T090602Z,1J.TI3A.,"['CH1', 'CH2', 'CHZ']",2019-01-20T09:06:02.930000Z,2.32
605,20190120T090848Z,1J.TI3A.,"['CH1', 'CH2', 'CHZ']",2019-01-20T09:08:48.430000Z,3.08
606,20190120T090905Z,1J.TI3A.,"['CH1', 'CH2', 'CHZ']",2019-01-20T09:09:05.880000Z,20.19
607,20190120T091055Z,1J.TI3A.,"['CH1', 'CH2', 'CHZ']",2019-01-20T09:10:55.460000Z,21.66
608,20190120T091317Z,1J.TI3A.,"['CH1', 'CH2', 'CHZ']",2019-01-20T09:13:17.070000Z,12.94
609,20190120T091441Z,1J.TI3A.,"['CH1', 'CH2', 'CHZ']",2019-01-20T09:14:41.380000Z,1.7
610,20190120T091451Z,1J.TI3A.,"['CH1', 'CH2', 'CHZ']",2019-01-20T09:14:51.290000Z,6.24
611,20190120T091628Z,1J.TI3A.,"['CH1', 'CH2', 'CHZ']",2019-01-20T09:16:28.130000Z,0.76
612,20190120T091717Z,1J.TI3A.,"['CH1', 'CH2', 'CHZ']",2019-01-20T09:17:24.140000Z,5.2
613,20190120T091907Z,1J.TI3A.,"['CH1', 'CH2', 'CHZ']",2019-01-20T09:19:07.120000Z,0.59
614,20190120T092047Z,1J.TI3A.,"['CH1', 'CH2', 'CHZ']",2019-01-20T09:20:47.020000Z,18.02
615,20190120T092457Z,1J.TI3A.,"['CH1', 'CH2', 'CHZ']",2019-01-20T09:24:59.170000Z,14.53
616,20190120T092539Z,1J.TI3A.,"['CH1', 'CH2', 'CHZ']",2019-01-20T09:25:39.020000Z,1.07
617,20190120T093054Z,1J.TI3A.,"['CH1', 'CH2', 'CHZ']",2019-01-20T09:30:54.400000Z,2.59
618,20190120T093239Z,1J.TI3A.,"['CH1', 'CH2', 'CHZ']",2019-01-20T09:32:39.870000Z,1.35
619,20190120T093348Z,1J.TI3A.,"['CH1', 'CH2', 'CHZ']",2019-01-20T09:33:48.520000Z,8.78
620,20190120T093535Z,1J.TI3A.,"['CH1', 'CH2', 'CHZ']",2019-01-20T09:35:35.220000Z,1.28
621,20190120T093731Z,1J.TI3A.,"['CH1', 'CH2', 'CHZ']",2019-01-20T09:37:31.560000Z,6.9
622,20190120T093755Z,1J.TI3A.,"['CH1', 'CH2', 'CHZ']",2019-01-20T09:37:55.710000Z,5.81
623,20190120T093815Z,1J.TI3A.,"['CH1', 'CH2', 'CHZ']",2019-01-20T09:38:15.260000Z,0.73
624,20190120T093845Z,1J.TI3A.,"['CH1', 'CH2', 'CHZ']",2019-01-20T09:38:45.590000Z,13.46
625,20190120T093917Z,1J.TI3A.,"['CH1', 'CH2', 'CHZ']",2019-01-20T09:39:18.460000Z,48.1
626,20190120T094233Z,1J.TI3A.,"['CH1', 'CH2', 'CHZ']",2019-01-20T09:42:33.380000Z,2.05
627,20190120T094541Z,1J.TI3A.,"['CH1', 'CH2', 'CHZ']",2019-01-20T09:45:41.310000Z,17.47
628,20190120T094639Z,1J.TI3A.,"['CH1', 'CH2', 'CHZ']",2019-01-20T09:46:39.720000Z,1.16
629,20190120T094841Z,1J.TI3A.,"['CH1', 'CH2', 'CHZ']",2019-01-20T09:48:41.100000Z,1.7
630,20190120T095001Z,1J.TI3A.,"['CH1', 'CH2', 'CHZ']",2019-01-20T09:50:01.670000Z,7.12
631,20190120T095026Z,1J.TI3A.,"['CH1', 'CH2', 'CHZ']",2019-01-20T09:50:26.220000Z,14.61
632,20190120T095113Z,1J.TI3A.,"['CH1', 'CH2', 'CHZ']",2019-01-20T09:51:13.240000Z,17.77
633,20190120T095350Z,1J.TI3A.,"['CH1', 'CH2', 'CHZ']",2019-01-20T09:53:50.210000Z,1.88
634,20190120T095548Z,1J.TI3A.,"['CH1', 'CH2', 'CHZ']",2019-01-20T09:55:48.440000Z,4.4
635,20190120T095616Z,1J.TI3A.,"['CH1', 'CH2', 'CHZ']",2019-01-20T09:56:16.900000Z,2.04
636,20190120T095814Z,1J.TI3A.,"['CH1', 'CH2', 'CHZ']",2019-01-20T09:58:16.330000Z,2.66
637,20190120T095829Z,1J.TI3A.,"['CH1', 'CH2', 'CHZ']",2019-01-20T09:58:29.170000Z,15.17
638,20190120T100048Z,1J.TI3A.,"['CH1', 'CH2', 'CHZ']",2019-01-20T10:00:48.300000Z,1.15
639,20190120T100158Z,1J.TI3A.,"['CH1', 'CH2', 'CHZ']",2019-01-20T10:01:58.250000Z,16.22
640,20190120T100304Z,1J.TI3A.,"['CH1', 'CH2', 'CHZ']",2019-01-20T10:03:04.810000Z,1.42
641,20190120T100506Z,1J.TI3A.,"['CH1', 'CH2', 'CHZ']",2019-01-20T10:05:06.940000Z,16.5
642,20190120T100720Z,1J.TI3A.,"['CH1', 'CH2', 'CHZ']",2019-01-20T10:07:20.000000Z,5.35
643,20190120T100807Z,1J.TI3A.,"['CH1', 'CH2', 'CHZ']",2019-01-20T10:08:07.150000Z,1.56
644,20190120T100852Z,1J.TI3A.,"['CH1', 'CH2', 'CHZ']",2019-01-20T10:08:52.000000Z,19.46
645,20190120T101025Z,1J.TI3A.,"['CH1', 'CH2', 'CHZ']",2019-01-20T10:10:25.260000Z,5.06
646,20190120T101048Z,1J.TI3A.,"['CH1', 'CH2', 'CHZ']",2019-01-20T10:10:48.970000Z,11.49
647,20190120T101446Z,1J.TI3A.,"['CH1', 'CH2', 'CHZ']",2019-01-20T10:14:46.160000Z,18.69
648,20190120T101547Z,1J.TI3A.,"['CH1', 'CH2', 'CHZ']",2019-01-20T10:15:47.230000Z,0.79
649,20190120T101712Z,1J.TI3A.,"['CH1', 'CH2', 'CHZ']",2019-01-20T10:17:12.200000Z,6.45
650,20190120T101927Z,1J.TI3A.,"['CH1', 'CH2', 'CHZ']",2019-01-20T10:19:27.910000Z,1.94
651,20190120T102200Z,1J.TI3A.,"['CH1', 'CH2', 'CHZ']",2019-01-20T10:22:00.690000Z,17.04
652,20190120T102454Z,1J.TI3A.,"['CH1', 'CH2', 'CHZ']",2019-01-20T10:24:54.360000Z,9.68
653,20190120T102544Z,1J.TI3A.,"['CH1', 'CH2', 'CHZ']",2019-01-20T10:25:44.990000Z,0.87
654,20190120T102620Z,1J.TI3A.,"['CH1', 'CH2', 'CHZ']",2019-01-20T10:26:20.920000Z,0.7
655,20190120T103121Z,1J.TI3A.,"['CH1', 'CH2', 'CHZ']",2019-01-20T10:31:27.390000Z,17.17
656,20190120T103715Z,1J.TI3A.,"['CH1', 'CH2', 'CHZ']",2019-01-20T10:37:15.480000Z,0.82
657,20190120T104111Z,1J.TI3A.,"['CH1', 'CH2', 'CHZ']",2019-01-20T10:41:11.900000Z,1.9
658,20190120T104254Z,1J.TI3A.,"['CH1', 'CH2', 'CHZ']",2019-01-20T10:42:55.320000Z,29.64
659,20190120T104636Z,1J.TI3A.,"['CH1', 'CH2', 'CHZ']",2019-01-20T10:46:37.960000Z,6.69
660,20190120T104833Z,1J.TI3A.,"['CH1', 'CH2', 'CHZ']",2019-01-20T10:48:35.330000Z,17.57
661,20190120T104956Z,1J.TI3A.,"['CH1', 'CH2', 'CHZ']",2019-01-20T10:49:56.790000Z,5.11
662,20190120T105100Z,1J.TI3A.,"['CH1', 'CH2', 'CHZ']",2019-01-20T10:51:00.280000Z,7.69
663,20190120T105332Z,1J.TI3A.,"['CH1', 'CH2', 'CHZ']",2019-01-20T10:53:35.530000Z,49.49
664,20190120T105520Z,1J.TI3A.,"['CH1', 'CH2', 'CHZ']",2019-01-20T10:55:20.560000Z,4.11
665,20190120T105916Z,1J.TI3A.,"['CH1', 'CH2', 'CHZ']",2019-01-20T10:59:16.220000Z,2.06
666,20190120T105958Z,1J.TI3A.,"['CH1', 'CH2', 'CHZ']",2019-01-20T10:59:58.130000Z,48.93
667,20190120T110205Z,1J.TI3A.,"['CH1', 'CH2', 'CHZ']",2019-01-20T11:02:05.960000Z,6.89
668,20190120T110233Z,1J.TI3A.,"['CH1', 'CH2', 'CHZ']",2019-01-20T11:02:33.010000Z,7.46
669,20190120T110721Z,1J.TI3A.,"['CH1', 'CH2', 'CHZ']",2019-01-20T11:07:21.980000Z,12.72
670,20190120T110825Z,1J.TI3A.,"['CH1', 'CH2', 'CHZ']",2019-01-20T11:08:25.610000Z,1.16
671,20190120T110853Z,1J.TI3A.,"['CH1', 'CH2', 'CHZ']",2019-01-20T11:08:53.540000Z,1.15
672,20190120T111100Z,1J.TI3A.,"['CH1', 'CH2', 'CHZ']",2019-01-20T11:11:00.410000Z,1.03
673,20190120T111140Z,1J.TI3A.,"['CH1', 'CH2', 'CHZ']",2019-01-20T11:11:40.740000Z,0.73
674,20190120T111230Z,1J.TI3A.,"['CH1', 'CH2', 'CHZ']",2019-01-20T11:12:30.090000Z,2.62
675,20190120T111252Z,1J.TI3A.,"['CH1', 'CH2', 'CHZ']",2019-01-20T11:12:52.430000Z,6.0
676,20190120T111526Z,1J.TI3A.,"['CH1', 'CH2', 'CHZ']",2019-01-20T11:15:26.810000Z,4.03
677,20190120T111618Z,1J.TI3A.,"['CH1', 'CH2', 'CHZ']",2019-01-20T11:16:29.830000Z,17.84
678,20190120T111937Z,1J.TI3A.,"['CH1', 'CH2', 'CHZ']",2019-01-20T11:19:37.600000Z,12.66
679,20190120T112539Z,1J.TI3A.,"['CH1', 'CH2', 'CHZ']",2019-01-20T11:25:39.730000Z,0.73
680,20190120T112640Z,1J.TI3A.,"['CH1', 'CH2', 'CHZ']",2019-01-20T11:26:40.130000Z,3.58
681,20190120T113626Z,1J.TI3A.,"['CH1', 'CH2', 'CHZ']",2019-01-20T11:36:26.530000Z,15.25
682,20190120T114503Z,1J.TI3A.,"['CH1', 'CH2', 'CHZ']",2019-01-20T11:45:03.850000Z,7.72
683,20190120T114903Z,1J.TI3A.,"['CH1', 'CH2', 'CHZ']",2019-01-20T11:49:03.310000Z,9.85
684,20190120T120116Z,1J.TI3A.,"['CH1', 'CH2', 'CHZ']",2019-01-20T12:01:16.220000Z,62.89
685,20190120T120712Z,1J.TI3A.,"['CH1', 'CH2', 'CHZ']",2019-01-20T12:07:13.210000Z,3.94
686,20190120T121724Z,1J.TI3A.,"['CH1', 'CH2', 'CHZ']",2019-01-20T12:17:24.840000Z,46.06
687,20190120T125153Z,1J.TI3A.,"['CH1', 'CH2', 'CHZ']",2019-01-20T12:51:53.010000Z,12.41
688,20190120T125704Z,1J.TI3A.,"['CH1', 'CH2', 'CHZ']",2019-01-20T12:57:09.620000Z,10.16
689,20190120T130036Z,1J.TI3A.,"['CH1', 'CH2', 'CHZ']",2019-01-20T13:00:36.950000Z,0.94
690,20190120T130105Z,1J.TI3A.,"['CH1', 'CH2', 'CHZ']",2019-01-20T13:01:05.460000Z,8.98
691,20190120T130748Z,1J.TI3A.,"['CH1', 'CH2', 'CHZ']",2019-01-20T13:07:48.550000Z,2.13
692,20190120T132925Z,1J.TI3A.,"['CH1', 'CH2', 'CHZ']",2019-01-20T13:29:25.110000Z,7.19
693,20190120T133314Z,1J.TI3A.,"['CH1', 'CH2', 'CHZ']",2019-01-20T13:33:14.200000Z,1.11
694,20190120T133627Z,1J.TI3A.,"['CH1', 'CH2', 'CHZ']",2019-01-20T13:36:27.490000Z,2.26
695,20190120T134609Z,1J.TI3A.,"['CH1', 'CH2', 'CHZ']",2019-01-20T13:46:09.070000Z,4.9
696,20190120T134818Z,1J.TI3A.,"['CH1', 'CH2', 'CHZ']",2019-01-20T13:48:18.050000Z,10.3
697,20190120T134905Z,1J.TI3A.,"['CH1', 'CH2', 'CHZ']",2019-01-20T13:49:05.550000Z,2.13
698,20190120T134924Z,1J.TI3A.,"['CH1', 'CH2', 'CHZ']",2019-01-20T13:49:24.110000Z,8.31
699,20190120T135123Z,1J.TI3A.,"['CH1', 'CH2', 'CHZ']",2019-01-20T13:51:23.290000Z,2.22
700,20190120T135131Z,1J.TI3A.,"['CH1', 'CH2', 'CHZ']",2019-01-20T13:51:31.160000Z,3.15
701,20190120T135341Z,1J.TI3A.,"['CH1', 'CH2', 'CHZ']",2019-01-20T13:53:41.280000Z,2.46
702,20190120T135441Z,1J.TI3A.,"['CH1', 'CH2', 'CHZ']",2019-01-20T13:54:41.600000Z,2.29
703,20190120T135540Z,1J.TI3A.,"['CH1', 'CH2', 'CHZ']",2019-01-20T13:55:40.440000Z,2.08
704,20190120T135600Z,1J.TI3A.,"['CH1', 'CH2', 'CHZ']",2019-01-20T13:56:00.040000Z,10.64
705,20190120T135636Z,1J.TI3A.,"['CH1', 'CH2', 'CHZ']",2019-01-20T13:56:36.340000Z,1.71
706,20190120T135735Z,1J.TI3A.,"['CH1', 'CH2', 'CHZ']",2019-01-20T13:57:35.830000Z,10.31
707,20190120T135912Z,1J.TI3A.,"['CH1', 'CH2', 'CHZ']",2019-01-20T13:59:12.670000Z,2.94
708,20190120T135947Z,1J.TI3A.,"['CH1', 'CH2', 'CHZ']",2019-01-20T13:59:47.740000Z,2.09
709,20190120T140006Z,1J.TI3A.,"['CH1', 'CH2', 'CHZ']",2019-01-20T14:00:06.440000Z,2.6
710,20190120T140131Z,1J.TI3A.,"['CH1', 'CH2', 'CHZ']",2019-01-20T14:01:31.760000Z,1.7
711,20190120T140256Z,1J.TI3A.,"['CH1', 'CH2', 'CHZ']",2019-01-20T14:03:00.160000Z,2.08
712,20190120T140418Z,1J.TI3A.,"['CH1', 'CH2', 'CHZ']",2019-01-20T14:04:23.840000Z,2.83
713,20190120T140534Z,1J.TI3A.,"['CH1', 'CH2', 'CHZ']",2019-01-20T14:05:34.540000Z,8.4
714,20190120T141219Z,1J.TI3A.,"['CH1', 'CH2', 'CHZ']",2019-01-20T14:12:19.990000Z,6.09
715,20190120T142150Z,1J.TI3A.,"['CH1', 'CH2', 'CHZ']",2019-01-20T14:21:50.680000Z,6.78
716,20190120T142314Z,1J.TI3A.,"['CH1', 'CH2', 'CHZ']",2019-01-20T14:23:14.530000Z,2.39
717,20190120T142329Z,1J.TI3A.,"['CH1', 'CH2', 'CHZ']",2019-01-20T14:23:29.200000Z,11.66
718,20190120T142405Z,1J.TI3A.,"['CH1', 'CH2', 'CHZ']",2019-01-20T14:24:05.560000Z,2.08
719,20190120T142505Z,1J.TI3A.,"['CH1', 'CH2', 'CHZ']",2019-01-20T14:25:05.800000Z,11.52
720,20190120T142750Z,1J.TI3A.,"['CH1', 'CH2', 'CHZ']",2019-01-20T14:27:50.760000Z,1.76
721,20190120T142757Z,1J.TI3A.,"['CH1', 'CH2', 'CHZ']",2019-01-20T14:27:57.720000Z,6.54
722,20190120T142903Z,1J.TI3A.,"['CH1', 'CH2', 'CHZ']",2019-01-20T14:29:03.730000Z,4.23
723,20190120T143008Z,1J.TI3A.,"['CH1', 'CH2', 'CHZ']",2019-01-20T14:30:08.940000Z,1.61
724,20190120T143118Z,1J.TI3A.,"['CH1', 'CH2', 'CHZ']",2019-01-20T14:31:18.530000Z,1.57
725,20190120T143301Z,1J.TI3A.,"['CH1', 'CH2', 'CHZ']",2019-01-20T14:33:01.030000Z,1.59
726,20190120T143323Z,1J.TI3A.,"['CH1', 'CH2', 'CHZ']",2019-01-20T14:33:23.600000Z,1.31
727,20190120T143328Z,1J.TI3A.,"['CH1', 'CH2', 'CHZ']",2019-01-20T14:33:35.480000Z,14.33
728,20190120T143356Z,1J.TI3A.,"['CH1', 'CH2', 'CHZ']",2019-01-20T14:33:56.530000Z,13.18
729,20190120T143525Z,1J.TI3A.,"['CH1', 'CH2', 'CHZ']",2019-01-20T14:35:25.590000Z,1.52
730,20190120T143548Z,1J.TI3A.,"['CH1', 'CH2', 'CHZ']",2019-01-20T14:35:48.310000Z,1.29
731,20190120T143719Z,1J.TI3A.,"['CH1', 'CH2', 'CHZ']",2019-01-20T14:37:19.460000Z,2.94
732,20190120T143905Z,1J.TI3A.,"['CH1', 'CH2', 'CHZ']",2019-01-20T14:39:05.620000Z,2.59
733,20190120T143933Z,1J.TI3A.,"['CH1', 'CH2', 'CHZ']",2019-01-20T14:39:33.530000Z,20.9
734,20190120T144426Z,1J.TI3A.,"['CH1', 'CH2', 'CHZ']",2019-01-20T14:44:26.570000Z,4.13
735,20190120T145147Z,1J.TI3A.,"['CH1', 'CH2', 'CHZ']",2019-01-20T14:51:47.180000Z,1.64
736,20190120T145609Z,1J.TI3A.,"['CH1', 'CH2', 'CHZ']",2019-01-20T14:56:09.550000Z,5.15
737,20190120T145648Z,1J.TI3A.,"['CH1', 'CH2', 'CHZ']",2019-01-20T14:56:48.990000Z,3.68
738,20190120T145700Z,1J.TI3A.,"['CH1', 'CH2', 'CHZ']",2019-01-20T14:57:00.030000Z,13.3
739,20190120T145748Z,1J.TI3A.,"['CH1', 'CH2', 'CHZ']",2019-01-20T14:57:48.300000Z,7.89
740,20190120T145906Z,1J.TI3A.,"['CH1', 'CH2', 'CHZ']",2019-01-20T14:59:06.180000Z,2.04
741,20190120T145921Z,1J.TI3A.,"['CH1', 'CH2', 'CHZ']",2019-01-20T14:59:21.800000Z,3.97
742,20190120T150248Z,1J.TI3A.,"['CH1', 'CH2', 'CHZ']",2019-01-20T15:03:03.210000Z,2.36
743,20190120T150355Z,1J.TI3A.,"['CH1', 'CH2', 'CHZ']",2019-01-20T15:04:02.750000Z,4.72
744,20190120T150421Z,1J.TI3A.,"['CH1', 'CH2', 'CHZ']",2019-01-20T15:04:21.980000Z,4.76
745,20190120T150503Z,1J.TI3A.,"['CH1', 'CH2', 'CHZ']",2019-01-20T15:05:03.970000Z,3.82
746,20190120T150555Z,1J.TI3A.,"['CH1', 'CH2', 'CHZ']",2019-01-20T15:05:55.550000Z,1.82
747,20190120T150616Z,1J.TI3A.,"['CH1', 'CH2', 'CHZ']",2019-01-20T15:06:16.930000Z,7.38
748,20190120T150651Z,1J.TI3A.,"['CH1', 'CH2', 'CHZ']",2019-01-20T15:06:51.040000Z,3.43
749,20190120T150812Z,1J.TI3A.,"['CH1', 'CH2', 'CHZ']",2019-01-20T15:08:22.740000Z,0.86
750,20190120T150914Z,1J.TI3A.,"['CH1', 'CH2', 'CHZ']",2019-01-20T15:09:14.400000Z,4.39
751,20190120T151013Z,1J.TI3A.,"['CH1', 'CH2', 'CHZ']",2019-01-20T15:10:13.400000Z,12.54
752,20190120T151101Z,1J.TI3A.,"['CH1', 'CH2', 'CHZ']",2019-01-20T15:11:01.100000Z,1.86
753,20190120T151235Z,1J.TI3A.,"['CH1', 'CH2', 'CHZ']",2019-01-20T15:12:35.940000Z,3.12
754,20190120T151348Z,1J.TI3A.,"['CH1', 'CH2', 'CHZ']",2019-01-20T15:13:48.480000Z,6.36
755,20190120T151544Z,1J.TI3A.,"['CH1', 'CH2', 'CHZ']",2019-01-20T15:15:44.170000Z,4.88
756,20190120T151704Z,1J.TI3A.,"['CH1', 'CH2', 'CHZ']",2019-01-20T15:17:04.490000Z,1.25
757,20190120T151730Z,1J.TI3A.,"['CH1', 'CH2', 'CHZ']",2019-01-20T15:17:30.570000Z,1.12
758,20190120T151951Z,1J.TI3A.,"['CH1', 'CH2', 'CHZ']",2019-01-20T15:19:51.340000Z,1.52
759,20190120T152052Z,1J.TI3A.,"['CH1', 'CH2', 'CHZ']",2019-01-20T15:20:52.780000Z,5.99
760,20190120T152313Z,1J.TI3A.,"['CH1', 'CH2', 'CHZ']",2019-01-20T15:23:13.220000Z,1.53
761,20190120T152340Z,1J.TI3A.,"['CH1', 'CH2', 'CHZ']",2019-01-20T15:23:40.370000Z,1.15
762,20190120T152357Z,1J.TI3A.,"['CH1', 'CH2', 'CHZ']",2019-01-20T15:23:57.140000Z,11.93
763,20190120T152755Z,1J.TI3A.,"['CH1', 'CH2', 'CHZ']",2019-01-20T15:27:55.520000Z,6.24
764,20190120T153009Z,1J.TI3A.,"['CH1', 'CH2', 'CHZ']",2019-01-20T15:30:09.360000Z,16.77
765,20190120T153146Z,1J.TI3A.,"['CH1', 'CH2', 'CHZ']",2019-01-20T15:31:46.520000Z,2.49
766,20190120T153509Z,1J.TI3A.,"['CH1', 'CH2', 'CHZ']",2019-01-20T15:35:09.860000Z,4.72
767,20190120T154455Z,1J.TI3A.,"['CH1', 'CH2', 'CHZ']",2019-01-20T15:44:55.570000Z,4.7
768,20190120T154709Z,1J.TI3A.,"['CH1', 'CH2', 'CHZ']",2019-01-20T15:47:09.800000Z,2.02
769,20190120T154758Z,1J.TI3A.,"['CH1', 'CH2', 'CHZ']",2019-01-20T15:47:58.170000Z,1.64
770,20190120T163346Z,1J.TI3A.,"['CH1', 'CH2', 'CHZ']",2019-01-20T16:33:46.710000Z,1.37
771,20190120T163424Z,1J.TI3A.,"['CH1', 'CH2', 'CHZ']",2019-01-20T16:34:24.620000Z,1.85
772,20190120T163444Z,1J.TI3A.,"['CH1', 'CH2', 'CHZ']",2019-01-20T16:34:44.150000Z,1.04
773,20190120T163604Z,1J.TI3A.,"['CH1', 'CH2', 'CHZ']",2019-01-20T16:36:04.530000Z,1.19
774,20190120T163921Z,1J.TI3A.,"['CH1', 'CH2', 'CHZ']",2019-01-20T16:39:21.770000Z,2.56
775,20190120T164351Z,1J.TI3A.,"['CH1', 'CH2', 'CHZ']",2019-01-20T16:43:51.170000Z,3.76
776,20190120T164409Z,1J.TI3A.,"['CH1', 'CH2', 'CHZ']",2019-01-20T16:44:09.090000Z,17.64
777,20190120T164514Z,1J.TI3A.,"['CH1', 'CH2', 'CHZ']",2019-01-20T16:45:14.720000Z,13.7
778,20190120T164816Z,1J.TI3A.,"['CH1', 'CH2', 'CHZ']",2019-01-20T16:48:16.890000Z,11.67
779,20190120T164914Z,1J.TI3A.,"['CH1', 'CH2', 'CHZ']",2019-01-20T16:49:14.370000Z,10.97
780,20190120T164959Z,1J.TI3A.,"['CH1', 'CH2', 'CHZ']",2019-01-20T16:49:59.170000Z,12.41
781,20190120T165501Z,1J.TI3A.,"['CH1', 'CH2', 'CHZ']",2019-01-20T16:55:01.650000Z,7.82
782,20190120T165746Z,1J.TI3A.,"['CH1', 'CH2', 'CHZ']",2019-01-20T16:57:46.520000Z,2.91
783,20190120T165759Z,1J.TI3A.,"['CH1', 'CH2', 'CHZ']",2019-01-20T16:57:59.950000Z,4.42
784,20190120T165912Z,1J.TI3A.,"['CH1', 'CH2', 'CHZ']",2019-01-20T16:59:12.450000Z,9.94
785,20190120T170301Z,1J.TI3A.,"['CH1', 'CH2', 'CHZ']",2019-01-20T17:03:01.850000Z,1.16
786,20190120T170916Z,1J.TI3A.,"['CH1', 'CH2', 'CHZ']",2019-01-20T17:09:16.780000Z,22.46
787,20190120T171059Z,1J.TI3A.,"['CH1', 'CH2', 'CHZ']",2019-01-20T17:10:59.870000Z,4.46
788,20190120T171344Z,1J.TI3A.,"['CH1', 'CH2', 'CHZ']",2019-01-20T17:13:45.160000Z,1.87
789,20190120T172030Z,1J.TI3A.,"['CH1', 'CH2', 'CHZ']",2019-01-20T17:20:30.190000Z,9.01
790,20190120T172151Z,1J.TI3A.,"['CH1', 'CH2', 'CHZ']",2019-01-20T17:22:02.620000Z,27.98
791,20190120T172628Z,1J.TI3A.,"['CH1', 'CH2', 'CHZ']",2019-01-20T17:26:28.230000Z,7.8
792,20190120T172839Z,1J.TI3A.,"['CH1', 'CH2', 'CHZ']",2019-01-20T17:28:39.090000Z,12.35
793,20190120T173102Z,1J.TI3A.,"['CH1', 'CH2', 'CHZ']",2019-01-20T17:31:02.900000Z,9.46
794,20190120T173234Z,1J.TI3A.,"['CH1', 'CH2', 'CHZ']",2019-01-20T17:32:34.080000Z,0.87
795,20190120T173410Z,1J.TI3A.,"['CH1', 'CH2', 'CHZ']",2019-01-20T17:34:10.030000Z,8.16
796,20190120T173553Z,1J.TI3A.,"['CH1', 'CH2', 'CHZ']",2019-01-20T17:35:53.600000Z,4.93
797,20190120T173618Z,1J.TI3A.,"['CH1', 'CH2', 'CHZ']",2019-01-20T17:36:18.790000Z,4.69
798,20190120T175132Z,1J.TI3A.,"['CH1', 'CH2', 'CHZ']",2019-01-20T17:51:32.030000Z,2.27
799,20190120T180200Z,1J.TI3A.,"['CH1', 'CH2', 'CHZ']",2019-01-20T18:02:00.030000Z,11.79
800,20190120T180727Z,1J.TI3A.,"['CH1', 'CH2', 'CHZ']",2019-01-20T18:07:27.310000Z,17.45
801,20190120T180905Z,1J.TI3A.,"['CH1', 'CH2', 'CHZ']",2019-01-20T18:09:05.380000Z,2.36
802,20190120T181123Z,1J.TI3A.,"['CH1', 'CH2', 'CHZ']",2019-01-20T18:11:23.990000Z,12.16
803,20190120T181430Z,1J.TI3A.,"['CH1', 'CH2', 'CHZ']",2019-01-20T18:14:30.290000Z,9.98
804,20190120T181456Z,1J.TI3A.,"['CH1', 'CH2', 'CHZ']",2019-01-20T18:14:56.270000Z,18.65
805,20190120T182702Z,1J.TI3A.,"['CH1', 'CH2', 'CHZ']",2019-01-20T18:27:02.800000Z,14.67
806,20190120T183433Z,1J.TI3A.,"['CH1', 'CH2', 'CHZ']",2019-01-20T18:34:33.280000Z,16.08
807,20190120T184826Z,1J.TI3A.,"['CH1', 'CH2', 'CHZ']",2019-01-20T18:48:26.120000Z,12.48
808,20190120T185024Z,1J.TI3A.,"['CH1', 'CH2', 'CHZ']",2019-01-20T18:50:24.390000Z,4.56
809,20190120T185527Z,1J.TI3A.,"['CH1', 'CH2', 'CHZ']",2019-01-20T18:55:27.320000Z,11.73
810,20190120T190525Z,1J.TI3A.,"['CH1', 'CH2', 'CHZ']",2019-01-20T19:05:25.170000Z,15.16
811,20190120T191242Z,1J.TI3A.,"['CH1', 'CH2', 'CHZ']",2019-01-20T19:12:42.520000Z,12.81
812,20190120T191926Z,1J.TI3A.,"['CH1', 'CH2', 'CHZ']",2019-01-20T19:19:26.060000Z,6.46
813,20190120T192341Z,1J.TI3A.,"['CH1', 'CH2', 'CHZ']",2019-01-20T19:23:41.880000Z,10.76
814,20190120T193904Z,1J.TI3A.,"['CH1', 'CH2', 'CHZ']",2019-01-20T19:39:04.540000Z,8.6
815,20190120T195259Z,1J.TI3A.,"['CH1', 'CH2', 'CHZ']",2019-01-20T19:52:59.900000Z,9.82
816,20190120T200107Z,1J.TI3A.,"['CH1', 'CH2', 'CHZ']",2019-01-20T20:01:08.620000Z,45.48
817,20190120T201109Z,1J.TI3A.,"['CH1', 'CH2', 'CHZ']",2019-01-20T20:11:09.550000Z,13.02
818,20190120T201537Z,1J.TI3A.,"['CH1', 'CH2', 'CHZ']",2019-01-20T20:15:37.710000Z,8.57
819,20190120T201741Z,1J.TI3A.,"['CH1', 'CH2', 'CHZ']",2019-01-20T20:17:43.330000Z,15.9
820,20190120T203523Z,1J.TI3A.,"['CH1', 'CH2', 'CHZ']",2019-01-20T20:35:23.800000Z,17.16
821,20190120T204319Z,1J.TI3A.,"['CH1', 'CH2', 'CHZ']",2019-01-20T20:43:19.450000Z,11.48
822,20190120T204603Z,1J.TI3A.,"['CH1', 'CH2', 'CHZ']",2019-01-20T20:46:03.600000Z,46.13
823,20190120T204810Z,1J.TI3A.,"['CH1', 'CH2', 'CHZ']",2019-01-20T20:48:10.200000Z,4.59
824,20190120T205210Z,1J.TI3A.,"['CH1', 'CH2', 'CHZ']",2019-01-20T20:52:10.780000Z,7.31
825,20190120T205611Z,1J.TI3A.,"['CH1', 'CH2', 'CHZ']",2019-01-20T20:56:11.240000Z,0.96
826,20190120T210053Z,1J.TI3A.,"['CH1', 'CH2', 'CHZ']",2019-01-20T21:01:17.510000Z,16.87
827,20190120T210318Z,1J.TI3A.,"['CH1', 'CH2', 'CHZ']",2019-01-20T21:03:18.150000Z,9.81
828,20190120T211327Z,1J.TI3A.,"['CH1', 'CH2', 'CHZ']",2019-01-20T21:13:27.710000Z,14.16
829,20190120T211652Z,1J.TI3A.,"['CH1', 'CH2', 'CHZ']",2019-01-20T21:16:58.280000Z,4.07
830,20190120T211913Z,1J.TI3A.,"['CH1', 'CH2', 'CHZ']",2019-01-20T21:19:15.690000Z,5.39
831,20190120T212156Z,1J.TI3A.,"['CH1', 'CH2', 'CHZ']",2019-01-20T21:22:08.240000Z,48.65
832,20190120T212850Z,1J.TI3A.,"['CH1', 'CH2', 'CHZ']",2019-01-20T21:28:50.290000Z,6.95
833,20190120T213511Z,1J.TI3A.,"['CH1', 'CH2', 'CHZ']",2019-01-20T21:35:11.600000Z,6.2
834,20190120T213610Z,1J.TI3A.,"['CH1', 'CH2', 'CHZ']",2019-01-20T21:36:10.130000Z,15.02
835,20190120T214653Z,1J.TI3A.,"['CH1', 'CH2', 'CHZ']",2019-01-20T21:46:53.460000Z,11.72
836,20190120T214912Z,1J.TI3A.,"['CH1', 'CH2', 'CHZ']",2019-01-20T21:49:12.250000Z,17.25
837,20190120T215649Z,1J.TI3A.,"['CH1', 'CH2', 'CHZ']",2019-01-20T21:56:49.360000Z,1.7
838,20190120T220134Z,1J.TI3A.,"['CH1', 'CH2', 'CHZ']",2019-01-20T22:01:35.180000Z,20.07
839,20190120T220403Z,1J.TI3A.,"['CH1', 'CH2', 'CHZ']",2019-01-20T22:04:03.790000Z,12.07
840,20190120T220627Z,1J.TI3A.,"['CH1', 'CH2', 'CHZ']",2019-01-20T22:06:27.180000Z,8.61
841,20190120T220854Z,1J.TI3A.,"['CH1', 'CH2', 'CHZ']",2019-01-20T22:09:19.090000Z,20.73
842,20190120T222023Z,1J.TI3A.,"['CH1', 'CH2', 'CHZ']",2019-01-20T22:20:23.520000Z,0.69
843,20190120T222617Z,1J.TI3A.,"['CH1', 'CH2', 'CHZ']",2019-01-20T22:26:18.480000Z,13.61
844,20190120T222922Z,1J.TI3A.,"['CH1', 'CH2', 'CHZ']",2019-01-20T22:29:22.680000Z,5.02
845,20190120T224632Z,1J.TI3A.,"['CH1', 'CH2', 'CHZ']",2019-01-20T22:46:32.500000Z,31.17
846,20190120T225055Z,1J.TI3A.,"['CH1', 'CH2', 'CHZ']",2019-01-20T22:50:55.380000Z,1.68
847,20190120T225942Z,1J.TI3A.,"['CH1', 'CH2', 'CHZ']",2019-01-20T22:59:42.350000Z,50.07
848,20190120T230111Z,1J.TI3A.,"['CH1', 'CH2', 'CHZ']",2019-01-20T23:01:11.660000Z,2.86
849,20190120T230146Z,1J.TI3A.,"['CH1', 'CH2', 'CHZ']",2019-01-20T23:01:46.380000Z,11.7
850,20190120T230924Z,1J.TI3A.,"['CH1', 'CH2', 'CHZ']",2019-01-20T23:09:24.280000Z,13.87
851,20190120T231133Z,1J.TI3A.,"['CH1', 'CH2', 'CHZ']",2019-01-20T23:11:33.090000Z,6.47
852,20190120T231203Z,1J.TI3A.,"['CH1', 'CH2', 'CHZ']",2019-01-20T23:12:04.590000Z,38.72
853,20190120T231521Z,1J.TI3A.,"['CH1', 'CH2', 'CHZ']",2019-01-20T23:15:21.990000Z,7.53
854,20190120T231548Z,1J.TI3A.,"['CH1', 'CH2', 'CHZ']",2019-01-20T23:15:48.860000Z,15.93
855,20190120T231859Z,1J.TI3A.,"['CH1', 'CH2', 'CHZ']",2019-01-20T23:18:59.170000Z,18.45
856,20190120T233321Z,1J.TI3A.,"['CH1', 'CH2', 'CHZ']",2019-01-20T23:33:21.820000Z,15.79
857,20190120T233939Z,1J.TI3A.,"['CH1', 'CH2', 'CHZ']",2019-01-20T23:39:39.150000Z,23.36
858,20190120T234052Z,1J.TI3A.,"['CH1', 'CH2', 'CHZ']",2019-01-20T23:40:52.700000Z,1.54
859,20190120T234151Z,1J.TI3A.,"['CH1', 'CH2', 'CHZ']",2019-01-20T23:41:51.980000Z,7.05
860,20190120T235131Z,1J.TI3A.,"['CH1', 'CH2', 'CHZ']",2019-01-20T23:51:31.990000Z,7.21
861,20190120T235723Z,1J.TI3A.,"['CH1', 'CH2', 'CHZ']",2019-01-20T23:57:23.050000Z,17.64
862,20190120T000001Z,1J.TI8A.,"['CH1', 'CH2', 'CHZ']",2019-01-20T00:00:01.120000Z,18.6
863,20190120T001041Z,1J.TI8A.,"['CH1', 'CH2', 'CHZ']",2019-01-20T00:10:41.130000Z,50.45
864,20190120T002247Z,1J.TI8A.,"['CH1', 'CH2', 'CHZ']",2019-01-20T00:22:47.560000Z,18.04
865,20190120T002652Z,1J.TI8A.,"['CH1', 'CH2', 'CHZ']",2019-01-20T00:26:54.410000Z,50.68
866,20190120T004251Z,1J.TI8A.,"['CH1', 'CH2', 'CHZ']",2019-01-20T00:42:51.330000Z,2.48
867,20190120T005152Z,1J.TI8A.,"['CH1', 'CH2', 'CHZ']",2019-01-20T00:51:52.960000Z,7.02
868,20190120T005758Z,1J.TI8A.,"['CH1', 'CH2', 'CHZ']",2019-01-20T00:57:58.010000Z,10.27
869,20190120T005951Z,1J.TI8A.,"['CH1', 'CH2', 'CHZ']",2019-01-20T00:59:51.160000Z,16.26
870,20190120T010815Z,1J.TI8A.,"['CH1', 'CH2', 'CHZ']",2019-01-20T01:08:16.650000Z,2.42
871,20190120T011532Z,1J.TI8A.,"['CH1', 'CH2', 'CHZ']",2019-01-20T01:15:35.730000Z,6.86
872,20190120T011720Z,1J.TI8A.,"['CH1', 'CH2', 'CHZ']",2019-01-20T01:17:22.020000Z,21.77
873,20190120T012513Z,1J.TI8A.,"['CH1', 'CH2', 'CHZ']",2019-01-20T01:25:13.500000Z,2.01
874,20190120T012945Z,1J.TI8A.,"['CH1', 'CH2', 'CHZ']",2019-01-20T01:29:45.680000Z,21.83
875,20190120T013012Z,1J.TI8A.,"['CH1', 'CH2', 'CHZ']",2019-01-20T01:30:15.870000Z,17.29
876,20190120T013329Z,1J.TI8A.,"['CH1', 'CH2', 'CHZ']",2019-01-20T01:33:29.030000Z,4.21
877,20190120T013814Z,1J.TI8A.,"['CH1', 'CH2', 'CHZ']",2019-01-20T01:38:14.710000Z,1.55
878,20190120T014532Z,1J.TI8A.,"['CH1', 'CH2', 'CHZ']",2019-01-20T01:45:32.920000Z,32.36
879,20190120T021203Z,1J.TI8A.,"['CH1', 'CH2', 'CHZ']",2019-01-20T02:12:05.860000Z,19.63
880,20190120T021537Z,1J.TI8A.,"['CH1', 'CH2', 'CHZ']",2019-01-20T02:15:40.350000Z,20.84
881,20190120T021604Z,1J.TI8A.,"['CH1', 'CH2', 'CHZ']",2019-01-20T02:16:10.370000Z,18.4
882,20190120T022211Z,1J.TI8A.,"['CH1', 'CH2', 'CHZ']",2019-01-20T02:22:14.980000Z,49.81
883,20190120T023514Z,1J.TI8A.,"['CH1', 'CH2', 'CHZ']",2019-01-20T02:35:26.170000Z,11.99
884,20190120T025757Z,1J.TI8A.,"['CH1', 'CH2', 'CHZ']",2019-01-20T02:58:00.700000Z,6.87
885,20190120T025823Z,1J.TI8A.,"['CH1', 'CH2', 'CHZ']",2019-01-20T02:58:29.150000Z,16.34
886,20190120T030255Z,1J.TI8A.,"['CH1', 'CH2', 'CHZ']",2019-01-20T03:03:00.400000Z,3.28
887,20190120T030635Z,1J.TI8A.,"['CH1', 'CH2', 'CHZ']",2019-01-20T03:06:40.620000Z,5.0
888,20190120T030912Z,1J.TI8A.,"['CH1', 'CH2', 'CHZ']",2019-01-20T03:09:12.330000Z,3.64
889,20190120T030923Z,1J.TI8A.,"['CH1', 'CH2', 'CHZ']",2019-01-20T03:09:23.930000Z,13.82
890,20190120T031011Z,1J.TI8A.,"['CH1', 'CH2', 'CHZ']",2019-01-20T03:10:14.170000Z,7.57
891,20190120T032352Z,1J.TI8A.,"['CH1', 'CH2', 'CHZ']",2019-01-20T03:23:56.730000Z,16.15
892,20190120T034008Z,1J.TI8A.,"['CH1', 'CH2', 'CHZ']",2019-01-20T03:40:13.940000Z,16.75
893,20190120T040024Z,1J.TI8A.,"['CH1', 'CH2', 'CHZ']",2019-01-20T04:00:29.770000Z,14.59
894,20190120T041130Z,1J.TI8A.,"['CH1', 'CH2', 'CHZ']",2019-01-20T04:11:30.640000Z,9.51
895,20190120T042042Z,1J.TI8A.,"['CH1', 'CH2', 'CHZ']",2019-01-20T04:20:45.320000Z,11.05
896,20190120T042724Z,1J.TI8A.,"['CH1', 'CH2', 'CHZ']",2019-01-20T04:27:24.070000Z,19.67
897,20190120T042932Z,1J.TI8A.,"['CH1', 'CH2', 'CHZ']",2019-01-20T04:29:36.540000Z,17.57
898,20190120T043016Z,1J.TI8A.,"['CH1', 'CH2', 'CHZ']",2019-01-20T04:30:16.910000Z,2.7
899,20190120T043320Z,1J.TI8A.,"['CH1', 'CH2', 'CHZ']",2019-01-20T04:33:23.670000Z,51.82
900,20190120T043646Z,1J.TI8A.,"['CH1', 'CH2', 'CHZ']",2019-01-20T04:36:53.320000Z,4.87
901,20190120T043902Z,1J.TI8A.,"['CH1', 'CH2', 'CHZ']",2019-01-20T04:39:04.900000Z,9.21
902,20190120T044007Z,1J.TI8A.,"['CH1', 'CH2', 'CHZ']",2019-01-20T04:40:10.750000Z,6.66
903,20190120T045226Z,1J.TI8A.,"['CH1', 'CH2', 'CHZ']",2019-01-20T04:52:31.810000Z,50.57
904,20190120T045553Z,1J.TI8A.,"['CH1', 'CH2', 'CHZ']",2019-01-20T04:55:55.580000Z,7.11
905,20190120T050000Z,1J.TI8A.,"['CH1', 'CH2', 'CHZ']",2019-01-20T05:00:00.870000Z,1.7
906,20190120T050837Z,1J.TI8A.,"['CH1', 'CH2', 'CHZ']",2019-01-20T05:08:40.440000Z,52.49
907,20190120T051525Z,1J.TI8A.,"['CH1', 'CH2', 'CHZ']",2019-01-20T05:15:28.440000Z,10.33
908,20190120T051549Z,1J.TI8A.,"['CH1', 'CH2', 'CHZ']",2019-01-20T05:15:54.860000Z,12.89
909,20190120T051927Z,1J.TI8A.,"['CH1', 'CH2', 'CHZ']",2019-01-20T05:20:31.560000Z,18.56
910,20190120T052229Z,1J.TI8A.,"['CH1', 'CH2', 'CHZ']",2019-01-20T05:22:32.610000Z,5.74
911,20190120T052307Z,1J.TI8A.,"['CH1', 'CH2', 'CHZ']",2019-01-20T05:23:09.360000Z,19.96
912,20190120T052454Z,1J.TI8A.,"['CH1', 'CH2', 'CHZ']",2019-01-20T05:24:57.350000Z,4.81
913,20190120T052523Z,1J.TI8A.,"['CH1', 'CH2', 'CHZ']",2019-01-20T05:25:23.900000Z,4.67
914,20190120T052747Z,1J.TI8A.,"['CH1', 'CH2', 'CHZ']",2019-01-20T05:27:50.780000Z,6.27
915,20190120T053220Z,1J.TI8A.,"['CH1', 'CH2', 'CHZ']",2019-01-20T05:32:23.220000Z,38.55
916,20190120T053614Z,1J.TI8A.,"['CH1', 'CH2', 'CHZ']",2019-01-20T05:36:16.720000Z,22.23
917,20190120T054157Z,1J.TI8A.,"['CH1', 'CH2', 'CHZ']",2019-01-20T05:42:28.010000Z,32.88
918,20190120T054730Z,1J.TI8A.,"['CH1', 'CH2', 'CHZ']",2019-01-20T05:47:31.220000Z,3.04
919,20190120T054840Z,1J.TI8A.,"['CH1', 'CH2', 'CHZ']",2019-01-20T05:48:40.990000Z,11.81
920,20190120T055037Z,1J.TI8A.,"['CH1', 'CH2', 'CHZ']",2019-01-20T05:50:40.550000Z,4.23
921,20190120T055219Z,1J.TI8A.,"['CH1', 'CH2', 'CHZ']",2019-01-20T05:52:19.560000Z,14.0
922,20190120T055245Z,1J.TI8A.,"['CH1', 'CH2', 'CHZ']",2019-01-20T05:52:48.750000Z,2.53
923,20190120T055311Z,1J.TI8A.,"['CH1', 'CH2', 'CHZ']",2019-01-20T05:53:14.440000Z,2.86
924,20190120T055643Z,1J.TI8A.,"['CH1', 'CH2', 'CHZ']",2019-01-20T05:56:43.800000Z,19.44
925,20190120T055848Z,1J.TI8A.,"['CH1', 'CH2', 'CHZ']",2019-01-20T05:58:48.370000Z,3.74
926,20190120T060617Z,1J.TI8A.,"['CH1', 'CH2', 'CHZ']",2019-01-20T06:06:17.110000Z,14.28
927,20190120T061350Z,1J.TI8A.,"['CH1', 'CH2', 'CHZ']",2019-01-20T06:13:50.530000Z,21.39
928,20190120T061519Z,1J.TI8A.,"['CH1', 'CH2', 'CHZ']",2019-01-20T06:15:22.390000Z,16.74
929,20190120T062035Z,1J.TI8A.,"['CH1', 'CH2', 'CHZ']",2019-01-20T06:20:54.400000Z,34.17
930,20190120T062404Z,1J.TI8A.,"['CH1', 'CH2', 'CHZ']",2019-01-20T06:24:06.640000Z,6.35
931,20190120T062710Z,1J.TI8A.,"['CH1', 'CH2', 'CHZ']",2019-01-20T06:27:10.620000Z,1.31
932,20190120T062737Z,1J.TI8A.,"['CH1', 'CH2', 'CHZ']",2019-01-20T06:27:38.120000Z,14.84
933,20190120T063303Z,1J.TI8A.,"['CH1', 'CH2', 'CHZ']",2019-01-20T06:33:35.350000Z,58.38
934,20190120T063803Z,1J.TI8A.,"['CH1', 'CH2', 'CHZ']",2019-01-20T06:38:07.040000Z,10.56
935,20190120T063832Z,1J.TI8A.,"['CH1', 'CH2', 'CHZ']",2019-01-20T06:38:36.790000Z,20.74
936,20190120T064051Z,1J.TI8A.,"['CH1', 'CH2', 'CHZ']",2019-01-20T06:40:53.540000Z,8.96
937,20190120T064118Z,1J.TI8A.,"['CH1', 'CH2', 'CHZ']",2019-01-20T06:41:23.580000Z,15.61
938,20190120T064311Z,1J.TI8A.,"['CH1', 'CH2', 'CHZ']",2019-01-20T06:43:11.400000Z,12.49
939,20190120T064405Z,1J.TI8A.,"['CH1', 'CH2', 'CHZ']",2019-01-20T06:44:05.860000Z,0.79
940,20190120T064817Z,1J.TI8A.,"['CH1', 'CH2', 'CHZ']",2019-01-20T06:48:17.590000Z,1.26
941,20190120T065221Z,1J.TI8A.,"['CH1', 'CH2', 'CHZ']",2019-01-20T06:52:34.010000Z,4.76
942,20190120T065445Z,1J.TI8A.,"['CH1', 'CH2', 'CHZ']",2019-01-20T06:54:45.260000Z,21.54
943,20190120T065546Z,1J.TI8A.,"['CH1', 'CH2', 'CHZ']",2019-01-20T06:55:52.550000Z,1.85
944,20190120T065954Z,1J.TI8A.,"['CH1', 'CH2', 'CHZ']",2019-01-20T06:59:54.200000Z,1.63
945,20190120T070311Z,1J.TI8A.,"['CH1', 'CH2', 'CHZ']",2019-01-20T07:03:11.500000Z,1.35
946,20190120T070336Z,1J.TI8A.,"['CH1', 'CH2', 'CHZ']",2019-01-20T07:03:41.040000Z,16.6
947,20190120T070422Z,1J.TI8A.,"['CH1', 'CH2', 'CHZ']",2019-01-20T07:04:24.790000Z,69.63
948,20190120T071754Z,1J.TI8A.,"['CH1', 'CH2', 'CHZ']",2019-01-20T07:17:56.930000Z,11.1
949,20190120T071955Z,1J.TI8A.,"['CH1', 'CH2', 'CHZ']",2019-01-20T07:19:55.400000Z,1.78
950,20190120T072625Z,1J.TI8A.,"['CH1', 'CH2', 'CHZ']",2019-01-20T07:26:25.450000Z,1.0
951,20190120T072722Z,1J.TI8A.,"['CH1', 'CH2', 'CHZ']",2019-01-20T07:27:22.170000Z,3.05
952,20190120T072745Z,1J.TI8A.,"['CH1', 'CH2', 'CHZ']",2019-01-20T07:27:49.050000Z,11.06
953,20190120T073028Z,1J.TI8A.,"['CH1', 'CH2', 'CHZ']",2019-01-20T07:30:28.010000Z,0.84
954,20190120T073304Z,1J.TI8A.,"['CH1', 'CH2', 'CHZ']",2019-01-20T07:33:04.130000Z,0.96
955,20190120T073715Z,1J.TI8A.,"['CH1', 'CH2', 'CHZ']",2019-01-20T07:37:15.050000Z,1.14
956,20190120T074038Z,1J.TI8A.,"['CH1', 'CH2', 'CHZ']",2019-01-20T07:40:38.830000Z,0.86
957,20190120T074350Z,1J.TI8A.,"['CH1', 'CH2', 'CHZ']",2019-01-20T07:43:50.750000Z,0.97
958,20190120T074516Z,1J.TI8A.,"['CH1', 'CH2', 'CHZ']",2019-01-20T07:45:16.590000Z,6.1
959,20190120T074818Z,1J.TI8A.,"['CH1', 'CH2', 'CHZ']",2019-01-20T07:48:18.890000Z,1.14
960,20190120T075219Z,1J.TI8A.,"['CH1', 'CH2', 'CHZ']",2019-01-20T07:52:22.600000Z,5.92
961,20190120T075711Z,1J.TI8A.,"['CH1', 'CH2', 'CHZ']",2019-01-20T07:57:11.990000Z,1.32
962,20190120T075838Z,1J.TI8A.,"['CH1', 'CH2', 'CHZ']",2019-01-20T07:58:42.020000Z,6.33
963,20190120T075854Z,1J.TI8A.,"['CH1', 'CH2', 'CHZ']",2019-01-20T07:58:57.440000Z,47.21
964,20190120T080059Z,1J.TI8A.,"['CH1', 'CH2', 'CHZ']",2019-01-20T08:01:14.400000Z,7.01
965,20190120T081646Z,1J.TI8A.,"['CH1', 'CH2', 'CHZ']",2019-01-20T08:16:46.180000Z,20.31
966,20190120T082319Z,1J.TI8A.,"['CH1', 'CH2', 'CHZ']",2019-01-20T08:23:19.190000Z,31.11
967,20190120T082902Z,1J.TI8A.,"['CH1', 'CH2', 'CHZ']",2019-01-20T08:29:05.260000Z,15.95
968,20190120T083703Z,1J.TI8A.,"['CH1', 'CH2', 'CHZ']",2019-01-20T08:37:06.100000Z,10.98
969,20190120T083759Z,1J.TI8A.,"['CH1', 'CH2', 'CHZ']",2019-01-20T08:38:01.690000Z,53.99
970,20190120T083935Z,1J.TI8A.,"['CH1', 'CH2', 'CHZ']",2019-01-20T08:39:35.740000Z,12.14
971,20190120T084148Z,1J.TI8A.,"['CH1', 'CH2', 'CHZ']",2019-01-20T08:41:51.030000Z,18.84
972,20190120T084536Z,1J.TI8A.,"['CH1', 'CH2', 'CHZ']",2019-01-20T08:45:41.140000Z,5.89
973,20190120T085042Z,1J.TI8A.,"['CH1', 'CH2', 'CHZ']",2019-01-20T08:50:43.850000Z,46.41
974,20190120T090154Z,1J.TI8A.,"['CH1', 'CH2', 'CHZ']",2019-01-20T09:01:54.820000Z,1.1
975,20190120T090417Z,1J.TI8A.,"['CH1', 'CH2', 'CHZ']",2019-01-20T09:04:17.410000Z,19.17
976,20190120T090832Z,1J.TI8A.,"['CH1', 'CH2', 'CHZ']",2019-01-20T09:08:32.970000Z,0.79
977,20190120T090905Z,1J.TI8A.,"['CH1', 'CH2', 'CHZ']",2019-01-20T09:09:08.260000Z,15.27
978,20190120T091120Z,1J.TI8A.,"['CH1', 'CH2', 'CHZ']",2019-01-20T09:11:23.680000Z,5.63
979,20190120T091150Z,1J.TI8A.,"['CH1', 'CH2', 'CHZ']",2019-01-20T09:11:50.430000Z,4.4
980,20190120T091451Z,1J.TI8A.,"['CH1', 'CH2', 'CHZ']",2019-01-20T09:14:56.010000Z,15.18
981,20190120T091717Z,1J.TI8A.,"['CH1', 'CH2', 'CHZ']",2019-01-20T09:17:17.860000Z,22.74
982,20190120T092218Z,1J.TI8A.,"['CH1', 'CH2', 'CHZ']",2019-01-20T09:22:18.010000Z,1.14
983,20190120T092804Z,1J.TI8A.,"['CH1', 'CH2', 'CHZ']",2019-01-20T09:28:04.420000Z,1.01
984,20190120T093257Z,1J.TI8A.,"['CH1', 'CH2', 'CHZ']",2019-01-20T09:32:57.610000Z,1.08
985,20190120T093430Z,1J.TI8A.,"['CH1', 'CH2', 'CHZ']",2019-01-20T09:34:30.480000Z,2.42
986,20190120T093731Z,1J.TI8A.,"['CH1', 'CH2', 'CHZ']",2019-01-20T09:37:34.570000Z,6.71
987,20190120T093917Z,1J.TI8A.,"['CH1', 'CH2', 'CHZ']",2019-01-20T09:39:19.870000Z,51.6
988,20190120T094112Z,1J.TI8A.,"['CH1', 'CH2', 'CHZ']",2019-01-20T09:41:12.940000Z,0.68
989,20190120T094220Z,1J.TI8A.,"['CH1', 'CH2', 'CHZ']",2019-01-20T09:42:20.560000Z,1.29
990,20190120T094541Z,1J.TI8A.,"['CH1', 'CH2', 'CHZ']",2019-01-20T09:45:44.200000Z,12.71
991,20190120T095001Z,1J.TI8A.,"['CH1', 'CH2', 'CHZ']",2019-01-20T09:50:04.380000Z,8.39
992,20190120T095026Z,1J.TI8A.,"['CH1', 'CH2', 'CHZ']",2019-01-20T09:50:32.110000Z,12.06
993,20190120T095845Z,1J.TI8A.,"['CH1', 'CH2', 'CHZ']",2019-01-20T09:58:49.760000Z,6.15
994,20190120T100002Z,1J.TI8A.,"['CH1', 'CH2', 'CHZ']",2019-01-20T10:00:02.710000Z,1.16
995,20190120T100018Z,1J.TI8A.,"['CH1', 'CH2', 'CHZ']",2019-01-20T10:00:18.750000Z,1.12
996,20190120T100158Z,1J.TI8A.,"['CH1', 'CH2', 'CHZ']",2019-01-20T10:02:11.430000Z,1.16
997,20190120T100450Z,1J.TI8A.,"['CH1', 'CH2', 'CHZ']",2019-01-20T10:04:50.030000Z,4.39
998,20190120T100506Z,1J.TI8A.,"['CH1', 'CH2', 'CHZ']",2019-01-20T10:05:09.440000Z,9.89
999,20190120T100635Z,1J.TI8A.,"['CH1', 'CH2', 'CHZ']",2019-01-20T10:06:35.640000Z,2.4
1000,20190120T100852Z,1J.TI8A.,"['CH1', 'CH2', 'CHZ']",2019-01-20T10:08:53.980000Z,16.43
1001,20190120T100953Z,1J.TI8A.,"['CH1', 'CH2', 'CHZ']",2019-01-20T10:09:53.740000Z,1.7
1002,20190120T101025Z,1J.TI8A.,"['CH1', 'CH2', 'CHZ']",2019-01-20T10:10:28.530000Z,9.69
1003,20190120T101530Z,1J.TI8A.,"['CH1', 'CH2', 'CHZ']",2019-01-20T10:15:30.040000Z,1.11
1004,20190120T101821Z,1J.TI8A.,"['CH1', 'CH2', 'CHZ']",2019-01-20T10:18:21.350000Z,0.65
1005,20190120T102131Z,1J.TI8A.,"['CH1', 'CH2', 'CHZ']",2019-01-20T10:21:31.760000Z,1.11
1006,20190120T102342Z,1J.TI8A.,"['CH1', 'CH2', 'CHZ']",2019-01-20T10:23:42.740000Z,9.03
1007,20190120T102636Z,1J.TI8A.,"['CH1', 'CH2', 'CHZ']",2019-01-20T10:26:36.930000Z,0.86
1008,20190120T102703Z,1J.TI8A.,"['CH1', 'CH2', 'CHZ']",2019-01-20T10:27:03.820000Z,1.7
1009,20190120T103025Z,1J.TI8A.,"['CH1', 'CH2', 'CHZ']",2019-01-20T10:30:25.730000Z,0.83
1010,20190120T103121Z,1J.TI8A.,"['CH1', 'CH2', 'CHZ']",2019-01-20T10:31:28.790000Z,14.31
1011,20190120T103213Z,1J.TI8A.,"['CH1', 'CH2', 'CHZ']",2019-01-20T10:32:14.230000Z,17.43
1012,20190120T103738Z,1J.TI8A.,"['CH1', 'CH2', 'CHZ']",2019-01-20T10:37:38.360000Z,0.86
1013,20190120T104254Z,1J.TI8A.,"['CH1', 'CH2', 'CHZ']",2019-01-20T10:42:56.960000Z,33.36
1014,20190120T104522Z,1J.TI8A.,"['CH1', 'CH2', 'CHZ']",2019-01-20T10:45:22.910000Z,1.59
1015,20190120T104636Z,1J.TI8A.,"['CH1', 'CH2', 'CHZ']",2019-01-20T10:46:36.850000Z,6.06
1016,20190120T104956Z,1J.TI8A.,"['CH1', 'CH2', 'CHZ']",2019-01-20T10:50:01.590000Z,20.3
1017,20190120T105332Z,1J.TI8A.,"['CH1', 'CH2', 'CHZ']",2019-01-20T10:53:37.630000Z,51.98
1018,20190120T105820Z,1J.TI8A.,"['CH1', 'CH2', 'CHZ']",2019-01-20T10:58:20.350000Z,0.79
1019,20190120T105958Z,1J.TI8A.,"['CH1', 'CH2', 'CHZ']",2019-01-20T11:00:00.390000Z,50.66
1020,20190120T110205Z,1J.TI8A.,"['CH1', 'CH2', 'CHZ']",2019-01-20T11:02:08.300000Z,5.25
1021,20190120T110310Z,1J.TI8A.,"['CH1', 'CH2', 'CHZ']",2019-01-20T11:03:10.150000Z,0.73
1022,20190120T110657Z,1J.TI8A.,"['CH1', 'CH2', 'CHZ']",2019-01-20T11:06:57.950000Z,1.05
1023,20190120T111618Z,1J.TI8A.,"['CH1', 'CH2', 'CHZ']",2019-01-20T11:16:18.300000Z,20.43
1024,20190120T112020Z,1J.TI8A.,"['CH1', 'CH2', 'CHZ']",2019-01-20T11:20:20.080000Z,1.35
1025,20190120T112414Z,1J.TI8A.,"['CH1', 'CH2', 'CHZ']",2019-01-20T11:24:14.700000Z,0.98
1026,20190120T112609Z,1J.TI8A.,"['CH1', 'CH2', 'CHZ']",2019-01-20T11:26:09.590000Z,1.71
1027,20190120T112653Z,1J.TI8A.,"['CH1', 'CH2', 'CHZ']",2019-01-20T11:26:53.340000Z,5.23
1028,20190120T112818Z,1J.TI8A.,"['CH1', 'CH2', 'CHZ']",2019-01-20T11:28:18.400000Z,0.89
1029,20190120T113236Z,1J.TI8A.,"['CH1', 'CH2', 'CHZ']",2019-01-20T11:32:36.100000Z,0.99
1030,20190120T113712Z,1J.TI8A.,"['CH1', 'CH2', 'CHZ']",2019-01-20T11:37:12.310000Z,11.95
1031,20190120T114103Z,1J.TI8A.,"['CH1', 'CH2', 'CHZ']",2019-01-20T11:41:03.750000Z,0.87
1032,20190120T114431Z,1J.TI8A.,"['CH1', 'CH2', 'CHZ']",2019-01-20T11:44:31.440000Z,0.82
1033,20190120T114735Z,1J.TI8A.,"['CH1', 'CH2', 'CHZ']",2019-01-20T11:47:35.640000Z,0.67
1034,20190120T114834Z,1J.TI8A.,"['CH1', 'CH2', 'CHZ']",2019-01-20T11:48:36.730000Z,22.47
1035,20190120T114903Z,1J.TI8A.,"['CH1', 'CH2', 'CHZ']",2019-01-20T11:49:05.760000Z,19.07
1036,20190120T115205Z,1J.TI8A.,"['CH1', 'CH2', 'CHZ']",2019-01-20T11:52:05.420000Z,0.89
1037,20190120T120116Z,1J.TI8A.,"['CH1', 'CH2', 'CHZ']",2019-01-20T12:01:20.130000Z,59.7
1038,20190120T120712Z,1J.TI8A.,"['CH1', 'CH2', 'CHZ']",2019-01-20T12:07:12.970000Z,22.44
1039,20190120T120832Z,1J.TI8A.,"['CH1', 'CH2', 'CHZ']",2019-01-20T12:08:32.330000Z,2.75
1040,20190120T121544Z,1J.TI8A.,"['CH1', 'CH2', 'CHZ']",2019-01-20T12:15:44.140000Z,16.35
1041,20190120T121724Z,1J.TI8A.,"['CH1', 'CH2', 'CHZ']",2019-01-20T12:17:26.510000Z,49.52
1042,20190120T122053Z,1J.TI8A.,"['CH1', 'CH2', 'CHZ']",2019-01-20T12:20:53.820000Z,19.4
1043,20190120T122236Z,1J.TI8A.,"['CH1', 'CH2', 'CHZ']",2019-01-20T12:22:36.230000Z,4.17
1044,20190120T132325Z,1J.TI8A.,"['CH1', 'CH2', 'CHZ']",2019-01-20T13:23:25.540000Z,11.78
1045,20190120T132408Z,1J.TI8A.,"['CH1', 'CH2', 'CHZ']",2019-01-20T13:24:08.550000Z,2.77
1046,20190120T133658Z,1J.TI8A.,"['CH1', 'CH2', 'CHZ']",2019-01-20T13:37:00.330000Z,15.22
1047,20190120T134001Z,1J.TI8A.,"['CH1', 'CH2', 'CHZ']",2019-01-20T13:40:05.380000Z,7.93
1048,20190120T134707Z,1J.TI8A.,"['CH1', 'CH2', 'CHZ']",2019-01-20T13:47:07.950000Z,3.03
1049,20190120T134943Z,1J.TI8A.,"['CH1', 'CH2', 'CHZ']",2019-01-20T13:49:47.040000Z,9.05
1050,20190120T140857Z,1J.TI8A.,"['CH1', 'CH2', 'CHZ']",2019-01-20T14:08:57.180000Z,5.6
1051,20190120T142000Z,1J.TI8A.,"['CH1', 'CH2', 'CHZ']",2019-01-20T14:20:00.490000Z,4.43
1052,20190120T143328Z,1J.TI8A.,"['CH1', 'CH2', 'CHZ']",2019-01-20T14:33:28.420000Z,18.35
1053,20190120T143933Z,1J.TI8A.,"['CH1', 'CH2', 'CHZ']",2019-01-20T14:39:53.900000Z,21.08
1054,20190120T145729Z,1J.TI8A.,"['CH1', 'CH2', 'CHZ']",2019-01-20T14:57:31.210000Z,10.26
1055,20190120T150248Z,1J.TI8A.,"['CH1', 'CH2', 'CHZ']",2019-01-20T15:02:48.520000Z,15.58
1056,20190120T150421Z,1J.TI8A.,"['CH1', 'CH2', 'CHZ']",2019-01-20T15:04:24.460000Z,15.88
1057,20190120T151447Z,1J.TI8A.,"['CH1', 'CH2', 'CHZ']",2019-01-20T15:14:47.950000Z,3.17
1058,20190120T154246Z,1J.TI8A.,"['CH1', 'CH2', 'CHZ']",2019-01-20T15:42:56.070000Z,19.54
1059,20190120T155200Z,1J.TI8A.,"['CH1', 'CH2', 'CHZ']",2019-01-20T15:52:00.650000Z,0.98
1060,20190120T155231Z,1J.TI8A.,"['CH1', 'CH2', 'CHZ']",2019-01-20T15:52:35.150000Z,3.16
1061,20190120T155255Z,1J.TI8A.,"['CH1', 'CH2', 'CHZ']",2019-01-20T15:53:00.290000Z,12.96
1062,20190120T155738Z,1J.TI8A.,"['CH1', 'CH2', 'CHZ']",2019-01-20T15:57:42.910000Z,10.04
1063,20190120T160035Z,1J.TI8A.,"['CH1', 'CH2', 'CHZ']",2019-01-20T16:00:35.130000Z,18.67
1064,20190120T160515Z,1J.TI8A.,"['CH1', 'CH2', 'CHZ']",2019-01-20T16:05:19.250000Z,10.13
1065,20190120T160545Z,1J.TI8A.,"['CH1', 'CH2', 'CHZ']",2019-01-20T16:05:45.370000Z,13.1
1066,20190120T160726Z,1J.TI8A.,"['CH1', 'CH2', 'CHZ']",2019-01-20T16:07:26.750000Z,2.93
1067,20190120T164409Z,1J.TI8A.,"['CH1', 'CH2', 'CHZ']",2019-01-20T16:44:11.770000Z,12.85
1068,20190120T164816Z,1J.TI8A.,"['CH1', 'CH2', 'CHZ']",2019-01-20T16:48:21.370000Z,14.01
1069,20190120T164959Z,1J.TI8A.,"['CH1', 'CH2', 'CHZ']",2019-01-20T16:50:03.970000Z,15.36
1070,20190120T165641Z,1J.TI8A.,"['CH1', 'CH2', 'CHZ']",2019-01-20T16:56:41.010000Z,1.27
1071,20190120T170007Z,1J.TI8A.,"['CH1', 'CH2', 'CHZ']",2019-01-20T17:00:07.060000Z,11.38
1072,20190120T170747Z,1J.TI8A.,"['CH1', 'CH2', 'CHZ']",2019-01-20T17:07:47.380000Z,2.94
1073,20190120T170953Z,1J.TI8A.,"['CH1', 'CH2', 'CHZ']",2019-01-20T17:09:53.790000Z,1.12
1074,20190120T171804Z,1J.TI8A.,"['CH1', 'CH2', 'CHZ']",2019-01-20T17:18:04.350000Z,1.27
1075,20190120T172030Z,1J.TI8A.,"['CH1', 'CH2', 'CHZ']",2019-01-20T17:20:33.290000Z,2.36
1076,20190120T172419Z,1J.TI8A.,"['CH1', 'CH2', 'CHZ']",2019-01-20T17:24:19.320000Z,0.86
1077,20190120T172939Z,1J.TI8A.,"['CH1', 'CH2', 'CHZ']",2019-01-20T17:29:39.350000Z,1.6
1078,20190120T180050Z,1J.TI8A.,"['CH1', 'CH2', 'CHZ']",2019-01-20T18:00:50.080000Z,17.93
1079,20190120T181118Z,1J.TI8A.,"['CH1', 'CH2', 'CHZ']",2019-01-20T18:11:18.720000Z,2.24
1080,20190120T181430Z,1J.TI8A.,"['CH1', 'CH2', 'CHZ']",2019-01-20T18:14:33.120000Z,6.33
1081,20190120T181456Z,1J.TI8A.,"['CH1', 'CH2', 'CHZ']",2019-01-20T18:15:00.660000Z,17.66
1082,20190120T182409Z,1J.TI8A.,"['CH1', 'CH2', 'CHZ']",2019-01-20T18:24:13.500000Z,2.56
1083,20190120T184753Z,1J.TI8A.,"['CH1', 'CH2', 'CHZ']",2019-01-20T18:47:53.250000Z,1.95
1084,20190120T190959Z,1J.TI8A.,"['CH1', 'CH2', 'CHZ']",2019-01-20T19:09:59.080000Z,8.35
1085,20190120T191317Z,1J.TI8A.,"['CH1', 'CH2', 'CHZ']",2019-01-20T19:13:20.360000Z,14.85
1086,20190120T195833Z,1J.TI8A.,"['CH1', 'CH2', 'CHZ']",2019-01-20T19:58:33.760000Z,2.07
1087,20190120T200107Z,1J.TI8A.,"['CH1', 'CH2', 'CHZ']",2019-01-20T20:01:07.990000Z,51.57
1088,20190120T201016Z,1J.TI8A.,"['CH1', 'CH2', 'CHZ']",2019-01-20T20:10:16.630000Z,22.82
1089,20190120T201043Z,1J.TI8A.,"['CH1', 'CH2', 'CHZ']",2019-01-20T20:10:48.070000Z,14.74
1090,20190120T201537Z,1J.TI8A.,"['CH1', 'CH2', 'CHZ']",2019-01-20T20:15:42.490000Z,9.4
1091,20190120T201712Z,1J.TI8A.,"['CH1', 'CH2', 'CHZ']",2019-01-20T20:17:12.620000Z,15.94
1092,20190120T201741Z,1J.TI8A.,"['CH1', 'CH2', 'CHZ']",2019-01-20T20:17:48.880000Z,14.89
1093,20190120T204150Z,1J.TI8A.,"['CH1', 'CH2', 'CHZ']",2019-01-20T20:41:50.640000Z,35.38
1094,20190120T204603Z,1J.TI8A.,"['CH1', 'CH2', 'CHZ']",2019-01-20T20:46:04.190000Z,51.22
1095,20190120T205342Z,1J.TI8A.,"['CH1', 'CH2', 'CHZ']",2019-01-20T20:53:42.660000Z,20.11
1096,20190120T205809Z,1J.TI8A.,"['CH1', 'CH2', 'CHZ']",2019-01-20T20:58:09.610000Z,10.98
1097,20190120T210053Z,1J.TI8A.,"['CH1', 'CH2', 'CHZ']",2019-01-20T21:00:53.260000Z,48.3
1098,20190120T210743Z,1J.TI8A.,"['CH1', 'CH2', 'CHZ']",2019-01-20T21:07:43.360000Z,33.17
1099,20190120T211652Z,1J.TI8A.,"['CH1', 'CH2', 'CHZ']",2019-01-20T21:17:04.020000Z,20.06
1100,20190120T212135Z,1J.TI8A.,"['CH1', 'CH2', 'CHZ']",2019-01-20T21:21:35.630000Z,2.61
1101,20190120T212156Z,1J.TI8A.,"['CH1', 'CH2', 'CHZ']",2019-01-20T21:22:20.340000Z,38.48
1102,20190120T212335Z,1J.TI8A.,"['CH1', 'CH2', 'CHZ']",2019-01-20T21:23:38.950000Z,14.04
1103,20190120T212429Z,1J.TI8A.,"['CH1', 'CH2', 'CHZ']",2019-01-20T21:24:29.660000Z,13.13
1104,20190120T212703Z,1J.TI8A.,"['CH1', 'CH2', 'CHZ']",2019-01-20T21:27:03.250000Z,1.24
1105,20190120T212916Z,1J.TI8A.,"['CH1', 'CH2', 'CHZ']",2019-01-20T21:29:19.520000Z,8.1
1106,20190120T212946Z,1J.TI8A.,"['CH1', 'CH2', 'CHZ']",2019-01-20T21:29:46.510000Z,1.94
1107,20190120T214537Z,1J.TI8A.,"['CH1', 'CH2', 'CHZ']",2019-01-20T21:45:37.250000Z,20.46
1108,20190120T214912Z,1J.TI8A.,"['CH1', 'CH2', 'CHZ']",2019-01-20T21:49:16.400000Z,15.68
1109,20190120T220134Z,1J.TI8A.,"['CH1', 'CH2', 'CHZ']",2019-01-20T22:01:40.370000Z,13.73
1110,20190120T220555Z,1J.TI8A.,"['CH1', 'CH2', 'CHZ']",2019-01-20T22:05:55.160000Z,17.33
1111,20190120T220854Z,1J.TI8A.,"['CH1', 'CH2', 'CHZ']",2019-01-20T22:08:56.790000Z,45.28
1112,20190120T223927Z,1J.TI8A.,"['CH1', 'CH2', 'CHZ']",2019-01-20T22:39:27.010000Z,1.34
1113,20190120T224632Z,1J.TI8A.,"['CH1', 'CH2', 'CHZ']",2019-01-20T22:46:34.120000Z,33.17
1114,20190120T225942Z,1J.TI8A.,"['CH1', 'CH2', 'CHZ']",2019-01-20T22:59:48.680000Z,48.55
1115,20190120T230323Z,1J.TI8A.,"['CH1', 'CH2', 'CHZ']",2019-01-20T23:03:23.550000Z,7.09
1116,20190120T231859Z,1J.TI8A.,"['CH1', 'CH2', 'CHZ']",2019-01-20T23:19:01.740000Z,11.43
1117,20190120T233838Z,1J.TI8A.,"['CH1', 'CH2', 'CHZ']",2019-01-20T23:38:38.290000Z,4.77
1118,20190120T233939Z,1J.TI8A.,"['CH1', 'CH2', 'CHZ']",2019-01-20T23:39:41.200000Z,21.87
1119,20190120T235131Z,1J.TI8A.,"['CH1', 'CH2', 'CHZ']",2019-01-20T23:51:36.430000Z,7.82
1120,20190120T235723Z,1J.TI8A.,"['CH1', 'CH2', 'CHZ']",2019-01-20T23:57:38.720000Z,4.02
1121,20190120T000001Z,1J.TI6A.,"['CH1', 'CH2', 'CHZ']",2019-01-20T00:00:01.920000Z,17.76
1122,20190120T000447Z,1J.TI6A.,"['CH1', 'CH2', 'CHZ']",2019-01-20T00:04:47.200000Z,14.05
1123,20190120T001041Z,1J.TI6A.,"['CH1', 'CH2', 'CHZ']",2019-01-20T00:11:08.910000Z,19.65
1124,20190120T001257Z,1J.TI6A.,"['CH1', 'CH2', 'CHZ']",2019-01-20T00:12:57.910000Z,3.26
1125,20190120T001646Z,1J.TI6A.,"['CH1', 'CH2', 'CHZ']",2019-01-20T00:16:51.370000Z,1.41
1126,20190120T002652Z,1J.TI6A.,"['CH1', 'CH2', 'CHZ']",2019-01-20T00:26:55.620000Z,48.34
1127,20190120T003829Z,1J.TI6A.,"['CH1', 'CH2', 'CHZ']",2019-01-20T00:38:33.710000Z,6.22
1128,20190120T010216Z,1J.TI6A.,"['CH1', 'CH2', 'CHZ']",2019-01-20T01:02:21.370000Z,3.2
1129,20190120T011720Z,1J.TI6A.,"['CH1', 'CH2', 'CHZ']",2019-01-20T01:17:20.280000Z,22.12
1130,20190120T013012Z,1J.TI6A.,"['CH1', 'CH2', 'CHZ']",2019-01-20T01:30:13.170000Z,13.19
1131,20190120T021203Z,1J.TI6A.,"['CH1', 'CH2', 'CHZ']",2019-01-20T02:12:04.780000Z,23.0
1132,20190120T021604Z,1J.TI6A.,"['CH1', 'CH2', 'CHZ']",2019-01-20T02:16:08.160000Z,15.86
1133,20190120T023514Z,1J.TI6A.,"['CH1', 'CH2', 'CHZ']",2019-01-20T02:35:18.060000Z,16.77
1134,20190120T025823Z,1J.TI6A.,"['CH1', 'CH2', 'CHZ']",2019-01-20T02:58:28.760000Z,8.92
1135,20190120T030255Z,1J.TI6A.,"['CH1', 'CH2', 'CHZ']",2019-01-20T03:02:59.000000Z,8.2
1136,20190120T032352Z,1J.TI6A.,"['CH1', 'CH2', 'CHZ']",2019-01-20T03:23:55.000000Z,14.62
1137,20190120T034830Z,1J.TI6A.,"['CH1', 'CH2', 'CHZ']",2019-01-20T03:48:30.440000Z,1.16
1138,20190120T035426Z,1J.TI6A.,"['CH1', 'CH2', 'CHZ']",2019-01-20T03:54:31.260000Z,5.8
1139,20190120T035645Z,1J.TI6A.,"['CH1', 'CH2', 'CHZ']",2019-01-20T03:56:45.930000Z,0.95
1140,20190120T035829Z,1J.TI6A.,"['CH1', 'CH2', 'CHZ']",2019-01-20T03:58:33.140000Z,1.59
1141,20190120T035937Z,1J.TI6A.,"['CH1', 'CH2', 'CHZ']",2019-01-20T03:59:38.290000Z,7.77
1142,20190120T040024Z,1J.TI6A.,"['CH1', 'CH2', 'CHZ']",2019-01-20T04:00:24.780000Z,18.22
1143,20190120T040815Z,1J.TI6A.,"['CH1', 'CH2', 'CHZ']",2019-01-20T04:08:15.990000Z,0.99
1144,20190120T040853Z,1J.TI6A.,"['CH1', 'CH2', 'CHZ']",2019-01-20T04:08:58.200000Z,2.49
1145,20190120T041430Z,1J.TI6A.,"['CH1', 'CH2', 'CHZ']",2019-01-20T04:14:32.190000Z,15.78
1146,20190120T041625Z,1J.TI6A.,"['CH1', 'CH2', 'CHZ']",2019-01-20T04:16:25.130000Z,1.02
1147,20190120T042027Z,1J.TI6A.,"['CH1', 'CH2', 'CHZ']",2019-01-20T04:20:27.170000Z,1.03
1148,20190120T042521Z,1J.TI6A.,"['CH1', 'CH2', 'CHZ']",2019-01-20T04:25:21.710000Z,1.26
1149,20190120T042658Z,1J.TI6A.,"['CH1', 'CH2', 'CHZ']",2019-01-20T04:27:03.090000Z,9.37
1150,20190120T042724Z,1J.TI6A.,"['CH1', 'CH2', 'CHZ']",2019-01-20T04:27:25.690000Z,15.78
1151,20190120T042932Z,1J.TI6A.,"['CH1', 'CH2', 'CHZ']",2019-01-20T04:29:33.470000Z,7.01
1152,20190120T043320Z,1J.TI6A.,"['CH1', 'CH2', 'CHZ']",2019-01-20T04:33:22.650000Z,52.16
1153,20190120T043457Z,1J.TI6A.,"['CH1', 'CH2', 'CHZ']",2019-01-20T04:34:57.930000Z,1.02
1154,20190120T043646Z,1J.TI6A.,"['CH1', 'CH2', 'CHZ']",2019-01-20T04:36:49.790000Z,5.34
1155,20190120T043816Z,1J.TI6A.,"['CH1', 'CH2', 'CHZ']",2019-01-20T04:38:16.960000Z,0.99
1156,20190120T044007Z,1J.TI6A.,"['CH1', 'CH2', 'CHZ']",2019-01-20T04:40:09.940000Z,3.29
1157,20190120T044511Z,1J.TI6A.,"['CH1', 'CH2', 'CHZ']",2019-01-20T04:45:11.540000Z,3.66
1158,20190120T044816Z,1J.TI6A.,"['CH1', 'CH2', 'CHZ']",2019-01-20T04:48:16.770000Z,3.0
1159,20190120T045226Z,1J.TI6A.,"['CH1', 'CH2', 'CHZ']",2019-01-20T04:52:38.070000Z,43.06
1160,20190120T045404Z,1J.TI6A.,"['CH1', 'CH2', 'CHZ']",2019-01-20T04:54:04.400000Z,2.4
1161,20190120T045542Z,1J.TI6A.,"['CH1', 'CH2', 'CHZ']",2019-01-20T04:55:42.920000Z,4.05
1162,20190120T045553Z,1J.TI6A.,"['CH1', 'CH2', 'CHZ']",2019-01-20T04:55:54.680000Z,8.17
1163,20190120T050021Z,1J.TI6A.,"['CH1', 'CH2', 'CHZ']",2019-01-20T05:00:30.900000Z,4.84
1164,20190120T050412Z,1J.TI6A.,"['CH1', 'CH2', 'CHZ']",2019-01-20T05:04:12.380000Z,8.72
1165,20190120T050502Z,1J.TI6A.,"['CH1', 'CH2', 'CHZ']",2019-01-20T05:05:15.010000Z,16.05
1166,20190120T050604Z,1J.TI6A.,"['CH1', 'CH2', 'CHZ']",2019-01-20T05:06:06.080000Z,1.41
1167,20190120T050837Z,1J.TI6A.,"['CH1', 'CH2', 'CHZ']",2019-01-20T05:08:38.890000Z,52.38
1168,20190120T051013Z,1J.TI6A.,"['CH1', 'CH2', 'CHZ']",2019-01-20T05:10:17.610000Z,1.5
1169,20190120T051250Z,1J.TI6A.,"['CH1', 'CH2', 'CHZ']",2019-01-20T05:12:50.130000Z,4.26
1170,20190120T051321Z,1J.TI6A.,"['CH1', 'CH2', 'CHZ']",2019-01-20T05:13:21.250000Z,2.02
1171,20190120T051525Z,1J.TI6A.,"['CH1', 'CH2', 'CHZ']",2019-01-20T05:15:27.310000Z,9.01
1172,20190120T051549Z,1J.TI6A.,"['CH1', 'CH2', 'CHZ']",2019-01-20T05:15:53.620000Z,8.55
1173,20190120T051645Z,1J.TI6A.,"['CH1', 'CH2', 'CHZ']",2019-01-20T05:16:45.300000Z,1.12
1174,20190120T051927Z,1J.TI6A.,"['CH1', 'CH2', 'CHZ']",2019-01-20T05:19:55.280000Z,56.46
1175,20190120T052213Z,1J.TI6A.,"['CH1', 'CH2', 'CHZ']",2019-01-20T05:22:13.870000Z,3.75
1176,20190120T052229Z,1J.TI6A.,"['CH1', 'CH2', 'CHZ']",2019-01-20T05:22:43.420000Z,4.1
1177,20190120T052307Z,1J.TI6A.,"['CH1', 'CH2', 'CHZ']",2019-01-20T05:23:09.020000Z,19.73
1178,20190120T052427Z,1J.TI6A.,"['CH1', 'CH2', 'CHZ']",2019-01-20T05:24:27.900000Z,5.0
1179,20190120T052454Z,1J.TI6A.,"['CH1', 'CH2', 'CHZ']",2019-01-20T05:24:56.110000Z,3.46
1180,20190120T052730Z,1J.TI6A.,"['CH1', 'CH2', 'CHZ']",2019-01-20T05:27:30.180000Z,11.7
1181,20190120T052844Z,1J.TI6A.,"['CH1', 'CH2', 'CHZ']",2019-01-20T05:28:48.790000Z,3.5
1182,20190120T053049Z,1J.TI6A.,"['CH1', 'CH2', 'CHZ']",2019-01-20T05:30:49.290000Z,4.6
1183,20190120T053220Z,1J.TI6A.,"['CH1', 'CH2', 'CHZ']",2019-01-20T05:32:22.290000Z,38.29
1184,20190120T053306Z,1J.TI6A.,"['CH1', 'CH2', 'CHZ']",2019-01-20T05:33:06.660000Z,9.03
1185,20190120T053418Z,1J.TI6A.,"['CH1', 'CH2', 'CHZ']",2019-01-20T05:34:20.130000Z,6.23
1186,20190120T053614Z,1J.TI6A.,"['CH1', 'CH2', 'CHZ']",2019-01-20T05:36:14.680000Z,23.3
1187,20190120T053827Z,1J.TI6A.,"['CH1', 'CH2', 'CHZ']",2019-01-20T05:38:27.210000Z,2.55
1188,20190120T054157Z,1J.TI6A.,"['CH1', 'CH2', 'CHZ']",2019-01-20T05:42:00.970000Z,12.79
1189,20190120T054730Z,1J.TI6A.,"['CH1', 'CH2', 'CHZ']",2019-01-20T05:47:30.180000Z,4.24
1190,20190120T054749Z,1J.TI6A.,"['CH1', 'CH2', 'CHZ']",2019-01-20T05:47:49.170000Z,5.14
1191,20190120T054840Z,1J.TI6A.,"['CH1', 'CH2', 'CHZ']",2019-01-20T05:48:40.120000Z,12.38
1192,20190120T055311Z,1J.TI6A.,"['CH1', 'CH2', 'CHZ']",2019-01-20T05:53:12.930000Z,6.04
1193,20190120T055400Z,1J.TI6A.,"['CH1', 'CH2', 'CHZ']",2019-01-20T05:54:00.250000Z,15.8
1194,20190120T055805Z,1J.TI6A.,"['CH1', 'CH2', 'CHZ']",2019-01-20T05:58:05.310000Z,7.0
1195,20190120T055848Z,1J.TI6A.,"['CH1', 'CH2', 'CHZ']",2019-01-20T05:58:48.780000Z,3.62
1196,20190120T060214Z,1J.TI6A.,"['CH1', 'CH2', 'CHZ']",2019-01-20T06:02:14.730000Z,15.73
1197,20190120T060617Z,1J.TI6A.,"['CH1', 'CH2', 'CHZ']",2019-01-20T06:06:17.220000Z,17.11
1198,20190120T060703Z,1J.TI6A.,"['CH1', 'CH2', 'CHZ']",2019-01-20T06:07:03.400000Z,2.65
1199,20190120T061350Z,1J.TI6A.,"['CH1', 'CH2', 'CHZ']",2019-01-20T06:13:53.700000Z,19.74
1200,20190120T061452Z,1J.TI6A.,"['CH1', 'CH2', 'CHZ']",2019-01-20T06:14:54.380000Z,5.68
1201,20190120T061519Z,1J.TI6A.,"['CH1', 'CH2', 'CHZ']",2019-01-20T06:15:19.480000Z,20.11
1202,20190120T061640Z,1J.TI6A.,"['CH1', 'CH2', 'CHZ']",2019-01-20T06:16:40.230000Z,3.31
1203,20190120T062035Z,1J.TI6A.,"['CH1', 'CH2', 'CHZ']",2019-01-20T06:20:36.950000Z,50.17
1204,20190120T062338Z,1J.TI6A.,"['CH1', 'CH2', 'CHZ']",2019-01-20T06:23:39.430000Z,5.63
1205,20190120T062404Z,1J.TI6A.,"['CH1', 'CH2', 'CHZ']",2019-01-20T06:24:04.500000Z,7.79
1206,20190120T062504Z,1J.TI6A.,"['CH1', 'CH2', 'CHZ']",2019-01-20T06:25:04.280000Z,3.12
1207,20190120T062737Z,1J.TI6A.,"['CH1', 'CH2', 'CHZ']",2019-01-20T06:27:37.770000Z,12.92
1208,20190120T063303Z,1J.TI6A.,"['CH1', 'CH2', 'CHZ']",2019-01-20T06:33:03.090000Z,90.19
1209,20190120T063536Z,1J.TI6A.,"['CH1', 'CH2', 'CHZ']",2019-01-20T06:35:38.360000Z,1.46
1210,20190120T063803Z,1J.TI6A.,"['CH1', 'CH2', 'CHZ']",2019-01-20T06:38:05.530000Z,20.13
1211,20190120T063832Z,1J.TI6A.,"['CH1', 'CH2', 'CHZ']",2019-01-20T06:38:33.950000Z,22.85
1212,20190120T064051Z,1J.TI6A.,"['CH1', 'CH2', 'CHZ']",2019-01-20T06:40:52.870000Z,8.37
1213,20190120T064118Z,1J.TI6A.,"['CH1', 'CH2', 'CHZ']",2019-01-20T06:41:21.230000Z,18.04
1214,20190120T064357Z,1J.TI6A.,"['CH1', 'CH2', 'CHZ']",2019-01-20T06:43:57.140000Z,3.96
1215,20190120T064427Z,1J.TI6A.,"['CH1', 'CH2', 'CHZ']",2019-01-20T06:44:27.980000Z,3.61
1216,20190120T065122Z,1J.TI6A.,"['CH1', 'CH2', 'CHZ']",2019-01-20T06:51:22.720000Z,8.91
1217,20190120T065221Z,1J.TI6A.,"['CH1', 'CH2', 'CHZ']",2019-01-20T06:52:22.040000Z,27.05
1218,20190120T065445Z,1J.TI6A.,"['CH1', 'CH2', 'CHZ']",2019-01-20T06:54:48.910000Z,9.61
1219,20190120T065522Z,1J.TI6A.,"['CH1', 'CH2', 'CHZ']",2019-01-20T06:55:25.360000Z,12.73
1220,20190120T065640Z,1J.TI6A.,"['CH1', 'CH2', 'CHZ']",2019-01-20T06:56:42.100000Z,19.8
1221,20190120T070336Z,1J.TI6A.,"['CH1', 'CH2', 'CHZ']",2019-01-20T07:03:38.370000Z,20.39
1222,20190120T070404Z,1J.TI6A.,"['CH1', 'CH2', 'CHZ']",2019-01-20T07:04:04.080000Z,6.14
1223,20190120T070422Z,1J.TI6A.,"['CH1', 'CH2', 'CHZ']",2019-01-20T07:04:23.580000Z,70.39
1224,20190120T070709Z,1J.TI6A.,"['CH1', 'CH2', 'CHZ']",2019-01-20T07:07:12.880000Z,3.36
1225,20190120T070923Z,1J.TI6A.,"['CH1', 'CH2', 'CHZ']",2019-01-20T07:09:23.870000Z,3.06
1226,20190120T071339Z,1J.TI6A.,"['CH1', 'CH2', 'CHZ']",2019-01-20T07:13:39.300000Z,1.25
1227,20190120T071426Z,1J.TI6A.,"['CH1', 'CH2', 'CHZ']",2019-01-20T07:14:27.710000Z,3.26
1228,20190120T071554Z,1J.TI6A.,"['CH1', 'CH2', 'CHZ']",2019-01-20T07:15:54.210000Z,7.76
1229,20190120T071754Z,1J.TI6A.,"['CH1', 'CH2', 'CHZ']",2019-01-20T07:17:54.570000Z,21.32
1230,20190120T072002Z,1J.TI6A.,"['CH1', 'CH2', 'CHZ']",2019-01-20T07:20:02.970000Z,5.5
1231,20190120T072143Z,1J.TI6A.,"['CH1', 'CH2', 'CHZ']",2019-01-20T07:21:43.780000Z,4.58
1232,20190120T072313Z,1J.TI6A.,"['CH1', 'CH2', 'CHZ']",2019-01-20T07:23:14.740000Z,24.26
1233,20190120T072745Z,1J.TI6A.,"['CH1', 'CH2', 'CHZ']",2019-01-20T07:27:45.870000Z,18.04
1234,20190120T072904Z,1J.TI6A.,"['CH1', 'CH2', 'CHZ']",2019-01-20T07:29:05.730000Z,6.71
1235,20190120T073205Z,1J.TI6A.,"['CH1', 'CH2', 'CHZ']",2019-01-20T07:32:05.880000Z,7.06
1236,20190120T073718Z,1J.TI6A.,"['CH1', 'CH2', 'CHZ']",2019-01-20T07:37:18.600000Z,2.39
1237,20190120T074113Z,1J.TI6A.,"['CH1', 'CH2', 'CHZ']",2019-01-20T07:41:13.880000Z,9.72
1238,20190120T074225Z,1J.TI6A.,"['CH1', 'CH2', 'CHZ']",2019-01-20T07:42:25.020000Z,1.9
1239,20190120T074416Z,1J.TI6A.,"['CH1', 'CH2', 'CHZ']",2019-01-20T07:44:17.060000Z,18.91
1240,20190120T074510Z,1J.TI6A.,"['CH1', 'CH2', 'CHZ']",2019-01-20T07:45:10.890000Z,2.89
1241,20190120T074920Z,1J.TI6A.,"['CH1', 'CH2', 'CHZ']",2019-01-20T07:49:20.720000Z,4.01
1242,20190120T075109Z,1J.TI6A.,"['CH1', 'CH2', 'CHZ']",2019-01-20T07:51:09.790000Z,2.75
1243,20190120T075320Z,1J.TI6A.,"['CH1', 'CH2', 'CHZ']",2019-01-20T07:53:20.370000Z,4.47
1244,20190120T075838Z,1J.TI6A.,"['CH1', 'CH2', 'CHZ']",2019-01-20T07:58:40.580000Z,7.11
1245,20190120T075854Z,1J.TI6A.,"['CH1', 'CH2', 'CHZ']",2019-01-20T07:58:54.970000Z,49.25
1246,20190120T080059Z,1J.TI6A.,"['CH1', 'CH2', 'CHZ']",2019-01-20T08:01:11.910000Z,8.64
1247,20190120T080206Z,1J.TI6A.,"['CH1', 'CH2', 'CHZ']",2019-01-20T08:02:06.350000Z,2.97
1248,20190120T080420Z,1J.TI6A.,"['CH1', 'CH2', 'CHZ']",2019-01-20T08:04:22.100000Z,11.77
1249,20190120T080717Z,1J.TI6A.,"['CH1', 'CH2', 'CHZ']",2019-01-20T08:07:17.940000Z,4.96
1250,20190120T080801Z,1J.TI6A.,"['CH1', 'CH2', 'CHZ']",2019-01-20T08:08:01.170000Z,2.59
1251,20190120T081007Z,1J.TI6A.,"['CH1', 'CH2', 'CHZ']",2019-01-20T08:10:07.860000Z,4.06
1252,20190120T081046Z,1J.TI6A.,"['CH1', 'CH2', 'CHZ']",2019-01-20T08:10:46.480000Z,1.2
1253,20190120T081121Z,1J.TI6A.,"['CH1', 'CH2', 'CHZ']",2019-01-20T08:11:21.250000Z,6.17
1254,20190120T081438Z,1J.TI6A.,"['CH1', 'CH2', 'CHZ']",2019-01-20T08:14:38.320000Z,5.86
1255,20190120T081523Z,1J.TI6A.,"['CH1', 'CH2', 'CHZ']",2019-01-20T08:15:23.310000Z,9.61
1256,20190120T081646Z,1J.TI6A.,"['CH1', 'CH2', 'CHZ']",2019-01-20T08:16:52.560000Z,10.65
1257,20190120T081903Z,1J.TI6A.,"['CH1', 'CH2', 'CHZ']",2019-01-20T08:19:03.940000Z,5.28
1258,20190120T082056Z,1J.TI6A.,"['CH1', 'CH2', 'CHZ']",2019-01-20T08:21:09.850000Z,17.39
1259,20190120T082142Z,1J.TI6A.,"['CH1', 'CH2', 'CHZ']",2019-01-20T08:21:42.250000Z,1.32
1260,20190120T082220Z,1J.TI6A.,"['CH1', 'CH2', 'CHZ']",2019-01-20T08:22:20.340000Z,3.39
1261,20190120T082251Z,1J.TI6A.,"['CH1', 'CH2', 'CHZ']",2019-01-20T08:22:51.680000Z,2.48
1262,20190120T082319Z,1J.TI6A.,"['CH1', 'CH2', 'CHZ']",2019-01-20T08:23:21.990000Z,23.02
1263,20190120T082453Z,1J.TI6A.,"['CH1', 'CH2', 'CHZ']",2019-01-20T08:24:53.200000Z,0.74
1264,20190120T082511Z,1J.TI6A.,"['CH1', 'CH2', 'CHZ']",2019-01-20T08:25:11.840000Z,2.49
1265,20190120T082636Z,1J.TI6A.,"['CH1', 'CH2', 'CHZ']",2019-01-20T08:26:36.280000Z,3.28
1266,20190120T082713Z,1J.TI6A.,"['CH1', 'CH2', 'CHZ']",2019-01-20T08:27:13.330000Z,2.11
1267,20190120T082809Z,1J.TI6A.,"['CH1', 'CH2', 'CHZ']",2019-01-20T08:28:09.780000Z,3.44
1268,20190120T082902Z,1J.TI6A.,"['CH1', 'CH2', 'CHZ']",2019-01-20T08:29:02.490000Z,19.3
1269,20190120T083001Z,1J.TI6A.,"['CH1', 'CH2', 'CHZ']",2019-01-20T08:30:01.640000Z,1.62
1270,20190120T083037Z,1J.TI6A.,"['CH1', 'CH2', 'CHZ']",2019-01-20T08:30:37.590000Z,5.46
1271,20190120T083128Z,1J.TI6A.,"['CH1', 'CH2', 'CHZ']",2019-01-20T08:31:28.390000Z,4.01
1272,20190120T083201Z,1J.TI6A.,"['CH1', 'CH2', 'CHZ']",2019-01-20T08:32:01.200000Z,2.05
1273,20190120T083347Z,1J.TI6A.,"['CH1', 'CH2', 'CHZ']",2019-01-20T08:33:47.140000Z,3.68
1274,20190120T083524Z,1J.TI6A.,"['CH1', 'CH2', 'CHZ']",2019-01-20T08:35:24.070000Z,3.81
1275,20190120T083703Z,1J.TI6A.,"['CH1', 'CH2', 'CHZ']",2019-01-20T08:37:18.750000Z,4.86
1276,20190120T083759Z,1J.TI6A.,"['CH1', 'CH2', 'CHZ']",2019-01-20T08:37:59.740000Z,47.01
1277,20190120T084148Z,1J.TI6A.,"['CH1', 'CH2', 'CHZ']",2019-01-20T08:41:48.990000Z,22.58
1278,20190120T084319Z,1J.TI6A.,"['CH1', 'CH2', 'CHZ']",2019-01-20T08:43:19.080000Z,0.84
1279,20190120T084455Z,1J.TI6A.,"['CH1', 'CH2', 'CHZ']",2019-01-20T08:44:55.300000Z,2.92
1280,20190120T084536Z,1J.TI6A.,"['CH1', 'CH2', 'CHZ']",2019-01-20T08:45:36.010000Z,6.35
1281,20190120T084652Z,1J.TI6A.,"['CH1', 'CH2', 'CHZ']",2019-01-20T08:46:52.680000Z,1.89
1282,20190120T084828Z,1J.TI6A.,"['CH1', 'CH2', 'CHZ']",2019-01-20T08:48:28.780000Z,10.85
1283,20190120T084908Z,1J.TI6A.,"['CH1', 'CH2', 'CHZ']",2019-01-20T08:49:08.110000Z,0.92
1284,20190120T084955Z,1J.TI6A.,"['CH1', 'CH2', 'CHZ']",2019-01-20T08:49:55.960000Z,0.86
1285,20190120T085042Z,1J.TI6A.,"['CH1', 'CH2', 'CHZ']",2019-01-20T08:50:42.160000Z,44.01
1286,20190120T085222Z,1J.TI6A.,"['CH1', 'CH2', 'CHZ']",2019-01-20T08:52:22.170000Z,2.41
1287,20190120T085317Z,1J.TI6A.,"['CH1', 'CH2', 'CHZ']",2019-01-20T08:53:17.070000Z,2.32
1288,20190120T085458Z,1J.TI6A.,"['CH1', 'CH2', 'CHZ']",2019-01-20T08:55:00.040000Z,7.57
1289,20190120T085545Z,1J.TI6A.,"['CH1', 'CH2', 'CHZ']",2019-01-20T08:55:45.660000Z,2.53
1290,20190120T085721Z,1J.TI6A.,"['CH1', 'CH2', 'CHZ']",2019-01-20T08:57:21.500000Z,3.34
1291,20190120T090026Z,1J.TI6A.,"['CH1', 'CH2', 'CHZ']",2019-01-20T09:00:26.890000Z,4.62
1292,20190120T090039Z,1J.TI6A.,"['CH1', 'CH2', 'CHZ']",2019-01-20T09:00:39.870000Z,6.64
1293,20190120T090156Z,1J.TI6A.,"['CH1', 'CH2', 'CHZ']",2019-01-20T09:01:56.250000Z,1.31
1294,20190120T090307Z,1J.TI6A.,"['CH1', 'CH2', 'CHZ']",2019-01-20T09:03:07.570000Z,5.34
1295,20190120T090326Z,1J.TI6A.,"['CH1', 'CH2', 'CHZ']",2019-01-20T09:03:26.300000Z,1.72
1296,20190120T090417Z,1J.TI6A.,"['CH1', 'CH2', 'CHZ']",2019-01-20T09:04:24.600000Z,1.67
1297,20190120T090520Z,1J.TI6A.,"['CH1', 'CH2', 'CHZ']",2019-01-20T09:05:20.690000Z,3.81
1298,20190120T090659Z,1J.TI6A.,"['CH1', 'CH2', 'CHZ']",2019-01-20T09:06:59.780000Z,10.12
1299,20190120T090838Z,1J.TI6A.,"['CH1', 'CH2', 'CHZ']",2019-01-20T09:08:38.800000Z,3.74
1300,20190120T090905Z,1J.TI6A.,"['CH1', 'CH2', 'CHZ']",2019-01-20T09:09:05.980000Z,19.49
1301,20190120T091033Z,1J.TI6A.,"['CH1', 'CH2', 'CHZ']",2019-01-20T09:10:33.010000Z,2.13
1302,20190120T091055Z,1J.TI6A.,"['CH1', 'CH2', 'CHZ']",2019-01-20T09:10:57.680000Z,15.45
1303,20190120T091239Z,1J.TI6A.,"['CH1', 'CH2', 'CHZ']",2019-01-20T09:12:39.020000Z,2.62
1304,20190120T091249Z,1J.TI6A.,"['CH1', 'CH2', 'CHZ']",2019-01-20T09:12:49.340000Z,1.52
1305,20190120T091317Z,1J.TI6A.,"['CH1', 'CH2', 'CHZ']",2019-01-20T09:13:18.230000Z,11.27
1306,20190120T091419Z,1J.TI6A.,"['CH1', 'CH2', 'CHZ']",2019-01-20T09:14:19.120000Z,1.61
1307,20190120T091451Z,1J.TI6A.,"['CH1', 'CH2', 'CHZ']",2019-01-20T09:14:54.030000Z,13.2
1308,20190120T091639Z,1J.TI6A.,"['CH1', 'CH2', 'CHZ']",2019-01-20T09:16:39.060000Z,2.35
1309,20190120T091717Z,1J.TI6A.,"['CH1', 'CH2', 'CHZ']",2019-01-20T09:17:21.660000Z,11.59
1310,20190120T091811Z,1J.TI6A.,"['CH1', 'CH2', 'CHZ']",2019-01-20T09:18:11.580000Z,1.44
1311,20190120T091941Z,1J.TI6A.,"['CH1', 'CH2', 'CHZ']",2019-01-20T09:19:41.180000Z,7.03
1312,20190120T092047Z,1J.TI6A.,"['CH1', 'CH2', 'CHZ']",2019-01-20T09:20:48.150000Z,13.04
1313,20190120T092138Z,1J.TI6A.,"['CH1', 'CH2', 'CHZ']",2019-01-20T09:21:38.830000Z,0.9
1314,20190120T092158Z,1J.TI6A.,"['CH1', 'CH2', 'CHZ']",2019-01-20T09:21:58.360000Z,2.29
1315,20190120T092322Z,1J.TI6A.,"['CH1', 'CH2', 'CHZ']",2019-01-20T09:23:22.380000Z,1.92
1316,20190120T092457Z,1J.TI6A.,"['CH1', 'CH2', 'CHZ']",2019-01-20T09:24:57.720000Z,10.66
1317,20190120T092557Z,1J.TI6A.,"['CH1', 'CH2', 'CHZ']",2019-01-20T09:25:57.030000Z,1.21
1318,20190120T092608Z,1J.TI6A.,"['CH1', 'CH2', 'CHZ']",2019-01-20T09:26:08.520000Z,3.4
1319,20190120T092641Z,1J.TI6A.,"['CH1', 'CH2', 'CHZ']",2019-01-20T09:26:45.250000Z,2.05
1320,20190120T092800Z,1J.TI6A.,"['CH1', 'CH2', 'CHZ']",2019-01-20T09:28:00.570000Z,1.47
1321,20190120T092944Z,1J.TI6A.,"['CH1', 'CH2', 'CHZ']",2019-01-20T09:29:44.120000Z,1.68
1322,20190120T093111Z,1J.TI6A.,"['CH1', 'CH2', 'CHZ']",2019-01-20T09:31:11.980000Z,0.74
1323,20190120T093126Z,1J.TI6A.,"['CH1', 'CH2', 'CHZ']",2019-01-20T09:31:26.480000Z,4.33
1324,20190120T093137Z,1J.TI6A.,"['CH1', 'CH2', 'CHZ']",2019-01-20T09:31:37.470000Z,1.22
1325,20190120T093400Z,1J.TI6A.,"['CH1', 'CH2', 'CHZ']",2019-01-20T09:34:00.380000Z,1.86
1326,20190120T093545Z,1J.TI6A.,"['CH1', 'CH2', 'CHZ']",2019-01-20T09:35:45.640000Z,0.7
1327,20190120T093623Z,1J.TI6A.,"['CH1', 'CH2', 'CHZ']",2019-01-20T09:36:23.190000Z,3.17
1328,20190120T093731Z,1J.TI6A.,"['CH1', 'CH2', 'CHZ']",2019-01-20T09:37:33.520000Z,4.65
1329,20190120T093845Z,1J.TI6A.,"['CH1', 'CH2', 'CHZ']",2019-01-20T09:38:46.140000Z,6.25
1330,20190120T093917Z,1J.TI6A.,"['CH1', 'CH2', 'CHZ']",2019-01-20T09:39:17.930000Z,52.26
1331,20190120T094122Z,1J.TI6A.,"['CH1', 'CH2', 'CHZ']",2019-01-20T09:41:22.370000Z,1.98
1332,20190120T094141Z,1J.TI6A.,"['CH1', 'CH2', 'CHZ']",2019-01-20T09:41:41.640000Z,0.72
1333,20190120T094214Z,1J.TI6A.,"['CH1', 'CH2', 'CHZ']",2019-01-20T09:42:14.580000Z,1.72
1334,20190120T094331Z,1J.TI6A.,"['CH1', 'CH2', 'CHZ']",2019-01-20T09:43:31.260000Z,0.87
1335,20190120T094504Z,1J.TI6A.,"['CH1', 'CH2', 'CHZ']",2019-01-20T09:45:04.360000Z,1.61
1336,20190120T094541Z,1J.TI6A.,"['CH1', 'CH2', 'CHZ']",2019-01-20T09:45:41.460000Z,17.31
1337,20190120T094641Z,1J.TI6A.,"['CH1', 'CH2', 'CHZ']",2019-01-20T09:46:41.260000Z,2.24
1338,20190120T094744Z,1J.TI6A.,"['CH1', 'CH2', 'CHZ']",2019-01-20T09:47:44.260000Z,1.36
1339,20190120T094922Z,1J.TI6A.,"['CH1', 'CH2', 'CHZ']",2019-01-20T09:49:22.400000Z,1.04
1340,20190120T095113Z,1J.TI6A.,"['CH1', 'CH2', 'CHZ']",2019-01-20T09:51:16.780000Z,8.45
1341,20190120T095814Z,1J.TI6A.,"['CH1', 'CH2', 'CHZ']",2019-01-20T09:58:14.370000Z,4.82
1342,20190120T095829Z,1J.TI6A.,"['CH1', 'CH2', 'CHZ']",2019-01-20T09:58:33.720000Z,4.48
1343,20190120T100158Z,1J.TI6A.,"['CH1', 'CH2', 'CHZ']",2019-01-20T10:01:59.640000Z,8.41
1344,20190120T100340Z,1J.TI6A.,"['CH1', 'CH2', 'CHZ']",2019-01-20T10:03:40.740000Z,4.24
1345,20190120T100506Z,1J.TI6A.,"['CH1', 'CH2', 'CHZ']",2019-01-20T10:05:06.890000Z,16.29
1346,20190120T100720Z,1J.TI6A.,"['CH1', 'CH2', 'CHZ']",2019-01-20T10:07:20.780000Z,5.91
1347,20190120T100751Z,1J.TI6A.,"['CH1', 'CH2', 'CHZ']",2019-01-20T10:07:51.010000Z,0.91
1348,20190120T100852Z,1J.TI6A.,"['CH1', 'CH2', 'CHZ']",2019-01-20T10:08:52.210000Z,20.05
1349,20190120T101011Z,1J.TI6A.,"['CH1', 'CH2', 'CHZ']",2019-01-20T10:10:11.570000Z,3.08
1350,20190120T101242Z,1J.TI6A.,"['CH1', 'CH2', 'CHZ']",2019-01-20T10:12:56.870000Z,1.53
1351,20190120T101446Z,1J.TI6A.,"['CH1', 'CH2', 'CHZ']",2019-01-20T10:14:47.220000Z,17.35
1352,20190120T101524Z,1J.TI6A.,"['CH1', 'CH2', 'CHZ']",2019-01-20T10:15:24.920000Z,1.01
1353,20190120T102048Z,1J.TI6A.,"['CH1', 'CH2', 'CHZ']",2019-01-20T10:20:48.970000Z,4.45
1354,20190120T102200Z,1J.TI6A.,"['CH1', 'CH2', 'CHZ']",2019-01-20T10:22:04.330000Z,11.71
1355,20190120T102454Z,1J.TI6A.,"['CH1', 'CH2', 'CHZ']",2019-01-20T10:24:58.830000Z,4.26
1356,20190120T102604Z,1J.TI6A.,"['CH1', 'CH2', 'CHZ']",2019-01-20T10:26:04.160000Z,1.98
1357,20190120T103121Z,1J.TI6A.,"['CH1', 'CH2', 'CHZ']",2019-01-20T10:31:21.590000Z,23.69
1358,20190120T103213Z,1J.TI6A.,"['CH1', 'CH2', 'CHZ']",2019-01-20T10:32:19.700000Z,2.13
1359,20190120T103627Z,1J.TI6A.,"['CH1', 'CH2', 'CHZ']",2019-01-20T10:36:27.980000Z,3.96
1360,20190120T103736Z,1J.TI6A.,"['CH1', 'CH2', 'CHZ']",2019-01-20T10:37:36.440000Z,1.36
1361,20190120T104055Z,1J.TI6A.,"['CH1', 'CH2', 'CHZ']",2019-01-20T10:40:55.760000Z,4.09
1362,20190120T104254Z,1J.TI6A.,"['CH1', 'CH2', 'CHZ']",2019-01-20T10:42:54.940000Z,34.65
1363,20190120T104505Z,1J.TI6A.,"['CH1', 'CH2', 'CHZ']",2019-01-20T10:45:05.780000Z,0.96
1364,20190120T104636Z,1J.TI6A.,"['CH1', 'CH2', 'CHZ']",2019-01-20T10:46:38.290000Z,4.95
1365,20190120T104833Z,1J.TI6A.,"['CH1', 'CH2', 'CHZ']",2019-01-20T10:48:33.850000Z,18.28
1366,20190120T104956Z,1J.TI6A.,"['CH1', 'CH2', 'CHZ']",2019-01-20T10:49:56.350000Z,19.45
1367,20190120T105100Z,1J.TI6A.,"['CH1', 'CH2', 'CHZ']",2019-01-20T10:51:04.690000Z,1.7
1368,20190120T105332Z,1J.TI6A.,"['CH1', 'CH2', 'CHZ']",2019-01-20T10:53:32.860000Z,55.98
1369,20190120T105958Z,1J.TI6A.,"['CH1', 'CH2', 'CHZ']",2019-01-20T11:00:00.210000Z,49.92
1370,20190120T110205Z,1J.TI6A.,"['CH1', 'CH2', 'CHZ']",2019-01-20T11:02:07.720000Z,3.82
1371,20190120T110233Z,1J.TI6A.,"['CH1', 'CH2', 'CHZ']",2019-01-20T11:02:37.520000Z,1.45
1372,20190120T111618Z,1J.TI6A.,"['CH1', 'CH2', 'CHZ']",2019-01-20T11:16:34.420000Z,2.39
1373,20190120T113626Z,1J.TI6A.,"['CH1', 'CH2', 'CHZ']",2019-01-20T11:36:31.050000Z,2.83
1374,20190120T114903Z,1J.TI6A.,"['CH1', 'CH2', 'CHZ']",2019-01-20T11:49:04.820000Z,10.68
1375,20190120T120116Z,1J.TI6A.,"['CH1', 'CH2', 'CHZ']",2019-01-20T12:01:17.140000Z,62.07
1376,20190120T120712Z,1J.TI6A.,"['CH1', 'CH2', 'CHZ']",2019-01-20T12:07:12.180000Z,4.7
1377,20190120T121724Z,1J.TI6A.,"['CH1', 'CH2', 'CHZ']",2019-01-20T12:17:24.780000Z,49.49
1378,20190120T122804Z,1J.TI6A.,"['CH1', 'CH2', 'CHZ']",2019-01-20T12:28:04.650000Z,1.01
1379,20190120T125153Z,1J.TI6A.,"['CH1', 'CH2', 'CHZ']",2019-01-20T12:51:57.510000Z,2.43
1380,20190120T133658Z,1J.TI6A.,"['CH1', 'CH2', 'CHZ']",2019-01-20T13:36:58.790000Z,9.52
1381,20190120T134609Z,1J.TI6A.,"['CH1', 'CH2', 'CHZ']",2019-01-20T13:46:13.690000Z,1.27
1382,20190120T140534Z,1J.TI6A.,"['CH1', 'CH2', 'CHZ']",2019-01-20T14:05:39.830000Z,2.68
1383,20190120T145729Z,1J.TI6A.,"['CH1', 'CH2', 'CHZ']",2019-01-20T14:57:29.930000Z,6.28
1384,20190120T150248Z,1J.TI6A.,"['CH1', 'CH2', 'CHZ']",2019-01-20T15:02:48.840000Z,11.21
1385,20190120T150421Z,1J.TI6A.,"['CH1', 'CH2', 'CHZ']",2019-01-20T15:04:21.310000Z,16.34
1386,20190120T152357Z,1J.TI6A.,"['CH1', 'CH2', 'CHZ']",2019-01-20T15:24:07.600000Z,10.74
1387,20190120T164816Z,1J.TI6A.,"['CH1', 'CH2', 'CHZ']",2019-01-20T16:48:20.660000Z,3.69
1388,20190120T164959Z,1J.TI6A.,"['CH1', 'CH2', 'CHZ']",2019-01-20T16:50:03.020000Z,8.44
1389,20190120T180727Z,1J.TI6A.,"['CH1', 'CH2', 'CHZ']",2019-01-20T18:07:31.910000Z,3.57
1390,20190120T181456Z,1J.TI6A.,"['CH1', 'CH2', 'CHZ']",2019-01-20T18:14:58.900000Z,16.59
1391,20190120T182702Z,1J.TI6A.,"['CH1', 'CH2', 'CHZ']",2019-01-20T18:27:02.430000Z,12.22
1392,20190120T190525Z,1J.TI6A.,"['CH1', 'CH2', 'CHZ']",2019-01-20T19:05:27.980000Z,9.96
1393,20190120T193904Z,1J.TI6A.,"['CH1', 'CH2', 'CHZ']",2019-01-20T19:39:09.360000Z,0.92
1394,20190120T200107Z,1J.TI6A.,"['CH1', 'CH2', 'CHZ']",2019-01-20T20:01:09.530000Z,45.8
1395,20190120T201537Z,1J.TI6A.,"['CH1', 'CH2', 'CHZ']",2019-01-20T20:15:37.940000Z,5.78
1396,20190120T201741Z,1J.TI6A.,"['CH1', 'CH2', 'CHZ']",2019-01-20T20:17:48.450000Z,8.75
1397,20190120T203523Z,1J.TI6A.,"['CH1', 'CH2', 'CHZ']",2019-01-20T20:35:28.340000Z,2.72
1398,20190120T204603Z,1J.TI6A.,"['CH1', 'CH2', 'CHZ']",2019-01-20T20:46:32.740000Z,18.02
1399,20190120T210053Z,1J.TI6A.,"['CH1', 'CH2', 'CHZ']",2019-01-20T21:01:19.350000Z,13.17
1400,20190120T212156Z,1J.TI6A.,"['CH1', 'CH2', 'CHZ']",2019-01-20T21:22:28.690000Z,25.89
1401,20190120T212335Z,1J.TI6A.,"['CH1', 'CH2', 'CHZ']",2019-01-20T21:23:36.510000Z,13.17
1402,20190120T213610Z,1J.TI6A.,"['CH1', 'CH2', 'CHZ']",2019-01-20T21:36:14.970000Z,0.92
1403,20190120T214912Z,1J.TI6A.,"['CH1', 'CH2', 'CHZ']",2019-01-20T21:49:13.750000Z,16.0
1404,20190120T220134Z,1J.TI6A.,"['CH1', 'CH2', 'CHZ']",2019-01-20T22:01:36.500000Z,16.41
1405,20190120T220854Z,1J.TI6A.,"['CH1', 'CH2', 'CHZ']",2019-01-20T22:09:21.940000Z,18.05
1406,20190120T224632Z,1J.TI6A.,"['CH1', 'CH2', 'CHZ']",2019-01-20T22:46:43.690000Z,18.46
1407,20190120T225942Z,1J.TI6A.,"['CH1', 'CH2', 'CHZ']",2019-01-20T23:00:13.170000Z,20.41
1408,20190120T230146Z,1J.TI6A.,"['CH1', 'CH2', 'CHZ']",2019-01-20T23:01:50.920000Z,1.77
1409,20190120T231203Z,1J.TI6A.,"['CH1', 'CH2', 'CHZ']",2019-01-20T23:12:26.480000Z,14.9
1410,20190120T231548Z,1J.TI6A.,"['CH1', 'CH2', 'CHZ']",2019-01-20T23:15:52.860000Z,10.05
1411,20190120T231859Z,1J.TI6A.,"['CH1', 'CH2', 'CHZ']",2019-01-20T23:19:01.220000Z,15.05
1412,20190120T233533Z,1J.TI6A.,"['CH1', 'CH2', 'CHZ']",2019-01-20T23:36:09.070000Z,17.17
1413,20190120T233838Z,1J.TI6A.,"['CH1', 'CH2', 'CHZ']",2019-01-20T23:38:38.750000Z,1.25
1414,20190120T233939Z,1J.TI6A.,"['CH1', 'CH2', 'CHZ']",2019-01-20T23:39:39.350000Z,22.22
1415,20190120T234151Z,1J.TI6A.,"['CH1', 'CH2', 'CHZ']",2019-01-20T23:41:53.130000Z,6.18
1416,20190120T000415Z,1J.TI1A.,"['CH1', 'CH2', 'CHZ']",2019-01-20T00:04:15.780000Z,11.52
1417,20190120T001041Z,1J.TI1A.,"['CH1', 'CH2', 'CHZ']",2019-01-20T00:10:41.840000Z,51.5
1418,20190120T001257Z,1J.TI1A.,"['CH1', 'CH2', 'CHZ']",2019-01-20T00:12:59.410000Z,1.9
1419,20190120T002619Z,1J.TI1A.,"['CH1', 'CH2', 'CHZ']",2019-01-20T00:26:19.880000Z,4.56
1420,20190120T002652Z,1J.TI1A.,"['CH1', 'CH2', 'CHZ']",2019-01-20T00:26:54.180000Z,53.4
1421,20190120T002921Z,1J.TI1A.,"['CH1', 'CH2', 'CHZ']",2019-01-20T00:29:21.920000Z,3.35
1422,20190120T003500Z,1J.TI1A.,"['CH1', 'CH2', 'CHZ']",2019-01-20T00:35:00.540000Z,10.46
1423,20190120T004344Z,1J.TI1A.,"['CH1', 'CH2', 'CHZ']",2019-01-20T00:43:44.660000Z,28.07
1424,20190120T004631Z,1J.TI1A.,"['CH1', 'CH2', 'CHZ']",2019-01-20T00:46:31.760000Z,6.75
1425,20190120T004941Z,1J.TI1A.,"['CH1', 'CH2', 'CHZ']",2019-01-20T00:49:41.020000Z,47.3
1426,20190120T005944Z,1J.TI1A.,"['CH1', 'CH2', 'CHZ']",2019-01-20T00:59:44.790000Z,3.51
1427,20190120T011156Z,1J.TI1A.,"['CH1', 'CH2', 'CHZ']",2019-01-20T01:11:56.190000Z,8.81
1428,20190120T011532Z,1J.TI1A.,"['CH1', 'CH2', 'CHZ']",2019-01-20T01:15:32.380000Z,13.53
1429,20190120T011720Z,1J.TI1A.,"['CH1', 'CH2', 'CHZ']",2019-01-20T01:17:22.290000Z,23.35
1430,20190120T012117Z,1J.TI1A.,"['CH1', 'CH2', 'CHZ']",2019-01-20T01:21:17.720000Z,2.31
1431,20190120T012255Z,1J.TI1A.,"['CH1', 'CH2', 'CHZ']",2019-01-20T01:22:56.470000Z,2.69
1432,20190120T012400Z,1J.TI1A.,"['CH1', 'CH2', 'CHZ']",2019-01-20T01:24:00.480000Z,31.36
1433,20190120T012440Z,1J.TI1A.,"['CH1', 'CH2', 'CHZ']",2019-01-20T01:24:40.090000Z,14.42
1434,20190120T012945Z,1J.TI1A.,"['CH1', 'CH2', 'CHZ']",2019-01-20T01:29:45.920000Z,10.18
1435,20190120T013050Z,1J.TI1A.,"['CH1', 'CH2', 'CHZ']",2019-01-20T01:30:50.510000Z,4.95
1436,20190120T014221Z,1J.TI1A.,"['CH1', 'CH2', 'CHZ']",2019-01-20T01:42:21.380000Z,7.21
1437,20190120T014434Z,1J.TI1A.,"['CH1', 'CH2', 'CHZ']",2019-01-20T01:44:34.820000Z,7.1
1438,20190120T014532Z,1J.TI1A.,"['CH1', 'CH2', 'CHZ']",2019-01-20T01:45:35.010000Z,33.81
1439,20190120T014926Z,1J.TI1A.,"['CH1', 'CH2', 'CHZ']",2019-01-20T01:49:26.130000Z,34.13
1440,20190120T015031Z,1J.TI1A.,"['CH1', 'CH2', 'CHZ']",2019-01-20T01:50:31.500000Z,1.97
1441,20190120T015725Z,1J.TI1A.,"['CH1', 'CH2', 'CHZ']",2019-01-20T01:57:25.370000Z,15.0
1442,20190120T020124Z,1J.TI1A.,"['CH1', 'CH2', 'CHZ']",2019-01-20T02:01:25.290000Z,10.97
1443,20190120T020219Z,1J.TI1A.,"['CH1', 'CH2', 'CHZ']",2019-01-20T02:02:19.010000Z,8.4
1444,20190120T020339Z,1J.TI1A.,"['CH1', 'CH2', 'CHZ']",2019-01-20T02:03:39.340000Z,31.56
1445,20190120T020416Z,1J.TI1A.,"['CH1', 'CH2', 'CHZ']",2019-01-20T02:04:16.720000Z,10.98
1446,20190120T020750Z,1J.TI1A.,"['CH1', 'CH2', 'CHZ']",2019-01-20T02:07:50.070000Z,29.73
1447,20190120T021203Z,1J.TI1A.,"['CH1', 'CH2', 'CHZ']",2019-01-20T02:12:10.700000Z,11.92
1448,20190120T021424Z,1J.TI1A.,"['CH1', 'CH2', 'CHZ']",2019-01-20T02:14:24.720000Z,16.64
1449,20190120T021537Z,1J.TI1A.,"['CH1', 'CH2', 'CHZ']",2019-01-20T02:15:40.890000Z,7.7
1450,20190120T021604Z,1J.TI1A.,"['CH1', 'CH2', 'CHZ']",2019-01-20T02:16:13.390000Z,13.64
1451,20190120T021834Z,1J.TI1A.,"['CH1', 'CH2', 'CHZ']",2019-01-20T02:18:34.880000Z,53.5
1452,20190120T022211Z,1J.TI1A.,"['CH1', 'CH2', 'CHZ']",2019-01-20T02:22:11.030000Z,41.49
1453,20190120T023003Z,1J.TI1A.,"['CH1', 'CH2', 'CHZ']",2019-01-20T02:30:03.780000Z,18.26
1454,20190120T023031Z,1J.TI1A.,"['CH1', 'CH2', 'CHZ']",2019-01-20T02:30:31.030000Z,11.08
1455,20190120T023109Z,1J.TI1A.,"['CH1', 'CH2', 'CHZ']",2019-01-20T02:31:09.900000Z,4.4
1456,20190120T023514Z,1J.TI1A.,"['CH1', 'CH2', 'CHZ']",2019-01-20T02:35:24.850000Z,8.87
1457,20190120T023617Z,1J.TI1A.,"['CH1', 'CH2', 'CHZ']",2019-01-20T02:36:17.680000Z,6.25
1458,20190120T023850Z,1J.TI1A.,"['CH1', 'CH2', 'CHZ']",2019-01-20T02:38:50.470000Z,4.54
1459,20190120T024251Z,1J.TI1A.,"['CH1', 'CH2', 'CHZ']",2019-01-20T02:42:51.040000Z,12.56
1460,20190120T025643Z,1J.TI1A.,"['CH1', 'CH2', 'CHZ']",2019-01-20T02:56:43.870000Z,6.85
1461,20190120T025823Z,1J.TI1A.,"['CH1', 'CH2', 'CHZ']",2019-01-20T02:58:30.200000Z,31.32
1462,20190120T030207Z,1J.TI1A.,"['CH1', 'CH2', 'CHZ']",2019-01-20T03:02:07.600000Z,4.43
1463,20190120T030742Z,1J.TI1A.,"['CH1', 'CH2', 'CHZ']",2019-01-20T03:07:42.520000Z,20.38
1464,20190120T030910Z,1J.TI1A.,"['CH1', 'CH2', 'CHZ']",2019-01-20T03:09:10.030000Z,1.85
1465,20190120T031011Z,1J.TI1A.,"['CH1', 'CH2', 'CHZ']",2019-01-20T03:10:14.790000Z,7.93
1466,20190120T031215Z,1J.TI1A.,"['CH1', 'CH2', 'CHZ']",2019-01-20T03:12:15.340000Z,1.79
1467,20190120T032135Z,1J.TI1A.,"['CH1', 'CH2', 'CHZ']",2019-01-20T03:21:35.120000Z,4.01
1468,20190120T033134Z,1J.TI1A.,"['CH1', 'CH2', 'CHZ']",2019-01-20T03:31:34.960000Z,9.22
1469,20190120T033556Z,1J.TI1A.,"['CH1', 'CH2', 'CHZ']",2019-01-20T03:35:56.930000Z,11.16
1470,20190120T033950Z,1J.TI1A.,"['CH1', 'CH2', 'CHZ']",2019-01-20T03:39:50.670000Z,6.25
1471,20190120T034618Z,1J.TI1A.,"['CH1', 'CH2', 'CHZ']",2019-01-20T03:46:19.250000Z,15.53
1472,20190120T034721Z,1J.TI1A.,"['CH1', 'CH2', 'CHZ']",2019-01-20T03:47:21.100000Z,30.16
1473,20190120T035225Z,1J.TI1A.,"['CH1', 'CH2', 'CHZ']",2019-01-20T03:52:25.740000Z,22.63
1474,20190120T035348Z,1J.TI1A.,"['CH1', 'CH2', 'CHZ']",2019-01-20T03:53:48.440000Z,1.64
1475,20190120T035823Z,1J.TI1A.,"['CH1', 'CH2', 'CHZ']",2019-01-20T03:58:23.960000Z,3.48
1476,20190120T040024Z,1J.TI1A.,"['CH1', 'CH2', 'CHZ']",2019-01-20T04:00:25.920000Z,18.28
1477,20190120T040853Z,1J.TI1A.,"['CH1', 'CH2', 'CHZ']",2019-01-20T04:08:53.990000Z,30.18
1478,20190120T041057Z,1J.TI1A.,"['CH1', 'CH2', 'CHZ']",2019-01-20T04:11:01.490000Z,6.73
1479,20190120T042042Z,1J.TI1A.,"['CH1', 'CH2', 'CHZ']",2019-01-20T04:20:42.260000Z,16.33
1480,20190120T042458Z,1J.TI1A.,"['CH1', 'CH2', 'CHZ']",2019-01-20T04:24:58.900000Z,10.19
1481,20190120T042932Z,1J.TI1A.,"['CH1', 'CH2', 'CHZ']",2019-01-20T04:29:47.200000Z,17.21
1482,20190120T043235Z,1J.TI1A.,"['CH1', 'CH2', 'CHZ']",2019-01-20T04:32:39.500000Z,10.36
1483,20190120T043320Z,1J.TI1A.,"['CH1', 'CH2', 'CHZ']",2019-01-20T04:33:57.510000Z,16.61
1484,20190120T043902Z,1J.TI1A.,"['CH1', 'CH2', 'CHZ']",2019-01-20T04:39:02.160000Z,13.92
1485,20190120T044007Z,1J.TI1A.,"['CH1', 'CH2', 'CHZ']",2019-01-20T04:40:07.860000Z,12.73
1486,20190120T044029Z,1J.TI1A.,"['CH1', 'CH2', 'CHZ']",2019-01-20T04:40:29.260000Z,2.15
1487,20190120T045058Z,1J.TI1A.,"['CH1', 'CH2', 'CHZ']",2019-01-20T04:50:58.940000Z,1.47
1488,20190120T045226Z,1J.TI1A.,"['CH1', 'CH2', 'CHZ']",2019-01-20T04:52:26.370000Z,44.84
1489,20190120T045607Z,1J.TI1A.,"['CH1', 'CH2', 'CHZ']",2019-01-20T04:56:07.610000Z,35.54
1490,20190120T050502Z,1J.TI1A.,"['CH1', 'CH2', 'CHZ']",2019-01-20T05:05:24.050000Z,7.04
1491,20190120T050837Z,1J.TI1A.,"['CH1', 'CH2', 'CHZ']",2019-01-20T05:08:40.390000Z,53.36
1492,20190120T051525Z,1J.TI1A.,"['CH1', 'CH2', 'CHZ']",2019-01-20T05:15:25.820000Z,17.77
1493,20190120T051927Z,1J.TI1A.,"['CH1', 'CH2', 'CHZ']",2019-01-20T05:19:27.720000Z,40.36
1494,20190120T052229Z,1J.TI1A.,"['CH1', 'CH2', 'CHZ']",2019-01-20T05:22:29.810000Z,6.48
1495,20190120T052454Z,1J.TI1A.,"['CH1', 'CH2', 'CHZ']",2019-01-20T05:24:54.100000Z,10.91
1496,20190120T052747Z,1J.TI1A.,"['CH1', 'CH2', 'CHZ']",2019-01-20T05:27:47.590000Z,13.59
1497,20190120T053220Z,1J.TI1A.,"['CH1', 'CH2', 'CHZ']",2019-01-20T05:32:20.520000Z,20.99
1498,20190120T053614Z,1J.TI1A.,"['CH1', 'CH2', 'CHZ']",2019-01-20T05:36:17.630000Z,21.97
1499,20190120T053658Z,1J.TI1A.,"['CH1', 'CH2', 'CHZ']",2019-01-20T05:36:58.720000Z,7.0
1500,20190120T053944Z,1J.TI1A.,"['CH1', 'CH2', 'CHZ']",2019-01-20T05:39:44.720000Z,6.49
1501,20190120T054157Z,1J.TI1A.,"['CH1', 'CH2', 'CHZ']",2019-01-20T05:41:57.670000Z,64.6
1502,20190120T054528Z,1J.TI1A.,"['CH1', 'CH2', 'CHZ']",2019-01-20T05:45:28.830000Z,8.02
1503,20190120T055037Z,1J.TI1A.,"['CH1', 'CH2', 'CHZ']",2019-01-20T05:50:37.380000Z,9.24
1504,20190120T055245Z,1J.TI1A.,"['CH1', 'CH2', 'CHZ']",2019-01-20T05:52:45.260000Z,6.89
1505,20190120T060357Z,1J.TI1A.,"['CH1', 'CH2', 'CHZ']",2019-01-20T06:03:57.090000Z,3.48
1506,20190120T062035Z,1J.TI1A.,"['CH1', 'CH2', 'CHZ']",2019-01-20T06:20:54.400000Z,32.94
1507,20190120T063303Z,1J.TI1A.,"['CH1', 'CH2', 'CHZ']",2019-01-20T06:33:30.660000Z,55.66
1508,20190120T063832Z,1J.TI1A.,"['CH1', 'CH2', 'CHZ']",2019-01-20T06:38:39.800000Z,13.54
1509,20190120T064051Z,1J.TI1A.,"['CH1', 'CH2', 'CHZ']",2019-01-20T06:40:55.980000Z,7.48
1510,20190120T064118Z,1J.TI1A.,"['CH1', 'CH2', 'CHZ']",2019-01-20T06:41:28.100000Z,9.84
1511,20190120T065522Z,1J.TI1A.,"['CH1', 'CH2', 'CHZ']",2019-01-20T06:55:22.970000Z,12.64
1512,20190120T065546Z,1J.TI1A.,"['CH1', 'CH2', 'CHZ']",2019-01-20T06:55:46.410000Z,4.11
1513,20190120T070253Z,1J.TI1A.,"['CH1', 'CH2', 'CHZ']",2019-01-20T07:02:53.500000Z,12.36
1514,20190120T070422Z,1J.TI1A.,"['CH1', 'CH2', 'CHZ']",2019-01-20T07:04:25.630000Z,69.12
1515,20190120T071042Z,1J.TI1A.,"['CH1', 'CH2', 'CHZ']",2019-01-20T07:10:42.860000Z,15.53
1516,20190120T071417Z,1J.TI1A.,"['CH1', 'CH2', 'CHZ']",2019-01-20T07:14:17.730000Z,5.05
1517,20190120T071754Z,1J.TI1A.,"['CH1', 'CH2', 'CHZ']",2019-01-20T07:18:08.050000Z,18.97
1518,20190120T073733Z,1J.TI1A.,"['CH1', 'CH2', 'CHZ']",2019-01-20T07:37:33.510000Z,17.56
1519,20190120T074049Z,1J.TI1A.,"['CH1', 'CH2', 'CHZ']",2019-01-20T07:40:49.400000Z,12.48
1520,20190120T074447Z,1J.TI1A.,"['CH1', 'CH2', 'CHZ']",2019-01-20T07:44:47.800000Z,3.61
1521,20190120T075219Z,1J.TI1A.,"['CH1', 'CH2', 'CHZ']",2019-01-20T07:52:19.570000Z,12.76
1522,20190120T075403Z,1J.TI1A.,"['CH1', 'CH2', 'CHZ']",2019-01-20T07:54:03.840000Z,2.42
1523,20190120T075838Z,1J.TI1A.,"['CH1', 'CH2', 'CHZ']",2019-01-20T07:58:38.760000Z,10.29
1524,20190120T080059Z,1J.TI1A.,"['CH1', 'CH2', 'CHZ']",2019-01-20T08:00:59.730000Z,28.76
1525,20190120T080234Z,1J.TI1A.,"['CH1', 'CH2', 'CHZ']",2019-01-20T08:02:34.910000Z,5.64
1526,20190120T080309Z,1J.TI1A.,"['CH1', 'CH2', 'CHZ']",2019-01-20T08:03:10.160000Z,6.48
1527,20190120T080420Z,1J.TI1A.,"['CH1', 'CH2', 'CHZ']",2019-01-20T08:04:24.810000Z,8.46
1528,20190120T080807Z,1J.TI1A.,"['CH1', 'CH2', 'CHZ']",2019-01-20T08:08:07.160000Z,7.88
1529,20190120T081732Z,1J.TI1A.,"['CH1', 'CH2', 'CHZ']",2019-01-20T08:17:32.490000Z,27.72
1530,20190120T082045Z,1J.TI1A.,"['CH1', 'CH2', 'CHZ']",2019-01-20T08:20:45.590000Z,6.24
1531,20190120T082056Z,1J.TI1A.,"['CH1', 'CH2', 'CHZ']",2019-01-20T08:20:56.960000Z,32.89
1532,20190120T083121Z,1J.TI1A.,"['CH1', 'CH2', 'CHZ']",2019-01-20T08:31:21.390000Z,2.89
1533,20190120T083137Z,1J.TI1A.,"['CH1', 'CH2', 'CHZ']",2019-01-20T08:31:37.100000Z,16.9
1534,20190120T083703Z,1J.TI1A.,"['CH1', 'CH2', 'CHZ']",2019-01-20T08:37:03.040000Z,19.24
1535,20190120T083759Z,1J.TI1A.,"['CH1', 'CH2', 'CHZ']",2019-01-20T08:38:00.910000Z,46.66
1536,20190120T083921Z,1J.TI1A.,"['CH1', 'CH2', 'CHZ']",2019-01-20T08:39:21.800000Z,11.93
1537,20190120T084148Z,1J.TI1A.,"['CH1', 'CH2', 'CHZ']",2019-01-20T08:41:52.020000Z,7.12
1538,20190120T084536Z,1J.TI1A.,"['CH1', 'CH2', 'CHZ']",2019-01-20T08:45:38.200000Z,5.5
1539,20190120T085025Z,1J.TI1A.,"['CH1', 'CH2', 'CHZ']",2019-01-20T08:50:25.330000Z,3.34
1540,20190120T085042Z,1J.TI1A.,"['CH1', 'CH2', 'CHZ']",2019-01-20T08:51:14.080000Z,8.17
1541,20190120T085409Z,1J.TI1A.,"['CH1', 'CH2', 'CHZ']",2019-01-20T08:54:09.980000Z,23.38
1542,20190120T085523Z,1J.TI1A.,"['CH1', 'CH2', 'CHZ']",2019-01-20T08:55:23.460000Z,13.61
1543,20190120T085739Z,1J.TI1A.,"['CH1', 'CH2', 'CHZ']",2019-01-20T08:57:39.620000Z,2.58
1544,20190120T090450Z,1J.TI1A.,"['CH1', 'CH2', 'CHZ']",2019-01-20T09:04:50.770000Z,15.93
1545,20190120T090905Z,1J.TI1A.,"['CH1', 'CH2', 'CHZ']",2019-01-20T09:09:09.670000Z,9.23
1546,20190120T091120Z,1J.TI1A.,"['CH1', 'CH2', 'CHZ']",2019-01-20T09:11:20.710000Z,9.92
1547,20190120T091331Z,1J.TI1A.,"['CH1', 'CH2', 'CHZ']",2019-01-20T09:13:31.930000Z,38.41
1548,20190120T092227Z,1J.TI1A.,"['CH1', 'CH2', 'CHZ']",2019-01-20T09:22:27.760000Z,5.33
1549,20190120T092641Z,1J.TI1A.,"['CH1', 'CH2', 'CHZ']",2019-01-20T09:26:41.980000Z,28.34
1550,20190120T093043Z,1J.TI1A.,"['CH1', 'CH2', 'CHZ']",2019-01-20T09:30:43.290000Z,3.58
1551,20190120T093346Z,1J.TI1A.,"['CH1', 'CH2', 'CHZ']",2019-01-20T09:33:46.940000Z,0.94
1552,20190120T093425Z,1J.TI1A.,"['CH1', 'CH2', 'CHZ']",2019-01-20T09:34:25.420000Z,4.86
1553,20190120T093454Z,1J.TI1A.,"['CH1', 'CH2', 'CHZ']",2019-01-20T09:34:54.230000Z,9.37
1554,20190120T093731Z,1J.TI1A.,"['CH1', 'CH2', 'CHZ']",2019-01-20T09:37:31.470000Z,9.87
1555,20190120T093917Z,1J.TI1A.,"['CH1', 'CH2', 'CHZ']",2019-01-20T09:39:21.680000Z,49.25
1556,20190120T094238Z,1J.TI1A.,"['CH1', 'CH2', 'CHZ']",2019-01-20T09:42:38.890000Z,9.39
1557,20190120T094541Z,1J.TI1A.,"['CH1', 'CH2', 'CHZ']",2019-01-20T09:45:44.970000Z,3.95
1558,20190120T095001Z,1J.TI1A.,"['CH1', 'CH2', 'CHZ']",2019-01-20T09:50:01.370000Z,9.76
1559,20190120T095524Z,1J.TI1A.,"['CH1', 'CH2', 'CHZ']",2019-01-20T09:55:24.110000Z,8.61
1560,20190120T095659Z,1J.TI1A.,"['CH1', 'CH2', 'CHZ']",2019-01-20T09:56:59.830000Z,21.22
1561,20190120T095845Z,1J.TI1A.,"['CH1', 'CH2', 'CHZ']",2019-01-20T09:58:45.190000Z,6.39
1562,20190120T100506Z,1J.TI1A.,"['CH1', 'CH2', 'CHZ']",2019-01-20T10:05:10.560000Z,6.48
1563,20190120T101025Z,1J.TI1A.,"['CH1', 'CH2', 'CHZ']",2019-01-20T10:10:25.130000Z,15.89
1564,20190120T101242Z,1J.TI1A.,"['CH1', 'CH2', 'CHZ']",2019-01-20T10:12:42.250000Z,24.58
1565,20190120T102724Z,1J.TI1A.,"['CH1', 'CH2', 'CHZ']",2019-01-20T10:27:24.790000Z,7.81
1566,20190120T102858Z,1J.TI1A.,"['CH1', 'CH2', 'CHZ']",2019-01-20T10:28:58.200000Z,6.08
1567,20190120T103213Z,1J.TI1A.,"['CH1', 'CH2', 'CHZ']",2019-01-20T10:32:13.710000Z,4.63
1568,20190120T104254Z,1J.TI1A.,"['CH1', 'CH2', 'CHZ']",2019-01-20T10:42:57.760000Z,29.46
1569,20190120T104422Z,1J.TI1A.,"['CH1', 'CH2', 'CHZ']",2019-01-20T10:44:22.300000Z,1.61
1570,20190120T104833Z,1J.TI1A.,"['CH1', 'CH2', 'CHZ']",2019-01-20T10:48:47.200000Z,21.48
1571,20190120T104956Z,1J.TI1A.,"['CH1', 'CH2', 'CHZ']",2019-01-20T10:50:09.310000Z,6.35
1572,20190120T105244Z,1J.TI1A.,"['CH1', 'CH2', 'CHZ']",2019-01-20T10:52:44.870000Z,2.88
1573,20190120T105332Z,1J.TI1A.,"['CH1', 'CH2', 'CHZ']",2019-01-20T10:53:39.120000Z,51.17
1574,20190120T105605Z,1J.TI1A.,"['CH1', 'CH2', 'CHZ']",2019-01-20T10:56:05.090000Z,6.11
1575,20190120T105634Z,1J.TI1A.,"['CH1', 'CH2', 'CHZ']",2019-01-20T10:56:34.410000Z,12.06
1576,20190120T105958Z,1J.TI1A.,"['CH1', 'CH2', 'CHZ']",2019-01-20T11:00:00.480000Z,48.93
1577,20190120T110711Z,1J.TI1A.,"['CH1', 'CH2', 'CHZ']",2019-01-20T11:07:11.190000Z,7.69
1578,20190120T111122Z,1J.TI1A.,"['CH1', 'CH2', 'CHZ']",2019-01-20T11:11:22.340000Z,3.81
1579,20190120T111549Z,1J.TI1A.,"['CH1', 'CH2', 'CHZ']",2019-01-20T11:15:49.540000Z,28.38
1580,20190120T112450Z,1J.TI1A.,"['CH1', 'CH2', 'CHZ']",2019-01-20T11:24:55.000000Z,19.16
1581,20190120T113325Z,1J.TI1A.,"['CH1', 'CH2', 'CHZ']",2019-01-20T11:33:25.140000Z,20.14
1582,20190120T113440Z,1J.TI1A.,"['CH1', 'CH2', 'CHZ']",2019-01-20T11:34:40.710000Z,11.92
1583,20190120T114735Z,1J.TI1A.,"['CH1', 'CH2', 'CHZ']",2019-01-20T11:47:35.390000Z,26.72
1584,20190120T114834Z,1J.TI1A.,"['CH1', 'CH2', 'CHZ']",2019-01-20T11:48:34.090000Z,9.22
1585,20190120T114947Z,1J.TI1A.,"['CH1', 'CH2', 'CHZ']",2019-01-20T11:49:47.640000Z,2.94
1586,20190120T115943Z,1J.TI1A.,"['CH1', 'CH2', 'CHZ']",2019-01-20T11:59:43.340000Z,38.2
1587,20190120T121724Z,1J.TI1A.,"['CH1', 'CH2', 'CHZ']",2019-01-20T12:17:26.050000Z,51.54
1588,20190120T122053Z,1J.TI1A.,"['CH1', 'CH2', 'CHZ']",2019-01-20T12:20:55.760000Z,4.88
1589,20190120T122945Z,1J.TI1A.,"['CH1', 'CH2', 'CHZ']",2019-01-20T12:29:45.230000Z,37.93
1590,20190120T124001Z,1J.TI1A.,"['CH1', 'CH2', 'CHZ']",2019-01-20T12:40:01.640000Z,3.77
1591,20190120T124737Z,1J.TI1A.,"['CH1', 'CH2', 'CHZ']",2019-01-20T12:47:37.480000Z,23.52
1592,20190120T125356Z,1J.TI1A.,"['CH1', 'CH2', 'CHZ']",2019-01-20T12:53:56.360000Z,21.68
1593,20190120T125433Z,1J.TI1A.,"['CH1', 'CH2', 'CHZ']",2019-01-20T12:54:33.380000Z,9.52
1594,20190120T125704Z,1J.TI1A.,"['CH1', 'CH2', 'CHZ']",2019-01-20T12:57:04.450000Z,21.67
1595,20190120T125953Z,1J.TI1A.,"['CH1', 'CH2', 'CHZ']",2019-01-20T12:59:53.770000Z,28.86
1596,20190120T130611Z,1J.TI1A.,"['CH1', 'CH2', 'CHZ']",2019-01-20T13:06:11.580000Z,41.8
1597,20190120T131127Z,1J.TI1A.,"['CH1', 'CH2', 'CHZ']",2019-01-20T13:11:27.240000Z,8.48
1598,20190120T131357Z,1J.TI1A.,"['CH1', 'CH2', 'CHZ']",2019-01-20T13:13:57.490000Z,3.26
1599,20190120T131413Z,1J.TI1A.,"['CH1', 'CH2', 'CHZ']",2019-01-20T13:14:13.380000Z,8.51
1600,20190120T131528Z,1J.TI1A.,"['CH1', 'CH2', 'CHZ']",2019-01-20T13:15:28.240000Z,2.01
1601,20190120T132626Z,1J.TI1A.,"['CH1', 'CH2', 'CHZ']",2019-01-20T13:26:26.340000Z,12.29
1602,20190120T132718Z,1J.TI1A.,"['CH1', 'CH2', 'CHZ']",2019-01-20T13:27:18.230000Z,1.44
1603,20190120T132824Z,1J.TI1A.,"['CH1', 'CH2', 'CHZ']",2019-01-20T13:28:24.880000Z,3.23
1604,20190120T133009Z,1J.TI1A.,"['CH1', 'CH2', 'CHZ']",2019-01-20T13:30:09.030000Z,19.41
1605,20190120T133631Z,1J.TI1A.,"['CH1', 'CH2', 'CHZ']",2019-01-20T13:36:31.420000Z,21.58
1606,20190120T133658Z,1J.TI1A.,"['CH1', 'CH2', 'CHZ']",2019-01-20T13:37:00.770000Z,19.31
1607,20190120T134001Z,1J.TI1A.,"['CH1', 'CH2', 'CHZ']",2019-01-20T13:40:01.230000Z,6.86
1608,20190120T134107Z,1J.TI1A.,"['CH1', 'CH2', 'CHZ']",2019-01-20T13:41:07.060000Z,32.5
1609,20190120T134249Z,1J.TI1A.,"['CH1', 'CH2', 'CHZ']",2019-01-20T13:42:49.420000Z,2.51
1610,20190120T134723Z,1J.TI1A.,"['CH1', 'CH2', 'CHZ']",2019-01-20T13:47:23.210000Z,10.71
1611,20190120T134943Z,1J.TI1A.,"['CH1', 'CH2', 'CHZ']",2019-01-20T13:49:43.910000Z,13.43
1612,20190120T135123Z,1J.TI1A.,"['CH1', 'CH2', 'CHZ']",2019-01-20T13:51:25.250000Z,3.09
1613,20190120T135310Z,1J.TI1A.,"['CH1', 'CH2', 'CHZ']",2019-01-20T13:53:10.270000Z,24.78
1614,20190120T135518Z,1J.TI1A.,"['CH1', 'CH2', 'CHZ']",2019-01-20T13:55:18.000000Z,1.27
1615,20190120T135610Z,1J.TI1A.,"['CH1', 'CH2', 'CHZ']",2019-01-20T13:56:10.830000Z,7.09
1616,20190120T135808Z,1J.TI1A.,"['CH1', 'CH2', 'CHZ']",2019-01-20T13:58:08.410000Z,7.89
1617,20190120T140048Z,1J.TI1A.,"['CH1', 'CH2', 'CHZ']",2019-01-20T14:00:48.380000Z,15.21
1618,20190120T140256Z,1J.TI1A.,"['CH1', 'CH2', 'CHZ']",2019-01-20T14:02:56.860000Z,30.29
1619,20190120T140355Z,1J.TI1A.,"['CH1', 'CH2', 'CHZ']",2019-01-20T14:03:55.070000Z,16.27
1620,20190120T140418Z,1J.TI1A.,"['CH1', 'CH2', 'CHZ']",2019-01-20T14:04:18.260000Z,5.98
1621,20190120T140637Z,1J.TI1A.,"['CH1', 'CH2', 'CHZ']",2019-01-20T14:06:37.240000Z,1.27
1622,20190120T141041Z,1J.TI1A.,"['CH1', 'CH2', 'CHZ']",2019-01-20T14:10:41.310000Z,4.38
1623,20190120T141519Z,1J.TI1A.,"['CH1', 'CH2', 'CHZ']",2019-01-20T14:15:19.220000Z,17.71
1624,20190120T141609Z,1J.TI1A.,"['CH1', 'CH2', 'CHZ']",2019-01-20T14:16:09.610000Z,2.9
1625,20190120T142029Z,1J.TI1A.,"['CH1', 'CH2', 'CHZ']",2019-01-20T14:20:29.790000Z,3.02
1626,20190120T142113Z,1J.TI1A.,"['CH1', 'CH2', 'CHZ']",2019-01-20T14:21:13.550000Z,10.06
1627,20190120T143542Z,1J.TI1A.,"['CH1', 'CH2', 'CHZ']",2019-01-20T14:35:42.380000Z,3.41
1628,20190120T144614Z,1J.TI1A.,"['CH1', 'CH2', 'CHZ']",2019-01-20T14:46:14.110000Z,4.6
1629,20190120T144638Z,1J.TI1A.,"['CH1', 'CH2', 'CHZ']",2019-01-20T14:46:38.180000Z,8.32
1630,20190120T144805Z,1J.TI1A.,"['CH1', 'CH2', 'CHZ']",2019-01-20T14:48:05.030000Z,31.11
1631,20190120T144941Z,1J.TI1A.,"['CH1', 'CH2', 'CHZ']",2019-01-20T14:49:41.720000Z,7.7
1632,20190120T145051Z,1J.TI1A.,"['CH1', 'CH2', 'CHZ']",2019-01-20T14:50:51.900000Z,5.45
1633,20190120T145537Z,1J.TI1A.,"['CH1', 'CH2', 'CHZ']",2019-01-20T14:55:37.760000Z,22.26
1634,20190120T145729Z,1J.TI1A.,"['CH1', 'CH2', 'CHZ']",2019-01-20T14:57:31.510000Z,14.82
1635,20190120T145930Z,1J.TI1A.,"['CH1', 'CH2', 'CHZ']",2019-01-20T14:59:30.320000Z,1.45
1636,20190120T150220Z,1J.TI1A.,"['CH1', 'CH2', 'CHZ']",2019-01-20T15:02:20.850000Z,10.23
1637,20190120T150248Z,1J.TI1A.,"['CH1', 'CH2', 'CHZ']",2019-01-20T15:02:51.200000Z,19.35
1638,20190120T150355Z,1J.TI1A.,"['CH1', 'CH2', 'CHZ']",2019-01-20T15:03:55.480000Z,10.38
1639,20190120T150421Z,1J.TI1A.,"['CH1', 'CH2', 'CHZ']",2019-01-20T15:04:23.920000Z,20.24
1640,20190120T150812Z,1J.TI1A.,"['CH1', 'CH2', 'CHZ']",2019-01-20T15:08:12.260000Z,11.14
1641,20190120T151013Z,1J.TI1A.,"['CH1', 'CH2', 'CHZ']",2019-01-20T15:10:17.690000Z,5.94
1642,20190120T152357Z,1J.TI1A.,"['CH1', 'CH2', 'CHZ']",2019-01-20T15:24:08.870000Z,15.33
1643,20190120T152731Z,1J.TI1A.,"['CH1', 'CH2', 'CHZ']",2019-01-20T15:27:31.670000Z,17.42
1644,20190120T153150Z,1J.TI1A.,"['CH1', 'CH2', 'CHZ']",2019-01-20T15:31:50.510000Z,1.42
1645,20190120T153546Z,1J.TI1A.,"['CH1', 'CH2', 'CHZ']",2019-01-20T15:35:46.480000Z,1.87
1646,20190120T153622Z,1J.TI1A.,"['CH1', 'CH2', 'CHZ']",2019-01-20T15:36:22.730000Z,8.24
1647,20190120T153723Z,1J.TI1A.,"['CH1', 'CH2', 'CHZ']",2019-01-20T15:37:23.710000Z,33.44
1648,20190120T153848Z,1J.TI1A.,"['CH1', 'CH2', 'CHZ']",2019-01-20T15:38:48.560000Z,16.75
1649,20190120T154059Z,1J.TI1A.,"['CH1', 'CH2', 'CHZ']",2019-01-20T15:40:59.500000Z,21.75
1650,20190120T154246Z,1J.TI1A.,"['CH1', 'CH2', 'CHZ']",2019-01-20T15:42:46.840000Z,20.56
1651,20190120T154639Z,1J.TI1A.,"['CH1', 'CH2', 'CHZ']",2019-01-20T15:46:39.250000Z,4.39
1652,20190120T155202Z,1J.TI1A.,"['CH1', 'CH2', 'CHZ']",2019-01-20T15:52:02.530000Z,11.04
1653,20190120T155231Z,1J.TI1A.,"['CH1', 'CH2', 'CHZ']",2019-01-20T15:52:31.120000Z,12.8
1654,20190120T155255Z,1J.TI1A.,"['CH1', 'CH2', 'CHZ']",2019-01-20T15:52:55.440000Z,8.55
1655,20190120T155645Z,1J.TI1A.,"['CH1', 'CH2', 'CHZ']",2019-01-20T15:56:45.010000Z,4.52
1656,20190120T155713Z,1J.TI1A.,"['CH1', 'CH2', 'CHZ']",2019-01-20T15:57:13.720000Z,13.31
1657,20190120T155738Z,1J.TI1A.,"['CH1', 'CH2', 'CHZ']",2019-01-20T15:57:38.190000Z,5.13
1658,20190120T155906Z,1J.TI1A.,"['CH1', 'CH2', 'CHZ']",2019-01-20T15:59:06.700000Z,3.55
1659,20190120T160106Z,1J.TI1A.,"['CH1', 'CH2', 'CHZ']",2019-01-20T16:01:06.350000Z,10.16
1660,20190120T160150Z,1J.TI1A.,"['CH1', 'CH2', 'CHZ']",2019-01-20T16:01:50.620000Z,3.33
1661,20190120T160321Z,1J.TI1A.,"['CH1', 'CH2', 'CHZ']",2019-01-20T16:03:21.110000Z,4.06
1662,20190120T160515Z,1J.TI1A.,"['CH1', 'CH2', 'CHZ']",2019-01-20T16:05:15.750000Z,20.51
1663,20190120T160657Z,1J.TI1A.,"['CH1', 'CH2', 'CHZ']",2019-01-20T16:06:57.390000Z,3.49
1664,20190120T160721Z,1J.TI1A.,"['CH1', 'CH2', 'CHZ']",2019-01-20T16:07:21.630000Z,2.15
1665,20190120T161216Z,1J.TI1A.,"['CH1', 'CH2', 'CHZ']",2019-01-20T16:12:16.960000Z,1.86
1666,20190120T161619Z,1J.TI1A.,"['CH1', 'CH2', 'CHZ']",2019-01-20T16:16:19.870000Z,35.86
1667,20190120T161850Z,1J.TI1A.,"['CH1', 'CH2', 'CHZ']",2019-01-20T16:18:50.800000Z,23.33
1668,20190120T161928Z,1J.TI1A.,"['CH1', 'CH2', 'CHZ']",2019-01-20T16:19:28.530000Z,19.7
1669,20190120T162514Z,1J.TI1A.,"['CH1', 'CH2', 'CHZ']",2019-01-20T16:25:14.130000Z,15.49
1670,20190120T162712Z,1J.TI1A.,"['CH1', 'CH2', 'CHZ']",2019-01-20T16:27:12.670000Z,5.14
1671,20190120T162730Z,1J.TI1A.,"['CH1', 'CH2', 'CHZ']",2019-01-20T16:27:30.660000Z,11.53
1672,20190120T162837Z,1J.TI1A.,"['CH1', 'CH2', 'CHZ']",2019-01-20T16:28:37.580000Z,1.2
1673,20190120T163511Z,1J.TI1A.,"['CH1', 'CH2', 'CHZ']",2019-01-20T16:35:11.580000Z,12.88
1674,20190120T163745Z,1J.TI1A.,"['CH1', 'CH2', 'CHZ']",2019-01-20T16:37:45.540000Z,1.94
1675,20190120T164336Z,1J.TI1A.,"['CH1', 'CH2', 'CHZ']",2019-01-20T16:43:36.590000Z,13.59
1676,20190120T164816Z,1J.TI1A.,"['CH1', 'CH2', 'CHZ']",2019-01-20T16:48:22.080000Z,17.49
1677,20190120T164855Z,1J.TI1A.,"['CH1', 'CH2', 'CHZ']",2019-01-20T16:48:55.500000Z,16.77
1678,20190120T164936Z,1J.TI1A.,"['CH1', 'CH2', 'CHZ']",2019-01-20T16:49:39.400000Z,1.62
1679,20190120T165143Z,1J.TI1A.,"['CH1', 'CH2', 'CHZ']",2019-01-20T16:51:43.650000Z,3.01
1680,20190120T165501Z,1J.TI1A.,"['CH1', 'CH2', 'CHZ']",2019-01-20T16:55:05.970000Z,6.54
1681,20190120T170100Z,1J.TI1A.,"['CH1', 'CH2', 'CHZ']",2019-01-20T17:01:00.890000Z,7.05
1682,20190120T170434Z,1J.TI1A.,"['CH1', 'CH2', 'CHZ']",2019-01-20T17:04:34.230000Z,3.36
1683,20190120T170453Z,1J.TI1A.,"['CH1', 'CH2', 'CHZ']",2019-01-20T17:04:53.350000Z,13.14
1684,20190120T170557Z,1J.TI1A.,"['CH1', 'CH2', 'CHZ']",2019-01-20T17:05:57.630000Z,10.5
1685,20190120T170655Z,1J.TI1A.,"['CH1', 'CH2', 'CHZ']",2019-01-20T17:06:55.450000Z,12.42
1686,20190120T171035Z,1J.TI1A.,"['CH1', 'CH2', 'CHZ']",2019-01-20T17:10:35.880000Z,8.89
1687,20190120T171208Z,1J.TI1A.,"['CH1', 'CH2', 'CHZ']",2019-01-20T17:12:08.970000Z,3.46
1688,20190120T171249Z,1J.TI1A.,"['CH1', 'CH2', 'CHZ']",2019-01-20T17:12:49.210000Z,3.63
1689,20190120T171344Z,1J.TI1A.,"['CH1', 'CH2', 'CHZ']",2019-01-20T17:13:44.600000Z,3.33
1690,20190120T171623Z,1J.TI1A.,"['CH1', 'CH2', 'CHZ']",2019-01-20T17:16:23.970000Z,7.07
1691,20190120T171736Z,1J.TI1A.,"['CH1', 'CH2', 'CHZ']",2019-01-20T17:17:36.980000Z,20.2
1692,20190120T171815Z,1J.TI1A.,"['CH1', 'CH2', 'CHZ']",2019-01-20T17:18:15.220000Z,12.99
1693,20190120T172151Z,1J.TI1A.,"['CH1', 'CH2', 'CHZ']",2019-01-20T17:21:51.360000Z,8.36
1694,20190120T172603Z,1J.TI1A.,"['CH1', 'CH2', 'CHZ']",2019-01-20T17:26:03.790000Z,17.44
1695,20190120T173553Z,1J.TI1A.,"['CH1', 'CH2', 'CHZ']",2019-01-20T17:35:54.930000Z,6.29
1696,20190120T173625Z,1J.TI1A.,"['CH1', 'CH2', 'CHZ']",2019-01-20T17:36:25.950000Z,4.28
1697,20190120T173742Z,1J.TI1A.,"['CH1', 'CH2', 'CHZ']",2019-01-20T17:37:42.070000Z,2.21
1698,20190120T174211Z,1J.TI1A.,"['CH1', 'CH2', 'CHZ']",2019-01-20T17:42:11.970000Z,7.39
1699,20190120T174527Z,1J.TI1A.,"['CH1', 'CH2', 'CHZ']",2019-01-20T17:45:27.120000Z,10.3
1700,20190120T175006Z,1J.TI1A.,"['CH1', 'CH2', 'CHZ']",2019-01-20T17:50:07.320000Z,5.87
1701,20190120T180029Z,1J.TI1A.,"['CH1', 'CH2', 'CHZ']",2019-01-20T18:00:29.280000Z,5.25
1702,20190120T180624Z,1J.TI1A.,"['CH1', 'CH2', 'CHZ']",2019-01-20T18:06:24.680000Z,2.0
1703,20190120T181017Z,1J.TI1A.,"['CH1', 'CH2', 'CHZ']",2019-01-20T18:10:17.740000Z,2.11
1704,20190120T181149Z,1J.TI1A.,"['CH1', 'CH2', 'CHZ']",2019-01-20T18:11:49.100000Z,8.42
1705,20190120T181430Z,1J.TI1A.,"['CH1', 'CH2', 'CHZ']",2019-01-20T18:14:32.440000Z,15.96
1706,20190120T181456Z,1J.TI1A.,"['CH1', 'CH2', 'CHZ']",2019-01-20T18:15:01.790000Z,18.21
1707,20190120T182310Z,1J.TI1A.,"['CH1', 'CH2', 'CHZ']",2019-01-20T18:23:10.880000Z,1.55
1708,20190120T182409Z,1J.TI1A.,"['CH1', 'CH2', 'CHZ']",2019-01-20T18:24:09.980000Z,12.9
1709,20190120T182450Z,1J.TI1A.,"['CH1', 'CH2', 'CHZ']",2019-01-20T18:24:50.420000Z,1.38
1710,20190120T182458Z,1J.TI1A.,"['CH1', 'CH2', 'CHZ']",2019-01-20T18:24:58.730000Z,2.19
1711,20190120T182745Z,1J.TI1A.,"['CH1', 'CH2', 'CHZ']",2019-01-20T18:27:45.080000Z,1.84
1712,20190120T183024Z,1J.TI1A.,"['CH1', 'CH2', 'CHZ']",2019-01-20T18:30:24.220000Z,4.42
1713,20190120T183114Z,1J.TI1A.,"['CH1', 'CH2', 'CHZ']",2019-01-20T18:31:15.120000Z,6.5
1714,20190120T183137Z,1J.TI1A.,"['CH1', 'CH2', 'CHZ']",2019-01-20T18:31:37.070000Z,1.48
1715,20190120T183304Z,1J.TI1A.,"['CH1', 'CH2', 'CHZ']",2019-01-20T18:33:04.000000Z,1.86
1716,20190120T183554Z,1J.TI1A.,"['CH1', 'CH2', 'CHZ']",2019-01-20T18:35:54.860000Z,1.04
1717,20190120T183653Z,1J.TI1A.,"['CH1', 'CH2', 'CHZ']",2019-01-20T18:36:53.140000Z,1.49
1718,20190120T183720Z,1J.TI1A.,"['CH1', 'CH2', 'CHZ']",2019-01-20T18:37:20.160000Z,2.73
1719,20190120T184036Z,1J.TI1A.,"['CH1', 'CH2', 'CHZ']",2019-01-20T18:40:36.350000Z,6.47
1720,20190120T184428Z,1J.TI1A.,"['CH1', 'CH2', 'CHZ']",2019-01-20T18:44:28.420000Z,3.29
1721,20190120T184510Z,1J.TI1A.,"['CH1', 'CH2', 'CHZ']",2019-01-20T18:45:10.260000Z,1.08
1722,20190120T184524Z,1J.TI1A.,"['CH1', 'CH2', 'CHZ']",2019-01-20T18:45:24.620000Z,11.77
1723,20190120T184723Z,1J.TI1A.,"['CH1', 'CH2', 'CHZ']",2019-01-20T18:47:23.690000Z,2.85
1724,20190120T184743Z,1J.TI1A.,"['CH1', 'CH2', 'CHZ']",2019-01-20T18:47:43.890000Z,1.23
1725,20190120T184802Z,1J.TI1A.,"['CH1', 'CH2', 'CHZ']",2019-01-20T18:48:02.910000Z,7.56
1726,20190120T184953Z,1J.TI1A.,"['CH1', 'CH2', 'CHZ']",2019-01-20T18:49:53.890000Z,4.46
1727,20190120T185139Z,1J.TI1A.,"['CH1', 'CH2', 'CHZ']",2019-01-20T18:51:39.690000Z,10.76
1728,20190120T185326Z,1J.TI1A.,"['CH1', 'CH2', 'CHZ']",2019-01-20T18:53:26.110000Z,0.98
1729,20190120T185357Z,1J.TI1A.,"['CH1', 'CH2', 'CHZ']",2019-01-20T18:53:57.560000Z,0.76
1730,20190120T185744Z,1J.TI1A.,"['CH1', 'CH2', 'CHZ']",2019-01-20T18:57:44.530000Z,1.85
1731,20190120T185755Z,1J.TI1A.,"['CH1', 'CH2', 'CHZ']",2019-01-20T18:57:55.890000Z,2.68
1732,20190120T185813Z,1J.TI1A.,"['CH1', 'CH2', 'CHZ']",2019-01-20T18:58:13.030000Z,3.61
1733,20190120T185927Z,1J.TI1A.,"['CH1', 'CH2', 'CHZ']",2019-01-20T18:59:27.470000Z,1.81
1734,20190120T185943Z,1J.TI1A.,"['CH1', 'CH2', 'CHZ']",2019-01-20T18:59:43.210000Z,2.03
1735,20190120T185958Z,1J.TI1A.,"['CH1', 'CH2', 'CHZ']",2019-01-20T18:59:58.020000Z,5.42
1736,20190120T190119Z,1J.TI1A.,"['CH1', 'CH2', 'CHZ']",2019-01-20T19:01:19.800000Z,1.76
1737,20190120T190220Z,1J.TI1A.,"['CH1', 'CH2', 'CHZ']",2019-01-20T19:02:20.610000Z,4.98
1738,20190120T190618Z,1J.TI1A.,"['CH1', 'CH2', 'CHZ']",2019-01-20T19:06:18.380000Z,23.76
1739,20190120T190758Z,1J.TI1A.,"['CH1', 'CH2', 'CHZ']",2019-01-20T19:07:58.050000Z,9.03
1740,20190120T190856Z,1J.TI1A.,"['CH1', 'CH2', 'CHZ']",2019-01-20T19:08:56.730000Z,2.09
1741,20190120T191010Z,1J.TI1A.,"['CH1', 'CH2', 'CHZ']",2019-01-20T19:10:10.620000Z,1.41
1742,20190120T191111Z,1J.TI1A.,"['CH1', 'CH2', 'CHZ']",2019-01-20T19:11:11.210000Z,2.87
1743,20190120T191120Z,1J.TI1A.,"['CH1', 'CH2', 'CHZ']",2019-01-20T19:11:20.340000Z,1.21
1744,20190120T191207Z,1J.TI1A.,"['CH1', 'CH2', 'CHZ']",2019-01-20T19:12:07.790000Z,1.12
1745,20190120T191317Z,1J.TI1A.,"['CH1', 'CH2', 'CHZ']",2019-01-20T19:13:17.090000Z,10.07
1746,20190120T191447Z,1J.TI1A.,"['CH1', 'CH2', 'CHZ']",2019-01-20T19:14:47.170000Z,6.34
1747,20190120T191645Z,1J.TI1A.,"['CH1', 'CH2', 'CHZ']",2019-01-20T19:16:45.400000Z,2.73
1748,20190120T191744Z,1J.TI1A.,"['CH1', 'CH2', 'CHZ']",2019-01-20T19:17:44.610000Z,1.16
1749,20190120T191941Z,1J.TI1A.,"['CH1', 'CH2', 'CHZ']",2019-01-20T19:19:41.950000Z,2.41
1750,20190120T192024Z,1J.TI1A.,"['CH1', 'CH2', 'CHZ']",2019-01-20T19:20:24.460000Z,5.91
1751,20190120T192111Z,1J.TI1A.,"['CH1', 'CH2', 'CHZ']",2019-01-20T19:21:11.450000Z,2.97
1752,20190120T192128Z,1J.TI1A.,"['CH1', 'CH2', 'CHZ']",2019-01-20T19:21:30.330000Z,18.71
1753,20190120T192233Z,1J.TI1A.,"['CH1', 'CH2', 'CHZ']",2019-01-20T19:22:33.990000Z,0.9
1754,20190120T192419Z,1J.TI1A.,"['CH1', 'CH2', 'CHZ']",2019-01-20T19:24:19.530000Z,6.01
1755,20190120T192507Z,1J.TI1A.,"['CH1', 'CH2', 'CHZ']",2019-01-20T19:25:07.740000Z,0.85
1756,20190120T192700Z,1J.TI1A.,"['CH1', 'CH2', 'CHZ']",2019-01-20T19:27:00.140000Z,2.58
1757,20190120T192916Z,1J.TI1A.,"['CH1', 'CH2', 'CHZ']",2019-01-20T19:29:16.430000Z,7.04
1758,20190120T193104Z,1J.TI1A.,"['CH1', 'CH2', 'CHZ']",2019-01-20T19:31:04.030000Z,1.34
1759,20190120T193136Z,1J.TI1A.,"['CH1', 'CH2', 'CHZ']",2019-01-20T19:31:36.830000Z,1.15
1760,20190120T193309Z,1J.TI1A.,"['CH1', 'CH2', 'CHZ']",2019-01-20T19:33:09.850000Z,3.75
1761,20190120T193334Z,1J.TI1A.,"['CH1', 'CH2', 'CHZ']",2019-01-20T19:33:34.590000Z,14.29
1762,20190120T193600Z,1J.TI1A.,"['CH1', 'CH2', 'CHZ']",2019-01-20T19:36:00.360000Z,3.66
1763,20190120T193623Z,1J.TI1A.,"['CH1', 'CH2', 'CHZ']",2019-01-20T19:36:23.500000Z,1.46
1764,20190120T193658Z,1J.TI1A.,"['CH1', 'CH2', 'CHZ']",2019-01-20T19:36:58.510000Z,7.86
1765,20190120T193835Z,1J.TI1A.,"['CH1', 'CH2', 'CHZ']",2019-01-20T19:38:35.910000Z,11.3
1766,20190120T193954Z,1J.TI1A.,"['CH1', 'CH2', 'CHZ']",2019-01-20T19:39:54.050000Z,2.34
1767,20190120T194019Z,1J.TI1A.,"['CH1', 'CH2', 'CHZ']",2019-01-20T19:40:19.060000Z,3.21
1768,20190120T194106Z,1J.TI1A.,"['CH1', 'CH2', 'CHZ']",2019-01-20T19:41:07.860000Z,2.57
1769,20190120T194202Z,1J.TI1A.,"['CH1', 'CH2', 'CHZ']",2019-01-20T19:42:02.530000Z,3.88
1770,20190120T194406Z,1J.TI1A.,"['CH1', 'CH2', 'CHZ']",2019-01-20T19:44:06.410000Z,5.04
1771,20190120T194555Z,1J.TI1A.,"['CH1', 'CH2', 'CHZ']",2019-01-20T19:45:55.770000Z,9.74
1772,20190120T194632Z,1J.TI1A.,"['CH1', 'CH2', 'CHZ']",2019-01-20T19:46:33.040000Z,5.96
1773,20190120T194852Z,1J.TI1A.,"['CH1', 'CH2', 'CHZ']",2019-01-20T19:48:52.930000Z,2.61
1774,20190120T194915Z,1J.TI1A.,"['CH1', 'CH2', 'CHZ']",2019-01-20T19:49:15.420000Z,2.73
1775,20190120T194952Z,1J.TI1A.,"['CH1', 'CH2', 'CHZ']",2019-01-20T19:49:52.830000Z,1.25
1776,20190120T195014Z,1J.TI1A.,"['CH1', 'CH2', 'CHZ']",2019-01-20T19:50:14.990000Z,1.1
1777,20190120T195047Z,1J.TI1A.,"['CH1', 'CH2', 'CHZ']",2019-01-20T19:50:47.810000Z,16.51
1778,20190120T195151Z,1J.TI1A.,"['CH1', 'CH2', 'CHZ']",2019-01-20T19:51:51.580000Z,1.41
1779,20190120T195218Z,1J.TI1A.,"['CH1', 'CH2', 'CHZ']",2019-01-20T19:52:18.500000Z,4.02
1780,20190120T195247Z,1J.TI1A.,"['CH1', 'CH2', 'CHZ']",2019-01-20T19:52:47.970000Z,3.07
1781,20190120T195338Z,1J.TI1A.,"['CH1', 'CH2', 'CHZ']",2019-01-20T19:53:38.510000Z,2.32
1782,20190120T195451Z,1J.TI1A.,"['CH1', 'CH2', 'CHZ']",2019-01-20T19:54:51.680000Z,1.97
1783,20190120T195520Z,1J.TI1A.,"['CH1', 'CH2', 'CHZ']",2019-01-20T19:55:20.510000Z,14.62
1784,20190120T195542Z,1J.TI1A.,"['CH1', 'CH2', 'CHZ']",2019-01-20T19:55:42.250000Z,1.02
1785,20190120T195602Z,1J.TI1A.,"['CH1', 'CH2', 'CHZ']",2019-01-20T19:56:02.650000Z,1.9
1786,20190120T195712Z,1J.TI1A.,"['CH1', 'CH2', 'CHZ']",2019-01-20T19:57:12.640000Z,2.12
1787,20190120T195740Z,1J.TI1A.,"['CH1', 'CH2', 'CHZ']",2019-01-20T19:57:41.440000Z,6.35
1788,20190120T195850Z,1J.TI1A.,"['CH1', 'CH2', 'CHZ']",2019-01-20T19:58:50.860000Z,6.55
1789,20190120T195940Z,1J.TI1A.,"['CH1', 'CH2', 'CHZ']",2019-01-20T19:59:40.120000Z,0.87
1790,20190120T200013Z,1J.TI1A.,"['CH1', 'CH2', 'CHZ']",2019-01-20T20:00:13.130000Z,0.95
1791,20190120T200043Z,1J.TI1A.,"['CH1', 'CH2', 'CHZ']",2019-01-20T20:00:43.690000Z,1.37
1792,20190120T200107Z,1J.TI1A.,"['CH1', 'CH2', 'CHZ']",2019-01-20T20:01:26.100000Z,27.22
1793,20190120T200226Z,1J.TI1A.,"['CH1', 'CH2', 'CHZ']",2019-01-20T20:02:26.480000Z,1.03
1794,20190120T200259Z,1J.TI1A.,"['CH1', 'CH2', 'CHZ']",2019-01-20T20:02:59.510000Z,1.18
1795,20190120T200342Z,1J.TI1A.,"['CH1', 'CH2', 'CHZ']",2019-01-20T20:03:42.980000Z,1.96
1796,20190120T200446Z,1J.TI1A.,"['CH1', 'CH2', 'CHZ']",2019-01-20T20:04:46.250000Z,2.08
1797,20190120T200600Z,1J.TI1A.,"['CH1', 'CH2', 'CHZ']",2019-01-20T20:06:00.200000Z,5.37
1798,20190120T200643Z,1J.TI1A.,"['CH1', 'CH2', 'CHZ']",2019-01-20T20:06:43.800000Z,0.85
1799,20190120T200733Z,1J.TI1A.,"['CH1', 'CH2', 'CHZ']",2019-01-20T20:07:33.080000Z,2.19
1800,20190120T200914Z,1J.TI1A.,"['CH1', 'CH2', 'CHZ']",2019-01-20T20:09:14.800000Z,1.75
1801,20190120T201043Z,1J.TI1A.,"['CH1', 'CH2', 'CHZ']",2019-01-20T20:10:43.560000Z,12.59
1802,20190120T201344Z,1J.TI1A.,"['CH1', 'CH2', 'CHZ']",2019-01-20T20:13:44.870000Z,0.67
1803,20190120T201404Z,1J.TI1A.,"['CH1', 'CH2', 'CHZ']",2019-01-20T20:14:04.090000Z,1.67
1804,20190120T201443Z,1J.TI1A.,"['CH1', 'CH2', 'CHZ']",2019-01-20T20:14:43.990000Z,0.89
1805,20190120T201741Z,1J.TI1A.,"['CH1', 'CH2', 'CHZ']",2019-01-20T20:17:41.010000Z,7.9
1806,20190120T201830Z,1J.TI1A.,"['CH1', 'CH2', 'CHZ']",2019-01-20T20:18:31.520000Z,1.01
1807,20190120T201931Z,1J.TI1A.,"['CH1', 'CH2', 'CHZ']",2019-01-20T20:19:31.420000Z,7.37
1808,20190120T201957Z,1J.TI1A.,"['CH1', 'CH2', 'CHZ']",2019-01-20T20:19:58.410000Z,9.39
1809,20190120T202045Z,1J.TI1A.,"['CH1', 'CH2', 'CHZ']",2019-01-20T20:20:45.940000Z,1.1
1810,20190120T202057Z,1J.TI1A.,"['CH1', 'CH2', 'CHZ']",2019-01-20T20:20:57.540000Z,1.57
1811,20190120T202142Z,1J.TI1A.,"['CH1', 'CH2', 'CHZ']",2019-01-20T20:21:42.620000Z,0.76
1812,20190120T202150Z,1J.TI1A.,"['CH1', 'CH2', 'CHZ']",2019-01-20T20:21:50.820000Z,1.34
1813,20190120T202205Z,1J.TI1A.,"['CH1', 'CH2', 'CHZ']",2019-01-20T20:22:05.850000Z,1.02
1814,20190120T202304Z,1J.TI1A.,"['CH1', 'CH2', 'CHZ']",2019-01-20T20:23:04.840000Z,1.01
1815,20190120T202407Z,1J.TI1A.,"['CH1', 'CH2', 'CHZ']",2019-01-20T20:24:07.370000Z,2.95
1816,20190120T202423Z,1J.TI1A.,"['CH1', 'CH2', 'CHZ']",2019-01-20T20:24:23.980000Z,34.28
1817,20190120T202745Z,1J.TI1A.,"['CH1', 'CH2', 'CHZ']",2019-01-20T20:27:45.170000Z,1.59
1818,20190120T202954Z,1J.TI1A.,"['CH1', 'CH2', 'CHZ']",2019-01-20T20:29:54.540000Z,2.64
1819,20190120T203045Z,1J.TI1A.,"['CH1', 'CH2', 'CHZ']",2019-01-20T20:30:45.880000Z,2.48
1820,20190120T203056Z,1J.TI1A.,"['CH1', 'CH2', 'CHZ']",2019-01-20T20:30:57.490000Z,3.96
1821,20190120T203106Z,1J.TI1A.,"['CH1', 'CH2', 'CHZ']",2019-01-20T20:31:06.770000Z,4.21
1822,20190120T203146Z,1J.TI1A.,"['CH1', 'CH2', 'CHZ']",2019-01-20T20:31:46.950000Z,6.06
1823,20190120T203208Z,1J.TI1A.,"['CH1', 'CH2', 'CHZ']",2019-01-20T20:32:09.710000Z,3.45
1824,20190120T203257Z,1J.TI1A.,"['CH1', 'CH2', 'CHZ']",2019-01-20T20:32:57.680000Z,1.74
1825,20190120T203326Z,1J.TI1A.,"['CH1', 'CH2', 'CHZ']",2019-01-20T20:33:27.100000Z,1.45
1826,20190120T203420Z,1J.TI1A.,"['CH1', 'CH2', 'CHZ']",2019-01-20T20:34:20.590000Z,3.12
1827,20190120T203434Z,1J.TI1A.,"['CH1', 'CH2', 'CHZ']",2019-01-20T20:34:35.280000Z,11.52
1828,20190120T203509Z,1J.TI1A.,"['CH1', 'CH2', 'CHZ']",2019-01-20T20:35:09.350000Z,0.86
1829,20190120T203549Z,1J.TI1A.,"['CH1', 'CH2', 'CHZ']",2019-01-20T20:35:49.200000Z,2.31
1830,20190120T203627Z,1J.TI1A.,"['CH1', 'CH2', 'CHZ']",2019-01-20T20:36:28.500000Z,0.91
1831,20190120T203741Z,1J.TI1A.,"['CH1', 'CH2', 'CHZ']",2019-01-20T20:37:41.820000Z,6.57
1832,20190120T203807Z,1J.TI1A.,"['CH1', 'CH2', 'CHZ']",2019-01-20T20:38:08.900000Z,4.54
1833,20190120T203847Z,1J.TI1A.,"['CH1', 'CH2', 'CHZ']",2019-01-20T20:38:49.310000Z,4.51
1834,20190120T203956Z,1J.TI1A.,"['CH1', 'CH2', 'CHZ']",2019-01-20T20:39:56.360000Z,14.99
1835,20190120T204035Z,1J.TI1A.,"['CH1', 'CH2', 'CHZ']",2019-01-20T20:40:35.660000Z,0.9
1836,20190120T204049Z,1J.TI1A.,"['CH1', 'CH2', 'CHZ']",2019-01-20T20:40:49.900000Z,0.85
1837,20190120T204106Z,1J.TI1A.,"['CH1', 'CH2', 'CHZ']",2019-01-20T20:41:08.520000Z,1.32
1838,20190120T204238Z,1J.TI1A.,"['CH1', 'CH2', 'CHZ']",2019-01-20T20:42:38.750000Z,3.57
1839,20190120T204430Z,1J.TI1A.,"['CH1', 'CH2', 'CHZ']",2019-01-20T20:44:30.850000Z,1.58
1840,20190120T204501Z,1J.TI1A.,"['CH1', 'CH2', 'CHZ']",2019-01-20T20:45:05.100000Z,8.3
1841,20190120T204526Z,1J.TI1A.,"['CH1', 'CH2', 'CHZ']",2019-01-20T20:45:27.610000Z,1.97
1842,20190120T204542Z,1J.TI1A.,"['CH1', 'CH2', 'CHZ']",2019-01-20T20:45:42.720000Z,8.3
1843,20190120T204603Z,1J.TI1A.,"['CH1', 'CH2', 'CHZ']",2019-01-20T20:46:38.320000Z,7.73
1844,20190120T204803Z,1J.TI1A.,"['CH1', 'CH2', 'CHZ']",2019-01-20T20:48:03.580000Z,1.62
1845,20190120T204826Z,1J.TI1A.,"['CH1', 'CH2', 'CHZ']",2019-01-20T20:48:26.000000Z,5.27
1846,20190120T204929Z,1J.TI1A.,"['CH1', 'CH2', 'CHZ']",2019-01-20T20:49:29.850000Z,1.19
1847,20190120T205012Z,1J.TI1A.,"['CH1', 'CH2', 'CHZ']",2019-01-20T20:50:14.070000Z,3.84
1848,20190120T205053Z,1J.TI1A.,"['CH1', 'CH2', 'CHZ']",2019-01-20T20:50:53.050000Z,22.45
1849,20190120T205145Z,1J.TI1A.,"['CH1', 'CH2', 'CHZ']",2019-01-20T20:51:45.650000Z,1.02
1850,20190120T205152Z,1J.TI1A.,"['CH1', 'CH2', 'CHZ']",2019-01-20T20:51:52.270000Z,0.67
1851,20190120T205234Z,1J.TI1A.,"['CH1', 'CH2', 'CHZ']",2019-01-20T20:52:34.730000Z,1.49
1852,20190120T205252Z,1J.TI1A.,"['CH1', 'CH2', 'CHZ']",2019-01-20T20:52:52.640000Z,9.7
1853,20190120T205322Z,1J.TI1A.,"['CH1', 'CH2', 'CHZ']",2019-01-20T20:53:22.800000Z,0.79
1854,20190120T205336Z,1J.TI1A.,"['CH1', 'CH2', 'CHZ']",2019-01-20T20:53:36.640000Z,1.17
1855,20190120T205342Z,1J.TI1A.,"['CH1', 'CH2', 'CHZ']",2019-01-20T20:53:48.640000Z,3.54
1856,20190120T205418Z,1J.TI1A.,"['CH1', 'CH2', 'CHZ']",2019-01-20T20:54:18.430000Z,14.2
1857,20190120T205446Z,1J.TI1A.,"['CH1', 'CH2', 'CHZ']",2019-01-20T20:54:47.650000Z,0.95
1858,20190120T205512Z,1J.TI1A.,"['CH1', 'CH2', 'CHZ']",2019-01-20T20:55:12.680000Z,1.87
1859,20190120T205615Z,1J.TI1A.,"['CH1', 'CH2', 'CHZ']",2019-01-20T20:56:15.830000Z,1.66
1860,20190120T205639Z,1J.TI1A.,"['CH1', 'CH2', 'CHZ']",2019-01-20T20:56:40.150000Z,0.71
1861,20190120T205737Z,1J.TI1A.,"['CH1', 'CH2', 'CHZ']",2019-01-20T20:57:37.660000Z,6.01
1862,20190120T205809Z,1J.TI1A.,"['CH1', 'CH2', 'CHZ']",2019-01-20T20:58:16.340000Z,9.23
1863,20190120T205839Z,1J.TI1A.,"['CH1', 'CH2', 'CHZ']",2019-01-20T20:58:39.440000Z,1.61
1864,20190120T205850Z,1J.TI1A.,"['CH1', 'CH2', 'CHZ']",2019-01-20T20:58:50.300000Z,1.45
1865,20190120T205923Z,1J.TI1A.,"['CH1', 'CH2', 'CHZ']",2019-01-20T20:59:24.230000Z,0.68
1866,20190120T205930Z,1J.TI1A.,"['CH1', 'CH2', 'CHZ']",2019-01-20T20:59:31.940000Z,3.89
1867,20190120T210004Z,1J.TI1A.,"['CH1', 'CH2', 'CHZ']",2019-01-20T21:00:04.200000Z,0.65
1868,20190120T210021Z,1J.TI1A.,"['CH1', 'CH2', 'CHZ']",2019-01-20T21:00:21.040000Z,2.34
1869,20190120T210053Z,1J.TI1A.,"['CH1', 'CH2', 'CHZ']",2019-01-20T21:01:14.010000Z,3.1
1870,20190120T210158Z,1J.TI1A.,"['CH1', 'CH2', 'CHZ']",2019-01-20T21:02:00.090000Z,3.48
1871,20190120T210227Z,1J.TI1A.,"['CH1', 'CH2', 'CHZ']",2019-01-20T21:02:27.210000Z,0.77
1872,20190120T210239Z,1J.TI1A.,"['CH1', 'CH2', 'CHZ']",2019-01-20T21:02:40.800000Z,2.52
1873,20190120T210341Z,1J.TI1A.,"['CH1', 'CH2', 'CHZ']",2019-01-20T21:03:41.820000Z,3.25
1874,20190120T210402Z,1J.TI1A.,"['CH1', 'CH2', 'CHZ']",2019-01-20T21:04:03.060000Z,1.82
1875,20190120T210422Z,1J.TI1A.,"['CH1', 'CH2', 'CHZ']",2019-01-20T21:04:22.280000Z,4.68
1876,20190120T210457Z,1J.TI1A.,"['CH1', 'CH2', 'CHZ']",2019-01-20T21:04:58.070000Z,1.31
1877,20190120T210518Z,1J.TI1A.,"['CH1', 'CH2', 'CHZ']",2019-01-20T21:05:18.540000Z,0.71
1878,20190120T210558Z,1J.TI1A.,"['CH1', 'CH2', 'CHZ']",2019-01-20T21:05:58.010000Z,10.25
1879,20190120T210632Z,1J.TI1A.,"['CH1', 'CH2', 'CHZ']",2019-01-20T21:06:33.430000Z,8.66
1880,20190120T210713Z,1J.TI1A.,"['CH1', 'CH2', 'CHZ']",2019-01-20T21:07:14.810000Z,5.06
1881,20190120T210733Z,1J.TI1A.,"['CH1', 'CH2', 'CHZ']",2019-01-20T21:07:34.010000Z,2.82
1882,20190120T210905Z,1J.TI1A.,"['CH1', 'CH2', 'CHZ']",2019-01-20T21:09:06.570000Z,1.32
1883,20190120T210915Z,1J.TI1A.,"['CH1', 'CH2', 'CHZ']",2019-01-20T21:09:15.980000Z,1.61
1884,20190120T210946Z,1J.TI1A.,"['CH1', 'CH2', 'CHZ']",2019-01-20T21:09:47.150000Z,0.83
1885,20190120T211025Z,1J.TI1A.,"['CH1', 'CH2', 'CHZ']",2019-01-20T21:10:26.610000Z,11.27
1886,20190120T211058Z,1J.TI1A.,"['CH1', 'CH2', 'CHZ']",2019-01-20T21:10:58.660000Z,4.11
1887,20190120T211126Z,1J.TI1A.,"['CH1', 'CH2', 'CHZ']",2019-01-20T21:11:26.490000Z,1.29
1888,20190120T211140Z,1J.TI1A.,"['CH1', 'CH2', 'CHZ']",2019-01-20T21:11:40.760000Z,2.27
1889,20190120T211203Z,1J.TI1A.,"['CH1', 'CH2', 'CHZ']",2019-01-20T21:12:03.820000Z,0.75
1890,20190120T211207Z,1J.TI1A.,"['CH1', 'CH2', 'CHZ']",2019-01-20T21:12:11.730000Z,3.09
1891,20190120T211327Z,1J.TI1A.,"['CH1', 'CH2', 'CHZ']",2019-01-20T21:13:28.470000Z,7.43
1892,20190120T211437Z,1J.TI1A.,"['CH1', 'CH2', 'CHZ']",2019-01-20T21:14:37.380000Z,9.81
1893,20190120T211458Z,1J.TI1A.,"['CH1', 'CH2', 'CHZ']",2019-01-20T21:14:58.280000Z,1.03
1894,20190120T211605Z,1J.TI1A.,"['CH1', 'CH2', 'CHZ']",2019-01-20T21:16:05.110000Z,1.18
1895,20190120T211618Z,1J.TI1A.,"['CH1', 'CH2', 'CHZ']",2019-01-20T21:16:20.140000Z,5.98
1896,20190120T211652Z,1J.TI1A.,"['CH1', 'CH2', 'CHZ']",2019-01-20T21:16:54.330000Z,22.06
1897,20190120T211802Z,1J.TI1A.,"['CH1', 'CH2', 'CHZ']",2019-01-20T21:18:02.930000Z,1.93
1898,20190120T211818Z,1J.TI1A.,"['CH1', 'CH2', 'CHZ']",2019-01-20T21:18:18.390000Z,7.17
1899,20190120T211848Z,1J.TI1A.,"['CH1', 'CH2', 'CHZ']",2019-01-20T21:18:48.790000Z,1.46
1900,20190120T211913Z,1J.TI1A.,"['CH1', 'CH2', 'CHZ']",2019-01-20T21:19:13.270000Z,19.56
1901,20190120T212037Z,1J.TI1A.,"['CH1', 'CH2', 'CHZ']",2019-01-20T21:20:37.290000Z,1.04
1902,20190120T212055Z,1J.TI1A.,"['CH1', 'CH2', 'CHZ']",2019-01-20T21:20:57.620000Z,1.24
1903,20190120T212156Z,1J.TI1A.,"['CH1', 'CH2', 'CHZ']",2019-01-20T21:21:56.720000Z,59.25
1904,20190120T212335Z,1J.TI1A.,"['CH1', 'CH2', 'CHZ']",2019-01-20T21:23:35.010000Z,19.67
1905,20190120T212546Z,1J.TI1A.,"['CH1', 'CH2', 'CHZ']",2019-01-20T21:25:46.030000Z,1.21
1906,20190120T212620Z,1J.TI1A.,"['CH1', 'CH2', 'CHZ']",2019-01-20T21:26:20.880000Z,2.44
1907,20190120T212639Z,1J.TI1A.,"['CH1', 'CH2', 'CHZ']",2019-01-20T21:26:39.550000Z,1.16
1908,20190120T212659Z,1J.TI1A.,"['CH1', 'CH2', 'CHZ']",2019-01-20T21:26:59.090000Z,2.66
1909,20190120T212901Z,1J.TI1A.,"['CH1', 'CH2', 'CHZ']",2019-01-20T21:29:01.970000Z,1.2
1910,20190120T212909Z,1J.TI1A.,"['CH1', 'CH2', 'CHZ']",2019-01-20T21:29:09.030000Z,1.48
1911,20190120T212916Z,1J.TI1A.,"['CH1', 'CH2', 'CHZ']",2019-01-20T21:29:16.910000Z,6.53
1912,20190120T213002Z,1J.TI1A.,"['CH1', 'CH2', 'CHZ']",2019-01-20T21:30:02.550000Z,1.01
1913,20190120T213115Z,1J.TI1A.,"['CH1', 'CH2', 'CHZ']",2019-01-20T21:31:15.020000Z,3.31
1914,20190120T213156Z,1J.TI1A.,"['CH1', 'CH2', 'CHZ']",2019-01-20T21:31:58.040000Z,2.92
1915,20190120T213209Z,1J.TI1A.,"['CH1', 'CH2', 'CHZ']",2019-01-20T21:32:10.850000Z,2.88
1916,20190120T213258Z,1J.TI1A.,"['CH1', 'CH2', 'CHZ']",2019-01-20T21:32:58.390000Z,1.11
1917,20190120T213312Z,1J.TI1A.,"['CH1', 'CH2', 'CHZ']",2019-01-20T21:33:12.570000Z,2.31
1918,20190120T213336Z,1J.TI1A.,"['CH1', 'CH2', 'CHZ']",2019-01-20T21:33:36.140000Z,3.07
1919,20190120T213349Z,1J.TI1A.,"['CH1', 'CH2', 'CHZ']",2019-01-20T21:33:49.490000Z,9.37
1920,20190120T213433Z,1J.TI1A.,"['CH1', 'CH2', 'CHZ']",2019-01-20T21:34:34.550000Z,1.87
1921,20190120T213520Z,1J.TI1A.,"['CH1', 'CH2', 'CHZ']",2019-01-20T21:35:20.670000Z,24.75
1922,20190120T213610Z,1J.TI1A.,"['CH1', 'CH2', 'CHZ']",2019-01-20T21:36:13.980000Z,0.83
1923,20190120T213647Z,1J.TI1A.,"['CH1', 'CH2', 'CHZ']",2019-01-20T21:36:47.760000Z,3.9
1924,20190120T213705Z,1J.TI1A.,"['CH1', 'CH2', 'CHZ']",2019-01-20T21:37:05.820000Z,10.62
1925,20190120T213756Z,1J.TI1A.,"['CH1', 'CH2', 'CHZ']",2019-01-20T21:37:56.200000Z,1.55
1926,20190120T213825Z,1J.TI1A.,"['CH1', 'CH2', 'CHZ']",2019-01-20T21:38:25.630000Z,4.55
1927,20190120T214020Z,1J.TI1A.,"['CH1', 'CH2', 'CHZ']",2019-01-20T21:40:22.040000Z,3.07
1928,20190120T214031Z,1J.TI1A.,"['CH1', 'CH2', 'CHZ']",2019-01-20T21:40:31.420000Z,3.48
1929,20190120T214050Z,1J.TI1A.,"['CH1', 'CH2', 'CHZ']",2019-01-20T21:40:50.010000Z,9.63
1930,20190120T214124Z,1J.TI1A.,"['CH1', 'CH2', 'CHZ']",2019-01-20T21:41:34.170000Z,1.21
1931,20190120T214150Z,1J.TI1A.,"['CH1', 'CH2', 'CHZ']",2019-01-20T21:41:50.910000Z,3.24
1932,20190120T214240Z,1J.TI1A.,"['CH1', 'CH2', 'CHZ']",2019-01-20T21:42:45.080000Z,1.66
1933,20190120T214252Z,1J.TI1A.,"['CH1', 'CH2', 'CHZ']",2019-01-20T21:42:52.720000Z,8.56
1934,20190120T214339Z,1J.TI1A.,"['CH1', 'CH2', 'CHZ']",2019-01-20T21:43:39.650000Z,2.34
1935,20190120T214430Z,1J.TI1A.,"['CH1', 'CH2', 'CHZ']",2019-01-20T21:44:30.300000Z,2.88
1936,20190120T214440Z,1J.TI1A.,"['CH1', 'CH2', 'CHZ']",2019-01-20T21:44:40.290000Z,3.44
1937,20190120T214537Z,1J.TI1A.,"['CH1', 'CH2', 'CHZ']",2019-01-20T21:45:37.500000Z,18.77
1938,20190120T214624Z,1J.TI1A.,"['CH1', 'CH2', 'CHZ']",2019-01-20T21:46:25.660000Z,1.79
1939,20190120T214706Z,1J.TI1A.,"['CH1', 'CH2', 'CHZ']",2019-01-20T21:47:06.050000Z,1.3
1940,20190120T214714Z,1J.TI1A.,"['CH1', 'CH2', 'CHZ']",2019-01-20T21:47:14.020000Z,12.26
1941,20190120T214749Z,1J.TI1A.,"['CH1', 'CH2', 'CHZ']",2019-01-20T21:47:49.960000Z,1.28
1942,20190120T214821Z,1J.TI1A.,"['CH1', 'CH2', 'CHZ']",2019-01-20T21:48:23.260000Z,3.03
1943,20190120T214835Z,1J.TI1A.,"['CH1', 'CH2', 'CHZ']",2019-01-20T21:48:35.930000Z,6.14
1944,20190120T214851Z,1J.TI1A.,"['CH1', 'CH2', 'CHZ']",2019-01-20T21:48:51.160000Z,6.14
1945,20190120T214943Z,1J.TI1A.,"['CH1', 'CH2', 'CHZ']",2019-01-20T21:49:43.920000Z,1.0
1946,20190120T214955Z,1J.TI1A.,"['CH1', 'CH2', 'CHZ']",2019-01-20T21:49:55.910000Z,2.05
1947,20190120T215013Z,1J.TI1A.,"['CH1', 'CH2', 'CHZ']",2019-01-20T21:50:13.060000Z,34.46
1948,20190120T215134Z,1J.TI1A.,"['CH1', 'CH2', 'CHZ']",2019-01-20T21:51:34.920000Z,2.29
1949,20190120T215205Z,1J.TI1A.,"['CH1', 'CH2', 'CHZ']",2019-01-20T21:52:06.920000Z,1.67
1950,20190120T215220Z,1J.TI1A.,"['CH1', 'CH2', 'CHZ']",2019-01-20T21:52:20.430000Z,2.9
1951,20190120T215252Z,1J.TI1A.,"['CH1', 'CH2', 'CHZ']",2019-01-20T21:52:52.450000Z,1.03
1952,20190120T215313Z,1J.TI1A.,"['CH1', 'CH2', 'CHZ']",2019-01-20T21:53:13.560000Z,2.17
1953,20190120T215330Z,1J.TI1A.,"['CH1', 'CH2', 'CHZ']",2019-01-20T21:53:30.040000Z,0.73
1954,20190120T215410Z,1J.TI1A.,"['CH1', 'CH2', 'CHZ']",2019-01-20T21:54:10.230000Z,1.87
1955,20190120T215439Z,1J.TI1A.,"['CH1', 'CH2', 'CHZ']",2019-01-20T21:54:39.370000Z,1.4
1956,20190120T215445Z,1J.TI1A.,"['CH1', 'CH2', 'CHZ']",2019-01-20T21:54:47.350000Z,2.31
1957,20190120T215506Z,1J.TI1A.,"['CH1', 'CH2', 'CHZ']",2019-01-20T21:55:06.960000Z,1.03
1958,20190120T215522Z,1J.TI1A.,"['CH1', 'CH2', 'CHZ']",2019-01-20T21:55:22.670000Z,1.92
1959,20190120T215541Z,1J.TI1A.,"['CH1', 'CH2', 'CHZ']",2019-01-20T21:55:41.130000Z,7.24
1960,20190120T215607Z,1J.TI1A.,"['CH1', 'CH2', 'CHZ']",2019-01-20T21:56:07.480000Z,0.9
1961,20190120T215628Z,1J.TI1A.,"['CH1', 'CH2', 'CHZ']",2019-01-20T21:56:30.050000Z,2.09
1962,20190120T215757Z,1J.TI1A.,"['CH1', 'CH2', 'CHZ']",2019-01-20T21:57:59.520000Z,6.57
1963,20190120T215849Z,1J.TI1A.,"['CH1', 'CH2', 'CHZ']",2019-01-20T21:58:49.570000Z,3.27
1964,20190120T215902Z,1J.TI1A.,"['CH1', 'CH2', 'CHZ']",2019-01-20T21:59:02.110000Z,1.09
1965,20190120T215959Z,1J.TI1A.,"['CH1', 'CH2', 'CHZ']",2019-01-20T22:00:01.290000Z,9.44
1966,20190120T220052Z,1J.TI1A.,"['CH1', 'CH2', 'CHZ']",2019-01-20T22:00:52.420000Z,17.19
1967,20190120T220134Z,1J.TI1A.,"['CH1', 'CH2', 'CHZ']",2019-01-20T22:01:34.800000Z,18.85
1968,20190120T220218Z,1J.TI1A.,"['CH1', 'CH2', 'CHZ']",2019-01-20T22:02:18.090000Z,1.32
1969,20190120T220235Z,1J.TI1A.,"['CH1', 'CH2', 'CHZ']",2019-01-20T22:02:35.320000Z,5.27
1970,20190120T220403Z,1J.TI1A.,"['CH1', 'CH2', 'CHZ']",2019-01-20T22:04:06.840000Z,2.4
1971,20190120T220446Z,1J.TI1A.,"['CH1', 'CH2', 'CHZ']",2019-01-20T22:04:46.920000Z,2.2
1972,20190120T220555Z,1J.TI1A.,"['CH1', 'CH2', 'CHZ']",2019-01-20T22:06:07.660000Z,7.45
1973,20190120T220639Z,1J.TI1A.,"['CH1', 'CH2', 'CHZ']",2019-01-20T22:06:39.530000Z,2.04
1974,20190120T220805Z,1J.TI1A.,"['CH1', 'CH2', 'CHZ']",2019-01-20T22:08:05.320000Z,29.16
1975,20190120T221024Z,1J.TI1A.,"['CH1', 'CH2', 'CHZ']",2019-01-20T22:10:24.620000Z,2.42
1976,20190120T221048Z,1J.TI1A.,"['CH1', 'CH2', 'CHZ']",2019-01-20T22:10:48.620000Z,2.68
1977,20190120T221102Z,1J.TI1A.,"['CH1', 'CH2', 'CHZ']",2019-01-20T22:11:03.930000Z,7.37
1978,20190120T221135Z,1J.TI1A.,"['CH1', 'CH2', 'CHZ']",2019-01-20T22:11:35.980000Z,1.31
1979,20190120T221154Z,1J.TI1A.,"['CH1', 'CH2', 'CHZ']",2019-01-20T22:11:54.850000Z,0.71
1980,20190120T221206Z,1J.TI1A.,"['CH1', 'CH2', 'CHZ']",2019-01-20T22:12:06.090000Z,4.08
1981,20190120T221229Z,1J.TI1A.,"['CH1', 'CH2', 'CHZ']",2019-01-20T22:12:29.610000Z,17.98
1982,20190120T221351Z,1J.TI1A.,"['CH1', 'CH2', 'CHZ']",2019-01-20T22:13:51.000000Z,19.67
1983,20190120T221546Z,1J.TI1A.,"['CH1', 'CH2', 'CHZ']",2019-01-20T22:15:47.100000Z,2.04
1984,20190120T221612Z,1J.TI1A.,"['CH1', 'CH2', 'CHZ']",2019-01-20T22:16:12.810000Z,3.87
1985,20190120T221642Z,1J.TI1A.,"['CH1', 'CH2', 'CHZ']",2019-01-20T22:16:42.980000Z,1.45
1986,20190120T221710Z,1J.TI1A.,"['CH1', 'CH2', 'CHZ']",2019-01-20T22:17:10.330000Z,2.73
1987,20190120T221728Z,1J.TI1A.,"['CH1', 'CH2', 'CHZ']",2019-01-20T22:17:29.620000Z,4.25
1988,20190120T221816Z,1J.TI1A.,"['CH1', 'CH2', 'CHZ']",2019-01-20T22:18:16.580000Z,2.84
1989,20190120T221838Z,1J.TI1A.,"['CH1', 'CH2', 'CHZ']",2019-01-20T22:18:38.830000Z,0.71
1990,20190120T221909Z,1J.TI1A.,"['CH1', 'CH2', 'CHZ']",2019-01-20T22:19:09.250000Z,13.81
1991,20190120T222102Z,1J.TI1A.,"['CH1', 'CH2', 'CHZ']",2019-01-20T22:21:02.590000Z,4.48
1992,20190120T222136Z,1J.TI1A.,"['CH1', 'CH2', 'CHZ']",2019-01-20T22:21:36.730000Z,5.6
1993,20190120T222153Z,1J.TI1A.,"['CH1', 'CH2', 'CHZ']",2019-01-20T22:21:53.620000Z,0.73
1994,20190120T222241Z,1J.TI1A.,"['CH1', 'CH2', 'CHZ']",2019-01-20T22:22:41.840000Z,1.65
1995,20190120T222252Z,1J.TI1A.,"['CH1', 'CH2', 'CHZ']",2019-01-20T22:22:52.930000Z,6.52
1996,20190120T222341Z,1J.TI1A.,"['CH1', 'CH2', 'CHZ']",2019-01-20T22:23:41.080000Z,4.2
1997,20190120T222358Z,1J.TI1A.,"['CH1', 'CH2', 'CHZ']",2019-01-20T22:23:58.410000Z,1.83
1998,20190120T222432Z,1J.TI1A.,"['CH1', 'CH2', 'CHZ']",2019-01-20T22:24:32.180000Z,1.08
1999,20190120T222446Z,1J.TI1A.,"['CH1', 'CH2', 'CHZ']",2019-01-20T22:24:46.590000Z,2.34
2000,20190120T222450Z,1J.TI1A.,"['CH1', 'CH2', 'CHZ']",2019-01-20T22:25:03.390000Z,4.04
2001,20190120T222557Z,1J.TI1A.,"['CH1', 'CH2', 'CHZ']",2019-01-20T22:25:57.620000Z,1.14
2002,20190120T222617Z,1J.TI1A.,"['CH1', 'CH2', 'CHZ']",2019-01-20T22:26:17.080000Z,7.36
2003,20190120T222657Z,1J.TI1A.,"['CH1', 'CH2', 'CHZ']",2019-01-20T22:26:57.350000Z,1.81
2004,20190120T222745Z,1J.TI1A.,"['CH1', 'CH2', 'CHZ']",2019-01-20T22:27:45.050000Z,1.35
2005,20190120T222759Z,1J.TI1A.,"['CH1', 'CH2', 'CHZ']",2019-01-20T22:27:59.570000Z,22.37
2006,20190120T222907Z,1J.TI1A.,"['CH1', 'CH2', 'CHZ']",2019-01-20T22:29:07.610000Z,11.75
2007,20190120T222931Z,1J.TI1A.,"['CH1', 'CH2', 'CHZ']",2019-01-20T22:29:31.870000Z,4.28
2008,20190120T223004Z,1J.TI1A.,"['CH1', 'CH2', 'CHZ']",2019-01-20T22:30:04.880000Z,3.96
2009,20190120T223030Z,1J.TI1A.,"['CH1', 'CH2', 'CHZ']",2019-01-20T22:30:30.050000Z,2.45
2010,20190120T223124Z,1J.TI1A.,"['CH1', 'CH2', 'CHZ']",2019-01-20T22:31:24.690000Z,8.23
2011,20190120T223258Z,1J.TI1A.,"['CH1', 'CH2', 'CHZ']",2019-01-20T22:32:58.620000Z,3.63
2012,20190120T223313Z,1J.TI1A.,"['CH1', 'CH2', 'CHZ']",2019-01-20T22:33:13.610000Z,1.23
2013,20190120T223328Z,1J.TI1A.,"['CH1', 'CH2', 'CHZ']",2019-01-20T22:33:28.730000Z,1.22
2014,20190120T223346Z,1J.TI1A.,"['CH1', 'CH2', 'CHZ']",2019-01-20T22:33:46.130000Z,1.68
2015,20190120T223408Z,1J.TI1A.,"['CH1', 'CH2', 'CHZ']",2019-01-20T22:34:08.820000Z,2.5
2016,20190120T223436Z,1J.TI1A.,"['CH1', 'CH2', 'CHZ']",2019-01-20T22:34:36.110000Z,2.42
2017,20190120T223509Z,1J.TI1A.,"['CH1', 'CH2', 'CHZ']",2019-01-20T22:35:09.890000Z,1.95
2018,20190120T223552Z,1J.TI1A.,"['CH1', 'CH2', 'CHZ']",2019-01-20T22:35:52.090000Z,1.44
2019,20190120T223600Z,1J.TI1A.,"['CH1', 'CH2', 'CHZ']",2019-01-20T22:36:00.350000Z,4.36
2020,20190120T223625Z,1J.TI1A.,"['CH1', 'CH2', 'CHZ']",2019-01-20T22:36:25.340000Z,1.61
2021,20190120T223747Z,1J.TI1A.,"['CH1', 'CH2', 'CHZ']",2019-01-20T22:37:47.760000Z,12.51
2022,20190120T223907Z,1J.TI1A.,"['CH1', 'CH2', 'CHZ']",2019-01-20T22:39:07.560000Z,1.36
2023,20190120T223953Z,1J.TI1A.,"['CH1', 'CH2', 'CHZ']",2019-01-20T22:39:53.700000Z,2.72
2024,20190120T224029Z,1J.TI1A.,"['CH1', 'CH2', 'CHZ']",2019-01-20T22:40:29.000000Z,1.77
2025,20190120T224037Z,1J.TI1A.,"['CH1', 'CH2', 'CHZ']",2019-01-20T22:40:37.940000Z,3.76
2026,20190120T224054Z,1J.TI1A.,"['CH1', 'CH2', 'CHZ']",2019-01-20T22:40:54.360000Z,14.59
2027,20190120T224129Z,1J.TI1A.,"['CH1', 'CH2', 'CHZ']",2019-01-20T22:41:29.290000Z,3.58
2028,20190120T224138Z,1J.TI1A.,"['CH1', 'CH2', 'CHZ']",2019-01-20T22:41:38.650000Z,18.51
2029,20190120T224303Z,1J.TI1A.,"['CH1', 'CH2', 'CHZ']",2019-01-20T22:43:03.060000Z,1.29
2030,20190120T224350Z,1J.TI1A.,"['CH1', 'CH2', 'CHZ']",2019-01-20T22:43:50.730000Z,1.03
2031,20190120T224415Z,1J.TI1A.,"['CH1', 'CH2', 'CHZ']",2019-01-20T22:44:15.960000Z,2.22
2032,20190120T224458Z,1J.TI1A.,"['CH1', 'CH2', 'CHZ']",2019-01-20T22:44:58.320000Z,0.73
2033,20190120T224517Z,1J.TI1A.,"['CH1', 'CH2', 'CHZ']",2019-01-20T22:45:17.850000Z,14.31
2034,20190120T224556Z,1J.TI1A.,"['CH1', 'CH2', 'CHZ']",2019-01-20T22:45:57.450000Z,2.09
2035,20190120T224611Z,1J.TI1A.,"['CH1', 'CH2', 'CHZ']",2019-01-20T22:46:12.770000Z,1.38
2036,20190120T224624Z,1J.TI1A.,"['CH1', 'CH2', 'CHZ']",2019-01-20T22:46:24.790000Z,5.47
2037,20190120T224632Z,1J.TI1A.,"['CH1', 'CH2', 'CHZ']",2019-01-20T22:47:06.030000Z,6.01
2038,20190120T224830Z,1J.TI1A.,"['CH1', 'CH2', 'CHZ']",2019-01-20T22:48:30.270000Z,1.27
2039,20190120T224900Z,1J.TI1A.,"['CH1', 'CH2', 'CHZ']",2019-01-20T22:49:00.970000Z,1.01
2040,20190120T224938Z,1J.TI1A.,"['CH1', 'CH2', 'CHZ']",2019-01-20T22:49:38.680000Z,2.75
2041,20190120T225000Z,1J.TI1A.,"['CH1', 'CH2', 'CHZ']",2019-01-20T22:50:00.440000Z,1.92
2042,20190120T225156Z,1J.TI1A.,"['CH1', 'CH2', 'CHZ']",2019-01-20T22:51:56.480000Z,17.88
2043,20190120T225305Z,1J.TI1A.,"['CH1', 'CH2', 'CHZ']",2019-01-20T22:53:05.750000Z,6.23
2044,20190120T225329Z,1J.TI1A.,"['CH1', 'CH2', 'CHZ']",2019-01-20T22:53:29.670000Z,1.91
2045,20190120T225423Z,1J.TI1A.,"['CH1', 'CH2', 'CHZ']",2019-01-20T22:54:23.650000Z,5.36
2046,20190120T225440Z,1J.TI1A.,"['CH1', 'CH2', 'CHZ']",2019-01-20T22:54:41.970000Z,11.86
2047,20190120T225512Z,1J.TI1A.,"['CH1', 'CH2', 'CHZ']",2019-01-20T22:55:12.030000Z,1.01
2048,20190120T225545Z,1J.TI1A.,"['CH1', 'CH2', 'CHZ']",2019-01-20T22:55:45.390000Z,5.67
2049,20190120T225623Z,1J.TI1A.,"['CH1', 'CH2', 'CHZ']",2019-01-20T22:56:23.690000Z,3.65
2050,20190120T225744Z,1J.TI1A.,"['CH1', 'CH2', 'CHZ']",2019-01-20T22:57:44.800000Z,21.95
2051,20190120T225827Z,1J.TI1A.,"['CH1', 'CH2', 'CHZ']",2019-01-20T22:58:27.960000Z,4.04
2052,20190120T225903Z,1J.TI1A.,"['CH1', 'CH2', 'CHZ']",2019-01-20T22:59:04.230000Z,2.21
2053,20190120T225942Z,1J.TI1A.,"['CH1', 'CH2', 'CHZ']",2019-01-20T22:59:47.570000Z,26.5
2054,20190120T230041Z,1J.TI1A.,"['CH1', 'CH2', 'CHZ']",2019-01-20T23:00:41.570000Z,4.88
2055,20190120T230146Z,1J.TI1A.,"['CH1', 'CH2', 'CHZ']",2019-01-20T23:01:49.480000Z,2.1
2056,20190120T230256Z,1J.TI1A.,"['CH1', 'CH2', 'CHZ']",2019-01-20T23:02:56.880000Z,7.19
2057,20190120T230359Z,1J.TI1A.,"['CH1', 'CH2', 'CHZ']",2019-01-20T23:03:59.330000Z,9.68
2058,20190120T230533Z,1J.TI1A.,"['CH1', 'CH2', 'CHZ']",2019-01-20T23:05:33.590000Z,2.14
2059,20190120T230544Z,1J.TI1A.,"['CH1', 'CH2', 'CHZ']",2019-01-20T23:05:44.880000Z,24.59
2060,20190120T230708Z,1J.TI1A.,"['CH1', 'CH2', 'CHZ']",2019-01-20T23:07:08.520000Z,0.75
2061,20190120T230747Z,1J.TI1A.,"['CH1', 'CH2', 'CHZ']",2019-01-20T23:07:47.510000Z,1.0
2062,20190120T230813Z,1J.TI1A.,"['CH1', 'CH2', 'CHZ']",2019-01-20T23:08:13.650000Z,5.79
2063,20190120T230913Z,1J.TI1A.,"['CH1', 'CH2', 'CHZ']",2019-01-20T23:09:13.680000Z,1.79
2064,20190120T230924Z,1J.TI1A.,"['CH1', 'CH2', 'CHZ']",2019-01-20T23:09:24.110000Z,1.23
2065,20190120T231008Z,1J.TI1A.,"['CH1', 'CH2', 'CHZ']",2019-01-20T23:10:08.300000Z,2.24
2066,20190120T231030Z,1J.TI1A.,"['CH1', 'CH2', 'CHZ']",2019-01-20T23:10:30.160000Z,3.92
2067,20190120T231203Z,1J.TI1A.,"['CH1', 'CH2', 'CHZ']",2019-01-20T23:12:04.360000Z,36.29
2068,20190120T231401Z,1J.TI1A.,"['CH1', 'CH2', 'CHZ']",2019-01-20T23:14:01.880000Z,8.97
2069,20190120T231542Z,1J.TI1A.,"['CH1', 'CH2', 'CHZ']",2019-01-20T23:15:42.070000Z,4.6
2070,20190120T231548Z,1J.TI1A.,"['CH1', 'CH2', 'CHZ']",2019-01-20T23:15:54.520000Z,6.67
2071,20190120T231710Z,1J.TI1A.,"['CH1', 'CH2', 'CHZ']",2019-01-20T23:17:10.880000Z,7.34
2072,20190120T231752Z,1J.TI1A.,"['CH1', 'CH2', 'CHZ']",2019-01-20T23:17:52.320000Z,1.12
2073,20190120T231850Z,1J.TI1A.,"['CH1', 'CH2', 'CHZ']",2019-01-20T23:18:50.600000Z,5.18
2074,20190120T231921Z,1J.TI1A.,"['CH1', 'CH2', 'CHZ']",2019-01-20T23:19:21.650000Z,1.59
2075,20190120T231937Z,1J.TI1A.,"['CH1', 'CH2', 'CHZ']",2019-01-20T23:19:37.740000Z,1.36
2076,20190120T232213Z,1J.TI1A.,"['CH1', 'CH2', 'CHZ']",2019-01-20T23:22:13.310000Z,8.96
2077,20190120T232256Z,1J.TI1A.,"['CH1', 'CH2', 'CHZ']",2019-01-20T23:22:56.400000Z,1.19
2078,20190120T232338Z,1J.TI1A.,"['CH1', 'CH2', 'CHZ']",2019-01-20T23:23:38.160000Z,4.08
2079,20190120T232445Z,1J.TI1A.,"['CH1', 'CH2', 'CHZ']",2019-01-20T23:24:45.890000Z,7.51
2080,20190120T232751Z,1J.TI1A.,"['CH1', 'CH2', 'CHZ']",2019-01-20T23:27:51.680000Z,3.22
2081,20190120T232808Z,1J.TI1A.,"['CH1', 'CH2', 'CHZ']",2019-01-20T23:28:08.430000Z,8.83
2082,20190120T232837Z,1J.TI1A.,"['CH1', 'CH2', 'CHZ']",2019-01-20T23:28:37.950000Z,2.81
2083,20190120T232913Z,1J.TI1A.,"['CH1', 'CH2', 'CHZ']",2019-01-20T23:29:13.580000Z,9.48
2084,20190120T232938Z,1J.TI1A.,"['CH1', 'CH2', 'CHZ']",2019-01-20T23:29:38.810000Z,9.38
2085,20190120T233013Z,1J.TI1A.,"['CH1', 'CH2', 'CHZ']",2019-01-20T23:30:13.860000Z,9.65
2086,20190120T233228Z,1J.TI1A.,"['CH1', 'CH2', 'CHZ']",2019-01-20T23:32:28.490000Z,3.74
2087,20190120T233342Z,1J.TI1A.,"['CH1', 'CH2', 'CHZ']",2019-01-20T23:33:42.960000Z,21.63
2088,20190120T233533Z,1J.TI1A.,"['CH1', 'CH2', 'CHZ']",2019-01-20T23:35:33.070000Z,46.17
2089,20190120T233633Z,1J.TI1A.,"['CH1', 'CH2', 'CHZ']",2019-01-20T23:36:33.840000Z,14.68
2090,20190120T233728Z,1J.TI1A.,"['CH1', 'CH2', 'CHZ']",2019-01-20T23:37:28.560000Z,1.29
2091,20190120T233939Z,1J.TI1A.,"['CH1', 'CH2', 'CHZ']",2019-01-20T23:39:42.020000Z,18.11
2092,20190120T234031Z,1J.TI1A.,"['CH1', 'CH2', 'CHZ']",2019-01-20T23:40:31.960000Z,4.2
2093,20190120T234151Z,1J.TI1A.,"['CH1', 'CH2', 'CHZ']",2019-01-20T23:41:51.910000Z,19.86
2094,20190120T234433Z,1J.TI1A.,"['CH1', 'CH2', 'CHZ']",2019-01-20T23:44:33.580000Z,5.54
2095,20190120T234445Z,1J.TI1A.,"['CH1', 'CH2', 'CHZ']",2019-01-20T23:44:45.260000Z,9.1
2096,20190120T234658Z,1J.TI1A.,"['CH1', 'CH2', 'CHZ']",2019-01-20T23:46:59.490000Z,3.18
2097,20190120T234952Z,1J.TI1A.,"['CH1', 'CH2', 'CHZ']",2019-01-20T23:49:52.760000Z,19.56
