,event_id,station,components,time,duration
0,20190117T011912Z,1J.TI4A.,"['CH1', 'CH2', 'CHZ']",2019-01-17T01:19:12.910000Z,16.49
1,20190117T014234Z,1J.TI4A.,"['CH1', 'CH2', 'CHZ']",2019-01-17T01:42:35.280000Z,9.11
2,20190117T014851Z,1J.TI4A.,"['CH1', 'CH2', 'CHZ']",2019-01-17T01:49:15.750000Z,2.57
3,20190117T015447Z,1J.TI4A.,"['CH1', 'CH2', 'CHZ']",2019-01-17T01:54:51.720000Z,43.29
4,20190117T022817Z,1J.TI4A.,"['CH1', 'CH2', 'CHZ']",2019-01-17T02:28:18.410000Z,4.57
5,20190117T023324Z,1J.TI4A.,"['CH1', 'CH2', 'CHZ']",2019-01-17T02:33:24.400000Z,8.17
6,20190117T023421Z,1J.TI4A.,"['CH1', 'CH2', 'CHZ']",2019-01-17T02:34:24.650000Z,0.96
7,20190117T023511Z,1J.TI4A.,"['CH1', 'CH2', 'CHZ']",2019-01-17T02:35:14.110000Z,11.15
8,20190117T023825Z,1J.TI4A.,"['CH1', 'CH2', 'CHZ']",2019-01-17T02:38:25.870000Z,13.25
9,20190117T023854Z,1J.TI4A.,"['CH1', 'CH2', 'CHZ']",2019-01-17T02:38:54.500000Z,6.38
10,20190117T024302Z,1J.TI4A.,"['CH1', 'CH2', 'CHZ']",2019-01-17T02:43:02.130000Z,20.5
11,20190117T025155Z,1J.TI4A.,"['CH1', 'CH2', 'CHZ']",2019-01-17T02:51:55.840000Z,9.78
12,20190117T025337Z,1J.TI4A.,"['CH1', 'CH2', 'CHZ']",2019-01-17T02:53:37.350000Z,13.35
13,20190117T025536Z,1J.TI4A.,"['CH1', 'CH2', 'CHZ']",2019-01-17T02:56:06.720000Z,4.07
14,20190117T030420Z,1J.TI4A.,"['CH1', 'CH2', 'CHZ']",2019-01-17T03:04:20.030000Z,61.05
15,20190117T030931Z,1J.TI4A.,"['CH1', 'CH2', 'CHZ']",2019-01-17T03:09:34.370000Z,1.38
16,20190117T031520Z,1J.TI4A.,"['CH1', 'CH2', 'CHZ']",2019-01-17T03:15:20.890000Z,51.23
17,20190117T031821Z,1J.TI4A.,"['CH1', 'CH2', 'CHZ']",2019-01-17T03:18:25.990000Z,4.65
18,20190117T032100Z,1J.TI4A.,"['CH1', 'CH2', 'CHZ']",2019-01-17T03:21:02.660000Z,3.6
19,20190117T032125Z,1J.TI4A.,"['CH1', 'CH2', 'CHZ']",2019-01-17T03:21:27.490000Z,8.59
20,20190117T032246Z,1J.TI4A.,"['CH1', 'CH2', 'CHZ']",2019-01-17T03:22:46.060000Z,3.23
21,20190117T033358Z,1J.TI4A.,"['CH1', 'CH2', 'CHZ']",2019-01-17T03:33:58.230000Z,11.82
22,20190117T033631Z,1J.TI4A.,"['CH1', 'CH2', 'CHZ']",2019-01-17T03:36:33.540000Z,12.53
23,20190117T033918Z,1J.TI4A.,"['CH1', 'CH2', 'CHZ']",2019-01-17T03:39:20.100000Z,7.5
24,20190117T033942Z,1J.TI4A.,"['CH1', 'CH2', 'CHZ']",2019-01-17T03:39:47.690000Z,52.19
25,20190117T034146Z,1J.TI4A.,"['CH1', 'CH2', 'CHZ']",2019-01-17T03:41:53.190000Z,6.51
26,20190117T034215Z,1J.TI4A.,"['CH1', 'CH2', 'CHZ']",2019-01-17T03:42:25.740000Z,9.71
27,20190117T034559Z,1J.TI4A.,"['CH1', 'CH2', 'CHZ']",2019-01-17T03:46:06.970000Z,22.66
28,20190117T034711Z,1J.TI4A.,"['CH1', 'CH2', 'CHZ']",2019-01-17T03:47:13.120000Z,4.01
29,20190117T034934Z,1J.TI4A.,"['CH1', 'CH2', 'CHZ']",2019-01-17T03:49:34.940000Z,8.09
30,20190117T040526Z,1J.TI4A.,"['CH1', 'CH2', 'CHZ']",2019-01-17T04:05:26.710000Z,16.13
31,20190117T041346Z,1J.TI4A.,"['CH1', 'CH2', 'CHZ']",2019-01-17T04:13:54.230000Z,15.92
32,20190117T041435Z,1J.TI4A.,"['CH1', 'CH2', 'CHZ']",2019-01-17T04:14:38.890000Z,49.08
33,20190117T041905Z,1J.TI4A.,"['CH1', 'CH2', 'CHZ']",2019-01-17T04:19:11.980000Z,17.98
34,20190117T042113Z,1J.TI4A.,"['CH1', 'CH2', 'CHZ']",2019-01-17T04:21:13.550000Z,6.29
35,20190117T042142Z,1J.TI4A.,"['CH1', 'CH2', 'CHZ']",2019-01-17T04:21:42.960000Z,2.85
36,20190117T042201Z,1J.TI4A.,"['CH1', 'CH2', 'CHZ']",2019-01-17T04:22:05.260000Z,2.39
37,20190117T042340Z,1J.TI4A.,"['CH1', 'CH2', 'CHZ']",2019-01-17T04:23:45.900000Z,6.49
38,20190117T042424Z,1J.TI4A.,"['CH1', 'CH2', 'CHZ']",2019-01-17T04:24:24.090000Z,18.0
39,20190117T042516Z,1J.TI4A.,"['CH1', 'CH2', 'CHZ']",2019-01-17T04:25:21.040000Z,16.76
40,20190117T042619Z,1J.TI4A.,"['CH1', 'CH2', 'CHZ']",2019-01-17T04:26:26.810000Z,4.35
41,20190117T043004Z,1J.TI4A.,"['CH1', 'CH2', 'CHZ']",2019-01-17T04:30:05.990000Z,3.42
42,20190117T043410Z,1J.TI4A.,"['CH1', 'CH2', 'CHZ']",2019-01-17T04:34:18.350000Z,24.09
43,20190117T044056Z,1J.TI4A.,"['CH1', 'CH2', 'CHZ']",2019-01-17T04:40:57.050000Z,2.33
44,20190117T044614Z,1J.TI4A.,"['CH1', 'CH2', 'CHZ']",2019-01-17T04:46:14.120000Z,17.54
45,20190117T045552Z,1J.TI4A.,"['CH1', 'CH2', 'CHZ']",2019-01-17T04:55:55.530000Z,8.28
46,20190117T045943Z,1J.TI4A.,"['CH1', 'CH2', 'CHZ']",2019-01-17T04:59:43.830000Z,4.24
47,20190117T050121Z,1J.TI4A.,"['CH1', 'CH2', 'CHZ']",2019-01-17T05:01:26.190000Z,20.2
48,20190117T050946Z,1J.TI4A.,"['CH1', 'CH2', 'CHZ']",2019-01-17T05:09:46.570000Z,9.9
49,20190117T051509Z,1J.TI4A.,"['CH1', 'CH2', 'CHZ']",2019-01-17T05:15:11.960000Z,24.46
50,20190117T052817Z,1J.TI4A.,"['CH1', 'CH2', 'CHZ']",2019-01-17T05:28:21.100000Z,13.22
51,20190117T053218Z,1J.TI4A.,"['CH1', 'CH2', 'CHZ']",2019-01-17T05:32:18.660000Z,9.79
52,20190117T053333Z,1J.TI4A.,"['CH1', 'CH2', 'CHZ']",2019-01-17T05:33:39.400000Z,41.75
53,20190117T053818Z,1J.TI4A.,"['CH1', 'CH2', 'CHZ']",2019-01-17T05:38:18.910000Z,15.0
54,20190117T053950Z,1J.TI4A.,"['CH1', 'CH2', 'CHZ']",2019-01-17T05:39:57.210000Z,13.97
55,20190117T054201Z,1J.TI4A.,"['CH1', 'CH2', 'CHZ']",2019-01-17T05:42:01.020000Z,8.06
56,20190117T054253Z,1J.TI4A.,"['CH1', 'CH2', 'CHZ']",2019-01-17T05:42:53.490000Z,7.03
57,20190117T054328Z,1J.TI4A.,"['CH1', 'CH2', 'CHZ']",2019-01-17T05:43:32.970000Z,49.06
58,20190117T054748Z,1J.TI4A.,"['CH1', 'CH2', 'CHZ']",2019-01-17T05:47:48.680000Z,20.68
59,20190117T054830Z,1J.TI4A.,"['CH1', 'CH2', 'CHZ']",2019-01-17T05:48:40.100000Z,12.28
60,20190117T055310Z,1J.TI4A.,"['CH1', 'CH2', 'CHZ']",2019-01-17T05:53:14.430000Z,32.67
61,20190117T055451Z,1J.TI4A.,"['CH1', 'CH2', 'CHZ']",2019-01-17T05:54:51.600000Z,1.59
62,20190117T055751Z,1J.TI4A.,"['CH1', 'CH2', 'CHZ']",2019-01-17T05:57:51.110000Z,4.65
63,20190117T055957Z,1J.TI4A.,"['CH1', 'CH2', 'CHZ']",2019-01-17T06:00:01.470000Z,7.75
64,20190117T060155Z,1J.TI4A.,"['CH1', 'CH2', 'CHZ']",2019-01-17T06:01:59.100000Z,64.8
65,20190117T060729Z,1J.TI4A.,"['CH1', 'CH2', 'CHZ']",2019-01-17T06:07:33.470000Z,4.39
66,20190117T061007Z,1J.TI4A.,"['CH1', 'CH2', 'CHZ']",2019-01-17T06:10:09.340000Z,12.12
67,20190117T061122Z,1J.TI4A.,"['CH1', 'CH2', 'CHZ']",2019-01-17T06:11:24.020000Z,9.69
68,20190117T062252Z,1J.TI4A.,"['CH1', 'CH2', 'CHZ']",2019-01-17T06:23:01.880000Z,29.49
69,20190117T062333Z,1J.TI4A.,"['CH1', 'CH2', 'CHZ']",2019-01-17T06:23:42.040000Z,12.85
70,20190117T062930Z,1J.TI4A.,"['CH1', 'CH2', 'CHZ']",2019-01-17T06:29:30.850000Z,14.79
71,20190117T063038Z,1J.TI4A.,"['CH1', 'CH2', 'CHZ']",2019-01-17T06:30:45.170000Z,13.32
72,20190117T063214Z,1J.TI4A.,"['CH1', 'CH2', 'CHZ']",2019-01-17T06:32:16.090000Z,24.15
73,20190117T063331Z,1J.TI4A.,"['CH1', 'CH2', 'CHZ']",2019-01-17T06:33:35.300000Z,4.97
74,20190117T064130Z,1J.TI4A.,"['CH1', 'CH2', 'CHZ']",2019-01-17T06:41:35.510000Z,51.75
75,20190117T065334Z,1J.TI4A.,"['CH1', 'CH2', 'CHZ']",2019-01-17T06:53:42.990000Z,13.51
76,20190117T070451Z,1J.TI4A.,"['CH1', 'CH2', 'CHZ']",2019-01-17T07:04:56.800000Z,4.05
77,20190117T071336Z,1J.TI4A.,"['CH1', 'CH2', 'CHZ']",2019-01-17T07:14:00.260000Z,17.3
78,20190117T071644Z,1J.TI4A.,"['CH1', 'CH2', 'CHZ']",2019-01-17T07:16:48.080000Z,2.73
79,20190117T071933Z,1J.TI4A.,"['CH1', 'CH2', 'CHZ']",2019-01-17T07:19:33.610000Z,5.14
80,20190117T072246Z,1J.TI4A.,"['CH1', 'CH2', 'CHZ']",2019-01-17T07:22:48.970000Z,20.94
81,20190117T072502Z,1J.TI4A.,"['CH1', 'CH2', 'CHZ']",2019-01-17T07:25:02.860000Z,25.45
82,20190117T072717Z,1J.TI4A.,"['CH1', 'CH2', 'CHZ']",2019-01-17T07:27:17.630000Z,27.27
83,20190117T072944Z,1J.TI4A.,"['CH1', 'CH2', 'CHZ']",2019-01-17T07:29:44.920000Z,5.68
84,20190117T073015Z,1J.TI4A.,"['CH1', 'CH2', 'CHZ']",2019-01-17T07:30:15.900000Z,5.14
85,20190117T074030Z,1J.TI4A.,"['CH1', 'CH2', 'CHZ']",2019-01-17T07:40:36.680000Z,5.01
86,20190117T074946Z,1J.TI4A.,"['CH1', 'CH2', 'CHZ']",2019-01-17T07:49:46.450000Z,27.42
87,20190117T075252Z,1J.TI4A.,"['CH1', 'CH2', 'CHZ']",2019-01-17T07:53:01.310000Z,42.01
88,20190117T080606Z,1J.TI4A.,"['CH1', 'CH2', 'CHZ']",2019-01-17T08:06:06.680000Z,7.38
89,20190117T081044Z,1J.TI4A.,"['CH1', 'CH2', 'CHZ']",2019-01-17T08:10:51.810000Z,10.83
90,20190117T081516Z,1J.TI4A.,"['CH1', 'CH2', 'CHZ']",2019-01-17T08:15:18.110000Z,31.43
91,20190117T081630Z,1J.TI4A.,"['CH1', 'CH2', 'CHZ']",2019-01-17T08:16:30.600000Z,3.49
92,20190117T082059Z,1J.TI4A.,"['CH1', 'CH2', 'CHZ']",2019-01-17T08:21:06.660000Z,51.97
93,20190117T082707Z,1J.TI4A.,"['CH1', 'CH2', 'CHZ']",2019-01-17T08:27:07.740000Z,22.48
94,20190117T082745Z,1J.TI4A.,"['CH1', 'CH2', 'CHZ']",2019-01-17T08:27:45.350000Z,7.77
95,20190117T083148Z,1J.TI4A.,"['CH1', 'CH2', 'CHZ']",2019-01-17T08:31:50.380000Z,1.95
96,20190117T083846Z,1J.TI4A.,"['CH1', 'CH2', 'CHZ']",2019-01-17T08:38:46.740000Z,11.76
97,20190117T083957Z,1J.TI4A.,"['CH1', 'CH2', 'CHZ']",2019-01-17T08:40:03.420000Z,15.41
98,20190117T084305Z,1J.TI4A.,"['CH1', 'CH2', 'CHZ']",2019-01-17T08:43:05.820000Z,12.01
99,20190117T084335Z,1J.TI4A.,"['CH1', 'CH2', 'CHZ']",2019-01-17T08:43:40.090000Z,49.71
100,20190117T084717Z,1J.TI4A.,"['CH1', 'CH2', 'CHZ']",2019-01-17T08:47:19.690000Z,10.57
101,20190117T084905Z,1J.TI4A.,"['CH1', 'CH2', 'CHZ']",2019-01-17T08:49:08.560000Z,10.32
102,20190117T085115Z,1J.TI4A.,"['CH1', 'CH2', 'CHZ']",2019-01-17T08:51:16.380000Z,22.7
103,20190117T085220Z,1J.TI4A.,"['CH1', 'CH2', 'CHZ']",2019-01-17T08:52:29.890000Z,2.45
104,20190117T090635Z,1J.TI4A.,"['CH1', 'CH2', 'CHZ']",2019-01-17T09:06:35.190000Z,3.32
105,20190117T091035Z,1J.TI4A.,"['CH1', 'CH2', 'CHZ']",2019-01-17T09:10:35.750000Z,20.57
106,20190117T091347Z,1J.TI4A.,"['CH1', 'CH2', 'CHZ']",2019-01-17T09:13:49.860000Z,6.33
107,20190117T092039Z,1J.TI4A.,"['CH1', 'CH2', 'CHZ']",2019-01-17T09:20:41.090000Z,8.78
108,20190117T092623Z,1J.TI4A.,"['CH1', 'CH2', 'CHZ']",2019-01-17T09:26:29.390000Z,9.98
109,20190117T093833Z,1J.TI4A.,"['CH1', 'CH2', 'CHZ']",2019-01-17T09:38:34.950000Z,51.48
110,20190117T094715Z,1J.TI4A.,"['CH1', 'CH2', 'CHZ']",2019-01-17T09:47:28.310000Z,46.36
111,20190117T101542Z,1J.TI4A.,"['CH1', 'CH2', 'CHZ']",2019-01-17T10:15:42.100000Z,3.52
112,20190117T102544Z,1J.TI4A.,"['CH1', 'CH2', 'CHZ']",2019-01-17T10:25:51.320000Z,10.68
113,20190117T103300Z,1J.TI4A.,"['CH1', 'CH2', 'CHZ']",2019-01-17T10:33:03.170000Z,3.69
114,20190117T103325Z,1J.TI4A.,"['CH1', 'CH2', 'CHZ']",2019-01-17T10:34:01.880000Z,16.87
115,20190117T103630Z,1J.TI4A.,"['CH1', 'CH2', 'CHZ']",2019-01-17T10:36:30.140000Z,21.17
116,20190117T105708Z,1J.TI4A.,"['CH1', 'CH2', 'CHZ']",2019-01-17T10:57:11.240000Z,14.12
117,20190117T110423Z,1J.TI4A.,"['CH1', 'CH2', 'CHZ']",2019-01-17T11:04:28.350000Z,50.08
118,20190117T110946Z,1J.TI4A.,"['CH1', 'CH2', 'CHZ']",2019-01-17T11:09:49.360000Z,9.81
119,20190117T111121Z,1J.TI4A.,"['CH1', 'CH2', 'CHZ']",2019-01-17T11:11:27.080000Z,8.15
120,20190117T111629Z,1J.TI4A.,"['CH1', 'CH2', 'CHZ']",2019-01-17T11:16:29.990000Z,4.58
121,20190117T112802Z,1J.TI4A.,"['CH1', 'CH2', 'CHZ']",2019-01-17T11:28:03.630000Z,26.23
122,20190117T113854Z,1J.TI4A.,"['CH1', 'CH2', 'CHZ']",2019-01-17T11:39:02.790000Z,9.65
123,20190117T114245Z,1J.TI4A.,"['CH1', 'CH2', 'CHZ']",2019-01-17T11:42:45.170000Z,5.14
124,20190117T115312Z,1J.TI4A.,"['CH1', 'CH2', 'CHZ']",2019-01-17T11:53:12.100000Z,4.4
125,20190117T121442Z,1J.TI4A.,"['CH1', 'CH2', 'CHZ']",2019-01-17T12:14:43.450000Z,10.49
126,20190117T121506Z,1J.TI4A.,"['CH1', 'CH2', 'CHZ']",2019-01-17T12:15:09.920000Z,24.78
127,20190117T122607Z,1J.TI4A.,"['CH1', 'CH2', 'CHZ']",2019-01-17T12:26:20.610000Z,17.29
128,20190117T122813Z,1J.TI4A.,"['CH1', 'CH2', 'CHZ']",2019-01-17T12:28:16.650000Z,11.55
129,20190117T122913Z,1J.TI4A.,"['CH1', 'CH2', 'CHZ']",2019-01-17T12:29:13.870000Z,4.67
130,20190117T123508Z,1J.TI4A.,"['CH1', 'CH2', 'CHZ']",2019-01-17T12:35:08.730000Z,5.56
131,20190117T124055Z,1J.TI4A.,"['CH1', 'CH2', 'CHZ']",2019-01-17T12:40:59.070000Z,4.38
132,20190117T125030Z,1J.TI4A.,"['CH1', 'CH2', 'CHZ']",2019-01-17T12:50:30.670000Z,9.6
133,20190117T125625Z,1J.TI4A.,"['CH1', 'CH2', 'CHZ']",2019-01-17T12:56:25.100000Z,7.51
134,20190117T125955Z,1J.TI4A.,"['CH1', 'CH2', 'CHZ']",2019-01-17T12:59:55.600000Z,1.69
135,20190117T130539Z,1J.TI4A.,"['CH1', 'CH2', 'CHZ']",2019-01-17T13:05:41.680000Z,33.34
136,20190117T135713Z,1J.TI4A.,"['CH1', 'CH2', 'CHZ']",2019-01-17T13:57:13.850000Z,60.43
137,20190117T141732Z,1J.TI4A.,"['CH1', 'CH2', 'CHZ']",2019-01-17T14:17:39.690000Z,19.24
138,20190117T141821Z,1J.TI4A.,"['CH1', 'CH2', 'CHZ']",2019-01-17T14:18:21.670000Z,17.32
139,20190117T141944Z,1J.TI4A.,"['CH1', 'CH2', 'CHZ']",2019-01-17T14:19:44.410000Z,18.38
140,20190117T142010Z,1J.TI4A.,"['CH1', 'CH2', 'CHZ']",2019-01-17T14:20:10.970000Z,25.09
141,20190117T142223Z,1J.TI4A.,"['CH1', 'CH2', 'CHZ']",2019-01-17T14:22:23.270000Z,12.69
142,20190117T142717Z,1J.TI4A.,"['CH1', 'CH2', 'CHZ']",2019-01-17T14:28:01.670000Z,18.74
143,20190117T143230Z,1J.TI4A.,"['CH1', 'CH2', 'CHZ']",2019-01-17T14:32:40.660000Z,10.43
144,20190117T143519Z,1J.TI4A.,"['CH1', 'CH2', 'CHZ']",2019-01-17T14:35:19.250000Z,5.97
145,20190117T143703Z,1J.TI4A.,"['CH1', 'CH2', 'CHZ']",2019-01-17T14:37:03.840000Z,19.7
146,20190117T143830Z,1J.TI4A.,"['CH1', 'CH2', 'CHZ']",2019-01-17T14:38:30.710000Z,2.36
147,20190117T143850Z,1J.TI4A.,"['CH1', 'CH2', 'CHZ']",2019-01-17T14:38:50.100000Z,33.0
148,20190117T143940Z,1J.TI4A.,"['CH1', 'CH2', 'CHZ']",2019-01-17T14:39:40.510000Z,1.42
149,20190117T144049Z,1J.TI4A.,"['CH1', 'CH2', 'CHZ']",2019-01-17T14:40:49.880000Z,1.57
150,20190117T144528Z,1J.TI4A.,"['CH1', 'CH2', 'CHZ']",2019-01-17T14:45:28.180000Z,4.53
151,20190117T144553Z,1J.TI4A.,"['CH1', 'CH2', 'CHZ']",2019-01-17T14:45:57.740000Z,20.28
152,20190117T144632Z,1J.TI4A.,"['CH1', 'CH2', 'CHZ']",2019-01-17T14:46:32.950000Z,1.95
153,20190117T145119Z,1J.TI4A.,"['CH1', 'CH2', 'CHZ']",2019-01-17T14:51:19.720000Z,2.6
154,20190117T150121Z,1J.TI4A.,"['CH1', 'CH2', 'CHZ']",2019-01-17T15:01:21.940000Z,18.81
155,20190117T150442Z,1J.TI4A.,"['CH1', 'CH2', 'CHZ']",2019-01-17T15:04:42.980000Z,17.4
156,20190117T150750Z,1J.TI4A.,"['CH1', 'CH2', 'CHZ']",2019-01-17T15:07:50.750000Z,9.8
157,20190117T151014Z,1J.TI4A.,"['CH1', 'CH2', 'CHZ']",2019-01-17T15:10:14.820000Z,29.59
158,20190117T151210Z,1J.TI4A.,"['CH1', 'CH2', 'CHZ']",2019-01-17T15:12:12.270000Z,16.44
159,20190117T151608Z,1J.TI4A.,"['CH1', 'CH2', 'CHZ']",2019-01-17T15:16:08.990000Z,11.11
160,20190117T152513Z,1J.TI4A.,"['CH1', 'CH2', 'CHZ']",2019-01-17T15:25:13.920000Z,40.84
161,20190117T153018Z,1J.TI4A.,"['CH1', 'CH2', 'CHZ']",2019-01-17T15:30:18.350000Z,13.34
162,20190117T153122Z,1J.TI4A.,"['CH1', 'CH2', 'CHZ']",2019-01-17T15:31:22.930000Z,4.56
163,20190117T153240Z,1J.TI4A.,"['CH1', 'CH2', 'CHZ']",2019-01-17T15:32:40.990000Z,13.9
164,20190117T153738Z,1J.TI4A.,"['CH1', 'CH2', 'CHZ']",2019-01-17T15:37:38.250000Z,6.28
165,20190117T154044Z,1J.TI4A.,"['CH1', 'CH2', 'CHZ']",2019-01-17T15:40:44.300000Z,3.32
166,20190117T154145Z,1J.TI4A.,"['CH1', 'CH2', 'CHZ']",2019-01-17T15:41:48.480000Z,50.31
167,20190117T154417Z,1J.TI4A.,"['CH1', 'CH2', 'CHZ']",2019-01-17T15:44:17.110000Z,4.85
168,20190117T154656Z,1J.TI4A.,"['CH1', 'CH2', 'CHZ']",2019-01-17T15:46:56.200000Z,3.79
169,20190117T155356Z,1J.TI4A.,"['CH1', 'CH2', 'CHZ']",2019-01-17T15:54:01.040000Z,17.24
170,20190117T155814Z,1J.TI4A.,"['CH1', 'CH2', 'CHZ']",2019-01-17T15:58:17.590000Z,18.45
171,20190117T160949Z,1J.TI4A.,"['CH1', 'CH2', 'CHZ']",2019-01-17T16:10:02.180000Z,17.59
172,20190117T170104Z,1J.TI4A.,"['CH1', 'CH2', 'CHZ']",2019-01-17T17:01:07.670000Z,1.43
173,20190117T170913Z,1J.TI4A.,"['CH1', 'CH2', 'CHZ']",2019-01-17T17:09:13.230000Z,6.26
174,20190117T172242Z,1J.TI4A.,"['CH1', 'CH2', 'CHZ']",2019-01-17T17:22:52.120000Z,36.92
175,20190117T174502Z,1J.TI4A.,"['CH1', 'CH2', 'CHZ']",2019-01-17T17:45:22.820000Z,1.83
176,20190117T174610Z,1J.TI4A.,"['CH1', 'CH2', 'CHZ']",2019-01-17T17:46:10.710000Z,1.32
177,20190117T174919Z,1J.TI4A.,"['CH1', 'CH2', 'CHZ']",2019-01-17T17:49:19.220000Z,4.4
178,20190117T175221Z,1J.TI4A.,"['CH1', 'CH2', 'CHZ']",2019-01-17T17:52:22.780000Z,2.48
179,20190117T175433Z,1J.TI4A.,"['CH1', 'CH2', 'CHZ']",2019-01-17T17:54:33.200000Z,1.28
180,20190117T175543Z,1J.TI4A.,"['CH1', 'CH2', 'CHZ']",2019-01-17T17:56:03.100000Z,18.26
181,20190117T182005Z,1J.TI4A.,"['CH1', 'CH2', 'CHZ']",2019-01-17T18:20:05.500000Z,1.5
182,20190117T182207Z,1J.TI4A.,"['CH1', 'CH2', 'CHZ']",2019-01-17T18:22:08.800000Z,9.85
183,20190117T182237Z,1J.TI4A.,"['CH1', 'CH2', 'CHZ']",2019-01-17T18:22:37.170000Z,1.35
184,20190117T182247Z,1J.TI4A.,"['CH1', 'CH2', 'CHZ']",2019-01-17T18:22:47.180000Z,6.44
185,20190117T182342Z,1J.TI4A.,"['CH1', 'CH2', 'CHZ']",2019-01-17T18:23:42.910000Z,1.99
186,20190117T182515Z,1J.TI4A.,"['CH1', 'CH2', 'CHZ']",2019-01-17T18:25:15.370000Z,1.82
187,20190117T182605Z,1J.TI4A.,"['CH1', 'CH2', 'CHZ']",2019-01-17T18:26:05.680000Z,60.65
188,20190117T183120Z,1J.TI4A.,"['CH1', 'CH2', 'CHZ']",2019-01-17T18:31:20.670000Z,1.07
189,20190117T183333Z,1J.TI4A.,"['CH1', 'CH2', 'CHZ']",2019-01-17T18:33:33.470000Z,1.66
190,20190117T183348Z,1J.TI4A.,"['CH1', 'CH2', 'CHZ']",2019-01-17T18:33:48.460000Z,13.38
191,20190117T184805Z,1J.TI4A.,"['CH1', 'CH2', 'CHZ']",2019-01-17T18:48:05.610000Z,4.39
192,20190117T184928Z,1J.TI4A.,"['CH1', 'CH2', 'CHZ']",2019-01-17T18:49:28.400000Z,3.83
193,20190117T185623Z,1J.TI4A.,"['CH1', 'CH2', 'CHZ']",2019-01-17T18:56:23.520000Z,2.41
194,20190117T185731Z,1J.TI4A.,"['CH1', 'CH2', 'CHZ']",2019-01-17T18:57:47.650000Z,17.39
195,20190117T190458Z,1J.TI4A.,"['CH1', 'CH2', 'CHZ']",2019-01-17T19:04:59.370000Z,3.53
196,20190117T190605Z,1J.TI4A.,"['CH1', 'CH2', 'CHZ']",2019-01-17T19:06:14.560000Z,0.89
197,20190117T190644Z,1J.TI4A.,"['CH1', 'CH2', 'CHZ']",2019-01-17T19:06:44.880000Z,7.61
198,20190117T191041Z,1J.TI4A.,"['CH1', 'CH2', 'CHZ']",2019-01-17T19:10:41.550000Z,2.37
199,20190117T191205Z,1J.TI4A.,"['CH1', 'CH2', 'CHZ']",2019-01-17T19:12:05.930000Z,8.49
200,20190117T191344Z,1J.TI4A.,"['CH1', 'CH2', 'CHZ']",2019-01-17T19:13:50.140000Z,31.92
201,20190117T191709Z,1J.TI4A.,"['CH1', 'CH2', 'CHZ']",2019-01-17T19:17:11.130000Z,10.65
202,20190117T192335Z,1J.TI4A.,"['CH1', 'CH2', 'CHZ']",2019-01-17T19:23:35.510000Z,1.58
203,20190117T192601Z,1J.TI4A.,"['CH1', 'CH2', 'CHZ']",2019-01-17T19:26:01.030000Z,5.74
204,20190117T193006Z,1J.TI4A.,"['CH1', 'CH2', 'CHZ']",2019-01-17T19:30:06.970000Z,1.43
205,20190117T193912Z,1J.TI4A.,"['CH1', 'CH2', 'CHZ']",2019-01-17T19:39:19.540000Z,10.64
206,20190117T194039Z,1J.TI4A.,"['CH1', 'CH2', 'CHZ']",2019-01-17T19:40:39.700000Z,8.3
207,20190117T194214Z,1J.TI4A.,"['CH1', 'CH2', 'CHZ']",2019-01-17T19:42:14.330000Z,3.04
208,20190117T194544Z,1J.TI4A.,"['CH1', 'CH2', 'CHZ']",2019-01-17T19:45:44.400000Z,17.02
209,20190117T195731Z,1J.TI4A.,"['CH1', 'CH2', 'CHZ']",2019-01-17T19:57:32.000000Z,3.81
210,20190117T200541Z,1J.TI4A.,"['CH1', 'CH2', 'CHZ']",2019-01-17T20:05:42.050000Z,1.58
211,20190117T200634Z,1J.TI4A.,"['CH1', 'CH2', 'CHZ']",2019-01-17T20:07:55.710000Z,8.26
212,20190117T200824Z,1J.TI4A.,"['CH1', 'CH2', 'CHZ']",2019-01-17T20:08:30.500000Z,1.43
213,20190117T200918Z,1J.TI4A.,"['CH1', 'CH2', 'CHZ']",2019-01-17T20:09:18.620000Z,1.37
214,20190117T200928Z,1J.TI4A.,"['CH1', 'CH2', 'CHZ']",2019-01-17T20:09:28.090000Z,12.54
215,20190117T201231Z,1J.TI4A.,"['CH1', 'CH2', 'CHZ']",2019-01-17T20:12:31.930000Z,7.42
216,20190117T201518Z,1J.TI4A.,"['CH1', 'CH2', 'CHZ']",2019-01-17T20:15:18.840000Z,17.48
217,20190117T201606Z,1J.TI4A.,"['CH1', 'CH2', 'CHZ']",2019-01-17T20:16:08.470000Z,4.06
218,20190117T202547Z,1J.TI4A.,"['CH1', 'CH2', 'CHZ']",2019-01-17T20:25:47.400000Z,4.05
219,20190117T202846Z,1J.TI4A.,"['CH1', 'CH2', 'CHZ']",2019-01-17T20:28:51.690000Z,1.4
220,20190117T202945Z,1J.TI4A.,"['CH1', 'CH2', 'CHZ']",2019-01-17T20:29:57.730000Z,2.8
221,20190117T203205Z,1J.TI4A.,"['CH1', 'CH2', 'CHZ']",2019-01-17T20:32:05.400000Z,8.24
222,20190117T203316Z,1J.TI4A.,"['CH1', 'CH2', 'CHZ']",2019-01-17T20:33:17.550000Z,1.63
223,20190117T203352Z,1J.TI4A.,"['CH1', 'CH2', 'CHZ']",2019-01-17T20:33:56.560000Z,7.64
224,20190117T203656Z,1J.TI4A.,"['CH1', 'CH2', 'CHZ']",2019-01-17T20:36:58.210000Z,3.49
225,20190117T203721Z,1J.TI4A.,"['CH1', 'CH2', 'CHZ']",2019-01-17T20:37:21.320000Z,16.71
226,20190117T203935Z,1J.TI4A.,"['CH1', 'CH2', 'CHZ']",2019-01-17T20:39:35.220000Z,1.65
227,20190117T204306Z,1J.TI4A.,"['CH1', 'CH2', 'CHZ']",2019-01-17T20:43:06.320000Z,2.5
228,20190117T204548Z,1J.TI4A.,"['CH1', 'CH2', 'CHZ']",2019-01-17T20:45:50.510000Z,0.94
229,20190117T204916Z,1J.TI4A.,"['CH1', 'CH2', 'CHZ']",2019-01-17T20:49:16.550000Z,5.77
230,20190117T205339Z,1J.TI4A.,"['CH1', 'CH2', 'CHZ']",2019-01-17T20:53:39.910000Z,22.5
231,20190117T205600Z,1J.TI4A.,"['CH1', 'CH2', 'CHZ']",2019-01-17T20:56:04.810000Z,38.11
232,20190117T211412Z,1J.TI4A.,"['CH1', 'CH2', 'CHZ']",2019-01-17T21:14:14.970000Z,8.34
233,20190117T214130Z,1J.TI4A.,"['CH1', 'CH2', 'CHZ']",2019-01-17T21:41:37.440000Z,12.8
234,20190117T214254Z,1J.TI4A.,"['CH1', 'CH2', 'CHZ']",2019-01-17T21:42:55.930000Z,8.05
235,20190117T220149Z,1J.TI4A.,"['CH1', 'CH2', 'CHZ']",2019-01-17T22:01:50.640000Z,20.27
236,20190117T223309Z,1J.TI4A.,"['CH1', 'CH2', 'CHZ']",2019-01-17T22:34:06.820000Z,15.62
237,20190117T223621Z,1J.TI4A.,"['CH1', 'CH2', 'CHZ']",2019-01-17T22:36:22.730000Z,2.47
238,20190117T224439Z,1J.TI4A.,"['CH1', 'CH2', 'CHZ']",2019-01-17T22:44:39.830000Z,11.21
239,20190117T225445Z,1J.TI4A.,"['CH1', 'CH2', 'CHZ']",2019-01-17T22:56:14.250000Z,6.25
240,20190117T225916Z,1J.TI4A.,"['CH1', 'CH2', 'CHZ']",2019-01-17T22:59:16.130000Z,0.8
241,20190117T230030Z,1J.TI4A.,"['CH1', 'CH2', 'CHZ']",2019-01-17T23:00:32.070000Z,13.96
242,20190117T230243Z,1J.TI4A.,"['CH1', 'CH2', 'CHZ']",2019-01-17T23:04:19.300000Z,2.08
243,20190117T230758Z,1J.TI4A.,"['CH1', 'CH2', 'CHZ']",2019-01-17T23:07:58.280000Z,15.18
244,20190117T230931Z,1J.TI4A.,"['CH1', 'CH2', 'CHZ']",2019-01-17T23:09:31.930000Z,14.35
245,20190117T231359Z,1J.TI4A.,"['CH1', 'CH2', 'CHZ']",2019-01-17T23:14:01.640000Z,24.34
246,20190117T232657Z,1J.TI4A.,"['CH1', 'CH2', 'CHZ']",2019-01-17T23:26:59.390000Z,3.14
247,20190117T232853Z,1J.TI4A.,"['CH1', 'CH2', 'CHZ']",2019-01-17T23:28:53.070000Z,3.55
248,20190117T233237Z,1J.TI4A.,"['CH1', 'CH2', 'CHZ']",2019-01-17T23:32:37.610000Z,20.07
249,20190117T233322Z,1J.TI4A.,"['CH1', 'CH2', 'CHZ']",2019-01-17T23:33:23.500000Z,11.18
250,20190117T233426Z,1J.TI4A.,"['CH1', 'CH2', 'CHZ']",2019-01-17T23:34:26.740000Z,6.48
251,20190117T233527Z,1J.TI4A.,"['CH1', 'CH2', 'CHZ']",2019-01-17T23:35:27.370000Z,5.19
252,20190117T233657Z,1J.TI4A.,"['CH1', 'CH2', 'CHZ']",2019-01-17T23:36:57.060000Z,1.91
253,20190117T233847Z,1J.TI4A.,"['CH1', 'CH2', 'CHZ']",2019-01-17T23:38:48.510000Z,7.12
254,20190117T234453Z,1J.TI4A.,"['CH1', 'CH2', 'CHZ']",2019-01-17T23:44:57.440000Z,23.6
255,20190117T234602Z,1J.TI4A.,"['CH1', 'CH2', 'CHZ']",2019-01-17T23:46:04.250000Z,49.37
256,20190117T234846Z,1J.TI4A.,"['CH1', 'CH2', 'CHZ']",2019-01-17T23:48:51.540000Z,9.09
257,20190117T234954Z,1J.TI4A.,"['CH1', 'CH2', 'CHZ']",2019-01-17T23:49:58.360000Z,27.85
258,20190117T235332Z,1J.TI4A.,"['CH1', 'CH2', 'CHZ']",2019-01-17T23:53:32.880000Z,8.58
259,20190117T000437Z,1J.TI3A.,"['CH1', 'CH2', 'CHZ']",2019-01-17T00:04:37.230000Z,15.22
260,20190117T001655Z,1J.TI3A.,"['CH1', 'CH2', 'CHZ']",2019-01-17T00:16:55.010000Z,12.96
261,20190117T001924Z,1J.TI3A.,"['CH1', 'CH2', 'CHZ']",2019-01-17T00:19:24.230000Z,6.63
262,20190117T002525Z,1J.TI3A.,"['CH1', 'CH2', 'CHZ']",2019-01-17T00:25:26.190000Z,15.52
263,20190117T004509Z,1J.TI3A.,"['CH1', 'CH2', 'CHZ']",2019-01-17T00:45:09.940000Z,12.65
264,20190117T005608Z,1J.TI3A.,"['CH1', 'CH2', 'CHZ']",2019-01-17T00:56:08.200000Z,13.18
265,20190117T005927Z,1J.TI3A.,"['CH1', 'CH2', 'CHZ']",2019-01-17T00:59:27.200000Z,10.7
266,20190117T011648Z,1J.TI3A.,"['CH1', 'CH2', 'CHZ']",2019-01-17T01:16:48.750000Z,11.07
267,20190117T011904Z,1J.TI3A.,"['CH1', 'CH2', 'CHZ']",2019-01-17T01:19:04.670000Z,6.67
268,20190117T012202Z,1J.TI3A.,"['CH1', 'CH2', 'CHZ']",2019-01-17T01:22:02.860000Z,9.58
269,20190117T012447Z,1J.TI3A.,"['CH1', 'CH2', 'CHZ']",2019-01-17T01:24:53.650000Z,3.36
270,20190117T012653Z,1J.TI3A.,"['CH1', 'CH2', 'CHZ']",2019-01-17T01:26:53.990000Z,7.73
271,20190117T013438Z,1J.TI3A.,"['CH1', 'CH2', 'CHZ']",2019-01-17T01:34:38.660000Z,17.79
272,20190117T013541Z,1J.TI3A.,"['CH1', 'CH2', 'CHZ']",2019-01-17T01:35:43.560000Z,4.57
273,20190117T013702Z,1J.TI3A.,"['CH1', 'CH2', 'CHZ']",2019-01-17T01:37:02.750000Z,0.88
274,20190117T013809Z,1J.TI3A.,"['CH1', 'CH2', 'CHZ']",2019-01-17T01:38:09.270000Z,12.96
275,20190117T013903Z,1J.TI3A.,"['CH1', 'CH2', 'CHZ']",2019-01-17T01:39:03.690000Z,1.67
276,20190117T014212Z,1J.TI3A.,"['CH1', 'CH2', 'CHZ']",2019-01-17T01:42:12.040000Z,1.65
277,20190117T014218Z,1J.TI3A.,"['CH1', 'CH2', 'CHZ']",2019-01-17T01:42:18.800000Z,4.98
278,20190117T014405Z,1J.TI3A.,"['CH1', 'CH2', 'CHZ']",2019-01-17T01:44:05.270000Z,19.02
279,20190117T014445Z,1J.TI3A.,"['CH1', 'CH2', 'CHZ']",2019-01-17T01:44:45.610000Z,16.81
280,20190117T014737Z,1J.TI3A.,"['CH1', 'CH2', 'CHZ']",2019-01-17T01:47:37.250000Z,9.52
281,20190117T015447Z,1J.TI3A.,"['CH1', 'CH2', 'CHZ']",2019-01-17T01:54:47.060000Z,51.05
282,20190117T020024Z,1J.TI3A.,"['CH1', 'CH2', 'CHZ']",2019-01-17T02:00:24.690000Z,7.91
283,20190117T020435Z,1J.TI3A.,"['CH1', 'CH2', 'CHZ']",2019-01-17T02:04:35.300000Z,19.22
284,20190117T020531Z,1J.TI3A.,"['CH1', 'CH2', 'CHZ']",2019-01-17T02:05:31.780000Z,4.84
285,20190117T020734Z,1J.TI3A.,"['CH1', 'CH2', 'CHZ']",2019-01-17T02:07:34.520000Z,1.69
286,20190117T020945Z,1J.TI3A.,"['CH1', 'CH2', 'CHZ']",2019-01-17T02:09:45.070000Z,19.98
287,20190117T021514Z,1J.TI3A.,"['CH1', 'CH2', 'CHZ']",2019-01-17T02:15:14.160000Z,15.54
288,20190117T021746Z,1J.TI3A.,"['CH1', 'CH2', 'CHZ']",2019-01-17T02:17:46.450000Z,19.12
289,20190117T022206Z,1J.TI3A.,"['CH1', 'CH2', 'CHZ']",2019-01-17T02:22:06.850000Z,48.21
290,20190117T022458Z,1J.TI3A.,"['CH1', 'CH2', 'CHZ']",2019-01-17T02:24:58.780000Z,16.56
291,20190117T022759Z,1J.TI3A.,"['CH1', 'CH2', 'CHZ']",2019-01-17T02:27:59.570000Z,8.8
292,20190117T023009Z,1J.TI3A.,"['CH1', 'CH2', 'CHZ']",2019-01-17T02:30:09.100000Z,50.68
293,20190117T023229Z,1J.TI3A.,"['CH1', 'CH2', 'CHZ']",2019-01-17T02:32:29.390000Z,6.88
294,20190117T023421Z,1J.TI3A.,"['CH1', 'CH2', 'CHZ']",2019-01-17T02:34:27.160000Z,5.05
295,20190117T023453Z,1J.TI3A.,"['CH1', 'CH2', 'CHZ']",2019-01-17T02:34:53.520000Z,12.35
296,20190117T023801Z,1J.TI3A.,"['CH1', 'CH2', 'CHZ']",2019-01-17T02:38:01.510000Z,18.35
297,20190117T023923Z,1J.TI3A.,"['CH1', 'CH2', 'CHZ']",2019-01-17T02:39:23.440000Z,3.23
298,20190117T024344Z,1J.TI3A.,"['CH1', 'CH2', 'CHZ']",2019-01-17T02:43:44.910000Z,30.29
299,20190117T024653Z,1J.TI3A.,"['CH1', 'CH2', 'CHZ']",2019-01-17T02:46:53.770000Z,14.47
300,20190117T024803Z,1J.TI3A.,"['CH1', 'CH2', 'CHZ']",2019-01-17T02:48:03.160000Z,10.69
301,20190117T024900Z,1J.TI3A.,"['CH1', 'CH2', 'CHZ']",2019-01-17T02:49:00.580000Z,17.65
302,20190117T025053Z,1J.TI3A.,"['CH1', 'CH2', 'CHZ']",2019-01-17T02:50:53.140000Z,7.77
303,20190117T025939Z,1J.TI3A.,"['CH1', 'CH2', 'CHZ']",2019-01-17T02:59:39.380000Z,12.15
304,20190117T030051Z,1J.TI3A.,"['CH1', 'CH2', 'CHZ']",2019-01-17T03:00:51.450000Z,18.4
305,20190117T030142Z,1J.TI3A.,"['CH1', 'CH2', 'CHZ']",2019-01-17T03:01:42.860000Z,1.62
306,20190117T030420Z,1J.TI3A.,"['CH1', 'CH2', 'CHZ']",2019-01-17T03:04:42.870000Z,29.62
307,20190117T030551Z,1J.TI3A.,"['CH1', 'CH2', 'CHZ']",2019-01-17T03:05:51.910000Z,2.88
308,20190117T030911Z,1J.TI3A.,"['CH1', 'CH2', 'CHZ']",2019-01-17T03:09:11.040000Z,0.91
309,20190117T030939Z,1J.TI3A.,"['CH1', 'CH2', 'CHZ']",2019-01-17T03:09:39.730000Z,15.19
310,20190117T031520Z,1J.TI3A.,"['CH1', 'CH2', 'CHZ']",2019-01-17T03:15:25.210000Z,30.32
311,20190117T031821Z,1J.TI3A.,"['CH1', 'CH2', 'CHZ']",2019-01-17T03:18:28.090000Z,3.49
312,20190117T031907Z,1J.TI3A.,"['CH1', 'CH2', 'CHZ']",2019-01-17T03:19:07.630000Z,6.11
313,20190117T032004Z,1J.TI3A.,"['CH1', 'CH2', 'CHZ']",2019-01-17T03:20:04.050000Z,13.02
314,20190117T032125Z,1J.TI3A.,"['CH1', 'CH2', 'CHZ']",2019-01-17T03:21:25.430000Z,22.01
315,20190117T032321Z,1J.TI3A.,"['CH1', 'CH2', 'CHZ']",2019-01-17T03:23:21.930000Z,7.17
316,20190117T032638Z,1J.TI3A.,"['CH1', 'CH2', 'CHZ']",2019-01-17T03:26:38.290000Z,28.5
317,20190117T032809Z,1J.TI3A.,"['CH1', 'CH2', 'CHZ']",2019-01-17T03:28:09.000000Z,8.61
318,20190117T032934Z,1J.TI3A.,"['CH1', 'CH2', 'CHZ']",2019-01-17T03:29:34.790000Z,22.82
319,20190117T033136Z,1J.TI3A.,"['CH1', 'CH2', 'CHZ']",2019-01-17T03:31:36.890000Z,0.8
320,20190117T033254Z,1J.TI3A.,"['CH1', 'CH2', 'CHZ']",2019-01-17T03:32:54.680000Z,1.61
321,20190117T033329Z,1J.TI3A.,"['CH1', 'CH2', 'CHZ']",2019-01-17T03:33:36.610000Z,11.24
322,20190117T033830Z,1J.TI3A.,"['CH1', 'CH2', 'CHZ']",2019-01-17T03:38:30.060000Z,0.67
323,20190117T033942Z,1J.TI3A.,"['CH1', 'CH2', 'CHZ']",2019-01-17T03:39:42.430000Z,53.71
324,20190117T034146Z,1J.TI3A.,"['CH1', 'CH2', 'CHZ']",2019-01-17T03:41:46.140000Z,6.46
325,20190117T034215Z,1J.TI3A.,"['CH1', 'CH2', 'CHZ']",2019-01-17T03:42:15.230000Z,18.22
326,20190117T034534Z,1J.TI3A.,"['CH1', 'CH2', 'CHZ']",2019-01-17T03:45:34.170000Z,12.68
327,20190117T034559Z,1J.TI3A.,"['CH1', 'CH2', 'CHZ']",2019-01-17T03:45:59.760000Z,12.59
328,20190117T034705Z,1J.TI3A.,"['CH1', 'CH2', 'CHZ']",2019-01-17T03:47:05.190000Z,3.44
329,20190117T034809Z,1J.TI3A.,"['CH1', 'CH2', 'CHZ']",2019-01-17T03:48:09.590000Z,0.62
330,20190117T035052Z,1J.TI3A.,"['CH1', 'CH2', 'CHZ']",2019-01-17T03:50:52.970000Z,0.94
331,20190117T035117Z,1J.TI3A.,"['CH1', 'CH2', 'CHZ']",2019-01-17T03:51:17.200000Z,11.44
332,20190117T035331Z,1J.TI3A.,"['CH1', 'CH2', 'CHZ']",2019-01-17T03:53:31.030000Z,20.68
333,20190117T035618Z,1J.TI3A.,"['CH1', 'CH2', 'CHZ']",2019-01-17T03:56:18.020000Z,1.5
334,20190117T035821Z,1J.TI3A.,"['CH1', 'CH2', 'CHZ']",2019-01-17T03:58:21.530000Z,19.25
335,20190117T040033Z,1J.TI3A.,"['CH1', 'CH2', 'CHZ']",2019-01-17T04:00:33.110000Z,1.21
336,20190117T040218Z,1J.TI3A.,"['CH1', 'CH2', 'CHZ']",2019-01-17T04:02:18.430000Z,0.79
337,20190117T040418Z,1J.TI3A.,"['CH1', 'CH2', 'CHZ']",2019-01-17T04:04:18.090000Z,0.93
338,20190117T040625Z,1J.TI3A.,"['CH1', 'CH2', 'CHZ']",2019-01-17T04:06:25.760000Z,18.28
339,20190117T040849Z,1J.TI3A.,"['CH1', 'CH2', 'CHZ']",2019-01-17T04:08:49.240000Z,1.15
340,20190117T040931Z,1J.TI3A.,"['CH1', 'CH2', 'CHZ']",2019-01-17T04:09:31.540000Z,18.96
341,20190117T041049Z,1J.TI3A.,"['CH1', 'CH2', 'CHZ']",2019-01-17T04:10:49.670000Z,0.61
342,20190117T041129Z,1J.TI3A.,"['CH1', 'CH2', 'CHZ']",2019-01-17T04:11:29.310000Z,5.74
343,20190117T041256Z,1J.TI3A.,"['CH1', 'CH2', 'CHZ']",2019-01-17T04:12:56.390000Z,1.07
344,20190117T041346Z,1J.TI3A.,"['CH1', 'CH2', 'CHZ']",2019-01-17T04:13:46.110000Z,12.65
345,20190117T041435Z,1J.TI3A.,"['CH1', 'CH2', 'CHZ']",2019-01-17T04:14:35.120000Z,48.95
346,20190117T041829Z,1J.TI3A.,"['CH1', 'CH2', 'CHZ']",2019-01-17T04:18:29.220000Z,1.76
347,20190117T041905Z,1J.TI3A.,"['CH1', 'CH2', 'CHZ']",2019-01-17T04:19:05.420000Z,15.55
348,20190117T042113Z,1J.TI3A.,"['CH1', 'CH2', 'CHZ']",2019-01-17T04:21:16.060000Z,2.3
349,20190117T042201Z,1J.TI3A.,"['CH1', 'CH2', 'CHZ']",2019-01-17T04:22:01.560000Z,4.69
350,20190117T042316Z,1J.TI3A.,"['CH1', 'CH2', 'CHZ']",2019-01-17T04:23:16.570000Z,1.24
351,20190117T042340Z,1J.TI3A.,"['CH1', 'CH2', 'CHZ']",2019-01-17T04:23:40.460000Z,22.22
352,20190117T042516Z,1J.TI3A.,"['CH1', 'CH2', 'CHZ']",2019-01-17T04:25:16.950000Z,27.51
353,20190117T042619Z,1J.TI3A.,"['CH1', 'CH2', 'CHZ']",2019-01-17T04:26:19.880000Z,18.8
354,20190117T042748Z,1J.TI3A.,"['CH1', 'CH2', 'CHZ']",2019-01-17T04:27:48.540000Z,8.53
355,20190117T042837Z,1J.TI3A.,"['CH1', 'CH2', 'CHZ']",2019-01-17T04:28:37.280000Z,1.35
356,20190117T043027Z,1J.TI3A.,"['CH1', 'CH2', 'CHZ']",2019-01-17T04:30:27.950000Z,4.93
357,20190117T043119Z,1J.TI3A.,"['CH1', 'CH2', 'CHZ']",2019-01-17T04:31:19.120000Z,1.36
358,20190117T043221Z,1J.TI3A.,"['CH1', 'CH2', 'CHZ']",2019-01-17T04:32:21.850000Z,7.79
359,20190117T043244Z,1J.TI3A.,"['CH1', 'CH2', 'CHZ']",2019-01-17T04:32:44.530000Z,10.94
360,20190117T043407Z,1J.TI3A.,"['CH1', 'CH2', 'CHZ']",2019-01-17T04:34:07.300000Z,1.85
361,20190117T043410Z,1J.TI3A.,"['CH1', 'CH2', 'CHZ']",2019-01-17T04:34:16.190000Z,21.84
362,20190117T043553Z,1J.TI3A.,"['CH1', 'CH2', 'CHZ']",2019-01-17T04:35:53.420000Z,4.79
363,20190117T043715Z,1J.TI3A.,"['CH1', 'CH2', 'CHZ']",2019-01-17T04:37:15.670000Z,1.76
364,20190117T043806Z,1J.TI3A.,"['CH1', 'CH2', 'CHZ']",2019-01-17T04:38:06.460000Z,9.02
365,20190117T043958Z,1J.TI3A.,"['CH1', 'CH2', 'CHZ']",2019-01-17T04:39:58.860000Z,1.82
366,20190117T044230Z,1J.TI3A.,"['CH1', 'CH2', 'CHZ']",2019-01-17T04:42:30.900000Z,19.22
367,20190117T044436Z,1J.TI3A.,"['CH1', 'CH2', 'CHZ']",2019-01-17T04:44:36.600000Z,8.36
368,20190117T044614Z,1J.TI3A.,"['CH1', 'CH2', 'CHZ']",2019-01-17T04:46:20.210000Z,14.49
369,20190117T044713Z,1J.TI3A.,"['CH1', 'CH2', 'CHZ']",2019-01-17T04:47:13.500000Z,0.77
370,20190117T044902Z,1J.TI3A.,"['CH1', 'CH2', 'CHZ']",2019-01-17T04:49:02.240000Z,9.52
371,20190117T045016Z,1J.TI3A.,"['CH1', 'CH2', 'CHZ']",2019-01-17T04:50:16.030000Z,1.53
372,20190117T045247Z,1J.TI3A.,"['CH1', 'CH2', 'CHZ']",2019-01-17T04:52:47.490000Z,15.7
373,20190117T045423Z,1J.TI3A.,"['CH1', 'CH2', 'CHZ']",2019-01-17T04:54:23.890000Z,6.47
374,20190117T045542Z,1J.TI3A.,"['CH1', 'CH2', 'CHZ']",2019-01-17T04:55:42.730000Z,1.81
375,20190117T045552Z,1J.TI3A.,"['CH1', 'CH2', 'CHZ']",2019-01-17T04:55:52.820000Z,14.71
376,20190117T045853Z,1J.TI3A.,"['CH1', 'CH2', 'CHZ']",2019-01-17T04:58:53.910000Z,1.26
377,20190117T050154Z,1J.TI3A.,"['CH1', 'CH2', 'CHZ']",2019-01-17T05:01:54.480000Z,21.84
378,20190117T050242Z,1J.TI3A.,"['CH1', 'CH2', 'CHZ']",2019-01-17T05:02:42.220000Z,7.17
379,20190117T050416Z,1J.TI3A.,"['CH1', 'CH2', 'CHZ']",2019-01-17T05:04:16.270000Z,2.76
380,20190117T050521Z,1J.TI3A.,"['CH1', 'CH2', 'CHZ']",2019-01-17T05:05:21.020000Z,2.24
381,20190117T050706Z,1J.TI3A.,"['CH1', 'CH2', 'CHZ']",2019-01-17T05:07:06.860000Z,9.3
382,20190117T051025Z,1J.TI3A.,"['CH1', 'CH2', 'CHZ']",2019-01-17T05:10:25.310000Z,1.56
383,20190117T051031Z,1J.TI3A.,"['CH1', 'CH2', 'CHZ']",2019-01-17T05:10:45.820000Z,13.49
384,20190117T051509Z,1J.TI3A.,"['CH1', 'CH2', 'CHZ']",2019-01-17T05:15:11.140000Z,9.48
385,20190117T051726Z,1J.TI3A.,"['CH1', 'CH2', 'CHZ']",2019-01-17T05:17:26.810000Z,1.94
386,20190117T051916Z,1J.TI3A.,"['CH1', 'CH2', 'CHZ']",2019-01-17T05:19:16.500000Z,19.15
387,20190117T052147Z,1J.TI3A.,"['CH1', 'CH2', 'CHZ']",2019-01-17T05:21:47.010000Z,11.92
388,20190117T052307Z,1J.TI3A.,"['CH1', 'CH2', 'CHZ']",2019-01-17T05:23:07.400000Z,0.74
389,20190117T052611Z,1J.TI3A.,"['CH1', 'CH2', 'CHZ']",2019-01-17T05:26:11.380000Z,1.52
390,20190117T052900Z,1J.TI3A.,"['CH1', 'CH2', 'CHZ']",2019-01-17T05:29:00.380000Z,18.35
391,20190117T053150Z,1J.TI3A.,"['CH1', 'CH2', 'CHZ']",2019-01-17T05:31:50.770000Z,15.92
392,20190117T053323Z,1J.TI3A.,"['CH1', 'CH2', 'CHZ']",2019-01-17T05:33:23.770000Z,1.07
393,20190117T053333Z,1J.TI3A.,"['CH1', 'CH2', 'CHZ']",2019-01-17T05:33:33.090000Z,46.44
394,20190117T053841Z,1J.TI3A.,"['CH1', 'CH2', 'CHZ']",2019-01-17T05:38:41.600000Z,1.19
395,20190117T053852Z,1J.TI3A.,"['CH1', 'CH2', 'CHZ']",2019-01-17T05:38:52.700000Z,11.5
396,20190117T054054Z,1J.TI3A.,"['CH1', 'CH2', 'CHZ']",2019-01-17T05:40:54.870000Z,18.26
397,20190117T054159Z,1J.TI3A.,"['CH1', 'CH2', 'CHZ']",2019-01-17T05:41:59.150000Z,1.06
398,20190117T054315Z,1J.TI3A.,"['CH1', 'CH2', 'CHZ']",2019-01-17T05:43:15.470000Z,7.37
399,20190117T054328Z,1J.TI3A.,"['CH1', 'CH2', 'CHZ']",2019-01-17T05:43:29.000000Z,50.51
400,20190117T054531Z,1J.TI3A.,"['CH1', 'CH2', 'CHZ']",2019-01-17T05:45:31.490000Z,1.4
401,20190117T054748Z,1J.TI3A.,"['CH1', 'CH2', 'CHZ']",2019-01-17T05:47:55.780000Z,7.92
402,20190117T054830Z,1J.TI3A.,"['CH1', 'CH2', 'CHZ']",2019-01-17T05:48:30.360000Z,23.28
403,20190117T055006Z,1J.TI3A.,"['CH1', 'CH2', 'CHZ']",2019-01-17T05:50:06.180000Z,1.18
404,20190117T055400Z,1J.TI3A.,"['CH1', 'CH2', 'CHZ']",2019-01-17T05:54:00.460000Z,1.65
405,20190117T055554Z,1J.TI3A.,"['CH1', 'CH2', 'CHZ']",2019-01-17T05:55:54.850000Z,15.61
406,20190117T055705Z,1J.TI3A.,"['CH1', 'CH2', 'CHZ']",2019-01-17T05:57:05.530000Z,1.21
407,20190117T055813Z,1J.TI3A.,"['CH1', 'CH2', 'CHZ']",2019-01-17T05:58:13.920000Z,3.46
408,20190117T055851Z,1J.TI3A.,"['CH1', 'CH2', 'CHZ']",2019-01-17T05:58:51.310000Z,18.65
409,20190117T055957Z,1J.TI3A.,"['CH1', 'CH2', 'CHZ']",2019-01-17T05:59:57.840000Z,5.84
410,20190117T060033Z,1J.TI3A.,"['CH1', 'CH2', 'CHZ']",2019-01-17T06:00:33.540000Z,0.84
411,20190117T060155Z,1J.TI3A.,"['CH1', 'CH2', 'CHZ']",2019-01-17T06:01:57.470000Z,82.56
412,20190117T060729Z,1J.TI3A.,"['CH1', 'CH2', 'CHZ']",2019-01-17T06:07:29.010000Z,7.24
413,20190117T060823Z,1J.TI3A.,"['CH1', 'CH2', 'CHZ']",2019-01-17T06:08:23.460000Z,10.89
414,20190117T061007Z,1J.TI3A.,"['CH1', 'CH2', 'CHZ']",2019-01-17T06:10:07.500000Z,4.12
415,20190117T061031Z,1J.TI3A.,"['CH1', 'CH2', 'CHZ']",2019-01-17T06:10:31.800000Z,7.34
416,20190117T061122Z,1J.TI3A.,"['CH1', 'CH2', 'CHZ']",2019-01-17T06:11:35.870000Z,8.43
417,20190117T061914Z,1J.TI3A.,"['CH1', 'CH2', 'CHZ']",2019-01-17T06:19:14.960000Z,1.39
418,20190117T062226Z,1J.TI3A.,"['CH1', 'CH2', 'CHZ']",2019-01-17T06:22:26.100000Z,6.38
419,20190117T062252Z,1J.TI3A.,"['CH1', 'CH2', 'CHZ']",2019-01-17T06:22:52.360000Z,33.44
420,20190117T062333Z,1J.TI3A.,"['CH1', 'CH2', 'CHZ']",2019-01-17T06:23:33.420000Z,19.39
421,20190117T062610Z,1J.TI3A.,"['CH1', 'CH2', 'CHZ']",2019-01-17T06:26:10.370000Z,1.16
422,20190117T062757Z,1J.TI3A.,"['CH1', 'CH2', 'CHZ']",2019-01-17T06:27:57.020000Z,0.96
423,20190117T062834Z,1J.TI3A.,"['CH1', 'CH2', 'CHZ']",2019-01-17T06:28:34.810000Z,8.29
424,20190117T063011Z,1J.TI3A.,"['CH1', 'CH2', 'CHZ']",2019-01-17T06:30:11.300000Z,12.4
425,20190117T063038Z,1J.TI3A.,"['CH1', 'CH2', 'CHZ']",2019-01-17T06:30:38.000000Z,21.29
426,20190117T063214Z,1J.TI3A.,"['CH1', 'CH2', 'CHZ']",2019-01-17T06:32:14.010000Z,22.97
427,20190117T063331Z,1J.TI3A.,"['CH1', 'CH2', 'CHZ']",2019-01-17T06:33:31.350000Z,5.79
428,20190117T063526Z,1J.TI3A.,"['CH1', 'CH2', 'CHZ']",2019-01-17T06:35:26.690000Z,1.15
429,20190117T063541Z,1J.TI3A.,"['CH1', 'CH2', 'CHZ']",2019-01-17T06:35:41.890000Z,12.98
430,20190117T063723Z,1J.TI3A.,"['CH1', 'CH2', 'CHZ']",2019-01-17T06:37:23.560000Z,5.82
431,20190117T063824Z,1J.TI3A.,"['CH1', 'CH2', 'CHZ']",2019-01-17T06:38:24.770000Z,11.87
432,20190117T063958Z,1J.TI3A.,"['CH1', 'CH2', 'CHZ']",2019-01-17T06:39:58.470000Z,1.21
433,20190117T064130Z,1J.TI3A.,"['CH1', 'CH2', 'CHZ']",2019-01-17T06:41:30.540000Z,52.19
434,20190117T064412Z,1J.TI3A.,"['CH1', 'CH2', 'CHZ']",2019-01-17T06:44:12.290000Z,8.67
435,20190117T064512Z,1J.TI3A.,"['CH1', 'CH2', 'CHZ']",2019-01-17T06:45:12.930000Z,0.86
436,20190117T064611Z,1J.TI3A.,"['CH1', 'CH2', 'CHZ']",2019-01-17T06:46:11.920000Z,6.85
437,20190117T064847Z,1J.TI3A.,"['CH1', 'CH2', 'CHZ']",2019-01-17T06:48:47.600000Z,16.27
438,20190117T065142Z,1J.TI3A.,"['CH1', 'CH2', 'CHZ']",2019-01-17T06:51:42.940000Z,21.99
439,20190117T065443Z,1J.TI3A.,"['CH1', 'CH2', 'CHZ']",2019-01-17T06:54:43.170000Z,1.22
440,20190117T065521Z,1J.TI3A.,"['CH1', 'CH2', 'CHZ']",2019-01-17T06:55:21.230000Z,13.01
441,20190117T065705Z,1J.TI3A.,"['CH1', 'CH2', 'CHZ']",2019-01-17T06:57:05.320000Z,0.73
442,20190117T065752Z,1J.TI3A.,"['CH1', 'CH2', 'CHZ']",2019-01-17T06:57:52.750000Z,2.56
443,20190117T065907Z,1J.TI3A.,"['CH1', 'CH2', 'CHZ']",2019-01-17T06:59:07.740000Z,1.48
444,20190117T065950Z,1J.TI3A.,"['CH1', 'CH2', 'CHZ']",2019-01-17T06:59:50.240000Z,10.29
445,20190117T070128Z,1J.TI3A.,"['CH1', 'CH2', 'CHZ']",2019-01-17T07:01:28.800000Z,1.06
446,20190117T070206Z,1J.TI3A.,"['CH1', 'CH2', 'CHZ']",2019-01-17T07:02:06.190000Z,16.5
447,20190117T070406Z,1J.TI3A.,"['CH1', 'CH2', 'CHZ']",2019-01-17T07:04:06.010000Z,0.78
448,20190117T070615Z,1J.TI3A.,"['CH1', 'CH2', 'CHZ']",2019-01-17T07:06:15.560000Z,0.65
449,20190117T070938Z,1J.TI3A.,"['CH1', 'CH2', 'CHZ']",2019-01-17T07:09:38.360000Z,20.71
450,20190117T071239Z,1J.TI3A.,"['CH1', 'CH2', 'CHZ']",2019-01-17T07:12:39.520000Z,1.76
451,20190117T071336Z,1J.TI3A.,"['CH1', 'CH2', 'CHZ']",2019-01-17T07:13:36.900000Z,18.6
452,20190117T071729Z,1J.TI3A.,"['CH1', 'CH2', 'CHZ']",2019-01-17T07:17:29.860000Z,1.35
453,20190117T071941Z,1J.TI3A.,"['CH1', 'CH2', 'CHZ']",2019-01-17T07:19:41.540000Z,5.08
454,20190117T072016Z,1J.TI3A.,"['CH1', 'CH2', 'CHZ']",2019-01-17T07:20:16.560000Z,0.96
455,20190117T072209Z,1J.TI3A.,"['CH1', 'CH2', 'CHZ']",2019-01-17T07:22:09.310000Z,0.69
456,20190117T072246Z,1J.TI3A.,"['CH1', 'CH2', 'CHZ']",2019-01-17T07:22:46.790000Z,22.54
457,20190117T072317Z,1J.TI3A.,"['CH1', 'CH2', 'CHZ']",2019-01-17T07:23:17.860000Z,16.54
458,20190117T072345Z,1J.TI3A.,"['CH1', 'CH2', 'CHZ']",2019-01-17T07:23:45.910000Z,10.68
459,20190117T072445Z,1J.TI3A.,"['CH1', 'CH2', 'CHZ']",2019-01-17T07:24:45.190000Z,0.66
460,20190117T072617Z,1J.TI3A.,"['CH1', 'CH2', 'CHZ']",2019-01-17T07:26:17.900000Z,2.43
461,20190117T072750Z,1J.TI3A.,"['CH1', 'CH2', 'CHZ']",2019-01-17T07:27:50.820000Z,0.72
462,20190117T072854Z,1J.TI3A.,"['CH1', 'CH2', 'CHZ']",2019-01-17T07:28:54.250000Z,18.47
463,20190117T073422Z,1J.TI3A.,"['CH1', 'CH2', 'CHZ']",2019-01-17T07:34:22.030000Z,4.52
464,20190117T073435Z,1J.TI3A.,"['CH1', 'CH2', 'CHZ']",2019-01-17T07:34:35.990000Z,18.22
465,20190117T073533Z,1J.TI3A.,"['CH1', 'CH2', 'CHZ']",2019-01-17T07:35:33.100000Z,0.57
466,20190117T073704Z,1J.TI3A.,"['CH1', 'CH2', 'CHZ']",2019-01-17T07:37:04.480000Z,7.58
467,20190117T073945Z,1J.TI3A.,"['CH1', 'CH2', 'CHZ']",2019-01-17T07:39:45.830000Z,17.26
468,20190117T074030Z,1J.TI3A.,"['CH1', 'CH2', 'CHZ']",2019-01-17T07:40:30.180000Z,6.52
469,20190117T074431Z,1J.TI3A.,"['CH1', 'CH2', 'CHZ']",2019-01-17T07:44:31.110000Z,13.05
470,20190117T074502Z,1J.TI3A.,"['CH1', 'CH2', 'CHZ']",2019-01-17T07:45:02.870000Z,0.75
471,20190117T074844Z,1J.TI3A.,"['CH1', 'CH2', 'CHZ']",2019-01-17T07:48:44.180000Z,4.97
472,20190117T074946Z,1J.TI3A.,"['CH1', 'CH2', 'CHZ']",2019-01-17T07:50:01.420000Z,16.1
473,20190117T075252Z,1J.TI3A.,"['CH1', 'CH2', 'CHZ']",2019-01-17T07:52:52.390000Z,50.84
474,20190117T075631Z,1J.TI3A.,"['CH1', 'CH2', 'CHZ']",2019-01-17T07:56:31.750000Z,1.68
475,20190117T075716Z,1J.TI3A.,"['CH1', 'CH2', 'CHZ']",2019-01-17T07:57:16.090000Z,6.86
476,20190117T075853Z,1J.TI3A.,"['CH1', 'CH2', 'CHZ']",2019-01-17T07:58:53.560000Z,12.94
477,20190117T080054Z,1J.TI3A.,"['CH1', 'CH2', 'CHZ']",2019-01-17T08:00:54.490000Z,18.87
478,20190117T080408Z,1J.TI3A.,"['CH1', 'CH2', 'CHZ']",2019-01-17T08:04:08.400000Z,13.69
479,20190117T080911Z,1J.TI3A.,"['CH1', 'CH2', 'CHZ']",2019-01-17T08:09:11.880000Z,11.79
480,20190117T081007Z,1J.TI3A.,"['CH1', 'CH2', 'CHZ']",2019-01-17T08:10:07.250000Z,15.36
481,20190117T081044Z,1J.TI3A.,"['CH1', 'CH2', 'CHZ']",2019-01-17T08:10:47.520000Z,10.2
482,20190117T081313Z,1J.TI3A.,"['CH1', 'CH2', 'CHZ']",2019-01-17T08:13:15.560000Z,5.3
483,20190117T081355Z,1J.TI3A.,"['CH1', 'CH2', 'CHZ']",2019-01-17T08:13:55.640000Z,7.06
484,20190117T081803Z,1J.TI3A.,"['CH1', 'CH2', 'CHZ']",2019-01-17T08:18:03.320000Z,20.22
485,20190117T082059Z,1J.TI3A.,"['CH1', 'CH2', 'CHZ']",2019-01-17T08:21:41.690000Z,24.68
486,20190117T082553Z,1J.TI3A.,"['CH1', 'CH2', 'CHZ']",2019-01-17T08:25:53.910000Z,7.74
487,20190117T082844Z,1J.TI3A.,"['CH1', 'CH2', 'CHZ']",2019-01-17T08:28:44.620000Z,0.91
488,20190117T082951Z,1J.TI3A.,"['CH1', 'CH2', 'CHZ']",2019-01-17T08:29:51.450000Z,18.37
489,20190117T083148Z,1J.TI3A.,"['CH1', 'CH2', 'CHZ']",2019-01-17T08:31:48.910000Z,7.23
490,20190117T083253Z,1J.TI3A.,"['CH1', 'CH2', 'CHZ']",2019-01-17T08:32:53.650000Z,0.87
491,20190117T083633Z,1J.TI3A.,"['CH1', 'CH2', 'CHZ']",2019-01-17T08:36:33.350000Z,0.85
492,20190117T083957Z,1J.TI3A.,"['CH1', 'CH2', 'CHZ']",2019-01-17T08:39:57.620000Z,29.22
493,20190117T084335Z,1J.TI3A.,"['CH1', 'CH2', 'CHZ']",2019-01-17T08:43:35.900000Z,50.17
494,20190117T084546Z,1J.TI3A.,"['CH1', 'CH2', 'CHZ']",2019-01-17T08:45:46.640000Z,5.29
495,20190117T084717Z,1J.TI3A.,"['CH1', 'CH2', 'CHZ']",2019-01-17T08:47:17.420000Z,10.63
496,20190117T084952Z,1J.TI3A.,"['CH1', 'CH2', 'CHZ']",2019-01-17T08:49:52.480000Z,11.76
497,20190117T085115Z,1J.TI3A.,"['CH1', 'CH2', 'CHZ']",2019-01-17T08:51:22.480000Z,10.37
498,20190117T085220Z,1J.TI3A.,"['CH1', 'CH2', 'CHZ']",2019-01-17T08:52:22.080000Z,18.75
499,20190117T085451Z,1J.TI3A.,"['CH1', 'CH2', 'CHZ']",2019-01-17T08:54:53.140000Z,7.79
500,20190117T085615Z,1J.TI3A.,"['CH1', 'CH2', 'CHZ']",2019-01-17T08:56:15.920000Z,17.99
501,20190117T090226Z,1J.TI3A.,"['CH1', 'CH2', 'CHZ']",2019-01-17T09:02:26.130000Z,19.12
502,20190117T090536Z,1J.TI3A.,"['CH1', 'CH2', 'CHZ']",2019-01-17T09:05:36.800000Z,0.79
503,20190117T090659Z,1J.TI3A.,"['CH1', 'CH2', 'CHZ']",2019-01-17T09:06:59.740000Z,9.9
504,20190117T090916Z,1J.TI3A.,"['CH1', 'CH2', 'CHZ']",2019-01-17T09:09:16.130000Z,0.91
505,20190117T091252Z,1J.TI3A.,"['CH1', 'CH2', 'CHZ']",2019-01-17T09:12:52.080000Z,16.55
506,20190117T091726Z,1J.TI3A.,"['CH1', 'CH2', 'CHZ']",2019-01-17T09:17:26.550000Z,16.3
507,20190117T091819Z,1J.TI3A.,"['CH1', 'CH2', 'CHZ']",2019-01-17T09:18:19.000000Z,18.06
508,20190117T091850Z,1J.TI3A.,"['CH1', 'CH2', 'CHZ']",2019-01-17T09:18:50.090000Z,0.67
509,20190117T092039Z,1J.TI3A.,"['CH1', 'CH2', 'CHZ']",2019-01-17T09:20:39.360000Z,2.79
510,20190117T092103Z,1J.TI3A.,"['CH1', 'CH2', 'CHZ']",2019-01-17T09:21:03.540000Z,3.66
511,20190117T092247Z,1J.TI3A.,"['CH1', 'CH2', 'CHZ']",2019-01-17T09:22:47.440000Z,0.73
512,20190117T092300Z,1J.TI3A.,"['CH1', 'CH2', 'CHZ']",2019-01-17T09:23:00.260000Z,11.36
513,20190117T092558Z,1J.TI3A.,"['CH1', 'CH2', 'CHZ']",2019-01-17T09:26:00.890000Z,4.47
514,20190117T092623Z,1J.TI3A.,"['CH1', 'CH2', 'CHZ']",2019-01-17T09:26:23.930000Z,18.37
515,20190117T092713Z,1J.TI3A.,"['CH1', 'CH2', 'CHZ']",2019-01-17T09:27:13.000000Z,5.64
516,20190117T092958Z,1J.TI3A.,"['CH1', 'CH2', 'CHZ']",2019-01-17T09:29:58.690000Z,0.93
517,20190117T093022Z,1J.TI3A.,"['CH1', 'CH2', 'CHZ']",2019-01-17T09:30:22.060000Z,18.9
518,20190117T093224Z,1J.TI3A.,"['CH1', 'CH2', 'CHZ']",2019-01-17T09:32:24.770000Z,7.89
519,20190117T093314Z,1J.TI3A.,"['CH1', 'CH2', 'CHZ']",2019-01-17T09:33:14.450000Z,7.79
520,20190117T093736Z,1J.TI3A.,"['CH1', 'CH2', 'CHZ']",2019-01-17T09:37:40.310000Z,0.89
521,20190117T093833Z,1J.TI3A.,"['CH1', 'CH2', 'CHZ']",2019-01-17T09:38:33.450000Z,53.11
522,20190117T094002Z,1J.TI3A.,"['CH1', 'CH2', 'CHZ']",2019-01-17T09:40:02.920000Z,6.94
523,20190117T094213Z,1J.TI3A.,"['CH1', 'CH2', 'CHZ']",2019-01-17T09:42:13.000000Z,0.92
524,20190117T094511Z,1J.TI3A.,"['CH1', 'CH2', 'CHZ']",2019-01-17T09:45:11.310000Z,18.8
525,20190117T094715Z,1J.TI3A.,"['CH1', 'CH2', 'CHZ']",2019-01-17T09:47:15.200000Z,55.88
526,20190117T094937Z,1J.TI3A.,"['CH1', 'CH2', 'CHZ']",2019-01-17T09:49:37.370000Z,2.71
527,20190117T095202Z,1J.TI3A.,"['CH1', 'CH2', 'CHZ']",2019-01-17T09:52:02.120000Z,6.94
528,20190117T095239Z,1J.TI3A.,"['CH1', 'CH2', 'CHZ']",2019-01-17T09:52:39.230000Z,3.25
529,20190117T095348Z,1J.TI3A.,"['CH1', 'CH2', 'CHZ']",2019-01-17T09:53:48.900000Z,9.41
530,20190117T100206Z,1J.TI3A.,"['CH1', 'CH2', 'CHZ']",2019-01-17T10:02:12.760000Z,14.49
531,20190117T100601Z,1J.TI3A.,"['CH1', 'CH2', 'CHZ']",2019-01-17T10:06:04.320000Z,5.2
532,20190117T100952Z,1J.TI3A.,"['CH1', 'CH2', 'CHZ']",2019-01-17T10:09:52.930000Z,17.96
533,20190117T101100Z,1J.TI3A.,"['CH1', 'CH2', 'CHZ']",2019-01-17T10:11:00.090000Z,1.7
534,20190117T101136Z,1J.TI3A.,"['CH1', 'CH2', 'CHZ']",2019-01-17T10:11:36.690000Z,2.65
535,20190117T102058Z,1J.TI3A.,"['CH1', 'CH2', 'CHZ']",2019-01-17T10:20:58.960000Z,14.39
536,20190117T102544Z,1J.TI3A.,"['CH1', 'CH2', 'CHZ']",2019-01-17T10:25:44.840000Z,18.2
537,20190117T102704Z,1J.TI3A.,"['CH1', 'CH2', 'CHZ']",2019-01-17T10:27:04.770000Z,16.98
538,20190117T102757Z,1J.TI3A.,"['CH1', 'CH2', 'CHZ']",2019-01-17T10:28:01.160000Z,1.35
539,20190117T103300Z,1J.TI3A.,"['CH1', 'CH2', 'CHZ']",2019-01-17T10:33:01.010000Z,3.13
540,20190117T103325Z,1J.TI3A.,"['CH1', 'CH2', 'CHZ']",2019-01-17T10:33:25.350000Z,51.23
541,20190117T103857Z,1J.TI3A.,"['CH1', 'CH2', 'CHZ']",2019-01-17T10:38:58.310000Z,6.55
542,20190117T104120Z,1J.TI3A.,"['CH1', 'CH2', 'CHZ']",2019-01-17T10:41:20.440000Z,0.89
543,20190117T104158Z,1J.TI3A.,"['CH1', 'CH2', 'CHZ']",2019-01-17T10:41:58.730000Z,18.86
544,20190117T104316Z,1J.TI3A.,"['CH1', 'CH2', 'CHZ']",2019-01-17T10:43:16.020000Z,2.88
545,20190117T104603Z,1J.TI3A.,"['CH1', 'CH2', 'CHZ']",2019-01-17T10:46:03.010000Z,1.23
546,20190117T104954Z,1J.TI3A.,"['CH1', 'CH2', 'CHZ']",2019-01-17T10:49:54.330000Z,1.2
547,20190117T105038Z,1J.TI3A.,"['CH1', 'CH2', 'CHZ']",2019-01-17T10:50:38.530000Z,8.82
548,20190117T105133Z,1J.TI3A.,"['CH1', 'CH2', 'CHZ']",2019-01-17T10:51:33.300000Z,18.23
549,20190117T105409Z,1J.TI3A.,"['CH1', 'CH2', 'CHZ']",2019-01-17T10:54:09.600000Z,8.39
550,20190117T105708Z,1J.TI3A.,"['CH1', 'CH2', 'CHZ']",2019-01-17T10:57:08.950000Z,7.34
551,20190117T105733Z,1J.TI3A.,"['CH1', 'CH2', 'CHZ']",2019-01-17T10:57:33.310000Z,10.44
552,20190117T110027Z,1J.TI3A.,"['CH1', 'CH2', 'CHZ']",2019-01-17T11:00:27.740000Z,10.23
553,20190117T110423Z,1J.TI3A.,"['CH1', 'CH2', 'CHZ']",2019-01-17T11:04:23.490000Z,50.67
554,20190117T110632Z,1J.TI3A.,"['CH1', 'CH2', 'CHZ']",2019-01-17T11:06:32.120000Z,1.11
555,20190117T110705Z,1J.TI3A.,"['CH1', 'CH2', 'CHZ']",2019-01-17T11:07:05.350000Z,6.35
556,20190117T110838Z,1J.TI3A.,"['CH1', 'CH2', 'CHZ']",2019-01-17T11:08:38.790000Z,11.72
557,20190117T110946Z,1J.TI3A.,"['CH1', 'CH2', 'CHZ']",2019-01-17T11:09:46.680000Z,9.63
558,20190117T111121Z,1J.TI3A.,"['CH1', 'CH2', 'CHZ']",2019-01-17T11:11:21.640000Z,11.1
559,20190117T111250Z,1J.TI3A.,"['CH1', 'CH2', 'CHZ']",2019-01-17T11:12:50.710000Z,8.53
560,20190117T111829Z,1J.TI3A.,"['CH1', 'CH2', 'CHZ']",2019-01-17T11:18:29.970000Z,14.49
561,20190117T111959Z,1J.TI3A.,"['CH1', 'CH2', 'CHZ']",2019-01-17T11:19:59.850000Z,1.02
562,20190117T112325Z,1J.TI3A.,"['CH1', 'CH2', 'CHZ']",2019-01-17T11:23:25.750000Z,0.66
563,20190117T112346Z,1J.TI3A.,"['CH1', 'CH2', 'CHZ']",2019-01-17T11:23:47.490000Z,10.31
564,20190117T112634Z,1J.TI3A.,"['CH1', 'CH2', 'CHZ']",2019-01-17T11:26:34.900000Z,0.84
565,20190117T112802Z,1J.TI3A.,"['CH1', 'CH2', 'CHZ']",2019-01-17T11:28:11.970000Z,16.79
566,20190117T112917Z,1J.TI3A.,"['CH1', 'CH2', 'CHZ']",2019-01-17T11:29:17.380000Z,13.51
567,20190117T113100Z,1J.TI3A.,"['CH1', 'CH2', 'CHZ']",2019-01-17T11:31:00.940000Z,1.2
568,20190117T113426Z,1J.TI3A.,"['CH1', 'CH2', 'CHZ']",2019-01-17T11:34:26.050000Z,1.19
569,20190117T113742Z,1J.TI3A.,"['CH1', 'CH2', 'CHZ']",2019-01-17T11:37:42.150000Z,18.97
570,20190117T113854Z,1J.TI3A.,"['CH1', 'CH2', 'CHZ']",2019-01-17T11:38:54.320000Z,11.8
571,20190117T114157Z,1J.TI3A.,"['CH1', 'CH2', 'CHZ']",2019-01-17T11:41:57.140000Z,7.31
572,20190117T114610Z,1J.TI3A.,"['CH1', 'CH2', 'CHZ']",2019-01-17T11:46:13.050000Z,3.26
573,20190117T115507Z,1J.TI3A.,"['CH1', 'CH2', 'CHZ']",2019-01-17T11:55:07.210000Z,7.93
574,20190117T115552Z,1J.TI3A.,"['CH1', 'CH2', 'CHZ']",2019-01-17T11:55:52.880000Z,17.11
575,20190117T120442Z,1J.TI3A.,"['CH1', 'CH2', 'CHZ']",2019-01-17T12:04:42.730000Z,10.57
576,20190117T120934Z,1J.TI3A.,"['CH1', 'CH2', 'CHZ']",2019-01-17T12:09:59.260000Z,18.91
577,20190117T122025Z,1J.TI3A.,"['CH1', 'CH2', 'CHZ']",2019-01-17T12:20:25.480000Z,15.37
578,20190117T122356Z,1J.TI3A.,"['CH1', 'CH2', 'CHZ']",2019-01-17T12:23:56.030000Z,11.31
579,20190117T122607Z,1J.TI3A.,"['CH1', 'CH2', 'CHZ']",2019-01-17T12:26:13.610000Z,16.94
580,20190117T123649Z,1J.TI3A.,"['CH1', 'CH2', 'CHZ']",2019-01-17T12:36:49.300000Z,16.54
581,20190117T125536Z,1J.TI3A.,"['CH1', 'CH2', 'CHZ']",2019-01-17T12:55:36.780000Z,9.02
582,20190117T130435Z,1J.TI3A.,"['CH1', 'CH2', 'CHZ']",2019-01-17T13:04:51.030000Z,23.45
583,20190117T132826Z,1J.TI3A.,"['CH1', 'CH2', 'CHZ']",2019-01-17T13:28:26.810000Z,14.66
584,20190117T135917Z,1J.TI3A.,"['CH1', 'CH2', 'CHZ']",2019-01-17T13:59:17.540000Z,11.32
585,20190117T140056Z,1J.TI3A.,"['CH1', 'CH2', 'CHZ']",2019-01-17T14:00:56.260000Z,2.19
586,20190117T140151Z,1J.TI3A.,"['CH1', 'CH2', 'CHZ']",2019-01-17T14:01:51.270000Z,2.51
587,20190117T140338Z,1J.TI3A.,"['CH1', 'CH2', 'CHZ']",2019-01-17T14:03:38.150000Z,2.07
588,20190117T140459Z,1J.TI3A.,"['CH1', 'CH2', 'CHZ']",2019-01-17T14:04:59.750000Z,0.65
589,20190117T141148Z,1J.TI3A.,"['CH1', 'CH2', 'CHZ']",2019-01-17T14:11:48.450000Z,1.54
590,20190117T141535Z,1J.TI3A.,"['CH1', 'CH2', 'CHZ']",2019-01-17T14:15:35.420000Z,6.61
591,20190117T142529Z,1J.TI3A.,"['CH1', 'CH2', 'CHZ']",2019-01-17T14:25:29.340000Z,8.54
592,20190117T143532Z,1J.TI3A.,"['CH1', 'CH2', 'CHZ']",2019-01-17T14:35:32.610000Z,8.43
593,20190117T143607Z,1J.TI3A.,"['CH1', 'CH2', 'CHZ']",2019-01-17T14:36:07.740000Z,3.91
594,20190117T145205Z,1J.TI3A.,"['CH1', 'CH2', 'CHZ']",2019-01-17T14:52:05.000000Z,8.82
595,20190117T145916Z,1J.TI3A.,"['CH1', 'CH2', 'CHZ']",2019-01-17T14:59:16.800000Z,12.28
596,20190117T150944Z,1J.TI3A.,"['CH1', 'CH2', 'CHZ']",2019-01-17T15:09:44.730000Z,13.23
597,20190117T151210Z,1J.TI3A.,"['CH1', 'CH2', 'CHZ']",2019-01-17T15:12:10.650000Z,3.89
598,20190117T152046Z,1J.TI3A.,"['CH1', 'CH2', 'CHZ']",2019-01-17T15:20:46.940000Z,1.22
599,20190117T152443Z,1J.TI3A.,"['CH1', 'CH2', 'CHZ']",2019-01-17T15:24:45.020000Z,13.46
600,20190117T152735Z,1J.TI3A.,"['CH1', 'CH2', 'CHZ']",2019-01-17T15:27:35.380000Z,6.06
601,20190117T152959Z,1J.TI3A.,"['CH1', 'CH2', 'CHZ']",2019-01-17T15:29:59.260000Z,3.69
602,20190117T153240Z,1J.TI3A.,"['CH1', 'CH2', 'CHZ']",2019-01-17T15:32:53.840000Z,5.12
603,20190117T153514Z,1J.TI3A.,"['CH1', 'CH2', 'CHZ']",2019-01-17T15:35:14.960000Z,15.95
604,20190117T154145Z,1J.TI3A.,"['CH1', 'CH2', 'CHZ']",2019-01-17T15:41:45.960000Z,47.85
605,20190117T155340Z,1J.TI3A.,"['CH1', 'CH2', 'CHZ']",2019-01-17T15:53:40.660000Z,4.13
606,20190117T155814Z,1J.TI3A.,"['CH1', 'CH2', 'CHZ']",2019-01-17T15:58:14.830000Z,15.68
607,20190117T160949Z,1J.TI3A.,"['CH1', 'CH2', 'CHZ']",2019-01-17T16:09:55.680000Z,17.2
608,20190117T161137Z,1J.TI3A.,"['CH1', 'CH2', 'CHZ']",2019-01-17T16:11:37.930000Z,11.06
609,20190117T161432Z,1J.TI3A.,"['CH1', 'CH2', 'CHZ']",2019-01-17T16:14:32.210000Z,6.57
610,20190117T161521Z,1J.TI3A.,"['CH1', 'CH2', 'CHZ']",2019-01-17T16:15:21.970000Z,3.54
611,20190117T163630Z,1J.TI3A.,"['CH1', 'CH2', 'CHZ']",2019-01-17T16:36:30.130000Z,2.64
612,20190117T165555Z,1J.TI3A.,"['CH1', 'CH2', 'CHZ']",2019-01-17T16:55:55.690000Z,46.66
613,20190117T165815Z,1J.TI3A.,"['CH1', 'CH2', 'CHZ']",2019-01-17T16:58:15.450000Z,2.22
614,20190117T165955Z,1J.TI3A.,"['CH1', 'CH2', 'CHZ']",2019-01-17T16:59:55.760000Z,14.0
615,20190117T170233Z,1J.TI3A.,"['CH1', 'CH2', 'CHZ']",2019-01-17T17:02:33.260000Z,5.81
616,20190117T171449Z,1J.TI3A.,"['CH1', 'CH2', 'CHZ']",2019-01-17T17:14:49.130000Z,3.09
617,20190117T171840Z,1J.TI3A.,"['CH1', 'CH2', 'CHZ']",2019-01-17T17:18:40.320000Z,14.97
618,20190117T172242Z,1J.TI3A.,"['CH1', 'CH2', 'CHZ']",2019-01-17T17:23:01.870000Z,6.64
619,20190117T174349Z,1J.TI3A.,"['CH1', 'CH2', 'CHZ']",2019-01-17T17:43:49.810000Z,8.25
620,20190117T174502Z,1J.TI3A.,"['CH1', 'CH2', 'CHZ']",2019-01-17T17:45:02.830000Z,13.39
621,20190117T174959Z,1J.TI3A.,"['CH1', 'CH2', 'CHZ']",2019-01-17T17:49:59.720000Z,7.23
622,20190117T175502Z,1J.TI3A.,"['CH1', 'CH2', 'CHZ']",2019-01-17T17:55:02.220000Z,11.19
623,20190117T181932Z,1J.TI3A.,"['CH1', 'CH2', 'CHZ']",2019-01-17T18:19:37.030000Z,10.84
624,20190117T182605Z,1J.TI3A.,"['CH1', 'CH2', 'CHZ']",2019-01-17T18:27:07.540000Z,13.35
625,20190117T183156Z,1J.TI3A.,"['CH1', 'CH2', 'CHZ']",2019-01-17T18:31:56.490000Z,9.46
626,20190117T185324Z,1J.TI3A.,"['CH1', 'CH2', 'CHZ']",2019-01-17T18:53:24.140000Z,17.12
627,20190117T190605Z,1J.TI3A.,"['CH1', 'CH2', 'CHZ']",2019-01-17T19:06:05.630000Z,14.84
628,20190117T190819Z,1J.TI3A.,"['CH1', 'CH2', 'CHZ']",2019-01-17T19:08:19.770000Z,5.2
629,20190117T191458Z,1J.TI3A.,"['CH1', 'CH2', 'CHZ']",2019-01-17T19:14:58.890000Z,15.53
630,20190117T191728Z,1J.TI3A.,"['CH1', 'CH2', 'CHZ']",2019-01-17T19:17:28.400000Z,2.3
631,20190117T192832Z,1J.TI3A.,"['CH1', 'CH2', 'CHZ']",2019-01-17T19:28:32.870000Z,13.39
632,20190117T193725Z,1J.TI3A.,"['CH1', 'CH2', 'CHZ']",2019-01-17T19:37:25.570000Z,7.24
633,20190117T193912Z,1J.TI3A.,"['CH1', 'CH2', 'CHZ']",2019-01-17T19:39:12.220000Z,48.85
634,20190117T200114Z,1J.TI3A.,"['CH1', 'CH2', 'CHZ']",2019-01-17T20:01:29.670000Z,14.4
635,20190117T200356Z,1J.TI3A.,"['CH1', 'CH2', 'CHZ']",2019-01-17T20:03:56.990000Z,7.77
636,20190117T200634Z,1J.TI3A.,"['CH1', 'CH2', 'CHZ']",2019-01-17T20:06:34.470000Z,105.84
637,20190117T201150Z,1J.TI3A.,"['CH1', 'CH2', 'CHZ']",2019-01-17T20:11:50.890000Z,1.03
638,20190117T201231Z,1J.TI3A.,"['CH1', 'CH2', 'CHZ']",2019-01-17T20:12:32.210000Z,17.39
639,20190117T201329Z,1J.TI3A.,"['CH1', 'CH2', 'CHZ']",2019-01-17T20:13:29.660000Z,0.65
640,20190117T201400Z,1J.TI3A.,"['CH1', 'CH2', 'CHZ']",2019-01-17T20:14:00.250000Z,1.92
641,20190117T201606Z,1J.TI3A.,"['CH1', 'CH2', 'CHZ']",2019-01-17T20:16:21.240000Z,27.87
642,20190117T201816Z,1J.TI3A.,"['CH1', 'CH2', 'CHZ']",2019-01-17T20:18:16.130000Z,0.88
643,20190117T201952Z,1J.TI3A.,"['CH1', 'CH2', 'CHZ']",2019-01-17T20:19:52.400000Z,50.97
644,20190117T202120Z,1J.TI3A.,"['CH1', 'CH2', 'CHZ']",2019-01-17T20:21:20.490000Z,90.37
645,20190117T203516Z,1J.TI3A.,"['CH1', 'CH2', 'CHZ']",2019-01-17T20:35:19.060000Z,7.28
646,20190117T204548Z,1J.TI3A.,"['CH1', 'CH2', 'CHZ']",2019-01-17T20:45:48.360000Z,13.03
647,20190117T205449Z,1J.TI3A.,"['CH1', 'CH2', 'CHZ']",2019-01-17T20:54:49.920000Z,62.1
648,20190117T205600Z,1J.TI3A.,"['CH1', 'CH2', 'CHZ']",2019-01-17T20:56:34.940000Z,22.56
649,20190117T205846Z,1J.TI3A.,"['CH1', 'CH2', 'CHZ']",2019-01-17T20:58:46.570000Z,3.29
650,20190117T210053Z,1J.TI3A.,"['CH1', 'CH2', 'CHZ']",2019-01-17T21:00:53.540000Z,2.54
651,20190117T210148Z,1J.TI3A.,"['CH1', 'CH2', 'CHZ']",2019-01-17T21:01:48.570000Z,2.23
652,20190117T210253Z,1J.TI3A.,"['CH1', 'CH2', 'CHZ']",2019-01-17T21:03:00.780000Z,2.61
653,20190117T210321Z,1J.TI3A.,"['CH1', 'CH2', 'CHZ']",2019-01-17T21:03:21.180000Z,3.45
654,20190117T210737Z,1J.TI3A.,"['CH1', 'CH2', 'CHZ']",2019-01-17T21:07:38.600000Z,2.61
655,20190117T210813Z,1J.TI3A.,"['CH1', 'CH2', 'CHZ']",2019-01-17T21:08:13.710000Z,3.6
656,20190117T210936Z,1J.TI3A.,"['CH1', 'CH2', 'CHZ']",2019-01-17T21:09:36.400000Z,2.04
657,20190117T210950Z,1J.TI3A.,"['CH1', 'CH2', 'CHZ']",2019-01-17T21:09:50.270000Z,17.18
658,20190117T211112Z,1J.TI3A.,"['CH1', 'CH2', 'CHZ']",2019-01-17T21:11:12.940000Z,6.51
659,20190117T211244Z,1J.TI3A.,"['CH1', 'CH2', 'CHZ']",2019-01-17T21:12:44.050000Z,0.82
660,20190117T211250Z,1J.TI3A.,"['CH1', 'CH2', 'CHZ']",2019-01-17T21:12:50.960000Z,2.98
661,20190117T211312Z,1J.TI3A.,"['CH1', 'CH2', 'CHZ']",2019-01-17T21:13:12.730000Z,0.54
662,20190117T211353Z,1J.TI3A.,"['CH1', 'CH2', 'CHZ']",2019-01-17T21:13:54.960000Z,2.63
663,20190117T211441Z,1J.TI3A.,"['CH1', 'CH2', 'CHZ']",2019-01-17T21:14:41.960000Z,3.64
664,20190117T211502Z,1J.TI3A.,"['CH1', 'CH2', 'CHZ']",2019-01-17T21:15:02.270000Z,2.05
665,20190117T211512Z,1J.TI3A.,"['CH1', 'CH2', 'CHZ']",2019-01-17T21:15:12.470000Z,6.32
666,20190117T211524Z,1J.TI3A.,"['CH1', 'CH2', 'CHZ']",2019-01-17T21:15:24.870000Z,7.66
667,20190117T211559Z,1J.TI3A.,"['CH1', 'CH2', 'CHZ']",2019-01-17T21:15:59.940000Z,1.34
668,20190117T211726Z,1J.TI3A.,"['CH1', 'CH2', 'CHZ']",2019-01-17T21:17:26.430000Z,1.08
669,20190117T211754Z,1J.TI3A.,"['CH1', 'CH2', 'CHZ']",2019-01-17T21:17:54.370000Z,1.39
670,20190117T212027Z,1J.TI3A.,"['CH1', 'CH2', 'CHZ']",2019-01-17T21:20:27.620000Z,7.51
671,20190117T212157Z,1J.TI3A.,"['CH1', 'CH2', 'CHZ']",2019-01-17T21:21:57.390000Z,4.64
672,20190117T212223Z,1J.TI3A.,"['CH1', 'CH2', 'CHZ']",2019-01-17T21:22:23.410000Z,1.85
673,20190117T212244Z,1J.TI3A.,"['CH1', 'CH2', 'CHZ']",2019-01-17T21:22:44.450000Z,1.02
674,20190117T212258Z,1J.TI3A.,"['CH1', 'CH2', 'CHZ']",2019-01-17T21:22:58.740000Z,1.05
675,20190117T212345Z,1J.TI3A.,"['CH1', 'CH2', 'CHZ']",2019-01-17T21:24:20.450000Z,1.78
676,20190117T212944Z,1J.TI3A.,"['CH1', 'CH2', 'CHZ']",2019-01-17T21:29:44.130000Z,48.16
677,20190117T213206Z,1J.TI3A.,"['CH1', 'CH2', 'CHZ']",2019-01-17T21:32:21.780000Z,3.43
678,20190117T213305Z,1J.TI3A.,"['CH1', 'CH2', 'CHZ']",2019-01-17T21:33:05.740000Z,2.31
679,20190117T213356Z,1J.TI3A.,"['CH1', 'CH2', 'CHZ']",2019-01-17T21:33:56.230000Z,4.62
680,20190117T213437Z,1J.TI3A.,"['CH1', 'CH2', 'CHZ']",2019-01-17T21:34:56.540000Z,10.1
681,20190117T213736Z,1J.TI3A.,"['CH1', 'CH2', 'CHZ']",2019-01-17T21:37:36.540000Z,1.78
682,20190117T213917Z,1J.TI3A.,"['CH1', 'CH2', 'CHZ']",2019-01-17T21:39:17.660000Z,1.52
683,20190117T213928Z,1J.TI3A.,"['CH1', 'CH2', 'CHZ']",2019-01-17T21:39:29.770000Z,2.24
684,20190117T214017Z,1J.TI3A.,"['CH1', 'CH2', 'CHZ']",2019-01-17T21:40:17.860000Z,13.54
685,20190117T214037Z,1J.TI3A.,"['CH1', 'CH2', 'CHZ']",2019-01-17T21:40:37.900000Z,8.84
686,20190117T214055Z,1J.TI3A.,"['CH1', 'CH2', 'CHZ']",2019-01-17T21:40:55.500000Z,13.99
687,20190117T214130Z,1J.TI3A.,"['CH1', 'CH2', 'CHZ']",2019-01-17T21:41:34.880000Z,3.12
688,20190117T214208Z,1J.TI3A.,"['CH1', 'CH2', 'CHZ']",2019-01-17T21:42:08.020000Z,1.32
689,20190117T214330Z,1J.TI3A.,"['CH1', 'CH2', 'CHZ']",2019-01-17T21:43:30.800000Z,2.03
690,20190117T214409Z,1J.TI3A.,"['CH1', 'CH2', 'CHZ']",2019-01-17T21:44:09.630000Z,1.8
691,20190117T214419Z,1J.TI3A.,"['CH1', 'CH2', 'CHZ']",2019-01-17T21:44:19.910000Z,0.91
692,20190117T214448Z,1J.TI3A.,"['CH1', 'CH2', 'CHZ']",2019-01-17T21:44:48.950000Z,2.22
693,20190117T214504Z,1J.TI3A.,"['CH1', 'CH2', 'CHZ']",2019-01-17T21:45:04.070000Z,2.77
694,20190117T214513Z,1J.TI3A.,"['CH1', 'CH2', 'CHZ']",2019-01-17T21:45:16.820000Z,80.24
695,20190117T214844Z,1J.TI3A.,"['CH1', 'CH2', 'CHZ']",2019-01-17T21:48:44.340000Z,5.11
696,20190117T215142Z,1J.TI3A.,"['CH1', 'CH2', 'CHZ']",2019-01-17T21:51:42.100000Z,73.56
697,20190117T215345Z,1J.TI3A.,"['CH1', 'CH2', 'CHZ']",2019-01-17T21:53:45.450000Z,6.68
698,20190117T215540Z,1J.TI3A.,"['CH1', 'CH2', 'CHZ']",2019-01-17T21:55:40.730000Z,3.75
699,20190117T215601Z,1J.TI3A.,"['CH1', 'CH2', 'CHZ']",2019-01-17T21:56:01.100000Z,2.26
700,20190117T215735Z,1J.TI3A.,"['CH1', 'CH2', 'CHZ']",2019-01-17T21:57:43.130000Z,2.22
701,20190117T215803Z,1J.TI3A.,"['CH1', 'CH2', 'CHZ']",2019-01-17T21:58:03.580000Z,42.44
702,20190117T215924Z,1J.TI3A.,"['CH1', 'CH2', 'CHZ']",2019-01-17T21:59:24.340000Z,28.34
703,20190117T220054Z,1J.TI3A.,"['CH1', 'CH2', 'CHZ']",2019-01-17T22:00:54.100000Z,31.99
704,20190117T220739Z,1J.TI3A.,"['CH1', 'CH2', 'CHZ']",2019-01-17T22:07:56.190000Z,6.78
705,20190117T220910Z,1J.TI3A.,"['CH1', 'CH2', 'CHZ']",2019-01-17T22:09:10.430000Z,13.59
706,20190117T221713Z,1J.TI3A.,"['CH1', 'CH2', 'CHZ']",2019-01-17T22:17:13.900000Z,19.43
707,20190117T222328Z,1J.TI3A.,"['CH1', 'CH2', 'CHZ']",2019-01-17T22:23:32.460000Z,0.8
708,20190117T222458Z,1J.TI3A.,"['CH1', 'CH2', 'CHZ']",2019-01-17T22:25:06.110000Z,18.58
709,20190117T223140Z,1J.TI3A.,"['CH1', 'CH2', 'CHZ']",2019-01-17T22:31:40.150000Z,10.55
710,20190117T223309Z,1J.TI3A.,"['CH1', 'CH2', 'CHZ']",2019-01-17T22:33:41.780000Z,19.49
711,20190117T223621Z,1J.TI3A.,"['CH1', 'CH2', 'CHZ']",2019-01-17T22:36:21.370000Z,6.78
712,20190117T223716Z,1J.TI3A.,"['CH1', 'CH2', 'CHZ']",2019-01-17T22:37:16.470000Z,18.6
713,20190117T223920Z,1J.TI3A.,"['CH1', 'CH2', 'CHZ']",2019-01-17T22:39:20.210000Z,16.97
714,20190117T224151Z,1J.TI3A.,"['CH1', 'CH2', 'CHZ']",2019-01-17T22:41:51.980000Z,11.07
715,20190117T224336Z,1J.TI3A.,"['CH1', 'CH2', 'CHZ']",2019-01-17T22:43:36.860000Z,2.18
716,20190117T224503Z,1J.TI3A.,"['CH1', 'CH2', 'CHZ']",2019-01-17T22:45:03.290000Z,16.07
717,20190117T224944Z,1J.TI3A.,"['CH1', 'CH2', 'CHZ']",2019-01-17T22:49:44.010000Z,17.67
718,20190117T225023Z,1J.TI3A.,"['CH1', 'CH2', 'CHZ']",2019-01-17T22:50:23.490000Z,10.52
719,20190117T225445Z,1J.TI3A.,"['CH1', 'CH2', 'CHZ']",2019-01-17T22:55:04.540000Z,8.51
720,20190117T225824Z,1J.TI3A.,"['CH1', 'CH2', 'CHZ']",2019-01-17T22:58:24.060000Z,10.24
721,20190117T230030Z,1J.TI3A.,"['CH1', 'CH2', 'CHZ']",2019-01-17T23:00:30.870000Z,3.76
722,20190117T230054Z,1J.TI3A.,"['CH1', 'CH2', 'CHZ']",2019-01-17T23:00:54.630000Z,13.26
723,20190117T230243Z,1J.TI3A.,"['CH1', 'CH2', 'CHZ']",2019-01-17T23:02:43.620000Z,136.83
724,20190117T230830Z,1J.TI3A.,"['CH1', 'CH2', 'CHZ']",2019-01-17T23:08:30.640000Z,2.3
725,20190117T230847Z,1J.TI3A.,"['CH1', 'CH2', 'CHZ']",2019-01-17T23:08:51.630000Z,1.79
726,20190117T230931Z,1J.TI3A.,"['CH1', 'CH2', 'CHZ']",2019-01-17T23:09:32.500000Z,3.44
727,20190117T231359Z,1J.TI3A.,"['CH1', 'CH2', 'CHZ']",2019-01-17T23:13:59.740000Z,15.2
728,20190117T231447Z,1J.TI3A.,"['CH1', 'CH2', 'CHZ']",2019-01-17T23:14:47.330000Z,4.05
729,20190117T232014Z,1J.TI3A.,"['CH1', 'CH2', 'CHZ']",2019-01-17T23:20:14.330000Z,4.9
730,20190117T232513Z,1J.TI3A.,"['CH1', 'CH2', 'CHZ']",2019-01-17T23:25:13.950000Z,27.15
731,20190117T232546Z,1J.TI3A.,"['CH1', 'CH2', 'CHZ']",2019-01-17T23:25:46.850000Z,14.48
732,20190117T232617Z,1J.TI3A.,"['CH1', 'CH2', 'CHZ']",2019-01-17T23:26:17.000000Z,0.65
733,20190117T232825Z,1J.TI3A.,"['CH1', 'CH2', 'CHZ']",2019-01-17T23:28:25.010000Z,4.05
734,20190117T232947Z,1J.TI3A.,"['CH1', 'CH2', 'CHZ']",2019-01-17T23:29:55.220000Z,35.8
735,20190117T233056Z,1J.TI3A.,"['CH1', 'CH2', 'CHZ']",2019-01-17T23:30:56.850000Z,33.15
736,20190117T233340Z,1J.TI3A.,"['CH1', 'CH2', 'CHZ']",2019-01-17T23:33:40.870000Z,2.78
737,20190117T233349Z,1J.TI3A.,"['CH1', 'CH2', 'CHZ']",2019-01-17T23:33:49.650000Z,1.17
738,20190117T233415Z,1J.TI3A.,"['CH1', 'CH2', 'CHZ']",2019-01-17T23:34:15.630000Z,0.83
739,20190117T233534Z,1J.TI3A.,"['CH1', 'CH2', 'CHZ']",2019-01-17T23:35:34.990000Z,1.03
740,20190117T233550Z,1J.TI3A.,"['CH1', 'CH2', 'CHZ']",2019-01-17T23:35:50.610000Z,1.51
741,20190117T233707Z,1J.TI3A.,"['CH1', 'CH2', 'CHZ']",2019-01-17T23:37:07.980000Z,0.83
742,20190117T233832Z,1J.TI3A.,"['CH1', 'CH2', 'CHZ']",2019-01-17T23:38:32.510000Z,10.42
743,20190117T234008Z,1J.TI3A.,"['CH1', 'CH2', 'CHZ']",2019-01-17T23:40:08.760000Z,7.74
744,20190117T234041Z,1J.TI3A.,"['CH1', 'CH2', 'CHZ']",2019-01-17T23:40:41.880000Z,0.75
745,20190117T234128Z,1J.TI3A.,"['CH1', 'CH2', 'CHZ']",2019-01-17T23:41:28.660000Z,4.95
746,20190117T234147Z,1J.TI3A.,"['CH1', 'CH2', 'CHZ']",2019-01-17T23:41:47.020000Z,12.71
747,20190117T234239Z,1J.TI3A.,"['CH1', 'CH2', 'CHZ']",2019-01-17T23:42:39.200000Z,2.7
748,20190117T234453Z,1J.TI3A.,"['CH1', 'CH2', 'CHZ']",2019-01-17T23:45:11.220000Z,0.74
749,20190117T234602Z,1J.TI3A.,"['CH1', 'CH2', 'CHZ']",2019-01-17T23:46:04.110000Z,45.64
750,20190117T234846Z,1J.TI3A.,"['CH1', 'CH2', 'CHZ']",2019-01-17T23:48:52.000000Z,3.82
751,20190117T234929Z,1J.TI3A.,"['CH1', 'CH2', 'CHZ']",2019-01-17T23:49:30.300000Z,4.51
752,20190117T234954Z,1J.TI3A.,"['CH1', 'CH2', 'CHZ']",2019-01-17T23:49:54.230000Z,16.98
753,20190117T235047Z,1J.TI3A.,"['CH1', 'CH2', 'CHZ']",2019-01-17T23:50:47.840000Z,3.56
754,20190117T235109Z,1J.TI3A.,"['CH1', 'CH2', 'CHZ']",2019-01-17T23:51:09.230000Z,12.61
755,20190117T235207Z,1J.TI3A.,"['CH1', 'CH2', 'CHZ']",2019-01-17T23:52:07.920000Z,11.37
756,20190117T235418Z,1J.TI3A.,"['CH1', 'CH2', 'CHZ']",2019-01-17T23:54:18.690000Z,10.79
757,20190117T235450Z,1J.TI3A.,"['CH1', 'CH2', 'CHZ']",2019-01-17T23:54:50.020000Z,12.92
758,20190117T235513Z,1J.TI3A.,"['CH1', 'CH2', 'CHZ']",2019-01-17T23:55:13.650000Z,7.24
759,20190117T235707Z,1J.TI3A.,"['CH1', 'CH2', 'CHZ']",2019-01-17T23:57:07.660000Z,1.48
760,20190117T235749Z,1J.TI3A.,"['CH1', 'CH2', 'CHZ']",2019-01-17T23:57:49.140000Z,1.02
761,20190117T235804Z,1J.TI3A.,"['CH1', 'CH2', 'CHZ']",2019-01-17T23:58:04.520000Z,4.33
762,20190117T235853Z,1J.TI3A.,"['CH1', 'CH2', 'CHZ']",2019-01-17T23:58:53.570000Z,4.09
763,20190117T235906Z,1J.TI3A.,"['CH1', 'CH2', 'CHZ']",2019-01-17T23:59:06.600000Z,2.2
764,20190117T235930Z,1J.TI3A.,"['CH1', 'CH2', 'CHZ']",2019-01-17T23:59:30.330000Z,16.99
765,20190117T001503Z,1J.TI8A.,"['CH1', 'CH2', 'CHZ']",2019-01-17T00:15:03.580000Z,12.73
766,20190117T002525Z,1J.TI8A.,"['CH1', 'CH2', 'CHZ']",2019-01-17T00:25:27.380000Z,21.29
767,20190117T003840Z,1J.TI8A.,"['CH1', 'CH2', 'CHZ']",2019-01-17T00:38:43.750000Z,41.49
768,20190117T004509Z,1J.TI8A.,"['CH1', 'CH2', 'CHZ']",2019-01-17T00:45:10.500000Z,12.65
769,20190117T005100Z,1J.TI8A.,"['CH1', 'CH2', 'CHZ']",2019-01-17T00:51:00.530000Z,3.54
770,20190117T005955Z,1J.TI8A.,"['CH1', 'CH2', 'CHZ']",2019-01-17T00:59:55.130000Z,2.23
771,20190117T011255Z,1J.TI8A.,"['CH1', 'CH2', 'CHZ']",2019-01-17T01:12:55.580000Z,9.5
772,20190117T011456Z,1J.TI8A.,"['CH1', 'CH2', 'CHZ']",2019-01-17T01:14:56.930000Z,10.84
773,20190117T011629Z,1J.TI8A.,"['CH1', 'CH2', 'CHZ']",2019-01-17T01:16:29.380000Z,13.21
774,20190117T011838Z,1J.TI8A.,"['CH1', 'CH2', 'CHZ']",2019-01-17T01:18:38.580000Z,4.68
775,20190117T012138Z,1J.TI8A.,"['CH1', 'CH2', 'CHZ']",2019-01-17T01:21:38.760000Z,7.39
776,20190117T012202Z,1J.TI8A.,"['CH1', 'CH2', 'CHZ']",2019-01-17T01:22:06.940000Z,17.08
777,20190117T012447Z,1J.TI8A.,"['CH1', 'CH2', 'CHZ']",2019-01-17T01:24:47.240000Z,22.98
778,20190117T014405Z,1J.TI8A.,"['CH1', 'CH2', 'CHZ']",2019-01-17T01:44:07.760000Z,12.4
779,20190117T014851Z,1J.TI8A.,"['CH1', 'CH2', 'CHZ']",2019-01-17T01:48:51.060000Z,36.95
780,20190117T015447Z,1J.TI8A.,"['CH1', 'CH2', 'CHZ']",2019-01-17T01:54:50.320000Z,51.95
781,20190117T020435Z,1J.TI8A.,"['CH1', 'CH2', 'CHZ']",2019-01-17T02:04:40.690000Z,1.73
782,20190117T021300Z,1J.TI8A.,"['CH1', 'CH2', 'CHZ']",2019-01-17T02:13:00.330000Z,19.71
783,20190117T021746Z,1J.TI8A.,"['CH1', 'CH2', 'CHZ']",2019-01-17T02:17:51.080000Z,8.52
784,20190117T022206Z,1J.TI8A.,"['CH1', 'CH2', 'CHZ']",2019-01-17T02:22:09.350000Z,50.21
785,20190117T023009Z,1J.TI8A.,"['CH1', 'CH2', 'CHZ']",2019-01-17T02:30:09.350000Z,53.15
786,20190117T023229Z,1J.TI8A.,"['CH1', 'CH2', 'CHZ']",2019-01-17T02:32:34.380000Z,4.29
787,20190117T023421Z,1J.TI8A.,"['CH1', 'CH2', 'CHZ']",2019-01-17T02:34:30.350000Z,5.28
788,20190117T023453Z,1J.TI8A.,"['CH1', 'CH2', 'CHZ']",2019-01-17T02:34:58.620000Z,9.31
789,20190117T023600Z,1J.TI8A.,"['CH1', 'CH2', 'CHZ']",2019-01-17T02:36:02.830000Z,2.12
790,20190117T024344Z,1J.TI8A.,"['CH1', 'CH2', 'CHZ']",2019-01-17T02:43:47.690000Z,31.72
791,20190117T024601Z,1J.TI8A.,"['CH1', 'CH2', 'CHZ']",2019-01-17T02:46:01.320000Z,1.49
792,20190117T024814Z,1J.TI8A.,"['CH1', 'CH2', 'CHZ']",2019-01-17T02:48:14.550000Z,2.28
793,20190117T024936Z,1J.TI8A.,"['CH1', 'CH2', 'CHZ']",2019-01-17T02:49:36.440000Z,1.57
794,20190117T025112Z,1J.TI8A.,"['CH1', 'CH2', 'CHZ']",2019-01-17T02:51:12.160000Z,3.07
795,20190117T025633Z,1J.TI8A.,"['CH1', 'CH2', 'CHZ']",2019-01-17T02:56:33.530000Z,5.93
796,20190117T025800Z,1J.TI8A.,"['CH1', 'CH2', 'CHZ']",2019-01-17T02:58:00.560000Z,2.17
797,20190117T030241Z,1J.TI8A.,"['CH1', 'CH2', 'CHZ']",2019-01-17T03:02:41.630000Z,4.41
798,20190117T030413Z,1J.TI8A.,"['CH1', 'CH2', 'CHZ']",2019-01-17T03:04:13.020000Z,1.06
799,20190117T030420Z,1J.TI8A.,"['CH1', 'CH2', 'CHZ']",2019-01-17T03:04:43.570000Z,25.13
800,20190117T030801Z,1J.TI8A.,"['CH1', 'CH2', 'CHZ']",2019-01-17T03:08:01.820000Z,1.54
801,20190117T031035Z,1J.TI8A.,"['CH1', 'CH2', 'CHZ']",2019-01-17T03:10:35.690000Z,1.53
802,20190117T031520Z,1J.TI8A.,"['CH1', 'CH2', 'CHZ']",2019-01-17T03:15:28.750000Z,48.91
803,20190117T031821Z,1J.TI8A.,"['CH1', 'CH2', 'CHZ']",2019-01-17T03:18:21.770000Z,21.55
804,20190117T032125Z,1J.TI8A.,"['CH1', 'CH2', 'CHZ']",2019-01-17T03:21:25.320000Z,23.61
805,20190117T032623Z,1J.TI8A.,"['CH1', 'CH2', 'CHZ']",2019-01-17T03:26:23.650000Z,5.21
806,20190117T033942Z,1J.TI8A.,"['CH1', 'CH2', 'CHZ']",2019-01-17T03:39:45.530000Z,54.62
807,20190117T034146Z,1J.TI8A.,"['CH1', 'CH2', 'CHZ']",2019-01-17T03:41:49.670000Z,8.08
808,20190117T034215Z,1J.TI8A.,"['CH1', 'CH2', 'CHZ']",2019-01-17T03:42:20.300000Z,16.85
809,20190117T034559Z,1J.TI8A.,"['CH1', 'CH2', 'CHZ']",2019-01-17T03:46:03.850000Z,14.21
810,20190117T040008Z,1J.TI8A.,"['CH1', 'CH2', 'CHZ']",2019-01-17T04:00:08.850000Z,10.57
811,20190117T041435Z,1J.TI8A.,"['CH1', 'CH2', 'CHZ']",2019-01-17T04:14:37.920000Z,50.13
812,20190117T041905Z,1J.TI8A.,"['CH1', 'CH2', 'CHZ']",2019-01-17T04:19:11.760000Z,7.47
813,20190117T042340Z,1J.TI8A.,"['CH1', 'CH2', 'CHZ']",2019-01-17T04:23:42.640000Z,12.49
814,20190117T042516Z,1J.TI8A.,"['CH1', 'CH2', 'CHZ']",2019-01-17T04:25:19.120000Z,28.57
815,20190117T042619Z,1J.TI8A.,"['CH1', 'CH2', 'CHZ']",2019-01-17T04:26:24.420000Z,17.16
816,20190117T043410Z,1J.TI8A.,"['CH1', 'CH2', 'CHZ']",2019-01-17T04:34:10.940000Z,23.58
817,20190117T044230Z,1J.TI8A.,"['CH1', 'CH2', 'CHZ']",2019-01-17T04:42:36.200000Z,2.74
818,20190117T044341Z,1J.TI8A.,"['CH1', 'CH2', 'CHZ']",2019-01-17T04:43:41.620000Z,9.34
819,20190117T044529Z,1J.TI8A.,"['CH1', 'CH2', 'CHZ']",2019-01-17T04:45:41.210000Z,12.15
820,20190117T045018Z,1J.TI8A.,"['CH1', 'CH2', 'CHZ']",2019-01-17T04:50:18.180000Z,6.37
821,20190117T045247Z,1J.TI8A.,"['CH1', 'CH2', 'CHZ']",2019-01-17T04:52:53.560000Z,10.97
822,20190117T050154Z,1J.TI8A.,"['CH1', 'CH2', 'CHZ']",2019-01-17T05:01:56.970000Z,17.95
823,20190117T051031Z,1J.TI8A.,"['CH1', 'CH2', 'CHZ']",2019-01-17T05:10:31.630000Z,14.29
824,20190117T051205Z,1J.TI8A.,"['CH1', 'CH2', 'CHZ']",2019-01-17T05:12:06.250000Z,1.28
825,20190117T052624Z,1J.TI8A.,"['CH1', 'CH2', 'CHZ']",2019-01-17T05:26:24.300000Z,18.84
826,20190117T053333Z,1J.TI8A.,"['CH1', 'CH2', 'CHZ']",2019-01-17T05:33:36.250000Z,47.55
827,20190117T054328Z,1J.TI8A.,"['CH1', 'CH2', 'CHZ']",2019-01-17T05:43:30.540000Z,53.29
828,20190117T054830Z,1J.TI8A.,"['CH1', 'CH2', 'CHZ']",2019-01-17T05:48:31.750000Z,21.32
829,20190117T055957Z,1J.TI8A.,"['CH1', 'CH2', 'CHZ']",2019-01-17T06:00:01.140000Z,6.08
830,20190117T060155Z,1J.TI8A.,"['CH1', 'CH2', 'CHZ']",2019-01-17T06:02:00.040000Z,80.2
831,20190117T061007Z,1J.TI8A.,"['CH1', 'CH2', 'CHZ']",2019-01-17T06:10:11.030000Z,7.72
832,20190117T061031Z,1J.TI8A.,"['CH1', 'CH2', 'CHZ']",2019-01-17T06:10:36.790000Z,6.95
833,20190117T061122Z,1J.TI8A.,"['CH1', 'CH2', 'CHZ']",2019-01-17T06:11:25.440000Z,19.97
834,20190117T061201Z,1J.TI8A.,"['CH1', 'CH2', 'CHZ']",2019-01-17T06:12:01.150000Z,22.56
835,20190117T061826Z,1J.TI8A.,"['CH1', 'CH2', 'CHZ']",2019-01-17T06:18:26.640000Z,19.95
836,20190117T062252Z,1J.TI8A.,"['CH1', 'CH2', 'CHZ']",2019-01-17T06:22:57.540000Z,21.38
837,20190117T062333Z,1J.TI8A.,"['CH1', 'CH2', 'CHZ']",2019-01-17T06:23:38.110000Z,16.56
838,20190117T062519Z,1J.TI8A.,"['CH1', 'CH2', 'CHZ']",2019-01-17T06:25:19.700000Z,18.2
839,20190117T063011Z,1J.TI8A.,"['CH1', 'CH2', 'CHZ']",2019-01-17T06:30:13.960000Z,10.19
840,20190117T063038Z,1J.TI8A.,"['CH1', 'CH2', 'CHZ']",2019-01-17T06:30:43.200000Z,13.39
841,20190117T063214Z,1J.TI8A.,"['CH1', 'CH2', 'CHZ']",2019-01-17T06:32:16.130000Z,21.89
842,20190117T063331Z,1J.TI8A.,"['CH1', 'CH2', 'CHZ']",2019-01-17T06:33:35.660000Z,3.62
843,20190117T064026Z,1J.TI8A.,"['CH1', 'CH2', 'CHZ']",2019-01-17T06:40:26.800000Z,5.07
844,20190117T064130Z,1J.TI8A.,"['CH1', 'CH2', 'CHZ']",2019-01-17T06:41:33.360000Z,53.67
845,20190117T065142Z,1J.TI8A.,"['CH1', 'CH2', 'CHZ']",2019-01-17T06:51:48.470000Z,15.23
846,20190117T065334Z,1J.TI8A.,"['CH1', 'CH2', 'CHZ']",2019-01-17T06:53:34.640000Z,22.0
847,20190117T070451Z,1J.TI8A.,"['CH1', 'CH2', 'CHZ']",2019-01-17T07:04:51.350000Z,18.8
848,20190117T071141Z,1J.TI8A.,"['CH1', 'CH2', 'CHZ']",2019-01-17T07:11:41.460000Z,13.85
849,20190117T071336Z,1J.TI8A.,"['CH1', 'CH2', 'CHZ']",2019-01-17T07:13:59.860000Z,8.95
850,20190117T071644Z,1J.TI8A.,"['CH1', 'CH2', 'CHZ']",2019-01-17T07:16:44.100000Z,5.75
851,20190117T072027Z,1J.TI8A.,"['CH1', 'CH2', 'CHZ']",2019-01-17T07:20:27.820000Z,1.84
852,20190117T072246Z,1J.TI8A.,"['CH1', 'CH2', 'CHZ']",2019-01-17T07:22:49.830000Z,20.98
853,20190117T072317Z,1J.TI8A.,"['CH1', 'CH2', 'CHZ']",2019-01-17T07:23:22.650000Z,17.23
854,20190117T072621Z,1J.TI8A.,"['CH1', 'CH2', 'CHZ']",2019-01-17T07:26:21.550000Z,4.05
855,20190117T074030Z,1J.TI8A.,"['CH1', 'CH2', 'CHZ']",2019-01-17T07:40:33.100000Z,6.81
856,20190117T074946Z,1J.TI8A.,"['CH1', 'CH2', 'CHZ']",2019-01-17T07:50:06.630000Z,8.48
857,20190117T075252Z,1J.TI8A.,"['CH1', 'CH2', 'CHZ']",2019-01-17T07:52:55.510000Z,53.0
858,20190117T075648Z,1J.TI8A.,"['CH1', 'CH2', 'CHZ']",2019-01-17T07:56:48.480000Z,11.04
859,20190117T075716Z,1J.TI8A.,"['CH1', 'CH2', 'CHZ']",2019-01-17T07:57:20.980000Z,1.56
860,20190117T081044Z,1J.TI8A.,"['CH1', 'CH2', 'CHZ']",2019-01-17T08:10:47.180000Z,9.31
861,20190117T082059Z,1J.TI8A.,"['CH1', 'CH2', 'CHZ']",2019-01-17T08:21:41.890000Z,28.16
862,20190117T082951Z,1J.TI8A.,"['CH1', 'CH2', 'CHZ']",2019-01-17T08:29:58.580000Z,11.53
863,20190117T083957Z,1J.TI8A.,"['CH1', 'CH2', 'CHZ']",2019-01-17T08:40:01.420000Z,20.64
864,20190117T084335Z,1J.TI8A.,"['CH1', 'CH2', 'CHZ']",2019-01-17T08:43:38.480000Z,51.34
865,20190117T084717Z,1J.TI8A.,"['CH1', 'CH2', 'CHZ']",2019-01-17T08:47:20.660000Z,7.32
866,20190117T085115Z,1J.TI8A.,"['CH1', 'CH2', 'CHZ']",2019-01-17T08:51:15.140000Z,22.63
867,20190117T085220Z,1J.TI8A.,"['CH1', 'CH2', 'CHZ']",2019-01-17T08:52:28.630000Z,1.37
868,20190117T090753Z,1J.TI8A.,"['CH1', 'CH2', 'CHZ']",2019-01-17T09:07:53.420000Z,2.1
869,20190117T091347Z,1J.TI8A.,"['CH1', 'CH2', 'CHZ']",2019-01-17T09:13:49.520000Z,19.7
870,20190117T091548Z,1J.TI8A.,"['CH1', 'CH2', 'CHZ']",2019-01-17T09:15:48.310000Z,21.23
871,20190117T092039Z,1J.TI8A.,"['CH1', 'CH2', 'CHZ']",2019-01-17T09:20:42.940000Z,3.75
872,20190117T092623Z,1J.TI8A.,"['CH1', 'CH2', 'CHZ']",2019-01-17T09:26:25.900000Z,14.36
873,20190117T093022Z,1J.TI8A.,"['CH1', 'CH2', 'CHZ']",2019-01-17T09:30:27.330000Z,1.85
874,20190117T093314Z,1J.TI8A.,"['CH1', 'CH2', 'CHZ']",2019-01-17T09:33:19.860000Z,10.95
875,20190117T093833Z,1J.TI8A.,"['CH1', 'CH2', 'CHZ']",2019-01-17T09:38:36.580000Z,50.01
876,20190117T094715Z,1J.TI8A.,"['CH1', 'CH2', 'CHZ']",2019-01-17T09:47:25.300000Z,51.84
877,20190117T100439Z,1J.TI8A.,"['CH1', 'CH2', 'CHZ']",2019-01-17T10:04:39.500000Z,5.45
878,20190117T101806Z,1J.TI8A.,"['CH1', 'CH2', 'CHZ']",2019-01-17T10:18:06.270000Z,5.58
879,20190117T102544Z,1J.TI8A.,"['CH1', 'CH2', 'CHZ']",2019-01-17T10:25:46.830000Z,15.67
880,20190117T103325Z,1J.TI8A.,"['CH1', 'CH2', 'CHZ']",2019-01-17T10:33:30.540000Z,49.56
881,20190117T105708Z,1J.TI8A.,"['CH1', 'CH2', 'CHZ']",2019-01-17T10:57:11.630000Z,12.38
882,20190117T105733Z,1J.TI8A.,"['CH1', 'CH2', 'CHZ']",2019-01-17T10:57:38.570000Z,12.24
883,20190117T110423Z,1J.TI8A.,"['CH1', 'CH2', 'CHZ']",2019-01-17T11:04:26.060000Z,52.67
884,20190117T110946Z,1J.TI8A.,"['CH1', 'CH2', 'CHZ']",2019-01-17T11:09:48.710000Z,10.14
885,20190117T111121Z,1J.TI8A.,"['CH1', 'CH2', 'CHZ']",2019-01-17T11:11:25.220000Z,8.56
886,20190117T112802Z,1J.TI8A.,"['CH1', 'CH2', 'CHZ']",2019-01-17T11:28:13.170000Z,20.8
887,20190117T113806Z,1J.TI8A.,"['CH1', 'CH2', 'CHZ']",2019-01-17T11:38:06.550000Z,19.5
888,20190117T113854Z,1J.TI8A.,"['CH1', 'CH2', 'CHZ']",2019-01-17T11:38:59.710000Z,8.05
889,20190117T120934Z,1J.TI8A.,"['CH1', 'CH2', 'CHZ']",2019-01-17T12:09:34.330000Z,49.3
890,20190117T121608Z,1J.TI8A.,"['CH1', 'CH2', 'CHZ']",2019-01-17T12:16:09.640000Z,9.68
891,20190117T122025Z,1J.TI8A.,"['CH1', 'CH2', 'CHZ']",2019-01-17T12:20:31.890000Z,21.39
892,20190117T122340Z,1J.TI8A.,"['CH1', 'CH2', 'CHZ']",2019-01-17T12:23:43.510000Z,4.96
893,20190117T122548Z,1J.TI8A.,"['CH1', 'CH2', 'CHZ']",2019-01-17T12:25:48.690000Z,12.32
894,20190117T122607Z,1J.TI8A.,"['CH1', 'CH2', 'CHZ']",2019-01-17T12:26:17.070000Z,20.46
895,20190117T122920Z,1J.TI8A.,"['CH1', 'CH2', 'CHZ']",2019-01-17T12:29:20.130000Z,19.1
896,20190117T124119Z,1J.TI8A.,"['CH1', 'CH2', 'CHZ']",2019-01-17T12:41:19.820000Z,14.31
897,20190117T124507Z,1J.TI8A.,"['CH1', 'CH2', 'CHZ']",2019-01-17T12:45:07.430000Z,6.49
898,20190117T124618Z,1J.TI8A.,"['CH1', 'CH2', 'CHZ']",2019-01-17T12:46:18.300000Z,10.25
899,20190117T125511Z,1J.TI8A.,"['CH1', 'CH2', 'CHZ']",2019-01-17T12:55:11.080000Z,19.73
900,20190117T125536Z,1J.TI8A.,"['CH1', 'CH2', 'CHZ']",2019-01-17T12:55:40.790000Z,15.72
901,20190117T130024Z,1J.TI8A.,"['CH1', 'CH2', 'CHZ']",2019-01-17T13:00:24.200000Z,7.84
902,20190117T130435Z,1J.TI8A.,"['CH1', 'CH2', 'CHZ']",2019-01-17T13:04:35.000000Z,50.79
903,20190117T131148Z,1J.TI8A.,"['CH1', 'CH2', 'CHZ']",2019-01-17T13:11:49.280000Z,11.83
904,20190117T132146Z,1J.TI8A.,"['CH1', 'CH2', 'CHZ']",2019-01-17T13:21:46.010000Z,2.84
905,20190117T132307Z,1J.TI8A.,"['CH1', 'CH2', 'CHZ']",2019-01-17T13:23:09.510000Z,20.1
906,20190117T133207Z,1J.TI8A.,"['CH1', 'CH2', 'CHZ']",2019-01-17T13:32:07.340000Z,4.16
907,20190117T133600Z,1J.TI8A.,"['CH1', 'CH2', 'CHZ']",2019-01-17T13:36:00.920000Z,15.16
908,20190117T134549Z,1J.TI8A.,"['CH1', 'CH2', 'CHZ']",2019-01-17T13:45:49.230000Z,0.89
909,20190117T134810Z,1J.TI8A.,"['CH1', 'CH2', 'CHZ']",2019-01-17T13:48:10.210000Z,35.22
910,20190117T135309Z,1J.TI8A.,"['CH1', 'CH2', 'CHZ']",2019-01-17T13:53:09.320000Z,4.79
911,20190117T135345Z,1J.TI8A.,"['CH1', 'CH2', 'CHZ']",2019-01-17T13:53:45.060000Z,10.12
912,20190117T135411Z,1J.TI8A.,"['CH1', 'CH2', 'CHZ']",2019-01-17T13:54:13.880000Z,17.05
913,20190117T135609Z,1J.TI8A.,"['CH1', 'CH2', 'CHZ']",2019-01-17T13:56:11.080000Z,5.96
914,20190117T135844Z,1J.TI8A.,"['CH1', 'CH2', 'CHZ']",2019-01-17T13:58:44.150000Z,8.56
915,20190117T135917Z,1J.TI8A.,"['CH1', 'CH2', 'CHZ']",2019-01-17T13:59:27.160000Z,8.82
916,20190117T140231Z,1J.TI8A.,"['CH1', 'CH2', 'CHZ']",2019-01-17T14:02:31.490000Z,7.01
917,20190117T140421Z,1J.TI8A.,"['CH1', 'CH2', 'CHZ']",2019-01-17T14:04:21.540000Z,3.33
918,20190117T141732Z,1J.TI8A.,"['CH1', 'CH2', 'CHZ']",2019-01-17T14:17:32.660000Z,15.08
919,20190117T142352Z,1J.TI8A.,"['CH1', 'CH2', 'CHZ']",2019-01-17T14:23:52.250000Z,2.97
920,20190117T143024Z,1J.TI8A.,"['CH1', 'CH2', 'CHZ']",2019-01-17T14:30:24.670000Z,30.19
921,20190117T143230Z,1J.TI8A.,"['CH1', 'CH2', 'CHZ']",2019-01-17T14:32:30.610000Z,21.62
922,20190117T143544Z,1J.TI8A.,"['CH1', 'CH2', 'CHZ']",2019-01-17T14:35:44.590000Z,2.23
923,20190117T143850Z,1J.TI8A.,"['CH1', 'CH2', 'CHZ']",2019-01-17T14:38:53.850000Z,3.54
924,20190117T144553Z,1J.TI8A.,"['CH1', 'CH2', 'CHZ']",2019-01-17T14:46:09.510000Z,5.52
925,20190117T145221Z,1J.TI8A.,"['CH1', 'CH2', 'CHZ']",2019-01-17T14:52:25.620000Z,11.48
926,20190117T145424Z,1J.TI8A.,"['CH1', 'CH2', 'CHZ']",2019-01-17T14:54:24.530000Z,3.02
927,20190117T150159Z,1J.TI8A.,"['CH1', 'CH2', 'CHZ']",2019-01-17T15:01:59.020000Z,17.65
928,20190117T150442Z,1J.TI8A.,"['CH1', 'CH2', 'CHZ']",2019-01-17T15:04:43.890000Z,7.71
929,20190117T150842Z,1J.TI8A.,"['CH1', 'CH2', 'CHZ']",2019-01-17T15:08:42.130000Z,6.75
930,20190117T151014Z,1J.TI8A.,"['CH1', 'CH2', 'CHZ']",2019-01-17T15:10:17.560000Z,22.29
931,20190117T151210Z,1J.TI8A.,"['CH1', 'CH2', 'CHZ']",2019-01-17T15:12:12.940000Z,6.54
932,20190117T151235Z,1J.TI8A.,"['CH1', 'CH2', 'CHZ']",2019-01-17T15:12:39.860000Z,5.44
933,20190117T152443Z,1J.TI8A.,"['CH1', 'CH2', 'CHZ']",2019-01-17T15:24:43.430000Z,2.37
934,20190117T152715Z,1J.TI8A.,"['CH1', 'CH2', 'CHZ']",2019-01-17T15:27:15.690000Z,18.52
935,20190117T152833Z,1J.TI8A.,"['CH1', 'CH2', 'CHZ']",2019-01-17T15:28:33.530000Z,20.0
936,20190117T153357Z,1J.TI8A.,"['CH1', 'CH2', 'CHZ']",2019-01-17T15:33:57.550000Z,1.8
937,20190117T153417Z,1J.TI8A.,"['CH1', 'CH2', 'CHZ']",2019-01-17T15:34:17.440000Z,2.5
938,20190117T153425Z,1J.TI8A.,"['CH1', 'CH2', 'CHZ']",2019-01-17T15:34:25.270000Z,8.25
939,20190117T153633Z,1J.TI8A.,"['CH1', 'CH2', 'CHZ']",2019-01-17T15:36:33.560000Z,2.44
940,20190117T154145Z,1J.TI8A.,"['CH1', 'CH2', 'CHZ']",2019-01-17T15:41:48.210000Z,49.93
941,20190117T154756Z,1J.TI8A.,"['CH1', 'CH2', 'CHZ']",2019-01-17T15:47:56.500000Z,4.3
942,20190117T154950Z,1J.TI8A.,"['CH1', 'CH2', 'CHZ']",2019-01-17T15:49:50.140000Z,3.69
943,20190117T155135Z,1J.TI8A.,"['CH1', 'CH2', 'CHZ']",2019-01-17T15:51:35.080000Z,6.47
944,20190117T155422Z,1J.TI8A.,"['CH1', 'CH2', 'CHZ']",2019-01-17T15:54:22.390000Z,4.28
945,20190117T155449Z,1J.TI8A.,"['CH1', 'CH2', 'CHZ']",2019-01-17T15:54:49.240000Z,1.27
946,20190117T155814Z,1J.TI8A.,"['CH1', 'CH2', 'CHZ']",2019-01-17T15:58:24.220000Z,14.97
947,20190117T160850Z,1J.TI8A.,"['CH1', 'CH2', 'CHZ']",2019-01-17T16:08:50.220000Z,13.09
948,20190117T160949Z,1J.TI8A.,"['CH1', 'CH2', 'CHZ']",2019-01-17T16:09:58.590000Z,18.17
949,20190117T161244Z,1J.TI8A.,"['CH1', 'CH2', 'CHZ']",2019-01-17T16:12:44.730000Z,2.1
950,20190117T161316Z,1J.TI8A.,"['CH1', 'CH2', 'CHZ']",2019-01-17T16:13:16.940000Z,4.1
951,20190117T161405Z,1J.TI8A.,"['CH1', 'CH2', 'CHZ']",2019-01-17T16:14:05.820000Z,2.2
952,20190117T161636Z,1J.TI8A.,"['CH1', 'CH2', 'CHZ']",2019-01-17T16:16:36.490000Z,9.06
953,20190117T161843Z,1J.TI8A.,"['CH1', 'CH2', 'CHZ']",2019-01-17T16:18:43.130000Z,16.74
954,20190117T162048Z,1J.TI8A.,"['CH1', 'CH2', 'CHZ']",2019-01-17T16:20:48.040000Z,9.5
955,20190117T162234Z,1J.TI8A.,"['CH1', 'CH2', 'CHZ']",2019-01-17T16:22:34.020000Z,16.33
956,20190117T162546Z,1J.TI8A.,"['CH1', 'CH2', 'CHZ']",2019-01-17T16:25:46.640000Z,4.26
957,20190117T162752Z,1J.TI8A.,"['CH1', 'CH2', 'CHZ']",2019-01-17T16:27:52.530000Z,2.04
958,20190117T163216Z,1J.TI8A.,"['CH1', 'CH2', 'CHZ']",2019-01-17T16:32:16.010000Z,3.53
959,20190117T163356Z,1J.TI8A.,"['CH1', 'CH2', 'CHZ']",2019-01-17T16:33:56.800000Z,1.41
960,20190117T163837Z,1J.TI8A.,"['CH1', 'CH2', 'CHZ']",2019-01-17T16:38:37.440000Z,2.82
961,20190117T164032Z,1J.TI8A.,"['CH1', 'CH2', 'CHZ']",2019-01-17T16:40:32.920000Z,2.1
962,20190117T164427Z,1J.TI8A.,"['CH1', 'CH2', 'CHZ']",2019-01-17T16:44:27.710000Z,2.34
963,20190117T164518Z,1J.TI8A.,"['CH1', 'CH2', 'CHZ']",2019-01-17T16:45:18.020000Z,2.26
964,20190117T164938Z,1J.TI8A.,"['CH1', 'CH2', 'CHZ']",2019-01-17T16:49:38.890000Z,2.82
965,20190117T165046Z,1J.TI8A.,"['CH1', 'CH2', 'CHZ']",2019-01-17T16:50:46.740000Z,5.35
966,20190117T165219Z,1J.TI8A.,"['CH1', 'CH2', 'CHZ']",2019-01-17T16:52:19.510000Z,3.03
967,20190117T165555Z,1J.TI8A.,"['CH1', 'CH2', 'CHZ']",2019-01-17T16:56:26.690000Z,17.5
968,20190117T171958Z,1J.TI8A.,"['CH1', 'CH2', 'CHZ']",2019-01-17T17:20:01.890000Z,2.21
969,20190117T172242Z,1J.TI8A.,"['CH1', 'CH2', 'CHZ']",2019-01-17T17:23:04.820000Z,21.88
970,20190117T172642Z,1J.TI8A.,"['CH1', 'CH2', 'CHZ']",2019-01-17T17:26:42.930000Z,7.65
971,20190117T174934Z,1J.TI8A.,"['CH1', 'CH2', 'CHZ']",2019-01-17T17:49:34.740000Z,1.08
972,20190117T175714Z,1J.TI8A.,"['CH1', 'CH2', 'CHZ']",2019-01-17T17:57:14.080000Z,3.07
973,20190117T180340Z,1J.TI8A.,"['CH1', 'CH2', 'CHZ']",2019-01-17T18:03:40.410000Z,6.23
974,20190117T180504Z,1J.TI8A.,"['CH1', 'CH2', 'CHZ']",2019-01-17T18:05:04.210000Z,2.03
975,20190117T180653Z,1J.TI8A.,"['CH1', 'CH2', 'CHZ']",2019-01-17T18:06:53.120000Z,1.9
976,20190117T180945Z,1J.TI8A.,"['CH1', 'CH2', 'CHZ']",2019-01-17T18:09:45.030000Z,7.1
977,20190117T181048Z,1J.TI8A.,"['CH1', 'CH2', 'CHZ']",2019-01-17T18:10:48.810000Z,3.9
978,20190117T181156Z,1J.TI8A.,"['CH1', 'CH2', 'CHZ']",2019-01-17T18:11:56.340000Z,12.6
979,20190117T181932Z,1J.TI8A.,"['CH1', 'CH2', 'CHZ']",2019-01-17T18:19:36.910000Z,8.91
980,20190117T182139Z,1J.TI8A.,"['CH1', 'CH2', 'CHZ']",2019-01-17T18:21:39.220000Z,19.76
981,20190117T182522Z,1J.TI8A.,"['CH1', 'CH2', 'CHZ']",2019-01-17T18:25:22.750000Z,16.28
982,20190117T182605Z,1J.TI8A.,"['CH1', 'CH2', 'CHZ']",2019-01-17T18:26:34.890000Z,37.09
983,20190117T182840Z,1J.TI8A.,"['CH1', 'CH2', 'CHZ']",2019-01-17T18:28:40.760000Z,1.91
984,20190117T182934Z,1J.TI8A.,"['CH1', 'CH2', 'CHZ']",2019-01-17T18:29:34.300000Z,8.39
985,20190117T183141Z,1J.TI8A.,"['CH1', 'CH2', 'CHZ']",2019-01-17T18:31:41.250000Z,3.17
986,20190117T183348Z,1J.TI8A.,"['CH1', 'CH2', 'CHZ']",2019-01-17T18:33:49.210000Z,18.43
987,20190117T183451Z,1J.TI8A.,"['CH1', 'CH2', 'CHZ']",2019-01-17T18:34:51.940000Z,12.16
988,20190117T184310Z,1J.TI8A.,"['CH1', 'CH2', 'CHZ']",2019-01-17T18:43:12.080000Z,14.1
989,20190117T184730Z,1J.TI8A.,"['CH1', 'CH2', 'CHZ']",2019-01-17T18:47:30.580000Z,4.99
990,20190117T184833Z,1J.TI8A.,"['CH1', 'CH2', 'CHZ']",2019-01-17T18:48:33.410000Z,14.65
991,20190117T184941Z,1J.TI8A.,"['CH1', 'CH2', 'CHZ']",2019-01-17T18:49:41.410000Z,3.19
992,20190117T185043Z,1J.TI8A.,"['CH1', 'CH2', 'CHZ']",2019-01-17T18:50:43.880000Z,20.98
993,20190117T185218Z,1J.TI8A.,"['CH1', 'CH2', 'CHZ']",2019-01-17T18:52:18.980000Z,2.37
994,20190117T185233Z,1J.TI8A.,"['CH1', 'CH2', 'CHZ']",2019-01-17T18:52:57.900000Z,21.81
995,20190117T185324Z,1J.TI8A.,"['CH1', 'CH2', 'CHZ']",2019-01-17T18:53:30.910000Z,15.79
996,20190117T185455Z,1J.TI8A.,"['CH1', 'CH2', 'CHZ']",2019-01-17T18:54:55.030000Z,3.18
997,20190117T185609Z,1J.TI8A.,"['CH1', 'CH2', 'CHZ']",2019-01-17T18:56:09.730000Z,5.72
998,20190117T185731Z,1J.TI8A.,"['CH1', 'CH2', 'CHZ']",2019-01-17T18:57:31.770000Z,20.27
999,20190117T190207Z,1J.TI8A.,"['CH1', 'CH2', 'CHZ']",2019-01-17T19:02:07.360000Z,1.69
1000,20190117T190819Z,1J.TI8A.,"['CH1', 'CH2', 'CHZ']",2019-01-17T19:08:24.030000Z,13.7
1001,20190117T191738Z,1J.TI8A.,"['CH1', 'CH2', 'CHZ']",2019-01-17T19:17:38.230000Z,20.4
1002,20190117T192208Z,1J.TI8A.,"['CH1', 'CH2', 'CHZ']",2019-01-17T19:22:10.500000Z,34.46
1003,20190117T192513Z,1J.TI8A.,"['CH1', 'CH2', 'CHZ']",2019-01-17T19:25:13.630000Z,9.42
1004,20190117T192854Z,1J.TI8A.,"['CH1', 'CH2', 'CHZ']",2019-01-17T19:28:54.450000Z,5.45
1005,20190117T193701Z,1J.TI8A.,"['CH1', 'CH2', 'CHZ']",2019-01-17T19:37:01.850000Z,12.27
1006,20190117T193912Z,1J.TI8A.,"['CH1', 'CH2', 'CHZ']",2019-01-17T19:39:13.960000Z,51.16
1007,20190117T195702Z,1J.TI8A.,"['CH1', 'CH2', 'CHZ']",2019-01-17T19:57:02.810000Z,5.78
1008,20190117T200114Z,1J.TI8A.,"['CH1', 'CH2', 'CHZ']",2019-01-17T20:01:14.130000Z,18.99
1009,20190117T200634Z,1J.TI8A.,"['CH1', 'CH2', 'CHZ']",2019-01-17T20:07:52.190000Z,18.99
1010,20190117T201125Z,1J.TI8A.,"['CH1', 'CH2', 'CHZ']",2019-01-17T20:11:25.750000Z,14.72
1011,20190117T202120Z,1J.TI8A.,"['CH1', 'CH2', 'CHZ']",2019-01-17T20:21:30.360000Z,19.28
1012,20190117T202422Z,1J.TI8A.,"['CH1', 'CH2', 'CHZ']",2019-01-17T20:24:22.890000Z,32.16
1013,20190117T202611Z,1J.TI8A.,"['CH1', 'CH2', 'CHZ']",2019-01-17T20:26:11.720000Z,88.58
1014,20190117T202846Z,1J.TI8A.,"['CH1', 'CH2', 'CHZ']",2019-01-17T20:28:46.870000Z,23.31
1015,20190117T202945Z,1J.TI8A.,"['CH1', 'CH2', 'CHZ']",2019-01-17T20:29:45.360000Z,47.75
1016,20190117T203105Z,1J.TI8A.,"['CH1', 'CH2', 'CHZ']",2019-01-17T20:31:05.180000Z,12.59
1017,20190117T203352Z,1J.TI8A.,"['CH1', 'CH2', 'CHZ']",2019-01-17T20:33:52.370000Z,4.68
1018,20190117T203516Z,1J.TI8A.,"['CH1', 'CH2', 'CHZ']",2019-01-17T20:35:16.490000Z,3.79
1019,20190117T203528Z,1J.TI8A.,"['CH1', 'CH2', 'CHZ']",2019-01-17T20:35:28.950000Z,28.8
1020,20190117T203649Z,1J.TI8A.,"['CH1', 'CH2', 'CHZ']",2019-01-17T20:36:49.740000Z,1.9
1021,20190117T203752Z,1J.TI8A.,"['CH1', 'CH2', 'CHZ']",2019-01-17T20:37:52.370000Z,12.34
1022,20190117T203904Z,1J.TI8A.,"['CH1', 'CH2', 'CHZ']",2019-01-17T20:39:04.950000Z,15.31
1023,20190117T203954Z,1J.TI8A.,"['CH1', 'CH2', 'CHZ']",2019-01-17T20:39:54.560000Z,17.45
1024,20190117T204045Z,1J.TI8A.,"['CH1', 'CH2', 'CHZ']",2019-01-17T20:40:45.610000Z,2.73
1025,20190117T204113Z,1J.TI8A.,"['CH1', 'CH2', 'CHZ']",2019-01-17T20:41:13.690000Z,4.29
1026,20190117T204150Z,1J.TI8A.,"['CH1', 'CH2', 'CHZ']",2019-01-17T20:41:50.920000Z,18.9
1027,20190117T204242Z,1J.TI8A.,"['CH1', 'CH2', 'CHZ']",2019-01-17T20:42:42.950000Z,1.21
1028,20190117T204348Z,1J.TI8A.,"['CH1', 'CH2', 'CHZ']",2019-01-17T20:43:48.920000Z,17.52
1029,20190117T204441Z,1J.TI8A.,"['CH1', 'CH2', 'CHZ']",2019-01-17T20:44:41.670000Z,8.0
1030,20190117T204611Z,1J.TI8A.,"['CH1', 'CH2', 'CHZ']",2019-01-17T20:46:11.780000Z,9.89
1031,20190117T204657Z,1J.TI8A.,"['CH1', 'CH2', 'CHZ']",2019-01-17T20:46:57.490000Z,9.99
1032,20190117T204916Z,1J.TI8A.,"['CH1', 'CH2', 'CHZ']",2019-01-17T20:49:17.080000Z,25.06
1033,20190117T205151Z,1J.TI8A.,"['CH1', 'CH2', 'CHZ']",2019-01-17T20:51:51.610000Z,3.86
1034,20190117T205228Z,1J.TI8A.,"['CH1', 'CH2', 'CHZ']",2019-01-17T20:52:28.530000Z,3.23
1035,20190117T205251Z,1J.TI8A.,"['CH1', 'CH2', 'CHZ']",2019-01-17T20:52:51.760000Z,2.25
1036,20190117T205302Z,1J.TI8A.,"['CH1', 'CH2', 'CHZ']",2019-01-17T20:53:02.130000Z,3.37
1037,20190117T205433Z,1J.TI8A.,"['CH1', 'CH2', 'CHZ']",2019-01-17T20:54:33.320000Z,5.87
1038,20190117T205449Z,1J.TI8A.,"['CH1', 'CH2', 'CHZ']",2019-01-17T20:55:10.130000Z,12.56
1039,20190117T205941Z,1J.TI8A.,"['CH1', 'CH2', 'CHZ']",2019-01-17T20:59:41.380000Z,12.28
1040,20190117T210112Z,1J.TI8A.,"['CH1', 'CH2', 'CHZ']",2019-01-17T21:01:12.060000Z,1.81
1041,20190117T210253Z,1J.TI8A.,"['CH1', 'CH2', 'CHZ']",2019-01-17T21:02:53.950000Z,25.58
1042,20190117T210404Z,1J.TI8A.,"['CH1', 'CH2', 'CHZ']",2019-01-17T21:04:04.240000Z,1.25
1043,20190117T210737Z,1J.TI8A.,"['CH1', 'CH2', 'CHZ']",2019-01-17T21:07:37.910000Z,2.64
1044,20190117T210830Z,1J.TI8A.,"['CH1', 'CH2', 'CHZ']",2019-01-17T21:08:30.230000Z,2.15
1045,20190117T210854Z,1J.TI8A.,"['CH1', 'CH2', 'CHZ']",2019-01-17T21:08:54.020000Z,5.11
1046,20190117T211103Z,1J.TI8A.,"['CH1', 'CH2', 'CHZ']",2019-01-17T21:11:03.200000Z,1.64
1047,20190117T211204Z,1J.TI8A.,"['CH1', 'CH2', 'CHZ']",2019-01-17T21:12:04.370000Z,1.48
1048,20190117T211250Z,1J.TI8A.,"['CH1', 'CH2', 'CHZ']",2019-01-17T21:12:50.590000Z,3.7
1049,20190117T211353Z,1J.TI8A.,"['CH1', 'CH2', 'CHZ']",2019-01-17T21:13:53.690000Z,8.92
1050,20190117T211412Z,1J.TI8A.,"['CH1', 'CH2', 'CHZ']",2019-01-17T21:14:14.460000Z,1.92
1051,20190117T211505Z,1J.TI8A.,"['CH1', 'CH2', 'CHZ']",2019-01-17T21:15:05.800000Z,3.94
1052,20190117T211609Z,1J.TI8A.,"['CH1', 'CH2', 'CHZ']",2019-01-17T21:16:09.750000Z,2.72
1053,20190117T211657Z,1J.TI8A.,"['CH1', 'CH2', 'CHZ']",2019-01-17T21:16:57.250000Z,1.4
1054,20190117T211821Z,1J.TI8A.,"['CH1', 'CH2', 'CHZ']",2019-01-17T21:18:21.250000Z,10.58
1055,20190117T211857Z,1J.TI8A.,"['CH1', 'CH2', 'CHZ']",2019-01-17T21:18:57.260000Z,1.27
1056,20190117T212037Z,1J.TI8A.,"['CH1', 'CH2', 'CHZ']",2019-01-17T21:20:37.910000Z,26.11
1057,20190117T212247Z,1J.TI8A.,"['CH1', 'CH2', 'CHZ']",2019-01-17T21:22:47.950000Z,3.1
1058,20190117T212345Z,1J.TI8A.,"['CH1', 'CH2', 'CHZ']",2019-01-17T21:23:59.700000Z,29.27
1059,20190117T212640Z,1J.TI8A.,"['CH1', 'CH2', 'CHZ']",2019-01-17T21:26:40.590000Z,1.33
1060,20190117T212740Z,1J.TI8A.,"['CH1', 'CH2', 'CHZ']",2019-01-17T21:27:40.220000Z,27.67
1061,20190117T212820Z,1J.TI8A.,"['CH1', 'CH2', 'CHZ']",2019-01-17T21:28:20.180000Z,23.34
1062,20190117T213040Z,1J.TI8A.,"['CH1', 'CH2', 'CHZ']",2019-01-17T21:30:40.560000Z,1.62
1063,20190117T213102Z,1J.TI8A.,"['CH1', 'CH2', 'CHZ']",2019-01-17T21:31:02.650000Z,26.66
1064,20190117T213206Z,1J.TI8A.,"['CH1', 'CH2', 'CHZ']",2019-01-17T21:32:06.330000Z,22.04
1065,20190117T213317Z,1J.TI8A.,"['CH1', 'CH2', 'CHZ']",2019-01-17T21:33:17.680000Z,9.4
1066,20190117T213350Z,1J.TI8A.,"['CH1', 'CH2', 'CHZ']",2019-01-17T21:33:50.430000Z,1.2
1067,20190117T213401Z,1J.TI8A.,"['CH1', 'CH2', 'CHZ']",2019-01-17T21:34:01.740000Z,28.65
1068,20190117T213437Z,1J.TI8A.,"['CH1', 'CH2', 'CHZ']",2019-01-17T21:34:44.610000Z,34.07
1069,20190117T213540Z,1J.TI8A.,"['CH1', 'CH2', 'CHZ']",2019-01-17T21:35:40.360000Z,11.78
1070,20190117T213917Z,1J.TI8A.,"['CH1', 'CH2', 'CHZ']",2019-01-17T21:39:18.060000Z,0.75
1071,20190117T213928Z,1J.TI8A.,"['CH1', 'CH2', 'CHZ']",2019-01-17T21:39:28.490000Z,3.78
1072,20190117T214035Z,1J.TI8A.,"['CH1', 'CH2', 'CHZ']",2019-01-17T21:40:35.480000Z,0.85
1073,20190117T214130Z,1J.TI8A.,"['CH1', 'CH2', 'CHZ']",2019-01-17T21:41:30.200000Z,13.22
1074,20190117T214337Z,1J.TI8A.,"['CH1', 'CH2', 'CHZ']",2019-01-17T21:43:37.930000Z,6.68
1075,20190117T214423Z,1J.TI8A.,"['CH1', 'CH2', 'CHZ']",2019-01-17T21:44:23.690000Z,12.22
1076,20190117T214513Z,1J.TI8A.,"['CH1', 'CH2', 'CHZ']",2019-01-17T21:45:13.410000Z,83.07
1077,20190117T214857Z,1J.TI8A.,"['CH1', 'CH2', 'CHZ']",2019-01-17T21:48:57.760000Z,0.76
1078,20190117T214923Z,1J.TI8A.,"['CH1', 'CH2', 'CHZ']",2019-01-17T21:49:23.260000Z,0.88
1079,20190117T214953Z,1J.TI8A.,"['CH1', 'CH2', 'CHZ']",2019-01-17T21:49:53.210000Z,27.22
1080,20190117T215142Z,1J.TI8A.,"['CH1', 'CH2', 'CHZ']",2019-01-17T21:52:15.790000Z,17.83
1081,20190117T215414Z,1J.TI8A.,"['CH1', 'CH2', 'CHZ']",2019-01-17T21:54:14.010000Z,1.59
1082,20190117T215429Z,1J.TI8A.,"['CH1', 'CH2', 'CHZ']",2019-01-17T21:54:29.380000Z,3.71
1083,20190117T220310Z,1J.TI8A.,"['CH1', 'CH2', 'CHZ']",2019-01-17T22:03:10.000000Z,2.43
1084,20190117T220346Z,1J.TI8A.,"['CH1', 'CH2', 'CHZ']",2019-01-17T22:03:46.750000Z,28.92
1085,20190117T220448Z,1J.TI8A.,"['CH1', 'CH2', 'CHZ']",2019-01-17T22:04:48.000000Z,0.97
1086,20190117T220449Z,1J.TI8A.,"['CH1', 'CH2', 'CHZ']",2019-01-17T22:04:58.610000Z,17.63
1087,20190117T220627Z,1J.TI8A.,"['CH1', 'CH2', 'CHZ']",2019-01-17T22:06:37.200000Z,10.48
1088,20190117T221019Z,1J.TI8A.,"['CH1', 'CH2', 'CHZ']",2019-01-17T22:10:19.070000Z,2.01
1089,20190117T221135Z,1J.TI8A.,"['CH1', 'CH2', 'CHZ']",2019-01-17T22:12:03.390000Z,55.8
1090,20190117T221628Z,1J.TI8A.,"['CH1', 'CH2', 'CHZ']",2019-01-17T22:16:28.680000Z,41.27
1091,20190117T221827Z,1J.TI8A.,"['CH1', 'CH2', 'CHZ']",2019-01-17T22:18:27.910000Z,13.23
1092,20190117T222028Z,1J.TI8A.,"['CH1', 'CH2', 'CHZ']",2019-01-17T22:20:28.570000Z,2.06
1093,20190117T222458Z,1J.TI8A.,"['CH1', 'CH2', 'CHZ']",2019-01-17T22:24:58.970000Z,36.57
1094,20190117T222608Z,1J.TI8A.,"['CH1', 'CH2', 'CHZ']",2019-01-17T22:26:08.080000Z,6.46
1095,20190117T222737Z,1J.TI8A.,"['CH1', 'CH2', 'CHZ']",2019-01-17T22:27:37.340000Z,43.05
1096,20190117T222952Z,1J.TI8A.,"['CH1', 'CH2', 'CHZ']",2019-01-17T22:29:52.380000Z,19.28
1097,20190117T223716Z,1J.TI8A.,"['CH1', 'CH2', 'CHZ']",2019-01-17T22:37:21.040000Z,5.83
1098,20190117T224437Z,1J.TI8A.,"['CH1', 'CH2', 'CHZ']",2019-01-17T22:44:37.930000Z,1.11
1099,20190117T230054Z,1J.TI8A.,"['CH1', 'CH2', 'CHZ']",2019-01-17T23:00:59.870000Z,6.09
1100,20190117T230847Z,1J.TI8A.,"['CH1', 'CH2', 'CHZ']",2019-01-17T23:09:03.650000Z,13.63
1101,20190117T231132Z,1J.TI8A.,"['CH1', 'CH2', 'CHZ']",2019-01-17T23:11:32.700000Z,2.37
1102,20190117T231359Z,1J.TI8A.,"['CH1', 'CH2', 'CHZ']",2019-01-17T23:14:01.490000Z,22.51
1103,20190117T231855Z,1J.TI8A.,"['CH1', 'CH2', 'CHZ']",2019-01-17T23:18:55.070000Z,16.15
1104,20190117T232853Z,1J.TI8A.,"['CH1', 'CH2', 'CHZ']",2019-01-17T23:28:55.800000Z,11.38
1105,20190117T233659Z,1J.TI8A.,"['CH1', 'CH2', 'CHZ']",2019-01-17T23:36:59.140000Z,4.32
1106,20190117T234602Z,1J.TI8A.,"['CH1', 'CH2', 'CHZ']",2019-01-17T23:46:02.960000Z,51.95
1107,20190117T234846Z,1J.TI8A.,"['CH1', 'CH2', 'CHZ']",2019-01-17T23:48:51.770000Z,6.64
1108,20190117T234954Z,1J.TI8A.,"['CH1', 'CH2', 'CHZ']",2019-01-17T23:49:57.570000Z,25.17
1109,20190117T235930Z,1J.TI8A.,"['CH1', 'CH2', 'CHZ']",2019-01-17T23:59:44.280000Z,7.86
1110,20190117T001655Z,1J.TI6A.,"['CH1', 'CH2', 'CHZ']",2019-01-17T00:16:59.510000Z,2.08
1111,20190117T002525Z,1J.TI6A.,"['CH1', 'CH2', 'CHZ']",2019-01-17T00:25:25.750000Z,19.66
1112,20190117T005336Z,1J.TI6A.,"['CH1', 'CH2', 'CHZ']",2019-01-17T00:53:36.710000Z,1.92
1113,20190117T005608Z,1J.TI6A.,"['CH1', 'CH2', 'CHZ']",2019-01-17T00:56:12.700000Z,3.84
1114,20190117T005927Z,1J.TI6A.,"['CH1', 'CH2', 'CHZ']",2019-01-17T00:59:31.700000Z,1.3
1115,20190117T011648Z,1J.TI6A.,"['CH1', 'CH2', 'CHZ']",2019-01-17T01:16:53.290000Z,2.71
1116,20190117T012202Z,1J.TI6A.,"['CH1', 'CH2', 'CHZ']",2019-01-17T01:22:05.300000Z,9.19
1117,20190117T012447Z,1J.TI6A.,"['CH1', 'CH2', 'CHZ']",2019-01-17T01:24:52.310000Z,6.17
1118,20190117T012708Z,1J.TI6A.,"['CH1', 'CH2', 'CHZ']",2019-01-17T01:27:08.500000Z,21.81
1119,20190117T013122Z,1J.TI6A.,"['CH1', 'CH2', 'CHZ']",2019-01-17T01:31:22.420000Z,1.62
1120,20190117T013438Z,1J.TI6A.,"['CH1', 'CH2', 'CHZ']",2019-01-17T01:34:43.220000Z,4.24
1121,20190117T013541Z,1J.TI6A.,"['CH1', 'CH2', 'CHZ']",2019-01-17T01:35:41.950000Z,18.33
1122,20190117T013649Z,1J.TI6A.,"['CH1', 'CH2', 'CHZ']",2019-01-17T01:36:49.270000Z,1.62
1123,20190117T014300Z,1J.TI6A.,"['CH1', 'CH2', 'CHZ']",2019-01-17T01:43:00.540000Z,1.97
1124,20190117T014327Z,1J.TI6A.,"['CH1', 'CH2', 'CHZ']",2019-01-17T01:43:27.800000Z,2.52
1125,20190117T014445Z,1J.TI6A.,"['CH1', 'CH2', 'CHZ']",2019-01-17T01:44:50.150000Z,3.87
1126,20190117T015447Z,1J.TI6A.,"['CH1', 'CH2', 'CHZ']",2019-01-17T01:54:48.670000Z,51.26
1127,20190117T020319Z,1J.TI6A.,"['CH1', 'CH2', 'CHZ']",2019-01-17T02:03:19.870000Z,1.32
1128,20190117T020435Z,1J.TI6A.,"['CH1', 'CH2', 'CHZ']",2019-01-17T02:04:39.070000Z,7.52
1129,20190117T021201Z,1J.TI6A.,"['CH1', 'CH2', 'CHZ']",2019-01-17T02:12:01.220000Z,1.32
1130,20190117T021300Z,1J.TI6A.,"['CH1', 'CH2', 'CHZ']",2019-01-17T02:13:09.670000Z,0.9
1131,20190117T021514Z,1J.TI6A.,"['CH1', 'CH2', 'CHZ']",2019-01-17T02:15:14.680000Z,7.06
1132,20190117T021746Z,1J.TI6A.,"['CH1', 'CH2', 'CHZ']",2019-01-17T02:17:47.460000Z,10.73
1133,20190117T021945Z,1J.TI6A.,"['CH1', 'CH2', 'CHZ']",2019-01-17T02:19:45.960000Z,1.46
1134,20190117T022206Z,1J.TI6A.,"['CH1', 'CH2', 'CHZ']",2019-01-17T02:22:37.470000Z,18.36
1135,20190117T022427Z,1J.TI6A.,"['CH1', 'CH2', 'CHZ']",2019-01-17T02:24:27.190000Z,1.94
1136,20190117T022458Z,1J.TI6A.,"['CH1', 'CH2', 'CHZ']",2019-01-17T02:25:03.290000Z,2.66
1137,20190117T023009Z,1J.TI6A.,"['CH1', 'CH2', 'CHZ']",2019-01-17T02:30:12.570000Z,49.21
1138,20190117T023229Z,1J.TI6A.,"['CH1', 'CH2', 'CHZ']",2019-01-17T02:32:31.220000Z,5.83
1139,20190117T023421Z,1J.TI6A.,"['CH1', 'CH2', 'CHZ']",2019-01-17T02:34:33.910000Z,2.54
1140,20190117T023453Z,1J.TI6A.,"['CH1', 'CH2', 'CHZ']",2019-01-17T02:34:56.630000Z,8.46
1141,20190117T023600Z,1J.TI6A.,"['CH1', 'CH2', 'CHZ']",2019-01-17T02:36:00.060000Z,5.67
1142,20190117T023717Z,1J.TI6A.,"['CH1', 'CH2', 'CHZ']",2019-01-17T02:37:22.420000Z,2.05
1143,20190117T024138Z,1J.TI6A.,"['CH1', 'CH2', 'CHZ']",2019-01-17T02:41:38.410000Z,2.39
1144,20190117T024234Z,1J.TI6A.,"['CH1', 'CH2', 'CHZ']",2019-01-17T02:42:34.680000Z,4.13
1145,20190117T024344Z,1J.TI6A.,"['CH1', 'CH2', 'CHZ']",2019-01-17T02:43:45.380000Z,31.01
1146,20190117T024653Z,1J.TI6A.,"['CH1', 'CH2', 'CHZ']",2019-01-17T02:46:57.510000Z,5.34
1147,20190117T024803Z,1J.TI6A.,"['CH1', 'CH2', 'CHZ']",2019-01-17T02:48:07.050000Z,2.97
1148,20190117T024825Z,1J.TI6A.,"['CH1', 'CH2', 'CHZ']",2019-01-17T02:48:25.640000Z,1.88
1149,20190117T024900Z,1J.TI6A.,"['CH1', 'CH2', 'CHZ']",2019-01-17T02:49:02.180000Z,9.22
1150,20190117T024940Z,1J.TI6A.,"['CH1', 'CH2', 'CHZ']",2019-01-17T02:49:40.020000Z,2.16
1151,20190117T025518Z,1J.TI6A.,"['CH1', 'CH2', 'CHZ']",2019-01-17T02:55:18.780000Z,2.55
1152,20190117T025733Z,1J.TI6A.,"['CH1', 'CH2', 'CHZ']",2019-01-17T02:57:33.060000Z,2.84
1153,20190117T025959Z,1J.TI6A.,"['CH1', 'CH2', 'CHZ']",2019-01-17T02:59:59.150000Z,0.65
1154,20190117T030051Z,1J.TI6A.,"['CH1', 'CH2', 'CHZ']",2019-01-17T03:00:55.320000Z,5.54
1155,20190117T030420Z,1J.TI6A.,"['CH1', 'CH2', 'CHZ']",2019-01-17T03:04:43.590000Z,6.62
1156,20190117T030606Z,1J.TI6A.,"['CH1', 'CH2', 'CHZ']",2019-01-17T03:06:06.110000Z,1.53
1157,20190117T030640Z,1J.TI6A.,"['CH1', 'CH2', 'CHZ']",2019-01-17T03:06:40.500000Z,2.04
1158,20190117T030939Z,1J.TI6A.,"['CH1', 'CH2', 'CHZ']",2019-01-17T03:09:39.810000Z,10.34
1159,20190117T031121Z,1J.TI6A.,"['CH1', 'CH2', 'CHZ']",2019-01-17T03:11:21.140000Z,0.65
1160,20190117T031150Z,1J.TI6A.,"['CH1', 'CH2', 'CHZ']",2019-01-17T03:11:50.310000Z,3.13
1161,20190117T031317Z,1J.TI6A.,"['CH1', 'CH2', 'CHZ']",2019-01-17T03:13:17.130000Z,4.36
1162,20190117T031520Z,1J.TI6A.,"['CH1', 'CH2', 'CHZ']",2019-01-17T03:15:36.680000Z,26.76
1163,20190117T031821Z,1J.TI6A.,"['CH1', 'CH2', 'CHZ']",2019-01-17T03:18:25.750000Z,7.9
1164,20190117T032004Z,1J.TI6A.,"['CH1', 'CH2', 'CHZ']",2019-01-17T03:20:08.530000Z,3.54
1165,20190117T032028Z,1J.TI6A.,"['CH1', 'CH2', 'CHZ']",2019-01-17T03:20:28.020000Z,1.87
1166,20190117T032125Z,1J.TI6A.,"['CH1', 'CH2', 'CHZ']",2019-01-17T03:21:32.610000Z,18.23
1167,20190117T032414Z,1J.TI6A.,"['CH1', 'CH2', 'CHZ']",2019-01-17T03:24:14.820000Z,2.05
1168,20190117T032809Z,1J.TI6A.,"['CH1', 'CH2', 'CHZ']",2019-01-17T03:28:10.730000Z,7.52
1169,20190117T032934Z,1J.TI6A.,"['CH1', 'CH2', 'CHZ']",2019-01-17T03:29:42.850000Z,8.72
1170,20190117T033126Z,1J.TI6A.,"['CH1', 'CH2', 'CHZ']",2019-01-17T03:31:26.800000Z,5.09
1171,20190117T033329Z,1J.TI6A.,"['CH1', 'CH2', 'CHZ']",2019-01-17T03:33:37.020000Z,9.39
1172,20190117T033444Z,1J.TI6A.,"['CH1', 'CH2', 'CHZ']",2019-01-17T03:34:44.950000Z,0.98
1173,20190117T033454Z,1J.TI6A.,"['CH1', 'CH2', 'CHZ']",2019-01-17T03:34:54.000000Z,0.8
1174,20190117T033611Z,1J.TI6A.,"['CH1', 'CH2', 'CHZ']",2019-01-17T03:36:11.600000Z,0.76
1175,20190117T033622Z,1J.TI6A.,"['CH1', 'CH2', 'CHZ']",2019-01-17T03:36:22.780000Z,4.09
1176,20190117T033855Z,1J.TI6A.,"['CH1', 'CH2', 'CHZ']",2019-01-17T03:38:55.000000Z,1.03
1177,20190117T033918Z,1J.TI6A.,"['CH1', 'CH2', 'CHZ']",2019-01-17T03:39:28.040000Z,1.73
1178,20190117T033942Z,1J.TI6A.,"['CH1', 'CH2', 'CHZ']",2019-01-17T03:39:44.740000Z,53.9
1179,20190117T034146Z,1J.TI6A.,"['CH1', 'CH2', 'CHZ']",2019-01-17T03:41:47.610000Z,5.88
1180,20190117T034215Z,1J.TI6A.,"['CH1', 'CH2', 'CHZ']",2019-01-17T03:42:17.150000Z,19.07
1181,20190117T034534Z,1J.TI6A.,"['CH1', 'CH2', 'CHZ']",2019-01-17T03:45:35.770000Z,8.54
1182,20190117T034559Z,1J.TI6A.,"['CH1', 'CH2', 'CHZ']",2019-01-17T03:46:01.540000Z,14.43
1183,20190117T034731Z,1J.TI6A.,"['CH1', 'CH2', 'CHZ']",2019-01-17T03:47:31.310000Z,1.66
1184,20190117T034934Z,1J.TI6A.,"['CH1', 'CH2', 'CHZ']",2019-01-17T03:49:37.060000Z,1.74
1185,20190117T034948Z,1J.TI6A.,"['CH1', 'CH2', 'CHZ']",2019-01-17T03:49:48.690000Z,4.91
1186,20190117T035055Z,1J.TI6A.,"['CH1', 'CH2', 'CHZ']",2019-01-17T03:50:55.620000Z,0.77
1187,20190117T035303Z,1J.TI6A.,"['CH1', 'CH2', 'CHZ']",2019-01-17T03:53:03.270000Z,1.7
1188,20190117T035331Z,1J.TI6A.,"['CH1', 'CH2', 'CHZ']",2019-01-17T03:53:35.300000Z,10.95
1189,20190117T035516Z,1J.TI6A.,"['CH1', 'CH2', 'CHZ']",2019-01-17T03:55:16.750000Z,0.96
1190,20190117T035547Z,1J.TI6A.,"['CH1', 'CH2', 'CHZ']",2019-01-17T03:55:47.460000Z,3.35
1191,20190117T035806Z,1J.TI6A.,"['CH1', 'CH2', 'CHZ']",2019-01-17T03:58:06.020000Z,1.6
1192,20190117T035821Z,1J.TI6A.,"['CH1', 'CH2', 'CHZ']",2019-01-17T03:58:26.990000Z,10.94
1193,20190117T035924Z,1J.TI6A.,"['CH1', 'CH2', 'CHZ']",2019-01-17T03:59:24.520000Z,5.78
1194,20190117T040046Z,1J.TI6A.,"['CH1', 'CH2', 'CHZ']",2019-01-17T04:00:46.530000Z,1.22
1195,20190117T040115Z,1J.TI6A.,"['CH1', 'CH2', 'CHZ']",2019-01-17T04:01:15.380000Z,3.38
1196,20190117T040219Z,1J.TI6A.,"['CH1', 'CH2', 'CHZ']",2019-01-17T04:02:19.710000Z,2.49
1197,20190117T040259Z,1J.TI6A.,"['CH1', 'CH2', 'CHZ']",2019-01-17T04:02:59.030000Z,0.67
1198,20190117T040309Z,1J.TI6A.,"['CH1', 'CH2', 'CHZ']",2019-01-17T04:03:09.400000Z,0.67
1199,20190117T040357Z,1J.TI6A.,"['CH1', 'CH2', 'CHZ']",2019-01-17T04:03:57.640000Z,0.92
1200,20190117T040526Z,1J.TI6A.,"['CH1', 'CH2', 'CHZ']",2019-01-17T04:05:35.030000Z,0.71
1201,20190117T040555Z,1J.TI6A.,"['CH1', 'CH2', 'CHZ']",2019-01-17T04:05:55.100000Z,0.73
1202,20190117T040608Z,1J.TI6A.,"['CH1', 'CH2', 'CHZ']",2019-01-17T04:06:08.440000Z,4.78
1203,20190117T040625Z,1J.TI6A.,"['CH1', 'CH2', 'CHZ']",2019-01-17T04:06:26.160000Z,14.28
1204,20190117T040715Z,1J.TI6A.,"['CH1', 'CH2', 'CHZ']",2019-01-17T04:07:15.330000Z,3.39
1205,20190117T040931Z,1J.TI6A.,"['CH1', 'CH2', 'CHZ']",2019-01-17T04:09:32.820000Z,15.2
1206,20190117T041017Z,1J.TI6A.,"['CH1', 'CH2', 'CHZ']",2019-01-17T04:10:17.750000Z,0.81
1207,20190117T041129Z,1J.TI6A.,"['CH1', 'CH2', 'CHZ']",2019-01-17T04:11:33.920000Z,2.7
1208,20190117T041237Z,1J.TI6A.,"['CH1', 'CH2', 'CHZ']",2019-01-17T04:12:37.130000Z,2.13
1209,20190117T041435Z,1J.TI6A.,"['CH1', 'CH2', 'CHZ']",2019-01-17T04:14:36.330000Z,49.63
1210,20190117T041905Z,1J.TI6A.,"['CH1', 'CH2', 'CHZ']",2019-01-17T04:19:07.940000Z,12.73
1211,20190117T042340Z,1J.TI6A.,"['CH1', 'CH2', 'CHZ']",2019-01-17T04:23:40.960000Z,7.86
1212,20190117T042516Z,1J.TI6A.,"['CH1', 'CH2', 'CHZ']",2019-01-17T04:25:19.310000Z,23.05
1213,20190117T042619Z,1J.TI6A.,"['CH1', 'CH2', 'CHZ']",2019-01-17T04:26:21.540000Z,16.82
1214,20190117T043410Z,1J.TI6A.,"['CH1', 'CH2', 'CHZ']",2019-01-17T04:34:12.080000Z,25.74
1215,20190117T044000Z,1J.TI6A.,"['CH1', 'CH2', 'CHZ']",2019-01-17T04:40:00.710000Z,1.58
1216,20190117T044126Z,1J.TI6A.,"['CH1', 'CH2', 'CHZ']",2019-01-17T04:41:26.130000Z,2.98
1217,20190117T044230Z,1J.TI6A.,"['CH1', 'CH2', 'CHZ']",2019-01-17T04:42:32.340000Z,12.08
1218,20190117T044310Z,1J.TI6A.,"['CH1', 'CH2', 'CHZ']",2019-01-17T04:43:13.770000Z,1.05
1219,20190117T044436Z,1J.TI6A.,"['CH1', 'CH2', 'CHZ']",2019-01-17T04:44:38.300000Z,5.48
1220,20190117T044614Z,1J.TI6A.,"['CH1', 'CH2', 'CHZ']",2019-01-17T04:46:24.750000Z,2.08
1221,20190117T044758Z,1J.TI6A.,"['CH1', 'CH2', 'CHZ']",2019-01-17T04:47:59.040000Z,2.91
1222,20190117T044902Z,1J.TI6A.,"['CH1', 'CH2', 'CHZ']",2019-01-17T04:49:06.940000Z,1.42
1223,20190117T044947Z,1J.TI6A.,"['CH1', 'CH2', 'CHZ']",2019-01-17T04:49:47.060000Z,1.81
1224,20190117T045145Z,1J.TI6A.,"['CH1', 'CH2', 'CHZ']",2019-01-17T04:51:45.450000Z,5.5
1225,20190117T045225Z,1J.TI6A.,"['CH1', 'CH2', 'CHZ']",2019-01-17T04:52:25.280000Z,3.07
1226,20190117T045247Z,1J.TI6A.,"['CH1', 'CH2', 'CHZ']",2019-01-17T04:52:50.760000Z,5.76
1227,20190117T045423Z,1J.TI6A.,"['CH1', 'CH2', 'CHZ']",2019-01-17T04:54:26.120000Z,2.64
1228,20190117T045552Z,1J.TI6A.,"['CH1', 'CH2', 'CHZ']",2019-01-17T04:55:53.140000Z,9.19
1229,20190117T045640Z,1J.TI6A.,"['CH1', 'CH2', 'CHZ']",2019-01-17T04:56:40.080000Z,2.02
1230,20190117T050006Z,1J.TI6A.,"['CH1', 'CH2', 'CHZ']",2019-01-17T05:00:06.430000Z,2.32
1231,20190117T050121Z,1J.TI6A.,"['CH1', 'CH2', 'CHZ']",2019-01-17T05:01:21.870000Z,18.52
1232,20190117T050154Z,1J.TI6A.,"['CH1', 'CH2', 'CHZ']",2019-01-17T05:01:55.010000Z,17.85
1233,20190117T050242Z,1J.TI6A.,"['CH1', 'CH2', 'CHZ']",2019-01-17T05:02:44.730000Z,4.02
1234,20190117T050504Z,1J.TI6A.,"['CH1', 'CH2', 'CHZ']",2019-01-17T05:05:04.130000Z,1.13
1235,20190117T050836Z,1J.TI6A.,"['CH1', 'CH2', 'CHZ']",2019-01-17T05:08:36.220000Z,2.32
1236,20190117T051004Z,1J.TI6A.,"['CH1', 'CH2', 'CHZ']",2019-01-17T05:10:04.350000Z,4.93
1237,20190117T051031Z,1J.TI6A.,"['CH1', 'CH2', 'CHZ']",2019-01-17T05:10:37.540000Z,3.29
1238,20190117T051205Z,1J.TI6A.,"['CH1', 'CH2', 'CHZ']",2019-01-17T05:12:05.170000Z,2.24
1239,20190117T051221Z,1J.TI6A.,"['CH1', 'CH2', 'CHZ']",2019-01-17T05:12:21.500000Z,1.7
1240,20190117T051712Z,1J.TI6A.,"['CH1', 'CH2', 'CHZ']",2019-01-17T05:17:12.070000Z,3.58
1241,20190117T051916Z,1J.TI6A.,"['CH1', 'CH2', 'CHZ']",2019-01-17T05:19:17.590000Z,18.12
1242,20190117T052002Z,1J.TI6A.,"['CH1', 'CH2', 'CHZ']",2019-01-17T05:20:02.170000Z,0.92
1243,20190117T052147Z,1J.TI6A.,"['CH1', 'CH2', 'CHZ']",2019-01-17T05:21:51.750000Z,1.98
1244,20190117T052404Z,1J.TI6A.,"['CH1', 'CH2', 'CHZ']",2019-01-17T05:24:04.480000Z,2.34
1245,20190117T052518Z,1J.TI6A.,"['CH1', 'CH2', 'CHZ']",2019-01-17T05:25:18.110000Z,5.49
1246,20190117T052800Z,1J.TI6A.,"['CH1', 'CH2', 'CHZ']",2019-01-17T05:28:00.540000Z,2.67
1247,20190117T052900Z,1J.TI6A.,"['CH1', 'CH2', 'CHZ']",2019-01-17T05:29:00.750000Z,15.36
1248,20190117T053150Z,1J.TI6A.,"['CH1', 'CH2', 'CHZ']",2019-01-17T05:31:54.990000Z,6.57
1249,20190117T053333Z,1J.TI6A.,"['CH1', 'CH2', 'CHZ']",2019-01-17T05:33:35.770000Z,45.43
1250,20190117T053513Z,1J.TI6A.,"['CH1', 'CH2', 'CHZ']",2019-01-17T05:35:13.320000Z,2.68
1251,20190117T053613Z,1J.TI6A.,"['CH1', 'CH2', 'CHZ']",2019-01-17T05:36:13.060000Z,0.88
1252,20190117T053852Z,1J.TI6A.,"['CH1', 'CH2', 'CHZ']",2019-01-17T05:38:52.890000Z,7.99
1253,20190117T054019Z,1J.TI6A.,"['CH1', 'CH2', 'CHZ']",2019-01-17T05:40:19.960000Z,0.76
1254,20190117T054054Z,1J.TI6A.,"['CH1', 'CH2', 'CHZ']",2019-01-17T05:40:56.280000Z,12.69
1255,20190117T054328Z,1J.TI6A.,"['CH1', 'CH2', 'CHZ']",2019-01-17T05:43:28.980000Z,54.84
1256,20190117T054636Z,1J.TI6A.,"['CH1', 'CH2', 'CHZ']",2019-01-17T05:46:36.490000Z,0.91
1257,20190117T054748Z,1J.TI6A.,"['CH1', 'CH2', 'CHZ']",2019-01-17T05:47:55.890000Z,6.22
1258,20190117T054830Z,1J.TI6A.,"['CH1', 'CH2', 'CHZ']",2019-01-17T05:48:30.320000Z,22.68
1259,20190117T055358Z,1J.TI6A.,"['CH1', 'CH2', 'CHZ']",2019-01-17T05:53:58.300000Z,0.96
1260,20190117T055427Z,1J.TI6A.,"['CH1', 'CH2', 'CHZ']",2019-01-17T05:54:27.470000Z,5.92
1261,20190117T055554Z,1J.TI6A.,"['CH1', 'CH2', 'CHZ']",2019-01-17T05:55:55.250000Z,9.98
1262,20190117T055851Z,1J.TI6A.,"['CH1', 'CH2', 'CHZ']",2019-01-17T05:58:52.440000Z,16.76
1263,20190117T055957Z,1J.TI6A.,"['CH1', 'CH2', 'CHZ']",2019-01-17T05:59:59.930000Z,4.79
1264,20190117T060155Z,1J.TI6A.,"['CH1', 'CH2', 'CHZ']",2019-01-17T06:02:26.870000Z,57.64
1265,20190117T060823Z,1J.TI6A.,"['CH1', 'CH2', 'CHZ']",2019-01-17T06:08:27.140000Z,6.16
1266,20190117T061122Z,1J.TI6A.,"['CH1', 'CH2', 'CHZ']",2019-01-17T06:11:36.580000Z,11.06
1267,20190117T061201Z,1J.TI6A.,"['CH1', 'CH2', 'CHZ']",2019-01-17T06:12:01.770000Z,16.43
1268,20190117T061826Z,1J.TI6A.,"['CH1', 'CH2', 'CHZ']",2019-01-17T06:18:32.890000Z,4.73
1269,20190117T062100Z,1J.TI6A.,"['CH1', 'CH2', 'CHZ']",2019-01-17T06:21:00.550000Z,4.8
1270,20190117T062252Z,1J.TI6A.,"['CH1', 'CH2', 'CHZ']",2019-01-17T06:22:55.120000Z,29.19
1271,20190117T062333Z,1J.TI6A.,"['CH1', 'CH2', 'CHZ']",2019-01-17T06:23:35.520000Z,18.97
1272,20190117T062519Z,1J.TI6A.,"['CH1', 'CH2', 'CHZ']",2019-01-17T06:25:24.930000Z,2.78
1273,20190117T062550Z,1J.TI6A.,"['CH1', 'CH2', 'CHZ']",2019-01-17T06:25:50.340000Z,0.87
1274,20190117T062909Z,1J.TI6A.,"['CH1', 'CH2', 'CHZ']",2019-01-17T06:29:09.640000Z,2.15
1275,20190117T063005Z,1J.TI6A.,"['CH1', 'CH2', 'CHZ']",2019-01-17T06:30:05.050000Z,5.44
1276,20190117T063038Z,1J.TI6A.,"['CH1', 'CH2', 'CHZ']",2019-01-17T06:30:40.820000Z,19.29
1277,20190117T063151Z,1J.TI6A.,"['CH1', 'CH2', 'CHZ']",2019-01-17T06:31:51.850000Z,0.76
1278,20190117T063214Z,1J.TI6A.,"['CH1', 'CH2', 'CHZ']",2019-01-17T06:32:14.070000Z,22.84
1279,20190117T063331Z,1J.TI6A.,"['CH1', 'CH2', 'CHZ']",2019-01-17T06:33:31.260000Z,5.53
1280,20190117T063417Z,1J.TI6A.,"['CH1', 'CH2', 'CHZ']",2019-01-17T06:34:17.740000Z,0.73
1281,20190117T063541Z,1J.TI6A.,"['CH1', 'CH2', 'CHZ']",2019-01-17T06:35:42.980000Z,9.84
1282,20190117T063723Z,1J.TI6A.,"['CH1', 'CH2', 'CHZ']",2019-01-17T06:37:24.110000Z,4.97
1283,20190117T063824Z,1J.TI6A.,"['CH1', 'CH2', 'CHZ']",2019-01-17T06:38:26.300000Z,7.65
1284,20190117T064130Z,1J.TI6A.,"['CH1', 'CH2', 'CHZ']",2019-01-17T06:41:31.650000Z,54.64
1285,20190117T064412Z,1J.TI6A.,"['CH1', 'CH2', 'CHZ']",2019-01-17T06:44:15.860000Z,3.29
1286,20190117T064538Z,1J.TI6A.,"['CH1', 'CH2', 'CHZ']",2019-01-17T06:45:38.910000Z,2.79
1287,20190117T064611Z,1J.TI6A.,"['CH1', 'CH2', 'CHZ']",2019-01-17T06:46:12.000000Z,6.42
1288,20190117T064801Z,1J.TI6A.,"['CH1', 'CH2', 'CHZ']",2019-01-17T06:48:01.720000Z,2.07
1289,20190117T064847Z,1J.TI6A.,"['CH1', 'CH2', 'CHZ']",2019-01-17T06:48:48.620000Z,10.05
1290,20190117T065012Z,1J.TI6A.,"['CH1', 'CH2', 'CHZ']",2019-01-17T06:50:12.610000Z,6.71
1291,20190117T065142Z,1J.TI6A.,"['CH1', 'CH2', 'CHZ']",2019-01-17T06:51:45.490000Z,21.64
1292,20190117T065244Z,1J.TI6A.,"['CH1', 'CH2', 'CHZ']",2019-01-17T06:52:44.070000Z,0.69
1293,20190117T065334Z,1J.TI6A.,"['CH1', 'CH2', 'CHZ']",2019-01-17T06:53:38.020000Z,17.7
1294,20190117T065433Z,1J.TI6A.,"['CH1', 'CH2', 'CHZ']",2019-01-17T06:54:33.330000Z,2.15
1295,20190117T065521Z,1J.TI6A.,"['CH1', 'CH2', 'CHZ']",2019-01-17T06:55:21.310000Z,7.94
1296,20190117T065616Z,1J.TI6A.,"['CH1', 'CH2', 'CHZ']",2019-01-17T06:56:16.860000Z,0.75
1297,20190117T065758Z,1J.TI6A.,"['CH1', 'CH2', 'CHZ']",2019-01-17T06:57:58.450000Z,3.12
1298,20190117T065856Z,1J.TI6A.,"['CH1', 'CH2', 'CHZ']",2019-01-17T06:58:56.680000Z,9.19
1299,20190117T065950Z,1J.TI6A.,"['CH1', 'CH2', 'CHZ']",2019-01-17T06:59:50.260000Z,7.49
1300,20190117T070131Z,1J.TI6A.,"['CH1', 'CH2', 'CHZ']",2019-01-17T07:01:31.150000Z,4.03
1301,20190117T070451Z,1J.TI6A.,"['CH1', 'CH2', 'CHZ']",2019-01-17T07:04:53.300000Z,5.61
1302,20190117T070804Z,1J.TI6A.,"['CH1', 'CH2', 'CHZ']",2019-01-17T07:08:04.800000Z,3.9
1303,20190117T070938Z,1J.TI6A.,"['CH1', 'CH2', 'CHZ']",2019-01-17T07:09:41.790000Z,26.28
1304,20190117T071038Z,1J.TI6A.,"['CH1', 'CH2', 'CHZ']",2019-01-17T07:10:38.460000Z,1.87
1305,20190117T071141Z,1J.TI6A.,"['CH1', 'CH2', 'CHZ']",2019-01-17T07:11:45.630000Z,6.66
1306,20190117T071232Z,1J.TI6A.,"['CH1', 'CH2', 'CHZ']",2019-01-17T07:12:32.430000Z,1.35
1307,20190117T071336Z,1J.TI6A.,"['CH1', 'CH2', 'CHZ']",2019-01-17T07:13:37.990000Z,33.61
1308,20190117T071447Z,1J.TI6A.,"['CH1', 'CH2', 'CHZ']",2019-01-17T07:14:47.580000Z,0.79
1309,20190117T071719Z,1J.TI6A.,"['CH1', 'CH2', 'CHZ']",2019-01-17T07:17:19.640000Z,3.18
1310,20190117T071853Z,1J.TI6A.,"['CH1', 'CH2', 'CHZ']",2019-01-17T07:18:53.190000Z,8.41
1311,20190117T072246Z,1J.TI6A.,"['CH1', 'CH2', 'CHZ']",2019-01-17T07:22:47.140000Z,22.42
1312,20190117T072317Z,1J.TI6A.,"['CH1', 'CH2', 'CHZ']",2019-01-17T07:23:19.600000Z,17.15
1313,20190117T072600Z,1J.TI6A.,"['CH1', 'CH2', 'CHZ']",2019-01-17T07:26:00.250000Z,4.61
1314,20190117T072834Z,1J.TI6A.,"['CH1', 'CH2', 'CHZ']",2019-01-17T07:28:34.470000Z,4.59
1315,20190117T072854Z,1J.TI6A.,"['CH1', 'CH2', 'CHZ']",2019-01-17T07:28:55.610000Z,13.24
1316,20190117T073139Z,1J.TI6A.,"['CH1', 'CH2', 'CHZ']",2019-01-17T07:31:39.920000Z,10.62
1317,20190117T073231Z,1J.TI6A.,"['CH1', 'CH2', 'CHZ']",2019-01-17T07:32:31.480000Z,2.08
1318,20190117T073401Z,1J.TI6A.,"['CH1', 'CH2', 'CHZ']",2019-01-17T07:34:01.090000Z,5.77
1319,20190117T073435Z,1J.TI6A.,"['CH1', 'CH2', 'CHZ']",2019-01-17T07:34:38.720000Z,12.73
1320,20190117T073523Z,1J.TI6A.,"['CH1', 'CH2', 'CHZ']",2019-01-17T07:35:23.400000Z,0.76
1321,20190117T073704Z,1J.TI6A.,"['CH1', 'CH2', 'CHZ']",2019-01-17T07:37:06.840000Z,10.22
1322,20190117T073945Z,1J.TI6A.,"['CH1', 'CH2', 'CHZ']",2019-01-17T07:39:45.730000Z,16.94
1323,20190117T074030Z,1J.TI6A.,"['CH1', 'CH2', 'CHZ']",2019-01-17T07:40:31.560000Z,5.72
1324,20190117T074340Z,1J.TI6A.,"['CH1', 'CH2', 'CHZ']",2019-01-17T07:43:40.770000Z,8.67
1325,20190117T074431Z,1J.TI6A.,"['CH1', 'CH2', 'CHZ']",2019-01-17T07:44:31.350000Z,11.24
1326,20190117T074806Z,1J.TI6A.,"['CH1', 'CH2', 'CHZ']",2019-01-17T07:48:06.370000Z,0.8
1327,20190117T074825Z,1J.TI6A.,"['CH1', 'CH2', 'CHZ']",2019-01-17T07:48:25.610000Z,3.15
1328,20190117T074946Z,1J.TI6A.,"['CH1', 'CH2', 'CHZ']",2019-01-17T07:50:02.190000Z,13.27
1329,20190117T075125Z,1J.TI6A.,"['CH1', 'CH2', 'CHZ']",2019-01-17T07:51:25.920000Z,9.14
1330,20190117T075252Z,1J.TI6A.,"['CH1', 'CH2', 'CHZ']",2019-01-17T07:52:54.270000Z,56.53
1331,20190117T075506Z,1J.TI6A.,"['CH1', 'CH2', 'CHZ']",2019-01-17T07:55:06.600000Z,2.22
1332,20190117T075648Z,1J.TI6A.,"['CH1', 'CH2', 'CHZ']",2019-01-17T07:56:53.810000Z,5.41
1333,20190117T075827Z,1J.TI6A.,"['CH1', 'CH2', 'CHZ']",2019-01-17T07:58:27.730000Z,2.73
1334,20190117T075853Z,1J.TI6A.,"['CH1', 'CH2', 'CHZ']",2019-01-17T07:58:53.720000Z,10.9
1335,20190117T080003Z,1J.TI6A.,"['CH1', 'CH2', 'CHZ']",2019-01-17T08:00:03.410000Z,6.23
1336,20190117T080054Z,1J.TI6A.,"['CH1', 'CH2', 'CHZ']",2019-01-17T08:00:55.790000Z,16.41
1337,20190117T080135Z,1J.TI6A.,"['CH1', 'CH2', 'CHZ']",2019-01-17T08:01:35.190000Z,0.83
1338,20190117T080408Z,1J.TI6A.,"['CH1', 'CH2', 'CHZ']",2019-01-17T08:04:13.110000Z,2.33
1339,20190117T080806Z,1J.TI6A.,"['CH1', 'CH2', 'CHZ']",2019-01-17T08:08:06.950000Z,1.76
1340,20190117T080911Z,1J.TI6A.,"['CH1', 'CH2', 'CHZ']",2019-01-17T08:09:12.040000Z,11.54
1341,20190117T080929Z,1J.TI6A.,"['CH1', 'CH2', 'CHZ']",2019-01-17T08:09:29.840000Z,5.91
1342,20190117T081007Z,1J.TI6A.,"['CH1', 'CH2', 'CHZ']",2019-01-17T08:10:11.710000Z,1.9
1343,20190117T081044Z,1J.TI6A.,"['CH1', 'CH2', 'CHZ']",2019-01-17T08:10:44.930000Z,15.9
1344,20190117T081143Z,1J.TI6A.,"['CH1', 'CH2', 'CHZ']",2019-01-17T08:11:43.600000Z,2.04
1345,20190117T081313Z,1J.TI6A.,"['CH1', 'CH2', 'CHZ']",2019-01-17T08:13:13.320000Z,7.34
1346,20190117T081516Z,1J.TI6A.,"['CH1', 'CH2', 'CHZ']",2019-01-17T08:15:27.850000Z,2.8
1347,20190117T081730Z,1J.TI6A.,"['CH1', 'CH2', 'CHZ']",2019-01-17T08:17:30.550000Z,6.83
1348,20190117T081803Z,1J.TI6A.,"['CH1', 'CH2', 'CHZ']",2019-01-17T08:18:06.770000Z,13.4
1349,20190117T081839Z,1J.TI6A.,"['CH1', 'CH2', 'CHZ']",2019-01-17T08:18:39.850000Z,11.56
1350,20190117T082059Z,1J.TI6A.,"['CH1', 'CH2', 'CHZ']",2019-01-17T08:21:41.540000Z,28.26
1351,20190117T082553Z,1J.TI6A.,"['CH1', 'CH2', 'CHZ']",2019-01-17T08:25:55.610000Z,5.03
1352,20190117T082609Z,1J.TI6A.,"['CH1', 'CH2', 'CHZ']",2019-01-17T08:26:09.380000Z,2.86
1353,20190117T082832Z,1J.TI6A.,"['CH1', 'CH2', 'CHZ']",2019-01-17T08:28:32.910000Z,8.43
1354,20190117T082915Z,1J.TI6A.,"['CH1', 'CH2', 'CHZ']",2019-01-17T08:29:15.060000Z,2.45
1355,20190117T082951Z,1J.TI6A.,"['CH1', 'CH2', 'CHZ']",2019-01-17T08:29:54.600000Z,16.06
1356,20190117T083148Z,1J.TI6A.,"['CH1', 'CH2', 'CHZ']",2019-01-17T08:31:49.070000Z,6.17
1357,20190117T083245Z,1J.TI6A.,"['CH1', 'CH2', 'CHZ']",2019-01-17T08:32:45.320000Z,2.7
1358,20190117T083610Z,1J.TI6A.,"['CH1', 'CH2', 'CHZ']",2019-01-17T08:36:10.340000Z,4.38
1359,20190117T083923Z,1J.TI6A.,"['CH1', 'CH2', 'CHZ']",2019-01-17T08:39:23.540000Z,14.61
1360,20190117T083957Z,1J.TI6A.,"['CH1', 'CH2', 'CHZ']",2019-01-17T08:39:59.260000Z,25.87
1361,20190117T084233Z,1J.TI6A.,"['CH1', 'CH2', 'CHZ']",2019-01-17T08:42:33.320000Z,3.43
1362,20190117T084335Z,1J.TI6A.,"['CH1', 'CH2', 'CHZ']",2019-01-17T08:43:37.060000Z,51.42
1363,20190117T084546Z,1J.TI6A.,"['CH1', 'CH2', 'CHZ']",2019-01-17T08:45:46.610000Z,3.99
1364,20190117T084717Z,1J.TI6A.,"['CH1', 'CH2', 'CHZ']",2019-01-17T08:47:17.530000Z,9.62
1365,20190117T084842Z,1J.TI6A.,"['CH1', 'CH2', 'CHZ']",2019-01-17T08:48:42.050000Z,3.23
1366,20190117T084905Z,1J.TI6A.,"['CH1', 'CH2', 'CHZ']",2019-01-17T08:49:14.630000Z,5.07
1367,20190117T084952Z,1J.TI6A.,"['CH1', 'CH2', 'CHZ']",2019-01-17T08:49:52.640000Z,9.57
1368,20190117T085049Z,1J.TI6A.,"['CH1', 'CH2', 'CHZ']",2019-01-17T08:50:49.510000Z,0.91
1369,20190117T085115Z,1J.TI6A.,"['CH1', 'CH2', 'CHZ']",2019-01-17T08:51:16.910000Z,23.46
1370,20190117T085220Z,1J.TI6A.,"['CH1', 'CH2', 'CHZ']",2019-01-17T08:52:20.520000Z,15.96
1371,20190117T085451Z,1J.TI6A.,"['CH1', 'CH2', 'CHZ']",2019-01-17T08:54:51.430000Z,8.75
1372,20190117T085615Z,1J.TI6A.,"['CH1', 'CH2', 'CHZ']",2019-01-17T08:56:17.170000Z,10.92
1373,20190117T085754Z,1J.TI6A.,"['CH1', 'CH2', 'CHZ']",2019-01-17T08:57:54.300000Z,3.37
1374,20190117T085859Z,1J.TI6A.,"['CH1', 'CH2', 'CHZ']",2019-01-17T08:58:59.130000Z,0.65
1375,20190117T085908Z,1J.TI6A.,"['CH1', 'CH2', 'CHZ']",2019-01-17T08:59:08.480000Z,7.82
1376,20190117T090131Z,1J.TI6A.,"['CH1', 'CH2', 'CHZ']",2019-01-17T09:01:31.730000Z,2.95
1377,20190117T090226Z,1J.TI6A.,"['CH1', 'CH2', 'CHZ']",2019-01-17T09:02:26.250000Z,16.86
1378,20190117T090419Z,1J.TI6A.,"['CH1', 'CH2', 'CHZ']",2019-01-17T09:04:19.450000Z,3.14
1379,20190117T090659Z,1J.TI6A.,"['CH1', 'CH2', 'CHZ']",2019-01-17T09:06:59.650000Z,8.27
1380,20190117T090803Z,1J.TI6A.,"['CH1', 'CH2', 'CHZ']",2019-01-17T09:08:03.130000Z,4.12
1381,20190117T091016Z,1J.TI6A.,"['CH1', 'CH2', 'CHZ']",2019-01-17T09:10:16.360000Z,10.87
1382,20190117T091101Z,1J.TI6A.,"['CH1', 'CH2', 'CHZ']",2019-01-17T09:11:01.980000Z,2.29
1383,20190117T091252Z,1J.TI6A.,"['CH1', 'CH2', 'CHZ']",2019-01-17T09:12:54.750000Z,9.54
1384,20190117T091347Z,1J.TI6A.,"['CH1', 'CH2', 'CHZ']",2019-01-17T09:14:00.500000Z,2.81
1385,20190117T091548Z,1J.TI6A.,"['CH1', 'CH2', 'CHZ']",2019-01-17T09:15:54.850000Z,11.97
1386,20190117T091657Z,1J.TI6A.,"['CH1', 'CH2', 'CHZ']",2019-01-17T09:16:57.700000Z,2.47
1387,20190117T091726Z,1J.TI6A.,"['CH1', 'CH2', 'CHZ']",2019-01-17T09:17:26.760000Z,11.44
1388,20190117T091819Z,1J.TI6A.,"['CH1', 'CH2', 'CHZ']",2019-01-17T09:18:20.080000Z,18.71
1389,20190117T092005Z,1J.TI6A.,"['CH1', 'CH2', 'CHZ']",2019-01-17T09:20:05.850000Z,3.21
1390,20190117T092300Z,1J.TI6A.,"['CH1', 'CH2', 'CHZ']",2019-01-17T09:23:00.280000Z,11.47
1391,20190117T092355Z,1J.TI6A.,"['CH1', 'CH2', 'CHZ']",2019-01-17T09:23:55.770000Z,2.86
1392,20190117T092558Z,1J.TI6A.,"['CH1', 'CH2', 'CHZ']",2019-01-17T09:25:58.850000Z,7.88
1393,20190117T092623Z,1J.TI6A.,"['CH1', 'CH2', 'CHZ']",2019-01-17T09:26:23.670000Z,17.33
1394,20190117T092656Z,1J.TI6A.,"['CH1', 'CH2', 'CHZ']",2019-01-17T09:26:56.680000Z,0.61
1395,20190117T092713Z,1J.TI6A.,"['CH1', 'CH2', 'CHZ']",2019-01-17T09:27:14.320000Z,2.68
1396,20190117T092805Z,1J.TI6A.,"['CH1', 'CH2', 'CHZ']",2019-01-17T09:28:05.370000Z,4.48
1397,20190117T092947Z,1J.TI6A.,"['CH1', 'CH2', 'CHZ']",2019-01-17T09:29:47.540000Z,0.7
1398,20190117T092954Z,1J.TI6A.,"['CH1', 'CH2', 'CHZ']",2019-01-17T09:29:54.180000Z,3.13
1399,20190117T093022Z,1J.TI6A.,"['CH1', 'CH2', 'CHZ']",2019-01-17T09:30:23.090000Z,17.44
1400,20190117T093224Z,1J.TI6A.,"['CH1', 'CH2', 'CHZ']",2019-01-17T09:32:24.860000Z,11.37
1401,20190117T093314Z,1J.TI6A.,"['CH1', 'CH2', 'CHZ']",2019-01-17T09:33:17.320000Z,10.18
1402,20190117T093442Z,1J.TI6A.,"['CH1', 'CH2', 'CHZ']",2019-01-17T09:34:45.980000Z,2.99
1403,20190117T093701Z,1J.TI6A.,"['CH1', 'CH2', 'CHZ']",2019-01-17T09:37:01.100000Z,3.8
1404,20190117T093736Z,1J.TI6A.,"['CH1', 'CH2', 'CHZ']",2019-01-17T09:37:36.100000Z,7.9
1405,20190117T093833Z,1J.TI6A.,"['CH1', 'CH2', 'CHZ']",2019-01-17T09:38:34.960000Z,53.29
1406,20190117T094002Z,1J.TI6A.,"['CH1', 'CH2', 'CHZ']",2019-01-17T09:40:03.000000Z,7.81
1407,20190117T094038Z,1J.TI6A.,"['CH1', 'CH2', 'CHZ']",2019-01-17T09:40:38.940000Z,1.68
1408,20190117T094316Z,1J.TI6A.,"['CH1', 'CH2', 'CHZ']",2019-01-17T09:43:16.580000Z,0.91
1409,20190117T094407Z,1J.TI6A.,"['CH1', 'CH2', 'CHZ']",2019-01-17T09:44:07.590000Z,7.28
1410,20190117T094511Z,1J.TI6A.,"['CH1', 'CH2', 'CHZ']",2019-01-17T09:45:12.350000Z,16.99
1411,20190117T094715Z,1J.TI6A.,"['CH1', 'CH2', 'CHZ']",2019-01-17T09:47:16.720000Z,60.64
1412,20190117T094937Z,1J.TI6A.,"['CH1', 'CH2', 'CHZ']",2019-01-17T09:49:38.780000Z,3.0
1413,20190117T095040Z,1J.TI6A.,"['CH1', 'CH2', 'CHZ']",2019-01-17T09:50:40.420000Z,4.24
1414,20190117T095138Z,1J.TI6A.,"['CH1', 'CH2', 'CHZ']",2019-01-17T09:51:38.660000Z,3.01
1415,20190117T095202Z,1J.TI6A.,"['CH1', 'CH2', 'CHZ']",2019-01-17T09:52:02.830000Z,5.05
1416,20190117T095239Z,1J.TI6A.,"['CH1', 'CH2', 'CHZ']",2019-01-17T09:52:39.580000Z,2.79
1417,20190117T095348Z,1J.TI6A.,"['CH1', 'CH2', 'CHZ']",2019-01-17T09:53:48.810000Z,9.84
1418,20190117T095509Z,1J.TI6A.,"['CH1', 'CH2', 'CHZ']",2019-01-17T09:55:09.750000Z,2.96
1419,20190117T095820Z,1J.TI6A.,"['CH1', 'CH2', 'CHZ']",2019-01-17T09:58:20.940000Z,1.43
1420,20190117T095829Z,1J.TI6A.,"['CH1', 'CH2', 'CHZ']",2019-01-17T09:58:29.140000Z,20.02
1421,20190117T100206Z,1J.TI6A.,"['CH1', 'CH2', 'CHZ']",2019-01-17T10:02:06.530000Z,19.07
1422,20190117T100504Z,1J.TI6A.,"['CH1', 'CH2', 'CHZ']",2019-01-17T10:05:04.200000Z,0.89
1423,20190117T100540Z,1J.TI6A.,"['CH1', 'CH2', 'CHZ']",2019-01-17T10:05:40.890000Z,4.17
1424,20190117T100601Z,1J.TI6A.,"['CH1', 'CH2', 'CHZ']",2019-01-17T10:06:01.160000Z,7.94
1425,20190117T100855Z,1J.TI6A.,"['CH1', 'CH2', 'CHZ']",2019-01-17T10:08:55.630000Z,3.22
1426,20190117T100952Z,1J.TI6A.,"['CH1', 'CH2', 'CHZ']",2019-01-17T10:09:56.460000Z,12.11
1427,20190117T101136Z,1J.TI6A.,"['CH1', 'CH2', 'CHZ']",2019-01-17T10:11:38.120000Z,6.29
1428,20190117T101214Z,1J.TI6A.,"['CH1', 'CH2', 'CHZ']",2019-01-17T10:12:14.940000Z,2.14
1429,20190117T101236Z,1J.TI6A.,"['CH1', 'CH2', 'CHZ']",2019-01-17T10:12:36.820000Z,5.32
1430,20190117T101400Z,1J.TI6A.,"['CH1', 'CH2', 'CHZ']",2019-01-17T10:14:00.790000Z,6.55
1431,20190117T101548Z,1J.TI6A.,"['CH1', 'CH2', 'CHZ']",2019-01-17T10:15:48.920000Z,3.38
1432,20190117T101806Z,1J.TI6A.,"['CH1', 'CH2', 'CHZ']",2019-01-17T10:18:08.920000Z,2.66
1433,20190117T101919Z,1J.TI6A.,"['CH1', 'CH2', 'CHZ']",2019-01-17T10:19:19.490000Z,4.71
1434,20190117T102058Z,1J.TI6A.,"['CH1', 'CH2', 'CHZ']",2019-01-17T10:20:59.050000Z,14.69
1435,20190117T102205Z,1J.TI6A.,"['CH1', 'CH2', 'CHZ']",2019-01-17T10:22:05.740000Z,8.96
1436,20190117T102227Z,1J.TI6A.,"['CH1', 'CH2', 'CHZ']",2019-01-17T10:22:27.930000Z,4.31
1437,20190117T102426Z,1J.TI6A.,"['CH1', 'CH2', 'CHZ']",2019-01-17T10:24:26.610000Z,4.0
1438,20190117T102544Z,1J.TI6A.,"['CH1', 'CH2', 'CHZ']",2019-01-17T10:25:44.960000Z,16.81
1439,20190117T102704Z,1J.TI6A.,"['CH1', 'CH2', 'CHZ']",2019-01-17T10:27:06.220000Z,9.12
1440,20190117T102757Z,1J.TI6A.,"['CH1', 'CH2', 'CHZ']",2019-01-17T10:27:57.470000Z,7.34
1441,20190117T102841Z,1J.TI6A.,"['CH1', 'CH2', 'CHZ']",2019-01-17T10:28:41.890000Z,2.83
1442,20190117T103210Z,1J.TI6A.,"['CH1', 'CH2', 'CHZ']",2019-01-17T10:32:10.320000Z,3.39
1443,20190117T103325Z,1J.TI6A.,"['CH1', 'CH2', 'CHZ']",2019-01-17T10:33:29.060000Z,50.28
1444,20190117T103556Z,1J.TI6A.,"['CH1', 'CH2', 'CHZ']",2019-01-17T10:35:56.880000Z,3.96
1445,20190117T103630Z,1J.TI6A.,"['CH1', 'CH2', 'CHZ']",2019-01-17T10:36:39.960000Z,2.49
1446,20190117T103857Z,1J.TI6A.,"['CH1', 'CH2', 'CHZ']",2019-01-17T10:38:57.870000Z,6.14
1447,20190117T104041Z,1J.TI6A.,"['CH1', 'CH2', 'CHZ']",2019-01-17T10:40:41.020000Z,4.39
1448,20190117T104158Z,1J.TI6A.,"['CH1', 'CH2', 'CHZ']",2019-01-17T10:41:59.780000Z,17.65
1449,20190117T104316Z,1J.TI6A.,"['CH1', 'CH2', 'CHZ']",2019-01-17T10:43:18.400000Z,2.82
1450,20190117T104447Z,1J.TI6A.,"['CH1', 'CH2', 'CHZ']",2019-01-17T10:44:47.170000Z,3.72
1451,20190117T104802Z,1J.TI6A.,"['CH1', 'CH2', 'CHZ']",2019-01-17T10:48:02.100000Z,3.33
1452,20190117T104939Z,1J.TI6A.,"['CH1', 'CH2', 'CHZ']",2019-01-17T10:49:39.110000Z,10.63
1453,20190117T105038Z,1J.TI6A.,"['CH1', 'CH2', 'CHZ']",2019-01-17T10:50:39.930000Z,4.67
1454,20190117T105133Z,1J.TI6A.,"['CH1', 'CH2', 'CHZ']",2019-01-17T10:51:34.390000Z,16.36
1455,20190117T105352Z,1J.TI6A.,"['CH1', 'CH2', 'CHZ']",2019-01-17T10:53:52.640000Z,0.78
1456,20190117T105409Z,1J.TI6A.,"['CH1', 'CH2', 'CHZ']",2019-01-17T10:54:09.790000Z,11.51
1457,20190117T105708Z,1J.TI6A.,"['CH1', 'CH2', 'CHZ']",2019-01-17T10:57:10.180000Z,10.0
1458,20190117T105756Z,1J.TI6A.,"['CH1', 'CH2', 'CHZ']",2019-01-17T10:57:56.200000Z,0.92
1459,20190117T105843Z,1J.TI6A.,"['CH1', 'CH2', 'CHZ']",2019-01-17T10:58:43.830000Z,3.98
1460,20190117T110152Z,1J.TI6A.,"['CH1', 'CH2', 'CHZ']",2019-01-17T11:01:52.550000Z,2.72
1461,20190117T110227Z,1J.TI6A.,"['CH1', 'CH2', 'CHZ']",2019-01-17T11:02:27.940000Z,15.06
1462,20190117T110423Z,1J.TI6A.,"['CH1', 'CH2', 'CHZ']",2019-01-17T11:04:24.490000Z,52.91
1463,20190117T110705Z,1J.TI6A.,"['CH1', 'CH2', 'CHZ']",2019-01-17T11:07:05.480000Z,5.49
1464,20190117T110838Z,1J.TI6A.,"['CH1', 'CH2', 'CHZ']",2019-01-17T11:08:40.270000Z,8.77
1465,20190117T110946Z,1J.TI6A.,"['CH1', 'CH2', 'CHZ']",2019-01-17T11:09:46.710000Z,11.41
1466,20190117T111121Z,1J.TI6A.,"['CH1', 'CH2', 'CHZ']",2019-01-17T11:11:22.730000Z,11.1
1467,20190117T111156Z,1J.TI6A.,"['CH1', 'CH2', 'CHZ']",2019-01-17T11:11:56.430000Z,0.88
1468,20190117T111250Z,1J.TI6A.,"['CH1', 'CH2', 'CHZ']",2019-01-17T11:12:50.150000Z,15.22
1469,20190117T111440Z,1J.TI6A.,"['CH1', 'CH2', 'CHZ']",2019-01-17T11:14:40.920000Z,6.26
1470,20190117T111559Z,1J.TI6A.,"['CH1', 'CH2', 'CHZ']",2019-01-17T11:15:59.970000Z,3.25
1471,20190117T111829Z,1J.TI6A.,"['CH1', 'CH2', 'CHZ']",2019-01-17T11:18:30.050000Z,14.28
1472,20190117T111858Z,1J.TI6A.,"['CH1', 'CH2', 'CHZ']",2019-01-17T11:18:58.340000Z,0.83
1473,20190117T112005Z,1J.TI6A.,"['CH1', 'CH2', 'CHZ']",2019-01-17T11:20:05.210000Z,1.56
1474,20190117T112211Z,1J.TI6A.,"['CH1', 'CH2', 'CHZ']",2019-01-17T11:22:11.750000Z,3.34
1475,20190117T112346Z,1J.TI6A.,"['CH1', 'CH2', 'CHZ']",2019-01-17T11:23:46.230000Z,14.45
1476,20190117T112410Z,1J.TI6A.,"['CH1', 'CH2', 'CHZ']",2019-01-17T11:24:10.510000Z,7.3
1477,20190117T112624Z,1J.TI6A.,"['CH1', 'CH2', 'CHZ']",2019-01-17T11:26:24.970000Z,3.67
1478,20190117T112802Z,1J.TI6A.,"['CH1', 'CH2', 'CHZ']",2019-01-17T11:28:10.780000Z,20.13
1479,20190117T112900Z,1J.TI6A.,"['CH1', 'CH2', 'CHZ']",2019-01-17T11:29:00.470000Z,1.53
1480,20190117T112917Z,1J.TI6A.,"['CH1', 'CH2', 'CHZ']",2019-01-17T11:29:17.470000Z,12.01
1481,20190117T113259Z,1J.TI6A.,"['CH1', 'CH2', 'CHZ']",2019-01-17T11:32:59.410000Z,3.64
1482,20190117T113452Z,1J.TI6A.,"['CH1', 'CH2', 'CHZ']",2019-01-17T11:34:52.300000Z,13.72
1483,20190117T113601Z,1J.TI6A.,"['CH1', 'CH2', 'CHZ']",2019-01-17T11:36:01.240000Z,2.37
1484,20190117T113742Z,1J.TI6A.,"['CH1', 'CH2', 'CHZ']",2019-01-17T11:37:43.200000Z,18.9
1485,20190117T113806Z,1J.TI6A.,"['CH1', 'CH2', 'CHZ']",2019-01-17T11:38:10.660000Z,6.95
1486,20190117T113854Z,1J.TI6A.,"['CH1', 'CH2', 'CHZ']",2019-01-17T11:38:55.180000Z,20.23
1487,20190117T114122Z,1J.TI6A.,"['CH1', 'CH2', 'CHZ']",2019-01-17T11:41:22.390000Z,3.83
1488,20190117T114157Z,1J.TI6A.,"['CH1', 'CH2', 'CHZ']",2019-01-17T11:41:58.410000Z,5.67
1489,20190117T114256Z,1J.TI6A.,"['CH1', 'CH2', 'CHZ']",2019-01-17T11:42:56.770000Z,2.88
1490,20190117T114610Z,1J.TI6A.,"['CH1', 'CH2', 'CHZ']",2019-01-17T11:46:10.580000Z,29.98
1491,20190117T114944Z,1J.TI6A.,"['CH1', 'CH2', 'CHZ']",2019-01-17T11:49:44.340000Z,3.82
1492,20190117T115213Z,1J.TI6A.,"['CH1', 'CH2', 'CHZ']",2019-01-17T11:52:13.310000Z,2.03
1493,20190117T115507Z,1J.TI6A.,"['CH1', 'CH2', 'CHZ']",2019-01-17T11:55:07.170000Z,6.67
1494,20190117T115552Z,1J.TI6A.,"['CH1', 'CH2', 'CHZ']",2019-01-17T11:55:53.220000Z,11.74
1495,20190117T115817Z,1J.TI6A.,"['CH1', 'CH2', 'CHZ']",2019-01-17T11:58:17.130000Z,1.43
1496,20190117T115849Z,1J.TI6A.,"['CH1', 'CH2', 'CHZ']",2019-01-17T11:58:49.770000Z,2.66
1497,20190117T120203Z,1J.TI6A.,"['CH1', 'CH2', 'CHZ']",2019-01-17T12:02:03.750000Z,2.73
1498,20190117T120442Z,1J.TI6A.,"['CH1', 'CH2', 'CHZ']",2019-01-17T12:04:42.470000Z,15.79
1499,20190117T120543Z,1J.TI6A.,"['CH1', 'CH2', 'CHZ']",2019-01-17T12:05:43.650000Z,2.43
1500,20190117T120726Z,1J.TI6A.,"['CH1', 'CH2', 'CHZ']",2019-01-17T12:07:26.630000Z,9.82
1501,20190117T120840Z,1J.TI6A.,"['CH1', 'CH2', 'CHZ']",2019-01-17T12:08:40.720000Z,1.05
1502,20190117T120934Z,1J.TI6A.,"['CH1', 'CH2', 'CHZ']",2019-01-17T12:09:59.170000Z,22.77
1503,20190117T121157Z,1J.TI6A.,"['CH1', 'CH2', 'CHZ']",2019-01-17T12:11:57.870000Z,2.66
1504,20190117T121506Z,1J.TI6A.,"['CH1', 'CH2', 'CHZ']",2019-01-17T12:15:14.470000Z,9.76
1505,20190117T121608Z,1J.TI6A.,"['CH1', 'CH2', 'CHZ']",2019-01-17T12:16:08.410000Z,7.57
1506,20190117T121802Z,1J.TI6A.,"['CH1', 'CH2', 'CHZ']",2019-01-17T12:18:02.090000Z,16.02
1507,20190117T122025Z,1J.TI6A.,"['CH1', 'CH2', 'CHZ']",2019-01-17T12:20:26.940000Z,18.15
1508,20190117T122157Z,1J.TI6A.,"['CH1', 'CH2', 'CHZ']",2019-01-17T12:21:57.560000Z,2.01
1509,20190117T122252Z,1J.TI6A.,"['CH1', 'CH2', 'CHZ']",2019-01-17T12:22:52.120000Z,4.03
1510,20190117T122340Z,1J.TI6A.,"['CH1', 'CH2', 'CHZ']",2019-01-17T12:23:40.240000Z,9.63
1511,20190117T122512Z,1J.TI6A.,"['CH1', 'CH2', 'CHZ']",2019-01-17T12:25:12.070000Z,0.67
1512,20190117T122607Z,1J.TI6A.,"['CH1', 'CH2', 'CHZ']",2019-01-17T12:26:07.570000Z,27.66
1513,20190117T123649Z,1J.TI6A.,"['CH1', 'CH2', 'CHZ']",2019-01-17T12:36:53.980000Z,1.54
1514,20190117T125334Z,1J.TI6A.,"['CH1', 'CH2', 'CHZ']",2019-01-17T12:53:34.830000Z,1.3
1515,20190117T130211Z,1J.TI6A.,"['CH1', 'CH2', 'CHZ']",2019-01-17T13:02:11.430000Z,1.15
1516,20190117T130435Z,1J.TI6A.,"['CH1', 'CH2', 'CHZ']",2019-01-17T13:04:55.510000Z,26.13
1517,20190117T131148Z,1J.TI6A.,"['CH1', 'CH2', 'CHZ']",2019-01-17T13:11:48.220000Z,8.64
1518,20190117T131721Z,1J.TI6A.,"['CH1', 'CH2', 'CHZ']",2019-01-17T13:17:21.420000Z,2.29
1519,20190117T132307Z,1J.TI6A.,"['CH1', 'CH2', 'CHZ']",2019-01-17T13:23:07.260000Z,16.23
1520,20190117T132503Z,1J.TI6A.,"['CH1', 'CH2', 'CHZ']",2019-01-17T13:25:03.960000Z,2.57
1521,20190117T132633Z,1J.TI6A.,"['CH1', 'CH2', 'CHZ']",2019-01-17T13:26:33.430000Z,5.68
1522,20190117T132816Z,1J.TI6A.,"['CH1', 'CH2', 'CHZ']",2019-01-17T13:28:16.150000Z,1.5
1523,20190117T132826Z,1J.TI6A.,"['CH1', 'CH2', 'CHZ']",2019-01-17T13:28:30.590000Z,8.84
1524,20190117T133221Z,1J.TI6A.,"['CH1', 'CH2', 'CHZ']",2019-01-17T13:32:21.990000Z,1.28
1525,20190117T133946Z,1J.TI6A.,"['CH1', 'CH2', 'CHZ']",2019-01-17T13:39:46.820000Z,1.13
1526,20190117T135411Z,1J.TI6A.,"['CH1', 'CH2', 'CHZ']",2019-01-17T13:54:11.730000Z,10.92
1527,20190117T135609Z,1J.TI6A.,"['CH1', 'CH2', 'CHZ']",2019-01-17T13:56:09.790000Z,7.02
1528,20190117T135835Z,1J.TI6A.,"['CH1', 'CH2', 'CHZ']",2019-01-17T13:58:35.120000Z,2.75
1529,20190117T135917Z,1J.TI6A.,"['CH1', 'CH2', 'CHZ']",2019-01-17T13:59:21.030000Z,7.92
1530,20190117T141944Z,1J.TI6A.,"['CH1', 'CH2', 'CHZ']",2019-01-17T14:19:46.200000Z,0.84
1531,20190117T143230Z,1J.TI6A.,"['CH1', 'CH2', 'CHZ']",2019-01-17T14:32:34.600000Z,19.61
1532,20190117T143612Z,1J.TI6A.,"['CH1', 'CH2', 'CHZ']",2019-01-17T14:36:12.180000Z,1.05
1533,20190117T151014Z,1J.TI6A.,"['CH1', 'CH2', 'CHZ']",2019-01-17T15:10:22.620000Z,6.23
1534,20190117T152443Z,1J.TI6A.,"['CH1', 'CH2', 'CHZ']",2019-01-17T15:24:49.520000Z,3.92
1535,20190117T153514Z,1J.TI6A.,"['CH1', 'CH2', 'CHZ']",2019-01-17T15:35:15.160000Z,13.7
1536,20190117T154145Z,1J.TI6A.,"['CH1', 'CH2', 'CHZ']",2019-01-17T15:41:47.930000Z,47.46
1537,20190117T165555Z,1J.TI6A.,"['CH1', 'CH2', 'CHZ']",2019-01-17T16:56:24.650000Z,19.4
1538,20190117T165955Z,1J.TI6A.,"['CH1', 'CH2', 'CHZ']",2019-01-17T17:00:00.270000Z,2.04
1539,20190117T171840Z,1J.TI6A.,"['CH1', 'CH2', 'CHZ']",2019-01-17T17:18:45.000000Z,3.07
1540,20190117T172242Z,1J.TI6A.,"['CH1', 'CH2', 'CHZ']",2019-01-17T17:23:04.950000Z,3.48
1541,20190117T174502Z,1J.TI6A.,"['CH1', 'CH2', 'CHZ']",2019-01-17T17:45:07.490000Z,3.12
1542,20190117T175502Z,1J.TI6A.,"['CH1', 'CH2', 'CHZ']",2019-01-17T17:55:06.890000Z,1.92
1543,20190117T181046Z,1J.TI6A.,"['CH1', 'CH2', 'CHZ']",2019-01-17T18:10:46.100000Z,0.94
1544,20190117T185324Z,1J.TI6A.,"['CH1', 'CH2', 'CHZ']",2019-01-17T18:53:26.230000Z,13.82
1545,20190117T191738Z,1J.TI6A.,"['CH1', 'CH2', 'CHZ']",2019-01-17T19:17:43.570000Z,1.96
1546,20190117T192832Z,1J.TI6A.,"['CH1', 'CH2', 'CHZ']",2019-01-17T19:28:37.530000Z,1.3
1547,20190117T193912Z,1J.TI6A.,"['CH1', 'CH2', 'CHZ']",2019-01-17T19:39:15.880000Z,46.46
1548,20190117T200114Z,1J.TI6A.,"['CH1', 'CH2', 'CHZ']",2019-01-17T20:01:34.370000Z,1.06
1549,20190117T204548Z,1J.TI6A.,"['CH1', 'CH2', 'CHZ']",2019-01-17T20:45:53.050000Z,1.19
1550,20190117T213437Z,1J.TI6A.,"['CH1', 'CH2', 'CHZ']",2019-01-17T21:35:02.650000Z,21.6
1551,20190117T213540Z,1J.TI6A.,"['CH1', 'CH2', 'CHZ']",2019-01-17T21:35:43.320000Z,6.99
1552,20190117T214130Z,1J.TI6A.,"['CH1', 'CH2', 'CHZ']",2019-01-17T21:41:32.410000Z,18.55
1553,20190117T214953Z,1J.TI6A.,"['CH1', 'CH2', 'CHZ']",2019-01-17T21:50:11.150000Z,2.41
1554,20190117T220449Z,1J.TI6A.,"['CH1', 'CH2', 'CHZ']",2019-01-17T22:04:49.260000Z,31.43
1555,20190117T220544Z,1J.TI6A.,"['CH1', 'CH2', 'CHZ']",2019-01-17T22:05:44.090000Z,42.83
1556,20190117T220739Z,1J.TI6A.,"['CH1', 'CH2', 'CHZ']",2019-01-17T22:07:39.930000Z,30.72
1557,20190117T221713Z,1J.TI6A.,"['CH1', 'CH2', 'CHZ']",2019-01-17T22:17:18.670000Z,1.08
1558,20190117T222008Z,1J.TI6A.,"['CH1', 'CH2', 'CHZ']",2019-01-17T22:20:08.490000Z,14.62
1559,20190117T222058Z,1J.TI6A.,"['CH1', 'CH2', 'CHZ']",2019-01-17T22:20:58.530000Z,49.93
1560,20190117T222328Z,1J.TI6A.,"['CH1', 'CH2', 'CHZ']",2019-01-17T22:23:28.360000Z,21.02
1561,20190117T223225Z,1J.TI6A.,"['CH1', 'CH2', 'CHZ']",2019-01-17T22:32:36.340000Z,7.45
1562,20190117T223309Z,1J.TI6A.,"['CH1', 'CH2', 'CHZ']",2019-01-17T22:33:09.560000Z,64.28
1563,20190117T223804Z,1J.TI6A.,"['CH1', 'CH2', 'CHZ']",2019-01-17T22:38:04.800000Z,16.85
1564,20190117T223920Z,1J.TI6A.,"['CH1', 'CH2', 'CHZ']",2019-01-17T22:39:26.770000Z,0.82
1565,20190117T223948Z,1J.TI6A.,"['CH1', 'CH2', 'CHZ']",2019-01-17T22:39:48.510000Z,0.62
1566,20190117T224000Z,1J.TI6A.,"['CH1', 'CH2', 'CHZ']",2019-01-17T22:40:00.190000Z,13.88
1567,20190117T224111Z,1J.TI6A.,"['CH1', 'CH2', 'CHZ']",2019-01-17T22:41:11.520000Z,24.09
1568,20190117T224236Z,1J.TI6A.,"['CH1', 'CH2', 'CHZ']",2019-01-17T22:42:36.600000Z,7.53
1569,20190117T224315Z,1J.TI6A.,"['CH1', 'CH2', 'CHZ']",2019-01-17T22:43:15.800000Z,14.89
1570,20190117T224535Z,1J.TI6A.,"['CH1', 'CH2', 'CHZ']",2019-01-17T22:45:35.830000Z,9.62
1571,20190117T224629Z,1J.TI6A.,"['CH1', 'CH2', 'CHZ']",2019-01-17T22:46:29.840000Z,3.91
1572,20190117T224750Z,1J.TI6A.,"['CH1', 'CH2', 'CHZ']",2019-01-17T22:47:50.640000Z,2.36
1573,20190117T224850Z,1J.TI6A.,"['CH1', 'CH2', 'CHZ']",2019-01-17T22:48:50.850000Z,4.7
1574,20190117T224944Z,1J.TI6A.,"['CH1', 'CH2', 'CHZ']",2019-01-17T22:49:55.780000Z,25.73
1575,20190117T225238Z,1J.TI6A.,"['CH1', 'CH2', 'CHZ']",2019-01-17T22:52:38.850000Z,1.58
1576,20190117T225305Z,1J.TI6A.,"['CH1', 'CH2', 'CHZ']",2019-01-17T22:53:05.130000Z,1.01
1577,20190117T225445Z,1J.TI6A.,"['CH1', 'CH2', 'CHZ']",2019-01-17T22:54:45.560000Z,116.74
1578,20190117T230243Z,1J.TI6A.,"['CH1', 'CH2', 'CHZ']",2019-01-17T23:04:43.560000Z,1.84
1579,20190117T230515Z,1J.TI6A.,"['CH1', 'CH2', 'CHZ']",2019-01-17T23:05:15.920000Z,4.69
1580,20190117T230613Z,1J.TI6A.,"['CH1', 'CH2', 'CHZ']",2019-01-17T23:06:13.400000Z,2.54
1581,20190117T230631Z,1J.TI6A.,"['CH1', 'CH2', 'CHZ']",2019-01-17T23:06:31.210000Z,1.15
1582,20190117T230638Z,1J.TI6A.,"['CH1', 'CH2', 'CHZ']",2019-01-17T23:06:38.690000Z,17.36
1583,20190117T230741Z,1J.TI6A.,"['CH1', 'CH2', 'CHZ']",2019-01-17T23:07:41.490000Z,10.63
1584,20190117T230758Z,1J.TI6A.,"['CH1', 'CH2', 'CHZ']",2019-01-17T23:08:12.860000Z,9.65
1585,20190117T230847Z,1J.TI6A.,"['CH1', 'CH2', 'CHZ']",2019-01-17T23:08:47.540000Z,21.98
1586,20190117T231029Z,1J.TI6A.,"['CH1', 'CH2', 'CHZ']",2019-01-17T23:10:29.840000Z,0.81
1587,20190117T231153Z,1J.TI6A.,"['CH1', 'CH2', 'CHZ']",2019-01-17T23:11:53.440000Z,46.62
1588,20190117T231632Z,1J.TI6A.,"['CH1', 'CH2', 'CHZ']",2019-01-17T23:16:32.600000Z,20.58
1589,20190117T231758Z,1J.TI6A.,"['CH1', 'CH2', 'CHZ']",2019-01-17T23:17:58.100000Z,7.92
1590,20190117T231958Z,1J.TI6A.,"['CH1', 'CH2', 'CHZ']",2019-01-17T23:19:58.720000Z,4.24
1591,20190117T232037Z,1J.TI6A.,"['CH1', 'CH2', 'CHZ']",2019-01-17T23:20:37.690000Z,10.12
1592,20190117T232101Z,1J.TI6A.,"['CH1', 'CH2', 'CHZ']",2019-01-17T23:21:01.760000Z,8.86
1593,20190117T232219Z,1J.TI6A.,"['CH1', 'CH2', 'CHZ']",2019-01-17T23:22:19.650000Z,1.39
1594,20190117T232414Z,1J.TI6A.,"['CH1', 'CH2', 'CHZ']",2019-01-17T23:24:14.680000Z,1.81
1595,20190117T232509Z,1J.TI6A.,"['CH1', 'CH2', 'CHZ']",2019-01-17T23:25:09.490000Z,0.95
1596,20190117T232513Z,1J.TI6A.,"['CH1', 'CH2', 'CHZ']",2019-01-17T23:25:40.240000Z,1.59
1597,20190117T232657Z,1J.TI6A.,"['CH1', 'CH2', 'CHZ']",2019-01-17T23:27:01.620000Z,17.83
1598,20190117T232737Z,1J.TI6A.,"['CH1', 'CH2', 'CHZ']",2019-01-17T23:27:37.450000Z,7.97
1599,20190117T232947Z,1J.TI6A.,"['CH1', 'CH2', 'CHZ']",2019-01-17T23:29:47.080000Z,44.43
1600,20190117T233056Z,1J.TI6A.,"['CH1', 'CH2', 'CHZ']",2019-01-17T23:31:17.600000Z,7.1
1601,20190117T233237Z,1J.TI6A.,"['CH1', 'CH2', 'CHZ']",2019-01-17T23:32:48.310000Z,11.04
1602,20190117T233306Z,1J.TI6A.,"['CH1', 'CH2', 'CHZ']",2019-01-17T23:33:06.710000Z,12.64
1603,20190117T233554Z,1J.TI6A.,"['CH1', 'CH2', 'CHZ']",2019-01-17T23:35:54.980000Z,17.94
1604,20190117T233819Z,1J.TI6A.,"['CH1', 'CH2', 'CHZ']",2019-01-17T23:38:19.130000Z,1.93
1605,20190117T234102Z,1J.TI6A.,"['CH1', 'CH2', 'CHZ']",2019-01-17T23:41:02.680000Z,2.6
1606,20190117T234206Z,1J.TI6A.,"['CH1', 'CH2', 'CHZ']",2019-01-17T23:42:06.790000Z,0.8
1607,20190117T234214Z,1J.TI6A.,"['CH1', 'CH2', 'CHZ']",2019-01-17T23:42:14.400000Z,1.98
1608,20190117T234256Z,1J.TI6A.,"['CH1', 'CH2', 'CHZ']",2019-01-17T23:42:56.330000Z,1.43
1609,20190117T234406Z,1J.TI6A.,"['CH1', 'CH2', 'CHZ']",2019-01-17T23:44:06.480000Z,1.58
1610,20190117T234453Z,1J.TI6A.,"['CH1', 'CH2', 'CHZ']",2019-01-17T23:45:01.850000Z,10.48
1611,20190117T234602Z,1J.TI6A.,"['CH1', 'CH2', 'CHZ']",2019-01-17T23:46:31.030000Z,8.97
1612,20190117T234846Z,1J.TI6A.,"['CH1', 'CH2', 'CHZ']",2019-01-17T23:48:46.340000Z,12.9
1613,20190117T234954Z,1J.TI6A.,"['CH1', 'CH2', 'CHZ']",2019-01-17T23:49:55.360000Z,1.35
1614,20190117T235513Z,1J.TI6A.,"['CH1', 'CH2', 'CHZ']",2019-01-17T23:55:19.010000Z,11.81
1615,20190117T235538Z,1J.TI6A.,"['CH1', 'CH2', 'CHZ']",2019-01-17T23:55:38.690000Z,17.57
1616,20190117T235603Z,1J.TI6A.,"['CH1', 'CH2', 'CHZ']",2019-01-17T23:56:03.790000Z,9.13
1617,20190117T235619Z,1J.TI6A.,"['CH1', 'CH2', 'CHZ']",2019-01-17T23:56:19.830000Z,18.14
1618,20190117T235646Z,1J.TI6A.,"['CH1', 'CH2', 'CHZ']",2019-01-17T23:56:46.490000Z,4.57
1619,20190117T235738Z,1J.TI6A.,"['CH1', 'CH2', 'CHZ']",2019-01-17T23:57:38.960000Z,3.62
1620,20190117T235930Z,1J.TI6A.,"['CH1', 'CH2', 'CHZ']",2019-01-17T23:59:36.310000Z,4.9
1621,20190117T000201Z,1J.TI1A.,"['CH1', 'CH2', 'CHZ']",2019-01-17T00:02:01.270000Z,22.24
1622,20190117T000848Z,1J.TI1A.,"['CH1', 'CH2', 'CHZ']",2019-01-17T00:08:48.980000Z,1.46
1623,20190117T001027Z,1J.TI1A.,"['CH1', 'CH2', 'CHZ']",2019-01-17T00:10:27.460000Z,13.74
1624,20190117T002834Z,1J.TI1A.,"['CH1', 'CH2', 'CHZ']",2019-01-17T00:28:34.000000Z,17.54
1625,20190117T003022Z,1J.TI1A.,"['CH1', 'CH2', 'CHZ']",2019-01-17T00:30:22.970000Z,34.46
1626,20190117T003840Z,1J.TI1A.,"['CH1', 'CH2', 'CHZ']",2019-01-17T00:38:40.510000Z,8.65
1627,20190117T004524Z,1J.TI1A.,"['CH1', 'CH2', 'CHZ']",2019-01-17T00:45:24.220000Z,12.43
1628,20190117T005554Z,1J.TI1A.,"['CH1', 'CH2', 'CHZ']",2019-01-17T00:55:54.180000Z,12.93
1629,20190117T005927Z,1J.TI1A.,"['CH1', 'CH2', 'CHZ']",2019-01-17T00:59:34.770000Z,13.84
1630,20190117T011711Z,1J.TI1A.,"['CH1', 'CH2', 'CHZ']",2019-01-17T01:17:11.050000Z,26.72
1631,20190117T011912Z,1J.TI1A.,"['CH1', 'CH2', 'CHZ']",2019-01-17T01:19:12.190000Z,17.85
1632,20190117T012202Z,1J.TI1A.,"['CH1', 'CH2', 'CHZ']",2019-01-17T01:22:08.050000Z,5.43
1633,20190117T012544Z,1J.TI1A.,"['CH1', 'CH2', 'CHZ']",2019-01-17T01:25:44.890000Z,25.04
1634,20190117T014234Z,1J.TI1A.,"['CH1', 'CH2', 'CHZ']",2019-01-17T01:42:34.860000Z,19.63
1635,20190117T014851Z,1J.TI1A.,"['CH1', 'CH2', 'CHZ']",2019-01-17T01:49:16.640000Z,13.16
1636,20190117T015234Z,1J.TI1A.,"['CH1', 'CH2', 'CHZ']",2019-01-17T01:52:34.340000Z,9.03
1637,20190117T015447Z,1J.TI1A.,"['CH1', 'CH2', 'CHZ']",2019-01-17T01:54:50.780000Z,50.15
1638,20190117T015744Z,1J.TI1A.,"['CH1', 'CH2', 'CHZ']",2019-01-17T01:57:44.570000Z,5.23
1639,20190117T020400Z,1J.TI1A.,"['CH1', 'CH2', 'CHZ']",2019-01-17T02:04:00.310000Z,22.28
1640,20190117T020631Z,1J.TI1A.,"['CH1', 'CH2', 'CHZ']",2019-01-17T02:06:31.430000Z,5.73
1641,20190117T020723Z,1J.TI1A.,"['CH1', 'CH2', 'CHZ']",2019-01-17T02:07:23.870000Z,1.75
1642,20190117T021656Z,1J.TI1A.,"['CH1', 'CH2', 'CHZ']",2019-01-17T02:16:56.120000Z,4.61
1643,20190117T021746Z,1J.TI1A.,"['CH1', 'CH2', 'CHZ']",2019-01-17T02:17:49.670000Z,7.65
1644,20190117T021907Z,1J.TI1A.,"['CH1', 'CH2', 'CHZ']",2019-01-17T02:19:07.780000Z,3.42
1645,20190117T021935Z,1J.TI1A.,"['CH1', 'CH2', 'CHZ']",2019-01-17T02:19:35.540000Z,3.91
1646,20190117T022056Z,1J.TI1A.,"['CH1', 'CH2', 'CHZ']",2019-01-17T02:20:56.890000Z,7.71
1647,20190117T022206Z,1J.TI1A.,"['CH1', 'CH2', 'CHZ']",2019-01-17T02:22:10.520000Z,51.66
1648,20190117T022817Z,1J.TI1A.,"['CH1', 'CH2', 'CHZ']",2019-01-17T02:28:17.550000Z,14.46
1649,20190117T022855Z,1J.TI1A.,"['CH1', 'CH2', 'CHZ']",2019-01-17T02:28:55.630000Z,8.81
1650,20190117T023009Z,1J.TI1A.,"['CH1', 'CH2', 'CHZ']",2019-01-17T02:30:11.500000Z,51.53
1651,20190117T023324Z,1J.TI1A.,"['CH1', 'CH2', 'CHZ']",2019-01-17T02:33:24.540000Z,5.98
1652,20190117T023421Z,1J.TI1A.,"['CH1', 'CH2', 'CHZ']",2019-01-17T02:34:21.310000Z,16.66
1653,20190117T023511Z,1J.TI1A.,"['CH1', 'CH2', 'CHZ']",2019-01-17T02:35:11.060000Z,15.66
1654,20190117T023717Z,1J.TI1A.,"['CH1', 'CH2', 'CHZ']",2019-01-17T02:37:17.600000Z,5.21
1655,20190117T023825Z,1J.TI1A.,"['CH1', 'CH2', 'CHZ']",2019-01-17T02:38:26.330000Z,14.13
1656,20190117T023854Z,1J.TI1A.,"['CH1', 'CH2', 'CHZ']",2019-01-17T02:38:55.000000Z,2.9
1657,20190117T024302Z,1J.TI1A.,"['CH1', 'CH2', 'CHZ']",2019-01-17T02:43:02.930000Z,20.91
1658,20190117T024653Z,1J.TI1A.,"['CH1', 'CH2', 'CHZ']",2019-01-17T02:46:57.540000Z,12.84
1659,20190117T024836Z,1J.TI1A.,"['CH1', 'CH2', 'CHZ']",2019-01-17T02:48:36.980000Z,7.43
1660,20190117T025155Z,1J.TI1A.,"['CH1', 'CH2', 'CHZ']",2019-01-17T02:51:55.930000Z,16.09
1661,20190117T025536Z,1J.TI1A.,"['CH1', 'CH2', 'CHZ']",2019-01-17T02:55:36.970000Z,30.44
1662,20190117T025739Z,1J.TI1A.,"['CH1', 'CH2', 'CHZ']",2019-01-17T02:57:39.760000Z,4.4
1663,20190117T030142Z,1J.TI1A.,"['CH1', 'CH2', 'CHZ']",2019-01-17T03:01:44.230000Z,4.81
1664,20190117T030336Z,1J.TI1A.,"['CH1', 'CH2', 'CHZ']",2019-01-17T03:03:36.420000Z,2.9
1665,20190117T030420Z,1J.TI1A.,"['CH1', 'CH2', 'CHZ']",2019-01-17T03:04:24.480000Z,42.71
1666,20190117T030551Z,1J.TI1A.,"['CH1', 'CH2', 'CHZ']",2019-01-17T03:05:53.610000Z,2.83
1667,20190117T030701Z,1J.TI1A.,"['CH1', 'CH2', 'CHZ']",2019-01-17T03:07:01.860000Z,31.14
1668,20190117T030931Z,1J.TI1A.,"['CH1', 'CH2', 'CHZ']",2019-01-17T03:09:31.680000Z,4.33
1669,20190117T031520Z,1J.TI1A.,"['CH1', 'CH2', 'CHZ']",2019-01-17T03:15:25.870000Z,46.56
1670,20190117T032100Z,1J.TI1A.,"['CH1', 'CH2', 'CHZ']",2019-01-17T03:21:00.610000Z,3.7
1671,20190117T032125Z,1J.TI1A.,"['CH1', 'CH2', 'CHZ']",2019-01-17T03:21:28.400000Z,24.07
1672,20190117T032246Z,1J.TI1A.,"['CH1', 'CH2', 'CHZ']",2019-01-17T03:22:46.060000Z,2.32
1673,20190117T033020Z,1J.TI1A.,"['CH1', 'CH2', 'CHZ']",2019-01-17T03:30:20.150000Z,15.93
1674,20190117T033329Z,1J.TI1A.,"['CH1', 'CH2', 'CHZ']",2019-01-17T03:33:29.190000Z,16.14
1675,20190117T033501Z,1J.TI1A.,"['CH1', 'CH2', 'CHZ']",2019-01-17T03:35:01.460000Z,10.31
1676,20190117T033631Z,1J.TI1A.,"['CH1', 'CH2', 'CHZ']",2019-01-17T03:36:31.840000Z,16.23
1677,20190117T033918Z,1J.TI1A.,"['CH1', 'CH2', 'CHZ']",2019-01-17T03:39:18.950000Z,12.96
1678,20190117T033942Z,1J.TI1A.,"['CH1', 'CH2', 'CHZ']",2019-01-17T03:39:53.030000Z,47.85
1679,20190117T034146Z,1J.TI1A.,"['CH1', 'CH2', 'CHZ']",2019-01-17T03:41:50.020000Z,7.07
1680,20190117T034215Z,1J.TI1A.,"['CH1', 'CH2', 'CHZ']",2019-01-17T03:42:21.590000Z,13.78
1681,20190117T034559Z,1J.TI1A.,"['CH1', 'CH2', 'CHZ']",2019-01-17T03:46:05.770000Z,31.69
1682,20190117T034711Z,1J.TI1A.,"['CH1', 'CH2', 'CHZ']",2019-01-17T03:47:11.780000Z,9.79
1683,20190117T034934Z,1J.TI1A.,"['CH1', 'CH2', 'CHZ']",2019-01-17T03:49:36.190000Z,4.46
1684,20190117T040420Z,1J.TI1A.,"['CH1', 'CH2', 'CHZ']",2019-01-17T04:04:20.740000Z,4.76
1685,20190117T040526Z,1J.TI1A.,"['CH1', 'CH2', 'CHZ']",2019-01-17T04:05:28.170000Z,3.74
1686,20190117T041046Z,1J.TI1A.,"['CH1', 'CH2', 'CHZ']",2019-01-17T04:10:46.750000Z,1.42
1687,20190117T041346Z,1J.TI1A.,"['CH1', 'CH2', 'CHZ']",2019-01-17T04:13:56.350000Z,7.79
1688,20190117T041435Z,1J.TI1A.,"['CH1', 'CH2', 'CHZ']",2019-01-17T04:14:39.490000Z,48.31
1689,20190117T041905Z,1J.TI1A.,"['CH1', 'CH2', 'CHZ']",2019-01-17T04:19:13.240000Z,17.6
1690,20190117T042035Z,1J.TI1A.,"['CH1', 'CH2', 'CHZ']",2019-01-17T04:20:35.280000Z,26.4
1691,20190117T042201Z,1J.TI1A.,"['CH1', 'CH2', 'CHZ']",2019-01-17T04:22:02.990000Z,1.83
1692,20190117T042340Z,1J.TI1A.,"['CH1', 'CH2', 'CHZ']",2019-01-17T04:23:44.250000Z,3.78
1693,20190117T042500Z,1J.TI1A.,"['CH1', 'CH2', 'CHZ']",2019-01-17T04:25:00.490000Z,9.63
1694,20190117T043004Z,1J.TI1A.,"['CH1', 'CH2', 'CHZ']",2019-01-17T04:30:04.330000Z,2.25
1695,20190117T043852Z,1J.TI1A.,"['CH1', 'CH2', 'CHZ']",2019-01-17T04:38:52.210000Z,5.89
1696,20190117T044056Z,1J.TI1A.,"['CH1', 'CH2', 'CHZ']",2019-01-17T04:40:56.500000Z,12.94
1697,20190117T044310Z,1J.TI1A.,"['CH1', 'CH2', 'CHZ']",2019-01-17T04:43:10.860000Z,4.98
1698,20190117T044529Z,1J.TI1A.,"['CH1', 'CH2', 'CHZ']",2019-01-17T04:45:29.660000Z,30.53
1699,20190117T044614Z,1J.TI1A.,"['CH1', 'CH2', 'CHZ']",2019-01-17T04:46:15.710000Z,4.88
1700,20190117T044758Z,1J.TI1A.,"['CH1', 'CH2', 'CHZ']",2019-01-17T04:47:58.040000Z,20.96
1701,20190117T044902Z,1J.TI1A.,"['CH1', 'CH2', 'CHZ']",2019-01-17T04:49:04.290000Z,6.35
1702,20190117T050154Z,1J.TI1A.,"['CH1', 'CH2', 'CHZ']",2019-01-17T05:01:57.930000Z,14.6
1703,20190117T051059Z,1J.TI1A.,"['CH1', 'CH2', 'CHZ']",2019-01-17T05:10:59.820000Z,8.31
1704,20190117T051215Z,1J.TI1A.,"['CH1', 'CH2', 'CHZ']",2019-01-17T05:12:15.570000Z,4.76
1705,20190117T051428Z,1J.TI1A.,"['CH1', 'CH2', 'CHZ']",2019-01-17T05:14:28.970000Z,7.06
1706,20190117T051509Z,1J.TI1A.,"['CH1', 'CH2', 'CHZ']",2019-01-17T05:15:09.300000Z,26.75
1707,20190117T052130Z,1J.TI1A.,"['CH1', 'CH2', 'CHZ']",2019-01-17T05:21:30.980000Z,6.46
1708,20190117T052817Z,1J.TI1A.,"['CH1', 'CH2', 'CHZ']",2019-01-17T05:28:17.470000Z,20.87
1709,20190117T053333Z,1J.TI1A.,"['CH1', 'CH2', 'CHZ']",2019-01-17T05:33:37.310000Z,21.64
1710,20190117T053950Z,1J.TI1A.,"['CH1', 'CH2', 'CHZ']",2019-01-17T05:39:50.700000Z,23.01
1711,20190117T054253Z,1J.TI1A.,"['CH1', 'CH2', 'CHZ']",2019-01-17T05:42:53.420000Z,5.2
1712,20190117T054328Z,1J.TI1A.,"['CH1', 'CH2', 'CHZ']",2019-01-17T05:43:30.740000Z,52.39
1713,20190117T054748Z,1J.TI1A.,"['CH1', 'CH2', 'CHZ']",2019-01-17T05:47:48.240000Z,21.9
1714,20190117T054830Z,1J.TI1A.,"['CH1', 'CH2', 'CHZ']",2019-01-17T05:48:34.770000Z,14.21
1715,20190117T055043Z,1J.TI1A.,"['CH1', 'CH2', 'CHZ']",2019-01-17T05:50:43.710000Z,7.09
1716,20190117T055310Z,1J.TI1A.,"['CH1', 'CH2', 'CHZ']",2019-01-17T05:53:10.550000Z,35.86
1717,20190117T055920Z,1J.TI1A.,"['CH1', 'CH2', 'CHZ']",2019-01-17T05:59:20.290000Z,4.05
1718,20190117T055944Z,1J.TI1A.,"['CH1', 'CH2', 'CHZ']",2019-01-17T05:59:44.800000Z,7.34
1719,20190117T060155Z,1J.TI1A.,"['CH1', 'CH2', 'CHZ']",2019-01-17T06:01:55.940000Z,67.61
1720,20190117T060843Z,1J.TI1A.,"['CH1', 'CH2', 'CHZ']",2019-01-17T06:08:43.950000Z,8.42
1721,20190117T061007Z,1J.TI1A.,"['CH1', 'CH2', 'CHZ']",2019-01-17T06:10:07.660000Z,8.73
1722,20190117T061122Z,1J.TI1A.,"['CH1', 'CH2', 'CHZ']",2019-01-17T06:11:22.600000Z,9.26
1723,20190117T061936Z,1J.TI1A.,"['CH1', 'CH2', 'CHZ']",2019-01-17T06:19:36.680000Z,12.63
1724,20190117T062030Z,1J.TI1A.,"['CH1', 'CH2', 'CHZ']",2019-01-17T06:20:30.590000Z,1.06
1725,20190117T062252Z,1J.TI1A.,"['CH1', 'CH2', 'CHZ']",2019-01-17T06:23:11.810000Z,13.12
1726,20190117T062333Z,1J.TI1A.,"['CH1', 'CH2', 'CHZ']",2019-01-17T06:23:41.800000Z,13.43
1727,20190117T063011Z,1J.TI1A.,"['CH1', 'CH2', 'CHZ']",2019-01-17T06:30:16.610000Z,9.98
1728,20190117T063154Z,1J.TI1A.,"['CH1', 'CH2', 'CHZ']",2019-01-17T06:31:54.320000Z,0.87
1729,20190117T063214Z,1J.TI1A.,"['CH1', 'CH2', 'CHZ']",2019-01-17T06:32:17.220000Z,22.72
1730,20190117T063331Z,1J.TI1A.,"['CH1', 'CH2', 'CHZ']",2019-01-17T06:33:34.840000Z,1.91
1731,20190117T063448Z,1J.TI1A.,"['CH1', 'CH2', 'CHZ']",2019-01-17T06:34:48.800000Z,4.63
1732,20190117T063652Z,1J.TI1A.,"['CH1', 'CH2', 'CHZ']",2019-01-17T06:36:52.760000Z,11.11
1733,20190117T064130Z,1J.TI1A.,"['CH1', 'CH2', 'CHZ']",2019-01-17T06:41:32.940000Z,55.13
1734,20190117T064611Z,1J.TI1A.,"['CH1', 'CH2', 'CHZ']",2019-01-17T06:46:15.220000Z,12.92
1735,20190117T070342Z,1J.TI1A.,"['CH1', 'CH2', 'CHZ']",2019-01-17T07:03:42.190000Z,8.52
1736,20190117T072109Z,1J.TI1A.,"['CH1', 'CH2', 'CHZ']",2019-01-17T07:21:09.550000Z,16.25
1737,20190117T072246Z,1J.TI1A.,"['CH1', 'CH2', 'CHZ']",2019-01-17T07:22:50.030000Z,14.75
1738,20190117T072502Z,1J.TI1A.,"['CH1', 'CH2', 'CHZ']",2019-01-17T07:25:04.160000Z,4.6
1739,20190117T072657Z,1J.TI1A.,"['CH1', 'CH2', 'CHZ']",2019-01-17T07:26:57.480000Z,2.0
1740,20190117T072717Z,1J.TI1A.,"['CH1', 'CH2', 'CHZ']",2019-01-17T07:27:18.600000Z,25.13
1741,20190117T074604Z,1J.TI1A.,"['CH1', 'CH2', 'CHZ']",2019-01-17T07:46:04.460000Z,13.25
1742,20190117T074946Z,1J.TI1A.,"['CH1', 'CH2', 'CHZ']",2019-01-17T07:49:50.980000Z,12.43
1743,20190117T075252Z,1J.TI1A.,"['CH1', 'CH2', 'CHZ']",2019-01-17T07:53:27.910000Z,19.97
1744,20190117T080630Z,1J.TI1A.,"['CH1', 'CH2', 'CHZ']",2019-01-17T08:06:30.820000Z,20.52
1745,20190117T081044Z,1J.TI1A.,"['CH1', 'CH2', 'CHZ']",2019-01-17T08:10:49.280000Z,6.83
1746,20190117T081516Z,1J.TI1A.,"['CH1', 'CH2', 'CHZ']",2019-01-17T08:15:16.370000Z,32.62
1747,20190117T082059Z,1J.TI1A.,"['CH1', 'CH2', 'CHZ']",2019-01-17T08:20:59.570000Z,59.47
1748,20190117T082707Z,1J.TI1A.,"['CH1', 'CH2', 'CHZ']",2019-01-17T08:27:11.520000Z,18.31
1749,20190117T082745Z,1J.TI1A.,"['CH1', 'CH2', 'CHZ']",2019-01-17T08:27:46.440000Z,7.5
1750,20190117T083846Z,1J.TI1A.,"['CH1', 'CH2', 'CHZ']",2019-01-17T08:38:47.890000Z,5.91
1751,20190117T084335Z,1J.TI1A.,"['CH1', 'CH2', 'CHZ']",2019-01-17T08:43:38.240000Z,51.89
1752,20190117T084717Z,1J.TI1A.,"['CH1', 'CH2', 'CHZ']",2019-01-17T08:47:21.180000Z,6.21
1753,20190117T084905Z,1J.TI1A.,"['CH1', 'CH2', 'CHZ']",2019-01-17T08:49:05.850000Z,17.15
1754,20190117T085115Z,1J.TI1A.,"['CH1', 'CH2', 'CHZ']",2019-01-17T08:51:18.900000Z,16.6
1755,20190117T085908Z,1J.TI1A.,"['CH1', 'CH2', 'CHZ']",2019-01-17T08:59:08.690000Z,8.24
1756,20190117T091035Z,1J.TI1A.,"['CH1', 'CH2', 'CHZ']",2019-01-17T09:10:37.120000Z,17.9
1757,20190117T091347Z,1J.TI1A.,"['CH1', 'CH2', 'CHZ']",2019-01-17T09:13:47.970000Z,5.68
1758,20190117T092039Z,1J.TI1A.,"['CH1', 'CH2', 'CHZ']",2019-01-17T09:20:39.650000Z,6.86
1759,20190117T092623Z,1J.TI1A.,"['CH1', 'CH2', 'CHZ']",2019-01-17T09:26:28.100000Z,7.35
1760,20190117T093442Z,1J.TI1A.,"['CH1', 'CH2', 'CHZ']",2019-01-17T09:34:42.970000Z,4.06
1761,20190117T093833Z,1J.TI1A.,"['CH1', 'CH2', 'CHZ']",2019-01-17T09:38:33.030000Z,36.69
1762,20190117T094057Z,1J.TI1A.,"['CH1', 'CH2', 'CHZ']",2019-01-17T09:40:57.320000Z,3.75
1763,20190117T094715Z,1J.TI1A.,"['CH1', 'CH2', 'CHZ']",2019-01-17T09:47:26.420000Z,51.76
1764,20190117T095309Z,1J.TI1A.,"['CH1', 'CH2', 'CHZ']",2019-01-17T09:53:09.700000Z,4.37
1765,20190117T100755Z,1J.TI1A.,"['CH1', 'CH2', 'CHZ']",2019-01-17T10:07:55.350000Z,2.88
1766,20190117T102757Z,1J.TI1A.,"['CH1', 'CH2', 'CHZ']",2019-01-17T10:27:59.380000Z,9.74
1767,20190117T103046Z,1J.TI1A.,"['CH1', 'CH2', 'CHZ']",2019-01-17T10:30:46.220000Z,19.12
1768,20190117T103300Z,1J.TI1A.,"['CH1', 'CH2', 'CHZ']",2019-01-17T10:33:00.840000Z,5.47
1769,20190117T103325Z,1J.TI1A.,"['CH1', 'CH2', 'CHZ']",2019-01-17T10:34:01.170000Z,17.46
1770,20190117T103630Z,1J.TI1A.,"['CH1', 'CH2', 'CHZ']",2019-01-17T10:36:31.570000Z,14.57
1771,20190117T103812Z,1J.TI1A.,"['CH1', 'CH2', 'CHZ']",2019-01-17T10:38:12.830000Z,19.61
1772,20190117T104332Z,1J.TI1A.,"['CH1', 'CH2', 'CHZ']",2019-01-17T10:43:32.830000Z,16.61
1773,20190117T105708Z,1J.TI1A.,"['CH1', 'CH2', 'CHZ']",2019-01-17T10:57:09.190000Z,12.28
1774,20190117T110301Z,1J.TI1A.,"['CH1', 'CH2', 'CHZ']",2019-01-17T11:03:01.010000Z,7.24
1775,20190117T110423Z,1J.TI1A.,"['CH1', 'CH2', 'CHZ']",2019-01-17T11:04:25.510000Z,52.96
1776,20190117T111519Z,1J.TI1A.,"['CH1', 'CH2', 'CHZ']",2019-01-17T11:15:19.560000Z,7.65
1777,20190117T112551Z,1J.TI1A.,"['CH1', 'CH2', 'CHZ']",2019-01-17T11:25:51.820000Z,13.75
1778,20190117T112802Z,1J.TI1A.,"['CH1', 'CH2', 'CHZ']",2019-01-17T11:28:02.190000Z,26.05
1779,20190117T113201Z,1J.TI1A.,"['CH1', 'CH2', 'CHZ']",2019-01-17T11:32:01.360000Z,1.51
1780,20190117T113709Z,1J.TI1A.,"['CH1', 'CH2', 'CHZ']",2019-01-17T11:37:09.550000Z,2.02
1781,20190117T113806Z,1J.TI1A.,"['CH1', 'CH2', 'CHZ']",2019-01-17T11:38:15.570000Z,9.44
1782,20190117T113830Z,1J.TI1A.,"['CH1', 'CH2', 'CHZ']",2019-01-17T11:38:30.820000Z,18.24
1783,20190117T114821Z,1J.TI1A.,"['CH1', 'CH2', 'CHZ']",2019-01-17T11:48:21.810000Z,4.84
1784,20190117T115943Z,1J.TI1A.,"['CH1', 'CH2', 'CHZ']",2019-01-17T11:59:43.580000Z,17.19
1785,20190117T120543Z,1J.TI1A.,"['CH1', 'CH2', 'CHZ']",2019-01-17T12:05:45.620000Z,18.43
1786,20190117T120934Z,1J.TI1A.,"['CH1', 'CH2', 'CHZ']",2019-01-17T12:09:36.230000Z,46.46
1787,20190117T121442Z,1J.TI1A.,"['CH1', 'CH2', 'CHZ']",2019-01-17T12:14:42.920000Z,13.64
1788,20190117T121506Z,1J.TI1A.,"['CH1', 'CH2', 'CHZ']",2019-01-17T12:15:06.540000Z,28.52
1789,20190117T122025Z,1J.TI1A.,"['CH1', 'CH2', 'CHZ']",2019-01-17T12:20:40.100000Z,10.75
1790,20190117T122607Z,1J.TI1A.,"['CH1', 'CH2', 'CHZ']",2019-01-17T12:26:20.400000Z,18.27
1791,20190117T122813Z,1J.TI1A.,"['CH1', 'CH2', 'CHZ']",2019-01-17T12:28:13.320000Z,22.55
1792,20190117T123925Z,1J.TI1A.,"['CH1', 'CH2', 'CHZ']",2019-01-17T12:39:25.390000Z,11.44
1793,20190117T124055Z,1J.TI1A.,"['CH1', 'CH2', 'CHZ']",2019-01-17T12:40:55.830000Z,17.52
1794,20190117T125511Z,1J.TI1A.,"['CH1', 'CH2', 'CHZ']",2019-01-17T12:55:12.190000Z,9.62
1795,20190117T125625Z,1J.TI1A.,"['CH1', 'CH2', 'CHZ']",2019-01-17T12:56:27.380000Z,2.07
1796,20190117T130340Z,1J.TI1A.,"['CH1', 'CH2', 'CHZ']",2019-01-17T13:03:40.740000Z,18.03
1797,20190117T130435Z,1J.TI1A.,"['CH1', 'CH2', 'CHZ']",2019-01-17T13:05:05.580000Z,14.07
1798,20190117T130539Z,1J.TI1A.,"['CH1', 'CH2', 'CHZ']",2019-01-17T13:05:39.320000Z,37.37
1799,20190117T132307Z,1J.TI1A.,"['CH1', 'CH2', 'CHZ']",2019-01-17T13:23:13.170000Z,15.08
1800,20190117T133745Z,1J.TI1A.,"['CH1', 'CH2', 'CHZ']",2019-01-17T13:37:45.620000Z,8.34
1801,20190117T133807Z,1J.TI1A.,"['CH1', 'CH2', 'CHZ']",2019-01-17T13:38:07.400000Z,2.83
1802,20190117T135239Z,1J.TI1A.,"['CH1', 'CH2', 'CHZ']",2019-01-17T13:52:39.390000Z,9.41
1803,20190117T135905Z,1J.TI1A.,"['CH1', 'CH2', 'CHZ']",2019-01-17T13:59:05.590000Z,11.01
1804,20190117T140156Z,1J.TI1A.,"['CH1', 'CH2', 'CHZ']",2019-01-17T14:01:56.970000Z,27.34
1805,20190117T140737Z,1J.TI1A.,"['CH1', 'CH2', 'CHZ']",2019-01-17T14:07:37.700000Z,36.7
1806,20190117T141407Z,1J.TI1A.,"['CH1', 'CH2', 'CHZ']",2019-01-17T14:14:07.090000Z,24.05
1807,20190117T142717Z,1J.TI1A.,"['CH1', 'CH2', 'CHZ']",2019-01-17T14:27:17.700000Z,65.38
1808,20190117T143005Z,1J.TI1A.,"['CH1', 'CH2', 'CHZ']",2019-01-17T14:30:05.770000Z,2.75
1809,20190117T144246Z,1J.TI1A.,"['CH1', 'CH2', 'CHZ']",2019-01-17T14:42:46.410000Z,21.35
1810,20190117T144340Z,1J.TI1A.,"['CH1', 'CH2', 'CHZ']",2019-01-17T14:43:40.400000Z,3.38
1811,20190117T144353Z,1J.TI1A.,"['CH1', 'CH2', 'CHZ']",2019-01-17T14:43:53.310000Z,10.92
1812,20190117T144553Z,1J.TI1A.,"['CH1', 'CH2', 'CHZ']",2019-01-17T14:45:53.950000Z,24.2
1813,20190117T145221Z,1J.TI1A.,"['CH1', 'CH2', 'CHZ']",2019-01-17T14:52:21.110000Z,5.84
1814,20190117T151210Z,1J.TI1A.,"['CH1', 'CH2', 'CHZ']",2019-01-17T15:12:10.710000Z,16.27
1815,20190117T151235Z,1J.TI1A.,"['CH1', 'CH2', 'CHZ']",2019-01-17T15:12:35.090000Z,8.57
1816,20190117T151608Z,1J.TI1A.,"['CH1', 'CH2', 'CHZ']",2019-01-17T15:16:11.420000Z,6.32
1817,20190117T152513Z,1J.TI1A.,"['CH1', 'CH2', 'CHZ']",2019-01-17T15:25:23.270000Z,29.17
1818,20190117T153018Z,1J.TI1A.,"['CH1', 'CH2', 'CHZ']",2019-01-17T15:30:19.050000Z,7.71
1819,20190117T153451Z,1J.TI1A.,"['CH1', 'CH2', 'CHZ']",2019-01-17T15:34:51.620000Z,8.46
1820,20190117T154052Z,1J.TI1A.,"['CH1', 'CH2', 'CHZ']",2019-01-17T15:40:52.460000Z,3.61
1821,20190117T154145Z,1J.TI1A.,"['CH1', 'CH2', 'CHZ']",2019-01-17T15:41:47.650000Z,51.24
1822,20190117T154656Z,1J.TI1A.,"['CH1', 'CH2', 'CHZ']",2019-01-17T15:46:56.860000Z,4.08
1823,20190117T155356Z,1J.TI1A.,"['CH1', 'CH2', 'CHZ']",2019-01-17T15:53:56.090000Z,24.45
1824,20190117T155814Z,1J.TI1A.,"['CH1', 'CH2', 'CHZ']",2019-01-17T15:58:26.940000Z,4.15
1825,20190117T160633Z,1J.TI1A.,"['CH1', 'CH2', 'CHZ']",2019-01-17T16:06:33.850000Z,0.99
1826,20190117T160949Z,1J.TI1A.,"['CH1', 'CH2', 'CHZ']",2019-01-17T16:09:49.600000Z,30.78
1827,20190117T161225Z,1J.TI1A.,"['CH1', 'CH2', 'CHZ']",2019-01-17T16:12:25.180000Z,6.42
1828,20190117T161531Z,1J.TI1A.,"['CH1', 'CH2', 'CHZ']",2019-01-17T16:15:31.840000Z,1.53
1829,20190117T162021Z,1J.TI1A.,"['CH1', 'CH2', 'CHZ']",2019-01-17T16:20:21.770000Z,1.3
1830,20190117T162117Z,1J.TI1A.,"['CH1', 'CH2', 'CHZ']",2019-01-17T16:21:17.770000Z,1.74
1831,20190117T162231Z,1J.TI1A.,"['CH1', 'CH2', 'CHZ']",2019-01-17T16:22:31.170000Z,2.7
1832,20190117T162553Z,1J.TI1A.,"['CH1', 'CH2', 'CHZ']",2019-01-17T16:25:53.140000Z,1.5
1833,20190117T162731Z,1J.TI1A.,"['CH1', 'CH2', 'CHZ']",2019-01-17T16:27:31.190000Z,5.56
1834,20190117T163211Z,1J.TI1A.,"['CH1', 'CH2', 'CHZ']",2019-01-17T16:32:11.310000Z,2.06
1835,20190117T163335Z,1J.TI1A.,"['CH1', 'CH2', 'CHZ']",2019-01-17T16:33:35.990000Z,2.43
1836,20190117T163719Z,1J.TI1A.,"['CH1', 'CH2', 'CHZ']",2019-01-17T16:37:19.310000Z,3.05
1837,20190117T163854Z,1J.TI1A.,"['CH1', 'CH2', 'CHZ']",2019-01-17T16:38:54.730000Z,1.53
1838,20190117T164107Z,1J.TI1A.,"['CH1', 'CH2', 'CHZ']",2019-01-17T16:41:07.600000Z,2.61
1839,20190117T164138Z,1J.TI1A.,"['CH1', 'CH2', 'CHZ']",2019-01-17T16:41:38.790000Z,2.52
1840,20190117T164223Z,1J.TI1A.,"['CH1', 'CH2', 'CHZ']",2019-01-17T16:42:23.000000Z,1.95
1841,20190117T164343Z,1J.TI1A.,"['CH1', 'CH2', 'CHZ']",2019-01-17T16:43:43.290000Z,1.57
1842,20190117T164416Z,1J.TI1A.,"['CH1', 'CH2', 'CHZ']",2019-01-17T16:44:16.240000Z,3.33
1843,20190117T164558Z,1J.TI1A.,"['CH1', 'CH2', 'CHZ']",2019-01-17T16:45:58.310000Z,2.08
1844,20190117T165257Z,1J.TI1A.,"['CH1', 'CH2', 'CHZ']",2019-01-17T16:52:57.740000Z,0.92
1845,20190117T165316Z,1J.TI1A.,"['CH1', 'CH2', 'CHZ']",2019-01-17T16:53:16.960000Z,11.25
1846,20190117T165400Z,1J.TI1A.,"['CH1', 'CH2', 'CHZ']",2019-01-17T16:54:00.270000Z,2.57
1847,20190117T165555Z,1J.TI1A.,"['CH1', 'CH2', 'CHZ']",2019-01-17T16:55:56.690000Z,52.9
1848,20190117T165839Z,1J.TI1A.,"['CH1', 'CH2', 'CHZ']",2019-01-17T16:58:39.600000Z,0.83
1849,20190117T165912Z,1J.TI1A.,"['CH1', 'CH2', 'CHZ']",2019-01-17T16:59:12.860000Z,1.75
1850,20190117T165953Z,1J.TI1A.,"['CH1', 'CH2', 'CHZ']",2019-01-17T16:59:53.100000Z,1.54
1851,20190117T170104Z,1J.TI1A.,"['CH1', 'CH2', 'CHZ']",2019-01-17T17:01:04.260000Z,13.66
1852,20190117T170201Z,1J.TI1A.,"['CH1', 'CH2', 'CHZ']",2019-01-17T17:02:01.900000Z,4.41
1853,20190117T170258Z,1J.TI1A.,"['CH1', 'CH2', 'CHZ']",2019-01-17T17:02:58.680000Z,2.24
1854,20190117T170336Z,1J.TI1A.,"['CH1', 'CH2', 'CHZ']",2019-01-17T17:03:36.740000Z,2.85
1855,20190117T170407Z,1J.TI1A.,"['CH1', 'CH2', 'CHZ']",2019-01-17T17:04:07.030000Z,2.78
1856,20190117T170427Z,1J.TI1A.,"['CH1', 'CH2', 'CHZ']",2019-01-17T17:04:27.890000Z,0.86
1857,20190117T170450Z,1J.TI1A.,"['CH1', 'CH2', 'CHZ']",2019-01-17T17:04:50.410000Z,0.65
1858,20190117T170528Z,1J.TI1A.,"['CH1', 'CH2', 'CHZ']",2019-01-17T17:05:28.020000Z,2.83
1859,20190117T170545Z,1J.TI1A.,"['CH1', 'CH2', 'CHZ']",2019-01-17T17:05:45.600000Z,1.26
1860,20190117T170615Z,1J.TI1A.,"['CH1', 'CH2', 'CHZ']",2019-01-17T17:06:15.140000Z,0.79
1861,20190117T170730Z,1J.TI1A.,"['CH1', 'CH2', 'CHZ']",2019-01-17T17:07:30.010000Z,17.58
1862,20190117T170838Z,1J.TI1A.,"['CH1', 'CH2', 'CHZ']",2019-01-17T17:08:38.510000Z,6.51
1863,20190117T171039Z,1J.TI1A.,"['CH1', 'CH2', 'CHZ']",2019-01-17T17:10:39.240000Z,3.94
1864,20190117T171204Z,1J.TI1A.,"['CH1', 'CH2', 'CHZ']",2019-01-17T17:12:04.710000Z,5.89
1865,20190117T171312Z,1J.TI1A.,"['CH1', 'CH2', 'CHZ']",2019-01-17T17:13:12.560000Z,11.12
1866,20190117T171444Z,1J.TI1A.,"['CH1', 'CH2', 'CHZ']",2019-01-17T17:14:44.100000Z,1.16
1867,20190117T171524Z,1J.TI1A.,"['CH1', 'CH2', 'CHZ']",2019-01-17T17:15:24.100000Z,2.06
1868,20190117T171534Z,1J.TI1A.,"['CH1', 'CH2', 'CHZ']",2019-01-17T17:15:34.720000Z,1.16
1869,20190117T171553Z,1J.TI1A.,"['CH1', 'CH2', 'CHZ']",2019-01-17T17:15:53.030000Z,9.42
1870,20190117T171719Z,1J.TI1A.,"['CH1', 'CH2', 'CHZ']",2019-01-17T17:17:19.630000Z,2.64
1871,20190117T171958Z,1J.TI1A.,"['CH1', 'CH2', 'CHZ']",2019-01-17T17:19:58.330000Z,8.85
1872,20190117T172218Z,1J.TI1A.,"['CH1', 'CH2', 'CHZ']",2019-01-17T17:22:18.310000Z,4.17
1873,20190117T172242Z,1J.TI1A.,"['CH1', 'CH2', 'CHZ']",2019-01-17T17:22:42.590000Z,44.38
1874,20190117T172734Z,1J.TI1A.,"['CH1', 'CH2', 'CHZ']",2019-01-17T17:27:34.840000Z,3.06
1875,20190117T172813Z,1J.TI1A.,"['CH1', 'CH2', 'CHZ']",2019-01-17T17:28:13.620000Z,0.83
1876,20190117T172857Z,1J.TI1A.,"['CH1', 'CH2', 'CHZ']",2019-01-17T17:28:57.430000Z,2.35
1877,20190117T173017Z,1J.TI1A.,"['CH1', 'CH2', 'CHZ']",2019-01-17T17:30:17.320000Z,4.88
1878,20190117T173100Z,1J.TI1A.,"['CH1', 'CH2', 'CHZ']",2019-01-17T17:31:00.080000Z,4.0
1879,20190117T173406Z,1J.TI1A.,"['CH1', 'CH2', 'CHZ']",2019-01-17T17:34:06.350000Z,1.05
1880,20190117T173530Z,1J.TI1A.,"['CH1', 'CH2', 'CHZ']",2019-01-17T17:35:30.850000Z,4.66
1881,20190117T173621Z,1J.TI1A.,"['CH1', 'CH2', 'CHZ']",2019-01-17T17:36:21.440000Z,1.49
1882,20190117T173724Z,1J.TI1A.,"['CH1', 'CH2', 'CHZ']",2019-01-17T17:37:24.410000Z,1.22
1883,20190117T173946Z,1J.TI1A.,"['CH1', 'CH2', 'CHZ']",2019-01-17T17:39:46.410000Z,1.72
1884,20190117T173953Z,1J.TI1A.,"['CH1', 'CH2', 'CHZ']",2019-01-17T17:39:53.470000Z,9.87
1885,20190117T174120Z,1J.TI1A.,"['CH1', 'CH2', 'CHZ']",2019-01-17T17:41:20.440000Z,2.33
1886,20190117T174235Z,1J.TI1A.,"['CH1', 'CH2', 'CHZ']",2019-01-17T17:42:35.510000Z,1.75
1887,20190117T174257Z,1J.TI1A.,"['CH1', 'CH2', 'CHZ']",2019-01-17T17:42:57.060000Z,8.24
1888,20190117T174340Z,1J.TI1A.,"['CH1', 'CH2', 'CHZ']",2019-01-17T17:43:40.120000Z,2.34
1889,20190117T174442Z,1J.TI1A.,"['CH1', 'CH2', 'CHZ']",2019-01-17T17:44:42.930000Z,1.6
1890,20190117T174502Z,1J.TI1A.,"['CH1', 'CH2', 'CHZ']",2019-01-17T17:45:15.900000Z,17.71
1891,20190117T174627Z,1J.TI1A.,"['CH1', 'CH2', 'CHZ']",2019-01-17T17:46:27.900000Z,1.42
1892,20190117T174651Z,1J.TI1A.,"['CH1', 'CH2', 'CHZ']",2019-01-17T17:46:51.280000Z,1.76
1893,20190117T174814Z,1J.TI1A.,"['CH1', 'CH2', 'CHZ']",2019-01-17T17:48:14.950000Z,0.77
1894,20190117T174919Z,1J.TI1A.,"['CH1', 'CH2', 'CHZ']",2019-01-17T17:49:19.590000Z,11.39
1895,20190117T174950Z,1J.TI1A.,"['CH1', 'CH2', 'CHZ']",2019-01-17T17:49:50.570000Z,1.32
1896,20190117T175123Z,1J.TI1A.,"['CH1', 'CH2', 'CHZ']",2019-01-17T17:51:23.520000Z,1.12
1897,20190117T175221Z,1J.TI1A.,"['CH1', 'CH2', 'CHZ']",2019-01-17T17:52:21.200000Z,5.2
1898,20190117T175341Z,1J.TI1A.,"['CH1', 'CH2', 'CHZ']",2019-01-17T17:53:41.610000Z,19.57
1899,20190117T175433Z,1J.TI1A.,"['CH1', 'CH2', 'CHZ']",2019-01-17T17:54:33.410000Z,3.08
1900,20190117T175502Z,1J.TI1A.,"['CH1', 'CH2', 'CHZ']",2019-01-17T17:55:10.030000Z,1.64
1901,20190117T175543Z,1J.TI1A.,"['CH1', 'CH2', 'CHZ']",2019-01-17T17:55:43.810000Z,38.27
1902,20190117T175745Z,1J.TI1A.,"['CH1', 'CH2', 'CHZ']",2019-01-17T17:57:45.380000Z,2.36
1903,20190117T175811Z,1J.TI1A.,"['CH1', 'CH2', 'CHZ']",2019-01-17T17:58:11.440000Z,0.81
1904,20190117T175909Z,1J.TI1A.,"['CH1', 'CH2', 'CHZ']",2019-01-17T17:59:09.200000Z,1.2
1905,20190117T175946Z,1J.TI1A.,"['CH1', 'CH2', 'CHZ']",2019-01-17T17:59:46.150000Z,2.63
1906,20190117T180024Z,1J.TI1A.,"['CH1', 'CH2', 'CHZ']",2019-01-17T18:00:24.640000Z,1.87
1907,20190117T180405Z,1J.TI1A.,"['CH1', 'CH2', 'CHZ']",2019-01-17T18:04:05.530000Z,1.92
1908,20190117T180519Z,1J.TI1A.,"['CH1', 'CH2', 'CHZ']",2019-01-17T18:05:19.600000Z,9.29
1909,20190117T180840Z,1J.TI1A.,"['CH1', 'CH2', 'CHZ']",2019-01-17T18:08:40.070000Z,21.2
1910,20190117T181133Z,1J.TI1A.,"['CH1', 'CH2', 'CHZ']",2019-01-17T18:11:33.290000Z,2.74
1911,20190117T181321Z,1J.TI1A.,"['CH1', 'CH2', 'CHZ']",2019-01-17T18:13:21.760000Z,2.91
1912,20190117T181332Z,1J.TI1A.,"['CH1', 'CH2', 'CHZ']",2019-01-17T18:13:32.640000Z,4.5
1913,20190117T181636Z,1J.TI1A.,"['CH1', 'CH2', 'CHZ']",2019-01-17T18:16:36.820000Z,1.27
1914,20190117T181932Z,1J.TI1A.,"['CH1', 'CH2', 'CHZ']",2019-01-17T18:19:32.370000Z,4.68
1915,20190117T182005Z,1J.TI1A.,"['CH1', 'CH2', 'CHZ']",2019-01-17T18:20:05.350000Z,9.18
1916,20190117T182139Z,1J.TI1A.,"['CH1', 'CH2', 'CHZ']",2019-01-17T18:21:45.780000Z,8.2
1917,20190117T182207Z,1J.TI1A.,"['CH1', 'CH2', 'CHZ']",2019-01-17T18:22:07.750000Z,19.01
1918,20190117T182247Z,1J.TI1A.,"['CH1', 'CH2', 'CHZ']",2019-01-17T18:22:48.010000Z,2.55
1919,20190117T182342Z,1J.TI1A.,"['CH1', 'CH2', 'CHZ']",2019-01-17T18:23:44.070000Z,1.59
1920,20190117T182405Z,1J.TI1A.,"['CH1', 'CH2', 'CHZ']",2019-01-17T18:24:05.020000Z,3.56
1921,20190117T182449Z,1J.TI1A.,"['CH1', 'CH2', 'CHZ']",2019-01-17T18:24:49.240000Z,3.93
1922,20190117T182515Z,1J.TI1A.,"['CH1', 'CH2', 'CHZ']",2019-01-17T18:25:15.790000Z,1.75
1923,20190117T182552Z,1J.TI1A.,"['CH1', 'CH2', 'CHZ']",2019-01-17T18:25:52.250000Z,8.74
1924,20190117T182605Z,1J.TI1A.,"['CH1', 'CH2', 'CHZ']",2019-01-17T18:26:31.070000Z,39.02
1925,20190117T182829Z,1J.TI1A.,"['CH1', 'CH2', 'CHZ']",2019-01-17T18:28:29.930000Z,2.2
1926,20190117T182904Z,1J.TI1A.,"['CH1', 'CH2', 'CHZ']",2019-01-17T18:29:04.510000Z,2.71
1927,20190117T182934Z,1J.TI1A.,"['CH1', 'CH2', 'CHZ']",2019-01-17T18:29:37.760000Z,0.91
1928,20190117T183121Z,1J.TI1A.,"['CH1', 'CH2', 'CHZ']",2019-01-17T18:31:21.860000Z,0.7
1929,20190117T183146Z,1J.TI1A.,"['CH1', 'CH2', 'CHZ']",2019-01-17T18:31:46.330000Z,1.4
1930,20190117T183219Z,1J.TI1A.,"['CH1', 'CH2', 'CHZ']",2019-01-17T18:32:19.280000Z,1.4
1931,20190117T183254Z,1J.TI1A.,"['CH1', 'CH2', 'CHZ']",2019-01-17T18:32:54.830000Z,6.94
1932,20190117T183333Z,1J.TI1A.,"['CH1', 'CH2', 'CHZ']",2019-01-17T18:33:34.350000Z,1.11
1933,20190117T183348Z,1J.TI1A.,"['CH1', 'CH2', 'CHZ']",2019-01-17T18:33:56.950000Z,2.46
1934,20190117T183425Z,1J.TI1A.,"['CH1', 'CH2', 'CHZ']",2019-01-17T18:34:25.840000Z,6.16
1935,20190117T183530Z,1J.TI1A.,"['CH1', 'CH2', 'CHZ']",2019-01-17T18:35:30.910000Z,0.98
1936,20190117T183546Z,1J.TI1A.,"['CH1', 'CH2', 'CHZ']",2019-01-17T18:35:46.830000Z,4.82
1937,20190117T183616Z,1J.TI1A.,"['CH1', 'CH2', 'CHZ']",2019-01-17T18:36:16.510000Z,1.17
1938,20190117T183649Z,1J.TI1A.,"['CH1', 'CH2', 'CHZ']",2019-01-17T18:36:49.460000Z,18.02
1939,20190117T183813Z,1J.TI1A.,"['CH1', 'CH2', 'CHZ']",2019-01-17T18:38:13.600000Z,1.22
1940,20190117T183921Z,1J.TI1A.,"['CH1', 'CH2', 'CHZ']",2019-01-17T18:39:21.290000Z,4.67
1941,20190117T184113Z,1J.TI1A.,"['CH1', 'CH2', 'CHZ']",2019-01-17T18:41:13.180000Z,1.36
1942,20190117T184155Z,1J.TI1A.,"['CH1', 'CH2', 'CHZ']",2019-01-17T18:41:55.460000Z,3.11
1943,20190117T184240Z,1J.TI1A.,"['CH1', 'CH2', 'CHZ']",2019-01-17T18:42:40.760000Z,13.13
1944,20190117T184310Z,1J.TI1A.,"['CH1', 'CH2', 'CHZ']",2019-01-17T18:43:10.930000Z,1.88
1945,20190117T184520Z,1J.TI1A.,"['CH1', 'CH2', 'CHZ']",2019-01-17T18:45:20.640000Z,3.44
1946,20190117T184609Z,1J.TI1A.,"['CH1', 'CH2', 'CHZ']",2019-01-17T18:46:09.520000Z,0.94
1947,20190117T184715Z,1J.TI1A.,"['CH1', 'CH2', 'CHZ']",2019-01-17T18:47:15.890000Z,13.08
1948,20190117T184805Z,1J.TI1A.,"['CH1', 'CH2', 'CHZ']",2019-01-17T18:48:06.630000Z,12.39
1949,20190117T184928Z,1J.TI1A.,"['CH1', 'CH2', 'CHZ']",2019-01-17T18:49:29.540000Z,2.14
1950,20190117T185034Z,1J.TI1A.,"['CH1', 'CH2', 'CHZ']",2019-01-17T18:50:34.880000Z,2.67
1951,20190117T185043Z,1J.TI1A.,"['CH1', 'CH2', 'CHZ']",2019-01-17T18:50:54.540000Z,1.2
1952,20190117T185233Z,1J.TI1A.,"['CH1', 'CH2', 'CHZ']",2019-01-17T18:52:33.050000Z,32.48
1953,20190117T185731Z,1J.TI1A.,"['CH1', 'CH2', 'CHZ']",2019-01-17T18:57:48.210000Z,14.01
1954,20190117T185952Z,1J.TI1A.,"['CH1', 'CH2', 'CHZ']",2019-01-17T18:59:52.860000Z,1.85
1955,20190117T190117Z,1J.TI1A.,"['CH1', 'CH2', 'CHZ']",2019-01-17T19:01:17.340000Z,2.93
1956,20190117T190226Z,1J.TI1A.,"['CH1', 'CH2', 'CHZ']",2019-01-17T19:02:26.330000Z,1.39
1957,20190117T190254Z,1J.TI1A.,"['CH1', 'CH2', 'CHZ']",2019-01-17T19:02:54.640000Z,12.76
1958,20190117T190458Z,1J.TI1A.,"['CH1', 'CH2', 'CHZ']",2019-01-17T19:04:58.830000Z,17.81
1959,20190117T190605Z,1J.TI1A.,"['CH1', 'CH2', 'CHZ']",2019-01-17T19:06:14.260000Z,4.2
1960,20190117T190644Z,1J.TI1A.,"['CH1', 'CH2', 'CHZ']",2019-01-17T19:06:45.530000Z,12.64
1961,20190117T190758Z,1J.TI1A.,"['CH1', 'CH2', 'CHZ']",2019-01-17T19:07:58.260000Z,1.19
1962,20190117T190853Z,1J.TI1A.,"['CH1', 'CH2', 'CHZ']",2019-01-17T19:08:53.790000Z,2.87
1963,20190117T190955Z,1J.TI1A.,"['CH1', 'CH2', 'CHZ']",2019-01-17T19:09:55.160000Z,1.17
1964,20190117T191041Z,1J.TI1A.,"['CH1', 'CH2', 'CHZ']",2019-01-17T19:10:41.670000Z,7.3
1965,20190117T191205Z,1J.TI1A.,"['CH1', 'CH2', 'CHZ']",2019-01-17T19:12:06.260000Z,11.66
1966,20190117T191344Z,1J.TI1A.,"['CH1', 'CH2', 'CHZ']",2019-01-17T19:13:44.060000Z,40.01
1967,20190117T191538Z,1J.TI1A.,"['CH1', 'CH2', 'CHZ']",2019-01-17T19:15:38.110000Z,1.03
1968,20190117T191601Z,1J.TI1A.,"['CH1', 'CH2', 'CHZ']",2019-01-17T19:16:01.920000Z,2.3
1969,20190117T191629Z,1J.TI1A.,"['CH1', 'CH2', 'CHZ']",2019-01-17T19:16:29.790000Z,2.38
1970,20190117T191709Z,1J.TI1A.,"['CH1', 'CH2', 'CHZ']",2019-01-17T19:17:09.130000Z,18.07
1971,20190117T191851Z,1J.TI1A.,"['CH1', 'CH2', 'CHZ']",2019-01-17T19:18:51.760000Z,1.85
1972,20190117T192012Z,1J.TI1A.,"['CH1', 'CH2', 'CHZ']",2019-01-17T19:20:12.090000Z,1.48
1973,20190117T192021Z,1J.TI1A.,"['CH1', 'CH2', 'CHZ']",2019-01-17T19:20:21.600000Z,0.89
1974,20190117T192040Z,1J.TI1A.,"['CH1', 'CH2', 'CHZ']",2019-01-17T19:20:40.660000Z,3.95
1975,20190117T192208Z,1J.TI1A.,"['CH1', 'CH2', 'CHZ']",2019-01-17T19:22:08.400000Z,28.36
1976,20190117T192335Z,1J.TI1A.,"['CH1', 'CH2', 'CHZ']",2019-01-17T19:23:35.470000Z,2.92
1977,20190117T192445Z,1J.TI1A.,"['CH1', 'CH2', 'CHZ']",2019-01-17T19:24:45.840000Z,4.01
1978,20190117T192601Z,1J.TI1A.,"['CH1', 'CH2', 'CHZ']",2019-01-17T19:26:01.660000Z,4.1
1979,20190117T192701Z,1J.TI1A.,"['CH1', 'CH2', 'CHZ']",2019-01-17T19:27:01.840000Z,5.36
1980,20190117T192727Z,1J.TI1A.,"['CH1', 'CH2', 'CHZ']",2019-01-17T19:27:27.260000Z,1.7
1981,20190117T192748Z,1J.TI1A.,"['CH1', 'CH2', 'CHZ']",2019-01-17T19:27:48.370000Z,4.23
1982,20190117T192922Z,1J.TI1A.,"['CH1', 'CH2', 'CHZ']",2019-01-17T19:29:22.060000Z,6.59
1983,20190117T193006Z,1J.TI1A.,"['CH1', 'CH2', 'CHZ']",2019-01-17T19:30:08.150000Z,0.79
1984,20190117T193017Z,1J.TI1A.,"['CH1', 'CH2', 'CHZ']",2019-01-17T19:30:17.710000Z,2.91
1985,20190117T193051Z,1J.TI1A.,"['CH1', 'CH2', 'CHZ']",2019-01-17T19:30:51.530000Z,2.79
1986,20190117T193111Z,1J.TI1A.,"['CH1', 'CH2', 'CHZ']",2019-01-17T19:31:11.300000Z,7.87
1987,20190117T193239Z,1J.TI1A.,"['CH1', 'CH2', 'CHZ']",2019-01-17T19:32:39.460000Z,10.31
1988,20190117T193515Z,1J.TI1A.,"['CH1', 'CH2', 'CHZ']",2019-01-17T19:35:15.570000Z,6.51
1989,20190117T193540Z,1J.TI1A.,"['CH1', 'CH2', 'CHZ']",2019-01-17T19:35:40.910000Z,5.85
1990,20190117T193833Z,1J.TI1A.,"['CH1', 'CH2', 'CHZ']",2019-01-17T19:38:33.860000Z,6.54
1991,20190117T193912Z,1J.TI1A.,"['CH1', 'CH2', 'CHZ']",2019-01-17T19:39:15.260000Z,52.72
1992,20190117T194039Z,1J.TI1A.,"['CH1', 'CH2', 'CHZ']",2019-01-17T19:40:41.140000Z,1.18
1993,20190117T194132Z,1J.TI1A.,"['CH1', 'CH2', 'CHZ']",2019-01-17T19:41:32.920000Z,1.45
1994,20190117T194214Z,1J.TI1A.,"['CH1', 'CH2', 'CHZ']",2019-01-17T19:42:15.200000Z,4.79
1995,20190117T194315Z,1J.TI1A.,"['CH1', 'CH2', 'CHZ']",2019-01-17T19:43:15.790000Z,0.96
1996,20190117T194324Z,1J.TI1A.,"['CH1', 'CH2', 'CHZ']",2019-01-17T19:43:24.370000Z,23.3
1997,20190117T194444Z,1J.TI1A.,"['CH1', 'CH2', 'CHZ']",2019-01-17T19:44:44.400000Z,3.25
1998,20190117T194544Z,1J.TI1A.,"['CH1', 'CH2', 'CHZ']",2019-01-17T19:45:44.820000Z,4.8
1999,20190117T194634Z,1J.TI1A.,"['CH1', 'CH2', 'CHZ']",2019-01-17T19:46:34.160000Z,1.07
2000,20190117T194843Z,1J.TI1A.,"['CH1', 'CH2', 'CHZ']",2019-01-17T19:48:43.100000Z,1.32
2001,20190117T194853Z,1J.TI1A.,"['CH1', 'CH2', 'CHZ']",2019-01-17T19:48:53.280000Z,3.76
2002,20190117T195011Z,1J.TI1A.,"['CH1', 'CH2', 'CHZ']",2019-01-17T19:50:11.390000Z,6.99
2003,20190117T195115Z,1J.TI1A.,"['CH1', 'CH2', 'CHZ']",2019-01-17T19:51:15.800000Z,2.53
2004,20190117T195149Z,1J.TI1A.,"['CH1', 'CH2', 'CHZ']",2019-01-17T19:51:49.200000Z,2.89
2005,20190117T195240Z,1J.TI1A.,"['CH1', 'CH2', 'CHZ']",2019-01-17T19:52:40.110000Z,3.29
2006,20190117T195254Z,1J.TI1A.,"['CH1', 'CH2', 'CHZ']",2019-01-17T19:52:54.530000Z,1.73
2007,20190117T195333Z,1J.TI1A.,"['CH1', 'CH2', 'CHZ']",2019-01-17T19:53:33.220000Z,1.25
2008,20190117T195344Z,1J.TI1A.,"['CH1', 'CH2', 'CHZ']",2019-01-17T19:53:44.020000Z,3.91
2009,20190117T195434Z,1J.TI1A.,"['CH1', 'CH2', 'CHZ']",2019-01-17T19:54:34.100000Z,11.21
2010,20190117T195453Z,1J.TI1A.,"['CH1', 'CH2', 'CHZ']",2019-01-17T19:54:53.410000Z,30.54
2011,20190117T195633Z,1J.TI1A.,"['CH1', 'CH2', 'CHZ']",2019-01-17T19:56:33.560000Z,1.38
2012,20190117T195702Z,1J.TI1A.,"['CH1', 'CH2', 'CHZ']",2019-01-17T19:57:05.600000Z,1.55
2013,20190117T195714Z,1J.TI1A.,"['CH1', 'CH2', 'CHZ']",2019-01-17T19:57:14.700000Z,1.76
2014,20190117T195731Z,1J.TI1A.,"['CH1', 'CH2', 'CHZ']",2019-01-17T19:57:31.290000Z,3.3
2015,20190117T195747Z,1J.TI1A.,"['CH1', 'CH2', 'CHZ']",2019-01-17T19:57:47.340000Z,0.79
2016,20190117T195815Z,1J.TI1A.,"['CH1', 'CH2', 'CHZ']",2019-01-17T19:58:15.880000Z,1.33
2017,20190117T195927Z,1J.TI1A.,"['CH1', 'CH2', 'CHZ']",2019-01-17T19:59:27.880000Z,1.42
2018,20190117T195943Z,1J.TI1A.,"['CH1', 'CH2', 'CHZ']",2019-01-17T19:59:43.990000Z,1.38
2019,20190117T195959Z,1J.TI1A.,"['CH1', 'CH2', 'CHZ']",2019-01-17T19:59:59.720000Z,6.67
2020,20190117T200158Z,1J.TI1A.,"['CH1', 'CH2', 'CHZ']",2019-01-17T20:01:58.150000Z,3.71
2021,20190117T200243Z,1J.TI1A.,"['CH1', 'CH2', 'CHZ']",2019-01-17T20:02:43.520000Z,1.64
2022,20190117T200356Z,1J.TI1A.,"['CH1', 'CH2', 'CHZ']",2019-01-17T20:03:58.970000Z,8.5
2023,20190117T200454Z,1J.TI1A.,"['CH1', 'CH2', 'CHZ']",2019-01-17T20:04:54.200000Z,4.06
2024,20190117T200541Z,1J.TI1A.,"['CH1', 'CH2', 'CHZ']",2019-01-17T20:05:41.880000Z,5.77
2025,20190117T200620Z,1J.TI1A.,"['CH1', 'CH2', 'CHZ']",2019-01-17T20:06:20.140000Z,3.52
2026,20190117T200634Z,1J.TI1A.,"['CH1', 'CH2', 'CHZ']",2019-01-17T20:06:53.020000Z,39.26
2027,20190117T200824Z,1J.TI1A.,"['CH1', 'CH2', 'CHZ']",2019-01-17T20:08:24.270000Z,16.84
2028,20190117T200846Z,1J.TI1A.,"['CH1', 'CH2', 'CHZ']",2019-01-17T20:08:46.560000Z,25.9
2029,20190117T200918Z,1J.TI1A.,"['CH1', 'CH2', 'CHZ']",2019-01-17T20:09:18.720000Z,4.8
2030,20190117T200928Z,1J.TI1A.,"['CH1', 'CH2', 'CHZ']",2019-01-17T20:09:29.500000Z,6.39
2031,20190117T201021Z,1J.TI1A.,"['CH1', 'CH2', 'CHZ']",2019-01-17T20:10:21.700000Z,1.03
2032,20190117T201053Z,1J.TI1A.,"['CH1', 'CH2', 'CHZ']",2019-01-17T20:10:53.460000Z,1.2
2033,20190117T201205Z,1J.TI1A.,"['CH1', 'CH2', 'CHZ']",2019-01-17T20:12:05.660000Z,1.75
2034,20190117T201218Z,1J.TI1A.,"['CH1', 'CH2', 'CHZ']",2019-01-17T20:12:18.720000Z,1.84
2035,20190117T201231Z,1J.TI1A.,"['CH1', 'CH2', 'CHZ']",2019-01-17T20:12:32.070000Z,13.14
2036,20190117T201518Z,1J.TI1A.,"['CH1', 'CH2', 'CHZ']",2019-01-17T20:15:18.910000Z,18.42
2037,20190117T201606Z,1J.TI1A.,"['CH1', 'CH2', 'CHZ']",2019-01-17T20:16:06.950000Z,17.92
2038,20190117T201649Z,1J.TI1A.,"['CH1', 'CH2', 'CHZ']",2019-01-17T20:16:49.280000Z,14.75
2039,20190117T202120Z,1J.TI1A.,"['CH1', 'CH2', 'CHZ']",2019-01-17T20:22:02.690000Z,15.56
2040,20190117T202253Z,1J.TI1A.,"['CH1', 'CH2', 'CHZ']",2019-01-17T20:22:53.700000Z,0.99
2041,20190117T202347Z,1J.TI1A.,"['CH1', 'CH2', 'CHZ']",2019-01-17T20:23:47.820000Z,4.58
2042,20190117T202422Z,1J.TI1A.,"['CH1', 'CH2', 'CHZ']",2019-01-17T20:24:40.820000Z,1.41
2043,20190117T202508Z,1J.TI1A.,"['CH1', 'CH2', 'CHZ']",2019-01-17T20:25:08.690000Z,2.31
2044,20190117T202530Z,1J.TI1A.,"['CH1', 'CH2', 'CHZ']",2019-01-17T20:25:30.400000Z,3.15
2045,20190117T202547Z,1J.TI1A.,"['CH1', 'CH2', 'CHZ']",2019-01-17T20:25:48.060000Z,11.33
2046,20190117T202609Z,1J.TI1A.,"['CH1', 'CH2', 'CHZ']",2019-01-17T20:26:09.190000Z,1.19
2047,20190117T202611Z,1J.TI1A.,"['CH1', 'CH2', 'CHZ']",2019-01-17T20:26:30.560000Z,58.49
2048,20190117T202813Z,1J.TI1A.,"['CH1', 'CH2', 'CHZ']",2019-01-17T20:28:13.980000Z,2.27
2049,20190117T202822Z,1J.TI1A.,"['CH1', 'CH2', 'CHZ']",2019-01-17T20:28:22.630000Z,1.31
2050,20190117T202846Z,1J.TI1A.,"['CH1', 'CH2', 'CHZ']",2019-01-17T20:28:50.480000Z,11.41
2051,20190117T202921Z,1J.TI1A.,"['CH1', 'CH2', 'CHZ']",2019-01-17T20:29:21.430000Z,0.72
2052,20190117T202945Z,1J.TI1A.,"['CH1', 'CH2', 'CHZ']",2019-01-17T20:29:56.920000Z,33.57
2053,20190117T203050Z,1J.TI1A.,"['CH1', 'CH2', 'CHZ']",2019-01-17T20:30:50.900000Z,1.6
2054,20190117T203205Z,1J.TI1A.,"['CH1', 'CH2', 'CHZ']",2019-01-17T20:32:06.010000Z,13.08
2055,20190117T203236Z,1J.TI1A.,"['CH1', 'CH2', 'CHZ']",2019-01-17T20:32:36.070000Z,4.05
2056,20190117T203316Z,1J.TI1A.,"['CH1', 'CH2', 'CHZ']",2019-01-17T20:33:16.530000Z,4.11
2057,20190117T203340Z,1J.TI1A.,"['CH1', 'CH2', 'CHZ']",2019-01-17T20:33:40.760000Z,11.18
2058,20190117T203352Z,1J.TI1A.,"['CH1', 'CH2', 'CHZ']",2019-01-17T20:33:57.760000Z,1.53
2059,20190117T203431Z,1J.TI1A.,"['CH1', 'CH2', 'CHZ']",2019-01-17T20:34:31.100000Z,1.06
2060,20190117T203441Z,1J.TI1A.,"['CH1', 'CH2', 'CHZ']",2019-01-17T20:34:41.100000Z,1.97
2061,20190117T203615Z,1J.TI1A.,"['CH1', 'CH2', 'CHZ']",2019-01-17T20:36:15.460000Z,2.53
2062,20190117T203656Z,1J.TI1A.,"['CH1', 'CH2', 'CHZ']",2019-01-17T20:36:56.780000Z,8.75
2063,20190117T203721Z,1J.TI1A.,"['CH1', 'CH2', 'CHZ']",2019-01-17T20:37:21.090000Z,15.4
2064,20190117T203841Z,1J.TI1A.,"['CH1', 'CH2', 'CHZ']",2019-01-17T20:38:41.480000Z,2.19
2065,20190117T203859Z,1J.TI1A.,"['CH1', 'CH2', 'CHZ']",2019-01-17T20:38:59.090000Z,1.44
2066,20190117T203935Z,1J.TI1A.,"['CH1', 'CH2', 'CHZ']",2019-01-17T20:39:35.150000Z,4.53
2067,20190117T204216Z,1J.TI1A.,"['CH1', 'CH2', 'CHZ']",2019-01-17T20:42:16.420000Z,13.97
2068,20190117T204413Z,1J.TI1A.,"['CH1', 'CH2', 'CHZ']",2019-01-17T20:44:13.950000Z,2.87
2069,20190117T204505Z,1J.TI1A.,"['CH1', 'CH2', 'CHZ']",2019-01-17T20:45:05.540000Z,0.91
2070,20190117T204548Z,1J.TI1A.,"['CH1', 'CH2', 'CHZ']",2019-01-17T20:45:50.530000Z,2.37
2071,20190117T204603Z,1J.TI1A.,"['CH1', 'CH2', 'CHZ']",2019-01-17T20:46:03.490000Z,0.86
2072,20190117T204611Z,1J.TI1A.,"['CH1', 'CH2', 'CHZ']",2019-01-17T20:46:13.840000Z,0.78
2073,20190117T204916Z,1J.TI1A.,"['CH1', 'CH2', 'CHZ']",2019-01-17T20:49:16.620000Z,12.5
2074,20190117T204951Z,1J.TI1A.,"['CH1', 'CH2', 'CHZ']",2019-01-17T20:49:51.360000Z,2.4
2075,20190117T205022Z,1J.TI1A.,"['CH1', 'CH2', 'CHZ']",2019-01-17T20:50:22.310000Z,2.37
2076,20190117T205240Z,1J.TI1A.,"['CH1', 'CH2', 'CHZ']",2019-01-17T20:52:40.530000Z,3.48
2077,20190117T205600Z,1J.TI1A.,"['CH1', 'CH2', 'CHZ']",2019-01-17T20:56:00.080000Z,43.47
2078,20190117T205731Z,1J.TI1A.,"['CH1', 'CH2', 'CHZ']",2019-01-17T20:57:31.200000Z,0.91
2079,20190117T210017Z,1J.TI1A.,"['CH1', 'CH2', 'CHZ']",2019-01-17T21:00:17.570000Z,2.44
2080,20190117T210330Z,1J.TI1A.,"['CH1', 'CH2', 'CHZ']",2019-01-17T21:03:30.470000Z,23.29
2081,20190117T210656Z,1J.TI1A.,"['CH1', 'CH2', 'CHZ']",2019-01-17T21:06:56.410000Z,1.05
2082,20190117T210737Z,1J.TI1A.,"['CH1', 'CH2', 'CHZ']",2019-01-17T21:07:39.070000Z,18.87
2083,20190117T211412Z,1J.TI1A.,"['CH1', 'CH2', 'CHZ']",2019-01-17T21:14:12.860000Z,16.41
2084,20190117T212345Z,1J.TI1A.,"['CH1', 'CH2', 'CHZ']",2019-01-17T21:23:45.040000Z,17.83
2085,20190117T212618Z,1J.TI1A.,"['CH1', 'CH2', 'CHZ']",2019-01-17T21:26:18.540000Z,2.17
2086,20190117T212728Z,1J.TI1A.,"['CH1', 'CH2', 'CHZ']",2019-01-17T21:27:28.110000Z,9.74
2087,20190117T213437Z,1J.TI1A.,"['CH1', 'CH2', 'CHZ']",2019-01-17T21:34:37.330000Z,53.54
2088,20190117T213627Z,1J.TI1A.,"['CH1', 'CH2', 'CHZ']",2019-01-17T21:36:27.670000Z,45.86
2089,20190117T214130Z,1J.TI1A.,"['CH1', 'CH2', 'CHZ']",2019-01-17T21:41:34.400000Z,15.68
2090,20190117T214254Z,1J.TI1A.,"['CH1', 'CH2', 'CHZ']",2019-01-17T21:42:54.470000Z,9.52
2091,20190117T215735Z,1J.TI1A.,"['CH1', 'CH2', 'CHZ']",2019-01-17T21:57:35.280000Z,11.65
2092,20190117T220149Z,1J.TI1A.,"['CH1', 'CH2', 'CHZ']",2019-01-17T22:01:49.540000Z,20.67
2093,20190117T220627Z,1J.TI1A.,"['CH1', 'CH2', 'CHZ']",2019-01-17T22:06:27.170000Z,11.69
2094,20190117T220910Z,1J.TI1A.,"['CH1', 'CH2', 'CHZ']",2019-01-17T22:09:17.220000Z,16.45
2095,20190117T221135Z,1J.TI1A.,"['CH1', 'CH2', 'CHZ']",2019-01-17T22:11:35.420000Z,54.28
2096,20190117T222823Z,1J.TI1A.,"['CH1', 'CH2', 'CHZ']",2019-01-17T22:28:23.930000Z,7.53
2097,20190117T222952Z,1J.TI1A.,"['CH1', 'CH2', 'CHZ']",2019-01-17T22:30:07.310000Z,4.92
2098,20190117T223225Z,1J.TI1A.,"['CH1', 'CH2', 'CHZ']",2019-01-17T22:32:25.860000Z,29.69
2099,20190117T223309Z,1J.TI1A.,"['CH1', 'CH2', 'CHZ']",2019-01-17T22:33:45.510000Z,1.61
2100,20190117T224053Z,1J.TI1A.,"['CH1', 'CH2', 'CHZ']",2019-01-17T22:40:53.130000Z,6.27
2101,20190117T224255Z,1J.TI1A.,"['CH1', 'CH2', 'CHZ']",2019-01-17T22:42:55.040000Z,7.24
2102,20190117T224837Z,1J.TI1A.,"['CH1', 'CH2', 'CHZ']",2019-01-17T22:48:37.370000Z,2.98
2103,20190117T225310Z,1J.TI1A.,"['CH1', 'CH2', 'CHZ']",2019-01-17T22:53:10.590000Z,57.49
2104,20190117T230030Z,1J.TI1A.,"['CH1', 'CH2', 'CHZ']",2019-01-17T23:00:30.570000Z,9.03
2105,20190117T230054Z,1J.TI1A.,"['CH1', 'CH2', 'CHZ']",2019-01-17T23:00:56.160000Z,2.66
2106,20190117T230542Z,1J.TI1A.,"['CH1', 'CH2', 'CHZ']",2019-01-17T23:05:42.050000Z,11.63
2107,20190117T230618Z,1J.TI1A.,"['CH1', 'CH2', 'CHZ']",2019-01-17T23:06:18.700000Z,2.48
2108,20190117T230931Z,1J.TI1A.,"['CH1', 'CH2', 'CHZ']",2019-01-17T23:09:33.420000Z,2.08
2109,20190117T231331Z,1J.TI1A.,"['CH1', 'CH2', 'CHZ']",2019-01-17T23:13:31.170000Z,4.0
2110,20190117T231359Z,1J.TI1A.,"['CH1', 'CH2', 'CHZ']",2019-01-17T23:14:02.380000Z,23.35
2111,20190117T231822Z,1J.TI1A.,"['CH1', 'CH2', 'CHZ']",2019-01-17T23:18:22.470000Z,13.32
2112,20190117T232053Z,1J.TI1A.,"['CH1', 'CH2', 'CHZ']",2019-01-17T23:20:53.790000Z,6.99
2113,20190117T232353Z,1J.TI1A.,"['CH1', 'CH2', 'CHZ']",2019-01-17T23:23:53.970000Z,6.33
2114,20190117T232657Z,1J.TI1A.,"['CH1', 'CH2', 'CHZ']",2019-01-17T23:26:57.310000Z,2.89
2115,20190117T232750Z,1J.TI1A.,"['CH1', 'CH2', 'CHZ']",2019-01-17T23:27:50.330000Z,23.76
2116,20190117T232849Z,1J.TI1A.,"['CH1', 'CH2', 'CHZ']",2019-01-17T23:28:49.600000Z,2.07
2117,20190117T233237Z,1J.TI1A.,"['CH1', 'CH2', 'CHZ']",2019-01-17T23:32:37.780000Z,12.26
2118,20190117T233322Z,1J.TI1A.,"['CH1', 'CH2', 'CHZ']",2019-01-17T23:33:22.850000Z,5.03
2119,20190117T233847Z,1J.TI1A.,"['CH1', 'CH2', 'CHZ']",2019-01-17T23:38:47.120000Z,1.95
2120,20190117T234453Z,1J.TI1A.,"['CH1', 'CH2', 'CHZ']",2019-01-17T23:44:53.850000Z,25.04
2121,20190117T234602Z,1J.TI1A.,"['CH1', 'CH2', 'CHZ']",2019-01-17T23:46:36.140000Z,3.68
2122,20190117T234846Z,1J.TI1A.,"['CH1', 'CH2', 'CHZ']",2019-01-17T23:48:53.090000Z,3.01
2123,20190117T234929Z,1J.TI1A.,"['CH1', 'CH2', 'CHZ']",2019-01-17T23:49:29.500000Z,1.69
2124,20190117T234954Z,1J.TI1A.,"['CH1', 'CH2', 'CHZ']",2019-01-17T23:49:57.250000Z,25.11
