,event_id,station,components,time,duration
0,20190116T000027Z,1J.TI4A.,"['CH1', 'CH2', 'CHZ']",2019-01-16T00:00:27.100000Z,15.8
1,20190116T000056Z,1J.TI4A.,"['CH1', 'CH2', 'CHZ']",2019-01-16T00:00:58.640000Z,8.98
2,20190116T000304Z,1J.TI4A.,"['CH1', 'CH2', 'CHZ']",2019-01-16T00:03:04.120000Z,15.99
3,20190116T000451Z,1J.TI4A.,"['CH1', 'CH2', 'CHZ']",2019-01-16T00:04:51.120000Z,2.11
4,20190116T000645Z,1J.TI4A.,"['CH1', 'CH2', 'CHZ']",2019-01-16T00:06:45.120000Z,1.63
5,20190116T000808Z,1J.TI4A.,"['CH1', 'CH2', 'CHZ']",2019-01-16T00:08:13.700000Z,47.66
6,20190116T001052Z,1J.TI4A.,"['CH1', 'CH2', 'CHZ']",2019-01-16T00:10:52.610000Z,1.77
7,20190116T001202Z,1J.TI4A.,"['CH1', 'CH2', 'CHZ']",2019-01-16T00:12:02.780000Z,4.23
8,20190116T001527Z,1J.TI4A.,"['CH1', 'CH2', 'CHZ']",2019-01-16T00:15:27.960000Z,4.89
9,20190116T001540Z,1J.TI4A.,"['CH1', 'CH2', 'CHZ']",2019-01-16T00:15:40.400000Z,6.91
10,20190116T001633Z,1J.TI4A.,"['CH1', 'CH2', 'CHZ']",2019-01-16T00:16:33.460000Z,9.78
11,20190116T001731Z,1J.TI4A.,"['CH1', 'CH2', 'CHZ']",2019-01-16T00:17:39.110000Z,10.12
12,20190116T001918Z,1J.TI4A.,"['CH1', 'CH2', 'CHZ']",2019-01-16T00:19:19.830000Z,6.62
13,20190116T002009Z,1J.TI4A.,"['CH1', 'CH2', 'CHZ']",2019-01-16T00:20:09.600000Z,10.73
14,20190116T002046Z,1J.TI4A.,"['CH1', 'CH2', 'CHZ']",2019-01-16T00:20:46.600000Z,9.01
15,20190116T002145Z,1J.TI4A.,"['CH1', 'CH2', 'CHZ']",2019-01-16T00:21:45.670000Z,35.39
16,20190116T002245Z,1J.TI4A.,"['CH1', 'CH2', 'CHZ']",2019-01-16T00:22:45.340000Z,1.7
17,20190116T002520Z,1J.TI4A.,"['CH1', 'CH2', 'CHZ']",2019-01-16T00:25:20.120000Z,2.65
18,20190116T002621Z,1J.TI4A.,"['CH1', 'CH2', 'CHZ']",2019-01-16T00:26:22.250000Z,1.8
19,20190116T002700Z,1J.TI4A.,"['CH1', 'CH2', 'CHZ']",2019-01-16T00:27:00.830000Z,1.09
20,20190116T003356Z,1J.TI4A.,"['CH1', 'CH2', 'CHZ']",2019-01-16T00:33:58.000000Z,14.02
21,20190116T003650Z,1J.TI4A.,"['CH1', 'CH2', 'CHZ']",2019-01-16T00:36:50.070000Z,3.39
22,20190116T004028Z,1J.TI4A.,"['CH1', 'CH2', 'CHZ']",2019-01-16T00:40:34.990000Z,7.91
23,20190116T004120Z,1J.TI4A.,"['CH1', 'CH2', 'CHZ']",2019-01-16T00:41:20.510000Z,3.69
24,20190116T004540Z,1J.TI4A.,"['CH1', 'CH2', 'CHZ']",2019-01-16T00:45:40.240000Z,6.72
25,20190116T005139Z,1J.TI4A.,"['CH1', 'CH2', 'CHZ']",2019-01-16T00:51:39.490000Z,16.28
26,20190116T005237Z,1J.TI4A.,"['CH1', 'CH2', 'CHZ']",2019-01-16T00:52:37.500000Z,1.26
27,20190116T005315Z,1J.TI4A.,"['CH1', 'CH2', 'CHZ']",2019-01-16T00:53:15.990000Z,16.68
28,20190116T005347Z,1J.TI4A.,"['CH1', 'CH2', 'CHZ']",2019-01-16T00:53:55.500000Z,9.49
29,20190116T005518Z,1J.TI4A.,"['CH1', 'CH2', 'CHZ']",2019-01-16T00:55:18.930000Z,2.61
30,20190116T005644Z,1J.TI4A.,"['CH1', 'CH2', 'CHZ']",2019-01-16T00:56:44.630000Z,1.13
31,20190116T010000Z,1J.TI4A.,"['CH1', 'CH2', 'CHZ']",2019-01-16T01:00:00.970000Z,8.44
32,20190116T010244Z,1J.TI4A.,"['CH1', 'CH2', 'CHZ']",2019-01-16T01:02:44.380000Z,7.28
33,20190116T010412Z,1J.TI4A.,"['CH1', 'CH2', 'CHZ']",2019-01-16T01:04:13.940000Z,9.76
34,20190116T010602Z,1J.TI4A.,"['CH1', 'CH2', 'CHZ']",2019-01-16T01:06:04.980000Z,6.41
35,20190116T010754Z,1J.TI4A.,"['CH1', 'CH2', 'CHZ']",2019-01-16T01:07:54.910000Z,13.62
36,20190116T010900Z,1J.TI4A.,"['CH1', 'CH2', 'CHZ']",2019-01-16T01:09:00.680000Z,17.77
37,20190116T011123Z,1J.TI4A.,"['CH1', 'CH2', 'CHZ']",2019-01-16T01:11:34.990000Z,18.26
38,20190116T011408Z,1J.TI4A.,"['CH1', 'CH2', 'CHZ']",2019-01-16T01:14:08.670000Z,6.19
39,20190116T011809Z,1J.TI4A.,"['CH1', 'CH2', 'CHZ']",2019-01-16T01:18:09.860000Z,8.84
40,20190116T011934Z,1J.TI4A.,"['CH1', 'CH2', 'CHZ']",2019-01-16T01:19:34.040000Z,9.92
41,20190116T012012Z,1J.TI4A.,"['CH1', 'CH2', 'CHZ']",2019-01-16T01:20:13.580000Z,48.73
42,20190116T012311Z,1J.TI4A.,"['CH1', 'CH2', 'CHZ']",2019-01-16T01:23:11.940000Z,3.95
43,20190116T012508Z,1J.TI4A.,"['CH1', 'CH2', 'CHZ']",2019-01-16T01:25:09.770000Z,1.52
44,20190116T012643Z,1J.TI4A.,"['CH1', 'CH2', 'CHZ']",2019-01-16T01:26:43.560000Z,22.55
45,20190116T012802Z,1J.TI4A.,"['CH1', 'CH2', 'CHZ']",2019-01-16T01:28:02.280000Z,24.51
46,20190116T012922Z,1J.TI4A.,"['CH1', 'CH2', 'CHZ']",2019-01-16T01:29:25.480000Z,1.77
47,20190116T013005Z,1J.TI4A.,"['CH1', 'CH2', 'CHZ']",2019-01-16T01:30:05.070000Z,4.96
48,20190116T013129Z,1J.TI4A.,"['CH1', 'CH2', 'CHZ']",2019-01-16T01:31:29.920000Z,7.18
49,20190116T013421Z,1J.TI4A.,"['CH1', 'CH2', 'CHZ']",2019-01-16T01:34:21.820000Z,19.69
50,20190116T013801Z,1J.TI4A.,"['CH1', 'CH2', 'CHZ']",2019-01-16T01:38:01.490000Z,5.33
51,20190116T013944Z,1J.TI4A.,"['CH1', 'CH2', 'CHZ']",2019-01-16T01:39:44.910000Z,2.35
52,20190116T013955Z,1J.TI4A.,"['CH1', 'CH2', 'CHZ']",2019-01-16T01:40:18.000000Z,14.45
53,20190116T014135Z,1J.TI4A.,"['CH1', 'CH2', 'CHZ']",2019-01-16T01:41:35.290000Z,40.26
54,20190116T014412Z,1J.TI4A.,"['CH1', 'CH2', 'CHZ']",2019-01-16T01:44:12.810000Z,15.36
55,20190116T014749Z,1J.TI4A.,"['CH1', 'CH2', 'CHZ']",2019-01-16T01:47:49.330000Z,1.45
56,20190116T020304Z,1J.TI4A.,"['CH1', 'CH2', 'CHZ']",2019-01-16T02:03:04.980000Z,8.33
57,20190116T021408Z,1J.TI4A.,"['CH1', 'CH2', 'CHZ']",2019-01-16T02:14:11.830000Z,57.03
58,20190116T021602Z,1J.TI4A.,"['CH1', 'CH2', 'CHZ']",2019-01-16T02:16:02.100000Z,0.94
59,20190116T022045Z,1J.TI4A.,"['CH1', 'CH2', 'CHZ']",2019-01-16T02:20:47.560000Z,1.27
60,20190116T022221Z,1J.TI4A.,"['CH1', 'CH2', 'CHZ']",2019-01-16T02:22:21.490000Z,10.31
61,20190116T022451Z,1J.TI4A.,"['CH1', 'CH2', 'CHZ']",2019-01-16T02:24:51.390000Z,5.49
62,20190116T022814Z,1J.TI4A.,"['CH1', 'CH2', 'CHZ']",2019-01-16T02:28:17.340000Z,44.71
63,20190116T023311Z,1J.TI4A.,"['CH1', 'CH2', 'CHZ']",2019-01-16T02:33:11.410000Z,14.6
64,20190116T030008Z,1J.TI4A.,"['CH1', 'CH2', 'CHZ']",2019-01-16T03:00:08.850000Z,3.16
65,20190116T030602Z,1J.TI4A.,"['CH1', 'CH2', 'CHZ']",2019-01-16T03:06:04.400000Z,3.03
66,20190116T031138Z,1J.TI4A.,"['CH1', 'CH2', 'CHZ']",2019-01-16T03:11:38.940000Z,15.06
67,20190116T031350Z,1J.TI4A.,"['CH1', 'CH2', 'CHZ']",2019-01-16T03:13:50.840000Z,4.86
68,20190116T031943Z,1J.TI4A.,"['CH1', 'CH2', 'CHZ']",2019-01-16T03:19:43.250000Z,2.2
69,20190116T032226Z,1J.TI4A.,"['CH1', 'CH2', 'CHZ']",2019-01-16T03:22:26.760000Z,1.44
70,20190116T033909Z,1J.TI4A.,"['CH1', 'CH2', 'CHZ']",2019-01-16T03:39:09.350000Z,5.18
71,20190116T035904Z,1J.TI4A.,"['CH1', 'CH2', 'CHZ']",2019-01-16T03:59:04.940000Z,29.22
72,20190116T040053Z,1J.TI4A.,"['CH1', 'CH2', 'CHZ']",2019-01-16T04:00:53.120000Z,1.66
73,20190116T041556Z,1J.TI4A.,"['CH1', 'CH2', 'CHZ']",2019-01-16T04:16:04.180000Z,1.66
74,20190116T043033Z,1J.TI4A.,"['CH1', 'CH2', 'CHZ']",2019-01-16T04:30:46.930000Z,11.9
75,20190116T050511Z,1J.TI4A.,"['CH1', 'CH2', 'CHZ']",2019-01-16T05:05:16.700000Z,28.22
76,20190116T053231Z,1J.TI4A.,"['CH1', 'CH2', 'CHZ']",2019-01-16T05:32:31.580000Z,1.7
77,20190116T053922Z,1J.TI4A.,"['CH1', 'CH2', 'CHZ']",2019-01-16T05:39:22.010000Z,6.43
78,20190116T055638Z,1J.TI4A.,"['CH1', 'CH2', 'CHZ']",2019-01-16T05:57:06.300000Z,22.11
79,20190116T065255Z,1J.TI4A.,"['CH1', 'CH2', 'CHZ']",2019-01-16T06:52:55.460000Z,2.56
80,20190116T065618Z,1J.TI4A.,"['CH1', 'CH2', 'CHZ']",2019-01-16T06:56:33.140000Z,5.95
81,20190116T070025Z,1J.TI4A.,"['CH1', 'CH2', 'CHZ']",2019-01-16T07:00:25.500000Z,2.63
82,20190116T070738Z,1J.TI4A.,"['CH1', 'CH2', 'CHZ']",2019-01-16T07:07:46.270000Z,26.32
83,20190116T071354Z,1J.TI4A.,"['CH1', 'CH2', 'CHZ']",2019-01-16T07:13:54.660000Z,94.56
84,20190116T071825Z,1J.TI4A.,"['CH1', 'CH2', 'CHZ']",2019-01-16T07:18:25.800000Z,7.76
85,20190116T072118Z,1J.TI4A.,"['CH1', 'CH2', 'CHZ']",2019-01-16T07:21:18.710000Z,5.83
86,20190116T072202Z,1J.TI4A.,"['CH1', 'CH2', 'CHZ']",2019-01-16T07:22:02.100000Z,4.87
87,20190116T072216Z,1J.TI4A.,"['CH1', 'CH2', 'CHZ']",2019-01-16T07:22:16.090000Z,17.49
88,20190116T072255Z,1J.TI4A.,"['CH1', 'CH2', 'CHZ']",2019-01-16T07:22:55.780000Z,26.95
89,20190116T075028Z,1J.TI4A.,"['CH1', 'CH2', 'CHZ']",2019-01-16T07:50:30.470000Z,11.68
90,20190116T080034Z,1J.TI4A.,"['CH1', 'CH2', 'CHZ']",2019-01-16T08:00:34.850000Z,9.49
91,20190116T080123Z,1J.TI4A.,"['CH1', 'CH2', 'CHZ']",2019-01-16T08:01:23.920000Z,2.8
92,20190116T081552Z,1J.TI4A.,"['CH1', 'CH2', 'CHZ']",2019-01-16T08:15:52.630000Z,26.14
93,20190116T081743Z,1J.TI4A.,"['CH1', 'CH2', 'CHZ']",2019-01-16T08:17:43.550000Z,13.83
94,20190116T085304Z,1J.TI4A.,"['CH1', 'CH2', 'CHZ']",2019-01-16T08:53:08.750000Z,25.02
95,20190116T091936Z,1J.TI4A.,"['CH1', 'CH2', 'CHZ']",2019-01-16T09:19:37.770000Z,26.94
96,20190116T092032Z,1J.TI4A.,"['CH1', 'CH2', 'CHZ']",2019-01-16T09:20:35.150000Z,23.15
97,20190116T092114Z,1J.TI4A.,"['CH1', 'CH2', 'CHZ']",2019-01-16T09:21:16.190000Z,16.56
98,20190116T092210Z,1J.TI4A.,"['CH1', 'CH2', 'CHZ']",2019-01-16T09:22:12.690000Z,25.37
99,20190116T093002Z,1J.TI4A.,"['CH1', 'CH2', 'CHZ']",2019-01-16T09:30:38.200000Z,10.51
100,20190116T093627Z,1J.TI4A.,"['CH1', 'CH2', 'CHZ']",2019-01-16T09:36:31.320000Z,16.67
101,20190116T093924Z,1J.TI4A.,"['CH1', 'CH2', 'CHZ']",2019-01-16T09:39:26.130000Z,13.59
102,20190116T094133Z,1J.TI4A.,"['CH1', 'CH2', 'CHZ']",2019-01-16T09:41:33.860000Z,5.42
103,20190116T094324Z,1J.TI4A.,"['CH1', 'CH2', 'CHZ']",2019-01-16T09:43:26.640000Z,3.69
104,20190116T094452Z,1J.TI4A.,"['CH1', 'CH2', 'CHZ']",2019-01-16T09:44:52.000000Z,1.16
105,20190116T095118Z,1J.TI4A.,"['CH1', 'CH2', 'CHZ']",2019-01-16T09:51:18.810000Z,2.18
106,20190116T100007Z,1J.TI4A.,"['CH1', 'CH2', 'CHZ']",2019-01-16T10:00:07.390000Z,4.14
107,20190116T100958Z,1J.TI4A.,"['CH1', 'CH2', 'CHZ']",2019-01-16T10:10:04.880000Z,16.79
108,20190116T101214Z,1J.TI4A.,"['CH1', 'CH2', 'CHZ']",2019-01-16T10:12:14.010000Z,6.4
109,20190116T101926Z,1J.TI4A.,"['CH1', 'CH2', 'CHZ']",2019-01-16T10:19:36.610000Z,48.6
110,20190116T102737Z,1J.TI4A.,"['CH1', 'CH2', 'CHZ']",2019-01-16T10:27:38.220000Z,4.7
111,20190116T103322Z,1J.TI4A.,"['CH1', 'CH2', 'CHZ']",2019-01-16T10:33:22.670000Z,25.98
112,20190116T104057Z,1J.TI4A.,"['CH1', 'CH2', 'CHZ']",2019-01-16T10:41:16.810000Z,15.66
113,20190116T104421Z,1J.TI4A.,"['CH1', 'CH2', 'CHZ']",2019-01-16T10:44:25.260000Z,3.28
114,20190116T105013Z,1J.TI4A.,"['CH1', 'CH2', 'CHZ']",2019-01-16T10:50:15.100000Z,6.79
115,20190116T105549Z,1J.TI4A.,"['CH1', 'CH2', 'CHZ']",2019-01-16T10:55:58.720000Z,24.14
116,20190116T105757Z,1J.TI4A.,"['CH1', 'CH2', 'CHZ']",2019-01-16T10:57:57.660000Z,6.53
117,20190116T111422Z,1J.TI4A.,"['CH1', 'CH2', 'CHZ']",2019-01-16T11:14:30.810000Z,13.65
118,20190116T111540Z,1J.TI4A.,"['CH1', 'CH2', 'CHZ']",2019-01-16T11:15:41.930000Z,13.27
119,20190116T111859Z,1J.TI4A.,"['CH1', 'CH2', 'CHZ']",2019-01-16T11:19:03.280000Z,50.01
120,20190116T112508Z,1J.TI4A.,"['CH1', 'CH2', 'CHZ']",2019-01-16T11:25:08.130000Z,39.81
121,20190116T113838Z,1J.TI4A.,"['CH1', 'CH2', 'CHZ']",2019-01-16T11:38:41.770000Z,22.15
122,20190116T115050Z,1J.TI4A.,"['CH1', 'CH2', 'CHZ']",2019-01-16T11:50:52.320000Z,9.96
123,20190116T115321Z,1J.TI4A.,"['CH1', 'CH2', 'CHZ']",2019-01-16T11:53:21.980000Z,3.69
124,20190116T115351Z,1J.TI4A.,"['CH1', 'CH2', 'CHZ']",2019-01-16T11:54:02.310000Z,14.73
125,20190116T115947Z,1J.TI4A.,"['CH1', 'CH2', 'CHZ']",2019-01-16T11:59:47.460000Z,9.48
126,20190116T120035Z,1J.TI4A.,"['CH1', 'CH2', 'CHZ']",2019-01-16T12:00:47.500000Z,21.06
127,20190116T120209Z,1J.TI4A.,"['CH1', 'CH2', 'CHZ']",2019-01-16T12:02:11.510000Z,4.97
128,20190116T120718Z,1J.TI4A.,"['CH1', 'CH2', 'CHZ']",2019-01-16T12:07:21.130000Z,14.74
129,20190116T121406Z,1J.TI4A.,"['CH1', 'CH2', 'CHZ']",2019-01-16T12:14:14.000000Z,13.74
130,20190116T121801Z,1J.TI4A.,"['CH1', 'CH2', 'CHZ']",2019-01-16T12:18:02.710000Z,10.74
131,20190116T121943Z,1J.TI4A.,"['CH1', 'CH2', 'CHZ']",2019-01-16T12:19:46.280000Z,42.72
132,20190116T123109Z,1J.TI4A.,"['CH1', 'CH2', 'CHZ']",2019-01-16T12:31:10.130000Z,2.48
133,20190116T123134Z,1J.TI4A.,"['CH1', 'CH2', 'CHZ']",2019-01-16T12:31:39.570000Z,29.83
134,20190116T123436Z,1J.TI4A.,"['CH1', 'CH2', 'CHZ']",2019-01-16T12:34:37.530000Z,20.37
135,20190116T123858Z,1J.TI4A.,"['CH1', 'CH2', 'CHZ']",2019-01-16T12:38:58.840000Z,9.58
136,20190116T124300Z,1J.TI4A.,"['CH1', 'CH2', 'CHZ']",2019-01-16T12:43:06.020000Z,8.04
137,20190116T124436Z,1J.TI4A.,"['CH1', 'CH2', 'CHZ']",2019-01-16T12:44:36.020000Z,11.2
138,20190116T124946Z,1J.TI4A.,"['CH1', 'CH2', 'CHZ']",2019-01-16T12:49:46.940000Z,2.95
139,20190116T130844Z,1J.TI4A.,"['CH1', 'CH2', 'CHZ']",2019-01-16T13:08:46.200000Z,11.98
140,20190116T130942Z,1J.TI4A.,"['CH1', 'CH2', 'CHZ']",2019-01-16T13:09:45.250000Z,9.49
141,20190116T131420Z,1J.TI4A.,"['CH1', 'CH2', 'CHZ']",2019-01-16T13:14:22.490000Z,9.7
142,20190116T132021Z,1J.TI4A.,"['CH1', 'CH2', 'CHZ']",2019-01-16T13:20:21.430000Z,3.81
143,20190116T132044Z,1J.TI4A.,"['CH1', 'CH2', 'CHZ']",2019-01-16T13:20:44.350000Z,22.52
144,20190116T132431Z,1J.TI4A.,"['CH1', 'CH2', 'CHZ']",2019-01-16T13:24:31.620000Z,2.25
145,20190116T133357Z,1J.TI4A.,"['CH1', 'CH2', 'CHZ']",2019-01-16T13:33:57.980000Z,6.13
146,20190116T133504Z,1J.TI4A.,"['CH1', 'CH2', 'CHZ']",2019-01-16T13:35:07.660000Z,50.08
147,20190116T134255Z,1J.TI4A.,"['CH1', 'CH2', 'CHZ']",2019-01-16T13:42:55.100000Z,10.24
148,20190116T134538Z,1J.TI4A.,"['CH1', 'CH2', 'CHZ']",2019-01-16T13:45:38.430000Z,10.6
149,20190116T135019Z,1J.TI4A.,"['CH1', 'CH2', 'CHZ']",2019-01-16T13:50:26.140000Z,10.6
150,20190116T135135Z,1J.TI4A.,"['CH1', 'CH2', 'CHZ']",2019-01-16T13:51:35.550000Z,34.29
151,20190116T135610Z,1J.TI4A.,"['CH1', 'CH2', 'CHZ']",2019-01-16T13:56:10.980000Z,2.39
152,20190116T135625Z,1J.TI4A.,"['CH1', 'CH2', 'CHZ']",2019-01-16T13:56:25.500000Z,1.28
153,20190116T135823Z,1J.TI4A.,"['CH1', 'CH2', 'CHZ']",2019-01-16T13:58:23.820000Z,14.46
154,20190116T140101Z,1J.TI4A.,"['CH1', 'CH2', 'CHZ']",2019-01-16T14:01:04.650000Z,46.06
155,20190116T141506Z,1J.TI4A.,"['CH1', 'CH2', 'CHZ']",2019-01-16T14:15:06.000000Z,15.39
156,20190116T142142Z,1J.TI4A.,"['CH1', 'CH2', 'CHZ']",2019-01-16T14:21:42.250000Z,22.35
157,20190116T142423Z,1J.TI4A.,"['CH1', 'CH2', 'CHZ']",2019-01-16T14:24:23.630000Z,2.63
158,20190116T143221Z,1J.TI4A.,"['CH1', 'CH2', 'CHZ']",2019-01-16T14:32:21.120000Z,55.74
159,20190116T145116Z,1J.TI4A.,"['CH1', 'CH2', 'CHZ']",2019-01-16T14:51:16.960000Z,20.13
160,20190116T150114Z,1J.TI4A.,"['CH1', 'CH2', 'CHZ']",2019-01-16T15:01:14.670000Z,21.09
161,20190116T150854Z,1J.TI4A.,"['CH1', 'CH2', 'CHZ']",2019-01-16T15:09:04.870000Z,11.0
162,20190116T151235Z,1J.TI4A.,"['CH1', 'CH2', 'CHZ']",2019-01-16T15:12:35.060000Z,12.4
163,20190116T151415Z,1J.TI4A.,"['CH1', 'CH2', 'CHZ']",2019-01-16T15:14:15.880000Z,37.46
164,20190116T151529Z,1J.TI4A.,"['CH1', 'CH2', 'CHZ']",2019-01-16T15:15:30.430000Z,1.77
165,20190116T151609Z,1J.TI4A.,"['CH1', 'CH2', 'CHZ']",2019-01-16T15:16:10.340000Z,1.6
166,20190116T151736Z,1J.TI4A.,"['CH1', 'CH2', 'CHZ']",2019-01-16T15:17:45.550000Z,1.38
167,20190116T151829Z,1J.TI4A.,"['CH1', 'CH2', 'CHZ']",2019-01-16T15:18:34.270000Z,18.72
168,20190116T151955Z,1J.TI4A.,"['CH1', 'CH2', 'CHZ']",2019-01-16T15:19:55.870000Z,1.59
169,20190116T152249Z,1J.TI4A.,"['CH1', 'CH2', 'CHZ']",2019-01-16T15:22:54.270000Z,52.52
170,20190116T152449Z,1J.TI4A.,"['CH1', 'CH2', 'CHZ']",2019-01-16T15:24:49.200000Z,29.39
171,20190116T152556Z,1J.TI4A.,"['CH1', 'CH2', 'CHZ']",2019-01-16T15:25:56.100000Z,16.6
172,20190116T152846Z,1J.TI4A.,"['CH1', 'CH2', 'CHZ']",2019-01-16T15:28:48.920000Z,8.62
173,20190116T153050Z,1J.TI4A.,"['CH1', 'CH2', 'CHZ']",2019-01-16T15:30:53.510000Z,20.74
174,20190116T153624Z,1J.TI4A.,"['CH1', 'CH2', 'CHZ']",2019-01-16T15:36:27.030000Z,14.18
175,20190116T153659Z,1J.TI4A.,"['CH1', 'CH2', 'CHZ']",2019-01-16T15:36:59.170000Z,1.23
176,20190116T153911Z,1J.TI4A.,"['CH1', 'CH2', 'CHZ']",2019-01-16T15:39:11.310000Z,3.29
177,20190116T154638Z,1J.TI4A.,"['CH1', 'CH2', 'CHZ']",2019-01-16T15:46:42.370000Z,49.71
178,20190116T155431Z,1J.TI4A.,"['CH1', 'CH2', 'CHZ']",2019-01-16T15:54:31.750000Z,34.6
179,20190116T155532Z,1J.TI4A.,"['CH1', 'CH2', 'CHZ']",2019-01-16T15:55:33.950000Z,15.79
180,20190116T155629Z,1J.TI4A.,"['CH1', 'CH2', 'CHZ']",2019-01-16T15:56:30.030000Z,24.36
181,20190116T160154Z,1J.TI4A.,"['CH1', 'CH2', 'CHZ']",2019-01-16T16:01:54.910000Z,14.5
182,20190116T160447Z,1J.TI4A.,"['CH1', 'CH2', 'CHZ']",2019-01-16T16:04:47.180000Z,2.37
183,20190116T160528Z,1J.TI4A.,"['CH1', 'CH2', 'CHZ']",2019-01-16T16:05:28.320000Z,4.01
184,20190116T160713Z,1J.TI4A.,"['CH1', 'CH2', 'CHZ']",2019-01-16T16:07:13.800000Z,1.03
185,20190116T160810Z,1J.TI4A.,"['CH1', 'CH2', 'CHZ']",2019-01-16T16:08:11.670000Z,4.22
186,20190116T160846Z,1J.TI4A.,"['CH1', 'CH2', 'CHZ']",2019-01-16T16:08:46.520000Z,5.4
187,20190116T160938Z,1J.TI4A.,"['CH1', 'CH2', 'CHZ']",2019-01-16T16:09:38.390000Z,30.54
188,20190116T162712Z,1J.TI4A.,"['CH1', 'CH2', 'CHZ']",2019-01-16T16:27:14.420000Z,6.2
189,20190116T164259Z,1J.TI4A.,"['CH1', 'CH2', 'CHZ']",2019-01-16T16:43:05.480000Z,27.84
190,20190116T164420Z,1J.TI4A.,"['CH1', 'CH2', 'CHZ']",2019-01-16T16:44:20.210000Z,1.86
191,20190116T164847Z,1J.TI4A.,"['CH1', 'CH2', 'CHZ']",2019-01-16T16:48:47.530000Z,3.25
192,20190116T171717Z,1J.TI4A.,"['CH1', 'CH2', 'CHZ']",2019-01-16T17:17:17.340000Z,3.29
193,20190116T171859Z,1J.TI4A.,"['CH1', 'CH2', 'CHZ']",2019-01-16T17:18:59.100000Z,2.18
194,20190116T172804Z,1J.TI4A.,"['CH1', 'CH2', 'CHZ']",2019-01-16T17:28:07.180000Z,0.87
195,20190116T172855Z,1J.TI4A.,"['CH1', 'CH2', 'CHZ']",2019-01-16T17:28:55.910000Z,4.76
196,20190116T172948Z,1J.TI4A.,"['CH1', 'CH2', 'CHZ']",2019-01-16T17:29:48.520000Z,1.13
197,20190116T174115Z,1J.TI4A.,"['CH1', 'CH2', 'CHZ']",2019-01-16T17:41:20.720000Z,21.99
198,20190116T174241Z,1J.TI4A.,"['CH1', 'CH2', 'CHZ']",2019-01-16T17:42:52.080000Z,21.02
199,20190116T174605Z,1J.TI4A.,"['CH1', 'CH2', 'CHZ']",2019-01-16T17:46:05.770000Z,1.82
200,20190116T174848Z,1J.TI4A.,"['CH1', 'CH2', 'CHZ']",2019-01-16T17:48:51.600000Z,3.88
201,20190116T175402Z,1J.TI4A.,"['CH1', 'CH2', 'CHZ']",2019-01-16T17:54:02.460000Z,13.47
202,20190116T181850Z,1J.TI4A.,"['CH1', 'CH2', 'CHZ']",2019-01-16T18:18:50.280000Z,2.92
203,20190116T182110Z,1J.TI4A.,"['CH1', 'CH2', 'CHZ']",2019-01-16T18:21:13.590000Z,21.16
204,20190116T183110Z,1J.TI4A.,"['CH1', 'CH2', 'CHZ']",2019-01-16T18:31:10.060000Z,3.96
205,20190116T184118Z,1J.TI4A.,"['CH1', 'CH2', 'CHZ']",2019-01-16T18:41:21.600000Z,9.89
206,20190116T190829Z,1J.TI4A.,"['CH1', 'CH2', 'CHZ']",2019-01-16T19:08:38.160000Z,3.17
207,20190116T212727Z,1J.TI4A.,"['CH1', 'CH2', 'CHZ']",2019-01-16T21:27:27.130000Z,18.93
208,20190116T000114Z,1J.TI3A.,"['CH1', 'CH2', 'CHZ']",2019-01-16T00:01:14.520000Z,4.4
209,20190116T000139Z,1J.TI3A.,"['CH1', 'CH2', 'CHZ']",2019-01-16T00:01:39.500000Z,18.71
210,20190116T000427Z,1J.TI3A.,"['CH1', 'CH2', 'CHZ']",2019-01-16T00:04:27.050000Z,2.58
211,20190116T000533Z,1J.TI3A.,"['CH1', 'CH2', 'CHZ']",2019-01-16T00:05:33.960000Z,15.35
212,20190116T000808Z,1J.TI3A.,"['CH1', 'CH2', 'CHZ']",2019-01-16T00:08:08.430000Z,48.24
213,20190116T001422Z,1J.TI3A.,"['CH1', 'CH2', 'CHZ']",2019-01-16T00:14:22.260000Z,3.36
214,20190116T002145Z,1J.TI3A.,"['CH1', 'CH2', 'CHZ']",2019-01-16T00:22:06.420000Z,18.65
215,20190116T002324Z,1J.TI3A.,"['CH1', 'CH2', 'CHZ']",2019-01-16T00:23:24.300000Z,13.39
216,20190116T003356Z,1J.TI3A.,"['CH1', 'CH2', 'CHZ']",2019-01-16T00:33:56.570000Z,12.33
217,20190116T004219Z,1J.TI3A.,"['CH1', 'CH2', 'CHZ']",2019-01-16T00:42:19.100000Z,16.33
218,20190116T005214Z,1J.TI3A.,"['CH1', 'CH2', 'CHZ']",2019-01-16T00:52:14.260000Z,15.75
219,20190116T005347Z,1J.TI3A.,"['CH1', 'CH2', 'CHZ']",2019-01-16T00:53:47.780000Z,12.84
220,20190116T005510Z,1J.TI3A.,"['CH1', 'CH2', 'CHZ']",2019-01-16T00:55:10.910000Z,5.84
221,20190116T011408Z,1J.TI3A.,"['CH1', 'CH2', 'CHZ']",2019-01-16T01:14:09.700000Z,13.62
222,20190116T011756Z,1J.TI3A.,"['CH1', 'CH2', 'CHZ']",2019-01-16T01:17:56.160000Z,2.62
223,20190116T012012Z,1J.TI3A.,"['CH1', 'CH2', 'CHZ']",2019-01-16T01:20:38.890000Z,18.15
224,20190116T012802Z,1J.TI3A.,"['CH1', 'CH2', 'CHZ']",2019-01-16T01:28:02.950000Z,4.52
225,20190116T013400Z,1J.TI3A.,"['CH1', 'CH2', 'CHZ']",2019-01-16T01:34:00.060000Z,15.41
226,20190116T013625Z,1J.TI3A.,"['CH1', 'CH2', 'CHZ']",2019-01-16T01:36:25.080000Z,6.8
227,20190116T014729Z,1J.TI3A.,"['CH1', 'CH2', 'CHZ']",2019-01-16T01:47:29.520000Z,15.12
228,20190116T015114Z,1J.TI3A.,"['CH1', 'CH2', 'CHZ']",2019-01-16T01:51:14.690000Z,13.36
229,20190116T021316Z,1J.TI3A.,"['CH1', 'CH2', 'CHZ']",2019-01-16T02:13:16.950000Z,15.35
230,20190116T022814Z,1J.TI3A.,"['CH1', 'CH2', 'CHZ']",2019-01-16T02:28:38.470000Z,18.5
231,20190116T023012Z,1J.TI3A.,"['CH1', 'CH2', 'CHZ']",2019-01-16T02:30:12.570000Z,9.84
232,20190116T023214Z,1J.TI3A.,"['CH1', 'CH2', 'CHZ']",2019-01-16T02:32:20.720000Z,31.08
233,20190116T023333Z,1J.TI3A.,"['CH1', 'CH2', 'CHZ']",2019-01-16T02:33:33.970000Z,3.51
234,20190116T023447Z,1J.TI3A.,"['CH1', 'CH2', 'CHZ']",2019-01-16T02:34:47.710000Z,1.27
235,20190116T023509Z,1J.TI3A.,"['CH1', 'CH2', 'CHZ']",2019-01-16T02:35:09.900000Z,1.12
236,20190116T023721Z,1J.TI3A.,"['CH1', 'CH2', 'CHZ']",2019-01-16T02:37:24.120000Z,7.4
237,20190116T023947Z,1J.TI3A.,"['CH1', 'CH2', 'CHZ']",2019-01-16T02:39:47.550000Z,7.15
238,20190116T024106Z,1J.TI3A.,"['CH1', 'CH2', 'CHZ']",2019-01-16T02:41:06.730000Z,1.78
239,20190116T024119Z,1J.TI3A.,"['CH1', 'CH2', 'CHZ']",2019-01-16T02:41:19.700000Z,7.17
240,20190116T024454Z,1J.TI3A.,"['CH1', 'CH2', 'CHZ']",2019-01-16T02:44:54.330000Z,1.56
241,20190116T024502Z,1J.TI3A.,"['CH1', 'CH2', 'CHZ']",2019-01-16T02:45:05.940000Z,1.77
242,20190116T025657Z,1J.TI3A.,"['CH1', 'CH2', 'CHZ']",2019-01-16T02:57:00.270000Z,13.0
243,20190116T025757Z,1J.TI3A.,"['CH1', 'CH2', 'CHZ']",2019-01-16T02:57:57.560000Z,14.45
244,20190116T030106Z,1J.TI3A.,"['CH1', 'CH2', 'CHZ']",2019-01-16T03:01:06.790000Z,1.67
245,20190116T030254Z,1J.TI3A.,"['CH1', 'CH2', 'CHZ']",2019-01-16T03:02:54.090000Z,10.02
246,20190116T030513Z,1J.TI3A.,"['CH1', 'CH2', 'CHZ']",2019-01-16T03:05:13.880000Z,13.95
247,20190116T030551Z,1J.TI3A.,"['CH1', 'CH2', 'CHZ']",2019-01-16T03:05:51.060000Z,9.35
248,20190116T030811Z,1J.TI3A.,"['CH1', 'CH2', 'CHZ']",2019-01-16T03:08:11.830000Z,5.54
249,20190116T030835Z,1J.TI3A.,"['CH1', 'CH2', 'CHZ']",2019-01-16T03:08:35.590000Z,2.73
250,20190116T031159Z,1J.TI3A.,"['CH1', 'CH2', 'CHZ']",2019-01-16T03:11:59.740000Z,10.09
251,20190116T031519Z,1J.TI3A.,"['CH1', 'CH2', 'CHZ']",2019-01-16T03:15:19.640000Z,20.69
252,20190116T032007Z,1J.TI3A.,"['CH1', 'CH2', 'CHZ']",2019-01-16T03:20:07.380000Z,2.14
253,20190116T032016Z,1J.TI3A.,"['CH1', 'CH2', 'CHZ']",2019-01-16T03:20:16.820000Z,6.56
254,20190116T032222Z,1J.TI3A.,"['CH1', 'CH2', 'CHZ']",2019-01-16T03:22:22.700000Z,1.85
255,20190116T032242Z,1J.TI3A.,"['CH1', 'CH2', 'CHZ']",2019-01-16T03:22:46.240000Z,2.97
256,20190116T032300Z,1J.TI3A.,"['CH1', 'CH2', 'CHZ']",2019-01-16T03:23:30.830000Z,3.7
257,20190116T032404Z,1J.TI3A.,"['CH1', 'CH2', 'CHZ']",2019-01-16T03:24:04.920000Z,5.09
258,20190116T032415Z,1J.TI3A.,"['CH1', 'CH2', 'CHZ']",2019-01-16T03:24:15.310000Z,9.6
259,20190116T032621Z,1J.TI3A.,"['CH1', 'CH2', 'CHZ']",2019-01-16T03:26:21.530000Z,0.93
260,20190116T032649Z,1J.TI3A.,"['CH1', 'CH2', 'CHZ']",2019-01-16T03:26:49.380000Z,1.48
261,20190116T033417Z,1J.TI3A.,"['CH1', 'CH2', 'CHZ']",2019-01-16T03:34:17.720000Z,6.76
262,20190116T033939Z,1J.TI3A.,"['CH1', 'CH2', 'CHZ']",2019-01-16T03:39:39.980000Z,14.97
263,20190116T034327Z,1J.TI3A.,"['CH1', 'CH2', 'CHZ']",2019-01-16T03:43:27.040000Z,2.01
264,20190116T034332Z,1J.TI3A.,"['CH1', 'CH2', 'CHZ']",2019-01-16T03:43:40.330000Z,3.09
265,20190116T034645Z,1J.TI3A.,"['CH1', 'CH2', 'CHZ']",2019-01-16T03:46:45.710000Z,0.89
266,20190116T035401Z,1J.TI3A.,"['CH1', 'CH2', 'CHZ']",2019-01-16T03:54:01.620000Z,17.81
267,20190116T035426Z,1J.TI3A.,"['CH1', 'CH2', 'CHZ']",2019-01-16T03:54:26.020000Z,30.37
268,20190116T040127Z,1J.TI3A.,"['CH1', 'CH2', 'CHZ']",2019-01-16T04:01:27.800000Z,3.08
269,20190116T041022Z,1J.TI3A.,"['CH1', 'CH2', 'CHZ']",2019-01-16T04:10:22.190000Z,11.38
270,20190116T042045Z,1J.TI3A.,"['CH1', 'CH2', 'CHZ']",2019-01-16T04:20:45.850000Z,11.73
271,20190116T043921Z,1J.TI3A.,"['CH1', 'CH2', 'CHZ']",2019-01-16T04:39:48.820000Z,19.77
272,20190116T044311Z,1J.TI3A.,"['CH1', 'CH2', 'CHZ']",2019-01-16T04:43:11.300000Z,12.09
273,20190116T044801Z,1J.TI3A.,"['CH1', 'CH2', 'CHZ']",2019-01-16T04:48:01.050000Z,3.44
274,20190116T045022Z,1J.TI3A.,"['CH1', 'CH2', 'CHZ']",2019-01-16T04:50:22.820000Z,2.66
275,20190116T045248Z,1J.TI3A.,"['CH1', 'CH2', 'CHZ']",2019-01-16T04:52:55.520000Z,4.46
276,20190116T050511Z,1J.TI3A.,"['CH1', 'CH2', 'CHZ']",2019-01-16T05:05:11.650000Z,38.44
277,20190116T051308Z,1J.TI3A.,"['CH1', 'CH2', 'CHZ']",2019-01-16T05:13:08.960000Z,5.68
278,20190116T052223Z,1J.TI3A.,"['CH1', 'CH2', 'CHZ']",2019-01-16T05:22:23.590000Z,13.34
279,20190116T052501Z,1J.TI3A.,"['CH1', 'CH2', 'CHZ']",2019-01-16T05:25:01.230000Z,6.74
280,20190116T054514Z,1J.TI3A.,"['CH1', 'CH2', 'CHZ']",2019-01-16T05:45:40.880000Z,16.55
281,20190116T055032Z,1J.TI3A.,"['CH1', 'CH2', 'CHZ']",2019-01-16T05:51:05.340000Z,15.69
282,20190116T055638Z,1J.TI3A.,"['CH1', 'CH2', 'CHZ']",2019-01-16T05:57:06.310000Z,21.56
283,20190116T062242Z,1J.TI3A.,"['CH1', 'CH2', 'CHZ']",2019-01-16T06:22:42.760000Z,23.75
284,20190116T062510Z,1J.TI3A.,"['CH1', 'CH2', 'CHZ']",2019-01-16T06:25:10.460000Z,5.25
285,20190116T062844Z,1J.TI3A.,"['CH1', 'CH2', 'CHZ']",2019-01-16T06:28:44.410000Z,6.19
286,20190116T063643Z,1J.TI3A.,"['CH1', 'CH2', 'CHZ']",2019-01-16T06:36:43.870000Z,1.05
287,20190116T063749Z,1J.TI3A.,"['CH1', 'CH2', 'CHZ']",2019-01-16T06:37:49.560000Z,0.82
288,20190116T063850Z,1J.TI3A.,"['CH1', 'CH2', 'CHZ']",2019-01-16T06:38:50.320000Z,12.86
289,20190116T064144Z,1J.TI3A.,"['CH1', 'CH2', 'CHZ']",2019-01-16T06:41:44.860000Z,1.23
290,20190116T064259Z,1J.TI3A.,"['CH1', 'CH2', 'CHZ']",2019-01-16T06:42:59.410000Z,7.84
291,20190116T064408Z,1J.TI3A.,"['CH1', 'CH2', 'CHZ']",2019-01-16T06:44:08.770000Z,13.5
292,20190116T064733Z,1J.TI3A.,"['CH1', 'CH2', 'CHZ']",2019-01-16T06:47:33.400000Z,1.06
293,20190116T064847Z,1J.TI3A.,"['CH1', 'CH2', 'CHZ']",2019-01-16T06:48:47.790000Z,9.5
294,20190116T064935Z,1J.TI3A.,"['CH1', 'CH2', 'CHZ']",2019-01-16T06:49:35.640000Z,1.05
295,20190116T065214Z,1J.TI3A.,"['CH1', 'CH2', 'CHZ']",2019-01-16T06:52:14.210000Z,4.54
296,20190116T065227Z,1J.TI3A.,"['CH1', 'CH2', 'CHZ']",2019-01-16T06:52:27.810000Z,0.63
297,20190116T065440Z,1J.TI3A.,"['CH1', 'CH2', 'CHZ']",2019-01-16T06:54:40.670000Z,1.94
298,20190116T070129Z,1J.TI3A.,"['CH1', 'CH2', 'CHZ']",2019-01-16T07:01:29.610000Z,1.0
299,20190116T071354Z,1J.TI3A.,"['CH1', 'CH2', 'CHZ']",2019-01-16T07:15:14.690000Z,17.28
300,20190116T072034Z,1J.TI3A.,"['CH1', 'CH2', 'CHZ']",2019-01-16T07:20:34.640000Z,15.43
301,20190116T072345Z,1J.TI3A.,"['CH1', 'CH2', 'CHZ']",2019-01-16T07:23:45.030000Z,2.32
302,20190116T072515Z,1J.TI3A.,"['CH1', 'CH2', 'CHZ']",2019-01-16T07:25:15.750000Z,8.19
303,20190116T073040Z,1J.TI3A.,"['CH1', 'CH2', 'CHZ']",2019-01-16T07:30:40.030000Z,15.5
304,20190116T073316Z,1J.TI3A.,"['CH1', 'CH2', 'CHZ']",2019-01-16T07:33:16.920000Z,5.74
305,20190116T073729Z,1J.TI3A.,"['CH1', 'CH2', 'CHZ']",2019-01-16T07:37:29.970000Z,0.78
306,20190116T075112Z,1J.TI3A.,"['CH1', 'CH2', 'CHZ']",2019-01-16T07:51:12.050000Z,10.62
307,20190116T075346Z,1J.TI3A.,"['CH1', 'CH2', 'CHZ']",2019-01-16T07:53:46.420000Z,10.89
308,20190116T075657Z,1J.TI3A.,"['CH1', 'CH2', 'CHZ']",2019-01-16T07:56:57.220000Z,9.06
309,20190116T080445Z,1J.TI3A.,"['CH1', 'CH2', 'CHZ']",2019-01-16T08:04:45.660000Z,1.52
310,20190116T080640Z,1J.TI3A.,"['CH1', 'CH2', 'CHZ']",2019-01-16T08:06:40.960000Z,1.08
311,20190116T080819Z,1J.TI3A.,"['CH1', 'CH2', 'CHZ']",2019-01-16T08:08:19.030000Z,4.95
312,20190116T080914Z,1J.TI3A.,"['CH1', 'CH2', 'CHZ']",2019-01-16T08:09:14.960000Z,2.69
313,20190116T081010Z,1J.TI3A.,"['CH1', 'CH2', 'CHZ']",2019-01-16T08:10:10.440000Z,24.97
314,20190116T081201Z,1J.TI3A.,"['CH1', 'CH2', 'CHZ']",2019-01-16T08:12:01.270000Z,3.37
315,20190116T081228Z,1J.TI3A.,"['CH1', 'CH2', 'CHZ']",2019-01-16T08:12:28.150000Z,1.3
316,20190116T081245Z,1J.TI3A.,"['CH1', 'CH2', 'CHZ']",2019-01-16T08:12:45.080000Z,2.77
317,20190116T081307Z,1J.TI3A.,"['CH1', 'CH2', 'CHZ']",2019-01-16T08:13:07.110000Z,1.05
318,20190116T081424Z,1J.TI3A.,"['CH1', 'CH2', 'CHZ']",2019-01-16T08:14:24.370000Z,3.13
319,20190116T081440Z,1J.TI3A.,"['CH1', 'CH2', 'CHZ']",2019-01-16T08:14:40.240000Z,13.68
320,20190116T081518Z,1J.TI3A.,"['CH1', 'CH2', 'CHZ']",2019-01-16T08:15:18.420000Z,2.61
321,20190116T081552Z,1J.TI3A.,"['CH1', 'CH2', 'CHZ']",2019-01-16T08:16:06.440000Z,5.6
322,20190116T081632Z,1J.TI3A.,"['CH1', 'CH2', 'CHZ']",2019-01-16T08:16:32.030000Z,1.65
323,20190116T081701Z,1J.TI3A.,"['CH1', 'CH2', 'CHZ']",2019-01-16T08:17:01.720000Z,2.83
324,20190116T081758Z,1J.TI3A.,"['CH1', 'CH2', 'CHZ']",2019-01-16T08:17:58.010000Z,4.52
325,20190116T081917Z,1J.TI3A.,"['CH1', 'CH2', 'CHZ']",2019-01-16T08:19:17.820000Z,6.06
326,20190116T082006Z,1J.TI3A.,"['CH1', 'CH2', 'CHZ']",2019-01-16T08:20:06.390000Z,4.97
327,20190116T082049Z,1J.TI3A.,"['CH1', 'CH2', 'CHZ']",2019-01-16T08:20:49.540000Z,5.1
328,20190116T082110Z,1J.TI3A.,"['CH1', 'CH2', 'CHZ']",2019-01-16T08:21:10.230000Z,7.07
329,20190116T082159Z,1J.TI3A.,"['CH1', 'CH2', 'CHZ']",2019-01-16T08:21:59.110000Z,10.47
330,20190116T082216Z,1J.TI3A.,"['CH1', 'CH2', 'CHZ']",2019-01-16T08:22:16.000000Z,2.4
331,20190116T082246Z,1J.TI3A.,"['CH1', 'CH2', 'CHZ']",2019-01-16T08:22:46.350000Z,2.87
332,20190116T082359Z,1J.TI3A.,"['CH1', 'CH2', 'CHZ']",2019-01-16T08:23:59.000000Z,16.26
333,20190116T082452Z,1J.TI3A.,"['CH1', 'CH2', 'CHZ']",2019-01-16T08:24:52.120000Z,3.43
334,20190116T082546Z,1J.TI3A.,"['CH1', 'CH2', 'CHZ']",2019-01-16T08:25:46.130000Z,4.02
335,20190116T082637Z,1J.TI3A.,"['CH1', 'CH2', 'CHZ']",2019-01-16T08:26:37.900000Z,4.6
336,20190116T082722Z,1J.TI3A.,"['CH1', 'CH2', 'CHZ']",2019-01-16T08:27:22.010000Z,1.84
337,20190116T082854Z,1J.TI3A.,"['CH1', 'CH2', 'CHZ']",2019-01-16T08:28:54.960000Z,5.54
338,20190116T082942Z,1J.TI3A.,"['CH1', 'CH2', 'CHZ']",2019-01-16T08:29:42.650000Z,4.09
339,20190116T083025Z,1J.TI3A.,"['CH1', 'CH2', 'CHZ']",2019-01-16T08:30:25.420000Z,7.13
340,20190116T083048Z,1J.TI3A.,"['CH1', 'CH2', 'CHZ']",2019-01-16T08:30:48.020000Z,3.69
341,20190116T083134Z,1J.TI3A.,"['CH1', 'CH2', 'CHZ']",2019-01-16T08:31:34.440000Z,3.78
342,20190116T083206Z,1J.TI3A.,"['CH1', 'CH2', 'CHZ']",2019-01-16T08:32:06.810000Z,3.36
343,20190116T083311Z,1J.TI3A.,"['CH1', 'CH2', 'CHZ']",2019-01-16T08:33:11.130000Z,5.77
344,20190116T083429Z,1J.TI3A.,"['CH1', 'CH2', 'CHZ']",2019-01-16T08:34:29.670000Z,7.22
345,20190116T083525Z,1J.TI3A.,"['CH1', 'CH2', 'CHZ']",2019-01-16T08:35:25.580000Z,19.08
346,20190116T083631Z,1J.TI3A.,"['CH1', 'CH2', 'CHZ']",2019-01-16T08:36:31.240000Z,4.52
347,20190116T083644Z,1J.TI3A.,"['CH1', 'CH2', 'CHZ']",2019-01-16T08:36:44.760000Z,14.48
348,20190116T083758Z,1J.TI3A.,"['CH1', 'CH2', 'CHZ']",2019-01-16T08:37:58.590000Z,2.62
349,20190116T083919Z,1J.TI3A.,"['CH1', 'CH2', 'CHZ']",2019-01-16T08:39:21.460000Z,5.15
350,20190116T084005Z,1J.TI3A.,"['CH1', 'CH2', 'CHZ']",2019-01-16T08:40:05.600000Z,9.16
351,20190116T084107Z,1J.TI3A.,"['CH1', 'CH2', 'CHZ']",2019-01-16T08:41:07.110000Z,5.62
352,20190116T084300Z,1J.TI3A.,"['CH1', 'CH2', 'CHZ']",2019-01-16T08:43:00.010000Z,8.87
353,20190116T084406Z,1J.TI3A.,"['CH1', 'CH2', 'CHZ']",2019-01-16T08:44:10.880000Z,12.48
354,20190116T084457Z,1J.TI3A.,"['CH1', 'CH2', 'CHZ']",2019-01-16T08:44:57.460000Z,4.81
355,20190116T084611Z,1J.TI3A.,"['CH1', 'CH2', 'CHZ']",2019-01-16T08:46:11.240000Z,4.22
356,20190116T084722Z,1J.TI3A.,"['CH1', 'CH2', 'CHZ']",2019-01-16T08:47:22.270000Z,9.02
357,20190116T084823Z,1J.TI3A.,"['CH1', 'CH2', 'CHZ']",2019-01-16T08:48:23.320000Z,15.39
358,20190116T084914Z,1J.TI3A.,"['CH1', 'CH2', 'CHZ']",2019-01-16T08:49:14.700000Z,3.3
359,20190116T085033Z,1J.TI3A.,"['CH1', 'CH2', 'CHZ']",2019-01-16T08:50:33.220000Z,5.74
360,20190116T085114Z,1J.TI3A.,"['CH1', 'CH2', 'CHZ']",2019-01-16T08:51:14.080000Z,2.81
361,20190116T085210Z,1J.TI3A.,"['CH1', 'CH2', 'CHZ']",2019-01-16T08:52:10.600000Z,4.39
362,20190116T085245Z,1J.TI3A.,"['CH1', 'CH2', 'CHZ']",2019-01-16T08:52:45.090000Z,3.1
363,20190116T085304Z,1J.TI3A.,"['CH1', 'CH2', 'CHZ']",2019-01-16T08:53:18.660000Z,1.87
364,20190116T085433Z,1J.TI3A.,"['CH1', 'CH2', 'CHZ']",2019-01-16T08:54:33.970000Z,7.92
365,20190116T085555Z,1J.TI3A.,"['CH1', 'CH2', 'CHZ']",2019-01-16T08:55:55.870000Z,7.55
366,20190116T085648Z,1J.TI3A.,"['CH1', 'CH2', 'CHZ']",2019-01-16T08:56:48.360000Z,26.57
367,20190116T085745Z,1J.TI3A.,"['CH1', 'CH2', 'CHZ']",2019-01-16T08:57:58.230000Z,2.78
368,20190116T085853Z,1J.TI3A.,"['CH1', 'CH2', 'CHZ']",2019-01-16T08:58:53.910000Z,4.12
369,20190116T085935Z,1J.TI3A.,"['CH1', 'CH2', 'CHZ']",2019-01-16T08:59:35.110000Z,3.91
370,20190116T090038Z,1J.TI3A.,"['CH1', 'CH2', 'CHZ']",2019-01-16T09:00:38.080000Z,4.7
371,20190116T090109Z,1J.TI3A.,"['CH1', 'CH2', 'CHZ']",2019-01-16T09:01:09.120000Z,3.46
372,20190116T090138Z,1J.TI3A.,"['CH1', 'CH2', 'CHZ']",2019-01-16T09:02:07.190000Z,4.43
373,20190116T090327Z,1J.TI3A.,"['CH1', 'CH2', 'CHZ']",2019-01-16T09:03:27.420000Z,5.9
374,20190116T090403Z,1J.TI3A.,"['CH1', 'CH2', 'CHZ']",2019-01-16T09:04:03.410000Z,3.66
375,20190116T090430Z,1J.TI3A.,"['CH1', 'CH2', 'CHZ']",2019-01-16T09:04:30.150000Z,5.03
376,20190116T090554Z,1J.TI3A.,"['CH1', 'CH2', 'CHZ']",2019-01-16T09:05:54.750000Z,9.66
377,20190116T090707Z,1J.TI3A.,"['CH1', 'CH2', 'CHZ']",2019-01-16T09:07:07.500000Z,5.24
378,20190116T090812Z,1J.TI3A.,"['CH1', 'CH2', 'CHZ']",2019-01-16T09:08:12.210000Z,6.14
379,20190116T090939Z,1J.TI3A.,"['CH1', 'CH2', 'CHZ']",2019-01-16T09:09:39.490000Z,6.38
380,20190116T091120Z,1J.TI3A.,"['CH1', 'CH2', 'CHZ']",2019-01-16T09:11:20.040000Z,19.85
381,20190116T091236Z,1J.TI3A.,"['CH1', 'CH2', 'CHZ']",2019-01-16T09:12:36.580000Z,0.98
382,20190116T091311Z,1J.TI3A.,"['CH1', 'CH2', 'CHZ']",2019-01-16T09:13:11.460000Z,4.01
383,20190116T091426Z,1J.TI3A.,"['CH1', 'CH2', 'CHZ']",2019-01-16T09:14:26.080000Z,5.08
384,20190116T091441Z,1J.TI3A.,"['CH1', 'CH2', 'CHZ']",2019-01-16T09:14:41.370000Z,9.57
385,20190116T091509Z,1J.TI3A.,"['CH1', 'CH2', 'CHZ']",2019-01-16T09:15:09.700000Z,13.09
386,20190116T091551Z,1J.TI3A.,"['CH1', 'CH2', 'CHZ']",2019-01-16T09:15:51.040000Z,1.05
387,20190116T091936Z,1J.TI3A.,"['CH1', 'CH2', 'CHZ']",2019-01-16T09:19:37.920000Z,2.13
388,20190116T092210Z,1J.TI3A.,"['CH1', 'CH2', 'CHZ']",2019-01-16T09:22:16.990000Z,26.26
389,20190116T092329Z,1J.TI3A.,"['CH1', 'CH2', 'CHZ']",2019-01-16T09:23:29.970000Z,0.96
390,20190116T092454Z,1J.TI3A.,"['CH1', 'CH2', 'CHZ']",2019-01-16T09:24:54.050000Z,1.25
391,20190116T092557Z,1J.TI3A.,"['CH1', 'CH2', 'CHZ']",2019-01-16T09:25:57.950000Z,4.33
392,20190116T092650Z,1J.TI3A.,"['CH1', 'CH2', 'CHZ']",2019-01-16T09:26:50.260000Z,0.86
393,20190116T092732Z,1J.TI3A.,"['CH1', 'CH2', 'CHZ']",2019-01-16T09:27:32.490000Z,4.09
394,20190116T092934Z,1J.TI3A.,"['CH1', 'CH2', 'CHZ']",2019-01-16T09:29:34.780000Z,3.23
395,20190116T093002Z,1J.TI3A.,"['CH1', 'CH2', 'CHZ']",2019-01-16T09:30:02.550000Z,48.79
396,20190116T093306Z,1J.TI3A.,"['CH1', 'CH2', 'CHZ']",2019-01-16T09:33:06.980000Z,8.33
397,20190116T093401Z,1J.TI3A.,"['CH1', 'CH2', 'CHZ']",2019-01-16T09:34:01.600000Z,46.9
398,20190116T093627Z,1J.TI3A.,"['CH1', 'CH2', 'CHZ']",2019-01-16T09:36:27.150000Z,6.8
399,20190116T093741Z,1J.TI3A.,"['CH1', 'CH2', 'CHZ']",2019-01-16T09:37:41.740000Z,0.84
400,20190116T094016Z,1J.TI3A.,"['CH1', 'CH2', 'CHZ']",2019-01-16T09:40:16.090000Z,1.46
401,20190116T094159Z,1J.TI3A.,"['CH1', 'CH2', 'CHZ']",2019-01-16T09:41:59.930000Z,3.97
402,20190116T094318Z,1J.TI3A.,"['CH1', 'CH2', 'CHZ']",2019-01-16T09:43:18.970000Z,3.64
403,20190116T094434Z,1J.TI3A.,"['CH1', 'CH2', 'CHZ']",2019-01-16T09:44:34.850000Z,3.72
404,20190116T094536Z,1J.TI3A.,"['CH1', 'CH2', 'CHZ']",2019-01-16T09:45:36.080000Z,1.39
405,20190116T094654Z,1J.TI3A.,"['CH1', 'CH2', 'CHZ']",2019-01-16T09:46:54.380000Z,2.26
406,20190116T094745Z,1J.TI3A.,"['CH1', 'CH2', 'CHZ']",2019-01-16T09:47:45.940000Z,1.82
407,20190116T094907Z,1J.TI3A.,"['CH1', 'CH2', 'CHZ']",2019-01-16T09:49:07.440000Z,3.11
408,20190116T094943Z,1J.TI3A.,"['CH1', 'CH2', 'CHZ']",2019-01-16T09:49:43.110000Z,1.7
409,20190116T095048Z,1J.TI3A.,"['CH1', 'CH2', 'CHZ']",2019-01-16T09:50:48.210000Z,2.98
410,20190116T095144Z,1J.TI3A.,"['CH1', 'CH2', 'CHZ']",2019-01-16T09:51:44.960000Z,1.27
411,20190116T095301Z,1J.TI3A.,"['CH1', 'CH2', 'CHZ']",2019-01-16T09:53:01.650000Z,4.81
412,20190116T095414Z,1J.TI3A.,"['CH1', 'CH2', 'CHZ']",2019-01-16T09:54:14.270000Z,4.35
413,20190116T095532Z,1J.TI3A.,"['CH1', 'CH2', 'CHZ']",2019-01-16T09:55:32.200000Z,5.09
414,20190116T095705Z,1J.TI3A.,"['CH1', 'CH2', 'CHZ']",2019-01-16T09:57:05.210000Z,4.01
415,20190116T095822Z,1J.TI3A.,"['CH1', 'CH2', 'CHZ']",2019-01-16T09:58:22.090000Z,6.18
416,20190116T095937Z,1J.TI3A.,"['CH1', 'CH2', 'CHZ']",2019-01-16T09:59:37.790000Z,5.56
417,20190116T100035Z,1J.TI3A.,"['CH1', 'CH2', 'CHZ']",2019-01-16T10:00:35.240000Z,16.47
418,20190116T100219Z,1J.TI3A.,"['CH1', 'CH2', 'CHZ']",2019-01-16T10:02:19.360000Z,5.69
419,20190116T100252Z,1J.TI3A.,"['CH1', 'CH2', 'CHZ']",2019-01-16T10:02:52.630000Z,14.78
420,20190116T100338Z,1J.TI3A.,"['CH1', 'CH2', 'CHZ']",2019-01-16T10:03:38.020000Z,4.07
421,20190116T100442Z,1J.TI3A.,"['CH1', 'CH2', 'CHZ']",2019-01-16T10:04:43.200000Z,5.65
422,20190116T100604Z,1J.TI3A.,"['CH1', 'CH2', 'CHZ']",2019-01-16T10:06:04.080000Z,5.58
423,20190116T100614Z,1J.TI3A.,"['CH1', 'CH2', 'CHZ']",2019-01-16T10:06:14.740000Z,30.55
424,20190116T100723Z,1J.TI3A.,"['CH1', 'CH2', 'CHZ']",2019-01-16T10:07:23.140000Z,2.89
425,20190116T100853Z,1J.TI3A.,"['CH1', 'CH2', 'CHZ']",2019-01-16T10:08:53.660000Z,3.78
426,20190116T100958Z,1J.TI3A.,"['CH1', 'CH2', 'CHZ']",2019-01-16T10:09:58.730000Z,20.14
427,20190116T101109Z,1J.TI3A.,"['CH1', 'CH2', 'CHZ']",2019-01-16T10:11:09.660000Z,3.67
428,20190116T101328Z,1J.TI3A.,"['CH1', 'CH2', 'CHZ']",2019-01-16T10:13:28.620000Z,7.93
429,20190116T101420Z,1J.TI3A.,"['CH1', 'CH2', 'CHZ']",2019-01-16T10:14:20.200000Z,3.69
430,20190116T101435Z,1J.TI3A.,"['CH1', 'CH2', 'CHZ']",2019-01-16T10:14:35.140000Z,17.76
431,20190116T101559Z,1J.TI3A.,"['CH1', 'CH2', 'CHZ']",2019-01-16T10:15:59.890000Z,3.47
432,20190116T101617Z,1J.TI3A.,"['CH1', 'CH2', 'CHZ']",2019-01-16T10:16:17.330000Z,4.35
433,20190116T101710Z,1J.TI3A.,"['CH1', 'CH2', 'CHZ']",2019-01-16T10:17:10.390000Z,6.63
434,20190116T101753Z,1J.TI3A.,"['CH1', 'CH2', 'CHZ']",2019-01-16T10:17:53.840000Z,6.35
435,20190116T101926Z,1J.TI3A.,"['CH1', 'CH2', 'CHZ']",2019-01-16T10:19:26.720000Z,52.71
436,20190116T102052Z,1J.TI3A.,"['CH1', 'CH2', 'CHZ']",2019-01-16T10:20:52.060000Z,1.22
437,20190116T102152Z,1J.TI3A.,"['CH1', 'CH2', 'CHZ']",2019-01-16T10:21:52.910000Z,3.64
438,20190116T102256Z,1J.TI3A.,"['CH1', 'CH2', 'CHZ']",2019-01-16T10:22:56.750000Z,7.11
439,20190116T102313Z,1J.TI3A.,"['CH1', 'CH2', 'CHZ']",2019-01-16T10:23:13.320000Z,1.26
440,20190116T102404Z,1J.TI3A.,"['CH1', 'CH2', 'CHZ']",2019-01-16T10:24:04.800000Z,3.95
441,20190116T102605Z,1J.TI3A.,"['CH1', 'CH2', 'CHZ']",2019-01-16T10:26:05.420000Z,17.22
442,20190116T102720Z,1J.TI3A.,"['CH1', 'CH2', 'CHZ']",2019-01-16T10:27:20.930000Z,5.43
443,20190116T102757Z,1J.TI3A.,"['CH1', 'CH2', 'CHZ']",2019-01-16T10:27:57.690000Z,16.95
444,20190116T102909Z,1J.TI3A.,"['CH1', 'CH2', 'CHZ']",2019-01-16T10:29:09.400000Z,3.95
445,20190116T103023Z,1J.TI3A.,"['CH1', 'CH2', 'CHZ']",2019-01-16T10:30:23.210000Z,4.4
446,20190116T103116Z,1J.TI3A.,"['CH1', 'CH2', 'CHZ']",2019-01-16T10:31:16.760000Z,10.61
447,20190116T103203Z,1J.TI3A.,"['CH1', 'CH2', 'CHZ']",2019-01-16T10:32:03.800000Z,5.85
448,20190116T103246Z,1J.TI3A.,"['CH1', 'CH2', 'CHZ']",2019-01-16T10:32:46.800000Z,9.56
449,20190116T103315Z,1J.TI3A.,"['CH1', 'CH2', 'CHZ']",2019-01-16T10:33:15.740000Z,4.55
450,20190116T103442Z,1J.TI3A.,"['CH1', 'CH2', 'CHZ']",2019-01-16T10:34:42.670000Z,5.2
451,20190116T103619Z,1J.TI3A.,"['CH1', 'CH2', 'CHZ']",2019-01-16T10:36:19.120000Z,9.42
452,20190116T103752Z,1J.TI3A.,"['CH1', 'CH2', 'CHZ']",2019-01-16T10:37:52.680000Z,1.39
453,20190116T103805Z,1J.TI3A.,"['CH1', 'CH2', 'CHZ']",2019-01-16T10:38:05.270000Z,6.66
454,20190116T103850Z,1J.TI3A.,"['CH1', 'CH2', 'CHZ']",2019-01-16T10:38:50.280000Z,5.66
455,20190116T104057Z,1J.TI3A.,"['CH1', 'CH2', 'CHZ']",2019-01-16T10:40:57.170000Z,20.55
456,20190116T104227Z,1J.TI3A.,"['CH1', 'CH2', 'CHZ']",2019-01-16T10:42:27.000000Z,5.65
457,20190116T104246Z,1J.TI3A.,"['CH1', 'CH2', 'CHZ']",2019-01-16T10:42:46.770000Z,18.5
458,20190116T104421Z,1J.TI3A.,"['CH1', 'CH2', 'CHZ']",2019-01-16T10:44:21.840000Z,3.83
459,20190116T104450Z,1J.TI3A.,"['CH1', 'CH2', 'CHZ']",2019-01-16T10:44:50.250000Z,16.5
460,20190116T104550Z,1J.TI3A.,"['CH1', 'CH2', 'CHZ']",2019-01-16T10:45:50.970000Z,2.76
461,20190116T104759Z,1J.TI3A.,"['CH1', 'CH2', 'CHZ']",2019-01-16T10:47:59.830000Z,7.38
462,20190116T104936Z,1J.TI3A.,"['CH1', 'CH2', 'CHZ']",2019-01-16T10:49:36.380000Z,6.38
463,20190116T105001Z,1J.TI3A.,"['CH1', 'CH2', 'CHZ']",2019-01-16T10:50:01.740000Z,8.7
464,20190116T105145Z,1J.TI3A.,"['CH1', 'CH2', 'CHZ']",2019-01-16T10:51:45.790000Z,6.42
465,20190116T105242Z,1J.TI3A.,"['CH1', 'CH2', 'CHZ']",2019-01-16T10:52:42.700000Z,5.08
466,20190116T105433Z,1J.TI3A.,"['CH1', 'CH2', 'CHZ']",2019-01-16T10:54:33.950000Z,10.67
467,20190116T105633Z,1J.TI3A.,"['CH1', 'CH2', 'CHZ']",2019-01-16T10:56:33.600000Z,10.35
468,20190116T105757Z,1J.TI3A.,"['CH1', 'CH2', 'CHZ']",2019-01-16T10:58:00.200000Z,11.7
469,20190116T105830Z,1J.TI3A.,"['CH1', 'CH2', 'CHZ']",2019-01-16T10:58:30.520000Z,0.77
470,20190116T105908Z,1J.TI3A.,"['CH1', 'CH2', 'CHZ']",2019-01-16T10:59:08.750000Z,5.05
471,20190116T105949Z,1J.TI3A.,"['CH1', 'CH2', 'CHZ']",2019-01-16T10:59:49.610000Z,18.82
472,20190116T110056Z,1J.TI3A.,"['CH1', 'CH2', 'CHZ']",2019-01-16T11:00:56.120000Z,1.24
473,20190116T110208Z,1J.TI3A.,"['CH1', 'CH2', 'CHZ']",2019-01-16T11:02:08.920000Z,12.68
474,20190116T110356Z,1J.TI3A.,"['CH1', 'CH2', 'CHZ']",2019-01-16T11:03:56.440000Z,5.58
475,20190116T110504Z,1J.TI3A.,"['CH1', 'CH2', 'CHZ']",2019-01-16T11:05:04.570000Z,8.89
476,20190116T110529Z,1J.TI3A.,"['CH1', 'CH2', 'CHZ']",2019-01-16T11:05:29.390000Z,3.0
477,20190116T110655Z,1J.TI3A.,"['CH1', 'CH2', 'CHZ']",2019-01-16T11:06:55.300000Z,4.25
478,20190116T110742Z,1J.TI3A.,"['CH1', 'CH2', 'CHZ']",2019-01-16T11:07:42.550000Z,6.01
479,20190116T110852Z,1J.TI3A.,"['CH1', 'CH2', 'CHZ']",2019-01-16T11:08:52.280000Z,6.46
480,20190116T111033Z,1J.TI3A.,"['CH1', 'CH2', 'CHZ']",2019-01-16T11:10:33.280000Z,6.78
481,20190116T111143Z,1J.TI3A.,"['CH1', 'CH2', 'CHZ']",2019-01-16T11:11:43.280000Z,13.67
482,20190116T111218Z,1J.TI3A.,"['CH1', 'CH2', 'CHZ']",2019-01-16T11:12:18.140000Z,3.24
483,20190116T111316Z,1J.TI3A.,"['CH1', 'CH2', 'CHZ']",2019-01-16T11:13:16.120000Z,6.37
484,20190116T111422Z,1J.TI3A.,"['CH1', 'CH2', 'CHZ']",2019-01-16T11:14:23.500000Z,18.08
485,20190116T111532Z,1J.TI3A.,"['CH1', 'CH2', 'CHZ']",2019-01-16T11:15:32.730000Z,2.69
486,20190116T111540Z,1J.TI3A.,"['CH1', 'CH2', 'CHZ']",2019-01-16T11:15:40.740000Z,5.8
487,20190116T111604Z,1J.TI3A.,"['CH1', 'CH2', 'CHZ']",2019-01-16T11:16:04.510000Z,9.89
488,20190116T111635Z,1J.TI3A.,"['CH1', 'CH2', 'CHZ']",2019-01-16T11:16:35.910000Z,0.68
489,20190116T111754Z,1J.TI3A.,"['CH1', 'CH2', 'CHZ']",2019-01-16T11:17:55.180000Z,6.72
490,20190116T111820Z,1J.TI3A.,"['CH1', 'CH2', 'CHZ']",2019-01-16T11:18:20.060000Z,3.27
491,20190116T111859Z,1J.TI3A.,"['CH1', 'CH2', 'CHZ']",2019-01-16T11:18:59.410000Z,49.52
492,20190116T112051Z,1J.TI3A.,"['CH1', 'CH2', 'CHZ']",2019-01-16T11:20:51.030000Z,1.06
493,20190116T112208Z,1J.TI3A.,"['CH1', 'CH2', 'CHZ']",2019-01-16T11:22:08.300000Z,3.49
494,20190116T112311Z,1J.TI3A.,"['CH1', 'CH2', 'CHZ']",2019-01-16T11:23:11.200000Z,3.03
495,20190116T112422Z,1J.TI3A.,"['CH1', 'CH2', 'CHZ']",2019-01-16T11:24:22.520000Z,4.44
496,20190116T112552Z,1J.TI3A.,"['CH1', 'CH2', 'CHZ']",2019-01-16T11:25:54.310000Z,23.46
497,20190116T112646Z,1J.TI3A.,"['CH1', 'CH2', 'CHZ']",2019-01-16T11:26:46.470000Z,0.79
498,20190116T112752Z,1J.TI3A.,"['CH1', 'CH2', 'CHZ']",2019-01-16T11:27:52.520000Z,3.34
499,20190116T112859Z,1J.TI3A.,"['CH1', 'CH2', 'CHZ']",2019-01-16T11:28:59.850000Z,3.89
500,20190116T112909Z,1J.TI3A.,"['CH1', 'CH2', 'CHZ']",2019-01-16T11:29:10.110000Z,8.37
501,20190116T113026Z,1J.TI3A.,"['CH1', 'CH2', 'CHZ']",2019-01-16T11:30:26.980000Z,3.95
502,20190116T113130Z,1J.TI3A.,"['CH1', 'CH2', 'CHZ']",2019-01-16T11:31:30.060000Z,4.87
503,20190116T113237Z,1J.TI3A.,"['CH1', 'CH2', 'CHZ']",2019-01-16T11:32:37.320000Z,5.41
504,20190116T113328Z,1J.TI3A.,"['CH1', 'CH2', 'CHZ']",2019-01-16T11:33:28.170000Z,4.14
505,20190116T113438Z,1J.TI3A.,"['CH1', 'CH2', 'CHZ']",2019-01-16T11:34:38.670000Z,5.3
506,20190116T113514Z,1J.TI3A.,"['CH1', 'CH2', 'CHZ']",2019-01-16T11:35:14.240000Z,9.97
507,20190116T113606Z,1J.TI3A.,"['CH1', 'CH2', 'CHZ']",2019-01-16T11:36:06.730000Z,7.05
508,20190116T113738Z,1J.TI3A.,"['CH1', 'CH2', 'CHZ']",2019-01-16T11:37:38.320000Z,8.05
509,20190116T113755Z,1J.TI3A.,"['CH1', 'CH2', 'CHZ']",2019-01-16T11:37:57.310000Z,10.93
510,20190116T113838Z,1J.TI3A.,"['CH1', 'CH2', 'CHZ']",2019-01-16T11:38:38.830000Z,22.37
511,20190116T114015Z,1J.TI3A.,"['CH1', 'CH2', 'CHZ']",2019-01-16T11:40:15.830000Z,3.33
512,20190116T114123Z,1J.TI3A.,"['CH1', 'CH2', 'CHZ']",2019-01-16T11:41:23.360000Z,3.65
513,20190116T114244Z,1J.TI3A.,"['CH1', 'CH2', 'CHZ']",2019-01-16T11:42:44.710000Z,6.48
514,20190116T114355Z,1J.TI3A.,"['CH1', 'CH2', 'CHZ']",2019-01-16T11:43:55.200000Z,6.29
515,20190116T114505Z,1J.TI3A.,"['CH1', 'CH2', 'CHZ']",2019-01-16T11:45:05.870000Z,4.76
516,20190116T114600Z,1J.TI3A.,"['CH1', 'CH2', 'CHZ']",2019-01-16T11:46:00.050000Z,19.13
517,20190116T114720Z,1J.TI3A.,"['CH1', 'CH2', 'CHZ']",2019-01-16T11:47:20.000000Z,7.23
518,20190116T114803Z,1J.TI3A.,"['CH1', 'CH2', 'CHZ']",2019-01-16T11:48:03.770000Z,4.37
519,20190116T114850Z,1J.TI3A.,"['CH1', 'CH2', 'CHZ']",2019-01-16T11:48:50.180000Z,3.83
520,20190116T114920Z,1J.TI3A.,"['CH1', 'CH2', 'CHZ']",2019-01-16T11:49:20.610000Z,4.72
521,20190116T115039Z,1J.TI3A.,"['CH1', 'CH2', 'CHZ']",2019-01-16T11:50:39.820000Z,4.88
522,20190116T115050Z,1J.TI3A.,"['CH1', 'CH2', 'CHZ']",2019-01-16T11:50:50.660000Z,8.19
523,20190116T115146Z,1J.TI3A.,"['CH1', 'CH2', 'CHZ']",2019-01-16T11:51:46.610000Z,6.22
524,20190116T115254Z,1J.TI3A.,"['CH1', 'CH2', 'CHZ']",2019-01-16T11:52:54.090000Z,18.41
525,20190116T115351Z,1J.TI3A.,"['CH1', 'CH2', 'CHZ']",2019-01-16T11:54:17.370000Z,3.2
526,20190116T115434Z,1J.TI3A.,"['CH1', 'CH2', 'CHZ']",2019-01-16T11:54:35.430000Z,6.17
527,20190116T115520Z,1J.TI3A.,"['CH1', 'CH2', 'CHZ']",2019-01-16T11:55:20.810000Z,15.11
528,20190116T115658Z,1J.TI3A.,"['CH1', 'CH2', 'CHZ']",2019-01-16T11:56:58.050000Z,3.66
529,20190116T115749Z,1J.TI3A.,"['CH1', 'CH2', 'CHZ']",2019-01-16T11:57:49.190000Z,4.12
530,20190116T115834Z,1J.TI3A.,"['CH1', 'CH2', 'CHZ']",2019-01-16T11:58:34.670000Z,4.48
531,20190116T115901Z,1J.TI3A.,"['CH1', 'CH2', 'CHZ']",2019-01-16T11:59:01.030000Z,4.97
532,20190116T115942Z,1J.TI3A.,"['CH1', 'CH2', 'CHZ']",2019-01-16T11:59:42.230000Z,3.37
533,20190116T120035Z,1J.TI3A.,"['CH1', 'CH2', 'CHZ']",2019-01-16T12:00:35.690000Z,16.36
534,20190116T120142Z,1J.TI3A.,"['CH1', 'CH2', 'CHZ']",2019-01-16T12:01:42.920000Z,3.68
535,20190116T120209Z,1J.TI3A.,"['CH1', 'CH2', 'CHZ']",2019-01-16T12:02:09.130000Z,25.58
536,20190116T120323Z,1J.TI3A.,"['CH1', 'CH2', 'CHZ']",2019-01-16T12:03:23.100000Z,2.99
537,20190116T120426Z,1J.TI3A.,"['CH1', 'CH2', 'CHZ']",2019-01-16T12:04:26.560000Z,4.49
538,20190116T120514Z,1J.TI3A.,"['CH1', 'CH2', 'CHZ']",2019-01-16T12:05:14.680000Z,4.16
539,20190116T120558Z,1J.TI3A.,"['CH1', 'CH2', 'CHZ']",2019-01-16T12:05:58.340000Z,19.87
540,20190116T120718Z,1J.TI3A.,"['CH1', 'CH2', 'CHZ']",2019-01-16T12:07:18.020000Z,17.7
541,20190116T120831Z,1J.TI3A.,"['CH1', 'CH2', 'CHZ']",2019-01-16T12:08:31.140000Z,3.01
542,20190116T120932Z,1J.TI3A.,"['CH1', 'CH2', 'CHZ']",2019-01-16T12:09:32.030000Z,13.65
543,20190116T120955Z,1J.TI3A.,"['CH1', 'CH2', 'CHZ']",2019-01-16T12:09:55.820000Z,16.22
544,20190116T121056Z,1J.TI3A.,"['CH1', 'CH2', 'CHZ']",2019-01-16T12:10:56.370000Z,2.34
545,20190116T121153Z,1J.TI3A.,"['CH1', 'CH2', 'CHZ']",2019-01-16T12:11:53.060000Z,3.64
546,20190116T121242Z,1J.TI3A.,"['CH1', 'CH2', 'CHZ']",2019-01-16T12:12:42.270000Z,4.88
547,20190116T121406Z,1J.TI3A.,"['CH1', 'CH2', 'CHZ']",2019-01-16T12:14:06.420000Z,18.7
548,20190116T121509Z,1J.TI3A.,"['CH1', 'CH2', 'CHZ']",2019-01-16T12:15:09.220000Z,2.67
549,20190116T121617Z,1J.TI3A.,"['CH1', 'CH2', 'CHZ']",2019-01-16T12:16:17.660000Z,8.95
550,20190116T121712Z,1J.TI3A.,"['CH1', 'CH2', 'CHZ']",2019-01-16T12:17:12.540000Z,6.03
551,20190116T121738Z,1J.TI3A.,"['CH1', 'CH2', 'CHZ']",2019-01-16T12:17:38.400000Z,1.18
552,20190116T121825Z,1J.TI3A.,"['CH1', 'CH2', 'CHZ']",2019-01-16T12:18:25.760000Z,10.49
553,20190116T121943Z,1J.TI3A.,"['CH1', 'CH2', 'CHZ']",2019-01-16T12:19:43.150000Z,44.35
554,20190116T122114Z,1J.TI3A.,"['CH1', 'CH2', 'CHZ']",2019-01-16T12:21:14.930000Z,2.7
555,20190116T122238Z,1J.TI3A.,"['CH1', 'CH2', 'CHZ']",2019-01-16T12:22:38.020000Z,29.6
556,20190116T122343Z,1J.TI3A.,"['CH1', 'CH2', 'CHZ']",2019-01-16T12:23:43.890000Z,2.5
557,20190116T122448Z,1J.TI3A.,"['CH1', 'CH2', 'CHZ']",2019-01-16T12:24:48.510000Z,4.24
558,20190116T122539Z,1J.TI3A.,"['CH1', 'CH2', 'CHZ']",2019-01-16T12:25:39.860000Z,3.23
559,20190116T122621Z,1J.TI3A.,"['CH1', 'CH2', 'CHZ']",2019-01-16T12:26:21.760000Z,2.47
560,20190116T122703Z,1J.TI3A.,"['CH1', 'CH2', 'CHZ']",2019-01-16T12:27:03.200000Z,12.55
561,20190116T122758Z,1J.TI3A.,"['CH1', 'CH2', 'CHZ']",2019-01-16T12:27:58.240000Z,1.37
562,20190116T122821Z,1J.TI3A.,"['CH1', 'CH2', 'CHZ']",2019-01-16T12:28:21.550000Z,0.99
563,20190116T122917Z,1J.TI3A.,"['CH1', 'CH2', 'CHZ']",2019-01-16T12:29:17.780000Z,3.84
564,20190116T122931Z,1J.TI3A.,"['CH1', 'CH2', 'CHZ']",2019-01-16T12:29:31.660000Z,3.26
565,20190116T123011Z,1J.TI3A.,"['CH1', 'CH2', 'CHZ']",2019-01-16T12:30:11.750000Z,3.33
566,20190116T123055Z,1J.TI3A.,"['CH1', 'CH2', 'CHZ']",2019-01-16T12:30:55.250000Z,3.49
567,20190116T123109Z,1J.TI3A.,"['CH1', 'CH2', 'CHZ']",2019-01-16T12:31:09.880000Z,1.71
568,20190116T123134Z,1J.TI3A.,"['CH1', 'CH2', 'CHZ']",2019-01-16T12:31:34.250000Z,35.1
569,20190116T123343Z,1J.TI3A.,"['CH1', 'CH2', 'CHZ']",2019-01-16T12:33:43.040000Z,14.3
570,20190116T123436Z,1J.TI3A.,"['CH1', 'CH2', 'CHZ']",2019-01-16T12:34:36.160000Z,1.52
571,20190116T123535Z,1J.TI3A.,"['CH1', 'CH2', 'CHZ']",2019-01-16T12:35:35.530000Z,4.67
572,20190116T123646Z,1J.TI3A.,"['CH1', 'CH2', 'CHZ']",2019-01-16T12:36:46.430000Z,5.64
573,20190116T123742Z,1J.TI3A.,"['CH1', 'CH2', 'CHZ']",2019-01-16T12:37:42.510000Z,3.38
574,20190116T123809Z,1J.TI3A.,"['CH1', 'CH2', 'CHZ']",2019-01-16T12:38:09.480000Z,18.67
575,20190116T123858Z,1J.TI3A.,"['CH1', 'CH2', 'CHZ']",2019-01-16T12:39:13.070000Z,2.69
576,20190116T124003Z,1J.TI3A.,"['CH1', 'CH2', 'CHZ']",2019-01-16T12:40:03.640000Z,1.33
577,20190116T124043Z,1J.TI3A.,"['CH1', 'CH2', 'CHZ']",2019-01-16T12:40:43.290000Z,14.28
578,20190116T124154Z,1J.TI3A.,"['CH1', 'CH2', 'CHZ']",2019-01-16T12:41:54.700000Z,3.35
579,20190116T124300Z,1J.TI3A.,"['CH1', 'CH2', 'CHZ']",2019-01-16T12:43:00.440000Z,22.82
580,20190116T124412Z,1J.TI3A.,"['CH1', 'CH2', 'CHZ']",2019-01-16T12:44:12.620000Z,3.09
581,20190116T124534Z,1J.TI3A.,"['CH1', 'CH2', 'CHZ']",2019-01-16T12:45:34.390000Z,4.91
582,20190116T124648Z,1J.TI3A.,"['CH1', 'CH2', 'CHZ']",2019-01-16T12:46:48.210000Z,5.31
583,20190116T124744Z,1J.TI3A.,"['CH1', 'CH2', 'CHZ']",2019-01-16T12:47:44.970000Z,4.86
584,20190116T124753Z,1J.TI3A.,"['CH1', 'CH2', 'CHZ']",2019-01-16T12:48:06.710000Z,20.16
585,20190116T124956Z,1J.TI3A.,"['CH1', 'CH2', 'CHZ']",2019-01-16T12:49:56.630000Z,14.93
586,20190116T125130Z,1J.TI3A.,"['CH1', 'CH2', 'CHZ']",2019-01-16T12:51:30.450000Z,2.12
587,20190116T125218Z,1J.TI3A.,"['CH1', 'CH2', 'CHZ']",2019-01-16T12:52:21.310000Z,9.41
588,20190116T125309Z,1J.TI3A.,"['CH1', 'CH2', 'CHZ']",2019-01-16T12:53:09.140000Z,1.5
589,20190116T125350Z,1J.TI3A.,"['CH1', 'CH2', 'CHZ']",2019-01-16T12:53:50.560000Z,1.66
590,20190116T125437Z,1J.TI3A.,"['CH1', 'CH2', 'CHZ']",2019-01-16T12:54:37.940000Z,1.8
591,20190116T125536Z,1J.TI3A.,"['CH1', 'CH2', 'CHZ']",2019-01-16T12:55:36.210000Z,4.71
592,20190116T125653Z,1J.TI3A.,"['CH1', 'CH2', 'CHZ']",2019-01-16T12:56:53.240000Z,6.06
593,20190116T125716Z,1J.TI3A.,"['CH1', 'CH2', 'CHZ']",2019-01-16T12:57:16.030000Z,12.38
594,20190116T125749Z,1J.TI3A.,"['CH1', 'CH2', 'CHZ']",2019-01-16T12:57:49.700000Z,17.9
595,20190116T125832Z,1J.TI3A.,"['CH1', 'CH2', 'CHZ']",2019-01-16T12:58:32.410000Z,0.91
596,20190116T125928Z,1J.TI3A.,"['CH1', 'CH2', 'CHZ']",2019-01-16T12:59:28.490000Z,3.27
597,20190116T130034Z,1J.TI3A.,"['CH1', 'CH2', 'CHZ']",2019-01-16T13:00:34.250000Z,3.25
598,20190116T130109Z,1J.TI3A.,"['CH1', 'CH2', 'CHZ']",2019-01-16T13:01:09.690000Z,4.13
599,20190116T130127Z,1J.TI3A.,"['CH1', 'CH2', 'CHZ']",2019-01-16T13:01:27.430000Z,9.67
600,20190116T130201Z,1J.TI3A.,"['CH1', 'CH2', 'CHZ']",2019-01-16T13:02:02.690000Z,12.62
601,20190116T130310Z,1J.TI3A.,"['CH1', 'CH2', 'CHZ']",2019-01-16T13:03:10.100000Z,3.63
602,20190116T130433Z,1J.TI3A.,"['CH1', 'CH2', 'CHZ']",2019-01-16T13:04:33.630000Z,3.7
603,20190116T130520Z,1J.TI3A.,"['CH1', 'CH2', 'CHZ']",2019-01-16T13:05:20.130000Z,2.32
604,20190116T130557Z,1J.TI3A.,"['CH1', 'CH2', 'CHZ']",2019-01-16T13:05:57.200000Z,3.22
605,20190116T130719Z,1J.TI3A.,"['CH1', 'CH2', 'CHZ']",2019-01-16T13:07:19.330000Z,5.31
606,20190116T130810Z,1J.TI3A.,"['CH1', 'CH2', 'CHZ']",2019-01-16T13:08:10.770000Z,5.49
607,20190116T130844Z,1J.TI3A.,"['CH1', 'CH2', 'CHZ']",2019-01-16T13:08:44.070000Z,1.72
608,20190116T130907Z,1J.TI3A.,"['CH1', 'CH2', 'CHZ']",2019-01-16T13:09:07.960000Z,8.6
609,20190116T130922Z,1J.TI3A.,"['CH1', 'CH2', 'CHZ']",2019-01-16T13:09:22.960000Z,4.43
610,20190116T130942Z,1J.TI3A.,"['CH1', 'CH2', 'CHZ']",2019-01-16T13:09:42.690000Z,9.91
611,20190116T131036Z,1J.TI3A.,"['CH1', 'CH2', 'CHZ']",2019-01-16T13:10:36.630000Z,3.31
612,20190116T131115Z,1J.TI3A.,"['CH1', 'CH2', 'CHZ']",2019-01-16T13:11:15.420000Z,13.68
613,20190116T131147Z,1J.TI3A.,"['CH1', 'CH2', 'CHZ']",2019-01-16T13:11:47.660000Z,2.46
614,20190116T131212Z,1J.TI3A.,"['CH1', 'CH2', 'CHZ']",2019-01-16T13:12:12.960000Z,17.72
615,20190116T131355Z,1J.TI3A.,"['CH1', 'CH2', 'CHZ']",2019-01-16T13:13:55.770000Z,2.66
616,20190116T131443Z,1J.TI3A.,"['CH1', 'CH2', 'CHZ']",2019-01-16T13:14:43.030000Z,3.45
617,20190116T131454Z,1J.TI3A.,"['CH1', 'CH2', 'CHZ']",2019-01-16T13:14:54.700000Z,14.15
618,20190116T131615Z,1J.TI3A.,"['CH1', 'CH2', 'CHZ']",2019-01-16T13:16:15.870000Z,2.91
619,20190116T131658Z,1J.TI3A.,"['CH1', 'CH2', 'CHZ']",2019-01-16T13:16:58.750000Z,2.73
620,20190116T131743Z,1J.TI3A.,"['CH1', 'CH2', 'CHZ']",2019-01-16T13:17:43.570000Z,1.64
621,20190116T131813Z,1J.TI3A.,"['CH1', 'CH2', 'CHZ']",2019-01-16T13:18:29.300000Z,2.03
622,20190116T131945Z,1J.TI3A.,"['CH1', 'CH2', 'CHZ']",2019-01-16T13:19:45.330000Z,5.22
623,20190116T132044Z,1J.TI3A.,"['CH1', 'CH2', 'CHZ']",2019-01-16T13:20:54.590000Z,2.78
624,20190116T132138Z,1J.TI3A.,"['CH1', 'CH2', 'CHZ']",2019-01-16T13:21:38.470000Z,3.5
625,20190116T132235Z,1J.TI3A.,"['CH1', 'CH2', 'CHZ']",2019-01-16T13:22:35.490000Z,1.82
626,20190116T132333Z,1J.TI3A.,"['CH1', 'CH2', 'CHZ']",2019-01-16T13:23:33.060000Z,3.93
627,20190116T132404Z,1J.TI3A.,"['CH1', 'CH2', 'CHZ']",2019-01-16T13:24:04.220000Z,8.29
628,20190116T132421Z,1J.TI3A.,"['CH1', 'CH2', 'CHZ']",2019-01-16T13:24:21.330000Z,0.8
629,20190116T132452Z,1J.TI3A.,"['CH1', 'CH2', 'CHZ']",2019-01-16T13:24:52.170000Z,6.79
630,20190116T132525Z,1J.TI3A.,"['CH1', 'CH2', 'CHZ']",2019-01-16T13:25:25.070000Z,3.47
631,20190116T132633Z,1J.TI3A.,"['CH1', 'CH2', 'CHZ']",2019-01-16T13:26:33.140000Z,3.75
632,20190116T132710Z,1J.TI3A.,"['CH1', 'CH2', 'CHZ']",2019-01-16T13:27:10.130000Z,3.44
633,20190116T132807Z,1J.TI3A.,"['CH1', 'CH2', 'CHZ']",2019-01-16T13:28:07.440000Z,4.56
634,20190116T132839Z,1J.TI3A.,"['CH1', 'CH2', 'CHZ']",2019-01-16T13:28:39.480000Z,0.71
635,20190116T132921Z,1J.TI3A.,"['CH1', 'CH2', 'CHZ']",2019-01-16T13:29:21.130000Z,8.73
636,20190116T133003Z,1J.TI3A.,"['CH1', 'CH2', 'CHZ']",2019-01-16T13:30:03.080000Z,8.2
637,20190116T133058Z,1J.TI3A.,"['CH1', 'CH2', 'CHZ']",2019-01-16T13:30:58.890000Z,3.4
638,20190116T133136Z,1J.TI3A.,"['CH1', 'CH2', 'CHZ']",2019-01-16T13:31:36.480000Z,3.57
639,20190116T133233Z,1J.TI3A.,"['CH1', 'CH2', 'CHZ']",2019-01-16T13:32:33.510000Z,4.84
640,20190116T133348Z,1J.TI3A.,"['CH1', 'CH2', 'CHZ']",2019-01-16T13:33:48.320000Z,3.69
641,20190116T133432Z,1J.TI3A.,"['CH1', 'CH2', 'CHZ']",2019-01-16T13:34:32.090000Z,1.76
642,20190116T133504Z,1J.TI3A.,"['CH1', 'CH2', 'CHZ']",2019-01-16T13:35:04.360000Z,49.06
643,20190116T133627Z,1J.TI3A.,"['CH1', 'CH2', 'CHZ']",2019-01-16T13:36:41.280000Z,0.91
644,20190116T133731Z,1J.TI3A.,"['CH1', 'CH2', 'CHZ']",2019-01-16T13:37:31.230000Z,1.5
645,20190116T133830Z,1J.TI3A.,"['CH1', 'CH2', 'CHZ']",2019-01-16T13:38:30.750000Z,3.21
646,20190116T133900Z,1J.TI3A.,"['CH1', 'CH2', 'CHZ']",2019-01-16T13:39:00.690000Z,8.97
647,20190116T133954Z,1J.TI3A.,"['CH1', 'CH2', 'CHZ']",2019-01-16T13:39:54.630000Z,1.18
648,20190116T134035Z,1J.TI3A.,"['CH1', 'CH2', 'CHZ']",2019-01-16T13:40:35.180000Z,1.43
649,20190116T134117Z,1J.TI3A.,"['CH1', 'CH2', 'CHZ']",2019-01-16T13:41:17.940000Z,1.54
650,20190116T134151Z,1J.TI3A.,"['CH1', 'CH2', 'CHZ']",2019-01-16T13:41:51.540000Z,1.1
651,20190116T134222Z,1J.TI3A.,"['CH1', 'CH2', 'CHZ']",2019-01-16T13:42:22.020000Z,1.92
652,20190116T134238Z,1J.TI3A.,"['CH1', 'CH2', 'CHZ']",2019-01-16T13:42:38.770000Z,1.03
653,20190116T134253Z,1J.TI3A.,"['CH1', 'CH2', 'CHZ']",2019-01-16T13:42:53.640000Z,1.34
654,20190116T134347Z,1J.TI3A.,"['CH1', 'CH2', 'CHZ']",2019-01-16T13:43:47.870000Z,3.21
655,20190116T134451Z,1J.TI3A.,"['CH1', 'CH2', 'CHZ']",2019-01-16T13:44:51.850000Z,20.99
656,20190116T134531Z,1J.TI3A.,"['CH1', 'CH2', 'CHZ']",2019-01-16T13:45:31.090000Z,1.84
657,20190116T134723Z,1J.TI3A.,"['CH1', 'CH2', 'CHZ']",2019-01-16T13:47:23.390000Z,1.38
658,20190116T134729Z,1J.TI3A.,"['CH1', 'CH2', 'CHZ']",2019-01-16T13:47:29.870000Z,11.19
659,20190116T134834Z,1J.TI3A.,"['CH1', 'CH2', 'CHZ']",2019-01-16T13:48:34.400000Z,1.38
660,20190116T134931Z,1J.TI3A.,"['CH1', 'CH2', 'CHZ']",2019-01-16T13:49:40.030000Z,2.07
661,20190116T135019Z,1J.TI3A.,"['CH1', 'CH2', 'CHZ']",2019-01-16T13:50:19.700000Z,14.64
662,20190116T135110Z,1J.TI3A.,"['CH1', 'CH2', 'CHZ']",2019-01-16T13:51:10.450000Z,4.65
663,20190116T135228Z,1J.TI3A.,"['CH1', 'CH2', 'CHZ']",2019-01-16T13:52:28.040000Z,29.4
664,20190116T140101Z,1J.TI3A.,"['CH1', 'CH2', 'CHZ']",2019-01-16T14:01:01.650000Z,45.2
665,20190116T141028Z,1J.TI3A.,"['CH1', 'CH2', 'CHZ']",2019-01-16T14:10:28.880000Z,4.52
666,20190116T141528Z,1J.TI3A.,"['CH1', 'CH2', 'CHZ']",2019-01-16T14:15:28.440000Z,5.65
667,20190116T141757Z,1J.TI3A.,"['CH1', 'CH2', 'CHZ']",2019-01-16T14:17:57.920000Z,17.71
668,20190116T141901Z,1J.TI3A.,"['CH1', 'CH2', 'CHZ']",2019-01-16T14:19:01.850000Z,1.23
669,20190116T142047Z,1J.TI3A.,"['CH1', 'CH2', 'CHZ']",2019-01-16T14:20:47.250000Z,11.58
670,20190116T142246Z,1J.TI3A.,"['CH1', 'CH2', 'CHZ']",2019-01-16T14:22:46.820000Z,7.68
671,20190116T144856Z,1J.TI3A.,"['CH1', 'CH2', 'CHZ']",2019-01-16T14:48:56.380000Z,4.51
672,20190116T145249Z,1J.TI3A.,"['CH1', 'CH2', 'CHZ']",2019-01-16T14:52:49.440000Z,17.82
673,20190116T150605Z,1J.TI3A.,"['CH1', 'CH2', 'CHZ']",2019-01-16T15:06:05.330000Z,13.92
674,20190116T151736Z,1J.TI3A.,"['CH1', 'CH2', 'CHZ']",2019-01-16T15:17:36.830000Z,14.75
675,20190116T151829Z,1J.TI3A.,"['CH1', 'CH2', 'CHZ']",2019-01-16T15:18:29.460000Z,20.17
676,20190116T151942Z,1J.TI3A.,"['CH1', 'CH2', 'CHZ']",2019-01-16T15:19:42.840000Z,1.53
677,20190116T152249Z,1J.TI3A.,"['CH1', 'CH2', 'CHZ']",2019-01-16T15:22:49.440000Z,53.54
678,20190116T152846Z,1J.TI3A.,"['CH1', 'CH2', 'CHZ']",2019-01-16T15:28:46.350000Z,24.96
679,20190116T153050Z,1J.TI3A.,"['CH1', 'CH2', 'CHZ']",2019-01-16T15:30:50.770000Z,27.64
680,20190116T153354Z,1J.TI3A.,"['CH1', 'CH2', 'CHZ']",2019-01-16T15:33:54.400000Z,15.35
681,20190116T153624Z,1J.TI3A.,"['CH1', 'CH2', 'CHZ']",2019-01-16T15:36:24.880000Z,10.64
682,20190116T153723Z,1J.TI3A.,"['CH1', 'CH2', 'CHZ']",2019-01-16T15:37:23.610000Z,6.39
683,20190116T154638Z,1J.TI3A.,"['CH1', 'CH2', 'CHZ']",2019-01-16T15:46:38.660000Z,48.81
684,20190116T155629Z,1J.TI3A.,"['CH1', 'CH2', 'CHZ']",2019-01-16T15:56:33.060000Z,21.42
685,20190116T160009Z,1J.TI3A.,"['CH1', 'CH2', 'CHZ']",2019-01-16T16:00:09.950000Z,17.63
686,20190116T160328Z,1J.TI3A.,"['CH1', 'CH2', 'CHZ']",2019-01-16T16:03:28.440000Z,10.04
687,20190116T160738Z,1J.TI3A.,"['CH1', 'CH2', 'CHZ']",2019-01-16T16:07:38.030000Z,12.36
688,20190116T160842Z,1J.TI3A.,"['CH1', 'CH2', 'CHZ']",2019-01-16T16:08:42.170000Z,2.22
689,20190116T161054Z,1J.TI3A.,"['CH1', 'CH2', 'CHZ']",2019-01-16T16:10:54.800000Z,21.87
690,20190116T161210Z,1J.TI3A.,"['CH1', 'CH2', 'CHZ']",2019-01-16T16:12:10.710000Z,15.48
691,20190116T161340Z,1J.TI3A.,"['CH1', 'CH2', 'CHZ']",2019-01-16T16:13:40.220000Z,4.67
692,20190116T161729Z,1J.TI3A.,"['CH1', 'CH2', 'CHZ']",2019-01-16T16:17:29.440000Z,8.57
693,20190116T161945Z,1J.TI3A.,"['CH1', 'CH2', 'CHZ']",2019-01-16T16:19:45.240000Z,1.14
694,20190116T162513Z,1J.TI3A.,"['CH1', 'CH2', 'CHZ']",2019-01-16T16:25:13.740000Z,17.55
695,20190116T162859Z,1J.TI3A.,"['CH1', 'CH2', 'CHZ']",2019-01-16T16:28:59.470000Z,51.68
696,20190116T163029Z,1J.TI3A.,"['CH1', 'CH2', 'CHZ']",2019-01-16T16:30:29.130000Z,22.76
697,20190116T163114Z,1J.TI3A.,"['CH1', 'CH2', 'CHZ']",2019-01-16T16:31:14.930000Z,12.44
698,20190116T164115Z,1J.TI3A.,"['CH1', 'CH2', 'CHZ']",2019-01-16T16:41:15.930000Z,19.93
699,20190116T164259Z,1J.TI3A.,"['CH1', 'CH2', 'CHZ']",2019-01-16T16:42:59.510000Z,33.5
700,20190116T165450Z,1J.TI3A.,"['CH1', 'CH2', 'CHZ']",2019-01-16T16:54:50.900000Z,1.97
701,20190116T170003Z,1J.TI3A.,"['CH1', 'CH2', 'CHZ']",2019-01-16T17:00:03.010000Z,15.35
702,20190116T170222Z,1J.TI3A.,"['CH1', 'CH2', 'CHZ']",2019-01-16T17:02:22.320000Z,7.98
703,20190116T172542Z,1J.TI3A.,"['CH1', 'CH2', 'CHZ']",2019-01-16T17:25:42.030000Z,14.69
704,20190116T174003Z,1J.TI3A.,"['CH1', 'CH2', 'CHZ']",2019-01-16T17:40:04.630000Z,11.2
705,20190116T174616Z,1J.TI3A.,"['CH1', 'CH2', 'CHZ']",2019-01-16T17:46:16.000000Z,11.68
706,20190116T174635Z,1J.TI3A.,"['CH1', 'CH2', 'CHZ']",2019-01-16T17:47:01.990000Z,17.86
707,20190116T180945Z,1J.TI3A.,"['CH1', 'CH2', 'CHZ']",2019-01-16T18:09:45.430000Z,10.72
708,20190116T181527Z,1J.TI3A.,"['CH1', 'CH2', 'CHZ']",2019-01-16T18:15:27.700000Z,8.94
709,20190116T182110Z,1J.TI3A.,"['CH1', 'CH2', 'CHZ']",2019-01-16T18:21:10.520000Z,23.1
710,20190116T182210Z,1J.TI3A.,"['CH1', 'CH2', 'CHZ']",2019-01-16T18:22:10.250000Z,4.44
711,20190116T182455Z,1J.TI3A.,"['CH1', 'CH2', 'CHZ']",2019-01-16T18:24:55.000000Z,7.15
712,20190116T182547Z,1J.TI3A.,"['CH1', 'CH2', 'CHZ']",2019-01-16T18:25:47.000000Z,6.55
713,20190116T183350Z,1J.TI3A.,"['CH1', 'CH2', 'CHZ']",2019-01-16T18:33:50.250000Z,11.06
714,20190116T184211Z,1J.TI3A.,"['CH1', 'CH2', 'CHZ']",2019-01-16T18:42:11.530000Z,13.93
715,20190116T184813Z,1J.TI3A.,"['CH1', 'CH2', 'CHZ']",2019-01-16T18:48:13.870000Z,14.88
716,20190116T184914Z,1J.TI3A.,"['CH1', 'CH2', 'CHZ']",2019-01-16T18:49:14.830000Z,2.5
717,20190116T184928Z,1J.TI3A.,"['CH1', 'CH2', 'CHZ']",2019-01-16T18:49:28.900000Z,17.28
718,20190116T185141Z,1J.TI3A.,"['CH1', 'CH2', 'CHZ']",2019-01-16T18:51:41.500000Z,6.09
719,20190116T191104Z,1J.TI3A.,"['CH1', 'CH2', 'CHZ']",2019-01-16T19:11:12.540000Z,17.64
720,20190116T191336Z,1J.TI3A.,"['CH1', 'CH2', 'CHZ']",2019-01-16T19:13:36.080000Z,7.8
721,20190116T191523Z,1J.TI3A.,"['CH1', 'CH2', 'CHZ']",2019-01-16T19:15:23.970000Z,1.9
722,20190116T192937Z,1J.TI3A.,"['CH1', 'CH2', 'CHZ']",2019-01-16T19:29:37.180000Z,34.09
723,20190116T194642Z,1J.TI3A.,"['CH1', 'CH2', 'CHZ']",2019-01-16T19:46:42.250000Z,9.19
724,20190116T195116Z,1J.TI3A.,"['CH1', 'CH2', 'CHZ']",2019-01-16T19:51:34.530000Z,6.35
725,20190116T195525Z,1J.TI3A.,"['CH1', 'CH2', 'CHZ']",2019-01-16T19:55:25.620000Z,7.65
726,20190116T195816Z,1J.TI3A.,"['CH1', 'CH2', 'CHZ']",2019-01-16T19:58:16.500000Z,3.83
727,20190116T201109Z,1J.TI3A.,"['CH1', 'CH2', 'CHZ']",2019-01-16T20:11:09.150000Z,11.24
728,20190116T201809Z,1J.TI3A.,"['CH1', 'CH2', 'CHZ']",2019-01-16T20:18:35.970000Z,15.88
729,20190116T203026Z,1J.TI3A.,"['CH1', 'CH2', 'CHZ']",2019-01-16T20:30:26.230000Z,10.6
730,20190116T203308Z,1J.TI3A.,"['CH1', 'CH2', 'CHZ']",2019-01-16T20:33:08.040000Z,4.82
731,20190116T205506Z,1J.TI3A.,"['CH1', 'CH2', 'CHZ']",2019-01-16T20:55:06.720000Z,11.78
732,20190116T205705Z,1J.TI3A.,"['CH1', 'CH2', 'CHZ']",2019-01-16T20:57:05.180000Z,21.39
733,20190116T210454Z,1J.TI3A.,"['CH1', 'CH2', 'CHZ']",2019-01-16T21:04:54.140000Z,10.72
734,20190116T210712Z,1J.TI3A.,"['CH1', 'CH2', 'CHZ']",2019-01-16T21:07:12.440000Z,8.07
735,20190116T210949Z,1J.TI3A.,"['CH1', 'CH2', 'CHZ']",2019-01-16T21:10:44.530000Z,2.98
736,20190116T211654Z,1J.TI3A.,"['CH1', 'CH2', 'CHZ']",2019-01-16T21:16:54.510000Z,10.77
737,20190116T213446Z,1J.TI3A.,"['CH1', 'CH2', 'CHZ']",2019-01-16T21:34:46.000000Z,11.94
738,20190116T214149Z,1J.TI3A.,"['CH1', 'CH2', 'CHZ']",2019-01-16T21:41:49.170000Z,9.7
739,20190116T214737Z,1J.TI3A.,"['CH1', 'CH2', 'CHZ']",2019-01-16T21:47:37.350000Z,2.0
740,20190116T220918Z,1J.TI3A.,"['CH1', 'CH2', 'CHZ']",2019-01-16T22:09:28.140000Z,16.27
741,20190116T221040Z,1J.TI3A.,"['CH1', 'CH2', 'CHZ']",2019-01-16T22:10:40.540000Z,7.59
742,20190116T221139Z,1J.TI3A.,"['CH1', 'CH2', 'CHZ']",2019-01-16T22:11:39.660000Z,1.33
743,20190116T222644Z,1J.TI3A.,"['CH1', 'CH2', 'CHZ']",2019-01-16T22:26:44.700000Z,11.4
744,20190116T224729Z,1J.TI3A.,"['CH1', 'CH2', 'CHZ']",2019-01-16T22:47:29.410000Z,47.16
745,20190116T224929Z,1J.TI3A.,"['CH1', 'CH2', 'CHZ']",2019-01-16T22:49:29.510000Z,3.99
746,20190116T225517Z,1J.TI3A.,"['CH1', 'CH2', 'CHZ']",2019-01-16T22:55:43.080000Z,18.43
747,20190116T225628Z,1J.TI3A.,"['CH1', 'CH2', 'CHZ']",2019-01-16T22:56:28.180000Z,6.6
748,20190116T225902Z,1J.TI3A.,"['CH1', 'CH2', 'CHZ']",2019-01-16T22:59:02.130000Z,2.86
749,20190116T233133Z,1J.TI3A.,"['CH1', 'CH2', 'CHZ']",2019-01-16T23:31:33.590000Z,12.95
750,20190116T234712Z,1J.TI3A.,"['CH1', 'CH2', 'CHZ']",2019-01-16T23:47:23.710000Z,11.0
751,20190116T000139Z,1J.TI8A.,"['CH1', 'CH2', 'CHZ']",2019-01-16T00:01:44.290000Z,16.09
752,20190116T000808Z,1J.TI8A.,"['CH1', 'CH2', 'CHZ']",2019-01-16T00:08:13.080000Z,45.44
753,20190116T002145Z,1J.TI8A.,"['CH1', 'CH2', 'CHZ']",2019-01-16T00:22:08.570000Z,15.98
754,20190116T002528Z,1J.TI8A.,"['CH1', 'CH2', 'CHZ']",2019-01-16T00:25:28.360000Z,22.19
755,20190116T011123Z,1J.TI8A.,"['CH1', 'CH2', 'CHZ']",2019-01-16T01:11:23.450000Z,14.88
756,20190116T011408Z,1J.TI8A.,"['CH1', 'CH2', 'CHZ']",2019-01-16T01:14:15.820000Z,3.92
757,20190116T011517Z,1J.TI8A.,"['CH1', 'CH2', 'CHZ']",2019-01-16T01:15:17.040000Z,11.56
758,20190116T011809Z,1J.TI8A.,"['CH1', 'CH2', 'CHZ']",2019-01-16T01:18:11.220000Z,11.12
759,20190116T012012Z,1J.TI8A.,"['CH1', 'CH2', 'CHZ']",2019-01-16T01:20:13.150000Z,49.01
760,20190116T012331Z,1J.TI8A.,"['CH1', 'CH2', 'CHZ']",2019-01-16T01:23:31.210000Z,8.3
761,20190116T012601Z,1J.TI8A.,"['CH1', 'CH2', 'CHZ']",2019-01-16T01:26:01.170000Z,9.57
762,20190116T012904Z,1J.TI8A.,"['CH1', 'CH2', 'CHZ']",2019-01-16T01:29:04.040000Z,11.5
763,20190116T013110Z,1J.TI8A.,"['CH1', 'CH2', 'CHZ']",2019-01-16T01:31:10.830000Z,7.94
764,20190116T013254Z,1J.TI8A.,"['CH1', 'CH2', 'CHZ']",2019-01-16T01:32:54.130000Z,5.74
765,20190116T013510Z,1J.TI8A.,"['CH1', 'CH2', 'CHZ']",2019-01-16T01:35:10.380000Z,9.85
766,20190116T013736Z,1J.TI8A.,"['CH1', 'CH2', 'CHZ']",2019-01-16T01:37:36.360000Z,10.24
767,20190116T013904Z,1J.TI8A.,"['CH1', 'CH2', 'CHZ']",2019-01-16T01:39:04.440000Z,4.67
768,20190116T014045Z,1J.TI8A.,"['CH1', 'CH2', 'CHZ']",2019-01-16T01:40:45.130000Z,6.31
769,20190116T014135Z,1J.TI8A.,"['CH1', 'CH2', 'CHZ']",2019-01-16T01:41:49.020000Z,1.37
770,20190116T014412Z,1J.TI8A.,"['CH1', 'CH2', 'CHZ']",2019-01-16T01:44:23.610000Z,10.78
771,20190116T014849Z,1J.TI8A.,"['CH1', 'CH2', 'CHZ']",2019-01-16T01:48:49.420000Z,12.19
772,20190116T015151Z,1J.TI8A.,"['CH1', 'CH2', 'CHZ']",2019-01-16T01:51:51.310000Z,11.07
773,20190116T015518Z,1J.TI8A.,"['CH1', 'CH2', 'CHZ']",2019-01-16T01:55:18.110000Z,11.43
774,20190116T015819Z,1J.TI8A.,"['CH1', 'CH2', 'CHZ']",2019-01-16T01:58:19.240000Z,8.64
775,20190116T020113Z,1J.TI8A.,"['CH1', 'CH2', 'CHZ']",2019-01-16T02:01:13.670000Z,11.98
776,20190116T020444Z,1J.TI8A.,"['CH1', 'CH2', 'CHZ']",2019-01-16T02:04:44.270000Z,11.5
777,20190116T020806Z,1J.TI8A.,"['CH1', 'CH2', 'CHZ']",2019-01-16T02:08:06.530000Z,12.08
778,20190116T021020Z,1J.TI8A.,"['CH1', 'CH2', 'CHZ']",2019-01-16T02:10:20.310000Z,7.68
779,20190116T021259Z,1J.TI8A.,"['CH1', 'CH2', 'CHZ']",2019-01-16T02:12:59.140000Z,12.22
780,20190116T021316Z,1J.TI8A.,"['CH1', 'CH2', 'CHZ']",2019-01-16T02:13:19.290000Z,13.2
781,20190116T021711Z,1J.TI8A.,"['CH1', 'CH2', 'CHZ']",2019-01-16T02:17:11.320000Z,11.74
782,20190116T022045Z,1J.TI8A.,"['CH1', 'CH2', 'CHZ']",2019-01-16T02:20:45.510000Z,7.41
783,20190116T022221Z,1J.TI8A.,"['CH1', 'CH2', 'CHZ']",2019-01-16T02:22:26.730000Z,15.18
784,20190116T022714Z,1J.TI8A.,"['CH1', 'CH2', 'CHZ']",2019-01-16T02:27:14.400000Z,14.97
785,20190116T022754Z,1J.TI8A.,"['CH1', 'CH2', 'CHZ']",2019-01-16T02:27:54.820000Z,15.47
786,20190116T022814Z,1J.TI8A.,"['CH1', 'CH2', 'CHZ']",2019-01-16T02:28:42.490000Z,12.88
787,20190116T023214Z,1J.TI8A.,"['CH1', 'CH2', 'CHZ']",2019-01-16T02:32:14.800000Z,10.41
788,20190116T023540Z,1J.TI8A.,"['CH1', 'CH2', 'CHZ']",2019-01-16T02:35:40.310000Z,13.68
789,20190116T023919Z,1J.TI8A.,"['CH1', 'CH2', 'CHZ']",2019-01-16T02:39:19.680000Z,18.54
790,20190116T024222Z,1J.TI8A.,"['CH1', 'CH2', 'CHZ']",2019-01-16T02:42:22.430000Z,11.42
791,20190116T024628Z,1J.TI8A.,"['CH1', 'CH2', 'CHZ']",2019-01-16T02:46:28.450000Z,13.91
792,20190116T025222Z,1J.TI8A.,"['CH1', 'CH2', 'CHZ']",2019-01-16T02:52:22.110000Z,14.44
793,20190116T025348Z,1J.TI8A.,"['CH1', 'CH2', 'CHZ']",2019-01-16T02:53:48.440000Z,10.69
794,20190116T030022Z,1J.TI8A.,"['CH1', 'CH2', 'CHZ']",2019-01-16T03:00:22.370000Z,15.64
795,20190116T030427Z,1J.TI8A.,"['CH1', 'CH2', 'CHZ']",2019-01-16T03:04:27.810000Z,14.32
796,20190116T030919Z,1J.TI8A.,"['CH1', 'CH2', 'CHZ']",2019-01-16T03:09:19.740000Z,16.59
797,20190116T030942Z,1J.TI8A.,"['CH1', 'CH2', 'CHZ']",2019-01-16T03:09:42.140000Z,8.63
798,20190116T031823Z,1J.TI8A.,"['CH1', 'CH2', 'CHZ']",2019-01-16T03:18:23.340000Z,13.19
799,20190116T032242Z,1J.TI8A.,"['CH1', 'CH2', 'CHZ']",2019-01-16T03:22:42.920000Z,15.19
800,20190116T032951Z,1J.TI8A.,"['CH1', 'CH2', 'CHZ']",2019-01-16T03:29:51.960000Z,14.55
801,20190116T034915Z,1J.TI8A.,"['CH1', 'CH2', 'CHZ']",2019-01-16T03:49:15.490000Z,16.44
802,20190116T040315Z,1J.TI8A.,"['CH1', 'CH2', 'CHZ']",2019-01-16T04:03:15.700000Z,10.59
803,20190116T041530Z,1J.TI8A.,"['CH1', 'CH2', 'CHZ']",2019-01-16T04:15:30.610000Z,5.13
804,20190116T041556Z,1J.TI8A.,"['CH1', 'CH2', 'CHZ']",2019-01-16T04:15:56.850000Z,22.94
805,20190116T043607Z,1J.TI8A.,"['CH1', 'CH2', 'CHZ']",2019-01-16T04:36:07.080000Z,11.36
806,20190116T043921Z,1J.TI8A.,"['CH1', 'CH2', 'CHZ']",2019-01-16T04:39:22.130000Z,52.35
807,20190116T045248Z,1J.TI8A.,"['CH1', 'CH2', 'CHZ']",2019-01-16T04:52:48.190000Z,13.06
808,20190116T045934Z,1J.TI8A.,"['CH1', 'CH2', 'CHZ']",2019-01-16T04:59:34.950000Z,15.04
809,20190116T050427Z,1J.TI8A.,"['CH1', 'CH2', 'CHZ']",2019-01-16T05:04:27.670000Z,5.79
810,20190116T050511Z,1J.TI8A.,"['CH1', 'CH2', 'CHZ']",2019-01-16T05:05:13.390000Z,37.64
811,20190116T051455Z,1J.TI8A.,"['CH1', 'CH2', 'CHZ']",2019-01-16T05:14:55.650000Z,17.24
812,20190116T051524Z,1J.TI8A.,"['CH1', 'CH2', 'CHZ']",2019-01-16T05:15:24.750000Z,10.41
813,20190116T051909Z,1J.TI8A.,"['CH1', 'CH2', 'CHZ']",2019-01-16T05:19:09.040000Z,14.21
814,20190116T052520Z,1J.TI8A.,"['CH1', 'CH2', 'CHZ']",2019-01-16T05:25:20.690000Z,9.59
815,20190116T053539Z,1J.TI8A.,"['CH1', 'CH2', 'CHZ']",2019-01-16T05:35:39.710000Z,8.42
816,20190116T054054Z,1J.TI8A.,"['CH1', 'CH2', 'CHZ']",2019-01-16T05:40:54.930000Z,1.93
817,20190116T054154Z,1J.TI8A.,"['CH1', 'CH2', 'CHZ']",2019-01-16T05:41:54.790000Z,12.49
818,20190116T054217Z,1J.TI8A.,"['CH1', 'CH2', 'CHZ']",2019-01-16T05:42:17.590000Z,14.94
819,20190116T054514Z,1J.TI8A.,"['CH1', 'CH2', 'CHZ']",2019-01-16T05:45:14.590000Z,48.43
820,20190116T055329Z,1J.TI8A.,"['CH1', 'CH2', 'CHZ']",2019-01-16T05:53:29.620000Z,20.14
821,20190116T055638Z,1J.TI8A.,"['CH1', 'CH2', 'CHZ']",2019-01-16T05:57:08.410000Z,20.0
822,20190116T060754Z,1J.TI8A.,"['CH1', 'CH2', 'CHZ']",2019-01-16T06:07:54.220000Z,16.45
823,20190116T063427Z,1J.TI8A.,"['CH1', 'CH2', 'CHZ']",2019-01-16T06:34:27.630000Z,40.63
824,20190116T064234Z,1J.TI8A.,"['CH1', 'CH2', 'CHZ']",2019-01-16T06:42:34.600000Z,10.45
825,20190116T064259Z,1J.TI8A.,"['CH1', 'CH2', 'CHZ']",2019-01-16T06:43:02.730000Z,16.5
826,20190116T064408Z,1J.TI8A.,"['CH1', 'CH2', 'CHZ']",2019-01-16T06:44:14.690000Z,13.15
827,20190116T064609Z,1J.TI8A.,"['CH1', 'CH2', 'CHZ']",2019-01-16T06:46:09.590000Z,10.67
828,20190116T064847Z,1J.TI8A.,"['CH1', 'CH2', 'CHZ']",2019-01-16T06:48:48.400000Z,11.02
829,20190116T064916Z,1J.TI8A.,"['CH1', 'CH2', 'CHZ']",2019-01-16T06:49:16.140000Z,14.12
830,20190116T065618Z,1J.TI8A.,"['CH1', 'CH2', 'CHZ']",2019-01-16T06:56:19.290000Z,23.32
831,20190116T065700Z,1J.TI8A.,"['CH1', 'CH2', 'CHZ']",2019-01-16T06:57:00.210000Z,13.33
832,20190116T070003Z,1J.TI8A.,"['CH1', 'CH2', 'CHZ']",2019-01-16T07:00:03.200000Z,13.22
833,20190116T070053Z,1J.TI8A.,"['CH1', 'CH2', 'CHZ']",2019-01-16T07:00:56.060000Z,1.65
834,20190116T070327Z,1J.TI8A.,"['CH1', 'CH2', 'CHZ']",2019-01-16T07:03:27.810000Z,12.22
835,20190116T070540Z,1J.TI8A.,"['CH1', 'CH2', 'CHZ']",2019-01-16T07:05:40.590000Z,8.88
836,20190116T070904Z,1J.TI8A.,"['CH1', 'CH2', 'CHZ']",2019-01-16T07:09:04.580000Z,6.0
837,20190116T071354Z,1J.TI8A.,"['CH1', 'CH2', 'CHZ']",2019-01-16T07:14:53.990000Z,43.44
838,20190116T072118Z,1J.TI8A.,"['CH1', 'CH2', 'CHZ']",2019-01-16T07:21:18.590000Z,8.67
839,20190116T072255Z,1J.TI8A.,"['CH1', 'CH2', 'CHZ']",2019-01-16T07:23:02.710000Z,27.61
840,20190116T072515Z,1J.TI8A.,"['CH1', 'CH2', 'CHZ']",2019-01-16T07:25:20.340000Z,8.7
841,20190116T072754Z,1J.TI8A.,"['CH1', 'CH2', 'CHZ']",2019-01-16T07:27:54.110000Z,4.85
842,20190116T074648Z,1J.TI8A.,"['CH1', 'CH2', 'CHZ']",2019-01-16T07:46:48.560000Z,21.66
843,20190116T080233Z,1J.TI8A.,"['CH1', 'CH2', 'CHZ']",2019-01-16T08:02:33.390000Z,18.86
844,20190116T081327Z,1J.TI8A.,"['CH1', 'CH2', 'CHZ']",2019-01-16T08:13:27.470000Z,15.44
845,20190116T081440Z,1J.TI8A.,"['CH1', 'CH2', 'CHZ']",2019-01-16T08:14:45.310000Z,10.22
846,20190116T081708Z,1J.TI8A.,"['CH1', 'CH2', 'CHZ']",2019-01-16T08:17:08.560000Z,12.07
847,20190116T082001Z,1J.TI8A.,"['CH1', 'CH2', 'CHZ']",2019-01-16T08:20:01.720000Z,2.34
848,20190116T082049Z,1J.TI8A.,"['CH1', 'CH2', 'CHZ']",2019-01-16T08:20:52.650000Z,7.69
849,20190116T082359Z,1J.TI8A.,"['CH1', 'CH2', 'CHZ']",2019-01-16T08:24:01.310000Z,8.87
850,20190116T083429Z,1J.TI8A.,"['CH1', 'CH2', 'CHZ']",2019-01-16T08:34:36.520000Z,4.06
851,20190116T083644Z,1J.TI8A.,"['CH1', 'CH2', 'CHZ']",2019-01-16T08:36:44.660000Z,16.52
852,20190116T083919Z,1J.TI8A.,"['CH1', 'CH2', 'CHZ']",2019-01-16T08:39:19.730000Z,19.54
853,20190116T084406Z,1J.TI8A.,"['CH1', 'CH2', 'CHZ']",2019-01-16T08:44:06.700000Z,13.18
854,20190116T085039Z,1J.TI8A.,"['CH1', 'CH2', 'CHZ']",2019-01-16T08:50:49.480000Z,9.04
855,20190116T085827Z,1J.TI8A.,"['CH1', 'CH2', 'CHZ']",2019-01-16T08:58:27.190000Z,3.35
856,20190116T090138Z,1J.TI8A.,"['CH1', 'CH2', 'CHZ']",2019-01-16T09:01:38.900000Z,20.07
857,20190116T090554Z,1J.TI8A.,"['CH1', 'CH2', 'CHZ']",2019-01-16T09:06:02.180000Z,13.1
858,20190116T090654Z,1J.TI8A.,"['CH1', 'CH2', 'CHZ']",2019-01-16T09:06:54.730000Z,2.12
859,20190116T090737Z,1J.TI8A.,"['CH1', 'CH2', 'CHZ']",2019-01-16T09:07:37.410000Z,3.37
860,20190116T091120Z,1J.TI8A.,"['CH1', 'CH2', 'CHZ']",2019-01-16T09:11:25.610000Z,2.69
861,20190116T091441Z,1J.TI8A.,"['CH1', 'CH2', 'CHZ']",2019-01-16T09:14:41.510000Z,15.7
862,20190116T091823Z,1J.TI8A.,"['CH1', 'CH2', 'CHZ']",2019-01-16T09:18:23.510000Z,7.11
863,20190116T091936Z,1J.TI8A.,"['CH1', 'CH2', 'CHZ']",2019-01-16T09:19:36.730000Z,4.77
864,20190116T092156Z,1J.TI8A.,"['CH1', 'CH2', 'CHZ']",2019-01-16T09:21:56.210000Z,3.97
865,20190116T092210Z,1J.TI8A.,"['CH1', 'CH2', 'CHZ']",2019-01-16T09:22:20.680000Z,17.85
866,20190116T092253Z,1J.TI8A.,"['CH1', 'CH2', 'CHZ']",2019-01-16T09:22:53.780000Z,4.33
867,20190116T092823Z,1J.TI8A.,"['CH1', 'CH2', 'CHZ']",2019-01-16T09:28:23.100000Z,12.98
868,20190116T093002Z,1J.TI8A.,"['CH1', 'CH2', 'CHZ']",2019-01-16T09:30:04.330000Z,51.24
869,20190116T093211Z,1J.TI8A.,"['CH1', 'CH2', 'CHZ']",2019-01-16T09:32:11.330000Z,3.39
870,20190116T093401Z,1J.TI8A.,"['CH1', 'CH2', 'CHZ']",2019-01-16T09:34:02.400000Z,50.39
871,20190116T093627Z,1J.TI8A.,"['CH1', 'CH2', 'CHZ']",2019-01-16T09:36:31.750000Z,4.51
872,20190116T093924Z,1J.TI8A.,"['CH1', 'CH2', 'CHZ']",2019-01-16T09:39:24.760000Z,18.37
873,20190116T094324Z,1J.TI8A.,"['CH1', 'CH2', 'CHZ']",2019-01-16T09:43:28.670000Z,2.2
874,20190116T094448Z,1J.TI8A.,"['CH1', 'CH2', 'CHZ']",2019-01-16T09:44:48.510000Z,3.0
875,20190116T095116Z,1J.TI8A.,"['CH1', 'CH2', 'CHZ']",2019-01-16T09:51:16.040000Z,1.86
876,20190116T100252Z,1J.TI8A.,"['CH1', 'CH2', 'CHZ']",2019-01-16T10:02:57.150000Z,8.04
877,20190116T100442Z,1J.TI8A.,"['CH1', 'CH2', 'CHZ']",2019-01-16T10:04:42.400000Z,7.91
878,20190116T100809Z,1J.TI8A.,"['CH1', 'CH2', 'CHZ']",2019-01-16T10:08:09.310000Z,2.42
879,20190116T100958Z,1J.TI8A.,"['CH1', 'CH2', 'CHZ']",2019-01-16T10:10:01.380000Z,19.54
880,20190116T101617Z,1J.TI8A.,"['CH1', 'CH2', 'CHZ']",2019-01-16T10:16:22.150000Z,5.84
881,20190116T101926Z,1J.TI8A.,"['CH1', 'CH2', 'CHZ']",2019-01-16T10:19:33.650000Z,51.72
882,20190116T102737Z,1J.TI8A.,"['CH1', 'CH2', 'CHZ']",2019-01-16T10:27:40.320000Z,4.64
883,20190116T103116Z,1J.TI8A.,"['CH1', 'CH2', 'CHZ']",2019-01-16T10:31:19.210000Z,9.1
884,20190116T103241Z,1J.TI8A.,"['CH1', 'CH2', 'CHZ']",2019-01-16T10:32:41.600000Z,1.64
885,20190116T103634Z,1J.TI8A.,"['CH1', 'CH2', 'CHZ']",2019-01-16T10:36:34.230000Z,1.61
886,20190116T103742Z,1J.TI8A.,"['CH1', 'CH2', 'CHZ']",2019-01-16T10:37:42.580000Z,1.18
887,20190116T104013Z,1J.TI8A.,"['CH1', 'CH2', 'CHZ']",2019-01-16T10:40:13.460000Z,2.03
888,20190116T104142Z,1J.TI8A.,"['CH1', 'CH2', 'CHZ']",2019-01-16T10:41:42.560000Z,1.21
889,20190116T104341Z,1J.TI8A.,"['CH1', 'CH2', 'CHZ']",2019-01-16T10:43:41.140000Z,0.92
890,20190116T104538Z,1J.TI8A.,"['CH1', 'CH2', 'CHZ']",2019-01-16T10:45:38.100000Z,0.84
891,20190116T104637Z,1J.TI8A.,"['CH1', 'CH2', 'CHZ']",2019-01-16T10:46:37.000000Z,1.08
892,20190116T104913Z,1J.TI8A.,"['CH1', 'CH2', 'CHZ']",2019-01-16T10:49:13.400000Z,1.28
893,20190116T105042Z,1J.TI8A.,"['CH1', 'CH2', 'CHZ']",2019-01-16T10:50:42.060000Z,2.97
894,20190116T105219Z,1J.TI8A.,"['CH1', 'CH2', 'CHZ']",2019-01-16T10:52:19.130000Z,1.12
895,20190116T105520Z,1J.TI8A.,"['CH1', 'CH2', 'CHZ']",2019-01-16T10:55:20.990000Z,1.55
896,20190116T105757Z,1J.TI8A.,"['CH1', 'CH2', 'CHZ']",2019-01-16T10:57:59.620000Z,11.09
897,20190116T105928Z,1J.TI8A.,"['CH1', 'CH2', 'CHZ']",2019-01-16T10:59:28.280000Z,0.92
898,20190116T110208Z,1J.TI8A.,"['CH1', 'CH2', 'CHZ']",2019-01-16T11:02:08.710000Z,2.4
899,20190116T110418Z,1J.TI8A.,"['CH1', 'CH2', 'CHZ']",2019-01-16T11:04:18.680000Z,19.64
900,20190116T110717Z,1J.TI8A.,"['CH1', 'CH2', 'CHZ']",2019-01-16T11:07:17.030000Z,2.63
901,20190116T110848Z,1J.TI8A.,"['CH1', 'CH2', 'CHZ']",2019-01-16T11:08:48.530000Z,1.55
902,20190116T110909Z,1J.TI8A.,"['CH1', 'CH2', 'CHZ']",2019-01-16T11:09:10.030000Z,19.6
903,20190116T111025Z,1J.TI8A.,"['CH1', 'CH2', 'CHZ']",2019-01-16T11:10:25.790000Z,1.26
904,20190116T111248Z,1J.TI8A.,"['CH1', 'CH2', 'CHZ']",2019-01-16T11:12:48.420000Z,2.81
905,20190116T111358Z,1J.TI8A.,"['CH1', 'CH2', 'CHZ']",2019-01-16T11:14:00.400000Z,7.28
906,20190116T111422Z,1J.TI8A.,"['CH1', 'CH2', 'CHZ']",2019-01-16T11:14:22.130000Z,21.79
907,20190116T111539Z,1J.TI8A.,"['CH1', 'CH2', 'CHZ']",2019-01-16T11:15:39.110000Z,1.46
908,20190116T111604Z,1J.TI8A.,"['CH1', 'CH2', 'CHZ']",2019-01-16T11:16:10.350000Z,9.25
909,20190116T111848Z,1J.TI8A.,"['CH1', 'CH2', 'CHZ']",2019-01-16T11:18:48.860000Z,1.95
910,20190116T111859Z,1J.TI8A.,"['CH1', 'CH2', 'CHZ']",2019-01-16T11:19:02.080000Z,50.32
911,20190116T112053Z,1J.TI8A.,"['CH1', 'CH2', 'CHZ']",2019-01-16T11:20:53.500000Z,1.05
912,20190116T112316Z,1J.TI8A.,"['CH1', 'CH2', 'CHZ']",2019-01-16T11:23:16.360000Z,2.34
913,20190116T112552Z,1J.TI8A.,"['CH1', 'CH2', 'CHZ']",2019-01-16T11:25:52.060000Z,44.0
914,20190116T112844Z,1J.TI8A.,"['CH1', 'CH2', 'CHZ']",2019-01-16T11:28:44.050000Z,1.9
915,20190116T113007Z,1J.TI8A.,"['CH1', 'CH2', 'CHZ']",2019-01-16T11:30:07.520000Z,1.66
916,20190116T113157Z,1J.TI8A.,"['CH1', 'CH2', 'CHZ']",2019-01-16T11:31:57.310000Z,3.5
917,20190116T113416Z,1J.TI8A.,"['CH1', 'CH2', 'CHZ']",2019-01-16T11:34:16.400000Z,3.0
918,20190116T113602Z,1J.TI8A.,"['CH1', 'CH2', 'CHZ']",2019-01-16T11:36:02.600000Z,2.54
919,20190116T113818Z,1J.TI8A.,"['CH1', 'CH2', 'CHZ']",2019-01-16T11:38:18.420000Z,1.73
920,20190116T113838Z,1J.TI8A.,"['CH1', 'CH2', 'CHZ']",2019-01-16T11:38:40.800000Z,21.63
921,20190116T114007Z,1J.TI8A.,"['CH1', 'CH2', 'CHZ']",2019-01-16T11:40:07.930000Z,1.11
922,20190116T114155Z,1J.TI8A.,"['CH1', 'CH2', 'CHZ']",2019-01-16T11:41:55.980000Z,2.36
923,20190116T114252Z,1J.TI8A.,"['CH1', 'CH2', 'CHZ']",2019-01-16T11:42:52.900000Z,7.66
924,20190116T114318Z,1J.TI8A.,"['CH1', 'CH2', 'CHZ']",2019-01-16T11:43:18.150000Z,0.87
925,20190116T114439Z,1J.TI8A.,"['CH1', 'CH2', 'CHZ']",2019-01-16T11:44:39.850000Z,2.0
926,20190116T114650Z,1J.TI8A.,"['CH1', 'CH2', 'CHZ']",2019-01-16T11:46:50.650000Z,2.88
927,20190116T114834Z,1J.TI8A.,"['CH1', 'CH2', 'CHZ']",2019-01-16T11:48:34.840000Z,2.24
928,20190116T115050Z,1J.TI8A.,"['CH1', 'CH2', 'CHZ']",2019-01-16T11:50:50.680000Z,8.28
929,20190116T115225Z,1J.TI8A.,"['CH1', 'CH2', 'CHZ']",2019-01-16T11:52:25.360000Z,2.04
930,20190116T115430Z,1J.TI8A.,"['CH1', 'CH2', 'CHZ']",2019-01-16T11:54:30.290000Z,2.74
931,20190116T115600Z,1J.TI8A.,"['CH1', 'CH2', 'CHZ']",2019-01-16T11:56:00.720000Z,1.95
932,20190116T115710Z,1J.TI8A.,"['CH1', 'CH2', 'CHZ']",2019-01-16T11:57:10.950000Z,1.96
933,20190116T115909Z,1J.TI8A.,"['CH1', 'CH2', 'CHZ']",2019-01-16T11:59:09.200000Z,2.98
934,20190116T120035Z,1J.TI8A.,"['CH1', 'CH2', 'CHZ']",2019-01-16T12:00:38.620000Z,7.94
935,20190116T120142Z,1J.TI8A.,"['CH1', 'CH2', 'CHZ']",2019-01-16T12:01:44.380000Z,1.56
936,20190116T120209Z,1J.TI8A.,"['CH1', 'CH2', 'CHZ']",2019-01-16T12:02:21.570000Z,14.71
937,20190116T120307Z,1J.TI8A.,"['CH1', 'CH2', 'CHZ']",2019-01-16T12:03:07.170000Z,1.0
938,20190116T120426Z,1J.TI8A.,"['CH1', 'CH2', 'CHZ']",2019-01-16T12:04:27.200000Z,2.44
939,20190116T120627Z,1J.TI8A.,"['CH1', 'CH2', 'CHZ']",2019-01-16T12:06:27.960000Z,1.2
940,20190116T120718Z,1J.TI8A.,"['CH1', 'CH2', 'CHZ']",2019-01-16T12:07:20.440000Z,11.34
941,20190116T120823Z,1J.TI8A.,"['CH1', 'CH2', 'CHZ']",2019-01-16T12:08:23.380000Z,2.01
942,20190116T120932Z,1J.TI8A.,"['CH1', 'CH2', 'CHZ']",2019-01-16T12:09:39.780000Z,4.64
943,20190116T121215Z,1J.TI8A.,"['CH1', 'CH2', 'CHZ']",2019-01-16T12:12:15.560000Z,3.87
944,20190116T121335Z,1J.TI8A.,"['CH1', 'CH2', 'CHZ']",2019-01-16T12:13:35.440000Z,2.02
945,20190116T121406Z,1J.TI8A.,"['CH1', 'CH2', 'CHZ']",2019-01-16T12:14:09.060000Z,17.79
946,20190116T121528Z,1J.TI8A.,"['CH1', 'CH2', 'CHZ']",2019-01-16T12:15:28.130000Z,2.06
947,20190116T121658Z,1J.TI8A.,"['CH1', 'CH2', 'CHZ']",2019-01-16T12:16:58.350000Z,3.66
948,20190116T121851Z,1J.TI8A.,"['CH1', 'CH2', 'CHZ']",2019-01-16T12:18:51.470000Z,1.51
949,20190116T122044Z,1J.TI8A.,"['CH1', 'CH2', 'CHZ']",2019-01-16T12:20:44.340000Z,1.74
950,20190116T122331Z,1J.TI8A.,"['CH1', 'CH2', 'CHZ']",2019-01-16T12:23:31.080000Z,1.28
951,20190116T123134Z,1J.TI8A.,"['CH1', 'CH2', 'CHZ']",2019-01-16T12:31:39.210000Z,8.53
952,20190116T123216Z,1J.TI8A.,"['CH1', 'CH2', 'CHZ']",2019-01-16T12:32:16.280000Z,2.23
953,20190116T123809Z,1J.TI8A.,"['CH1', 'CH2', 'CHZ']",2019-01-16T12:38:14.770000Z,2.59
954,20190116T124300Z,1J.TI8A.,"['CH1', 'CH2', 'CHZ']",2019-01-16T12:43:03.270000Z,11.47
955,20190116T124714Z,1J.TI8A.,"['CH1', 'CH2', 'CHZ']",2019-01-16T12:47:14.190000Z,3.24
956,20190116T124753Z,1J.TI8A.,"['CH1', 'CH2', 'CHZ']",2019-01-16T12:48:09.160000Z,17.21
957,20190116T124953Z,1J.TI8A.,"['CH1', 'CH2', 'CHZ']",2019-01-16T12:49:53.360000Z,2.45
958,20190116T125101Z,1J.TI8A.,"['CH1', 'CH2', 'CHZ']",2019-01-16T12:51:01.150000Z,2.05
959,20190116T125218Z,1J.TI8A.,"['CH1', 'CH2', 'CHZ']",2019-01-16T12:52:18.770000Z,2.68
960,20190116T125340Z,1J.TI8A.,"['CH1', 'CH2', 'CHZ']",2019-01-16T12:53:40.060000Z,2.44
961,20190116T125749Z,1J.TI8A.,"['CH1', 'CH2', 'CHZ']",2019-01-16T12:57:54.630000Z,16.12
962,20190116T130201Z,1J.TI8A.,"['CH1', 'CH2', 'CHZ']",2019-01-16T13:02:01.520000Z,2.31
963,20190116T130318Z,1J.TI8A.,"['CH1', 'CH2', 'CHZ']",2019-01-16T13:03:18.220000Z,12.47
964,20190116T130356Z,1J.TI8A.,"['CH1', 'CH2', 'CHZ']",2019-01-16T13:03:56.630000Z,16.7
965,20190116T130844Z,1J.TI8A.,"['CH1', 'CH2', 'CHZ']",2019-01-16T13:08:48.260000Z,4.35
966,20190116T131813Z,1J.TI8A.,"['CH1', 'CH2', 'CHZ']",2019-01-16T13:18:13.090000Z,20.11
967,20190116T132508Z,1J.TI8A.,"['CH1', 'CH2', 'CHZ']",2019-01-16T13:25:09.590000Z,3.2
968,20190116T133302Z,1J.TI8A.,"['CH1', 'CH2', 'CHZ']",2019-01-16T13:33:06.340000Z,17.69
969,20190116T133504Z,1J.TI8A.,"['CH1', 'CH2', 'CHZ']",2019-01-16T13:35:06.760000Z,50.61
970,20190116T133627Z,1J.TI8A.,"['CH1', 'CH2', 'CHZ']",2019-01-16T13:36:27.500000Z,14.59
971,20190116T134931Z,1J.TI8A.,"['CH1', 'CH2', 'CHZ']",2019-01-16T13:49:31.510000Z,18.69
972,20190116T135019Z,1J.TI8A.,"['CH1', 'CH2', 'CHZ']",2019-01-16T13:50:22.810000Z,1.11
973,20190116T135623Z,1J.TI8A.,"['CH1', 'CH2', 'CHZ']",2019-01-16T13:56:23.850000Z,1.49
974,20190116T140101Z,1J.TI8A.,"['CH1', 'CH2', 'CHZ']",2019-01-16T14:01:03.120000Z,50.13
975,20190116T141034Z,1J.TI8A.,"['CH1', 'CH2', 'CHZ']",2019-01-16T14:10:34.360000Z,3.97
976,20190116T142359Z,1J.TI8A.,"['CH1', 'CH2', 'CHZ']",2019-01-16T14:23:59.490000Z,13.57
977,20190116T143555Z,1J.TI8A.,"['CH1', 'CH2', 'CHZ']",2019-01-16T14:35:55.490000Z,6.63
978,20190116T144856Z,1J.TI8A.,"['CH1', 'CH2', 'CHZ']",2019-01-16T14:48:59.170000Z,11.2
979,20190116T150114Z,1J.TI8A.,"['CH1', 'CH2', 'CHZ']",2019-01-16T15:01:15.680000Z,21.62
980,20190116T151114Z,1J.TI8A.,"['CH1', 'CH2', 'CHZ']",2019-01-16T15:11:14.680000Z,2.51
981,20190116T151829Z,1J.TI8A.,"['CH1', 'CH2', 'CHZ']",2019-01-16T15:18:32.400000Z,48.82
982,20190116T152249Z,1J.TI8A.,"['CH1', 'CH2', 'CHZ']",2019-01-16T15:22:52.360000Z,53.0
983,20190116T152619Z,1J.TI8A.,"['CH1', 'CH2', 'CHZ']",2019-01-16T15:26:19.330000Z,5.74
984,20190116T152846Z,1J.TI8A.,"['CH1', 'CH2', 'CHZ']",2019-01-16T15:28:47.050000Z,29.89
985,20190116T153050Z,1J.TI8A.,"['CH1', 'CH2', 'CHZ']",2019-01-16T15:30:51.870000Z,30.85
986,20190116T153624Z,1J.TI8A.,"['CH1', 'CH2', 'CHZ']",2019-01-16T15:36:26.710000Z,11.49
987,20190116T154638Z,1J.TI8A.,"['CH1', 'CH2', 'CHZ']",2019-01-16T15:46:40.550000Z,50.09
988,20190116T155629Z,1J.TI8A.,"['CH1', 'CH2', 'CHZ']",2019-01-16T15:56:35.620000Z,15.97
989,20190116T155944Z,1J.TI8A.,"['CH1', 'CH2', 'CHZ']",2019-01-16T15:59:44.730000Z,21.27
990,20190116T161145Z,1J.TI8A.,"['CH1', 'CH2', 'CHZ']",2019-01-16T16:11:45.010000Z,17.94
991,20190116T161210Z,1J.TI8A.,"['CH1', 'CH2', 'CHZ']",2019-01-16T16:12:13.580000Z,19.98
992,20190116T161340Z,1J.TI8A.,"['CH1', 'CH2', 'CHZ']",2019-01-16T16:13:40.930000Z,3.16
993,20190116T161948Z,1J.TI8A.,"['CH1', 'CH2', 'CHZ']",2019-01-16T16:19:48.390000Z,7.46
994,20190116T162859Z,1J.TI8A.,"['CH1', 'CH2', 'CHZ']",2019-01-16T16:29:01.430000Z,55.49
995,20190116T163008Z,1J.TI8A.,"['CH1', 'CH2', 'CHZ']",2019-01-16T16:30:08.290000Z,14.4
996,20190116T163029Z,1J.TI8A.,"['CH1', 'CH2', 'CHZ']",2019-01-16T16:30:33.460000Z,24.2
997,20190116T163114Z,1J.TI8A.,"['CH1', 'CH2', 'CHZ']",2019-01-16T16:31:20.440000Z,11.28
998,20190116T164259Z,1J.TI8A.,"['CH1', 'CH2', 'CHZ']",2019-01-16T16:43:01.580000Z,35.95
999,20190116T165013Z,1J.TI8A.,"['CH1', 'CH2', 'CHZ']",2019-01-16T16:50:13.630000Z,6.49
1000,20190116T172240Z,1J.TI8A.,"['CH1', 'CH2', 'CHZ']",2019-01-16T17:22:40.690000Z,13.08
1001,20190116T172855Z,1J.TI8A.,"['CH1', 'CH2', 'CHZ']",2019-01-16T17:29:01.270000Z,13.4
1002,20190116T173247Z,1J.TI8A.,"['CH1', 'CH2', 'CHZ']",2019-01-16T17:32:47.550000Z,10.14
1003,20190116T174635Z,1J.TI8A.,"['CH1', 'CH2', 'CHZ']",2019-01-16T17:46:35.490000Z,50.6
1004,20190116T174820Z,1J.TI8A.,"['CH1', 'CH2', 'CHZ']",2019-01-16T17:48:20.220000Z,1.81
1005,20190116T180532Z,1J.TI8A.,"['CH1', 'CH2', 'CHZ']",2019-01-16T18:05:45.790000Z,14.45
1006,20190116T180945Z,1J.TI8A.,"['CH1', 'CH2', 'CHZ']",2019-01-16T18:09:51.160000Z,11.71
1007,20190116T181527Z,1J.TI8A.,"['CH1', 'CH2', 'CHZ']",2019-01-16T18:15:28.330000Z,8.82
1008,20190116T182110Z,1J.TI8A.,"['CH1', 'CH2', 'CHZ']",2019-01-16T18:21:12.720000Z,21.98
1009,20190116T182547Z,1J.TI8A.,"['CH1', 'CH2', 'CHZ']",2019-01-16T18:25:50.880000Z,11.1
1010,20190116T184020Z,1J.TI8A.,"['CH1', 'CH2', 'CHZ']",2019-01-16T18:40:20.700000Z,7.14
1011,20190116T184914Z,1J.TI8A.,"['CH1', 'CH2', 'CHZ']",2019-01-16T18:49:14.940000Z,7.06
1012,20190116T190125Z,1J.TI8A.,"['CH1', 'CH2', 'CHZ']",2019-01-16T19:01:25.880000Z,19.34
1013,20190116T192050Z,1J.TI8A.,"['CH1', 'CH2', 'CHZ']",2019-01-16T19:20:50.690000Z,8.27
1014,20190116T192937Z,1J.TI8A.,"['CH1', 'CH2', 'CHZ']",2019-01-16T19:29:39.390000Z,35.22
1015,20190116T193639Z,1J.TI8A.,"['CH1', 'CH2', 'CHZ']",2019-01-16T19:36:39.410000Z,10.27
1016,20190116T193710Z,1J.TI8A.,"['CH1', 'CH2', 'CHZ']",2019-01-16T19:37:10.770000Z,8.91
1017,20190116T194216Z,1J.TI8A.,"['CH1', 'CH2', 'CHZ']",2019-01-16T19:42:16.550000Z,12.81
1018,20190116T194511Z,1J.TI8A.,"['CH1', 'CH2', 'CHZ']",2019-01-16T19:45:11.770000Z,8.41
1019,20190116T194541Z,1J.TI8A.,"['CH1', 'CH2', 'CHZ']",2019-01-16T19:45:41.450000Z,14.08
1020,20190116T195116Z,1J.TI8A.,"['CH1', 'CH2', 'CHZ']",2019-01-16T19:51:35.100000Z,19.8
1021,20190116T195419Z,1J.TI8A.,"['CH1', 'CH2', 'CHZ']",2019-01-16T19:54:19.550000Z,14.76
1022,20190116T195619Z,1J.TI8A.,"['CH1', 'CH2', 'CHZ']",2019-01-16T19:56:19.890000Z,4.45
1023,20190116T200543Z,1J.TI8A.,"['CH1', 'CH2', 'CHZ']",2019-01-16T20:05:43.240000Z,28.32
1024,20190116T201809Z,1J.TI8A.,"['CH1', 'CH2', 'CHZ']",2019-01-16T20:18:09.160000Z,51.02
1025,20190116T202921Z,1J.TI8A.,"['CH1', 'CH2', 'CHZ']",2019-01-16T20:29:21.860000Z,11.29
1026,20190116T203048Z,1J.TI8A.,"['CH1', 'CH2', 'CHZ']",2019-01-16T20:30:48.550000Z,2.28
1027,20190116T205410Z,1J.TI8A.,"['CH1', 'CH2', 'CHZ']",2019-01-16T20:54:10.630000Z,7.5
1028,20190116T205636Z,1J.TI8A.,"['CH1', 'CH2', 'CHZ']",2019-01-16T20:56:36.500000Z,15.61
1029,20190116T205705Z,1J.TI8A.,"['CH1', 'CH2', 'CHZ']",2019-01-16T20:57:07.300000Z,21.2
1030,20190116T210429Z,1J.TI8A.,"['CH1', 'CH2', 'CHZ']",2019-01-16T21:04:29.290000Z,13.29
1031,20190116T210454Z,1J.TI8A.,"['CH1', 'CH2', 'CHZ']",2019-01-16T21:04:58.390000Z,16.68
1032,20190116T210813Z,1J.TI8A.,"['CH1', 'CH2', 'CHZ']",2019-01-16T21:08:13.140000Z,21.2
1033,20190116T211237Z,1J.TI8A.,"['CH1', 'CH2', 'CHZ']",2019-01-16T21:12:37.240000Z,19.34
1034,20190116T212727Z,1J.TI8A.,"['CH1', 'CH2', 'CHZ']",2019-01-16T21:27:29.140000Z,19.96
1035,20190116T220918Z,1J.TI8A.,"['CH1', 'CH2', 'CHZ']",2019-01-16T22:09:18.980000Z,34.73
1036,20190116T222336Z,1J.TI8A.,"['CH1', 'CH2', 'CHZ']",2019-01-16T22:23:36.130000Z,10.08
1037,20190116T224729Z,1J.TI8A.,"['CH1', 'CH2', 'CHZ']",2019-01-16T22:47:29.290000Z,53.21
1038,20190116T224934Z,1J.TI8A.,"['CH1', 'CH2', 'CHZ']",2019-01-16T22:49:34.010000Z,2.85
1039,20190116T225517Z,1J.TI8A.,"['CH1', 'CH2', 'CHZ']",2019-01-16T22:55:17.020000Z,49.71
1040,20190116T225710Z,1J.TI8A.,"['CH1', 'CH2', 'CHZ']",2019-01-16T22:57:10.140000Z,3.79
1041,20190116T231059Z,1J.TI8A.,"['CH1', 'CH2', 'CHZ']",2019-01-16T23:10:59.500000Z,1.34
1042,20190116T231758Z,1J.TI8A.,"['CH1', 'CH2', 'CHZ']",2019-01-16T23:17:58.910000Z,12.35
1043,20190116T232043Z,1J.TI8A.,"['CH1', 'CH2', 'CHZ']",2019-01-16T23:20:43.940000Z,5.62
1044,20190116T234658Z,1J.TI8A.,"['CH1', 'CH2', 'CHZ']",2019-01-16T23:46:58.570000Z,7.3
1045,20190116T234712Z,1J.TI8A.,"['CH1', 'CH2', 'CHZ']",2019-01-16T23:47:12.730000Z,23.47
1046,20190116T000808Z,1J.TI6A.,"['CH1', 'CH2', 'CHZ']",2019-01-16T00:08:38.650000Z,13.07
1047,20190116T002528Z,1J.TI6A.,"['CH1', 'CH2', 'CHZ']",2019-01-16T00:25:34.980000Z,10.07
1048,20190116T012012Z,1J.TI6A.,"['CH1', 'CH2', 'CHZ']",2019-01-16T01:20:40.780000Z,15.82
1049,20190116T013400Z,1J.TI6A.,"['CH1', 'CH2', 'CHZ']",2019-01-16T01:34:04.770000Z,1.36
1050,20190116T021316Z,1J.TI6A.,"['CH1', 'CH2', 'CHZ']",2019-01-16T02:13:18.150000Z,11.8
1051,20190116T022814Z,1J.TI6A.,"['CH1', 'CH2', 'CHZ']",2019-01-16T02:28:40.100000Z,15.67
1052,20190116T041556Z,1J.TI6A.,"['CH1', 'CH2', 'CHZ']",2019-01-16T04:16:04.810000Z,3.94
1053,20190116T043921Z,1J.TI6A.,"['CH1', 'CH2', 'CHZ']",2019-01-16T04:39:51.500000Z,17.14
1054,20190116T044311Z,1J.TI6A.,"['CH1', 'CH2', 'CHZ']",2019-01-16T04:43:15.910000Z,2.51
1055,20190116T050511Z,1J.TI6A.,"['CH1', 'CH2', 'CHZ']",2019-01-16T05:05:12.480000Z,39.96
1056,20190116T052223Z,1J.TI6A.,"['CH1', 'CH2', 'CHZ']",2019-01-16T05:22:28.120000Z,2.58
1057,20190116T055638Z,1J.TI6A.,"['CH1', 'CH2', 'CHZ']",2019-01-16T05:57:09.360000Z,13.19
1058,20190116T062242Z,1J.TI6A.,"['CH1', 'CH2', 'CHZ']",2019-01-16T06:22:47.440000Z,1.48
1059,20190116T070053Z,1J.TI6A.,"['CH1', 'CH2', 'CHZ']",2019-01-16T07:00:53.710000Z,7.55
1060,20190116T072034Z,1J.TI6A.,"['CH1', 'CH2', 'CHZ']",2019-01-16T07:20:39.140000Z,3.23
1061,20190116T073040Z,1J.TI6A.,"['CH1', 'CH2', 'CHZ']",2019-01-16T07:30:44.430000Z,5.44
1062,20190116T075112Z,1J.TI6A.,"['CH1', 'CH2', 'CHZ']",2019-01-16T07:51:16.680000Z,1.43
1063,20190116T075346Z,1J.TI6A.,"['CH1', 'CH2', 'CHZ']",2019-01-16T07:53:51.000000Z,1.47
1064,20190116T080130Z,1J.TI6A.,"['CH1', 'CH2', 'CHZ']",2019-01-16T08:01:30.250000Z,0.99
1065,20190116T081010Z,1J.TI6A.,"['CH1', 'CH2', 'CHZ']",2019-01-16T08:10:23.250000Z,3.29
1066,20190116T081415Z,1J.TI6A.,"['CH1', 'CH2', 'CHZ']",2019-01-16T08:14:15.330000Z,1.89
1067,20190116T081440Z,1J.TI6A.,"['CH1', 'CH2', 'CHZ']",2019-01-16T08:14:44.170000Z,7.09
1068,20190116T083429Z,1J.TI6A.,"['CH1', 'CH2', 'CHZ']",2019-01-16T08:34:34.950000Z,2.89
1069,20190116T083644Z,1J.TI6A.,"['CH1', 'CH2', 'CHZ']",2019-01-16T08:36:49.150000Z,5.22
1070,20190116T091120Z,1J.TI6A.,"['CH1', 'CH2', 'CHZ']",2019-01-16T09:11:24.660000Z,5.52
1071,20190116T093002Z,1J.TI6A.,"['CH1', 'CH2', 'CHZ']",2019-01-16T09:30:05.720000Z,45.51
1072,20190116T093401Z,1J.TI6A.,"['CH1', 'CH2', 'CHZ']",2019-01-16T09:34:04.080000Z,44.51
1073,20190116T093733Z,1J.TI6A.,"['CH1', 'CH2', 'CHZ']",2019-01-16T09:37:33.880000Z,1.21
1074,20190116T094843Z,1J.TI6A.,"['CH1', 'CH2', 'CHZ']",2019-01-16T09:48:43.820000Z,1.38
1075,20190116T100153Z,1J.TI6A.,"['CH1', 'CH2', 'CHZ']",2019-01-16T10:01:53.510000Z,4.21
1076,20190116T100614Z,1J.TI6A.,"['CH1', 'CH2', 'CHZ']",2019-01-16T10:06:30.790000Z,4.66
1077,20190116T100958Z,1J.TI6A.,"['CH1', 'CH2', 'CHZ']",2019-01-16T10:09:59.100000Z,18.69
1078,20190116T101435Z,1J.TI6A.,"['CH1', 'CH2', 'CHZ']",2019-01-16T10:14:36.260000Z,14.83
1079,20190116T101617Z,1J.TI6A.,"['CH1', 'CH2', 'CHZ']",2019-01-16T10:16:19.760000Z,4.43
1080,20190116T101926Z,1J.TI6A.,"['CH1', 'CH2', 'CHZ']",2019-01-16T10:19:32.870000Z,51.08
1081,20190116T102757Z,1J.TI6A.,"['CH1', 'CH2', 'CHZ']",2019-01-16T10:28:02.210000Z,3.99
1082,20190116T103418Z,1J.TI6A.,"['CH1', 'CH2', 'CHZ']",2019-01-16T10:34:18.450000Z,4.44
1083,20190116T104450Z,1J.TI6A.,"['CH1', 'CH2', 'CHZ']",2019-01-16T10:44:51.410000Z,10.95
1084,20190116T105001Z,1J.TI6A.,"['CH1', 'CH2', 'CHZ']",2019-01-16T10:50:01.730000Z,9.7
1085,20190116T105223Z,1J.TI6A.,"['CH1', 'CH2', 'CHZ']",2019-01-16T10:52:23.470000Z,0.68
1086,20190116T105742Z,1J.TI6A.,"['CH1', 'CH2', 'CHZ']",2019-01-16T10:57:42.970000Z,11.69
1087,20190116T105935Z,1J.TI6A.,"['CH1', 'CH2', 'CHZ']",2019-01-16T10:59:35.810000Z,0.9
1088,20190116T105949Z,1J.TI6A.,"['CH1', 'CH2', 'CHZ']",2019-01-16T10:59:50.980000Z,16.85
1089,20190116T110208Z,1J.TI6A.,"['CH1', 'CH2', 'CHZ']",2019-01-16T11:02:10.490000Z,6.96
1090,20190116T110248Z,1J.TI6A.,"['CH1', 'CH2', 'CHZ']",2019-01-16T11:02:48.990000Z,2.52
1091,20190116T110320Z,1J.TI6A.,"['CH1', 'CH2', 'CHZ']",2019-01-16T11:03:20.390000Z,2.11
1092,20190116T110909Z,1J.TI6A.,"['CH1', 'CH2', 'CHZ']",2019-01-16T11:09:09.880000Z,21.15
1093,20190116T111232Z,1J.TI6A.,"['CH1', 'CH2', 'CHZ']",2019-01-16T11:12:32.860000Z,5.19
1094,20190116T111326Z,1J.TI6A.,"['CH1', 'CH2', 'CHZ']",2019-01-16T11:13:26.220000Z,7.5
1095,20190116T111358Z,1J.TI6A.,"['CH1', 'CH2', 'CHZ']",2019-01-16T11:13:58.570000Z,19.09
1096,20190116T111422Z,1J.TI6A.,"['CH1', 'CH2', 'CHZ']",2019-01-16T11:14:25.220000Z,19.03
1097,20190116T111540Z,1J.TI6A.,"['CH1', 'CH2', 'CHZ']",2019-01-16T11:15:42.420000Z,3.96
1098,20190116T111754Z,1J.TI6A.,"['CH1', 'CH2', 'CHZ']",2019-01-16T11:17:54.360000Z,7.36
1099,20190116T111859Z,1J.TI6A.,"['CH1', 'CH2', 'CHZ']",2019-01-16T11:19:00.280000Z,51.66
1100,20190116T112202Z,1J.TI6A.,"['CH1', 'CH2', 'CHZ']",2019-01-16T11:22:02.360000Z,2.37
1101,20190116T112552Z,1J.TI6A.,"['CH1', 'CH2', 'CHZ']",2019-01-16T11:26:00.930000Z,17.02
1102,20190116T112731Z,1J.TI6A.,"['CH1', 'CH2', 'CHZ']",2019-01-16T11:27:31.830000Z,1.71
1103,20190116T112909Z,1J.TI6A.,"['CH1', 'CH2', 'CHZ']",2019-01-16T11:29:09.860000Z,9.0
1104,20190116T113117Z,1J.TI6A.,"['CH1', 'CH2', 'CHZ']",2019-01-16T11:31:17.710000Z,0.83
1105,20190116T113215Z,1J.TI6A.,"['CH1', 'CH2', 'CHZ']",2019-01-16T11:32:15.330000Z,4.54
1106,20190116T113514Z,1J.TI6A.,"['CH1', 'CH2', 'CHZ']",2019-01-16T11:35:14.210000Z,11.62
1107,20190116T113539Z,1J.TI6A.,"['CH1', 'CH2', 'CHZ']",2019-01-16T11:35:39.740000Z,1.36
1108,20190116T113725Z,1J.TI6A.,"['CH1', 'CH2', 'CHZ']",2019-01-16T11:37:25.670000Z,0.82
1109,20190116T113755Z,1J.TI6A.,"['CH1', 'CH2', 'CHZ']",2019-01-16T11:37:55.160000Z,14.56
1110,20190116T113838Z,1J.TI6A.,"['CH1', 'CH2', 'CHZ']",2019-01-16T11:38:38.930000Z,22.96
1111,20190116T114002Z,1J.TI6A.,"['CH1', 'CH2', 'CHZ']",2019-01-16T11:40:02.950000Z,2.94
1112,20190116T114130Z,1J.TI6A.,"['CH1', 'CH2', 'CHZ']",2019-01-16T11:41:30.980000Z,3.48
1113,20190116T114528Z,1J.TI6A.,"['CH1', 'CH2', 'CHZ']",2019-01-16T11:45:28.140000Z,3.27
1114,20190116T114600Z,1J.TI6A.,"['CH1', 'CH2', 'CHZ']",2019-01-16T11:46:00.210000Z,11.25
1115,20190116T114720Z,1J.TI6A.,"['CH1', 'CH2', 'CHZ']",2019-01-16T11:47:22.810000Z,8.01
1116,20190116T114907Z,1J.TI6A.,"['CH1', 'CH2', 'CHZ']",2019-01-16T11:49:07.750000Z,3.12
1117,20190116T115129Z,1J.TI6A.,"['CH1', 'CH2', 'CHZ']",2019-01-16T11:51:29.720000Z,9.16
1118,20190116T115254Z,1J.TI6A.,"['CH1', 'CH2', 'CHZ']",2019-01-16T11:52:55.200000Z,15.14
1119,20190116T115434Z,1J.TI6A.,"['CH1', 'CH2', 'CHZ']",2019-01-16T11:54:34.680000Z,11.56
1120,20190116T115520Z,1J.TI6A.,"['CH1', 'CH2', 'CHZ']",2019-01-16T11:55:22.270000Z,9.46
1121,20190116T115901Z,1J.TI6A.,"['CH1', 'CH2', 'CHZ']",2019-01-16T11:59:01.120000Z,7.55
1122,20190116T115959Z,1J.TI6A.,"['CH1', 'CH2', 'CHZ']",2019-01-16T11:59:59.950000Z,1.81
1123,20190116T120209Z,1J.TI6A.,"['CH1', 'CH2', 'CHZ']",2019-01-16T12:02:18.230000Z,19.08
1124,20190116T120718Z,1J.TI6A.,"['CH1', 'CH2', 'CHZ']",2019-01-16T12:07:18.230000Z,14.04
1125,20190116T120802Z,1J.TI6A.,"['CH1', 'CH2', 'CHZ']",2019-01-16T12:08:02.090000Z,3.45
1126,20190116T120932Z,1J.TI6A.,"['CH1', 'CH2', 'CHZ']",2019-01-16T12:09:36.210000Z,6.12
1127,20190116T120955Z,1J.TI6A.,"['CH1', 'CH2', 'CHZ']",2019-01-16T12:10:00.240000Z,5.6
1128,20190116T121039Z,1J.TI6A.,"['CH1', 'CH2', 'CHZ']",2019-01-16T12:10:39.470000Z,1.57
1129,20190116T121406Z,1J.TI6A.,"['CH1', 'CH2', 'CHZ']",2019-01-16T12:14:08.570000Z,16.13
1130,20190116T121647Z,1J.TI6A.,"['CH1', 'CH2', 'CHZ']",2019-01-16T12:16:47.060000Z,2.47
1131,20190116T121943Z,1J.TI6A.,"['CH1', 'CH2', 'CHZ']",2019-01-16T12:20:11.210000Z,13.21
1132,20190116T122040Z,1J.TI6A.,"['CH1', 'CH2', 'CHZ']",2019-01-16T12:20:40.990000Z,1.11
1133,20190116T122408Z,1J.TI6A.,"['CH1', 'CH2', 'CHZ']",2019-01-16T12:24:08.740000Z,1.62
1134,20190116T122703Z,1J.TI6A.,"['CH1', 'CH2', 'CHZ']",2019-01-16T12:27:04.920000Z,5.76
1135,20190116T122758Z,1J.TI6A.,"['CH1', 'CH2', 'CHZ']",2019-01-16T12:27:58.490000Z,0.77
1136,20190116T122940Z,1J.TI6A.,"['CH1', 'CH2', 'CHZ']",2019-01-16T12:29:40.100000Z,1.02
1137,20190116T123030Z,1J.TI6A.,"['CH1', 'CH2', 'CHZ']",2019-01-16T12:30:30.650000Z,14.1
1138,20190116T123134Z,1J.TI6A.,"['CH1', 'CH2', 'CHZ']",2019-01-16T12:31:37.940000Z,3.4
1139,20190116T123242Z,1J.TI6A.,"['CH1', 'CH2', 'CHZ']",2019-01-16T12:32:42.560000Z,4.13
1140,20190116T123809Z,1J.TI6A.,"['CH1', 'CH2', 'CHZ']",2019-01-16T12:38:11.030000Z,16.54
1141,20190116T124511Z,1J.TI6A.,"['CH1', 'CH2', 'CHZ']",2019-01-16T12:45:11.060000Z,1.89
1142,20190116T124753Z,1J.TI6A.,"['CH1', 'CH2', 'CHZ']",2019-01-16T12:48:10.200000Z,7.49
1143,20190116T125822Z,1J.TI6A.,"['CH1', 'CH2', 'CHZ']",2019-01-16T12:58:22.750000Z,1.11
1144,20190116T130201Z,1J.TI6A.,"['CH1', 'CH2', 'CHZ']",2019-01-16T13:02:02.440000Z,10.98
1145,20190116T131212Z,1J.TI6A.,"['CH1', 'CH2', 'CHZ']",2019-01-16T13:12:14.570000Z,9.66
1146,20190116T131443Z,1J.TI6A.,"['CH1', 'CH2', 'CHZ']",2019-01-16T13:14:46.470000Z,4.29
1147,20190116T132508Z,1J.TI6A.,"['CH1', 'CH2', 'CHZ']",2019-01-16T13:25:08.310000Z,5.63
1148,20190116T132703Z,1J.TI6A.,"['CH1', 'CH2', 'CHZ']",2019-01-16T13:27:03.730000Z,2.75
1149,20190116T133504Z,1J.TI6A.,"['CH1', 'CH2', 'CHZ']",2019-01-16T13:35:34.350000Z,20.18
1150,20190116T134030Z,1J.TI6A.,"['CH1', 'CH2', 'CHZ']",2019-01-16T13:40:30.500000Z,3.73
1151,20190116T134451Z,1J.TI6A.,"['CH1', 'CH2', 'CHZ']",2019-01-16T13:44:57.830000Z,9.49
1152,20190116T140101Z,1J.TI6A.,"['CH1', 'CH2', 'CHZ']",2019-01-16T14:01:32.960000Z,14.54
1153,20190116T141757Z,1J.TI6A.,"['CH1', 'CH2', 'CHZ']",2019-01-16T14:18:02.530000Z,3.04
1154,20190116T145249Z,1J.TI6A.,"['CH1', 'CH2', 'CHZ']",2019-01-16T14:52:54.040000Z,2.86
1155,20190116T150605Z,1J.TI6A.,"['CH1', 'CH2', 'CHZ']",2019-01-16T15:06:09.830000Z,3.35
1156,20190116T151736Z,1J.TI6A.,"['CH1', 'CH2', 'CHZ']",2019-01-16T15:17:41.500000Z,2.29
1157,20190116T151829Z,1J.TI6A.,"['CH1', 'CH2', 'CHZ']",2019-01-16T15:18:30.140000Z,18.75
1158,20190116T152249Z,1J.TI6A.,"['CH1', 'CH2', 'CHZ']",2019-01-16T15:22:52.740000Z,49.35
1159,20190116T152846Z,1J.TI6A.,"['CH1', 'CH2', 'CHZ']",2019-01-16T15:29:00.170000Z,8.38
1160,20190116T154638Z,1J.TI6A.,"['CH1', 'CH2', 'CHZ']",2019-01-16T15:47:08.890000Z,17.11
1161,20190116T155043Z,1J.TI6A.,"['CH1', 'CH2', 'CHZ']",2019-01-16T15:50:49.350000Z,1.59
1162,20190116T160009Z,1J.TI6A.,"['CH1', 'CH2', 'CHZ']",2019-01-16T16:00:14.500000Z,4.78
1163,20190116T160810Z,1J.TI6A.,"['CH1', 'CH2', 'CHZ']",2019-01-16T16:08:10.840000Z,1.03
1164,20190116T161210Z,1J.TI6A.,"['CH1', 'CH2', 'CHZ']",2019-01-16T16:12:13.200000Z,10.77
1165,20190116T162513Z,1J.TI6A.,"['CH1', 'CH2', 'CHZ']",2019-01-16T16:25:18.340000Z,2.34
1166,20190116T162859Z,1J.TI6A.,"['CH1', 'CH2', 'CHZ']",2019-01-16T16:29:30.200000Z,17.31
1167,20190116T163029Z,1J.TI6A.,"['CH1', 'CH2', 'CHZ']",2019-01-16T16:30:31.590000Z,20.98
1168,20190116T163114Z,1J.TI6A.,"['CH1', 'CH2', 'CHZ']",2019-01-16T16:31:16.870000Z,11.26
1169,20190116T164115Z,1J.TI6A.,"['CH1', 'CH2', 'CHZ']",2019-01-16T16:41:23.300000Z,0.75
1170,20190116T164259Z,1J.TI6A.,"['CH1', 'CH2', 'CHZ']",2019-01-16T16:43:01.660000Z,33.69
1171,20190116T170003Z,1J.TI6A.,"['CH1', 'CH2', 'CHZ']",2019-01-16T17:00:07.550000Z,3.31
1172,20190116T174439Z,1J.TI6A.,"['CH1', 'CH2', 'CHZ']",2019-01-16T17:44:39.160000Z,3.2
1173,20190116T174530Z,1J.TI6A.,"['CH1', 'CH2', 'CHZ']",2019-01-16T17:45:30.770000Z,1.24
1174,20190116T174549Z,1J.TI6A.,"['CH1', 'CH2', 'CHZ']",2019-01-16T17:45:49.940000Z,1.44
1175,20190116T174616Z,1J.TI6A.,"['CH1', 'CH2', 'CHZ']",2019-01-16T17:46:17.530000Z,6.96
1176,20190116T174635Z,1J.TI6A.,"['CH1', 'CH2', 'CHZ']",2019-01-16T17:46:35.810000Z,47.52
1177,20190116T175259Z,1J.TI6A.,"['CH1', 'CH2', 'CHZ']",2019-01-16T17:52:59.100000Z,1.72
1178,20190116T175331Z,1J.TI6A.,"['CH1', 'CH2', 'CHZ']",2019-01-16T17:53:31.800000Z,2.0
1179,20190116T175402Z,1J.TI6A.,"['CH1', 'CH2', 'CHZ']",2019-01-16T17:54:11.980000Z,1.71
1180,20190116T175653Z,1J.TI6A.,"['CH1', 'CH2', 'CHZ']",2019-01-16T17:56:53.680000Z,4.0
1181,20190116T175827Z,1J.TI6A.,"['CH1', 'CH2', 'CHZ']",2019-01-16T17:58:27.530000Z,2.19
1182,20190116T175933Z,1J.TI6A.,"['CH1', 'CH2', 'CHZ']",2019-01-16T17:59:33.140000Z,2.15
1183,20190116T180247Z,1J.TI6A.,"['CH1', 'CH2', 'CHZ']",2019-01-16T18:02:47.920000Z,1.41
1184,20190116T180344Z,1J.TI6A.,"['CH1', 'CH2', 'CHZ']",2019-01-16T18:03:44.140000Z,2.63
1185,20190116T180454Z,1J.TI6A.,"['CH1', 'CH2', 'CHZ']",2019-01-16T18:04:54.200000Z,2.08
1186,20190116T180532Z,1J.TI6A.,"['CH1', 'CH2', 'CHZ']",2019-01-16T18:05:32.470000Z,22.04
1187,20190116T180636Z,1J.TI6A.,"['CH1', 'CH2', 'CHZ']",2019-01-16T18:06:36.200000Z,2.93
1188,20190116T180945Z,1J.TI6A.,"['CH1', 'CH2', 'CHZ']",2019-01-16T18:09:47.820000Z,11.24
1189,20190116T182110Z,1J.TI6A.,"['CH1', 'CH2', 'CHZ']",2019-01-16T18:21:10.850000Z,21.88
1190,20190116T182214Z,1J.TI6A.,"['CH1', 'CH2', 'CHZ']",2019-01-16T18:22:14.940000Z,0.77
1191,20190116T182853Z,1J.TI6A.,"['CH1', 'CH2', 'CHZ']",2019-01-16T18:28:53.730000Z,0.91
1192,20190116T191104Z,1J.TI6A.,"['CH1', 'CH2', 'CHZ']",2019-01-16T19:11:17.340000Z,1.73
1193,20190116T192937Z,1J.TI6A.,"['CH1', 'CH2', 'CHZ']",2019-01-16T19:29:38.690000Z,34.01
1194,20190116T201809Z,1J.TI6A.,"['CH1', 'CH2', 'CHZ']",2019-01-16T20:18:38.100000Z,14.03
1195,20190116T205705Z,1J.TI6A.,"['CH1', 'CH2', 'CHZ']",2019-01-16T20:57:05.440000Z,20.49
1196,20190116T220918Z,1J.TI6A.,"['CH1', 'CH2', 'CHZ']",2019-01-16T22:09:29.980000Z,18.62
1197,20190116T224729Z,1J.TI6A.,"['CH1', 'CH2', 'CHZ']",2019-01-16T22:47:58.100000Z,19.4
1198,20190116T225517Z,1J.TI6A.,"['CH1', 'CH2', 'CHZ']",2019-01-16T22:55:44.600000Z,16.23
1199,20190116T000027Z,1J.TI1A.,"['CH1', 'CH2', 'CHZ']",2019-01-16T00:00:28.350000Z,3.8
1200,20190116T000056Z,1J.TI1A.,"['CH1', 'CH2', 'CHZ']",2019-01-16T00:00:56.990000Z,16.39
1201,20190116T000304Z,1J.TI1A.,"['CH1', 'CH2', 'CHZ']",2019-01-16T00:03:04.450000Z,15.62
1202,20190116T000334Z,1J.TI1A.,"['CH1', 'CH2', 'CHZ']",2019-01-16T00:03:34.860000Z,8.28
1203,20190116T000923Z,1J.TI1A.,"['CH1', 'CH2', 'CHZ']",2019-01-16T00:09:23.820000Z,4.2
1204,20190116T000937Z,1J.TI1A.,"['CH1', 'CH2', 'CHZ']",2019-01-16T00:09:37.670000Z,19.43
1205,20190116T001202Z,1J.TI1A.,"['CH1', 'CH2', 'CHZ']",2019-01-16T00:12:04.950000Z,2.6
1206,20190116T001403Z,1J.TI1A.,"['CH1', 'CH2', 'CHZ']",2019-01-16T00:14:03.850000Z,2.75
1207,20190116T001527Z,1J.TI1A.,"['CH1', 'CH2', 'CHZ']",2019-01-16T00:15:29.390000Z,2.27
1208,20190116T001540Z,1J.TI1A.,"['CH1', 'CH2', 'CHZ']",2019-01-16T00:15:41.330000Z,2.17
1209,20190116T001633Z,1J.TI1A.,"['CH1', 'CH2', 'CHZ']",2019-01-16T00:16:34.910000Z,3.8
1210,20190116T001731Z,1J.TI1A.,"['CH1', 'CH2', 'CHZ']",2019-01-16T00:17:31.730000Z,17.68
1211,20190116T001918Z,1J.TI1A.,"['CH1', 'CH2', 'CHZ']",2019-01-16T00:19:18.560000Z,6.32
1212,20190116T002009Z,1J.TI1A.,"['CH1', 'CH2', 'CHZ']",2019-01-16T00:20:10.930000Z,18.13
1213,20190116T002145Z,1J.TI1A.,"['CH1', 'CH2', 'CHZ']",2019-01-16T00:21:46.000000Z,34.86
1214,20190116T002520Z,1J.TI1A.,"['CH1', 'CH2', 'CHZ']",2019-01-16T00:25:21.120000Z,1.72
1215,20190116T002621Z,1J.TI1A.,"['CH1', 'CH2', 'CHZ']",2019-01-16T00:26:21.550000Z,2.49
1216,20190116T002700Z,1J.TI1A.,"['CH1', 'CH2', 'CHZ']",2019-01-16T00:27:01.210000Z,1.53
1217,20190116T003356Z,1J.TI1A.,"['CH1', 'CH2', 'CHZ']",2019-01-16T00:34:05.040000Z,5.31
1218,20190116T003634Z,1J.TI1A.,"['CH1', 'CH2', 'CHZ']",2019-01-16T00:36:34.290000Z,3.31
1219,20190116T003732Z,1J.TI1A.,"['CH1', 'CH2', 'CHZ']",2019-01-16T00:37:32.670000Z,4.2
1220,20190116T003742Z,1J.TI1A.,"['CH1', 'CH2', 'CHZ']",2019-01-16T00:37:42.020000Z,2.06
1221,20190116T004028Z,1J.TI1A.,"['CH1', 'CH2', 'CHZ']",2019-01-16T00:40:28.860000Z,22.62
1222,20190116T004529Z,1J.TI1A.,"['CH1', 'CH2', 'CHZ']",2019-01-16T00:45:29.020000Z,0.8
1223,20190116T004602Z,1J.TI1A.,"['CH1', 'CH2', 'CHZ']",2019-01-16T00:46:02.690000Z,16.12
1224,20190116T004904Z,1J.TI1A.,"['CH1', 'CH2', 'CHZ']",2019-01-16T00:49:04.050000Z,10.05
1225,20190116T005123Z,1J.TI1A.,"['CH1', 'CH2', 'CHZ']",2019-01-16T00:51:23.260000Z,4.14
1226,20190116T005139Z,1J.TI1A.,"['CH1', 'CH2', 'CHZ']",2019-01-16T00:51:40.930000Z,12.28
1227,20190116T005315Z,1J.TI1A.,"['CH1', 'CH2', 'CHZ']",2019-01-16T00:53:16.280000Z,15.12
1228,20190116T005518Z,1J.TI1A.,"['CH1', 'CH2', 'CHZ']",2019-01-16T00:55:18.660000Z,9.54
1229,20190116T005614Z,1J.TI1A.,"['CH1', 'CH2', 'CHZ']",2019-01-16T00:56:14.910000Z,1.26
1230,20190116T005627Z,1J.TI1A.,"['CH1', 'CH2', 'CHZ']",2019-01-16T00:56:27.180000Z,2.17
1231,20190116T005644Z,1J.TI1A.,"['CH1', 'CH2', 'CHZ']",2019-01-16T00:56:44.600000Z,2.1
1232,20190116T010207Z,1J.TI1A.,"['CH1', 'CH2', 'CHZ']",2019-01-16T01:02:07.980000Z,7.48
1233,20190116T010244Z,1J.TI1A.,"['CH1', 'CH2', 'CHZ']",2019-01-16T01:02:45.810000Z,6.05
1234,20190116T010412Z,1J.TI1A.,"['CH1', 'CH2', 'CHZ']",2019-01-16T01:04:12.970000Z,14.54
1235,20190116T010536Z,1J.TI1A.,"['CH1', 'CH2', 'CHZ']",2019-01-16T01:05:36.550000Z,1.16
1236,20190116T010545Z,1J.TI1A.,"['CH1', 'CH2', 'CHZ']",2019-01-16T01:05:45.390000Z,3.14
1237,20190116T010602Z,1J.TI1A.,"['CH1', 'CH2', 'CHZ']",2019-01-16T01:06:02.720000Z,3.34
1238,20190116T010720Z,1J.TI1A.,"['CH1', 'CH2', 'CHZ']",2019-01-16T01:07:20.280000Z,9.61
1239,20190116T010754Z,1J.TI1A.,"['CH1', 'CH2', 'CHZ']",2019-01-16T01:07:54.880000Z,14.56
1240,20190116T010843Z,1J.TI1A.,"['CH1', 'CH2', 'CHZ']",2019-01-16T01:08:43.370000Z,1.0
1241,20190116T010900Z,1J.TI1A.,"['CH1', 'CH2', 'CHZ']",2019-01-16T01:09:00.950000Z,5.89
1242,20190116T010922Z,1J.TI1A.,"['CH1', 'CH2', 'CHZ']",2019-01-16T01:09:22.470000Z,4.83
1243,20190116T011004Z,1J.TI1A.,"['CH1', 'CH2', 'CHZ']",2019-01-16T01:10:04.080000Z,2.36
1244,20190116T011123Z,1J.TI1A.,"['CH1', 'CH2', 'CHZ']",2019-01-16T01:11:36.010000Z,14.71
1245,20190116T011250Z,1J.TI1A.,"['CH1', 'CH2', 'CHZ']",2019-01-16T01:12:50.670000Z,1.59
1246,20190116T011335Z,1J.TI1A.,"['CH1', 'CH2', 'CHZ']",2019-01-16T01:13:35.280000Z,1.07
1247,20190116T011408Z,1J.TI1A.,"['CH1', 'CH2', 'CHZ']",2019-01-16T01:14:09.480000Z,7.96
1248,20190116T011530Z,1J.TI1A.,"['CH1', 'CH2', 'CHZ']",2019-01-16T01:15:30.050000Z,1.85
1249,20190116T011559Z,1J.TI1A.,"['CH1', 'CH2', 'CHZ']",2019-01-16T01:15:59.920000Z,7.1
1250,20190116T011809Z,1J.TI1A.,"['CH1', 'CH2', 'CHZ']",2019-01-16T01:18:11.380000Z,14.74
1251,20190116T011934Z,1J.TI1A.,"['CH1', 'CH2', 'CHZ']",2019-01-16T01:19:34.140000Z,10.77
1252,20190116T012012Z,1J.TI1A.,"['CH1', 'CH2', 'CHZ']",2019-01-16T01:20:12.260000Z,50.08
1253,20190116T012356Z,1J.TI1A.,"['CH1', 'CH2', 'CHZ']",2019-01-16T01:23:56.970000Z,6.42
1254,20190116T012508Z,1J.TI1A.,"['CH1', 'CH2', 'CHZ']",2019-01-16T01:25:08.630000Z,7.16
1255,20190116T012545Z,1J.TI1A.,"['CH1', 'CH2', 'CHZ']",2019-01-16T01:25:45.410000Z,3.34
1256,20190116T012643Z,1J.TI1A.,"['CH1', 'CH2', 'CHZ']",2019-01-16T01:26:44.990000Z,15.17
1257,20190116T012721Z,1J.TI1A.,"['CH1', 'CH2', 'CHZ']",2019-01-16T01:27:21.790000Z,4.05
1258,20190116T012734Z,1J.TI1A.,"['CH1', 'CH2', 'CHZ']",2019-01-16T01:27:34.860000Z,6.81
1259,20190116T012802Z,1J.TI1A.,"['CH1', 'CH2', 'CHZ']",2019-01-16T01:28:06.310000Z,20.62
1260,20190116T012858Z,1J.TI1A.,"['CH1', 'CH2', 'CHZ']",2019-01-16T01:28:58.560000Z,0.9
1261,20190116T012922Z,1J.TI1A.,"['CH1', 'CH2', 'CHZ']",2019-01-16T01:29:22.150000Z,4.01
1262,20190116T013005Z,1J.TI1A.,"['CH1', 'CH2', 'CHZ']",2019-01-16T01:30:06.640000Z,1.6
1263,20190116T013052Z,1J.TI1A.,"['CH1', 'CH2', 'CHZ']",2019-01-16T01:30:52.760000Z,1.02
1264,20190116T013129Z,1J.TI1A.,"['CH1', 'CH2', 'CHZ']",2019-01-16T01:31:30.170000Z,6.25
1265,20190116T013206Z,1J.TI1A.,"['CH1', 'CH2', 'CHZ']",2019-01-16T01:32:06.840000Z,5.49
1266,20190116T013328Z,1J.TI1A.,"['CH1', 'CH2', 'CHZ']",2019-01-16T01:33:28.620000Z,4.99
1267,20190116T013400Z,1J.TI1A.,"['CH1', 'CH2', 'CHZ']",2019-01-16T01:34:06.520000Z,3.65
1268,20190116T013446Z,1J.TI1A.,"['CH1', 'CH2', 'CHZ']",2019-01-16T01:34:46.380000Z,7.24
1269,20190116T013634Z,1J.TI1A.,"['CH1', 'CH2', 'CHZ']",2019-01-16T01:36:34.810000Z,2.96
1270,20190116T013955Z,1J.TI1A.,"['CH1', 'CH2', 'CHZ']",2019-01-16T01:39:55.420000Z,33.98
1271,20190116T014045Z,1J.TI1A.,"['CH1', 'CH2', 'CHZ']",2019-01-16T01:40:47.130000Z,1.42
1272,20190116T014245Z,1J.TI1A.,"['CH1', 'CH2', 'CHZ']",2019-01-16T01:42:45.010000Z,17.25
1273,20190116T014412Z,1J.TI1A.,"['CH1', 'CH2', 'CHZ']",2019-01-16T01:44:32.840000Z,3.36
1274,20190116T014559Z,1J.TI1A.,"['CH1', 'CH2', 'CHZ']",2019-01-16T01:45:59.770000Z,9.71
1275,20190116T014655Z,1J.TI1A.,"['CH1', 'CH2', 'CHZ']",2019-01-16T01:46:55.280000Z,6.0
1276,20190116T014753Z,1J.TI1A.,"['CH1', 'CH2', 'CHZ']",2019-01-16T01:47:53.160000Z,3.31
1277,20190116T014820Z,1J.TI1A.,"['CH1', 'CH2', 'CHZ']",2019-01-16T01:48:20.260000Z,23.63
1278,20190116T014959Z,1J.TI1A.,"['CH1', 'CH2', 'CHZ']",2019-01-16T01:49:59.530000Z,1.83
1279,20190116T015030Z,1J.TI1A.,"['CH1', 'CH2', 'CHZ']",2019-01-16T01:50:30.910000Z,1.82
1280,20190116T015207Z,1J.TI1A.,"['CH1', 'CH2', 'CHZ']",2019-01-16T01:52:07.490000Z,5.86
1281,20190116T015233Z,1J.TI1A.,"['CH1', 'CH2', 'CHZ']",2019-01-16T01:52:33.310000Z,8.85
1282,20190116T015324Z,1J.TI1A.,"['CH1', 'CH2', 'CHZ']",2019-01-16T01:53:24.690000Z,1.49
1283,20190116T015353Z,1J.TI1A.,"['CH1', 'CH2', 'CHZ']",2019-01-16T01:53:53.140000Z,1.49
1284,20190116T015417Z,1J.TI1A.,"['CH1', 'CH2', 'CHZ']",2019-01-16T01:54:17.370000Z,2.62
1285,20190116T015429Z,1J.TI1A.,"['CH1', 'CH2', 'CHZ']",2019-01-16T01:54:29.770000Z,19.56
1286,20190116T015544Z,1J.TI1A.,"['CH1', 'CH2', 'CHZ']",2019-01-16T01:55:44.500000Z,11.06
1287,20190116T015710Z,1J.TI1A.,"['CH1', 'CH2', 'CHZ']",2019-01-16T01:57:10.380000Z,7.62
1288,20190116T015741Z,1J.TI1A.,"['CH1', 'CH2', 'CHZ']",2019-01-16T01:57:41.430000Z,3.34
1289,20190116T015754Z,1J.TI1A.,"['CH1', 'CH2', 'CHZ']",2019-01-16T01:57:54.320000Z,1.12
1290,20190116T015819Z,1J.TI1A.,"['CH1', 'CH2', 'CHZ']",2019-01-16T01:58:24.150000Z,4.3
1291,20190116T015911Z,1J.TI1A.,"['CH1', 'CH2', 'CHZ']",2019-01-16T01:59:11.230000Z,7.01
1292,20190116T015940Z,1J.TI1A.,"['CH1', 'CH2', 'CHZ']",2019-01-16T01:59:40.420000Z,7.42
1293,20190116T020007Z,1J.TI1A.,"['CH1', 'CH2', 'CHZ']",2019-01-16T02:00:07.830000Z,10.4
1294,20190116T020100Z,1J.TI1A.,"['CH1', 'CH2', 'CHZ']",2019-01-16T02:01:00.780000Z,7.14
1295,20190116T020225Z,1J.TI1A.,"['CH1', 'CH2', 'CHZ']",2019-01-16T02:02:25.890000Z,9.58
1296,20190116T020325Z,1J.TI1A.,"['CH1', 'CH2', 'CHZ']",2019-01-16T02:03:25.660000Z,21.36
1297,20190116T020410Z,1J.TI1A.,"['CH1', 'CH2', 'CHZ']",2019-01-16T02:04:10.650000Z,8.55
1298,20190116T020439Z,1J.TI1A.,"['CH1', 'CH2', 'CHZ']",2019-01-16T02:04:39.120000Z,1.23
1299,20190116T020456Z,1J.TI1A.,"['CH1', 'CH2', 'CHZ']",2019-01-16T02:04:56.120000Z,2.55
1300,20190116T020512Z,1J.TI1A.,"['CH1', 'CH2', 'CHZ']",2019-01-16T02:05:12.350000Z,9.75
1301,20190116T020532Z,1J.TI1A.,"['CH1', 'CH2', 'CHZ']",2019-01-16T02:05:32.210000Z,1.04
1302,20190116T020554Z,1J.TI1A.,"['CH1', 'CH2', 'CHZ']",2019-01-16T02:05:54.750000Z,8.56
1303,20190116T020714Z,1J.TI1A.,"['CH1', 'CH2', 'CHZ']",2019-01-16T02:07:14.480000Z,1.92
1304,20190116T020725Z,1J.TI1A.,"['CH1', 'CH2', 'CHZ']",2019-01-16T02:07:25.970000Z,2.42
1305,20190116T020806Z,1J.TI1A.,"['CH1', 'CH2', 'CHZ']",2019-01-16T02:08:13.640000Z,7.13
1306,20190116T020854Z,1J.TI1A.,"['CH1', 'CH2', 'CHZ']",2019-01-16T02:08:54.220000Z,5.69
1307,20190116T020914Z,1J.TI1A.,"['CH1', 'CH2', 'CHZ']",2019-01-16T02:09:14.870000Z,5.99
1308,20190116T020950Z,1J.TI1A.,"['CH1', 'CH2', 'CHZ']",2019-01-16T02:09:50.670000Z,5.82
1309,20190116T021020Z,1J.TI1A.,"['CH1', 'CH2', 'CHZ']",2019-01-16T02:10:20.360000Z,8.15
1310,20190116T021316Z,1J.TI1A.,"['CH1', 'CH2', 'CHZ']",2019-01-16T02:13:19.480000Z,20.16
1311,20190116T021408Z,1J.TI1A.,"['CH1', 'CH2', 'CHZ']",2019-01-16T02:14:08.640000Z,61.46
1312,20190116T021640Z,1J.TI1A.,"['CH1', 'CH2', 'CHZ']",2019-01-16T02:16:40.760000Z,8.17
1313,20190116T021711Z,1J.TI1A.,"['CH1', 'CH2', 'CHZ']",2019-01-16T02:17:17.770000Z,1.39
1314,20190116T021902Z,1J.TI1A.,"['CH1', 'CH2', 'CHZ']",2019-01-16T02:19:02.520000Z,3.03
1315,20190116T021953Z,1J.TI1A.,"['CH1', 'CH2', 'CHZ']",2019-01-16T02:19:53.770000Z,5.54
1316,20190116T022343Z,1J.TI1A.,"['CH1', 'CH2', 'CHZ']",2019-01-16T02:23:43.300000Z,3.35
1317,20190116T022506Z,1J.TI1A.,"['CH1', 'CH2', 'CHZ']",2019-01-16T02:25:06.590000Z,10.3
1318,20190116T022600Z,1J.TI1A.,"['CH1', 'CH2', 'CHZ']",2019-01-16T02:26:00.490000Z,4.0
1319,20190116T022611Z,1J.TI1A.,"['CH1', 'CH2', 'CHZ']",2019-01-16T02:26:11.830000Z,13.85
1320,20190116T022701Z,1J.TI1A.,"['CH1', 'CH2', 'CHZ']",2019-01-16T02:27:01.370000Z,0.77
1321,20190116T022754Z,1J.TI1A.,"['CH1', 'CH2', 'CHZ']",2019-01-16T02:27:59.950000Z,4.18
1322,20190116T022814Z,1J.TI1A.,"['CH1', 'CH2', 'CHZ']",2019-01-16T02:28:14.080000Z,47.31
1323,20190116T022919Z,1J.TI1A.,"['CH1', 'CH2', 'CHZ']",2019-01-16T02:29:19.800000Z,2.24
1324,20190116T023037Z,1J.TI1A.,"['CH1', 'CH2', 'CHZ']",2019-01-16T02:30:37.730000Z,24.17
1325,20190116T023147Z,1J.TI1A.,"['CH1', 'CH2', 'CHZ']",2019-01-16T02:31:47.830000Z,2.6
1326,20190116T023638Z,1J.TI1A.,"['CH1', 'CH2', 'CHZ']",2019-01-16T02:36:38.070000Z,3.49
1327,20190116T023721Z,1J.TI1A.,"['CH1', 'CH2', 'CHZ']",2019-01-16T02:37:21.400000Z,21.66
1328,20190116T023821Z,1J.TI1A.,"['CH1', 'CH2', 'CHZ']",2019-01-16T02:38:21.250000Z,1.78
1329,20190116T023919Z,1J.TI1A.,"['CH1', 'CH2', 'CHZ']",2019-01-16T02:39:30.880000Z,3.01
1330,20190116T024027Z,1J.TI1A.,"['CH1', 'CH2', 'CHZ']",2019-01-16T02:40:27.500000Z,4.56
1331,20190116T024436Z,1J.TI1A.,"['CH1', 'CH2', 'CHZ']",2019-01-16T02:44:36.640000Z,4.26
1332,20190116T024502Z,1J.TI1A.,"['CH1', 'CH2', 'CHZ']",2019-01-16T02:45:02.480000Z,13.98
1333,20190116T024925Z,1J.TI1A.,"['CH1', 'CH2', 'CHZ']",2019-01-16T02:49:25.110000Z,7.33
1334,20190116T025451Z,1J.TI1A.,"['CH1', 'CH2', 'CHZ']",2019-01-16T02:54:51.890000Z,21.14
1335,20190116T025657Z,1J.TI1A.,"['CH1', 'CH2', 'CHZ']",2019-01-16T02:56:57.930000Z,7.44
1336,20190116T025826Z,1J.TI1A.,"['CH1', 'CH2', 'CHZ']",2019-01-16T02:58:26.110000Z,22.27
1337,20190116T025936Z,1J.TI1A.,"['CH1', 'CH2', 'CHZ']",2019-01-16T02:59:36.300000Z,4.11
1338,20190116T030602Z,1J.TI1A.,"['CH1', 'CH2', 'CHZ']",2019-01-16T03:06:02.760000Z,5.65
1339,20190116T031138Z,1J.TI1A.,"['CH1', 'CH2', 'CHZ']",2019-01-16T03:11:39.430000Z,16.52
1340,20190116T031519Z,1J.TI1A.,"['CH1', 'CH2', 'CHZ']",2019-01-16T03:15:37.930000Z,18.56
1341,20190116T032300Z,1J.TI1A.,"['CH1', 'CH2', 'CHZ']",2019-01-16T03:23:00.030000Z,58.6
1342,20190116T033152Z,1J.TI1A.,"['CH1', 'CH2', 'CHZ']",2019-01-16T03:31:52.200000Z,15.68
1343,20190116T033301Z,1J.TI1A.,"['CH1', 'CH2', 'CHZ']",2019-01-16T03:33:01.060000Z,6.79
1344,20190116T034300Z,1J.TI1A.,"['CH1', 'CH2', 'CHZ']",2019-01-16T03:43:00.400000Z,12.73
1345,20190116T034332Z,1J.TI1A.,"['CH1', 'CH2', 'CHZ']",2019-01-16T03:43:32.740000Z,14.67
1346,20190116T035304Z,1J.TI1A.,"['CH1', 'CH2', 'CHZ']",2019-01-16T03:53:04.000000Z,5.58
1347,20190116T035621Z,1J.TI1A.,"['CH1', 'CH2', 'CHZ']",2019-01-16T03:56:21.300000Z,16.73
1348,20190116T040315Z,1J.TI1A.,"['CH1', 'CH2', 'CHZ']",2019-01-16T04:03:16.910000Z,10.07
1349,20190116T041556Z,1J.TI1A.,"['CH1', 'CH2', 'CHZ']",2019-01-16T04:16:00.780000Z,18.74
1350,20190116T042003Z,1J.TI1A.,"['CH1', 'CH2', 'CHZ']",2019-01-16T04:20:03.710000Z,6.11
1351,20190116T042427Z,1J.TI1A.,"['CH1', 'CH2', 'CHZ']",2019-01-16T04:24:27.680000Z,2.53
1352,20190116T043033Z,1J.TI1A.,"['CH1', 'CH2', 'CHZ']",2019-01-16T04:30:33.260000Z,31.62
1353,20190116T043411Z,1J.TI1A.,"['CH1', 'CH2', 'CHZ']",2019-01-16T04:34:11.500000Z,9.26
1354,20190116T043714Z,1J.TI1A.,"['CH1', 'CH2', 'CHZ']",2019-01-16T04:37:14.860000Z,20.01
1355,20190116T043921Z,1J.TI1A.,"['CH1', 'CH2', 'CHZ']",2019-01-16T04:39:21.840000Z,50.69
1356,20190116T044527Z,1J.TI1A.,"['CH1', 'CH2', 'CHZ']",2019-01-16T04:45:27.380000Z,3.27
1357,20190116T050511Z,1J.TI1A.,"['CH1', 'CH2', 'CHZ']",2019-01-16T05:05:14.600000Z,33.6
1358,20190116T051116Z,1J.TI1A.,"['CH1', 'CH2', 'CHZ']",2019-01-16T05:11:16.390000Z,56.02
1359,20190116T051340Z,1J.TI1A.,"['CH1', 'CH2', 'CHZ']",2019-01-16T05:13:40.600000Z,1.04
1360,20190116T051424Z,1J.TI1A.,"['CH1', 'CH2', 'CHZ']",2019-01-16T05:14:24.950000Z,5.25
1361,20190116T051953Z,1J.TI1A.,"['CH1', 'CH2', 'CHZ']",2019-01-16T05:19:53.630000Z,12.05
1362,20190116T052223Z,1J.TI1A.,"['CH1', 'CH2', 'CHZ']",2019-01-16T05:22:34.080000Z,6.67
1363,20190116T052715Z,1J.TI1A.,"['CH1', 'CH2', 'CHZ']",2019-01-16T05:27:15.300000Z,20.03
1364,20190116T053647Z,1J.TI1A.,"['CH1', 'CH2', 'CHZ']",2019-01-16T05:36:47.540000Z,21.17
1365,20190116T054514Z,1J.TI1A.,"['CH1', 'CH2', 'CHZ']",2019-01-16T05:45:14.120000Z,52.52
1366,20190116T055032Z,1J.TI1A.,"['CH1', 'CH2', 'CHZ']",2019-01-16T05:50:32.430000Z,57.87
1367,20190116T055243Z,1J.TI1A.,"['CH1', 'CH2', 'CHZ']",2019-01-16T05:52:43.290000Z,4.39
1368,20190116T055602Z,1J.TI1A.,"['CH1', 'CH2', 'CHZ']",2019-01-16T05:56:02.880000Z,6.14
1369,20190116T055638Z,1J.TI1A.,"['CH1', 'CH2', 'CHZ']",2019-01-16T05:56:38.980000Z,49.39
1370,20190116T061211Z,1J.TI1A.,"['CH1', 'CH2', 'CHZ']",2019-01-16T06:12:11.010000Z,5.08
1371,20190116T061614Z,1J.TI1A.,"['CH1', 'CH2', 'CHZ']",2019-01-16T06:16:14.440000Z,34.37
1372,20190116T062005Z,1J.TI1A.,"['CH1', 'CH2', 'CHZ']",2019-01-16T06:20:05.720000Z,5.37
1373,20190116T062214Z,1J.TI1A.,"['CH1', 'CH2', 'CHZ']",2019-01-16T06:22:14.920000Z,3.98
1374,20190116T063151Z,1J.TI1A.,"['CH1', 'CH2', 'CHZ']",2019-01-16T06:31:51.580000Z,31.89
1375,20190116T063654Z,1J.TI1A.,"['CH1', 'CH2', 'CHZ']",2019-01-16T06:36:54.160000Z,4.1
1376,20190116T063703Z,1J.TI1A.,"['CH1', 'CH2', 'CHZ']",2019-01-16T06:37:03.280000Z,8.86
1377,20190116T063826Z,1J.TI1A.,"['CH1', 'CH2', 'CHZ']",2019-01-16T06:38:26.240000Z,4.38
1378,20190116T064234Z,1J.TI1A.,"['CH1', 'CH2', 'CHZ']",2019-01-16T06:42:40.870000Z,9.6
1379,20190116T064627Z,1J.TI1A.,"['CH1', 'CH2', 'CHZ']",2019-01-16T06:46:27.520000Z,15.27
1380,20190116T064847Z,1J.TI1A.,"['CH1', 'CH2', 'CHZ']",2019-01-16T06:48:48.900000Z,8.19
1381,20190116T065353Z,1J.TI1A.,"['CH1', 'CH2', 'CHZ']",2019-01-16T06:53:53.080000Z,14.77
1382,20190116T065618Z,1J.TI1A.,"['CH1', 'CH2', 'CHZ']",2019-01-16T06:56:18.710000Z,30.36
1383,20190116T070417Z,1J.TI1A.,"['CH1', 'CH2', 'CHZ']",2019-01-16T07:04:17.200000Z,6.86
1384,20190116T070435Z,1J.TI1A.,"['CH1', 'CH2', 'CHZ']",2019-01-16T07:04:35.030000Z,10.61
1385,20190116T070723Z,1J.TI1A.,"['CH1', 'CH2', 'CHZ']",2019-01-16T07:07:23.650000Z,7.99
1386,20190116T070738Z,1J.TI1A.,"['CH1', 'CH2', 'CHZ']",2019-01-16T07:07:38.640000Z,35.45
1387,20190116T070857Z,1J.TI1A.,"['CH1', 'CH2', 'CHZ']",2019-01-16T07:08:57.940000Z,1.34
1388,20190116T071106Z,1J.TI1A.,"['CH1', 'CH2', 'CHZ']",2019-01-16T07:11:06.030000Z,4.17
1389,20190116T071354Z,1J.TI1A.,"['CH1', 'CH2', 'CHZ']",2019-01-16T07:13:54.020000Z,94.91
1390,20190116T071825Z,1J.TI1A.,"['CH1', 'CH2', 'CHZ']",2019-01-16T07:18:30.260000Z,3.74
1391,20190116T072118Z,1J.TI1A.,"['CH1', 'CH2', 'CHZ']",2019-01-16T07:21:19.530000Z,5.28
1392,20190116T072202Z,1J.TI1A.,"['CH1', 'CH2', 'CHZ']",2019-01-16T07:22:02.510000Z,8.4
1393,20190116T072216Z,1J.TI1A.,"['CH1', 'CH2', 'CHZ']",2019-01-16T07:22:16.410000Z,19.36
1394,20190116T072255Z,1J.TI1A.,"['CH1', 'CH2', 'CHZ']",2019-01-16T07:22:55.950000Z,26.25
1395,20190116T072530Z,1J.TI1A.,"['CH1', 'CH2', 'CHZ']",2019-01-16T07:25:30.340000Z,3.17
1396,20190116T073157Z,1J.TI1A.,"['CH1', 'CH2', 'CHZ']",2019-01-16T07:31:57.620000Z,13.26
1397,20190116T073234Z,1J.TI1A.,"['CH1', 'CH2', 'CHZ']",2019-01-16T07:32:34.220000Z,4.39
1398,20190116T073929Z,1J.TI1A.,"['CH1', 'CH2', 'CHZ']",2019-01-16T07:39:29.720000Z,4.94
1399,20190116T073941Z,1J.TI1A.,"['CH1', 'CH2', 'CHZ']",2019-01-16T07:39:41.660000Z,17.97
1400,20190116T074648Z,1J.TI1A.,"['CH1', 'CH2', 'CHZ']",2019-01-16T07:46:51.680000Z,18.53
1401,20190116T075028Z,1J.TI1A.,"['CH1', 'CH2', 'CHZ']",2019-01-16T07:50:28.980000Z,7.93
1402,20190116T081440Z,1J.TI1A.,"['CH1', 'CH2', 'CHZ']",2019-01-16T08:14:47.060000Z,13.4
1403,20190116T082049Z,1J.TI1A.,"['CH1', 'CH2', 'CHZ']",2019-01-16T08:20:50.640000Z,8.48
1404,20190116T082506Z,1J.TI1A.,"['CH1', 'CH2', 'CHZ']",2019-01-16T08:25:06.080000Z,22.28
1405,20190116T083408Z,1J.TI1A.,"['CH1', 'CH2', 'CHZ']",2019-01-16T08:34:08.490000Z,6.31
1406,20190116T083919Z,1J.TI1A.,"['CH1', 'CH2', 'CHZ']",2019-01-16T08:39:20.170000Z,10.44
1407,20190116T084429Z,1J.TI1A.,"['CH1', 'CH2', 'CHZ']",2019-01-16T08:44:29.170000Z,8.68
1408,20190116T085039Z,1J.TI1A.,"['CH1', 'CH2', 'CHZ']",2019-01-16T08:50:39.920000Z,10.76
1409,20190116T085123Z,1J.TI1A.,"['CH1', 'CH2', 'CHZ']",2019-01-16T08:51:23.830000Z,28.29
1410,20190116T085304Z,1J.TI1A.,"['CH1', 'CH2', 'CHZ']",2019-01-16T08:53:04.280000Z,31.32
1411,20190116T085745Z,1J.TI1A.,"['CH1', 'CH2', 'CHZ']",2019-01-16T08:57:45.570000Z,18.67
1412,20190116T085858Z,1J.TI1A.,"['CH1', 'CH2', 'CHZ']",2019-01-16T08:58:58.620000Z,3.61
1413,20190116T090138Z,1J.TI1A.,"['CH1', 'CH2', 'CHZ']",2019-01-16T09:01:57.610000Z,18.87
1414,20190116T090616Z,1J.TI1A.,"['CH1', 'CH2', 'CHZ']",2019-01-16T09:06:16.470000Z,5.8
1415,20190116T090841Z,1J.TI1A.,"['CH1', 'CH2', 'CHZ']",2019-01-16T09:08:41.000000Z,4.71
1416,20190116T091025Z,1J.TI1A.,"['CH1', 'CH2', 'CHZ']",2019-01-16T09:10:25.490000Z,50.4
1417,20190116T091219Z,1J.TI1A.,"['CH1', 'CH2', 'CHZ']",2019-01-16T09:12:19.350000Z,2.73
1418,20190116T091553Z,1J.TI1A.,"['CH1', 'CH2', 'CHZ']",2019-01-16T09:15:53.420000Z,11.66
1419,20190116T091814Z,1J.TI1A.,"['CH1', 'CH2', 'CHZ']",2019-01-16T09:18:14.990000Z,5.37
1420,20190116T091936Z,1J.TI1A.,"['CH1', 'CH2', 'CHZ']",2019-01-16T09:19:36.670000Z,38.45
1421,20190116T092032Z,1J.TI1A.,"['CH1', 'CH2', 'CHZ']",2019-01-16T09:20:32.260000Z,23.68
1422,20190116T092114Z,1J.TI1A.,"['CH1', 'CH2', 'CHZ']",2019-01-16T09:21:14.280000Z,16.63
1423,20190116T092210Z,1J.TI1A.,"['CH1', 'CH2', 'CHZ']",2019-01-16T09:22:10.770000Z,21.74
1424,20190116T092557Z,1J.TI1A.,"['CH1', 'CH2', 'CHZ']",2019-01-16T09:25:58.020000Z,1.85
1425,20190116T093002Z,1J.TI1A.,"['CH1', 'CH2', 'CHZ']",2019-01-16T09:30:04.350000Z,42.73
1426,20190116T093123Z,1J.TI1A.,"['CH1', 'CH2', 'CHZ']",2019-01-16T09:31:23.240000Z,1.17
1427,20190116T093401Z,1J.TI1A.,"['CH1', 'CH2', 'CHZ']",2019-01-16T09:34:01.910000Z,49.01
1428,20190116T093627Z,1J.TI1A.,"['CH1', 'CH2', 'CHZ']",2019-01-16T09:36:30.540000Z,14.26
1429,20190116T093924Z,1J.TI1A.,"['CH1', 'CH2', 'CHZ']",2019-01-16T09:39:27.550000Z,4.8
1430,20190116T094133Z,1J.TI1A.,"['CH1', 'CH2', 'CHZ']",2019-01-16T09:41:33.160000Z,20.44
1431,20190116T094324Z,1J.TI1A.,"['CH1', 'CH2', 'CHZ']",2019-01-16T09:43:24.210000Z,5.35
1432,20190116T095545Z,1J.TI1A.,"['CH1', 'CH2', 'CHZ']",2019-01-16T09:55:45.830000Z,20.04
1433,20190116T100035Z,1J.TI1A.,"['CH1', 'CH2', 'CHZ']",2019-01-16T10:00:43.620000Z,17.7
1434,20190116T100958Z,1J.TI1A.,"['CH1', 'CH2', 'CHZ']",2019-01-16T10:10:06.390000Z,11.13
1435,20190116T101926Z,1J.TI1A.,"['CH1', 'CH2', 'CHZ']",2019-01-16T10:19:34.640000Z,51.21
1436,20190116T102232Z,1J.TI1A.,"['CH1', 'CH2', 'CHZ']",2019-01-16T10:22:32.340000Z,2.84
1437,20190116T102737Z,1J.TI1A.,"['CH1', 'CH2', 'CHZ']",2019-01-16T10:27:37.940000Z,5.48
1438,20190116T103322Z,1J.TI1A.,"['CH1', 'CH2', 'CHZ']",2019-01-16T10:33:23.930000Z,18.83
1439,20190116T104057Z,1J.TI1A.,"['CH1', 'CH2', 'CHZ']",2019-01-16T10:41:03.650000Z,14.74
1440,20190116T105013Z,1J.TI1A.,"['CH1', 'CH2', 'CHZ']",2019-01-16T10:50:13.200000Z,6.45
1441,20190116T105549Z,1J.TI1A.,"['CH1', 'CH2', 'CHZ']",2019-01-16T10:55:49.900000Z,30.4
1442,20190116T110122Z,1J.TI1A.,"['CH1', 'CH2', 'CHZ']",2019-01-16T11:01:22.350000Z,2.9
1443,20190116T110151Z,1J.TI1A.,"['CH1', 'CH2', 'CHZ']",2019-01-16T11:01:51.790000Z,1.34
1444,20190116T110208Z,1J.TI1A.,"['CH1', 'CH2', 'CHZ']",2019-01-16T11:02:09.290000Z,1.05
1445,20190116T110328Z,1J.TI1A.,"['CH1', 'CH2', 'CHZ']",2019-01-16T11:03:28.990000Z,18.86
1446,20190116T110504Z,1J.TI1A.,"['CH1', 'CH2', 'CHZ']",2019-01-16T11:05:13.360000Z,4.32
1447,20190116T111526Z,1J.TI1A.,"['CH1', 'CH2', 'CHZ']",2019-01-16T11:15:26.820000Z,1.41
1448,20190116T111540Z,1J.TI1A.,"['CH1', 'CH2', 'CHZ']",2019-01-16T11:15:41.780000Z,12.19
1449,20190116T111604Z,1J.TI1A.,"['CH1', 'CH2', 'CHZ']",2019-01-16T11:16:07.040000Z,11.58
1450,20190116T111859Z,1J.TI1A.,"['CH1', 'CH2', 'CHZ']",2019-01-16T11:19:02.050000Z,52.02
1451,20190116T112320Z,1J.TI1A.,"['CH1', 'CH2', 'CHZ']",2019-01-16T11:23:20.070000Z,5.67
1452,20190116T113026Z,1J.TI1A.,"['CH1', 'CH2', 'CHZ']",2019-01-16T11:30:27.240000Z,25.51
1453,20190116T113838Z,1J.TI1A.,"['CH1', 'CH2', 'CHZ']",2019-01-16T11:38:43.510000Z,17.55
1454,20190116T114406Z,1J.TI1A.,"['CH1', 'CH2', 'CHZ']",2019-01-16T11:44:06.900000Z,16.49
1455,20190116T115050Z,1J.TI1A.,"['CH1', 'CH2', 'CHZ']",2019-01-16T11:50:53.290000Z,7.6
1456,20190116T115351Z,1J.TI1A.,"['CH1', 'CH2', 'CHZ']",2019-01-16T11:53:51.900000Z,32.56
1457,20190116T115841Z,1J.TI1A.,"['CH1', 'CH2', 'CHZ']",2019-01-16T11:58:41.010000Z,6.63
1458,20190116T120035Z,1J.TI1A.,"['CH1', 'CH2', 'CHZ']",2019-01-16T12:00:51.130000Z,14.38
1459,20190116T120413Z,1J.TI1A.,"['CH1', 'CH2', 'CHZ']",2019-01-16T12:04:13.100000Z,3.09
1460,20190116T120718Z,1J.TI1A.,"['CH1', 'CH2', 'CHZ']",2019-01-16T12:07:21.620000Z,7.46
1461,20190116T121406Z,1J.TI1A.,"['CH1', 'CH2', 'CHZ']",2019-01-16T12:14:15.170000Z,8.71
1462,20190116T121801Z,1J.TI1A.,"['CH1', 'CH2', 'CHZ']",2019-01-16T12:18:01.060000Z,9.77
1463,20190116T121943Z,1J.TI1A.,"['CH1', 'CH2', 'CHZ']",2019-01-16T12:19:45.770000Z,42.52
1464,20190116T123134Z,1J.TI1A.,"['CH1', 'CH2', 'CHZ']",2019-01-16T12:31:55.950000Z,9.96
1465,20190116T123436Z,1J.TI1A.,"['CH1', 'CH2', 'CHZ']",2019-01-16T12:34:40.380000Z,11.31
1466,20190116T123858Z,1J.TI1A.,"['CH1', 'CH2', 'CHZ']",2019-01-16T12:38:58.660000Z,18.04
1467,20190116T124436Z,1J.TI1A.,"['CH1', 'CH2', 'CHZ']",2019-01-16T12:44:37.760000Z,4.66
1468,20190116T124753Z,1J.TI1A.,"['CH1', 'CH2', 'CHZ']",2019-01-16T12:47:53.900000Z,18.1
1469,20190116T125410Z,1J.TI1A.,"['CH1', 'CH2', 'CHZ']",2019-01-16T12:54:10.930000Z,5.78
1470,20190116T125631Z,1J.TI1A.,"['CH1', 'CH2', 'CHZ']",2019-01-16T12:56:31.870000Z,4.83
1471,20190116T130844Z,1J.TI1A.,"['CH1', 'CH2', 'CHZ']",2019-01-16T13:08:44.270000Z,8.81
1472,20190116T131420Z,1J.TI1A.,"['CH1', 'CH2', 'CHZ']",2019-01-16T13:14:20.760000Z,19.02
1473,20190116T132149Z,1J.TI1A.,"['CH1', 'CH2', 'CHZ']",2019-01-16T13:21:49.200000Z,5.12
1474,20190116T132354Z,1J.TI1A.,"['CH1', 'CH2', 'CHZ']",2019-01-16T13:23:54.390000Z,6.88
1475,20190116T133302Z,1J.TI1A.,"['CH1', 'CH2', 'CHZ']",2019-01-16T13:33:02.870000Z,20.25
1476,20190116T133504Z,1J.TI1A.,"['CH1', 'CH2', 'CHZ']",2019-01-16T13:35:07.030000Z,57.48
1477,20190116T133700Z,1J.TI1A.,"['CH1', 'CH2', 'CHZ']",2019-01-16T13:37:00.790000Z,11.1
1478,20190116T134255Z,1J.TI1A.,"['CH1', 'CH2', 'CHZ']",2019-01-16T13:42:57.240000Z,4.44
1479,20190116T135135Z,1J.TI1A.,"['CH1', 'CH2', 'CHZ']",2019-01-16T13:51:37.580000Z,32.81
1480,20190116T135228Z,1J.TI1A.,"['CH1', 'CH2', 'CHZ']",2019-01-16T13:52:47.380000Z,1.6
1481,20190116T135823Z,1J.TI1A.,"['CH1', 'CH2', 'CHZ']",2019-01-16T13:58:24.370000Z,8.91
1482,20190116T140101Z,1J.TI1A.,"['CH1', 'CH2', 'CHZ']",2019-01-16T14:01:02.730000Z,51.01
1483,20190116T141040Z,1J.TI1A.,"['CH1', 'CH2', 'CHZ']",2019-01-16T14:10:40.200000Z,3.16
1484,20190116T141150Z,1J.TI1A.,"['CH1', 'CH2', 'CHZ']",2019-01-16T14:11:50.830000Z,1.63
1485,20190116T141506Z,1J.TI1A.,"['CH1', 'CH2', 'CHZ']",2019-01-16T14:15:06.230000Z,7.95
1486,20190116T141535Z,1J.TI1A.,"['CH1', 'CH2', 'CHZ']",2019-01-16T14:15:35.860000Z,20.25
1487,20190116T142142Z,1J.TI1A.,"['CH1', 'CH2', 'CHZ']",2019-01-16T14:21:44.010000Z,20.78
1488,20190116T143104Z,1J.TI1A.,"['CH1', 'CH2', 'CHZ']",2019-01-16T14:31:04.870000Z,4.11
1489,20190116T143221Z,1J.TI1A.,"['CH1', 'CH2', 'CHZ']",2019-01-16T14:32:21.970000Z,56.66
1490,20190116T143418Z,1J.TI1A.,"['CH1', 'CH2', 'CHZ']",2019-01-16T14:34:18.470000Z,5.7
1491,20190116T143848Z,1J.TI1A.,"['CH1', 'CH2', 'CHZ']",2019-01-16T14:38:48.020000Z,5.78
1492,20190116T145048Z,1J.TI1A.,"['CH1', 'CH2', 'CHZ']",2019-01-16T14:50:48.690000Z,9.1
1493,20190116T145116Z,1J.TI1A.,"['CH1', 'CH2', 'CHZ']",2019-01-16T14:51:16.310000Z,17.86
1494,20190116T150114Z,1J.TI1A.,"['CH1', 'CH2', 'CHZ']",2019-01-16T15:01:17.030000Z,19.14
1495,20190116T150854Z,1J.TI1A.,"['CH1', 'CH2', 'CHZ']",2019-01-16T15:08:54.990000Z,36.39
1496,20190116T151415Z,1J.TI1A.,"['CH1', 'CH2', 'CHZ']",2019-01-16T15:14:16.930000Z,37.56
1497,20190116T151529Z,1J.TI1A.,"['CH1', 'CH2', 'CHZ']",2019-01-16T15:15:29.330000Z,3.04
1498,20190116T151609Z,1J.TI1A.,"['CH1', 'CH2', 'CHZ']",2019-01-16T15:16:09.340000Z,2.55
1499,20190116T151829Z,1J.TI1A.,"['CH1', 'CH2', 'CHZ']",2019-01-16T15:18:34.820000Z,19.28
1500,20190116T152228Z,1J.TI1A.,"['CH1', 'CH2', 'CHZ']",2019-01-16T15:22:28.460000Z,2.22
1501,20190116T152249Z,1J.TI1A.,"['CH1', 'CH2', 'CHZ']",2019-01-16T15:22:52.620000Z,54.88
1502,20190116T152449Z,1J.TI1A.,"['CH1', 'CH2', 'CHZ']",2019-01-16T15:24:50.420000Z,27.01
1503,20190116T152556Z,1J.TI1A.,"['CH1', 'CH2', 'CHZ']",2019-01-16T15:25:56.340000Z,17.28
1504,20190116T152830Z,1J.TI1A.,"['CH1', 'CH2', 'CHZ']",2019-01-16T15:28:30.360000Z,3.04
1505,20190116T152846Z,1J.TI1A.,"['CH1', 'CH2', 'CHZ']",2019-01-16T15:28:49.090000Z,17.11
1506,20190116T153050Z,1J.TI1A.,"['CH1', 'CH2', 'CHZ']",2019-01-16T15:30:53.110000Z,23.0
1507,20190116T153424Z,1J.TI1A.,"['CH1', 'CH2', 'CHZ']",2019-01-16T15:34:24.680000Z,5.49
1508,20190116T153624Z,1J.TI1A.,"['CH1', 'CH2', 'CHZ']",2019-01-16T15:36:28.280000Z,8.29
1509,20190116T153656Z,1J.TI1A.,"['CH1', 'CH2', 'CHZ']",2019-01-16T15:36:56.790000Z,1.58
1510,20190116T153911Z,1J.TI1A.,"['CH1', 'CH2', 'CHZ']",2019-01-16T15:39:13.910000Z,1.08
1511,20190116T154638Z,1J.TI1A.,"['CH1', 'CH2', 'CHZ']",2019-01-16T15:46:42.200000Z,50.63
1512,20190116T155043Z,1J.TI1A.,"['CH1', 'CH2', 'CHZ']",2019-01-16T15:50:43.240000Z,8.59
1513,20190116T155232Z,1J.TI1A.,"['CH1', 'CH2', 'CHZ']",2019-01-16T15:52:32.910000Z,1.19
1514,20190116T155431Z,1J.TI1A.,"['CH1', 'CH2', 'CHZ']",2019-01-16T15:54:31.360000Z,34.32
1515,20190116T155532Z,1J.TI1A.,"['CH1', 'CH2', 'CHZ']",2019-01-16T15:55:32.440000Z,17.88
1516,20190116T155601Z,1J.TI1A.,"['CH1', 'CH2', 'CHZ']",2019-01-16T15:56:01.580000Z,0.93
1517,20190116T155629Z,1J.TI1A.,"['CH1', 'CH2', 'CHZ']",2019-01-16T15:56:29.730000Z,23.24
1518,20190116T160009Z,1J.TI1A.,"['CH1', 'CH2', 'CHZ']",2019-01-16T16:00:12.490000Z,1.99
1519,20190116T160125Z,1J.TI1A.,"['CH1', 'CH2', 'CHZ']",2019-01-16T16:01:25.400000Z,3.21
1520,20190116T160307Z,1J.TI1A.,"['CH1', 'CH2', 'CHZ']",2019-01-16T16:03:07.110000Z,0.97
1521,20190116T160328Z,1J.TI1A.,"['CH1', 'CH2', 'CHZ']",2019-01-16T16:03:38.020000Z,1.97
1522,20190116T160419Z,1J.TI1A.,"['CH1', 'CH2', 'CHZ']",2019-01-16T16:04:19.600000Z,3.82
1523,20190116T160447Z,1J.TI1A.,"['CH1', 'CH2', 'CHZ']",2019-01-16T16:04:47.670000Z,1.04
1524,20190116T160528Z,1J.TI1A.,"['CH1', 'CH2', 'CHZ']",2019-01-16T16:05:29.060000Z,1.78
1525,20190116T160634Z,1J.TI1A.,"['CH1', 'CH2', 'CHZ']",2019-01-16T16:06:34.930000Z,2.8
1526,20190116T160707Z,1J.TI1A.,"['CH1', 'CH2', 'CHZ']",2019-01-16T16:07:07.430000Z,1.29
1527,20190116T160728Z,1J.TI1A.,"['CH1', 'CH2', 'CHZ']",2019-01-16T16:07:28.020000Z,0.93
1528,20190116T160810Z,1J.TI1A.,"['CH1', 'CH2', 'CHZ']",2019-01-16T16:08:13.100000Z,1.68
1529,20190116T160846Z,1J.TI1A.,"['CH1', 'CH2', 'CHZ']",2019-01-16T16:08:47.320000Z,3.12
1530,20190116T160938Z,1J.TI1A.,"['CH1', 'CH2', 'CHZ']",2019-01-16T16:09:49.810000Z,17.81
1531,20190116T161050Z,1J.TI1A.,"['CH1', 'CH2', 'CHZ']",2019-01-16T16:10:50.070000Z,2.65
1532,20190116T161311Z,1J.TI1A.,"['CH1', 'CH2', 'CHZ']",2019-01-16T16:13:11.830000Z,1.11
1533,20190116T161429Z,1J.TI1A.,"['CH1', 'CH2', 'CHZ']",2019-01-16T16:14:29.380000Z,1.47
1534,20190116T161457Z,1J.TI1A.,"['CH1', 'CH2', 'CHZ']",2019-01-16T16:14:57.260000Z,1.33
1535,20190116T161539Z,1J.TI1A.,"['CH1', 'CH2', 'CHZ']",2019-01-16T16:15:39.430000Z,1.5
1536,20190116T161816Z,1J.TI1A.,"['CH1', 'CH2', 'CHZ']",2019-01-16T16:18:16.030000Z,9.69
1537,20190116T161839Z,1J.TI1A.,"['CH1', 'CH2', 'CHZ']",2019-01-16T16:18:39.810000Z,6.57
1538,20190116T162513Z,1J.TI1A.,"['CH1', 'CH2', 'CHZ']",2019-01-16T16:25:28.810000Z,1.26
1539,20190116T162712Z,1J.TI1A.,"['CH1', 'CH2', 'CHZ']",2019-01-16T16:27:12.180000Z,29.94
1540,20190116T162859Z,1J.TI1A.,"['CH1', 'CH2', 'CHZ']",2019-01-16T16:29:07.780000Z,6.09
1541,20190116T163428Z,1J.TI1A.,"['CH1', 'CH2', 'CHZ']",2019-01-16T16:34:28.230000Z,1.44
1542,20190116T163444Z,1J.TI1A.,"['CH1', 'CH2', 'CHZ']",2019-01-16T16:34:44.910000Z,7.49
1543,20190116T163858Z,1J.TI1A.,"['CH1', 'CH2', 'CHZ']",2019-01-16T16:38:58.320000Z,3.06
1544,20190116T163923Z,1J.TI1A.,"['CH1', 'CH2', 'CHZ']",2019-01-16T16:39:23.110000Z,4.87
1545,20190116T163958Z,1J.TI1A.,"['CH1', 'CH2', 'CHZ']",2019-01-16T16:39:58.850000Z,3.42
1546,20190116T164053Z,1J.TI1A.,"['CH1', 'CH2', 'CHZ']",2019-01-16T16:40:53.140000Z,1.17
1547,20190116T164146Z,1J.TI1A.,"['CH1', 'CH2', 'CHZ']",2019-01-16T16:41:46.540000Z,2.31
1548,20190116T164227Z,1J.TI1A.,"['CH1', 'CH2', 'CHZ']",2019-01-16T16:42:27.020000Z,16.08
1549,20190116T164259Z,1J.TI1A.,"['CH1', 'CH2', 'CHZ']",2019-01-16T16:43:02.730000Z,33.04
1550,20190116T164426Z,1J.TI1A.,"['CH1', 'CH2', 'CHZ']",2019-01-16T16:44:26.000000Z,1.03
1551,20190116T164520Z,1J.TI1A.,"['CH1', 'CH2', 'CHZ']",2019-01-16T16:45:20.360000Z,0.7
1552,20190116T164723Z,1J.TI1A.,"['CH1', 'CH2', 'CHZ']",2019-01-16T16:47:23.910000Z,4.57
1553,20190116T164914Z,1J.TI1A.,"['CH1', 'CH2', 'CHZ']",2019-01-16T16:49:14.670000Z,10.32
1554,20190116T171058Z,1J.TI1A.,"['CH1', 'CH2', 'CHZ']",2019-01-16T17:10:58.770000Z,4.18
1555,20190116T171448Z,1J.TI1A.,"['CH1', 'CH2', 'CHZ']",2019-01-16T17:14:48.630000Z,1.4
1556,20190116T171651Z,1J.TI1A.,"['CH1', 'CH2', 'CHZ']",2019-01-16T17:16:51.930000Z,2.92
1557,20190116T171750Z,1J.TI1A.,"['CH1', 'CH2', 'CHZ']",2019-01-16T17:17:50.650000Z,1.66
1558,20190116T171835Z,1J.TI1A.,"['CH1', 'CH2', 'CHZ']",2019-01-16T17:18:35.390000Z,13.35
1559,20190116T171859Z,1J.TI1A.,"['CH1', 'CH2', 'CHZ']",2019-01-16T17:18:59.650000Z,3.02
1560,20190116T171934Z,1J.TI1A.,"['CH1', 'CH2', 'CHZ']",2019-01-16T17:19:34.820000Z,1.42
1561,20190116T171952Z,1J.TI1A.,"['CH1', 'CH2', 'CHZ']",2019-01-16T17:19:52.570000Z,1.83
1562,20190116T172021Z,1J.TI1A.,"['CH1', 'CH2', 'CHZ']",2019-01-16T17:20:21.290000Z,0.84
1563,20190116T172032Z,1J.TI1A.,"['CH1', 'CH2', 'CHZ']",2019-01-16T17:20:32.630000Z,1.34
1564,20190116T172156Z,1J.TI1A.,"['CH1', 'CH2', 'CHZ']",2019-01-16T17:21:56.500000Z,3.41
1565,20190116T172240Z,1J.TI1A.,"['CH1', 'CH2', 'CHZ']",2019-01-16T17:22:53.330000Z,4.8
1566,20190116T172412Z,1J.TI1A.,"['CH1', 'CH2', 'CHZ']",2019-01-16T17:24:12.270000Z,13.96
1567,20190116T172532Z,1J.TI1A.,"['CH1', 'CH2', 'CHZ']",2019-01-16T17:25:32.740000Z,1.14
1568,20190116T172652Z,1J.TI1A.,"['CH1', 'CH2', 'CHZ']",2019-01-16T17:26:52.790000Z,2.24
1569,20190116T172725Z,1J.TI1A.,"['CH1', 'CH2', 'CHZ']",2019-01-16T17:27:25.720000Z,2.04
1570,20190116T172743Z,1J.TI1A.,"['CH1', 'CH2', 'CHZ']",2019-01-16T17:27:43.210000Z,1.96
1571,20190116T172804Z,1J.TI1A.,"['CH1', 'CH2', 'CHZ']",2019-01-16T17:28:04.170000Z,11.38
1572,20190116T172855Z,1J.TI1A.,"['CH1', 'CH2', 'CHZ']",2019-01-16T17:28:56.340000Z,13.77
1573,20190116T172948Z,1J.TI1A.,"['CH1', 'CH2', 'CHZ']",2019-01-16T17:29:48.540000Z,3.66
1574,20190116T173050Z,1J.TI1A.,"['CH1', 'CH2', 'CHZ']",2019-01-16T17:30:50.930000Z,2.13
1575,20190116T173100Z,1J.TI1A.,"['CH1', 'CH2', 'CHZ']",2019-01-16T17:31:00.510000Z,10.95
1576,20190116T173315Z,1J.TI1A.,"['CH1', 'CH2', 'CHZ']",2019-01-16T17:33:15.020000Z,1.18
1577,20190116T173437Z,1J.TI1A.,"['CH1', 'CH2', 'CHZ']",2019-01-16T17:34:37.910000Z,1.69
1578,20190116T173445Z,1J.TI1A.,"['CH1', 'CH2', 'CHZ']",2019-01-16T17:34:45.820000Z,2.53
1579,20190116T173620Z,1J.TI1A.,"['CH1', 'CH2', 'CHZ']",2019-01-16T17:36:20.760000Z,2.18
1580,20190116T173850Z,1J.TI1A.,"['CH1', 'CH2', 'CHZ']",2019-01-16T17:38:50.670000Z,30.16
1581,20190116T173952Z,1J.TI1A.,"['CH1', 'CH2', 'CHZ']",2019-01-16T17:39:52.780000Z,1.17
1582,20190116T174003Z,1J.TI1A.,"['CH1', 'CH2', 'CHZ']",2019-01-16T17:40:03.710000Z,2.66
1583,20190116T174037Z,1J.TI1A.,"['CH1', 'CH2', 'CHZ']",2019-01-16T17:40:37.140000Z,1.97
1584,20190116T174100Z,1J.TI1A.,"['CH1', 'CH2', 'CHZ']",2019-01-16T17:41:00.340000Z,2.29
1585,20190116T174115Z,1J.TI1A.,"['CH1', 'CH2', 'CHZ']",2019-01-16T17:41:15.210000Z,28.76
1586,20190116T174241Z,1J.TI1A.,"['CH1', 'CH2', 'CHZ']",2019-01-16T17:42:41.510000Z,30.05
1587,20190116T174422Z,1J.TI1A.,"['CH1', 'CH2', 'CHZ']",2019-01-16T17:44:22.460000Z,1.66
1588,20190116T174452Z,1J.TI1A.,"['CH1', 'CH2', 'CHZ']",2019-01-16T17:44:52.100000Z,2.62
1589,20190116T174605Z,1J.TI1A.,"['CH1', 'CH2', 'CHZ']",2019-01-16T17:46:06.250000Z,4.05
1590,20190116T174627Z,1J.TI1A.,"['CH1', 'CH2', 'CHZ']",2019-01-16T17:46:27.860000Z,3.01
1591,20190116T174635Z,1J.TI1A.,"['CH1', 'CH2', 'CHZ']",2019-01-16T17:47:10.320000Z,6.56
1592,20190116T174848Z,1J.TI1A.,"['CH1', 'CH2', 'CHZ']",2019-01-16T17:48:48.580000Z,13.45
1593,20190116T174943Z,1J.TI1A.,"['CH1', 'CH2', 'CHZ']",2019-01-16T17:49:43.630000Z,13.68
1594,20190116T175051Z,1J.TI1A.,"['CH1', 'CH2', 'CHZ']",2019-01-16T17:50:51.910000Z,1.15
1595,20190116T175136Z,1J.TI1A.,"['CH1', 'CH2', 'CHZ']",2019-01-16T17:51:36.070000Z,1.46
1596,20190116T175324Z,1J.TI1A.,"['CH1', 'CH2', 'CHZ']",2019-01-16T17:53:24.750000Z,5.56
1597,20190116T175402Z,1J.TI1A.,"['CH1', 'CH2', 'CHZ']",2019-01-16T17:54:02.300000Z,18.04
1598,20190116T175634Z,1J.TI1A.,"['CH1', 'CH2', 'CHZ']",2019-01-16T17:56:34.130000Z,5.89
1599,20190116T175908Z,1J.TI1A.,"['CH1', 'CH2', 'CHZ']",2019-01-16T17:59:08.020000Z,3.95
1600,20190116T180005Z,1J.TI1A.,"['CH1', 'CH2', 'CHZ']",2019-01-16T18:00:05.150000Z,7.16
1601,20190116T180054Z,1J.TI1A.,"['CH1', 'CH2', 'CHZ']",2019-01-16T18:00:54.450000Z,1.89
1602,20190116T180601Z,1J.TI1A.,"['CH1', 'CH2', 'CHZ']",2019-01-16T18:06:01.070000Z,1.74
1603,20190116T182110Z,1J.TI1A.,"['CH1', 'CH2', 'CHZ']",2019-01-16T18:21:13.250000Z,23.21
1604,20190116T182954Z,1J.TI1A.,"['CH1', 'CH2', 'CHZ']",2019-01-16T18:29:54.500000Z,19.21
1605,20190116T183845Z,1J.TI1A.,"['CH1', 'CH2', 'CHZ']",2019-01-16T18:38:45.570000Z,8.89
1606,20190116T184045Z,1J.TI1A.,"['CH1', 'CH2', 'CHZ']",2019-01-16T18:40:45.720000Z,6.67
1607,20190116T184118Z,1J.TI1A.,"['CH1', 'CH2', 'CHZ']",2019-01-16T18:41:18.990000Z,21.76
1608,20190116T184624Z,1J.TI1A.,"['CH1', 'CH2', 'CHZ']",2019-01-16T18:46:24.680000Z,12.47
1609,20190116T185211Z,1J.TI1A.,"['CH1', 'CH2', 'CHZ']",2019-01-16T18:52:11.950000Z,2.23
1610,20190116T185328Z,1J.TI1A.,"['CH1', 'CH2', 'CHZ']",2019-01-16T18:53:28.980000Z,1.56
1611,20190116T185358Z,1J.TI1A.,"['CH1', 'CH2', 'CHZ']",2019-01-16T18:53:58.620000Z,3.22
1612,20190116T185458Z,1J.TI1A.,"['CH1', 'CH2', 'CHZ']",2019-01-16T18:54:58.120000Z,1.41
1613,20190116T185619Z,1J.TI1A.,"['CH1', 'CH2', 'CHZ']",2019-01-16T18:56:19.160000Z,11.59
1614,20190116T185637Z,1J.TI1A.,"['CH1', 'CH2', 'CHZ']",2019-01-16T18:56:37.590000Z,9.21
1615,20190116T185753Z,1J.TI1A.,"['CH1', 'CH2', 'CHZ']",2019-01-16T18:57:53.240000Z,15.91
1616,20190116T185926Z,1J.TI1A.,"['CH1', 'CH2', 'CHZ']",2019-01-16T18:59:26.600000Z,2.29
1617,20190116T190001Z,1J.TI1A.,"['CH1', 'CH2', 'CHZ']",2019-01-16T19:00:01.610000Z,2.9
1618,20190116T190111Z,1J.TI1A.,"['CH1', 'CH2', 'CHZ']",2019-01-16T19:01:11.270000Z,9.56
1619,20190116T190202Z,1J.TI1A.,"['CH1', 'CH2', 'CHZ']",2019-01-16T19:02:02.410000Z,3.01
1620,20190116T190225Z,1J.TI1A.,"['CH1', 'CH2', 'CHZ']",2019-01-16T19:02:25.470000Z,1.31
1621,20190116T190239Z,1J.TI1A.,"['CH1', 'CH2', 'CHZ']",2019-01-16T19:02:39.160000Z,4.84
1622,20190116T190254Z,1J.TI1A.,"['CH1', 'CH2', 'CHZ']",2019-01-16T19:02:54.310000Z,5.12
1623,20190116T190338Z,1J.TI1A.,"['CH1', 'CH2', 'CHZ']",2019-01-16T19:03:38.060000Z,1.87
1624,20190116T190407Z,1J.TI1A.,"['CH1', 'CH2', 'CHZ']",2019-01-16T19:04:07.350000Z,2.18
1625,20190116T190423Z,1J.TI1A.,"['CH1', 'CH2', 'CHZ']",2019-01-16T19:04:23.950000Z,4.82
1626,20190116T190500Z,1J.TI1A.,"['CH1', 'CH2', 'CHZ']",2019-01-16T19:05:00.790000Z,5.59
1627,20190116T190515Z,1J.TI1A.,"['CH1', 'CH2', 'CHZ']",2019-01-16T19:05:15.360000Z,0.77
1628,20190116T190616Z,1J.TI1A.,"['CH1', 'CH2', 'CHZ']",2019-01-16T19:06:16.050000Z,8.37
1629,20190116T190646Z,1J.TI1A.,"['CH1', 'CH2', 'CHZ']",2019-01-16T19:06:46.600000Z,0.89
1630,20190116T190717Z,1J.TI1A.,"['CH1', 'CH2', 'CHZ']",2019-01-16T19:07:17.130000Z,5.34
1631,20190116T190737Z,1J.TI1A.,"['CH1', 'CH2', 'CHZ']",2019-01-16T19:07:37.500000Z,1.01
1632,20190116T190748Z,1J.TI1A.,"['CH1', 'CH2', 'CHZ']",2019-01-16T19:07:48.140000Z,6.27
1633,20190116T190800Z,1J.TI1A.,"['CH1', 'CH2', 'CHZ']",2019-01-16T19:08:00.430000Z,2.31
1634,20190116T190818Z,1J.TI1A.,"['CH1', 'CH2', 'CHZ']",2019-01-16T19:08:18.340000Z,1.29
1635,20190116T190829Z,1J.TI1A.,"['CH1', 'CH2', 'CHZ']",2019-01-16T19:08:29.310000Z,21.84
1636,20190116T190908Z,1J.TI1A.,"['CH1', 'CH2', 'CHZ']",2019-01-16T19:09:08.460000Z,2.21
1637,20190116T190930Z,1J.TI1A.,"['CH1', 'CH2', 'CHZ']",2019-01-16T19:09:30.090000Z,1.31
1638,20190116T190951Z,1J.TI1A.,"['CH1', 'CH2', 'CHZ']",2019-01-16T19:09:51.550000Z,1.78
1639,20190116T191014Z,1J.TI1A.,"['CH1', 'CH2', 'CHZ']",2019-01-16T19:10:14.210000Z,4.72
1640,20190116T191038Z,1J.TI1A.,"['CH1', 'CH2', 'CHZ']",2019-01-16T19:10:38.820000Z,3.03
1641,20190116T191104Z,1J.TI1A.,"['CH1', 'CH2', 'CHZ']",2019-01-16T19:11:04.590000Z,10.09
1642,20190116T191139Z,1J.TI1A.,"['CH1', 'CH2', 'CHZ']",2019-01-16T19:11:39.440000Z,0.93
1643,20190116T191158Z,1J.TI1A.,"['CH1', 'CH2', 'CHZ']",2019-01-16T19:11:58.630000Z,5.28
1644,20190116T191209Z,1J.TI1A.,"['CH1', 'CH2', 'CHZ']",2019-01-16T19:12:09.150000Z,4.18
1645,20190116T191222Z,1J.TI1A.,"['CH1', 'CH2', 'CHZ']",2019-01-16T19:12:22.970000Z,14.4
1646,20190116T191350Z,1J.TI1A.,"['CH1', 'CH2', 'CHZ']",2019-01-16T19:13:50.330000Z,3.25
1647,20190116T191432Z,1J.TI1A.,"['CH1', 'CH2', 'CHZ']",2019-01-16T19:14:32.470000Z,1.14
1648,20190116T191536Z,1J.TI1A.,"['CH1', 'CH2', 'CHZ']",2019-01-16T19:15:36.340000Z,6.17
1649,20190116T192030Z,1J.TI1A.,"['CH1', 'CH2', 'CHZ']",2019-01-16T19:20:30.430000Z,4.48
1650,20190116T192101Z,1J.TI1A.,"['CH1', 'CH2', 'CHZ']",2019-01-16T19:21:01.180000Z,2.87
1651,20190116T192245Z,1J.TI1A.,"['CH1', 'CH2', 'CHZ']",2019-01-16T19:22:45.920000Z,2.47
1652,20190116T192351Z,1J.TI1A.,"['CH1', 'CH2', 'CHZ']",2019-01-16T19:23:51.570000Z,1.22
1653,20190116T192408Z,1J.TI1A.,"['CH1', 'CH2', 'CHZ']",2019-01-16T19:24:08.120000Z,1.24
1654,20190116T192632Z,1J.TI1A.,"['CH1', 'CH2', 'CHZ']",2019-01-16T19:26:32.570000Z,4.13
1655,20190116T192937Z,1J.TI1A.,"['CH1', 'CH2', 'CHZ']",2019-01-16T19:29:40.670000Z,33.15
1656,20190116T194156Z,1J.TI1A.,"['CH1', 'CH2', 'CHZ']",2019-01-16T19:41:56.860000Z,13.06
1657,20190116T194424Z,1J.TI1A.,"['CH1', 'CH2', 'CHZ']",2019-01-16T19:44:24.580000Z,12.58
1658,20190116T194530Z,1J.TI1A.,"['CH1', 'CH2', 'CHZ']",2019-01-16T19:45:30.000000Z,1.5
1659,20190116T194804Z,1J.TI1A.,"['CH1', 'CH2', 'CHZ']",2019-01-16T19:48:04.270000Z,2.84
1660,20190116T194906Z,1J.TI1A.,"['CH1', 'CH2', 'CHZ']",2019-01-16T19:49:06.980000Z,2.2
1661,20190116T195116Z,1J.TI1A.,"['CH1', 'CH2', 'CHZ']",2019-01-16T19:51:16.780000Z,47.16
1662,20190116T201809Z,1J.TI1A.,"['CH1', 'CH2', 'CHZ']",2019-01-16T20:18:12.280000Z,12.78
1663,20190116T202101Z,1J.TI1A.,"['CH1', 'CH2', 'CHZ']",2019-01-16T20:21:01.640000Z,35.03
1664,20190116T202435Z,1J.TI1A.,"['CH1', 'CH2', 'CHZ']",2019-01-16T20:24:35.230000Z,8.76
1665,20190116T205705Z,1J.TI1A.,"['CH1', 'CH2', 'CHZ']",2019-01-16T20:57:08.630000Z,20.78
1666,20190116T210906Z,1J.TI1A.,"['CH1', 'CH2', 'CHZ']",2019-01-16T21:09:06.540000Z,17.2
1667,20190116T210949Z,1J.TI1A.,"['CH1', 'CH2', 'CHZ']",2019-01-16T21:09:49.420000Z,74.65
1668,20190116T211221Z,1J.TI1A.,"['CH1', 'CH2', 'CHZ']",2019-01-16T21:12:21.130000Z,2.66
1669,20190116T211237Z,1J.TI1A.,"['CH1', 'CH2', 'CHZ']",2019-01-16T21:12:47.230000Z,2.07
1670,20190116T211313Z,1J.TI1A.,"['CH1', 'CH2', 'CHZ']",2019-01-16T21:13:13.010000Z,11.84
1671,20190116T211333Z,1J.TI1A.,"['CH1', 'CH2', 'CHZ']",2019-01-16T21:13:33.680000Z,14.36
1672,20190116T211513Z,1J.TI1A.,"['CH1', 'CH2', 'CHZ']",2019-01-16T21:15:13.660000Z,24.25
1673,20190116T211931Z,1J.TI1A.,"['CH1', 'CH2', 'CHZ']",2019-01-16T21:19:31.370000Z,6.2
1674,20190116T212628Z,1J.TI1A.,"['CH1', 'CH2', 'CHZ']",2019-01-16T21:26:28.600000Z,13.81
1675,20190116T212727Z,1J.TI1A.,"['CH1', 'CH2', 'CHZ']",2019-01-16T21:27:32.650000Z,14.06
1676,20190116T214714Z,1J.TI1A.,"['CH1', 'CH2', 'CHZ']",2019-01-16T21:47:14.680000Z,6.05
1677,20190116T215910Z,1J.TI1A.,"['CH1', 'CH2', 'CHZ']",2019-01-16T21:59:10.590000Z,28.89
1678,20190116T220918Z,1J.TI1A.,"['CH1', 'CH2', 'CHZ']",2019-01-16T22:09:20.190000Z,30.98
1679,20190116T221435Z,1J.TI1A.,"['CH1', 'CH2', 'CHZ']",2019-01-16T22:14:35.370000Z,24.06
1680,20190116T221551Z,1J.TI1A.,"['CH1', 'CH2', 'CHZ']",2019-01-16T22:15:51.620000Z,12.71
1681,20190116T221807Z,1J.TI1A.,"['CH1', 'CH2', 'CHZ']",2019-01-16T22:18:07.070000Z,2.44
1682,20190116T224334Z,1J.TI1A.,"['CH1', 'CH2', 'CHZ']",2019-01-16T22:43:34.080000Z,13.17
1683,20190116T224729Z,1J.TI1A.,"['CH1', 'CH2', 'CHZ']",2019-01-16T22:47:31.080000Z,49.66
1684,20190116T225517Z,1J.TI1A.,"['CH1', 'CH2', 'CHZ']",2019-01-16T22:55:19.230000Z,47.41
1685,20190116T231813Z,1J.TI1A.,"['CH1', 'CH2', 'CHZ']",2019-01-16T23:18:13.050000Z,27.13
1686,20190116T233014Z,1J.TI1A.,"['CH1', 'CH2', 'CHZ']",2019-01-16T23:30:14.590000Z,24.37
