,event_id,station,components,time,duration
0,20190103T003052Z,1J.TI4A.,"['CH1', 'CH2', 'CHZ']",2019-01-03T00:31:03.690000Z,2.09
1,20190103T004453Z,1J.TI4A.,"['CH1', 'CH2', 'CHZ']",2019-01-03T00:44:53.590000Z,0.77
2,20190103T004758Z,1J.TI4A.,"['CH1', 'CH2', 'CHZ']",2019-01-03T00:47:58.470000Z,2.52
3,20190103T005651Z,1J.TI4A.,"['CH1', 'CH2', 'CHZ']",2019-01-03T00:56:51.360000Z,1.69
4,20190103T013949Z,1J.TI4A.,"['CH1', 'CH2', 'CHZ']",2019-01-03T01:39:49.500000Z,8.3
5,20190103T014305Z,1J.TI4A.,"['CH1', 'CH2', 'CHZ']",2019-01-03T01:43:17.070000Z,1.86
6,20190103T014515Z,1J.TI4A.,"['CH1', 'CH2', 'CHZ']",2019-01-03T01:45:15.870000Z,1.54
7,20190103T014915Z,1J.TI4A.,"['CH1', 'CH2', 'CHZ']",2019-01-03T01:49:15.940000Z,4.92
8,20190103T015901Z,1J.TI4A.,"['CH1', 'CH2', 'CHZ']",2019-01-03T01:59:19.830000Z,1.18
9,20190103T020344Z,1J.TI4A.,"['CH1', 'CH2', 'CHZ']",2019-01-03T02:03:44.120000Z,7.12
10,20190103T020703Z,1J.TI4A.,"['CH1', 'CH2', 'CHZ']",2019-01-03T02:07:03.480000Z,1.1
11,20190103T020843Z,1J.TI4A.,"['CH1', 'CH2', 'CHZ']",2019-01-03T02:08:46.360000Z,41.79
12,20190103T021029Z,1J.TI4A.,"['CH1', 'CH2', 'CHZ']",2019-01-03T02:10:29.520000Z,1.57
13,20190103T021551Z,1J.TI4A.,"['CH1', 'CH2', 'CHZ']",2019-01-03T02:15:51.500000Z,2.8
14,20190103T025142Z,1J.TI4A.,"['CH1', 'CH2', 'CHZ']",2019-01-03T02:51:48.450000Z,6.61
15,20190103T033447Z,1J.TI4A.,"['CH1', 'CH2', 'CHZ']",2019-01-03T03:34:47.070000Z,1.47
16,20190103T040219Z,1J.TI4A.,"['CH1', 'CH2', 'CHZ']",2019-01-03T04:02:19.240000Z,1.83
17,20190103T040943Z,1J.TI4A.,"['CH1', 'CH2', 'CHZ']",2019-01-03T04:09:43.110000Z,1.19
18,20190103T053337Z,1J.TI4A.,"['CH1', 'CH2', 'CHZ']",2019-01-03T05:33:37.440000Z,1.73
19,20190103T054101Z,1J.TI4A.,"['CH1', 'CH2', 'CHZ']",2019-01-03T05:41:01.940000Z,1.63
20,20190103T055250Z,1J.TI4A.,"['CH1', 'CH2', 'CHZ']",2019-01-03T05:52:50.320000Z,3.1
21,20190103T055448Z,1J.TI4A.,"['CH1', 'CH2', 'CHZ']",2019-01-03T05:54:48.490000Z,1.78
22,20190103T055459Z,1J.TI4A.,"['CH1', 'CH2', 'CHZ']",2019-01-03T05:54:59.070000Z,1.17
23,20190103T055940Z,1J.TI4A.,"['CH1', 'CH2', 'CHZ']",2019-01-03T05:59:40.180000Z,4.9
24,20190103T061038Z,1J.TI4A.,"['CH1', 'CH2', 'CHZ']",2019-01-03T06:10:38.770000Z,2.36
25,20190103T063133Z,1J.TI4A.,"['CH1', 'CH2', 'CHZ']",2019-01-03T06:31:33.220000Z,1.61
26,20190103T063443Z,1J.TI4A.,"['CH1', 'CH2', 'CHZ']",2019-01-03T06:34:43.210000Z,1.13
27,20190103T063503Z,1J.TI4A.,"['CH1', 'CH2', 'CHZ']",2019-01-03T06:35:03.490000Z,2.54
28,20190103T063630Z,1J.TI4A.,"['CH1', 'CH2', 'CHZ']",2019-01-03T06:36:30.550000Z,5.29
29,20190103T064059Z,1J.TI4A.,"['CH1', 'CH2', 'CHZ']",2019-01-03T06:41:20.750000Z,0.94
30,20190103T064505Z,1J.TI4A.,"['CH1', 'CH2', 'CHZ']",2019-01-03T06:45:05.660000Z,1.91
31,20190103T065300Z,1J.TI4A.,"['CH1', 'CH2', 'CHZ']",2019-01-03T06:53:00.500000Z,4.77
32,20190103T071030Z,1J.TI4A.,"['CH1', 'CH2', 'CHZ']",2019-01-03T07:10:30.030000Z,3.91
33,20190103T071207Z,1J.TI4A.,"['CH1', 'CH2', 'CHZ']",2019-01-03T07:12:07.390000Z,3.39
34,20190103T074126Z,1J.TI4A.,"['CH1', 'CH2', 'CHZ']",2019-01-03T07:41:26.170000Z,0.87
35,20190103T075225Z,1J.TI4A.,"['CH1', 'CH2', 'CHZ']",2019-01-03T07:52:25.460000Z,1.13
36,20190103T085137Z,1J.TI4A.,"['CH1', 'CH2', 'CHZ']",2019-01-03T08:51:37.740000Z,1.03
37,20190103T085430Z,1J.TI4A.,"['CH1', 'CH2', 'CHZ']",2019-01-03T08:54:30.810000Z,1.23
38,20190103T094233Z,1J.TI4A.,"['CH1', 'CH2', 'CHZ']",2019-01-03T09:42:35.280000Z,17.11
39,20190103T094332Z,1J.TI4A.,"['CH1', 'CH2', 'CHZ']",2019-01-03T09:43:32.580000Z,51.56
40,20190103T102946Z,1J.TI4A.,"['CH1', 'CH2', 'CHZ']",2019-01-03T10:29:46.620000Z,23.42
41,20190103T103152Z,1J.TI4A.,"['CH1', 'CH2', 'CHZ']",2019-01-03T10:31:52.690000Z,1.32
42,20190103T155536Z,1J.TI4A.,"['CH1', 'CH2', 'CHZ']",2019-01-03T15:55:36.710000Z,0.96
43,20190103T163756Z,1J.TI4A.,"['CH1', 'CH2', 'CHZ']",2019-01-03T16:38:04.030000Z,32.02
44,20190103T165032Z,1J.TI4A.,"['CH1', 'CH2', 'CHZ']",2019-01-03T16:50:36.880000Z,0.93
45,20190103T170327Z,1J.TI4A.,"['CH1', 'CH2', 'CHZ']",2019-01-03T17:03:27.710000Z,2.17
46,20190103T184100Z,1J.TI4A.,"['CH1', 'CH2', 'CHZ']",2019-01-03T18:41:00.900000Z,2.47
47,20190103T211009Z,1J.TI4A.,"['CH1', 'CH2', 'CHZ']",2019-01-03T21:10:22.170000Z,1.39
48,20190103T222227Z,1J.TI4A.,"['CH1', 'CH2', 'CHZ']",2019-01-03T22:22:27.610000Z,16.93
49,20190103T234213Z,1J.TI4A.,"['CH1', 'CH2', 'CHZ']",2019-01-03T23:42:19.740000Z,1.86
50,20190103T000941Z,1J.TI3A.,"['CH1', 'CH2', 'CHZ']",2019-01-03T00:09:41.320000Z,10.36
51,20190103T001401Z,1J.TI3A.,"['CH1', 'CH2', 'CHZ']",2019-01-03T00:14:02.170000Z,18.66
52,20190103T002008Z,1J.TI3A.,"['CH1', 'CH2', 'CHZ']",2019-01-03T00:20:08.230000Z,0.64
53,20190103T002035Z,1J.TI3A.,"['CH1', 'CH2', 'CHZ']",2019-01-03T00:20:35.860000Z,6.79
54,20190103T002257Z,1J.TI3A.,"['CH1', 'CH2', 'CHZ']",2019-01-03T00:23:23.340000Z,12.4
55,20190103T003052Z,1J.TI3A.,"['CH1', 'CH2', 'CHZ']",2019-01-03T00:30:52.240000Z,21.67
56,20190103T003342Z,1J.TI3A.,"['CH1', 'CH2', 'CHZ']",2019-01-03T00:33:42.950000Z,1.73
57,20190103T003450Z,1J.TI3A.,"['CH1', 'CH2', 'CHZ']",2019-01-03T00:34:50.310000Z,1.55
58,20190103T005827Z,1J.TI3A.,"['CH1', 'CH2', 'CHZ']",2019-01-03T00:58:27.550000Z,10.16
59,20190103T005948Z,1J.TI3A.,"['CH1', 'CH2', 'CHZ']",2019-01-03T00:59:48.530000Z,6.37
60,20190103T010252Z,1J.TI3A.,"['CH1', 'CH2', 'CHZ']",2019-01-03T01:02:52.120000Z,2.09
61,20190103T010722Z,1J.TI3A.,"['CH1', 'CH2', 'CHZ']",2019-01-03T01:07:22.610000Z,23.48
62,20190103T011310Z,1J.TI3A.,"['CH1', 'CH2', 'CHZ']",2019-01-03T01:13:10.840000Z,1.37
63,20190103T011345Z,1J.TI3A.,"['CH1', 'CH2', 'CHZ']",2019-01-03T01:13:45.590000Z,1.18
64,20190103T012017Z,1J.TI3A.,"['CH1', 'CH2', 'CHZ']",2019-01-03T01:20:19.040000Z,8.26
65,20190103T012742Z,1J.TI3A.,"['CH1', 'CH2', 'CHZ']",2019-01-03T01:27:42.510000Z,1.1
66,20190103T013158Z,1J.TI3A.,"['CH1', 'CH2', 'CHZ']",2019-01-03T01:31:58.380000Z,1.32
67,20190103T014716Z,1J.TI3A.,"['CH1', 'CH2', 'CHZ']",2019-01-03T01:47:16.810000Z,20.86
68,20190103T015807Z,1J.TI3A.,"['CH1', 'CH2', 'CHZ']",2019-01-03T01:58:07.080000Z,3.68
69,20190103T020110Z,1J.TI3A.,"['CH1', 'CH2', 'CHZ']",2019-01-03T02:01:10.420000Z,17.83
70,20190103T020219Z,1J.TI3A.,"['CH1', 'CH2', 'CHZ']",2019-01-03T02:02:19.720000Z,3.5
71,20190103T020843Z,1J.TI3A.,"['CH1', 'CH2', 'CHZ']",2019-01-03T02:09:10.190000Z,11.06
72,20190103T022030Z,1J.TI3A.,"['CH1', 'CH2', 'CHZ']",2019-01-03T02:20:31.890000Z,3.75
73,20190103T022821Z,1J.TI3A.,"['CH1', 'CH2', 'CHZ']",2019-01-03T02:28:21.310000Z,23.6
74,20190103T023019Z,1J.TI3A.,"['CH1', 'CH2', 'CHZ']",2019-01-03T02:30:19.520000Z,2.41
75,20190103T024019Z,1J.TI3A.,"['CH1', 'CH2', 'CHZ']",2019-01-03T02:40:20.150000Z,13.88
76,20190103T025850Z,1J.TI3A.,"['CH1', 'CH2', 'CHZ']",2019-01-03T02:58:50.860000Z,2.46
77,20190103T030030Z,1J.TI3A.,"['CH1', 'CH2', 'CHZ']",2019-01-03T03:00:30.980000Z,11.79
78,20190103T030727Z,1J.TI3A.,"['CH1', 'CH2', 'CHZ']",2019-01-03T03:07:27.630000Z,23.1
79,20190103T031427Z,1J.TI3A.,"['CH1', 'CH2', 'CHZ']",2019-01-03T03:14:27.070000Z,1.16
80,20190103T031957Z,1J.TI3A.,"['CH1', 'CH2', 'CHZ']",2019-01-03T03:20:23.440000Z,18.51
81,20190103T032530Z,1J.TI3A.,"['CH1', 'CH2', 'CHZ']",2019-01-03T03:25:30.190000Z,2.05
82,20190103T032540Z,1J.TI3A.,"['CH1', 'CH2', 'CHZ']",2019-01-03T03:25:41.070000Z,15.39
83,20190103T035057Z,1J.TI3A.,"['CH1', 'CH2', 'CHZ']",2019-01-03T03:50:57.920000Z,24.23
84,20190103T035720Z,1J.TI3A.,"['CH1', 'CH2', 'CHZ']",2019-01-03T03:57:20.270000Z,4.59
85,20190103T040011Z,1J.TI3A.,"['CH1', 'CH2', 'CHZ']",2019-01-03T04:00:11.320000Z,16.08
86,20190103T040043Z,1J.TI3A.,"['CH1', 'CH2', 'CHZ']",2019-01-03T04:00:43.940000Z,3.88
87,20190103T041116Z,1J.TI3A.,"['CH1', 'CH2', 'CHZ']",2019-01-03T04:11:16.390000Z,12.77
88,20190103T042224Z,1J.TI3A.,"['CH1', 'CH2', 'CHZ']",2019-01-03T04:22:24.540000Z,11.29
89,20190103T042336Z,1J.TI3A.,"['CH1', 'CH2', 'CHZ']",2019-01-03T04:23:36.560000Z,22.56
90,20190103T043254Z,1J.TI3A.,"['CH1', 'CH2', 'CHZ']",2019-01-03T04:32:54.210000Z,5.85
91,20190103T044706Z,1J.TI3A.,"['CH1', 'CH2', 'CHZ']",2019-01-03T04:47:06.080000Z,21.46
92,20190103T045544Z,1J.TI3A.,"['CH1', 'CH2', 'CHZ']",2019-01-03T04:55:44.610000Z,4.69
93,20190103T051317Z,1J.TI3A.,"['CH1', 'CH2', 'CHZ']",2019-01-03T05:13:17.040000Z,2.01
94,20190103T051436Z,1J.TI3A.,"['CH1', 'CH2', 'CHZ']",2019-01-03T05:14:36.010000Z,32.74
95,20190103T052610Z,1J.TI3A.,"['CH1', 'CH2', 'CHZ']",2019-01-03T05:26:35.620000Z,13.45
96,20190103T052931Z,1J.TI3A.,"['CH1', 'CH2', 'CHZ']",2019-01-03T05:29:31.890000Z,13.67
97,20190103T053040Z,1J.TI3A.,"['CH1', 'CH2', 'CHZ']",2019-01-03T05:30:40.540000Z,1.02
98,20190103T053446Z,1J.TI3A.,"['CH1', 'CH2', 'CHZ']",2019-01-03T05:34:46.400000Z,1.77
99,20190103T053646Z,1J.TI3A.,"['CH1', 'CH2', 'CHZ']",2019-01-03T05:36:46.010000Z,9.13
100,20190103T053714Z,1J.TI3A.,"['CH1', 'CH2', 'CHZ']",2019-01-03T05:37:14.730000Z,40.52
101,20190103T053952Z,1J.TI3A.,"['CH1', 'CH2', 'CHZ']",2019-01-03T05:39:52.520000Z,7.58
102,20190103T054054Z,1J.TI3A.,"['CH1', 'CH2', 'CHZ']",2019-01-03T05:40:54.120000Z,4.09
103,20190103T054236Z,1J.TI3A.,"['CH1', 'CH2', 'CHZ']",2019-01-03T05:42:36.050000Z,0.69
104,20190103T054308Z,1J.TI3A.,"['CH1', 'CH2', 'CHZ']",2019-01-03T05:43:08.320000Z,3.79
105,20190103T054423Z,1J.TI3A.,"['CH1', 'CH2', 'CHZ']",2019-01-03T05:44:23.990000Z,8.31
106,20190103T054438Z,1J.TI3A.,"['CH1', 'CH2', 'CHZ']",2019-01-03T05:44:38.770000Z,5.88
107,20190103T054622Z,1J.TI3A.,"['CH1', 'CH2', 'CHZ']",2019-01-03T05:46:22.270000Z,1.34
108,20190103T054643Z,1J.TI3A.,"['CH1', 'CH2', 'CHZ']",2019-01-03T05:46:43.150000Z,4.63
109,20190103T054659Z,1J.TI3A.,"['CH1', 'CH2', 'CHZ']",2019-01-03T05:46:59.340000Z,11.52
110,20190103T054829Z,1J.TI3A.,"['CH1', 'CH2', 'CHZ']",2019-01-03T05:48:29.880000Z,0.95
111,20190103T054912Z,1J.TI3A.,"['CH1', 'CH2', 'CHZ']",2019-01-03T05:49:12.210000Z,1.43
112,20190103T055113Z,1J.TI3A.,"['CH1', 'CH2', 'CHZ']",2019-01-03T05:51:13.810000Z,8.67
113,20190103T055417Z,1J.TI3A.,"['CH1', 'CH2', 'CHZ']",2019-01-03T05:54:17.580000Z,3.08
114,20190103T055901Z,1J.TI3A.,"['CH1', 'CH2', 'CHZ']",2019-01-03T05:59:01.760000Z,15.08
115,20190103T055940Z,1J.TI3A.,"['CH1', 'CH2', 'CHZ']",2019-01-03T05:59:40.860000Z,6.28
116,20190103T060000Z,1J.TI3A.,"['CH1', 'CH2', 'CHZ']",2019-01-03T06:00:00.560000Z,0.73
117,20190103T060008Z,1J.TI3A.,"['CH1', 'CH2', 'CHZ']",2019-01-03T06:00:08.790000Z,14.01
118,20190103T060055Z,1J.TI3A.,"['CH1', 'CH2', 'CHZ']",2019-01-03T06:00:56.040000Z,3.29
119,20190103T060256Z,1J.TI3A.,"['CH1', 'CH2', 'CHZ']",2019-01-03T06:02:56.950000Z,1.03
120,20190103T060827Z,1J.TI3A.,"['CH1', 'CH2', 'CHZ']",2019-01-03T06:08:27.320000Z,21.58
121,20190103T061153Z,1J.TI3A.,"['CH1', 'CH2', 'CHZ']",2019-01-03T06:11:53.590000Z,3.24
122,20190103T061709Z,1J.TI3A.,"['CH1', 'CH2', 'CHZ']",2019-01-03T06:17:09.020000Z,0.89
123,20190103T061845Z,1J.TI3A.,"['CH1', 'CH2', 'CHZ']",2019-01-03T06:18:45.600000Z,3.19
124,20190103T063426Z,1J.TI3A.,"['CH1', 'CH2', 'CHZ']",2019-01-03T06:34:26.900000Z,2.23
125,20190103T064057Z,1J.TI3A.,"['CH1', 'CH2', 'CHZ']",2019-01-03T06:40:57.470000Z,1.55
126,20190103T064342Z,1J.TI3A.,"['CH1', 'CH2', 'CHZ']",2019-01-03T06:43:42.160000Z,2.5
127,20190103T065020Z,1J.TI3A.,"['CH1', 'CH2', 'CHZ']",2019-01-03T06:50:20.550000Z,8.46
128,20190103T070448Z,1J.TI3A.,"['CH1', 'CH2', 'CHZ']",2019-01-03T07:04:48.800000Z,22.52
129,20190103T070704Z,1J.TI3A.,"['CH1', 'CH2', 'CHZ']",2019-01-03T07:07:04.730000Z,1.6
130,20190103T071658Z,1J.TI3A.,"['CH1', 'CH2', 'CHZ']",2019-01-03T07:16:58.040000Z,1.72
131,20190103T073328Z,1J.TI3A.,"['CH1', 'CH2', 'CHZ']",2019-01-03T07:33:28.240000Z,2.02
132,20190103T080033Z,1J.TI3A.,"['CH1', 'CH2', 'CHZ']",2019-01-03T08:00:33.260000Z,1.62
133,20190103T080626Z,1J.TI3A.,"['CH1', 'CH2', 'CHZ']",2019-01-03T08:06:26.870000Z,2.96
134,20190103T081426Z,1J.TI3A.,"['CH1', 'CH2', 'CHZ']",2019-01-03T08:14:53.910000Z,4.61
135,20190103T081743Z,1J.TI3A.,"['CH1', 'CH2', 'CHZ']",2019-01-03T08:18:11.550000Z,8.29
136,20190103T082457Z,1J.TI3A.,"['CH1', 'CH2', 'CHZ']",2019-01-03T08:25:24.310000Z,13.44
137,20190103T082957Z,1J.TI3A.,"['CH1', 'CH2', 'CHZ']",2019-01-03T08:29:57.620000Z,1.36
138,20190103T085756Z,1J.TI3A.,"['CH1', 'CH2', 'CHZ']",2019-01-03T08:57:56.440000Z,1.88
139,20190103T090435Z,1J.TI3A.,"['CH1', 'CH2', 'CHZ']",2019-01-03T09:04:35.280000Z,23.01
140,20190103T091053Z,1J.TI3A.,"['CH1', 'CH2', 'CHZ']",2019-01-03T09:10:53.910000Z,2.15
141,20190103T092508Z,1J.TI3A.,"['CH1', 'CH2', 'CHZ']",2019-01-03T09:25:09.300000Z,18.18
142,20190103T092721Z,1J.TI3A.,"['CH1', 'CH2', 'CHZ']",2019-01-03T09:27:22.380000Z,4.16
143,20190103T093809Z,1J.TI3A.,"['CH1', 'CH2', 'CHZ']",2019-01-03T09:38:09.790000Z,6.37
144,20190103T094233Z,1J.TI3A.,"['CH1', 'CH2', 'CHZ']",2019-01-03T09:42:34.350000Z,22.63
145,20190103T094332Z,1J.TI3A.,"['CH1', 'CH2', 'CHZ']",2019-01-03T09:43:33.410000Z,50.85
146,20190103T094842Z,1J.TI3A.,"['CH1', 'CH2', 'CHZ']",2019-01-03T09:48:42.190000Z,3.95
147,20190103T095021Z,1J.TI3A.,"['CH1', 'CH2', 'CHZ']",2019-01-03T09:50:21.030000Z,5.04
148,20190103T095543Z,1J.TI3A.,"['CH1', 'CH2', 'CHZ']",2019-01-03T09:55:43.890000Z,2.32
149,20190103T101324Z,1J.TI3A.,"['CH1', 'CH2', 'CHZ']",2019-01-03T10:13:24.260000Z,1.67
150,20190103T102934Z,1J.TI3A.,"['CH1', 'CH2', 'CHZ']",2019-01-03T10:29:34.610000Z,1.81
151,20190103T105022Z,1J.TI3A.,"['CH1', 'CH2', 'CHZ']",2019-01-03T10:50:22.320000Z,8.83
152,20190103T105709Z,1J.TI3A.,"['CH1', 'CH2', 'CHZ']",2019-01-03T10:57:09.790000Z,22.25
153,20190103T111258Z,1J.TI3A.,"['CH1', 'CH2', 'CHZ']",2019-01-03T11:12:58.760000Z,6.5
154,20190103T111410Z,1J.TI3A.,"['CH1', 'CH2', 'CHZ']",2019-01-03T11:14:10.540000Z,1.25
155,20190103T112445Z,1J.TI3A.,"['CH1', 'CH2', 'CHZ']",2019-01-03T11:24:45.220000Z,8.4
156,20190103T112931Z,1J.TI3A.,"['CH1', 'CH2', 'CHZ']",2019-01-03T11:29:31.470000Z,11.95
157,20190103T113135Z,1J.TI3A.,"['CH1', 'CH2', 'CHZ']",2019-01-03T11:31:35.320000Z,2.76
158,20190103T113357Z,1J.TI3A.,"['CH1', 'CH2', 'CHZ']",2019-01-03T11:33:57.300000Z,1.72
159,20190103T113433Z,1J.TI3A.,"['CH1', 'CH2', 'CHZ']",2019-01-03T11:34:33.450000Z,1.99
160,20190103T113452Z,1J.TI3A.,"['CH1', 'CH2', 'CHZ']",2019-01-03T11:34:52.660000Z,19.92
161,20190103T113553Z,1J.TI3A.,"['CH1', 'CH2', 'CHZ']",2019-01-03T11:35:53.040000Z,4.5
162,20190103T113632Z,1J.TI3A.,"['CH1', 'CH2', 'CHZ']",2019-01-03T11:36:32.290000Z,6.69
163,20190103T113653Z,1J.TI3A.,"['CH1', 'CH2', 'CHZ']",2019-01-03T11:36:53.500000Z,16.35
164,20190103T114016Z,1J.TI3A.,"['CH1', 'CH2', 'CHZ']",2019-01-03T11:40:16.020000Z,1.06
165,20190103T114149Z,1J.TI3A.,"['CH1', 'CH2', 'CHZ']",2019-01-03T11:41:49.860000Z,1.96
166,20190103T114210Z,1J.TI3A.,"['CH1', 'CH2', 'CHZ']",2019-01-03T11:42:10.150000Z,8.6
167,20190103T114456Z,1J.TI3A.,"['CH1', 'CH2', 'CHZ']",2019-01-03T11:44:56.020000Z,3.65
168,20190103T114853Z,1J.TI3A.,"['CH1', 'CH2', 'CHZ']",2019-01-03T11:48:53.270000Z,3.85
169,20190103T115248Z,1J.TI3A.,"['CH1', 'CH2', 'CHZ']",2019-01-03T11:52:48.940000Z,2.78
170,20190103T115345Z,1J.TI3A.,"['CH1', 'CH2', 'CHZ']",2019-01-03T11:53:45.330000Z,3.75
171,20190103T115628Z,1J.TI3A.,"['CH1', 'CH2', 'CHZ']",2019-01-03T11:56:28.420000Z,2.49
172,20190103T115811Z,1J.TI3A.,"['CH1', 'CH2', 'CHZ']",2019-01-03T11:58:11.930000Z,2.36
173,20190103T120140Z,1J.TI3A.,"['CH1', 'CH2', 'CHZ']",2019-01-03T12:01:40.470000Z,3.09
174,20190103T120449Z,1J.TI3A.,"['CH1', 'CH2', 'CHZ']",2019-01-03T12:04:49.830000Z,2.96
175,20190103T120512Z,1J.TI3A.,"['CH1', 'CH2', 'CHZ']",2019-01-03T12:05:12.610000Z,1.89
176,20190103T120931Z,1J.TI3A.,"['CH1', 'CH2', 'CHZ']",2019-01-03T12:09:31.250000Z,2.73
177,20190103T121519Z,1J.TI3A.,"['CH1', 'CH2', 'CHZ']",2019-01-03T12:15:19.930000Z,7.83
178,20190103T122013Z,1J.TI3A.,"['CH1', 'CH2', 'CHZ']",2019-01-03T12:20:13.500000Z,3.81
179,20190103T123700Z,1J.TI3A.,"['CH1', 'CH2', 'CHZ']",2019-01-03T12:37:00.400000Z,10.68
180,20190103T123805Z,1J.TI3A.,"['CH1', 'CH2', 'CHZ']",2019-01-03T12:38:05.690000Z,1.81
181,20190103T124416Z,1J.TI3A.,"['CH1', 'CH2', 'CHZ']",2019-01-03T12:44:16.000000Z,9.48
182,20190103T124525Z,1J.TI3A.,"['CH1', 'CH2', 'CHZ']",2019-01-03T12:45:25.550000Z,12.52
183,20190103T124805Z,1J.TI3A.,"['CH1', 'CH2', 'CHZ']",2019-01-03T12:48:05.380000Z,3.56
184,20190103T125830Z,1J.TI3A.,"['CH1', 'CH2', 'CHZ']",2019-01-03T12:58:30.000000Z,4.73
185,20190103T131427Z,1J.TI3A.,"['CH1', 'CH2', 'CHZ']",2019-01-03T13:14:27.660000Z,1.93
186,20190103T131523Z,1J.TI3A.,"['CH1', 'CH2', 'CHZ']",2019-01-03T13:15:23.740000Z,1.23
187,20190103T132600Z,1J.TI3A.,"['CH1', 'CH2', 'CHZ']",2019-01-03T13:26:00.220000Z,2.66
188,20190103T132626Z,1J.TI3A.,"['CH1', 'CH2', 'CHZ']",2019-01-03T13:26:26.890000Z,1.29
189,20190103T132753Z,1J.TI3A.,"['CH1', 'CH2', 'CHZ']",2019-01-03T13:27:53.920000Z,1.13
190,20190103T133201Z,1J.TI3A.,"['CH1', 'CH2', 'CHZ']",2019-01-03T13:32:01.130000Z,2.43
191,20190103T133548Z,1J.TI3A.,"['CH1', 'CH2', 'CHZ']",2019-01-03T13:35:48.820000Z,4.11
192,20190103T134330Z,1J.TI3A.,"['CH1', 'CH2', 'CHZ']",2019-01-03T13:43:30.530000Z,4.99
193,20190103T134828Z,1J.TI3A.,"['CH1', 'CH2', 'CHZ']",2019-01-03T13:48:28.260000Z,26.37
194,20190103T134901Z,1J.TI3A.,"['CH1', 'CH2', 'CHZ']",2019-01-03T13:49:01.350000Z,1.59
195,20190103T135059Z,1J.TI3A.,"['CH1', 'CH2', 'CHZ']",2019-01-03T13:50:59.560000Z,0.87
196,20190103T135124Z,1J.TI3A.,"['CH1', 'CH2', 'CHZ']",2019-01-03T13:51:24.920000Z,2.9
197,20190103T135504Z,1J.TI3A.,"['CH1', 'CH2', 'CHZ']",2019-01-03T13:55:04.090000Z,3.08
198,20190103T135640Z,1J.TI3A.,"['CH1', 'CH2', 'CHZ']",2019-01-03T13:56:40.540000Z,1.25
199,20190103T135712Z,1J.TI3A.,"['CH1', 'CH2', 'CHZ']",2019-01-03T13:57:12.650000Z,0.94
200,20190103T141148Z,1J.TI3A.,"['CH1', 'CH2', 'CHZ']",2019-01-03T14:11:48.520000Z,1.38
201,20190103T141345Z,1J.TI3A.,"['CH1', 'CH2', 'CHZ']",2019-01-03T14:13:45.750000Z,1.05
202,20190103T141849Z,1J.TI3A.,"['CH1', 'CH2', 'CHZ']",2019-01-03T14:18:49.340000Z,1.09
203,20190103T143013Z,1J.TI3A.,"['CH1', 'CH2', 'CHZ']",2019-01-03T14:30:13.000000Z,1.34
204,20190103T143755Z,1J.TI3A.,"['CH1', 'CH2', 'CHZ']",2019-01-03T14:38:22.630000Z,7.31
205,20190103T144104Z,1J.TI3A.,"['CH1', 'CH2', 'CHZ']",2019-01-03T14:41:04.590000Z,3.65
206,20190103T144817Z,1J.TI3A.,"['CH1', 'CH2', 'CHZ']",2019-01-03T14:48:17.090000Z,1.02
207,20190103T145103Z,1J.TI3A.,"['CH1', 'CH2', 'CHZ']",2019-01-03T14:51:03.240000Z,1.02
208,20190103T145256Z,1J.TI3A.,"['CH1', 'CH2', 'CHZ']",2019-01-03T14:52:56.790000Z,0.8
209,20190103T145501Z,1J.TI3A.,"['CH1', 'CH2', 'CHZ']",2019-01-03T14:55:01.340000Z,1.53
210,20190103T145550Z,1J.TI3A.,"['CH1', 'CH2', 'CHZ']",2019-01-03T14:55:50.910000Z,3.65
211,20190103T150344Z,1J.TI3A.,"['CH1', 'CH2', 'CHZ']",2019-01-03T15:03:44.290000Z,0.68
212,20190103T150605Z,1J.TI3A.,"['CH1', 'CH2', 'CHZ']",2019-01-03T15:06:05.710000Z,1.01
213,20190103T150917Z,1J.TI3A.,"['CH1', 'CH2', 'CHZ']",2019-01-03T15:09:17.080000Z,6.08
214,20190103T151033Z,1J.TI3A.,"['CH1', 'CH2', 'CHZ']",2019-01-03T15:10:33.620000Z,0.66
215,20190103T151736Z,1J.TI3A.,"['CH1', 'CH2', 'CHZ']",2019-01-03T15:17:36.350000Z,1.62
216,20190103T152543Z,1J.TI3A.,"['CH1', 'CH2', 'CHZ']",2019-01-03T15:25:43.770000Z,1.02
217,20190103T152604Z,1J.TI3A.,"['CH1', 'CH2', 'CHZ']",2019-01-03T15:26:04.930000Z,22.63
218,20190103T152806Z,1J.TI3A.,"['CH1', 'CH2', 'CHZ']",2019-01-03T15:28:06.590000Z,1.65
219,20190103T152903Z,1J.TI3A.,"['CH1', 'CH2', 'CHZ']",2019-01-03T15:29:03.760000Z,0.89
220,20190103T153416Z,1J.TI3A.,"['CH1', 'CH2', 'CHZ']",2019-01-03T15:34:16.610000Z,1.07
221,20190103T153835Z,1J.TI3A.,"['CH1', 'CH2', 'CHZ']",2019-01-03T15:38:35.630000Z,1.05
222,20190103T154602Z,1J.TI3A.,"['CH1', 'CH2', 'CHZ']",2019-01-03T15:46:02.140000Z,1.01
223,20190103T155109Z,1J.TI3A.,"['CH1', 'CH2', 'CHZ']",2019-01-03T15:51:09.820000Z,1.92
224,20190103T155350Z,1J.TI3A.,"['CH1', 'CH2', 'CHZ']",2019-01-03T15:54:14.120000Z,1.56
225,20190103T155611Z,1J.TI3A.,"['CH1', 'CH2', 'CHZ']",2019-01-03T15:56:11.440000Z,4.67
226,20190103T155933Z,1J.TI3A.,"['CH1', 'CH2', 'CHZ']",2019-01-03T15:59:33.750000Z,0.76
227,20190103T161157Z,1J.TI3A.,"['CH1', 'CH2', 'CHZ']",2019-01-03T16:11:57.850000Z,0.89
228,20190103T161531Z,1J.TI3A.,"['CH1', 'CH2', 'CHZ']",2019-01-03T16:15:31.950000Z,1.16
229,20190103T162229Z,1J.TI3A.,"['CH1', 'CH2', 'CHZ']",2019-01-03T16:22:29.200000Z,2.41
230,20190103T162806Z,1J.TI3A.,"['CH1', 'CH2', 'CHZ']",2019-01-03T16:28:06.080000Z,0.77
231,20190103T163128Z,1J.TI3A.,"['CH1', 'CH2', 'CHZ']",2019-01-03T16:31:28.550000Z,1.23
232,20190103T163337Z,1J.TI3A.,"['CH1', 'CH2', 'CHZ']",2019-01-03T16:33:37.630000Z,1.18
233,20190103T163644Z,1J.TI3A.,"['CH1', 'CH2', 'CHZ']",2019-01-03T16:36:44.070000Z,2.09
234,20190103T163739Z,1J.TI3A.,"['CH1', 'CH2', 'CHZ']",2019-01-03T16:37:39.320000Z,2.04
235,20190103T163756Z,1J.TI3A.,"['CH1', 'CH2', 'CHZ']",2019-01-03T16:38:10.230000Z,31.9
236,20190103T165032Z,1J.TI3A.,"['CH1', 'CH2', 'CHZ']",2019-01-03T16:50:32.420000Z,12.72
237,20190103T165806Z,1J.TI3A.,"['CH1', 'CH2', 'CHZ']",2019-01-03T16:58:06.430000Z,1.72
238,20190103T171029Z,1J.TI3A.,"['CH1', 'CH2', 'CHZ']",2019-01-03T17:10:29.910000Z,1.93
239,20190103T171209Z,1J.TI3A.,"['CH1', 'CH2', 'CHZ']",2019-01-03T17:12:09.700000Z,1.38
240,20190103T171718Z,1J.TI3A.,"['CH1', 'CH2', 'CHZ']",2019-01-03T17:17:18.730000Z,0.75
241,20190103T171823Z,1J.TI3A.,"['CH1', 'CH2', 'CHZ']",2019-01-03T17:18:23.710000Z,1.78
242,20190103T171939Z,1J.TI3A.,"['CH1', 'CH2', 'CHZ']",2019-01-03T17:19:39.690000Z,1.18
243,20190103T172558Z,1J.TI3A.,"['CH1', 'CH2', 'CHZ']",2019-01-03T17:25:58.520000Z,2.31
244,20190103T172652Z,1J.TI3A.,"['CH1', 'CH2', 'CHZ']",2019-01-03T17:26:52.510000Z,0.95
245,20190103T172806Z,1J.TI3A.,"['CH1', 'CH2', 'CHZ']",2019-01-03T17:28:06.410000Z,5.03
246,20190103T172919Z,1J.TI3A.,"['CH1', 'CH2', 'CHZ']",2019-01-03T17:29:19.140000Z,0.72
247,20190103T173120Z,1J.TI3A.,"['CH1', 'CH2', 'CHZ']",2019-01-03T17:31:20.770000Z,5.6
248,20190103T173617Z,1J.TI3A.,"['CH1', 'CH2', 'CHZ']",2019-01-03T17:36:17.840000Z,1.0
249,20190103T174019Z,1J.TI3A.,"['CH1', 'CH2', 'CHZ']",2019-01-03T17:40:19.040000Z,3.24
250,20190103T174147Z,1J.TI3A.,"['CH1', 'CH2', 'CHZ']",2019-01-03T17:41:47.120000Z,1.05
251,20190103T174307Z,1J.TI3A.,"['CH1', 'CH2', 'CHZ']",2019-01-03T17:43:07.120000Z,1.17
252,20190103T174441Z,1J.TI3A.,"['CH1', 'CH2', 'CHZ']",2019-01-03T17:44:41.830000Z,19.51
253,20190103T174712Z,1J.TI3A.,"['CH1', 'CH2', 'CHZ']",2019-01-03T17:47:12.170000Z,2.14
254,20190103T174834Z,1J.TI3A.,"['CH1', 'CH2', 'CHZ']",2019-01-03T17:48:34.460000Z,1.57
255,20190103T175350Z,1J.TI3A.,"['CH1', 'CH2', 'CHZ']",2019-01-03T17:53:50.690000Z,2.75
256,20190103T175816Z,1J.TI3A.,"['CH1', 'CH2', 'CHZ']",2019-01-03T17:58:16.040000Z,1.61
257,20190103T180356Z,1J.TI3A.,"['CH1', 'CH2', 'CHZ']",2019-01-03T18:03:56.710000Z,1.38
258,20190103T180409Z,1J.TI3A.,"['CH1', 'CH2', 'CHZ']",2019-01-03T18:04:09.010000Z,1.59
259,20190103T180457Z,1J.TI3A.,"['CH1', 'CH2', 'CHZ']",2019-01-03T18:04:57.020000Z,0.81
260,20190103T180512Z,1J.TI3A.,"['CH1', 'CH2', 'CHZ']",2019-01-03T18:05:12.570000Z,1.87
261,20190103T180606Z,1J.TI3A.,"['CH1', 'CH2', 'CHZ']",2019-01-03T18:06:06.200000Z,1.23
262,20190103T181357Z,1J.TI3A.,"['CH1', 'CH2', 'CHZ']",2019-01-03T18:13:57.440000Z,1.31
263,20190103T181516Z,1J.TI3A.,"['CH1', 'CH2', 'CHZ']",2019-01-03T18:15:16.590000Z,2.48
264,20190103T181539Z,1J.TI3A.,"['CH1', 'CH2', 'CHZ']",2019-01-03T18:15:39.120000Z,14.69
265,20190103T181953Z,1J.TI3A.,"['CH1', 'CH2', 'CHZ']",2019-01-03T18:19:53.210000Z,1.61
266,20190103T183138Z,1J.TI3A.,"['CH1', 'CH2', 'CHZ']",2019-01-03T18:31:38.620000Z,1.1
267,20190103T183605Z,1J.TI3A.,"['CH1', 'CH2', 'CHZ']",2019-01-03T18:36:05.430000Z,4.34
268,20190103T183720Z,1J.TI3A.,"['CH1', 'CH2', 'CHZ']",2019-01-03T18:37:20.480000Z,8.95
269,20190103T183914Z,1J.TI3A.,"['CH1', 'CH2', 'CHZ']",2019-01-03T18:39:14.260000Z,3.04
270,20190103T184536Z,1J.TI3A.,"['CH1', 'CH2', 'CHZ']",2019-01-03T18:45:42.250000Z,3.62
271,20190103T184559Z,1J.TI3A.,"['CH1', 'CH2', 'CHZ']",2019-01-03T18:45:59.860000Z,2.99
272,20190103T184648Z,1J.TI3A.,"['CH1', 'CH2', 'CHZ']",2019-01-03T18:46:48.260000Z,2.58
273,20190103T184710Z,1J.TI3A.,"['CH1', 'CH2', 'CHZ']",2019-01-03T18:47:44.430000Z,1.99
274,20190103T184858Z,1J.TI3A.,"['CH1', 'CH2', 'CHZ']",2019-01-03T18:48:58.020000Z,1.66
275,20190103T185007Z,1J.TI3A.,"['CH1', 'CH2', 'CHZ']",2019-01-03T18:50:07.130000Z,2.99
276,20190103T185259Z,1J.TI3A.,"['CH1', 'CH2', 'CHZ']",2019-01-03T18:52:59.430000Z,2.61
277,20190103T185537Z,1J.TI3A.,"['CH1', 'CH2', 'CHZ']",2019-01-03T18:55:37.150000Z,1.33
278,20190103T185609Z,1J.TI3A.,"['CH1', 'CH2', 'CHZ']",2019-01-03T18:56:09.290000Z,0.93
279,20190103T185703Z,1J.TI3A.,"['CH1', 'CH2', 'CHZ']",2019-01-03T18:57:03.120000Z,1.06
280,20190103T190043Z,1J.TI3A.,"['CH1', 'CH2', 'CHZ']",2019-01-03T19:00:43.850000Z,3.02
281,20190103T190308Z,1J.TI3A.,"['CH1', 'CH2', 'CHZ']",2019-01-03T19:03:08.270000Z,23.37
282,20190103T190559Z,1J.TI3A.,"['CH1', 'CH2', 'CHZ']",2019-01-03T19:06:02.050000Z,4.99
283,20190103T190714Z,1J.TI3A.,"['CH1', 'CH2', 'CHZ']",2019-01-03T19:07:14.500000Z,2.83
284,20190103T190816Z,1J.TI3A.,"['CH1', 'CH2', 'CHZ']",2019-01-03T19:08:24.090000Z,44.88
285,20190103T191146Z,1J.TI3A.,"['CH1', 'CH2', 'CHZ']",2019-01-03T19:11:46.270000Z,1.79
286,20190103T191800Z,1J.TI3A.,"['CH1', 'CH2', 'CHZ']",2019-01-03T19:18:00.040000Z,1.11
287,20190103T191945Z,1J.TI3A.,"['CH1', 'CH2', 'CHZ']",2019-01-03T19:19:45.720000Z,4.1
288,20190103T192023Z,1J.TI3A.,"['CH1', 'CH2', 'CHZ']",2019-01-03T19:20:23.660000Z,1.29
289,20190103T192436Z,1J.TI3A.,"['CH1', 'CH2', 'CHZ']",2019-01-03T19:24:36.420000Z,1.44
290,20190103T192557Z,1J.TI3A.,"['CH1', 'CH2', 'CHZ']",2019-01-03T19:26:00.190000Z,44.99
291,20190103T193339Z,1J.TI3A.,"['CH1', 'CH2', 'CHZ']",2019-01-03T19:33:39.810000Z,0.66
292,20190103T193346Z,1J.TI3A.,"['CH1', 'CH2', 'CHZ']",2019-01-03T19:34:12.090000Z,17.4
293,20190103T194136Z,1J.TI3A.,"['CH1', 'CH2', 'CHZ']",2019-01-03T19:41:36.260000Z,10.17
294,20190103T195252Z,1J.TI3A.,"['CH1', 'CH2', 'CHZ']",2019-01-03T19:52:52.570000Z,5.77
295,20190103T195337Z,1J.TI3A.,"['CH1', 'CH2', 'CHZ']",2019-01-03T19:53:37.560000Z,9.57
296,20190103T200855Z,1J.TI3A.,"['CH1', 'CH2', 'CHZ']",2019-01-03T20:08:55.570000Z,14.45
297,20190103T201200Z,1J.TI3A.,"['CH1', 'CH2', 'CHZ']",2019-01-03T20:12:00.720000Z,8.32
298,20190103T201422Z,1J.TI3A.,"['CH1', 'CH2', 'CHZ']",2019-01-03T20:14:22.630000Z,4.15
299,20190103T201625Z,1J.TI3A.,"['CH1', 'CH2', 'CHZ']",2019-01-03T20:16:25.770000Z,2.78
300,20190103T201644Z,1J.TI3A.,"['CH1', 'CH2', 'CHZ']",2019-01-03T20:16:44.320000Z,8.87
301,20190103T202651Z,1J.TI3A.,"['CH1', 'CH2', 'CHZ']",2019-01-03T20:26:51.360000Z,0.98
302,20190103T203450Z,1J.TI3A.,"['CH1', 'CH2', 'CHZ']",2019-01-03T20:34:50.410000Z,1.88
303,20190103T204638Z,1J.TI3A.,"['CH1', 'CH2', 'CHZ']",2019-01-03T20:46:38.010000Z,16.86
304,20190103T204750Z,1J.TI3A.,"['CH1', 'CH2', 'CHZ']",2019-01-03T20:47:50.340000Z,3.05
305,20190103T204814Z,1J.TI3A.,"['CH1', 'CH2', 'CHZ']",2019-01-03T20:48:14.630000Z,3.92
306,20190103T204826Z,1J.TI3A.,"['CH1', 'CH2', 'CHZ']",2019-01-03T20:48:26.540000Z,16.92
307,20190103T204941Z,1J.TI3A.,"['CH1', 'CH2', 'CHZ']",2019-01-03T20:49:46.910000Z,0.98
308,20190103T205033Z,1J.TI3A.,"['CH1', 'CH2', 'CHZ']",2019-01-03T20:50:33.020000Z,2.45
309,20190103T205107Z,1J.TI3A.,"['CH1', 'CH2', 'CHZ']",2019-01-03T20:51:08.360000Z,7.97
310,20190103T205153Z,1J.TI3A.,"['CH1', 'CH2', 'CHZ']",2019-01-03T20:51:53.210000Z,45.82
311,20190103T205347Z,1J.TI3A.,"['CH1', 'CH2', 'CHZ']",2019-01-03T20:53:47.220000Z,5.44
312,20190103T205405Z,1J.TI3A.,"['CH1', 'CH2', 'CHZ']",2019-01-03T20:54:05.390000Z,7.82
313,20190103T205509Z,1J.TI3A.,"['CH1', 'CH2', 'CHZ']",2019-01-03T20:55:09.820000Z,1.77
314,20190103T205724Z,1J.TI3A.,"['CH1', 'CH2', 'CHZ']",2019-01-03T20:57:29.880000Z,10.26
315,20190103T205907Z,1J.TI3A.,"['CH1', 'CH2', 'CHZ']",2019-01-03T20:59:07.870000Z,4.56
316,20190103T205927Z,1J.TI3A.,"['CH1', 'CH2', 'CHZ']",2019-01-03T20:59:27.800000Z,1.91
317,20190103T205952Z,1J.TI3A.,"['CH1', 'CH2', 'CHZ']",2019-01-03T20:59:52.070000Z,5.3
318,20190103T210053Z,1J.TI3A.,"['CH1', 'CH2', 'CHZ']",2019-01-03T21:00:53.880000Z,1.53
319,20190103T210139Z,1J.TI3A.,"['CH1', 'CH2', 'CHZ']",2019-01-03T21:01:41.070000Z,2.22
320,20190103T210206Z,1J.TI3A.,"['CH1', 'CH2', 'CHZ']",2019-01-03T21:02:06.990000Z,5.43
321,20190103T210225Z,1J.TI3A.,"['CH1', 'CH2', 'CHZ']",2019-01-03T21:02:25.220000Z,5.85
322,20190103T210241Z,1J.TI3A.,"['CH1', 'CH2', 'CHZ']",2019-01-03T21:02:41.000000Z,3.96
323,20190103T210324Z,1J.TI3A.,"['CH1', 'CH2', 'CHZ']",2019-01-03T21:03:24.060000Z,1.33
324,20190103T210339Z,1J.TI3A.,"['CH1', 'CH2', 'CHZ']",2019-01-03T21:03:41.350000Z,2.72
325,20190103T210432Z,1J.TI3A.,"['CH1', 'CH2', 'CHZ']",2019-01-03T21:04:32.230000Z,12.66
326,20190103T210638Z,1J.TI3A.,"['CH1', 'CH2', 'CHZ']",2019-01-03T21:06:38.700000Z,1.16
327,20190103T210729Z,1J.TI3A.,"['CH1', 'CH2', 'CHZ']",2019-01-03T21:07:29.270000Z,2.97
328,20190103T210808Z,1J.TI3A.,"['CH1', 'CH2', 'CHZ']",2019-01-03T21:08:11.380000Z,1.56
329,20190103T210846Z,1J.TI3A.,"['CH1', 'CH2', 'CHZ']",2019-01-03T21:08:46.430000Z,6.89
330,20190103T210956Z,1J.TI3A.,"['CH1', 'CH2', 'CHZ']",2019-01-03T21:09:56.080000Z,2.87
331,20190103T211250Z,1J.TI3A.,"['CH1', 'CH2', 'CHZ']",2019-01-03T21:12:50.540000Z,2.32
332,20190103T211430Z,1J.TI3A.,"['CH1', 'CH2', 'CHZ']",2019-01-03T21:14:31.180000Z,3.52
333,20190103T211539Z,1J.TI3A.,"['CH1', 'CH2', 'CHZ']",2019-01-03T21:15:39.470000Z,0.86
334,20190103T211559Z,1J.TI3A.,"['CH1', 'CH2', 'CHZ']",2019-01-03T21:15:59.440000Z,10.18
335,20190103T211702Z,1J.TI3A.,"['CH1', 'CH2', 'CHZ']",2019-01-03T21:17:02.140000Z,2.73
336,20190103T211717Z,1J.TI3A.,"['CH1', 'CH2', 'CHZ']",2019-01-03T21:17:17.450000Z,5.94
337,20190103T211844Z,1J.TI3A.,"['CH1', 'CH2', 'CHZ']",2019-01-03T21:18:44.980000Z,3.9
338,20190103T212002Z,1J.TI3A.,"['CH1', 'CH2', 'CHZ']",2019-01-03T21:20:02.800000Z,5.78
339,20190103T212027Z,1J.TI3A.,"['CH1', 'CH2', 'CHZ']",2019-01-03T21:20:27.820000Z,6.83
340,20190103T212259Z,1J.TI3A.,"['CH1', 'CH2', 'CHZ']",2019-01-03T21:22:59.250000Z,5.19
341,20190103T212517Z,1J.TI3A.,"['CH1', 'CH2', 'CHZ']",2019-01-03T21:25:17.430000Z,5.86
342,20190103T212638Z,1J.TI3A.,"['CH1', 'CH2', 'CHZ']",2019-01-03T21:26:38.540000Z,2.31
343,20190103T212647Z,1J.TI3A.,"['CH1', 'CH2', 'CHZ']",2019-01-03T21:26:47.190000Z,11.14
344,20190103T212705Z,1J.TI3A.,"['CH1', 'CH2', 'CHZ']",2019-01-03T21:27:05.390000Z,1.7
345,20190103T212737Z,1J.TI3A.,"['CH1', 'CH2', 'CHZ']",2019-01-03T21:27:37.270000Z,11.81
346,20190103T212833Z,1J.TI3A.,"['CH1', 'CH2', 'CHZ']",2019-01-03T21:28:33.630000Z,15.41
347,20190103T212918Z,1J.TI3A.,"['CH1', 'CH2', 'CHZ']",2019-01-03T21:29:18.450000Z,2.57
348,20190103T212952Z,1J.TI3A.,"['CH1', 'CH2', 'CHZ']",2019-01-03T21:29:52.580000Z,29.57
349,20190103T213054Z,1J.TI3A.,"['CH1', 'CH2', 'CHZ']",2019-01-03T21:30:54.810000Z,1.75
350,20190103T213131Z,1J.TI3A.,"['CH1', 'CH2', 'CHZ']",2019-01-03T21:31:31.340000Z,2.45
351,20190103T213203Z,1J.TI3A.,"['CH1', 'CH2', 'CHZ']",2019-01-03T21:32:03.500000Z,1.15
352,20190103T213219Z,1J.TI3A.,"['CH1', 'CH2', 'CHZ']",2019-01-03T21:32:19.300000Z,6.52
353,20190103T213313Z,1J.TI3A.,"['CH1', 'CH2', 'CHZ']",2019-01-03T21:33:13.780000Z,3.46
354,20190103T213327Z,1J.TI3A.,"['CH1', 'CH2', 'CHZ']",2019-01-03T21:33:27.520000Z,11.03
355,20190103T213443Z,1J.TI3A.,"['CH1', 'CH2', 'CHZ']",2019-01-03T21:34:57.720000Z,8.44
356,20190103T213529Z,1J.TI3A.,"['CH1', 'CH2', 'CHZ']",2019-01-03T21:35:29.870000Z,2.38
357,20190103T213603Z,1J.TI3A.,"['CH1', 'CH2', 'CHZ']",2019-01-03T21:36:03.010000Z,20.35
358,20190103T213651Z,1J.TI3A.,"['CH1', 'CH2', 'CHZ']",2019-01-03T21:36:51.230000Z,2.61
359,20190103T213731Z,1J.TI3A.,"['CH1', 'CH2', 'CHZ']",2019-01-03T21:37:31.370000Z,1.6
360,20190103T213811Z,1J.TI3A.,"['CH1', 'CH2', 'CHZ']",2019-01-03T21:38:11.790000Z,10.04
361,20190103T213858Z,1J.TI3A.,"['CH1', 'CH2', 'CHZ']",2019-01-03T21:38:58.050000Z,9.87
362,20190103T213918Z,1J.TI3A.,"['CH1', 'CH2', 'CHZ']",2019-01-03T21:39:18.690000Z,0.78
363,20190103T214042Z,1J.TI3A.,"['CH1', 'CH2', 'CHZ']",2019-01-03T21:40:42.790000Z,1.52
364,20190103T214214Z,1J.TI3A.,"['CH1', 'CH2', 'CHZ']",2019-01-03T21:42:14.890000Z,9.82
365,20190103T214336Z,1J.TI3A.,"['CH1', 'CH2', 'CHZ']",2019-01-03T21:43:36.240000Z,2.93
366,20190103T214425Z,1J.TI3A.,"['CH1', 'CH2', 'CHZ']",2019-01-03T21:44:25.270000Z,2.61
367,20190103T214452Z,1J.TI3A.,"['CH1', 'CH2', 'CHZ']",2019-01-03T21:44:52.250000Z,9.85
368,20190103T214525Z,1J.TI3A.,"['CH1', 'CH2', 'CHZ']",2019-01-03T21:45:25.280000Z,10.17
369,20190103T214726Z,1J.TI3A.,"['CH1', 'CH2', 'CHZ']",2019-01-03T21:47:26.510000Z,1.98
370,20190103T214745Z,1J.TI3A.,"['CH1', 'CH2', 'CHZ']",2019-01-03T21:47:45.020000Z,5.74
371,20190103T214808Z,1J.TI3A.,"['CH1', 'CH2', 'CHZ']",2019-01-03T21:48:08.560000Z,1.11
372,20190103T214825Z,1J.TI3A.,"['CH1', 'CH2', 'CHZ']",2019-01-03T21:48:25.910000Z,3.58
373,20190103T214847Z,1J.TI3A.,"['CH1', 'CH2', 'CHZ']",2019-01-03T21:48:47.210000Z,4.1
374,20190103T214928Z,1J.TI3A.,"['CH1', 'CH2', 'CHZ']",2019-01-03T21:49:28.810000Z,1.72
375,20190103T214938Z,1J.TI3A.,"['CH1', 'CH2', 'CHZ']",2019-01-03T21:49:38.280000Z,22.27
376,20190103T215046Z,1J.TI3A.,"['CH1', 'CH2', 'CHZ']",2019-01-03T21:50:46.990000Z,2.72
377,20190103T215104Z,1J.TI3A.,"['CH1', 'CH2', 'CHZ']",2019-01-03T21:51:04.620000Z,12.98
378,20190103T215205Z,1J.TI3A.,"['CH1', 'CH2', 'CHZ']",2019-01-03T21:52:05.820000Z,5.33
379,20190103T215224Z,1J.TI3A.,"['CH1', 'CH2', 'CHZ']",2019-01-03T21:52:24.780000Z,0.86
380,20190103T215239Z,1J.TI3A.,"['CH1', 'CH2', 'CHZ']",2019-01-03T21:52:39.930000Z,13.14
381,20190103T215441Z,1J.TI3A.,"['CH1', 'CH2', 'CHZ']",2019-01-03T21:54:41.240000Z,1.4
382,20190103T215507Z,1J.TI3A.,"['CH1', 'CH2', 'CHZ']",2019-01-03T21:55:07.440000Z,1.61
383,20190103T215656Z,1J.TI3A.,"['CH1', 'CH2', 'CHZ']",2019-01-03T21:56:56.400000Z,1.83
384,20190103T215711Z,1J.TI3A.,"['CH1', 'CH2', 'CHZ']",2019-01-03T21:57:11.700000Z,5.43
385,20190103T215836Z,1J.TI3A.,"['CH1', 'CH2', 'CHZ']",2019-01-03T21:58:36.560000Z,2.75
386,20190103T215943Z,1J.TI3A.,"['CH1', 'CH2', 'CHZ']",2019-01-03T21:59:43.830000Z,8.46
387,20190103T220056Z,1J.TI3A.,"['CH1', 'CH2', 'CHZ']",2019-01-03T22:00:56.280000Z,1.43
388,20190103T220113Z,1J.TI3A.,"['CH1', 'CH2', 'CHZ']",2019-01-03T22:01:13.550000Z,1.54
389,20190103T220204Z,1J.TI3A.,"['CH1', 'CH2', 'CHZ']",2019-01-03T22:02:04.960000Z,4.66
390,20190103T220310Z,1J.TI3A.,"['CH1', 'CH2', 'CHZ']",2019-01-03T22:03:10.260000Z,0.7
391,20190103T220342Z,1J.TI3A.,"['CH1', 'CH2', 'CHZ']",2019-01-03T22:03:42.490000Z,5.04
392,20190103T220425Z,1J.TI3A.,"['CH1', 'CH2', 'CHZ']",2019-01-03T22:04:25.400000Z,1.1
393,20190103T220441Z,1J.TI3A.,"['CH1', 'CH2', 'CHZ']",2019-01-03T22:04:41.900000Z,1.41
394,20190103T220457Z,1J.TI3A.,"['CH1', 'CH2', 'CHZ']",2019-01-03T22:04:57.000000Z,10.09
395,20190103T220550Z,1J.TI3A.,"['CH1', 'CH2', 'CHZ']",2019-01-03T22:05:50.160000Z,3.22
396,20190103T220606Z,1J.TI3A.,"['CH1', 'CH2', 'CHZ']",2019-01-03T22:06:06.330000Z,10.61
397,20190103T220708Z,1J.TI3A.,"['CH1', 'CH2', 'CHZ']",2019-01-03T22:07:08.860000Z,0.74
398,20190103T220753Z,1J.TI3A.,"['CH1', 'CH2', 'CHZ']",2019-01-03T22:07:53.370000Z,2.25
399,20190103T220800Z,1J.TI3A.,"['CH1', 'CH2', 'CHZ']",2019-01-03T22:08:00.760000Z,5.17
400,20190103T220816Z,1J.TI3A.,"['CH1', 'CH2', 'CHZ']",2019-01-03T22:08:16.690000Z,4.18
401,20190103T220956Z,1J.TI3A.,"['CH1', 'CH2', 'CHZ']",2019-01-03T22:09:56.670000Z,2.81
402,20190103T221007Z,1J.TI3A.,"['CH1', 'CH2', 'CHZ']",2019-01-03T22:10:11.530000Z,4.7
403,20190103T221105Z,1J.TI3A.,"['CH1', 'CH2', 'CHZ']",2019-01-03T22:11:05.500000Z,0.88
404,20190103T221153Z,1J.TI3A.,"['CH1', 'CH2', 'CHZ']",2019-01-03T22:11:53.030000Z,8.48
405,20190103T221209Z,1J.TI3A.,"['CH1', 'CH2', 'CHZ']",2019-01-03T22:12:09.510000Z,7.15
406,20190103T221239Z,1J.TI3A.,"['CH1', 'CH2', 'CHZ']",2019-01-03T22:12:39.730000Z,1.72
407,20190103T221323Z,1J.TI3A.,"['CH1', 'CH2', 'CHZ']",2019-01-03T22:13:23.940000Z,1.35
408,20190103T221350Z,1J.TI3A.,"['CH1', 'CH2', 'CHZ']",2019-01-03T22:13:50.300000Z,9.22
409,20190103T221420Z,1J.TI3A.,"['CH1', 'CH2', 'CHZ']",2019-01-03T22:14:20.980000Z,7.56
410,20190103T221517Z,1J.TI3A.,"['CH1', 'CH2', 'CHZ']",2019-01-03T22:15:17.850000Z,2.4
411,20190103T221619Z,1J.TI3A.,"['CH1', 'CH2', 'CHZ']",2019-01-03T22:16:19.360000Z,4.38
412,20190103T221631Z,1J.TI3A.,"['CH1', 'CH2', 'CHZ']",2019-01-03T22:16:31.670000Z,14.27
413,20190103T221730Z,1J.TI3A.,"['CH1', 'CH2', 'CHZ']",2019-01-03T22:17:30.220000Z,11.33
414,20190103T221831Z,1J.TI3A.,"['CH1', 'CH2', 'CHZ']",2019-01-03T22:18:31.380000Z,2.26
415,20190103T221904Z,1J.TI3A.,"['CH1', 'CH2', 'CHZ']",2019-01-03T22:19:04.780000Z,2.78
416,20190103T221938Z,1J.TI3A.,"['CH1', 'CH2', 'CHZ']",2019-01-03T22:19:38.220000Z,12.49
417,20190103T222009Z,1J.TI3A.,"['CH1', 'CH2', 'CHZ']",2019-01-03T22:20:09.220000Z,2.36
418,20190103T222055Z,1J.TI3A.,"['CH1', 'CH2', 'CHZ']",2019-01-03T22:20:55.140000Z,34.9
419,20190103T222359Z,1J.TI3A.,"['CH1', 'CH2', 'CHZ']",2019-01-03T22:23:59.800000Z,18.98
420,20190103T222521Z,1J.TI3A.,"['CH1', 'CH2', 'CHZ']",2019-01-03T22:25:21.040000Z,3.68
421,20190103T222558Z,1J.TI3A.,"['CH1', 'CH2', 'CHZ']",2019-01-03T22:25:58.830000Z,0.68
422,20190103T222738Z,1J.TI3A.,"['CH1', 'CH2', 'CHZ']",2019-01-03T22:27:38.440000Z,15.19
423,20190103T222911Z,1J.TI3A.,"['CH1', 'CH2', 'CHZ']",2019-01-03T22:29:11.670000Z,3.06
424,20190103T223004Z,1J.TI3A.,"['CH1', 'CH2', 'CHZ']",2019-01-03T22:30:04.640000Z,0.96
425,20190103T223037Z,1J.TI3A.,"['CH1', 'CH2', 'CHZ']",2019-01-03T22:30:37.340000Z,2.01
426,20190103T223218Z,1J.TI3A.,"['CH1', 'CH2', 'CHZ']",2019-01-03T22:32:18.960000Z,5.1
427,20190103T223229Z,1J.TI3A.,"['CH1', 'CH2', 'CHZ']",2019-01-03T22:32:29.270000Z,5.8
428,20190103T223305Z,1J.TI3A.,"['CH1', 'CH2', 'CHZ']",2019-01-03T22:33:05.380000Z,17.53
429,20190103T223501Z,1J.TI3A.,"['CH1', 'CH2', 'CHZ']",2019-01-03T22:35:01.040000Z,15.72
430,20190103T223632Z,1J.TI3A.,"['CH1', 'CH2', 'CHZ']",2019-01-03T22:36:49.440000Z,3.92
431,20190103T223841Z,1J.TI3A.,"['CH1', 'CH2', 'CHZ']",2019-01-03T22:38:41.130000Z,5.98
432,20190103T223935Z,1J.TI3A.,"['CH1', 'CH2', 'CHZ']",2019-01-03T22:39:35.550000Z,2.25
433,20190103T224008Z,1J.TI3A.,"['CH1', 'CH2', 'CHZ']",2019-01-03T22:40:08.250000Z,2.06
434,20190103T224216Z,1J.TI3A.,"['CH1', 'CH2', 'CHZ']",2019-01-03T22:42:16.060000Z,11.32
435,20190103T224423Z,1J.TI3A.,"['CH1', 'CH2', 'CHZ']",2019-01-03T22:44:23.840000Z,8.62
436,20190103T224553Z,1J.TI3A.,"['CH1', 'CH2', 'CHZ']",2019-01-03T22:45:53.690000Z,4.09
437,20190103T225027Z,1J.TI3A.,"['CH1', 'CH2', 'CHZ']",2019-01-03T22:50:27.990000Z,1.72
438,20190103T225046Z,1J.TI3A.,"['CH1', 'CH2', 'CHZ']",2019-01-03T22:50:46.540000Z,3.25
439,20190103T225556Z,1J.TI3A.,"['CH1', 'CH2', 'CHZ']",2019-01-03T22:55:56.890000Z,8.41
440,20190103T231431Z,1J.TI3A.,"['CH1', 'CH2', 'CHZ']",2019-01-03T23:14:33.960000Z,16.46
441,20190103T231733Z,1J.TI3A.,"['CH1', 'CH2', 'CHZ']",2019-01-03T23:17:33.950000Z,2.28
442,20190103T232220Z,1J.TI3A.,"['CH1', 'CH2', 'CHZ']",2019-01-03T23:22:20.040000Z,2.21
443,20190103T233314Z,1J.TI3A.,"['CH1', 'CH2', 'CHZ']",2019-01-03T23:33:14.810000Z,4.33
444,20190103T233543Z,1J.TI3A.,"['CH1', 'CH2', 'CHZ']",2019-01-03T23:35:43.430000Z,4.78
445,20190103T233617Z,1J.TI3A.,"['CH1', 'CH2', 'CHZ']",2019-01-03T23:36:17.870000Z,17.28
446,20190103T233744Z,1J.TI3A.,"['CH1', 'CH2', 'CHZ']",2019-01-03T23:37:44.810000Z,8.79
447,20190103T233834Z,1J.TI3A.,"['CH1', 'CH2', 'CHZ']",2019-01-03T23:38:34.150000Z,18.51
448,20190103T233925Z,1J.TI3A.,"['CH1', 'CH2', 'CHZ']",2019-01-03T23:39:25.390000Z,10.43
449,20190103T233953Z,1J.TI3A.,"['CH1', 'CH2', 'CHZ']",2019-01-03T23:39:53.660000Z,1.39
450,20190103T234134Z,1J.TI3A.,"['CH1', 'CH2', 'CHZ']",2019-01-03T23:41:34.660000Z,3.51
451,20190103T234213Z,1J.TI3A.,"['CH1', 'CH2', 'CHZ']",2019-01-03T23:42:13.630000Z,8.06
452,20190103T234257Z,1J.TI3A.,"['CH1', 'CH2', 'CHZ']",2019-01-03T23:42:57.280000Z,3.73
453,20190103T234445Z,1J.TI3A.,"['CH1', 'CH2', 'CHZ']",2019-01-03T23:44:45.240000Z,1.93
454,20190103T234455Z,1J.TI3A.,"['CH1', 'CH2', 'CHZ']",2019-01-03T23:44:55.980000Z,4.24
455,20190103T234551Z,1J.TI3A.,"['CH1', 'CH2', 'CHZ']",2019-01-03T23:45:51.950000Z,4.33
456,20190103T234649Z,1J.TI3A.,"['CH1', 'CH2', 'CHZ']",2019-01-03T23:46:49.700000Z,1.32
457,20190103T234713Z,1J.TI3A.,"['CH1', 'CH2', 'CHZ']",2019-01-03T23:47:13.350000Z,4.46
458,20190103T234905Z,1J.TI3A.,"['CH1', 'CH2', 'CHZ']",2019-01-03T23:49:05.670000Z,2.89
459,20190103T234956Z,1J.TI3A.,"['CH1', 'CH2', 'CHZ']",2019-01-03T23:49:56.980000Z,27.4
460,20190103T235129Z,1J.TI3A.,"['CH1', 'CH2', 'CHZ']",2019-01-03T23:51:29.240000Z,1.18
461,20190103T235149Z,1J.TI3A.,"['CH1', 'CH2', 'CHZ']",2019-01-03T23:51:49.460000Z,3.03
462,20190103T235201Z,1J.TI3A.,"['CH1', 'CH2', 'CHZ']",2019-01-03T23:52:01.630000Z,18.81
463,20190103T235300Z,1J.TI3A.,"['CH1', 'CH2', 'CHZ']",2019-01-03T23:53:00.180000Z,0.87
464,20190103T235425Z,1J.TI3A.,"['CH1', 'CH2', 'CHZ']",2019-01-03T23:54:25.630000Z,0.81
465,20190103T235539Z,1J.TI3A.,"['CH1', 'CH2', 'CHZ']",2019-01-03T23:55:39.980000Z,4.51
466,20190103T235629Z,1J.TI3A.,"['CH1', 'CH2', 'CHZ']",2019-01-03T23:56:29.000000Z,10.33
467,20190103T235740Z,1J.TI3A.,"['CH1', 'CH2', 'CHZ']",2019-01-03T23:57:40.240000Z,2.19
468,20190103T235801Z,1J.TI3A.,"['CH1', 'CH2', 'CHZ']",2019-01-03T23:58:01.120000Z,1.92
469,20190103T235815Z,1J.TI3A.,"['CH1', 'CH2', 'CHZ']",2019-01-03T23:58:15.140000Z,1.53
470,20190103T235941Z,1J.TI3A.,"['CH1', 'CH2', 'CHZ']",2019-01-03T23:59:41.370000Z,5.55
471,20190103T001401Z,1J.TI8A.,"['CH1', 'CH2', 'CHZ']",2019-01-03T00:14:01.830000Z,22.23
472,20190103T002257Z,1J.TI8A.,"['CH1', 'CH2', 'CHZ']",2019-01-03T00:22:57.640000Z,49.2
473,20190103T003052Z,1J.TI8A.,"['CH1', 'CH2', 'CHZ']",2019-01-03T00:30:53.540000Z,23.38
474,20190103T003539Z,1J.TI8A.,"['CH1', 'CH2', 'CHZ']",2019-01-03T00:35:39.510000Z,15.74
475,20190103T003620Z,1J.TI8A.,"['CH1', 'CH2', 'CHZ']",2019-01-03T00:36:20.480000Z,0.78
476,20190103T005758Z,1J.TI8A.,"['CH1', 'CH2', 'CHZ']",2019-01-03T00:58:00.180000Z,18.75
477,20190103T005827Z,1J.TI8A.,"['CH1', 'CH2', 'CHZ']",2019-01-03T00:58:29.270000Z,17.31
478,20190103T010722Z,1J.TI8A.,"['CH1', 'CH2', 'CHZ']",2019-01-03T01:07:23.040000Z,25.85
479,20190103T012017Z,1J.TI8A.,"['CH1', 'CH2', 'CHZ']",2019-01-03T01:20:17.250000Z,22.14
480,20190103T013053Z,1J.TI8A.,"['CH1', 'CH2', 'CHZ']",2019-01-03T01:30:53.890000Z,12.84
481,20190103T014038Z,1J.TI8A.,"['CH1', 'CH2', 'CHZ']",2019-01-03T01:40:38.960000Z,18.54
482,20190103T014716Z,1J.TI8A.,"['CH1', 'CH2', 'CHZ']",2019-01-03T01:47:16.180000Z,25.95
483,20190103T020110Z,1J.TI8A.,"['CH1', 'CH2', 'CHZ']",2019-01-03T02:01:11.740000Z,22.67
484,20190103T020843Z,1J.TI8A.,"['CH1', 'CH2', 'CHZ']",2019-01-03T02:08:43.700000Z,47.91
485,20190103T022030Z,1J.TI8A.,"['CH1', 'CH2', 'CHZ']",2019-01-03T02:20:30.520000Z,16.13
486,20190103T022821Z,1J.TI8A.,"['CH1', 'CH2', 'CHZ']",2019-01-03T02:28:21.890000Z,25.54
487,20190103T024019Z,1J.TI8A.,"['CH1', 'CH2', 'CHZ']",2019-01-03T02:40:19.350000Z,21.78
488,20190103T025614Z,1J.TI8A.,"['CH1', 'CH2', 'CHZ']",2019-01-03T02:56:14.190000Z,2.99
489,20190103T025751Z,1J.TI8A.,"['CH1', 'CH2', 'CHZ']",2019-01-03T02:57:51.430000Z,23.34
490,20190103T025820Z,1J.TI8A.,"['CH1', 'CH2', 'CHZ']",2019-01-03T02:58:20.520000Z,16.47
491,20190103T030005Z,1J.TI8A.,"['CH1', 'CH2', 'CHZ']",2019-01-03T03:00:05.210000Z,12.5
492,20190103T030030Z,1J.TI8A.,"['CH1', 'CH2', 'CHZ']",2019-01-03T03:00:32.320000Z,22.18
493,20190103T030727Z,1J.TI8A.,"['CH1', 'CH2', 'CHZ']",2019-01-03T03:07:28.890000Z,24.76
494,20190103T031338Z,1J.TI8A.,"['CH1', 'CH2', 'CHZ']",2019-01-03T03:13:38.440000Z,9.03
495,20190103T031957Z,1J.TI8A.,"['CH1', 'CH2', 'CHZ']",2019-01-03T03:19:57.000000Z,50.13
496,20190103T032241Z,1J.TI8A.,"['CH1', 'CH2', 'CHZ']",2019-01-03T03:22:41.820000Z,4.38
497,20190103T032540Z,1J.TI8A.,"['CH1', 'CH2', 'CHZ']",2019-01-03T03:25:40.320000Z,18.55
498,20190103T035057Z,1J.TI8A.,"['CH1', 'CH2', 'CHZ']",2019-01-03T03:51:00.130000Z,23.15
499,20190103T040011Z,1J.TI8A.,"['CH1', 'CH2', 'CHZ']",2019-01-03T04:00:12.960000Z,13.43
500,20190103T041116Z,1J.TI8A.,"['CH1', 'CH2', 'CHZ']",2019-01-03T04:11:16.610000Z,11.24
501,20190103T042336Z,1J.TI8A.,"['CH1', 'CH2', 'CHZ']",2019-01-03T04:23:38.210000Z,23.27
502,20190103T044706Z,1J.TI8A.,"['CH1', 'CH2', 'CHZ']",2019-01-03T04:47:07.530000Z,23.63
503,20190103T050446Z,1J.TI8A.,"['CH1', 'CH2', 'CHZ']",2019-01-03T05:04:46.380000Z,4.05
504,20190103T052610Z,1J.TI8A.,"['CH1', 'CH2', 'CHZ']",2019-01-03T05:26:10.190000Z,49.09
505,20190103T060156Z,1J.TI8A.,"['CH1', 'CH2', 'CHZ']",2019-01-03T06:02:17.070000Z,20.74
506,20190103T060453Z,1J.TI8A.,"['CH1', 'CH2', 'CHZ']",2019-01-03T06:04:53.450000Z,0.99
507,20190103T060512Z,1J.TI8A.,"['CH1', 'CH2', 'CHZ']",2019-01-03T06:05:12.810000Z,32.36
508,20190103T060827Z,1J.TI8A.,"['CH1', 'CH2', 'CHZ']",2019-01-03T06:08:28.000000Z,23.0
509,20190103T061013Z,1J.TI8A.,"['CH1', 'CH2', 'CHZ']",2019-01-03T06:10:13.610000Z,10.29
510,20190103T062559Z,1J.TI8A.,"['CH1', 'CH2', 'CHZ']",2019-01-03T06:25:59.500000Z,14.27
511,20190103T064059Z,1J.TI8A.,"['CH1', 'CH2', 'CHZ']",2019-01-03T06:40:59.860000Z,31.17
512,20190103T064559Z,1J.TI8A.,"['CH1', 'CH2', 'CHZ']",2019-01-03T06:45:59.470000Z,18.15
513,20190103T070448Z,1J.TI8A.,"['CH1', 'CH2', 'CHZ']",2019-01-03T07:04:48.770000Z,26.12
514,20190103T072512Z,1J.TI8A.,"['CH1', 'CH2', 'CHZ']",2019-01-03T07:25:12.520000Z,13.2
515,20190103T080841Z,1J.TI8A.,"['CH1', 'CH2', 'CHZ']",2019-01-03T08:08:41.150000Z,20.15
516,20190103T081426Z,1J.TI8A.,"['CH1', 'CH2', 'CHZ']",2019-01-03T08:14:27.180000Z,48.01
517,20190103T081743Z,1J.TI8A.,"['CH1', 'CH2', 'CHZ']",2019-01-03T08:17:43.390000Z,47.97
518,20190103T082457Z,1J.TI8A.,"['CH1', 'CH2', 'CHZ']",2019-01-03T08:24:57.110000Z,52.37
519,20190103T083145Z,1J.TI8A.,"['CH1', 'CH2', 'CHZ']",2019-01-03T08:31:45.670000Z,8.66
520,20190103T084612Z,1J.TI8A.,"['CH1', 'CH2', 'CHZ']",2019-01-03T08:46:12.940000Z,20.19
521,20190103T090435Z,1J.TI8A.,"['CH1', 'CH2', 'CHZ']",2019-01-03T09:04:35.630000Z,25.42
522,20190103T091149Z,1J.TI8A.,"['CH1', 'CH2', 'CHZ']",2019-01-03T09:11:49.430000Z,11.06
523,20190103T091719Z,1J.TI8A.,"['CH1', 'CH2', 'CHZ']",2019-01-03T09:17:19.280000Z,20.66
524,20190103T091747Z,1J.TI8A.,"['CH1', 'CH2', 'CHZ']",2019-01-03T09:17:50.560000Z,16.78
525,20190103T092010Z,1J.TI8A.,"['CH1', 'CH2', 'CHZ']",2019-01-03T09:20:10.070000Z,10.39
526,20190103T092508Z,1J.TI8A.,"['CH1', 'CH2', 'CHZ']",2019-01-03T09:25:09.490000Z,24.14
527,20190103T092721Z,1J.TI8A.,"['CH1', 'CH2', 'CHZ']",2019-01-03T09:27:21.040000Z,12.49
528,20190103T093040Z,1J.TI8A.,"['CH1', 'CH2', 'CHZ']",2019-01-03T09:30:40.090000Z,3.37
529,20190103T093307Z,1J.TI8A.,"['CH1', 'CH2', 'CHZ']",2019-01-03T09:33:07.380000Z,4.52
530,20190103T094036Z,1J.TI8A.,"['CH1', 'CH2', 'CHZ']",2019-01-03T09:40:36.160000Z,18.06
531,20190103T094233Z,1J.TI8A.,"['CH1', 'CH2', 'CHZ']",2019-01-03T09:42:35.390000Z,24.14
532,20190103T094332Z,1J.TI8A.,"['CH1', 'CH2', 'CHZ']",2019-01-03T09:43:34.460000Z,53.32
533,20190103T094946Z,1J.TI8A.,"['CH1', 'CH2', 'CHZ']",2019-01-03T09:49:46.140000Z,2.51
534,20190103T101020Z,1J.TI8A.,"['CH1', 'CH2', 'CHZ']",2019-01-03T10:10:20.790000Z,21.29
535,20190103T102335Z,1J.TI8A.,"['CH1', 'CH2', 'CHZ']",2019-01-03T10:23:35.340000Z,19.48
536,20190103T102502Z,1J.TI8A.,"['CH1', 'CH2', 'CHZ']",2019-01-03T10:25:02.500000Z,4.97
537,20190103T102650Z,1J.TI8A.,"['CH1', 'CH2', 'CHZ']",2019-01-03T10:26:50.220000Z,9.07
538,20190103T102810Z,1J.TI8A.,"['CH1', 'CH2', 'CHZ']",2019-01-03T10:28:10.040000Z,6.48
539,20190103T104714Z,1J.TI8A.,"['CH1', 'CH2', 'CHZ']",2019-01-03T10:47:14.740000Z,5.6
540,20190103T105709Z,1J.TI8A.,"['CH1', 'CH2', 'CHZ']",2019-01-03T10:57:11.060000Z,24.32
541,20190103T110945Z,1J.TI8A.,"['CH1', 'CH2', 'CHZ']",2019-01-03T11:09:45.880000Z,17.78
542,20190103T112631Z,1J.TI8A.,"['CH1', 'CH2', 'CHZ']",2019-01-03T11:26:31.590000Z,19.8
543,20190103T112834Z,1J.TI8A.,"['CH1', 'CH2', 'CHZ']",2019-01-03T11:28:34.310000Z,2.25
544,20190103T113732Z,1J.TI8A.,"['CH1', 'CH2', 'CHZ']",2019-01-03T11:37:34.710000Z,18.54
545,20190103T115834Z,1J.TI8A.,"['CH1', 'CH2', 'CHZ']",2019-01-03T11:58:34.040000Z,51.15
546,20190103T120029Z,1J.TI8A.,"['CH1', 'CH2', 'CHZ']",2019-01-03T12:00:29.040000Z,11.66
547,20190103T120415Z,1J.TI8A.,"['CH1', 'CH2', 'CHZ']",2019-01-03T12:04:15.390000Z,1.81
548,20190103T120722Z,1J.TI8A.,"['CH1', 'CH2', 'CHZ']",2019-01-03T12:07:22.440000Z,23.57
549,20190103T121125Z,1J.TI8A.,"['CH1', 'CH2', 'CHZ']",2019-01-03T12:11:25.360000Z,7.19
550,20190103T122035Z,1J.TI8A.,"['CH1', 'CH2', 'CHZ']",2019-01-03T12:20:35.760000Z,11.41
551,20190103T123700Z,1J.TI8A.,"['CH1', 'CH2', 'CHZ']",2019-01-03T12:37:06.660000Z,13.18
552,20190103T124525Z,1J.TI8A.,"['CH1', 'CH2', 'CHZ']",2019-01-03T12:45:25.840000Z,15.77
553,20190103T125115Z,1J.TI8A.,"['CH1', 'CH2', 'CHZ']",2019-01-03T12:51:15.660000Z,3.56
554,20190103T130400Z,1J.TI8A.,"['CH1', 'CH2', 'CHZ']",2019-01-03T13:04:00.340000Z,5.38
555,20190103T130648Z,1J.TI8A.,"['CH1', 'CH2', 'CHZ']",2019-01-03T13:06:48.120000Z,0.74
556,20190103T130856Z,1J.TI8A.,"['CH1', 'CH2', 'CHZ']",2019-01-03T13:08:56.430000Z,1.44
557,20190103T131034Z,1J.TI8A.,"['CH1', 'CH2', 'CHZ']",2019-01-03T13:10:34.280000Z,0.86
558,20190103T131224Z,1J.TI8A.,"['CH1', 'CH2', 'CHZ']",2019-01-03T13:12:24.250000Z,0.8
559,20190103T133012Z,1J.TI8A.,"['CH1', 'CH2', 'CHZ']",2019-01-03T13:30:12.240000Z,17.29
560,20190103T134514Z,1J.TI8A.,"['CH1', 'CH2', 'CHZ']",2019-01-03T13:45:14.680000Z,5.06
561,20190103T135009Z,1J.TI8A.,"['CH1', 'CH2', 'CHZ']",2019-01-03T13:50:09.190000Z,2.43
562,20190103T135236Z,1J.TI8A.,"['CH1', 'CH2', 'CHZ']",2019-01-03T13:52:36.340000Z,18.65
563,20190103T135325Z,1J.TI8A.,"['CH1', 'CH2', 'CHZ']",2019-01-03T13:53:25.720000Z,1.37
564,20190103T140005Z,1J.TI8A.,"['CH1', 'CH2', 'CHZ']",2019-01-03T14:00:05.170000Z,7.26
565,20190103T140618Z,1J.TI8A.,"['CH1', 'CH2', 'CHZ']",2019-01-03T14:06:18.010000Z,22.83
566,20190103T141854Z,1J.TI8A.,"['CH1', 'CH2', 'CHZ']",2019-01-03T14:18:54.790000Z,29.94
567,20190103T143442Z,1J.TI8A.,"['CH1', 'CH2', 'CHZ']",2019-01-03T14:34:51.720000Z,13.31
568,20190103T143755Z,1J.TI8A.,"['CH1', 'CH2', 'CHZ']",2019-01-03T14:37:55.560000Z,51.7
569,20190103T144341Z,1J.TI8A.,"['CH1', 'CH2', 'CHZ']",2019-01-03T14:43:41.640000Z,3.04
570,20190103T144848Z,1J.TI8A.,"['CH1', 'CH2', 'CHZ']",2019-01-03T14:48:48.810000Z,11.23
571,20190103T145616Z,1J.TI8A.,"['CH1', 'CH2', 'CHZ']",2019-01-03T14:56:16.620000Z,23.14
572,20190103T150416Z,1J.TI8A.,"['CH1', 'CH2', 'CHZ']",2019-01-03T15:04:17.830000Z,6.57
573,20190103T151954Z,1J.TI8A.,"['CH1', 'CH2', 'CHZ']",2019-01-03T15:19:54.460000Z,19.0
574,20190103T152604Z,1J.TI8A.,"['CH1', 'CH2', 'CHZ']",2019-01-03T15:26:05.300000Z,24.62
575,20190103T153333Z,1J.TI8A.,"['CH1', 'CH2', 'CHZ']",2019-01-03T15:33:33.280000Z,3.47
576,20190103T155156Z,1J.TI8A.,"['CH1', 'CH2', 'CHZ']",2019-01-03T15:51:56.790000Z,16.85
577,20190103T160312Z,1J.TI8A.,"['CH1', 'CH2', 'CHZ']",2019-01-03T16:03:12.140000Z,15.36
578,20190103T160341Z,1J.TI8A.,"['CH1', 'CH2', 'CHZ']",2019-01-03T16:03:41.680000Z,15.7
579,20190103T161820Z,1J.TI8A.,"['CH1', 'CH2', 'CHZ']",2019-01-03T16:18:20.940000Z,2.33
580,20190103T162837Z,1J.TI8A.,"['CH1', 'CH2', 'CHZ']",2019-01-03T16:28:37.250000Z,12.98
581,20190103T163756Z,1J.TI8A.,"['CH1', 'CH2', 'CHZ']",2019-01-03T16:38:05.970000Z,40.29
582,20190103T164238Z,1J.TI8A.,"['CH1', 'CH2', 'CHZ']",2019-01-03T16:42:38.060000Z,6.75
583,20190103T164415Z,1J.TI8A.,"['CH1', 'CH2', 'CHZ']",2019-01-03T16:44:15.420000Z,16.34
584,20190103T165032Z,1J.TI8A.,"['CH1', 'CH2', 'CHZ']",2019-01-03T16:50:32.990000Z,16.32
585,20190103T165700Z,1J.TI8A.,"['CH1', 'CH2', 'CHZ']",2019-01-03T16:57:00.300000Z,2.84
586,20190103T170753Z,1J.TI8A.,"['CH1', 'CH2', 'CHZ']",2019-01-03T17:07:53.450000Z,8.76
587,20190103T171113Z,1J.TI8A.,"['CH1', 'CH2', 'CHZ']",2019-01-03T17:11:16.070000Z,2.05
588,20190103T172255Z,1J.TI8A.,"['CH1', 'CH2', 'CHZ']",2019-01-03T17:22:55.940000Z,1.58
589,20190103T173641Z,1J.TI8A.,"['CH1', 'CH2', 'CHZ']",2019-01-03T17:36:41.440000Z,17.49
590,20190103T174540Z,1J.TI8A.,"['CH1', 'CH2', 'CHZ']",2019-01-03T17:45:40.860000Z,4.59
591,20190103T180336Z,1J.TI8A.,"['CH1', 'CH2', 'CHZ']",2019-01-03T18:03:36.690000Z,16.98
592,20190103T183751Z,1J.TI8A.,"['CH1', 'CH2', 'CHZ']",2019-01-03T18:38:05.890000Z,4.3
593,20190103T184232Z,1J.TI8A.,"['CH1', 'CH2', 'CHZ']",2019-01-03T18:42:32.800000Z,16.12
594,20190103T191359Z,1J.TI8A.,"['CH1', 'CH2', 'CHZ']",2019-01-03T19:13:59.010000Z,14.26
595,20190103T192034Z,1J.TI8A.,"['CH1', 'CH2', 'CHZ']",2019-01-03T19:20:34.650000Z,22.3
596,20190103T192321Z,1J.TI8A.,"['CH1', 'CH2', 'CHZ']",2019-01-03T19:23:21.540000Z,5.75
597,20190103T192557Z,1J.TI8A.,"['CH1', 'CH2', 'CHZ']",2019-01-03T19:25:57.980000Z,51.57
598,20190103T192846Z,1J.TI8A.,"['CH1', 'CH2', 'CHZ']",2019-01-03T19:28:46.340000Z,1.55
599,20190103T193346Z,1J.TI8A.,"['CH1', 'CH2', 'CHZ']",2019-01-03T19:33:46.050000Z,52.07
600,20190103T195157Z,1J.TI8A.,"['CH1', 'CH2', 'CHZ']",2019-01-03T19:51:57.830000Z,3.04
601,20190103T195300Z,1J.TI8A.,"['CH1', 'CH2', 'CHZ']",2019-01-03T19:53:00.480000Z,24.83
602,20190103T195749Z,1J.TI8A.,"['CH1', 'CH2', 'CHZ']",2019-01-03T19:57:49.540000Z,10.51
603,20190103T201422Z,1J.TI8A.,"['CH1', 'CH2', 'CHZ']",2019-01-03T20:14:23.890000Z,6.1
604,20190103T203607Z,1J.TI8A.,"['CH1', 'CH2', 'CHZ']",2019-01-03T20:36:07.160000Z,19.82
605,20190103T204941Z,1J.TI8A.,"['CH1', 'CH2', 'CHZ']",2019-01-03T20:49:41.430000Z,8.76
606,20190103T211009Z,1J.TI8A.,"['CH1', 'CH2', 'CHZ']",2019-01-03T21:10:10.710000Z,23.67
607,20190103T212347Z,1J.TI8A.,"['CH1', 'CH2', 'CHZ']",2019-01-03T21:23:47.760000Z,2.27
608,20190103T213219Z,1J.TI8A.,"['CH1', 'CH2', 'CHZ']",2019-01-03T21:32:21.070000Z,38.95
609,20190103T215315Z,1J.TI8A.,"['CH1', 'CH2', 'CHZ']",2019-01-03T21:53:15.000000Z,4.13
610,20190103T220831Z,1J.TI8A.,"['CH1', 'CH2', 'CHZ']",2019-01-03T22:08:31.700000Z,5.75
611,20190103T221420Z,1J.TI8A.,"['CH1', 'CH2', 'CHZ']",2019-01-03T22:14:20.050000Z,12.86
612,20190103T223632Z,1J.TI8A.,"['CH1', 'CH2', 'CHZ']",2019-01-03T22:36:32.580000Z,20.03
613,20190103T224119Z,1J.TI8A.,"['CH1', 'CH2', 'CHZ']",2019-01-03T22:41:19.320000Z,6.37
614,20190103T224309Z,1J.TI8A.,"['CH1', 'CH2', 'CHZ']",2019-01-03T22:43:09.450000Z,15.99
615,20190103T225143Z,1J.TI8A.,"['CH1', 'CH2', 'CHZ']",2019-01-03T22:51:43.090000Z,3.59
616,20190103T225556Z,1J.TI8A.,"['CH1', 'CH2', 'CHZ']",2019-01-03T22:55:57.740000Z,2.42
617,20190103T230257Z,1J.TI8A.,"['CH1', 'CH2', 'CHZ']",2019-01-03T23:02:57.390000Z,4.52
618,20190103T230937Z,1J.TI8A.,"['CH1', 'CH2', 'CHZ']",2019-01-03T23:09:37.370000Z,23.24
619,20190103T231052Z,1J.TI8A.,"['CH1', 'CH2', 'CHZ']",2019-01-03T23:10:52.500000Z,2.22
620,20190103T231431Z,1J.TI8A.,"['CH1', 'CH2', 'CHZ']",2019-01-03T23:14:31.570000Z,25.64
621,20190103T231915Z,1J.TI8A.,"['CH1', 'CH2', 'CHZ']",2019-01-03T23:19:15.290000Z,7.18
622,20190103T233442Z,1J.TI8A.,"['CH1', 'CH2', 'CHZ']",2019-01-03T23:34:42.310000Z,8.31
623,20190103T001401Z,1J.TI6A.,"['CH1', 'CH2', 'CHZ']",2019-01-03T00:14:02.930000Z,10.37
624,20190103T003052Z,1J.TI6A.,"['CH1', 'CH2', 'CHZ']",2019-01-03T00:30:54.500000Z,12.71
625,20190103T003800Z,1J.TI6A.,"['CH1', 'CH2', 'CHZ']",2019-01-03T00:38:00.610000Z,2.56
626,20190103T004857Z,1J.TI6A.,"['CH1', 'CH2', 'CHZ']",2019-01-03T00:48:57.770000Z,0.96
627,20190103T005613Z,1J.TI6A.,"['CH1', 'CH2', 'CHZ']",2019-01-03T00:56:13.610000Z,2.99
628,20190103T005723Z,1J.TI6A.,"['CH1', 'CH2', 'CHZ']",2019-01-03T00:57:23.400000Z,2.18
629,20190103T005758Z,1J.TI6A.,"['CH1', 'CH2', 'CHZ']",2019-01-03T00:58:13.970000Z,1.07
630,20190103T010051Z,1J.TI6A.,"['CH1', 'CH2', 'CHZ']",2019-01-03T01:00:51.990000Z,5.91
631,20190103T010318Z,1J.TI6A.,"['CH1', 'CH2', 'CHZ']",2019-01-03T01:03:18.810000Z,1.64
632,20190103T010722Z,1J.TI6A.,"['CH1', 'CH2', 'CHZ']",2019-01-03T01:07:23.390000Z,21.38
633,20190103T011656Z,1J.TI6A.,"['CH1', 'CH2', 'CHZ']",2019-01-03T01:16:56.530000Z,32.54
634,20190103T011841Z,1J.TI6A.,"['CH1', 'CH2', 'CHZ']",2019-01-03T01:18:41.930000Z,0.87
635,20190103T013754Z,1J.TI6A.,"['CH1', 'CH2', 'CHZ']",2019-01-03T01:37:54.720000Z,1.45
636,20190103T014422Z,1J.TI6A.,"['CH1', 'CH2', 'CHZ']",2019-01-03T01:44:22.180000Z,2.25
637,20190103T014716Z,1J.TI6A.,"['CH1', 'CH2', 'CHZ']",2019-01-03T01:47:17.560000Z,15.53
638,20190103T015441Z,1J.TI6A.,"['CH1', 'CH2', 'CHZ']",2019-01-03T01:54:41.490000Z,1.43
639,20190103T015457Z,1J.TI6A.,"['CH1', 'CH2', 'CHZ']",2019-01-03T01:54:57.890000Z,7.02
640,20190103T015901Z,1J.TI6A.,"['CH1', 'CH2', 'CHZ']",2019-01-03T01:59:08.480000Z,2.41
641,20190103T020448Z,1J.TI6A.,"['CH1', 'CH2', 'CHZ']",2019-01-03T02:04:48.160000Z,0.85
642,20190103T020550Z,1J.TI6A.,"['CH1', 'CH2', 'CHZ']",2019-01-03T02:05:50.740000Z,3.92
643,20190103T020752Z,1J.TI6A.,"['CH1', 'CH2', 'CHZ']",2019-01-03T02:07:52.910000Z,2.45
644,20190103T022821Z,1J.TI6A.,"['CH1', 'CH2', 'CHZ']",2019-01-03T02:28:21.110000Z,23.13
645,20190103T023113Z,1J.TI6A.,"['CH1', 'CH2', 'CHZ']",2019-01-03T02:31:13.160000Z,3.51
646,20190103T023306Z,1J.TI6A.,"['CH1', 'CH2', 'CHZ']",2019-01-03T02:33:06.130000Z,0.89
647,20190103T024019Z,1J.TI6A.,"['CH1', 'CH2', 'CHZ']",2019-01-03T02:40:19.610000Z,8.65
648,20190103T030030Z,1J.TI6A.,"['CH1', 'CH2', 'CHZ']",2019-01-03T03:00:33.550000Z,15.02
649,20190103T030727Z,1J.TI6A.,"['CH1', 'CH2', 'CHZ']",2019-01-03T03:07:27.820000Z,22.66
650,20190103T031353Z,1J.TI6A.,"['CH1', 'CH2', 'CHZ']",2019-01-03T03:13:53.260000Z,1.77
651,20190103T031957Z,1J.TI6A.,"['CH1', 'CH2', 'CHZ']",2019-01-03T03:20:26.380000Z,12.71
652,20190103T032540Z,1J.TI6A.,"['CH1', 'CH2', 'CHZ']",2019-01-03T03:25:40.400000Z,14.23
653,20190103T032909Z,1J.TI6A.,"['CH1', 'CH2', 'CHZ']",2019-01-03T03:29:14.200000Z,1.99
654,20190103T032949Z,1J.TI6A.,"['CH1', 'CH2', 'CHZ']",2019-01-03T03:29:49.430000Z,0.94
655,20190103T033241Z,1J.TI6A.,"['CH1', 'CH2', 'CHZ']",2019-01-03T03:32:41.250000Z,5.11
656,20190103T033320Z,1J.TI6A.,"['CH1', 'CH2', 'CHZ']",2019-01-03T03:33:20.610000Z,1.03
657,20190103T035057Z,1J.TI6A.,"['CH1', 'CH2', 'CHZ']",2019-01-03T03:50:59.890000Z,18.6
658,20190103T035215Z,1J.TI6A.,"['CH1', 'CH2', 'CHZ']",2019-01-03T03:52:15.000000Z,1.36
659,20190103T035356Z,1J.TI6A.,"['CH1', 'CH2', 'CHZ']",2019-01-03T03:53:56.490000Z,1.73
660,20190103T035528Z,1J.TI6A.,"['CH1', 'CH2', 'CHZ']",2019-01-03T03:55:28.170000Z,2.45
661,20190103T035559Z,1J.TI6A.,"['CH1', 'CH2', 'CHZ']",2019-01-03T03:55:59.860000Z,17.2
662,20190103T041726Z,1J.TI6A.,"['CH1', 'CH2', 'CHZ']",2019-01-03T04:17:26.130000Z,2.33
663,20190103T041946Z,1J.TI6A.,"['CH1', 'CH2', 'CHZ']",2019-01-03T04:19:46.180000Z,2.0
664,20190103T042240Z,1J.TI6A.,"['CH1', 'CH2', 'CHZ']",2019-01-03T04:22:40.280000Z,1.74
665,20190103T042329Z,1J.TI6A.,"['CH1', 'CH2', 'CHZ']",2019-01-03T04:23:29.770000Z,1.42
666,20190103T042336Z,1J.TI6A.,"['CH1', 'CH2', 'CHZ']",2019-01-03T04:23:38.560000Z,14.97
667,20190103T043040Z,1J.TI6A.,"['CH1', 'CH2', 'CHZ']",2019-01-03T04:30:40.940000Z,4.94
668,20190103T043924Z,1J.TI6A.,"['CH1', 'CH2', 'CHZ']",2019-01-03T04:39:40.920000Z,2.2
669,20190103T044112Z,1J.TI6A.,"['CH1', 'CH2', 'CHZ']",2019-01-03T04:41:12.280000Z,2.14
670,20190103T044528Z,1J.TI6A.,"['CH1', 'CH2', 'CHZ']",2019-01-03T04:45:28.140000Z,0.94
671,20190103T044700Z,1J.TI6A.,"['CH1', 'CH2', 'CHZ']",2019-01-03T04:47:00.920000Z,2.57
672,20190103T045314Z,1J.TI6A.,"['CH1', 'CH2', 'CHZ']",2019-01-03T04:53:14.910000Z,1.57
673,20190103T045345Z,1J.TI6A.,"['CH1', 'CH2', 'CHZ']",2019-01-03T04:53:45.280000Z,2.32
674,20190103T045705Z,1J.TI6A.,"['CH1', 'CH2', 'CHZ']",2019-01-03T04:57:05.960000Z,1.99
675,20190103T045916Z,1J.TI6A.,"['CH1', 'CH2', 'CHZ']",2019-01-03T04:59:16.730000Z,1.07
676,20190103T050408Z,1J.TI6A.,"['CH1', 'CH2', 'CHZ']",2019-01-03T05:04:08.390000Z,1.06
677,20190103T050454Z,1J.TI6A.,"['CH1', 'CH2', 'CHZ']",2019-01-03T05:04:54.970000Z,1.81
678,20190103T050726Z,1J.TI6A.,"['CH1', 'CH2', 'CHZ']",2019-01-03T05:07:26.400000Z,1.62
679,20190103T050954Z,1J.TI6A.,"['CH1', 'CH2', 'CHZ']",2019-01-03T05:09:54.480000Z,5.39
680,20190103T051229Z,1J.TI6A.,"['CH1', 'CH2', 'CHZ']",2019-01-03T05:12:29.750000Z,4.93
681,20190103T051615Z,1J.TI6A.,"['CH1', 'CH2', 'CHZ']",2019-01-03T05:16:15.950000Z,2.83
682,20190103T051947Z,1J.TI6A.,"['CH1', 'CH2', 'CHZ']",2019-01-03T05:19:47.270000Z,1.79
683,20190103T052240Z,1J.TI6A.,"['CH1', 'CH2', 'CHZ']",2019-01-03T05:22:40.470000Z,0.95
684,20190103T052610Z,1J.TI6A.,"['CH1', 'CH2', 'CHZ']",2019-01-03T05:26:21.530000Z,3.19
685,20190103T052958Z,1J.TI6A.,"['CH1', 'CH2', 'CHZ']",2019-01-03T05:29:58.730000Z,5.81
686,20190103T053538Z,1J.TI6A.,"['CH1', 'CH2', 'CHZ']",2019-01-03T05:35:38.800000Z,4.11
687,20190103T053703Z,1J.TI6A.,"['CH1', 'CH2', 'CHZ']",2019-01-03T05:37:03.220000Z,1.78
688,20190103T053714Z,1J.TI6A.,"['CH1', 'CH2', 'CHZ']",2019-01-03T05:37:22.680000Z,0.89
689,20190103T053858Z,1J.TI6A.,"['CH1', 'CH2', 'CHZ']",2019-01-03T05:38:58.030000Z,1.25
690,20190103T054117Z,1J.TI6A.,"['CH1', 'CH2', 'CHZ']",2019-01-03T05:41:17.570000Z,1.92
691,20190103T054147Z,1J.TI6A.,"['CH1', 'CH2', 'CHZ']",2019-01-03T05:41:47.400000Z,17.61
692,20190103T054506Z,1J.TI6A.,"['CH1', 'CH2', 'CHZ']",2019-01-03T05:45:06.980000Z,1.93
693,20190103T055225Z,1J.TI6A.,"['CH1', 'CH2', 'CHZ']",2019-01-03T05:52:25.100000Z,1.12
694,20190103T055335Z,1J.TI6A.,"['CH1', 'CH2', 'CHZ']",2019-01-03T05:53:35.300000Z,1.27
695,20190103T055511Z,1J.TI6A.,"['CH1', 'CH2', 'CHZ']",2019-01-03T05:55:11.450000Z,2.83
696,20190103T055631Z,1J.TI6A.,"['CH1', 'CH2', 'CHZ']",2019-01-03T05:56:31.490000Z,2.0
697,20190103T055752Z,1J.TI6A.,"['CH1', 'CH2', 'CHZ']",2019-01-03T05:57:52.470000Z,1.31
698,20190103T060055Z,1J.TI6A.,"['CH1', 'CH2', 'CHZ']",2019-01-03T06:00:55.450000Z,2.21
699,20190103T060329Z,1J.TI6A.,"['CH1', 'CH2', 'CHZ']",2019-01-03T06:03:29.640000Z,1.09
700,20190103T060343Z,1J.TI6A.,"['CH1', 'CH2', 'CHZ']",2019-01-03T06:03:43.980000Z,8.03
701,20190103T060614Z,1J.TI6A.,"['CH1', 'CH2', 'CHZ']",2019-01-03T06:06:14.780000Z,2.09
702,20190103T060813Z,1J.TI6A.,"['CH1', 'CH2', 'CHZ']",2019-01-03T06:08:13.620000Z,5.33
703,20190103T060827Z,1J.TI6A.,"['CH1', 'CH2', 'CHZ']",2019-01-03T06:08:27.970000Z,20.92
704,20190103T061252Z,1J.TI6A.,"['CH1', 'CH2', 'CHZ']",2019-01-03T06:12:52.610000Z,1.18
705,20190103T061729Z,1J.TI6A.,"['CH1', 'CH2', 'CHZ']",2019-01-03T06:17:29.770000Z,5.28
706,20190103T062344Z,1J.TI6A.,"['CH1', 'CH2', 'CHZ']",2019-01-03T06:23:44.270000Z,15.73
707,20190103T062536Z,1J.TI6A.,"['CH1', 'CH2', 'CHZ']",2019-01-03T06:25:36.590000Z,1.72
708,20190103T063102Z,1J.TI6A.,"['CH1', 'CH2', 'CHZ']",2019-01-03T06:31:02.060000Z,1.51
709,20190103T064824Z,1J.TI6A.,"['CH1', 'CH2', 'CHZ']",2019-01-03T06:48:24.840000Z,1.61
710,20190103T070448Z,1J.TI6A.,"['CH1', 'CH2', 'CHZ']",2019-01-03T07:04:48.920000Z,22.63
711,20190103T072310Z,1J.TI6A.,"['CH1', 'CH2', 'CHZ']",2019-01-03T07:23:10.960000Z,6.0
712,20190103T072534Z,1J.TI6A.,"['CH1', 'CH2', 'CHZ']",2019-01-03T07:25:34.620000Z,1.69
713,20190103T081426Z,1J.TI6A.,"['CH1', 'CH2', 'CHZ']",2019-01-03T08:14:55.900000Z,4.92
714,20190103T081743Z,1J.TI6A.,"['CH1', 'CH2', 'CHZ']",2019-01-03T08:18:12.900000Z,10.68
715,20190103T082457Z,1J.TI6A.,"['CH1', 'CH2', 'CHZ']",2019-01-03T08:25:25.940000Z,19.11
716,20190103T084612Z,1J.TI6A.,"['CH1', 'CH2', 'CHZ']",2019-01-03T08:46:14.580000Z,7.49
717,20190103T090435Z,1J.TI6A.,"['CH1', 'CH2', 'CHZ']",2019-01-03T09:04:35.100000Z,23.96
718,20190103T091747Z,1J.TI6A.,"['CH1', 'CH2', 'CHZ']",2019-01-03T09:17:47.580000Z,10.92
719,20190103T092140Z,1J.TI6A.,"['CH1', 'CH2', 'CHZ']",2019-01-03T09:21:40.360000Z,2.78
720,20190103T092508Z,1J.TI6A.,"['CH1', 'CH2', 'CHZ']",2019-01-03T09:25:08.960000Z,21.6
721,20190103T092721Z,1J.TI6A.,"['CH1', 'CH2', 'CHZ']",2019-01-03T09:27:21.060000Z,8.56
722,20190103T093809Z,1J.TI6A.,"['CH1', 'CH2', 'CHZ']",2019-01-03T09:38:14.320000Z,1.27
723,20190103T094233Z,1J.TI6A.,"['CH1', 'CH2', 'CHZ']",2019-01-03T09:42:35.670000Z,22.36
724,20190103T094332Z,1J.TI6A.,"['CH1', 'CH2', 'CHZ']",2019-01-03T09:43:34.290000Z,50.77
725,20190103T095104Z,1J.TI6A.,"['CH1', 'CH2', 'CHZ']",2019-01-03T09:51:04.080000Z,7.34
726,20190103T101020Z,1J.TI6A.,"['CH1', 'CH2', 'CHZ']",2019-01-03T10:10:22.510000Z,12.33
727,20190103T102810Z,1J.TI6A.,"['CH1', 'CH2', 'CHZ']",2019-01-03T10:28:10.980000Z,3.15
728,20190103T102937Z,1J.TI6A.,"['CH1', 'CH2', 'CHZ']",2019-01-03T10:29:37.650000Z,1.43
729,20190103T105709Z,1J.TI6A.,"['CH1', 'CH2', 'CHZ']",2019-01-03T10:57:09.160000Z,23.68
730,20190103T113732Z,1J.TI6A.,"['CH1', 'CH2', 'CHZ']",2019-01-03T11:37:32.930000Z,8.89
731,20190103T115834Z,1J.TI6A.,"['CH1', 'CH2', 'CHZ']",2019-01-03T11:59:02.710000Z,17.17
732,20190103T143755Z,1J.TI6A.,"['CH1', 'CH2', 'CHZ']",2019-01-03T14:38:26.750000Z,9.25
733,20190103T152604Z,1J.TI6A.,"['CH1', 'CH2', 'CHZ']",2019-01-03T15:26:04.660000Z,23.09
734,20190103T155307Z,1J.TI6A.,"['CH1', 'CH2', 'CHZ']",2019-01-03T15:53:07.380000Z,1.55
735,20190103T165032Z,1J.TI6A.,"['CH1', 'CH2', 'CHZ']",2019-01-03T16:50:33.390000Z,11.59
736,20190103T172055Z,1J.TI6A.,"['CH1', 'CH2', 'CHZ']",2019-01-03T17:20:55.260000Z,1.28
737,20190103T172920Z,1J.TI6A.,"['CH1', 'CH2', 'CHZ']",2019-01-03T17:29:20.090000Z,1.6
738,20190103T181834Z,1J.TI6A.,"['CH1', 'CH2', 'CHZ']",2019-01-03T18:18:34.250000Z,2.62
739,20190103T192557Z,1J.TI6A.,"['CH1', 'CH2', 'CHZ']",2019-01-03T19:25:58.510000Z,47.49
740,20190103T193346Z,1J.TI6A.,"['CH1', 'CH2', 'CHZ']",2019-01-03T19:34:13.230000Z,21.95
741,20190103T213219Z,1J.TI6A.,"['CH1', 'CH2', 'CHZ']",2019-01-03T21:32:41.090000Z,12.1
742,20190103T222724Z,1J.TI6A.,"['CH1', 'CH2', 'CHZ']",2019-01-03T22:27:24.940000Z,1.41
743,20190103T230358Z,1J.TI6A.,"['CH1', 'CH2', 'CHZ']",2019-01-03T23:03:58.760000Z,1.85
744,20190103T231431Z,1J.TI6A.,"['CH1', 'CH2', 'CHZ']",2019-01-03T23:14:31.100000Z,21.18
745,20190103T000758Z,1J.TI1A.,"['CH1', 'CH2', 'CHZ']",2019-01-03T00:07:58.430000Z,24.96
746,20190103T001345Z,1J.TI1A.,"['CH1', 'CH2', 'CHZ']",2019-01-03T00:13:45.470000Z,8.92
747,20190103T001401Z,1J.TI1A.,"['CH1', 'CH2', 'CHZ']",2019-01-03T00:14:03.850000Z,20.95
748,20190103T002257Z,1J.TI1A.,"['CH1', 'CH2', 'CHZ']",2019-01-03T00:22:58.130000Z,51.83
749,20190103T003052Z,1J.TI1A.,"['CH1', 'CH2', 'CHZ']",2019-01-03T00:30:54.620000Z,24.23
750,20190103T003435Z,1J.TI1A.,"['CH1', 'CH2', 'CHZ']",2019-01-03T00:34:35.380000Z,1.66
751,20190103T003808Z,1J.TI1A.,"['CH1', 'CH2', 'CHZ']",2019-01-03T00:38:08.130000Z,3.01
752,20190103T003855Z,1J.TI1A.,"['CH1', 'CH2', 'CHZ']",2019-01-03T00:38:55.620000Z,16.81
753,20190103T004810Z,1J.TI1A.,"['CH1', 'CH2', 'CHZ']",2019-01-03T00:48:10.240000Z,9.9
754,20190103T005042Z,1J.TI1A.,"['CH1', 'CH2', 'CHZ']",2019-01-03T00:50:42.200000Z,7.99
755,20190103T005758Z,1J.TI1A.,"['CH1', 'CH2', 'CHZ']",2019-01-03T00:57:58.220000Z,24.44
756,20190103T005827Z,1J.TI1A.,"['CH1', 'CH2', 'CHZ']",2019-01-03T00:58:30.490000Z,17.65
757,20190103T005859Z,1J.TI1A.,"['CH1', 'CH2', 'CHZ']",2019-01-03T00:58:59.340000Z,13.11
758,20190103T005948Z,1J.TI1A.,"['CH1', 'CH2', 'CHZ']",2019-01-03T00:59:54.430000Z,5.2
759,20190103T010134Z,1J.TI1A.,"['CH1', 'CH2', 'CHZ']",2019-01-03T01:01:34.310000Z,4.31
760,20190103T010227Z,1J.TI1A.,"['CH1', 'CH2', 'CHZ']",2019-01-03T01:02:27.160000Z,12.38
761,20190103T010425Z,1J.TI1A.,"['CH1', 'CH2', 'CHZ']",2019-01-03T01:04:25.680000Z,18.42
762,20190103T010722Z,1J.TI1A.,"['CH1', 'CH2', 'CHZ']",2019-01-03T01:07:25.160000Z,25.0
763,20190103T011656Z,1J.TI1A.,"['CH1', 'CH2', 'CHZ']",2019-01-03T01:17:12.990000Z,21.77
764,20190103T012017Z,1J.TI1A.,"['CH1', 'CH2', 'CHZ']",2019-01-03T01:20:18.890000Z,19.2
765,20190103T012339Z,1J.TI1A.,"['CH1', 'CH2', 'CHZ']",2019-01-03T01:23:39.260000Z,20.24
766,20190103T012835Z,1J.TI1A.,"['CH1', 'CH2', 'CHZ']",2019-01-03T01:28:35.290000Z,3.14
767,20190103T013445Z,1J.TI1A.,"['CH1', 'CH2', 'CHZ']",2019-01-03T01:34:45.190000Z,5.3
768,20190103T014305Z,1J.TI1A.,"['CH1', 'CH2', 'CHZ']",2019-01-03T01:43:05.600000Z,24.89
769,20190103T014716Z,1J.TI1A.,"['CH1', 'CH2', 'CHZ']",2019-01-03T01:47:18.640000Z,18.19
770,20190103T015211Z,1J.TI1A.,"['CH1', 'CH2', 'CHZ']",2019-01-03T01:52:11.470000Z,11.61
771,20190103T015619Z,1J.TI1A.,"['CH1', 'CH2', 'CHZ']",2019-01-03T01:56:19.440000Z,2.84
772,20190103T015901Z,1J.TI1A.,"['CH1', 'CH2', 'CHZ']",2019-01-03T01:59:01.610000Z,27.33
773,20190103T020110Z,1J.TI1A.,"['CH1', 'CH2', 'CHZ']",2019-01-03T02:01:13.280000Z,17.44
774,20190103T020843Z,1J.TI1A.,"['CH1', 'CH2', 'CHZ']",2019-01-03T02:08:44.400000Z,49.16
775,20190103T021432Z,1J.TI1A.,"['CH1', 'CH2', 'CHZ']",2019-01-03T02:14:32.340000Z,38.48
776,20190103T021933Z,1J.TI1A.,"['CH1', 'CH2', 'CHZ']",2019-01-03T02:19:33.410000Z,5.4
777,20190103T022112Z,1J.TI1A.,"['CH1', 'CH2', 'CHZ']",2019-01-03T02:21:12.730000Z,13.8
778,20190103T022448Z,1J.TI1A.,"['CH1', 'CH2', 'CHZ']",2019-01-03T02:24:48.380000Z,28.69
779,20190103T022821Z,1J.TI1A.,"['CH1', 'CH2', 'CHZ']",2019-01-03T02:28:23.700000Z,25.55
780,20190103T023535Z,1J.TI1A.,"['CH1', 'CH2', 'CHZ']",2019-01-03T02:35:35.120000Z,6.58
781,20190103T024019Z,1J.TI1A.,"['CH1', 'CH2', 'CHZ']",2019-01-03T02:40:20.860000Z,20.03
782,20190103T024611Z,1J.TI1A.,"['CH1', 'CH2', 'CHZ']",2019-01-03T02:46:11.900000Z,7.28
783,20190103T025142Z,1J.TI1A.,"['CH1', 'CH2', 'CHZ']",2019-01-03T02:51:42.380000Z,29.73
784,20190103T025231Z,1J.TI1A.,"['CH1', 'CH2', 'CHZ']",2019-01-03T02:52:31.710000Z,4.88
785,20190103T025504Z,1J.TI1A.,"['CH1', 'CH2', 'CHZ']",2019-01-03T02:55:04.980000Z,1.55
786,20190103T025544Z,1J.TI1A.,"['CH1', 'CH2', 'CHZ']",2019-01-03T02:55:44.500000Z,1.65
787,20190103T025925Z,1J.TI1A.,"['CH1', 'CH2', 'CHZ']",2019-01-03T02:59:25.660000Z,6.7
788,20190103T030327Z,1J.TI1A.,"['CH1', 'CH2', 'CHZ']",2019-01-03T03:03:27.530000Z,2.39
789,20190103T030443Z,1J.TI1A.,"['CH1', 'CH2', 'CHZ']",2019-01-03T03:04:43.290000Z,1.19
790,20190103T030727Z,1J.TI1A.,"['CH1', 'CH2', 'CHZ']",2019-01-03T03:07:32.000000Z,17.38
791,20190103T031911Z,1J.TI1A.,"['CH1', 'CH2', 'CHZ']",2019-01-03T03:19:11.460000Z,2.14
792,20190103T031957Z,1J.TI1A.,"['CH1', 'CH2', 'CHZ']",2019-01-03T03:20:00.110000Z,5.66
793,20190103T032909Z,1J.TI1A.,"['CH1', 'CH2', 'CHZ']",2019-01-03T03:29:09.500000Z,14.37
794,20190103T034059Z,1J.TI1A.,"['CH1', 'CH2', 'CHZ']",2019-01-03T03:40:59.920000Z,13.1
795,20190103T034633Z,1J.TI1A.,"['CH1', 'CH2', 'CHZ']",2019-01-03T03:46:33.160000Z,24.28
796,20190103T034736Z,1J.TI1A.,"['CH1', 'CH2', 'CHZ']",2019-01-03T03:47:36.700000Z,1.62
797,20190103T035057Z,1J.TI1A.,"['CH1', 'CH2', 'CHZ']",2019-01-03T03:51:01.670000Z,19.41
798,20190103T035701Z,1J.TI1A.,"['CH1', 'CH2', 'CHZ']",2019-01-03T03:57:01.530000Z,14.99
799,20190103T035945Z,1J.TI1A.,"['CH1', 'CH2', 'CHZ']",2019-01-03T03:59:45.150000Z,7.24
800,20190103T040011Z,1J.TI1A.,"['CH1', 'CH2', 'CHZ']",2019-01-03T04:00:15.060000Z,9.28
801,20190103T040109Z,1J.TI1A.,"['CH1', 'CH2', 'CHZ']",2019-01-03T04:01:09.450000Z,1.77
802,20190103T040223Z,1J.TI1A.,"['CH1', 'CH2', 'CHZ']",2019-01-03T04:02:23.510000Z,18.8
803,20190103T041002Z,1J.TI1A.,"['CH1', 'CH2', 'CHZ']",2019-01-03T04:10:02.290000Z,9.13
804,20190103T041559Z,1J.TI1A.,"['CH1', 'CH2', 'CHZ']",2019-01-03T04:15:59.380000Z,51.04
805,20190103T042336Z,1J.TI1A.,"['CH1', 'CH2', 'CHZ']",2019-01-03T04:23:40.650000Z,17.86
806,20190103T043924Z,1J.TI1A.,"['CH1', 'CH2', 'CHZ']",2019-01-03T04:39:24.330000Z,35.62
807,20190103T044706Z,1J.TI1A.,"['CH1', 'CH2', 'CHZ']",2019-01-03T04:47:11.620000Z,11.68
808,20190103T044854Z,1J.TI1A.,"['CH1', 'CH2', 'CHZ']",2019-01-03T04:48:54.540000Z,11.55
809,20190103T050149Z,1J.TI1A.,"['CH1', 'CH2', 'CHZ']",2019-01-03T05:01:49.230000Z,2.04
810,20190103T050911Z,1J.TI1A.,"['CH1', 'CH2', 'CHZ']",2019-01-03T05:09:11.660000Z,1.28
811,20190103T051331Z,1J.TI1A.,"['CH1', 'CH2', 'CHZ']",2019-01-03T05:13:31.860000Z,2.52
812,20190103T051723Z,1J.TI1A.,"['CH1', 'CH2', 'CHZ']",2019-01-03T05:17:23.160000Z,1.46
813,20190103T055521Z,1J.TI1A.,"['CH1', 'CH2', 'CHZ']",2019-01-03T05:55:21.050000Z,0.77
814,20190103T060156Z,1J.TI1A.,"['CH1', 'CH2', 'CHZ']",2019-01-03T06:01:56.990000Z,35.18
815,20190103T060244Z,1J.TI1A.,"['CH1', 'CH2', 'CHZ']",2019-01-03T06:02:44.060000Z,7.17
816,20190103T060827Z,1J.TI1A.,"['CH1', 'CH2', 'CHZ']",2019-01-03T06:08:31.500000Z,10.21
817,20190103T062103Z,1J.TI1A.,"['CH1', 'CH2', 'CHZ']",2019-01-03T06:21:03.230000Z,11.99
818,20190103T063912Z,1J.TI1A.,"['CH1', 'CH2', 'CHZ']",2019-01-03T06:39:12.890000Z,2.35
819,20190103T064133Z,1J.TI1A.,"['CH1', 'CH2', 'CHZ']",2019-01-03T06:41:33.340000Z,3.3
820,20190103T064233Z,1J.TI1A.,"['CH1', 'CH2', 'CHZ']",2019-01-03T06:42:33.140000Z,2.32
821,20190103T064441Z,1J.TI1A.,"['CH1', 'CH2', 'CHZ']",2019-01-03T06:44:41.990000Z,3.62
822,20190103T064559Z,1J.TI1A.,"['CH1', 'CH2', 'CHZ']",2019-01-03T06:46:07.330000Z,1.08
823,20190103T064946Z,1J.TI1A.,"['CH1', 'CH2', 'CHZ']",2019-01-03T06:49:46.990000Z,1.1
824,20190103T065042Z,1J.TI1A.,"['CH1', 'CH2', 'CHZ']",2019-01-03T06:50:42.260000Z,5.61
825,20190103T065148Z,1J.TI1A.,"['CH1', 'CH2', 'CHZ']",2019-01-03T06:51:48.030000Z,1.56
826,20190103T065341Z,1J.TI1A.,"['CH1', 'CH2', 'CHZ']",2019-01-03T06:53:41.020000Z,1.19
827,20190103T065508Z,1J.TI1A.,"['CH1', 'CH2', 'CHZ']",2019-01-03T06:55:08.770000Z,7.85
828,20190103T065638Z,1J.TI1A.,"['CH1', 'CH2', 'CHZ']",2019-01-03T06:56:38.360000Z,4.44
829,20190103T065710Z,1J.TI1A.,"['CH1', 'CH2', 'CHZ']",2019-01-03T06:57:10.270000Z,2.25
830,20190103T065821Z,1J.TI1A.,"['CH1', 'CH2', 'CHZ']",2019-01-03T06:58:21.660000Z,5.52
831,20190103T065908Z,1J.TI1A.,"['CH1', 'CH2', 'CHZ']",2019-01-03T06:59:08.500000Z,2.12
832,20190103T070003Z,1J.TI1A.,"['CH1', 'CH2', 'CHZ']",2019-01-03T07:00:03.300000Z,2.39
833,20190103T070022Z,1J.TI1A.,"['CH1', 'CH2', 'CHZ']",2019-01-03T07:00:22.180000Z,1.28
834,20190103T070333Z,1J.TI1A.,"['CH1', 'CH2', 'CHZ']",2019-01-03T07:03:33.090000Z,1.64
835,20190103T082050Z,1J.TI1A.,"['CH1', 'CH2', 'CHZ']",2019-01-03T08:20:50.740000Z,2.45
836,20190103T082336Z,1J.TI1A.,"['CH1', 'CH2', 'CHZ']",2019-01-03T08:23:36.400000Z,1.35
837,20190103T084959Z,1J.TI1A.,"['CH1', 'CH2', 'CHZ']",2019-01-03T08:49:59.630000Z,2.45
838,20190103T085125Z,1J.TI1A.,"['CH1', 'CH2', 'CHZ']",2019-01-03T08:51:25.120000Z,0.99
839,20190103T085244Z,1J.TI1A.,"['CH1', 'CH2', 'CHZ']",2019-01-03T08:52:44.370000Z,4.09
840,20190103T090435Z,1J.TI1A.,"['CH1', 'CH2', 'CHZ']",2019-01-03T09:04:39.930000Z,17.26
841,20190103T090601Z,1J.TI1A.,"['CH1', 'CH2', 'CHZ']",2019-01-03T09:06:01.910000Z,1.35
842,20190103T094233Z,1J.TI1A.,"['CH1', 'CH2', 'CHZ']",2019-01-03T09:42:33.470000Z,21.93
843,20190103T094332Z,1J.TI1A.,"['CH1', 'CH2', 'CHZ']",2019-01-03T09:43:32.120000Z,49.59
844,20190103T095201Z,1J.TI1A.,"['CH1', 'CH2', 'CHZ']",2019-01-03T09:52:01.680000Z,6.02
845,20190103T095355Z,1J.TI1A.,"['CH1', 'CH2', 'CHZ']",2019-01-03T09:53:55.330000Z,1.57
846,20190103T095623Z,1J.TI1A.,"['CH1', 'CH2', 'CHZ']",2019-01-03T09:56:23.430000Z,4.96
847,20190103T095754Z,1J.TI1A.,"['CH1', 'CH2', 'CHZ']",2019-01-03T09:57:54.970000Z,3.01
848,20190103T100046Z,1J.TI1A.,"['CH1', 'CH2', 'CHZ']",2019-01-03T10:00:46.170000Z,1.25
849,20190103T101308Z,1J.TI1A.,"['CH1', 'CH2', 'CHZ']",2019-01-03T10:13:08.200000Z,5.9
850,20190103T105420Z,1J.TI1A.,"['CH1', 'CH2', 'CHZ']",2019-01-03T10:54:20.010000Z,4.8
851,20190103T105709Z,1J.TI1A.,"['CH1', 'CH2', 'CHZ']",2019-01-03T10:57:12.920000Z,22.85
852,20190103T105949Z,1J.TI1A.,"['CH1', 'CH2', 'CHZ']",2019-01-03T10:59:49.730000Z,3.52
853,20190103T110205Z,1J.TI1A.,"['CH1', 'CH2', 'CHZ']",2019-01-03T11:02:05.330000Z,2.45
854,20190103T110342Z,1J.TI1A.,"['CH1', 'CH2', 'CHZ']",2019-01-03T11:03:42.730000Z,1.47
855,20190103T111153Z,1J.TI1A.,"['CH1', 'CH2', 'CHZ']",2019-01-03T11:11:53.640000Z,20.47
856,20190103T111944Z,1J.TI1A.,"['CH1', 'CH2', 'CHZ']",2019-01-03T11:19:44.760000Z,2.04
857,20190103T114429Z,1J.TI1A.,"['CH1', 'CH2', 'CHZ']",2019-01-03T11:44:29.640000Z,20.1
858,20190103T115834Z,1J.TI1A.,"['CH1', 'CH2', 'CHZ']",2019-01-03T11:59:07.640000Z,15.74
859,20190103T120127Z,1J.TI1A.,"['CH1', 'CH2', 'CHZ']",2019-01-03T12:01:27.340000Z,11.99
860,20190103T120522Z,1J.TI1A.,"['CH1', 'CH2', 'CHZ']",2019-01-03T12:05:22.870000Z,2.94
861,20190103T121535Z,1J.TI1A.,"['CH1', 'CH2', 'CHZ']",2019-01-03T12:15:35.220000Z,9.54
862,20190103T122421Z,1J.TI1A.,"['CH1', 'CH2', 'CHZ']",2019-01-03T12:24:21.880000Z,15.82
863,20190103T123915Z,1J.TI1A.,"['CH1', 'CH2', 'CHZ']",2019-01-03T12:39:15.190000Z,27.77
864,20190103T124347Z,1J.TI1A.,"['CH1', 'CH2', 'CHZ']",2019-01-03T12:43:47.590000Z,22.04
865,20190103T124525Z,1J.TI1A.,"['CH1', 'CH2', 'CHZ']",2019-01-03T12:45:37.300000Z,9.32
866,20190103T124956Z,1J.TI1A.,"['CH1', 'CH2', 'CHZ']",2019-01-03T12:49:56.480000Z,3.46
867,20190103T125441Z,1J.TI1A.,"['CH1', 'CH2', 'CHZ']",2019-01-03T12:54:41.490000Z,58.46
868,20190103T130758Z,1J.TI1A.,"['CH1', 'CH2', 'CHZ']",2019-01-03T13:07:58.880000Z,3.78
869,20190103T131348Z,1J.TI1A.,"['CH1', 'CH2', 'CHZ']",2019-01-03T13:13:48.010000Z,20.4
870,20190103T140434Z,1J.TI1A.,"['CH1', 'CH2', 'CHZ']",2019-01-03T14:04:34.470000Z,6.44
871,20190103T142254Z,1J.TI1A.,"['CH1', 'CH2', 'CHZ']",2019-01-03T14:22:54.370000Z,1.17
872,20190103T142928Z,1J.TI1A.,"['CH1', 'CH2', 'CHZ']",2019-01-03T14:29:28.870000Z,2.27
873,20190103T143104Z,1J.TI1A.,"['CH1', 'CH2', 'CHZ']",2019-01-03T14:31:04.630000Z,4.93
874,20190103T143339Z,1J.TI1A.,"['CH1', 'CH2', 'CHZ']",2019-01-03T14:33:39.690000Z,4.72
875,20190103T143519Z,1J.TI1A.,"['CH1', 'CH2', 'CHZ']",2019-01-03T14:35:19.790000Z,15.21
876,20190103T143609Z,1J.TI1A.,"['CH1', 'CH2', 'CHZ']",2019-01-03T14:36:09.750000Z,9.99
877,20190103T144126Z,1J.TI1A.,"['CH1', 'CH2', 'CHZ']",2019-01-03T14:41:26.870000Z,1.59
878,20190103T144209Z,1J.TI1A.,"['CH1', 'CH2', 'CHZ']",2019-01-03T14:42:09.100000Z,0.82
879,20190103T145147Z,1J.TI1A.,"['CH1', 'CH2', 'CHZ']",2019-01-03T14:51:47.980000Z,1.63
880,20190103T145242Z,1J.TI1A.,"['CH1', 'CH2', 'CHZ']",2019-01-03T14:52:42.130000Z,1.62
881,20190103T145550Z,1J.TI1A.,"['CH1', 'CH2', 'CHZ']",2019-01-03T14:55:53.600000Z,1.8
882,20190103T150251Z,1J.TI1A.,"['CH1', 'CH2', 'CHZ']",2019-01-03T15:02:51.650000Z,3.69
883,20190103T150336Z,1J.TI1A.,"['CH1', 'CH2', 'CHZ']",2019-01-03T15:03:36.290000Z,0.85
884,20190103T150726Z,1J.TI1A.,"['CH1', 'CH2', 'CHZ']",2019-01-03T15:07:26.690000Z,2.63
885,20190103T150939Z,1J.TI1A.,"['CH1', 'CH2', 'CHZ']",2019-01-03T15:09:39.260000Z,4.44
886,20190103T151108Z,1J.TI1A.,"['CH1', 'CH2', 'CHZ']",2019-01-03T15:11:08.680000Z,0.94
887,20190103T152354Z,1J.TI1A.,"['CH1', 'CH2', 'CHZ']",2019-01-03T15:23:54.230000Z,14.42
888,20190103T152509Z,1J.TI1A.,"['CH1', 'CH2', 'CHZ']",2019-01-03T15:25:09.800000Z,32.93
889,20190103T152604Z,1J.TI1A.,"['CH1', 'CH2', 'CHZ']",2019-01-03T15:26:08.920000Z,16.05
890,20190103T152735Z,1J.TI1A.,"['CH1', 'CH2', 'CHZ']",2019-01-03T15:27:35.680000Z,1.22
891,20190103T153534Z,1J.TI1A.,"['CH1', 'CH2', 'CHZ']",2019-01-03T15:35:34.310000Z,4.81
892,20190103T153754Z,1J.TI1A.,"['CH1', 'CH2', 'CHZ']",2019-01-03T15:37:54.050000Z,5.92
893,20190103T154518Z,1J.TI1A.,"['CH1', 'CH2', 'CHZ']",2019-01-03T15:45:18.260000Z,1.0
894,20190103T155156Z,1J.TI1A.,"['CH1', 'CH2', 'CHZ']",2019-01-03T15:51:59.020000Z,14.8
895,20190103T155350Z,1J.TI1A.,"['CH1', 'CH2', 'CHZ']",2019-01-03T15:53:50.880000Z,30.85
896,20190103T155428Z,1J.TI1A.,"['CH1', 'CH2', 'CHZ']",2019-01-03T15:54:28.830000Z,25.18
897,20190103T155628Z,1J.TI1A.,"['CH1', 'CH2', 'CHZ']",2019-01-03T15:56:28.200000Z,3.04
898,20190103T155756Z,1J.TI1A.,"['CH1', 'CH2', 'CHZ']",2019-01-03T15:57:56.330000Z,52.65
899,20190103T160644Z,1J.TI1A.,"['CH1', 'CH2', 'CHZ']",2019-01-03T16:06:44.310000Z,4.66
900,20190103T161555Z,1J.TI1A.,"['CH1', 'CH2', 'CHZ']",2019-01-03T16:15:55.550000Z,2.69
901,20190103T161611Z,1J.TI1A.,"['CH1', 'CH2', 'CHZ']",2019-01-03T16:16:11.240000Z,1.93
902,20190103T162157Z,1J.TI1A.,"['CH1', 'CH2', 'CHZ']",2019-01-03T16:21:57.900000Z,0.96
903,20190103T163756Z,1J.TI1A.,"['CH1', 'CH2', 'CHZ']",2019-01-03T16:37:56.420000Z,41.47
904,20190103T165642Z,1J.TI1A.,"['CH1', 'CH2', 'CHZ']",2019-01-03T16:56:42.890000Z,15.86
905,20190103T170018Z,1J.TI1A.,"['CH1', 'CH2', 'CHZ']",2019-01-03T17:00:18.730000Z,12.13
906,20190103T170230Z,1J.TI1A.,"['CH1', 'CH2', 'CHZ']",2019-01-03T17:02:30.770000Z,25.29
907,20190103T172108Z,1J.TI1A.,"['CH1', 'CH2', 'CHZ']",2019-01-03T17:21:08.420000Z,3.32
908,20190103T172129Z,1J.TI1A.,"['CH1', 'CH2', 'CHZ']",2019-01-03T17:21:29.120000Z,6.06
909,20190103T172712Z,1J.TI1A.,"['CH1', 'CH2', 'CHZ']",2019-01-03T17:27:12.540000Z,3.26
910,20190103T174741Z,1J.TI1A.,"['CH1', 'CH2', 'CHZ']",2019-01-03T17:47:41.670000Z,1.78
911,20190103T175021Z,1J.TI1A.,"['CH1', 'CH2', 'CHZ']",2019-01-03T17:50:21.330000Z,1.41
912,20190103T175110Z,1J.TI1A.,"['CH1', 'CH2', 'CHZ']",2019-01-03T17:51:10.940000Z,10.68
913,20190103T175245Z,1J.TI1A.,"['CH1', 'CH2', 'CHZ']",2019-01-03T17:52:45.000000Z,1.68
914,20190103T175258Z,1J.TI1A.,"['CH1', 'CH2', 'CHZ']",2019-01-03T17:52:58.100000Z,2.67
915,20190103T175401Z,1J.TI1A.,"['CH1', 'CH2', 'CHZ']",2019-01-03T17:54:01.630000Z,2.89
916,20190103T175418Z,1J.TI1A.,"['CH1', 'CH2', 'CHZ']",2019-01-03T17:54:18.470000Z,8.75
917,20190103T175450Z,1J.TI1A.,"['CH1', 'CH2', 'CHZ']",2019-01-03T17:54:50.140000Z,1.98
918,20190103T175531Z,1J.TI1A.,"['CH1', 'CH2', 'CHZ']",2019-01-03T17:55:31.670000Z,3.2
919,20190103T180231Z,1J.TI1A.,"['CH1', 'CH2', 'CHZ']",2019-01-03T18:02:31.830000Z,10.22
920,20190103T182440Z,1J.TI1A.,"['CH1', 'CH2', 'CHZ']",2019-01-03T18:24:40.750000Z,1.53
921,20190103T182635Z,1J.TI1A.,"['CH1', 'CH2', 'CHZ']",2019-01-03T18:26:35.810000Z,17.8
922,20190103T183230Z,1J.TI1A.,"['CH1', 'CH2', 'CHZ']",2019-01-03T18:32:30.330000Z,13.39
923,20190103T183458Z,1J.TI1A.,"['CH1', 'CH2', 'CHZ']",2019-01-03T18:34:58.330000Z,4.51
924,20190103T183546Z,1J.TI1A.,"['CH1', 'CH2', 'CHZ']",2019-01-03T18:35:46.710000Z,5.71
925,20190103T183627Z,1J.TI1A.,"['CH1', 'CH2', 'CHZ']",2019-01-03T18:36:27.050000Z,0.84
926,20190103T183751Z,1J.TI1A.,"['CH1', 'CH2', 'CHZ']",2019-01-03T18:37:51.760000Z,38.63
927,20190103T184002Z,1J.TI1A.,"['CH1', 'CH2', 'CHZ']",2019-01-03T18:40:02.710000Z,1.36
928,20190103T184232Z,1J.TI1A.,"['CH1', 'CH2', 'CHZ']",2019-01-03T18:42:35.140000Z,1.59
929,20190103T184256Z,1J.TI1A.,"['CH1', 'CH2', 'CHZ']",2019-01-03T18:42:56.130000Z,4.41
930,20190103T184331Z,1J.TI1A.,"['CH1', 'CH2', 'CHZ']",2019-01-03T18:43:31.360000Z,1.41
931,20190103T184413Z,1J.TI1A.,"['CH1', 'CH2', 'CHZ']",2019-01-03T18:44:13.600000Z,1.52
932,20190103T184457Z,1J.TI1A.,"['CH1', 'CH2', 'CHZ']",2019-01-03T18:44:57.650000Z,14.1
933,20190103T184536Z,1J.TI1A.,"['CH1', 'CH2', 'CHZ']",2019-01-03T18:45:36.550000Z,7.45
934,20190103T184603Z,1J.TI1A.,"['CH1', 'CH2', 'CHZ']",2019-01-03T18:46:03.200000Z,1.63
935,20190103T184628Z,1J.TI1A.,"['CH1', 'CH2', 'CHZ']",2019-01-03T18:46:28.300000Z,2.24
936,20190103T184710Z,1J.TI1A.,"['CH1', 'CH2', 'CHZ']",2019-01-03T18:47:10.140000Z,64.19
937,20190103T185613Z,1J.TI1A.,"['CH1', 'CH2', 'CHZ']",2019-01-03T18:56:13.960000Z,2.48
938,20190103T185636Z,1J.TI1A.,"['CH1', 'CH2', 'CHZ']",2019-01-03T18:56:36.010000Z,5.01
939,20190103T185914Z,1J.TI1A.,"['CH1', 'CH2', 'CHZ']",2019-01-03T18:59:14.730000Z,0.83
940,20190103T190014Z,1J.TI1A.,"['CH1', 'CH2', 'CHZ']",2019-01-03T19:00:14.970000Z,1.42
941,20190103T190103Z,1J.TI1A.,"['CH1', 'CH2', 'CHZ']",2019-01-03T19:01:03.580000Z,4.29
942,20190103T190149Z,1J.TI1A.,"['CH1', 'CH2', 'CHZ']",2019-01-03T19:01:49.640000Z,1.14
943,20190103T190222Z,1J.TI1A.,"['CH1', 'CH2', 'CHZ']",2019-01-03T19:02:22.320000Z,1.1
944,20190103T190336Z,1J.TI1A.,"['CH1', 'CH2', 'CHZ']",2019-01-03T19:03:36.970000Z,0.81
945,20190103T190349Z,1J.TI1A.,"['CH1', 'CH2', 'CHZ']",2019-01-03T19:03:49.820000Z,4.96
946,20190103T190425Z,1J.TI1A.,"['CH1', 'CH2', 'CHZ']",2019-01-03T19:04:25.740000Z,6.67
947,20190103T190514Z,1J.TI1A.,"['CH1', 'CH2', 'CHZ']",2019-01-03T19:05:14.940000Z,10.04
948,20190103T190557Z,1J.TI1A.,"['CH1', 'CH2', 'CHZ']",2019-01-03T19:05:57.170000Z,0.84
949,20190103T190559Z,1J.TI1A.,"['CH1', 'CH2', 'CHZ']",2019-01-03T19:06:06.240000Z,2.95
950,20190103T190635Z,1J.TI1A.,"['CH1', 'CH2', 'CHZ']",2019-01-03T19:06:35.810000Z,2.98
951,20190103T190658Z,1J.TI1A.,"['CH1', 'CH2', 'CHZ']",2019-01-03T19:06:58.610000Z,5.25
952,20190103T190802Z,1J.TI1A.,"['CH1', 'CH2', 'CHZ']",2019-01-03T19:08:02.690000Z,1.89
953,20190103T190816Z,1J.TI1A.,"['CH1', 'CH2', 'CHZ']",2019-01-03T19:08:16.060000Z,67.88
954,20190103T191012Z,1J.TI1A.,"['CH1', 'CH2', 'CHZ']",2019-01-03T19:10:12.980000Z,1.82
955,20190103T191720Z,1J.TI1A.,"['CH1', 'CH2', 'CHZ']",2019-01-03T19:17:20.260000Z,17.23
956,20190103T192852Z,1J.TI1A.,"['CH1', 'CH2', 'CHZ']",2019-01-03T19:28:52.460000Z,2.14
957,20190103T193641Z,1J.TI1A.,"['CH1', 'CH2', 'CHZ']",2019-01-03T19:36:41.840000Z,2.09
958,20190103T193658Z,1J.TI1A.,"['CH1', 'CH2', 'CHZ']",2019-01-03T19:36:58.560000Z,38.95
959,20190103T200515Z,1J.TI1A.,"['CH1', 'CH2', 'CHZ']",2019-01-03T20:05:15.050000Z,4.51
960,20190103T200637Z,1J.TI1A.,"['CH1', 'CH2', 'CHZ']",2019-01-03T20:06:37.080000Z,6.85
961,20190103T200707Z,1J.TI1A.,"['CH1', 'CH2', 'CHZ']",2019-01-03T20:07:07.180000Z,6.16
962,20190103T201829Z,1J.TI1A.,"['CH1', 'CH2', 'CHZ']",2019-01-03T20:18:29.640000Z,2.12
963,20190103T201857Z,1J.TI1A.,"['CH1', 'CH2', 'CHZ']",2019-01-03T20:18:57.870000Z,4.4
964,20190103T202055Z,1J.TI1A.,"['CH1', 'CH2', 'CHZ']",2019-01-03T20:20:55.290000Z,0.87
965,20190103T202316Z,1J.TI1A.,"['CH1', 'CH2', 'CHZ']",2019-01-03T20:23:16.560000Z,2.06
966,20190103T202409Z,1J.TI1A.,"['CH1', 'CH2', 'CHZ']",2019-01-03T20:24:09.120000Z,1.25
967,20190103T202455Z,1J.TI1A.,"['CH1', 'CH2', 'CHZ']",2019-01-03T20:24:55.150000Z,0.89
968,20190103T203146Z,1J.TI1A.,"['CH1', 'CH2', 'CHZ']",2019-01-03T20:31:46.760000Z,0.95
969,20190103T203653Z,1J.TI1A.,"['CH1', 'CH2', 'CHZ']",2019-01-03T20:36:53.870000Z,6.3
970,20190103T204638Z,1J.TI1A.,"['CH1', 'CH2', 'CHZ']",2019-01-03T20:46:41.410000Z,11.49
971,20190103T204955Z,1J.TI1A.,"['CH1', 'CH2', 'CHZ']",2019-01-03T20:49:55.160000Z,3.52
972,20190103T205054Z,1J.TI1A.,"['CH1', 'CH2', 'CHZ']",2019-01-03T20:50:54.100000Z,1.45
973,20190103T205107Z,1J.TI1A.,"['CH1', 'CH2', 'CHZ']",2019-01-03T20:51:07.090000Z,9.88
974,20190103T205122Z,1J.TI1A.,"['CH1', 'CH2', 'CHZ']",2019-01-03T20:51:22.470000Z,7.59
975,20190103T205624Z,1J.TI1A.,"['CH1', 'CH2', 'CHZ']",2019-01-03T20:56:24.440000Z,7.08
976,20190103T205724Z,1J.TI1A.,"['CH1', 'CH2', 'CHZ']",2019-01-03T20:57:24.000000Z,6.87
977,20190103T205758Z,1J.TI1A.,"['CH1', 'CH2', 'CHZ']",2019-01-03T20:57:58.320000Z,1.66
978,20190103T205821Z,1J.TI1A.,"['CH1', 'CH2', 'CHZ']",2019-01-03T20:58:21.350000Z,1.86
979,20190103T205828Z,1J.TI1A.,"['CH1', 'CH2', 'CHZ']",2019-01-03T20:58:28.650000Z,10.5
980,20190103T205903Z,1J.TI1A.,"['CH1', 'CH2', 'CHZ']",2019-01-03T20:59:03.540000Z,1.41
981,20190103T205907Z,1J.TI1A.,"['CH1', 'CH2', 'CHZ']",2019-01-03T20:59:11.850000Z,11.54
982,20190103T210049Z,1J.TI1A.,"['CH1', 'CH2', 'CHZ']",2019-01-03T21:00:49.190000Z,3.14
983,20190103T210105Z,1J.TI1A.,"['CH1', 'CH2', 'CHZ']",2019-01-03T21:01:05.200000Z,0.84
984,20190103T210133Z,1J.TI1A.,"['CH1', 'CH2', 'CHZ']",2019-01-03T21:01:33.490000Z,1.06
985,20190103T210139Z,1J.TI1A.,"['CH1', 'CH2', 'CHZ']",2019-01-03T21:01:42.760000Z,9.27
986,20190103T210216Z,1J.TI1A.,"['CH1', 'CH2', 'CHZ']",2019-01-03T21:02:16.780000Z,0.99
987,20190103T210339Z,1J.TI1A.,"['CH1', 'CH2', 'CHZ']",2019-01-03T21:03:39.970000Z,13.68
988,20190103T210500Z,1J.TI1A.,"['CH1', 'CH2', 'CHZ']",2019-01-03T21:05:00.700000Z,7.39
989,20190103T210526Z,1J.TI1A.,"['CH1', 'CH2', 'CHZ']",2019-01-03T21:05:26.130000Z,9.47
990,20190103T210545Z,1J.TI1A.,"['CH1', 'CH2', 'CHZ']",2019-01-03T21:05:45.380000Z,1.36
991,20190103T210557Z,1J.TI1A.,"['CH1', 'CH2', 'CHZ']",2019-01-03T21:05:57.140000Z,1.61
992,20190103T210630Z,1J.TI1A.,"['CH1', 'CH2', 'CHZ']",2019-01-03T21:06:30.130000Z,2.28
993,20190103T210650Z,1J.TI1A.,"['CH1', 'CH2', 'CHZ']",2019-01-03T21:06:50.640000Z,21.26
994,20190103T210743Z,1J.TI1A.,"['CH1', 'CH2', 'CHZ']",2019-01-03T21:07:43.130000Z,4.07
995,20190103T210808Z,1J.TI1A.,"['CH1', 'CH2', 'CHZ']",2019-01-03T21:08:08.120000Z,6.03
996,20190103T210833Z,1J.TI1A.,"['CH1', 'CH2', 'CHZ']",2019-01-03T21:08:33.200000Z,1.63
997,20190103T210846Z,1J.TI1A.,"['CH1', 'CH2', 'CHZ']",2019-01-03T21:08:51.820000Z,0.89
998,20190103T210904Z,1J.TI1A.,"['CH1', 'CH2', 'CHZ']",2019-01-03T21:09:04.370000Z,1.16
999,20190103T210915Z,1J.TI1A.,"['CH1', 'CH2', 'CHZ']",2019-01-03T21:09:15.370000Z,2.21
1000,20190103T210946Z,1J.TI1A.,"['CH1', 'CH2', 'CHZ']",2019-01-03T21:09:46.430000Z,1.12
1001,20190103T211009Z,1J.TI1A.,"['CH1', 'CH2', 'CHZ']",2019-01-03T21:10:09.520000Z,6.16
1002,20190103T211038Z,1J.TI1A.,"['CH1', 'CH2', 'CHZ']",2019-01-03T21:10:38.750000Z,1.65
1003,20190103T211122Z,1J.TI1A.,"['CH1', 'CH2', 'CHZ']",2019-01-03T21:11:22.500000Z,1.34
1004,20190103T211202Z,1J.TI1A.,"['CH1', 'CH2', 'CHZ']",2019-01-03T21:12:02.910000Z,1.88
1005,20190103T211216Z,1J.TI1A.,"['CH1', 'CH2', 'CHZ']",2019-01-03T21:12:16.980000Z,8.19
1006,20190103T211305Z,1J.TI1A.,"['CH1', 'CH2', 'CHZ']",2019-01-03T21:13:05.410000Z,1.91
1007,20190103T211319Z,1J.TI1A.,"['CH1', 'CH2', 'CHZ']",2019-01-03T21:13:19.700000Z,3.21
1008,20190103T211333Z,1J.TI1A.,"['CH1', 'CH2', 'CHZ']",2019-01-03T21:13:33.540000Z,3.34
1009,20190103T211347Z,1J.TI1A.,"['CH1', 'CH2', 'CHZ']",2019-01-03T21:13:47.290000Z,6.78
1010,20190103T211411Z,1J.TI1A.,"['CH1', 'CH2', 'CHZ']",2019-01-03T21:14:11.730000Z,0.97
1011,20190103T211430Z,1J.TI1A.,"['CH1', 'CH2', 'CHZ']",2019-01-03T21:14:30.600000Z,3.66
1012,20190103T211458Z,1J.TI1A.,"['CH1', 'CH2', 'CHZ']",2019-01-03T21:14:58.390000Z,1.15
1013,20190103T211541Z,1J.TI1A.,"['CH1', 'CH2', 'CHZ']",2019-01-03T21:15:41.550000Z,6.84
1014,20190103T211559Z,1J.TI1A.,"['CH1', 'CH2', 'CHZ']",2019-01-03T21:16:06.010000Z,1.58
1015,20190103T211702Z,1J.TI1A.,"['CH1', 'CH2', 'CHZ']",2019-01-03T21:17:02.360000Z,10.4
1016,20190103T211717Z,1J.TI1A.,"['CH1', 'CH2', 'CHZ']",2019-01-03T21:17:18.400000Z,4.78
1017,20190103T211751Z,1J.TI1A.,"['CH1', 'CH2', 'CHZ']",2019-01-03T21:17:51.940000Z,1.65
1018,20190103T211810Z,1J.TI1A.,"['CH1', 'CH2', 'CHZ']",2019-01-03T21:18:10.130000Z,3.36
1019,20190103T211842Z,1J.TI1A.,"['CH1', 'CH2', 'CHZ']",2019-01-03T21:18:42.300000Z,1.65
1020,20190103T211900Z,1J.TI1A.,"['CH1', 'CH2', 'CHZ']",2019-01-03T21:19:00.320000Z,5.41
1021,20190103T212047Z,1J.TI1A.,"['CH1', 'CH2', 'CHZ']",2019-01-03T21:20:47.710000Z,7.38
1022,20190103T212248Z,1J.TI1A.,"['CH1', 'CH2', 'CHZ']",2019-01-03T21:22:48.590000Z,2.21
1023,20190103T212332Z,1J.TI1A.,"['CH1', 'CH2', 'CHZ']",2019-01-03T21:23:32.250000Z,3.21
1024,20190103T212435Z,1J.TI1A.,"['CH1', 'CH2', 'CHZ']",2019-01-03T21:24:35.860000Z,4.23
1025,20190103T212547Z,1J.TI1A.,"['CH1', 'CH2', 'CHZ']",2019-01-03T21:25:47.250000Z,23.66
1026,20190103T212737Z,1J.TI1A.,"['CH1', 'CH2', 'CHZ']",2019-01-03T21:27:37.900000Z,12.77
1027,20190103T213422Z,1J.TI1A.,"['CH1', 'CH2', 'CHZ']",2019-01-03T21:34:22.520000Z,1.06
1028,20190103T213529Z,1J.TI1A.,"['CH1', 'CH2', 'CHZ']",2019-01-03T21:35:29.880000Z,1.29
1029,20190103T213557Z,1J.TI1A.,"['CH1', 'CH2', 'CHZ']",2019-01-03T21:35:57.300000Z,2.99
1030,20190103T213603Z,1J.TI1A.,"['CH1', 'CH2', 'CHZ']",2019-01-03T21:36:08.820000Z,1.17
1031,20190103T213737Z,1J.TI1A.,"['CH1', 'CH2', 'CHZ']",2019-01-03T21:37:37.970000Z,2.08
1032,20190103T213938Z,1J.TI1A.,"['CH1', 'CH2', 'CHZ']",2019-01-03T21:39:38.300000Z,11.43
1033,20190103T214018Z,1J.TI1A.,"['CH1', 'CH2', 'CHZ']",2019-01-03T21:40:18.410000Z,1.14
1034,20190103T214214Z,1J.TI1A.,"['CH1', 'CH2', 'CHZ']",2019-01-03T21:42:15.890000Z,19.39
1035,20190103T214244Z,1J.TI1A.,"['CH1', 'CH2', 'CHZ']",2019-01-03T21:42:44.220000Z,10.26
1036,20190103T214329Z,1J.TI1A.,"['CH1', 'CH2', 'CHZ']",2019-01-03T21:43:29.480000Z,4.43
1037,20190103T214504Z,1J.TI1A.,"['CH1', 'CH2', 'CHZ']",2019-01-03T21:45:04.830000Z,4.16
1038,20190103T214648Z,1J.TI1A.,"['CH1', 'CH2', 'CHZ']",2019-01-03T21:46:48.680000Z,2.66
1039,20190103T214906Z,1J.TI1A.,"['CH1', 'CH2', 'CHZ']",2019-01-03T21:49:06.450000Z,0.84
1040,20190103T215426Z,1J.TI1A.,"['CH1', 'CH2', 'CHZ']",2019-01-03T21:54:26.400000Z,1.05
1041,20190103T220606Z,1J.TI1A.,"['CH1', 'CH2', 'CHZ']",2019-01-03T22:06:06.120000Z,2.78
1042,20190103T225934Z,1J.TI1A.,"['CH1', 'CH2', 'CHZ']",2019-01-03T22:59:34.660000Z,17.48
1043,20190103T230937Z,1J.TI1A.,"['CH1', 'CH2', 'CHZ']",2019-01-03T23:09:58.130000Z,0.78
1044,20190103T231529Z,1J.TI1A.,"['CH1', 'CH2', 'CHZ']",2019-01-03T23:15:29.670000Z,1.78
1045,20190103T000215Z,1J.TI7A.,"['CH1', 'CH2', 'CHZ']",2019-01-03T00:02:15.320000Z,15.42
1046,20190103T000246Z,1J.TI7A.,"['CH1', 'CH2', 'CHZ']",2019-01-03T00:02:46.700000Z,6.99
1047,20190103T000649Z,1J.TI7A.,"['CH1', 'CH2', 'CHZ']",2019-01-03T00:06:49.840000Z,1.13
1048,20190103T001844Z,1J.TI7A.,"['CH1', 'CH2', 'CHZ']",2019-01-03T00:18:44.890000Z,0.72
1049,20190103T002257Z,1J.TI7A.,"['CH1', 'CH2', 'CHZ']",2019-01-03T00:23:27.870000Z,8.83
1050,20190103T002854Z,1J.TI7A.,"['CH1', 'CH2', 'CHZ']",2019-01-03T00:28:54.120000Z,2.2
1051,20190103T003435Z,1J.TI7A.,"['CH1', 'CH2', 'CHZ']",2019-01-03T00:34:35.160000Z,1.72
1052,20190103T004216Z,1J.TI7A.,"['CH1', 'CH2', 'CHZ']",2019-01-03T00:42:16.000000Z,2.23
1053,20190103T005219Z,1J.TI7A.,"['CH1', 'CH2', 'CHZ']",2019-01-03T00:52:19.870000Z,2.38
1054,20190103T005752Z,1J.TI7A.,"['CH1', 'CH2', 'CHZ']",2019-01-03T00:57:52.060000Z,2.21
1055,20190103T005827Z,1J.TI7A.,"['CH1', 'CH2', 'CHZ']",2019-01-03T00:58:34.200000Z,2.67
1056,20190103T011452Z,1J.TI7A.,"['CH1', 'CH2', 'CHZ']",2019-01-03T01:14:52.850000Z,1.05
1057,20190103T011738Z,1J.TI7A.,"['CH1', 'CH2', 'CHZ']",2019-01-03T01:17:38.330000Z,1.26
1058,20190103T012339Z,1J.TI7A.,"['CH1', 'CH2', 'CHZ']",2019-01-03T01:23:58.520000Z,1.18
1059,20190103T012722Z,1J.TI7A.,"['CH1', 'CH2', 'CHZ']",2019-01-03T01:27:22.240000Z,1.73
1060,20190103T013604Z,1J.TI7A.,"['CH1', 'CH2', 'CHZ']",2019-01-03T01:36:04.450000Z,4.85
1061,20190103T013849Z,1J.TI7A.,"['CH1', 'CH2', 'CHZ']",2019-01-03T01:38:49.240000Z,2.03
1062,20190103T015848Z,1J.TI7A.,"['CH1', 'CH2', 'CHZ']",2019-01-03T01:58:48.200000Z,8.41
1063,20190103T020843Z,1J.TI7A.,"['CH1', 'CH2', 'CHZ']",2019-01-03T02:08:44.060000Z,45.65
1064,20190103T021255Z,1J.TI7A.,"['CH1', 'CH2', 'CHZ']",2019-01-03T02:12:55.830000Z,8.44
1065,20190103T021522Z,1J.TI7A.,"['CH1', 'CH2', 'CHZ']",2019-01-03T02:15:22.490000Z,3.45
1066,20190103T021853Z,1J.TI7A.,"['CH1', 'CH2', 'CHZ']",2019-01-03T02:18:53.450000Z,9.27
1067,20190103T022604Z,1J.TI7A.,"['CH1', 'CH2', 'CHZ']",2019-01-03T02:26:04.370000Z,7.91
1068,20190103T022821Z,1J.TI7A.,"['CH1', 'CH2', 'CHZ']",2019-01-03T02:28:30.180000Z,13.62
1069,20190103T022959Z,1J.TI7A.,"['CH1', 'CH2', 'CHZ']",2019-01-03T02:29:59.440000Z,9.78
1070,20190103T023443Z,1J.TI7A.,"['CH1', 'CH2', 'CHZ']",2019-01-03T02:34:43.100000Z,5.6
1071,20190103T023847Z,1J.TI7A.,"['CH1', 'CH2', 'CHZ']",2019-01-03T02:38:47.120000Z,6.04
1072,20190103T023956Z,1J.TI7A.,"['CH1', 'CH2', 'CHZ']",2019-01-03T02:39:56.620000Z,1.85
1073,20190103T024234Z,1J.TI7A.,"['CH1', 'CH2', 'CHZ']",2019-01-03T02:42:34.990000Z,9.41
1074,20190103T024648Z,1J.TI7A.,"['CH1', 'CH2', 'CHZ']",2019-01-03T02:46:48.530000Z,9.21
1075,20190103T024817Z,1J.TI7A.,"['CH1', 'CH2', 'CHZ']",2019-01-03T02:48:17.210000Z,1.89
1076,20190103T025034Z,1J.TI7A.,"['CH1', 'CH2', 'CHZ']",2019-01-03T02:50:34.080000Z,3.66
1077,20190103T025057Z,1J.TI7A.,"['CH1', 'CH2', 'CHZ']",2019-01-03T02:50:57.080000Z,6.1
1078,20190103T025443Z,1J.TI7A.,"['CH1', 'CH2', 'CHZ']",2019-01-03T02:54:43.630000Z,6.52
1079,20190103T030005Z,1J.TI7A.,"['CH1', 'CH2', 'CHZ']",2019-01-03T03:00:05.900000Z,7.88
1080,20190103T030030Z,1J.TI7A.,"['CH1', 'CH2', 'CHZ']",2019-01-03T03:00:33.730000Z,18.47
1081,20190103T031019Z,1J.TI7A.,"['CH1', 'CH2', 'CHZ']",2019-01-03T03:10:19.600000Z,1.32
1082,20190103T031402Z,1J.TI7A.,"['CH1', 'CH2', 'CHZ']",2019-01-03T03:14:02.860000Z,2.55
1083,20190103T031727Z,1J.TI7A.,"['CH1', 'CH2', 'CHZ']",2019-01-03T03:17:27.350000Z,1.18
1084,20190103T035841Z,1J.TI7A.,"['CH1', 'CH2', 'CHZ']",2019-01-03T03:58:41.780000Z,1.46
1085,20190103T052610Z,1J.TI7A.,"['CH1', 'CH2', 'CHZ']",2019-01-03T05:26:40.010000Z,15.78
1086,20190103T053838Z,1J.TI7A.,"['CH1', 'CH2', 'CHZ']",2019-01-03T05:38:38.370000Z,1.33
1087,20190103T062750Z,1J.TI7A.,"['CH1', 'CH2', 'CHZ']",2019-01-03T06:27:50.220000Z,14.76
1088,20190103T075901Z,1J.TI7A.,"['CH1', 'CH2', 'CHZ']",2019-01-03T07:59:01.800000Z,1.52
1089,20190103T075909Z,1J.TI7A.,"['CH1', 'CH2', 'CHZ']",2019-01-03T07:59:09.410000Z,8.86
1090,20190103T080451Z,1J.TI7A.,"['CH1', 'CH2', 'CHZ']",2019-01-03T08:04:51.620000Z,1.97
1091,20190103T081426Z,1J.TI7A.,"['CH1', 'CH2', 'CHZ']",2019-01-03T08:14:26.910000Z,42.76
1092,20190103T081743Z,1J.TI7A.,"['CH1', 'CH2', 'CHZ']",2019-01-03T08:17:45.160000Z,45.09
1093,20190103T082457Z,1J.TI7A.,"['CH1', 'CH2', 'CHZ']",2019-01-03T08:24:57.440000Z,50.71
1094,20190103T084055Z,1J.TI7A.,"['CH1', 'CH2', 'CHZ']",2019-01-03T08:40:55.270000Z,1.49
1095,20190103T090258Z,1J.TI7A.,"['CH1', 'CH2', 'CHZ']",2019-01-03T09:02:58.140000Z,18.17
1096,20190103T090435Z,1J.TI7A.,"['CH1', 'CH2', 'CHZ']",2019-01-03T09:04:43.780000Z,8.81
1097,20190103T091719Z,1J.TI7A.,"['CH1', 'CH2', 'CHZ']",2019-01-03T09:17:21.730000Z,5.04
1098,20190103T091836Z,1J.TI7A.,"['CH1', 'CH2', 'CHZ']",2019-01-03T09:18:36.030000Z,2.3
1099,20190103T094332Z,1J.TI7A.,"['CH1', 'CH2', 'CHZ']",2019-01-03T09:43:49.050000Z,50.0
1100,20190103T102019Z,1J.TI7A.,"['CH1', 'CH2', 'CHZ']",2019-01-03T10:20:19.140000Z,13.64
1101,20190103T102637Z,1J.TI7A.,"['CH1', 'CH2', 'CHZ']",2019-01-03T10:26:37.860000Z,8.3
1102,20190103T105709Z,1J.TI7A.,"['CH1', 'CH2', 'CHZ']",2019-01-03T10:57:17.870000Z,19.49
1103,20190103T111723Z,1J.TI7A.,"['CH1', 'CH2', 'CHZ']",2019-01-03T11:17:23.980000Z,1.83
1104,20190103T112001Z,1J.TI7A.,"['CH1', 'CH2', 'CHZ']",2019-01-03T11:20:01.790000Z,19.94
1105,20190103T112507Z,1J.TI7A.,"['CH1', 'CH2', 'CHZ']",2019-01-03T11:25:07.760000Z,17.61
1106,20190103T112656Z,1J.TI7A.,"['CH1', 'CH2', 'CHZ']",2019-01-03T11:26:56.550000Z,2.63
1107,20190103T113732Z,1J.TI7A.,"['CH1', 'CH2', 'CHZ']",2019-01-03T11:37:34.250000Z,16.53
1108,20190103T115834Z,1J.TI7A.,"['CH1', 'CH2', 'CHZ']",2019-01-03T11:58:34.420000Z,48.64
1109,20190103T120722Z,1J.TI7A.,"['CH1', 'CH2', 'CHZ']",2019-01-03T12:07:28.670000Z,8.04
1110,20190103T122536Z,1J.TI7A.,"['CH1', 'CH2', 'CHZ']",2019-01-03T12:25:36.290000Z,17.04
1111,20190103T124705Z,1J.TI7A.,"['CH1', 'CH2', 'CHZ']",2019-01-03T12:47:05.400000Z,1.49
1112,20190103T125912Z,1J.TI7A.,"['CH1', 'CH2', 'CHZ']",2019-01-03T12:59:12.600000Z,3.45
1113,20190103T131111Z,1J.TI7A.,"['CH1', 'CH2', 'CHZ']",2019-01-03T13:11:11.130000Z,1.28
1114,20190103T131801Z,1J.TI7A.,"['CH1', 'CH2', 'CHZ']",2019-01-03T13:18:01.220000Z,1.55
1115,20190103T132603Z,1J.TI7A.,"['CH1', 'CH2', 'CHZ']",2019-01-03T13:26:03.080000Z,8.34
1116,20190103T140527Z,1J.TI7A.,"['CH1', 'CH2', 'CHZ']",2019-01-03T14:05:27.470000Z,1.56
1117,20190103T143442Z,1J.TI7A.,"['CH1', 'CH2', 'CHZ']",2019-01-03T14:34:42.950000Z,11.26
1118,20190103T143741Z,1J.TI7A.,"['CH1', 'CH2', 'CHZ']",2019-01-03T14:37:41.730000Z,1.58
1119,20190103T143755Z,1J.TI7A.,"['CH1', 'CH2', 'CHZ']",2019-01-03T14:37:57.320000Z,48.19
1120,20190103T145419Z,1J.TI7A.,"['CH1', 'CH2', 'CHZ']",2019-01-03T14:54:19.620000Z,3.08
1121,20190103T145919Z,1J.TI7A.,"['CH1', 'CH2', 'CHZ']",2019-01-03T14:59:19.820000Z,1.09
1122,20190103T150416Z,1J.TI7A.,"['CH1', 'CH2', 'CHZ']",2019-01-03T15:04:16.960000Z,1.11
1123,20190103T151122Z,1J.TI7A.,"['CH1', 'CH2', 'CHZ']",2019-01-03T15:11:22.920000Z,7.41
1124,20190103T152604Z,1J.TI7A.,"['CH1', 'CH2', 'CHZ']",2019-01-03T15:26:13.320000Z,16.3
1125,20190103T152744Z,1J.TI7A.,"['CH1', 'CH2', 'CHZ']",2019-01-03T15:27:44.530000Z,2.11
1126,20190103T153059Z,1J.TI7A.,"['CH1', 'CH2', 'CHZ']",2019-01-03T15:30:59.120000Z,1.38
1127,20190103T153742Z,1J.TI7A.,"['CH1', 'CH2', 'CHZ']",2019-01-03T15:37:42.300000Z,1.56
1128,20190103T153951Z,1J.TI7A.,"['CH1', 'CH2', 'CHZ']",2019-01-03T15:39:51.090000Z,1.89
1129,20190103T154131Z,1J.TI7A.,"['CH1', 'CH2', 'CHZ']",2019-01-03T15:41:31.940000Z,15.54
1130,20190103T154437Z,1J.TI7A.,"['CH1', 'CH2', 'CHZ']",2019-01-03T15:44:37.580000Z,4.14
1131,20190103T154630Z,1J.TI7A.,"['CH1', 'CH2', 'CHZ']",2019-01-03T15:46:30.510000Z,13.18
1132,20190103T155138Z,1J.TI7A.,"['CH1', 'CH2', 'CHZ']",2019-01-03T15:51:38.630000Z,1.66
1133,20190103T155547Z,1J.TI7A.,"['CH1', 'CH2', 'CHZ']",2019-01-03T15:55:47.460000Z,3.04
1134,20190103T160506Z,1J.TI7A.,"['CH1', 'CH2', 'CHZ']",2019-01-03T16:05:06.500000Z,1.74
1135,20190103T161116Z,1J.TI7A.,"['CH1', 'CH2', 'CHZ']",2019-01-03T16:11:16.810000Z,1.28
1136,20190103T161928Z,1J.TI7A.,"['CH1', 'CH2', 'CHZ']",2019-01-03T16:19:28.550000Z,1.48
1137,20190103T162021Z,1J.TI7A.,"['CH1', 'CH2', 'CHZ']",2019-01-03T16:20:21.710000Z,2.61
1138,20190103T162104Z,1J.TI7A.,"['CH1', 'CH2', 'CHZ']",2019-01-03T16:21:04.140000Z,2.92
1139,20190103T163159Z,1J.TI7A.,"['CH1', 'CH2', 'CHZ']",2019-01-03T16:31:59.970000Z,0.67
1140,20190103T165448Z,1J.TI7A.,"['CH1', 'CH2', 'CHZ']",2019-01-03T16:54:48.820000Z,1.95
1141,20190103T170424Z,1J.TI7A.,"['CH1', 'CH2', 'CHZ']",2019-01-03T17:04:24.040000Z,4.17
1142,20190103T170520Z,1J.TI7A.,"['CH1', 'CH2', 'CHZ']",2019-01-03T17:05:20.130000Z,3.64
1143,20190103T171013Z,1J.TI7A.,"['CH1', 'CH2', 'CHZ']",2019-01-03T17:10:13.910000Z,1.03
1144,20190103T171113Z,1J.TI7A.,"['CH1', 'CH2', 'CHZ']",2019-01-03T17:11:13.620000Z,6.82
1145,20190103T171920Z,1J.TI7A.,"['CH1', 'CH2', 'CHZ']",2019-01-03T17:19:20.640000Z,11.78
1146,20190103T172407Z,1J.TI7A.,"['CH1', 'CH2', 'CHZ']",2019-01-03T17:24:07.090000Z,4.63
1147,20190103T173550Z,1J.TI7A.,"['CH1', 'CH2', 'CHZ']",2019-01-03T17:35:50.300000Z,2.43
1148,20190103T174314Z,1J.TI7A.,"['CH1', 'CH2', 'CHZ']",2019-01-03T17:43:14.980000Z,0.86
1149,20190103T174424Z,1J.TI7A.,"['CH1', 'CH2', 'CHZ']",2019-01-03T17:44:24.560000Z,4.35
1150,20190103T175719Z,1J.TI7A.,"['CH1', 'CH2', 'CHZ']",2019-01-03T17:57:19.760000Z,1.72
1151,20190103T182245Z,1J.TI7A.,"['CH1', 'CH2', 'CHZ']",2019-01-03T18:22:45.540000Z,2.22
1152,20190103T182506Z,1J.TI7A.,"['CH1', 'CH2', 'CHZ']",2019-01-03T18:25:06.640000Z,5.7
1153,20190103T184523Z,1J.TI7A.,"['CH1', 'CH2', 'CHZ']",2019-01-03T18:45:23.160000Z,3.51
1154,20190103T190304Z,1J.TI7A.,"['CH1', 'CH2', 'CHZ']",2019-01-03T19:03:04.310000Z,2.36
1155,20190103T190559Z,1J.TI7A.,"['CH1', 'CH2', 'CHZ']",2019-01-03T19:05:59.370000Z,4.46
1156,20190103T191054Z,1J.TI7A.,"['CH1', 'CH2', 'CHZ']",2019-01-03T19:10:54.610000Z,1.24
1157,20190103T191928Z,1J.TI7A.,"['CH1', 'CH2', 'CHZ']",2019-01-03T19:19:28.990000Z,3.53
1158,20190103T192004Z,1J.TI7A.,"['CH1', 'CH2', 'CHZ']",2019-01-03T19:20:04.130000Z,14.33
1159,20190103T192034Z,1J.TI7A.,"['CH1', 'CH2', 'CHZ']",2019-01-03T19:20:40.250000Z,2.31
1160,20190103T192321Z,1J.TI7A.,"['CH1', 'CH2', 'CHZ']",2019-01-03T19:23:22.550000Z,7.76
1161,20190103T192557Z,1J.TI7A.,"['CH1', 'CH2', 'CHZ']",2019-01-03T19:25:58.330000Z,51.28
1162,20190103T193346Z,1J.TI7A.,"['CH1', 'CH2', 'CHZ']",2019-01-03T19:33:46.290000Z,49.49
1163,20190103T194931Z,1J.TI7A.,"['CH1', 'CH2', 'CHZ']",2019-01-03T19:49:31.270000Z,1.74
1164,20190103T200255Z,1J.TI7A.,"['CH1', 'CH2', 'CHZ']",2019-01-03T20:02:55.470000Z,6.15
1165,20190103T201357Z,1J.TI7A.,"['CH1', 'CH2', 'CHZ']",2019-01-03T20:13:57.390000Z,3.65
1166,20190103T202647Z,1J.TI7A.,"['CH1', 'CH2', 'CHZ']",2019-01-03T20:26:47.610000Z,3.5
1167,20190103T203821Z,1J.TI7A.,"['CH1', 'CH2', 'CHZ']",2019-01-03T20:38:21.570000Z,4.39
1168,20190103T205244Z,1J.TI7A.,"['CH1', 'CH2', 'CHZ']",2019-01-03T20:52:44.250000Z,5.45
1169,20190103T210139Z,1J.TI7A.,"['CH1', 'CH2', 'CHZ']",2019-01-03T21:01:39.070000Z,16.88
1170,20190103T212116Z,1J.TI7A.,"['CH1', 'CH2', 'CHZ']",2019-01-03T21:21:16.970000Z,3.76
1171,20190103T213431Z,1J.TI7A.,"['CH1', 'CH2', 'CHZ']",2019-01-03T21:34:31.860000Z,2.6
1172,20190103T213443Z,1J.TI7A.,"['CH1', 'CH2', 'CHZ']",2019-01-03T21:34:43.350000Z,17.76
1173,20190103T214428Z,1J.TI7A.,"['CH1', 'CH2', 'CHZ']",2019-01-03T21:44:28.190000Z,11.22
1174,20190103T215707Z,1J.TI7A.,"['CH1', 'CH2', 'CHZ']",2019-01-03T21:57:07.530000Z,2.47
1175,20190103T221007Z,1J.TI7A.,"['CH1', 'CH2', 'CHZ']",2019-01-03T22:10:07.990000Z,11.55
1176,20190103T224522Z,1J.TI7A.,"['CH1', 'CH2', 'CHZ']",2019-01-03T22:45:22.040000Z,12.02
1177,20190103T225203Z,1J.TI7A.,"['CH1', 'CH2', 'CHZ']",2019-01-03T22:52:03.180000Z,1.91
1178,20190103T232310Z,1J.TI7A.,"['CH1', 'CH2', 'CHZ']",2019-01-03T23:23:10.620000Z,4.64
