,event_id,station,components,time,duration
0,20190101T000109Z,1J.TI4A.,"['CH1', 'CH2', 'CHZ']",2019-01-01T00:01:09.450000Z,16.48
1,20190101T000301Z,1J.TI4A.,"['CH1', 'CH2', 'CHZ']",2019-01-01T00:03:04.570000Z,3.33
2,20190101T000541Z,1J.TI4A.,"['CH1', 'CH2', 'CHZ']",2019-01-01T00:05:41.140000Z,12.9
3,20190101T001125Z,1J.TI4A.,"['CH1', 'CH2', 'CHZ']",2019-01-01T00:11:34.970000Z,9.25
4,20190101T001259Z,1J.TI4A.,"['CH1', 'CH2', 'CHZ']",2019-01-01T00:12:59.170000Z,6.8
5,20190101T001902Z,1J.TI4A.,"['CH1', 'CH2', 'CHZ']",2019-01-01T00:19:05.480000Z,14.33
6,20190101T002049Z,1J.TI4A.,"['CH1', 'CH2', 'CHZ']",2019-01-01T00:21:00.450000Z,12.34
7,20190101T002608Z,1J.TI4A.,"['CH1', 'CH2', 'CHZ']",2019-01-01T00:26:15.570000Z,9.97
8,20190101T002642Z,1J.TI4A.,"['CH1', 'CH2', 'CHZ']",2019-01-01T00:26:43.530000Z,9.29
9,20190101T003212Z,1J.TI4A.,"['CH1', 'CH2', 'CHZ']",2019-01-01T00:32:12.770000Z,13.92
10,20190101T003249Z,1J.TI4A.,"['CH1', 'CH2', 'CHZ']",2019-01-01T00:32:49.310000Z,7.38
11,20190101T003454Z,1J.TI4A.,"['CH1', 'CH2', 'CHZ']",2019-01-01T00:34:54.070000Z,17.46
12,20190101T003634Z,1J.TI4A.,"['CH1', 'CH2', 'CHZ']",2019-01-01T00:37:19.840000Z,23.03
13,20190101T003818Z,1J.TI4A.,"['CH1', 'CH2', 'CHZ']",2019-01-01T00:38:18.680000Z,89.69
14,20190101T004132Z,1J.TI4A.,"['CH1', 'CH2', 'CHZ']",2019-01-01T00:41:44.710000Z,12.01
15,20190101T004213Z,1J.TI4A.,"['CH1', 'CH2', 'CHZ']",2019-01-01T00:42:13.560000Z,9.04
16,20190101T004449Z,1J.TI4A.,"['CH1', 'CH2', 'CHZ']",2019-01-01T00:44:49.420000Z,7.73
17,20190101T004606Z,1J.TI4A.,"['CH1', 'CH2', 'CHZ']",2019-01-01T00:46:06.460000Z,9.77
18,20190101T010035Z,1J.TI4A.,"['CH1', 'CH2', 'CHZ']",2019-01-01T01:00:35.320000Z,6.13
19,20190101T010126Z,1J.TI4A.,"['CH1', 'CH2', 'CHZ']",2019-01-01T01:01:27.130000Z,14.34
20,20190101T010229Z,1J.TI4A.,"['CH1', 'CH2', 'CHZ']",2019-01-01T01:02:51.500000Z,6.22
21,20190101T010342Z,1J.TI4A.,"['CH1', 'CH2', 'CHZ']",2019-01-01T01:03:42.160000Z,19.96
22,20190101T010806Z,1J.TI4A.,"['CH1', 'CH2', 'CHZ']",2019-01-01T01:08:06.080000Z,8.05
23,20190101T010824Z,1J.TI4A.,"['CH1', 'CH2', 'CHZ']",2019-01-01T01:08:24.530000Z,16.24
24,20190101T010942Z,1J.TI4A.,"['CH1', 'CH2', 'CHZ']",2019-01-01T01:09:42.770000Z,47.64
25,20190101T011150Z,1J.TI4A.,"['CH1', 'CH2', 'CHZ']",2019-01-01T01:11:50.210000Z,10.09
26,20190101T011355Z,1J.TI4A.,"['CH1', 'CH2', 'CHZ']",2019-01-01T01:13:55.790000Z,4.73
27,20190101T011405Z,1J.TI4A.,"['CH1', 'CH2', 'CHZ']",2019-01-01T01:14:05.910000Z,9.11
28,20190101T011437Z,1J.TI4A.,"['CH1', 'CH2', 'CHZ']",2019-01-01T01:14:37.990000Z,1.42
29,20190101T011526Z,1J.TI4A.,"['CH1', 'CH2', 'CHZ']",2019-01-01T01:15:26.690000Z,21.67
30,20190101T011638Z,1J.TI4A.,"['CH1', 'CH2', 'CHZ']",2019-01-01T01:16:38.880000Z,12.56
31,20190101T011754Z,1J.TI4A.,"['CH1', 'CH2', 'CHZ']",2019-01-01T01:17:54.860000Z,5.42
32,20190101T011808Z,1J.TI4A.,"['CH1', 'CH2', 'CHZ']",2019-01-01T01:18:08.080000Z,5.87
33,20190101T011844Z,1J.TI4A.,"['CH1', 'CH2', 'CHZ']",2019-01-01T01:18:44.500000Z,50.18
34,20190101T012014Z,1J.TI4A.,"['CH1', 'CH2', 'CHZ']",2019-01-01T01:20:14.780000Z,3.89
35,20190101T012118Z,1J.TI4A.,"['CH1', 'CH2', 'CHZ']",2019-01-01T01:21:18.260000Z,0.91
36,20190101T012155Z,1J.TI4A.,"['CH1', 'CH2', 'CHZ']",2019-01-01T01:21:55.010000Z,2.31
37,20190101T012216Z,1J.TI4A.,"['CH1', 'CH2', 'CHZ']",2019-01-01T01:22:16.520000Z,3.02
38,20190101T012238Z,1J.TI4A.,"['CH1', 'CH2', 'CHZ']",2019-01-01T01:23:06.230000Z,2.41
39,20190101T012331Z,1J.TI4A.,"['CH1', 'CH2', 'CHZ']",2019-01-01T01:23:31.350000Z,14.79
40,20190101T012409Z,1J.TI4A.,"['CH1', 'CH2', 'CHZ']",2019-01-01T01:24:09.860000Z,3.74
41,20190101T012443Z,1J.TI4A.,"['CH1', 'CH2', 'CHZ']",2019-01-01T01:24:43.960000Z,54.78
42,20190101T012708Z,1J.TI4A.,"['CH1', 'CH2', 'CHZ']",2019-01-01T01:27:11.910000Z,23.37
43,20190101T012849Z,1J.TI4A.,"['CH1', 'CH2', 'CHZ']",2019-01-01T01:28:49.390000Z,1.51
44,20190101T012921Z,1J.TI4A.,"['CH1', 'CH2', 'CHZ']",2019-01-01T01:29:21.850000Z,11.25
45,20190101T013021Z,1J.TI4A.,"['CH1', 'CH2', 'CHZ']",2019-01-01T01:30:21.090000Z,3.66
46,20190101T013055Z,1J.TI4A.,"['CH1', 'CH2', 'CHZ']",2019-01-01T01:30:55.100000Z,2.75
47,20190101T013219Z,1J.TI4A.,"['CH1', 'CH2', 'CHZ']",2019-01-01T01:32:19.530000Z,43.44
48,20190101T013345Z,1J.TI4A.,"['CH1', 'CH2', 'CHZ']",2019-01-01T01:33:45.870000Z,1.86
49,20190101T013418Z,1J.TI4A.,"['CH1', 'CH2', 'CHZ']",2019-01-01T01:34:24.170000Z,4.95
50,20190101T013635Z,1J.TI4A.,"['CH1', 'CH2', 'CHZ']",2019-01-01T01:36:46.860000Z,2.13
51,20190101T013658Z,1J.TI4A.,"['CH1', 'CH2', 'CHZ']",2019-01-01T01:36:58.770000Z,2.71
52,20190101T013946Z,1J.TI4A.,"['CH1', 'CH2', 'CHZ']",2019-01-01T01:39:46.500000Z,5.87
53,20190101T014038Z,1J.TI4A.,"['CH1', 'CH2', 'CHZ']",2019-01-01T01:40:38.530000Z,13.77
54,20190101T014201Z,1J.TI4A.,"['CH1', 'CH2', 'CHZ']",2019-01-01T01:42:01.710000Z,12.56
55,20190101T014332Z,1J.TI4A.,"['CH1', 'CH2', 'CHZ']",2019-01-01T01:43:32.280000Z,7.16
56,20190101T014345Z,1J.TI4A.,"['CH1', 'CH2', 'CHZ']",2019-01-01T01:43:45.800000Z,9.64
57,20190101T014544Z,1J.TI4A.,"['CH1', 'CH2', 'CHZ']",2019-01-01T01:45:44.050000Z,38.68
58,20190101T014721Z,1J.TI4A.,"['CH1', 'CH2', 'CHZ']",2019-01-01T01:47:21.150000Z,13.34
59,20190101T015240Z,1J.TI4A.,"['CH1', 'CH2', 'CHZ']",2019-01-01T01:52:40.960000Z,1.22
60,20190101T015256Z,1J.TI4A.,"['CH1', 'CH2', 'CHZ']",2019-01-01T01:52:56.820000Z,12.23
61,20190101T015418Z,1J.TI4A.,"['CH1', 'CH2', 'CHZ']",2019-01-01T01:54:18.790000Z,6.75
62,20190101T015440Z,1J.TI4A.,"['CH1', 'CH2', 'CHZ']",2019-01-01T01:54:40.200000Z,15.4
63,20190101T020855Z,1J.TI4A.,"['CH1', 'CH2', 'CHZ']",2019-01-01T02:08:55.070000Z,1.06
64,20190101T021325Z,1J.TI4A.,"['CH1', 'CH2', 'CHZ']",2019-01-01T02:13:25.920000Z,4.33
65,20190101T022020Z,1J.TI4A.,"['CH1', 'CH2', 'CHZ']",2019-01-01T02:20:23.330000Z,10.03
66,20190101T022138Z,1J.TI4A.,"['CH1', 'CH2', 'CHZ']",2019-01-01T02:21:38.650000Z,9.46
67,20190101T022420Z,1J.TI4A.,"['CH1', 'CH2', 'CHZ']",2019-01-01T02:24:20.710000Z,11.38
68,20190101T022831Z,1J.TI4A.,"['CH1', 'CH2', 'CHZ']",2019-01-01T02:28:31.130000Z,15.23
69,20190101T023019Z,1J.TI4A.,"['CH1', 'CH2', 'CHZ']",2019-01-01T02:30:19.730000Z,36.94
70,20190101T024536Z,1J.TI4A.,"['CH1', 'CH2', 'CHZ']",2019-01-01T02:45:36.010000Z,1.73
71,20190101T025057Z,1J.TI4A.,"['CH1', 'CH2', 'CHZ']",2019-01-01T02:50:57.180000Z,3.81
72,20190101T025116Z,1J.TI4A.,"['CH1', 'CH2', 'CHZ']",2019-01-01T02:51:16.660000Z,20.56
73,20190101T025959Z,1J.TI4A.,"['CH1', 'CH2', 'CHZ']",2019-01-01T02:59:59.110000Z,9.21
74,20190101T030018Z,1J.TI4A.,"['CH1', 'CH2', 'CHZ']",2019-01-01T03:00:20.550000Z,15.31
75,20190101T030223Z,1J.TI4A.,"['CH1', 'CH2', 'CHZ']",2019-01-01T03:02:23.130000Z,18.76
76,20190101T031237Z,1J.TI4A.,"['CH1', 'CH2', 'CHZ']",2019-01-01T03:12:37.340000Z,16.99
77,20190101T032647Z,1J.TI4A.,"['CH1', 'CH2', 'CHZ']",2019-01-01T03:26:47.520000Z,18.03
78,20190101T033252Z,1J.TI4A.,"['CH1', 'CH2', 'CHZ']",2019-01-01T03:32:52.270000Z,15.49
79,20190101T035403Z,1J.TI4A.,"['CH1', 'CH2', 'CHZ']",2019-01-01T03:54:03.420000Z,4.37
80,20190101T040232Z,1J.TI4A.,"['CH1', 'CH2', 'CHZ']",2019-01-01T04:02:32.860000Z,16.0
81,20190101T043153Z,1J.TI4A.,"['CH1', 'CH2', 'CHZ']",2019-01-01T04:31:53.940000Z,3.62
82,20190101T060316Z,1J.TI4A.,"['CH1', 'CH2', 'CHZ']",2019-01-01T06:03:27.940000Z,3.31
83,20190101T075220Z,1J.TI4A.,"['CH1', 'CH2', 'CHZ']",2019-01-01T07:53:20.740000Z,9.04
84,20190101T083039Z,1J.TI4A.,"['CH1', 'CH2', 'CHZ']",2019-01-01T08:30:39.170000Z,5.11
85,20190101T085056Z,1J.TI4A.,"['CH1', 'CH2', 'CHZ']",2019-01-01T08:51:08.450000Z,3.39
86,20190101T085142Z,1J.TI4A.,"['CH1', 'CH2', 'CHZ']",2019-01-01T08:51:42.330000Z,1.3
87,20190101T085226Z,1J.TI4A.,"['CH1', 'CH2', 'CHZ']",2019-01-01T08:52:26.540000Z,1.82
88,20190101T085300Z,1J.TI4A.,"['CH1', 'CH2', 'CHZ']",2019-01-01T08:53:00.160000Z,2.49
89,20190101T085421Z,1J.TI4A.,"['CH1', 'CH2', 'CHZ']",2019-01-01T08:54:21.290000Z,0.74
90,20190101T085557Z,1J.TI4A.,"['CH1', 'CH2', 'CHZ']",2019-01-01T08:56:04.300000Z,1.87
91,20190101T085621Z,1J.TI4A.,"['CH1', 'CH2', 'CHZ']",2019-01-01T08:56:21.460000Z,1.31
92,20190101T085725Z,1J.TI4A.,"['CH1', 'CH2', 'CHZ']",2019-01-01T08:57:25.010000Z,3.7
93,20190101T085940Z,1J.TI4A.,"['CH1', 'CH2', 'CHZ']",2019-01-01T08:59:40.290000Z,1.69
94,20190101T085953Z,1J.TI4A.,"['CH1', 'CH2', 'CHZ']",2019-01-01T08:59:53.570000Z,2.14
95,20190101T090039Z,1J.TI4A.,"['CH1', 'CH2', 'CHZ']",2019-01-01T09:00:39.090000Z,1.66
96,20190101T090105Z,1J.TI4A.,"['CH1', 'CH2', 'CHZ']",2019-01-01T09:01:05.410000Z,3.96
97,20190101T090653Z,1J.TI4A.,"['CH1', 'CH2', 'CHZ']",2019-01-01T09:06:53.830000Z,3.41
98,20190101T090748Z,1J.TI4A.,"['CH1', 'CH2', 'CHZ']",2019-01-01T09:07:49.490000Z,2.22
99,20190101T090855Z,1J.TI4A.,"['CH1', 'CH2', 'CHZ']",2019-01-01T09:08:55.560000Z,1.05
100,20190101T090907Z,1J.TI4A.,"['CH1', 'CH2', 'CHZ']",2019-01-01T09:09:07.680000Z,2.59
101,20190101T091005Z,1J.TI4A.,"['CH1', 'CH2', 'CHZ']",2019-01-01T09:10:05.970000Z,2.74
102,20190101T091513Z,1J.TI4A.,"['CH1', 'CH2', 'CHZ']",2019-01-01T09:15:16.500000Z,25.44
103,20190101T091914Z,1J.TI4A.,"['CH1', 'CH2', 'CHZ']",2019-01-01T09:19:14.530000Z,2.11
104,20190101T092329Z,1J.TI4A.,"['CH1', 'CH2', 'CHZ']",2019-01-01T09:23:29.340000Z,11.59
105,20190101T092403Z,1J.TI4A.,"['CH1', 'CH2', 'CHZ']",2019-01-01T09:24:03.770000Z,1.84
106,20190101T092418Z,1J.TI4A.,"['CH1', 'CH2', 'CHZ']",2019-01-01T09:24:18.010000Z,1.64
107,20190101T092602Z,1J.TI4A.,"['CH1', 'CH2', 'CHZ']",2019-01-01T09:26:02.610000Z,1.13
108,20190101T092717Z,1J.TI4A.,"['CH1', 'CH2', 'CHZ']",2019-01-01T09:27:18.290000Z,3.36
109,20190101T092754Z,1J.TI4A.,"['CH1', 'CH2', 'CHZ']",2019-01-01T09:27:54.610000Z,1.81
110,20190101T092817Z,1J.TI4A.,"['CH1', 'CH2', 'CHZ']",2019-01-01T09:28:17.630000Z,1.63
111,20190101T092827Z,1J.TI4A.,"['CH1', 'CH2', 'CHZ']",2019-01-01T09:28:27.620000Z,5.57
112,20190101T092846Z,1J.TI4A.,"['CH1', 'CH2', 'CHZ']",2019-01-01T09:28:46.770000Z,24.68
113,20190101T092927Z,1J.TI4A.,"['CH1', 'CH2', 'CHZ']",2019-01-01T09:29:27.640000Z,10.71
114,20190101T092955Z,1J.TI4A.,"['CH1', 'CH2', 'CHZ']",2019-01-01T09:29:55.290000Z,1.84
115,20190101T093048Z,1J.TI4A.,"['CH1', 'CH2', 'CHZ']",2019-01-01T09:30:48.920000Z,2.39
116,20190101T093128Z,1J.TI4A.,"['CH1', 'CH2', 'CHZ']",2019-01-01T09:31:28.070000Z,21.53
117,20190101T093159Z,1J.TI4A.,"['CH1', 'CH2', 'CHZ']",2019-01-01T09:31:59.730000Z,0.96
118,20190101T093313Z,1J.TI4A.,"['CH1', 'CH2', 'CHZ']",2019-01-01T09:33:13.470000Z,22.42
119,20190101T093434Z,1J.TI4A.,"['CH1', 'CH2', 'CHZ']",2019-01-01T09:34:46.060000Z,1.82
120,20190101T093551Z,1J.TI4A.,"['CH1', 'CH2', 'CHZ']",2019-01-01T09:35:57.380000Z,3.21
121,20190101T093641Z,1J.TI4A.,"['CH1', 'CH2', 'CHZ']",2019-01-01T09:36:41.110000Z,2.32
122,20190101T093846Z,1J.TI4A.,"['CH1', 'CH2', 'CHZ']",2019-01-01T09:38:46.970000Z,2.83
123,20190101T093900Z,1J.TI4A.,"['CH1', 'CH2', 'CHZ']",2019-01-01T09:39:00.150000Z,5.51
124,20190101T093924Z,1J.TI4A.,"['CH1', 'CH2', 'CHZ']",2019-01-01T09:39:24.180000Z,3.05
125,20190101T093938Z,1J.TI4A.,"['CH1', 'CH2', 'CHZ']",2019-01-01T09:39:38.840000Z,7.65
126,20190101T094119Z,1J.TI4A.,"['CH1', 'CH2', 'CHZ']",2019-01-01T09:41:19.750000Z,1.96
127,20190101T094433Z,1J.TI4A.,"['CH1', 'CH2', 'CHZ']",2019-01-01T09:44:36.620000Z,6.32
128,20190101T094504Z,1J.TI4A.,"['CH1', 'CH2', 'CHZ']",2019-01-01T09:45:04.330000Z,1.94
129,20190101T094744Z,1J.TI4A.,"['CH1', 'CH2', 'CHZ']",2019-01-01T09:47:53.980000Z,6.62
130,20190101T095233Z,1J.TI4A.,"['CH1', 'CH2', 'CHZ']",2019-01-01T09:52:34.110000Z,24.26
131,20190101T095646Z,1J.TI4A.,"['CH1', 'CH2', 'CHZ']",2019-01-01T09:56:47.830000Z,9.06
132,20190101T100001Z,1J.TI4A.,"['CH1', 'CH2', 'CHZ']",2019-01-01T10:00:13.920000Z,3.34
133,20190101T100905Z,1J.TI4A.,"['CH1', 'CH2', 'CHZ']",2019-01-01T10:09:08.140000Z,27.23
134,20190101T101952Z,1J.TI4A.,"['CH1', 'CH2', 'CHZ']",2019-01-01T10:19:55.570000Z,9.58
135,20190101T102548Z,1J.TI4A.,"['CH1', 'CH2', 'CHZ']",2019-01-01T10:25:55.640000Z,6.99
136,20190101T103036Z,1J.TI4A.,"['CH1', 'CH2', 'CHZ']",2019-01-01T10:30:47.930000Z,5.3
137,20190101T103130Z,1J.TI4A.,"['CH1', 'CH2', 'CHZ']",2019-01-01T10:31:34.850000Z,52.61
138,20190101T103745Z,1J.TI4A.,"['CH1', 'CH2', 'CHZ']",2019-01-01T10:37:49.390000Z,29.94
139,20190101T103828Z,1J.TI4A.,"['CH1', 'CH2', 'CHZ']",2019-01-01T10:38:30.090000Z,3.89
140,20190101T104149Z,1J.TI4A.,"['CH1', 'CH2', 'CHZ']",2019-01-01T10:41:52.310000Z,9.64
141,20190101T104840Z,1J.TI4A.,"['CH1', 'CH2', 'CHZ']",2019-01-01T10:48:40.240000Z,66.3
142,20190101T112229Z,1J.TI4A.,"['CH1', 'CH2', 'CHZ']",2019-01-01T11:22:34.970000Z,6.81
143,20190101T112517Z,1J.TI4A.,"['CH1', 'CH2', 'CHZ']",2019-01-01T11:25:20.680000Z,6.65
144,20190101T112638Z,1J.TI4A.,"['CH1', 'CH2', 'CHZ']",2019-01-01T11:26:38.810000Z,36.4
145,20190101T113538Z,1J.TI4A.,"['CH1', 'CH2', 'CHZ']",2019-01-01T11:35:42.860000Z,10.77
146,20190101T113710Z,1J.TI4A.,"['CH1', 'CH2', 'CHZ']",2019-01-01T11:37:15.270000Z,8.21
147,20190101T114244Z,1J.TI4A.,"['CH1', 'CH2', 'CHZ']",2019-01-01T11:42:51.080000Z,19.47
148,20190101T114820Z,1J.TI4A.,"['CH1', 'CH2', 'CHZ']",2019-01-01T11:48:23.570000Z,27.13
149,20190101T115014Z,1J.TI4A.,"['CH1', 'CH2', 'CHZ']",2019-01-01T11:50:18.870000Z,4.69
150,20190101T115405Z,1J.TI4A.,"['CH1', 'CH2', 'CHZ']",2019-01-01T11:54:11.880000Z,11.05
151,20190101T120156Z,1J.TI4A.,"['CH1', 'CH2', 'CHZ']",2019-01-01T12:01:56.840000Z,11.83
152,20190101T120308Z,1J.TI4A.,"['CH1', 'CH2', 'CHZ']",2019-01-01T12:03:09.650000Z,7.44
153,20190101T120344Z,1J.TI4A.,"['CH1', 'CH2', 'CHZ']",2019-01-01T12:03:44.080000Z,2.23
154,20190101T120425Z,1J.TI4A.,"['CH1', 'CH2', 'CHZ']",2019-01-01T12:04:25.550000Z,14.52
155,20190101T120535Z,1J.TI4A.,"['CH1', 'CH2', 'CHZ']",2019-01-01T12:05:35.960000Z,4.36
156,20190101T120947Z,1J.TI4A.,"['CH1', 'CH2', 'CHZ']",2019-01-01T12:09:51.710000Z,11.4
157,20190101T121416Z,1J.TI4A.,"['CH1', 'CH2', 'CHZ']",2019-01-01T12:14:16.640000Z,7.89
158,20190101T122157Z,1J.TI4A.,"['CH1', 'CH2', 'CHZ']",2019-01-01T12:21:59.280000Z,22.43
159,20190101T122431Z,1J.TI4A.,"['CH1', 'CH2', 'CHZ']",2019-01-01T12:24:31.330000Z,1.82
160,20190101T122453Z,1J.TI4A.,"['CH1', 'CH2', 'CHZ']",2019-01-01T12:24:53.420000Z,69.63
161,20190101T122609Z,1J.TI4A.,"['CH1', 'CH2', 'CHZ']",2019-01-01T12:26:09.020000Z,10.02
162,20190101T122632Z,1J.TI4A.,"['CH1', 'CH2', 'CHZ']",2019-01-01T12:26:48.440000Z,1.18
163,20190101T122730Z,1J.TI4A.,"['CH1', 'CH2', 'CHZ']",2019-01-01T12:27:30.950000Z,3.81
164,20190101T122757Z,1J.TI4A.,"['CH1', 'CH2', 'CHZ']",2019-01-01T12:27:57.700000Z,14.26
165,20190101T122844Z,1J.TI4A.,"['CH1', 'CH2', 'CHZ']",2019-01-01T12:28:44.910000Z,1.08
166,20190101T122916Z,1J.TI4A.,"['CH1', 'CH2', 'CHZ']",2019-01-01T12:29:16.160000Z,28.17
167,20190101T123149Z,1J.TI4A.,"['CH1', 'CH2', 'CHZ']",2019-01-01T12:31:49.520000Z,4.89
168,20190101T123204Z,1J.TI4A.,"['CH1', 'CH2', 'CHZ']",2019-01-01T12:32:04.510000Z,5.99
169,20190101T123246Z,1J.TI4A.,"['CH1', 'CH2', 'CHZ']",2019-01-01T12:32:46.330000Z,20.72
170,20190101T123331Z,1J.TI4A.,"['CH1', 'CH2', 'CHZ']",2019-01-01T12:33:31.180000Z,3.74
171,20190101T123340Z,1J.TI4A.,"['CH1', 'CH2', 'CHZ']",2019-01-01T12:33:40.540000Z,18.58
172,20190101T123505Z,1J.TI4A.,"['CH1', 'CH2', 'CHZ']",2019-01-01T12:35:05.830000Z,1.18
173,20190101T123525Z,1J.TI4A.,"['CH1', 'CH2', 'CHZ']",2019-01-01T12:35:25.240000Z,1.32
174,20190101T123544Z,1J.TI4A.,"['CH1', 'CH2', 'CHZ']",2019-01-01T12:35:44.000000Z,6.65
175,20190101T123719Z,1J.TI4A.,"['CH1', 'CH2', 'CHZ']",2019-01-01T12:37:20.890000Z,0.91
176,20190101T123801Z,1J.TI4A.,"['CH1', 'CH2', 'CHZ']",2019-01-01T12:38:01.600000Z,1.4
177,20190101T123824Z,1J.TI4A.,"['CH1', 'CH2', 'CHZ']",2019-01-01T12:38:24.680000Z,1.37
178,20190101T123828Z,1J.TI4A.,"['CH1', 'CH2', 'CHZ']",2019-01-01T12:38:43.430000Z,3.18
179,20190101T123856Z,1J.TI4A.,"['CH1', 'CH2', 'CHZ']",2019-01-01T12:38:56.380000Z,1.14
180,20190101T123909Z,1J.TI4A.,"['CH1', 'CH2', 'CHZ']",2019-01-01T12:39:09.420000Z,4.19
181,20190101T123942Z,1J.TI4A.,"['CH1', 'CH2', 'CHZ']",2019-01-01T12:39:44.190000Z,2.65
182,20190101T124016Z,1J.TI4A.,"['CH1', 'CH2', 'CHZ']",2019-01-01T12:40:20.730000Z,2.85
183,20190101T124124Z,1J.TI4A.,"['CH1', 'CH2', 'CHZ']",2019-01-01T12:41:24.970000Z,1.21
184,20190101T124133Z,1J.TI4A.,"['CH1', 'CH2', 'CHZ']",2019-01-01T12:41:33.330000Z,1.87
185,20190101T124154Z,1J.TI4A.,"['CH1', 'CH2', 'CHZ']",2019-01-01T12:41:54.060000Z,3.73
186,20190101T124307Z,1J.TI4A.,"['CH1', 'CH2', 'CHZ']",2019-01-01T12:43:07.580000Z,8.99
187,20190101T124328Z,1J.TI4A.,"['CH1', 'CH2', 'CHZ']",2019-01-01T12:43:28.410000Z,1.87
188,20190101T124401Z,1J.TI4A.,"['CH1', 'CH2', 'CHZ']",2019-01-01T12:44:01.510000Z,1.54
189,20190101T124434Z,1J.TI4A.,"['CH1', 'CH2', 'CHZ']",2019-01-01T12:44:34.390000Z,3.2
190,20190101T124509Z,1J.TI4A.,"['CH1', 'CH2', 'CHZ']",2019-01-01T12:45:09.460000Z,3.09
191,20190101T124622Z,1J.TI4A.,"['CH1', 'CH2', 'CHZ']",2019-01-01T12:46:22.620000Z,17.96
192,20190101T124725Z,1J.TI4A.,"['CH1', 'CH2', 'CHZ']",2019-01-01T12:47:25.950000Z,0.93
193,20190101T124938Z,1J.TI4A.,"['CH1', 'CH2', 'CHZ']",2019-01-01T12:49:38.500000Z,0.89
194,20190101T125007Z,1J.TI4A.,"['CH1', 'CH2', 'CHZ']",2019-01-01T12:50:07.090000Z,2.54
195,20190101T125215Z,1J.TI4A.,"['CH1', 'CH2', 'CHZ']",2019-01-01T12:52:15.210000Z,3.27
196,20190101T125253Z,1J.TI4A.,"['CH1', 'CH2', 'CHZ']",2019-01-01T12:52:55.020000Z,1.67
197,20190101T125309Z,1J.TI4A.,"['CH1', 'CH2', 'CHZ']",2019-01-01T12:53:09.410000Z,1.46
198,20190101T125336Z,1J.TI4A.,"['CH1', 'CH2', 'CHZ']",2019-01-01T12:53:36.970000Z,1.29
199,20190101T125405Z,1J.TI4A.,"['CH1', 'CH2', 'CHZ']",2019-01-01T12:54:05.070000Z,15.0
200,20190101T125445Z,1J.TI4A.,"['CH1', 'CH2', 'CHZ']",2019-01-01T12:54:45.960000Z,2.03
201,20190101T125500Z,1J.TI4A.,"['CH1', 'CH2', 'CHZ']",2019-01-01T12:55:00.500000Z,4.28
202,20190101T125755Z,1J.TI4A.,"['CH1', 'CH2', 'CHZ']",2019-01-01T12:57:57.720000Z,1.99
203,20190101T125824Z,1J.TI4A.,"['CH1', 'CH2', 'CHZ']",2019-01-01T12:58:24.120000Z,1.2
204,20190101T125840Z,1J.TI4A.,"['CH1', 'CH2', 'CHZ']",2019-01-01T12:58:40.290000Z,4.69
205,20190101T125921Z,1J.TI4A.,"['CH1', 'CH2', 'CHZ']",2019-01-01T12:59:21.860000Z,1.14
206,20190101T130135Z,1J.TI4A.,"['CH1', 'CH2', 'CHZ']",2019-01-01T13:01:35.720000Z,9.01
207,20190101T130200Z,1J.TI4A.,"['CH1', 'CH2', 'CHZ']",2019-01-01T13:02:00.340000Z,14.73
208,20190101T130223Z,1J.TI4A.,"['CH1', 'CH2', 'CHZ']",2019-01-01T13:02:23.260000Z,8.58
209,20190101T130250Z,1J.TI4A.,"['CH1', 'CH2', 'CHZ']",2019-01-01T13:02:54.680000Z,1.52
210,20190101T130316Z,1J.TI4A.,"['CH1', 'CH2', 'CHZ']",2019-01-01T13:03:16.740000Z,0.84
211,20190101T130331Z,1J.TI4A.,"['CH1', 'CH2', 'CHZ']",2019-01-01T13:03:31.490000Z,0.89
212,20190101T130434Z,1J.TI4A.,"['CH1', 'CH2', 'CHZ']",2019-01-01T13:04:34.990000Z,1.47
213,20190101T130450Z,1J.TI4A.,"['CH1', 'CH2', 'CHZ']",2019-01-01T13:04:50.860000Z,1.15
214,20190101T130457Z,1J.TI4A.,"['CH1', 'CH2', 'CHZ']",2019-01-01T13:04:57.200000Z,8.68
215,20190101T130646Z,1J.TI4A.,"['CH1', 'CH2', 'CHZ']",2019-01-01T13:06:46.890000Z,1.76
216,20190101T130735Z,1J.TI4A.,"['CH1', 'CH2', 'CHZ']",2019-01-01T13:07:35.850000Z,3.64
217,20190101T130831Z,1J.TI4A.,"['CH1', 'CH2', 'CHZ']",2019-01-01T13:08:31.260000Z,2.9
218,20190101T130853Z,1J.TI4A.,"['CH1', 'CH2', 'CHZ']",2019-01-01T13:08:53.600000Z,7.4
219,20190101T130926Z,1J.TI4A.,"['CH1', 'CH2', 'CHZ']",2019-01-01T13:09:26.960000Z,0.95
220,20190101T131043Z,1J.TI4A.,"['CH1', 'CH2', 'CHZ']",2019-01-01T13:10:43.340000Z,1.34
221,20190101T131050Z,1J.TI4A.,"['CH1', 'CH2', 'CHZ']",2019-01-01T13:10:55.170000Z,5.71
222,20190101T131114Z,1J.TI4A.,"['CH1', 'CH2', 'CHZ']",2019-01-01T13:11:14.100000Z,1.15
223,20190101T131125Z,1J.TI4A.,"['CH1', 'CH2', 'CHZ']",2019-01-01T13:11:25.760000Z,4.46
224,20190101T131644Z,1J.TI4A.,"['CH1', 'CH2', 'CHZ']",2019-01-01T13:17:07.760000Z,1.79
225,20190101T131746Z,1J.TI4A.,"['CH1', 'CH2', 'CHZ']",2019-01-01T13:17:46.420000Z,1.57
226,20190101T131834Z,1J.TI4A.,"['CH1', 'CH2', 'CHZ']",2019-01-01T13:18:34.150000Z,1.64
227,20190101T132013Z,1J.TI4A.,"['CH1', 'CH2', 'CHZ']",2019-01-01T13:20:13.300000Z,0.84
228,20190101T132051Z,1J.TI4A.,"['CH1', 'CH2', 'CHZ']",2019-01-01T13:20:51.370000Z,2.44
229,20190101T132102Z,1J.TI4A.,"['CH1', 'CH2', 'CHZ']",2019-01-01T13:21:02.210000Z,2.32
230,20190101T132121Z,1J.TI4A.,"['CH1', 'CH2', 'CHZ']",2019-01-01T13:21:21.740000Z,3.53
231,20190101T132145Z,1J.TI4A.,"['CH1', 'CH2', 'CHZ']",2019-01-01T13:21:46.290000Z,4.18
232,20190101T132253Z,1J.TI4A.,"['CH1', 'CH2', 'CHZ']",2019-01-01T13:22:53.780000Z,10.75
233,20190101T132401Z,1J.TI4A.,"['CH1', 'CH2', 'CHZ']",2019-01-01T13:24:18.040000Z,23.85
234,20190101T132507Z,1J.TI4A.,"['CH1', 'CH2', 'CHZ']",2019-01-01T13:25:07.490000Z,3.26
235,20190101T132644Z,1J.TI4A.,"['CH1', 'CH2', 'CHZ']",2019-01-01T13:26:44.910000Z,1.89
236,20190101T132700Z,1J.TI4A.,"['CH1', 'CH2', 'CHZ']",2019-01-01T13:27:00.080000Z,24.61
237,20190101T132817Z,1J.TI4A.,"['CH1', 'CH2', 'CHZ']",2019-01-01T13:28:17.280000Z,1.2
238,20190101T133156Z,1J.TI4A.,"['CH1', 'CH2', 'CHZ']",2019-01-01T13:31:56.260000Z,2.8
239,20190101T133228Z,1J.TI4A.,"['CH1', 'CH2', 'CHZ']",2019-01-01T13:32:28.870000Z,1.74
240,20190101T133246Z,1J.TI4A.,"['CH1', 'CH2', 'CHZ']",2019-01-01T13:32:46.760000Z,3.94
241,20190101T133332Z,1J.TI4A.,"['CH1', 'CH2', 'CHZ']",2019-01-01T13:33:36.450000Z,1.77
242,20190101T133540Z,1J.TI4A.,"['CH1', 'CH2', 'CHZ']",2019-01-01T13:35:40.690000Z,2.48
243,20190101T133619Z,1J.TI4A.,"['CH1', 'CH2', 'CHZ']",2019-01-01T13:36:19.840000Z,5.56
244,20190101T133649Z,1J.TI4A.,"['CH1', 'CH2', 'CHZ']",2019-01-01T13:37:04.740000Z,1.75
245,20190101T133823Z,1J.TI4A.,"['CH1', 'CH2', 'CHZ']",2019-01-01T13:38:23.270000Z,1.21
246,20190101T134227Z,1J.TI4A.,"['CH1', 'CH2', 'CHZ']",2019-01-01T13:42:27.750000Z,2.88
247,20190101T134309Z,1J.TI4A.,"['CH1', 'CH2', 'CHZ']",2019-01-01T13:43:09.930000Z,4.76
248,20190101T134415Z,1J.TI4A.,"['CH1', 'CH2', 'CHZ']",2019-01-01T13:44:15.180000Z,2.37
249,20190101T134437Z,1J.TI4A.,"['CH1', 'CH2', 'CHZ']",2019-01-01T13:44:37.310000Z,1.63
250,20190101T134516Z,1J.TI4A.,"['CH1', 'CH2', 'CHZ']",2019-01-01T13:45:16.290000Z,1.6
251,20190101T134529Z,1J.TI4A.,"['CH1', 'CH2', 'CHZ']",2019-01-01T13:45:45.710000Z,5.81
252,20190101T134812Z,1J.TI4A.,"['CH1', 'CH2', 'CHZ']",2019-01-01T13:48:12.200000Z,1.31
253,20190101T135124Z,1J.TI4A.,"['CH1', 'CH2', 'CHZ']",2019-01-01T13:51:24.340000Z,2.34
254,20190101T135222Z,1J.TI4A.,"['CH1', 'CH2', 'CHZ']",2019-01-01T13:52:22.910000Z,8.24
255,20190101T135304Z,1J.TI4A.,"['CH1', 'CH2', 'CHZ']",2019-01-01T13:53:04.400000Z,18.18
256,20190101T135357Z,1J.TI4A.,"['CH1', 'CH2', 'CHZ']",2019-01-01T13:53:57.080000Z,1.54
257,20190101T135406Z,1J.TI4A.,"['CH1', 'CH2', 'CHZ']",2019-01-01T13:54:06.700000Z,5.89
258,20190101T135425Z,1J.TI4A.,"['CH1', 'CH2', 'CHZ']",2019-01-01T13:54:25.330000Z,1.31
259,20190101T135554Z,1J.TI4A.,"['CH1', 'CH2', 'CHZ']",2019-01-01T13:55:54.620000Z,3.51
260,20190101T135712Z,1J.TI4A.,"['CH1', 'CH2', 'CHZ']",2019-01-01T13:57:12.750000Z,3.53
261,20190101T135949Z,1J.TI4A.,"['CH1', 'CH2', 'CHZ']",2019-01-01T13:59:49.430000Z,2.21
262,20190101T140017Z,1J.TI4A.,"['CH1', 'CH2', 'CHZ']",2019-01-01T14:00:17.630000Z,1.8
263,20190101T140056Z,1J.TI4A.,"['CH1', 'CH2', 'CHZ']",2019-01-01T14:00:56.650000Z,11.87
264,20190101T140332Z,1J.TI4A.,"['CH1', 'CH2', 'CHZ']",2019-01-01T14:03:32.980000Z,14.24
265,20190101T140415Z,1J.TI4A.,"['CH1', 'CH2', 'CHZ']",2019-01-01T14:04:18.620000Z,30.96
266,20190101T140556Z,1J.TI4A.,"['CH1', 'CH2', 'CHZ']",2019-01-01T14:05:56.240000Z,4.3
267,20190101T140633Z,1J.TI4A.,"['CH1', 'CH2', 'CHZ']",2019-01-01T14:06:33.330000Z,4.55
268,20190101T140705Z,1J.TI4A.,"['CH1', 'CH2', 'CHZ']",2019-01-01T14:07:05.090000Z,6.59
269,20190101T140747Z,1J.TI4A.,"['CH1', 'CH2', 'CHZ']",2019-01-01T14:07:47.070000Z,57.31
270,20190101T141057Z,1J.TI4A.,"['CH1', 'CH2', 'CHZ']",2019-01-01T14:10:57.650000Z,34.13
271,20190101T141856Z,1J.TI4A.,"['CH1', 'CH2', 'CHZ']",2019-01-01T14:18:59.450000Z,5.8
272,20190101T142447Z,1J.TI4A.,"['CH1', 'CH2', 'CHZ']",2019-01-01T14:24:47.260000Z,0.95
273,20190101T142513Z,1J.TI4A.,"['CH1', 'CH2', 'CHZ']",2019-01-01T14:25:13.730000Z,3.13
274,20190101T142530Z,1J.TI4A.,"['CH1', 'CH2', 'CHZ']",2019-01-01T14:25:32.870000Z,51.68
275,20190101T142804Z,1J.TI4A.,"['CH1', 'CH2', 'CHZ']",2019-01-01T14:28:09.360000Z,20.97
276,20190101T143007Z,1J.TI4A.,"['CH1', 'CH2', 'CHZ']",2019-01-01T14:30:11.740000Z,45.8
277,20190101T144311Z,1J.TI4A.,"['CH1', 'CH2', 'CHZ']",2019-01-01T14:43:11.800000Z,5.14
278,20190101T144328Z,1J.TI4A.,"['CH1', 'CH2', 'CHZ']",2019-01-01T14:43:28.330000Z,20.27
279,20190101T145336Z,1J.TI4A.,"['CH1', 'CH2', 'CHZ']",2019-01-01T14:53:40.070000Z,11.53
280,20190101T145802Z,1J.TI4A.,"['CH1', 'CH2', 'CHZ']",2019-01-01T14:58:06.890000Z,50.51
281,20190101T150351Z,1J.TI4A.,"['CH1', 'CH2', 'CHZ']",2019-01-01T15:03:51.630000Z,10.24
282,20190101T150616Z,1J.TI4A.,"['CH1', 'CH2', 'CHZ']",2019-01-01T15:06:17.840000Z,8.56
283,20190101T151407Z,1J.TI4A.,"['CH1', 'CH2', 'CHZ']",2019-01-01T15:14:07.390000Z,27.63
284,20190101T151441Z,1J.TI4A.,"['CH1', 'CH2', 'CHZ']",2019-01-01T15:14:41.430000Z,92.7
285,20190101T152530Z,1J.TI4A.,"['CH1', 'CH2', 'CHZ']",2019-01-01T15:25:40.490000Z,10.43
286,20190101T164736Z,1J.TI4A.,"['CH1', 'CH2', 'CHZ']",2019-01-01T16:47:44.120000Z,1.24
287,20190101T173950Z,1J.TI4A.,"['CH1', 'CH2', 'CHZ']",2019-01-01T17:39:50.850000Z,19.24
288,20190101T175410Z,1J.TI4A.,"['CH1', 'CH2', 'CHZ']",2019-01-01T17:54:15.480000Z,8.8
289,20190101T175521Z,1J.TI4A.,"['CH1', 'CH2', 'CHZ']",2019-01-01T17:55:21.440000Z,2.66
290,20190101T175637Z,1J.TI4A.,"['CH1', 'CH2', 'CHZ']",2019-01-01T17:56:37.010000Z,1.28
291,20190101T180004Z,1J.TI4A.,"['CH1', 'CH2', 'CHZ']",2019-01-01T18:00:04.470000Z,36.11
292,20190101T180217Z,1J.TI4A.,"['CH1', 'CH2', 'CHZ']",2019-01-01T18:02:17.700000Z,6.82
293,20190101T180231Z,1J.TI4A.,"['CH1', 'CH2', 'CHZ']",2019-01-01T18:02:31.180000Z,9.67
294,20190101T180246Z,1J.TI4A.,"['CH1', 'CH2', 'CHZ']",2019-01-01T18:02:46.930000Z,14.38
295,20190101T180312Z,1J.TI4A.,"['CH1', 'CH2', 'CHZ']",2019-01-01T18:03:12.780000Z,1.26
296,20190101T180341Z,1J.TI4A.,"['CH1', 'CH2', 'CHZ']",2019-01-01T18:03:41.030000Z,45.07
297,20190101T180815Z,1J.TI4A.,"['CH1', 'CH2', 'CHZ']",2019-01-01T18:08:30.080000Z,14.76
298,20190101T180903Z,1J.TI4A.,"['CH1', 'CH2', 'CHZ']",2019-01-01T18:09:03.220000Z,0.74
299,20190101T181007Z,1J.TI4A.,"['CH1', 'CH2', 'CHZ']",2019-01-01T18:10:07.350000Z,1.46
300,20190101T181144Z,1J.TI4A.,"['CH1', 'CH2', 'CHZ']",2019-01-01T18:11:44.010000Z,13.77
301,20190101T181208Z,1J.TI4A.,"['CH1', 'CH2', 'CHZ']",2019-01-01T18:12:08.590000Z,34.09
302,20190101T181716Z,1J.TI4A.,"['CH1', 'CH2', 'CHZ']",2019-01-01T18:17:16.030000Z,1.86
303,20190101T181759Z,1J.TI4A.,"['CH1', 'CH2', 'CHZ']",2019-01-01T18:17:59.890000Z,1.2
304,20190101T181813Z,1J.TI4A.,"['CH1', 'CH2', 'CHZ']",2019-01-01T18:18:13.090000Z,4.69
305,20190101T181831Z,1J.TI4A.,"['CH1', 'CH2', 'CHZ']",2019-01-01T18:18:45.900000Z,4.77
306,20190101T181901Z,1J.TI4A.,"['CH1', 'CH2', 'CHZ']",2019-01-01T18:19:01.610000Z,3.29
307,20190101T181920Z,1J.TI4A.,"['CH1', 'CH2', 'CHZ']",2019-01-01T18:19:20.230000Z,4.07
308,20190101T183910Z,1J.TI4A.,"['CH1', 'CH2', 'CHZ']",2019-01-01T18:39:10.890000Z,63.17
309,20190101T192344Z,1J.TI4A.,"['CH1', 'CH2', 'CHZ']",2019-01-01T19:23:55.100000Z,12.13
310,20190101T192616Z,1J.TI4A.,"['CH1', 'CH2', 'CHZ']",2019-01-01T19:26:28.780000Z,1.68
311,20190101T192637Z,1J.TI4A.,"['CH1', 'CH2', 'CHZ']",2019-01-01T19:26:37.800000Z,3.3
312,20190101T192752Z,1J.TI4A.,"['CH1', 'CH2', 'CHZ']",2019-01-01T19:28:01.820000Z,12.46
313,20190101T192924Z,1J.TI4A.,"['CH1', 'CH2', 'CHZ']",2019-01-01T19:29:24.100000Z,0.73
314,20190101T193243Z,1J.TI4A.,"['CH1', 'CH2', 'CHZ']",2019-01-01T19:32:43.740000Z,5.25
315,20190101T193401Z,1J.TI4A.,"['CH1', 'CH2', 'CHZ']",2019-01-01T19:34:01.720000Z,2.06
316,20190101T193412Z,1J.TI4A.,"['CH1', 'CH2', 'CHZ']",2019-01-01T19:34:18.480000Z,1.83
317,20190101T193433Z,1J.TI4A.,"['CH1', 'CH2', 'CHZ']",2019-01-01T19:34:50.840000Z,49.36
318,20190101T193602Z,1J.TI4A.,"['CH1', 'CH2', 'CHZ']",2019-01-01T19:36:02.760000Z,4.72
319,20190101T193643Z,1J.TI4A.,"['CH1', 'CH2', 'CHZ']",2019-01-01T19:36:43.260000Z,1.75
320,20190101T193730Z,1J.TI4A.,"['CH1', 'CH2', 'CHZ']",2019-01-01T19:37:30.250000Z,1.23
321,20190101T193845Z,1J.TI4A.,"['CH1', 'CH2', 'CHZ']",2019-01-01T19:38:45.400000Z,7.21
322,20190101T193917Z,1J.TI4A.,"['CH1', 'CH2', 'CHZ']",2019-01-01T19:39:17.600000Z,5.37
323,20190101T194002Z,1J.TI4A.,"['CH1', 'CH2', 'CHZ']",2019-01-01T19:40:02.740000Z,0.81
324,20190101T194123Z,1J.TI4A.,"['CH1', 'CH2', 'CHZ']",2019-01-01T19:41:23.720000Z,18.92
325,20190101T194257Z,1J.TI4A.,"['CH1', 'CH2', 'CHZ']",2019-01-01T19:42:57.260000Z,12.85
326,20190101T194326Z,1J.TI4A.,"['CH1', 'CH2', 'CHZ']",2019-01-01T19:43:26.550000Z,12.82
327,20190101T194637Z,1J.TI4A.,"['CH1', 'CH2', 'CHZ']",2019-01-01T19:46:37.520000Z,1.27
328,20190101T194648Z,1J.TI4A.,"['CH1', 'CH2', 'CHZ']",2019-01-01T19:46:48.480000Z,1.16
329,20190101T194706Z,1J.TI4A.,"['CH1', 'CH2', 'CHZ']",2019-01-01T19:47:07.550000Z,1.49
330,20190101T194828Z,1J.TI4A.,"['CH1', 'CH2', 'CHZ']",2019-01-01T19:48:28.050000Z,1.68
331,20190101T194836Z,1J.TI4A.,"['CH1', 'CH2', 'CHZ']",2019-01-01T19:48:36.980000Z,4.82
332,20190101T194857Z,1J.TI4A.,"['CH1', 'CH2', 'CHZ']",2019-01-01T19:49:04.110000Z,2.11
333,20190101T194938Z,1J.TI4A.,"['CH1', 'CH2', 'CHZ']",2019-01-01T19:49:38.770000Z,2.63
334,20190101T195241Z,1J.TI4A.,"['CH1', 'CH2', 'CHZ']",2019-01-01T19:52:41.480000Z,8.06
335,20190101T195258Z,1J.TI4A.,"['CH1', 'CH2', 'CHZ']",2019-01-01T19:52:58.440000Z,2.42
336,20190101T195435Z,1J.TI4A.,"['CH1', 'CH2', 'CHZ']",2019-01-01T19:54:39.710000Z,69.09
337,20190101T195607Z,1J.TI4A.,"['CH1', 'CH2', 'CHZ']",2019-01-01T19:56:07.930000Z,0.95
338,20190101T195615Z,1J.TI4A.,"['CH1', 'CH2', 'CHZ']",2019-01-01T19:56:15.320000Z,1.82
339,20190101T195646Z,1J.TI4A.,"['CH1', 'CH2', 'CHZ']",2019-01-01T19:56:46.240000Z,8.44
340,20190101T195749Z,1J.TI4A.,"['CH1', 'CH2', 'CHZ']",2019-01-01T19:57:49.400000Z,3.3
341,20190101T195822Z,1J.TI4A.,"['CH1', 'CH2', 'CHZ']",2019-01-01T19:58:23.230000Z,4.99
342,20190101T195902Z,1J.TI4A.,"['CH1', 'CH2', 'CHZ']",2019-01-01T19:59:02.540000Z,5.45
343,20190101T200016Z,1J.TI4A.,"['CH1', 'CH2', 'CHZ']",2019-01-01T20:00:16.030000Z,1.49
344,20190101T200043Z,1J.TI4A.,"['CH1', 'CH2', 'CHZ']",2019-01-01T20:00:51.740000Z,7.35
345,20190101T200118Z,1J.TI4A.,"['CH1', 'CH2', 'CHZ']",2019-01-01T20:01:20.830000Z,0.97
346,20190101T200144Z,1J.TI4A.,"['CH1', 'CH2', 'CHZ']",2019-01-01T20:01:44.240000Z,1.56
347,20190101T200409Z,1J.TI4A.,"['CH1', 'CH2', 'CHZ']",2019-01-01T20:04:09.930000Z,2.47
348,20190101T200733Z,1J.TI4A.,"['CH1', 'CH2', 'CHZ']",2019-01-01T20:07:42.400000Z,18.21
349,20190101T200913Z,1J.TI4A.,"['CH1', 'CH2', 'CHZ']",2019-01-01T20:09:18.400000Z,4.16
350,20190101T200940Z,1J.TI4A.,"['CH1', 'CH2', 'CHZ']",2019-01-01T20:09:43.660000Z,7.39
351,20190101T201201Z,1J.TI4A.,"['CH1', 'CH2', 'CHZ']",2019-01-01T20:12:03.910000Z,1.34
352,20190101T201408Z,1J.TI4A.,"['CH1', 'CH2', 'CHZ']",2019-01-01T20:14:08.540000Z,18.21
353,20190101T201455Z,1J.TI4A.,"['CH1', 'CH2', 'CHZ']",2019-01-01T20:14:55.380000Z,3.24
354,20190101T201820Z,1J.TI4A.,"['CH1', 'CH2', 'CHZ']",2019-01-01T20:18:26.880000Z,9.49
355,20190101T202035Z,1J.TI4A.,"['CH1', 'CH2', 'CHZ']",2019-01-01T20:20:36.830000Z,15.12
356,20190101T202436Z,1J.TI4A.,"['CH1', 'CH2', 'CHZ']",2019-01-01T20:24:38.940000Z,12.85
357,20190101T202810Z,1J.TI4A.,"['CH1', 'CH2', 'CHZ']",2019-01-01T20:28:10.890000Z,10.4
358,20190101T202851Z,1J.TI4A.,"['CH1', 'CH2', 'CHZ']",2019-01-01T20:28:56.560000Z,10.54
359,20190101T203205Z,1J.TI4A.,"['CH1', 'CH2', 'CHZ']",2019-01-01T20:32:05.290000Z,22.06
360,20190101T203336Z,1J.TI4A.,"['CH1', 'CH2', 'CHZ']",2019-01-01T20:33:36.810000Z,1.46
361,20190101T203627Z,1J.TI4A.,"['CH1', 'CH2', 'CHZ']",2019-01-01T20:36:27.950000Z,5.76
362,20190101T203757Z,1J.TI4A.,"['CH1', 'CH2', 'CHZ']",2019-01-01T20:38:03.120000Z,72.53
363,20190101T214927Z,1J.TI4A.,"['CH1', 'CH2', 'CHZ']",2019-01-01T21:49:29.340000Z,2.56
364,20190101T215551Z,1J.TI4A.,"['CH1', 'CH2', 'CHZ']",2019-01-01T21:55:51.950000Z,1.27
365,20190101T221051Z,1J.TI4A.,"['CH1', 'CH2', 'CHZ']",2019-01-01T22:10:51.170000Z,6.54
366,20190101T222118Z,1J.TI4A.,"['CH1', 'CH2', 'CHZ']",2019-01-01T22:21:18.330000Z,3.31
367,20190101T222234Z,1J.TI4A.,"['CH1', 'CH2', 'CHZ']",2019-01-01T22:22:34.280000Z,1.61
368,20190101T223057Z,1J.TI4A.,"['CH1', 'CH2', 'CHZ']",2019-01-01T22:30:57.800000Z,0.81
369,20190101T223708Z,1J.TI4A.,"['CH1', 'CH2', 'CHZ']",2019-01-01T22:37:08.960000Z,1.3
370,20190101T225538Z,1J.TI4A.,"['CH1', 'CH2', 'CHZ']",2019-01-01T22:55:38.650000Z,2.33
371,20190101T230609Z,1J.TI4A.,"['CH1', 'CH2', 'CHZ']",2019-01-01T23:06:18.020000Z,1.25
372,20190101T234635Z,1J.TI4A.,"['CH1', 'CH2', 'CHZ']",2019-01-01T23:46:35.590000Z,2.53
373,20190101T000145Z,1J.TI3A.,"['CH1', 'CH2', 'CHZ']",2019-01-01T00:01:45.520000Z,12.58
374,20190101T000353Z,1J.TI3A.,"['CH1', 'CH2', 'CHZ']",2019-01-01T00:03:53.610000Z,6.1
375,20190101T000641Z,1J.TI3A.,"['CH1', 'CH2', 'CHZ']",2019-01-01T00:06:41.490000Z,0.89
376,20190101T001125Z,1J.TI3A.,"['CH1', 'CH2', 'CHZ']",2019-01-01T00:11:25.790000Z,46.42
377,20190101T001259Z,1J.TI3A.,"['CH1', 'CH2', 'CHZ']",2019-01-01T00:12:59.070000Z,2.81
378,20190101T001344Z,1J.TI3A.,"['CH1', 'CH2', 'CHZ']",2019-01-01T00:13:44.150000Z,10.48
379,20190101T002038Z,1J.TI3A.,"['CH1', 'CH2', 'CHZ']",2019-01-01T00:20:38.070000Z,0.72
380,20190101T002049Z,1J.TI3A.,"['CH1', 'CH2', 'CHZ']",2019-01-01T00:20:49.970000Z,24.89
381,20190101T003103Z,1J.TI3A.,"['CH1', 'CH2', 'CHZ']",2019-01-01T00:31:03.230000Z,16.24
382,20190101T004132Z,1J.TI3A.,"['CH1', 'CH2', 'CHZ']",2019-01-01T00:41:32.320000Z,13.14
383,20190101T004522Z,1J.TI3A.,"['CH1', 'CH2', 'CHZ']",2019-01-01T00:45:27.520000Z,15.57
384,20190101T005259Z,1J.TI3A.,"['CH1', 'CH2', 'CHZ']",2019-01-01T00:52:59.740000Z,14.87
385,20190101T005430Z,1J.TI3A.,"['CH1', 'CH2', 'CHZ']",2019-01-01T00:54:30.540000Z,3.98
386,20190101T010229Z,1J.TI3A.,"['CH1', 'CH2', 'CHZ']",2019-01-01T01:02:32.820000Z,7.78
387,20190101T010530Z,1J.TI3A.,"['CH1', 'CH2', 'CHZ']",2019-01-01T01:05:30.450000Z,1.36
388,20190101T010650Z,1J.TI3A.,"['CH1', 'CH2', 'CHZ']",2019-01-01T01:06:52.820000Z,10.02
389,20190101T010915Z,1J.TI3A.,"['CH1', 'CH2', 'CHZ']",2019-01-01T01:09:15.050000Z,13.95
390,20190101T011638Z,1J.TI3A.,"['CH1', 'CH2', 'CHZ']",2019-01-01T01:16:42.040000Z,4.24
391,20190101T011808Z,1J.TI3A.,"['CH1', 'CH2', 'CHZ']",2019-01-01T01:18:08.390000Z,11.34
392,20190101T012100Z,1J.TI3A.,"['CH1', 'CH2', 'CHZ']",2019-01-01T01:21:00.990000Z,0.69
393,20190101T012107Z,1J.TI3A.,"['CH1', 'CH2', 'CHZ']",2019-01-01T01:21:07.110000Z,0.79
394,20190101T012238Z,1J.TI3A.,"['CH1', 'CH2', 'CHZ']",2019-01-01T01:22:38.810000Z,35.25
395,20190101T012657Z,1J.TI3A.,"['CH1', 'CH2', 'CHZ']",2019-01-01T01:26:57.590000Z,6.7
396,20190101T013418Z,1J.TI3A.,"['CH1', 'CH2', 'CHZ']",2019-01-01T01:34:27.140000Z,29.34
397,20190101T013538Z,1J.TI3A.,"['CH1', 'CH2', 'CHZ']",2019-01-01T01:35:38.620000Z,10.73
398,20190101T013635Z,1J.TI3A.,"['CH1', 'CH2', 'CHZ']",2019-01-01T01:36:35.600000Z,15.76
399,20190101T014106Z,1J.TI3A.,"['CH1', 'CH2', 'CHZ']",2019-01-01T01:41:06.400000Z,1.26
400,20190101T014128Z,1J.TI3A.,"['CH1', 'CH2', 'CHZ']",2019-01-01T01:41:28.400000Z,26.74
401,20190101T014220Z,1J.TI3A.,"['CH1', 'CH2', 'CHZ']",2019-01-01T01:42:25.110000Z,1.64
402,20190101T014340Z,1J.TI3A.,"['CH1', 'CH2', 'CHZ']",2019-01-01T01:43:40.170000Z,0.6
403,20190101T014505Z,1J.TI3A.,"['CH1', 'CH2', 'CHZ']",2019-01-01T01:45:05.910000Z,1.45
404,20190101T014544Z,1J.TI3A.,"['CH1', 'CH2', 'CHZ']",2019-01-01T01:45:54.580000Z,0.62
405,20190101T014712Z,1J.TI3A.,"['CH1', 'CH2', 'CHZ']",2019-01-01T01:47:12.660000Z,1.1
406,20190101T014807Z,1J.TI3A.,"['CH1', 'CH2', 'CHZ']",2019-01-01T01:48:07.980000Z,49.05
407,20190101T015131Z,1J.TI3A.,"['CH1', 'CH2', 'CHZ']",2019-01-01T01:51:31.210000Z,0.98
408,20190101T015229Z,1J.TI3A.,"['CH1', 'CH2', 'CHZ']",2019-01-01T01:52:29.710000Z,10.76
409,20190101T015510Z,1J.TI3A.,"['CH1', 'CH2', 'CHZ']",2019-01-01T01:55:10.600000Z,17.37
410,20190101T015601Z,1J.TI3A.,"['CH1', 'CH2', 'CHZ']",2019-01-01T01:56:01.320000Z,17.61
411,20190101T015751Z,1J.TI3A.,"['CH1', 'CH2', 'CHZ']",2019-01-01T01:57:51.130000Z,0.7
412,20190101T020045Z,1J.TI3A.,"['CH1', 'CH2', 'CHZ']",2019-01-01T02:00:45.260000Z,13.07
413,20190101T020120Z,1J.TI3A.,"['CH1', 'CH2', 'CHZ']",2019-01-01T02:01:20.350000Z,20.05
414,20190101T020318Z,1J.TI3A.,"['CH1', 'CH2', 'CHZ']",2019-01-01T02:03:18.430000Z,22.07
415,20190101T020632Z,1J.TI3A.,"['CH1', 'CH2', 'CHZ']",2019-01-01T02:06:32.970000Z,48.63
416,20190101T020814Z,1J.TI3A.,"['CH1', 'CH2', 'CHZ']",2019-01-01T02:08:14.230000Z,7.87
417,20190101T020935Z,1J.TI3A.,"['CH1', 'CH2', 'CHZ']",2019-01-01T02:09:36.270000Z,6.17
418,20190101T021140Z,1J.TI3A.,"['CH1', 'CH2', 'CHZ']",2019-01-01T02:11:40.610000Z,0.71
419,20190101T021259Z,1J.TI3A.,"['CH1', 'CH2', 'CHZ']",2019-01-01T02:12:59.170000Z,0.68
420,20190101T021431Z,1J.TI3A.,"['CH1', 'CH2', 'CHZ']",2019-01-01T02:14:31.240000Z,0.73
421,20190101T021657Z,1J.TI3A.,"['CH1', 'CH2', 'CHZ']",2019-01-01T02:16:57.070000Z,14.72
422,20190101T021724Z,1J.TI3A.,"['CH1', 'CH2', 'CHZ']",2019-01-01T02:17:24.440000Z,22.07
423,20190101T021947Z,1J.TI3A.,"['CH1', 'CH2', 'CHZ']",2019-01-01T02:19:47.810000Z,1.85
424,20190101T021955Z,1J.TI3A.,"['CH1', 'CH2', 'CHZ']",2019-01-01T02:19:55.280000Z,5.43
425,20190101T022158Z,1J.TI3A.,"['CH1', 'CH2', 'CHZ']",2019-01-01T02:21:58.280000Z,3.63
426,20190101T022223Z,1J.TI3A.,"['CH1', 'CH2', 'CHZ']",2019-01-01T02:22:24.380000Z,16.19
427,20190101T022325Z,1J.TI3A.,"['CH1', 'CH2', 'CHZ']",2019-01-01T02:23:26.200000Z,12.12
428,20190101T022359Z,1J.TI3A.,"['CH1', 'CH2', 'CHZ']",2019-01-01T02:23:59.430000Z,16.57
429,20190101T022420Z,1J.TI3A.,"['CH1', 'CH2', 'CHZ']",2019-01-01T02:24:23.230000Z,14.51
430,20190101T022619Z,1J.TI3A.,"['CH1', 'CH2', 'CHZ']",2019-01-01T02:26:19.020000Z,7.02
431,20190101T022831Z,1J.TI3A.,"['CH1', 'CH2', 'CHZ']",2019-01-01T02:28:35.410000Z,6.88
432,20190101T023019Z,1J.TI3A.,"['CH1', 'CH2', 'CHZ']",2019-01-01T02:30:41.510000Z,0.66
433,20190101T023243Z,1J.TI3A.,"['CH1', 'CH2', 'CHZ']",2019-01-01T02:32:43.140000Z,0.7
434,20190101T023429Z,1J.TI3A.,"['CH1', 'CH2', 'CHZ']",2019-01-01T02:34:30.220000Z,16.57
435,20190101T023516Z,1J.TI3A.,"['CH1', 'CH2', 'CHZ']",2019-01-01T02:35:16.140000Z,0.69
436,20190101T023730Z,1J.TI3A.,"['CH1', 'CH2', 'CHZ']",2019-01-01T02:37:30.450000Z,0.74
437,20190101T023831Z,1J.TI3A.,"['CH1', 'CH2', 'CHZ']",2019-01-01T02:38:31.330000Z,19.9
438,20190101T023938Z,1J.TI3A.,"['CH1', 'CH2', 'CHZ']",2019-01-01T02:39:38.190000Z,0.7
439,20190101T024205Z,1J.TI3A.,"['CH1', 'CH2', 'CHZ']",2019-01-01T02:42:05.250000Z,0.62
440,20190101T024246Z,1J.TI3A.,"['CH1', 'CH2', 'CHZ']",2019-01-01T02:42:46.140000Z,0.64
441,20190101T024611Z,1J.TI3A.,"['CH1', 'CH2', 'CHZ']",2019-01-01T02:46:11.350000Z,0.74
442,20190101T024638Z,1J.TI3A.,"['CH1', 'CH2', 'CHZ']",2019-01-01T02:46:39.050000Z,15.88
443,20190101T024952Z,1J.TI3A.,"['CH1', 'CH2', 'CHZ']",2019-01-01T02:49:52.400000Z,18.36
444,20190101T025259Z,1J.TI3A.,"['CH1', 'CH2', 'CHZ']",2019-01-01T02:52:59.780000Z,0.66
445,20190101T025600Z,1J.TI3A.,"['CH1', 'CH2', 'CHZ']",2019-01-01T02:56:00.860000Z,18.17
446,20190101T025702Z,1J.TI3A.,"['CH1', 'CH2', 'CHZ']",2019-01-01T02:57:02.800000Z,0.61
447,20190101T025755Z,1J.TI3A.,"['CH1', 'CH2', 'CHZ']",2019-01-01T02:57:55.830000Z,7.04
448,20190101T025819Z,1J.TI3A.,"['CH1', 'CH2', 'CHZ']",2019-01-01T02:58:19.470000Z,4.14
449,20190101T025934Z,1J.TI3A.,"['CH1', 'CH2', 'CHZ']",2019-01-01T02:59:34.430000Z,0.91
450,20190101T030018Z,1J.TI3A.,"['CH1', 'CH2', 'CHZ']",2019-01-01T03:00:18.490000Z,21.51
451,20190101T030255Z,1J.TI3A.,"['CH1', 'CH2', 'CHZ']",2019-01-01T03:02:55.500000Z,16.27
452,20190101T030839Z,1J.TI3A.,"['CH1', 'CH2', 'CHZ']",2019-01-01T03:08:39.820000Z,0.71
453,20190101T030912Z,1J.TI3A.,"['CH1', 'CH2', 'CHZ']",2019-01-01T03:09:12.380000Z,50.46
454,20190101T031120Z,1J.TI3A.,"['CH1', 'CH2', 'CHZ']",2019-01-01T03:11:22.940000Z,4.57
455,20190101T031258Z,1J.TI3A.,"['CH1', 'CH2', 'CHZ']",2019-01-01T03:12:58.920000Z,10.12
456,20190101T031410Z,1J.TI3A.,"['CH1', 'CH2', 'CHZ']",2019-01-01T03:14:10.900000Z,0.79
457,20190101T031509Z,1J.TI3A.,"['CH1', 'CH2', 'CHZ']",2019-01-01T03:15:09.850000Z,13.74
458,20190101T031822Z,1J.TI3A.,"['CH1', 'CH2', 'CHZ']",2019-01-01T03:18:22.020000Z,1.0
459,20190101T032025Z,1J.TI3A.,"['CH1', 'CH2', 'CHZ']",2019-01-01T03:20:25.000000Z,0.81
460,20190101T032115Z,1J.TI3A.,"['CH1', 'CH2', 'CHZ']",2019-01-01T03:21:15.640000Z,9.14
461,20190101T032216Z,1J.TI3A.,"['CH1', 'CH2', 'CHZ']",2019-01-01T03:22:25.610000Z,0.84
462,20190101T032302Z,1J.TI3A.,"['CH1', 'CH2', 'CHZ']",2019-01-01T03:23:02.220000Z,14.73
463,20190101T032449Z,1J.TI3A.,"['CH1', 'CH2', 'CHZ']",2019-01-01T03:24:49.400000Z,0.69
464,20190101T032647Z,1J.TI3A.,"['CH1', 'CH2', 'CHZ']",2019-01-01T03:27:00.640000Z,17.36
465,20190101T033004Z,1J.TI3A.,"['CH1', 'CH2', 'CHZ']",2019-01-01T03:30:08.600000Z,63.85
466,20190101T033328Z,1J.TI3A.,"['CH1', 'CH2', 'CHZ']",2019-01-01T03:33:28.390000Z,0.68
467,20190101T033558Z,1J.TI3A.,"['CH1', 'CH2', 'CHZ']",2019-01-01T03:35:58.180000Z,1.26
468,20190101T033811Z,1J.TI3A.,"['CH1', 'CH2', 'CHZ']",2019-01-01T03:38:11.720000Z,0.99
469,20190101T033952Z,1J.TI3A.,"['CH1', 'CH2', 'CHZ']",2019-01-01T03:39:52.170000Z,37.58
470,20190101T034239Z,1J.TI3A.,"['CH1', 'CH2', 'CHZ']",2019-01-01T03:42:39.650000Z,0.98
471,20190101T034337Z,1J.TI3A.,"['CH1', 'CH2', 'CHZ']",2019-01-01T03:43:37.100000Z,6.7
472,20190101T034627Z,1J.TI3A.,"['CH1', 'CH2', 'CHZ']",2019-01-01T03:46:27.440000Z,13.93
473,20190101T034803Z,1J.TI3A.,"['CH1', 'CH2', 'CHZ']",2019-01-01T03:48:03.340000Z,18.69
474,20190101T034927Z,1J.TI3A.,"['CH1', 'CH2', 'CHZ']",2019-01-01T03:49:27.360000Z,0.88
475,20190101T034941Z,1J.TI3A.,"['CH1', 'CH2', 'CHZ']",2019-01-01T03:49:41.410000Z,5.53
476,20190101T035131Z,1J.TI3A.,"['CH1', 'CH2', 'CHZ']",2019-01-01T03:51:31.780000Z,9.72
477,20190101T035441Z,1J.TI3A.,"['CH1', 'CH2', 'CHZ']",2019-01-01T03:54:41.360000Z,1.57
478,20190101T035541Z,1J.TI3A.,"['CH1', 'CH2', 'CHZ']",2019-01-01T03:55:41.790000Z,23.73
479,20190101T035634Z,1J.TI3A.,"['CH1', 'CH2', 'CHZ']",2019-01-01T03:56:34.870000Z,7.54
480,20190101T035752Z,1J.TI3A.,"['CH1', 'CH2', 'CHZ']",2019-01-01T03:57:53.410000Z,6.29
481,20190101T035840Z,1J.TI3A.,"['CH1', 'CH2', 'CHZ']",2019-01-01T03:58:40.070000Z,13.09
482,20190101T040008Z,1J.TI3A.,"['CH1', 'CH2', 'CHZ']",2019-01-01T04:00:08.000000Z,0.92
483,20190101T040215Z,1J.TI3A.,"['CH1', 'CH2', 'CHZ']",2019-01-01T04:02:15.580000Z,1.49
484,20190101T040402Z,1J.TI3A.,"['CH1', 'CH2', 'CHZ']",2019-01-01T04:04:02.430000Z,16.44
485,20190101T040755Z,1J.TI3A.,"['CH1', 'CH2', 'CHZ']",2019-01-01T04:07:55.970000Z,17.64
486,20190101T040941Z,1J.TI3A.,"['CH1', 'CH2', 'CHZ']",2019-01-01T04:09:42.310000Z,7.83
487,20190101T041233Z,1J.TI3A.,"['CH1', 'CH2', 'CHZ']",2019-01-01T04:12:34.620000Z,1.27
488,20190101T041456Z,1J.TI3A.,"['CH1', 'CH2', 'CHZ']",2019-01-01T04:14:56.180000Z,1.18
489,20190101T041713Z,1J.TI3A.,"['CH1', 'CH2', 'CHZ']",2019-01-01T04:17:13.460000Z,0.69
490,20190101T041845Z,1J.TI3A.,"['CH1', 'CH2', 'CHZ']",2019-01-01T04:18:45.150000Z,32.44
491,20190101T041936Z,1J.TI3A.,"['CH1', 'CH2', 'CHZ']",2019-01-01T04:19:36.400000Z,26.28
492,20190101T042053Z,1J.TI3A.,"['CH1', 'CH2', 'CHZ']",2019-01-01T04:20:56.850000Z,48.7
493,20190101T042328Z,1J.TI3A.,"['CH1', 'CH2', 'CHZ']",2019-01-01T04:23:28.280000Z,14.89
494,20190101T042410Z,1J.TI3A.,"['CH1', 'CH2', 'CHZ']",2019-01-01T04:24:10.190000Z,0.89
495,20190101T042707Z,1J.TI3A.,"['CH1', 'CH2', 'CHZ']",2019-01-01T04:27:07.410000Z,0.75
496,20190101T042839Z,1J.TI3A.,"['CH1', 'CH2', 'CHZ']",2019-01-01T04:28:39.530000Z,1.08
497,20190101T042913Z,1J.TI3A.,"['CH1', 'CH2', 'CHZ']",2019-01-01T04:29:13.700000Z,16.95
498,20190101T043036Z,1J.TI3A.,"['CH1', 'CH2', 'CHZ']",2019-01-01T04:30:36.280000Z,0.69
499,20190101T043133Z,1J.TI3A.,"['CH1', 'CH2', 'CHZ']",2019-01-01T04:31:33.630000Z,17.14
500,20190101T043419Z,1J.TI3A.,"['CH1', 'CH2', 'CHZ']",2019-01-01T04:34:20.450000Z,8.46
501,20190101T043711Z,1J.TI3A.,"['CH1', 'CH2', 'CHZ']",2019-01-01T04:37:11.890000Z,1.2
502,20190101T043935Z,1J.TI3A.,"['CH1', 'CH2', 'CHZ']",2019-01-01T04:39:35.720000Z,0.94
503,20190101T044115Z,1J.TI3A.,"['CH1', 'CH2', 'CHZ']",2019-01-01T04:41:15.040000Z,48.96
504,20190101T044223Z,1J.TI3A.,"['CH1', 'CH2', 'CHZ']",2019-01-01T04:42:23.380000Z,8.49
505,20190101T044459Z,1J.TI3A.,"['CH1', 'CH2', 'CHZ']",2019-01-01T04:44:59.190000Z,0.62
506,20190101T044650Z,1J.TI3A.,"['CH1', 'CH2', 'CHZ']",2019-01-01T04:46:50.350000Z,0.76
507,20190101T044817Z,1J.TI3A.,"['CH1', 'CH2', 'CHZ']",2019-01-01T04:48:17.230000Z,0.78
508,20190101T044832Z,1J.TI3A.,"['CH1', 'CH2', 'CHZ']",2019-01-01T04:48:32.240000Z,1.15
509,20190101T044941Z,1J.TI3A.,"['CH1', 'CH2', 'CHZ']",2019-01-01T04:49:41.940000Z,22.44
510,20190101T045040Z,1J.TI3A.,"['CH1', 'CH2', 'CHZ']",2019-01-01T04:50:40.770000Z,0.62
511,20190101T045125Z,1J.TI3A.,"['CH1', 'CH2', 'CHZ']",2019-01-01T04:51:25.180000Z,7.52
512,20190101T045257Z,1J.TI3A.,"['CH1', 'CH2', 'CHZ']",2019-01-01T04:52:57.120000Z,0.78
513,20190101T045531Z,1J.TI3A.,"['CH1', 'CH2', 'CHZ']",2019-01-01T04:55:31.340000Z,0.81
514,20190101T045728Z,1J.TI3A.,"['CH1', 'CH2', 'CHZ']",2019-01-01T04:57:28.080000Z,0.71
515,20190101T045940Z,1J.TI3A.,"['CH1', 'CH2', 'CHZ']",2019-01-01T04:59:40.070000Z,31.99
516,20190101T050536Z,1J.TI3A.,"['CH1', 'CH2', 'CHZ']",2019-01-01T05:05:36.450000Z,24.78
517,20190101T050630Z,1J.TI3A.,"['CH1', 'CH2', 'CHZ']",2019-01-01T05:06:30.520000Z,15.23
518,20190101T050715Z,1J.TI3A.,"['CH1', 'CH2', 'CHZ']",2019-01-01T05:07:15.760000Z,16.43
519,20190101T051035Z,1J.TI3A.,"['CH1', 'CH2', 'CHZ']",2019-01-01T05:10:43.800000Z,11.79
520,20190101T051503Z,1J.TI3A.,"['CH1', 'CH2', 'CHZ']",2019-01-01T05:15:03.000000Z,17.47
521,20190101T051712Z,1J.TI3A.,"['CH1', 'CH2', 'CHZ']",2019-01-01T05:17:13.530000Z,15.7
522,20190101T051759Z,1J.TI3A.,"['CH1', 'CH2', 'CHZ']",2019-01-01T05:17:59.620000Z,10.22
523,20190101T051921Z,1J.TI3A.,"['CH1', 'CH2', 'CHZ']",2019-01-01T05:19:21.060000Z,5.46
524,20190101T052154Z,1J.TI3A.,"['CH1', 'CH2', 'CHZ']",2019-01-01T05:21:54.710000Z,0.83
525,20190101T052227Z,1J.TI3A.,"['CH1', 'CH2', 'CHZ']",2019-01-01T05:22:27.640000Z,3.54
526,20190101T052324Z,1J.TI3A.,"['CH1', 'CH2', 'CHZ']",2019-01-01T05:23:24.840000Z,8.02
527,20190101T052502Z,1J.TI3A.,"['CH1', 'CH2', 'CHZ']",2019-01-01T05:25:02.520000Z,21.68
528,20190101T053143Z,1J.TI3A.,"['CH1', 'CH2', 'CHZ']",2019-01-01T05:31:45.540000Z,13.42
529,20190101T053542Z,1J.TI3A.,"['CH1', 'CH2', 'CHZ']",2019-01-01T05:35:42.130000Z,50.05
530,20190101T053920Z,1J.TI3A.,"['CH1', 'CH2', 'CHZ']",2019-01-01T05:39:20.070000Z,6.65
531,20190101T054449Z,1J.TI3A.,"['CH1', 'CH2', 'CHZ']",2019-01-01T05:44:51.560000Z,13.6
532,20190101T054640Z,1J.TI3A.,"['CH1', 'CH2', 'CHZ']",2019-01-01T05:46:42.200000Z,16.03
533,20190101T054836Z,1J.TI3A.,"['CH1', 'CH2', 'CHZ']",2019-01-01T05:48:38.220000Z,12.91
534,20190101T055234Z,1J.TI3A.,"['CH1', 'CH2', 'CHZ']",2019-01-01T05:52:49.330000Z,51.06
535,20190101T055412Z,1J.TI3A.,"['CH1', 'CH2', 'CHZ']",2019-01-01T05:54:12.350000Z,2.76
536,20190101T060759Z,1J.TI3A.,"['CH1', 'CH2', 'CHZ']",2019-01-01T06:07:59.890000Z,1.35
537,20190101T062054Z,1J.TI3A.,"['CH1', 'CH2', 'CHZ']",2019-01-01T06:20:54.130000Z,10.13
538,20190101T062505Z,1J.TI3A.,"['CH1', 'CH2', 'CHZ']",2019-01-01T06:25:05.790000Z,4.29
539,20190101T062747Z,1J.TI3A.,"['CH1', 'CH2', 'CHZ']",2019-01-01T06:27:47.590000Z,1.17
540,20190101T063720Z,1J.TI3A.,"['CH1', 'CH2', 'CHZ']",2019-01-01T06:37:21.320000Z,3.22
541,20190101T064336Z,1J.TI3A.,"['CH1', 'CH2', 'CHZ']",2019-01-01T06:43:36.650000Z,2.37
542,20190101T065116Z,1J.TI3A.,"['CH1', 'CH2', 'CHZ']",2019-01-01T06:51:16.810000Z,7.58
543,20190101T065301Z,1J.TI3A.,"['CH1', 'CH2', 'CHZ']",2019-01-01T06:53:01.850000Z,9.02
544,20190101T065954Z,1J.TI3A.,"['CH1', 'CH2', 'CHZ']",2019-01-01T07:00:22.060000Z,16.4
545,20190101T070428Z,1J.TI3A.,"['CH1', 'CH2', 'CHZ']",2019-01-01T07:04:28.730000Z,2.07
546,20190101T070441Z,1J.TI3A.,"['CH1', 'CH2', 'CHZ']",2019-01-01T07:04:43.030000Z,9.02
547,20190101T070949Z,1J.TI3A.,"['CH1', 'CH2', 'CHZ']",2019-01-01T07:09:49.680000Z,1.73
548,20190101T071421Z,1J.TI3A.,"['CH1', 'CH2', 'CHZ']",2019-01-01T07:14:21.100000Z,5.4
549,20190101T071541Z,1J.TI3A.,"['CH1', 'CH2', 'CHZ']",2019-01-01T07:15:41.290000Z,1.82
550,20190101T071819Z,1J.TI3A.,"['CH1', 'CH2', 'CHZ']",2019-01-01T07:18:19.130000Z,44.28
551,20190101T072617Z,1J.TI3A.,"['CH1', 'CH2', 'CHZ']",2019-01-01T07:26:17.380000Z,6.23
552,20190101T073004Z,1J.TI3A.,"['CH1', 'CH2', 'CHZ']",2019-01-01T07:30:04.170000Z,2.78
553,20190101T073238Z,1J.TI3A.,"['CH1', 'CH2', 'CHZ']",2019-01-01T07:32:38.730000Z,3.1
554,20190101T073254Z,1J.TI3A.,"['CH1', 'CH2', 'CHZ']",2019-01-01T07:32:54.720000Z,11.5
555,20190101T073329Z,1J.TI3A.,"['CH1', 'CH2', 'CHZ']",2019-01-01T07:33:29.630000Z,11.0
556,20190101T073920Z,1J.TI3A.,"['CH1', 'CH2', 'CHZ']",2019-01-01T07:39:20.040000Z,0.9
557,20190101T073928Z,1J.TI3A.,"['CH1', 'CH2', 'CHZ']",2019-01-01T07:39:28.630000Z,6.55
558,20190101T074036Z,1J.TI3A.,"['CH1', 'CH2', 'CHZ']",2019-01-01T07:40:38.220000Z,31.0
559,20190101T074137Z,1J.TI3A.,"['CH1', 'CH2', 'CHZ']",2019-01-01T07:41:37.650000Z,1.41
560,20190101T074213Z,1J.TI3A.,"['CH1', 'CH2', 'CHZ']",2019-01-01T07:42:13.380000Z,2.51
561,20190101T074428Z,1J.TI3A.,"['CH1', 'CH2', 'CHZ']",2019-01-01T07:44:28.040000Z,1.54
562,20190101T074557Z,1J.TI3A.,"['CH1', 'CH2', 'CHZ']",2019-01-01T07:45:57.050000Z,18.91
563,20190101T074803Z,1J.TI3A.,"['CH1', 'CH2', 'CHZ']",2019-01-01T07:48:03.620000Z,6.97
564,20190101T075045Z,1J.TI3A.,"['CH1', 'CH2', 'CHZ']",2019-01-01T07:50:45.500000Z,3.72
565,20190101T075059Z,1J.TI3A.,"['CH1', 'CH2', 'CHZ']",2019-01-01T07:50:59.140000Z,38.96
566,20190101T075220Z,1J.TI3A.,"['CH1', 'CH2', 'CHZ']",2019-01-01T07:52:57.460000Z,1.17
567,20190101T075829Z,1J.TI3A.,"['CH1', 'CH2', 'CHZ']",2019-01-01T07:58:29.950000Z,17.74
568,20190101T075856Z,1J.TI3A.,"['CH1', 'CH2', 'CHZ']",2019-01-01T07:59:31.640000Z,0.83
569,20190101T075948Z,1J.TI3A.,"['CH1', 'CH2', 'CHZ']",2019-01-01T07:59:48.740000Z,11.2
570,20190101T080051Z,1J.TI3A.,"['CH1', 'CH2', 'CHZ']",2019-01-01T08:00:51.250000Z,9.53
571,20190101T080154Z,1J.TI3A.,"['CH1', 'CH2', 'CHZ']",2019-01-01T08:01:54.560000Z,1.06
572,20190101T080335Z,1J.TI3A.,"['CH1', 'CH2', 'CHZ']",2019-01-01T08:03:35.850000Z,15.35
573,20190101T080450Z,1J.TI3A.,"['CH1', 'CH2', 'CHZ']",2019-01-01T08:04:50.870000Z,2.4
574,20190101T080553Z,1J.TI3A.,"['CH1', 'CH2', 'CHZ']",2019-01-01T08:05:53.900000Z,0.92
575,20190101T080833Z,1J.TI3A.,"['CH1', 'CH2', 'CHZ']",2019-01-01T08:08:33.650000Z,2.19
576,20190101T080850Z,1J.TI3A.,"['CH1', 'CH2', 'CHZ']",2019-01-01T08:08:50.520000Z,17.14
577,20190101T081000Z,1J.TI3A.,"['CH1', 'CH2', 'CHZ']",2019-01-01T08:10:12.370000Z,1.05
578,20190101T081036Z,1J.TI3A.,"['CH1', 'CH2', 'CHZ']",2019-01-01T08:10:37.130000Z,4.21
579,20190101T081152Z,1J.TI3A.,"['CH1', 'CH2', 'CHZ']",2019-01-01T08:11:52.790000Z,0.93
580,20190101T081312Z,1J.TI3A.,"['CH1', 'CH2', 'CHZ']",2019-01-01T08:13:12.040000Z,1.29
581,20190101T081450Z,1J.TI3A.,"['CH1', 'CH2', 'CHZ']",2019-01-01T08:14:50.150000Z,1.06
582,20190101T081558Z,1J.TI3A.,"['CH1', 'CH2', 'CHZ']",2019-01-01T08:15:58.090000Z,1.5
583,20190101T081652Z,1J.TI3A.,"['CH1', 'CH2', 'CHZ']",2019-01-01T08:16:53.730000Z,25.73
584,20190101T082127Z,1J.TI3A.,"['CH1', 'CH2', 'CHZ']",2019-01-01T08:21:27.780000Z,1.22
585,20190101T082303Z,1J.TI3A.,"['CH1', 'CH2', 'CHZ']",2019-01-01T08:23:03.060000Z,1.21
586,20190101T082333Z,1J.TI3A.,"['CH1', 'CH2', 'CHZ']",2019-01-01T08:23:33.430000Z,51.82
587,20190101T082724Z,1J.TI3A.,"['CH1', 'CH2', 'CHZ']",2019-01-01T08:27:24.940000Z,7.61
588,20190101T082741Z,1J.TI3A.,"['CH1', 'CH2', 'CHZ']",2019-01-01T08:27:41.580000Z,44.71
589,20190101T082921Z,1J.TI3A.,"['CH1', 'CH2', 'CHZ']",2019-01-01T08:29:21.580000Z,5.48
590,20190101T083145Z,1J.TI3A.,"['CH1', 'CH2', 'CHZ']",2019-01-01T08:31:45.020000Z,0.78
591,20190101T083212Z,1J.TI3A.,"['CH1', 'CH2', 'CHZ']",2019-01-01T08:32:12.730000Z,1.19
592,20190101T083404Z,1J.TI3A.,"['CH1', 'CH2', 'CHZ']",2019-01-01T08:34:04.040000Z,16.29
593,20190101T083528Z,1J.TI3A.,"['CH1', 'CH2', 'CHZ']",2019-01-01T08:35:28.960000Z,1.47
594,20190101T083800Z,1J.TI3A.,"['CH1', 'CH2', 'CHZ']",2019-01-01T08:38:00.040000Z,1.27
595,20190101T084419Z,1J.TI3A.,"['CH1', 'CH2', 'CHZ']",2019-01-01T08:44:19.610000Z,18.51
596,20190101T084558Z,1J.TI3A.,"['CH1', 'CH2', 'CHZ']",2019-01-01T08:45:58.990000Z,8.12
597,20190101T085351Z,1J.TI3A.,"['CH1', 'CH2', 'CHZ']",2019-01-01T08:53:51.800000Z,1.81
598,20190101T085522Z,1J.TI3A.,"['CH1', 'CH2', 'CHZ']",2019-01-01T08:55:22.790000Z,1.22
599,20190101T085628Z,1J.TI3A.,"['CH1', 'CH2', 'CHZ']",2019-01-01T08:56:28.740000Z,7.1
600,20190101T085640Z,1J.TI3A.,"['CH1', 'CH2', 'CHZ']",2019-01-01T08:56:42.330000Z,17.69
601,20190101T085854Z,1J.TI3A.,"['CH1', 'CH2', 'CHZ']",2019-01-01T08:58:54.370000Z,17.38
602,20190101T090151Z,1J.TI3A.,"['CH1', 'CH2', 'CHZ']",2019-01-01T09:01:55.670000Z,0.95
603,20190101T090235Z,1J.TI3A.,"['CH1', 'CH2', 'CHZ']",2019-01-01T09:02:35.110000Z,24.31
604,20190101T090348Z,1J.TI3A.,"['CH1', 'CH2', 'CHZ']",2019-01-01T09:03:48.310000Z,1.19
605,20190101T090535Z,1J.TI3A.,"['CH1', 'CH2', 'CHZ']",2019-01-01T09:05:35.770000Z,1.37
606,20190101T090812Z,1J.TI3A.,"['CH1', 'CH2', 'CHZ']",2019-01-01T09:08:12.830000Z,20.01
607,20190101T091046Z,1J.TI3A.,"['CH1', 'CH2', 'CHZ']",2019-01-01T09:10:49.900000Z,18.8
608,20190101T091513Z,1J.TI3A.,"['CH1', 'CH2', 'CHZ']",2019-01-01T09:15:13.900000Z,24.53
609,20190101T091821Z,1J.TI3A.,"['CH1', 'CH2', 'CHZ']",2019-01-01T09:18:21.150000Z,1.7
610,20190101T092510Z,1J.TI3A.,"['CH1', 'CH2', 'CHZ']",2019-01-01T09:25:10.230000Z,1.29
611,20190101T092654Z,1J.TI3A.,"['CH1', 'CH2', 'CHZ']",2019-01-01T09:26:54.100000Z,1.47
612,20190101T092717Z,1J.TI3A.,"['CH1', 'CH2', 'CHZ']",2019-01-01T09:27:17.250000Z,18.45
613,20190101T092846Z,1J.TI3A.,"['CH1', 'CH2', 'CHZ']",2019-01-01T09:29:07.640000Z,7.76
614,20190101T093045Z,1J.TI3A.,"['CH1', 'CH2', 'CHZ']",2019-01-01T09:30:45.520000Z,1.25
615,20190101T093128Z,1J.TI3A.,"['CH1', 'CH2', 'CHZ']",2019-01-01T09:31:33.490000Z,20.5
616,20190101T093256Z,1J.TI3A.,"['CH1', 'CH2', 'CHZ']",2019-01-01T09:32:56.480000Z,0.87
617,20190101T093313Z,1J.TI3A.,"['CH1', 'CH2', 'CHZ']",2019-01-01T09:33:18.800000Z,9.62
618,20190101T093434Z,1J.TI3A.,"['CH1', 'CH2', 'CHZ']",2019-01-01T09:34:34.770000Z,23.42
619,20190101T093549Z,1J.TI3A.,"['CH1', 'CH2', 'CHZ']",2019-01-01T09:35:49.060000Z,0.9
620,20190101T093747Z,1J.TI3A.,"['CH1', 'CH2', 'CHZ']",2019-01-01T09:37:47.670000Z,1.61
621,20190101T093928Z,1J.TI3A.,"['CH1', 'CH2', 'CHZ']",2019-01-01T09:39:28.750000Z,1.06
622,20190101T094206Z,1J.TI3A.,"['CH1', 'CH2', 'CHZ']",2019-01-01T09:42:06.160000Z,1.29
623,20190101T094241Z,1J.TI3A.,"['CH1', 'CH2', 'CHZ']",2019-01-01T09:42:41.050000Z,19.01
624,20190101T094355Z,1J.TI3A.,"['CH1', 'CH2', 'CHZ']",2019-01-01T09:43:55.440000Z,1.01
625,20190101T094433Z,1J.TI3A.,"['CH1', 'CH2', 'CHZ']",2019-01-01T09:44:33.120000Z,12.94
626,20190101T094517Z,1J.TI3A.,"['CH1', 'CH2', 'CHZ']",2019-01-01T09:45:17.660000Z,0.66
627,20190101T094631Z,1J.TI3A.,"['CH1', 'CH2', 'CHZ']",2019-01-01T09:46:33.450000Z,0.95
628,20190101T094744Z,1J.TI3A.,"['CH1', 'CH2', 'CHZ']",2019-01-01T09:47:44.230000Z,22.75
629,20190101T094936Z,1J.TI3A.,"['CH1', 'CH2', 'CHZ']",2019-01-01T09:49:36.820000Z,1.11
630,20190101T095123Z,1J.TI3A.,"['CH1', 'CH2', 'CHZ']",2019-01-01T09:51:23.220000Z,0.99
631,20190101T095141Z,1J.TI3A.,"['CH1', 'CH2', 'CHZ']",2019-01-01T09:51:41.640000Z,2.8
632,20190101T095233Z,1J.TI3A.,"['CH1', 'CH2', 'CHZ']",2019-01-01T09:52:48.760000Z,0.83
633,20190101T095348Z,1J.TI3A.,"['CH1', 'CH2', 'CHZ']",2019-01-01T09:53:48.240000Z,1.0
634,20190101T095621Z,1J.TI3A.,"['CH1', 'CH2', 'CHZ']",2019-01-01T09:56:21.040000Z,18.66
635,20190101T095857Z,1J.TI3A.,"['CH1', 'CH2', 'CHZ']",2019-01-01T09:58:57.350000Z,1.17
636,20190101T095926Z,1J.TI3A.,"['CH1', 'CH2', 'CHZ']",2019-01-01T09:59:26.200000Z,16.32
637,20190101T100032Z,1J.TI3A.,"['CH1', 'CH2', 'CHZ']",2019-01-01T10:00:32.610000Z,0.98
638,20190101T100356Z,1J.TI3A.,"['CH1', 'CH2', 'CHZ']",2019-01-01T10:03:56.850000Z,0.87
639,20190101T100422Z,1J.TI3A.,"['CH1', 'CH2', 'CHZ']",2019-01-01T10:04:30.290000Z,3.76
640,20190101T100445Z,1J.TI3A.,"['CH1', 'CH2', 'CHZ']",2019-01-01T10:04:45.290000Z,17.58
641,20190101T100601Z,1J.TI3A.,"['CH1', 'CH2', 'CHZ']",2019-01-01T10:06:01.300000Z,0.92
642,20190101T100717Z,1J.TI3A.,"['CH1', 'CH2', 'CHZ']",2019-01-01T10:07:17.050000Z,1.29
643,20190101T100905Z,1J.TI3A.,"['CH1', 'CH2', 'CHZ']",2019-01-01T10:09:05.900000Z,24.9
644,20190101T101713Z,1J.TI3A.,"['CH1', 'CH2', 'CHZ']",2019-01-01T10:17:13.240000Z,1.05
645,20190101T101815Z,1J.TI3A.,"['CH1', 'CH2', 'CHZ']",2019-01-01T10:18:31.140000Z,12.11
646,20190101T101915Z,1J.TI3A.,"['CH1', 'CH2', 'CHZ']",2019-01-01T10:19:15.560000Z,1.68
647,20190101T101952Z,1J.TI3A.,"['CH1', 'CH2', 'CHZ']",2019-01-01T10:19:53.120000Z,10.46
648,20190101T102338Z,1J.TI3A.,"['CH1', 'CH2', 'CHZ']",2019-01-01T10:23:38.460000Z,1.69
649,20190101T102802Z,1J.TI3A.,"['CH1', 'CH2', 'CHZ']",2019-01-01T10:28:02.650000Z,17.78
650,20190101T102853Z,1J.TI3A.,"['CH1', 'CH2', 'CHZ']",2019-01-01T10:28:53.900000Z,1.2
651,20190101T103130Z,1J.TI3A.,"['CH1', 'CH2', 'CHZ']",2019-01-01T10:31:31.300000Z,50.15
652,20190101T103320Z,1J.TI3A.,"['CH1', 'CH2', 'CHZ']",2019-01-01T10:33:20.490000Z,3.85
653,20190101T103543Z,1J.TI3A.,"['CH1', 'CH2', 'CHZ']",2019-01-01T10:35:44.360000Z,6.06
654,20190101T103828Z,1J.TI3A.,"['CH1', 'CH2', 'CHZ']",2019-01-01T10:38:33.180000Z,3.31
655,20190101T104149Z,1J.TI3A.,"['CH1', 'CH2', 'CHZ']",2019-01-01T10:41:51.890000Z,10.66
656,20190101T105042Z,1J.TI3A.,"['CH1', 'CH2', 'CHZ']",2019-01-01T10:50:45.020000Z,8.61
657,20190101T105404Z,1J.TI3A.,"['CH1', 'CH2', 'CHZ']",2019-01-01T10:54:07.230000Z,11.68
658,20190101T105521Z,1J.TI3A.,"['CH1', 'CH2', 'CHZ']",2019-01-01T10:55:21.090000Z,13.05
659,20190101T110026Z,1J.TI3A.,"['CH1', 'CH2', 'CHZ']",2019-01-01T11:00:26.840000Z,11.91
660,20190101T110654Z,1J.TI3A.,"['CH1', 'CH2', 'CHZ']",2019-01-01T11:06:54.600000Z,1.16
661,20190101T110922Z,1J.TI3A.,"['CH1', 'CH2', 'CHZ']",2019-01-01T11:10:07.130000Z,8.25
662,20190101T111037Z,1J.TI3A.,"['CH1', 'CH2', 'CHZ']",2019-01-01T11:10:37.730000Z,3.65
663,20190101T111552Z,1J.TI3A.,"['CH1', 'CH2', 'CHZ']",2019-01-01T11:15:52.620000Z,1.07
664,20190101T111628Z,1J.TI3A.,"['CH1', 'CH2', 'CHZ']",2019-01-01T11:16:31.450000Z,0.99
665,20190101T111841Z,1J.TI3A.,"['CH1', 'CH2', 'CHZ']",2019-01-01T11:18:41.430000Z,0.76
666,20190101T112111Z,1J.TI3A.,"['CH1', 'CH2', 'CHZ']",2019-01-01T11:21:11.270000Z,1.42
667,20190101T112329Z,1J.TI3A.,"['CH1', 'CH2', 'CHZ']",2019-01-01T11:23:32.440000Z,8.99
668,20190101T112547Z,1J.TI3A.,"['CH1', 'CH2', 'CHZ']",2019-01-01T11:25:47.540000Z,1.35
669,20190101T112554Z,1J.TI3A.,"['CH1', 'CH2', 'CHZ']",2019-01-01T11:25:54.710000Z,2.48
670,20190101T112806Z,1J.TI3A.,"['CH1', 'CH2', 'CHZ']",2019-01-01T11:28:06.070000Z,10.68
671,20190101T113331Z,1J.TI3A.,"['CH1', 'CH2', 'CHZ']",2019-01-01T11:33:31.580000Z,0.91
672,20190101T113538Z,1J.TI3A.,"['CH1', 'CH2', 'CHZ']",2019-01-01T11:35:48.060000Z,14.93
673,20190101T114451Z,1J.TI3A.,"['CH1', 'CH2', 'CHZ']",2019-01-01T11:44:51.960000Z,3.93
674,20190101T114724Z,1J.TI3A.,"['CH1', 'CH2', 'CHZ']",2019-01-01T11:47:24.090000Z,12.64
675,20190101T114917Z,1J.TI3A.,"['CH1', 'CH2', 'CHZ']",2019-01-01T11:49:17.140000Z,0.68
676,20190101T115405Z,1J.TI3A.,"['CH1', 'CH2', 'CHZ']",2019-01-01T11:54:05.000000Z,12.74
677,20190101T115618Z,1J.TI3A.,"['CH1', 'CH2', 'CHZ']",2019-01-01T11:56:18.960000Z,2.59
678,20190101T115635Z,1J.TI3A.,"['CH1', 'CH2', 'CHZ']",2019-01-01T11:56:35.510000Z,13.51
679,20190101T115822Z,1J.TI3A.,"['CH1', 'CH2', 'CHZ']",2019-01-01T11:58:22.890000Z,0.74
680,20190101T115846Z,1J.TI3A.,"['CH1', 'CH2', 'CHZ']",2019-01-01T11:58:46.740000Z,11.54
681,20190101T120344Z,1J.TI3A.,"['CH1', 'CH2', 'CHZ']",2019-01-01T12:03:45.550000Z,1.31
682,20190101T120947Z,1J.TI3A.,"['CH1', 'CH2', 'CHZ']",2019-01-01T12:09:47.600000Z,16.07
683,20190101T121322Z,1J.TI3A.,"['CH1', 'CH2', 'CHZ']",2019-01-01T12:13:22.510000Z,3.88
684,20190101T121341Z,1J.TI3A.,"['CH1', 'CH2', 'CHZ']",2019-01-01T12:13:41.030000Z,17.74
685,20190101T122959Z,1J.TI3A.,"['CH1', 'CH2', 'CHZ']",2019-01-01T12:29:59.370000Z,14.92
686,20190101T123223Z,1J.TI3A.,"['CH1', 'CH2', 'CHZ']",2019-01-01T12:32:23.110000Z,5.94
687,20190101T130006Z,1J.TI3A.,"['CH1', 'CH2', 'CHZ']",2019-01-01T13:00:06.990000Z,14.73
688,20190101T130304Z,1J.TI3A.,"['CH1', 'CH2', 'CHZ']",2019-01-01T13:03:04.340000Z,8.48
689,20190101T130555Z,1J.TI3A.,"['CH1', 'CH2', 'CHZ']",2019-01-01T13:05:55.270000Z,4.67
690,20190101T130803Z,1J.TI3A.,"['CH1', 'CH2', 'CHZ']",2019-01-01T13:08:03.850000Z,6.3
691,20190101T131449Z,1J.TI3A.,"['CH1', 'CH2', 'CHZ']",2019-01-01T13:14:49.980000Z,4.91
692,20190101T133419Z,1J.TI3A.,"['CH1', 'CH2', 'CHZ']",2019-01-01T13:34:19.850000Z,10.55
693,20190101T133801Z,1J.TI3A.,"['CH1', 'CH2', 'CHZ']",2019-01-01T13:38:01.790000Z,7.71
694,20190101T134318Z,1J.TI3A.,"['CH1', 'CH2', 'CHZ']",2019-01-01T13:43:18.920000Z,18.42
695,20190101T134929Z,1J.TI3A.,"['CH1', 'CH2', 'CHZ']",2019-01-01T13:49:30.190000Z,16.33
696,20190101T135203Z,1J.TI3A.,"['CH1', 'CH2', 'CHZ']",2019-01-01T13:52:03.620000Z,7.96
697,20190101T135443Z,1J.TI3A.,"['CH1', 'CH2', 'CHZ']",2019-01-01T13:54:58.420000Z,16.79
698,20190101T135850Z,1J.TI3A.,"['CH1', 'CH2', 'CHZ']",2019-01-01T13:58:50.530000Z,18.2
699,20190101T140010Z,1J.TI3A.,"['CH1', 'CH2', 'CHZ']",2019-01-01T14:00:10.100000Z,2.77
700,20190101T140402Z,1J.TI3A.,"['CH1', 'CH2', 'CHZ']",2019-01-01T14:04:02.830000Z,6.01
701,20190101T140415Z,1J.TI3A.,"['CH1', 'CH2', 'CHZ']",2019-01-01T14:04:16.110000Z,29.82
702,20190101T141224Z,1J.TI3A.,"['CH1', 'CH2', 'CHZ']",2019-01-01T14:12:24.400000Z,6.76
703,20190101T141311Z,1J.TI3A.,"['CH1', 'CH2', 'CHZ']",2019-01-01T14:13:17.930000Z,24.01
704,20190101T141555Z,1J.TI3A.,"['CH1', 'CH2', 'CHZ']",2019-01-01T14:15:55.640000Z,6.07
705,20190101T141610Z,1J.TI3A.,"['CH1', 'CH2', 'CHZ']",2019-01-01T14:16:10.340000Z,6.51
706,20190101T142249Z,1J.TI3A.,"['CH1', 'CH2', 'CHZ']",2019-01-01T14:22:49.570000Z,13.0
707,20190101T142530Z,1J.TI3A.,"['CH1', 'CH2', 'CHZ']",2019-01-01T14:25:30.980000Z,48.54
708,20190101T142804Z,1J.TI3A.,"['CH1', 'CH2', 'CHZ']",2019-01-01T14:28:08.560000Z,6.75
709,20190101T143007Z,1J.TI3A.,"['CH1', 'CH2', 'CHZ']",2019-01-01T14:30:07.020000Z,50.79
710,20190101T143310Z,1J.TI3A.,"['CH1', 'CH2', 'CHZ']",2019-01-01T14:33:10.610000Z,4.82
711,20190101T144958Z,1J.TI3A.,"['CH1', 'CH2', 'CHZ']",2019-01-01T14:49:58.910000Z,0.97
712,20190101T145105Z,1J.TI3A.,"['CH1', 'CH2', 'CHZ']",2019-01-01T14:51:16.750000Z,1.54
713,20190101T145208Z,1J.TI3A.,"['CH1', 'CH2', 'CHZ']",2019-01-01T14:52:08.700000Z,0.95
714,20190101T145306Z,1J.TI3A.,"['CH1', 'CH2', 'CHZ']",2019-01-01T14:53:06.930000Z,0.89
715,20190101T145336Z,1J.TI3A.,"['CH1', 'CH2', 'CHZ']",2019-01-01T14:53:36.010000Z,16.46
716,20190101T145802Z,1J.TI3A.,"['CH1', 'CH2', 'CHZ']",2019-01-01T14:58:02.580000Z,50.9
717,20190101T150117Z,1J.TI3A.,"['CH1', 'CH2', 'CHZ']",2019-01-01T15:01:17.370000Z,10.42
718,20190101T150616Z,1J.TI3A.,"['CH1', 'CH2', 'CHZ']",2019-01-01T15:06:16.440000Z,7.12
719,20190101T150712Z,1J.TI3A.,"['CH1', 'CH2', 'CHZ']",2019-01-01T15:07:12.300000Z,15.12
720,20190101T151441Z,1J.TI3A.,"['CH1', 'CH2', 'CHZ']",2019-01-01T15:15:17.820000Z,20.63
721,20190101T151733Z,1J.TI3A.,"['CH1', 'CH2', 'CHZ']",2019-01-01T15:17:34.450000Z,5.87
722,20190101T152144Z,1J.TI3A.,"['CH1', 'CH2', 'CHZ']",2019-01-01T15:21:44.390000Z,15.99
723,20190101T152530Z,1J.TI3A.,"['CH1', 'CH2', 'CHZ']",2019-01-01T15:25:42.240000Z,11.88
724,20190101T152603Z,1J.TI3A.,"['CH1', 'CH2', 'CHZ']",2019-01-01T15:26:03.050000Z,9.06
725,20190101T153914Z,1J.TI3A.,"['CH1', 'CH2', 'CHZ']",2019-01-01T15:39:14.550000Z,7.87
726,20190101T154632Z,1J.TI3A.,"['CH1', 'CH2', 'CHZ']",2019-01-01T15:46:34.230000Z,9.29
727,20190101T154734Z,1J.TI3A.,"['CH1', 'CH2', 'CHZ']",2019-01-01T15:47:34.260000Z,14.31
728,20190101T155257Z,1J.TI3A.,"['CH1', 'CH2', 'CHZ']",2019-01-01T15:52:57.660000Z,13.84
729,20190101T155421Z,1J.TI3A.,"['CH1', 'CH2', 'CHZ']",2019-01-01T15:54:21.760000Z,12.11
730,20190101T155703Z,1J.TI3A.,"['CH1', 'CH2', 'CHZ']",2019-01-01T15:57:03.950000Z,11.85
731,20190101T155940Z,1J.TI3A.,"['CH1', 'CH2', 'CHZ']",2019-01-01T15:59:40.150000Z,4.2
732,20190101T160125Z,1J.TI3A.,"['CH1', 'CH2', 'CHZ']",2019-01-01T16:01:25.910000Z,6.49
733,20190101T160301Z,1J.TI3A.,"['CH1', 'CH2', 'CHZ']",2019-01-01T16:03:03.080000Z,18.81
734,20190101T160449Z,1J.TI3A.,"['CH1', 'CH2', 'CHZ']",2019-01-01T16:04:49.100000Z,11.91
735,20190101T161016Z,1J.TI3A.,"['CH1', 'CH2', 'CHZ']",2019-01-01T16:10:17.110000Z,24.13
736,20190101T162334Z,1J.TI3A.,"['CH1', 'CH2', 'CHZ']",2019-01-01T16:23:50.000000Z,14.95
737,20190101T163739Z,1J.TI3A.,"['CH1', 'CH2', 'CHZ']",2019-01-01T16:37:39.290000Z,15.38
738,20190101T164913Z,1J.TI3A.,"['CH1', 'CH2', 'CHZ']",2019-01-01T16:49:14.690000Z,23.33
739,20190101T165223Z,1J.TI3A.,"['CH1', 'CH2', 'CHZ']",2019-01-01T16:52:23.520000Z,14.11
740,20190101T165534Z,1J.TI3A.,"['CH1', 'CH2', 'CHZ']",2019-01-01T16:55:34.030000Z,8.09
741,20190101T165940Z,1J.TI3A.,"['CH1', 'CH2', 'CHZ']",2019-01-01T16:59:40.150000Z,5.06
742,20190101T165950Z,1J.TI3A.,"['CH1', 'CH2', 'CHZ']",2019-01-01T16:59:50.550000Z,11.32
743,20190101T170302Z,1J.TI3A.,"['CH1', 'CH2', 'CHZ']",2019-01-01T17:03:02.470000Z,9.57
744,20190101T170423Z,1J.TI3A.,"['CH1', 'CH2', 'CHZ']",2019-01-01T17:04:30.840000Z,0.76
745,20190101T170537Z,1J.TI3A.,"['CH1', 'CH2', 'CHZ']",2019-01-01T17:05:37.500000Z,17.97
746,20190101T171004Z,1J.TI3A.,"['CH1', 'CH2', 'CHZ']",2019-01-01T17:10:05.120000Z,5.67
747,20190101T171314Z,1J.TI3A.,"['CH1', 'CH2', 'CHZ']",2019-01-01T17:13:15.180000Z,20.7
748,20190101T171600Z,1J.TI3A.,"['CH1', 'CH2', 'CHZ']",2019-01-01T17:16:00.940000Z,9.96
749,20190101T171650Z,1J.TI3A.,"['CH1', 'CH2', 'CHZ']",2019-01-01T17:16:50.180000Z,7.1
750,20190101T175410Z,1J.TI3A.,"['CH1', 'CH2', 'CHZ']",2019-01-01T17:54:13.960000Z,9.4
751,20190101T175531Z,1J.TI3A.,"['CH1', 'CH2', 'CHZ']",2019-01-01T17:55:31.170000Z,10.39
752,20190101T180445Z,1J.TI3A.,"['CH1', 'CH2', 'CHZ']",2019-01-01T18:04:45.040000Z,7.58
753,20190101T181831Z,1J.TI3A.,"['CH1', 'CH2', 'CHZ']",2019-01-01T18:18:31.380000Z,8.74
754,20190101T183412Z,1J.TI3A.,"['CH1', 'CH2', 'CHZ']",2019-01-01T18:34:12.990000Z,9.45
755,20190101T184249Z,1J.TI3A.,"['CH1', 'CH2', 'CHZ']",2019-01-01T18:42:49.070000Z,9.27
756,20190101T184601Z,1J.TI3A.,"['CH1', 'CH2', 'CHZ']",2019-01-01T18:46:01.330000Z,2.08
757,20190101T185515Z,1J.TI3A.,"['CH1', 'CH2', 'CHZ']",2019-01-01T18:55:15.600000Z,7.69
758,20190101T190149Z,1J.TI3A.,"['CH1', 'CH2', 'CHZ']",2019-01-01T19:02:16.990000Z,12.9
759,20190101T190803Z,1J.TI3A.,"['CH1', 'CH2', 'CHZ']",2019-01-01T19:08:04.640000Z,45.32
760,20190101T191127Z,1J.TI3A.,"['CH1', 'CH2', 'CHZ']",2019-01-01T19:11:27.570000Z,9.19
761,20190101T191357Z,1J.TI3A.,"['CH1', 'CH2', 'CHZ']",2019-01-01T19:13:57.610000Z,2.28
762,20190101T191541Z,1J.TI3A.,"['CH1', 'CH2', 'CHZ']",2019-01-01T19:15:44.420000Z,15.47
763,20190101T192752Z,1J.TI3A.,"['CH1', 'CH2', 'CHZ']",2019-01-01T19:27:53.180000Z,23.56
764,20190101T194031Z,1J.TI3A.,"['CH1', 'CH2', 'CHZ']",2019-01-01T19:40:35.810000Z,12.25
765,20190101T194706Z,1J.TI3A.,"['CH1', 'CH2', 'CHZ']",2019-01-01T19:47:06.720000Z,7.11
766,20190101T195306Z,1J.TI3A.,"['CH1', 'CH2', 'CHZ']",2019-01-01T19:53:07.070000Z,18.38
767,20190101T195435Z,1J.TI3A.,"['CH1', 'CH2', 'CHZ']",2019-01-01T19:54:39.570000Z,48.1
768,20190101T200043Z,1J.TI3A.,"['CH1', 'CH2', 'CHZ']",2019-01-01T20:00:43.710000Z,10.09
769,20190101T200241Z,1J.TI3A.,"['CH1', 'CH2', 'CHZ']",2019-01-01T20:02:41.980000Z,6.85
770,20190101T200601Z,1J.TI3A.,"['CH1', 'CH2', 'CHZ']",2019-01-01T20:06:01.180000Z,5.25
771,20190101T200808Z,1J.TI3A.,"['CH1', 'CH2', 'CHZ']",2019-01-01T20:08:08.070000Z,8.15
772,20190101T200913Z,1J.TI3A.,"['CH1', 'CH2', 'CHZ']",2019-01-01T20:09:16.380000Z,1.82
773,20190101T200940Z,1J.TI3A.,"['CH1', 'CH2', 'CHZ']",2019-01-01T20:09:40.770000Z,9.61
774,20190101T201354Z,1J.TI3A.,"['CH1', 'CH2', 'CHZ']",2019-01-01T20:13:54.930000Z,5.34
775,20190101T201715Z,1J.TI3A.,"['CH1', 'CH2', 'CHZ']",2019-01-01T20:17:46.460000Z,13.24
776,20190101T202035Z,1J.TI3A.,"['CH1', 'CH2', 'CHZ']",2019-01-01T20:20:35.100000Z,3.23
777,20190101T202114Z,1J.TI3A.,"['CH1', 'CH2', 'CHZ']",2019-01-01T20:21:14.660000Z,6.29
778,20190101T202655Z,1J.TI3A.,"['CH1', 'CH2', 'CHZ']",2019-01-01T20:26:55.600000Z,0.68
779,20190101T203308Z,1J.TI3A.,"['CH1', 'CH2', 'CHZ']",2019-01-01T20:33:08.560000Z,20.17
780,20190101T203336Z,1J.TI3A.,"['CH1', 'CH2', 'CHZ']",2019-01-01T20:33:50.950000Z,10.36
781,20190101T203542Z,1J.TI3A.,"['CH1', 'CH2', 'CHZ']",2019-01-01T20:35:42.860000Z,1.31
782,20190101T203757Z,1J.TI3A.,"['CH1', 'CH2', 'CHZ']",2019-01-01T20:39:04.380000Z,17.28
783,20190101T203929Z,1J.TI3A.,"['CH1', 'CH2', 'CHZ']",2019-01-01T20:39:29.510000Z,18.45
784,20190101T204044Z,1J.TI3A.,"['CH1', 'CH2', 'CHZ']",2019-01-01T20:40:44.270000Z,1.82
785,20190101T204127Z,1J.TI3A.,"['CH1', 'CH2', 'CHZ']",2019-01-01T20:41:27.620000Z,19.05
786,20190101T204201Z,1J.TI3A.,"['CH1', 'CH2', 'CHZ']",2019-01-01T20:42:01.050000Z,10.74
787,20190101T204550Z,1J.TI3A.,"['CH1', 'CH2', 'CHZ']",2019-01-01T20:45:50.460000Z,11.27
788,20190101T205223Z,1J.TI3A.,"['CH1', 'CH2', 'CHZ']",2019-01-01T20:52:23.690000Z,47.91
789,20190101T205329Z,1J.TI3A.,"['CH1', 'CH2', 'CHZ']",2019-01-01T20:53:29.650000Z,12.12
790,20190101T205735Z,1J.TI3A.,"['CH1', 'CH2', 'CHZ']",2019-01-01T20:57:35.670000Z,0.78
791,20190101T205937Z,1J.TI3A.,"['CH1', 'CH2', 'CHZ']",2019-01-01T20:59:37.890000Z,12.25
792,20190101T210309Z,1J.TI3A.,"['CH1', 'CH2', 'CHZ']",2019-01-01T21:03:10.970000Z,49.45
793,20190101T210812Z,1J.TI3A.,"['CH1', 'CH2', 'CHZ']",2019-01-01T21:08:12.650000Z,41.4
794,20190101T212621Z,1J.TI3A.,"['CH1', 'CH2', 'CHZ']",2019-01-01T21:26:48.290000Z,14.03
795,20190101T213155Z,1J.TI3A.,"['CH1', 'CH2', 'CHZ']",2019-01-01T21:31:55.560000Z,7.61
796,20190101T214255Z,1J.TI3A.,"['CH1', 'CH2', 'CHZ']",2019-01-01T21:42:55.260000Z,7.03
797,20190101T214431Z,1J.TI3A.,"['CH1', 'CH2', 'CHZ']",2019-01-01T21:44:31.610000Z,1.34
798,20190101T215038Z,1J.TI3A.,"['CH1', 'CH2', 'CHZ']",2019-01-01T21:50:38.350000Z,2.52
799,20190101T215827Z,1J.TI3A.,"['CH1', 'CH2', 'CHZ']",2019-01-01T21:58:31.950000Z,0.73
800,20190101T220148Z,1J.TI3A.,"['CH1', 'CH2', 'CHZ']",2019-01-01T22:01:51.280000Z,45.52
801,20190101T220332Z,1J.TI3A.,"['CH1', 'CH2', 'CHZ']",2019-01-01T22:03:35.370000Z,1.25
802,20190101T221032Z,1J.TI3A.,"['CH1', 'CH2', 'CHZ']",2019-01-01T22:10:32.490000Z,1.05
803,20190101T221600Z,1J.TI3A.,"['CH1', 'CH2', 'CHZ']",2019-01-01T22:16:00.750000Z,5.0
804,20190101T221841Z,1J.TI3A.,"['CH1', 'CH2', 'CHZ']",2019-01-01T22:19:00.360000Z,20.26
805,20190101T223322Z,1J.TI3A.,"['CH1', 'CH2', 'CHZ']",2019-01-01T22:33:53.560000Z,2.57
806,20190101T224631Z,1J.TI3A.,"['CH1', 'CH2', 'CHZ']",2019-01-01T22:47:39.030000Z,27.68
807,20190101T225110Z,1J.TI3A.,"['CH1', 'CH2', 'CHZ']",2019-01-01T22:51:10.830000Z,1.36
808,20190101T225146Z,1J.TI3A.,"['CH1', 'CH2', 'CHZ']",2019-01-01T22:51:46.510000Z,3.02
809,20190101T225326Z,1J.TI3A.,"['CH1', 'CH2', 'CHZ']",2019-01-01T22:53:31.960000Z,4.02
810,20190101T225553Z,1J.TI3A.,"['CH1', 'CH2', 'CHZ']",2019-01-01T22:55:53.520000Z,86.62
811,20190101T225837Z,1J.TI3A.,"['CH1', 'CH2', 'CHZ']",2019-01-01T22:58:37.590000Z,1.65
812,20190101T225933Z,1J.TI3A.,"['CH1', 'CH2', 'CHZ']",2019-01-01T22:59:33.470000Z,5.51
813,20190101T230135Z,1J.TI3A.,"['CH1', 'CH2', 'CHZ']",2019-01-01T23:01:35.430000Z,1.71
814,20190101T230222Z,1J.TI3A.,"['CH1', 'CH2', 'CHZ']",2019-01-01T23:02:26.580000Z,1.76
815,20190101T230238Z,1J.TI3A.,"['CH1', 'CH2', 'CHZ']",2019-01-01T23:02:38.280000Z,17.02
816,20190101T230419Z,1J.TI3A.,"['CH1', 'CH2', 'CHZ']",2019-01-01T23:04:19.760000Z,1.58
817,20190101T230432Z,1J.TI3A.,"['CH1', 'CH2', 'CHZ']",2019-01-01T23:04:34.610000Z,26.24
818,20190101T230539Z,1J.TI3A.,"['CH1', 'CH2', 'CHZ']",2019-01-01T23:05:39.120000Z,1.83
819,20190101T230609Z,1J.TI3A.,"['CH1', 'CH2', 'CHZ']",2019-01-01T23:06:22.850000Z,2.01
820,20190101T231122Z,1J.TI3A.,"['CH1', 'CH2', 'CHZ']",2019-01-01T23:11:22.530000Z,19.38
821,20190101T231230Z,1J.TI3A.,"['CH1', 'CH2', 'CHZ']",2019-01-01T23:12:30.640000Z,1.58
822,20190101T231342Z,1J.TI3A.,"['CH1', 'CH2', 'CHZ']",2019-01-01T23:13:42.410000Z,2.91
823,20190101T232254Z,1J.TI3A.,"['CH1', 'CH2', 'CHZ']",2019-01-01T23:22:54.290000Z,2.06
824,20190101T232636Z,1J.TI3A.,"['CH1', 'CH2', 'CHZ']",2019-01-01T23:26:47.980000Z,9.94
825,20190101T232949Z,1J.TI3A.,"['CH1', 'CH2', 'CHZ']",2019-01-01T23:29:49.570000Z,2.04
826,20190101T233201Z,1J.TI3A.,"['CH1', 'CH2', 'CHZ']",2019-01-01T23:32:01.420000Z,1.44
827,20190101T234146Z,1J.TI3A.,"['CH1', 'CH2', 'CHZ']",2019-01-01T23:41:46.280000Z,2.74
828,20190101T000004Z,1J.TI8A.,"['CH1', 'CH2', 'CHZ']",2019-01-01T00:00:04.320000Z,0.65
829,20190101T000145Z,1J.TI8A.,"['CH1', 'CH2', 'CHZ']",2019-01-01T00:01:47.480000Z,13.47
830,20190101T000301Z,1J.TI8A.,"['CH1', 'CH2', 'CHZ']",2019-01-01T00:03:01.810000Z,5.52
831,20190101T000640Z,1J.TI8A.,"['CH1', 'CH2', 'CHZ']",2019-01-01T00:06:40.640000Z,0.81
832,20190101T000916Z,1J.TI8A.,"['CH1', 'CH2', 'CHZ']",2019-01-01T00:09:16.550000Z,1.69
833,20190101T001024Z,1J.TI8A.,"['CH1', 'CH2', 'CHZ']",2019-01-01T00:10:24.630000Z,0.83
834,20190101T001125Z,1J.TI8A.,"['CH1', 'CH2', 'CHZ']",2019-01-01T00:11:28.240000Z,47.42
835,20190101T001600Z,1J.TI8A.,"['CH1', 'CH2', 'CHZ']",2019-01-01T00:16:00.450000Z,0.82
836,20190101T001715Z,1J.TI8A.,"['CH1', 'CH2', 'CHZ']",2019-01-01T00:17:15.590000Z,0.99
837,20190101T001902Z,1J.TI8A.,"['CH1', 'CH2', 'CHZ']",2019-01-01T00:19:02.560000Z,29.26
838,20190101T002016Z,1J.TI8A.,"['CH1', 'CH2', 'CHZ']",2019-01-01T00:20:16.030000Z,9.11
839,20190101T002049Z,1J.TI8A.,"['CH1', 'CH2', 'CHZ']",2019-01-01T00:20:58.250000Z,15.8
840,20190101T002138Z,1J.TI8A.,"['CH1', 'CH2', 'CHZ']",2019-01-01T00:21:38.830000Z,0.64
841,20190101T002221Z,1J.TI8A.,"['CH1', 'CH2', 'CHZ']",2019-01-01T00:22:21.390000Z,1.76
842,20190101T002328Z,1J.TI8A.,"['CH1', 'CH2', 'CHZ']",2019-01-01T00:23:29.250000Z,0.77
843,20190101T002815Z,1J.TI8A.,"['CH1', 'CH2', 'CHZ']",2019-01-01T00:28:15.870000Z,1.29
844,20190101T002840Z,1J.TI8A.,"['CH1', 'CH2', 'CHZ']",2019-01-01T00:28:48.250000Z,1.69
845,20190101T003056Z,1J.TI8A.,"['CH1', 'CH2', 'CHZ']",2019-01-01T00:30:56.830000Z,1.33
846,20190101T003317Z,1J.TI8A.,"['CH1', 'CH2', 'CHZ']",2019-01-01T00:33:17.350000Z,1.7
847,20190101T003417Z,1J.TI8A.,"['CH1', 'CH2', 'CHZ']",2019-01-01T00:34:17.180000Z,1.04
848,20190101T003634Z,1J.TI8A.,"['CH1', 'CH2', 'CHZ']",2019-01-01T00:36:38.660000Z,39.7
849,20190101T003954Z,1J.TI8A.,"['CH1', 'CH2', 'CHZ']",2019-01-01T00:39:54.040000Z,17.39
850,20190101T004105Z,1J.TI8A.,"['CH1', 'CH2', 'CHZ']",2019-01-01T00:41:08.580000Z,1.57
851,20190101T004132Z,1J.TI8A.,"['CH1', 'CH2', 'CHZ']",2019-01-01T00:41:37.220000Z,6.13
852,20190101T004428Z,1J.TI8A.,"['CH1', 'CH2', 'CHZ']",2019-01-01T00:44:28.820000Z,2.27
853,20190101T004522Z,1J.TI8A.,"['CH1', 'CH2', 'CHZ']",2019-01-01T00:45:25.760000Z,14.58
854,20190101T004638Z,1J.TI8A.,"['CH1', 'CH2', 'CHZ']",2019-01-01T00:46:38.980000Z,1.11
855,20190101T004818Z,1J.TI8A.,"['CH1', 'CH2', 'CHZ']",2019-01-01T00:48:18.120000Z,1.1
856,20190101T005018Z,1J.TI8A.,"['CH1', 'CH2', 'CHZ']",2019-01-01T00:50:18.260000Z,1.15
857,20190101T005214Z,1J.TI8A.,"['CH1', 'CH2', 'CHZ']",2019-01-01T00:52:14.410000Z,1.51
858,20190101T005419Z,1J.TI8A.,"['CH1', 'CH2', 'CHZ']",2019-01-01T00:54:19.390000Z,1.48
859,20190101T005542Z,1J.TI8A.,"['CH1', 'CH2', 'CHZ']",2019-01-01T00:55:42.970000Z,1.04
860,20190101T005706Z,1J.TI8A.,"['CH1', 'CH2', 'CHZ']",2019-01-01T00:57:10.070000Z,8.48
861,20190101T005750Z,1J.TI8A.,"['CH1', 'CH2', 'CHZ']",2019-01-01T00:57:50.540000Z,0.95
862,20190101T005937Z,1J.TI8A.,"['CH1', 'CH2', 'CHZ']",2019-01-01T00:59:37.620000Z,1.41
863,20190101T010054Z,1J.TI8A.,"['CH1', 'CH2', 'CHZ']",2019-01-01T01:00:54.540000Z,11.54
864,20190101T010126Z,1J.TI8A.,"['CH1', 'CH2', 'CHZ']",2019-01-01T01:01:26.480000Z,0.9
865,20190101T010223Z,1J.TI8A.,"['CH1', 'CH2', 'CHZ']",2019-01-01T01:02:23.170000Z,0.94
866,20190101T010229Z,1J.TI8A.,"['CH1', 'CH2', 'CHZ']",2019-01-01T01:02:34.520000Z,12.63
867,20190101T010342Z,1J.TI8A.,"['CH1', 'CH2', 'CHZ']",2019-01-01T01:03:54.980000Z,0.93
868,20190101T010428Z,1J.TI8A.,"['CH1', 'CH2', 'CHZ']",2019-01-01T01:04:28.900000Z,1.42
869,20190101T010619Z,1J.TI8A.,"['CH1', 'CH2', 'CHZ']",2019-01-01T01:06:19.810000Z,1.68
870,20190101T010650Z,1J.TI8A.,"['CH1', 'CH2', 'CHZ']",2019-01-01T01:06:52.470000Z,11.96
871,20190101T010842Z,1J.TI8A.,"['CH1', 'CH2', 'CHZ']",2019-01-01T01:08:42.020000Z,1.83
872,20190101T010942Z,1J.TI8A.,"['CH1', 'CH2', 'CHZ']",2019-01-01T01:09:46.150000Z,3.3
873,20190101T011254Z,1J.TI8A.,"['CH1', 'CH2', 'CHZ']",2019-01-01T01:12:54.760000Z,1.69
874,20190101T011448Z,1J.TI8A.,"['CH1', 'CH2', 'CHZ']",2019-01-01T01:14:48.800000Z,1.11
875,20190101T011638Z,1J.TI8A.,"['CH1', 'CH2', 'CHZ']",2019-01-01T01:16:40.190000Z,16.47
876,20190101T011716Z,1J.TI8A.,"['CH1', 'CH2', 'CHZ']",2019-01-01T01:17:16.360000Z,0.72
877,20190101T011844Z,1J.TI8A.,"['CH1', 'CH2', 'CHZ']",2019-01-01T01:19:21.650000Z,7.86
878,20190101T012132Z,1J.TI8A.,"['CH1', 'CH2', 'CHZ']",2019-01-01T01:21:36.680000Z,1.98
879,20190101T012328Z,1J.TI8A.,"['CH1', 'CH2', 'CHZ']",2019-01-01T01:23:28.840000Z,1.84
880,20190101T012443Z,1J.TI8A.,"['CH1', 'CH2', 'CHZ']",2019-01-01T01:25:36.070000Z,1.68
881,20190101T012806Z,1J.TI8A.,"['CH1', 'CH2', 'CHZ']",2019-01-01T01:28:06.060000Z,1.65
882,20190101T013011Z,1J.TI8A.,"['CH1', 'CH2', 'CHZ']",2019-01-01T01:30:11.730000Z,1.76
883,20190101T013151Z,1J.TI8A.,"['CH1', 'CH2', 'CHZ']",2019-01-01T01:31:51.270000Z,1.08
884,20190101T013322Z,1J.TI8A.,"['CH1', 'CH2', 'CHZ']",2019-01-01T01:33:22.090000Z,1.37
885,20190101T013418Z,1J.TI8A.,"['CH1', 'CH2', 'CHZ']",2019-01-01T01:34:18.940000Z,50.62
886,20190101T014008Z,1J.TI8A.,"['CH1', 'CH2', 'CHZ']",2019-01-01T01:40:08.030000Z,1.37
887,20190101T014220Z,1J.TI8A.,"['CH1', 'CH2', 'CHZ']",2019-01-01T01:42:20.390000Z,13.61
888,20190101T014410Z,1J.TI8A.,"['CH1', 'CH2', 'CHZ']",2019-01-01T01:44:10.950000Z,1.48
889,20190101T014634Z,1J.TI8A.,"['CH1', 'CH2', 'CHZ']",2019-01-01T01:46:34.490000Z,1.45
890,20190101T014807Z,1J.TI8A.,"['CH1', 'CH2', 'CHZ']",2019-01-01T01:48:10.520000Z,50.46
891,20190101T015041Z,1J.TI8A.,"['CH1', 'CH2', 'CHZ']",2019-01-01T01:50:41.180000Z,1.31
892,20190101T015510Z,1J.TI8A.,"['CH1', 'CH2', 'CHZ']",2019-01-01T01:55:12.740000Z,12.22
893,20190101T015732Z,1J.TI8A.,"['CH1', 'CH2', 'CHZ']",2019-01-01T01:57:32.950000Z,1.48
894,20190101T020005Z,1J.TI8A.,"['CH1', 'CH2', 'CHZ']",2019-01-01T02:00:05.430000Z,0.85
895,20190101T020012Z,1J.TI8A.,"['CH1', 'CH2', 'CHZ']",2019-01-01T02:00:12.780000Z,1.71
896,20190101T020120Z,1J.TI8A.,"['CH1', 'CH2', 'CHZ']",2019-01-01T02:01:22.370000Z,21.2
897,20190101T020318Z,1J.TI8A.,"['CH1', 'CH2', 'CHZ']",2019-01-01T02:03:20.280000Z,20.58
898,20190101T020512Z,1J.TI8A.,"['CH1', 'CH2', 'CHZ']",2019-01-01T02:05:12.930000Z,1.34
899,20190101T020632Z,1J.TI8A.,"['CH1', 'CH2', 'CHZ']",2019-01-01T02:06:35.490000Z,50.46
900,20190101T020814Z,1J.TI8A.,"['CH1', 'CH2', 'CHZ']",2019-01-01T02:08:17.130000Z,5.86
901,20190101T021020Z,1J.TI8A.,"['CH1', 'CH2', 'CHZ']",2019-01-01T02:10:20.240000Z,1.18
902,20190101T021238Z,1J.TI8A.,"['CH1', 'CH2', 'CHZ']",2019-01-01T02:12:38.930000Z,19.78
903,20190101T021506Z,1J.TI8A.,"['CH1', 'CH2', 'CHZ']",2019-01-01T02:15:06.430000Z,1.43
904,20190101T021657Z,1J.TI8A.,"['CH1', 'CH2', 'CHZ']",2019-01-01T02:16:59.800000Z,12.02
905,20190101T021724Z,1J.TI8A.,"['CH1', 'CH2', 'CHZ']",2019-01-01T02:17:30.930000Z,15.63
906,20190101T021950Z,1J.TI8A.,"['CH1', 'CH2', 'CHZ']",2019-01-01T02:19:50.420000Z,1.16
907,20190101T022119Z,1J.TI8A.,"['CH1', 'CH2', 'CHZ']",2019-01-01T02:21:19.400000Z,0.87
908,20190101T022223Z,1J.TI8A.,"['CH1', 'CH2', 'CHZ']",2019-01-01T02:22:29.210000Z,11.92
909,20190101T022325Z,1J.TI8A.,"['CH1', 'CH2', 'CHZ']",2019-01-01T02:23:25.620000Z,7.3
910,20190101T022359Z,1J.TI8A.,"['CH1', 'CH2', 'CHZ']",2019-01-01T02:24:01.440000Z,15.43
911,20190101T022534Z,1J.TI8A.,"['CH1', 'CH2', 'CHZ']",2019-01-01T02:25:34.660000Z,1.07
912,20190101T022659Z,1J.TI8A.,"['CH1', 'CH2', 'CHZ']",2019-01-01T02:26:59.040000Z,0.68
913,20190101T022915Z,1J.TI8A.,"['CH1', 'CH2', 'CHZ']",2019-01-01T02:29:15.470000Z,1.01
914,20190101T023117Z,1J.TI8A.,"['CH1', 'CH2', 'CHZ']",2019-01-01T02:31:17.150000Z,1.07
915,20190101T023429Z,1J.TI8A.,"['CH1', 'CH2', 'CHZ']",2019-01-01T02:34:32.140000Z,9.31
916,20190101T023619Z,1J.TI8A.,"['CH1', 'CH2', 'CHZ']",2019-01-01T02:36:19.820000Z,0.95
917,20190101T023831Z,1J.TI8A.,"['CH1', 'CH2', 'CHZ']",2019-01-01T02:38:34.220000Z,16.14
918,20190101T024040Z,1J.TI8A.,"['CH1', 'CH2', 'CHZ']",2019-01-01T02:40:40.860000Z,0.9
919,20190101T024238Z,1J.TI8A.,"['CH1', 'CH2', 'CHZ']",2019-01-01T02:42:38.380000Z,0.76
920,20190101T024457Z,1J.TI8A.,"['CH1', 'CH2', 'CHZ']",2019-01-01T02:44:57.110000Z,0.95
921,20190101T024638Z,1J.TI8A.,"['CH1', 'CH2', 'CHZ']",2019-01-01T02:46:39.630000Z,10.26
922,20190101T024745Z,1J.TI8A.,"['CH1', 'CH2', 'CHZ']",2019-01-01T02:47:45.050000Z,0.92
923,20190101T025115Z,1J.TI8A.,"['CH1', 'CH2', 'CHZ']",2019-01-01T02:51:15.340000Z,1.03
924,20190101T025304Z,1J.TI8A.,"['CH1', 'CH2', 'CHZ']",2019-01-01T02:53:04.520000Z,0.68
925,20190101T030018Z,1J.TI8A.,"['CH1', 'CH2', 'CHZ']",2019-01-01T03:00:20.830000Z,20.0
926,20190101T030912Z,1J.TI8A.,"['CH1', 'CH2', 'CHZ']",2019-01-01T03:09:14.570000Z,51.99
927,20190101T031509Z,1J.TI8A.,"['CH1', 'CH2', 'CHZ']",2019-01-01T03:15:12.700000Z,12.06
928,20190101T032302Z,1J.TI8A.,"['CH1', 'CH2', 'CHZ']",2019-01-01T03:23:02.610000Z,31.35
929,20190101T032635Z,1J.TI8A.,"['CH1', 'CH2', 'CHZ']",2019-01-01T03:26:35.040000Z,1.45
930,20190101T032647Z,1J.TI8A.,"['CH1', 'CH2', 'CHZ']",2019-01-01T03:27:01.290000Z,11.65
931,20190101T032820Z,1J.TI8A.,"['CH1', 'CH2', 'CHZ']",2019-01-01T03:28:20.020000Z,21.64
932,20190101T033004Z,1J.TI8A.,"['CH1', 'CH2', 'CHZ']",2019-01-01T03:30:12.370000Z,59.47
933,20190101T033424Z,1J.TI8A.,"['CH1', 'CH2', 'CHZ']",2019-01-01T03:34:24.710000Z,3.69
934,20190101T033952Z,1J.TI8A.,"['CH1', 'CH2', 'CHZ']",2019-01-01T03:40:03.090000Z,3.24
935,20190101T034627Z,1J.TI8A.,"['CH1', 'CH2', 'CHZ']",2019-01-01T03:46:28.440000Z,11.19
936,20190101T035033Z,1J.TI8A.,"['CH1', 'CH2', 'CHZ']",2019-01-01T03:50:33.830000Z,12.07
937,20190101T035457Z,1J.TI8A.,"['CH1', 'CH2', 'CHZ']",2019-01-01T03:54:57.760000Z,3.02
938,20190101T035541Z,1J.TI8A.,"['CH1', 'CH2', 'CHZ']",2019-01-01T03:55:43.240000Z,22.59
939,20190101T035752Z,1J.TI8A.,"['CH1', 'CH2', 'CHZ']",2019-01-01T03:57:53.850000Z,6.24
940,20190101T035840Z,1J.TI8A.,"['CH1', 'CH2', 'CHZ']",2019-01-01T03:58:41.920000Z,14.27
941,20190101T040602Z,1J.TI8A.,"['CH1', 'CH2', 'CHZ']",2019-01-01T04:06:02.330000Z,11.46
942,20190101T041233Z,1J.TI8A.,"['CH1', 'CH2', 'CHZ']",2019-01-01T04:12:33.090000Z,18.02
943,20190101T041817Z,1J.TI8A.,"['CH1', 'CH2', 'CHZ']",2019-01-01T04:18:17.190000Z,22.21
944,20190101T042053Z,1J.TI8A.,"['CH1', 'CH2', 'CHZ']",2019-01-01T04:21:01.700000Z,44.79
945,20190101T042442Z,1J.TI8A.,"['CH1', 'CH2', 'CHZ']",2019-01-01T04:24:43.420000Z,5.11
946,20190101T042913Z,1J.TI8A.,"['CH1', 'CH2', 'CHZ']",2019-01-01T04:29:15.580000Z,15.74
947,20190101T043013Z,1J.TI8A.,"['CH1', 'CH2', 'CHZ']",2019-01-01T04:30:13.770000Z,15.47
948,20190101T043221Z,1J.TI8A.,"['CH1', 'CH2', 'CHZ']",2019-01-01T04:32:21.740000Z,5.71
949,20190101T043419Z,1J.TI8A.,"['CH1', 'CH2', 'CHZ']",2019-01-01T04:34:20.760000Z,7.53
950,20190101T044115Z,1J.TI8A.,"['CH1', 'CH2', 'CHZ']",2019-01-01T04:41:17.900000Z,49.96
951,20190101T044941Z,1J.TI8A.,"['CH1', 'CH2', 'CHZ']",2019-01-01T04:49:44.330000Z,19.81
952,20190101T045231Z,1J.TI8A.,"['CH1', 'CH2', 'CHZ']",2019-01-01T04:52:31.660000Z,4.05
953,20190101T045554Z,1J.TI8A.,"['CH1', 'CH2', 'CHZ']",2019-01-01T04:55:54.950000Z,22.88
954,20190101T045851Z,1J.TI8A.,"['CH1', 'CH2', 'CHZ']",2019-01-01T04:58:51.550000Z,12.99
955,20190101T050307Z,1J.TI8A.,"['CH1', 'CH2', 'CHZ']",2019-01-01T05:03:10.390000Z,3.97
956,20190101T050536Z,1J.TI8A.,"['CH1', 'CH2', 'CHZ']",2019-01-01T05:05:36.490000Z,21.94
957,20190101T051126Z,1J.TI8A.,"['CH1', 'CH2', 'CHZ']",2019-01-01T05:11:26.750000Z,0.93
958,20190101T051219Z,1J.TI8A.,"['CH1', 'CH2', 'CHZ']",2019-01-01T05:12:19.950000Z,2.78
959,20190101T051550Z,1J.TI8A.,"['CH1', 'CH2', 'CHZ']",2019-01-01T05:15:50.370000Z,0.85
960,20190101T051655Z,1J.TI8A.,"['CH1', 'CH2', 'CHZ']",2019-01-01T05:16:55.890000Z,1.1
961,20190101T051712Z,1J.TI8A.,"['CH1', 'CH2', 'CHZ']",2019-01-01T05:17:14.270000Z,13.2
962,20190101T051751Z,1J.TI8A.,"['CH1', 'CH2', 'CHZ']",2019-01-01T05:17:51.850000Z,0.75
963,20190101T052001Z,1J.TI8A.,"['CH1', 'CH2', 'CHZ']",2019-01-01T05:20:01.100000Z,1.16
964,20190101T052045Z,1J.TI8A.,"['CH1', 'CH2', 'CHZ']",2019-01-01T05:20:45.530000Z,0.97
965,20190101T052158Z,1J.TI8A.,"['CH1', 'CH2', 'CHZ']",2019-01-01T05:21:58.070000Z,1.77
966,20190101T052243Z,1J.TI8A.,"['CH1', 'CH2', 'CHZ']",2019-01-01T05:22:43.420000Z,1.36
967,20190101T052317Z,1J.TI8A.,"['CH1', 'CH2', 'CHZ']",2019-01-01T05:23:17.100000Z,1.18
968,20190101T052335Z,1J.TI8A.,"['CH1', 'CH2', 'CHZ']",2019-01-01T05:23:35.840000Z,1.28
969,20190101T052455Z,1J.TI8A.,"['CH1', 'CH2', 'CHZ']",2019-01-01T05:24:55.640000Z,1.31
970,20190101T052502Z,1J.TI8A.,"['CH1', 'CH2', 'CHZ']",2019-01-01T05:25:04.710000Z,20.69
971,20190101T052643Z,1J.TI8A.,"['CH1', 'CH2', 'CHZ']",2019-01-01T05:26:43.290000Z,1.45
972,20190101T052743Z,1J.TI8A.,"['CH1', 'CH2', 'CHZ']",2019-01-01T05:27:43.010000Z,1.07
973,20190101T052830Z,1J.TI8A.,"['CH1', 'CH2', 'CHZ']",2019-01-01T05:28:30.560000Z,1.3
974,20190101T053031Z,1J.TI8A.,"['CH1', 'CH2', 'CHZ']",2019-01-01T05:30:31.330000Z,0.91
975,20190101T053143Z,1J.TI8A.,"['CH1', 'CH2', 'CHZ']",2019-01-01T05:31:45.400000Z,13.12
976,20190101T053442Z,1J.TI8A.,"['CH1', 'CH2', 'CHZ']",2019-01-01T05:34:45.980000Z,1.26
977,20190101T053542Z,1J.TI8A.,"['CH1', 'CH2', 'CHZ']",2019-01-01T05:35:44.700000Z,51.71
978,20190101T054449Z,1J.TI8A.,"['CH1', 'CH2', 'CHZ']",2019-01-01T05:44:52.250000Z,10.55
979,20190101T054640Z,1J.TI8A.,"['CH1', 'CH2', 'CHZ']",2019-01-01T05:46:43.470000Z,18.23
980,20190101T055234Z,1J.TI8A.,"['CH1', 'CH2', 'CHZ']",2019-01-01T05:52:51.380000Z,54.3
981,20190101T055720Z,1J.TI8A.,"['CH1', 'CH2', 'CHZ']",2019-01-01T05:57:22.600000Z,6.64
982,20190101T060316Z,1J.TI8A.,"['CH1', 'CH2', 'CHZ']",2019-01-01T06:03:44.850000Z,8.99
983,20190101T060630Z,1J.TI8A.,"['CH1', 'CH2', 'CHZ']",2019-01-01T06:06:30.780000Z,31.36
984,20190101T060725Z,1J.TI8A.,"['CH1', 'CH2', 'CHZ']",2019-01-01T06:07:25.690000Z,6.93
985,20190101T060829Z,1J.TI8A.,"['CH1', 'CH2', 'CHZ']",2019-01-01T06:08:31.680000Z,3.17
986,20190101T061237Z,1J.TI8A.,"['CH1', 'CH2', 'CHZ']",2019-01-01T06:12:39.090000Z,10.29
987,20190101T062208Z,1J.TI8A.,"['CH1', 'CH2', 'CHZ']",2019-01-01T06:22:11.610000Z,16.6
988,20190101T062611Z,1J.TI8A.,"['CH1', 'CH2', 'CHZ']",2019-01-01T06:26:14.640000Z,17.11
989,20190101T062750Z,1J.TI8A.,"['CH1', 'CH2', 'CHZ']",2019-01-01T06:28:00.520000Z,15.85
990,20190101T063332Z,1J.TI8A.,"['CH1', 'CH2', 'CHZ']",2019-01-01T06:33:34.650000Z,16.55
991,20190101T063801Z,1J.TI8A.,"['CH1', 'CH2', 'CHZ']",2019-01-01T06:38:01.700000Z,5.06
992,20190101T065301Z,1J.TI8A.,"['CH1', 'CH2', 'CHZ']",2019-01-01T06:53:04.900000Z,15.32
993,20190101T065954Z,1J.TI8A.,"['CH1', 'CH2', 'CHZ']",2019-01-01T06:59:55.830000Z,50.49
994,20190101T071354Z,1J.TI8A.,"['CH1', 'CH2', 'CHZ']",2019-01-01T07:13:54.620000Z,10.33
995,20190101T071819Z,1J.TI8A.,"['CH1', 'CH2', 'CHZ']",2019-01-01T07:18:20.930000Z,45.35
996,20190101T072323Z,1J.TI8A.,"['CH1', 'CH2', 'CHZ']",2019-01-01T07:23:25.800000Z,12.72
997,20190101T072516Z,1J.TI8A.,"['CH1', 'CH2', 'CHZ']",2019-01-01T07:25:16.490000Z,0.74
998,20190101T072727Z,1J.TI8A.,"['CH1', 'CH2', 'CHZ']",2019-01-01T07:27:35.600000Z,0.84
999,20190101T072844Z,1J.TI8A.,"['CH1', 'CH2', 'CHZ']",2019-01-01T07:28:44.580000Z,0.81
1000,20190101T072955Z,1J.TI8A.,"['CH1', 'CH2', 'CHZ']",2019-01-01T07:29:55.730000Z,0.72
1001,20190101T073105Z,1J.TI8A.,"['CH1', 'CH2', 'CHZ']",2019-01-01T07:31:05.150000Z,0.72
1002,20190101T073441Z,1J.TI8A.,"['CH1', 'CH2', 'CHZ']",2019-01-01T07:34:42.910000Z,10.22
1003,20190101T073935Z,1J.TI8A.,"['CH1', 'CH2', 'CHZ']",2019-01-01T07:39:35.710000Z,0.73
1004,20190101T074036Z,1J.TI8A.,"['CH1', 'CH2', 'CHZ']",2019-01-01T07:40:52.770000Z,19.57
1005,20190101T074256Z,1J.TI8A.,"['CH1', 'CH2', 'CHZ']",2019-01-01T07:42:56.640000Z,6.01
1006,20190101T074514Z,1J.TI8A.,"['CH1', 'CH2', 'CHZ']",2019-01-01T07:45:14.460000Z,21.82
1007,20190101T075220Z,1J.TI8A.,"['CH1', 'CH2', 'CHZ']",2019-01-01T07:53:25.140000Z,9.69
1008,20190101T075948Z,1J.TI8A.,"['CH1', 'CH2', 'CHZ']",2019-01-01T07:59:53.000000Z,14.29
1009,20190101T080335Z,1J.TI8A.,"['CH1', 'CH2', 'CHZ']",2019-01-01T08:03:38.910000Z,11.75
1010,20190101T081000Z,1J.TI8A.,"['CH1', 'CH2', 'CHZ']",2019-01-01T08:10:00.750000Z,21.35
1011,20190101T081342Z,1J.TI8A.,"['CH1', 'CH2', 'CHZ']",2019-01-01T08:13:42.530000Z,2.96
1012,20190101T081652Z,1J.TI8A.,"['CH1', 'CH2', 'CHZ']",2019-01-01T08:16:57.940000Z,18.2
1013,20190101T081913Z,1J.TI8A.,"['CH1', 'CH2', 'CHZ']",2019-01-01T08:19:13.980000Z,23.39
1014,20190101T082333Z,1J.TI8A.,"['CH1', 'CH2', 'CHZ']",2019-01-01T08:23:35.900000Z,52.47
1015,20190101T082651Z,1J.TI8A.,"['CH1', 'CH2', 'CHZ']",2019-01-01T08:26:51.100000Z,3.36
1016,20190101T082724Z,1J.TI8A.,"['CH1', 'CH2', 'CHZ']",2019-01-01T08:27:27.380000Z,7.8
1017,20190101T082741Z,1J.TI8A.,"['CH1', 'CH2', 'CHZ']",2019-01-01T08:27:44.060000Z,44.7
1018,20190101T083404Z,1J.TI8A.,"['CH1', 'CH2', 'CHZ']",2019-01-01T08:34:07.340000Z,12.42
1019,20190101T083558Z,1J.TI8A.,"['CH1', 'CH2', 'CHZ']",2019-01-01T08:35:58.000000Z,1.46
1020,20190101T083953Z,1J.TI8A.,"['CH1', 'CH2', 'CHZ']",2019-01-01T08:39:53.370000Z,1.98
1021,20190101T084238Z,1J.TI8A.,"['CH1', 'CH2', 'CHZ']",2019-01-01T08:42:38.540000Z,8.66
1022,20190101T084558Z,1J.TI8A.,"['CH1', 'CH2', 'CHZ']",2019-01-01T08:46:01.510000Z,9.44
1023,20190101T085049Z,1J.TI8A.,"['CH1', 'CH2', 'CHZ']",2019-01-01T08:50:49.110000Z,5.1
1024,20190101T085640Z,1J.TI8A.,"['CH1', 'CH2', 'CHZ']",2019-01-01T08:56:42.890000Z,16.07
1025,20190101T090812Z,1J.TI8A.,"['CH1', 'CH2', 'CHZ']",2019-01-01T09:08:15.940000Z,16.42
1026,20190101T091046Z,1J.TI8A.,"['CH1', 'CH2', 'CHZ']",2019-01-01T09:10:54.180000Z,17.45
1027,20190101T091513Z,1J.TI8A.,"['CH1', 'CH2', 'CHZ']",2019-01-01T09:15:14.660000Z,26.07
1028,20190101T093128Z,1J.TI8A.,"['CH1', 'CH2', 'CHZ']",2019-01-01T09:31:40.120000Z,15.68
1029,20190101T093245Z,1J.TI8A.,"['CH1', 'CH2', 'CHZ']",2019-01-01T09:32:45.410000Z,3.24
1030,20190101T093313Z,1J.TI8A.,"['CH1', 'CH2', 'CHZ']",2019-01-01T09:33:14.270000Z,22.75
1031,20190101T094231Z,1J.TI8A.,"['CH1', 'CH2', 'CHZ']",2019-01-01T09:42:31.200000Z,5.65
1032,20190101T094241Z,1J.TI8A.,"['CH1', 'CH2', 'CHZ']",2019-01-01T09:42:44.400000Z,13.43
1033,20190101T094433Z,1J.TI8A.,"['CH1', 'CH2', 'CHZ']",2019-01-01T09:44:34.300000Z,9.46
1034,20190101T094744Z,1J.TI8A.,"['CH1', 'CH2', 'CHZ']",2019-01-01T09:47:50.000000Z,19.62
1035,20190101T095646Z,1J.TI8A.,"['CH1', 'CH2', 'CHZ']",2019-01-01T09:56:46.770000Z,9.21
1036,20190101T095926Z,1J.TI8A.,"['CH1', 'CH2', 'CHZ']",2019-01-01T09:59:28.060000Z,18.03
1037,20190101T100905Z,1J.TI8A.,"['CH1', 'CH2', 'CHZ']",2019-01-01T10:09:06.600000Z,25.81
1038,20190101T101815Z,1J.TI8A.,"['CH1', 'CH2', 'CHZ']",2019-01-01T10:18:32.890000Z,10.4
1039,20190101T102802Z,1J.TI8A.,"['CH1', 'CH2', 'CHZ']",2019-01-01T10:28:04.270000Z,6.6
1040,20190101T102911Z,1J.TI8A.,"['CH1', 'CH2', 'CHZ']",2019-01-01T10:29:11.290000Z,19.22
1041,20190101T103036Z,1J.TI8A.,"['CH1', 'CH2', 'CHZ']",2019-01-01T10:30:36.290000Z,21.91
1042,20190101T103130Z,1J.TI8A.,"['CH1', 'CH2', 'CHZ']",2019-01-01T10:31:36.880000Z,35.07
1043,20190101T104149Z,1J.TI8A.,"['CH1', 'CH2', 'CHZ']",2019-01-01T10:41:51.540000Z,13.11
1044,20190101T105042Z,1J.TI8A.,"['CH1', 'CH2', 'CHZ']",2019-01-01T10:50:46.870000Z,13.66
1045,20190101T105404Z,1J.TI8A.,"['CH1', 'CH2', 'CHZ']",2019-01-01T10:54:05.350000Z,18.22
1046,20190101T105724Z,1J.TI8A.,"['CH1', 'CH2', 'CHZ']",2019-01-01T10:57:24.300000Z,16.9
1047,20190101T110026Z,1J.TI8A.,"['CH1', 'CH2', 'CHZ']",2019-01-01T11:00:29.190000Z,7.56
1048,20190101T110530Z,1J.TI8A.,"['CH1', 'CH2', 'CHZ']",2019-01-01T11:05:30.480000Z,0.73
1049,20190101T111305Z,1J.TI8A.,"['CH1', 'CH2', 'CHZ']",2019-01-01T11:13:07.850000Z,10.24
1050,20190101T111838Z,1J.TI8A.,"['CH1', 'CH2', 'CHZ']",2019-01-01T11:18:38.440000Z,1.35
1051,20190101T112329Z,1J.TI8A.,"['CH1', 'CH2', 'CHZ']",2019-01-01T11:23:32.320000Z,17.4
1052,20190101T112726Z,1J.TI8A.,"['CH1', 'CH2', 'CHZ']",2019-01-01T11:27:28.450000Z,20.61
1053,20190101T112806Z,1J.TI8A.,"['CH1', 'CH2', 'CHZ']",2019-01-01T11:28:10.240000Z,13.29
1054,20190101T113538Z,1J.TI8A.,"['CH1', 'CH2', 'CHZ']",2019-01-01T11:35:38.750000Z,17.27
1055,20190101T113710Z,1J.TI8A.,"['CH1', 'CH2', 'CHZ']",2019-01-01T11:37:13.470000Z,5.27
1056,20190101T114724Z,1J.TI8A.,"['CH1', 'CH2', 'CHZ']",2019-01-01T11:47:33.580000Z,15.98
1057,20190101T115405Z,1J.TI8A.,"['CH1', 'CH2', 'CHZ']",2019-01-01T11:54:09.440000Z,17.05
1058,20190101T115652Z,1J.TI8A.,"['CH1', 'CH2', 'CHZ']",2019-01-01T11:56:54.210000Z,5.18
1059,20190101T115846Z,1J.TI8A.,"['CH1', 'CH2', 'CHZ']",2019-01-01T11:58:49.060000Z,11.56
1060,20190101T120156Z,1J.TI8A.,"['CH1', 'CH2', 'CHZ']",2019-01-01T12:01:57.960000Z,6.75
1061,20190101T120947Z,1J.TI8A.,"['CH1', 'CH2', 'CHZ']",2019-01-01T12:09:49.220000Z,19.83
1062,20190101T121845Z,1J.TI8A.,"['CH1', 'CH2', 'CHZ']",2019-01-01T12:18:45.180000Z,5.58
1063,20190101T121954Z,1J.TI8A.,"['CH1', 'CH2', 'CHZ']",2019-01-01T12:19:56.230000Z,11.55
1064,20190101T122337Z,1J.TI8A.,"['CH1', 'CH2', 'CHZ']",2019-01-01T12:23:37.580000Z,4.65
1065,20190101T122453Z,1J.TI8A.,"['CH1', 'CH2', 'CHZ']",2019-01-01T12:25:05.260000Z,0.74
1066,20190101T122609Z,1J.TI8A.,"['CH1', 'CH2', 'CHZ']",2019-01-01T12:26:17.630000Z,6.12
1067,20190101T122632Z,1J.TI8A.,"['CH1', 'CH2', 'CHZ']",2019-01-01T12:26:47.750000Z,14.33
1068,20190101T123246Z,1J.TI8A.,"['CH1', 'CH2', 'CHZ']",2019-01-01T12:32:59.080000Z,16.29
1069,20190101T123445Z,1J.TI8A.,"['CH1', 'CH2', 'CHZ']",2019-01-01T12:34:45.160000Z,4.31
1070,20190101T123719Z,1J.TI8A.,"['CH1', 'CH2', 'CHZ']",2019-01-01T12:37:19.310000Z,4.07
1071,20190101T123859Z,1J.TI8A.,"['CH1', 'CH2', 'CHZ']",2019-01-01T12:38:59.830000Z,4.61
1072,20190101T124016Z,1J.TI8A.,"['CH1', 'CH2', 'CHZ']",2019-01-01T12:40:16.500000Z,4.33
1073,20190101T124208Z,1J.TI8A.,"['CH1', 'CH2', 'CHZ']",2019-01-01T12:42:08.030000Z,5.44
1074,20190101T124330Z,1J.TI8A.,"['CH1', 'CH2', 'CHZ']",2019-01-01T12:43:30.830000Z,4.72
1075,20190101T124444Z,1J.TI8A.,"['CH1', 'CH2', 'CHZ']",2019-01-01T12:44:44.660000Z,4.08
1076,20190101T124651Z,1J.TI8A.,"['CH1', 'CH2', 'CHZ']",2019-01-01T12:46:51.220000Z,5.81
1077,20190101T124819Z,1J.TI8A.,"['CH1', 'CH2', 'CHZ']",2019-01-01T12:48:24.070000Z,10.09
1078,20190101T124857Z,1J.TI8A.,"['CH1', 'CH2', 'CHZ']",2019-01-01T12:48:57.530000Z,19.74
1079,20190101T125253Z,1J.TI8A.,"['CH1', 'CH2', 'CHZ']",2019-01-01T12:52:53.750000Z,3.42
1080,20190101T125849Z,1J.TI8A.,"['CH1', 'CH2', 'CHZ']",2019-01-01T12:58:49.960000Z,4.2
1081,20190101T130034Z,1J.TI8A.,"['CH1', 'CH2', 'CHZ']",2019-01-01T13:00:35.160000Z,15.76
1082,20190101T130337Z,1J.TI8A.,"['CH1', 'CH2', 'CHZ']",2019-01-01T13:03:38.210000Z,11.22
1083,20190101T130831Z,1J.TI8A.,"['CH1', 'CH2', 'CHZ']",2019-01-01T13:08:33.980000Z,2.47
1084,20190101T130849Z,1J.TI8A.,"['CH1', 'CH2', 'CHZ']",2019-01-01T13:08:49.750000Z,1.73
1085,20190101T131039Z,1J.TI8A.,"['CH1', 'CH2', 'CHZ']",2019-01-01T13:10:39.830000Z,2.64
1086,20190101T131140Z,1J.TI8A.,"['CH1', 'CH2', 'CHZ']",2019-01-01T13:11:40.060000Z,2.98
1087,20190101T131235Z,1J.TI8A.,"['CH1', 'CH2', 'CHZ']",2019-01-01T13:12:35.520000Z,3.12
1088,20190101T131404Z,1J.TI8A.,"['CH1', 'CH2', 'CHZ']",2019-01-01T13:14:04.570000Z,3.63
1089,20190101T131644Z,1J.TI8A.,"['CH1', 'CH2', 'CHZ']",2019-01-01T13:16:44.980000Z,23.55
1090,20190101T131916Z,1J.TI8A.,"['CH1', 'CH2', 'CHZ']",2019-01-01T13:19:16.170000Z,2.25
1091,20190101T132253Z,1J.TI8A.,"['CH1', 'CH2', 'CHZ']",2019-01-01T13:23:10.500000Z,3.31
1092,20190101T132359Z,1J.TI8A.,"['CH1', 'CH2', 'CHZ']",2019-01-01T13:23:59.490000Z,2.17
1093,20190101T133038Z,1J.TI8A.,"['CH1', 'CH2', 'CHZ']",2019-01-01T13:30:38.760000Z,8.06
1094,20190101T134108Z,1J.TI8A.,"['CH1', 'CH2', 'CHZ']",2019-01-01T13:41:08.790000Z,14.53
1095,20190101T134309Z,1J.TI8A.,"['CH1', 'CH2', 'CHZ']",2019-01-01T13:43:11.860000Z,0.87
1096,20190101T134318Z,1J.TI8A.,"['CH1', 'CH2', 'CHZ']",2019-01-01T13:43:19.570000Z,22.18
1097,20190101T134640Z,1J.TI8A.,"['CH1', 'CH2', 'CHZ']",2019-01-01T13:46:40.100000Z,5.98
1098,20190101T134909Z,1J.TI8A.,"['CH1', 'CH2', 'CHZ']",2019-01-01T13:49:09.680000Z,17.34
1099,20190101T135212Z,1J.TI8A.,"['CH1', 'CH2', 'CHZ']",2019-01-01T13:52:12.660000Z,0.87
1100,20190101T135443Z,1J.TI8A.,"['CH1', 'CH2', 'CHZ']",2019-01-01T13:54:43.390000Z,46.53
1101,20190101T135826Z,1J.TI8A.,"['CH1', 'CH2', 'CHZ']",2019-01-01T13:58:26.880000Z,7.67
1102,20190101T135850Z,1J.TI8A.,"['CH1', 'CH2', 'CHZ']",2019-01-01T13:58:53.400000Z,19.83
1103,20190101T140415Z,1J.TI8A.,"['CH1', 'CH2', 'CHZ']",2019-01-01T14:04:16.070000Z,34.69
1104,20190101T141146Z,1J.TI8A.,"['CH1', 'CH2', 'CHZ']",2019-01-01T14:11:46.060000Z,2.46
1105,20190101T141201Z,1J.TI8A.,"['CH1', 'CH2', 'CHZ']",2019-01-01T14:12:01.410000Z,9.77
1106,20190101T141311Z,1J.TI8A.,"['CH1', 'CH2', 'CHZ']",2019-01-01T14:13:19.210000Z,25.2
1107,20190101T141555Z,1J.TI8A.,"['CH1', 'CH2', 'CHZ']",2019-01-01T14:15:57.390000Z,7.5
1108,20190101T142530Z,1J.TI8A.,"['CH1', 'CH2', 'CHZ']",2019-01-01T14:25:32.800000Z,52.19
1109,20190101T143007Z,1J.TI8A.,"['CH1', 'CH2', 'CHZ']",2019-01-01T14:30:09.060000Z,53.48
1110,20190101T143521Z,1J.TI8A.,"['CH1', 'CH2', 'CHZ']",2019-01-01T14:35:21.940000Z,4.86
1111,20190101T145336Z,1J.TI8A.,"['CH1', 'CH2', 'CHZ']",2019-01-01T14:53:38.410000Z,11.04
1112,20190101T145802Z,1J.TI8A.,"['CH1', 'CH2', 'CHZ']",2019-01-01T14:58:05.470000Z,51.4
1113,20190101T150029Z,1J.TI8A.,"['CH1', 'CH2', 'CHZ']",2019-01-01T15:00:29.630000Z,8.02
1114,20190101T150606Z,1J.TI8A.,"['CH1', 'CH2', 'CHZ']",2019-01-01T15:06:06.200000Z,6.88
1115,20190101T151441Z,1J.TI8A.,"['CH1', 'CH2', 'CHZ']",2019-01-01T15:15:19.340000Z,21.19
1116,20190101T151631Z,1J.TI8A.,"['CH1', 'CH2', 'CHZ']",2019-01-01T15:16:31.560000Z,21.58
1117,20190101T151733Z,1J.TI8A.,"['CH1', 'CH2', 'CHZ']",2019-01-01T15:17:37.070000Z,2.56
1118,20190101T151833Z,1J.TI8A.,"['CH1', 'CH2', 'CHZ']",2019-01-01T15:18:35.930000Z,4.14
1119,20190101T152254Z,1J.TI8A.,"['CH1', 'CH2', 'CHZ']",2019-01-01T15:22:54.130000Z,18.55
1120,20190101T152450Z,1J.TI8A.,"['CH1', 'CH2', 'CHZ']",2019-01-01T15:24:50.890000Z,22.44
1121,20190101T152530Z,1J.TI8A.,"['CH1', 'CH2', 'CHZ']",2019-01-01T15:25:36.340000Z,17.26
1122,20190101T153101Z,1J.TI8A.,"['CH1', 'CH2', 'CHZ']",2019-01-01T15:31:01.410000Z,5.03
1123,20190101T153700Z,1J.TI8A.,"['CH1', 'CH2', 'CHZ']",2019-01-01T15:37:00.770000Z,0.99
1124,20190101T154104Z,1J.TI8A.,"['CH1', 'CH2', 'CHZ']",2019-01-01T15:41:04.760000Z,15.12
1125,20190101T154201Z,1J.TI8A.,"['CH1', 'CH2', 'CHZ']",2019-01-01T15:42:01.500000Z,0.84
1126,20190101T154325Z,1J.TI8A.,"['CH1', 'CH2', 'CHZ']",2019-01-01T15:43:25.270000Z,5.89
1127,20190101T154632Z,1J.TI8A.,"['CH1', 'CH2', 'CHZ']",2019-01-01T15:46:38.520000Z,9.56
1128,20190101T155206Z,1J.TI8A.,"['CH1', 'CH2', 'CHZ']",2019-01-01T15:52:06.840000Z,16.78
1129,20190101T155920Z,1J.TI8A.,"['CH1', 'CH2', 'CHZ']",2019-01-01T15:59:20.070000Z,9.07
1130,20190101T155947Z,1J.TI8A.,"['CH1', 'CH2', 'CHZ']",2019-01-01T15:59:47.060000Z,3.86
1131,20190101T160026Z,1J.TI8A.,"['CH1', 'CH2', 'CHZ']",2019-01-01T16:00:26.620000Z,15.9
1132,20190101T160301Z,1J.TI8A.,"['CH1', 'CH2', 'CHZ']",2019-01-01T16:03:03.250000Z,18.71
1133,20190101T160424Z,1J.TI8A.,"['CH1', 'CH2', 'CHZ']",2019-01-01T16:04:24.070000Z,5.25
1134,20190101T160449Z,1J.TI8A.,"['CH1', 'CH2', 'CHZ']",2019-01-01T16:04:53.550000Z,15.14
1135,20190101T160558Z,1J.TI8A.,"['CH1', 'CH2', 'CHZ']",2019-01-01T16:05:58.220000Z,12.89
1136,20190101T160859Z,1J.TI8A.,"['CH1', 'CH2', 'CHZ']",2019-01-01T16:08:59.420000Z,13.96
1137,20190101T161016Z,1J.TI8A.,"['CH1', 'CH2', 'CHZ']",2019-01-01T16:10:17.680000Z,24.97
1138,20190101T161106Z,1J.TI8A.,"['CH1', 'CH2', 'CHZ']",2019-01-01T16:11:06.540000Z,8.21
1139,20190101T161254Z,1J.TI8A.,"['CH1', 'CH2', 'CHZ']",2019-01-01T16:12:54.040000Z,6.15
1140,20190101T161527Z,1J.TI8A.,"['CH1', 'CH2', 'CHZ']",2019-01-01T16:15:27.780000Z,11.42
1141,20190101T161805Z,1J.TI8A.,"['CH1', 'CH2', 'CHZ']",2019-01-01T16:18:05.120000Z,13.55
1142,20190101T161958Z,1J.TI8A.,"['CH1', 'CH2', 'CHZ']",2019-01-01T16:19:58.180000Z,4.33
1143,20190101T162015Z,1J.TI8A.,"['CH1', 'CH2', 'CHZ']",2019-01-01T16:20:15.470000Z,19.0
1144,20190101T162205Z,1J.TI8A.,"['CH1', 'CH2', 'CHZ']",2019-01-01T16:22:05.400000Z,1.63
1145,20190101T162224Z,1J.TI8A.,"['CH1', 'CH2', 'CHZ']",2019-01-01T16:22:26.780000Z,3.98
1146,20190101T162237Z,1J.TI8A.,"['CH1', 'CH2', 'CHZ']",2019-01-01T16:22:37.600000Z,13.22
1147,20190101T162334Z,1J.TI8A.,"['CH1', 'CH2', 'CHZ']",2019-01-01T16:23:51.800000Z,9.38
1148,20190101T163937Z,1J.TI8A.,"['CH1', 'CH2', 'CHZ']",2019-01-01T16:39:43.160000Z,75.07
1149,20190101T164122Z,1J.TI8A.,"['CH1', 'CH2', 'CHZ']",2019-01-01T16:41:22.040000Z,1.35
1150,20190101T164417Z,1J.TI8A.,"['CH1', 'CH2', 'CHZ']",2019-01-01T16:44:17.650000Z,2.65
1151,20190101T164736Z,1J.TI8A.,"['CH1', 'CH2', 'CHZ']",2019-01-01T16:47:36.030000Z,9.69
1152,20190101T164913Z,1J.TI8A.,"['CH1', 'CH2', 'CHZ']",2019-01-01T16:49:15.020000Z,24.05
1153,20190101T165157Z,1J.TI8A.,"['CH1', 'CH2', 'CHZ']",2019-01-01T16:51:58.910000Z,12.9
1154,20190101T165223Z,1J.TI8A.,"['CH1', 'CH2', 'CHZ']",2019-01-01T16:52:27.930000Z,18.43
1155,20190101T165745Z,1J.TI8A.,"['CH1', 'CH2', 'CHZ']",2019-01-01T16:57:45.970000Z,5.62
1156,20190101T165832Z,1J.TI8A.,"['CH1', 'CH2', 'CHZ']",2019-01-01T16:58:34.970000Z,9.22
1157,20190101T170023Z,1J.TI8A.,"['CH1', 'CH2', 'CHZ']",2019-01-01T17:00:23.390000Z,8.48
1158,20190101T170706Z,1J.TI8A.,"['CH1', 'CH2', 'CHZ']",2019-01-01T17:07:06.240000Z,22.85
1159,20190101T170832Z,1J.TI8A.,"['CH1', 'CH2', 'CHZ']",2019-01-01T17:08:32.810000Z,18.61
1160,20190101T171004Z,1J.TI8A.,"['CH1', 'CH2', 'CHZ']",2019-01-01T17:10:07.390000Z,3.85
1161,20190101T171314Z,1J.TI8A.,"['CH1', 'CH2', 'CHZ']",2019-01-01T17:13:16.460000Z,21.81
1162,20190101T171501Z,1J.TI8A.,"['CH1', 'CH2', 'CHZ']",2019-01-01T17:15:01.270000Z,3.02
1163,20190101T171600Z,1J.TI8A.,"['CH1', 'CH2', 'CHZ']",2019-01-01T17:16:02.860000Z,12.42
1164,20190101T171838Z,1J.TI8A.,"['CH1', 'CH2', 'CHZ']",2019-01-01T17:18:38.070000Z,1.18
1165,20190101T172140Z,1J.TI8A.,"['CH1', 'CH2', 'CHZ']",2019-01-01T17:21:40.560000Z,1.26
1166,20190101T172306Z,1J.TI8A.,"['CH1', 'CH2', 'CHZ']",2019-01-01T17:23:06.420000Z,15.65
1167,20190101T172845Z,1J.TI8A.,"['CH1', 'CH2', 'CHZ']",2019-01-01T17:28:45.520000Z,0.83
1168,20190101T173004Z,1J.TI8A.,"['CH1', 'CH2', 'CHZ']",2019-01-01T17:30:04.820000Z,19.53
1169,20190101T173144Z,1J.TI8A.,"['CH1', 'CH2', 'CHZ']",2019-01-01T17:31:44.540000Z,0.89
1170,20190101T173422Z,1J.TI8A.,"['CH1', 'CH2', 'CHZ']",2019-01-01T17:34:22.670000Z,0.85
1171,20190101T173726Z,1J.TI8A.,"['CH1', 'CH2', 'CHZ']",2019-01-01T17:37:26.850000Z,1.01
1172,20190101T173754Z,1J.TI8A.,"['CH1', 'CH2', 'CHZ']",2019-01-01T17:38:00.520000Z,8.83
1173,20190101T174150Z,1J.TI8A.,"['CH1', 'CH2', 'CHZ']",2019-01-01T17:41:50.160000Z,2.06
1174,20190101T174417Z,1J.TI8A.,"['CH1', 'CH2', 'CHZ']",2019-01-01T17:44:17.300000Z,5.27
1175,20190101T175410Z,1J.TI8A.,"['CH1', 'CH2', 'CHZ']",2019-01-01T17:54:12.660000Z,20.83
1176,20190101T175808Z,1J.TI8A.,"['CH1', 'CH2', 'CHZ']",2019-01-01T17:58:08.790000Z,10.43
1177,20190101T180815Z,1J.TI8A.,"['CH1', 'CH2', 'CHZ']",2019-01-01T18:08:16.620000Z,34.91
1178,20190101T182453Z,1J.TI8A.,"['CH1', 'CH2', 'CHZ']",2019-01-01T18:24:53.620000Z,1.27
1179,20190101T182756Z,1J.TI8A.,"['CH1', 'CH2', 'CHZ']",2019-01-01T18:27:59.240000Z,7.69
1180,20190101T183451Z,1J.TI8A.,"['CH1', 'CH2', 'CHZ']",2019-01-01T18:34:53.970000Z,20.63
1181,20190101T183622Z,1J.TI8A.,"['CH1', 'CH2', 'CHZ']",2019-01-01T18:36:22.620000Z,1.39
1182,20190101T184125Z,1J.TI8A.,"['CH1', 'CH2', 'CHZ']",2019-01-01T18:41:29.010000Z,8.24
1183,20190101T184249Z,1J.TI8A.,"['CH1', 'CH2', 'CHZ']",2019-01-01T18:42:54.600000Z,1.62
1184,20190101T184835Z,1J.TI8A.,"['CH1', 'CH2', 'CHZ']",2019-01-01T18:48:35.710000Z,1.3
1185,20190101T185213Z,1J.TI8A.,"['CH1', 'CH2', 'CHZ']",2019-01-01T18:52:16.120000Z,15.6
1186,20190101T185445Z,1J.TI8A.,"['CH1', 'CH2', 'CHZ']",2019-01-01T18:54:45.040000Z,1.62
1187,20190101T190114Z,1J.TI8A.,"['CH1', 'CH2', 'CHZ']",2019-01-01T19:01:14.920000Z,2.68
1188,20190101T190149Z,1J.TI8A.,"['CH1', 'CH2', 'CHZ']",2019-01-01T19:01:50.810000Z,50.62
1189,20190101T190456Z,1J.TI8A.,"['CH1', 'CH2', 'CHZ']",2019-01-01T19:04:56.250000Z,19.15
1190,20190101T190803Z,1J.TI8A.,"['CH1', 'CH2', 'CHZ']",2019-01-01T19:08:04.220000Z,49.53
1191,20190101T190954Z,1J.TI8A.,"['CH1', 'CH2', 'CHZ']",2019-01-01T19:09:57.490000Z,1.93
1192,20190101T191541Z,1J.TI8A.,"['CH1', 'CH2', 'CHZ']",2019-01-01T19:15:43.690000Z,21.33
1193,20190101T192752Z,1J.TI8A.,"['CH1', 'CH2', 'CHZ']",2019-01-01T19:27:53.490000Z,26.41
1194,20190101T193412Z,1J.TI8A.,"['CH1', 'CH2', 'CHZ']",2019-01-01T19:34:12.790000Z,9.05
1195,20190101T193433Z,1J.TI8A.,"['CH1', 'CH2', 'CHZ']",2019-01-01T19:35:08.310000Z,0.97
1196,20190101T193659Z,1J.TI8A.,"['CH1', 'CH2', 'CHZ']",2019-01-01T19:36:59.290000Z,12.86
1197,20190101T194159Z,1J.TI8A.,"['CH1', 'CH2', 'CHZ']",2019-01-01T19:42:01.750000Z,6.92
1198,20190101T194404Z,1J.TI8A.,"['CH1', 'CH2', 'CHZ']",2019-01-01T19:44:15.040000Z,17.36
1199,20190101T194914Z,1J.TI8A.,"['CH1', 'CH2', 'CHZ']",2019-01-01T19:49:14.210000Z,18.33
1200,20190101T195028Z,1J.TI8A.,"['CH1', 'CH2', 'CHZ']",2019-01-01T19:50:28.290000Z,5.93
1201,20190101T195218Z,1J.TI8A.,"['CH1', 'CH2', 'CHZ']",2019-01-01T19:52:18.630000Z,9.31
1202,20190101T195306Z,1J.TI8A.,"['CH1', 'CH2', 'CHZ']",2019-01-01T19:53:08.940000Z,15.91
1203,20190101T195343Z,1J.TI8A.,"['CH1', 'CH2', 'CHZ']",2019-01-01T19:53:43.360000Z,7.23
1204,20190101T195435Z,1J.TI8A.,"['CH1', 'CH2', 'CHZ']",2019-01-01T19:54:41.930000Z,50.23
1205,20190101T200043Z,1J.TI8A.,"['CH1', 'CH2', 'CHZ']",2019-01-01T20:00:44.920000Z,23.51
1206,20190101T200118Z,1J.TI8A.,"['CH1', 'CH2', 'CHZ']",2019-01-01T20:01:18.040000Z,8.41
1207,20190101T200339Z,1J.TI8A.,"['CH1', 'CH2', 'CHZ']",2019-01-01T20:03:39.540000Z,10.63
1208,20190101T200733Z,1J.TI8A.,"['CH1', 'CH2', 'CHZ']",2019-01-01T20:07:33.320000Z,12.83
1209,20190101T200913Z,1J.TI8A.,"['CH1', 'CH2', 'CHZ']",2019-01-01T20:09:16.650000Z,12.69
1210,20190101T200940Z,1J.TI8A.,"['CH1', 'CH2', 'CHZ']",2019-01-01T20:09:46.790000Z,1.53
1211,20190101T201102Z,1J.TI8A.,"['CH1', 'CH2', 'CHZ']",2019-01-01T20:11:02.260000Z,8.09
1212,20190101T201646Z,1J.TI8A.,"['CH1', 'CH2', 'CHZ']",2019-01-01T20:16:50.420000Z,0.87
1213,20190101T202035Z,1J.TI8A.,"['CH1', 'CH2', 'CHZ']",2019-01-01T20:20:49.720000Z,3.48
1214,20190101T203138Z,1J.TI8A.,"['CH1', 'CH2', 'CHZ']",2019-01-01T20:31:38.800000Z,18.0
1215,20190101T203336Z,1J.TI8A.,"['CH1', 'CH2', 'CHZ']",2019-01-01T20:33:50.240000Z,17.95
1216,20190101T203757Z,1J.TI8A.,"['CH1', 'CH2', 'CHZ']",2019-01-01T20:39:07.090000Z,20.05
1217,20190101T204127Z,1J.TI8A.,"['CH1', 'CH2', 'CHZ']",2019-01-01T20:41:31.040000Z,16.34
1218,20190101T204201Z,1J.TI8A.,"['CH1', 'CH2', 'CHZ']",2019-01-01T20:42:05.810000Z,8.11
1219,20190101T204311Z,1J.TI8A.,"['CH1', 'CH2', 'CHZ']",2019-01-01T20:43:12.770000Z,5.02
1220,20190101T204550Z,1J.TI8A.,"['CH1', 'CH2', 'CHZ']",2019-01-01T20:45:50.890000Z,6.98
1221,20190101T205223Z,1J.TI8A.,"['CH1', 'CH2', 'CHZ']",2019-01-01T20:52:29.350000Z,46.2
1222,20190101T210309Z,1J.TI8A.,"['CH1', 'CH2', 'CHZ']",2019-01-01T21:03:14.170000Z,47.6
1223,20190101T210708Z,1J.TI8A.,"['CH1', 'CH2', 'CHZ']",2019-01-01T21:07:08.780000Z,10.74
1224,20190101T210939Z,1J.TI8A.,"['CH1', 'CH2', 'CHZ']",2019-01-01T21:09:39.910000Z,10.55
1225,20190101T211040Z,1J.TI8A.,"['CH1', 'CH2', 'CHZ']",2019-01-01T21:10:40.360000Z,6.28
1226,20190101T211240Z,1J.TI8A.,"['CH1', 'CH2', 'CHZ']",2019-01-01T21:12:40.670000Z,8.14
1227,20190101T211439Z,1J.TI8A.,"['CH1', 'CH2', 'CHZ']",2019-01-01T21:14:39.020000Z,7.34
1228,20190101T211605Z,1J.TI8A.,"['CH1', 'CH2', 'CHZ']",2019-01-01T21:16:05.050000Z,3.97
1229,20190101T211703Z,1J.TI8A.,"['CH1', 'CH2', 'CHZ']",2019-01-01T21:17:03.620000Z,2.0
1230,20190101T211813Z,1J.TI8A.,"['CH1', 'CH2', 'CHZ']",2019-01-01T21:18:13.350000Z,3.3
1231,20190101T211848Z,1J.TI8A.,"['CH1', 'CH2', 'CHZ']",2019-01-01T21:18:48.590000Z,1.97
1232,20190101T211921Z,1J.TI8A.,"['CH1', 'CH2', 'CHZ']",2019-01-01T21:19:21.030000Z,1.55
1233,20190101T211951Z,1J.TI8A.,"['CH1', 'CH2', 'CHZ']",2019-01-01T21:20:17.720000Z,2.38
1234,20190101T212126Z,1J.TI8A.,"['CH1', 'CH2', 'CHZ']",2019-01-01T21:21:26.800000Z,3.84
1235,20190101T212228Z,1J.TI8A.,"['CH1', 'CH2', 'CHZ']",2019-01-01T21:22:28.500000Z,3.22
1236,20190101T212447Z,1J.TI8A.,"['CH1', 'CH2', 'CHZ']",2019-01-01T21:24:47.210000Z,6.99
1237,20190101T212621Z,1J.TI8A.,"['CH1', 'CH2', 'CHZ']",2019-01-01T21:26:25.130000Z,44.84
1238,20190101T212758Z,1J.TI8A.,"['CH1', 'CH2', 'CHZ']",2019-01-01T21:27:58.360000Z,2.25
1239,20190101T212916Z,1J.TI8A.,"['CH1', 'CH2', 'CHZ']",2019-01-01T21:29:16.700000Z,4.09
1240,20190101T213047Z,1J.TI8A.,"['CH1', 'CH2', 'CHZ']",2019-01-01T21:30:47.030000Z,5.75
1241,20190101T213208Z,1J.TI8A.,"['CH1', 'CH2', 'CHZ']",2019-01-01T21:32:08.850000Z,7.36
1242,20190101T213333Z,1J.TI8A.,"['CH1', 'CH2', 'CHZ']",2019-01-01T21:33:33.810000Z,6.11
1243,20190101T213518Z,1J.TI8A.,"['CH1', 'CH2', 'CHZ']",2019-01-01T21:35:18.860000Z,9.06
1244,20190101T213644Z,1J.TI8A.,"['CH1', 'CH2', 'CHZ']",2019-01-01T21:36:44.540000Z,7.37
1245,20190101T213743Z,1J.TI8A.,"['CH1', 'CH2', 'CHZ']",2019-01-01T21:37:43.730000Z,6.25
1246,20190101T213913Z,1J.TI8A.,"['CH1', 'CH2', 'CHZ']",2019-01-01T21:39:13.540000Z,9.53
1247,20190101T213938Z,1J.TI8A.,"['CH1', 'CH2', 'CHZ']",2019-01-01T21:39:38.930000Z,5.75
1248,20190101T214018Z,1J.TI8A.,"['CH1', 'CH2', 'CHZ']",2019-01-01T21:40:46.690000Z,7.13
1249,20190101T214146Z,1J.TI8A.,"['CH1', 'CH2', 'CHZ']",2019-01-01T21:41:46.260000Z,7.44
1250,20190101T214250Z,1J.TI8A.,"['CH1', 'CH2', 'CHZ']",2019-01-01T21:42:50.210000Z,2.49
1251,20190101T214354Z,1J.TI8A.,"['CH1', 'CH2', 'CHZ']",2019-01-01T21:43:54.580000Z,3.65
1252,20190101T214542Z,1J.TI8A.,"['CH1', 'CH2', 'CHZ']",2019-01-01T21:45:42.790000Z,8.57
1253,20190101T214927Z,1J.TI8A.,"['CH1', 'CH2', 'CHZ']",2019-01-01T21:49:27.590000Z,8.0
1254,20190101T215149Z,1J.TI8A.,"['CH1', 'CH2', 'CHZ']",2019-01-01T21:51:49.390000Z,8.77
1255,20190101T215343Z,1J.TI8A.,"['CH1', 'CH2', 'CHZ']",2019-01-01T21:53:43.350000Z,7.78
1256,20190101T215615Z,1J.TI8A.,"['CH1', 'CH2', 'CHZ']",2019-01-01T21:56:15.080000Z,6.81
1257,20190101T215749Z,1J.TI8A.,"['CH1', 'CH2', 'CHZ']",2019-01-01T21:57:53.200000Z,5.23
1258,20190101T215827Z,1J.TI8A.,"['CH1', 'CH2', 'CHZ']",2019-01-01T21:58:34.200000Z,4.72
1259,20190101T215919Z,1J.TI8A.,"['CH1', 'CH2', 'CHZ']",2019-01-01T21:59:19.630000Z,3.62
1260,20190101T220115Z,1J.TI8A.,"['CH1', 'CH2', 'CHZ']",2019-01-01T22:01:15.730000Z,6.28
1261,20190101T220148Z,1J.TI8A.,"['CH1', 'CH2', 'CHZ']",2019-01-01T22:01:49.480000Z,53.46
1262,20190101T220349Z,1J.TI8A.,"['CH1', 'CH2', 'CHZ']",2019-01-01T22:03:49.640000Z,1.78
1263,20190101T220513Z,1J.TI8A.,"['CH1', 'CH2', 'CHZ']",2019-01-01T22:05:13.280000Z,3.77
1264,20190101T220612Z,1J.TI8A.,"['CH1', 'CH2', 'CHZ']",2019-01-01T22:06:12.990000Z,3.35
1265,20190101T220655Z,1J.TI8A.,"['CH1', 'CH2', 'CHZ']",2019-01-01T22:06:56.040000Z,2.57
1266,20190101T220731Z,1J.TI8A.,"['CH1', 'CH2', 'CHZ']",2019-01-01T22:07:31.700000Z,3.78
1267,20190101T220748Z,1J.TI8A.,"['CH1', 'CH2', 'CHZ']",2019-01-01T22:07:48.940000Z,3.33
1268,20190101T220842Z,1J.TI8A.,"['CH1', 'CH2', 'CHZ']",2019-01-01T22:08:42.670000Z,3.64
1269,20190101T220901Z,1J.TI8A.,"['CH1', 'CH2', 'CHZ']",2019-01-01T22:09:01.470000Z,6.06
1270,20190101T220921Z,1J.TI8A.,"['CH1', 'CH2', 'CHZ']",2019-01-01T22:09:21.230000Z,0.67
1271,20190101T220930Z,1J.TI8A.,"['CH1', 'CH2', 'CHZ']",2019-01-01T22:09:30.400000Z,4.91
1272,20190101T221011Z,1J.TI8A.,"['CH1', 'CH2', 'CHZ']",2019-01-01T22:10:11.400000Z,2.65
1273,20190101T221107Z,1J.TI8A.,"['CH1', 'CH2', 'CHZ']",2019-01-01T22:11:07.730000Z,3.39
1274,20190101T221207Z,1J.TI8A.,"['CH1', 'CH2', 'CHZ']",2019-01-01T22:12:07.090000Z,4.4
1275,20190101T221249Z,1J.TI8A.,"['CH1', 'CH2', 'CHZ']",2019-01-01T22:12:55.490000Z,18.04
1276,20190101T221359Z,1J.TI8A.,"['CH1', 'CH2', 'CHZ']",2019-01-01T22:13:59.760000Z,3.01
1277,20190101T221517Z,1J.TI8A.,"['CH1', 'CH2', 'CHZ']",2019-01-01T22:15:17.850000Z,4.93
1278,20190101T221547Z,1J.TI8A.,"['CH1', 'CH2', 'CHZ']",2019-01-01T22:15:47.950000Z,7.15
1279,20190101T221630Z,1J.TI8A.,"['CH1', 'CH2', 'CHZ']",2019-01-01T22:16:30.280000Z,3.98
1280,20190101T221807Z,1J.TI8A.,"['CH1', 'CH2', 'CHZ']",2019-01-01T22:18:07.380000Z,7.58
1281,20190101T221841Z,1J.TI8A.,"['CH1', 'CH2', 'CHZ']",2019-01-01T22:19:16.550000Z,6.32
1282,20190101T222029Z,1J.TI8A.,"['CH1', 'CH2', 'CHZ']",2019-01-01T22:20:29.200000Z,5.78
1283,20190101T222146Z,1J.TI8A.,"['CH1', 'CH2', 'CHZ']",2019-01-01T22:21:46.440000Z,6.87
1284,20190101T222304Z,1J.TI8A.,"['CH1', 'CH2', 'CHZ']",2019-01-01T22:23:04.020000Z,7.3
1285,20190101T222353Z,1J.TI8A.,"['CH1', 'CH2', 'CHZ']",2019-01-01T22:23:56.940000Z,3.81
1286,20190101T222416Z,1J.TI8A.,"['CH1', 'CH2', 'CHZ']",2019-01-01T22:24:16.070000Z,10.91
1287,20190101T222522Z,1J.TI8A.,"['CH1', 'CH2', 'CHZ']",2019-01-01T22:25:22.450000Z,4.12
1288,20190101T222624Z,1J.TI8A.,"['CH1', 'CH2', 'CHZ']",2019-01-01T22:26:24.670000Z,4.29
1289,20190101T222728Z,1J.TI8A.,"['CH1', 'CH2', 'CHZ']",2019-01-01T22:27:28.800000Z,4.43
1290,20190101T222751Z,1J.TI8A.,"['CH1', 'CH2', 'CHZ']",2019-01-01T22:27:51.830000Z,6.63
1291,20190101T222916Z,1J.TI8A.,"['CH1', 'CH2', 'CHZ']",2019-01-01T22:29:16.750000Z,5.6
1292,20190101T223027Z,1J.TI8A.,"['CH1', 'CH2', 'CHZ']",2019-01-01T22:30:27.640000Z,4.67
1293,20190101T223203Z,1J.TI8A.,"['CH1', 'CH2', 'CHZ']",2019-01-01T22:32:03.290000Z,6.77
1294,20190101T223322Z,1J.TI8A.,"['CH1', 'CH2', 'CHZ']",2019-01-01T22:33:29.390000Z,6.21
1295,20190101T223449Z,1J.TI8A.,"['CH1', 'CH2', 'CHZ']",2019-01-01T22:34:49.150000Z,5.36
1296,20190101T223627Z,1J.TI8A.,"['CH1', 'CH2', 'CHZ']",2019-01-01T22:36:27.390000Z,7.22
1297,20190101T223738Z,1J.TI8A.,"['CH1', 'CH2', 'CHZ']",2019-01-01T22:37:38.470000Z,3.97
1298,20190101T223923Z,1J.TI8A.,"['CH1', 'CH2', 'CHZ']",2019-01-01T22:39:23.980000Z,7.79
1299,20190101T224140Z,1J.TI8A.,"['CH1', 'CH2', 'CHZ']",2019-01-01T22:41:40.820000Z,7.75
1300,20190101T224324Z,1J.TI8A.,"['CH1', 'CH2', 'CHZ']",2019-01-01T22:43:24.050000Z,6.65
1301,20190101T224442Z,1J.TI8A.,"['CH1', 'CH2', 'CHZ']",2019-01-01T22:44:42.570000Z,9.79
1302,20190101T224631Z,1J.TI8A.,"['CH1', 'CH2', 'CHZ']",2019-01-01T22:46:43.690000Z,7.97
1303,20190101T224839Z,1J.TI8A.,"['CH1', 'CH2', 'CHZ']",2019-01-01T22:48:39.820000Z,6.88
1304,20190101T225025Z,1J.TI8A.,"['CH1', 'CH2', 'CHZ']",2019-01-01T22:50:25.970000Z,5.4
1305,20190101T225222Z,1J.TI8A.,"['CH1', 'CH2', 'CHZ']",2019-01-01T22:52:22.140000Z,8.22
1306,20190101T225411Z,1J.TI8A.,"['CH1', 'CH2', 'CHZ']",2019-01-01T22:54:11.270000Z,7.43
1307,20190101T225538Z,1J.TI8A.,"['CH1', 'CH2', 'CHZ']",2019-01-01T22:55:40.090000Z,1.71
1308,20190101T225553Z,1J.TI8A.,"['CH1', 'CH2', 'CHZ']",2019-01-01T22:56:20.070000Z,61.42
1309,20190101T225743Z,1J.TI8A.,"['CH1', 'CH2', 'CHZ']",2019-01-01T22:57:43.290000Z,1.11
1310,20190101T225855Z,1J.TI8A.,"['CH1', 'CH2', 'CHZ']",2019-01-01T22:58:55.600000Z,3.09
1311,20190101T230016Z,1J.TI8A.,"['CH1', 'CH2', 'CHZ']",2019-01-01T23:00:16.330000Z,5.15
1312,20190101T230117Z,1J.TI8A.,"['CH1', 'CH2', 'CHZ']",2019-01-01T23:01:17.270000Z,3.68
1313,20190101T230222Z,1J.TI8A.,"['CH1', 'CH2', 'CHZ']",2019-01-01T23:02:22.610000Z,5.33
1314,20190101T230344Z,1J.TI8A.,"['CH1', 'CH2', 'CHZ']",2019-01-01T23:03:44.570000Z,5.82
1315,20190101T230432Z,1J.TI8A.,"['CH1', 'CH2', 'CHZ']",2019-01-01T23:04:52.390000Z,4.83
1316,20190101T230550Z,1J.TI8A.,"['CH1', 'CH2', 'CHZ']",2019-01-01T23:05:50.090000Z,4.55
1317,20190101T230700Z,1J.TI8A.,"['CH1', 'CH2', 'CHZ']",2019-01-01T23:07:01.730000Z,6.62
1318,20190101T230744Z,1J.TI8A.,"['CH1', 'CH2', 'CHZ']",2019-01-01T23:07:44.800000Z,3.9
1319,20190101T230903Z,1J.TI8A.,"['CH1', 'CH2', 'CHZ']",2019-01-01T23:09:03.810000Z,6.41
1320,20190101T231050Z,1J.TI8A.,"['CH1', 'CH2', 'CHZ']",2019-01-01T23:10:50.960000Z,8.8
1321,20190101T231122Z,1J.TI8A.,"['CH1', 'CH2', 'CHZ']",2019-01-01T23:11:22.550000Z,25.23
1322,20190101T231321Z,1J.TI8A.,"['CH1', 'CH2', 'CHZ']",2019-01-01T23:13:21.250000Z,3.11
1323,20190101T231329Z,1J.TI8A.,"['CH1', 'CH2', 'CHZ']",2019-01-01T23:13:31.430000Z,1.29
1324,20190101T231423Z,1J.TI8A.,"['CH1', 'CH2', 'CHZ']",2019-01-01T23:14:23.440000Z,3.06
1325,20190101T231514Z,1J.TI8A.,"['CH1', 'CH2', 'CHZ']",2019-01-01T23:15:14.060000Z,2.87
1326,20190101T231625Z,1J.TI8A.,"['CH1', 'CH2', 'CHZ']",2019-01-01T23:16:25.400000Z,12.8
1327,20190101T231757Z,1J.TI8A.,"['CH1', 'CH2', 'CHZ']",2019-01-01T23:17:57.920000Z,4.96
1328,20190101T231836Z,1J.TI8A.,"['CH1', 'CH2', 'CHZ']",2019-01-01T23:18:47.020000Z,3.57
1329,20190101T231934Z,1J.TI8A.,"['CH1', 'CH2', 'CHZ']",2019-01-01T23:19:34.290000Z,3.56
1330,20190101T232104Z,1J.TI8A.,"['CH1', 'CH2', 'CHZ']",2019-01-01T23:21:04.900000Z,6.39
1331,20190101T232225Z,1J.TI8A.,"['CH1', 'CH2', 'CHZ']",2019-01-01T23:22:25.070000Z,6.28
1332,20190101T232457Z,1J.TI8A.,"['CH1', 'CH2', 'CHZ']",2019-01-01T23:24:57.840000Z,8.36
1333,20190101T232615Z,1J.TI8A.,"['CH1', 'CH2', 'CHZ']",2019-01-01T23:26:15.670000Z,5.97
1334,20190101T232636Z,1J.TI8A.,"['CH1', 'CH2', 'CHZ']",2019-01-01T23:26:36.100000Z,33.57
1335,20190101T232809Z,1J.TI8A.,"['CH1', 'CH2', 'CHZ']",2019-01-01T23:28:09.390000Z,2.21
1336,20190101T232922Z,1J.TI8A.,"['CH1', 'CH2', 'CHZ']",2019-01-01T23:29:23.580000Z,3.86
1337,20190101T233306Z,1J.TI8A.,"['CH1', 'CH2', 'CHZ']",2019-01-01T23:33:06.330000Z,15.44
1338,20190101T233447Z,1J.TI8A.,"['CH1', 'CH2', 'CHZ']",2019-01-01T23:34:47.060000Z,5.2
1339,20190101T233844Z,1J.TI8A.,"['CH1', 'CH2', 'CHZ']",2019-01-01T23:38:44.720000Z,15.7
1340,20190101T234124Z,1J.TI8A.,"['CH1', 'CH2', 'CHZ']",2019-01-01T23:41:28.620000Z,7.43
1341,20190101T234249Z,1J.TI8A.,"['CH1', 'CH2', 'CHZ']",2019-01-01T23:42:49.430000Z,9.98
1342,20190101T235615Z,1J.TI8A.,"['CH1', 'CH2', 'CHZ']",2019-01-01T23:56:15.900000Z,8.36
1343,20190101T235738Z,1J.TI8A.,"['CH1', 'CH2', 'CHZ']",2019-01-01T23:57:38.640000Z,6.55
1344,20190101T235850Z,1J.TI8A.,"['CH1', 'CH2', 'CHZ']",2019-01-01T23:58:50.080000Z,45.92
1345,20190101T000145Z,1J.TI6A.,"['CH1', 'CH2', 'CHZ']",2019-01-01T00:01:45.940000Z,7.39
1346,20190101T000701Z,1J.TI6A.,"['CH1', 'CH2', 'CHZ']",2019-01-01T00:07:01.880000Z,0.94
1347,20190101T000814Z,1J.TI6A.,"['CH1', 'CH2', 'CHZ']",2019-01-01T00:08:14.160000Z,1.51
1348,20190101T000857Z,1J.TI6A.,"['CH1', 'CH2', 'CHZ']",2019-01-01T00:08:57.430000Z,0.73
1349,20190101T000947Z,1J.TI6A.,"['CH1', 'CH2', 'CHZ']",2019-01-01T00:09:47.470000Z,0.89
1350,20190101T001026Z,1J.TI6A.,"['CH1', 'CH2', 'CHZ']",2019-01-01T00:10:26.000000Z,0.67
1351,20190101T001101Z,1J.TI6A.,"['CH1', 'CH2', 'CHZ']",2019-01-01T00:11:18.260000Z,1.04
1352,20190101T001125Z,1J.TI6A.,"['CH1', 'CH2', 'CHZ']",2019-01-01T00:11:26.860000Z,49.15
1353,20190101T001256Z,1J.TI6A.,"['CH1', 'CH2', 'CHZ']",2019-01-01T00:12:56.150000Z,1.83
1354,20190101T001344Z,1J.TI6A.,"['CH1', 'CH2', 'CHZ']",2019-01-01T00:13:48.770000Z,3.04
1355,20190101T001902Z,1J.TI6A.,"['CH1', 'CH2', 'CHZ']",2019-01-01T00:19:20.110000Z,4.24
1356,20190101T002049Z,1J.TI6A.,"['CH1', 'CH2', 'CHZ']",2019-01-01T00:20:56.190000Z,20.11
1357,20190101T002317Z,1J.TI6A.,"['CH1', 'CH2', 'CHZ']",2019-01-01T00:23:17.310000Z,0.92
1358,20190101T002328Z,1J.TI6A.,"['CH1', 'CH2', 'CHZ']",2019-01-01T00:23:28.820000Z,0.64
1359,20190101T002555Z,1J.TI6A.,"['CH1', 'CH2', 'CHZ']",2019-01-01T00:25:55.670000Z,2.17
1360,20190101T002725Z,1J.TI6A.,"['CH1', 'CH2', 'CHZ']",2019-01-01T00:27:25.140000Z,0.69
1361,20190101T002840Z,1J.TI6A.,"['CH1', 'CH2', 'CHZ']",2019-01-01T00:28:49.140000Z,1.81
1362,20190101T002928Z,1J.TI6A.,"['CH1', 'CH2', 'CHZ']",2019-01-01T00:29:28.430000Z,1.02
1363,20190101T003103Z,1J.TI6A.,"['CH1', 'CH2', 'CHZ']",2019-01-01T00:31:04.290000Z,16.34
1364,20190101T003351Z,1J.TI6A.,"['CH1', 'CH2', 'CHZ']",2019-01-01T00:33:51.610000Z,0.71
1365,20190101T003634Z,1J.TI6A.,"['CH1', 'CH2', 'CHZ']",2019-01-01T00:36:59.720000Z,20.18
1366,20190101T004105Z,1J.TI6A.,"['CH1', 'CH2', 'CHZ']",2019-01-01T00:41:05.340000Z,9.8
1367,20190101T004132Z,1J.TI6A.,"['CH1', 'CH2', 'CHZ']",2019-01-01T00:41:33.360000Z,20.77
1368,20190101T004423Z,1J.TI6A.,"['CH1', 'CH2', 'CHZ']",2019-01-01T00:44:23.750000Z,4.16
1369,20190101T004522Z,1J.TI6A.,"['CH1', 'CH2', 'CHZ']",2019-01-01T00:45:22.660000Z,27.94
1370,20190101T004906Z,1J.TI6A.,"['CH1', 'CH2', 'CHZ']",2019-01-01T00:49:06.230000Z,1.0
1371,20190101T004935Z,1J.TI6A.,"['CH1', 'CH2', 'CHZ']",2019-01-01T00:49:35.670000Z,3.91
1372,20190101T005003Z,1J.TI6A.,"['CH1', 'CH2', 'CHZ']",2019-01-01T00:50:03.770000Z,1.0
1373,20190101T005026Z,1J.TI6A.,"['CH1', 'CH2', 'CHZ']",2019-01-01T00:50:26.340000Z,0.86
1374,20190101T005135Z,1J.TI6A.,"['CH1', 'CH2', 'CHZ']",2019-01-01T00:51:35.560000Z,5.51
1375,20190101T005259Z,1J.TI6A.,"['CH1', 'CH2', 'CHZ']",2019-01-01T00:53:00.730000Z,15.94
1376,20190101T005603Z,1J.TI6A.,"['CH1', 'CH2', 'CHZ']",2019-01-01T00:56:13.160000Z,1.44
1377,20190101T005706Z,1J.TI6A.,"['CH1', 'CH2', 'CHZ']",2019-01-01T00:57:06.720000Z,12.6
1378,20190101T005810Z,1J.TI6A.,"['CH1', 'CH2', 'CHZ']",2019-01-01T00:58:10.720000Z,8.02
1379,20190101T005904Z,1J.TI6A.,"['CH1', 'CH2', 'CHZ']",2019-01-01T00:59:04.040000Z,0.92
1380,20190101T010048Z,1J.TI6A.,"['CH1', 'CH2', 'CHZ']",2019-01-01T01:00:48.860000Z,1.31
1381,20190101T010229Z,1J.TI6A.,"['CH1', 'CH2', 'CHZ']",2019-01-01T01:02:29.970000Z,20.33
1382,20190101T010342Z,1J.TI6A.,"['CH1', 'CH2', 'CHZ']",2019-01-01T01:03:59.350000Z,1.21
1383,20190101T010555Z,1J.TI6A.,"['CH1', 'CH2', 'CHZ']",2019-01-01T01:05:55.470000Z,4.43
1384,20190101T010650Z,1J.TI6A.,"['CH1', 'CH2', 'CHZ']",2019-01-01T01:06:50.530000Z,18.22
1385,20190101T010915Z,1J.TI6A.,"['CH1', 'CH2', 'CHZ']",2019-01-01T01:09:16.050000Z,15.97
1386,20190101T011244Z,1J.TI6A.,"['CH1', 'CH2', 'CHZ']",2019-01-01T01:12:44.630000Z,0.97
1387,20190101T011423Z,1J.TI6A.,"['CH1', 'CH2', 'CHZ']",2019-01-01T01:14:23.110000Z,3.03
1388,20190101T011701Z,1J.TI6A.,"['CH1', 'CH2', 'CHZ']",2019-01-01T01:17:01.330000Z,1.61
1389,20190101T011844Z,1J.TI6A.,"['CH1', 'CH2', 'CHZ']",2019-01-01T01:19:19.500000Z,17.12
1390,20190101T012028Z,1J.TI6A.,"['CH1', 'CH2', 'CHZ']",2019-01-01T01:20:28.210000Z,1.24
1391,20190101T012331Z,1J.TI6A.,"['CH1', 'CH2', 'CHZ']",2019-01-01T01:23:43.340000Z,1.33
1392,20190101T012655Z,1J.TI6A.,"['CH1', 'CH2', 'CHZ']",2019-01-01T01:26:55.530000Z,1.36
1393,20190101T012921Z,1J.TI6A.,"['CH1', 'CH2', 'CHZ']",2019-01-01T01:29:22.660000Z,1.53
1394,20190101T013219Z,1J.TI6A.,"['CH1', 'CH2', 'CHZ']",2019-01-01T01:32:37.430000Z,1.24
1395,20190101T013418Z,1J.TI6A.,"['CH1', 'CH2', 'CHZ']",2019-01-01T01:34:27.930000Z,26.06
1396,20190101T013538Z,1J.TI6A.,"['CH1', 'CH2', 'CHZ']",2019-01-01T01:35:41.920000Z,9.52
1397,20190101T013635Z,1J.TI6A.,"['CH1', 'CH2', 'CHZ']",2019-01-01T01:36:37.270000Z,6.94
1398,20190101T013834Z,1J.TI6A.,"['CH1', 'CH2', 'CHZ']",2019-01-01T01:38:34.860000Z,2.51
1399,20190101T014128Z,1J.TI6A.,"['CH1', 'CH2', 'CHZ']",2019-01-01T01:41:29.220000Z,26.6
1400,20190101T014220Z,1J.TI6A.,"['CH1', 'CH2', 'CHZ']",2019-01-01T01:42:22.140000Z,5.19
1401,20190101T014321Z,1J.TI6A.,"['CH1', 'CH2', 'CHZ']",2019-01-01T01:43:21.220000Z,5.67
1402,20190101T014406Z,1J.TI6A.,"['CH1', 'CH2', 'CHZ']",2019-01-01T01:44:06.520000Z,1.31
1403,20190101T014544Z,1J.TI6A.,"['CH1', 'CH2', 'CHZ']",2019-01-01T01:46:07.900000Z,0.93
1404,20190101T014807Z,1J.TI6A.,"['CH1', 'CH2', 'CHZ']",2019-01-01T01:48:09.460000Z,49.65
1405,20190101T015407Z,1J.TI6A.,"['CH1', 'CH2', 'CHZ']",2019-01-01T01:54:07.770000Z,1.52
1406,20190101T015510Z,1J.TI6A.,"['CH1', 'CH2', 'CHZ']",2019-01-01T01:55:10.760000Z,16.28
1407,20190101T015601Z,1J.TI6A.,"['CH1', 'CH2', 'CHZ']",2019-01-01T01:56:02.400000Z,12.06
1408,20190101T020045Z,1J.TI6A.,"['CH1', 'CH2', 'CHZ']",2019-01-01T02:00:49.630000Z,4.52
1409,20190101T020120Z,1J.TI6A.,"['CH1', 'CH2', 'CHZ']",2019-01-01T02:01:20.660000Z,23.28
1410,20190101T020318Z,1J.TI6A.,"['CH1', 'CH2', 'CHZ']",2019-01-01T02:03:18.230000Z,22.44
1411,20190101T020429Z,1J.TI6A.,"['CH1', 'CH2', 'CHZ']",2019-01-01T02:04:29.970000Z,1.34
1412,20190101T020632Z,1J.TI6A.,"['CH1', 'CH2', 'CHZ']",2019-01-01T02:06:34.730000Z,50.82
1413,20190101T020814Z,1J.TI6A.,"['CH1', 'CH2', 'CHZ']",2019-01-01T02:08:14.520000Z,7.89
1414,20190101T020935Z,1J.TI6A.,"['CH1', 'CH2', 'CHZ']",2019-01-01T02:09:35.470000Z,6.5
1415,20190101T021238Z,1J.TI6A.,"['CH1', 'CH2', 'CHZ']",2019-01-01T02:12:42.750000Z,6.82
1416,20190101T021318Z,1J.TI6A.,"['CH1', 'CH2', 'CHZ']",2019-01-01T02:13:18.120000Z,0.97
1417,20190101T021549Z,1J.TI6A.,"['CH1', 'CH2', 'CHZ']",2019-01-01T02:15:49.360000Z,1.01
1418,20190101T021724Z,1J.TI6A.,"['CH1', 'CH2', 'CHZ']",2019-01-01T02:17:25.870000Z,23.22
1419,20190101T021925Z,1J.TI6A.,"['CH1', 'CH2', 'CHZ']",2019-01-01T02:19:25.530000Z,1.34
1420,20190101T021955Z,1J.TI6A.,"['CH1', 'CH2', 'CHZ']",2019-01-01T02:19:55.020000Z,5.4
1421,20190101T022104Z,1J.TI6A.,"['CH1', 'CH2', 'CHZ']",2019-01-01T02:21:04.890000Z,0.68
1422,20190101T022223Z,1J.TI6A.,"['CH1', 'CH2', 'CHZ']",2019-01-01T02:22:26.370000Z,13.05
1423,20190101T022312Z,1J.TI6A.,"['CH1', 'CH2', 'CHZ']",2019-01-01T02:23:12.610000Z,3.72
1424,20190101T022325Z,1J.TI6A.,"['CH1', 'CH2', 'CHZ']",2019-01-01T02:23:29.500000Z,7.67
1425,20190101T022359Z,1J.TI6A.,"['CH1', 'CH2', 'CHZ']",2019-01-01T02:23:59.580000Z,14.76
1426,20190101T022420Z,1J.TI6A.,"['CH1', 'CH2', 'CHZ']",2019-01-01T02:24:27.720000Z,1.3
1427,20190101T022603Z,1J.TI6A.,"['CH1', 'CH2', 'CHZ']",2019-01-01T02:26:03.340000Z,0.79
1428,20190101T022619Z,1J.TI6A.,"['CH1', 'CH2', 'CHZ']",2019-01-01T02:26:23.480000Z,2.84
1429,20190101T022802Z,1J.TI6A.,"['CH1', 'CH2', 'CHZ']",2019-01-01T02:28:05.310000Z,13.33
1430,20190101T023215Z,1J.TI6A.,"['CH1', 'CH2', 'CHZ']",2019-01-01T02:32:15.410000Z,3.15
1431,20190101T023429Z,1J.TI6A.,"['CH1', 'CH2', 'CHZ']",2019-01-01T02:34:29.950000Z,14.65
1432,20190101T023634Z,1J.TI6A.,"['CH1', 'CH2', 'CHZ']",2019-01-01T02:36:34.810000Z,1.21
1433,20190101T023831Z,1J.TI6A.,"['CH1', 'CH2', 'CHZ']",2019-01-01T02:38:31.450000Z,19.34
1434,20190101T024012Z,1J.TI6A.,"['CH1', 'CH2', 'CHZ']",2019-01-01T02:40:12.900000Z,1.25
1435,20190101T024110Z,1J.TI6A.,"['CH1', 'CH2', 'CHZ']",2019-01-01T02:41:10.390000Z,0.8
1436,20190101T024252Z,1J.TI6A.,"['CH1', 'CH2', 'CHZ']",2019-01-01T02:42:57.320000Z,0.85
1437,20190101T024306Z,1J.TI6A.,"['CH1', 'CH2', 'CHZ']",2019-01-01T02:43:16.340000Z,1.24
1438,20190101T024411Z,1J.TI6A.,"['CH1', 'CH2', 'CHZ']",2019-01-01T02:44:11.880000Z,1.02
1439,20190101T024518Z,1J.TI6A.,"['CH1', 'CH2', 'CHZ']",2019-01-01T02:45:18.460000Z,0.76
1440,20190101T024619Z,1J.TI6A.,"['CH1', 'CH2', 'CHZ']",2019-01-01T02:46:19.490000Z,1.13
1441,20190101T024638Z,1J.TI6A.,"['CH1', 'CH2', 'CHZ']",2019-01-01T02:46:38.610000Z,15.61
1442,20190101T024952Z,1J.TI6A.,"['CH1', 'CH2', 'CHZ']",2019-01-01T02:49:53.500000Z,15.84
1443,20190101T025145Z,1J.TI6A.,"['CH1', 'CH2', 'CHZ']",2019-01-01T02:51:45.490000Z,0.7
1444,20190101T025237Z,1J.TI6A.,"['CH1', 'CH2', 'CHZ']",2019-01-01T02:52:37.290000Z,1.24
1445,20190101T025252Z,1J.TI6A.,"['CH1', 'CH2', 'CHZ']",2019-01-01T02:52:52.210000Z,0.71
1446,20190101T025410Z,1J.TI6A.,"['CH1', 'CH2', 'CHZ']",2019-01-01T02:54:19.360000Z,1.09
1447,20190101T025522Z,1J.TI6A.,"['CH1', 'CH2', 'CHZ']",2019-01-01T02:55:22.470000Z,3.19
1448,20190101T025600Z,1J.TI6A.,"['CH1', 'CH2', 'CHZ']",2019-01-01T02:56:02.350000Z,13.75
1449,20190101T025707Z,1J.TI6A.,"['CH1', 'CH2', 'CHZ']",2019-01-01T02:57:07.160000Z,1.11
1450,20190101T025755Z,1J.TI6A.,"['CH1', 'CH2', 'CHZ']",2019-01-01T02:57:55.250000Z,17.14
1451,20190101T030018Z,1J.TI6A.,"['CH1', 'CH2', 'CHZ']",2019-01-01T03:00:18.440000Z,22.09
1452,20190101T030132Z,1J.TI6A.,"['CH1', 'CH2', 'CHZ']",2019-01-01T03:01:32.700000Z,0.76
1453,20190101T030144Z,1J.TI6A.,"['CH1', 'CH2', 'CHZ']",2019-01-01T03:01:44.720000Z,0.67
1454,20190101T030255Z,1J.TI6A.,"['CH1', 'CH2', 'CHZ']",2019-01-01T03:02:56.850000Z,8.64
1455,20190101T030334Z,1J.TI6A.,"['CH1', 'CH2', 'CHZ']",2019-01-01T03:03:34.260000Z,0.72
1456,20190101T030352Z,1J.TI6A.,"['CH1', 'CH2', 'CHZ']",2019-01-01T03:03:52.500000Z,2.09
1457,20190101T030425Z,1J.TI6A.,"['CH1', 'CH2', 'CHZ']",2019-01-01T03:04:25.520000Z,0.76
1458,20190101T030528Z,1J.TI6A.,"['CH1', 'CH2', 'CHZ']",2019-01-01T03:05:28.600000Z,1.08
1459,20190101T030620Z,1J.TI6A.,"['CH1', 'CH2', 'CHZ']",2019-01-01T03:06:20.950000Z,1.0
1460,20190101T030820Z,1J.TI6A.,"['CH1', 'CH2', 'CHZ']",2019-01-01T03:08:20.620000Z,1.15
1461,20190101T030905Z,1J.TI6A.,"['CH1', 'CH2', 'CHZ']",2019-01-01T03:09:05.150000Z,1.38
1462,20190101T030912Z,1J.TI6A.,"['CH1', 'CH2', 'CHZ']",2019-01-01T03:09:13.690000Z,51.53
1463,20190101T031120Z,1J.TI6A.,"['CH1', 'CH2', 'CHZ']",2019-01-01T03:11:24.830000Z,2.17
1464,20190101T031258Z,1J.TI6A.,"['CH1', 'CH2', 'CHZ']",2019-01-01T03:13:02.380000Z,5.51
1465,20190101T031333Z,1J.TI6A.,"['CH1', 'CH2', 'CHZ']",2019-01-01T03:13:33.560000Z,0.88
1466,20190101T031441Z,1J.TI6A.,"['CH1', 'CH2', 'CHZ']",2019-01-01T03:14:41.710000Z,1.19
1467,20190101T031458Z,1J.TI6A.,"['CH1', 'CH2', 'CHZ']",2019-01-01T03:14:58.130000Z,1.07
1468,20190101T031509Z,1J.TI6A.,"['CH1', 'CH2', 'CHZ']",2019-01-01T03:15:09.960000Z,14.44
1469,20190101T031733Z,1J.TI6A.,"['CH1', 'CH2', 'CHZ']",2019-01-01T03:17:33.960000Z,0.89
1470,20190101T031845Z,1J.TI6A.,"['CH1', 'CH2', 'CHZ']",2019-01-01T03:18:45.350000Z,1.14
1471,20190101T032016Z,1J.TI6A.,"['CH1', 'CH2', 'CHZ']",2019-01-01T03:20:16.230000Z,0.96
1472,20190101T032044Z,1J.TI6A.,"['CH1', 'CH2', 'CHZ']",2019-01-01T03:20:44.770000Z,3.38
1473,20190101T032115Z,1J.TI6A.,"['CH1', 'CH2', 'CHZ']",2019-01-01T03:21:15.450000Z,8.49
1474,20190101T032234Z,1J.TI6A.,"['CH1', 'CH2', 'CHZ']",2019-01-01T03:22:34.630000Z,2.26
1475,20190101T032429Z,1J.TI6A.,"['CH1', 'CH2', 'CHZ']",2019-01-01T03:24:29.290000Z,7.67
1476,20190101T032610Z,1J.TI6A.,"['CH1', 'CH2', 'CHZ']",2019-01-01T03:26:10.470000Z,1.38
1477,20190101T032647Z,1J.TI6A.,"['CH1', 'CH2', 'CHZ']",2019-01-01T03:26:59.730000Z,16.52
1478,20190101T032820Z,1J.TI6A.,"['CH1', 'CH2', 'CHZ']",2019-01-01T03:28:25.310000Z,13.38
1479,20190101T033004Z,1J.TI6A.,"['CH1', 'CH2', 'CHZ']",2019-01-01T03:30:04.210000Z,70.14
1480,20190101T033424Z,1J.TI6A.,"['CH1', 'CH2', 'CHZ']",2019-01-01T03:34:29.720000Z,0.7
1481,20190101T033553Z,1J.TI6A.,"['CH1', 'CH2', 'CHZ']",2019-01-01T03:35:53.000000Z,1.05
1482,20190101T033657Z,1J.TI6A.,"['CH1', 'CH2', 'CHZ']",2019-01-01T03:36:57.430000Z,0.57
1483,20190101T033749Z,1J.TI6A.,"['CH1', 'CH2', 'CHZ']",2019-01-01T03:37:49.150000Z,3.49
1484,20190101T033815Z,1J.TI6A.,"['CH1', 'CH2', 'CHZ']",2019-01-01T03:38:15.510000Z,1.99
1485,20190101T033952Z,1J.TI6A.,"['CH1', 'CH2', 'CHZ']",2019-01-01T03:39:52.170000Z,36.59
1486,20190101T034433Z,1J.TI6A.,"['CH1', 'CH2', 'CHZ']",2019-01-01T03:44:33.830000Z,1.67
1487,20190101T034627Z,1J.TI6A.,"['CH1', 'CH2', 'CHZ']",2019-01-01T03:46:27.400000Z,14.39
1488,20190101T034720Z,1J.TI6A.,"['CH1', 'CH2', 'CHZ']",2019-01-01T03:47:20.720000Z,0.97
1489,20190101T034803Z,1J.TI6A.,"['CH1', 'CH2', 'CHZ']",2019-01-01T03:48:04.380000Z,17.24
1490,20190101T034847Z,1J.TI6A.,"['CH1', 'CH2', 'CHZ']",2019-01-01T03:48:47.470000Z,1.14
1491,20190101T034941Z,1J.TI6A.,"['CH1', 'CH2', 'CHZ']",2019-01-01T03:49:45.990000Z,1.37
1492,20190101T035131Z,1J.TI6A.,"['CH1', 'CH2', 'CHZ']",2019-01-01T03:51:33.210000Z,8.27
1493,20190101T035339Z,1J.TI6A.,"['CH1', 'CH2', 'CHZ']",2019-01-01T03:53:39.800000Z,0.82
1494,20190101T035541Z,1J.TI6A.,"['CH1', 'CH2', 'CHZ']",2019-01-01T03:55:41.760000Z,23.5
1495,20190101T035634Z,1J.TI6A.,"['CH1', 'CH2', 'CHZ']",2019-01-01T03:56:39.320000Z,1.41
1496,20190101T035752Z,1J.TI6A.,"['CH1', 'CH2', 'CHZ']",2019-01-01T03:57:52.680000Z,6.95
1497,20190101T035840Z,1J.TI6A.,"['CH1', 'CH2', 'CHZ']",2019-01-01T03:58:40.560000Z,13.55
1498,20190101T040048Z,1J.TI6A.,"['CH1', 'CH2', 'CHZ']",2019-01-01T04:00:48.310000Z,2.41
1499,20190101T040324Z,1J.TI6A.,"['CH1', 'CH2', 'CHZ']",2019-01-01T04:03:24.330000Z,4.26
1500,20190101T040402Z,1J.TI6A.,"['CH1', 'CH2', 'CHZ']",2019-01-01T04:04:05.990000Z,7.03
1501,20190101T040755Z,1J.TI6A.,"['CH1', 'CH2', 'CHZ']",2019-01-01T04:07:55.610000Z,15.61
1502,20190101T040941Z,1J.TI6A.,"['CH1', 'CH2', 'CHZ']",2019-01-01T04:09:41.550000Z,12.67
1503,20190101T041127Z,1J.TI6A.,"['CH1', 'CH2', 'CHZ']",2019-01-01T04:11:27.240000Z,1.58
1504,20190101T041427Z,1J.TI6A.,"['CH1', 'CH2', 'CHZ']",2019-01-01T04:14:27.390000Z,1.67
1505,20190101T041544Z,1J.TI6A.,"['CH1', 'CH2', 'CHZ']",2019-01-01T04:15:44.950000Z,3.54
1506,20190101T041813Z,1J.TI6A.,"['CH1', 'CH2', 'CHZ']",2019-01-01T04:18:13.400000Z,1.45
1507,20190101T041817Z,1J.TI6A.,"['CH1', 'CH2', 'CHZ']",2019-01-01T04:18:20.770000Z,18.33
1508,20190101T041936Z,1J.TI6A.,"['CH1', 'CH2', 'CHZ']",2019-01-01T04:19:37.590000Z,16.42
1509,20190101T042053Z,1J.TI6A.,"['CH1', 'CH2', 'CHZ']",2019-01-01T04:20:53.900000Z,56.09
1510,20190101T042328Z,1J.TI6A.,"['CH1', 'CH2', 'CHZ']",2019-01-01T04:23:28.780000Z,8.63
1511,20190101T042442Z,1J.TI6A.,"['CH1', 'CH2', 'CHZ']",2019-01-01T04:24:42.880000Z,1.83
1512,20190101T042604Z,1J.TI6A.,"['CH1', 'CH2', 'CHZ']",2019-01-01T04:26:04.730000Z,1.96
1513,20190101T042801Z,1J.TI6A.,"['CH1', 'CH2', 'CHZ']",2019-01-01T04:28:04.730000Z,2.11
1514,20190101T042913Z,1J.TI6A.,"['CH1', 'CH2', 'CHZ']",2019-01-01T04:29:15.030000Z,16.52
1515,20190101T043013Z,1J.TI6A.,"['CH1', 'CH2', 'CHZ']",2019-01-01T04:30:20.630000Z,1.35
1516,20190101T043133Z,1J.TI6A.,"['CH1', 'CH2', 'CHZ']",2019-01-01T04:31:35.110000Z,12.49
1517,20190101T043419Z,1J.TI6A.,"['CH1', 'CH2', 'CHZ']",2019-01-01T04:34:19.700000Z,11.72
1518,20190101T043749Z,1J.TI6A.,"['CH1', 'CH2', 'CHZ']",2019-01-01T04:37:49.140000Z,1.36
1519,20190101T043902Z,1J.TI6A.,"['CH1', 'CH2', 'CHZ']",2019-01-01T04:39:02.990000Z,1.33
1520,20190101T043912Z,1J.TI6A.,"['CH1', 'CH2', 'CHZ']",2019-01-01T04:39:12.210000Z,2.67
1521,20190101T044115Z,1J.TI6A.,"['CH1', 'CH2', 'CHZ']",2019-01-01T04:41:15.650000Z,51.15
1522,20190101T044223Z,1J.TI6A.,"['CH1', 'CH2', 'CHZ']",2019-01-01T04:42:28.080000Z,0.69
1523,20190101T044442Z,1J.TI6A.,"['CH1', 'CH2', 'CHZ']",2019-01-01T04:44:42.250000Z,1.48
1524,20190101T044812Z,1J.TI6A.,"['CH1', 'CH2', 'CHZ']",2019-01-01T04:48:12.720000Z,2.26
1525,20190101T044854Z,1J.TI6A.,"['CH1', 'CH2', 'CHZ']",2019-01-01T04:48:54.320000Z,2.15
1526,20190101T044941Z,1J.TI6A.,"['CH1', 'CH2', 'CHZ']",2019-01-01T04:49:41.890000Z,22.74
1527,20190101T045125Z,1J.TI6A.,"['CH1', 'CH2', 'CHZ']",2019-01-01T04:51:27.130000Z,5.51
1528,20190101T045441Z,1J.TI6A.,"['CH1', 'CH2', 'CHZ']",2019-01-01T04:54:41.410000Z,1.62
1529,20190101T045554Z,1J.TI6A.,"['CH1', 'CH2', 'CHZ']",2019-01-01T04:56:01.350000Z,15.79
1530,20190101T045817Z,1J.TI6A.,"['CH1', 'CH2', 'CHZ']",2019-01-01T04:58:17.320000Z,1.68
1531,20190101T045940Z,1J.TI6A.,"['CH1', 'CH2', 'CHZ']",2019-01-01T04:59:42.730000Z,28.08
1532,20190101T050044Z,1J.TI6A.,"['CH1', 'CH2', 'CHZ']",2019-01-01T05:00:44.040000Z,1.33
1533,20190101T050148Z,1J.TI6A.,"['CH1', 'CH2', 'CHZ']",2019-01-01T05:01:48.960000Z,1.62
1534,20190101T050536Z,1J.TI6A.,"['CH1', 'CH2', 'CHZ']",2019-01-01T05:05:37.660000Z,22.26
1535,20190101T050715Z,1J.TI6A.,"['CH1', 'CH2', 'CHZ']",2019-01-01T05:07:17.250000Z,5.12
1536,20190101T050927Z,1J.TI6A.,"['CH1', 'CH2', 'CHZ']",2019-01-01T05:09:27.210000Z,3.11
1537,20190101T051005Z,1J.TI6A.,"['CH1', 'CH2', 'CHZ']",2019-01-01T05:10:05.090000Z,1.32
1538,20190101T051035Z,1J.TI6A.,"['CH1', 'CH2', 'CHZ']",2019-01-01T05:10:47.530000Z,4.84
1539,20190101T051144Z,1J.TI6A.,"['CH1', 'CH2', 'CHZ']",2019-01-01T05:11:44.550000Z,1.97
1540,20190101T051349Z,1J.TI6A.,"['CH1', 'CH2', 'CHZ']",2019-01-01T05:13:49.960000Z,1.84
1541,20190101T051503Z,1J.TI6A.,"['CH1', 'CH2', 'CHZ']",2019-01-01T05:15:06.370000Z,9.59
1542,20190101T051712Z,1J.TI6A.,"['CH1', 'CH2', 'CHZ']",2019-01-01T05:17:12.250000Z,20.33
1543,20190101T051759Z,1J.TI6A.,"['CH1', 'CH2', 'CHZ']",2019-01-01T05:18:04.140000Z,1.64
1544,20190101T052154Z,1J.TI6A.,"['CH1', 'CH2', 'CHZ']",2019-01-01T05:21:54.090000Z,2.05
1545,20190101T052403Z,1J.TI6A.,"['CH1', 'CH2', 'CHZ']",2019-01-01T05:24:03.560000Z,0.96
1546,20190101T052502Z,1J.TI6A.,"['CH1', 'CH2', 'CHZ']",2019-01-01T05:25:02.420000Z,23.32
1547,20190101T052620Z,1J.TI6A.,"['CH1', 'CH2', 'CHZ']",2019-01-01T05:26:20.290000Z,1.45
1548,20190101T053046Z,1J.TI6A.,"['CH1', 'CH2', 'CHZ']",2019-01-01T05:30:46.910000Z,2.37
1549,20190101T053143Z,1J.TI6A.,"['CH1', 'CH2', 'CHZ']",2019-01-01T05:31:43.400000Z,18.42
1550,20190101T053222Z,1J.TI6A.,"['CH1', 'CH2', 'CHZ']",2019-01-01T05:32:22.850000Z,0.86
1551,20190101T053431Z,1J.TI6A.,"['CH1', 'CH2', 'CHZ']",2019-01-01T05:34:31.620000Z,2.54
1552,20190101T053542Z,1J.TI6A.,"['CH1', 'CH2', 'CHZ']",2019-01-01T05:35:43.140000Z,51.13
1553,20190101T053856Z,1J.TI6A.,"['CH1', 'CH2', 'CHZ']",2019-01-01T05:38:56.740000Z,0.76
1554,20190101T054106Z,1J.TI6A.,"['CH1', 'CH2', 'CHZ']",2019-01-01T05:41:06.780000Z,5.65
1555,20190101T054328Z,1J.TI6A.,"['CH1', 'CH2', 'CHZ']",2019-01-01T05:43:28.790000Z,3.89
1556,20190101T054449Z,1J.TI6A.,"['CH1', 'CH2', 'CHZ']",2019-01-01T05:44:49.390000Z,16.27
1557,20190101T054640Z,1J.TI6A.,"['CH1', 'CH2', 'CHZ']",2019-01-01T05:46:40.870000Z,20.95
1558,20190101T054815Z,1J.TI6A.,"['CH1', 'CH2', 'CHZ']",2019-01-01T05:48:15.970000Z,2.7
1559,20190101T054836Z,1J.TI6A.,"['CH1', 'CH2', 'CHZ']",2019-01-01T05:48:39.190000Z,9.5
1560,20190101T055208Z,1J.TI6A.,"['CH1', 'CH2', 'CHZ']",2019-01-01T05:52:08.420000Z,3.45
1561,20190101T055234Z,1J.TI6A.,"['CH1', 'CH2', 'CHZ']",2019-01-01T05:52:49.920000Z,55.93
1562,20190101T055631Z,1J.TI6A.,"['CH1', 'CH2', 'CHZ']",2019-01-01T05:56:31.870000Z,1.13
1563,20190101T055643Z,1J.TI6A.,"['CH1', 'CH2', 'CHZ']",2019-01-01T05:56:49.230000Z,1.55
1564,20190101T055720Z,1J.TI6A.,"['CH1', 'CH2', 'CHZ']",2019-01-01T05:57:20.110000Z,9.17
1565,20190101T060122Z,1J.TI6A.,"['CH1', 'CH2', 'CHZ']",2019-01-01T06:01:22.570000Z,1.48
1566,20190101T060439Z,1J.TI6A.,"['CH1', 'CH2', 'CHZ']",2019-01-01T06:04:39.970000Z,19.48
1567,20190101T060608Z,1J.TI6A.,"['CH1', 'CH2', 'CHZ']",2019-01-01T06:06:08.180000Z,0.82
1568,20190101T060630Z,1J.TI6A.,"['CH1', 'CH2', 'CHZ']",2019-01-01T06:06:44.710000Z,16.16
1569,20190101T060803Z,1J.TI6A.,"['CH1', 'CH2', 'CHZ']",2019-01-01T06:08:03.080000Z,1.89
1570,20190101T060829Z,1J.TI6A.,"['CH1', 'CH2', 'CHZ']",2019-01-01T06:08:29.870000Z,3.16
1571,20190101T061040Z,1J.TI6A.,"['CH1', 'CH2', 'CHZ']",2019-01-01T06:10:40.410000Z,1.95
1572,20190101T061237Z,1J.TI6A.,"['CH1', 'CH2', 'CHZ']",2019-01-01T06:12:37.880000Z,16.16
1573,20190101T061740Z,1J.TI6A.,"['CH1', 'CH2', 'CHZ']",2019-01-01T06:17:40.950000Z,0.74
1574,20190101T061820Z,1J.TI6A.,"['CH1', 'CH2', 'CHZ']",2019-01-01T06:18:20.100000Z,2.26
1575,20190101T061947Z,1J.TI6A.,"['CH1', 'CH2', 'CHZ']",2019-01-01T06:19:47.490000Z,2.96
1576,20190101T062054Z,1J.TI6A.,"['CH1', 'CH2', 'CHZ']",2019-01-01T06:20:55.060000Z,16.96
1577,20190101T062208Z,1J.TI6A.,"['CH1', 'CH2', 'CHZ']",2019-01-01T06:22:08.380000Z,18.46
1578,20190101T062337Z,1J.TI6A.,"['CH1', 'CH2', 'CHZ']",2019-01-01T06:23:37.690000Z,2.01
1579,20190101T062505Z,1J.TI6A.,"['CH1', 'CH2', 'CHZ']",2019-01-01T06:25:07.090000Z,8.21
1580,20190101T062611Z,1J.TI6A.,"['CH1', 'CH2', 'CHZ']",2019-01-01T06:26:11.770000Z,20.07
1581,20190101T062750Z,1J.TI6A.,"['CH1', 'CH2', 'CHZ']",2019-01-01T06:27:50.390000Z,25.31
1582,20190101T062915Z,1J.TI6A.,"['CH1', 'CH2', 'CHZ']",2019-01-01T06:29:18.590000Z,0.97
1583,20190101T063244Z,1J.TI6A.,"['CH1', 'CH2', 'CHZ']",2019-01-01T06:32:44.730000Z,1.87
1584,20190101T063332Z,1J.TI6A.,"['CH1', 'CH2', 'CHZ']",2019-01-01T06:33:32.630000Z,20.66
1585,20190101T063621Z,1J.TI6A.,"['CH1', 'CH2', 'CHZ']",2019-01-01T06:36:21.000000Z,2.13
1586,20190101T063720Z,1J.TI6A.,"['CH1', 'CH2', 'CHZ']",2019-01-01T06:37:20.720000Z,13.48
1587,20190101T063843Z,1J.TI6A.,"['CH1', 'CH2', 'CHZ']",2019-01-01T06:38:43.800000Z,0.97
1588,20190101T063954Z,1J.TI6A.,"['CH1', 'CH2', 'CHZ']",2019-01-01T06:40:02.030000Z,15.17
1589,20190101T064110Z,1J.TI6A.,"['CH1', 'CH2', 'CHZ']",2019-01-01T06:41:10.380000Z,1.92
1590,20190101T064242Z,1J.TI6A.,"['CH1', 'CH2', 'CHZ']",2019-01-01T06:42:42.540000Z,10.59
1591,20190101T064438Z,1J.TI6A.,"['CH1', 'CH2', 'CHZ']",2019-01-01T06:44:38.240000Z,1.22
1592,20190101T064527Z,1J.TI6A.,"['CH1', 'CH2', 'CHZ']",2019-01-01T06:45:27.390000Z,2.51
1593,20190101T064906Z,1J.TI6A.,"['CH1', 'CH2', 'CHZ']",2019-01-01T06:49:06.190000Z,2.23
1594,20190101T064928Z,1J.TI6A.,"['CH1', 'CH2', 'CHZ']",2019-01-01T06:49:28.850000Z,4.56
1595,20190101T065116Z,1J.TI6A.,"['CH1', 'CH2', 'CHZ']",2019-01-01T06:51:17.920000Z,15.63
1596,20190101T065301Z,1J.TI6A.,"['CH1', 'CH2', 'CHZ']",2019-01-01T06:53:02.080000Z,17.78
1597,20190101T065343Z,1J.TI6A.,"['CH1', 'CH2', 'CHZ']",2019-01-01T06:53:43.560000Z,1.06
1598,20190101T065633Z,1J.TI6A.,"['CH1', 'CH2', 'CHZ']",2019-01-01T06:56:33.090000Z,11.37
1599,20190101T065802Z,1J.TI6A.,"['CH1', 'CH2', 'CHZ']",2019-01-01T06:58:02.980000Z,1.19
1600,20190101T065835Z,1J.TI6A.,"['CH1', 'CH2', 'CHZ']",2019-01-01T06:58:44.800000Z,3.13
1601,20190101T065954Z,1J.TI6A.,"['CH1', 'CH2', 'CHZ']",2019-01-01T06:59:54.680000Z,51.55
1602,20190101T070200Z,1J.TI6A.,"['CH1', 'CH2', 'CHZ']",2019-01-01T07:02:00.770000Z,1.46
1603,20190101T070206Z,1J.TI6A.,"['CH1', 'CH2', 'CHZ']",2019-01-01T07:02:11.140000Z,0.87
1604,20190101T070314Z,1J.TI6A.,"['CH1', 'CH2', 'CHZ']",2019-01-01T07:03:14.170000Z,2.22
1605,20190101T070335Z,1J.TI6A.,"['CH1', 'CH2', 'CHZ']",2019-01-01T07:03:35.690000Z,0.86
1606,20190101T070441Z,1J.TI6A.,"['CH1', 'CH2', 'CHZ']",2019-01-01T07:04:43.900000Z,11.52
1607,20190101T070801Z,1J.TI6A.,"['CH1', 'CH2', 'CHZ']",2019-01-01T07:08:01.150000Z,2.58
1608,20190101T070900Z,1J.TI6A.,"['CH1', 'CH2', 'CHZ']",2019-01-01T07:09:00.020000Z,7.25
1609,20190101T071017Z,1J.TI6A.,"['CH1', 'CH2', 'CHZ']",2019-01-01T07:10:17.120000Z,0.75
1610,20190101T071105Z,1J.TI6A.,"['CH1', 'CH2', 'CHZ']",2019-01-01T07:11:05.410000Z,16.44
1611,20190101T071144Z,1J.TI6A.,"['CH1', 'CH2', 'CHZ']",2019-01-01T07:11:44.500000Z,0.73
1612,20190101T071215Z,1J.TI6A.,"['CH1', 'CH2', 'CHZ']",2019-01-01T07:12:15.730000Z,2.65
1613,20190101T071233Z,1J.TI6A.,"['CH1', 'CH2', 'CHZ']",2019-01-01T07:12:33.380000Z,12.34
1614,20190101T071421Z,1J.TI6A.,"['CH1', 'CH2', 'CHZ']",2019-01-01T07:14:22.240000Z,8.84
1615,20190101T071607Z,1J.TI6A.,"['CH1', 'CH2', 'CHZ']",2019-01-01T07:16:07.250000Z,1.42
1616,20190101T071625Z,1J.TI6A.,"['CH1', 'CH2', 'CHZ']",2019-01-01T07:16:25.400000Z,2.1
1617,20190101T071819Z,1J.TI6A.,"['CH1', 'CH2', 'CHZ']",2019-01-01T07:18:19.680000Z,44.42
1618,20190101T072015Z,1J.TI6A.,"['CH1', 'CH2', 'CHZ']",2019-01-01T07:20:15.120000Z,0.88
1619,20190101T072323Z,1J.TI6A.,"['CH1', 'CH2', 'CHZ']",2019-01-01T07:23:23.480000Z,14.7
1620,20190101T072617Z,1J.TI6A.,"['CH1', 'CH2', 'CHZ']",2019-01-01T07:26:20.200000Z,1.87
1621,20190101T072727Z,1J.TI6A.,"['CH1', 'CH2', 'CHZ']",2019-01-01T07:27:37.730000Z,2.77
1622,20190101T072855Z,1J.TI6A.,"['CH1', 'CH2', 'CHZ']",2019-01-01T07:28:55.250000Z,1.7
1623,20190101T073141Z,1J.TI6A.,"['CH1', 'CH2', 'CHZ']",2019-01-01T07:31:41.410000Z,1.56
1624,20190101T073329Z,1J.TI6A.,"['CH1', 'CH2', 'CHZ']",2019-01-01T07:33:30.600000Z,16.79
1625,20190101T073441Z,1J.TI6A.,"['CH1', 'CH2', 'CHZ']",2019-01-01T07:34:41.140000Z,15.0
1626,20190101T073714Z,1J.TI6A.,"['CH1', 'CH2', 'CHZ']",2019-01-01T07:37:14.570000Z,3.15
1627,20190101T073728Z,1J.TI6A.,"['CH1', 'CH2', 'CHZ']",2019-01-01T07:37:28.090000Z,0.93
1628,20190101T073920Z,1J.TI6A.,"['CH1', 'CH2', 'CHZ']",2019-01-01T07:39:20.490000Z,2.28
1629,20190101T074036Z,1J.TI6A.,"['CH1', 'CH2', 'CHZ']",2019-01-01T07:40:50.290000Z,23.04
1630,20190101T074137Z,1J.TI6A.,"['CH1', 'CH2', 'CHZ']",2019-01-01T07:41:38.780000Z,1.89
1631,20190101T074256Z,1J.TI6A.,"['CH1', 'CH2', 'CHZ']",2019-01-01T07:42:56.570000Z,11.44
1632,20190101T074514Z,1J.TI6A.,"['CH1', 'CH2', 'CHZ']",2019-01-01T07:45:18.060000Z,15.77
1633,20190101T074557Z,1J.TI6A.,"['CH1', 'CH2', 'CHZ']",2019-01-01T07:46:01.390000Z,2.31
1634,20190101T074656Z,1J.TI6A.,"['CH1', 'CH2', 'CHZ']",2019-01-01T07:46:56.070000Z,1.39
1635,20190101T074735Z,1J.TI6A.,"['CH1', 'CH2', 'CHZ']",2019-01-01T07:47:35.680000Z,1.62
1636,20190101T074803Z,1J.TI6A.,"['CH1', 'CH2', 'CHZ']",2019-01-01T07:48:08.150000Z,3.12
1637,20190101T074906Z,1J.TI6A.,"['CH1', 'CH2', 'CHZ']",2019-01-01T07:49:06.790000Z,0.7
1638,20190101T075220Z,1J.TI6A.,"['CH1', 'CH2', 'CHZ']",2019-01-01T07:52:39.370000Z,1.78
1639,20190101T075648Z,1J.TI6A.,"['CH1', 'CH2', 'CHZ']",2019-01-01T07:56:48.300000Z,0.88
1640,20190101T075756Z,1J.TI6A.,"['CH1', 'CH2', 'CHZ']",2019-01-01T07:57:58.810000Z,2.22
1641,20190101T075829Z,1J.TI6A.,"['CH1', 'CH2', 'CHZ']",2019-01-01T07:58:31.520000Z,14.74
1642,20190101T075948Z,1J.TI6A.,"['CH1', 'CH2', 'CHZ']",2019-01-01T07:59:49.560000Z,16.75
1643,20190101T080051Z,1J.TI6A.,"['CH1', 'CH2', 'CHZ']",2019-01-01T08:00:55.720000Z,2.32
1644,20190101T080211Z,1J.TI6A.,"['CH1', 'CH2', 'CHZ']",2019-01-01T08:02:11.940000Z,1.57
1645,20190101T080335Z,1J.TI6A.,"['CH1', 'CH2', 'CHZ']",2019-01-01T08:03:35.730000Z,17.74
1646,20190101T080605Z,1J.TI6A.,"['CH1', 'CH2', 'CHZ']",2019-01-01T08:06:05.060000Z,1.5
1647,20190101T080722Z,1J.TI6A.,"['CH1', 'CH2', 'CHZ']",2019-01-01T08:07:22.670000Z,2.56
1648,20190101T080833Z,1J.TI6A.,"['CH1', 'CH2', 'CHZ']",2019-01-01T08:08:33.350000Z,1.64
1649,20190101T080847Z,1J.TI6A.,"['CH1', 'CH2', 'CHZ']",2019-01-01T08:08:47.240000Z,1.37
1650,20190101T080850Z,1J.TI6A.,"['CH1', 'CH2', 'CHZ']",2019-01-01T08:08:54.200000Z,9.02
1651,20190101T080952Z,1J.TI6A.,"['CH1', 'CH2', 'CHZ']",2019-01-01T08:09:52.520000Z,0.96
1652,20190101T081000Z,1J.TI6A.,"['CH1', 'CH2', 'CHZ']",2019-01-01T08:10:03.830000Z,19.24
1653,20190101T081317Z,1J.TI6A.,"['CH1', 'CH2', 'CHZ']",2019-01-01T08:13:19.370000Z,0.9
1654,20190101T081420Z,1J.TI6A.,"['CH1', 'CH2', 'CHZ']",2019-01-01T08:14:20.900000Z,2.25
1655,20190101T081527Z,1J.TI6A.,"['CH1', 'CH2', 'CHZ']",2019-01-01T08:15:27.100000Z,1.61
1656,20190101T081652Z,1J.TI6A.,"['CH1', 'CH2', 'CHZ']",2019-01-01T08:16:53.630000Z,26.02
1657,20190101T081817Z,1J.TI6A.,"['CH1', 'CH2', 'CHZ']",2019-01-01T08:18:17.220000Z,1.27
1658,20190101T081913Z,1J.TI6A.,"['CH1', 'CH2', 'CHZ']",2019-01-01T08:19:19.120000Z,9.9
1659,20190101T082102Z,1J.TI6A.,"['CH1', 'CH2', 'CHZ']",2019-01-01T08:21:02.160000Z,1.06
1660,20190101T082214Z,1J.TI6A.,"['CH1', 'CH2', 'CHZ']",2019-01-01T08:22:14.540000Z,2.06
1661,20190101T082333Z,1J.TI6A.,"['CH1', 'CH2', 'CHZ']",2019-01-01T08:23:34.640000Z,53.49
1662,20190101T082724Z,1J.TI6A.,"['CH1', 'CH2', 'CHZ']",2019-01-01T08:27:26.180000Z,9.06
1663,20190101T082741Z,1J.TI6A.,"['CH1', 'CH2', 'CHZ']",2019-01-01T08:27:42.680000Z,47.17
1664,20190101T082921Z,1J.TI6A.,"['CH1', 'CH2', 'CHZ']",2019-01-01T08:29:26.150000Z,1.45
1665,20190101T083206Z,1J.TI6A.,"['CH1', 'CH2', 'CHZ']",2019-01-01T08:32:06.620000Z,1.98
1666,20190101T083404Z,1J.TI6A.,"['CH1', 'CH2', 'CHZ']",2019-01-01T08:34:04.180000Z,15.29
1667,20190101T083734Z,1J.TI6A.,"['CH1', 'CH2', 'CHZ']",2019-01-01T08:37:34.000000Z,1.43
1668,20190101T083957Z,1J.TI6A.,"['CH1', 'CH2', 'CHZ']",2019-01-01T08:39:57.880000Z,2.63
1669,20190101T084100Z,1J.TI6A.,"['CH1', 'CH2', 'CHZ']",2019-01-01T08:41:00.850000Z,1.0
1670,20190101T084153Z,1J.TI6A.,"['CH1', 'CH2', 'CHZ']",2019-01-01T08:41:53.640000Z,1.22
1671,20190101T084419Z,1J.TI6A.,"['CH1', 'CH2', 'CHZ']",2019-01-01T08:44:20.710000Z,16.54
1672,20190101T084558Z,1J.TI6A.,"['CH1', 'CH2', 'CHZ']",2019-01-01T08:45:58.970000Z,12.61
1673,20190101T084643Z,1J.TI6A.,"['CH1', 'CH2', 'CHZ']",2019-01-01T08:47:01.660000Z,0.89
1674,20190101T084813Z,1J.TI6A.,"['CH1', 'CH2', 'CHZ']",2019-01-01T08:48:13.770000Z,1.13
1675,20190101T084931Z,1J.TI6A.,"['CH1', 'CH2', 'CHZ']",2019-01-01T08:49:31.420000Z,1.82
1676,20190101T085044Z,1J.TI6A.,"['CH1', 'CH2', 'CHZ']",2019-01-01T08:50:44.330000Z,1.07
1677,20190101T085056Z,1J.TI6A.,"['CH1', 'CH2', 'CHZ']",2019-01-01T08:51:06.890000Z,4.8
1678,20190101T085354Z,1J.TI6A.,"['CH1', 'CH2', 'CHZ']",2019-01-01T08:53:54.270000Z,6.44
1679,20190101T085424Z,1J.TI6A.,"['CH1', 'CH2', 'CHZ']",2019-01-01T08:54:24.570000Z,0.73
1680,20190101T085640Z,1J.TI6A.,"['CH1', 'CH2', 'CHZ']",2019-01-01T08:56:40.750000Z,19.79
1681,20190101T085844Z,1J.TI6A.,"['CH1', 'CH2', 'CHZ']",2019-01-01T08:58:44.130000Z,1.15
1682,20190101T085854Z,1J.TI6A.,"['CH1', 'CH2', 'CHZ']",2019-01-01T08:58:57.770000Z,8.13
1683,20190101T090235Z,1J.TI6A.,"['CH1', 'CH2', 'CHZ']",2019-01-01T09:02:45.370000Z,15.14
1684,20190101T090346Z,1J.TI6A.,"['CH1', 'CH2', 'CHZ']",2019-01-01T09:03:46.490000Z,0.89
1685,20190101T090618Z,1J.TI6A.,"['CH1', 'CH2', 'CHZ']",2019-01-01T09:06:18.940000Z,1.83
1686,20190101T090717Z,1J.TI6A.,"['CH1', 'CH2', 'CHZ']",2019-01-01T09:07:17.160000Z,0.97
1687,20190101T090748Z,1J.TI6A.,"['CH1', 'CH2', 'CHZ']",2019-01-01T09:07:48.950000Z,7.13
1688,20190101T090812Z,1J.TI6A.,"['CH1', 'CH2', 'CHZ']",2019-01-01T09:08:13.860000Z,18.62
1689,20190101T091043Z,1J.TI6A.,"['CH1', 'CH2', 'CHZ']",2019-01-01T09:10:43.420000Z,0.9
1690,20190101T091046Z,1J.TI6A.,"['CH1', 'CH2', 'CHZ']",2019-01-01T09:10:51.000000Z,19.37
1691,20190101T091328Z,1J.TI6A.,"['CH1', 'CH2', 'CHZ']",2019-01-01T09:13:28.150000Z,1.99
1692,20190101T091406Z,1J.TI6A.,"['CH1', 'CH2', 'CHZ']",2019-01-01T09:14:06.280000Z,1.52
1693,20190101T091427Z,1J.TI6A.,"['CH1', 'CH2', 'CHZ']",2019-01-01T09:14:27.520000Z,1.0
1694,20190101T091513Z,1J.TI6A.,"['CH1', 'CH2', 'CHZ']",2019-01-01T09:15:13.820000Z,25.01
1695,20190101T091723Z,1J.TI6A.,"['CH1', 'CH2', 'CHZ']",2019-01-01T09:17:23.590000Z,1.32
1696,20190101T091821Z,1J.TI6A.,"['CH1', 'CH2', 'CHZ']",2019-01-01T09:18:22.030000Z,1.2
1697,20190101T092155Z,1J.TI6A.,"['CH1', 'CH2', 'CHZ']",2019-01-01T09:21:55.640000Z,1.92
1698,20190101T092301Z,1J.TI6A.,"['CH1', 'CH2', 'CHZ']",2019-01-01T09:23:01.150000Z,1.3
1699,20190101T092421Z,1J.TI6A.,"['CH1', 'CH2', 'CHZ']",2019-01-01T09:24:33.850000Z,6.15
1700,20190101T092702Z,1J.TI6A.,"['CH1', 'CH2', 'CHZ']",2019-01-01T09:27:02.740000Z,1.66
1701,20190101T092717Z,1J.TI6A.,"['CH1', 'CH2', 'CHZ']",2019-01-01T09:27:18.310000Z,15.81
1702,20190101T092846Z,1J.TI6A.,"['CH1', 'CH2', 'CHZ']",2019-01-01T09:29:12.140000Z,3.35
1703,20190101T093058Z,1J.TI6A.,"['CH1', 'CH2', 'CHZ']",2019-01-01T09:30:58.980000Z,1.81
1704,20190101T093128Z,1J.TI6A.,"['CH1', 'CH2', 'CHZ']",2019-01-01T09:31:37.220000Z,19.27
1705,20190101T093313Z,1J.TI6A.,"['CH1', 'CH2', 'CHZ']",2019-01-01T09:33:16.130000Z,19.8
1706,20190101T093434Z,1J.TI6A.,"['CH1', 'CH2', 'CHZ']",2019-01-01T09:34:37.310000Z,16.55
1707,20190101T093546Z,1J.TI6A.,"['CH1', 'CH2', 'CHZ']",2019-01-01T09:35:46.560000Z,1.11
1708,20190101T093641Z,1J.TI6A.,"['CH1', 'CH2', 'CHZ']",2019-01-01T09:36:41.820000Z,1.34
1709,20190101T093924Z,1J.TI6A.,"['CH1', 'CH2', 'CHZ']",2019-01-01T09:39:24.230000Z,0.92
1710,20190101T094012Z,1J.TI6A.,"['CH1', 'CH2', 'CHZ']",2019-01-01T09:40:12.220000Z,0.61
1711,20190101T094241Z,1J.TI6A.,"['CH1', 'CH2', 'CHZ']",2019-01-01T09:42:41.240000Z,20.0
1712,20190101T094330Z,1J.TI6A.,"['CH1', 'CH2', 'CHZ']",2019-01-01T09:43:30.890000Z,0.78
1713,20190101T094433Z,1J.TI6A.,"['CH1', 'CH2', 'CHZ']",2019-01-01T09:44:33.190000Z,12.76
1714,20190101T094744Z,1J.TI6A.,"['CH1', 'CH2', 'CHZ']",2019-01-01T09:47:46.510000Z,22.65
1715,20190101T095129Z,1J.TI6A.,"['CH1', 'CH2', 'CHZ']",2019-01-01T09:51:29.930000Z,1.85
1716,20190101T095301Z,1J.TI6A.,"['CH1', 'CH2', 'CHZ']",2019-01-01T09:53:01.650000Z,1.37
1717,20190101T095621Z,1J.TI6A.,"['CH1', 'CH2', 'CHZ']",2019-01-01T09:56:22.140000Z,16.02
1718,20190101T095837Z,1J.TI6A.,"['CH1', 'CH2', 'CHZ']",2019-01-01T09:58:37.810000Z,1.62
1719,20190101T095926Z,1J.TI6A.,"['CH1', 'CH2', 'CHZ']",2019-01-01T09:59:26.850000Z,19.73
1720,20190101T100048Z,1J.TI6A.,"['CH1', 'CH2', 'CHZ']",2019-01-01T10:00:48.980000Z,3.07
1721,20190101T100139Z,1J.TI6A.,"['CH1', 'CH2', 'CHZ']",2019-01-01T10:01:39.900000Z,0.96
1722,20190101T100336Z,1J.TI6A.,"['CH1', 'CH2', 'CHZ']",2019-01-01T10:03:36.160000Z,1.16
1723,20190101T100445Z,1J.TI6A.,"['CH1', 'CH2', 'CHZ']",2019-01-01T10:04:46.650000Z,12.72
1724,20190101T100751Z,1J.TI6A.,"['CH1', 'CH2', 'CHZ']",2019-01-01T10:07:51.180000Z,1.18
1725,20190101T100905Z,1J.TI6A.,"['CH1', 'CH2', 'CHZ']",2019-01-01T10:09:05.690000Z,25.32
1726,20190101T101153Z,1J.TI6A.,"['CH1', 'CH2', 'CHZ']",2019-01-01T10:11:53.240000Z,1.46
1727,20190101T101200Z,1J.TI6A.,"['CH1', 'CH2', 'CHZ']",2019-01-01T10:12:02.110000Z,0.64
1728,20190101T101655Z,1J.TI6A.,"['CH1', 'CH2', 'CHZ']",2019-01-01T10:16:55.290000Z,1.77
1729,20190101T101815Z,1J.TI6A.,"['CH1', 'CH2', 'CHZ']",2019-01-01T10:18:19.020000Z,24.53
1730,20190101T101952Z,1J.TI6A.,"['CH1', 'CH2', 'CHZ']",2019-01-01T10:19:52.250000Z,10.69
1731,20190101T102200Z,1J.TI6A.,"['CH1', 'CH2', 'CHZ']",2019-01-01T10:22:00.510000Z,1.38
1732,20190101T102433Z,1J.TI6A.,"['CH1', 'CH2', 'CHZ']",2019-01-01T10:24:33.570000Z,1.41
1733,20190101T102657Z,1J.TI6A.,"['CH1', 'CH2', 'CHZ']",2019-01-01T10:26:57.080000Z,1.25
1734,20190101T102802Z,1J.TI6A.,"['CH1', 'CH2', 'CHZ']",2019-01-01T10:28:04.110000Z,13.48
1735,20190101T103029Z,1J.TI6A.,"['CH1', 'CH2', 'CHZ']",2019-01-01T10:30:29.710000Z,1.36
1736,20190101T103036Z,1J.TI6A.,"['CH1', 'CH2', 'CHZ']",2019-01-01T10:30:39.940000Z,20.02
1737,20190101T103130Z,1J.TI6A.,"['CH1', 'CH2', 'CHZ']",2019-01-01T10:31:32.620000Z,50.95
1738,20190101T103325Z,1J.TI6A.,"['CH1', 'CH2', 'CHZ']",2019-01-01T10:33:25.100000Z,0.79
1739,20190101T103543Z,1J.TI6A.,"['CH1', 'CH2', 'CHZ']",2019-01-01T10:35:47.870000Z,4.09
1740,20190101T103735Z,1J.TI6A.,"['CH1', 'CH2', 'CHZ']",2019-01-01T10:37:35.440000Z,1.08
1741,20190101T103828Z,1J.TI6A.,"['CH1', 'CH2', 'CHZ']",2019-01-01T10:38:36.150000Z,2.19
1742,20190101T103935Z,1J.TI6A.,"['CH1', 'CH2', 'CHZ']",2019-01-01T10:39:35.120000Z,1.28
1743,20190101T104106Z,1J.TI6A.,"['CH1', 'CH2', 'CHZ']",2019-01-01T10:41:06.670000Z,0.8
1744,20190101T104149Z,1J.TI6A.,"['CH1', 'CH2', 'CHZ']",2019-01-01T10:41:49.610000Z,18.91
1745,20190101T104721Z,1J.TI6A.,"['CH1', 'CH2', 'CHZ']",2019-01-01T10:47:21.140000Z,1.31
1746,20190101T104840Z,1J.TI6A.,"['CH1', 'CH2', 'CHZ']",2019-01-01T10:49:15.770000Z,8.5
1747,20190101T105042Z,1J.TI6A.,"['CH1', 'CH2', 'CHZ']",2019-01-01T10:50:42.510000Z,19.69
1748,20190101T105201Z,1J.TI6A.,"['CH1', 'CH2', 'CHZ']",2019-01-01T10:52:01.700000Z,1.0
1749,20190101T105256Z,1J.TI6A.,"['CH1', 'CH2', 'CHZ']",2019-01-01T10:52:56.250000Z,1.39
1750,20190101T105313Z,1J.TI6A.,"['CH1', 'CH2', 'CHZ']",2019-01-01T10:53:13.330000Z,1.44
1751,20190101T105404Z,1J.TI6A.,"['CH1', 'CH2', 'CHZ']",2019-01-01T10:54:04.040000Z,21.49
1752,20190101T105521Z,1J.TI6A.,"['CH1', 'CH2', 'CHZ']",2019-01-01T10:55:22.140000Z,7.45
1753,20190101T105724Z,1J.TI6A.,"['CH1', 'CH2', 'CHZ']",2019-01-01T10:57:25.750000Z,7.0
1754,20190101T105934Z,1J.TI6A.,"['CH1', 'CH2', 'CHZ']",2019-01-01T10:59:34.980000Z,1.6
1755,20190101T110026Z,1J.TI6A.,"['CH1', 'CH2', 'CHZ']",2019-01-01T11:00:26.300000Z,17.36
1756,20190101T110450Z,1J.TI6A.,"['CH1', 'CH2', 'CHZ']",2019-01-01T11:04:50.430000Z,1.28
1757,20190101T110602Z,1J.TI6A.,"['CH1', 'CH2', 'CHZ']",2019-01-01T11:06:02.530000Z,1.75
1758,20190101T110922Z,1J.TI6A.,"['CH1', 'CH2', 'CHZ']",2019-01-01T11:10:07.630000Z,1.06
1759,20190101T111216Z,1J.TI6A.,"['CH1', 'CH2', 'CHZ']",2019-01-01T11:12:16.190000Z,1.7
1760,20190101T111305Z,1J.TI6A.,"['CH1', 'CH2', 'CHZ']",2019-01-01T11:13:05.220000Z,16.86
1761,20190101T111710Z,1J.TI6A.,"['CH1', 'CH2', 'CHZ']",2019-01-01T11:17:10.050000Z,1.52
1762,20190101T112329Z,1J.TI6A.,"['CH1', 'CH2', 'CHZ']",2019-01-01T11:23:29.650000Z,20.95
1763,20190101T112517Z,1J.TI6A.,"['CH1', 'CH2', 'CHZ']",2019-01-01T11:25:17.230000Z,8.79
1764,20190101T112726Z,1J.TI6A.,"['CH1', 'CH2', 'CHZ']",2019-01-01T11:27:26.000000Z,22.86
1765,20190101T112806Z,1J.TI6A.,"['CH1', 'CH2', 'CHZ']",2019-01-01T11:28:08.230000Z,14.35
1766,20190101T112956Z,1J.TI6A.,"['CH1', 'CH2', 'CHZ']",2019-01-01T11:29:56.890000Z,0.91
1767,20190101T113101Z,1J.TI6A.,"['CH1', 'CH2', 'CHZ']",2019-01-01T11:31:01.170000Z,1.6
1768,20190101T113204Z,1J.TI6A.,"['CH1', 'CH2', 'CHZ']",2019-01-01T11:32:11.030000Z,1.37
1769,20190101T113538Z,1J.TI6A.,"['CH1', 'CH2', 'CHZ']",2019-01-01T11:35:49.010000Z,16.56
1770,20190101T113710Z,1J.TI6A.,"['CH1', 'CH2', 'CHZ']",2019-01-01T11:37:10.990000Z,9.25
1771,20190101T113824Z,1J.TI6A.,"['CH1', 'CH2', 'CHZ']",2019-01-01T11:38:24.970000Z,2.56
1772,20190101T113949Z,1J.TI6A.,"['CH1', 'CH2', 'CHZ']",2019-01-01T11:39:49.860000Z,1.64
1773,20190101T114205Z,1J.TI6A.,"['CH1', 'CH2', 'CHZ']",2019-01-01T11:42:05.850000Z,0.86
1774,20190101T114456Z,1J.TI6A.,"['CH1', 'CH2', 'CHZ']",2019-01-01T11:44:56.620000Z,1.46
1775,20190101T114532Z,1J.TI6A.,"['CH1', 'CH2', 'CHZ']",2019-01-01T11:45:32.120000Z,1.47
1776,20190101T114659Z,1J.TI6A.,"['CH1', 'CH2', 'CHZ']",2019-01-01T11:46:59.450000Z,2.15
1777,20190101T114724Z,1J.TI6A.,"['CH1', 'CH2', 'CHZ']",2019-01-01T11:47:25.410000Z,14.69
1778,20190101T115014Z,1J.TI6A.,"['CH1', 'CH2', 'CHZ']",2019-01-01T11:50:14.780000Z,12.8
1779,20190101T115132Z,1J.TI6A.,"['CH1', 'CH2', 'CHZ']",2019-01-01T11:51:35.010000Z,0.8
1780,20190101T115310Z,1J.TI6A.,"['CH1', 'CH2', 'CHZ']",2019-01-01T11:53:10.530000Z,0.87
1781,20190101T115405Z,1J.TI6A.,"['CH1', 'CH2', 'CHZ']",2019-01-01T11:54:06.900000Z,20.02
1782,20190101T115635Z,1J.TI6A.,"['CH1', 'CH2', 'CHZ']",2019-01-01T11:56:36.960000Z,8.46
1783,20190101T115846Z,1J.TI6A.,"['CH1', 'CH2', 'CHZ']",2019-01-01T11:58:46.650000Z,16.48
1784,20190101T120006Z,1J.TI6A.,"['CH1', 'CH2', 'CHZ']",2019-01-01T12:00:06.450000Z,0.89
1785,20190101T120156Z,1J.TI6A.,"['CH1', 'CH2', 'CHZ']",2019-01-01T12:01:56.350000Z,6.89
1786,20190101T120215Z,1J.TI6A.,"['CH1', 'CH2', 'CHZ']",2019-01-01T12:02:15.880000Z,13.91
1787,20190101T120425Z,1J.TI6A.,"['CH1', 'CH2', 'CHZ']",2019-01-01T12:04:28.790000Z,1.22
1788,20190101T120834Z,1J.TI6A.,"['CH1', 'CH2', 'CHZ']",2019-01-01T12:08:34.950000Z,1.31
1789,20190101T120947Z,1J.TI6A.,"['CH1', 'CH2', 'CHZ']",2019-01-01T12:09:47.520000Z,22.69
1790,20190101T121341Z,1J.TI6A.,"['CH1', 'CH2', 'CHZ']",2019-01-01T12:13:42.080000Z,14.62
1791,20190101T121629Z,1J.TI6A.,"['CH1', 'CH2', 'CHZ']",2019-01-01T12:16:29.840000Z,0.91
1792,20190101T121639Z,1J.TI6A.,"['CH1', 'CH2', 'CHZ']",2019-01-01T12:16:39.440000Z,0.77
1793,20190101T121852Z,1J.TI6A.,"['CH1', 'CH2', 'CHZ']",2019-01-01T12:18:52.110000Z,0.88
1794,20190101T121954Z,1J.TI6A.,"['CH1', 'CH2', 'CHZ']",2019-01-01T12:19:54.700000Z,17.64
1795,20190101T122157Z,1J.TI6A.,"['CH1', 'CH2', 'CHZ']",2019-01-01T12:21:58.280000Z,1.31
1796,20190101T122320Z,1J.TI6A.,"['CH1', 'CH2', 'CHZ']",2019-01-01T12:23:20.850000Z,1.23
1797,20190101T122335Z,1J.TI6A.,"['CH1', 'CH2', 'CHZ']",2019-01-01T12:23:35.920000Z,1.56
1798,20190101T122400Z,1J.TI6A.,"['CH1', 'CH2', 'CHZ']",2019-01-01T12:24:00.900000Z,0.83
1799,20190101T122429Z,1J.TI6A.,"['CH1', 'CH2', 'CHZ']",2019-01-01T12:24:29.890000Z,0.89
1800,20190101T122453Z,1J.TI6A.,"['CH1', 'CH2', 'CHZ']",2019-01-01T12:25:13.490000Z,1.91
1801,20190101T122625Z,1J.TI6A.,"['CH1', 'CH2', 'CHZ']",2019-01-01T12:26:25.780000Z,1.5
1802,20190101T122632Z,1J.TI6A.,"['CH1', 'CH2', 'CHZ']",2019-01-01T12:26:32.710000Z,31.85
1803,20190101T122750Z,1J.TI6A.,"['CH1', 'CH2', 'CHZ']",2019-01-01T12:27:50.570000Z,2.85
1804,20190101T122828Z,1J.TI6A.,"['CH1', 'CH2', 'CHZ']",2019-01-01T12:28:28.550000Z,1.23
1805,20190101T122916Z,1J.TI6A.,"['CH1', 'CH2', 'CHZ']",2019-01-01T12:29:43.500000Z,1.58
1806,20190101T122959Z,1J.TI6A.,"['CH1', 'CH2', 'CHZ']",2019-01-01T12:30:00.440000Z,11.98
1807,20190101T123132Z,1J.TI6A.,"['CH1', 'CH2', 'CHZ']",2019-01-01T12:31:32.600000Z,3.03
1808,20190101T123223Z,1J.TI6A.,"['CH1', 'CH2', 'CHZ']",2019-01-01T12:32:24.230000Z,9.44
1809,20190101T123246Z,1J.TI6A.,"['CH1', 'CH2', 'CHZ']",2019-01-01T12:32:56.360000Z,18.16
1810,20190101T123415Z,1J.TI6A.,"['CH1', 'CH2', 'CHZ']",2019-01-01T12:34:15.250000Z,1.52
1811,20190101T123532Z,1J.TI6A.,"['CH1', 'CH2', 'CHZ']",2019-01-01T12:35:32.100000Z,2.2
1812,20190101T123632Z,1J.TI6A.,"['CH1', 'CH2', 'CHZ']",2019-01-01T12:36:32.600000Z,0.74
1813,20190101T123756Z,1J.TI6A.,"['CH1', 'CH2', 'CHZ']",2019-01-01T12:37:56.690000Z,2.22
1814,20190101T123942Z,1J.TI6A.,"['CH1', 'CH2', 'CHZ']",2019-01-01T12:39:42.120000Z,2.91
1815,20190101T123954Z,1J.TI6A.,"['CH1', 'CH2', 'CHZ']",2019-01-01T12:39:54.690000Z,7.75
1816,20190101T124116Z,1J.TI6A.,"['CH1', 'CH2', 'CHZ']",2019-01-01T12:41:16.510000Z,2.9
1817,20190101T124241Z,1J.TI6A.,"['CH1', 'CH2', 'CHZ']",2019-01-01T12:42:41.350000Z,3.12
1818,20190101T124325Z,1J.TI6A.,"['CH1', 'CH2', 'CHZ']",2019-01-01T12:43:25.000000Z,1.05
1819,20190101T124401Z,1J.TI6A.,"['CH1', 'CH2', 'CHZ']",2019-01-01T12:44:02.130000Z,3.05
1820,20190101T124428Z,1J.TI6A.,"['CH1', 'CH2', 'CHZ']",2019-01-01T12:44:28.100000Z,0.66
1821,20190101T124522Z,1J.TI6A.,"['CH1', 'CH2', 'CHZ']",2019-01-01T12:45:22.780000Z,3.61
1822,20190101T124645Z,1J.TI6A.,"['CH1', 'CH2', 'CHZ']",2019-01-01T12:46:45.440000Z,3.47
1823,20190101T124819Z,1J.TI6A.,"['CH1', 'CH2', 'CHZ']",2019-01-01T12:48:19.530000Z,4.58
1824,20190101T124857Z,1J.TI6A.,"['CH1', 'CH2', 'CHZ']",2019-01-01T12:49:01.300000Z,6.94
1825,20190101T124953Z,1J.TI6A.,"['CH1', 'CH2', 'CHZ']",2019-01-01T12:49:53.260000Z,1.95
1826,20190101T125121Z,1J.TI6A.,"['CH1', 'CH2', 'CHZ']",2019-01-01T12:51:21.340000Z,3.21
1827,20190101T125202Z,1J.TI6A.,"['CH1', 'CH2', 'CHZ']",2019-01-01T12:52:02.190000Z,11.28
1828,20190101T125253Z,1J.TI6A.,"['CH1', 'CH2', 'CHZ']",2019-01-01T12:52:54.810000Z,2.29
1829,20190101T125405Z,1J.TI6A.,"['CH1', 'CH2', 'CHZ']",2019-01-01T12:54:13.510000Z,2.22
1830,20190101T125430Z,1J.TI6A.,"['CH1', 'CH2', 'CHZ']",2019-01-01T12:54:30.060000Z,1.96
1831,20190101T125535Z,1J.TI6A.,"['CH1', 'CH2', 'CHZ']",2019-01-01T12:55:35.780000Z,2.01
1832,20190101T125643Z,1J.TI6A.,"['CH1', 'CH2', 'CHZ']",2019-01-01T12:56:43.980000Z,2.63
1833,20190101T125755Z,1J.TI6A.,"['CH1', 'CH2', 'CHZ']",2019-01-01T12:57:55.040000Z,2.7
1834,20190101T125945Z,1J.TI6A.,"['CH1', 'CH2', 'CHZ']",2019-01-01T13:00:01.640000Z,0.88
1835,20190101T130006Z,1J.TI6A.,"['CH1', 'CH2', 'CHZ']",2019-01-01T13:00:10.520000Z,9.18
1836,20190101T130034Z,1J.TI6A.,"['CH1', 'CH2', 'CHZ']",2019-01-01T13:00:34.320000Z,15.04
1837,20190101T130135Z,1J.TI6A.,"['CH1', 'CH2', 'CHZ']",2019-01-01T13:01:41.840000Z,0.91
1838,20190101T130250Z,1J.TI6A.,"['CH1', 'CH2', 'CHZ']",2019-01-01T13:02:50.570000Z,7.09
1839,20190101T130337Z,1J.TI6A.,"['CH1', 'CH2', 'CHZ']",2019-01-01T13:03:37.680000Z,7.66
1840,20190101T130433Z,1J.TI6A.,"['CH1', 'CH2', 'CHZ']",2019-01-01T13:04:33.250000Z,0.83
1841,20190101T130748Z,1J.TI6A.,"['CH1', 'CH2', 'CHZ']",2019-01-01T13:07:48.750000Z,1.06
1842,20190101T131002Z,1J.TI6A.,"['CH1', 'CH2', 'CHZ']",2019-01-01T13:10:02.140000Z,1.03
1843,20190101T131220Z,1J.TI6A.,"['CH1', 'CH2', 'CHZ']",2019-01-01T13:12:20.930000Z,1.53
1844,20190101T131336Z,1J.TI6A.,"['CH1', 'CH2', 'CHZ']",2019-01-01T13:13:36.060000Z,0.96
1845,20190101T131510Z,1J.TI6A.,"['CH1', 'CH2', 'CHZ']",2019-01-01T13:15:10.440000Z,1.08
1846,20190101T131644Z,1J.TI6A.,"['CH1', 'CH2', 'CHZ']",2019-01-01T13:16:49.370000Z,10.55
1847,20190101T131821Z,1J.TI6A.,"['CH1', 'CH2', 'CHZ']",2019-01-01T13:18:21.480000Z,0.98
1848,20190101T132145Z,1J.TI6A.,"['CH1', 'CH2', 'CHZ']",2019-01-01T13:21:45.600000Z,1.17
1849,20190101T132253Z,1J.TI6A.,"['CH1', 'CH2', 'CHZ']",2019-01-01T13:22:53.240000Z,0.96
1850,20190101T132458Z,1J.TI6A.,"['CH1', 'CH2', 'CHZ']",2019-01-01T13:24:58.790000Z,1.01
1851,20190101T132909Z,1J.TI6A.,"['CH1', 'CH2', 'CHZ']",2019-01-01T13:29:09.800000Z,0.77
1852,20190101T133115Z,1J.TI6A.,"['CH1', 'CH2', 'CHZ']",2019-01-01T13:31:15.520000Z,0.84
1853,20190101T133410Z,1J.TI6A.,"['CH1', 'CH2', 'CHZ']",2019-01-01T13:34:10.600000Z,0.64
1854,20190101T133419Z,1J.TI6A.,"['CH1', 'CH2', 'CHZ']",2019-01-01T13:34:24.250000Z,5.18
1855,20190101T133801Z,1J.TI6A.,"['CH1', 'CH2', 'CHZ']",2019-01-01T13:38:06.120000Z,3.23
1856,20190101T134108Z,1J.TI6A.,"['CH1', 'CH2', 'CHZ']",2019-01-01T13:41:08.220000Z,10.32
1857,20190101T134318Z,1J.TI6A.,"['CH1', 'CH2', 'CHZ']",2019-01-01T13:43:18.280000Z,21.85
1858,20190101T134529Z,1J.TI6A.,"['CH1', 'CH2', 'CHZ']",2019-01-01T13:45:46.980000Z,0.7
1859,20190101T134929Z,1J.TI6A.,"['CH1', 'CH2', 'CHZ']",2019-01-01T13:49:29.940000Z,18.73
1860,20190101T135203Z,1J.TI6A.,"['CH1', 'CH2', 'CHZ']",2019-01-01T13:52:08.040000Z,2.76
1861,20190101T135324Z,1J.TI6A.,"['CH1', 'CH2', 'CHZ']",2019-01-01T13:53:24.600000Z,1.01
1862,20190101T135443Z,1J.TI6A.,"['CH1', 'CH2', 'CHZ']",2019-01-01T13:55:03.780000Z,17.85
1863,20190101T135850Z,1J.TI6A.,"['CH1', 'CH2', 'CHZ']",2019-01-01T13:58:51.210000Z,21.58
1864,20190101T140220Z,1J.TI6A.,"['CH1', 'CH2', 'CHZ']",2019-01-01T14:02:20.860000Z,1.31
1865,20190101T140415Z,1J.TI6A.,"['CH1', 'CH2', 'CHZ']",2019-01-01T14:04:15.310000Z,33.83
1866,20190101T140747Z,1J.TI6A.,"['CH1', 'CH2', 'CHZ']",2019-01-01T14:07:57.850000Z,1.42
1867,20190101T141201Z,1J.TI6A.,"['CH1', 'CH2', 'CHZ']",2019-01-01T14:12:07.540000Z,3.31
1868,20190101T141311Z,1J.TI6A.,"['CH1', 'CH2', 'CHZ']",2019-01-01T14:13:11.500000Z,31.07
1869,20190101T141539Z,1J.TI6A.,"['CH1', 'CH2', 'CHZ']",2019-01-01T14:15:39.260000Z,1.89
1870,20190101T141555Z,1J.TI6A.,"['CH1', 'CH2', 'CHZ']",2019-01-01T14:15:56.690000Z,5.93
1871,20190101T141610Z,1J.TI6A.,"['CH1', 'CH2', 'CHZ']",2019-01-01T14:16:14.880000Z,1.58
1872,20190101T141756Z,1J.TI6A.,"['CH1', 'CH2', 'CHZ']",2019-01-01T14:17:56.410000Z,2.63
1873,20190101T142030Z,1J.TI6A.,"['CH1', 'CH2', 'CHZ']",2019-01-01T14:20:30.990000Z,2.84
1874,20190101T142249Z,1J.TI6A.,"['CH1', 'CH2', 'CHZ']",2019-01-01T14:22:53.270000Z,9.46
1875,20190101T142504Z,1J.TI6A.,"['CH1', 'CH2', 'CHZ']",2019-01-01T14:25:04.980000Z,3.79
1876,20190101T142530Z,1J.TI6A.,"['CH1', 'CH2', 'CHZ']",2019-01-01T14:25:31.510000Z,51.62
1877,20190101T142804Z,1J.TI6A.,"['CH1', 'CH2', 'CHZ']",2019-01-01T14:28:04.600000Z,10.72
1878,20190101T142910Z,1J.TI6A.,"['CH1', 'CH2', 'CHZ']",2019-01-01T14:29:10.940000Z,2.72
1879,20190101T143007Z,1J.TI6A.,"['CH1', 'CH2', 'CHZ']",2019-01-01T14:30:07.880000Z,52.54
1880,20190101T143310Z,1J.TI6A.,"['CH1', 'CH2', 'CHZ']",2019-01-01T14:33:15.080000Z,1.37
1881,20190101T143324Z,1J.TI6A.,"['CH1', 'CH2', 'CHZ']",2019-01-01T14:33:24.970000Z,2.74
1882,20190101T143533Z,1J.TI6A.,"['CH1', 'CH2', 'CHZ']",2019-01-01T14:35:41.370000Z,6.56
1883,20190101T143810Z,1J.TI6A.,"['CH1', 'CH2', 'CHZ']",2019-01-01T14:38:10.210000Z,5.83
1884,20190101T144042Z,1J.TI6A.,"['CH1', 'CH2', 'CHZ']",2019-01-01T14:40:42.970000Z,10.36
1885,20190101T144058Z,1J.TI6A.,"['CH1', 'CH2', 'CHZ']",2019-01-01T14:40:58.620000Z,5.99
1886,20190101T144328Z,1J.TI6A.,"['CH1', 'CH2', 'CHZ']",2019-01-01T14:43:30.370000Z,6.0
1887,20190101T144508Z,1J.TI6A.,"['CH1', 'CH2', 'CHZ']",2019-01-01T14:45:08.140000Z,5.12
1888,20190101T144721Z,1J.TI6A.,"['CH1', 'CH2', 'CHZ']",2019-01-01T14:47:21.950000Z,3.11
1889,20190101T144942Z,1J.TI6A.,"['CH1', 'CH2', 'CHZ']",2019-01-01T14:49:42.040000Z,2.27
1890,20190101T145053Z,1J.TI6A.,"['CH1', 'CH2', 'CHZ']",2019-01-01T14:50:53.370000Z,1.62
1891,20190101T145156Z,1J.TI6A.,"['CH1', 'CH2', 'CHZ']",2019-01-01T14:51:56.480000Z,1.74
1892,20190101T145321Z,1J.TI6A.,"['CH1', 'CH2', 'CHZ']",2019-01-01T14:53:21.240000Z,1.11
1893,20190101T145441Z,1J.TI6A.,"['CH1', 'CH2', 'CHZ']",2019-01-01T14:54:41.120000Z,1.45
1894,20190101T145601Z,1J.TI6A.,"['CH1', 'CH2', 'CHZ']",2019-01-01T14:56:15.730000Z,1.76
1895,20190101T145802Z,1J.TI6A.,"['CH1', 'CH2', 'CHZ']",2019-01-01T14:58:04.380000Z,50.38
1896,20190101T150014Z,1J.TI6A.,"['CH1', 'CH2', 'CHZ']",2019-01-01T15:00:14.510000Z,0.97
1897,20190101T150117Z,1J.TI6A.,"['CH1', 'CH2', 'CHZ']",2019-01-01T15:01:20.750000Z,4.53
1898,20190101T150535Z,1J.TI6A.,"['CH1', 'CH2', 'CHZ']",2019-01-01T15:05:35.370000Z,1.87
1899,20190101T150712Z,1J.TI6A.,"['CH1', 'CH2', 'CHZ']",2019-01-01T15:07:15.870000Z,4.2
1900,20190101T150945Z,1J.TI6A.,"['CH1', 'CH2', 'CHZ']",2019-01-01T15:09:45.590000Z,2.19
1901,20190101T151407Z,1J.TI6A.,"['CH1', 'CH2', 'CHZ']",2019-01-01T15:14:15.600000Z,3.82
1902,20190101T151441Z,1J.TI6A.,"['CH1', 'CH2', 'CHZ']",2019-01-01T15:15:17.440000Z,22.96
1903,20190101T151631Z,1J.TI6A.,"['CH1', 'CH2', 'CHZ']",2019-01-01T15:16:35.740000Z,8.39
1904,20190101T151733Z,1J.TI6A.,"['CH1', 'CH2', 'CHZ']",2019-01-01T15:17:33.400000Z,7.37
1905,20190101T151833Z,1J.TI6A.,"['CH1', 'CH2', 'CHZ']",2019-01-01T15:18:33.860000Z,3.33
1906,20190101T151943Z,1J.TI6A.,"['CH1', 'CH2', 'CHZ']",2019-01-01T15:19:43.720000Z,8.35
1907,20190101T152144Z,1J.TI6A.,"['CH1', 'CH2', 'CHZ']",2019-01-01T15:21:47.750000Z,8.21
1908,20190101T152407Z,1J.TI6A.,"['CH1', 'CH2', 'CHZ']",2019-01-01T15:24:07.490000Z,2.21
1909,20190101T152450Z,1J.TI6A.,"['CH1', 'CH2', 'CHZ']",2019-01-01T15:24:52.340000Z,22.24
1910,20190101T152530Z,1J.TI6A.,"['CH1', 'CH2', 'CHZ']",2019-01-01T15:25:38.350000Z,15.29
1911,20190101T152803Z,1J.TI6A.,"['CH1', 'CH2', 'CHZ']",2019-01-01T15:28:03.370000Z,2.1
1912,20190101T153157Z,1J.TI6A.,"['CH1', 'CH2', 'CHZ']",2019-01-01T15:31:57.680000Z,0.97
1913,20190101T153427Z,1J.TI6A.,"['CH1', 'CH2', 'CHZ']",2019-01-01T15:34:27.700000Z,1.76
1914,20190101T154014Z,1J.TI6A.,"['CH1', 'CH2', 'CHZ']",2019-01-01T15:40:14.060000Z,1.42
1915,20190101T154104Z,1J.TI6A.,"['CH1', 'CH2', 'CHZ']",2019-01-01T15:41:08.960000Z,1.38
1916,20190101T154632Z,1J.TI6A.,"['CH1', 'CH2', 'CHZ']",2019-01-01T15:46:32.790000Z,17.1
1917,20190101T154734Z,1J.TI6A.,"['CH1', 'CH2', 'CHZ']",2019-01-01T15:47:35.560000Z,9.13
1918,20190101T155257Z,1J.TI6A.,"['CH1', 'CH2', 'CHZ']",2019-01-01T15:52:59.150000Z,11.73
1919,20190101T155421Z,1J.TI6A.,"['CH1', 'CH2', 'CHZ']",2019-01-01T15:54:23.180000Z,9.8
1920,20190101T155703Z,1J.TI6A.,"['CH1', 'CH2', 'CHZ']",2019-01-01T15:57:03.010000Z,15.65
1921,20190101T160301Z,1J.TI6A.,"['CH1', 'CH2', 'CHZ']",2019-01-01T16:03:01.460000Z,22.82
1922,20190101T160449Z,1J.TI6A.,"['CH1', 'CH2', 'CHZ']",2019-01-01T16:04:50.050000Z,15.79
1923,20190101T160922Z,1J.TI6A.,"['CH1', 'CH2', 'CHZ']",2019-01-01T16:09:22.420000Z,10.36
1924,20190101T161016Z,1J.TI6A.,"['CH1', 'CH2', 'CHZ']",2019-01-01T16:10:16.750000Z,24.97
1925,20190101T162224Z,1J.TI6A.,"['CH1', 'CH2', 'CHZ']",2019-01-01T16:22:24.300000Z,9.09
1926,20190101T162334Z,1J.TI6A.,"['CH1', 'CH2', 'CHZ']",2019-01-01T16:23:49.410000Z,18.52
1927,20190101T163444Z,1J.TI6A.,"['CH1', 'CH2', 'CHZ']",2019-01-01T16:34:59.010000Z,16.18
1928,20190101T163552Z,1J.TI6A.,"['CH1', 'CH2', 'CHZ']",2019-01-01T16:35:52.250000Z,10.69
1929,20190101T163739Z,1J.TI6A.,"['CH1', 'CH2', 'CHZ']",2019-01-01T16:37:40.770000Z,13.17
1930,20190101T163937Z,1J.TI6A.,"['CH1', 'CH2', 'CHZ']",2019-01-01T16:39:37.690000Z,77.11
1931,20190101T164913Z,1J.TI6A.,"['CH1', 'CH2', 'CHZ']",2019-01-01T16:49:13.380000Z,25.27
1932,20190101T165157Z,1J.TI6A.,"['CH1', 'CH2', 'CHZ']",2019-01-01T16:51:57.330000Z,10.36
1933,20190101T165223Z,1J.TI6A.,"['CH1', 'CH2', 'CHZ']",2019-01-01T16:52:24.550000Z,17.28
1934,20190101T165534Z,1J.TI6A.,"['CH1', 'CH2', 'CHZ']",2019-01-01T16:55:35.490000Z,7.45
1935,20190101T165832Z,1J.TI6A.,"['CH1', 'CH2', 'CHZ']",2019-01-01T16:58:32.830000Z,13.24
1936,20190101T165940Z,1J.TI6A.,"['CH1', 'CH2', 'CHZ']",2019-01-01T16:59:41.830000Z,3.41
1937,20190101T170136Z,1J.TI6A.,"['CH1', 'CH2', 'CHZ']",2019-01-01T17:01:36.080000Z,2.24
1938,20190101T170359Z,1J.TI6A.,"['CH1', 'CH2', 'CHZ']",2019-01-01T17:03:59.840000Z,13.24
1939,20190101T170537Z,1J.TI6A.,"['CH1', 'CH2', 'CHZ']",2019-01-01T17:05:38.760000Z,16.55
1940,20190101T170706Z,1J.TI6A.,"['CH1', 'CH2', 'CHZ']",2019-01-01T17:07:10.110000Z,8.95
1941,20190101T170832Z,1J.TI6A.,"['CH1', 'CH2', 'CHZ']",2019-01-01T17:08:35.880000Z,16.25
1942,20190101T171004Z,1J.TI6A.,"['CH1', 'CH2', 'CHZ']",2019-01-01T17:10:04.830000Z,13.77
1943,20190101T171314Z,1J.TI6A.,"['CH1', 'CH2', 'CHZ']",2019-01-01T17:13:14.650000Z,23.86
1944,20190101T171600Z,1J.TI6A.,"['CH1', 'CH2', 'CHZ']",2019-01-01T17:16:00.400000Z,13.9
1945,20190101T171650Z,1J.TI6A.,"['CH1', 'CH2', 'CHZ']",2019-01-01T17:16:53.720000Z,2.75
1946,20190101T172009Z,1J.TI6A.,"['CH1', 'CH2', 'CHZ']",2019-01-01T17:20:09.080000Z,4.82
1947,20190101T172524Z,1J.TI6A.,"['CH1', 'CH2', 'CHZ']",2019-01-01T17:25:24.630000Z,5.51
1948,20190101T173004Z,1J.TI6A.,"['CH1', 'CH2', 'CHZ']",2019-01-01T17:30:08.180000Z,10.33
1949,20190101T173024Z,1J.TI6A.,"['CH1', 'CH2', 'CHZ']",2019-01-01T17:30:24.790000Z,9.88
1950,20190101T173754Z,1J.TI6A.,"['CH1', 'CH2', 'CHZ']",2019-01-01T17:37:54.420000Z,16.93
1951,20190101T174213Z,1J.TI6A.,"['CH1', 'CH2', 'CHZ']",2019-01-01T17:42:13.520000Z,14.08
1952,20190101T175410Z,1J.TI6A.,"['CH1', 'CH2', 'CHZ']",2019-01-01T17:54:10.740000Z,22.89
1953,20190101T175531Z,1J.TI6A.,"['CH1', 'CH2', 'CHZ']",2019-01-01T17:55:32.400000Z,6.4
1954,20190101T180004Z,1J.TI6A.,"['CH1', 'CH2', 'CHZ']",2019-01-01T18:00:28.920000Z,11.7
1955,20190101T180815Z,1J.TI6A.,"['CH1', 'CH2', 'CHZ']",2019-01-01T18:08:15.330000Z,35.2
1956,20190101T181055Z,1J.TI6A.,"['CH1', 'CH2', 'CHZ']",2019-01-01T18:10:55.310000Z,4.57
1957,20190101T181140Z,1J.TI6A.,"['CH1', 'CH2', 'CHZ']",2019-01-01T18:11:40.960000Z,1.12
1958,20190101T181342Z,1J.TI6A.,"['CH1', 'CH2', 'CHZ']",2019-01-01T18:13:42.450000Z,11.11
1959,20190101T181423Z,1J.TI6A.,"['CH1', 'CH2', 'CHZ']",2019-01-01T18:14:23.350000Z,14.4
1960,20190101T181831Z,1J.TI6A.,"['CH1', 'CH2', 'CHZ']",2019-01-01T18:18:32.430000Z,14.9
1961,20190101T182756Z,1J.TI6A.,"['CH1', 'CH2', 'CHZ']",2019-01-01T18:27:56.900000Z,15.81
1962,20190101T182841Z,1J.TI6A.,"['CH1', 'CH2', 'CHZ']",2019-01-01T18:28:41.460000Z,1.12
1963,20190101T183412Z,1J.TI6A.,"['CH1', 'CH2', 'CHZ']",2019-01-01T18:34:13.940000Z,16.61
1964,20190101T183451Z,1J.TI6A.,"['CH1', 'CH2', 'CHZ']",2019-01-01T18:34:51.560000Z,22.62
1965,20190101T183624Z,1J.TI6A.,"['CH1', 'CH2', 'CHZ']",2019-01-01T18:36:24.060000Z,1.57
1966,20190101T184125Z,1J.TI6A.,"['CH1', 'CH2', 'CHZ']",2019-01-01T18:41:25.350000Z,15.87
1967,20190101T184249Z,1J.TI6A.,"['CH1', 'CH2', 'CHZ']",2019-01-01T18:42:50.010000Z,13.57
1968,20190101T184604Z,1J.TI6A.,"['CH1', 'CH2', 'CHZ']",2019-01-01T18:46:04.010000Z,4.81
1969,20190101T185213Z,1J.TI6A.,"['CH1', 'CH2', 'CHZ']",2019-01-01T18:52:13.320000Z,20.21
1970,20190101T185515Z,1J.TI6A.,"['CH1', 'CH2', 'CHZ']",2019-01-01T18:55:16.390000Z,14.08
1971,20190101T185752Z,1J.TI6A.,"['CH1', 'CH2', 'CHZ']",2019-01-01T18:57:52.250000Z,14.42
1972,20190101T190149Z,1J.TI6A.,"['CH1', 'CH2', 'CHZ']",2019-01-01T19:01:49.600000Z,50.78
1973,20190101T190456Z,1J.TI6A.,"['CH1', 'CH2', 'CHZ']",2019-01-01T19:04:56.830000Z,16.73
1974,20190101T190803Z,1J.TI6A.,"['CH1', 'CH2', 'CHZ']",2019-01-01T19:08:03.110000Z,52.11
1975,20190101T190954Z,1J.TI6A.,"['CH1', 'CH2', 'CHZ']",2019-01-01T19:09:54.890000Z,5.35
1976,20190101T191127Z,1J.TI6A.,"['CH1', 'CH2', 'CHZ']",2019-01-01T19:11:28.560000Z,8.12
1977,20190101T191400Z,1J.TI6A.,"['CH1', 'CH2', 'CHZ']",2019-01-01T19:14:00.440000Z,2.49
1978,20190101T191541Z,1J.TI6A.,"['CH1', 'CH2', 'CHZ']",2019-01-01T19:15:41.810000Z,23.07
1979,20190101T192205Z,1J.TI6A.,"['CH1', 'CH2', 'CHZ']",2019-01-01T19:22:05.860000Z,1.4
1980,20190101T192616Z,1J.TI6A.,"['CH1', 'CH2', 'CHZ']",2019-01-01T19:26:16.610000Z,15.22
1981,20190101T192752Z,1J.TI6A.,"['CH1', 'CH2', 'CHZ']",2019-01-01T19:27:52.600000Z,25.18
1982,20190101T192958Z,1J.TI6A.,"['CH1', 'CH2', 'CHZ']",2019-01-01T19:29:58.310000Z,5.71
1983,20190101T193412Z,1J.TI6A.,"['CH1', 'CH2', 'CHZ']",2019-01-01T19:34:19.150000Z,1.36
1984,20190101T194031Z,1J.TI6A.,"['CH1', 'CH2', 'CHZ']",2019-01-01T19:40:36.730000Z,14.63
1985,20190101T194159Z,1J.TI6A.,"['CH1', 'CH2', 'CHZ']",2019-01-01T19:41:59.480000Z,11.24
1986,20190101T194404Z,1J.TI6A.,"['CH1', 'CH2', 'CHZ']",2019-01-01T19:44:08.320000Z,16.22
1987,20190101T194706Z,1J.TI6A.,"['CH1', 'CH2', 'CHZ']",2019-01-01T19:47:09.990000Z,7.88
1988,20190101T195306Z,1J.TI6A.,"['CH1', 'CH2', 'CHZ']",2019-01-01T19:53:06.610000Z,24.37
1989,20190101T195435Z,1J.TI6A.,"['CH1', 'CH2', 'CHZ']",2019-01-01T19:54:35.950000Z,56.63
1990,20190101T195728Z,1J.TI6A.,"['CH1', 'CH2', 'CHZ']",2019-01-01T19:57:28.230000Z,6.76
1991,20190101T200043Z,1J.TI6A.,"['CH1', 'CH2', 'CHZ']",2019-01-01T20:00:47.050000Z,4.36
1992,20190101T201354Z,1J.TI6A.,"['CH1', 'CH2', 'CHZ']",2019-01-01T20:13:56.820000Z,6.47
1993,20190101T201715Z,1J.TI6A.,"['CH1', 'CH2', 'CHZ']",2019-01-01T20:17:15.290000Z,44.86
1994,20190101T203308Z,1J.TI6A.,"['CH1', 'CH2', 'CHZ']",2019-01-01T20:33:13.330000Z,1.21
1995,20190101T203336Z,1J.TI6A.,"['CH1', 'CH2', 'CHZ']",2019-01-01T20:33:52.060000Z,10.83
1996,20190101T205846Z,1J.TI6A.,"['CH1', 'CH2', 'CHZ']",2019-01-01T20:58:46.890000Z,16.48
1997,20190101T211935Z,1J.TI6A.,"['CH1', 'CH2', 'CHZ']",2019-01-01T21:19:38.120000Z,2.89
1998,20190101T213439Z,1J.TI6A.,"['CH1', 'CH2', 'CHZ']",2019-01-01T21:34:39.520000Z,1.61
1999,20190101T213726Z,1J.TI6A.,"['CH1', 'CH2', 'CHZ']",2019-01-01T21:37:26.440000Z,5.83
2000,20190101T214456Z,1J.TI6A.,"['CH1', 'CH2', 'CHZ']",2019-01-01T21:44:56.310000Z,1.68
2001,20190101T214506Z,1J.TI6A.,"['CH1', 'CH2', 'CHZ']",2019-01-01T21:45:06.140000Z,1.52
2002,20190101T215038Z,1J.TI6A.,"['CH1', 'CH2', 'CHZ']",2019-01-01T21:50:40.780000Z,4.68
2003,20190101T220148Z,1J.TI6A.,"['CH1', 'CH2', 'CHZ']",2019-01-01T22:02:19.570000Z,11.97
2004,20190101T225553Z,1J.TI6A.,"['CH1', 'CH2', 'CHZ']",2019-01-01T22:57:01.400000Z,7.44
2005,20190101T231122Z,1J.TI6A.,"['CH1', 'CH2', 'CHZ']",2019-01-01T23:11:22.200000Z,21.82
2006,20190101T232254Z,1J.TI6A.,"['CH1', 'CH2', 'CHZ']",2019-01-01T23:22:57.120000Z,1.8
2007,20190101T232439Z,1J.TI6A.,"['CH1', 'CH2', 'CHZ']",2019-01-01T23:24:39.270000Z,1.36
2008,20190101T232636Z,1J.TI6A.,"['CH1', 'CH2', 'CHZ']",2019-01-01T23:26:44.610000Z,21.17
2009,20190101T000109Z,1J.TI1A.,"['CH1', 'CH2', 'CHZ']",2019-01-01T00:01:11.430000Z,2.49
2010,20190101T001101Z,1J.TI1A.,"['CH1', 'CH2', 'CHZ']",2019-01-01T00:11:01.690000Z,18.63
2011,20190101T001821Z,1J.TI1A.,"['CH1', 'CH2', 'CHZ']",2019-01-01T00:18:21.910000Z,18.75
2012,20190101T001902Z,1J.TI1A.,"['CH1', 'CH2', 'CHZ']",2019-01-01T00:19:02.180000Z,20.94
2013,20190101T002501Z,1J.TI1A.,"['CH1', 'CH2', 'CHZ']",2019-01-01T00:25:01.680000Z,13.45
2014,20190101T002608Z,1J.TI1A.,"['CH1', 'CH2', 'CHZ']",2019-01-01T00:26:08.810000Z,19.14
2015,20190101T002642Z,1J.TI1A.,"['CH1', 'CH2', 'CHZ']",2019-01-01T00:26:42.220000Z,4.96
2016,20190101T003541Z,1J.TI1A.,"['CH1', 'CH2', 'CHZ']",2019-01-01T00:35:41.630000Z,2.39
2017,20190101T003634Z,1J.TI1A.,"['CH1', 'CH2', 'CHZ']",2019-01-01T00:36:34.500000Z,64.68
2018,20190101T003818Z,1J.TI1A.,"['CH1', 'CH2', 'CHZ']",2019-01-01T00:39:47.690000Z,5.22
2019,20190101T004029Z,1J.TI1A.,"['CH1', 'CH2', 'CHZ']",2019-01-01T00:40:29.840000Z,3.79
2020,20190101T004050Z,1J.TI1A.,"['CH1', 'CH2', 'CHZ']",2019-01-01T00:40:50.010000Z,10.96
2021,20190101T004715Z,1J.TI1A.,"['CH1', 'CH2', 'CHZ']",2019-01-01T00:47:15.830000Z,4.26
2022,20190101T012708Z,1J.TI1A.,"['CH1', 'CH2', 'CHZ']",2019-01-01T01:27:08.450000Z,4.88
2023,20190101T012812Z,1J.TI1A.,"['CH1', 'CH2', 'CHZ']",2019-01-01T01:28:12.250000Z,3.83
2024,20190101T012912Z,1J.TI1A.,"['CH1', 'CH2', 'CHZ']",2019-01-01T01:29:12.460000Z,1.47
2025,20190101T022020Z,1J.TI1A.,"['CH1', 'CH2', 'CHZ']",2019-01-01T02:20:20.670000Z,23.04
2026,20190101T022223Z,1J.TI1A.,"['CH1', 'CH2', 'CHZ']",2019-01-01T02:22:23.070000Z,16.51
2027,20190101T043311Z,1J.TI1A.,"['CH1', 'CH2', 'CHZ']",2019-01-01T04:33:11.960000Z,7.25
2028,20190101T060316Z,1J.TI1A.,"['CH1', 'CH2', 'CHZ']",2019-01-01T06:03:16.780000Z,30.02
2029,20190101T060630Z,1J.TI1A.,"['CH1', 'CH2', 'CHZ']",2019-01-01T06:06:38.260000Z,2.02
2030,20190101T062750Z,1J.TI1A.,"['CH1', 'CH2', 'CHZ']",2019-01-01T06:27:51.150000Z,24.53
2031,20190101T063954Z,1J.TI1A.,"['CH1', 'CH2', 'CHZ']",2019-01-01T06:39:54.690000Z,13.47
2032,20190101T064354Z,1J.TI1A.,"['CH1', 'CH2', 'CHZ']",2019-01-01T06:43:54.440000Z,3.6
2033,20190101T064610Z,1J.TI1A.,"['CH1', 'CH2', 'CHZ']",2019-01-01T06:46:10.140000Z,1.46
2034,20190101T064629Z,1J.TI1A.,"['CH1', 'CH2', 'CHZ']",2019-01-01T06:46:29.230000Z,9.64
2035,20190101T065152Z,1J.TI1A.,"['CH1', 'CH2', 'CHZ']",2019-01-01T06:51:52.640000Z,24.84
2036,20190101T065633Z,1J.TI1A.,"['CH1', 'CH2', 'CHZ']",2019-01-01T06:56:35.370000Z,25.8
2037,20190101T065740Z,1J.TI1A.,"['CH1', 'CH2', 'CHZ']",2019-01-01T06:57:40.690000Z,22.12
2038,20190101T065954Z,1J.TI1A.,"['CH1', 'CH2', 'CHZ']",2019-01-01T06:59:58.110000Z,19.51
2039,20190101T070441Z,1J.TI1A.,"['CH1', 'CH2', 'CHZ']",2019-01-01T07:04:41.890000Z,5.77
2040,20190101T071437Z,1J.TI1A.,"['CH1', 'CH2', 'CHZ']",2019-01-01T07:14:37.470000Z,12.37
2041,20190101T071819Z,1J.TI1A.,"['CH1', 'CH2', 'CHZ']",2019-01-01T07:18:22.880000Z,43.75
2042,20190101T072031Z,1J.TI1A.,"['CH1', 'CH2', 'CHZ']",2019-01-01T07:20:31.190000Z,3.63
2043,20190101T072323Z,1J.TI1A.,"['CH1', 'CH2', 'CHZ']",2019-01-01T07:23:27.980000Z,4.99
2044,20190101T072541Z,1J.TI1A.,"['CH1', 'CH2', 'CHZ']",2019-01-01T07:25:41.190000Z,18.75
2045,20190101T072900Z,1J.TI1A.,"['CH1', 'CH2', 'CHZ']",2019-01-01T07:29:00.080000Z,3.95
2046,20190101T073017Z,1J.TI1A.,"['CH1', 'CH2', 'CHZ']",2019-01-01T07:30:19.090000Z,17.64
2047,20190101T073441Z,1J.TI1A.,"['CH1', 'CH2', 'CHZ']",2019-01-01T07:34:43.630000Z,2.43
2048,20190101T073520Z,1J.TI1A.,"['CH1', 'CH2', 'CHZ']",2019-01-01T07:35:20.080000Z,12.65
2049,20190101T074847Z,1J.TI1A.,"['CH1', 'CH2', 'CHZ']",2019-01-01T07:48:47.830000Z,10.85
2050,20190101T075033Z,1J.TI1A.,"['CH1', 'CH2', 'CHZ']",2019-01-01T07:50:33.380000Z,7.03
2051,20190101T075059Z,1J.TI1A.,"['CH1', 'CH2', 'CHZ']",2019-01-01T07:51:08.860000Z,33.02
2052,20190101T075211Z,1J.TI1A.,"['CH1', 'CH2', 'CHZ']",2019-01-01T07:52:11.850000Z,2.99
2053,20190101T075220Z,1J.TI1A.,"['CH1', 'CH2', 'CHZ']",2019-01-01T07:52:20.310000Z,76.14
2054,20190101T075635Z,1J.TI1A.,"['CH1', 'CH2', 'CHZ']",2019-01-01T07:56:35.790000Z,1.9
2055,20190101T075756Z,1J.TI1A.,"['CH1', 'CH2', 'CHZ']",2019-01-01T07:58:03.540000Z,3.52
2056,20190101T075856Z,1J.TI1A.,"['CH1', 'CH2', 'CHZ']",2019-01-01T07:58:56.380000Z,41.34
2057,20190101T080357Z,1J.TI1A.,"['CH1', 'CH2', 'CHZ']",2019-01-01T08:03:57.600000Z,3.1
2058,20190101T080553Z,1J.TI1A.,"['CH1', 'CH2', 'CHZ']",2019-01-01T08:05:54.350000Z,9.67
2059,20190101T080653Z,1J.TI1A.,"['CH1', 'CH2', 'CHZ']",2019-01-01T08:06:53.060000Z,3.09
2060,20190101T080820Z,1J.TI1A.,"['CH1', 'CH2', 'CHZ']",2019-01-01T08:08:20.120000Z,1.73
2061,20190101T080850Z,1J.TI1A.,"['CH1', 'CH2', 'CHZ']",2019-01-01T08:09:15.610000Z,1.82
2062,20190101T080931Z,1J.TI1A.,"['CH1', 'CH2', 'CHZ']",2019-01-01T08:09:31.350000Z,10.37
2063,20190101T081000Z,1J.TI1A.,"['CH1', 'CH2', 'CHZ']",2019-01-01T08:10:13.510000Z,12.2
2064,20190101T081111Z,1J.TI1A.,"['CH1', 'CH2', 'CHZ']",2019-01-01T08:11:11.060000Z,9.79
2065,20190101T081132Z,1J.TI1A.,"['CH1', 'CH2', 'CHZ']",2019-01-01T08:11:32.130000Z,11.91
2066,20190101T081652Z,1J.TI1A.,"['CH1', 'CH2', 'CHZ']",2019-01-01T08:17:18.930000Z,4.6
2067,20190101T085511Z,1J.TI1A.,"['CH1', 'CH2', 'CHZ']",2019-01-01T08:55:11.500000Z,7.19
2068,20190101T091237Z,1J.TI1A.,"['CH1', 'CH2', 'CHZ']",2019-01-01T09:12:37.500000Z,21.13
2069,20190101T091513Z,1J.TI1A.,"['CH1', 'CH2', 'CHZ']",2019-01-01T09:15:19.090000Z,15.54
2070,20190101T091733Z,1J.TI1A.,"['CH1', 'CH2', 'CHZ']",2019-01-01T09:17:33.440000Z,1.7
2071,20190101T093313Z,1J.TI1A.,"['CH1', 'CH2', 'CHZ']",2019-01-01T09:33:15.610000Z,21.08
2072,20190101T093418Z,1J.TI1A.,"['CH1', 'CH2', 'CHZ']",2019-01-01T09:34:18.730000Z,1.76
2073,20190101T093504Z,1J.TI1A.,"['CH1', 'CH2', 'CHZ']",2019-01-01T09:35:04.440000Z,1.64
2074,20190101T093551Z,1J.TI1A.,"['CH1', 'CH2', 'CHZ']",2019-01-01T09:35:51.960000Z,4.24
2075,20190101T094549Z,1J.TI1A.,"['CH1', 'CH2', 'CHZ']",2019-01-01T09:45:49.780000Z,6.76
2076,20190101T094744Z,1J.TI1A.,"['CH1', 'CH2', 'CHZ']",2019-01-01T09:47:52.570000Z,10.56
2077,20190101T095159Z,1J.TI1A.,"['CH1', 'CH2', 'CHZ']",2019-01-01T09:51:59.860000Z,10.2
2078,20190101T095233Z,1J.TI1A.,"['CH1', 'CH2', 'CHZ']",2019-01-01T09:52:33.280000Z,22.83
2079,20190101T100422Z,1J.TI1A.,"['CH1', 'CH2', 'CHZ']",2019-01-01T10:04:22.690000Z,16.0
2080,20190101T100905Z,1J.TI1A.,"['CH1', 'CH2', 'CHZ']",2019-01-01T10:09:09.080000Z,25.15
2081,20190101T101549Z,1J.TI1A.,"['CH1', 'CH2', 'CHZ']",2019-01-01T10:15:49.620000Z,11.33
2082,20190101T102131Z,1J.TI1A.,"['CH1', 'CH2', 'CHZ']",2019-01-01T10:21:33.060000Z,4.5
2083,20190101T102548Z,1J.TI1A.,"['CH1', 'CH2', 'CHZ']",2019-01-01T10:25:48.760000Z,45.66
2084,20190101T103130Z,1J.TI1A.,"['CH1', 'CH2', 'CHZ']",2019-01-01T10:31:33.490000Z,53.64
2085,20190101T103455Z,1J.TI1A.,"['CH1', 'CH2', 'CHZ']",2019-01-01T10:34:55.570000Z,13.28
2086,20190101T103745Z,1J.TI1A.,"['CH1', 'CH2', 'CHZ']",2019-01-01T10:37:45.680000Z,33.24
2087,20190101T103828Z,1J.TI1A.,"['CH1', 'CH2', 'CHZ']",2019-01-01T10:38:28.440000Z,24.17
2088,20190101T104149Z,1J.TI1A.,"['CH1', 'CH2', 'CHZ']",2019-01-01T10:41:52.800000Z,6.27
2089,20190101T104244Z,1J.TI1A.,"['CH1', 'CH2', 'CHZ']",2019-01-01T10:42:44.650000Z,5.86
2090,20190101T110922Z,1J.TI1A.,"['CH1', 'CH2', 'CHZ']",2019-01-01T11:09:22.700000Z,65.45
2091,20190101T112229Z,1J.TI1A.,"['CH1', 'CH2', 'CHZ']",2019-01-01T11:22:31.390000Z,25.06
2092,20190101T112638Z,1J.TI1A.,"['CH1', 'CH2', 'CHZ']",2019-01-01T11:26:42.660000Z,17.7
2093,20190101T114659Z,1J.TI1A.,"['CH1', 'CH2', 'CHZ']",2019-01-01T11:46:59.290000Z,1.31
2094,20190101T114820Z,1J.TI1A.,"['CH1', 'CH2', 'CHZ']",2019-01-01T11:48:20.950000Z,27.66
2095,20190101T115624Z,1J.TI1A.,"['CH1', 'CH2', 'CHZ']",2019-01-01T11:56:24.640000Z,0.93
2096,20190101T121107Z,1J.TI1A.,"['CH1', 'CH2', 'CHZ']",2019-01-01T12:11:07.290000Z,0.72
2097,20190101T121224Z,1J.TI1A.,"['CH1', 'CH2', 'CHZ']",2019-01-01T12:12:24.170000Z,3.37
2098,20190101T122157Z,1J.TI1A.,"['CH1', 'CH2', 'CHZ']",2019-01-01T12:21:57.970000Z,22.32
2099,20190101T123040Z,1J.TI1A.,"['CH1', 'CH2', 'CHZ']",2019-01-01T12:30:40.400000Z,3.63
2100,20190101T123453Z,1J.TI1A.,"['CH1', 'CH2', 'CHZ']",2019-01-01T12:34:53.290000Z,0.88
2101,20190101T123623Z,1J.TI1A.,"['CH1', 'CH2', 'CHZ']",2019-01-01T12:36:23.210000Z,0.69
2102,20190101T124651Z,1J.TI1A.,"['CH1', 'CH2', 'CHZ']",2019-01-01T12:46:56.470000Z,2.32
2103,20190101T125121Z,1J.TI1A.,"['CH1', 'CH2', 'CHZ']",2019-01-01T12:51:23.860000Z,1.31
2104,20190101T125618Z,1J.TI1A.,"['CH1', 'CH2', 'CHZ']",2019-01-01T12:56:18.080000Z,0.91
2105,20190101T125931Z,1J.TI1A.,"['CH1', 'CH2', 'CHZ']",2019-01-01T12:59:31.520000Z,1.94
2106,20190101T130411Z,1J.TI1A.,"['CH1', 'CH2', 'CHZ']",2019-01-01T13:04:11.680000Z,1.98
2107,20190101T132222Z,1J.TI1A.,"['CH1', 'CH2', 'CHZ']",2019-01-01T13:22:22.480000Z,0.91
2108,20190101T132253Z,1J.TI1A.,"['CH1', 'CH2', 'CHZ']",2019-01-01T13:23:00.580000Z,17.6
2109,20190101T132401Z,1J.TI1A.,"['CH1', 'CH2', 'CHZ']",2019-01-01T13:24:01.840000Z,29.45
2110,20190101T133241Z,1J.TI1A.,"['CH1', 'CH2', 'CHZ']",2019-01-01T13:32:41.190000Z,2.44
2111,20190101T134437Z,1J.TI1A.,"['CH1', 'CH2', 'CHZ']",2019-01-01T13:44:38.540000Z,6.42
2112,20190101T134813Z,1J.TI1A.,"['CH1', 'CH2', 'CHZ']",2019-01-01T13:48:13.550000Z,1.29
2113,20190101T135140Z,1J.TI1A.,"['CH1', 'CH2', 'CHZ']",2019-01-01T13:51:40.800000Z,4.32
2114,20190101T135304Z,1J.TI1A.,"['CH1', 'CH2', 'CHZ']",2019-01-01T13:53:05.540000Z,3.09
2115,20190101T135436Z,1J.TI1A.,"['CH1', 'CH2', 'CHZ']",2019-01-01T13:54:36.560000Z,1.15
2116,20190101T141027Z,1J.TI1A.,"['CH1', 'CH2', 'CHZ']",2019-01-01T14:10:27.010000Z,12.54
2117,20190101T141548Z,1J.TI1A.,"['CH1', 'CH2', 'CHZ']",2019-01-01T14:15:48.050000Z,0.96
2118,20190101T141856Z,1J.TI1A.,"['CH1', 'CH2', 'CHZ']",2019-01-01T14:18:56.700000Z,20.85
2119,20190101T163444Z,1J.TI1A.,"['CH1', 'CH2', 'CHZ']",2019-01-01T16:34:44.510000Z,17.32
2120,20190101T173404Z,1J.TI1A.,"['CH1', 'CH2', 'CHZ']",2019-01-01T17:34:04.550000Z,1.0
2121,20190101T173950Z,1J.TI1A.,"['CH1', 'CH2', 'CHZ']",2019-01-01T17:39:52.720000Z,13.32
2122,20190101T180659Z,1J.TI1A.,"['CH1', 'CH2', 'CHZ']",2019-01-01T18:06:59.620000Z,0.96
2123,20190101T190703Z,1J.TI1A.,"['CH1', 'CH2', 'CHZ']",2019-01-01T19:07:03.970000Z,1.57
2124,20190101T191216Z,1J.TI1A.,"['CH1', 'CH2', 'CHZ']",2019-01-01T19:12:16.360000Z,2.78
2125,20190101T191828Z,1J.TI1A.,"['CH1', 'CH2', 'CHZ']",2019-01-01T19:18:28.580000Z,19.15
2126,20190101T191946Z,1J.TI1A.,"['CH1', 'CH2', 'CHZ']",2019-01-01T19:19:46.840000Z,42.13
2127,20190101T192412Z,1J.TI1A.,"['CH1', 'CH2', 'CHZ']",2019-01-01T19:24:12.870000Z,0.75
2128,20190101T192605Z,1J.TI1A.,"['CH1', 'CH2', 'CHZ']",2019-01-01T19:26:05.330000Z,7.15
2129,20190101T192752Z,1J.TI1A.,"['CH1', 'CH2', 'CHZ']",2019-01-01T19:27:57.570000Z,10.0
2130,20190101T192836Z,1J.TI1A.,"['CH1', 'CH2', 'CHZ']",2019-01-01T19:28:36.590000Z,6.87
2131,20190101T192958Z,1J.TI1A.,"['CH1', 'CH2', 'CHZ']",2019-01-01T19:30:02.130000Z,1.36
2132,20190101T193243Z,1J.TI1A.,"['CH1', 'CH2', 'CHZ']",2019-01-01T19:32:45.210000Z,3.88
2133,20190101T193342Z,1J.TI1A.,"['CH1', 'CH2', 'CHZ']",2019-01-01T19:33:42.240000Z,2.92
2134,20190101T193401Z,1J.TI1A.,"['CH1', 'CH2', 'CHZ']",2019-01-01T19:34:02.300000Z,1.56
2135,20190101T193433Z,1J.TI1A.,"['CH1', 'CH2', 'CHZ']",2019-01-01T19:34:40.720000Z,51.54
2136,20190101T193659Z,1J.TI1A.,"['CH1', 'CH2', 'CHZ']",2019-01-01T19:37:00.570000Z,2.13
2137,20190101T193723Z,1J.TI1A.,"['CH1', 'CH2', 'CHZ']",2019-01-01T19:37:23.460000Z,3.67
2138,20190101T193750Z,1J.TI1A.,"['CH1', 'CH2', 'CHZ']",2019-01-01T19:37:50.900000Z,5.14
2139,20190101T193803Z,1J.TI1A.,"['CH1', 'CH2', 'CHZ']",2019-01-01T19:38:03.750000Z,4.96
2140,20190101T193845Z,1J.TI1A.,"['CH1', 'CH2', 'CHZ']",2019-01-01T19:38:47.100000Z,1.55
2141,20190101T193917Z,1J.TI1A.,"['CH1', 'CH2', 'CHZ']",2019-01-01T19:39:18.000000Z,3.28
2142,20190101T194315Z,1J.TI1A.,"['CH1', 'CH2', 'CHZ']",2019-01-01T19:43:15.510000Z,0.75
2143,20190101T194404Z,1J.TI1A.,"['CH1', 'CH2', 'CHZ']",2019-01-01T19:44:04.970000Z,18.27
2144,20190101T194443Z,1J.TI1A.,"['CH1', 'CH2', 'CHZ']",2019-01-01T19:44:43.290000Z,19.68
2145,20190101T194622Z,1J.TI1A.,"['CH1', 'CH2', 'CHZ']",2019-01-01T19:46:22.090000Z,2.37
2146,20190101T194655Z,1J.TI1A.,"['CH1', 'CH2', 'CHZ']",2019-01-01T19:46:55.400000Z,1.93
2147,20190101T194812Z,1J.TI1A.,"['CH1', 'CH2', 'CHZ']",2019-01-01T19:48:12.030000Z,1.25
2148,20190101T194857Z,1J.TI1A.,"['CH1', 'CH2', 'CHZ']",2019-01-01T19:49:02.860000Z,1.75
2149,20190101T194914Z,1J.TI1A.,"['CH1', 'CH2', 'CHZ']",2019-01-01T19:49:14.980000Z,4.59
2150,20190101T194944Z,1J.TI1A.,"['CH1', 'CH2', 'CHZ']",2019-01-01T19:49:44.840000Z,4.77
2151,20190101T195041Z,1J.TI1A.,"['CH1', 'CH2', 'CHZ']",2019-01-01T19:50:41.950000Z,3.26
2152,20190101T195152Z,1J.TI1A.,"['CH1', 'CH2', 'CHZ']",2019-01-01T19:51:52.960000Z,4.05
2153,20190101T195241Z,1J.TI1A.,"['CH1', 'CH2', 'CHZ']",2019-01-01T19:52:41.770000Z,5.55
2154,20190101T195404Z,1J.TI1A.,"['CH1', 'CH2', 'CHZ']",2019-01-01T19:54:04.690000Z,0.73
2155,20190101T195435Z,1J.TI1A.,"['CH1', 'CH2', 'CHZ']",2019-01-01T19:54:42.030000Z,52.8
2156,20190101T195646Z,1J.TI1A.,"['CH1', 'CH2', 'CHZ']",2019-01-01T19:56:48.480000Z,4.11
2157,20190101T195822Z,1J.TI1A.,"['CH1', 'CH2', 'CHZ']",2019-01-01T19:58:22.480000Z,16.39
2158,20190101T195902Z,1J.TI1A.,"['CH1', 'CH2', 'CHZ']",2019-01-01T19:59:02.960000Z,4.74
2159,20190101T195941Z,1J.TI1A.,"['CH1', 'CH2', 'CHZ']",2019-01-01T19:59:41.910000Z,0.97
2160,20190101T200006Z,1J.TI1A.,"['CH1', 'CH2', 'CHZ']",2019-01-01T20:00:06.340000Z,0.7
2161,20190101T200043Z,1J.TI1A.,"['CH1', 'CH2', 'CHZ']",2019-01-01T20:00:51.810000Z,8.66
2162,20190101T200216Z,1J.TI1A.,"['CH1', 'CH2', 'CHZ']",2019-01-01T20:02:16.710000Z,3.94
2163,20190101T200409Z,1J.TI1A.,"['CH1', 'CH2', 'CHZ']",2019-01-01T20:04:11.050000Z,0.89
2164,20190101T200441Z,1J.TI1A.,"['CH1', 'CH2', 'CHZ']",2019-01-01T20:04:41.840000Z,3.63
2165,20190101T200701Z,1J.TI1A.,"['CH1', 'CH2', 'CHZ']",2019-01-01T20:07:01.920000Z,2.98
2166,20190101T200733Z,1J.TI1A.,"['CH1', 'CH2', 'CHZ']",2019-01-01T20:07:42.550000Z,18.3
2167,20190101T200913Z,1J.TI1A.,"['CH1', 'CH2', 'CHZ']",2019-01-01T20:09:13.310000Z,7.19
2168,20190101T200940Z,1J.TI1A.,"['CH1', 'CH2', 'CHZ']",2019-01-01T20:09:44.410000Z,19.0
2169,20190101T201027Z,1J.TI1A.,"['CH1', 'CH2', 'CHZ']",2019-01-01T20:10:27.490000Z,2.39
2170,20190101T201120Z,1J.TI1A.,"['CH1', 'CH2', 'CHZ']",2019-01-01T20:11:20.450000Z,1.39
2171,20190101T201201Z,1J.TI1A.,"['CH1', 'CH2', 'CHZ']",2019-01-01T20:12:01.020000Z,5.91
2172,20190101T201220Z,1J.TI1A.,"['CH1', 'CH2', 'CHZ']",2019-01-01T20:12:20.610000Z,1.43
2173,20190101T201327Z,1J.TI1A.,"['CH1', 'CH2', 'CHZ']",2019-01-01T20:13:27.930000Z,11.37
2174,20190101T201408Z,1J.TI1A.,"['CH1', 'CH2', 'CHZ']",2019-01-01T20:14:08.840000Z,18.26
2175,20190101T201509Z,1J.TI1A.,"['CH1', 'CH2', 'CHZ']",2019-01-01T20:15:09.690000Z,4.83
2176,20190101T201646Z,1J.TI1A.,"['CH1', 'CH2', 'CHZ']",2019-01-01T20:16:46.190000Z,5.34
2177,20190101T201820Z,1J.TI1A.,"['CH1', 'CH2', 'CHZ']",2019-01-01T20:18:20.920000Z,20.19
2178,20190101T201851Z,1J.TI1A.,"['CH1', 'CH2', 'CHZ']",2019-01-01T20:18:51.980000Z,1.18
2179,20190101T201911Z,1J.TI1A.,"['CH1', 'CH2', 'CHZ']",2019-01-01T20:19:11.890000Z,1.06
2180,20190101T202035Z,1J.TI1A.,"['CH1', 'CH2', 'CHZ']",2019-01-01T20:20:37.250000Z,7.75
2181,20190101T202200Z,1J.TI1A.,"['CH1', 'CH2', 'CHZ']",2019-01-01T20:22:00.600000Z,1.13
2182,20190101T202244Z,1J.TI1A.,"['CH1', 'CH2', 'CHZ']",2019-01-01T20:22:44.660000Z,2.12
2183,20190101T202252Z,1J.TI1A.,"['CH1', 'CH2', 'CHZ']",2019-01-01T20:22:52.890000Z,3.92
2184,20190101T202341Z,1J.TI1A.,"['CH1', 'CH2', 'CHZ']",2019-01-01T20:23:41.890000Z,0.73
2185,20190101T202436Z,1J.TI1A.,"['CH1', 'CH2', 'CHZ']",2019-01-01T20:24:36.500000Z,19.71
2186,20190101T202613Z,1J.TI1A.,"['CH1', 'CH2', 'CHZ']",2019-01-01T20:26:13.910000Z,1.11
2187,20190101T202702Z,1J.TI1A.,"['CH1', 'CH2', 'CHZ']",2019-01-01T20:27:02.050000Z,1.97
2188,20190101T202721Z,1J.TI1A.,"['CH1', 'CH2', 'CHZ']",2019-01-01T20:27:21.570000Z,1.33
2189,20190101T202810Z,1J.TI1A.,"['CH1', 'CH2', 'CHZ']",2019-01-01T20:28:11.470000Z,5.01
2190,20190101T202834Z,1J.TI1A.,"['CH1', 'CH2', 'CHZ']",2019-01-01T20:28:34.540000Z,1.31
2191,20190101T202851Z,1J.TI1A.,"['CH1', 'CH2', 'CHZ']",2019-01-01T20:28:58.050000Z,3.91
2192,20190101T203007Z,1J.TI1A.,"['CH1', 'CH2', 'CHZ']",2019-01-01T20:30:07.290000Z,1.97
2193,20190101T203028Z,1J.TI1A.,"['CH1', 'CH2', 'CHZ']",2019-01-01T20:30:28.700000Z,2.63
2194,20190101T203053Z,1J.TI1A.,"['CH1', 'CH2', 'CHZ']",2019-01-01T20:30:53.120000Z,4.83
2195,20190101T203138Z,1J.TI1A.,"['CH1', 'CH2', 'CHZ']",2019-01-01T20:31:47.010000Z,7.85
2196,20190101T203205Z,1J.TI1A.,"['CH1', 'CH2', 'CHZ']",2019-01-01T20:32:05.340000Z,21.58
2197,20190101T203336Z,1J.TI1A.,"['CH1', 'CH2', 'CHZ']",2019-01-01T20:33:54.690000Z,3.0
2198,20190101T203548Z,1J.TI1A.,"['CH1', 'CH2', 'CHZ']",2019-01-01T20:35:48.680000Z,2.09
2199,20190101T203601Z,1J.TI1A.,"['CH1', 'CH2', 'CHZ']",2019-01-01T20:36:01.480000Z,3.26
2200,20190101T203627Z,1J.TI1A.,"['CH1', 'CH2', 'CHZ']",2019-01-01T20:36:27.050000Z,1.76
2201,20190101T203757Z,1J.TI1A.,"['CH1', 'CH2', 'CHZ']",2019-01-01T20:39:04.770000Z,18.21
2202,20190101T204127Z,1J.TI1A.,"['CH1', 'CH2', 'CHZ']",2019-01-01T20:41:32.480000Z,8.89
2203,20190101T204311Z,1J.TI1A.,"['CH1', 'CH2', 'CHZ']",2019-01-01T20:43:11.610000Z,12.55
2204,20190101T204347Z,1J.TI1A.,"['CH1', 'CH2', 'CHZ']",2019-01-01T20:43:47.650000Z,5.89
2205,20190101T204446Z,1J.TI1A.,"['CH1', 'CH2', 'CHZ']",2019-01-01T20:44:46.490000Z,2.95
2206,20190101T204456Z,1J.TI1A.,"['CH1', 'CH2', 'CHZ']",2019-01-01T20:44:56.890000Z,1.4
2207,20190101T204523Z,1J.TI1A.,"['CH1', 'CH2', 'CHZ']",2019-01-01T20:45:23.010000Z,6.6
2208,20190101T204643Z,1J.TI1A.,"['CH1', 'CH2', 'CHZ']",2019-01-01T20:46:43.350000Z,3.99
2209,20190101T204932Z,1J.TI1A.,"['CH1', 'CH2', 'CHZ']",2019-01-01T20:49:32.400000Z,2.14
2210,20190101T204944Z,1J.TI1A.,"['CH1', 'CH2', 'CHZ']",2019-01-01T20:49:44.030000Z,27.07
2211,20190101T205026Z,1J.TI1A.,"['CH1', 'CH2', 'CHZ']",2019-01-01T20:50:26.960000Z,15.7
2212,20190101T205128Z,1J.TI1A.,"['CH1', 'CH2', 'CHZ']",2019-01-01T20:51:28.050000Z,2.14
2213,20190101T205427Z,1J.TI1A.,"['CH1', 'CH2', 'CHZ']",2019-01-01T20:54:27.310000Z,4.65
2214,20190101T205514Z,1J.TI1A.,"['CH1', 'CH2', 'CHZ']",2019-01-01T20:55:14.870000Z,6.53
2215,20190101T205658Z,1J.TI1A.,"['CH1', 'CH2', 'CHZ']",2019-01-01T20:56:58.880000Z,5.97
2216,20190101T205833Z,1J.TI1A.,"['CH1', 'CH2', 'CHZ']",2019-01-01T20:58:33.090000Z,12.72
2217,20190101T210044Z,1J.TI1A.,"['CH1', 'CH2', 'CHZ']",2019-01-01T21:00:44.260000Z,4.19
2218,20190101T210253Z,1J.TI1A.,"['CH1', 'CH2', 'CHZ']",2019-01-01T21:02:53.260000Z,2.92
2219,20190101T210309Z,1J.TI1A.,"['CH1', 'CH2', 'CHZ']",2019-01-01T21:03:09.130000Z,19.02
2220,20190101T210708Z,1J.TI1A.,"['CH1', 'CH2', 'CHZ']",2019-01-01T21:07:17.020000Z,6.69
2221,20190101T211011Z,1J.TI1A.,"['CH1', 'CH2', 'CHZ']",2019-01-01T21:10:11.630000Z,1.97
2222,20190101T211117Z,1J.TI1A.,"['CH1', 'CH2', 'CHZ']",2019-01-01T21:11:17.440000Z,11.72
2223,20190101T211351Z,1J.TI1A.,"['CH1', 'CH2', 'CHZ']",2019-01-01T21:13:51.730000Z,9.81
2224,20190101T211628Z,1J.TI1A.,"['CH1', 'CH2', 'CHZ']",2019-01-01T21:16:28.980000Z,8.94
2225,20190101T211720Z,1J.TI1A.,"['CH1', 'CH2', 'CHZ']",2019-01-01T21:17:20.900000Z,1.59
2226,20190101T211935Z,1J.TI1A.,"['CH1', 'CH2', 'CHZ']",2019-01-01T21:19:35.170000Z,6.76
2227,20190101T211951Z,1J.TI1A.,"['CH1', 'CH2', 'CHZ']",2019-01-01T21:19:51.390000Z,50.72
2228,20190101T212111Z,1J.TI1A.,"['CH1', 'CH2', 'CHZ']",2019-01-01T21:21:11.520000Z,4.52
2229,20190101T212143Z,1J.TI1A.,"['CH1', 'CH2', 'CHZ']",2019-01-01T21:21:43.560000Z,1.28
2230,20190101T212149Z,1J.TI1A.,"['CH1', 'CH2', 'CHZ']",2019-01-01T21:21:52.330000Z,2.25
2231,20190101T212217Z,1J.TI1A.,"['CH1', 'CH2', 'CHZ']",2019-01-01T21:22:17.490000Z,1.09
2232,20190101T212418Z,1J.TI1A.,"['CH1', 'CH2', 'CHZ']",2019-01-01T21:24:18.690000Z,3.25
2233,20190101T212559Z,1J.TI1A.,"['CH1', 'CH2', 'CHZ']",2019-01-01T21:25:59.350000Z,1.46
2234,20190101T212608Z,1J.TI1A.,"['CH1', 'CH2', 'CHZ']",2019-01-01T21:26:08.560000Z,2.56
2235,20190101T212621Z,1J.TI1A.,"['CH1', 'CH2', 'CHZ']",2019-01-01T21:26:21.850000Z,11.03
2236,20190101T212936Z,1J.TI1A.,"['CH1', 'CH2', 'CHZ']",2019-01-01T21:29:36.740000Z,17.9
2237,20190101T213016Z,1J.TI1A.,"['CH1', 'CH2', 'CHZ']",2019-01-01T21:30:16.140000Z,11.43
2238,20190101T213219Z,1J.TI1A.,"['CH1', 'CH2', 'CHZ']",2019-01-01T21:32:19.930000Z,9.26
2239,20190101T213325Z,1J.TI1A.,"['CH1', 'CH2', 'CHZ']",2019-01-01T21:33:25.050000Z,5.98
2240,20190101T213607Z,1J.TI1A.,"['CH1', 'CH2', 'CHZ']",2019-01-01T21:36:07.580000Z,2.12
2241,20190101T213827Z,1J.TI1A.,"['CH1', 'CH2', 'CHZ']",2019-01-01T21:38:27.310000Z,15.17
2242,20190101T214018Z,1J.TI1A.,"['CH1', 'CH2', 'CHZ']",2019-01-01T21:40:18.350000Z,37.79
2243,20190101T214836Z,1J.TI1A.,"['CH1', 'CH2', 'CHZ']",2019-01-01T21:48:36.020000Z,2.51
2244,20190101T215626Z,1J.TI1A.,"['CH1', 'CH2', 'CHZ']",2019-01-01T21:56:26.180000Z,6.98
2245,20190101T215827Z,1J.TI1A.,"['CH1', 'CH2', 'CHZ']",2019-01-01T21:58:27.880000Z,28.17
2246,20190101T215925Z,1J.TI1A.,"['CH1', 'CH2', 'CHZ']",2019-01-01T21:59:25.420000Z,6.28
2247,20190101T220003Z,1J.TI1A.,"['CH1', 'CH2', 'CHZ']",2019-01-01T22:00:03.970000Z,2.94
2248,20190101T220148Z,1J.TI1A.,"['CH1', 'CH2', 'CHZ']",2019-01-01T22:01:48.150000Z,51.79
2249,20190101T220421Z,1J.TI1A.,"['CH1', 'CH2', 'CHZ']",2019-01-01T22:04:21.230000Z,5.48
2250,20190101T220536Z,1J.TI1A.,"['CH1', 'CH2', 'CHZ']",2019-01-01T22:05:36.070000Z,3.53
2251,20190101T220556Z,1J.TI1A.,"['CH1', 'CH2', 'CHZ']",2019-01-01T22:05:56.150000Z,2.9
2252,20190101T220756Z,1J.TI1A.,"['CH1', 'CH2', 'CHZ']",2019-01-01T22:07:56.590000Z,6.17
2253,20190101T221142Z,1J.TI1A.,"['CH1', 'CH2', 'CHZ']",2019-01-01T22:11:42.840000Z,5.6
2254,20190101T221445Z,1J.TI1A.,"['CH1', 'CH2', 'CHZ']",2019-01-01T22:14:45.870000Z,3.62
2255,20190101T221841Z,1J.TI1A.,"['CH1', 'CH2', 'CHZ']",2019-01-01T22:18:41.910000Z,22.11
2256,20190101T222137Z,1J.TI1A.,"['CH1', 'CH2', 'CHZ']",2019-01-01T22:21:37.140000Z,5.26
2257,20190101T222315Z,1J.TI1A.,"['CH1', 'CH2', 'CHZ']",2019-01-01T22:23:15.520000Z,2.21
2258,20190101T222353Z,1J.TI1A.,"['CH1', 'CH2', 'CHZ']",2019-01-01T22:23:53.370000Z,7.7
2259,20190101T222902Z,1J.TI1A.,"['CH1', 'CH2', 'CHZ']",2019-01-01T22:29:02.160000Z,8.59
2260,20190101T223322Z,1J.TI1A.,"['CH1', 'CH2', 'CHZ']",2019-01-01T22:33:22.540000Z,34.16
2261,20190101T224256Z,1J.TI1A.,"['CH1', 'CH2', 'CHZ']",2019-01-01T22:42:56.910000Z,5.56
2262,20190101T224631Z,1J.TI1A.,"['CH1', 'CH2', 'CHZ']",2019-01-01T22:46:31.800000Z,91.1
2263,20190101T225507Z,1J.TI1A.,"['CH1', 'CH2', 'CHZ']",2019-01-01T22:55:07.440000Z,2.83
2264,20190101T225553Z,1J.TI1A.,"['CH1', 'CH2', 'CHZ']",2019-01-01T22:56:17.460000Z,60.94
2265,20190101T230432Z,1J.TI1A.,"['CH1', 'CH2', 'CHZ']",2019-01-01T23:04:32.620000Z,49.17
2266,20190101T230609Z,1J.TI1A.,"['CH1', 'CH2', 'CHZ']",2019-01-01T23:06:09.830000Z,16.22
2267,20190101T230700Z,1J.TI1A.,"['CH1', 'CH2', 'CHZ']",2019-01-01T23:07:00.710000Z,8.86
2268,20190101T230803Z,1J.TI1A.,"['CH1', 'CH2', 'CHZ']",2019-01-01T23:08:03.250000Z,1.06
2269,20190101T230848Z,1J.TI1A.,"['CH1', 'CH2', 'CHZ']",2019-01-01T23:08:48.880000Z,0.95
2270,20190101T230940Z,1J.TI1A.,"['CH1', 'CH2', 'CHZ']",2019-01-01T23:09:40.670000Z,3.5
2271,20190101T230958Z,1J.TI1A.,"['CH1', 'CH2', 'CHZ']",2019-01-01T23:09:58.330000Z,6.98
2272,20190101T231050Z,1J.TI1A.,"['CH1', 'CH2', 'CHZ']",2019-01-01T23:10:52.980000Z,2.05
2273,20190101T231251Z,1J.TI1A.,"['CH1', 'CH2', 'CHZ']",2019-01-01T23:12:51.240000Z,1.11
2274,20190101T231329Z,1J.TI1A.,"['CH1', 'CH2', 'CHZ']",2019-01-01T23:13:32.380000Z,1.64
2275,20190101T231351Z,1J.TI1A.,"['CH1', 'CH2', 'CHZ']",2019-01-01T23:13:51.230000Z,1.79
2276,20190101T231443Z,1J.TI1A.,"['CH1', 'CH2', 'CHZ']",2019-01-01T23:14:43.300000Z,5.32
2277,20190101T231522Z,1J.TI1A.,"['CH1', 'CH2', 'CHZ']",2019-01-01T23:15:29.740000Z,4.54
2278,20190101T231600Z,1J.TI1A.,"['CH1', 'CH2', 'CHZ']",2019-01-01T23:16:00.810000Z,1.34
2279,20190101T231752Z,1J.TI1A.,"['CH1', 'CH2', 'CHZ']",2019-01-01T23:17:52.060000Z,1.99
2280,20190101T231836Z,1J.TI1A.,"['CH1', 'CH2', 'CHZ']",2019-01-01T23:18:36.060000Z,11.19
2281,20190101T231934Z,1J.TI1A.,"['CH1', 'CH2', 'CHZ']",2019-01-01T23:19:36.710000Z,3.19
2282,20190101T232001Z,1J.TI1A.,"['CH1', 'CH2', 'CHZ']",2019-01-01T23:20:01.850000Z,0.83
2283,20190101T232016Z,1J.TI1A.,"['CH1', 'CH2', 'CHZ']",2019-01-01T23:20:16.640000Z,3.08
2284,20190101T232222Z,1J.TI1A.,"['CH1', 'CH2', 'CHZ']",2019-01-01T23:22:22.090000Z,1.51
2285,20190101T232254Z,1J.TI1A.,"['CH1', 'CH2', 'CHZ']",2019-01-01T23:22:55.670000Z,3.79
2286,20190101T232351Z,1J.TI1A.,"['CH1', 'CH2', 'CHZ']",2019-01-01T23:23:51.570000Z,2.07
2287,20190101T232539Z,1J.TI1A.,"['CH1', 'CH2', 'CHZ']",2019-01-01T23:25:39.870000Z,14.49
2288,20190101T232636Z,1J.TI1A.,"['CH1', 'CH2', 'CHZ']",2019-01-01T23:26:37.820000Z,23.91
2289,20190101T232804Z,1J.TI1A.,"['CH1', 'CH2', 'CHZ']",2019-01-01T23:28:04.430000Z,3.25
2290,20190101T232842Z,1J.TI1A.,"['CH1', 'CH2', 'CHZ']",2019-01-01T23:28:42.570000Z,4.72
2291,20190101T232922Z,1J.TI1A.,"['CH1', 'CH2', 'CHZ']",2019-01-01T23:29:22.590000Z,1.36
2292,20190101T233201Z,1J.TI1A.,"['CH1', 'CH2', 'CHZ']",2019-01-01T23:32:02.300000Z,9.15
2293,20190101T233234Z,1J.TI1A.,"['CH1', 'CH2', 'CHZ']",2019-01-01T23:32:34.280000Z,0.85
2294,20190101T233306Z,1J.TI1A.,"['CH1', 'CH2', 'CHZ']",2019-01-01T23:33:07.000000Z,1.27
2295,20190101T233415Z,1J.TI1A.,"['CH1', 'CH2', 'CHZ']",2019-01-01T23:34:15.760000Z,2.64
2296,20190101T233537Z,1J.TI1A.,"['CH1', 'CH2', 'CHZ']",2019-01-01T23:35:37.260000Z,2.84
2297,20190101T233635Z,1J.TI1A.,"['CH1', 'CH2', 'CHZ']",2019-01-01T23:36:35.960000Z,2.35
2298,20190101T233752Z,1J.TI1A.,"['CH1', 'CH2', 'CHZ']",2019-01-01T23:37:52.290000Z,2.56
2299,20190101T233812Z,1J.TI1A.,"['CH1', 'CH2', 'CHZ']",2019-01-01T23:38:12.020000Z,2.95
2300,20190101T233844Z,1J.TI1A.,"['CH1', 'CH2', 'CHZ']",2019-01-01T23:38:59.020000Z,1.43
2301,20190101T233919Z,1J.TI1A.,"['CH1', 'CH2', 'CHZ']",2019-01-01T23:39:19.730000Z,20.88
2302,20190101T234141Z,1J.TI1A.,"['CH1', 'CH2', 'CHZ']",2019-01-01T23:41:41.570000Z,1.93
2303,20190101T234249Z,1J.TI1A.,"['CH1', 'CH2', 'CHZ']",2019-01-01T23:42:57.790000Z,1.7
2304,20190101T234443Z,1J.TI1A.,"['CH1', 'CH2', 'CHZ']",2019-01-01T23:44:43.160000Z,1.68
2305,20190101T234452Z,1J.TI1A.,"['CH1', 'CH2', 'CHZ']",2019-01-01T23:44:52.350000Z,9.59
2306,20190101T234541Z,1J.TI1A.,"['CH1', 'CH2', 'CHZ']",2019-01-01T23:45:41.220000Z,1.08
2307,20190101T234654Z,1J.TI1A.,"['CH1', 'CH2', 'CHZ']",2019-01-01T23:46:54.050000Z,5.11
2308,20190101T235046Z,1J.TI1A.,"['CH1', 'CH2', 'CHZ']",2019-01-01T23:50:46.540000Z,5.2
2309,20190101T235120Z,1J.TI1A.,"['CH1', 'CH2', 'CHZ']",2019-01-01T23:51:20.370000Z,1.02
2310,20190101T235136Z,1J.TI1A.,"['CH1', 'CH2', 'CHZ']",2019-01-01T23:51:36.590000Z,4.51
2311,20190101T235850Z,1J.TI1A.,"['CH1', 'CH2', 'CHZ']",2019-01-01T23:59:01.490000Z,34.81
2312,20190101T000222Z,1J.TI7A.,"['CH1', 'CH2', 'CHZ']",2019-01-01T00:02:22.170000Z,6.75
2313,20190101T000816Z,1J.TI7A.,"['CH1', 'CH2', 'CHZ']",2019-01-01T00:08:16.680000Z,8.19
2314,20190101T001246Z,1J.TI7A.,"['CH1', 'CH2', 'CHZ']",2019-01-01T00:12:46.010000Z,2.47
2315,20190101T001513Z,1J.TI7A.,"['CH1', 'CH2', 'CHZ']",2019-01-01T00:15:13.600000Z,9.2
2316,20190101T002122Z,1J.TI7A.,"['CH1', 'CH2', 'CHZ']",2019-01-01T00:21:22.370000Z,10.09
2317,20190101T002233Z,1J.TI7A.,"['CH1', 'CH2', 'CHZ']",2019-01-01T00:22:33.760000Z,1.36
2318,20190101T002608Z,1J.TI7A.,"['CH1', 'CH2', 'CHZ']",2019-01-01T00:26:13.210000Z,6.08
2319,20190101T002840Z,1J.TI7A.,"['CH1', 'CH2', 'CHZ']",2019-01-01T00:28:40.680000Z,12.19
2320,20190101T003010Z,1J.TI7A.,"['CH1', 'CH2', 'CHZ']",2019-01-01T00:30:10.260000Z,3.94
2321,20190101T003210Z,1J.TI7A.,"['CH1', 'CH2', 'CHZ']",2019-01-01T00:32:10.100000Z,2.26
2322,20190101T003743Z,1J.TI7A.,"['CH1', 'CH2', 'CHZ']",2019-01-01T00:37:43.880000Z,5.29
2323,20190101T004210Z,1J.TI7A.,"['CH1', 'CH2', 'CHZ']",2019-01-01T00:42:10.240000Z,1.44
2324,20190101T004411Z,1J.TI7A.,"['CH1', 'CH2', 'CHZ']",2019-01-01T00:44:11.170000Z,12.31
2325,20190101T005053Z,1J.TI7A.,"['CH1', 'CH2', 'CHZ']",2019-01-01T00:50:53.480000Z,15.24
2326,20190101T005603Z,1J.TI7A.,"['CH1', 'CH2', 'CHZ']",2019-01-01T00:56:03.210000Z,12.53
2327,20190101T010229Z,1J.TI7A.,"['CH1', 'CH2', 'CHZ']",2019-01-01T01:02:38.260000Z,14.86
2328,20190101T010942Z,1J.TI7A.,"['CH1', 'CH2', 'CHZ']",2019-01-01T01:09:44.530000Z,13.56
2329,20190101T011619Z,1J.TI7A.,"['CH1', 'CH2', 'CHZ']",2019-01-01T01:16:19.950000Z,14.86
2330,20190101T012122Z,1J.TI7A.,"['CH1', 'CH2', 'CHZ']",2019-01-01T01:21:22.450000Z,1.29
2331,20190101T012132Z,1J.TI7A.,"['CH1', 'CH2', 'CHZ']",2019-01-01T01:21:32.200000Z,14.9
2332,20190101T012443Z,1J.TI7A.,"['CH1', 'CH2', 'CHZ']",2019-01-01T01:25:25.790000Z,6.83
2333,20190101T012921Z,1J.TI7A.,"['CH1', 'CH2', 'CHZ']",2019-01-01T01:29:25.160000Z,6.62
2334,20190101T013350Z,1J.TI7A.,"['CH1', 'CH2', 'CHZ']",2019-01-01T01:33:50.790000Z,10.34
2335,20190101T013738Z,1J.TI7A.,"['CH1', 'CH2', 'CHZ']",2019-01-01T01:37:38.800000Z,0.62
2336,20190101T013811Z,1J.TI7A.,"['CH1', 'CH2', 'CHZ']",2019-01-01T01:38:11.860000Z,1.26
2337,20190101T013822Z,1J.TI7A.,"['CH1', 'CH2', 'CHZ']",2019-01-01T01:38:22.360000Z,8.23
2338,20190101T014220Z,1J.TI7A.,"['CH1', 'CH2', 'CHZ']",2019-01-01T01:42:30.620000Z,7.18
2339,20190101T014915Z,1J.TI7A.,"['CH1', 'CH2', 'CHZ']",2019-01-01T01:49:15.880000Z,4.9
2340,20190101T015015Z,1J.TI7A.,"['CH1', 'CH2', 'CHZ']",2019-01-01T01:50:15.160000Z,1.74
2341,20190101T015336Z,1J.TI7A.,"['CH1', 'CH2', 'CHZ']",2019-01-01T01:53:36.190000Z,7.66
2342,20190101T015716Z,1J.TI7A.,"['CH1', 'CH2', 'CHZ']",2019-01-01T01:57:16.340000Z,6.91
2343,20190101T020248Z,1J.TI7A.,"['CH1', 'CH2', 'CHZ']",2019-01-01T02:02:48.170000Z,10.02
2344,20190101T021007Z,1J.TI7A.,"['CH1', 'CH2', 'CHZ']",2019-01-01T02:10:07.570000Z,8.28
2345,20190101T021133Z,1J.TI7A.,"['CH1', 'CH2', 'CHZ']",2019-01-01T02:11:33.000000Z,3.34
2346,20190101T021618Z,1J.TI7A.,"['CH1', 'CH2', 'CHZ']",2019-01-01T02:16:18.060000Z,0.81
2347,20190101T021657Z,1J.TI7A.,"['CH1', 'CH2', 'CHZ']",2019-01-01T02:17:05.480000Z,10.53
2348,20190101T022210Z,1J.TI7A.,"['CH1', 'CH2', 'CHZ']",2019-01-01T02:22:10.140000Z,12.03
2349,20190101T022802Z,1J.TI7A.,"['CH1', 'CH2', 'CHZ']",2019-01-01T02:28:02.280000Z,11.74
2350,20190101T023122Z,1J.TI7A.,"['CH1', 'CH2', 'CHZ']",2019-01-01T02:31:22.360000Z,8.65
2351,20190101T023638Z,1J.TI7A.,"['CH1', 'CH2', 'CHZ']",2019-01-01T02:36:38.050000Z,12.28
2352,20190101T024252Z,1J.TI7A.,"['CH1', 'CH2', 'CHZ']",2019-01-01T02:42:52.060000Z,9.08
2353,20190101T024306Z,1J.TI7A.,"['CH1', 'CH2', 'CHZ']",2019-01-01T02:43:06.890000Z,9.77
2354,20190101T024705Z,1J.TI7A.,"['CH1', 'CH2', 'CHZ']",2019-01-01T02:47:05.090000Z,6.84
2355,20190101T025410Z,1J.TI7A.,"['CH1', 'CH2', 'CHZ']",2019-01-01T02:54:10.000000Z,12.05
2356,20190101T025720Z,1J.TI7A.,"['CH1', 'CH2', 'CHZ']",2019-01-01T02:57:20.230000Z,2.36
2357,20190101T025824Z,1J.TI7A.,"['CH1', 'CH2', 'CHZ']",2019-01-01T02:58:24.460000Z,6.17
2358,20190101T025926Z,1J.TI7A.,"['CH1', 'CH2', 'CHZ']",2019-01-01T02:59:26.120000Z,3.14
2359,20190101T030510Z,1J.TI7A.,"['CH1', 'CH2', 'CHZ']",2019-01-01T03:05:10.750000Z,13.05
2360,20190101T031120Z,1J.TI7A.,"['CH1', 'CH2', 'CHZ']",2019-01-01T03:11:20.980000Z,6.52
2361,20190101T031556Z,1J.TI7A.,"['CH1', 'CH2', 'CHZ']",2019-01-01T03:15:56.260000Z,9.61
2362,20190101T031726Z,1J.TI7A.,"['CH1', 'CH2', 'CHZ']",2019-01-01T03:17:26.810000Z,1.16
2363,20190101T032216Z,1J.TI7A.,"['CH1', 'CH2', 'CHZ']",2019-01-01T03:22:16.540000Z,11.17
2364,20190101T032302Z,1J.TI7A.,"['CH1', 'CH2', 'CHZ']",2019-01-01T03:23:18.560000Z,0.99
2365,20190101T032722Z,1J.TI7A.,"['CH1', 'CH2', 'CHZ']",2019-01-01T03:27:22.040000Z,10.88
2366,20190101T033004Z,1J.TI7A.,"['CH1', 'CH2', 'CHZ']",2019-01-01T03:30:52.530000Z,12.98
2367,20190101T033424Z,1J.TI7A.,"['CH1', 'CH2', 'CHZ']",2019-01-01T03:34:24.310000Z,6.92
2368,20190101T033952Z,1J.TI7A.,"['CH1', 'CH2', 'CHZ']",2019-01-01T03:39:55.230000Z,11.49
2369,20190101T034502Z,1J.TI7A.,"['CH1', 'CH2', 'CHZ']",2019-01-01T03:45:02.240000Z,12.63
2370,20190101T034715Z,1J.TI7A.,"['CH1', 'CH2', 'CHZ']",2019-01-01T03:47:15.240000Z,4.86
2371,20190101T034803Z,1J.TI7A.,"['CH1', 'CH2', 'CHZ']",2019-01-01T03:48:16.790000Z,1.34
2372,20190101T035122Z,1J.TI7A.,"['CH1', 'CH2', 'CHZ']",2019-01-01T03:51:22.670000Z,1.65
2373,20190101T035202Z,1J.TI7A.,"['CH1', 'CH2', 'CHZ']",2019-01-01T03:52:02.120000Z,10.02
2374,20190101T035752Z,1J.TI7A.,"['CH1', 'CH2', 'CHZ']",2019-01-01T03:57:57.180000Z,13.21
2375,20190101T040309Z,1J.TI7A.,"['CH1', 'CH2', 'CHZ']",2019-01-01T04:03:09.090000Z,12.3
2376,20190101T040654Z,1J.TI7A.,"['CH1', 'CH2', 'CHZ']",2019-01-01T04:06:54.820000Z,11.56
2377,20190101T041321Z,1J.TI7A.,"['CH1', 'CH2', 'CHZ']",2019-01-01T04:13:21.740000Z,14.81
2378,20190101T041633Z,1J.TI7A.,"['CH1', 'CH2', 'CHZ']",2019-01-01T04:16:33.500000Z,8.56
2379,20190101T042053Z,1J.TI7A.,"['CH1', 'CH2', 'CHZ']",2019-01-01T04:21:08.650000Z,12.79
2380,20190101T042801Z,1J.TI7A.,"['CH1', 'CH2', 'CHZ']",2019-01-01T04:28:01.590000Z,14.74
2381,20190101T043404Z,1J.TI7A.,"['CH1', 'CH2', 'CHZ']",2019-01-01T04:34:04.890000Z,13.99
2382,20190101T043702Z,1J.TI7A.,"['CH1', 'CH2', 'CHZ']",2019-01-01T04:37:02.690000Z,3.48
2383,20190101T043849Z,1J.TI7A.,"['CH1', 'CH2', 'CHZ']",2019-01-01T04:38:49.900000Z,13.01
2384,20190101T044111Z,1J.TI7A.,"['CH1', 'CH2', 'CHZ']",2019-01-01T04:41:11.630000Z,2.36
2385,20190101T044115Z,1J.TI7A.,"['CH1', 'CH2', 'CHZ']",2019-01-01T04:41:46.060000Z,8.13
2386,20190101T044508Z,1J.TI7A.,"['CH1', 'CH2', 'CHZ']",2019-01-01T04:45:08.800000Z,15.05
2387,20190101T045006Z,1J.TI7A.,"['CH1', 'CH2', 'CHZ']",2019-01-01T04:50:06.760000Z,15.27
2388,20190101T045341Z,1J.TI7A.,"['CH1', 'CH2', 'CHZ']",2019-01-01T04:53:41.950000Z,12.04
2389,20190101T045743Z,1J.TI7A.,"['CH1', 'CH2', 'CHZ']",2019-01-01T04:57:43.340000Z,14.02
2390,20190101T050307Z,1J.TI7A.,"['CH1', 'CH2', 'CHZ']",2019-01-01T05:03:07.990000Z,2.57
2391,20190101T050340Z,1J.TI7A.,"['CH1', 'CH2', 'CHZ']",2019-01-01T05:03:40.120000Z,12.77
2392,20190101T050408Z,1J.TI7A.,"['CH1', 'CH2', 'CHZ']",2019-01-01T05:04:08.880000Z,13.28
2393,20190101T050536Z,1J.TI7A.,"['CH1', 'CH2', 'CHZ']",2019-01-01T05:05:50.050000Z,1.79
2394,20190101T051035Z,1J.TI7A.,"['CH1', 'CH2', 'CHZ']",2019-01-01T05:10:35.670000Z,14.89
2395,20190101T051503Z,1J.TI7A.,"['CH1', 'CH2', 'CHZ']",2019-01-01T05:15:04.340000Z,1.46
2396,20190101T051559Z,1J.TI7A.,"['CH1', 'CH2', 'CHZ']",2019-01-01T05:15:59.680000Z,15.38
2397,20190101T051712Z,1J.TI7A.,"['CH1', 'CH2', 'CHZ']",2019-01-01T05:17:18.200000Z,2.08
2398,20190101T051846Z,1J.TI7A.,"['CH1', 'CH2', 'CHZ']",2019-01-01T05:18:46.490000Z,10.81
2399,20190101T052247Z,1J.TI7A.,"['CH1', 'CH2', 'CHZ']",2019-01-01T05:22:47.460000Z,2.87
2400,20190101T052258Z,1J.TI7A.,"['CH1', 'CH2', 'CHZ']",2019-01-01T05:22:58.530000Z,14.4
2401,20190101T052716Z,1J.TI7A.,"['CH1', 'CH2', 'CHZ']",2019-01-01T05:27:16.440000Z,13.32
2402,20190101T053107Z,1J.TI7A.,"['CH1', 'CH2', 'CHZ']",2019-01-01T05:31:07.410000Z,13.94
2403,20190101T053411Z,1J.TI7A.,"['CH1', 'CH2', 'CHZ']",2019-01-01T05:34:11.670000Z,12.77
2404,20190101T053442Z,1J.TI7A.,"['CH1', 'CH2', 'CHZ']",2019-01-01T05:34:42.240000Z,13.87
2405,20190101T053542Z,1J.TI7A.,"['CH1', 'CH2', 'CHZ']",2019-01-01T05:35:45.790000Z,45.1
2406,20190101T054019Z,1J.TI7A.,"['CH1', 'CH2', 'CHZ']",2019-01-01T05:40:19.040000Z,14.41
2407,20190101T054429Z,1J.TI7A.,"['CH1', 'CH2', 'CHZ']",2019-01-01T05:44:29.710000Z,15.66
2408,20190101T054616Z,1J.TI7A.,"['CH1', 'CH2', 'CHZ']",2019-01-01T05:46:16.070000Z,1.1
2409,20190101T054836Z,1J.TI7A.,"['CH1', 'CH2', 'CHZ']",2019-01-01T05:48:36.490000Z,21.85
2410,20190101T055234Z,1J.TI7A.,"['CH1', 'CH2', 'CHZ']",2019-01-01T05:52:34.600000Z,59.84
2411,20190101T055527Z,1J.TI7A.,"['CH1', 'CH2', 'CHZ']",2019-01-01T05:55:27.720000Z,10.09
2412,20190101T055643Z,1J.TI7A.,"['CH1', 'CH2', 'CHZ']",2019-01-01T05:56:43.910000Z,11.2
2413,20190101T060018Z,1J.TI7A.,"['CH1', 'CH2', 'CHZ']",2019-01-01T06:00:18.660000Z,14.64
2414,20190101T060316Z,1J.TI7A.,"['CH1', 'CH2', 'CHZ']",2019-01-01T06:03:16.520000Z,13.57
2415,20190101T060630Z,1J.TI7A.,"['CH1', 'CH2', 'CHZ']",2019-01-01T06:06:51.520000Z,11.15
2416,20190101T060725Z,1J.TI7A.,"['CH1', 'CH2', 'CHZ']",2019-01-01T06:07:30.040000Z,14.64
2417,20190101T060801Z,1J.TI7A.,"['CH1', 'CH2', 'CHZ']",2019-01-01T06:08:01.410000Z,1.47
2418,20190101T061005Z,1J.TI7A.,"['CH1', 'CH2', 'CHZ']",2019-01-01T06:10:05.760000Z,1.62
2419,20190101T061213Z,1J.TI7A.,"['CH1', 'CH2', 'CHZ']",2019-01-01T06:12:13.010000Z,15.98
2420,20190101T061656Z,1J.TI7A.,"['CH1', 'CH2', 'CHZ']",2019-01-01T06:16:56.240000Z,16.53
2421,20190101T062201Z,1J.TI7A.,"['CH1', 'CH2', 'CHZ']",2019-01-01T06:22:01.170000Z,5.05
2422,20190101T062208Z,1J.TI7A.,"['CH1', 'CH2', 'CHZ']",2019-01-01T06:22:15.150000Z,16.81
2423,20190101T062611Z,1J.TI7A.,"['CH1', 'CH2', 'CHZ']",2019-01-01T06:26:27.410000Z,15.93
2424,20190101T062915Z,1J.TI7A.,"['CH1', 'CH2', 'CHZ']",2019-01-01T06:29:15.760000Z,12.97
2425,20190101T063206Z,1J.TI7A.,"['CH1', 'CH2', 'CHZ']",2019-01-01T06:32:06.400000Z,0.84
2426,20190101T063332Z,1J.TI7A.,"['CH1', 'CH2', 'CHZ']",2019-01-01T06:33:33.680000Z,9.17
2427,20190101T063423Z,1J.TI7A.,"['CH1', 'CH2', 'CHZ']",2019-01-01T06:34:23.460000Z,15.7
2428,20190101T063720Z,1J.TI7A.,"['CH1', 'CH2', 'CHZ']",2019-01-01T06:37:21.170000Z,12.93
2429,20190101T063927Z,1J.TI7A.,"['CH1', 'CH2', 'CHZ']",2019-01-01T06:39:27.970000Z,10.61
2430,20190101T064024Z,1J.TI7A.,"['CH1', 'CH2', 'CHZ']",2019-01-01T06:40:24.120000Z,0.89
2431,20190101T064053Z,1J.TI7A.,"['CH1', 'CH2', 'CHZ']",2019-01-01T06:40:53.680000Z,3.2
2432,20190101T064148Z,1J.TI7A.,"['CH1', 'CH2', 'CHZ']",2019-01-01T06:41:48.040000Z,13.03
2433,20190101T064400Z,1J.TI7A.,"['CH1', 'CH2', 'CHZ']",2019-01-01T06:44:00.050000Z,11.92
2434,20190101T064559Z,1J.TI7A.,"['CH1', 'CH2', 'CHZ']",2019-01-01T06:45:59.710000Z,0.73
2435,20190101T064910Z,1J.TI7A.,"['CH1', 'CH2', 'CHZ']",2019-01-01T06:49:10.250000Z,17.13
2436,20190101T065405Z,1J.TI7A.,"['CH1', 'CH2', 'CHZ']",2019-01-01T06:54:05.930000Z,16.57
2437,20190101T065835Z,1J.TI7A.,"['CH1', 'CH2', 'CHZ']",2019-01-01T06:58:35.420000Z,16.27
2438,20190101T065928Z,1J.TI7A.,"['CH1', 'CH2', 'CHZ']",2019-01-01T06:59:28.320000Z,2.68
2439,20190101T065954Z,1J.TI7A.,"['CH1', 'CH2', 'CHZ']",2019-01-01T06:59:57.190000Z,43.03
2440,20190101T070206Z,1J.TI7A.,"['CH1', 'CH2', 'CHZ']",2019-01-01T07:02:06.710000Z,11.86
2441,20190101T070441Z,1J.TI7A.,"['CH1', 'CH2', 'CHZ']",2019-01-01T07:04:50.650000Z,0.82
2442,20190101T070649Z,1J.TI7A.,"['CH1', 'CH2', 'CHZ']",2019-01-01T07:06:49.430000Z,1.66
2443,20190101T070714Z,1J.TI7A.,"['CH1', 'CH2', 'CHZ']",2019-01-01T07:07:14.640000Z,16.7
2444,20190101T071105Z,1J.TI7A.,"['CH1', 'CH2', 'CHZ']",2019-01-01T07:11:20.890000Z,15.78
2445,20190101T071515Z,1J.TI7A.,"['CH1', 'CH2', 'CHZ']",2019-01-01T07:15:15.300000Z,16.04
2446,20190101T071729Z,1J.TI7A.,"['CH1', 'CH2', 'CHZ']",2019-01-01T07:17:29.930000Z,2.65
2447,20190101T071819Z,1J.TI7A.,"['CH1', 'CH2', 'CHZ']",2019-01-01T07:18:22.240000Z,51.67
2448,20190101T071943Z,1J.TI7A.,"['CH1', 'CH2', 'CHZ']",2019-01-01T07:19:43.040000Z,1.85
2449,20190101T072151Z,1J.TI7A.,"['CH1', 'CH2', 'CHZ']",2019-01-01T07:21:51.370000Z,1.37
2450,20190101T072252Z,1J.TI7A.,"['CH1', 'CH2', 'CHZ']",2019-01-01T07:22:52.170000Z,2.78
2451,20190101T072313Z,1J.TI7A.,"['CH1', 'CH2', 'CHZ']",2019-01-01T07:23:13.140000Z,0.77
2452,20190101T072323Z,1J.TI7A.,"['CH1', 'CH2', 'CHZ']",2019-01-01T07:23:34.030000Z,16.3
2453,20190101T072727Z,1J.TI7A.,"['CH1', 'CH2', 'CHZ']",2019-01-01T07:27:27.670000Z,15.84
2454,20190101T072822Z,1J.TI7A.,"['CH1', 'CH2', 'CHZ']",2019-01-01T07:28:22.070000Z,2.83
2455,20190101T072911Z,1J.TI7A.,"['CH1', 'CH2', 'CHZ']",2019-01-01T07:29:11.100000Z,0.66
2456,20190101T073017Z,1J.TI7A.,"['CH1', 'CH2', 'CHZ']",2019-01-01T07:30:17.860000Z,2.23
2457,20190101T073108Z,1J.TI7A.,"['CH1', 'CH2', 'CHZ']",2019-01-01T07:31:08.930000Z,15.08
2458,20190101T073547Z,1J.TI7A.,"['CH1', 'CH2', 'CHZ']",2019-01-01T07:35:47.950000Z,16.47
2459,20190101T074036Z,1J.TI7A.,"['CH1', 'CH2', 'CHZ']",2019-01-01T07:40:36.870000Z,16.66
2460,20190101T074420Z,1J.TI7A.,"['CH1', 'CH2', 'CHZ']",2019-01-01T07:44:20.600000Z,2.53
2461,20190101T074648Z,1J.TI7A.,"['CH1', 'CH2', 'CHZ']",2019-01-01T07:46:48.160000Z,1.03
2462,20190101T074709Z,1J.TI7A.,"['CH1', 'CH2', 'CHZ']",2019-01-01T07:47:09.760000Z,17.32
2463,20190101T074803Z,1J.TI7A.,"['CH1', 'CH2', 'CHZ']",2019-01-01T07:48:06.190000Z,1.66
2464,20190101T075059Z,1J.TI7A.,"['CH1', 'CH2', 'CHZ']",2019-01-01T07:51:11.000000Z,15.79
2465,20190101T075345Z,1J.TI7A.,"['CH1', 'CH2', 'CHZ']",2019-01-01T07:53:45.370000Z,2.22
2466,20190101T075412Z,1J.TI7A.,"['CH1', 'CH2', 'CHZ']",2019-01-01T07:54:12.850000Z,13.53
2467,20190101T075523Z,1J.TI7A.,"['CH1', 'CH2', 'CHZ']",2019-01-01T07:55:23.150000Z,2.81
2468,20190101T075756Z,1J.TI7A.,"['CH1', 'CH2', 'CHZ']",2019-01-01T07:57:56.530000Z,15.7
2469,20190101T075856Z,1J.TI7A.,"['CH1', 'CH2', 'CHZ']",2019-01-01T07:59:23.000000Z,14.75
2470,20190101T080051Z,1J.TI7A.,"['CH1', 'CH2', 'CHZ']",2019-01-01T08:00:55.640000Z,9.25
2471,20190101T080256Z,1J.TI7A.,"['CH1', 'CH2', 'CHZ']",2019-01-01T08:02:56.490000Z,7.3
2472,20190101T080500Z,1J.TI7A.,"['CH1', 'CH2', 'CHZ']",2019-01-01T08:05:00.100000Z,15.63
2473,20190101T080625Z,1J.TI7A.,"['CH1', 'CH2', 'CHZ']",2019-01-01T08:06:25.310000Z,1.07
2474,20190101T080711Z,1J.TI7A.,"['CH1', 'CH2', 'CHZ']",2019-01-01T08:07:11.320000Z,2.4
2475,20190101T080850Z,1J.TI7A.,"['CH1', 'CH2', 'CHZ']",2019-01-01T08:09:04.660000Z,15.68
2476,20190101T081036Z,1J.TI7A.,"['CH1', 'CH2', 'CHZ']",2019-01-01T08:10:36.280000Z,5.65
2477,20190101T081111Z,1J.TI7A.,"['CH1', 'CH2', 'CHZ']",2019-01-01T08:11:15.340000Z,1.81
2478,20190101T081317Z,1J.TI7A.,"['CH1', 'CH2', 'CHZ']",2019-01-01T08:13:17.240000Z,2.58
2479,20190101T081357Z,1J.TI7A.,"['CH1', 'CH2', 'CHZ']",2019-01-01T08:13:57.220000Z,16.45
2480,20190101T081652Z,1J.TI7A.,"['CH1', 'CH2', 'CHZ']",2019-01-01T08:16:52.500000Z,1.72
2481,20190101T082006Z,1J.TI7A.,"['CH1', 'CH2', 'CHZ']",2019-01-01T08:20:06.890000Z,17.25
2482,20190101T082327Z,1J.TI7A.,"['CH1', 'CH2', 'CHZ']",2019-01-01T08:23:27.090000Z,4.8
2483,20190101T082333Z,1J.TI7A.,"['CH1', 'CH2', 'CHZ']",2019-01-01T08:23:37.360000Z,49.85
2484,20190101T082558Z,1J.TI7A.,"['CH1', 'CH2', 'CHZ']",2019-01-01T08:25:58.780000Z,12.21
2485,20190101T082741Z,1J.TI7A.,"['CH1', 'CH2', 'CHZ']",2019-01-01T08:27:44.440000Z,8.09
2486,20190101T083047Z,1J.TI7A.,"['CH1', 'CH2', 'CHZ']",2019-01-01T08:30:47.070000Z,6.76
2487,20190101T083123Z,1J.TI7A.,"['CH1', 'CH2', 'CHZ']",2019-01-01T08:31:23.000000Z,13.42
2488,20190101T083525Z,1J.TI7A.,"['CH1', 'CH2', 'CHZ']",2019-01-01T08:35:25.220000Z,2.27
2489,20190101T083628Z,1J.TI7A.,"['CH1', 'CH2', 'CHZ']",2019-01-01T08:36:28.990000Z,16.38
2490,20190101T084122Z,1J.TI7A.,"['CH1', 'CH2', 'CHZ']",2019-01-01T08:41:22.150000Z,16.81
2491,20190101T084643Z,1J.TI7A.,"['CH1', 'CH2', 'CHZ']",2019-01-01T08:46:43.310000Z,20.74
2492,20190101T085056Z,1J.TI7A.,"['CH1', 'CH2', 'CHZ']",2019-01-01T08:50:56.250000Z,16.06
2493,20190101T085557Z,1J.TI7A.,"['CH1', 'CH2', 'CHZ']",2019-01-01T08:55:57.170000Z,16.96
2494,20190101T090151Z,1J.TI7A.,"['CH1', 'CH2', 'CHZ']",2019-01-01T09:01:51.530000Z,16.96
2495,20190101T090540Z,1J.TI7A.,"['CH1', 'CH2', 'CHZ']",2019-01-01T09:05:40.840000Z,15.61
2496,20190101T091046Z,1J.TI7A.,"['CH1', 'CH2', 'CHZ']",2019-01-01T09:10:46.360000Z,16.78
2497,20190101T091513Z,1J.TI7A.,"['CH1', 'CH2', 'CHZ']",2019-01-01T09:15:22.650000Z,16.43
2498,20190101T091555Z,1J.TI7A.,"['CH1', 'CH2', 'CHZ']",2019-01-01T09:15:55.710000Z,15.35
2499,20190101T092028Z,1J.TI7A.,"['CH1', 'CH2', 'CHZ']",2019-01-01T09:20:28.850000Z,14.63
2500,20190101T092152Z,1J.TI7A.,"['CH1', 'CH2', 'CHZ']",2019-01-01T09:21:52.050000Z,1.41
2501,20190101T092233Z,1J.TI7A.,"['CH1', 'CH2', 'CHZ']",2019-01-01T09:22:33.410000Z,8.76
2502,20190101T092421Z,1J.TI7A.,"['CH1', 'CH2', 'CHZ']",2019-01-01T09:24:21.900000Z,12.52
2503,20190101T093015Z,1J.TI7A.,"['CH1', 'CH2', 'CHZ']",2019-01-01T09:30:15.010000Z,16.36
2504,20190101T093551Z,1J.TI7A.,"['CH1', 'CH2', 'CHZ']",2019-01-01T09:35:56.180000Z,15.3
2505,20190101T093645Z,1J.TI7A.,"['CH1', 'CH2', 'CHZ']",2019-01-01T09:36:45.640000Z,1.13
2506,20190101T093912Z,1J.TI7A.,"['CH1', 'CH2', 'CHZ']",2019-01-01T09:39:12.920000Z,9.31
2507,20190101T094128Z,1J.TI7A.,"['CH1', 'CH2', 'CHZ']",2019-01-01T09:41:28.210000Z,15.34
2508,20190101T094631Z,1J.TI7A.,"['CH1', 'CH2', 'CHZ']",2019-01-01T09:46:31.110000Z,13.54
2509,20190101T094655Z,1J.TI7A.,"['CH1', 'CH2', 'CHZ']",2019-01-01T09:46:55.900000Z,13.19
2510,20190101T094744Z,1J.TI7A.,"['CH1', 'CH2', 'CHZ']",2019-01-01T09:47:49.770000Z,1.31
2511,20190101T095015Z,1J.TI7A.,"['CH1', 'CH2', 'CHZ']",2019-01-01T09:50:15.470000Z,12.27
2512,20190101T095517Z,1J.TI7A.,"['CH1', 'CH2', 'CHZ']",2019-01-01T09:55:17.700000Z,15.8
2513,20190101T100001Z,1J.TI7A.,"['CH1', 'CH2', 'CHZ']",2019-01-01T10:00:01.810000Z,15.43
2514,20190101T100422Z,1J.TI7A.,"['CH1', 'CH2', 'CHZ']",2019-01-01T10:04:24.350000Z,14.68
2515,20190101T100522Z,1J.TI7A.,"['CH1', 'CH2', 'CHZ']",2019-01-01T10:05:22.950000Z,1.38
2516,20190101T100810Z,1J.TI7A.,"['CH1', 'CH2', 'CHZ']",2019-01-01T10:08:10.390000Z,14.11
2517,20190101T100905Z,1J.TI7A.,"['CH1', 'CH2', 'CHZ']",2019-01-01T10:09:16.010000Z,6.25
2518,20190101T101200Z,1J.TI7A.,"['CH1', 'CH2', 'CHZ']",2019-01-01T10:12:00.480000Z,8.59
2519,20190101T101259Z,1J.TI7A.,"['CH1', 'CH2', 'CHZ']",2019-01-01T10:12:59.270000Z,13.88
2520,20190101T101815Z,1J.TI7A.,"['CH1', 'CH2', 'CHZ']",2019-01-01T10:18:15.800000Z,15.93
2521,20190101T102131Z,1J.TI7A.,"['CH1', 'CH2', 'CHZ']",2019-01-01T10:21:31.030000Z,11.82
2522,20190101T102548Z,1J.TI7A.,"['CH1', 'CH2', 'CHZ']",2019-01-01T10:26:26.240000Z,15.71
2523,20190101T103130Z,1J.TI7A.,"['CH1', 'CH2', 'CHZ']",2019-01-01T10:31:30.720000Z,52.86
2524,20190101T103543Z,1J.TI7A.,"['CH1', 'CH2', 'CHZ']",2019-01-01T10:35:43.560000Z,9.44
2525,20190101T104115Z,1J.TI7A.,"['CH1', 'CH2', 'CHZ']",2019-01-01T10:41:15.540000Z,16.19
2526,20190101T104645Z,1J.TI7A.,"['CH1', 'CH2', 'CHZ']",2019-01-01T10:46:45.350000Z,16.3
2527,20190101T105222Z,1J.TI7A.,"['CH1', 'CH2', 'CHZ']",2019-01-01T10:52:22.860000Z,16.0
2528,20190101T105759Z,1J.TI7A.,"['CH1', 'CH2', 'CHZ']",2019-01-01T10:57:59.190000Z,17.07
2529,20190101T105902Z,1J.TI7A.,"['CH1', 'CH2', 'CHZ']",2019-01-01T10:59:02.790000Z,3.4
2530,20190101T110254Z,1J.TI7A.,"['CH1', 'CH2', 'CHZ']",2019-01-01T11:02:54.050000Z,17.36
2531,20190101T110701Z,1J.TI7A.,"['CH1', 'CH2', 'CHZ']",2019-01-01T11:07:01.890000Z,14.52
2532,20190101T111328Z,1J.TI7A.,"['CH1', 'CH2', 'CHZ']",2019-01-01T11:13:28.120000Z,16.4
2533,20190101T111628Z,1J.TI7A.,"['CH1', 'CH2', 'CHZ']",2019-01-01T11:16:28.830000Z,12.42
2534,20190101T111718Z,1J.TI7A.,"['CH1', 'CH2', 'CHZ']",2019-01-01T11:17:18.390000Z,11.66
2535,20190101T112122Z,1J.TI7A.,"['CH1', 'CH2', 'CHZ']",2019-01-01T11:21:22.370000Z,2.14
2536,20190101T112229Z,1J.TI7A.,"['CH1', 'CH2', 'CHZ']",2019-01-01T11:22:29.060000Z,15.82
2537,20190101T112806Z,1J.TI7A.,"['CH1', 'CH2', 'CHZ']",2019-01-01T11:28:10.430000Z,17.74
2538,20190101T113204Z,1J.TI7A.,"['CH1', 'CH2', 'CHZ']",2019-01-01T11:32:04.190000Z,13.3
2539,20190101T113527Z,1J.TI7A.,"['CH1', 'CH2', 'CHZ']",2019-01-01T11:35:27.050000Z,1.04
2540,20190101T113734Z,1J.TI7A.,"['CH1', 'CH2', 'CHZ']",2019-01-01T11:37:34.310000Z,16.99
2541,20190101T114112Z,1J.TI7A.,"['CH1', 'CH2', 'CHZ']",2019-01-01T11:41:12.070000Z,1.18
2542,20190101T114244Z,1J.TI7A.,"['CH1', 'CH2', 'CHZ']",2019-01-01T11:42:44.740000Z,16.94
2543,20190101T114419Z,1J.TI7A.,"['CH1', 'CH2', 'CHZ']",2019-01-01T11:44:19.800000Z,2.29
2544,20190101T114707Z,1J.TI7A.,"['CH1', 'CH2', 'CHZ']",2019-01-01T11:47:07.110000Z,16.14
2545,20190101T115027Z,1J.TI7A.,"['CH1', 'CH2', 'CHZ']",2019-01-01T11:50:27.800000Z,6.01
2546,20190101T115132Z,1J.TI7A.,"['CH1', 'CH2', 'CHZ']",2019-01-01T11:51:32.430000Z,19.01
2547,20190101T115210Z,1J.TI7A.,"['CH1', 'CH2', 'CHZ']",2019-01-01T11:52:10.090000Z,1.41
2548,20190101T115405Z,1J.TI7A.,"['CH1', 'CH2', 'CHZ']",2019-01-01T11:54:09.710000Z,3.14
2549,20190101T115534Z,1J.TI7A.,"['CH1', 'CH2', 'CHZ']",2019-01-01T11:55:34.750000Z,4.37
2550,20190101T115652Z,1J.TI7A.,"['CH1', 'CH2', 'CHZ']",2019-01-01T11:56:52.410000Z,20.8
2551,20190101T115923Z,1J.TI7A.,"['CH1', 'CH2', 'CHZ']",2019-01-01T11:59:23.340000Z,3.91
2552,20190101T120308Z,1J.TI7A.,"['CH1', 'CH2', 'CHZ']",2019-01-01T12:03:08.820000Z,15.73
2553,20190101T120425Z,1J.TI7A.,"['CH1', 'CH2', 'CHZ']",2019-01-01T12:04:31.570000Z,1.19
2554,20190101T120802Z,1J.TI7A.,"['CH1', 'CH2', 'CHZ']",2019-01-01T12:08:02.210000Z,16.7
2555,20190101T120837Z,1J.TI7A.,"['CH1', 'CH2', 'CHZ']",2019-01-01T12:08:37.670000Z,16.12
2556,20190101T121643Z,1J.TI7A.,"['CH1', 'CH2', 'CHZ']",2019-01-01T12:16:43.430000Z,18.68
2557,20190101T121924Z,1J.TI7A.,"['CH1', 'CH2', 'CHZ']",2019-01-01T12:19:24.430000Z,6.71
2558,20190101T122042Z,1J.TI7A.,"['CH1', 'CH2', 'CHZ']",2019-01-01T12:20:42.090000Z,15.38
2559,20190101T122142Z,1J.TI7A.,"['CH1', 'CH2', 'CHZ']",2019-01-01T12:21:42.770000Z,0.73
2560,20190101T122453Z,1J.TI7A.,"['CH1', 'CH2', 'CHZ']",2019-01-01T12:24:56.360000Z,16.62
2561,20190101T122632Z,1J.TI7A.,"['CH1', 'CH2', 'CHZ']",2019-01-01T12:26:49.340000Z,4.88
2562,20190101T122901Z,1J.TI7A.,"['CH1', 'CH2', 'CHZ']",2019-01-01T12:29:01.320000Z,2.2
2563,20190101T122959Z,1J.TI7A.,"['CH1', 'CH2', 'CHZ']",2019-01-01T12:30:08.640000Z,17.89
2564,20190101T123246Z,1J.TI7A.,"['CH1', 'CH2', 'CHZ']",2019-01-01T12:32:47.990000Z,16.92
2565,20190101T123743Z,1J.TI7A.,"['CH1', 'CH2', 'CHZ']",2019-01-01T12:37:43.580000Z,2.95
2566,20190101T123828Z,1J.TI7A.,"['CH1', 'CH2', 'CHZ']",2019-01-01T12:38:28.410000Z,17.43
2567,20190101T124108Z,1J.TI7A.,"['CH1', 'CH2', 'CHZ']",2019-01-01T12:41:08.240000Z,3.59
2568,20190101T124410Z,1J.TI7A.,"['CH1', 'CH2', 'CHZ']",2019-01-01T12:44:10.500000Z,2.25
2569,20190101T124815Z,1J.TI7A.,"['CH1', 'CH2', 'CHZ']",2019-01-01T12:48:15.920000Z,2.4
2570,20190101T124819Z,1J.TI7A.,"['CH1', 'CH2', 'CHZ']",2019-01-01T12:48:29.910000Z,17.9
2571,20190101T125018Z,1J.TI7A.,"['CH1', 'CH2', 'CHZ']",2019-01-01T12:50:18.520000Z,16.83
2572,20190101T125132Z,1J.TI7A.,"['CH1', 'CH2', 'CHZ']",2019-01-01T12:51:32.320000Z,1.66
2573,20190101T125253Z,1J.TI7A.,"['CH1', 'CH2', 'CHZ']",2019-01-01T12:52:56.120000Z,12.43
2574,20190101T125424Z,1J.TI7A.,"['CH1', 'CH2', 'CHZ']",2019-01-01T12:54:24.330000Z,3.07
2575,20190101T125524Z,1J.TI7A.,"['CH1', 'CH2', 'CHZ']",2019-01-01T12:55:24.310000Z,0.75
2576,20190101T125646Z,1J.TI7A.,"['CH1', 'CH2', 'CHZ']",2019-01-01T12:56:46.640000Z,1.87
2577,20190101T125722Z,1J.TI7A.,"['CH1', 'CH2', 'CHZ']",2019-01-01T12:57:22.930000Z,1.39
2578,20190101T125945Z,1J.TI7A.,"['CH1', 'CH2', 'CHZ']",2019-01-01T12:59:45.560000Z,17.78
2579,20190101T130320Z,1J.TI7A.,"['CH1', 'CH2', 'CHZ']",2019-01-01T13:03:20.970000Z,1.69
2580,20190101T130537Z,1J.TI7A.,"['CH1', 'CH2', 'CHZ']",2019-01-01T13:05:37.550000Z,17.71
2581,20190101T131050Z,1J.TI7A.,"['CH1', 'CH2', 'CHZ']",2019-01-01T13:10:50.870000Z,17.17
2582,20190101T131228Z,1J.TI7A.,"['CH1', 'CH2', 'CHZ']",2019-01-01T13:12:28.640000Z,1.59
2583,20190101T131325Z,1J.TI7A.,"['CH1', 'CH2', 'CHZ']",2019-01-01T13:13:25.090000Z,1.78
2584,20190101T131644Z,1J.TI7A.,"['CH1', 'CH2', 'CHZ']",2019-01-01T13:16:49.970000Z,12.06
2585,20190101T131841Z,1J.TI7A.,"['CH1', 'CH2', 'CHZ']",2019-01-01T13:18:41.420000Z,17.74
2586,20190101T132053Z,1J.TI7A.,"['CH1', 'CH2', 'CHZ']",2019-01-01T13:20:53.980000Z,1.53
2587,20190101T132158Z,1J.TI7A.,"['CH1', 'CH2', 'CHZ']",2019-01-01T13:21:58.240000Z,0.76
2588,20190101T132253Z,1J.TI7A.,"['CH1', 'CH2', 'CHZ']",2019-01-01T13:23:06.020000Z,2.0
2589,20190101T132333Z,1J.TI7A.,"['CH1', 'CH2', 'CHZ']",2019-01-01T13:23:33.150000Z,16.9
2590,20190101T132700Z,1J.TI7A.,"['CH1', 'CH2', 'CHZ']",2019-01-01T13:27:05.990000Z,1.91
2591,20190101T132838Z,1J.TI7A.,"['CH1', 'CH2', 'CHZ']",2019-01-01T13:28:38.050000Z,1.28
2592,20190101T133010Z,1J.TI7A.,"['CH1', 'CH2', 'CHZ']",2019-01-01T13:30:10.170000Z,17.66
2593,20190101T133311Z,1J.TI7A.,"['CH1', 'CH2', 'CHZ']",2019-01-01T13:33:11.390000Z,2.32
2594,20190101T133332Z,1J.TI7A.,"['CH1', 'CH2', 'CHZ']",2019-01-01T13:33:32.760000Z,6.09
2595,20190101T133553Z,1J.TI7A.,"['CH1', 'CH2', 'CHZ']",2019-01-01T13:35:53.240000Z,1.13
2596,20190101T133629Z,1J.TI7A.,"['CH1', 'CH2', 'CHZ']",2019-01-01T13:36:29.990000Z,0.88
2597,20190101T133649Z,1J.TI7A.,"['CH1', 'CH2', 'CHZ']",2019-01-01T13:36:49.700000Z,17.68
2598,20190101T133844Z,1J.TI7A.,"['CH1', 'CH2', 'CHZ']",2019-01-01T13:38:44.370000Z,1.69
2599,20190101T134139Z,1J.TI7A.,"['CH1', 'CH2', 'CHZ']",2019-01-01T13:41:39.550000Z,16.99
2600,20190101T134529Z,1J.TI7A.,"['CH1', 'CH2', 'CHZ']",2019-01-01T13:45:29.860000Z,16.06
2601,20190101T135222Z,1J.TI7A.,"['CH1', 'CH2', 'CHZ']",2019-01-01T13:52:25.000000Z,17.51
2602,20190101T135443Z,1J.TI7A.,"['CH1', 'CH2', 'CHZ']",2019-01-01T13:55:08.790000Z,8.08
2603,20190101T135637Z,1J.TI7A.,"['CH1', 'CH2', 'CHZ']",2019-01-01T13:56:37.630000Z,14.67
2604,20190101T135850Z,1J.TI7A.,"['CH1', 'CH2', 'CHZ']",2019-01-01T13:58:53.800000Z,16.24
2605,20190101T140026Z,1J.TI7A.,"['CH1', 'CH2', 'CHZ']",2019-01-01T14:00:26.530000Z,1.02
2606,20190101T140126Z,1J.TI7A.,"['CH1', 'CH2', 'CHZ']",2019-01-01T14:01:26.860000Z,14.71
2607,20190101T140415Z,1J.TI7A.,"['CH1', 'CH2', 'CHZ']",2019-01-01T14:04:15.940000Z,34.3
2608,20190101T140618Z,1J.TI7A.,"['CH1', 'CH2', 'CHZ']",2019-01-01T14:06:18.090000Z,10.09
2609,20190101T141053Z,1J.TI7A.,"['CH1', 'CH2', 'CHZ']",2019-01-01T14:10:53.190000Z,2.65
2610,20190101T141057Z,1J.TI7A.,"['CH1', 'CH2', 'CHZ']",2019-01-01T14:11:26.660000Z,16.38
2611,20190101T141311Z,1J.TI7A.,"['CH1', 'CH2', 'CHZ']",2019-01-01T14:13:27.020000Z,8.05
2612,20190101T141610Z,1J.TI7A.,"['CH1', 'CH2', 'CHZ']",2019-01-01T14:16:14.550000Z,1.66
2613,20190101T141710Z,1J.TI7A.,"['CH1', 'CH2', 'CHZ']",2019-01-01T14:17:10.860000Z,17.14
2614,20190101T141848Z,1J.TI7A.,"['CH1', 'CH2', 'CHZ']",2019-01-01T14:18:48.510000Z,1.66
2615,20190101T142102Z,1J.TI7A.,"['CH1', 'CH2', 'CHZ']",2019-01-01T14:21:02.890000Z,1.34
2616,20190101T142153Z,1J.TI7A.,"['CH1', 'CH2', 'CHZ']",2019-01-01T14:21:53.190000Z,16.68
2617,20190101T142416Z,1J.TI7A.,"['CH1', 'CH2', 'CHZ']",2019-01-01T14:24:16.890000Z,1.28
2618,20190101T142530Z,1J.TI7A.,"['CH1', 'CH2', 'CHZ']",2019-01-01T14:25:33.290000Z,50.29
2619,20190101T142632Z,1J.TI7A.,"['CH1', 'CH2', 'CHZ']",2019-01-01T14:26:32.330000Z,10.06
2620,20190101T143007Z,1J.TI7A.,"['CH1', 'CH2', 'CHZ']",2019-01-01T14:30:09.650000Z,48.08
2621,20190101T143409Z,1J.TI7A.,"['CH1', 'CH2', 'CHZ']",2019-01-01T14:34:09.820000Z,12.61
2622,20190101T143533Z,1J.TI7A.,"['CH1', 'CH2', 'CHZ']",2019-01-01T14:35:33.080000Z,15.77
2623,20190101T143732Z,1J.TI7A.,"['CH1', 'CH2', 'CHZ']",2019-01-01T14:37:32.840000Z,1.17
2624,20190101T143904Z,1J.TI7A.,"['CH1', 'CH2', 'CHZ']",2019-01-01T14:39:04.780000Z,15.73
2625,20190101T144152Z,1J.TI7A.,"['CH1', 'CH2', 'CHZ']",2019-01-01T14:41:52.190000Z,1.81
2626,20190101T144244Z,1J.TI7A.,"['CH1', 'CH2', 'CHZ']",2019-01-01T14:42:44.840000Z,1.2
2627,20190101T144407Z,1J.TI7A.,"['CH1', 'CH2', 'CHZ']",2019-01-01T14:44:07.970000Z,16.88
2628,20190101T144606Z,1J.TI7A.,"['CH1', 'CH2', 'CHZ']",2019-01-01T14:46:06.900000Z,1.01
2629,20190101T144719Z,1J.TI7A.,"['CH1', 'CH2', 'CHZ']",2019-01-01T14:47:19.540000Z,0.96
2630,20190101T144732Z,1J.TI7A.,"['CH1', 'CH2', 'CHZ']",2019-01-01T14:47:32.990000Z,15.49
2631,20190101T145105Z,1J.TI7A.,"['CH1', 'CH2', 'CHZ']",2019-01-01T14:51:05.810000Z,15.9
2632,20190101T145336Z,1J.TI7A.,"['CH1', 'CH2', 'CHZ']",2019-01-01T14:53:50.610000Z,1.04
2633,20190101T145443Z,1J.TI7A.,"['CH1', 'CH2', 'CHZ']",2019-01-01T14:54:43.020000Z,1.03
2634,20190101T145601Z,1J.TI7A.,"['CH1', 'CH2', 'CHZ']",2019-01-01T14:56:01.430000Z,17.2
2635,20190101T145746Z,1J.TI7A.,"['CH1', 'CH2', 'CHZ']",2019-01-01T14:57:46.700000Z,1.27
2636,20190101T145802Z,1J.TI7A.,"['CH1', 'CH2', 'CHZ']",2019-01-01T14:58:06.190000Z,48.26
2637,20190101T145936Z,1J.TI7A.,"['CH1', 'CH2', 'CHZ']",2019-01-01T14:59:36.740000Z,15.79
2638,20190101T150207Z,1J.TI7A.,"['CH1', 'CH2', 'CHZ']",2019-01-01T15:02:07.040000Z,12.6
2639,20190101T150735Z,1J.TI7A.,"['CH1', 'CH2', 'CHZ']",2019-01-01T15:07:35.810000Z,16.37
2640,20190101T151302Z,1J.TI7A.,"['CH1', 'CH2', 'CHZ']",2019-01-01T15:13:02.890000Z,16.6
2641,20190101T151620Z,1J.TI7A.,"['CH1', 'CH2', 'CHZ']",2019-01-01T15:16:20.350000Z,1.2
2642,20190101T151845Z,1J.TI7A.,"['CH1', 'CH2', 'CHZ']",2019-01-01T15:18:45.470000Z,15.92
2643,20190101T152100Z,1J.TI7A.,"['CH1', 'CH2', 'CHZ']",2019-01-01T15:21:00.430000Z,2.19
2644,20190101T152530Z,1J.TI7A.,"['CH1', 'CH2', 'CHZ']",2019-01-01T15:25:30.910000Z,17.54
2645,20190101T153114Z,1J.TI7A.,"['CH1', 'CH2', 'CHZ']",2019-01-01T15:31:14.720000Z,16.67
2646,20190101T153641Z,1J.TI7A.,"['CH1', 'CH2', 'CHZ']",2019-01-01T15:36:41.890000Z,16.4
2647,20190101T154104Z,1J.TI7A.,"['CH1', 'CH2', 'CHZ']",2019-01-01T15:41:13.200000Z,15.93
2648,20190101T154844Z,1J.TI7A.,"['CH1', 'CH2', 'CHZ']",2019-01-01T15:48:44.410000Z,14.97
2649,20190101T155337Z,1J.TI7A.,"['CH1', 'CH2', 'CHZ']",2019-01-01T15:53:37.400000Z,13.11
2650,20190101T155703Z,1J.TI7A.,"['CH1', 'CH2', 'CHZ']",2019-01-01T15:57:09.750000Z,0.99
2651,20190101T155807Z,1J.TI7A.,"['CH1', 'CH2', 'CHZ']",2019-01-01T15:58:07.070000Z,17.3
2652,20190101T160334Z,1J.TI7A.,"['CH1', 'CH2', 'CHZ']",2019-01-01T16:03:34.490000Z,15.48
2653,20190101T160746Z,1J.TI7A.,"['CH1', 'CH2', 'CHZ']",2019-01-01T16:07:46.870000Z,13.34
2654,20190101T161157Z,1J.TI7A.,"['CH1', 'CH2', 'CHZ']",2019-01-01T16:11:57.300000Z,13.56
2655,20190101T161704Z,1J.TI7A.,"['CH1', 'CH2', 'CHZ']",2019-01-01T16:17:04.080000Z,14.41
2656,20190101T162334Z,1J.TI7A.,"['CH1', 'CH2', 'CHZ']",2019-01-01T16:23:34.460000Z,15.05
2657,20190101T162754Z,1J.TI7A.,"['CH1', 'CH2', 'CHZ']",2019-01-01T16:27:54.390000Z,12.94
2658,20190101T163312Z,1J.TI7A.,"['CH1', 'CH2', 'CHZ']",2019-01-01T16:33:12.860000Z,14.8
2659,20190101T163724Z,1J.TI7A.,"['CH1', 'CH2', 'CHZ']",2019-01-01T16:37:24.270000Z,14.01
2660,20190101T163937Z,1J.TI7A.,"['CH1', 'CH2', 'CHZ']",2019-01-01T16:40:27.590000Z,46.85
2661,20190101T164232Z,1J.TI7A.,"['CH1', 'CH2', 'CHZ']",2019-01-01T16:42:32.370000Z,8.06
2662,20190101T164711Z,1J.TI7A.,"['CH1', 'CH2', 'CHZ']",2019-01-01T16:47:11.300000Z,22.36
2663,20190101T165115Z,1J.TI7A.,"['CH1', 'CH2', 'CHZ']",2019-01-01T16:51:15.620000Z,13.89
2664,20190101T165157Z,1J.TI7A.,"['CH1', 'CH2', 'CHZ']",2019-01-01T16:51:59.970000Z,6.16
2665,20190101T165223Z,1J.TI7A.,"['CH1', 'CH2', 'CHZ']",2019-01-01T16:52:28.670000Z,14.61
2666,20190101T165534Z,1J.TI7A.,"['CH1', 'CH2', 'CHZ']",2019-01-01T16:55:37.230000Z,12.78
2667,20190101T170040Z,1J.TI7A.,"['CH1', 'CH2', 'CHZ']",2019-01-01T17:00:40.500000Z,15.1
2668,20190101T170423Z,1J.TI7A.,"['CH1', 'CH2', 'CHZ']",2019-01-01T17:04:23.840000Z,14.17
2669,20190101T171049Z,1J.TI7A.,"['CH1', 'CH2', 'CHZ']",2019-01-01T17:10:49.570000Z,15.44
2670,20190101T171600Z,1J.TI7A.,"['CH1', 'CH2', 'CHZ']",2019-01-01T17:16:12.750000Z,13.73
2671,20190101T171844Z,1J.TI7A.,"['CH1', 'CH2', 'CHZ']",2019-01-01T17:18:44.510000Z,1.85
2672,20190101T172121Z,1J.TI7A.,"['CH1', 'CH2', 'CHZ']",2019-01-01T17:21:21.090000Z,14.55
2673,20190101T172742Z,1J.TI7A.,"['CH1', 'CH2', 'CHZ']",2019-01-01T17:27:42.730000Z,14.8
2674,20190101T173222Z,1J.TI7A.,"['CH1', 'CH2', 'CHZ']",2019-01-01T17:32:22.450000Z,12.89
2675,20190101T173547Z,1J.TI7A.,"['CH1', 'CH2', 'CHZ']",2019-01-01T17:35:47.770000Z,11.03
2676,20190101T173754Z,1J.TI7A.,"['CH1', 'CH2', 'CHZ']",2019-01-01T17:37:58.260000Z,5.34
2677,20190101T174341Z,1J.TI7A.,"['CH1', 'CH2', 'CHZ']",2019-01-01T17:43:41.460000Z,13.55
2678,20190101T174611Z,1J.TI7A.,"['CH1', 'CH2', 'CHZ']",2019-01-01T17:46:11.770000Z,1.54
2679,20190101T174828Z,1J.TI7A.,"['CH1', 'CH2', 'CHZ']",2019-01-01T17:48:28.480000Z,13.2
2680,20190101T175350Z,1J.TI7A.,"['CH1', 'CH2', 'CHZ']",2019-01-01T17:53:50.340000Z,13.17
2681,20190101T175728Z,1J.TI7A.,"['CH1', 'CH2', 'CHZ']",2019-01-01T17:57:28.190000Z,11.41
2682,20190101T180445Z,1J.TI7A.,"['CH1', 'CH2', 'CHZ']",2019-01-01T18:04:51.450000Z,15.51
2683,20190101T181020Z,1J.TI7A.,"['CH1', 'CH2', 'CHZ']",2019-01-01T18:10:20.560000Z,14.97
2684,20190101T181106Z,1J.TI7A.,"['CH1', 'CH2', 'CHZ']",2019-01-01T18:11:06.140000Z,2.34
2685,20190101T181658Z,1J.TI7A.,"['CH1', 'CH2', 'CHZ']",2019-01-01T18:16:58.100000Z,14.98
2686,20190101T182340Z,1J.TI7A.,"['CH1', 'CH2', 'CHZ']",2019-01-01T18:23:40.600000Z,15.07
2687,20190101T183040Z,1J.TI7A.,"['CH1', 'CH2', 'CHZ']",2019-01-01T18:30:40.010000Z,15.53
2688,20190101T183728Z,1J.TI7A.,"['CH1', 'CH2', 'CHZ']",2019-01-01T18:37:28.060000Z,15.71
2689,20190101T183751Z,1J.TI7A.,"['CH1', 'CH2', 'CHZ']",2019-01-01T18:37:51.710000Z,2.38
2690,20190101T183852Z,1J.TI7A.,"['CH1', 'CH2', 'CHZ']",2019-01-01T18:38:52.840000Z,1.34
2691,20190101T184444Z,1J.TI7A.,"['CH1', 'CH2', 'CHZ']",2019-01-01T18:44:44.690000Z,16.45
2692,20190101T184816Z,1J.TI7A.,"['CH1', 'CH2', 'CHZ']",2019-01-01T18:48:16.620000Z,5.33
2693,20190101T185055Z,1J.TI7A.,"['CH1', 'CH2', 'CHZ']",2019-01-01T18:50:55.760000Z,15.81
2694,20190101T185621Z,1J.TI7A.,"['CH1', 'CH2', 'CHZ']",2019-01-01T18:56:21.780000Z,15.93
2695,20190101T185726Z,1J.TI7A.,"['CH1', 'CH2', 'CHZ']",2019-01-01T18:57:26.020000Z,2.02
2696,20190101T190145Z,1J.TI7A.,"['CH1', 'CH2', 'CHZ']",2019-01-01T19:01:45.280000Z,0.81
2697,20190101T190149Z,1J.TI7A.,"['CH1', 'CH2', 'CHZ']",2019-01-01T19:01:53.220000Z,55.08
2698,20190101T190437Z,1J.TI7A.,"['CH1', 'CH2', 'CHZ']",2019-01-01T19:04:37.300000Z,7.01
2699,20190101T190803Z,1J.TI7A.,"['CH1', 'CH2', 'CHZ']",2019-01-01T19:08:05.670000Z,47.19
2700,20190101T191100Z,1J.TI7A.,"['CH1', 'CH2', 'CHZ']",2019-01-01T19:11:00.330000Z,13.97
2701,20190101T191400Z,1J.TI7A.,"['CH1', 'CH2', 'CHZ']",2019-01-01T19:14:01.970000Z,12.27
2702,20190101T191854Z,1J.TI7A.,"['CH1', 'CH2', 'CHZ']",2019-01-01T19:18:54.490000Z,15.85
2703,20190101T192344Z,1J.TI7A.,"['CH1', 'CH2', 'CHZ']",2019-01-01T19:23:44.180000Z,15.5
2704,20190101T192500Z,1J.TI7A.,"['CH1', 'CH2', 'CHZ']",2019-01-01T19:25:00.210000Z,2.17
2705,20190101T192637Z,1J.TI7A.,"['CH1', 'CH2', 'CHZ']",2019-01-01T19:26:37.320000Z,1.97
2706,20190101T192752Z,1J.TI7A.,"['CH1', 'CH2', 'CHZ']",2019-01-01T19:28:02.980000Z,9.21
2707,20190101T192850Z,1J.TI7A.,"['CH1', 'CH2', 'CHZ']",2019-01-01T19:28:50.280000Z,14.62
2708,20190101T193137Z,1J.TI7A.,"['CH1', 'CH2', 'CHZ']",2019-01-01T19:31:37.040000Z,2.07
2709,20190101T193433Z,1J.TI7A.,"['CH1', 'CH2', 'CHZ']",2019-01-01T19:34:33.560000Z,27.57
2710,20190101T194031Z,1J.TI7A.,"['CH1', 'CH2', 'CHZ']",2019-01-01T19:40:31.680000Z,15.05
2711,20190101T194532Z,1J.TI7A.,"['CH1', 'CH2', 'CHZ']",2019-01-01T19:45:32.320000Z,15.07
2712,20190101T194857Z,1J.TI7A.,"['CH1', 'CH2', 'CHZ']",2019-01-01T19:48:57.720000Z,13.14
2713,20190101T195417Z,1J.TI7A.,"['CH1', 'CH2', 'CHZ']",2019-01-01T19:54:17.070000Z,14.85
2714,20190101T195435Z,1J.TI7A.,"['CH1', 'CH2', 'CHZ']",2019-01-01T19:55:11.560000Z,14.09
2715,20190101T195908Z,1J.TI7A.,"['CH1', 'CH2', 'CHZ']",2019-01-01T19:59:08.980000Z,13.32
2716,20190101T200308Z,1J.TI7A.,"['CH1', 'CH2', 'CHZ']",2019-01-01T20:03:08.120000Z,14.1
2717,20190101T200512Z,1J.TI7A.,"['CH1', 'CH2', 'CHZ']",2019-01-01T20:05:12.310000Z,1.93
2718,20190101T200707Z,1J.TI7A.,"['CH1', 'CH2', 'CHZ']",2019-01-01T20:07:07.730000Z,14.48
2719,20190101T201047Z,1J.TI7A.,"['CH1', 'CH2', 'CHZ']",2019-01-01T20:10:47.570000Z,13.88
2720,20190101T201437Z,1J.TI7A.,"['CH1', 'CH2', 'CHZ']",2019-01-01T20:14:37.230000Z,14.3
2721,20190101T202007Z,1J.TI7A.,"['CH1', 'CH2', 'CHZ']",2019-01-01T20:20:07.410000Z,15.77
2722,20190101T202402Z,1J.TI7A.,"['CH1', 'CH2', 'CHZ']",2019-01-01T20:24:02.450000Z,13.92
2723,20190101T202851Z,1J.TI7A.,"['CH1', 'CH2', 'CHZ']",2019-01-01T20:28:51.380000Z,15.2
2724,20190101T203336Z,1J.TI7A.,"['CH1', 'CH2', 'CHZ']",2019-01-01T20:33:37.140000Z,14.79
2725,20190101T203757Z,1J.TI7A.,"['CH1', 'CH2', 'CHZ']",2019-01-01T20:37:57.790000Z,14.1
2726,20190101T204253Z,1J.TI7A.,"['CH1', 'CH2', 'CHZ']",2019-01-01T20:42:53.680000Z,12.24
2727,20190101T204613Z,1J.TI7A.,"['CH1', 'CH2', 'CHZ']",2019-01-01T20:46:13.990000Z,10.84
2728,20190101T204859Z,1J.TI7A.,"['CH1', 'CH2', 'CHZ']",2019-01-01T20:48:59.990000Z,7.93
2729,20190101T205153Z,1J.TI7A.,"['CH1', 'CH2', 'CHZ']",2019-01-01T20:51:53.000000Z,1.46
2730,20190101T205436Z,1J.TI7A.,"['CH1', 'CH2', 'CHZ']",2019-01-01T20:54:36.670000Z,12.23
2731,20190101T210008Z,1J.TI7A.,"['CH1', 'CH2', 'CHZ']",2019-01-01T21:00:08.500000Z,12.0
2732,20190101T210552Z,1J.TI7A.,"['CH1', 'CH2', 'CHZ']",2019-01-01T21:05:52.320000Z,15.74
2733,20190101T211132Z,1J.TI7A.,"['CH1', 'CH2', 'CHZ']",2019-01-01T21:11:32.220000Z,11.9
2734,20190101T211551Z,1J.TI7A.,"['CH1', 'CH2', 'CHZ']",2019-01-01T21:15:51.920000Z,10.04
2735,20190101T212149Z,1J.TI7A.,"['CH1', 'CH2', 'CHZ']",2019-01-01T21:21:49.230000Z,12.02
2736,20190101T212819Z,1J.TI7A.,"['CH1', 'CH2', 'CHZ']",2019-01-01T21:28:19.930000Z,8.28
2737,20190101T212857Z,1J.TI7A.,"['CH1', 'CH2', 'CHZ']",2019-01-01T21:28:57.580000Z,1.27
2738,20190101T213246Z,1J.TI7A.,"['CH1', 'CH2', 'CHZ']",2019-01-01T21:32:46.140000Z,9.22
2739,20190101T213632Z,1J.TI7A.,"['CH1', 'CH2', 'CHZ']",2019-01-01T21:36:32.460000Z,5.6
2740,20190101T214005Z,1J.TI7A.,"['CH1', 'CH2', 'CHZ']",2019-01-01T21:40:05.870000Z,5.84
2741,20190101T214341Z,1J.TI7A.,"['CH1', 'CH2', 'CHZ']",2019-01-01T21:43:41.500000Z,4.89
2742,20190101T214827Z,1J.TI7A.,"['CH1', 'CH2', 'CHZ']",2019-01-01T21:48:27.370000Z,8.26
2743,20190101T215213Z,1J.TI7A.,"['CH1', 'CH2', 'CHZ']",2019-01-01T21:52:13.540000Z,6.46
2744,20190101T215510Z,1J.TI7A.,"['CH1', 'CH2', 'CHZ']",2019-01-01T21:55:10.000000Z,5.05
2745,20190101T215749Z,1J.TI7A.,"['CH1', 'CH2', 'CHZ']",2019-01-01T21:57:49.330000Z,4.54
2746,20190101T220148Z,1J.TI7A.,"['CH1', 'CH2', 'CHZ']",2019-01-01T22:02:19.190000Z,18.6
2747,20190101T220332Z,1J.TI7A.,"['CH1', 'CH2', 'CHZ']",2019-01-01T22:03:32.360000Z,3.43
2748,20190101T220655Z,1J.TI7A.,"['CH1', 'CH2', 'CHZ']",2019-01-01T22:06:55.170000Z,6.51
2749,20190101T221014Z,1J.TI7A.,"['CH1', 'CH2', 'CHZ']",2019-01-01T22:10:14.220000Z,1.45
2750,20190101T221046Z,1J.TI7A.,"['CH1', 'CH2', 'CHZ']",2019-01-01T22:10:46.140000Z,1.38
2751,20190101T221249Z,1J.TI7A.,"['CH1', 'CH2', 'CHZ']",2019-01-01T22:12:49.520000Z,11.56
2752,20190101T221807Z,1J.TI7A.,"['CH1', 'CH2', 'CHZ']",2019-01-01T22:18:10.550000Z,0.75
2753,20190101T221924Z,1J.TI7A.,"['CH1', 'CH2', 'CHZ']",2019-01-01T22:19:24.680000Z,13.39
2754,20190101T222451Z,1J.TI7A.,"['CH1', 'CH2', 'CHZ']",2019-01-01T22:24:51.790000Z,11.38
2755,20190101T223043Z,1J.TI7A.,"['CH1', 'CH2', 'CHZ']",2019-01-01T22:30:43.560000Z,12.06
2756,20190101T223610Z,1J.TI7A.,"['CH1', 'CH2', 'CHZ']",2019-01-01T22:36:10.090000Z,8.24
2757,20190101T224056Z,1J.TI7A.,"['CH1', 'CH2', 'CHZ']",2019-01-01T22:40:56.470000Z,7.47
2758,20190101T224631Z,1J.TI7A.,"['CH1', 'CH2', 'CHZ']",2019-01-01T22:47:24.090000Z,9.56
2759,20190101T225326Z,1J.TI7A.,"['CH1', 'CH2', 'CHZ']",2019-01-01T22:53:26.210000Z,12.31
2760,20190101T225553Z,1J.TI7A.,"['CH1', 'CH2', 'CHZ']",2019-01-01T22:56:35.200000Z,3.96
2761,20190101T225755Z,1J.TI7A.,"['CH1', 'CH2', 'CHZ']",2019-01-01T22:57:55.760000Z,6.58
2762,20190101T230328Z,1J.TI7A.,"['CH1', 'CH2', 'CHZ']",2019-01-01T23:03:28.000000Z,11.3
2763,20190101T230609Z,1J.TI7A.,"['CH1', 'CH2', 'CHZ']",2019-01-01T23:06:23.710000Z,5.33
2764,20190101T231015Z,1J.TI7A.,"['CH1', 'CH2', 'CHZ']",2019-01-01T23:10:15.030000Z,10.83
2765,20190101T231329Z,1J.TI7A.,"['CH1', 'CH2', 'CHZ']",2019-01-01T23:13:29.130000Z,5.48
2766,20190101T231438Z,1J.TI7A.,"['CH1', 'CH2', 'CHZ']",2019-01-01T23:14:38.310000Z,1.57
2767,20190101T231522Z,1J.TI7A.,"['CH1', 'CH2', 'CHZ']",2019-01-01T23:15:22.530000Z,13.33
2768,20190101T232009Z,1J.TI7A.,"['CH1', 'CH2', 'CHZ']",2019-01-01T23:20:09.290000Z,0.88
2769,20190101T232112Z,1J.TI7A.,"['CH1', 'CH2', 'CHZ']",2019-01-01T23:21:12.700000Z,10.99
2770,20190101T232556Z,1J.TI7A.,"['CH1', 'CH2', 'CHZ']",2019-01-01T23:25:56.190000Z,12.6
2771,20190101T232636Z,1J.TI7A.,"['CH1', 'CH2', 'CHZ']",2019-01-01T23:26:49.580000Z,17.46
2772,20190101T233058Z,1J.TI7A.,"['CH1', 'CH2', 'CHZ']",2019-01-01T23:30:58.970000Z,10.58
2773,20190101T233511Z,1J.TI7A.,"['CH1', 'CH2', 'CHZ']",2019-01-01T23:35:11.910000Z,13.08
2774,20190101T234014Z,1J.TI7A.,"['CH1', 'CH2', 'CHZ']",2019-01-01T23:40:14.750000Z,9.87
2775,20190101T234124Z,1J.TI7A.,"['CH1', 'CH2', 'CHZ']",2019-01-01T23:41:24.900000Z,7.14
2776,20190101T234522Z,1J.TI7A.,"['CH1', 'CH2', 'CHZ']",2019-01-01T23:45:22.520000Z,13.66
2777,20190101T235100Z,1J.TI7A.,"['CH1', 'CH2', 'CHZ']",2019-01-01T23:51:00.870000Z,11.52
2778,20190101T235658Z,1J.TI7A.,"['CH1', 'CH2', 'CHZ']",2019-01-01T23:56:58.300000Z,14.55
