,event_id,station,components,time,duration
0,20190125T235922Z,1J.TI4A.,"['CH1', 'CH2', 'CHZ']",2019-01-26T00:00:17.950000Z,26.76
1,20190126T001436Z,1J.TI4A.,"['CH1', 'CH2', 'CHZ']",2019-01-26T00:14:36.340000Z,1.11
2,20190126T002022Z,1J.TI4A.,"['CH1', 'CH2', 'CHZ']",2019-01-26T00:20:22.480000Z,2.09
3,20190126T002611Z,1J.TI4A.,"['CH1', 'CH2', 'CHZ']",2019-01-26T00:26:11.170000Z,1.62
4,20190126T003349Z,1J.TI4A.,"['CH1', 'CH2', 'CHZ']",2019-01-26T00:33:49.710000Z,0.96
5,20190126T003947Z,1J.TI4A.,"['CH1', 'CH2', 'CHZ']",2019-01-26T00:39:47.880000Z,0.81
6,20190126T004443Z,1J.TI4A.,"['CH1', 'CH2', 'CHZ']",2019-01-26T00:44:43.450000Z,1.81
7,20190126T005958Z,1J.TI4A.,"['CH1', 'CH2', 'CHZ']",2019-01-26T00:59:58.830000Z,1.25
8,20190126T010912Z,1J.TI4A.,"['CH1', 'CH2', 'CHZ']",2019-01-26T01:09:16.850000Z,0.95
9,20190126T015730Z,1J.TI4A.,"['CH1', 'CH2', 'CHZ']",2019-01-26T01:57:30.410000Z,5.75
10,20190126T020232Z,1J.TI4A.,"['CH1', 'CH2', 'CHZ']",2019-01-26T02:02:32.450000Z,54.74
11,20190126T025703Z,1J.TI4A.,"['CH1', 'CH2', 'CHZ']",2019-01-26T02:57:03.110000Z,2.21
12,20190126T030514Z,1J.TI4A.,"['CH1', 'CH2', 'CHZ']",2019-01-26T03:05:14.370000Z,5.95
13,20190126T032925Z,1J.TI4A.,"['CH1', 'CH2', 'CHZ']",2019-01-26T03:29:33.390000Z,1.53
14,20190126T033413Z,1J.TI4A.,"['CH1', 'CH2', 'CHZ']",2019-01-26T03:34:14.040000Z,29.61
15,20190126T033459Z,1J.TI4A.,"['CH1', 'CH2', 'CHZ']",2019-01-26T03:34:59.950000Z,13.27
16,20190126T033903Z,1J.TI4A.,"['CH1', 'CH2', 'CHZ']",2019-01-26T03:39:05.670000Z,4.22
17,20190126T033929Z,1J.TI4A.,"['CH1', 'CH2', 'CHZ']",2019-01-26T03:39:31.580000Z,2.5
18,20190126T040150Z,1J.TI4A.,"['CH1', 'CH2', 'CHZ']",2019-01-26T04:01:50.830000Z,23.02
19,20190126T043623Z,1J.TI4A.,"['CH1', 'CH2', 'CHZ']",2019-01-26T04:36:25.260000Z,6.65
20,20190126T045928Z,1J.TI4A.,"['CH1', 'CH2', 'CHZ']",2019-01-26T04:59:38.470000Z,5.99
21,20190126T050157Z,1J.TI4A.,"['CH1', 'CH2', 'CHZ']",2019-01-26T05:02:07.900000Z,5.8
22,20190126T052618Z,1J.TI4A.,"['CH1', 'CH2', 'CHZ']",2019-01-26T05:26:24.730000Z,13.41
23,20190126T053411Z,1J.TI4A.,"['CH1', 'CH2', 'CHZ']",2019-01-26T05:34:13.980000Z,10.68
24,20190126T053445Z,1J.TI4A.,"['CH1', 'CH2', 'CHZ']",2019-01-26T05:34:45.230000Z,1.25
25,20190126T053757Z,1J.TI4A.,"['CH1', 'CH2', 'CHZ']",2019-01-26T05:37:57.180000Z,12.31
26,20190126T054110Z,1J.TI4A.,"['CH1', 'CH2', 'CHZ']",2019-01-26T05:41:12.060000Z,10.27
27,20190126T054424Z,1J.TI4A.,"['CH1', 'CH2', 'CHZ']",2019-01-26T05:44:24.480000Z,3.19
28,20190126T054818Z,1J.TI4A.,"['CH1', 'CH2', 'CHZ']",2019-01-26T05:48:18.550000Z,42.97
29,20190126T055052Z,1J.TI4A.,"['CH1', 'CH2', 'CHZ']",2019-01-26T05:50:54.000000Z,2.86
30,20190126T055125Z,1J.TI4A.,"['CH1', 'CH2', 'CHZ']",2019-01-26T05:51:32.050000Z,4.22
31,20190126T055433Z,1J.TI4A.,"['CH1', 'CH2', 'CHZ']",2019-01-26T05:54:35.900000Z,7.62
32,20190126T055618Z,1J.TI4A.,"['CH1', 'CH2', 'CHZ']",2019-01-26T05:56:21.650000Z,11.44
33,20190126T061442Z,1J.TI4A.,"['CH1', 'CH2', 'CHZ']",2019-01-26T06:14:45.570000Z,12.73
34,20190126T062024Z,1J.TI4A.,"['CH1', 'CH2', 'CHZ']",2019-01-26T06:20:26.630000Z,18.74
35,20190126T063214Z,1J.TI4A.,"['CH1', 'CH2', 'CHZ']",2019-01-26T06:32:15.210000Z,8.94
36,20190126T063243Z,1J.TI4A.,"['CH1', 'CH2', 'CHZ']",2019-01-26T06:32:43.130000Z,6.23
37,20190126T063313Z,1J.TI4A.,"['CH1', 'CH2', 'CHZ']",2019-01-26T06:33:15.840000Z,24.88
38,20190126T063444Z,1J.TI4A.,"['CH1', 'CH2', 'CHZ']",2019-01-26T06:34:46.560000Z,2.58
39,20190126T063706Z,1J.TI4A.,"['CH1', 'CH2', 'CHZ']",2019-01-26T06:37:10.520000Z,11.27
40,20190126T063728Z,1J.TI4A.,"['CH1', 'CH2', 'CHZ']",2019-01-26T06:37:28.980000Z,7.58
41,20190126T064450Z,1J.TI4A.,"['CH1', 'CH2', 'CHZ']",2019-01-26T06:44:50.850000Z,10.01
42,20190126T065433Z,1J.TI4A.,"['CH1', 'CH2', 'CHZ']",2019-01-26T06:54:39.250000Z,48.71
43,20190126T070321Z,1J.TI4A.,"['CH1', 'CH2', 'CHZ']",2019-01-26T07:03:21.330000Z,2.45
44,20190126T071917Z,1J.TI4A.,"['CH1', 'CH2', 'CHZ']",2019-01-26T07:19:30.860000Z,47.1
45,20190126T073606Z,1J.TI4A.,"['CH1', 'CH2', 'CHZ']",2019-01-26T07:36:08.390000Z,16.84
46,20190126T073833Z,1J.TI4A.,"['CH1', 'CH2', 'CHZ']",2019-01-26T07:38:39.650000Z,19.02
47,20190126T074207Z,1J.TI4A.,"['CH1', 'CH2', 'CHZ']",2019-01-26T07:42:07.740000Z,3.84
48,20190126T074523Z,1J.TI4A.,"['CH1', 'CH2', 'CHZ']",2019-01-26T07:45:23.150000Z,41.91
49,20190126T074711Z,1J.TI4A.,"['CH1', 'CH2', 'CHZ']",2019-01-26T07:47:11.330000Z,3.4
50,20190126T074715Z,1J.TI4A.,"['CH1', 'CH2', 'CHZ']",2019-01-26T07:47:34.720000Z,0.81
51,20190126T080517Z,1J.TI4A.,"['CH1', 'CH2', 'CHZ']",2019-01-26T08:05:20.080000Z,2.77
52,20190126T081748Z,1J.TI4A.,"['CH1', 'CH2', 'CHZ']",2019-01-26T08:17:48.390000Z,16.47
53,20190126T081844Z,1J.TI4A.,"['CH1', 'CH2', 'CHZ']",2019-01-26T08:18:44.910000Z,38.86
54,20190126T082050Z,1J.TI4A.,"['CH1', 'CH2', 'CHZ']",2019-01-26T08:20:57.660000Z,10.92
55,20190126T082317Z,1J.TI4A.,"['CH1', 'CH2', 'CHZ']",2019-01-26T08:23:17.840000Z,58.71
56,20190126T082950Z,1J.TI4A.,"['CH1', 'CH2', 'CHZ']",2019-01-26T08:29:52.910000Z,9.07
57,20190126T083041Z,1J.TI4A.,"['CH1', 'CH2', 'CHZ']",2019-01-26T08:30:44.810000Z,48.49
58,20190126T083856Z,1J.TI4A.,"['CH1', 'CH2', 'CHZ']",2019-01-26T08:39:01.360000Z,14.09
59,20190126T084228Z,1J.TI4A.,"['CH1', 'CH2', 'CHZ']",2019-01-26T08:42:32.950000Z,51.21
60,20190126T085126Z,1J.TI4A.,"['CH1', 'CH2', 'CHZ']",2019-01-26T08:51:26.640000Z,3.97
61,20190126T085503Z,1J.TI4A.,"['CH1', 'CH2', 'CHZ']",2019-01-26T08:55:07.010000Z,64.63
62,20190126T090142Z,1J.TI4A.,"['CH1', 'CH2', 'CHZ']",2019-01-26T09:01:42.110000Z,14.5
63,20190126T090359Z,1J.TI4A.,"['CH1', 'CH2', 'CHZ']",2019-01-26T09:04:35.250000Z,5.13
64,20190126T090630Z,1J.TI4A.,"['CH1', 'CH2', 'CHZ']",2019-01-26T09:06:31.580000Z,5.29
65,20190126T090707Z,1J.TI4A.,"['CH1', 'CH2', 'CHZ']",2019-01-26T09:07:07.270000Z,4.79
66,20190126T092530Z,1J.TI4A.,"['CH1', 'CH2', 'CHZ']",2019-01-26T09:25:30.650000Z,5.05
67,20190126T092543Z,1J.TI4A.,"['CH1', 'CH2', 'CHZ']",2019-01-26T09:25:43.040000Z,11.01
68,20190126T092942Z,1J.TI4A.,"['CH1', 'CH2', 'CHZ']",2019-01-26T09:29:43.360000Z,15.33
69,20190126T093415Z,1J.TI4A.,"['CH1', 'CH2', 'CHZ']",2019-01-26T09:34:18.270000Z,4.11
70,20190126T093845Z,1J.TI4A.,"['CH1', 'CH2', 'CHZ']",2019-01-26T09:38:53.760000Z,7.85
71,20190126T094101Z,1J.TI4A.,"['CH1', 'CH2', 'CHZ']",2019-01-26T09:41:01.970000Z,1.75
72,20190126T094719Z,1J.TI4A.,"['CH1', 'CH2', 'CHZ']",2019-01-26T09:47:36.490000Z,12.45
73,20190126T095440Z,1J.TI4A.,"['CH1', 'CH2', 'CHZ']",2019-01-26T09:54:40.710000Z,14.12
74,20190126T095739Z,1J.TI4A.,"['CH1', 'CH2', 'CHZ']",2019-01-26T09:57:39.200000Z,4.21
75,20190126T100011Z,1J.TI4A.,"['CH1', 'CH2', 'CHZ']",2019-01-26T10:00:11.520000Z,12.93
76,20190126T100039Z,1J.TI4A.,"['CH1', 'CH2', 'CHZ']",2019-01-26T10:00:39.150000Z,69.76
77,20190126T100747Z,1J.TI4A.,"['CH1', 'CH2', 'CHZ']",2019-01-26T10:07:47.420000Z,11.34
78,20190126T101447Z,1J.TI4A.,"['CH1', 'CH2', 'CHZ']",2019-01-26T10:14:47.640000Z,3.03
79,20190126T102632Z,1J.TI4A.,"['CH1', 'CH2', 'CHZ']",2019-01-26T10:26:32.460000Z,0.92
80,20190126T102836Z,1J.TI4A.,"['CH1', 'CH2', 'CHZ']",2019-01-26T10:28:38.310000Z,8.63
81,20190126T103139Z,1J.TI4A.,"['CH1', 'CH2', 'CHZ']",2019-01-26T10:32:15.760000Z,15.04
82,20190126T104048Z,1J.TI4A.,"['CH1', 'CH2', 'CHZ']",2019-01-26T10:40:56.230000Z,1.3
83,20190126T104227Z,1J.TI4A.,"['CH1', 'CH2', 'CHZ']",2019-01-26T10:42:44.910000Z,9.69
84,20190126T104912Z,1J.TI4A.,"['CH1', 'CH2', 'CHZ']",2019-01-26T10:49:25.100000Z,16.36
85,20190126T105210Z,1J.TI4A.,"['CH1', 'CH2', 'CHZ']",2019-01-26T10:52:10.910000Z,1.34
86,20190126T105436Z,1J.TI4A.,"['CH1', 'CH2', 'CHZ']",2019-01-26T10:54:36.660000Z,8.38
87,20190126T105518Z,1J.TI4A.,"['CH1', 'CH2', 'CHZ']",2019-01-26T10:55:18.880000Z,9.23
88,20190126T105609Z,1J.TI4A.,"['CH1', 'CH2', 'CHZ']",2019-01-26T10:56:12.070000Z,26.55
89,20190126T110625Z,1J.TI4A.,"['CH1', 'CH2', 'CHZ']",2019-01-26T11:06:25.750000Z,5.95
90,20190126T110935Z,1J.TI4A.,"['CH1', 'CH2', 'CHZ']",2019-01-26T11:09:42.180000Z,4.41
91,20190126T111624Z,1J.TI4A.,"['CH1', 'CH2', 'CHZ']",2019-01-26T11:16:27.740000Z,10.82
92,20190126T112116Z,1J.TI4A.,"['CH1', 'CH2', 'CHZ']",2019-01-26T11:21:18.540000Z,50.61
93,20190126T112309Z,1J.TI4A.,"['CH1', 'CH2', 'CHZ']",2019-01-26T11:23:09.620000Z,1.52
94,20190126T112438Z,1J.TI4A.,"['CH1', 'CH2', 'CHZ']",2019-01-26T11:24:38.830000Z,3.57
95,20190126T112529Z,1J.TI4A.,"['CH1', 'CH2', 'CHZ']",2019-01-26T11:26:08.240000Z,1.28
96,20190126T112705Z,1J.TI4A.,"['CH1', 'CH2', 'CHZ']",2019-01-26T11:27:05.710000Z,1.8
97,20190126T112812Z,1J.TI4A.,"['CH1', 'CH2', 'CHZ']",2019-01-26T11:28:12.030000Z,8.17
98,20190126T113843Z,1J.TI4A.,"['CH1', 'CH2', 'CHZ']",2019-01-26T11:38:57.520000Z,1.87
99,20190126T114304Z,1J.TI4A.,"['CH1', 'CH2', 'CHZ']",2019-01-26T11:43:05.490000Z,11.61
100,20190126T114632Z,1J.TI4A.,"['CH1', 'CH2', 'CHZ']",2019-01-26T11:46:36.010000Z,19.6
101,20190126T114844Z,1J.TI4A.,"['CH1', 'CH2', 'CHZ']",2019-01-26T11:48:46.310000Z,9.63
102,20190126T115157Z,1J.TI4A.,"['CH1', 'CH2', 'CHZ']",2019-01-26T11:51:57.300000Z,45.77
103,20190126T115326Z,1J.TI4A.,"['CH1', 'CH2', 'CHZ']",2019-01-26T11:53:26.090000Z,1.15
104,20190126T115650Z,1J.TI4A.,"['CH1', 'CH2', 'CHZ']",2019-01-26T11:56:51.470000Z,18.02
105,20190126T121024Z,1J.TI4A.,"['CH1', 'CH2', 'CHZ']",2019-01-26T12:10:24.450000Z,1.46
106,20190126T121354Z,1J.TI4A.,"['CH1', 'CH2', 'CHZ']",2019-01-26T12:13:54.800000Z,12.8
107,20190126T121417Z,1J.TI4A.,"['CH1', 'CH2', 'CHZ']",2019-01-26T12:14:52.160000Z,15.35
108,20190126T121901Z,1J.TI4A.,"['CH1', 'CH2', 'CHZ']",2019-01-26T12:19:01.020000Z,1.15
109,20190126T122015Z,1J.TI4A.,"['CH1', 'CH2', 'CHZ']",2019-01-26T12:20:16.470000Z,1.39
110,20190126T122028Z,1J.TI4A.,"['CH1', 'CH2', 'CHZ']",2019-01-26T12:20:30.200000Z,9.12
111,20190126T122400Z,1J.TI4A.,"['CH1', 'CH2', 'CHZ']",2019-01-26T12:24:00.990000Z,3.1
112,20190126T122445Z,1J.TI4A.,"['CH1', 'CH2', 'CHZ']",2019-01-26T12:24:45.250000Z,12.09
113,20190126T123035Z,1J.TI4A.,"['CH1', 'CH2', 'CHZ']",2019-01-26T12:30:35.020000Z,3.91
114,20190126T123710Z,1J.TI4A.,"['CH1', 'CH2', 'CHZ']",2019-01-26T12:37:12.250000Z,2.15
115,20190126T124844Z,1J.TI4A.,"['CH1', 'CH2', 'CHZ']",2019-01-26T12:48:44.230000Z,4.44
116,20190126T124855Z,1J.TI4A.,"['CH1', 'CH2', 'CHZ']",2019-01-26T12:48:55.070000Z,4.77
117,20190126T124926Z,1J.TI4A.,"['CH1', 'CH2', 'CHZ']",2019-01-26T12:49:29.000000Z,23.75
118,20190126T130029Z,1J.TI4A.,"['CH1', 'CH2', 'CHZ']",2019-01-26T13:00:29.540000Z,11.91
119,20190126T130332Z,1J.TI4A.,"['CH1', 'CH2', 'CHZ']",2019-01-26T13:03:32.350000Z,1.79
120,20190126T130453Z,1J.TI4A.,"['CH1', 'CH2', 'CHZ']",2019-01-26T13:04:53.780000Z,5.07
121,20190126T130611Z,1J.TI4A.,"['CH1', 'CH2', 'CHZ']",2019-01-26T13:06:12.190000Z,1.75
122,20190126T130829Z,1J.TI4A.,"['CH1', 'CH2', 'CHZ']",2019-01-26T13:08:29.240000Z,1.15
123,20190126T131240Z,1J.TI4A.,"['CH1', 'CH2', 'CHZ']",2019-01-26T13:12:40.300000Z,48.09
124,20190126T131553Z,1J.TI4A.,"['CH1', 'CH2', 'CHZ']",2019-01-26T13:15:53.670000Z,11.17
125,20190126T131838Z,1J.TI4A.,"['CH1', 'CH2', 'CHZ']",2019-01-26T13:18:39.890000Z,10.49
126,20190126T132013Z,1J.TI4A.,"['CH1', 'CH2', 'CHZ']",2019-01-26T13:20:13.000000Z,3.74
127,20190126T132218Z,1J.TI4A.,"['CH1', 'CH2', 'CHZ']",2019-01-26T13:22:18.860000Z,5.68
128,20190126T132340Z,1J.TI4A.,"['CH1', 'CH2', 'CHZ']",2019-01-26T13:23:40.290000Z,6.14
129,20190126T132713Z,1J.TI4A.,"['CH1', 'CH2', 'CHZ']",2019-01-26T13:27:13.620000Z,1.36
130,20190126T133107Z,1J.TI4A.,"['CH1', 'CH2', 'CHZ']",2019-01-26T13:31:07.580000Z,1.13
131,20190126T133145Z,1J.TI4A.,"['CH1', 'CH2', 'CHZ']",2019-01-26T13:31:45.710000Z,2.3
132,20190126T133450Z,1J.TI4A.,"['CH1', 'CH2', 'CHZ']",2019-01-26T13:34:53.630000Z,48.02
133,20190126T133902Z,1J.TI4A.,"['CH1', 'CH2', 'CHZ']",2019-01-26T13:39:02.060000Z,1.05
134,20190126T134020Z,1J.TI4A.,"['CH1', 'CH2', 'CHZ']",2019-01-26T13:40:20.950000Z,2.74
135,20190126T134218Z,1J.TI4A.,"['CH1', 'CH2', 'CHZ']",2019-01-26T13:42:18.220000Z,14.15
136,20190126T134738Z,1J.TI4A.,"['CH1', 'CH2', 'CHZ']",2019-01-26T13:47:38.030000Z,3.55
137,20190126T135014Z,1J.TI4A.,"['CH1', 'CH2', 'CHZ']",2019-01-26T13:50:14.260000Z,14.89
138,20190126T135816Z,1J.TI4A.,"['CH1', 'CH2', 'CHZ']",2019-01-26T13:58:16.560000Z,3.76
139,20190126T141629Z,1J.TI4A.,"['CH1', 'CH2', 'CHZ']",2019-01-26T14:16:32.940000Z,1.21
140,20190126T141900Z,1J.TI4A.,"['CH1', 'CH2', 'CHZ']",2019-01-26T14:19:00.330000Z,1.91
141,20190126T142118Z,1J.TI4A.,"['CH1', 'CH2', 'CHZ']",2019-01-26T14:21:18.900000Z,4.35
142,20190126T142245Z,1J.TI4A.,"['CH1', 'CH2', 'CHZ']",2019-01-26T14:22:50.160000Z,9.53
143,20190126T142336Z,1J.TI4A.,"['CH1', 'CH2', 'CHZ']",2019-01-26T14:23:43.690000Z,13.36
144,20190126T143141Z,1J.TI4A.,"['CH1', 'CH2', 'CHZ']",2019-01-26T14:31:44.340000Z,25.31
145,20190126T143515Z,1J.TI4A.,"['CH1', 'CH2', 'CHZ']",2019-01-26T14:35:16.920000Z,19.02
146,20190126T143906Z,1J.TI4A.,"['CH1', 'CH2', 'CHZ']",2019-01-26T14:39:07.790000Z,8.96
147,20190126T144348Z,1J.TI4A.,"['CH1', 'CH2', 'CHZ']",2019-01-26T14:43:48.070000Z,5.1
148,20190126T145110Z,1J.TI4A.,"['CH1', 'CH2', 'CHZ']",2019-01-26T14:51:10.890000Z,8.73
149,20190126T150817Z,1J.TI4A.,"['CH1', 'CH2', 'CHZ']",2019-01-26T15:08:17.240000Z,12.13
150,20190126T151507Z,1J.TI4A.,"['CH1', 'CH2', 'CHZ']",2019-01-26T15:15:07.200000Z,9.48
151,20190126T151646Z,1J.TI4A.,"['CH1', 'CH2', 'CHZ']",2019-01-26T15:16:52.140000Z,14.05
152,20190126T152545Z,1J.TI4A.,"['CH1', 'CH2', 'CHZ']",2019-01-26T15:25:47.660000Z,6.09
153,20190126T161527Z,1J.TI4A.,"['CH1', 'CH2', 'CHZ']",2019-01-26T16:15:27.090000Z,1.81
154,20190126T161617Z,1J.TI4A.,"['CH1', 'CH2', 'CHZ']",2019-01-26T16:16:17.320000Z,9.51
155,20190126T161705Z,1J.TI4A.,"['CH1', 'CH2', 'CHZ']",2019-01-26T16:17:05.320000Z,1.18
156,20190126T161748Z,1J.TI4A.,"['CH1', 'CH2', 'CHZ']",2019-01-26T16:17:48.260000Z,1.84
157,20190126T162722Z,1J.TI4A.,"['CH1', 'CH2', 'CHZ']",2019-01-26T16:27:36.970000Z,12.82
158,20190126T162853Z,1J.TI4A.,"['CH1', 'CH2', 'CHZ']",2019-01-26T16:29:06.180000Z,9.35
159,20190126T164321Z,1J.TI4A.,"['CH1', 'CH2', 'CHZ']",2019-01-26T16:43:21.880000Z,1.88
160,20190126T164335Z,1J.TI4A.,"['CH1', 'CH2', 'CHZ']",2019-01-26T16:43:35.670000Z,9.84
161,20190126T171019Z,1J.TI4A.,"['CH1', 'CH2', 'CHZ']",2019-01-26T17:10:19.220000Z,29.22
162,20190126T172507Z,1J.TI4A.,"['CH1', 'CH2', 'CHZ']",2019-01-26T17:25:07.110000Z,1.75
163,20190126T172539Z,1J.TI4A.,"['CH1', 'CH2', 'CHZ']",2019-01-26T17:25:39.060000Z,6.23
164,20190126T172917Z,1J.TI4A.,"['CH1', 'CH2', 'CHZ']",2019-01-26T17:29:17.290000Z,9.87
165,20190126T173618Z,1J.TI4A.,"['CH1', 'CH2', 'CHZ']",2019-01-26T17:36:22.460000Z,46.55
166,20190126T173834Z,1J.TI4A.,"['CH1', 'CH2', 'CHZ']",2019-01-26T17:38:34.460000Z,3.09
167,20190126T180127Z,1J.TI4A.,"['CH1', 'CH2', 'CHZ']",2019-01-26T18:01:27.400000Z,11.29
168,20190126T180145Z,1J.TI4A.,"['CH1', 'CH2', 'CHZ']",2019-01-26T18:01:45.420000Z,27.41
169,20190126T180354Z,1J.TI4A.,"['CH1', 'CH2', 'CHZ']",2019-01-26T18:03:54.920000Z,19.79
170,20190126T180442Z,1J.TI4A.,"['CH1', 'CH2', 'CHZ']",2019-01-26T18:04:42.730000Z,44.19
171,20190126T180741Z,1J.TI4A.,"['CH1', 'CH2', 'CHZ']",2019-01-26T18:07:41.770000Z,6.39
172,20190126T181049Z,1J.TI4A.,"['CH1', 'CH2', 'CHZ']",2019-01-26T18:10:49.760000Z,6.73
173,20190126T181242Z,1J.TI4A.,"['CH1', 'CH2', 'CHZ']",2019-01-26T18:12:49.830000Z,2.67
174,20190126T181509Z,1J.TI4A.,"['CH1', 'CH2', 'CHZ']",2019-01-26T18:15:09.360000Z,11.31
175,20190126T181952Z,1J.TI4A.,"['CH1', 'CH2', 'CHZ']",2019-01-26T18:19:52.950000Z,2.59
176,20190126T182239Z,1J.TI4A.,"['CH1', 'CH2', 'CHZ']",2019-01-26T18:22:39.750000Z,4.23
177,20190126T182354Z,1J.TI4A.,"['CH1', 'CH2', 'CHZ']",2019-01-26T18:23:54.100000Z,2.65
178,20190126T182927Z,1J.TI4A.,"['CH1', 'CH2', 'CHZ']",2019-01-26T18:29:27.080000Z,4.56
179,20190126T183922Z,1J.TI4A.,"['CH1', 'CH2', 'CHZ']",2019-01-26T18:39:22.650000Z,7.02
180,20190126T184142Z,1J.TI4A.,"['CH1', 'CH2', 'CHZ']",2019-01-26T18:41:42.660000Z,3.36
181,20190126T184229Z,1J.TI4A.,"['CH1', 'CH2', 'CHZ']",2019-01-26T18:42:29.140000Z,1.5
182,20190126T184320Z,1J.TI4A.,"['CH1', 'CH2', 'CHZ']",2019-01-26T18:43:20.510000Z,3.6
183,20190126T184721Z,1J.TI4A.,"['CH1', 'CH2', 'CHZ']",2019-01-26T18:47:22.870000Z,12.9
184,20190126T184941Z,1J.TI4A.,"['CH1', 'CH2', 'CHZ']",2019-01-26T18:49:41.480000Z,6.39
185,20190126T185327Z,1J.TI4A.,"['CH1', 'CH2', 'CHZ']",2019-01-26T18:53:27.000000Z,4.07
186,20190126T185355Z,1J.TI4A.,"['CH1', 'CH2', 'CHZ']",2019-01-26T18:53:55.880000Z,9.41
187,20190126T185908Z,1J.TI4A.,"['CH1', 'CH2', 'CHZ']",2019-01-26T18:59:08.740000Z,40.63
188,20190126T190442Z,1J.TI4A.,"['CH1', 'CH2', 'CHZ']",2019-01-26T19:04:46.870000Z,22.85
189,20190126T190510Z,1J.TI4A.,"['CH1', 'CH2', 'CHZ']",2019-01-26T19:05:17.220000Z,16.32
190,20190126T190928Z,1J.TI4A.,"['CH1', 'CH2', 'CHZ']",2019-01-26T19:09:30.730000Z,8.01
191,20190126T191312Z,1J.TI4A.,"['CH1', 'CH2', 'CHZ']",2019-01-26T19:13:12.500000Z,7.8
192,20190126T191818Z,1J.TI4A.,"['CH1', 'CH2', 'CHZ']",2019-01-26T19:18:18.850000Z,15.8
193,20190126T192105Z,1J.TI4A.,"['CH1', 'CH2', 'CHZ']",2019-01-26T19:21:05.760000Z,21.46
194,20190126T192847Z,1J.TI4A.,"['CH1', 'CH2', 'CHZ']",2019-01-26T19:28:47.940000Z,3.51
195,20190126T193218Z,1J.TI4A.,"['CH1', 'CH2', 'CHZ']",2019-01-26T19:32:18.540000Z,10.76
196,20190126T193255Z,1J.TI4A.,"['CH1', 'CH2', 'CHZ']",2019-01-26T19:32:55.630000Z,3.62
197,20190126T193619Z,1J.TI4A.,"['CH1', 'CH2', 'CHZ']",2019-01-26T19:36:19.140000Z,17.63
198,20190126T193710Z,1J.TI4A.,"['CH1', 'CH2', 'CHZ']",2019-01-26T19:37:10.490000Z,17.74
199,20190126T193821Z,1J.TI4A.,"['CH1', 'CH2', 'CHZ']",2019-01-26T19:38:21.980000Z,23.13
200,20190126T194054Z,1J.TI4A.,"['CH1', 'CH2', 'CHZ']",2019-01-26T19:40:54.350000Z,3.56
201,20190126T194309Z,1J.TI4A.,"['CH1', 'CH2', 'CHZ']",2019-01-26T19:43:09.260000Z,7.63
202,20190126T194331Z,1J.TI4A.,"['CH1', 'CH2', 'CHZ']",2019-01-26T19:43:37.420000Z,9.57
203,20190126T194746Z,1J.TI4A.,"['CH1', 'CH2', 'CHZ']",2019-01-26T19:47:46.850000Z,6.87
204,20190126T195151Z,1J.TI4A.,"['CH1', 'CH2', 'CHZ']",2019-01-26T19:51:51.350000Z,5.67
205,20190126T195451Z,1J.TI4A.,"['CH1', 'CH2', 'CHZ']",2019-01-26T19:54:53.580000Z,11.73
206,20190126T195604Z,1J.TI4A.,"['CH1', 'CH2', 'CHZ']",2019-01-26T19:56:07.240000Z,18.91
207,20190126T200012Z,1J.TI4A.,"['CH1', 'CH2', 'CHZ']",2019-01-26T20:00:12.490000Z,3.07
208,20190126T200102Z,1J.TI4A.,"['CH1', 'CH2', 'CHZ']",2019-01-26T20:01:06.680000Z,28.61
209,20190126T200343Z,1J.TI4A.,"['CH1', 'CH2', 'CHZ']",2019-01-26T20:03:43.520000Z,39.52
210,20190126T200453Z,1J.TI4A.,"['CH1', 'CH2', 'CHZ']",2019-01-26T20:04:53.820000Z,1.85
211,20190126T200607Z,1J.TI4A.,"['CH1', 'CH2', 'CHZ']",2019-01-26T20:06:07.540000Z,12.3
212,20190126T201238Z,1J.TI4A.,"['CH1', 'CH2', 'CHZ']",2019-01-26T20:12:38.640000Z,12.81
213,20190126T201402Z,1J.TI4A.,"['CH1', 'CH2', 'CHZ']",2019-01-26T20:14:02.750000Z,14.09
214,20190126T201526Z,1J.TI4A.,"['CH1', 'CH2', 'CHZ']",2019-01-26T20:15:36.360000Z,33.26
215,20190126T203014Z,1J.TI4A.,"['CH1', 'CH2', 'CHZ']",2019-01-26T20:30:14.640000Z,24.34
216,20190126T203110Z,1J.TI4A.,"['CH1', 'CH2', 'CHZ']",2019-01-26T20:31:10.140000Z,13.58
217,20190126T203657Z,1J.TI4A.,"['CH1', 'CH2', 'CHZ']",2019-01-26T20:36:57.450000Z,8.88
218,20190126T204208Z,1J.TI4A.,"['CH1', 'CH2', 'CHZ']",2019-01-26T20:42:11.050000Z,18.28
219,20190126T204304Z,1J.TI4A.,"['CH1', 'CH2', 'CHZ']",2019-01-26T20:43:05.300000Z,18.5
220,20190126T204634Z,1J.TI4A.,"['CH1', 'CH2', 'CHZ']",2019-01-26T20:46:37.230000Z,13.43
221,20190126T204950Z,1J.TI4A.,"['CH1', 'CH2', 'CHZ']",2019-01-26T20:49:51.050000Z,8.76
222,20190126T205236Z,1J.TI4A.,"['CH1', 'CH2', 'CHZ']",2019-01-26T20:52:36.380000Z,47.23
223,20190126T205600Z,1J.TI4A.,"['CH1', 'CH2', 'CHZ']",2019-01-26T20:56:00.650000Z,3.95
224,20190126T210041Z,1J.TI4A.,"['CH1', 'CH2', 'CHZ']",2019-01-26T21:00:41.970000Z,4.26
225,20190126T210129Z,1J.TI4A.,"['CH1', 'CH2', 'CHZ']",2019-01-26T21:01:30.180000Z,16.63
226,20190126T210332Z,1J.TI4A.,"['CH1', 'CH2', 'CHZ']",2019-01-26T21:03:32.560000Z,4.82
227,20190126T210419Z,1J.TI4A.,"['CH1', 'CH2', 'CHZ']",2019-01-26T21:04:21.580000Z,9.43
228,20190126T210718Z,1J.TI4A.,"['CH1', 'CH2', 'CHZ']",2019-01-26T21:07:18.940000Z,18.76
229,20190126T211347Z,1J.TI4A.,"['CH1', 'CH2', 'CHZ']",2019-01-26T21:13:47.320000Z,34.98
230,20190126T211731Z,1J.TI4A.,"['CH1', 'CH2', 'CHZ']",2019-01-26T21:17:31.170000Z,31.2
231,20190126T211917Z,1J.TI4A.,"['CH1', 'CH2', 'CHZ']",2019-01-26T21:19:17.760000Z,3.88
232,20190126T212313Z,1J.TI4A.,"['CH1', 'CH2', 'CHZ']",2019-01-26T21:23:13.520000Z,20.15
233,20190126T212934Z,1J.TI4A.,"['CH1', 'CH2', 'CHZ']",2019-01-26T21:29:34.430000Z,16.8
234,20190126T213029Z,1J.TI4A.,"['CH1', 'CH2', 'CHZ']",2019-01-26T21:30:29.470000Z,26.3
235,20190126T213127Z,1J.TI4A.,"['CH1', 'CH2', 'CHZ']",2019-01-26T21:31:27.720000Z,21.93
236,20190126T213212Z,1J.TI4A.,"['CH1', 'CH2', 'CHZ']",2019-01-26T21:32:12.690000Z,10.29
237,20190126T213451Z,1J.TI4A.,"['CH1', 'CH2', 'CHZ']",2019-01-26T21:34:52.540000Z,13.72
238,20190126T213809Z,1J.TI4A.,"['CH1', 'CH2', 'CHZ']",2019-01-26T21:38:11.400000Z,23.97
239,20190126T213921Z,1J.TI4A.,"['CH1', 'CH2', 'CHZ']",2019-01-26T21:39:21.040000Z,2.49
240,20190126T214659Z,1J.TI4A.,"['CH1', 'CH2', 'CHZ']",2019-01-26T21:46:59.030000Z,35.26
241,20190126T214829Z,1J.TI4A.,"['CH1', 'CH2', 'CHZ']",2019-01-26T21:48:34.860000Z,2.08
242,20190126T214928Z,1J.TI4A.,"['CH1', 'CH2', 'CHZ']",2019-01-26T21:49:28.010000Z,5.26
243,20190126T215023Z,1J.TI4A.,"['CH1', 'CH2', 'CHZ']",2019-01-26T21:50:23.740000Z,11.47
244,20190126T215119Z,1J.TI4A.,"['CH1', 'CH2', 'CHZ']",2019-01-26T21:51:19.870000Z,7.68
245,20190126T215428Z,1J.TI4A.,"['CH1', 'CH2', 'CHZ']",2019-01-26T21:54:29.840000Z,20.35
246,20190126T215631Z,1J.TI4A.,"['CH1', 'CH2', 'CHZ']",2019-01-26T21:56:31.020000Z,8.41
247,20190126T220122Z,1J.TI4A.,"['CH1', 'CH2', 'CHZ']",2019-01-26T22:01:22.570000Z,3.22
248,20190126T220416Z,1J.TI4A.,"['CH1', 'CH2', 'CHZ']",2019-01-26T22:04:16.350000Z,8.59
249,20190126T220445Z,1J.TI4A.,"['CH1', 'CH2', 'CHZ']",2019-01-26T22:04:45.700000Z,2.14
250,20190126T221126Z,1J.TI4A.,"['CH1', 'CH2', 'CHZ']",2019-01-26T22:11:30.830000Z,14.73
251,20190126T221309Z,1J.TI4A.,"['CH1', 'CH2', 'CHZ']",2019-01-26T22:13:09.120000Z,15.88
252,20190126T221536Z,1J.TI4A.,"['CH1', 'CH2', 'CHZ']",2019-01-26T22:15:36.300000Z,16.49
253,20190126T221813Z,1J.TI4A.,"['CH1', 'CH2', 'CHZ']",2019-01-26T22:18:13.810000Z,12.92
254,20190126T222040Z,1J.TI4A.,"['CH1', 'CH2', 'CHZ']",2019-01-26T22:20:40.410000Z,11.05
255,20190126T222104Z,1J.TI4A.,"['CH1', 'CH2', 'CHZ']",2019-01-26T22:21:04.040000Z,2.21
256,20190126T222442Z,1J.TI4A.,"['CH1', 'CH2', 'CHZ']",2019-01-26T22:24:42.900000Z,47.17
257,20190126T222933Z,1J.TI4A.,"['CH1', 'CH2', 'CHZ']",2019-01-26T22:29:33.460000Z,18.31
258,20190126T223102Z,1J.TI4A.,"['CH1', 'CH2', 'CHZ']",2019-01-26T22:31:04.250000Z,8.7
259,20190126T223803Z,1J.TI4A.,"['CH1', 'CH2', 'CHZ']",2019-01-26T22:38:03.530000Z,27.49
260,20190126T224551Z,1J.TI4A.,"['CH1', 'CH2', 'CHZ']",2019-01-26T22:45:51.370000Z,40.46
261,20190126T225749Z,1J.TI4A.,"['CH1', 'CH2', 'CHZ']",2019-01-26T22:57:51.080000Z,10.1
262,20190126T225948Z,1J.TI4A.,"['CH1', 'CH2', 'CHZ']",2019-01-26T22:59:48.680000Z,9.86
263,20190126T230338Z,1J.TI4A.,"['CH1', 'CH2', 'CHZ']",2019-01-26T23:03:38.340000Z,29.37
264,20190126T230605Z,1J.TI4A.,"['CH1', 'CH2', 'CHZ']",2019-01-26T23:06:06.540000Z,10.38
265,20190126T230632Z,1J.TI4A.,"['CH1', 'CH2', 'CHZ']",2019-01-26T23:06:38.440000Z,6.31
266,20190126T230819Z,1J.TI4A.,"['CH1', 'CH2', 'CHZ']",2019-01-26T23:08:25.500000Z,8.27
267,20190126T231142Z,1J.TI4A.,"['CH1', 'CH2', 'CHZ']",2019-01-26T23:11:42.620000Z,14.04
268,20190126T231228Z,1J.TI4A.,"['CH1', 'CH2', 'CHZ']",2019-01-26T23:12:32.950000Z,16.06
269,20190126T231506Z,1J.TI4A.,"['CH1', 'CH2', 'CHZ']",2019-01-26T23:15:40.340000Z,26.29
270,20190126T231724Z,1J.TI4A.,"['CH1', 'CH2', 'CHZ']",2019-01-26T23:17:24.380000Z,19.04
271,20190126T232109Z,1J.TI4A.,"['CH1', 'CH2', 'CHZ']",2019-01-26T23:21:09.480000Z,40.79
272,20190126T232234Z,1J.TI4A.,"['CH1', 'CH2', 'CHZ']",2019-01-26T23:22:34.880000Z,2.09
273,20190126T232411Z,1J.TI4A.,"['CH1', 'CH2', 'CHZ']",2019-01-26T23:24:11.940000Z,4.25
274,20190126T232620Z,1J.TI4A.,"['CH1', 'CH2', 'CHZ']",2019-01-26T23:26:20.500000Z,9.55
275,20190126T233403Z,1J.TI4A.,"['CH1', 'CH2', 'CHZ']",2019-01-26T23:34:03.900000Z,14.9
276,20190126T233600Z,1J.TI4A.,"['CH1', 'CH2', 'CHZ']",2019-01-26T23:36:00.440000Z,1.01
277,20190126T233701Z,1J.TI4A.,"['CH1', 'CH2', 'CHZ']",2019-01-26T23:37:01.910000Z,4.64
278,20190126T233737Z,1J.TI4A.,"['CH1', 'CH2', 'CHZ']",2019-01-26T23:37:47.610000Z,2.88
279,20190126T234031Z,1J.TI4A.,"['CH1', 'CH2', 'CHZ']",2019-01-26T23:40:31.330000Z,1.4
280,20190126T234052Z,1J.TI4A.,"['CH1', 'CH2', 'CHZ']",2019-01-26T23:40:52.270000Z,3.3
281,20190126T234251Z,1J.TI4A.,"['CH1', 'CH2', 'CHZ']",2019-01-26T23:42:51.360000Z,2.87
282,20190126T234322Z,1J.TI4A.,"['CH1', 'CH2', 'CHZ']",2019-01-26T23:43:22.410000Z,1.88
283,20190126T234624Z,1J.TI4A.,"['CH1', 'CH2', 'CHZ']",2019-01-26T23:46:24.530000Z,8.75
284,20190126T234731Z,1J.TI4A.,"['CH1', 'CH2', 'CHZ']",2019-01-26T23:47:31.000000Z,16.55
285,20190126T235003Z,1J.TI4A.,"['CH1', 'CH2', 'CHZ']",2019-01-26T23:50:03.700000Z,7.03
286,20190126T235045Z,1J.TI4A.,"['CH1', 'CH2', 'CHZ']",2019-01-26T23:50:45.470000Z,18.94
287,20190126T235248Z,1J.TI4A.,"['CH1', 'CH2', 'CHZ']",2019-01-26T23:52:48.060000Z,1.03
288,20190126T235300Z,1J.TI4A.,"['CH1', 'CH2', 'CHZ']",2019-01-26T23:53:00.060000Z,9.33
289,20190126T235410Z,1J.TI4A.,"['CH1', 'CH2', 'CHZ']",2019-01-26T23:54:10.900000Z,1.61
290,20190126T235631Z,1J.TI4A.,"['CH1', 'CH2', 'CHZ']",2019-01-26T23:56:31.390000Z,4.48
291,20190126T235906Z,1J.TI4A.,"['CH1', 'CH2', 'CHZ']",2019-01-26T23:59:06.480000Z,0.97
292,20190125T235922Z,1J.TI3A.,"['CH1', 'CH2', 'CHZ']",2019-01-25T23:59:49.120000Z,63.36
293,20190126T000754Z,1J.TI3A.,"['CH1', 'CH2', 'CHZ']",2019-01-26T00:07:54.460000Z,2.55
294,20190126T001219Z,1J.TI3A.,"['CH1', 'CH2', 'CHZ']",2019-01-26T00:13:32.400000Z,14.43
295,20190126T001408Z,1J.TI3A.,"['CH1', 'CH2', 'CHZ']",2019-01-26T00:14:08.520000Z,2.97
296,20190126T001500Z,1J.TI3A.,"['CH1', 'CH2', 'CHZ']",2019-01-26T00:15:00.180000Z,4.54
297,20190126T001752Z,1J.TI3A.,"['CH1', 'CH2', 'CHZ']",2019-01-26T00:18:10.990000Z,11.37
298,20190126T002855Z,1J.TI3A.,"['CH1', 'CH2', 'CHZ']",2019-01-26T00:28:55.210000Z,2.35
299,20190126T002937Z,1J.TI3A.,"['CH1', 'CH2', 'CHZ']",2019-01-26T00:29:37.340000Z,8.43
300,20190126T005141Z,1J.TI3A.,"['CH1', 'CH2', 'CHZ']",2019-01-26T00:51:41.230000Z,11.93
301,20190126T010249Z,1J.TI3A.,"['CH1', 'CH2', 'CHZ']",2019-01-26T01:02:50.130000Z,48.8
302,20190126T010633Z,1J.TI3A.,"['CH1', 'CH2', 'CHZ']",2019-01-26T01:06:33.610000Z,3.68
303,20190126T011724Z,1J.TI3A.,"['CH1', 'CH2', 'CHZ']",2019-01-26T01:17:24.150000Z,1.0
304,20190126T013432Z,1J.TI3A.,"['CH1', 'CH2', 'CHZ']",2019-01-26T01:34:32.400000Z,3.17
305,20190126T013521Z,1J.TI3A.,"['CH1', 'CH2', 'CHZ']",2019-01-26T01:35:21.400000Z,0.9
306,20190126T013631Z,1J.TI3A.,"['CH1', 'CH2', 'CHZ']",2019-01-26T01:36:31.050000Z,32.0
307,20190126T013748Z,1J.TI3A.,"['CH1', 'CH2', 'CHZ']",2019-01-26T01:37:48.970000Z,1.45
308,20190126T013929Z,1J.TI3A.,"['CH1', 'CH2', 'CHZ']",2019-01-26T01:39:29.230000Z,4.15
309,20190126T015135Z,1J.TI3A.,"['CH1', 'CH2', 'CHZ']",2019-01-26T01:51:35.570000Z,2.06
310,20190126T020332Z,1J.TI3A.,"['CH1', 'CH2', 'CHZ']",2019-01-26T02:03:32.480000Z,10.43
311,20190126T021338Z,1J.TI3A.,"['CH1', 'CH2', 'CHZ']",2019-01-26T02:13:38.450000Z,7.27
312,20190126T021805Z,1J.TI3A.,"['CH1', 'CH2', 'CHZ']",2019-01-26T02:18:05.790000Z,1.24
313,20190126T022247Z,1J.TI3A.,"['CH1', 'CH2', 'CHZ']",2019-01-26T02:22:47.730000Z,5.98
314,20190126T022622Z,1J.TI3A.,"['CH1', 'CH2', 'CHZ']",2019-01-26T02:26:23.390000Z,18.61
315,20190126T023612Z,1J.TI3A.,"['CH1', 'CH2', 'CHZ']",2019-01-26T02:36:12.220000Z,17.56
316,20190126T023801Z,1J.TI3A.,"['CH1', 'CH2', 'CHZ']",2019-01-26T02:38:01.490000Z,4.27
317,20190126T030337Z,1J.TI3A.,"['CH1', 'CH2', 'CHZ']",2019-01-26T03:03:37.850000Z,7.3
318,20190126T030801Z,1J.TI3A.,"['CH1', 'CH2', 'CHZ']",2019-01-26T03:08:28.320000Z,17.75
319,20190126T031232Z,1J.TI3A.,"['CH1', 'CH2', 'CHZ']",2019-01-26T03:12:32.460000Z,7.79
320,20190126T031835Z,1J.TI3A.,"['CH1', 'CH2', 'CHZ']",2019-01-26T03:18:35.330000Z,14.69
321,20190126T032640Z,1J.TI3A.,"['CH1', 'CH2', 'CHZ']",2019-01-26T03:26:40.690000Z,10.24
322,20190126T033201Z,1J.TI3A.,"['CH1', 'CH2', 'CHZ']",2019-01-26T03:32:01.170000Z,3.04
323,20190126T040150Z,1J.TI3A.,"['CH1', 'CH2', 'CHZ']",2019-01-26T04:01:52.190000Z,26.2
324,20190126T040627Z,1J.TI3A.,"['CH1', 'CH2', 'CHZ']",2019-01-26T04:06:27.910000Z,13.31
325,20190126T041213Z,1J.TI3A.,"['CH1', 'CH2', 'CHZ']",2019-01-26T04:12:40.040000Z,15.47
326,20190126T041650Z,1J.TI3A.,"['CH1', 'CH2', 'CHZ']",2019-01-26T04:16:51.390000Z,5.18
327,20190126T042242Z,1J.TI3A.,"['CH1', 'CH2', 'CHZ']",2019-01-26T04:22:42.930000Z,3.29
328,20190126T042545Z,1J.TI3A.,"['CH1', 'CH2', 'CHZ']",2019-01-26T04:25:45.220000Z,8.19
329,20190126T043045Z,1J.TI3A.,"['CH1', 'CH2', 'CHZ']",2019-01-26T04:30:45.890000Z,17.31
330,20190126T043114Z,1J.TI3A.,"['CH1', 'CH2', 'CHZ']",2019-01-26T04:31:14.750000Z,14.32
331,20190126T043655Z,1J.TI3A.,"['CH1', 'CH2', 'CHZ']",2019-01-26T04:36:55.490000Z,8.66
332,20190126T044010Z,1J.TI3A.,"['CH1', 'CH2', 'CHZ']",2019-01-26T04:40:10.950000Z,5.0
333,20190126T044138Z,1J.TI3A.,"['CH1', 'CH2', 'CHZ']",2019-01-26T04:41:38.620000Z,1.05
334,20190126T044742Z,1J.TI3A.,"['CH1', 'CH2', 'CHZ']",2019-01-26T04:47:42.750000Z,14.89
335,20190126T045356Z,1J.TI3A.,"['CH1', 'CH2', 'CHZ']",2019-01-26T04:53:56.490000Z,22.47
336,20190126T045635Z,1J.TI3A.,"['CH1', 'CH2', 'CHZ']",2019-01-26T04:56:35.660000Z,18.34
337,20190126T045830Z,1J.TI3A.,"['CH1', 'CH2', 'CHZ']",2019-01-26T04:58:30.020000Z,7.24
338,20190126T045928Z,1J.TI3A.,"['CH1', 'CH2', 'CHZ']",2019-01-26T04:59:38.380000Z,1.26
339,20190126T050014Z,1J.TI3A.,"['CH1', 'CH2', 'CHZ']",2019-01-26T05:00:14.680000Z,12.11
340,20190126T050157Z,1J.TI3A.,"['CH1', 'CH2', 'CHZ']",2019-01-26T05:02:07.560000Z,2.06
341,20190126T050300Z,1J.TI3A.,"['CH1', 'CH2', 'CHZ']",2019-01-26T05:03:00.040000Z,2.26
342,20190126T050341Z,1J.TI3A.,"['CH1', 'CH2', 'CHZ']",2019-01-26T05:03:41.480000Z,10.81
343,20190126T050841Z,1J.TI3A.,"['CH1', 'CH2', 'CHZ']",2019-01-26T05:08:41.990000Z,18.46
344,20190126T051006Z,1J.TI3A.,"['CH1', 'CH2', 'CHZ']",2019-01-26T05:10:06.690000Z,2.61
345,20190126T051433Z,1J.TI3A.,"['CH1', 'CH2', 'CHZ']",2019-01-26T05:14:59.490000Z,21.09
346,20190126T051646Z,1J.TI3A.,"['CH1', 'CH2', 'CHZ']",2019-01-26T05:16:46.180000Z,1.94
347,20190126T051916Z,1J.TI3A.,"['CH1', 'CH2', 'CHZ']",2019-01-26T05:19:16.130000Z,1.09
348,20190126T052110Z,1J.TI3A.,"['CH1', 'CH2', 'CHZ']",2019-01-26T05:21:11.430000Z,2.79
349,20190126T052417Z,1J.TI3A.,"['CH1', 'CH2', 'CHZ']",2019-01-26T05:24:17.920000Z,2.39
350,20190126T052656Z,1J.TI3A.,"['CH1', 'CH2', 'CHZ']",2019-01-26T05:26:56.580000Z,16.16
351,20190126T053016Z,1J.TI3A.,"['CH1', 'CH2', 'CHZ']",2019-01-26T05:30:16.620000Z,11.54
352,20190126T053114Z,1J.TI3A.,"['CH1', 'CH2', 'CHZ']",2019-01-26T05:31:14.640000Z,1.47
353,20190126T053329Z,1J.TI3A.,"['CH1', 'CH2', 'CHZ']",2019-01-26T05:33:29.070000Z,1.51
354,20190126T053916Z,1J.TI3A.,"['CH1', 'CH2', 'CHZ']",2019-01-26T05:39:16.840000Z,1.67
355,20190126T053935Z,1J.TI3A.,"['CH1', 'CH2', 'CHZ']",2019-01-26T05:39:35.310000Z,6.09
356,20190126T054110Z,1J.TI3A.,"['CH1', 'CH2', 'CHZ']",2019-01-26T05:41:12.010000Z,9.42
357,20190126T054134Z,1J.TI3A.,"['CH1', 'CH2', 'CHZ']",2019-01-26T05:41:34.660000Z,14.26
358,20190126T054457Z,1J.TI3A.,"['CH1', 'CH2', 'CHZ']",2019-01-26T05:44:57.500000Z,1.78
359,20190126T054517Z,1J.TI3A.,"['CH1', 'CH2', 'CHZ']",2019-01-26T05:45:17.540000Z,19.14
360,20190126T054818Z,1J.TI3A.,"['CH1', 'CH2', 'CHZ']",2019-01-26T05:48:46.000000Z,9.82
361,20190126T054910Z,1J.TI3A.,"['CH1', 'CH2', 'CHZ']",2019-01-26T05:49:10.970000Z,9.51
362,20190126T055012Z,1J.TI3A.,"['CH1', 'CH2', 'CHZ']",2019-01-26T05:50:12.210000Z,4.33
363,20190126T055038Z,1J.TI3A.,"['CH1', 'CH2', 'CHZ']",2019-01-26T05:50:38.690000Z,11.51
364,20190126T055059Z,1J.TI3A.,"['CH1', 'CH2', 'CHZ']",2019-01-26T05:50:59.430000Z,7.29
365,20190126T055125Z,1J.TI3A.,"['CH1', 'CH2', 'CHZ']",2019-01-26T05:51:25.640000Z,18.06
366,20190126T055351Z,1J.TI3A.,"['CH1', 'CH2', 'CHZ']",2019-01-26T05:53:51.140000Z,1.18
367,20190126T055433Z,1J.TI3A.,"['CH1', 'CH2', 'CHZ']",2019-01-26T05:54:33.160000Z,12.54
368,20190126T055618Z,1J.TI3A.,"['CH1', 'CH2', 'CHZ']",2019-01-26T05:56:18.550000Z,17.35
369,20190126T055837Z,1J.TI3A.,"['CH1', 'CH2', 'CHZ']",2019-01-26T05:58:37.050000Z,1.21
370,20190126T060010Z,1J.TI3A.,"['CH1', 'CH2', 'CHZ']",2019-01-26T06:00:10.760000Z,11.24
371,20190126T060250Z,1J.TI3A.,"['CH1', 'CH2', 'CHZ']",2019-01-26T06:02:50.810000Z,2.73
372,20190126T060312Z,1J.TI3A.,"['CH1', 'CH2', 'CHZ']",2019-01-26T06:03:12.150000Z,18.98
373,20190126T060429Z,1J.TI3A.,"['CH1', 'CH2', 'CHZ']",2019-01-26T06:04:29.740000Z,0.81
374,20190126T060504Z,1J.TI3A.,"['CH1', 'CH2', 'CHZ']",2019-01-26T06:05:04.960000Z,5.72
375,20190126T060611Z,1J.TI3A.,"['CH1', 'CH2', 'CHZ']",2019-01-26T06:06:11.980000Z,1.01
376,20190126T060735Z,1J.TI3A.,"['CH1', 'CH2', 'CHZ']",2019-01-26T06:07:35.580000Z,1.19
377,20190126T061049Z,1J.TI3A.,"['CH1', 'CH2', 'CHZ']",2019-01-26T06:10:49.980000Z,1.3
378,20190126T061214Z,1J.TI3A.,"['CH1', 'CH2', 'CHZ']",2019-01-26T06:12:14.400000Z,1.0
379,20190126T061237Z,1J.TI3A.,"['CH1', 'CH2', 'CHZ']",2019-01-26T06:12:37.070000Z,18.46
380,20190126T061442Z,1J.TI3A.,"['CH1', 'CH2', 'CHZ']",2019-01-26T06:14:42.830000Z,13.82
381,20190126T061727Z,1J.TI3A.,"['CH1', 'CH2', 'CHZ']",2019-01-26T06:17:27.850000Z,3.95
382,20190126T061848Z,1J.TI3A.,"['CH1', 'CH2', 'CHZ']",2019-01-26T06:18:48.980000Z,8.93
383,20190126T061956Z,1J.TI3A.,"['CH1', 'CH2', 'CHZ']",2019-01-26T06:19:56.610000Z,10.05
384,20190126T062024Z,1J.TI3A.,"['CH1', 'CH2', 'CHZ']",2019-01-26T06:20:24.220000Z,9.77
385,20190126T062145Z,1J.TI3A.,"['CH1', 'CH2', 'CHZ']",2019-01-26T06:21:45.280000Z,1.03
386,20190126T062418Z,1J.TI3A.,"['CH1', 'CH2', 'CHZ']",2019-01-26T06:24:18.780000Z,2.1
387,20190126T062757Z,1J.TI3A.,"['CH1', 'CH2', 'CHZ']",2019-01-26T06:27:57.720000Z,0.8
388,20190126T062832Z,1J.TI3A.,"['CH1', 'CH2', 'CHZ']",2019-01-26T06:28:32.750000Z,9.73
389,20190126T062950Z,1J.TI3A.,"['CH1', 'CH2', 'CHZ']",2019-01-26T06:29:50.070000Z,1.0
390,20190126T063125Z,1J.TI3A.,"['CH1', 'CH2', 'CHZ']",2019-01-26T06:31:25.790000Z,1.19
391,20190126T063214Z,1J.TI3A.,"['CH1', 'CH2', 'CHZ']",2019-01-26T06:32:15.130000Z,2.31
392,20190126T063313Z,1J.TI3A.,"['CH1', 'CH2', 'CHZ']",2019-01-26T06:33:13.970000Z,34.97
393,20190126T063552Z,1J.TI3A.,"['CH1', 'CH2', 'CHZ']",2019-01-26T06:35:52.100000Z,7.36
394,20190126T063706Z,1J.TI3A.,"['CH1', 'CH2', 'CHZ']",2019-01-26T06:37:06.510000Z,12.17
395,20190126T063914Z,1J.TI3A.,"['CH1', 'CH2', 'CHZ']",2019-01-26T06:39:14.050000Z,6.9
396,20190126T064057Z,1J.TI3A.,"['CH1', 'CH2', 'CHZ']",2019-01-26T06:40:57.060000Z,10.4
397,20190126T064311Z,1J.TI3A.,"['CH1', 'CH2', 'CHZ']",2019-01-26T06:43:11.470000Z,1.09
398,20190126T064803Z,1J.TI3A.,"['CH1', 'CH2', 'CHZ']",2019-01-26T06:48:03.870000Z,1.25
399,20190126T065100Z,1J.TI3A.,"['CH1', 'CH2', 'CHZ']",2019-01-26T06:51:00.070000Z,1.22
400,20190126T065159Z,1J.TI3A.,"['CH1', 'CH2', 'CHZ']",2019-01-26T06:51:59.250000Z,19.08
401,20190126T065302Z,1J.TI3A.,"['CH1', 'CH2', 'CHZ']",2019-01-26T06:53:02.180000Z,5.96
402,20190126T065433Z,1J.TI3A.,"['CH1', 'CH2', 'CHZ']",2019-01-26T06:54:33.770000Z,47.1
403,20190126T065544Z,1J.TI3A.,"['CH1', 'CH2', 'CHZ']",2019-01-26T06:55:44.820000Z,1.72
404,20190126T065958Z,1J.TI3A.,"['CH1', 'CH2', 'CHZ']",2019-01-26T06:59:58.680000Z,1.06
405,20190126T070208Z,1J.TI3A.,"['CH1', 'CH2', 'CHZ']",2019-01-26T07:02:08.340000Z,15.17
406,20190126T070342Z,1J.TI3A.,"['CH1', 'CH2', 'CHZ']",2019-01-26T07:03:42.480000Z,5.1
407,20190126T070515Z,1J.TI3A.,"['CH1', 'CH2', 'CHZ']",2019-01-26T07:05:15.340000Z,1.32
408,20190126T070917Z,1J.TI3A.,"['CH1', 'CH2', 'CHZ']",2019-01-26T07:09:17.230000Z,1.17
409,20190126T071140Z,1J.TI3A.,"['CH1', 'CH2', 'CHZ']",2019-01-26T07:11:40.790000Z,11.16
410,20190126T071325Z,1J.TI3A.,"['CH1', 'CH2', 'CHZ']",2019-01-26T07:13:25.410000Z,0.95
411,20190126T071455Z,1J.TI3A.,"['CH1', 'CH2', 'CHZ']",2019-01-26T07:14:55.370000Z,28.78
412,20190126T071649Z,1J.TI3A.,"['CH1', 'CH2', 'CHZ']",2019-01-26T07:16:49.070000Z,1.0
413,20190126T071730Z,1J.TI3A.,"['CH1', 'CH2', 'CHZ']",2019-01-26T07:17:30.300000Z,18.29
414,20190126T071917Z,1J.TI3A.,"['CH1', 'CH2', 'CHZ']",2019-01-26T07:19:23.970000Z,47.72
415,20190126T072440Z,1J.TI3A.,"['CH1', 'CH2', 'CHZ']",2019-01-26T07:24:40.270000Z,9.5
416,20190126T072508Z,1J.TI3A.,"['CH1', 'CH2', 'CHZ']",2019-01-26T07:25:08.810000Z,9.03
417,20190126T073354Z,1J.TI3A.,"['CH1', 'CH2', 'CHZ']",2019-01-26T07:33:54.120000Z,9.33
418,20190126T073519Z,1J.TI3A.,"['CH1', 'CH2', 'CHZ']",2019-01-26T07:35:19.200000Z,0.98
419,20190126T073606Z,1J.TI3A.,"['CH1', 'CH2', 'CHZ']",2019-01-26T07:36:06.680000Z,5.56
420,20190126T073739Z,1J.TI3A.,"['CH1', 'CH2', 'CHZ']",2019-01-26T07:37:39.270000Z,16.32
421,20190126T073833Z,1J.TI3A.,"['CH1', 'CH2', 'CHZ']",2019-01-26T07:38:33.270000Z,19.55
422,20190126T074523Z,1J.TI3A.,"['CH1', 'CH2', 'CHZ']",2019-01-26T07:45:37.250000Z,0.91
423,20190126T074715Z,1J.TI3A.,"['CH1', 'CH2', 'CHZ']",2019-01-26T07:47:15.970000Z,19.03
424,20190126T074835Z,1J.TI3A.,"['CH1', 'CH2', 'CHZ']",2019-01-26T07:48:35.240000Z,5.89
425,20190126T075357Z,1J.TI3A.,"['CH1', 'CH2', 'CHZ']",2019-01-26T07:53:57.900000Z,14.0
426,20190126T075715Z,1J.TI3A.,"['CH1', 'CH2', 'CHZ']",2019-01-26T07:57:15.520000Z,6.29
427,20190126T075947Z,1J.TI3A.,"['CH1', 'CH2', 'CHZ']",2019-01-26T07:59:47.490000Z,1.06
428,20190126T080123Z,1J.TI3A.,"['CH1', 'CH2', 'CHZ']",2019-01-26T08:01:23.890000Z,7.15
429,20190126T080356Z,1J.TI3A.,"['CH1', 'CH2', 'CHZ']",2019-01-26T08:03:56.610000Z,19.65
430,20190126T080617Z,1J.TI3A.,"['CH1', 'CH2', 'CHZ']",2019-01-26T08:06:17.820000Z,11.46
431,20190126T081334Z,1J.TI3A.,"['CH1', 'CH2', 'CHZ']",2019-01-26T08:13:34.400000Z,18.77
432,20190126T081613Z,1J.TI3A.,"['CH1', 'CH2', 'CHZ']",2019-01-26T08:16:13.700000Z,9.31
433,20190126T081844Z,1J.TI3A.,"['CH1', 'CH2', 'CHZ']",2019-01-26T08:18:57.440000Z,1.41
434,20190126T082050Z,1J.TI3A.,"['CH1', 'CH2', 'CHZ']",2019-01-26T08:20:50.150000Z,42.48
435,20190126T082317Z,1J.TI3A.,"['CH1', 'CH2', 'CHZ']",2019-01-26T08:23:17.860000Z,33.52
436,20190126T082723Z,1J.TI3A.,"['CH1', 'CH2', 'CHZ']",2019-01-26T08:27:23.950000Z,9.03
437,20190126T082950Z,1J.TI3A.,"['CH1', 'CH2', 'CHZ']",2019-01-26T08:29:51.830000Z,6.54
438,20190126T083015Z,1J.TI3A.,"['CH1', 'CH2', 'CHZ']",2019-01-26T08:30:15.750000Z,9.61
439,20190126T083041Z,1J.TI3A.,"['CH1', 'CH2', 'CHZ']",2019-01-26T08:30:41.170000Z,50.39
440,20190126T083235Z,1J.TI3A.,"['CH1', 'CH2', 'CHZ']",2019-01-26T08:32:35.540000Z,3.02
441,20190126T083408Z,1J.TI3A.,"['CH1', 'CH2', 'CHZ']",2019-01-26T08:34:08.240000Z,1.01
442,20190126T083559Z,1J.TI3A.,"['CH1', 'CH2', 'CHZ']",2019-01-26T08:35:59.470000Z,14.08
443,20190126T083856Z,1J.TI3A.,"['CH1', 'CH2', 'CHZ']",2019-01-26T08:38:59.920000Z,16.48
444,20190126T084228Z,1J.TI3A.,"['CH1', 'CH2', 'CHZ']",2019-01-26T08:42:28.350000Z,50.77
445,20190126T084738Z,1J.TI3A.,"['CH1', 'CH2', 'CHZ']",2019-01-26T08:47:38.780000Z,1.08
446,20190126T084937Z,1J.TI3A.,"['CH1', 'CH2', 'CHZ']",2019-01-26T08:49:37.650000Z,10.27
447,20190126T085314Z,1J.TI3A.,"['CH1', 'CH2', 'CHZ']",2019-01-26T08:53:14.720000Z,10.03
448,20190126T085503Z,1J.TI3A.,"['CH1', 'CH2', 'CHZ']",2019-01-26T08:55:03.390000Z,72.47
449,20190126T085846Z,1J.TI3A.,"['CH1', 'CH2', 'CHZ']",2019-01-26T08:58:46.810000Z,7.41
450,20190126T090057Z,1J.TI3A.,"['CH1', 'CH2', 'CHZ']",2019-01-26T09:00:57.820000Z,11.4
451,20190126T090115Z,1J.TI3A.,"['CH1', 'CH2', 'CHZ']",2019-01-26T09:01:15.630000Z,13.48
452,20190126T090359Z,1J.TI3A.,"['CH1', 'CH2', 'CHZ']",2019-01-26T09:04:23.270000Z,49.33
453,20190126T090654Z,1J.TI3A.,"['CH1', 'CH2', 'CHZ']",2019-01-26T09:06:54.740000Z,5.57
454,20190126T090811Z,1J.TI3A.,"['CH1', 'CH2', 'CHZ']",2019-01-26T09:08:11.270000Z,9.68
455,20190126T091144Z,1J.TI3A.,"['CH1', 'CH2', 'CHZ']",2019-01-26T09:11:44.850000Z,9.2
456,20190126T091319Z,1J.TI3A.,"['CH1', 'CH2', 'CHZ']",2019-01-26T09:13:19.100000Z,15.5
457,20190126T091452Z,1J.TI3A.,"['CH1', 'CH2', 'CHZ']",2019-01-26T09:14:52.370000Z,17.66
458,20190126T091711Z,1J.TI3A.,"['CH1', 'CH2', 'CHZ']",2019-01-26T09:17:11.690000Z,1.31
459,20190126T091905Z,1J.TI3A.,"['CH1', 'CH2', 'CHZ']",2019-01-26T09:19:05.020000Z,0.74
460,20190126T091912Z,1J.TI3A.,"['CH1', 'CH2', 'CHZ']",2019-01-26T09:19:12.680000Z,12.73
461,20190126T092043Z,1J.TI3A.,"['CH1', 'CH2', 'CHZ']",2019-01-26T09:20:43.920000Z,13.67
462,20190126T092347Z,1J.TI3A.,"['CH1', 'CH2', 'CHZ']",2019-01-26T09:23:47.910000Z,14.58
463,20190126T092942Z,1J.TI3A.,"['CH1', 'CH2', 'CHZ']",2019-01-26T09:29:43.660000Z,18.91
464,20190126T093111Z,1J.TI3A.,"['CH1', 'CH2', 'CHZ']",2019-01-26T09:31:11.280000Z,8.89
465,20190126T093234Z,1J.TI3A.,"['CH1', 'CH2', 'CHZ']",2019-01-26T09:32:34.090000Z,4.87
466,20190126T093415Z,1J.TI3A.,"['CH1', 'CH2', 'CHZ']",2019-01-26T09:34:15.680000Z,5.12
467,20190126T093440Z,1J.TI3A.,"['CH1', 'CH2', 'CHZ']",2019-01-26T09:34:40.990000Z,3.64
468,20190126T093845Z,1J.TI3A.,"['CH1', 'CH2', 'CHZ']",2019-01-26T09:38:45.670000Z,21.43
469,20190126T094150Z,1J.TI3A.,"['CH1', 'CH2', 'CHZ']",2019-01-26T09:41:50.930000Z,9.56
470,20190126T094521Z,1J.TI3A.,"['CH1', 'CH2', 'CHZ']",2019-01-26T09:45:26.420000Z,13.08
471,20190126T094606Z,1J.TI3A.,"['CH1', 'CH2', 'CHZ']",2019-01-26T09:46:06.940000Z,18.53
472,20190126T094719Z,1J.TI3A.,"['CH1', 'CH2', 'CHZ']",2019-01-26T09:47:19.990000Z,10.25
473,20190126T094814Z,1J.TI3A.,"['CH1', 'CH2', 'CHZ']",2019-01-26T09:48:14.260000Z,3.86
474,20190126T094922Z,1J.TI3A.,"['CH1', 'CH2', 'CHZ']",2019-01-26T09:49:22.080000Z,6.51
475,20190126T095016Z,1J.TI3A.,"['CH1', 'CH2', 'CHZ']",2019-01-26T09:50:16.620000Z,0.95
476,20190126T095535Z,1J.TI3A.,"['CH1', 'CH2', 'CHZ']",2019-01-26T09:55:35.470000Z,16.04
477,20190126T100039Z,1J.TI3A.,"['CH1', 'CH2', 'CHZ']",2019-01-26T10:01:01.610000Z,63.2
478,20190126T100352Z,1J.TI3A.,"['CH1', 'CH2', 'CHZ']",2019-01-26T10:03:52.060000Z,5.43
479,20190126T100747Z,1J.TI3A.,"['CH1', 'CH2', 'CHZ']",2019-01-26T10:07:57.870000Z,10.42
480,20190126T101510Z,1J.TI3A.,"['CH1', 'CH2', 'CHZ']",2019-01-26T10:15:10.140000Z,9.7
481,20190126T101732Z,1J.TI3A.,"['CH1', 'CH2', 'CHZ']",2019-01-26T10:17:32.170000Z,6.3
482,20190126T101843Z,1J.TI3A.,"['CH1', 'CH2', 'CHZ']",2019-01-26T10:18:43.130000Z,18.14
483,20190126T102519Z,1J.TI3A.,"['CH1', 'CH2', 'CHZ']",2019-01-26T10:25:19.600000Z,19.81
484,20190126T103139Z,1J.TI3A.,"['CH1', 'CH2', 'CHZ']",2019-01-26T10:31:39.000000Z,50.55
485,20190126T103351Z,1J.TI3A.,"['CH1', 'CH2', 'CHZ']",2019-01-26T10:33:51.870000Z,10.83
486,20190126T103451Z,1J.TI3A.,"['CH1', 'CH2', 'CHZ']",2019-01-26T10:34:51.220000Z,10.29
487,20190126T103742Z,1J.TI3A.,"['CH1', 'CH2', 'CHZ']",2019-01-26T10:37:42.140000Z,17.11
488,20190126T103843Z,1J.TI3A.,"['CH1', 'CH2', 'CHZ']",2019-01-26T10:38:43.390000Z,5.09
489,20190126T104115Z,1J.TI3A.,"['CH1', 'CH2', 'CHZ']",2019-01-26T10:41:15.140000Z,1.06
490,20190126T104227Z,1J.TI3A.,"['CH1', 'CH2', 'CHZ']",2019-01-26T10:42:41.390000Z,33.79
491,20190126T104754Z,1J.TI3A.,"['CH1', 'CH2', 'CHZ']",2019-01-26T10:47:54.710000Z,15.56
492,20190126T104912Z,1J.TI3A.,"['CH1', 'CH2', 'CHZ']",2019-01-26T10:49:25.720000Z,4.55
493,20190126T105107Z,1J.TI3A.,"['CH1', 'CH2', 'CHZ']",2019-01-26T10:51:07.770000Z,18.12
494,20190126T105449Z,1J.TI3A.,"['CH1', 'CH2', 'CHZ']",2019-01-26T10:54:49.220000Z,8.04
495,20190126T110322Z,1J.TI3A.,"['CH1', 'CH2', 'CHZ']",2019-01-26T11:03:22.330000Z,10.47
496,20190126T110935Z,1J.TI3A.,"['CH1', 'CH2', 'CHZ']",2019-01-26T11:09:35.880000Z,13.77
497,20190126T111111Z,1J.TI3A.,"['CH1', 'CH2', 'CHZ']",2019-01-26T11:11:11.360000Z,15.93
498,20190126T112116Z,1J.TI3A.,"['CH1', 'CH2', 'CHZ']",2019-01-26T11:21:16.860000Z,47.21
499,20190126T113329Z,1J.TI3A.,"['CH1', 'CH2', 'CHZ']",2019-01-26T11:33:29.190000Z,12.42
500,20190126T114707Z,1J.TI3A.,"['CH1', 'CH2', 'CHZ']",2019-01-26T11:47:17.330000Z,7.59
501,20190126T115157Z,1J.TI3A.,"['CH1', 'CH2', 'CHZ']",2019-01-26T11:52:16.970000Z,27.66
502,20190126T120021Z,1J.TI3A.,"['CH1', 'CH2', 'CHZ']",2019-01-26T12:00:21.040000Z,19.6
503,20190126T120423Z,1J.TI3A.,"['CH1', 'CH2', 'CHZ']",2019-01-26T12:04:23.870000Z,15.5
504,20190126T121417Z,1J.TI3A.,"['CH1', 'CH2', 'CHZ']",2019-01-26T12:14:19.000000Z,47.0
505,20190126T124823Z,1J.TI3A.,"['CH1', 'CH2', 'CHZ']",2019-01-26T12:48:23.180000Z,16.16
506,20190126T124926Z,1J.TI3A.,"['CH1', 'CH2', 'CHZ']",2019-01-26T12:49:27.280000Z,21.76
507,20190126T125152Z,1J.TI3A.,"['CH1', 'CH2', 'CHZ']",2019-01-26T12:51:52.820000Z,5.07
508,20190126T130129Z,1J.TI3A.,"['CH1', 'CH2', 'CHZ']",2019-01-26T13:01:30.410000Z,6.65
509,20190126T130804Z,1J.TI3A.,"['CH1', 'CH2', 'CHZ']",2019-01-26T13:08:04.640000Z,16.16
510,20190126T131838Z,1J.TI3A.,"['CH1', 'CH2', 'CHZ']",2019-01-26T13:19:05.610000Z,12.1
511,20190126T133450Z,1J.TI3A.,"['CH1', 'CH2', 'CHZ']",2019-01-26T13:34:50.540000Z,48.14
512,20190126T133820Z,1J.TI3A.,"['CH1', 'CH2', 'CHZ']",2019-01-26T13:38:20.980000Z,11.03
513,20190126T134838Z,1J.TI3A.,"['CH1', 'CH2', 'CHZ']",2019-01-26T13:48:38.780000Z,9.09
514,20190126T135445Z,1J.TI3A.,"['CH1', 'CH2', 'CHZ']",2019-01-26T13:54:45.920000Z,12.99
515,20190126T140757Z,1J.TI3A.,"['CH1', 'CH2', 'CHZ']",2019-01-26T14:07:57.660000Z,12.4
516,20190126T141029Z,1J.TI3A.,"['CH1', 'CH2', 'CHZ']",2019-01-26T14:10:29.530000Z,4.87
517,20190126T141948Z,1J.TI3A.,"['CH1', 'CH2', 'CHZ']",2019-01-26T14:19:48.210000Z,12.31
518,20190126T142336Z,1J.TI3A.,"['CH1', 'CH2', 'CHZ']",2019-01-26T14:23:36.680000Z,14.96
519,20190126T142648Z,1J.TI3A.,"['CH1', 'CH2', 'CHZ']",2019-01-26T14:26:48.170000Z,12.14
520,20190126T142750Z,1J.TI3A.,"['CH1', 'CH2', 'CHZ']",2019-01-26T14:27:50.370000Z,3.22
521,20190126T150403Z,1J.TI3A.,"['CH1', 'CH2', 'CHZ']",2019-01-26T15:04:03.240000Z,2.08
522,20190126T150544Z,1J.TI3A.,"['CH1', 'CH2', 'CHZ']",2019-01-26T15:05:44.200000Z,16.79
523,20190126T150803Z,1J.TI3A.,"['CH1', 'CH2', 'CHZ']",2019-01-26T15:08:03.950000Z,4.77
524,20190126T151646Z,1J.TI3A.,"['CH1', 'CH2', 'CHZ']",2019-01-26T15:16:46.770000Z,22.63
525,20190126T151834Z,1J.TI3A.,"['CH1', 'CH2', 'CHZ']",2019-01-26T15:18:34.810000Z,5.14
526,20190126T151940Z,1J.TI3A.,"['CH1', 'CH2', 'CHZ']",2019-01-26T15:19:40.200000Z,7.63
527,20190126T152446Z,1J.TI3A.,"['CH1', 'CH2', 'CHZ']",2019-01-26T15:24:46.110000Z,16.96
528,20190126T152655Z,1J.TI3A.,"['CH1', 'CH2', 'CHZ']",2019-01-26T15:26:55.290000Z,14.53
529,20190126T152803Z,1J.TI3A.,"['CH1', 'CH2', 'CHZ']",2019-01-26T15:28:03.580000Z,12.45
530,20190126T153306Z,1J.TI3A.,"['CH1', 'CH2', 'CHZ']",2019-01-26T15:33:06.500000Z,16.15
531,20190126T153632Z,1J.TI3A.,"['CH1', 'CH2', 'CHZ']",2019-01-26T15:36:32.700000Z,12.96
532,20190126T160050Z,1J.TI3A.,"['CH1', 'CH2', 'CHZ']",2019-01-26T16:00:50.880000Z,3.38
533,20190126T160135Z,1J.TI3A.,"['CH1', 'CH2', 'CHZ']",2019-01-26T16:01:35.850000Z,0.97
534,20190126T160927Z,1J.TI3A.,"['CH1', 'CH2', 'CHZ']",2019-01-26T16:09:42.960000Z,39.97
535,20190126T161037Z,1J.TI3A.,"['CH1', 'CH2', 'CHZ']",2019-01-26T16:10:37.500000Z,13.2
536,20190126T161321Z,1J.TI3A.,"['CH1', 'CH2', 'CHZ']",2019-01-26T16:13:33.780000Z,3.73
537,20190126T161446Z,1J.TI3A.,"['CH1', 'CH2', 'CHZ']",2019-01-26T16:14:46.030000Z,10.79
538,20190126T161919Z,1J.TI3A.,"['CH1', 'CH2', 'CHZ']",2019-01-26T16:19:19.490000Z,6.96
539,20190126T162642Z,1J.TI3A.,"['CH1', 'CH2', 'CHZ']",2019-01-26T16:26:42.570000Z,16.19
540,20190126T162722Z,1J.TI3A.,"['CH1', 'CH2', 'CHZ']",2019-01-26T16:27:22.300000Z,5.02
541,20190126T162853Z,1J.TI3A.,"['CH1', 'CH2', 'CHZ']",2019-01-26T16:28:54.250000Z,5.71
542,20190126T163246Z,1J.TI3A.,"['CH1', 'CH2', 'CHZ']",2019-01-26T16:32:46.000000Z,7.56
543,20190126T165133Z,1J.TI3A.,"['CH1', 'CH2', 'CHZ']",2019-01-26T16:51:33.080000Z,14.36
544,20190126T165351Z,1J.TI3A.,"['CH1', 'CH2', 'CHZ']",2019-01-26T16:53:51.000000Z,21.61
545,20190126T165513Z,1J.TI3A.,"['CH1', 'CH2', 'CHZ']",2019-01-26T16:55:13.620000Z,3.3
546,20190126T165614Z,1J.TI3A.,"['CH1', 'CH2', 'CHZ']",2019-01-26T16:56:14.180000Z,7.15
547,20190126T170313Z,1J.TI3A.,"['CH1', 'CH2', 'CHZ']",2019-01-26T17:03:13.490000Z,13.03
548,20190126T170528Z,1J.TI3A.,"['CH1', 'CH2', 'CHZ']",2019-01-26T17:05:28.710000Z,3.79
549,20190126T170638Z,1J.TI3A.,"['CH1', 'CH2', 'CHZ']",2019-01-26T17:06:38.410000Z,12.58
550,20190126T170804Z,1J.TI3A.,"['CH1', 'CH2', 'CHZ']",2019-01-26T17:08:04.980000Z,0.96
551,20190126T171019Z,1J.TI3A.,"['CH1', 'CH2', 'CHZ']",2019-01-26T17:10:29.340000Z,1.04
552,20190126T171135Z,1J.TI3A.,"['CH1', 'CH2', 'CHZ']",2019-01-26T17:11:35.750000Z,10.73
553,20190126T171312Z,1J.TI3A.,"['CH1', 'CH2', 'CHZ']",2019-01-26T17:13:12.600000Z,2.31
554,20190126T171452Z,1J.TI3A.,"['CH1', 'CH2', 'CHZ']",2019-01-26T17:14:52.460000Z,27.28
555,20190126T171747Z,1J.TI3A.,"['CH1', 'CH2', 'CHZ']",2019-01-26T17:17:48.940000Z,8.11
556,20190126T172220Z,1J.TI3A.,"['CH1', 'CH2', 'CHZ']",2019-01-26T17:22:20.250000Z,17.96
557,20190126T172539Z,1J.TI3A.,"['CH1', 'CH2', 'CHZ']",2019-01-26T17:25:44.910000Z,3.2
558,20190126T172647Z,1J.TI3A.,"['CH1', 'CH2', 'CHZ']",2019-01-26T17:26:48.840000Z,14.37
559,20190126T172833Z,1J.TI3A.,"['CH1', 'CH2', 'CHZ']",2019-01-26T17:28:33.150000Z,2.54
560,20190126T173022Z,1J.TI3A.,"['CH1', 'CH2', 'CHZ']",2019-01-26T17:30:22.460000Z,6.71
561,20190126T173105Z,1J.TI3A.,"['CH1', 'CH2', 'CHZ']",2019-01-26T17:31:05.180000Z,1.18
562,20190126T173159Z,1J.TI3A.,"['CH1', 'CH2', 'CHZ']",2019-01-26T17:31:59.710000Z,18.49
563,20190126T173429Z,1J.TI3A.,"['CH1', 'CH2', 'CHZ']",2019-01-26T17:34:29.350000Z,3.59
564,20190126T173609Z,1J.TI3A.,"['CH1', 'CH2', 'CHZ']",2019-01-26T17:36:09.330000Z,3.93
565,20190126T173618Z,1J.TI3A.,"['CH1', 'CH2', 'CHZ']",2019-01-26T17:36:18.680000Z,48.25
566,20190126T175034Z,1J.TI3A.,"['CH1', 'CH2', 'CHZ']",2019-01-26T17:50:34.080000Z,9.08
567,20190126T175807Z,1J.TI3A.,"['CH1', 'CH2', 'CHZ']",2019-01-26T17:58:07.400000Z,17.49
568,20190126T180127Z,1J.TI3A.,"['CH1', 'CH2', 'CHZ']",2019-01-26T18:01:29.200000Z,7.66
569,20190126T180145Z,1J.TI3A.,"['CH1', 'CH2', 'CHZ']",2019-01-26T18:01:51.690000Z,14.12
570,20190126T180311Z,1J.TI3A.,"['CH1', 'CH2', 'CHZ']",2019-01-26T18:03:11.310000Z,5.68
571,20190126T180354Z,1J.TI3A.,"['CH1', 'CH2', 'CHZ']",2019-01-26T18:03:54.000000Z,14.58
572,20190126T180557Z,1J.TI3A.,"['CH1', 'CH2', 'CHZ']",2019-01-26T18:05:57.960000Z,3.03
573,20190126T180616Z,1J.TI3A.,"['CH1', 'CH2', 'CHZ']",2019-01-26T18:06:23.240000Z,1.95
574,20190126T180807Z,1J.TI3A.,"['CH1', 'CH2', 'CHZ']",2019-01-26T18:08:07.130000Z,14.52
575,20190126T181242Z,1J.TI3A.,"['CH1', 'CH2', 'CHZ']",2019-01-26T18:12:42.730000Z,7.7
576,20190126T181336Z,1J.TI3A.,"['CH1', 'CH2', 'CHZ']",2019-01-26T18:13:36.040000Z,23.99
577,20190126T182652Z,1J.TI3A.,"['CH1', 'CH2', 'CHZ']",2019-01-26T18:26:52.660000Z,6.37
578,20190126T183305Z,1J.TI3A.,"['CH1', 'CH2', 'CHZ']",2019-01-26T18:33:05.480000Z,14.13
579,20190126T183421Z,1J.TI3A.,"['CH1', 'CH2', 'CHZ']",2019-01-26T18:34:21.260000Z,16.35
580,20190126T183944Z,1J.TI3A.,"['CH1', 'CH2', 'CHZ']",2019-01-26T18:39:44.060000Z,7.67
581,20190126T184721Z,1J.TI3A.,"['CH1', 'CH2', 'CHZ']",2019-01-26T18:47:21.580000Z,8.09
582,20190126T185003Z,1J.TI3A.,"['CH1', 'CH2', 'CHZ']",2019-01-26T18:50:03.810000Z,11.09
583,20190126T185729Z,1J.TI3A.,"['CH1', 'CH2', 'CHZ']",2019-01-26T18:57:29.840000Z,12.28
584,20190126T185908Z,1J.TI3A.,"['CH1', 'CH2', 'CHZ']",2019-01-26T18:59:26.780000Z,18.99
585,20190126T190442Z,1J.TI3A.,"['CH1', 'CH2', 'CHZ']",2019-01-26T19:04:42.730000Z,9.35
586,20190126T190510Z,1J.TI3A.,"['CH1', 'CH2', 'CHZ']",2019-01-26T19:05:10.230000Z,19.52
587,20190126T190928Z,1J.TI3A.,"['CH1', 'CH2', 'CHZ']",2019-01-26T19:09:28.550000Z,7.86
588,20190126T191536Z,1J.TI3A.,"['CH1', 'CH2', 'CHZ']",2019-01-26T19:15:36.790000Z,4.63
589,20190126T191818Z,1J.TI3A.,"['CH1', 'CH2', 'CHZ']",2019-01-26T19:18:19.350000Z,10.59
590,20190126T193640Z,1J.TI3A.,"['CH1', 'CH2', 'CHZ']",2019-01-26T19:36:40.930000Z,15.82
591,20190126T193930Z,1J.TI3A.,"['CH1', 'CH2', 'CHZ']",2019-01-26T19:39:30.030000Z,5.73
592,20190126T194331Z,1J.TI3A.,"['CH1', 'CH2', 'CHZ']",2019-01-26T19:43:31.210000Z,10.48
593,20190126T195349Z,1J.TI3A.,"['CH1', 'CH2', 'CHZ']",2019-01-26T19:53:49.050000Z,12.74
594,20190126T195451Z,1J.TI3A.,"['CH1', 'CH2', 'CHZ']",2019-01-26T19:54:51.240000Z,2.96
595,20190126T195650Z,1J.TI3A.,"['CH1', 'CH2', 'CHZ']",2019-01-26T19:56:50.220000Z,6.84
596,20190126T200102Z,1J.TI3A.,"['CH1', 'CH2', 'CHZ']",2019-01-26T20:01:02.730000Z,30.36
597,20190126T200607Z,1J.TI3A.,"['CH1', 'CH2', 'CHZ']",2019-01-26T20:06:08.170000Z,23.82
598,20190126T201238Z,1J.TI3A.,"['CH1', 'CH2', 'CHZ']",2019-01-26T20:12:39.650000Z,7.11
599,20190126T201402Z,1J.TI3A.,"['CH1', 'CH2', 'CHZ']",2019-01-26T20:14:04.060000Z,6.22
600,20190126T201526Z,1J.TI3A.,"['CH1', 'CH2', 'CHZ']",2019-01-26T20:15:26.410000Z,34.51
601,20190126T201825Z,1J.TI3A.,"['CH1', 'CH2', 'CHZ']",2019-01-26T20:18:25.580000Z,2.67
602,20190126T201959Z,1J.TI3A.,"['CH1', 'CH2', 'CHZ']",2019-01-26T20:19:59.590000Z,6.42
603,20190126T202054Z,1J.TI3A.,"['CH1', 'CH2', 'CHZ']",2019-01-26T20:20:54.570000Z,4.04
604,20190126T202216Z,1J.TI3A.,"['CH1', 'CH2', 'CHZ']",2019-01-26T20:22:16.770000Z,8.56
605,20190126T202237Z,1J.TI3A.,"['CH1', 'CH2', 'CHZ']",2019-01-26T20:22:37.880000Z,2.22
606,20190126T202402Z,1J.TI3A.,"['CH1', 'CH2', 'CHZ']",2019-01-26T20:24:02.640000Z,3.38
607,20190126T202418Z,1J.TI3A.,"['CH1', 'CH2', 'CHZ']",2019-01-26T20:24:18.800000Z,3.08
608,20190126T202740Z,1J.TI3A.,"['CH1', 'CH2', 'CHZ']",2019-01-26T20:27:40.550000Z,8.27
609,20190126T202832Z,1J.TI3A.,"['CH1', 'CH2', 'CHZ']",2019-01-26T20:28:32.980000Z,2.5
610,20190126T203128Z,1J.TI3A.,"['CH1', 'CH2', 'CHZ']",2019-01-26T20:31:28.050000Z,13.65
611,20190126T204634Z,1J.TI3A.,"['CH1', 'CH2', 'CHZ']",2019-01-26T20:46:36.420000Z,15.91
612,20190126T204950Z,1J.TI3A.,"['CH1', 'CH2', 'CHZ']",2019-01-26T20:49:50.060000Z,5.13
613,20190126T205159Z,1J.TI3A.,"['CH1', 'CH2', 'CHZ']",2019-01-26T20:51:59.580000Z,6.32
614,20190126T205236Z,1J.TI3A.,"['CH1', 'CH2', 'CHZ']",2019-01-26T20:53:00.800000Z,14.07
615,20190126T210041Z,1J.TI3A.,"['CH1', 'CH2', 'CHZ']",2019-01-26T21:00:42.200000Z,12.39
616,20190126T210548Z,1J.TI3A.,"['CH1', 'CH2', 'CHZ']",2019-01-26T21:05:48.450000Z,4.51
617,20190126T211302Z,1J.TI3A.,"['CH1', 'CH2', 'CHZ']",2019-01-26T21:13:02.130000Z,8.64
618,20190126T211542Z,1J.TI3A.,"['CH1', 'CH2', 'CHZ']",2019-01-26T21:15:42.370000Z,9.67
619,20190126T212014Z,1J.TI3A.,"['CH1', 'CH2', 'CHZ']",2019-01-26T21:20:14.060000Z,8.48
620,20190126T213243Z,1J.TI3A.,"['CH1', 'CH2', 'CHZ']",2019-01-26T21:32:43.530000Z,16.0
621,20190126T213809Z,1J.TI3A.,"['CH1', 'CH2', 'CHZ']",2019-01-26T21:38:09.030000Z,5.12
622,20190126T214928Z,1J.TI3A.,"['CH1', 'CH2', 'CHZ']",2019-01-26T21:49:29.480000Z,2.01
623,20190126T215428Z,1J.TI3A.,"['CH1', 'CH2', 'CHZ']",2019-01-26T21:54:28.210000Z,21.68
624,20190126T220913Z,1J.TI3A.,"['CH1', 'CH2', 'CHZ']",2019-01-26T22:09:13.060000Z,13.69
625,20190126T222235Z,1J.TI3A.,"['CH1', 'CH2', 'CHZ']",2019-01-26T22:22:35.570000Z,11.71
626,20190126T222442Z,1J.TI3A.,"['CH1', 'CH2', 'CHZ']",2019-01-26T22:25:06.550000Z,17.67
627,20190126T223126Z,1J.TI3A.,"['CH1', 'CH2', 'CHZ']",2019-01-26T22:31:26.690000Z,16.93
628,20190126T223908Z,1J.TI3A.,"['CH1', 'CH2', 'CHZ']",2019-01-26T22:39:08.150000Z,11.87
629,20190126T224801Z,1J.TI3A.,"['CH1', 'CH2', 'CHZ']",2019-01-26T22:48:01.720000Z,10.9
630,20190126T225518Z,1J.TI3A.,"['CH1', 'CH2', 'CHZ']",2019-01-26T22:55:18.980000Z,3.46
631,20190126T230605Z,1J.TI3A.,"['CH1', 'CH2', 'CHZ']",2019-01-26T23:06:05.950000Z,7.81
632,20190126T230632Z,1J.TI3A.,"['CH1', 'CH2', 'CHZ']",2019-01-26T23:06:32.260000Z,17.44
633,20190126T231228Z,1J.TI3A.,"['CH1', 'CH2', 'CHZ']",2019-01-26T23:12:28.740000Z,12.39
634,20190126T231257Z,1J.TI3A.,"['CH1', 'CH2', 'CHZ']",2019-01-26T23:12:57.210000Z,31.72
635,20190126T231506Z,1J.TI3A.,"['CH1', 'CH2', 'CHZ']",2019-01-26T23:15:06.480000Z,89.87
636,20190126T231854Z,1J.TI3A.,"['CH1', 'CH2', 'CHZ']",2019-01-26T23:18:54.640000Z,5.84
637,20190126T231941Z,1J.TI3A.,"['CH1', 'CH2', 'CHZ']",2019-01-26T23:19:41.900000Z,2.75
638,20190126T232009Z,1J.TI3A.,"['CH1', 'CH2', 'CHZ']",2019-01-26T23:20:10.240000Z,4.25
639,20190126T232306Z,1J.TI3A.,"['CH1', 'CH2', 'CHZ']",2019-01-26T23:23:06.320000Z,1.37
640,20190126T232723Z,1J.TI3A.,"['CH1', 'CH2', 'CHZ']",2019-01-26T23:27:23.320000Z,1.15
641,20190126T232741Z,1J.TI3A.,"['CH1', 'CH2', 'CHZ']",2019-01-26T23:27:41.470000Z,3.5
642,20190126T232829Z,1J.TI3A.,"['CH1', 'CH2', 'CHZ']",2019-01-26T23:28:29.450000Z,12.84
643,20190126T232914Z,1J.TI3A.,"['CH1', 'CH2', 'CHZ']",2019-01-26T23:29:14.570000Z,0.8
644,20190126T232931Z,1J.TI3A.,"['CH1', 'CH2', 'CHZ']",2019-01-26T23:29:31.390000Z,6.69
645,20190126T233030Z,1J.TI3A.,"['CH1', 'CH2', 'CHZ']",2019-01-26T23:30:30.070000Z,3.07
646,20190126T233255Z,1J.TI3A.,"['CH1', 'CH2', 'CHZ']",2019-01-26T23:32:55.210000Z,1.19
647,20190126T233344Z,1J.TI3A.,"['CH1', 'CH2', 'CHZ']",2019-01-26T23:33:44.760000Z,1.57
648,20190126T233427Z,1J.TI3A.,"['CH1', 'CH2', 'CHZ']",2019-01-26T23:34:27.970000Z,0.92
649,20190126T233459Z,1J.TI3A.,"['CH1', 'CH2', 'CHZ']",2019-01-26T23:34:59.160000Z,1.8
650,20190126T233737Z,1J.TI3A.,"['CH1', 'CH2', 'CHZ']",2019-01-26T23:37:37.620000Z,26.49
651,20190126T233837Z,1J.TI3A.,"['CH1', 'CH2', 'CHZ']",2019-01-26T23:38:37.150000Z,22.47
652,20190126T234133Z,1J.TI3A.,"['CH1', 'CH2', 'CHZ']",2019-01-26T23:41:33.870000Z,0.97
653,20190126T234639Z,1J.TI3A.,"['CH1', 'CH2', 'CHZ']",2019-01-26T23:46:39.170000Z,2.18
654,20190126T234731Z,1J.TI3A.,"['CH1', 'CH2', 'CHZ']",2019-01-26T23:47:31.790000Z,15.0
655,20190126T234810Z,1J.TI3A.,"['CH1', 'CH2', 'CHZ']",2019-01-26T23:48:10.510000Z,0.59
656,20190126T234822Z,1J.TI3A.,"['CH1', 'CH2', 'CHZ']",2019-01-26T23:48:22.600000Z,1.28
657,20190126T234924Z,1J.TI3A.,"['CH1', 'CH2', 'CHZ']",2019-01-26T23:49:24.720000Z,3.09
658,20190126T235219Z,1J.TI3A.,"['CH1', 'CH2', 'CHZ']",2019-01-26T23:52:19.940000Z,0.63
659,20190126T235357Z,1J.TI3A.,"['CH1', 'CH2', 'CHZ']",2019-01-26T23:53:57.660000Z,1.36
660,20190126T235421Z,1J.TI3A.,"['CH1', 'CH2', 'CHZ']",2019-01-26T23:54:21.420000Z,4.68
661,20190126T235443Z,1J.TI3A.,"['CH1', 'CH2', 'CHZ']",2019-01-26T23:54:43.710000Z,0.79
662,20190126T235502Z,1J.TI3A.,"['CH1', 'CH2', 'CHZ']",2019-01-26T23:55:02.800000Z,0.76
663,20190126T235813Z,1J.TI3A.,"['CH1', 'CH2', 'CHZ']",2019-01-26T23:58:13.790000Z,41.51
664,20190126T235933Z,1J.TI3A.,"['CH1', 'CH2', 'CHZ']",2019-01-26T23:59:33.380000Z,37.62
665,20190125T235922Z,1J.TI8A.,"['CH1', 'CH2', 'CHZ']",2019-01-25T23:59:22.930000Z,94.25
666,20190126T000303Z,1J.TI8A.,"['CH1', 'CH2', 'CHZ']",2019-01-26T00:03:03.340000Z,4.32
667,20190126T000634Z,1J.TI8A.,"['CH1', 'CH2', 'CHZ']",2019-01-26T00:06:39.440000Z,35.17
668,20190126T000754Z,1J.TI8A.,"['CH1', 'CH2', 'CHZ']",2019-01-26T00:07:56.640000Z,3.7
669,20190126T001041Z,1J.TI8A.,"['CH1', 'CH2', 'CHZ']",2019-01-26T00:10:41.710000Z,4.1
670,20190126T001219Z,1J.TI8A.,"['CH1', 'CH2', 'CHZ']",2019-01-26T00:13:01.150000Z,54.49
671,20190126T001752Z,1J.TI8A.,"['CH1', 'CH2', 'CHZ']",2019-01-26T00:17:52.270000Z,38.02
672,20190126T002230Z,1J.TI8A.,"['CH1', 'CH2', 'CHZ']",2019-01-26T00:22:30.390000Z,6.56
673,20190126T002546Z,1J.TI8A.,"['CH1', 'CH2', 'CHZ']",2019-01-26T00:25:46.590000Z,2.37
674,20190126T002858Z,1J.TI8A.,"['CH1', 'CH2', 'CHZ']",2019-01-26T00:28:58.620000Z,19.61
675,20190126T003908Z,1J.TI8A.,"['CH1', 'CH2', 'CHZ']",2019-01-26T00:39:08.540000Z,19.54
676,20190126T004242Z,1J.TI8A.,"['CH1', 'CH2', 'CHZ']",2019-01-26T00:42:42.540000Z,8.4
677,20190126T005342Z,1J.TI8A.,"['CH1', 'CH2', 'CHZ']",2019-01-26T00:53:42.610000Z,4.93
678,20190126T005704Z,1J.TI8A.,"['CH1', 'CH2', 'CHZ']",2019-01-26T00:57:04.470000Z,8.16
679,20190126T005947Z,1J.TI8A.,"['CH1', 'CH2', 'CHZ']",2019-01-26T00:59:47.350000Z,7.58
680,20190126T010023Z,1J.TI8A.,"['CH1', 'CH2', 'CHZ']",2019-01-26T01:00:23.100000Z,10.77
681,20190126T010249Z,1J.TI8A.,"['CH1', 'CH2', 'CHZ']",2019-01-26T01:02:49.510000Z,55.01
682,20190126T010813Z,1J.TI8A.,"['CH1', 'CH2', 'CHZ']",2019-01-26T01:08:13.990000Z,0.82
683,20190126T012016Z,1J.TI8A.,"['CH1', 'CH2', 'CHZ']",2019-01-26T01:20:16.890000Z,22.34
684,20190126T012250Z,1J.TI8A.,"['CH1', 'CH2', 'CHZ']",2019-01-26T01:22:50.530000Z,4.08
685,20190126T013124Z,1J.TI8A.,"['CH1', 'CH2', 'CHZ']",2019-01-26T01:31:24.280000Z,9.25
686,20190126T013155Z,1J.TI8A.,"['CH1', 'CH2', 'CHZ']",2019-01-26T01:31:55.840000Z,19.71
687,20190126T013412Z,1J.TI8A.,"['CH1', 'CH2', 'CHZ']",2019-01-26T01:34:12.360000Z,15.72
688,20190126T020056Z,1J.TI8A.,"['CH1', 'CH2', 'CHZ']",2019-01-26T02:00:56.600000Z,21.26
689,20190126T020232Z,1J.TI8A.,"['CH1', 'CH2', 'CHZ']",2019-01-26T02:02:53.900000Z,26.91
690,20190126T021111Z,1J.TI8A.,"['CH1', 'CH2', 'CHZ']",2019-01-26T02:11:11.280000Z,12.63
691,20190126T022622Z,1J.TI8A.,"['CH1', 'CH2', 'CHZ']",2019-01-26T02:26:22.800000Z,22.84
692,20190126T023612Z,1J.TI8A.,"['CH1', 'CH2', 'CHZ']",2019-01-26T02:36:14.950000Z,12.33
693,20190126T024312Z,1J.TI8A.,"['CH1', 'CH2', 'CHZ']",2019-01-26T02:43:12.910000Z,15.16
694,20190126T025703Z,1J.TI8A.,"['CH1', 'CH2', 'CHZ']",2019-01-26T02:57:04.420000Z,6.71
695,20190126T030801Z,1J.TI8A.,"['CH1', 'CH2', 'CHZ']",2019-01-26T03:08:01.500000Z,53.94
696,20190126T031025Z,1J.TI8A.,"['CH1', 'CH2', 'CHZ']",2019-01-26T03:10:25.940000Z,1.14
697,20190126T031111Z,1J.TI8A.,"['CH1', 'CH2', 'CHZ']",2019-01-26T03:11:11.620000Z,4.0
698,20190126T031207Z,1J.TI8A.,"['CH1', 'CH2', 'CHZ']",2019-01-26T03:12:07.520000Z,7.73
699,20190126T031232Z,1J.TI8A.,"['CH1', 'CH2', 'CHZ']",2019-01-26T03:12:36.770000Z,12.69
700,20190126T031835Z,1J.TI8A.,"['CH1', 'CH2', 'CHZ']",2019-01-26T03:18:37.840000Z,24.56
701,20190126T032245Z,1J.TI8A.,"['CH1', 'CH2', 'CHZ']",2019-01-26T03:22:45.450000Z,6.86
702,20190126T032537Z,1J.TI8A.,"['CH1', 'CH2', 'CHZ']",2019-01-26T03:25:37.770000Z,3.47
703,20190126T032736Z,1J.TI8A.,"['CH1', 'CH2', 'CHZ']",2019-01-26T03:27:36.020000Z,40.32
704,20190126T032925Z,1J.TI8A.,"['CH1', 'CH2', 'CHZ']",2019-01-26T03:29:25.210000Z,20.0
705,20190126T033413Z,1J.TI8A.,"['CH1', 'CH2', 'CHZ']",2019-01-26T03:34:30.160000Z,15.9
706,20190126T034055Z,1J.TI8A.,"['CH1', 'CH2', 'CHZ']",2019-01-26T03:40:55.240000Z,5.69
707,20190126T034609Z,1J.TI8A.,"['CH1', 'CH2', 'CHZ']",2019-01-26T03:46:09.780000Z,6.6
708,20190126T034636Z,1J.TI8A.,"['CH1', 'CH2', 'CHZ']",2019-01-26T03:46:36.850000Z,11.95
709,20190126T035116Z,1J.TI8A.,"['CH1', 'CH2', 'CHZ']",2019-01-26T03:51:16.310000Z,14.97
710,20190126T040150Z,1J.TI8A.,"['CH1', 'CH2', 'CHZ']",2019-01-26T04:01:51.240000Z,24.79
711,20190126T041213Z,1J.TI8A.,"['CH1', 'CH2', 'CHZ']",2019-01-26T04:12:13.860000Z,50.44
712,20190126T041559Z,1J.TI8A.,"['CH1', 'CH2', 'CHZ']",2019-01-26T04:15:59.030000Z,9.4
713,20190126T041650Z,1J.TI8A.,"['CH1', 'CH2', 'CHZ']",2019-01-26T04:16:50.430000Z,11.1
714,20190126T043016Z,1J.TI8A.,"['CH1', 'CH2', 'CHZ']",2019-01-26T04:30:16.360000Z,20.72
715,20190126T043340Z,1J.TI8A.,"['CH1', 'CH2', 'CHZ']",2019-01-26T04:33:40.890000Z,9.36
716,20190126T043619Z,1J.TI8A.,"['CH1', 'CH2', 'CHZ']",2019-01-26T04:36:19.950000Z,2.46
717,20190126T044742Z,1J.TI8A.,"['CH1', 'CH2', 'CHZ']",2019-01-26T04:47:45.480000Z,9.91
718,20190126T045928Z,1J.TI8A.,"['CH1', 'CH2', 'CHZ']",2019-01-26T04:59:28.860000Z,21.56
719,20190126T050157Z,1J.TI8A.,"['CH1', 'CH2', 'CHZ']",2019-01-26T05:01:57.730000Z,20.85
720,20190126T050354Z,1J.TI8A.,"['CH1', 'CH2', 'CHZ']",2019-01-26T05:03:54.420000Z,7.32
721,20190126T050841Z,1J.TI8A.,"['CH1', 'CH2', 'CHZ']",2019-01-26T05:08:45.620000Z,9.24
722,20190126T051433Z,1J.TI8A.,"['CH1', 'CH2', 'CHZ']",2019-01-26T05:14:33.150000Z,51.58
723,20190126T052110Z,1J.TI8A.,"['CH1', 'CH2', 'CHZ']",2019-01-26T05:21:10.520000Z,9.74
724,20190126T052618Z,1J.TI8A.,"['CH1', 'CH2', 'CHZ']",2019-01-26T05:26:33.400000Z,19.42
725,20190126T052656Z,1J.TI8A.,"['CH1', 'CH2', 'CHZ']",2019-01-26T05:27:00.720000Z,20.28
726,20190126T053447Z,1J.TI8A.,"['CH1', 'CH2', 'CHZ']",2019-01-26T05:34:47.090000Z,4.22
727,20190126T053847Z,1J.TI8A.,"['CH1', 'CH2', 'CHZ']",2019-01-26T05:38:47.080000Z,20.15
728,20190126T054110Z,1J.TI8A.,"['CH1', 'CH2', 'CHZ']",2019-01-26T05:41:13.900000Z,5.93
729,20190126T054134Z,1J.TI8A.,"['CH1', 'CH2', 'CHZ']",2019-01-26T05:41:38.510000Z,5.24
730,20190126T054818Z,1J.TI8A.,"['CH1', 'CH2', 'CHZ']",2019-01-26T05:48:42.270000Z,17.24
731,20190126T055012Z,1J.TI8A.,"['CH1', 'CH2', 'CHZ']",2019-01-26T05:50:15.350000Z,4.14
732,20190126T055038Z,1J.TI8A.,"['CH1', 'CH2', 'CHZ']",2019-01-26T05:50:44.750000Z,7.53
733,20190126T055059Z,1J.TI8A.,"['CH1', 'CH2', 'CHZ']",2019-01-26T05:51:03.850000Z,18.99
734,20190126T055125Z,1J.TI8A.,"['CH1', 'CH2', 'CHZ']",2019-01-26T05:51:32.480000Z,14.29
735,20190126T055433Z,1J.TI8A.,"['CH1', 'CH2', 'CHZ']",2019-01-26T05:54:36.240000Z,6.1
736,20190126T055618Z,1J.TI8A.,"['CH1', 'CH2', 'CHZ']",2019-01-26T05:56:20.990000Z,13.49
737,20190126T061442Z,1J.TI8A.,"['CH1', 'CH2', 'CHZ']",2019-01-26T06:14:45.470000Z,8.79
738,20190126T061848Z,1J.TI8A.,"['CH1', 'CH2', 'CHZ']",2019-01-26T06:18:49.880000Z,2.24
739,20190126T062739Z,1J.TI8A.,"['CH1', 'CH2', 'CHZ']",2019-01-26T06:27:39.850000Z,6.0
740,20190126T063313Z,1J.TI8A.,"['CH1', 'CH2', 'CHZ']",2019-01-26T06:33:16.010000Z,22.7
741,20190126T063552Z,1J.TI8A.,"['CH1', 'CH2', 'CHZ']",2019-01-26T06:35:53.770000Z,9.96
742,20190126T063706Z,1J.TI8A.,"['CH1', 'CH2', 'CHZ']",2019-01-26T06:37:09.890000Z,8.39
743,20190126T065319Z,1J.TI8A.,"['CH1', 'CH2', 'CHZ']",2019-01-26T06:53:19.660000Z,6.09
744,20190126T065433Z,1J.TI8A.,"['CH1', 'CH2', 'CHZ']",2019-01-26T06:54:35.710000Z,49.92
745,20190126T065549Z,1J.TI8A.,"['CH1', 'CH2', 'CHZ']",2019-01-26T06:55:49.210000Z,2.3
746,20190126T065917Z,1J.TI8A.,"['CH1', 'CH2', 'CHZ']",2019-01-26T06:59:17.180000Z,17.72
747,20190126T070342Z,1J.TI8A.,"['CH1', 'CH2', 'CHZ']",2019-01-26T07:03:45.420000Z,2.7
748,20190126T070517Z,1J.TI8A.,"['CH1', 'CH2', 'CHZ']",2019-01-26T07:05:17.870000Z,3.97
749,20190126T070530Z,1J.TI8A.,"['CH1', 'CH2', 'CHZ']",2019-01-26T07:05:30.420000Z,20.92
750,20190126T071140Z,1J.TI8A.,"['CH1', 'CH2', 'CHZ']",2019-01-26T07:11:40.660000Z,10.34
751,20190126T071455Z,1J.TI8A.,"['CH1', 'CH2', 'CHZ']",2019-01-26T07:14:58.020000Z,11.03
752,20190126T071917Z,1J.TI8A.,"['CH1', 'CH2', 'CHZ']",2019-01-26T07:19:26.780000Z,52.11
753,20190126T073606Z,1J.TI8A.,"['CH1', 'CH2', 'CHZ']",2019-01-26T07:36:09.490000Z,23.71
754,20190126T073807Z,1J.TI8A.,"['CH1', 'CH2', 'CHZ']",2019-01-26T07:38:07.910000Z,14.11
755,20190126T073833Z,1J.TI8A.,"['CH1', 'CH2', 'CHZ']",2019-01-26T07:38:40.760000Z,13.89
756,20190126T074457Z,1J.TI8A.,"['CH1', 'CH2', 'CHZ']",2019-01-26T07:44:57.100000Z,18.01
757,20190126T075424Z,1J.TI8A.,"['CH1', 'CH2', 'CHZ']",2019-01-26T07:54:24.540000Z,11.26
758,20190126T080356Z,1J.TI8A.,"['CH1', 'CH2', 'CHZ']",2019-01-26T08:03:59.430000Z,12.21
759,20190126T082050Z,1J.TI8A.,"['CH1', 'CH2', 'CHZ']",2019-01-26T08:20:53.290000Z,47.39
760,20190126T082317Z,1J.TI8A.,"['CH1', 'CH2', 'CHZ']",2019-01-26T08:23:18.630000Z,46.63
761,20190126T082450Z,1J.TI8A.,"['CH1', 'CH2', 'CHZ']",2019-01-26T08:24:50.490000Z,0.98
762,20190126T082950Z,1J.TI8A.,"['CH1', 'CH2', 'CHZ']",2019-01-26T08:29:54.900000Z,6.63
763,20190126T083015Z,1J.TI8A.,"['CH1', 'CH2', 'CHZ']",2019-01-26T08:30:21.050000Z,7.78
764,20190126T083041Z,1J.TI8A.,"['CH1', 'CH2', 'CHZ']",2019-01-26T08:30:44.460000Z,51.17
765,20190126T083559Z,1J.TI8A.,"['CH1', 'CH2', 'CHZ']",2019-01-26T08:36:02.570000Z,9.75
766,20190126T083856Z,1J.TI8A.,"['CH1', 'CH2', 'CHZ']",2019-01-26T08:38:56.210000Z,21.89
767,20190126T084228Z,1J.TI8A.,"['CH1', 'CH2', 'CHZ']",2019-01-26T08:42:30.770000Z,51.31
768,20190126T085503Z,1J.TI8A.,"['CH1', 'CH2', 'CHZ']",2019-01-26T08:55:12.440000Z,67.55
769,20190126T090057Z,1J.TI8A.,"['CH1', 'CH2', 'CHZ']",2019-01-26T09:01:03.880000Z,7.29
770,20190126T090359Z,1J.TI8A.,"['CH1', 'CH2', 'CHZ']",2019-01-26T09:04:01.830000Z,21.59
771,20190126T090630Z,1J.TI8A.,"['CH1', 'CH2', 'CHZ']",2019-01-26T09:06:33.380000Z,4.1
772,20190126T090654Z,1J.TI8A.,"['CH1', 'CH2', 'CHZ']",2019-01-26T09:06:59.690000Z,5.9
773,20190126T091319Z,1J.TI8A.,"['CH1', 'CH2', 'CHZ']",2019-01-26T09:13:21.990000Z,9.78
774,20190126T091452Z,1J.TI8A.,"['CH1', 'CH2', 'CHZ']",2019-01-26T09:14:53.060000Z,10.99
775,20190126T092216Z,1J.TI8A.,"['CH1', 'CH2', 'CHZ']",2019-01-26T09:22:16.700000Z,17.87
776,20190126T092942Z,1J.TI8A.,"['CH1', 'CH2', 'CHZ']",2019-01-26T09:29:43.080000Z,19.47
777,20190126T093415Z,1J.TI8A.,"['CH1', 'CH2', 'CHZ']",2019-01-26T09:34:19.140000Z,5.19
778,20190126T093845Z,1J.TI8A.,"['CH1', 'CH2', 'CHZ']",2019-01-26T09:38:50.090000Z,19.38
779,20190126T094521Z,1J.TI8A.,"['CH1', 'CH2', 'CHZ']",2019-01-26T09:45:21.760000Z,5.68
780,20190126T094655Z,1J.TI8A.,"['CH1', 'CH2', 'CHZ']",2019-01-26T09:46:55.900000Z,18.09
781,20190126T094719Z,1J.TI8A.,"['CH1', 'CH2', 'CHZ']",2019-01-26T09:47:24.680000Z,17.38
782,20190126T100039Z,1J.TI8A.,"['CH1', 'CH2', 'CHZ']",2019-01-26T10:01:02.450000Z,56.65
783,20190126T100506Z,1J.TI8A.,"['CH1', 'CH2', 'CHZ']",2019-01-26T10:05:06.820000Z,4.31
784,20190126T100525Z,1J.TI8A.,"['CH1', 'CH2', 'CHZ']",2019-01-26T10:05:25.390000Z,3.73
785,20190126T101510Z,1J.TI8A.,"['CH1', 'CH2', 'CHZ']",2019-01-26T10:15:15.760000Z,7.8
786,20190126T102836Z,1J.TI8A.,"['CH1', 'CH2', 'CHZ']",2019-01-26T10:28:39.090000Z,6.3
787,20190126T102950Z,1J.TI8A.,"['CH1', 'CH2', 'CHZ']",2019-01-26T10:29:50.570000Z,20.79
788,20190126T103139Z,1J.TI8A.,"['CH1', 'CH2', 'CHZ']",2019-01-26T10:31:42.700000Z,38.75
789,20190126T103351Z,1J.TI8A.,"['CH1', 'CH2', 'CHZ']",2019-01-26T10:33:54.100000Z,6.5
790,20190126T103451Z,1J.TI8A.,"['CH1', 'CH2', 'CHZ']",2019-01-26T10:34:53.910000Z,5.31
791,20190126T104048Z,1J.TI8A.,"['CH1', 'CH2', 'CHZ']",2019-01-26T10:40:48.510000Z,20.12
792,20190126T104227Z,1J.TI8A.,"['CH1', 'CH2', 'CHZ']",2019-01-26T10:42:43.860000Z,6.56
793,20190126T104912Z,1J.TI8A.,"['CH1', 'CH2', 'CHZ']",2019-01-26T10:49:12.390000Z,23.55
794,20190126T105254Z,1J.TI8A.,"['CH1', 'CH2', 'CHZ']",2019-01-26T10:52:54.640000Z,8.61
795,20190126T105436Z,1J.TI8A.,"['CH1', 'CH2', 'CHZ']",2019-01-26T10:54:37.690000Z,4.64
796,20190126T110322Z,1J.TI8A.,"['CH1', 'CH2', 'CHZ']",2019-01-26T11:03:24.280000Z,11.55
797,20190126T110912Z,1J.TI8A.,"['CH1', 'CH2', 'CHZ']",2019-01-26T11:09:12.230000Z,9.24
798,20190126T110935Z,1J.TI8A.,"['CH1', 'CH2', 'CHZ']",2019-01-26T11:09:39.330000Z,19.33
799,20190126T112116Z,1J.TI8A.,"['CH1', 'CH2', 'CHZ']",2019-01-26T11:21:17.250000Z,51.5
800,20190126T114632Z,1J.TI8A.,"['CH1', 'CH2', 'CHZ']",2019-01-26T11:46:39.950000Z,19.32
801,20190126T114707Z,1J.TI8A.,"['CH1', 'CH2', 'CHZ']",2019-01-26T11:47:07.950000Z,20.22
802,20190126T115157Z,1J.TI8A.,"['CH1', 'CH2', 'CHZ']",2019-01-26T11:51:58.370000Z,49.36
803,20190126T120021Z,1J.TI8A.,"['CH1', 'CH2', 'CHZ']",2019-01-26T12:00:23.340000Z,11.11
804,20190126T120651Z,1J.TI8A.,"['CH1', 'CH2', 'CHZ']",2019-01-26T12:06:51.210000Z,7.95
805,20190126T121243Z,1J.TI8A.,"['CH1', 'CH2', 'CHZ']",2019-01-26T12:12:43.970000Z,12.53
806,20190126T121417Z,1J.TI8A.,"['CH1', 'CH2', 'CHZ']",2019-01-26T12:14:18.210000Z,53.84
807,20190126T121539Z,1J.TI8A.,"['CH1', 'CH2', 'CHZ']",2019-01-26T12:15:39.820000Z,1.41
808,20190126T122028Z,1J.TI8A.,"['CH1', 'CH2', 'CHZ']",2019-01-26T12:20:30.440000Z,11.62
809,20190126T122057Z,1J.TI8A.,"['CH1', 'CH2', 'CHZ']",2019-01-26T12:20:57.050000Z,9.34
810,20190126T122400Z,1J.TI8A.,"['CH1', 'CH2', 'CHZ']",2019-01-26T12:24:03.050000Z,10.08
811,20190126T123035Z,1J.TI8A.,"['CH1', 'CH2', 'CHZ']",2019-01-26T12:30:43.540000Z,12.85
812,20190126T123728Z,1J.TI8A.,"['CH1', 'CH2', 'CHZ']",2019-01-26T12:37:28.670000Z,3.26
813,20190126T123850Z,1J.TI8A.,"['CH1', 'CH2', 'CHZ']",2019-01-26T12:38:50.060000Z,6.03
814,20190126T124232Z,1J.TI8A.,"['CH1', 'CH2', 'CHZ']",2019-01-26T12:42:45.240000Z,13.75
815,20190126T124320Z,1J.TI8A.,"['CH1', 'CH2', 'CHZ']",2019-01-26T12:43:20.340000Z,14.95
816,20190126T124926Z,1J.TI8A.,"['CH1', 'CH2', 'CHZ']",2019-01-26T12:49:26.610000Z,25.02
817,20190126T125133Z,1J.TI8A.,"['CH1', 'CH2', 'CHZ']",2019-01-26T12:51:34.360000Z,0.79
818,20190126T125539Z,1J.TI8A.,"['CH1', 'CH2', 'CHZ']",2019-01-26T12:55:39.630000Z,7.89
819,20190126T130129Z,1J.TI8A.,"['CH1', 'CH2', 'CHZ']",2019-01-26T13:01:29.720000Z,16.38
820,20190126T131114Z,1J.TI8A.,"['CH1', 'CH2', 'CHZ']",2019-01-26T13:11:14.600000Z,8.22
821,20190126T131838Z,1J.TI8A.,"['CH1', 'CH2', 'CHZ']",2019-01-26T13:18:38.070000Z,65.55
822,20190126T132522Z,1J.TI8A.,"['CH1', 'CH2', 'CHZ']",2019-01-26T13:25:22.470000Z,6.37
823,20190126T132725Z,1J.TI8A.,"['CH1', 'CH2', 'CHZ']",2019-01-26T13:27:25.850000Z,4.55
824,20190126T133450Z,1J.TI8A.,"['CH1', 'CH2', 'CHZ']",2019-01-26T13:34:51.350000Z,51.86
825,20190126T134738Z,1J.TI8A.,"['CH1', 'CH2', 'CHZ']",2019-01-26T13:47:40.240000Z,4.65
826,20190126T134838Z,1J.TI8A.,"['CH1', 'CH2', 'CHZ']",2019-01-26T13:48:38.960000Z,14.68
827,20190126T135006Z,1J.TI8A.,"['CH1', 'CH2', 'CHZ']",2019-01-26T13:50:06.620000Z,2.4
828,20190126T135651Z,1J.TI8A.,"['CH1', 'CH2', 'CHZ']",2019-01-26T13:56:51.340000Z,54.19
829,20190126T140420Z,1J.TI8A.,"['CH1', 'CH2', 'CHZ']",2019-01-26T14:04:21.320000Z,8.3
830,20190126T140444Z,1J.TI8A.,"['CH1', 'CH2', 'CHZ']",2019-01-26T14:04:44.220000Z,20.37
831,20190126T140939Z,1J.TI8A.,"['CH1', 'CH2', 'CHZ']",2019-01-26T14:09:39.750000Z,7.35
832,20190126T141214Z,1J.TI8A.,"['CH1', 'CH2', 'CHZ']",2019-01-26T14:12:14.110000Z,19.23
833,20190126T141629Z,1J.TI8A.,"['CH1', 'CH2', 'CHZ']",2019-01-26T14:16:29.040000Z,6.87
834,20190126T141921Z,1J.TI8A.,"['CH1', 'CH2', 'CHZ']",2019-01-26T14:19:21.320000Z,8.53
835,20190126T141948Z,1J.TI8A.,"['CH1', 'CH2', 'CHZ']",2019-01-26T14:19:52.460000Z,8.29
836,20190126T142118Z,1J.TI8A.,"['CH1', 'CH2', 'CHZ']",2019-01-26T14:21:18.450000Z,5.86
837,20190126T142245Z,1J.TI8A.,"['CH1', 'CH2', 'CHZ']",2019-01-26T14:22:45.720000Z,15.38
838,20190126T142336Z,1J.TI8A.,"['CH1', 'CH2', 'CHZ']",2019-01-26T14:23:41.110000Z,7.11
839,20190126T142750Z,1J.TI8A.,"['CH1', 'CH2', 'CHZ']",2019-01-26T14:27:50.090000Z,11.77
840,20190126T143000Z,1J.TI8A.,"['CH1', 'CH2', 'CHZ']",2019-01-26T14:30:00.510000Z,7.26
841,20190126T143652Z,1J.TI8A.,"['CH1', 'CH2', 'CHZ']",2019-01-26T14:36:52.780000Z,17.1
842,20190126T143906Z,1J.TI8A.,"['CH1', 'CH2', 'CHZ']",2019-01-26T14:39:06.170000Z,15.69
843,20190126T144558Z,1J.TI8A.,"['CH1', 'CH2', 'CHZ']",2019-01-26T14:45:58.610000Z,5.7
844,20190126T145148Z,1J.TI8A.,"['CH1', 'CH2', 'CHZ']",2019-01-26T14:51:48.980000Z,4.29
845,20190126T145216Z,1J.TI8A.,"['CH1', 'CH2', 'CHZ']",2019-01-26T14:52:16.900000Z,6.01
846,20190126T145816Z,1J.TI8A.,"['CH1', 'CH2', 'CHZ']",2019-01-26T14:58:16.200000Z,3.74
847,20190126T150403Z,1J.TI8A.,"['CH1', 'CH2', 'CHZ']",2019-01-26T15:04:04.760000Z,10.91
848,20190126T151646Z,1J.TI8A.,"['CH1', 'CH2', 'CHZ']",2019-01-26T15:16:48.190000Z,22.95
849,20190126T151809Z,1J.TI8A.,"['CH1', 'CH2', 'CHZ']",2019-01-26T15:18:09.050000Z,4.41
850,20190126T151834Z,1J.TI8A.,"['CH1', 'CH2', 'CHZ']",2019-01-26T15:18:39.020000Z,5.61
851,20190126T152056Z,1J.TI8A.,"['CH1', 'CH2', 'CHZ']",2019-01-26T15:20:56.380000Z,7.63
852,20190126T152420Z,1J.TI8A.,"['CH1', 'CH2', 'CHZ']",2019-01-26T15:24:20.820000Z,20.38
853,20190126T152446Z,1J.TI8A.,"['CH1', 'CH2', 'CHZ']",2019-01-26T15:24:48.880000Z,20.78
854,20190126T152630Z,1J.TI8A.,"['CH1', 'CH2', 'CHZ']",2019-01-26T15:26:30.620000Z,6.79
855,20190126T152655Z,1J.TI8A.,"['CH1', 'CH2', 'CHZ']",2019-01-26T15:27:00.740000Z,12.93
856,20190126T152803Z,1J.TI8A.,"['CH1', 'CH2', 'CHZ']",2019-01-26T15:28:09.220000Z,12.23
857,20190126T153254Z,1J.TI8A.,"['CH1', 'CH2', 'CHZ']",2019-01-26T15:32:54.120000Z,6.76
858,20190126T153449Z,1J.TI8A.,"['CH1', 'CH2', 'CHZ']",2019-01-26T15:34:49.730000Z,4.34
859,20190126T153521Z,1J.TI8A.,"['CH1', 'CH2', 'CHZ']",2019-01-26T15:35:21.620000Z,18.89
860,20190126T153632Z,1J.TI8A.,"['CH1', 'CH2', 'CHZ']",2019-01-26T15:36:34.410000Z,3.07
861,20190126T154142Z,1J.TI8A.,"['CH1', 'CH2', 'CHZ']",2019-01-26T15:41:42.320000Z,5.53
862,20190126T155608Z,1J.TI8A.,"['CH1', 'CH2', 'CHZ']",2019-01-26T15:56:08.420000Z,13.88
863,20190126T160050Z,1J.TI8A.,"['CH1', 'CH2', 'CHZ']",2019-01-26T16:00:52.040000Z,14.62
864,20190126T160927Z,1J.TI8A.,"['CH1', 'CH2', 'CHZ']",2019-01-26T16:09:27.730000Z,56.39
865,20190126T161321Z,1J.TI8A.,"['CH1', 'CH2', 'CHZ']",2019-01-26T16:13:21.170000Z,22.02
866,20190126T161446Z,1J.TI8A.,"['CH1', 'CH2', 'CHZ']",2019-01-26T16:14:50.130000Z,3.96
867,20190126T161806Z,1J.TI8A.,"['CH1', 'CH2', 'CHZ']",2019-01-26T16:18:06.450000Z,4.27
868,20190126T162722Z,1J.TI8A.,"['CH1', 'CH2', 'CHZ']",2019-01-26T16:27:23.890000Z,10.65
869,20190126T162853Z,1J.TI8A.,"['CH1', 'CH2', 'CHZ']",2019-01-26T16:28:53.820000Z,21.57
870,20190126T165351Z,1J.TI8A.,"['CH1', 'CH2', 'CHZ']",2019-01-26T16:53:52.640000Z,22.37
871,20190126T165614Z,1J.TI8A.,"['CH1', 'CH2', 'CHZ']",2019-01-26T16:56:16.460000Z,5.96
872,20190126T170136Z,1J.TI8A.,"['CH1', 'CH2', 'CHZ']",2019-01-26T17:01:36.630000Z,3.71
873,20190126T170638Z,1J.TI8A.,"['CH1', 'CH2', 'CHZ']",2019-01-26T17:06:41.930000Z,5.65
874,20190126T171452Z,1J.TI8A.,"['CH1', 'CH2', 'CHZ']",2019-01-26T17:15:00.770000Z,13.16
875,20190126T172647Z,1J.TI8A.,"['CH1', 'CH2', 'CHZ']",2019-01-26T17:26:47.850000Z,8.25
876,20190126T173618Z,1J.TI8A.,"['CH1', 'CH2', 'CHZ']",2019-01-26T17:36:23.180000Z,45.45
877,20190126T180145Z,1J.TI8A.,"['CH1', 'CH2', 'CHZ']",2019-01-26T18:01:45.160000Z,23.28
878,20190126T180354Z,1J.TI8A.,"['CH1', 'CH2', 'CHZ']",2019-01-26T18:03:55.270000Z,12.21
879,20190126T180616Z,1J.TI8A.,"['CH1', 'CH2', 'CHZ']",2019-01-26T18:06:16.880000Z,20.92
880,20190126T181336Z,1J.TI8A.,"['CH1', 'CH2', 'CHZ']",2019-01-26T18:13:38.190000Z,22.03
881,20190126T181912Z,1J.TI8A.,"['CH1', 'CH2', 'CHZ']",2019-01-26T18:19:12.590000Z,2.34
882,20190126T182010Z,1J.TI8A.,"['CH1', 'CH2', 'CHZ']",2019-01-26T18:20:10.580000Z,6.29
883,20190126T182358Z,1J.TI8A.,"['CH1', 'CH2', 'CHZ']",2019-01-26T18:23:58.560000Z,3.12
884,20190126T183305Z,1J.TI8A.,"['CH1', 'CH2', 'CHZ']",2019-01-26T18:33:16.670000Z,2.84
885,20190126T183356Z,1J.TI8A.,"['CH1', 'CH2', 'CHZ']",2019-01-26T18:33:56.490000Z,9.25
886,20190126T183421Z,1J.TI8A.,"['CH1', 'CH2', 'CHZ']",2019-01-26T18:34:26.750000Z,14.58
887,20190126T185908Z,1J.TI8A.,"['CH1', 'CH2', 'CHZ']",2019-01-26T18:59:30.210000Z,19.45
888,20190126T190442Z,1J.TI8A.,"['CH1', 'CH2', 'CHZ']",2019-01-26T19:04:44.800000Z,19.18
889,20190126T190510Z,1J.TI8A.,"['CH1', 'CH2', 'CHZ']",2019-01-26T19:05:14.570000Z,27.0
890,20190126T192140Z,1J.TI8A.,"['CH1', 'CH2', 'CHZ']",2019-01-26T19:21:40.990000Z,1.43
891,20190126T192343Z,1J.TI8A.,"['CH1', 'CH2', 'CHZ']",2019-01-26T19:23:43.100000Z,5.28
892,20190126T200607Z,1J.TI8A.,"['CH1', 'CH2', 'CHZ']",2019-01-26T20:06:09.190000Z,16.73
893,20190126T201055Z,1J.TI8A.,"['CH1', 'CH2', 'CHZ']",2019-01-26T20:10:55.670000Z,1.79
894,20190126T201526Z,1J.TI8A.,"['CH1', 'CH2', 'CHZ']",2019-01-26T20:15:34.690000Z,30.74
895,20190126T203632Z,1J.TI8A.,"['CH1', 'CH2', 'CHZ']",2019-01-26T20:36:32.260000Z,2.56
896,20190126T204208Z,1J.TI8A.,"['CH1', 'CH2', 'CHZ']",2019-01-26T20:42:08.840000Z,14.49
897,20190126T204304Z,1J.TI8A.,"['CH1', 'CH2', 'CHZ']",2019-01-26T20:43:05.510000Z,13.22
898,20190126T204634Z,1J.TI8A.,"['CH1', 'CH2', 'CHZ']",2019-01-26T20:47:15.730000Z,1.6
899,20190126T205122Z,1J.TI8A.,"['CH1', 'CH2', 'CHZ']",2019-01-26T20:51:22.270000Z,1.17
900,20190126T205236Z,1J.TI8A.,"['CH1', 'CH2', 'CHZ']",2019-01-26T20:53:21.180000Z,16.35
901,20190126T205600Z,1J.TI8A.,"['CH1', 'CH2', 'CHZ']",2019-01-26T20:56:04.170000Z,1.67
902,20190126T210746Z,1J.TI8A.,"['CH1', 'CH2', 'CHZ']",2019-01-26T21:07:46.710000Z,1.94
903,20190126T211204Z,1J.TI8A.,"['CH1', 'CH2', 'CHZ']",2019-01-26T21:12:04.540000Z,3.59
904,20190126T211514Z,1J.TI8A.,"['CH1', 'CH2', 'CHZ']",2019-01-26T21:15:14.730000Z,3.74
905,20190126T215428Z,1J.TI8A.,"['CH1', 'CH2', 'CHZ']",2019-01-26T21:54:33.420000Z,6.37
906,20190126T215733Z,1J.TI8A.,"['CH1', 'CH2', 'CHZ']",2019-01-26T21:57:33.370000Z,1.78
907,20190126T220324Z,1J.TI8A.,"['CH1', 'CH2', 'CHZ']",2019-01-26T22:03:24.740000Z,1.61
908,20190126T220451Z,1J.TI8A.,"['CH1', 'CH2', 'CHZ']",2019-01-26T22:04:51.040000Z,0.99
909,20190126T221126Z,1J.TI8A.,"['CH1', 'CH2', 'CHZ']",2019-01-26T22:11:26.670000Z,4.97
910,20190126T221340Z,1J.TI8A.,"['CH1', 'CH2', 'CHZ']",2019-01-26T22:13:40.270000Z,1.09
911,20190126T221718Z,1J.TI8A.,"['CH1', 'CH2', 'CHZ']",2019-01-26T22:17:18.840000Z,0.93
912,20190126T222110Z,1J.TI8A.,"['CH1', 'CH2', 'CHZ']",2019-01-26T22:21:10.980000Z,2.94
913,20190126T230916Z,1J.TI8A.,"['CH1', 'CH2', 'CHZ']",2019-01-26T23:09:16.280000Z,1.56
914,20190126T232009Z,1J.TI8A.,"['CH1', 'CH2', 'CHZ']",2019-01-26T23:20:09.170000Z,8.95
915,20190126T232327Z,1J.TI8A.,"['CH1', 'CH2', 'CHZ']",2019-01-26T23:23:27.100000Z,3.76
916,20190126T232411Z,1J.TI8A.,"['CH1', 'CH2', 'CHZ']",2019-01-26T23:24:13.880000Z,19.81
917,20190126T232514Z,1J.TI8A.,"['CH1', 'CH2', 'CHZ']",2019-01-26T23:25:14.850000Z,0.97
918,20190126T232537Z,1J.TI8A.,"['CH1', 'CH2', 'CHZ']",2019-01-26T23:25:37.080000Z,1.19
919,20190126T232612Z,1J.TI8A.,"['CH1', 'CH2', 'CHZ']",2019-01-26T23:26:12.980000Z,2.83
920,20190126T234419Z,1J.TI8A.,"['CH1', 'CH2', 'CHZ']",2019-01-26T23:44:19.010000Z,7.53
921,20190125T235922Z,1J.TI1A.,"['CH1', 'CH2', 'CHZ']",2019-01-25T23:59:50.860000Z,58.74
922,20190126T000341Z,1J.TI1A.,"['CH1', 'CH2', 'CHZ']",2019-01-26T00:03:41.140000Z,1.12
923,20190126T000444Z,1J.TI1A.,"['CH1', 'CH2', 'CHZ']",2019-01-26T00:04:44.360000Z,1.81
924,20190126T000634Z,1J.TI1A.,"['CH1', 'CH2', 'CHZ']",2019-01-26T00:06:34.470000Z,32.22
925,20190126T001004Z,1J.TI1A.,"['CH1', 'CH2', 'CHZ']",2019-01-26T00:10:04.150000Z,0.67
926,20190126T001135Z,1J.TI1A.,"['CH1', 'CH2', 'CHZ']",2019-01-26T00:11:35.960000Z,1.61
927,20190126T001152Z,1J.TI1A.,"['CH1', 'CH2', 'CHZ']",2019-01-26T00:11:52.160000Z,3.22
928,20190126T001219Z,1J.TI1A.,"['CH1', 'CH2', 'CHZ']",2019-01-26T00:12:19.770000Z,42.14
929,20190126T001609Z,1J.TI1A.,"['CH1', 'CH2', 'CHZ']",2019-01-26T00:16:09.390000Z,1.02
930,20190126T001617Z,1J.TI1A.,"['CH1', 'CH2', 'CHZ']",2019-01-26T00:16:17.610000Z,1.48
931,20190126T001709Z,1J.TI1A.,"['CH1', 'CH2', 'CHZ']",2019-01-26T00:17:09.790000Z,1.24
932,20190126T001725Z,1J.TI1A.,"['CH1', 'CH2', 'CHZ']",2019-01-26T00:17:25.150000Z,2.61
933,20190126T002042Z,1J.TI1A.,"['CH1', 'CH2', 'CHZ']",2019-01-26T00:20:42.370000Z,1.31
934,20190126T002113Z,1J.TI1A.,"['CH1', 'CH2', 'CHZ']",2019-01-26T00:21:13.030000Z,1.18
935,20190126T002140Z,1J.TI1A.,"['CH1', 'CH2', 'CHZ']",2019-01-26T00:21:40.500000Z,2.16
936,20190126T002241Z,1J.TI1A.,"['CH1', 'CH2', 'CHZ']",2019-01-26T00:22:41.990000Z,8.23
937,20190126T002320Z,1J.TI1A.,"['CH1', 'CH2', 'CHZ']",2019-01-26T00:23:20.060000Z,1.89
938,20190126T002417Z,1J.TI1A.,"['CH1', 'CH2', 'CHZ']",2019-01-26T00:24:17.260000Z,2.84
939,20190126T002427Z,1J.TI1A.,"['CH1', 'CH2', 'CHZ']",2019-01-26T00:24:27.180000Z,1.28
940,20190126T002443Z,1J.TI1A.,"['CH1', 'CH2', 'CHZ']",2019-01-26T00:24:43.210000Z,0.93
941,20190126T002450Z,1J.TI1A.,"['CH1', 'CH2', 'CHZ']",2019-01-26T00:24:50.170000Z,3.3
942,20190126T002551Z,1J.TI1A.,"['CH1', 'CH2', 'CHZ']",2019-01-26T00:25:51.860000Z,0.99
943,20190126T002611Z,1J.TI1A.,"['CH1', 'CH2', 'CHZ']",2019-01-26T00:26:12.290000Z,1.18
944,20190126T002621Z,1J.TI1A.,"['CH1', 'CH2', 'CHZ']",2019-01-26T00:26:21.170000Z,1.29
945,20190126T002657Z,1J.TI1A.,"['CH1', 'CH2', 'CHZ']",2019-01-26T00:26:57.380000Z,1.54
946,20190126T002750Z,1J.TI1A.,"['CH1', 'CH2', 'CHZ']",2019-01-26T00:27:50.860000Z,10.02
947,20190126T002858Z,1J.TI1A.,"['CH1', 'CH2', 'CHZ']",2019-01-26T00:29:02.670000Z,7.63
948,20190126T003004Z,1J.TI1A.,"['CH1', 'CH2', 'CHZ']",2019-01-26T00:30:04.770000Z,0.78
949,20190126T003018Z,1J.TI1A.,"['CH1', 'CH2', 'CHZ']",2019-01-26T00:30:18.880000Z,1.96
950,20190126T003034Z,1J.TI1A.,"['CH1', 'CH2', 'CHZ']",2019-01-26T00:30:34.860000Z,6.79
951,20190126T003144Z,1J.TI1A.,"['CH1', 'CH2', 'CHZ']",2019-01-26T00:31:44.600000Z,3.49
952,20190126T003200Z,1J.TI1A.,"['CH1', 'CH2', 'CHZ']",2019-01-26T00:32:00.870000Z,2.73
953,20190126T003254Z,1J.TI1A.,"['CH1', 'CH2', 'CHZ']",2019-01-26T00:32:54.300000Z,0.8
954,20190126T003304Z,1J.TI1A.,"['CH1', 'CH2', 'CHZ']",2019-01-26T00:33:04.930000Z,0.9
955,20190126T003423Z,1J.TI1A.,"['CH1', 'CH2', 'CHZ']",2019-01-26T00:34:23.070000Z,0.91
956,20190126T003523Z,1J.TI1A.,"['CH1', 'CH2', 'CHZ']",2019-01-26T00:35:23.930000Z,1.29
957,20190126T003705Z,1J.TI1A.,"['CH1', 'CH2', 'CHZ']",2019-01-26T00:37:05.020000Z,1.69
958,20190126T003719Z,1J.TI1A.,"['CH1', 'CH2', 'CHZ']",2019-01-26T00:37:19.670000Z,2.58
959,20190126T003847Z,1J.TI1A.,"['CH1', 'CH2', 'CHZ']",2019-01-26T00:38:47.740000Z,6.95
960,20190126T003908Z,1J.TI1A.,"['CH1', 'CH2', 'CHZ']",2019-01-26T00:39:19.020000Z,2.07
961,20190126T003952Z,1J.TI1A.,"['CH1', 'CH2', 'CHZ']",2019-01-26T00:39:52.990000Z,1.74
962,20190126T004006Z,1J.TI1A.,"['CH1', 'CH2', 'CHZ']",2019-01-26T00:40:06.700000Z,6.31
963,20190126T004201Z,1J.TI1A.,"['CH1', 'CH2', 'CHZ']",2019-01-26T00:42:01.430000Z,0.91
964,20190126T004334Z,1J.TI1A.,"['CH1', 'CH2', 'CHZ']",2019-01-26T00:43:34.670000Z,1.34
965,20190126T004500Z,1J.TI1A.,"['CH1', 'CH2', 'CHZ']",2019-01-26T00:45:00.000000Z,0.95
966,20190126T004755Z,1J.TI1A.,"['CH1', 'CH2', 'CHZ']",2019-01-26T00:47:55.490000Z,1.43
967,20190126T004823Z,1J.TI1A.,"['CH1', 'CH2', 'CHZ']",2019-01-26T00:48:23.160000Z,0.9
968,20190126T004858Z,1J.TI1A.,"['CH1', 'CH2', 'CHZ']",2019-01-26T00:48:58.050000Z,1.47
969,20190126T005006Z,1J.TI1A.,"['CH1', 'CH2', 'CHZ']",2019-01-26T00:50:06.180000Z,1.17
970,20190126T005048Z,1J.TI1A.,"['CH1', 'CH2', 'CHZ']",2019-01-26T00:50:48.680000Z,1.07
971,20190126T005132Z,1J.TI1A.,"['CH1', 'CH2', 'CHZ']",2019-01-26T00:51:32.430000Z,2.22
972,20190126T005208Z,1J.TI1A.,"['CH1', 'CH2', 'CHZ']",2019-01-26T00:52:08.610000Z,1.86
973,20190126T005325Z,1J.TI1A.,"['CH1', 'CH2', 'CHZ']",2019-01-26T00:53:25.130000Z,2.32
974,20190126T005857Z,1J.TI1A.,"['CH1', 'CH2', 'CHZ']",2019-01-26T00:58:57.890000Z,1.8
975,20190126T005925Z,1J.TI1A.,"['CH1', 'CH2', 'CHZ']",2019-01-26T00:59:25.430000Z,1.86
976,20190126T010023Z,1J.TI1A.,"['CH1', 'CH2', 'CHZ']",2019-01-26T01:00:31.600000Z,2.81
977,20190126T010249Z,1J.TI1A.,"['CH1', 'CH2', 'CHZ']",2019-01-26T01:02:51.170000Z,18.42
978,20190126T010422Z,1J.TI1A.,"['CH1', 'CH2', 'CHZ']",2019-01-26T01:04:22.150000Z,1.38
979,20190126T010912Z,1J.TI1A.,"['CH1', 'CH2', 'CHZ']",2019-01-26T01:09:12.210000Z,6.97
980,20190126T011225Z,1J.TI1A.,"['CH1', 'CH2', 'CHZ']",2019-01-26T01:12:25.920000Z,2.27
981,20190126T011408Z,1J.TI1A.,"['CH1', 'CH2', 'CHZ']",2019-01-26T01:14:08.020000Z,0.99
982,20190126T011430Z,1J.TI1A.,"['CH1', 'CH2', 'CHZ']",2019-01-26T01:14:30.370000Z,1.3
983,20190126T011918Z,1J.TI1A.,"['CH1', 'CH2', 'CHZ']",2019-01-26T01:19:18.640000Z,4.78
984,20190126T012659Z,1J.TI1A.,"['CH1', 'CH2', 'CHZ']",2019-01-26T01:26:59.180000Z,10.81
985,20190126T013859Z,1J.TI1A.,"['CH1', 'CH2', 'CHZ']",2019-01-26T01:38:59.320000Z,9.6
986,20190126T014238Z,1J.TI1A.,"['CH1', 'CH2', 'CHZ']",2019-01-26T01:42:38.730000Z,24.28
987,20190126T014316Z,1J.TI1A.,"['CH1', 'CH2', 'CHZ']",2019-01-26T01:43:16.050000Z,18.88
988,20190126T014951Z,1J.TI1A.,"['CH1', 'CH2', 'CHZ']",2019-01-26T01:49:51.860000Z,2.1
989,20190126T015910Z,1J.TI1A.,"['CH1', 'CH2', 'CHZ']",2019-01-26T01:59:10.750000Z,41.21
990,20190126T020232Z,1J.TI1A.,"['CH1', 'CH2', 'CHZ']",2019-01-26T02:02:32.760000Z,53.7
991,20190126T020714Z,1J.TI1A.,"['CH1', 'CH2', 'CHZ']",2019-01-26T02:07:14.410000Z,2.81
992,20190126T020727Z,1J.TI1A.,"['CH1', 'CH2', 'CHZ']",2019-01-26T02:07:27.520000Z,3.9
993,20190126T020748Z,1J.TI1A.,"['CH1', 'CH2', 'CHZ']",2019-01-26T02:07:48.730000Z,3.8
994,20190126T022622Z,1J.TI1A.,"['CH1', 'CH2', 'CHZ']",2019-01-26T02:26:24.730000Z,17.13
995,20190126T030801Z,1J.TI1A.,"['CH1', 'CH2', 'CHZ']",2019-01-26T03:08:04.600000Z,48.13
996,20190126T031835Z,1J.TI1A.,"['CH1', 'CH2', 'CHZ']",2019-01-26T03:18:39.030000Z,15.45
997,20190126T033413Z,1J.TI1A.,"['CH1', 'CH2', 'CHZ']",2019-01-26T03:34:13.050000Z,33.07
998,20190126T033459Z,1J.TI1A.,"['CH1', 'CH2', 'CHZ']",2019-01-26T03:35:02.930000Z,16.84
999,20190126T033753Z,1J.TI1A.,"['CH1', 'CH2', 'CHZ']",2019-01-26T03:37:53.120000Z,2.89
1000,20190126T033847Z,1J.TI1A.,"['CH1', 'CH2', 'CHZ']",2019-01-26T03:38:47.880000Z,3.27
1001,20190126T033903Z,1J.TI1A.,"['CH1', 'CH2', 'CHZ']",2019-01-26T03:39:03.150000Z,16.23
1002,20190126T033929Z,1J.TI1A.,"['CH1', 'CH2', 'CHZ']",2019-01-26T03:39:29.190000Z,14.29
1003,20190126T035058Z,1J.TI1A.,"['CH1', 'CH2', 'CHZ']",2019-01-26T03:50:58.490000Z,2.7
1004,20190126T040150Z,1J.TI1A.,"['CH1', 'CH2', 'CHZ']",2019-01-26T04:01:50.800000Z,26.56
1005,20190126T041139Z,1J.TI1A.,"['CH1', 'CH2', 'CHZ']",2019-01-26T04:11:39.570000Z,8.64
1006,20190126T041314Z,1J.TI1A.,"['CH1', 'CH2', 'CHZ']",2019-01-26T04:13:14.240000Z,1.33
1007,20190126T042322Z,1J.TI1A.,"['CH1', 'CH2', 'CHZ']",2019-01-26T04:23:22.710000Z,3.11
1008,20190126T042636Z,1J.TI1A.,"['CH1', 'CH2', 'CHZ']",2019-01-26T04:26:36.200000Z,7.89
1009,20190126T042925Z,1J.TI1A.,"['CH1', 'CH2', 'CHZ']",2019-01-26T04:29:25.500000Z,25.34
1010,20190126T043506Z,1J.TI1A.,"['CH1', 'CH2', 'CHZ']",2019-01-26T04:35:06.400000Z,8.07
1011,20190126T043623Z,1J.TI1A.,"['CH1', 'CH2', 'CHZ']",2019-01-26T04:36:23.410000Z,6.4
1012,20190126T043708Z,1J.TI1A.,"['CH1', 'CH2', 'CHZ']",2019-01-26T04:37:08.980000Z,5.08
1013,20190126T044214Z,1J.TI1A.,"['CH1', 'CH2', 'CHZ']",2019-01-26T04:42:14.850000Z,6.32
1014,20190126T044251Z,1J.TI1A.,"['CH1', 'CH2', 'CHZ']",2019-01-26T04:42:51.380000Z,6.83
1015,20190126T045241Z,1J.TI1A.,"['CH1', 'CH2', 'CHZ']",2019-01-26T04:52:41.300000Z,3.71
1016,20190126T050425Z,1J.TI1A.,"['CH1', 'CH2', 'CHZ']",2019-01-26T05:04:25.420000Z,30.6
1017,20190126T050503Z,1J.TI1A.,"['CH1', 'CH2', 'CHZ']",2019-01-26T05:05:03.090000Z,21.99
1018,20190126T050904Z,1J.TI1A.,"['CH1', 'CH2', 'CHZ']",2019-01-26T05:09:04.010000Z,8.65
1019,20190126T051112Z,1J.TI1A.,"['CH1', 'CH2', 'CHZ']",2019-01-26T05:11:12.640000Z,5.6
1020,20190126T051433Z,1J.TI1A.,"['CH1', 'CH2', 'CHZ']",2019-01-26T05:14:33.690000Z,50.41
1021,20190126T052521Z,1J.TI1A.,"['CH1', 'CH2', 'CHZ']",2019-01-26T05:25:21.510000Z,19.98
1022,20190126T052618Z,1J.TI1A.,"['CH1', 'CH2', 'CHZ']",2019-01-26T05:26:18.070000Z,21.64
1023,20190126T053411Z,1J.TI1A.,"['CH1', 'CH2', 'CHZ']",2019-01-26T05:34:11.990000Z,18.53
1024,20190126T053757Z,1J.TI1A.,"['CH1', 'CH2', 'CHZ']",2019-01-26T05:38:00.390000Z,2.9
1025,20190126T054110Z,1J.TI1A.,"['CH1', 'CH2', 'CHZ']",2019-01-26T05:41:10.580000Z,14.52
1026,20190126T054451Z,1J.TI1A.,"['CH1', 'CH2', 'CHZ']",2019-01-26T05:44:51.690000Z,4.86
1027,20190126T054818Z,1J.TI1A.,"['CH1', 'CH2', 'CHZ']",2019-01-26T05:48:30.480000Z,29.33
1028,20190126T055038Z,1J.TI1A.,"['CH1', 'CH2', 'CHZ']",2019-01-26T05:50:43.860000Z,1.47
1029,20190126T055052Z,1J.TI1A.,"['CH1', 'CH2', 'CHZ']",2019-01-26T05:50:52.990000Z,2.84
1030,20190126T055228Z,1J.TI1A.,"['CH1', 'CH2', 'CHZ']",2019-01-26T05:52:28.450000Z,1.33
1031,20190126T055618Z,1J.TI1A.,"['CH1', 'CH2', 'CHZ']",2019-01-26T05:56:23.280000Z,7.31
1032,20190126T061118Z,1J.TI1A.,"['CH1', 'CH2', 'CHZ']",2019-01-26T06:11:18.530000Z,15.25
1033,20190126T061442Z,1J.TI1A.,"['CH1', 'CH2', 'CHZ']",2019-01-26T06:14:46.370000Z,6.17
1034,20190126T061919Z,1J.TI1A.,"['CH1', 'CH2', 'CHZ']",2019-01-26T06:19:19.750000Z,12.23
1035,20190126T061938Z,1J.TI1A.,"['CH1', 'CH2', 'CHZ']",2019-01-26T06:19:38.730000Z,9.39
1036,20190126T062024Z,1J.TI1A.,"['CH1', 'CH2', 'CHZ']",2019-01-26T06:20:24.860000Z,20.65
1037,20190126T062311Z,1J.TI1A.,"['CH1', 'CH2', 'CHZ']",2019-01-26T06:23:11.540000Z,30.16
1038,20190126T062534Z,1J.TI1A.,"['CH1', 'CH2', 'CHZ']",2019-01-26T06:25:34.430000Z,4.49
1039,20190126T062922Z,1J.TI1A.,"['CH1', 'CH2', 'CHZ']",2019-01-26T06:29:22.820000Z,10.16
1040,20190126T063046Z,1J.TI1A.,"['CH1', 'CH2', 'CHZ']",2019-01-26T06:30:46.250000Z,6.32
1041,20190126T063214Z,1J.TI1A.,"['CH1', 'CH2', 'CHZ']",2019-01-26T06:32:14.300000Z,3.35
1042,20190126T063313Z,1J.TI1A.,"['CH1', 'CH2', 'CHZ']",2019-01-26T06:33:16.440000Z,35.15
1043,20190126T063444Z,1J.TI1A.,"['CH1', 'CH2', 'CHZ']",2019-01-26T06:34:44.630000Z,2.48
1044,20190126T063546Z,1J.TI1A.,"['CH1', 'CH2', 'CHZ']",2019-01-26T06:35:46.560000Z,2.27
1045,20190126T063706Z,1J.TI1A.,"['CH1', 'CH2', 'CHZ']",2019-01-26T06:37:11.200000Z,8.65
1046,20190126T063728Z,1J.TI1A.,"['CH1', 'CH2', 'CHZ']",2019-01-26T06:37:30.900000Z,4.65
1047,20190126T064450Z,1J.TI1A.,"['CH1', 'CH2', 'CHZ']",2019-01-26T06:44:50.040000Z,8.67
1048,20190126T064629Z,1J.TI1A.,"['CH1', 'CH2', 'CHZ']",2019-01-26T06:46:29.090000Z,24.28
1049,20190126T065433Z,1J.TI1A.,"['CH1', 'CH2', 'CHZ']",2019-01-26T06:54:37.890000Z,52.68
1050,20190126T071917Z,1J.TI1A.,"['CH1', 'CH2', 'CHZ']",2019-01-26T07:19:17.350000Z,40.28
1051,20190126T072051Z,1J.TI1A.,"['CH1', 'CH2', 'CHZ']",2019-01-26T07:20:51.910000Z,28.5
1052,20190126T072953Z,1J.TI1A.,"['CH1', 'CH2', 'CHZ']",2019-01-26T07:29:53.860000Z,7.46
1053,20190126T073311Z,1J.TI1A.,"['CH1', 'CH2', 'CHZ']",2019-01-26T07:33:11.770000Z,4.35
1054,20190126T073606Z,1J.TI1A.,"['CH1', 'CH2', 'CHZ']",2019-01-26T07:36:06.570000Z,17.93
1055,20190126T073735Z,1J.TI1A.,"['CH1', 'CH2', 'CHZ']",2019-01-26T07:37:35.300000Z,2.9
1056,20190126T073807Z,1J.TI1A.,"['CH1', 'CH2', 'CHZ']",2019-01-26T07:38:09.420000Z,4.69
1057,20190126T073833Z,1J.TI1A.,"['CH1', 'CH2', 'CHZ']",2019-01-26T07:38:39.030000Z,22.07
1058,20190126T074106Z,1J.TI1A.,"['CH1', 'CH2', 'CHZ']",2019-01-26T07:41:06.210000Z,2.35
1059,20190126T074523Z,1J.TI1A.,"['CH1', 'CH2', 'CHZ']",2019-01-26T07:45:27.440000Z,36.75
1060,20190126T075040Z,1J.TI1A.,"['CH1', 'CH2', 'CHZ']",2019-01-26T07:50:40.340000Z,1.52
1061,20190126T075722Z,1J.TI1A.,"['CH1', 'CH2', 'CHZ']",2019-01-26T07:57:22.670000Z,2.79
1062,20190126T080517Z,1J.TI1A.,"['CH1', 'CH2', 'CHZ']",2019-01-26T08:05:17.820000Z,4.25
1063,20190126T080617Z,1J.TI1A.,"['CH1', 'CH2', 'CHZ']",2019-01-26T08:06:29.270000Z,2.06
1064,20190126T080713Z,1J.TI1A.,"['CH1', 'CH2', 'CHZ']",2019-01-26T08:07:13.310000Z,8.16
1065,20190126T081844Z,1J.TI1A.,"['CH1', 'CH2', 'CHZ']",2019-01-26T08:18:49.670000Z,14.12
1066,20190126T082050Z,1J.TI1A.,"['CH1', 'CH2', 'CHZ']",2019-01-26T08:20:55.310000Z,7.73
1067,20190126T082317Z,1J.TI1A.,"['CH1', 'CH2', 'CHZ']",2019-01-26T08:23:17.140000Z,60.86
1068,20190126T082950Z,1J.TI1A.,"['CH1', 'CH2', 'CHZ']",2019-01-26T08:29:50.740000Z,7.17
1069,20190126T083041Z,1J.TI1A.,"['CH1', 'CH2', 'CHZ']",2019-01-26T08:30:43.720000Z,45.95
1070,20190126T083550Z,1J.TI1A.,"['CH1', 'CH2', 'CHZ']",2019-01-26T08:35:50.860000Z,3.7
1071,20190126T083751Z,1J.TI1A.,"['CH1', 'CH2', 'CHZ']",2019-01-26T08:37:51.860000Z,2.26
1072,20190126T083856Z,1J.TI1A.,"['CH1', 'CH2', 'CHZ']",2019-01-26T08:39:03.390000Z,7.23
1073,20190126T084228Z,1J.TI1A.,"['CH1', 'CH2', 'CHZ']",2019-01-26T08:42:31.040000Z,53.91
1074,20190126T085503Z,1J.TI1A.,"['CH1', 'CH2', 'CHZ']",2019-01-26T08:55:05.000000Z,66.35
1075,20190126T090359Z,1J.TI1A.,"['CH1', 'CH2', 'CHZ']",2019-01-26T09:03:59.080000Z,73.0
1076,20190126T090521Z,1J.TI1A.,"['CH1', 'CH2', 'CHZ']",2019-01-26T09:05:21.200000Z,8.3
1077,20190126T090630Z,1J.TI1A.,"['CH1', 'CH2', 'CHZ']",2019-01-26T09:06:30.450000Z,1.3
1078,20190126T091004Z,1J.TI1A.,"['CH1', 'CH2', 'CHZ']",2019-01-26T09:10:04.600000Z,2.53
1079,20190126T091020Z,1J.TI1A.,"['CH1', 'CH2', 'CHZ']",2019-01-26T09:10:20.420000Z,5.04
1080,20190126T092008Z,1J.TI1A.,"['CH1', 'CH2', 'CHZ']",2019-01-26T09:20:08.170000Z,10.22
1081,20190126T092942Z,1J.TI1A.,"['CH1', 'CH2', 'CHZ']",2019-01-26T09:29:42.650000Z,18.65
1082,20190126T093234Z,1J.TI1A.,"['CH1', 'CH2', 'CHZ']",2019-01-26T09:32:34.970000Z,10.53
1083,20190126T093317Z,1J.TI1A.,"['CH1', 'CH2', 'CHZ']",2019-01-26T09:33:17.970000Z,2.32
1084,20190126T093349Z,1J.TI1A.,"['CH1', 'CH2', 'CHZ']",2019-01-26T09:33:49.320000Z,4.02
1085,20190126T094545Z,1J.TI1A.,"['CH1', 'CH2', 'CHZ']",2019-01-26T09:45:45.160000Z,7.38
1086,20190126T095059Z,1J.TI1A.,"['CH1', 'CH2', 'CHZ']",2019-01-26T09:50:59.200000Z,26.26
1087,20190126T095238Z,1J.TI1A.,"['CH1', 'CH2', 'CHZ']",2019-01-26T09:52:38.770000Z,6.34
1088,20190126T100039Z,1J.TI1A.,"['CH1', 'CH2', 'CHZ']",2019-01-26T10:00:41.610000Z,68.91
1089,20190126T100747Z,1J.TI1A.,"['CH1', 'CH2', 'CHZ']",2019-01-26T10:07:47.750000Z,13.29
1090,20190126T100950Z,1J.TI1A.,"['CH1', 'CH2', 'CHZ']",2019-01-26T10:09:50.080000Z,7.93
1091,20190126T102633Z,1J.TI1A.,"['CH1', 'CH2', 'CHZ']",2019-01-26T10:26:33.600000Z,1.95
1092,20190126T102836Z,1J.TI1A.,"['CH1', 'CH2', 'CHZ']",2019-01-26T10:28:36.460000Z,6.6
1093,20190126T103031Z,1J.TI1A.,"['CH1', 'CH2', 'CHZ']",2019-01-26T10:30:31.140000Z,16.65
1094,20190126T103139Z,1J.TI1A.,"['CH1', 'CH2', 'CHZ']",2019-01-26T10:32:15.030000Z,16.43
1095,20190126T103643Z,1J.TI1A.,"['CH1', 'CH2', 'CHZ']",2019-01-26T10:36:43.440000Z,2.44
1096,20190126T103932Z,1J.TI1A.,"['CH1', 'CH2', 'CHZ']",2019-01-26T10:39:32.220000Z,2.71
1097,20190126T104209Z,1J.TI1A.,"['CH1', 'CH2', 'CHZ']",2019-01-26T10:42:09.730000Z,2.7
1098,20190126T104227Z,1J.TI1A.,"['CH1', 'CH2', 'CHZ']",2019-01-26T10:42:27.840000Z,26.06
1099,20190126T104912Z,1J.TI1A.,"['CH1', 'CH2', 'CHZ']",2019-01-26T10:49:23.040000Z,19.61
1100,20190126T105016Z,1J.TI1A.,"['CH1', 'CH2', 'CHZ']",2019-01-26T10:50:16.620000Z,1.51
1101,20190126T105050Z,1J.TI1A.,"['CH1', 'CH2', 'CHZ']",2019-01-26T10:50:50.370000Z,10.91
1102,20190126T105210Z,1J.TI1A.,"['CH1', 'CH2', 'CHZ']",2019-01-26T10:52:11.820000Z,1.49
1103,20190126T105237Z,1J.TI1A.,"['CH1', 'CH2', 'CHZ']",2019-01-26T10:52:37.300000Z,2.57
1104,20190126T105436Z,1J.TI1A.,"['CH1', 'CH2', 'CHZ']",2019-01-26T10:54:37.820000Z,5.82
1105,20190126T105449Z,1J.TI1A.,"['CH1', 'CH2', 'CHZ']",2019-01-26T10:54:52.660000Z,4.29
1106,20190126T105609Z,1J.TI1A.,"['CH1', 'CH2', 'CHZ']",2019-01-26T10:56:09.620000Z,28.18
1107,20190126T110048Z,1J.TI1A.,"['CH1', 'CH2', 'CHZ']",2019-01-26T11:00:48.800000Z,2.76
1108,20190126T110411Z,1J.TI1A.,"['CH1', 'CH2', 'CHZ']",2019-01-26T11:04:11.630000Z,2.64
1109,20190126T110508Z,1J.TI1A.,"['CH1', 'CH2', 'CHZ']",2019-01-26T11:05:08.410000Z,1.81
1110,20190126T110625Z,1J.TI1A.,"['CH1', 'CH2', 'CHZ']",2019-01-26T11:06:26.840000Z,2.73
1111,20190126T110635Z,1J.TI1A.,"['CH1', 'CH2', 'CHZ']",2019-01-26T11:06:35.020000Z,1.21
1112,20190126T110649Z,1J.TI1A.,"['CH1', 'CH2', 'CHZ']",2019-01-26T11:06:49.520000Z,13.4
1113,20190126T110708Z,1J.TI1A.,"['CH1', 'CH2', 'CHZ']",2019-01-26T11:07:08.230000Z,13.29
1114,20190126T111037Z,1J.TI1A.,"['CH1', 'CH2', 'CHZ']",2019-01-26T11:10:37.320000Z,2.27
1115,20190126T111432Z,1J.TI1A.,"['CH1', 'CH2', 'CHZ']",2019-01-26T11:14:32.390000Z,1.16
1116,20190126T111450Z,1J.TI1A.,"['CH1', 'CH2', 'CHZ']",2019-01-26T11:14:50.450000Z,13.61
1117,20190126T111547Z,1J.TI1A.,"['CH1', 'CH2', 'CHZ']",2019-01-26T11:15:47.940000Z,31.36
1118,20190126T111624Z,1J.TI1A.,"['CH1', 'CH2', 'CHZ']",2019-01-26T11:16:24.750000Z,18.9
1119,20190126T112116Z,1J.TI1A.,"['CH1', 'CH2', 'CHZ']",2019-01-26T11:21:16.750000Z,52.03
1120,20190126T112309Z,1J.TI1A.,"['CH1', 'CH2', 'CHZ']",2019-01-26T11:23:10.900000Z,1.05
1121,20190126T112333Z,1J.TI1A.,"['CH1', 'CH2', 'CHZ']",2019-01-26T11:23:33.540000Z,2.74
1122,20190126T112433Z,1J.TI1A.,"['CH1', 'CH2', 'CHZ']",2019-01-26T11:24:33.350000Z,1.02
1123,20190126T112529Z,1J.TI1A.,"['CH1', 'CH2', 'CHZ']",2019-01-26T11:25:29.680000Z,40.38
1124,20190126T113108Z,1J.TI1A.,"['CH1', 'CH2', 'CHZ']",2019-01-26T11:31:08.380000Z,0.94
1125,20190126T113313Z,1J.TI1A.,"['CH1', 'CH2', 'CHZ']",2019-01-26T11:33:13.210000Z,1.02
1126,20190126T113358Z,1J.TI1A.,"['CH1', 'CH2', 'CHZ']",2019-01-26T11:33:58.600000Z,0.92
1127,20190126T113823Z,1J.TI1A.,"['CH1', 'CH2', 'CHZ']",2019-01-26T11:38:23.920000Z,1.76
1128,20190126T113843Z,1J.TI1A.,"['CH1', 'CH2', 'CHZ']",2019-01-26T11:38:43.460000Z,20.62
1129,20190126T113947Z,1J.TI1A.,"['CH1', 'CH2', 'CHZ']",2019-01-26T11:39:47.080000Z,1.28
1130,20190126T114013Z,1J.TI1A.,"['CH1', 'CH2', 'CHZ']",2019-01-26T11:40:13.990000Z,4.13
1131,20190126T114110Z,1J.TI1A.,"['CH1', 'CH2', 'CHZ']",2019-01-26T11:41:10.430000Z,4.71
1132,20190126T114219Z,1J.TI1A.,"['CH1', 'CH2', 'CHZ']",2019-01-26T11:42:19.170000Z,2.36
1133,20190126T114304Z,1J.TI1A.,"['CH1', 'CH2', 'CHZ']",2019-01-26T11:43:04.780000Z,9.53
1134,20190126T114358Z,1J.TI1A.,"['CH1', 'CH2', 'CHZ']",2019-01-26T11:43:58.340000Z,0.94
1135,20190126T114504Z,1J.TI1A.,"['CH1', 'CH2', 'CHZ']",2019-01-26T11:45:04.550000Z,1.45
1136,20190126T114542Z,1J.TI1A.,"['CH1', 'CH2', 'CHZ']",2019-01-26T11:45:42.300000Z,0.98
1137,20190126T114632Z,1J.TI1A.,"['CH1', 'CH2', 'CHZ']",2019-01-26T11:46:32.450000Z,24.85
1138,20190126T114732Z,1J.TI1A.,"['CH1', 'CH2', 'CHZ']",2019-01-26T11:47:32.000000Z,1.32
1139,20190126T114811Z,1J.TI1A.,"['CH1', 'CH2', 'CHZ']",2019-01-26T11:48:11.140000Z,2.44
1140,20190126T114844Z,1J.TI1A.,"['CH1', 'CH2', 'CHZ']",2019-01-26T11:48:44.890000Z,13.33
1141,20190126T114910Z,1J.TI1A.,"['CH1', 'CH2', 'CHZ']",2019-01-26T11:49:10.650000Z,1.18
1142,20190126T114950Z,1J.TI1A.,"['CH1', 'CH2', 'CHZ']",2019-01-26T11:49:50.060000Z,3.34
1143,20190126T115042Z,1J.TI1A.,"['CH1', 'CH2', 'CHZ']",2019-01-26T11:50:42.130000Z,2.51
1144,20190126T115128Z,1J.TI1A.,"['CH1', 'CH2', 'CHZ']",2019-01-26T11:51:28.360000Z,12.52
1145,20190126T115157Z,1J.TI1A.,"['CH1', 'CH2', 'CHZ']",2019-01-26T11:52:11.320000Z,34.98
1146,20190126T115401Z,1J.TI1A.,"['CH1', 'CH2', 'CHZ']",2019-01-26T11:54:01.390000Z,6.16
1147,20190126T115512Z,1J.TI1A.,"['CH1', 'CH2', 'CHZ']",2019-01-26T11:55:12.490000Z,0.97
1148,20190126T115548Z,1J.TI1A.,"['CH1', 'CH2', 'CHZ']",2019-01-26T11:55:48.330000Z,4.36
1149,20190126T115650Z,1J.TI1A.,"['CH1', 'CH2', 'CHZ']",2019-01-26T11:56:50.690000Z,15.95
1150,20190126T115755Z,1J.TI1A.,"['CH1', 'CH2', 'CHZ']",2019-01-26T11:57:55.590000Z,1.24
1151,20190126T115819Z,1J.TI1A.,"['CH1', 'CH2', 'CHZ']",2019-01-26T11:58:19.200000Z,1.71
1152,20190126T115851Z,1J.TI1A.,"['CH1', 'CH2', 'CHZ']",2019-01-26T11:58:51.710000Z,1.24
1153,20190126T115932Z,1J.TI1A.,"['CH1', 'CH2', 'CHZ']",2019-01-26T11:59:32.970000Z,2.6
1154,20190126T120004Z,1J.TI1A.,"['CH1', 'CH2', 'CHZ']",2019-01-26T12:00:04.640000Z,11.95
1155,20190126T120052Z,1J.TI1A.,"['CH1', 'CH2', 'CHZ']",2019-01-26T12:00:52.720000Z,1.51
1156,20190126T120129Z,1J.TI1A.,"['CH1', 'CH2', 'CHZ']",2019-01-26T12:01:29.760000Z,1.49
1157,20190126T120204Z,1J.TI1A.,"['CH1', 'CH2', 'CHZ']",2019-01-26T12:02:04.590000Z,9.98
1158,20190126T120239Z,1J.TI1A.,"['CH1', 'CH2', 'CHZ']",2019-01-26T12:02:39.100000Z,1.19
1159,20190126T120306Z,1J.TI1A.,"['CH1', 'CH2', 'CHZ']",2019-01-26T12:03:06.320000Z,1.02
1160,20190126T120403Z,1J.TI1A.,"['CH1', 'CH2', 'CHZ']",2019-01-26T12:04:03.200000Z,1.91
1161,20190126T120423Z,1J.TI1A.,"['CH1', 'CH2', 'CHZ']",2019-01-26T12:04:38.530000Z,5.84
1162,20190126T120526Z,1J.TI1A.,"['CH1', 'CH2', 'CHZ']",2019-01-26T12:05:26.700000Z,2.38
1163,20190126T120614Z,1J.TI1A.,"['CH1', 'CH2', 'CHZ']",2019-01-26T12:06:14.300000Z,0.81
1164,20190126T120631Z,1J.TI1A.,"['CH1', 'CH2', 'CHZ']",2019-01-26T12:06:31.800000Z,3.07
1165,20190126T120725Z,1J.TI1A.,"['CH1', 'CH2', 'CHZ']",2019-01-26T12:07:25.900000Z,11.22
1166,20190126T120849Z,1J.TI1A.,"['CH1', 'CH2', 'CHZ']",2019-01-26T12:08:49.480000Z,18.66
1167,20190126T120936Z,1J.TI1A.,"['CH1', 'CH2', 'CHZ']",2019-01-26T12:09:36.680000Z,0.91
1168,20190126T120943Z,1J.TI1A.,"['CH1', 'CH2', 'CHZ']",2019-01-26T12:09:43.140000Z,1.47
1169,20190126T121001Z,1J.TI1A.,"['CH1', 'CH2', 'CHZ']",2019-01-26T12:10:01.990000Z,3.78
1170,20190126T121024Z,1J.TI1A.,"['CH1', 'CH2', 'CHZ']",2019-01-26T12:10:25.050000Z,1.07
1171,20190126T121100Z,1J.TI1A.,"['CH1', 'CH2', 'CHZ']",2019-01-26T12:11:00.880000Z,1.24
1172,20190126T121148Z,1J.TI1A.,"['CH1', 'CH2', 'CHZ']",2019-01-26T12:11:48.780000Z,4.33
1173,20190126T121227Z,1J.TI1A.,"['CH1', 'CH2', 'CHZ']",2019-01-26T12:12:27.650000Z,0.74
1174,20190126T121331Z,1J.TI1A.,"['CH1', 'CH2', 'CHZ']",2019-01-26T12:13:31.310000Z,1.82
1175,20190126T121344Z,1J.TI1A.,"['CH1', 'CH2', 'CHZ']",2019-01-26T12:13:44.210000Z,0.64
1176,20190126T121354Z,1J.TI1A.,"['CH1', 'CH2', 'CHZ']",2019-01-26T12:13:55.780000Z,1.83
1177,20190126T121417Z,1J.TI1A.,"['CH1', 'CH2', 'CHZ']",2019-01-26T12:14:17.510000Z,54.42
1178,20190126T121730Z,1J.TI1A.,"['CH1', 'CH2', 'CHZ']",2019-01-26T12:17:30.320000Z,7.94
1179,20190126T121814Z,1J.TI1A.,"['CH1', 'CH2', 'CHZ']",2019-01-26T12:18:14.180000Z,1.32
1180,20190126T121844Z,1J.TI1A.,"['CH1', 'CH2', 'CHZ']",2019-01-26T12:18:44.960000Z,1.08
1181,20190126T121901Z,1J.TI1A.,"['CH1', 'CH2', 'CHZ']",2019-01-26T12:19:01.640000Z,1.28
1182,20190126T121936Z,1J.TI1A.,"['CH1', 'CH2', 'CHZ']",2019-01-26T12:19:36.450000Z,1.74
1183,20190126T122015Z,1J.TI1A.,"['CH1', 'CH2', 'CHZ']",2019-01-26T12:20:15.210000Z,4.13
1184,20190126T122028Z,1J.TI1A.,"['CH1', 'CH2', 'CHZ']",2019-01-26T12:20:28.070000Z,8.93
1185,20190126T122157Z,1J.TI1A.,"['CH1', 'CH2', 'CHZ']",2019-01-26T12:21:57.040000Z,1.38
1186,20190126T122234Z,1J.TI1A.,"['CH1', 'CH2', 'CHZ']",2019-01-26T12:22:34.210000Z,2.83
1187,20190126T122421Z,1J.TI1A.,"['CH1', 'CH2', 'CHZ']",2019-01-26T12:24:21.000000Z,1.03
1188,20190126T122438Z,1J.TI1A.,"['CH1', 'CH2', 'CHZ']",2019-01-26T12:24:38.970000Z,2.04
1189,20190126T122445Z,1J.TI1A.,"['CH1', 'CH2', 'CHZ']",2019-01-26T12:24:46.490000Z,7.0
1190,20190126T122510Z,1J.TI1A.,"['CH1', 'CH2', 'CHZ']",2019-01-26T12:25:10.560000Z,5.46
1191,20190126T122536Z,1J.TI1A.,"['CH1', 'CH2', 'CHZ']",2019-01-26T12:25:36.060000Z,1.42
1192,20190126T122608Z,1J.TI1A.,"['CH1', 'CH2', 'CHZ']",2019-01-26T12:26:08.620000Z,1.27
1193,20190126T122624Z,1J.TI1A.,"['CH1', 'CH2', 'CHZ']",2019-01-26T12:26:24.060000Z,1.5
1194,20190126T122734Z,1J.TI1A.,"['CH1', 'CH2', 'CHZ']",2019-01-26T12:27:34.350000Z,6.68
1195,20190126T122820Z,1J.TI1A.,"['CH1', 'CH2', 'CHZ']",2019-01-26T12:28:20.540000Z,1.14
1196,20190126T122828Z,1J.TI1A.,"['CH1', 'CH2', 'CHZ']",2019-01-26T12:28:28.290000Z,13.24
1197,20190126T122857Z,1J.TI1A.,"['CH1', 'CH2', 'CHZ']",2019-01-26T12:28:57.450000Z,1.88
1198,20190126T122937Z,1J.TI1A.,"['CH1', 'CH2', 'CHZ']",2019-01-26T12:29:37.530000Z,1.65
1199,20190126T123035Z,1J.TI1A.,"['CH1', 'CH2', 'CHZ']",2019-01-26T12:30:36.020000Z,10.9
1200,20190126T123528Z,1J.TI1A.,"['CH1', 'CH2', 'CHZ']",2019-01-26T12:35:28.820000Z,25.3
1201,20190126T123710Z,1J.TI1A.,"['CH1', 'CH2', 'CHZ']",2019-01-26T12:37:10.810000Z,4.69
1202,20190126T123748Z,1J.TI1A.,"['CH1', 'CH2', 'CHZ']",2019-01-26T12:37:48.640000Z,2.05
1203,20190126T123831Z,1J.TI1A.,"['CH1', 'CH2', 'CHZ']",2019-01-26T12:38:31.830000Z,2.27
1204,20190126T123914Z,1J.TI1A.,"['CH1', 'CH2', 'CHZ']",2019-01-26T12:39:14.090000Z,1.38
1205,20190126T124001Z,1J.TI1A.,"['CH1', 'CH2', 'CHZ']",2019-01-26T12:40:01.710000Z,1.0
1206,20190126T124148Z,1J.TI1A.,"['CH1', 'CH2', 'CHZ']",2019-01-26T12:41:48.700000Z,5.14
1207,20190126T124232Z,1J.TI1A.,"['CH1', 'CH2', 'CHZ']",2019-01-26T12:42:32.180000Z,25.25
1208,20190126T124525Z,1J.TI1A.,"['CH1', 'CH2', 'CHZ']",2019-01-26T12:45:25.200000Z,3.24
1209,20190126T124630Z,1J.TI1A.,"['CH1', 'CH2', 'CHZ']",2019-01-26T12:46:30.400000Z,2.86
1210,20190126T124855Z,1J.TI1A.,"['CH1', 'CH2', 'CHZ']",2019-01-26T12:48:55.550000Z,5.44
1211,20190126T124926Z,1J.TI1A.,"['CH1', 'CH2', 'CHZ']",2019-01-26T12:49:27.620000Z,25.33
1212,20190126T125133Z,1J.TI1A.,"['CH1', 'CH2', 'CHZ']",2019-01-26T12:51:33.420000Z,3.18
1213,20190126T125321Z,1J.TI1A.,"['CH1', 'CH2', 'CHZ']",2019-01-26T12:53:21.070000Z,3.82
1214,20190126T125335Z,1J.TI1A.,"['CH1', 'CH2', 'CHZ']",2019-01-26T12:53:35.610000Z,3.84
1215,20190126T125350Z,1J.TI1A.,"['CH1', 'CH2', 'CHZ']",2019-01-26T12:53:50.180000Z,2.54
1216,20190126T125404Z,1J.TI1A.,"['CH1', 'CH2', 'CHZ']",2019-01-26T12:54:04.380000Z,8.65
1217,20190126T125752Z,1J.TI1A.,"['CH1', 'CH2', 'CHZ']",2019-01-26T12:57:52.690000Z,3.57
1218,20190126T125819Z,1J.TI1A.,"['CH1', 'CH2', 'CHZ']",2019-01-26T12:58:19.050000Z,4.58
1219,20190126T130029Z,1J.TI1A.,"['CH1', 'CH2', 'CHZ']",2019-01-26T13:00:31.070000Z,2.61
1220,20190126T130057Z,1J.TI1A.,"['CH1', 'CH2', 'CHZ']",2019-01-26T13:00:57.980000Z,1.02
1221,20190126T130108Z,1J.TI1A.,"['CH1', 'CH2', 'CHZ']",2019-01-26T13:01:08.960000Z,3.05
1222,20190126T130332Z,1J.TI1A.,"['CH1', 'CH2', 'CHZ']",2019-01-26T13:03:32.440000Z,3.58
1223,20190126T130354Z,1J.TI1A.,"['CH1', 'CH2', 'CHZ']",2019-01-26T13:03:54.200000Z,6.37
1224,20190126T130453Z,1J.TI1A.,"['CH1', 'CH2', 'CHZ']",2019-01-26T13:04:54.490000Z,2.7
1225,20190126T130505Z,1J.TI1A.,"['CH1', 'CH2', 'CHZ']",2019-01-26T13:05:05.850000Z,4.31
1226,20190126T130546Z,1J.TI1A.,"['CH1', 'CH2', 'CHZ']",2019-01-26T13:05:46.030000Z,1.46
1227,20190126T130611Z,1J.TI1A.,"['CH1', 'CH2', 'CHZ']",2019-01-26T13:06:11.220000Z,4.24
1228,20190126T130742Z,1J.TI1A.,"['CH1', 'CH2', 'CHZ']",2019-01-26T13:07:42.240000Z,1.49
1229,20190126T130749Z,1J.TI1A.,"['CH1', 'CH2', 'CHZ']",2019-01-26T13:07:49.720000Z,2.29
1230,20190126T130829Z,1J.TI1A.,"['CH1', 'CH2', 'CHZ']",2019-01-26T13:08:29.720000Z,1.52
1231,20190126T130859Z,1J.TI1A.,"['CH1', 'CH2', 'CHZ']",2019-01-26T13:08:59.940000Z,1.43
1232,20190126T130919Z,1J.TI1A.,"['CH1', 'CH2', 'CHZ']",2019-01-26T13:09:19.370000Z,7.42
1233,20190126T131052Z,1J.TI1A.,"['CH1', 'CH2', 'CHZ']",2019-01-26T13:10:52.120000Z,3.12
1234,20190126T131138Z,1J.TI1A.,"['CH1', 'CH2', 'CHZ']",2019-01-26T13:11:38.100000Z,1.79
1235,20190126T131208Z,1J.TI1A.,"['CH1', 'CH2', 'CHZ']",2019-01-26T13:12:08.050000Z,1.54
1236,20190126T131219Z,1J.TI1A.,"['CH1', 'CH2', 'CHZ']",2019-01-26T13:12:19.060000Z,1.18
1237,20190126T131240Z,1J.TI1A.,"['CH1', 'CH2', 'CHZ']",2019-01-26T13:12:40.720000Z,46.48
1238,20190126T131510Z,1J.TI1A.,"['CH1', 'CH2', 'CHZ']",2019-01-26T13:15:10.260000Z,1.65
1239,20190126T131553Z,1J.TI1A.,"['CH1', 'CH2', 'CHZ']",2019-01-26T13:15:55.020000Z,2.62
1240,20190126T131616Z,1J.TI1A.,"['CH1', 'CH2', 'CHZ']",2019-01-26T13:16:16.560000Z,6.38
1241,20190126T131734Z,1J.TI1A.,"['CH1', 'CH2', 'CHZ']",2019-01-26T13:17:34.060000Z,1.05
1242,20190126T131757Z,1J.TI1A.,"['CH1', 'CH2', 'CHZ']",2019-01-26T13:17:57.180000Z,9.54
1243,20190126T131838Z,1J.TI1A.,"['CH1', 'CH2', 'CHZ']",2019-01-26T13:18:40.620000Z,6.73
1244,20190126T132013Z,1J.TI1A.,"['CH1', 'CH2', 'CHZ']",2019-01-26T13:20:14.080000Z,4.21
1245,20190126T132128Z,1J.TI1A.,"['CH1', 'CH2', 'CHZ']",2019-01-26T13:21:28.300000Z,1.67
1246,20190126T132218Z,1J.TI1A.,"['CH1', 'CH2', 'CHZ']",2019-01-26T13:22:18.960000Z,7.92
1247,20190126T132232Z,1J.TI1A.,"['CH1', 'CH2', 'CHZ']",2019-01-26T13:22:32.420000Z,2.12
1248,20190126T132315Z,1J.TI1A.,"['CH1', 'CH2', 'CHZ']",2019-01-26T13:23:15.810000Z,1.17
1249,20190126T132328Z,1J.TI1A.,"['CH1', 'CH2', 'CHZ']",2019-01-26T13:23:28.880000Z,1.5
1250,20190126T132340Z,1J.TI1A.,"['CH1', 'CH2', 'CHZ']",2019-01-26T13:23:41.810000Z,5.13
1251,20190126T132356Z,1J.TI1A.,"['CH1', 'CH2', 'CHZ']",2019-01-26T13:23:56.060000Z,2.48
1252,20190126T132411Z,1J.TI1A.,"['CH1', 'CH2', 'CHZ']",2019-01-26T13:24:11.180000Z,13.29
1253,20190126T132544Z,1J.TI1A.,"['CH1', 'CH2', 'CHZ']",2019-01-26T13:25:44.250000Z,1.41
1254,20190126T132614Z,1J.TI1A.,"['CH1', 'CH2', 'CHZ']",2019-01-26T13:26:14.550000Z,6.47
1255,20190126T132703Z,1J.TI1A.,"['CH1', 'CH2', 'CHZ']",2019-01-26T13:27:03.240000Z,4.48
1256,20190126T132746Z,1J.TI1A.,"['CH1', 'CH2', 'CHZ']",2019-01-26T13:27:46.950000Z,0.91
1257,20190126T132801Z,1J.TI1A.,"['CH1', 'CH2', 'CHZ']",2019-01-26T13:28:01.450000Z,1.52
1258,20190126T132819Z,1J.TI1A.,"['CH1', 'CH2', 'CHZ']",2019-01-26T13:28:19.850000Z,2.82
1259,20190126T132839Z,1J.TI1A.,"['CH1', 'CH2', 'CHZ']",2019-01-26T13:28:39.640000Z,2.58
1260,20190126T133000Z,1J.TI1A.,"['CH1', 'CH2', 'CHZ']",2019-01-26T13:30:00.710000Z,3.37
1261,20190126T133017Z,1J.TI1A.,"['CH1', 'CH2', 'CHZ']",2019-01-26T13:30:17.010000Z,1.89
1262,20190126T133040Z,1J.TI1A.,"['CH1', 'CH2', 'CHZ']",2019-01-26T13:30:40.770000Z,5.15
1263,20190126T133107Z,1J.TI1A.,"['CH1', 'CH2', 'CHZ']",2019-01-26T13:31:08.140000Z,1.28
1264,20190126T133201Z,1J.TI1A.,"['CH1', 'CH2', 'CHZ']",2019-01-26T13:32:01.770000Z,3.22
1265,20190126T133216Z,1J.TI1A.,"['CH1', 'CH2', 'CHZ']",2019-01-26T13:32:16.770000Z,4.53
1266,20190126T133247Z,1J.TI1A.,"['CH1', 'CH2', 'CHZ']",2019-01-26T13:32:47.670000Z,0.97
1267,20190126T133300Z,1J.TI1A.,"['CH1', 'CH2', 'CHZ']",2019-01-26T13:33:00.560000Z,5.42
1268,20190126T133335Z,1J.TI1A.,"['CH1', 'CH2', 'CHZ']",2019-01-26T13:33:35.560000Z,1.42
1269,20190126T133450Z,1J.TI1A.,"['CH1', 'CH2', 'CHZ']",2019-01-26T13:34:51.220000Z,50.64
1270,20190126T133730Z,1J.TI1A.,"['CH1', 'CH2', 'CHZ']",2019-01-26T13:37:30.310000Z,9.47
1271,20190126T133832Z,1J.TI1A.,"['CH1', 'CH2', 'CHZ']",2019-01-26T13:38:32.060000Z,3.44
1272,20190126T133902Z,1J.TI1A.,"['CH1', 'CH2', 'CHZ']",2019-01-26T13:39:02.590000Z,3.62
1273,20190126T133929Z,1J.TI1A.,"['CH1', 'CH2', 'CHZ']",2019-01-26T13:39:29.040000Z,1.33
1274,20190126T133949Z,1J.TI1A.,"['CH1', 'CH2', 'CHZ']",2019-01-26T13:39:49.090000Z,2.57
1275,20190126T134009Z,1J.TI1A.,"['CH1', 'CH2', 'CHZ']",2019-01-26T13:40:09.920000Z,1.87
1276,20190126T134020Z,1J.TI1A.,"['CH1', 'CH2', 'CHZ']",2019-01-26T13:40:21.220000Z,5.98
1277,20190126T134041Z,1J.TI1A.,"['CH1', 'CH2', 'CHZ']",2019-01-26T13:40:41.550000Z,2.74
1278,20190126T134136Z,1J.TI1A.,"['CH1', 'CH2', 'CHZ']",2019-01-26T13:41:36.250000Z,3.17
1279,20190126T134218Z,1J.TI1A.,"['CH1', 'CH2', 'CHZ']",2019-01-26T13:42:18.650000Z,12.73
1280,20190126T134301Z,1J.TI1A.,"['CH1', 'CH2', 'CHZ']",2019-01-26T13:43:01.810000Z,1.4
1281,20190126T134425Z,1J.TI1A.,"['CH1', 'CH2', 'CHZ']",2019-01-26T13:44:25.070000Z,2.33
1282,20190126T134944Z,1J.TI1A.,"['CH1', 'CH2', 'CHZ']",2019-01-26T13:49:44.640000Z,2.13
1283,20190126T134952Z,1J.TI1A.,"['CH1', 'CH2', 'CHZ']",2019-01-26T13:49:52.240000Z,0.8
1284,20190126T135014Z,1J.TI1A.,"['CH1', 'CH2', 'CHZ']",2019-01-26T13:50:15.380000Z,10.86
1285,20190126T135053Z,1J.TI1A.,"['CH1', 'CH2', 'CHZ']",2019-01-26T13:50:53.450000Z,1.7
1286,20190126T135519Z,1J.TI1A.,"['CH1', 'CH2', 'CHZ']",2019-01-26T13:55:19.990000Z,1.44
1287,20190126T135925Z,1J.TI1A.,"['CH1', 'CH2', 'CHZ']",2019-01-26T13:59:25.010000Z,16.48
1288,20190126T140420Z,1J.TI1A.,"['CH1', 'CH2', 'CHZ']",2019-01-26T14:04:20.130000Z,5.54
1289,20190126T142452Z,1J.TI1A.,"['CH1', 'CH2', 'CHZ']",2019-01-26T14:24:52.810000Z,20.51
1290,20190126T143141Z,1J.TI1A.,"['CH1', 'CH2', 'CHZ']",2019-01-26T14:31:41.150000Z,25.05
1291,20190126T143515Z,1J.TI1A.,"['CH1', 'CH2', 'CHZ']",2019-01-26T14:35:15.150000Z,19.59
1292,20190126T150817Z,1J.TI1A.,"['CH1', 'CH2', 'CHZ']",2019-01-26T15:08:17.310000Z,13.25
1293,20190126T151159Z,1J.TI1A.,"['CH1', 'CH2', 'CHZ']",2019-01-26T15:11:59.590000Z,3.57
1294,20190126T151646Z,1J.TI1A.,"['CH1', 'CH2', 'CHZ']",2019-01-26T15:16:49.350000Z,20.98
1295,20190126T152144Z,1J.TI1A.,"['CH1', 'CH2', 'CHZ']",2019-01-26T15:21:44.310000Z,5.64
1296,20190126T152401Z,1J.TI1A.,"['CH1', 'CH2', 'CHZ']",2019-01-26T15:24:01.210000Z,7.87
1297,20190126T152522Z,1J.TI1A.,"['CH1', 'CH2', 'CHZ']",2019-01-26T15:25:22.030000Z,14.56
1298,20190126T152545Z,1J.TI1A.,"['CH1', 'CH2', 'CHZ']",2019-01-26T15:25:45.960000Z,11.1
1299,20190126T154332Z,1J.TI1A.,"['CH1', 'CH2', 'CHZ']",2019-01-26T15:43:32.010000Z,32.75
1300,20190126T160219Z,1J.TI1A.,"['CH1', 'CH2', 'CHZ']",2019-01-26T16:02:19.570000Z,16.46
1301,20190126T160349Z,1J.TI1A.,"['CH1', 'CH2', 'CHZ']",2019-01-26T16:03:49.300000Z,15.51
1302,20190126T160458Z,1J.TI1A.,"['CH1', 'CH2', 'CHZ']",2019-01-26T16:04:58.330000Z,20.01
1303,20190126T160636Z,1J.TI1A.,"['CH1', 'CH2', 'CHZ']",2019-01-26T16:06:36.530000Z,3.32
1304,20190126T160858Z,1J.TI1A.,"['CH1', 'CH2', 'CHZ']",2019-01-26T16:08:58.570000Z,16.91
1305,20190126T160927Z,1J.TI1A.,"['CH1', 'CH2', 'CHZ']",2019-01-26T16:09:30.940000Z,40.96
1306,20190126T161415Z,1J.TI1A.,"['CH1', 'CH2', 'CHZ']",2019-01-26T16:14:15.590000Z,29.92
1307,20190126T162722Z,1J.TI1A.,"['CH1', 'CH2', 'CHZ']",2019-01-26T16:27:24.430000Z,32.28
1308,20190126T162853Z,1J.TI1A.,"['CH1', 'CH2', 'CHZ']",2019-01-26T16:29:03.390000Z,21.12
1309,20190126T165158Z,1J.TI1A.,"['CH1', 'CH2', 'CHZ']",2019-01-26T16:51:58.140000Z,2.72
1310,20190126T165351Z,1J.TI1A.,"['CH1', 'CH2', 'CHZ']",2019-01-26T16:53:53.740000Z,19.87
1311,20190126T170949Z,1J.TI1A.,"['CH1', 'CH2', 'CHZ']",2019-01-26T17:09:49.970000Z,2.68
1312,20190126T171452Z,1J.TI1A.,"['CH1', 'CH2', 'CHZ']",2019-01-26T17:15:01.460000Z,10.13
1313,20190126T171611Z,1J.TI1A.,"['CH1', 'CH2', 'CHZ']",2019-01-26T17:16:11.950000Z,12.51
1314,20190126T171747Z,1J.TI1A.,"['CH1', 'CH2', 'CHZ']",2019-01-26T17:17:47.830000Z,22.1
1315,20190126T171956Z,1J.TI1A.,"['CH1', 'CH2', 'CHZ']",2019-01-26T17:19:56.470000Z,3.19
1316,20190126T172338Z,1J.TI1A.,"['CH1', 'CH2', 'CHZ']",2019-01-26T17:23:38.150000Z,6.18
1317,20190126T172917Z,1J.TI1A.,"['CH1', 'CH2', 'CHZ']",2019-01-26T17:29:17.120000Z,28.07
1318,20190126T173618Z,1J.TI1A.,"['CH1', 'CH2', 'CHZ']",2019-01-26T17:36:22.900000Z,47.87
1319,20190126T173754Z,1J.TI1A.,"['CH1', 'CH2', 'CHZ']",2019-01-26T17:37:54.690000Z,7.3
1320,20190126T175940Z,1J.TI1A.,"['CH1', 'CH2', 'CHZ']",2019-01-26T17:59:40.270000Z,10.57
1321,20190126T180145Z,1J.TI1A.,"['CH1', 'CH2', 'CHZ']",2019-01-26T18:01:52.560000Z,14.28
1322,20190126T180311Z,1J.TI1A.,"['CH1', 'CH2', 'CHZ']",2019-01-26T18:03:12.430000Z,1.64
1323,20190126T180354Z,1J.TI1A.,"['CH1', 'CH2', 'CHZ']",2019-01-26T18:03:55.670000Z,16.75
1324,20190126T180829Z,1J.TI1A.,"['CH1', 'CH2', 'CHZ']",2019-01-26T18:08:29.600000Z,19.62
1325,20190126T180904Z,1J.TI1A.,"['CH1', 'CH2', 'CHZ']",2019-01-26T18:09:04.170000Z,15.28
1326,20190126T181336Z,1J.TI1A.,"['CH1', 'CH2', 'CHZ']",2019-01-26T18:13:40.430000Z,21.3
1327,20190126T182326Z,1J.TI1A.,"['CH1', 'CH2', 'CHZ']",2019-01-26T18:23:26.390000Z,21.36
1328,20190126T183356Z,1J.TI1A.,"['CH1', 'CH2', 'CHZ']",2019-01-26T18:33:57.160000Z,23.84
1329,20190126T183421Z,1J.TI1A.,"['CH1', 'CH2', 'CHZ']",2019-01-26T18:34:30.310000Z,13.53
1330,20190126T185103Z,1J.TI1A.,"['CH1', 'CH2', 'CHZ']",2019-01-26T18:51:03.590000Z,10.91
1331,20190126T185635Z,1J.TI1A.,"['CH1', 'CH2', 'CHZ']",2019-01-26T18:56:35.300000Z,10.29
1332,20190126T185908Z,1J.TI1A.,"['CH1', 'CH2', 'CHZ']",2019-01-26T18:59:31.000000Z,19.5
1333,20190126T190442Z,1J.TI1A.,"['CH1', 'CH2', 'CHZ']",2019-01-26T19:04:45.060000Z,11.7
1334,20190126T190510Z,1J.TI1A.,"['CH1', 'CH2', 'CHZ']",2019-01-26T19:05:16.860000Z,16.49
1335,20190126T192105Z,1J.TI1A.,"['CH1', 'CH2', 'CHZ']",2019-01-26T19:21:05.590000Z,20.69
1336,20190126T194358Z,1J.TI1A.,"['CH1', 'CH2', 'CHZ']",2019-01-26T19:43:58.420000Z,11.71
1337,20190126T195604Z,1J.TI1A.,"['CH1', 'CH2', 'CHZ']",2019-01-26T19:56:04.120000Z,19.87
1338,20190126T200102Z,1J.TI1A.,"['CH1', 'CH2', 'CHZ']",2019-01-26T20:01:05.780000Z,30.67
1339,20190126T200343Z,1J.TI1A.,"['CH1', 'CH2', 'CHZ']",2019-01-26T20:03:45.950000Z,33.81
1340,20190126T200532Z,1J.TI1A.,"['CH1', 'CH2', 'CHZ']",2019-01-26T20:05:32.460000Z,2.2
1341,20190126T200607Z,1J.TI1A.,"['CH1', 'CH2', 'CHZ']",2019-01-26T20:06:07.260000Z,22.99
1342,20190126T201238Z,1J.TI1A.,"['CH1', 'CH2', 'CHZ']",2019-01-26T20:12:42.600000Z,6.42
1343,20190126T201402Z,1J.TI1A.,"['CH1', 'CH2', 'CHZ']",2019-01-26T20:14:02.410000Z,16.08
1344,20190126T201526Z,1J.TI1A.,"['CH1', 'CH2', 'CHZ']",2019-01-26T20:15:36.220000Z,33.61
1345,20190126T202208Z,1J.TI1A.,"['CH1', 'CH2', 'CHZ']",2019-01-26T20:22:08.090000Z,7.69
1346,20190126T203014Z,1J.TI1A.,"['CH1', 'CH2', 'CHZ']",2019-01-26T20:30:16.150000Z,23.84
1347,20190126T203110Z,1J.TI1A.,"['CH1', 'CH2', 'CHZ']",2019-01-26T20:31:11.180000Z,13.5
1348,20190126T203657Z,1J.TI1A.,"['CH1', 'CH2', 'CHZ']",2019-01-26T20:36:58.170000Z,6.03
1349,20190126T204304Z,1J.TI1A.,"['CH1', 'CH2', 'CHZ']",2019-01-26T20:43:04.750000Z,20.16
1350,20190126T204334Z,1J.TI1A.,"['CH1', 'CH2', 'CHZ']",2019-01-26T20:43:34.930000Z,5.8
1351,20190126T204634Z,1J.TI1A.,"['CH1', 'CH2', 'CHZ']",2019-01-26T20:46:34.070000Z,43.92
1352,20190126T205236Z,1J.TI1A.,"['CH1', 'CH2', 'CHZ']",2019-01-26T20:52:36.490000Z,42.69
1353,20190126T210129Z,1J.TI1A.,"['CH1', 'CH2', 'CHZ']",2019-01-26T21:01:29.880000Z,16.89
1354,20190126T210419Z,1J.TI1A.,"['CH1', 'CH2', 'CHZ']",2019-01-26T21:04:19.180000Z,18.46
1355,20190126T210548Z,1J.TI1A.,"['CH1', 'CH2', 'CHZ']",2019-01-26T21:05:49.360000Z,3.09
1356,20190126T211542Z,1J.TI1A.,"['CH1', 'CH2', 'CHZ']",2019-01-26T21:15:44.470000Z,9.5
1357,20190126T211935Z,1J.TI1A.,"['CH1', 'CH2', 'CHZ']",2019-01-26T21:19:35.330000Z,20.08
1358,20190126T212030Z,1J.TI1A.,"['CH1', 'CH2', 'CHZ']",2019-01-26T21:20:30.170000Z,13.13
1359,20190126T212158Z,1J.TI1A.,"['CH1', 'CH2', 'CHZ']",2019-01-26T21:21:58.080000Z,3.79
1360,20190126T213243Z,1J.TI1A.,"['CH1', 'CH2', 'CHZ']",2019-01-26T21:32:50.260000Z,5.56
1361,20190126T213451Z,1J.TI1A.,"['CH1', 'CH2', 'CHZ']",2019-01-26T21:34:51.010000Z,21.82
1362,20190126T213714Z,1J.TI1A.,"['CH1', 'CH2', 'CHZ']",2019-01-26T21:37:14.070000Z,10.57
1363,20190126T213909Z,1J.TI1A.,"['CH1', 'CH2', 'CHZ']",2019-01-26T21:39:09.510000Z,3.25
1364,20190126T214132Z,1J.TI1A.,"['CH1', 'CH2', 'CHZ']",2019-01-26T21:41:32.960000Z,2.98
1365,20190126T214659Z,1J.TI1A.,"['CH1', 'CH2', 'CHZ']",2019-01-26T21:47:04.450000Z,30.6
1366,20190126T214829Z,1J.TI1A.,"['CH1', 'CH2', 'CHZ']",2019-01-26T21:48:29.620000Z,6.98
1367,20190126T215005Z,1J.TI1A.,"['CH1', 'CH2', 'CHZ']",2019-01-26T21:50:05.360000Z,2.04
1368,20190126T215246Z,1J.TI1A.,"['CH1', 'CH2', 'CHZ']",2019-01-26T21:52:46.590000Z,12.42
1369,20190126T215428Z,1J.TI1A.,"['CH1', 'CH2', 'CHZ']",2019-01-26T21:54:30.750000Z,17.43
1370,20190126T223102Z,1J.TI1A.,"['CH1', 'CH2', 'CHZ']",2019-01-26T22:31:02.840000Z,9.13
1371,20190126T223126Z,1J.TI1A.,"['CH1', 'CH2', 'CHZ']",2019-01-26T22:31:33.320000Z,14.01
1372,20190126T223803Z,1J.TI1A.,"['CH1', 'CH2', 'CHZ']",2019-01-26T22:38:05.590000Z,9.19
1373,20190126T224551Z,1J.TI1A.,"['CH1', 'CH2', 'CHZ']",2019-01-26T22:46:18.680000Z,0.92
1374,20190126T224733Z,1J.TI1A.,"['CH1', 'CH2', 'CHZ']",2019-01-26T22:47:33.380000Z,6.56
1375,20190126T225641Z,1J.TI1A.,"['CH1', 'CH2', 'CHZ']",2019-01-26T22:56:41.820000Z,1.48
1376,20190126T225724Z,1J.TI1A.,"['CH1', 'CH2', 'CHZ']",2019-01-26T22:57:24.190000Z,1.81
1377,20190126T225749Z,1J.TI1A.,"['CH1', 'CH2', 'CHZ']",2019-01-26T22:57:49.250000Z,9.25
1378,20190126T225853Z,1J.TI1A.,"['CH1', 'CH2', 'CHZ']",2019-01-26T22:58:53.770000Z,2.42
1379,20190126T225946Z,1J.TI1A.,"['CH1', 'CH2', 'CHZ']",2019-01-26T22:59:46.160000Z,2.07
1380,20190126T230141Z,1J.TI1A.,"['CH1', 'CH2', 'CHZ']",2019-01-26T23:01:41.180000Z,4.12
1381,20190126T230338Z,1J.TI1A.,"['CH1', 'CH2', 'CHZ']",2019-01-26T23:03:38.420000Z,28.88
1382,20190126T230605Z,1J.TI1A.,"['CH1', 'CH2', 'CHZ']",2019-01-26T23:06:06.170000Z,8.3
1383,20190126T230819Z,1J.TI1A.,"['CH1', 'CH2', 'CHZ']",2019-01-26T23:08:19.340000Z,20.44
1384,20190126T231506Z,1J.TI1A.,"['CH1', 'CH2', 'CHZ']",2019-01-26T23:16:29.690000Z,1.74
1385,20190126T231838Z,1J.TI1A.,"['CH1', 'CH2', 'CHZ']",2019-01-26T23:18:38.290000Z,1.63
1386,20190126T232109Z,1J.TI1A.,"['CH1', 'CH2', 'CHZ']",2019-01-26T23:21:31.920000Z,3.92
1387,20190126T232635Z,1J.TI1A.,"['CH1', 'CH2', 'CHZ']",2019-01-26T23:26:35.470000Z,2.69
1388,20190126T232918Z,1J.TI1A.,"['CH1', 'CH2', 'CHZ']",2019-01-26T23:29:18.540000Z,3.26
1389,20190126T233010Z,1J.TI1A.,"['CH1', 'CH2', 'CHZ']",2019-01-26T23:30:10.170000Z,0.88
1390,20190126T233737Z,1J.TI1A.,"['CH1', 'CH2', 'CHZ']",2019-01-26T23:37:48.630000Z,1.51
1391,20190126T234133Z,1J.TI1A.,"['CH1', 'CH2', 'CHZ']",2019-01-26T23:41:34.200000Z,2.33
1392,20190126T234241Z,1J.TI1A.,"['CH1', 'CH2', 'CHZ']",2019-01-26T23:42:41.120000Z,1.15
1393,20190126T234731Z,1J.TI1A.,"['CH1', 'CH2', 'CHZ']",2019-01-26T23:47:32.620000Z,3.87
1394,20190126T234950Z,1J.TI1A.,"['CH1', 'CH2', 'CHZ']",2019-01-26T23:49:50.090000Z,2.88
1395,20190126T235045Z,1J.TI1A.,"['CH1', 'CH2', 'CHZ']",2019-01-26T23:50:49.340000Z,5.23
1396,20190126T235300Z,1J.TI1A.,"['CH1', 'CH2', 'CHZ']",2019-01-26T23:53:00.920000Z,4.02
1397,20190126T235631Z,1J.TI1A.,"['CH1', 'CH2', 'CHZ']",2019-01-26T23:56:31.820000Z,5.51
1398,20190126T235926Z,1J.TI1A.,"['CH1', 'CH2', 'CHZ']",2019-01-26T23:59:26.950000Z,1.77
1399,20190126T235933Z,1J.TI1A.,"['CH1', 'CH2', 'CHZ']",2019-01-27T00:00:03.610000Z,2.05
