,event_id,station,components,time,duration
0,20190119T000647Z,1J.TI4A.,"['CH1', 'CH2', 'CHZ']",2019-01-19T00:06:47.330000Z,9.26
1,20190119T000703Z,1J.TI4A.,"['CH1', 'CH2', 'CHZ']",2019-01-19T00:07:03.400000Z,44.91
2,20190119T001004Z,1J.TI4A.,"['CH1', 'CH2', 'CHZ']",2019-01-19T00:10:04.350000Z,7.99
3,20190119T001231Z,1J.TI4A.,"['CH1', 'CH2', 'CHZ']",2019-01-19T00:12:42.070000Z,6.08
4,20190119T001432Z,1J.TI4A.,"['CH1', 'CH2', 'CHZ']",2019-01-19T00:14:46.770000Z,22.44
5,20190119T001715Z,1J.TI4A.,"['CH1', 'CH2', 'CHZ']",2019-01-19T00:17:15.680000Z,14.28
6,20190119T002348Z,1J.TI4A.,"['CH1', 'CH2', 'CHZ']",2019-01-19T00:23:48.810000Z,4.68
7,20190119T002830Z,1J.TI4A.,"['CH1', 'CH2', 'CHZ']",2019-01-19T00:28:34.270000Z,17.85
8,20190119T003331Z,1J.TI4A.,"['CH1', 'CH2', 'CHZ']",2019-01-19T00:33:45.570000Z,21.48
9,20190119T004120Z,1J.TI4A.,"['CH1', 'CH2', 'CHZ']",2019-01-19T00:41:27.360000Z,17.19
10,20190119T004931Z,1J.TI4A.,"['CH1', 'CH2', 'CHZ']",2019-01-19T00:49:31.460000Z,9.61
11,20190119T005302Z,1J.TI4A.,"['CH1', 'CH2', 'CHZ']",2019-01-19T00:53:02.370000Z,7.18
12,20190119T005324Z,1J.TI4A.,"['CH1', 'CH2', 'CHZ']",2019-01-19T00:53:24.200000Z,11.43
13,20190119T005439Z,1J.TI4A.,"['CH1', 'CH2', 'CHZ']",2019-01-19T00:54:39.460000Z,2.38
14,20190119T010303Z,1J.TI4A.,"['CH1', 'CH2', 'CHZ']",2019-01-19T01:03:03.790000Z,34.53
15,20190119T011739Z,1J.TI4A.,"['CH1', 'CH2', 'CHZ']",2019-01-19T01:17:45.880000Z,49.69
16,20190119T012605Z,1J.TI4A.,"['CH1', 'CH2', 'CHZ']",2019-01-19T01:26:05.040000Z,17.52
17,20190119T012755Z,1J.TI4A.,"['CH1', 'CH2', 'CHZ']",2019-01-19T01:27:55.310000Z,9.66
18,20190119T012854Z,1J.TI4A.,"['CH1', 'CH2', 'CHZ']",2019-01-19T01:29:05.000000Z,4.28
19,20190119T013000Z,1J.TI4A.,"['CH1', 'CH2', 'CHZ']",2019-01-19T01:30:00.310000Z,11.39
20,20190119T013609Z,1J.TI4A.,"['CH1', 'CH2', 'CHZ']",2019-01-19T01:36:21.530000Z,17.04
21,20190119T015350Z,1J.TI4A.,"['CH1', 'CH2', 'CHZ']",2019-01-19T01:53:50.910000Z,4.66
22,20190119T020645Z,1J.TI4A.,"['CH1', 'CH2', 'CHZ']",2019-01-19T02:06:45.680000Z,2.15
23,20190119T022552Z,1J.TI4A.,"['CH1', 'CH2', 'CHZ']",2019-01-19T02:25:59.880000Z,4.73
24,20190119T030050Z,1J.TI4A.,"['CH1', 'CH2', 'CHZ']",2019-01-19T03:00:50.540000Z,5.98
25,20190119T031251Z,1J.TI4A.,"['CH1', 'CH2', 'CHZ']",2019-01-19T03:12:56.050000Z,22.81
26,20190119T035206Z,1J.TI4A.,"['CH1', 'CH2', 'CHZ']",2019-01-19T03:52:06.600000Z,27.19
27,20190119T040344Z,1J.TI4A.,"['CH1', 'CH2', 'CHZ']",2019-01-19T04:04:16.690000Z,11.31
28,20190119T041003Z,1J.TI4A.,"['CH1', 'CH2', 'CHZ']",2019-01-19T04:10:19.840000Z,31.28
29,20190119T045152Z,1J.TI4A.,"['CH1', 'CH2', 'CHZ']",2019-01-19T04:51:52.570000Z,36.06
30,20190119T045631Z,1J.TI4A.,"['CH1', 'CH2', 'CHZ']",2019-01-19T04:56:31.610000Z,18.35
31,20190119T050137Z,1J.TI4A.,"['CH1', 'CH2', 'CHZ']",2019-01-19T05:01:38.570000Z,25.14
32,20190119T050214Z,1J.TI4A.,"['CH1', 'CH2', 'CHZ']",2019-01-19T05:02:14.450000Z,18.58
33,20190119T050325Z,1J.TI4A.,"['CH1', 'CH2', 'CHZ']",2019-01-19T05:03:25.470000Z,3.95
34,20190119T050742Z,1J.TI4A.,"['CH1', 'CH2', 'CHZ']",2019-01-19T05:07:46.070000Z,16.86
35,20190119T050918Z,1J.TI4A.,"['CH1', 'CH2', 'CHZ']",2019-01-19T05:09:18.370000Z,23.74
36,20190119T051547Z,1J.TI4A.,"['CH1', 'CH2', 'CHZ']",2019-01-19T05:15:47.640000Z,8.79
37,20190119T051627Z,1J.TI4A.,"['CH1', 'CH2', 'CHZ']",2019-01-19T05:16:35.420000Z,8.32
38,20190119T051714Z,1J.TI4A.,"['CH1', 'CH2', 'CHZ']",2019-01-19T05:17:20.930000Z,5.43
39,20190119T052046Z,1J.TI4A.,"['CH1', 'CH2', 'CHZ']",2019-01-19T05:20:52.550000Z,45.01
40,20190119T052345Z,1J.TI4A.,"['CH1', 'CH2', 'CHZ']",2019-01-19T05:23:45.930000Z,7.15
41,20190119T053104Z,1J.TI4A.,"['CH1', 'CH2', 'CHZ']",2019-01-19T05:31:04.290000Z,19.89
42,20190119T054111Z,1J.TI4A.,"['CH1', 'CH2', 'CHZ']",2019-01-19T05:41:15.460000Z,52.06
43,20190119T054439Z,1J.TI4A.,"['CH1', 'CH2', 'CHZ']",2019-01-19T05:44:45.590000Z,4.84
44,20190119T055200Z,1J.TI4A.,"['CH1', 'CH2', 'CHZ']",2019-01-19T05:52:02.670000Z,8.29
45,20190119T060053Z,1J.TI4A.,"['CH1', 'CH2', 'CHZ']",2019-01-19T06:00:54.730000Z,29.64
46,20190119T060358Z,1J.TI4A.,"['CH1', 'CH2', 'CHZ']",2019-01-19T06:03:58.040000Z,5.15
47,20190119T060409Z,1J.TI4A.,"['CH1', 'CH2', 'CHZ']",2019-01-19T06:04:09.940000Z,22.24
48,20190119T062035Z,1J.TI4A.,"['CH1', 'CH2', 'CHZ']",2019-01-19T06:20:35.680000Z,8.21
49,20190119T062644Z,1J.TI4A.,"['CH1', 'CH2', 'CHZ']",2019-01-19T06:26:44.670000Z,16.67
50,20190119T064555Z,1J.TI4A.,"['CH1', 'CH2', 'CHZ']",2019-01-19T06:45:55.720000Z,14.97
51,20190119T070618Z,1J.TI4A.,"['CH1', 'CH2', 'CHZ']",2019-01-19T07:06:19.450000Z,5.65
52,20190119T071412Z,1J.TI4A.,"['CH1', 'CH2', 'CHZ']",2019-01-19T07:14:12.620000Z,22.26
53,20190119T071911Z,1J.TI4A.,"['CH1', 'CH2', 'CHZ']",2019-01-19T07:19:18.970000Z,49.77
54,20190119T072908Z,1J.TI4A.,"['CH1', 'CH2', 'CHZ']",2019-01-19T07:29:15.860000Z,47.41
55,20190119T073310Z,1J.TI4A.,"['CH1', 'CH2', 'CHZ']",2019-01-19T07:33:16.060000Z,7.22
56,20190119T073911Z,1J.TI4A.,"['CH1', 'CH2', 'CHZ']",2019-01-19T07:39:11.280000Z,36.16
57,20190119T075957Z,1J.TI4A.,"['CH1', 'CH2', 'CHZ']",2019-01-19T08:00:03.290000Z,11.83
58,20190119T080059Z,1J.TI4A.,"['CH1', 'CH2', 'CHZ']",2019-01-19T08:01:01.550000Z,17.75
59,20190119T080210Z,1J.TI4A.,"['CH1', 'CH2', 'CHZ']",2019-01-19T08:02:12.320000Z,16.28
60,20190119T080233Z,1J.TI4A.,"['CH1', 'CH2', 'CHZ']",2019-01-19T08:02:41.060000Z,19.92
61,20190119T080752Z,1J.TI4A.,"['CH1', 'CH2', 'CHZ']",2019-01-19T08:07:52.120000Z,10.53
62,20190119T081002Z,1J.TI4A.,"['CH1', 'CH2', 'CHZ']",2019-01-19T08:10:02.110000Z,8.06
63,20190119T081513Z,1J.TI4A.,"['CH1', 'CH2', 'CHZ']",2019-01-19T08:15:21.020000Z,9.39
64,20190119T082000Z,1J.TI4A.,"['CH1', 'CH2', 'CHZ']",2019-01-19T08:20:00.960000Z,36.6
65,20190119T082314Z,1J.TI4A.,"['CH1', 'CH2', 'CHZ']",2019-01-19T08:23:14.720000Z,5.82
66,20190119T082650Z,1J.TI4A.,"['CH1', 'CH2', 'CHZ']",2019-01-19T08:26:51.000000Z,21.11
67,20190119T083307Z,1J.TI4A.,"['CH1', 'CH2', 'CHZ']",2019-01-19T08:33:08.360000Z,29.59
68,20190119T083547Z,1J.TI4A.,"['CH1', 'CH2', 'CHZ']",2019-01-19T08:35:48.060000Z,28.62
69,20190119T085124Z,1J.TI4A.,"['CH1', 'CH2', 'CHZ']",2019-01-19T08:51:24.720000Z,21.08
70,20190119T090049Z,1J.TI4A.,"['CH1', 'CH2', 'CHZ']",2019-01-19T09:00:49.500000Z,10.76
71,20190119T092002Z,1J.TI4A.,"['CH1', 'CH2', 'CHZ']",2019-01-19T09:20:36.490000Z,14.84
72,20190119T093706Z,1J.TI4A.,"['CH1', 'CH2', 'CHZ']",2019-01-19T09:37:06.750000Z,16.44
73,20190119T101549Z,1J.TI4A.,"['CH1', 'CH2', 'CHZ']",2019-01-19T10:15:54.890000Z,8.48
74,20190119T101630Z,1J.TI4A.,"['CH1', 'CH2', 'CHZ']",2019-01-19T10:16:30.150000Z,23.88
75,20190119T102049Z,1J.TI4A.,"['CH1', 'CH2', 'CHZ']",2019-01-19T10:21:05.080000Z,5.78
76,20190119T102720Z,1J.TI4A.,"['CH1', 'CH2', 'CHZ']",2019-01-19T10:27:20.960000Z,17.82
77,20190119T103513Z,1J.TI4A.,"['CH1', 'CH2', 'CHZ']",2019-01-19T10:35:21.230000Z,71.3
78,20190119T103905Z,1J.TI4A.,"['CH1', 'CH2', 'CHZ']",2019-01-19T10:39:16.750000Z,14.1
79,20190119T104149Z,1J.TI4A.,"['CH1', 'CH2', 'CHZ']",2019-01-19T10:41:49.630000Z,8.52
80,20190119T104218Z,1J.TI4A.,"['CH1', 'CH2', 'CHZ']",2019-01-19T10:42:36.490000Z,10.76
81,20190119T104400Z,1J.TI4A.,"['CH1', 'CH2', 'CHZ']",2019-01-19T10:44:00.140000Z,4.46
82,20190119T104512Z,1J.TI4A.,"['CH1', 'CH2', 'CHZ']",2019-01-19T10:45:12.830000Z,4.52
83,20190119T105250Z,1J.TI4A.,"['CH1', 'CH2', 'CHZ']",2019-01-19T10:52:53.470000Z,50.3
84,20190119T110203Z,1J.TI4A.,"['CH1', 'CH2', 'CHZ']",2019-01-19T11:02:10.650000Z,10.54
85,20190119T112416Z,1J.TI4A.,"['CH1', 'CH2', 'CHZ']",2019-01-19T11:24:16.670000Z,3.84
86,20190119T113633Z,1J.TI4A.,"['CH1', 'CH2', 'CHZ']",2019-01-19T11:36:35.620000Z,11.93
87,20190119T122255Z,1J.TI4A.,"['CH1', 'CH2', 'CHZ']",2019-01-19T12:22:56.040000Z,18.39
88,20190119T122326Z,1J.TI4A.,"['CH1', 'CH2', 'CHZ']",2019-01-19T12:23:27.310000Z,65.4
89,20190119T124723Z,1J.TI4A.,"['CH1', 'CH2', 'CHZ']",2019-01-19T12:47:23.630000Z,15.52
90,20190119T125341Z,1J.TI4A.,"['CH1', 'CH2', 'CHZ']",2019-01-19T12:53:42.320000Z,6.24
91,20190119T125410Z,1J.TI4A.,"['CH1', 'CH2', 'CHZ']",2019-01-19T12:54:10.890000Z,34.2
92,20190119T130001Z,1J.TI4A.,"['CH1', 'CH2', 'CHZ']",2019-01-19T13:00:01.160000Z,3.34
93,20190119T132321Z,1J.TI4A.,"['CH1', 'CH2', 'CHZ']",2019-01-19T13:23:25.820000Z,22.19
94,20190119T133900Z,1J.TI4A.,"['CH1', 'CH2', 'CHZ']",2019-01-19T13:39:29.650000Z,11.81
95,20190119T134418Z,1J.TI4A.,"['CH1', 'CH2', 'CHZ']",2019-01-19T13:44:18.890000Z,5.88
96,20190119T140609Z,1J.TI4A.,"['CH1', 'CH2', 'CHZ']",2019-01-19T14:06:10.890000Z,9.84
97,20190119T144723Z,1J.TI4A.,"['CH1', 'CH2', 'CHZ']",2019-01-19T14:47:24.670000Z,27.2
98,20190119T145027Z,1J.TI4A.,"['CH1', 'CH2', 'CHZ']",2019-01-19T14:50:27.950000Z,15.24
99,20190119T150351Z,1J.TI4A.,"['CH1', 'CH2', 'CHZ']",2019-01-19T15:04:13.590000Z,21.34
100,20190119T151422Z,1J.TI4A.,"['CH1', 'CH2', 'CHZ']",2019-01-19T15:14:25.090000Z,8.46
101,20190119T151825Z,1J.TI4A.,"['CH1', 'CH2', 'CHZ']",2019-01-19T15:18:30.680000Z,9.22
102,20190119T152524Z,1J.TI4A.,"['CH1', 'CH2', 'CHZ']",2019-01-19T15:25:29.360000Z,11.22
103,20190119T163444Z,1J.TI4A.,"['CH1', 'CH2', 'CHZ']",2019-01-19T16:34:46.270000Z,10.8
104,20190119T165328Z,1J.TI4A.,"['CH1', 'CH2', 'CHZ']",2019-01-19T16:53:28.120000Z,11.76
105,20190119T165537Z,1J.TI4A.,"['CH1', 'CH2', 'CHZ']",2019-01-19T16:55:43.260000Z,12.88
106,20190119T165726Z,1J.TI4A.,"['CH1', 'CH2', 'CHZ']",2019-01-19T16:57:26.550000Z,2.95
107,20190119T170457Z,1J.TI4A.,"['CH1', 'CH2', 'CHZ']",2019-01-19T17:04:57.830000Z,3.64
108,20190119T171138Z,1J.TI4A.,"['CH1', 'CH2', 'CHZ']",2019-01-19T17:11:43.970000Z,9.74
109,20190119T171639Z,1J.TI4A.,"['CH1', 'CH2', 'CHZ']",2019-01-19T17:16:39.850000Z,40.45
110,20190119T172405Z,1J.TI4A.,"['CH1', 'CH2', 'CHZ']",2019-01-19T17:24:05.660000Z,2.43
111,20190119T172620Z,1J.TI4A.,"['CH1', 'CH2', 'CHZ']",2019-01-19T17:26:22.820000Z,35.49
112,20190119T172743Z,1J.TI4A.,"['CH1', 'CH2', 'CHZ']",2019-01-19T17:27:43.840000Z,33.29
113,20190119T173648Z,1J.TI4A.,"['CH1', 'CH2', 'CHZ']",2019-01-19T17:36:48.660000Z,2.49
114,20190119T175733Z,1J.TI4A.,"['CH1', 'CH2', 'CHZ']",2019-01-19T17:57:33.170000Z,18.72
115,20190119T182031Z,1J.TI4A.,"['CH1', 'CH2', 'CHZ']",2019-01-19T18:20:33.240000Z,3.13
116,20190119T182246Z,1J.TI4A.,"['CH1', 'CH2', 'CHZ']",2019-01-19T18:22:46.480000Z,1.84
117,20190119T183526Z,1J.TI4A.,"['CH1', 'CH2', 'CHZ']",2019-01-19T18:35:26.660000Z,4.06
118,20190119T184642Z,1J.TI4A.,"['CH1', 'CH2', 'CHZ']",2019-01-19T18:46:42.940000Z,3.33
119,20190119T185036Z,1J.TI4A.,"['CH1', 'CH2', 'CHZ']",2019-01-19T18:50:36.670000Z,19.74
120,20190119T185345Z,1J.TI4A.,"['CH1', 'CH2', 'CHZ']",2019-01-19T18:53:49.840000Z,10.72
121,20190119T185725Z,1J.TI4A.,"['CH1', 'CH2', 'CHZ']",2019-01-19T18:57:25.640000Z,3.77
122,20190119T190325Z,1J.TI4A.,"['CH1', 'CH2', 'CHZ']",2019-01-19T19:03:25.650000Z,6.8
123,20190119T190614Z,1J.TI4A.,"['CH1', 'CH2', 'CHZ']",2019-01-19T19:06:14.990000Z,2.76
124,20190119T190645Z,1J.TI4A.,"['CH1', 'CH2', 'CHZ']",2019-01-19T19:06:45.890000Z,9.15
125,20190119T191059Z,1J.TI4A.,"['CH1', 'CH2', 'CHZ']",2019-01-19T19:11:00.290000Z,1.84
126,20190119T191145Z,1J.TI4A.,"['CH1', 'CH2', 'CHZ']",2019-01-19T19:11:45.200000Z,15.08
127,20190119T191513Z,1J.TI4A.,"['CH1', 'CH2', 'CHZ']",2019-01-19T19:15:15.620000Z,7.63
128,20190119T191634Z,1J.TI4A.,"['CH1', 'CH2', 'CHZ']",2019-01-19T19:16:41.310000Z,54.99
129,20190119T191904Z,1J.TI4A.,"['CH1', 'CH2', 'CHZ']",2019-01-19T19:19:04.310000Z,1.13
130,20190119T192320Z,1J.TI4A.,"['CH1', 'CH2', 'CHZ']",2019-01-19T19:23:20.650000Z,3.19
131,20190119T193014Z,1J.TI4A.,"['CH1', 'CH2', 'CHZ']",2019-01-19T19:30:14.720000Z,2.18
132,20190119T193054Z,1J.TI4A.,"['CH1', 'CH2', 'CHZ']",2019-01-19T19:30:54.890000Z,3.55
133,20190119T193309Z,1J.TI4A.,"['CH1', 'CH2', 'CHZ']",2019-01-19T19:33:09.310000Z,4.56
134,20190119T193603Z,1J.TI4A.,"['CH1', 'CH2', 'CHZ']",2019-01-19T19:36:03.040000Z,18.79
135,20190119T193945Z,1J.TI4A.,"['CH1', 'CH2', 'CHZ']",2019-01-19T19:39:47.740000Z,3.61
136,20190119T194314Z,1J.TI4A.,"['CH1', 'CH2', 'CHZ']",2019-01-19T19:43:14.890000Z,2.49
137,20190119T194359Z,1J.TI4A.,"['CH1', 'CH2', 'CHZ']",2019-01-19T19:43:59.040000Z,4.91
138,20190119T194508Z,1J.TI4A.,"['CH1', 'CH2', 'CHZ']",2019-01-19T19:45:16.340000Z,10.1
139,20190119T194737Z,1J.TI4A.,"['CH1', 'CH2', 'CHZ']",2019-01-19T19:47:37.380000Z,26.14
140,20190119T195034Z,1J.TI4A.,"['CH1', 'CH2', 'CHZ']",2019-01-19T19:50:34.830000Z,12.65
141,20190119T195333Z,1J.TI4A.,"['CH1', 'CH2', 'CHZ']",2019-01-19T19:53:33.670000Z,1.8
142,20190119T195715Z,1J.TI4A.,"['CH1', 'CH2', 'CHZ']",2019-01-19T19:57:15.890000Z,2.75
143,20190119T195728Z,1J.TI4A.,"['CH1', 'CH2', 'CHZ']",2019-01-19T19:57:28.840000Z,12.21
144,20190119T200024Z,1J.TI4A.,"['CH1', 'CH2', 'CHZ']",2019-01-19T20:00:24.240000Z,6.28
145,20190119T200117Z,1J.TI4A.,"['CH1', 'CH2', 'CHZ']",2019-01-19T20:01:23.180000Z,50.07
146,20190119T200344Z,1J.TI4A.,"['CH1', 'CH2', 'CHZ']",2019-01-19T20:03:44.550000Z,3.49
147,20190119T200427Z,1J.TI4A.,"['CH1', 'CH2', 'CHZ']",2019-01-19T20:04:27.270000Z,9.29
148,20190119T200514Z,1J.TI4A.,"['CH1', 'CH2', 'CHZ']",2019-01-19T20:05:14.490000Z,2.32
149,20190119T200941Z,1J.TI4A.,"['CH1', 'CH2', 'CHZ']",2019-01-19T20:09:41.080000Z,14.18
150,20190119T201142Z,1J.TI4A.,"['CH1', 'CH2', 'CHZ']",2019-01-19T20:11:42.520000Z,6.93
151,20190119T201214Z,1J.TI4A.,"['CH1', 'CH2', 'CHZ']",2019-01-19T20:12:18.150000Z,17.21
152,20190119T201316Z,1J.TI4A.,"['CH1', 'CH2', 'CHZ']",2019-01-19T20:13:16.700000Z,2.95
153,20190119T201604Z,1J.TI4A.,"['CH1', 'CH2', 'CHZ']",2019-01-19T20:16:04.380000Z,4.47
154,20190119T201641Z,1J.TI4A.,"['CH1', 'CH2', 'CHZ']",2019-01-19T20:16:41.060000Z,8.02
155,20190119T201950Z,1J.TI4A.,"['CH1', 'CH2', 'CHZ']",2019-01-19T20:19:50.380000Z,6.23
156,20190119T202051Z,1J.TI4A.,"['CH1', 'CH2', 'CHZ']",2019-01-19T20:20:51.790000Z,4.45
157,20190119T202258Z,1J.TI4A.,"['CH1', 'CH2', 'CHZ']",2019-01-19T20:22:58.230000Z,4.26
158,20190119T202425Z,1J.TI4A.,"['CH1', 'CH2', 'CHZ']",2019-01-19T20:24:25.270000Z,3.98
159,20190119T202524Z,1J.TI4A.,"['CH1', 'CH2', 'CHZ']",2019-01-19T20:25:24.600000Z,5.83
160,20190119T202704Z,1J.TI4A.,"['CH1', 'CH2', 'CHZ']",2019-01-19T20:27:04.520000Z,2.28
161,20190119T202812Z,1J.TI4A.,"['CH1', 'CH2', 'CHZ']",2019-01-19T20:28:12.290000Z,12.75
162,20190119T202833Z,1J.TI4A.,"['CH1', 'CH2', 'CHZ']",2019-01-19T20:28:41.500000Z,3.25
163,20190119T202856Z,1J.TI4A.,"['CH1', 'CH2', 'CHZ']",2019-01-19T20:28:56.380000Z,7.06
164,20190119T202929Z,1J.TI4A.,"['CH1', 'CH2', 'CHZ']",2019-01-19T20:29:30.650000Z,24.65
165,20190119T203012Z,1J.TI4A.,"['CH1', 'CH2', 'CHZ']",2019-01-19T20:30:18.430000Z,12.49
166,20190119T203134Z,1J.TI4A.,"['CH1', 'CH2', 'CHZ']",2019-01-19T20:31:41.260000Z,2.08
167,20190119T203240Z,1J.TI4A.,"['CH1', 'CH2', 'CHZ']",2019-01-19T20:32:40.670000Z,3.85
168,20190119T203306Z,1J.TI4A.,"['CH1', 'CH2', 'CHZ']",2019-01-19T20:33:06.430000Z,6.64
169,20190119T203352Z,1J.TI4A.,"['CH1', 'CH2', 'CHZ']",2019-01-19T20:33:52.660000Z,1.49
170,20190119T203422Z,1J.TI4A.,"['CH1', 'CH2', 'CHZ']",2019-01-19T20:34:22.440000Z,6.15
171,20190119T203556Z,1J.TI4A.,"['CH1', 'CH2', 'CHZ']",2019-01-19T20:35:56.300000Z,5.37
172,20190119T203642Z,1J.TI4A.,"['CH1', 'CH2', 'CHZ']",2019-01-19T20:36:42.230000Z,6.35
173,20190119T203742Z,1J.TI4A.,"['CH1', 'CH2', 'CHZ']",2019-01-19T20:37:42.570000Z,3.69
174,20190119T204015Z,1J.TI4A.,"['CH1', 'CH2', 'CHZ']",2019-01-19T20:40:15.980000Z,19.5
175,20190119T204118Z,1J.TI4A.,"['CH1', 'CH2', 'CHZ']",2019-01-19T20:41:18.390000Z,2.24
176,20190119T204252Z,1J.TI4A.,"['CH1', 'CH2', 'CHZ']",2019-01-19T20:42:52.750000Z,2.45
177,20190119T204325Z,1J.TI4A.,"['CH1', 'CH2', 'CHZ']",2019-01-19T20:43:32.970000Z,8.8
178,20190119T204554Z,1J.TI4A.,"['CH1', 'CH2', 'CHZ']",2019-01-19T20:45:54.100000Z,16.22
179,20190119T205003Z,1J.TI4A.,"['CH1', 'CH2', 'CHZ']",2019-01-19T20:50:03.910000Z,9.25
180,20190119T205150Z,1J.TI4A.,"['CH1', 'CH2', 'CHZ']",2019-01-19T20:51:50.060000Z,8.17
181,20190119T205251Z,1J.TI4A.,"['CH1', 'CH2', 'CHZ']",2019-01-19T20:52:51.130000Z,2.56
182,20190119T205322Z,1J.TI4A.,"['CH1', 'CH2', 'CHZ']",2019-01-19T20:53:22.170000Z,2.65
183,20190119T205602Z,1J.TI4A.,"['CH1', 'CH2', 'CHZ']",2019-01-19T20:56:02.740000Z,5.38
184,20190119T205628Z,1J.TI4A.,"['CH1', 'CH2', 'CHZ']",2019-01-19T20:56:28.540000Z,23.81
185,20190119T205743Z,1J.TI4A.,"['CH1', 'CH2', 'CHZ']",2019-01-19T20:57:43.860000Z,4.94
186,20190119T205841Z,1J.TI4A.,"['CH1', 'CH2', 'CHZ']",2019-01-19T20:58:41.180000Z,1.99
187,20190119T205905Z,1J.TI4A.,"['CH1', 'CH2', 'CHZ']",2019-01-19T20:59:05.060000Z,4.0
188,20190119T205954Z,1J.TI4A.,"['CH1', 'CH2', 'CHZ']",2019-01-19T20:59:54.920000Z,3.1
189,20190119T210028Z,1J.TI4A.,"['CH1', 'CH2', 'CHZ']",2019-01-19T21:00:29.670000Z,12.57
190,20190119T210129Z,1J.TI4A.,"['CH1', 'CH2', 'CHZ']",2019-01-19T21:01:29.580000Z,1.47
191,20190119T210308Z,1J.TI4A.,"['CH1', 'CH2', 'CHZ']",2019-01-19T21:03:08.510000Z,10.26
192,20190119T210327Z,1J.TI4A.,"['CH1', 'CH2', 'CHZ']",2019-01-19T21:03:27.610000Z,21.34
193,20190119T210735Z,1J.TI4A.,"['CH1', 'CH2', 'CHZ']",2019-01-19T21:07:35.650000Z,3.43
194,20190119T210909Z,1J.TI4A.,"['CH1', 'CH2', 'CHZ']",2019-01-19T21:09:09.380000Z,18.36
195,20190119T211030Z,1J.TI4A.,"['CH1', 'CH2', 'CHZ']",2019-01-19T21:10:34.150000Z,2.66
196,20190119T211112Z,1J.TI4A.,"['CH1', 'CH2', 'CHZ']",2019-01-19T21:11:12.520000Z,3.65
197,20190119T211156Z,1J.TI4A.,"['CH1', 'CH2', 'CHZ']",2019-01-19T21:11:56.900000Z,2.58
198,20190119T211355Z,1J.TI4A.,"['CH1', 'CH2', 'CHZ']",2019-01-19T21:13:55.220000Z,2.33
199,20190119T211442Z,1J.TI4A.,"['CH1', 'CH2', 'CHZ']",2019-01-19T21:14:53.440000Z,19.58
200,20190119T211616Z,1J.TI4A.,"['CH1', 'CH2', 'CHZ']",2019-01-19T21:16:16.650000Z,7.68
201,20190119T211650Z,1J.TI4A.,"['CH1', 'CH2', 'CHZ']",2019-01-19T21:16:50.920000Z,16.27
202,20190119T212131Z,1J.TI4A.,"['CH1', 'CH2', 'CHZ']",2019-01-19T21:21:31.250000Z,6.67
203,20190119T212511Z,1J.TI4A.,"['CH1', 'CH2', 'CHZ']",2019-01-19T21:25:11.920000Z,6.48
204,20190119T212629Z,1J.TI4A.,"['CH1', 'CH2', 'CHZ']",2019-01-19T21:26:30.430000Z,16.88
205,20190119T212707Z,1J.TI4A.,"['CH1', 'CH2', 'CHZ']",2019-01-19T21:27:07.500000Z,3.33
206,20190119T212827Z,1J.TI4A.,"['CH1', 'CH2', 'CHZ']",2019-01-19T21:28:27.300000Z,15.55
207,20190119T213032Z,1J.TI4A.,"['CH1', 'CH2', 'CHZ']",2019-01-19T21:30:32.340000Z,1.76
208,20190119T213052Z,1J.TI4A.,"['CH1', 'CH2', 'CHZ']",2019-01-19T21:30:52.600000Z,3.57
209,20190119T213756Z,1J.TI4A.,"['CH1', 'CH2', 'CHZ']",2019-01-19T21:37:56.280000Z,18.32
210,20190119T214014Z,1J.TI4A.,"['CH1', 'CH2', 'CHZ']",2019-01-19T21:40:14.460000Z,13.67
211,20190119T214105Z,1J.TI4A.,"['CH1', 'CH2', 'CHZ']",2019-01-19T21:41:05.470000Z,1.94
212,20190119T214201Z,1J.TI4A.,"['CH1', 'CH2', 'CHZ']",2019-01-19T21:42:01.090000Z,8.44
213,20190119T214332Z,1J.TI4A.,"['CH1', 'CH2', 'CHZ']",2019-01-19T21:43:32.280000Z,2.74
214,20190119T214520Z,1J.TI4A.,"['CH1', 'CH2', 'CHZ']",2019-01-19T21:45:20.820000Z,18.06
215,20190119T215105Z,1J.TI4A.,"['CH1', 'CH2', 'CHZ']",2019-01-19T21:51:05.670000Z,16.07
216,20190119T215207Z,1J.TI4A.,"['CH1', 'CH2', 'CHZ']",2019-01-19T21:52:07.590000Z,4.89
217,20190119T215334Z,1J.TI4A.,"['CH1', 'CH2', 'CHZ']",2019-01-19T21:53:35.580000Z,2.55
218,20190119T215347Z,1J.TI4A.,"['CH1', 'CH2', 'CHZ']",2019-01-19T21:53:47.900000Z,12.76
219,20190119T220245Z,1J.TI4A.,"['CH1', 'CH2', 'CHZ']",2019-01-19T22:02:45.580000Z,12.97
220,20190119T220301Z,1J.TI4A.,"['CH1', 'CH2', 'CHZ']",2019-01-19T22:03:10.000000Z,5.9
221,20190119T221024Z,1J.TI4A.,"['CH1', 'CH2', 'CHZ']",2019-01-19T22:10:27.120000Z,20.08
222,20190119T221127Z,1J.TI4A.,"['CH1', 'CH2', 'CHZ']",2019-01-19T22:11:29.450000Z,43.83
223,20190119T221455Z,1J.TI4A.,"['CH1', 'CH2', 'CHZ']",2019-01-19T22:14:55.450000Z,2.78
224,20190119T221527Z,1J.TI4A.,"['CH1', 'CH2', 'CHZ']",2019-01-19T22:15:27.300000Z,9.67
225,20190119T221614Z,1J.TI4A.,"['CH1', 'CH2', 'CHZ']",2019-01-19T22:16:14.590000Z,13.78
226,20190119T221847Z,1J.TI4A.,"['CH1', 'CH2', 'CHZ']",2019-01-19T22:18:47.580000Z,8.09
227,20190119T222312Z,1J.TI4A.,"['CH1', 'CH2', 'CHZ']",2019-01-19T22:23:16.390000Z,35.12
228,20190119T222844Z,1J.TI4A.,"['CH1', 'CH2', 'CHZ']",2019-01-19T22:28:44.490000Z,5.42
229,20190119T223000Z,1J.TI4A.,"['CH1', 'CH2', 'CHZ']",2019-01-19T22:30:01.200000Z,2.89
230,20190119T223232Z,1J.TI4A.,"['CH1', 'CH2', 'CHZ']",2019-01-19T22:32:34.100000Z,1.61
231,20190119T223558Z,1J.TI4A.,"['CH1', 'CH2', 'CHZ']",2019-01-19T22:35:58.290000Z,6.77
232,20190119T223624Z,1J.TI4A.,"['CH1', 'CH2', 'CHZ']",2019-01-19T22:36:29.270000Z,15.17
233,20190119T224108Z,1J.TI4A.,"['CH1', 'CH2', 'CHZ']",2019-01-19T22:41:08.300000Z,5.76
234,20190119T224731Z,1J.TI4A.,"['CH1', 'CH2', 'CHZ']",2019-01-19T22:47:31.820000Z,20.51
235,20190119T225021Z,1J.TI4A.,"['CH1', 'CH2', 'CHZ']",2019-01-19T22:50:24.040000Z,4.78
236,20190119T225036Z,1J.TI4A.,"['CH1', 'CH2', 'CHZ']",2019-01-19T22:50:36.850000Z,5.89
237,20190119T230302Z,1J.TI4A.,"['CH1', 'CH2', 'CHZ']",2019-01-19T23:03:33.540000Z,15.55
238,20190119T231430Z,1J.TI4A.,"['CH1', 'CH2', 'CHZ']",2019-01-19T23:14:30.450000Z,3.67
239,20190119T231500Z,1J.TI4A.,"['CH1', 'CH2', 'CHZ']",2019-01-19T23:15:02.330000Z,5.13
240,20190119T233105Z,1J.TI4A.,"['CH1', 'CH2', 'CHZ']",2019-01-19T23:31:08.200000Z,2.78
241,20190119T233333Z,1J.TI4A.,"['CH1', 'CH2', 'CHZ']",2019-01-19T23:33:35.620000Z,11.76
242,20190119T001432Z,1J.TI3A.,"['CH1', 'CH2', 'CHZ']",2019-01-19T00:14:32.460000Z,17.4
243,20190119T001813Z,1J.TI3A.,"['CH1', 'CH2', 'CHZ']",2019-01-19T00:18:13.550000Z,8.08
244,20190119T002830Z,1J.TI3A.,"['CH1', 'CH2', 'CHZ']",2019-01-19T00:28:30.620000Z,14.04
245,20190119T003536Z,1J.TI3A.,"['CH1', 'CH2', 'CHZ']",2019-01-19T00:35:36.320000Z,7.29
246,20190119T004120Z,1J.TI3A.,"['CH1', 'CH2', 'CHZ']",2019-01-19T00:41:20.810000Z,20.24
247,20190119T004343Z,1J.TI3A.,"['CH1', 'CH2', 'CHZ']",2019-01-19T00:43:43.570000Z,15.06
248,20190119T004617Z,1J.TI3A.,"['CH1', 'CH2', 'CHZ']",2019-01-19T00:46:17.980000Z,15.01
249,20190119T005720Z,1J.TI3A.,"['CH1', 'CH2', 'CHZ']",2019-01-19T00:57:20.350000Z,8.07
250,20190119T005801Z,1J.TI3A.,"['CH1', 'CH2', 'CHZ']",2019-01-19T00:58:01.020000Z,17.33
251,20190119T010425Z,1J.TI3A.,"['CH1', 'CH2', 'CHZ']",2019-01-19T01:04:25.860000Z,17.67
252,20190119T010719Z,1J.TI3A.,"['CH1', 'CH2', 'CHZ']",2019-01-19T01:07:19.180000Z,8.61
253,20190119T011352Z,1J.TI3A.,"['CH1', 'CH2', 'CHZ']",2019-01-19T01:13:52.380000Z,11.36
254,20190119T011739Z,1J.TI3A.,"['CH1', 'CH2', 'CHZ']",2019-01-19T01:18:08.420000Z,20.63
255,20190119T013141Z,1J.TI3A.,"['CH1', 'CH2', 'CHZ']",2019-01-19T01:31:41.560000Z,3.81
256,20190119T013609Z,1J.TI3A.,"['CH1', 'CH2', 'CHZ']",2019-01-19T01:36:29.900000Z,7.67
257,20190119T013927Z,1J.TI3A.,"['CH1', 'CH2', 'CHZ']",2019-01-19T01:39:27.190000Z,15.43
258,20190119T014036Z,1J.TI3A.,"['CH1', 'CH2', 'CHZ']",2019-01-19T01:40:38.260000Z,3.72
259,20190119T015840Z,1J.TI3A.,"['CH1', 'CH2', 'CHZ']",2019-01-19T01:58:40.340000Z,6.77
260,20190119T020233Z,1J.TI3A.,"['CH1', 'CH2', 'CHZ']",2019-01-19T02:02:33.120000Z,17.09
261,20190119T021219Z,1J.TI3A.,"['CH1', 'CH2', 'CHZ']",2019-01-19T02:12:19.810000Z,16.68
262,20190119T021454Z,1J.TI3A.,"['CH1', 'CH2', 'CHZ']",2019-01-19T02:14:54.200000Z,7.58
263,20190119T021926Z,1J.TI3A.,"['CH1', 'CH2', 'CHZ']",2019-01-19T02:19:26.100000Z,6.6
264,20190119T022949Z,1J.TI3A.,"['CH1', 'CH2', 'CHZ']",2019-01-19T02:29:49.440000Z,15.54
265,20190119T024903Z,1J.TI3A.,"['CH1', 'CH2', 'CHZ']",2019-01-19T02:49:03.820000Z,46.88
266,20190119T025820Z,1J.TI3A.,"['CH1', 'CH2', 'CHZ']",2019-01-19T02:58:21.470000Z,12.8
267,20190119T031251Z,1J.TI3A.,"['CH1', 'CH2', 'CHZ']",2019-01-19T03:13:18.380000Z,19.67
268,20190119T031501Z,1J.TI3A.,"['CH1', 'CH2', 'CHZ']",2019-01-19T03:15:01.560000Z,6.11
269,20190119T033205Z,1J.TI3A.,"['CH1', 'CH2', 'CHZ']",2019-01-19T03:32:05.830000Z,8.8
270,20190119T035331Z,1J.TI3A.,"['CH1', 'CH2', 'CHZ']",2019-01-19T03:53:31.420000Z,15.88
271,20190119T035715Z,1J.TI3A.,"['CH1', 'CH2', 'CHZ']",2019-01-19T03:57:15.710000Z,8.14
272,20190119T040344Z,1J.TI3A.,"['CH1', 'CH2', 'CHZ']",2019-01-19T04:04:09.460000Z,18.24
273,20190119T040912Z,1J.TI3A.,"['CH1', 'CH2', 'CHZ']",2019-01-19T04:09:15.210000Z,14.85
274,20190119T041551Z,1J.TI3A.,"['CH1', 'CH2', 'CHZ']",2019-01-19T04:15:51.740000Z,14.78
275,20190119T043855Z,1J.TI3A.,"['CH1', 'CH2', 'CHZ']",2019-01-19T04:39:20.100000Z,15.74
276,20190119T044022Z,1J.TI3A.,"['CH1', 'CH2', 'CHZ']",2019-01-19T04:40:23.690000Z,3.87
277,20190119T044456Z,1J.TI3A.,"['CH1', 'CH2', 'CHZ']",2019-01-19T04:44:56.240000Z,17.46
278,20190119T044855Z,1J.TI3A.,"['CH1', 'CH2', 'CHZ']",2019-01-19T04:48:55.450000Z,12.59
279,20190119T045152Z,1J.TI3A.,"['CH1', 'CH2', 'CHZ']",2019-01-19T04:52:08.630000Z,29.88
280,20190119T051359Z,1J.TI3A.,"['CH1', 'CH2', 'CHZ']",2019-01-19T05:13:59.370000Z,19.18
281,20190119T051627Z,1J.TI3A.,"['CH1', 'CH2', 'CHZ']",2019-01-19T05:16:33.200000Z,2.69
282,20190119T051714Z,1J.TI3A.,"['CH1', 'CH2', 'CHZ']",2019-01-19T05:17:14.560000Z,13.33
283,20190119T051741Z,1J.TI3A.,"['CH1', 'CH2', 'CHZ']",2019-01-19T05:17:41.760000Z,13.07
284,20190119T052012Z,1J.TI3A.,"['CH1', 'CH2', 'CHZ']",2019-01-19T05:20:12.070000Z,6.97
285,20190119T052046Z,1J.TI3A.,"['CH1', 'CH2', 'CHZ']",2019-01-19T05:20:46.720000Z,47.29
286,20190119T052643Z,1J.TI3A.,"['CH1', 'CH2', 'CHZ']",2019-01-19T05:26:43.330000Z,21.33
287,20190119T053553Z,1J.TI3A.,"['CH1', 'CH2', 'CHZ']",2019-01-19T05:35:53.370000Z,3.35
288,20190119T054111Z,1J.TI3A.,"['CH1', 'CH2', 'CHZ']",2019-01-19T05:41:11.000000Z,50.3
289,20190119T054439Z,1J.TI3A.,"['CH1', 'CH2', 'CHZ']",2019-01-19T05:44:39.260000Z,9.23
290,20190119T055126Z,1J.TI3A.,"['CH1', 'CH2', 'CHZ']",2019-01-19T05:51:26.950000Z,18.72
291,20190119T055552Z,1J.TI3A.,"['CH1', 'CH2', 'CHZ']",2019-01-19T05:55:52.410000Z,13.03
292,20190119T055919Z,1J.TI3A.,"['CH1', 'CH2', 'CHZ']",2019-01-19T05:59:19.350000Z,7.35
293,20190119T055948Z,1J.TI3A.,"['CH1', 'CH2', 'CHZ']",2019-01-19T05:59:48.350000Z,18.6
294,20190119T060053Z,1J.TI3A.,"['CH1', 'CH2', 'CHZ']",2019-01-19T06:00:59.190000Z,22.72
295,20190119T060807Z,1J.TI3A.,"['CH1', 'CH2', 'CHZ']",2019-01-19T06:08:07.170000Z,16.8
296,20190119T061048Z,1J.TI3A.,"['CH1', 'CH2', 'CHZ']",2019-01-19T06:10:48.110000Z,21.54
297,20190119T061322Z,1J.TI3A.,"['CH1', 'CH2', 'CHZ']",2019-01-19T06:13:22.170000Z,5.19
298,20190119T061508Z,1J.TI3A.,"['CH1', 'CH2', 'CHZ']",2019-01-19T06:15:08.900000Z,3.61
299,20190119T061612Z,1J.TI3A.,"['CH1', 'CH2', 'CHZ']",2019-01-19T06:16:12.150000Z,18.57
300,20190119T062323Z,1J.TI3A.,"['CH1', 'CH2', 'CHZ']",2019-01-19T06:23:25.490000Z,7.14
301,20190119T062914Z,1J.TI3A.,"['CH1', 'CH2', 'CHZ']",2019-01-19T06:29:14.360000Z,20.21
302,20190119T064405Z,1J.TI3A.,"['CH1', 'CH2', 'CHZ']",2019-01-19T06:44:05.400000Z,12.53
303,20190119T065051Z,1J.TI3A.,"['CH1', 'CH2', 'CHZ']",2019-01-19T06:50:57.980000Z,6.04
304,20190119T065507Z,1J.TI3A.,"['CH1', 'CH2', 'CHZ']",2019-01-19T06:55:07.180000Z,5.16
305,20190119T065625Z,1J.TI3A.,"['CH1', 'CH2', 'CHZ']",2019-01-19T06:56:25.180000Z,20.63
306,20190119T065926Z,1J.TI3A.,"['CH1', 'CH2', 'CHZ']",2019-01-19T06:59:26.540000Z,3.82
307,20190119T070111Z,1J.TI3A.,"['CH1', 'CH2', 'CHZ']",2019-01-19T07:01:11.740000Z,2.84
308,20190119T070311Z,1J.TI3A.,"['CH1', 'CH2', 'CHZ']",2019-01-19T07:03:11.810000Z,2.02
309,20190119T071015Z,1J.TI3A.,"['CH1', 'CH2', 'CHZ']",2019-01-19T07:10:15.030000Z,19.33
310,20190119T071204Z,1J.TI3A.,"['CH1', 'CH2', 'CHZ']",2019-01-19T07:12:04.000000Z,3.84
311,20190119T071244Z,1J.TI3A.,"['CH1', 'CH2', 'CHZ']",2019-01-19T07:12:44.780000Z,1.12
312,20190119T071450Z,1J.TI3A.,"['CH1', 'CH2', 'CHZ']",2019-01-19T07:14:50.630000Z,3.32
313,20190119T071513Z,1J.TI3A.,"['CH1', 'CH2', 'CHZ']",2019-01-19T07:15:13.600000Z,18.26
314,20190119T071856Z,1J.TI3A.,"['CH1', 'CH2', 'CHZ']",2019-01-19T07:18:56.200000Z,2.05
315,20190119T071911Z,1J.TI3A.,"['CH1', 'CH2', 'CHZ']",2019-01-19T07:19:11.450000Z,52.34
316,20190119T072157Z,1J.TI3A.,"['CH1', 'CH2', 'CHZ']",2019-01-19T07:21:57.670000Z,4.84
317,20190119T072415Z,1J.TI3A.,"['CH1', 'CH2', 'CHZ']",2019-01-19T07:24:15.180000Z,2.5
318,20190119T072645Z,1J.TI3A.,"['CH1', 'CH2', 'CHZ']",2019-01-19T07:26:45.880000Z,8.86
319,20190119T072908Z,1J.TI3A.,"['CH1', 'CH2', 'CHZ']",2019-01-19T07:29:08.230000Z,51.73
320,20190119T073230Z,1J.TI3A.,"['CH1', 'CH2', 'CHZ']",2019-01-19T07:32:30.550000Z,3.8
321,20190119T073310Z,1J.TI3A.,"['CH1', 'CH2', 'CHZ']",2019-01-19T07:33:10.500000Z,13.26
322,20190119T073521Z,1J.TI3A.,"['CH1', 'CH2', 'CHZ']",2019-01-19T07:35:21.340000Z,2.85
323,20190119T073718Z,1J.TI3A.,"['CH1', 'CH2', 'CHZ']",2019-01-19T07:37:18.260000Z,1.82
324,20190119T073753Z,1J.TI3A.,"['CH1', 'CH2', 'CHZ']",2019-01-19T07:37:53.100000Z,3.13
325,20190119T073911Z,1J.TI3A.,"['CH1', 'CH2', 'CHZ']",2019-01-19T07:39:37.980000Z,10.87
326,20190119T074212Z,1J.TI3A.,"['CH1', 'CH2', 'CHZ']",2019-01-19T07:42:12.430000Z,2.24
327,20190119T074345Z,1J.TI3A.,"['CH1', 'CH2', 'CHZ']",2019-01-19T07:43:45.410000Z,8.05
328,20190119T074528Z,1J.TI3A.,"['CH1', 'CH2', 'CHZ']",2019-01-19T07:45:28.810000Z,2.64
329,20190119T074638Z,1J.TI3A.,"['CH1', 'CH2', 'CHZ']",2019-01-19T07:46:38.660000Z,15.47
330,20190119T074730Z,1J.TI3A.,"['CH1', 'CH2', 'CHZ']",2019-01-19T07:47:31.420000Z,4.44
331,20190119T074852Z,1J.TI3A.,"['CH1', 'CH2', 'CHZ']",2019-01-19T07:48:52.080000Z,1.86
332,20190119T075024Z,1J.TI3A.,"['CH1', 'CH2', 'CHZ']",2019-01-19T07:50:24.280000Z,5.89
333,20190119T075106Z,1J.TI3A.,"['CH1', 'CH2', 'CHZ']",2019-01-19T07:51:06.220000Z,44.42
334,20190119T075328Z,1J.TI3A.,"['CH1', 'CH2', 'CHZ']",2019-01-19T07:53:28.720000Z,1.31
335,20190119T075349Z,1J.TI3A.,"['CH1', 'CH2', 'CHZ']",2019-01-19T07:53:49.650000Z,3.98
336,20190119T075440Z,1J.TI3A.,"['CH1', 'CH2', 'CHZ']",2019-01-19T07:54:40.140000Z,1.6
337,20190119T075702Z,1J.TI3A.,"['CH1', 'CH2', 'CHZ']",2019-01-19T07:57:02.090000Z,1.77
338,20190119T075730Z,1J.TI3A.,"['CH1', 'CH2', 'CHZ']",2019-01-19T07:57:30.050000Z,6.5
339,20190119T075906Z,1J.TI3A.,"['CH1', 'CH2', 'CHZ']",2019-01-19T07:59:06.370000Z,1.43
340,20190119T080059Z,1J.TI3A.,"['CH1', 'CH2', 'CHZ']",2019-01-19T08:01:02.660000Z,11.43
341,20190119T080144Z,1J.TI3A.,"['CH1', 'CH2', 'CHZ']",2019-01-19T08:01:44.520000Z,19.15
342,20190119T080233Z,1J.TI3A.,"['CH1', 'CH2', 'CHZ']",2019-01-19T08:02:33.940000Z,17.01
343,20190119T080536Z,1J.TI3A.,"['CH1', 'CH2', 'CHZ']",2019-01-19T08:05:37.740000Z,5.05
344,20190119T080714Z,1J.TI3A.,"['CH1', 'CH2', 'CHZ']",2019-01-19T08:07:14.710000Z,1.39
345,20190119T080815Z,1J.TI3A.,"['CH1', 'CH2', 'CHZ']",2019-01-19T08:08:15.980000Z,4.64
346,20190119T080835Z,1J.TI3A.,"['CH1', 'CH2', 'CHZ']",2019-01-19T08:08:35.930000Z,14.51
347,20190119T081108Z,1J.TI3A.,"['CH1', 'CH2', 'CHZ']",2019-01-19T08:11:08.160000Z,3.59
348,20190119T081153Z,1J.TI3A.,"['CH1', 'CH2', 'CHZ']",2019-01-19T08:11:53.950000Z,1.48
349,20190119T081228Z,1J.TI3A.,"['CH1', 'CH2', 'CHZ']",2019-01-19T08:12:28.230000Z,4.57
350,20190119T081439Z,1J.TI3A.,"['CH1', 'CH2', 'CHZ']",2019-01-19T08:14:39.850000Z,1.22
351,20190119T081513Z,1J.TI3A.,"['CH1', 'CH2', 'CHZ']",2019-01-19T08:15:13.840000Z,21.38
352,20190119T082000Z,1J.TI3A.,"['CH1', 'CH2', 'CHZ']",2019-01-19T08:20:04.640000Z,5.26
353,20190119T082210Z,1J.TI3A.,"['CH1', 'CH2', 'CHZ']",2019-01-19T08:22:10.120000Z,1.86
354,20190119T082457Z,1J.TI3A.,"['CH1', 'CH2', 'CHZ']",2019-01-19T08:24:57.230000Z,24.21
355,20190119T082650Z,1J.TI3A.,"['CH1', 'CH2', 'CHZ']",2019-01-19T08:26:55.020000Z,1.49
356,20190119T082951Z,1J.TI3A.,"['CH1', 'CH2', 'CHZ']",2019-01-19T08:29:51.270000Z,1.46
357,20190119T083214Z,1J.TI3A.,"['CH1', 'CH2', 'CHZ']",2019-01-19T08:32:14.500000Z,18.78
358,20190119T083307Z,1J.TI3A.,"['CH1', 'CH2', 'CHZ']",2019-01-19T08:33:24.360000Z,4.15
359,20190119T083917Z,1J.TI3A.,"['CH1', 'CH2', 'CHZ']",2019-01-19T08:39:17.500000Z,18.43
360,20190119T084618Z,1J.TI3A.,"['CH1', 'CH2', 'CHZ']",2019-01-19T08:46:18.830000Z,20.12
361,20190119T084835Z,1J.TI3A.,"['CH1', 'CH2', 'CHZ']",2019-01-19T08:48:35.860000Z,2.94
362,20190119T085212Z,1J.TI3A.,"['CH1', 'CH2', 'CHZ']",2019-01-19T08:52:12.160000Z,19.29
363,20190119T085853Z,1J.TI3A.,"['CH1', 'CH2', 'CHZ']",2019-01-19T08:58:53.570000Z,9.77
364,20190119T085958Z,1J.TI3A.,"['CH1', 'CH2', 'CHZ']",2019-01-19T08:59:58.170000Z,18.6
365,20190119T090241Z,1J.TI3A.,"['CH1', 'CH2', 'CHZ']",2019-01-19T09:02:41.150000Z,12.59
366,20190119T090500Z,1J.TI3A.,"['CH1', 'CH2', 'CHZ']",2019-01-19T09:05:00.080000Z,12.76
367,20190119T090847Z,1J.TI3A.,"['CH1', 'CH2', 'CHZ']",2019-01-19T09:08:47.320000Z,17.4
368,20190119T091608Z,1J.TI3A.,"['CH1', 'CH2', 'CHZ']",2019-01-19T09:16:08.650000Z,17.25
369,20190119T092002Z,1J.TI3A.,"['CH1', 'CH2', 'CHZ']",2019-01-19T09:20:02.340000Z,47.73
370,20190119T092345Z,1J.TI3A.,"['CH1', 'CH2', 'CHZ']",2019-01-19T09:23:45.480000Z,15.41
371,20190119T092608Z,1J.TI3A.,"['CH1', 'CH2', 'CHZ']",2019-01-19T09:26:08.750000Z,17.97
372,20190119T093258Z,1J.TI3A.,"['CH1', 'CH2', 'CHZ']",2019-01-19T09:32:58.700000Z,14.82
373,20190119T093549Z,1J.TI3A.,"['CH1', 'CH2', 'CHZ']",2019-01-19T09:35:49.190000Z,18.09
374,20190119T093919Z,1J.TI3A.,"['CH1', 'CH2', 'CHZ']",2019-01-19T09:39:20.530000Z,7.22
375,20190119T094550Z,1J.TI3A.,"['CH1', 'CH2', 'CHZ']",2019-01-19T09:46:01.020000Z,18.94
376,20190119T094903Z,1J.TI3A.,"['CH1', 'CH2', 'CHZ']",2019-01-19T09:49:03.260000Z,17.65
377,20190119T095623Z,1J.TI3A.,"['CH1', 'CH2', 'CHZ']",2019-01-19T09:56:23.380000Z,8.61
378,20190119T101523Z,1J.TI3A.,"['CH1', 'CH2', 'CHZ']",2019-01-19T10:15:23.420000Z,16.04
379,20190119T101937Z,1J.TI3A.,"['CH1', 'CH2', 'CHZ']",2019-01-19T10:19:37.450000Z,17.25
380,20190119T102049Z,1J.TI3A.,"['CH1', 'CH2', 'CHZ']",2019-01-19T10:20:58.180000Z,9.74
381,20190119T102957Z,1J.TI3A.,"['CH1', 'CH2', 'CHZ']",2019-01-19T10:29:57.310000Z,18.45
382,20190119T103312Z,1J.TI3A.,"['CH1', 'CH2', 'CHZ']",2019-01-19T10:33:30.020000Z,13.79
383,20190119T103504Z,1J.TI3A.,"['CH1', 'CH2', 'CHZ']",2019-01-19T10:35:04.750000Z,1.47
384,20190119T103513Z,1J.TI3A.,"['CH1', 'CH2', 'CHZ']",2019-01-19T10:35:33.540000Z,55.38
385,20190119T104935Z,1J.TI3A.,"['CH1', 'CH2', 'CHZ']",2019-01-19T10:49:38.890000Z,8.34
386,20190119T105250Z,1J.TI3A.,"['CH1', 'CH2', 'CHZ']",2019-01-19T10:52:50.300000Z,47.92
387,20190119T110203Z,1J.TI3A.,"['CH1', 'CH2', 'CHZ']",2019-01-19T11:02:03.500000Z,18.73
388,20190119T111347Z,1J.TI3A.,"['CH1', 'CH2', 'CHZ']",2019-01-19T11:13:47.510000Z,7.68
389,20190119T114219Z,1J.TI3A.,"['CH1', 'CH2', 'CHZ']",2019-01-19T11:42:19.040000Z,14.01
390,20190119T114551Z,1J.TI3A.,"['CH1', 'CH2', 'CHZ']",2019-01-19T11:45:51.710000Z,9.65
391,20190119T121229Z,1J.TI3A.,"['CH1', 'CH2', 'CHZ']",2019-01-19T12:12:29.380000Z,13.12
392,20190119T121845Z,1J.TI3A.,"['CH1', 'CH2', 'CHZ']",2019-01-19T12:18:45.870000Z,5.91
393,20190119T122034Z,1J.TI3A.,"['CH1', 'CH2', 'CHZ']",2019-01-19T12:20:34.340000Z,15.39
394,20190119T122326Z,1J.TI3A.,"['CH1', 'CH2', 'CHZ']",2019-01-19T12:23:56.380000Z,41.16
395,20190119T124520Z,1J.TI3A.,"['CH1', 'CH2', 'CHZ']",2019-01-19T12:45:20.640000Z,15.65
396,20190119T124806Z,1J.TI3A.,"['CH1', 'CH2', 'CHZ']",2019-01-19T12:48:06.150000Z,4.6
397,20190119T125606Z,1J.TI3A.,"['CH1', 'CH2', 'CHZ']",2019-01-19T12:56:06.670000Z,10.0
398,20190119T130753Z,1J.TI3A.,"['CH1', 'CH2', 'CHZ']",2019-01-19T13:07:53.880000Z,14.05
399,20190119T131028Z,1J.TI3A.,"['CH1', 'CH2', 'CHZ']",2019-01-19T13:10:28.030000Z,2.8
400,20190119T132321Z,1J.TI3A.,"['CH1', 'CH2', 'CHZ']",2019-01-19T13:23:22.320000Z,23.48
401,20190119T132505Z,1J.TI3A.,"['CH1', 'CH2', 'CHZ']",2019-01-19T13:25:05.270000Z,2.54
402,20190119T132942Z,1J.TI3A.,"['CH1', 'CH2', 'CHZ']",2019-01-19T13:29:42.480000Z,7.66
403,20190119T133443Z,1J.TI3A.,"['CH1', 'CH2', 'CHZ']",2019-01-19T13:34:43.600000Z,9.16
404,20190119T134015Z,1J.TI3A.,"['CH1', 'CH2', 'CHZ']",2019-01-19T13:40:15.910000Z,5.56
405,20190119T141030Z,1J.TI3A.,"['CH1', 'CH2', 'CHZ']",2019-01-19T14:10:30.140000Z,13.99
406,20190119T141902Z,1J.TI3A.,"['CH1', 'CH2', 'CHZ']",2019-01-19T14:19:02.030000Z,4.47
407,20190119T142501Z,1J.TI3A.,"['CH1', 'CH2', 'CHZ']",2019-01-19T14:25:28.020000Z,18.6
408,20190119T144410Z,1J.TI3A.,"['CH1', 'CH2', 'CHZ']",2019-01-19T14:44:10.050000Z,6.8
409,20190119T144651Z,1J.TI3A.,"['CH1', 'CH2', 'CHZ']",2019-01-19T14:46:51.860000Z,3.6
410,20190119T145027Z,1J.TI3A.,"['CH1', 'CH2', 'CHZ']",2019-01-19T14:50:27.330000Z,41.66
411,20190119T151750Z,1J.TI3A.,"['CH1', 'CH2', 'CHZ']",2019-01-19T15:17:50.050000Z,10.5
412,20190119T151825Z,1J.TI3A.,"['CH1', 'CH2', 'CHZ']",2019-01-19T15:18:25.080000Z,7.33
413,20190119T152026Z,1J.TI3A.,"['CH1', 'CH2', 'CHZ']",2019-01-19T15:20:26.040000Z,2.24
414,20190119T152524Z,1J.TI3A.,"['CH1', 'CH2', 'CHZ']",2019-01-19T15:25:24.030000Z,8.49
415,20190119T153832Z,1J.TI3A.,"['CH1', 'CH2', 'CHZ']",2019-01-19T15:38:32.560000Z,9.74
416,20190119T162354Z,1J.TI3A.,"['CH1', 'CH2', 'CHZ']",2019-01-19T16:23:54.540000Z,16.34
417,20190119T162632Z,1J.TI3A.,"['CH1', 'CH2', 'CHZ']",2019-01-19T16:26:32.450000Z,6.87
418,20190119T165308Z,1J.TI3A.,"['CH1', 'CH2', 'CHZ']",2019-01-19T16:53:08.580000Z,13.36
419,20190119T165537Z,1J.TI3A.,"['CH1', 'CH2', 'CHZ']",2019-01-19T16:55:37.070000Z,9.46
420,20190119T165758Z,1J.TI3A.,"['CH1', 'CH2', 'CHZ']",2019-01-19T16:57:58.030000Z,10.08
421,20190119T170932Z,1J.TI3A.,"['CH1', 'CH2', 'CHZ']",2019-01-19T17:09:32.920000Z,7.69
422,20190119T171138Z,1J.TI3A.,"['CH1', 'CH2', 'CHZ']",2019-01-19T17:11:39.550000Z,6.78
423,20190119T171639Z,1J.TI3A.,"['CH1', 'CH2', 'CHZ']",2019-01-19T17:17:02.600000Z,19.08
424,20190119T171944Z,1J.TI3A.,"['CH1', 'CH2', 'CHZ']",2019-01-19T17:19:44.520000Z,5.91
425,20190119T173101Z,1J.TI3A.,"['CH1', 'CH2', 'CHZ']",2019-01-19T17:31:01.150000Z,8.62
426,20190119T173623Z,1J.TI3A.,"['CH1', 'CH2', 'CHZ']",2019-01-19T17:36:23.390000Z,14.57
427,20190119T173924Z,1J.TI3A.,"['CH1', 'CH2', 'CHZ']",2019-01-19T17:39:24.380000Z,1.9
428,20190119T175119Z,1J.TI3A.,"['CH1', 'CH2', 'CHZ']",2019-01-19T17:51:19.560000Z,9.71
429,20190119T181734Z,1J.TI3A.,"['CH1', 'CH2', 'CHZ']",2019-01-19T18:17:34.960000Z,12.94
430,20190119T181842Z,1J.TI3A.,"['CH1', 'CH2', 'CHZ']",2019-01-19T18:18:42.040000Z,6.4
431,20190119T183436Z,1J.TI3A.,"['CH1', 'CH2', 'CHZ']",2019-01-19T18:34:36.040000Z,13.88
432,20190119T183655Z,1J.TI3A.,"['CH1', 'CH2', 'CHZ']",2019-01-19T18:36:55.230000Z,2.33
433,20190119T185345Z,1J.TI3A.,"['CH1', 'CH2', 'CHZ']",2019-01-19T18:54:11.000000Z,19.42
434,20190119T185831Z,1J.TI3A.,"['CH1', 'CH2', 'CHZ']",2019-01-19T18:58:31.910000Z,12.25
435,20190119T191247Z,1J.TI3A.,"['CH1', 'CH2', 'CHZ']",2019-01-19T19:12:47.140000Z,13.31
436,20190119T191539Z,1J.TI3A.,"['CH1', 'CH2', 'CHZ']",2019-01-19T19:15:39.770000Z,7.24
437,20190119T191832Z,1J.TI3A.,"['CH1', 'CH2', 'CHZ']",2019-01-19T19:18:32.050000Z,15.11
438,20190119T192531Z,1J.TI3A.,"['CH1', 'CH2', 'CHZ']",2019-01-19T19:25:31.250000Z,12.74
439,20190119T192856Z,1J.TI3A.,"['CH1', 'CH2', 'CHZ']",2019-01-19T19:28:56.280000Z,4.61
440,20190119T194508Z,1J.TI3A.,"['CH1', 'CH2', 'CHZ']",2019-01-19T19:45:08.730000Z,11.5
441,20190119T200117Z,1J.TI3A.,"['CH1', 'CH2', 'CHZ']",2019-01-19T20:01:37.580000Z,31.12
442,20190119T201744Z,1J.TI3A.,"['CH1', 'CH2', 'CHZ']",2019-01-19T20:17:49.620000Z,19.35
443,20190119T202051Z,1J.TI3A.,"['CH1', 'CH2', 'CHZ']",2019-01-19T20:20:54.390000Z,3.12
444,20190119T202833Z,1J.TI3A.,"['CH1', 'CH2', 'CHZ']",2019-01-19T20:28:33.060000Z,9.63
445,20190119T203012Z,1J.TI3A.,"['CH1', 'CH2', 'CHZ']",2019-01-19T20:30:13.000000Z,22.41
446,20190119T203924Z,1J.TI3A.,"['CH1', 'CH2', 'CHZ']",2019-01-19T20:39:24.690000Z,2.67
447,20190119T204302Z,1J.TI3A.,"['CH1', 'CH2', 'CHZ']",2019-01-19T20:43:02.140000Z,15.25
448,20190119T204554Z,1J.TI3A.,"['CH1', 'CH2', 'CHZ']",2019-01-19T20:45:56.910000Z,3.8
449,20190119T205423Z,1J.TI3A.,"['CH1', 'CH2', 'CHZ']",2019-01-19T20:54:23.610000Z,8.52
450,20190119T211442Z,1J.TI3A.,"['CH1', 'CH2', 'CHZ']",2019-01-19T21:14:42.220000Z,16.17
451,20190119T212718Z,1J.TI3A.,"['CH1', 'CH2', 'CHZ']",2019-01-19T21:27:18.020000Z,3.68
452,20190119T213110Z,1J.TI3A.,"['CH1', 'CH2', 'CHZ']",2019-01-19T21:31:10.860000Z,18.4
453,20190119T213541Z,1J.TI3A.,"['CH1', 'CH2', 'CHZ']",2019-01-19T21:35:41.640000Z,5.75
454,20190119T214649Z,1J.TI3A.,"['CH1', 'CH2', 'CHZ']",2019-01-19T21:46:49.120000Z,14.74
455,20190119T220833Z,1J.TI3A.,"['CH1', 'CH2', 'CHZ']",2019-01-19T22:08:33.970000Z,15.17
456,20190119T221127Z,1J.TI3A.,"['CH1', 'CH2', 'CHZ']",2019-01-19T22:11:27.400000Z,48.62
457,20190119T221527Z,1J.TI3A.,"['CH1', 'CH2', 'CHZ']",2019-01-19T22:15:31.320000Z,9.68
458,20190119T222018Z,1J.TI3A.,"['CH1', 'CH2', 'CHZ']",2019-01-19T22:20:18.040000Z,2.29
459,20190119T222312Z,1J.TI3A.,"['CH1', 'CH2', 'CHZ']",2019-01-19T22:23:12.220000Z,32.13
460,20190119T223506Z,1J.TI3A.,"['CH1', 'CH2', 'CHZ']",2019-01-19T22:35:06.350000Z,13.32
461,20190119T223624Z,1J.TI3A.,"['CH1', 'CH2', 'CHZ']",2019-01-19T22:36:25.550000Z,6.56
462,20190119T224731Z,1J.TI3A.,"['CH1', 'CH2', 'CHZ']",2019-01-19T22:47:36.000000Z,12.6
463,20190119T225438Z,1J.TI3A.,"['CH1', 'CH2', 'CHZ']",2019-01-19T22:54:38.990000Z,16.66
464,20190119T230302Z,1J.TI3A.,"['CH1', 'CH2', 'CHZ']",2019-01-19T23:03:26.580000Z,20.53
465,20190119T230458Z,1J.TI3A.,"['CH1', 'CH2', 'CHZ']",2019-01-19T23:04:58.770000Z,7.56
466,20190119T231229Z,1J.TI3A.,"['CH1', 'CH2', 'CHZ']",2019-01-19T23:12:29.770000Z,12.9
467,20190119T231524Z,1J.TI3A.,"['CH1', 'CH2', 'CHZ']",2019-01-19T23:15:24.230000Z,8.33
468,20190119T232443Z,1J.TI3A.,"['CH1', 'CH2', 'CHZ']",2019-01-19T23:24:43.620000Z,17.26
469,20190119T232741Z,1J.TI3A.,"['CH1', 'CH2', 'CHZ']",2019-01-19T23:27:41.860000Z,3.42
470,20190119T234332Z,1J.TI3A.,"['CH1', 'CH2', 'CHZ']",2019-01-19T23:43:32.820000Z,9.59
471,20190119T234559Z,1J.TI3A.,"['CH1', 'CH2', 'CHZ']",2019-01-19T23:45:59.850000Z,15.99
472,20190119T235143Z,1J.TI3A.,"['CH1', 'CH2', 'CHZ']",2019-01-19T23:51:44.770000Z,17.24
473,20190119T000150Z,1J.TI8A.,"['CH1', 'CH2', 'CHZ']",2019-01-19T00:01:50.110000Z,5.13
474,20190119T000534Z,1J.TI8A.,"['CH1', 'CH2', 'CHZ']",2019-01-19T00:05:34.150000Z,7.3
475,20190119T000911Z,1J.TI8A.,"['CH1', 'CH2', 'CHZ']",2019-01-19T00:09:11.570000Z,5.77
476,20190119T001014Z,1J.TI8A.,"['CH1', 'CH2', 'CHZ']",2019-01-19T00:10:14.080000Z,20.31
477,20190119T001122Z,1J.TI8A.,"['CH1', 'CH2', 'CHZ']",2019-01-19T00:11:22.670000Z,1.67
478,20190119T001516Z,1J.TI8A.,"['CH1', 'CH2', 'CHZ']",2019-01-19T00:15:16.510000Z,6.09
479,20190119T001751Z,1J.TI8A.,"['CH1', 'CH2', 'CHZ']",2019-01-19T00:17:51.690000Z,6.61
480,20190119T002348Z,1J.TI8A.,"['CH1', 'CH2', 'CHZ']",2019-01-19T00:23:51.010000Z,10.19
481,20190119T002830Z,1J.TI8A.,"['CH1', 'CH2', 'CHZ']",2019-01-19T00:28:32.660000Z,17.86
482,20190119T003740Z,1J.TI8A.,"['CH1', 'CH2', 'CHZ']",2019-01-19T00:37:40.690000Z,8.45
483,20190119T004120Z,1J.TI8A.,"['CH1', 'CH2', 'CHZ']",2019-01-19T00:41:22.880000Z,19.64
484,20190119T004243Z,1J.TI8A.,"['CH1', 'CH2', 'CHZ']",2019-01-19T00:42:43.660000Z,2.64
485,20190119T004343Z,1J.TI8A.,"['CH1', 'CH2', 'CHZ']",2019-01-19T00:43:49.270000Z,2.77
486,20190119T004617Z,1J.TI8A.,"['CH1', 'CH2', 'CHZ']",2019-01-19T00:46:26.590000Z,5.27
487,20190119T010425Z,1J.TI8A.,"['CH1', 'CH2', 'CHZ']",2019-01-19T01:04:28.000000Z,15.63
488,20190119T010539Z,1J.TI8A.,"['CH1', 'CH2', 'CHZ']",2019-01-19T01:05:39.550000Z,7.56
489,20190119T011126Z,1J.TI8A.,"['CH1', 'CH2', 'CHZ']",2019-01-19T01:11:26.670000Z,18.57
490,20190119T011739Z,1J.TI8A.,"['CH1', 'CH2', 'CHZ']",2019-01-19T01:17:41.170000Z,54.64
491,20190119T012516Z,1J.TI8A.,"['CH1', 'CH2', 'CHZ']",2019-01-19T01:25:16.100000Z,4.56
492,20190119T012755Z,1J.TI8A.,"['CH1', 'CH2', 'CHZ']",2019-01-19T01:27:55.000000Z,2.26
493,20190119T013033Z,1J.TI8A.,"['CH1', 'CH2', 'CHZ']",2019-01-19T01:30:33.010000Z,31.07
494,20190119T013141Z,1J.TI8A.,"['CH1', 'CH2', 'CHZ']",2019-01-19T01:31:45.300000Z,7.21
495,20190119T013343Z,1J.TI8A.,"['CH1', 'CH2', 'CHZ']",2019-01-19T01:33:43.190000Z,14.97
496,20190119T013609Z,1J.TI8A.,"['CH1', 'CH2', 'CHZ']",2019-01-19T01:36:33.630000Z,14.72
497,20190119T014036Z,1J.TI8A.,"['CH1', 'CH2', 'CHZ']",2019-01-19T01:40:37.480000Z,11.29
498,20190119T015505Z,1J.TI8A.,"['CH1', 'CH2', 'CHZ']",2019-01-19T01:55:05.880000Z,60.23
499,20190119T020928Z,1J.TI8A.,"['CH1', 'CH2', 'CHZ']",2019-01-19T02:09:28.700000Z,18.52
500,20190119T021128Z,1J.TI8A.,"['CH1', 'CH2', 'CHZ']",2019-01-19T02:11:28.530000Z,18.61
501,20190119T021926Z,1J.TI8A.,"['CH1', 'CH2', 'CHZ']",2019-01-19T02:19:31.970000Z,10.7
502,20190119T024542Z,1J.TI8A.,"['CH1', 'CH2', 'CHZ']",2019-01-19T02:45:42.040000Z,22.63
503,20190119T024903Z,1J.TI8A.,"['CH1', 'CH2', 'CHZ']",2019-01-19T02:49:37.480000Z,4.68
504,20190119T025820Z,1J.TI8A.,"['CH1', 'CH2', 'CHZ']",2019-01-19T02:58:20.040000Z,12.28
505,20190119T031251Z,1J.TI8A.,"['CH1', 'CH2', 'CHZ']",2019-01-19T03:12:52.440000Z,49.4
506,20190119T032236Z,1J.TI8A.,"['CH1', 'CH2', 'CHZ']",2019-01-19T03:22:36.440000Z,3.22
507,20190119T035206Z,1J.TI8A.,"['CH1', 'CH2', 'CHZ']",2019-01-19T03:52:13.200000Z,25.54
508,20190119T035541Z,1J.TI8A.,"['CH1', 'CH2', 'CHZ']",2019-01-19T03:55:41.090000Z,10.4
509,20190119T040344Z,1J.TI8A.,"['CH1', 'CH2', 'CHZ']",2019-01-19T04:03:44.100000Z,50.72
510,20190119T040912Z,1J.TI8A.,"['CH1', 'CH2', 'CHZ']",2019-01-19T04:09:12.570000Z,20.38
511,20190119T041551Z,1J.TI8A.,"['CH1', 'CH2', 'CHZ']",2019-01-19T04:15:56.700000Z,18.66
512,20190119T042032Z,1J.TI8A.,"['CH1', 'CH2', 'CHZ']",2019-01-19T04:20:32.500000Z,15.44
513,20190119T043855Z,1J.TI8A.,"['CH1', 'CH2', 'CHZ']",2019-01-19T04:38:55.350000Z,48.15
514,20190119T045152Z,1J.TI8A.,"['CH1', 'CH2', 'CHZ']",2019-01-19T04:52:09.010000Z,20.14
515,20190119T045631Z,1J.TI8A.,"['CH1', 'CH2', 'CHZ']",2019-01-19T04:56:35.630000Z,15.66
516,20190119T051201Z,1J.TI8A.,"['CH1', 'CH2', 'CHZ']",2019-01-19T05:12:01.510000Z,18.85
517,20190119T051714Z,1J.TI8A.,"['CH1', 'CH2', 'CHZ']",2019-01-19T05:17:16.920000Z,12.27
518,20190119T052046Z,1J.TI8A.,"['CH1', 'CH2', 'CHZ']",2019-01-19T05:20:49.330000Z,49.09
519,20190119T054111Z,1J.TI8A.,"['CH1', 'CH2', 'CHZ']",2019-01-19T05:41:13.840000Z,52.68
520,20190119T054439Z,1J.TI8A.,"['CH1', 'CH2', 'CHZ']",2019-01-19T05:44:43.320000Z,4.53
521,20190119T055200Z,1J.TI8A.,"['CH1', 'CH2', 'CHZ']",2019-01-19T05:52:11.050000Z,19.13
522,20190119T055552Z,1J.TI8A.,"['CH1', 'CH2', 'CHZ']",2019-01-19T05:55:56.340000Z,3.76
523,20190119T060009Z,1J.TI8A.,"['CH1', 'CH2', 'CHZ']",2019-01-19T06:00:09.010000Z,5.4
524,20190119T060053Z,1J.TI8A.,"['CH1', 'CH2', 'CHZ']",2019-01-19T06:01:01.350000Z,22.85
525,20190119T061612Z,1J.TI8A.,"['CH1', 'CH2', 'CHZ']",2019-01-19T06:16:15.360000Z,11.72
526,20190119T061848Z,1J.TI8A.,"['CH1', 'CH2', 'CHZ']",2019-01-19T06:18:50.070000Z,6.89
527,20190119T062323Z,1J.TI8A.,"['CH1', 'CH2', 'CHZ']",2019-01-19T06:23:25.700000Z,10.55
528,20190119T062644Z,1J.TI8A.,"['CH1', 'CH2', 'CHZ']",2019-01-19T06:26:48.020000Z,11.13
529,20190119T062914Z,1J.TI8A.,"['CH1', 'CH2', 'CHZ']",2019-01-19T06:29:21.240000Z,14.73
530,20190119T063859Z,1J.TI8A.,"['CH1', 'CH2', 'CHZ']",2019-01-19T06:38:59.310000Z,2.52
531,20190119T065220Z,1J.TI8A.,"['CH1', 'CH2', 'CHZ']",2019-01-19T06:52:20.490000Z,7.52
532,20190119T065316Z,1J.TI8A.,"['CH1', 'CH2', 'CHZ']",2019-01-19T06:53:16.300000Z,6.05
533,20190119T065625Z,1J.TI8A.,"['CH1', 'CH2', 'CHZ']",2019-01-19T06:56:27.450000Z,17.67
534,20190119T071911Z,1J.TI8A.,"['CH1', 'CH2', 'CHZ']",2019-01-19T07:19:14.170000Z,53.62
535,20190119T072908Z,1J.TI8A.,"['CH1', 'CH2', 'CHZ']",2019-01-19T07:29:13.560000Z,49.76
536,20190119T073310Z,1J.TI8A.,"['CH1', 'CH2', 'CHZ']",2019-01-19T07:33:13.330000Z,8.97
537,20190119T073911Z,1J.TI8A.,"['CH1', 'CH2', 'CHZ']",2019-01-19T07:39:31.670000Z,23.28
538,20190119T074010Z,1J.TI8A.,"['CH1', 'CH2', 'CHZ']",2019-01-19T07:40:10.660000Z,11.41
539,20190119T075106Z,1J.TI8A.,"['CH1', 'CH2', 'CHZ']",2019-01-19T07:51:09.170000Z,44.9
540,20190119T075240Z,1J.TI8A.,"['CH1', 'CH2', 'CHZ']",2019-01-19T07:52:41.750000Z,10.8
541,20190119T080059Z,1J.TI8A.,"['CH1', 'CH2', 'CHZ']",2019-01-19T08:00:59.950000Z,21.62
542,20190119T080210Z,1J.TI8A.,"['CH1', 'CH2', 'CHZ']",2019-01-19T08:02:10.660000Z,4.83
543,20190119T080233Z,1J.TI8A.,"['CH1', 'CH2', 'CHZ']",2019-01-19T08:02:38.350000Z,29.43
544,20190119T080905Z,1J.TI8A.,"['CH1', 'CH2', 'CHZ']",2019-01-19T08:09:05.330000Z,20.17
545,20190119T081303Z,1J.TI8A.,"['CH1', 'CH2', 'CHZ']",2019-01-19T08:13:03.560000Z,21.29
546,20190119T082000Z,1J.TI8A.,"['CH1', 'CH2', 'CHZ']",2019-01-19T08:20:13.070000Z,24.19
547,20190119T083307Z,1J.TI8A.,"['CH1', 'CH2', 'CHZ']",2019-01-19T08:33:25.860000Z,10.88
548,20190119T084528Z,1J.TI8A.,"['CH1', 'CH2', 'CHZ']",2019-01-19T08:45:28.360000Z,1.96
549,20190119T085212Z,1J.TI8A.,"['CH1', 'CH2', 'CHZ']",2019-01-19T08:52:15.700000Z,18.72
550,20190119T085442Z,1J.TI8A.,"['CH1', 'CH2', 'CHZ']",2019-01-19T08:54:42.480000Z,5.42
551,20190119T090418Z,1J.TI8A.,"['CH1', 'CH2', 'CHZ']",2019-01-19T09:04:18.500000Z,3.04
552,20190119T090500Z,1J.TI8A.,"['CH1', 'CH2', 'CHZ']",2019-01-19T09:05:04.150000Z,7.82
553,20190119T091851Z,1J.TI8A.,"['CH1', 'CH2', 'CHZ']",2019-01-19T09:18:51.170000Z,4.27
554,20190119T092002Z,1J.TI8A.,"['CH1', 'CH2', 'CHZ']",2019-01-19T09:20:05.330000Z,48.55
555,20190119T092345Z,1J.TI8A.,"['CH1', 'CH2', 'CHZ']",2019-01-19T09:23:47.990000Z,12.15
556,20190119T093258Z,1J.TI8A.,"['CH1', 'CH2', 'CHZ']",2019-01-19T09:33:03.620000Z,10.62
557,20190119T094550Z,1J.TI8A.,"['CH1', 'CH2', 'CHZ']",2019-01-19T09:45:50.650000Z,22.33
558,20190119T100759Z,1J.TI8A.,"['CH1', 'CH2', 'CHZ']",2019-01-19T10:08:02.000000Z,13.53
559,20190119T101937Z,1J.TI8A.,"['CH1', 'CH2', 'CHZ']",2019-01-19T10:19:40.640000Z,11.64
560,20190119T102049Z,1J.TI8A.,"['CH1', 'CH2', 'CHZ']",2019-01-19T10:20:49.950000Z,23.97
561,20190119T103513Z,1J.TI8A.,"['CH1', 'CH2', 'CHZ']",2019-01-19T10:35:44.880000Z,51.04
562,20190119T105250Z,1J.TI8A.,"['CH1', 'CH2', 'CHZ']",2019-01-19T10:52:52.120000Z,48.61
563,20190119T110203Z,1J.TI8A.,"['CH1', 'CH2', 'CHZ']",2019-01-19T11:02:05.610000Z,15.63
564,20190119T112034Z,1J.TI8A.,"['CH1', 'CH2', 'CHZ']",2019-01-19T11:20:34.820000Z,17.32
565,20190119T115046Z,1J.TI8A.,"['CH1', 'CH2', 'CHZ']",2019-01-19T11:50:46.100000Z,10.4
566,20190119T120513Z,1J.TI8A.,"['CH1', 'CH2', 'CHZ']",2019-01-19T12:05:13.590000Z,7.42
567,20190119T122011Z,1J.TI8A.,"['CH1', 'CH2', 'CHZ']",2019-01-19T12:20:11.760000Z,10.6
568,20190119T122034Z,1J.TI8A.,"['CH1', 'CH2', 'CHZ']",2019-01-19T12:20:39.390000Z,19.6
569,20190119T122326Z,1J.TI8A.,"['CH1', 'CH2', 'CHZ']",2019-01-19T12:23:56.550000Z,44.84
570,20190119T124357Z,1J.TI8A.,"['CH1', 'CH2', 'CHZ']",2019-01-19T12:43:57.420000Z,6.32
571,20190119T130056Z,1J.TI8A.,"['CH1', 'CH2', 'CHZ']",2019-01-19T13:00:56.250000Z,15.48
572,20190119T132321Z,1J.TI8A.,"['CH1', 'CH2', 'CHZ']",2019-01-19T13:23:23.960000Z,23.96
573,20190119T132649Z,1J.TI8A.,"['CH1', 'CH2', 'CHZ']",2019-01-19T13:26:49.930000Z,5.4
574,20190119T132942Z,1J.TI8A.,"['CH1', 'CH2', 'CHZ']",2019-01-19T13:29:48.420000Z,7.26
575,20190119T133523Z,1J.TI8A.,"['CH1', 'CH2', 'CHZ']",2019-01-19T13:35:24.840000Z,12.81
576,20190119T134620Z,1J.TI8A.,"['CH1', 'CH2', 'CHZ']",2019-01-19T13:46:20.890000Z,15.61
577,20190119T134857Z,1J.TI8A.,"['CH1', 'CH2', 'CHZ']",2019-01-19T13:48:57.940000Z,21.22
578,20190119T140654Z,1J.TI8A.,"['CH1', 'CH2', 'CHZ']",2019-01-19T14:06:54.040000Z,10.83
579,20190119T141238Z,1J.TI8A.,"['CH1', 'CH2', 'CHZ']",2019-01-19T14:12:38.980000Z,19.37
580,20190119T141821Z,1J.TI8A.,"['CH1', 'CH2', 'CHZ']",2019-01-19T14:18:23.390000Z,12.91
581,20190119T142501Z,1J.TI8A.,"['CH1', 'CH2', 'CHZ']",2019-01-19T14:25:01.540000Z,50.38
582,20190119T145027Z,1J.TI8A.,"['CH1', 'CH2', 'CHZ']",2019-01-19T14:50:30.830000Z,44.87
583,20190119T150143Z,1J.TI8A.,"['CH1', 'CH2', 'CHZ']",2019-01-19T15:01:43.490000Z,5.78
584,20190119T150351Z,1J.TI8A.,"['CH1', 'CH2', 'CHZ']",2019-01-19T15:04:18.720000Z,38.89
585,20190119T151825Z,1J.TI8A.,"['CH1', 'CH2', 'CHZ']",2019-01-19T15:18:29.420000Z,15.76
586,20190119T152524Z,1J.TI8A.,"['CH1', 'CH2', 'CHZ']",2019-01-19T15:25:26.640000Z,16.76
587,20190119T153734Z,1J.TI8A.,"['CH1', 'CH2', 'CHZ']",2019-01-19T15:37:34.560000Z,17.74
588,20190119T154445Z,1J.TI8A.,"['CH1', 'CH2', 'CHZ']",2019-01-19T15:44:45.470000Z,15.5
589,20190119T162144Z,1J.TI8A.,"['CH1', 'CH2', 'CHZ']",2019-01-19T16:21:49.760000Z,15.16
590,20190119T162354Z,1J.TI8A.,"['CH1', 'CH2', 'CHZ']",2019-01-19T16:23:54.230000Z,21.79
591,20190119T162611Z,1J.TI8A.,"['CH1', 'CH2', 'CHZ']",2019-01-19T16:26:11.550000Z,3.14
592,20190119T165308Z,1J.TI8A.,"['CH1', 'CH2', 'CHZ']",2019-01-19T16:53:20.500000Z,3.53
593,20190119T165537Z,1J.TI8A.,"['CH1', 'CH2', 'CHZ']",2019-01-19T16:55:41.350000Z,15.0
594,20190119T170302Z,1J.TI8A.,"['CH1', 'CH2', 'CHZ']",2019-01-19T17:03:02.060000Z,13.38
595,20190119T171138Z,1J.TI8A.,"['CH1', 'CH2', 'CHZ']",2019-01-19T17:11:41.080000Z,7.65
596,20190119T171639Z,1J.TI8A.,"['CH1', 'CH2', 'CHZ']",2019-01-19T17:17:08.080000Z,18.91
597,20190119T174306Z,1J.TI8A.,"['CH1', 'CH2', 'CHZ']",2019-01-19T17:43:06.970000Z,4.98
598,20190119T174629Z,1J.TI8A.,"['CH1', 'CH2', 'CHZ']",2019-01-19T17:46:29.240000Z,1.62
599,20190119T180644Z,1J.TI8A.,"['CH1', 'CH2', 'CHZ']",2019-01-19T18:06:44.820000Z,8.48
600,20190119T181734Z,1J.TI8A.,"['CH1', 'CH2', 'CHZ']",2019-01-19T18:17:39.150000Z,11.65
601,20190119T185345Z,1J.TI8A.,"['CH1', 'CH2', 'CHZ']",2019-01-19T18:53:45.760000Z,49.21
602,20190119T185831Z,1J.TI8A.,"['CH1', 'CH2', 'CHZ']",2019-01-19T18:58:36.800000Z,12.71
603,20190119T191539Z,1J.TI8A.,"['CH1', 'CH2', 'CHZ']",2019-01-19T19:15:44.560000Z,10.53
604,20190119T191808Z,1J.TI8A.,"['CH1', 'CH2', 'CHZ']",2019-01-19T19:18:08.110000Z,6.81
605,20190119T191832Z,1J.TI8A.,"['CH1', 'CH2', 'CHZ']",2019-01-19T19:18:38.060000Z,15.43
606,20190119T192441Z,1J.TI8A.,"['CH1', 'CH2', 'CHZ']",2019-01-19T19:24:41.160000Z,4.38
607,20190119T193137Z,1J.TI8A.,"['CH1', 'CH2', 'CHZ']",2019-01-19T19:31:37.630000Z,18.42
608,20190119T200117Z,1J.TI8A.,"['CH1', 'CH2', 'CHZ']",2019-01-19T20:01:32.460000Z,41.77
609,20190119T201725Z,1J.TI8A.,"['CH1', 'CH2', 'CHZ']",2019-01-19T20:17:25.580000Z,18.95
610,20190119T201744Z,1J.TI8A.,"['CH1', 'CH2', 'CHZ']",2019-01-19T20:18:00.520000Z,12.72
611,20190119T202722Z,1J.TI8A.,"['CH1', 'CH2', 'CHZ']",2019-01-19T20:27:22.330000Z,8.0
612,20190119T203012Z,1J.TI8A.,"['CH1', 'CH2', 'CHZ']",2019-01-19T20:30:15.170000Z,21.15
613,20190119T204015Z,1J.TI8A.,"['CH1', 'CH2', 'CHZ']",2019-01-19T20:40:21.370000Z,12.62
614,20190119T204452Z,1J.TI8A.,"['CH1', 'CH2', 'CHZ']",2019-01-19T20:44:52.330000Z,11.3
615,20190119T204659Z,1J.TI8A.,"['CH1', 'CH2', 'CHZ']",2019-01-19T20:46:59.410000Z,3.1
616,20190119T220301Z,1J.TI8A.,"['CH1', 'CH2', 'CHZ']",2019-01-19T22:03:01.830000Z,21.36
617,20190119T221127Z,1J.TI8A.,"['CH1', 'CH2', 'CHZ']",2019-01-19T22:11:32.060000Z,48.4
618,20190119T222312Z,1J.TI8A.,"['CH1', 'CH2', 'CHZ']",2019-01-19T22:23:14.890000Z,34.85
619,20190119T224731Z,1J.TI8A.,"['CH1', 'CH2', 'CHZ']",2019-01-19T22:47:39.390000Z,15.46
620,20190119T225021Z,1J.TI8A.,"['CH1', 'CH2', 'CHZ']",2019-01-19T22:50:24.680000Z,5.91
621,20190119T225900Z,1J.TI8A.,"['CH1', 'CH2', 'CHZ']",2019-01-19T22:59:00.940000Z,13.29
622,20190119T230302Z,1J.TI8A.,"['CH1', 'CH2', 'CHZ']",2019-01-19T23:03:02.040000Z,49.63
623,20190119T231229Z,1J.TI8A.,"['CH1', 'CH2', 'CHZ']",2019-01-19T23:12:33.840000Z,5.24
624,20190119T231430Z,1J.TI8A.,"['CH1', 'CH2', 'CHZ']",2019-01-19T23:14:31.760000Z,4.61
625,20190119T231500Z,1J.TI8A.,"['CH1', 'CH2', 'CHZ']",2019-01-19T23:15:04.050000Z,9.89
626,20190119T231524Z,1J.TI8A.,"['CH1', 'CH2', 'CHZ']",2019-01-19T23:15:29.260000Z,11.72
627,20190119T231816Z,1J.TI8A.,"['CH1', 'CH2', 'CHZ']",2019-01-19T23:18:16.130000Z,4.46
628,20190119T233105Z,1J.TI8A.,"['CH1', 'CH2', 'CHZ']",2019-01-19T23:31:09.170000Z,10.65
629,20190119T233333Z,1J.TI8A.,"['CH1', 'CH2', 'CHZ']",2019-01-19T23:33:35.990000Z,11.08
630,20190119T234657Z,1J.TI8A.,"['CH1', 'CH2', 'CHZ']",2019-01-19T23:46:57.310000Z,22.15
631,20190119T235143Z,1J.TI8A.,"['CH1', 'CH2', 'CHZ']",2019-01-19T23:51:45.390000Z,14.85
632,20190119T000115Z,1J.TI6A.,"['CH1', 'CH2', 'CHZ']",2019-01-19T00:01:15.030000Z,5.94
633,20190119T001432Z,1J.TI6A.,"['CH1', 'CH2', 'CHZ']",2019-01-19T00:14:33.630000Z,15.7
634,20190119T001813Z,1J.TI6A.,"['CH1', 'CH2', 'CHZ']",2019-01-19T00:18:17.940000Z,2.96
635,20190119T002830Z,1J.TI6A.,"['CH1', 'CH2', 'CHZ']",2019-01-19T00:28:30.700000Z,15.04
636,20190119T004120Z,1J.TI6A.,"['CH1', 'CH2', 'CHZ']",2019-01-19T00:41:22.480000Z,17.18
637,20190119T004343Z,1J.TI6A.,"['CH1', 'CH2', 'CHZ']",2019-01-19T00:43:47.980000Z,4.04
638,20190119T004617Z,1J.TI6A.,"['CH1', 'CH2', 'CHZ']",2019-01-19T00:46:22.510000Z,3.54
639,20190119T005636Z,1J.TI6A.,"['CH1', 'CH2', 'CHZ']",2019-01-19T00:56:36.250000Z,1.65
640,20190119T005801Z,1J.TI6A.,"['CH1', 'CH2', 'CHZ']",2019-01-19T00:58:05.560000Z,4.06
641,20190119T010425Z,1J.TI6A.,"['CH1', 'CH2', 'CHZ']",2019-01-19T01:04:25.850000Z,17.08
642,20190119T010659Z,1J.TI6A.,"['CH1', 'CH2', 'CHZ']",2019-01-19T01:06:59.550000Z,4.33
643,20190119T011352Z,1J.TI6A.,"['CH1', 'CH2', 'CHZ']",2019-01-19T01:13:53.570000Z,14.55
644,20190119T011739Z,1J.TI6A.,"['CH1', 'CH2', 'CHZ']",2019-01-19T01:17:39.780000Z,54.54
645,20190119T012000Z,1J.TI6A.,"['CH1', 'CH2', 'CHZ']",2019-01-19T01:20:00.770000Z,1.7
646,20190119T013927Z,1J.TI6A.,"['CH1', 'CH2', 'CHZ']",2019-01-19T01:39:31.690000Z,6.55
647,20190119T014036Z,1J.TI6A.,"['CH1', 'CH2', 'CHZ']",2019-01-19T01:40:36.820000Z,6.89
648,20190119T021926Z,1J.TI6A.,"['CH1', 'CH2', 'CHZ']",2019-01-19T02:19:27.480000Z,12.85
649,20190119T022949Z,1J.TI6A.,"['CH1', 'CH2', 'CHZ']",2019-01-19T02:29:54.110000Z,1.58
650,20190119T024542Z,1J.TI6A.,"['CH1', 'CH2', 'CHZ']",2019-01-19T02:45:49.470000Z,9.64
651,20190119T024903Z,1J.TI6A.,"['CH1', 'CH2', 'CHZ']",2019-01-19T02:49:32.800000Z,16.76
652,20190119T031251Z,1J.TI6A.,"['CH1', 'CH2', 'CHZ']",2019-01-19T03:12:52.380000Z,47.79
653,20190119T035331Z,1J.TI6A.,"['CH1', 'CH2', 'CHZ']",2019-01-19T03:53:35.950000Z,3.16
654,20190119T040344Z,1J.TI6A.,"['CH1', 'CH2', 'CHZ']",2019-01-19T04:04:11.180000Z,19.18
655,20190119T040912Z,1J.TI6A.,"['CH1', 'CH2', 'CHZ']",2019-01-19T04:09:15.140000Z,14.2
656,20190119T041551Z,1J.TI6A.,"['CH1', 'CH2', 'CHZ']",2019-01-19T04:15:54.100000Z,12.99
657,20190119T043052Z,1J.TI6A.,"['CH1', 'CH2', 'CHZ']",2019-01-19T04:30:52.070000Z,3.74
658,20190119T043417Z,1J.TI6A.,"['CH1', 'CH2', 'CHZ']",2019-01-19T04:34:17.460000Z,7.1
659,20190119T043855Z,1J.TI6A.,"['CH1', 'CH2', 'CHZ']",2019-01-19T04:39:20.690000Z,21.17
660,20190119T044022Z,1J.TI6A.,"['CH1', 'CH2', 'CHZ']",2019-01-19T04:40:22.680000Z,4.01
661,20190119T044456Z,1J.TI6A.,"['CH1', 'CH2', 'CHZ']",2019-01-19T04:44:57.710000Z,14.97
662,20190119T044812Z,1J.TI6A.,"['CH1', 'CH2', 'CHZ']",2019-01-19T04:48:12.500000Z,6.88
663,20190119T044855Z,1J.TI6A.,"['CH1', 'CH2', 'CHZ']",2019-01-19T04:48:59.910000Z,3.05
664,20190119T045152Z,1J.TI6A.,"['CH1', 'CH2', 'CHZ']",2019-01-19T04:52:07.450000Z,22.52
665,20190119T045929Z,1J.TI6A.,"['CH1', 'CH2', 'CHZ']",2019-01-19T04:59:29.390000Z,5.45
666,20190119T051225Z,1J.TI6A.,"['CH1', 'CH2', 'CHZ']",2019-01-19T05:12:25.080000Z,1.22
667,20190119T051359Z,1J.TI6A.,"['CH1', 'CH2', 'CHZ']",2019-01-19T05:14:00.430000Z,18.81
668,20190119T051539Z,1J.TI6A.,"['CH1', 'CH2', 'CHZ']",2019-01-19T05:15:39.860000Z,1.24
669,20190119T051714Z,1J.TI6A.,"['CH1', 'CH2', 'CHZ']",2019-01-19T05:17:14.710000Z,16.69
670,20190119T051741Z,1J.TI6A.,"['CH1', 'CH2', 'CHZ']",2019-01-19T05:17:46.240000Z,3.27
671,20190119T052046Z,1J.TI6A.,"['CH1', 'CH2', 'CHZ']",2019-01-19T05:20:47.500000Z,49.72
672,20190119T052515Z,1J.TI6A.,"['CH1', 'CH2', 'CHZ']",2019-01-19T05:25:15.380000Z,1.52
673,20190119T052643Z,1J.TI6A.,"['CH1', 'CH2', 'CHZ']",2019-01-19T05:26:44.650000Z,13.68
674,20190119T053209Z,1J.TI6A.,"['CH1', 'CH2', 'CHZ']",2019-01-19T05:32:09.560000Z,9.76
675,20190119T053519Z,1J.TI6A.,"['CH1', 'CH2', 'CHZ']",2019-01-19T05:35:19.450000Z,1.62
676,20190119T053720Z,1J.TI6A.,"['CH1', 'CH2', 'CHZ']",2019-01-19T05:37:20.070000Z,1.86
677,20190119T054034Z,1J.TI6A.,"['CH1', 'CH2', 'CHZ']",2019-01-19T05:40:34.160000Z,9.97
678,20190119T054111Z,1J.TI6A.,"['CH1', 'CH2', 'CHZ']",2019-01-19T05:41:12.250000Z,52.16
679,20190119T054439Z,1J.TI6A.,"['CH1', 'CH2', 'CHZ']",2019-01-19T05:44:39.910000Z,7.42
680,20190119T054752Z,1J.TI6A.,"['CH1', 'CH2', 'CHZ']",2019-01-19T05:47:52.670000Z,1.24
681,20190119T055039Z,1J.TI6A.,"['CH1', 'CH2', 'CHZ']",2019-01-19T05:50:39.560000Z,8.6
682,20190119T055126Z,1J.TI6A.,"['CH1', 'CH2', 'CHZ']",2019-01-19T05:51:28.400000Z,14.92
683,20190119T055200Z,1J.TI6A.,"['CH1', 'CH2', 'CHZ']",2019-01-19T05:52:11.150000Z,18.99
684,20190119T055552Z,1J.TI6A.,"['CH1', 'CH2', 'CHZ']",2019-01-19T05:55:53.030000Z,9.2
685,20190119T055847Z,1J.TI6A.,"['CH1', 'CH2', 'CHZ']",2019-01-19T05:58:52.230000Z,8.27
686,20190119T055919Z,1J.TI6A.,"['CH1', 'CH2', 'CHZ']",2019-01-19T05:59:21.700000Z,9.46
687,20190119T055948Z,1J.TI6A.,"['CH1', 'CH2', 'CHZ']",2019-01-19T05:59:51.870000Z,10.33
688,20190119T060053Z,1J.TI6A.,"['CH1', 'CH2', 'CHZ']",2019-01-19T06:00:59.080000Z,23.45
689,20190119T060549Z,1J.TI6A.,"['CH1', 'CH2', 'CHZ']",2019-01-19T06:05:49.270000Z,1.85
690,20190119T060621Z,1J.TI6A.,"['CH1', 'CH2', 'CHZ']",2019-01-19T06:06:21.260000Z,5.79
691,20190119T060753Z,1J.TI6A.,"['CH1', 'CH2', 'CHZ']",2019-01-19T06:07:53.220000Z,1.67
692,20190119T060807Z,1J.TI6A.,"['CH1', 'CH2', 'CHZ']",2019-01-19T06:08:08.690000Z,10.81
693,20190119T061126Z,1J.TI6A.,"['CH1', 'CH2', 'CHZ']",2019-01-19T06:11:26.220000Z,1.17
694,20190119T061322Z,1J.TI6A.,"['CH1', 'CH2', 'CHZ']",2019-01-19T06:13:24.020000Z,7.23
695,20190119T061352Z,1J.TI6A.,"['CH1', 'CH2', 'CHZ']",2019-01-19T06:13:52.400000Z,6.21
696,20190119T061508Z,1J.TI6A.,"['CH1', 'CH2', 'CHZ']",2019-01-19T06:15:09.310000Z,4.75
697,20190119T061612Z,1J.TI6A.,"['CH1', 'CH2', 'CHZ']",2019-01-19T06:16:12.320000Z,16.49
698,20190119T061848Z,1J.TI6A.,"['CH1', 'CH2', 'CHZ']",2019-01-19T06:18:48.540000Z,14.28
699,20190119T062323Z,1J.TI6A.,"['CH1', 'CH2', 'CHZ']",2019-01-19T06:23:23.150000Z,12.82
700,20190119T062359Z,1J.TI6A.,"['CH1', 'CH2', 'CHZ']",2019-01-19T06:23:59.670000Z,6.11
701,20190119T062614Z,1J.TI6A.,"['CH1', 'CH2', 'CHZ']",2019-01-19T06:26:14.070000Z,2.22
702,20190119T062914Z,1J.TI6A.,"['CH1', 'CH2', 'CHZ']",2019-01-19T06:29:15.490000Z,22.71
703,20190119T063029Z,1J.TI6A.,"['CH1', 'CH2', 'CHZ']",2019-01-19T06:30:29.530000Z,3.02
704,20190119T063536Z,1J.TI6A.,"['CH1', 'CH2', 'CHZ']",2019-01-19T06:35:36.860000Z,8.16
705,20190119T063814Z,1J.TI6A.,"['CH1', 'CH2', 'CHZ']",2019-01-19T06:38:14.430000Z,7.36
706,20190119T064220Z,1J.TI6A.,"['CH1', 'CH2', 'CHZ']",2019-01-19T06:42:20.870000Z,1.62
707,20190119T064405Z,1J.TI6A.,"['CH1', 'CH2', 'CHZ']",2019-01-19T06:44:05.840000Z,9.25
708,20190119T064504Z,1J.TI6A.,"['CH1', 'CH2', 'CHZ']",2019-01-19T06:45:04.410000Z,10.69
709,20190119T064653Z,1J.TI6A.,"['CH1', 'CH2', 'CHZ']",2019-01-19T06:46:53.410000Z,3.3
710,20190119T064841Z,1J.TI6A.,"['CH1', 'CH2', 'CHZ']",2019-01-19T06:48:41.740000Z,3.78
711,20190119T064951Z,1J.TI6A.,"['CH1', 'CH2', 'CHZ']",2019-01-19T06:49:51.940000Z,1.35
712,20190119T065000Z,1J.TI6A.,"['CH1', 'CH2', 'CHZ']",2019-01-19T06:50:00.830000Z,1.1
713,20190119T065051Z,1J.TI6A.,"['CH1', 'CH2', 'CHZ']",2019-01-19T06:51:02.180000Z,9.78
714,20190119T065136Z,1J.TI6A.,"['CH1', 'CH2', 'CHZ']",2019-01-19T06:51:36.170000Z,3.57
715,20190119T065307Z,1J.TI6A.,"['CH1', 'CH2', 'CHZ']",2019-01-19T06:53:07.020000Z,2.14
716,20190119T065458Z,1J.TI6A.,"['CH1', 'CH2', 'CHZ']",2019-01-19T06:54:58.360000Z,2.26
717,20190119T065625Z,1J.TI6A.,"['CH1', 'CH2', 'CHZ']",2019-01-19T06:56:25.200000Z,19.82
718,20190119T065856Z,1J.TI6A.,"['CH1', 'CH2', 'CHZ']",2019-01-19T06:58:56.580000Z,5.57
719,20190119T070115Z,1J.TI6A.,"['CH1', 'CH2', 'CHZ']",2019-01-19T07:01:15.670000Z,1.71
720,20190119T070535Z,1J.TI6A.,"['CH1', 'CH2', 'CHZ']",2019-01-19T07:05:35.420000Z,2.92
721,20190119T070811Z,1J.TI6A.,"['CH1', 'CH2', 'CHZ']",2019-01-19T07:08:11.600000Z,10.87
722,20190119T071015Z,1J.TI6A.,"['CH1', 'CH2', 'CHZ']",2019-01-19T07:10:16.410000Z,16.64
723,20190119T071404Z,1J.TI6A.,"['CH1', 'CH2', 'CHZ']",2019-01-19T07:14:04.340000Z,1.78
724,20190119T071412Z,1J.TI6A.,"['CH1', 'CH2', 'CHZ']",2019-01-19T07:14:31.420000Z,6.11
725,20190119T071513Z,1J.TI6A.,"['CH1', 'CH2', 'CHZ']",2019-01-19T07:15:14.960000Z,16.16
726,20190119T071911Z,1J.TI6A.,"['CH1', 'CH2', 'CHZ']",2019-01-19T07:19:12.690000Z,53.21
727,20190119T072253Z,1J.TI6A.,"['CH1', 'CH2', 'CHZ']",2019-01-19T07:22:53.250000Z,3.61
728,20190119T072438Z,1J.TI6A.,"['CH1', 'CH2', 'CHZ']",2019-01-19T07:24:38.480000Z,1.79
729,20190119T072908Z,1J.TI6A.,"['CH1', 'CH2', 'CHZ']",2019-01-19T07:29:11.900000Z,50.56
730,20190119T073148Z,1J.TI6A.,"['CH1', 'CH2', 'CHZ']",2019-01-19T07:31:48.310000Z,3.46
731,20190119T073230Z,1J.TI6A.,"['CH1', 'CH2', 'CHZ']",2019-01-19T07:32:30.330000Z,2.14
732,20190119T073310Z,1J.TI6A.,"['CH1', 'CH2', 'CHZ']",2019-01-19T07:33:10.420000Z,11.64
733,20190119T073508Z,1J.TI6A.,"['CH1', 'CH2', 'CHZ']",2019-01-19T07:35:08.430000Z,1.82
734,20190119T073732Z,1J.TI6A.,"['CH1', 'CH2', 'CHZ']",2019-01-19T07:37:32.470000Z,1.75
735,20190119T073806Z,1J.TI6A.,"['CH1', 'CH2', 'CHZ']",2019-01-19T07:38:06.020000Z,6.58
736,20190119T073818Z,1J.TI6A.,"['CH1', 'CH2', 'CHZ']",2019-01-19T07:38:18.940000Z,12.96
737,20190119T073911Z,1J.TI6A.,"['CH1', 'CH2', 'CHZ']",2019-01-19T07:39:35.510000Z,17.1
738,20190119T074010Z,1J.TI6A.,"['CH1', 'CH2', 'CHZ']",2019-01-19T07:40:13.150000Z,8.33
739,20190119T074421Z,1J.TI6A.,"['CH1', 'CH2', 'CHZ']",2019-01-19T07:44:21.320000Z,2.03
740,20190119T074638Z,1J.TI6A.,"['CH1', 'CH2', 'CHZ']",2019-01-19T07:46:41.680000Z,11.54
741,20190119T074730Z,1J.TI6A.,"['CH1', 'CH2', 'CHZ']",2019-01-19T07:47:30.620000Z,10.16
742,20190119T074928Z,1J.TI6A.,"['CH1', 'CH2', 'CHZ']",2019-01-19T07:49:28.130000Z,1.34
743,20190119T075106Z,1J.TI6A.,"['CH1', 'CH2', 'CHZ']",2019-01-19T07:51:07.250000Z,46.4
744,20190119T075240Z,1J.TI6A.,"['CH1', 'CH2', 'CHZ']",2019-01-19T07:52:40.480000Z,15.7
745,20190119T075502Z,1J.TI6A.,"['CH1', 'CH2', 'CHZ']",2019-01-19T07:55:02.600000Z,4.21
746,20190119T075859Z,1J.TI6A.,"['CH1', 'CH2', 'CHZ']",2019-01-19T07:58:59.720000Z,1.43
747,20190119T080059Z,1J.TI6A.,"['CH1', 'CH2', 'CHZ']",2019-01-19T08:01:01.200000Z,16.71
748,20190119T080144Z,1J.TI6A.,"['CH1', 'CH2', 'CHZ']",2019-01-19T08:01:45.780000Z,17.99
749,20190119T080233Z,1J.TI6A.,"['CH1', 'CH2', 'CHZ']",2019-01-19T08:02:35.030000Z,24.3
750,20190119T080536Z,1J.TI6A.,"['CH1', 'CH2', 'CHZ']",2019-01-19T08:05:36.550000Z,5.85
751,20190119T080739Z,1J.TI6A.,"['CH1', 'CH2', 'CHZ']",2019-01-19T08:07:39.930000Z,1.42
752,20190119T080835Z,1J.TI6A.,"['CH1', 'CH2', 'CHZ']",2019-01-19T08:08:39.380000Z,7.92
753,20190119T080905Z,1J.TI6A.,"['CH1', 'CH2', 'CHZ']",2019-01-19T08:09:11.960000Z,5.69
754,20190119T081133Z,1J.TI6A.,"['CH1', 'CH2', 'CHZ']",2019-01-19T08:11:33.640000Z,6.65
755,20190119T081303Z,1J.TI6A.,"['CH1', 'CH2', 'CHZ']",2019-01-19T08:13:12.250000Z,7.76
756,20190119T081513Z,1J.TI6A.,"['CH1', 'CH2', 'CHZ']",2019-01-19T08:15:13.210000Z,20.89
757,20190119T082000Z,1J.TI6A.,"['CH1', 'CH2', 'CHZ']",2019-01-19T08:20:24.910000Z,7.78
758,20190119T082255Z,1J.TI6A.,"['CH1', 'CH2', 'CHZ']",2019-01-19T08:22:55.090000Z,9.1
759,20190119T082457Z,1J.TI6A.,"['CH1', 'CH2', 'CHZ']",2019-01-19T08:25:00.980000Z,16.89
760,20190119T083054Z,1J.TI6A.,"['CH1', 'CH2', 'CHZ']",2019-01-19T08:30:54.830000Z,9.32
761,20190119T083214Z,1J.TI6A.,"['CH1', 'CH2', 'CHZ']",2019-01-19T08:32:15.510000Z,17.16
762,20190119T083307Z,1J.TI6A.,"['CH1', 'CH2', 'CHZ']",2019-01-19T08:33:23.570000Z,8.45
763,20190119T083917Z,1J.TI6A.,"['CH1', 'CH2', 'CHZ']",2019-01-19T08:39:18.840000Z,16.27
764,20190119T084005Z,1J.TI6A.,"['CH1', 'CH2', 'CHZ']",2019-01-19T08:40:05.950000Z,3.31
765,20190119T084706Z,1J.TI6A.,"['CH1', 'CH2', 'CHZ']",2019-01-19T08:47:06.720000Z,4.91
766,20190119T085212Z,1J.TI6A.,"['CH1', 'CH2', 'CHZ']",2019-01-19T08:52:13.380000Z,20.39
767,20190119T085700Z,1J.TI6A.,"['CH1', 'CH2', 'CHZ']",2019-01-19T08:57:00.280000Z,6.27
768,20190119T085853Z,1J.TI6A.,"['CH1', 'CH2', 'CHZ']",2019-01-19T08:58:55.020000Z,10.4
769,20190119T085958Z,1J.TI6A.,"['CH1', 'CH2', 'CHZ']",2019-01-19T08:59:59.250000Z,17.42
770,20190119T090241Z,1J.TI6A.,"['CH1', 'CH2', 'CHZ']",2019-01-19T09:02:44.420000Z,5.96
771,20190119T090500Z,1J.TI6A.,"['CH1', 'CH2', 'CHZ']",2019-01-19T09:05:00.730000Z,15.54
772,20190119T090814Z,1J.TI6A.,"['CH1', 'CH2', 'CHZ']",2019-01-19T09:08:14.750000Z,8.62
773,20190119T090847Z,1J.TI6A.,"['CH1', 'CH2', 'CHZ']",2019-01-19T09:08:50.690000Z,9.3
774,20190119T091719Z,1J.TI6A.,"['CH1', 'CH2', 'CHZ']",2019-01-19T09:17:19.050000Z,6.56
775,20190119T092002Z,1J.TI6A.,"['CH1', 'CH2', 'CHZ']",2019-01-19T09:20:02.460000Z,51.62
776,20190119T092345Z,1J.TI6A.,"['CH1', 'CH2', 'CHZ']",2019-01-19T09:23:46.080000Z,15.88
777,20190119T092515Z,1J.TI6A.,"['CH1', 'CH2', 'CHZ']",2019-01-19T09:25:15.760000Z,3.7
778,20190119T092608Z,1J.TI6A.,"['CH1', 'CH2', 'CHZ']",2019-01-19T09:26:10.260000Z,12.0
779,20190119T093258Z,1J.TI6A.,"['CH1', 'CH2', 'CHZ']",2019-01-19T09:33:00.450000Z,15.98
780,20190119T093334Z,1J.TI6A.,"['CH1', 'CH2', 'CHZ']",2019-01-19T09:33:34.530000Z,1.94
781,20190119T093549Z,1J.TI6A.,"['CH1', 'CH2', 'CHZ']",2019-01-19T09:35:50.590000Z,12.72
782,20190119T093919Z,1J.TI6A.,"['CH1', 'CH2', 'CHZ']",2019-01-19T09:39:19.970000Z,10.11
783,20190119T094139Z,1J.TI6A.,"['CH1', 'CH2', 'CHZ']",2019-01-19T09:41:39.800000Z,6.77
784,20190119T094550Z,1J.TI6A.,"['CH1', 'CH2', 'CHZ']",2019-01-19T09:46:01.090000Z,17.89
785,20190119T094903Z,1J.TI6A.,"['CH1', 'CH2', 'CHZ']",2019-01-19T09:49:04.720000Z,15.07
786,20190119T095035Z,1J.TI6A.,"['CH1', 'CH2', 'CHZ']",2019-01-19T09:50:35.330000Z,5.8
787,20190119T095050Z,1J.TI6A.,"['CH1', 'CH2', 'CHZ']",2019-01-19T09:50:50.360000Z,3.11
788,20190119T100120Z,1J.TI6A.,"['CH1', 'CH2', 'CHZ']",2019-01-19T10:01:20.820000Z,8.44
789,20190119T100759Z,1J.TI6A.,"['CH1', 'CH2', 'CHZ']",2019-01-19T10:07:59.750000Z,10.52
790,20190119T101203Z,1J.TI6A.,"['CH1', 'CH2', 'CHZ']",2019-01-19T10:12:03.630000Z,4.59
791,20190119T101523Z,1J.TI6A.,"['CH1', 'CH2', 'CHZ']",2019-01-19T10:15:24.920000Z,10.9
792,20190119T101937Z,1J.TI6A.,"['CH1', 'CH2', 'CHZ']",2019-01-19T10:19:37.520000Z,17.11
793,20190119T102049Z,1J.TI6A.,"['CH1', 'CH2', 'CHZ']",2019-01-19T10:20:52.860000Z,22.54
794,20190119T102257Z,1J.TI6A.,"['CH1', 'CH2', 'CHZ']",2019-01-19T10:22:57.090000Z,3.11
795,20190119T102957Z,1J.TI6A.,"['CH1', 'CH2', 'CHZ']",2019-01-19T10:29:58.790000Z,14.89
796,20190119T103247Z,1J.TI6A.,"['CH1', 'CH2', 'CHZ']",2019-01-19T10:32:47.750000Z,6.83
797,20190119T103312Z,1J.TI6A.,"['CH1', 'CH2', 'CHZ']",2019-01-19T10:33:34.550000Z,3.32
798,20190119T103513Z,1J.TI6A.,"['CH1', 'CH2', 'CHZ']",2019-01-19T10:35:38.050000Z,55.84
799,20190119T104149Z,1J.TI6A.,"['CH1', 'CH2', 'CHZ']",2019-01-19T10:41:49.390000Z,5.6
800,20190119T104935Z,1J.TI6A.,"['CH1', 'CH2', 'CHZ']",2019-01-19T10:49:35.310000Z,13.54
801,20190119T105250Z,1J.TI6A.,"['CH1', 'CH2', 'CHZ']",2019-01-19T10:52:50.870000Z,51.54
802,20190119T105841Z,1J.TI6A.,"['CH1', 'CH2', 'CHZ']",2019-01-19T10:58:41.450000Z,4.23
803,20190119T110203Z,1J.TI6A.,"['CH1', 'CH2', 'CHZ']",2019-01-19T11:02:03.960000Z,20.05
804,20190119T111316Z,1J.TI6A.,"['CH1', 'CH2', 'CHZ']",2019-01-19T11:13:16.920000Z,4.58
805,20190119T111347Z,1J.TI6A.,"['CH1', 'CH2', 'CHZ']",2019-01-19T11:13:49.140000Z,13.23
806,20190119T112503Z,1J.TI6A.,"['CH1', 'CH2', 'CHZ']",2019-01-19T11:25:03.890000Z,6.68
807,20190119T113704Z,1J.TI6A.,"['CH1', 'CH2', 'CHZ']",2019-01-19T11:37:04.680000Z,7.19
808,20190119T114219Z,1J.TI6A.,"['CH1', 'CH2', 'CHZ']",2019-01-19T11:42:22.500000Z,12.01
809,20190119T114551Z,1J.TI6A.,"['CH1', 'CH2', 'CHZ']",2019-01-19T11:45:55.980000Z,4.41
810,20190119T114953Z,1J.TI6A.,"['CH1', 'CH2', 'CHZ']",2019-01-19T11:49:53.330000Z,3.97
811,20190119T115046Z,1J.TI6A.,"['CH1', 'CH2', 'CHZ']",2019-01-19T11:50:49.890000Z,4.23
812,20190119T115155Z,1J.TI6A.,"['CH1', 'CH2', 'CHZ']",2019-01-19T11:51:55.650000Z,1.51
813,20190119T115727Z,1J.TI6A.,"['CH1', 'CH2', 'CHZ']",2019-01-19T11:57:27.700000Z,12.77
814,20190119T120252Z,1J.TI6A.,"['CH1', 'CH2', 'CHZ']",2019-01-19T12:02:52.980000Z,1.49
815,20190119T121229Z,1J.TI6A.,"['CH1', 'CH2', 'CHZ']",2019-01-19T12:12:32.010000Z,13.56
816,20190119T121845Z,1J.TI6A.,"['CH1', 'CH2', 'CHZ']",2019-01-19T12:18:48.830000Z,3.72
817,20190119T122000Z,1J.TI6A.,"['CH1', 'CH2', 'CHZ']",2019-01-19T12:20:00.280000Z,3.89
818,20190119T122034Z,1J.TI6A.,"['CH1', 'CH2', 'CHZ']",2019-01-19T12:20:36.200000Z,22.99
819,20190119T122326Z,1J.TI6A.,"['CH1', 'CH2', 'CHZ']",2019-01-19T12:23:56.010000Z,44.02
820,20190119T124127Z,1J.TI6A.,"['CH1', 'CH2', 'CHZ']",2019-01-19T12:41:27.420000Z,2.55
821,20190119T124520Z,1J.TI6A.,"['CH1', 'CH2', 'CHZ']",2019-01-19T12:45:22.920000Z,14.8
822,20190119T124806Z,1J.TI6A.,"['CH1', 'CH2', 'CHZ']",2019-01-19T12:48:09.180000Z,3.44
823,20190119T125530Z,1J.TI6A.,"['CH1', 'CH2', 'CHZ']",2019-01-19T12:55:30.100000Z,2.25
824,20190119T130450Z,1J.TI6A.,"['CH1', 'CH2', 'CHZ']",2019-01-19T13:04:50.630000Z,10.54
825,20190119T130700Z,1J.TI6A.,"['CH1', 'CH2', 'CHZ']",2019-01-19T13:07:00.890000Z,2.71
826,20190119T130753Z,1J.TI6A.,"['CH1', 'CH2', 'CHZ']",2019-01-19T13:07:57.490000Z,9.97
827,20190119T131031Z,1J.TI6A.,"['CH1', 'CH2', 'CHZ']",2019-01-19T13:10:31.000000Z,1.45
828,20190119T131720Z,1J.TI6A.,"['CH1', 'CH2', 'CHZ']",2019-01-19T13:17:20.940000Z,3.57
829,20190119T132321Z,1J.TI6A.,"['CH1', 'CH2', 'CHZ']",2019-01-19T13:23:21.390000Z,25.14
830,20190119T132656Z,1J.TI6A.,"['CH1', 'CH2', 'CHZ']",2019-01-19T13:26:56.790000Z,1.83
831,20190119T132857Z,1J.TI6A.,"['CH1', 'CH2', 'CHZ']",2019-01-19T13:28:57.300000Z,11.32
832,20190119T132942Z,1J.TI6A.,"['CH1', 'CH2', 'CHZ']",2019-01-19T13:29:44.230000Z,11.84
833,20190119T133523Z,1J.TI6A.,"['CH1', 'CH2', 'CHZ']",2019-01-19T13:35:23.750000Z,10.23
834,20190119T135403Z,1J.TI6A.,"['CH1', 'CH2', 'CHZ']",2019-01-19T13:54:03.900000Z,2.06
835,20190119T140457Z,1J.TI6A.,"['CH1', 'CH2', 'CHZ']",2019-01-19T14:05:06.530000Z,2.6
836,20190119T141030Z,1J.TI6A.,"['CH1', 'CH2', 'CHZ']",2019-01-19T14:10:33.820000Z,13.31
837,20190119T141821Z,1J.TI6A.,"['CH1', 'CH2', 'CHZ']",2019-01-19T14:18:21.220000Z,21.12
838,20190119T142449Z,1J.TI6A.,"['CH1', 'CH2', 'CHZ']",2019-01-19T14:24:49.930000Z,4.47
839,20190119T142501Z,1J.TI6A.,"['CH1', 'CH2', 'CHZ']",2019-01-19T14:25:01.310000Z,49.76
840,20190119T143932Z,1J.TI6A.,"['CH1', 'CH2', 'CHZ']",2019-01-19T14:39:32.510000Z,4.41
841,20190119T144410Z,1J.TI6A.,"['CH1', 'CH2', 'CHZ']",2019-01-19T14:44:14.210000Z,4.32
842,20190119T144651Z,1J.TI6A.,"['CH1', 'CH2', 'CHZ']",2019-01-19T14:46:54.800000Z,5.42
843,20190119T145027Z,1J.TI6A.,"['CH1', 'CH2', 'CHZ']",2019-01-19T14:50:30.640000Z,44.32
844,20190119T150015Z,1J.TI6A.,"['CH1', 'CH2', 'CHZ']",2019-01-19T15:00:15.360000Z,13.68
845,20190119T150316Z,1J.TI6A.,"['CH1', 'CH2', 'CHZ']",2019-01-19T15:03:16.570000Z,25.67
846,20190119T151151Z,1J.TI6A.,"['CH1', 'CH2', 'CHZ']",2019-01-19T15:11:51.840000Z,24.81
847,20190119T151517Z,1J.TI6A.,"['CH1', 'CH2', 'CHZ']",2019-01-19T15:15:17.050000Z,13.96
848,20190119T151750Z,1J.TI6A.,"['CH1', 'CH2', 'CHZ']",2019-01-19T15:17:54.460000Z,10.52
849,20190119T151825Z,1J.TI6A.,"['CH1', 'CH2', 'CHZ']",2019-01-19T15:18:26.510000Z,15.02
850,20190119T152110Z,1J.TI6A.,"['CH1', 'CH2', 'CHZ']",2019-01-19T15:21:10.650000Z,14.18
851,20190119T152448Z,1J.TI6A.,"['CH1', 'CH2', 'CHZ']",2019-01-19T15:24:48.380000Z,25.85
852,20190119T152524Z,1J.TI6A.,"['CH1', 'CH2', 'CHZ']",2019-01-19T15:25:24.670000Z,13.03
853,20190119T153101Z,1J.TI6A.,"['CH1', 'CH2', 'CHZ']",2019-01-19T15:31:01.710000Z,4.91
854,20190119T153832Z,1J.TI6A.,"['CH1', 'CH2', 'CHZ']",2019-01-19T15:38:37.330000Z,1.66
855,20190119T154009Z,1J.TI6A.,"['CH1', 'CH2', 'CHZ']",2019-01-19T15:40:09.470000Z,1.87
856,20190119T162144Z,1J.TI6A.,"['CH1', 'CH2', 'CHZ']",2019-01-19T16:21:44.940000Z,18.34
857,20190119T162354Z,1J.TI6A.,"['CH1', 'CH2', 'CHZ']",2019-01-19T16:23:57.270000Z,17.8
858,20190119T165308Z,1J.TI6A.,"['CH1', 'CH2', 'CHZ']",2019-01-19T16:53:13.110000Z,3.01
859,20190119T165537Z,1J.TI6A.,"['CH1', 'CH2', 'CHZ']",2019-01-19T16:55:38.810000Z,15.47
860,20190119T165758Z,1J.TI6A.,"['CH1', 'CH2', 'CHZ']",2019-01-19T16:58:02.620000Z,1.81
861,20190119T171138Z,1J.TI6A.,"['CH1', 'CH2', 'CHZ']",2019-01-19T17:11:38.700000Z,13.75
862,20190119T171944Z,1J.TI6A.,"['CH1', 'CH2', 'CHZ']",2019-01-19T17:19:47.190000Z,5.39
863,20190119T173101Z,1J.TI6A.,"['CH1', 'CH2', 'CHZ']",2019-01-19T17:31:03.190000Z,11.55
864,20190119T173623Z,1J.TI6A.,"['CH1', 'CH2', 'CHZ']",2019-01-19T17:36:27.900000Z,3.65
865,20190119T181045Z,1J.TI6A.,"['CH1', 'CH2', 'CHZ']",2019-01-19T18:10:45.460000Z,1.55
866,20190119T181722Z,1J.TI6A.,"['CH1', 'CH2', 'CHZ']",2019-01-19T18:17:22.560000Z,2.44
867,20190119T181734Z,1J.TI6A.,"['CH1', 'CH2', 'CHZ']",2019-01-19T18:17:37.460000Z,10.66
868,20190119T183436Z,1J.TI6A.,"['CH1', 'CH2', 'CHZ']",2019-01-19T18:34:40.840000Z,1.75
869,20190119T185345Z,1J.TI6A.,"['CH1', 'CH2', 'CHZ']",2019-01-19T18:53:46.710000Z,47.06
870,20190119T185831Z,1J.TI6A.,"['CH1', 'CH2', 'CHZ']",2019-01-19T18:58:33.670000Z,13.3
871,20190119T191832Z,1J.TI6A.,"['CH1', 'CH2', 'CHZ']",2019-01-19T19:18:33.760000Z,15.69
872,20190119T193137Z,1J.TI6A.,"['CH1', 'CH2', 'CHZ']",2019-01-19T19:31:40.400000Z,4.13
873,20190119T200117Z,1J.TI6A.,"['CH1', 'CH2', 'CHZ']",2019-01-19T20:01:39.050000Z,33.44
874,20190119T201744Z,1J.TI6A.,"['CH1', 'CH2', 'CHZ']",2019-01-19T20:17:54.140000Z,19.93
875,20190119T202722Z,1J.TI6A.,"['CH1', 'CH2', 'CHZ']",2019-01-19T20:27:26.420000Z,2.9
876,20190119T202833Z,1J.TI6A.,"['CH1', 'CH2', 'CHZ']",2019-01-19T20:28:35.070000Z,14.47
877,20190119T203012Z,1J.TI6A.,"['CH1', 'CH2', 'CHZ']",2019-01-19T20:30:12.930000Z,22.34
878,20190119T204302Z,1J.TI6A.,"['CH1', 'CH2', 'CHZ']",2019-01-19T20:43:06.780000Z,2.74
879,20190119T205423Z,1J.TI6A.,"['CH1', 'CH2', 'CHZ']",2019-01-19T20:54:26.370000Z,10.11
880,20190119T211442Z,1J.TI6A.,"['CH1', 'CH2', 'CHZ']",2019-01-19T21:14:45.840000Z,4.87
881,20190119T211650Z,1J.TI6A.,"['CH1', 'CH2', 'CHZ']",2019-01-19T21:17:01.820000Z,1.7
882,20190119T214649Z,1J.TI6A.,"['CH1', 'CH2', 'CHZ']",2019-01-19T21:46:53.690000Z,2.66
883,20190119T220301Z,1J.TI6A.,"['CH1', 'CH2', 'CHZ']",2019-01-19T22:03:06.350000Z,14.2
884,20190119T220833Z,1J.TI6A.,"['CH1', 'CH2', 'CHZ']",2019-01-19T22:08:38.650000Z,3.45
885,20190119T221127Z,1J.TI6A.,"['CH1', 'CH2', 'CHZ']",2019-01-19T22:11:30.540000Z,48.07
886,20190119T221527Z,1J.TI6A.,"['CH1', 'CH2', 'CHZ']",2019-01-19T22:15:36.020000Z,1.47
887,20190119T222312Z,1J.TI6A.,"['CH1', 'CH2', 'CHZ']",2019-01-19T22:23:13.690000Z,35.19
888,20190119T223506Z,1J.TI6A.,"['CH1', 'CH2', 'CHZ']",2019-01-19T22:35:10.930000Z,2.19
889,20190119T223624Z,1J.TI6A.,"['CH1', 'CH2', 'CHZ']",2019-01-19T22:36:24.270000Z,15.81
890,20190119T224731Z,1J.TI6A.,"['CH1', 'CH2', 'CHZ']",2019-01-19T22:47:37.850000Z,11.92
891,20190119T225438Z,1J.TI6A.,"['CH1', 'CH2', 'CHZ']",2019-01-19T22:54:38.890000Z,15.1
892,20190119T230302Z,1J.TI6A.,"['CH1', 'CH2', 'CHZ']",2019-01-19T23:03:27.410000Z,21.55
893,20190119T230738Z,1J.TI6A.,"['CH1', 'CH2', 'CHZ']",2019-01-19T23:07:38.110000Z,2.93
894,20190119T231229Z,1J.TI6A.,"['CH1', 'CH2', 'CHZ']",2019-01-19T23:12:29.130000Z,12.9
895,20190119T232443Z,1J.TI6A.,"['CH1', 'CH2', 'CHZ']",2019-01-19T23:24:48.000000Z,10.34
896,20190119T234559Z,1J.TI6A.,"['CH1', 'CH2', 'CHZ']",2019-01-19T23:46:03.500000Z,5.6
897,20190119T235143Z,1J.TI6A.,"['CH1', 'CH2', 'CHZ']",2019-01-19T23:51:43.080000Z,21.52
898,20190119T235902Z,1J.TI6A.,"['CH1', 'CH2', 'CHZ']",2019-01-19T23:59:02.310000Z,1.99
899,20190119T000419Z,1J.TI1A.,"['CH1', 'CH2', 'CHZ']",2019-01-19T00:04:19.010000Z,7.1
900,20190119T000703Z,1J.TI1A.,"['CH1', 'CH2', 'CHZ']",2019-01-19T00:07:30.450000Z,17.35
901,20190119T001231Z,1J.TI1A.,"['CH1', 'CH2', 'CHZ']",2019-01-19T00:12:31.220000Z,22.7
902,20190119T001432Z,1J.TI1A.,"['CH1', 'CH2', 'CHZ']",2019-01-19T00:14:47.650000Z,16.5
903,20190119T001715Z,1J.TI1A.,"['CH1', 'CH2', 'CHZ']",2019-01-19T00:17:15.520000Z,16.03
904,20190119T002535Z,1J.TI1A.,"['CH1', 'CH2', 'CHZ']",2019-01-19T00:25:35.690000Z,8.24
905,20190119T003153Z,1J.TI1A.,"['CH1', 'CH2', 'CHZ']",2019-01-19T00:31:53.770000Z,5.0
906,20190119T003331Z,1J.TI1A.,"['CH1', 'CH2', 'CHZ']",2019-01-19T00:33:31.940000Z,36.15
907,20190119T004120Z,1J.TI1A.,"['CH1', 'CH2', 'CHZ']",2019-01-19T00:41:28.610000Z,13.47
908,20190119T005248Z,1J.TI1A.,"['CH1', 'CH2', 'CHZ']",2019-01-19T00:52:48.130000Z,10.71
909,20190119T005546Z,1J.TI1A.,"['CH1', 'CH2', 'CHZ']",2019-01-19T00:55:46.970000Z,10.06
910,20190119T010303Z,1J.TI1A.,"['CH1', 'CH2', 'CHZ']",2019-01-19T01:03:04.060000Z,35.26
911,20190119T011739Z,1J.TI1A.,"['CH1', 'CH2', 'CHZ']",2019-01-19T01:17:42.260000Z,55.88
912,20190119T012732Z,1J.TI1A.,"['CH1', 'CH2', 'CHZ']",2019-01-19T01:27:32.200000Z,5.11
913,20190119T012854Z,1J.TI1A.,"['CH1', 'CH2', 'CHZ']",2019-01-19T01:28:54.890000Z,13.48
914,20190119T013033Z,1J.TI1A.,"['CH1', 'CH2', 'CHZ']",2019-01-19T01:30:39.830000Z,38.06
915,20190119T013609Z,1J.TI1A.,"['CH1', 'CH2', 'CHZ']",2019-01-19T01:36:09.240000Z,33.17
916,20190119T014036Z,1J.TI1A.,"['CH1', 'CH2', 'CHZ']",2019-01-19T01:40:38.710000Z,7.25
917,20190119T014200Z,1J.TI1A.,"['CH1', 'CH2', 'CHZ']",2019-01-19T01:42:00.870000Z,12.89
918,20190119T014316Z,1J.TI1A.,"['CH1', 'CH2', 'CHZ']",2019-01-19T01:43:16.370000Z,14.73
919,20190119T015251Z,1J.TI1A.,"['CH1', 'CH2', 'CHZ']",2019-01-19T01:52:51.370000Z,13.8
920,20190119T015413Z,1J.TI1A.,"['CH1', 'CH2', 'CHZ']",2019-01-19T01:54:13.230000Z,32.19
921,20190119T020126Z,1J.TI1A.,"['CH1', 'CH2', 'CHZ']",2019-01-19T02:01:26.070000Z,1.46
922,20190119T021024Z,1J.TI1A.,"['CH1', 'CH2', 'CHZ']",2019-01-19T02:10:24.200000Z,27.28
923,20190119T021903Z,1J.TI1A.,"['CH1', 'CH2', 'CHZ']",2019-01-19T02:19:03.160000Z,10.77
924,20190119T022423Z,1J.TI1A.,"['CH1', 'CH2', 'CHZ']",2019-01-19T02:24:23.010000Z,4.67
925,20190119T022552Z,1J.TI1A.,"['CH1', 'CH2', 'CHZ']",2019-01-19T02:25:52.280000Z,20.79
926,20190119T023542Z,1J.TI1A.,"['CH1', 'CH2', 'CHZ']",2019-01-19T02:35:42.910000Z,8.69
927,20190119T024903Z,1J.TI1A.,"['CH1', 'CH2', 'CHZ']",2019-01-19T02:49:06.920000Z,50.22
928,20190119T025518Z,1J.TI1A.,"['CH1', 'CH2', 'CHZ']",2019-01-19T02:55:18.950000Z,5.67
929,20190119T030316Z,1J.TI1A.,"['CH1', 'CH2', 'CHZ']",2019-01-19T03:03:16.800000Z,4.44
930,20190119T030329Z,1J.TI1A.,"['CH1', 'CH2', 'CHZ']",2019-01-19T03:03:29.990000Z,21.2
931,20190119T031251Z,1J.TI1A.,"['CH1', 'CH2', 'CHZ']",2019-01-19T03:12:51.410000Z,52.11
932,20190119T032125Z,1J.TI1A.,"['CH1', 'CH2', 'CHZ']",2019-01-19T03:21:25.480000Z,22.55
933,20190119T032551Z,1J.TI1A.,"['CH1', 'CH2', 'CHZ']",2019-01-19T03:25:51.660000Z,10.92
934,20190119T034059Z,1J.TI1A.,"['CH1', 'CH2', 'CHZ']",2019-01-19T03:40:59.670000Z,6.89
935,20190119T034512Z,1J.TI1A.,"['CH1', 'CH2', 'CHZ']",2019-01-19T03:45:12.470000Z,22.02
936,20190119T034742Z,1J.TI1A.,"['CH1', 'CH2', 'CHZ']",2019-01-19T03:47:42.930000Z,32.66
937,20190119T035012Z,1J.TI1A.,"['CH1', 'CH2', 'CHZ']",2019-01-19T03:50:12.110000Z,4.0
938,20190119T035206Z,1J.TI1A.,"['CH1', 'CH2', 'CHZ']",2019-01-19T03:52:08.130000Z,28.21
939,20190119T040305Z,1J.TI1A.,"['CH1', 'CH2', 'CHZ']",2019-01-19T04:03:05.300000Z,5.66
940,20190119T040344Z,1J.TI1A.,"['CH1', 'CH2', 'CHZ']",2019-01-19T04:03:45.700000Z,50.29
941,20190119T040912Z,1J.TI1A.,"['CH1', 'CH2', 'CHZ']",2019-01-19T04:09:18.010000Z,16.18
942,20190119T041003Z,1J.TI1A.,"['CH1', 'CH2', 'CHZ']",2019-01-19T04:10:03.300000Z,47.14
943,20190119T042821Z,1J.TI1A.,"['CH1', 'CH2', 'CHZ']",2019-01-19T04:28:21.420000Z,9.19
944,20190119T043055Z,1J.TI1A.,"['CH1', 'CH2', 'CHZ']",2019-01-19T04:30:55.940000Z,33.97
945,20190119T043855Z,1J.TI1A.,"['CH1', 'CH2', 'CHZ']",2019-01-19T04:39:11.380000Z,28.75
946,20190119T044456Z,1J.TI1A.,"['CH1', 'CH2', 'CHZ']",2019-01-19T04:45:03.810000Z,12.47
947,20190119T044718Z,1J.TI1A.,"['CH1', 'CH2', 'CHZ']",2019-01-19T04:47:18.160000Z,3.81
948,20190119T045152Z,1J.TI1A.,"['CH1', 'CH2', 'CHZ']",2019-01-19T04:51:59.960000Z,31.65
949,20190119T045631Z,1J.TI1A.,"['CH1', 'CH2', 'CHZ']",2019-01-19T04:56:39.960000Z,5.28
950,20190119T045929Z,1J.TI1A.,"['CH1', 'CH2', 'CHZ']",2019-01-19T04:59:29.540000Z,14.44
951,20190119T050137Z,1J.TI1A.,"['CH1', 'CH2', 'CHZ']",2019-01-19T05:01:37.400000Z,26.03
952,20190119T050214Z,1J.TI1A.,"['CH1', 'CH2', 'CHZ']",2019-01-19T05:02:16.370000Z,16.98
953,20190119T050742Z,1J.TI1A.,"['CH1', 'CH2', 'CHZ']",2019-01-19T05:07:42.600000Z,23.26
954,20190119T050918Z,1J.TI1A.,"['CH1', 'CH2', 'CHZ']",2019-01-19T05:09:18.830000Z,24.92
955,20190119T051627Z,1J.TI1A.,"['CH1', 'CH2', 'CHZ']",2019-01-19T05:16:27.970000Z,24.46
956,20190119T052046Z,1J.TI1A.,"['CH1', 'CH2', 'CHZ']",2019-01-19T05:20:50.650000Z,42.89
957,20190119T053134Z,1J.TI1A.,"['CH1', 'CH2', 'CHZ']",2019-01-19T05:31:34.980000Z,4.48
958,20190119T053256Z,1J.TI1A.,"['CH1', 'CH2', 'CHZ']",2019-01-19T05:32:56.790000Z,23.52
959,20190119T054111Z,1J.TI1A.,"['CH1', 'CH2', 'CHZ']",2019-01-19T05:41:13.020000Z,55.12
960,20190119T054540Z,1J.TI1A.,"['CH1', 'CH2', 'CHZ']",2019-01-19T05:45:40.280000Z,15.18
961,20190119T055200Z,1J.TI1A.,"['CH1', 'CH2', 'CHZ']",2019-01-19T05:52:00.740000Z,17.47
962,20190119T055847Z,1J.TI1A.,"['CH1', 'CH2', 'CHZ']",2019-01-19T05:58:47.190000Z,26.12
963,20190119T060053Z,1J.TI1A.,"['CH1', 'CH2', 'CHZ']",2019-01-19T06:00:53.490000Z,28.27
964,20190119T060409Z,1J.TI1A.,"['CH1', 'CH2', 'CHZ']",2019-01-19T06:04:10.720000Z,10.13
965,20190119T060649Z,1J.TI1A.,"['CH1', 'CH2', 'CHZ']",2019-01-19T06:06:49.310000Z,6.56
966,20190119T062953Z,1J.TI1A.,"['CH1', 'CH2', 'CHZ']",2019-01-19T06:29:53.980000Z,30.27
967,20190119T064555Z,1J.TI1A.,"['CH1', 'CH2', 'CHZ']",2019-01-19T06:45:57.370000Z,13.41
968,20190119T065051Z,1J.TI1A.,"['CH1', 'CH2', 'CHZ']",2019-01-19T06:50:51.480000Z,18.18
969,20190119T070618Z,1J.TI1A.,"['CH1', 'CH2', 'CHZ']",2019-01-19T07:06:18.990000Z,44.11
970,20190119T071412Z,1J.TI1A.,"['CH1', 'CH2', 'CHZ']",2019-01-19T07:14:16.330000Z,14.59
971,20190119T071911Z,1J.TI1A.,"['CH1', 'CH2', 'CHZ']",2019-01-19T07:19:15.720000Z,52.39
972,20190119T072632Z,1J.TI1A.,"['CH1', 'CH2', 'CHZ']",2019-01-19T07:26:32.260000Z,9.57
973,20190119T072908Z,1J.TI1A.,"['CH1', 'CH2', 'CHZ']",2019-01-19T07:29:14.410000Z,48.17
974,20190119T074236Z,1J.TI1A.,"['CH1', 'CH2', 'CHZ']",2019-01-19T07:42:36.970000Z,18.65
975,20190119T074537Z,1J.TI1A.,"['CH1', 'CH2', 'CHZ']",2019-01-19T07:45:37.380000Z,18.87
976,20190119T074847Z,1J.TI1A.,"['CH1', 'CH2', 'CHZ']",2019-01-19T07:48:47.770000Z,3.81
977,20190119T075957Z,1J.TI1A.,"['CH1', 'CH2', 'CHZ']",2019-01-19T07:59:57.020000Z,23.98
978,20190119T080210Z,1J.TI1A.,"['CH1', 'CH2', 'CHZ']",2019-01-19T08:02:10.070000Z,8.6
979,20190119T080233Z,1J.TI1A.,"['CH1', 'CH2', 'CHZ']",2019-01-19T08:02:40.980000Z,16.85
980,20190119T081908Z,1J.TI1A.,"['CH1', 'CH2', 'CHZ']",2019-01-19T08:19:08.700000Z,26.28
981,20190119T082314Z,1J.TI1A.,"['CH1', 'CH2', 'CHZ']",2019-01-19T08:23:15.030000Z,3.94
982,20190119T082650Z,1J.TI1A.,"['CH1', 'CH2', 'CHZ']",2019-01-19T08:26:50.580000Z,21.51
983,20190119T083307Z,1J.TI1A.,"['CH1', 'CH2', 'CHZ']",2019-01-19T08:33:07.690000Z,6.52
984,20190119T083341Z,1J.TI1A.,"['CH1', 'CH2', 'CHZ']",2019-01-19T08:33:41.800000Z,21.87
985,20190119T083547Z,1J.TI1A.,"['CH1', 'CH2', 'CHZ']",2019-01-19T08:35:47.690000Z,26.75
986,20190119T084450Z,1J.TI1A.,"['CH1', 'CH2', 'CHZ']",2019-01-19T08:44:50.980000Z,21.23
987,20190119T085124Z,1J.TI1A.,"['CH1', 'CH2', 'CHZ']",2019-01-19T08:51:25.180000Z,29.71
988,20190119T085723Z,1J.TI1A.,"['CH1', 'CH2', 'CHZ']",2019-01-19T08:57:23.710000Z,6.59
989,20190119T092002Z,1J.TI1A.,"['CH1', 'CH2', 'CHZ']",2019-01-19T09:20:40.200000Z,13.52
990,20190119T093706Z,1J.TI1A.,"['CH1', 'CH2', 'CHZ']",2019-01-19T09:37:07.280000Z,16.82
991,20190119T095201Z,1J.TI1A.,"['CH1', 'CH2', 'CHZ']",2019-01-19T09:52:01.970000Z,20.42
992,20190119T095251Z,1J.TI1A.,"['CH1', 'CH2', 'CHZ']",2019-01-19T09:52:51.720000Z,4.66
993,20190119T095637Z,1J.TI1A.,"['CH1', 'CH2', 'CHZ']",2019-01-19T09:56:37.430000Z,9.03
994,20190119T101549Z,1J.TI1A.,"['CH1', 'CH2', 'CHZ']",2019-01-19T10:15:49.330000Z,15.25
995,20190119T101630Z,1J.TI1A.,"['CH1', 'CH2', 'CHZ']",2019-01-19T10:16:30.020000Z,26.27
996,20190119T101937Z,1J.TI1A.,"['CH1', 'CH2', 'CHZ']",2019-01-19T10:19:41.270000Z,5.92
997,20190119T102118Z,1J.TI1A.,"['CH1', 'CH2', 'CHZ']",2019-01-19T10:21:18.180000Z,22.59
998,20190119T102324Z,1J.TI1A.,"['CH1', 'CH2', 'CHZ']",2019-01-19T10:23:24.560000Z,18.06
999,20190119T102537Z,1J.TI1A.,"['CH1', 'CH2', 'CHZ']",2019-01-19T10:25:37.300000Z,4.91
1000,20190119T103312Z,1J.TI1A.,"['CH1', 'CH2', 'CHZ']",2019-01-19T10:33:12.020000Z,22.19
1001,20190119T103513Z,1J.TI1A.,"['CH1', 'CH2', 'CHZ']",2019-01-19T10:35:13.200000Z,27.11
1002,20190119T103905Z,1J.TI1A.,"['CH1', 'CH2', 'CHZ']",2019-01-19T10:39:05.240000Z,28.48
1003,20190119T104149Z,1J.TI1A.,"['CH1', 'CH2', 'CHZ']",2019-01-19T10:41:50.960000Z,3.35
1004,20190119T104218Z,1J.TI1A.,"['CH1', 'CH2', 'CHZ']",2019-01-19T10:42:18.730000Z,29.92
1005,20190119T104839Z,1J.TI1A.,"['CH1', 'CH2', 'CHZ']",2019-01-19T10:48:39.530000Z,5.89
1006,20190119T105025Z,1J.TI1A.,"['CH1', 'CH2', 'CHZ']",2019-01-19T10:50:25.470000Z,14.37
1007,20190119T105250Z,1J.TI1A.,"['CH1', 'CH2', 'CHZ']",2019-01-19T10:52:52.550000Z,50.72
1008,20190119T105516Z,1J.TI1A.,"['CH1', 'CH2', 'CHZ']",2019-01-19T10:55:16.500000Z,27.0
1009,20190119T105639Z,1J.TI1A.,"['CH1', 'CH2', 'CHZ']",2019-01-19T10:56:39.910000Z,5.04
1010,20190119T112140Z,1J.TI1A.,"['CH1', 'CH2', 'CHZ']",2019-01-19T11:21:40.650000Z,34.94
1011,20190119T112416Z,1J.TI1A.,"['CH1', 'CH2', 'CHZ']",2019-01-19T11:24:16.810000Z,3.56
1012,20190119T113203Z,1J.TI1A.,"['CH1', 'CH2', 'CHZ']",2019-01-19T11:32:03.220000Z,16.93
1013,20190119T113633Z,1J.TI1A.,"['CH1', 'CH2', 'CHZ']",2019-01-19T11:36:33.800000Z,17.11
1014,20190119T114108Z,1J.TI1A.,"['CH1', 'CH2', 'CHZ']",2019-01-19T11:41:08.480000Z,5.64
1015,20190119T121705Z,1J.TI1A.,"['CH1', 'CH2', 'CHZ']",2019-01-19T12:17:05.130000Z,5.55
1016,20190119T122034Z,1J.TI1A.,"['CH1', 'CH2', 'CHZ']",2019-01-19T12:20:42.240000Z,15.48
1017,20190119T122255Z,1J.TI1A.,"['CH1', 'CH2', 'CHZ']",2019-01-19T12:22:55.890000Z,18.65
1018,20190119T122326Z,1J.TI1A.,"['CH1', 'CH2', 'CHZ']",2019-01-19T12:23:26.920000Z,64.97
1019,20190119T124853Z,1J.TI1A.,"['CH1', 'CH2', 'CHZ']",2019-01-19T12:48:53.210000Z,16.98
1020,20190119T125341Z,1J.TI1A.,"['CH1', 'CH2', 'CHZ']",2019-01-19T12:53:41.050000Z,10.65
1021,20190119T125410Z,1J.TI1A.,"['CH1', 'CH2', 'CHZ']",2019-01-19T12:54:10.090000Z,34.24
1022,20190119T131635Z,1J.TI1A.,"['CH1', 'CH2', 'CHZ']",2019-01-19T13:16:35.470000Z,13.66
1023,20190119T131932Z,1J.TI1A.,"['CH1', 'CH2', 'CHZ']",2019-01-19T13:19:32.670000Z,5.57
1024,20190119T132150Z,1J.TI1A.,"['CH1', 'CH2', 'CHZ']",2019-01-19T13:21:50.870000Z,12.88
1025,20190119T132321Z,1J.TI1A.,"['CH1', 'CH2', 'CHZ']",2019-01-19T13:23:25.920000Z,22.78
1026,20190119T132942Z,1J.TI1A.,"['CH1', 'CH2', 'CHZ']",2019-01-19T13:29:47.830000Z,9.76
1027,20190119T133900Z,1J.TI1A.,"['CH1', 'CH2', 'CHZ']",2019-01-19T13:39:00.780000Z,44.29
1028,20190119T134418Z,1J.TI1A.,"['CH1', 'CH2', 'CHZ']",2019-01-19T13:44:18.860000Z,7.55
1029,20190119T134527Z,1J.TI1A.,"['CH1', 'CH2', 'CHZ']",2019-01-19T13:45:27.680000Z,7.7
1030,20190119T135020Z,1J.TI1A.,"['CH1', 'CH2', 'CHZ']",2019-01-19T13:50:20.720000Z,11.63
1031,20190119T135053Z,1J.TI1A.,"['CH1', 'CH2', 'CHZ']",2019-01-19T13:50:53.990000Z,19.56
1032,20190119T140457Z,1J.TI1A.,"['CH1', 'CH2', 'CHZ']",2019-01-19T14:04:57.400000Z,23.13
1033,20190119T140609Z,1J.TI1A.,"['CH1', 'CH2', 'CHZ']",2019-01-19T14:06:09.020000Z,14.53
1034,20190119T141821Z,1J.TI1A.,"['CH1', 'CH2', 'CHZ']",2019-01-19T14:18:30.160000Z,5.16
1035,20190119T142501Z,1J.TI1A.,"['CH1', 'CH2', 'CHZ']",2019-01-19T14:25:02.370000Z,49.11
1036,20190119T144258Z,1J.TI1A.,"['CH1', 'CH2', 'CHZ']",2019-01-19T14:42:58.750000Z,16.15
1037,20190119T144723Z,1J.TI1A.,"['CH1', 'CH2', 'CHZ']",2019-01-19T14:47:23.240000Z,39.22
1038,20190119T145027Z,1J.TI1A.,"['CH1', 'CH2', 'CHZ']",2019-01-19T14:50:27.340000Z,27.92
1039,20190119T150351Z,1J.TI1A.,"['CH1', 'CH2', 'CHZ']",2019-01-19T15:03:51.210000Z,59.59
1040,20190119T151422Z,1J.TI1A.,"['CH1', 'CH2', 'CHZ']",2019-01-19T15:14:22.710000Z,9.14
1041,20190119T151825Z,1J.TI1A.,"['CH1', 'CH2', 'CHZ']",2019-01-19T15:18:31.630000Z,14.26
1042,20190119T152524Z,1J.TI1A.,"['CH1', 'CH2', 'CHZ']",2019-01-19T15:25:27.560000Z,14.91
1043,20190119T152915Z,1J.TI1A.,"['CH1', 'CH2', 'CHZ']",2019-01-19T15:29:15.490000Z,15.65
1044,20190119T155758Z,1J.TI1A.,"['CH1', 'CH2', 'CHZ']",2019-01-19T15:57:58.860000Z,5.84
1045,20190119T161206Z,1J.TI1A.,"['CH1', 'CH2', 'CHZ']",2019-01-19T16:12:06.310000Z,17.71
1046,20190119T163444Z,1J.TI1A.,"['CH1', 'CH2', 'CHZ']",2019-01-19T16:34:44.710000Z,16.51
1047,20190119T163938Z,1J.TI1A.,"['CH1', 'CH2', 'CHZ']",2019-01-19T16:39:38.150000Z,14.0
1048,20190119T164041Z,1J.TI1A.,"['CH1', 'CH2', 'CHZ']",2019-01-19T16:40:41.270000Z,4.65
1049,20190119T164612Z,1J.TI1A.,"['CH1', 'CH2', 'CHZ']",2019-01-19T16:46:12.180000Z,21.53
1050,20190119T165726Z,1J.TI1A.,"['CH1', 'CH2', 'CHZ']",2019-01-19T16:57:27.330000Z,1.4
1051,20190119T171639Z,1J.TI1A.,"['CH1', 'CH2', 'CHZ']",2019-01-19T17:16:40.660000Z,37.72
1052,20190119T172620Z,1J.TI1A.,"['CH1', 'CH2', 'CHZ']",2019-01-19T17:26:20.600000Z,37.78
1053,20190119T172743Z,1J.TI1A.,"['CH1', 'CH2', 'CHZ']",2019-01-19T17:27:44.770000Z,28.81
1054,20190119T173025Z,1J.TI1A.,"['CH1', 'CH2', 'CHZ']",2019-01-19T17:30:25.740000Z,4.75
1055,20190119T174915Z,1J.TI1A.,"['CH1', 'CH2', 'CHZ']",2019-01-19T17:49:15.110000Z,28.22
1056,20190119T180145Z,1J.TI1A.,"['CH1', 'CH2', 'CHZ']",2019-01-19T18:01:45.100000Z,2.36
1057,20190119T181510Z,1J.TI1A.,"['CH1', 'CH2', 'CHZ']",2019-01-19T18:15:10.560000Z,5.1
1058,20190119T181700Z,1J.TI1A.,"['CH1', 'CH2', 'CHZ']",2019-01-19T18:17:00.060000Z,3.07
1059,20190119T182031Z,1J.TI1A.,"['CH1', 'CH2', 'CHZ']",2019-01-19T18:20:31.820000Z,10.14
1060,20190119T182232Z,1J.TI1A.,"['CH1', 'CH2', 'CHZ']",2019-01-19T18:22:32.430000Z,3.47
1061,20190119T182324Z,1J.TI1A.,"['CH1', 'CH2', 'CHZ']",2019-01-19T18:23:24.600000Z,3.55
1062,20190119T182550Z,1J.TI1A.,"['CH1', 'CH2', 'CHZ']",2019-01-19T18:25:50.630000Z,2.97
1063,20190119T183022Z,1J.TI1A.,"['CH1', 'CH2', 'CHZ']",2019-01-19T18:30:22.590000Z,7.27
1064,20190119T183124Z,1J.TI1A.,"['CH1', 'CH2', 'CHZ']",2019-01-19T18:31:24.740000Z,2.3
1065,20190119T183526Z,1J.TI1A.,"['CH1', 'CH2', 'CHZ']",2019-01-19T18:35:27.150000Z,3.27
1066,20190119T183615Z,1J.TI1A.,"['CH1', 'CH2', 'CHZ']",2019-01-19T18:36:15.700000Z,2.59
1067,20190119T184008Z,1J.TI1A.,"['CH1', 'CH2', 'CHZ']",2019-01-19T18:40:08.110000Z,8.85
1068,20190119T184123Z,1J.TI1A.,"['CH1', 'CH2', 'CHZ']",2019-01-19T18:41:23.150000Z,8.06
1069,20190119T184320Z,1J.TI1A.,"['CH1', 'CH2', 'CHZ']",2019-01-19T18:43:20.190000Z,3.21
1070,20190119T184959Z,1J.TI1A.,"['CH1', 'CH2', 'CHZ']",2019-01-19T18:49:59.530000Z,4.08
1071,20190119T185229Z,1J.TI1A.,"['CH1', 'CH2', 'CHZ']",2019-01-19T18:52:29.510000Z,7.67
1072,20190119T185305Z,1J.TI1A.,"['CH1', 'CH2', 'CHZ']",2019-01-19T18:53:05.420000Z,2.59
1073,20190119T185345Z,1J.TI1A.,"['CH1', 'CH2', 'CHZ']",2019-01-19T18:53:47.220000Z,47.11
1074,20190119T185725Z,1J.TI1A.,"['CH1', 'CH2', 'CHZ']",2019-01-19T18:57:26.310000Z,2.14
1075,20190119T185809Z,1J.TI1A.,"['CH1', 'CH2', 'CHZ']",2019-01-19T18:58:09.840000Z,2.56
1076,20190119T190319Z,1J.TI1A.,"['CH1', 'CH2', 'CHZ']",2019-01-19T19:03:19.240000Z,2.47
1077,20190119T190325Z,1J.TI1A.,"['CH1', 'CH2', 'CHZ']",2019-01-19T19:03:27.760000Z,3.44
1078,20190119T190530Z,1J.TI1A.,"['CH1', 'CH2', 'CHZ']",2019-01-19T19:05:30.490000Z,2.48
1079,20190119T190550Z,1J.TI1A.,"['CH1', 'CH2', 'CHZ']",2019-01-19T19:05:50.870000Z,4.33
1080,20190119T190614Z,1J.TI1A.,"['CH1', 'CH2', 'CHZ']",2019-01-19T19:06:15.670000Z,4.76
1081,20190119T190744Z,1J.TI1A.,"['CH1', 'CH2', 'CHZ']",2019-01-19T19:07:44.960000Z,10.93
1082,20190119T190929Z,1J.TI1A.,"['CH1', 'CH2', 'CHZ']",2019-01-19T19:09:29.300000Z,11.67
1083,20190119T191059Z,1J.TI1A.,"['CH1', 'CH2', 'CHZ']",2019-01-19T19:10:59.080000Z,4.86
1084,20190119T191125Z,1J.TI1A.,"['CH1', 'CH2', 'CHZ']",2019-01-19T19:11:25.460000Z,13.26
1085,20190119T191145Z,1J.TI1A.,"['CH1', 'CH2', 'CHZ']",2019-01-19T19:11:45.990000Z,12.54
1086,20190119T191301Z,1J.TI1A.,"['CH1', 'CH2', 'CHZ']",2019-01-19T19:13:01.060000Z,1.6
1087,20190119T191348Z,1J.TI1A.,"['CH1', 'CH2', 'CHZ']",2019-01-19T19:13:48.950000Z,1.92
1088,20190119T191513Z,1J.TI1A.,"['CH1', 'CH2', 'CHZ']",2019-01-19T19:15:13.090000Z,8.38
1089,20190119T191634Z,1J.TI1A.,"['CH1', 'CH2', 'CHZ']",2019-01-19T19:16:34.650000Z,57.19
1090,20190119T192307Z,1J.TI1A.,"['CH1', 'CH2', 'CHZ']",2019-01-19T19:23:07.670000Z,5.71
1091,20190119T192657Z,1J.TI1A.,"['CH1', 'CH2', 'CHZ']",2019-01-19T19:26:57.210000Z,1.79
1092,20190119T192752Z,1J.TI1A.,"['CH1', 'CH2', 'CHZ']",2019-01-19T19:27:52.660000Z,2.4
1093,20190119T192856Z,1J.TI1A.,"['CH1', 'CH2', 'CHZ']",2019-01-19T19:28:57.620000Z,3.63
1094,20190119T193209Z,1J.TI1A.,"['CH1', 'CH2', 'CHZ']",2019-01-19T19:32:09.840000Z,3.94
1095,20190119T193603Z,1J.TI1A.,"['CH1', 'CH2', 'CHZ']",2019-01-19T19:36:04.050000Z,8.07
1096,20190119T193649Z,1J.TI1A.,"['CH1', 'CH2', 'CHZ']",2019-01-19T19:36:49.920000Z,3.81
1097,20190119T193812Z,1J.TI1A.,"['CH1', 'CH2', 'CHZ']",2019-01-19T19:38:12.520000Z,1.36
1098,20190119T193945Z,1J.TI1A.,"['CH1', 'CH2', 'CHZ']",2019-01-19T19:39:45.980000Z,2.06
1099,20190119T194103Z,1J.TI1A.,"['CH1', 'CH2', 'CHZ']",2019-01-19T19:41:03.450000Z,1.37
1100,20190119T194141Z,1J.TI1A.,"['CH1', 'CH2', 'CHZ']",2019-01-19T19:41:41.030000Z,7.66
1101,20190119T194159Z,1J.TI1A.,"['CH1', 'CH2', 'CHZ']",2019-01-19T19:41:59.810000Z,6.19
1102,20190119T194221Z,1J.TI1A.,"['CH1', 'CH2', 'CHZ']",2019-01-19T19:42:21.000000Z,6.21
1103,20190119T194314Z,1J.TI1A.,"['CH1', 'CH2', 'CHZ']",2019-01-19T19:43:14.590000Z,4.58
1104,20190119T194508Z,1J.TI1A.,"['CH1', 'CH2', 'CHZ']",2019-01-19T19:45:17.650000Z,7.04
1105,20190119T194737Z,1J.TI1A.,"['CH1', 'CH2', 'CHZ']",2019-01-19T19:47:37.280000Z,17.58
1106,20190119T195034Z,1J.TI1A.,"['CH1', 'CH2', 'CHZ']",2019-01-19T19:50:36.260000Z,4.3
1107,20190119T195118Z,1J.TI1A.,"['CH1', 'CH2', 'CHZ']",2019-01-19T19:51:18.070000Z,3.8
1108,20190119T195225Z,1J.TI1A.,"['CH1', 'CH2', 'CHZ']",2019-01-19T19:52:25.020000Z,2.44
1109,20190119T195434Z,1J.TI1A.,"['CH1', 'CH2', 'CHZ']",2019-01-19T19:54:34.770000Z,3.95
1110,20190119T195728Z,1J.TI1A.,"['CH1', 'CH2', 'CHZ']",2019-01-19T19:57:30.230000Z,5.51
1111,20190119T200002Z,1J.TI1A.,"['CH1', 'CH2', 'CHZ']",2019-01-19T20:00:02.670000Z,1.66
1112,20190119T200117Z,1J.TI1A.,"['CH1', 'CH2', 'CHZ']",2019-01-19T20:01:17.960000Z,31.57
1113,20190119T200300Z,1J.TI1A.,"['CH1', 'CH2', 'CHZ']",2019-01-19T20:03:00.160000Z,1.63
1114,20190119T200427Z,1J.TI1A.,"['CH1', 'CH2', 'CHZ']",2019-01-19T20:04:29.260000Z,7.02
1115,20190119T200527Z,1J.TI1A.,"['CH1', 'CH2', 'CHZ']",2019-01-19T20:05:27.490000Z,2.8
1116,20190119T200825Z,1J.TI1A.,"['CH1', 'CH2', 'CHZ']",2019-01-19T20:08:25.540000Z,2.88
1117,20190119T200841Z,1J.TI1A.,"['CH1', 'CH2', 'CHZ']",2019-01-19T20:08:41.120000Z,4.55
1118,20190119T201046Z,1J.TI1A.,"['CH1', 'CH2', 'CHZ']",2019-01-19T20:10:46.060000Z,2.06
1119,20190119T201152Z,1J.TI1A.,"['CH1', 'CH2', 'CHZ']",2019-01-19T20:11:52.380000Z,2.24
1120,20190119T201204Z,1J.TI1A.,"['CH1', 'CH2', 'CHZ']",2019-01-19T20:12:04.530000Z,1.48
1121,20190119T201214Z,1J.TI1A.,"['CH1', 'CH2', 'CHZ']",2019-01-19T20:12:14.570000Z,15.43
1122,20190119T201316Z,1J.TI1A.,"['CH1', 'CH2', 'CHZ']",2019-01-19T20:13:17.820000Z,1.99
1123,20190119T201443Z,1J.TI1A.,"['CH1', 'CH2', 'CHZ']",2019-01-19T20:14:43.340000Z,4.75
1124,20190119T201744Z,1J.TI1A.,"['CH1', 'CH2', 'CHZ']",2019-01-19T20:17:44.540000Z,6.6
1125,20190119T202051Z,1J.TI1A.,"['CH1', 'CH2', 'CHZ']",2019-01-19T20:20:52.960000Z,3.02
1126,20190119T202258Z,1J.TI1A.,"['CH1', 'CH2', 'CHZ']",2019-01-19T20:22:58.500000Z,5.24
1127,20190119T202406Z,1J.TI1A.,"['CH1', 'CH2', 'CHZ']",2019-01-19T20:24:06.640000Z,1.56
1128,20190119T202524Z,1J.TI1A.,"['CH1', 'CH2', 'CHZ']",2019-01-19T20:25:25.740000Z,7.07
1129,20190119T202635Z,1J.TI1A.,"['CH1', 'CH2', 'CHZ']",2019-01-19T20:26:35.520000Z,1.8
1130,20190119T202750Z,1J.TI1A.,"['CH1', 'CH2', 'CHZ']",2019-01-19T20:27:50.450000Z,2.99
1131,20190119T202812Z,1J.TI1A.,"['CH1', 'CH2', 'CHZ']",2019-01-19T20:28:12.250000Z,9.53
1132,20190119T202929Z,1J.TI1A.,"['CH1', 'CH2', 'CHZ']",2019-01-19T20:29:29.700000Z,25.81
1133,20190119T203134Z,1J.TI1A.,"['CH1', 'CH2', 'CHZ']",2019-01-19T20:31:34.550000Z,9.99
1134,20190119T203422Z,1J.TI1A.,"['CH1', 'CH2', 'CHZ']",2019-01-19T20:34:22.840000Z,6.39
1135,20190119T203438Z,1J.TI1A.,"['CH1', 'CH2', 'CHZ']",2019-01-19T20:34:38.320000Z,5.64
1136,20190119T203642Z,1J.TI1A.,"['CH1', 'CH2', 'CHZ']",2019-01-19T20:36:43.600000Z,7.4
1137,20190119T203931Z,1J.TI1A.,"['CH1', 'CH2', 'CHZ']",2019-01-19T20:39:31.210000Z,1.86
1138,20190119T204015Z,1J.TI1A.,"['CH1', 'CH2', 'CHZ']",2019-01-19T20:40:17.730000Z,26.69
1139,20190119T204101Z,1J.TI1A.,"['CH1', 'CH2', 'CHZ']",2019-01-19T20:41:01.810000Z,4.07
1140,20190119T204238Z,1J.TI1A.,"['CH1', 'CH2', 'CHZ']",2019-01-19T20:42:38.600000Z,4.93
1141,20190119T204325Z,1J.TI1A.,"['CH1', 'CH2', 'CHZ']",2019-01-19T20:43:25.670000Z,12.76
1142,20190119T204414Z,1J.TI1A.,"['CH1', 'CH2', 'CHZ']",2019-01-19T20:44:14.980000Z,9.66
1143,20190119T204510Z,1J.TI1A.,"['CH1', 'CH2', 'CHZ']",2019-01-19T20:45:10.800000Z,1.6
1144,20190119T204554Z,1J.TI1A.,"['CH1', 'CH2', 'CHZ']",2019-01-19T20:45:55.610000Z,4.45
1145,20190119T204640Z,1J.TI1A.,"['CH1', 'CH2', 'CHZ']",2019-01-19T20:46:40.730000Z,2.57
1146,20190119T204723Z,1J.TI1A.,"['CH1', 'CH2', 'CHZ']",2019-01-19T20:47:23.160000Z,3.46
1147,20190119T204859Z,1J.TI1A.,"['CH1', 'CH2', 'CHZ']",2019-01-19T20:48:59.930000Z,5.84
1148,20190119T205003Z,1J.TI1A.,"['CH1', 'CH2', 'CHZ']",2019-01-19T20:50:08.510000Z,3.74
1149,20190119T205233Z,1J.TI1A.,"['CH1', 'CH2', 'CHZ']",2019-01-19T20:52:33.190000Z,3.93
1150,20190119T205322Z,1J.TI1A.,"['CH1', 'CH2', 'CHZ']",2019-01-19T20:53:22.120000Z,1.71
1151,20190119T205448Z,1J.TI1A.,"['CH1', 'CH2', 'CHZ']",2019-01-19T20:54:48.040000Z,2.12
1152,20190119T205505Z,1J.TI1A.,"['CH1', 'CH2', 'CHZ']",2019-01-19T20:55:05.800000Z,2.26
1153,20190119T205602Z,1J.TI1A.,"['CH1', 'CH2', 'CHZ']",2019-01-19T20:56:03.490000Z,2.8
1154,20190119T205612Z,1J.TI1A.,"['CH1', 'CH2', 'CHZ']",2019-01-19T20:56:12.110000Z,2.3
1155,20190119T205628Z,1J.TI1A.,"['CH1', 'CH2', 'CHZ']",2019-01-19T20:56:28.450000Z,23.31
1156,20190119T205905Z,1J.TI1A.,"['CH1', 'CH2', 'CHZ']",2019-01-19T20:59:06.100000Z,2.67
1157,20190119T210028Z,1J.TI1A.,"['CH1', 'CH2', 'CHZ']",2019-01-19T21:00:28.890000Z,5.28
1158,20190119T210133Z,1J.TI1A.,"['CH1', 'CH2', 'CHZ']",2019-01-19T21:01:33.040000Z,3.12
1159,20190119T210308Z,1J.TI1A.,"['CH1', 'CH2', 'CHZ']",2019-01-19T21:03:08.890000Z,12.36
1160,20190119T210327Z,1J.TI1A.,"['CH1', 'CH2', 'CHZ']",2019-01-19T21:03:28.840000Z,15.22
1161,20190119T210356Z,1J.TI1A.,"['CH1', 'CH2', 'CHZ']",2019-01-19T21:03:56.240000Z,27.72
1162,20190119T210648Z,1J.TI1A.,"['CH1', 'CH2', 'CHZ']",2019-01-19T21:06:48.970000Z,2.44
1163,20190119T210745Z,1J.TI1A.,"['CH1', 'CH2', 'CHZ']",2019-01-19T21:07:45.800000Z,3.86
1164,20190119T210828Z,1J.TI1A.,"['CH1', 'CH2', 'CHZ']",2019-01-19T21:08:28.410000Z,3.9
1165,20190119T210904Z,1J.TI1A.,"['CH1', 'CH2', 'CHZ']",2019-01-19T21:09:04.210000Z,4.41
1166,20190119T211016Z,1J.TI1A.,"['CH1', 'CH2', 'CHZ']",2019-01-19T21:10:16.970000Z,5.94
1167,20190119T211030Z,1J.TI1A.,"['CH1', 'CH2', 'CHZ']",2019-01-19T21:10:30.390000Z,14.48
1168,20190119T211112Z,1J.TI1A.,"['CH1', 'CH2', 'CHZ']",2019-01-19T21:11:13.660000Z,1.2
1169,20190119T211203Z,1J.TI1A.,"['CH1', 'CH2', 'CHZ']",2019-01-19T21:12:03.920000Z,1.71
1170,20190119T211249Z,1J.TI1A.,"['CH1', 'CH2', 'CHZ']",2019-01-19T21:12:49.900000Z,1.3
1171,20190119T211355Z,1J.TI1A.,"['CH1', 'CH2', 'CHZ']",2019-01-19T21:13:55.660000Z,4.61
1172,20190119T211442Z,1J.TI1A.,"['CH1', 'CH2', 'CHZ']",2019-01-19T21:14:49.820000Z,28.08
1173,20190119T211616Z,1J.TI1A.,"['CH1', 'CH2', 'CHZ']",2019-01-19T21:16:17.010000Z,3.94
1174,20190119T211650Z,1J.TI1A.,"['CH1', 'CH2', 'CHZ']",2019-01-19T21:17:01.170000Z,2.34
1175,20190119T211734Z,1J.TI1A.,"['CH1', 'CH2', 'CHZ']",2019-01-19T21:17:34.340000Z,1.9
1176,20190119T211839Z,1J.TI1A.,"['CH1', 'CH2', 'CHZ']",2019-01-19T21:18:39.310000Z,1.57
1177,20190119T211858Z,1J.TI1A.,"['CH1', 'CH2', 'CHZ']",2019-01-19T21:18:58.250000Z,11.37
1178,20190119T212117Z,1J.TI1A.,"['CH1', 'CH2', 'CHZ']",2019-01-19T21:21:17.890000Z,1.73
1179,20190119T212231Z,1J.TI1A.,"['CH1', 'CH2', 'CHZ']",2019-01-19T21:22:31.750000Z,7.66
1180,20190119T212336Z,1J.TI1A.,"['CH1', 'CH2', 'CHZ']",2019-01-19T21:23:36.360000Z,2.95
1181,20190119T212435Z,1J.TI1A.,"['CH1', 'CH2', 'CHZ']",2019-01-19T21:24:35.440000Z,2.02
1182,20190119T212447Z,1J.TI1A.,"['CH1', 'CH2', 'CHZ']",2019-01-19T21:24:47.900000Z,2.03
1183,20190119T212511Z,1J.TI1A.,"['CH1', 'CH2', 'CHZ']",2019-01-19T21:25:12.340000Z,4.4
1184,20190119T212629Z,1J.TI1A.,"['CH1', 'CH2', 'CHZ']",2019-01-19T21:26:29.770000Z,19.99
1185,20190119T212707Z,1J.TI1A.,"['CH1', 'CH2', 'CHZ']",2019-01-19T21:27:08.170000Z,3.53
1186,20190119T212718Z,1J.TI1A.,"['CH1', 'CH2', 'CHZ']",2019-01-19T21:27:18.080000Z,4.78
1187,20190119T212827Z,1J.TI1A.,"['CH1', 'CH2', 'CHZ']",2019-01-19T21:28:27.760000Z,6.96
1188,20190119T212938Z,1J.TI1A.,"['CH1', 'CH2', 'CHZ']",2019-01-19T21:29:38.830000Z,5.08
1189,20190119T213006Z,1J.TI1A.,"['CH1', 'CH2', 'CHZ']",2019-01-19T21:30:06.480000Z,1.32
1190,20190119T213110Z,1J.TI1A.,"['CH1', 'CH2', 'CHZ']",2019-01-19T21:31:12.390000Z,2.5
1191,20190119T213135Z,1J.TI1A.,"['CH1', 'CH2', 'CHZ']",2019-01-19T21:31:35.690000Z,6.59
1192,20190119T213233Z,1J.TI1A.,"['CH1', 'CH2', 'CHZ']",2019-01-19T21:32:33.770000Z,10.3
1193,20190119T213309Z,1J.TI1A.,"['CH1', 'CH2', 'CHZ']",2019-01-19T21:33:09.480000Z,2.57
1194,20190119T213318Z,1J.TI1A.,"['CH1', 'CH2', 'CHZ']",2019-01-19T21:33:18.570000Z,1.62
1195,20190119T213522Z,1J.TI1A.,"['CH1', 'CH2', 'CHZ']",2019-01-19T21:35:22.160000Z,4.0
1196,20190119T213552Z,1J.TI1A.,"['CH1', 'CH2', 'CHZ']",2019-01-19T21:35:52.080000Z,2.69
1197,20190119T213620Z,1J.TI1A.,"['CH1', 'CH2', 'CHZ']",2019-01-19T21:36:20.320000Z,1.48
1198,20190119T213756Z,1J.TI1A.,"['CH1', 'CH2', 'CHZ']",2019-01-19T21:37:56.290000Z,15.39
1199,20190119T213902Z,1J.TI1A.,"['CH1', 'CH2', 'CHZ']",2019-01-19T21:39:02.680000Z,1.26
1200,20190119T213948Z,1J.TI1A.,"['CH1', 'CH2', 'CHZ']",2019-01-19T21:39:48.550000Z,3.28
1201,20190119T214014Z,1J.TI1A.,"['CH1', 'CH2', 'CHZ']",2019-01-19T21:40:15.530000Z,2.76
1202,20190119T214055Z,1J.TI1A.,"['CH1', 'CH2', 'CHZ']",2019-01-19T21:40:55.440000Z,2.34
1203,20190119T214105Z,1J.TI1A.,"['CH1', 'CH2', 'CHZ']",2019-01-19T21:41:05.520000Z,14.94
1204,20190119T214132Z,1J.TI1A.,"['CH1', 'CH2', 'CHZ']",2019-01-19T21:41:32.060000Z,2.69
1205,20190119T214201Z,1J.TI1A.,"['CH1', 'CH2', 'CHZ']",2019-01-19T21:42:02.010000Z,2.96
1206,20190119T214214Z,1J.TI1A.,"['CH1', 'CH2', 'CHZ']",2019-01-19T21:42:14.070000Z,17.44
1207,20190119T214356Z,1J.TI1A.,"['CH1', 'CH2', 'CHZ']",2019-01-19T21:43:56.920000Z,1.75
1208,20190119T214439Z,1J.TI1A.,"['CH1', 'CH2', 'CHZ']",2019-01-19T21:44:39.770000Z,3.0
1209,20190119T214520Z,1J.TI1A.,"['CH1', 'CH2', 'CHZ']",2019-01-19T21:45:22.660000Z,9.73
1210,20190119T214631Z,1J.TI1A.,"['CH1', 'CH2', 'CHZ']",2019-01-19T21:46:31.790000Z,1.85
1211,20190119T214722Z,1J.TI1A.,"['CH1', 'CH2', 'CHZ']",2019-01-19T21:47:22.890000Z,2.05
1212,20190119T214809Z,1J.TI1A.,"['CH1', 'CH2', 'CHZ']",2019-01-19T21:48:09.340000Z,2.47
1213,20190119T214835Z,1J.TI1A.,"['CH1', 'CH2', 'CHZ']",2019-01-19T21:48:35.940000Z,17.32
1214,20190119T214941Z,1J.TI1A.,"['CH1', 'CH2', 'CHZ']",2019-01-19T21:49:41.340000Z,1.59
1215,20190119T215013Z,1J.TI1A.,"['CH1', 'CH2', 'CHZ']",2019-01-19T21:50:13.400000Z,3.94
1216,20190119T215033Z,1J.TI1A.,"['CH1', 'CH2', 'CHZ']",2019-01-19T21:50:33.330000Z,1.26
1217,20190119T215105Z,1J.TI1A.,"['CH1', 'CH2', 'CHZ']",2019-01-19T21:51:06.400000Z,9.81
1218,20190119T215253Z,1J.TI1A.,"['CH1', 'CH2', 'CHZ']",2019-01-19T21:52:53.160000Z,2.97
1219,20190119T215334Z,1J.TI1A.,"['CH1', 'CH2', 'CHZ']",2019-01-19T21:53:34.600000Z,7.51
1220,20190119T215426Z,1J.TI1A.,"['CH1', 'CH2', 'CHZ']",2019-01-19T21:54:26.550000Z,6.54
1221,20190119T215536Z,1J.TI1A.,"['CH1', 'CH2', 'CHZ']",2019-01-19T21:55:36.520000Z,17.59
1222,20190119T215729Z,1J.TI1A.,"['CH1', 'CH2', 'CHZ']",2019-01-19T21:57:29.960000Z,1.82
1223,20190119T215833Z,1J.TI1A.,"['CH1', 'CH2', 'CHZ']",2019-01-19T21:58:33.530000Z,3.78
1224,20190119T215911Z,1J.TI1A.,"['CH1', 'CH2', 'CHZ']",2019-01-19T21:59:11.110000Z,3.21
1225,20190119T220102Z,1J.TI1A.,"['CH1', 'CH2', 'CHZ']",2019-01-19T22:01:02.230000Z,5.06
1226,20190119T220118Z,1J.TI1A.,"['CH1', 'CH2', 'CHZ']",2019-01-19T22:01:18.560000Z,2.49
1227,20190119T220127Z,1J.TI1A.,"['CH1', 'CH2', 'CHZ']",2019-01-19T22:01:27.030000Z,3.11
1228,20190119T220136Z,1J.TI1A.,"['CH1', 'CH2', 'CHZ']",2019-01-19T22:01:36.710000Z,11.84
1229,20190119T220227Z,1J.TI1A.,"['CH1', 'CH2', 'CHZ']",2019-01-19T22:02:27.860000Z,2.43
1230,20190119T220245Z,1J.TI1A.,"['CH1', 'CH2', 'CHZ']",2019-01-19T22:02:46.400000Z,3.19
1231,20190119T220352Z,1J.TI1A.,"['CH1', 'CH2', 'CHZ']",2019-01-19T22:03:52.970000Z,3.86
1232,20190119T220443Z,1J.TI1A.,"['CH1', 'CH2', 'CHZ']",2019-01-19T22:04:43.380000Z,3.16
1233,20190119T220454Z,1J.TI1A.,"['CH1', 'CH2', 'CHZ']",2019-01-19T22:04:54.050000Z,3.66
1234,20190119T220547Z,1J.TI1A.,"['CH1', 'CH2', 'CHZ']",2019-01-19T22:05:47.700000Z,4.83
1235,20190119T220611Z,1J.TI1A.,"['CH1', 'CH2', 'CHZ']",2019-01-19T22:06:11.110000Z,2.23
1236,20190119T220629Z,1J.TI1A.,"['CH1', 'CH2', 'CHZ']",2019-01-19T22:06:29.630000Z,19.2
1237,20190119T220748Z,1J.TI1A.,"['CH1', 'CH2', 'CHZ']",2019-01-19T22:07:48.250000Z,9.69
1238,20190119T220850Z,1J.TI1A.,"['CH1', 'CH2', 'CHZ']",2019-01-19T22:08:50.840000Z,3.03
1239,20190119T220959Z,1J.TI1A.,"['CH1', 'CH2', 'CHZ']",2019-01-19T22:09:59.700000Z,2.66
1240,20190119T221024Z,1J.TI1A.,"['CH1', 'CH2', 'CHZ']",2019-01-19T22:10:24.820000Z,15.61
1241,20190119T221127Z,1J.TI1A.,"['CH1', 'CH2', 'CHZ']",2019-01-19T22:11:29.920000Z,5.29
1242,20190119T221431Z,1J.TI1A.,"['CH1', 'CH2', 'CHZ']",2019-01-19T22:14:31.330000Z,5.09
1243,20190119T221455Z,1J.TI1A.,"['CH1', 'CH2', 'CHZ']",2019-01-19T22:14:55.060000Z,6.05
1244,20190119T221527Z,1J.TI1A.,"['CH1', 'CH2', 'CHZ']",2019-01-19T22:15:34.630000Z,5.81
1245,20190119T221606Z,1J.TI1A.,"['CH1', 'CH2', 'CHZ']",2019-01-19T22:16:06.270000Z,8.17
1246,20190119T221712Z,1J.TI1A.,"['CH1', 'CH2', 'CHZ']",2019-01-19T22:17:12.050000Z,1.8
1247,20190119T221732Z,1J.TI1A.,"['CH1', 'CH2', 'CHZ']",2019-01-19T22:17:32.140000Z,19.83
1248,20190119T221847Z,1J.TI1A.,"['CH1', 'CH2', 'CHZ']",2019-01-19T22:18:47.790000Z,8.37
1249,20190119T222145Z,1J.TI1A.,"['CH1', 'CH2', 'CHZ']",2019-01-19T22:21:45.650000Z,4.18
1250,20190119T222229Z,1J.TI1A.,"['CH1', 'CH2', 'CHZ']",2019-01-19T22:22:29.820000Z,2.61
1251,20190119T222312Z,1J.TI1A.,"['CH1', 'CH2', 'CHZ']",2019-01-19T22:23:15.280000Z,35.03
1252,20190119T222456Z,1J.TI1A.,"['CH1', 'CH2', 'CHZ']",2019-01-19T22:24:56.180000Z,1.58
1253,20190119T222626Z,1J.TI1A.,"['CH1', 'CH2', 'CHZ']",2019-01-19T22:26:26.720000Z,2.47
1254,20190119T223000Z,1J.TI1A.,"['CH1', 'CH2', 'CHZ']",2019-01-19T22:30:00.350000Z,6.98
1255,20190119T223043Z,1J.TI1A.,"['CH1', 'CH2', 'CHZ']",2019-01-19T22:30:43.010000Z,8.79
1256,20190119T223131Z,1J.TI1A.,"['CH1', 'CH2', 'CHZ']",2019-01-19T22:31:31.320000Z,2.18
1257,20190119T223232Z,1J.TI1A.,"['CH1', 'CH2', 'CHZ']",2019-01-19T22:32:32.380000Z,5.9
1258,20190119T223547Z,1J.TI1A.,"['CH1', 'CH2', 'CHZ']",2019-01-19T22:35:47.410000Z,4.03
1259,20190119T223624Z,1J.TI1A.,"['CH1', 'CH2', 'CHZ']",2019-01-19T22:36:28.550000Z,12.72
1260,20190119T223814Z,1J.TI1A.,"['CH1', 'CH2', 'CHZ']",2019-01-19T22:38:14.760000Z,1.93
1261,20190119T224057Z,1J.TI1A.,"['CH1', 'CH2', 'CHZ']",2019-01-19T22:40:57.210000Z,8.11
1262,20190119T224200Z,1J.TI1A.,"['CH1', 'CH2', 'CHZ']",2019-01-19T22:42:00.100000Z,5.52
1263,20190119T224346Z,1J.TI1A.,"['CH1', 'CH2', 'CHZ']",2019-01-19T22:43:46.690000Z,1.8
1264,20190119T224731Z,1J.TI1A.,"['CH1', 'CH2', 'CHZ']",2019-01-19T22:47:31.910000Z,19.34
1265,20190119T224941Z,1J.TI1A.,"['CH1', 'CH2', 'CHZ']",2019-01-19T22:49:41.850000Z,8.49
1266,20190119T225007Z,1J.TI1A.,"['CH1', 'CH2', 'CHZ']",2019-01-19T22:50:07.190000Z,3.89
1267,20190119T225021Z,1J.TI1A.,"['CH1', 'CH2', 'CHZ']",2019-01-19T22:50:21.930000Z,4.23
1268,20190119T225036Z,1J.TI1A.,"['CH1', 'CH2', 'CHZ']",2019-01-19T22:50:37.180000Z,12.18
1269,20190119T225122Z,1J.TI1A.,"['CH1', 'CH2', 'CHZ']",2019-01-19T22:51:22.590000Z,2.21
1270,20190119T225627Z,1J.TI1A.,"['CH1', 'CH2', 'CHZ']",2019-01-19T22:56:27.520000Z,3.87
1271,20190119T225654Z,1J.TI1A.,"['CH1', 'CH2', 'CHZ']",2019-01-19T22:56:54.810000Z,8.66
1272,20190119T225900Z,1J.TI1A.,"['CH1', 'CH2', 'CHZ']",2019-01-19T22:59:05.080000Z,7.52
1273,20190119T225941Z,1J.TI1A.,"['CH1', 'CH2', 'CHZ']",2019-01-19T22:59:41.100000Z,35.22
1274,20190119T230302Z,1J.TI1A.,"['CH1', 'CH2', 'CHZ']",2019-01-19T23:03:03.860000Z,44.19
1275,20190119T230703Z,1J.TI1A.,"['CH1', 'CH2', 'CHZ']",2019-01-19T23:07:03.630000Z,9.23
1276,20190119T230935Z,1J.TI1A.,"['CH1', 'CH2', 'CHZ']",2019-01-19T23:09:35.110000Z,10.8
1277,20190119T231058Z,1J.TI1A.,"['CH1', 'CH2', 'CHZ']",2019-01-19T23:10:58.490000Z,3.17
1278,20190119T231123Z,1J.TI1A.,"['CH1', 'CH2', 'CHZ']",2019-01-19T23:11:23.680000Z,2.62
1279,20190119T231500Z,1J.TI1A.,"['CH1', 'CH2', 'CHZ']",2019-01-19T23:15:00.100000Z,9.69
1280,20190119T231651Z,1J.TI1A.,"['CH1', 'CH2', 'CHZ']",2019-01-19T23:16:51.270000Z,5.75
1281,20190119T231714Z,1J.TI1A.,"['CH1', 'CH2', 'CHZ']",2019-01-19T23:17:14.440000Z,3.69
1282,20190119T232357Z,1J.TI1A.,"['CH1', 'CH2', 'CHZ']",2019-01-19T23:23:57.950000Z,4.19
1283,20190119T232931Z,1J.TI1A.,"['CH1', 'CH2', 'CHZ']",2019-01-19T23:29:31.250000Z,24.86
1284,20190119T233105Z,1J.TI1A.,"['CH1', 'CH2', 'CHZ']",2019-01-19T23:31:05.700000Z,8.94
1285,20190119T233333Z,1J.TI1A.,"['CH1', 'CH2', 'CHZ']",2019-01-19T23:33:33.170000Z,15.54
1286,20190119T233543Z,1J.TI1A.,"['CH1', 'CH2', 'CHZ']",2019-01-19T23:35:43.000000Z,18.41
1287,20190119T233619Z,1J.TI1A.,"['CH1', 'CH2', 'CHZ']",2019-01-19T23:36:19.530000Z,34.6
1288,20190119T233910Z,1J.TI1A.,"['CH1', 'CH2', 'CHZ']",2019-01-19T23:39:10.870000Z,3.99
1289,20190119T234244Z,1J.TI1A.,"['CH1', 'CH2', 'CHZ']",2019-01-19T23:42:44.820000Z,12.63
1290,20190119T234830Z,1J.TI1A.,"['CH1', 'CH2', 'CHZ']",2019-01-19T23:48:30.660000Z,11.85
1291,20190119T235143Z,1J.TI1A.,"['CH1', 'CH2', 'CHZ']",2019-01-19T23:51:47.360000Z,16.74
